,Player Details,Player Details,Player Details,Player Details,Player Details,Splits,Splits,Splits,Passing,Passing,Passing,Passing,Passing,Passing,Passing,Passing,Passing,Passing,Passing,Passing,Passing,Passing,Passing,Passing,Passing,Rushing,Rushing,Rushing,Rushing,Rushing,Rushing,Advanced,Advanced,Advanced,Advanced,Advanced,Advanced,Advanced,Advanced,Advanced,Advanced,Advanced,Advanced,Advanced,Advanced,Advanced,Advanced,Advanced,Advanced,Advanced,Advanced,Advanced,Advanced,Advanced,Advanced,Advanced,Advanced,Advanced,Advanced,Advanced,Advanced,Advanced,Advanced,Advanced,Advanced,Advanced,Advanced,Advanced,Advanced,Advanced,FP,FP,FP,FP,FP,FP,FP,FP,FP
Season,Rank,Name,Team,POS,G,WEEK,OPP,DB %,SNAP %,DB,ATT,CMP,CMP %,YDS,YPA,TD,XTD,INT,1D,RATE,ANY/A,SUCC %,SACK,SACK %,SK YDS,SCR,SCR YDS,SCR TD,ATT,YDS,TD,CPOE,ADJ CMP %,ADOT,AYDS,DEEP %,EZATT,YAC %,1ST RD %,ACC %,CATCH %,OFF TGT %,HERO %,TWT %,DROP %,DROP YDS,TTT,TTP,TTSK,TTSC,QBSK,PRESS %,QK PRES %,P2S %,PRES O/E,RB TGT %,WR TGT %,TE TGT %,WIDE TGT %,SLOT TGT %,INLINE TGT %,BACK TGT %,CKD %,RPO %,TA,BPA,SPK,EPA,EPA/DB,EPA/P,FP/DB,FP/OPP,FP,XFP,FP/G,XFP/G,DIFF,PASS FP,RUSH FP
2022,,League Avg,,,,,,,86.86419354838714,32.6,29.06774193548387,18.670967741935485,64.2,204.24354838709678,7.03,1.2,1.2113064516129022,0.667741935483871,9.785483870967742,86.88225806451622,5.92,48.4,2.07741935483871,6.4,13.754838709677419,1.4548387096774194,10.824193548387097,0.04516129032258064,3.696774193548387,16.5,0.15806451612903225,1.1,74.9,8.1,217.2225806451613,11,1.6403225806451613,48.5,65.6,50.1,75.4,16.2,4.2,3.4,4.8,11.182258064516128,2.5638548387096756,2.426129032258061,2.923048387096774,2.873064516129032,0.535483870967742,32.1,17.5,19.8,1.2,19.1,59.7,21.1,41.8,30.8,11.1,16.2,8.5,3.7,1.2483870967741935,0.6419354838709678,0.09838709677419355,0.5046774193548362,0.015,0.015,0.42,0.44,14.886612903225814,15.656129032258049,14.884096774193539,15.65472580645162,-0.7706290322580641,12.430322580645145,2.433870967741937
2022,1,Joe Burrow,CIN,QB,1,7,ATL,6.6765578635014835,100,45,42,34,81,481,11.45,3,3.17,0,22,138.2,11.53,76.2,3,6.7,22,0,0,0,3,20,1,13.8,85,9.38,375,7.1,0,34.9,71.4,50,88.1,4.8,7.1,0,0,0,2.18,2,3.17,0,0,24.4,17.8,27.3,-1.4,12.5,65,22.5,47.5,40,5,7.5,4.8,4.4,1,1,0,27,0.601,0.636,0.69,0.83,39.2,36.3,39.24,36.3,2.94,31.2,8
2022,2,Tua Tagovailoa,MIA,QB,1,2,BLT,11.832946635730858,100,51,50,36,72,469,9.38,6,4.59,2,22,124.1,9.63,56,1,2,8,0,0,0,1,1,0,4,78,7.68,384,10,5,48.8,68,54,92,8,6,2,6,17,2.4,2.21,3,0,0,15.7,9.8,12.5,-15.1,16,74,10,54,30,8,8,16,9.8,0,0,0,26.9,0.527,0.541,0.8,0.79,40.9,35.9,40.86,35.88,4.98,40.8,0.1
2022,3,Kirk Cousins,MIN,QB,1,15,IND,8.84450784593438,98.8,62,54,34,63,460,8.52,4,2.72,2,22,99.3,6.82,57.4,7,11.3,34,1,1,0,2,0,0,-6.3,66.7,8.88,453,11.1,5,61.5,70.4,46.3,75.9,16.7,1.9,1.9,0,0,2.58,2.37,3.67,4.4,3,33.9,17.7,33.3,3.8,9.8,72.5,17.6,51,35.3,9.8,3.9,1.9,4.8,1,2,0,3.1,0.05,0.05,0.52,0.52,34.4,26.4,34.4,26.39,8.01,34.4,0
2022,4,Patrick Mahomes,KC,QB,1,9,TEN,10.833333333333334,100,78,68,43,63.2,446,6.56,1,1.49,1,23,80.9,5.51,51.5,4,5.1,24,6,63,1,6,63,1,8.9,85,6.95,417,7.4,2,49.6,47.1,48.5,76.5,10.3,2.9,1.5,11.8,33,2.69,2.58,3.45,5.17,3,38.5,17.9,13.3,6.7,20,48.3,31.7,26.7,45,6.7,21.7,10.3,1.3,4,2,0,9.2,0.118,0.118,0.42,0.42,35.1,31,35.14,30.99,4.15,20.8,14.3
2022,5,Tom Brady,TB,QB,1,17,CAR,6.324110671936759,100,48,45,34,75.6,432,9.6,3,1.36,0,17,127.3,9.81,60,3,6.3,21,0,0,0,3,4,1,9.6,85.7,8.05,338,8.9,2,44.7,80,51.1,82.2,11.1,6.7,0,4.4,7,2.31,2.38,3.57,0,1,20.8,12.5,30,-7.2,21.4,61.9,16.7,47.6,26.2,7.1,19,4.4,0,3,0,0,12.1,0.252,0.301,0.61,0.7,37.7,26.2,37.68,26.16,11.52,31.3,6.4
2022,6,Kirk Cousins,MIN,QB,1,14,DET,6.276747503566334,100,44,41,31,75.6,425,10.37,2,1.18,0,18,124.5,9.98,65.9,3,6.8,26,0,0,0,0,0,0,11.6,80,11.68,467,17.1,2,31.1,85.4,61,82.9,12.2,9.8,0,2.4,9,2.63,2.28,2.9,0,0,40.9,27.3,16.7,7.9,7.5,72.5,20,40,40,12.5,7.5,4.9,0,1,0,0,22.3,0.508,0.508,0.57,0.57,25,20.1,25,20.15,4.85,25,0
2022,7,Josh Allen,BUF,QB,1,5,PIT,5.22273425499232,85.2,34,31,20,64.5,424,13.68,4,3.36,1,15,134.1,14.81,54.8,0,0,0,3,42,0,5,42,0,8.6,72.4,14.45,419,25.8,4,50.2,74.2,45.2,67.7,25.8,12.9,6.5,3.2,22,2.47,2.57,0,2.87,0,8.8,2.9,0,-21,3.4,82.8,13.8,55.2,37.9,3.4,3.4,3.2,23.5,0,2,0,21.4,0.628,0.589,1.06,1.03,36.2,29.3,36.16,29.3,6.86,32,4.2
2022,8,Patrick Mahomes,KC,QB,1,7,SF,4.861111111111112,89.7,35,34,25,73.5,423,12.44,3,1.76,1,19,132.4,12.34,67.6,1,2.9,6,0,0,0,0,0,0,16.1,89.7,8.79,255,5.9,1,48.7,76.5,55.9,76.5,8.8,8.8,5.9,2.9,2,2.33,2.47,3.3,0,0,25.7,14.3,11.1,-3.8,10.3,58.6,31,44.8,41.4,6.9,6.9,2.9,2.9,3,1,0,29.8,0.852,0.852,0.8,0.8,27.9,19.3,27.92,19.31,8.61,27.9,0
2022,9,Josh Allen,BUF,QB,1,3,MIA,10.906298003072196,100,71,63,42,66.7,400,6.35,2,2.26,0,21,94.7,6.3,60.3,4,5.6,18,4,41,0,8,47,0,0.9,78.6,5.89,330,6.3,3,56.3,60.3,61.9,74.6,14.3,3.2,4.8,3.2,-7,2.57,2.13,4.13,2.9,0,39.4,28.2,14.3,8.9,33.9,55.4,10.7,37.5,30.4,5.4,26.8,15.9,1.4,5,1,1,12.4,0.175,0.146,0.4,0.39,27.7,30.8,27.7,30.78,-3.08,24,3.7
2022,10,Matt Ryan,IND,QB,1,6,JAX,11.394891944990176,100,58,58,42,72.4,389,6.71,3,2.03,0,22,107.6,7.74,51.7,0,0,0,0,0,0,1,-4,0,3.1,79.6,6.37,344,5.2,4,53.5,50,46.6,82.8,10.3,1.7,0,1.7,5,2.18,1.84,0,0,0,25.9,22.4,0,-1.9,24.1,63,13,38.9,33.3,3.7,24.1,15.5,8.6,1,3,0,17.7,0.304,0.286,0.48,0.46,27.2,23.8,27.16,23.82,3.34,27.6,-0.4
2022,11,Tom Brady,TB,QB,1,4,KC,6.982872200263504,100,53,52,39,75,385,7.4,3,1.88,0,23,114.7,8.17,61.5,1,1.9,12,0,0,0,0,0,0,1.4,78,6.66,333,7.7,4,57.4,78.8,75,82.7,13.5,3.8,0,0,0,2.15,1.87,2.2,0,0,13.2,13.2,14.3,-13.4,24,54,22,34,34,10,22,7.7,0,0,0,0,9.5,0.179,0.179,0.52,0.52,26.4,20.1,26.4,20.12,6.28,27.4,-1
2022,12,Tua Tagovailoa,MIA,QB,1,8,DET,9.280742459396752,100,40,36,29,80.6,382,10.61,3,2.46,0,18,138.7,11.29,61.1,2,5,13,2,21,0,5,19,0,27,93.9,11.97,395,13.9,2,19.1,63.9,61.1,86.1,5.6,5.6,0,5.6,46,2.38,2.17,2.85,4,0,25,15,20,-3.1,6.1,81.8,12.1,54.5,30.3,6.1,9.1,0,10,2,1,0,21.1,0.528,0.528,0.73,0.73,29.2,26.6,29.18,26.61,2.57,27.3,1.9
2022,13,Mac Jones,NE,QB,1,12,MIN,8.46774193548387,100,42,39,28,71.8,382,9.79,2,1.37,0,14,119.8,9.62,56.4,3,7.1,18,0,0,0,0,0,0,12.4,85.7,8.37,293,15.4,2,49,71.8,59,84.6,5.1,7.7,0,5.1,2,2.41,2.52,3.77,0,1,31,21.4,23.1,1.6,28.6,57.1,14.3,34.3,42.9,8.6,14.3,10.3,4.8,3,0,1,5.8,0.138,0.138,0.55,0.57,23.3,18.1,23.28,18.12,5.16,23.3,0
2022,14,Jalen Hurts,PHI,QB,1,13,TEN,7.578558225508318,86.6,41,39,29,74.4,380,9.74,3,2.7,0,15,130.3,10.61,66.7,2,4.9,5,0,0,0,5,12,1,15.3,85.7,9.91,347,17.9,1,48.2,76.9,66.7,84.6,5.1,5.1,0,2.6,8,2.62,2.75,5.25,0,0,19.5,7.3,25,-14.1,17.1,71.4,11.4,45.7,34.3,2.9,17.1,10.3,7.3,3,1,0,18.4,0.448,0.504,0.66,0.75,34.4,33.6,34.4,33.57,0.83,27.2,7.2
2022,15,Jared Goff,DET,QB,1,4,SEA,6.5600000000000005,98.5,41,39,26,66.7,378,9.69,4,2.85,1,18,121.5,10.1,59,1,2.4,9,1,1,0,1,1,0,6.4,75.7,10.53,400,10.3,4,46.3,79.5,66.7,76.9,17.9,0,7.7,5.1,19,2.52,2.37,2.7,3.3,0,26.8,17.1,9.1,-5.1,15.8,52.6,31.6,42.1,26.3,15.8,15.8,2.6,2.4,1,0,0,7.7,0.189,0.189,0.74,0.74,34.2,23.6,34.22,23.63,10.59,32.1,2.1
2022,16,Joe Burrow,CIN,QB,1,16,NE,8.160237388724036,100,55,52,40,76.9,375,7.21,3,7.01,2,18,99.4,6.28,61.5,2,3.6,6,1,5,0,4,5,0,13.9,89.8,7.18,352,11.5,6,42.7,71.2,50,88.5,3.8,11.5,1.9,7.7,71,2.4,2.62,2.95,4.2,0,18.2,9.1,20,-11.6,26.5,57.1,16.3,36.7,24.5,18.4,20.4,0,7.3,3,0,0,8.1,0.148,0.144,0.46,0.45,25.5,53.5,25.5,53.51,-28.01,25,0.5
2022,17,Mike White,NYJ,QB,1,13,MIN,31.891891891891895,100,59,57,31,54.4,369,6.47,0,2.58,2,15,59.8,4.76,36.8,1,1.7,3,1,4,0,3,7,1,-8.1,63.5,8.67,451,10.5,4,60.4,70.2,45.6,73.7,12.3,5.3,3.5,3.5,9,2.46,2.44,3.3,4.7,0,20.3,6.8,8.3,-11,23.1,63.5,13.5,34.6,34.6,13.5,17.3,17.5,0,2,2,0,-7.9,-0.134,-0.079,0.22,0.32,19.5,31.4,19.46,31.4,-11.94,12.8,6.7
2022,18,Trevor Lawrence,JAX,QB,1,14,TEN,6.771653543307086,100,43,42,30,71.4,368,8.76,3,3.72,0,18,121.9,10.19,54.8,0,0,0,1,7,0,3,7,1,12.8,86.8,7.79,296,14.3,4,51.6,69,59.5,83.3,7.1,4.8,2.4,7.1,71,2.5,2.31,0,1.8,0,41.9,25.6,0,9.4,0,57.9,42.1,50,31.6,18.4,0,0,4.7,0,3,0,18.4,0.428,0.44,0.64,0.76,33.4,34.2,33.42,34.21,-0.79,26.7,6.7
2022,19,Geno Smith,SEA,QB,1,13,LA,6.7588325652841785,100,44,39,28,71.8,367,9.41,3,2.31,1,18,116.1,8.44,64.1,4,9.1,19,1,4,0,2,3,0,10.3,82.9,7.94,278,5.1,4,41.4,66.7,61.5,79.5,10.3,5.1,2.6,2.6,-9,2.91,2.34,4.2,4.4,2,54.5,31.8,16.7,18.8,14.3,62.9,22.9,40,31.4,11.4,17.1,7.7,0,2,0,0,10.4,0.236,0.236,0.59,0.59,25,22.3,24.98,22.3,2.68,25.7,-0.7
2022,20,Justin Herbert,LAC,QB,1,14,MIA,7.378129117259552,100,56,51,39,76.5,367,7.2,1,2.37,0,16,102.3,6.73,43.1,4,7.1,17,1,10,0,4,8,0,10.4,88.9,5.74,264,7.8,3,56.9,60.8,56.9,80.4,9.8,3.9,0,2,3,2.61,2.21,4,3.4,3,48.2,35.7,14.8,16.2,21.7,58.7,19.6,41.3,26.1,10.9,21.7,7.8,0,4,1,0,3.3,0.059,0.04,0.35,0.34,19.5,27.3,19.48,27.26,-7.78,18.7,0.8
2022,21,Jarrett Stidham,LV,QB,1,17,SF,37.62376237623762,100,38,34,23,67.6,365,10.74,3,2.46,2,15,108.1,9.85,50,0,0,0,4,29,0,7,34,0,9.9,79.3,10.93,317,20.6,1,40.5,58.8,35.3,70.6,14.7,2.9,0,0,0,3.04,2.91,0,3.83,0,44.7,10.5,0,6.7,17.2,55.2,27.6,48.3,24.1,13.8,13.8,2.9,2.6,2,1,0,8.8,0.231,0.197,0.72,0.68,28,25.3,28,25.33,2.67,24.6,3.4
2022,22,Andy Dalton,NO,QB,1,7,ARZ,12.077294685990339,98.6,50,47,30,63.8,361,7.68,4,2.62,3,15,89.1,6.51,53.2,0,0,0,3,22,0,4,21,0,3.9,77.5,8.72,349,12.8,3,54,48.9,53.2,76.6,6.4,6.4,2.1,2.1,4,2.38,2.25,0,3.67,0,26,20,0,-3.2,25,60,15,50,20,7.5,22.5,21.3,0,4,1,0,0.4,0.008,0.008,0.59,0.59,29.5,26.7,29.54,26.67,2.87,27.4,2.1
2022,23,Patrick Mahomes,KC,QB,1,1,ARZ,5.694444444444445,92.4,41,39,30,76.9,360,9.23,5,6.37,0,22,144.2,11.79,74.4,0,0,0,2,5,0,3,5,0,8.9,82.1,7.9,308,7.7,5,56.1,82.1,46.2,84.6,15.4,2.6,2.6,5.1,21,2.34,2.31,0,6.2,0,34.1,26.8,0,5.1,17.9,51.3,30.8,46.2,33.3,2.6,17.9,2.6,7.3,0,0,0,28.6,0.698,0.668,0.85,0.83,34.9,40.6,34.9,40.59,-5.69,34.4,0.5
2022,24,Carson Wentz,WAS,QB,1,5,TEN,13.694267515923567,100,43,38,25,65.8,359,9.45,2,1.99,1,11,102.9,8.22,50,3,7,17,2,13,0,5,15,0,1.7,74.3,9.4,329,13.2,2,44,55.3,60.5,84.2,7.9,13.2,2.6,2.6,3,2.41,2.02,3.4,3.9,1,18.6,16.3,37.5,-9.3,31.4,54.3,14.3,37.1,37.1,2.9,22.9,18.4,2.3,1,2,0,1.2,0.027,-0.022,0.53,0.51,22.9,25,22.86,25.03,-2.17,21.4,1.5
2022,25,Kirk Cousins,MIN,QB,1,10,BUF,7.988587731811697,100,56,50,30,60,357,7.14,1,2.17,2,14,71.8,4.89,42,4,7.1,23,2,16,0,6,12,0,-4.2,66,9.57,450,14,3,33.9,68,46,70,24,8,6,2,6,2.72,2.46,3.75,4.8,1,42.9,21.4,16.7,9.9,12.8,66,21.3,40.4,34,17,8.5,4,7.1,1,2,0,5.7,0.101,-0.01,0.32,0.3,17.5,27.6,17.48,27.59,-10.11,16.3,1.2
2022,26,Matt Ryan,IND,QB,1,4,TEN,8.055009823182711,100,41,37,27,73,356,9.62,2,0.95,1,17,109.7,8.05,59.5,3,7.3,29,1,2,0,2,-4,0,3.9,80,6.71,235,5.4,2,41.9,64.9,40.5,75.7,18.9,0,0,2.7,8,2.58,2.29,3.2,3.1,0,26.8,19.5,27.3,-4.4,11.4,57.1,31.4,40,22.9,25.7,11.4,10.8,2.4,0,2,0,8.4,0.206,0.169,0.52,0.5,19.8,16.3,19.84,16.27,3.57,21.2,-1.4
2022,27,Jared Goff,DET,QB,1,16,CAR,7.359999999999999,100,46,42,25,59.5,355,8.45,3,2.87,0,15,110.7,9,45.2,2,4.3,19,2,15,0,3,15,0,2.6,73.5,9.5,323,9.5,5,37.7,66.7,40.5,64.3,16.7,4.8,0,0,0,2.64,2.61,3.3,4.35,0,30.4,19.6,14.3,-2.1,17.6,58.8,23.5,26.5,38.2,14.7,20.6,2.4,2.2,4,4,0,13.7,0.298,0.175,0.6,0.59,26.7,24.5,26.7,24.46,2.24,26.2,0.5
2022,28,Gardner Minshew,PHI,QB,1,16,DAL,50,100,42,40,24,60,355,8.88,2,2.11,2,19,84.9,7.63,57.5,0,0,0,2,4,0,4,5,1,6,72.7,11.48,379,12.5,3,28.7,62.5,37.5,65,17.5,0,2.5,0,0,2.75,2.48,0,4.8,0,40.5,21.4,0,4.8,15.2,75.8,9.1,48.5,33.3,6.1,12.1,10,7.1,5,1,1,15.4,0.368,0.267,0.49,0.62,25.7,27.7,25.7,27.65,-1.95,20.2,5.5
2022,29,Joe Burrow,CIN,QB,1,11,PIT,6.231454005934718,100,42,39,24,61.5,355,9.1,4,1.88,2,18,104.1,8.2,59,2,4.8,9,1,2,0,4,5,0,8.5,80,8.43,253,5.1,1,50.4,59,46.2,64.1,10.3,5.1,0,0,0,2.52,2.37,3.15,4.1,2,40.5,31,11.8,9.4,23.3,66.7,10,43.3,33.3,6.7,16.7,10.3,2.4,4,5,0,12.3,0.293,0.299,0.68,0.67,28.7,19,28.7,18.96,9.74,28.2,0.5
2022,30,Zach Wilson,NYJ,QB,1,8,NE,15.467625899280577,100,43,41,20,48.8,355,8.66,2,1.59,3,15,64.6,5.6,43.9,2,4.7,19,0,0,0,1,2,0,-6.6,62.5,10.19,326,12.2,5,56.3,36.6,43.9,48.8,29.3,2.4,7.3,0,0,3.28,2.86,3.65,0,0,34.9,14,13.3,-9.6,28.1,37.5,34.4,28.1,34.4,12.5,25,14.6,4.7,7,2,0,-2.3,-0.054,-0.063,0.45,0.44,19.4,15.5,19.4,15.51,3.89,19.2,0.2
2022,31,Jameis Winston,NO,QB,1,3,CAR,32.55813953488372,100,42,41,25,61,353,8.61,1,0.85,2,14,76.6,6.48,53.7,1,2.4,11,0,0,0,2,5,0,1.5,69.4,12.5,450,14.6,3,26.6,63.4,36.6,65.9,19.5,7.3,4.9,0,0,2.45,2.03,2.4,0,0,28.6,21.4,8.3,-3,16.7,75,8.3,44.4,38.9,2.8,13.9,17.1,0,3,2,0,7.9,0.189,0.14,0.38,0.38,16.6,17.3,16.62,17.3,-0.68,16.1,0.5
2022,32,Matt Ryan,IND,QB,1,1,HST,10.609037328094303,100,54,50,32,64,352,7.04,1,1.95,1,20,83.1,6.06,48,2,3.7,12,2,12,0,4,12,0,-0.9,73.9,7.28,335,2,3,50.9,64,54,74,18,0,2,4,20,2.35,2.2,3.2,4.05,0,13,11.1,28.6,-15.4,23.9,58.7,17.4,50,21.7,8.7,19.6,8,5.6,1,3,0,4.6,0.085,-0.025,0.34,0.33,17.3,24.5,17.28,24.46,-7.18,17.1,0.2
2022,33,Patrick Mahomes,KC,QB,1,14,DEN,6.111111111111111,100,44,42,28,66.7,352,8.38,3,4.22,3,15,86.6,6.07,52.4,2,4.5,10,0,0,0,3,-3,0,-3.5,71.4,7.31,307,7.1,2,76.4,73.8,52.4,78.6,21.4,2.4,7.1,4.8,21,2.6,2.41,3.15,0,0,34.1,18.2,13.3,0.8,28.6,42.9,28.6,35.7,21.4,16.7,26.2,7.1,11.4,0,0,0,5.8,0.131,0.131,0.52,0.52,22.8,30.5,22.78,30.45,-7.67,23.1,-0.3
2022,34,Tom Brady,TB,QB,1,5,ATL,6.851119894598155,100,52,52,35,67.3,351,6.75,1,2.99,0,17,92.7,7.13,55.8,0,0,0,0,0,0,3,-3,0,6.5,81.6,7.33,359,13.5,1,49.6,55.8,51.9,84.6,7.7,5.8,1.9,9.6,-1,2.17,2.06,0,0,0,17.3,15.4,0,-10.3,28.6,55.1,16.3,34.7,32.7,6.1,26.5,21.2,5.8,3,0,0,13,0.25,0.25,0.35,0.34,19.7,28.8,19.74,28.8,-9.06,20,-0.3
2022,35,Dak Prescott,DAL,QB,1,16,PHI,10.256410256410255,100,44,35,27,77.1,347,9.91,3,2.65,1,18,124.3,7.78,60,6,13.6,43,3,27,0,6,41,0,10.4,85.3,7.82,266,8.6,4,38.3,62.9,65.7,94.3,2.9,8.6,5.7,5.7,14,2.64,2.53,3.92,4.53,3,43.2,20.5,31.6,14.9,23.5,61.8,14.7,29.4,41.2,8.8,20.6,14.3,2.3,1,0,0,7.7,0.176,0.202,0.63,0.64,29,26.6,28.98,26.56,2.42,24.9,4.1
2022,36,Sam Darnold,CAR,QB,1,17,TB,25.78616352201258,100,41,37,23,62.2,341,9.22,3,2.89,1,15,108.1,8.74,51.4,2,4.9,15,2,20,0,5,20,0,9.2,79.3,10.34,300,21.6,3,40.2,54.1,45.9,62.2,16.2,10.8,5.4,0,0,2.92,3.3,3.6,4.15,1,29.3,7.3,16.7,-7.5,13.8,62.1,24.1,41.4,31,13.8,13.8,5.4,4.9,4,2,2,9.2,0.225,0.033,0.65,0.63,24.6,26.7,24.64,26.74,-2.1,24.6,0
2022,37,Daniel Jones,NYG,QB,1,11,DET,8.421052631578947,100,48,44,27,61.4,341,7.75,1,0.19,2,17,74.1,5.52,52.3,2,4.2,17,2,7,0,7,50,1,6.7,78.4,8.89,329,11.4,0,39.3,45.5,54.5,70.5,13.6,2.3,4.5,4.5,6,2.97,2.28,6.15,4.2,0,37.5,22.9,11.1,-0.3,10.8,81.1,8.1,45.9,40.5,2.7,10.8,6.8,2.1,5,1,0,-0.6,-0.013,0.119,0.34,0.5,26.6,19.5,26.64,19.51,7.13,15.6,11
2022,38,Russell Wilson,DEN,QB,1,1,SEA,7.950530035335689,100,45,42,29,69,340,8.1,1,2.06,0,13,101.3,7.95,47.6,2,4.4,10,1,2,0,1,2,0,2.8,77.5,7.47,299,14.3,5,69.1,54.8,57.1,81,14.3,4.8,4.8,4.8,9,2.63,2.44,4.45,2.2,1,26.7,17.8,16.7,-6.4,37.5,37.5,25,22.5,25,15,37.5,9.5,0,0,2,0,14.7,0.327,0.327,0.4,0.4,17.8,20.3,17.8,20.33,-2.53,17.6,0.2
2022,39,Jared Goff,DET,QB,1,13,JAX,6.88,97.3,43,41,31,75.6,340,8.29,2,2.78,0,21,115.9,8.77,73.2,2,4.7,3,0,0,0,0,0,0,3.8,82.1,5.77,225,4.9,1,47.9,58.5,56.1,90.2,4.9,2.4,2.4,2.4,1,2.59,2.83,5.4,0,1,20.9,7,22.2,-12.1,28.2,64.1,7.7,30.8,38.5,7.7,23.1,0,7,2,0,0,21.6,0.503,0.503,0.5,0.5,21.6,24.2,21.6,24.21,-2.61,21.6,0
2022,40,Justin Herbert,LAC,QB,1,4,HST,5.270092226613966,100,40,39,27,69.2,340,8.72,2,3.13,0,15,113.2,9.45,46.2,1,2.5,2,0,0,0,4,-5,0,0.1,73.7,7.32,278,10.3,3,47.4,51.3,51.3,76.9,20.5,5.1,2.6,2.6,9,2.69,2.69,3.9,0,0,25,12.5,10,-10.7,36.8,44.7,18.4,39.5,26.3,5.3,28.9,17.9,2.5,1,0,0,16.7,0.418,0.418,0.54,0.53,21.1,25.9,21.1,25.94,-4.84,21.6,-0.5
2022,41,Jalen Hurts,PHI,QB,1,3,WAS,7.578558225508318,100,41,35,22,62.9,340,9.71,3,2.1,0,16,123.5,10.21,48.6,3,7.3,12,3,13,0,9,20,0,-2.8,66.7,11.85,391,22.9,4,49.7,74.3,51.4,65.7,20,8.6,0,0,0,2.59,2.32,3.2,3.53,1,22,7.3,33.3,-7.7,3,75.8,21.2,57.6,15.2,24.2,3,0,7.3,1,1,0,15,0.366,0.294,0.66,0.61,27.6,26.6,27.6,26.59,1.01,25.6,2
2022,42,Patrick Mahomes,KC,QB,1,6,BUF,6.527777777777779,100,47,40,25,62.5,338,8.45,2,0.85,2,16,85.2,6.26,45,3,6.4,19,4,21,0,4,21,0,0.1,75.8,6.36,210,5,3,62.7,47.5,52.5,67.5,15,2.5,5,0,0,2.83,2.92,3.2,5.72,0,40.4,12.8,15.8,7.3,18.2,45.5,36.4,33.3,30.3,15.2,21.2,7.5,8.5,4,2,0,6.7,0.142,0.142,0.46,0.46,21.6,15.9,21.62,15.89,5.73,19.5,2.1
2022,43,Joe Burrow,CIN,QB,1,1,PIT,9.643916913946587,100,65,53,33,62.3,338,6.38,2,2.49,4,22,61.7,2.65,50.9,7,10.8,39,5,45,0,6,47,0,-2.3,71.4,8,392,9.4,10,55.6,62.3,50.9,69.8,20.8,0,7.5,3.8,21,2.44,2.04,3,3.12,0,27.7,23.1,38.9,1.5,26.5,59.2,14.3,42.9,26.5,8.2,22.4,9.4,3.1,0,3,0,-15.1,-0.233,-0.236,0.34,0.34,23.2,27.5,23.22,27.46,-4.24,19.5,3.7
2022,44,Carson Wentz,WAS,QB,1,2,DET,16.878980891719745,100,53,46,30,65.2,337,7.33,3,2.18,1,15,99.6,6.33,54.3,5,9.4,29,2,23,0,2,23,0,3,76.2,9.17,385,15.2,2,42.7,54.3,41.3,71.7,19.6,6.5,6.5,4.3,-3,2.62,2.33,3.68,4.2,3,30.2,17,31.3,-0.4,26.2,54.8,19,38.1,31,4.8,26.2,15.2,0,2,1,0,5.1,0.096,0.096,0.51,0.51,28.8,21.6,28.78,21.62,7.16,26.5,2.3
2022,45,Patrick Mahomes,KC,QB,1,15,HST,6.388888888888888,100,46,41,36,87.8,336,8.2,2,1.44,0,20,117.1,8.21,63.4,2,4.3,23,3,31,1,5,33,1,13.9,92.5,5.47,219,4.9,2,61,58.5,65.9,90.2,7.3,4.9,0,2.4,47,2.63,2.62,3.7,4.63,0,39.1,19.6,11.1,7.6,22.5,42.5,35,35,35,5,25,4.9,2.2,1,0,0,14.1,0.306,0.27,0.66,0.64,32.7,23.9,32.74,23.87,8.87,23.4,9.3
2022,46,Justin Herbert,LAC,QB,1,13,LV,7.114624505928854,98.6,54,47,28,59.6,335,7.13,1,0.86,0,16,88.5,6.42,44.7,5,9.3,21,2,4,0,5,7,0,-5.7,66.7,8.62,362,10.6,3,54.3,70.2,53.2,68.1,21.3,4.3,0,0,0,2.81,2.43,3.32,3.05,0,46.3,25.9,20,12.7,14.3,61.9,23.8,45.2,31,11.9,11.9,2.1,1.9,2,1,0,-10.5,-0.194,-0.157,0.33,0.32,18.1,16.5,18.1,16.51,1.59,17.4,0.7
2022,47,Daniel Jones,NYG,QB,1,16,MIN,8.596491228070176,100,49,42,30,71.4,334,7.95,1,0.98,1,15,92.8,6.53,54.8,3,6.1,15,4,34,0,4,34,0,8.4,84.2,6.36,248,7.1,1,51.5,69,45.2,85.7,7.1,4.8,2.4,4.8,16,2.7,2.74,3.2,4.35,0,34.7,6.1,17.6,3.3,25.6,69.2,5.1,41,35.9,0,23.1,2.4,6.1,1,2,0,-3.3,-0.067,-0.067,0.4,0.4,21.8,21,21.76,21,0.76,18.4,3.4
2022,48,Justin Herbert,LAC,QB,1,2,KC,6.587615283267458,98.6,50,48,33,68.8,334,6.96,3,3.33,1,15,100.5,6.82,52.1,2,4,8,0,0,0,2,1,0,0.7,79.1,5.42,233,4.2,4,57.2,47.9,47.9,72.9,16.7,4.2,2.1,2.1,-1,2.54,2.31,5.3,0,0,36,28,11.1,3.5,30.2,48.8,20.9,34.9,27.9,11.6,25.6,20.8,6,2,3,0,-0.9,-0.018,0.028,0.49,0.48,24.5,25,24.46,24.98,-0.52,24.4,0.1
2022,49,Ryan Tannehill,TEN,QB,1,11,GB,8.086253369272237,100,30,27,22,81.5,333,12.33,2,2.46,1,14,127.3,10.37,70.4,3,10,17,0,0,0,3,-3,0,18.3,91.7,8.29,199,14.8,1,49.2,70.4,51.9,81.5,7.4,14.8,3.7,0,0,2.49,2.27,3.77,0,0,23.3,16.7,42.9,-6.4,12.5,62.5,25,45.8,29.2,12.5,12.5,0,3.3,3,0,0,16.9,0.562,0.562,0.68,0.67,20,19.3,20.02,19.3,0.72,20.3,-0.3
2022,50,Jalen Hurts,PHI,QB,1,2,MIN,7.024029574861368,100,38,31,26,83.9,333,10.74,1,1.04,1,13,108.7,8.76,64.5,3,7.9,10,4,18,0,11,57,2,13.6,87.1,8.9,276,6.5,0,42.9,71,64.5,90.3,9.7,6.5,0,3.2,-2,2.56,2.49,4.1,5,2,31.6,10.5,25,3.7,19.4,61.3,19.4,45.2,25.8,9.7,19.4,12.9,10.5,0,0,0,12.2,0.32,0.331,0.48,0.76,34,30.7,34.02,30.69,3.33,16.3,17.7
2022,51,Patrick Mahomes,KC,QB,1,10,JAX,5.555555555555555,100,40,35,26,74.3,331,9.46,4,4.17,1,17,129.6,10.46,71.4,0,0,0,5,40,0,7,39,0,13.6,88.6,7.4,259,11.4,2,42,60,68.6,91.4,8.6,5.7,2.9,14.3,34,2.96,2.85,0,4.34,0,32.5,10,0,-3.5,28.6,42.9,28.6,25.7,37.1,8.6,28.6,17.1,5,0,0,0,23.7,0.591,0.553,0.81,0.78,32.1,36.2,32.14,36.19,-4.05,28.2,3.9
2022,52,Jared Goff,DET,QB,1,14,MIN,6.5600000000000005,98.6,41,39,27,69.2,330,8.46,3,3.05,0,18,120.7,10,53.8,0,0,0,2,9,0,2,9,0,14.1,88.6,7.89,276,10.3,2,34.5,66.7,53.8,79.5,7.7,2.6,2.6,10.3,10,2.52,2.57,0,4.6,0,34.1,19.5,0,2.2,17.1,71.4,8.6,54.3,22.9,8.6,14.3,7.7,4.9,3,1,0,17,0.415,0.415,0.64,0.64,26.1,28.8,26.1,28.76,-2.66,25.2,0.9
2022,53,Josh Allen,BUF,QB,1,10,MIN,7.680491551459294,100,50,43,29,67.4,330,7.67,1,1.24,2,17,78.6,5.36,60.5,2,4,19,5,84,0,6,84,0,4.3,75,9.32,373,16.3,5,33.9,60.5,48.8,74.4,18.6,4.7,7,2.3,24,2.64,2.46,3.6,4.42,1,36,24,11.1,5.3,7.5,77.5,15,60,37.5,2.5,0,2.3,2,2,1,0,8.8,0.176,0.038,0.47,0.46,22.6,22.7,22.6,22.67,-0.07,15.2,7.4
2022,54,Teddy Bridgewater,MIA,QB,1,6,MIN,44.9438202247191,69.9,40,34,23,67.6,329,9.68,2,1.58,2,15,93.9,6.51,55.9,5,12.5,25,1,10,0,1,10,0,7.4,78.1,9.19,294,11.8,2,49.2,58.8,55.9,82.4,11.8,0,2.9,5.9,43,2.63,2.48,3.24,4.6,1,40,20,31.3,9.8,15.6,65.6,18.8,31.3,59.4,0,9.4,11.8,2.5,1,0,0,-0.2,-0.005,-0.005,0.5,0.5,20.2,19,20.16,18.98,1.18,19.2,1
2022,55,Patrick Mahomes,KC,QB,1,11,LAC,5.277777777777778,100,38,34,20,58.8,329,9.68,3,0.89,0,15,120.8,10.91,50,1,2.6,7,3,24,0,4,23,0,6.4,75.9,10,290,8.8,0,44.4,61.8,44.1,73.5,11.8,2.9,0,5.9,15,2.81,2.67,3.3,4.93,0,34.2,10.5,7.7,-0.4,3.4,44.8,51.7,55.2,20.7,20.7,3.4,0,7.9,5,0,0,14.4,0.38,0.38,0.73,0.72,27.5,16.7,27.46,16.73,10.73,25.2,2.3
2022,56,Josh Allen,BUF,QB,1,6,KC,6.7588325652841785,100,44,40,27,67.5,329,8.22,3,2.99,0,18,117.6,9.22,62.5,1,2.3,11,3,18,0,12,32,0,12.3,85.7,8.26,289,10,3,34.7,52.5,52.5,77.5,10,15,0,7.5,23,2.49,2.06,3.3,4.47,0,34.1,22.7,6.7,4.1,20,68.6,11.4,34.3,48.6,2.9,14.3,7.5,6.8,2,3,0,12.1,0.275,0.196,0.61,0.56,27.4,30,27.36,30.01,-2.65,25.2,2.2
2022,57,Geno Smith,SEA,QB,1,12,LV,6.451612903225806,100,42,37,27,73,328,8.86,2,1.15,1,15,106.6,7.55,64.9,3,7.1,21,2,24,0,5,22,0,7.1,80,8.46,296,10.8,3,41.8,54.1,40.5,86.5,8.1,8.1,8.1,2.7,9,2.63,2.83,2.97,3.25,0,21.4,4.8,33.3,-9.8,14.3,68.6,17.1,57.1,25.7,2.9,14.3,2.7,2.4,0,0,0,10.6,0.252,0.124,0.54,0.51,21.3,18.9,21.32,18.86,2.46,20.1,1.2
2022,58,Patrick Mahomes,KC,QB,1,17,DEN,6.25,100,45,42,29,69,328,7.81,3,3.82,1,18,106.1,8.17,61.9,0,0,0,3,9,0,4,8,0,3.2,77.5,7.56,310,14.3,2,59.1,66.7,59.5,83.3,14.3,4.8,4.8,4.8,32,2.84,2.98,0,5.07,0,26.7,2.2,0,-9.8,19.5,48.8,29.3,43.9,26.8,14.6,12.2,11.9,15.6,1,0,0,8,0.177,0.177,0.56,0.55,26.5,35,26.52,34.96,-8.44,24.1,0.8
2022,59,Kenny Pickett,PIT,QB,1,5,BUF,12.612612612612612,100,56,52,34,65.4,327,6.29,0,0.35,1,19,74.8,4.82,53.8,3,5.4,17,1,10,0,1,10,0,1.4,76,7.38,369,11.5,2,42.8,76.9,59.6,78.8,15.4,1.9,5.8,7.7,20,2.64,2.48,4.87,5,2,25,14.3,21.4,-8.1,20,60,20,42,24,18,16,3.8,1.8,1,1,0,-3.8,-0.068,-0.068,0.23,0.23,13.1,16,13.08,16.04,-2.96,12.1,1
2022,60,Kyler Murray,ARZ,QB,1,8,MIN,11.818181818181818,100,52,44,31,70.5,326,7.41,3,1.67,2,17,95.5,5.56,52.3,4,7.7,29,4,28,0,6,36,0,9.9,85.4,7.41,304,11.4,2,53.7,70.5,54.5,88.6,4.5,2.3,6.8,9.1,26,2.26,2.34,3.55,4.6,1,23.1,13.5,33.3,-1.6,19.5,68.3,12.2,58.5,17.1,7.3,17.1,9.1,3.8,0,2,1,-1.3,-0.024,-0.034,0.5,0.5,26.6,25.5,26.64,25.49,1.15,23,3.6
2022,61,Tom Brady,TB,QB,1,8,BLT,6.324110671936759,100,48,44,26,59.1,325,7.39,1,1.68,0,13,89.7,6.91,52.3,3,6.3,20,1,1,0,1,1,0,-2.5,71.8,8.03,313,9.1,6,57.2,61.4,59.1,72.7,15.9,6.8,4.5,4.5,41,2.29,2.7,3.97,6.3,3,14.6,4.2,42.9,-12.5,15.4,66.7,17.9,35.9,43.6,7.7,12.8,9.1,2.1,1,3,1,3.9,0.081,0.081,0.36,0.36,17.1,17.8,17.1,17.84,-0.74,17,0.1
2022,62,Geno Smith,SEA,QB,1,3,ATL,7.066052227342549,100,46,44,32,72.7,325,7.39,2,2.11,1,15,99.1,6.59,56.8,2,4.3,17,0,0,0,2,-1,0,3.3,72.7,9.86,434,13.6,4,30.5,68.2,54.5,81.8,18.2,4.5,6.8,0,0,2.48,2.22,3.15,0,0,13,6.5,33.3,-18.5,13.6,65.9,20.5,34.1,43.2,11.4,11.4,11.4,2.2,0,0,0,11.9,0.258,0.229,0.43,0.41,19.9,22.2,19.9,22.19,-2.29,20,-0.1
2022,63,Jacoby Brissett,CLV,QB,1,11,BUF,10.817307692307693,100,45,41,28,68.3,324,7.9,3,3.62,0,19,116.3,8.95,56.1,1,2.2,8,3,30,0,7,29,0,12.7,83.8,9.16,339,19.5,6,50.9,61,58.5,87.8,2.4,17.1,0,7.3,37,2.66,2.09,2.3,5.03,0,42.2,26.7,5.3,9.5,13.5,56.8,29.7,40.5,35.1,13.5,10.8,4.9,0,3,1,0,20.9,0.465,0.22,0.62,0.58,26.9,31,26.86,31.02,-4.16,25,1.9
2022,64,Jared Goff,DET,QB,1,8,MIA,6.239999999999999,98.2,39,37,27,73,321,8.68,1,1.87,0,13,108.1,8.71,59.5,1,2.6,10,1,3,0,1,3,0,10.1,85.7,7.4,259,13.5,3,56.7,54.1,62.2,83.8,10.8,10.8,0,8.1,18,2.51,2.18,3.3,3.5,0,33.3,23.1,7.7,1.7,25.7,57.1,14.3,37.1,25.7,8.6,25.7,16.2,0,0,2,0,8.3,0.213,0.213,0.44,0.44,18.6,21.7,18.64,21.73,-3.09,16.8,0.3
2022,65,Trevor Lawrence,JAX,QB,1,12,BLT,6.6141732283464565,100,42,37,29,78.4,321,8.68,3,1.76,0,16,129.8,8.63,54.1,4,9.5,27,1,1,0,2,1,0,8,83.8,6.68,247,8.1,2,45.8,83.8,48.6,86.5,13.5,10.8,2.7,5.4,10,2.09,2.46,4.08,5.9,2,33.3,23.8,28.6,10.2,13.5,83.8,2.7,67.6,21.6,0,10.8,5.4,0,0,0,0,13.4,0.319,0.231,0.59,0.58,25.9,20.1,25.94,20.08,5.86,26.8,-0.9
2022,66,Mac Jones,NE,QB,1,3,BLT,8.064516129032258,100,40,32,22,68.8,321,10.03,0,1.62,3,12,62.1,4.77,53.1,3,7.5,19,5,31,1,5,31,1,1.9,68.8,11.97,383,25,2,38.6,62.5,46.9,75,25,15.6,12.5,0,0,2.75,2.63,3.57,4.56,2,30,15,25,0,25,59.4,15.6,43.8,25,9.4,21.9,12.5,5,0,0,0,-1.6,-0.04,-0.04,0.47,0.47,18.9,23.5,18.94,23.53,-4.59,9.8,9.1
2022,67,Geno Smith,SEA,QB,1,4,DET,4.915514592933948,100,32,30,23,76.7,320,10.67,2,2.14,0,14,132.6,12,70,0,0,0,2,30,0,7,49,1,16.5,85.7,10.89,305,16.7,3,39.4,86.7,66.7,80,10,10,0,3.3,2,2.78,2.74,0,3.8,0,21.9,6.3,0,-13.7,7.1,67.9,25,53.6,17.9,14.3,14.3,0,0,1,1,0,23.5,0.735,0.788,0.74,0.91,31.7,24.3,31.7,24.34,7.36,20.8,10.9
2022,68,Patrick Mahomes,KC,QB,1,12,LA,6.388888888888888,100,46,42,27,64.3,320,7.62,1,1.36,1,20,85.4,7.02,61.9,0,0,0,4,36,0,4,36,0,6.1,82.9,6,210,2.4,3,53.1,59.5,52.4,71.4,11.9,4.8,2.4,4.8,0,2.96,3.05,0,4.42,0,32.6,4.3,0,-5,20,45.7,34.3,25.7,42.9,14.3,17.1,4.8,6.5,5,1,0,11.8,0.255,0.255,0.42,0.42,19.4,21,19.4,21.03,-1.63,15.8,3.6
2022,69,Davis Mills,HST,QB,1,10,NYG,7.7798861480075905,100,41,37,22,59.5,319,8.62,1,1.38,1,15,85.3,6.37,54.1,4,9.8,33,0,0,0,0,0,0,-8.8,64.7,8.03,273,8.1,3,64.9,67.6,37.8,73,18.9,8.1,5.4,0,0,2.56,2.84,3.88,0,0,34.1,7.3,28.6,3.3,14.7,73.5,11.8,58.8,17.6,11.8,11.8,5.4,0,0,1,0,5.2,0.127,0.127,0.38,0.38,15.8,15.4,15.76,15.38,0.38,15.8,0
2022,70,Lamar Jackson,BLT,QB,1,2,MIA,8.201058201058201,100,31,29,21,72.4,318,10.97,3,2.16,0,13,142.6,13.03,58.6,0,0,0,2,29,0,9,119,1,13.6,82.1,11.39,319,13.8,5,50,79.3,58.6,79.3,17.2,6.9,3.4,6.9,34,2.5,2.37,0,4.2,0,19.4,9.7,0,-11.7,0,42.9,57.1,46.4,42.9,10.7,0,0,3.2,0,1,0,20.9,0.674,0.479,0.89,1.12,42.6,26.7,42.62,26.74,15.88,24.7,17.9
2022,71,Trevor Lawrence,JAX,QB,1,15,DAL,7.086614173228346,100,45,42,27,64.3,318,7.57,4,2.21,1,13,109,8.05,50,1,2.2,7,2,18,0,3,21,0,2.1,72.5,9.72,389,19,5,49.7,71.4,50,71.4,21.4,7.1,2.4,4.8,34,2.65,2.19,2.5,3.75,0,46.7,28.9,4.8,13.3,7.5,67.5,25,50,32.5,10,7.5,2.4,4.4,2,0,0,6.8,0.151,0.159,0.66,0.65,28.8,23.3,28.82,23.25,5.57,27.7,1.1
2022,72,Phillip Walker,CAR,QB,1,8,ATL,33.04347826086956,100,38,36,19,52.8,317,8.81,1,1.56,1,12,80.4,7.68,38.9,1,2.6,8,1,20,0,1,20,0,-3.7,62.9,12.8,448,22.2,5,50.5,80.6,47.2,72.2,25,8.3,2.8,8.3,49,2.45,2.37,3.1,4.2,0,15.8,10.5,16.7,-14.8,5.7,77.1,17.1,54.3,25.7,14.3,5.7,2.8,23.7,0,1,0,1.2,0.032,0.032,0.47,0.47,17.7,20.1,17.68,20.1,-2.42,15.7,2
2022,73,Josh Allen,BUF,QB,1,2,TEN,6.1443932411674345,75.4,40,38,26,68.4,317,8.34,4,3.6,0,13,128.9,10.08,60.5,1,2.5,4,1,10,0,1,10,0,10.4,84.4,8.61,284,10.5,3,34.4,57.9,39.5,73.7,13.2,5.3,2.6,2.6,-3,2.41,2.25,4,3.1,0,20,15,12.5,-10,18.2,63.6,18.2,51.5,30.3,3,15.2,10.5,10,2,2,0,18.2,0.455,0.455,0.74,0.74,29.7,27.8,29.68,27.75,1.93,28.7,1
2022,74,Zach Wilson,NYJ,QB,1,15,DET,14.388489208633093,100,40,35,18,51.4,317,9.06,2,1.59,1,14,89.8,7.23,45.7,4,10,30,1,4,0,3,7,0,-10,52.9,14.35,488,28.6,3,19.6,71.4,28.6,57.1,40,17.1,8.6,0,0,2.87,2.24,3.2,5.5,2,47.5,30,21.1,12.8,2.9,85.3,11.8,70.6,20.6,8.8,0,0,7.5,1,0,0,0.1,0.002,0.001,0.5,0.49,20.4,22.3,20.38,22.32,-1.94,19.7,0.7
2022,75,Mike White,NYJ,QB,1,12,CHI,15.675675675675677,98.4,29,28,22,78.6,315,11.25,3,2.03,0,14,149.3,12.69,60.7,1,3.4,7,0,0,0,3,2,0,0.5,78.6,5.89,165,3.6,1,57.8,78.6,71.4,85.7,14.3,7.1,3.6,0,0,2.51,2.43,3.2,0,1,24.1,10.3,14.3,-8.2,25,53.6,21.4,35.7,25,17.9,21.4,17.9,6.9,0,0,0,17.5,0.602,0.56,0.85,0.83,24.8,17.4,24.8,17.36,7.44,24.6,0.2
2022,76,Jalen Hurts,PHI,QB,1,15,CHI,7.763401109057301,100,42,37,22,59.5,315,8.51,0,0.33,2,11,64.6,5.76,37.8,1,2.4,6,4,17,0,17,61,3,-2.3,62.9,12.57,440,32.4,1,48.6,89.2,51.4,62.2,32.4,10.8,2.7,0,0,2.4,3.58,6.6,4.17,0,9.5,0,25,-18.2,8.6,85.7,5.7,62.9,25.7,2.9,8.6,0,2.4,1,1,0,-1.5,-0.036,0.061,0.29,0.65,36.7,26.4,36.7,26.42,10.28,10.6,26.1
2022,77,Kyler Murray,ARZ,QB,1,3,LA,14.09090909090909,100,62,58,37,63.8,314,5.41,0,0.91,0,15,77.8,4.92,46.6,2,3.2,19,2,8,0,2,8,0,5.5,83.3,5.81,314,5.2,1,54.8,79.3,60.3,79.3,10.3,1.7,1.7,13.8,44,2.05,1.99,3.95,3.5,1,22.6,21,14.3,-1.2,18.5,63,18.5,44.4,37,5.6,13,1.7,4.8,3,1,0,-6,-0.096,-0.096,0.22,0.22,13.4,19.8,13.36,19.83,-6.47,12.6,0.8
2022,78,Carson Wentz,WAS,QB,1,1,JAX,14.331210191082802,100,45,41,27,65.9,313,7.63,4,2.76,2,16,101,7.02,51.2,1,2.2,8,3,14,0,6,12,0,-1.6,73.7,7.08,269,12.2,3,57.8,73.2,43.9,68.3,24.4,7.3,4.9,2.4,2,2.64,2.39,2.6,3.53,0,15.6,11.1,14.3,-17,28.9,52.6,18.4,34.2,28.9,10.5,26.3,7.3,6.7,1,2,0,8.9,0.197,0.197,0.62,0.62,29.7,23.2,29.72,23.16,6.56,28.5,1.2
2022,79,Justin Herbert,LAC,QB,1,15,TEN,5.928853754940711,100,45,42,28,66.7,313,7.45,0,0.15,2,13,68.8,4.47,54.8,3,6.7,22,0,0,0,1,2,0,1.8,76.3,7.87,299,11.9,1,40.6,66.7,47.6,76.2,14.3,7.1,4.8,2.4,2,2.47,2.14,3.4,0,0,44.4,33.3,15,13.7,13.2,63.2,23.7,36.8,28.9,21.1,13.2,2.4,4.4,2,0,2,-7.5,-0.167,-0.117,0.23,0.24,10.7,13.2,10.72,13.2,-2.48,10.5,0.2
2022,80,Tom Brady,TB,QB,1,15,CIN,6.0606060606060606,98.6,46,44,30,68.2,312,7.09,3,2.6,2,19,92.2,6.09,61.4,1,2.2,8,1,1,0,2,1,0,3.1,77.5,7.3,292,6.8,3,45.5,63.6,54.5,72.7,18.2,0,6.8,2.3,10,2.46,2.64,3.4,3.2,0,23.9,10.9,9.1,-7.3,15,72.5,12.5,57.5,20,7.5,15,9.1,2.2,2,0,0,3.6,0.078,-0.04,0.49,0.48,20.6,22.3,20.58,22.3,-1.72,22.5,-1.9
2022,81,Tua Tagovailoa,MIA,QB,1,16,GB,6.2645011600928076,100,27,25,16,64,310,12.4,1,0.39,3,10,80.8,6.63,48,2,7.4,16,0,0,0,1,0,0,1.9,69.6,11,253,12,0,40,72,44,68,24,4,12,0,0,2.76,2.31,3.45,0,1,37,22.2,20,2.2,26.1,60.9,13,52.2,30.4,8.7,8.7,4,3.7,1,1,0,1,0.035,-0.014,0.5,0.48,13.4,11.6,13.4,11.59,1.81,13.4,0
2022,82,Trevor Lawrence,JAX,QB,1,7,NYG,6.771653543307086,100,43,43,22,51.2,310,7.21,0,1.01,0,15,74.8,7.21,48.8,0,0,0,0,0,0,4,3,1,-10.1,57.1,11.52,484,20.9,6,42.3,81.4,30.2,67.4,30.2,2.3,0,4.7,8,2.52,2.75,0,0,0,9.3,4.7,0,-24.3,11.9,69,19,45.2,33.3,9.5,11.9,0,2.3,0,1,0,11.3,0.264,0.162,0.29,0.4,18.7,21.8,18.7,21.8,-3.1,12.4,6.3
2022,83,Joe Flacco,NYJ,QB,1,1,BLT,30.693069306930692,100,62,59,37,62.7,309,5.24,1,1.43,1,18,74.8,4.39,45.8,3,4.8,12,0,0,0,1,0,0,-2.4,75.5,5.68,301,1.7,4,44,54.2,49.2,74.6,13.6,1.7,0,5.1,17,2.51,2.23,3.7,0,2,37.1,27.4,13,5.3,32.1,56.6,11.3,35.8,34,3.8,26.4,18.6,1.6,2,1,0,-11.9,-0.192,-0.208,0.25,0.24,15.4,19.6,15.36,19.63,-4.27,15.4,0
2022,84,Bailey Zappe,NE,QB,1,6,CLV,36.36363636363637,100,36,34,24,70.6,309,9.09,2,1.61,0,14,118.4,9.47,52.9,2,5.6,8,0,0,0,3,-4,0,7.7,83.9,6.06,188,5.9,3,55.7,61.8,55.9,85.3,5.9,0,0,5.9,6,2.66,2.69,3.4,0,0,25,13.9,22.2,-8.9,16.1,51.6,29,48.4,19.4,16.1,12.9,8.8,0,3,0,0,8.4,0.234,0.234,0.57,0.55,19.4,17.5,19.36,17.51,1.85,20.4,-1.4
2022,85,Matthew Stafford,LA,QB,1,5,DAL,13.94658753709199,98.4,47,42,28,66.7,308,7.33,1,0.19,1,9,86.2,5.28,42.9,5,10.6,35,0,0,0,0,0,0,-4.3,72.5,7.35,294,9.5,1,58.4,54.8,52.4,71.4,21.4,2.4,2.4,2.4,6,2.48,2.19,3.8,0,0,38.3,27.7,27.8,8.9,12.5,62.5,25,45,40,7.5,7.5,7.1,0,2,0,0,-14.4,-0.306,-0.306,0.33,0.33,13.3,10.2,13.32,10.25,3.07,15.3,-2
2022,86,Joe Flacco,NYJ,QB,1,2,CLV,23.26732673267327,98.5,47,44,26,59.1,307,6.98,4,3.39,0,15,110.7,8.09,43.2,2,4.3,15,1,7,0,2,6,0,0,70.7,10.1,414,11.4,4,38.4,59.1,47.7,75,18.2,4.5,2.3,6.8,13,2.6,2.26,1.9,4.2,0,29.8,21.3,14.3,-3,22,56.1,22,39,22,22,17.1,15.9,0,2,1,0,13.8,0.293,0.293,0.62,0.61,27.9,28,27.88,28,-0.12,28.3,-0.4
2022,87,Derek Carr,LV,QB,1,11,DEN,6.998158379373849,100,38,37,23,62.2,307,8.3,2,1.56,0,10,106.5,8.89,45.9,1,2.6,9,0,0,0,0,0,0,3.3,73.5,9.94,338,10.8,2,38.8,62.2,40.5,73,18.9,8.1,2.7,5.4,12,2.83,2.27,3.9,0,0,31.6,23.7,8.3,-6.3,29.4,64.7,5.9,52.9,14.7,2.9,29.4,10.8,5.3,0,2,0,7.1,0.187,0.187,0.53,0.53,20.3,18.8,20.28,18.85,1.43,20.3,0
2022,88,Josh Allen,BUF,QB,1,15,MIA,6.605222734254992,100,43,40,25,62.5,304,7.6,4,4.29,0,16,119.2,8.95,60,2,4.7,8,1,1,0,10,77,0,9.6,76.3,11.5,437,17.5,5,32.2,57.5,45,80,15,12.5,2.5,10,85,2.78,2.49,3.75,4.3,0,27.9,18.6,16.7,-7.5,21.1,55.3,23.7,44.7,34.2,5.3,15.8,12.5,2.3,2,0,0,11.3,0.263,0.292,0.66,0.7,36.9,39.3,36.86,39.25,-2.39,28.2,8.7
2022,89,Derek Carr,LV,QB,1,3,TEN,8.655616942909761,100,47,44,26,59.1,303,6.89,2,2.41,1,14,85.7,6.47,45.5,1,2.1,7,2,17,0,2,17,0,3.5,73.7,10.39,395,11.4,7,34,72.7,54.5,70.5,15.9,6.8,6.8,4.5,18,2.67,2.32,2.8,3.6,1,21.3,14.9,10,-12.6,15.8,60.5,23.7,44.7,34.2,5.3,15.8,4.5,0,4,0,0,8.4,0.179,0.179,0.44,0.44,20.8,22.9,20.82,22.9,-2.08,19.1,1.7
2022,90,Jimmy Garoppolo,SF,QB,1,7,KC,12.76595744680851,86.1,42,37,25,67.6,303,8.19,2,1.97,1,14,99.3,6.48,59.5,5,11.9,26,0,0,0,2,2,0,-0.9,75,6.89,248,5.4,3,53.1,64.9,48.6,81.1,16.2,2.7,5.4,5.4,12,2.19,2.08,3.2,0,3,31,21.4,38.5,6.4,16.7,58.3,25,22.2,41.7,16.7,19.4,10.8,4.8,0,1,0,2.4,0.057,0.066,0.46,0.45,18.3,18.8,18.32,18.8,-0.48,19.1,-0.8
2022,91,Tua Tagovailoa,MIA,QB,1,9,CHI,7.192575406032482,100,31,30,21,70,302,10.07,3,2.61,0,15,135.7,12.07,60,0,0,0,1,4,0,5,0,0,13.7,84.6,9.27,241,16.7,2,38.4,56.7,40,76.7,10,6.7,0,3.3,-2,2.68,2.17,0,5.6,0,38.7,32.3,0,3.6,15.4,73.1,11.5,46.2,30.8,7.7,15.4,13.3,3.2,3,0,0,18.9,0.608,0.526,0.79,0.75,24.1,23.2,24.08,23.24,0.84,24.1,0
2022,92,Davis Mills,HST,QB,1,7,LV,7.969639468690702,100,42,41,28,68.3,302,7.37,2,1.53,1,12,95.8,6.93,56.1,1,2.4,6,0,0,0,0,0,0,-3.8,74.4,5.51,215,7.3,1,63.9,58.5,53.7,78,17.1,4.9,2.4,2.4,3,2.37,2.15,3.2,0,1,40.5,28.6,5.9,10.2,43.6,38.5,17.9,35.9,15.4,12.8,35.9,22,2.4,1,1,0,3.1,0.073,0.073,0.45,0.45,19.1,16.8,19.08,16.79,2.29,19.1,0
2022,93,Joe Burrow,CIN,QB,1,6,NO,6.231454005934718,100,42,37,28,75.7,300,8.11,3,1.27,0,13,126,8.32,62.2,3,7.1,27,2,24,1,4,25,1,9.8,85.7,6.51,228,5.4,2,59,70.3,56.8,89.2,2.7,5.4,0,5.4,32,2.26,1.98,2.97,3.95,0,21.4,19,33.3,-4.2,20,71.4,8.6,51.4,28.6,5.7,14.3,10.8,9.5,1,1,0,14.4,0.343,0.334,0.77,0.76,32.5,18.2,32.5,18.2,14.3,24,8.5
2022,94,Kirk Cousins,MIN,QB,1,12,NE,5.420827389443652,100,38,37,30,81.1,299,8.08,3,2.82,1,15,116.1,8.03,59.5,1,2.6,9,0,0,0,1,-1,0,5.2,83.8,5.76,213,8.1,2,43.8,78.4,59.5,86.5,10.8,8.1,8.1,2.7,1,2.71,2.35,2.5,0,0,42.1,26.3,6.3,6.3,13.5,64.9,21.6,54.1,18.9,16.2,10.8,8.1,0,0,0,0,11.6,0.306,0.306,0.6,0.6,22.9,21.9,22.86,21.9,0.96,23,-0.1
2022,95,Kirk Cousins,MIN,QB,1,16,NYG,7.417974322396577,100,52,48,34,70.8,299,6.23,3,2.7,0,17,107.9,6.35,52.1,4,7.7,29,0,0,0,1,2,0,1.9,77.8,7.09,319,10.4,1,51.2,68.8,37.5,81.3,12.5,2.1,4.2,2.1,5,2.57,2.84,4.15,0,0,32.7,5.8,23.5,0.9,11.1,51.1,37.8,37.8,24.4,28.9,8.9,2.1,1.9,0,1,1,-0.5,-0.009,0.004,0.46,0.46,24.2,23.8,24.16,23.77,0.39,24,0.2
2022,96,Tua Tagovailoa,MIA,QB,1,12,HST,9.280742459396752,72.2,40,36,22,61.1,299,8.31,1,3.27,0,17,96.9,7.33,52.8,4,10,26,0,0,0,0,0,0,10.9,78.8,10.97,362,11.1,3,30.1,66.7,50,75,13.9,5.6,2.8,11.1,30,2.46,2.21,3.13,0,0,37.5,30,26.7,8.2,12.1,81.8,6.1,60.6,30.3,3,6.1,5.6,10,2,0,1,8.3,0.207,0.207,0.4,0.41,16,26.7,15.96,26.71,-10.75,16,0
2022,97,Davis Mills,HST,QB,1,18,IND,7.590132827324478,90.6,40,38,22,57.9,298,7.84,3,3.37,2,14,87.4,6.62,39.5,1,2.5,10,1,6,0,1,6,0,1.6,68.8,10.64,351,26.3,5,37.2,55.3,39.5,63.2,23.7,10.5,5.3,0,0,3.1,2.65,2.4,5.4,0,40,17.5,6.3,-1.3,24.2,42.4,33.3,27.3,24.2,24.2,24.2,13.2,0,3,1,0,6,0.149,0.149,0.56,0.56,24.5,26,24.52,25.95,-1.43,23.9,0.6
2022,98,Josh Allen,BUF,QB,1,1,LA,5.837173579109063,100,38,31,26,83.9,297,9.58,3,3.29,2,15,112,7.94,67.7,2,5.3,5,5,40,1,10,56,1,13.7,90.3,6.87,213,6.5,1,43.8,64.5,61.3,96.8,3.2,6.5,3.2,6.5,15,2.19,2.1,2.55,3.72,1,21.1,15.8,25,-1.7,25.8,67.7,6.5,41.9,32.3,3.2,22.6,19.4,0,0,0,0,20.1,0.53,0.465,0.84,0.8,33.5,34.9,33.48,34.91,-1.43,21.9,11.6
2022,99,Justin Herbert,LAC,QB,1,3,JAX,6.192358366271409,100,47,45,25,55.6,297,6.6,1,1.18,1,13,74,5.67,44.4,1,2.1,11,1,7,0,1,7,0,-7.1,65,8.85,354,11.1,2,58.6,46.7,46.7,66.7,22.2,4.4,2.2,2.2,1,2.66,2.37,3.7,4.1,0,34,19.1,6.3,-0.4,32.5,52.5,15,37.5,30,7.5,25,11.1,2.1,4,1,0,-7.6,-0.161,-0.161,0.33,0.33,14.6,15.6,14.58,15.63,-1.05,14.9,-0.3
2022,100,Kirk Cousins,MIN,QB,1,5,CHI,6.134094151212553,100,43,41,32,78,296,7.22,1,1.21,1,17,94.7,6.29,63.4,1,2.3,7,1,5,0,4,4,1,11.9,91.7,4.56,164,2.4,1,53,63.4,46.3,82.9,4.9,2.4,2.4,2.4,3,2.44,2.64,2.6,3.9,0,20.9,4.7,11.1,-9.8,13.9,69.4,16.7,41.7,30.6,16.7,11.1,7.3,2.3,1,1,1,12,0.279,0.307,0.36,0.49,23.2,22.5,23.24,22.46,0.78,16.8,6.4
2022,101,Jimmy Garoppolo,SF,QB,1,6,ATL,12.76595744680851,100,42,41,29,70.7,296,7.22,2,0.57,2,15,87,6,65.9,0,0,0,1,6,0,3,11,0,1.3,77.5,7.22,289,12.2,1,76,56.1,48.8,82.9,14.6,4.9,4.9,4.9,62,2.63,2.53,0,3.7,0,35.7,19,0,1.1,12.5,62.5,25,37.5,30,12.5,20,4.9,0,0,1,0,3.4,0.082,0.09,0.44,0.43,18.9,15.5,18.94,15.48,3.46,17.8,1.1
2022,102,Derek Carr,LV,QB,1,1,LAC,7.734806629834254,100,42,37,22,59.5,295,7.97,2,1.72,3,17,69.1,4.07,54.1,5,11.9,29,0,0,0,0,0,0,-3.1,66.7,10.21,337,10.8,4,41.4,59.5,48.6,64.9,24.3,2.7,8.1,0,0,2.58,2.57,4.12,0,1,21.4,9.5,55.6,-9.1,15.2,66.7,18.2,39.4,39.4,6.1,15.2,2.7,0,2,1,0,-4.5,-0.108,-0.108,0.4,0.4,16.8,16.5,16.8,16.51,0.29,16.8,0
2022,103,Derek Carr,LV,QB,1,12,SEA,7.18232044198895,98.7,39,36,25,69.4,295,8.19,3,2.07,2,14,98.7,7.11,61.1,1,2.6,2,2,10,0,2,10,0,5.1,77.1,8.63,302,8.3,3,47.1,69.4,55.6,86.1,11.1,8.3,5.6,5.6,10,2.8,3,3.2,5.45,0,20.5,5.1,12.5,-14.9,28.6,51.4,20,37.1,25.7,11.4,25.7,8.3,0,0,0,0,14.2,0.364,0.364,0.58,0.58,22.8,21.6,22.8,21.59,1.21,21.8,1
2022,104,Tua Tagovailoa,MIA,QB,1,13,SF,8.352668213457076,97.8,36,33,18,54.5,295,8.94,2,0.39,2,11,79.7,6.25,51.5,3,8.3,20,0,0,0,0,0,0,-7.9,59.4,11.59,371,15.2,0,39.7,69.7,42.4,69.7,24.2,3,3,3,24,2.47,2.15,2.83,0,0,27.8,22.2,30,-2.2,18.8,71.9,9.4,50,34.4,6.3,9.4,3,16.7,0,1,0,-11.3,-0.314,-0.314,0.49,0.49,16.8,14,16.8,14.05,2.75,17.8,-1
2022,105,Justin Herbert,LAC,QB,1,7,SEA,7.5098814229249005,100,57,51,33,64.7,293,5.75,2,1.17,1,17,84.8,5.02,43.1,3,5.3,17,3,22,0,3,22,0,-2.5,73.9,6.64,312,7.8,2,66.9,66.7,60.8,74.5,17.6,0,3.9,2,8,2.63,2.21,3.63,4.17,1,26.3,19.3,20,-5.5,31.9,51.1,14.9,34,29.8,4.3,29.8,9.8,0,1,2,0,-9.2,-0.161,-0.161,0.37,0.37,20.1,18.9,20.12,18.93,1.19,18.7,1.2
2022,106,Patrick Mahomes,KC,QB,1,5,LV,6.666666666666667,100,48,43,29,67.4,292,6.79,4,3.58,0,18,117.6,7.5,62.8,3,6.3,27,2,20,0,4,28,0,7.3,82.5,6.9,276,11.6,3,53.8,67.4,46.5,79.1,14,4.7,0,9.3,23,2.33,2.19,3.1,4.15,2,31.3,22.9,20,4.1,17.5,57.5,25,32.5,47.5,10,10,2.3,8.3,2,0,0,16.3,0.34,0.349,0.62,0.62,30.5,26.9,30.48,26.88,3.6,27.7,2.8
2022,107,Aaron Rodgers,GB,QB,1,9,DET,8.006814310051109,100,47,43,23,53.5,291,6.77,1,1.28,3,11,53.5,3.82,39.5,1,2.1,8,3,41,0,4,40,0,-4.8,63.2,11.37,432,23.3,6,37.1,60.5,44.2,67.4,16.3,7,4.7,2.3,-1,2.74,2.68,4,5.4,1,36.2,17,5.9,1.9,13.2,57.9,26.3,26.3,47.4,15.8,10.5,7,14.9,4,1,0,-4.8,-0.103,-0.103,0.36,0.35,16.6,20.7,16.64,20.69,-4.05,12.6,4
2022,108,Ryan Tannehill,TEN,QB,1,12,CIN,9.973045822102426,100,37,34,22,64.7,291,8.56,0,0.41,0,12,91.7,8.03,41.2,1,2.7,10,2,9,0,2,9,0,5.3,78.1,8.91,285,11.8,2,52.2,73.5,58.8,82.4,11.8,2.9,0,8.8,13,2.39,2.14,3.2,5.35,0,27,21.6,10,-1.8,18.8,50,31.3,46.9,34.4,3.1,15.6,8.8,0,0,2,0,7.8,0.211,0.211,0.34,0.34,12.5,13.5,12.54,13.49,-0.95,11.6,0.9
2022,109,Tom Brady,TB,QB,1,7,CAR,6.719367588932807,100,51,49,32,65.3,290,5.92,0,0.16,0,14,81.2,5.52,46.9,1,2,14,1,1,0,1,1,0,-0.1,74.5,7.72,363,10.2,1,46.9,83.7,65.3,71.4,24.5,6.1,4.1,6.1,36,2.28,2.34,4,3.9,1,17.6,11.8,11.1,-10.6,10.6,74.5,14.9,51.1,34,4.3,10.6,6.1,0,2,0,0,-2.9,-0.058,-0.058,0.23,0.23,11.7,14.6,11.7,14.65,-2.95,11.6,0.1
2022,110,Joe Burrow,CIN,QB,1,4,MIA,5.044510385756676,100,34,31,20,64.5,287,9.26,2,1.51,0,10,115.9,10.03,54.8,1,2.9,6,2,9,0,5,6,0,-7.4,64.5,9.26,287,22.6,1,53,54.8,35.5,71,29,9.7,0,0,0,2.37,2.1,3.4,4.95,0,35.3,29.4,8.3,7,19.4,61.3,19.4,41.9,25.8,16.1,16.1,29,0,0,0,0,12.8,0.378,0.378,0.6,0.59,20.1,18.1,20.08,18.13,1.95,19.5,0.6
2022,111,Russell Wilson,DEN,QB,1,10,TEN,8.657243816254418,100,49,42,21,50,286,6.81,1,0.7,1,10,70.1,4.65,31,6,12.2,38,1,9,0,7,8,0,-5.4,64.9,10.73,397,21.4,1,61.2,50,52.4,59.5,26.2,2.4,7.1,7.1,21,3.09,2.49,4.02,4,1,40.8,20.4,30,3.6,27,56.8,16.2,45.9,27,2.7,24.3,11.9,2,3,1,0,-4.3,-0.089,-0.128,0.31,0.28,15.2,15.9,15.24,15.9,-0.66,14.4,0.8
2022,112,Joe Burrow,CIN,QB,1,13,KC,5.341246290801187,100,36,31,25,80.6,286,9.23,2,1.5,0,15,126.6,9.97,67.7,1,2.8,7,4,23,0,11,46,1,13.4,86.7,7.87,236,9.7,1,50.7,67.7,61.3,83.9,12.9,0,0,3.2,16,2.51,2.69,4.1,5.22,0,50,25,5.6,21.3,26.7,60,13.3,40,30,10,20,12.9,2.8,0,1,0,18.9,0.526,0.479,0.6,0.73,30,26.4,30.04,26.4,3.64,19.4,10.6
2022,113,Trevor Lawrence,JAX,QB,1,5,HST,7.874015748031496,100,50,47,25,53.2,286,6.09,0,0.09,2,15,54,4.17,36.2,0,0,0,3,26,0,4,29,0,-1.9,68.2,10.61,467,12.8,3,50,74.5,44.7,68.1,25.5,4.3,2.1,10.6,16,2.58,2.54,0,4.27,0,16,8,0,-16.6,15.9,52.3,31.8,38.6,29.5,15.9,15.9,4.3,0,1,1,1,-5,-0.101,-0.089,0.24,0.25,12.3,15.7,12.34,15.74,-3.4,9.4,2.9
2022,114,Anthony Brown,BLT,QB,1,18,CIN,88.88888888888889,100,48,44,19,43.2,286,6.5,0,0.09,2,12,46.2,3.88,34.1,4,8.3,10,0,0,0,0,0,0,-9.7,61.5,9.05,353,6.8,2,47.6,63.6,47.7,65.9,22.7,4.5,4.5,11.4,22,2.4,2.55,3.92,0,2,27.1,18.8,30.8,-1.9,10.3,43.6,46.2,38.5,38.5,12.8,10.3,4.5,0,0,2,2,-19.5,-0.407,-0.407,0.2,0.21,8.4,11.7,8.44,11.68,-3.24,9.4,-1
2022,115,Joe Flacco,NYJ,QB,1,3,CIN,27.722772277227726,100,56,52,28,53.8,285,5.48,0,0.4,2,13,53.8,2.89,42.3,4,7.1,33,0,0,0,0,0,0,-7,64.4,9.62,433,13.5,2,43.2,55.8,40.4,65.4,21.2,1.9,7.7,1.9,3,2.51,2.21,2.95,0,0,37.5,28.6,19,6.6,28.9,51.1,20,31.1,24.4,22.2,22.2,11.5,3.6,5,1,0,-23.4,-0.419,-0.419,0.17,0.17,7.4,13.4,7.4,13.39,-5.99,9.4,-2
2022,116,Tua Tagovailoa,MIA,QB,1,10,CLV,7.424593967517401,89.6,32,32,25,78.1,285,8.91,3,3.21,0,16,135,10.78,68.8,0,0,0,0,0,0,1,0,0,6.1,80.6,7.97,247,12.5,3,41.1,78.1,68.8,87.5,9.4,9.4,0,0,0,2.26,1.6,0,0,0,12.5,9.4,0,-16.6,38.7,51.6,9.7,35.5,32.3,9.7,22.6,12.5,6.3,1,0,0,18,0.561,0.507,0.73,0.71,23.4,26.4,23.4,26.4,-3,23.4,0
2022,117,Jalen Hurts,PHI,QB,1,8,PIT,5.914972273567468,81.1,32,28,19,67.9,285,10.18,4,2.43,0,12,140.6,11.19,53.6,3,9.4,18,1,2,0,2,10,0,10.3,77.8,11.44,309,17.9,3,34.4,89.3,60.7,85.7,10.7,7.1,0,7.1,25,2.47,2.46,4.53,3.6,2,15.6,9.4,60,-13,3.7,74.1,22.2,66.7,18.5,11.1,3.7,0,6.3,0,0,0,14.8,0.464,0.475,0.86,0.86,28.4,22.7,28.4,22.7,5.7,27.4,1
2022,118,Dak Prescott,DAL,QB,1,14,HST,9.79020979020979,100,42,39,24,61.5,284,7.28,1,1.63,2,11,70.9,5.17,51.3,1,2.4,7,2,12,0,6,23,0,-0.9,73,8.71,331,5.1,1,34.2,48.7,41,76.9,17.9,5.1,0,7.7,36,2.73,2.36,2.8,4,0,45.2,35.7,5.3,10.7,26.3,47.4,26.3,36.8,26.3,10.5,26.3,20.5,4.8,0,1,0,-3.9,-0.092,-0.024,0.35,0.35,15.7,21.7,15.66,21.71,-6.05,13.4,2.3
2022,119,Brock Purdy,SF,QB,1,17,LV,18.71657754010695,100,35,35,22,62.9,284,8.11,2,3.06,1,15,95.4,7.97,57.1,0,0,0,0,0,0,2,-3,0,2.2,75,8.22,263,14.3,3,57,62.9,34.3,82.9,8.6,2.9,5.7,5.7,19,2.98,3.13,0,0,0,22.9,5.7,0,-18.6,25,50,25,46.9,18.8,15.6,18.8,2.9,0,2,1,0,7.8,0.224,0.224,0.52,0.52,18.1,22.6,18.06,22.6,-4.54,18.4,-0.3
2022,120,Russell Wilson,DEN,QB,1,18,LAC,5.123674911660777,100,29,24,13,54.2,283,11.79,3,2.53,1,8,118.6,10.81,41.7,2,6.9,17,3,9,0,8,18,0,-0.2,61.9,15.81,332,33.3,3,33.9,70.8,58.3,62.5,25,12.5,0,0,0,3.08,2.57,4.5,5.27,2,31,10.3,22.2,-4.8,9.5,76.2,14.3,47.6,33.3,4.8,14.3,0,0,2,1,0,2.9,0.098,0.12,0.8,0.71,24.1,24.6,24.12,24.65,-0.53,22.3,1.8
2022,121,Dak Prescott,DAL,QB,1,17,TEN,10.256410256410255,100,44,41,29,70.7,282,6.88,2,1.67,2,16,85.6,5.33,53.7,1,2.3,8,2,11,0,3,11,0,8.3,82.1,8.13,317,9.8,1,53.2,73.2,53.7,82.9,12.2,4.9,2.4,7.3,25,2.39,2.29,3.2,3.55,0,27.3,18.2,8.3,-1.9,5.1,66.7,28.2,46.2,33.3,15.4,5.1,4.9,4.5,1,1,0,10.8,0.246,0.133,0.42,0.41,17.4,21.3,17.38,21.29,-3.91,17.3,0.1
2022,122,Tom Brady,TB,QB,1,13,NO,7.246376811594203,100,55,54,36,66.7,281,5.2,2,1.37,1,19,84,4.89,51.9,1,1.8,7,0,0,0,1,-1,0,-2.3,76,6,300,5.6,1,60.9,57.4,55.6,77.8,14.8,1.9,1.9,3.7,18,2.33,2.27,3.1,0,1,30.9,23.6,5.9,1.1,28,50,22,28,36,8,28,20.4,1.8,2,2,0,-0.9,-0.017,-0.017,0.33,0.33,18.1,17,18.14,16.95,1.19,18.2,-0.1
2022,123,Tom Brady,TB,QB,1,16,ARZ,6.324110671936759,100,48,48,32,66.7,281,5.85,1,0.85,2,15,71.6,4.4,52.1,0,0,0,0,0,0,2,1,0,-7.6,72.3,5.11,240,10.4,3,82.2,75,47.9,77.1,18.8,4.2,4.2,4.2,0,1.89,1.87,0,0,0,12.5,10.4,0,-10.2,27.7,57.4,14.9,23.4,48.9,2.1,25.5,12.5,6.3,0,0,0,-1.9,-0.039,-0.007,0.28,0.27,13.3,13.9,13.34,13.87,-0.53,13.2,0.1
2022,124,Tom Brady,TB,QB,1,9,LA,7.7733860342556,100,59,58,36,62.1,280,4.83,1,2.02,0,15,79.7,4.95,46.6,1,1.7,8,0,0,0,0,0,0,2.4,80.8,5.58,290,6.9,4,47.5,63.8,56.9,79.3,8.6,5.2,1.7,10.3,32,2.06,1.91,2.5,0,0,28.8,23.7,5.9,3.6,17.3,67.3,15.4,51.9,25,1.9,21.2,13.8,6.8,3,2,1,-4.9,-0.083,-0.083,0.26,0.26,15.2,22.2,15.2,22.21,-7.01,15.2,0
2022,125,Justin Herbert,LAC,QB,1,11,KC,4.874835309617918,100,37,30,23,76.7,280,9.33,2,1.98,1,12,113.2,7,66.7,5,13.5,30,2,12,0,5,17,0,9.1,82.1,9,252,13.3,3,40.7,66.7,56.7,83.3,10,6.7,3.3,0,0,2.64,2.06,3.02,4.55,1,43.2,35.1,31.3,14.4,14.3,78.6,3.6,46.4,35.7,0,14.3,10,10.8,1,1,0,4.1,0.111,0.143,0.52,0.5,20.7,22.5,20.7,22.46,-1.76,18.2,1.7
2022,126,Taylor Heinicke,WAS,QB,1,8,IND,13.058419243986256,100,38,31,23,74.2,279,9,1,0.43,1,13,98.7,7.3,54.8,2,5.3,13,5,28,0,6,29,1,6.5,85.2,5.78,156,6.5,0,57.7,51.6,54.8,74.2,12.9,0,6.5,0,0,2.93,2.63,2.9,4.84,1,39.5,10.5,13.3,6.4,44.4,44.4,11.1,29.6,25.9,11.1,33.3,9.7,0,1,2,0,1.5,0.04,0.06,0.45,0.59,23.1,17.9,23.06,17.94,5.12,14.2,8.9
2022,127,Justin Herbert,LAC,QB,1,1,LV,4.61133069828722,100,35,34,26,76.5,279,8.21,3,2.55,0,12,129.4,9.97,58.8,0,0,0,1,3,0,4,1,0,9.8,84.8,7.15,236,14.7,3,40.9,58.8,61.8,85.3,11.8,5.9,0,5.9,11,2.91,2.52,0,2.8,0,37.1,25.7,0,-1.9,24.2,48.5,27.3,21.2,39.4,18.2,21.2,5.9,5.7,0,0,0,16.9,0.483,0.374,0.67,0.65,23.3,21,23.26,21.05,2.21,23.2,0.1
2022,128,Jacoby Brissett,CLV,QB,1,8,CIN,6.009615384615385,100,25,22,17,77.3,278,12.64,1,1.55,0,12,133.7,12,63.6,2,8,10,1,3,1,6,12,1,25.6,94.7,10.58,201,4.5,1,39.6,45.5,54.5,81.8,4.5,4.5,0,4.5,9,2.95,2.75,4.3,6,1,44,16,18.2,7.8,26.3,73.7,0,47.4,26.3,0,26.3,13.6,0,2,0,1,15,0.6,0.56,0.86,0.83,21.3,21.1,21.32,21.14,0.18,15.1,6.2
2022,129,Kirk Cousins,MIN,QB,1,1,GB,4.70756062767475,100,33,32,23,71.9,277,8.66,2,2.11,0,12,118.9,9.36,46.9,1,3,8,0,0,0,0,0,0,6.9,85.7,4.9,147,0,2,64.3,78.1,46.9,75,18.8,3.1,3.1,3.1,3,2.99,2.77,3.1,0,0,42.4,9.1,7.1,2,16.7,63.3,20,46.7,16.7,26.7,10,3.1,0,2,0,0,9.3,0.281,0.281,0.58,0.58,19.1,17.4,19.08,17.38,1.7,19.1,0
2022,130,Jared Goff,DET,QB,1,3,MIN,6.88,100,43,41,25,61,277,6.76,1,1.21,1,14,79,6.15,46.3,0,0,0,2,8,0,2,8,0,-2.6,70.3,9.11,337,14.6,0,49.8,56.1,48.8,70.7,17.1,0,4.9,2.4,2,2.71,2.05,0,3.3,0,30.2,23.3,0,-5.1,18.9,70.3,10.8,56.8,21.6,5.4,16.2,9.8,2.3,3,0,1,6.2,0.145,0.145,0.35,0.35,14.9,17.3,14.88,17.26,-2.38,14.1,0.8
2022,131,Kyler Murray,ARZ,QB,1,2,LV,11.818181818181818,100,52,49,31,63.3,277,5.65,1,3.02,1,13,76.7,4.9,46.9,1,1.9,7,2,5,1,5,28,1,-6.7,71.1,5.91,266,8.2,4,59.2,67.3,57.1,79.6,12.2,6.1,2,2,-2,2.24,2.58,3.6,5.3,0,23.1,7.7,8.3,-4,22.2,51.1,26.7,35.6,37.8,8.9,17.8,8.2,3.8,3,1,0,-2.9,-0.056,-0.039,0.4,0.42,26.9,29.1,26.88,29.1,-2.22,16.1,10.8
2022,132,Dak Prescott,DAL,QB,1,11,MIN,6.293706293706294,88.6,27,25,22,88,276,11.04,2,1.09,0,9,139.3,12.64,72,0,0,0,2,5,0,3,16,0,10.8,88,6.04,151,12,2,58.3,76,84,92,8,12,0,0,0,2.27,3.43,0,7.5,0,11.1,0,0,-16,32,44,24,36,28,16,20,20,14.8,0,0,0,17.6,0.651,0.696,0.72,0.74,20.6,16,20.64,15.99,4.65,19,1.6
2022,133,Deshaun Watson,CLV,QB,1,14,CIN,23.26732673267327,98.6,47,42,26,61.9,276,6.57,1,0.39,1,12,79.1,5.64,47.6,2,4.3,3,3,19,0,6,33,0,5.5,77.8,9.44,340,9.5,3,36.6,69,42.9,71.4,14.3,2.4,4.8,4.8,4,2.85,2.99,5.15,4.13,0,31.9,6.4,13.3,-3.3,16.7,58.3,25,52.8,22.2,8.3,16.7,2.4,0,2,2,1,0.2,0.003,0.038,0.34,0.35,17.3,18,17.34,17.95,-0.61,14,3.3
2022,134,Mitchell Trubisky,PIT,QB,1,14,BLT,15.897435897435896,84.9,31,30,22,73.3,276,9.2,1,0.45,3,16,73.1,5.03,63.3,1,3.2,5,0,0,0,0,0,0,15.2,83.3,11.1,333,16.7,1,24.6,76.7,53.3,86.7,13.3,6.7,10,10,16,2.81,2.77,3.5,0,0,29,6.5,11.1,-8.3,16.7,56.7,26.7,40,33.3,10,16.7,6.7,3.2,0,0,0,6.6,0.212,0.212,0.39,0.39,12,12.4,12.04,12.37,-0.33,12,0
2022,135,Geno Smith,SEA,QB,1,10,TB,6.1443932411674345,100,40,33,23,69.7,275,8.33,2,1.84,0,15,115.1,7.89,63.6,3,7.5,31,4,22,0,4,22,0,0.4,72.7,8.24,272,9.1,4,43.6,51.5,36.4,87.9,12.1,9.1,0,3,0,2.61,3.02,3.9,4.45,2,32.5,10,23.1,3.6,24.2,48.5,27.3,42.4,21.2,18.2,18.2,6.1,2.5,0,0,0,6.7,0.167,0.167,0.53,0.53,20.2,21,20.2,21.03,-0.83,19,1.2
2022,136,Geno Smith,SEA,QB,1,9,ARZ,5.837173579109063,100,38,34,26,76.5,275,8.09,2,1.61,1,14,106.9,7.17,52.9,2,5.3,12,2,23,0,6,38,0,-2.2,81.3,2.38,76,0,3,78.5,55.9,70.6,85.3,8.8,2.9,5.9,0,0,2.8,2.76,4.15,4.05,1,36.8,18.4,14.3,2.5,21.9,40.6,37.5,40.6,18.8,28.1,12.5,14.7,2.6,2,0,0,1.6,0.042,0.054,0.53,0.55,21.8,16.9,21.8,16.9,4.9,18,3.8
2022,137,Taylor Heinicke,WAS,QB,1,13,NYG,16.151202749140893,100,47,41,27,65.9,275,6.71,2,0.57,0,13,101.2,6.22,41.5,5,10.6,29,1,7,0,2,6,0,-4.6,69.2,7.9,308,9.8,1,57.1,75.6,58.5,68.3,26.8,4.9,4.9,0,0,2.46,2.5,2.88,4.6,1,34,14.9,31.3,5.7,12.8,76.9,10.3,61.5,25.6,2.6,10.3,4.9,0,1,0,0,0,0.001,0.001,0.42,0.42,18.6,13.2,18.6,13.16,5.44,19,-0.4
2022,138,Joe Burrow,CIN,QB,1,3,NYJ,5.786350148367952,100,39,36,23,63.9,275,7.64,3,2.88,0,12,114.9,8.45,44.4,2,5.1,14,1,5,0,5,0,0,2.4,76.5,8.65,294,11.1,4,49.5,75,36.1,91.7,2.8,8.3,5.6,8.3,37,2.65,2.45,3,3.6,1,35.9,23.1,14.3,2.9,26.5,64.7,8.8,35.3,29.4,8.8,26.5,8.3,2.6,1,0,0,12.1,0.311,0.266,0.6,0.56,23,25.2,23,25.19,-2.19,23,0
2022,139,Trevor Lawrence,JAX,QB,1,1,WAS,7.086614173228346,100,45,42,24,57.1,275,6.55,1,1.93,1,13,75,5.34,45.2,2,4.4,15,1,6,0,2,4,0,4.4,74.3,10.46,366,14.3,4,34.9,71.4,47.6,64.3,19,2.4,2.4,4.8,2,2.85,2.76,3.1,4.1,2,31.1,8.9,14.3,-5.4,17.1,71.4,11.4,37.1,37.1,8.6,17.1,2.4,2.2,2,3,0,0.7,0.015,-0.004,0.32,0.31,14.4,18.7,14.4,18.67,-4.27,14,0.4
2022,140,Russell Wilson,DEN,QB,1,5,IND,7.950530035335689,100,45,39,21,53.8,274,7.03,0,0.75,2,11,54.9,3.72,38.5,4,8.9,24,2,24,0,4,22,0,-3.9,66.7,10.5,378,25.6,5,65.3,64.1,51.3,71.8,17.9,5.1,7.7,7.7,10,2.66,2.4,3.25,4.5,3,17.8,8.9,50,-13.4,16.7,58.3,25,38.9,25,16.7,19.4,12.8,0,2,1,0,-11.2,-0.25,-0.25,0.25,0.25,11.2,15.4,11.16,15.38,-4.22,9,2.2
2022,141,Gardner Minshew,PHI,QB,1,17,NO,45.23809523809524,100,38,32,18,56.3,274,8.56,1,0.08,1,9,82,5.82,34.4,6,15.8,28,0,0,0,1,0,0,-10.5,61.3,8.84,274,12.5,0,49.3,71.9,50,59.4,34.4,0,9.4,3.1,23,2.43,2.62,3.92,0,1,28.9,13.2,54.5,2,9.7,71,19.4,58.1,22.6,9.7,9.7,9.4,2.6,0,1,0,-11.3,-0.299,-0.37,0.37,0.36,14,9,13.96,9.01,4.95,14,0
2022,142,Justin Herbert,LAC,QB,1,12,ARZ,6.982872200263504,100,53,47,35,74.5,274,5.83,3,2.36,0,19,109.7,6,53.2,4,7.5,28,2,38,0,4,38,0,2.3,82.2,4.04,182,6.4,4,63.1,44.7,63.8,80.9,14.9,0,0,4.3,-2,2.59,2.1,2.65,3.9,1,47.2,37.7,16,16.3,42.2,48.9,8.9,26.7,28.9,4.4,40,21.3,7.5,0,2,0,4.9,0.092,0.1,0.5,0.5,28.8,23.5,28.76,23.53,5.23,25,3.8
2022,143,Kirk Cousins,MIN,QB,1,4,NO,5.848787446504993,98.5,41,38,25,65.8,273,7.18,1,2.63,1,14,84.6,5.49,44.7,3,7.3,23,0,0,0,0,0,0,17.3,91.2,7.85,267,5.3,1,38.8,68.4,36.8,81.6,2.6,2.6,2.6,15.8,65,2.55,2.59,3.3,0,1,17.1,9.8,42.9,-14.5,11.8,73.5,14.7,70.6,14.7,5.9,8.8,0,2.4,4,0,0,-1.5,-0.035,-0.035,0.34,0.34,13.9,22.1,13.92,22.14,-8.22,13.9,0
2022,144,Justin Herbert,LAC,QB,1,18,DEN,5.006587615283268,82.1,38,37,25,67.6,273,7.38,2,2.2,0,14,107.2,8.11,56.8,1,2.6,5,0,0,0,2,-1,0,6.1,83.3,6.28,226,5.4,2,57.9,62.2,59.5,83.8,10.8,2.7,0,13.5,29,2.49,2.31,3,0,0,23.7,15.8,11.1,-8.4,19.4,58.3,22.2,36.1,36.1,8.3,19.4,18.9,2.6,1,0,0,10.3,0.271,0.241,0.5,0.48,18.8,20.3,18.82,20.33,-1.51,18.9,-0.1
2022,145,Matthew Stafford,LA,QB,1,2,ATL,10.979228486646884,98.4,37,36,27,75,272,7.56,3,2.86,2,16,100.7,6.54,69.4,1,2.7,0,0,0,0,0,0,0,4.3,79.4,7.26,247,8.3,5,50,83.3,66.7,77.8,13.9,5.6,8.3,0,0,2.41,2.53,3.8,0,0,8.1,2.7,33.3,-22.6,5.9,67.6,26.5,47.1,23.5,14.7,14.7,2.8,0,2,0,0,1.4,0.037,0.037,0.56,0.56,20.9,20.4,20.88,20.38,0.5,20.9,0
2022,146,Tom Brady,TB,QB,1,3,GB,5.928853754940711,100,45,42,31,73.8,271,6.45,1,1.12,0,15,98.4,6.02,50,3,6.7,20,0,0,0,1,-1,0,4.5,82.5,5.7,228,4.8,2,48.3,81,52.4,85.7,7.1,0,0,4.8,4,2.04,2.13,3.3,0,0,17.8,13.3,37.5,-5.9,15,67.5,17.5,35,45,7.5,12.5,4.8,0,1,1,0,-6.8,-0.152,-0.152,0.33,0.33,14.7,17.1,14.74,17.07,-2.33,14.8,-0.1
2022,147,Tua Tagovailoa,MIA,QB,1,1,NE,8.352668213457076,100,36,33,23,69.7,270,8.18,1,0.3,0,13,104.4,7.28,57.6,3,8.3,28,0,0,0,2,0,0,4.8,77.4,8.03,249,15.2,0,48.1,63.6,42.4,78.8,15.2,0,6.1,3,11,2.76,2.46,3.3,0,1,36.1,16.7,23.1,1.6,22.6,67.7,9.7,32.3,41.9,9.7,16.1,6.1,5.6,1,0,0,5.9,0.163,0.163,0.41,0.41,14.8,11.3,14.8,11.33,3.47,14.8,0
2022,148,Joe Burrow,CIN,QB,1,12,TEN,6.231454005934718,100,42,37,22,59.5,270,7.3,1,1.08,0,11,91,7.53,43.2,1,2.4,4,4,36,0,9,32,0,-8.6,65.7,7.51,263,10.8,1,36.3,73,54.1,83.8,8.1,10.8,2.7,2.7,11,2.28,3.01,3.6,4.65,0,23.8,9.5,10,-2.2,20,54.3,25.7,48.6,20,14.3,17.1,18.9,4.8,1,1,0,9.7,0.231,0.204,0.44,0.42,18,20.7,18,20.7,-2.7,14.8,3.2
2022,149,Jameis Winston,NO,QB,1,1,ATL,31.007751937984494,100,40,34,23,67.6,269,7.91,2,1.3,0,12,111,7.21,52.9,4,10,35,2,9,0,2,9,0,6.4,77.4,9.13,283,14.7,2,26.4,76.5,47.1,79.4,11.8,8.8,5.9,2.9,9,2.37,2.46,3.58,5.25,1,27.5,20,36.4,1,16.1,64.5,19.4,38.7,48.4,0,12.9,5.9,0,1,0,2,-3.1,-0.076,-0.076,0.49,0.52,21.7,18.7,21.66,18.73,2.93,20.8,0.9
2022,150,Geno Smith,SEA,QB,1,5,NO,4.6082949308755765,98,30,25,16,64,268,10.72,3,1.44,0,9,139.7,10.89,52,3,10,23,2,14,0,3,13,0,14.1,79.2,13.08,314,24,3,26.5,72,52,76,20,20,4,12,30,2.72,2.71,6.03,3.45,2,23.3,10,42.9,-7.4,4.2,62.5,33.3,50,25,20.8,4.2,4,0,1,0,0,3.3,0.109,0.049,0.8,0.77,24,16.2,24.02,16.19,7.83,22.7,1.3
2022,151,Mike White,NYJ,QB,1,14,BUF,25.405405405405407,91.8,47,44,27,61.4,268,6.09,0,0.31,0,13,78.6,5.06,45.5,3,6.4,30,0,0,0,0,0,0,-0.7,73.7,7.5,285,9.1,0,34,72.7,31.8,68.2,18.2,4.5,2.3,2.3,6,2.43,2.37,4.03,0,2,21.3,10.6,30,-8.7,18.4,60.5,21.1,39.5,34.2,15.8,10.5,6.8,0,3,2,0,1.9,0.04,0.04,0.23,0.23,10.7,11.6,10.72,11.61,-0.89,10.7,0
2022,152,Ryan Tannehill,TEN,QB,1,1,NYG,9.433962264150944,100,35,33,20,60.6,266,8.06,2,2.78,0,13,106.4,9,54.5,1,2.9,0,1,9,0,2,7,0,10.7,83.3,9.2,276,12.1,2,40.2,69.7,45.5,75.8,15.2,6.1,0,15.2,13,2.43,2.9,5.1,6.2,0,14.3,5.7,20,-16,16.7,63.3,20,36.7,36.7,13.3,13.3,3,0,1,1,1,9.6,0.274,0.257,0.56,0.55,19.3,21.2,19.34,21.16,-1.82,18.6,0.7
2022,153,Jacoby Brissett,CLV,QB,1,6,NE,11.778846153846153,100,49,45,21,46.7,266,5.91,1,1.55,2,12,54.5,3.84,35.6,4,8.2,8,0,0,0,1,0,0,-0.3,65,13.15,526,22.2,5,26.3,66.7,37.8,68.9,20,6.7,8.9,11.1,29,2.65,2.7,5.03,0,2,22.4,8.2,36.4,-10.4,10,60,30,50,32.5,7.5,10,6.7,0,3,1,0,-10.7,-0.218,-0.291,0.26,0.25,11.6,18.8,11.64,18.78,-7.14,12.6,-1
2022,154,Kirk Cousins,MIN,QB,1,9,WAS,5.991440798858773,98.5,42,40,22,55,265,6.63,2,2.8,1,12,81.8,5.79,35,2,4.8,17,0,0,0,2,-2,0,4.8,71.9,11.81,378,12.5,4,28.7,57.5,42.5,72.5,5,12.5,0,2.5,2,2.77,2.17,2.9,0,0,35.7,26.2,13.3,-0.3,12.5,59.4,28.1,37.5,37.5,15.6,9.4,7.5,0,3,2,0,0.9,0.021,0.017,0.42,0.4,17.4,25.4,17.4,25.37,-7.97,17.6,-0.2
2022,155,Dak Prescott,DAL,QB,1,10,GB,11.188811188811188,100,48,46,27,58.7,265,5.76,3,2.81,2,13,78.6,4.83,43.5,2,4.2,3,0,0,0,4,6,0,0.8,75,7.58,303,10.9,1,40,67.4,50,69.6,17.4,4.3,2.2,6.5,9,2.52,2.36,4.6,0,1,35.4,22.9,11.8,3.3,12.5,65,22.5,42.5,37.5,10,10,6.5,4.2,4,1,0,-6.7,-0.14,-0.043,0.43,0.41,21.2,23.9,21.2,23.94,-2.74,20.6,0.6
2022,156,Kenny Pickett,PIT,QB,1,11,CIN,9.90990990990991,100,44,42,25,59.5,265,6.31,1,1.17,0,10,85.9,6.11,33.3,2,4.5,16,0,0,0,2,14,0,2.5,72.2,9.69,349,16.7,2,28.3,45.2,50,66.7,19,4.8,4.8,2.4,35,3.07,2.49,3.65,0,1,45.5,27.3,10,4.3,19.4,41.7,38.9,27.8,30.6,25,16.7,11.9,0,5,0,0,-2.2,-0.05,-0.029,0.33,0.35,16,16.8,16,16.77,-0.77,14.6,1.4
2022,157,Ryan Tannehill,TEN,QB,1,3,LV,7.547169811320755,100,28,27,19,70.4,264,9.78,1,1.19,1,13,98.4,8.11,59.3,1,3.6,12,0,0,0,4,2,1,13.3,87,7.83,180,11.1,0,51.5,66.7,66.7,74.1,11.1,3.7,3.7,3.7,14,2.49,2.36,2.4,0,0,17.9,10.7,20,-13.9,26.1,52.2,21.7,30.4,30.4,13,26.1,14.8,7.1,2,2,0,12.2,0.436,0.432,0.48,0.66,19.8,18.4,19.76,18.38,1.38,13.6,6.2
2022,158,Geno Smith,SEA,QB,1,14,CAR,6.451612903225806,100,42,36,21,58.3,264,7.33,3,1.24,2,13,85.9,5.41,36.1,3,7.1,23,3,20,0,3,20,0,-2.9,62.9,12.06,422,16.7,4,20.5,77.8,41.7,61.1,36.1,5.6,13.9,2.8,12,2.77,2.45,5.03,5.17,1,38.1,21.4,18.8,5.6,14.3,68.6,17.1,48.6,22.9,17.1,11.4,5.6,0,1,0,0,0.3,0.007,0.007,0.54,0.54,22.6,17.4,22.56,17.42,5.14,20.6,2
2022,159,Patrick Mahomes,KC,QB,1,3,IND,5.555555555555555,98.3,40,35,20,57.1,262,7.49,1,2.06,1,12,78.5,6.44,45.7,1,2.5,5,4,26,0,4,26,0,3.2,75.9,8.97,269,8.6,3,63.7,51.4,51.4,74.3,11.4,2.9,0,5.7,26,2.89,2.76,4,5.05,0,30,10,8.3,-5,16.7,53.3,30,50,33.3,3.3,13.3,5.7,2.5,4,1,0,8.7,0.218,0.218,0.4,0.4,18.1,20.6,18.08,20.55,-2.47,15.5,2.6
2022,160,Trevor Lawrence,JAX,QB,1,3,LAC,6.299212598425196,98.7,40,39,28,71.8,262,6.72,3,4.73,0,16,115.5,8.26,61.5,0,0,0,1,6,0,3,7,0,3.5,81.1,5.59,207,7.7,6,64.9,71.8,48.7,79.5,15.4,5.1,2.6,5.1,5,2.14,2.37,0,4.5,0,22.5,10,0,-3.8,18.9,73,8.1,43.2,48.6,0,8.1,0,15,0,1,0,13.1,0.327,0.372,0.58,0.57,25.2,34.7,25.18,34.69,-9.51,24.5,0.7
2022,161,Dak Prescott,DAL,QB,1,12,NYG,7.226107226107226,100,31,30,21,70,261,8.7,2,1.21,2,13,91.1,7.03,53.3,0,0,0,1,5,0,2,4,0,6.7,72.4,12.59,365,20,2,32.6,76.7,53.3,80,13.3,6.7,3.3,0,0,2.53,2.23,0,4.5,0,51.6,35.5,0,19,10.3,65.5,24.1,55.2,17.2,17.2,10.3,3.3,0,1,0,0,11.6,0.373,0.373,0.55,0.54,16.8,14.3,16.84,14.26,2.58,16.4,0.4
2022,162,Tua Tagovailoa,MIA,QB,1,7,PIT,8.816705336426914,100,38,35,21,60,261,7.46,1,2.05,0,12,92.7,8.03,45.7,0,0,0,3,16,0,4,15,0,-3,68.6,9.4,329,5.7,1,39.5,65.7,51.4,74.3,22.9,0,8.6,8.6,13,2.2,2,0,4.23,0,15.8,13.2,0,-10,20,60,20,48.6,25.7,11.4,14.3,11.4,10.5,0,0,0,5,0.13,0.13,0.42,0.42,15.9,21.1,15.94,21.12,-5.18,14.4,1.5
2022,163,Andy Dalton,NO,QB,1,11,LA,6.763285024154589,69.6,28,25,21,84,260,10.4,3,2.48,0,13,149.6,10.29,64,3,10.7,32,0,0,0,2,-2,0,15.3,91.7,7.25,174,8,2,43.8,76,80,88,8,8,0,4,-4,2.01,2.12,4,0,1,35.7,25,30,13.6,25,45.8,29.2,37.5,33.3,12.5,16.7,12,3.6,1,0,0,10.7,0.381,0.381,0.8,0.79,22.2,18.3,22.2,18.33,3.87,22.4,-0.2
2022,164,Kirk Cousins,MIN,QB,1,3,DET,5.991440798858773,100,42,41,24,58.5,260,6.34,2,1.9,0,16,93.5,6.9,46.3,1,2.4,10,0,0,0,1,-1,0,0.3,74.3,8.6,301,9.8,2,48.1,58.5,46.3,68.3,17.1,2.4,2.4,4.9,18,2.69,2.39,4.5,0,1,33.3,16.7,7.1,-2.4,11.4,62.9,25.7,48.6,14.3,28.6,8.6,4.9,0,4,1,1,-1.4,-0.033,-0.033,0.44,0.45,18.3,17.1,18.3,17.12,1.18,18.4,-0.1
2022,165,Derek Carr,LV,QB,1,9,JAX,6.998158379373849,100,38,36,21,58.3,259,7.19,2,1.97,0,11,99.2,7.58,38.9,2,5.3,11,0,0,0,0,0,0,-8.1,61.1,10.14,365,19.4,1,46.3,58.3,36.1,69.4,30.6,11.1,5.6,2.8,22,2.84,2.13,3.3,0,1,50,42.1,10.5,13,16.7,69.4,13.9,50,25,5.6,19.4,11.1,0,0,0,0,7.9,0.209,0.209,0.48,0.48,18.4,17.7,18.36,17.66,0.7,18.4,0
2022,166,Trevor Lawrence,JAX,QB,1,10,KC,7.559055118110236,100,48,40,29,72.5,259,6.47,2,1.08,0,14,106.1,6.22,55,5,10.4,19,3,25,0,4,26,0,11.5,86.1,7.44,268,20,3,50.6,85,57.5,80,10,7.5,0,5,22,2.09,2.27,3.8,4.53,2,27.1,16.7,38.5,5.3,13.9,72.2,13.9,50,36.1,0,13.9,2.5,8.3,1,3,0,7.9,0.165,0.126,0.43,0.43,21,17.6,20.96,17.55,3.41,18.4,2.6
2022,167,Tom Brady,TB,QB,1,10,SEA,3.820816864295125,100,29,29,22,75.9,258,8.9,2,1.77,1,15,111,8.72,69,0,0,0,0,0,0,6,-3,0,7.3,78.6,9.11,255,13.8,1,36.4,72.4,41.4,82.8,13.8,6.9,6.9,0,0,2.63,2.83,0,0,0,13.8,6.9,0,-21.7,7.1,75,17.9,35.7,39.3,17.9,7.1,0,0,0,1,0,15.3,0.528,0.528,0.6,0.59,17,16.8,17.02,16.81,0.21,17.3,-0.3
2022,168,Jacoby Brissett,CLV,QB,1,7,BLT,8.173076923076923,100,34,27,22,81.5,258,9.56,0,0.35,0,8,106.5,6.97,51.9,5,14.7,35,2,17,0,3,18,0,11.3,88,7.04,176,7.4,0,41.5,59.3,55.6,81.5,11.1,7.4,0,0,0,2.62,2.33,3.52,4.5,1,38.2,26.5,38.5,10.2,16,48,36,36,36,12,16,7.4,0,1,1,0,0.3,0.008,0.056,0.35,0.35,11.1,13.1,11.12,13.13,-2.01,10.3,0.8
2022,169,Kenny Pickett,PIT,QB,1,7,MIA,11.036036036036036,100,49,44,32,72.7,257,5.84,1,0.43,3,14,66.2,2.85,54.5,2,4.1,11,3,20,0,3,20,0,7.3,83.3,6.95,292,9.1,2,45.5,59.1,65.9,79.5,13.6,4.5,4.5,6.8,26,2.41,2.47,4.1,3.7,0,26.5,12.2,15.4,-2,14.3,57.1,28.6,33.3,31,21.4,14.3,11.4,2,1,0,1,-5.3,-0.108,-0.108,0.27,0.28,13.3,16.4,13.28,16.43,-3.15,11.3,2
2022,170,Dak Prescott,DAL,QB,1,15,JAX,7.925407925407925,100,34,30,23,76.7,256,8.53,3,3.26,2,14,107.1,6.45,66.7,3,8.8,13,1,1,0,5,20,0,6.6,80,8.13,244,10,4,47.3,56.7,50,90,10,3.3,3.3,3.3,4,2.89,2.4,4.17,7,1,50,26.5,17.6,14.8,23.3,60,16.7,30,36.7,13.3,20,16.7,0,0,0,0,2.9,0.087,0.141,0.6,0.59,22.2,25.6,22.24,25.55,-3.31,20.2,2
2022,171,Jared Goff,DET,QB,1,2,WAS,5.92,100,37,34,20,58.8,256,7.53,4,2.47,0,12,121.7,8.49,47.1,3,8.1,22,0,0,0,2,-2,0,-5.5,67.6,8.85,301,14.7,7,52.3,61.8,47.1,76.5,23.5,11.8,2.9,8.8,42,2.42,2.05,3.53,0,1,29.7,21.6,27.3,0.4,20.6,55.9,23.5,38.2,38.2,5.9,17.6,8.8,0,0,0,0,1.2,0.033,0.033,0.71,0.7,26,19.7,26.04,19.68,6.36,26.2,-0.2
2022,172,Aaron Rodgers,GB,QB,1,3,TB,6.132879045996593,100,36,35,27,77.1,255,7.29,2,1.79,1,11,103.9,6.75,51.4,1,2.8,7,0,0,0,1,-1,0,2.8,82.4,4.74,161,11.4,0,73.7,57.1,60,80,14.3,2.9,2.9,2.9,-3,2.21,2.31,3.2,0,0,27.8,16.7,10,0.3,20.6,52.9,26.5,41.2,35.3,11.8,11.8,25.7,16.7,1,0,0,0.7,0.02,0.02,0.48,0.47,17.1,16.1,17.1,16.14,0.96,17.2,-0.1
2022,173,Ryan Tannehill,TEN,QB,1,10,DEN,10.242587601078167,98.3,38,36,19,52.8,255,7.08,2,0.88,0,11,94.1,7.68,47.2,1,2.6,11,1,11,0,2,12,0,-3.7,70.6,7.85,267,8.3,2,49,80.6,58.3,69.4,25,0,8.3,13.9,19,2.22,2.59,3,4.4,0,23.7,15.8,11.1,-3.2,14.7,55.9,29.4,29.4,50,8.8,11.8,8.3,2.6,0,2,0,6,0.157,0.157,0.51,0.5,19.4,14.1,19.4,14.06,5.34,18.2,1.2
2022,174,Jared Goff,DET,QB,1,17,CHI,4.8,90,30,29,21,72.4,255,8.79,3,1.7,0,14,133.5,10.2,58.6,1,3.3,9,0,0,0,1,2,0,1.2,75.9,6.9,200,3.4,0,50.2,72.4,58.6,79.3,20.7,3.4,0,3.4,15,2.62,2.38,3.5,0,0,33.3,20,10,-0.8,20.7,55.2,24.1,44.8,24.1,13.8,17.2,6.9,3.3,0,0,0,5.8,0.192,0.202,0.74,0.72,22.4,16.7,22.4,16.73,5.67,22.2,0.2
2022,175,Matthew Stafford,LA,QB,1,4,SF,16.61721068249258,100,56,48,32,66.7,254,5.29,0,0.88,1,16,71,2.82,58.3,7,12.5,54,1,4,0,2,6,0,-6.1,71.7,5.67,261,6.3,4,53.5,66.7,47.9,70.8,22.9,0,6.3,2.1,6,2.5,2.18,3.19,4.5,0,39.3,30.4,31.8,10.9,8.7,58.7,32.6,34.8,23.9,30.4,10.9,2.1,0,0,2,0,-13,-0.231,-0.231,0.17,0.17,8.8,15.1,8.76,15.14,-6.38,9.2,-0.4
2022,176,Ryan Tannehill,TEN,QB,1,14,JAX,11.859838274932615,100,44,38,25,65.8,254,6.68,2,2.38,1,14,91.3,5.29,55.3,4,9.1,27,2,16,0,2,16,0,2.4,73.7,9.55,363,15.8,4,40.2,76.3,36.8,84.2,15.8,2.6,2.6,7.9,9,2.49,2.31,3.15,4.65,0,38.6,22.7,23.5,10.1,18.4,52.6,28.9,28.9,47.4,5.3,18.4,15.8,0,0,0,0,-7.6,-0.174,-0.174,0.43,0.43,19.8,22.9,19.76,22.87,-3.11,19.2,0.6
2022,177,Lamar Jackson,BLT,QB,1,12,JAX,9.788359788359788,100,37,32,16,50,254,7.94,1,4.47,0,10,87.2,8.27,40.6,1,2.7,1,4,41,0,14,89,0,9.4,75.9,12.97,376,25,3,36.6,65.6,40.6,71.9,18.8,9.4,0,18.8,73,3.01,2.8,3,4.4,1,48.6,24.3,5.6,12.3,17.2,37.9,44.8,37.9,34.5,24.1,3.4,3.1,8.1,2,0,0,11.1,0.3,0.239,0.49,0.5,24.1,42.9,24.06,42.92,-18.86,16.2,7.9
2022,178,Josh Allen,BUF,QB,1,18,NE,5.529953917050691,100,36,31,19,61.3,254,8.19,3,2.69,1,10,106.1,7.64,48.4,2,5.6,17,3,15,0,9,16,0,9.3,73.3,14.37,431,25.8,5,20.9,58.1,25.8,74.2,22.6,12.9,3.2,9.7,69,3.13,2.63,6.3,4.67,0,38.9,13.9,14.3,0.9,10,83.3,6.7,63.3,23.3,3.3,10,6.5,5.6,0,0,0,9,0.249,0.227,0.63,0.58,22.8,25.2,22.76,25.25,-2.49,21.2,1.6
2022,179,Justin Fields,CHI,QB,1,13,GB,6.150341685649203,100,27,25,20,80,254,10.16,0,0.89,2,8,75.7,6.56,52,0,0,0,2,7,0,6,71,1,8.4,80,10.12,253,16,0,23.2,68,56,84,16,12,8,0,0,3.01,2.77,0,5.5,0,29.6,7.4,0,-9.3,20,52,28,48,20,16,16,8,7.4,0,0,0,-2,-0.073,0.137,0.33,0.71,21.3,19.1,21.26,19.09,2.17,8.2,13.1
2022,180,Tom Brady,TB,QB,1,14,SF,7.378129117259552,100,56,55,34,61.8,253,4.6,1,0.75,2,14,63.7,3.33,38.2,0,0,0,1,1,0,2,0,0,-4.1,72,7.04,352,5.5,4,43.5,61.8,45.5,74.5,16.4,3.6,3.6,3.6,0,2.47,2.43,0,4,0,25,12.5,0,-7.1,24,56,20,40,34,2,24,16.4,0,1,1,0,-11.3,-0.202,-0.202,0.22,0.22,12.1,17.3,12.12,17.33,-5.21,12.1,0
2022,181,Matthew Stafford,LA,QB,1,6,CAR,10.089020771513352,100,34,33,26,78.8,253,7.67,1,0.76,1,16,96.1,6.59,60.6,1,2.9,4,0,0,0,2,-3,0,7.2,83.9,4.29,133,3,3,65.2,75.8,66.7,84.8,9.1,0,0,0,0,2.31,2.86,4.4,0,0,14.7,2.9,20,-14.3,16.1,77.4,6.5,38.7,38.7,0,22.6,3,2.9,2,0,0,3.1,0.09,0.09,0.39,0.38,12.8,10.9,12.82,10.93,1.89,13.1,-0.3
2022,182,Jimmy Garoppolo,SF,QB,1,5,CAR,9.72644376899696,98.4,32,30,18,60,253,8.43,2,1.96,0,12,109.4,8.88,53.3,2,6.3,9,0,0,0,1,-1,0,-4.7,69,7.83,227,6.7,2,61.3,76.7,46.7,76.7,20,3.3,3.3,6.7,12,2.43,1.52,3.7,0,0,18.8,18.8,33.3,-11.2,24.1,55.2,20.7,31,34.5,20.7,13.8,0,3.1,0,1,0,13.6,0.426,0.426,0.57,0.56,18,15.3,18.02,15.29,2.73,18.1,-0.1
2022,183,Marcus Mariota,ATL,QB,1,8,CAR,8.732394366197182,100,31,28,20,71.4,253,9.04,3,1.03,2,14,105.2,6.97,60.7,2,6.5,14,1,4,0,6,43,0,6.1,77.8,10.81,292,14.3,2,66,60.7,39.3,78.6,17.9,0,7.1,3.6,2,2.87,2.82,6.2,3.7,1,48.4,25.8,13.3,12.6,18.5,48.1,33.3,51.9,25.9,11.1,11.1,3.6,9.7,0,1,0,6.3,0.202,0.211,0.66,0.7,24.4,14.4,24.42,14.43,9.99,20.1,4.3
2022,184,Josh Allen,BUF,QB,1,12,DET,7.680491551459294,100,50,42,24,57.1,253,6.02,2,2.33,1,16,80.8,5.16,47.6,3,6,16,5,46,0,10,78,1,0.7,71.8,9.62,375,19,4,21.3,64.3,42.9,73.8,19,9.5,2.4,9.5,38,2.76,2.38,4.83,3.82,1,40,26,15,8.4,15.4,76.9,7.7,51.3,30.8,5.1,12.8,9.5,12,3,0,0,2.9,0.059,0.133,0.43,0.56,30.9,34.7,30.92,34.7,-3.78,17.1,13.8
2022,185,Russell Wilson,DEN,QB,1,8,JAX,6.18374558303887,100,35,30,18,60,252,8.4,1,0.35,1,11,84.3,6.21,46.7,3,8.6,22,2,14,0,4,17,0,6.3,76,11.52,288,16.7,0,46.8,53.3,46.7,70,13.3,6.7,6.7,3.3,4,2.67,2.88,2.37,3.35,0,28.6,8.6,30,-2.4,20,60,20,36,36,8,20,13.3,2.9,3,1,1,4.3,0.122,0.12,0.41,0.41,14.8,12.5,14.78,12.46,2.32,13.1,1.7
2022,186,Derek Carr,LV,QB,1,2,ARZ,7.550644567219153,100,41,39,25,64.1,252,6.46,2,2.93,0,14,99.5,7.1,43.6,1,2.4,8,1,9,0,1,9,0,-7.4,69.4,6.27,232,7.7,3,59.9,82.1,51.3,69.2,25.6,0,2.6,0,0,2.16,2.35,2.7,4.2,0,26.8,17.1,9.1,0.8,5.4,64.9,29.7,45.9,43.2,5.4,5.4,0,2.4,0,1,0,-3.8,-0.092,-0.092,0.46,0.46,19,21.7,18.98,21.74,-2.76,18.1,0.9
2022,187,Jared Goff,DET,QB,1,15,NYJ,6.08,100,38,38,23,60.5,252,6.63,1,0.18,0,14,88.9,7.16,44.7,0,0,0,0,0,0,0,0,0,-3,76.5,5.11,184,5.3,1,69,50,55.3,73.7,18.4,0,0,7.9,7,2.78,2.43,0,0,0,39.5,26.3,0,1.5,33.3,52.8,13.9,19.4,36.1,11.1,33.3,23.7,0,2,0,0,11.7,0.308,0.308,0.37,0.37,14.1,9.3,14.08,9.3,4.78,14.1,0
2022,188,Mac Jones,NE,QB,1,2,PIT,7.661290322580645,100,38,35,21,60,252,7.2,1,0.39,1,10,79.7,6.49,48.6,0,0,0,3,11,0,7,6,0,-8,64.7,8.97,305,8.6,0,33.7,68.6,40,71.4,25.7,0,8.6,2.9,4,2.83,2.75,0,4.03,0,15.8,2.6,0,-20,11.8,76.5,11.8,38.2,47.1,2.9,11.8,5.7,2.6,1,0,0,5.4,0.143,0.15,0.37,0.35,13.7,14,13.68,14.01,-0.33,13.1,0.6
2022,189,Zach Wilson,NYJ,QB,1,4,PIT,14.028776978417264,100,39,36,18,50,252,7,1,0.67,2,11,59,4.81,33.3,1,2.6,4,2,15,0,2,15,0,3.8,76.7,8.67,260,8.3,0,40.5,55.6,44.4,66.7,16.7,2.8,8.3,13.9,50,3.3,2.49,2.6,5,0,33.3,20.5,7.7,-10.1,26.7,56.7,16.7,40,23.3,16.7,20,16.7,2.6,4,1,0,0.9,0.022,0.022,0.35,0.35,20.8,22.3,20.78,22.26,-1.48,12.1,1.5
2022,190,Aaron Rodgers,GB,QB,1,4,NE,6.303236797274275,100,37,35,21,60,251,7.17,2,1.06,1,12,89.1,6.64,45.7,1,2.7,7,1,1,0,1,1,0,-0.5,71,9.48,294,20,1,53.4,68.6,48.6,68.6,20,11.4,2.9,2.9,-6,2.15,2.27,3,4,1,21.6,13.5,12.5,-4.1,16.1,74.2,9.7,48.4,29,9.7,12.9,5.7,5.4,4,0,0,-4.8,-0.129,-0.129,0.46,0.46,17.1,13.9,17.14,13.92,3.22,17,0.1
2022,191,Matt Ryan,IND,QB,1,5,DEN,9.430255402750491,100,48,41,26,63.4,251,6.12,0,0.06,2,13,60.1,2.34,46.3,6,12.5,51,1,1,0,1,1,0,2.9,80,6.29,220,2.4,0,48.6,43.9,46.3,73.2,9.8,0,4.9,4.9,14,2.63,2.07,3.25,3.2,2,39.6,29.2,31.6,9.3,25.7,60,14.3,48.6,22.9,8.6,20,19.5,0,4,0,1,-12.7,-0.264,-0.264,0.17,0.17,8.1,11.6,8.14,11.6,-3.46,8,0.1
2022,192,Derek Carr,LV,QB,1,13,LAC,5.524861878453039,100,30,30,16,53.3,250,8.33,2,1.39,1,11,89.6,8.17,36.7,0,0,0,0,0,0,0,0,0,7.4,73.1,12.23,318,23.3,2,29.6,70,56.7,76.7,10,6.7,0,10,18,3.07,2.94,0,0,0,46.7,20,0,3.7,11.5,76.9,11.5,57.7,23.1,7.7,11.5,3.3,0,4,0,0,-7.9,-0.263,-0.263,0.57,0.57,17,16.5,17,16.52,0.48,17,0
2022,193,Dak Prescott,DAL,QB,1,8,CHI,6.526806526806526,100,28,27,21,77.8,250,9.26,2,2.25,1,15,114.5,8.46,77.8,1,3.6,8,0,0,0,5,34,1,9.9,84,7.64,191,11.1,3,41.2,85.2,48.1,81.5,11.1,7.4,0,0,0,2.34,2.44,2.7,0,0,25,17.9,14.3,-4.3,12,52,36,32,44,8,16,0,7.1,1,0,0,14.7,0.526,0.597,0.61,0.85,26.4,24.6,26.4,24.57,1.83,17,9.4
2022,194,Sam Darnold,CAR,QB,1,16,DET,13.836477987421384,100,22,22,15,68.2,250,11.36,1,1.11,0,11,121.4,12.27,54.5,0,0,0,0,0,0,6,19,1,-1.6,76.2,6.19,130,9.1,0,63.6,68.2,54.5,77.3,18.2,4.5,0,4.5,5,2.31,2.5,0,0,0,36.4,27.3,0,6.4,4.8,71.4,23.8,28.6,38.1,23.8,9.5,4.5,22.7,1,0,0,14.3,0.65,0.621,0.64,0.81,21.9,18.6,21.9,18.63,3.27,14,7.9
2022,195,Kyler Murray,ARZ,QB,1,5,PHI,10,98.6,44,42,28,66.7,250,5.95,1,0.13,1,16,80.5,4.98,54.8,1,2.3,11,1,5,0,4,42,0,1,76.3,7,266,9.5,1,62,71.4,50,73.8,16.7,0,2.4,2.4,10,2.25,2.05,3.1,5,0,29.5,27.3,7.7,1.7,13.2,60.5,26.3,47.4,36.8,5.3,10.5,4.8,6.8,2,0,2,6.2,0.14,0.169,0.31,0.38,17.2,12.9,17.2,12.93,4.27,13,4.2
2022,196,Matthew Stafford,LA,QB,1,3,ARZ,8.011869436201781,100,27,25,18,72,249,9.96,0,1.2,0,10,103.6,9.19,56,1,3.7,10,1,4,0,3,2,0,6,80,8.12,203,12,1,72.7,76,56,80,20,8,4,8,30,2.41,2.46,2.7,3.8,0,25.9,14.8,14.3,-3.6,4,76,20,44,36,16,4,4,11.1,0,0,0,11,0.406,0.406,0.38,0.38,10.2,13.5,10.16,13.49,-3.33,10,0.2
2022,197,Taylor Heinicke,WAS,QB,1,15,NYG,11.34020618556701,100,33,29,17,58.6,249,8.59,1,2.11,0,10,98.2,7.75,37.9,3,9.1,21,1,9,0,3,33,0,2,69.2,12.77,332,24.1,4,35.7,62.1,58.6,79.3,10.3,6.9,10.3,3.4,4,2.82,2.79,3.83,4.3,0,36.4,15.2,25,2.4,19.2,69.2,11.5,42.3,34.6,7.7,15.4,20.7,0,1,0,0,-9.2,-0.279,-0.197,0.45,0.49,15.3,19.6,15.26,19.64,-4.38,14,1.3
2022,198,Patrick Mahomes,KC,QB,1,4,TB,5.972222222222222,100,43,37,23,62.2,249,6.73,3,3.42,1,17,97.7,6.08,54.1,3,7,21,3,25,0,4,34,0,0.3,73.5,8.29,282,10.8,4,51.8,73,48.6,73,18.9,8.1,5.4,5.4,16,2.53,2.3,2.8,3.13,1,27.9,18.6,25,-1.1,8.8,55.9,35.3,44.1,41.2,5.9,8.8,0,4.7,3,0,0,11.8,0.274,0.291,0.55,0.55,24.4,26.5,24.36,26.46,-2.1,21,3.4
2022,199,Derek Carr,LV,QB,1,10,IND,7.366482504604052,100,40,38,24,63.2,248,6.53,2,1.08,0,11,99.5,6.8,47.4,2,5,16,0,0,0,0,0,0,-5,70.3,8.22,304,13.2,3,73.4,73.7,60.5,78.9,18.4,2.6,2.6,5.3,9,2.57,2.21,4.7,0,1,27.5,17.5,18.2,-5.2,32.4,56.8,10.8,40.5,21.6,5.4,32.4,15.8,0,0,1,0,2.9,0.073,0.073,0.45,0.45,17.9,13.2,17.92,13.24,4.68,17.9,0
2022,200,Russell Wilson,DEN,QB,1,11,LV,6.18374558303887,100,35,31,24,77.4,247,7.97,0,0.31,0,12,99.8,6.65,58.1,3,8.6,21,1,8,0,1,8,0,12.5,89.3,6.68,187,12.9,1,61.1,54.8,61.3,80.6,9.7,3.2,0,3.2,5,2.69,2.58,4.03,3.9,0,37.1,20,23.1,4.8,32.1,42.9,25,25,32.1,17.9,25,19.4,0,3,0,0,3.9,0.111,0.111,0.31,0.31,10.7,11.3,10.68,11.27,-0.59,9.9,0.8
2022,201,Russell Wilson,DEN,QB,1,14,KC,7.950530035335689,85.5,45,36,23,63.9,247,6.86,3,1.2,1,9,100.1,5.07,38.9,6,13.3,49,3,44,0,4,57,0,9,87.1,5.65,175,5.6,2,69.2,52.8,58.3,75,11.1,2.8,2.8,11.1,19,2.98,2.81,3.72,4.67,1,42.2,15.6,31.6,9,25.8,41.9,32.3,22.6,41.9,9.7,25.8,11.1,0,2,3,0,-2.9,-0.064,-0.04,0.56,0.58,26.6,16.4,26.58,16.43,10.15,20.9,5.7
2022,202,Tom Brady,TB,QB,1,12,CLV,6.0606060606060606,100,46,43,29,67.4,246,5.72,2,1.73,0,9,97.6,5.85,44.2,3,6.5,17,0,0,0,1,2,0,-4.3,69,8.52,358,16.3,1,68.7,79.1,58.1,76.7,18.6,4.7,0,0,0,2.29,2.57,3.5,0,0,21.7,10.9,30,-6,21.4,66.7,11.9,42.9,33.3,0,23.8,18.6,2.2,0,1,0,-1.7,-0.037,-0.004,0.39,0.38,18,18.3,18.04,18.26,-0.22,17.8,0.2
2022,203,Aaron Rodgers,GB,QB,1,6,NYJ,7.666098807495741,94.2,45,41,26,63.4,246,6,1,0.76,0,9,88.1,5.11,46.3,4,8.9,36,0,0,0,1,0,0,2.4,75,9.03,361,14.6,0,38.6,68.3,53.7,82.9,14.6,7.3,4.9,9.8,-5,2.66,2.43,3.02,0,1,26.7,13.3,33.3,-6.1,22.5,47.5,30,40,30,10,20,17.1,6.7,1,0,0,-13.3,-0.295,-0.393,0.31,0.3,12.8,15.5,12.84,15.52,-2.68,13.8,-1
2022,204,Colt McCoy,ARZ,QB,1,14,NE,32.6797385620915,95.7,50,40,27,67.5,246,6.15,0,0.38,1,11,73.5,3.39,42.5,6,12,45,4,24,0,5,24,0,-3.1,71.8,7.13,278,10,2,50,65,50,75,22.5,5,2.5,2.5,25,2.36,2.56,3.35,4.77,0,34,20,35.3,9.4,17.9,61.5,20.5,41,28.2,12.8,17.9,12.5,0,0,0,0,-28,-0.561,-0.567,0.22,0.22,11.2,17.8,11.24,17.84,-6.6,8.8,2.4
2022,205,Davis Mills,HST,QB,1,4,LAC,7.400379506641366,100,39,35,26,74.3,246,7.03,2,0.47,2,11,88.5,4.23,37.1,4,10.3,31,0,0,0,0,0,0,4.2,80,7.26,254,14.3,1,41.5,65.7,51.4,88.6,11.4,5.7,5.7,5.7,12,2.51,2.41,3.67,0,1,33.3,20.5,30.8,3.4,31.4,45.7,22.9,28.6,25.7,20,25.7,14.3,5.1,0,0,0,-8.7,-0.223,-0.223,0.41,0.41,15.8,12.6,15.84,12.59,3.25,15.8,0
2022,206,Mac Jones,NE,QB,1,11,NYJ,6.653225806451612,100,33,27,23,85.2,246,9.11,0,0.06,0,8,104.6,6,55.6,6,18.2,48,0,0,0,2,3,0,5,85.2,4.41,119,3.7,0,69.9,66.7,55.6,96.3,3.7,0,0,0,0,2.54,2.29,3.25,0,1,24.2,18.2,75,-3.6,29.6,51.9,18.5,40.7,25.9,0,33.3,14.8,3,0,0,0,-1.3,-0.039,-0.024,0.3,0.29,10.1,9.5,10.14,9.55,0.59,9.8,0.3
2022,207,Justin Herbert,LAC,QB,1,9,ATL,5.797101449275362,100,44,43,30,69.8,245,5.7,1,1,1,16,82,5.12,51.2,0,0,0,1,3,0,1,3,0,14.3,91.9,6.37,242,9.3,2,51,53.5,55.8,79.1,9.3,0,0,9.3,16,2.58,2,0,3.3,0,15.9,13.6,0,-18,23.7,57.9,18.4,34.2,31.6,10.5,23.7,4.7,6.8,1,4,0,4.3,0.097,0.097,0.3,0.3,13.1,15.9,13.1,15.9,-2.8,12.8,0.3
2022,208,Davis Mills,HST,QB,1,3,CHI,6.261859582542694,98.2,33,32,20,62.5,245,7.66,1,0.77,2,9,70.4,5.06,46.9,1,3,8,0,0,0,0,0,0,-5.3,69,7.31,212,3.1,2,63.7,56.3,50,81.3,9.4,0,3.1,0,0,2.48,2.32,2.8,0,0,15.2,9.1,20,-16.7,20.7,48.3,31,44.8,20.7,13.8,20.7,12.5,3,1,2,0,-5.7,-0.174,-0.174,0.36,0.36,11.8,12.5,11.8,12.46,-0.66,11.8,0
2022,209,Kenny Pickett,PIT,QB,1,16,LV,9.00900900900901,100,40,39,26,66.7,244,6.26,1,1.02,1,13,81.6,5.62,48.7,0,0,0,1,6,0,3,9,0,11.1,88.2,5.65,192,0,1,41.8,53.8,41,76.9,10.3,2.6,5.1,10.3,16,3.23,3.42,0,5.7,0,40,5,0,-4.6,32.4,38.2,29.4,26.5,23.5,17.6,32.4,12.8,2.5,4,1,0,1.6,0.04,0.106,0.33,0.33,13.7,15.6,13.66,15.61,-1.95,12.8,0.9
2022,210,Tom Brady,TB,QB,1,6,PIT,5.533596837944664,100,42,40,25,62.5,243,6.08,1,1.2,0,11,87.8,5.93,45,2,4.8,14,0,0,0,1,0,0,3.3,75,7.33,264,5,3,44.9,62.5,37.5,72.5,17.5,7.5,0,5,2,2.29,2.62,2.65,0,0,14.3,9.5,33.3,-14,27.8,55.6,16.7,33.3,30.6,11.1,25,5,0,3,0,1,8.7,0.208,0.177,0.33,0.33,13.7,14.8,13.72,14.8,-1.08,13.7,0
2022,211,Matt Ryan,IND,QB,1,7,TEN,9.430255402750491,100,48,44,33,75,243,5.52,1,0.69,2,12,76.2,3.34,56.8,3,6.3,16,1,2,0,1,2,0,8.9,89.5,4.21,160,2.3,1,53.9,45.5,50,79.5,6.8,0,4.5,2.3,6,2.46,1.98,3.43,4.5,0,35.4,31.3,17.6,5.6,31.6,63.2,5.3,36.8,31.6,2.6,28.9,25,0,4,2,0,-14.2,-0.295,-0.295,0.25,0.25,11.9,14.8,11.92,14.76,-2.84,11.7,0.2
2022,212,Jalen Hurts,PHI,QB,1,1,DET,8.133086876155268,100,44,32,18,56.3,243,7.59,0,0.17,0,12,80.6,7.24,43.8,1,2.3,4,11,77,1,17,90,1,4.9,83.3,5,125,3.1,0,60.5,59.4,50,65.6,12.5,3.1,0,6.3,13,2.54,2.28,2.8,3.64,0,40.9,29.5,5.6,16.3,24,56,20,52,4,24,20,6.3,11.4,3,3,0,14.3,0.325,0.311,0.53,0.5,24.7,24.6,24.72,24.65,0.07,9.7,15
2022,213,Jalen Hurts,PHI,QB,1,9,HST,6.099815157116451,100,33,27,21,77.8,243,9,2,1.86,0,14,128.9,8.29,66.7,4,12.1,26,2,12,0,9,23,0,13.9,87.5,7.54,181,7.4,1,44,59.3,55.6,77.8,11.1,0,0,0,0,2.65,2.15,3.38,3.8,0,33.3,24.2,36.4,4.1,12.5,41.7,45.8,41.7,20.8,25,12.5,7.4,15.2,2,1,0,7.5,0.229,0.165,0.57,0.53,21,20.9,21.02,20.88,0.14,17.7,3.3
2022,214,Mac Jones,NE,QB,1,18,BUF,8.46774193548387,100,42,40,26,65,243,6.08,3,2.26,3,13,75.3,3.88,55,1,2.4,9,1,3,0,4,5,0,-0.2,73.7,8.05,306,10,3,39.5,75,32.5,75,20,0,5,5,52,2.51,2.77,4.5,4.7,1,19,4.8,12.5,-12.7,23.7,57.9,18.4,36.8,36.8,2.6,23.7,7.5,0,1,0,0,-1.6,-0.039,-0.034,0.45,0.44,19.2,20.7,19.22,20.7,-1.48,18.7,0.5
2022,215,Derek Carr,LV,QB,1,5,KC,6.077348066298343,100,33,30,19,63.3,241,8.03,2,1.79,0,6,110.6,8.22,33.3,2,6.1,18,1,3,0,1,3,0,5,74.1,11.7,316,20,2,45.6,56.7,46.7,73.3,10,6.7,0,3.3,41,2.97,2.62,3.8,5.5,1,36.4,15.2,16.7,-1.1,33.3,55.6,11.1,40.7,25.9,0,33.3,13.3,0,3,0,0,6.5,0.196,0.196,0.54,0.54,17.9,18.1,17.94,18.07,-0.13,17.6,0.3
2022,216,Derek Carr,LV,QB,1,7,HST,5.156537753222836,98.2,28,27,21,77.8,241,8.93,1,0.99,0,13,116.2,9.14,59.3,1,3.6,5,0,0,0,3,-1,0,8.7,84,6.6,165,11.1,1,47.7,55.6,63,81.5,11.1,3.7,0,0,0,3.06,2.84,3.3,0,0,28.6,14.3,12.5,-12.7,24,60,16,36,32,8,24,11.1,0,2,0,0,12.2,0.435,0.362,0.49,0.47,13.5,13.3,13.54,13.34,0.2,13.6,-0.1
2022,217,Matthew Stafford,LA,QB,1,1,BUF,14.540059347181009,100,49,41,29,70.7,240,5.85,1,0.81,3,14,63.1,1.58,53.7,7,14.3,49,1,2,0,1,2,0,6,84.2,6.05,230,9.8,2,55.4,63.4,63.4,78,14.6,4.9,7.3,7.3,10,2.38,2.5,3.17,4.5,3,40.8,22.4,35,14.7,13.2,65.8,21.1,50,28.9,10.5,10.5,14.6,0,1,2,0,-16.6,-0.339,-0.339,0.22,0.22,10.8,14.3,10.8,14.33,-3.53,10.6,0.2
2022,218,Jimmy Garoppolo,SF,QB,1,10,LAC,9.118541033434651,100,30,28,19,67.9,240,8.57,0,0.61,0,10,94.3,7.93,46.4,1,3.3,10,1,2,0,5,3,1,8,83.3,6.42,154,3.6,1,57.1,57.1,46.4,78.6,7.1,3.6,0,3.6,8,2.75,2.85,3.4,4,0,20,6.7,16.7,-15.1,25,66.7,8.3,58.3,29.2,0,12.5,3.6,6.7,3,0,0,3.7,0.122,0.166,0.33,0.48,15.9,15.3,15.9,15.33,0.57,9.6,6.3
2022,219,Jared Goff,DET,QB,1,12,BUF,6.239999999999999,100,39,37,23,62.2,240,6.49,2,2.3,0,13,98.9,6.92,48.6,2,5.1,10,0,0,0,0,0,0,-1.8,72.7,7.12,242,8.1,2,57.5,64.9,54.1,70.3,21.6,2.7,2.7,2.7,0,2.55,2,3.3,0,1,46.2,38.5,11.1,13.9,29.4,58.8,11.8,41.2,23.5,8.8,26.5,5.4,0,2,1,0,5.7,0.145,0.145,0.45,0.45,17.6,17.5,17.6,17.48,0.12,17.6,0
2022,220,Mike White,NYJ,QB,1,17,SEA,27.027027027027028,100,50,46,23,50,240,5.22,0,0.1,2,14,47.4,2.28,39.1,4,8,36,0,0,0,0,0,0,-14.1,58.5,8.56,351,6.5,2,42.1,69.6,26.1,63,26.1,2.2,6.5,2.2,0,2.78,2.63,3.75,0,1,40,16,20,5,22,48.8,29.3,39,14.6,26.8,19.5,2.2,0,1,1,0,-18.9,-0.378,-0.378,0.15,0.15,6.6,11,6.6,11,-4.4,7.6,-1
2022,221,Davis Mills,HST,QB,1,1,IND,7.590132827324478,97.1,40,37,23,62.2,240,6.49,2,2.1,0,12,98.9,6.55,54.1,3,7.5,18,0,0,0,2,-1,0,-3.9,71.4,7.43,260,5.4,0,32.9,83.8,35.1,75.7,18.9,0,2.7,5.4,4,2.15,2.77,4.13,0,0,17.5,2.5,42.9,-7.7,25.7,60,14.3,45.7,28.6,8.6,17.1,0,2.5,1,1,0,-6.5,-0.162,-0.165,0.44,0.43,16.5,19.8,16.5,19.75,-3.25,17.6,-1.1
2022,222,Mac Jones,NE,QB,1,16,CIN,7.459677419354839,100,37,33,21,63.6,240,7.27,2,1.01,0,9,105.6,7.14,36.4,4,10.8,16,0,0,0,1,-1,0,5.4,74.2,12.71,394,24.2,2,30.8,57.6,24.2,81.8,12.1,12.1,0,6.1,47,2.82,2.64,4.85,0,1,35.1,13.5,30.8,0.6,22.6,61.3,12.9,45.2,22.6,12.9,19.4,3,2.7,1,0,1,2.4,0.065,0.065,0.48,0.49,17.5,16.3,17.5,16.27,1.23,17.6,-0.1
2022,223,Jimmy Garoppolo,SF,QB,1,4,LA,8.51063829787234,100,28,27,16,59.3,239,8.85,1,1.13,0,9,100.7,9.59,44.4,0,0,0,1,3,0,1,3,0,-3.8,75,5.71,137,3.7,1,83.7,66.7,55.6,77.8,7.4,3.7,0,7.4,23,2.06,1.94,0,2.9,0,17.9,14.3,0,-6.8,4.2,70.8,25,45.8,29.2,20.8,4.2,3.7,3.6,1,1,0,11.5,0.411,0.411,0.5,0.5,13.9,11.8,13.86,11.78,2.08,13.6,0.3
2022,224,Jalen Hurts,PHI,QB,1,5,ARZ,7.393715341959335,100,40,36,26,72.2,239,6.64,0,0.67,0,12,89.9,5.74,55.6,2,5,21,2,30,0,15,61,2,3.6,84.8,3.61,119,2.8,1,72.8,69.4,58.3,83.3,8.3,2.8,5.6,5.6,9,2.34,2.58,5.15,4.3,1,32.5,20,15.4,5.1,9.1,63.6,27.3,51.5,27.3,12.1,9.1,5.6,10,2,1,0,6.1,0.152,0.176,0.31,0.53,27.7,30.3,27.66,30.29,-2.63,9.6,18.1
2022,225,Joe Burrow,CIN,QB,1,14,CLV,5.341246290801187,100,36,33,18,54.5,239,7.24,2,1.77,1,11,85.3,6.79,39.4,1,2.8,3,2,11,0,6,10,0,-1.9,71.4,8.21,230,3,1,32.2,57.6,36.4,63.6,21.2,6.1,0,6.1,-2,2.47,2.35,3.8,3.85,1,27.8,13.9,10,-2.2,21.4,71.4,7.1,39.3,35.7,7.1,17.9,6.1,2.8,1,4,0,0.9,0.025,0.039,0.49,0.47,17.6,18.2,17.56,18.16,-0.6,16.6,1
2022,226,Aaron Rodgers,GB,QB,1,16,MIA,7.155025553662692,98.5,42,38,24,63.2,238,6.26,1,1.45,1,11,78.6,4.92,39.5,2,4.8,16,2,19,0,7,18,0,-1.2,72.2,8.67,312,15.8,5,50.8,71.1,39.5,73.7,21.1,5.3,5.3,5.3,15,2.41,2.33,4.3,4.95,1,31,19,15.4,2.4,16.7,72.2,11.1,41.7,33.3,13.9,11.1,5.3,7.1,0,2,0,4.5,0.106,0.141,0.34,0.33,14.3,16.5,14.32,16.48,-2.16,12.5,1.8
2022,227,Colt McCoy,ARZ,QB,1,10,LA,26.143790849673206,96.9,40,37,26,70.3,238,6.43,1,0.97,0,11,96.5,6.15,48.6,2,5,18,1,2,0,4,4,0,6.4,82.9,6.2,217,5.4,1,42.4,73,59.5,81.1,13.5,5.4,0,8.1,17,1.91,2.1,4,3.5,1,22.5,17.5,22.2,1.1,8.6,82.9,8.6,60,25.7,2.9,11.4,2.7,5,2,0,0,5.1,0.128,0.137,0.34,0.33,13.9,15.4,13.92,15.43,-1.51,13.5,0.4
2022,228,Geno Smith,SEA,QB,1,15,SF,7.373271889400922,100,48,44,31,70.5,238,5.41,1,0.89,0,12,90.9,4.83,43.2,3,6.3,31,1,18,0,1,18,0,2.8,82.5,4.72,189,0,1,51.7,61.4,45.5,77.3,13.6,0,4.5,4.5,2,2.53,2.06,2.97,4.3,0,47.9,33.3,13,17,22.5,57.5,20,37.5,42.5,5,15,9.1,6.3,3,1,0,-12.5,-0.26,-0.26,0.32,0.32,15.3,14.4,15.32,14.41,0.91,13.5,1.8
2022,229,Lamar Jackson,BLT,QB,1,8,TB,11.375661375661375,100,43,38,27,71.1,238,6.26,2,1.81,0,15,104.9,6.39,52.6,3,7,16,2,10,0,9,43,0,3.4,79.4,6.24,212,5.3,3,54.6,68.4,50,78.9,10.5,2.6,2.6,0,0,2.57,2.61,4,4.55,0,20.9,11.6,33.3,-9.5,11.8,50,38.2,41.2,38.2,8.8,11.8,5.3,9.3,3,0,1,1.3,0.03,0.038,0.43,0.46,21.8,20,21.82,20,1.82,17.5,4.3
2022,230,Justin Herbert,LAC,QB,1,6,DEN,8.036890645586297,100,61,57,37,64.9,238,4.18,0,0.24,1,10,66.3,3.03,36.8,2,3.3,14,2,9,0,2,9,0,-3.1,74.5,6.41,327,10.5,1,64.7,47.4,59.6,75.4,14,1.8,0,1.8,6,2.58,2.28,2.55,3.75,1,32.8,19.7,10,0.4,33.3,47.1,19.6,39.2,23.5,7.8,29.4,12.3,3.3,2,3,0,-15.9,-0.26,-0.26,0.15,0.15,9.4,14.8,9.42,14.82,-5.4,8.5,0.9
2022,231,Russell Wilson,DEN,QB,1,4,LV,5.477031802120141,100,31,25,17,68,237,9.48,2,1.27,0,7,124.9,9.07,32,3,9.7,23,3,26,0,4,29,1,15.7,84,11.36,284,16,1,30.8,76,52,88,12,12,0,16,32,2.51,2.25,2.5,3.83,0,25.8,19.4,37.5,-1.1,20,68,8,44,32,4,16,12,3.2,0,0,0,0.5,0.015,0.041,0.65,0.82,27.5,21.3,27.48,21.27,6.21,17.5,8.9
2022,232,Andy Dalton,NO,QB,1,4,MIN,7.246376811594203,94.7,30,28,20,71.4,236,8.43,1,1.68,0,11,108.6,8.23,53.6,2,6.7,9,0,0,0,1,3,0,5.8,74.1,11.19,302,14.3,1,25,60.7,67.9,85.7,10.7,7.1,3.6,0,0,2.48,3.13,4.2,0,2,10,0,66.7,-20.6,14.8,59.3,25.9,48.1,18.5,18.5,14.8,7.1,0,1,0,0,6.5,0.218,0.218,0.45,0.44,14.7,18.6,14.74,18.64,-3.9,15.4,-0.7
2022,233,Jameis Winston,NO,QB,1,2,TB,36.434108527131784,97,47,40,25,62.5,236,5.9,1,0.42,3,9,55.8,2.02,37.5,6,12.8,28,1,2,0,1,2,0,-4.1,62.5,13.03,521,17.5,3,24.6,80,45,67.5,32.5,5,7.5,0,0,2.47,2.83,4.15,5.5,1,23.4,10.6,54.5,-4.5,12.5,70,17.5,55,27.5,7.5,10,5,0,0,0,0,-21.4,-0.456,-0.456,0.23,0.23,10.6,12.5,10.64,12.51,-1.87,10.4,0.2
2022,234,Jared Goff,DET,QB,1,10,CHI,4.8,100,30,26,19,73.1,236,9.08,1,1.1,0,12,113.6,8.86,65.4,2,6.7,8,2,15,0,4,14,0,3.6,79.2,7.29,175,11.5,1,63.6,57.7,53.8,76.9,15.4,0,0,0,0,2.55,2.15,4.35,5.95,1,36.7,23.3,18.2,7.1,16.7,66.7,16.7,33.3,33.3,12.5,20.8,7.7,0,0,2,0,18.6,0.621,0.541,0.5,0.48,14.8,13.4,14.84,13.44,1.4,13.4,1.4
2022,235,Jimmy Garoppolo,SF,QB,1,8,LA,8.51063829787234,100,28,25,21,84,235,9.4,2,2.27,0,11,132.5,9.39,80,3,10.7,12,0,0,0,1,3,0,8.3,84,7.36,184,8,2,54.5,64,76,88,12,8,4,0,0,2.44,2.26,3.93,0,1,25,14.3,42.9,-3.7,44,28,28,40,20,8,32,12,0,0,0,0,14.5,0.52,0.527,0.62,0.61,17.7,18.1,17.7,18.1,-0.4,17.4,0.3
2022,236,Cooper Rush,DAL,QB,1,2,CIN,19.298245614035086,100,33,31,19,61.3,235,7.58,1,1.09,0,11,95.5,7.81,45.2,1,3,5,1,2,0,1,2,0,-10.2,66.7,6.27,188,9.7,1,49.4,67.7,41.9,64.5,32.3,0,3.2,3.2,1,2.12,1.88,4,3.7,0,15.2,15.2,20,-10,30,56.7,13.3,23.3,50,10,16.7,6.5,0,0,0,1,2.3,0.071,0.071,0.41,0.42,13.6,12.8,13.6,12.75,0.85,13.4,0.2
2022,237,Patrick Mahomes,KC,QB,1,2,LAC,5,100,36,35,24,68.6,235,6.71,2,1.38,0,11,106.3,7.39,42.9,1,2.8,9,0,0,0,2,-1,0,-2.4,73.5,6.65,226,11.4,1,45.5,65.7,42.9,74.3,22.9,8.6,11.4,2.9,5,2.42,2.16,2.8,0,0,33.3,19.4,8.3,2.3,20.6,47.1,32.4,47.1,23.5,8.8,20.6,5.7,0,1,0,0,4.8,0.135,0.135,0.48,0.48,17.3,15.2,17.3,15.16,2.14,17.4,-0.1
2022,238,Baker Mayfield,CAR,QB,1,1,CLV,8.290155440414509,100,32,27,16,59.3,235,8.7,1,0.8,1,7,84.6,5.87,40.7,4,12.5,28,1,7,1,5,6,1,2.6,80,6.35,127,7.4,0,62.1,55.6,29.6,63,11.1,3.7,3.7,0,0,2.37,2.55,3.4,4.1,0,34.4,21.9,36.4,8.2,20,65,15,50,15,15,20,7.4,12.5,2,4,0,1,0.031,0.019,0.6,0.54,19,13.1,19,13.08,5.92,12.4,6.6
2022,239,Justin Herbert,LAC,QB,1,16,IND,4.743083003952568,100,36,31,24,77.4,235,7.58,0,0.25,1,10,84.7,4.8,45.2,4,11.1,22,1,2,0,5,1,0,8.5,82.8,7.69,223,6.5,1,45.5,48.4,58.1,80.6,9.7,0,0,0,0,3.17,3.02,3.48,4.6,3,44.4,16.7,25,5.9,17.2,72.4,10.3,41.4,31,10.3,17.2,16.1,2.8,1,0,0,-3.4,-0.094,-0.067,0.24,0.23,7.5,12.4,7.5,12.39,-4.89,8.4,-0.9
2022,240,Trevor Lawrence,JAX,QB,1,2,IND,4.724409448818897,100,30,30,25,83.3,235,7.83,2,2.4,0,14,121.5,9.17,63.3,0,0,0,0,0,0,3,11,0,12.1,90,6.3,189,10,1,62.6,76.7,66.7,93.3,6.7,3.3,6.7,6.7,44,2.36,2.8,0,0,0,13.3,3.3,0,-17.5,16.7,53.3,30,40,30,10,20,6.7,0,0,0,0,17.6,0.585,0.574,0.58,0.58,18.5,21.2,18.5,21.16,-2.66,17.4,1.1
2022,241,Trevor Lawrence,JAX,QB,1,9,LV,5.196850393700787,100,33,31,25,80.6,235,7.58,1,0.91,0,12,109,8.23,67.7,0,0,0,2,40,0,6,53,0,17,92.9,6.68,187,3.2,1,35.7,74.2,38.7,90.3,0,0,0,3.2,1,2.05,1.87,0,3.4,0,30.3,24.2,0,6.4,10.7,67.9,21.4,50,25,14.3,10.7,6.5,6.1,1,1,1,17.2,0.522,0.366,0.53,0.53,17.7,16.9,17.7,16.86,0.84,13.4,4.3
2022,242,Mac Jones,NE,QB,1,14,ARZ,7.459677419354839,100,37,35,24,68.6,235,6.71,0,0.2,1,13,75.3,5,42.9,1,2.7,10,1,2,0,5,-1,0,5.6,83.9,4.77,148,5.7,0,60,80,62.9,82.9,5.7,8.6,0,5.7,4,2.25,2.75,3.1,6.1,0,16.2,8.1,16.7,-11,16.1,67.7,12.9,54.8,25.8,6.5,12.9,0,8.1,2,1,0,-2.8,-0.075,-0.07,0.23,0.22,8.3,13.3,8.3,13.27,-4.97,8.4,-0.1
2022,243,Aaron Rodgers,GB,QB,1,2,CHI,4.940374787052811,100,29,25,19,76,234,9.36,2,2.03,0,10,131.1,8.96,56,3,10.3,23,1,7,0,5,10,0,4,83.3,5.17,124,8,2,60.7,72,68,88,8,8,0,4,1,2.32,2.46,3.53,6,1,17.2,10.3,60,-8.8,25,66.7,8.3,33.3,33.3,8.3,25,4,13.8,1,0,0,12.8,0.441,0.183,0.62,0.57,17.4,18.2,17.36,18.17,-0.81,17.4,0
2022,244,Jacoby Brissett,CLV,QB,1,4,ATL,9.134615384615383,100,38,35,21,60,234,6.69,0,0.33,1,9,68,5.03,42.9,1,2.6,8,2,6,1,5,16,1,3.9,75.9,9.72,282,14.3,1,34.6,54.3,42.9,68.6,14.3,5.7,2.9,2.9,6,3.12,3.11,3,3.85,0,28.9,7.9,9.1,-11.5,13.8,48.3,37.9,34.5,31,20.7,13.8,14.3,0,3,1,0,-3.7,-0.097,0.032,0.39,0.39,16,15.1,15.96,15.13,0.83,8.4,7.6
2022,245,Tua Tagovailoa,MIA,QB,1,15,BUF,7.65661252900232,100,33,30,17,56.7,234,7.8,2,2.34,0,9,104,8.03,40,2,6.1,17,1,7,0,1,7,0,-9.6,62.1,8.97,260,16.7,3,39.7,76.7,50,83.3,13.3,6.7,6.7,3.3,8,2.26,1.99,4.15,5.4,0,30.3,24.2,20,3.9,10.3,82.8,6.9,62.1,24.1,10.3,3.4,10,0,0,1,0,-0.8,-0.023,-0.023,0.55,0.55,18.1,19.1,18.06,19.13,-1.07,17.4,0.7
2022,246,Brock Purdy,SF,QB,1,16,WAS,13.903743315508022,100,26,22,15,68.2,234,10.64,2,2.82,1,8,114.6,8.52,50,3,11.5,16,1,6,0,1,6,0,18.5,89.5,8.95,170,9.1,1,44,77.3,63.6,81.8,4.5,4.5,0,9.1,3,2.52,2.16,3.8,4.6,1,38.5,23.1,30,10,10.5,57.9,31.6,26.3,47.4,15.8,10.5,4.5,3.8,1,2,0,5.8,0.223,0.223,0.65,0.65,17,20.2,16.96,20.17,-3.21,16.4,0.6
2022,247,Matt Ryan,IND,QB,1,13,DAL,7.858546168958743,100,40,37,21,56.8,233,6.3,2,1.75,3,12,59.9,2.7,45.9,3,7.5,30,0,0,0,3,-2,0,-7.4,67.6,6.85,233,2.7,3,43.8,78.4,51.4,67.6,21.6,2.7,8.1,5.4,-5,2.22,2.01,2.1,0,0,42.5,35,17.6,16.3,14.7,52.9,32.4,44.1,32.4,8.8,14.7,5.4,2.5,2,1,0,-16.5,-0.412,-0.369,0.36,0.34,13.1,16.6,13.12,16.6,-3.48,14.3,-1.2
2022,248,Kirk Cousins,MIN,QB,1,8,ARZ,5.991440798858773,100,42,36,24,66.7,232,6.44,2,2.2,0,11,103,6.36,52.8,3,7.1,24,3,19,1,4,22,1,4.5,80,7.17,215,11.1,3,44,63.9,44.4,75,8.3,2.8,0,0,0,2.6,2.14,3.23,5.07,0,33.3,31,21.4,3.4,20,63.3,16.7,40,26.7,13.3,20,13.9,7.1,5,1,0,-1.7,-0.041,-0.028,0.6,0.59,24.5,27.7,24.48,27.66,-3.18,17.3,7.2
2022,249,Joshua Dobbs,TEN,QB,1,17,DAL,54.54545454545454,100,42,39,20,51.3,232,5.95,1,0.66,1,11,67.5,4.76,35.9,2,4.8,12,1,7,0,3,12,0,-0.3,72.7,8.85,292,12.8,1,47,48.7,28.2,61.5,23.1,2.6,5.1,10.3,31,3.04,2.44,4.05,4.9,1,42.9,28.6,11.1,3.3,15.2,57.6,27.3,48.5,21.2,15.2,15.2,5.1,2.4,3,2,0,-8,-0.191,-0.196,0.31,0.31,12.5,13.8,12.48,13.79,-1.31,12.3,0.2
2022,250,Joe Burrow,CIN,QB,1,8,CLV,5.934718100890208,100,40,35,25,71.4,232,6.63,2,0.94,1,9,96.4,4.7,42.9,5,12.5,39,0,0,0,1,2,0,10.4,87.1,6.23,193,8.6,1,50.4,54.3,62.9,82.9,5.7,5.7,0,5.7,14,2.41,2.07,2.96,0,1,27.5,20,45.5,-0.2,38.7,45.2,16.1,38.7,25.8,9.7,25.8,14.3,2.5,1,3,0,-9.2,-0.231,-0.215,0.41,0.4,15.5,14.2,15.48,14.23,1.25,16.3,-0.8
2022,251,Derek Carr,LV,QB,1,15,NE,7.550644567219153,100,41,38,20,52.6,231,6.08,3,2.76,1,10,86.6,5.51,36.8,3,7.3,20,0,0,0,0,0,0,4.9,71.9,13.69,438,15.8,2,23.8,44.7,39.5,71.1,10.5,0,2.6,7.9,103,3.29,2.65,3.9,0,0,48.8,22,15,5.4,15.6,68.8,15.6,53.1,34.4,0,12.5,7.9,0,6,0,0,-3.9,-0.095,-0.095,0.49,0.49,20.2,24.8,20.24,24.82,-4.58,20.2,0
2022,252,Jacoby Brissett,CLV,QB,1,5,LAC,8.653846153846153,100,36,34,21,61.8,230,6.76,1,1.23,1,15,79.3,6.03,50,0,0,0,2,29,0,3,32,0,1.3,71,10.19,316,14.7,2,26.1,82.4,44.1,73.5,17.6,5.9,2.9,2.9,4,2.63,2.67,0,4.65,0,19.4,13.9,0,-14.1,12.9,64.5,22.6,54.8,22.6,9.7,12.9,2.9,0,3,0,0,10,0.279,0.281,0.42,0.42,15.4,17.1,15.4,17.06,-1.66,12.2,3.2
2022,253,Deshaun Watson,CLV,QB,1,18,PIT,20.2970297029703,98.3,41,29,19,65.5,230,7.93,2,1.52,2,11,84,3.42,55.2,7,17.1,57,5,42,0,6,44,0,0.9,76,7.36,184,6.9,1,55.7,41.4,41.4,65.5,20.7,0,10.3,0,0,3.43,2.72,4.2,3.62,3,46.3,17.1,36.8,11.5,36,36,28,16,28,20,36,20.7,2.4,2,1,1,-1.4,-0.034,-0.04,0.47,0.48,19.6,17.4,19.6,17.44,2.16,15.2,4.4
2022,254,Baker Mayfield,LA,QB,1,14,LV,10.621761658031089,95.1,41,35,22,62.9,230,6.57,1,1.17,0,12,91.4,5.92,48.6,4,9.8,19,2,12,0,4,10,0,-6,66.7,8.58,283,17.1,1,30.4,74.3,34.3,68.6,25.7,8.6,0,0,0,2.56,2.88,3.9,5.65,1,39,14.6,25,9.7,15.2,72.7,12.1,51.5,21.2,12.1,15.2,2.9,4.9,0,1,1,1.8,0.043,0.021,0.35,0.35,14.2,15.6,14.2,15.59,-1.39,13.2,1
2022,255,Baker Mayfield,LA,QB,1,16,DEN,7.512953367875648,93.8,29,28,24,85.7,230,8.21,2,3.18,0,14,124.7,9.64,67.9,0,0,0,1,2,0,2,2,0,14.5,96.2,3.38,88,0,1,69.6,67.9,57.1,89.3,3.6,3.6,0,3.6,1,2.54,2.5,0,4.8,0,17.2,10.3,0,-15.5,15.4,34.6,50,30.8,11.5,42.3,15.4,10.7,3.4,2,0,0,13.6,0.468,0.391,0.6,0.58,17.4,22.4,17.4,22.44,-5.04,17.2,0.2
2022,256,Aaron Rodgers,GB,QB,1,15,LA,5.621805792163544,100,33,30,22,73.3,229,7.63,1,1.12,1,15,92.2,5.52,56.7,3,9.1,22,0,0,0,3,-3,0,3.4,82.1,4.93,138,3.3,1,64.6,70,43.3,80,10,0,3.3,3.3,1,2.58,3.38,6.43,0,2,18.2,0,50,-13.3,28.6,60.7,10.7,39.3,28.6,14.3,17.9,10,12.1,2,0,0,1,0.031,0.031,0.37,0.36,11.9,12.7,11.86,12.66,-0.8,12.2,-0.3
2022,257,Andy Dalton,NO,QB,1,13,TB,7.487922705314009,89.3,31,28,20,71.4,229,8.18,1,1.88,0,10,107.6,7.7,60.7,2,6.5,18,1,1,0,1,1,0,10.5,84.6,7.69,200,14.3,0,45.4,53.6,60.7,89.3,3.6,10.7,0,7.1,37,2.69,2.95,3.05,5.6,1,38.7,12.9,16.7,5.8,26.9,50,23.1,34.6,26.9,11.5,26.9,17.9,0,1,1,0,3.2,0.105,0.105,0.43,0.43,13.3,19.1,13.26,19.07,-5.81,13.2,0.1
2022,258,Andy Dalton,NO,QB,1,8,LV,7.246376811594203,84.1,30,30,22,73.3,229,7.63,2,0.57,0,12,117.2,8.97,60,0,0,0,0,0,0,0,0,0,3.3,82.1,5.46,153,6.7,0,51.1,60,53.3,83.3,10,3.3,3.3,3.3,6,2.34,3.11,0,0,0,23.3,13.3,0,-7.1,35.7,42.9,21.4,39.3,21.4,7.1,32.1,10,6.7,2,0,0,9.9,0.329,0.329,0.57,0.57,17.2,11.1,17.16,11.1,6.06,17.2,0
2022,259,Marcus Mariota,ATL,QB,1,3,SEA,7.042253521126761,100,25,20,13,65,229,11.45,1,0.18,1,13,99.8,7.91,65,3,12,22,2,8,0,7,4,1,3.9,68.4,13.63,259,35,0,43.2,75,60,75,20,10,5,0,0,2.96,2.53,3.4,3.4,0,28,12,42.9,-4.8,10.5,42.1,47.4,57.9,15.8,10.5,15.8,5,4,1,0,0,14.8,0.592,0.354,0.52,0.66,17.6,14.2,17.56,14.17,3.39,12.2,5.4
2022,260,Jared Goff,DET,QB,1,5,NE,6.239999999999999,100,39,35,19,54.3,229,6.54,0,0.99,1,9,62.7,4.49,40,2,5.1,18,2,8,0,3,7,0,1.9,73.3,9.17,275,14.3,4,51.1,68.6,48.6,65.7,17.1,5.7,2.9,8.6,47,2.79,3.03,3.45,3.7,0,25.6,5.1,20,-8.7,13.3,73.3,13.3,46.7,30,10,13.3,2.9,2.6,5,0,0,-21.5,-0.552,-0.552,0.23,0.23,7.9,14.6,7.86,14.56,-6.7,8.2,-0.3
2022,261,Jacoby Brissett,CLV,QB,1,2,NYJ,7.6923076923076925,100,32,27,22,81.5,229,8.48,1,1.46,1,15,98.9,7,66.7,1,3.1,8,4,42,0,6,43,0,9,85.2,6.33,171,3.7,4,52,85.2,66.7,96.3,3.7,0,3.7,3.7,5,2.65,2.16,2.4,4.88,0,21.9,15.6,14.3,-8.3,22.2,44.4,33.3,33.3,33.3,18.5,14.8,3.7,0,0,0,0,15.4,0.481,0.477,0.51,0.5,16.5,17.9,16.46,17.86,-1.4,12.2,4.3
2022,262,Jalen Hurts,PHI,QB,1,18,NYG,7.763401109057301,100,42,35,20,57.1,229,6.54,0,0.64,1,11,65.1,4.26,40,3,7.1,22,4,15,0,9,13,0,1.4,76.7,7.87,236,8.6,2,59.4,80,57.1,65.7,17.1,0,8.6,8.6,45,2.32,2.4,3.47,5.8,2,31,19,23.1,5.8,6.7,70,23.3,46.7,40,10,3.3,0,19,4,1,0,-4.1,-0.097,-0.086,0.23,0.22,9.5,16.5,9.46,16.47,-7.01,8.2,1.3
2022,263,Trevor Lawrence,JAX,QB,1,16,NYJ,5.669291338582677,95.8,36,31,20,64.5,229,7.39,0,0.29,0,10,86.6,6.81,41.9,1,2.8,11,4,43,0,7,51,1,-6.4,73.3,4.8,144,3.2,0,78.6,77.4,38.7,83.9,12.9,3.2,0,6.5,4,2.38,2.15,3.3,3.63,0,38.9,25,7.1,12.1,20,50,30,40,30,13.3,16.7,6.5,11.1,0,0,0,5.7,0.157,0.191,0.37,0.52,19.3,19.5,19.26,19.52,-0.26,9.2,10.1
2022,264,Jimmy Garoppolo,SF,QB,1,11,ARZ,8.814589665653495,87.7,29,29,20,69,228,7.86,4,2.53,0,13,131.9,10.62,62.1,0,0,0,0,0,0,1,3,0,-5.8,71.4,6.21,174,13.8,2,68.4,55.2,51.7,79.3,10.3,0,0,0,0,2.42,2.22,0,0,0,31,20.7,0,-0.8,25,53.6,21.4,35.7,28.6,17.9,17.9,10.3,0,0,1,0,16.2,0.56,0.559,0.87,0.85,25.4,17.6,25.42,17.62,7.8,25.1,0.3
2022,265,Jared Goff,DET,QB,1,7,DAL,5.12,100,32,26,21,80.8,228,8.77,0,0.08,2,11,71.2,3.39,65.4,5,15.6,33,1,4,0,1,4,0,9.9,88,6.24,156,7.7,0,60.5,76.9,69.2,88.5,7.7,0,7.7,3.8,5,2.33,2.35,3.78,5.5,1,34.4,21.9,45.5,9.7,16,48,36,32,28,24,16,11.5,6.3,1,0,0,-7.8,-0.243,-0.243,0.23,0.23,5.5,9.3,5.52,9.28,-3.76,7.1,-1.6
2022,266,Daniel Jones,NYG,QB,1,12,DAL,6.842105263157896,100,39,35,21,60,228,6.51,1,1.03,0,11,88.8,6.05,45.7,3,7.7,18,1,8,0,3,14,0,1.1,78.6,6.82,191,5.7,0,46.5,48.6,42.9,62.9,17.1,0,0,2.9,1,2.57,2.55,3.47,5.3,0,48.7,20.5,15.8,17.6,32.1,53.6,14.3,39.3,25,7.1,28.6,5.7,0,3,0,3,-4.6,-0.117,-0.11,0.36,0.38,14.5,16.2,14.52,16.23,-1.71,13.1,1.4
2022,267,Justin Herbert,LAC,QB,1,5,CLV,5.006587615283268,100,38,34,22,64.7,228,6.71,1,2.63,0,13,93.8,7.06,50,1,2.6,1,3,15,0,5,13,0,-3.3,75,5.53,177,5.9,3,64,85.3,52.9,85.3,5.9,0,0,5.9,14,2.35,2.25,5.6,4.1,0,21.1,15.8,12.5,-6.3,18.8,65.6,15.6,59.4,9.4,9.4,21.9,2.9,0,1,1,0,8.1,0.214,0.214,0.38,0.38,14.4,21.5,14.42,21.52,-7.1,13.1,1.3
2022,268,Aaron Rodgers,GB,QB,1,11,TEN,6.814310051107325,100,40,39,24,61.5,227,5.82,2,2.63,0,11,94.7,6.38,38.5,1,2.5,12,0,0,0,0,0,0,-0.4,70.3,9.95,368,10.3,3,41.9,61.5,48.7,74.4,17.9,5.1,2.6,5.1,15,2.87,3.49,6.6,0,1,30,7.5,8.3,-8.6,21.6,67.6,10.8,56.8,24.3,8.1,10.8,12.8,10,2,0,0,1.7,0.041,0.041,0.43,0.43,19.1,22,19.08,21.98,-2.9,19.1,0
2022,269,Kirk Cousins,MIN,QB,1,18,CHI,2.8530670470756063,53.5,20,20,17,85,225,11.25,1,3.59,0,10,130.2,12.25,70,0,0,0,0,0,0,0,0,0,15.3,89.5,8.11,154,15,2,48.9,65,50,85,5,10,0,0,0,3.05,2.8,0,0,0,10,0,0,-32.7,26.3,63.2,10.5,47.4,31.6,0,21.1,0,0,1,0,0,16.6,0.831,0.831,0.65,0.65,13,22.9,13,22.86,-9.86,13,0
2022,270,Sam Darnold,CAR,QB,1,15,PIT,17.61006289308176,100,28,23,14,60.9,225,9.78,1,0.93,0,10,108.1,7.7,47.8,4,14.3,37,1,3,0,2,2,0,3.7,73.7,11,209,21.7,1,41.8,52.2,43.5,69.6,13,8.7,0,0,0,3.05,2.94,3.6,4.6,1,32.1,3.6,44.4,-3.1,15.8,68.4,15.8,47.4,26.3,10.5,15.8,0,7.1,2,0,1,9.4,0.334,0.287,0.48,0.47,13.2,13.2,13.2,13.2,0,13,0.2
2022,271,Brett Rypien,DEN,QB,1,7,NYJ,49.48453608247423,100,48,46,24,52.2,225,4.89,0,1.26,1,10,56.9,3.7,37,1,2.1,6,1,6,0,3,9,0,-13.7,57.8,10.47,471,17.4,3,43.6,52.2,45.7,71.7,23.9,2.2,4.3,4.3,7,2.62,2.64,4.2,2.4,0,16.7,6.3,12.5,-17.1,15.6,55.6,28.9,35.6,33.3,20,11.1,21.7,0,1,0,0,-13.2,-0.274,-0.212,0.18,0.18,8.9,16.8,8.9,16.84,-7.94,8,0.9
2022,272,Aaron Rodgers,GB,QB,1,10,DAL,3.9182282793867125,100,23,20,14,70,224,11.2,3,2.11,0,8,146.7,12.18,60,2,8.7,16,1,7,0,2,4,0,16,84.2,11.74,223,25,1,42,70,65,85,10,15,0,10,23,2.79,2.8,3.3,3.8,0,26.1,8.7,33.3,-7.1,10.5,78.9,10.5,52.6,36.8,5.3,5.3,5,13,1,0,0,8.2,0.357,0.357,0.94,0.93,20.4,17.7,20.36,17.69,2.67,21,-0.6
2022,273,Jared Goff,DET,QB,1,18,GB,5.76,100,36,34,23,67.6,224,6.59,0,0.33,0,12,85.9,6.26,52.9,1,2.8,5,1,6,0,2,5,0,-1.9,75.8,5.82,192,5.9,1,58.5,70.6,52.9,76.5,20.6,2.9,0,5.9,27,2.38,2.29,3.5,5.8,1,25,13.9,11.1,-4.4,24.2,66.7,9.1,27.3,42.4,6.1,24.2,11.8,0,1,0,0,7.6,0.211,0.211,0.27,0.26,9.5,11.7,9.46,11.69,-2.23,9,0.5
2022,274,Patrick Mahomes,KC,QB,1,16,SEA,4.305555555555555,100,31,28,16,57.1,224,8,2,1.52,0,9,106.8,8.97,50,1,3.2,4,2,8,1,2,8,1,-6.7,69.2,6.92,180,10.7,1,72.3,78.6,42.9,67.9,25,7.1,0,7.1,17,2.91,3.58,5.2,5.7,0,25.8,3.2,12.5,-10.6,15.4,50,34.6,38.5,30.8,15.4,15.4,0,3.2,2,0,0,4.8,0.155,0.155,0.77,0.77,23.8,18.7,23.76,18.7,5.06,17,6.8
2022,275,Desmond Ridder,ATL,QB,1,18,TB,25.185185185185183,94,34,30,19,63.3,224,7.47,2,2.34,0,11,108.2,7.75,46.7,2,5.9,16,2,9,0,2,9,0,0.9,67.9,12.57,352,16.7,4,28.6,56.7,46.7,63.3,30,3.3,0,0,0,3.03,2.66,2.05,5.45,0,50,29.4,11.8,12.6,10.7,64.3,25,35.7,32.1,21.4,10.7,3.3,0,2,0,0,5.2,0.152,0.152,0.53,0.53,16.9,19.4,16.86,19.35,-2.49,17,-0.1
2022,276,Cooper Rush,DAL,QB,1,4,WAS,16.95906432748538,100,29,27,15,55.6,223,8.26,2,2.18,0,9,107.5,9.18,33.3,1,3.4,6,1,6,0,2,7,0,-1.1,69.6,10.48,241,14.8,1,38.1,55.6,48.1,66.7,18.5,7.4,0,3.7,-8,2.79,2.4,3.7,4.7,1,27.6,20.7,12.5,-8,17.4,65.2,17.4,56.5,17.4,8.7,17.4,7.4,0,2,2,0,1.2,0.04,0.052,0.6,0.59,17.6,18.6,17.62,18.57,-0.95,16.9,0.7
2022,277,Patrick Mahomes,KC,QB,1,13,CIN,4.305555555555555,100,31,27,16,59.3,223,8.26,1,1.56,0,11,98.2,7.97,55.6,2,6.5,12,2,9,1,2,9,1,11.2,81,11.67,245,22.2,1,56.5,66.7,40.7,63,14.8,3.7,3.7,3.7,10,3.04,2.91,4.25,3.6,1,51.6,22.6,12.5,14.5,19,47.6,33.3,19,52.4,9.5,19,3.7,6.5,4,1,0,6.9,0.223,0.223,0.64,0.64,19.8,18.4,19.82,18.43,1.39,12.9,6.9
2022,278,Josh Allen,BUF,QB,1,13,NE,5.683563748079877,100,37,33,22,66.7,223,6.76,2,3.32,0,15,106,7.51,51.5,2,5.4,0,2,14,0,8,20,0,8.8,81.8,8.61,284,9.1,3,47.5,57.6,66.7,90.9,9.1,12.1,6.1,15.2,24,2.93,2.75,4.25,4.1,0,45.9,21.6,11.8,9.8,30.3,66.7,3,48.5,27.3,3,21.2,18.2,2.7,0,0,0,12.2,0.331,0.332,0.5,0.49,17.9,27.8,17.92,27.77,-9.85,16.9,1
2022,279,Aaron Rodgers,GB,QB,1,5,NYG,6.984667802385008,100,41,39,25,64.1,222,5.69,2,2.12,0,15,96.3,6.02,51.3,2,4.9,15,0,0,0,0,0,0,-0.7,75,7.14,257,12.8,2,69.8,76.9,66.7,71.8,20.5,2.6,0,5.1,61,2.2,2.47,4.35,0,0,22,14.6,22.2,-4.7,8.3,69.4,22.2,36.1,50,8.3,5.6,2.6,24.4,1,2,0,2.8,0.069,0.069,0.41,0.41,16.9,18,16.88,17.95,-1.07,16.9,0
2022,280,Matt Ryan,IND,QB,1,10,LV,5.893909626719057,100,30,28,21,75,222,7.93,1,0.25,0,10,109.5,7.86,64.3,1,3.3,14,1,39,0,4,38,1,4,81.5,5.85,158,7.1,0,55,92.9,71.4,92.9,3.6,0,0,3.6,5,2.05,1.88,4.2,3.6,0,13.3,10,25,-10.5,7.4,77.8,14.8,48.1,48.1,0,3.7,3.6,6.7,1,0,0,7,0.235,0.243,0.56,0.73,22.7,16.9,22.68,16.86,5.82,12.9,9.8
2022,281,Matt Ryan,IND,QB,1,3,KC,8.447937131630647,100,43,37,27,73,222,6,2,1.81,0,12,105.9,5.17,54.1,5,11.6,45,1,3,0,3,4,0,8.4,88.2,4.79,163,2.7,2,46.4,59.5,45.9,83.8,8.1,0,0,8.1,-1,2.29,1.88,3.3,5.2,0,30.2,25.6,38.5,4.8,29.4,50,20.6,47.1,23.5,11.8,17.6,13.5,2.3,3,0,0,-4.3,-0.099,-0.053,0.4,0.39,16.3,18.4,16.28,18.37,-2.09,16.9,-0.6
2022,282,Russell Wilson,DEN,QB,1,17,KC,7.597173144876325,100,43,38,26,68.4,222,5.84,1,0.83,1,12,81.3,3.93,47.4,4,9.3,32,1,4,1,4,27,2,5.7,84.8,4.61,152,5.3,2,63.5,63.2,52.6,78.9,7.9,2.6,2.6,5.3,11,3.04,2.99,3.88,5.4,2,34.9,9.3,26.7,-2.7,21.2,45.5,33.3,30.3,42.4,12.1,15.2,5.3,4.7,3,2,0,-11.3,-0.262,-0.156,0.43,0.58,25.6,15.6,25.58,15.57,10.01,11.9,13.7
2022,283,Jimmy Garoppolo,SF,QB,1,12,NO,11.55015197568389,100,38,37,26,70.3,222,6,1,2.25,0,12,94.7,6.34,45.9,1,2.6,1,0,0,0,4,4,0,-1.9,75,5.92,213,10.8,3,51.4,62.2,51.4,78.4,18.9,2.7,0,2.7,10,2.71,2.74,3.1,0,0,31.6,13.2,8.3,-4.2,27.8,61.1,11.1,30.6,44.4,5.6,19.4,13.5,0,0,1,0,1.3,0.034,0.019,0.34,0.33,13.3,19.6,13.28,19.59,-6.31,12.9,0.4
2022,284,David Blough,ARZ,QB,1,17,ATL,67.6923076923077,100,44,40,24,60,222,5.55,1,1.07,0,13,83.5,5.55,42.5,2,4.5,9,2,7,0,2,7,0,-5.7,65.8,9.45,359,10,1,41,70,45,75,20,0,0,2.5,13,2.62,2.63,3.35,4.9,1,36.4,18.2,12.5,4.3,10.5,63.2,26.3,50,23.7,13.2,13.2,5,2.3,2,0,0,1.1,0.025,0.025,0.31,0.31,13.6,16.8,13.58,16.82,-3.24,12.9,0.7
2022,285,Kyler Murray,ARZ,QB,1,6,SEA,10.681818181818182,100,47,37,23,62.2,222,6,0,0.1,1,10,67.6,2.93,35.1,6,12.8,51,4,45,0,10,100,0,0.6,72.7,8.85,292,18.9,1,55.9,75.7,51.4,73,13.5,2.7,5.4,2.7,4,2.37,2.47,3.53,4.53,0,27.7,17,46.2,3.3,9.1,63.6,27.3,36.4,42.4,9.1,12.1,8.1,0,2,2,0,-12.2,-0.259,-0.165,0.26,0.34,16.9,18,16.88,17.99,-1.11,7.9,9
2022,286,Kirk Cousins,MIN,QB,1,2,PHI,7.132667617689016,100,50,46,27,58.7,221,4.8,1,0.98,3,16,51.1,1.81,43.5,2,4,19,2,20,0,2,20,0,-8.9,68.9,5.69,256,2.2,3,49.3,63,50,80.4,17.4,4.3,13,8.7,33,2.4,2.18,2.65,4.65,0,32,20,12.5,3,24.4,51.1,24.4,33.3,28.9,17.8,20,13,2,1,0,0,-12.6,-0.253,-0.253,0.24,0.24,11.8,16.4,11.84,16.43,-4.59,9.8,2
2022,287,Jacoby Brissett,CLV,QB,1,3,PIT,7.9326923076923075,100,33,31,21,67.7,220,7.1,2,3.07,0,12,109.6,7.42,51.6,2,6.1,15,0,0,0,3,11,0,10.9,86.2,7,203,6.5,1,54.1,71,67.7,87.1,6.5,0,3.2,12.9,25,2.49,2.3,4.3,0,1,12.1,9.1,50,-19,17.2,48.3,34.5,37.9,44.8,10.3,6.9,6.5,3,0,1,0,1.5,0.044,0.13,0.51,0.5,17.9,26,17.9,26.04,-8.14,16.8,1.1
2022,288,Russell Wilson,DEN,QB,1,2,HST,6.18374558303887,100,35,31,14,45.2,219,7.06,1,1.36,1,11,66.5,5.18,38.7,3,8.6,18,1,4,0,2,3,0,-6.4,63,10.41,281,19.4,5,29.2,51.6,51.6,67.7,19.4,3.2,0,9.7,10,2.63,2.26,2.87,2.5,0,34.3,22.9,25,2.9,14.8,70.4,14.8,48.1,29.6,11.1,11.1,6.5,5.7,3,1,0,0,-0.001,-0.001,0.35,0.34,12.1,14.8,12.06,14.76,-2.7,11.8,0.3
2022,289,Jarrett Stidham,LV,QB,1,18,KC,48.51485148514851,100,49,36,22,61.1,219,6.08,1,1.7,1,13,76,3.69,41.7,6,12.2,39,7,50,0,7,50,0,1.5,71.9,9.72,311,13.9,5,41.1,61.1,47.2,80.6,8.3,0,5.6,2.8,1,3.03,2.99,3.65,4.69,0,55.1,16.3,22.2,23.9,18.8,62.5,18.8,50,28.1,3.1,18.8,13.9,4.1,2,1,0,-6.5,-0.133,-0.133,0.34,0.34,15.8,22.1,15.76,22.09,-6.33,11.8,4
2022,290,Colt McCoy,ARZ,QB,1,11,SF,25.49019607843137,78.9,39,34,24,70.6,218,6.41,0,0.42,1,8,75.4,3.86,41.2,3,7.7,30,2,7,0,3,6,0,2.1,81.8,4.73,156,2.9,1,62.4,70.6,52.9,82.4,11.8,2.9,0,8.8,20,2,2.26,3.63,5.6,1,28.2,17.9,27.3,6.7,15.2,69.7,15.2,36.4,27.3,15.2,21.2,11.8,2.6,1,0,0,-4.7,-0.121,-0.137,0.22,0.21,8.3,12.2,8.32,12.17,-3.85,7.7,0.6
2022,291,Lamar Jackson,BLT,QB,1,3,NE,8.994708994708994,100,34,29,18,62.1,218,7.52,4,2.63,1,11,110.3,7.3,58.6,4,11.8,12,1,8,0,11,107,1,8.1,76.9,10.35,269,20.7,3,54.6,62.1,44.8,69,17.2,13.8,3.4,6.9,43,3.19,2.99,5.47,4.1,2,41.2,20.6,28.6,2.7,11.5,26.9,61.5,23.1,42.3,30.8,3.8,3.4,8.8,2,1,0,3,0.089,0.309,0.72,0.99,40.4,23.3,40.42,23.28,17.14,23.7,16.7
2022,292,Josh Allen,BUF,QB,1,8,GB,4.6082949308755765,100,30,25,13,52,218,8.72,2,2.46,2,8,75.1,6.15,48,2,6.7,2,3,40,0,6,49,0,-4.4,62.5,13.29,319,24,4,41.7,56,60,68,28,8,12,8,26,2.93,2.77,5.95,4.57,1,50,20,13.3,16.2,8.3,79.2,12.5,50,33.3,8.3,8.3,8,16.7,1,0,0,5,0.168,0.188,0.62,0.61,19.6,23.1,19.62,23.06,-3.44,14.7,4.9
2022,293,Desmond Ridder,ATL,QB,1,16,BLT,27.40740740740741,100,37,33,22,66.7,218,6.61,0,0.43,0,11,85.2,6.06,48.5,2,5.4,6,2,6,0,4,8,0,-5,71,6.39,198,3,1,54.6,81.8,33.3,66.7,27.3,3,0,0,0,2.52,2.46,4.55,2.65,0,35.1,21.6,15.4,5.3,25.8,58.1,16.1,38.7,35.5,3.2,22.6,6.1,0,1,0,0,-3.2,-0.087,-0.126,0.25,0.24,9.5,13.7,9.52,13.73,-4.21,8.7,0.8
2022,294,Trace McSorley,ARZ,QB,1,16,TB,52.74725274725275,98.6,48,45,24,53.3,217,4.82,0,0.11,1,7,57.4,3.37,26.7,1,2.1,17,2,5,0,7,14,0,-10.1,65,7.97,319,8.9,0,59.9,57.8,33.3,66.7,22.2,2.2,2.2,4.4,7,2.44,2.29,2.1,3.65,0,27.1,16.7,7.7,-3.1,20,65,15,50,27.5,7.5,15,8.9,4.2,4,0,1,-16.8,-0.35,-0.432,0.17,0.17,7.1,13.3,7.08,13.34,-6.26,7.7,-0.6
2022,295,Daniel Jones,NYG,QB,1,5,GB,5.43859649122807,98.3,31,27,21,77.8,217,8.04,0,0.4,0,12,100.2,7.61,59.3,1,3.2,4,3,25,0,10,37,0,8.6,88,4.6,115,0,0,57.6,74.1,77.8,81.5,11.1,0,0,3.7,-4,2.43,2.72,3.4,3.97,0,29,6.5,11.1,1.1,32,56,12,52,24,8,16,3.7,3.2,1,1,0,15.2,0.49,0.447,0.36,0.35,12.4,12.2,12.38,12.18,0.2,8.7,3.7
2022,296,Jalen Hurts,PHI,QB,1,14,NYG,6.654343807763401,92.4,36,31,21,67.7,217,7,2,2.27,0,10,109.2,6.4,45.2,4,11.1,33,1,8,0,7,77,1,4.1,74.2,10.26,318,16.1,1,39.6,74.2,58.1,90.3,6.5,12.9,0,6.5,22,2.39,2.36,3.8,3.7,1,25,16.7,44.4,-1.9,16.1,64.5,19.4,41.9,38.7,9.7,9.7,12.9,2.8,0,0,0,7.1,0.197,0.342,0.49,0.72,30.4,31.5,30.38,31.54,-1.16,16.7,13.7
2022,297,Joe Burrow,CIN,QB,1,5,BLT,5.489614243323442,100,37,35,24,68.6,217,6.2,1,1.07,1,10,82.7,4.78,45.7,2,5.4,15,0,0,0,3,6,1,-1,80,3.84,119,2.9,1,78.3,60,57.1,74.3,14.3,0,2.9,0,0,2.17,2.12,2.5,0,0,13.5,8.1,40,-12.5,22.6,54.8,22.6,32.3,25.8,16.1,25.8,25.7,8.1,1,3,0,-4.3,-0.118,-0.097,0.32,0.46,18.3,17.2,18.28,17.19,1.09,11.7,6.6
2022,298,Brock Purdy,SF,QB,1,15,SEA,14.973262032085561,100,28,26,17,65.4,217,8.35,2,0.97,0,8,117,9.3,42.3,1,3.6,6,1,1,0,4,-2,0,-4.2,72,6.6,165,3.8,0,61.8,65.4,50,73.1,23.1,0,3.8,3.8,8,2.8,2.43,3.8,3.1,0,35.7,17.9,10,0.1,32,44,24,28,28,24,20,7.7,0,0,1,0,7.1,0.254,0.254,0.6,0.59,16.5,12.1,16.48,12.14,4.34,16.7,-0.2
2022,299,Geno Smith,SEA,QB,1,16,KC,6.7588325652841785,100,44,40,25,62.5,215,5.38,1,1.28,1,8,74.5,4.17,30,2,4.5,15,2,14,0,3,16,0,3.1,77.1,7.74,271,15,5,42.3,60,42.5,72.5,15,7.5,2.5,5,15,2.63,2.53,3.65,4.9,0,34.1,18.2,13.3,1.8,22.9,54.3,22.9,37.1,37.1,2.9,22.9,15,2.3,3,2,0,-15.8,-0.358,-0.296,0.3,0.29,13.2,18.5,13.2,18.55,-5.35,11.6,1.6
2022,300,Marcus Mariota,ATL,QB,1,1,NO,10.704225352112676,100,38,33,20,60.6,215,6.52,0,0.71,0,8,79.7,6.52,48.5,0,0,0,5,49,0,12,72,1,-9.1,62.5,8.53,273,6.1,1,36.7,69.7,45.5,72.7,24.2,0,3,0,0,2.74,3.3,0,3.86,0,10.5,2.6,0,-22,18.8,46.9,34.4,40.6,40.6,15.6,3.1,9.1,2.6,0,0,1,-1.9,-0.05,-0.058,0.36,0.5,20.8,26.8,20.8,26.76,-5.96,8.6,12.2
2022,301,Jared Goff,DET,QB,1,1,PHI,6.239999999999999,100,39,37,21,56.8,215,5.81,2,1.13,1,12,80.3,5.26,40.5,1,2.6,10,1,10,0,2,9,0,-1.1,73,8,296,10.8,2,56.3,73,48.6,73,24.3,2.7,10.8,16.2,42,2.18,2.01,3.4,4.2,0,30.8,23.1,8.3,4.4,13.5,67.6,18.9,43.2,35.1,8.1,13.5,10.8,0,0,0,0,-0.6,-0.014,-0.014,0.43,0.42,16.5,13.9,16.5,13.94,2.56,15.6,0.9
2022,302,Cooper Rush,DAL,QB,1,3,NYG,18.128654970760234,100,31,31,21,67.7,215,6.94,1,1.77,0,12,98.2,7.58,51.6,0,0,0,0,0,0,2,-2,0,6.8,79.3,9.17,266,9.7,2,48.8,90.3,45.2,77.4,12.9,3.2,0,6.5,39,2.3,1.88,0,0,0,19.4,16.1,0,-10.4,3.4,75.9,20.7,55.2,27.6,13.8,3.4,0,9.7,1,1,0,3.4,0.109,0.109,0.41,0.4,12.4,15.8,12.4,15.79,-3.39,12.6,-0.2
2022,303,Kyle Allen,HST,QB,1,12,MIA,54.11764705882353,100,46,39,26,66.7,215,5.51,1,0.19,2,9,67.8,2.36,33.3,5,10.9,41,2,9,0,4,12,0,-1.3,80,4.54,159,5.1,1,63.3,59,46.2,74.4,15.4,2.6,10.3,5.1,3,2.46,2.24,3.34,5.55,0,43.5,30.4,25,15.9,25.7,51.4,22.9,25.7,37.1,17.1,20,15.4,2.2,2,2,0,-21.6,-0.47,-0.397,0.25,0.25,11.8,11.8,11.8,11.82,-0.02,10.6,1.2
2022,304,Baker Mayfield,CAR,QB,1,5,SF,10.362694300518134,87.7,40,36,20,55.6,215,5.97,0,0.63,1,7,61.7,3.85,33.3,4,10,16,0,0,0,0,0,0,-14.6,61.8,6.74,229,8.3,0,61.9,61.1,58.3,77.8,16.7,5.6,2.8,2.8,2,2.49,2.7,5.2,0,1,25,7.5,40,-4.8,35.3,52.9,11.8,41.2,23.5,5.9,29.4,16.7,2.5,2,0,0,-10.8,-0.271,-0.271,0.19,0.19,7.6,11.5,7.6,11.52,-3.92,7.6,0
2022,305,Joe Burrow,CIN,QB,1,18,BLT,6.6765578635014835,100,45,42,25,59.5,215,5.12,1,2.09,0,12,81,5.05,35.7,2,4.4,13,1,6,0,3,10,0,-1,71.8,9.05,353,14.3,4,49.3,66.7,50,76.2,16.7,7.1,0,7.1,58,2.39,2.32,3.85,9.2,1,31.1,17.8,14.3,1.9,15.4,71.8,12.8,43.6,35.9,5.1,15.4,11.9,2.2,2,1,0,-7.7,-0.17,-0.201,0.29,0.29,12.6,22.5,12.6,22.55,-9.95,12.6,0
2022,306,Russell Wilson,DEN,QB,1,16,LA,6.007067137809187,72.1,34,27,15,55.6,214,7.93,1,0.43,3,8,54.2,1.79,44.4,6,17.6,40,1,15,0,2,17,0,1.2,68,12.12,303,18.5,3,29.4,66.7,40.7,63,29.6,3.7,11.1,7.4,11,3.14,2.56,3.9,4.3,3,52.9,23.5,33.3,17.8,12,60,28,60,12,16,12,3.7,2.9,1,0,0,-8.4,-0.247,-0.224,0.33,0.32,11.3,11.4,11.26,11.38,-0.12,9.6,1.7
2022,307,Matt Ryan,IND,QB,1,11,PHI,7.072691552062868,100,36,32,23,71.9,213,6.66,0,0.77,0,9,89.7,5.14,37.5,4,11.1,28,0,0,0,1,1,0,-2.4,74.2,6.03,187,6.3,0,50.2,68.8,46.9,78.1,18.8,3.1,3.1,0,0,2.32,2.16,3.6,0,1,36.1,25,30.8,9.4,25.8,67.7,6.5,35.5,35.5,6.5,22.6,15.6,2.8,1,0,0,-3.3,-0.093,-0.082,0.24,0.23,8.6,12.7,8.62,12.66,-4.04,8.5,0.1
2022,308,Geno Smith,SEA,QB,1,18,LA,5.837173579109063,100,38,31,19,61.3,213,6.87,1,0.93,2,10,65.7,3.97,41.9,3,7.9,8,4,51,0,4,51,0,-2.9,67.9,9.46,265,12.9,2,36.2,64.5,51.6,67.7,22.6,6.5,9.7,0,0,2.48,3.05,5.73,4.45,1,36.8,10.5,21.4,9.9,7.1,67.9,25,46.4,39.3,10.7,3.6,3.2,0,2,0,1,-2.6,-0.068,-0.068,0.41,0.42,15.6,15.3,15.62,15.34,0.28,10.5,5.1
2022,309,Lamar Jackson,BLT,QB,1,1,NYJ,8.994708994708994,100,34,30,17,56.7,213,7.1,3,2.77,1,8,98.3,7.06,46.7,2,5.9,2,2,9,0,6,17,0,-3.9,64.3,12.39,347,26.7,2,31.5,76.7,33.3,80,13.3,13.3,3.3,3.3,4,2.72,2.73,4.4,7.65,1,35.3,14.7,16.7,2.6,14.3,50,35.7,35.7,53.6,0,10.7,6.7,8.8,1,1,0,5.7,0.168,0.192,0.6,0.59,21.2,24.3,21.22,24.29,-3.07,19.5,1.7
2022,310,Josh Allen,BUF,QB,1,4,BLT,6.451612903225806,100,42,36,19,52.8,213,5.92,1,0.69,1,14,68.4,4.76,50,1,2.4,12,5,48,0,11,70,1,0.1,75,7.16,229,8.3,0,42.7,50,52.8,75,13.9,0,0,13.9,9,2.56,2.18,3.2,3.58,0,28.6,21.4,8.3,-0.8,18.8,62.5,18.8,31.3,53.1,0,15.6,11.1,0,2,2,0,6.9,0.165,0.207,0.39,0.53,24.5,20.4,24.52,20.45,4.07,11.5,13
2022,311,Mac Jones,NE,QB,1,1,MIA,6.653225806451612,100,33,30,21,70,213,7.1,1,0.36,1,10,87.2,5.25,46.7,2,6.1,20,1,2,0,2,0,0,2.9,75.9,9.03,262,23.3,1,48.4,53.3,43.3,76.7,20,3.3,3.3,3.3,4,2.24,1.82,2.3,3.7,1,15.2,15.2,40,-11,13.8,62.1,24.1,41.4,24.1,10.3,24.1,13.3,0,0,1,0,-9.4,-0.284,-0.284,0.36,0.35,10.5,10.2,10.52,10.24,0.28,11.5,-1
2022,312,Tom Brady,TB,QB,1,1,DAL,3.820816864295125,100,29,27,18,66.7,212,7.85,1,2.74,1,9,87.3,5.86,55.6,2,6.9,17,0,0,0,2,-1,0,3.5,74.1,10.67,288,14.8,2,42.5,74.1,59.3,77.8,22.2,7.4,3.7,7.4,43,2.23,2.09,2.55,0,0,24.1,20.7,28.6,-2.4,14.8,74.1,11.1,48.1,40.7,0,11.1,3.7,10.3,0,0,0,1.1,0.036,0.036,0.4,0.39,11.4,22.1,11.38,22.08,-10.7,11.5,-0.1
2022,313,Geno Smith,SEA,QB,1,8,NYG,6.29800307219662,100,41,34,23,67.6,212,6.24,2,2.42,0,14,104,6.22,52.9,3,7.3,22,4,27,0,5,26,0,8.1,81.3,8.56,274,20.6,3,62.3,79.4,76.5,85.3,8.8,11.8,0,8.8,56,2.5,2.45,3.13,5.33,0,39,22,18.8,11.5,9.4,75,15.6,50,28.1,12.5,9.4,2.9,2.4,1,1,0,-3.2,-0.078,-0.078,0.47,0.47,19.1,22.9,19.08,22.86,-3.78,16.5,2.6
2022,314,Jacoby Brissett,CLV,QB,1,10,MIA,10.096153846153847,100,42,35,22,62.9,212,6.06,1,1.06,0,10,89.2,5.39,48.6,3,7.1,27,4,37,0,7,40,0,-4,69.7,8.33,275,14.3,2,45.3,71.4,57.1,80,14.3,0,2.9,2.9,4,2.63,2.54,3.53,4.47,1,42.9,16.7,16.7,13.3,18.2,57.6,24.2,36.4,24.2,21.2,18.2,8.6,0,1,0,0,-1.4,-0.034,0.021,0.39,0.37,16.5,18.1,16.48,18.07,-1.59,12.5,4
2022,315,John Wolford,LA,QB,1,10,ARZ,53.42465753424658,91.7,39,36,24,66.7,212,5.89,1,0.83,1,12,79.9,4.31,50,3,7.7,19,0,0,0,3,3,0,-7.7,68.6,6.74,236,8.3,1,53.3,55.6,41.7,72.2,25,2.8,2.8,0,0,2.82,2.24,3.67,0,3,53.8,30.8,14.3,18.1,14.3,57.1,28.6,31.4,28.6,25.7,14.3,13.9,7.7,0,1,0,-11.8,-0.302,-0.266,0.29,0.29,10.8,12.3,10.78,12.32,-1.54,11.5,-0.7
2022,316,Justin Herbert,LAC,QB,1,17,LA,3.689064558629776,80.6,28,28,21,75,212,7.57,2,1.95,0,11,119.9,9,64.3,0,0,0,0,0,0,1,2,0,6.8,80.8,7.88,205,10.7,4,49.5,60.7,53.6,82.1,7.1,3.6,0,0,0,2.45,2.33,0,0,0,21.4,14.3,0,-10.9,23.1,61.5,15.4,38.5,34.6,3.8,23.1,21.4,3.6,1,0,0,10.2,0.365,0.366,0.59,0.58,16.7,16.2,16.68,16.18,0.5,16.5,0.2
2022,317,Trevor Lawrence,JAX,QB,1,18,TEN,5.196850393700787,100,33,32,20,62.5,212,6.63,1,1.05,0,10,92.2,6.76,46.9,1,3,9,0,0,0,4,-3,0,2.1,75,8.29,232,9.4,3,43.4,46.9,43.8,71.9,15.6,3.1,0,3.1,6,2.98,2.53,2.2,0,0,39.4,12.1,7.7,-0.9,10.7,71.4,17.9,42.9,39.3,7.1,10.7,6.3,0,3,1,0,4.3,0.132,-0.032,0.38,0.35,11.2,14.7,11.18,14.74,-3.56,12.5,-1.3
2022,318,Jimmy Garoppolo,SF,QB,1,3,DEN,10.030395136778116,100,33,29,18,62.1,211,7.28,1,1.23,1,9,81.3,4.67,51.7,4,12.1,32,0,0,0,1,0,0,-8.1,64.3,8.57,240,10.3,0,42.2,62.1,51.7,65.5,31,3.4,6.9,0,0,2.36,2.23,3.7,0,3,27.3,15.2,44.4,0.3,14.3,71.4,14.3,50,17.9,14.3,17.9,3.4,3,0,1,0,-9.2,-0.28,-0.422,0.35,0.34,10.4,14.1,10.44,14.06,-3.62,11.4,-1
2022,319,Taylor Heinicke,WAS,QB,1,10,PHI,11.34020618556701,100,33,29,17,58.6,211,7.28,0,0.81,1,9,66.9,4.16,48.3,3,9.1,33,1,5,0,5,10,0,-0.2,68,10.8,270,10.3,2,33.2,69,51.7,69,17.2,3.4,3.4,0,0,2.43,2.32,3.63,5.8,1,36.4,24.2,25,8,12,72,16,40,36,16,8,0,3,2,0,2,2.8,0.084,0.101,0.24,0.26,7.4,13.5,7.44,13.46,-6.02,7.4,0
2022,320,Carson Wentz,WAS,QB,1,3,PHI,17.51592356687898,100,55,43,25,58.1,211,4.91,0,0.58,0,11,71,2.94,41.9,9,16.4,58,3,22,0,3,22,0,-0.4,75.6,7.73,317,11.6,0,31.8,81.4,58.1,72.1,23.3,2.3,0,14,50,2.4,2.63,3.26,3.97,0,27.3,7.3,60,2.7,24.4,65.9,9.8,56.1,14.6,4.9,24.4,2.3,1.8,1,1,0,-19.3,-0.35,-0.35,0.19,0.19,9.6,14.2,9.64,14.24,-4.6,8.4,1.2
2022,321,Andy Dalton,NO,QB,1,9,BLT,8.212560386473431,91.8,34,29,19,65.5,210,7.24,1,0.05,1,9,84,4.76,51.7,4,11.8,28,1,3,0,2,5,0,5.2,79.2,7.79,187,6.9,3,48.1,41.4,37.9,65.5,17.2,0,0,0,0,2.51,2.38,3.1,6.1,0,47.1,32.4,25,18.6,20.8,66.7,12.5,41.7,29.2,8.3,20.8,17.2,0,2,3,0,-4.8,-0.14,-0.13,0.34,0.34,11.9,8.3,11.9,8.27,3.63,11.4,0.5
2022,322,Geno Smith,SEA,QB,1,7,LAC,4.6082949308755765,100,30,27,20,74.1,210,7.78,2,2.8,1,10,105.5,6.41,51.9,2,6.7,19,1,9,0,4,7,0,8.1,80,8.32,208,7.4,2,38.6,81.5,59.3,77.8,14.8,7.4,11.1,0,0,2.47,2.27,3.55,5.6,0,20,16.7,33.3,-9.4,8,60,32,40,28,24,8,7.4,0,2,0,0,5.5,0.183,0.006,0.54,0.52,15.1,21,15.1,21,-5.9,15.4,-0.3
2022,323,Jacoby Brissett,CLV,QB,1,12,TB,10.336538461538462,100,43,37,23,62.2,210,5.68,1,0.29,1,10,75.3,3.73,37.8,4,9.3,32,2,27,0,2,27,0,2.1,72.2,11.42,411,18.9,2,48.1,67.6,48.6,75.7,21.6,0,2.7,8.1,20,2.62,2.78,3.98,5.15,0,30.2,16.3,30.8,-0.2,8.3,63.9,27.8,44.4,30.6,16.7,8.3,16.2,0,1,0,0,-3,-0.071,-0.071,0.33,0.33,14.1,12.6,14.1,12.56,1.54,11.4,2.7
2022,324,Lamar Jackson,BLT,QB,1,6,NYG,9.523809523809524,100,36,32,17,53.1,210,6.56,1,1.13,1,13,71.1,5,46.9,2,5.6,15,2,27,0,7,77,0,-4.8,64.5,10.35,321,12.5,6,36.2,84.4,53.1,65.6,31.3,6.3,3.1,9.4,21,2.58,2.66,2.9,4.35,0,25,8.3,22.2,-5.8,9.7,35.5,54.8,38.7,45.2,12.9,3.2,3.1,5.6,0,1,0,0.8,0.021,0.089,0.39,0.47,18.1,18.1,18.1,18.12,-0.02,11.4,6.7
2022,325,Zach Wilson,NYJ,QB,1,5,MIA,8.633093525179856,100,24,21,14,66.7,210,10,0,0.39,0,9,99.3,8.13,52.4,2,8.3,23,1,5,1,4,2,1,3.8,73.7,10.47,199,19,1,66.2,61.9,38.1,76.2,14.3,4.8,0,0,0,2.49,2.02,3.3,3.5,0,25,16.7,33.3,-3.9,21.1,63.2,15.8,47.4,15.8,15.8,21.1,9.5,4.2,0,1,0,3.6,0.151,0.151,0.62,0.61,14.6,11.1,14.6,11.05,3.55,8.4,6.2
2022,326,Brock Purdy,SF,QB,1,13,MIA,21.390374331550802,89.9,40,37,25,67.6,210,5.68,2,2.06,1,13,88.8,4.47,51.4,3,7.5,26,0,0,0,4,-1,0,-6.1,72.2,5.33,192,2.7,2,59,67.6,54.1,78.4,18.9,0,2.7,2.7,8,2.48,1.83,3.2,0,1,42.5,35,17.6,12.2,33.3,58.3,8.3,41.7,25,13.9,19.4,2.7,0,0,0,0,0.6,0.016,0.06,0.38,0.37,15.3,17.2,15.3,17.19,-1.89,15.4,-0.1
2022,327,Lamar Jackson,BLT,QB,1,11,CAR,9.788359788359788,100,37,33,24,72.7,209,6.33,0,0.11,1,9,76.5,4.11,48.5,3,8.1,16,1,-1,0,11,31,1,11.4,90,4.63,139,6.1,1,48.8,78.8,72.7,87.9,3,0,0,9.1,4,2.45,2.7,4.4,3.5,0,21.6,10.8,37.5,-7.2,26.7,36.7,36.7,43.3,16.7,13.3,26.7,9.1,5.4,1,1,0,-6.7,-0.18,-0.128,0.2,0.36,16.5,20.5,16.46,20.55,-4.09,7.4,9.1
2022,328,Sam Ehlinger,IND,QB,1,18,HST,32.53968253968254,100,41,35,23,65.7,209,5.97,2,2.97,2,13,77,4.11,51.4,2,4.9,7,4,21,0,5,21,0,7.8,81.8,8.48,280,14.3,8,56,48.6,34.3,77.1,17.1,0,2.9,11.4,45,2.99,3.11,3.45,4.17,0,36.6,4.9,13.3,1,30.3,54.5,15.2,27.3,39.4,6.1,27.3,17.1,0,0,1,0,-8.5,-0.208,-0.226,0.4,0.39,16.5,24.3,16.46,24.35,-7.89,14.4,2.1
2022,329,Justin Fields,CHI,QB,1,5,MIN,6.605922551252847,100,29,21,15,71.4,208,9.9,1,0.24,0,9,118.8,9.26,61.9,2,6.9,15,6,45,0,8,47,0,2.1,75,8.75,175,19,2,57.7,66.7,47.6,81,14.3,4.8,4.8,0,0,2.62,2.77,3.95,3.4,0,24.1,10.3,28.6,-1.4,20,55,25,30,50,5,15,19,0,0,1,0,8,0.277,0.216,0.58,0.55,17,13.1,17.02,13.13,3.89,12.3,4.7
2022,330,Dak Prescott,DAL,QB,1,7,DET,6.526806526806526,100,28,25,19,76,207,8.28,1,1.13,0,10,113.3,7.81,68,2,7.1,16,1,2,0,3,0,0,16.3,84,11.32,283,16,1,34.8,76,64,88,12,0,8,8,28,2.58,2.24,2.8,4.1,0,17.9,10.7,40,-13.1,8,60,32,36,28,28,8,12,0,0,0,0,4,0.143,0.143,0.45,0.44,12.3,14.2,12.28,14.21,-1.93,12.3,0
2022,331,Mitchell Trubisky,PIT,QB,1,3,CLV,16.923076923076923,100,33,32,20,62.5,207,6.47,0,0.12,0,10,81.1,6.18,40.6,1,3,3,0,0,0,2,7,1,5.3,71.9,11.47,367,25,1,15,68.8,46.9,78.1,18.8,9.4,3.1,9.4,54,2.74,2.44,4,0,1,30.3,15.2,10,-5.9,12.5,75,12.5,53.1,28.1,9.4,9.4,9.4,0,0,0,0,-8.3,-0.251,-0.203,0.25,0.43,15,14.6,14.98,14.63,0.35,8.3,6.7
2022,332,Kyler Murray,ARZ,QB,1,4,CAR,7.954545454545454,100,35,32,23,71.9,207,6.47,2,1.58,1,10,96.7,6.09,53.1,1,2.9,1,2,16,0,12,26,1,4,79.3,6.69,194,9.4,1,45.4,59.4,56.3,71.9,18.8,0,3.1,0,0,2.44,2.36,4.2,4.05,0,25.7,14.3,11.1,-3.7,13.8,55.2,31,41.4,37.9,6.9,13.8,6.3,0,1,2,0,0.7,0.02,0.003,0.48,0.57,23.9,21.5,23.88,21.5,2.38,15.3,8.6
2022,333,Joe Burrow,CIN,QB,1,9,CAR,4.302670623145401,77.8,29,28,22,78.6,206,7.36,1,1.34,0,9,109.2,7.62,71.4,1,3.4,5,0,0,0,4,9,1,12.3,88,6.92,173,3.6,1,35.9,57.1,39.3,78.6,10.7,3.6,0,0,0,2.37,2.36,2.5,0,0,17.2,6.9,20,-12.7,24,56,20,52,12,20,16,7.1,0,1,2,0,10.7,0.37,0.389,0.42,0.58,19.1,22,19.14,21.96,-2.82,12.2,6.9
2022,334,Aaron Rodgers,GB,QB,1,18,DET,5.281090289608177,100,31,27,17,63,205,7.59,1,0.96,1,9,83.1,5.62,51.9,2,6.5,17,2,8,0,3,10,0,9.7,80.8,10.12,263,25.9,2,42,66.7,63,77.8,18.5,7.4,7.4,14.8,46,2.83,2.51,4.45,5.2,1,45.2,22.6,14.3,11.3,26.9,61.5,11.5,57.7,26.9,3.8,11.5,7.4,3.2,1,0,0,-6.6,-0.212,-0.193,0.39,0.38,12.2,13.3,12.2,13.26,-1.06,11.2,1
2022,335,Andy Dalton,NO,QB,1,17,PHI,6.763285024154589,80.3,28,22,18,81.8,205,9.32,0,0.29,1,9,86.6,4.36,54.5,6,21.4,38,0,0,0,2,-2,0,13.5,90.5,6.05,127,4.5,0,53.7,68.2,77.3,86.4,9.1,4.5,4.5,4.5,11,2.71,2.64,3.33,0,1,28.6,14.3,75,-0.4,14.3,47.6,38.1,19,61.9,4.8,14.3,4.5,3.6,1,0,0,-4.8,-0.17,-0.17,0.26,0.25,7,9.8,7,9.8,-2.8,7.2,-0.2
2022,336,Kirk Cousins,MIN,QB,1,17,GB,4.9928673323823105,86,35,31,18,58.1,205,6.61,1,0.19,3,10,49.2,2.18,45.2,2,5.7,18,2,37,0,3,37,0,-6.8,66.7,8.33,250,12.9,2,45.9,64.5,58.1,77.4,12.9,6.5,3.2,6.5,25,2.75,2.75,3.15,5.7,0,37.1,17.1,15.4,3.9,13.3,46.7,40,30,43.3,20,6.7,3.2,2.9,0,1,0,-13.2,-0.378,-0.361,0.37,0.36,11.9,12.3,11.9,12.26,-0.36,9.2,2.7
2022,337,Josh Allen,BUF,QB,1,9,NYJ,6.451612903225806,100,42,34,18,52.9,205,6.03,0,0.21,2,10,46.8,2.38,44.1,5,11.9,22,3,29,0,9,86,2,-13.6,56.3,11.5,368,17.6,0,42.4,64.7,55.9,73.5,20.6,5.9,8.8,0,0,2.99,3.19,4.2,4.07,0,38.1,9.5,31.3,4.4,31.3,56.3,12.5,37.5,34.4,9.4,18.8,5.9,9.5,2,0,0,-8.3,-0.199,-0.002,0.22,0.56,26.8,20.6,26.8,20.61,6.19,6.2,20.6
2022,338,Andy Dalton,NO,QB,1,12,SF,8.212560386473431,86.8,34,29,18,62.1,204,7.03,0,0.79,0,8,83.1,6.57,48.3,1,2.9,7,4,21,0,4,21,0,8.1,82.1,7.71,216,6.9,3,47.1,75.9,72.4,79.3,10.3,6.9,0,17.2,66,2.42,2.91,2.9,5.53,0,35.3,8.8,8.3,8.1,25,57.1,17.9,35.7,35.7,3.6,25,6.9,2.9,1,0,0,-5.1,-0.151,-0.151,0.3,0.3,10.3,14.8,10.26,14.79,-4.53,8.2,2.1
2022,339,Kyler Murray,ARZ,QB,1,7,NO,7.2727272727272725,100,32,29,20,69,204,7.03,1,2.03,0,9,100.4,6.74,48.3,2,6.3,15,1,11,0,7,30,0,4.1,78.6,7.57,212,6.9,1,49.5,75.9,58.6,79.3,13.8,3.4,0,6.9,23,2.26,3.04,6.9,4.2,2,15.6,6.3,40,-10.6,25,64.3,10.7,50,25,7.1,17.9,17.2,12.5,0,1,0,3.6,0.113,0.137,0.41,0.41,17.2,21.8,17.16,21.84,-4.68,14.2,3
2022,340,Jalen Hurts,PHI,QB,1,4,JAX,5.360443622920517,100,29,25,16,64,204,8.16,0,1.33,1,8,72.8,5.41,44,2,6.9,13,2,7,1,16,38,1,3.5,81.8,5.27,116,0,0,66.7,76,68,76,12,0,4,8,10,2.36,2.11,4.25,4.15,1,24.1,20.7,28.6,-2.5,22.7,50,27.3,40.9,22.7,13.6,22.7,4,3.4,2,1,0,-7.3,-0.25,-0.167,0.48,0.42,17,23.3,16.96,23.31,-6.35,7.2,9.8
2022,341,Mac Jones,NE,QB,1,17,MIA,7.258064516129033,100,36,33,20,60.6,204,6.18,2,2.85,0,9,98.5,5.92,36.4,3,8.3,31,0,0,0,3,1,0,-0.4,71,9.35,290,24.2,4,46.6,75.8,45.5,75.8,18.2,9.1,3,6.1,17,2.19,2.1,3.2,0,1,27.8,19.4,30,2.3,22.6,58.1,19.4,35.5,32.3,9.7,22.6,15.2,8.3,1,1,0,-3.2,-0.089,-0.083,0.45,0.44,16.3,21.7,16.26,21.66,-5.4,16.2,0.1
2022,342,Aaron Rodgers,GB,QB,1,8,BUF,5.621805792163544,100,33,30,19,63.3,203,6.77,2,1.45,1,8,91.4,5.78,43.3,2,6.1,13,1,11,0,1,11,0,6.1,80.8,8.42,219,16.7,2,53.7,53.3,56.7,73.3,13.3,13.3,0,6.7,13,2.59,2.84,3,4.5,1,21.2,6.1,28.6,-10.4,23.1,50,26.9,26.9,46.2,11.5,15.4,6.7,12.1,2,1,0,-0.2,-0.006,-0.006,0.49,0.49,16.2,16,16.22,15.96,0.26,15.1,1.1
2022,343,Patrick Mahomes,KC,QB,1,18,LV,4.305555555555555,87.5,31,26,18,69.2,202,7.77,1,2.12,0,10,105,7.18,53.8,2,6.5,21,3,29,0,3,29,0,2.4,75,9.54,229,15.4,1,48.5,84.6,61.5,76.9,15.4,11.5,3.8,0,0,2.7,2.82,3.5,5.57,0,41.9,16.1,15.4,11.2,12.5,50,37.5,45.8,20.8,16.7,16.7,0,3.2,2,0,0,4,0.129,0.129,0.48,0.48,15,20,14.98,20.01,-5.03,12.1,2.9
2022,344,Daniel Jones,NYG,QB,1,7,JAX,6.315789473684211,100,36,30,19,63.3,202,6.73,1,1.87,0,11,94,7.1,46.7,1,2.8,2,5,50,0,11,107,1,-0.8,75,6.82,191,3.3,2,49,63.3,60,86.7,6.7,3.3,3.3,6.7,25,2.67,2.98,3.2,3.3,0,22.2,11.1,12.5,-7.9,17.9,67.9,14.3,42.9,28.6,10.7,17.9,3.3,11.1,1,1,0,5.7,0.159,0.301,0.47,0.69,28.8,26.7,28.78,26.72,2.06,12.1,16.7
2022,345,Davis Mills,HST,QB,1,17,JAX,8.349146110056926,82.1,44,40,22,55,202,5.05,0,0.51,0,9,69,4.71,35,1,2.3,9,3,31,0,4,33,0,-5.5,66.7,8.69,313,15,1,52.5,45,42.5,67.5,22.5,2.5,2.5,5,36,3.13,3.01,2.6,3.83,0,47.7,18.2,4.8,7.7,30.6,47.2,22.2,30.6,25,16.7,27.8,10,2.3,3,0,0,-22.4,-0.508,-0.505,0.25,0.25,10.4,14.2,10.38,14.23,-3.85,8.1,2.3
2022,346,Taylor Heinicke,WAS,QB,1,7,GB,12.027491408934708,100,35,33,20,60.6,201,6.09,2,2.99,1,11,85.5,5.68,51.5,1,2.9,3,1,5,0,2,4,0,-4.6,71,7.06,219,6.1,3,52.7,78.8,63.6,72.7,21.2,3,12.1,6.1,5,2.38,2.23,3.8,3.6,0,45.7,34.3,6.3,16.3,25.8,58.1,16.1,45.2,38.7,3.2,12.9,3,0,1,1,0,-1.2,-0.033,-0.062,0.44,0.43,15.4,20.5,15.44,20.48,-5.04,15,0.4
2022,347,Kyle Allen,HST,QB,1,13,CLV,45.88235294117647,100,39,39,20,51.3,201,5.15,1,1.31,2,10,53.5,3.36,38.5,0,0,0,0,0,0,2,1,0,-2.3,69.4,9.64,347,12.8,5,58.2,84.6,53.8,66.7,25.6,0,2.6,12.8,59,2.56,2.49,0,0,0,38.5,20.5,0,4.2,16.7,47.2,36.1,50,19.4,19.4,11.1,0,2.6,1,2,0,-18.2,-0.467,-0.644,0.26,0.25,9.1,15.6,9.14,15.59,-6.45,10,-0.9
2022,348,Sam Ehlinger,IND,QB,1,8,WAS,22.22222222222222,100,28,23,17,73.9,201,8.74,0,1.41,0,8,100.1,7.56,60.9,2,7.1,12,3,13,0,6,15,0,5.2,78.3,8.65,199,13,0,43.8,60.9,69.6,87,13,8.7,4.3,4.3,19,2.74,2.84,2.6,3.47,0,32.1,10.7,22.2,1.5,13,69.6,17.4,52.2,26.1,13,8.7,0,3.6,0,0,0,0,0.001,0.019,0.33,0.32,8.5,19,8.54,18.96,-10.42,8,0.5
2022,349,Daniel Jones,NYG,QB,1,13,WAS,7.017543859649122,100,40,31,25,80.6,200,6.45,1,1.02,0,9,104.3,5.77,45.2,4,10,18,5,49,0,12,71,0,13.6,92.9,6.11,171,9.7,1,61.5,71,71,83.9,6.5,3.2,3.2,3.2,34,2.18,2.06,3.35,4.38,2,27.5,17.5,36.4,5.9,21.4,60.7,17.9,53.6,21.4,10.7,14.3,6.5,0,1,0,2,1.5,0.037,-0.076,0.42,0.43,18.1,19.3,18.1,19.26,-1.16,12,6.1
2022,350,Joe Burrow,CIN,QB,1,15,TB,6.231454005934718,100,42,39,27,69.2,200,5.13,4,3.71,1,14,104.6,5.34,51.3,2,4.8,16,1,10,0,3,8,0,3.5,81.1,5.81,215,7.7,3,58.5,74.4,69.2,87.2,7.7,5.1,2.6,7.7,53,2.12,2.01,2.6,4.5,1,35.7,31,13.3,11,18.9,73,8.1,54.1,21.6,5.4,18.9,15.4,7.1,0,1,1,3.5,0.084,0.084,0.57,0.58,25.8,26.2,25.8,26.16,-0.36,25,0.8
2022,351,Matt Ryan,IND,QB,1,12,PIT,7.662082514734774,100,39,34,22,64.7,199,5.85,1,0.54,1,11,77.9,4.19,41.2,3,7.7,19,2,20,0,4,22,0,-0.7,75,6.69,214,5.9,1,36.2,55.9,61.8,76.5,17.6,5.9,2.9,5.9,30,2.79,2.62,3.7,4.6,2,33.3,15.4,23.1,0,12.5,50,37.5,34.4,34.4,18.8,12.5,8.8,0,2,0,0,-3.8,-0.098,-0.209,0.33,0.32,12.2,15.2,12.16,15.16,-3,11,1.2
2022,352,Joe Burrow,CIN,QB,1,2,DAL,6.6765578635014835,100,45,36,24,66.7,199,5.53,1,0.83,0,13,89.9,4.4,47.2,6,13.3,34,3,27,0,4,26,0,-3.6,73.5,6,204,5.6,1,51.3,75,61.1,72.2,22.2,0,0,2.8,-1,2.22,2.19,3.7,2.7,0,24.4,15.6,54.5,1.8,14.7,58.8,26.5,41.2,26.5,20.6,11.8,8.3,2.2,1,1,0,6.1,0.136,0.136,0.33,0.32,16.6,14.3,16.56,14.35,2.21,14,2.6
2022,353,Kenny Pickett,PIT,QB,1,10,NO,9.00900900900901,100,40,30,18,60,199,6.63,0,0.74,0,9,79.7,4.5,40,6,15,37,4,44,0,8,51,1,-0.8,73.1,7.46,194,13.3,2,49.2,70,56.7,70,16.7,6.7,0,3.3,20,2.88,2.89,4.45,5.15,2,45,17.5,33.3,15.2,15.4,46.2,38.5,42.3,23.1,19.2,15.4,6.7,0,4,0,0,-0.8,-0.02,0.01,0.31,0.44,19.1,18.7,19.06,18.74,0.32,8,11.1
2022,354,Geno Smith,SEA,QB,1,2,SF,4.915514592933948,100,32,30,24,80,197,6.57,0,0.07,1,10,80.1,4.22,50,2,6.3,17,0,0,0,2,2,0,4.5,82.8,5.55,161,6.7,0,45.2,63.3,53.3,86.7,10,3.3,3.3,0,0,2.66,2.48,3.7,0,0,31.3,21.9,20,-2.5,24.1,62.1,13.8,37.9,31,10.3,20.7,26.7,3.1,0,0,0,-7.9,-0.247,-0.29,0.21,0.21,7.1,10.7,7.08,10.7,-3.62,6.9,0.2
2022,355,Geno Smith,SEA,QB,1,6,ARZ,5.837173579109063,98.5,38,31,20,64.5,197,6.35,0,0.73,0,10,82.3,4.44,58.1,5,13.2,37,2,32,0,6,48,0,-2.4,72.4,7.72,224,9.7,2,50.8,90.3,67.7,77.4,16.1,0,3.2,3.2,6,2.18,2.37,4.58,3.65,0,26.3,15.8,50,3.7,10.3,55.2,34.5,44.8,37.9,10.3,6.9,3.2,2.6,1,1,0,-4.4,-0.116,-0.107,0.29,0.3,12.7,14.6,12.68,14.64,-1.96,7.9,4.8
2022,356,Baker Mayfield,CAR,QB,1,4,ARZ,9.844559585492227,100,38,36,22,61.1,197,5.47,1,0.27,2,8,61.9,2.89,47.2,2,5.3,17,0,0,0,2,0,0,4.1,80.6,6.42,199,5.6,0,56.9,66.7,58.3,72.2,11.1,0,0,8.3,24,2.31,2.06,2.3,0,0,23.7,15.8,22.2,-4.7,29,45.2,25.8,38.7,16.1,19.4,25.8,11.1,5.3,0,5,0,-12.4,-0.325,-0.486,0.26,0.25,8.9,11.2,8.88,11.15,-2.27,9.9,-1
2022,357,Josh Allen,BUF,QB,1,11,CLV,4.6082949308755765,100,30,27,18,66.7,197,7.3,1,1.9,0,9,100.4,7.1,59.3,2,6.7,11,1,6,0,3,7,0,7.2,80,8.44,211,7.4,2,25.4,51.9,44.4,77.8,11.1,7.4,0,7.4,33,2.65,2.45,4.75,4,1,43.3,23.3,15.4,11.1,20,52,28,48,36,8,8,3.7,6.7,2,0,0,7.2,0.241,0.215,0.42,0.41,12.6,17.7,12.58,17.72,-5.14,11.9,0.7
2022,358,Brett Rypien,DEN,QB,1,15,ARZ,34.02061855670103,100,33,26,21,80.8,197,7.58,1,0.89,1,10,95,3.97,65.4,7,21.2,41,0,0,0,2,-2,0,9,88,5,125,7.7,1,69.5,69.2,61.5,88.5,7.7,3.8,3.8,3.8,3,2.33,2.18,2.99,0,1,36.4,24.2,58.3,12.4,20,52,28,40,20,20,20,11.5,9.1,0,1,0,-6,-0.182,-0.182,0.33,0.32,9.7,10.5,9.68,10.53,-0.85,10.9,-1.2
2022,359,Daniel Jones,NYG,QB,1,10,HST,4.035087719298246,100,23,17,13,76.5,197,11.59,2,0.94,0,8,153.3,10.8,64.7,3,13,21,3,22,0,5,24,0,15.5,94.1,5.35,91,0,0,68.5,82.4,58.8,94.1,5.9,0,0,17.6,14,2.71,2.88,3.67,3.7,0,34.8,13,37.5,7.6,5.9,58.8,35.3,41.2,29.4,23.5,5.9,5.9,4.3,0,0,0,12.9,0.561,0.551,0.79,0.76,18.3,13,18.28,12.95,5.33,15.9,2.4
2022,360,Kenny Pickett,PIT,QB,1,13,ATL,6.981981981981981,100,31,28,16,57.1,197,7.04,1,1.58,0,10,90.9,7.75,42.9,0,0,0,3,19,0,7,14,0,-1.4,69.2,9.38,244,17.9,2,54.8,64.3,50,75,17.9,7.1,0,7.1,22,3.1,2.82,0,4.73,0,38.7,16.1,0,-0.7,19.2,53.8,26.9,46.2,23.1,15.4,15.4,7.1,0,1,0,0,10,0.323,0.263,0.44,0.39,13.3,17.5,13.28,17.48,-4.2,11.9,1.4
2022,361,Marcus Mariota,ATL,QB,1,2,LA,9.014084507042254,100,32,26,17,65.4,196,7.54,2,1.11,2,11,81.6,4.17,53.8,3,9.4,25,3,17,0,6,16,0,1.9,76,7.32,183,7.7,1,49,76.9,50,76.9,15.4,3.8,3.8,7.7,28,2.7,3.03,4,5.33,0,21.9,3.1,42.9,-7.9,8,76,16,68,24,8,0,0,3.1,1,0,0,-0.9,-0.029,-0.109,0.49,0.44,16.4,15.8,16.44,15.81,0.63,15.8,0.6
2022,362,Baker Mayfield,CAR,QB,1,11,BLT,10.103626943005182,100,39,33,21,63.6,196,5.94,0,0.15,2,7,54.6,2.14,36.4,4,10.3,27,2,12,0,2,12,0,-4.8,73.3,5.27,158,3,0,42.3,66.7,63.6,78.8,12.1,3,3,3,11,2.68,2.76,4.75,3.55,2,35.9,7.7,28.6,5.1,20,66.7,13.3,50,23.3,13.3,13.3,12.1,5.1,2,1,0,-17,-0.436,-0.436,0.18,0.18,7,11,7.04,10.99,-3.95,5.8,1.2
2022,363,Daniel Jones,NYG,QB,1,3,DAL,8.596491228070176,100,49,37,20,54.1,196,5.3,0,0.05,1,8,57.9,2.95,43.2,5,10.2,27,7,62,0,9,79,0,-4.3,71,6.45,200,5.4,0,62.2,51.4,54.1,73,8.1,2.7,5.4,5.4,12,2.97,2.65,3.26,4.86,2,51,28.6,20,19.8,12.9,67.7,19.4,51.6,19.4,22.6,6.5,0,8.2,5,1,0,-6.8,-0.139,-0.097,0.27,0.29,14.7,15.6,14.74,15.6,-0.86,6.8,7.9
2022,364,Justin Herbert,LAC,QB,1,10,SF,5.270092226613966,94.6,40,35,21,60,196,5.6,1,1.24,1,7,73,4.41,34.3,2,5,8,3,18,0,5,22,0,8.7,86.2,5.93,172,5.7,2,50,40,51.4,74.3,8.6,8.6,0,11.4,23,2.67,2.55,3.2,4.17,1,37.5,20,13.3,5.9,34.5,37.9,27.6,20.7,20.7,24.1,34.5,11.4,0,3,2,0,-4.6,-0.114,-0.083,0.32,0.31,13,18.5,13.04,18.52,-5.48,10.8,2.2
2022,365,Aaron Rodgers,GB,QB,1,1,MIN,6.473594548551959,91.8,38,34,22,64.7,195,5.74,0,0.36,1,9,67.6,3.08,47.1,4,10.5,33,0,0,0,1,-1,0,1,80.6,5.71,177,5.9,0,72.3,73.5,47.1,76.5,14.7,2.9,2.9,8.8,40,2.61,3.29,4.85,0,1,26.3,5.3,40,-5.1,35.5,48.4,16.1,32.3,32.3,9.7,25.8,2.9,13.2,2,1,0,-11.6,-0.306,-0.306,0.18,0.18,5.7,9.7,5.7,9.69,-3.99,6.8,-1.1
2022,366,Matt Ryan,IND,QB,1,2,JAX,6.8762278978389,95.8,35,30,16,53.3,195,6.5,0,0.86,3,6,34,0.83,36.7,5,14.3,31,0,0,0,0,0,0,-3.6,65.4,10.27,267,13.3,4,34.4,63.3,43.3,70,16.7,3.3,13.3,3.3,6,2.77,2.49,3.78,0,5,48.6,31.4,29.4,16.2,23.1,57.7,19.2,61.5,19.2,11.5,7.7,0,0,1,2,0,-20.3,-0.581,-0.581,0.14,0.14,4.8,10.8,4.8,10.8,-6,4.8,0
2022,367,Geno Smith,SEA,QB,1,1,DEN,4.761904761904762,100,31,28,23,82.1,195,6.96,2,2.21,0,9,119.5,7.23,50,2,6.5,18,1,14,0,6,14,0,6.8,85.2,5.15,139,3.6,0,45.6,67.9,53.6,85.7,10.7,3.6,0,0,0,2.51,2.31,2.8,4.2,0,38.7,25.8,16.7,8.6,11.1,55.6,33.3,37,25.9,25.9,11.1,7.1,9.7,1,0,0,3.3,0.108,0.012,0.55,0.52,17.2,19.5,17.2,19.53,-2.33,15.8,1.4
2022,368,Mac Jones,NE,QB,1,13,BUF,7.661290322580645,100,38,36,22,61.1,195,5.42,1,0.3,0,7,84.8,5.46,36.1,1,2.6,13,1,5,0,3,7,0,-7.3,69.7,6.06,200,8.3,1,74.9,58.3,47.2,75,16.7,0,5.6,2.8,3,3.24,2.34,3.1,5.4,0,47.4,23.7,5.6,3.7,21.2,51.5,21.2,42.4,21.2,9.1,27.3,11.1,2.6,2,1,0,0.6,0.015,-0.026,0.32,0.31,12.5,10.6,12.5,10.56,1.94,11.8,0.7
2022,369,Kenny Pickett,PIT,QB,1,18,CLV,6.981981981981981,100,31,29,13,44.8,195,6.72,1,2.67,0,10,79,6.97,41.4,1,3.2,6,1,1,0,3,1,0,-5.4,61.5,11.27,293,24.1,2,39.5,62.1,41.4,69,20.7,10.3,0,10.3,9,2.88,2.26,2.9,4.4,0,45.2,32.3,7.1,8,19.2,53.8,26.9,50,19.2,19.2,11.5,6.9,0,1,2,0,8.8,0.283,0.224,0.38,0.36,13.9,21,13.9,21.05,-7.15,13.8,0.1
2022,370,Aaron Rodgers,GB,QB,1,7,WAS,5.9625212947189095,100,35,35,23,65.7,194,5.54,2,1.42,0,10,99,6.69,48.6,0,0,0,0,0,0,0,0,0,11.4,90.9,5.06,167,11.4,1,65.5,77.1,62.9,91.4,2.9,5.7,0,20,46,2.11,3.33,0,0,0,11.4,0,0,-15.2,30.3,57.6,12.1,24.2,48.5,6.1,21.2,2.9,8.6,1,0,1,-2.8,-0.081,-0.081,0.45,0.46,15.8,15.8,15.76,15.83,-0.07,15.8,0
2022,371,Mitchell Trubisky,PIT,QB,1,1,CIN,21.025641025641026,100,41,38,21,55.3,194,5.11,1,1.14,0,8,78.2,5.44,34.2,1,2.4,2,2,10,0,3,9,0,-11.3,61.8,8.69,304,18.4,1,38.7,73.7,42.1,60.5,28.9,5.3,0,0,0,2.29,2.19,6.4,3.65,0,34.1,24.4,7.1,6.7,8.6,60,31.4,42.9,31.4,17.1,8.6,0,0,1,1,1,-4.4,-0.107,-0.107,0.31,0.32,12.7,14.2,12.66,14.19,-1.53,11.8,0.9
2022,372,Mac Jones,NE,QB,1,8,NYJ,8.870967741935484,100,44,35,24,68.6,194,5.54,1,1.1,1,9,79.9,3.32,45.7,6,13.6,33,3,26,0,7,19,0,-0.4,80.6,3.84,119,2.9,1,71.1,54.3,60,74.3,14.3,2.9,0,2.9,4,2.26,2.59,4.08,2.4,0,25,13.6,54.5,1.8,29,54.8,16.1,32.3,45.2,6.5,16.1,20,11.4,3,0,0,-2.7,-0.061,-0.061,0.3,0.29,12.7,14.2,12.66,14.22,-1.56,10.8,1.9
2022,373,Teddy Bridgewater,MIA,QB,1,4,CIN,26.96629213483146,65,24,23,14,60.9,193,8.39,1,1.64,1,8,84.1,7.3,43.5,0,0,0,1,11,0,1,11,0,-0.3,71.4,10.14,213,8.7,1,39.4,52.2,30.4,69.6,17.4,4.3,8.7,4.3,2,3.22,2.38,0,6,0,41.7,25,0,-2,19,71.4,9.5,57.1,9.5,9.5,23.8,21.7,0,2,0,0,1.6,0.066,0.066,0.49,0.49,11.8,14.5,11.82,14.52,-2.7,10.7,1.1
2022,374,Kyler Murray,ARZ,QB,1,1,KC,8.409090909090908,87.3,37,34,22,64.7,193,5.68,2,1.1,0,11,99.3,5.97,52.9,2,5.4,18,1,10,0,5,29,0,3.5,78.6,7.68,215,11.8,2,61.1,50,41.2,73.5,8.8,2.9,5.9,0,0,2.64,2.19,4.2,5,0,37.8,21.6,14.3,5.1,28.6,64.3,7.1,35.7,35.7,3.6,25,17.6,2.7,4,2,0,1.6,0.043,0.019,0.45,0.47,20.6,15.7,20.62,15.66,4.96,17.7,2.9
2022,375,Taylor Heinicke,WAS,QB,1,11,HST,9.621993127147768,100,28,27,15,55.6,191,7.07,0,0.54,0,10,77.9,7.07,48.1,0,0,0,1,4,0,3,2,0,-3.3,68.2,9.59,211,3.7,1,41.4,48.1,29.6,55.6,25.9,0,3.7,0,0,2.97,2.88,0,4.1,0,42.9,14.3,0,3,13.6,50,36.4,45.5,22.7,22.7,9.1,3.7,0,4,0,0,1.1,0.039,-0.046,0.29,0.26,7.8,11.4,7.84,11.44,-3.6,7.6,0.2
2022,376,Kyler Murray,ARZ,QB,1,12,LAC,7.5,100,33,29,18,62.1,191,6.59,2,1.18,1,10,89.9,6,44.8,1,3,6,3,22,1,7,56,1,-2.3,66.7,10.26,277,24.1,1,51.3,65.5,62.1,75.9,13.8,3.4,3.4,0,0,2.9,2.64,3.4,5.03,0,33.3,12.1,9.1,-2,14.8,74.1,11.1,44.4,37,7.4,11.1,3.4,0,2,0,0,11.3,0.343,0.311,0.69,0.71,26.2,19.6,26.24,19.61,6.63,14.6,11.6
2022,377,Kenny Pickett,PIT,QB,1,8,PHI,11.036036036036036,98.6,49,38,25,65.8,191,5.03,0,0.11,1,8,66.9,2.45,47.4,6,12.2,38,5,32,0,7,37,0,-7.2,69.4,6.5,234,5.3,3,71.7,73.7,60.5,68.4,26.3,0,7.9,0,0,2.34,2.48,3.98,3.74,3,32.7,12.2,37.5,9,27.8,50,22.2,30.6,30.6,13.9,25,18.4,0,1,1,0,-15.6,-0.319,-0.258,0.2,0.2,9.3,12.4,9.34,12.45,-3.11,6.6,2.7
2022,378,Tom Brady,TB,QB,1,2,NO,4.61133069828722,100,35,34,18,52.9,190,5.59,1,1.12,0,8,79.3,5.94,29.4,1,2.9,2,0,0,0,3,-2,0,-2.2,68.8,9.28,297,20.6,1,48.4,88.2,50,76.5,17.6,8.8,0,11.8,45,2.23,2.4,2.8,0,1,8.6,5.7,33.3,-19.2,15.6,71.9,12.5,34.4,46.9,6.3,12.5,0,0,1,1,0,2.4,0.069,-0.086,0.33,0.32,10.4,15.4,10.4,15.39,-4.99,11.6,-1.2
2022,379,Jalen Hurts,PHI,QB,1,11,IND,5.545286506469501,100,30,25,18,72,190,7.6,1,0.71,0,6,107.1,6.89,56,3,10,17,2,29,0,16,86,1,9.7,82.6,8.57,197,12,2,43.7,68,72,84,8,8,0,4,40,2.97,2.99,5.8,5.8,2,30,13.3,33.3,-4.4,13,82.6,4.3,65.2,13,8.7,13,8,3.3,2,0,0,-10.3,-0.342,-0.067,0.48,0.62,25.2,21.3,25.2,21.26,3.94,11.6,13.6
2022,380,Justin Fields,CHI,QB,1,6,WAS,9.567198177676538,100,42,27,14,51.9,190,7.04,1,2.3,1,9,71.5,4.03,37,5,11.9,36,10,86,0,12,88,0,1.7,69.6,12.04,277,14.8,5,33.2,70.4,40.7,66.7,18.5,3.7,3.7,7.4,23,2.67,2.94,4.84,4.91,3,50,23.8,23.8,26.7,4.3,82.6,13,60.9,26.1,13,0,3.7,2.4,0,2,0,-9.1,-0.216,-0.186,0.46,0.44,19.4,28.7,19.4,28.66,-9.26,10.6,8.8
2022,381,Russell Wilson,DEN,QB,1,13,BLT,4.593639575971731,100,26,22,17,77.3,189,8.59,0,0.16,0,7,102.3,7.67,45.5,2,7.7,5,2,21,0,2,21,0,14.2,85,10.45,209,22.7,0,29.1,45.5,54.5,77.3,13.6,13.6,0,0,0,2.84,2.72,4.95,4,0,34.6,11.5,22.2,1.6,30,35,35,20,35,20,25,18.2,0,1,1,0,1.6,0.061,0.061,0.37,0.37,9.7,11,9.66,10.98,-1.32,7.6,2.1
2022,382,Russell Wilson,DEN,QB,1,6,LAC,6.007067137809187,100,34,28,15,53.6,188,6.71,1,1.2,0,8,86.6,5.63,35.7,4,11.8,28,2,10,0,4,23,0,-3.8,65.2,10.87,250,17.9,3,39.4,60.7,39.3,53.6,28.6,3.6,3.6,0,0,2.81,2.44,3.08,3.8,1,32.4,14.7,36.4,0.6,13,65.2,21.7,56.5,21.7,13,8.7,3.6,2.9,3,1,0,-6.6,-0.195,-0.164,0.37,0.38,13.8,13.9,13.82,13.89,-0.07,11.5,2.3
2022,383,Derek Carr,LV,QB,1,4,DEN,7.18232044198895,100,39,34,21,61.8,188,5.53,0,1.24,0,11,76.6,4.81,50,2,5.1,15,3,36,0,7,40,0,2.2,76.7,8.4,252,5.9,1,43.1,64.7,50,76.5,11.8,2.9,2.9,5.9,9,2.34,2.15,2.9,4.9,0,20.5,17.9,25,-6,23.3,60,16.7,46.7,23.3,6.7,23.3,20.6,0,4,0,0,-0.2,-0.005,0.003,0.29,0.28,11.5,17,11.52,17.02,-5.5,7.5,4
2022,384,Daniel Jones,NYG,QB,1,1,TEN,5.087719298245614,100,29,21,17,81,188,8.95,2,1.39,1,7,115.9,5.81,57.1,5,17.2,32,3,15,0,6,25,0,13,90,6.65,133,4.8,2,50.5,57.1,57.1,85.7,9.5,0,4.8,4.8,18,2.68,2.5,3.5,3.73,3,34.5,20.7,50,8.2,35,60,5,45,20,5,30,19,3.4,0,1,0,-7.4,-0.254,-0.257,0.55,0.53,18,16,18.02,16,2.02,16.5,1.5
2022,385,Bailey Zappe,NE,QB,1,5,DET,22.22222222222222,100,22,21,17,81,188,8.95,1,1.05,1,11,100,7.76,61.9,0,0,0,1,5,0,5,5,0,11.9,85.7,7.86,165,9.5,0,53.2,76.2,76.2,90.5,9.5,0,0,4.8,8,2.42,2.65,0,5.1,0,9.1,4.5,0,-21.3,14.3,61.9,23.8,57.1,14.3,14.3,14.3,4.8,4.5,0,0,0,6.5,0.294,0.212,0.5,0.46,11,14.4,11.02,14.38,-3.36,10.5,0.5
2022,386,Matthew Stafford,LA,QB,1,8,SF,10.682492581602373,100,36,33,22,66.7,187,5.67,1,1.06,0,11,91.4,5.34,63.6,2,5.6,20,1,1,1,2,-1,1,-4.7,74.2,4.97,154,6.1,3,55.1,90.9,63.6,75.8,18.2,6.1,0,3,1,2.28,1.99,4.05,3.6,0,25,22.2,22.2,-1.9,19.4,64.5,16.1,41.9,32.3,6.5,19.4,0,2.8,2,0,0,1.5,0.041,0.041,0.49,0.48,17.4,19.4,17.38,19.4,-2.02,11.5,5.9
2022,387,Andy Dalton,NO,QB,1,5,SEA,6.280193236714976,87.8,26,24,16,66.7,187,7.79,1,0.72,1,8,86.6,6.24,45.8,1,3.8,6,1,5,0,7,4,0,-1.4,72.7,7.41,163,0,1,56.7,54.2,54.2,79.2,12.5,4.2,4.2,0,0,2.49,2.24,4.7,4.3,1,30.8,15.4,12.5,0.3,27.3,59.1,13.6,36.4,27.3,9.1,27.3,12.5,0,0,0,0,-3.1,-0.12,-0.106,0.42,0.4,10.9,10.7,10.88,10.74,0.14,10.5,0.4
2022,388,Tyler Huntley,BLT,QB,1,13,DEN,29.1044776119403,85.5,39,32,27,84.4,187,5.84,0,0.16,1,8,78,4,53.1,2,5.1,6,5,30,0,10,41,1,16.1,93.3,5.63,169,6.3,0,43.9,50,59.4,90.6,3.1,0,3.1,3.1,11,2.4,2.4,2.85,4.88,0,38.5,23.1,13.3,12.4,16.7,53.3,30,43.3,40,3.3,13.3,6.3,2.6,1,0,1,-1,-0.026,0.083,0.24,0.39,16.6,18.1,16.58,18.09,-1.51,6.5,10.1
2022,389,Marcus Mariota,ATL,QB,1,10,CAR,10.422535211267606,100,37,30,19,63.3,186,6.2,2,1.18,1,11,89,4.23,46.7,5,13.5,33,2,40,0,3,43,0,-0.5,65.5,12,348,26.7,2,19.9,60,36.7,73.3,23.3,3.3,13.3,0,0,2.89,1.96,3.94,3.85,1,43.2,35.1,31.3,10.8,13.8,55.2,31,51.7,27.6,6.9,13.8,10,2.7,0,0,1,-3.5,-0.093,-0.097,0.5,0.51,18.7,17.2,18.74,17.25,1.49,14.4,4.3
2022,390,Tua Tagovailoa,MIA,QB,1,3,BUF,4.408352668213457,92.3,19,18,13,72.2,186,10.33,1,0.99,0,8,123.8,10.47,61.1,1,5.3,7,0,0,0,1,0,0,12.8,82.4,10.24,174,16.7,1,25.3,83.3,66.7,77.8,11.1,11.1,5.6,5.6,18,2.22,2.03,3.8,0,0,31.6,31.6,16.7,4.7,17.6,58.8,23.5,52.9,11.8,17.6,17.6,5.6,5.3,0,0,0,8.7,0.456,0.416,0.6,0.57,11.4,12,11.44,12.03,-0.59,11.4,0
2022,391,Brock Purdy,SF,QB,1,14,TB,11.76470588235294,81.4,22,21,16,76.2,185,8.81,2,1.86,0,8,134,10.71,52.4,0,0,0,1,2,1,2,3,1,6.9,84.2,5.84,111,9.5,0,40.5,76.2,47.6,76.2,14.3,4.8,0,0,0,2.68,2.26,0,3.9,0,45.5,31.8,0,10.8,21.1,52.6,26.3,36.8,26.3,21.1,15.8,0,0,0,1,0,9.6,0.436,0.426,0.98,0.94,21.7,21.1,21.7,21.14,0.56,15.4,6.3
2022,392,Bailey Zappe,NE,QB,1,7,CHI,23.232323232323232,66.7,23,22,14,63.6,185,8.41,1,0.69,2,8,67.4,4.65,54.5,1,4.3,8,0,0,0,2,-1,0,5.6,77.8,9.28,167,13.6,0,39.5,40.9,50,68.2,13.6,4.5,4.5,0,0,2.56,1.88,2.6,0,0,17.4,17.4,25,-15.4,38.9,50,11.1,38.9,16.7,11.1,33.3,22.7,0,0,4,0,-2.5,-0.11,-0.294,0.41,0.39,8.3,9.3,8.3,9.33,-1.03,9.4,-1.1
2022,393,Russell Wilson,DEN,QB,1,3,SF,7.06713780918728,100,40,33,20,60.6,184,5.58,0,0.32,0,8,75.8,4.32,30.3,4,10,24,3,20,0,6,17,0,-5.1,71.9,6.28,201,6.1,0,53.3,45.5,48.5,75.8,21.2,3,0,9.1,12,2.52,2.46,3.13,3.5,2,35,20,28.6,7.3,37.5,53.1,9.4,31.3,31.3,3.1,34.4,24.2,0,1,0,0,-10.6,-0.266,-0.266,0.23,0.23,9.1,12.8,9.06,12.82,-3.76,7.4,1.7
2022,394,Geno Smith,SEA,QB,1,17,NYJ,5.376344086021505,100,35,29,18,62.1,183,6.31,2,2.32,0,10,103.1,5.7,55.2,4,11.4,35,2,4,0,5,18,0,-3.5,67.9,9.54,267,13.8,4,50.8,89.7,44.8,72.4,24.1,6.9,0,3.4,27,2.4,2.47,4.58,4.8,3,34.3,20,33.3,8.2,21.4,39.3,39.3,35.7,25,17.9,21.4,0,2.9,0,0,0,-3.4,-0.097,-0.042,0.45,0.45,17.1,19.9,17.12,19.86,-2.74,15.3,1.8
2022,395,Aaron Rodgers,GB,QB,1,13,CHI,5.45144804088586,100,32,31,18,58.1,182,5.87,1,0.45,0,11,85.7,6.52,45.2,0,0,0,1,6,0,3,4,0,-4.5,65.5,10.45,303,19.4,4,51.1,64.5,38.7,64.5,29,3.2,0,3.2,6,3.38,3.41,0,6.1,0,31.3,3.1,0,-15.6,27.6,58.6,13.8,37.9,41.4,6.9,13.8,6.5,0,2,0,0,3.6,0.112,0.112,0.37,0.37,13.7,9.8,13.68,9.8,3.88,13.3,0.4
2022,396,Matt Ryan,IND,QB,1,15,MIN,7.269155206286837,100,37,33,19,57.6,182,5.52,1,1.78,0,11,83.1,5.28,39.4,3,8.1,12,1,1,0,3,0,0,-4.1,70,7.63,229,9.1,0,45.6,63.6,48.5,75.8,15.2,0,0,6.1,13,2.51,2.16,3.47,4.2,2,40.5,29.7,20,10.8,10,76.7,13.3,50,33.3,6.7,10,3,0,1,0,0,-2.6,-0.071,-0.14,0.31,0.3,11.3,17.2,11.28,17.2,-5.92,11.3,0
2022,397,Ryan Tannehill,TEN,QB,1,5,WAS,8.355795148247978,100,31,25,15,60,181,7.24,1,1.74,0,6,95.6,5.2,40,5,16.1,45,1,1,0,3,3,0,2.1,77.3,9,198,8,1,47.5,64,52,76,12,8,0,8,13,2.67,2.41,3.52,3.8,1,45.2,25.8,35.7,16,31.8,54.5,13.6,31.8,31.8,9.1,27.3,8,0,2,0,0,-1.8,-0.057,-0.071,0.37,0.35,11.5,16,11.54,16.02,-4.48,11.2,0.3
2022,398,Cooper Rush,DAL,QB,1,6,PHI,22.22222222222222,100,38,38,18,47.4,181,4.76,1,0.39,3,12,37.3,1.74,39.5,0,0,0,0,0,0,0,0,0,-17.3,54.5,8.88,293,7.9,3,47,65.8,36.8,55.3,31.6,0,10.5,0,0,2.38,2,0,0,0,31.6,28.9,0,0.5,9.1,54.5,36.4,36.4,39.4,21.2,3,2.6,0,1,2,0,-8.4,-0.221,-0.221,0.22,0.22,8.2,8.2,8.24,8.17,0.07,8.2,0
2022,399,David Blough,ARZ,QB,1,18,SF,32.30769230769231,66,21,18,14,77.8,180,10,1,0.5,2,5,87.3,4.52,33.3,3,14.3,15,0,0,0,2,-2,0,3.4,83.3,5.11,92,11.1,0,81.1,77.8,50,83.3,16.7,0,11.1,5.6,0,2.39,2.59,3.73,0,2,47.6,28.6,30,20.7,27.8,61.1,11.1,27.8,27.8,11.1,33.3,11.1,4.8,0,0,0,-6.6,-0.313,-0.476,0.44,0.39,8,8.5,8,8.54,-0.54,9.2,-1.2
2022,400,Trevor Siemian,CHI,QB,1,12,NYJ,96.55172413793103,100,28,25,14,56,179,7.16,1,0.84,1,7,75.3,5.19,44,2,7.1,14,1,6,0,4,8,0,-16.1,58.3,7.54,181,12,2,64.2,64,36,64,32,0,8,0,0,2.59,2.54,3.1,7.1,1,35.7,14.3,20,4.7,25,45.8,29.2,37.5,25,20.8,16.7,12,0,1,0,0,-7.2,-0.257,-0.264,0.38,0.37,11,9.5,10.96,9.5,1.46,10.2,0.8
2022,401,Mitchell Trubisky,PIT,QB,1,15,CAR,11.794871794871794,100,23,22,17,77.3,179,8.14,0,0.21,0,9,100.4,7.35,63.6,1,4.3,10,0,0,0,6,9,1,13.4,89.5,6.89,131,4.5,0,36.3,77.3,63.6,86.4,0,4.5,0,0,0,2.51,2.97,2.7,0,0,13,8.7,33.3,-18.9,5.3,89.5,5.3,57.9,31.6,5.3,5.3,0,0,2,1,0,10.4,0.451,0.45,0.31,0.5,14.1,15.6,14.06,15.56,-1.5,7.2,6.9
2022,402,Joshua Dobbs,TEN,QB,1,18,JAX,45.45454545454545,98.6,35,29,20,69,179,6.17,1,1.9,1,14,82.4,4.24,51.7,4,11.4,14,2,16,0,5,32,0,-2.7,74.1,6.3,170,10.3,2,64.8,75.9,51.7,82.8,10.3,0,3.4,0,0,2.64,2.85,3.45,4.7,2,45.7,20,25,16.1,18.5,48.1,33.3,22.2,44.4,14.8,18.5,3.4,11.4,2,0,0,0.6,0.017,0.038,0.34,0.35,12.4,18.7,12.36,18.66,-6.3,10.2,2.2
2022,403,Justin Fields,CHI,QB,1,7,NE,5.922551252847381,100,26,21,13,61.9,179,8.52,1,0.54,1,10,85.2,4.88,57.1,4,15.4,32,1,20,0,14,82,1,6.4,77.8,10.22,184,14.3,2,39.7,52.4,33.3,66.7,19,4.8,9.5,4.8,1,2.93,3.26,5.1,6,2,34.6,7.7,44.4,1.8,5.6,77.8,16.7,38.9,55.6,5.6,0,0,11.5,1,2,0,4.3,0.166,0.234,0.47,0.64,24.4,22.3,24.36,22.31,2.05,10.2,14.2
2022,404,Trevor Lawrence,JAX,QB,1,13,DET,5.669291338582677,92.7,36,31,17,54.8,179,5.77,1,0.91,0,9,82.6,5.61,38.7,2,5.6,14,3,22,0,4,32,0,-0.2,72.4,8.41,244,16.1,3,47.5,83.9,54.8,77.4,16.1,3.2,3.2,12.9,11,2.3,2.43,2.65,3.43,0,25,19.4,22.2,-0.6,10.3,62.1,27.6,41.4,34.5,13.8,10.3,0,5.6,1,1,0,1,0.027,0.038,0.37,0.39,16.4,15,16.36,15.01,1.35,13.2,3.2
2022,405,John Wolford,LA,QB,1,13,SEA,46.57534246575342,98.4,34,26,14,53.8,178,6.85,0,0.2,2,7,43.4,1.93,46.2,4,11.8,30,4,15,0,5,29,0,-12.6,56,10.72,268,15.4,2,52.2,69.2,38.5,65.4,30.8,3.8,7.7,0,0,3.12,2.79,3.27,4.4,1,47.1,14.7,25,13.5,8,72,20,24,48,20,8,3.8,0,1,0,0,-10.1,-0.296,-0.194,0.19,0.23,8,10.7,8.02,10.75,-2.73,5.1,2.9
2022,406,Davis Mills,HST,QB,1,16,TEN,5.88235294117647,76.2,31,28,17,60.7,178,6.36,1,1.33,1,6,76.2,5.17,46.4,1,3.2,3,2,9,0,4,8,0,3.8,70.8,12.42,298,21.4,2,29.2,57.1,28.6,60.7,25,7.1,3.6,0,0,2.88,2.77,4.6,4.95,0,48.4,16.1,6.7,12.6,16.7,58.3,20.8,54.2,25,4.2,16.7,10.7,0,2,1,0,1.7,0.055,0.036,0.36,0.34,10.9,17.7,10.92,17.72,-6.8,10.1,0.8
2022,407,Brock Purdy,SF,QB,1,18,ARZ,13.903743315508022,82,26,20,15,75,178,8.9,3,1.84,0,10,141.3,8.42,75,4,15.4,36,2,15,0,4,7,0,4.2,80,6.15,123,5,2,60.7,85,40,90,10,0,0,5,3,2.58,2.65,4.03,4.55,1,50,26.9,30.8,23.3,20,50,30,50,20,20,10,5,3.8,0,0,0,6.2,0.239,0.145,0.79,0.71,19.8,22,19.82,21.98,-2.16,19.1,0.7
2022,408,Phillip Walker,CAR,QB,1,7,TB,20,100,23,22,16,72.7,177,8.05,2,1.76,0,8,126.5,9.13,50,1,4.3,7,0,0,0,0,0,0,7.4,81,8.33,175,13.6,1,49.2,90.9,68.2,86.4,9.1,27.3,0,4.5,36,2.37,2.63,3.7,0,1,17.4,8.7,25,-12.2,23.8,66.7,9.5,57.1,19,4.8,19,0,4.3,1,0,0,5.3,0.229,0.229,0.66,0.66,15.1,15.7,15.08,15.75,-0.67,15.1,0
2022,409,Daniel Jones,NYG,QB,1,17,IND,4.912280701754386,86.9,28,24,19,79.2,177,7.38,2,1.66,0,9,125.2,9.04,66.7,0,0,0,4,26,0,11,91,2,8.6,87,5,115,0,1,44.6,70.8,70.8,87.5,4.2,0,4.2,4.2,-8,2.46,3.05,0,5.1,0,39.3,17.9,0,11.4,21.7,65.2,13,17.4,56.5,0,26.1,8.3,3.6,1,0,0,9.3,0.334,0.425,0.63,1.03,36.2,24.5,36.18,24.55,11.63,15.1,21.1
2022,410,Davis Mills,HST,QB,1,2,DEN,7.7798861480075905,96.6,41,38,19,50,177,4.66,0,0.72,0,6,63.2,3.76,34.2,3,7.3,23,0,0,0,2,1,0,-6.1,64.7,9.59,326,13.2,2,47.5,71.1,42.1,65.8,23.7,0,0,7.9,25,2.38,2.32,2.43,0,0,29.3,17.1,25,0.4,11.8,61.8,26.5,50,29.4,17.6,2.9,5.3,4.9,2,1,0,-11.5,-0.279,-0.284,0.17,0.17,7.2,11.3,7.18,11.29,-4.11,7.1,0.1
2022,411,Daniel Jones,NYG,QB,1,2,CAR,7.5438596491228065,100,43,34,22,64.7,176,5.18,1,0.35,0,8,87.4,4.92,32.4,3,7,14,6,26,0,10,21,0,-2.5,74.2,6.61,205,2.9,0,41.5,50,44.1,73.5,17.6,2.9,2.9,2.9,-2,2.91,2.92,3.7,3.8,2,37.2,18.6,18.8,5.3,12.9,74.2,12.9,29,51.6,6.5,12.9,5.9,2.3,2,1,0,-1.4,-0.032,-0.061,0.32,0.29,13.1,18.8,13.14,18.76,-5.62,11,2.1
2022,412,Daniel Jones,NYG,QB,1,8,SEA,6.842105263157896,100,39,31,17,54.8,176,5.68,0,0.05,0,9,71.4,4.08,41.9,5,12.8,29,3,13,0,6,20,0,-12.7,60,8.4,252,6.5,0,54.5,41.9,48.4,67.7,29,0,3.2,3.2,5,3.2,2.73,3.88,5.53,1,38.5,15.4,33.3,2.4,23.3,53.3,23.3,43.3,16.7,20,20,12.9,5.1,0,1,0,-0.7,-0.019,-0.05,0.21,0.22,9,10.2,9.04,10.15,-1.11,7,2
2022,413,Kirk Cousins,MIN,QB,1,6,MIA,4.70756062767475,100,33,30,20,66.7,175,5.83,2,2.03,0,7,104.2,5.94,43.3,3,9.1,19,0,0,0,2,-5,0,11,88.9,5.74,155,3.3,2,60.6,76.7,63.3,83.3,6.7,3.3,3.3,13.3,46,2.44,2.24,2.67,0,0,24.2,15.2,37.5,-5,3.7,74.1,22.2,29.6,44.4,22.2,3.7,3.3,0,3,0,0,-5.5,-0.167,-0.167,0.45,0.44,16.5,15.7,16.5,15.74,0.76,17,-0.5
2022,414,Kyler Murray,ARZ,QB,1,9,SEA,10,100,44,35,25,71.4,175,5,2,0.87,0,8,101.5,4.5,42.9,5,11.4,35,4,54,0,8,60,0,5.9,84.8,4.85,160,2.9,1,60,71.4,54.3,82.9,11.4,0,0,8.6,23,2.61,2.86,2.98,4.53,1,29.5,15.9,38.5,1.6,18.2,57.6,24.2,27.3,48.5,9.1,15.2,8.6,2.3,2,0,0,-4.8,-0.109,-0.209,0.46,0.44,20,18,20,18.03,1.97,15,5
2022,415,Jalen Hurts,PHI,QB,1,10,WAS,5.175600739371535,100,28,26,17,65.4,175,6.73,2,1.25,1,10,94.2,6.11,46.2,1,3.6,5,1,1,0,6,28,1,-6.2,68,8.28,207,7.7,1,29.1,80.8,46.2,76.9,15.4,3.8,3.8,0,0,2.4,2.25,3.2,3.8,1,46.4,28.6,7.7,17.1,12,72,16,48,28,12,12,3.8,10.7,1,0,0,-10.4,-0.37,-0.238,0.5,0.69,22.8,21.5,22.8,21.46,1.34,14,8.8
2022,416,Davis Mills,HST,QB,1,14,DAL,4.174573055028463,50,22,21,16,76.2,175,8.33,0,0.08,1,9,80.5,6.19,57.1,0,0,0,1,2,0,1,2,0,11.2,84.2,9.95,189,14.3,1,33.1,71.4,42.9,81,9.5,9.5,0,0,0,2.41,2.43,0,4.8,0,31.8,18.2,0,1.4,15.8,73.7,10.5,57.9,26.3,10.5,5.3,4.8,0,1,0,1,5.8,0.262,0.262,0.28,0.3,6.2,7.7,6.2,7.74,-1.54,6,0.2
2022,417,Andy Dalton,NO,QB,1,10,PIT,7.246376811594203,91.1,30,27,17,63,174,6.44,1,0.78,2,8,62.9,3,44.4,2,6.7,17,1,1,0,3,1,0,3.6,74.1,9.33,252,11.1,0,31.6,74.1,63,81.5,18.5,0,3.7,11.1,28,2.39,2.53,3.95,5.2,0,23.3,13.3,28.6,-4.8,11.1,51.9,37,40.7,29.6,18.5,11.1,7.4,0,0,0,0,-2.1,-0.07,-0.207,0.3,0.28,9.1,13.8,9.06,13.84,-4.78,9,0.1
2022,418,Derek Carr,LV,QB,1,16,PIT,6.445672191528545,100,35,30,16,53.3,174,5.8,1,0.92,3,9,42.2,0.85,36.7,3,8.6,31,2,13,0,3,14,0,-2.9,67.9,9.5,266,13.3,1,50,66.7,53.3,70,23.3,0,3.3,10,27,2.92,3.08,3.9,5.05,0,31.4,8.6,27.3,-3.3,10.7,60.7,28.6,39.3,35.7,10.7,14.3,10,0,0,2,0,-5.2,-0.148,-0.128,0.26,0.26,9.4,13,9.36,12.95,-3.59,8,1.4
2022,419,Marcus Mariota,ATL,QB,1,12,WAS,7.323943661971831,100,26,25,15,60,174,6.96,1,1.02,1,6,77.8,5.38,44,1,3.8,9,0,0,0,6,49,0,0.2,77.3,5.73,126,8,1,46,52,40,76,12,0,0,8,-7,2.76,2.83,5.1,0,1,34.6,7.7,11.1,-1.8,22.7,50,27.3,18.2,50,18.2,13.6,12,3.8,1,1,0,-4.7,-0.182,-0.042,0.38,0.46,14.9,16.2,14.86,16.19,-1.33,10,4.9
2022,420,Lamar Jackson,BLT,QB,1,5,CIN,9.25925925925926,100,35,32,19,59.4,174,5.44,1,1.18,1,7,71.6,4.39,40.6,1,2.9,4,2,5,0,12,58,0,3.4,76,9.48,237,15.6,1,49.4,56.3,46.9,59.4,18.8,3.1,3.1,0,0,2.82,2.92,5.4,3.35,0,42.9,14.3,6.7,7.5,4,52,44,28,64,4,4,3.1,2.9,5,2,0,-7.2,-0.207,-0.131,0.3,0.36,15.8,18.4,15.76,18.38,-2.62,10,5.8
2022,421,Justin Fields,CHI,QB,1,4,NYG,7.972665148063782,100,35,22,11,50,174,7.91,0,0.26,0,7,76.7,5.54,36.4,6,17.1,19,7,52,0,7,52,0,-9.3,63.2,9.74,185,13.6,1,43.1,72.7,27.3,63.6,22.7,4.5,0,4.5,2,3.01,2.38,3.18,4.01,0,48.6,31.4,35.3,22.1,21.1,52.6,26.3,42.1,15.8,21.1,21.1,4.5,0,2,1,0,0.3,0.009,0.009,0.35,0.35,11.2,12.9,11.16,12.89,-1.73,7,4.2
2022,422,Trevor Lawrence,JAX,QB,1,4,PHI,4.251968503937007,100,27,23,11,47.8,174,7.57,2,1.17,1,9,84.3,5.3,43.5,4,14.8,26,0,0,0,2,7,0,-7.7,68.2,7.09,156,13,0,55.7,91.3,52.2,73.9,21.7,0,4.3,17.4,18,2.2,2.54,4.47,0,1,37,18.5,40,13.2,9.1,77.3,13.6,22.7,59.1,13.6,4.5,0,7.4,1,0,0,-8.9,-0.329,-0.429,0.52,0.51,10.7,12.4,10.66,12.44,-1.78,14,-3.3
2022,423,Kenny Pickett,PIT,QB,1,12,IND,7.657657657657657,100,34,28,20,71.4,174,6.21,0,2.19,0,10,87.5,4.87,46.4,3,8.8,23,3,22,0,6,32,0,-2.3,75,6,168,3.6,3,51.7,82.1,46.4,89.3,10.7,3.6,0,3.6,13,2.61,2.52,3.33,5.03,0,26.5,11.8,33.3,-2.4,17.9,64.3,17.9,42.9,28.6,10.7,17.9,7.1,2.9,0,0,0,1.1,0.033,0.044,0.27,0.28,12.2,24.6,12.16,24.56,-12.4,9,3.2
2022,424,Kirk Cousins,MIN,QB,1,13,NYJ,5.420827389443652,100,38,35,21,60,173,4.94,1,1.77,0,12,82.2,4.84,40,2,5.3,14,1,11,0,3,9,0,-2.7,69.7,9.27,306,8.6,1,25.4,71.4,42.9,77.1,14.3,5.7,2.9,5.7,62,2.56,2.6,3.35,6.1,0,31.6,15.8,16.7,0.1,15.2,63.6,21.2,42.4,30.3,15.2,12.1,11.4,0,2,0,0,0,0,0,0.32,0.31,11.8,18.6,11.82,18.56,-6.74,10.9,0.9
2022,425,Daniel Jones,NYG,QB,1,6,BLT,5.614035087719298,100,32,27,19,70.4,173,6.41,2,2.6,0,11,112.1,6.29,55.6,4,12.5,18,1,4,0,6,6,0,12.6,88,7.08,177,3.7,3,50.3,88.9,66.7,85.2,7.4,0,0,11.1,29,2.46,2.54,5.17,4.2,0,34.4,12.5,36.4,6.9,20,60,20,52,20,16,12,3.7,0,2,0,0,10.2,0.317,0.304,0.48,0.46,14.5,19.3,14.52,19.28,-4.76,14.9,-0.4
2022,426,Josh Allen,BUF,QB,1,16,CHI,4.761904761904762,100,31,26,15,57.7,172,6.62,2,1.6,2,9,71.3,4.52,53.8,1,3.2,0,4,40,1,6,41,1,-7.3,60,11.4,285,26.9,2,35.5,61.5,50,57.7,38.5,7.7,11.5,0,0,3.1,2.8,3.4,4.17,1,32.3,12.9,10,-4.3,32,48,20,36,20,16,28,3.8,6.5,1,0,0,2.8,0.091,0.033,0.74,0.7,25,17.3,24.98,17.29,7.69,14.9,10.1
2022,427,Andy Dalton,NO,QB,1,18,CAR,6.280193236714976,87.9,26,25,15,60,171,6.84,1,0.75,0,7,93.9,6.96,48,1,3.8,10,0,0,0,1,2,0,-0.5,70.8,9.88,237,16,0,55.6,84,64,68,28,0,12,8,14,2.05,2.25,2.9,0,0,15.4,7.7,25,-9.1,16.7,70.8,12.5,50,29.2,4.2,16.7,4,0,0,1,0,-8.1,-0.313,-0.288,0.42,0.41,11,10.1,11.04,10.06,0.98,10.8,0.2
2022,428,Carson Wentz,WAS,QB,1,4,DAL,14.331210191082802,100,45,42,25,59.5,170,4.05,1,0.31,2,10,56.6,1.93,33.3,2,4.4,15,1,5,0,1,5,0,-11.3,64.1,8.1,316,14.3,3,70,59.5,42.9,66.7,26.2,2.4,4.8,0,0,2.41,2.09,2.2,5,0,35.6,31.1,12.5,6,17.9,53.8,28.2,43.6,43.6,2.6,10.3,9.5,0,2,0,0,-17.4,-0.387,-0.387,0.21,0.21,9.3,10.9,9.3,10.93,-1.63,8.8,0.5
2022,429,Dak Prescott,DAL,QB,1,13,IND,7.226107226107226,95.4,31,30,20,66.7,170,5.67,3,0.99,1,11,100.7,5.81,50,1,3.2,5,0,0,0,0,0,0,-5.8,70,7.23,217,3.3,2,69.4,66.7,63.3,83.3,16.7,0,6.7,3.3,13,2.34,2.31,2.9,0,1,25.8,12.9,12.5,-3.7,20,53.3,26.7,43.3,23.3,16.7,16.7,10,3.2,0,0,0,3.4,0.11,0.11,0.57,0.57,17.8,11.4,17.8,11.42,6.38,17.8,0
2022,430,Baker Mayfield,CAR,QB,1,3,NO,7.253886010362693,100,28,25,12,48,170,6.8,1,0.86,0,5,83.8,6,32,3,10.7,22,0,0,0,1,-1,0,-20.6,56.5,5.78,133,4,0,87.1,60,56,76,16,0,0,4,0,2.71,2.98,5.2,0,2,32.1,10.7,33.3,-0.7,17.4,56.5,26.1,34.8,21.7,21.7,21.7,8,3.6,2,0,0,-4.8,-0.171,-0.171,0.39,0.38,10.7,10.5,10.7,10.52,0.18,10.8,-0.1
2022,431,Deshaun Watson,CLV,QB,1,17,WAS,12.376237623762377,98.1,25,18,9,50,169,9.39,3,0.73,0,7,122.5,9.35,44.4,5,20,14,2,8,0,8,31,0,12.2,86.7,7.67,115,5.6,1,62.7,66.7,55.6,72.2,11.1,0,0,22.2,18,3.24,2.75,6.28,3.55,0,44,20,45.5,10.8,13.3,46.7,40,46.7,20,13.3,20,5.6,4,3,0,0,6.7,0.266,0.236,0.78,0.78,21.9,13.8,21.86,13.75,8.11,18.8,3.1
2022,432,Daniel Jones,NYG,QB,1,14,PHI,5.7894736842105265,81,33,27,18,66.7,169,6.26,1,0.87,0,9,96.1,5.55,51.9,4,12.1,17,2,8,0,4,26,1,-5.5,73.1,5.77,150,7.4,1,50.9,55.6,51.9,77.8,18.5,3.7,3.7,3.7,-5,2.46,2.49,3.68,5.15,0,48.5,30.3,25,21.8,26.9,57.7,15.4,50,15.4,7.7,26.9,29.6,0,0,0,0,-2.6,-0.08,-0.008,0.35,0.55,19.4,13.3,19.36,13.25,6.11,10.8,8.6
2022,433,Davis Mills,HST,QB,1,11,WAS,7.590132827324478,100,40,33,19,57.6,169,5.12,0,0.24,2,6,46.1,0.97,36.4,5,12.5,42,2,8,1,5,10,1,-7.2,67.7,8.16,253,15.2,2,72.8,66.7,27.3,69.7,24.2,3,3,6.1,45,2.63,3.01,3.88,3.6,3,40,7.5,31.3,10.8,12.9,67.7,19.4,54.8,22.6,12.9,9.7,3,0,1,1,0,-14.7,-0.368,-0.348,0.29,0.28,11.8,12.5,11.76,12.51,-0.75,4.8,7
2022,434,Sam Howell,WAS,QB,1,18,DAL,100,100,25,19,11,57.9,169,8.89,1,1.51,1,6,83,6.05,31.6,3,12,11,3,27,0,5,35,1,-3.6,70.6,9.35,159,10.5,1,49.1,63.2,36.8,68.4,21.1,5.3,5.3,5.3,4,2.45,2.42,5.47,3.1,1,36,24,33.3,11.5,17.6,70.6,11.8,47.1,41.2,0,11.8,0,4,1,1,0,-3.6,-0.143,-0.074,0.5,0.74,19.3,16.3,19.26,16.31,2.95,9.8,9.5
2022,435,Desmond Ridder,ATL,QB,1,17,ARZ,21.48148148148148,100,29,26,19,73.1,169,6.5,0,0.54,0,9,90.1,6.15,53.8,1,3.4,3,2,10,0,4,9,0,-0.2,79.2,5.33,128,3.8,1,58,73.1,50,76.9,15.4,0,0,0,0,2.6,2.6,3.5,5,0,37.9,13.8,9.1,6.6,41.7,41.7,16.7,45.8,20.8,12.5,20.8,15.4,0,1,1,0,0.4,0.014,-0.183,0.27,0.26,6.7,10.1,6.66,10.15,-3.49,6.8,-0.1
2022,436,Davis Webb,NYG,QB,1,18,PHI,100,98.4,42,40,23,57.5,168,4.2,1,0.38,0,11,75.8,4.7,35,0,0,0,2,16,0,6,41,1,-5.4,72.2,6.61,238,5,2,45.8,35,52.5,65,25,5,10,7.5,36,2.71,2.41,0,5.25,0,35.7,23.8,0,0.7,27.8,36.1,36.1,36.1,30.6,11.1,22.2,10,2.4,2,2,0,0.7,0.016,0.117,0.29,0.45,20.8,14.7,20.82,14.67,6.15,10.7,10.1
2022,437,Mitchell Trubisky,PIT,QB,1,2,NE,18.974358974358974,100,37,33,21,63.6,168,5.09,1,0.73,1,11,73.8,3.53,48.5,3,8.1,16,1,7,0,1,7,0,-7.9,66.7,7.7,254,12.1,1,44,69.7,69.7,78.8,21.2,3,3,3,13,2.66,2.8,4.53,2.1,0,10.8,5.4,75,-21.2,21.2,57.6,21.2,45.5,21.2,15.2,18.2,15.2,0,0,0,0,-5.6,-0.152,-0.152,0.28,0.28,12.4,12.9,12.42,12.86,-0.44,11.7,0.7
2022,438,Kenny Pickett,PIT,QB,1,17,BLT,6.531531531531531,100,29,27,15,55.6,168,6.22,1,0.92,0,9,86.7,5.97,51.9,2,6.9,15,0,0,0,5,2,0,-5,64,9.84,246,18.5,4,35.1,40.7,48.1,81.5,11.1,14.8,0,3.7,8,3.07,2.58,4.5,0,2,44.8,24.1,15.4,4.7,24,56,20,40,32,8,20,14.8,3.4,0,2,0,4.2,0.143,0.179,0.37,0.34,10.9,13.4,10.92,13.37,-2.45,10.7,0.2
2022,439,Marcus Mariota,ATL,QB,1,13,PIT,7.042253521126761,100,25,24,13,54.2,167,6.96,1,0.38,1,9,72.7,5.4,37.5,1,4,7,0,0,0,3,17,0,-2.5,58.3,15.79,379,25,1,31.7,79.2,33.3,62.5,37.5,4.2,4.2,4.2,41,2.61,2.19,3.3,0,0,32,28,12.5,-1.7,0,83.3,16.7,54.2,37.5,8.3,0,0,4,0,0,0,-5,-0.2,-0.105,0.39,0.41,11.4,9.4,11.38,9.41,1.97,9.7,1.7
2022,440,Justin Fields,CHI,QB,1,10,DET,5.922551252847381,100,26,20,12,60,167,8.35,2,1.97,1,6,99.4,6.3,55,3,11.5,17,3,15,1,13,147,2,1.9,70.6,10.29,175,15,1,40.7,45,40,65,20,0,10,0,0,3.81,3.02,5.8,5.4,1,46.2,11.5,25,3.2,5.9,52.9,41.2,41.2,17.6,35.3,5.9,5,3.8,2,1,0,-2.6,-0.101,0.145,0.81,1.12,40.4,26.8,40.38,26.76,13.62,13.7,26.7
2022,441,Taylor Heinicke,WAS,QB,1,16,SF,6.872852233676976,73.9,20,18,13,72.2,166,9.22,2,1.8,1,10,114.6,7.1,55.6,2,10,19,0,0,0,2,-4,0,11.2,77.8,12.83,231,22.2,2,25.3,66.7,38.9,83.3,16.7,5.6,11.1,5.6,35,2.96,3.09,3.05,0,0,40,15,25,3,16.7,72.2,11.1,61.1,22.2,5.6,11.1,11.1,0,0,0,0,2.4,0.121,-0.108,0.68,0.6,12.2,14.8,12.24,14.81,-2.57,13.6,-1.4
2022,442,Skylar Thompson,MIA,QB,1,5,NYJ,30.17241379310345,98.4,35,33,19,57.6,166,5.03,0,0.24,1,8,58.4,3.23,45.5,2,5.7,8,0,0,0,0,0,0,-2.7,74.2,6.94,215,12.1,1,46.4,54.5,45.5,72.7,21.2,3,6.1,12.1,11,2.63,2.21,4.4,0,1,45.7,34.3,12.5,12.2,29,61.3,9.7,35.5,32.3,6.5,25.8,15.2,0,1,0,0,-16.3,-0.465,-0.465,0.16,0.16,4.6,8.2,4.64,8.23,-3.59,5.6,-1
2022,443,Matthew Stafford,LA,QB,1,9,TB,9.198813056379821,100,31,27,13,48.1,165,6.11,1,0.77,0,6,80,5.1,29.6,4,12.9,27,0,0,0,2,-1,0,-19.4,53.8,9.85,256,18.5,1,57.6,59.3,37,55.6,40.7,11.1,7.4,3.7,29,2.59,2.81,3.9,0,0,38.7,16.1,33.3,8.4,7.7,84.6,7.7,38.5,53.8,3.8,3.8,3.7,16.1,1,0,0,-4.7,-0.151,-0.183,0.34,0.33,10.5,10.4,10.5,10.44,0.06,10.6,-0.1
2022,444,Ryan Tannehill,TEN,QB,1,15,LAC,7.277628032345014,86,27,22,15,68.2,165,7.5,0,0.22,1,7,71.2,3.54,50,4,14.8,28,1,1,0,3,1,1,-4.6,72.7,6.23,137,4.5,1,67.3,68.2,54.5,86.4,13.6,0,4.5,4.5,15,2.74,2.58,2.88,4.1,1,29.6,14.8,50,-0.7,27.3,40.9,31.8,36.4,13.6,13.6,36.4,9.1,0,0,0,0,-7.5,-0.278,-0.204,0.21,0.42,11.7,12.8,11.7,12.79,-1.09,5.6,6.1
2022,445,Jared Goff,DET,QB,1,11,NYG,4.16,100,26,26,17,65.4,165,6.35,0,0.46,0,9,83,6.35,46.2,0,0,0,0,0,0,4,-1,0,0.4,79.2,5.42,130,11.5,0,64.8,69.2,57.7,73.1,19.2,0,7.7,7.7,6,2.54,2.26,0,0,0,34.6,19.2,0,0.7,25,66.7,8.3,58.3,25,8.3,8.3,0,0,2,0,0,2.8,0.108,0.123,0.25,0.24,6.5,8.4,6.5,8.38,-1.88,6.6,-0.1
2022,446,Trevor Lawrence,JAX,QB,1,6,IND,4.251968503937007,100,27,22,20,90.9,165,7.5,1,1.14,0,8,113.1,6,63.6,4,14.8,29,1,13,0,6,23,2,10.3,90.9,4.36,96,4.5,2,66.7,90.9,54.5,90.9,9.1,0,0,0,0,1.87,2.18,3.7,4.4,1,22.2,14.8,66.7,3.9,13.6,54.5,31.8,40.9,36.4,9.1,13.6,0,14.8,0,0,0,2.1,0.079,0.233,0.44,0.8,24.9,20,24.9,20.02,4.88,10.6,14.3
2022,447,Sam Darnold,CAR,QB,1,12,DEN,12.578616352201259,98.5,20,19,11,57.9,164,8.63,1,1.49,0,9,103.8,9.68,47.4,0,0,0,1,2,0,3,3,1,5.2,70.6,12.35,210,26.3,2,40.9,57.9,52.6,68.4,21.1,10.5,0,5.3,9,3.19,2.89,0,5.6,0,35,25,0,-7.8,11.8,64.7,23.5,35.3,29.4,23.5,11.8,5.3,15,2,0,0,5,0.252,0.287,0.54,0.8,16.9,18.4,16.86,18.38,-1.52,10.6,6.3
2022,448,Trey Lance,SF,QB,1,1,CHI,91.8918918918919,100,34,28,13,46.4,164,5.86,0,0.1,1,5,50.3,3.67,35.7,2,5.9,9,4,15,0,13,54,0,-22.9,51.9,6.93,187,10.7,0,46.3,67.9,28.6,53.6,42.9,7.1,10.7,3.6,-2,2.68,2.7,4.15,4.8,1,35.3,17.6,16.7,5.4,14.8,66.7,18.5,29.6,40.7,14.8,14.8,14.3,0,1,0,0,-8.9,-0.26,-0.123,0.21,0.25,11,13.9,10.96,13.9,-2.94,5.6,5.4
2022,449,Andy Dalton,NO,QB,1,6,CIN,7.971014492753622,87.3,33,32,17,53.1,162,5.06,1,1.5,0,10,77.9,5.3,37.5,1,3,7,0,0,0,0,0,0,6.7,80,8.84,221,6.3,2,36.4,53.1,46.9,68.8,9.4,0,0,9.4,1,2.58,2.26,3.1,0,0,21.2,12.1,14.3,-12.3,40,40,20,32,24,8,36,18.8,0,4,0,0,3.3,0.101,0.101,0.32,0.32,10.5,14.3,10.48,14.27,-3.79,10.5,0
2022,450,Teddy Bridgewater,MIA,QB,1,17,NE,23.595505617977526,63.8,21,19,12,63.2,161,8.47,1,0.94,1,9,85.6,6.2,52.6,1,4.8,12,1,6,0,1,6,0,-1.1,68.4,10.63,202,15.8,1,51.6,57.9,42.1,68.4,26.3,5.3,5.3,5.3,26,2.97,2.58,4.5,5.5,0,52.4,23.8,9.1,15,31.6,57.9,10.5,36.8,31.6,5.3,26.3,21.1,0,0,0,0,0.5,0.025,0.025,0.48,0.48,10,10.5,10.04,10.51,-0.47,9.4,0.6
2022,451,Deshaun Watson,CLV,QB,1,15,BLT,15.841584158415841,98.4,32,28,18,64.3,161,5.75,1,1.04,0,10,91.5,5.16,53.6,3,9.4,21,1,17,0,6,22,0,-4.4,76,4.6,115,0,2,49.1,75,35.7,71.4,17.9,0,0,3.6,0,2.88,3.13,3.83,3.2,0,28.1,12.5,33.3,-6.6,16,52,32,16,44,24,16,0,6.3,3,0,0,-0.4,-0.012,-0.016,0.38,0.37,12.6,12.7,12.64,12.7,-0.06,10.4,2.2
2022,452,Daniel Jones,NYG,QB,1,15,WAS,5.964912280701754,100,34,32,21,65.6,160,5,0,0.14,0,8,77.6,5,50,0,0,0,2,19,0,10,35,0,1,82.1,3.64,102,0,0,55.6,59.4,59.4,81.3,6.3,0,0,6.3,7,2.46,2.54,0,3.75,0,26.5,17.6,0,-4.1,28.6,57.1,14.3,35.7,25,21.4,17.9,18.8,8.8,3,1,0,2.4,0.072,0.051,0.24,0.25,9.9,13.3,9.9,13.29,-3.39,6.4,3.5
2022,453,Aaron Rodgers,GB,QB,1,17,MIN,4.429301533219761,88.5,26,24,15,62.5,159,6.63,1,2.75,0,9,95.7,6.52,54.2,1,3.8,16,1,2,1,1,2,1,11.2,81.8,11.18,246,20.8,2,47.8,62.5,58.3,79.2,12.5,8.3,0,12.5,32,2.51,3.13,5.3,5,1,26.9,3.8,14.3,-4,18.2,63.6,18.2,36.4,40.9,4.5,18.2,4.2,3.8,0,1,1,4,0.156,0.156,0.64,0.66,16.6,25.1,16.56,25.13,-8.57,10.4,6.2
2022,454,Matthew Stafford,LA,QB,1,11,NO,5.934718100890208,59.7,20,18,11,61.1,159,8.83,2,1.37,0,7,126.9,10,50,1,5,9,1,4,0,1,4,0,2.2,70.6,11.88,202,16.7,1,24.5,66.7,50,77.8,16.7,16.7,0,5.6,26,2.66,2.42,2.9,5.6,0,45,25,11.1,12.6,5.9,64.7,29.4,35.3,47.1,11.8,5.9,5.6,0,1,0,0,3.9,0.195,0.195,0.74,0.74,14.8,14.1,14.76,14.14,0.62,14.4,0.4
2022,455,Baker Mayfield,CAR,QB,1,9,CIN,5.181347150259067,64.6,20,20,14,70,155,7.75,2,0.92,0,8,126,9.75,55,0,0,0,0,0,0,0,0,0,0.7,75,7.05,141,10,4,50.3,65,50,80,15,5,5,5,1,2.38,2.14,0,0,0,25,20,0,-6.1,35,55,10,50,5,10,35,25,0,0,0,0,11.8,0.592,0.592,0.71,0.71,14.2,7.9,14.2,7.94,6.26,14.2,0
2022,456,Jalen Hurts,PHI,QB,1,6,DAL,5.545286506469501,100,30,25,15,60,155,6.2,2,1.39,0,9,104.6,5.93,40,4,13.3,23,1,5,0,9,27,0,0.5,81,4.19,88,0,1,69.7,76,44,72,12,0,0,8,10,2.5,2.08,3.02,3,0,40,33.3,33.3,12.4,4.8,66.7,28.6,33.3,38.1,19,9.5,0,23.3,4,0,0,4.5,0.15,0.095,0.49,0.47,16.9,14.9,16.9,14.92,1.98,14.2,2.7
2022,457,Jimmy Garoppolo,SF,QB,1,2,SEA,6.68693009118541,78.6,22,21,13,61.9,154,7.33,1,2.3,0,7,100.1,7.91,52.4,1,4.5,0,0,0,0,4,5,1,-0.2,73.7,8.11,154,9.5,0,59.1,66.7,38.1,66.7,23.8,4.8,4.8,4.8,32,2.16,1.52,3,0,0,18.2,18.2,25,-7.9,10.5,84.2,5.3,42.1,36.8,5.3,15.8,14.3,4.5,0,2,0,2.2,0.101,0.148,0.46,0.64,16.7,33.6,16.66,33.55,-16.89,10.2,6.5
2022,458,Davis Mills,HST,QB,1,9,PHI,5.313092979127135,100,28,22,13,59.1,154,7,2,2.14,2,8,72.9,3.4,45.5,3,10.7,19,3,18,0,3,18,0,-5.7,66.7,8.19,172,13.6,3,61,63.6,40.9,77.3,18.2,0,9.1,4.5,3,2.48,2.14,3.47,4.27,0,42.9,35.7,25,17,14.3,57.1,28.6,33.3,23.8,28.6,14.3,13.6,0,1,0,0,-7.3,-0.26,-0.26,0.5,0.5,14,17.5,13.96,17.51,-3.55,12.2,1.8
2022,459,Zach Wilson,NYJ,QB,1,9,BUF,10.431654676258994,98.4,29,25,18,72,154,6.16,1,0.71,0,9,101.1,5.78,64,2,6.9,18,2,18,0,5,24,0,-2.8,75,6,144,4,1,59.1,92,56,76,20,0,0,0,0,2.02,2.88,3.1,4.5,1,13.8,3.4,50,-7.8,12.5,66.7,20.8,45.8,25,16.7,12.5,0,13.8,1,0,0,1.5,0.053,0.059,0.41,0.41,11.6,10.9,11.56,10.91,0.65,10.2,1.4
2022,460,Jalen Hurts,PHI,QB,1,12,GB,6.469500924214418,100,35,28,16,57.1,153,5.46,2,2.09,0,6,96.3,5.9,42.9,2,5.7,16,5,87,0,17,157,0,-2,70.8,7.92,190,14.3,2,41.2,57.1,46.4,67.9,17.9,3.6,3.6,3.6,5,2.93,2.74,4.75,4.62,1,42.9,11.4,13.3,10.3,16.7,79.2,4.2,62.5,20.8,0,16.7,14.3,8.6,3,1,0,2.1,0.061,0.133,0.65,0.65,29.8,33.9,29.82,33.88,-4.06,14.1,15.7
2022,461,Justin Fields,CHI,QB,1,11,ATL,7.061503416856492,100,31,21,14,66.7,153,7.29,1,1.12,1,7,84,4.12,57.1,4,12.9,25,6,38,0,18,85,1,13.8,87.5,9.06,145,19,1,43.1,52.4,57.1,66.7,9.5,9.5,0,0,0,3.53,3.12,3.7,3.57,2,54.8,19.4,23.5,20.3,25,56.3,18.8,31.3,37.5,12.5,18.8,14.3,12.9,2,3,0,4.5,0.144,0.1,0.42,0.55,23.6,24.6,23.62,24.59,-0.97,9.1,14.5
2022,462,Davis Mills,HST,QB,1,8,TEN,6.451612903225806,100,34,29,17,58.6,152,5.24,1,0.69,1,5,69.9,2.91,24.1,3,8.8,34,2,9,0,3,8,0,-7.6,65.4,9.12,237,17.2,1,48.7,65.5,31,58.6,31,10.3,3.4,0,0,2.66,2.42,3.27,4.95,1,58.8,29.4,15,28.1,26.9,42.3,30.8,46.2,3.8,23.1,26.9,10.3,0,0,0,0,-13.2,-0.387,-0.387,0.29,0.29,9.9,9.8,9.88,9.84,0.04,9.1,0.8
2022,463,Justin Fields,CHI,QB,1,15,PHI,7.289293849658314,98.3,32,21,14,66.7,152,7.24,2,0.43,0,8,119.5,4.85,57.1,6,18.8,61,5,66,0,15,95,0,1,78.9,6.95,132,9.5,0,52,71.4,47.6,71.4,19,0,0,4.8,3,2.74,2.92,3.97,4.8,0,37.5,18.8,50,13,21.1,52.6,26.3,31.6,42.1,10.5,15.8,4.8,6.3,1,0,0,1.6,0.05,-0.044,0.65,0.58,23.6,17,23.58,17.04,6.54,14.1,9.5
2022,464,Trevor Lawrence,JAX,QB,1,17,HST,3.4645669291338583,68.3,22,21,17,81,152,7.24,0,0.65,1,8,77,4.5,52.4,1,4.5,8,0,0,0,2,4,0,6.2,85,5.25,105,0,0,55.3,57.1,52.4,85.7,9.5,0,0,0,0,2.42,2.3,2.6,0,0,4.5,4.5,100,-25.9,30,60,10,45,35,0,20,0,4.5,1,0,0,1.5,0.069,-0.005,0.23,0.23,5.5,10.4,5.48,10.38,-4.9,5.1,0.4
2022,465,Skylar Thompson,MIA,QB,1,18,NYJ,28.448275862068968,100,33,31,20,64.5,152,4.9,0,0.47,0,7,76.3,4.38,29,1,3,12,1,2,0,3,3,0,0.8,76.9,6.46,168,9.7,0,36.2,58.1,38.7,77.4,6.5,6.5,6.5,0,0,3.11,3.07,2.2,5.4,0,45.5,9.1,6.7,4.4,15.4,46.2,38.5,34.6,26.9,23.1,15.4,6.5,6.1,4,0,0,-7.5,-0.228,-0.289,0.19,0.18,6.4,12.3,6.38,12.25,-5.87,6.1,0.3
2022,466,Andy Dalton,NO,QB,1,15,ATL,4.5893719806763285,85.5,19,17,11,64.7,151,8.88,2,0.94,0,9,132.2,9.16,64.7,2,10.5,17,0,0,0,2,1,0,-5.7,64.7,9.12,155,0,1,39.7,64.7,52.9,82.4,17.6,5.9,0,0,0,2.76,2.31,3.45,0,1,36.8,26.3,28.6,3.1,17.6,47.1,35.3,35.3,41.2,5.9,17.6,17.6,0,0,0,0,5.6,0.296,0.307,0.74,0.71,14.1,10.7,14.14,10.67,3.47,14,0.1
2022,467,Justin Fields,CHI,QB,1,8,DAL,6.83371298405467,95.8,30,23,17,73.9,151,6.57,2,1.73,0,4,120,6.15,43.5,4,13.3,25,3,38,0,8,60,1,13.1,85.7,10.14,213,17.4,2,55,82.6,34.8,87,4.3,4.3,0,4.3,48,2.95,2.66,3.1,4.33,3,60,30,22.2,28.6,14.3,76.2,9.5,47.6,28.6,9.5,14.3,0,3.3,1,1,0,-4.7,-0.158,-0.093,0.59,0.74,26,21.4,26.04,21.38,4.66,14,12
2022,468,Joe Flacco,NYJ,QB,1,18,MIA,16.33663366336634,100,33,33,18,54.5,149,4.52,0,0.07,0,9,66.4,4.52,33.3,0,0,0,0,0,0,0,0,0,-13.5,60,8.17,245,12.1,0,37.6,66.7,21.2,75.8,15.2,0,3,0,0,2.58,2.54,0,0,0,39.4,21.2,0,4.8,16.7,70,13.3,56.7,13.3,13.3,16.7,9.1,3,1,1,0,0.1,0.002,0.002,0.18,0.18,5.7,9,5.66,8.95,-3.29,6,0
2022,469,Taylor Heinicke,WAS,QB,1,9,MIN,11.683848797250858,100,34,28,15,53.6,149,5.32,2,1.42,1,9,77.8,3.9,35.7,3,8.8,23,3,18,0,4,17,0,-6,68.2,7.73,170,7.1,0,31.5,57.1,32.1,60.7,17.9,0,3.6,0,0,3.11,2.63,4.13,3.47,0,32.4,14.7,27.3,-3.7,22.7,59.1,18.2,54.5,22.7,9.1,13.6,10.7,2.9,2,3,0,-11.8,-0.346,-0.346,0.43,0.43,14.7,15,14.66,14.97,-0.31,13,1.7
2022,470,Marcus Mariota,ATL,QB,1,5,TB,9.577464788732394,100,34,25,14,56,147,5.88,1,0.08,0,7,86.6,4.33,36,5,14.7,37,4,33,0,7,61,0,-9.5,62.5,8.96,215,12,0,40.1,84,52,68,28,0,0,4,-2,2.34,2.08,3.28,4.08,0,32.4,26.5,45.5,10,8.3,75,16.7,66.7,25,8.3,0,4,14.7,1,0,0,-0.8,-0.025,0.082,0.39,0.43,18,10.8,17.98,10.78,7.2,11.9,6.1
2022,471,Jacoby Brissett,CLV,QB,1,1,CAR,9.134615384615383,100,38,34,18,52.9,147,4.32,1,1.2,0,7,74,4.51,32.4,1,2.6,9,3,8,0,4,10,0,-14,60,7.63,229,5.9,2,40.1,55.9,17.6,58.8,29.4,0,5.9,0,0,2.62,2.94,3.2,4.67,0,28.9,10.5,9.1,-2.8,20,63.3,16.7,53.3,20,13.3,13.3,5.9,2.6,2,0,2,-8.1,-0.214,-0.147,0.28,0.29,10.9,14.1,10.88,14.14,-3.26,9.9,1
2022,472,Baker Mayfield,LA,QB,1,18,SEA,8.290155440414509,100,32,26,13,50,147,5.65,0,0.08,1,7,51.3,2.52,30.8,5,15.6,24,1,10,0,5,16,0,-7,65.2,9.83,226,15.4,0,55.1,57.7,38.5,65.4,23.1,0,3.8,7.7,16,3.03,2.42,4.1,3.6,3,53.1,25,29.4,18.8,13,56.5,30.4,39.1,21.7,21.7,17.4,7.7,0,2,1,0,-10.8,-0.338,-0.319,0.18,0.19,6.5,9.3,6.48,9.3,-2.82,4.9,1.6
2022,473,Josh Allen,BUF,QB,1,14,NYJ,5.0691244239631335,100,33,27,16,59.3,147,5.44,1,0.79,0,6,86.5,5,44.4,3,9.1,17,3,32,0,10,47,1,-2.2,73.1,7.96,207,3.7,0,49.7,92.6,40.7,85.2,11.1,0,0,11.1,21,2.42,2.48,5.1,4.13,2,24.2,9.1,37.5,-1.8,15.4,57.7,26.9,26.9,57.7,11.5,3.8,0,6.1,1,0,0,-1.7,-0.051,-0.096,0.4,0.53,20.6,20.7,20.58,20.74,-0.16,9.9,10.7
2022,474,Mac Jones,NE,QB,1,9,IND,6.854838709677419,100,34,30,20,66.7,147,4.9,1,2.11,0,6,89.2,4.5,43.3,4,11.8,14,0,0,0,1,-2,0,0.3,78.6,5.31,154,13.3,1,64.6,76.7,53.3,76.7,16.7,0,3.3,6.7,18,2.36,3.07,4.83,0,2,26.5,8.8,44.4,-0.7,27.6,48.3,24.1,20.7,31,13.8,34.5,13.3,2.9,1,0,0,-12.8,-0.377,-0.377,0.29,0.28,9.7,16.1,9.68,16.1,-6.42,9.9,-0.2
2022,475,Baker Mayfield,CAR,QB,1,2,NYG,9.32642487046632,100,36,29,14,48.3,145,5,1,1.08,0,7,74.6,4.81,34.5,2,5.6,16,5,29,0,6,35,0,-13,60,8.24,206,13.8,1,42.1,62.1,37.9,65.5,20.7,0,6.9,3.4,4,2.6,2.49,3.3,4.66,1,38.9,16.7,14.3,10.8,20,60,20,28,52,8,12,3.4,2.8,2,2,0,-11.2,-0.311,-0.279,0.35,0.36,13.3,16.1,13.3,16.09,-2.79,9.8,3.5
2022,476,Tua Tagovailoa,MIA,QB,1,14,LAC,7.65661252900232,100,33,28,10,35.7,145,5.18,1,0.21,0,6,65.3,4.9,28.6,2,6.1,18,3,28,0,3,28,0,-18.5,45.8,12.5,300,25,0,47.6,71.4,32.1,57.1,25,7.1,3.6,3.6,10,2.54,2.34,3.4,4.87,0,48.5,36.4,12.5,19.7,8.3,83.3,8.3,41.7,50,0,8.3,3.6,9.1,3,0,0,-5.7,-0.173,-0.173,0.38,0.38,12.6,10.1,12.6,10.13,2.47,9.8,2.8
2022,477,Mitchell Trubisky,PIT,QB,1,6,TB,6.666666666666667,44.3,13,12,9,75,144,12,1,0.88,0,6,142.4,12.15,58.3,1,7.7,6,0,0,0,6,5,0,14,81.8,10.27,113,8.3,1,35.4,66.7,50,91.7,0,0,0,0,0,2.59,3.65,3.3,0,0,15.4,0,50,-16.7,9.1,72.7,18.2,36.4,36.4,18.2,9.1,8.3,0,0,1,0,10.3,0.791,0.484,0.75,0.6,10.3,10.8,10.26,10.8,-0.54,9.8,0.5
2022,478,Lamar Jackson,BLT,QB,1,4,BUF,10.052910052910052,100,38,29,20,69,144,4.97,1,1.95,2,7,63,2.06,48.3,2,5.3,10,7,51,0,11,73,0,1.1,81.5,4.59,124,3.4,2,54.9,44.8,27.6,82.8,10.3,0,6.9,6.9,4,2.89,2.49,3.4,4.79,0,34.2,23.7,15.4,3.7,33.3,51.9,14.8,37,37,7.4,18.5,13.8,0,1,1,0,-6.5,-0.172,-0.063,0.34,0.37,15.1,22.1,15.06,22.07,-7.01,7.8,7.3
2022,479,Nick Foles,IND,QB,1,16,LAC,70.58823529411765,100,36,29,17,58.6,143,4.93,0,0.05,3,6,31.9,-0.86,37.9,7,19.4,39,0,0,0,1,0,0,-11.1,60.7,8.46,237,13.8,1,39.2,79.3,37.9,62.1,31,0,10.3,0,0,2.58,2.55,3.97,0,3,41.7,25,46.7,13.8,17.9,57.1,25,50,17.9,14.3,17.9,6.9,0,1,0,0,-24.7,-0.686,-0.782,0.08,0.07,2.7,6.3,2.72,6.34,-3.62,2.7,0
2022,480,Carson Wentz,WAS,QB,1,17,CLV,10.191082802547772,100,32,28,16,57.1,143,5.11,0,0.08,3,9,31.4,-0.35,42.9,3,9.4,19,1,4,0,3,7,1,-6.9,67.9,8.11,227,14.3,1,39.9,67.9,57.1,67.9,32.1,0,14.3,10.7,4,2.3,2.7,3.5,5.3,0,25,9.4,37.5,-1,21.4,53.6,25,35.7,50,0,14.3,7.1,3.1,0,0,0,-8.2,-0.258,-0.13,0.1,0.28,9.4,12.1,9.42,12.14,-2.72,2.7,6.7
2022,481,Russell Wilson,DEN,QB,1,12,CAR,7.06713780918728,100,40,35,19,54.3,142,4.06,1,1.65,0,8,73.8,3.82,31.4,3,7.5,17,2,8,0,2,8,0,6.4,77.8,10.48,283,11.4,5,31,37.1,34.3,65.7,11.4,2.9,0,5.7,24,2.82,2.66,4.07,5.1,1,55,17.5,13.6,21.1,11.1,77.8,11.1,51.9,33.3,3.7,11.1,5.7,0,4,3,0,-14,-0.351,-0.351,0.26,0.26,9.5,16.4,9.48,16.45,-6.97,9.7,-0.2
2022,482,Ryan Tannehill,TEN,QB,1,13,PHI,8.355795148247978,81.1,31,22,14,63.6,141,6.41,1,0.99,0,5,97,4.5,31.8,6,19.4,35,3,34,0,3,34,0,-10.6,66.7,6.14,129,4.5,1,45.4,68.2,54.5,77.3,18.2,4.5,0,0,0,2.66,2.51,4,4.7,0,54.8,32.3,35.3,29.3,19,28.6,52.4,19,38.1,23.8,19,9.1,0,1,0,0,-3.3,-0.107,-0.107,0.42,0.42,13,11.2,13.04,11.19,1.85,9.6,3.4
2022,483,Aaron Rodgers,GB,QB,1,12,PHI,3.2367972742759794,79.6,19,16,11,68.8,140,8.75,2,0.43,2,8,95.8,3.84,56.3,3,15.8,17,0,0,0,1,-1,0,12.9,81.3,6.56,105,12.5,2,61.4,81.3,62.5,81.3,18.8,12.5,12.5,12.5,6,2.32,2.44,4.03,0,1,26.3,10.5,60,1,37.5,43.8,18.8,31.3,50,12.5,6.3,0,26.3,0,0,0,0.2,0.013,0.013,0.61,0.61,11.5,6,11.5,6.01,5.49,11.6,-0.1
2022,484,Davis Mills,HST,QB,1,5,JAX,4.743833017077799,100,25,24,16,66.7,140,5.83,0,0.05,0,6,81.9,5.28,37.5,1,4,8,0,0,0,2,2,0,-5.1,73.9,5.17,119,4.2,0,55,83.3,45.8,87.5,4.2,0,0,4.2,2,2.07,1.85,2.1,0,0,24,24,16.7,-0.7,34.8,47.8,17.4,34.8,21.7,13,30.4,4.2,0,0,1,0,-2.5,-0.101,-0.104,0.22,0.22,5.8,7.7,5.8,7.67,-1.87,5.6,0.2
2022,485,Marcus Mariota,ATL,QB,1,4,CLV,5.633802816901409,100,20,19,7,36.8,139,7.32,0,0.28,1,6,41.3,4.3,36.8,1,5,8,0,0,0,5,3,0,-12.8,52.9,12.82,218,15.8,3,41.7,57.9,31.6,78.9,10.5,0,5.3,10.5,11,3.73,2.75,2.8,0,0,55,25,9.1,3.3,11.8,58.8,29.4,52.9,23.5,17.6,5.9,10.5,0,2,0,0,-5.1,-0.257,-0.199,0.23,0.22,4.9,8.7,4.86,8.67,-3.81,4.6,0.3
2022,486,Taylor Heinicke,WAS,QB,1,12,ATL,7.903780068728522,100,23,23,14,60.9,138,6,2,1.52,1,8,88.7,5.78,47.8,0,0,0,0,0,0,1,-1,0,-0.8,71.4,8.81,185,13,3,35.5,47.8,52.2,78.3,13,0,8.7,4.3,10,3.12,2.73,0,0,0,30.4,4.3,0,-13.4,28.6,38.1,33.3,14.3,33.3,28.6,23.8,17.4,0,1,1,0,2.4,0.103,0.103,0.54,0.54,12.4,12.9,12.42,12.89,-0.47,12.5,-0.1
2022,487,Tyler Huntley,BLT,QB,1,15,CLV,26.119402985074625,100,35,30,17,56.7,138,4.6,0,0.05,1,6,54.6,2.45,36.7,3,8.6,12,2,12,0,6,15,0,-16.2,60.7,6.43,180,6.7,0,44.2,86.7,43.3,73.3,20,0,6.7,0,0,2.17,3.3,6.5,3.8,1,25.7,8.6,33.3,2.1,7.1,50,42.9,50,39.3,10.7,0,0,2.9,2,0,0,-15.9,-0.455,-0.478,0.16,0.15,6,10.7,6.02,10.72,-4.7,4.5,1.5
2022,488,Ryan Tannehill,TEN,QB,1,4,IND,7.008086253369273,100,26,21,17,81,137,6.52,2,1.99,0,9,125.6,6.5,61.9,3,11.5,21,2,12,0,5,9,0,9.6,90.5,4.43,93,0,1,63.5,47.6,66.7,90.5,9.5,4.8,0,9.5,4,2.53,2.15,3.47,4.1,0,46.2,30.8,25,18.9,42.9,38.1,19,19,19,4.8,57.1,28.6,3.8,0,0,0,0.1,0.005,0.005,0.56,0.55,14.4,15.4,14.38,15.36,-0.98,13.5,0.9
2022,489,Derek Carr,LV,QB,1,14,LA,4.23572744014733,100,23,20,11,55,137,6.85,0,0.34,2,6,36.9,2.35,40,0,0,0,3,8,0,4,11,0,7.9,77.8,10,180,20,0,31.4,40,35,75,15,10,5,15,15,3.02,3.02,0,5.07,0,52.2,21.7,0,15.4,27.8,66.7,5.6,61.1,16.7,0,22.2,20,0,1,0,0,-2.3,-0.102,-0.02,0.19,0.19,4.6,10.1,4.58,10.07,-5.49,3.5,1.1
2022,490,Jared Goff,DET,QB,1,9,GB,4.16,100,26,26,14,53.8,137,5.27,2,1.99,1,10,78.5,5.08,42.3,0,0,0,0,0,0,1,-1,0,-15.3,63.6,5.09,117,0,3,64.2,50,26.9,53.8,34.6,0,7.7,0,0,2.48,2.32,0,0,0,34.6,19.2,0,1.7,17.4,65.2,17.4,39.1,34.8,8.7,17.4,3.8,3.8,2,0,0,-1.5,-0.056,-0.056,0.48,0.48,12.4,12.6,12.38,12.61,-0.23,12.5,-0.1
2022,491,Deshaun Watson,CLV,QB,1,16,NO,16.33663366336634,100,33,31,15,48.4,135,4.35,0,1.38,1,7,47.1,2.42,29,2,6.1,10,0,0,0,3,24,1,8.3,77.8,10.07,272,16.1,3,43.7,58.1,51.6,71,16.1,3.2,3.2,19.4,77,3.26,3.87,5.05,0,0,30.3,0,20,-13.2,14.8,66.7,18.5,44.4,29.6,14.8,11.1,9.7,0,4,0,0,-15.5,-0.469,-0.343,0.13,0.36,12.8,16.8,12.8,16.83,-4.03,4.4,8.4
2022,492,Dak Prescott,DAL,QB,1,1,TB,7.226107226107226,76.6,31,29,14,48.3,134,4.62,0,0.02,1,6,47.2,2.45,34.5,2,6.5,13,0,0,0,2,11,0,-14.7,59.3,7.18,201,3.4,0,38.8,72.4,44.8,55.2,37.9,0,10.3,6.9,18,2.46,2.29,2.45,0,0,25.8,12.9,25,-4.6,7.1,67.9,25,46.4,35.7,10.7,7.1,3.4,3.2,0,0,0,-12.5,-0.403,-0.35,0.14,0.17,5.5,6,5.46,6,-0.54,4.4,1.1
2022,493,Lamar Jackson,BLT,QB,1,9,NO,6.613756613756613,100,25,22,12,54.5,133,6.05,1,1.23,0,7,87.9,6.04,50,3,12,2,0,0,0,11,82,0,-10.6,59.1,10.32,227,22.7,1,52.6,59.1,45.5,72.7,27.3,4.5,0,4.5,-3,3.54,3.01,5,0,1,48,12,25,3,22.7,40.9,36.4,50,31.8,9.1,9.1,13.6,8,0,0,0,4.5,0.178,0.323,0.37,0.49,17.5,16.4,17.52,16.4,1.12,9.3,8.2
2022,494,Trevor Lawrence,JAX,QB,1,8,DEN,5.511811023622047,100,35,31,18,58.1,133,4.29,1,1.13,2,6,52.2,1.33,38.7,2,5.7,19,2,12,0,3,15,0,-9.6,67.9,5.5,154,6.5,2,60.9,74.2,41.9,77.4,12.9,3.2,6.5,3.2,4,2.5,2.5,2.8,4.35,0,20,14.3,28.6,-9.5,25,46.4,28.6,28.6,39.3,10.7,21.4,0,11.4,3,0,0,-14.7,-0.419,-0.395,0.24,0.24,8.8,14.9,8.82,14.92,-6.1,7.3,1.5
2022,495,Ryan Tannehill,TEN,QB,1,7,IND,5.929919137466308,98.2,22,20,13,65,132,6.6,0,0.6,0,6,83.8,5.27,45,2,9.1,16,0,0,0,4,6,0,-6.1,70,7.1,142,10,1,40.2,55,50,80,20,5,5,5,6,2.84,2.25,2.6,0,0,45.5,31.8,20,9.9,30,45,25,35,15,15,35,25,0,0,0,0,3.5,0.16,-0.04,0.24,0.24,4.9,9.2,4.88,9.19,-4.31,5.3,-0.4
2022,496,Baker Mayfield,LA,QB,1,17,LAC,6.217616580310881,100,24,19,11,57.9,132,6.95,0,0.09,0,6,79.3,5.05,42.1,3,12.5,21,2,9,0,3,8,0,-8.7,61.1,10.94,197,21.1,1,29.5,57.9,47.4,68.4,26.3,10.5,5.3,0,0,2.82,2.53,3.73,5.5,1,54.2,33.3,23.1,23.6,11.1,61.1,27.8,27.8,38.9,22.2,11.1,5.3,0,1,0,0,-10.2,-0.427,-0.427,0.26,0.25,5.1,7.3,5.08,7.27,-2.19,5.3,-0.2
2022,497,Marcus Mariota,ATL,QB,1,11,CHI,6.760563380281689,100,24,20,13,65,131,6.55,1,1.11,0,7,100.2,7.55,55,0,0,0,4,7,0,13,25,1,-4.1,72.2,6.28,113,5,1,60.3,70,60,75,10,5,0,0,0,2.25,2.84,0,3.6,0,20.8,12.5,0,-3.4,22.2,44.4,33.3,38.9,33.3,16.7,11.1,10,0,0,0,2,0.3,0.014,0.072,0.41,0.63,17.7,16,17.74,15.97,1.77,9.2,8.5
2022,498,Deshaun Watson,CLV,QB,1,13,HST,11.881188118811881,98.4,24,22,12,54.5,131,5.95,0,0.1,1,6,53.4,3.7,50,1,4.2,1,1,11,0,7,21,0,-13.7,60,7.95,159,4.5,2,48.1,54.5,50,59.1,31.8,0,4.5,0,0,2.87,2.56,3.5,3.7,1,50,29.2,8.3,13.7,20,70,10,50,35,5,10,0,8.3,1,1,0,-10.1,-0.42,-0.414,0.22,0.23,6.3,7.8,6.34,7.77,-1.43,4.2,2.1
2022,499,Tyler Huntley,BLT,QB,1,17,PIT,18.65671641791045,100,25,21,14,66.7,130,6.19,1,1,1,8,79.5,4.32,57.1,1,4,10,3,17,0,7,24,0,-3.1,70,7.9,158,14.3,2,36.9,76.2,61.9,71.4,19,0,4.8,0,0,2.56,2.59,2.3,4.43,0,48,24,8.3,19.1,0,25,75,20,55,25,0,4.8,0,0,0,1,3.6,0.143,0.094,0.4,0.38,10.6,13.4,10.6,13.38,-2.78,8.2,2.4
2022,500,Marcus Mariota,ATL,QB,1,6,SF,4.788732394366197,100,17,14,13,92.9,129,9.21,2,1.97,0,7,144.6,10.06,71.4,2,11.8,8,1,15,0,6,50,1,16,92.9,6,84,0,2,45.7,92.9,64.3,92.9,7.1,0,0,0,0,2.03,2.08,3.1,4,0,23.5,17.6,50,2.9,14.3,57.1,28.6,35.7,42.9,14.3,7.1,0,11.8,0,0,0,7.5,0.439,0.423,0.86,1.1,24.2,20.2,24.16,20.16,4,13.2,11
2022,501,Marcus Mariota,ATL,QB,1,9,LAC,7.605633802816901,100,27,23,12,52.2,129,5.61,0,0.31,0,7,68.9,4.56,47.8,2,7.4,15,2,10,0,5,24,0,-12,52.2,15.48,356,30.4,3,36.4,73.9,21.7,65.2,34.8,0,0,0,0,2.75,2.49,2.35,4.3,0,33.3,14.8,22.2,1.4,13,52.2,34.8,39.1,34.8,17.4,8.7,4.3,11.1,0,0,0,-8.4,-0.312,-0.277,0.23,0.25,7.6,10.2,7.56,10.18,-2.62,5.2,2.4
2022,502,Dak Prescott,DAL,QB,1,18,WAS,9.557109557109557,89.4,41,37,14,37.8,128,3.46,1,0.45,1,6,45.8,2.45,37.8,1,2.4,10,3,12,0,6,16,0,-21.6,48.5,10.97,362,10.8,2,24.2,67.6,27,54.1,35.1,2.7,8.1,5.4,13,2.69,2.73,7.7,4.07,1,29.3,12.2,8.3,-3.6,9.1,63.6,27.3,54.5,33.3,6.1,6.1,2.7,0,3,0,0,-15.7,-0.383,-0.408,0.23,0.22,9.7,12.4,9.72,12.4,-2.68,8.1,1.6
2022,503,Marcus Mariota,ATL,QB,1,7,CIN,5.352112676056338,100,19,13,8,61.5,124,9.54,1,0.27,0,5,118.8,7.94,46.2,3,15.8,17,3,17,0,6,31,0,0.1,72.7,9.45,104,7.7,0,32.3,69.2,46.2,69.2,15.4,7.7,0,0,0,2.91,3.01,3.23,4.9,0,42.1,15.8,37.5,14.6,9.1,54.5,36.4,63.6,36.4,0,0,0,5.3,1,1,0,0.6,0.033,0.068,0.56,0.55,12.1,8.8,12.06,8.76,3.3,9,3.1
2022,504,Carson Wentz,WAS,QB,1,16,SF,5.095541401273886,26.1,16,16,12,75,123,7.69,1,0.28,0,8,117.4,8.94,75,0,0,0,0,0,0,0,0,0,-4.5,75,4.81,77,0,0,56.9,75,68.8,87.5,6.3,6.3,6.3,0,0,2.02,2.03,0,0,0,18.8,18.8,0,-6.3,25,37.5,37.5,18.8,68.8,0,12.5,12.5,6.3,0,0,0,5.3,0.333,0.333,0.56,0.56,8.9,5.5,8.92,5.5,3.42,8.9,0
2022,505,Justin Fields,CHI,QB,1,9,MIA,8.428246013667426,100,37,28,17,60.7,123,4.39,3,1.72,0,7,106.7,5.87,39.3,2,5.4,7,7,110,1,15,178,1,-4.2,70.4,7.96,215,17.9,3,51.2,92.9,53.6,71.4,25,3.6,0,7.1,11,2.21,2.72,4.4,3.81,1,35.1,18.9,15.4,13.8,7.4,70.4,22.2,44.4,29.6,18.5,7.4,3.6,10.8,1,0,0,8.9,0.24,0.38,0.92,0.93,42.7,22.5,42.72,22.46,20.26,18.9,23.8
2022,506,Davis Mills,HST,QB,1,15,KC,5.1233396584440225,82.8,27,24,12,50,121,5.04,2,1.3,0,7,92.5,6.71,33.3,0,0,0,3,23,1,5,21,1,-12.1,54.5,11.32,249,16.7,2,39.7,58.3,29.2,58.3,33.3,8.3,0,0,0,2.6,2.62,0,4.4,0,37,14.8,0,5.9,18.2,45.5,36.4,50,27.3,13.6,9.1,4.2,3.7,1,1,0,0.3,0.011,0.011,0.78,0.78,19.9,15.7,19.94,15.65,4.29,12.8,7.1
2022,507,Justin Fields,CHI,QB,1,1,SF,5.239179954441914,100,23,17,8,47.1,121,7.12,2,1.19,1,4,85.7,5.26,29.4,2,8.7,16,4,28,0,11,28,0,-21.9,50,8.63,138,23.5,2,58.7,70.6,41.2,58.8,35.3,11.8,17.6,0,0,3.03,2.4,3.25,5.03,0,43.5,26.1,20,12.2,31.3,56.3,12.5,31.3,37.5,6.3,25,17.6,4.3,1,0,0,2,0.086,0.136,0.64,0.54,14.6,14.1,14.64,14.13,0.51,11.8,2.8
2022,508,Zach Wilson,NYJ,QB,1,7,DEN,11.510791366906476,100,32,26,16,61.5,121,4.65,0,0.12,0,5,72.8,3.62,38.5,3,9.4,16,3,25,0,4,24,0,-6.2,73.9,4.65,107,3.8,0,81,57.7,38.5,69.2,19.2,0,0,3.8,5,2.78,2.01,5.57,3.17,2,28.1,25,33.3,-2.8,13,52.2,34.8,56.5,21.7,17.4,4.3,15.4,12.5,3,0,0,-9.8,-0.306,-0.306,0.23,0.23,7.2,8,7.24,7.96,-0.72,4.8,2.4
2022,509,Lamar Jackson,BLT,QB,1,7,CLV,5.555555555555555,100,21,16,9,56.3,120,7.5,0,1.24,0,5,80.2,4.95,43.8,3,14.3,26,2,17,0,10,59,0,3.1,76.9,7.69,100,6.3,1,45.8,62.5,31.3,68.8,12.5,6.3,0,6.3,6,2.65,3.51,4.1,8.4,0,47.6,4.8,30,20.3,15.4,53.8,30.8,53.8,30.8,15.4,0,0,4.8,1,2,0,-3.9,-0.185,0.032,0.31,0.38,10.7,14,10.7,13.98,-3.28,4.8,5.9
2022,510,Sam Darnold,CAR,QB,1,14,SEA,17.61006289308176,100,28,24,14,58.3,120,5,1,1.83,0,8,85.4,4.81,45.8,2,7.1,15,2,29,0,4,30,0,-5.2,73.7,4.74,90,8.3,2,81.7,54.2,37.5,66.7,12.5,4.2,4.2,0,0,3.52,3.05,3.8,5.3,0,57.1,14.3,12.5,13.5,26.3,52.6,21.1,15.8,36.8,21.1,26.3,16.7,14.3,4,0,0,0.5,0.018,0.001,0.42,0.41,11.8,13.6,11.8,13.55,-1.75,8.8,3
2022,511,Kenny Pickett,PIT,QB,1,4,NYJ,3.6036036036036037,50,16,13,10,76.9,120,9.23,0,0.46,3,6,65.1,-1.15,69.2,0,0,0,3,12,1,6,15,2,10.2,76.9,13.38,174,30.8,1,33.3,84.6,69.2,92.3,7.7,0,0,0,0,2.53,2.4,0,4.73,0,25,12.5,0,-2.4,0,61.5,38.5,23.1,53.8,23.1,0,15.4,0,0,0,0,3.4,0.214,0.288,0.56,0.81,15.3,19,15.3,18.95,-3.65,1.8,13.5
2022,512,Justin Fields,CHI,QB,1,16,BUF,6.378132118451026,91.5,28,23,15,65.2,119,5.17,1,1.23,0,4,92.5,4.96,34.8,2,7.1,15,3,11,0,7,11,0,14.8,94.7,5.8,116,4.3,1,37.8,52.2,65.2,78.3,4.3,4.3,0,13,10,2.6,3.09,3,5.97,1,25,3.6,28.6,-3.7,35,40,25,30,25,15,30,4.3,0,1,2,0,-9.5,-0.34,-0.41,0.35,0.31,9.9,15.5,9.86,15.51,-5.65,8.8,1.1
2022,513,Ryan Tannehill,TEN,QB,1,2,BUF,5.929919137466308,69.8,22,20,11,55,117,5.85,0,0.07,2,6,32.7,0.5,35,2,9.1,16,0,0,0,1,2,0,-10.9,61.1,8.22,148,5,1,36.8,45,50,65,25,0,10,0,0,2.47,2.12,3.05,0,0,40.9,40.9,22.2,11.2,5.6,77.8,16.7,50,27.8,16.7,5.6,5,0,0,0,0,-11.5,-0.524,-0.48,0.12,0.13,2.9,4.5,2.88,4.47,-1.59,2.7,0.2
2022,514,Nick Mullens,MIN,QB,1,18,CHI,53.84615384615385,46.5,14,13,11,84.6,116,8.92,0,0.93,1,5,71.8,5.46,76.9,0,0,0,1,4,0,4,8,0,12.1,84.6,8.31,108,7.7,1,49.1,92.3,30.8,100,0,7.7,15.4,0,0,2.52,2.95,0,4.2,0,28.6,7.1,0,-2.6,15.4,69.2,15.4,46.2,23.1,15.4,15.4,0,0,0,0,0,5.4,0.386,0.285,0.29,0.26,4.4,16.2,4.44,16.23,-11.79,3.6,0.8
2022,515,Tyler Huntley,BLT,QB,1,16,ATL,13.432835820895523,100,18,17,9,52.9,115,6.76,1,1.73,0,5,94,7.94,35.3,0,0,0,1,7,0,11,26,0,-6.8,60,11.8,177,29.4,2,29.6,58.8,35.3,58.8,29.4,11.8,5.9,0,0,3.08,3.68,0,5.2,0,27.8,11.1,0,-13,13.3,26.7,60,33.3,26.7,33.3,6.7,0,5.6,2,0,0,-1.8,-0.098,-0.111,0.52,0.45,13.2,22.1,13.2,22.07,-8.87,8.6,4.6
2022,516,Nathan Peterman,CHI,QB,1,18,MIN,78.57142857142857,76,22,19,11,57.9,114,6,1,0.24,0,7,92.9,6.4,36.8,1,4.5,6,2,7,0,2,7,0,-8.5,63.2,9.58,182,21.1,0,34.2,68.4,21.1,84.2,15.8,0,5.3,5.3,-4,2.55,3.08,2.9,4.4,0,22.7,13.6,20,-6.7,15.8,68.4,15.8,36.8,31.6,15.8,15.8,0,0,0,0,0,-3.9,-0.178,-0.178,0.42,0.42,9.3,7.8,9.26,7.78,1.48,8.6,0.7
2022,517,Jordan Love,GB,QB,1,12,PHI,42.857142857142854,20.4,9,9,6,66.7,113,12.56,1,0.42,0,4,146.8,14.78,55.6,0,0,0,0,0,0,0,0,0,11.2,77.8,11.11,100,11.1,2,66.4,66.7,66.7,88.9,11.1,11.1,0,11.1,18,2.82,2.7,0,0,0,22.2,11.1,0,-16.5,22.2,66.7,11.1,55.6,33.3,0,11.1,11.1,0,0,0,0,7.3,0.811,0.811,0.95,0.95,8.5,4.9,8.52,4.9,3.62,8.5,0
2022,518,Mac Jones,NE,QB,1,15,LV,6.653225806451612,100,33,31,13,41.9,112,3.61,0,0.93,0,6,52.1,3.61,25.8,0,0,0,2,11,0,4,10,0,-20.9,50,9.4,282,19.4,2,57.1,67.7,29,67.7,25.8,6.5,0,6.5,12,2.4,2.25,0,4.2,0,33.3,24.2,0,3.7,23.3,53.3,23.3,53.3,23.3,3.3,20,6.5,6.1,0,1,0,-7.8,-0.235,-0.252,0.17,0.16,7.5,15.2,7.48,15.18,-7.7,6.5,1
2022,519,Baker Mayfield,LA,QB,1,15,GB,6.994818652849741,100,27,21,12,57.1,111,5.29,1,0.66,1,6,67.8,2.27,38.1,5,18.5,27,1,1,0,1,1,0,-7.6,70,5.5,110,4.8,2,60.4,57.1,42.9,66.7,28.6,0,14.3,9.5,11,3.05,3.09,3.5,6.7,3,37,11.1,50,3.8,20,55,25,40,25,15,20,14.3,0,1,0,0,-4.6,-0.169,-0.169,0.28,0.28,7.5,8.7,7.54,8.75,-1.21,7.4,0.1
2022,520,Tua Tagovailoa,MIA,QB,1,4,CIN,3.480278422273782,35,15,14,8,57.1,110,7.86,0,0.44,1,5,52.7,3.67,42.9,1,6.7,10,0,0,0,0,0,0,12.1,76.9,13.15,171,14.3,2,40,71.4,42.9,85.7,7.1,7.1,7.1,14.3,25,2.26,3.07,5.4,0,1,20,13.3,33.3,-7.1,15.4,76.9,7.7,46.2,53.8,0,0,7.1,6.7,0,1,0,-0.6,-0.041,-0.041,0.23,0.23,3.4,7.6,3.4,7.64,-4.24,3.4,0
2022,521,Zach Wilson,NYJ,QB,1,6,GB,7.553956834532374,100,21,18,10,55.6,110,6.11,0,0.32,0,4,73.8,4.95,33.3,2,9.5,11,1,4,0,5,1,0,-10.1,66.7,6.8,102,5.6,1,48.2,72.2,50,83.3,0,5.6,11.1,0,0,3.01,2.49,4.1,4.1,1,33.3,14.3,28.6,-2.6,20,60,20,46.7,20,26.7,6.7,5.6,4.8,2,1,0,-4.8,-0.231,-0.294,0.23,0.2,4.5,9.2,4.5,9.22,-4.72,4.4,0.1
2022,522,Phillip Walker,CAR,QB,1,10,ATL,14.782608695652174,100,17,16,10,62.5,108,6.75,0,0.2,0,4,82.3,5.94,37.5,1,5.9,7,0,0,0,3,14,0,-8.5,68.8,6,96,6.3,1,66.7,75,56.3,87.5,12.5,0,18.8,6.3,-2,2.23,2.17,3,0,1,23.5,17.6,25,-3.3,6.3,81.3,12.5,56.3,31.3,0,12.5,12.5,17.6,0,0,0,-1.4,-0.085,0.012,0.25,0.29,5.7,7.4,5.72,7.36,-1.64,4.3,1.4
2022,523,Justin Fields,CHI,QB,1,3,HST,5.694760820045558,100,25,17,8,47.1,106,6.24,0,0.28,2,5,27.7,-0.36,35.3,5,20,24,3,42,0,8,47,0,-5.3,66.7,8.27,124,5.9,0,49.1,70.6,41.2,64.7,23.5,0,11.8,11.8,4,2.48,2.59,3.02,5.27,0,40,20,50,17.6,20,53.3,26.7,40,46.7,0,13.3,0,0,1,1,0,-3.5,-0.14,-0.186,0.26,0.25,6.9,9.3,6.94,9.33,-2.39,2.2,4.7
2022,524,Kirk Cousins,MIN,QB,1,11,DAL,4.279600570613409,77.8,30,23,12,52.2,105,4.57,0,0.24,0,7,64.6,1.87,34.8,7,23.3,49,0,0,0,0,0,0,-4.9,65,9.75,195,13,1,27.6,73.9,56.5,65.2,21.7,4.3,0,4.3,9,2.81,2.69,4.11,0,1,53.3,23.3,43.8,23.8,5,50,45,40,25,30,5,0,3.3,2,0,0,-18.3,-0.608,-0.608,0.14,0.14,3.2,6.4,3.2,6.45,-3.25,4.2,-1
2022,525,Skylar Thompson,MIA,QB,1,17,NE,19.82758620689655,36.2,23,21,12,57.1,104,4.95,1,0.85,1,6,66.4,3.32,38.1,1,4.3,6,1,4,0,1,4,0,-7.9,70,5.7,114,0,1,51,42.9,47.6,76.2,19,4.8,4.8,9.5,13,3.4,3.02,3.5,6,0,56.5,21.7,7.7,12,50,35,15,15,50,0,35,33.3,0,0,0,0,-1.7,-0.076,-0.076,0.33,0.33,7.6,9.1,7.56,9.08,-1.52,7.2,0.4
2022,526,Sam Ehlinger,IND,QB,1,9,NE,33.33333333333333,100,42,29,15,51.7,103,3.55,0,0.12,1,3,45.6,-0.05,34.5,9,21.4,60,4,37,0,5,39,0,-9.7,66.7,6.63,179,17.2,0,71.8,65.5,51.7,82.8,10.3,3.4,3.4,10.3,19,2.72,2.42,4.47,4.03,5,38.1,23.8,56.3,12.5,29.6,48.1,22.2,44.4,25.9,11.1,18.5,20.7,0,1,1,0,-27.4,-0.651,-0.652,0.16,0.16,7,10.8,7.02,10.83,-3.81,3.1,3.9
2022,527,Cooper Rush,DAL,QB,1,5,LA,11.11111111111111,100,19,16,10,62.5,102,6.38,0,0.37,0,4,80.7,4,37.5,3,15.8,26,0,0,0,4,-1,0,-6.1,68.8,7.56,121,6.3,0,41.2,81.3,56.3,81.3,18.8,0,0,6.3,7,1.99,1.85,2.5,0,0,42.1,42.1,37.5,21.5,0,93.8,6.3,62.5,37.5,0,0,6.3,0,0,0,0,-6.7,-0.351,-0.375,0.21,0.2,4,8.4,3.98,8.35,-4.37,4.1,-0.1
2022,528,Derek Carr,LV,QB,1,8,NO,5.3406998158379375,73.2,29,26,15,57.7,101,3.88,0,0.03,1,5,50.3,1.24,34.6,3,10.3,20,0,0,0,1,-1,0,-2.5,70.8,8.42,202,23.1,0,80.2,38.5,46.2,76.9,11.5,3.8,3.8,7.7,45,2.74,2.58,4.57,0,1,44.8,20.7,23.1,11.3,20.8,50,29.2,54.2,4.2,20.8,20.8,15.4,3.4,1,0,0,-11.9,-0.409,-0.409,0.1,0.1,2.9,7.8,2.94,7.84,-4.9,3,-0.1
2022,529,Bryce Perkins,LA,QB,1,12,KC,61.702127659574465,98.2,29,23,13,56.5,100,4.35,1,0.76,2,7,45.6,0.23,39.1,3,10.3,24,3,27,0,9,44,0,-5.7,70,6.65,133,8.7,1,41,34.8,60.9,69.6,17.4,0,4.3,4.3,7,3.4,2.48,3.83,4.1,0,65.5,34.5,15.8,26.9,15,75,10,50,20,10,20,13,0,0,2,0,-9.2,-0.318,-0.331,0.3,0.31,10.4,13.1,10.4,13.06,-2.66,6,4.4
2022,530,Carson Wentz,WAS,QB,1,6,CHI,7.961783439490445,100,25,22,12,54.5,99,4.5,0,0.53,0,5,66.3,3.44,31.8,3,12,13,0,0,0,2,2,0,-5.6,71.4,6.43,135,13.6,1,77.8,68.2,31.8,77.3,18.2,4.5,0,13.6,44,2,2.1,3.6,0,1,16,12,75,-5.8,33.3,57.1,9.5,38.1,28.6,9.5,23.8,22.7,0,0,1,0,-8,-0.319,-0.312,0.16,0.15,4.2,8.2,4.16,8.24,-4.08,4,0.2
2022,531,Bailey Zappe,NE,QB,1,4,GB,18.181818181818183,74.1,18,15,10,66.7,99,6.6,1,0.68,0,4,107.4,5.28,40,3,16.7,24,0,0,0,0,0,0,-6.4,71.4,5.36,75,6.7,0,56.6,66.7,46.7,80,13.3,0,0,0,0,3.07,2.8,3.93,0,3,38.9,11.1,42.9,3,28.6,50,21.4,28.6,35.7,7.1,28.6,0,11.1,1,0,0,-4.8,-0.264,-0.264,0.44,0.44,7,7.5,6.96,7.45,-0.49,8,-1
2022,532,Malik Willis,TEN,QB,1,16,HST,35.44303797468354,100,28,23,14,60.9,99,4.3,0,0.02,2,4,34.5,-0.07,39.1,4,14.3,11,1,12,0,7,43,1,-2.2,75,6.75,135,4.3,1,41.4,60.9,47.8,65.2,21.7,0,8.7,4.3,6,3.41,2.59,4.15,4.3,1,64.3,25,22.2,24.1,20,50,30,30,30,15,25,8.7,3.6,2,1,0,-15.8,-0.564,-0.383,0.11,0.36,12.3,8.4,12.26,8.37,3.89,2,10.3
2022,533,Desmond Ridder,ATL,QB,1,15,NO,25.925925925925924,100,35,26,13,50,97,3.73,0,0.06,0,6,59.3,2.97,38.5,4,11.4,8,5,36,0,6,38,0,-21.9,50,8.38,218,11.5,0,54.6,84.6,38.5,61.5,38.5,0,7.7,0,0,2.85,3.08,4.7,4.46,2,37.1,8.6,30.8,7.9,23.1,57.7,19.2,50,26.9,11.5,11.5,3.8,0,0,0,0,-11.4,-0.326,-0.3,0.21,0.21,7.7,10.8,7.68,10.78,-3.1,3.9,3.8
2022,534,Trace McSorley,ARZ,QB,1,15,DEN,17.582417582417584,44.1,16,15,7,46.7,95,6.33,0,0.05,2,4,27.8,0.19,40,1,6.3,2,0,0,0,1,8,0,-11.3,61.5,8.92,116,6.7,0,60,60,46.7,53.3,26.7,6.7,20,6.7,3,2.59,2.32,3.3,0,0,37.5,18.8,16.7,4.9,23.1,53.8,23.1,46.2,7.7,23.1,23.1,20,0,1,1,0,-8.5,-0.532,-0.518,0.11,0.15,2.6,3.9,2.6,3.94,-1.34,1.8,0.8
2022,535,Andy Dalton,NO,QB,1,16,CLV,3.6231884057971016,72.2,15,15,8,53.3,92,6.13,0,0.1,1,5,44.3,3.13,46.7,0,0,0,0,0,0,1,-1,0,11,85.7,7.43,104,13.3,0,76.1,66.7,60,86.7,0,6.7,0,26.7,40,2.41,2.3,0,0,0,13.3,6.7,0,-18.4,28.6,57.1,14.3,28.6,42.9,7.1,21.4,6.7,0,0,1,0,-5,-0.334,-0.334,0.18,0.17,2.6,4.8,2.58,4.84,-2.26,2.7,-0.1
2022,536,Zach Wilson,NYJ,QB,1,16,JAX,7.553956834532374,48.2,21,18,9,50,92,5.11,0,0.01,1,3,41.9,1.24,27.8,3,14.3,21,0,0,0,1,1,0,-9.7,60,12.47,187,22.2,0,77.2,38.9,33.3,50,33.3,0,11.1,0,0,3.13,2.58,2.73,0,2,52.4,28.6,27.3,14.6,20,53.3,26.7,46.7,20,20,13.3,5.6,0,2,1,0,-8,-0.379,-0.381,0.13,0.13,2.8,3.3,2.78,3.29,-0.51,2.7,0.1
2022,537,Chris Streveler,NYJ,QB,1,16,JAX,100,53.6,19,15,10,66.7,90,6,0,0.3,0,5,82.6,6,53.3,0,0,0,4,31,0,9,54,0,0.1,71.4,9.29,130,13.3,0,16.7,66.7,46.7,73.3,20,0,6.7,0,0,2.82,2.83,0,4.75,0,36.8,15.8,0,6.3,21.4,64.3,14.3,50,14.3,21.4,14.3,20,0,1,0,0,-3.7,-0.195,-0.103,0.35,0.38,9,12.1,9,12.12,-3.12,3.6,5.4
2022,538,Skylar Thompson,MIA,QB,1,6,MIN,12.931034482758621,28.8,15,13,7,53.8,89,6.85,0,0.02,0,3,75.5,5.79,46.2,1,6.7,8,1,9,0,1,9,0,0.8,72.7,9.67,116,15.4,0,32.6,69.2,53.8,61.5,30.8,7.7,0,7.7,0,2.47,2.14,2.2,2.6,0,33.3,26.7,20,5,8.3,83.3,8.3,33.3,41.7,16.7,8.3,7.7,0,0,1,0,-0.5,-0.034,-0.034,0.3,0.3,4.5,4.4,4.46,4.44,0.02,3.6,0.9
2022,539,Tyler Huntley,BLT,QB,1,14,PIT,12.686567164179104,62.3,17,12,8,66.7,88,7.33,0,0.1,0,4,88.2,6.31,41.7,1,5.9,6,4,25,0,9,31,0,7.1,80,7.9,79,8.3,0,29.5,41.7,50,66.7,16.7,0,8.3,0,0,2.84,2.97,2.2,5.03,0,41.2,17.6,14.3,13.6,20,50,30,50,40,0,10,8.3,0,1,1,0,1.6,0.092,-0.062,0.35,0.32,6.6,9.5,6.62,9.48,-2.86,3.5,3.1
2022,540,Tom Brady,TB,QB,1,18,ATL,2.2397891963109355,57.4,17,17,13,76.5,84,4.94,1,1.03,0,5,106,6.12,52.9,0,0,0,0,0,0,0,0,0,1.8,82.4,4.47,76,5.9,1,63.1,82.4,35.3,88.2,11.8,0,0,5.9,0,1.88,1.58,0,0,0,35.3,35.3,0,12.8,11.8,76.5,11.8,41.2,41.2,5.9,11.8,0,11.8,0,0,0,-1.4,-0.083,-0.083,0.43,0.43,7.4,8.8,7.36,8.81,-1.45,7.4,0
2022,541,Mitchell Trubisky,PIT,QB,1,4,NYJ,8.717948717948717,50,17,13,7,53.8,84,6.46,0,0.37,1,5,41.8,0.81,38.5,3,17.6,26,1,1,0,1,1,0,-1.1,61.5,15.38,200,30.8,1,34.5,76.9,69.2,92.3,7.7,7.7,7.7,7.7,6,2.88,2.35,3.83,3.6,0,35.3,23.5,50,4.8,7.7,53.8,38.5,23.1,30.8,46.2,0,15.4,0,0,0,0,-8.2,-0.485,-0.485,0.14,0.14,2.5,7.6,2.46,7.56,-5.1,2.4,0.1
2022,542,Nick Foles,IND,QB,1,17,NYG,29.411764705882355,48.2,15,13,8,61.5,81,6.23,0,0.04,1,3,47.3,1.93,30.8,1,6.7,9,1,8,0,1,8,0,-6.7,69.2,7.77,101,7.7,0,40.7,76.9,46.2,69.2,30.8,0,7.7,7.7,2,2.57,2.07,2.4,3.4,0,40,26.7,16.7,10.2,15.4,61.5,23.1,53.8,23.1,7.7,15.4,7.7,0,0,0,0,-9.5,-0.632,-0.632,0.2,0.2,3,3.9,3.04,3.89,-0.85,2.2,0.8
2022,543,Malik Willis,TEN,QB,1,9,KC,26.582278481012654,100,21,16,5,31.3,80,5,0,0.44,0,3,49,3,18.8,3,14.3,23,2,6,0,8,40,0,-17.3,46.2,12.62,164,25,0,80,62.5,25,50,31.3,18.8,0,6.3,28,2.9,2.45,7.27,3.9,2,66.7,42.9,21.4,36.1,15.4,38.5,46.2,53.8,23.1,15.4,7.7,0,0,3,0,0,-6.6,-0.316,-0.251,0.18,0.28,7.2,9.2,7.2,9.16,-1.96,3.2,4
2022,544,Colt McCoy,ARZ,QB,1,15,DEN,15.686274509803921,55.9,24,21,13,61.9,78,3.71,0,0.02,1,4,49.3,1.26,38.1,2,8.3,4,1,1,0,2,2,0,-7.3,70,6.55,131,9.5,1,46.2,66.7,42.9,71.4,23.8,0,9.5,4.8,-3,2.44,2.6,4.3,4.4,1,41.7,20.8,20,13.5,10,70,20,35,35,20,10,4.8,4.2,0,1,0,-8.4,-0.35,-0.323,0.09,0.09,2.3,5.7,2.32,5.71,-3.39,2.1,0.2
2022,545,Zach Wilson,NYJ,QB,1,11,NE,10.431654676258994,100,29,22,9,40.9,77,3.5,0,0.04,0,3,50.8,1.69,27.3,4,13.8,33,3,26,0,3,26,0,-15.1,55.6,9.44,170,18.2,0,27.3,50,22.7,54.5,27.3,0,4.5,4.5,15,2.88,2.7,3.63,4.93,0,44.8,13.8,30.8,14.6,11.1,77.8,11.1,55.6,33.3,5.6,5.6,4.5,3.4,2,2,0,-10.1,-0.347,-0.347,0.2,0.2,5.7,7.7,5.68,7.68,-2,3.1,2.6
2022,546,Justin Fields,CHI,QB,1,17,DET,7.289293849658314,100,32,21,7,33.3,75,3.57,1,0.86,1,2,40.8,0.18,19,7,21.9,45,4,76,0,10,132,0,-25.7,43.8,10.44,167,9.5,0,57.3,52.4,28.6,52.4,23.8,0,4.8,0,0,3.27,2.7,5.73,5.6,3,65.6,28.1,33.3,35.1,12.5,62.5,25,25,56.3,6.3,12.5,4.8,0,3,0,0,-20.9,-0.652,-0.468,0.42,0.51,18.2,12.7,18.2,12.73,5.47,6,12.2
2022,547,Jarrett Stidham,LV,QB,1,8,NO,13.861386138613863,25,14,13,8,61.5,72,5.54,0,0.71,0,4,76.4,4.57,53.8,1,7.1,8,0,0,0,0,0,0,-11.8,61.5,8.31,108,15.4,1,38.9,61.5,53.8,69.2,30.8,0,7.7,0,0,2.36,2,3.5,0,0,21.4,14.3,33.3,-7.2,23.1,61.5,15.4,69.2,15.4,0,15.4,7.7,0,0,0,0,-1.9,-0.135,-0.135,0.21,0.21,2.9,5.5,2.88,5.47,-2.59,2.9,0
2022,548,Daniel Jones,NYG,QB,1,4,CHI,2.982456140350877,80.3,17,13,8,61.5,71,5.46,0,0.08,0,4,76.1,4.29,38.5,1,5.9,11,3,36,2,6,68,2,0.3,75,6.08,73,0,0,50.7,53.8,15.4,69.2,23.1,0,0,7.7,13,3.25,2.26,2.6,3.57,0,29.4,17.6,20,-5.9,16.7,41.7,41.7,25,25,33.3,16.7,0,0,1,0,0,3.1,0.184,0.252,1.08,1.08,21.6,8.2,21.64,8.23,13.41,2.8,18.8
2022,549,Justin Fields,CHI,QB,1,2,GB,3.644646924829157,100,16,11,7,63.6,70,6.36,0,0.01,1,2,43.7,0.21,18.2,3,18.8,22,2,8,0,8,20,1,0.3,72.7,9.73,107,18.2,0,60,81.8,54.5,72.7,27.3,0,9.1,9.1,5,2.93,2.77,4.07,4.1,2,56.3,12.5,33.3,28.4,27.3,54.5,18.2,45.5,27.3,9.1,18.2,9.1,0,0,0,0,-7.5,-0.471,-0.526,0.16,0.45,9.8,11.4,9.8,11.44,-1.64,1.8,8
2022,550,Kenny Pickett,PIT,QB,1,6,TB,4.72972972972973,55.7,21,18,11,61.1,67,3.72,1,1.07,0,5,87,3.95,44.4,1,4.8,12,2,16,0,2,16,0,-6.6,73.3,4.47,67,0,1,52.2,55.6,33.3,66.7,16.7,0,0,0,0,2.45,2.75,1.9,3.1,0,19,4.8,25,-8.7,13.3,80,6.7,60,20,6.7,13.3,5.6,4.8,3,0,0,-1.9,-0.092,-0.092,0.39,0.39,8.3,9.1,8.28,9.06,-0.78,6.7,1.6
2022,551,Brock Purdy,SF,QB,1,7,KC,5.347593582887701,13.9,10,9,4,44.4,66,7.33,0,0.01,1,4,30.1,2.33,44.4,0,0,0,1,1,0,1,1,0,-13.7,55.6,10.11,91,11.1,0,18.2,77.8,44.4,66.7,33.3,0,11.1,11.1,3,2.98,2.5,0,6,0,30,20,0,-7.3,22.2,77.8,0,44.4,33.3,0,22.2,22.2,0,0,0,0,-0.3,-0.027,-0.027,0.17,0.17,1.7,3.7,1.74,3.65,-1.91,1.6,0.1
2022,552,Jordan Love,GB,QB,1,1,MIN,23.809523809523807,8.2,5,5,4,80,65,13,0,0,0,4,118.8,13,80,0,0,0,0,0,0,0,0,0,24,100,6.5,26,0,0,60,80,60,80,0,0,0,0,0,2.04,2.5,0,0,0,20,0,0,-5.9,25,25,50,25,50,0,25,0,0,0,0,1,-0.3,-0.062,-0.062,0.52,0.65,2.6,1.6,2.6,1.55,1.05,2.6,0
2022,553,Cooper Rush,DAL,QB,1,1,TB,8.771929824561402,23.4,15,13,7,53.8,64,4.92,0,0.08,0,2,67.5,3.47,23.1,2,13.3,12,0,0,0,0,0,0,7.5,75,12.75,153,15.4,1,17.2,61.5,46.2,69.2,23.1,0,0,15.4,33,2.32,1.94,3.05,0,0,33.3,33.3,40,7.2,16.7,66.7,16.7,50,33.3,0,16.7,7.7,0,1,0,0,-7.6,-0.504,-0.504,0.17,0.17,2.6,3.8,2.56,3.81,-1.25,2.6,0
2022,554,Bryce Perkins,LA,QB,1,11,NO,34.04255319148936,40.3,16,10,5,50,64,6.4,0,0.06,0,3,70.4,2.92,40,3,18.8,26,3,13,0,5,39,0,1.6,75,7.75,62,0,0,35.9,70,30,70,10,10,0,10,3,2.58,2.65,2.47,4.93,0,50,31.3,37.5,28.2,0,62.5,37.5,50,37.5,12.5,0,0,0,0,1,1,-3.9,-0.244,-0.117,0.24,0.38,6.5,5.4,6.46,5.35,1.11,2.6,3.9
2022,555,Phillip Walker,CAR,QB,1,5,SF,6.956521739130435,12.3,8,6,5,83.3,60,10,0,0.01,0,3,108.3,5.63,66.7,2,25,15,0,0,0,0,0,0,12.7,83.3,9.67,58,0,0,31.7,100,50,83.3,0,0,0,0,0,1.9,1.93,3.05,0,0,37.5,25,66.7,20.4,0,66.7,33.3,50,33.3,16.7,0,0,0,0,0,0,-1,-0.131,-0.131,0.3,0.3,2.4,1.9,2.4,1.93,0.47,2.4,0
2022,556,Phillip Walker,CAR,QB,1,6,LA,15.65217391304348,84.1,18,16,10,62.5,60,3.75,0,0.04,0,3,69.8,2.83,25,2,11.1,9,0,0,0,1,-1,0,-14,73.3,0.2,3,6.3,0,143.3,93.8,56.3,75,18.8,0,0,6.3,-1,1.64,1.85,2.45,0,0,11.1,11.1,100,-5.3,46.7,40,13.3,46.7,26.7,13.3,13.3,0,11.1,0,1,0,-10.7,-0.594,-0.594,0.13,0.13,2.3,2.8,2.3,2.75,-0.45,2.4,-0.1
2022,557,Sam Ehlinger,IND,QB,1,17,NYG,11.904761904761903,51.8,15,14,9,64.3,60,4.29,1,0.72,0,4,97.3,4.8,35.7,1,6.7,8,0,0,0,1,12,0,-6.2,69.2,7,91,7.1,1,40,78.6,64.3,71.4,21.4,0,0,0,0,2.46,2.35,3.7,0,0,26.7,13.3,25,-3.7,0,84.6,15.4,53.8,30.8,15.4,0,0,6.7,0,1,0,0.7,0.043,0.122,0.43,0.48,7.6,6.2,7.6,6.25,1.35,6.4,1.2
2022,558,Trace McSorley,ARZ,QB,1,11,SF,10.989010989010989,21.1,10,10,6,60,59,5.9,0,0.03,1,4,37.1,1.4,40,0,0,0,0,0,0,1,6,0,-4.7,66.7,9.78,88,10,2,18.6,70,30,60,30,10,10,0,0,2.38,2.57,0,0,0,30,10,0,-1.1,0,88.9,11.1,66.7,33.3,0,0,0,0,1,0,0,-2.3,-0.232,-0.208,0.14,0.18,2,3,1.96,3,-1.04,1.4,0.6
2022,559,Jacob Eason,CAR,QB,1,6,LA,100,15.9,5,5,3,60,59,11.8,0,0.11,1,2,61.7,2.8,60,0,0,0,0,0,0,0,0,0,-0.9,80,4.6,23,0,1,89.8,60,60,80,20,0,20,20,4,2.22,2.2,0,0,0,20,20,0,-8.4,40,60,0,40,20,0,40,40,0,0,0,0,-2.3,-0.452,-0.452,0.27,0.27,1.4,1,1.36,1.03,0.33,1.4,0
2022,560,Nick Mullens,MIN,QB,1,17,GB,15.384615384615385,14,4,4,4,100,57,14.25,1,0.43,0,3,158.3,19.25,100,0,0,0,0,0,0,0,0,0,31.5,100,11,44,25,1,35.1,100,50,100,0,25,0,0,0,2.5,2.2,0,0,0,25,25,0,-8.2,0,100,0,50,50,0,0,0,0,0,0,0,5.7,1.428,1.428,1.57,1.57,6.3,3.4,6.28,3.42,2.86,6.3,0
2022,561,Jimmy Garoppolo,SF,QB,1,13,MIA,1.5197568389057752,10.1,5,4,2,50,56,14,0,0.06,0,2,95.8,9.2,50,1,20,10,0,0,0,0,0,0,32.1,100,10.75,43,25,0,39.3,25,75,100,0,0,0,50,9,2.9,2.17,3.1,0,0,60,40,33.3,27.9,25,50,25,50,25,25,0,0,0,0,0,0,1.8,0.36,0.36,0.45,0.45,2.2,2.4,2.24,2.38,-0.14,2.2,0
2022,562,Malik Willis,TEN,QB,1,8,HST,18.9873417721519,100,15,10,6,60,55,5.5,0,0.01,1,3,35.4,-0.38,40,3,20,15,2,8,0,5,12,0,-4,75,5.63,45,0,0,76.4,30,50,60,20,0,10,0,0,3.35,2.58,3.83,2.4,0,53.3,26.7,37.5,21.4,25,37.5,37.5,50,0,25,25,0,0,2,0,0,-10.9,-0.73,-0.667,0.13,0.14,2.4,4.3,2.4,4.29,-1.89,1.2,1.2
2022,563,Nick Mullens,MIN,QB,1,11,DAL,26.923076923076923,22.2,7,7,5,71.4,54,7.71,0,0.01,0,3,93.8,7.71,71.4,0,0,0,0,0,0,0,0,0,6.7,83.3,5,30,0,0,66.7,57.1,57.1,71.4,14.3,0,0,0,0,2.21,1.4,0,0,0,14.3,14.3,0,-14,33.3,66.7,0,66.7,0,0,33.3,14.3,14.3,0,0,0,2.2,0.308,0.308,0.31,0.31,2.2,1.8,2.16,1.85,0.31,2.2,0
2022,564,Tyrod Taylor,NYG,QB,1,14,PHI,66.66666666666666,17.5,10,5,5,100,47,9.4,1,0.39,0,2,145.4,6.13,80,3,30,18,2,40,0,2,40,0,20.2,100,5,25,0,0,46.8,20,80,100,0,0,0,0,0,2.54,2.36,2.9,4.8,0,50,30,60,33.1,40,40,20,0,40,20,40,60,0,0,0,0,0.8,0.085,0.085,0.99,0.99,10.9,4.4,10.88,4.43,6.45,7.9,3
2022,565,Brett Rypien,DEN,QB,1,16,LA,8.24742268041237,27.9,8,8,4,50,45,5.63,0,0.47,1,3,27.6,0,37.5,0,0,0,0,0,0,0,0,0,-22.9,50,8.5,68,12.5,1,53.3,62.5,37.5,62.5,37.5,12.5,12.5,0,0,2.3,2,0,0,0,12.5,12.5,0,-17.3,37.5,62.5,0,37.5,25,0,37.5,37.5,0,0,0,0,-8.6,-1.077,-1.077,0.1,0.1,0.8,3.8,0.8,3.79,-2.99,0.8,0
2022,566,Sam Darnold,CAR,QB,1,18,NO,12.578616352201259,100,20,15,5,33.3,43,2.87,0,0.02,2,4,2.8,-3.41,26.7,2,10,11,3,27,0,6,32,0,-6.8,60,14.2,142,20,1,51.2,33.3,40,40,26.7,0,13.3,6.7,4,3.79,2.8,2.75,8.43,1,55,15,18.2,13.5,0,90,10,60,30,10,0,0,10,4,1,0,-11.2,-0.561,-0.424,0.12,0.13,2.9,8.2,2.92,8.24,-5.32,-0.3,3.2
2022,567,Jeff Driskel,HST,QB,1,16,TEN,16.666666666666664,30.2,4,4,3,75,40,10,0,0,0,2,106.3,10,75,0,0,0,0,0,0,2,2,0,22.7,100,5.33,16,0,0,60,50,50,75,0,0,0,0,0,3.08,2.3,0,0,0,50,25,0,6.9,0,66.7,33.3,0,66.7,33.3,0,0,25,1,0,0,3,0.748,-0.291,0.4,0.3,3.2,3.5,3.2,3.53,-0.33,1.6,0.2
2022,568,Jeff Driskel,HST,QB,1,14,DAL,29.166666666666668,50,7,6,4,66.7,38,6.33,1,0.96,0,1,123.6,9.67,50,0,0,0,1,10,0,7,36,0,1.8,80,5.4,27,16.7,0,50,66.7,33.3,66.7,16.7,0,0,0,0,2.38,1.67,0,3.9,0,42.9,42.9,0,16.1,0,80,20,20,60,20,0,0,28.6,0,1,0,2,0.292,0.008,0.93,0.7,9.1,9.4,9.12,9.37,-0.25,5.5,3.6
2022,569,Brian Hoyer,NE,QB,1,4,GB,100,25.9,7,6,5,83.3,37,6.17,0,0.05,0,2,92.4,4.14,50,1,14.3,8,0,0,0,0,0,0,2.2,83.3,4,24,0,0,67.6,83.3,50,83.3,16.7,0,0,0,0,1.98,1.97,2.4,0,0,42.9,42.9,33.3,22,33.3,50,16.7,66.7,0,0,33.3,16.7,14.3,0,0,0,-2.1,-0.304,-0.304,0.21,0.21,1.5,2,1.48,2.04,-0.56,1.5,0
2022,570,Tim Boyle,CHI,QB,1,18,MIN,100,24,8,8,2,25,33,4.13,0,0,2,2,4.7,-7.13,25,0,0,0,0,0,0,2,-2,0,-41.9,25,11.63,93,25,0,100,100,12.5,37.5,50,0,37.5,0,0,2.58,2.3,0,0,0,25,12.5,0,-9.5,12.5,62.5,25,50,25,12.5,12.5,0,0,0,0,0,-4.5,-0.564,-0.564,-0.08,-0.11,-0.9,0.8,-0.88,0.81,-1.69,-0.7,-0.2
2022,571,Cooper Rush,DAL,QB,1,11,MIN,2.923976608187134,11.4,5,5,4,80,31,6.2,0,0.03,0,2,92.5,6.2,60,0,0,0,0,0,0,0,0,0,12.4,100,0.75,3,0,0,90.3,60,80,80,0,0,0,0,0,2.34,2,0,0,0,20,20,0,-10.4,25,25,50,25,0,50,25,20,0,0,1,0,1.3,0.252,0.252,0.25,0.25,1.2,1.5,1.24,1.48,-0.24,1.2,0
2022,572,Trey Lance,SF,QB,1,2,SEA,8.108108108108109,21.4,3,3,2,66.7,30,10,0,0.05,0,1,99.3,10,33.3,0,0,0,0,0,0,3,13,0,-17.3,66.7,3.33,10,0,0,73.3,66.7,33.3,66.7,33.3,0,0,0,0,2.3,1.85,0,0,0,66.7,66.7,0,36.9,33.3,66.7,0,33.3,33.3,0,33.3,33.3,0,0,0,0,-0.6,-0.201,0.073,0.4,0.42,2.5,2.1,2.5,2.11,0.39,1.2,1.3
2022,573,Blaine Gabbert,TB,QB,1,18,ATL,100,37,8,8,6,75,29,3.63,1,1.1,0,2,119.3,6.13,37.5,0,0,0,0,0,0,0,0,0,-5.9,75,3.25,26,12.5,1,124.1,87.5,12.5,100,0,0,0,0,0,1.65,,0,0,0,0,0,0,-18.5,25,75,0,75,0,0,25,0,12.5,0,0,0,0.2,0.027,0.027,0.65,0.65,5.2,6.1,5.16,6.11,-0.95,5.2,0
2022,574,C.J. Beathard,JAX,QB,1,17,HST,75,31.7,9,8,5,62.5,29,3.63,0,0.33,1,2,29.7,-2.33,37.5,1,11.1,5,0,0,0,0,0,0,-2.4,75,5.75,46,0,0,58.6,75,12.5,87.5,12.5,0,0,12.5,7,2.76,2.9,4.6,0,0,44.4,11.1,25,10.9,37.5,50,12.5,62.5,0,0,37.5,12.5,0,0,0,0,-7.4,-0.824,-0.824,0.02,0.02,0.2,3.9,0.16,3.87,-3.71,0.2,0
2022,575,Trace McSorley,ARZ,QB,1,18,SF,10.989010989010989,34,10,9,6,66.7,29,3.22,0,0.02,1,1,31.5,-1.78,22.2,0,0,0,1,9,0,3,13,0,4.7,77.8,8.11,73,22.2,0,48.3,66.7,55.6,77.8,22.2,0,11.1,11.1,0,2.36,2.05,0,3.3,0,20,20,0,-7.6,33.3,55.6,11.1,55.6,11.1,0,33.3,22.2,0,0,0,0,-7.3,-0.727,-0.713,0.11,0.13,1.5,3.4,1.46,3.38,-1.92,0.2,1.3
2022,576,Chase Daniel,LAC,QB,1,17,LA,21.428571428571427,19.4,3,3,3,100,27,9,0,0.02,0,1,104.2,9,66.7,0,0,0,0,0,0,0,0,0,6,100,-4.67,-14,0,0,151.9,100,100,100,0,0,0,0,0,1.7,,0,0,0,0,0,0,-19.4,33.3,66.7,0,0,66.7,0,33.3,0,0,0,0,0,1.4,0.456,0.456,0.36,0.36,1.1,0.9,1.08,0.89,0.19,1.1,0
2022,577,Chase Daniel,LAC,QB,1,18,DEN,57.14285714285714,17.9,8,7,5,71.4,25,3.57,1,0.99,0,3,116.1,6.43,57.1,0,0,0,1,4,0,1,4,0,-5.1,71.4,6,42,14.3,1,68,100,57.1,71.4,28.6,0,14.3,0,0,1.97,3.3,0,5.9,0,25,0,0,3.9,28.6,71.4,0,28.6,42.9,0,28.6,0,12.5,0,0,0,0.5,0.062,0.062,0.68,0.68,7.4,6,7.4,5.99,1.41,7,0.4
2022,578,Nathan Peterman,CHI,QB,1,16,BUF,17.857142857142858,8.5,5,5,3,60,25,5,0,0,1,2,33.3,-4,60,0,0,0,0,0,0,0,0,0,10.6,75,17.25,69,20,1,24,20,60,60,20,0,0,0,0,3.1,3.3,0,0,0,20,0,0,-24.2,0,25,75,25,50,25,0,0,0,0,0,1,-0.5,-0.104,-0.104,0,0,0,1.2,0,1.18,-1.18,0,0
2022,579,Gardner Minshew,PHI,QB,1,8,PIT,2.380952380952381,18.9,2,2,1,50,23,11.5,0,0,0,1,91.7,11.5,50,0,0,0,0,0,0,1,-1,0,-26.3,50,6.5,13,0,0,95.7,100,50,50,50,0,0,0,0,2.15,2.1,0,0,0,50,50,0,22.8,0,50,50,0,0,100,0,0,50,0,0,0,1.2,0.617,0.617,0.46,0.41,0.8,0.3,0.82,0.27,0.55,0.9,-0.1
2022,580,Kyle Trask,TB,QB,1,18,ATL,100,5.6,9,9,3,33.3,23,2.56,0,0,0,1,42.4,2.56,22.2,0,0,0,0,0,0,0,0,0,-27,37.5,13.25,106,22.2,0,87,44.4,22.2,33.3,55.6,0,0,0,0,2.41,1.65,0,0,0,22.2,22.2,0,-9.4,12.5,87.5,0,75,12.5,0,12.5,11.1,0,1,0,0,-5.3,-0.593,-0.593,0.1,0.1,0.9,0.8,0.92,0.83,0.09,0.9,0
2022,581,Brandon Allen,CIN,QB,1,9,CAR,100,22.2,4,3,3,100,22,7.33,0,0.06,0,1,97.2,5.5,33.3,1,25,0,0,0,0,3,-1,0,19.9,100,4,12,0,0,45.5,66.7,66.7,100,0,0,0,0,0,1.73,1.1,5.1,0,1,25,25,100,10,0,66.7,33.3,66.7,33.3,0,0,0,0,0,0,0,-0.7,-0.172,-0.044,0.22,0.16,0.8,1.5,0.78,1.52,-0.74,0.9,-0.1
2022,582,Malik Willis,TEN,QB,1,15,LAC,6.329113924050633,14,5,4,3,75,20,5,0,0,0,1,85.4,5,50,0,0,0,1,8,0,1,8,0,20.5,100,5.33,16,0,0,20,75,0,75,0,0,0,0,0,2.6,2.73,0,5.1,0,60,40,0,32.1,0,66.7,33.3,66.7,0,0,33.3,0,20,0,1,0,0.5,0.103,0.103,0.32,0.32,1.6,1.8,1.6,1.76,-0.16,0.8,0.8
2022,583,Skylar Thompson,MIA,QB,1,10,CLV,0.8620689655172413,10.4,1,1,1,100,17,17,0,0.01,0,1,118.8,17,100,0,0,0,0,0,0,3,0,0,17.3,100,3,3,0,0,82.4,100,100,100,0,0,0,0,0,2,,0,0,0,0,0,0,-24.6,100,0,0,0,100,0,0,0,0,0,0,0,0.9,0.916,0.916,0.68,0.68,0.7,0.4,0.68,0.37,0.31,0.7,0
2022,584,Brett Rypien,DEN,QB,1,14,KC,8.24742268041237,14.5,8,8,4,50,16,2,1,0.76,1,1,56.3,-1.13,37.5,0,0,0,0,0,0,1,0,0,-4.1,66.7,9.17,55,12.5,2,62.5,62.5,37.5,50,25,0,0,0,0,2.91,3.33,0,0,0,37.5,12.5,0,-2.8,0,66.7,33.3,33.3,33.3,33.3,0,0,0,0,0,0,-1.8,-0.229,-0.308,0.45,0.4,3.6,4.3,3.64,4.32,-0.68,3.6,0
2022,585,Anthony Brown,BLT,QB,1,14,PIT,11.11111111111111,37.7,6,5,3,60,16,3.2,0,0.07,0,1,65.4,2,40,1,16.7,4,0,0,0,3,-5,0,11.2,80,10.6,53,20,0,25,100,80,80,0,0,0,20,12,1.94,2.2,2.7,0,0,33.3,33.3,50,13.7,0,80,20,80,20,0,0,0,0,0,0,0,-1.5,-0.251,-0.251,0.11,0.02,0.1,2,0.14,1.97,-1.83,0.6,-0.5
2022,586,Malik Willis,TEN,QB,1,13,PHI,5.063291139240507,18.9,4,4,2,50,16,4,0,0.08,0,0,60.4,4,25,0,0,0,0,0,0,1,8,0,22.4,100,6,24,0,0,25,75,75,100,0,0,0,50,12,2.9,2,0,0,0,25,25,0,-15.1,25,75,0,25,50,0,25,25,0,0,0,0,-3.1,-0.773,-0.394,0.16,0.29,1.4,2,1.44,2,-0.56,0.6,0.8
2022,587,Jeff Driskel,HST,QB,1,18,IND,8.333333333333332,9.4,2,2,2,100,13,6.5,0,0.01,0,1,93.8,6.5,50,0,0,0,0,0,0,3,7,0,20.9,100,3.5,7,0,0,46.2,100,100,100,0,0,0,0,0,2.65,3.6,0,0,0,50,0,0,14.2,0,100,0,0,100,0,0,0,0,0,0,0,0.4,0.185,-0.146,0.26,0.24,1.2,2.1,1.22,2.08,-0.86,0.5,0.7
2022,588,Mac Jones,NE,QB,1,7,CHI,1.8145161290322582,33.3,9,6,3,50,13,2.17,0,0.01,1,1,16.7,-5.33,16.7,0,0,0,3,24,0,3,24,0,-2.1,66.7,10.67,64,16.7,0,7.7,50,50,66.7,33.3,0,16.7,16.7,6,2.87,2.73,0,3.77,0,44.4,11.1,0,18.1,50,16.7,33.3,33.3,0,16.7,50,33.3,0,0,0,0,-4,-0.449,-0.449,0.21,0.21,1.9,3.7,1.92,3.75,-1.83,-0.5,2.4
2022,589,Trace McSorley,ARZ,QB,1,1,KC,7.6923076923076925,12.7,7,4,2,50,12,3,0,0,0,1,56.3,0.8,25,1,14.3,8,2,19,0,3,20,0,-15.9,66.7,4.33,13,0,0,33.3,50,25,50,25,0,0,0,0,2.25,1.9,5.6,4.7,0,42.9,42.9,33.3,26.3,0,100,0,33.3,66.7,0,0,0,0,0,0,0,-0.5,-0.076,-0.096,0.34,0.31,2.5,2.9,2.48,2.86,-0.38,0.5,2
2022,590,Tyrod Taylor,NYG,QB,1,4,CHI,33.33333333333333,19.7,5,3,1,33.3,11,3.67,0,0.02,1,1,5.6,-11.33,33.3,0,0,0,2,17,0,3,30,0,7.7,66.7,21.33,64,33.3,0,63.6,100,66.7,66.7,33.3,0,33.3,33.3,9,2.33,2.15,0,4.25,0,40,40,0,21.8,0,100,0,100,0,0,0,0,0,0,0,0,2.3,0.459,0.65,0.23,0.41,2.4,3.1,2.44,3.15,-0.71,-0.6,3
2022,591,Lamar Jackson,BLT,QB,1,13,DEN,1.8518518518518516,14.5,7,4,3,75,11,2.75,0,0,0,0,77.1,0.17,0,2,28.6,10,1,9,0,1,9,0,-6.4,75,4.5,18,0,0,54.5,75,25,75,25,0,0,0,0,2.48,2.58,5.1,4.5,0,71.4,28.6,40,52.7,0,75,25,25,75,0,0,0,14.3,0,0,0,-5.2,-0.743,-0.743,0.19,0.19,1.3,1.4,1.34,1.42,-0.08,0.4,0.9
2022,592,Gardner Minshew,PHI,QB,1,13,TEN,2.380952380952381,13.4,2,2,1,50,11,5.5,0,0.01,0,1,66.7,5.5,50,0,0,0,0,0,0,0,0,0,-12.5,50,13.5,27,0,0,-9.1,100,50,100,0,0,0,0,0,2.6,1.8,0,0,0,50,50,0,15.1,0,100,0,100,0,0,0,0,0,0,0,0,0.7,0.371,0.371,0.22,0.22,0.4,0.9,0.44,0.88,-0.44,0.4,0
2022,593,Josh Johnson,SF,QB,1,14,TB,100,18.6,2,2,1,50,10,5,0,0.05,0,1,64.6,5,50,0,0,0,0,0,0,2,3,0,21.5,100,6,6,0,0,40,50,50,50,0,0,0,0,0,1.35,,0,0,0,0,0,0,-13.4,0,100,0,100,0,0,0,0,0,0,1,0,-0.8,-0.418,-0.221,0.2,0.23,0.7,1.1,0.7,1.15,-0.45,0.4,0.3
2022,594,Jeff Driskel,HST,QB,1,17,JAX,20.833333333333336,22.4,5,4,3,75,9,2.25,0,0.05,0,0,77.1,0,25,1,20,9,0,0,0,2,7,0,8.9,100,-1.75,-7,0,0,222.2,75,75,100,0,0,0,25,4,1.88,3.2,3.4,0,0,20,0,100,2.1,25,75,0,50,25,0,25,25,20,0,0,0,-3.8,-0.762,-0.992,0.07,0.15,1.1,1.9,1.06,1.89,-0.83,0.4,0.7
2022,595,Phillip Walker,CAR,QB,1,9,CIN,9.565217391304348,35.4,11,10,3,30,9,0.9,0,0,2,0,0,-8.1,10,0,0,0,1,6,0,1,6,0,-25.9,50,5.9,59,20,0,188.9,60,40,60,40,0,20,20,8,2.53,2.63,0,4.4,0,27.3,9.1,0,-3.7,30,40,30,20,40,20,20,20,9.1,0,0,0,-13.5,-1.226,-1.226,-0.09,-0.09,-1,2.4,-1.04,2.43,-3.47,-1.6,0.6
2022,596,Kyler Murray,ARZ,QB,1,14,NE,0.45454545454545453,4.3,2,1,1,100,9,9,0,0,0,0,104.2,9,100,0,0,0,1,3,0,1,3,0,12.6,100,2,2,0,0,77.8,0,100,100,0,0,0,0,0,2.8,3.1,0,5,0,50,0,0,30.8,100,0,0,0,0,0,100,100,0,0,0,0,0.6,0.304,0.304,0.33,0.33,0.7,1,0.66,1,-0.34,0.4,0.3
2022,597,Jordan Love,GB,QB,1,17,MIN,14.285714285714285,11.5,3,3,2,66.7,9,3,0,0.03,0,1,70.1,3,66.7,0,0,0,0,0,0,1,-1,0,-19.1,66.7,2.67,8,0,0,66.7,100,33.3,100,0,0,0,0,0,1.33,,0,0,0,0,0,0,-13.1,0,100,0,100,0,0,0,0,33.3,0,0,0,-0.4,-0.13,-0.13,0.12,0.09,0.3,0.9,0.26,0.87,-0.61,0.4,-0.1
2022,598,Case Keenum,BUF,QB,1,5,PIT,71.42857142857143,14.8,5,5,2,40,8,1.6,0,0.03,0,0,47.9,1.6,0,0,0,0,0,0,0,2,-2,0,-37.8,40,6,30,0,0,75,100,40,40,60,0,20,0,0,1.74,1,0,0,0,20,20,0,-0.1,0,100,0,100,0,0,0,0,0,0,0,0,-3.9,-0.779,-0.779,0.06,0.02,0.1,0.4,0.12,0.4,-0.28,0.3,-0.2
2022,599,Jeff Driskel,HST,QB,1,15,KC,20.833333333333336,29.3,5,4,2,50,8,2,0,0.01,0,1,56.3,0.8,25,1,20,4,0,0,0,4,8,0,6.7,100,-2,-4,0,0,150,50,25,50,0,0,0,0,0,1.53,2.57,4.5,0,1,60,20,33.3,46.9,0,100,0,100,0,0,0,0,0,0,2,0,-2.6,-0.512,-0.452,0.06,0.12,1.1,2.2,1.12,2.23,-1.11,0.3,0.8
2022,600,Jordan Love,GB,QB,1,6,NYJ,19.047619047619047,5.8,4,4,2,50,8,2,0,0.01,0,0,56.3,2,25,0,0,0,0,0,0,0,0,0,18.1,100,4,16,0,0,62.5,100,50,100,0,0,0,50,13,1.8,,0,0,0,0,0,0,-21.1,25,50,25,25,25,25,25,0,0,0,0,0,-3.1,-0.767,-0.767,0.08,0.08,0.3,1.3,0.32,1.28,-0.96,0.3,0
2022,601,C.J. Beathard,JAX,QB,1,13,DET,25,7.3,3,3,2,66.7,6,2,0,0,0,0,70.1,2,33.3,0,0,0,0,0,0,0,0,0,-17.3,66.7,3.33,10,0,0,16.7,66.7,66.7,66.7,33.3,0,0,0,0,2.33,,0,0,0,0,0,0,-30.3,0,66.7,33.3,66.7,0,33.3,0,0,0,0,0,0,-4.2,-1.395,-1.395,0.08,0.08,0.2,0.4,0.24,0.37,-0.13,0.2,0
2022,602,Skylar Thompson,MIA,QB,1,12,HST,6.896551724137931,27.8,8,5,1,20,6,1.2,0,0.09,0,1,39.6,0,20,1,12.5,6,2,5,0,6,5,0,-44.6,20,15.8,79,20,0,16.7,80,20,40,60,0,0,0,0,2.7,2.62,5.3,3.45,1,62.5,25,20,39.6,20,80,0,60,20,0,20,0,0,0,0,0,-4.8,-0.6,-1.12,0.09,0.08,-0.3,4.3,-0.26,4.34,-4.6,0.2,-0.5
2022,603,Malik Willis,TEN,QB,1,2,BUF,7.59493670886076,30.2,6,4,1,25,6,1.5,0,0.01,0,0,39.6,1.5,25,0,0,0,2,13,0,4,16,0,-8.9,66.7,7.67,23,0,0,16.7,75,50,50,25,0,0,25,13,3.48,3.45,0,2.45,0,33.3,16.7,0,0,0,66.7,33.3,66.7,33.3,0,0,0,0,1,0,0,-0.4,-0.059,-0.941,0.26,0.23,0.8,2.9,0.84,2.91,-2.07,0.2,0.6
2022,604,Trevor Siemian,CHI,QB,1,8,DAL,3.4482758620689653,4.2,1,1,1,100,5,5,0,0,0,0,87.5,5,0,0,0,0,0,0,0,0,0,0,6.4,100,-2,-2,0,0,140,100,0,100,0,0,0,0,0,1,,0,0,0,0,0,0,-7.3,0,100,0,0,100,0,0,0,0,0,0,0,-0.1,-0.106,-0.106,0.2,0.2,0.2,0.3,0.2,0.25,-0.05,0.2,0
2022,605,Joe Flacco,NYJ,QB,1,14,BUF,1.9801980198019802,8.2,4,3,1,33.3,1,0.33,0,0,0,0,42.4,-1.25,0,1,25,6,0,0,0,0,0,0,-38.3,33.3,9,27,0,0,200,100,0,33.3,66.7,0,0,0,0,2.3,2.6,3.4,0,1,25,0,100,2.7,0,66.7,33.3,33.3,33.3,33.3,0,0,0,0,0,0,-7.2,-1.804,-1.804,0.01,0.01,-1,0.3,-0.96,0.28,-1.24,0,-1
2022,606,Chad Henne,KC,QB,1,7,SF,100,10.3,2,2,0,0,0,0,0,0.01,0,0,39.6,0,0,0,0,0,0,0,0,3,-3,0,10.5,100,0,0,0,0,0,50,50,50,0,0,0,50,0,1.75,,0,0,0,0,0,0,-20.3,0,0,100,0,0,100,0,0,0,0,1,0,-1.9,-0.946,-0.946,0,-0.15,-0.3,0.3,-0.3,0.34,-0.64,0,-0.3
2022,607,Chase Daniel,LAC,QB,1,10,SF,21.428571428571427,5.4,3,2,0,0,0,0,0,0.02,0,0,39.6,-0.33,0,1,33.3,1,0,0,0,0,0,0,-43.7,50,-5,-10,0,0,0,50,0,50,50,0,0,50,-5,2,2.17,3.3,0,0,100,66.7,33.3,83.6,100,0,0,0,50,0,50,50,0,0,0,0,-1.3,-0.433,-0.433,0,0,0,0.3,0,0.27,-0.27,0,0
2022,608,Case Keenum,BUF,QB,1,2,TEN,28.57142857142857,24.6,2,2,0,0,0,0,0,0.01,0,0,39.6,0,0,0,0,0,0,0,0,3,2,0,-14.7,50,12.5,25,50,0,0,100,50,50,50,0,0,50,4,1.85,,0,0,0,0,0,0,-22,0,100,0,50,50,0,0,0,0,0,0,0,-1.9,-0.947,-0.836,0,0.07,0.2,1.1,0.2,1.11,-0.91,0,0.2
2022,609,Teddy Bridgewater,MIA,QB,1,3,BUF,3.3707865168539324,7.7,3,2,0,0,0,0,0,0,0,0,39.6,-2.67,0,1,33.3,8,0,0,0,0,0,0,-84.2,0,2,4,0,0,0,100,0,0,100,0,0,0,0,1.45,1.75,3.3,0,0,66.7,66.7,50,56.6,0,100,0,100,0,0,0,0,0,0,0,0,-1.9,-0.619,-0.619,0,0,0,0,0,0,0,0,0
2022,610,Teddy Bridgewater,MIA,QB,1,5,NYJ,1.1235955056179776,1.6,1,1,0,0,0,0,0,0,0,0,39.6,0,0,0,0,0,0,0,0,0,0,0,0,0,0,0,0,0,0,0,0,0,0,0,0,0,0,2.1,1.3,0,0,0,100,100,0,73.7,0,0,0,0,0,0,0,0,0,1,0,0,-1.6,-1.611,-1.611,0,0,0,0,0,0,0,0,0
2022,611,Jeff Driskel,HST,QB,1,1,IND,4.166666666666666,2.9,1,0,0,0,0,0,0,0,0,0,0,0,0,0,0,0,1,5,0,1,5,0,0,0,0,0,0,0,0,0,0,0,0,0,0,0,0,,1.3,0,3.2,0,100,100,0,100,0,0,0,0,0,0,0,0,0,0,0,0,1,1.037,1.037,0.5,0.5,0.5,0.7,0.5,0.68,-0.18,0,0.5
2022,612,Nate Sudfeld,DET,QB,1,17,CHI,100,10,1,0,0,0,0,0,0,0,0,0,0,-7,0,1,100,7,0,0,0,3,-3,0,0,0,0,0,0,0,0,0,0,0,0,0,0,0,0,,1.8,3.4,0,0,100,100,100,100,0,0,0,0,0,0,0,0,0,0,0,0,-0.9,-0.899,-0.899,0,-0.3,-0.3,0,-0.3,0,-0.3,0,-0.3
2022,613,Jacoby Brissett,CLV,QB,1,14,CIN,0.2403846153846154,1.4,1,1,0,0,0,0,0,0,0,0,39.6,0,0,0,0,0,0,0,0,0,0,0,-29.7,0,30,30,100,1,0,100,0,0,100,0,0,0,0,3,,0,0,0,0,0,0,-41.8,0,100,0,100,0,0,0,0,0,0,0,0,-3.9,-3.93,-3.93,0,0,0,0,0,0.02,-0.02,0,0
2022,614,Cooper Rush,DAL,QB,1,18,WAS,0.5847953216374269,9.1,1,1,0,0,0,0,0,0,0,0,39.6,0,0,0,0,0,0,0,0,0,0,0,-54.7,0,18,18,0,0,0,100,0,0,100,0,0,0,0,2.5,2.3,0,0,0,100,100,0,66.8,0,100,0,100,0,0,0,0,0,0,0,0,-1.3,-1.335,-1.335,0,0,0,0,0,0,0,0,0
2022,615,Nathan Peterman,CHI,QB,1,15,PHI,3.571428571428571,1.7,1,1,0,0,0,0,0,0,0,0,39.6,0,0,0,0,0,0,0,0,0,0,0,-62.8,0,13,13,0,0,0,100,0,0,100,0,0,0,0,3,,0,0,0,0,0,0,-41.8,0,100,0,100,0,0,0,0,0,0,0,0,-0.9,-0.887,-0.887,0,0,0,0,0,0,0,0,0
2022,616,Bryce Perkins,LA,QB,1,13,SEA,2.127659574468085,1.6,1,0,0,0,0,0,0,0,0,0,0,0,0,0,0,0,1,5,0,1,5,0,0,0,0,0,0,0,0,0,0,0,0,0,0,0,0,,,0,3.8,0,0,0,0,0,0,0,0,0,0,0,0,0,0,0,0,0,0.5,0.51,0.51,0.5,0.5,0.5,0.8,0.5,0.77,-0.27,0,0.5
2022,617,Skylar Thompson,MIA,QB,1,13,SF,0.8620689655172413,2.2,1,1,0,0,0,0,0,0,1,0,0,-45,0,0,0,0,0,0,0,0,0,0,-38.9,0,25,25,100,0,0,0,0,0,100,0,100,0,0,3,,0,0,0,0,0,0,-41.8,0,100,0,100,0,0,0,0,0,0,0,0,-3,-3.024,-3.024,-1,-1,-1,0,-1,0.01,-1.01,-1,0
2022,618,Kenny Pickett,PIT,QB,1,14,BLT,0.9009009009009009,15.1,4,1,0,0,0,0,0,0,0,0,39.6,-3.5,0,1,25,7,2,16,0,2,16,0,0,0,0,0,0,0,0,0,0,0,0,0,0,0,0,3.8,2.95,5.3,5.35,0,100,25,25,86.1,0,0,0,0,0,0,0,0,0,0,1,0,-2.7,-0.674,-0.674,0.4,0.4,1.6,1.4,1.6,1.45,0.15,0,1.6
2022,619,Nick Mullens,MIN,QB,1,9,WAS,3.8461538461538463,1.5,1,1,1,100,-3,-3,0,0.04,0,0,79.2,-3,0,0,0,0,0,0,0,0,0,0,6.9,100,-6,-6,0,0,0,100,100,100,0,0,0,0,0,2.5,,0,0,0,0,0,0,-33.2,0,0,100,0,0,100,0,0,0,0,0,0,-1,-1.013,-1.013,-0.12,-0.12,-0.1,0.2,-0.12,0.24,-0.36,-0.1,0
2022,620,Bryce Perkins,LA,QB,1,10,ARZ,2.127659574468085,8.3,1,1,1,100,-3,-3,0,0,0,0,79.2,-3,0,0,0,0,0,0,0,3,4,0,5.9,100,-3,-3,0,0,0,100,100,100,0,0,0,0,0,1.1,,0,0,0,0,0,0,-9.1,0,100,0,0,100,0,0,0,0,0,0,0,-1.1,-1.12,-0.838,-0.12,0.07,0.3,1.9,0.28,1.93,-1.65,-0.1,0.4
Exported from Data Suite 2.0 by michaelgingrave (user 380) on 2026-09-09 23:11 UTC,,,,,,,,,,,,,,,,,,,,,,,,,,,,,,,,,,,,,,,,,,,,,,,,,,,,,,,,,,,,,,,,,,,,,,,,,,,,,,,