,Player Details,Player Details,Player Details,Player Details,Player Details,Splits,Splits,Splits,Overall,Overall,Overall,Overall,Overall,Overall,Overall,Overall,Man,Man,Man,Man,Man,Man,Man,Man,Zone,Zone,Zone,Zone,Zone,Zone,Zone,Zone,Single-High,Single-High,Single-High,Single-High,Single-High,Single-High,Single-High,Single-High,Two-High,Two-High,Two-High,Two-High,Two-High,Two-High,Two-High,Two-High
Season,Rank,Name,Team,POS,G,WEEK,OPP,DB %,DB,CMP %,YPA,TD,INT,RATE,EPA/DB,FP/DB,DB,CMP %,YPA,TD,INT,RATE,EPA/DB,FP/DB,DB,CMP %,YPA,TD,INT,RATE,EPA/DB,FP/DB,DB,CMP %,YPA,TD,INT,RATE,EPA/DB,FP/DB,DB,CMP %,YPA,TD,INT,RATE,EPA/DB,FP/DB
2024,,League Avg,,,,,,,31.67138364779874,65.3,7.13,1.2657232704402517,0.6053459119496856,92.3,0.053,0.44,8.981132075471699,56.6,6.87,0.5283018867924528,0.16823899371069181,91.3,0.035,0.52,21.33176100628931,70,7.5,0.4276729559748428,0.40408805031446543,90.3,0.059,0.37,16.721698113207548,63.9,7.51,0.5330188679245284,0.3081761006289308,90,0.06,0.43,14.94811320754717,66.8,6.72,0.7327044025157232,0.2971698113207547,94.9,0.045,0.47
2024,1,Jared Goff,DET,QB,1,15,BUF,10.95890410958904,64,64.4,8.37,5,0,118.9,0.351,0.64,11,54.5,6.09,2,0,112.5,0.813,0.97,49,70.5,9.61,3,0,123.6,0.293,0.62,25,79.2,12.21,4,0,157.1,0.775,1.11,39,54.3,5.74,1,0,80.8,0.08,0.34
2024,2,Kirk Cousins,ATL,QB,1,5,TB,12.8099173553719,62,72.4,8.78,4,1,114.8,0.353,0.57,7,42.9,8.71,1,0,113.7,0.172,0.92,52,79.2,9.08,2,1,109.7,0.324,0.47,28,69.2,8.73,1,0,109,0.352,0.47,34,75,8.81,3,1,119.5,0.354,0.66
2024,3,Geno Smith,SEA,QB,1,4,DET,9.509202453987731,62,67.9,7.05,1,1,86.5,0.043,0.34,18,47.1,5.47,1,1,59.2,-0.145,0.43,41,80.6,8.25,0,0,101,0.162,0.32,27,63,6.3,1,0,93.1,0.114,0.4,35,72.4,7.76,0,1,80.4,-0.012,0.3
2024,4,Jameis Winston,CLV,QB,1,13,DEN,18.902439024390244,62,58.6,8.57,4,3,88.1,-0.057,0.54,19,47.4,6.05,2,2,62.3,-0.452,0.56,43,64.1,9.79,2,1,102.7,0.118,0.53,30,58.6,6.76,2,2,73.3,-0.286,0.46,32,58.6,10.38,2,1,102.8,0.158,0.61
2024,5,Cooper Rush,DAL,QB,1,11,HST,18.76923076923077,61,58.2,6.44,1,1,75.9,-0.236,0.28,5,75,25.25,1,1,116.7,0.344,1.41,55,58,5.06,0,0,71.5,-0.237,0.19,11,33.3,11.78,1,1,76.4,-0.861,0.66,50,63,5.39,0,0,77.1,-0.099,0.2
2024,6,Joe Burrow,CIN,QB,1,10,BLT,8.310249307479225,60,60.7,7.64,4,0,108.3,0.216,0.56,18,27.8,2.56,0,0,39.6,-0.609,0.1,39,74.3,10.63,2,0,127.3,0.522,0.6,22,55,7.15,1,0,94.4,-0.147,0.47,38,63.9,7.92,3,0,116.1,0.427,0.62
2024,7,Joe Burrow,CIN,QB,1,17,DEN,8.033240997229916,58,79.6,8.41,3,0,122.1,0.3,0.53,34,74.2,7.68,2,0,117.4,0.375,0.59,23,88.2,9.53,0,0,106.4,0.106,0.28,27,78.3,8.91,0,0,103.8,0.399,0.37,31,80.8,7.96,3,0,138.3,0.214,0.67
2024,8,Aaron Rodgers,NYJ,QB,1,5,MIN,8.90625,57,53.7,4.52,2,3,54.9,-0.283,0.26,20,42.1,3.79,0,3,13.4,-0.842,-0.01,35,57.6,5.03,1,0,81.1,-0.002,0.3,23,52.4,4.81,1,0,81.6,-0.054,0.35,34,54.5,4.33,1,3,37.8,-0.439,0.2
2024,9,Jared Goff,DET,QB,1,2,TB,9.76027397260274,57,61.8,5.58,0,2,61.7,-0.239,0.19,7,71.4,13.71,0,0,113.7,0.721,0.55,48,63,4.59,0,2,55.6,-0.342,0.14,38,65.8,4.79,0,2,54.9,-0.464,0.14,19,52.9,7.35,0,0,76.8,0.212,0.29
2024,10,Jameis Winston,CLV,QB,1,9,LAC,17.073170731707318,56,56.5,5.11,1,3,50.5,-0.31,0.23,11,44.4,4.89,1,1,56.9,-0.163,0.55,44,61.1,5.31,0,1,63.5,-0.215,0.18,14,58.3,7.08,1,0,108,0.293,0.56,42,55.9,4.41,0,3,30.3,-0.511,0.12
2024,11,Deshaun Watson,CLV,QB,1,1,DAL,20.74074074074074,56,53.3,3.76,1,2,51.1,-0.35,0.23,9,28.6,2.29,1,0,79.2,-0.072,0.58,47,57.9,4.03,0,2,45.2,-0.404,0.16,27,38.1,2.33,1,2,22.6,-0.627,0.21,29,66.7,5,0,0,78.5,-0.093,0.24
2024,12,Drew Lock,NYG,QB,1,14,NO,27.586206896551722,56,42.9,4.63,0,1,48.6,-0.114,0.25,17,31.3,2.63,0,0,40.6,-0.537,0.11,38,50,5.78,0,1,54.8,0.078,0.32,24,31.6,2.68,0,0,40.9,-0.205,0.27,32,50,5.87,0,1,54.3,-0.045,0.23
2024,13,Jordan Love,GB,QB,1,4,MIN,12.416851441241686,56,59.3,7.2,4,3,83,-0.153,0.52,7,57.1,4,2,1,66.4,-0.966,1.16,49,59.6,7.68,2,2,80.2,-0.036,0.43,11,63.6,9.82,0,1,58.1,-0.325,0.3,45,58.1,6.53,4,2,89.4,-0.11,0.57
2024,14,Caleb Williams,CHI,QB,1,3,IND,8.235294117647058,56,63.5,6.98,2,2,80.8,-0.119,0.37,12,54.5,2.45,2,0,99.6,-0.12,0.76,39,63.9,7.28,0,2,62.5,-0.164,0.22,28,64,6.68,1,1,79.9,-0.314,0.35,28,63,7.26,1,1,81.7,0.077,0.39
2024,15,Dak Prescott,DAL,QB,1,3,BLT,17.57188498402556,55,54.9,7.43,2,0,91.9,0.06,0.43,17,50,7.81,1,0,97.1,0.123,0.53,38,57.1,7.26,1,0,89.5,0.032,0.39,25,54.2,7.54,1,0,92.5,0.261,0.45,30,55.6,7.33,1,0,91.3,-0.108,0.42
2024,16,Joe Burrow,CIN,QB,1,11,LAC,7.617728531855955,55,56,7.12,3,0,98.4,0.169,0.53,18,46.7,7.53,3,0,111.9,0.523,1,33,64.5,7.68,0,0,87.8,0.113,0.33,22,57.9,7.42,1,0,98.8,0.08,0.5,33,54.8,6.94,2,0,98.2,0.227,0.55
2024,17,Caleb Williams,CHI,QB,1,12,MIN,8.088235294117647,55,68.1,7.23,2,0,103.1,0.151,0.45,10,37.5,2.5,1,0,85.4,-0.275,0.64,40,74.3,8.29,0,0,98.5,0.139,0.32,23,63.2,8.84,0,0,91.6,0.045,0.35,32,71.4,6.14,2,0,111,0.227,0.52
2024,18,Kyler Murray,ARZ,QB,1,17,LA,8.823529411764707,54,68.8,6.69,1,2,76.8,0.049,0.3,14,58.3,5.5,1,1,66.7,-0.243,0.4,38,73.5,7.35,0,1,81.7,0.171,0.28,30,61.5,6.15,0,1,63,0.016,0.23,24,77.3,7.32,1,1,93.2,0.091,0.39
2024,19,Geno Smith,SEA,QB,1,6,SF,8.128834355828221,53,57.7,6,1,2,65.5,0.07,0.27,8,25,5.63,0,1,10.9,-0.299,0.1,39,71.1,6.79,0,1,78.6,0.131,0.24,20,65,6.55,0,1,62.7,-0.012,0.21,33,53.1,5.66,1,1,67.3,0.12,0.31
2024,20,Patrick Mahomes,KC,QB,1,13,LV,7.951070336391437,52,56.5,6.65,1,0,84.1,0.029,0.32,23,50,6,1,0,83.9,0.193,0.4,23,68.4,9,0,0,96.6,0.04,0.32,28,63,8.33,0,0,89.3,0.273,0.32,24,47.4,4.26,1,0,76.9,-0.255,0.32
2024,21,Lamar Jackson,BLT,QB,1,1,KC,9.576427255985267,52,63.4,6.66,1,0,90.8,0.005,0.43,16,50,4.17,0,0,61.1,-0.425,0.36,32,80,8.92,1,0,117.2,0.352,0.52,12,57.1,8.57,0,0,85.4,0.138,0.6,40,64.7,6.26,1,0,91.9,-0.035,0.38
2024,22,Baker Mayfield,TB,QB,1,7,BLT,7.975460122699387,52,68.9,8.22,3,2,97.5,0.152,0.52,14,66.7,8.83,0,0,94.4,0.245,0.34,31,74.1,9.04,2,1,110.7,0.343,0.56,35,65.5,8.07,0,1,75.9,0.067,0.3,17,75,8.5,3,1,113.5,0.327,0.97
2024,23,Tua Tagovailoa,MIA,QB,1,13,GB,12.177985948477751,52,80.4,7.93,2,0,114.2,0.231,0.45,3,50,4.5,0,0,62.5,-1.332,0.12,49,81.8,8.09,2,0,115.5,0.327,0.47,22,75,6.8,1,0,109.6,0.176,0.43,30,84.6,8.81,1,0,116.2,0.272,0.47
2024,24,Drake Maye,NE,QB,1,9,TEN,12.470023980815348,52,70.7,5.02,1,2,69.8,-0.027,0.38,3,100,13,0,0,118.8,0.682,1.04,46,73,5.08,0,2,61.5,-0.14,0.27,30,72.7,5.32,0,2,47,-0.275,0.3,22,68.4,4.68,1,0,96.2,0.311,0.49
2024,25,Aaron Rodgers,NYJ,QB,1,4,DEN,7.968749999999999,51,57.1,5.36,0,0,72,-0.314,0.21,22,58.8,4.29,0,0,69,-0.392,0.21,28,58.3,6.33,0,0,77.1,-0.224,0.22,26,60.9,4.91,0,0,73.3,-0.266,0.23,25,52.6,5.89,0,0,70.5,-0.363,0.2
2024,26,Matthew Stafford,LA,QB,1,1,DET,9.306569343065693,51,69.4,6.47,1,1,85.2,0.089,0.31,22,66.7,7.43,1,0,104.5,0.287,0.47,26,80,6.44,0,0,93.5,0.171,0.25,31,72.4,8.62,1,0,109.8,0.345,0.45,20,65,3.35,0,1,49.4,-0.307,0.08
2024,27,Geno Smith,SEA,QB,1,5,NYG,7.822085889570553,51,70,7.1,1,0,98.3,-0.108,0.44,13,44.4,2.11,0,0,51.6,-0.317,0.47,36,75.9,8.72,0,0,101.7,-0.123,0.33,34,63,6.59,0,0,82,-0.216,0.39,17,84.6,8.15,1,0,126.3,0.109,0.55
2024,28,Baker Mayfield,TB,QB,1,8,ATL,7.822085889570553,51,74,6.6,3,2,94.6,0.194,0.47,4,75,5.75,1,0,128.1,0.47,1.23,41,80,7.45,1,2,85.2,0.209,0.36,19,57.9,7.16,1,2,58.1,-0.018,0.39,32,83.9,6.26,2,0,114.2,0.321,0.52
2024,29,Kyler Murray,ARZ,QB,1,13,MIN,8.333333333333332,51,68.9,5.78,1,2,72.5,0.058,0.32,23,60,5.05,1,2,50.2,-0.069,0.32,26,78.3,6.39,0,0,93.3,0.173,0.31,34,71,5.74,0,2,58.3,0.093,0.22,17,64.3,5.86,1,0,103.9,-0.013,0.51
2024,30,Mac Jones,JAX,QB,1,15,NYJ,17.586206896551722,51,67.4,6.39,2,2,81.3,0.164,0.4,20,70,7.5,2,0,125,0.383,0.7,26,72.7,6.45,0,2,51.7,0.206,0.25,28,66.7,6.7,1,0,97.9,0.205,0.4,23,68.4,5.95,1,2,61.8,0.115,0.4
2024,31,Matthew Stafford,LA,QB,1,10,MIA,9.124087591240876,50,69.6,6.37,0,1,77.5,-0.14,0.21,10,44.4,7.33,0,1,30.1,-0.342,0.16,37,79.4,6.5,0,0,93.8,-0.065,0.24,22,61.9,7.38,0,1,64.6,-0.012,0.24,28,76,5.52,0,0,88.4,-0.241,0.2
2024,32,Jameis Winston,CLV,QB,1,11,NO,15.24390243902439,50,65.2,8.59,2,0,106.7,0.181,0.49,9,57.1,7.14,0,0,79.5,-0.013,0.31,38,72.2,9.58,2,0,120.7,0.264,0.57,17,66.7,12.4,1,0,131.5,0.626,0.72,33,64.5,6.74,1,0,94.7,-0.048,0.37
2024,33,Patrick Mahomes,KC,QB,1,9,TB,7.64525993883792,50,77.3,6.61,3,0,116.8,0.259,0.49,3,100,7,1,0,135.4,1.905,1.61,44,73.7,6.74,1,0,100.3,0.105,0.34,25,78.3,7.7,2,0,127.7,0.319,0.6,25,76.2,5.43,1,0,104.1,0.199,0.38
2024,34,Baker Mayfield,TB,QB,1,16,DAL,7.668711656441718,50,72.1,7.05,2,1,97.3,0.034,0.47,14,83.3,10.92,0,0,112.2,0.522,0.37,35,66.7,5.37,1,1,77.2,-0.228,0.39,23,80,8.4,1,0,118.3,-0.149,0.47,27,65.2,5.87,1,1,77.3,0.19,0.47
2024,35,Baker Mayfield,TB,QB,1,4,PHI,7.668711656441718,50,63.8,7.38,2,0,100.2,0.225,0.46,19,66.7,8.17,1,0,110.2,0.424,0.57,29,59.3,7.04,1,0,93.1,0.086,0.4,24,77.3,9.55,0,0,106.3,0.293,0.35,26,52,5.48,2,0,94.9,0.162,0.56
2024,36,Joe Burrow,CIN,QB,1,18,PIT,6.9252077562326875,50,80.4,6.02,1,1,89.9,-0.029,0.28,13,90.9,7.45,1,0,128,0.179,0.56,31,86.2,6.41,0,1,79,-0.02,0.21,21,88.9,7.17,1,1,91.9,-0.13,0.39,29,75,5.29,0,0,86.6,0.045,0.2
2024,37,Bryce Young,CAR,QB,1,13,TB,11.1358574610245,50,56.5,6.48,1,0,83.4,0.133,0.47,15,21.4,4,0,0,43.8,-0.374,0.16,34,74.2,7.81,1,0,107.2,0.41,0.62,38,52.9,5.5,1,0,78.9,0.01,0.5,12,66.7,9.25,0,0,96.2,0.524,0.37
2024,38,Caleb Williams,CHI,QB,1,9,ARZ,7.352941176470589,50,53.7,5.29,0,0,68.9,-0.261,0.19,15,25,4.5,0,0,45.8,-0.477,0.14,35,65.5,5.62,0,0,80.1,-0.168,0.2,27,50,6.3,0,0,70,-0.511,0.19,23,57.1,4.33,0,0,67.8,0.032,0.18
2024,39,Joe Flacco,IND,QB,1,5,JAX,18.21561338289963,49,75,8.16,3,0,121.3,0.266,0.58,18,64.3,10.5,1,0,123.2,0.388,0.67,26,84.6,8.12,1,0,113.3,0.199,0.48,22,58.8,12.59,1,0,122.8,0.343,0.67,27,85.2,5.37,2,0,113.7,0.204,0.51
2024,40,Patrick Mahomes,KC,QB,1,10,DEN,7.492354740061162,49,66.7,6.33,1,0,92,0.109,0.34,24,70,6.95,0,0,89.4,0.109,0.26,20,64.7,6.82,0,0,84.4,-0.003,0.3,28,64,6.84,0,0,83.9,0.083,0.24,21,70.6,5.59,1,0,103.8,0.144,0.46
2024,41,Daniel Jones,NYG,QB,1,1,MIN,12.727272727272727,49,52.4,4.43,0,2,44.3,-0.434,0.13,6,50,7.5,0,0,75,0,0.32,40,54.3,4.46,0,1,54,-0.403,0.14,8,71.4,6.14,0,0,87.2,-0.089,0.21,41,48.6,4.09,0,2,35.8,-0.501,0.12
2024,42,Dorian Thompson-Robinson,CLV,QB,1,17,MIA,37.121212121212125,49,51.1,3.62,0,1,50.8,-0.526,0.12,9,44.4,4.78,0,0,59,-0.447,0.19,39,54.1,3.43,0,1,50.2,-0.533,0.11,26,46.2,3.88,0,0,56.7,-0.151,0.16,23,57.1,3.29,0,1,43.6,-0.95,0.09
2024,43,Bo Nix,DEN,QB,1,1,SEA,7.644305772230889,49,61.9,3.29,0,2,47.5,-0.359,0.27,9,71.4,6.71,0,0,89.6,0.34,0.48,37,61.8,2.68,0,2,41.5,-0.568,0.06,25,76.2,4.1,0,0,82.6,-0.244,0.25,24,47.6,2.48,0,2,14.7,-0.478,0.29
2024,44,Matthew Stafford,LA,QB,1,5,GB,8.75912408759124,48,64.4,5.78,1,1,78,-0.187,0.28,17,42.9,5.29,1,1,53.9,-0.816,0.35,31,74.2,6,0,0,88.9,0.159,0.24,32,51.7,5.79,0,1,55,-0.407,0.18,16,87.5,5.75,1,0,111.5,0.254,0.48
2024,45,Russell Wilson,PIT,QB,1,17,KC,12.339331619537274,48,62.2,5.54,0,1,65.7,-0.215,0.39,11,62.5,5,0,0,75,-0.005,0.27,34,63,6,0,1,64.1,-0.261,0.28,13,80,11.7,0,0,115.4,0.141,0.36,35,55.6,3.26,0,1,46.5,-0.347,0.4
2024,46,Geno Smith,SEA,QB,1,2,NE,7.361963190184049,48,75,7.43,1,0,103.1,0.201,0.37,19,64.7,9.18,1,0,113.8,0.363,0.57,28,84.6,6.58,0,0,94.1,0.088,0.24,25,68.2,5.5,0,0,81.8,0.016,0.21,23,81.8,9.36,1,0,120.8,0.403,0.53
2024,47,Gardner Minshew,LV,QB,1,11,MIA,13.872832369942195,48,69.8,6.56,2,1,93.4,0.123,0.4,5,80,9.6,1,0,146.3,1.796,1.18,37,70.6,6.44,0,1,75.5,-0.063,0.23,14,69.2,8.92,0,0,97,0.636,0.33,34,70,5.53,2,1,91.8,-0.088,0.42
2024,48,Tyler Huntley,MIA,QB,1,18,NYJ,29.447852760736197,48,61,5.54,1,2,63.8,-0.185,0.26,12,50,4,1,2,54.2,0.162,0.38,33,67.9,6.75,0,0,86.8,-0.225,0.25,25,57.9,5.74,0,2,34.6,-0.177,0.16,23,63.6,5.36,1,0,92.6,-0.194,0.38
2024,49,Tua Tagovailoa,MIA,QB,1,14,NYJ,11.241217798594848,48,70.2,7.04,2,0,104.1,0.416,0.45,9,33.3,2,1,0,79.4,0.378,0.52,36,80,8.66,1,0,112.3,0.451,0.46,28,66.7,7.48,1,0,101.2,0.378,0.44,20,75,6.45,1,0,108.1,0.469,0.46
2024,50,Spencer Rattler,NO,QB,1,6,TB,18.181818181818183,48,55,6.08,1,2,60.7,-0.434,0.3,11,62.5,6.38,0,1,41.1,-0.096,0.24,35,51.6,6.16,1,1,68.1,-0.513,0.34,25,47.4,4.42,1,2,37.9,-0.511,0.32,23,61.9,7.57,0,0,85.2,-0.35,0.28
2024,51,Jayden Daniels,WAS,QB,1,17,ATL,8.013355592654424,48,66.7,6.31,3,1,100.1,0.227,0.57,15,60,4.4,3,0,110,0.521,1.13,31,72,7.32,0,1,75.9,0.105,0.31,31,61.9,6.62,1,1,77.3,0.077,0.41,17,73.3,5.87,2,0,127.2,0.5,0.86
2024,52,Caleb Williams,CHI,QB,1,13,DET,7.0588235294117645,48,51.3,6.56,3,0,97.8,0.031,0.54,27,45,6.35,2,0,99.4,-0.069,0.59,18,68.8,8.06,1,0,113.8,0.196,0.56,30,43.5,6.22,1,0,78.7,-0.157,0.43,18,62.5,7.06,2,0,123.2,0.344,0.73
2024,53,Caleb Williams,CHI,QB,1,2,HST,7.0588235294117645,48,62.2,4.7,0,2,51,-0.38,0.19,15,44.4,4.22,0,1,17.1,-0.836,0.19,31,70.4,5.04,0,1,66.3,-0.192,0.18,35,62.5,3.75,0,2,35.1,-0.502,0.17,13,61.5,6.46,0,0,80.3,-0.05,0.26
2024,54,Deshaun Watson,CLV,QB,1,3,NYG,17.40740740740741,47,56.8,5.3,2,0,89.5,-0.37,0.39,23,37.5,4.75,2,0,92.7,-0.596,0.54,24,71.4,5.71,0,0,85.4,-0.153,0.26,37,55.2,5.14,2,0,92.5,-0.347,0.45,10,62.5,5.88,0,0,78.6,-0.452,0.19
2024,55,Patrick Mahomes,KC,QB,1,12,CAR,7.186544342507645,47,73,7.27,3,0,120.2,0.281,0.61,13,80,5.3,1,0,122.1,0.287,0.58,31,75,8.88,1,0,115.5,0.295,0.55,27,65,6.15,1,0,98.5,-0.009,0.4,20,82.4,8.59,2,0,141.7,0.672,0.9
2024,56,Joshua Dobbs,SF,QB,1,18,ARZ,90.38461538461539,47,67.4,7.58,2,2,86,0.035,0.42,12,63.6,6.73,0,1,45.3,-0.283,0.16,32,72.4,8.48,1,1,94.9,0.105,0.43,24,78.3,8.91,1,0,118.3,0.297,0.51,23,55,6.05,1,2,50.2,-0.238,0.33
2024,57,Lamar Jackson,BLT,QB,1,5,CIN,8.655616942909761,47,61.9,8.29,4,0,119.9,0.444,0.69,11,63.6,10.64,1,0,129.7,1.007,0.79,33,58.6,7.86,1,0,95.2,0.245,0.46,25,68.2,10.45,1,0,117.6,0.605,0.6,22,55,5.9,3,0,112.1,0.262,0.8
2024,58,Geno Smith,SEA,QB,1,16,MIN,7.05521472392638,46,72.1,7.3,3,2,96.5,0.019,0.51,8,42.9,6.43,1,1,64.6,-0.267,0.6,37,77.1,7.57,1,1,95.5,0.01,0.39,16,66.7,6.33,0,1,56.3,-0.362,0.17,30,75,7.82,3,1,118,0.222,0.69
2024,59,Gardner Minshew,LV,QB,1,12,DEN,13.294797687861271,46,59.5,5.48,1,1,72.5,-0.276,0.28,17,60,5,1,0,95.1,-0.108,0.44,27,64,6.2,0,1,64.6,-0.39,0.19,19,64.7,6.88,0,0,84.7,-0.039,0.27,27,56,4.52,1,1,64.3,-0.443,0.28
2024,60,Joe Burrow,CIN,QB,1,14,DAL,6.3711911357340725,46,75,8.39,3,1,112.8,0.23,0.56,14,75,7.33,0,0,95.1,-0.018,0.25,32,75,8.78,3,1,119.4,0.338,0.7,28,75,8.64,3,0,136.3,0.317,0.77,18,75,7.94,0,1,71.6,0.094,0.23
2024,61,Brock Purdy,SF,QB,1,16,MIA,8.679245283018867,46,65,7.83,2,1,95.1,0.125,0.48,10,77.8,7.89,1,0,136.6,0.195,0.68,30,69.2,9.23,0,1,82.2,0.233,0.37,16,92.3,12.54,0,0,118.8,0.517,0.51,30,51.9,5.56,2,1,77.7,-0.085,0.46
2024,62,Jayden Daniels,WAS,QB,1,16,PHI,7.6794657762938225,46,61.5,6.62,5,2,99.1,0.186,0.72,18,43.8,10.63,2,1,96.4,0.421,0.82,23,77.8,3.83,0,1,59.5,-0.274,0.25,22,50,9.5,2,2,77.1,0.235,0.66,24,73.7,3.58,3,0,118,0.142,0.78
2024,63,Jayden Daniels,WAS,QB,1,8,CHI,7.6794657762938225,46,55.3,8.58,1,0,92.7,0.261,0.47,8,25,1.5,0,0,39.6,-0.808,0.13,32,60.7,8.71,0,0,89,0.414,0.43,33,56,10.44,1,0,105.6,0.388,0.58,13,53.8,5,0,0,67.8,-0.061,0.2
2024,64,Caleb Williams,CHI,QB,1,16,DET,6.764705882352941,46,65,8.35,2,0,107.7,0.274,0.54,16,46.7,8.4,0,0,76,0.081,0.32,29,75,8.63,1,0,114.4,0.344,0.54,20,58.8,7.65,0,0,83,0.46,0.29,26,69.6,8.87,2,0,126,0.13,0.73
2024,65,Jimmy Garoppolo,LA,QB,1,18,SEA,100,45,65.9,8.15,2,1,97,0.067,0.46,18,66.7,8,1,0,109.5,0.23,0.54,26,63.6,8.36,0,1,71,-0.138,0.26,18,70.6,10.53,1,0,124.4,0.496,0.62,27,62.5,6.46,1,1,77.6,-0.219,0.36
2024,66,Jameis Winston,CLV,QB,1,14,PIT,13.719512195121952,45,58.5,5.17,2,2,68.3,-0.218,0.33,18,43.8,4.5,1,1,52.1,-0.52,0.35,27,68,5.6,1,1,78.8,-0.016,0.32,24,65.2,6.39,2,2,75.8,-0.046,0.49,21,50,3.61,0,0,58.8,-0.414,0.15
2024,67,Dak Prescott,DAL,QB,1,5,PIT,14.376996805111823,45,69,8.38,2,2,90.6,0.243,0.45,8,57.1,9.14,0,0,87.8,-0.14,0.32,34,72.7,8.61,1,2,83.4,0.261,0.39,28,63,6.67,1,2,63.8,-0.079,0.33,17,80,11.47,1,0,136.7,0.774,0.66
2024,68,Patrick Mahomes,KC,QB,1,16,HST,6.8807339449541285,45,68.3,6.34,1,0,93.5,0.295,0.53,20,61.1,8.17,0,0,87,0.368,0.35,25,73.9,4.91,1,0,98.6,0.237,0.67,31,67.9,7.46,1,0,101.6,0.363,0.46,14,69.2,3.92,0,0,76.1,0.145,0.68
2024,69,Josh Allen,BUF,QB,1,11,KC,8.333333333333332,45,67.5,6.55,1,1,83.5,0.226,0.53,16,66.7,7.73,1,0,112.1,0.705,0.6,29,68,5.84,0,1,66.4,-0.038,0.5,22,52.6,4.84,0,1,44.2,0.075,0.57,23,81,8.1,1,0,116.3,0.37,0.5
2024,70,Sam Darnold,MIN,QB,1,18,DET,7.246376811594203,45,43.9,4.05,0,0,55.5,-0.533,0.17,30,42.9,4.68,0,0,57.3,-0.41,0.2,13,45.5,2.91,0,0,52.5,-0.73,0.11,18,33.3,3.33,0,0,43.8,-0.604,0.17,27,50,4.46,0,0,62.3,-0.486,0.17
2024,71,Daniel Jones,NYG,QB,1,6,CIN,11.688311688311687,45,53.7,5,0,1,57.5,-0.321,0.19,12,27.3,1.55,0,0,39.6,-0.566,0.09,31,67.9,6.71,0,1,71.7,-0.196,0.24,27,50,4.54,0,0,62.7,-0.308,0.21,18,58.8,5.65,0,1,50.1,-0.34,0.16
2024,72,Jalen Hurts,PHI,QB,1,3,NO,10.273972602739725,45,76.3,8.18,0,1,88.8,-0.081,0.33,17,64.3,8.14,0,0,89.6,0.025,0.3,27,87,8.57,0,0,102.4,0.032,0.39,17,64.3,11.5,0,0,103.6,0.304,0.41,28,83.3,6.25,0,1,75.3,-0.314,0.27
2024,73,Desmond Ridder,LV,QB,1,15,ATL,44.554455445544555,45,59,5.33,1,2,60.6,-0.119,0.29,7,50,6.33,1,0,109.7,0.392,0.95,36,64.5,5.48,0,1,65.3,-0.18,0.21,16,57.1,6.43,0,1,46.7,-0.031,0.23,29,60,4.72,1,1,68.4,-0.168,0.32
2024,74,C.J. Stroud,HST,QB,1,4,JAX,7.246376811594203,45,67.5,8.63,2,0,110.9,0.326,0.52,4,75,3.25,1,0,117.7,0.013,1.13,38,66.7,9.79,0,0,98.4,0.283,0.38,9,57.1,6.71,1,0,117.3,0.279,0.66,36,69.7,9.03,1,0,107.9,0.338,0.49
2024,75,C.J. Stroud,HST,QB,1,9,NYJ,7.246376811594203,45,36.7,6.37,0,0,59.2,-0.147,0.3,13,22.2,5,0,0,47.9,-0.636,0.14,28,47.4,7.68,0,0,73.6,0.229,0.4,23,37.5,7.25,0,0,63.5,-0.085,0.35,22,35.7,5.36,0,0,54.2,-0.213,0.25
2024,76,Spencer Rattler,NO,QB,1,18,TB,17.045454545454543,45,61.9,5.71,1,0,85.4,0.023,0.33,12,54.5,6.82,0,0,75.9,0.083,0.25,33,64.5,5.32,1,0,88.8,0.001,0.35,23,63.6,6.59,1,0,97.7,0.051,0.43,22,60,4.75,0,0,71.9,-0.006,0.22
2024,77,Drake Maye,NE,QB,1,11,LA,10.79136690647482,45,74.4,7.23,2,1,100.6,0.287,0.47,20,64.7,4.88,1,0,96,0.025,0.4,24,81.8,9.05,1,1,100.6,0.504,0.52,28,79.2,7.92,1,0,113.5,0.32,0.44,17,66.7,6.13,1,1,77.6,0.232,0.52
2024,78,Drake Maye,NE,QB,1,12,MIA,10.79136690647482,45,59.5,6,1,1,74.4,-0.245,0.32,7,33.3,2.83,0,0,42.4,-1.482,0.1,38,64.5,6.61,1,1,80.7,-0.017,0.37,24,55.6,3.39,0,1,39.4,-0.808,0.14,21,63.2,8.47,1,0,107.6,0.399,0.54
2024,79,Jayden Daniels,WAS,QB,1,15,NO,7.512520868113523,45,80.6,7.29,2,0,118.5,0.158,0.48,11,85.7,7.43,1,0,137.2,-0.062,0.57,34,79.2,7.25,1,0,110.8,0.229,0.45,17,90,8.4,0,0,101.7,0.259,0.36,28,76.2,6.76,2,0,125.5,0.096,0.55
2024,80,Aaron Rodgers,NYJ,QB,1,16,LA,6.875000000000001,44,66.7,6.1,1,0,91,0.057,0.34,9,50,4.25,0,0,61.5,0.148,0.22,33,71.9,6.75,1,0,100.5,0.05,0.38,23,61.9,6,1,0,94.5,0.091,0.42,21,71.4,6.19,0,0,87.4,0.02,0.25
2024,81,Matthew Stafford,LA,QB,1,9,SEA,8.02919708029197,44,56.8,6.77,2,1,83.3,0.088,0.43,22,40.9,4.45,2,1,66.1,-0.268,0.5,22,72.7,9.09,0,0,100.6,0.445,0.36,24,45.8,4.13,0,1,40.1,-0.28,0.12,20,70,9.95,2,0,135.2,0.53,0.8
2024,82,Patrick Mahomes,KC,QB,1,5,NO,6.727828746177369,44,71.8,8.49,0,1,86.6,0.167,0.34,6,50,12.5,0,1,56.3,-0.863,0.33,34,82.8,8.72,0,0,103,0.429,0.37,18,76.5,10.53,0,0,109.7,0.379,0.4,26,68.2,6.91,0,1,68.8,0.02,0.29
2024,83,Mason Rudolph,TEN,QB,1,7,BUF,17.46031746031746,44,62.5,5.38,1,1,74.5,-0.064,0.28,12,40,4.7,0,1,15.4,-0.606,0.14,29,70.4,5.15,0,0,82.2,0.078,0.19,28,60,5.96,0,1,60.3,-0.169,0.21,16,66.7,4.4,1,0,98.2,0.119,0.42
2024,84,Lamar Jackson,BLT,QB,1,13,PHI,8.103130755064457,44,63.9,6.58,2,0,101.3,0.08,0.57,6,40,2.8,0,0,47.9,-0.984,0.09,37,66.7,7.07,1,0,98.2,0.139,0.54,25,56.5,6.09,1,0,89,-0.26,0.38,19,76.9,7.46,1,0,122.9,0.529,0.8
2024,85,Sam Darnold,MIN,QB,1,17,GB,7.085346215780998,44,76.7,8.77,3,1,116.1,0.277,0.59,7,85.7,6.14,0,0,92.3,0.316,0.25,36,74.3,9.46,3,1,120.1,0.294,0.67,24,65.2,5.91,1,1,77.4,-0.106,0.35,20,90,12.05,2,0,150.2,0.737,0.88
2024,86,Justin Herbert,LAC,QB,1,12,BLT,7.638888888888889,44,58.3,6.06,0,0,75.9,0.004,0.4,19,41.2,4.76,0,0,56.3,-0.303,0.17,24,73.7,7.21,0,0,93.5,0.19,0.33,29,56,6.48,0,0,75.8,0.019,0.26,15,63.6,5.09,0,0,76.3,-0.026,0.66
2024,87,Justin Herbert,LAC,QB,1,7,ARZ,7.638888888888889,44,69.2,8.95,0,0,97.1,0.141,0.34,6,33.3,3.83,0,0,45.8,-0.171,0.15,35,80.6,10.52,0,0,110.5,0.249,0.4,21,76.2,9.86,0,0,106.6,0.122,0.39,23,61.1,7.89,0,0,85.9,0.159,0.28
2024,88,Joe Burrow,CIN,QB,1,13,PIT,6.094182825484765,44,73.7,8.13,3,1,112.7,-0.031,0.55,14,50,3.75,2,1,64.2,-0.755,0.63,29,84,10.4,0,0,110,0.264,0.39,28,66.7,6.67,0,1,68.1,-0.298,0.2,16,85.7,10.64,3,0,150.6,0.436,1.17
2024,89,Brock Purdy,SF,QB,1,2,MIN,8.30188679245283,44,77.8,8.86,1,1,101.3,-0.023,0.39,10,66.7,7.22,0,0,87.7,0.07,0.26,33,80.8,9.5,0,1,90.2,-0.114,0.31,12,80,11.1,0,0,112.9,0.467,0.37,32,76.9,8,1,1,96.3,-0.207,0.39
2024,90,Will Levis,TEN,QB,1,3,GB,12.154696132596685,44,76.5,7.65,2,2,92.8,-0.404,0.4,7,100,9,1,0,143.8,-0.526,0.77,36,73.3,7.73,0,2,67.6,-0.405,0.22,25,66.7,6.83,1,2,65,-0.657,0.32,19,87.5,8.56,1,0,123.2,-0.072,0.5
2024,91,Spencer Rattler,NO,QB,1,7,DEN,16.666666666666664,44,71.4,4.91,0,0,82.1,-0.61,0.23,9,50,2.75,0,0,56.3,-0.011,0.41,35,77.8,5.56,0,0,89.8,-0.764,0.19,24,65,4.5,0,0,75,-0.433,0.27,20,80,5.47,0,0,89.4,-0.824,0.19
2024,92,Bo Nix,DEN,QB,1,12,LV,6.86427457098284,44,59.5,6.5,2,0,94.6,0.194,0.44,16,37.5,5.19,0,0,54.9,0.044,0.21,27,72,7.52,1,0,106.8,0.258,0.45,29,64.3,7.04,1,0,96.9,0.292,0.43,15,50,5.43,1,0,90.2,0.004,0.47
2024,93,Bo Nix,DEN,QB,1,16,LAC,6.86427457098284,44,72.5,6.58,2,0,106.6,0.233,0.48,5,100,17.4,0,0,118.8,1.189,0.7,36,68.8,5.28,0,0,81.4,0.064,0.26,22,77.8,8.72,0,0,103,0.215,0.4,22,68.2,4.82,2,0,109.3,0.25,0.56
2024,94,Jayden Daniels,WAS,QB,1,12,DAL,7.345575959933222,44,65.8,7.24,2,2,82.7,-0.224,0.44,10,25,1.25,1,0,79.2,-0.874,0.46,31,81.5,9.59,1,1,103.5,0.01,0.51,24,57.1,7.95,1,2,59.1,-0.59,0.37,20,76.5,6.35,1,0,111.9,0.216,0.53
2024,95,Joe Flacco,IND,QB,1,18,JAX,15.985130111524162,43,57.5,6.6,1,0,85.8,-0.086,0.34,16,35.7,4.14,0,0,49.1,-0.459,0.14,27,69.2,7.92,1,0,105.6,0.135,0.45,14,41.7,6.75,0,0,64.9,-0.303,0.23,29,64.3,6.54,1,0,94.8,0.019,0.39
2024,96,Geno Smith,SEA,QB,1,9,LA,6.595092024539877,43,61.8,10.68,3,3,90.7,-0.121,0.58,9,62.5,10.75,0,1,59.4,-0.189,0.27,33,64,11.08,3,1,124.5,0.274,0.71,31,64,10.2,2,0,124.6,0.383,0.63,12,55.6,12,1,3,95.8,-1.425,0.44
2024,97,Jameis Winston,CLV,QB,1,8,BLT,13.109756097560975,43,65.9,8.15,3,0,115.3,0.299,0.59,16,75,10.69,2,0,148.7,0.879,0.93,27,60,6.52,1,0,92.6,-0.045,0.39,31,66.7,8.63,2,0,115.8,0.294,0.59,12,63.6,6.82,1,0,113.8,0.311,0.58
2024,98,Dak Prescott,DAL,QB,1,2,NO,13.738019169329075,43,69.2,7.51,1,2,78.3,-0.186,0.34,10,40,12.7,1,2,81.3,-0.7,0.71,31,82.1,5.93,0,0,91.4,0.019,0.24,23,63.6,7.5,0,2,48.5,-0.431,0.2,20,76.5,7.53,1,0,116.8,0.096,0.5
2024,99,Jared Goff,DET,QB,1,14,GB,7.363013698630137,43,78,6.9,3,1,109.7,0.292,0.54,9,66.7,2.89,3,0,109.7,0.952,1.45,34,81.3,8.03,0,1,87.1,0.117,0.3,17,58.8,6.76,1,0,98.9,0.49,0.51,26,91.7,7,2,1,106.3,0.163,0.56
2024,100,Lamar Jackson,BLT,QB,1,8,CLV,7.918968692449356,43,60.5,7.61,2,0,101.8,0.234,0.53,14,60,8.1,1,0,119.2,0.081,0.67,27,65.4,8,1,0,102.7,0.339,0.5,26,71.4,7.76,1,0,109.8,0.231,0.54,17,47.1,7.41,1,0,91.8,0.239,0.53
2024,101,Kyler Murray,ARZ,QB,1,12,SEA,7.026143790849673,43,64.9,7.7,0,1,77,-0.129,0.26,11,63.6,8.45,0,1,52.5,-0.23,0.25,29,66.7,7.79,0,0,90.1,-0.054,0.26,18,69.2,9.38,0,0,98.9,-0.02,0.27,25,62.5,6.79,0,1,65.1,-0.207,0.24
2024,102,Gardner Minshew,LV,QB,1,2,BLT,12.427745664739884,43,78.9,7.26,1,1,94.7,-0.056,0.33,7,33.3,1.5,1,0,81.9,-0.781,0.62,34,90.3,8.61,0,1,89.1,0.17,0.28,19,70.6,6.65,0,1,64.1,-0.317,0.19,24,85.7,7.76,1,0,114.9,0.15,0.44
2024,103,Daniel Jones,NYG,QB,1,8,PIT,11.168831168831169,43,63.2,6.95,0,1,72.7,-0.015,0.22,14,50,8.42,0,0,78.8,-0.19,0.29,29,69.2,6.27,0,1,69.9,0.069,0.19,29,63,7.11,0,0,84.2,0.227,0.26,14,63.6,6.55,0,1,44.5,-0.517,0.14
2024,104,Tua Tagovailoa,MIA,QB,1,15,HST,10.070257611241217,43,72.5,4.9,1,3,60,-0.206,0.21,10,50,3.8,0,2,20,-0.756,-0.05,33,80,5.27,1,1,85.8,-0.039,0.28,22,61.9,4.52,1,2,48.8,-0.196,0.26,21,84.2,5.32,0,1,66.9,-0.217,0.14
2024,105,Joe Burrow,CIN,QB,1,5,BLT,5.955678670360111,43,76.9,10.05,5,1,137,0.538,0.81,13,83.3,10.83,2,1,116.7,0.959,0.95,28,72,10,2,0,130.4,0.296,0.64,24,75,13.05,2,1,129.2,0.398,0.73,19,78.9,6.89,3,0,135,0.715,0.91
2024,106,Trevor Lawrence,JAX,QB,1,3,BUF,13.65079365079365,43,55.3,4.68,1,1,65.5,-0.403,0.24,6,50,3.5,0,0,58.3,-0.413,0.14,35,60,5.23,1,1,71.1,-0.381,0.27,20,64.7,5.47,1,0,98.4,-0.364,0.39,23,47.6,4.05,0,1,38.8,-0.437,0.11
2024,107,Tanner McKee,PHI,QB,1,18,NYG,91.48936170212765,43,65.9,6.56,2,0,100.6,0.175,0.44,17,58.8,6.12,0,0,76.6,0.41,0.24,24,68.2,7,1,0,103.2,-0.018,0.42,37,68.6,6.89,2,0,107,0.296,0.48,6,50,4.67,0,0,63.2,-0.571,0.19
2024,108,C.J. Stroud,HST,QB,1,16,KC,6.924315619967794,43,59,6.26,2,2,73,0.147,0.42,12,58.3,10.58,2,1,99.7,0.747,1.01,28,64,4.68,0,1,58.3,-0.014,0.21,19,70.6,8.06,1,0,114.1,0.429,0.62,24,50,4.86,1,2,41.3,-0.077,0.26
2024,109,Anthony Richardson,IND,QB,1,15,DEN,14.381270903010032,43,44.7,4.53,0,2,36.3,-0.493,0.15,17,50,5.14,0,0,65.2,-0.566,0.2,26,41.7,4.17,0,2,19.4,-0.445,0.11,21,52.9,6.88,0,0,74.9,-0.284,0.28,22,38.1,2.62,0,2,6.7,-0.692,0.02
2024,110,Aaron Rodgers,NYJ,QB,1,13,SEA,6.5625,42,53.8,4.74,2,1,73.1,-0.308,0.36,14,53.8,4.54,1,1,59.5,-0.79,0.43,24,59.1,5.36,0,0,73.7,-0.057,0.2,18,70.6,5.47,0,1,59.2,-0.612,0.15,24,40.9,4.18,2,0,83.9,-0.08,0.52
2024,111,Aaron Rodgers,NYJ,QB,1,14,MIA,6.5625,42,69.2,8.69,1,0,104.5,0.352,0.42,11,70,10.1,1,0,135.8,0.882,0.73,29,70.4,8.37,0,0,95.6,0.234,0.31,16,66.7,9.53,0,0,97.4,0.388,0.36,26,70.8,8.17,1,0,109,0.33,0.46
2024,112,Matthew Stafford,LA,QB,1,12,PHI,7.664233576642336,42,66.7,6.75,2,0,104.3,0.141,0.46,12,45.5,4.64,0,0,59.3,-0.045,0.29,27,78.3,8.26,1,0,115.6,0.244,0.43,28,62.5,6.79,1,0,96.4,0.097,0.43,14,75,6.67,1,0,120.1,0.23,0.51
2024,113,Andy Dalton,CAR,QB,1,4,CIN,24.277456647398843,42,62.5,5.5,2,1,83.3,0.069,0.4,15,73.3,7.73,1,0,117.6,0.82,0.58,26,54.2,4.13,1,1,60.9,-0.367,0.31,27,68,7,2,0,114.6,0.426,0.59,15,53.3,3,0,1,31.3,-0.576,0.05
2024,114,Deshaun Watson,CLV,QB,1,4,LV,15.555555555555555,42,75,5.5,1,1,84.9,-0.171,0.32,5,66.7,4,1,0,113.9,-0.323,0.9,36,75,5.61,0,1,73.1,-0.165,0.24,14,80,5.1,0,0,87.9,-0.364,0.19,28,72.7,5.68,1,1,82.6,-0.074,0.38
2024,115,Patrick Mahomes,KC,QB,1,14,LAC,6.422018348623854,42,64.9,5.68,1,0,88.8,0.062,0.34,11,33.3,3,0,0,42.4,-0.362,0.19,30,74.1,6.44,0,0,90.7,0.143,0.26,25,61.9,5.67,0,0,77.3,-0.003,0.27,17,68.8,5.69,1,0,103.9,0.159,0.45
2024,116,Patrick Mahomes,KC,QB,1,3,ATL,6.422018348623854,42,66.7,5.56,2,1,87.2,0.119,0.44,11,44.4,5.44,2,0,101.4,0.414,1.04,30,75.9,5.79,0,1,75.1,0.077,0.24,27,66.7,5.75,2,1,92,0.208,0.57,15,66.7,5.27,0,0,79.6,-0.042,0.21
2024,117,Patrick Mahomes,KC,QB,1,8,LV,6.422018348623854,42,71.1,6.89,2,1,96.6,0.322,0.46,11,50,5.3,1,0,99.2,0.496,0.68,28,80,8.08,0,1,83.7,0.214,0.27,24,72.7,7.82,1,0,110.4,0.432,0.48,18,68.8,5.63,1,1,77.6,0.174,0.44
2024,118,Mason Rudolph,TEN,QB,1,8,DET,16.666666666666664,42,57.9,7,1,2,66.3,-0.313,0.51,26,59.1,7.55,1,0,97.9,-0.058,0.74,16,56.3,6.25,0,2,35.4,-0.726,0.13,26,60,7.36,0,1,66.1,-0.366,0.24,16,53.8,6.31,1,1,66.8,-0.227,0.94
2024,119,Sam Darnold,MIN,QB,1,10,JAX,6.763285024154589,42,63.2,6.34,0,3,48.2,0.004,0.22,10,77.8,10,0,1,68.8,0.327,0.37,30,63,5.59,0,1,62.4,0.107,0.22,4,50,6,0,1,29.2,-0.541,-0.01,38,64.7,6.38,0,2,58.1,0.062,0.25
2024,120,Sam Darnold,MIN,QB,1,15,CHI,6.763285024154589,42,60,5.78,1,1,74.1,0.069,0.29,4,66.7,6.67,0,0,85.4,0.324,0.2,35,61.8,6,0,1,66.3,0.03,0.2,15,53.8,6.69,0,0,74.8,-0.038,0.23,27,63,5.33,1,1,73.7,0.128,0.32
2024,121,Kyler Murray,ARZ,QB,1,14,SEA,6.862745098039216,42,65.8,6.82,2,2,80.9,-0.1,0.43,10,44.4,7.78,2,1,71.5,0.244,1.01,29,77.8,7,0,1,80.4,-0.066,0.27,16,57.1,6.29,1,2,60.1,-0.532,0.45,26,70.8,7.13,1,0,104.7,0.165,0.42
2024,122,Drew Lock,NYG,QB,1,16,ATL,20.689655172413794,42,56.4,5.38,1,2,58.7,-0.511,0.25,11,30,2.9,0,0,39.6,-0.438,0.11,28,69.2,6.88,0,2,56.4,-0.553,0.18,20,52.6,5.95,0,2,31.1,-0.795,0.13,22,60,4.85,1,0,89,-0.253,0.36
2024,123,Tua Tagovailoa,MIA,QB,1,12,NE,9.836065573770492,42,72.5,7.92,4,0,128.9,0.311,0.68,16,62.5,7.44,2,0,124.7,0.285,0.8,24,81.8,8.68,1,0,118,0.248,0.49,21,61.9,6.48,1,0,96.5,0.062,0.45,21,84.2,9.53,3,0,145.9,0.56,0.92
2024,124,Justin Herbert,LAC,QB,1,11,CIN,7.291666666666667,42,47.2,8.25,2,0,94.3,0.042,0.63,11,33.3,5.44,0,0,52.5,-0.309,0.45,28,58.3,10.33,2,0,121.5,0.241,0.77,21,55,10.8,2,0,126.3,0.436,0.94,21,37.5,5.06,0,0,54.4,-0.351,0.33
2024,125,Justin Fields,PIT,QB,1,4,IND,21.428571428571427,42,64.7,9.18,1,0,104,0.04,0.72,4,25,5,0,0,47.9,-0.3,0.2,32,76.9,10.92,0,0,111.7,-0.068,0.38,22,72.2,9.72,0,0,102.8,-0.436,0.36,20,56.3,8.56,1,0,105.5,0.564,1.11
2024,126,Brock Purdy,SF,QB,1,10,TB,7.9245283018867925,42,69.4,9.81,2,0,119.3,0.443,0.57,10,100,17,0,0,118.8,1.024,0.66,30,64,8,2,0,115.4,0.284,0.58,33,74.1,11.48,2,0,136.3,0.544,0.67,9,55.6,4.78,0,0,68.3,0.076,0.19
2024,127,Dorian Thompson-Robinson,CLV,QB,1,16,CIN,31.818181818181817,42,58.8,4.62,0,2,45.8,-0.367,0.16,10,37.5,3.63,0,2,8.9,-0.335,0.11,30,70.8,5.33,0,0,83.3,-0.261,0.18,21,50,4,0,1,34.4,-0.226,0.18,21,66.7,5.17,0,1,56,-0.508,0.13
2024,128,C.J. Stroud,HST,QB,1,5,BUF,6.763285024154589,42,73.7,8.71,1,1,97.6,0.167,0.45,10,80,11.6,0,0,115,0.798,0.46,31,70.4,7.78,1,1,90,-0.064,0.45,22,77.8,10.11,0,0,108.8,0.314,0.45,20,70,7.45,1,1,87.3,0.006,0.45
2024,129,Drake Maye,NE,QB,1,6,HST,10.071942446043165,42,60.6,7.36,3,2,88.3,-0.263,0.56,10,50,10.5,2,1,87.5,0.125,1.12,31,68.2,6.27,1,1,81.3,-0.39,0.4,27,58.3,6.67,3,2,83.3,-0.464,0.66,15,66.7,9.22,0,0,96.1,0.098,0.37
2024,130,Drake Maye,NE,QB,1,7,JAX,10.071942446043165,42,70.3,7.46,2,0,109.7,0.216,0.5,17,53.3,5.33,1,0,91,0.02,0.42,25,81.8,8.91,1,0,118.9,0.349,0.55,17,61.5,7.23,1,0,109.1,0.238,0.56,25,75,7.58,1,0,110.1,0.2,0.46
2024,131,Jayden Daniels,WAS,QB,1,6,BLT,7.0116861435726205,42,68.6,7.69,2,0,110.3,0.252,0.5,14,72.7,9,2,0,139.8,0.633,0.92,28,66.7,7.08,0,0,87.2,0.061,0.29,25,73.7,7.95,0,0,96.6,0.093,0.33,17,62.5,7.38,2,0,124.5,0.485,0.75
2024,132,Russell Wilson,PIT,QB,1,11,BLT,10.539845758354756,41,63.9,5.69,0,1,67.5,-0.302,0.18,11,50,8.38,0,0,78.6,-0.251,0.27,28,73.1,5.31,0,0,85.1,-0.13,0.2,21,58.8,6.82,0,0,79.5,-0.115,0.24,20,68.4,4.68,0,1,56.7,-0.498,0.13
2024,133,Russell Wilson,PIT,QB,1,13,CIN,10.539845758354756,41,76.3,10.89,3,1,126.4,0.377,0.68,12,63.6,14.73,2,1,108.9,0.335,1.17,27,80.8,9.46,1,0,118.9,0.473,0.51,13,66.7,13.17,1,0,137.5,0.662,0.79,28,80.8,9.85,2,1,117.3,0.244,0.63
2024,134,Kirk Cousins,ATL,QB,1,10,NO,8.47107438016529,41,60.5,8.05,0,1,75.1,-0.03,0.27,10,60,11.2,0,1,59.2,0.415,0.35,27,64,7.04,0,0,84.8,-0.097,0.26,20,52.6,8.84,0,1,60.9,0.085,0.29,21,68.4,7.26,0,0,89.4,-0.14,0.26
2024,135,Josh Allen,BUF,QB,1,10,IND,7.592592592592593,41,59.5,7.57,0,2,60.6,-0.113,0.28,4,25,1.5,0,0,39.6,-0.526,0.06,35,65.6,8.56,0,2,66.4,-0.02,0.32,19,66.7,10.22,0,1,77.1,-0.013,0.33,22,52.6,5.05,0,1,45.1,-0.2,0.23
2024,136,Josh Allen,BUF,QB,1,14,LA,7.592592592592593,41,59.5,9.24,3,0,117.2,0.581,0.81,7,20,4.2,1,0,84.2,0.806,1.41,34,65.6,10.03,2,0,119.4,0.535,0.69,24,57.1,9.81,3,0,130.2,0.749,1.12,17,62.5,8.5,0,0,89.6,0.345,0.37
2024,137,Josh Allen,BUF,QB,1,9,MIA,7.592592592592593,41,64.1,6.03,3,1,95.6,0.235,0.53,12,54.5,8.27,3,1,83.7,0.256,1.22,25,75,5.83,0,0,88.9,0.307,0.28,25,69.6,7.78,1,0,107,0.357,0.5,16,56.3,3.5,2,1,77.1,0.044,0.58
2024,138,Kyler Murray,ARZ,QB,1,16,CAR,6.699346405228758,41,62.5,6.31,1,1,77.9,0.132,0.38,14,50,6.08,0,0,69.1,-0.036,0.24,26,68.4,6.74,0,1,65.2,0.161,0.3,28,63.6,7,0,0,84.3,0.199,0.33,13,60,4.8,1,1,65.8,-0.012,0.47
2024,139,Drew Lock,NYG,QB,1,13,DAL,20.19704433497537,41,65.6,5.56,0,1,66.9,-0.324,0.43,11,70,7.2,0,1,50.8,-0.267,0.43,30,63.6,4.82,0,0,75.2,-0.344,0.44,23,65,4.45,0,1,54,-0.515,0.23,18,66.7,7.42,0,0,88.5,-0.078,0.69
2024,140,Daniel Jones,NYG,QB,1,10,CAR,10.649350649350648,41,59.5,5.14,0,2,50.5,-0.231,0.16,11,40,2.5,0,2,8.3,-0.978,-0.09,28,69.2,6.35,0,0,86.2,0.056,0.26,21,50,4.61,0,1,39.8,-0.375,0.16,20,68.4,5.63,0,1,60.6,-0.08,0.16
2024,141,Daniel Jones,NYG,QB,1,4,DAL,10.649350649350648,41,72.5,7.03,0,1,81.4,0.108,0.25,8,57.1,3.71,0,0,65.2,-0.076,0.13,31,77.4,8.06,0,0,100.2,0.211,0.32,25,72,7.4,0,1,76.3,0.327,0.26,16,73.3,6.4,0,0,89.9,-0.234,0.24
2024,142,Tua Tagovailoa,MIA,QB,1,1,JAX,9.601873536299765,41,62.2,9.14,1,0,101,0.13,0.45,30,50,6.46,1,0,82.6,-0.044,0.41,11,100,17.44,0,0,118.8,0.603,0.57,23,56.5,7.57,1,0,95.2,0.005,0.48,18,71.4,11.71,0,0,110.4,0.289,0.43
2024,143,Joe Burrow,CIN,QB,1,2,KC,5.678670360110803,41,63.9,7.17,2,0,103.7,0.09,0.46,15,58.3,6.75,1,0,106.6,-0.089,0.53,19,77.8,9.39,0,0,105.8,0.325,0.36,15,69.2,10.85,1,0,130.6,0.659,0.69,26,60.9,5.09,1,0,88.5,-0.238,0.33
2024,144,Joe Burrow,CIN,QB,1,3,WAS,5.678670360110803,41,76.3,8.53,3,0,127.5,0.428,0.62,13,66.7,7.83,2,0,129.9,0.708,0.94,25,83.3,9.29,1,0,119.3,0.403,0.52,10,80,10.7,3,0,150.8,0.983,1.63,31,75,7.75,0,0,96.9,0.249,0.29
2024,145,Joe Burrow,CIN,QB,1,9,LV,5.678670360110803,41,69.2,6.44,5,1,115.5,0.187,0.73,14,61.5,9.46,2,0,132.4,0.338,0.92,22,71.4,5.19,0,1,63.4,-0.098,0.2,15,64.3,6.86,1,0,108,0.274,0.59,26,72,6.2,4,1,110.8,0.136,0.82
2024,146,Trevor Lawrence,JAX,QB,1,6,CHI,13.015873015873018,41,65.7,6.69,2,1,91.8,0.067,0.44,5,75,7.75,0,0,96.9,0.583,0.33,33,67.9,7.07,1,1,85.1,-0.089,0.37,21,66.7,6.56,0,0,85,-0.054,0.29,20,64.7,6.82,2,1,99.1,0.194,0.6
2024,147,Brock Purdy,SF,QB,1,5,ARZ,7.735849056603773,41,54.3,6.97,1,2,62.1,0.043,0.37,15,46.2,5,0,0,61.4,-0.002,0.19,22,61.1,9.56,0,2,53.2,0.12,0.36,29,66.7,8.88,0,1,77.3,0.357,0.37,12,27.3,2.82,1,1,32,-0.718,0.35
2024,148,Aidan O'Connell,LV,QB,1,16,JAX,16.015625,41,63.2,6.76,0,0,82.9,0.048,0.28,13,83.3,8.33,0,0,101.4,0.49,0.41,27,56,6.28,0,0,74.9,-0.154,0.23,17,68.8,6.88,0,0,88,0.073,0.34,24,59.1,6.68,0,0,79.2,0.031,0.24
2024,149,Aidan O'Connell,LV,QB,1,6,PIT,16.015625,41,67.5,5.67,1,1,79.9,-0.07,0.29,8,100,7.14,1,0,136,0.428,0.75,33,60.6,5.36,0,1,62.3,-0.191,0.18,28,63,5.41,1,1,74,-0.104,0.32,13,76.9,6.23,0,0,92.1,0.004,0.25
2024,150,Bryce Young,CAR,QB,1,14,PHI,9.131403118040089,41,55.9,5.62,1,1,69.6,0.114,0.33,23,42.1,4.79,1,1,52.7,-0.006,0.38,16,71.4,6.71,0,0,89.6,0.109,0.27,22,44.4,5.06,1,1,55.6,0.007,0.4,19,68.8,6.25,0,0,85.4,0.238,0.26
2024,151,Bryce Young,CAR,QB,1,8,DEN,9.131403118040089,41,64.9,6.05,2,2,76.9,-0.072,0.38,8,71.4,8.43,1,0,136.3,0.99,0.79,33,63.3,5.5,1,2,61.1,-0.33,0.28,26,64,6.12,2,1,90.9,0.141,0.5,15,66.7,5.92,0,1,47.6,-0.442,0.18
2024,152,Spencer Rattler,NO,QB,1,17,LV,15.530303030303031,41,55.6,6.06,1,2,59.7,-0.291,0.31,6,25,4,0,1,4.2,-1.455,-0.06,35,59.4,6.31,1,1,75.3,-0.091,0.37,29,44,4.68,1,1,54.9,-0.313,0.33,12,81.8,9.18,0,1,67,-0.237,0.25
2024,153,Bo Nix,DEN,QB,1,6,LAC,6.3962558502340086,41,57.6,6.55,2,1,84.9,0.091,0.53,7,25,0.5,1,1,39.6,-0.473,0.85,34,62.1,7.38,1,0,96,0.207,0.46,22,42.1,5.63,0,1,38.7,-0.358,0.25,19,78.6,7.79,2,0,138.7,0.611,0.85
2024,154,Bo Nix,DEN,QB,1,9,BLT,6.3962558502340086,41,57.6,6.76,0,1,65.6,-0.162,0.28,12,37.5,7.25,0,0,63.5,-0.395,0.32,27,62.5,6.5,0,1,63.9,-0.037,0.25,17,57.1,11,0,0,95.5,0.613,0.47,24,57.9,3.63,0,1,43.5,-0.711,0.15
2024,155,Caleb Williams,CHI,QB,1,10,NE,6.029411764705882,41,53.3,4,0,0,63.2,-0.477,0.15,25,41.2,4.24,0,0,54,-0.644,0.16,16,69.2,3.69,0,0,75.2,-0.215,0.15,34,52,4.04,0,0,62.3,-0.489,0.15,7,60,3.8,0,0,67.9,-0.417,0.18
2024,156,Aaron Rodgers,NYJ,QB,1,3,NE,6.25,40,77.1,8.03,2,0,118.9,0.49,0.53,18,70.6,6.53,2,0,127.3,0.356,0.7,21,82.4,9.53,0,0,106.4,0.574,0.38,20,77.8,8.56,0,0,102.3,0.465,0.32,20,76.5,7.47,2,0,136.2,0.516,0.73
2024,157,Aaron Rodgers,NYJ,QB,1,7,PIT,6.25,40,61.5,7.08,1,2,70,-0.024,0.33,13,61.5,7.31,1,0,109.5,0.464,0.6,27,61.5,6.96,0,2,50.3,-0.259,0.19,27,69.2,8.5,0,1,79.2,0.211,0.29,13,46.2,4.23,1,1,51.8,-0.513,0.4
2024,158,Joe Flacco,IND,QB,1,17,NYG,14.869888475836431,40,68.4,8.68,2,2,90.9,0.205,0.48,10,70,11.9,0,0,110,0.876,0.48,22,71.4,9.19,1,2,76.2,-0.072,0.44,24,70.8,8.92,1,1,94.8,0.505,0.48,16,64.3,8.29,1,1,84.2,-0.246,0.48
2024,159,Andy Dalton,CAR,QB,1,6,ATL,23.121387283236995,40,68.4,5.82,2,2,78.9,-0.115,0.42,8,85.7,8.71,1,0,142.6,0.589,1.03,29,64.3,5.5,0,2,48.8,-0.353,0.15,10,55.6,7.22,0,1,38.9,0.083,0.34,30,72.4,5.38,2,1,93.5,-0.181,0.44
2024,160,Kirk Cousins,ATL,QB,1,13,LAC,8.264462809917356,40,61.5,6.28,0,4,40,-0.291,0.15,9,55.6,5.78,0,0,72.5,-0.053,0.23,30,65.5,6.66,0,4,44.8,-0.329,0.12,19,68.4,5.05,0,1,58.2,-0.052,0.15,21,55,7.45,0,3,39.4,-0.507,0.14
2024,161,Dak Prescott,DAL,QB,1,8,SF,12.779552715654951,40,65.8,6.39,2,2,79.2,0.023,0.39,15,46.2,6.77,1,1,62.3,-0.152,0.43,24,75,6.17,0,1,72.9,0.046,0.2,23,57.1,6.95,1,2,55,-0.227,0.34,17,76.5,5.71,1,0,109.2,0.361,0.46
2024,162,Jared Goff,DET,QB,1,12,IND,6.8493150684931505,40,72.2,7.47,0,0,93.4,0.212,0.27,2,0,0,0,0,39.6,-1.063,0.05,37,73.5,7.68,0,0,95.3,0.251,0.28,26,64,6.04,0,0,80.6,0.131,0.24,14,90.9,10.73,0,0,111.4,0.364,0.34
2024,163,Baker Mayfield,TB,QB,1,18,NO,6.134969325153374,40,65.6,6.91,2,1,93.4,0.389,0.59,15,63.6,8.82,0,0,91.9,0.377,0.47,21,76.5,6.94,1,1,89.8,0.461,0.58,26,72.2,7.56,0,0,93.8,0.375,0.5,14,57.1,6.07,2,1,84.8,0.416,0.74
2024,164,Baker Mayfield,TB,QB,1,3,DEN,6.134969325153374,40,75.8,4.94,1,1,83.3,-0.577,0.24,17,84.6,5.46,1,0,115.1,-0.346,0.4,23,70,4.6,0,1,58.7,-0.748,0.12,26,76.2,5.67,0,0,89.2,-0.332,0.18,14,75,3.67,1,1,72.9,-1.032,0.34
2024,165,Baker Mayfield,TB,QB,1,6,NO,6.134969325153374,40,66.7,9.03,4,3,97.6,0.152,0.72,13,50,9.92,2,1,89.9,-0.027,0.9,26,73.9,8.61,1,2,77.8,0.136,0.49,15,64.3,11.21,2,0,142,0.504,0.95,25,68.2,7.64,2,3,81.4,-0.059,0.58
2024,166,Sam Darnold,MIN,QB,1,16,SEA,6.44122383252818,40,62.9,7.03,3,0,112.3,0.23,0.58,7,33.3,5.17,0,0,51.4,-0.104,0.18,31,66.7,7.59,2,0,114,0.231,0.57,16,64.3,6.14,1,0,105.1,0.308,0.5,24,61.9,7.62,2,0,117.2,0.179,0.64
2024,167,Gardner Minshew,LV,QB,1,1,LAC,11.560693641618498,40,75.8,7.79,1,1,95.1,-0.113,0.34,6,83.3,7.83,0,0,99.3,0.906,0.31,34,74.1,7.78,1,1,93.1,-0.293,0.35,9,75,7.75,0,0,96.9,0.509,0.28,31,76,7.8,1,1,94.6,-0.294,0.36
2024,168,Tua Tagovailoa,MIA,QB,1,8,ARZ,9.367681498829041,40,73.7,6.16,1,0,97.9,0.261,0.37,11,72.7,8.36,1,0,127.8,0.675,0.7,29,74.1,5.26,0,0,85.7,0.103,0.24,22,76.2,6.86,1,0,110,0.335,0.44,18,70.6,5.29,0,0,83,0.17,0.27
2024,169,Justin Herbert,LAC,QB,1,17,NE,6.944444444444445,40,68.4,7.39,3,0,116.2,0.544,0.61,17,64.7,5.88,0,0,80.5,0.116,0.24,20,78.9,9.53,3,0,145.9,0.925,1,26,69.2,6.88,2,0,114.1,0.324,0.58,14,66.7,8.5,1,0,120.8,0.953,0.66
2024,170,Joe Burrow,CIN,QB,1,8,PHI,5.540166204986149,40,70.3,6.32,1,1,84.7,0.119,0.35,17,64.3,3.29,0,0,69.3,-0.171,0.2,19,73.7,9.11,0,1,79.5,0.314,0.31,18,68.8,5,0,0,80.2,-0.289,0.22,22,71.4,7.33,1,1,88.2,0.454,0.45
2024,171,Mac Jones,JAX,QB,1,16,LV,13.793103448275861,40,64.1,6.33,1,0,90.4,-0.185,0.35,3,100,12.67,0,0,118.8,1.048,0.51,37,61.1,5.81,1,0,86.5,-0.285,0.33,18,50,4.28,0,0,61.6,-0.145,0.17,22,76.2,8.1,1,0,115.2,-0.218,0.49
2024,172,Bryce Young,CAR,QB,1,12,KC,8.908685968819599,40,60,7.51,1,0,92.9,0.183,0.41,13,75,12.42,1,0,144.1,0.902,0.8,22,63.2,6,0,0,79.7,-0.038,0.28,16,53.3,7.67,0,0,78.5,0.014,0.32,24,65,7.4,1,0,103.8,0.296,0.48
2024,173,C.J. Stroud,HST,QB,1,12,TEN,6.44122383252818,40,60.6,7.48,2,2,78.7,-0.127,0.44,5,60,7.6,0,0,83.8,-0.155,0.3,32,61.5,7.85,1,2,66.8,-0.186,0.36,15,64.3,7.29,1,1,80.1,-0.228,0.47,25,57.9,7.63,1,1,77.7,-0.066,0.42
2024,174,Bo Nix,DEN,QB,1,8,CAR,6.240249609984399,40,75.7,7.68,3,0,124.2,0.051,0.59,7,50,10.5,0,0,87.5,-0.059,0.36,32,80,7.27,2,0,119.2,0.004,0.53,27,70.8,9.13,2,0,126.9,-0.037,0.63,13,84.6,5,1,0,113.1,0.232,0.51
2024,175,Drake Maye,NE,QB,1,16,BUF,9.59232613908873,40,61.1,7.25,2,1,90.2,0.153,0.47,17,25,4.06,1,1,38.8,-0.427,0.33,21,88.9,8.61,0,0,102.5,0.49,0.36,22,47.6,5.29,1,1,59.8,-0.118,0.34,18,80,10,1,0,130.6,0.484,0.63
2024,176,Michael Penix,ATL,QB,1,18,CAR,35.39823008849557,40,55.3,8.21,2,1,88.9,0.202,0.65,4,50,4.75,0,0,63.5,-0.203,0.19,35,55.9,8.62,2,1,91.9,0.179,0.53,21,45,7.85,0,0,72.3,-0.012,0.3,19,66.7,8.61,2,1,107.4,0.439,1.04
2024,177,Aaron Rodgers,NYJ,QB,1,18,MIA,6.09375,39,63.9,7.61,4,1,112.5,0.052,0.67,10,75,11.63,1,0,152.6,0.225,0.77,24,60.9,7.22,0,1,64.8,-0.116,0.23,14,66.7,9.67,0,1,63.2,-0.131,0.26,25,62.5,6.58,4,0,121.2,0.154,0.89
2024,178,Joe Flacco,IND,QB,1,10,BUF,14.49814126394052,39,74.3,7.77,2,3,79.7,-0.319,0.41,8,85.7,8.86,0,1,64,-1.056,0.18,26,78.3,8.39,1,2,79.9,-0.198,0.37,17,78.6,7.36,1,2,81.5,-0.919,0.36,22,71.4,8.05,1,1,91.2,0.144,0.44
2024,179,Joe Flacco,IND,QB,1,6,TEN,14.49814126394052,39,57.9,4.97,2,1,77.6,0.021,0.38,13,53.8,4.23,1,0,90.2,0.071,0.48,25,60,5.36,1,1,71.1,0.026,0.33,13,53.8,6.15,0,0,72.6,0.023,0.25,26,60,4.36,2,1,80.3,0.02,0.44
2024,180,Andy Dalton,CAR,QB,1,3,LV,22.54335260115607,39,70.3,8.62,3,0,123.6,0.341,0.63,21,75,8.45,1,0,116.5,0.284,0.51,16,60,9.27,1,0,112.9,0.365,0.6,24,72.7,8.5,1,0,113.3,0.249,0.48,15,66.7,8.8,2,0,133.9,0.489,0.89
2024,181,Derek Carr,NO,QB,1,13,LA,13.220338983050848,39,64.9,4.97,1,0,85.9,-0.048,0.32,3,66.7,12,1,0,147.2,0.761,1.81,35,66.7,4.48,0,0,76.3,-0.127,0.2,19,57.9,5.68,1,0,91.6,-0.108,0.44,20,72.2,4.22,0,0,79.9,0.01,0.21
2024,182,Jacoby Brissett,NE,QB,1,4,SF,20.74468085106383,39,59.4,5.25,1,1,70.8,-0.422,0.25,11,55.6,8.33,1,0,120.1,-0.063,0.64,27,59.1,4.14,0,1,49.6,-0.566,0.1,26,58.3,5.71,0,0,74.5,-0.178,0.21,13,62.5,3.88,1,1,70.3,-0.91,0.33
2024,183,Patrick Mahomes,KC,QB,1,15,CLV,5.963302752293578,39,50,4.18,2,0,78.7,-0.068,0.39,24,58.3,5.25,2,0,100.3,0.01,0.54,15,35.7,2.36,0,0,44.3,-0.193,0.15,32,48.4,4.26,2,0,81.7,-0.102,0.45,7,57.1,3.86,0,0,65.8,0.088,0.15
2024,184,Patrick Mahomes,KC,QB,1,17,PIT,5.963302752293578,39,76.3,8.42,3,0,127.1,0.546,0.67,14,64.3,9.71,1,0,119.9,0.747,0.67,25,83.3,7.67,2,0,126.4,0.433,0.66,26,73.1,10.19,2,0,131.1,0.811,0.72,13,83.3,4.58,1,0,113.5,0.016,0.57
2024,185,Sam Darnold,MIN,QB,1,13,ARZ,6.280193236714976,39,67.7,7.58,2,0,111.6,-0.078,0.51,6,60,6.2,1,0,117.5,-0.168,0.87,31,70.8,8.33,0,0,95.8,-0.059,0.33,12,63.6,9.55,0,0,94.9,0.203,0.35,27,70,6.5,2,0,120.8,-0.202,0.57
2024,186,Sam Darnold,MIN,QB,1,9,IND,6.280193236714976,39,82.4,8.53,3,2,107.1,-0.129,0.58,1,100,6,0,0,91.7,1.675,0.24,34,80,9.27,1,2,88.6,-0.194,0.42,17,80,10.93,2,1,124,-0.34,0.8,22,84.2,6.63,1,1,89.9,0.034,0.42
2024,187,Daniel Jones,NYG,QB,1,5,SEA,10.129870129870131,39,67.6,7.56,2,0,109.6,0.245,0.48,20,58.8,7.71,2,0,122.4,-0.073,0.66,19,76.5,7.41,0,0,96.7,0.58,0.3,26,68.2,8.95,2,0,126.5,0.232,0.63,13,66.7,5,0,0,78.5,0.272,0.19
2024,188,Jordan Love,GB,QB,1,9,DET,8.647450110864744,39,59,7,0,1,69.7,-0.106,0.25,17,35.3,7,0,0,60.7,-0.063,0.28,21,76.2,6.9,0,1,74.5,-0.196,0.23,23,47.8,8.26,0,1,58.2,-0.21,0.29,16,75,5.19,0,0,86.2,0.044,0.21
2024,189,Jalen Hurts,PHI,QB,1,1,GB,8.904109589041095,39,58.8,8.18,2,2,80.3,0.375,0.5,11,70,14.6,2,0,152.1,1.176,1.33,27,56.5,5.74,0,2,36.9,0.045,0.17,23,65.2,8.74,2,0,121.8,0.644,0.7,16,45.5,7,0,2,29.5,-0.011,0.21
2024,190,Tommy DeVito,NYG,QB,1,12,TB,72.22222222222221,39,67.7,6.1,0,0,83.9,-0.112,0.27,5,75,11,0,0,110.4,0.238,0.35,32,72,5.8,0,0,86.3,-0.084,0.28,25,55,5.4,0,0,70.4,-0.296,0.2,14,90.9,7.36,0,0,97.3,0.216,0.4
2024,191,Will Levis,TEN,QB,1,13,WAS,10.773480662983426,39,48.6,5.73,2,0,84.5,0.074,0.42,14,53.8,8.38,1,0,107.5,0.466,0.6,25,45.8,4.29,1,0,72,-0.146,0.32,19,41.2,7.29,1,0,86.4,0.349,0.47,20,55,4.4,1,0,82.9,-0.188,0.38
2024,192,C.J. Stroud,HST,QB,1,2,CHI,6.280193236714976,39,63.9,7.22,1,0,94.7,0.041,0.37,8,85.7,13.86,0,0,118.8,1.207,0.48,30,60.7,5.82,1,0,88.8,-0.283,0.35,21,73.7,6.95,0,0,92.4,0.033,0.25,18,52.9,7.53,1,0,97.2,0.05,0.51
2024,193,C.J. Stroud,HST,QB,1,8,IND,6.280193236714976,39,67.6,7.7,1,0,99.5,0.141,0.39,10,62.5,3.88,1,0,109.9,-0.621,0.52,29,69,8.76,0,0,96,0.404,0.35,23,61.9,6.71,1,0,97.5,-0.092,0.42,16,75,9,0,0,102.1,0.476,0.36
2024,194,Anthony Richardson,IND,QB,1,8,HST,13.043478260869565,39,31.3,5.47,1,1,48.3,-0.181,0.35,18,31.3,7.94,1,0,82,0.007,0.5,19,33.3,3.2,0,1,15.4,-0.359,0.24,22,35.3,8.29,1,0,85.7,-0.011,0.44,17,26.7,2.27,0,1,11.8,-0.4,0.24
2024,195,Bo Nix,DEN,QB,1,17,CIN,6.084243369734789,39,77.4,7.06,3,1,114.9,0.246,0.58,7,50,7.83,2,0,116,1.202,1.48,30,87.5,7.17,1,1,93.1,0.084,0.39,13,55.6,4.67,1,0,104.9,0.237,0.61,25,86.4,8.05,2,1,111.6,0.253,0.57
2024,196,Bo Nix,DEN,QB,1,2,PIT,6.084243369734789,39,57.1,7.03,0,2,55.2,-0.238,0.22,9,37.5,11,0,0,79.2,-0.15,0.39,27,66.7,5.96,0,1,65.1,-0.251,0.2,26,52.2,8,0,2,42.7,-0.381,0.21,13,66.7,5.17,0,0,79.2,0.047,0.23
2024,197,Bo Nix,DEN,QB,1,3,TB,6.084243369734789,39,69.4,6,0,0,85,0.149,0.45,6,66.7,7.83,0,0,90.3,-0.255,0.31,33,70,5.63,0,0,83.9,0.222,0.48,20,64.7,7.06,0,0,85.4,0.352,0.69,19,73.7,5.05,0,0,84.5,-0.065,0.2
2024,198,Drake Maye,NE,QB,1,13,IND,9.352517985611511,39,80,7.93,1,1,96.9,0.269,0.47,7,80,7,1,0,135.4,0.913,1.41,28,81.8,8.32,0,1,82.4,0.167,0.28,27,80,7.45,1,1,93.5,0.258,0.55,12,80,8.9,0,0,103.7,0.293,0.3
2024,199,Jayden Daniels,WAS,QB,1,11,PHI,6.51085141903172,39,68.8,5.97,1,1,81.6,-0.005,0.31,6,33.3,2.33,1,0,81.9,-0.158,0.76,33,76.9,6.81,0,1,78.5,0.023,0.23,20,70.6,8.41,0,0,96,0.27,0.32,19,66.7,3.2,1,1,65.4,-0.295,0.3
2024,200,Caleb Williams,CHI,QB,1,11,GB,5.735294117647059,39,74.2,7.45,0,0,95,0.23,0.36,12,77.8,9.11,0,0,104.6,0.914,0.61,26,76.2,7.1,0,0,95.1,-0.015,0.26,19,86.7,9.33,0,0,105.6,0.585,0.51,20,62.5,5.69,0,0,77.9,-0.107,0.22
2024,201,Aaron Rodgers,NYJ,QB,1,10,ARZ,5.9375,38,62.9,4.31,0,0,72.4,-0.287,0.16,6,40,0.2,0,0,47.9,-0.994,0.01,26,80,6,0,0,91.7,0.248,0.23,16,68.8,5.44,0,0,82,0.201,0.22,22,57.9,3.37,0,0,64.4,-0.641,0.12
2024,202,Aaron Rodgers,NYJ,QB,1,6,BUF,5.9375,38,65.7,8.4,2,1,99,0.294,0.49,6,50,10.33,1,0,126.4,0.666,1.08,27,70.8,9.13,0,1,81.8,0.267,0.29,16,57.1,5,0,0,70.5,-0.191,0.17,22,71.4,10.67,2,1,118,0.646,0.73
2024,203,Russell Wilson,PIT,QB,1,16,BLT,9.768637532133676,38,66.7,6.58,2,1,92.6,-0.264,0.48,12,70,5.1,1,1,75.4,-0.773,0.58,24,66.7,7.86,0,0,90.4,-0.069,0.3,22,78.9,7.74,1,1,94.5,-0.342,0.52,16,50,5,1,0,88.4,-0.156,0.42
2024,204,Kirk Cousins,ATL,QB,1,14,MIN,7.851239669421488,38,62.2,9.3,0,2,70.1,0.019,0.31,6,33.3,11.5,0,0,77.8,0.042,0.46,32,67.7,8.87,0,2,68.6,0.015,0.28,10,60,12,0,1,62.5,0.273,0.38,28,63,8.3,0,1,73.7,-0.072,0.28
2024,205,Kirk Cousins,ATL,QB,1,7,SEA,7.851239669421488,38,68.6,6.63,1,2,72.6,-0.248,0.3,8,62.5,5.13,1,0,115.1,0.504,0.7,30,70.4,7.07,0,2,59.3,-0.449,0.19,20,72.2,7.39,0,0,93.1,0.044,0.27,18,64.7,5.82,1,2,60.3,-0.573,0.33
2024,206,Geno Smith,SEA,QB,1,11,SF,5.828220858895705,38,78.1,6.91,0,1,82.4,0.11,0.44,8,83.3,8.5,0,0,102.1,0.797,1.17,30,76.9,6.54,0,1,77.4,-0.073,0.25,18,87.5,9.13,0,0,104.7,0.701,0.73,20,68.8,4.69,0,1,52.9,-0.421,0.18
2024,207,Derek Carr,NO,QB,1,4,ATL,12.88135593220339,38,77.8,6.64,0,1,82.8,-0.007,0.24,4,50,5.5,0,0,66.7,-0.353,0.22,33,83.9,7,0,1,82.4,0.065,0.25,16,71.4,6.79,0,1,60.1,-0.242,0.21,22,81.8,6.55,0,0,93.9,0.164,0.26
2024,208,Dak Prescott,DAL,QB,1,6,DET,12.140575079872203,38,51.5,5.39,0,2,42.2,-0.655,0.14,19,31.3,5.38,0,1,24.5,-0.994,0.13,18,75,5.75,0,0,88.5,-0.041,0.2,19,43.8,5.69,0,2,22.7,-1.086,0.09,19,58.8,5.12,0,0,72.4,-0.225,0.18
2024,209,Deshaun Watson,CLV,QB,1,2,JAX,14.074074074074074,38,64.7,5.47,0,0,78.8,0.036,0.22,20,73.7,5.16,0,0,85,0.025,0.2,17,53.3,5.87,0,0,71,0.134,0.25,24,69.6,4.7,0,0,79.6,-0.048,0.18,14,54.5,7.09,0,0,77.1,0.181,0.28
2024,210,Deshaun Watson,CLV,QB,1,5,WAS,14.074074074074074,38,53.6,4.46,1,0,77.2,-0.428,0.27,15,66.7,4.89,0,0,78,-0.918,0.15,19,50,4.44,0,0,62.2,-0.224,0.2,16,63.6,5.73,0,0,79,-0.721,0.19,22,47.1,3.65,1,0,76.1,-0.216,0.34
2024,211,Mason Rudolph,TEN,QB,1,17,JAX,15.079365079365079,38,61.3,6.23,1,1,76.4,0.019,0.34,17,64.7,6.24,1,0,101.6,0.357,0.48,19,61.5,6.69,0,1,49.2,-0.189,0.25,14,64.3,5.5,1,0,102.4,0.316,0.51,24,58.8,6.82,0,1,55,-0.154,0.24
2024,212,Lamar Jackson,BLT,QB,1,18,CLV,6.998158379373849,38,50,6.78,2,0,92.8,0.143,0.55,24,47.4,6.21,1,0,85,-0.081,0.51,12,63.6,9,1,0,122.9,0.633,0.72,30,45.8,6.5,2,0,95.1,0.21,0.61,8,62.5,7.63,0,0,85.9,-0.108,0.3
2024,213,Lamar Jackson,BLT,QB,1,2,LV,6.998158379373849,38,61.8,7.26,1,1,81.4,0.033,0.38,14,42.9,6.14,0,1,33.6,-0.17,0.17,20,81.3,9.06,0,0,104.4,0.064,0.38,22,55.6,6.11,0,1,50.7,-0.288,0.23,16,68.8,8.56,1,0,115.9,0.476,0.59
2024,214,Baker Mayfield,TB,QB,1,13,CAR,5.828220858895705,38,63.6,7.12,1,2,69.6,-0.212,0.33,8,37.5,4.13,0,1,10.9,-1.035,0.04,29,70.8,8.33,0,1,78.5,-0.033,0.28,25,52.2,6.87,0,2,38,-0.317,0.17,13,90,7.7,1,0,132.1,-0.012,0.62
2024,215,Kyler Murray,ARZ,QB,1,1,BUF,6.209150326797386,38,67.7,5.23,1,0,91.1,0.159,0.4,8,40,6,0,0,60.4,-0.413,0.51,26,69.6,5.13,0,0,81.4,0.276,0.25,12,40,4.4,0,0,53.8,-0.562,0.15,26,81,5.62,1,0,106,0.492,0.52
2024,216,Daniel Jones,NYG,QB,1,3,CLV,9.87012987012987,38,70.6,6.94,2,0,109.4,0.241,0.48,21,57.9,5.89,1,0,92.4,0.143,0.45,16,85.7,8.5,0,0,102.1,0.253,0.3,29,69.2,6.69,1,0,100.5,0.171,0.41,9,75,7.75,1,0,136.5,0.467,0.72
2024,217,Tua Tagovailoa,MIA,QB,1,11,LV,8.899297423887589,38,77.8,8,3,0,127.8,0.646,0.62,8,75,5.63,1,0,127.6,1.09,0.72,22,85.7,10.67,1,0,127,0.66,0.59,10,90,14.1,1,0,152.1,1.08,0.96,28,73.1,5.65,2,0,112.2,0.491,0.5
2024,218,Justin Herbert,LAC,QB,1,18,LV,6.597222222222222,38,77.8,9.61,2,0,125.2,0.521,0.68,7,83.3,11,2,0,152.1,0.511,1.52,29,82.1,10,0,0,108.3,0.611,0.53,21,84.2,9.47,1,0,123.7,0.582,0.73,17,70.6,9.76,1,0,121.2,0.445,0.63
2024,219,Justin Herbert,LAC,QB,1,6,DEN,6.597222222222222,38,61.8,6.97,1,0,92.4,0.195,0.37,13,58.3,8.17,1,0,112.5,0.378,0.61,23,65,6.55,0,0,83.5,0.179,0.25,26,62.5,7.08,1,0,97.6,0.286,0.42,12,60,6.7,0,0,80,-0.003,0.27
2024,220,Justin Herbert,LAC,QB,1,8,NO,6.597222222222222,38,62.5,8.72,2,0,111.3,0.124,0.64,14,46.2,8.46,1,0,101.4,0.173,0.87,22,70.6,9,0,0,98.4,-0.074,0.33,16,50,8.79,1,0,104.2,-0.149,0.56,22,72.2,8.67,1,0,116.9,0.323,0.69
2024,221,Jalen Hurts,PHI,QB,1,15,PIT,8.67579908675799,38,78.1,9.06,2,0,125.3,0.438,0.55,16,78.6,9.86,2,0,147.3,0.81,0.91,22,77.8,8.44,0,0,101.9,0.168,0.29,18,81.3,11.19,0,0,113.3,0.608,0.4,20,75,6.94,2,0,133.1,0.285,0.68
2024,222,Joe Burrow,CIN,QB,1,15,TEN,5.263157894736842,38,70.3,7.32,3,2,95.7,0.186,0.55,7,71.4,10.71,0,0,106.3,1.142,0.43,26,69.2,7.15,2,2,83.2,0.194,0.52,10,60,7,1,2,75,0.159,0.48,28,74.1,7.44,2,0,119.5,0.195,0.57
2024,223,Brock Purdy,SF,QB,1,17,DET,7.169811320754717,38,77.1,10.77,3,2,116,0.416,0.84,17,70.6,8.24,3,1,110.3,0.304,0.98,19,88.2,13.94,0,1,94.2,0.434,0.45,23,77.3,11.95,2,2,108.7,0.331,0.72,15,76.9,8.77,1,0,128.4,0.546,1.03
2024,224,Brock Purdy,SF,QB,1,3,LA,7.169811320754717,38,73.3,9.73,3,0,137.1,0.389,0.72,9,33.3,7.33,2,0,100,0.258,1.27,27,81.8,9.55,0,0,106.4,0.375,0.39,19,66.7,9.67,2,0,137.5,0.395,0.83,19,80,9.8,1,0,129.7,0.383,0.61
2024,225,Aidan O'Connell,LV,QB,1,13,KC,14.84375,38,65.7,9.71,2,0,116.4,0.242,0.57,11,55.6,13.22,1,0,137.5,0.083,0.8,26,72,8.84,1,0,112.3,0.321,0.49,15,50,11.07,2,0,129.5,0.452,0.95,23,76.2,8.81,0,0,102.3,0.105,0.32
2024,226,Bryce Young,CAR,QB,1,1,NO,8.463251670378618,38,43.3,5.37,0,2,32.8,-0.384,0.31,15,36.4,6.18,0,0,58.1,-0.291,0.63,23,47.4,4.89,0,2,22.4,-0.445,0.1,25,44.4,5.5,0,2,22.5,-0.371,0.37,13,41.7,5.17,0,0,58.3,-0.408,0.19
2024,227,Bryce Young,CAR,QB,1,18,ATL,8.463251670378618,38,73.5,7.38,3,0,123.5,0.605,0.96,5,40,7.8,0,0,67.9,0.485,0.31,29,77.8,7.15,2,0,121.1,0.57,0.82,18,66.7,8.6,2,0,133.1,0.909,1.53,20,78.9,6.42,1,0,111,0.331,0.45
2024,228,Will Levis,TEN,QB,1,1,CHI,10.497237569060774,38,59.4,3.97,1,2,52.5,-0.433,0.24,10,37.5,3.38,0,1,7.8,-1.691,0.01,28,66.7,4.17,1,1,71.5,0.017,0.33,23,52.9,2.59,0,0,58.7,-0.54,0.17,15,66.7,5.53,1,2,63.3,-0.268,0.35
2024,229,Will Levis,TEN,QB,1,11,MIN,10.497237569060774,38,54.8,9.52,1,1,84.7,0.056,0.42,7,40,10.8,0,0,80.4,-0.524,0.31,30,57.7,9.27,1,1,85.6,0.251,0.46,11,55.6,9.11,0,0,86.3,-0.131,0.3,27,54.5,9.68,1,1,84.1,0.132,0.47
2024,230,C.J. Stroud,HST,QB,1,1,IND,6.119162640901772,38,75,7.31,2,0,115.9,0.181,0.5,0,0,0,0,0,0,0,0,35,73.3,7.43,0,0,94.2,0.039,0.29,20,76.5,8.76,0,0,102.3,0.07,0.3,18,73.3,5.67,2,0,126.4,0.305,0.72
2024,231,C.J. Stroud,HST,QB,1,10,DET,6.119162640901772,38,57.6,7.03,1,2,64.2,-0.16,0.31,17,66.7,8.2,0,0,91.8,0.088,0.29,17,60,7.27,1,2,65,-0.228,0.4,25,71.4,9.1,0,1,79.7,0.036,0.29,13,33.3,3.42,1,1,37.2,-0.535,0.36
2024,232,C.J. Stroud,HST,QB,1,11,DAL,6.119162640901772,38,67.6,7.56,0,1,77.7,0.187,0.31,7,66.7,11,0,0,103.5,0.77,0.66,30,66.7,6.81,0,1,70.6,-0.008,0.23,12,72.7,10.27,0,0,105.5,0.659,0.54,26,65.2,6.26,0,1,64.4,-0.031,0.21
2024,233,C.J. Stroud,HST,QB,1,13,JAX,6.119162640901772,38,64.7,7.12,1,0,95.5,0.065,0.38,16,57.1,6.29,1,0,99.7,-0.002,0.51,20,72.2,8.39,0,0,97.2,0.212,0.32,25,72.7,7.09,1,0,107.4,0.049,0.43,13,50,7.17,0,0,73.6,0.096,0.29
2024,234,C.J. Stroud,HST,QB,1,3,MIN,6.119162640901772,38,64.5,6.94,1,2,68.6,-0.298,0.31,6,60,8.8,0,0,88.8,0.889,0.41,30,66.7,6.79,0,2,51.2,-0.614,0.17,9,75,10.88,0,1,70.3,-0.002,0.35,29,60.9,5.57,1,1,72.4,-0.39,0.3
2024,235,Spencer Rattler,NO,QB,1,16,GB,14.393939393939394,38,50,5.1,0,1,51.1,-0.413,0.21,1,0,0,0,0,0,1.93,0.9,35,53.6,5.46,0,1,54.6,-0.489,0.2,19,40,4,0,1,24.3,-0.73,0.18,19,60,6.2,0,0,77.9,-0.096,0.24
2024,236,Jayden Daniels,WAS,QB,1,13,TEN,6.3439065108514185,38,83.3,6.87,3,1,114.7,0.287,0.73,10,85.7,6.86,2,0,134.8,0.82,1.66,28,82.6,6.87,1,1,91.7,0.097,0.4,18,84.6,8,0,0,100,0.133,0.29,20,82.4,6,3,1,106.7,0.426,1.13
2024,237,Jayden Daniels,WAS,QB,1,2,NYG,6.3439065108514185,38,79.3,7.79,0,0,99.1,0.201,0.32,5,66.7,8,0,0,91,0.346,0.37,28,91.3,8.78,0,0,103.3,0.326,0.37,16,90.9,9.64,0,0,106.8,0.661,0.47,22,72.2,6.67,0,0,90,-0.133,0.22
2024,238,Michael Penix,ATL,QB,1,17,WAS,33.6283185840708,38,54.3,6.37,1,1,71.5,-0.025,0.32,18,50,7.13,0,1,47.4,-0.313,0.2,20,57.9,5.74,1,0,91.8,0.234,0.43,20,65,9.1,0,0,94.2,0.336,0.36,18,40,2.73,1,1,42.4,-0.426,0.27
2024,239,Caleb Williams,CHI,QB,1,17,SEA,5.588235294117648,38,57.1,4.36,0,1,53,-0.247,0.17,15,45.5,5.36,0,1,24.4,-0.045,0.2,23,64.7,3.71,0,0,71.4,-0.378,0.15,20,68.8,5.44,0,0,82,0.105,0.26,18,41.7,2.92,0,1,14.6,-0.638,0.07
2024,240,Russell Wilson,PIT,QB,1,18,CIN,9.511568123393316,37,54.8,4.77,1,0,78.4,-0.124,0.31,3,33.3,8.33,0,0,64.6,0.004,0.33,34,57.1,4.39,1,0,79.9,-0.135,0.31,12,30,3.6,0,0,42.1,-0.494,0.12,25,66.7,5.33,1,0,95.7,0.054,0.4
2024,241,Geno Smith,SEA,QB,1,12,ARZ,5.674846625766871,37,71,8.19,1,1,92.7,0.047,0.37,4,100,17.25,0,0,118.8,1.445,0.69,31,68,7.28,0,1,72.4,-0.209,0.22,10,75,6.63,0,1,52.6,-0.731,0.11,27,69.6,8.74,1,0,111,0.336,0.46
2024,242,Geno Smith,SEA,QB,1,3,MIA,5.674846625766871,37,76.5,8.5,1,2,86.5,-0.022,0.37,10,77.8,8.67,0,0,102.8,0.142,0.31,27,76,8.44,1,2,80.6,-0.083,0.39,16,66.7,6.67,0,2,45.8,-0.352,0.13,21,84.2,9.95,1,0,125.7,0.23,0.55
2024,243,Jacoby Brissett,NE,QB,1,5,MIA,19.680851063829788,37,52.9,4.71,0,0,65.8,-0.211,0.2,17,43.8,5.56,0,0,61.7,-0.49,0.21,18,68.8,4.44,0,0,77.9,0.067,0.21,24,54.5,4.59,0,0,66.7,-0.289,0.21,13,50,4.92,0,0,64.2,-0.066,0.18
2024,244,Cooper Rush,DAL,QB,1,13,NYG,11.384615384615385,37,58.3,5.42,1,0,82.5,-0.075,0.33,13,50,5.25,0,0,65.6,-0.004,0.22,21,57.1,5.9,0,0,74.3,-0.184,0.24,22,52.4,5.76,1,0,85.6,0.045,0.42,15,66.7,4.93,0,0,78.2,-0.252,0.2
2024,245,Josh Allen,BUF,QB,1,15,DET,6.851851851851852,37,67.6,10.65,2,0,122.4,0.599,0.68,17,75,12.06,1,0,135.7,0.981,0.75,18,62.5,10.13,1,0,117.2,0.38,0.67,22,71.4,12.95,1,0,129.6,0.838,0.73,15,61.5,6.92,1,0,107.9,0.249,0.61
2024,246,Josh Allen,BUF,QB,1,8,SEA,6.851851851851852,37,70.6,8.32,2,1,102.9,0.326,0.51,10,66.7,7.44,1,1,86.1,-0.082,0.6,23,81,9.71,0,0,107.1,0.513,0.37,23,76.2,10.24,1,1,104.3,0.348,0.52,14,61.5,5.23,1,0,100.8,0.29,0.5
2024,247,Sam Darnold,MIN,QB,1,11,TEN,5.958132045088567,37,62.5,7.69,2,0,107,0.23,0.52,1,0,0,0,0,39.6,-0.458,0,35,63.3,8.1,1,0,99.7,0.23,0.43,11,50,6.13,0,0,69.3,-0.535,0.21,26,66.7,8.21,2,0,119.6,0.554,0.65
2024,248,Sam Darnold,MIN,QB,1,12,CHI,5.958132045088567,37,64.7,9.71,2,0,116.1,0.275,0.57,5,100,13.6,1,0,158.3,1.006,1.34,31,57.1,9.18,0,0,87.9,0.107,0.33,22,80,12.15,0,0,117.3,0.469,0.44,15,42.9,6.21,2,0,103.3,-0.01,0.77
2024,249,Kyler Murray,ARZ,QB,1,3,DET,6.045751633986928,37,61.8,6.09,1,1,76.5,-0.11,0.37,12,36.4,3.91,1,0,79,-0.362,0.65,25,73.9,7.13,0,1,75.3,0.011,0.23,17,50,4.5,0,0,62.5,-0.16,0.29,20,72.2,7.5,1,1,88.9,-0.068,0.44
2024,250,Kyler Murray,ARZ,QB,1,8,MIA,6.045751633986928,37,72.2,8.53,2,0,116.3,0.492,0.56,7,71.4,9.71,0,0,102.1,0.412,0.39,28,70.4,8.33,1,0,107.8,0.409,0.48,16,62.5,9.81,1,0,115.9,0.453,0.64,21,80,7.5,1,0,114.6,0.522,0.5
2024,251,Justin Herbert,LAC,QB,1,16,DEN,6.423611111111111,37,74.2,9.16,2,1,110.1,0.445,0.61,6,75,12.25,1,0,155.2,1.546,1.56,30,76.9,9.04,1,1,100.6,0.237,0.44,17,85.7,12.86,2,0,158.3,0.663,1.01,20,64.7,6.12,0,1,57,0.26,0.27
2024,252,Jalen Hurts,PHI,QB,1,4,TB,8.447488584474886,37,60,5.27,1,0,85.1,-0.249,0.3,3,33.3,0.33,1,0,81.9,0.494,1.35,34,63,5.81,0,0,78.8,-0.315,0.21,23,52.9,3.76,1,0,81.5,-0.33,0.32,14,69.2,7.23,0,0,89.9,-0.116,0.27
2024,253,Trey Lance,DAL,QB,1,18,WAS,78.72340425531915,37,58.8,7.18,0,0,81,-0.032,0.29,20,61.1,7.11,0,0,82.6,-0.084,0.3,15,60,7.73,0,0,84.3,0.206,0.31,19,66.7,9.22,0,0,96.1,0.297,0.39,18,50,4.88,0,0,64.1,-0.38,0.17
2024,254,Brock Purdy,SF,QB,1,7,KC,6.981132075471698,37,54.8,6.84,0,3,36.7,-0.247,0.21,19,33.3,4.53,0,3,9.2,-0.846,0.09,17,73.3,8.93,0,0,100.4,0.315,0.34,16,38.5,3.15,0,2,7.7,-0.768,0.03,21,66.7,9.5,0,1,74.1,0.15,0.35
2024,255,C.J. Stroud,HST,QB,1,17,BLT,5.958132045088567,37,54.8,5.97,0,1,59.2,-0.506,0.19,14,45.5,6.09,0,0,65.3,-0.837,0.19,22,57.9,6.05,0,1,53.6,-0.218,0.2,26,57.1,7.19,0,0,79.7,-0.346,0.26,11,50,3.4,0,1,18.3,-0.882,0.03
2024,256,Anthony Richardson,IND,QB,1,2,GB,12.37458193979933,37,50,6,1,3,41.8,-0.131,0.33,6,0,0,0,1,0,-1.799,-0.17,25,69.6,8.7,0,1,78.2,0.181,0.32,20,38.9,5.5,1,2,36.3,-0.338,0.4,17,62.5,6.56,0,1,55.5,0.114,0.25
2024,257,Bo Nix,DEN,QB,1,15,IND,5.77223088923557,37,60.6,3.94,3,3,61.4,-0.352,0.44,10,50,4.63,1,0,102.6,0.136,0.71,27,64,3.72,2,3,58,-0.532,0.35,22,68.4,5.32,3,1,98.9,0.05,0.77,15,50,2.07,0,2,16.7,-0.941,-0.03
2024,258,Jayden Daniels,WAS,QB,1,10,PIT,6.176961602671119,37,50,5.94,0,0,68.5,-0.25,0.22,23,40,5.05,0,0,56.5,-0.321,0.18,14,64.3,7.21,0,0,85.7,-0.133,0.29,35,50,6.03,0,0,68.9,-0.234,0.22,2,50,4.5,0,0,62.5,-0.543,0.18
2024,259,Aaron Rodgers,NYJ,QB,1,15,JAX,5.625,36,53.3,9.63,3,0,120,0.497,0.78,23,47.4,8.89,1,0,96.2,0.638,0.62,11,60,12,2,0,141.7,0.511,1.25,14,61.5,13.46,1,0,131.1,1.113,0.84,22,47.1,6.71,2,0,108.5,0.106,0.74
2024,260,Kirk Cousins,ATL,QB,1,4,NO,7.43801652892562,36,60,6.8,0,1,68.5,-0.03,0.24,16,37.5,4.75,0,1,27.1,-0.177,0.13,20,78.9,8.53,0,0,102.2,0.088,0.32,19,42.1,5.42,0,1,37.8,-0.111,0.16,17,81.3,8.44,0,0,101.8,0.061,0.32
2024,261,Jared Goff,DET,QB,1,17,SF,6.164383561643835,36,76.5,8.91,3,0,132.4,0.58,0.67,7,83.3,11.83,0,0,116,0.405,0.41,27,73.1,8.54,1,0,111.4,0.409,0.48,26,66.7,7.71,0,0,89.8,0.099,0.28,10,100,11.8,3,0,155.4,1.831,1.67
2024,262,Cooper Rush,DAL,QB,1,16,TB,11.076923076923077,36,74.3,8.34,1,0,108.3,0.257,0.44,7,71.4,9,0,0,99.1,0.299,0.36,27,73.1,8.04,0,0,96.5,0.094,0.31,23,69.6,7.61,0,0,91.8,0.004,0.3,13,83.3,9.75,1,0,135.1,0.706,0.67
2024,263,Mason Rudolph,TEN,QB,1,16,IND,14.285714285714285,36,67.6,7.41,2,3,72.2,0.063,0.43,4,25,2.75,0,0,39.6,-0.535,0.11,30,75,8.39,1,2,81.7,0.099,0.39,19,55.6,6.72,1,1,71.8,0.068,0.41,17,81.3,8.19,1,2,82,0.058,0.44
2024,264,Mason Rudolph,TEN,QB,1,9,NE,14.285714285714285,36,60.6,7.27,2,1,90.5,0.203,0.51,11,50,7,1,0,106.3,0.512,0.74,22,70,8.2,0,1,73.8,-0.032,0.27,19,58.8,7.82,2,1,98.4,0.2,0.72,17,62.5,6.69,0,0,82,0.207,0.27
2024,265,Lamar Jackson,BLT,QB,1,10,CIN,6.629834254143646,36,75.8,8.79,4,0,141.4,0.591,0.82,8,75,17,4,0,156.3,1.861,2.68,27,76,6.16,0,0,91.1,0.172,0.27,14,53.8,10.38,2,0,129.8,0.557,0.96,22,90,7.75,2,0,132.3,0.612,0.73
2024,266,Baker Mayfield,TB,QB,1,9,KC,5.521472392638037,36,74.2,6.45,2,0,112.3,0.191,0.49,17,64.3,5.21,2,0,117,0.041,0.67,19,82.4,7.47,0,0,97.8,0.326,0.34,17,80,6.8,1,0,117.2,0.068,0.48,19,68.8,6.13,1,0,105.7,0.302,0.51
2024,267,Sam Darnold,MIN,QB,1,5,NYJ,5.797101449275362,36,45.2,5.77,0,1,50.3,-0.296,0.2,14,23.1,6,0,0,52.1,-0.501,0.22,22,61.1,5.61,0,1,53.2,-0.166,0.18,24,45,5.6,0,0,62.9,-0.489,0.19,12,45.5,6.09,0,1,27.5,0.09,0.22
2024,268,Kyler Murray,ARZ,QB,1,18,SF,5.88235294117647,36,71.4,6.91,4,0,128.5,0.251,0.74,12,66.7,5.17,4,0,118.8,0.173,1.54,24,73.9,7.83,0,0,96.3,0.29,0.34,22,59.1,6.5,2,0,108.7,0.075,0.62,14,92.3,7.62,2,0,138,0.528,0.92
2024,269,Kyler Murray,ARZ,QB,1,6,GB,5.88235294117647,36,68.8,6.69,1,0,97.7,-0.035,0.38,7,57.1,4.86,0,0,69.9,-0.906,0.19,28,75,7.5,1,0,109.7,0.183,0.44,15,73.3,8,1,0,118.8,0.074,0.59,21,64.7,5.53,0,0,79,-0.113,0.23
2024,270,Gardner Minshew,LV,QB,1,7,LA,10.404624277456648,36,44.1,4.53,0,3,21,-0.643,0.09,14,42.9,5.36,0,1,30.4,-0.492,0.14,21,47.4,4.16,0,2,19.3,-0.798,0.06,24,45.5,5.64,0,2,25.6,-0.617,0.12,12,41.7,2.5,0,1,14.6,-0.697,0.02
2024,271,Gardner Minshew,LV,QB,1,8,KC,10.404624277456648,36,80,6.97,2,0,117.9,0.176,0.47,10,90,8.1,2,0,140,1.221,1.12,20,82.4,7.53,0,0,98,0.049,0.29,14,84.6,8.85,0,0,103.5,0.612,0.38,22,76.5,5.53,2,0,128.1,-0.102,0.53
2024,272,Tyler Huntley,MIA,QB,1,5,NE,22.085889570552148,36,58.1,6.26,0,1,63.1,-0.066,0.21,10,44.4,4.78,0,0,59,-0.144,0.17,26,63.6,6.86,0,1,64.8,-0.036,0.22,19,62.5,7.94,0,0,87.2,0.127,0.27,17,53.3,4.47,0,1,37.4,-0.282,0.13
2024,273,Jordan Love,GB,QB,1,7,HST,7.982261640798225,36,72.7,6.67,3,2,95.5,-0.017,0.52,2,50,6,0,0,68.8,0.127,0.24,33,73.3,6.67,2,2,85.4,-0.087,0.42,15,73.3,6.53,0,1,62.6,-0.066,0.19,21,72.2,6.78,3,1,106.9,0.017,0.76
2024,274,Justin Herbert,LAC,QB,1,15,TB,6.25,36,63.6,5.91,2,1,87.3,-0.313,0.41,4,33.3,4.33,0,0,47.9,-0.675,0.13,31,65.5,6.03,1,1,79,-0.325,0.32,27,66.7,6.46,0,1,67.2,-0.355,0.19,9,55.6,4.44,2,0,106.5,-0.186,1.07
2024,275,Joe Burrow,CIN,QB,1,16,CLV,4.986149584487535,36,76.7,8.4,3,0,134.3,0.122,0.67,18,75,9.06,3,0,141.9,0.104,0.99,18,78.6,7.64,0,0,98.5,0.14,0.34,25,68.2,8.86,2,0,126.1,0.162,0.64,11,100,7.13,1,0,135.9,0.029,0.72
2024,276,Trevor Lawrence,JAX,QB,1,2,CLV,11.428571428571429,36,46.7,7.33,0,0,71.5,-0.059,0.37,13,27.3,3.64,0,0,42.2,-0.259,0.38,20,62.5,9.5,0,0,93.8,0.078,0.36,23,52.6,9.05,0,0,83.7,0.172,0.44,13,36.4,4.36,0,0,50.6,-0.469,0.24
2024,277,Mac Jones,JAX,QB,1,18,IND,12.413793103448276,36,62.5,7.03,1,1,80.9,0.1,0.38,10,62.5,5.5,1,0,116.7,0.137,0.7,24,63.6,7.32,0,1,66.7,0.081,0.25,20,58.8,7.94,0,0,84.2,0.108,0.33,16,66.7,6,1,1,77.1,0.091,0.44
2024,278,Aidan O'Connell,LV,QB,1,17,NO,14.0625,36,57.1,6.91,2,0,97.6,0.268,0.49,8,75,12.13,1,0,154.7,1.059,0.98,26,53.8,5.58,1,0,83,0.184,0.38,14,78.6,12,1,0,140.5,1.19,0.77,22,42.9,3.52,1,0,68.4,-0.318,0.32
2024,279,Bryce Young,CAR,QB,1,15,DAL,8.017817371937639,36,67.9,7.82,1,2,73.4,-0.241,0.49,14,83.3,12.42,1,0,146.2,0.569,0.71,20,60,4.67,0,2,31.9,-0.905,0.05,20,81.3,10,1,0,129.2,0.272,0.54,16,50,4.92,0,2,24.7,-0.882,0.43
2024,280,Bo Nix,DEN,QB,1,13,CLV,5.61622464898596,36,51.4,8.4,1,2,65.7,0.094,0.4,10,20,2.2,0,2,0,-1.128,-0.11,26,64,10.88,1,0,114.1,0.564,0.6,18,38.9,5.89,0,2,19.4,-0.116,0.12,18,64.7,11.06,1,0,121.7,0.304,0.67
2024,281,Jayden Daniels,WAS,QB,1,4,ARZ,6.010016694490818,36,86.7,7.77,1,1,96.3,0.377,0.43,12,91.7,8.42,0,0,101.7,0.726,0.34,23,82.4,7.18,0,1,72.1,0.076,0.3,20,88.2,7.53,0,0,98,0.338,0.35,16,84.6,8.08,1,1,93.9,0.425,0.52
2024,282,Geno Smith,SEA,QB,1,13,NYJ,5.368098159509203,35,64.5,6.65,1,0,94.3,-0.031,0.36,10,44.4,6.33,0,0,65.5,-0.165,0.23,25,72.7,6.77,1,0,106.1,0.023,0.41,13,69.2,9.69,1,0,125.8,0.955,0.7,22,61.1,4.44,0,0,71.5,-0.613,0.16
2024,283,Dak Prescott,DAL,QB,1,1,CLV,11.182108626198083,35,59.4,5.59,1,0,85.3,-0.19,0.32,11,50,6.7,0,0,71.7,-0.143,0.24,23,66.7,5.33,1,0,95.7,-0.211,0.37,30,55.6,5.7,1,0,84.5,-0.168,0.34,5,80,5,0,0,87.5,-0.324,0.2
2024,284,Jared Goff,DET,QB,1,13,CHI,5.993150684931506,35,61.8,6.5,2,0,100.2,0.057,0.48,7,42.9,2.43,2,0,89.9,-0.763,1.24,25,72,8.16,0,0,96.1,0.408,0.33,26,69.2,8.12,0,0,93.6,0.226,0.32,9,37.5,1.25,2,0,85.4,-0.432,0.93
2024,285,Jared Goff,DET,QB,1,18,MIN,5.993150684931506,35,81.8,7,1,2,80.7,0.045,0.32,7,100,10.14,1,0,148.5,1.276,0.98,27,76.9,6.15,0,2,59.8,-0.225,0.16,13,83.3,7.17,0,1,61.8,0.025,0.19,22,81,6.9,1,1,91.5,0.057,0.4
2024,286,Cooper Rush,DAL,QB,1,14,CIN,10.76923076923077,35,51.6,5.9,2,1,77.8,-0.178,0.42,14,42.9,4.86,1,1,52.1,-0.318,0.41,20,56.3,7,0,0,78.1,-0.141,0.24,17,56.3,8.69,0,1,59.1,-0.064,0.27,18,46.7,2.93,2,0,93.1,-0.285,0.56
2024,287,Patrick Mahomes,KC,QB,1,11,BUF,5.351681957186544,35,69.7,5.94,3,2,90,0.16,0.51,10,66.7,6.22,1,0,120.6,-0.145,0.62,23,72.7,6.27,1,2,66.1,0.235,0.33,15,64.3,6.71,1,2,67.9,-0.077,0.38,20,73.7,5.37,2,0,120.9,0.338,0.6
2024,288,Lamar Jackson,BLT,QB,1,11,PIT,6.445672191528545,35,48.5,6.27,1,1,66.1,-0.157,0.32,14,50,5.93,1,1,62.5,-0.25,0.45,21,47.4,6.53,0,0,68.8,-0.096,0.24,27,51.9,6.85,1,0,86.2,-0.028,0.42,8,33.3,3.67,0,1,5.6,-0.593,-0.01
2024,289,Baker Mayfield,TB,QB,1,14,LV,5.368098159509203,35,62.1,10.17,3,2,101.9,0.143,0.66,9,75,15.13,1,0,156.3,0.822,0.98,25,55,8.45,1,2,60.2,-0.138,0.4,16,42.9,7.07,0,1,37.5,-0.09,0.22,19,80,13.07,3,1,130.6,0.34,1.03
2024,290,Baker Mayfield,TB,QB,1,17,CAR,5.368098159509203,35,84.4,11.22,5,0,153,0.699,0.99,3,100,8,0,0,100,0.645,0.32,28,80,13.04,2,0,145.4,0.701,0.76,19,76.5,7.94,1,0,118.5,0.231,0.49,16,93.3,14.93,4,0,158.3,1.253,1.57
2024,291,Josh Allen,BUF,QB,1,5,HST,6.481481481481481,35,30,4.37,1,0,56.4,0.042,0.42,12,9.1,4.45,1,0,75.9,-0.374,0.5,23,42.1,4.32,0,0,55.2,0.259,0.38,19,31.3,1.69,0,0,40.6,-0.269,0.29,16,28.6,7.43,1,0,81.8,0.411,0.57
2024,292,Josh Allen,BUF,QB,1,7,TEN,6.481481481481481,35,63.6,9.79,2,0,116.1,0.363,0.62,9,55.6,12.44,1,0,137.3,0.798,0.94,25,65.2,9,0,0,93.9,0.165,0.36,21,50,10.15,0,0,86,0.202,0.42,14,84.6,9.23,2,0,144.7,0.603,0.91
2024,293,Sam Darnold,MIN,QB,1,7,DET,5.636070853462158,35,81.5,9.59,1,1,103.5,0.099,0.49,19,71.4,7.14,1,1,85.4,0.111,0.55,14,91.7,11.58,0,0,114.9,0.093,0.43,22,72.2,7.94,1,1,90.7,-0.074,0.51,13,100,12.89,0,0,118.8,0.392,0.46
2024,294,Tyler Huntley,MIA,QB,1,17,CLV,21.472392638036812,35,84.6,8.65,1,0,115.5,0.297,0.69,10,66.7,7.67,1,0,129.2,0.578,0.91,24,94.7,9.42,0,0,105.9,0.163,0.63,18,85.7,10.21,1,0,133,0.478,0.6,17,83.3,6.83,0,0,95.1,0.106,0.79
2024,295,Jordan Love,GB,QB,1,1,PHI,7.760532150776053,35,50,7.65,2,1,83,0.08,0.5,9,75,5.63,1,0,127.6,0.357,0.64,23,47.8,9.35,1,1,77.3,0.134,0.5,22,57.1,11.05,1,1,91.8,0.349,0.56,13,38.5,2.15,1,0,72.3,-0.374,0.39
2024,296,Jordan Love,GB,QB,1,6,ARZ,7.760532150776053,35,68.8,8.06,4,1,119.5,0.538,0.77,10,33.3,4,1,0,83.6,-0.029,0.57,23,81,9.86,1,1,103.8,0.607,0.54,18,62.5,6.63,0,0,81.8,0.319,0.29,17,75,9.5,4,1,117.7,0.769,1.28
2024,297,Justin Herbert,LAC,QB,1,14,KC,6.076388888888888,35,70,7.1,1,0,101.1,0.189,0.38,10,75,4.75,0,0,84.4,-0.265,0.17,25,68.2,7.95,1,0,107.2,0.37,0.47,11,66.7,6.22,1,0,120.6,0.136,0.59,24,71.4,7.48,0,0,92.8,0.213,0.29
2024,298,Jalen Hurts,PHI,QB,1,2,ATL,7.9908675799086755,35,76.7,6.1,1,1,88.6,0.213,0.44,7,42.9,3.14,0,1,11.3,-0.367,-0.02,23,94.4,8.22,0,0,100.9,0.468,0.47,20,87.5,6.75,0,1,68.8,0.204,0.34,15,64.3,5.36,1,0,101.8,0.225,0.57
2024,299,Joe Burrow,CIN,QB,1,1,NE,4.847645429362881,35,72.4,5.66,0,0,86,-0.318,0.22,13,33.3,3.78,0,0,45.6,-0.744,0.19,22,90,6.5,0,0,93.8,-0.066,0.25,15,50,2.08,0,0,56.3,-0.746,0.1,20,88.2,8.18,0,0,100.7,0.003,0.32
2024,300,Justin Fields,PIT,QB,1,3,LAC,17.857142857142858,35,78.1,7.66,1,1,96,0.235,0.38,5,40,4.6,0,0,54.6,0.579,0.18,29,84.6,8.38,1,1,98.4,0.191,0.42,16,80,6.07,0,0,91.9,0.319,0.23,19,76.5,9.06,1,1,98.7,0.164,0.5
2024,301,Trevor Lawrence,JAX,QB,1,4,HST,11.11111111111111,35,54.5,5.12,2,0,89.1,-0.035,0.44,15,53.3,7.6,1,0,100.4,0.071,0.57,17,60,4.27,1,0,92.1,-0.069,0.42,23,56.5,5.96,1,0,88.5,0.122,0.41,12,50,3.2,1,0,90.4,-0.336,0.49
2024,302,Trevor Lawrence,JAX,QB,1,9,PHI,11.11111111111111,35,51.6,5.45,0,2,40.9,-0.27,0.33,10,33.3,4.44,0,1,8.8,-0.641,0.7,25,59.1,5.86,0,1,56.8,-0.122,0.18,23,57.1,6.05,0,2,35.3,-0.468,0.15,12,40,4.2,0,0,52.9,0.109,0.67
2024,303,Brock Purdy,SF,QB,1,11,SEA,6.60377358490566,35,75,5.68,1,1,85.3,0.154,0.55,16,76.9,5.62,1,1,83.2,0.423,0.89,18,71.4,5.36,0,0,83.9,-0.068,0.26,15,75,6.42,0,1,56.6,0.221,0.31,20,75,5.13,1,0,106.8,0.105,0.73
2024,304,Aidan O'Connell,LV,QB,1,18,LAC,13.671875,35,70.6,6.29,2,1,94.5,-0.089,0.47,5,60,4,1,0,108.3,-0.312,0.96,30,72.4,6.69,1,1,87.4,-0.052,0.39,9,77.8,6.56,1,0,131,0.518,0.71,26,68,6.2,1,1,81.3,-0.299,0.39
2024,305,Bryce Young,CAR,QB,1,17,TB,7.795100222717149,35,53.6,7.25,2,0,100.7,-0.04,0.48,4,75,14,0,0,116.7,1.301,0.56,29,50,5.82,2,0,98.3,-0.276,0.48,20,47.1,6.06,0,0,66.5,-0.275,0.21,15,63.6,9.09,2,0,132.6,0.273,0.85
2024,306,Will Levis,TEN,QB,1,2,NYJ,9.668508287292818,35,67.9,6.86,1,1,84.2,-0.127,0.41,8,50,9.25,0,0,82.3,-0.191,0.61,26,70.8,6.46,1,1,84.5,-0.1,0.35,15,40,8.5,1,1,64.6,-0.361,0.65,20,83.3,5.94,0,0,91.4,0.049,0.22
2024,307,Bo Nix,DEN,QB,1,11,ATL,5.46021840873635,35,84.8,9.3,4,0,145,0.645,0.82,4,75,10,0,0,106.3,0.614,0.4,27,84.6,9.62,2,0,132.4,0.724,0.68,18,76.5,10.47,1,0,129,0.629,0.63,17,93.8,8.06,3,0,139.8,0.661,1.01
2024,308,Caleb Williams,CHI,QB,1,15,MIN,5.147058823529411,35,58.1,6.16,1,0,86.9,-0.171,0.34,7,0,0,0,0,39.6,-1.855,0,27,72,7.64,1,0,107.3,0.287,0.44,15,66.7,7.33,0,0,88.2,-0.652,0.24,20,52.6,5.42,1,0,86.1,0.19,0.42
2024,309,Caleb Williams,CHI,QB,1,5,CAR,5.147058823529411,35,69,10.48,2,0,126.2,0.52,0.67,4,33.3,3.67,0,0,45.1,-1.051,0.11,31,73.1,11.27,2,0,135.6,0.722,0.75,29,73.9,11.3,2,0,139.8,0.588,0.75,6,50,7.33,0,0,74.3,0.189,0.29
2024,310,Aaron Rodgers,NYJ,QB,1,9,HST,5.3125,34,68.8,6.59,3,0,118.1,0.253,0.6,16,57.1,6.86,2,0,117.9,0.066,0.74,18,77.8,6.39,1,0,111.8,0.42,0.48,24,59.1,4.14,1,0,83.7,-0.127,0.32,10,90,12,2,0,156.3,1.166,1.28
2024,311,Matthew Stafford,LA,QB,1,8,MIN,6.204379562043796,34,73.5,8.21,4,1,124.5,0.467,0.77,4,100,18.75,1,0,158.3,1.366,1.75,26,69.2,7,0,1,72.9,0.168,0.24,13,76.9,10.92,2,0,151.3,0.897,1.05,21,71.4,6.52,2,1,100.7,0.201,0.59
2024,312,Cooper Rush,DAL,QB,1,12,WAS,10.461538461538462,34,75,7.72,2,0,117.6,0.245,0.53,6,40,1.8,0,0,47.9,-0.857,0.06,27,80.8,8.92,1,0,116.7,0.427,0.5,12,58.3,5.58,0,0,74,-0.216,0.22,22,85,9,2,0,137.5,0.497,0.7
2024,313,Patrick Mahomes,KC,QB,1,4,LAC,5.198776758409786,34,65.5,8.45,1,1,89,-0.039,0.42,6,60,11.4,0,0,99.6,0.86,0.6,27,65.2,7.78,1,1,85.2,-0.282,0.38,11,62.5,8.63,0,1,50.5,-0.432,0.28,23,66.7,8.38,1,0,108.4,0.148,0.49
2024,314,Baker Mayfield,TB,QB,1,1,WAS,5.214723926380368,34,80,9.63,4,0,146.4,0.621,0.87,8,71.4,8.57,3,0,136.9,0.73,1.8,24,90.5,10.9,1,0,128,0.772,0.64,18,82.4,10.29,3,0,149.1,0.717,1.06,16,76.9,8.77,1,0,128.4,0.512,0.67
2024,315,Josh Allen,BUF,QB,1,16,NE,6.296296296296296,34,55.2,5.31,1,1,67.3,0.071,0.35,22,44.4,3.39,1,1,48.6,-0.143,0.33,12,72.7,8.45,0,0,97.9,0.464,0.37,26,45.5,4.09,1,1,53.2,-0.121,0.33,8,85.7,9.14,0,0,104.8,0.695,0.41
2024,316,Josh Allen,BUF,QB,1,3,JAX,6.296296296296296,34,76.7,8.77,4,0,142.1,0.756,0.88,19,68.8,10.31,3,0,141.9,0.88,1.08,14,84.6,7.08,0,0,96.2,0.446,0.36,24,76.2,9.57,3,0,145,0.91,0.92,10,77.8,6.89,1,0,132.4,0.387,0.78
2024,317,Josh Allen,BUF,QB,1,4,BLT,6.296296296296296,34,55.2,6.21,0,0,73.9,-0.248,0.23,7,42.9,1.57,0,0,50.3,-0.653,0.06,27,59.1,7.68,0,0,83.3,-0.143,0.28,22,45,3.9,0,0,55.8,-0.306,0.16,12,77.8,11.33,0,0,113.9,-0.141,0.37
2024,318,Sam Darnold,MIN,QB,1,14,ATL,5.475040257648954,34,78.6,12.39,5,0,157.9,0.652,1.02,11,62.5,12.75,0,0,106.3,0.223,0.42,19,81.3,12.94,2,0,158.3,0.547,0.87,16,75,19,3,0,156.3,0.89,1.35,18,81.3,7.44,2,0,137.2,0.44,0.73
2024,319,Kyler Murray,ARZ,QB,1,15,NE,5.555555555555555,34,76.7,7.47,0,0,97.1,0.266,0.3,10,55.6,11.89,0,0,97.9,0.794,0.47,23,85,5.85,0,0,91,0.066,0.23,22,73.7,9.84,0,0,104.5,0.548,0.37,12,81.8,3.36,0,0,80.7,-0.252,0.16
2024,320,Tua Tagovailoa,MIA,QB,1,16,SF,7.962529274004685,34,64.7,6.32,1,0,92.2,0.166,0.37,4,25,1.25,0,0,39.6,-1.017,0.05,30,70,7,1,0,100.7,0.324,0.41,16,68.8,7.13,1,0,109.9,0.274,0.53,18,61.1,5.61,0,0,76.4,0.071,0.22
2024,321,Jordan Love,GB,QB,1,17,MIN,7.5388026607538805,34,63.3,6.17,1,0,91.7,0,0.35,21,70,5.7,1,0,100.8,0.042,0.41,13,50,7.1,0,0,73.3,-0.069,0.26,22,57.9,5.37,0,0,72.7,-0.163,0.21,12,72.7,7.55,1,0,124.4,0.298,0.61
2024,322,Justin Herbert,LAC,QB,1,9,CLV,5.902777777777778,34,66.7,10.44,2,0,125.8,0.034,0.58,5,75,9,0,0,102.1,-0.065,0.29,28,63.6,9.41,2,0,124.6,0.056,0.6,14,70,9.5,0,0,100,-0.028,0.3,20,64.7,11,2,0,141.1,0.078,0.77
2024,323,Jalen Hurts,PHI,QB,1,11,WAS,7.76255707762557,34,64.3,7.89,0,0,88.5,0.118,0.32,4,66.7,17.67,0,0,109.7,0.437,0.53,30,64,6.72,0,0,83.4,0.075,0.29,23,73.7,9.53,0,0,103.2,0.2,0.35,11,44.4,4.44,0,0,57.6,-0.055,0.25
2024,324,Joe Burrow,CIN,QB,1,6,NYG,4.7091412742382275,34,67.9,7.43,0,0,89.6,0.234,0.59,10,33.3,5.83,0,0,54.2,0.439,1.31,22,80,8.2,0,0,100.8,0.134,0.3,13,54.5,5.18,0,0,69.1,0.254,1,21,76.5,8.88,0,0,102.8,0.222,0.34
2024,325,Trevor Lawrence,JAX,QB,1,5,IND,10.793650793650794,34,82.4,10.91,2,1,119.5,0.396,0.64,7,71.4,8.86,0,0,98.5,-0.037,0.35,24,83.3,12.38,1,1,114.8,0.451,0.62,23,82.6,11.52,2,1,125.5,0.355,0.77,11,81.8,9.64,0,0,106.8,0.483,0.39
2024,326,Trevor Lawrence,JAX,QB,1,8,GB,10.793650793650794,34,65.6,9.63,2,1,104.7,0.123,0.57,7,50,6.33,0,0,70.1,-0.397,0.25,27,69.2,10.38,2,1,112.7,0.258,0.66,18,76.5,11.65,1,0,133.9,0.451,0.67,16,53.3,7.33,1,1,71.5,-0.246,0.46
2024,327,Mac Jones,JAX,QB,1,13,HST,11.724137931034482,34,62.5,7.34,2,0,105.6,0.38,0.53,14,46.2,7.77,1,0,98.6,0.393,0.58,18,76.5,7.53,0,0,97.2,0.388,0.31,23,57.1,5.38,0,0,72.1,0.055,0.22,11,72.7,11.09,2,0,148.5,1.059,1.17
2024,328,Mac Jones,JAX,QB,1,14,TEN,11.724137931034482,34,74.2,7.1,0,2,66.6,0.116,0.21,8,42.9,2.86,0,1,10.7,-0.492,0,25,82.6,8.48,0,1,83.9,0.322,0.28,22,76.2,7.62,0,2,57.7,0.277,0.21,12,70,6,0,0,85.4,-0.179,0.22
2024,329,Brock Purdy,SF,QB,1,15,LA,6.415094339622642,34,45.2,4.58,0,1,45.4,-0.311,0.14,8,37.5,5.5,0,0,56.3,0.018,0.22,24,50,4.45,0,1,43.4,-0.424,0.12,16,42.9,4.07,0,1,25,-0.544,0.08,18,47.1,5,0,0,62.1,-0.103,0.19
2024,330,Will Levis,TEN,QB,1,12,HST,9.392265193370166,34,75,11.58,2,1,123.3,0.005,0.56,5,75,12.25,0,0,115.6,1.409,0.51,29,75,11.45,2,1,124.8,-0.237,0.57,18,78.6,6.5,0,0,93.8,0.197,0.24,16,70,18.7,2,1,112.5,-0.211,0.92
2024,331,Will Levis,TEN,QB,1,14,JAX,9.392265193370166,34,59.4,5.25,0,0,73.4,-0.316,0.2,13,58.3,6.58,0,0,78.1,-0.424,0.24,15,66.7,5.8,0,0,81.8,0.155,0.23,17,66.7,7.13,0,0,87.4,-0.05,0.25,17,52.9,3.59,0,0,61.2,-0.583,0.14
2024,332,C.J. Stroud,HST,QB,1,6,NE,5.475040257648954,34,64.5,6.19,3,1,100.5,0.104,0.57,16,46.7,5.87,2,1,77.2,-0.087,0.66,17,80,6.27,0,0,92.8,0.148,0.27,21,50,6,1,1,64.6,-0.074,0.37,13,90.9,6.55,2,0,133.5,0.392,0.9
2024,333,Caleb Williams,CHI,QB,1,6,JAX,5,34,79.3,7.79,4,1,124.4,0.512,0.83,15,75,7.58,1,0,124,0.789,0.79,17,80,8.2,1,1,95.3,0.062,0.47,17,71.4,6.93,1,1,84.5,0.118,0.4,17,86.7,8.6,3,0,142.1,0.907,1.26
2024,334,Aaron Rodgers,NYJ,QB,1,11,IND,5.15625,33,75.9,6.34,2,0,114.7,-0.024,0.49,6,66.7,3.33,0,0,71.5,-0.602,0.13,25,77.3,6.95,1,0,110.6,0.021,0.43,16,60,4.87,1,0,94.6,-0.219,0.43,17,92.9,7.93,1,0,123.5,0.159,0.54
2024,335,Aaron Rodgers,NYJ,QB,1,2,TEN,5.15625,33,60,5.87,2,0,98.8,0.04,0.46,13,63.6,7.73,2,0,126.9,0.125,0.88,20,57.9,4.79,0,0,70.3,-0.015,0.19,17,53.3,5.2,2,0,107.8,-0.061,0.65,16,66.7,6.53,0,0,84.9,0.147,0.26
2024,336,Matthew Stafford,LA,QB,1,17,ARZ,6.021897810218978,33,53.1,5.91,0,0,71,0.032,0.27,6,50,3,0,0,56.3,-0.478,0.12,24,60.9,7.43,0,0,83.8,0.252,0.33,18,50,4.44,0,0,62.3,-0.107,0.18,15,57.1,7.79,0,0,82.1,0.199,0.37
2024,337,Russell Wilson,PIT,QB,1,12,CLV,8.483290488431876,33,75,9.64,1,0,116.7,0.296,0.48,5,100,14,0,0,118.8,1.133,0.56,26,71.4,9.1,1,0,115.4,0.187,0.49,18,73.3,7,0,0,92.4,0.194,0.29,15,76.9,12.69,1,0,143.9,0.418,0.71
2024,338,Russell Wilson,PIT,QB,1,8,NYG,8.483290488431876,33,71.4,9.93,1,0,114.9,0.101,0.47,11,88.9,17.33,1,0,155.8,0.466,0.93,18,68.8,7.38,0,0,90.1,0.067,0.28,19,78.6,13.21,1,0,142.6,0.077,0.62,14,64.3,6.64,0,0,83.3,0.133,0.27
2024,339,Derek Carr,NO,QB,1,14,NYG,11.186440677966102,33,64.5,7.06,1,1,82.6,0.118,0.37,5,75,12.25,0,0,115.6,0.458,0.39,28,63,6.3,1,1,77.7,0.057,0.36,18,56.3,9.25,1,1,82.3,0.341,0.51,15,73.3,4.73,0,0,82.9,-0.149,0.19
2024,340,Jared Goff,DET,QB,1,16,CHI,5.650684931506849,33,71.9,10.5,3,0,137,0.469,0.77,4,50,5.5,1,0,106.3,0.562,1.22,29,75,11.21,2,0,135.1,0.457,0.71,20,70,13,2,0,145.8,0.88,0.92,13,75,6.33,1,0,118.8,-0.162,0.54
2024,341,Sam Darnold,MIN,QB,1,4,GB,5.314009661835748,33,71.4,9.82,3,1,123.4,0.293,0.74,8,83.3,17.5,0,0,118.8,1.168,0.66,24,66.7,8,2,1,102.9,-0.038,0.62,18,78.6,12.71,1,1,112.8,0.356,0.69,15,64.3,6.93,2,0,124.1,0.218,0.79
2024,342,Kyler Murray,ARZ,QB,1,5,SF,5.392156862745098,33,63.3,6.5,1,1,79.2,-0.006,0.38,7,57.1,5.43,0,0,72.3,0.158,0.22,25,63.6,7.05,0,1,65.5,-0.084,0.27,18,61.1,7.78,0,0,85.4,0.302,0.31,15,66.7,4.58,1,1,69.8,-0.375,0.45
2024,343,Jalen Hurts,PHI,QB,1,9,JAX,7.534246575342466,33,75,9.58,2,0,132.3,0.307,0.66,7,66.7,13.83,1,0,149.3,0.924,1.15,24,82.4,8.65,1,0,122.3,0.186,0.56,11,55.6,12.89,0,0,100.5,0.111,0.49,22,86.7,7.6,2,0,137.9,0.404,0.75
2024,344,Brock Purdy,SF,QB,1,8,DAL,6.226415094339623,33,69.2,10,1,0,114.3,0.33,0.59,14,72.7,14.09,1,0,145.1,0.496,0.94,19,66.7,7,0,0,86.8,0.207,0.34,12,66.7,15.78,0,0,109.7,0.762,0.77,21,70.6,6.94,1,0,109.4,0.082,0.49
2024,345,Bailey Zappe,CLV,QB,1,18,BLT,100,33,51.6,5.48,1,2,51.8,-0.519,0.28,15,40,3.4,1,0,71.8,-0.352,0.4,17,60,7.8,0,2,45,-0.637,0.18,22,55,7.1,1,0,94.2,0.06,0.45,11,45.5,2.55,0,2,12.9,-1.679,-0.08
2024,346,Bryce Young,CAR,QB,1,16,ARZ,7.349665924276169,33,65.4,6.08,2,0,107.5,0.216,0.82,14,46.2,6.69,1,0,94.1,0.426,0.78,17,90.9,5.73,0,0,90.5,-0.066,0.71,14,70,7.7,0,0,92.5,0.417,0.55,19,62.5,5.06,2,0,114.8,0.068,1.03
2024,347,Will Levis,TEN,QB,1,10,LAC,9.116022099447514,33,78.3,7.61,2,0,127.4,0.114,0.53,4,50,6.5,1,0,110.4,0.035,1.26,29,84.2,7.84,1,0,116.9,0.125,0.43,15,72.7,6.64,1,0,120.6,-0.173,0.46,18,83.3,8.5,1,0,129.9,0.354,0.58
2024,348,Bo Nix,DEN,QB,1,10,KC,5.14820592823713,33,73.3,7.17,2,0,115.3,0.21,0.51,16,80,7.67,1,0,120.8,0.328,0.54,15,61.5,6.92,0,0,82.2,-0.053,0.26,19,84.2,9.11,1,0,122.1,0.543,0.57,14,54.5,3.82,1,0,93.8,-0.242,0.43
2024,349,Bo Nix,DEN,QB,1,18,KC,5.14820592823713,33,89.7,11.07,4,0,152.4,0.817,1,8,66.7,20,1,0,149.3,1.316,1.45,25,95.7,8.74,3,0,142.7,0.657,0.86,17,100,14.54,4,0,158.3,1.289,1.64,16,81.3,8.25,0,0,101,0.315,0.33
2024,350,Bo Nix,DEN,QB,1,7,NO,5.14820592823713,33,61.5,6.31,0,0,79.6,-0.012,0.3,13,40,2.7,0,0,47.9,-0.432,0.14,19,75,8.56,0,0,100.3,0.269,0.4,22,56.3,5.19,0,0,70.6,-0.169,0.28,11,70,8.1,0,0,94.2,0.304,0.33
2024,351,Jayden Daniels,WAS,QB,1,1,TB,5.509181969949917,33,70.8,7.67,0,0,93.1,0.209,0.46,7,50,5.75,0,0,67.7,0.126,0.52,26,75,8.05,0,0,98.1,0.231,0.44,12,71.4,6.43,0,0,88.4,-0.166,0.41,21,70.6,8.18,0,0,95,0.423,0.48
2024,352,Jayden Daniels,WAS,QB,1,5,CLV,5.509181969949917,33,56,9.52,1,1,85.1,0.263,0.58,22,56.3,7.75,1,0,102.1,0.241,0.58,10,50,13.88,0,1,56.3,0.419,0.62,28,50,10.6,1,1,83.8,0.32,0.65,5,80,5.2,0,0,88.3,-0.053,0.21
2024,353,Caleb Williams,CHI,QB,1,1,TEN,4.852941176470589,33,48.3,3.21,0,0,55.7,-0.345,0.16,7,42.9,3.43,0,0,52.1,0.065,0.14,25,47.6,3.1,0,0,54.7,-0.478,0.17,15,53.3,3.4,0,0,60.7,-0.128,0.14,18,42.9,3,0,0,50.3,-0.526,0.18
2024,354,Matthew Stafford,LA,QB,1,2,ARZ,5.839416058394161,32,70.4,8,0,0,94.1,-0.349,0.27,6,50,0,0,0,56.3,-2.071,0,25,77.3,9.82,0,0,107.4,0.086,0.35,17,69.2,8.46,0,0,95,-0.349,0.26,15,71.4,7.57,0,0,93.2,-0.348,0.28
2024,355,Matthew Stafford,LA,QB,1,4,CHI,5.839416058394161,32,69,7.72,0,1,77.4,-0.042,0.25,9,57.1,7.29,0,0,80.1,-0.583,0.23,21,75,8.55,0,1,79.4,0.236,0.28,24,68.2,8.36,0,1,74.8,0.025,0.27,8,71.4,5.71,0,0,85.4,-0.243,0.2
2024,356,Andy Dalton,CAR,QB,1,5,CHI,18.497109826589593,32,64.3,4.86,0,1,61,-0.61,0.15,7,66.7,10.83,0,0,102.8,-0.484,0.37,24,66.7,3.38,0,1,51.9,-0.64,0.09,22,68.4,4.79,0,1,57.1,-0.722,0.12,10,55.6,5,0,0,69.2,-0.366,0.21
2024,357,Russell Wilson,PIT,QB,1,10,WAS,8.226221079691516,32,50,6.96,3,1,93.6,0.267,0.61,12,50,8.75,1,0,108,0.597,0.68,18,50,6.21,1,1,63.7,-0.001,0.39,26,52.2,7.78,2,1,88.9,0.286,0.54,6,40,3.2,1,0,88.3,0.18,0.87
2024,358,Kirk Cousins,ATL,QB,1,8,TB,6.6115702479338845,32,79.3,9.52,4,0,145.9,0.515,0.89,5,100,18.5,1,0,158.3,1.804,1.65,26,75,8.17,2,0,126.4,0.211,0.61,17,64.3,11.07,2,0,141.4,0.485,0.91,15,93.3,8.07,2,0,139.9,0.549,0.86
2024,359,Geno Smith,SEA,QB,1,7,ATL,4.9079754601226995,32,64.3,7.39,2,0,110.3,0.178,0.56,9,75,11.88,2,0,153.6,0.989,1.31,23,60,5.6,0,0,75.4,-0.14,0.26,15,53.8,6.08,0,0,72.3,-0.05,0.22,17,73.3,8.53,2,0,138.3,0.379,0.85
2024,360,Geno Smith,SEA,QB,1,8,BUF,4.9079754601226995,32,72.4,7.31,0,1,78.5,0.04,0.31,6,80,7,0,1,56.3,-0.451,0.28,25,69.6,7.26,0,0,90.3,0.117,0.31,16,66.7,5.73,0,1,53.8,-0.436,0.15,16,78.6,9,0,0,104.2,0.516,0.46
2024,361,Derek Carr,NO,QB,1,9,CAR,10.847457627118644,32,58.1,7.61,1,0,92.9,0.136,0.42,6,40,6.6,1,0,102.5,0.036,0.89,24,62.5,7.42,0,0,85.1,0.214,0.3,16,53.3,5.8,1,0,92.9,-0.171,0.47,16,62.5,9.31,0,0,93,0.443,0.37
2024,362,Brandon Allen,SF,QB,1,12,GB,96.96969696969697,32,58.6,6.86,1,1,76.7,-0.524,0.36,3,33.3,3,0,0,42.4,0.112,0.12,28,60,7.48,0,1,66.6,-0.696,0.25,13,33.3,5.5,0,1,18.1,-1.029,0.13,19,76.5,7.82,1,0,118,-0.179,0.52
2024,363,Jared Goff,DET,QB,1,11,JAX,5.47945205479452,32,82.8,14.21,4,0,158.3,1.068,1.07,18,82.4,13.71,3,0,158.3,1.119,1.23,13,83.3,14.92,1,0,146.5,1.035,0.9,19,83.3,13.56,2,0,155.8,1.113,0.98,13,81.8,15.27,2,0,158.3,1.002,1.21
2024,364,Jacoby Brissett,NE,QB,1,2,SEA,17.02127659574468,32,55.6,5.52,1,0,83.7,0.025,0.33,18,47.1,3.35,0,0,55.3,-0.13,0.13,12,75,10.88,0,0,109.9,0.192,0.34,22,52.6,4.32,0,0,63.9,-0.104,0.15,10,62.5,8.38,1,0,128.6,0.307,0.72
2024,365,Patrick Mahomes,KC,QB,1,7,SF,4.892966360856269,32,59.3,5.7,0,2,44.4,0.032,0.45,11,50,6.75,0,1,32.3,0.669,1.02,20,61.1,5.39,0,1,52.3,-0.365,0.14,17,50,5.21,0,1,35.7,0.271,0.71,15,69.2,6.23,0,1,53.7,-0.238,0.15
2024,366,Baker Mayfield,TB,QB,1,10,SF,4.9079754601226995,32,62.1,4,1,0,82,-0.055,0.28,5,60,2.2,0,0,64.6,-0.346,0.09,25,63.6,4.91,1,0,90.7,0.08,0.34,24,59.1,4.14,1,0,83.7,0.001,0.33,8,71.4,3.57,0,0,76.5,-0.222,0.13
2024,367,Baker Mayfield,TB,QB,1,12,NYG,4.9079754601226995,32,80,9.8,0,0,107.5,0.687,0.62,9,50,4.75,0,0,63.5,0.169,0.28,21,95.2,12.19,0,0,117.5,0.842,0.49,20,73.7,8.95,0,0,100.8,0.499,0.39,12,90.9,11.27,0,0,113.6,1.002,1
2024,368,Sam Darnold,MIN,QB,1,3,HST,5.152979066022544,32,60.7,6.46,4,0,119.2,0.164,0.73,6,40,4.4,0,0,53.8,-0.563,0.15,20,64.7,8.18,0,0,90.1,0.123,0.28,16,69.2,9.31,0,0,98.6,0.149,0.3,16,53.3,4,4,0,102.8,0.179,1.15
2024,369,Gardner Minshew,LV,QB,1,3,CAR,9.248554913294797,32,64.3,7.64,1,1,84.5,-0.109,0.41,5,50,3.75,0,0,59.4,-0.431,0.12,26,66.7,8.29,1,1,88.7,-0.118,0.46,22,70,6.95,1,1,85.2,-0.291,0.39,10,50,9.38,0,0,82.8,0.293,0.44
2024,370,Joe Burrow,CIN,QB,1,4,CAR,4.43213296398892,32,71,7.48,2,1,100.5,0.304,0.54,8,37.5,5.13,1,0,94.3,0.112,0.7,23,86.4,8.68,1,1,99.1,0.427,0.51,19,68.4,4.84,1,1,74.9,0.048,0.35,13,75,11.67,1,0,141,0.679,0.82
2024,371,Justin Fields,PIT,QB,1,6,LV,16.3265306122449,32,58.3,6.04,0,0,75.9,0.179,0.48,11,37.5,4,0,0,50,-0.356,0.24,20,68.8,7.06,0,0,88.8,0.331,0.32,20,62.5,7.5,0,0,85.4,0.398,0.35,12,50,3.13,0,0,56.8,-0.185,0.7
2024,372,Brock Purdy,SF,QB,1,1,NYJ,6.037735849056604,32,65.5,7.97,0,0,89.9,0.224,0.32,13,66.7,8.08,0,0,91.3,0.112,0.3,19,64.7,7.88,0,0,88.8,0.3,0.34,18,66.7,8.27,0,0,92.1,0.172,0.34,14,64.3,7.64,0,0,87.5,0.291,0.31
2024,373,C.J. Stroud,HST,QB,1,15,MIA,5.152979066022544,32,69.2,5.04,2,0,106.4,-0.207,0.43,4,25,3.25,0,0,40.6,-0.546,0.13,25,75,5.3,0,0,86.7,-0.302,0.19,11,37.5,4.38,0,0,51.6,-0.629,0.15,21,83.3,5.33,2,0,125.9,0.014,0.58
2024,374,Anthony Richardson,IND,QB,1,11,NYJ,10.702341137123746,32,66.7,9.07,1,0,106.5,0.301,0.47,12,72.7,9.91,1,0,134.3,0.216,0.7,19,66.7,9.06,0,0,95.4,0.374,0.34,21,73.7,10,1,0,122.7,0.306,0.55,11,54.5,7.45,0,0,78.6,0.291,0.3
2024,375,Bo Nix,DEN,QB,1,5,LV,4.99219968798752,32,70.4,7.63,2,0,117.2,0.073,0.55,10,50,6.7,1,0,105,-0.047,0.67,19,86.7,9,0,0,104.2,0.07,0.34,18,76.5,9.47,1,0,124.9,0.397,0.64,14,60,4.5,1,0,104.2,-0.344,0.42
2024,376,Caleb Williams,CHI,QB,1,14,SF,4.705882352941177,32,73.9,5.83,2,0,116.9,-0.159,0.48,3,0,0,0,0,0,-1.052,0,28,72.7,5.91,1,0,102.5,-0.159,0.4,16,90,6.3,0,0,92.9,-0.227,0.21,16,61.5,5.46,2,0,115.7,-0.09,0.74
2024,377,Caleb Williams,CHI,QB,1,18,GB,4.705882352941177,32,72.4,5.1,1,0,95.2,-0.008,0.33,4,66.7,5.33,0,0,79.9,0.462,0.23,26,75,4.75,1,0,98.3,-0.139,0.34,16,73.3,6.2,0,0,89,0.25,0.25,16,71.4,3.93,1,0,101.8,-0.266,0.41
2024,378,Caleb Williams,CHI,QB,1,8,WAS,4.705882352941177,32,41.7,5.46,0,0,59.5,-0.29,0.25,8,40,6.4,0,0,62.1,-0.078,0.27,22,41.2,5.41,0,0,58.9,-0.416,0.26,19,46.7,6.27,0,0,67.1,-0.384,0.25,13,33.3,4.11,0,0,47,-0.152,0.27
2024,379,Russell Wilson,PIT,QB,1,7,NYJ,7.969151670951156,31,55.2,9.1,2,0,109,0.269,0.6,11,45.5,9.27,1,0,108.9,0.199,0.73,18,68.8,10.13,1,0,122.4,0.413,0.59,18,58.8,10.06,2,0,132.2,0.462,0.83,13,50,7.75,0,0,76,0,0.29
2024,380,Kirk Cousins,ATL,QB,1,2,PHI,6.40495867768595,31,69,8.31,2,0,117.2,0.295,0.57,8,57.1,7.71,2,0,121.4,0.154,1.27,22,76.2,8.9,0,0,102.7,0.394,0.34,19,66.7,6.5,1,0,103.2,0.236,0.46,12,72.7,11.27,1,0,140,0.388,0.76
2024,381,Kirk Cousins,ATL,QB,1,3,KC,6.40495867768595,31,69,7.93,1,1,89.7,0.09,0.39,12,66.7,10.33,1,1,93.8,0.212,0.66,19,70.6,6.24,0,0,86.9,0.013,0.22,13,75,9.58,1,1,97.6,-0.06,0.58,18,64.7,6.76,0,0,84.2,0.198,0.26
2024,382,Jared Goff,DET,QB,1,1,LA,5.308219178082192,31,64.3,7.75,1,1,85,-0.103,0.4,8,83.3,10.5,0,0,110.4,-0.017,0.32,23,59.1,7,1,1,76.7,-0.133,0.43,20,72.2,10.89,1,0,126.2,0.217,0.59,11,50,2.1,0,1,16.7,-0.685,0.05
2024,383,Jared Goff,DET,QB,1,10,HST,5.308219178082192,31,50,8,2,5,59.7,-0.044,0.41,3,33.3,11,0,0,75.7,0.474,0.44,26,56,8.28,2,4,70.3,-0.095,0.48,21,52.4,9.33,2,4,76.8,-0.032,0.56,10,44.4,4.89,0,1,19.9,-0.071,0.1
2024,384,Patrick Mahomes,KC,QB,1,1,BLT,4.740061162079511,31,71.4,10.39,1,1,101.9,0.391,0.49,12,81.8,9.18,0,0,104.9,0.471,0.34,19,64.7,11.18,1,1,97.7,0.34,0.58,17,80,10.07,0,0,108.6,0.746,0.38,14,61.5,10.77,1,1,91.8,-0.041,0.61
2024,385,Patrick Mahomes,KC,QB,1,2,CIN,4.740061162079511,31,72,6.04,2,2,80.6,-0.224,0.48,9,66.7,4.78,1,1,75,-0.192,0.52,18,75,7.58,1,1,89.2,-0.108,0.53,15,69.2,5.69,0,1,51.4,-0.235,0.18,16,75,6.42,2,1,96.2,-0.214,0.76
2024,386,Sam Darnold,MIN,QB,1,2,SF,4.99194847020934,31,65.4,10.31,2,1,109.1,-0.114,0.68,10,62.5,17.63,2,0,145.8,0.468,1.54,18,66.7,8.33,0,1,64.6,-0.348,0.31,17,71.4,14.64,2,0,153.3,0.515,1.15,14,58.3,5.25,0,1,37.8,-0.877,0.11
2024,387,Tua Tagovailoa,MIA,QB,1,10,LA,7.259953161592506,31,71.4,7.39,1,1,89.4,-0.049,0.36,5,60,7.4,0,0,82.9,0.35,0.3,25,72.7,7.68,0,1,75.8,-0.154,0.23,4,100,22.25,1,0,158.3,2.483,1.89,27,66.7,4.92,0,1,60.8,-0.425,0.14
2024,388,Mac Jones,JAX,QB,1,11,DET,10.689655172413794,31,58.6,4.76,0,1,56.4,-0.415,0.16,20,36.8,3.95,0,1,27.3,-0.617,0.1,11,100,6.3,0,0,92.9,-0.048,0.27,20,36.8,3.58,0,1,25.8,-0.681,0.09,11,100,7,0,0,95.8,0.068,0.3
2024,389,Brock Purdy,SF,QB,1,6,SEA,5.849056603773585,31,64.3,9.11,3,0,129.3,0.451,0.78,6,0,0,0,0,39.6,-0.711,0.05,21,84.2,12.42,1,0,136,0.693,0.72,10,44.4,3.78,0,0,54.9,-0.06,0.17,21,73.7,11.63,3,0,151.5,0.695,1.07
2024,390,Drake Maye,NE,QB,1,17,LAC,7.434052757793765,31,54.5,5.32,1,0,84.8,-0.422,0.38,10,33.3,2,0,0,42.4,-1.349,0.07,21,62.5,6.56,1,0,102.3,0.019,0.53,15,33.3,2.58,0,0,42.4,-0.588,0.18,16,80,8.6,1,0,135.8,-0.267,0.58
2024,391,Joe Flacco,IND,QB,1,9,MIN,11.152416356877323,30,59.3,6.63,0,1,63.7,-0.293,0.21,5,20,2.8,0,1,0,-1.694,-0.09,25,68.2,7.5,0,0,90.2,-0.012,0.26,13,50,7.6,0,0,75.4,-0.54,0.23,17,64.7,6.06,0,1,56.7,-0.103,0.18
2024,392,Matthew Stafford,LA,QB,1,14,BUF,5.474452554744526,30,76.7,10.67,2,0,132.6,0.819,0.69,9,77.8,12.44,1,0,155.6,1.525,0.94,20,80,10.4,1,0,126.7,0.638,0.62,21,76.2,10.86,1,0,126.7,0.916,0.62,9,77.8,10.22,1,0,146.3,0.593,0.85
2024,393,Kirk Cousins,ATL,QB,1,11,DEN,6.198347107438017,30,66.7,6.41,0,1,68.9,-0.242,0.2,7,71.4,8.57,0,0,97.3,0.429,0.34,21,66.7,5.22,0,1,56.3,-0.467,0.13,16,66.7,9.8,0,0,98.5,0.371,0.37,14,66.7,2.17,0,1,35.4,-0.942,0
2024,394,Kirk Cousins,ATL,QB,1,6,CAR,6.198347107438017,30,63.3,7.5,1,0,97.2,0.232,0.43,7,42.9,3.71,0,0,53.3,0.045,0.15,19,73.7,9.95,0,0,104.9,0.295,0.4,15,66.7,9.13,0,0,95.7,0.6,0.37,15,60,5.87,1,0,98.8,-0.136,0.5
2024,395,Geno Smith,SEA,QB,1,14,ARZ,4.601226993865031,30,80,7.77,1,0,110.1,0.239,0.44,5,80,6.8,0,0,95,0.438,0.27,24,83.3,8.29,1,0,115.1,0.296,0.5,14,71.4,5.93,0,0,86.3,0.197,0.24,16,87.5,9.38,1,0,126.6,0.275,0.63
2024,396,Jameis Winston,CLV,QB,1,15,KC,9.146341463414634,30,64,5.84,0,3,40.2,-0.673,0.09,12,70,5.5,0,1,43.8,-0.424,0.1,18,60,6.07,0,2,37.8,-0.839,0.09,10,50,5,0,1,25,-0.899,0.06,20,70.6,6.24,0,2,47.3,-0.56,0.11
2024,397,Deshaun Watson,CLV,QB,1,6,PHI,11.11111111111111,30,69.6,7.3,0,0,90.5,0.057,0.26,14,80,7.9,0,0,99.6,0.295,0.27,14,63.6,7.82,0,0,87.7,-0.096,0.29,19,66.7,9.42,0,0,96.9,0.117,0.3,11,72.7,5,0,0,83.5,-0.045,0.2
2024,398,Cooper Rush,DAL,QB,1,15,CAR,9.230769230769232,30,62.1,7.38,3,0,119,0.384,0.69,8,37.5,4.63,2,0,92.2,0.365,1.19,20,73.7,8.74,0,0,99.9,0.312,0.33,16,62.5,8.06,2,0,127.3,0.654,0.82,14,61.5,6.54,1,0,106.3,0.077,0.53
2024,399,Lamar Jackson,BLT,QB,1,6,WAS,5.524861878453039,30,76.9,12.42,1,1,114.7,0.355,0.55,19,75,9.31,0,1,77.3,0.047,0.29,11,80,17.4,1,0,152.1,0.887,1,24,76.2,11.76,0,1,94.7,0.273,0.39,6,80,15.2,1,0,158.3,0.684,1.17
2024,400,Baker Mayfield,TB,QB,1,15,LAC,4.601226993865031,30,81.5,10.67,4,1,135.3,0.621,0.97,8,100,10.29,2,0,149.1,0.656,1.41,22,75,10.8,2,1,122.1,0.609,0.81,11,66.7,10.33,2,1,100.7,0.003,1.01,19,88.9,10.83,2,0,148.8,0.979,0.94
2024,401,Baker Mayfield,TB,QB,1,5,ATL,4.601226993865031,30,79.2,7.5,3,0,137.5,0.367,0.78,6,100,5.2,2,0,127.9,0.652,1.56,23,73.7,8.11,1,0,114.8,0.389,0.62,18,80,7.67,2,0,138.2,0.57,0.89,12,77.8,7.22,1,0,133.8,0.063,0.62
2024,402,Josh Allen,BUF,QB,1,1,ARZ,5.555555555555555,30,78.3,10.09,2,0,137.7,0.514,0.89,10,71.4,11.29,2,0,148.2,1.122,1.24,19,81.3,9.56,0,0,106.5,0.114,0.4,15,92.3,12.08,0,0,117,0.876,0.49,15,60,7.5,2,0,122.9,0.151,1.28
2024,403,Josh Allen,BUF,QB,1,6,NYJ,5.555555555555555,30,76,8.6,2,0,127.9,0.33,0.59,15,76.9,8.54,1,0,127.4,0.35,0.58,14,72.7,8.73,0,0,99.1,0.107,0.35,17,80,8.6,1,0,124.7,0.411,0.58,13,70,8.6,1,0,129.6,0.224,0.61
2024,404,Daniel Jones,NYG,QB,1,2,WAS,7.792207792207792,30,57.1,6.36,2,0,100,0.279,0.52,9,75,9.63,2,0,144.3,1.378,1.3,20,52.6,5.32,0,0,68.1,-0.16,0.2,14,58.3,6.42,0,0,77.4,0.147,0.26,16,56.3,6.31,2,0,114.8,0.393,0.75
2024,405,Daniel Jones,NYG,QB,1,7,PHI,7.792207792207792,30,66.7,4.71,0,0,77.3,-0.529,0.17,7,66.7,6,0,0,82.6,-0.487,0.21,22,71.4,4.5,0,0,80.4,-0.554,0.16,11,71.4,4.29,0,0,79.5,-0.758,0.11,19,64.3,4.93,0,0,76.2,-0.397,0.2
2024,406,Tua Tagovailoa,MIA,QB,1,9,BUF,7.02576112412178,30,89.3,8.25,2,0,124.9,0.665,0.59,3,100,6,0,0,91.7,0.31,0.24,24,86.4,10.32,1,0,124.8,0.733,0.56,7,100,7.5,0,0,97.9,0.885,0.31,23,86.4,8.45,2,0,132.2,0.599,0.67
2024,407,Justin Fields,PIT,QB,1,1,ATL,15.306122448979592,30,73.9,6.78,0,0,91.9,0.017,0.31,3,100,2.5,0,0,79.2,0.897,0.47,26,70,7.5,0,0,91.7,-0.045,0.3,18,75,7.33,0,0,95.1,0.26,0.37,12,72.7,6.18,0,0,88.4,-0.346,0.23
2024,408,Justin Fields,PIT,QB,1,5,DAL,15.306122448979592,30,55.6,4.85,2,0,93.3,-0.114,0.44,12,50,4.9,1,0,97.5,-0.387,0.5,16,60,5.93,1,0,99,0.079,0.47,24,61.9,5.67,2,0,109,-0.077,0.53,6,33.3,2,0,0,42.4,-0.26,0.08
2024,409,Brock Purdy,SF,QB,1,4,NE,5.660377358490567,30,55.6,10.67,1,1,89.7,0.319,0.52,13,30.8,3.92,0,1,12,-0.581,0.08,15,83.3,18.75,0,0,118.8,0.951,0.68,12,45.5,9.18,0,0,78.2,0.264,0.4,18,62.5,11.69,1,1,97.7,0.356,0.61
2024,410,Kenny Pickett,PHI,QB,1,16,WAS,61.224489795918366,30,58.3,5.96,1,1,72,-0.032,0.33,18,60,6.87,1,0,102.9,0.171,0.45,12,55.6,4.44,0,1,27.3,-0.337,0.16,19,64.7,6.76,1,0,103.8,0.23,0.45,11,42.9,4,0,1,14.9,-0.486,0.13
2024,411,Will Levis,TEN,QB,1,6,IND,8.287292817679557,30,59.3,3.52,1,1,63,-0.19,0.28,5,20,1.6,0,1,0,-0.744,-0.14,24,66.7,3.57,1,0,88.4,-0.085,0.35,22,54.5,3.86,1,1,59.8,-0.164,0.29,8,80,2,0,0,79.2,-0.262,0.24
2024,412,Anthony Richardson,IND,QB,1,12,DET,10.033444816053512,30,39.3,6.14,0,0,60.4,-0.154,0.25,8,57.1,4.57,0,0,68.8,-0.372,0.18,19,38.9,7.78,0,0,66.9,0.087,0.31,11,70,7.2,0,0,90.4,-0.029,0.28,19,22.2,5.56,0,0,50.2,-0.227,0.23
2024,413,Joe Milton,NE,QB,1,18,BUF,100,30,78.6,8.61,1,0,114.4,0.467,0.5,9,77.8,8.67,0,0,102.8,0.672,0.35,20,83.3,9.06,1,0,122.9,0.479,0.59,19,73.7,7.11,0,0,93.1,0.304,0.28,11,88.9,11.78,1,0,152.8,0.748,0.87
2024,414,Jayden Daniels,WAS,QB,1,3,CIN,5.008347245409015,30,91.3,11.04,2,0,141.7,0.775,0.68,8,85.7,9.14,1,0,144.3,0.599,0.85,20,92.9,12.93,0,0,118.8,0.794,0.47,13,100,11.88,0,0,116.1,0.634,0.39,17,86.7,10.6,2,0,150.4,0.882,0.9
2024,415,Aaron Rodgers,NYJ,QB,1,8,NE,4.53125,29,60.7,8.32,2,0,111.2,0.178,0.6,13,33.3,5.42,1,0,80.2,-0.519,0.51,15,80,11.07,0,0,112.8,0.731,0.44,11,72.7,10.73,0,0,107.4,0.459,0.43,18,52.9,6.76,2,0,113.6,0.006,0.7
2024,416,Joe Flacco,IND,QB,1,4,PIT,10.780669144981413,29,61.5,6.46,2,0,105.9,0.238,0.52,10,66.7,7.33,0,0,88.2,0.203,0.26,19,58.8,6,2,0,115.3,0.257,0.66,20,61.1,5.89,1,0,96.1,0.22,0.41,9,62.5,7.75,1,0,126,0.279,0.76
2024,417,Russell Wilson,PIT,QB,1,14,CLV,7.455012853470437,29,57.7,6.08,2,0,101.1,-0.002,0.54,15,50,7.36,1,0,98.2,-0.023,0.57,12,60,3.8,0,0,67.9,-0.184,0.19,20,50,6.17,1,0,88,-0.023,0.48,9,75,5.88,1,0,128.6,0.046,0.65
2024,418,Geno Smith,SEA,QB,1,18,LA,4.447852760736196,29,74.1,8.26,4,0,137.8,0.372,0.86,7,71.4,7,2,0,130.4,0.832,1.42,21,73.7,8.95,1,0,118.3,0.169,0.51,16,75,8.56,2,0,139.8,0.517,0.84,13,72.7,7.82,2,0,134.8,0.193,0.88
2024,419,Derek Carr,NO,QB,1,5,KC,9.830508474576272,29,64.3,5.89,2,1,89.1,-0.001,0.47,10,66.7,4.67,0,0,77.1,-0.276,0.17,18,61.1,6.5,1,1,75.5,0.041,0.43,10,60,5.4,1,0,107.9,0.134,0.62,19,66.7,6.17,1,1,78.7,-0.072,0.39
2024,420,Jameis Winston,CLV,QB,1,12,PIT,8.841463414634147,29,66.7,8.11,0,1,76,-0.074,0.48,10,75,7.13,0,0,94.3,0.383,0.85,18,61.1,8.5,0,1,65.3,-0.393,0.28,21,65,7,0,1,64.6,-0.077,0.22,8,71.4,11.29,0,0,108.6,-0.065,1.17
2024,421,Dak Prescott,DAL,QB,1,9,ATL,9.26517571884984,29,75,5.54,1,0,101.6,-0.052,0.41,8,80,4.8,0,0,86.7,-0.402,0.18,18,81.3,6.63,0,0,94.3,0.025,0.36,17,76.9,7.38,0,0,97,0.082,0.38,12,72.7,3.36,1,0,107,-0.241,0.46
2024,422,Jared Goff,DET,QB,1,6,DAL,4.965753424657534,29,72,12.6,3,0,153.8,0.656,0.87,18,62.5,13.38,3,0,145.8,0.767,1.14,11,88.9,11.22,0,0,113.4,0.474,0.42,19,68.8,14.69,2,0,151,0.773,0.95,10,77.8,8.89,1,0,140.7,0.434,0.72
2024,423,Jared Goff,DET,QB,1,7,MIN,4.965753424657534,29,88,11.2,2,0,140,0.514,0.66,4,100,13,1,0,158.3,0.917,1.39,25,86.4,10.95,1,0,127.5,0.45,0.55,15,84.6,10.54,1,0,136.2,0.381,0.63,14,91.7,11.92,1,0,144.1,0.657,0.69
2024,424,Jacoby Brissett,NE,QB,1,1,CIN,15.425531914893616,29,62.5,5.04,0,0,75.2,0.046,0.28,9,44.4,3.11,0,0,52.1,-0.466,0.12,18,76.9,6.62,0,0,93.8,0.323,0.38,22,64.7,4.18,0,0,73.4,-0.014,0.28,7,57.1,7.14,0,0,79.5,0.235,0.29
2024,425,Cooper Rush,DAL,QB,1,17,PHI,8.923076923076923,29,53.6,5.25,1,2,50.7,-0.465,0.27,3,66.7,8.67,1,1,93.8,-1.963,1.35,26,52,4.84,0,1,48.9,-0.292,0.15,15,42.9,5.29,0,1,30.1,-0.636,0.13,14,64.3,5.21,1,1,71.4,-0.282,0.42
2024,426,Sam Darnold,MIN,QB,1,8,LA,4.669887278582931,29,72,9.6,2,0,128.8,0.297,0.62,5,40,10.4,0,0,78.8,0.256,0.42,22,77.8,9.67,1,0,125.5,0.29,0.52,11,70,10.4,1,0,137.1,0.499,0.79,18,73.3,9.07,1,0,123.2,0.173,0.52
2024,427,Kyler Murray,ARZ,QB,1,7,LAC,4.738562091503268,29,53.8,5.58,1,1,67,0.154,0.73,6,33.3,2,1,0,81.9,-0.114,0.75,23,60,6.65,0,1,59,0.224,0.73,10,77.8,5.11,1,0,125,0.648,1.62,19,41.2,5.82,0,1,36.2,-0.106,0.27
2024,428,Drew Lock,NYG,QB,1,18,PHI,14.285714285714285,29,75.9,4.76,1,1,82.3,-0.299,0.29,1,0,0,0,0,39.6,-2.986,0,27,81.5,5.11,1,1,84.9,-0.183,0.32,7,71.4,5.14,0,0,83,-0.265,0.21,22,77.3,4.64,1,1,82,-0.31,0.32
2024,429,Daniel Jones,NYG,QB,1,9,WAS,7.532467532467532,29,76.9,6.69,2,0,119.7,0.015,0.55,13,75,5.08,0,0,85.8,0.101,0.19,15,76.9,8.54,1,0,127.4,-0.104,0.64,20,72.2,4.61,0,0,81.5,-0.406,0.17,9,87.5,11.38,2,0,153.6,0.952,1.42
2024,430,Jordan Love,GB,QB,1,5,LA,6.430155210643015,29,57.7,8.62,2,1,95.7,0.058,0.59,10,50,2.5,0,1,16.7,-0.902,0.1,19,61.1,11.33,2,0,137.3,0.562,0.85,20,50,6.72,2,1,85.6,-0.141,0.65,9,75,12.88,0,0,116.7,0.499,0.46
2024,431,Justin Herbert,LAC,QB,1,4,KC,5.034722222222222,29,59.3,6.63,1,0,91.4,-0.071,0.38,13,45.5,6.36,0,0,66.5,-0.281,0.22,14,64.3,7,0,0,84.8,0.004,0.28,14,69.2,7.85,0,0,92.5,0.205,0.29,15,50,5.5,1,0,90.5,-0.328,0.47
2024,432,Bryce Young,CAR,QB,1,2,LAC,6.45879732739421,29,69.2,3.23,0,1,57.2,-0.754,0.1,6,50,2.75,0,0,56.3,-0.839,0.07,23,72.7,3.32,0,1,57.6,-0.732,0.11,15,76.9,3.85,0,0,82.2,-0.63,0.13,14,61.5,2.62,0,1,33.8,-0.887,0.07
2024,433,Bryce Young,CAR,QB,1,9,NO,6.45879732739421,29,61.5,6.58,1,1,77.6,0.066,0.38,16,64.3,3,1,1,62.2,-0.491,0.31,12,58.3,10.75,0,0,95.5,0.674,0.43,11,66.7,6.22,0,0,83.6,-0.168,0.23,18,58.8,6.76,1,1,74.4,0.209,0.47
2024,434,C.J. Stroud,HST,QB,1,7,GB,4.669887278582931,29,47.6,4.1,0,0,58.8,-0.356,0.19,7,50,2.5,0,0,56.3,-0.336,0.09,20,53.8,5.46,0,0,69.7,-0.293,0.24,15,50,5.08,0,0,64.9,-0.025,0.25,14,44.4,2.78,0,0,51.6,-0.712,0.12
2024,435,Anthony Richardson,IND,QB,1,7,MIA,9.698996655518394,29,41.7,5.38,0,0,59.2,-0.161,0.3,7,50,4.83,0,0,63.9,-0.429,0.19,22,38.9,5.56,0,0,57.6,-0.076,0.33,20,40,4.47,0,0,54,-0.196,0.3,9,44.4,6.89,0,0,67.8,-0.085,0.28
2024,436,Drake Maye,NE,QB,1,10,CHI,6.954436450839328,29,60,7.36,1,1,79.4,-0.018,0.44,8,83.3,11.5,0,0,114.6,0.204,0.37,18,56.3,7.06,0,1,52.3,-0.08,0.32,18,60,8.73,0,0,88.5,0.165,0.32,11,60,5.3,1,1,67.9,-0.316,0.64
2024,437,Michael Penix,ATL,QB,1,16,NYG,25.663716814159294,29,66.7,7.48,0,1,73.4,0.176,0.26,8,62.5,8.25,0,0,88.5,0.253,0.33,20,72.2,7.56,0,0,93.8,0.348,0.3,18,62.5,8.25,0,0,88.5,0.223,0.33,11,72.7,6.36,0,1,51.3,0.098,0.16
2024,438,Matthew Stafford,LA,QB,1,15,SF,5.109489051094891,28,59.3,5.93,0,0,76.2,-0.137,0.27,5,40,4.2,0,0,52.9,-0.605,0.17,23,63.6,6.32,0,0,81.4,-0.035,0.29,23,56.5,5.74,0,0,73.1,-0.302,0.23,5,75,7,0,0,93.8,0.622,0.44
2024,439,Matthew Stafford,LA,QB,1,3,SF,5.109489051094891,28,64,8.84,1,0,105.6,0.122,0.46,8,66.7,9.67,0,0,97.9,0.205,0.29,19,66.7,9.06,1,0,113.9,0.124,0.55,14,66.7,9.75,0,0,98.3,0.096,0.33,14,61.5,8,1,0,112.3,0.147,0.58
2024,440,Kirk Cousins,ATL,QB,1,1,PIT,5.785123966942149,28,61.5,5.96,1,2,59,-0.396,0.29,6,50,4.83,0,0,63.9,-0.109,0.19,20,68.4,6.63,1,2,64.7,-0.51,0.35,20,63.2,5.84,1,1,74.7,-0.331,0.37,8,57.1,6.29,0,1,36.3,-0.557,0.1
2024,441,Geno Smith,SEA,QB,1,1,DEN,4.294478527607362,28,72,6.84,1,1,87.3,-0.049,0.69,13,75,7.25,0,0,94.8,0.44,0.99,14,75,7,1,1,86.8,-0.424,0.45,16,66.7,7.13,0,0,87.4,0.322,0.85,12,80,6.4,1,1,87.1,-0.543,0.46
2024,442,Geno Smith,SEA,QB,1,17,CHI,4.294478527607362,28,73.9,6.96,0,0,92.7,-0.228,0.3,1,0,0,0,0,39.6,-1.502,0,27,77.3,7.27,0,0,96.8,-0.181,0.31,16,66.7,7.33,0,0,88.2,-0.363,0.28,12,87.5,6.25,0,0,92.7,-0.048,0.33
2024,443,Derek Carr,NO,QB,1,11,CLV,9.491525423728813,28,77.8,9.19,2,0,129.6,0.25,0.64,8,100,10.86,0,0,111.9,0.637,0.38,18,66.7,9.28,1,0,114.8,0.301,0.59,18,76.5,11.65,1,0,133.9,0.279,0.66,10,80,5,1,0,120.8,0.197,0.6
2024,444,Dak Prescott,DAL,QB,1,4,NYG,8.945686900958465,28,81.5,8.19,2,0,125.5,0.391,0.6,6,50,12.5,1,0,135.4,0.461,1.17,22,90.5,6.95,1,0,111.5,0.372,0.45,15,80,8.73,1,0,125.3,0.292,0.62,13,83.3,7.5,1,0,125.7,0.506,0.58
2024,445,Lamar Jackson,BLT,QB,1,15,NYG,5.156537753222836,28,84,11.6,5,0,154.6,0.922,1.2,7,83.3,9.17,1,0,144.4,0.346,0.89,21,84.2,12.37,4,0,157.8,1.114,1.31,23,80,12.15,4,0,156.9,0.858,1.21,5,100,9.4,1,0,145.4,1.215,1.18
2024,446,Josh Allen,BUF,QB,1,17,NYJ,5.185185185185185,28,59.3,6.74,2,0,104.2,0.388,0.58,9,62.5,7,1,0,122.9,0.584,0.8,19,57.9,6.63,1,0,95.5,0.295,0.48,21,60,6.7,2,0,113.3,0.328,0.68,7,57.1,6.86,0,0,78.3,0.565,0.27
2024,447,Tua Tagovailoa,MIA,QB,1,2,BUF,6.557377049180328,28,68,5.8,1,3,56.7,-0.248,0.3,4,50,10.5,0,0,87.5,1.119,0.64,24,69.6,5.39,1,3,57.4,-0.476,0.25,10,44.4,4.67,1,3,56,-1.494,0.27,18,81.3,6.44,0,0,93.5,0.444,0.32
2024,448,Jordan Love,GB,QB,1,13,MIA,6.208425720620843,28,75,9.79,2,0,129.2,0.452,0.68,7,57.1,1.57,1,0,101.8,-0.64,0.63,20,80,12.55,0,0,118.8,0.71,0.5,17,64.7,8.71,0,0,92.3,0.132,0.35,11,90.9,11.45,2,0,154,0.948,1.19
2024,449,Jordan Love,GB,QB,1,15,SEA,6.208425720620843,28,74.1,8.48,2,0,123.8,0.4,0.63,9,66.7,9.78,2,0,138,0.749,1.28,19,77.8,7.83,0,0,99.3,0.234,0.32,11,50,4.9,1,0,97.5,0.235,0.58,17,88.2,10.59,1,0,130.4,0.507,0.66
2024,450,Jordan Love,GB,QB,1,16,NO,6.208425720620843,28,57.1,6.5,1,0,88.7,0.116,0.4,10,50,2.8,1,0,89.6,-0.494,0.51,18,61.1,8.56,0,0,88.7,0.456,0.34,16,56.3,9.38,0,0,88,0.457,0.38,12,58.3,2.67,1,0,91,-0.338,0.44
2024,451,Justin Herbert,LAC,QB,1,1,LV,4.861111111111112,28,65.4,5.54,1,0,92.5,-0.193,0.38,6,20,2,1,0,79.2,-0.703,0.73,20,78.9,6.84,0,0,95.2,0.008,0.3,14,61.5,7.38,0,0,84.1,-0.077,0.33,14,69.2,3.69,1,0,100.8,-0.308,0.42
2024,452,Justin Herbert,LAC,QB,1,13,ATL,4.861111111111112,28,69.6,6.39,0,0,86.7,-0.223,0.21,10,60,4.4,0,0,70.4,-0.194,0.18,18,76.9,7.92,0,0,99.2,-0.239,0.23,16,71.4,7.71,0,0,93.8,-0.047,0.27,12,66.7,4.33,0,0,75.7,-0.458,0.13
2024,453,Jalen Hurts,PHI,QB,1,10,DAL,6.392694063926941,28,70,10.1,2,1,115,-0.041,0.7,5,80,12.4,1,0,157.9,1.675,1.3,22,71.4,10,1,1,97.3,-0.388,0.6,17,75,11.42,2,1,117,-0.063,0.86,11,62.5,8.13,0,0,88,-0.007,0.45
2024,454,Jalen Hurts,PHI,QB,1,14,CAR,6.392694063926941,28,66.7,5.14,2,0,110.8,0.063,0.63,19,68.8,4.63,2,0,118.2,0.22,0.76,9,60,6.8,0,0,80.4,-0.267,0.34,18,66.7,4.73,2,0,116.9,0.257,0.8,10,66.7,6.17,0,0,83.3,-0.286,0.32
2024,455,Joe Burrow,CIN,QB,1,7,CLV,3.8781163434903045,28,60,7.24,2,0,108.9,-0.063,0.54,5,60,9.6,2,0,131.7,0.559,1.98,23,60,6.65,0,0,79.8,-0.199,0.23,16,60,7.4,2,0,122.5,0.074,0.78,12,60,7,0,0,81.3,-0.246,0.23
2024,456,Bryce Young,CAR,QB,1,10,NYG,6.23608017817372,28,60,5.04,1,0,86.4,-0.178,0.43,15,38.5,3.15,0,0,47.3,-0.326,0.15,12,81.8,7.27,0,0,97,-0.233,0.47,23,50,5.45,0,0,66.5,-0.305,0.32,5,100,3.4,1,0,120.4,0.408,0.94
2024,457,Drake Maye,NE,QB,1,15,ARZ,6.71462829736211,28,82.6,8.78,1,1,99.6,0.173,0.66,9,75,9.38,0,0,103.6,0.473,1.06,18,85.7,8.86,0,1,73.8,-0.045,0.27,13,76.9,8.08,0,1,67.8,0.046,0.25,15,90,9.7,1,0,140.4,0.282,1.02
2024,458,Matthew Stafford,LA,QB,1,11,NE,4.927007299270073,27,66.7,10.93,4,0,142.7,0.593,1.03,16,62.5,12.19,3,0,144.5,0.689,1.24,8,87.5,11.88,0,0,116.1,0.488,0.47,13,61.5,10.23,1,0,121.6,0.292,0.72,14,71.4,11.57,3,0,149.4,0.872,1.32
2024,459,Derek Carr,NO,QB,1,10,ATL,9.152542372881356,27,64,10.76,2,0,126.9,0.224,0.76,4,0,0,0,0,39.6,-1.203,0,20,77.8,14.61,1,0,137.3,0.551,0.82,19,64.7,13.12,1,0,127.7,0.348,0.77,8,62.5,5.75,1,0,117.7,-0.07,0.73
2024,460,Derek Carr,NO,QB,1,3,PHI,9.152542372881356,27,56,5.68,1,1,69.1,0.052,0.34,7,42.9,3.57,0,1,13.1,0.227,0,19,58.8,6.12,0,0,76.6,-0.156,0.24,11,36.4,3.36,0,1,8.5,-0.077,0.04,16,71.4,7.5,1,0,116.7,0.14,0.54
2024,461,Mason Rudolph,TEN,QB,1,15,CIN,10.714285714285714,27,80.8,8.04,2,1,109.8,0.375,0.61,4,66.7,9,0,0,95.1,0.492,0.57,21,85.7,8.05,1,1,96.2,0.177,0.46,8,100,10.75,0,0,111.5,0.664,0.43,19,72.2,6.83,2,1,104.6,0.253,0.69
2024,462,Lamar Jackson,BLT,QB,1,7,TB,4.972375690607735,27,77.3,12.77,5,0,158.1,1.089,1.28,5,60,5.8,1,0,115.8,0.784,1.03,20,86.7,16.53,3,0,158.3,1.153,1.27,14,81.8,8.18,2,0,140.3,0.766,0.95,13,72.7,17.36,3,0,154.4,1.437,1.64
2024,463,Baker Mayfield,TB,QB,1,2,DET,4.141104294478527,27,63.2,9.74,1,1,90.9,-0.041,0.47,16,44.4,5.22,0,1,21.3,-0.751,0.14,11,80,13.8,1,0,152.1,0.992,0.97,21,60,9.33,1,1,85.4,-0.109,0.47,6,75,11.25,0,0,111.5,0.196,0.48
2024,464,Kyler Murray,ARZ,QB,1,4,WAS,4.411764705882353,27,72.7,6.45,1,0,104.7,-0.233,0.37,8,71.4,4.29,1,0,119,0.078,0.65,18,71.4,7.29,0,0,92,-0.45,0.24,13,70,5.7,0,0,84.2,-0.065,0.2,14,75,7.08,1,0,121.9,-0.389,0.53
2024,465,Mac Jones,JAX,QB,1,10,MIN,9.310344827586208,27,63.6,5.05,0,2,38.3,-0.294,0.12,3,33.3,3.67,0,0,45.1,-0.544,0.15,24,68.4,5.26,0,2,41.4,-0.263,0.11,7,50,6,0,0,68.8,-0.643,0.21,20,68.8,4.69,0,2,39.3,-0.173,0.08
2024,466,Brock Purdy,SF,QB,1,14,CHI,5.09433962264151,27,80,13,2,0,145.4,0.819,0.8,3,100,12.33,0,0,118.1,1.201,0.49,23,77.3,13.09,2,0,148.9,0.834,0.85,22,81,13.86,1,0,134.6,0.878,0.71,5,75,8.5,1,0,139.6,0.562,1.17
2024,467,Spencer Rattler,NO,QB,1,8,LAC,10.227272727272728,27,50,6.5,0,0,70.8,-0.22,0.23,4,25,0.75,0,0,39.6,-0.388,0.03,23,55,7.65,0,0,79.8,-0.191,0.27,13,58.3,8.25,0,0,85.1,-0.121,0.3,14,41.7,4.75,0,0,56.6,-0.312,0.16
2024,468,Matthew Stafford,LA,QB,1,13,NO,4.744525547445255,26,58.3,7.63,2,0,110.2,0.011,0.59,11,54.5,6.36,1,0,104.4,0.025,0.62,15,61.5,8.69,1,0,115.2,0.002,0.57,21,63.2,8.79,2,0,126.4,0.102,0.7,5,40,3.2,0,0,48.8,-0.369,0.13
2024,469,Russell Wilson,PIT,QB,1,15,PHI,6.683804627249357,26,63.6,5.82,1,0,94.5,-0.179,0.39,2,100,3.5,0,0,81.3,-1.19,0.14,23,57.9,5.89,0,0,74.9,-0.244,0.24,12,45.5,4.82,0,0,60,-0.116,0.2,14,81.8,6.82,1,0,125.4,-0.232,0.56
2024,470,Kirk Cousins,ATL,QB,1,9,DAL,5.371900826446281,26,79.2,9.25,3,0,144.8,0.323,0.8,14,69.2,12.23,2,0,150.3,0.698,1.03,11,90,5.2,0,0,88.3,-0.338,0.19,15,84.6,10.54,2,0,150.2,0.465,0.9,11,72.7,7.73,1,0,125.2,0.13,0.67
2024,471,Marcus Mariota,WAS,QB,1,7,CAR,50.98039215686274,26,78.3,8.91,2,0,132.8,0.547,0.69,14,76.9,8.15,0,0,100.2,0.184,0.3,10,75,10.5,0,0,108.3,0.728,0.51,21,73.7,8,1,0,114.4,0.222,0.51,5,100,13.25,1,0,158.3,1.912,1.44
2024,472,Jared Goff,DET,QB,1,3,ARZ,4.4520547945205475,26,78.3,8.65,2,1,113.6,0.254,0.61,2,100,5,1,0,127.1,1.697,2.5,24,77.3,8.82,1,1,99.4,0.134,0.45,11,77.8,9.22,1,1,102.5,0.124,0.65,15,78.6,8.29,1,0,125,0.35,0.58
2024,473,Jacoby Brissett,NE,QB,1,8,NYJ,13.829787234042554,26,62.5,5.5,0,0,77.1,0.108,0.26,10,44.4,2.78,0,0,51.6,-0.129,0.24,15,71.4,7.5,0,0,92.9,0.3,0.28,12,45.5,2.64,0,0,52.5,-0.094,0.21,14,76.9,7.92,0,0,99.2,0.281,0.29
2024,474,Sam Darnold,MIN,QB,1,1,NYG,4.186795491143317,26,79.2,8.67,2,1,113.2,0.249,0.6,6,80,15.6,2,0,158.3,1.347,1.85,18,76.5,7,0,1,70.5,-0.067,0.23,14,83.3,11.5,1,1,107.6,0.167,0.63,12,75,5.83,1,0,116.7,0.344,0.57
2024,475,Kyler Murray,ARZ,QB,1,2,LA,4.248366013071895,26,81,12.67,3,0,158.3,0.813,1.06,2,0,0,0,0,39.6,-0.122,0.3,24,85,13.3,3,0,158.3,0.891,1.12,14,81.8,13.82,2,0,158.3,1.116,1.29,12,80,11.4,1,0,147.5,0.459,0.79
2024,476,Gardner Minshew,LV,QB,1,4,CLV,7.514450867052023,26,58.3,5.42,0,0,73.3,-0.145,0.2,13,46.2,5.46,0,0,63.3,-0.126,0.22,13,72.7,5.36,0,0,85,-0.164,0.18,19,52.9,5.82,0,0,70.5,-0.12,0.21,7,71.4,4.43,0,0,80.1,-0.213,0.18
2024,477,Tyler Huntley,MIA,QB,1,4,TEN,15.950920245398773,26,63.6,4.36,0,0,73.3,-0.373,0.23,0,0,0,0,0,0,0,0,26,63.6,4.36,0,0,73.3,-0.373,0.23,11,50,1.75,0,0,56.3,-0.849,0.23,15,71.4,5.86,0,0,86,-0.024,0.23
2024,478,Jalen Hurts,PHI,QB,1,12,LA,5.93607305936073,26,68.2,8.14,1,0,108,0.383,0.51,6,60,17.2,0,0,104.2,0.997,0.57,17,71.4,6.14,0,0,87.2,0.258,0.33,15,71.4,11.86,1,0,134.8,0.788,0.71,11,62.5,1.63,0,0,66.7,-0.17,0.25
2024,479,Jalen Hurts,PHI,QB,1,6,CLV,5.93607305936073,26,64,10.56,2,0,126.1,0.275,0.71,10,66.7,15.67,2,0,149.3,0.674,1.36,16,62.5,7.69,0,0,86.2,0.026,0.31,14,71.4,14.57,2,0,153.3,0.894,1.15,12,54.5,5.45,0,0,70.3,-0.447,0.2
2024,480,Justin Fields,PIT,QB,1,2,DEN,13.26530612244898,26,65,5.85,1,0,97.3,0.078,0.44,15,58.3,4.67,1,0,97.9,0.27,0.55,11,75,7.63,0,0,96.4,-0.183,0.29,16,58.3,6.17,0,0,76.4,-0.049,0.21,10,75,5.38,1,0,126.6,0.282,0.8
2024,481,Mac Jones,JAX,QB,1,17,TEN,8.96551724137931,26,68.2,7.91,2,0,122.2,0.374,0.64,9,85.7,9.71,2,0,146.7,0.94,1.27,16,64.3,7.57,0,0,87.2,0.125,0.32,10,87.5,11.75,0,0,115.6,0.721,0.45,16,57.1,5.71,2,0,113.1,0.157,0.76
2024,482,Bo Nix,DEN,QB,1,4,NYJ,4.05616224648986,26,48,2.4,1,0,67.9,-0.625,0.27,7,57.1,1.14,1,0,101.8,-0.478,0.62,19,44.4,2.89,0,0,51.6,-0.679,0.15,16,50,1.63,0,0,56.3,-0.756,0.07,10,44.4,3.78,1,0,91.9,-0.415,0.61
2024,483,Caleb Williams,CHI,QB,1,4,LA,3.823529411764706,26,73.9,6.83,1,0,106.6,0.08,0.4,5,75,10.5,0,0,108.3,0.028,0.34,20,72.2,5.89,0,0,86.8,-0.033,0.21,17,73.3,5.8,0,0,87.4,-0.15,0.2,9,75,8.75,1,0,140.6,0.514,0.76
2024,484,Derek Carr,NO,QB,1,1,CAR,8.47457627118644,25,82.6,8.7,3,0,142.5,0.29,0.83,4,75,1.25,0,0,77.1,-0.262,0.05,20,83.3,10.67,2,0,148.1,0.362,0.82,19,82.4,10.12,2,0,148,0.407,0.83,6,83.3,4.67,1,0,125.7,-0.08,0.85
2024,485,Cooper Rush,DAL,QB,1,9,ATL,7.6923076923076925,25,52,4.6,1,0,77.9,0.015,0.34,8,25,2.25,1,0,79.2,-0.399,0.59,17,64.7,5.71,0,0,79.8,0.21,0.23,9,22.2,2.89,0,0,39.6,-0.363,0.12,16,68.8,5.56,1,0,103.4,0.228,0.47
2024,486,Tim Boyle,NYG,QB,1,15,BLT,46.2962962962963,25,50,5.13,1,1,61.6,-0.296,0.32,8,42.9,4,1,0,94,-0.426,0.64,15,60,6.33,0,1,50.7,-0.083,0.19,12,45.5,4.64,0,0,59.3,-0.458,0.17,13,53.8,5.54,1,1,63.6,-0.146,0.45
2024,487,Lamar Jackson,BLT,QB,1,16,PIT,4.6040515653775325,25,65.2,9,3,1,115.4,0.338,0.8,18,68.8,10.06,2,1,114.8,0.252,0.79,7,57.1,6.57,1,0,116.7,0.559,0.83,20,77.8,10.72,2,0,148.4,0.692,0.83,5,20,2.8,1,1,39.6,-1.077,0.71
2024,488,Kyler Murray,ARZ,QB,1,10,NYJ,4.084967320261438,25,91.7,11.08,1,0,126.7,0.719,0.59,12,83.3,9.08,0,0,104.5,0.458,0.36,12,100,13.45,0,0,118.8,0.892,0.49,17,94.1,10.71,0,0,111.3,0.731,0.43,8,85.7,12,1,0,156.3,0.695,0.92
2024,489,Jordan Love,GB,QB,1,12,SF,5.543237250554324,25,56.5,7.09,2,0,107.7,0.265,0.58,7,57.1,5.86,2,0,113.7,0.595,1.38,18,56.3,7.63,0,0,80.7,0.137,0.27,18,56.3,6.56,2,0,115.9,0.223,0.68,7,57.1,8.29,0,0,84.2,0.374,0.33
2024,490,Trevor Lawrence,JAX,QB,1,1,MIA,7.936507936507936,25,57.1,7.71,1,0,97.7,0.108,0.45,6,20,4.4,0,0,45.4,-0.427,0.15,18,66.7,9.13,1,0,117.9,0.307,0.57,14,45.5,6,0,0,65,-0.122,0.25,11,70,9.6,1,0,133.7,0.401,0.71
2024,491,Malik Willis,GB,QB,1,3,TEN,35.714285714285715,25,68.4,10.63,1,0,120.9,0.305,0.61,12,40,6,0,0,60.4,-0.277,0.27,12,100,15.78,1,0,155.8,0.997,1.01,15,72.7,11.82,1,0,142.2,0.55,0.8,10,62.5,9,0,0,91.7,-0.063,0.33
2024,492,Dorian Thompson-Robinson,CLV,QB,1,7,CIN,18.939393939393938,25,45.8,3.42,0,2,19.8,-0.773,0.05,7,28.6,3.43,0,0,41.4,-0.538,0.14,17,56.3,3.63,0,2,24.5,-0.894,0.02,18,47.1,3.53,0,1,31.5,-0.813,0.08,7,42.9,3.14,0,1,11.3,-0.668,-0.02
2024,493,Anthony Richardson,IND,QB,1,13,NE,8.361204013377927,25,50,4.54,2,2,55.7,-0.029,0.46,7,57.1,4.57,1,0,108.3,-0.094,0.75,17,50,4.81,1,2,45.1,0.065,0.36,16,56.3,5.63,1,2,53.6,0.062,0.35,9,37.5,2.38,1,0,85.4,-0.191,0.65
2024,494,Jayden Daniels,WAS,QB,1,9,NYG,4.173622704507513,25,68.2,9.5,2,0,128.8,0.541,0.77,7,66.7,9.83,0,0,98.6,0.575,0.42,16,71.4,10.64,1,0,129.8,0.663,0.77,18,73.3,11.6,0,0,111.5,0.588,0.55,7,57.1,5,2,0,110.1,0.421,1.34
2024,495,Matthew Stafford,LA,QB,1,7,LV,4.37956204379562,24,60.9,6.7,0,1,62.6,-0.302,0.21,12,36.4,5.45,0,1,17.2,-1.098,0.12,12,83.3,7.83,0,0,99.3,0.494,0.31,10,55.6,4.22,0,0,66,-0.437,0.15,14,64.3,8.29,0,1,60.4,-0.206,0.26
2024,496,Cooper Rush,DAL,QB,1,10,PHI,7.384615384615385,24,56.5,1.96,0,0,61.7,-0.706,0.07,3,33.3,0.33,0,0,42.4,-1.188,0.01,21,60,2.2,0,0,64.6,-0.638,0.08,16,46.7,2.07,0,0,53.5,-0.663,0.08,8,75,1.75,0,0,77.1,-0.793,0.07
2024,497,Drew Lock,NYG,QB,1,17,IND,11.822660098522167,24,73.9,13.43,4,0,155.3,1.266,1.45,8,62.5,9.38,2,0,132.8,0.84,1.38,16,80,15.6,2,0,158.3,1.479,1.49,13,75,14.33,1,0,144.4,1.534,1.34,11,72.7,12.45,3,0,154.2,0.95,1.59
2024,498,Jordan Love,GB,QB,1,14,DET,5.321507760532151,24,60,10.3,1,0,111.7,0.145,0.61,11,45.5,10.55,0,0,83.9,-0.362,0.42,12,75,9.75,0,0,105.2,0.369,0.46,12,58.3,12.08,0,0,101,-0.071,0.48,12,62.5,7.63,1,0,125.5,0.362,0.74
2024,499,Davis Mills,HST,QB,1,18,TEN,61.53846153846154,24,54.5,5.82,0,0,71.8,-0.328,0.25,11,18.2,2,0,0,39.6,-0.912,0.08,12,90.9,9.64,0,0,106.8,0.091,0.35,18,52.9,5.18,0,0,67.8,-0.457,0.2,6,60,8,0,0,85.4,0.059,0.42
2024,500,Skylar Thompson,MIA,QB,1,3,SEA,60,24,68.4,5.63,0,0,82.6,-0.407,0.18,4,0,0,0,0,39.6,-1.075,0,18,84.6,7.69,0,0,98.7,-0.285,0.22,13,50,4.4,0,0,62.1,-0.595,0.14,11,88.9,7,0,0,95.8,-0.185,0.23
2024,501,Anthony Richardson,IND,QB,1,1,HST,8.02675585284281,24,47.4,11.16,2,1,101.2,0.154,1.03,5,0,0,0,1,0,-1.379,0.18,17,64.3,15.14,2,0,147.3,0.418,1.03,4,0,0,0,1,0,-1.63,0.22,20,56.3,13.25,2,0,140.6,0.51,1.19
2024,502,Geno Smith,SEA,QB,1,15,GB,3.52760736196319,23,78.9,7.84,0,1,77.4,-0.171,0.24,5,50,1.75,0,1,16.7,-1.463,-0.14,18,86.7,9.47,0,0,106.1,0.188,0.34,16,91.7,7.33,0,0,97.2,-0.064,0.25,7,57.1,8.71,0,1,46.4,-0.414,0.21
2024,503,Jared Goff,DET,QB,1,9,GB,3.9383561643835616,23,81.8,6.59,1,0,109.3,0.258,0.43,6,60,5.2,0,0,73.8,-0.102,0.17,16,87.5,7.25,0,0,96.9,0.157,0.29,12,90.9,7.45,0,0,97.7,0.225,0.27,11,72.7,5.73,1,0,116.9,0.295,0.59
2024,504,Jacoby Brissett,NE,QB,1,3,NYJ,12.23404255319149,23,66.7,5.44,0,0,80.3,-0.477,0.17,13,50,4.1,0,0,60.8,-0.741,0.13,9,100,8.14,0,0,100.6,-0.12,0.25,14,50,4.1,0,0,60.8,-0.84,0.12,9,87.5,7.13,0,0,96.4,0.088,0.25
2024,505,Lamar Jackson,BLT,QB,1,12,LAC,4.23572744014733,23,72.7,8.05,2,0,126.5,0.394,0.66,4,75,13,1,0,156.3,0.759,1.52,18,70.6,7,0,0,90.1,0.18,0.26,11,90,11.2,2,0,152.9,0.967,1.13,12,58.3,5.42,0,0,73.3,-0.13,0.22
2024,506,Kyler Murray,ARZ,QB,1,9,CHI,3.758169934640523,23,65,7.7,0,0,88.3,-0.317,0.27,6,20,1.8,0,0,39.6,-0.739,0.06,16,85.7,10.36,0,0,109.8,-0.156,0.36,10,37.5,5,0,0,54.2,-0.46,0.16,13,83.3,9.5,0,0,106.3,-0.208,0.35
2024,507,Justin Herbert,LAC,QB,1,10,TEN,3.9930555555555554,23,77.8,9.11,1,0,123.1,0.388,0.59,3,50,4,0,0,60.4,-0.753,0.17,19,81.3,9.75,1,0,128.1,0.676,0.67,10,62.5,4.5,1,0,112.5,0.174,0.64,13,90,12.8,0,0,118.8,0.552,0.54
2024,508,Aaron Rodgers,NYJ,QB,1,1,SF,3.4375000000000004,22,61.9,7.95,1,1,82.8,-0.077,0.44,11,54.5,6.82,0,1,38.1,-0.59,0.18,11,70,9.2,1,0,132.1,0.436,0.7,14,69.2,8,0,1,61.1,-0.354,0.23,8,50,7.88,1,0,116.1,0.407,0.81
2024,509,Aaron Rodgers,NYJ,QB,1,17,BUF,3.4375000000000004,22,66.7,6.22,0,2,44,-0.926,0.11,0,0,0,0,0,0,0,0,21,70.6,6.59,0,1,63.8,-0.732,0.17,6,66.7,3.67,0,0,72.9,-1.055,0.07,16,66.7,6.73,0,2,46.1,-0.877,0.13
2024,510,Marcus Mariota,WAS,QB,1,18,DAL,43.13725490196079,22,83.3,8.94,2,0,141,0.462,0.69,12,90,9.5,2,0,145.8,0.794,0.99,9,85.7,9.43,0,0,106,0.118,0.37,13,88.9,12.33,0,0,118.1,0.399,0.4,9,77.8,5.56,2,0,129.4,0.555,1.11
2024,511,Mitchell Trubisky,BUF,QB,1,18,NE,81.48148148148148,22,71.4,4.81,1,0,97.5,0.215,0.4,12,63.6,5.36,0,0,77.5,-0.062,0.26,9,77.8,4.44,0,0,85.2,0.178,0.18,17,68.8,5.69,0,0,83.1,0.106,0.26,5,80,2,1,0,118.8,0.587,0.88
2024,512,Lamar Jackson,BLT,QB,1,9,DEN,4.051565377532229,22,84.2,14.74,3,0,158.3,0.904,1.11,3,100,8.5,0,0,102.1,0.824,0.59,18,81.3,16.25,2,0,158.3,0.903,1.03,12,80,16.5,2,0,158.3,1.097,1.31,10,88.9,12.78,1,0,155.8,0.672,0.87
2024,513,Jordan Love,GB,QB,1,8,JAX,4.878048780487805,22,63.6,8.91,0,1,73.3,0.131,0.31,9,66.7,6.67,0,0,85.4,0.148,0.27,13,61.5,10.46,0,1,64.9,0.118,0.34,13,76.9,9.08,0,0,104,0.395,0.36,9,44.4,8.67,0,1,35.6,-0.252,0.24
2024,514,Justin Herbert,LAC,QB,1,2,CAR,3.8194444444444446,22,70,6.5,2,1,100,0.095,0.59,5,60,7,0,0,81.3,0.63,0.28,17,73.3,6.33,2,1,101.4,-0.062,0.68,16,71.4,7.5,2,0,132.4,0.384,0.81,6,66.7,4.17,0,1,35.4,-0.675,0
2024,515,Brock Purdy,SF,QB,1,13,BUF,4.150943396226415,22,61.1,5.22,0,0,74.8,-0.353,0.19,0,0,0,0,0,0,0,0,21,64.7,5.53,0,0,79,-0.36,0.2,13,66.7,5.11,0,0,78.9,-0.68,0.17,9,55.6,5.33,0,0,70.6,0.118,0.21
2024,516,Anthony Richardson,IND,QB,1,3,CHI,7.357859531772576,22,50,8.35,0,2,39,-0.451,0.25,3,33.3,14.67,0,0,81.9,0.875,0.59,18,56.3,7.69,0,1,54.9,-0.383,0.26,7,42.9,8.43,0,1,33.3,-0.304,0.19,15,53.8,8.31,0,1,49.5,-0.52,0.27
2024,517,Kirk Cousins,ATL,QB,1,15,LV,4.338842975206612,21,64.7,6.59,1,1,78.6,-0.381,0.37,9,50,8.38,1,0,118.2,0.367,0.74,12,77.8,5,0,1,47.9,-0.941,0.08,16,76.9,8.23,1,1,94.1,-0.215,0.47,5,25,1.25,0,0,39.6,-0.911,0.04
2024,518,Carson Wentz,KC,QB,1,18,DEN,87.5,21,58.8,5.76,0,0,75.1,-0.418,0.19,10,55.6,5.33,0,0,70.6,-0.294,0.19,11,62.5,6.25,0,0,80.2,-0.531,0.18,14,63.6,5.36,0,0,77.5,-0.38,0.17,7,50,6.5,0,0,70.8,-0.494,0.22
2024,519,Jared Goff,DET,QB,1,4,SEA,3.595890410958904,21,100,16.22,2,0,155.8,0.852,0.94,3,100,11.5,0,0,114.6,0.095,0.31,16,100,18.29,1,0,142.6,0.873,0.89,16,100,14.29,0,0,118.8,0.593,0.5,5,100,23,2,0,158.3,1.683,2.34
2024,520,Gardner Minshew,LV,QB,1,5,DEN,6.069364161849711,21,70.6,8.06,1,2,74.5,-0.279,0.46,15,72.7,11,1,2,99.2,-0.224,0.6,6,66.7,2.67,0,0,70.1,-0.416,0.11,17,69.2,5.62,0,2,43.6,-0.598,0.18,4,75,16,1,0,156.3,1.076,1.64
2024,521,Jalen Hurts,PHI,QB,1,13,BLT,4.794520547945205,21,57.9,6.21,1,0,93.8,-0.075,0.42,5,80,8.8,1,0,142.9,0.877,1.15,15,53.8,5.69,0,0,70.7,-0.351,0.2,11,77.8,9,1,0,141.2,0.254,0.66,10,40,3.7,0,0,50.8,-0.436,0.15
2024,522,Jalen Hurts,PHI,QB,1,7,NYG,4.794520547945205,21,71.4,8.14,1,0,119.3,0.155,0.51,11,50,2,0,0,56.3,-0.807,0.19,9,87.5,12.75,1,0,158.3,0.978,0.91,18,69.2,5.62,0,0,83.2,-0.33,0.25,3,100,41,1,0,158.3,3.062,2.05
2024,523,Jalen Hurts,PHI,QB,1,8,CIN,4.794520547945205,21,80,11.8,1,0,132.5,0.711,0.67,5,60,4.8,0,0,72.1,-0.26,0.19,16,86.7,14.13,1,0,141,1.015,0.82,11,80,8.7,0,0,102.9,0.431,0.38,10,80,14.9,1,0,152.1,1.02,1
2024,524,Trevor Lawrence,JAX,QB,1,7,NE,6.666666666666667,21,75,9.65,1,0,121.5,0.585,0.61,6,66.7,5.33,0,0,79.9,0.077,0.21,12,90.9,14.09,0,0,118.8,0.914,0.61,12,63.6,8.27,0,0,89.6,0.361,0.4,9,88.9,11.33,1,0,150.9,0.884,0.9
2024,525,Desmond Ridder,LV,QB,1,9,CIN,20.792079207920793,21,68.8,4.63,1,0,99.5,-0.504,0.34,6,25,1.75,0,0,39.6,-0.848,0.08,15,83.3,5.58,1,0,117.7,-0.366,0.45,9,60,4.4,0,0,70.4,-1.081,0.12,12,72.7,4.73,1,0,112.7,-0.071,0.51
2024,526,Aidan O'Connell,LV,QB,1,14,TB,8.203125,21,57.9,5.47,0,1,51.2,-0.336,0.17,3,66.7,6,0,0,82.6,-0.024,0.24,17,60,5.73,0,0,76,-0.13,0.23,15,53.8,6.23,0,0,72.9,-0.158,0.24,6,66.7,3.83,0,1,34,-0.779,-0.01
2024,527,Aidan O'Connell,LV,QB,1,5,DEN,8.203125,21,50,4.7,0,1,42.5,-0.254,0.13,7,42.9,5.57,0,0,61,0.006,0.22,14,53.8,4.23,0,1,32.5,-0.385,0.09,8,37.5,2.5,0,1,6.3,-0.705,-0.02,13,58.3,6.17,0,0,76.4,0.023,0.23
2024,528,Jake Haener,NO,QB,1,8,LAC,42,21,52.9,7.18,0,0,76.1,-0.257,0.28,6,40,10.2,0,0,77.9,-0.328,0.34,14,63.6,6.45,0,0,82,-0.183,0.27,7,50,5,0,0,64.6,-0.94,0.26,14,53.8,7.85,0,0,79.6,0.084,0.29
2024,529,Spencer Rattler,NO,QB,1,15,WAS,7.954545454545454,21,47.6,6.43,1,0,84.4,0.345,0.45,6,50,2,1,0,95.8,0.226,0.75,13,46.2,8.92,0,0,77.7,0.382,0.36,15,53.3,5.93,1,0,93.5,0.395,0.5,6,33.3,7.67,0,0,61.8,0.219,0.31
2024,530,Lamar Jackson,BLT,QB,1,4,BUF,3.683241252302026,20,72.2,8.67,2,0,135.4,0.474,0.74,3,50,8.5,0,0,79.2,-0.578,0.23,16,73.3,8.93,1,0,122.6,0.604,0.62,9,50,5.38,0,0,66.1,-0.146,0.19,11,90,11.3,2,0,153.3,0.982,1.19
2024,531,Josh Allen,BUF,QB,1,2,MIA,3.7037037037037033,20,68.4,7.32,1,0,107.1,0.541,0.49,6,33.3,4.17,1,0,86.8,0.023,0.83,14,84.6,8.77,0,0,103.2,0.763,0.35,12,63.6,5,0,0,75.9,-0.051,0.21,8,75,10.5,1,0,147.9,1.43,0.92
2024,532,Jordan Love,GB,QB,1,11,CHI,4.434589800443459,20,76.5,15.35,1,1,113,0.587,0.76,4,50,17,0,0,95.8,0.75,0.68,14,84.6,14.85,1,1,112.3,0.93,0.86,13,75,17.17,1,0,144.4,1.06,1.04,7,80,11,0,1,72.9,-0.29,0.24
2024,533,Justin Herbert,LAC,QB,1,3,PIT,3.4722222222222223,20,66.7,6.94,1,0,105.1,0.078,0.45,4,75,8.25,0,0,99,0.352,0.33,15,69.2,7.08,1,0,114.9,0.03,0.51,15,53.8,4.77,0,0,66.8,-0.257,0.17,5,100,12.6,1,0,158.3,1.084,1.3
2024,534,Desmond Ridder,LV,QB,1,14,TB,19.801980198019802,20,66.7,5.61,0,0,81,0.029,0.22,2,100,14,0,0,118.8,1.612,0.56,16,66.7,4.87,0,0,77.9,-0.036,0.18,15,66.7,5.13,0,0,79,-0.013,0.21,5,66.7,8,0,0,91,0.157,0.25
2024,535,Matthew Stafford,LA,QB,1,16,NYJ,3.4671532846715327,19,73.7,5.79,1,1,83.2,0.168,0.39,6,66.7,4.17,0,1,35.4,-0.227,0,13,76.9,6.54,1,0,119.1,0.35,0.57,12,83.3,7.75,1,1,92,0.436,0.56,7,57.1,2.43,0,0,62.2,-0.291,0.1
2024,536,Andy Dalton,CAR,QB,1,7,WAS,10.982658959537572,19,68.8,5.81,0,2,44,-0.866,0.11,7,50,8,0,1,37.5,-1.473,0.13,11,77.8,5.33,0,1,49.3,-0.438,0.12,9,75,6.13,0,1,50.5,-1.244,0.11,10,62.5,5.5,0,1,37.5,-0.526,0.12
2024,537,Jared Goff,DET,QB,1,8,TEN,3.2534246575342465,19,80,5.67,3,0,129.9,-0.187,0.81,9,88.9,7.11,3,0,135.9,0.848,1.62,10,66.7,3.5,0,0,72.2,-1.119,0.08,13,80,6.8,2,0,134.6,-0.274,0.82,6,80,3.4,1,0,120.4,0.002,0.78
2024,538,Deshaun Watson,CLV,QB,1,7,CIN,7.037037037037037,19,88.2,7.53,0,0,98,0.017,0.27,2,100,8,0,0,100,-0.794,0.16,17,87.5,7.5,0,0,97.9,0.113,0.28,10,77.8,5.44,0,0,89.4,-0.165,0.2,9,100,9.88,0,0,107.8,0.22,0.35
2024,539,Sam Howell,SEA,QB,1,15,GB,100,19,35.7,1.71,0,1,14.6,-0.857,0.01,0,0,0,0,0,0,0,0,19,35.7,1.71,0,1,14.6,-0.857,0.01,6,60,3,0,0,64.6,-0.412,0.1,13,22.2,1,0,1,0,-1.062,-0.03
2024,540,Will Levis,TEN,QB,1,18,HST,5.248618784530387,19,52.9,10.29,1,0,108.7,0.157,0.62,6,60,7.4,0,0,82.9,-0.443,0.25,13,50,11.5,1,0,119.4,0.434,0.79,11,44.4,12.44,1,0,128,0.367,0.84,8,62.5,7.88,0,0,87,-0.132,0.32
2024,541,Mason Rudolph,TEN,QB,1,4,MIA,7.142857142857142,18,52.9,5,0,0,67,-0.215,0.19,2,100,9,0,0,104.2,0.628,0.36,14,53.8,5.15,0,0,68.4,-0.356,0.19,8,71.4,9.29,0,0,100.3,-0.139,0.33,10,40,2,0,0,47.9,-0.275,0.08
2024,542,Lamar Jackson,BLT,QB,1,17,HST,3.314917127071823,18,66.7,11.2,2,0,143.9,0.65,0.99,4,66.7,5.33,0,0,79.9,0.057,0.16,11,60,14.2,0,0,104.2,0.724,0.74,9,62.5,15.5,0,0,106.3,0.761,0.55,9,71.4,6.29,2,0,127.4,0.54,1.43
2024,543,Josh Allen,BUF,QB,1,13,SF,3.3333333333333335,18,76.5,8.71,2,0,141.3,0.538,1.15,4,75,4.5,1,0,122.9,-0.19,1.18,12,81.8,11.18,0,0,113.3,0.673,0.98,16,73.3,8.73,2,0,139.2,0.595,1.25,2,100,8.5,0,0,102.1,0.078,0.34
2024,544,Gardner Minshew,LV,QB,1,9,CIN,5.202312138728324,18,58.8,7.29,0,0,81.5,0.053,0.28,8,50,4.25,0,0,61.5,-0.222,0.17,10,66.7,10,0,0,99.3,0.272,0.36,11,36.4,5.09,0,0,53.6,-0.092,0.2,7,100,11.33,0,0,113.9,0.281,0.39
2024,545,Tyler Huntley,MIA,QB,1,7,IND,11.042944785276074,18,53.8,6.69,1,0,100.5,-0.177,0.48,6,50,9.5,0,0,83.3,-0.684,0.25,11,50,4.88,0,0,64.1,-0.2,0.25,7,50,5.33,0,0,66,-0.483,0.18,11,57.1,7.86,1,0,122,0.018,0.67
2024,546,Derek Carr,NO,QB,1,2,DAL,5.762711864406779,17,68.8,15.19,2,1,125,0.825,0.98,2,50,28.5,1,0,135.4,2.088,3.14,14,76.9,14.31,1,1,111.9,0.74,0.75,10,70,15.3,1,1,106.3,0.796,0.91,7,66.7,15,1,0,149.3,0.866,1.09
2024,547,Lamar Jackson,BLT,QB,1,3,DAL,3.1307550644567224,17,80,12.13,1,0,139.4,0.564,0.7,4,75,4,0,0,81.3,-0.145,0.16,13,81.8,15.09,1,0,149.1,0.782,0.86,11,70,12.2,0,0,111.3,0.379,0.49,6,100,12,1,0,156.3,0.903,1.08
2024,548,Malik Willis,GB,QB,1,2,IND,24.285714285714285,17,85.7,8.71,1,0,126.8,0.554,0.68,6,75,4.25,1,0,121.9,0.27,1.18,11,90,10.5,0,0,110.4,0.708,0.41,16,84.6,8.69,1,0,128.5,0.606,0.7,1,100,9,0,0,104.2,-0.287,0.36
2024,549,Jayden Daniels,WAS,QB,1,18,DAL,2.8380634390651087,17,50,3.17,0,0,56.9,-0.543,0.18,8,50,4,0,0,60.4,-0.525,0.28,9,50,2.75,0,0,56.3,-0.559,0.1,12,50,2.63,0,0,56.3,-0.59,0.2,5,50,4.25,0,0,61.5,-0.431,0.14
2024,550,Skylar Thompson,MIA,QB,1,2,BUF,40,16,57.1,5.71,0,0,73.5,-0.512,0.23,5,0,0,0,0,39.6,-1.313,0.08,9,88.9,8.89,0,0,103.7,0.545,0.36,3,0,0,0,0,39.6,-0.97,0,13,72.7,7.27,0,0,93,-0.407,0.28
2024,551,Malik Willis,GB,QB,1,18,CHI,22.857142857142858,16,76.9,10.46,0,0,109.8,-0.113,0.34,1,100,20,0,0,118.8,1.992,0.8,15,75,9.67,0,0,104.9,-0.254,0.31,13,72.7,12,0,0,112.7,0.053,0.41,3,100,2,0,0,79.2,-0.834,0.05
2024,552,Tyrod Taylor,NYJ,QB,1,17,BUF,62.5,15,78.6,5.93,2,0,131,0.592,0.79,4,50,7.25,2,0,113.5,1.233,2.29,11,90,5.4,0,0,89.2,0.359,0.25,1,100,20,1,0,158.3,3.05,4.8,14,76.9,4.85,1,0,112,0.416,0.51
2024,553,Tim Boyle,MIA,QB,1,3,SEA,27.77777777777778,15,53.8,6.08,0,0,72.3,-0.479,0.25,4,25,7.5,0,0,58.3,-1.405,0.3,11,66.7,5.44,0,0,80.3,-0.142,0.23,4,75,4.75,0,0,84.4,-0.721,0.19,11,44.4,6.67,0,0,66.9,-0.391,0.27
2024,554,Kenny Pickett,PHI,QB,1,17,DAL,30.612244897959183,15,66.7,9.53,1,0,119.6,0.469,0.65,5,80,5.8,1,0,130.4,0.284,1.03,10,60,11.4,0,0,99.6,0.562,0.46,10,60,10.2,1,0,127.9,0.539,0.81,5,80,8.2,0,0,100.8,0.331,0.33
2024,555,Tommy DeVito,NYG,QB,1,15,BLT,27.77777777777778,15,76.9,5.23,0,0,88,-0.115,0.18,8,85.7,4.71,0,0,86.3,-0.041,0.17,6,66.7,5.83,0,0,81.9,-0.038,0.23,10,77.8,5.11,0,0,88,-0.035,0.18,5,75,5.5,0,0,87.5,-0.275,0.18
2024,556,Tim Boyle,MIA,QB,1,7,IND,25.925925925925924,14,61.5,5.69,0,0,77.1,0.052,0.24,0,0,0,0,0,0,0,0,12,72.7,6.73,0,0,90.7,0.239,0.28,4,50,7.5,0,0,75,0.055,0.3,10,66.7,4.89,0,0,78,0.051,0.22
2024,557,Jake Haener,NO,QB,1,15,WAS,28.000000000000004,14,40,4.9,0,1,16.3,-0.746,0.12,4,25,3,0,1,0,-0.924,-0.13,10,50,6.17,0,0,69.4,-0.675,0.22,10,50,6.13,0,0,69.3,-0.25,0.27,4,0,0,0,1,0,-1.987,-0.25
2024,558,Anthony Richardson,IND,QB,1,16,TEN,4.682274247491638,14,63.6,11.91,1,1,97.2,0.1,0.67,5,60,13.6,1,0,143.8,1.02,1.34,9,66.7,10.5,0,1,61.8,-0.412,0.29,6,80,18.4,0,0,118.8,1.222,0.73,8,50,6.5,1,1,70.8,-0.742,0.62
2024,559,Davis Mills,HST,QB,1,3,MIN,33.33333333333333,13,58.3,6.58,0,0,78.1,-0.097,0.24,8,42.9,3.14,0,0,50.9,-0.641,0.11,4,100,14.25,0,0,118.8,1.175,0.57,2,100,21,0,0,118.8,1.39,0.84,11,50,3.7,0,0,59.2,-0.367,0.13
2024,560,Desmond Ridder,LV,QB,1,12,DEN,12.871287128712872,13,50,6.4,0,0,70.4,-0.441,0.22,3,50,5,0,0,64.6,-0.868,0.13,10,50,6.75,0,0,71.9,-0.313,0.25,9,42.9,7,0,0,67,-0.038,0.25,4,66.7,5,0,0,78.5,-1.348,0.15
2024,561,Aidan O'Connell,LV,QB,1,3,CAR,5.078125,13,75,6.83,1,0,120.8,0.427,0.56,0,0,0,0,0,0,0,0,12,72.7,6.73,0,0,90.7,0.267,0.25,10,66.7,6.67,0,0,85.4,0.325,0.24,3,100,7.33,1,0,136.8,0.767,1.63
2024,562,Will Levis,TEN,QB,1,15,CIN,3.591160220994475,13,66.7,7.42,0,3,49,-0.946,0.04,5,60,12,0,2,62.5,-0.603,0.08,8,71.4,4.14,0,1,39.3,-1.161,0.02,5,50,5,0,2,25,-2.411,-0.24,8,75,8.63,0,1,60.9,-0.03,0.22
2024,563,Jameis Winston,CLV,QB,1,7,CIN,3.6585365853658534,12,45.5,6.09,1,0,95.6,0.498,0.56,1,0,0,0,0,39.6,-0.616,0,10,44.4,6.56,0,0,66.4,0.302,0.24,6,20,0.8,0,0,39.6,-0.58,0.03,6,66.7,10.5,1,0,141,1.576,1.09
2024,564,Jordan Love,GB,QB,1,18,CHI,2.6607538802660753,12,58.3,5.75,0,0,74.7,-0.233,0.23,0,0,0,0,0,0,0,0,12,58.3,5.75,0,0,74.7,-0.233,0.23,9,55.6,5.11,0,0,69.7,-0.3,0.2,3,66.7,7.67,0,0,89.6,-0.033,0.31
2024,565,Drake Maye,NE,QB,1,3,NYJ,2.877697841726619,12,50,2.75,0,0,56.3,-0.363,0.17,5,33.3,0.67,0,0,42.4,0.122,0.26,6,60,4,0,0,68.8,-0.029,0.13,8,60,1.4,0,0,64.6,-0.15,0.18,4,33.3,5,0,0,50.7,-0.79,0.15
2024,566,Cooper Rush,DAL,QB,1,6,DET,3.3846153846153846,11,72.7,4.18,0,1,42.2,-0.755,0.08,3,33.3,0.33,0,0,42.4,-0.911,0.01,7,100,6.43,0,0,93.5,-0.222,0.26,5,60,2.4,0,0,64.6,-1.176,0.1,6,83.3,5.67,0,1,50.7,-0.404,0.06
2024,567,Mike White,BUF,QB,1,18,NE,100,11,27.3,2.55,0,0,39.6,-0.65,0.1,8,25,1.75,0,0,39.6,-0.779,0.07,3,33.3,4.67,0,0,49.3,-0.308,0.19,8,25,1.75,0,0,39.6,-0.779,0.07,3,33.3,4.67,0,0,49.3,-0.308,0.19
2024,568,Mason Rudolph,TEN,QB,1,18,HST,4.365079365079365,11,77.8,7.78,0,0,99.1,0.248,0.3,3,66.7,13.67,0,0,109.7,0.917,0.55,7,83.3,4.83,0,0,86.8,0.279,0.24,5,80,11,0,0,112.5,0.652,0.44,6,75,3.75,0,0,80.2,-0.088,0.18
2024,569,Trevor Lawrence,JAX,QB,1,13,HST,3.492063492063492,11,40,4.1,0,1,12.9,-0.408,0.11,2,50,1,0,0,56.3,-1.075,0.04,9,37.5,4.88,0,1,14.1,-0.26,0.13,6,33.3,5.33,0,0,52.1,-0.217,0.21,5,50,2.25,0,1,16.7,-0.638,-0.01
2024,570,Dorian Thompson-Robinson,CLV,QB,1,15,KC,8.333333333333332,11,44.4,2,0,1,12,-0.601,0.1,3,66.7,-0.33,0,0,70.1,-0.664,-0.01,8,33.3,3.17,0,1,3.5,-0.578,0.14,2,100,-0.5,0,0,79.2,-0.811,-0.02,9,28.6,2.71,0,1,0,-0.555,0.13
2024,571,Drew Lock,NYG,QB,1,7,PHI,4.926108374384237,10,37.5,0.75,0,0,45.8,-0.575,0.15,1,100,2,0,0,79.2,-0.306,0.08,9,28.6,0.57,0,0,39.6,-0.604,0.16,4,66.7,0.33,0,0,70.1,-0.938,0.01,6,20,1,0,0,39.6,-0.332,0.25
2024,572,Aidan O'Connell,LV,QB,1,7,LA,3.90625,10,60,5.2,0,0,73.8,-0.113,0.21,1,0,0,0,0,39.6,-1.881,0,9,66.7,5.78,0,0,81.7,0.083,0.23,7,57.1,5.29,0,0,71.7,-0.279,0.21,3,66.7,5,0,0,78.5,0.275,0.2
2024,573,Drake Maye,NE,QB,1,8,NYJ,2.3980815347721824,10,50,3.83,0,0,59.7,0.16,1.15,3,100,11,0,0,112.5,0.499,2.71,7,40,2.4,0,0,47.9,0.015,0.48,7,66.7,4.67,0,0,77.1,0.433,1.59,3,33.3,3,0,0,42.4,-0.476,0.12
2024,574,Tyrod Taylor,NYJ,QB,1,1,SF,37.5,9,75,4.5,1,0,122.9,0.443,0.68,1,100,6,0,0,91.7,0.437,0.24,6,66.7,4.5,0,0,76.4,0.205,0.18,1,100,6,0,0,91.7,0.437,0.24,8,71.4,4.29,1,0,119,0.443,0.74
2024,575,Mac Jones,JAX,QB,1,3,BUF,3.103448275862069,9,62.5,2.75,0,0,66.7,-1.117,0.1,1,0,0,0,0,39.6,-2.616,0,8,71.4,3.14,0,0,74.7,-0.93,0.11,3,50,4.5,0,0,62.5,-2.727,0.12,6,66.7,2.17,0,0,70.1,-0.312,0.09
2024,576,Jake Haener,NO,QB,1,5,KC,18,9,28.6,2.43,0,0,39.6,-0.276,0.2,1,0,0,0,0,39.6,-1.696,0,8,33.3,2.83,0,0,42.4,-0.099,0.22,0,0,0,0,0,0,0,0,9,28.6,2.43,0,0,39.6,-0.276,0.2
2024,577,Bryce Young,CAR,QB,1,5,CHI,2.0044543429844097,9,57.1,8.29,0,0,84.2,-0.076,0.35,2,50,0,0,0,56.3,-0.582,0,7,60,11.6,0,0,100.4,0.069,0.45,5,60,8.4,0,0,87.1,0.405,0.34,4,50,8,0,0,77.1,-0.676,0.36
2024,578,Trey Lance,DAL,QB,1,10,PHI,17.02127659574468,8,66.7,3.5,0,1,32.6,-1.426,-0.02,1,100,6,0,0,91.7,2.91,0.24,7,60,3,0,1,25,-2.045,-0.06,4,66.7,2.33,0,1,30.6,-2.171,-0.18,4,66.7,4.67,0,0,77.1,-0.68,0.14
2024,579,Malik Willis,GB,QB,1,8,JAX,11.428571428571429,8,80,11.2,1,0,152.9,0.476,1.09,3,100,4,1,0,122.9,1.422,2.11,5,66.7,16,0,0,109.7,-0.091,0.48,4,66.7,18.67,0,0,109.7,1.432,1.06,4,100,0,1,0,118.8,-0.479,1.13
2024,580,Jalen Hurts,PHI,QB,1,16,WAS,1.36986301369863,6,25,2.75,0,0,39.6,0.223,0.54,3,100,11,0,0,112.5,1.388,1.08,3,0,0,0,0,39.6,-0.941,0,3,100,11,0,0,112.5,1.388,1.08,3,0,0,0,0,39.6,-0.941,0
2024,581,C.J. Stroud,HST,QB,1,18,TEN,0.966183574879227,6,100,8.33,1,0,141,0.88,1,3,100,12.67,0,0,118.8,0.942,0.51,2,100,5,0,0,87.5,0.22,0.2,3,100,12.67,0,0,118.8,0.942,0.51,3,100,4,1,0,122.9,0.818,1.49
2024,582,Taylor Heinicke,LAC,QB,1,3,PIT,50,5,100,12,0,0,116.7,-0.722,0.19,0,0,0,0,0,0,0,0,5,100,12,0,0,116.7,-0.722,0.19,5,100,12,0,0,116.7,-0.722,0.19,0,0,0,0,0,0,0,0
2024,583,Joshua Dobbs,SF,QB,1,17,DET,9.615384615384617,5,75,8.75,0,0,101,1.024,1.62,2,0,0,0,0,39.6,0.936,3.35,3,100,11.67,0,0,115.3,1.083,0.47,5,75,8.75,0,0,101,1.024,1.62,0,0,0,0,0,0,0,0
2024,584,Hendon Hooker,DET,QB,1,11,JAX,45.45454545454545,5,75,9.25,0,0,103.1,0.641,0.34,4,100,12.33,0,0,118.1,1.137,0.42,1,0,0,0,0,39.6,-1.343,0,4,100,12.33,0,0,118.1,1.137,0.42,1,0,0,0,0,39.6,-1.343,0
2024,585,Will Levis,TEN,QB,1,4,MIA,1.3812154696132597,5,75,6.25,0,1,51,-0.821,0.06,0,0,0,0,0,0,0,0,5,75,6.25,0,1,51,-0.821,0.06,2,100,5,0,0,87.5,-0.565,0.25,3,66.7,6.67,0,1,45.8,-0.991,-0.07
2024,586,Michael Penix,ATL,QB,1,11,DEN,4.424778761061947,5,50,6,0,0,68.8,0.361,0.19,1,100,20,0,0,118.8,1.14,0.8,4,33.3,1.33,0,0,42.4,0.166,0.04,2,50,10,0,0,85.4,0.075,0.4,3,50,2,0,0,56.3,0.551,0.05
2024,587,Tanner McKee,PHI,QB,1,17,DAL,8.51063829787234,4,75,13.5,2,0,156.3,1.79,2.54,3,100,18,2,0,158.3,2.606,3.39,1,0,0,0,0,39.6,-0.657,0,4,75,13.5,2,0,156.3,1.79,2.54,0,0,0,0,0,0,0,0
2024,588,Dorian Thompson-Robinson,CLV,QB,1,18,BLT,3.0303030303030303,4,66.7,4.33,0,0,75.7,-0.217,0.13,0,0,0,0,0,0,0,0,4,66.7,4.33,0,0,75.7,-0.217,0.13,3,50,2.5,0,0,56.3,-0.876,0.07,1,100,8,0,0,100,1.759,0.32
2024,589,Jake Haener,NO,QB,1,7,DEN,8,4,75,9.5,1,0,143.8,0.932,1.38,2,100,14.5,1,0,158.3,1.805,2.58,2,50,4.5,0,0,62.5,0.059,0.18,1,100,9,0,0,104.2,0.484,0.36,3,66.7,9.67,1,0,137.5,1.081,1.72
2024,590,Anthony Richardson,IND,QB,1,4,PIT,1.3377926421404682,4,75,17.75,0,0,116.7,1.069,0.71,0,0,0,0,0,0,0,0,4,75,17.75,0,0,116.7,1.069,0.71,4,75,17.75,0,0,116.7,1.069,0.71,0,0,0,0,0,0,0,0
2024,591,Taylor Heinicke,LAC,QB,1,17,NE,30,3,0,0,0,0,39.6,-0.482,0.27,0,0,0,0,0,0,0,0,3,0,0,0,0,39.6,-0.482,0.27,2,0,0,0,0,39.6,-0.468,0.4,1,0,0,0,0,39.6,-0.509,0
2024,592,Marcus Mariota,WAS,QB,1,5,CLV,5.88235294117647,3,33.3,-0.67,0,0,42.4,-1.1,-0.03,2,50,-1,0,0,56.3,-1.029,-0.04,1,0,0,0,0,39.6,-1.243,0,2,50,-1,0,0,56.3,-1.029,-0.04,1,0,0,0,0,39.6,-1.243,0
2024,593,Carson Wentz,KC,QB,1,15,CLV,12.5,3,100,10,0,0,108.3,0.593,0.33,1,100,12,0,0,116.7,1.595,0.48,2,100,8,0,0,100,0.092,0.26,1,0,0,0,0,0,-0.25,0.2,2,100,10,0,0,108.3,1.015,0.4
2024,594,Cooper Rush,DAL,QB,1,2,NO,0.9230769230769231,3,33.3,2,0,0,42.4,-0.662,0.08,0,0,0,0,0,0,0,0,3,33.3,2,0,0,42.4,-0.662,0.08,3,33.3,2,0,0,42.4,-0.662,0.08,0,0,0,0,0,0,0,0
2024,595,Hendon Hooker,DET,QB,1,6,DAL,27.27272727272727,3,50,9.5,0,0,83.3,-1.118,0.25,2,0,0,0,0,39.6,-2.246,0,1,100,19,0,0,118.8,1.138,0.76,3,50,9.5,0,0,83.3,-1.118,0.25,0,0,0,0,0,0,0,0
2024,596,Hendon Hooker,DET,QB,1,8,TEN,27.27272727272727,3,66.7,2,0,0,70.1,-0.782,0.08,1,0,0,0,0,39.6,-0.669,0,2,100,3,0,0,79.2,-0.839,0.12,2,50,2,0,0,56.3,-0.921,0.08,1,100,2,0,0,79.2,-0.505,0.08
2024,597,Josh Johnson,BLT,QB,1,17,HST,50,2,50,8,0,0,77.1,0.388,0.32,0,0,0,0,0,0,0,0,2,50,8,0,0,77.1,0.388,0.32,1,100,16,0,0,118.8,2.181,0.64,1,0,0,0,0,39.6,-1.406,0
2024,598,Jacoby Brissett,NE,QB,1,17,LAC,1.0638297872340425,2,50,-1,0,0,56.3,-1.091,-0.04,0,0,0,0,0,0,0,0,2,50,-1,0,0,56.3,-1.091,-0.04,2,50,-1,0,0,56.3,-1.091,-0.04,0,0,0,0,0,0,0,0
2024,599,Mitchell Trubisky,BUF,QB,1,4,BLT,7.4074074074074066,2,50,1,0,0,56.3,-0.372,0.04,1,100,2,0,0,79.2,-0.221,0.08,1,0,0,0,0,39.6,-0.522,0,1,100,2,0,0,79.2,-0.221,0.08,1,0,0,0,0,39.6,-0.522,0
2024,600,Mac Jones,JAX,QB,1,6,CHI,0.6896551724137931,2,100,6,0,0,91.7,-0.754,0.12,0,0,0,0,0,0,0,0,2,100,6,0,0,91.7,-0.754,0.12,1,0,0,0,0,0,-1.429,0,1,100,6,0,0,91.7,-0.079,0.24
2024,601,Trey Lance,DAL,QB,1,17,PHI,4.25531914893617,2,100,1,0,0,79.2,-0.425,0.07,0,0,0,0,0,0,0,0,2,100,1,0,0,79.2,-0.425,0.07,2,100,1,0,0,79.2,-0.425,0.07,0,0,0,0,0,0,0,0
2024,602,Chris Oladokun,KC,QB,1,18,DEN,100,2,0,0,0,0,0,-0.972,0.25,1,0,0,0,0,0,-1.39,0,1,0,0,0,0,0,-0.555,0.5,1,0,0,0,0,0,-1.39,0,1,0,0,0,0,0,-0.555,0.5
2024,603,Kenny Pickett,PHI,QB,1,10,DAL,4.081632653061225,2,50,2.5,0,0,56.3,-0.66,0.1,1,0,0,0,0,39.6,-1.473,0,1,100,5,0,0,87.5,0.153,0.2,2,50,2.5,0,0,56.3,-0.66,0.1,0,0,0,0,0,0,0,0
2024,604,Kenny Pickett,PHI,QB,1,7,NYG,4.081632653061225,2,0,0,0,0,39.6,-0.838,0,1,0,0,0,0,39.6,-1.099,0,1,0,0,0,0,0,-0.577,0,2,0,0,0,0,39.6,-0.838,0,0,0,0,0,0,0,0,0
2024,605,Desmond Ridder,LV,QB,1,18,LAC,1.9801980198019802,2,50,5.5,0,0,66.7,0.149,0.22,0,0,0,0,0,0,0,0,2,50,5.5,0,0,66.7,0.149,0.22,0,0,0,0,0,0,0,0,2,50,5.5,0,0,66.7,0.149,0.22
2024,606,Malik Willis,GB,QB,1,1,PHI,2.857142857142857,2,0,0,0,0,39.6,-0.219,0,0,0,0,0,0,0,0,0,0,0,0,0,0,0,0,0,2,0,0,0,0,39.6,-0.219,0,0,0,0,0,0,0,0,0
2024,607,Malik Willis,GB,QB,1,16,NO,2.857142857142857,2,50,17,0,0,95.8,1.418,0.68,1,0,0,0,0,39.6,-1.722,0,1,100,34,0,0,118.8,4.557,1.36,1,100,34,0,0,118.8,4.557,1.36,1,0,0,0,0,39.6,-1.722,0
2024,608,Clayton Tune,ARZ,QB,1,15,NE,100,2,100,4,0,0,83.3,-0.564,0.16,2,100,4,0,0,83.3,-0.564,0.16,0,0,0,0,0,0,0,0,2,100,4,0,0,83.3,-0.564,0.16,0,0,0,0,0,0,0,0
2024,609,Bryce Young,CAR,QB,1,7,WAS,0.4454342984409799,2,100,-2,0,0,79.2,-0.93,-0.08,1,100,2,0,0,79.2,-0.38,0.08,1,100,-6,0,0,79.2,-1.48,-0.24,1,100,2,0,0,79.2,-0.38,0.08,1,100,-6,0,0,79.2,-1.48,-0.24
2024,610,Drake Maye,NE,QB,1,18,BUF,0.4796163069544364,2,0,0,0,0,39.6,-1.357,0,0,0,0,0,0,0,0,0,2,0,0,0,0,39.6,-1.357,0,2,0,0,0,0,39.6,-1.357,0,0,0,0,0,0,0,0,0
2024,611,Jayden Daniels,WAS,QB,1,7,CAR,0.333889816360601,2,100,3,0,0,79.2,-0.62,0.12,1,100,3,0,0,79.2,-1.196,0.12,1,100,3,0,0,79.2,-0.044,0.12,2,100,3,0,0,79.2,-0.62,0.12,0,0,0,0,0,0,0,0
2024,612,Josh Johnson,BLT,QB,1,15,NYG,25,1,0,0,0,0,0,-1.179,0,0,0,0,0,0,0,0,0,1,0,0,0,0,0,-1.179,0,1,0,0,0,0,0,-1.179,0,0,0,0,0,0,0,0,0
2024,613,Josh Johnson,BLT,QB,1,4,BUF,25,1,100,1,0,0,79.2,-1.406,0.04,0,0,0,0,0,0,0,0,1,100,1,0,0,79.2,-1.406,0.04,1,100,1,0,0,79.2,-1.406,0.04,0,0,0,0,0,0,0,0
2024,614,Andy Dalton,CAR,QB,1,1,NO,0.5780346820809248,1,0,0,0,0,39.6,-0.621,0,1,0,0,0,0,39.6,-0.621,0,0,0,0,0,0,0,0,0,1,0,0,0,0,39.6,-0.621,0,0,0,0,0,0,0,0,0
2024,615,Jameis Winston,CLV,QB,1,5,WAS,0.3048780487804878,1,100,16,0,0,118.8,0.807,0.64,0,0,0,0,0,0,0,0,1,100,16,0,0,118.8,0.807,0.64,1,100,16,0,0,118.8,0.807,0.64,0,0,0,0,0,0,0,0
2024,616,Taylor Heinicke,LAC,QB,1,14,KC,10,1,0,0,0,0,0,-0.165,1.2,0,0,0,0,0,0,0,0,1,0,0,0,0,0,-0.165,1.2,1,0,0,0,0,0,-0.165,1.2,0,0,0,0,0,0,0,0
2024,617,Taylor Heinicke,LAC,QB,1,15,TB,10,1,100,4,0,0,83.3,-3.807,0.16,0,0,0,0,0,0,0,0,1,100,4,0,0,83.3,-3.807,0.16,1,100,4,0,0,83.3,-3.807,0.16,0,0,0,0,0,0,0,0
2024,618,Brandon Allen,SF,QB,1,14,CHI,3.0303030303030303,1,0,0,0,1,0,-1.687,-1,0,0,0,0,0,0,0,0,1,0,0,0,1,0,-1.687,-1,0,0,0,0,0,0,0,0,1,0,0,0,1,0,-1.687,-1
2024,619,Nick Mullens,MIN,QB,1,12,CHI,50,1,100,14,0,0,118.8,2.276,0.56,0,0,0,0,0,0,0,0,1,100,14,0,0,118.8,2.276,0.56,0,0,0,0,0,0,0,0,1,100,14,0,0,118.8,2.276,0.56
2024,620,Nick Mullens,MIN,QB,1,5,NYJ,50,1,100,24,0,0,118.8,2.593,0.96,1,100,24,0,0,118.8,2.593,0.96,0,0,0,0,0,0,0,0,1,100,24,0,0,118.8,2.593,0.96,0,0,0,0,0,0,0,0
2024,621,Mitchell Trubisky,BUF,QB,1,13,SF,3.7037037037037033,1,100,4,0,0,83.3,-0.14,0.16,1,100,4,0,0,83.3,-0.14,0.16,0,0,0,0,0,0,0,0,1,100,4,0,0,83.3,-0.14,0.16,0,0,0,0,0,0,0,0
2024,622,Mitchell Trubisky,BUF,QB,1,17,NYJ,3.7037037037037033,1,100,69,1,0,158.3,7.094,6.76,0,0,0,0,0,0,0,0,1,100,69,1,0,158.3,7.094,6.76,1,100,69,1,0,158.3,7.094,6.76,0,0,0,0,0,0,0,0
2024,623,Mitchell Trubisky,BUF,QB,1,3,JAX,3.7037037037037033,1,100,3,0,0,79.2,-1.034,0.12,1,100,3,0,0,79.2,-1.034,0.12,0,0,0,0,0,0,0,0,1,100,3,0,0,79.2,-1.034,0.12,0,0,0,0,0,0,0,0
2024,624,Kyle Allen,PIT,QB,1,5,DAL,100,1,100,19,0,0,118.8,1.433,0.76,0,0,0,0,0,0,0,0,1,100,19,0,0,118.8,1.433,0.76,1,100,19,0,0,118.8,1.433,0.76,0,0,0,0,0,0,0,0
2024,625,Jarrett Stidham,DEN,QB,1,18,KC,100,1,0,0,0,0,0,1.227,0.8,0,0,0,0,0,0,0,0,1,0,0,0,0,0,1.227,0.8,1,0,0,0,0,0,1.227,0.8,0,0,0,0,0,0,0,0
2024,626,Drew Lock,NYG,QB,1,12,TB,0.49261083743842365,1,100,3,0,0,79.2,-0.271,0.12,0,0,0,0,0,0,0,0,1,100,3,0,0,79.2,-0.271,0.12,1,100,3,0,0,79.2,-0.271,0.12,0,0,0,0,0,0,0,0
2024,627,Davis Mills,HST,QB,1,17,BLT,2.564102564102564,1,100,5,0,0,87.5,0.579,0.2,0,0,0,0,0,0,0,0,1,100,5,0,0,87.5,0.579,0.2,1,100,5,0,0,87.5,0.579,0.2,0,0,0,0,0,0,0,0
2024,628,Davis Mills,HST,QB,1,6,NE,2.564102564102564,1,0,0,0,0,39.6,-0.768,0,0,0,0,0,0,0,0,0,1,0,0,0,0,39.6,-0.768,0,0,0,0,0,0,0,0,0,1,0,0,0,0,39.6,-0.768,0
2024,629,Kyle Trask,TB,QB,1,13,CAR,100,1,100,5,0,0,87.5,0.298,0.2,0,0,0,0,0,0,0,0,1,100,5,0,0,87.5,0.298,0.2,0,0,0,0,0,0,0,0,1,100,5,0,0,87.5,0.298,0.2
2024,630,Justin Fields,PIT,QB,1,12,CLV,0.5102040816326531,1,0,0,0,0,39.6,-1.12,0,1,0,0,0,0,39.6,-1.12,0,0,0,0,0,0,0,0,0,0,0,0,0,0,0,0,0,1,0,0,0,0,39.6,-1.12,0
2024,631,Tyson Bagent,CHI,QB,1,14,SF,50,1,100,6,0,0,91.7,0.391,0.24,0,0,0,0,0,0,0,0,1,100,6,0,0,91.7,0.391,0.24,1,100,6,0,0,91.7,0.391,0.24,0,0,0,0,0,0,0,0
2024,632,Tyson Bagent,CHI,QB,1,15,MIN,50,1,100,5,0,0,87.5,-0.072,0.2,0,0,0,0,0,0,0,0,1,100,5,0,0,87.5,-0.072,0.2,0,0,0,0,0,0,0,0,1,100,5,0,0,87.5,-0.072,0.2
2024,633,Dorian Thompson-Robinson,CLV,QB,1,11,NO,0.7575757575757576,1,0,0,0,0,39.6,-0.476,0,0,0,0,0,0,0,0,0,1,0,0,0,0,39.6,-0.476,0,0,0,0,0,0,0,0,0,1,0,0,0,0,39.6,-0.476,0
2024,634,Jake Haener,NO,QB,1,1,CAR,2,1,0,0,0,0,39.6,-0.554,0,0,0,0,0,0,0,0,0,1,0,0,0,0,39.6,-0.554,0,0,0,0,0,0,0,0,0,1,0,0,0,0,39.6,-0.554,0
2024,635,Jake Haener,NO,QB,1,14,NYG,2,1,0,0,0,0,0,-1.339,0,1,0,0,0,0,0,-1.339,0,0,0,0,0,0,0,0,0,1,0,0,0,0,0,-1.339,0,0,0,0,0,0,0,0,0
2024,636,Michael Penix,ATL,QB,1,7,SEA,0.8849557522123894,1,100,14,0,0,118.8,1.377,0.56,0,0,0,0,0,0,0,0,1,100,14,0,0,118.8,1.377,0.56,1,100,14,0,0,118.8,1.377,0.56,0,0,0,0,0,0,0,0
Exported from Data Suite 2.0 by michaelgingrave (user 380) on 2026-09-09 23:49 UTC,,,,,,,,,,,,,,,,,,,,,,,,,,,,,,,,,,,,,,,,,,,,,,,,