,Player Details,Player Details,Player Details,Player Details,Player Details,Splits,Splits,Splits,Splits,Receiving,Receiving,Receiving,Receiving,Receiving,Receiving,Receiving,Receiving,Receiving,Receiving,Receiving,Receiving,Receiving,Receiving,Receiving,Receiving,Receiving,Receiving,Receiving,Receiving,Receiving,Receiving,Receiving,Receiving,Receiving,Receiving,Advanced,Advanced,Advanced,Advanced,Advanced,Advanced,Advanced,Advanced,Advanced,Advanced,Advanced,Advanced,Advanced,Advanced,Advanced,Advanced,Advanced,Advanced,Advanced,Advanced,Advanced,Advanced,Alignment,Alignment,Alignment,Alignment,FP,FP,FP,FP,FP,FP,FP,FP
Season,Rank,Name,Team,POS,G,WEEK,OPP,RTE %,TGT %,SNAP %,RTE,RTE %,TGT,TGT %,YPRR,TPRR,aDOT,AY,AY Share,YDS,TM YDS %,YPT,YPR,REC,CR %,YAC,YAC/REC,YACO,YACO/REC,TD,XTD,TM TD %,i20 TGT,EZTGT,EZTD,1D,1D/RR,RATE,1READ,1READ %,DESIGN,DESIGN %,CTGT,CTGT %,DEEP,EXP %,DRP,DRP %,CT,CC,CC %,HERO,MTF,MTF/REC,THREAT %,YPTOE,EPA/TGT,WIDE RTE %,SLOT RTE %,INLINE RTE %,BACK RTE %,FP,XFP,FP/G,XFP/G,DIFF,FP/RR,XFP/RR,RecXFP
2025,,League Avg,,,,,,,,54.9664298401421,6.618117229129663,52.54769094138542,1.8570159857904085,14.801243339253997,2.25,0.28,7.008108348134993,23.039964476021314,15.044316163410281,14.873001776198935,14.913321492007087,8.01,13.25,1.1225577264653641,60.4,4.558614564831261,4.06,1.6101243339253997,1.43,0.09680284191829484,0.09695381882770908,7.015808170515098,0.2211367673179396,0.15985790408525755,0.05950266429840142,0.7078152753108348,0.107,49.022202486678424,1.4600355239786855,14.783836589698062,0.11101243339253997,6,1.3738898756660747,74,0.35790408525754885,21,0.10746003552397869,5.8,0.3987566607460036,0.22202486678507993,55.7,0.03463587921847247,0.10568383658969804,0.09,25.3,-0.59,0.206,46.71065719360567,34.23898756660746,18.075932504440505,0.9766429840142097,3.192806394316164,3.206305506216693,3.192806394316164,3.206314387211371,-0.013507992895204277,0.48,0.48,3.201509769094135
2025,1,DeVonta Smith,PHI,WR,1,7,MIN,21.875,27.586206896551722,87.8,14,100,8,57.1,12.36,0.57,19.88,159,59.3,173,58.8,21.63,24.71,7,87.5,36,5.14,19,2.71,1,0.62,33.3,0,0,0,5,0.357,158.3,6,60,0,0,8,100,3,42.9,0,0,2,1,50,1,0,0,57.1,11.3,1.498,64.3,35.7,0,0,30.3,27.1,30.3,27.15,3.15,2.16,1.94,27.1
2025,2,Michael Wilson,ARZ,WR,1,11,SF,21.951219512195124,40,83.1,18,90,16,80,8.11,0.89,12.19,195,93.8,146,79.8,9.13,11.23,13,81.3,35,2.69,17,1.31,0,0.12,0,0,0,0,7,0.389,104.7,13,81.3,0,0,14,87.5,3,15.4,0,0,5,4,80,0,0,0,84.2,0.85,0.386,100,0,0,0,27.6,28.3,27.6,28.31,-0.71,1.53,1.57,28.3
2025,3,George Pickens,DAL,WR,1,11,LV,20.253164556962027,27.500000000000004,67.7,16,88.9,11,61.1,9,0.69,12.64,139,69.5,144,78.3,13.09,16,9,81.8,74,8.22,36,4,1,0.24,33.3,2,1,0,8,0.5,149.1,7,58.3,0,0,10,90.9,2,22.2,0,0,3,2,66.7,0,5,0.56,68.8,4.59,1.107,93.8,6.3,0,0,29.4,18.9,29.4,18.95,10.45,1.84,1.18,18.9
2025,4,Ja'Marr Chase,CIN,WR,1,7,PIT,35.064935064935064,43.90243902439025,98.6,27,100,18,66.7,4.85,0.67,7.56,136,60.4,131,54.8,7.28,10.08,13,72.2,74,5.69,22,1.69,1,0.49,50,2,1,1,7,0.259,111.1,14,66.7,4,22.2,15,83.3,0,0,2,11.1,3,2,66.7,0,2,0.15,66.7,-0.41,0.401,81.5,18.5,0,0,32.1,28.8,32.1,28.81,3.29,1.19,1.07,28.8
2025,5,A.J. Brown,PHI,WR,1,7,MIN,25.925925925925924,20.689655172413794,91.8,14,100,6,42.9,8.64,0.43,18.17,109,40.7,121,41.2,20.17,30.25,4,66.7,29,7.25,14,3.5,2,1.4,66.7,0,0,0,4,0.286,149.3,4,40,0,0,5,83.3,3,75,0,0,1,0,0,0,0,0,42.9,10.48,2.426,78.6,21.4,0,0,28.1,24.9,28.1,24.9,3.2,2.01,1.78,24.9
2025,6,Tee Higgins,CIN,WR,1,9,CHI,23.28767123287671,30,81.5,17,81,9,42.9,7.12,0.53,14.11,127,39.8,121,43.5,13.44,17.29,7,77.8,29,4.14,16,2.29,2,0.8,100,1,2,1,6,0.353,158.3,9,45,0,0,9,100,3,50,1,11.1,7,6,85.7,1,1,0.14,50,4.64,1.167,100,0,0,0,31.1,18.1,31.1,18.08,13.02,1.83,1.06,18.1
2025,7,Jameson Williams,DET,WR,1,10,WAS,22,43.75,86.8,11,84.6,7,53.8,10.82,0.64,10.43,73,68.9,119,62.6,17,19.83,6,85.7,57,9.5,12,2,1,0.63,100,1,0,0,6,0.545,158.3,7,53.8,0,0,7,100,1,40,1,14.3,0,0,0,0,3,0.5,63.6,8.98,1.464,90.9,9.1,0,0,23.9,19.9,23.9,19.88,4.02,2.17,1.81,19.9
2025,8,Alec Pierce,IND,WR,1,9,PIT,36.507936507936506,34.285714285714285,89.2,23,92,12,48,5,0.52,16,192,57.3,115,50.2,9.58,19.17,6,50,25,4.17,18,3,0,0.02,0,0,0,0,5,0.217,49,12,50,0,0,7,58.3,3,33.3,0,0,1,0,0,0,1,0.17,52.2,-0.19,0.23,87,13,0,0,17.5,17.8,17.5,17.84,-0.34,0.76,0.78,17.8
2025,9,Nico Collins,HST,WR,1,10,JAX,26.5625,25.64102564102564,89.9,17,89.5,10,52.6,6.71,0.59,13.9,139,52.7,114,73.1,11.4,19,6,60,21,3.5,15,2.5,0,0.06,0,2,1,0,4,0.235,99.6,9,56.3,0,0,8,80,2,16.7,1,10,4,2,50,0,0,0,58.8,2.94,-0.057,76.5,23.5,0,0,17.4,13,17.4,13.01,4.39,1.02,0.77,13
2025,10,Jordan Addison,MIN,WR,1,7,PHI,24.637681159420293,37.5,92.5,17,94.4,9,50,6.71,0.53,20.22,182,64.5,114,57.3,12.67,16.29,7,77.8,7,1,5,0.71,0,0.2,0,1,1,0,4,0.235,79.2,8,50,0,0,7,77.8,4,42.9,0,0,0,0,0,0,0,0,50,2.27,0.545,88.2,11.8,0,0,18.4,19.2,18.4,19.22,-0.82,1.08,1.13,19.2
2025,11,Rome Odunze,CHI,WR,1,8,BLT,24.285714285714285,27.27272727272727,93.5,17,85,9,45,6.71,0.53,14.44,130,65.3,114,55.3,12.67,16.29,7,77.8,19,2.71,9,1.29,0,0.07,0,1,0,0,7,0.412,79.2,6,40,0,0,8,88.9,2,50,0,0,4,3,75,0,0,0,45,2.94,0.759,70.6,29.4,0,0,18.4,18.1,18.4,18.12,0.28,1.08,1.07,18.1
2025,12,A.J. Brown,PHI,WR,1,12,DAL,27.77777777777778,34.48275862068966,93.1,15,93.8,10,62.5,7.33,0.67,9.1,91,40.3,110,67.5,11,13.75,8,80,37,4.63,27,3.38,1,1.44,100,2,1,1,6,0.4,145.8,9,69.2,0,0,10,100,0,14.3,1,10,1,0,0,0,2,0.25,66.7,3.12,0.842,100,0,0,0,25,27.8,25,27.8,-2.8,1.67,1.85,27.8
2025,13,Wan'Dale Robinson,NYG,WR,1,12,DET,21.818181818181817,31.818181818181817,81.8,12,100,7,58.3,8.92,0.58,14,98,53,107,55.4,15.29,17.83,6,85.7,25,4.17,0,0,1,1.06,50,0,1,1,3,0.25,118.8,7,58.3,2,28.6,6,85.7,2,33.3,0,0,1,1,100,0,0,0,58.3,6.34,0.578,75,25,0,0,22.7,21.6,22.7,21.56,1.14,1.89,1.8,21.6
2025,14,Michael Wilson,ARZ,WR,1,12,JAX,26.82926829268293,32.5,81.6,22,100,13,59.1,4.86,0.59,9.92,129,58.9,107,71.8,8.23,11.89,9,69.2,17,1.89,7,0.78,0,0.09,0,1,1,0,3,0.136,94.1,12,60,0,0,9,69.2,1,11.1,0,0,6,5,83.3,0,1,0.11,59.1,0.28,0.142,81.8,18.2,0,0,19.7,15.9,19.7,15.91,3.79,0.9,0.72,15.9
2025,15,Jaxon Smith-Njigba,SEA,WR,1,11,LA,33.33333333333333,30.76923076923077,83.5,18,100,12,66.7,5.83,0.67,9.83,118,58.4,105,79.5,8.75,11.67,9,75,30,3.33,17,1.89,0,0.57,0,2,1,0,7,0.389,66.3,11,78.6,0,0,9,75,2,12.5,0,0,1,1,100,1,1,0.11,66.7,1.02,0.023,88.9,11.1,0,0,19.5,21.1,19.5,21.07,-1.57,1.08,1.17,21.1
2025,16,Jaxon Smith-Njigba,SEA,WR,1,7,HST,25.925925925925924,28.205128205128204,88.1,14,100,11,78.6,7.43,0.79,12.45,137,80.6,104,94.5,9.45,14.86,7,63.6,30,4.29,15,2.14,1,0.96,100,1,1,1,5,0.357,124.8,8,72.7,1,9.1,7,63.6,2,16.7,0,0,1,1,100,0,1,0.14,78.6,0.49,0.687,85.7,14.3,0,0,23.4,21.4,23.4,21.44,1.96,1.67,1.53,21.4
2025,17,George Pickens,DAL,WR,1,12,PHI,22.78481012658228,20,77.9,18,90,8,40,5.72,0.44,9.13,73,27.4,103,44.6,12.88,12.88,8,100,31,3.88,19,2.38,1,0.78,100,1,1,1,6,0.333,158.3,6,46.2,0,0,8,100,1,28.6,0,0,5,5,100,0,0,0,44.4,5.08,1.17,83.3,16.7,0,0,24.3,16.9,24.3,16.87,7.43,1.35,0.94,16.9
2025,18,Tetairoa McMillan,CAR,WR,1,11,ATL,19.718309859154928,15.789473684210526,85.3,14,100,6,42.9,7.07,0.43,11.17,67,37.4,99,48.3,16.5,19.8,5,83.3,37,7.4,5,1,1,1.04,50,1,0,0,5,0.357,158.3,5,38.5,0,0,6,100,1,50,0,0,1,0,0,0,1,0.2,42.9,8.06,1.367,92.9,7.1,0,0,20.9,19.3,20.9,19.34,1.56,1.49,1.38,19.3
2025,19,Drake London,ATL,WR,1,9,NE,26.41509433962264,36,98.1,14,100,9,64.3,7,0.64,12,108,59,98,77.8,10.89,16.33,6,66.7,19,3.17,8,1.33,1,0.94,100,2,1,1,5,0.357,140,6,60,0,0,7,77.8,2,40,0,0,4,2,50,3,0,0,64.3,2.51,0.407,78.6,21.4,0,0,21.8,18.4,21.8,18.42,3.38,1.56,1.32,18.4
2025,20,Michael Pittman,IND,WR,1,9,PIT,37.096774193548384,30.76923076923077,89.2,23,92,8,32,4.17,0.35,15,120,35.8,96,41.9,12,13.71,7,87.5,20,2.86,3,0.43,0,0.12,0,0,0,0,6,0.261,118.8,7,29.2,0,0,8,100,1,14.3,0,0,1,0,0,1,0,0,33.3,2.27,1.208,78.3,21.7,0,0,16.6,19.9,16.6,19.86,-3.26,0.72,0.86,19.9
2025,21,Tee Higgins,CIN,WR,1,7,PIT,30.136986301369863,23.333333333333332,86.1,22,81.5,7,25.9,4.36,0.32,11.43,80,35.6,96,40.2,13.71,16,6,85.7,34,5.67,2,0.33,1,0.31,50,1,0,0,3,0.136,158.3,6,28.6,0,0,6,85.7,1,40,0,0,1,1,100,0,2,0.33,29.2,5.03,1.372,86.4,13.6,0,0,21.6,13.9,21.6,13.94,7.66,0.98,0.63,13.9
2025,22,Marvin Harrison,ARZ,WR,1,9,DAL,32.55813953488372,38.46153846153847,70.8,14,87.5,10,62.5,6.86,0.71,11.7,117,60,96,53.6,9.6,13.71,7,70,22,3.14,20,2.86,1,1.1,100,2,1,1,6,0.429,133.7,9,81.8,0,0,8,80,0,20,0,0,2,1,50,0,1,0.14,71.4,0.75,0.785,92.9,7.1,0,0,22.6,22.5,22.6,22.46,0.14,1.61,1.6,22.5
2025,23,Jaxon Smith-Njigba,SEA,WR,1,10,ARZ,11.11111111111111,12.82051282051282,40.7,6,100,5,83.3,15.5,0.83,16,80,87,93,58.1,18.6,18.6,5,100,13,2.6,7,1.4,1,0.98,100,0,0,0,4,0.667,158.3,4,100,0,0,5,100,1,20,0,0,1,1,100,0,0,0,83.3,9.26,1.403,100,0,0,0,20.3,19,20.3,18.96,1.34,3.38,3.16,19
2025,24,Mack Hollins,NE,WR,1,10,TB,21.666666666666668,27.586206896551722,79.7,13,92.9,8,57.1,7,0.62,16.75,134,70.9,91,47.9,11.38,18.2,5,62.5,12,2.4,-1,-0.2,0,0.26,0,0,0,0,3,0.231,101.6,7,58.3,0,0,5,62.5,3,20,0,0,1,1,100,0,0,0,61.5,1.94,0.55,92.3,7.7,0,0,14.1,14.3,14.1,14.3,-0.2,1.08,1.1,14.3
2025,25,Mack Hollins,NE,WR,1,8,CLV,25,24.137931034482758,73.8,15,88.2,7,41.2,5.93,0.47,8.57,60,29.6,89,46.1,12.71,12.71,7,100,29,4.14,11,1.57,0,0.37,0,1,0,0,4,0.267,118.8,7,43.8,0,0,7,100,0,16.7,0,0,0,0,0,0,0,0,46.7,4.95,0.745,80,20,0,0,15.9,16.8,15.9,16.77,-0.87,1.06,1.12,16.8
2025,26,Darius Slayton,NYG,WR,1,10,CHI,26.08695652173913,26.666666666666668,62.9,6,54.5,4,36.4,14.83,0.67,17.25,69,44.5,89,74.2,22.25,22.25,4,100,20,5,7,1.75,0,0.04,0,0,0,0,3,0.5,118.8,3,50,0,0,4,100,2,50,0,0,1,1,100,1,0,0,66.7,12.68,1.759,100,0,0,0,12.9,10.3,12.9,10.34,2.56,2.15,1.72,10.3
2025,27,Puka Nacua,LA,WR,1,9,NO,21.951219512195124,26.08695652173913,49.4,9,64.3,6,42.9,9.67,0.67,11,66,33.3,87,46.8,14.5,14.5,6,100,21,3.5,14,2.33,1,0.83,33.3,1,0,0,2,0.222,158.3,6,42.9,1,16.7,6,100,1,20,0,0,1,1,100,1,1,0.17,60,6.22,1.179,88.9,11.1,0,0,20.7,17.1,20.7,17.08,3.62,2.3,1.9,17.1
2025,28,Emeka Egbuka,TB,WR,1,10,NE,23.376623376623375,27.027027027027028,87.9,18,90,10,50,4.83,0.56,11.4,114,53.5,87,63,8.7,21.75,4,40,30,7.5,8,2,0,0.1,0,2,1,0,4,0.222,71.7,9,69.2,0,0,5,50,0,75,0,0,2,1,50,0,0,0,52.6,-0.18,0.155,72.2,27.8,0,0,12.7,11.2,12.7,11.25,1.45,0.71,0.62,11.2
2025,29,Jaylen Waddle,MIA,WR,1,10,BUF,17.5,25.925925925925924,83,7,87.5,7,87.5,12,1,23.14,162,102.5,84,100,12,16.8,5,71.4,5,1,1,0.2,1,1.06,100,0,1,1,3,0.429,111.6,6,85.7,0,0,6,85.7,4,40,0,0,1,1,100,0,0,0,100,1.03,0.65,100,0,0,0,19.4,21.6,19.4,21.65,-2.25,2.77,3.09,21.6
2025,30,DeVonta Smith,PHI,WR,1,8,NYG,14.0625,24.137931034482758,89.5,9,100,7,77.8,9.33,0.78,12.29,86,69.9,84,64.6,12,14,6,85.7,22,3.67,9,1.5,0,0.04,0,1,1,0,5,0.556,116.7,6,75,0,0,6,85.7,1,16.7,0,0,0,0,0,0,0,0,77.8,3.14,0.749,100,0,0,0,14.4,13.5,14.4,13.51,0.89,1.6,1.5,13.5
2025,31,Alec Pierce,IND,WR,1,10,ATL,17.46031746031746,20,94.6,11,100,7,63.6,7.64,0.64,19.29,135,86.5,84,75,12,21,4,57.1,15,3.75,10,2.5,1,0.5,100,0,1,1,4,0.364,99.7,7,63.6,0,0,5,71.4,3,50,0,0,2,1,50,1,0,0,63.6,2.24,0.836,90.9,9.1,0,0,18.4,13,18.4,13.03,5.37,1.67,1.18,13
2025,32,Romeo Doubs,GB,WR,1,9,CAR,25.49019607843137,26.666666666666668,92.1,13,92.9,8,57.1,6.23,0.62,12.38,99,47.8,81,84.4,10.13,13.5,6,75,13,2.17,6,1,0,0.09,0,2,1,0,4,0.308,106.8,7,63.6,0,0,6,75,2,40,0,0,3,3,100,0,1,0.17,57.1,1.35,0.626,84.6,15.4,0,0,14.1,12.9,14.1,12.85,1.25,1.08,0.99,12.9
2025,33,Christian Watson,GB,WR,1,8,PIT,13.636363636363635,20,55.6,6,60,3,30,13.33,0.5,23.67,71,41,80,56.7,26.67,26.67,3,100,9,3,2,0.67,0,0.4,0,0,0,0,3,0.5,118.8,3,30,0,0,3,100,1,66.7,0,0,2,2,100,0,0,0,42.9,14.56,1.958,100,0,0,0,11,9.5,11,9.49,1.51,1.83,1.58,9.5
2025,34,Jaylen Waddle,MIA,WR,1,9,BLT,25,25.925925925925924,79,10,76.9,7,53.8,7.9,0.7,12,84,74.3,79,64.8,11.29,15.8,5,71.4,18,3.6,11,2.2,0,0.03,0,0,0,0,4,0.4,108.6,7,63.6,0,0,5,71.4,0,40,0,0,2,2,100,0,1,0.2,58.3,2.65,1.103,90,10,0,0,12.9,10.6,12.9,10.55,2.35,1.29,1.06,10.6
2025,35,Ja'Marr Chase,CIN,WR,1,9,CHI,27.27272727272727,12.195121951219512,98.5,21,100,5,23.8,3.76,0.24,19,95,29.8,79,28.4,15.8,26.33,3,60,37,12.33,18,6,0,0.72,0,1,1,0,3,0.143,64.6,5,25,0,0,4,80,1,66.7,1,20,1,0,0,0,1,0.33,23.8,5.51,0.789,38.1,61.9,0,0,10.9,12.9,10.9,12.88,-1.98,0.52,0.61,12.9
2025,36,George Pickens,DAL,WR,1,9,ARZ,21.518987341772153,17.5,90.8,17,100,7,41.2,4.65,0.41,11.14,78,33.2,79,52,11.29,13.17,6,85.7,19,3.17,16,2.67,0,0.01,0,0,0,0,6,0.353,113.7,4,33.3,0,0,6,85.7,0,0,0,0,2,2,100,0,2,0.33,41.2,2.76,0.688,88.2,11.8,0,0,13.9,11.1,13.9,11.11,2.79,0.82,0.65,11.1
2025,37,George Pickens,DAL,WR,1,8,DEN,24.050632911392405,22.5,77.9,19,82.6,9,39.1,4.11,0.47,8.11,73,30.3,78,40.4,8.67,11.14,7,77.8,18,2.57,6,0.86,0,0.16,0,1,1,0,5,0.263,102.8,9,40.9,0,0,9,100,0,0,0,0,3,1,33.3,1,1,0.14,45,1.17,0.88,89.5,10.5,0,0,14.8,15,14.8,15.04,-0.24,0.78,0.79,15
2025,38,Michael Pittman,IND,WR,1,8,TEN,19.35483870967742,26.923076923076923,78.8,12,92.3,7,53.8,6.42,0.58,8.57,60,31.3,77,55.8,11,11,7,100,17,2.43,8,1.14,1,0.81,100,0,1,1,4,0.333,152.1,6,50,0,0,7,100,1,14.3,0,0,4,4,100,1,0,0,58.3,3.66,0.766,91.7,8.3,0,0,20.7,16.2,20.7,16.2,4.5,1.72,1.35,16.2
2025,39,Troy Franklin,DEN,WR,1,11,KC,17.142857142857142,18.181818181818183,65.6,12,92.3,6,46.2,6.33,0.5,23.5,141,60.8,76,41.5,12.67,25.33,3,50,19,6.33,9,3,0,0.08,0,0,0,0,2,0.167,95.8,4,44.4,0,0,5,83.3,4,66.7,2,33.3,1,0,0,0,0,0,50,1.34,0.41,91.7,8.3,0,0,10.6,14.9,10.6,14.94,-4.34,0.88,1.24,14.9
2025,40,Davante Adams,LA,WR,1,10,SF,16.363636363636363,20.588235294117645,49.3,9,69.2,7,53.8,8.33,0.78,17.71,124,75.2,75,63.6,10.71,15,5,71.4,10,2,2,0.4,0,0.04,0,1,0,0,5,0.556,106.3,5,55.6,0,0,6,85.7,3,25,1,14.3,2,1,50,0,0,0,70,0.66,0.682,100,0,0,0,12.5,13.1,12.5,13.05,-0.55,1.39,1.45,13.1
2025,41,Justin Jefferson,MIN,WR,1,7,PHI,22.666666666666664,16.27906976744186,98.5,17,94.4,7,38.9,4.41,0.41,11.43,80,28.4,75,37.7,10.71,18.75,4,57.1,59,14.75,45,11.25,0,0.29,0,2,1,0,3,0.176,94.3,6,37.5,0,0,5,71.4,2,33.3,0,0,1,0,0,0,1,0.25,41.2,2.31,0.646,88.2,11.8,0,0,11.5,9.1,11.5,9.15,2.35,0.68,0.54,9.1
2025,42,CeeDee Lamb,DAL,WR,1,12,PHI,21.518987341772153,29.03225806451613,83.8,17,85,9,45,4.41,0.53,17.11,154,57.9,75,32.5,8.33,18.75,4,44.4,9,2.25,2,0.5,0,0.65,0,1,1,0,2,0.118,73.8,6,46.2,0,0,7,77.8,2,25,1,11.1,4,2,50,0,0,0,52.9,-1.21,0.242,70.6,29.4,0,0,11.5,15.3,11.5,15.26,-3.76,0.68,0.9,15.3
2025,43,Kayshon Boutte,NE,WR,1,8,CLV,44.11764705882353,44.44444444444444,73.8,15,88.2,4,23.5,5,0.27,20.25,81,39.9,75,38.9,18.75,25,3,75,2,0.67,0,0,1,0.78,50,0,0,0,2,0.133,156.3,4,25,0,0,4,100,1,66.7,1,25,0,0,0,0,0,0,25,8.44,1.337,73.3,26.7,0,0,16.5,16.8,16.5,16.8,-0.3,1.1,1.12,16.8
2025,44,Keenan Allen,LAC,WR,1,7,IND,38.297872340425535,47.61904761904761,64.9,18,90,10,50,4.11,0.56,9.5,95,41.3,74,44.6,7.4,10.57,7,70,16,2.29,3,0.43,1,0.74,33.3,2,1,1,4,0.222,124.6,7,63.6,0,0,7,70,2,16.7,0,0,0,0,0,1,0,0,55.6,0.05,0.278,72.2,27.8,0,0,20.4,18.1,20.4,18.14,2.26,1.13,1.01,18.1
2025,45,Justin Jefferson,MIN,WR,1,8,LAC,18.666666666666668,23.25581395348837,87.2,14,93.3,10,66.7,5.29,0.71,9.4,94,67.1,74,71.8,7.4,10.57,7,70,18,2.57,4,0.57,0,0.01,0,0,0,0,3,0.214,51.7,8,80,2,20,7,70,1,0,0,0,4,4,100,0,0,0,71.4,-0.76,0.069,85.7,14.3,0,0,14.4,12.1,14.4,12.08,2.32,1.03,0.86,12.1
2025,46,Drake London,ATL,WR,1,10,IND,28.30188679245283,24,98.3,15,93.8,6,37.5,4.93,0.4,12.33,74,38.9,74,85.1,12.33,18.5,4,66.7,17,4.25,3,0.75,1,0.3,100,1,0,0,4,0.267,148.6,4,30.8,0,0,4,66.7,1,33.3,0,0,0,0,0,0,0,0,37.5,3.25,0.747,60,40,0,0,17.4,11.8,17.4,11.84,5.56,1.16,0.79,11.8
2025,47,George Pickens,DAL,WR,1,7,WAS,11.39240506329114,12.5,82.3,9,90,5,50,8,0.56,19.8,99,69.2,72,64.9,14.4,24,3,60,9,3,6,2,0,0.49,0,0,0,0,2,0.222,104.2,4,50,0,0,3,60,3,66.7,0,0,1,1,100,1,0,0,50,4.2,0.453,100,0,0,0,10.2,11.2,10.2,11.2,-1,1.13,1.24,11.2
2025,48,Kyle Williams,NE,WR,1,10,TB,28.57142857142857,14.285714285714285,55.9,6,42.9,1,7.1,12,0.17,14,14,7.4,72,37.9,72,72,1,100,58,58,0,0,1,0.05,50,0,0,0,1,0.167,158.3,1,8.3,0,0,1,100,0,100,0,0,0,0,0,0,0,0,16.7,62.19,5.729,100,0,0,0,14.2,2.8,14.2,2.82,11.38,2.37,0.47,2.8
2025,49,Roman Wilson,PIT,WR,1,8,GB,23.333333333333332,30.76923076923077,47.4,7,50,4,28.6,10.14,0.57,24.75,99,55.3,71,46.1,17.75,23.67,3,75,1,0.33,0,0,1,0.49,50,0,1,1,2,0.286,156.3,2,22.2,0,0,4,100,3,66.7,0,0,2,1,50,0,0,0,57.1,6.74,1.261,85.7,14.3,0,0,16.1,11.8,16.1,11.8,4.3,2.3,1.69,11.8
2025,50,Tetairoa McMillan,CAR,WR,1,8,BUF,14.084507042253522,18.421052631578945,94.9,10,100,7,70,7.1,0.7,11,77,76.2,71,86.6,10.14,14.2,5,71.4,14,2.8,10,2,0,0.15,0,1,0,0,5,0.5,103.9,5,71.4,0,0,6,85.7,0,0,0,0,1,0,0,0,1,0.2,70,1.46,0.404,90,10,0,0,12.1,13.8,12.1,13.76,-1.66,1.21,1.38,13.8
2025,51,DJ Moore,CHI,WR,1,8,BLT,24.637681159420293,21.052631578947366,83.9,17,85,4,20,4.12,0.24,10.75,43,21.6,70,34,17.5,23.33,3,75,38,12.67,9,3,0,0.03,0,0,0,0,3,0.176,116.7,3,20,1,25,4,100,0,33.3,1,25,2,1,50,1,1,0.33,21.1,8.8,1.5,64.7,35.3,0,0,10,8.3,10,8.28,1.72,0.59,0.49,8.3
2025,52,Jameson Williams,DET,WR,1,11,PHI,24,18.75,93.3,12,92.3,3,23.1,5.75,0.25,12,36,24.5,69,45.1,23,23,3,100,33,11,1,0.33,1,0.14,100,1,0,0,2,0.167,158.3,2,16.7,0,0,3,100,0,100,0,0,0,0,0,0,2,0.67,25,14.08,2.076,66.7,33.3,0,0,15.9,7.8,15.9,7.79,8.11,1.32,0.65,7.8
2025,53,Alec Pierce,IND,WR,1,8,TEN,17.46031746031746,14.285714285714285,80.8,11,84.6,5,38.5,6.27,0.45,28,140,72.9,69,50,13.8,34.5,2,40,4,2,3,1.5,0,0.14,0,0,0,0,2,0.182,87.5,5,41.7,0,0,2,40,2,50,0,0,1,1,100,1,0,0,41.7,1.15,0.679,100,0,0,0,8.9,6.2,8.9,6.22,2.68,0.81,0.57,6.2
2025,54,Jameson Williams,DET,WR,1,9,MIN,24,25,90.3,12,85.7,4,28.6,5.67,0.33,15.25,61,36.7,68,55.3,17,22.67,3,75,22,7.33,12,4,1,0.22,100,0,0,0,3,0.25,156.3,3,27.3,0,0,3,75,1,33.3,0,0,0,0,0,0,1,0.33,30.8,7.45,1.793,66.7,33.3,0,0,15.8,8.7,15.8,8.74,7.06,1.32,0.73,8.7
2025,55,Khalil Shakir,BUF,WR,1,8,CAR,17.073170731707318,37.5,46.7,7,58.3,3,25,9.71,0.43,-0.67,-2,-2.6,68,60.2,22.67,22.67,3,100,70,23.33,57,19,1,0.19,100,1,0,0,2,0.286,158.3,3,33.3,2,66.7,3,100,0,50,0,0,0,0,0,0,3,1,42.9,17.36,2.291,57.1,42.9,0,0,15.8,6.2,15.8,6.15,9.65,2.26,0.88,6.2
2025,56,Zay Jones,ARZ,WR,1,7,GB,43.75,100,51.4,7,58.3,2,16.7,9.57,0.29,30,60,29.7,67,44.1,33.5,33.5,2,100,7,3.5,4,2,0,0.02,0,0,0,0,2,0.286,118.8,2,18.2,0,0,2,100,2,100,0,0,0,0,0,1,0,0,28.6,20.57,2.496,71.4,28.6,0,0,8.7,6.2,8.7,6.23,2.47,1.24,0.89,6.2
2025,57,Cooper Kupp,SEA,WR,1,10,ARZ,8.108108108108109,20,54.2,3,50,1,16.7,22.33,0.33,12,12,13,67,41.9,67,67,1,100,55,55,40,40,0,0.16,0,0,0,0,1,0.333,118.8,0,0,0,0,1,100,0,100,0,0,0,0,0,0,2,2,33.3,57.95,5.756,66.7,33.3,0,0,7.7,3.5,7.7,3.47,4.23,2.57,1.16,3.5
2025,58,Courtland Sutton,DEN,WR,1,8,DAL,21.12676056338028,20.689655172413794,84.2,15,83.3,6,33.3,4.47,0.4,15.33,92,34.6,67,41.6,11.17,16.75,4,66.7,13,3.25,5,1.25,0,1.05,0,0,0,0,3,0.2,104.2,5,29.4,0,0,5,83.3,2,25,1,16.7,1,1,100,0,0,0,35.3,1.78,0.599,80,20,0,0,10.7,19.3,10.7,19.32,-8.62,0.71,1.29,19.3
2025,59,Jaylen Waddle,MIA,WR,1,8,ATL,20,14.814814814814813,76.9,8,80,4,40,8.38,0.5,11.25,45,57,67,57.3,16.75,22.33,3,75,41,13.67,5,1.67,1,0.06,50,0,0,0,2,0.25,156.3,4,44.4,0,0,3,75,0,33.3,0,0,0,0,0,0,1,0.33,50,8.06,1.41,75,25,0,0,15.7,7,15.7,6.97,8.73,1.96,0.87,7
2025,60,Chris Olave,NO,WR,1,10,CAR,6.349206349206349,14.814814814814813,53.7,4,80,4,80,16.75,1,16,64,71.9,67,100,16.75,33.5,2,50,21,10.5,1,0.5,1,0.36,100,1,1,0,1,0.25,135.4,3,75,0,0,2,50,1,50,0,0,0,0,0,0,0,0,100,7.64,1.005,100,0,0,0,14.7,9.4,14.7,9.41,5.29,3.67,2.35,9.4
2025,61,Rashid Shaheed,NO,WR,1,8,TB,35,42.30769230769231,77.5,21,80.8,11,42.3,3.14,0.52,9.18,101,34.9,66,52.4,6,8.25,8,72.7,26,3.25,9,1.13,0,0.01,0,0,0,0,4,0.19,87.7,7,41.2,1,9.1,9,81.8,2,0,0,0,3,2,66.7,0,1,0.13,50,-1.66,-0.249,66.7,33.3,0,0,13.6,14.6,13.6,14.63,-1.03,0.7,0.7,14.6
2025,62,Courtland Sutton,DEN,WR,1,7,NYG,28.169014084507044,27.586206896551722,93.4,20,90.9,8,36.4,3.25,0.4,11.38,91,29.9,65,42.2,8.13,13,5,62.5,19,3.8,3,0.6,0,0.15,0,2,1,0,3,0.15,88,6,40,1,12.5,6,75,1,25,0,0,2,1,50,0,0,0,40,-0.25,0.01,75,25,0,0,11.5,11.6,11.5,11.63,-0.13,0.57,0.58,11.6
2025,63,Darnell Mooney,ATL,WR,1,12,NO,10,9.090909090909092,67.3,7,87.5,2,25,9.29,0.29,30.5,61,61.6,65,72.2,32.5,32.5,2,100,4,2,2,1,1,0.74,50,0,0,0,2,0.286,158.3,2,40,0,0,2,100,1,50,0,0,0,0,0,0,0,0,28.6,19.55,2.564,28.6,71.4,0,0,14.5,12.4,14.5,12.38,2.12,2.07,1.77,12.4
2025,64,Amon-Ra St. Brown,DET,WR,1,12,NYG,17.02127659574468,17.857142857142858,96.9,8,88.9,5,55.6,8.13,0.63,13.6,68,70.8,65,90.3,13,21.67,3,60,16,5.33,9,3,0,0.03,0,1,0,0,3,0.375,64.6,5,55.6,0,0,4,80,1,33.3,1,20,0,0,0,0,2,0.67,55.6,3.89,-0.07,75,25,0,0,9.5,10.5,9.5,10.48,-0.98,1.19,1.31,10.5
2025,65,Mack Hollins,NE,WR,1,11,NYJ,20,17.24137931034483,83.9,12,80,5,33.3,5.33,0.42,19.2,96,37.1,64,49.2,12.8,16,4,80,15,3.75,4,1,0,0.13,0,0,0,0,4,0.333,118.8,3,33.3,0,0,5,100,1,25,0,0,1,0,0,0,0,0,41.7,2.83,0.745,91.7,8.3,0,0,10.4,12.3,10.4,12.29,-1.89,0.87,1.02,12.3
2025,66,CeeDee Lamb,DAL,WR,1,8,DEN,24.050632911392405,25.806451612903224,69.1,19,82.6,8,34.8,3.32,0.42,12.13,97,40.2,63,32.6,7.88,12.6,5,62.5,13,2.6,7,1.4,0,0.51,0,3,2,0,3,0.158,47.4,7,31.8,0,0,6,75,2,25,0,0,2,0,0,1,0,0,42.1,-0.44,-0.543,78.9,21.1,0,0,11.3,14.3,11.3,14.25,-2.95,0.59,0.75,14.3
2025,67,Jerry Jeudy,CLV,WR,1,10,NYJ,26.666666666666668,33.33333333333333,95.7,12,85.7,8,57.1,5.25,0.67,8.25,66,50.4,63,70.8,7.88,12.6,5,62.5,21,4.2,2,0.4,1,0.86,100,0,1,1,4,0.333,126.6,8,61.5,0,0,5,62.5,1,20,0,0,1,1,100,0,0,0,61.5,0.83,0.614,83.3,16.7,0,0,17.3,14.1,17.3,14.13,3.17,1.44,1.18,14.1
2025,68,Tee Higgins,CIN,WR,1,11,PIT,21.91780821917808,23.333333333333332,92.1,16,100,7,43.8,3.94,0.44,16.14,113,51.1,63,67.7,9,21,3,42.9,13,4.33,6,2,1,0.48,100,1,1,0,3,0.188,114.9,6,42.9,0,0,3,42.9,2,66.7,0,0,0,0,0,0,1,0.33,43.8,-0.49,0.221,100,0,0,0,15.3,11.4,15.3,11.43,3.87,0.96,0.71,11.4
2025,69,Xavier Legette,CAR,WR,1,11,ATL,16.666666666666664,22.727272727272727,54.7,10,71.4,5,35.7,6.3,0.5,14.6,73,40.8,63,30.7,12.6,21,3,60,11,3.67,7,2.33,1,0.71,50,0,1,1,2,0.2,143.8,5,38.5,0,0,4,80,1,66.7,0,0,3,2,66.7,0,0,0,50,3.63,1.314,100,0,0,0,15.3,11.2,15.3,11.22,4.08,1.53,1.12,11.2
2025,70,Davante Adams,LA,WR,1,12,TB,25.454545454545453,23.52941176470588,76.4,14,77.8,8,44.4,4.43,0.57,12.75,102,52.8,62,42.5,7.75,12.4,5,62.5,5,1,1,0.2,2,2.01,100,2,3,2,5,0.357,126,6,50,0,0,6,75,1,25,1,12.5,0,0,0,0,0,0,50,-1.52,0.556,100,0,0,0,23.2,26.2,23.2,26.19,-2.99,1.66,1.87,26.2
2025,71,CeeDee Lamb,DAL,WR,1,9,ARZ,21.518987341772153,25.806451612903224,87.7,17,100,8,47.1,3.65,0.47,18.25,146,62.1,62,40.8,7.75,15.5,4,50,24,6,7,1.75,0,0.06,0,0,0,0,2,0.118,76,6,50,0,0,6,75,3,25,0,0,2,0,0,0,3,0.75,47.1,-2.03,-0.12,64.7,35.3,0,0,10.2,12.2,10.2,12.21,-2.01,0.6,0.72,12.2
2025,72,Rashid Shaheed,NO,WR,1,9,LA,18.333333333333332,26.923076923076923,82.5,11,91.7,7,58.3,5.64,0.64,13.43,94,61.4,62,48.1,8.86,15.5,4,57.1,12,3,2,0.5,0,0.01,0,0,0,0,3,0.273,86.6,7,63.6,1,14.3,5,71.4,1,25,0,0,1,0,0,0,0,0,63.6,-0.23,0.045,81.8,18.2,0,0,10.2,9.9,10.2,9.93,0.27,0.93,0.9,9.9
2025,73,Nico Collins,HST,WR,1,11,TEN,20.3125,17.94871794871795,85.3,13,76.5,7,41.2,4.69,0.54,8.57,60,27.5,61,40.1,8.71,10.17,6,85.7,3,0.5,3,0.5,0,0.01,0,0,0,0,4,0.308,103,7,46.7,0,0,6,85.7,0,0,0,0,2,2,100,1,0,0,53.8,0.92,0.534,100,0,0,0,12.1,11.1,12.1,11.06,1.04,0.93,0.85,11.1
2025,74,Stefon Diggs,NE,WR,1,7,TEN,14.814814814814813,20,54.7,8,80,4,40,7.5,0.5,10.5,42,27.5,60,35.9,15,15,4,100,18,4.5,4,1,0,0.03,0,1,0,0,3,0.375,118.8,4,40,0,0,4,100,0,33.3,0,0,2,2,100,0,0,0,50,6.7,1.321,75,25,0,0,10,7.3,10,7.29,2.71,1.25,0.91,7.3
2025,75,Cody White,SEA,WR,1,9,WAS,57.14285714285714,100,72.9,4,57.1,1,14.3,15,0.25,17,17,23.9,60,48.8,60,60,1,100,43,43,39,39,1,0.02,50,0,0,0,1,0.25,158.3,1,25,0,0,1,100,0,100,0,0,1,1,100,0,1,1,25,48.33,5.195,50,50,0,0,13,2.2,13,2.24,10.76,3.25,0.56,2.2
2025,76,Nico Collins,HST,WR,1,9,DEN,23.4375,25.64102564102564,79.2,15,100,10,66.7,4,0.67,13.2,132,72.5,60,49.2,6,10,6,60,15,2.5,8,1.33,0,0.6,0,1,0,0,4,0.267,77.1,9,64.3,1,10,7,70,4,20,0,0,2,2,100,0,0,0,66.7,-2.81,0.167,86.7,13.3,0,0,12,15.9,12,15.9,-3.9,0.8,1.06,15.9
2025,77,Chris Olave,NO,WR,1,12,ATL,26.984126984126984,37.03703703703704,79.5,17,100,10,58.8,3.53,0.59,12.9,129,55.4,60,58.3,6,8.57,7,70,23,3.29,5,0.71,0,0.19,0,0,1,0,4,0.235,45.8,9,60,2,20,8,80,3,0,1,10,2,0,0,0,0,0,58.8,-2.8,0.151,76.5,23.5,0,0,13,15.6,13,15.56,-2.56,0.76,0.92,15.6
2025,78,Tetairoa McMillan,CAR,WR,1,10,NO,15.492957746478872,21.052631578947366,90,11,100,8,72.7,5.45,0.73,11.75,94,66.2,60,84.5,7.5,12,5,62.5,11,2.2,6,1.2,0,0.02,0,0,0,0,3,0.273,45.8,6,75,0,0,7,87.5,2,20,1,12.5,1,0,0,0,0,0,72.7,-1.13,-0.265,81.8,18.2,0,0,11,14.7,11,14.7,-3.7,1,1.34,14.7
2025,79,Chris Moore,WAS,WR,1,7,DAL,37.03703703703704,62.5,79.7,10,83.3,5,41.7,5.9,0.5,14.2,71,35.9,59,41.3,11.8,29.5,2,40,28,14,6,3,0,0.02,0,0,0,0,2,0.2,84.6,4,44.4,0,0,2,40,1,50,0,0,1,0,0,0,0,0,50,2.6,0.637,80,20,0,0,7.9,5.4,7.9,5.43,2.47,0.79,0.54,5.4
2025,80,Courtland Sutton,DEN,WR,1,11,KC,16.901408450704224,20.689655172413794,91.8,12,92.3,6,46.2,4.92,0.5,10.5,63,27.2,59,32.2,9.83,14.75,4,66.7,9,2.25,5,1.25,0,0.01,0,1,0,0,4,0.333,98.6,4,44.4,0,0,5,83.3,1,50,0,0,0,0,0,0,1,0.25,50,1.57,0.717,100,0,0,0,9.9,11.1,9.9,11.05,-1.15,0.83,0.92,11.1
2025,81,Jaxon Smith-Njigba,SEA,WR,1,9,WAS,12.962962962962962,12.82051282051282,64.6,7,100,5,71.4,8.43,0.71,8.6,43,60.6,59,48,11.8,14.75,4,80,28,7,12,3,0,0.01,0,0,0,0,2,0.286,115.8,2,50,0,0,4,80,0,25,0,0,0,0,0,0,1,0.25,71.4,4.11,0.436,85.7,14.3,0,0,9.9,8,9.9,7.99,1.91,1.41,1.14,8
2025,82,Puka Nacua,LA,WR,1,12,TB,39.02439024390244,34.78260869565217,81.8,16,88.9,8,44.4,3.69,0.5,8.75,70,36.3,59,40.4,7.38,11.8,5,62.5,17,3.4,10,2,0,0.08,0,1,1,0,3,0.188,84.9,6,50,1,12.5,6,75,0,20,0,0,1,0,0,0,1,0.2,50,-0.51,0.185,75,25,0,0,10.9,12.2,10.9,12.21,-1.31,0.68,0.76,12.2
2025,83,Rome Odunze,CHI,WR,1,10,NYG,20,21.21212121212121,78.1,14,77.8,7,38.9,4.21,0.5,12,84,42,59,51.3,8.43,14.75,4,57.1,26,6.5,10,2.5,1,0.95,100,2,2,1,4,0.286,124.4,5,35.7,0,0,4,57.1,2,33.3,0,0,1,0,0,0,2,0.5,46.7,-0.1,0.443,71.4,28.6,0,0,15.9,13.5,15.9,13.52,2.38,1.14,0.97,13.5
2025,84,Treylon Burks,WAS,WR,1,10,DET,66.66666666666666,75,39.2,4,57.1,3,42.9,14.5,0.75,14.33,43,33.1,58,77.3,19.33,19.33,3,100,15,5,2,0.67,0,0.03,0,0,0,0,2,0.5,118.8,2,33.3,0,0,3,100,1,33.3,0,0,1,1,100,0,1,0.33,75,9.86,1.339,100,0,0,0,8.8,7.4,8.8,7.38,1.42,2.2,1.84,7.4
2025,85,Xavier Legette,CAR,WR,1,7,NYJ,20,31.818181818181817,80,12,85.7,7,50,4.83,0.58,11.57,81,52.9,58,65.9,8.29,11.6,5,71.4,12,2.4,4,0.8,1,1.03,100,2,2,1,3,0.25,135.7,6,60,1,14.3,5,71.4,1,25,0,0,1,1,100,0,0,0,53.8,0.03,0.251,83.3,16.7,0,0,16.8,16.2,16.8,16.15,0.65,1.4,1.35,16.2
2025,86,Marvin Harrison,ARZ,WR,1,7,GB,27.906976744186046,23.076923076923077,84.3,12,100,6,50,4.83,0.5,19.17,115,56.9,58,38.2,9.67,29,2,33.3,7,3.5,0,0,0,0.03,0,0,1,0,2,0.167,70.1,6,54.5,0,0,3,50,3,100,0,0,1,0,0,1,0,0,50,0.04,0.422,83.3,16.7,0,0,7.8,6.6,7.8,6.56,1.24,0.65,0.55,6.6
2025,87,Isaiah Hodgins,NYG,WR,1,11,GB,65,75,78.3,13,76.5,6,35.3,4.38,0.46,9.5,57,31,57,48.3,9.5,11.4,5,83.3,10,2,0,0,0,0.06,0,0,0,0,4,0.308,106.3,3,27.3,0,0,6,100,0,20,0,0,3,2,66.7,0,0,0,46.2,1.58,1.27,92.3,7.7,0,0,10.7,11,10.7,11.01,-0.31,0.82,0.85,11
2025,88,Michael Wilson,ARZ,WR,1,9,DAL,17.073170731707318,7.5,72.3,14,87.5,3,18.8,4.07,0.21,14,42,21.5,57,31.8,19,28.5,2,66.7,35,17.5,10,5,0,0.01,0,0,0,0,2,0.143,109.7,0,0,0,0,2,66.7,1,50,0,0,0,0,0,0,1,0.5,21.4,9.73,1.464,64.3,35.7,0,0,7.7,4.8,7.7,4.81,2.89,0.55,0.34,4.8
2025,89,Parker Washington,JAX,WR,1,9,LV,24.074074074074073,25,87,13,86.7,5,33.3,4.38,0.38,11,55,29.4,57,37.3,11.4,11.4,5,100,2,0.4,-1,-0.2,0,0.01,0,1,0,0,3,0.231,114.2,5,33.3,0,0,5,100,0,0,0,0,1,1,100,0,0,0,35.7,2.7,0.778,46.2,53.8,0,0,10.7,9.9,10.7,9.86,0.84,0.82,0.76,9.9
2025,90,Davante Adams,LA,WR,1,9,NO,21.818181818181817,17.647058823529413,59.7,12,85.7,6,42.9,4.67,0.5,17.83,107,54,56,30.1,9.33,14,4,66.7,8,2,2,0.5,2,1.99,66.7,3,2,2,4,0.333,136.1,6,42.9,0,0,5,83.3,2,100,0,0,2,1,50,0,3,0.75,46.2,-0.22,0.793,100,0,0,0,21.6,22.5,21.6,22.51,-0.91,1.8,1.88,22.5
2025,91,Jakobi Meyers,JAX,WR,1,11,LAC,27.586206896551722,41.66666666666667,63.8,8,72.7,5,45.5,7,0.63,10.6,53,39.3,56,64.4,11.2,14,4,80,22,5.5,7,1.75,0,0.02,0,0,0,0,3,0.375,113.3,3,33.3,0,0,4,80,0,25,0,0,0,0,0,0,0,0,50,2.82,0.728,75,25,0,0,9.6,8.3,9.6,8.29,1.31,1.2,1.04,8.3
2025,92,Darnell Mooney,ATL,WR,1,7,SF,18.571428571428573,18.181818181818183,81.7,13,86.7,4,26.7,4.31,0.31,26.75,107,47.1,56,43.4,14,28,2,50,13,6.5,3,1.5,0,0.05,0,0,0,0,2,0.154,95.8,4,30.8,0,0,3,75,3,50,1,25,0,0,0,0,0,0,30.8,1.81,0.609,53.8,46.2,0,0,7.6,11.4,7.6,11.4,-3.8,0.58,0.88,11.4
2025,93,DK Metcalf,PIT,WR,1,8,GB,20.3125,21.21212121212121,94.7,13,92.9,7,50,4.23,0.54,10,70,39.1,55,35.7,7.86,11,5,71.4,29,5.8,13,2.6,1,1.48,50,2,2,1,4,0.308,133.9,4,44.4,0,0,6,85.7,1,33.3,0,0,2,1,50,0,1,0.2,50,0.72,0.515,100,0,0,0,16.5,18.8,16.5,18.79,-2.29,1.27,1.45,18.8
2025,94,Kayshon Boutte,NE,WR,1,7,TEN,23.52941176470588,22.22222222222222,71.9,8,80,2,20,6.88,0.25,27.5,55,35.9,55,32.9,27.5,27.5,2,100,2,1,2,1,1,0.67,50,0,1,1,2,0.25,158.3,2,20,0,0,2,100,1,50,0,0,1,1,100,0,0,0,25,15.09,2.994,100,0,0,0,13.5,10,13.5,10.01,3.49,1.69,1.25,10
2025,95,Brian Thomas,JAX,WR,1,9,LV,47.82608695652174,62.5,63.6,11,73.3,5,33.3,5,0.45,17.6,88,47.1,55,35.9,11,18.33,3,60,24,8,9,3,0,0.08,0,0,1,0,2,0.182,97.9,5,33.3,0,0,5,100,2,33.3,1,20,1,0,0,0,2,0.67,45.5,0.85,0.756,90.9,9.1,0,0,8.5,11.6,8.5,11.6,-3.1,0.77,1.05,11.6
2025,96,Jayden Higgins,HST,WR,1,11,TEN,20.634920634920633,21.428571428571427,60.3,13,76.5,6,35.3,4.23,0.46,16.33,98,45,55,36.2,9.17,13.75,4,66.7,6,1.5,2,0.5,0,0.28,0,0,1,0,3,0.231,95.8,5,33.3,0,0,4,66.7,2,25,0,0,0,0,0,0,0,0,46.2,-0.45,0.881,92.3,7.7,0,0,9.5,10.5,9.5,10.53,-1.03,0.73,0.81,10.5
2025,97,Terry McLaurin,WAS,WR,1,8,KC,100,100,48.1,6,60,3,30,9,0.5,18.33,55,53.9,54,67.5,18,18,3,100,2,0.67,1,0.33,1,0.94,100,1,1,1,3,0.5,158.3,2,28.6,0,0,3,100,1,50,0,0,1,1,100,1,0,0,50,7.69,2.667,66.7,33.3,0,0,14.4,12,14.4,12.05,2.35,2.4,2.01,12
2025,98,Jauan Jennings,SF,WR,1,11,ARZ,19.047619047619047,20.833333333333336,73.1,8,88.9,5,55.6,6.75,0.63,11,55,61.1,54,65.9,10.8,13.5,4,80,7,1.75,2,0.5,0,0.11,0,0,0,0,3,0.375,111.7,4,66.7,0,0,4,80,1,25,0,0,1,1,100,0,0,0,62.5,2.57,0.744,75,25,0,0,9.4,9.8,9.4,9.84,-0.44,1.18,1.23,9.8
2025,99,Troy Franklin,DEN,WR,1,8,DAL,21.428571428571427,18.181818181818183,61.4,15,83.3,6,33.3,3.6,0.4,16,96,36.1,54,33.5,9,13.5,4,66.7,26,6.5,6,1.5,1,0.93,50,1,2,1,3,0.2,134.7,6,35.3,1,16.7,4,66.7,1,33.3,0,0,0,0,0,0,1,0.25,40,-0.52,0.813,53.3,46.7,0,0,15.4,13.6,15.4,13.64,1.76,1.03,0.91,13.6
2025,100,DeVonta Smith,PHI,WR,1,12,DAL,25,20.689655172413794,94.8,16,100,6,37.5,3.31,0.38,22.5,135,59.7,53,32.5,8.83,26.5,2,33.3,0,0,0,0,0,0.27,0,0,0,0,2,0.125,66.7,4,30.8,0,0,2,33.3,3,50,0,0,1,1,100,0,0,0,37.5,-1.86,0.483,62.5,37.5,0,0,7.3,6.6,7.3,6.64,0.66,0.46,0.42,6.6
2025,101,Romeo Doubs,GB,WR,1,7,ARZ,13.725490196078432,16.666666666666664,88.7,7,77.8,5,55.6,7.57,0.71,13.6,68,81.9,53,76.8,10.6,13.25,4,80,7,1.75,5,1.25,0,0.01,0,0,0,0,2,0.286,110.8,4,57.1,0,0,5,100,1,25,0,0,2,1,50,0,0,0,62.5,1.15,0.661,71.4,28.6,0,0,9.3,9.9,9.3,9.95,-0.65,1.33,1.42,9.9
2025,102,Quentin Johnston,LAC,WR,1,9,TEN,17.24137931034483,29.411764705882355,67.7,10,76.9,5,38.5,5.3,0.5,13,65,32.7,53,42.7,10.6,13.25,4,80,11,2.75,4,1,1,1.36,100,2,2,1,2,0.2,150.4,4,44.4,1,20,4,80,2,33.3,0,0,1,1,100,0,0,0,50,1.49,0.854,100,0,0,0,15.3,16.5,15.3,16.54,-1.24,1.53,1.65,16.5
2025,103,Jaylin Lane,WAS,WR,1,7,DAL,52.94117647058824,42.857142857142854,70.3,9,75,3,25,5.89,0.33,27.67,83,41.9,53,37.1,17.67,26.5,2,66.7,4,2,15,7.5,0,0.03,0,0,1,0,2,0.222,109.7,1,11.1,0,0,2,66.7,2,50,0,0,0,0,0,0,0,0,33.3,4.86,1.183,55.6,44.4,0,0,7.3,7,7.3,6.96,0.34,0.81,0.77,7
2025,104,DeVonta Smith,PHI,WR,1,10,GB,14.0625,17.24137931034483,95,9,100,5,55.6,5.78,0.56,16,80,64.5,52,71.2,10.4,26,2,40,0,0,1,0.5,1,0.49,100,0,0,0,2,0.222,118.3,5,62.5,0,0,3,60,1,50,1,20,2,2,100,0,0,0,55.6,0.44,0.728,55.6,44.4,0,0,13.2,10,13.2,10.04,3.16,1.47,1.12,10
2025,105,Puka Nacua,LA,WR,1,11,SEA,17.073170731707318,21.73913043478261,68,7,70,5,50,7.43,0.71,8.8,44,48.4,52,98.1,10.4,13,4,80,16,4,8,2,0,0.07,0,0,0,0,2,0.286,110,4,57.1,1,20,5,100,0,0,0,0,3,2,66.7,1,1,0.25,62.5,2.13,0.714,85.7,14.3,0,0,9.2,8.9,9.2,8.88,0.32,1.31,1.27,8.9
2025,106,Brock Bowers,LV,TE,1,9,JAX,22.727272727272727,33.33333333333333,80,10,90.9,5,45.5,5.2,0.5,5.6,28,38.4,52,57.8,10.4,10.4,5,100,24,4.8,4,0.8,2,0.89,100,1,1,1,2,0.2,149.6,5,55.6,0,0,5,100,0,25,0,0,2,2,100,1,0,0,50,3.54,1.084,50,40,10,0,22.2,12.8,22.2,12.77,9.43,2.22,1.28,12.8
2025,107,Chris Olave,NO,WR,1,9,LA,17.46031746031746,7.4074074074074066,87.5,11,91.7,2,16.7,4.64,0.18,22.5,45,29.4,51,39.5,25.5,25.5,2,100,6,3,1,0.5,0,0.04,0,0,0,0,2,0.182,118.8,1,9.1,0,0,2,100,2,100,0,0,0,0,0,0,0,0,18.2,14.43,1.532,45.5,54.5,0,0,7.1,6.7,7.1,6.68,0.42,0.65,0.61,6.7
2025,108,Andrei Iosivas,CIN,WR,1,9,CHI,26.08695652173913,30.76923076923077,86.2,18,85.7,4,19,2.83,0.22,11.25,45,14.1,51,18.3,12.75,17,3,75,20,6.67,3,1,0,0.57,0,1,1,0,2,0.111,116.7,3,15,0,0,4,100,1,33.3,0,0,1,1,100,0,0,0,21.1,4.48,0.77,50,50,0,0,8.1,10.6,8.1,10.63,-2.53,0.45,0.59,10.6
2025,109,Luther Burden,CHI,WR,1,10,NYG,30.434782608695656,33.33333333333333,50,7,38.9,3,16.7,7.29,0.43,11,33,16.5,51,44.3,17,17,3,100,18,6,14,4.67,0,0.01,0,0,0,0,2,0.286,118.8,3,21.4,0,0,3,100,0,33.3,0,0,0,0,0,0,0,0,42.9,8.58,1.108,57.1,42.9,0,0,8.1,7.1,8.1,7.06,1.04,1.16,1.01,7.1
2025,110,DK Metcalf,PIT,WR,1,7,CIN,18.75,18.181818181818183,98.1,12,100,6,50,4.17,0.5,24.17,145,77.1,50,59.5,8.33,16.67,3,50,19,6.33,6,2,0,0.04,0,1,1,0,1,0.083,38.9,6,54.5,2,33.3,4,66.7,3,50,0,0,1,0,0,0,0,0,50,-2.22,0.04,83.3,16.7,0,0,8,7.9,8,7.87,0.13,0.67,0.66,7.9
2025,111,Dyami Brown,JAX,WR,1,7,LA,28.57142857142857,25,31.1,6,31.6,2,10.5,8.33,0.33,25.5,51,14.7,50,32.3,25,25,2,100,-1,-0.5,-1,-0.5,0,0.07,0,0,0,0,2,0.333,118.8,2,18.2,0,0,2,100,1,50,0,0,0,0,0,0,0,0,33.3,14.68,1.66,83.3,16.7,0,0,7,7.4,7,7.36,-0.36,1.17,1.23,7.4
2025,112,Alec Pierce,IND,WR,1,7,LAC,20.634920634920633,25.71428571428571,86.2,13,86.7,9,60,3.85,0.69,22.78,205,81.7,50,56.2,5.56,12.5,4,44.4,0,0,0,0,0,0.07,0,0,0,0,3,0.231,62.3,9,60,0,0,4,44.4,3,0,0,0,3,1,33.3,0,0,0,69.2,-5.2,-0.085,100,0,0,0,9,10.4,9,10.43,-1.43,0.69,0.8,10.4
2025,113,Xavier Worthy,KC,WR,1,12,IND,28.26086956521739,30,78,13,76.5,6,35.3,3.85,0.46,12.67,76,47.2,50,45,8.33,16.67,3,50,4,1.33,0,0,0,0.04,0,1,0,0,2,0.154,78.5,5,35.7,0,0,5,83.3,1,50,1,16.7,1,0,0,0,0,0,46.2,-0.16,0.497,69.2,30.8,0,0,8,10.6,8,10.58,-2.58,0.62,0.81,10.6
2025,114,Mack Hollins,NE,WR,1,7,TEN,10,6.896551724137931,67.2,6,60,2,20,8.17,0.33,16,32,20.9,49,29.3,24.5,24.5,2,100,17,8.5,2,1,0,0.05,0,0,0,0,2,0.333,118.8,2,20,0,0,2,100,1,100,0,0,0,0,0,0,0,0,33.3,14.72,1.829,33.3,66.7,0,0,6.9,5.7,6.9,5.66,1.24,1.15,0.94,5.7
2025,115,DK Metcalf,PIT,WR,1,11,CIN,14.0625,18.181818181818183,85,9,90,6,60,5.44,0.67,7.17,43,67.2,49,65.3,8.17,9.8,5,83.3,26,5.2,3,0.6,0,0.04,0,0,0,0,3,0.333,100.7,4,50,0,0,5,83.3,1,0,0,0,0,0,0,0,1,0.2,60,1.16,0.458,77.8,22.2,0,0,9.9,8.9,9.9,8.88,1.02,1.1,0.99,8.9
2025,116,Tyler Johnson,NYJ,WR,1,8,CIN,46.15384615384615,80,77.1,6,60,4,40,8.17,0.67,18,72,59,49,45.4,12.25,24.5,2,50,16,8,9,4.5,0,0,0,0,0,0,2,0.333,94.8,4,40,0,0,2,50,2,50,0,0,0,0,0,0,0,0,50,2.46,0.474,100,0,0,0,6.9,5.6,6.9,5.6,1.3,1.15,0.93,5.6
2025,117,Rashee Rice,KC,WR,1,9,BUF,19.51219512195122,15,80.7,8,88.9,3,33.3,6.13,0.38,24.33,73,31.9,49,40.8,16.33,24.5,2,66.7,11,5.5,3,1.5,0,0.07,0,0,0,0,2,0.25,109.7,2,28.6,0,0,2,66.7,2,100,0,0,0,0,0,0,0,0,37.5,4.43,1.951,62.5,37.5,0,0,6.9,6.4,6.9,6.42,0.48,0.86,0.8,6.4
2025,118,KaVontae Turpin,DAL,WR,1,12,PHI,27.77777777777778,16.666666666666664,45.6,10,50,1,5,4.8,0.1,13,13,4.9,48,20.8,48,48,1,100,35,35,0,0,0,0,0,0,0,0,1,0.1,118.8,0,0,0,0,1,100,0,100,0,0,0,0,0,0,1,1,10,39.09,2.835,20,80,0,0,5.8,2.4,5.8,2.38,3.42,0.58,0.24,2.4
2025,119,Jordan Addison,MIN,WR,1,9,DET,15.942028985507244,12.5,91.5,11,84.6,3,23.1,4.36,0.27,23.67,71,46.1,48,44.9,16,24,2,66.7,0,0,-1,-0.5,0,0.2,0,0,0,0,2,0.182,109.7,3,30,0,0,3,100,2,50,1,33.3,2,1,50,0,0,0,23.1,5.9,1.374,81.8,18.2,0,0,6.8,7.5,6.8,7.45,-0.65,0.62,0.68,7.5
2025,120,Emeka Egbuka,TB,WR,1,7,DET,27.27272727272727,21.62162162162162,75.8,21,87.5,8,33.3,2.29,0.38,18.88,151,51.2,48,46.6,6,24,2,25,18,9,11,5.5,0,0.01,0,1,1,0,2,0.095,52.1,6,40,0,0,2,25,1,50,0,0,1,0,0,0,1,0.5,36.4,-5.1,-0.367,85.7,14.3,0,0,6.8,5.4,6.8,5.42,1.38,0.32,0.26,5.4
2025,121,Pat Bryant,DEN,WR,1,11,KC,21.428571428571427,14.285714285714285,57.4,9,69.2,1,7.7,5.33,0.11,28,28,12.1,48,26.2,48,48,1,100,20,20,8,8,0,0.02,0,0,0,0,1,0.111,118.8,1,11.1,0,0,1,100,1,100,0,0,0,0,0,0,0,0,11.1,36.92,3.091,11.1,88.9,0,0,5.8,4.4,5.8,4.38,1.42,0.64,0.49,4.4
2025,122,Dalton Schultz,HST,TE,1,9,DEN,17.46031746031746,25,79.2,11,73.3,1,6.7,4.27,0.09,15,15,8.2,47,38.5,47,47,1,100,32,32,4,4,0,0,0,0,0,0,1,0.091,118.8,1,7.1,0,0,1,100,0,100,0,0,0,0,0,0,0,0,7.1,36.36,3.399,9.1,9.1,81.8,0,5.7,2.7,5.7,2.74,2.96,0.52,0.25,2.7
2025,123,A.J. Brown,PHI,WR,1,11,DET,29.629629629629626,34.48275862068966,92.8,16,94.1,10,58.8,2.94,0.63,11.9,119,40.1,47,52.2,4.7,7.83,6,60,8,1.33,4,0.67,0,0.07,0,2,0,0,2,0.125,71.7,10,71.4,1,10,6,60,2,0,0,0,3,3,100,0,0,0,62.5,-3.92,-0.206,100,0,0,0,10.7,8.8,10.7,8.82,1.88,0.67,0.55,8.8
2025,124,Chris Olave,NO,WR,1,8,TB,38.095238095238095,29.629629629629626,93,24,92.3,8,30.8,1.96,0.33,11.88,95,32.9,47,37.3,5.88,7.83,6,75,5,0.83,2,0.33,0,0.02,0,0,0,0,1,0.042,89.1,5,29.4,1,12.5,6,75,2,16.7,0,0,0,0,0,0,0,0,32,-2.55,-0.024,62.5,37.5,0,0,10.7,12.8,10.7,12.8,-2.1,0.45,0.53,12.8
2025,125,Jalen Tolbert,DAL,WR,1,8,DEN,40,50,20.6,4,17.4,2,8.7,11.75,0.5,24,48,19.9,47,24.4,23.5,23.5,2,100,6,3,4,2,1,0.25,100,0,1,1,2,0.5,158.3,2,9.1,0,0,2,100,1,50,0,0,0,0,0,0,1,0.5,50,12.53,2.765,75,25,0,0,12.7,4.5,12.7,4.5,8.2,3.17,1.13,4.5
2025,126,Tre Tucker,LV,WR,1,11,DAL,25.423728813559322,28.000000000000004,96.6,15,93.8,7,43.8,3.13,0.47,7.43,52,37.4,47,45.2,6.71,11.75,4,57.1,25,6.25,2,0.5,1,0.09,100,1,0,0,3,0.2,117.3,5,35.7,2,28.6,6,85.7,1,33.3,0,0,3,1,33.3,0,0,0,46.7,-0.74,0.145,86.7,13.3,0,0,14.7,10.3,14.7,10.33,4.37,0.98,0.69,10.3
2025,127,Dalton Kincaid,BUF,TE,1,9,KC,42.857142857142854,25,34.4,3,50,1,16.7,15.67,0.33,12,12,66.7,47,50,47,47,1,100,35,35,6,6,0,0,0,0,0,0,1,0.333,118.8,0,0,0,0,1,100,0,100,0,0,0,0,0,0,0,0,33.3,38.33,3.788,66.7,33.3,0,0,5.7,2.3,5.7,2.26,3.44,1.9,0.75,2.3
2025,128,Amon-Ra St. Brown,DET,WR,1,9,MIN,29.78723404255319,28.57142857142857,95.2,14,100,8,57.1,3.29,0.57,11.88,95,57.2,46,37.4,5.75,9.2,5,62.5,18,3.6,6,1.2,0,0.64,0,2,2,0,1,0.071,78.1,7,63.6,1,12.5,7,87.5,1,0,2,25,0,0,0,0,0,0,57.1,-2.65,0.115,71.4,28.6,0,0,9.6,16.9,9.6,16.89,-7.29,0.69,1.21,16.9
2025,129,Tetairoa McMillan,CAR,WR,1,9,GB,14.084507042253522,15.789473684210526,85.2,10,100,6,60,4.6,0.6,11.17,67,54,46,59.7,7.67,11.5,4,66.7,1,0.25,2,0.5,0,0.35,0,1,1,0,3,0.3,89.6,4,57.1,0,0,5,83.3,0,0,1,16.7,1,1,100,0,0,0,60,-0.97,0.377,80,20,0,0,8.6,11.2,8.6,11.17,-2.57,0.86,1.12,11.2
2025,130,Justin Jefferson,MIN,WR,1,9,DET,16,16.27906976744186,94.9,12,92.3,7,53.8,3.75,0.58,6.71,47,30.5,45,42.1,6.43,9,5,71.4,12,2.4,5,1,1,0.84,100,2,2,1,3,0.25,128,5,50,1,14.3,5,71.4,0,25,0,0,2,1,50,1,0,0,53.8,-1,0.223,58.3,41.7,0,0,15.5,14,15.5,13.95,1.55,1.29,1.16,14
2025,131,Dee Eskridge,MIA,WR,1,7,CLV,87.5,66.66666666666666,28.1,7,46.7,2,13.3,6.43,0.29,18.5,37,21.1,45,52.3,22.5,22.5,2,100,8,4,6,3,0,0.01,0,0,0,0,2,0.286,118.8,2,15.4,0,0,2,100,1,50,0,0,1,1,100,1,0,0,25,12.98,1.922,85.7,14.3,0,0,6.5,3.7,6.5,3.71,2.79,0.93,0.53,3.7
2025,132,Oronde Gadsden,LAC,TE,1,7,IND,30.76923076923077,28.57142857142857,78.4,16,80,2,10,2.81,0.13,18.5,37,16.1,45,27.1,22.5,22.5,2,100,8,4,4,2,1,0.66,33.3,1,0,0,2,0.125,158.3,1,9.1,0,0,2,100,1,100,0,0,0,0,0,0,0,0,11.8,11.51,2.922,18.8,50,31.3,0,12.5,9.3,12.5,9.29,3.21,0.78,0.58,9.3
2025,133,Travis Kelce,KC,TE,1,7,LV,15.909090909090908,14.285714285714285,62.3,7,58.3,1,8.3,6.29,0.14,19,19,29.7,44,42.3,44,44,1,100,25,25,1,1,0,0,0,0,0,0,1,0.143,118.8,0,0,0,0,1,100,0,100,0,0,0,0,0,0,0,0,9.1,33.4,3.284,57.1,14.3,28.6,0,5.4,2.9,5.4,2.91,2.49,0.77,0.42,2.9
2025,134,Tee Higgins,CIN,WR,1,8,NYJ,10.95890410958904,6.666666666666667,87.9,8,61.5,2,15.4,5.5,0.25,27.5,55,47.4,44,53.7,22,44,1,50,5,5,0,0,1,0.83,100,0,0,0,1,0.125,135.4,2,18.2,0,0,1,50,1,100,0,0,0,0,0,0,0,0,18.2,9.51,1.74,100,0,0,0,11.4,8.8,11.4,8.78,2.62,1.43,1.1,8.8
2025,135,Andrei Iosivas,CIN,WR,1,12,NE,21.73913043478261,38.46153846153847,83.9,15,88.2,5,29.4,2.93,0.33,15.8,79,35.7,44,43.6,8.8,14.67,3,60,6,2,3,1,0,0.01,0,0,0,0,3,0.2,88.8,3,25,0,0,4,80,1,0,1,20,1,1,100,0,0,0,31.3,-1.22,0.317,53.3,46.7,0,0,7.4,7.8,7.4,7.84,-0.44,0.49,0.52,7.8
2025,136,Jaylin Noel,HST,WR,1,8,SF,18.181818181818183,50,37.3,4,28.6,1,7.1,11,0.25,40,40,26.8,44,35.2,44,44,1,100,4,4,2,2,0,0.44,0,0,0,0,1,0.25,118.8,1,7.1,0,0,1,100,1,100,0,0,0,0,0,0,0,0,25,29,3.385,25,75,0,0,5.4,8.2,5.4,8.18,-2.78,1.35,2.04,8.2
2025,137,Jahan Dotson,PHI,WR,1,11,DET,20.51282051282051,66.66666666666666,29,8,47.1,2,11.8,5.38,0.25,19,38,12.8,43,47.8,21.5,21.5,2,100,5,2.5,0,0,0,0.03,0,0,0,0,2,0.25,118.8,1,7.1,0,0,2,100,1,50,0,0,0,0,0,0,0,0,25,13.15,2.19,62.5,37.5,0,0,6.3,6.3,6.3,6.33,-0.03,0.79,0.79,6.3
2025,138,Zay Flowers,BLT,WR,1,10,MIN,23.684210526315788,18.75,81.8,9,90,3,30,4.78,0.33,8.67,26,37.1,43,53.1,14.33,21.5,2,66.7,13,6.5,0,0,0,0.01,0,0,0,0,2,0.222,109.7,2,25,1,33.3,3,100,0,50,1,33.3,0,0,0,0,0,0,33.3,5.9,0.54,44.4,55.6,0,0,6.3,7,6.3,7.03,-0.73,0.7,0.78,7
2025,139,Ladd McConkey,LAC,WR,1,8,MIN,13.725490196078432,28.57142857142857,58.6,7,87.5,4,50,6.14,0.57,14,56,55.4,43,61.4,10.75,21.5,2,50,6,3,1,0.5,1,0.81,50,0,1,1,2,0.286,88.5,2,50,0,0,2,50,1,50,0,0,0,0,0,0,0,0,57.1,2.2,-0.44,85.7,14.3,0,0,12.3,10.6,12.3,10.59,1.71,1.76,1.51,10.6
2025,140,Amon-Ra St. Brown,DET,WR,1,11,PHI,23.404255319148938,28.57142857142857,95,11,84.6,8,61.5,3.82,0.73,14.25,114,77.6,42,27.5,5.25,21,2,25,17,8.5,1,0.5,0,0.02,0,1,1,0,1,0.091,49,8,66.7,0,0,3,37.5,1,50,1,12.5,0,0,0,0,0,0,66.7,-4.5,-0.61,72.7,27.3,0,0,6.2,7.7,6.2,7.72,-1.52,0.56,0.7,7.7
2025,141,Drake London,ATL,WR,1,7,SF,26.41509433962264,24,98.3,14,93.3,6,40,3,0.43,13.5,81,35.7,42,32.6,7,10.5,4,66.7,5,1.25,4,1,0,0,0,0,0,0,2,0.143,86.8,5,38.5,0,0,4,66.7,1,0,0,0,1,1,100,1,0,0,40,-1.44,-0.297,85.7,14.3,0,0,8.2,7.6,8.2,7.64,0.56,0.59,0.55,7.6
2025,142,Adonai Mitchell,NYJ,WR,1,12,BLT,54.54545454545454,53.84615384615385,86,12,92.3,7,53.8,3.5,0.58,25.57,179,87.3,42,47.2,6,21,2,28.6,13,6.5,0,0,0,0.01,0,1,1,0,2,0.167,12.5,5,62.5,0,0,2,28.6,3,50,0,0,1,0,0,0,1,0.5,58.3,-5.89,0.318,83.3,16.7,0,0,6.2,5.1,6.2,5.06,1.14,0.52,0.42,5.1
2025,143,Jayden Higgins,HST,WR,1,10,JAX,20.634920634920633,25,58,13,68.4,7,36.8,3.23,0.54,14.14,99,37.5,42,26.9,6,8.4,5,71.4,6,1.2,-1,-0.2,1,0.66,100,2,2,1,3,0.231,126.2,6,37.5,0,0,5,71.4,1,0,0,0,1,1,100,0,0,0,50,-2.75,0.465,92.3,7.7,0,0,15.2,12.1,15.2,12.12,3.08,1.17,0.93,12.1
2025,144,Justin Jefferson,MIN,WR,1,12,GB,5.333333333333334,9.30232558139535,100,4,80,4,80,10.25,1,13.25,53,101.9,41,100,10.25,13.67,3,75,1,0.33,0,0,0,0,0,0,0,0,2,0.5,107.3,4,80,0,0,3,75,0,0,0,0,2,2,100,0,0,0,80,0.93,0.53,100,0,0,0,7.1,5.2,7.1,5.23,1.87,1.77,1.31,5.2
2025,145,Trey McBride,ARZ,TE,1,12,JAX,27.631578947368425,50,89.5,21,95.5,4,18.2,1.95,0.19,6,24,11,41,27.5,10.25,10.25,4,100,17,4.25,11,2.75,0,0.01,0,0,0,0,4,0.19,109.4,4,20,0,0,4,100,0,0,0,0,1,1,100,0,0,0,18.2,3.26,0.863,19,47.6,33.3,0,8.1,6.5,8.1,6.52,1.58,0.39,0.31,6.5
2025,146,Keon Coleman,BUF,WR,1,10,MIA,45.83333333333333,53.84615384615385,61.5,11,78.6,7,50,3.73,0.64,24.29,170,73.3,41,30.4,5.86,20.5,2,28.6,7,3.5,1,0.5,1,0.13,100,0,0,0,1,0.091,91.1,4,44.4,0,0,3,42.9,6,50,0,0,2,1,50,0,0,0,58.3,-4.99,-0.018,81.8,18.2,0,0,12.1,6.2,12.1,6.16,5.94,1.1,0.56,6.2
2025,147,Oronde Gadsden,LAC,TE,1,11,JAX,21.153846153846153,42.857142857142854,86.7,11,84.6,3,23.1,3.73,0.27,10.33,31,21.4,41,50.6,13.67,20.5,2,66.7,12,6,1,0.5,0,0.02,0,0,0,0,2,0.182,109.7,2,20,0,0,3,100,1,50,0,0,1,0,0,1,0,0,23.1,4.24,0.502,27.3,36.4,36.4,0,6.1,6,6.1,6.03,0.07,0.55,0.55,6
2025,148,Marquise Brown,KC,WR,1,9,BUF,16.666666666666664,14.285714285714285,43.9,4,44.4,1,11.1,10,0.25,33,33,14.4,40,33.3,40,40,1,100,7,7,3,3,0,0.14,0,0,0,0,1,0.25,118.8,1,14.3,0,0,1,100,1,100,0,0,0,0,0,0,0,0,25,27.53,3.383,75,25,0,0,5,4.7,5,4.7,0.3,1.25,1.17,4.7
2025,149,Jauan Jennings,SF,WR,1,8,HST,19.047619047619047,20.833333333333336,84.1,8,88.9,5,55.6,5,0.63,20.6,103,60.2,40,60.6,8,13.33,3,60,6,2,4,1.33,0,0.4,0,0,0,0,1,0.125,45.8,5,71.4,0,0,4,80,3,33.3,1,20,1,1,100,0,1,0.33,62.5,-2.16,0.078,87.5,12.5,0,0,7,11.6,7,11.63,-4.63,0.88,1.45,11.6
2025,150,Jahan Dotson,PHI,WR,1,8,NYG,23.076923076923077,33.33333333333333,71.9,9,100,1,11.1,4.44,0.11,35,35,28.5,40,30.8,40,40,1,100,5,5,0,0,1,0.26,50,0,0,0,1,0.111,158.3,1,12.5,0,0,1,100,1,100,0,0,1,1,100,1,0,0,11.1,26.3,4.768,33.3,66.7,0,0,11,3.8,11,3.77,7.23,1.22,0.42,3.8
2025,151,Romeo Doubs,GB,WR,1,11,NYG,19.607843137254903,23.333333333333332,76.5,10,90.9,7,63.6,4,0.7,11.57,81,53.6,40,70.2,5.71,13.33,3,42.9,15,5,3,1,0,0.06,0,0,0,0,3,0.3,61.6,4,50,0,0,6,85.7,0,33.3,2,28.6,2,1,50,0,0,0,70,-2.93,0.149,80,20,0,0,7,12.4,7,12.36,-5.36,0.7,1.24,12.4
2025,152,Pat Bryant,DEN,WR,1,8,DAL,21.428571428571427,57.14285714285714,57.9,9,50,4,22.2,4.44,0.44,15.5,62,23.3,40,24.8,10,20,2,50,2,1,1,0.5,1,0.94,50,0,1,1,2,0.222,85.4,4,23.5,0,0,2,50,1,50,0,0,0,0,0,0,0,0,40,1.43,-0.392,55.6,44.4,0,0,12,11.9,12,11.88,0.12,1.33,1.32,11.9
2025,153,Tyler Lockett,LV,WR,1,12,CLV,33.33333333333333,37.5,74.7,10,55.6,3,16.7,3.9,0.3,15.67,47,19.4,39,31.5,13,19.5,2,66.7,8,4,4,2,0,0.03,0,0,0,0,1,0.1,109.7,3,18.8,0,0,2,66.7,1,50,0,0,0,0,0,0,0,0,25,3.18,0.618,50,50,0,0,5.9,5.6,5.9,5.62,0.28,0.59,0.56,5.6
2025,154,Jakobi Meyers,JAX,WR,1,12,ARZ,27.586206896551722,33.33333333333333,83.6,8,80,4,40,4.88,0.5,12,48,36.9,39,50,9.75,13,3,75,5,1.67,2,0.67,1,0.95,50,1,1,1,2,0.25,105.2,4,50,0,0,3,75,0,0,0,0,1,1,100,0,0,0,44.4,0.92,0.198,87.5,12.5,0,0,12.9,11.1,12.9,11.15,1.75,1.61,1.39,11.1
2025,155,Michael Pittman,IND,WR,1,7,LAC,22.58064516129032,23.076923076923077,86.2,14,93.3,6,40,2.79,0.43,7.67,46,18.3,39,43.8,6.5,9.75,4,66.7,12,3,7,1.75,0,0.4,0,1,0,0,3,0.214,84.7,6,40,0,0,5,83.3,0,0,0,0,1,0,0,0,0,0,42.9,-0.6,-0.065,100,0,0,0,7.9,11.3,7.9,11.27,-3.37,0.56,0.81,11.3
2025,156,Jerry Jeudy,CLV,WR,1,12,LV,15.555555555555555,12.5,64.6,7,77.8,3,33.3,5.57,0.43,20.67,62,53.4,39,65,13,39,1,33.3,14,14,0,0,0,0.21,0,0,0,0,0,0,42.4,2,25,0,0,1,33.3,2,100,0,0,0,0,0,0,0,0,42.9,2.65,-3.121,85.7,14.3,0,0,3.9,5.2,3.9,5.18,-1.28,0.7,0.74,5.2
2025,157,Jaxon Smith-Njigba,SEA,WR,1,12,TEN,16.666666666666664,15.384615384615385,78.7,9,100,6,66.7,4.33,0.67,11.33,68,70.8,39,76.5,6.5,9.75,4,66.7,12,3,3,0.75,1,1.78,100,4,2,1,3,0.333,124.3,6,75,0,0,5,83.3,2,0,0,0,1,0,0,0,1,0.25,66.7,-1.66,0.542,88.9,11.1,0,0,13.9,19.7,13.9,19.71,-5.81,1.54,2.19,19.7
2025,158,Parker Washington,JAX,WR,1,12,ARZ,16.666666666666664,20,83.6,9,90,4,40,4.33,0.44,11.5,46,35.4,39,50,9.75,13,3,75,7,2.33,1,0.33,1,0.91,50,1,1,1,2,0.222,144.8,3,37.5,0,0,3,75,0,50,0,0,2,2,100,0,0,0,44.4,0.94,0.554,44.4,55.6,0,0,12.9,9.9,12.9,9.86,3.04,1.43,1.1,9.9
2025,159,Rashee Rice,KC,WR,1,8,WAS,12.195121951219512,15,85.1,5,62.5,3,37.5,7.8,0.6,6.33,19,34.5,39,60.9,13,13,3,100,20,6.67,7,2.33,1,0.24,50,2,0,0,2,0.4,158.3,2,33.3,0,0,3,100,0,0,0,0,0,0,0,0,0,0,42.9,6.17,1.491,100,0,0,0,12.9,7,12.9,7.01,5.89,2.58,1.4,7
2025,160,Puka Nacua,LA,WR,1,10,SF,21.951219512195124,17.391304347826086,50.7,9,69.2,4,30.8,4.33,0.44,3.25,13,7.9,39,33.1,9.75,13,3,75,37,12.33,25,8.33,1,0.27,50,0,0,0,3,0.333,144.8,3,33.3,2,50,4,100,0,33.3,0,0,1,1,100,0,2,0.67,44.4,3.26,1.539,88.9,11.1,0,0,12.9,8.3,12.9,8.32,4.58,1.43,0.92,8.3
2025,161,CeeDee Lamb,DAL,WR,1,11,LV,20.253164556962027,9.67741935483871,73.8,16,88.9,3,16.7,2.38,0.19,12.33,37,18.5,38,20.7,12.67,12.67,3,100,4,1.33,2,0.67,1,0.8,33.3,1,1,1,2,0.125,158.3,2,16.7,0,0,3,100,1,0,0,0,0,0,0,0,0,0,18.8,4.03,1.55,75,25,0,0,12.8,10.9,12.8,10.9,1.9,0.8,0.68,10.9
2025,162,Jaylen Waddle,MIA,WR,1,11,WAS,17.5,18.51851851851852,83.3,7,100,5,71.4,5.43,0.71,15.6,78,88.6,38,74.5,7.6,19,2,40,19,9.5,7,3.5,0,0.01,0,0,0,0,1,0.143,67.1,4,66.7,0,0,4,80,1,50,2,40,1,1,100,0,0,0,71.4,-1.55,0.272,71.4,28.6,0,0,5.8,7.1,5.8,7.07,-1.27,0.83,1.01,7.1
2025,163,Ja'Marr Chase,CIN,WR,1,8,NYJ,16.883116883116884,26.82926829268293,98.3,13,100,11,84.6,2.92,0.85,5.55,61,52.6,38,46.3,3.45,7.6,5,45.5,36,7.2,13,2.6,0,0.46,0,2,0,0,1,0.077,54.4,9,81.8,4,36.4,8,72.7,1,0,1,9.1,2,0,0,0,0,0,84.6,-3.7,-0.29,92.3,7.7,0,0,8.8,15.1,8.8,15.12,-6.32,0.68,1.16,15.1
2025,164,John Metchie,NYJ,WR,1,12,BLT,61.904761904761905,100,87.7,13,100,5,38.5,2.92,0.38,4.6,23,11.2,38,42.7,7.6,9.5,4,80,23,5.75,15,3.75,1,0.59,100,1,0,0,2,0.154,137.9,3,37.5,0,0,5,100,0,0,0,0,1,0,0,0,0,0,38.5,1.32,0.287,76.9,23.1,0,0,13.8,11.6,13.8,11.61,2.19,1.06,0.89,11.6
2025,165,Romeo Doubs,GB,WR,1,8,PIT,15.686274509803921,13.333333333333334,79.4,8,80,4,40,4.75,0.5,23.5,94,54.3,38,27,9.5,19,2,50,12,6,6,3,0,0.1,0,0,0,0,2,0.25,83.3,4,40,0,0,3,75,2,50,1,25,0,0,0,0,1,0.5,50,-1.8,0.566,75,25,0,0,5.8,8.1,5.8,8.07,-2.27,0.72,1.01,8.1
2025,166,Tre Tucker,LV,WR,1,9,JAX,18.64406779661017,16,96.7,11,100,4,36.4,3.45,0.36,5.5,22,30.1,38,42.2,9.5,12.67,3,75,19,6.33,3,1,0,0.02,0,0,0,0,2,0.182,104.2,2,22.2,0,0,4,100,0,33.3,1,25,0,0,0,0,0,0,36.4,3.03,0.685,90.9,9.1,0,0,6.8,7.3,6.8,7.32,-0.52,0.62,0.67,7.3
2025,167,Marvin Mims,DEN,WR,1,7,NYG,61.53846153846154,75,52.6,16,72.7,3,13.6,2.38,0.19,21.67,65,21.4,38,24.7,12.67,19,2,66.7,10,5,5,2.5,0,0.1,0,1,0,0,1,0.063,109.7,3,20,0,0,2,66.7,2,100,0,0,2,1,50,0,0,0,18.8,1.61,0.82,56.3,43.8,0,0,5.8,4.3,5.8,4.33,1.47,0.36,0.27,4.3
2025,168,Troy Franklin,DEN,WR,1,10,LV,15.714285714285714,18.181818181818183,73.7,11,100,6,54.5,3.45,0.55,14.17,85,65.9,38,61.3,6.33,9.5,4,66.7,17,4.25,0,0,1,0.7,100,2,1,1,2,0.182,84,2,50,0,0,4,66.7,1,0,0,0,1,1,100,0,0,0,54.5,-2.68,0.285,90.9,9.1,0,0,13.8,10.7,13.8,10.7,3.1,1.25,0.97,10.7
2025,169,Dalton Kincaid,BUF,TE,1,10,MIA,42.857142857142854,50,26.2,3,21.4,2,14.3,12.33,0.67,14,28,12.1,37,27.4,18.5,18.5,2,100,9,4.5,0,0,0,0,0,0,0,0,2,0.667,118.8,2,22.2,0,0,2,100,0,50,0,0,1,1,100,0,0,0,50,8.29,1.056,66.7,33.3,0,0,5.7,3.7,5.7,3.7,2,1.9,1.23,3.7
2025,170,Zay Flowers,BLT,WR,1,12,NYJ,18.421052631578945,18.75,82.8,7,100,3,42.9,5.29,0.43,17.67,53,38.4,37,52.1,12.33,18.5,2,66.7,1,0.5,0,0,0,0.02,0,0,0,0,2,0.286,109,3,42.9,0,0,3,100,1,50,1,33.3,0,0,0,0,1,0.5,42.9,1.2,1.032,71.4,28.6,0,0,5.7,9,5.7,8.99,-3.29,0.81,1.28,9
2025,171,Ladd McConkey,LAC,WR,1,9,TEN,19.607843137254903,21.428571428571427,69.2,10,76.9,3,23.1,3.7,0.3,7.67,23,11.6,37,29.8,12.33,18.5,2,66.7,21,10.5,2,1,0,0.01,0,0,0,0,2,0.2,109,2,22.2,0,0,3,100,0,50,0,0,1,0,0,0,0,0,25,5.09,0.372,50,50,0,0,5.7,5.2,5.7,5.19,0.51,0.57,0.52,5.2
2025,172,Nico Collins,HST,WR,1,12,BUF,9.375,5.128205128205128,73.2,6,54.5,2,18.2,6,0.33,11,22,17.7,36,33.6,18,18,2,100,14,7,4,2,0,0.01,0,0,0,0,1,0.167,118.8,0,0,0,0,2,100,1,50,0,0,0,0,0,0,0,0,33.3,9.9,0.94,66.7,33.3,0,0,5.6,4.9,5.6,4.92,0.68,0.93,0.82,4.9
2025,173,Drake London,ATL,WR,1,11,CAR,18.867924528301888,16,93.1,10,83.3,4,33.3,3.6,0.4,13.25,53,37.3,36,40.9,9,18,2,50,10,5,3,1.5,0,0.09,0,0,0,0,1,0.1,81.3,4,44.4,0,0,4,100,2,50,1,25,2,0,0,0,0,0,40,0.05,0.239,60,40,0,0,5.6,8,5.6,8.03,-2.43,0.56,0.8,8
2025,174,Khalil Shakir,BUF,WR,1,12,HST,19.51219512195122,25,66.7,8,88.9,2,22.2,4.5,0.25,0.5,1,1.1,36,78.3,18,18,2,100,2,1,0,0,0,0.01,0,0,0,0,0,0,79.2,2,25,1,50,2,100,0,0,0,0,0,0,0,0,0,0,25,12.58,-0.593,50,50,0,0,5.6,3.3,5.6,3.34,2.26,0.7,0.42,3.3
2025,175,Wan'Dale Robinson,NYG,WR,1,11,GB,30.909090909090907,27.27272727272727,97.1,17,100,6,35.3,2.12,0.35,6.5,39,21.2,36,30.5,6,9,4,66.7,5,1.25,2,0.5,0,0.01,0,0,0,0,1,0.059,82.6,5,45.5,0,0,6,100,1,25,1,16.7,1,0,0,0,0,0,35.3,-0.7,0.179,47.1,52.9,0,0,7.6,11.3,7.6,11.33,-3.73,0.45,0.67,11.3
2025,176,Parker Washington,JAX,WR,1,7,LA,29.629629629629626,35,87.8,16,84.2,7,36.8,2.25,0.44,24.71,173,49.7,36,23.2,5.14,18,2,28.6,1,0.5,0,0,0,0.04,0,0,1,0,2,0.125,48.5,3,27.3,0,0,3,42.9,5,50,0,0,2,1,50,1,0,0,41.2,-5.65,-0.313,56.3,43.8,0,0,5.6,9,5.6,9.04,-3.44,0.35,0.56,9
2025,177,Xavier Hutchinson,HST,WR,1,11,TEN,16.666666666666664,30.76923076923077,52.9,8,47.1,4,23.5,4.5,0.5,15,60,27.5,36,23.7,9,18,2,50,7,3.5,0,0,0,0.17,0,0,0,0,2,0.25,81.3,3,20,0,0,3,75,1,50,0,0,1,0,0,0,0,0,50,-0.95,0.366,100,0,0,0,5.6,7.5,5.6,7.47,-1.87,0.7,0.93,7.5
2025,178,Colston Loveland,CHI,TE,1,9,CIN,15.555555555555555,50,80.3,7,63.6,2,18.2,5.14,0.29,14,28,19.9,36,46.2,18,18,2,100,12,6,7,3.5,1,0.85,50,1,1,1,2,0.286,158.3,2,25,0,0,2,100,0,100,0,0,0,0,0,0,0,0,22.2,9.07,2.282,28.6,28.6,42.9,0,11.6,9.6,11.6,9.56,2.04,1.66,1.37,9.6
2025,179,Terrance Ferguson,LA,TE,1,9,NO,11.76470588235294,50,31.2,2,14.3,1,7.1,18,0.5,20,20,10.1,36,19.4,36,36,1,100,16,16,3,3,0,0.02,0,0,0,0,1,0.5,118.8,1,7.1,0,0,1,100,1,100,0,0,0,0,0,0,0,0,50,24.24,2.557,50,50,0,0,4.6,3.7,4.6,3.66,0.94,2.3,1.83,3.7
2025,180,Davante Adams,LA,WR,1,7,JAX,20,23.52941176470588,59.7,11,73.3,8,53.3,3.18,0.73,13,104,65,35,63.6,4.38,7,5,62.5,1,0.2,1,0.2,3,2.83,75,4,3,3,5,0.455,112,8,61.5,0,0,6,75,2,0,0,0,5,4,80,0,0,0,61.5,-4.48,0.151,100,0,0,0,26.5,27.6,26.5,27.61,-1.11,2.41,2.51,27.6
2025,181,Tyler Johnson,NYJ,WR,1,7,CAR,30.76923076923077,20,25,4,25,1,6.3,8.75,0.25,22,22,7.6,35,38,35,35,1,100,13,13,3,3,0,0.02,0,0,0,0,1,0.25,118.8,0,0,0,0,1,100,1,100,0,0,0,0,0,0,0,0,25,23.08,3.21,50,50,0,0,4.5,3.7,4.5,3.73,0.77,1.13,0.93,3.7
2025,182,Roman Wilson,PIT,WR,1,10,LAC,16.666666666666664,23.076923076923077,36,5,38.5,3,23.1,7,0.6,10.33,31,24.6,35,39.8,11.67,17.5,2,66.7,32,16,8,4,1,0.01,100,0,0,0,1,0.2,145.8,2,18.2,1,33.3,2,66.7,1,50,0,0,0,0,0,0,1,0.5,60,3.9,1.003,100,0,0,0,11.5,3.3,11.5,3.26,8.24,2.3,0.65,3.3
2025,183,Tetairoa McMillan,CAR,WR,1,12,SF,18.30985915492958,18.421052631578945,90.7,13,100,7,53.8,2.69,0.54,14.29,100,57.1,35,55.6,5,17.5,2,28.6,0,0,0,0,1,0.72,100,0,1,1,1,0.077,87.5,3,42.9,0,0,5,71.4,2,50,2,28.6,1,0,0,0,0,0,53.8,-4.26,-0.104,92.3,7.7,0,0,11.5,15.2,11.5,15.24,-3.74,0.88,1.17,15.2
2025,184,Emeka Egbuka,TB,WR,1,8,NO,15.584415584415584,21.62162162162162,87.5,12,85.7,8,57.1,2.92,0.67,9.88,79,72.5,35,63.6,4.38,11.67,3,37.5,10,3.33,-1,-0.33,0,0.18,0,1,2,0,1,0.083,51.6,8,72.7,0,0,5,62.5,1,33.3,1,12.5,1,0,0,0,0,0,61.5,-3,-0.156,75,25,0,0,6.5,10.3,6.5,10.29,-3.79,0.54,0.86,10.3
2025,185,Tez Johnson,TB,WR,1,7,DET,28.35820895522388,23.52941176470588,68.2,19,79.2,4,16.7,1.84,0.21,12,48,16.3,35,34,8.75,17.5,2,50,28,14,3,1.5,1,0.04,100,0,0,0,2,0.105,119.8,3,20,1,25,2,50,1,50,0,0,0,0,0,0,2,1,21.1,-0.34,1.017,52.6,47.4,0,0,11.5,3.8,11.5,3.75,7.75,0.61,0.2,3.8
2025,186,Darnell Mooney,ATL,WR,1,11,CAR,17.142857142857142,18.181818181818183,91.4,12,100,4,33.3,2.83,0.33,11.75,47,33.1,34,38.6,8.5,11.33,3,75,-1,-0.33,-3,-1,0,0.02,0,0,0,0,2,0.167,100,2,22.2,0,0,4,100,0,33.3,0,0,1,0,0,0,0,0,33.3,-0.41,0.316,50,50,0,0,6.4,8.6,6.4,8.6,-2.2,0.53,0.72,8.6
2025,187,Justin Jefferson,MIN,WR,1,11,CHI,14.666666666666666,16.27906976744186,100,11,100,7,63.6,3.09,0.64,7.43,52,33.8,34,87.2,4.86,8.5,4,57.1,16,4,11,2.75,0,0,0,0,0,0,2,0.182,30.4,7,63.6,1,14.3,4,57.1,0,0,0,0,1,1,100,0,0,0,63.6,-2.49,-1.031,90.9,9.1,0,0,7.4,6.1,7.4,6.08,1.32,0.67,0.55,6.1
2025,188,Amon-Ra St. Brown,DET,WR,1,10,WAS,14.893617021276595,10.714285714285714,76.5,7,53.8,3,23.1,4.86,0.43,0.67,2,1.9,34,17.9,11.33,11.33,3,100,32,10.67,4,1.33,0,0.53,0,1,0,0,2,0.286,113.9,3,23.1,0,0,3,100,0,0,0,0,0,0,0,0,0,0,42.9,5.58,0.55,71.4,28.6,0,0,6.4,8.2,6.4,8.16,-1.76,0.91,1.17,8.2
2025,189,Christian Watson,GB,WR,1,12,MIN,18.181818181818183,33.33333333333333,73.8,8,100,5,62.5,4.25,0.63,14.6,73,74.5,34,45.3,6.8,11.33,3,60,0,0,0,0,0,0.02,0,0,0,0,2,0.25,80.4,4,66.7,0,0,3,60,1,0,0,0,0,0,0,0,0,0,62.5,-3.05,0.409,87.5,12.5,0,0,6.4,7.1,6.4,7.1,-0.7,0.8,0.89,7.1
2025,190,Dontayvion Wicks,GB,WR,1,10,PHI,40.74074074074074,71.42857142857143,66.7,11,84.6,5,38.5,3.09,0.45,11.2,56,26.2,34,59.6,6.8,11.33,3,60,3,1,3,1,0,0.01,0,0,0,0,3,0.273,80.4,4,40,0,0,4,80,1,33.3,1,20,3,2,66.7,0,0,0,45.5,-1.69,0.683,63.6,36.4,0,0,6.4,6.2,6.4,6.17,0.23,0.58,0.56,6.2
2025,191,Brock Bowers,LV,TE,1,11,DAL,31.818181818181817,40,96.6,14,87.5,6,37.5,2.43,0.43,10.33,62,44.6,34,32.7,5.67,17,2,33.3,4,2,2,1,0,0.01,0,1,1,0,2,0.143,53.5,6,42.9,1,16.7,3,50,1,0,1,16.7,0,0,0,0,0,0,37.5,-3.17,-0.038,50,28.6,21.4,0,5.4,7,5.4,6.96,-1.56,0.39,0.5,7
2025,192,Stefon Diggs,NE,WR,1,11,NYJ,25.925925925925924,25,71,14,93.3,5,33.3,2.36,0.36,9,45,17.4,33,25.4,6.6,11,3,60,17,5.67,5,1.67,0,0.06,0,0,0,0,2,0.143,79.6,3,33.3,0,0,5,100,1,0,2,40,1,0,0,0,0,0,35.7,-0.74,-0.448,50,50,0,0,6.3,10.2,6.3,10.19,-3.89,0.45,0.73,10.2
2025,193,Christian Kirk,HST,WR,1,12,BUF,10.714285714285714,50,32.1,3,27.3,1,9.1,11,0.33,3,3,2.4,33,30.8,33,33,1,100,30,30,1,1,0,0,0,0,0,0,1,0.333,118.8,0,0,0,0,1,100,0,100,0,0,0,0,0,0,0,0,33.3,27.55,1.627,33.3,66.7,0,0,4.3,1.7,4.3,1.7,2.6,1.43,0.57,1.7
2025,194,Quentin Johnston,LAC,WR,1,10,PIT,20.689655172413794,35.294117647058826,81.2,12,85.7,6,42.9,2.75,0.5,4.17,25,43.9,33,45.8,5.5,8.25,4,66.7,40,10,21,5.25,0,0.08,0,0,0,0,2,0.167,80.6,6,46.2,4,66.7,5,83.3,0,0,0,0,1,0,0,0,6,1.5,46.2,-1.75,0.072,91.7,8.3,0,0,7.3,8.6,7.3,8.58,-1.28,0.61,0.72,8.6
2025,195,DeMario Douglas,NE,WR,1,11,NYJ,36.84210526315789,100,30.6,7,46.7,2,13.3,4.71,0.29,6,12,4.6,33,25.4,16.5,16.5,2,100,21,10.5,2,1,0,0,0,0,0,0,2,0.286,118.8,1,11.1,0,0,2,100,0,50,0,0,0,0,0,0,0,0,28.6,10.05,2.914,28.6,71.4,0,0,5.3,3.8,5.3,3.79,1.51,0.76,0.54,3.8
2025,196,Zay Flowers,BLT,WR,1,11,CLV,21.052631578947366,25,88.3,8,88.9,4,44.4,4.13,0.5,9.75,39,36.4,33,55,8.25,16.5,2,50,3,1.5,0,0,0,0.01,0,0,0,0,2,0.25,78.1,3,50,0,0,3,75,0,0,1,25,0,0,0,0,0,0,50,-0.06,0.23,87.5,12.5,0,0,5.3,7.3,5.3,7.29,-1.99,0.66,0.91,7.3
2025,197,Marvin Harrison,ARZ,WR,1,10,SEA,39.53488372093023,38.46153846153847,90.4,17,94.4,10,55.6,1.94,0.59,13.9,139,82.7,33,44.6,3.3,11,3,30,6,2,3,1,1,0.59,100,3,4,1,3,0.176,74.2,9,56.3,0,0,5,50,2,0,2,20,0,0,0,0,0,0,58.8,-5.82,-0.261,82.4,17.6,0,0,12.3,11.2,12.3,11.18,1.12,0.72,0.66,11.2
2025,198,Jauan Jennings,SF,WR,1,10,LA,16.666666666666664,16.666666666666664,91.7,7,87.5,4,50,4.57,0.57,7.5,30,26.8,32,38.6,8,10.67,3,75,7,2.33,3,1,0,0.01,0,0,0,0,1,0.143,97.9,3,75,0,0,4,100,0,0,0,0,3,2,66.7,0,0,0,57.1,0.88,-1.41,100,0,0,0,5.2,5.3,5.2,5.32,-0.12,0.89,0.76,5.3
2025,199,Jalen Coker,CAR,WR,1,11,ATL,16.9811320754717,25,66.7,9,64.3,2,14.3,3.56,0.22,14,28,15.6,32,15.6,16,16,2,100,4,2,4,2,0,0.01,0,0,0,0,2,0.222,118.8,2,15.4,0,0,2,100,1,50,0,0,2,2,100,0,0,0,20,6.81,1.476,22.2,77.8,0,0,5.2,2.7,5.2,2.68,2.52,0.58,0.3,2.7
2025,200,Malik Washington,MIA,WR,1,8,ATL,21.052631578947366,30,63.1,8,80,3,30,4,0.38,3.67,11,13.9,32,27.4,10.67,10.67,3,100,21,7,8,2.67,1,0.89,50,1,0,0,2,0.25,150.7,2,22.2,1,33.3,3,100,0,0,0,0,0,0,0,0,0,0,37.5,4.2,1.361,75,25,0,0,12.2,10.5,12.2,10.5,1.7,1.52,1.31,10.5
2025,201,Emeka Egbuka,TB,WR,1,12,LA,19.480519480519483,16.216216216216218,89.6,15,100,6,40,2.13,0.4,9,54,36.2,32,52.5,5.33,10.67,3,50,23,7.67,2,0.67,0,0.01,0,1,0,0,1,0.067,66,6,60,3,50,3,50,1,33.3,0,0,1,1,100,0,1,0.33,40,-2.59,-0.09,73.3,26.7,0,0,6.2,4.5,6.2,4.49,1.71,0.41,0.3,4.5
2025,202,Keenan Allen,LAC,WR,1,9,TEN,17.02127659574468,14.285714285714285,36.9,8,61.5,3,23.1,3.88,0.38,21.67,65,32.7,31,25,10.33,31,1,33.3,11,11,2,2,0,0.01,0,0,0,0,1,0.125,33.3,1,11.1,0,0,2,66.7,2,100,0,0,0,0,0,0,1,1,33.3,-0.41,-1.567,50,50,0,0,4.1,5,4.1,5.04,-0.94,0.51,0.63,5
2025,203,Robbie Chosen,WAS,WR,1,7,DAL,53.84615384615385,37.5,48.4,7,58.3,3,25,4.43,0.43,9.67,29,14.6,31,21.7,10.33,10.33,3,100,2,0.67,1,0.33,0,0.01,0,0,0,0,1,0.143,109.7,3,33.3,0,0,3,100,0,0,0,0,1,1,100,0,0,0,42.9,2.57,0.886,100,0,0,0,6.1,5.3,6.1,5.3,0.8,0.87,0.76,5.3
2025,204,Jauan Jennings,SF,WR,1,9,NYG,14.285714285714285,12.5,78.5,6,75,3,37.5,5.17,0.5,10,30,34.1,31,32.3,10.33,15.5,2,66.7,16,8,3,1.5,1,1.12,100,2,1,0,2,0.333,140.3,3,42.9,0,0,3,100,0,100,0,0,1,0,0,0,0,0,50,2.11,1.466,66.7,33.3,0,0,11.1,12.1,11.1,12.05,-0.95,1.85,2.01,12.1
2025,205,Wan'Dale Robinson,NYG,WR,1,10,CHI,18.181818181818183,22.727272727272727,98.6,10,90.9,5,45.5,3.1,0.5,8.8,44,28.4,31,25.8,6.2,10.33,3,60,4,1.33,0,0,0,0.01,0,0,0,0,3,0.3,77.9,3,50,0,0,4,80,0,0,0,0,2,0,0,0,0,0,50,-1.48,0.423,70,30,0,0,6.1,7.1,6.1,7.14,-1.04,0.61,0.71,7.1
2025,206,Jordan Addison,MIN,WR,1,10,BLT,20.28985507246377,20.833333333333336,95.1,14,82.4,5,29.4,2.21,0.36,12.8,64,24,31,35.2,6.2,15.5,2,40,11,5.5,5,2.5,0,0,0,0,0,0,1,0.071,61.3,3,27.3,0,0,2,40,0,50,0,0,1,1,100,0,0,0,31.3,-3.28,-0.688,85.7,14.3,0,0,5.1,3.8,5.1,3.82,1.28,0.36,0.27,3.8
2025,207,Tez Johnson,TB,WR,1,10,NE,23.88059701492537,23.52941176470588,83.3,16,80,4,20,1.94,0.25,11,44,20.7,31,22.5,7.75,10.33,3,75,6,2,-1,-0.33,1,0.51,100,2,1,1,2,0.125,136.5,2,15.4,0,0,4,100,0,0,0,0,2,1,50,0,1,0.33,23.5,-0.59,1.036,75,25,0,0,12.1,8.6,12.1,8.61,3.49,0.76,0.54,8.6
2025,208,Courtland Sutton,DEN,WR,1,9,HST,18.30985915492958,17.24137931034483,91.8,13,86.7,5,33.3,2.31,0.38,19.6,98,32.1,30,49.2,6,30,1,20,2,2,1,1,1,0.19,100,0,0,0,1,0.077,52.1,4,33.3,0,0,2,40,2,100,0,0,1,1,100,0,0,0,38.5,-4.49,-0.413,100,0,0,0,10,4.9,10,4.9,5.1,0.77,0.38,4.9
2025,209,DJ Moore,CHI,WR,1,12,PIT,14.492753623188406,26.31578947368421,75.4,10,71.4,5,35.7,3,0.5,8.6,43,29.1,30,44.8,6,10,3,60,9,3,1,0.33,1,1.04,100,2,1,1,2,0.2,116.7,5,45.5,2,40,5,100,1,50,2,40,0,0,0,0,0,0,50,-2.22,-0.108,70,30,0,0,12,17.6,12,17.56,-5.56,1.2,1.76,17.6
2025,210,Isaiah Hodgins,NYG,WR,1,12,DET,35,25,66.2,7,58.3,2,16.7,4.29,0.29,20,40,21.6,30,15.5,15,30,1,50,1,1,0,0,0,0.04,0,0,0,0,1,0.143,95.8,2,16.7,0,0,1,50,1,100,0,0,0,0,0,0,0,0,28.6,5.12,0.939,71.4,28.6,0,0,4,4.6,4,4.55,-0.55,0.57,0.65,4.6
2025,211,Quentin Johnston,LAC,WR,1,7,IND,31.03448275862069,23.52941176470588,90.5,18,90,4,20,1.67,0.22,14.75,59,25.7,30,18.1,7.5,15,2,50,2,1,1,0.5,1,0.61,33.3,1,1,1,1,0.056,114.6,2,18.2,0,0,4,100,2,100,2,50,0,0,0,0,0,0,22.2,-2.06,0.127,88.9,11.1,0,0,11,13.3,11,13.3,-2.3,0.61,0.74,13.3
2025,212,Devontez Walker,BLT,WR,1,12,NYJ,60,100,39.7,3,42.9,1,14.3,10,0.33,30,30,21.7,30,42.3,30,30,1,100,0,0,0,0,0,0.05,0,0,0,0,1,0.333,118.8,1,14.3,0,0,1,100,1,100,0,0,0,0,0,0,0,0,33.3,20.81,1.882,100,0,0,0,4,4.4,4,4.36,-0.36,1.33,1.45,4.4
2025,213,Brian Thomas,JAX,WR,1,7,LA,52.17391304347826,37.5,67.6,12,63.2,3,15.8,2.5,0.25,20.67,62,17.8,30,19.4,10,15,2,66.7,4,2,1,0.5,0,0.02,0,0,0,0,1,0.083,99.3,1,9.1,0,0,3,100,2,50,0,0,1,0,0,0,0,0,23.1,-0.57,0.691,83.3,16.7,0,0,5,7.9,5,7.9,-2.9,0.42,0.66,7.9
2025,214,Keon Coleman,BUF,WR,1,8,CAR,33.33333333333333,30.76923076923077,73.3,8,66.7,4,33.3,3.75,0.5,6,24,30.8,30,26.5,7.5,10,3,75,11,3.67,1,0.33,0,0.06,0,0,0,0,3,0.375,95.8,3,33.3,0,0,3,75,0,0,0,0,1,0,0,0,0,0,40,0.79,0.571,75,25,0,0,6,6.2,6,6.22,-0.22,0.75,0.78,6.2
2025,215,Jayden Higgins,HST,WR,1,12,BUF,17.46031746031746,21.428571428571427,58.9,11,100,6,54.5,2.73,0.55,11.33,68,54.8,30,28,5,10,3,50,0,0,0,0,0,0.11,0,1,1,0,2,0.182,64.6,4,66.7,0,0,5,83.3,0,0,0,0,1,0,0,0,0,0,54.5,-3.52,-0.273,81.8,18.2,0,0,6,10,6,9.99,-3.99,0.55,0.91,10
2025,216,Josh Reynolds,NYJ,WR,1,7,CAR,100,100,95,16,100,9,56.3,1.81,0.56,18.78,169,58.3,29,31.5,3.22,9.67,3,33.3,4,1.33,1,0.33,0,0.01,0,0,1,0,1,0.063,3.7,7,58.3,0,0,5,55.6,4,0,0,0,4,2,50,1,1,0.33,56.3,-6.66,-0.841,87.5,12.5,0,0,5.9,7.7,5.9,7.73,-1.83,0.37,0.48,7.7
2025,217,Gabe Davis,BUF,WR,1,11,TB,60,60,39.6,6,42.9,3,21.4,4.83,0.5,8.67,26,14.8,29,37.2,9.67,14.5,2,66.7,5,2.5,3,1.5,0,0.28,0,1,1,0,2,0.333,97.9,2,25,0,0,3,100,0,50,1,33.3,1,1,100,0,0,0,50,1.79,1.271,100,0,0,0,4.9,6.5,4.9,6.52,-1.62,0.82,1.09,6.5
2025,218,Van Jefferson,TEN,WR,1,7,NE,20.51282051282051,15.789473684210526,84.3,8,80,3,30,3.63,0.38,6.67,20,25.3,29,30.9,9.67,9.67,3,100,9,3,5,1.67,0,0.01,0,0,0,0,2,0.25,106.9,2,40,0,0,3,100,0,0,0,0,1,1,100,0,0,0,37.5,2.76,0.988,75,25,0,0,5.9,4.6,5.9,4.64,1.26,0.74,0.58,4.6
2025,219,Tre Tucker,LV,WR,1,7,KC,10.16949152542373,16,86.7,6,75,4,50,4.83,0.67,4.75,19,38.8,29,74.4,7.25,9.67,3,75,22,7.33,6,2,0,0,0,0,0,0,2,0.333,94.8,3,42.9,1,25,4,100,0,0,1,25,1,0,0,0,1,0.33,57.1,0.2,0.244,83.3,16.7,0,0,5.9,7,5.9,6.96,-1.06,0.98,1.16,7
2025,220,Mitchell Tinsley,CIN,WR,1,12,NE,57.14285714285714,71.42857142857143,72.6,12,70.6,5,29.4,2.42,0.42,13.8,69,31.2,29,28.7,5.8,14.5,2,40,1,0.5,0,0,1,0.67,100,1,1,1,2,0.167,99.2,4,33.3,0,0,2,40,1,0,0,0,0,0,0,0,0,0,38.5,-3.59,0.402,91.7,8.3,0,0,10.9,7.6,10.9,7.61,3.29,0.91,0.63,7.6
2025,221,Elic Ayomanor,TEN,WR,1,7,NE,27.77777777777778,30.76923076923077,96.1,10,100,4,40,2.9,0.4,8.25,33,41.8,29,30.9,7.25,14.5,2,50,15,7.5,1,0.5,0,0.01,0,0,0,0,1,0.1,74,3,60,0,0,3,75,0,50,1,25,0,0,0,0,0,0,40,0.12,0.18,90,10,0,0,4.9,6,4.9,6.03,-1.13,0.49,0.6,6
2025,222,Chris Moore,WAS,WR,1,11,MIA,33.33333333333333,37.5,81.3,9,81.8,3,27.3,3.11,0.33,11.33,34,33.3,28,35.9,9.33,14,2,66.7,11,5.5,5,2.5,0,0,0,0,0,0,1,0.111,96.5,2,25,0,0,2,66.7,0,0,0,0,0,0,0,0,0,0,30,0.36,0.6,100,0,0,0,4.8,4.2,4.8,4.24,0.56,0.53,0.47,4.2
2025,223,Tre Tucker,LV,WR,1,10,DEN,15.254237288135593,12,100,9,100,3,33.3,3.11,0.33,9.67,29,50,28,73.7,9.33,14,2,66.7,4,2,5,2.5,0,0.04,0,0,0,0,1,0.111,96.5,3,37.5,1,33.3,3,100,1,50,0,0,1,1,100,0,1,0.5,33.3,1.04,0.243,88.9,11.1,0,0,4.8,5.8,4.8,5.85,-1.05,0.53,0.65,5.8
2025,224,Tre Tucker,LV,WR,1,12,CLV,30.508474576271187,28.000000000000004,94.7,18,100,7,38.9,1.56,0.39,19,133,55,28,22.6,4,9.33,3,42.9,12,4,3,1,0,0.01,0,0,2,0,1,0.056,54.5,6,37.5,1,14.3,3,42.9,3,0,0,0,0,0,0,0,1,0.33,38.9,-5.5,-0.801,83.3,16.7,0,0,5.8,5.2,5.8,5.22,0.58,0.32,0.29,5.2
2025,225,Stefon Diggs,NE,WR,1,10,TB,22.22222222222222,25,59.3,12,85.7,5,35.7,2.25,0.42,8.2,41,21.7,27,14.2,5.4,6.75,4,80,5,1.25,2,0.5,1,0.53,50,1,1,1,2,0.167,128.8,4,33.3,0,0,4,80,0,0,0,0,1,1,100,1,0,0,41.7,-2.11,0.62,58.3,41.7,0,0,12.7,9.5,12.7,9.5,3.2,1.06,0.79,9.5
2025,226,Justin Jefferson,MIN,WR,1,10,BLT,22.666666666666664,18.6046511627907,100,17,100,8,47.1,1.59,0.47,21.25,170,63.7,27,30.7,3.38,9,3,37.5,17,5.67,6,2,0,0.52,0,0,1,0,2,0.118,7.8,7,63.6,2,25,4,50,5,0,1,12.5,1,1,100,0,0,0,47.1,-6.92,-0.836,76.5,23.5,0,0,5.7,10.9,5.7,10.86,-5.16,0.34,0.64,10.9
2025,227,Nico Collins,HST,WR,1,7,SEA,20.3125,25.64102564102564,47.8,13,76.5,10,58.8,2.08,0.77,9.7,97,53,27,67.5,2.7,6.75,4,40,7,1.75,7,1.75,0,0.02,0,0,0,0,2,0.154,8.3,8,53.3,0,0,7,70,0,0,1,10,4,2,50,0,0,0,76.9,-5.55,-0.649,76.9,23.1,0,0,6.7,12,6.7,11.99,-5.29,0.52,0.92,12
2025,228,Rashid Shaheed,SEA,WR,1,11,LA,20,15.384615384615385,0,12,66.7,4,22.2,2.25,0.33,14.75,59,29.2,27,20.5,6.75,13.5,2,50,3,1.5,1,0.5,0,0.02,0,0,1,0,1,0.083,71.9,2,14.3,0,0,3,75,1,50,1,25,1,1,100,0,0,0,33.3,-2.68,0.315,66.7,33.3,0,0,4.7,5.8,4.7,5.84,-1.14,0.39,0.49,5.8
2025,229,Xavier Hutchinson,HST,WR,1,8,SF,18.75,23.076923076923077,70.7,9,64.3,3,21.4,3,0.33,10,30,20.1,27,21.6,9,13.5,2,66.7,3,1.5,0,0,0,0.04,0,0,0,0,1,0.111,95.1,3,21.4,0,0,3,100,0,0,0,0,1,1,100,0,0,0,33.3,0.73,0.409,88.9,11.1,0,0,4.7,6,4.7,6.02,-1.32,0.52,0.67,6
2025,230,Mitchell Tinsley,CIN,WR,1,9,CHI,23.809523809523807,28.57142857142857,26.2,5,23.8,2,9.5,5.4,0.4,23.5,47,14.7,27,9.7,13.5,27,1,50,3,3,3,3,0,0.46,0,0,0,0,1,0.2,95.8,2,10,0,0,1,50,2,100,0,0,1,1,100,0,0,0,40,2.51,0.981,100,0,0,0,3.7,4.3,3.7,4.33,-0.63,0.74,0.87,4.3
2025,231,Brock Bowers,LV,TE,1,12,CLV,34.090909090909086,26.666666666666668,96,15,83.3,4,22.2,1.8,0.27,9,36,14.9,27,21.8,6.75,9,3,75,4,1.33,4,1.33,0,0,0,1,1,0,2,0.133,92.7,4,25,0,0,3,75,0,0,0,0,3,2,66.7,0,0,0,22.2,-1.45,0.473,46.7,46.7,6.7,0,5.7,4.3,5.7,4.29,1.41,0.38,0.29,4.3
2025,232,Kendrick Bourne,SF,WR,1,8,HST,26.923076923076923,33.33333333333333,79.5,7,77.8,2,22.2,3.71,0.29,13,26,15.2,26,39.4,13,13,2,100,0,0,-1,-0.5,0,0,0,0,0,0,1,0.143,118.8,1,14.3,0,0,2,100,0,0,0,0,0,0,0,0,0,0,28.6,3.8,0.795,57.1,42.9,0,0,4.6,5,4.6,4.96,-0.36,0.66,0.71,5
2025,233,Darius Slayton,NYG,WR,1,8,PHI,21.73913043478261,33.33333333333333,72,5,71.4,5,71.4,5.2,1,12,60,85.7,26,104,5.2,13,2,40,14,7,1,0.5,0,0.01,0,0,0,0,1,0.2,57.1,3,60,0,0,4,80,1,0,1,20,2,1,50,0,0,0,83.3,-2.92,-0.084,100,0,0,0,4.6,6.3,4.6,6.29,-1.69,0.92,1.26,6.3
2025,234,Dyami Brown,JAX,WR,1,9,LV,47.61904761904761,50,58.4,10,66.7,4,26.7,2.6,0.4,10,40,21.4,26,17,6.5,13,2,50,4,2,1,0.5,0,0.01,0,1,1,0,1,0.1,31.3,4,26.7,0,0,3,75,0,0,1,25,2,1,50,0,0,0,36.4,-1.73,-1.027,70,30,0,0,4.6,5.1,4.6,5.09,-0.49,0.46,0.51,5.1
2025,235,Rashid Shaheed,NO,WR,1,7,CHI,11.666666666666666,11.538461538461538,75.5,7,87.5,3,37.5,3.71,0.43,8.67,26,26,26,72.2,8.67,13,2,66.7,2,1,1,0.5,0,0.01,0,0,0,0,2,0.286,93.8,3,37.5,0,0,3,100,0,0,0,0,1,0,0,0,0,0,42.9,1.15,-0.076,71.4,28.6,0,0,4.6,5.3,4.6,5.3,-0.7,0.66,0.76,5.3
2025,236,Alec Pierce,IND,WR,1,12,KC,7.936507936507936,5.714285714285714,96,5,100,2,40,5.2,0.4,15,30,53.6,26,81.3,13,26,1,50,6,6,0,0,0,0.42,0,1,1,0,1,0.2,95.8,2,40,0,0,2,100,1,100,0,0,1,0,0,0,0,0,40,3.82,0.366,100,0,0,0,3.6,6.8,3.6,6.75,-3.15,0.72,1.35,6.8
2025,237,Tyrell Shavers,BUF,WR,1,11,TB,26.31578947368421,50,52.8,5,35.7,2,14.3,5.2,0.4,6.5,13,7.4,26,33.3,13,13,2,100,13,6.5,1,0.5,0,0,0,0,0,0,1,0.2,118.8,1,12.5,0,0,2,100,0,50,0,0,0,0,0,0,0,0,28.6,6.53,0.253,80,0,20,0,4.6,3.8,4.6,3.84,0.76,0.92,0.77,3.8
2025,238,Harold Fannin,CLV,TE,1,11,BLT,22.857142857142858,42.857142857142854,72.2,8,57.1,3,21.4,3.25,0.38,9,27,24.1,26,48.1,8.67,13,2,66.7,4,2,2,1,0,0.02,0,1,0,0,1,0.125,93.8,2,20,0,0,3,100,1,100,0,0,1,0,0,0,0,0,30,0.46,-0.128,50,12.5,37.5,0,4.6,6,4.6,5.98,-1.38,0.57,0.75,6
2025,239,Chimere Dike,TEN,WR,1,8,IND,30.303030303030305,42.857142857142854,88.1,10,76.9,3,23.1,2.6,0.3,4,12,12,26,55.3,8.67,8.67,3,100,14,4.67,1,0.33,0,0,0,0,0,0,2,0.2,102.8,1,20,1,33.3,3,100,0,0,0,0,0,0,0,0,0,0,30,2.35,0.8,30,70,0,0,5.6,5.3,5.6,5.32,0.28,0.56,0.53,5.3
2025,240,Deebo Samuel,WAS,WR,1,11,MIA,40.74074074074074,50,73.4,11,100,3,27.3,2.27,0.27,5.33,16,15.7,25,32.1,8.33,12.5,2,66.7,14,7,8,4,0,0,0,0,0,0,1,0.091,92.4,3,37.5,1,33.3,2,66.7,0,50,0,0,0,0,0,0,0,0,27.3,1.46,-0.424,54.5,36.4,0,9.1,4.5,4.3,4.5,4.26,0.24,0.41,0.39,4.3
2025,241,Rashee Rice,KC,WR,1,12,IND,26.82926829268293,20,63.7,11,64.7,4,23.5,2.27,0.36,1,4,2.5,25,22.5,6.25,8.33,3,75,26,8.67,3,1,0,0.98,0,2,1,0,2,0.182,90.6,4,28.6,2,50,4,100,0,0,0,0,1,0,0,0,1,0.33,36.4,0.48,0.774,63.6,36.4,0,0,5.5,11,5.5,10.99,-5.49,0.5,1,11
2025,242,Xavier Worthy,KC,WR,1,11,DEN,23.91304347826087,20,75.8,11,64.7,4,23.5,2.27,0.36,14.75,59,36,25,25.8,6.25,8.33,3,75,16,5.33,1,0.33,0,0,0,0,0,0,2,0.182,90.6,4,26.7,0,0,3,75,1,0,0,0,0,0,0,0,0,0,30.8,-2.25,0.34,81.8,18.2,0,0,5.5,5.2,5.5,5.2,0.3,0.5,0.47,5.2
2025,243,Jacoby Jones,WAS,WR,1,11,MIA,100,100,17.2,1,9.1,1,9.1,25,1,3,3,2.9,25,32.1,25,25,1,100,22,22,0,0,0,0,0,0,0,0,1,1,118.8,1,12.5,0,0,1,100,0,100,0,0,0,0,0,0,0,0,100,19.55,1.563,100,0,0,0,3.5,1.7,3.5,1.68,1.82,3.5,1.68,1.7
2025,244,Konata Mumpfield,LA,WR,1,12,TB,58.333333333333336,50,41.8,7,38.9,2,11.1,3.57,0.29,10.5,21,10.9,25,17.1,12.5,12.5,2,100,4,2,1,0.5,0,0.03,0,0,0,0,2,0.286,118.8,0,0,0,0,2,100,0,0,0,0,1,1,100,0,0,0,28.6,4.59,1.176,57.1,42.9,0,0,4.5,4.1,4.5,4.11,0.39,0.64,0.59,4.1
2025,245,Chimere Dike,TEN,WR,1,12,SEA,15.151515151515152,28.57142857142857,79.4,5,71.4,2,28.6,5,0.4,11.5,23,53.5,25,32.5,12.5,25,1,50,20,20,1,1,0,0,0,0,0,0,1,0.2,95.8,1,25,0,0,1,50,0,100,0,0,0,0,0,0,0,0,33.3,3.87,0.808,40,60,0,0,3.5,1.8,3.5,1.76,1.74,0.7,0.35,1.8
2025,246,Mack Hollins,NE,WR,1,12,CIN,15,17.24137931034483,85.1,9,90,5,50,2.67,0.56,12.2,61,67.8,24,34.8,4.8,24,1,20,8,8,6,6,0,0.01,0,0,0,0,1,0.111,47.1,5,62.5,0,0,1,20,0,100,0,0,1,1,100,0,0,0,55.6,-3.96,-0.27,66.7,33.3,0,0,3.4,1.7,3.4,1.66,1.74,0.38,0.18,1.7
2025,247,Courtland Sutton,DEN,WR,1,10,LV,15.492957746478872,13.793103448275861,87.7,11,100,4,36.4,2.18,0.36,7.25,29,22.5,24,38.7,6,8,3,75,0,0,1,0.33,0,0,0,0,0,0,1,0.091,89.6,2,50,0,0,3,75,0,0,0,0,1,1,100,0,0,0,36.4,-1.29,0.149,90.9,9.1,0,0,5.4,5.6,5.4,5.55,-0.15,0.49,0.5,5.6
2025,248,KhaDarel Hodge,ATL,WR,1,8,MIA,76.92307692307693,85.71428571428571,67.3,10,100,6,60,2.4,0.6,15.17,91,53.5,24,100,4,12,2,33.3,5,2.5,4,2,0,0.01,0,0,0,0,2,0.2,46.5,4,50,0,0,3,50,1,0,0,0,1,0,0,0,1,0.5,60,-5.72,-0.273,80,20,0,0,4.4,6,4.4,5.98,-1.58,0.44,0.6,6
2025,249,DK Metcalf,PIT,WR,1,10,LAC,18.75,15.151515151515152,92,12,92.3,5,38.5,2,0.42,12,60,47.6,24,27.3,4.8,12,2,40,9,4.5,3,1.5,0,0.01,0,1,1,0,1,0.083,15.8,5,45.5,0,0,2,40,0,0,0,0,0,0,0,0,0,0,38.5,-4.17,-1.509,83.3,16.7,0,0,4.4,3.9,4.4,3.87,0.53,0.37,0.32,3.9
2025,250,CeeDee Lamb,DAL,WR,1,7,WAS,12.658227848101266,9.67741935483871,77.4,10,100,3,30,2.4,0.3,5,15,10.5,24,21.6,8,12,2,66.7,16,8,3,1.5,0,0.01,0,0,0,0,1,0.1,91,2,25,1,33.3,2,66.7,0,0,0,0,0,0,0,0,0,0,30,1.31,-0.228,80,20,0,0,4.4,4,4.4,4.02,0.38,0.44,0.4,4
2025,251,Amon-Ra St. Brown,DET,WR,1,7,TB,14.893617021276595,14.285714285714285,90.8,7,100,4,57.1,3.43,0.57,13.5,54,66.7,24,61.5,6,24,1,25,7,7,0,0,0,0.01,0,0,0,0,1,0.143,12.5,4,80,0,0,1,25,0,100,0,0,0,0,0,0,0,0,57.1,-3.9,-0.906,57.1,42.9,0,0,3.4,3,3.4,2.97,0.43,0.49,0.42,3
2025,252,Tyrell Shavers,BUF,WR,1,10,MIA,42.10526315789473,25,36.9,8,57.1,1,7.1,3,0.13,13,13,5.6,24,17.8,24,24,1,100,11,11,0,0,0,0.01,0,0,0,0,1,0.125,118.8,0,0,0,0,1,100,0,100,0,0,0,0,0,0,0,0,11.1,15.09,2.261,87.5,12.5,0,0,3.4,2.4,3.4,2.44,0.96,0.42,0.31,2.4
2025,253,Troy Franklin,DEN,WR,1,9,HST,21.428571428571427,24.242424242424242,80.3,15,100,8,53.3,1.6,0.53,24.88,199,65.2,24,39.3,3,8,3,37.5,3,1,4,1.33,0,0.09,0,0,1,0,1,0.067,45.8,7,58.3,1,12.5,5,62.5,5,0,0,0,2,0,0,0,1,0.33,53.3,-8.16,-0.241,66.7,33.3,0,0,5.4,11.8,5.4,11.76,-6.36,0.36,0.78,11.8
2025,254,Olamide Zaccheaus,CHI,WR,1,8,BLT,23.91304347826087,38.46153846153847,59.7,11,55,5,25,2.09,0.45,3.4,17,8.5,23,11.2,4.6,4.6,5,100,6,1.2,4,0.8,0,0.03,0,0,0,0,0,0,85.8,4,26.7,1,20,5,100,0,0,0,0,3,3,100,0,0,0,41.7,-1.53,-0.27,63.6,36.4,0,0,7.3,6.9,7.3,6.91,0.39,0.66,0.63,6.9
2025,255,Darius Slayton,NYG,WR,1,12,DET,21.73913043478261,13.333333333333334,62.3,5,41.7,2,16.7,4.6,0.4,17,34,18.4,23,11.9,11.5,23,1,50,14,14,2,2,0,0,0,0,0,0,1,0.2,91.7,2,16.7,0,0,1,50,1,100,0,0,0,0,0,0,0,0,28.6,2.03,0.607,100,0,0,0,3.3,2.1,3.3,2.11,1.19,0.66,0.42,2.1
2025,256,Tee Higgins,CIN,WR,1,12,NE,13.698630136986301,16.666666666666664,75.8,10,58.8,5,29.4,2.3,0.5,5.6,28,12.7,23,22.8,4.6,5.75,4,80,17,4.25,11,2.75,0,0.01,0,0,0,0,1,0.1,100,3,25,0,0,5,100,0,0,1,20,2,1,50,0,1,0.25,50,-1.85,-0.461,80,20,0,0,6.3,8,6.3,8.04,-1.74,0.63,0.8,8
2025,257,Khalil Shakir,BUF,WR,1,9,KC,12.195121951219512,25,60.9,5,83.3,2,33.3,4.6,0.4,-1,-2,-11.1,23,24.5,11.5,11.5,2,100,25,12.5,3,1.5,0,0.01,0,0,0,0,2,0.4,114.6,1,33.3,1,50,2,100,0,50,0,0,0,0,0,0,0,0,40,6.59,1.126,40,60,0,0,4.3,3.3,4.3,3.33,0.97,0.86,0.67,3.3
2025,258,Romeo Doubs,GB,WR,1,12,MIN,13.725490196078432,6.666666666666667,72.3,7,87.5,2,25,3.29,0.29,10.5,21,21.4,23,30.7,11.5,11.5,2,100,2,1,1,0.5,0,0.04,0,1,0,0,1,0.143,114.6,1,16.7,0,0,2,100,0,0,0,0,1,1,100,0,0,0,28.6,3.27,0.774,71.4,28.6,0,0,4.3,4.1,4.3,4.08,0.22,0.61,0.58,4.1
2025,259,Wan'Dale Robinson,NYG,WR,1,7,DEN,9.090909090909092,4.545454545454546,89.9,5,100,1,20,4.6,0.2,18,18,17.6,23,54.8,23,23,1,100,5,5,2,2,0,0,0,0,0,0,1,0.2,118.8,0,0,0,0,1,100,0,100,0,0,0,0,0,0,0,0,20,12.1,2.282,60,40,0,0,3.3,2.2,3.3,2.18,1.12,0.66,0.44,2.2
2025,260,Rashee Rice,KC,WR,1,7,LV,14.634146341463413,25,39,6,50,5,41.7,3.83,0.83,1.8,9,14.1,23,22.1,4.6,5.75,4,80,20,5,-1,-0.25,1,0.96,100,2,1,1,2,0.333,125.4,5,50,2,40,4,80,0,0,0,0,1,1,100,0,0,0,83.3,-1.24,0.556,83.3,16.7,0,0,12.3,11.4,12.3,11.45,0.85,2.05,1.91,11.4
2025,261,Arian Smith,NYJ,WR,1,8,CIN,16.666666666666664,33.33333333333333,41.4,4,40,1,10,5.75,0.25,21,21,17.2,23,21.3,23,23,1,100,2,2,1,1,0,0.01,0,0,0,0,1,0.25,118.8,1,10,0,0,1,100,1,100,0,0,0,0,0,0,0,0,20,11.76,1.405,25,75,0,0,3.3,3.4,3.3,3.36,-0.06,0.82,0.84,3.4
2025,262,Travis Kelce,KC,TE,1,11,DEN,27.27272727272727,28.57142857142857,79,12,70.6,2,11.8,1.83,0.17,5.5,11,6.7,22,22.7,11,11,2,100,11,5.5,2,1,0,0.01,0,0,0,0,2,0.167,112.5,2,13.3,0,0,2,100,0,0,0,0,0,0,0,0,0,0,13.3,4.21,0.962,16.7,50,33.3,0,4.2,3.6,4.2,3.58,0.62,0.35,0.3,3.6
2025,263,Tim Patrick,JAX,WR,1,7,LA,10.526315789473683,16.666666666666664,17.6,2,10.5,1,5.3,11,0.5,17,17,4.9,22,14.2,22,22,1,100,5,5,1,1,0,0,0,0,0,0,1,0.5,118.8,0,0,0,0,1,100,0,100,0,0,0,0,0,0,0,0,50,10.33,1.721,50,50,0,0,3.2,2.9,3.2,2.89,0.31,1.6,1.44,2.9
2025,264,DK Metcalf,PIT,WR,1,12,CHI,15.625,18.181818181818183,85.5,10,83.3,6,50,2.2,0.6,6,36,28.8,22,43.1,3.67,4.4,5,83.3,12,2.4,3,0.6,0,0.01,0,0,0,0,2,0.2,42.4,5,45.5,1,16.7,6,100,1,0,0,0,1,0,0,0,0,0,54.5,-3.15,-0.565,100,0,0,0,7.2,10.9,7.2,10.93,-3.73,0.72,1.09,10.9
2025,265,Marquise Brown,KC,WR,1,11,DEN,29.166666666666668,42.857142857142854,37.1,7,41.2,3,17.6,3.14,0.43,5.67,17,10.4,22,22.7,7.33,7.33,3,100,5,1.67,0,0,0,0,0,0,0,0,1,0.143,97.2,2,13.3,0,0,3,100,0,0,0,0,0,0,0,0,0,0,42.9,0.18,0.143,57.1,42.9,0,0,5.2,5.7,5.2,5.74,-0.54,0.74,0.82,5.7
2025,266,Gabe Davis,BUF,WR,1,12,HST,40,40,54.5,4,44.4,2,22.2,5.5,0.5,19.5,39,42.9,22,47.8,11,22,1,50,5,5,3,3,0,0.22,0,0,0,0,1,0.25,89.6,1,12.5,0,0,2,100,1,100,0,0,1,0,0,0,0,0,40,-0.79,0.809,100,0,0,0,3.2,5.6,3.2,5.64,-2.44,0.8,1.41,5.6
2025,267,Malik Heath,GB,WR,1,8,PIT,20,100,33.3,3,30,2,20,7.33,0.67,2.5,5,2.9,22,15.6,11,11,2,100,17,8.5,13,6.5,0,0.01,0,0,0,0,1,0.333,112.5,2,20,1,50,2,100,0,0,0,0,0,0,0,0,1,0.5,66.7,4.44,0.661,66.7,33.3,0,0,4.2,3.4,4.2,3.4,0.8,1.4,1.13,3.4
2025,268,Xavier Legette,CAR,WR,1,9,GB,15,13.636363636363635,57.4,9,90,3,30,2.44,0.33,16,48,38.7,22,28.6,7.33,22,1,33.3,6,6,1,1,0,0.01,0,1,1,0,1,0.111,20.8,3,42.9,0,0,1,33.3,1,100,0,0,0,0,0,0,0,0,33.3,-1.92,-1.387,55.6,44.4,0,0,3.2,2.8,3.2,2.8,0.4,0.36,0.31,2.8
2025,269,Mason Tipton,NO,WR,1,12,ATL,80,66.66666666666666,70.5,12,70.6,4,23.5,1.83,0.33,12.75,51,21.9,22,21.4,5.5,7.33,3,75,1,0.33,1,0.33,0,0.01,0,0,0,0,1,0.083,87.5,4,26.7,0,0,3,75,1,0,0,0,0,0,0,0,0,0,28.6,-2,0.158,66.7,33.3,0,0,5.2,5.6,5.2,5.62,-0.42,0.43,0.47,5.6
2025,270,Tetairoa McMillan,CAR,WR,1,7,NYJ,18.30985915492958,10.526315789473683,87.1,13,92.9,4,28.6,1.69,0.31,11,44,28.8,22,25,5.5,11,2,50,13,6.5,4,2,0,0.02,0,0,0,0,1,0.077,66.7,2,20,0,0,4,100,1,0,0,0,2,0,0,0,1,0.5,28.6,-2.32,0.055,92.3,7.7,0,0,4.2,6.8,4.2,6.8,-2.6,0.32,0.52,6.8
2025,271,Emeka Egbuka,TB,WR,1,11,BUF,14.285714285714285,13.513513513513514,94.1,11,100,5,45.5,2,0.45,3.6,18,18,22,46.8,4.4,7.33,3,60,20,6.67,5,1.67,0,0.01,0,1,1,0,0,0,70.4,3,37.5,2,40,3,60,0,0,0,0,0,0,0,0,0,0,45.5,-1.95,-0.134,63.6,36.4,0,0,5.2,5.1,5.2,5.09,0.11,0.47,0.46,5.1
2025,272,Jayden Higgins,HST,WR,1,8,SF,20.634920634920633,21.428571428571427,81.3,13,92.9,6,42.9,1.69,0.46,8.67,52,34.9,22,17.6,3.67,7.33,3,50,17,5.67,6,2,0,0.01,0,1,0,0,2,0.154,59,6,42.9,0,0,3,50,1,0,0,0,1,1,100,0,1,0.33,46.2,-3.95,0.035,92.3,7.7,0,0,5.2,4.5,5.2,4.46,0.74,0.4,0.34,4.5
2025,273,Keenan Allen,LAC,WR,1,8,MIN,10.638297872340425,14.285714285714285,25.7,5,62.5,3,37.5,4.2,0.6,11.33,34,33.7,21,30,7,10.5,2,66.7,6,3,4,2,0,0.01,0,0,0,0,2,0.4,86.8,2,50,0,0,2,66.7,0,0,0,0,1,1,100,0,1,0.5,60,-1.78,1.032,80,20,0,0,4.1,2.9,4.1,2.87,1.23,0.82,0.57,2.9
2025,274,Curtis Samuel,BUF,WR,1,10,MIA,6.666666666666667,25,33.8,1,7.1,1,7.1,21,1,16,16,6.9,21,15.6,21,21,1,100,5,5,1,1,0,0,0,0,0,0,1,1,118.8,0,0,0,0,1,100,0,100,0,0,0,0,0,0,0,0,100,10.9,3.13,100,0,0,0,3.1,2.7,3.1,2.68,0.42,3.1,2.68,2.7
2025,275,Jerry Jeudy,CLV,WR,1,11,BLT,26.666666666666668,29.166666666666668,83.3,12,85.7,7,50,1.75,0.58,7.29,51,45.5,21,38.9,3,7,3,42.9,9,3,6,2,0,0.02,0,1,1,0,1,0.083,10.7,5,50,0,0,3,42.9,0,0,0,0,0,0,0,0,2,0.67,53.8,-4.15,-0.647,91.7,8.3,0,0,5.1,5.2,5.1,5.22,-0.12,0.42,0.43,5.2
2025,276,Van Jefferson,TEN,WR,1,9,LAC,15.384615384615385,21.052631578947366,84.1,6,75,4,50,3.5,0.67,21,84,75,21,58.3,5.25,21,1,25,8,8,2,2,0,0.01,0,0,0,0,1,0.167,49,2,40,0,0,2,50,2,100,0,0,1,0,0,0,0,0,57.1,-5.64,-0.056,100,0,0,0,3.1,4.2,3.1,4.23,-1.13,0.52,0.7,4.2
2025,277,Ja'Marr Chase,CIN,WR,1,11,PIT,20.77922077922078,17.073170731707318,98.4,16,100,7,43.8,1.31,0.44,14.57,102,46.2,21,22.6,3,10.5,2,28.6,11,5.5,3,1.5,0,0.08,0,1,1,0,1,0.063,39.6,7,50,0,0,4,57.1,2,0,0,0,2,0,0,0,0,0,43.8,-6.26,-0.491,68.8,31.3,0,0,4.1,7.2,4.1,7.19,-3.09,0.26,0.45,7.2
2025,278,Josh Palmer,BUF,WR,1,12,HST,53.84615384615385,50,50,7,77.8,4,44.4,3,0.57,13,52,57.1,21,45.7,5.25,10.5,2,50,33,16.5,0,0,0,0.01,0,0,0,0,0,0,56.3,4,50,0,0,2,50,0,0,0,0,1,1,100,0,0,0,57.1,-3.83,0.435,100,0,0,0,4.1,4,4.1,4.03,0.07,0.59,0.58,4
2025,279,Calvin Austin,PIT,WR,1,12,CHI,20.51282051282051,25,43.5,8,66.7,3,25,2.63,0.38,6.33,19,15.2,21,41.2,7,10.5,2,66.7,13,6.5,3,1.5,0,0,0,0,0,0,1,0.125,86.8,3,27.3,0,0,2,66.7,0,0,0,0,1,1,100,0,0,0,33.3,0.13,0.574,75,25,0,0,4.1,2.4,4.1,2.44,1.66,0.51,0.3,2.4
2025,280,Skyy Moore,SF,WR,1,9,NYG,22.22222222222222,33.33333333333333,12.3,2,25,1,12.5,10.5,0.5,13,13,14.8,21,21.9,21,21,1,100,8,8,8,8,0,0.02,0,0,0,0,1,0.5,118.8,1,14.3,0,0,1,100,0,100,0,0,1,1,100,0,0,0,50,12.09,2.052,100,0,0,0,3.1,1.9,3.1,1.92,1.18,1.55,0.96,1.9
2025,281,Jamari Thrash,CLV,WR,1,8,NE,33.33333333333333,50,46.2,4,50,1,12.5,5.25,0.25,7,7,11.1,21,47.7,21,21,1,100,14,14,1,1,0,0,0,0,0,0,1,0.25,118.8,0,0,0,0,1,100,0,100,0,0,0,0,0,0,0,0,25,13.94,1.076,25,75,0,0,3.1,1.9,3.1,1.93,1.17,0.78,0.48,1.9
2025,282,Jauan Jennings,SF,WR,1,12,CAR,14.285714285714285,16.666666666666664,90,6,85.7,4,57.1,3.33,0.67,13,52,67.5,20,76.9,5,10,2,50,5,2.5,5,2.5,1,0.98,100,1,0,0,1,0.167,64.6,4,57.1,0,0,2,50,1,0,0,0,2,2,100,0,1,0.5,57.1,-4.23,-0.776,66.7,33.3,0,0,10,8.4,10,8.44,1.56,1.67,1.41,8.4
2025,283,Parker Washington,JAX,WR,1,11,LAC,20.37037037037037,10,75.4,11,100,2,18.2,1.82,0.18,9.5,19,14.1,20,23,10,10,2,100,1,0.5,1,0.5,0,0,0,0,0,0,2,0.182,108.3,2,22.2,0,0,2,100,0,0,0,0,0,0,0,0,0,0,18.2,2.52,0.876,45.5,54.5,0,0,4,4.3,4,4.34,-0.34,0.36,0.39,4.3
2025,284,Jared Wayne,HST,WR,1,8,SF,100,100,45.3,5,35.7,2,14.3,4,0.4,8,16,10.7,20,16,10,10,2,100,4,2,3,1.5,0,0.03,0,0,0,0,1,0.2,108.3,2,14.3,0,0,2,100,0,0,0,0,0,0,0,0,0,0,40,2.43,0.297,100,0,0,0,4,4.5,4,4.48,-0.48,0.8,0.9,4.5
2025,285,Zay Flowers,BLT,WR,1,8,CHI,18.421052631578945,25,94.9,7,87.5,4,50,2.86,0.57,13.75,55,61.8,20,36.4,5,10,2,50,-1,-0.5,-1,-0.5,0,0.09,0,1,0,0,1,0.143,64.6,3,50,0,0,3,75,1,0,1,25,0,0,0,0,0,0,50,-4.15,-0.092,71.4,28.6,0,0,4,6.5,4,6.51,-2.51,0.57,0.93,6.5
2025,286,Rashee Rice,KC,WR,1,11,DEN,26.82926829268293,25,72.6,11,64.7,5,29.4,1.82,0.45,8.6,43,26.2,20,20.6,4,6.67,3,60,14,4.67,4,1.33,0,0.02,0,1,0,0,1,0.091,68.8,4,26.7,1,20,5,100,1,0,1,20,1,0,0,0,0,0,45.5,-3.73,-0.099,63.6,36.4,0,0,5,8,5,7.97,-2.97,0.45,0.72,8
2025,287,Curtis Samuel,BUF,WR,1,11,TB,53.333333333333336,75,52.8,8,57.1,3,21.4,2.38,0.38,20.33,61,34.7,19,24.4,6.33,9.5,2,66.7,2,1,0,0,0,0.02,0,0,0,0,1,0.125,84,2,25,0,0,2,66.7,1,0,0,0,0,0,0,0,0,0,33.3,-3.75,0.665,62.5,37.5,0,0,3.9,4.2,3.9,4.25,-0.35,0.49,0.53,4.2
2025,288,Kendrick Bourne,SF,WR,1,10,LA,19.230769230769234,16.666666666666664,68.3,5,62.5,1,12.5,3.8,0.2,18,18,16.1,19,22.9,19,19,1,100,1,1,1,1,0,0,0,0,0,0,1,0.2,118.8,0,0,0,0,1,100,0,0,0,0,0,0,0,0,0,0,20,8.1,1.258,60,40,0,0,2.9,2.9,2.9,2.92,-0.02,0.58,0.58,2.9
2025,289,James Proche,TEN,WR,1,12,SEA,57.14285714285714,100,45.6,4,57.1,2,28.6,4.75,0.5,8.5,17,39.5,19,24.7,9.5,9.5,2,100,2,1,0,0,0,0.01,0,0,0,0,1,0.25,106.3,1,25,0,0,2,100,0,0,0,0,0,0,0,1,0,0,50,1.87,1.221,100,0,0,0,3.9,4.2,3.9,4.18,-0.28,0.97,1.04,4.2
2025,290,Michael Pittman,IND,WR,1,10,ATL,16.129032258064516,7.6923076923076925,81.1,10,90.9,2,18.2,1.9,0.2,7.5,15,9.6,19,17,9.5,9.5,2,100,4,2,0,0,0,0.01,0,0,0,0,0,0,106.3,2,18.2,0,0,2,100,0,0,0,0,0,0,0,0,0,0,20,2.57,0.534,60,40,0,0,3.9,3.9,3.9,3.94,-0.04,0.39,0.39,3.9
2025,291,Trey McBride,ARZ,TE,1,9,DAL,18.421052631578945,25,87.7,14,87.5,2,12.5,1.36,0.14,16,32,16.4,19,10.6,9.5,19,1,50,3,3,0,0,0,0.01,0,1,1,0,1,0.071,83.3,2,18.2,0,0,1,50,0,0,0,0,0,0,0,0,0,0,13.3,-0.69,0.823,14.3,78.6,7.1,0,2.9,2.8,2.9,2.77,0.13,0.21,0.2,2.8
2025,292,Cade Otton,TB,TE,1,11,BUF,13.432835820895523,28.57142857142857,97.1,9,81.8,2,18.2,2.11,0.22,8.5,17,17,19,40.4,9.5,19,1,50,6,6,5,5,0,0.01,0,0,0,0,1,0.111,83.3,2,25,0,0,2,100,0,0,1,50,0,0,0,0,1,1,18.2,1.48,0.364,22.2,55.6,11.1,11.1,2.9,4.2,2.9,4.16,-1.26,0.32,0.46,4.2
2025,293,Michael Wilson,ARZ,WR,1,10,SEA,21.951219512195124,15,91.8,18,100,6,33.3,1.06,0.33,4.33,26,15.5,19,25.7,3.17,6.33,3,50,8,2.67,3,1,0,0.19,0,3,1,0,0,0,56.9,5,31.3,0,0,5,83.3,0,0,1,16.7,2,1,50,0,0,0,33.3,-2.99,-0.174,61.1,38.9,0,0,4.9,7.9,4.9,7.86,-2.96,0.27,0.44,7.9
2025,294,Xavier Legette,CAR,WR,1,12,SF,16.666666666666664,18.181818181818183,69.8,10,76.9,4,30.8,1.9,0.4,13.5,54,30.9,19,30.2,4.75,9.5,2,50,0,0,0,0,0,0.03,0,0,0,0,2,0.2,63.5,2,28.6,0,0,4,100,0,0,1,25,0,0,0,0,0,0,40,-4.8,0.239,70,30,0,0,3.9,10.2,3.9,10.22,-6.32,0.39,1.02,10.2
2025,295,Theo Johnson,NYG,TE,1,7,DEN,11.627906976744185,50,87,5,100,2,40,3.8,0.4,6.5,13,12.7,19,45.2,9.5,19,1,50,15,15,2,2,0,0.04,0,0,0,0,1,0.2,43.8,1,50,0,0,1,50,0,0,0,0,0,0,0,0,0,0,40,2.84,-1.14,60,20,0,20,2.9,2,2.9,2.05,0.85,0.58,0.41,2
2025,296,Troy Franklin,DEN,WR,1,7,NYG,24.285714285714285,21.21212121212121,61.8,17,77.3,7,31.8,1.12,0.41,19.71,138,45.4,19,12.3,2.71,6.33,3,42.9,0,0,1,0.33,1,0.56,100,3,1,1,2,0.118,89.9,5,33.3,0,0,3,42.9,3,0,0,0,2,2,100,1,0,0,41.2,-7.22,-0.228,52.9,47.1,0,0,10.9,6.5,10.9,6.53,4.37,0.64,0.38,6.5
2025,297,Jordan Watkins,SF,WR,1,9,NYG,66.66666666666666,100,12.3,2,25,1,12.5,9.5,0.5,19,19,21.6,19,19.8,19,19,1,100,0,0,0,0,0,0,0,0,0,0,1,0.5,118.8,0,0,0,0,1,100,0,0,0,0,1,1,100,0,0,0,50,7.07,2.261,100,0,0,0,2.9,1.4,2.9,1.38,1.52,1.45,0.69,1.4
2025,298,Harold Fannin,CLV,TE,1,8,NE,14.285714285714285,14.285714285714285,73.1,5,62.5,1,12.5,3.8,0.2,2,2,3.2,19,43.2,19,19,1,100,17,17,3,3,0,0,0,0,0,0,1,0.2,118.8,0,0,0,0,1,100,0,0,0,0,0,0,0,0,0,0,20,12.63,2.792,20,40,40,0,2.9,1.7,2.9,1.67,1.23,0.58,0.33,1.7
2025,299,Travis Kelce,KC,TE,1,12,IND,27.27272727272727,28.57142857142857,86.8,12,70.6,2,11.8,1.5,0.17,5.5,11,6.8,18,16.2,9,9,2,100,7,3.5,3,1.5,0,0.05,0,1,0,0,1,0.083,104.2,1,7.1,0,0,2,100,0,0,0,0,0,0,0,0,0,0,12.5,1.98,0.521,25,58.3,16.7,0,3.8,3.7,3.8,3.68,0.12,0.32,0.31,3.7
2025,300,Tyler Lockett,TEN,WR,1,7,NE,13.333333333333334,25,0,4,40,2,20,4.5,0.5,4,8,10.1,18,19.1,9,9,2,100,10,5,0,0,0,0,0,0,0,0,1,0.25,104.2,0,0,0,0,2,100,0,0,0,0,0,0,0,0,0,0,50,3.09,0.357,50,50,0,0,3.8,3.4,3.8,3.44,0.36,0.95,0.86,3.4
2025,301,Kalif Raymond,DET,WR,1,10,WAS,21.428571428571427,20,54.4,6,46.2,1,7.7,3,0.17,18,18,17,18,9.5,18,18,1,100,0,0,0,0,0,0.03,0,0,0,0,1,0.167,118.8,1,7.7,0,0,1,100,0,0,0,0,0,0,0,0,0,0,16.7,7.1,0.955,33.3,66.7,0,0,2.8,3.2,2.8,3.24,-0.44,0.47,0.54,3.2
2025,302,DJ Moore,CHI,WR,1,11,MIN,14.492753623188406,10.526315789473683,80.8,10,90.9,2,18.2,1.8,0.2,17.5,35,18.8,18,51.4,9,18,1,50,1,1,0,0,0,0.03,0,0,0,0,1,0.1,81.3,2,18.2,0,0,2,100,0,0,1,50,0,0,0,0,0,0,20,-2.28,0.275,40,60,0,0,2.8,6.1,2.8,6.06,-3.26,0.28,0.61,6.1
2025,303,Nick Westbrook-Ikhine,MIA,WR,1,8,ATL,16.129032258064516,33.33333333333333,64.6,5,50,3,30,3.6,0.6,7.67,23,29.1,18,15.4,6,18,1,33.3,4,4,3,3,0,0.03,0,2,0,0,1,0.2,54.9,3,33.3,0,0,2,66.7,0,0,1,33.3,0,0,0,0,0,0,60,-1.4,-0.06,100,0,0,0,2.8,4.4,2.8,4.39,-1.59,0.56,0.88,4.4
2025,304,Bo Melton,GB,WR,1,10,PHI,75,100,36.4,3,23.1,2,15.4,6,0.67,15,30,14,18,31.6,9,18,1,50,1,1,1,1,0,0,0,0,0,0,1,0.333,81.3,1,10,0,0,1,50,0,0,0,0,1,1,100,0,0,0,66.7,-1.29,-0.228,100,0,0,0,2.8,2,2.8,1.97,0.83,0.93,0.66,2
2025,305,Trey McBride,ARZ,TE,1,10,SEA,14.473684210526317,12.5,84.9,11,61.1,1,5.6,1.64,0.09,4,4,2.4,18,24.3,18,18,1,100,14,14,5,5,0,0.01,0,0,0,0,1,0.091,118.8,1,6.3,0,0,1,100,0,0,0,0,0,0,0,0,0,0,7.7,11.93,2.865,9.1,72.7,18.2,0,2.8,1.6,2.8,1.63,1.17,0.25,0.15,1.6
2025,306,Skyy Moore,SF,WR,1,10,LA,33.33333333333333,33.33333333333333,16.7,3,37.5,1,12.5,6,0.33,18,18,16.1,18,21.7,18,18,1,100,0,0,0,0,0,0,0,0,0,0,1,0.333,118.8,0,0,0,0,1,100,0,0,0,0,1,1,100,0,0,0,33.3,7.1,1.196,33.3,66.7,0,0,2.8,1.4,2.8,1.38,1.42,0.93,0.46,1.4
2025,307,Dontayvion Wicks,GB,WR,1,12,MIN,22.22222222222222,14.285714285714285,49.2,6,75,1,12.5,3,0.17,4,4,4.1,18,24,18,18,1,100,14,14,6,6,0,0,0,1,0,0,1,0.167,118.8,1,16.7,0,0,1,100,0,0,0,0,0,0,0,0,0,0,16.7,11.95,2.005,16.7,83.3,0,0,2.8,1.6,2.8,1.61,1.19,0.47,0.27,1.6
2025,308,Michael Wilson,ARZ,WR,1,7,GB,12.195121951219512,5,80,10,83.3,2,16.7,1.8,0.2,10.5,21,10.4,18,11.8,9,18,1,50,0,0,0,0,0,0,0,1,0,0,1,0.1,81.3,2,18.2,0,0,1,50,0,0,0,0,1,1,100,0,0,0,20,0.83,0.604,50,50,0,0,2.8,1.5,2.8,1.46,1.34,0.28,0.15,1.5
2025,309,Josh Downs,IND,WR,1,9,PIT,48.717948717948715,80,68.9,19,76,4,16,0.95,0.21,4,16,4.8,18,7.9,4.5,9,2,50,3,1.5,1,0.5,1,0.91,100,1,1,1,2,0.105,95.8,4,16.7,0,0,2,50,0,0,0,0,0,0,0,0,0,0,20,-1.48,0.285,26.3,68.4,0,5.3,9.8,8.3,9.8,8.29,1.51,0.52,0.44,8.3
2025,310,Xavier Worthy,KC,WR,1,9,BUF,17.391304347826086,20,84.2,8,88.9,4,44.4,2.25,0.5,29.5,118,51.5,18,15,4.5,18,1,25,0,0,0,0,0,0,0,0,0,0,1,0.125,6.3,4,57.1,0,0,1,25,2,0,0,0,0,0,0,0,0,0,50,-8.64,-0.564,50,50,0,0,2.8,3,2.8,2.99,-0.19,0.35,0.37,3
2025,311,Ladd McConkey,LAC,WR,1,10,PIT,13.725490196078432,14.285714285714285,69.6,7,50,2,14.3,2.57,0.29,11,22,38.6,18,25,9,18,1,50,1,1,1,1,0,0.24,0,1,0,0,1,0.143,81.3,2,15.4,0,0,2,100,0,0,1,50,0,0,0,0,0,0,18.2,-0.01,0.087,28.6,71.4,0,0,2.8,6.1,2.8,6.1,-3.3,0.4,0.87,6.1
2025,312,Kyle Williams,NE,WR,1,12,CIN,4.761904761904762,14.285714285714285,7.5,1,10,1,10,18,1,5,5,5.6,18,26.1,18,18,1,100,13,13,4,4,0,0,0,0,0,0,1,1,118.8,0,0,0,0,1,100,0,0,0,0,0,0,0,0,0,0,100,11.64,1.422,100,0,0,0,2.8,1.8,2.8,1.82,0.98,2.8,1.82,1.8
2025,313,Tez Johnson,TB,WR,1,12,LA,16.417910447761194,17.647058823529413,85.1,11,73.3,3,20,1.64,0.27,10.67,32,21.5,18,29.5,6,9,2,66.7,1,0.5,1,0.5,1,0.43,100,1,1,1,2,0.182,122.2,2,20,0,0,3,100,0,0,0,0,2,1,50,0,0,0,27.3,-2.29,0.455,72.7,27.3,0,0,9.8,6,9.8,5.98,3.82,0.89,0.54,6
2025,314,Chimere Dike,TEN,WR,1,7,NE,18.181818181818183,14.285714285714285,56.9,6,60,1,10,3,0.17,18,18,22.8,18,19.1,18,18,1,100,0,0,0,0,0,0,0,0,0,0,1,0.167,118.8,0,0,0,0,1,100,0,0,0,0,1,1,100,0,0,0,16.7,7.1,1.516,33.3,66.7,0,0,2.8,2,2.8,2.01,0.79,0.47,0.34,2
2025,315,Stefon Diggs,NE,WR,1,9,ATL,7.4074074074074066,10,60.3,4,66.7,2,33.3,4.25,0.5,4,8,17.8,17,65.4,8.5,8.5,2,100,9,4.5,0,0,1,0.46,100,1,0,0,1,0.25,141.7,1,25,0,0,2,100,0,0,0,0,0,0,0,0,1,0.5,50,2.36,1.51,50,50,0,0,9.7,6.3,9.7,6.33,3.37,2.42,1.58,6.3
2025,316,Robbie Chosen,WAS,WR,1,10,DET,30.76923076923077,50,25.5,4,57.1,4,57.1,4.25,1,21.75,87,66.9,17,22.7,4.25,17,1,25,0,0,0,0,0,0.06,0,0,0,0,1,0.25,44.8,4,66.7,0,0,3,75,2,0,0,0,2,0,0,0,0,0,100,-6.67,-0.427,100,0,0,0,2.7,6,2.7,5.95,-3.25,0.68,1.49,6
2025,317,Evan Engram,DEN,TE,1,7,NYG,27.906976744186046,50,53.9,12,54.5,2,9.1,1.42,0.17,0.5,1,0.3,17,11,8.5,8.5,2,100,16,8,1,0.5,0,0,0,0,0,0,0,0,102.1,0,0,0,0,2,100,0,0,0,0,0,0,0,0,0,0,13.3,2.97,-0.263,25,41.7,33.3,0,3.7,3.2,3.7,3.24,0.46,0.31,0.27,3.2
2025,318,DJ Moore,CHI,WR,1,7,NO,13.043478260869565,15.789473684210526,86.6,9,81.8,3,27.3,1.89,0.33,10,30,27.8,17,45.9,5.67,8.5,2,66.7,2,1,0,0,0,0.01,0,1,1,0,1,0.111,81.3,3,37.5,0,0,2,66.7,0,0,0,0,0,0,0,0,0,0,30,-2.6,-0.289,55.6,33.3,0,11.1,3.7,4.3,3.7,4.25,-0.55,0.41,0.47,4.3
2025,319,Greg Dortch,ARZ,WR,1,11,SF,33.33333333333333,33.33333333333333,66.2,16,80,1,5,1.06,0.06,-2,-2,-1,17,9.3,17,17,1,100,19,19,3,3,0,0.01,0,0,0,0,1,0.063,118.8,1,6.3,1,100,1,100,0,0,0,0,0,0,0,0,1,1,6.3,11.5,1.419,6.3,93.8,0,0,2.7,1.6,2.7,1.56,1.14,0.17,0.1,1.6
2025,320,Nick Westbrook-Ikhine,MIA,WR,1,9,BLT,29.03225806451613,22.22222222222222,67.7,9,69.2,2,15.4,1.89,0.22,7.5,15,13.3,17,13.9,8.5,17,1,50,7,7,5,5,0,0,0,0,0,0,1,0.111,79.2,1,9.1,0,0,2,100,0,0,1,50,1,1,100,0,0,0,20,1.57,-0.199,33.3,66.7,0,0,2.7,3.2,2.7,3.17,-0.47,0.3,0.35,3.2
2025,321,Darnell Mooney,ATL,WR,1,10,IND,20,36.36363636363637,90,14,87.5,8,50,1.21,0.57,11.75,94,49.5,17,19.5,2.13,17,1,12.5,4,4,0,0,0,0.01,0,0,0,0,1,0.071,39.6,7,53.8,0,0,3,37.5,1,0,1,12.5,1,0,0,0,0,0,53.3,-6.47,-0.409,64.3,35.7,0,0,2.7,5.9,2.7,5.9,-3.2,0.19,0.42,5.9
2025,322,Jerry Jeudy,CLV,WR,1,7,MIA,15.555555555555555,16.666666666666664,67.9,7,87.5,4,50,2.43,0.57,10.75,43,74.1,17,39.5,4.25,8.5,2,50,9,4.5,1,0.5,0,0,0,1,0,0,1,0.143,61.5,4,57.1,1,25,2,50,1,0,0,0,1,1,100,0,0,0,57.1,-3.51,-0.278,85.7,0,14.3,0,3.7,2.6,3.7,2.61,1.09,0.53,0.37,2.6
2025,323,Christian Watson,GB,WR,1,11,NYG,18.181818181818183,13.333333333333334,80.4,8,72.7,2,18.2,2.13,0.25,11,22,14.6,17,29.8,8.5,8.5,2,100,2,1,1,0.5,1,0.92,100,1,1,1,2,0.25,141.7,2,25,0,0,2,100,0,0,0,0,1,1,100,0,0,0,25,-0.16,1.409,75,25,0,0,9.7,9,9.7,9.04,0.66,1.21,1.13,9
2025,324,Casey Washington,ATL,WR,1,7,SF,100,100,16.7,2,13.3,2,13.3,8.5,1,17.5,35,15.4,17,13.2,8.5,17,1,50,0,0,0,0,0,0,0,0,0,0,1,0.5,79.2,1,7.7,0,0,1,50,0,0,0,0,0,0,0,0,0,0,100,-2.78,0.741,100,0,0,0,2.7,2.7,2.7,2.75,-0.05,1.35,1.37,2.7
2025,325,Roman Wilson,PIT,WR,1,11,CIN,16.666666666666664,15.384615384615385,56.7,5,50,2,20,3.4,0.4,9.5,19,29.7,17,22.7,8.5,17,1,50,2,2,0,0,0,0.38,0,1,0,0,1,0.2,79.2,2,25,0,0,2,100,0,0,1,50,1,0,0,0,0,0,40,0.27,1.071,100,0,0,0,2.7,6,2.7,6.01,-3.31,0.54,1.2,6
2025,326,Keon Coleman,BUF,WR,1,9,KC,20.833333333333336,15.384615384615385,67.2,5,83.3,2,33.3,3.4,0.4,4.5,9,50,17,18.1,8.5,8.5,2,100,8,4,1,0.5,0,0.01,0,0,0,0,1,0.2,102.1,1,33.3,0,0,2,100,0,0,0,0,0,0,0,0,0,0,40,2.29,0.36,80,20,0,0,3.7,3.5,3.7,3.53,0.17,0.74,0.71,3.5
2025,327,Rome Odunze,CHI,WR,1,11,MIN,12.857142857142856,15.151515151515152,75.3,9,81.8,5,45.5,1.89,0.56,22.8,114,61.3,17,48.6,3.4,17,1,20,11,11,11,11,0,0,0,1,1,0,1,0.111,41.3,5,45.5,0,0,1,20,3,0,0,0,1,1,100,0,0,0,55.6,-7.37,-0.063,77.8,22.2,0,0,2.7,1.1,2.7,1.11,1.59,0.3,0.12,1.1
2025,328,Malachi Corley,CLV,WR,1,7,MIA,18.181818181818183,33.33333333333333,24.5,2,25,1,12.5,8.5,0.5,1,1,1.7,17,39.5,17,17,1,100,16,16,1,1,0,0,0,0,0,0,1,0.5,118.8,1,14.3,1,100,1,100,0,0,0,0,0,0,0,0,1,1,25,11.88,1.818,50,50,0,0,2.7,1.6,2.7,1.62,1.08,1.35,0.81,1.6
2025,329,Luther Burden,CHI,WR,1,12,PIT,21.73913043478261,33.33333333333333,50.8,5,35.7,3,21.4,3.4,0.6,11.67,35,23.6,17,25.4,5.67,17,1,33.3,3,3,2,2,0,0,0,0,0,0,1,0.2,53.5,2,18.2,0,0,1,33.3,0,0,0,0,0,0,0,0,0,0,50,-3.05,0.034,60,40,0,0,2.7,2.6,2.7,2.56,0.14,0.54,0.51,2.6
2025,330,Mason Taylor,NYJ,TE,1,11,NE,11.11111111111111,33.33333333333333,75.4,4,57.1,2,28.6,4.25,0.5,7.5,15,14.6,17,63,8.5,8.5,2,100,2,1,1,0.5,0,0,0,0,0,0,0,0,102.1,1,16.7,0,0,2,100,0,0,0,0,1,1,100,0,0,0,50,1.38,0.368,50,25,25,0,3.7,3.2,3.7,3.21,0.49,0.93,0.8,3.2
2025,331,Adam Thielen,MIN,WR,1,10,BLT,33.33333333333333,50,13.1,4,23.5,2,11.8,4,0.5,5,10,3.7,16,18.2,8,8,2,100,6,3,3,1.5,0,0,0,0,0,0,0,0,100,1,9.1,0,0,2,100,0,0,0,0,0,0,0,0,0,0,50,1.64,0.224,75,25,0,0,3.6,3.5,3.6,3.54,0.06,0.9,0.88,3.5
2025,332,DeAndre Hopkins,BLT,WR,1,10,MIN,29.411764705882355,25,27.3,5,50,2,20,3.2,0.4,6,12,17.1,16,19.8,8,8,2,100,4,2,2,1,0,0.02,0,0,0,0,0,0,100,2,25,0,0,2,100,0,0,0,0,1,1,100,0,0,0,40,1.05,0.57,40,60,0,0,3.6,3.2,3.6,3.19,0.41,0.72,0.64,3.2
2025,333,Brandin Cooks,NO,WR,1,9,LA,30.303030303030305,66.66666666666666,57.5,10,83.3,2,16.7,1.6,0.2,5,10,6.5,16,12.4,8,8,2,100,6,3,7,3.5,0,0,0,0,0,0,1,0.1,100,2,18.2,0,0,2,100,0,0,0,0,1,1,100,0,0,0,20,1.64,1.145,70,30,0,0,3.6,2.8,3.6,2.8,0.8,0.36,0.28,2.8
2025,334,DJ Moore,CHI,WR,1,9,CIN,13.043478260869565,15.789473684210526,84.2,9,81.8,3,27.3,1.78,0.33,18.33,55,39,16,20.5,5.33,16,1,33.3,8,8,1,1,0,0,0,0,1,0,1,0.111,52.1,2,25,0,0,1,33.3,1,0,0,0,0,0,0,0,0,0,30,-3.56,-0.137,77.8,22.2,0,0,6.7,6,6.68,5.96,0.72,0.29,0.22,2
2025,335,David Sills,ATL,WR,1,12,NO,12.76595744680851,50,69.1,6,75,3,37.5,2.67,0.5,9,27,27.3,16,17.8,5.33,8,2,66.7,1,0.5,0,0,1,0.99,50,1,1,1,1,0.167,119.4,2,40,0,0,2,66.7,0,0,0,0,0,0,0,0,0,0,50,-2.47,0.908,66.7,33.3,0,0,9.6,9.6,9.6,9.56,0.04,1.6,1.59,9.6
2025,336,Nick Westbrook-Ikhine,MIA,WR,1,7,CLV,38.70967741935484,44.44444444444444,75.4,12,80,4,26.7,1.33,0.33,3.5,14,8,16,18.6,4,5.33,3,75,6,2,3,1,0,0.01,0,0,0,0,1,0.083,81.3,3,23.1,1,25,3,75,0,0,0,0,0,0,0,0,0,0,30.8,-2.25,-0.178,50,50,0,0,4.6,5.2,4.6,5.17,-0.57,0.38,0.43,5.2
2025,337,Keenan Allen,LAC,WR,1,11,JAX,19.148936170212767,14.285714285714285,73.3,9,69.2,3,23.1,1.67,0.33,4.67,14,9.7,15,18.5,5,7.5,2,66.7,6,3,1,0.5,0,0.02,0,0,0,0,0,0,78.5,3,30,0,0,3,100,0,0,0,0,1,0,0,0,1,0.5,30,-1.26,-0.202,55.6,44.4,0,0,3.5,4.8,3.5,4.8,-1.3,0.39,0.53,4.8
2025,338,Tyler Lockett,LV,WR,1,11,DAL,26.666666666666668,12.5,44.8,8,50,1,6.3,1.88,0.13,8,8,5.8,15,14.4,15,15,1,100,7,7,2,2,0,0,0,0,0,0,1,0.125,118.8,1,7.1,0,0,1,100,0,0,0,0,0,0,0,0,0,0,12.5,7.49,1.9,25,75,0,0,2.5,2,2.5,2.04,0.46,0.31,0.25,2
2025,339,Kalif Raymond,DET,WR,1,7,TB,14.285714285714285,40,41.5,4,57.1,2,28.6,3.75,0.5,4,8,9.9,15,38.5,7.5,7.5,2,100,7,3.5,3,1.5,0,0.02,0,0,0,0,0,0,97.9,0,0,0,0,2,100,0,0,0,0,0,0,0,0,0,0,50,1.45,-0.199,50,50,0,0,3.5,3.4,3.5,3.38,0.12,0.88,0.84,3.4
2025,340,Dawson Knox,BUF,TE,1,8,CAR,15.625,50,41.7,5,41.7,1,8.3,3,0.2,14,14,17.9,15,13.3,15,15,1,100,1,1,1,1,0,0.06,0,0,0,0,0,0,118.8,0,0,0,0,1,100,0,0,0,0,1,1,100,0,0,0,16.7,4.72,1.321,20,0,80,0,2.5,1.7,2.5,1.67,0.83,0.5,0.33,1.7
2025,341,Darnell Mooney,ATL,WR,1,9,NE,20,4.545454545454546,100,14,100,1,7.1,1.07,0.07,15,15,8.2,15,11.9,15,15,1,100,0,0,0,0,0,0,0,0,0,0,1,0.071,118.8,1,10,0,0,1,100,0,0,0,0,1,1,100,0,0,0,7.1,4.59,0.644,64.3,35.7,0,0,2.5,1.9,2.5,1.89,0.61,0.18,0.13,1.9
2025,342,Tim Jones,JAX,WR,1,9,LV,100,100,19.5,2,13.3,1,6.7,7.5,0.5,4,4,2.1,15,9.8,15,15,1,100,11,11,9,9,0,0,0,0,0,0,1,0.5,118.8,1,6.7,0,0,1,100,0,0,0,0,0,0,0,0,2,2,33.3,8.95,1.075,50,50,0,0,2.5,1.7,2.5,1.72,0.78,1.25,0.86,1.7
2025,343,Rashod Bateman,BLT,WR,1,8,CHI,26.08695652173913,25,78,6,75,2,25,2.5,0.33,11.5,23,25.8,15,27.3,7.5,15,1,50,0,0,0,0,0,0,0,1,0,0,0,0,75,1,16.7,0,0,1,50,0,0,0,0,1,1,100,1,0,0,33.3,-1.46,0.043,83.3,16.7,0,0,2.5,1.4,2.5,1.42,1.08,0.42,0.24,1.4
2025,344,Jaylen Waddle,MIA,WR,1,7,CLV,20,14.814814814814813,75.4,8,53.3,4,26.7,1.88,0.5,23.5,94,53.7,15,17.4,3.75,15,1,25,1,1,0,0,0,0.26,0,0,1,0,1,0.125,42.7,3,23.1,0,0,2,50,2,0,1,25,0,0,0,0,0,0,50,-7.42,-0.126,87.5,12.5,0,0,2.5,6.5,2.5,6.46,-3.96,0.31,0.81,6.5
2025,345,Calvin Austin,PIT,WR,1,8,GB,30.76923076923077,16.666666666666664,78.9,12,85.7,2,14.3,1.25,0.17,2.5,5,2.8,15,9.7,7.5,7.5,2,100,10,5,3,1.5,0,0.02,0,0,0,0,0,0,97.9,2,22.2,1,50,2,100,0,0,0,0,0,0,0,0,0,0,16.7,1.22,0.265,33.3,66.7,0,0,3.5,3.7,3.5,3.66,-0.16,0.29,0.31,3.7
2025,346,Jake Ferguson,DAL,TE,1,7,WAS,10.9375,33.33333333333333,64.5,7,70,1,10,2.14,0.14,13,13,9.1,15,13.5,15,15,1,100,2,2,1,1,0,0.03,0,0,0,0,1,0.143,118.8,1,12.5,0,0,1,100,0,0,0,0,0,0,0,0,0,0,11.1,5.04,2.483,14.3,14.3,71.4,0,2.5,2.7,2.5,2.66,-0.16,0.36,0.38,2.7
2025,347,Darnell Washington,PIT,TE,1,10,LAC,16.666666666666664,16.666666666666664,50,4,30.8,1,7.7,3.75,0.25,13,13,10.3,15,17,15,15,1,100,2,2,1,1,0,0,0,0,0,0,1,0.25,118.8,1,9.1,0,0,1,100,0,0,0,0,1,1,100,0,0,0,25,5.04,1.429,25,0,75,0,2.5,1.9,2.5,1.87,0.63,0.63,0.47,1.9
2025,348,Kayshon Boutte,NE,WR,1,12,CIN,26.47058823529412,22.22222222222222,80.6,9,90,2,20,1.67,0.22,6.5,13,14.4,15,21.7,7.5,7.5,2,100,2,1,2,1,0,0,0,0,0,0,1,0.111,97.9,1,12.5,0,0,2,100,0,0,0,0,1,1,100,0,0,0,22.2,0.49,0.617,100,0,0,0,3.5,3.1,3.5,3.08,0.42,0.39,0.34,3.1
2025,349,Nate Adkins,DEN,TE,1,7,NYG,80,50,32.9,4,18.2,1,4.5,3.75,0.25,4,4,1.3,15,9.7,15,15,1,100,11,11,4,4,0,0,0,0,0,0,1,0.25,118.8,0,0,0,0,1,100,0,0,0,0,0,0,0,0,0,0,20,8.93,1.361,25,0,75,0,2.5,1.7,2.5,1.69,0.81,0.63,0.42,1.7
2025,350,Jordan Addison,MIN,WR,1,8,LAC,17.391304347826086,8.333333333333332,85.1,12,80,2,13.3,1.25,0.17,15,30,21.4,15,14.6,7.5,15,1,50,1,1,0,0,0,0,0,0,0,0,1,0.083,75,0,0,0,0,1,50,0,0,0,0,0,0,0,0,0,0,14.3,-2.45,0.119,75,25,0,0,2.5,2.6,2.5,2.57,-0.07,0.21,0.21,2.6
2025,351,Luke McCaffrey,WAS,WR,1,8,KC,36.36363636363637,66.66666666666666,50,4,40,2,20,3.75,0.5,8.5,17,16.7,15,18.8,7.5,7.5,2,100,-2,-1,-1,-0.5,0,0,0,0,0,0,1,0.25,97.9,1,14.3,1,50,2,100,0,0,0,0,1,1,100,1,0,0,33.3,-1.35,-0.176,75,25,0,0,3.5,3.4,3.5,3.42,0.08,0.88,0.86,3.4
2025,352,Xavier Weaver,ARZ,WR,1,11,SF,53.125,50,71.8,17,85,2,10,0.88,0.12,4.5,9,4.3,15,8.2,7.5,7.5,2,100,6,3,1,0.5,0,0.02,0,1,0,0,0,0,97.9,1,6.3,0,0,2,100,0,0,0,0,0,0,0,0,0,0,11.8,1.29,-0.154,82.4,17.6,0,0,3.5,3.4,3.5,3.4,0.1,0.21,0.2,3.4
2025,353,Xavier Worthy,KC,WR,1,7,LV,15.217391304347828,10,57.1,7,58.3,2,16.7,2.14,0.29,8,16,25,15,14.4,7.5,15,1,50,3,3,0,0,0,0.14,0,1,0,0,1,0.143,75,2,20,0,0,1,50,0,0,0,0,0,0,0,0,0,0,25,-0.05,0.352,42.9,57.1,0,0,2.5,3,2.5,3,-0.5,0.36,0.43,3
2025,354,Xavier Worthy,KC,WR,1,8,WAS,15.217391304347828,20,83.6,7,87.5,4,50,2.14,0.57,6,24,43.6,15,23.4,3.75,7.5,2,50,23,11.5,2,1,0,0.05,0,1,0,0,1,0.143,59.4,4,66.7,2,50,3,75,0,0,0,0,1,0,0,0,0,0,57.1,-3.7,0.088,85.7,14.3,0,0,3.5,5,3.5,4.96,-1.46,0.5,0.71,5
2025,355,Harold Fannin,CLV,TE,1,10,NYJ,31.428571428571427,28.57142857142857,67.1,11,78.6,2,14.3,1.36,0.18,8.5,17,13,15,16.9,7.5,15,1,50,3,3,1,1,0,0,0,0,0,0,0,0,75,1,7.7,0,0,2,100,0,0,0,0,1,0,0,0,0,0,16.7,-0.07,-0.312,18.2,36.4,45.5,0,2.5,3.1,2.5,3.08,-0.58,0.23,0.28,3.1
2025,356,DeAndre Hopkins,BLT,WR,1,8,CHI,11.76470588235294,12.5,37.3,2,25,1,12.5,7,0.5,12,12,13.5,14,25.5,14,14,1,100,2,2,0,0,0,0.01,0,0,0,0,1,0.5,118.8,1,16.7,0,0,1,100,0,0,0,0,0,0,0,0,0,0,50,4.95,1.846,50,50,0,0,2.4,1.6,2.4,1.65,0.75,1.2,0.82,1.6
2025,357,Stefon Diggs,NE,WR,1,8,CLV,16.666666666666664,20,49.2,9,52.9,4,23.5,1.56,0.44,5.25,21,10.3,14,7.3,3.5,4.67,3,75,4,1.33,1,0.33,1,1.66,50,2,0,0,1,0.111,79.2,3,18.8,0,0,3,75,0,0,0,0,0,0,0,0,0,0,44.4,-3.34,-0.5,66.7,33.3,0,0,10.4,14.4,10.4,14.4,-4,1.16,1.6,14.4
2025,358,Demarcus Robinson,SF,WR,1,10,LA,18.181818181818183,40,43.3,6,75,2,25,2.33,0.33,23,46,41.1,14,16.9,7,14,1,50,0,0,0,0,0,0,0,0,0,0,1,0.167,72.9,1,25,0,0,1,50,1,0,0,0,1,1,100,0,0,0,33.3,-2.89,-0.329,83.3,16.7,0,0,2.4,1.9,2.4,1.85,0.55,0.4,0.31,1.9
2025,359,Kendrick Bourne,SF,WR,1,7,ATL,26.923076923076923,33.33333333333333,77.3,7,87.5,2,25,2,0.29,7,14,17.7,14,40,7,7,2,100,0,0,2,1,0,0.01,0,0,0,0,1,0.143,95.8,1,16.7,0,0,2,100,0,0,0,0,0,0,0,0,0,0,28.6,0.23,0.932,57.1,42.9,0,0,3.4,4,3.4,3.97,-0.57,0.49,0.57,4
2025,360,Dante Pettis,NO,WR,1,12,ATL,100,100,7.7,3,17.6,1,5.9,4.67,0.33,15,15,6.4,14,13.6,14,14,1,100,-1,-1,0,0,0,0,0,0,0,0,0,0,118.8,1,6.7,0,0,1,100,0,0,0,0,0,0,0,0,0,0,33.3,3.59,-1.826,33.3,66.7,0,0,2.4,2.6,2.4,2.57,-0.17,0.8,0.86,2.6
2025,361,Olamide Zaccheaus,CHI,WR,1,9,CIN,13.043478260869565,7.6923076923076925,65.8,6,54.5,1,9.1,2.33,0.17,11,11,7.8,14,17.9,14,14,1,100,3,3,1,1,0,0,0,0,0,0,1,0.167,118.8,0,0,0,0,1,100,0,0,0,0,0,0,0,0,0,0,16.7,5.68,0.914,50,50,0,0,2.4,2.3,2.4,2.28,0.12,0.4,0.38,2.3
2025,362,T.J. Hockenson,MIN,TE,1,8,LAC,24,66.66666666666666,80.9,12,80,2,13.3,1.17,0.17,6,12,8.6,14,13.6,7,14,1,50,7,7,3,3,0,0.01,0,0,0,0,1,0.083,72.9,1,10,0,0,1,50,0,0,0,0,0,0,0,0,0,0,14.3,0.11,-0.122,33.3,25,41.7,0,2.4,1.8,2.4,1.79,0.61,0.2,0.15,1.8
2025,363,Darius Slayton,NYG,WR,1,9,SF,30.434782608695656,26.666666666666668,89.3,7,100,4,57.1,2,0.57,13.75,55,72.4,14,56,3.5,7,2,50,4,2,2,1,0,0.2,0,1,2,0,0,0,58.3,4,66.7,0,0,3,75,1,0,0,0,2,1,50,0,0,0,57.1,-4.98,-0.081,57.1,42.9,0,0,3.4,5.2,3.4,5.22,-1.82,0.49,0.75,5.2
2025,364,Treylon Burks,WAS,WR,1,9,SEA,33.33333333333333,25,51.6,2,40,1,20,7,0.5,16,16,34.8,14,50,14,14,1,100,-2,-2,0,0,0,0.02,0,0,0,0,1,0.5,118.8,0,0,0,0,1,100,0,0,0,0,0,0,0,0,0,0,50,3.9,0.825,100,0,0,0,2.4,2.7,2.4,2.75,-0.35,1.2,1.37,2.7
2025,365,Calvin Austin,PIT,WR,1,10,LAC,28.205128205128204,33.33333333333333,74,11,84.6,4,30.8,1.27,0.36,5.5,22,17.5,14,15.9,3.5,7,2,50,2,1,1,0.5,0,0,0,0,0,0,0,0,18.8,3,27.3,0,0,3,75,0,0,1,25,2,2,100,0,0,0,33.3,-3.16,-1.867,36.4,63.6,0,0,3.4,4.1,3.4,4.05,-0.65,0.31,0.37,4.1
2025,366,Calvin Austin,PIT,WR,1,9,IND,7.6923076923076925,16.666666666666664,55.7,3,27.3,2,18.2,4.67,0.67,13,26,41.3,14,25,7,14,1,50,11,11,4,4,0,0.02,0,0,0,0,0,0,72.9,2,18.2,1,50,1,50,1,0,0,0,0,0,0,0,0,0,66.7,-0.83,0.046,100,0,0,0,2.4,1.7,2.4,1.65,0.75,0.8,0.55,1.7
2025,367,Jalin Hyatt,NYG,WR,1,11,GB,85.71428571428571,75,62.3,12,70.6,3,17.6,1.17,0.25,24.67,74,40.2,14,11.9,4.67,14,1,33.3,-1,-1,-1,-1,0,0.01,0,1,1,0,1,0.083,9.7,2,18.2,0,0,1,33.3,1,0,0,0,0,0,0,0,0,0,21.4,-7.44,-0.974,66.7,33.3,0,0,2.4,2.7,2.4,2.71,-0.31,0.2,0.23,2.7
2025,368,Rome Odunze,CHI,WR,1,12,PIT,12.857142857142856,15.151515151515152,77,9,64.3,5,35.7,1.56,0.56,13,65,43.9,14,20.9,2.8,14,1,20,1,1,1,1,0,0.01,0,0,0,0,1,0.111,39.6,4,36.4,0,0,2,40,1,0,1,20,1,1,100,0,0,0,45.5,-6.17,-0.173,77.8,22.2,0,0,2.4,3.6,2.4,3.6,-1.2,0.27,0.4,3.6
2025,369,Elic Ayomanor,TEN,WR,1,8,IND,30.555555555555557,15.384615384615385,94,11,84.6,2,15.4,1.27,0.18,8,16,16,14,29.8,7,14,1,50,10,10,5,5,0,0.01,0,0,0,0,1,0.091,72.9,1,20,0,0,2,100,0,0,1,50,0,0,0,0,0,0,16.7,-0.55,0.086,63.6,36.4,0,0,2.4,3.9,2.4,3.87,-1.47,0.22,0.35,3.9
2025,370,Dont'e Thornton,LV,WR,1,12,CLV,23.52941176470588,33.33333333333333,40,4,22.2,2,11.1,3.5,0.5,14.5,29,12,14,11.3,7,14,1,50,0,0,0,0,0,0.01,0,0,0,0,1,0.25,72.9,2,12.5,0,0,1,50,0,0,0,0,2,1,50,0,0,0,33.3,-3.11,0.605,75,25,0,0,2.4,1.8,2.4,1.83,0.57,0.6,0.46,1.8
2025,371,Tre Harris,LAC,WR,1,7,IND,23.809523809523807,20,43.2,5,25,1,5,2.8,0.2,12,12,5.2,14,8.4,14,14,1,100,2,2,0,0,0,0,0,0,0,0,1,0.2,118.8,0,0,0,0,1,100,0,0,0,0,0,0,0,0,0,0,20,4.95,1.782,40,60,0,0,2.4,2.2,2.4,2.24,0.16,0.48,0.45,2.2
2025,372,Travis Kelce,KC,TE,1,9,BUF,18.181818181818183,14.285714285714285,91.2,8,88.9,1,11.1,1.63,0.13,5,5,2.2,13,10.8,13,13,1,100,8,8,3,3,0,0,0,0,0,0,1,0.125,118.8,0,0,0,0,1,100,0,0,0,0,0,0,0,0,0,0,11.1,6.52,1.427,62.5,25,12.5,0,2.3,1.7,2.3,1.72,0.58,0.29,0.22,1.7
2025,373,Demarcus Robinson,SF,WR,1,11,ARZ,21.21212121212121,40,48.1,7,77.8,2,22.2,1.86,0.29,10,20,22.2,13,15.9,6.5,13,1,50,2,2,1,1,0,0.01,0,0,0,0,1,0.143,70.8,1,16.7,0,0,1,50,0,0,0,0,1,1,100,0,0,0,28.6,-1.38,-0.192,42.9,57.1,0,0,2.3,1.8,2.3,1.8,0.5,0.33,0.26,1.8
2025,374,Kendrick Bourne,SF,WR,1,9,NYG,23.076923076923077,16.666666666666664,72.3,6,75,1,12.5,2.17,0.17,13,13,14.8,13,13.5,13,13,1,100,0,0,0,0,0,0,0,0,0,0,1,0.167,118.8,1,14.3,0,0,1,100,0,0,0,0,1,1,100,0,0,0,16.7,4.09,1.007,66.7,33.3,0,0,2.3,1.8,2.3,1.77,0.53,0.38,0.29,1.8
2025,375,Calvin Ridley,TEN,WR,1,11,HST,100,100,1.8,1,10,1,10,13,1,8,8,6.7,13,36.1,13,13,1,100,5,5,1,1,0,0,0,0,0,0,1,1,118.8,1,16.7,0,0,1,100,0,0,0,0,0,0,0,0,0,0,100,5.49,0.841,100,0,0,0,2.3,2,2.3,1.97,0.33,2.3,1.97,2
2025,376,A.J. Brown,PHI,WR,1,10,GB,16.666666666666664,10.344827586206897,76.7,9,100,3,33.3,1.44,0.33,13,39,31.5,13,17.8,4.33,6.5,2,66.7,3,1.5,1,0.5,0,0,0,0,0,0,0,0,75.7,2,25,0,0,2,66.7,1,0,0,0,0,0,0,0,0,0,33.3,-3.65,-0.154,88.9,11.1,0,0,3.3,3.6,3.3,3.62,-0.32,0.37,0.4,3.6
2025,377,Rashod Bateman,BLT,WR,1,9,MIA,30.434782608695656,50,71.4,7,100,4,57.1,1.86,0.57,12.25,49,51.6,13,52,3.25,6.5,2,50,0,0,0,0,1,0.9,100,1,1,1,1,0.143,96.9,3,60,0,0,2,50,1,0,0,0,1,1,100,0,0,0,57.1,-4.85,-0.565,85.7,14.3,0,0,9.3,8.3,9.3,8.35,0.95,1.33,1.19,8.3
2025,378,Ben Skowronek,PIT,WR,1,8,GB,50,100,19.3,2,14.3,1,7.1,6.5,0.5,5,5,2.8,13,8.4,13,13,1,100,8,8,3,3,0,0.01,0,0,0,0,1,0.5,118.8,1,11.1,0,0,1,100,0,0,0,0,0,0,0,0,0,0,33.3,6.64,0.649,50,50,0,0,2.3,1.8,2.3,1.79,0.51,1.15,0.9,1.8
2025,379,Darnell Washington,PIT,TE,1,9,IND,16.666666666666664,50,67.2,4,36.4,3,27.3,3.25,0.75,5.67,17,27,13,23.2,4.33,13,1,33.3,6,6,6,6,0,0.52,0,3,1,0,1,0.25,47.9,3,27.3,0,0,3,100,0,0,1,33.3,1,0,0,0,0,0,33.3,-2.65,-1.039,75,0,25,0,2.3,6.6,2.3,6.58,-4.28,0.57,1.64,6.6
2025,380,Xavier Hutchinson,HST,WR,1,7,SEA,22.916666666666664,23.076923076923077,78.3,11,64.7,3,17.6,1.18,0.27,16.67,50,27.3,13,32.5,4.33,13,1,33.3,3,3,2,2,0,0.01,0,0,0,0,1,0.091,47.9,3,20,0,0,1,33.3,1,0,0,0,0,0,0,0,0,0,27.3,-5.46,-0.366,81.8,18.2,0,0,2.3,2.2,2.3,2.21,0.09,0.21,0.2,2.2
2025,381,Roman Wilson,PIT,WR,1,7,CIN,23.333333333333332,7.6923076923076925,57.4,7,58.3,1,8.3,1.86,0.14,3,3,1.6,13,15.5,13,13,1,100,10,10,4,4,0,0.01,0,0,0,0,1,0.143,118.8,1,9.1,0,0,1,100,0,0,0,0,0,0,0,0,0,0,14.3,7.55,1.671,85.7,14.3,0,0,2.3,1.7,2.3,1.69,0.61,0.33,0.24,1.7
2025,382,Malik Washington,MIA,WR,1,11,WAS,15.789473684210526,10,51.9,6,85.7,1,14.3,2.17,0.17,4,4,4.5,13,25.5,13,13,1,100,9,9,2,2,0,0,0,0,0,0,1,0.167,118.8,1,16.7,0,0,1,100,0,0,0,0,0,0,0,0,1,1,16.7,6.95,2.192,66.7,33.3,0,0,2.3,1.7,2.3,1.73,0.57,0.38,0.29,1.7
2025,383,Ladd McConkey,LAC,WR,1,11,JAX,15.686274509803921,21.428571428571427,60,8,61.5,3,23.1,1.63,0.38,9.33,28,19.3,13,16,4.33,6.5,2,66.7,11,5.5,1,0.5,0,0.01,0,0,0,0,0,0,36.1,2,20,1,33.3,2,66.7,1,0,0,0,0,0,0,0,0,0,37.5,-3.85,-2.236,50,50,0,0,3.3,3.3,3.3,3.25,0.05,0.41,0.41,3.3
2025,384,Hunter Henry,NE,TE,1,12,CIN,12.5,100,79.1,7,70,2,20,1.71,0.29,5.5,11,12.2,12,17.4,6,12,1,50,7,7,4,4,0,0,0,0,0,0,1,0.143,68.8,2,25,0,0,1,50,0,0,0,0,0,0,0,0,0,0,28.6,-0.79,0.07,28.6,28.6,42.9,0,2.2,1.7,2.2,1.73,0.47,0.31,0.25,1.7
2025,385,Cooper Kupp,SEA,WR,1,12,TEN,21.62162162162162,40,76.6,8,88.9,2,22.2,1.5,0.25,7.5,15,15.6,12,23.5,6,12,1,50,-1,-1,0,0,0,0.01,0,0,0,0,1,0.125,68.8,1,12.5,0,0,1,50,0,0,0,0,0,0,0,0,0,0,25,-1.12,0.044,50,50,0,0,2.2,2.5,2.2,2.51,-0.31,0.28,0.31,2.5
2025,386,Braxton Berrios,HST,WR,1,8,SF,37.5,66.66666666666666,29.3,6,42.9,2,14.3,2,0.33,5.5,11,7.4,12,9.6,6,6,2,100,1,0.5,0,0,0,0.01,0,0,0,0,1,0.167,91.7,2,14.3,0,0,2,100,0,0,0,0,0,0,0,0,0,0,33.3,-0.56,0.121,33.3,66.7,0,0,3.2,3.7,3.2,3.7,-0.5,0.53,0.62,3.7
2025,387,Pat Freiermuth,PIT,TE,1,9,IND,11.76470588235294,50,45.9,4,36.4,1,9.1,3,0.25,10,10,15.9,12,21.4,12,12,1,100,2,2,0,0,1,0.92,100,1,0,0,1,0.25,156.3,1,9.1,0,0,1,100,0,0,0,0,0,0,0,0,0,0,16.7,4.23,2.642,25,75,0,0,8.2,7.6,8.2,7.59,0.61,2.05,1.9,7.6
2025,388,Andrei Iosivas,CIN,WR,1,7,PIT,23.18840579710145,15.384615384615385,70.8,16,59.3,2,7.4,0.75,0.13,4.5,9,4,12,5,6,6,2,100,3,1.5,11,5.5,0,0.08,0,1,0,0,0,0,91.7,1,4.8,0,0,2,100,0,0,0,0,1,1,100,0,0,0,9.5,-0.21,-0.01,18.8,81.3,0,0,3.2,3.3,3.2,3.34,-0.14,0.2,0.21,3.3
2025,389,Zay Flowers,BLT,WR,1,9,MIA,18.421052631578945,12.5,82.1,7,100,2,28.6,1.71,0.29,4,8,8.4,12,48,6,6,2,100,4,2,0,0,0,0.28,0,1,0,0,0,0,91.7,1,20,0,0,2,100,0,0,0,0,1,1,100,0,0,0,28.6,-0.09,0.291,71.4,28.6,0,0,3.2,4.4,3.2,4.45,-1.25,0.46,0.64,4.4
2025,390,Tez Johnson,TB,WR,1,8,NO,17.91044776119403,17.647058823529413,71.4,12,85.7,3,21.4,1,0.25,6,18,16.5,12,21.8,4,6,2,66.7,5,2.5,1,0.5,0,0.04,0,0,0,0,1,0.083,74.3,1,9.1,1,33.3,3,100,0,0,1,33.3,1,1,100,0,0,0,23.1,-3.04,-0.334,75,25,0,0,3.2,5.9,3.2,5.89,-2.69,0.27,0.49,5.9
2025,391,Tre Harris,LAC,WR,1,11,JAX,38.095238095238095,20,55.6,8,61.5,1,7.7,1.5,0.13,-3,-3,-2.1,12,14.8,12,12,1,100,15,15,3,3,0,0,0,0,0,0,0,0,116.7,1,10,1,100,1,100,0,0,0,0,0,0,0,0,0,0,12.5,7.06,0.518,37.5,62.5,0,0,2.2,1.6,2.2,1.58,0.62,0.28,0.2,1.6
2025,392,DeAndre Hopkins,BLT,WR,1,11,CLV,29.411764705882355,25,68.3,5,55.6,2,22.2,2.2,0.4,11.5,23,21.5,11,18.3,5.5,11,1,50,2,2,0,0,0,0,0,0,0,0,0,0,66.7,2,33.3,0,0,1,50,0,0,0,0,1,1,100,0,0,0,40,-3.13,0.015,80,20,0,0,2.1,1.4,2.1,1.39,0.71,0.42,0.28,1.4
2025,393,Sterling Shepard,TB,WR,1,7,DET,31.57894736842105,38.46153846153847,63.6,18,75,5,20.8,0.61,0.28,2.8,14,4.7,11,10.7,2.2,2.2,5,100,-3,-0.6,-3,-0.6,0,0.09,0,2,0,0,0,0,79.2,2,13.3,0,0,5,100,0,0,0,0,0,0,0,0,0,0,27.8,-3.23,-1.538,38.9,61.1,0,0,5.1,8.3,5.1,8.34,-3.24,0.34,0.46,8.3
2025,394,Tim Patrick,JAX,WR,1,11,LAC,36.84210526315789,50,56.5,7,63.6,3,27.3,1.57,0.43,7.67,23,17,11,12.6,3.67,5.5,2,66.7,4,2,1,0.5,1,0.96,100,2,1,1,2,0.286,72.9,3,33.3,0,0,3,100,0,0,0,0,2,1,50,0,0,0,42.9,-3.5,-0.99,71.4,28.6,0,0,9.1,8.9,9.1,8.94,0.16,1.3,1.28,8.9
2025,395,Mark Andrews,BLT,TE,1,11,CLV,28.000000000000004,33.33333333333333,60,7,77.8,1,11.1,1.57,0.14,10,10,9.3,11,18.3,11,11,1,100,1,1,1,1,0,0,0,0,0,0,1,0.143,112.5,1,16.7,0,0,1,100,0,0,0,0,0,0,0,0,0,0,14.3,3.23,0.701,14.3,85.7,0,0,2.1,2.1,2.1,2.12,-0.02,0.3,0.3,2.1
2025,396,Jakobi Meyers,JAX,WR,1,10,HST,6.896551724137931,8.333333333333332,41.8,2,40,1,20,5.5,0.5,11,11,13.8,11,61.1,11,11,1,100,0,0,0,0,0,0.01,0,0,0,0,1,0.5,112.5,1,25,0,0,1,100,0,0,0,0,1,1,100,0,0,0,50,2.68,1.456,100,0,0,0,2.1,1.8,2.1,1.76,0.34,1.05,0.88,1.8
2025,397,David Sills,ATL,WR,1,11,CAR,12.76595744680851,16.666666666666664,55.2,6,50,1,8.3,1.83,0.17,12,12,8.5,11,12.5,11,11,1,100,-1,-1,-1,-1,0,0,0,0,0,0,1,0.167,112.5,0,0,0,0,1,100,0,0,0,0,0,0,0,0,0,0,16.7,1.95,0.74,83.3,16.7,0,0,2.1,2.3,2.1,2.28,-0.18,0.35,0.38,2.3
2025,398,Jauan Jennings,SF,WR,1,7,ATL,16.666666666666664,12.5,84.8,7,87.5,3,37.5,1.57,0.43,3,9,11.4,11,31.4,3.67,5.5,2,66.7,1,0.5,1,0.5,0,0.01,0,0,0,0,1,0.143,33.3,3,50,0,0,3,100,0,0,1,33.3,0,0,0,0,0,0,42.9,-2.72,-1.567,57.1,42.9,0,0,3.1,5,3.1,4.97,-1.87,0.44,0.71,5
2025,399,Van Jefferson,TEN,WR,1,12,SEA,17.94871794871795,5.263157894736842,89.7,7,100,1,14.3,1.57,0.14,5,5,11.6,11,14.3,11,11,1,100,6,6,9,9,0,0,0,0,0,0,1,0.143,112.5,1,25,0,0,1,100,0,0,0,0,0,0,0,0,0,0,14.3,4.64,2.62,57.1,42.9,0,0,2.1,1.7,2.1,1.7,0.4,0.3,0.24,1.7
2025,400,Wan'Dale Robinson,NYG,WR,1,9,SF,12.727272727272727,13.636363636363635,100,7,100,3,42.9,1.57,0.43,7,21,27.6,11,44,3.67,5.5,2,66.7,0,0,0,0,0,0,0,0,0,0,0,0,72.9,2,33.3,0,0,3,100,0,0,0,0,1,0,0,0,1,0.5,42.9,-3.15,-0.289,42.9,57.1,0,0,3.1,4.8,3.1,4.79,-1.69,0.44,0.68,4.8
2025,401,Cade Otton,TB,TE,1,7,DET,32.83582089552239,42.857142857142854,97,22,91.7,3,12.5,0.5,0.14,3,9,3.1,11,10.7,3.67,5.5,2,66.7,6,3,3,1.5,0,0.01,0,0,0,0,0,0,33.3,0,0,0,0,3,100,0,0,0,0,2,1,50,0,0,0,12.5,-2.59,-2.321,13.6,54.5,31.8,0,3.1,3.7,3.1,3.69,-0.59,0.14,0.17,3.7
2025,402,Xavier Hutchinson,HST,WR,1,9,DEN,20.833333333333336,23.076923076923077,62.5,10,66.7,3,20,1.1,0.3,9.67,29,15.9,11,9,3.67,5.5,2,66.7,2,1,0,0,0,0.05,0,0,0,0,0,0,72.9,3,21.4,0,0,2,66.7,1,0,0,0,0,0,0,0,0,0,30,-4.09,-0.016,70,30,0,0,3.1,3.7,3.1,3.75,-0.65,0.31,0.37,3.7
2025,403,Brycen Tremayne,CAR,WR,1,11,ATL,40,100,34.7,2,14.3,1,7.1,5.5,0.5,11,11,6.1,11,5.4,11,11,1,100,0,0,0,0,0,0,0,0,0,0,1,0.5,112.5,1,7.7,0,0,1,100,0,0,0,0,0,0,0,0,0,0,50,2.68,0.604,100,0,0,0,2.1,2.3,2.1,2.32,-0.22,1.05,1.16,2.3
2025,404,Cedric Tillman,CLV,WR,1,10,NYJ,37.5,44.44444444444444,72.9,9,64.3,4,28.6,1.22,0.44,12,48,36.6,11,12.4,2.75,5.5,2,50,0,0,0,0,0,0.05,0,1,1,0,0,0,56.3,4,30.8,0,0,2,50,1,0,0,0,1,1,100,0,0,0,40,-5.58,-0.232,66.7,33.3,0,0,3.1,2.8,3.1,2.77,0.33,0.34,0.31,2.8
2025,405,Xavier Legette,CAR,WR,1,8,BUF,15,9.090909090909092,89.8,9,90,2,20,1.22,0.22,8.5,17,16.8,11,13.4,5.5,11,1,50,1,1,1,1,0,0.01,0,0,0,0,1,0.111,66.7,1,14.3,0,0,2,100,0,0,0,0,1,1,100,0,0,0,22.2,-1.78,1.401,66.7,33.3,0,0,2.1,2.9,2.1,2.95,-0.85,0.23,0.33,2.9
2025,406,Jalen Coker,CAR,WR,1,10,NO,15.09433962264151,25,74,8,72.7,2,18.2,1.38,0.25,5,10,7,11,15.5,5.5,5.5,2,100,1,0.5,1,0.5,0,0,0,0,0,0,0,0,89.6,2,25,0,0,2,100,0,0,0,0,0,0,0,0,0,0,25,-0.86,0.16,37.5,62.5,0,0,3.1,3.5,3.1,3.46,-0.36,0.39,0.43,3.5
2025,407,Theo Johnson,NYG,TE,1,11,GB,30.23255813953488,25,91.3,13,76.5,1,5.9,0.85,0.08,11,11,6,11,9.3,11,11,1,100,0,0,0,0,0,0,0,0,0,0,1,0.077,112.5,1,9.1,0,0,1,100,0,0,0,0,1,1,100,0,0,0,6.7,2.26,1.531,7.7,38.5,53.8,0,2.1,1.3,2.1,1.25,0.85,0.16,0.1,1.3
2025,408,Tahj Washington,MIA,WR,1,9,BLT,75,100,12.9,3,23.1,1,7.7,3.67,0.33,5,5,4.4,11,9,11,11,1,100,6,6,1,1,0,0,0,0,0,0,0,0,112.5,1,9.1,0,0,1,100,0,0,0,0,0,0,0,0,0,0,33.3,4.64,-4.937,66.7,33.3,0,0,1.1,1.8,1.1,1.79,-0.69,0.7,0.6,1.8
2025,409,Rome Odunze,CHI,WR,1,7,NO,14.285714285714285,12.121212121212121,94,10,90.9,4,36.4,1.1,0.4,14.5,58,53.7,11,29.7,2.75,11,1,25,3,3,3,3,0,0.05,0,0,0,0,1,0.1,0,2,25,0,0,2,50,1,0,1,25,1,0,0,0,1,1,36.4,-6.54,-0.51,90,10,0,0,2.1,4.4,2.1,4.43,-2.33,0.21,0.44,4.4
2025,410,Elic Ayomanor,TEN,WR,1,11,HST,22.22222222222222,30.76923076923077,84.2,8,80,4,40,1.38,0.5,14.5,58,48.3,11,30.6,2.75,5.5,2,50,8,4,5,2.5,0,0,0,0,0,0,0,0,56.3,2,33.3,1,25,2,50,2,0,0,0,0,0,0,0,0,0,40,-6.4,-0.349,87.5,12.5,0,0,3.1,3.4,3.1,3.35,-0.25,0.39,0.42,3.4
2025,411,Elic Ayomanor,TEN,WR,1,9,LAC,19.444444444444446,23.076923076923077,65.9,7,87.5,3,37.5,1.57,0.43,10,30,26.8,11,30.6,3.67,11,1,33.3,7,7,1,1,0,0.01,0,1,0,0,1,0.143,45.1,2,40,0,0,2,66.7,0,0,1,33.3,0,0,0,0,0,0,42.9,-4.22,-0.514,71.4,28.6,0,0,2.1,3.8,2.1,3.77,-1.67,0.3,0.54,3.8
2025,412,Isaac TeSlaa,DET,WR,1,10,WAS,23.076923076923077,33.33333333333333,27.9,3,23.1,1,7.7,3.67,0.33,11,11,10.4,11,5.8,11,11,1,100,0,0,0,0,0,0.01,0,0,0,0,1,0.333,112.5,1,7.7,0,0,1,100,0,0,0,0,1,1,100,0,0,0,33.3,2.68,0.768,100,0,0,0,2.1,1.2,2.1,1.2,0.9,0.7,0.4,1.2
2025,413,Mason Taylor,NYJ,TE,1,7,CAR,36.11111111111111,33.33333333333333,93.3,13,81.3,2,12.5,0.85,0.15,4,8,2.8,11,12,5.5,11,1,50,8,8,2,2,0,0,0,0,0,0,1,0.077,66.7,2,16.7,0,0,2,100,0,0,1,50,0,0,0,0,0,0,12.5,-0.9,0.261,23.1,30.8,46.2,0,2.1,3.5,2.1,3.47,-1.37,0.16,0.27,3.5
2025,414,Adam Thielen,MIN,WR,1,7,PHI,25,25,11.9,3,16.7,1,5.6,3.33,0.33,8,8,2.8,10,5,10,10,1,100,2,2,0,0,0,0,0,0,0,0,1,0.333,108.3,1,6.3,0,0,1,100,0,0,0,0,1,1,100,0,0,0,33.3,2.49,2.058,33.3,66.7,0,0,2,1.4,2,1.42,0.58,0.67,0.47,1.4
2025,415,Travis Kelce,KC,TE,1,8,WAS,11.363636363636363,14.285714285714285,83.6,5,62.5,1,12.5,2,0.2,12,12,21.8,10,15.6,10,10,1,100,0,0,0,0,1,0.95,50,1,1,1,1,0.2,147.9,0,0,0,0,1,100,0,0,0,0,1,1,100,0,0,0,12.5,1.33,2.084,40,40,20,0,8,7.3,8,7.28,0.72,1.6,1.46,7.3
2025,416,George Kittle,SF,TE,1,9,NYG,15.789473684210526,50,86.2,6,75,1,12.5,1.67,0.17,11,11,12.5,10,10.4,10,10,1,100,-1,-1,-1,-1,0,0.01,0,0,0,0,1,0.167,108.3,1,14.3,0,0,1,100,0,0,0,0,1,1,100,0,0,0,14.3,1.26,1.988,16.7,33.3,50,0,2,1.3,2,1.26,0.74,0.33,0.21,1.3
2025,417,Marquise Brown,KC,WR,1,12,IND,29.166666666666668,14.285714285714285,35.2,7,41.2,1,5.9,1.43,0.14,-2,-2,-1.2,10,9,10,10,1,100,12,12,6,6,0,0.01,0,0,0,0,1,0.143,108.3,0,0,0,0,1,100,0,0,0,0,0,0,0,0,0,0,14.3,4.5,0.754,42.9,57.1,0,0,2,1.6,2,1.58,0.42,0.29,0.23,1.6
2025,418,Cole Kmet,CHI,TE,1,9,CIN,4.3478260869565215,100,25,1,9.1,1,9.1,10,1,5,5,3.5,10,12.8,10,10,1,100,5,5,1,1,0,0,0,0,0,0,1,1,108.3,1,12.5,0,0,1,100,0,0,0,0,0,0,0,0,0,0,33.3,3.52,1.395,100,0,0,0,2,2.4,2,2.37,-0.37,2,1.8,1.8
2025,419,Rashod Bateman,BLT,WR,1,10,MIN,43.47826086956522,25,62.1,10,100,2,20,1,0.2,10,20,28.6,10,12.3,5,10,1,50,6,6,4,4,0,1.44,0,2,1,0,1,0.1,64.6,2,25,0,0,2,100,0,0,1,50,0,0,0,0,0,0,20,-3.07,0.646,100,0,0,0,2,12.1,2,12.11,-10.11,0.2,1.21,12.1
2025,420,Jalen Nailor,MIN,WR,1,10,BLT,23.25581395348837,25,67.2,10,58.8,1,5.9,1,0.1,19,19,7.1,10,11.4,10,10,1,100,0,0,0,0,1,0.5,100,1,1,1,1,0.1,147.9,0,0,0,0,1,100,0,0,0,0,0,0,0,1,0,0,9.1,-1.93,4.235,20,80,0,0,8,3.6,8,3.65,4.35,0.8,0.36,3.6
2025,421,Chig Okonkwo,TEN,TE,1,12,SEA,13.793103448275861,50,63.2,4,57.1,1,14.3,2.5,0.25,4,4,9.3,10,13,10,10,1,100,6,6,0,0,0,0,0,0,0,0,1,0.25,108.3,0,0,0,0,1,100,0,0,0,0,0,0,0,0,1,1,20,3.93,1.164,75,0,25,0,2,1.7,2,1.68,0.32,0.5,0.42,1.7
2025,422,Devaughn Vele,NO,WR,1,8,TB,35.13513513513514,66.66666666666666,50.7,13,50,4,15.4,0.77,0.31,16.25,65,22.5,10,7.9,2.5,10,1,25,2,2,0,0,0,0,0,0,0,0,1,0.077,39.6,3,17.6,0,0,1,25,1,0,0,0,0,0,0,0,0,0,26.7,-7.22,-0.201,61.5,38.5,0,0,2,2,2,2.05,-0.05,0.15,0.16,2
2025,423,Malik Washington,MIA,WR,1,7,CLV,31.57894736842105,40,64.9,12,80,4,26.7,0.83,0.33,7,28,16,10,11.6,2.5,5,2,50,6,3,3,1.5,0,0.03,0,1,0,0,0,0,56.3,4,30.8,1,25,3,75,0,0,1,25,1,0,0,0,0,0,30.8,-5.08,-0.295,41.7,50,0,8.3,3,4.7,3,4.71,-1.71,0.25,0.39,4.7
2025,424,Adonai Mitchell,NYJ,WR,1,11,NE,22.727272727272727,38.46153846153847,49.1,5,71.4,5,71.4,2,1,17.6,88,85.4,10,37,2,10,1,20,2,2,-1,-1,0,0.07,0,1,1,0,1,0.2,39.6,5,83.3,0,0,3,60,2,0,2,40,0,0,0,0,0,0,100,-7.96,-0.291,100,0,0,0,2,6.6,2,6.58,-4.58,0.4,1.32,6.6
2025,425,Matthew Golden,GB,WR,1,7,ARZ,24.137931034482758,28.57142857142857,71.7,7,77.8,2,22.2,1.43,0.29,2.5,5,6,10,14.5,5,5,2,100,5,2.5,1,0.5,0,0,0,0,0,0,1,0.143,87.5,2,28.6,1,50,2,100,0,0,0,0,0,0,0,0,0,0,28.6,-1.56,1.273,71.4,28.6,0,0,3,3.4,3,3.39,-0.39,0.43,0.48,3.4
2025,426,Zach Ertz,WAS,TE,1,9,SEA,10.81081081081081,20,61.3,4,80,1,20,2.25,0.25,8,8,17.4,9,32.1,9,9,1,100,1,1,0,0,0,0,0,0,0,0,1,0.25,104.2,0,0,0,0,1,100,0,0,0,0,1,1,100,0,0,0,20,1.28,1.513,25,75,0,0,1.9,1.4,1.9,1.41,0.49,0.47,0.35,1.4
2025,427,Johnny Mundt,JAX,TE,1,7,LA,42.857142857142854,100,36.5,9,47.4,2,10.5,1,0.22,4.5,9,2.6,9,5.8,4.5,9,1,50,6,6,3,3,0,0,0,0,0,0,1,0.111,62.5,1,9.1,0,0,1,50,0,0,0,0,0,0,0,0,0,0,22.2,-2.21,-0.413,22.2,11.1,66.7,0,1.9,1.6,1.9,1.62,0.28,0.21,0.18,1.6
2025,428,Mack Hollins,NE,WR,1,9,ATL,8.333333333333332,6.896551724137931,63.2,5,83.3,2,33.3,1.8,0.4,4,8,17.8,9,34.6,4.5,4.5,2,100,1,0.5,1,0.5,0,0.03,0,1,0,0,1,0.2,85.4,1,25,0,0,2,100,0,0,0,0,1,1,100,0,0,0,40,-1.41,0.153,80,20,0,0,2.9,3,2.9,3.02,-0.12,0.58,0.6,3
2025,429,Allen Lazard,NYJ,WR,1,12,BLT,23.809523809523807,25,40.4,5,38.5,1,7.7,1.8,0.2,3,3,1.5,9,10.1,9,9,1,100,6,6,3,3,0,0,0,0,0,0,1,0.2,104.2,0,0,0,0,1,100,0,0,0,0,0,0,0,0,0,0,20,3.55,0.801,40,60,0,0,1.9,1.6,1.9,1.6,0.3,0.38,0.32,1.6
2025,430,Allen Lazard,NYJ,WR,1,7,CAR,47.61904761904761,25,55,10,62.5,1,6.3,0.9,0.1,4,4,1.4,9,9.8,9,9,1,100,5,5,1,1,0,0,0,0,0,0,1,0.1,104.2,1,8.3,0,0,1,100,0,0,0,0,0,0,0,0,0,0,10,2.95,0.725,40,60,0,0,1.9,1.7,1.9,1.74,0.16,0.19,0.17,1.7
2025,431,Olamide Zaccheaus,CHI,WR,1,7,NO,17.391304347826086,23.076923076923077,52.2,8,72.7,3,27.3,1.13,0.38,4.67,14,13,9,24.3,3,4.5,2,66.7,5,2.5,0,0,0,0.04,0,2,0,0,0,0,70.1,2,25,1,33.3,2,66.7,0,0,0,0,0,0,0,0,0,0,33.3,-3.68,-0.454,50,50,0,0,2.9,3.5,2.9,3.45,-0.55,0.36,0.43,3.5
2025,432,Scott Miller,PIT,WR,1,7,CIN,50,100,11.1,1,8.3,1,8.3,9,1,-1,-1,-0.5,9,10.7,9,9,1,100,10,10,6,6,0,0.01,0,0,0,0,0,0,104.2,1,9.1,0,0,1,100,0,0,0,0,0,0,0,0,1,1,50,2.83,0.773,100,0,0,0,1.9,1.6,1.9,1.59,0.31,1.9,1.59,1.6
2025,433,Elijah Moore,BUF,WR,1,10,MIA,35.714285714285715,40,36.9,5,35.7,2,14.3,1.8,0.4,1,2,0.9,9,6.7,4.5,4.5,2,100,7,3.5,4,2,0,0,0,0,0,0,0,0,85.4,2,22.2,1,50,2,100,0,0,0,0,0,0,0,0,1,0.5,40,-1.27,-0.035,80,20,0,0,2.9,3.2,2.9,3.21,-0.31,0.58,0.64,3.2
2025,434,Andrei Iosivas,CIN,WR,1,11,PIT,17.391304347826086,15.384615384615385,73,12,75,2,12.5,0.75,0.17,3,6,2.7,9,9.7,4.5,4.5,2,100,3,1.5,1,0.5,0,0,0,0,0,0,1,0.083,85.4,1,7.1,0,0,2,100,0,0,0,0,0,0,0,0,0,0,16.7,-1.19,0.606,25,75,0,0,2.9,3.3,2.9,3.32,-0.42,0.24,0.28,3.3
2025,435,Dylan Drummond,ATL,WR,1,12,NO,80,100,27.3,4,50,2,25,2.25,0.5,2.5,5,5.1,9,10,4.5,4.5,2,100,4,2,2,1,0,0.03,0,0,0,0,0,0,85.4,0,0,0,0,2,100,0,0,0,0,0,0,0,0,0,0,50,-0.89,-0.272,100,0,0,0,2.9,3.8,2.9,3.78,-0.88,0.72,0.94,3.8
2025,436,Sam LaPorta,DET,TE,1,9,MIN,42.30769230769231,100,100,11,78.6,1,7.1,0.82,0.09,6,6,3.6,9,7.3,9,9,1,100,3,3,2,2,0,0,0,0,0,0,0,0,104.2,1,9.1,0,0,1,100,0,0,0,0,0,0,0,0,0,0,7.1,1.91,-0.219,27.3,18.2,54.5,0,1.9,1.8,1.9,1.75,0.15,0.17,0.16,1.8
2025,437,Jalen Coker,CAR,WR,1,12,SF,22.641509433962266,25,81.4,12,92.3,2,15.4,0.75,0.17,10.5,21,12,9,14.3,4.5,9,1,50,5,5,3,3,0,0,0,0,0,0,1,0.083,62.5,2,28.6,0,0,1,50,0,0,0,0,0,0,0,0,0,0,16.7,-4.36,0.296,41.7,58.3,0,0,1.9,1.7,1.9,1.73,0.17,0.16,0.14,1.7
2025,438,Jalen Coker,CAR,WR,1,9,GB,18.867924528301888,12.5,66.7,10,100,1,10,0.9,0.1,9,9,7.3,9,11.7,9,9,1,100,0,0,0,0,0,0,0,0,0,0,1,0.1,104.2,0,0,0,0,1,100,0,0,0,0,0,0,0,0,0,0,10,1.55,0.705,40,60,0,0,1.9,1.3,1.9,1.27,0.63,0.19,0.13,1.3
2025,439,Jordan Whittington,LA,WR,1,7,JAX,32.25806451612903,100,61.3,10,66.7,3,20,0.9,0.3,3.33,10,6.3,9,16.4,3,4.5,2,66.7,11,5.5,3,1.5,0,0.01,0,0,0,0,1,0.1,70.1,3,23.1,2,66.7,2,66.7,0,0,0,0,0,0,0,0,0,0,25,-4.13,-0.004,30,70,0,0,2.9,3.4,2.9,3.35,-0.45,0.29,0.34,3.4
2025,440,Matthew Golden,GB,WR,1,9,CAR,31.03448275862069,42.857142857142854,34.9,9,64.3,3,21.4,1,0.33,15.33,46,22.2,9,9.4,3,4.5,2,66.7,9,4.5,1,0.5,0,0.03,0,0,0,0,0,0,70.1,2,18.2,1,33.3,3,100,1,0,0,0,2,1,50,0,1,0.5,33.3,-5.46,-0.668,33.3,44.4,22.2,0,2.9,5.4,2.9,5.35,-2.45,0.32,0.59,5.4
2025,441,Sterling Shepard,TB,WR,1,8,NO,12.280701754385964,15.384615384615385,42.9,7,50,2,14.3,1.14,0.29,2,4,3.7,8,14.5,4,8,1,50,10,10,4,4,0,0,0,1,1,0,0,0,60.4,2,18.2,1,50,1,50,0,0,0,0,0,0,0,0,0,0,25,-2.22,0.197,57.1,42.9,0,0,1.8,1.5,1.8,1.54,0.26,0.26,0.22,1.5
2025,442,JuJu Smith-Schuster,KC,WR,1,12,IND,40,100,47.3,6,35.3,2,11.8,1.33,0.33,10,20,12.4,8,7.2,4,8,1,50,4,4,1,1,0,0.01,0,1,0,0,1,0.167,60.4,2,14.3,0,0,1,50,0,0,0,0,0,0,0,0,0,0,28.6,-4.07,0.273,33.3,66.7,0,0,1.8,1.7,1.8,1.67,0.13,0.3,0.28,1.7
2025,443,Jonnu Smith,PIT,TE,1,12,CHI,20,33.33333333333333,47.8,9,75,1,8.3,0.89,0.11,-3,-3,-2.4,8,15.7,8,8,1,100,11,11,1,1,0,0.01,0,1,0,0,0,0,100,1,9.1,1,100,1,100,0,0,0,0,0,0,0,0,0,0,11.1,2.13,0.315,22.2,66.7,11.1,0,1.8,1.4,1.8,1.43,0.37,0.2,0.16,1.4
2025,444,Dallas Goedert,PHI,TE,1,10,GB,14.035087719298245,50,85,8,88.9,1,11.1,1,0.13,5,5,4,8,11,8,8,1,100,3,3,1,1,0,0.01,0,0,0,0,1,0.125,100,1,12.5,0,0,1,100,0,0,0,0,0,0,0,0,0,0,11.1,1.52,1.348,25,50,25,0,1.8,1.8,1.8,1.75,0.05,0.23,0.22,1.8
2025,445,Dalton Schultz,HST,TE,1,12,BUF,12.698412698412698,50,80.4,8,72.7,2,18.2,1,0.25,15.5,31,25,8,7.5,4,8,1,50,4,4,3,3,0,0,0,0,0,0,0,0,60.4,2,33.3,0,0,1,50,1,0,0,0,0,0,0,0,0,0,22.2,-5.82,-0.092,37.5,25,37.5,0,1.8,1.7,1.8,1.66,0.14,0.23,0.21,1.7
2025,446,Trey McBride,ARZ,TE,1,7,GB,15.789473684210526,12.5,85.7,12,100,1,8.3,0.67,0.08,5,5,2.5,8,5.3,8,8,1,100,3,3,3,3,0,0,0,0,0,0,0,0,100,1,9.1,0,0,1,100,0,0,0,0,0,0,0,0,0,0,8.3,1.52,1.925,16.7,75,8.3,0,1.8,1.7,1.8,1.65,0.15,0.15,0.14,1.7
2025,447,Malik Washington,MIA,WR,1,9,BLT,21.052631578947366,10,71,8,61.5,1,7.7,1,0.13,0,0,0,8,6.6,8,8,1,100,8,8,0,0,0,0,0,0,0,0,0,0,100,1,9.1,1,100,1,100,0,0,0,0,0,0,0,0,0,0,12.5,1.96,0.428,62.5,25,0,12.5,1.8,1.7,1.8,1.65,0.15,0.23,0.21,1.7
2025,448,Malachi Corley,CLV,WR,1,12,LV,9.090909090909092,33.33333333333333,25,1,11.1,1,11.1,8,1,-3,-3,-2.6,8,13.3,8,8,1,100,11,11,2,2,0,0,0,0,0,0,0,0,100,1,12.5,1,100,1,100,0,0,0,0,0,0,0,0,0,0,50,3.06,-0.605,100,0,0,0,1.8,1.6,1.8,1.62,0.18,1.8,1.62,1.6
2025,449,Jimmy Horn,CAR,WR,1,7,NYJ,28.57142857142857,100,20,4,28.6,1,7.1,2,0.25,-2,-2,-1.3,8,9.1,8,8,1,100,10,10,2,2,0,0,0,0,0,0,0,0,100,1,10,1,100,1,100,0,0,0,0,0,0,0,0,0,0,25,2.5,0.274,25,75,0,0,1.8,1.5,1.8,1.53,0.27,0.45,0.38,1.5
2025,450,Travis Hunter,JAX,WR,1,7,LA,100,100,86.5,16,84.2,4,21.1,0.5,0.25,9,36,10.3,8,5.2,2,8,1,25,0,0,0,0,0,0.01,0,2,1,0,0,0,39.6,4,36.4,0,0,1,25,1,0,0,0,0,0,0,0,0,0,25,-5.66,-0.722,43.8,56.3,0,0,1.8,2.1,1.8,2.05,-0.25,0.11,0.13,2.1
2025,451,Keenan Allen,LAC,WR,1,10,PIT,14.893617021276595,9.523809523809524,50.7,7,50,2,14.3,1,0.29,1,2,3.5,7,9.7,3.5,7,1,50,11,11,1,1,0,0.25,0,1,0,0,0,0,58.3,2,15.4,1,50,2,100,0,0,0,0,1,0,0,0,0,0,28.6,-2.22,-0.216,71.4,28.6,0,0,1.7,4.3,1.7,4.33,-2.63,0.24,0.62,4.3
2025,452,Sterling Shepard,TB,WR,1,12,LA,14.035087719298245,23.076923076923077,59.7,8,53.3,3,20,0.88,0.38,10.67,32,21.5,7,11.5,2.33,7,1,33.3,6,6,0,0,0,0,0,1,1,0,0,0,42.4,2,20,0,0,2,66.7,1,0,0,0,1,0,0,0,0,0,33.3,-5.52,-1.284,62.5,37.5,0,0,1.7,2.5,1.7,2.52,-0.82,0.21,0.32,2.5
2025,453,Kalif Raymond,DET,WR,1,12,NYG,10.714285714285714,20,40,3,33.3,1,11.1,2.33,0.33,-1,-1,-1,7,9.7,7,7,1,100,8,8,3,3,0,0,0,0,0,0,0,0,95.8,1,11.1,1,100,1,100,0,0,0,0,0,0,0,0,0,0,33.3,0.83,0.043,66.7,33.3,0,0,1.7,1.6,1.7,1.56,0.14,0.57,0.52,1.6
2025,454,Jonnu Smith,PIT,TE,1,9,IND,15.555555555555555,33.33333333333333,41,7,63.6,1,9.1,1,0.14,-2,-2,-3.2,7,12.5,7,7,1,100,9,9,5,5,0,0.01,0,1,0,0,0,0,95.8,1,9.1,1,100,1,100,0,0,0,0,0,0,0,0,0,0,12.5,2.15,0.506,28.6,71.4,0,0,1.7,1.4,1.7,1.44,0.26,0.24,0.21,1.4
2025,455,Cedrick Wilson,MIA,WR,1,9,BLT,50,100,22.6,1,7.7,1,7.7,7,1,3,3,2.7,7,5.7,7,7,1,100,4,4,4,4,0,0,0,0,0,0,1,1,95.8,1,9.1,0,0,1,100,0,0,0,0,1,1,100,0,0,0,50,1.55,2.434,100,0,0,0,1.7,0.7,1.7,0.69,1.01,1.7,0.69,0.7
2025,456,Juwan Johnson,NO,TE,1,12,ATL,25,25,76.9,13,76.5,1,5.9,0.54,0.08,7,7,3,7,6.8,7,7,1,100,0,0,0,0,0,0,0,0,0,0,0,0,95.8,0,0,0,0,1,100,0,0,0,0,0,0,0,1,0,0,6.3,-0.31,-0.511,7.7,84.6,7.7,0,1.7,1.9,1.7,1.88,-0.18,0.13,0.14,1.9
2025,457,Van Jefferson,TEN,WR,1,11,HST,15.384615384615385,21.052631578947366,91.2,6,60,4,40,1.17,0.67,14.25,57,47.5,7,19.4,1.75,7,1,25,0,0,0,0,0,0.02,0,0,0,0,0,0,39.6,2,33.3,0,0,2,50,0,0,0,0,2,1,50,0,0,0,50,-8.37,-0.52,100,0,0,0,1.7,2.7,1.7,2.7,-1,0.28,0.45,2.7
2025,458,Kyle Pitts,ATL,TE,1,11,CAR,17.91044776119403,33.33333333333333,84.5,12,100,2,16.7,0.58,0.17,5,10,7,7,8,3.5,7,1,50,2,2,-1,-1,0,0.01,0,0,0,0,0,0,58.3,2,22.2,0,0,2,100,0,0,1,50,0,0,0,0,0,0,16.7,-2.98,-0.05,41.7,25,33.3,0,1.7,3.6,1.7,3.59,-1.89,0.14,0.3,3.6
2025,459,Kyle Pitts,ATL,TE,1,7,SF,20.8955223880597,16.666666666666664,81.7,14,93.3,1,6.7,0.5,0.07,4,4,1.8,7,5.4,7,7,1,100,3,3,3,3,0,0,0,0,0,0,1,0.071,95.8,1,7.7,0,0,1,100,0,0,0,0,0,0,0,0,0,0,6.7,0.93,1.437,7.1,14.3,78.6,0,1.7,1.7,1.7,1.67,0.03,0.12,0.12,1.7
2025,460,Xavier Smith,LA,WR,1,9,NO,21.428571428571427,50,16.9,3,21.4,1,7.1,2.33,0.33,5,5,2.5,7,3.8,7,7,1,100,2,2,0,0,0,0.09,0,0,0,0,1,0.333,95.8,1,7.1,0,0,1,100,0,0,0,0,0,0,0,0,0,0,33.3,0.64,0.464,33.3,66.7,0,0,1.7,2.4,1.7,2.37,-0.67,0.57,0.79,2.4
2025,461,Parker Washington,JAX,WR,1,10,HST,9.25925925925926,10,85.5,5,100,2,40,1.4,0.4,15.5,31,38.8,7,38.9,3.5,7,1,50,0,0,0,0,1,0.89,100,1,1,1,1,0.2,97.9,2,50,0,0,2,100,0,0,0,0,2,1,50,1,0,0,40,-6.75,1.28,60,40,0,0,7.7,7.8,7.7,7.81,-0.11,1.54,1.56,7.8
2025,462,Tyrell Shavers,BUF,WR,1,9,KC,10.526315789473683,25,45.3,2,33.3,1,16.7,3.5,0.5,-1,-1,-5.6,7,7.4,7,7,1,100,8,8,3,3,0,0,0,0,0,0,0,0,95.8,1,33.3,0,0,1,100,0,0,0,0,0,0,0,0,0,0,33.3,0.83,0.333,100,0,0,0,1.7,1.6,1.7,1.58,0.12,0.85,0.79,1.6
2025,463,Elijah Higgins,ARZ,TE,1,9,DAL,11.11111111111111,100,40,3,18.8,1,6.3,2.33,0.33,4,4,2.1,7,3.9,7,7,1,100,3,3,3,3,0,0,0,0,0,0,0,0,95.8,0,0,0,0,1,100,0,0,0,0,1,1,100,0,0,0,25,0.93,0.483,33.3,0,66.7,0,1.7,1.1,1.7,1.08,0.62,0.57,0.36,1.1
2025,464,Ryan Flournoy,DAL,WR,1,8,DEN,25,50,45.6,8,34.8,2,8.7,0.88,0.25,8.5,17,7.1,7,3.6,3.5,7,1,50,4,4,2,2,0,0,0,0,0,0,0,0,58.3,2,9.1,0,0,1,50,0,0,0,0,1,0,0,0,0,0,25,-4.13,-0.307,62.5,37.5,0,0,1.7,1.6,1.7,1.62,0.08,0.21,0.2,1.6
2025,465,Adonai Mitchell,IND,WR,1,9,PIT,9.090909090909092,7.6923076923076925,0,2,8,1,4,3.5,0.5,7,7,2.1,7,3.1,7,7,1,100,0,0,0,0,0,0,0,0,0,0,0,0,95.8,1,4.2,0,0,1,100,0,0,0,0,0,0,0,0,0,0,50,-0.06,-0.163,100,0,0,0,1.7,1.9,1.7,1.9,-0.2,0.85,0.95,1.9
2025,466,Pat Bryant,DEN,WR,1,9,HST,21.428571428571427,14.285714285714285,57.4,9,60,1,6.7,0.78,0.11,5,5,1.6,7,11.5,7,7,1,100,2,2,1,1,0,0.01,0,0,0,0,1,0.111,95.8,1,8.3,0,0,1,100,0,0,0,0,0,0,0,0,0,0,10,0.64,1.723,33.3,66.7,0,0,1.7,1.7,1.7,1.75,-0.05,0.19,0.19,1.7
2025,467,Jack Bech,LV,WR,1,7,KC,66.66666666666666,50,63.3,4,50,1,12.5,1.75,0.25,5,5,10.2,7,17.9,7,7,1,100,2,2,2,2,0,0,0,0,0,0,0,0,95.8,1,14.3,0,0,1,100,0,0,0,0,0,0,0,0,1,1,20,0.64,0.223,50,50,0,0,1.7,1.5,1.7,1.53,0.17,0.42,0.38,1.5
2025,468,Tyler Lockett,LV,WR,1,10,DEN,20,25,58.6,6,66.7,2,22.2,1,0.33,3.5,7,12.1,6,15.8,3,6,1,50,1,1,0,0,0,0,0,0,0,0,1,0.167,56.3,1,12.5,0,0,2,100,0,0,1,50,0,0,0,0,0,0,28.6,-2.85,0.023,33.3,66.7,0,0,1.6,3.4,1.6,3.35,-1.75,0.27,0.56,3.4
2025,469,Dallas Goedert,PHI,TE,1,8,NYG,10.526315789473683,50,63.2,6,66.7,1,11.1,1,0.17,2,2,1.6,6,4.6,6,6,1,100,4,4,2,2,1,0.42,50,1,0,0,1,0.167,131.3,1,12.5,0,0,1,100,0,0,0,0,0,0,0,0,0,0,16.7,-0.37,2.679,16.7,66.7,16.7,0,7.6,3.9,7.6,3.86,3.74,1.27,0.64,3.9
2025,470,Mark Andrews,BLT,TE,1,10,MIN,24,66.66666666666666,62.1,6,60,2,20,1,0.33,4,8,11.4,6,7.4,3,6,1,50,3,3,3,3,0,0,0,0,0,0,1,0.167,56.3,2,25,0,0,1,50,0,0,0,0,0,0,0,0,0,0,25,-3.4,0.41,33.3,50,16.7,0,1.6,1.8,1.6,1.76,-0.16,0.27,0.29,1.8
2025,471,Olamide Zaccheaus,CHI,WR,1,12,PIT,15.217391304347828,7.6923076923076925,36.1,7,50,1,7.1,0.86,0.14,5,5,3.4,6,9,6,6,1,100,1,1,0,0,0,0,0,0,0,0,0,0,91.7,0,0,0,0,1,100,0,0,0,0,0,0,0,0,0,0,14.3,-0.36,0.023,85.7,14.3,0,0,1.6,1.8,1.6,1.76,-0.16,0.23,0.25,1.8
2025,472,DK Metcalf,PIT,WR,1,9,IND,12.5,9.090909090909092,82,8,72.7,3,27.3,0.75,0.38,4.33,13,20.6,6,10.7,2,6,1,33.3,3,3,3,3,0,0.32,0,1,1,0,0,0,42.4,3,27.3,0,0,3,100,0,0,1,33.3,1,0,0,0,1,1,30,-4.06,-0.411,75,25,0,0,1.6,5.9,1.6,5.86,-4.26,0.2,0.73,5.9
2025,473,Deebo Samuel,WAS,WR,1,8,KC,22.22222222222222,33.33333333333333,75,6,60,2,20,1,0.33,7.5,15,14.7,6,7.5,3,6,1,50,1,1,1,1,0,0.08,0,1,0,0,0,0,56.3,1,14.3,0,0,2,100,0,0,0,0,1,1,100,0,0,0,28.6,-3.93,-0.153,50,50,0,0,1.6,2.4,1.6,2.4,-0.8,0.27,0.4,2.4
2025,474,Juwan Johnson,NO,TE,1,7,CHI,13.461538461538462,25,71.7,7,87.5,1,12.5,0.86,0.14,3,3,3,6,16.7,6,6,1,100,3,3,1,1,0,0,0,0,0,0,0,0,91.7,1,12.5,0,0,1,100,0,0,0,0,0,0,0,0,0,0,14.3,-0.32,0.323,14.3,57.1,0,28.6,1.6,1.6,1.6,1.6,0,0.23,0.23,1.6
2025,475,Michael Pittman,IND,WR,1,12,KC,4.838709677419355,11.538461538461538,82,3,60,3,60,2,1,8.67,26,46.4,6,18.8,2,6,1,33.3,1,1,0,0,1,0.97,100,2,1,0,1,0.333,81.9,3,60,0,0,2,66.7,0,0,0,0,1,0,0,0,0,0,100,-5.75,0.035,100,0,0,0,7.6,8.8,7.6,8.75,-1.15,2.53,2.92,8.8
2025,476,Josiah Deguara,ARZ,TE,1,12,JAX,71.42857142857143,100,17.1,5,22.7,1,4.5,1.2,0.2,5,5,2.3,6,4,6,6,1,100,1,1,1,1,0,0,0,0,0,0,0,0,91.7,0,0,0,0,1,100,0,0,0,0,0,0,0,0,0,0,20,-0.48,0.108,80,20,0,0,1.6,1.7,1.6,1.71,-0.11,0.32,0.34,1.7
2025,477,Van Jefferson,TEN,WR,1,8,IND,30.76923076923077,36.84210526315789,77.6,12,92.3,7,53.8,0.5,0.58,9.86,69,69,6,12.8,0.86,6,1,14.3,0,0,0,0,0,0,0,0,0,0,0,0,39.6,3,60,0,0,2,28.6,1,0,0,0,1,1,100,0,0,0,58.3,-7.01,-0.88,91.7,8.3,0,0,1.6,3.1,1.6,3.1,-1.5,0.13,0.26,3.1
2025,478,Tylan Wallace,BLT,WR,1,8,CHI,16.666666666666664,33.33333333333333,8.5,1,12.5,1,12.5,6,1,-1,-1,-1.1,6,10.9,6,6,1,100,7,7,1,1,0,0,0,0,0,0,0,0,91.7,1,16.7,1,100,1,100,0,0,0,0,0,0,0,0,0,0,100,-0.17,-0.302,100,0,0,0,1.6,1.7,1.6,1.72,-0.12,1.6,1.72,1.7
2025,479,John FitzPatrick,GB,TE,1,7,ARZ,14.285714285714285,100,28.3,2,22.2,1,11.1,3,0.5,2,2,2.4,6,8.7,6,6,1,100,4,4,2,2,0,0,0,0,0,0,0,0,91.7,0,0,0,0,1,100,0,0,0,0,0,0,0,0,0,0,33.3,-0.37,1.207,50,0,50,0,1.6,1.7,1.6,1.68,-0.08,0.8,0.84,1.7
2025,480,KaVontae Turpin,DAL,WR,1,9,ARZ,8.333333333333332,16.666666666666664,16.9,3,17.6,1,5.9,2,0.33,6,6,2.6,6,3.9,6,6,1,100,0,0,0,0,0,0.02,0,1,0,0,0,0,91.7,1,8.3,0,0,1,100,0,0,0,0,1,1,100,0,0,0,33.3,-0.95,-0.653,33.3,66.7,0,0,1.6,1.3,1.6,1.28,0.32,0.53,0.43,1.3
2025,481,Isaiah Likely,BLT,TE,1,10,MIN,13.636363636363635,50,56.1,3,30,1,10,2,0.33,4,4,5.7,6,7.4,6,6,1,100,2,2,1,1,0,0,0,0,0,0,0,0,91.7,0,0,0,0,1,100,0,0,0,0,0,0,0,0,0,0,25,-0.07,-0.871,33.3,33.3,33.3,0,1.6,1.7,1.6,1.69,-0.09,0.53,0.56,1.7
2025,482,Christian Watson,GB,WR,1,9,CAR,25,20,65.1,11,78.6,3,21.4,0.55,0.27,20.67,62,30,6,6.3,2,6,1,33.3,0,0,0,0,0,0.01,0,0,0,0,0,0,2.8,2,18.2,0,0,2,66.7,1,0,0,0,2,1,50,0,0,0,25,-7.44,-1.903,81.8,18.2,0,0,1.6,2.2,1.6,2.2,-0.6,0.15,0.2,2.2
2025,483,Xavier Smith,LA,WR,1,7,JAX,28.57142857142857,50,46.8,4,26.7,1,6.7,1.5,0.25,3,3,1.9,6,10.9,6,6,1,100,3,3,2,2,0,0.01,0,0,0,0,0,0,91.7,0,0,0,0,1,100,0,0,0,0,0,0,0,0,0,0,12.5,0.55,0.275,25,75,0,0,1.6,1.8,1.6,1.81,-0.21,0.4,0.45,1.8
2025,484,Ricky Pearsall,SF,WR,1,12,CAR,42.857142857142854,75,75.7,6,85.7,3,42.9,1,0.5,8.33,25,32.5,6,23.1,2,3,2,66.7,4,2,1,0.5,0,0,0,0,0,0,1,0.167,30.6,3,42.9,1,33.3,2,66.7,1,0,0,0,0,0,0,0,0,0,50,-5.17,-1.266,66.7,33.3,0,0,2.6,3.3,2.6,3.35,-0.75,0.43,0.56,3.3
2025,485,Tyler Warren,IND,TE,1,10,ATL,18,100,89.2,9,81.8,1,9.1,0.67,0.11,4,4,2.6,6,5.4,6,6,1,100,2,2,1,1,0,0.01,0,1,0,0,0,0,91.7,1,9.1,0,0,1,100,0,0,0,0,0,0,0,0,0,0,11.1,-0.07,0.186,11.1,88.9,0,0,1.6,1.1,1.6,1.06,0.54,0.18,0.12,1.1
2025,486,Oronde Gadsden,LAC,TE,1,10,PIT,9.615384615384617,28.57142857142857,52.2,5,35.7,2,14.3,1.2,0.4,7,14,24.6,6,8.3,3,6,1,50,2,2,5,5,0,0,0,0,0,0,0,0,56.3,1,7.7,0,0,2,100,0,0,1,50,0,0,0,0,0,0,22.2,-3.92,-0.729,40,40,20,0,1.6,3.8,1.6,3.78,-2.18,0.32,0.76,3.8
2025,487,Tez Johnson,TB,WR,1,11,BUF,13.432835820895523,17.647058823529413,82.4,9,81.8,3,27.3,0.67,0.33,21,63,63,6,12.8,2,6,1,33.3,0,0,0,0,0,0.04,0,1,1,0,0,0,42.4,2,25,0,0,2,66.7,1,0,0,0,1,0,0,0,0,0,27.3,-8.09,-0.783,100,0,0,0,1.6,3.5,1.6,3.52,-1.92,0.18,0.39,3.5
2025,488,Tre Harris,LAC,WR,1,8,MIN,9.523809523809524,20,58.6,2,25,1,12.5,3,0.5,11,11,10.9,6,8.6,6,6,1,100,0,0,0,0,1,0.89,50,1,1,1,1,0.5,131.3,0,0,0,0,1,100,0,0,0,0,0,0,0,0,0,0,50,-2.32,1.738,50,50,0,0,7.6,6.8,7.6,6.79,0.81,3.8,3.39,6.8
2025,489,Elijah Arroyo,SEA,TE,1,7,HST,26.666666666666668,100,37.3,4,28.6,1,7.1,1.5,0.25,9,9,5.3,6,5.5,6,6,1,100,-3,-3,0,0,0,0,0,0,0,0,0,0,91.7,1,9.1,0,0,1,100,0,0,0,0,1,1,100,0,0,0,25,-1.26,-4.218,75,0,25,0,0.6,1,0.6,1.02,-0.42,0.4,0.26,1
2025,490,Isaiah Bond,CLV,WR,1,12,LV,23.52941176470588,50,29.2,4,44.4,1,11.1,1.5,0.25,5,5,4.3,6,10,6,6,1,100,1,1,0,0,0,0,0,0,0,0,0,0,91.7,1,12.5,0,0,1,100,0,0,0,0,0,0,0,0,0,0,20,-0.36,-0.923,50,50,0,0,1.6,1.7,1.6,1.69,-0.09,0.4,0.42,1.7
2025,491,Zach Ertz,WAS,TE,1,8,KC,18.91891891891892,20,61.5,7,70,1,10,0.71,0.14,5,5,4.9,5,6.3,5,5,1,100,0,0,0,0,0,0,0,0,0,0,0,0,87.5,1,14.3,0,0,1,100,0,0,0,0,1,1,100,0,0,0,12.5,-1.48,-0.225,14.3,28.6,57.1,0,1.5,1.1,1.5,1.11,0.39,0.21,0.16,1.1
2025,492,Ian Thomas,LV,TE,1,12,CLV,42.857142857142854,100,53.3,3,16.7,1,5.6,1.67,0.33,1,1,0.4,5,4,5,5,1,100,4,4,1,1,0,0,0,0,0,0,0,0,87.5,0,0,0,0,1,100,0,0,0,0,0,0,0,0,0,0,7.7,-0.78,0.143,33.3,0,66.7,0,1.5,1.6,1.5,1.56,-0.06,0.5,0.52,1.6
2025,493,Allen Lazard,NYJ,WR,1,8,CIN,28.57142857142857,50,77.1,6,60,2,20,0.83,0.33,5.5,11,9,5,4.6,2.5,5,1,50,7,7,3,3,0,0,0,1,1,0,0,0,56.3,2,20,1,50,1,50,0,0,0,0,0,0,0,0,0,0,28.6,-4.71,-0.149,83.3,16.7,0,0,1.5,1.5,1.5,1.47,0.03,0.25,0.25,1.5
2025,494,Mike Gesicki,CIN,TE,1,12,NE,100,100,43.5,13,76.5,1,5.9,0.38,0.08,5,5,2.3,5,5,5,5,1,100,0,0,1,1,0,0,0,0,0,0,0,0,87.5,1,8.3,0,0,1,100,0,0,0,0,0,0,0,0,0,0,7.1,-1.48,-0.092,30.8,61.5,7.7,0,1.5,1.7,1.5,1.75,-0.25,0.12,0.13,1.7
2025,495,Deebo Samuel,WAS,WR,1,9,SEA,18.51851851851852,16.666666666666664,66.1,5,100,1,20,1,0.2,-2,-2,-4.3,5,17.9,5,5,1,100,7,7,1,1,0,0.02,0,1,0,0,0,0,87.5,1,100,1,100,1,100,0,0,0,0,0,0,0,0,0,0,20,-0.5,0.063,20,80,0,0,1.5,1.6,1.5,1.56,-0.06,0.3,0.31,1.6
2025,496,Andre Baccellia,ARZ,WR,1,11,SF,66.66666666666666,100,22.5,4,20,1,5,1.25,0.25,6,6,2.9,5,2.7,5,5,1,100,-1,-1,0,0,0,0.06,0,1,0,0,0,0,87.5,1,6.3,0,0,1,100,0,0,0,0,0,0,0,0,0,0,25,-1.95,-0.014,75,25,0,0,1.5,2,1.5,2.02,-0.52,0.38,0.5,2
2025,497,Pat Freiermuth,PIT,TE,1,7,CIN,23.52941176470588,50,64.8,8,66.7,1,8.3,0.63,0.13,5,5,2.7,5,6,5,5,1,100,0,0,0,0,0,0,0,0,0,0,0,0,87.5,1,9.1,0,0,1,100,0,0,0,0,1,1,100,0,0,0,11.1,-1.48,0.06,25,75,0,0,1.5,1.2,1.5,1.15,0.35,0.19,0.14,1.2
2025,498,Romeo Doubs,GB,WR,1,10,PHI,11.76470588235294,13.333333333333334,62.1,6,46.2,4,30.8,0.83,0.67,9.75,39,18.2,5,8.8,1.25,5,1,25,0,0,0,0,0,0.02,0,0,0,0,1,0.167,39.6,3,30,0,0,4,100,0,0,1,25,2,0,0,0,0,0,66.7,-6.71,-0.781,100,0,0,0,1.5,5.6,1.5,5.64,-4.14,0.25,0.94,5.6
2025,499,Calvin Austin,PIT,WR,1,11,CIN,12.82051282051282,8.333333333333332,23.3,5,50,1,10,1,0.2,5,5,7.8,5,6.7,5,5,1,100,0,0,0,0,0,0,0,0,0,0,0,0,87.5,1,12.5,0,0,1,100,0,0,0,0,1,1,100,0,0,0,20,-1.36,-1.026,40,60,0,0,1.5,1.2,1.5,1.18,0.32,0.3,0.24,1.2
2025,500,Isaiah Likely,BLT,TE,1,11,CLV,27.27272727272727,50,53.3,6,66.7,1,11.1,0.83,0.17,4,4,3.7,5,8.3,5,5,1,100,1,1,0,0,0,0,0,0,0,0,0,0,87.5,0,0,0,0,1,100,0,0,0,0,0,0,0,0,0,0,16.7,-1.07,-0.145,33.3,33.3,33.3,0,1.5,1.7,1.5,1.75,-0.25,0.25,0.29,1.7
2025,501,Jake Ferguson,DAL,TE,1,12,PHI,23.4375,33.33333333333333,66.2,15,75,1,5,0.33,0.07,5,5,1.9,5,2.2,5,5,1,100,0,0,0,0,0,0,0,0,0,0,1,0.067,87.5,1,7.7,0,0,1,100,0,0,0,0,0,0,0,0,0,0,5.6,-1.48,1.072,6.7,46.7,40,6.7,1.5,1.7,1.5,1.71,-0.21,0.1,0.11,1.7
2025,502,Jake Ferguson,DAL,TE,1,9,ARZ,21.875,33.33333333333333,89.2,14,82.4,1,5.9,0.36,0.07,5,5,2.1,5,3.3,5,5,1,100,0,0,0,0,0,0.03,0,1,0,0,0,0,87.5,1,8.3,0,0,1,100,0,0,0,0,1,1,100,0,0,0,6.3,-1.48,-0.182,14.3,57.1,28.6,0,1.5,1,1.5,1.04,0.46,0.11,0.07,1
2025,503,Cedric Tillman,CLV,WR,1,11,BLT,41.66666666666667,22.22222222222222,79.6,10,71.4,2,14.3,0.5,0.2,3.5,7,6.3,5,9.3,2.5,5,1,50,0,0,0,0,0,0.01,0,0,0,0,0,0,56.3,1,10,0,0,1,50,0,0,0,0,1,1,100,0,0,0,16.7,-3.35,0.041,60,40,0,0,1.5,1.3,1.5,1.3,0.2,0.15,0.13,1.3
2025,504,Cedric Tillman,CLV,WR,1,12,LV,20.833333333333336,33.33333333333333,52.1,5,55.6,3,33.3,1,0.6,19,57,49.1,5,8.3,1.67,5,1,33.3,0,0,0,0,0,0,0,0,1,0,0,0,42.4,3,37.5,0,0,1,33.3,1,0,0,0,0,0,0,0,0,0,42.9,-8.75,-0.399,100,0,0,0,1.5,1.4,1.5,1.42,0.08,0.3,0.28,1.4
2025,505,Jordan Addison,MIN,WR,1,11,CHI,14.492753623188406,16.666666666666664,96.3,10,90.9,4,36.4,0.5,0.4,25.5,102,66.2,5,12.8,1.25,5,1,25,-1,-1,-1,-1,0,0,0,0,1,0,1,0.1,0,4,36.4,0,0,1,25,3,0,0,0,0,0,0,0,0,0,36.4,-9.25,-0.686,90,10,0,0,1.5,1.8,1.5,1.81,-0.31,0.15,0.18,1.8
2025,506,Isaiah Williams,NYJ,WR,1,8,CIN,28.57142857142857,100,42.9,4,40,1,10,1.25,0.25,-3,-3,-2.5,5,4.6,5,5,1,100,8,8,4,4,0,0.01,0,0,0,0,0,0,87.5,1,10,1,100,1,100,0,0,0,0,0,0,0,0,0,0,25,0.06,0.12,25,75,0,0,1.5,1.5,1.5,1.55,-0.05,0.38,0.39,1.5
2025,507,Colston Loveland,CHI,TE,1,10,NYG,20,25,60.9,9,50,1,5.6,0.56,0.11,3,3,1.5,5,4.3,5,5,1,100,2,2,2,2,0,0,0,0,0,0,0,0,87.5,1,7.1,0,0,1,100,0,0,0,0,0,0,0,0,0,0,10,-1.32,-0.388,22.2,22.2,55.6,0,1.5,1.6,1.5,1.64,-0.14,0.17,0.18,1.6
2025,508,Konata Mumpfield,LA,WR,1,7,JAX,25,25,41.9,3,20,1,6.7,1.67,0.33,13,13,8.1,5,9.1,5,5,1,100,0,0,0,0,1,0.99,25,1,1,1,1,0.333,127.1,0,0,0,0,1,100,0,0,0,0,0,0,0,0,0,0,33.3,-3.91,1.705,66.7,33.3,0,0,7.5,7.5,7.5,7.53,-0.03,2.5,2.51,7.5
2025,509,Chimere Dike,TEN,WR,1,11,HST,15.151515151515152,14.285714285714285,28.1,5,50,1,10,1,0.2,-3,-3,-2.5,5,13.9,5,5,1,100,8,8,3,3,0,0,0,0,0,0,0,0,87.5,1,16.7,1,100,1,100,0,0,0,0,0,0,0,0,0,0,20,0.06,-0.244,40,60,0,0,1.5,1.6,1.5,1.63,-0.13,0.3,0.33,1.6
2025,510,Tre Harris,LAC,WR,1,10,PIT,4.761904761904762,20,44.9,1,7.1,1,7.1,5,1,-2,-2,-3.5,5,6.9,5,5,1,100,7,7,3,3,0,0.01,0,0,0,0,0,0,87.5,1,7.7,1,100,1,100,0,0,0,0,0,0,0,0,0,0,20,-0.5,0.017,100,0,0,0,1.5,1.6,1.5,1.58,-0.08,1.5,1.58,1.6
2025,511,DeAndre Hopkins,BLT,WR,1,12,NYJ,17.647058823529413,25,51.7,3,42.9,2,28.6,1.33,0.67,13,26,18.8,4,5.6,2,4,1,50,1,1,1,1,0,0,0,1,1,0,0,0,56.3,2,28.6,0,0,1,50,1,0,0,0,0,0,0,0,0,0,66.7,-5.83,-0.568,100,0,0,0,1.4,1.6,1.4,1.63,-0.23,0.47,0.54,1.6
2025,512,Chris Godwin,TB,WR,1,12,LA,100,100,34.3,6,40,3,20,0.67,0.5,10.33,31,20.8,4,6.6,1.33,4,1,33.3,0,0,0,0,0,0,0,0,0,0,0,0,42.4,0,0,0,0,2,66.7,0,0,0,0,2,1,50,0,0,0,42.9,-7.07,-0.926,50,50,0,0,1.4,2.1,1.4,2.06,-0.66,0.23,0.34,2.1
2025,513,T.J. Hockenson,MIN,TE,1,10,BLT,26,33.33333333333333,90.2,13,76.5,1,5.9,0.31,0.08,4,4,1.5,4,4.5,4,4,1,100,0,0,0,0,0,0,0,0,0,0,0,0,83.3,0,0,0,0,1,100,0,0,0,0,0,0,0,0,0,0,6.3,-2.07,-0.266,7.7,53.8,38.5,0,1.4,1.7,1.4,1.71,-0.31,0.11,0.13,1.7
2025,514,Josh Palmer,BUF,WR,1,11,TB,46.15384615384615,50,50.9,6,42.9,4,28.6,0.67,0.67,5.5,22,12.5,4,5.1,1,4,1,25,1,1,1,1,0,0.02,0,0,0,0,0,0,0,1,12.5,0,0,1,25,0,0,0,0,0,0,0,0,0,0,66.7,-5.55,-1.867,100,0,0,0,1.4,1.8,1.4,1.78,-0.38,0.23,0.3,1.8
2025,515,Chris Olave,NO,WR,1,7,CHI,11.11111111111111,11.11111111111111,83,7,87.5,3,37.5,0.57,0.43,18.67,56,56,4,11.1,1.33,4,1,33.3,-1,-1,-1,-1,0,0,0,0,0,0,0,0,42.4,3,37.5,0,0,1,33.3,1,0,0,0,0,0,0,0,0,0,42.9,-8.29,-0.473,57.1,42.9,0,0,1.4,1.7,1.4,1.71,-0.31,0.2,0.24,1.7
2025,516,Chig Okonkwo,TEN,TE,1,9,LAC,20.689655172413794,50,68.2,6,75,1,12.5,0.67,0.17,-2,-2,-1.8,4,11.1,4,4,1,100,6,6,0,0,0,0,0,0,0,0,0,0,83.3,1,20,1,100,1,100,0,0,0,0,0,0,0,0,0,0,14.3,-0.85,-1.18,16.7,33.3,50,0,1.4,1.6,1.4,1.57,-0.17,0.23,0.26,1.6
2025,517,Darnell Washington,PIT,TE,1,11,CIN,29.166666666666668,16.666666666666664,73.3,7,70,1,10,0.57,0.14,-3,-3,-4.7,4,5.3,4,4,1,100,7,7,4,4,0,0.01,0,0,0,0,0,0,83.3,1,12.5,1,100,1,100,0,0,0,0,0,0,0,0,0,0,12.5,-1.87,-0.464,14.3,28.6,57.1,0,1.4,1.7,1.4,1.7,-0.3,0.2,0.24,1.7
2025,518,Davis Allen,LA,TE,1,10,SF,27.27272727272727,100,52.2,3,23.1,1,7.7,1.33,0.33,12,12,7.3,4,3.4,4,4,1,100,0,0,0,0,1,0.97,50,1,1,1,1,0.333,122.9,0,0,0,0,1,100,0,0,0,0,0,0,0,0,0,0,33.3,-4.67,1.577,33.3,0,66.7,0,7.4,7.2,7.4,7.25,0.15,2.47,2.42,7.2
2025,519,Roman Wilson,PIT,WR,1,9,IND,6.666666666666667,7.6923076923076925,45.9,2,18.2,1,9.1,2,0.5,-1,-1,-1.6,4,7.1,4,4,1,100,5,5,1,1,0,0.02,0,0,0,0,0,0,83.3,1,9.1,0,0,1,100,0,0,0,0,0,0,0,0,0,0,50,-2.17,-3.465,50,50,0,0,0.4,1.7,0.4,1.75,-1.35,0.7,0.87,1.7
2025,520,Jayden Higgins,HST,WR,1,9,DEN,6.349206349206349,3.571428571428571,48.6,4,26.7,1,6.7,1,0.25,6,6,3.3,4,3.3,4,4,1,100,-2,-2,0,0,0,0,0,0,0,0,0,0,83.3,1,7.1,0,0,1,100,0,0,0,0,0,0,0,0,0,0,20,-2.95,-0.07,75,25,0,0,1.4,1.8,1.4,1.8,-0.4,0.35,0.45,1.8
2025,521,Dont'e Thornton,LV,WR,1,10,DEN,23.52941176470588,33.33333333333333,60.3,4,44.4,2,22.2,1,0.5,11,22,37.9,4,10.5,2,4,1,50,0,0,0,0,0,0,0,0,0,0,0,0,56.3,2,25,0,0,2,100,0,0,1,50,1,1,100,0,0,0,40,-6.47,-0.242,100,0,0,0,1.4,4,1.4,4.01,-2.61,0.35,1,4
2025,522,Tory Horton,SEA,WR,1,9,WAS,41.66666666666667,33.33333333333333,72.9,5,71.4,1,14.3,0.8,0.2,11,11,15.5,4,3.3,4,4,1,100,0,0,0,0,1,0.98,50,1,1,1,1,0.2,122.9,1,25,0,0,1,100,0,0,0,0,1,1,100,0,0,0,20,-4.32,1.525,80,20,0,0,7.4,7.2,7.4,7.17,0.23,1.48,1.43,7.2
2025,523,Mason Taylor,NYJ,TE,1,10,CLV,5.555555555555555,16.666666666666664,76.6,2,66.7,1,33.3,2,0.5,4,4,7.3,4,100,4,4,1,100,0,0,0,0,0,0,0,0,0,0,0,0,83.3,1,33.3,0,0,1,100,0,0,0,0,1,1,100,0,0,0,50,-2.07,-0.314,50,50,0,0,1.4,0.8,1.4,0.8,0.6,0.7,0.4,0.8
2025,524,Brandin Cooks,NO,WR,1,8,TB,45.45454545454545,33.33333333333333,62,15,57.7,1,3.8,0.2,0.07,3,3,1,3,2.4,3,3,1,100,0,0,0,0,0,0,0,0,0,0,0,0,79.2,1,5.9,0,0,1,100,0,0,0,0,1,1,100,0,0,0,6.3,-2.45,-0.423,46.7,53.3,0,0,1.3,1,1.3,1.01,0.29,0.09,0.07,1
2025,525,Austin Hooper,NE,TE,1,7,TEN,11.76470588235294,100,50,2,20,1,10,1.5,0.5,12,12,7.8,3,1.8,3,3,1,100,0,0,0,0,1,0.97,50,1,1,1,1,0.5,118.8,1,10,0,0,1,100,0,0,0,0,1,1,100,1,0,0,33.3,-5.67,2.377,50,0,50,0,7.3,6.8,7.3,6.75,0.55,3.65,3.38,6.8
2025,526,Khalil Shakir,BUF,WR,1,10,MIA,26.82926829268293,12.5,66.2,11,78.6,1,7.1,0.27,0.09,3,3,1.3,3,2.2,3,3,1,100,0,0,0,0,0,0,0,0,0,0,0,0,79.2,1,11.1,0,0,1,100,0,0,0,0,0,0,0,0,0,0,9.1,-2.45,-0.344,18.2,81.8,0,0,1.3,1.6,1.3,1.63,-0.33,0.12,0.15,1.6
2025,527,Derius Davis,LAC,WR,1,10,PIT,50,50,7.2,1,7.1,1,7.1,3,1,-4,-4,-7,3,4.2,3,3,1,100,7,7,-1,-1,0,0.03,0,0,0,0,0,0,79.2,1,7.7,1,100,1,100,0,0,0,0,0,0,0,0,0,0,100,-1.49,-0.14,100,0,0,0,1.3,1.6,1.3,1.65,-0.35,1.3,1.65,1.6
2025,528,Josh Downs,IND,WR,1,10,ATL,20.51282051282051,20,45.9,8,72.7,1,9.1,0.38,0.13,2,2,1.3,3,2.7,3,3,1,100,1,1,1,1,0,0.02,0,0,0,0,0,0,79.2,1,9.1,0,0,1,100,0,0,0,0,0,0,0,0,0,0,12.5,-2.33,-0.297,25,75,0,0,1.3,1.8,1.3,1.8,-0.5,0.16,0.23,1.8
2025,529,Ladd McConkey,LAC,WR,1,7,IND,37.254901960784316,14.285714285714285,89.2,19,95,2,10,0.16,0.11,9,18,7.8,3,1.8,1.5,3,1,50,5,5,1,1,0,0.03,0,2,1,0,0,0,56.3,1,9.1,0,0,1,50,1,0,0,0,0,0,0,0,0,0,10.5,-6.68,-0.42,26.3,73.7,0,0,1.3,1.5,1.3,1.51,-0.21,0.07,0.08,1.5
2025,530,Carter Runyon,LV,TE,1,7,KC,100,100,13.3,2,25,1,12.5,1.5,0.5,-3,-3,-6.1,3,7.7,3,3,1,100,6,6,1,1,0,0,0,0,0,0,0,0,79.2,1,14.3,1,100,1,100,0,0,0,0,0,0,0,0,0,0,50,-2.87,-0.224,100,0,0,0,1.3,1.6,1.3,1.57,-0.27,0.65,0.79,1.6
2025,531,Tre Harris,LAC,WR,1,9,TEN,23.809523809523807,20,46.2,5,38.5,1,7.7,0.6,0.2,1,1,0.5,3,2.4,3,3,1,100,2,2,1,1,0,0.01,0,0,0,0,1,0.2,79.2,1,11.1,1,100,1,100,0,0,0,0,1,1,100,0,0,0,20,-2.12,0.884,20,80,0,0,1.3,0.9,1.3,0.91,0.39,0.26,0.18,0.9
2025,532,Ryan Flournoy,DAL,WR,1,11,LV,15.625,25,43.1,5,27.8,1,5.6,0.4,0.2,3,3,1.5,2,1.1,2,2,1,100,0,0,0,0,1,0.86,33.3,1,1,1,1,0.2,118.8,1,8.3,0,0,1,100,0,0,0,0,0,0,0,0,0,0,20,-3.45,1.046,20,80,0,0,7.2,6.4,7.2,6.35,0.85,1.44,1.27,6.4
2025,533,Malachi Corley,CLV,WR,1,11,BLT,45.45454545454545,33.33333333333333,29.6,5,35.7,1,7.1,0.4,0.2,-1,-1,-0.9,2,3.7,2,2,1,100,3,3,1,1,0,0,0,0,0,0,0,0,79.2,1,10,1,100,1,100,0,0,0,0,0,0,0,0,0,0,20,-4.17,-0.365,20,60,20,0,1.2,1.6,1.2,1.57,-0.37,0.24,0.31,1.6
2025,534,Harold Fannin,CLV,TE,1,12,LV,14.285714285714285,14.285714285714285,89.6,5,55.6,1,11.1,0.4,0.2,-5,-5,-4.3,2,3.3,2,2,1,100,7,7,2,2,0,0,0,0,0,0,0,0,79.2,1,12.5,1,100,1,100,0,0,0,0,0,0,0,0,0,0,16.7,-2.37,-0.716,20,20,40,20,1.2,1.5,1.2,1.5,-0.3,0.24,0.3,1.5
2025,535,Davante Adams,LA,WR,1,11,SEA,16.363636363636363,14.705882352941178,86,9,90,5,50,0.11,0.56,9.4,47,51.6,1,1.9,0.2,1,1,20,0,0,0,0,1,1.38,100,2,2,1,1,0.111,79.2,3,42.9,0,0,4,80,1,0,1,20,2,0,0,0,0,0,50,-7.57,-0.632,100,0,0,0,7.1,14.4,7.1,14.44,-7.34,0.79,1.6,14.4
2025,536,Sterling Shepard,TB,WR,1,10,NE,28.07017543859649,15.384615384615385,65.2,16,80,2,10,0.06,0.13,18.5,37,17.4,1,0.7,0.5,1,1,50,1,1,0,0,0,0,0,0,0,0,0,0,56.3,1,7.7,1,50,1,50,1,0,0,0,0,0,0,0,0,0,12.5,-9.93,-1.288,31.3,68.8,0,0,1.1,1.7,1.1,1.69,-0.59,0.07,0.11,1.7
2025,537,Gunnar Helm,TEN,TE,1,8,IND,37.5,100,55.2,6,46.2,1,7.7,0.17,0.17,3,3,3,1,2.1,1,1,1,100,0,0,0,0,1,0.96,100,1,1,1,1,0.167,118.8,0,0,0,0,1,100,0,0,0,0,0,0,0,0,0,0,16.7,-5.32,0.57,16.7,16.7,66.7,0,7.1,6.8,7.1,6.76,0.34,1.18,1.13,6.8
2025,538,Matthew Golden,GB,WR,1,8,PIT,31.03448275862069,14.285714285714285,65.1,9,90,1,10,0.11,0.11,3,3,1.7,1,0.7,1,1,1,100,-2,-2,-1,-1,0,0.02,0,0,0,0,0,0,79.2,1,10,0,0,1,100,0,0,0,0,0,0,0,0,0,0,10,-4.45,-0.588,44.4,55.6,0,0,1.1,1.8,1.1,1.83,-0.73,0.12,0.2,1.8
2025,539,Adam Thielen,MIN,WR,1,11,CHI,8.333333333333332,0,14.8,1,9.1,0,0,0,0,,0,0,0,0,,,0,,0,,0,,0,0,0,0,0,0,0,0,,0,0,0,,0,,0,,0,,0,0,,0,0,,0,,,0,100,0,0,0,0,0,0,0,0,0,0
2025,540,Adam Thielen,MIN,WR,1,8,LAC,25,25,25.5,3,20,1,6.7,0,0.33,4,4,2.9,0,0,0,0,0,0,0,0,0,0,0,0,0,0,0,0,0,0,39.6,1,10,0,0,1,100,0,0,0,0,1,0,0,0,0,0,33.3,-6.05,-0.384,33.3,66.7,0,0,0,1,0,1.04,-1.04,0,0.35,1
2025,541,Adam Thielen,MIN,WR,1,9,DET,8.333333333333332,0,6.8,1,7.7,0,0,0,0,,0,0,0,0,,,0,,0,,0,,0,0,0,0,0,0,0,0,,0,0,0,,0,,0,,0,,0,0,,0,0,,0,,,100,0,0,0,0,0,0,0,0,0,0,0
2025,542,Zach Ertz,WAS,TE,1,10,DET,18.91891891891892,0,82.4,7,100,0,0,0,0,,0,0,0,0,,,0,,0,,0,,0,0,0,0,0,0,0,0,,0,0,0,,0,,0,,0,,0,0,,0,0,,0,,,28.6,28.6,42.9,0,0,0,0,0,0,0,0,0
2025,543,Zach Ertz,WAS,TE,1,11,MIA,27.027027027027028,60,76.6,10,90.9,3,27.3,0,0.3,13.33,40,39.2,0,0,0,0,0,0,0,0,0,0,0,0,0,1,2,0,0,0,0,1,12.5,0,0,0,0,1,0,0,0,0,0,0,0,0,0,27.3,-9.57,-3.112,30,40,30,0,0,0,0,0,0,0,0,0
2025,544,Zach Ertz,WAS,TE,1,7,DAL,24.324324324324326,0,65.6,9,75,0,0,0,0,,0,0,0,0,,,0,,0,,0,,0,0,0,0,0,0,0,0,,0,0,0,,0,,0,,0,,0,0,,0,0,,0,,,0,77.8,22.2,0,0,0,0,0,0,0,0,0
2025,545,DeAndre Hopkins,BLT,WR,1,9,MIA,11.76470588235294,12.5,32.1,2,28.6,1,14.3,0,0.5,38,38,40,0,0,0,0,0,0,0,0,0,0,0,0,0,0,0,0,0,0,39.6,1,20,0,0,0,0,1,0,0,0,0,0,0,0,0,0,50,-11.72,-1.581,100,0,0,0,0,0.1,0,0.1,-0.1,0,0.05,0.1
2025,546,Brandin Cooks,NO,WR,1,10,CAR,6.0606060606060606,0,49.3,2,40,0,0,0,0,,0,0,0,0,,,0,,0,,0,,0,0,0,0,0,0,0,0,,0,0,0,,0,,0,,0,,0,0,,0,0,,0,,,50,50,0,0,0,0,0,0,0,0,0,0
2025,547,Brandin Cooks,NO,WR,1,7,CHI,18.181818181818183,0,69.8,6,75,0,0,0,0,,0,0,0,0,,,0,,0,,0,,0,0,0,0,0,0,0,0,,0,0,0,,0,,0,,0,,0,0,,0,0,,0,,,66.7,33.3,0,0,0,0,0,0,0,0,0,0
2025,548,Mike Evans,TB,WR,1,7,DET,100,100,19.7,5,20.8,2,8.3,0,0.4,30,60,20.3,0,0,0,0,0,0,0,0,0,0,0,0.08,0,0,0,0,0,0,39.6,2,13.3,0,0,1,50,1,0,1,50,2,0,0,0,0,0,40,-12.95,-0.72,60,40,0,0,0,3,0,3.04,-3.04,0,0.61,3
2025,549,Chris Manhertz,NYG,TE,1,12,DET,100,0,36.4,1,8.3,0,0,0,0,,0,0,0,0,,,0,,0,,0,,0,0,0,0,0,0,0,0,,0,0,0,,0,,0,,0,,0,0,,0,0,,0,,,0,0,100,0,0,0,0,0,0,0,0,0
2025,550,Stefon Diggs,NE,WR,1,12,CIN,12.962962962962962,0,47.8,7,70,0,0,0,0,,0,0,0,0,,,0,,0,,0,,0,0,0,0,0,0,0,0,,0,0,0,,0,,0,,0,,0,0,,0,0,,0,,,14.3,85.7,0,0,0,0,0,0,0,0,0,0
2025,551,Darren Waller,MIA,TE,1,7,CLV,100,0,26.3,3,20,0,0,0,0,,0,0,0,0,,,0,,0,,0,,0,0,0,0,0,0,0,0,,0,0,0,,0,,0,,0,,0,0,,0,0,,0,,,33.3,33.3,33.3,0,0,0,0,0,0,0,0,0
2025,552,Tyler Lockett,LV,WR,1,9,JAX,6.666666666666667,0,30,2,18.2,0,0,0,0,,0,0,0,0,,,0,,0,,0,,0,0,0,0,0,0,0,0,,0,0,0,,0,,0,,0,,0,0,,0,0,,0,,,100,0,0,0,0,0,0,0,0,0,0,0
2025,553,Sterling Shepard,TB,WR,1,11,BUF,14.035087719298245,7.6923076923076925,63.2,8,72.7,1,9.1,0,0.13,2,2,2,0,0,0,0,0,0,0,0,0,0,0,0,0,0,0,0,0,0,39.6,1,12.5,0,0,1,100,0,0,0,0,1,0,0,0,0,0,10,-5.33,-1.645,25,75,0,0,0,0.7,0,0.67,-0.67,0,0.08,0.7
2025,554,Austin Hooper,NE,TE,1,10,TB,23.52941176470588,0,54.2,4,28.6,0,0,0,0,,0,0,0,0,,,0,,0,,0,,0,0,0,0,0,0,0,0,,0,0,0,,0,,0,,0,,0,0,,0,0,,0,,,0,0,100,0,0,0,0,0,0,0,0,0
2025,555,Austin Hooper,NE,TE,1,12,CIN,23.52941176470588,0,55.2,4,40,0,0,0,0,,0,0,0,0,,,0,,0,,0,,0,0,0,0,0,0,0,0,,0,0,0,,0,,0,,0,,0,0,,0,0,,0,,,0,25,75,0,0,0,0,0,0,0,0,0
2025,556,Austin Hooper,NE,TE,1,8,CLV,17.647058823529413,0,58.5,3,17.6,0,0,0,0,,0,0,0,0,,,0,,0,,0,,0,0,0,0,0,0,0,0,,0,0,0,,0,,0,,0,,0,0,,0,0,,0,,,0,0,100,0,0,0,0,0,0,0,0,0
2025,557,Austin Hooper,NE,TE,1,9,ATL,23.52941176470588,0,52.9,4,66.7,0,0,0,0,,0,0,0,0,,,0,,0,,0,,0,0,0,0,0,0,0,0,,0,0,0,,0,,0,,0,,0,0,,0,0,,0,,,50,0,50,0,0,0,0,0,0,0,0,0
2025,558,Nick Vannett,MIN,TE,1,9,DET,100,0,44.1,2,15.4,0,0,0,0,,0,0,0,0,,,0,,0,,0,,0,0,0,0,0,0,0,0,,0,0,0,,0,,0,,0,,0,0,,0,0,,0,,,0,0,100,0,0,0,0,0,0,0,0,0
2025,559,Chris Moore,WAS,WR,1,10,DET,7.4074074074074066,0,19.6,2,28.6,0,0,0,0,,0,0,0,0,,,0,,0,,0,,0,0,0,0,0,0,0,0,,0,0,0,,0,,0,,0,,0,0,,0,0,,0,,,100,0,0,0,0,0,0,0,0,0,0,0
2025,560,Chris Moore,WAS,WR,1,8,KC,11.11111111111111,0,42.3,3,30,0,0,0,0,,0,0,0,0,,,0,,0,,0,,0,0,0,0,0,0,0,0,,0,0,0,,0,,0,,0,,0,0,,0,0,,0,,,100,0,0,0,0,0,0,0,0,0,0,0
2025,561,Chris Moore,WAS,WR,1,9,SEA,11.11111111111111,0,74.2,3,60,0,0,0,0,,0,0,0,0,,,0,,0,,0,,0,0,0,0,0,0,0,0,,0,0,0,,0,,0,,0,,0,0,,0,0,,0,,,100,0,0,0,0,0,0,0,0,0,0,0
2025,562,Kalif Raymond,DET,WR,1,11,PHI,32.142857142857146,0,63.3,9,69.2,0,0,0,0,,0,0,0,0,,,0,,0,,0,,0,0,0,0,0,0,0,0,,0,0,0,,0,,0,,0,,0,0,,0,0,,0,,,44.4,55.6,0,0,0,0,0,0,0,0,0,0
2025,563,Kalif Raymond,DET,WR,1,9,MIN,21.428571428571427,20,46.8,6,42.9,1,7.1,0,0.17,4,4,2.4,0,0,0,0,0,0,0,0,0,0,0,0,0,0,0,0,0,0,39.6,0,0,0,0,0,0,0,0,0,0,0,0,0,0,0,0,14.3,-6.05,-0.136,50,50,0,0,0,0,0,0.01,-0.01,0,0,0
2025,564,Robbie Chosen,WAS,WR,1,11,MIA,15.384615384615385,12.5,35.9,2,18.2,1,9.1,0,0.5,9,9,8.8,0,0,0,0,0,0,0,0,0,0,0,0,0,0,0,0,0,0,39.6,1,12.5,0,0,0,0,0,0,0,0,0,0,0,0,0,0,50,-7.45,-0.32,50,50,0,0,0,0,0,0,0,0,0,0
2025,565,Demarcus Robinson,SF,WR,1,12,CAR,15.151515151515152,0,54.3,5,71.4,0,0,0,0,,0,0,0,0,,,0,,0,,0,,0,0,0,0,0,0,0,0,,0,0,0,,0,,0,,0,,0,0,,0,0,,0,,,40,60,0,0,0,0,0,0,0,0,0,0
2025,566,Demarcus Robinson,SF,WR,1,7,ATL,12.121212121212121,20,33.3,4,50,1,12.5,0,0.25,39,39,49.4,0,0,0,0,0,0,0,0,0,0,0,0.21,0,0,0,0,0,0,39.6,0,0,0,0,1,100,1,0,1,100,1,0,0,0,0,0,25,-14.89,-1.485,100,0,0,0,0,3.7,0,3.7,-3.7,0,0.92,3.7
2025,567,Demarcus Robinson,SF,WR,1,8,HST,12.121212121212121,0,56.8,4,44.4,0,0,0,0,,0,0,0,0,,,0,,0,,0,,0,0,0,0,0,0,0,0,,0,0,0,,0,,0,,0,,0,0,,0,0,,0,,,0,100,0,0,0,0,0,0,0,0,0,0
2025,568,Demarcus Robinson,SF,WR,1,9,NYG,21.21212121212121,0,33.8,7,87.5,0,0,0,0,,0,0,0,0,,,0,,0,,0,,0,0,0,0,0,0,0,0,,0,0,0,,0,,0,,0,,0,0,,0,0,,0,,,28.6,71.4,0,0,0,0,0,0,0,0,0,0
2025,569,Hunter Henry,NE,TE,1,10,TB,19.642857142857142,0,86.4,11,78.6,0,0,0,0,,0,0,0,0,,,0,,0,,0,,0,0,0,0,0,0,0,0,,0,0,0,,0,,0,,0,,0,0,,0,0,,0,,,0,45.5,27.3,27.3,0,0,0,0,0,0,0,0
2025,570,Hunter Henry,NE,TE,1,11,NYJ,23.214285714285715,0,93.5,13,86.7,0,0,0,0,,0,0,0,0,,,0,,0,,0,,0,0,0,0,0,0,0,0,,0,0,0,,0,,0,,0,,0,0,,0,0,,0,,,0,61.5,38.5,0,0,0,0,0,0,0,0,0
2025,571,Hunter Henry,NE,TE,1,7,TEN,14.285714285714285,0,68.8,8,80,0,0,0,0,,0,0,0,0,,,0,,0,,0,,0,0,0,0,0,0,0,0,,0,0,0,,0,,0,,0,,0,0,,0,0,,0,,,12.5,75,12.5,0,0,0,0,0,0,0,0,0
2025,572,Hunter Henry,NE,TE,1,8,CLV,23.214285714285715,0,76.9,13,76.5,0,0,0,0,,0,0,0,0,,,0,,0,,0,,0,0,0,0,0,0,0,0,,0,0,0,,0,,0,,0,,0,0,,0,0,,0,,,7.7,69.2,23.1,0,0,0,0,0,0,0,0,0
2025,573,Hunter Henry,NE,TE,1,9,ATL,7.142857142857142,0,75,4,66.7,0,0,0,0,,0,0,0,0,,,0,,0,,0,,0,0,0,0,0,0,0,0,,0,0,0,,0,,0,,0,,0,0,,0,0,,0,,,25,0,75,0,0,0,0,0,0,0,0,0
2025,574,Tyler Higbee,LA,TE,1,10,SF,31.57894736842105,0,53.7,6,46.2,0,0,0,0,,0,0,0,0,,,0,,0,,0,,0,0,0,0,0,0,0,0,,0,0,0,,0,,0,,0,,0,0,,0,0,,0,,,0,33.3,66.7,0,0,0,0,0,0,0,0,0
2025,575,Tyler Higbee,LA,TE,1,11,SEA,15.789473684210526,0,40,3,30,0,0,0,0,,0,0,0,0,,,0,,0,,0,,0,0,0,0,0,0,0,0,,0,0,0,,0,,0,,0,,0,0,,0,0,,0,,,0,66.7,33.3,0,0,0,0,0,0,0,0,0
2025,576,Tyler Higbee,LA,TE,1,7,JAX,10.526315789473683,100,37.1,2,13.3,1,6.7,0,0.5,10,10,6.3,0,0,0,0,0,0,0,0,0,0,0,0,0,0,0,0,0,0,39.6,1,7.7,0,0,0,0,0,0,0,0,0,0,0,0,0,0,25,-7.77,-1.24,50,0,50,0,0,0,0,0.03,-0.03,0,0.02,0
2025,577,Tyler Higbee,LA,TE,1,9,NO,42.10526315789473,0,50.6,8,57.1,0,0,0,0,,0,0,0,0,,,0,,0,,0,,0,0,0,0,0,0,0,0,,0,0,0,,0,,0,,0,,0,0,,0,0,,0,,,12.5,12.5,75,0,0,0,0,0,0,0,0,0
2025,578,Mo Alie-Cox,IND,TE,1,10,ATL,37.5,0,44.6,3,27.3,0,0,0,0,,0,0,0,0,,,0,,0,,0,,0,0,0,0,0,0,0,0,,0,0,0,,0,,0,,0,,0,0,,0,0,,0,,,0,0,100,0,0,0,0,0,0,0,0,0
2025,579,Mo Alie-Cox,IND,TE,1,8,TEN,25,0,30.8,2,15.4,0,0,0,0,,0,0,0,0,,,0,,0,,0,,0,0,0,0,0,0,0,0,,0,0,0,,0,,0,,0,,0,0,,0,0,,0,,,0,0,100,0,0,0,0,0,0,0,0,0
2025,580,Mo Alie-Cox,IND,TE,1,9,PIT,37.5,0,33.8,3,12,0,0,0,0,,0,0,0,0,,,0,,0,,0,,0,0,0,0,0,0,0,0,,0,0,0,,0,,0,,0,,0,0,,0,0,,0,,,0,0,100,0,0,0,0,0,0,0,0,0
2025,581,Johnny Mundt,JAX,TE,1,10,HST,14.285714285714285,0,49.1,3,60,0,0,0,0,,0,0,0,0,,,0,,0,,0,,0,0,0,0,0,0,0,0,,0,0,0,,0,,0,,0,,0,0,,0,0,,0,,,0,0,100,0,0,0,0,0,0,0,0,0
2025,582,Johnny Mundt,JAX,TE,1,11,LAC,19.047619047619047,0,58,4,36.4,0,0,0,0,,0,0,0,0,,,0,,0,,0,,0,0,0,0,0,0,0,0,,0,0,0,,0,,0,,0,,0,0,,0,0,,0,,,0,25,75,0,0,0,0,0,0,0,0,0
2025,583,Johnny Mundt,JAX,TE,1,12,ARZ,4.761904761904762,0,49.2,1,10,0,0,0,0,,0,0,0,0,,,0,,0,,0,,0,0,0,0,0,0,0,0,,0,0,0,,0,,0,,0,,0,0,,0,0,,0,,,0,0,100,0,0,0,0,0,0,0,0,0
2025,584,Johnny Mundt,JAX,TE,1,9,LV,19.047619047619047,0,32.5,4,26.7,0,0,0,0,,0,0,0,0,,,0,,0,,0,,0,0,0,0,0,0,0,0,,0,0,0,,0,,0,,0,,0,0,,0,0,,0,,,25,0,75,0,0,0,0,0,0,0,0,0
2025,585,Curtis Samuel,BUF,WR,1,8,CAR,26.666666666666668,0,28.3,4,33.3,0,0,0,0,,0,0,0,0,,,0,,0,,0,,0,0,0,0,0,0,0,0,,0,0,0,,0,,0,,0,,0,0,,0,0,,0,,,75,25,0,0,0,0,0,0,0,0,0,0
2025,586,Curtis Samuel,BUF,WR,1,9,KC,13.333333333333334,0,42.2,2,33.3,0,0,0,0,,0,0,0,0,,,0,,0,,0,,0,0,0,0,0,0,0,0,,0,0,0,,0,,0,,0,,0,0,,0,0,,0,,,0,100,0,0,0,0,0,0,0,0,0,0
2025,587,George Kittle,SF,TE,1,10,LA,15.789473684210526,0,91.7,6,75,0,0,0,0,,0,0,0,0,,,0,,0,,0,,0,0,0,0,0,0,0,0,,0,0,0,,0,,0,,0,,0,0,,0,0,,0,,,0,33.3,66.7,0,0,0,0,0,0,0,0,0
2025,588,George Kittle,SF,TE,1,11,ARZ,18.421052631578945,0,88.5,7,77.8,0,0,0,0,,0,0,0,0,,,0,,0,,0,,0,0,0,0,0,0,0,0,,0,0,0,,0,,0,,0,,0,0,,0,0,,0,,,0,57.1,42.9,0,0,0,0,0,0,0,0,0
2025,589,George Kittle,SF,TE,1,12,CAR,10.526315789473683,0,91.4,4,57.1,0,0,0,0,,0,0,0,0,,,0,,0,,0,,0,0,0,0,0,0,0,0,,0,0,0,,0,,0,,0,,0,0,,0,0,,0,,,25,0,75,0,0,0,0,0,0,0,0,0
2025,590,George Kittle,SF,TE,1,7,ATL,18.421052631578945,50,81.8,7,87.5,1,12.5,0,0.14,12,12,15.2,0,0,0,0,0,0,0,0,0,0,0,0,0,0,0,0,0,0,39.6,1,16.7,0,0,0,0,0,0,0,0,0,0,0,0,0,0,14.3,-8.67,-0.525,28.6,14.3,57.1,0,0,0,0,0.01,-0.01,0,0,0
2025,591,George Kittle,SF,TE,1,8,HST,21.052631578947366,0,88.6,8,88.9,0,0,0,0,,0,0,0,0,,,0,,0,,0,,0,0,0,0,0,0,0,0,,0,0,0,,0,,0,,0,,0,0,,0,0,,0,,,12.5,37.5,50,0,0,0,0,0,0,0,0,0
2025,592,Kendrick Bourne,SF,WR,1,11,ARZ,3.8461538461538463,0,25,1,11.1,0,0,0,0,,0,0,0,0,,,0,,0,,0,,0,0,0,0,0,0,0,0,,0,0,0,,0,,0,,0,,0,0,,0,0,,0,,,100,0,0,0,0,0,0,0,0,0,0,0
2025,593,Taysom Hill,NO,TE,1,10,CAR,100,0,37.3,1,20,0,0,0,0,,0,0,0,0,,,0,,0,,0,,0,0,0,0,0,0,0,0,,0,0,0,,0,,0,,0,,0,0,,0,0,,0,,,0,100,0,0,0,0,0,0,0,0,0,0
2025,594,Tim Patrick,JAX,WR,1,10,HST,15.789473684210526,0,69.1,3,60,0,0,0,0,,0,0,0,0,,,0,,0,,0,,0,0,0,0,0,0,0,0,,0,0,0,,0,,0,,0,,0,0,,0,0,,0,,,33.3,66.7,0,0,0,0,0,0,0,0,0,0
2025,595,Tim Patrick,JAX,WR,1,12,ARZ,36.84210526315789,33.33333333333333,45.9,7,70,2,20,0,0.29,18,36,27.7,0,0,0,0,0,0,0,0,0,0,0,0.01,0,1,1,0,0,0,39.6,1,12.5,0,0,1,50,1,0,1,50,0,0,0,0,0,0,28.6,-10.87,-1.659,85.7,14.3,0,0,0,2.7,0,2.65,-2.65,0,0.38,2.7
2025,596,Pharaoh Brown,ARZ,TE,1,12,JAX,100,0,9.2,1,4.5,0,0,0,0,,0,0,0,0,,,0,,0,,0,,0,0,0,0,0,0,0,0,,0,0,0,,0,,0,,0,,0,0,,0,0,,0,,,0,0,100,0,0,0,0,0,0,0,0,0
2025,597,Eric Saubert,SEA,TE,1,7,HST,100,0,31.3,1,7.1,0,0,0,0,,0,0,0,0,,,0,,0,,0,,0,0,0,0,0,0,0,0,,0,0,0,,0,,0,,0,,0,0,,0,0,,0,,,0,0,100,0,0,0,0,0,0,0,0,0
2025,598,Robert Tonyan,KC,TE,1,11,DEN,33.33333333333333,0,11.3,1,5.9,0,0,0,0,,0,0,0,0,,,0,,0,,0,,0,0,0,0,0,0,0,0,,0,0,0,,0,,0,,0,,0,0,,0,0,,0,,,0,0,100,0,0,0,0,0,0,0,0,0
2025,599,Robert Tonyan,KC,TE,1,12,IND,33.33333333333333,0,16.5,1,5.9,0,0,0,0,,0,0,0,0,,,0,,0,,0,,0,0,0,0,0,0,0,0,,0,0,0,,0,,0,,0,,0,0,,0,0,,0,,,100,0,0,0,0,0,0,0,0,0,0,0
2025,600,Robert Tonyan,KC,TE,1,8,WAS,33.33333333333333,0,7.5,1,12.5,0,0,0,0,,0,0,0,0,,,0,,0,,0,,0,0,0,0,0,0,0,0,,0,0,0,,0,,0,,0,,0,0,,0,0,,0,,,0,100,0,0,0,0,0,0,0,0,0,0
2025,601,JuJu Smith-Schuster,KC,WR,1,11,DEN,20,0,38.7,3,17.6,0,0,0,0,,0,0,0,0,,,0,,0,,0,,0,0,0,0,0,0,0,0,,0,0,0,,0,,0,,0,,0,0,,0,0,,0,,,100,0,0,0,0,0,0,0,0,0,0,0
2025,602,JuJu Smith-Schuster,KC,WR,1,7,LV,33.33333333333333,0,35.1,5,41.7,0,0,0,0,,0,0,0,0,,,0,,0,,0,,0,0,0,0,0,0,0,0,,0,0,0,,0,,0,,0,,0,0,,0,0,,0,,,40,60,0,0,0,0,0,0,0,0,0,0
2025,603,JuJu Smith-Schuster,KC,WR,1,8,WAS,6.666666666666667,0,31.3,1,12.5,0,0,0,0,,0,0,0,0,,,0,,0,,0,,0,0,0,0,0,0,0,0,,0,0,0,,0,,0,,0,,0,0,,0,0,,0,,,0,100,0,0,0,0,0,0,0,0,0,0
2025,604,Jonnu Smith,PIT,TE,1,10,LAC,20,0,68,9,69.2,0,0,0,0,,0,0,0,0,,,0,,0,,0,,0,0,0,0,0,0,0,0,,0,0,0,,0,,0,,0,,0,0,,0,0,,0,,,0,44.4,55.6,0,0,0,0,0,0,0,0,0
2025,605,Jonnu Smith,PIT,TE,1,11,CIN,8.88888888888889,0,55,4,40,0,0,0,0,,0,0,0,0,,,0,,0,,0,,0,0,0,0,0,0,0,0,,0,0,0,,0,,0,,0,,0,0,,0,0,,0,,,0,50,50,0,0,0,0,0,0,0,0,0
2025,606,Jonnu Smith,PIT,TE,1,7,CIN,20,33.33333333333333,72.2,9,75,1,8.3,0,0.11,26,26,13.8,0,0,0,0,0,0,0,0,0,0,0,0,0,0,0,0,0,0,39.6,0,0,0,0,0,0,1,0,0,0,0,0,0,0,0,0,11.1,-11.15,-1.7,11.1,55.6,22.2,11.1,0,-0.1,0,-0.05,0.05,0,-0.01,-0.1
2025,607,Jonnu Smith,PIT,TE,1,8,GB,15.555555555555555,0,59.6,7,50,0,0,0,0,,0,0,0,0,,,0,,0,,0,,0,0,0,0,0,0,0,0,,0,0,0,,0,,0,,0,,0,0,,0,0,,0,,,0,57.1,42.9,0,0,0,0,0,0,0,0,0
2025,608,Evan Engram,DEN,TE,1,10,LV,18.6046511627907,25,45.6,8,72.7,1,9.1,0,0.13,15,15,11.6,0,0,0,0,0,0,0,0,0,0,0,0,0,0,0,0,0,0,39.6,0,0,0,0,1,100,0,0,1,100,0,0,0,0,0,0,11.1,-10.64,-1.499,12.5,50,37.5,0,0,2.7,0,2.7,-2.7,0,0.34,2.7
2025,609,Evan Engram,DEN,TE,1,11,KC,9.30232558139535,0,41,4,30.8,0,0,0,0,,0,0,0,0,,,0,,0,,0,,0,0,0,0,0,0,0,0,,0,0,0,,0,,0,,0,,0,0,,0,0,,0,,,25,50,25,0,0,0,0,0,0,0,0,0
2025,610,Evan Engram,DEN,TE,1,8,DAL,23.25581395348837,0,42.1,10,55.6,0,0,0,0,,0,0,0,0,,,0,,0,,0,,0,0,0,0,0,0,0,0,,0,0,0,,0,,0,,0,,0,0,,0,0,,0,,,0,30,70,0,0,0,0,0,0,0,0,0
2025,611,Evan Engram,DEN,TE,1,9,HST,20.930232558139537,25,50.8,9,60,1,6.7,0,0.11,3,3,1,0,0,0,0,0,0,0,0,0,0,0,0,0,0,0,0,0,0,39.6,0,0,0,0,0,0,0,0,0,0,0,0,0,0,0,0,11.1,-6.32,-1.314,22.2,44.4,33.3,0,0,0,0,0,0,0,0,0
2025,612,David Njoku,CLV,TE,1,10,NYJ,26.08695652173913,0,68.6,6,42.9,0,0,0,0,,0,0,0,0,,,0,,0,,0,,0,0,0,0,0,0,0,0,,0,0,0,,0,,0,,0,,0,0,,0,0,,0,,,33.3,16.7,50,0,0,0,0,0,0,0,0,0
2025,613,David Njoku,CLV,TE,1,11,BLT,26.08695652173913,0,66.7,6,42.9,0,0,0,0,,0,0,0,0,,,0,,0,,0,,0,0,0,0,0,0,0,0,,0,0,0,,0,,0,,0,,0,0,,0,0,,0,,,16.7,33.3,50,0,0,0,0,0,0,0,0,0
2025,614,David Njoku,CLV,TE,1,12,LV,21.73913043478261,0,47.9,5,55.6,0,0,0,0,,0,0,0,0,,,0,,0,,0,,0,0,0,0,0,0,0,0,,0,0,0,,0,,0,,0,,0,0,,0,0,,0,,,0,20,80,0,0,0,0,0,0,0,0,0
2025,615,David Njoku,CLV,TE,1,8,NE,26.08695652173913,100,57.7,6,75,1,12.5,0,0.17,7,7,11.1,0,0,0,0,0,0,0,0,0,0,0,0,0,0,0,0,0,0,0,1,20,0,0,0,0,0,0,0,0,0,0,0,0,0,0,14.3,-7.31,-5.929,16.7,50,33.3,0,0,0,0,0.02,-0.02,0,0,0
2025,616,Zay Jones,ARZ,WR,1,9,DAL,56.25,0,52.3,9,56.3,0,0,0,0,,0,0,0,0,,,0,,0,,0,,0,0,0,0,0,0,0,0,,0,0,0,,0,,0,,0,,0,0,,0,0,,0,,,55.6,44.4,0,0,0,0,0,0,0,0,0,0
2025,617,Cooper Kupp,SEA,WR,1,11,LA,37.83783783783784,40,79.7,14,77.8,2,11.1,0,0.14,12.5,25,12.4,0,0,0,0,0,0,0,0,0,0,0,0,0,0,0,0,0,0,0,1,7.1,0,0,1,50,0,0,0,0,1,0,0,0,0,0,14.3,-8.95,-3.928,42.9,57.1,0,0,0,1.1,0,1.09,-1.09,0,0.08,1.1
2025,618,Cooper Kupp,SEA,WR,1,7,HST,32.432432432432435,0,76.1,12,85.7,0,0,0,0,,0,0,0,0,,,0,,0,,0,,0,0,0,0,0,0,0,0,,0,0,0,,0,,0,,0,,0,0,,0,0,,0,,,41.7,58.3,0,0,0,0,0,0,0,0,0,0
2025,619,Ross Dwelley,DET,TE,1,10,WAS,66.66666666666666,0,16.2,2,15.4,0,0,0,0,,0,0,0,0,,,0,,0,,0,,0,0,0,0,0,0,0,0,,0,0,0,,0,,0,,0,,0,0,,0,0,,0,,,0,0,100,0,0,0,0,0,0,0,0,0
2025,620,Ross Dwelley,DET,TE,1,12,NYG,33.33333333333333,0,3.1,1,11.1,0,0,0,0,,0,0,0,0,,,0,,0,,0,,0,0,0,0,0,0,0,0,,0,0,0,,0,,0,,0,,0,0,,0,0,,0,,,100,0,0,0,0,0,0,0,0,0,0,0
2025,621,Will Dissly,LAC,TE,1,7,IND,100,100,4.1,1,5,1,5,0,1,9,9,3.9,0,0,0,0,0,0,0,0,0,0,0,0,0,0,0,0,0,0,39.6,0,0,0,0,1,100,0,0,1,100,0,0,0,0,0,0,100,-7.26,-0.923,100,0,0,0,0,2,0,2.02,-2.02,0,2.02,2
2025,622,Dallas Goedert,PHI,TE,1,11,DET,26.31578947368421,0,89.9,15,88.2,0,0,0,0,,0,0,0,0,,,0,,0,,0,,0,0,0,0,0,0,0,0,,0,0,0,,0,,0,,0,,0,0,,0,0,,0,,,13.3,60,26.7,0,0,0,0,0,0,0,0,0
2025,623,Dallas Goedert,PHI,TE,1,12,DAL,28.07017543859649,0,93.1,16,100,0,0,0,0,,0,0,0,0,,,0,,0,,0,,0,0,0,0,0,0,0,0,,0,0,0,,0,,0,,0,,0,0,,0,0,,0,,,0,43.8,56.3,0,0,0,0,0,0,0,0,0
2025,624,Dallas Goedert,PHI,TE,1,7,MIN,21.052631578947366,0,98,12,85.7,0,0,0,0,,0,0,0,0,,,0,,0,,0,,0,0,0,0,0,0,0,0,,0,0,0,,0,,0,,0,,0,0,,0,0,,0,,,25,50,25,0,0,0,0,0,0,0,0,0
2025,625,Ian Thomas,LV,TE,1,11,DAL,28.57142857142857,0,29.3,2,12.5,0,0,0,0,,0,0,0,0,,,0,,0,,0,,0,0,0,0,0,0,0,0,,0,0,0,,0,,0,,0,,0,0,,0,0,,0,,,0,0,100,0,0,0,0,0,0,0,0,0
2025,626,Ian Thomas,LV,TE,1,7,KC,28.57142857142857,0,36.7,2,25,0,0,0,0,,0,0,0,0,,,0,,0,,0,,0,0,0,0,0,0,0,0,,0,0,0,,0,,0,,0,,0,0,,0,0,,0,,,0,0,100,0,0,0,0,0,0,0,0,0
2025,627,Dalton Schultz,HST,TE,1,10,JAX,20.634920634920633,25,76.8,13,68.4,1,5.3,0,0.08,23,23,8.7,0,0,0,0,0,0,0,0,0,0,0,0,0,0,0,0,0,0,39.6,0,0,0,0,0,0,1,0,0,0,0,0,0,0,0,0,6.7,-11.7,-0.493,7.7,30.8,61.5,0,0,0,0,-0.03,0.03,0,0,0
2025,628,Dalton Schultz,HST,TE,1,11,TEN,19.047619047619047,0,70.6,12,70.6,0,0,0,0,,0,0,0,0,,,0,,0,,0,,0,0,0,0,0,0,0,0,,0,0,0,,0,,0,,0,,0,0,,0,0,,0,,,0,41.7,50,8.3,0,0,0,0,0,0,0,0
2025,629,Dalton Schultz,HST,TE,1,7,SEA,15.873015873015872,0,72.5,10,58.8,0,0,0,0,,0,0,0,0,,,0,,0,,0,,0,0,0,0,0,0,0,0,,0,0,0,,0,,0,,0,,0,0,,0,0,,0,,,0,20,80,0,0,0,0,0,0,0,0,0
2025,630,Dalton Schultz,HST,TE,1,8,SF,14.285714285714285,0,60,9,64.3,0,0,0,0,,0,0,0,0,,,0,,0,,0,,0,0,0,0,0,0,0,0,,0,0,0,,0,,0,,0,,0,0,,0,0,,0,,,0,0,100,0,0,0,0,0,0,0,0,0
2025,631,Ray-Ray McCloud,NYG,WR,1,10,CHI,25,0,27.1,2,18.2,0,0,0,0,,0,0,0,0,,,0,,0,,0,,0,0,0,0,0,0,0,0,,0,0,0,,0,,0,,0,,0,0,,0,0,,0,,,100,0,0,0,0,0,0,0,0,0,0,0
2025,632,Ray-Ray McCloud,NYG,WR,1,9,SF,75,0,91.1,6,85.7,0,0,0,0,,0,0,0,0,,,0,,0,,0,,0,0,0,0,0,0,0,0,,0,0,0,,0,,0,,0,,0,0,,0,0,,0,,,100,0,0,0,0,0,0,0,0,0,0,0
2025,633,Cedrick Wilson,MIA,WR,1,8,ATL,50,0,32.3,1,10,0,0,0,0,,0,0,0,0,,,0,,0,,0,,0,0,0,0,0,0,0,0,,0,0,0,,0,,0,,0,,0,0,,0,0,,0,,,100,0,0,0,0,0,0,0,0,0,0,0
2025,634,Braxton Berrios,HST,WR,1,7,SEA,62.5,33.33333333333333,46.4,10,58.8,1,5.9,0,0.1,4,4,2.2,0,0,0,0,0,0,0,0,0,0,0,0,0,0,0,0,0,0,39.6,1,6.7,0,0,0,0,0,0,0,0,0,0,0,0,0,0,10,-6.05,-0.595,30,70,0,0,0,0,0,-0.02,0.02,0,0,0
2025,635,Trent Sherfield,DEN,WR,1,10,LV,50,0,21.1,1,9.1,0,0,0,0,,0,0,0,0,,,0,,0,,0,,0,0,0,0,0,0,0,0,,0,0,0,,0,,0,,0,,0,0,,0,0,,0,,,0,100,0,0,0,0,0,0,0,0,0,0
2025,636,Trent Sherfield,DEN,WR,1,7,NYG,50,0,11.8,1,4.5,0,0,0,0,,0,0,0,0,,,0,,0,,0,,0,0,0,0,0,0,0,0,,0,0,0,,0,,0,,0,,0,0,,0,0,,0,,,100,0,0,0,0,0,0,0,0,0,0,0
2025,637,Tanner Hudson,CIN,TE,1,11,PIT,36.84210526315789,0,33.3,7,43.8,0,0,0,0,,0,0,0,0,,,0,,0,,0,,0,0,0,0,0,0,0,0,,0,0,0,,0,,0,,0,,0,0,,0,0,,0,,,0,57.1,42.9,0,0,0,0,0,0,0,0,0
2025,638,Tanner Hudson,CIN,TE,1,12,NE,31.57894736842105,0,22.6,6,35.3,0,0,0,0,,0,0,0,0,,,0,,0,,0,,0,0,0,0,0,0,0,0,,0,0,0,,0,,0,,0,,0,0,,0,0,,0,,,0,33.3,66.7,0,0,0,0,0,0,0,0,0
2025,639,Tanner Hudson,CIN,TE,1,8,NYJ,10.526315789473683,0,19,2,15.4,0,0,0,0,,0,0,0,0,,,0,,0,,0,,0,0,0,0,0,0,0,0,,0,0,0,,0,,0,,0,,0,0,,0,0,,0,,,0,100,0,0,0,0,0,0,0,0,0,0
2025,640,Tanner Hudson,CIN,TE,1,9,CHI,21.052631578947366,0,16.9,4,19,0,0,0,0,,0,0,0,0,,,0,,0,,0,,0,0,0,0,0,0,0,0,,0,0,0,,0,,0,,0,,0,0,,0,0,,0,,,0,75,25,0,0,0,0,0,0,0,0,0
2025,641,Mark Andrews,BLT,TE,1,12,NYJ,24,0,65.5,6,85.7,0,0,0,0,,0,0,0,0,,,0,,0,,0,,0,0,0,0,0,0,0,0,,0,0,0,,0,,0,,0,,0,0,,0,0,,0,,,0,100,0,0,0,0,0,0,0,0,0,0
2025,642,Mark Andrews,BLT,TE,1,8,CHI,12,0,57.6,3,37.5,0,0,0,0,,0,0,0,0,,,0,,0,,0,,0,0,0,0,0,0,0,0,,0,0,0,,0,,0,,0,,0,0,,0,0,,0,,,0,100,0,0,0,0,0,0,0,0,0,0
2025,643,Mark Andrews,BLT,TE,1,9,MIA,12,0,50,3,42.9,0,0,0,0,,0,0,0,0,,,0,,0,,0,,0,0,0,0,0,0,0,0,,0,0,0,,0,,0,,0,,0,0,,0,0,,0,,,33.3,66.7,0,0,0,0,0,0,0,0,0,0
2025,644,Christian Kirk,HST,WR,1,10,JAX,17.857142857142858,50,42,5,26.3,1,5.3,0,0.2,3,3,1.1,0,0,0,0,0,0,0,0,0,0,0,0,0,0,0,0,0,0,0,1,6.3,0,0,1,100,0,0,0,0,1,0,0,0,0,0,20,-5.45,-5.528,20,80,0,0,0,0.7,0,0.69,-0.69,0,0.14,0.7
2025,645,Christian Kirk,HST,WR,1,11,TEN,32.142857142857146,0,52.9,9,52.9,0,0,0,0,,0,0,0,0,,,0,,0,,0,,0,0,0,0,0,0,0,0,,0,0,0,,0,,0,,0,,0,0,,0,0,,0,,,0,100,0,0,0,0,0,0,0,0,0,0
2025,646,Christian Kirk,HST,WR,1,9,DEN,39.285714285714285,0,55.6,11,73.3,0,0,0,0,,0,0,0,0,,,0,,0,,0,,0,0,0,0,0,0,0,0,,0,0,0,,0,,0,,0,,0,0,,0,0,,0,,,27.3,72.7,0,0,0,0,0,0,0,0,0,0
2025,647,Durham Smythe,CHI,TE,1,10,NYG,15.384615384615385,0,15.6,2,11.1,0,0,0,0,,0,0,0,0,,,0,,0,,0,,0,0,0,0,0,0,0,0,,0,0,0,,0,,0,,0,,0,0,,0,0,,0,,,0,0,50,50,0,0,0,0,0,0,0,0
2025,648,Durham Smythe,CHI,TE,1,11,MIN,15.384615384615385,100,21.9,2,18.2,2,18.2,0,1,5,10,5.4,0,0,0,0,0,0,0,0,0,0,0,0.05,0,0,0,0,0,0,39.6,2,18.2,0,0,2,100,0,0,1,50,1,0,0,0,0,0,100,-6.58,-0.633,100,0,0,0,0,3.4,0,3.38,-3.38,0,1.69,3.4
2025,649,Durham Smythe,CHI,TE,1,12,PIT,15.384615384615385,0,31.1,2,14.3,0,0,0,0,,0,0,0,0,,,0,,0,,0,,0,0,0,0,0,0,0,0,,0,0,0,,0,,0,,0,,0,0,,0,0,,0,,,0,50,50,0,0,0,0,0,0,0,0,0
2025,650,Durham Smythe,CHI,TE,1,7,NO,7.6923076923076925,0,31.3,1,9.1,0,0,0,0,,0,0,0,0,,,0,,0,,0,,0,0,0,0,0,0,0,0,,0,0,0,,0,,0,,0,,0,0,,0,0,,0,,,0,0,100,0,0,0,0,0,0,0,0,0
2025,651,Durham Smythe,CHI,TE,1,8,BLT,23.076923076923077,0,32.3,3,15,0,0,0,0,,0,0,0,0,,,0,,0,,0,,0,0,0,0,0,0,0,0,,0,0,0,,0,,0,,0,,0,0,,0,0,,0,,,0,33.3,66.7,0,0,0,0,0,0,0,0,0
2025,652,Durham Smythe,CHI,TE,1,9,CIN,23.076923076923077,0,28.9,3,27.3,0,0,0,0,,0,0,0,0,,,0,,0,,0,,0,0,0,0,0,0,0,0,,0,0,0,,0,,0,,0,,0,0,,0,0,,0,,,0,33.3,66.7,0,0,0,0,0,0,0,0,0
2025,653,DJ Moore,CHI,WR,1,10,NYG,20.28985507246377,10.526315789473683,60.9,14,77.8,2,11.1,0,0.14,14.5,29,14.5,0,0,0,0,0,0,0,0,0,0,0,0,0,0,0,0,0,0,39.6,2,14.3,0,0,0,0,1,0,0,0,1,0,0,0,0,0,14.3,-9.06,-0.974,50,35.7,0,14.3,0,0,0,0.01,-0.01,0,0,0
2025,654,KhaDarel Hodge,ATL,WR,1,11,CAR,15.384615384615385,14.285714285714285,8.6,2,16.7,1,8.3,0,0.5,20,20,14.1,0,0,0,0,0,0,0,0,0,0,0,0,0,0,0,0,0,0,39.6,1,11.1,0,0,0,0,1,0,0,0,0,0,0,0,0,0,50,-10.87,-0.933,50,50,0,0,0,0,0,0.01,-0.01,0,0,0
2025,655,KhaDarel Hodge,ATL,WR,1,12,NO,7.6923076923076925,0,9.1,1,12.5,0,0,0,0,,0,0,0,0,,,0,,0,,0,,0,0,0,0,0,0,0,0,,0,0,0,,0,,0,,0,,0,0,,0,0,,0,,,100,0,0,0,0,0,0,0,0,0,0,0
2025,656,Malik Turner,SF,WR,1,7,ATL,100,0,15.2,1,12.5,0,0,0,0,,0,0,0,0,,,0,,0,,0,,0,0,0,0,0,0,0,0,,0,0,0,,0,,0,,0,,0,0,,0,0,,0,,,100,0,0,0,0,0,0,0,0,0,0,0
2025,657,Jakobi Meyers,LV,WR,1,9,JAX,37.93103448275862,16.666666666666664,0,11,100,2,18.2,0,0.18,11.5,23,31.5,0,0,0,0,0,0,0,0,0,0,0,0,0,0,0,0,0,0,39.6,2,22.2,0,0,1,50,0,0,1,50,1,0,0,0,0,0,18.2,-8.96,-1.067,45.5,54.5,0,0,0,1.9,0,1.91,-1.91,0,0.17,1.9
2025,658,Foster Moreau,NO,TE,1,10,CAR,50,0,62.7,3,60,0,0,0,0,,0,0,0,0,,,0,,0,,0,,0,0,0,0,0,0,0,0,,0,0,0,,0,,0,,0,,0,0,,0,0,,0,,,0,33.3,66.7,0,0,0,0,0,0,0,0,0
2025,659,Foster Moreau,NO,TE,1,7,CHI,16.666666666666664,0,24.5,1,12.5,0,0,0,0,,0,0,0,0,,,0,,0,,0,,0,0,0,0,0,0,0,0,,0,0,0,,0,,0,,0,,0,0,,0,0,,0,,,100,0,0,0,0,0,0,0,0,0,0,0
2025,660,Foster Moreau,NO,TE,1,8,TB,33.33333333333333,0,18.3,2,7.7,0,0,0,0,,0,0,0,0,,,0,,0,,0,,0,0,0,0,0,0,0,0,,0,0,0,,0,,0,,0,,0,0,,0,0,,0,,,0,0,100,0,0,0,0,0,0,0,0,0
2025,661,Ashton Dulin,IND,WR,1,10,ATL,33.33333333333333,0,20.3,1,9.1,0,0,0,0,,0,0,0,0,,,0,,0,,0,,0,0,0,0,0,0,0,0,,0,0,0,,0,,0,,0,,0,0,,0,0,,0,,,0,100,0,0,0,0,0,0,0,0,0,0
2025,662,Ashton Dulin,IND,WR,1,12,KC,33.33333333333333,0,18,1,20,0,0,0,0,,0,0,0,0,,,0,,0,,0,,0,0,0,0,0,0,0,0,,0,0,0,,0,,0,,0,,0,0,,0,0,,0,,,100,0,0,0,0,0,0,0,0,0,0,0
2025,663,Mecole Hardman,BUF,WR,1,11,TB,100,100,7.5,1,7.1,1,7.1,0,1,46,46,26.1,0,0,0,0,0,0,0,0,0,0,0,0,0,0,0,0,0,0,39.6,1,12.5,0,0,0,0,1,0,0,0,0,0,0,0,0,0,100,-15,-0.508,100,0,0,0,0,0,0,-0.01,0.01,0,-0.01,0
2025,664,Olamide Zaccheaus,CHI,WR,1,10,NYG,26.08695652173913,23.076923076923077,57.8,12,66.7,3,16.7,0,0.25,12,36,18,0,0,0,0,0,0,0,0,0,0,0,0.1,0,0,1,0,0,0,39.6,2,14.3,0,0,2,66.7,1,0,2,66.7,1,0,0,0,0,0,25,-8.11,-1.272,66.7,33.3,0,0,0,4.8,0,4.84,-4.84,0,0.4,4.8
2025,665,Olamide Zaccheaus,CHI,WR,1,11,MIN,4.3478260869565215,0,13.7,2,18.2,0,0,0,0,,0,0,0,0,,,0,,0,,0,,0,0,0,0,0,0,0,0,,0,0,0,,0,,0,,0,,0,0,,0,0,,0,,,50,50,0,0,0,0,0,0,0,0,0,0
2025,666,T.J. Hockenson,MIN,TE,1,11,CHI,8,0,79.6,4,36.4,0,0,0,0,,0,0,0,0,,,0,,0,,0,,0,0,0,0,0,0,0,0,,0,0,0,,0,,0,,0,,0,0,,0,0,,0,,,0,25,75,0,0,0,0,0,0,0,0,0
2025,667,T.J. Hockenson,MIN,TE,1,12,GB,2,0,68.2,1,20,0,0,0,0,,0,0,0,0,,,0,,0,,0,,0,0,0,0,0,0,0,0,,0,0,0,,0,,0,,0,,0,0,,0,0,,0,,,0,100,0,0,0,0,0,0,0,0,0,0
2025,668,T.J. Hockenson,MIN,TE,1,7,PHI,26,0,83.6,13,72.2,0,0,0,0,,0,0,0,0,,,0,,0,,0,,0,0,0,0,0,0,0,0,,0,0,0,,0,,0,,0,,0,0,,0,0,,0,,,7.7,53.8,38.5,0,0,0,0,0,0,0,0,0
2025,669,T.J. Hockenson,MIN,TE,1,9,DET,14.000000000000002,0,76.3,7,53.8,0,0,0,0,,0,0,0,0,,,0,,0,,0,,0,0,0,0,0,0,0,0,,0,0,0,,0,,0,,0,,0,0,,0,0,,0,,,14.3,42.9,42.9,0,0,0,0,0,0,0,0,0
2025,670,Josh Oliver,MIN,TE,1,11,CHI,12.5,0,35.2,1,9.1,0,0,0,0,,0,0,0,0,,,0,,0,,0,,0,0,0,0,0,0,0,0,,0,0,0,,0,,0,,0,,0,0,,0,0,,0,,,0,0,100,0,0,0,0,0,0,0,0,0
2025,671,Josh Oliver,MIN,TE,1,12,GB,37.5,0,54.5,3,60,0,0,0,0,,0,0,0,0,,,0,,0,,0,,0,0,0,0,0,0,0,0,,0,0,0,,0,,0,,0,,0,0,,0,0,,0,,,0,0,100,0,0,0,0,0,0,0,0,0
2025,672,Josh Oliver,MIN,TE,1,7,PHI,50,0,44.8,4,22.2,0,0,0,0,,0,0,0,0,,,0,,0,,0,,0,0,0,0,0,0,0,0,,0,0,0,,0,,0,,0,,0,0,,0,0,,0,,,0,0,100,0,0,0,0,0,0,0,0,0
2025,673,Scott Miller,PIT,WR,1,12,CHI,50,0,5.8,1,8.3,0,0,0,0,,0,0,0,0,,,0,,0,,0,,0,0,0,0,0,0,0,0,,0,0,0,,0,,0,,0,,0,0,,0,0,,0,,,100,0,0,0,0,0,0,0,0,0,0,0
2025,674,David Sills,ATL,WR,1,10,IND,19.148936170212767,0,48.3,9,56.3,0,0,0,0,,0,0,0,0,,,0,,0,,0,,0,0,0,0,0,0,0,0,,0,0,0,,0,,0,,0,,0,0,,0,0,,0,,,66.7,33.3,0,0,0,0,0,0,0,0,0,0
2025,675,David Sills,ATL,WR,1,7,SF,17.02127659574468,0,46.7,8,53.3,0,0,0,0,,0,0,0,0,,,0,,0,,0,,0,0,0,0,0,0,0,0,,0,0,0,,0,,0,,0,,0,0,,0,0,,0,,,50,50,0,0,0,0,0,0,0,0,0,0
2025,676,David Sills,ATL,WR,1,8,MIA,21.27659574468085,16.666666666666664,89.8,10,100,1,10,0,0.1,15,15,8.8,0,0,0,0,0,0,0,0,0,0,0,0,0,0,0,0,0,0,39.6,1,12.5,0,0,0,0,0,0,0,0,0,0,0,0,0,0,10,-10.41,-1.724,60,40,0,0,0,0,0,0,0,0,0,0
2025,677,David Sills,ATL,WR,1,9,NE,17.02127659574468,16.666666666666664,68.5,8,57.1,1,7.1,0,0.13,20,20,10.9,0,0,0,0,0,0,0,0,0,0,0,0,0,0,0,0,0,0,39.6,1,10,0,0,0,0,1,0,0,0,0,0,0,0,0,0,12.5,-10.87,-1.027,25,75,0,0,0,0,0,0.01,-0.01,0,0,0
2025,678,Lil'Jordan Humphrey,DEN,WR,1,11,KC,20,0,0,2,15.4,0,0,0,0,,0,0,0,0,,,0,,0,,0,,0,0,0,0,0,0,0,0,,0,0,0,,0,,0,,0,,0,0,,0,0,,0,,,0,100,0,0,0,0,0,0,0,0,0,0
2025,679,Lil'Jordan Humphrey,NYG,WR,1,7,DEN,50,100,97.1,5,100,1,20,0,0.2,26,26,25.5,0,0,0,0,0,0,0,0,0,0,0,0,0,0,0,0,0,0,39.6,0,0,0,0,0,0,1,0,0,0,0,0,0,0,0,0,20,-13.01,-0.35,40,60,0,0,0,0,0,0,0,0,0,0
2025,680,Lil'Jordan Humphrey,NYG,WR,1,8,PHI,30,0,64,3,42.9,0,0,0,0,,0,0,0,0,,,0,,0,,0,,0,0,0,0,0,0,0,0,,0,0,0,,0,,0,,0,,0,0,,0,0,,0,,,66.7,33.3,0,0,0,0,0,0,0,0,0,0
2025,681,Greg Dortch,ARZ,WR,1,10,SEA,18.75,0,38.4,9,50,0,0,0,0,,0,0,0,0,,,0,,0,,0,,0,0,0,0,0,0,0,0,,0,0,0,,0,,0,,0,,0,0,,0,0,,0,,,11.1,77.8,0,11.1,0,0,0,0,0,0,0,0
2025,682,Greg Dortch,ARZ,WR,1,7,GB,4.166666666666666,0,10,2,16.7,0,0,0,0,,0,0,0,0,,,0,,0,,0,,0,0,0,0,0,0,0,0,,0,0,0,,0,,0,,0,,0,0,,0,0,,0,,,50,50,0,0,0,0,0,0,0,0,0,0
2025,683,Greg Dortch,ARZ,WR,1,9,DAL,14.583333333333334,0,21.5,7,43.8,0,0,0,0,,0,0,0,0,,,0,,0,,0,,0,0,0,0,0,0,0,0,,0,0,0,,0,,0,,0,,0,0,,0,0,,0,,,14.3,71.4,0,14.3,0,0,0,0,0,0,0,0
2025,684,Alex Bachman,LV,WR,1,10,DEN,100,0,3.4,1,11.1,0,0,0,0,,0,0,0,0,,,0,,0,,0,,0,0,0,0,0,0,0,0,,0,0,0,,0,,0,,0,,0,0,,0,0,,0,,,100,0,0,0,0,0,0,0,0,0,0,0
2025,685,Drew Sample,CIN,TE,1,11,PIT,28.57142857142857,0,46,6,37.5,0,0,0,0,,0,0,0,0,,,0,,0,,0,,0,0,0,0,0,0,0,0,,0,0,0,,0,,0,,0,,0,0,,0,0,,0,,,0,16.7,66.7,16.7,0,0,0,0,0,0,0,0
2025,686,Drew Sample,CIN,TE,1,12,NE,19.047619047619047,0,51.6,4,23.5,0,0,0,0,,0,0,0,0,,,0,,0,,0,,0,0,0,0,0,0,0,0,,0,0,0,,0,,0,,0,,0,0,,0,0,,0,,,0,0,50,50,0,0,0,0,0,0,0,0
2025,687,Drew Sample,CIN,TE,1,7,PIT,23.809523809523807,0,52.8,5,18.5,0,0,0,0,,0,0,0,0,,,0,,0,,0,,0,0,0,0,0,0,0,0,,0,0,0,,0,,0,,0,,0,0,,0,0,,0,,,0,20,80,0,0,0,0,0,0,0,0,0
2025,688,Drew Sample,CIN,TE,1,8,NYJ,9.523809523809524,0,53.4,2,15.4,0,0,0,0,,0,0,0,0,,,0,,0,,0,,0,0,0,0,0,0,0,0,,0,0,0,,0,,0,,0,,0,0,,0,0,,0,,,0,0,100,0,0,0,0,0,0,0,0,0
2025,689,Drew Sample,CIN,TE,1,9,CHI,19.047619047619047,0,43.1,4,19,0,0,0,0,,0,0,0,0,,,0,,0,,0,,0,0,0,0,0,0,0,0,,0,0,0,,0,,0,,0,,0,0,,0,0,,0,,,0,25,50,25,0,0,0,0,0,0,0,0
2025,690,Noah Fant,CIN,TE,1,11,PIT,13.157894736842104,0,47.6,5,31.3,0,0,0,0,,0,0,0,0,,,0,,0,,0,,0,0,0,0,0,0,0,0,,0,0,0,,0,,0,,0,,0,0,,0,0,,0,,,0,20,80,0,0,0,0,0,0,0,0,0
2025,691,Noah Fant,CIN,TE,1,12,NE,5.263157894736842,0,27.4,2,11.8,0,0,0,0,,0,0,0,0,,,0,,0,,0,,0,0,0,0,0,0,0,0,,0,0,0,,0,,0,,0,,0,0,,0,0,,0,,,0,0,100,0,0,0,0,0,0,0,0,0
2025,692,Noah Fant,CIN,TE,1,7,PIT,47.368421052631575,0,68.1,18,66.7,0,0,0,0,,0,0,0,0,,,0,,0,,0,,0,0,0,0,0,0,0,0,,0,0,0,,0,,0,,0,,0,0,,0,0,,0,,,16.7,38.9,44.4,0,0,0,0,0,0,0,0,0
2025,693,Noah Fant,CIN,TE,1,8,NYJ,7.894736842105263,0,46.6,3,23.1,0,0,0,0,,0,0,0,0,,,0,,0,,0,,0,0,0,0,0,0,0,0,,0,0,0,,0,,0,,0,,0,0,,0,0,,0,,,0,66.7,33.3,0,0,0,0,0,0,0,0,0
2025,694,Noah Fant,CIN,TE,1,9,CHI,26.31578947368421,100,44.6,10,47.6,1,4.8,0,0.1,5,5,1.6,0,0,0,0,0,0,0,0,0,0,0,0,0,0,0,0,0,0,39.6,1,5,0,0,1,100,0,0,0,0,1,0,0,0,0,0,10,-6.48,-0.465,20,20,60,0,0,0.8,0,0.84,-0.84,0,0.08,0.8
2025,695,Gunner Olszewski,NYG,WR,1,10,CHI,85.71428571428571,100,37.1,6,54.5,2,18.2,0,0.33,21,42,27.1,0,0,0,0,0,0,0,0,0,0,0,0,0,2,2,0,0,0,39.6,0,0,0,0,0,0,2,0,0,0,2,0,0,0,0,0,33.3,-11.39,-0.457,83.3,16.7,0,0,0,0,0,-0.03,0.03,0,-0.01,0
2025,696,Gunner Olszewski,NYG,WR,1,12,DET,14.285714285714285,0,7.8,1,8.3,0,0,0,0,,0,0,0,0,,,0,,0,,0,,0,0,0,0,0,0,0,0,,0,0,0,,0,,0,,0,,0,0,,0,0,,0,,,100,0,0,0,5.3,0.8,5.32,0.75,4.57,0,0,0
2025,697,Marquise Brown,KC,WR,1,7,LV,20.833333333333336,28.57142857142857,32.5,5,41.7,2,16.7,0,0.4,12.5,25,39.1,0,0,0,0,0,0,0,0,0,0,0,0,0,1,0,0,0,0,39.6,1,10,0,0,0,0,1,0,0,0,0,0,0,0,0,0,40,-7.78,-0.859,80,20,0,0,0,-0.1,0,-0.06,0.06,0,-0.01,-0.1
2025,698,Marquise Brown,KC,WR,1,8,WAS,4.166666666666666,0,38.8,1,12.5,0,0,0,0,,0,0,0,0,,,0,,0,,0,,0,0,0,0,0,0,0,0,,0,0,0,,0,,0,,0,,0,0,,0,0,,0,,,0,100,0,0,0,0,0,0,0,0,0,0
2025,699,Dawson Knox,BUF,TE,1,10,MIA,28.125,0,67.7,9,64.3,0,0,0,0,,0,0,0,0,,,0,,0,,0,,0,0,0,0,0,0,0,0,,0,0,0,,0,,0,,0,,0,0,,0,0,,0,,,11.1,33.3,55.6,0,0,0,0,0,0,0,0,0
2025,700,Dawson Knox,BUF,TE,1,11,TB,31.25,50,75.5,10,71.4,1,7.1,0,0.1,8,8,4.5,0,0,0,0,0,0,0,0,0,0,0,0,0,0,0,0,0,0,39.6,1,12.5,0,0,1,100,0,0,0,0,1,0,0,0,0,0,8.3,-7.72,-0.499,10,40,50,0,0,1,0,0.98,-0.98,0,0.1,1
2025,701,Dawson Knox,BUF,TE,1,12,HST,18.75,0,86.4,6,66.7,0,0,0,0,,0,0,0,0,,,0,,0,,0,,0,0,0,0,0,0,0,0,,0,0,0,,0,,0,,0,,0,0,,0,0,,0,,,0,83.3,16.7,0,0,0,0,0,0,0,0,0
2025,702,Dawson Knox,BUF,TE,1,9,KC,6.25,0,48.4,2,33.3,0,0,0,0,,0,0,0,0,,,0,,0,,0,,0,0,0,0,0,0,0,0,,0,0,0,,0,,0,,0,,0,0,,0,0,,0,,,0,0,100,0,0,0,0,0,0,0,0,0
2025,703,Deebo Samuel,WAS,WR,1,10,DET,18.51851851851852,0,76.5,5,71.4,0,0,0,0,,0,0,0,0,,,0,,0,,0,,0,0,0,0,0,0,0,0,,0,0,0,,0,,0,,0,,0,0,,0,0,,0,,,20,80,0,0,0,0,0,0,0,0,0,0
2025,704,Andre Baccellia,ARZ,WR,1,12,JAX,33.33333333333333,0,19.7,2,9.1,0,0,0,0,,0,0,0,0,,,0,,0,,0,,0,0,0,0,0,0,0,0,,0,0,0,,0,,0,,0,,0,0,,0,0,,0,,,50,50,0,0,0,0,0,0,0,0,0,0
2025,705,Cody White,SEA,WR,1,10,ARZ,14.285714285714285,0,74.6,1,16.7,0,0,0,0,,0,0,0,0,,,0,,0,,0,,0,0,0,0,0,0,0,0,,0,0,0,,0,,0,,0,,0,0,,0,0,,0,,,0,100,0,0,0,0,0,0,0,0,0,0
2025,706,Cody White,SEA,WR,1,11,LA,14.285714285714285,0,26.6,1,5.6,0,0,0,0,,0,0,0,0,,,0,,0,,0,,0,0,0,0,0,0,0,0,,0,0,0,,0,,0,,0,,0,0,,0,0,,0,,,100,0,0,0,0,0,0,0,0,0,0,0
2025,707,Cody White,SEA,WR,1,12,TEN,14.285714285714285,0,21.3,1,11.1,0,0,0,0,,0,0,0,0,,,0,,0,,0,,0,0,0,0,0,0,0,0,,0,0,0,,0,,0,,0,,0,0,,0,0,,0,,,0,100,0,0,0,0,0,0,0,0,0,0
2025,708,Juwan Johnson,NO,TE,1,10,CAR,7.6923076923076925,0,49.3,4,80,0,0,0,0,,0,0,0,0,,,0,,0,,0,,0,0,0,0,0,0,0,0,,0,0,0,,0,,0,,0,,0,0,,0,0,,0,,,0,25,75,0,0,0,0,0,0,0,0,0
2025,709,Juwan Johnson,NO,TE,1,8,TB,36.53846153846153,25,76.1,19,73.1,1,3.8,0,0.05,1,1,0.3,0,0,0,0,0,0,0,0,0,0,0,0,0,0,0,0,0,0,39.6,1,5.9,0,0,1,100,0,0,0,0,1,0,0,0,0,0,4.8,-5.78,-3.104,10.5,84.2,0,5.3,0,0.6,0,0.65,-0.65,0,0.03,0.6
2025,710,Juwan Johnson,NO,TE,1,9,LA,17.307692307692307,25,70,9,75,1,8.3,0,0.11,4,4,2.6,0,0,0,0,0,0,0,0,0,0,0,0.01,0,0,0,0,0,0,39.6,1,9.1,0,0,1,100,0,0,0,0,1,0,0,0,0,0,11.1,-6.07,-1.412,22.2,66.7,11.1,0,0,1.1,0,1.11,-1.11,0,0.12,1.1
2025,711,James Proche,TEN,WR,1,8,IND,14.285714285714285,0,7.5,1,7.7,0,0,0,0,,0,0,0,0,,,0,,0,,0,,0,0,0,0,0,0,0,0,,0,0,0,,0,,0,,0,,0,0,,0,0,,0,,,0,100,0,0,0,0,0,0,0,0,0,0
2025,712,James Proche,TEN,WR,1,9,LAC,28.57142857142857,0,25,2,25,0,0,0,0,,0,0,0,0,,,0,,0,,0,,0,0,0,0,0,0,0,0,,0,0,0,,0,,0,,0,,0,0,,0,0,,0,,,50,50,0,0,0,0,0,0,0,0,0,0
2025,713,Mason Kinsey,TEN,WR,1,11,HST,83.33333333333334,0,54.4,5,50,0,0,0,0,,0,0,0,0,,,0,,0,,0,,0,0,0,0,0,0,0,0,,0,0,0,,0,,0,,0,,0,0,,0,0,,0,,,20,80,0,0,0,0,0,0,0,0,0,0
2025,714,Mason Kinsey,TEN,WR,1,7,NE,16.666666666666664,0,7.8,1,10,0,0,0,0,,0,0,0,0,,,0,,0,,0,,0,0,0,0,0,0,0,0,,0,0,0,,0,,0,,0,,0,0,,0,0,,0,,,100,0,0,0,0,0,0,0,0,0,0,0
2025,715,Nick Westbrook-Ikhine,MIA,WR,1,10,BUF,6.451612903225806,0,47.2,2,25,0,0,0,0,,0,0,0,0,,,0,,0,,0,,0,0,0,0,0,0,0,0,,0,0,0,,0,,0,,0,,0,0,,0,0,,0,,,100,0,0,0,0,0,0,0,0,0,0,0
2025,716,Nick Westbrook-Ikhine,MIA,WR,1,11,WAS,9.67741935483871,0,27.8,3,42.9,0,0,0,0,,0,0,0,0,,,0,,0,,0,,0,0,0,0,0,0,0,0,,0,0,0,,0,,0,,0,,0,0,,0,0,,0,,,0,100,0,0,0,0,0,0,0,0,0,0
2025,717,Harrison Bryant,HST,TE,1,10,JAX,14.285714285714285,0,23.2,1,5.3,0,0,0,0,,0,0,0,0,,,0,,0,,0,,0,0,0,0,0,0,0,0,,0,0,0,,0,,0,,0,,0,0,,0,0,,0,,,0,0,100,0,0,0,0,0,0,0,0,0
2025,718,Harrison Bryant,HST,TE,1,7,SEA,42.857142857142854,0,26.1,3,17.6,0,0,0,0,,0,0,0,0,,,0,,0,,0,,0,0,0,0,0,0,0,0,,0,0,0,,0,,0,,0,,0,0,,0,0,,0,,,0,0,100,0,0,0,0,0,0,0,0,0
2025,719,Harrison Bryant,HST,TE,1,8,SF,28.57142857142857,0,28,2,14.3,0,0,0,0,,0,0,0,0,,,0,,0,,0,,0,0,0,0,0,0,0,0,,0,0,0,,0,,0,,0,,0,0,,0,0,,0,,,0,0,100,0,0,0,0,0,0,0,0,0
2025,720,Harrison Bryant,HST,TE,1,9,DEN,14.285714285714285,0,27.8,1,6.7,0,0,0,0,,0,0,0,0,,,0,,0,,0,,0,0,0,0,0,0,0,0,,0,0,0,,0,,0,,0,,0,0,,0,0,,0,,,0,0,100,0,0,0,0,0,0,0,0,0
2025,721,Colby Parkinson,LA,TE,1,10,SF,18.75,0,56.7,3,23.1,0,0,0,0,,0,0,0,0,,,0,,0,,0,,0,0,0,0,0,0,0,0,,0,0,0,,0,,0,,0,,0,0,,0,0,,0,,,0,33.3,66.7,0,0,0,0,0,0,0,0,0
2025,722,Colby Parkinson,LA,TE,1,11,SEA,12.5,0,68,2,20,0,0,0,0,,0,0,0,0,,,0,,0,,0,,0,0,0,0,0,0,0,0,,0,0,0,,0,,0,,0,,0,0,,0,0,,0,,,0,0,100,0,0,0,0,0,0,0,0,0
2025,723,Colby Parkinson,LA,TE,1,12,TB,56.25,0,63.6,9,50,0,0,0,0,,0,0,0,0,,,0,,0,,0,,0,0,0,0,0,0,0,0,,0,0,0,,0,,0,,0,,0,0,,0,0,,0,,,11.1,22.2,66.7,0,0,0,0,0,0,0,0,0
2025,724,Colby Parkinson,LA,TE,1,7,JAX,12.5,0,48.4,2,13.3,0,0,0,0,,0,0,0,0,,,0,,0,,0,,0,0,0,0,0,0,0,0,,0,0,0,,0,,0,,0,,0,0,,0,0,,0,,,0,0,100,0,0,0,0,0,0,0,0,0
2025,725,Cole Kmet,CHI,TE,1,10,NYG,30.434782608695656,0,67.2,7,38.9,0,0,0,0,,0,0,0,0,,,0,,0,,0,,0,0,0,0,0,0,0,0,,0,0,0,,0,,0,,0,,0,0,,0,0,,0,,,14.3,42.9,42.9,0,0,0,0,0,0,0,0,0
2025,726,Cole Kmet,CHI,TE,1,11,MIN,39.130434782608695,0,78.1,9,81.8,0,0,0,0,,0,0,0,0,,,0,,0,,0,,0,0,0,0,0,0,0,0,,0,0,0,,0,,0,,0,,0,0,,0,0,,0,,,33.3,11.1,55.6,0,0,0,0,0,0,0,0,0
2025,727,Cole Kmet,CHI,TE,1,12,PIT,13.043478260869565,0,63.9,3,21.4,0,0,0,0,,0,0,0,0,,,0,,0,,0,,0,0,0,0,0,0,0,0,,0,0,0,,0,,0,,0,,0,0,,0,0,,0,,,33.3,33.3,33.3,0,0,0,0,0,0,0,0,0
2025,728,Cole Kmet,CHI,TE,1,7,NO,13.043478260869565,0,40.3,3,27.3,0,0,0,0,,0,0,0,0,,,0,,0,,0,,0,0,0,0,0,0,0,0,,0,0,0,,0,,0,,0,,0,0,,0,0,,0,,,33.3,0,66.7,0,0,0,0,0,0,0,0,0
2025,729,Darnell Mooney,ATL,WR,1,8,MIA,14.285714285714285,13.636363636363635,89.8,10,100,3,30,0,0.3,21.33,64,37.6,0,0,0,0,0,0,0,0,0,0,0,0,0,0,0,0,0,0,39.6,3,37.5,0,0,1,33.3,1,0,0,0,1,0,0,0,0,0,30,-11.24,-0.749,50,50,0,0,0,1.2,0,1.18,-1.18,0,0.12,1.2
2025,730,Devin Duvernay,CHI,WR,1,8,BLT,100,100,16.1,4,20,1,5,0,0.25,12,12,6,0,0,0,0,0,0,0,0,0,0,0,0,0,0,0,0,0,0,39.6,1,6.7,0,0,0,0,0,0,0,0,0,0,0,0,0,0,25,-9.05,-0.481,25,75,0,0,0,0,0,0,0,0,0,0
2025,731,Josiah Deguara,ARZ,TE,1,10,SEA,14.285714285714285,0,4.1,1,5.6,0,0,0,0,,0,0,0,0,,,0,,0,,0,,0,0,0,0,0,0,0,0,,0,0,0,,0,,0,,0,,0,0,,0,0,,0,,,0,0,100,0,0,0,0,0,0,0,0,0
2025,732,Josiah Deguara,ARZ,TE,1,7,GB,14.285714285714285,0,15.7,1,8.3,0,0,0,0,,0,0,0,0,,,0,,0,,0,,0,0,0,0,0,0,0,0,,0,0,0,,0,,0,,0,,0,0,,0,0,,0,,,0,0,100,0,0,0,0,0,0,0,0,0
2025,733,Jerry Jeudy,CLV,WR,1,8,NE,15.555555555555555,8.333333333333332,82.7,7,87.5,2,25,0,0.29,16,32,50.8,0,0,0,0,0,0,0,0,0,0,0,0.23,0,2,2,0,0,0,39.6,1,20,0,0,1,50,0,0,0,0,1,0,0,0,0,0,28.6,-11.04,-2.136,71.4,28.6,0,0,0,1.8,0,1.76,-1.76,0,0.25,1.8
2025,734,Adam Trautman,DEN,TE,1,10,LV,6.666666666666667,0,68.4,1,9.1,0,0,0,0,,0,0,0,0,,,0,,0,,0,,0,0,0,0,0,0,0,0,,0,0,0,,0,,0,,0,,0,0,,0,0,,0,,,0,100,0,0,0,0,0,0,0,0,0,0
2025,735,Adam Trautman,DEN,TE,1,11,KC,26.666666666666668,0,65.6,4,30.8,0,0,0,0,,0,0,0,0,,,0,,0,,0,,0,0,0,0,0,0,0,0,,0,0,0,,0,,0,,0,,0,0,,0,0,,0,,,0,25,75,0,0,0,0,0,0,0,0,0
2025,736,Adam Trautman,DEN,TE,1,7,NYG,26.666666666666668,0,32.9,4,18.2,0,0,0,0,,0,0,0,0,,,0,,0,,0,,0,0,0,0,0,0,0,0,,0,0,0,,0,,0,,0,,0,0,,0,0,,0,,,0,25,75,0,0,0,0,0,0,0,0,0
2025,737,Adam Trautman,DEN,TE,1,8,DAL,20,0,63.2,3,16.7,0,0,0,0,,0,0,0,0,,,0,,0,,0,,0,0,0,0,0,0,0,0,,0,0,0,,0,,0,,0,,0,0,,0,0,,0,,,0,33.3,66.7,0,0,0,0,0,0,0,0,0
2025,738,Adam Trautman,DEN,TE,1,9,HST,20,0,72.1,3,20,0,0,0,0,,0,0,0,0,,,0,,0,,0,,0,0,0,0,0,0,0,0,,0,0,0,,0,,0,,0,,0,0,,0,0,,0,,,0,33.3,66.7,0,0,0,0,0,0,0,0,0
2025,739,Tyler Johnson,NYJ,WR,1,10,CLV,7.6923076923076925,0,61.7,1,33.3,0,0,0,0,,0,0,0,0,,,0,,0,,0,,0,0,0,0,0,0,0,0,,0,0,0,,0,,0,,0,,0,0,,0,0,,0,,,100,0,0,0,0,0,0,0,0,0,0,0
2025,740,Tyler Johnson,NYJ,WR,1,11,NE,15.384615384615385,0,52.6,2,28.6,0,0,0,0,,0,0,0,0,,,0,,0,,0,,0,0,0,0,0,0,0,0,,0,0,0,,0,,0,,0,,0,0,,0,0,,0,,,50,50,0,0,0,0,0,0,0,0,0,0
2025,741,Charlie Woerner,ATL,TE,1,10,IND,25,0,40,1,6.3,0,0,0,0,,0,0,0,0,,,0,,0,,0,,0,0,0,0,0,0,0,0,,0,0,0,,0,,0,,0,,0,0,,0,0,,0,,,0,0,100,0,0,0,0,0,0,0,0,0
2025,742,Charlie Woerner,ATL,TE,1,11,CAR,25,0,51.7,1,8.3,0,0,0,0,,0,0,0,0,,,0,,0,,0,,0,0,0,0,0,0,0,0,,0,0,0,,0,,0,,0,,0,0,,0,0,,0,,,0,0,100,0,0,0,0,0,0,0,0,0
2025,743,Charlie Woerner,ATL,TE,1,12,NO,25,0,60,1,12.5,0,0,0,0,,0,0,0,0,,,0,,0,,0,,0,0,0,0,0,0,0,0,,0,0,0,,0,,0,,0,,0,0,,0,0,,0,,,0,0,100,0,0,0,0,0,0,0,0,0
2025,744,Charlie Woerner,ATL,TE,1,7,SF,25,0,56.7,1,6.7,0,0,0,0,,0,0,0,0,,,0,,0,,0,,0,0,0,0,0,0,0,0,,0,0,0,,0,,0,,0,,0,0,,0,0,,0,,,0,0,0,100,0,0,0,0,0,0,0,0
2025,745,Quintin Morris,JAX,TE,1,10,HST,22.22222222222222,0,52.7,2,40,0,0,0,0,,0,0,0,0,,,0,,0,,0,,0,0,0,0,0,0,0,0,,0,0,0,,0,,0,,0,,0,0,,0,0,,0,,,0,0,100,0,0,0,0,0,0,0,0,0
2025,746,Quintin Morris,JAX,TE,1,11,LAC,55.55555555555556,0,71,5,45.5,0,0,0,0,,0,0,0,0,,,0,,0,,0,,0,0,0,0,0,0,0,0,,0,0,0,,0,,0,,0,,0,0,,0,0,,0,,,0,0,100,0,0,0,0,0,0,0,0,0
2025,747,Quintin Morris,JAX,TE,1,12,ARZ,22.22222222222222,0,31.1,2,20,0,0,0,0,,0,0,0,0,,,0,,0,,0,,0,0,0,0,0,0,0,0,,0,0,0,,0,,0,,0,,0,0,,0,0,,0,,,0,0,100,0,0,0,0,0,0,0,0,0
2025,748,Dee Eskridge,MIA,WR,1,9,BLT,12.5,33.33333333333333,12.9,1,7.7,1,7.7,0,1,6,6,5.3,0,0,0,0,0,0,0,0,0,0,0,0,0,0,0,0,0,0,39.6,0,0,0,0,0,0,0,0,0,0,0,0,0,0,0,0,100,-6.95,-1.592,100,0,0,0,0,0,0,-0.02,0.02,0,-0.02,0
2025,749,Dyami Brown,JAX,WR,1,10,HST,9.523809523809524,12.5,38.2,2,40,1,20,0,0.5,33,33,41.3,0,0,0,0,0,0,0,0,0,0,0,0.47,0,0,0,0,0,0,39.6,0,0,0,0,1,100,1,0,0,0,1,0,0,0,0,0,50,-12.47,-0.671,100,0,0,0,0,5.2,0,5.25,-5.25,0,2.62,5.2
2025,750,Dyami Brown,JAX,WR,1,11,LAC,14.285714285714285,12.5,27.5,3,27.3,1,9.1,0,0.33,40,40,29.6,0,0,0,0,0,0,0,0,0,0,0,0,0,0,0,0,0,0,39.6,1,11.1,0,0,0,0,1,0,0,0,0,0,0,0,0,0,33.3,-15,-0.515,100,0,0,0,0,-0.2,0,-0.16,0.16,0,-0.05,-0.2
2025,751,John Bates,WAS,TE,1,10,DET,18.181818181818183,0,70.6,2,28.6,0,0,0,0,,0,0,0,0,,,0,,0,,0,,0,0,0,0,0,0,0,0,,0,0,0,,0,,0,,0,,0,0,,0,0,,0,,,0,50,50,0,0,0,0,0,0,0,0,0
2025,752,John Bates,WAS,TE,1,11,MIA,27.27272727272727,0,56.3,3,27.3,0,0,0,0,,0,0,0,0,,,0,,0,,0,,0,0,0,0,0,0,0,0,,0,0,0,,0,,0,,0,,0,0,,0,0,,0,,,0,66.7,33.3,0,0,0,0,0,0,0,0,0
2025,753,John Bates,WAS,TE,1,7,DAL,18.181818181818183,0,43.8,2,16.7,0,0,0,0,,0,0,0,0,,,0,,0,,0,,0,0,0,0,0,0,0,0,,0,0,0,,0,,0,,0,,0,0,,0,0,,0,,,0,0,100,0,0,0,0,0,0,0,0,0
2025,754,John Bates,WAS,TE,1,8,KC,36.36363636363637,0,55.8,4,40,0,0,0,0,,0,0,0,0,,,0,,0,,0,,0,0,0,0,0,0,0,0,,0,0,0,,0,,0,,0,,0,0,,0,0,,0,,,0,0,100,0,0,0,0,0,0,0,0,0
2025,755,Tylan Wallace,BLT,WR,1,11,CLV,50,33.33333333333333,41.7,3,33.3,1,11.1,0,0.33,31,31,29,0,0,0,0,0,0,0,0,0,0,0,0,0,0,1,0,0,0,39.6,0,0,0,0,0,0,1,0,0,0,0,0,0,0,0,0,33.3,-12.6,-1.188,100,0,0,0,0,0,0,0.01,-0.01,0,0,0
2025,756,Tylan Wallace,BLT,WR,1,12,NYJ,33.33333333333333,33.33333333333333,25.9,2,28.6,1,14.3,0,0.5,29,29,21,0,0,0,0,0,0,0,0,0,0,0,0,0,0,0,0,0,0,39.6,1,14.3,0,0,0,0,1,0,0,0,1,0,0,0,0,0,50,-11.44,-0.097,100,0,0,0,0,0,0,0.03,-0.03,0,0.02,0
2025,757,Noah Gray,KC,TE,1,11,DEN,26.666666666666668,0,53.2,4,23.5,0,0,0,0,,0,0,0,0,,,0,,0,,0,,0,0,0,0,0,0,0,0,,0,0,0,,0,,0,,0,,0,0,,0,0,,0,,,0,25,75,0,0,0,0,0,0,0,0,0
2025,758,Noah Gray,KC,TE,1,12,IND,20,100,30.8,3,17.6,1,5.9,0,0.33,11,11,6.8,0,0,0,0,0,0,0,0,0,0,0,0,0,0,0,0,0,0,39.6,1,7.1,0,0,1,100,0,0,0,0,1,0,0,0,0,0,16.7,-8.74,-0.481,33.3,0,66.7,0,0,1.2,0,1.25,-1.25,0,0.42,1.2
2025,759,Noah Gray,KC,TE,1,7,LV,20,0,59.7,3,25,0,0,0,0,,0,0,0,0,,,0,,0,,0,,0,0,0,0,0,0,0,0,,0,0,0,,0,,0,,0,,0,0,,0,0,,0,,,0,66.7,33.3,0,0,0,0,0,0,0,0,0
2025,760,Noah Gray,KC,TE,1,8,WAS,26.666666666666668,0,53.7,4,50,0,0,0,0,,0,0,0,0,,,0,,0,,0,,0,0,0,0,0,0,0,0,,0,0,0,,0,,0,,0,,0,0,,0,0,,0,,,25,50,25,0,0,0,0,0,0,0,0,0
2025,761,Noah Gray,KC,TE,1,9,BUF,6.666666666666667,0,36.8,1,11.1,0,0,0,0,,0,0,0,0,,,0,,0,,0,,0,0,0,0,0,0,0,0,,0,0,0,,0,,0,,0,,0,0,,0,0,,0,,,0,100,0,0,0,0,0,0,0,0,0,0
2025,762,Simi Fehoko,ARZ,WR,1,10,SEA,100,0,28.8,5,27.8,0,0,0,0,,0,0,0,0,,,0,,0,,0,,0,0,0,0,0,0,0,0,,0,0,0,,0,,0,,0,,0,0,,0,0,,0,,,100,0,0,0,0,0,0,0,0,0,0,0
2025,763,Jack Stoll,NO,TE,1,12,ATL,33.33333333333333,0,11.5,1,5.9,0,0,0,0,,0,0,0,0,,,0,,0,,0,,0,0,0,0,0,0,0,0,,0,0,0,,0,,0,,0,,0,0,,0,0,,0,,,0,100,0,0,0,0,0,0,0,0,0,0
2025,764,Jack Stoll,NO,TE,1,8,TB,33.33333333333333,0,12.7,1,3.8,0,0,0,0,,0,0,0,0,,,0,,0,,0,,0,0,0,0,0,0,0,0,,0,0,0,,0,,0,,0,,0,0,,0,0,,0,,,0,0,0,100,0,0,0,0,0,0,0,0
2025,765,Jack Stoll,NO,TE,1,9,LA,33.33333333333333,0,22.5,1,8.3,0,0,0,0,,0,0,0,0,,,0,,0,,0,,0,0,0,0,0,0,0,0,,0,0,0,,0,,0,,0,,0,0,,0,0,,0,,,0,100,0,0,0,0,0,0,0,0,0,0
2025,766,Brock Wright,DET,TE,1,10,WAS,21.052631578947366,0,39.7,4,30.8,0,0,0,0,,0,0,0,0,,,0,,0,,0,,0,0,0,0,0,0,0,0,,0,0,0,,0,,0,,0,,0,0,,0,0,,0,,,0,25,50,25,0,0,0,0,0,0,0,0
2025,767,Brock Wright,DET,TE,1,11,PHI,31.57894736842105,0,81.7,6,46.2,0,0,0,0,,0,0,0,0,,,0,,0,,0,,0,0,0,0,0,0,0,0,,0,0,0,,0,,0,,0,,0,0,,0,0,,0,,,33.3,50,16.7,0,0,0,0,0,0,0,0,0
2025,768,Brock Wright,DET,TE,1,12,NYG,26.31578947368421,0,87.7,5,55.6,0,0,0,0,,0,0,0,0,,,0,,0,,0,,0,0,0,0,0,0,0,0,,0,0,0,,0,,0,,0,,0,0,,0,0,,0,,,0,60,40,0,0,0,0,0,0,0,0,0
2025,769,Brock Wright,DET,TE,1,7,TB,5.263157894736842,0,56.9,1,14.3,0,0,0,0,,0,0,0,0,,,0,,0,,0,,0,0,0,0,0,0,0,0,,0,0,0,,0,,0,,0,,0,0,,0,0,,0,,,0,0,100,0,0,0,0,0,0,0,0,0
2025,770,Brock Wright,DET,TE,1,9,MIN,15.789473684210526,0,53.2,3,21.4,0,0,0,0,,0,0,0,0,,,0,,0,,0,,0,0,0,0,0,0,0,0,,0,0,0,,0,,0,,0,,0,0,,0,0,,0,,,33.3,0,66.7,0,0,0,0,0,0,0,0,0
2025,771,Brandon Smith,NYJ,WR,1,8,CIN,100,0,11.4,1,10,0,0,0,0,,0,0,0,0,,,0,,0,,0,,0,0,0,0,0,0,0,0,,0,0,0,,0,,0,,0,,0,0,,0,0,,0,,,100,0,0,0,0,0,0,0,0,0,0,0
2025,772,Austin Trammell,JAX,WR,1,10,HST,25,100,14.5,2,40,1,20,0,0.5,5,5,6.3,0,0,0,0,0,0,0,0,0,0,0,0,0,0,0,0,0,0,0,1,25,0,0,1,100,0,0,0,0,1,0,0,0,0,0,50,-6.36,-2.044,50,50,0,0,0,0.9,0,0.9,-0.9,0,0.45,0.9
2025,773,Austin Trammell,JAX,WR,1,11,LAC,12.5,0,21.7,1,9.1,0,0,0,0,,0,0,0,0,,,0,,0,,0,,0,0,0,0,0,0,0,0,,0,0,0,,0,,0,,0,,0,0,,0,0,,0,,,100,0,0,0,0,0,0,0,0,0,0,0
2025,774,Austin Trammell,JAX,WR,1,9,LV,62.5,0,28.6,5,33.3,0,0,0,0,,0,0,0,0,,,0,,0,,0,,0,0,0,0,0,0,0,0,,0,0,0,,0,,0,,0,,0,0,,0,0,,0,,,40,60,0,0,0,0,0,0,0,0,0,0
2025,775,Tutu Atwell,LA,WR,1,7,JAX,100,0,12.9,3,20,0,0,0,0,,0,0,0,0,,,0,,0,,0,,0,0,0,0,0,0,0,0,,0,0,0,,0,,0,,0,,0,0,,0,0,,0,,,66.7,33.3,0,0,0,0,0,0,0,0,0,0
2025,776,Ben Skowronek,PIT,WR,1,10,LAC,25,0,14,1,7.7,0,0,0,0,,0,0,0,0,,,0,,0,,0,,0,0,0,0,0,0,0,0,,0,0,0,,0,,0,,0,,0,0,,0,0,,0,,,0,100,0,0,0,0,0,0,0,0,0,0
2025,777,Ben Skowronek,PIT,WR,1,11,CIN,25,0,25,1,10,0,0,0,0,,0,0,0,0,,,0,,0,,0,,0,0,0,0,0,0,0,0,,0,0,0,,0,,0,,0,,0,0,,0,0,,0,,,100,0,0,0,0,0,0,0,0,0,0,0
2025,778,Kylen Granson,PHI,TE,1,10,GB,12.5,0,26.7,1,11.1,0,0,0,0,,0,0,0,0,,,0,,0,,0,,0,0,0,0,0,0,0,0,,0,0,0,,0,,0,,0,,0,0,,0,0,,0,,,0,0,100,0,0,0,0,0,0,0,0,0
2025,779,Kylen Granson,PHI,TE,1,11,DET,37.5,100,21.7,3,17.6,1,5.9,0,0.33,31,31,10.4,0,0,0,0,0,0,0,0,0,0,0,0.02,0,0,0,0,0,0,39.6,0,0,0,0,1,100,1,0,1,100,1,0,0,0,0,0,33.3,-15.03,-1.467,33.3,0,66.7,0,0,2.3,0,2.33,-2.33,0,0.78,2.3
2025,780,Kylen Granson,PHI,TE,1,7,MIN,37.5,0,34.7,3,21.4,0,0,0,0,,0,0,0,0,,,0,,0,,0,,0,0,0,0,0,0,0,0,,0,0,0,,0,,0,,0,,0,0,,0,0,,0,,,0,0,100,0,0,0,0,0,0,0,0,0
2025,781,Kylen Granson,PHI,TE,1,8,NYG,12.5,0,14,1,11.1,0,0,0,0,,0,0,0,0,,,0,,0,,0,,0,0,0,0,0,0,0,0,,0,0,0,,0,,0,,0,,0,0,,0,0,,0,,,0,100,0,0,0,0,0,0,0,0,0,0
2025,782,Luke Farrell,SF,TE,1,7,ATL,66.66666666666666,0,33.3,2,25,0,0,0,0,,0,0,0,0,,,0,,0,,0,,0,0,0,0,0,0,0,0,,0,0,0,,0,,0,,0,,0,0,,0,0,,0,,,0,50,50,0,0,0,0,0,0,0,0,0
2025,783,Luke Farrell,SF,TE,1,8,HST,33.33333333333333,0,6.8,1,11.1,0,0,0,0,,0,0,0,0,,,0,,0,,0,,0,0,0,0,0,0,0,0,,0,0,0,,0,,0,,0,,0,0,,0,0,,0,,,0,0,100,0,0,0,0,0,0,0,0,0
2025,784,Pat Freiermuth,PIT,TE,1,10,LAC,20.588235294117645,0,48,7,53.8,0,0,0,0,,0,0,0,0,,,0,,0,,0,,0,0,0,0,0,0,0,0,,0,0,0,,0,,0,,0,,0,0,,0,0,,0,,,42.9,57.1,0,0,0,0,0,0,0,0,0,0
2025,785,Pat Freiermuth,PIT,TE,1,11,CIN,11.76470588235294,0,45,4,40,0,0,0,0,,0,0,0,0,,,0,,0,,0,,0,0,0,0,0,0,0,0,,0,0,0,,0,,0,,0,,0,0,,0,0,,0,,,75,25,0,0,0,0,0,0,0,0,0,0
2025,786,Pat Freiermuth,PIT,TE,1,12,CHI,20.588235294117645,0,47.8,7,58.3,0,0,0,0,,0,0,0,0,,,0,,0,,0,,0,0,0,0,0,0,0,0,,0,0,0,,0,,0,,0,,0,0,,0,0,,0,,,14.3,71.4,14.3,0,0,0,0,0,0,0,0,0
2025,787,Pat Freiermuth,PIT,TE,1,8,GB,11.76470588235294,0,40.4,4,28.6,0,0,0,0,,0,0,0,0,,,0,,0,,0,,0,0,0,0,0,0,0,0,,0,0,0,,0,,0,,0,,0,0,,0,0,,0,,,0,100,0,0,0,0,0,0,0,0,0,0
2025,788,DeVonta Smith,PHI,WR,1,11,DET,25,10.344827586206897,97.1,16,94.1,3,17.6,0,0.19,26,78,26.3,0,0,0,0,0,0,0,0,0,0,0,0,0,0,1,0,0,0,39.6,3,21.4,0,0,1,33.3,1,0,0,0,1,0,0,0,0,0,17.6,-10.97,-0.902,31.3,68.8,0,0,0,1.3,0,1.31,-1.31,0,0.08,1.3
2025,789,Michael Bandy,DEN,WR,1,9,HST,100,0,9.8,2,13.3,0,0,0,0,,0,0,0,0,,,0,,0,,0,,0,0,0,0,0,0,0,0,,0,0,0,,0,,0,,0,,0,0,,0,0,,0,,,0,100,0,0,0,0,0,0,0,0,0,0
2025,790,Kyle Pitts,ATL,TE,1,10,IND,14.925373134328357,16.666666666666664,91.7,10,62.5,1,6.3,0,0.1,24,24,12.6,0,0,0,0,0,0,0,0,0,0,0,0.52,0,0,0,0,0,0,39.6,1,7.7,0,0,1,100,1,0,0,0,1,0,0,0,0,0,6.7,-15.44,-1.354,20,20,60,0,0,4.9,0,4.91,-4.91,0,0.49,4.9
2025,791,Kyle Pitts,ATL,TE,1,12,NO,11.940298507462686,16.666666666666664,94.5,8,100,1,12.5,0,0.13,6,6,6.1,0,0,0,0,0,0,0,0,0,0,0,0,0,0,0,0,0,0,0,1,20,0,0,1,100,0,0,0,0,1,0,0,0,0,0,12.5,-7.09,-8.469,25,50,25,0,0,1,0,0.98,-0.98,0,0.12,1
2025,792,Kyle Pitts,ATL,TE,1,8,MIA,14.925373134328357,0,91.8,10,100,0,0,0,0,,0,0,0,0,,,0,,0,,0,,0,0,0,0,0,0,0,0,,0,0,0,,0,,0,,0,,0,0,,0,0,,0,,,10,40,50,0,0,0,0,0,0,0,0,0
2025,793,Kyle Pitts,ATL,TE,1,9,NE,19.402985074626866,16.666666666666664,94.4,13,92.9,1,7.1,0,0.08,28,28,15.3,0,0,0,0,0,0,0,0,0,0,0,0,0,0,0,0,0,0,39.6,1,10,0,0,0,0,1,0,0,0,1,0,0,0,0,0,7.1,-14.31,-1.326,7.7,46.2,46.2,0,0,-0.1,0,-0.06,0.06,0,0,-0.1
2025,794,Elijah Moore,BUF,WR,1,12,HST,21.428571428571427,20,40.9,3,33.3,1,11.1,0,0.33,-1,-1,-1.1,0,0,0,0,0,0,0,0,0,0,0,0,0,0,0,0,0,0,39.6,1,12.5,0,0,1,100,0,0,1,100,1,0,0,0,0,0,33.3,-6.17,-0.216,66.7,33.3,0,0,0,0.5,0,0.5,-0.5,0,0.17,0.5
2025,795,Elijah Moore,BUF,WR,1,8,CAR,35.714285714285715,40,48.3,5,41.7,2,16.7,0,0.4,15,30,38.5,0,0,0,0,0,0,0,0,0,0,0,0.09,0,0,0,0,0,0,39.6,1,11.1,0,0,1,50,0,0,0,0,0,0,0,0,0,0,40,-10.29,-0.581,60,40,0,0,0,2.2,0,2.17,-2.17,0,0.43,2.2
2025,796,Elijah Moore,BUF,WR,1,9,KC,7.142857142857142,0,25,1,16.7,0,0,0,0,,0,0,0,0,,,0,,0,,0,,0,0,0,0,0,0,0,0,,0,0,0,,0,,0,,0,,0,0,,0,0,,0,,,0,100,0,0,0,0,0,0,0,0,0,0
2025,797,Hunter Long,JAX,TE,1,7,LA,71.42857142857143,0,60.8,10,52.6,0,0,0,0,,0,0,0,0,,,0,,0,,0,,0,0,0,0,0,0,0,0,,0,0,0,,0,,0,,0,,0,0,,0,0,,0,,,20,20,50,10,0,0,0,0,0,0,0,0
2025,798,Hunter Long,JAX,TE,1,9,LV,28.57142857142857,0,67.5,4,26.7,0,0,0,0,,0,0,0,0,,,0,,0,,0,,0,0,0,0,0,0,0,0,,0,0,0,,0,,0,,0,,0,0,,0,0,,0,,,0,0,100,0,0,0,0,0,0,0,0,0
2025,799,Tommy Tremble,CAR,TE,1,10,NO,27.586206896551722,0,72,8,72.7,0,0,0,0,,0,0,0,0,,,0,,0,,0,,0,0,0,0,0,0,0,0,,0,0,0,,0,,0,,0,,0,0,,0,0,,0,,,37.5,0,62.5,0,0,0,0,0,0,0,0,0
2025,800,Tommy Tremble,CAR,TE,1,11,ATL,24.137931034482758,0,56,7,50,0,0,0,0,,0,0,0,0,,,0,,0,,0,,0,0,0,0,0,0,0,0,,0,0,0,,0,,0,,0,,0,0,,0,0,,0,,,0,14.3,57.1,28.6,0,0,0,0,0,0,0,0
2025,801,Tommy Tremble,CAR,TE,1,12,SF,17.24137931034483,0,46.5,5,38.5,0,0,0,0,,0,0,0,0,,,0,,0,,0,,0,0,0,0,0,0,0,0,,0,0,0,,0,,0,,0,,0,0,,0,0,,0,,,0,20,60,20,0,0,0,0,0,0,0,0
2025,802,Tommy Tremble,CAR,TE,1,7,NYJ,10.344827586206897,0,67.1,3,21.4,0,0,0,0,,0,0,0,0,,,0,,0,,0,,0,0,0,0,0,0,0,0,,0,0,0,,0,,0,,0,,0,0,,0,0,,0,,,0,66.7,33.3,0,0,0,0,0,0,0,0,0
2025,803,Tommy Tremble,CAR,TE,1,8,BUF,13.793103448275861,0,45.8,4,40,0,0,0,0,,0,0,0,0,,,0,,0,,0,,0,0,0,0,0,0,0,0,,0,0,0,,0,,0,,0,,0,0,,0,0,,0,,,0,0,100,0,0,0,0,0,0,0,0,0
2025,804,Tommy Tremble,CAR,TE,1,9,GB,6.896551724137931,0,53.7,2,20,0,0,0,0,,0,0,0,0,,,0,,0,,0,,0,0,0,0,0,0,0,0,,0,0,0,,0,,0,,0,,0,0,,0,0,,0,,,0,0,100,0,0,0,0,0,0,0,0,0
2025,805,Grant Calcaterra,PHI,TE,1,10,GB,9.090909090909092,0,38.3,1,11.1,0,0,0,0,,0,0,0,0,,,0,,0,,0,,0,0,0,0,0,0,0,0,,0,0,0,,0,,0,,0,,0,0,,0,0,,0,,,0,100,0,0,0,0,0,0,0,0,0,0
2025,806,Grant Calcaterra,PHI,TE,1,11,DET,9.090909090909092,0,49.3,1,5.9,0,0,0,0,,0,0,0,0,,,0,,0,,0,,0,0,0,0,0,0,0,0,,0,0,0,,0,,0,,0,,0,0,,0,0,,0,,,0,100,0,0,0,0,0,0,0,0,0,0
2025,807,Grant Calcaterra,PHI,TE,1,12,DAL,45.45454545454545,0,22.4,5,31.3,0,0,0,0,,0,0,0,0,,,0,,0,,0,,0,0,0,0,0,0,0,0,,0,0,0,,0,,0,,0,,0,0,,0,0,,0,,,0,20,80,0,0,0,0,0,0,0,0,0
2025,808,Grant Calcaterra,PHI,TE,1,8,NYG,36.36363636363637,0,61.4,4,44.4,0,0,0,0,,0,0,0,0,,,0,,0,,0,,0,0,0,0,0,0,0,0,,0,0,0,,0,,0,,0,,0,0,,0,0,,0,,,0,50,50,0,0,0,0,0,0,0,0,0
2025,809,Bo Melton,GB,WR,1,12,MIN,25,0,1.5,1,12.5,0,0,0,0,,0,0,0,0,,,0,,0,,0,,0,0,0,0,0,0,0,0,,0,0,0,,0,,0,,0,,0,0,,0,0,,0,,,100,0,0,0,0,0,0,0,0,0,0,0
2025,810,Jake Tonges,SF,TE,1,9,NYG,100,0,6.2,1,12.5,0,0,0,0,,0,0,0,0,,,0,,0,,0,,0,0,0,0,0,0,0,0,,0,0,0,,0,,0,,0,,0,0,,0,0,,0,,,0,0,100,0,0,0,0,0,0,0,0,0
2025,811,Jameson Williams,DET,WR,1,12,NYG,16,12.5,96.9,8,88.9,2,22.2,0,0.25,6.5,13,13.5,0,0,0,0,0,0,0,0,0,0,0,0,0,0,0,0,0,0,39.6,2,22.2,0,0,2,100,0,0,1,50,2,0,0,0,0,0,22.2,-6.75,-1.202,75,25,0,0,0,2.1,0,2.09,-2.09,0,0.26,2.1
2025,812,Jameson Williams,DET,WR,1,7,TB,14.000000000000002,0,84.6,7,100,0,0,0,0,,0,0,0,0,,,0,,0,,0,,0,0,0,0,0,0,0,0,,0,0,0,,0,,0,,0,,0,0,,0,0,,0,,,85.7,14.3,0,0,0,0,0,0,0,0,0,0
2025,813,Greg Dulcich,MIA,TE,1,10,BUF,35.294117647058826,0,58.5,6,75,0,0,0,0,,0,0,0,0,,,0,,0,,0,,0,0,0,0,0,0,0,0,,0,0,0,,0,,0,,0,,0,0,,0,0,,0,,,0,50,50,0,0,0,0,0,0,0,0,0
2025,814,Greg Dulcich,MIA,TE,1,11,WAS,29.411764705882355,100,51.9,5,71.4,1,14.3,0,0.2,6,6,6.8,0,0,0,0,0,0,0,0,0,0,0,0,0,1,0,0,0,0,39.6,1,16.7,0,0,0,0,0,0,0,0,0,0,0,0,0,0,20,-7.09,-0.591,60,0,40,0,0,0,0,0,0,0,0,0
2025,815,Greg Dulcich,MIA,TE,1,8,ATL,17.647058823529413,0,27.7,3,30,0,0,0,0,,0,0,0,0,,,0,,0,,0,,0,0,0,0,0,0,0,0,,0,0,0,,0,,0,,0,,0,0,,0,0,,0,,,0,0,100,0,0,0,0,0,0,0,0,0
2025,816,Greg Dulcich,MIA,TE,1,9,BLT,17.647058823529413,0,37.1,3,23.1,0,0,0,0,,0,0,0,0,,,0,,0,,0,,0,0,0,0,0,0,0,0,,0,0,0,,0,,0,,0,,0,0,,0,0,,0,,,0,66.7,33.3,0,0,0,0,0,0,0,0,0
2025,817,Khalil Shakir,BUF,WR,1,11,TB,24.390243902439025,0,52.8,10,71.4,0,0,0,0,,0,0,0,0,,,0,,0,,0,,0,0,0,0,0,0,0,0,,0,0,0,,0,,0,,0,,0,0,,0,0,,0,,,20,80,0,0,0,0,0,0,0,0,0,0
2025,818,Teagan Quitoriano,ATL,TE,1,12,NO,100,0,61.8,1,12.5,0,0,0,0,,0,0,0,0,,,0,,0,,0,,0,0,0,0,0,0,0,0,,0,0,0,,0,,0,,0,,0,0,,0,0,,0,,,0,0,100,0,0,0,0,0,0,0,0,0
2025,819,Jalen Nailor,MIN,WR,1,11,CHI,13.953488372093023,0,59.3,6,54.5,0,0,0,0,,0,0,0,0,,,0,,0,,0,,0,0,0,0,0,0,0,0,,0,0,0,,0,,0,,0,,0,0,,0,0,,0,,,33.3,66.7,0,0,0,0,0,0,0,0,0,0
2025,820,Jalen Nailor,MIN,WR,1,12,GB,4.651162790697675,0,45.5,2,40,0,0,0,0,,0,0,0,0,,,0,,0,,0,,0,0,0,0,0,0,0,0,,0,0,0,,0,,0,,0,,0,0,,0,0,,0,,,0,100,0,0,0,0,0,0,0,0,0,0
2025,821,Jalen Nailor,MIN,WR,1,7,PHI,20.930232558139537,25,59.7,9,50,1,5.6,0,0.11,12,12,4.3,0,0,0,0,0,0,0,0,0,0,0,0,0,1,1,0,0,0,39.6,1,6.3,0,0,0,0,0,0,0,0,0,0,0,0,0,0,11.1,-9.05,-1.45,33.3,66.7,0,0,0,0,0,0,0,0,0,0
2025,822,Jalen Nailor,MIN,WR,1,8,LAC,20.930232558139537,0,70.2,9,60,0,0,0,0,,0,0,0,0,,,0,,0,,0,,0,0,0,0,0,0,0,0,,0,0,0,,0,,0,,0,,0,0,,0,0,,0,,,11.1,88.9,0,0,0,0,0,0,0,0,0,0
2025,823,Jalen Nailor,MIN,WR,1,9,DET,16.27906976744186,50,52.5,7,53.8,2,15.4,0,0.29,18.5,37,24,0,0,0,0,0,0,0,0,0,0,0,0.02,0,0,0,0,0,0,0,1,10,0,0,1,50,1,0,0,0,1,0,0,0,0,0,25,-10.02,-1.562,28.6,71.4,0,0,0,2,0,1.98,-1.98,0,0.28,2
2025,824,Andrew Ogletree,IND,TE,1,10,ATL,66.66666666666666,0,24.3,2,18.2,0,0,0,0,,0,0,0,0,,,0,,0,,0,,0,0,0,0,0,0,0,0,,0,0,0,,0,,0,,0,,0,0,,0,0,,0,,,0,0,100,0,0,0,0,0,0,0,0,0
2025,825,Andrew Ogletree,IND,TE,1,9,PIT,33.33333333333333,0,16.2,1,4,0,0,0,0,,0,0,0,0,,,0,,0,,0,,0,0,0,0,0,0,0,0,,0,0,0,,0,,0,,0,,0,0,,0,0,,0,,,0,0,100,0,0,0,0,0,0,0,0,0
2025,826,John FitzPatrick,GB,TE,1,11,NYG,21.428571428571427,0,62.7,3,27.3,0,0,0,0,,0,0,0,0,,,0,,0,,0,,0,0,0,0,0,0,0,0,,0,0,0,,0,,0,,0,,0,0,,0,0,,0,,,0,0,100,0,0,0,0,0,0,0,0,0
2025,827,John FitzPatrick,GB,TE,1,12,MIN,35.714285714285715,0,61.5,5,62.5,0,0,0,0,,0,0,0,0,,,0,,0,,0,,0,0,0,0,0,0,0,0,,0,0,0,,0,,0,,0,,0,0,,0,0,,0,,,20,0,80,0,0,0,0,0,0,0,0,0
2025,828,John FitzPatrick,GB,TE,1,8,PIT,14.285714285714285,0,34.9,2,20,0,0,0,0,,0,0,0,0,,,0,,0,,0,,0,0,0,0,0,0,0,0,,0,0,0,,0,,0,,0,,0,0,,0,0,,0,,,0,50,0,50,0,0,0,0,0,0,0,0
2025,829,John FitzPatrick,GB,TE,1,9,CAR,14.285714285714285,0,28.6,2,14.3,0,0,0,0,,0,0,0,0,,,0,,0,,0,,0,0,0,0,0,0,0,0,,0,0,0,,0,,0,,0,,0,0,,0,0,,0,,,0,0,100,0,0,0,0,0,0,0,0,0
2025,830,Tanner Conner,MIA,TE,1,7,CLV,50,0,31.6,5,33.3,0,0,0,0,,0,0,0,0,,,0,,0,,0,,0,0,0,0,0,0,0,0,,0,0,0,,0,,0,,0,,0,0,,0,0,,0,,,20,20,60,0,0,0,0,0,0,0,0,0
2025,831,Tanner Conner,MIA,TE,1,8,ATL,30,0,46.2,3,30,0,0,0,0,,0,0,0,0,,,0,,0,,0,,0,0,0,0,0,0,0,0,,0,0,0,,0,,0,,0,,0,0,,0,0,,0,,,0,33.3,66.7,0,0,0,0,0,0,0,0,0
2025,832,Tanner Conner,MIA,TE,1,9,BLT,20,0,43.5,2,15.4,0,0,0,0,,0,0,0,0,,,0,,0,,0,,0,0,0,0,0,0,0,0,,0,0,0,,0,,0,,0,,0,0,,0,0,,0,,,50,0,50,0,0,0,0,0,0,0,0,0
2025,833,Rashid Shaheed,SEA,WR,1,10,ARZ,5,0,0,3,50,0,0,0,0,,0,0,0,0,,,0,,0,,0,,0,0,0,0,0,0,0,0,,0,0,0,,0,,0,,0,,0,0,,0,0,,0,,,100,0,0,0,0,0,0,0,0,0,0,0
2025,834,Rashid Shaheed,SEA,WR,1,12,TEN,10,3.8461538461538463,0,6,66.7,1,11.1,0,0.17,13,13,13.5,0,0,0,0,0,0,0,0,0,0,0,0,0,0,0,0,0,0,39.6,1,12.5,0,0,0,0,0,0,0,0,0,0,0,0,0,0,16.7,-8.91,-0.277,66.7,33.3,0,0,0,0,0,0.01,-0.01,0,0,0
2025,835,John Metchie,NYJ,WR,1,11,NE,28.57142857142857,0,82.5,6,85.7,0,0,0,0,,0,0,0,0,,,0,,0,,0,,0,0,0,0,0,0,0,0,,0,0,0,,0,,0,,0,,0,0,,0,0,,0,,,33.3,66.7,0,0,0,0,0,0,0,0,0,0
2025,836,John Metchie,PHI,WR,1,8,NYG,9.523809523809524,0,0,2,22.2,0,0,0,0,,0,0,0,0,,,0,,0,,0,,0,0,0,0,0,0,0,0,,0,0,0,,0,,0,,0,,0,0,,0,0,,0,,,100,0,0,0,0,0,0,0,0,0,0,0
2025,837,Tucker Fisk,LAC,TE,1,10,PIT,66.66666666666666,0,39.1,2,14.3,0,0,0,0,,0,0,0,0,,,0,,0,,0,,0,0,0,0,0,0,0,0,,0,0,0,,0,,0,,0,,0,0,,0,0,,0,,,50,0,50,0,0,0,0,0,0,0,0,0
2025,838,Tucker Fisk,LAC,TE,1,8,MIN,33.33333333333333,0,57.1,1,12.5,0,0,0,0,,0,0,0,0,,,0,,0,,0,,0,0,0,0,0,0,0,0,,0,0,0,,0,,0,,0,,0,0,,0,0,,0,,,0,0,100,0,0,0,0,0,0,0,0,0
2025,839,Jalen Tolbert,DAL,WR,1,11,LV,20,25,18.5,2,11.1,1,5.6,0,0.5,19,19,9.5,0,0,0,0,0,0,0,0,0,0,0,0,0,0,0,0,0,0,39.6,0,0,0,0,0,0,0,0,0,0,0,0,0,0,0,0,50,-11.93,-1.691,100,0,0,0,0,0,0,0,0,0,0,0
2025,840,Jalen Tolbert,DAL,WR,1,7,WAS,30,25,48.4,3,30,1,10,0,0.33,16,16,11.2,0,0,0,0,0,0,0,0,0,0,0,0.27,0,0,0,0,0,0,39.6,1,12.5,0,0,1,100,0,0,0,0,1,0,0,0,0,0,33.3,-10.1,-0.488,33.3,66.7,0,0,0,3.1,0,3.12,-3.12,0,1.04,3.1
2025,841,Jalen Tolbert,DAL,WR,1,9,ARZ,10,0,10.8,1,5.9,0,0,0,0,,0,0,0,0,,,0,,0,,0,,0,0,0,0,0,0,0,0,,0,0,0,,0,,0,,0,,0,0,,0,0,,0,,,0,100,0,0,0,0,0,0,0,0,0,0
2025,842,Garrett Wilson,NYJ,WR,1,10,CLV,100,100,40.4,2,66.7,2,66.7,0,1,25.5,51,92.7,0,0,0,0,0,0,0,0,0,0,0,0.01,0,0,0,0,0,0,0,2,66.7,0,0,1,50,2,0,0,0,1,0,0,0,0,0,100,-11.68,-2.978,100,0,0,0,0,2,0,2.03,-2.03,0,1.02,2
2025,843,Jahan Dotson,PHI,WR,1,10,GB,15.384615384615385,0,31.7,6,66.7,0,0,0,0,,0,0,0,0,,,0,,0,,0,,0,0,0,0,0,0,0,0,,0,0,0,,0,,0,,0,,0,0,,0,0,,0,,,33.3,66.7,0,0,0,0,0,0,0,0,0,0
2025,844,Jahan Dotson,PHI,WR,1,12,DAL,20.51282051282051,0,55.2,8,50,0,0,0,0,,0,0,0,0,,,0,,0,,0,,0,0,0,0,0,0,0,0,,0,0,0,,0,,0,,0,,0,0,,0,0,,0,,,75,25,0,0,0,0,0,0,0,0,0,0
2025,845,Jahan Dotson,PHI,WR,1,7,MIN,20.51282051282051,0,49,8,57.1,0,0,0,0,,0,0,0,0,,,0,,0,,0,,0,0,0,0,0,0,0,0,,0,0,0,,0,,0,,0,,0,0,,0,0,,0,,,50,50,0,0,0,0,0,0,0,0,0,0
2025,846,Trey McBride,ARZ,TE,1,11,SF,23.684210526315788,0,88.7,18,90,0,0,0,0,,0,0,0,0,,,0,,0,,0,,0,0,0,0,0,0,0,0,,0,0,0,,0,,0,,0,,0,0,,0,0,,0,,,0,83.3,16.7,0,0,0,0,0,0,0,0,0
2025,847,KaVontae Turpin,DAL,WR,1,11,LV,27.77777777777778,33.33333333333333,33.8,10,55.6,2,11.1,0,0.2,1,2,1,0,0,0,0,1,50,4,4,1,1,0,0.04,0,0,0,0,0,0,56.3,2,16.7,0,0,2,100,0,0,1,50,0,0,0,0,0,0,20,-5.72,-0.991,50,50,0,0,1,3.7,1,3.67,-2.67,0.1,0.37,3.7
2025,848,KaVontae Turpin,DAL,WR,1,7,WAS,8.333333333333332,0,29,3,30,0,0,0,0,,0,0,0,0,,,0,,0,,0,,0,0,0,0,0,0,0,0,,0,0,0,,0,,0,,0,,0,0,,0,0,,0,,,0,100,0,0,0,0,0,0,0,0,0,0
2025,849,Jeremy Ruckert,NYJ,TE,1,10,CLV,21.428571428571427,0,51.1,3,100,0,0,0,0,,0,0,0,0,,,0,,0,,0,,0,0,0,0,0,0,0,0,,0,0,0,,0,,0,,0,,0,0,,0,0,,0,,,0,0,100,0,0,0,0,0,0,0,0,0
2025,850,Jeremy Ruckert,NYJ,TE,1,11,NE,28.57142857142857,0,43.9,4,57.1,0,0,0,0,,0,0,0,0,,,0,,0,,0,,0,0,0,0,0,0,0,0,,0,0,0,,0,,0,,0,,0,0,,0,0,,0,,,0,0,100,0,0,0,0,0,0,0,0,0
2025,851,Jeremy Ruckert,NYJ,TE,1,12,BLT,21.428571428571427,0,31.6,3,23.1,0,0,0,0,,0,0,0,0,,,0,,0,,0,,0,0,0,0,0,0,0,0,,0,0,0,,0,,0,,0,,0,0,,0,0,,0,,,33.3,0,66.7,0,0,0,0,0,0,0,0,0
2025,852,Jeremy Ruckert,NYJ,TE,1,7,CAR,14.285714285714285,0,26.7,2,12.5,0,0,0,0,,0,0,0,0,,,0,,0,,0,,0,0,0,0,0,0,0,0,,0,0,0,,0,,0,,0,,0,0,,0,0,,0,,,50,0,50,0,0,0,0,0,0,0,0,0
2025,853,Jeremy Ruckert,NYJ,TE,1,8,CIN,14.285714285714285,0,51.4,2,20,0,0,0,0,,0,0,0,0,,,0,,0,,0,,0,0,0,0,0,0,0,0,,0,0,0,,0,,0,,0,,0,0,,0,0,,0,,,0,0,100,0,0,0,0,0,0,0,0,0
2025,854,Chig Okonkwo,TEN,TE,1,11,HST,10.344827586206897,0,66.7,3,30,0,0,0,0,,0,0,0,0,,,0,,0,,0,,0,0,0,0,0,0,0,0,,0,0,0,,0,,0,,0,,0,0,,0,0,,0,,,0,33.3,66.7,0,0,0,0,0,0,0,0,0
2025,855,Chig Okonkwo,TEN,TE,1,7,NE,27.586206896551722,0,60.8,8,80,0,0,0,0,,0,0,0,0,,,0,,0,,0,,0,0,0,0,0,0,0,0,,0,0,0,,0,,0,,0,,0,0,,0,0,,0,,,0,62.5,37.5,0,0,0,0,0,0,0,0,0
2025,856,Chig Okonkwo,TEN,TE,1,8,IND,27.586206896551722,0,59.7,8,61.5,0,0,0,0,,0,0,0,0,,,0,,0,,0,,0,0,0,0,0,0,0,0,,0,0,0,,0,,0,,0,,0,0,,0,0,,0,,,0,25,75,0,0,0,0,0,0,0,0,0
2025,857,Isaiah Likely,BLT,TE,1,12,NYJ,13.636363636363635,0,56.9,3,42.9,0,0,0,0,,0,0,0,0,,,0,,0,,0,,0,0,0,0,0,0,0,0,,0,0,0,,0,,0,,0,,0,0,,0,0,,0,,,33.3,66.7,0,0,0,0,0,0,0,0,0,0
2025,858,Isaiah Likely,BLT,TE,1,8,CHI,22.727272727272727,0,57.6,5,62.5,0,0,0,0,,0,0,0,0,,,0,,0,,0,,0,0,0,0,0,0,0,0,,0,0,0,,0,,0,,0,,0,0,,0,0,,0,,,20,60,20,0,0,0,0,0,0,0,0,0
2025,859,Isaiah Likely,BLT,TE,1,9,MIA,22.727272727272727,0,58.9,5,71.4,0,0,0,0,,0,0,0,0,,,0,,0,,0,,0,0,0,0,0,0,0,0,,0,0,0,,0,,0,,0,,0,0,,0,0,,0,,,0,80,20,0,0,0,0,0,0,0,0,0
2025,860,Jake Ferguson,DAL,TE,1,11,LV,20.3125,0,63.1,13,72.2,0,0,0,0,,0,0,0,0,,,0,,0,,0,,0,0,0,0,0,0,0,0,,0,0,0,,0,,0,,0,,0,0,,0,0,,0,,,7.7,76.9,15.4,0,0,0,0,0,0,0,0,0
2025,861,Jake Ferguson,DAL,TE,1,8,DEN,23.4375,0,57.4,15,65.2,0,0,0,0,,0,0,0,0,,,0,,0,,0,,0,0,0,0,0,0,0,0,,0,0,0,,0,,0,,0,,0,0,,0,0,,0,,,0,80,20,0,0,0,0,0,0,0,0,0
2025,862,Charlie Kolar,BLT,TE,1,11,CLV,25,0,31.7,1,11.1,0,0,0,0,,0,0,0,0,,,0,,0,,0,,0,0,0,0,0,0,0,0,,0,0,0,,0,,0,,0,,0,0,,0,0,,0,,,0,0,100,0,0,0,0,0,0,0,0,0
2025,863,Charlie Kolar,BLT,TE,1,8,CHI,50,0,42.4,2,25,0,0,0,0,,0,0,0,0,,,0,,0,,0,,0,0,0,0,0,0,0,0,,0,0,0,,0,,0,,0,,0,0,,0,0,,0,,,0,50,50,0,0,0,0,0,0,0,0,0
2025,864,Charlie Kolar,BLT,TE,1,9,MIA,25,0,46.4,1,14.3,0,0,0,0,,0,0,0,0,,,0,,0,,0,,0,0,0,0,0,0,0,0,,0,0,0,,0,,0,,0,,0,0,,0,0,,0,,,0,0,100,0,0,0,0,0,0,0,0,0
2025,865,Skyy Moore,SF,WR,1,12,CAR,11.11111111111111,0,7.1,1,14.3,0,0,0,0,,0,0,0,0,,,0,,0,,0,,0,0,0,0,0,0,0,0,,0,0,0,,0,,0,,0,,0,0,,0,0,,0,,,100,0,0,0,0,0,0,0,0,0,0,0
2025,866,Skyy Moore,SF,WR,1,8,HST,33.33333333333333,33.33333333333333,20.5,3,33.3,1,11.1,0,0.33,43,43,25.1,0,0,0,0,0,0,0,0,0,0,0,0,0,0,0,0,0,0,39.6,1,14.3,0,0,0,0,1,0,0,0,0,0,0,0,0,0,33.3,-15,-0.803,100,0,0,0,0,0.1,0,0.07,-0.07,0,0.02,0.1
2025,867,Tyquan Thornton,KC,WR,1,11,DEN,28.57142857142857,50,24.2,4,23.5,1,5.9,0,0.25,40,40,24.4,0,0,0,0,0,0,0,0,0,0,0,0,0,0,0,0,0,0,39.6,1,6.7,0,0,0,0,1,0,0,0,0,0,0,0,0,0,25,-15,-1.374,50,50,0,0,0,-0.1,0,-0.11,0.11,0,-0.03,-0.1
2025,868,Tyquan Thornton,KC,WR,1,12,IND,42.857142857142854,50,25.3,6,35.3,1,5.9,0,0.17,41,41,25.5,0,0,0,0,0,0,0,0,0,0,0,0,0,0,0,0,0,0,39.6,1,7.1,0,0,0,0,1,0,0,0,0,0,0,0,0,0,16.7,-15,-0.47,66.7,33.3,0,0,0,0.1,0,0.07,-0.07,0,0.01,0.1
2025,869,Tyquan Thornton,KC,WR,1,9,BUF,28.57142857142857,0,22.8,4,44.4,0,0,0,0,,0,0,0,0,,,0,,0,,0,,0,0,0,0,0,0,0,0,,0,0,0,,0,,0,,0,,0,0,,0,0,,0,,,25,75,0,0,0,0,0,0,0,0,0,0
2025,870,Daniel Bellinger,NYG,TE,1,10,CHI,38.88888888888889,0,72.9,7,63.6,0,0,0,0,,0,0,0,0,,,0,,0,,0,,0,0,0,0,0,0,0,0,,0,0,0,,0,,0,,0,,0,0,,0,0,,0,,,14.3,71.4,14.3,0,0,0,0,0,0,0,0,0
2025,871,Daniel Bellinger,NYG,TE,1,11,GB,27.77777777777778,100,46.4,5,29.4,1,5.9,0,0.2,3,3,1.6,0,0,0,0,0,0,0,0,0,0,0,0,0,0,0,0,0,0,39.6,0,0,0,0,0,0,0,0,0,0,0,0,0,0,0,0,14.3,-6.32,-0.84,40,40,20,0,0,0,0,0.02,-0.02,0,0,0
2025,872,Daniel Bellinger,NYG,TE,1,12,DET,11.11111111111111,0,64.9,2,16.7,0,0,0,0,,0,0,0,0,,,0,,0,,0,,0,0,0,0,0,0,0,0,,0,0,0,,0,,0,,0,,0,0,,0,0,,0,,,0,50,0,50,0,0,0,0,0,0,0,0
2025,873,Daniel Bellinger,NYG,TE,1,7,DEN,11.11111111111111,0,68.1,2,40,0,0,0,0,,0,0,0,0,,,0,,0,,0,,0,0,0,0,0,0,0,0,,0,0,0,,0,,0,,0,,0,0,,0,0,,0,,,0,100,0,0,0,0,0,0,0,0,0,0
2025,874,Daniel Bellinger,NYG,TE,1,8,PHI,11.11111111111111,0,40,2,28.6,0,0,0,0,,0,0,0,0,,,0,,0,,0,,0,0,0,0,0,0,0,0,,0,0,0,,0,,0,,0,,0,0,,0,0,,0,,,0,50,50,0,0,0,0,0,0,0,0,0
2025,875,Wan'Dale Robinson,NYG,WR,1,8,PHI,7.2727272727272725,0,98,4,57.1,0,0,0,0,,0,0,0,0,,,0,,0,,0,,0,0,0,0,0,0,0,0,,0,0,0,,0,,0,,0,,0,0,,0,0,,0,,,50,50,0,0,0,0,0,0,0,0,0,0
2025,876,Christian Watson,GB,WR,1,10,PHI,25,13.333333333333334,81.8,11,84.6,2,15.4,0,0.18,44.5,89,41.6,0,0,0,0,0,0,0,0,0,0,0,0.02,0,0,0,0,0,0,39.6,2,20,0,0,1,50,2,0,0,0,1,0,0,0,0,0,18.2,-15,-0.662,63.6,36.4,0,0,0,1.3,0,1.31,-1.31,0,0.12,1.3
2025,877,Cade Otton,TB,TE,1,10,NE,23.88059701492537,14.285714285714285,97,16,80,1,5,0,0.06,3,3,1.4,0,0,0,0,0,0,0,0,0,0,0,0,0,0,0,0,0,0,39.6,0,0,0,0,1,100,0,0,0,0,1,0,0,0,0,0,5,-6.32,-0.611,6.3,81.3,12.5,0,0,0.6,0,0.63,-0.63,0,0.04,0.6
2025,878,Cade Otton,TB,TE,1,12,LA,16.417910447761194,0,85.1,11,73.3,0,0,0,0,,0,0,0,0,,,0,,0,,0,,0,0,0,0,0,0,0,0,,0,0,0,,0,,0,,0,,0,0,,0,0,,0,,,0,100,0,0,0,0,0,0,0,0,0,0
2025,879,Cade Otton,TB,TE,1,8,NO,13.432835820895523,14.285714285714285,96.4,9,64.3,1,7.1,0,0.11,8,8,7.3,0,0,0,0,0,0,0,0,0,0,0,0,0,0,0,0,0,0,39.6,0,0,0,0,1,100,0,0,0,0,1,0,0,0,0,0,7.1,-7.72,-1.13,22.2,33.3,44.4,0,0,1,0,1,-1,0,0.11,1
2025,880,Xavier Smith,LA,WR,1,10,SF,50,0,47.8,7,53.8,0,0,0,0,,0,0,0,0,,,0,,0,,0,,0,0,0,0,0,0,0,0,,0,0,0,,0,,0,,0,,0,0,,0,0,,0,,,14.3,85.7,0,0,0,0,0,0,0,0,0,0
2025,881,Dontayvion Wicks,GB,WR,1,11,NYG,25.925925925925924,14.285714285714285,56.9,7,63.6,1,9.1,0,0.14,4,4,2.6,0,0,0,0,0,0,0,0,0,0,0,0.01,0,0,0,0,0,0,39.6,1,12.5,0,0,1,100,0,0,1,100,1,0,0,0,0,0,12.5,-6.05,-0.759,57.1,42.9,0,0,0,1.1,0,1.14,-1.14,0,0.16,1.1
2025,882,Dontayvion Wicks,GB,WR,1,7,ARZ,11.11111111111111,0,28.3,3,33.3,0,0,0,0,,0,0,0,0,,,0,,0,,0,,0,0,0,0,0,0,0,0,,0,0,0,,0,,0,,0,,0,0,,0,0,,0,,,33.3,66.7,0,0,0,0,0,0,0,0,0,0
2025,883,Malik Heath,GB,WR,1,10,PHI,33.33333333333333,0,28.8,5,38.5,0,0,0,0,,0,0,0,0,,,0,,0,,0,,0,0,0,0,0,0,0,0,,0,0,0,,0,,0,,0,,0,0,,0,0,,0,,,40,60,0,0,0,0,0,0,0,0,0,0
2025,884,Malik Heath,GB,WR,1,12,MIN,6.666666666666667,0,20,1,12.5,0,0,0,0,,0,0,0,0,,,0,,0,,0,,0,0,0,0,0,0,0,0,,0,0,0,,0,,0,,0,,0,0,,0,0,,0,,,100,0,0,0,0,0,0,0,0,0,0,0
2025,885,Malik Heath,GB,WR,1,7,ARZ,20,0,39.6,3,33.3,0,0,0,0,,0,0,0,0,,,0,,0,,0,,0,0,0,0,0,0,0,0,,0,0,0,,0,,0,,0,,0,0,,0,0,,0,,,33.3,66.7,0,0,0,0,0,0,0,0,0,0
2025,886,Malik Heath,GB,WR,1,9,CAR,20,0,42.9,3,21.4,0,0,0,0,,0,0,0,0,,,0,,0,,0,,0,0,0,0,0,0,0,0,,0,0,0,,0,,0,,0,,0,0,,0,0,,0,,,33.3,66.7,0,0,0,0,0,0,0,0,0,0
2025,887,Quentin Johnston,LAC,WR,1,11,JAX,18.96551724137931,11.76470588235294,88.9,11,84.6,2,15.4,0,0.18,22.5,45,31,0,0,0,0,0,0,0,0,0,0,0,0.21,0,0,0,0,0,0,39.6,1,10,0,0,1,50,1,0,0,0,1,0,0,0,0,0,18.2,-9.8,-0.428,81.8,18.2,0,0,0,3,0,3.04,-3.04,0,0.28,3
2025,888,Quentin Johnston,LAC,WR,1,8,MIN,12.068965517241379,0,52.9,7,87.5,0,0,0,0,,0,0,0,0,,,0,,0,,0,,0,0,0,0,0,0,0,0,,0,0,0,,0,,0,,0,,0,0,,0,0,,0,,,57.1,42.9,0,0,0,0,0,0,0,0,0,0
2025,889,Luke Schoonmaker,DAL,TE,1,11,LV,12.5,0,44.6,2,11.1,0,0,0,0,,0,0,0,0,,,0,,0,,0,,0,0,0,0,0,0,0,0,,0,0,0,,0,,0,,0,,0,0,,0,0,,0,,,0,0,100,0,0,0,0,0,0,0,0,0
2025,890,Luke Schoonmaker,DAL,TE,1,12,PHI,18.75,0,30.9,3,15,0,0,0,0,,0,0,0,0,,,0,,0,,0,,0,0,0,0,0,0,0,0,,0,0,0,,0,,0,,0,,0,0,,0,0,,0,,,33.3,0,66.7,0,0,0,0,0,0,0,0,0
2025,891,Luke Schoonmaker,DAL,TE,1,7,WAS,18.75,0,35.5,3,30,0,0,0,0,,0,0,0,0,,,0,,0,,0,,0,0,0,0,0,0,0,0,,0,0,0,,0,,0,,0,,0,0,,0,0,,0,,,0,33.3,66.7,0,0,0,0,0,0,0,0,0
2025,892,Luke Schoonmaker,DAL,TE,1,8,DEN,37.5,0,42.6,6,26.1,0,0,0,0,,0,0,0,0,,,0,,0,,0,,0,0,0,0,0,0,0,0,,0,0,0,,0,,0,,0,,0,0,,0,0,,0,,,0,16.7,83.3,0,0,0,0,0,0,0,0,0
2025,893,Luke Schoonmaker,DAL,TE,1,9,ARZ,12.5,0,20,2,11.8,0,0,0,0,,0,0,0,0,,,0,,0,,0,,0,0,0,0,0,0,0,0,,0,0,0,,0,,0,,0,,0,0,,0,0,,0,,,0,0,100,0,0,0,0,0,0,0,0,0
2025,894,Darnell Washington,PIT,TE,1,12,CHI,12.5,0,68.1,3,25,0,0,0,0,,0,0,0,0,,,0,,0,,0,,0,0,0,0,0,0,0,0,,0,0,0,,0,,0,,0,,0,0,,0,0,,0,,,0,33.3,66.7,0,0,0,0,0,0,0,0,0
2025,895,Darnell Washington,PIT,TE,1,7,CIN,8.333333333333332,16.666666666666664,64.8,2,16.7,1,8.3,0,0.5,13,13,6.9,0,0,0,0,0,0,0,0,0,0,0,0,0,0,0,0,0,0,39.6,1,9.1,0,0,0,0,0,0,0,0,0,0,0,0,0,0,16.7,-9.96,-0.572,50,0,50,0,0,0,0,0,0,0,0,0
2025,896,Darnell Washington,PIT,TE,1,8,GB,16.666666666666664,0,45.6,4,28.6,0,0,0,0,,0,0,0,0,,,0,,0,,0,,0,0,0,0,0,0,0,0,,0,0,0,,0,,0,,0,,0,0,,0,0,,0,,,0,25,75,0,0,0,0,0,0,0,0,0
2025,897,Cameron Latu,PHI,TE,1,12,DAL,50,0,5.2,1,6.3,0,0,0,0,,0,0,0,0,,,0,,0,,0,,0,0,0,0,0,0,0,0,,0,0,0,,0,,0,,0,,0,0,,0,0,,0,,,0,0,0,100,0,0,0,0,0,0,0,0
2025,898,Cameron Latu,PHI,TE,1,8,NYG,50,0,14,1,11.1,0,0,0,0,,0,0,0,0,,,0,,0,,0,,0,0,0,0,0,0,0,0,,0,0,0,,0,,0,,0,,0,0,,0,0,,0,,,0,0,0,100,0,0,0,0,0,0,0,0
2025,899,Derius Davis,LAC,WR,1,11,JAX,50,50,11.1,1,7.7,1,7.7,0,1,30,30,20.7,0,0,0,0,0,0,0,0,0,0,0,0,0,0,0,0,0,0,39.6,1,10,0,0,0,0,1,0,0,0,0,0,0,0,0,0,100,-9.19,-0.605,100,0,0,0,0,0,0,0.04,-0.04,0,0.04,0
2025,900,Charlie Jones,CIN,WR,1,12,NE,100,100,17.7,3,17.6,1,5.9,0,0.33,40,40,18.1,0,0,0,0,0,0,0,0,0,0,0,0,0,0,0,0,0,0,39.6,1,8.3,0,0,0,0,1,0,0,0,0,0,0,0,0,0,33.3,-15,-0.534,66.7,33.3,0,0,0,-0.1,0,-0.08,0.08,0,-0.03,-0.1
2025,901,Josh Whyle,GB,TE,1,10,PHI,33.33333333333333,0,9.1,1,7.7,0,0,0,0,,0,0,0,0,,,0,,0,,0,,0,0,0,0,0,0,0,0,,0,0,0,,0,,0,,0,,0,0,,0,0,,0,,,0,0,100,0,0,0,0,0,0,0,0,0
2025,902,Josh Whyle,GB,TE,1,11,NYG,33.33333333333333,0,37.3,1,9.1,0,0,0,0,,0,0,0,0,,,0,,0,,0,,0,0,0,0,0,0,0,0,,0,0,0,,0,,0,,0,,0,0,,0,0,,0,,,0,100,0,0,0,0,0,0,0,0,0,0
2025,903,Josh Whyle,GB,TE,1,12,MIN,33.33333333333333,0,40,1,12.5,0,0,0,0,,0,0,0,0,,,0,,0,,0,,0,0,0,0,0,0,0,0,,0,0,0,,0,,0,,0,,0,0,,0,0,,0,,,0,100,0,0,0,0,0,0,0,0,0,0
2025,904,Kayshon Boutte,NE,WR,1,9,ATL,5.88235294117647,11.11111111111111,26.5,2,33.3,1,16.7,0,0.5,19,19,42.2,0,0,0,0,0,0,0,0,0,0,0,0,0,0,0,0,0,0,39.6,1,25,0,0,0,0,0,0,0,0,0,0,0,0,0,0,50,-11.93,-0.843,50,50,0,0,0,0,0,0.02,-0.02,0,0.01,0
2025,905,Xavier Hutchinson,HST,WR,1,10,JAX,14.583333333333334,0,52.2,7,36.8,0,0,0,0,,0,0,0,0,,,0,,0,,0,,0,0,0,0,0,0,0,0,,0,0,0,,0,,0,,0,,0,0,,0,0,,0,,,85.7,14.3,0,0,0,0,0,0,0,0,0,0
2025,906,Xavier Hutchinson,HST,WR,1,12,BUF,6.25,0,35.7,3,27.3,0,0,0,0,,0,0,0,0,,,0,,0,,0,,0,0,0,0,0,0,0,0,,0,0,0,,0,,0,,0,,0,0,,0,0,,0,,,66.7,33.3,0,0,0,0,0,0,0,0,0,0
2025,907,Andrei Iosivas,CIN,WR,1,8,NYJ,11.594202898550725,0,81,8,61.5,0,0,0,0,,0,0,0,0,,,0,,0,,0,,0,0,0,0,0,0,0,0,,0,0,0,,0,,0,,0,,0,0,,0,0,,0,,,25,75,0,0,0,0,0,0,0,0,0,0
2025,908,DeMario Douglas,NE,WR,1,10,TB,15.789473684210526,0,20.3,3,21.4,0,0,0,0,,0,0,0,0,,,0,,0,,0,,0,0,0,0,0,0,0,0,,0,0,0,,0,,0,,0,,0,0,,0,0,,0,,,0,100,0,0,0,0,0,0,0,0,0,0
2025,909,DeMario Douglas,NE,WR,1,12,CIN,5.263157894736842,0,17.9,1,10,0,0,0,0,,0,0,0,0,,,0,,0,,0,,0,0,0,0,0,0,0,0,,0,0,0,,0,,0,,0,,0,0,,0,0,,0,,,0,100,0,0,0,0,0,0,0,0,0,0
2025,910,DeMario Douglas,NE,WR,1,7,TEN,15.789473684210526,0,23.4,3,30,0,0,0,0,,0,0,0,0,,,0,,0,,0,,0,0,0,0,0,0,0,0,,0,0,0,,0,,0,,0,,0,0,,0,0,,0,,,0,100,0,0,0,0,0,0,0,0,0,0
2025,911,DeMario Douglas,NE,WR,1,8,CLV,21.052631578947366,0,18.5,4,23.5,0,0,0,0,,0,0,0,0,,,0,,0,,0,,0,0,0,0,0,0,0,0,,0,0,0,,0,,0,,0,,0,0,,0,0,,0,,,0,100,0,0,0,0,0,0,0,0,0,0
2025,912,DeMario Douglas,NE,WR,1,9,ATL,5.263157894736842,0,23.5,1,16.7,0,0,0,0,,0,0,0,0,,,0,,0,,0,,0,0,0,0,0,0,0,0,,0,0,0,,0,,0,,0,,0,0,,0,0,,0,,,0,100,0,0,0,0,0,0,0,0,0,0
2025,913,Tyrell Shavers,BUF,WR,1,12,HST,10.526315789473683,0,39.4,2,22.2,0,0,0,0,,0,0,0,0,,,0,,0,,0,,0,0,0,0,0,0,0,0,,0,0,0,,0,,0,,0,,0,0,,0,0,,0,,,0,100,0,0,0,0,0,0,0,0,0,0
2025,914,Tyrell Shavers,BUF,WR,1,8,CAR,10.526315789473683,0,40,2,16.7,0,0,0,0,,0,0,0,0,,,0,,0,,0,,0,0,0,0,0,0,0,0,,0,0,0,,0,,0,,0,,0,0,,0,0,,0,,,100,0,0,0,0,0,0,0,0,0,0,0
2025,915,Blake Whiteheart,CLV,TE,1,7,MIA,100,0,62.3,2,25,0,0,0,0,,0,0,0,0,,,0,,0,,0,,0,0,0,0,0,0,0,0,,0,0,0,,0,,0,,0,,0,0,,0,0,,0,,,0,50,50,0,0,0,0,0,0,0,0,0
2025,916,Julian Hill,MIA,TE,1,11,WAS,20,0,44.4,1,14.3,0,0,0,0,,0,0,0,0,,,0,,0,,0,,0,0,0,0,0,0,0,0,,0,0,0,,0,,0,,0,,0,0,,0,0,,0,,,0,100,0,0,0,0,0,0,0,0,0,0
2025,917,Julian Hill,MIA,TE,1,7,CLV,80,0,61.4,4,26.7,0,0,0,0,,0,0,0,0,,,0,,0,,0,,0,0,0,0,0,0,0,0,,0,0,0,,0,,0,,0,,0,0,,0,0,,0,,,50,25,25,0,0,0,0,0,0,0,0,0
2025,918,Jake Bobo,SEA,WR,1,7,HST,100,0,22.4,2,14.3,0,0,0,0,,0,0,0,0,,,0,,0,,0,,0,0,0,0,0,0,0,0,,0,0,0,,0,,0,,0,,0,0,,0,0,,0,,,0,100,0,0,0,0,0,0,0,0,0,0
2025,919,Nate Adkins,DEN,TE,1,8,DAL,20,50,28.1,1,5.6,1,5.6,0,1,11,11,4.1,0,0,0,0,0,0,0,0,0,0,0,0,0,1,1,0,0,0,39.6,1,5.9,0,0,0,0,0,0,0,0,0,0,0,0,0,0,20,-8.74,-0.866,100,0,0,0,0,0,0,0.04,-0.04,0,0.04,0
2025,920,Mitchell Tinsley,CIN,WR,1,11,PIT,9.523809523809524,0,11.1,2,12.5,0,0,0,0,,0,0,0,0,,,0,,0,,0,,0,0,0,0,0,0,0,0,,0,0,0,,0,,0,,0,,0,0,,0,0,,0,,,50,50,0,0,0,0,0,0,0,0,0,0
2025,921,Mitchell Tinsley,CIN,WR,1,7,PIT,4.761904761904762,0,15.3,1,3.7,0,0,0,0,,0,0,0,0,,,0,,0,,0,,0,0,0,0,0,0,0,0,,0,0,0,,0,,0,,0,,0,0,,0,0,,0,,,100,0,0,0,0,0,0,0,0,0,0,0
2025,922,Mitchell Tinsley,CIN,WR,1,8,NYJ,4.761904761904762,0,17.2,1,7.7,0,0,0,0,,0,0,0,0,,,0,,0,,0,,0,0,0,0,0,0,0,0,,0,0,0,,0,,0,,0,,0,0,,0,0,,0,,,0,100,0,0,0,0,0,0,0,0,0,0
2025,923,Brycen Tremayne,CAR,WR,1,7,NYJ,20,0,22.9,1,7.1,0,0,0,0,,0,0,0,0,,,0,,0,,0,,0,0,0,0,0,0,0,0,,0,0,0,,0,,0,,0,,0,0,,0,0,,0,,,0,100,0,0,0,0,0,0,0,0,0,0
2025,924,Brycen Tremayne,CAR,WR,1,8,BUF,20,0,11.9,1,10,0,0,0,0,,0,0,0,0,,,0,,0,,0,,0,0,0,0,0,0,0,0,,0,0,0,,0,,0,,0,,0,0,,0,0,,0,,,100,0,0,0,0,0,0,0,0,0,0,0
2025,925,Brycen Tremayne,CAR,WR,1,9,GB,20,0,24.1,1,10,0,0,0,0,,0,0,0,0,,,0,,0,,0,,0,0,0,0,0,0,0,0,,0,0,0,,0,,0,,0,,0,0,,0,0,,0,,,0,100,0,0,0,0,0,0,0,0,0,0
2025,926,Shedrick Jackson,LV,WR,1,7,KC,100,0,10,1,12.5,0,0,0,0,,0,0,0,0,,,0,,0,,0,,0,0,0,0,0,0,0,0,,0,0,0,,0,,0,,0,,0,0,,0,0,,0,,,0,100,0,0,0,0,0,0,0,0,0,0
2025,927,Dalton Kincaid,BUF,TE,1,8,CAR,14.285714285714285,25,21.7,1,8.3,1,8.3,0,1,2,2,2.6,0,0,0,0,0,0,0,0,0,0,0,0,0,0,0,0,0,0,39.6,1,11.1,0,0,1,100,0,0,0,0,1,0,0,0,0,0,33.3,-6.37,-0.823,100,0,0,0,0,0.9,0,0.88,-0.88,0,0.88,0.9
2025,928,Brenton Strange,JAX,TE,1,12,ARZ,100,0,72.1,5,50,0,0,0,0,,0,0,0,0,,,0,,0,,0,,0,0,0,0,0,0,0,0,,0,0,0,,0,,0,,0,,0,0,,0,0,,0,,,0,40,60,0,0,0,0,0,0,0,0,0
2025,929,Jalin Hyatt,NYG,WR,1,7,DEN,14.285714285714285,25,33.3,2,40,1,20,0,0.5,45,45,44.1,0,0,0,0,0,0,0,0,0,0,0,0,0,0,0,0,0,0,39.6,1,50,0,0,0,0,1,0,0,0,0,0,0,0,0,0,50,-15,-0.239,100,0,0,0,0,0,0,-0.01,0.01,0,0,0
2025,930,Dylan Drummond,ATL,WR,1,9,NE,20,0,1.9,1,7.1,0,0,0,0,,0,0,0,0,,,0,,0,,0,,0,0,0,0,0,0,0,0,,0,0,0,,0,,0,,0,,0,0,,0,0,,0,,,100,0,0,0,0,0,0,0,0,0,0,0
2025,931,Marvin Mims,DEN,WR,1,11,KC,11.538461538461538,0,24.6,3,23.1,0,0,0,0,,0,0,0,0,,,0,,0,,0,,0,0,0,0,0,0,0,0,,0,0,0,,0,,0,,0,,0,0,,0,0,,0,,,33.3,66.7,0,0,0,0,0,0,0,0,0,0
2025,932,Marvin Mims,DEN,WR,1,8,DAL,26.923076923076923,25,28.1,7,38.9,1,5.6,0,0.14,5,5,1.9,0,0,0,0,0,0,0,0,0,0,0,0.08,0,0,0,0,0,0,39.6,1,5.9,0,0,1,100,0,0,1,100,0,0,0,0,0,0,14.3,-6.36,-0.459,85.7,14.3,0,0,0,2.3,0,2.31,-2.31,0,0.33,2.3
2025,933,Jordan Addison,MIN,WR,1,12,GB,7.246376811594203,4.166666666666666,97.7,5,100,1,20,0,0.2,-1,-1,-1.9,0,0,0,0,0,0,0,0,0,0,0,0,0,0,0,0,0,0,39.6,1,20,1,100,0,0,0,0,0,0,0,0,0,0,0,0,20,-6.17,-0.741,100,0,0,0,0,0,0,0,0,0,0,0
2025,934,Tucker Kraft,GB,TE,1,7,ARZ,31.57894736842105,100,90.6,6,66.7,1,11.1,0,0.17,8,8,9.6,0,0,0,0,0,0,0,0,0,0,0,0,0,0,0,0,0,0,39.6,1,14.3,0,0,0,0,0,0,0,0,0,0,0,0,0,0,14.3,-7.72,-1.795,33.3,50,16.7,0,0,0,0,0.02,-0.02,0,0,0
2025,935,Tucker Kraft,GB,TE,1,8,PIT,31.57894736842105,0,92.1,6,60,0,0,0,0,,0,0,0,0,,,0,,0,,0,,0,0,0,0,0,0,0,0,,0,0,0,,0,,0,,0,,0,0,,0,0,,0,,,0,50,50,0,0,0,0,0,0,0,0,0
2025,936,Tucker Kraft,GB,TE,1,9,CAR,36.84210526315789,0,47.6,7,50,0,0,0,0,,0,0,0,0,,,0,,0,,0,,0,0,0,0,0,0,0,0,,0,0,0,,0,,0,,0,,0,0,,0,0,,0,,,28.6,28.6,42.9,0,0,0,0,0,0,0,0,0
2025,937,Josh Downs,IND,WR,1,12,KC,5.128205128205128,0,42,2,40,0,0,0,0,,0,0,0,0,,,0,,0,,0,,0,0,0,0,0,0,0,0,,0,0,0,,0,,0,,0,,0,0,,0,0,,0,,,0,100,0,0,0,0,0,0,0,0,0,0
2025,938,Josh Downs,IND,WR,1,8,TEN,25.64102564102564,0,65.4,10,76.9,0,0,0,0,,0,0,0,0,,,0,,0,,0,,0,0,0,0,0,0,0,0,,0,0,0,,0,,0,,0,,0,0,,0,0,,0,,,20,80,0,0,0,0,0,0,0,0,0,0
2025,939,Elijah Higgins,ARZ,TE,1,10,SEA,29.629629629629626,0,37,8,44.4,0,0,0,0,,0,0,0,0,,,0,,0,,0,,0,0,0,0,0,0,0,0,,0,0,0,,0,,0,,0,,0,0,,0,0,,0,,,0,75,25,0,0,0,0,0,0,0,0,0
2025,940,Elijah Higgins,ARZ,TE,1,11,SF,22.22222222222222,0,36.6,6,30,0,0,0,0,,0,0,0,0,,,0,,0,,0,,0,0,0,0,0,0,0,0,,0,0,0,,0,,0,,0,,0,0,,0,0,,0,,,0,50,50,0,0,0,0,0,0,0,0,0
2025,941,Elijah Higgins,ARZ,TE,1,12,JAX,22.22222222222222,0,35.5,6,27.3,0,0,0,0,,0,0,0,0,,,0,,0,,0,,0,0,0,0,0,0,0,0,,0,0,0,,0,,0,,0,,0,0,,0,0,,0,,,0,16.7,83.3,0,0,0,0,0,0,0,0,0
2025,942,Elijah Higgins,ARZ,TE,1,7,GB,14.814814814814813,0,45.7,4,33.3,0,0,0,0,,0,0,0,0,,,0,,0,,0,,0,0,0,0,0,0,0,0,,0,0,0,,0,,0,,0,,0,0,,0,0,,0,,,0,25,50,25,0,0,0,0,0,0,0,0
2025,943,Payne Durham,TB,TE,1,10,NE,10,0,27.3,1,5,0,0,0,0,,0,0,0,0,,,0,,0,,0,,0,0,0,0,0,0,0,0,,0,0,0,,0,,0,,0,,0,0,,0,0,,0,,,0,0,100,0,0,0,0,0,0,0,0,0
2025,944,Payne Durham,TB,TE,1,12,LA,10,0,16.4,1,6.7,0,0,0,0,,0,0,0,0,,,0,,0,,0,,0,0,0,0,0,0,0,0,,0,0,0,,0,,0,,0,,0,0,,0,0,,0,,,0,0,100,0,0,0,0,0,0,0,0,0
2025,945,Payne Durham,TB,TE,1,7,DET,50,0,34.8,5,20.8,0,0,0,0,,0,0,0,0,,,0,,0,,0,,0,0,0,0,0,0,0,0,,0,0,0,,0,,0,,0,,0,0,,0,0,,0,,,20,0,80,0,0,0,0,0,0,0,0,0
2025,946,Payne Durham,TB,TE,1,8,NO,30,0,53.6,3,21.4,0,0,0,0,,0,0,0,0,,,0,,0,,0,,0,0,0,0,0,0,0,0,,0,0,0,,0,,0,,0,,0,0,,0,0,,0,,,0,33.3,66.7,0,0,0,0,0,0,0,0,0
2025,947,Sam LaPorta,DET,TE,1,10,WAS,38.46153846153847,0,75,10,76.9,0,0,0,0,,0,0,0,0,,,0,,0,,0,,0,0,0,0,0,0,0,0,,0,0,0,,0,,0,,0,,0,0,,0,0,,0,,,0,30,70,0,0,0,0,0,0,0,0,0
2025,948,Sam LaPorta,DET,TE,1,7,TB,19.230769230769234,0,96.9,5,71.4,0,0,0,0,,0,0,0,0,,,0,,0,,0,,0,0,0,0,0,0,0,0,,0,0,0,,0,,0,,0,,0,0,,0,0,,0,,,0,60,40,0,0,0,0,0,0,0,0,0
2025,949,Michael Mayer,LV,TE,1,10,DEN,12.5,0,60.3,3,33.3,0,0,0,0,,0,0,0,0,,,0,,0,,0,,0,0,0,0,0,0,0,0,,0,0,0,,0,,0,,0,,0,0,,0,0,,0,,,0,0,100,0,0,0,0,0,0,0,0,0
2025,950,Michael Mayer,LV,TE,1,11,DAL,33.33333333333333,100,75.9,8,50,1,6.3,0,0.13,18,18,12.9,0,0,0,0,0,0,0,0,0,0,0,0,0,0,0,0,0,0,39.6,1,7.1,0,0,0,0,0,0,0,0,0,0,0,0,0,0,7.7,-12.97,-0.2,25,37.5,37.5,0,0,0,0,-0.01,0.01,0,0,0
2025,951,Michael Mayer,LV,TE,1,7,KC,25,0,93.3,6,75,0,0,0,0,,0,0,0,0,,,0,,0,,0,,0,0,0,0,0,0,0,0,,0,0,0,,0,,0,,0,,0,0,,0,0,,0,,,16.7,16.7,66.7,0,0,0,0,0,0,0,0,0
2025,952,Michael Mayer,LV,TE,1,9,JAX,29.166666666666668,0,83.3,7,63.6,0,0,0,0,,0,0,0,0,,,0,,0,,0,,0,0,0,0,0,0,0,0,,0,0,0,,0,,0,,0,,0,0,,0,0,,0,,,0,14.3,85.7,0,0,0,0,0,0,0,0,0
2025,953,Davis Allen,LA,TE,1,12,TB,45.45454545454545,0,49.1,5,27.8,0,0,0,0,,0,0,0,0,,,0,,0,,0,,0,0,0,0,0,0,0,0,,0,0,0,,0,,0,,0,,0,0,,0,0,,0,,,20,0,80,0,0,0,0,0,0,0,0,0
2025,954,Davis Allen,LA,TE,1,7,JAX,27.27272727272727,0,51.6,3,20,0,0,0,0,,0,0,0,0,,,0,,0,,0,,0,0,0,0,0,0,0,0,,0,0,0,,0,,0,,0,,0,0,,0,0,,0,,,0,0,100,0,0,0,0,0,0,0,0,0
2025,955,Luke Musgrave,GB,TE,1,10,PHI,39.130434782608695,0,77.3,9,69.2,0,0,0,0,,0,0,0,0,,,0,,0,,0,,0,0,0,0,0,0,0,0,,0,0,0,,0,,0,,0,,0,0,,0,0,,0,,,11.1,55.6,33.3,0,0,0,0,0,0,0,0,0
2025,956,Luke Musgrave,GB,TE,1,11,NYG,21.73913043478261,0,35.3,5,45.5,0,0,0,0,,0,0,0,0,,,0,,0,,0,,0,0,0,0,0,0,0,0,,0,0,0,,0,,0,,0,,0,0,,0,0,,0,,,0,60,40,0,0,0,0,0,0,0,0,0
2025,957,Luke Musgrave,GB,TE,1,12,MIN,4.3478260869565215,0,36.9,1,12.5,0,0,0,0,,0,0,0,0,,,0,,0,,0,,0,0,0,0,0,0,0,0,,0,0,0,,0,,0,,0,,0,0,,0,0,,0,,,0,0,100,0,0,0,0,0,0,0,0,0
2025,958,Luke Musgrave,GB,TE,1,7,ARZ,13.043478260869565,0,43.4,3,33.3,0,0,0,0,,0,0,0,0,,,0,,0,,0,,0,0,0,0,0,0,0,0,,0,0,0,,0,,0,,0,,0,0,,0,0,,0,,,33.3,0,66.7,0,0,0,0,0,0,0,0,0
2025,959,Luke Musgrave,GB,TE,1,9,CAR,21.73913043478261,0,47.6,5,35.7,0,0,0,0,,0,0,0,0,,,0,,0,,0,,0,0,0,0,0,0,0,0,,0,0,0,,0,,0,,0,,0,0,,0,0,,0,,,0,60,40,0,0,0,0,0,0,0,0,0
2025,960,Brock Bowers,LV,TE,1,10,DEN,11.363636363636363,0,82.8,5,55.6,0,0,0,0,,0,0,0,0,,,0,,0,,0,,0,0,0,0,0,0,0,0,,0,0,0,,0,,0,,0,,0,0,,0,0,,0,,,0,100,0,0,0,0,0,0,0,0,0,0
2025,961,Xavier Legette,CAR,WR,1,10,NO,16.666666666666664,4.545454545454546,68,10,90.9,1,9.1,0,0.1,38,38,26.8,0,0,0,0,0,0,0,0,0,0,0,0,0,0,1,0,0,0,39.6,0,0,0,0,0,0,1,0,0,0,0,0,0,0,0,0,10,-11.72,-1.59,50,50,0,0,0,0.1,0,0.11,-0.11,0,0.01,0.1
2025,962,Luke McCaffrey,WAS,WR,1,7,DAL,63.63636363636363,33.33333333333333,51.6,7,58.3,1,8.3,0,0.14,15,15,7.6,0,0,0,0,0,0,0,0,0,0,0,0,0,0,0,0,0,0,39.6,1,11.1,0,0,0,0,0,0,0,0,0,0,0,0,0,0,14.3,-10.41,-4.093,42.9,57.1,0,0,0,0,0,-0.01,0.01,0,0,0
2025,963,Ja'Tavion Sanders,CAR,TE,1,10,NO,7.142857142857142,0,34,2,18.2,0,0,0,0,,0,0,0,0,,,0,,0,,0,,0,0,0,0,0,0,0,0,,0,0,0,,0,,0,,0,,0,0,,0,0,,0,,,50,50,0,0,0,0,0,0,0,0,0,0
2025,964,Ja'Tavion Sanders,CAR,TE,1,11,ATL,17.857142857142858,0,49.3,5,35.7,0,0,0,0,,0,0,0,0,,,0,,0,,0,,0,0,0,0,0,0,0,0,,0,0,0,,0,,0,,0,,0,0,,0,0,,0,,,0,40,60,0,0,0,0,0,0,0,0,0
2025,965,Ja'Tavion Sanders,CAR,TE,1,12,SF,28.57142857142857,0,60.5,8,61.5,0,0,0,0,,0,0,0,0,,,0,,0,,0,,0,0,0,0,0,0,0,0,,0,0,0,,0,,0,,0,,0,0,,0,0,,0,,,0,87.5,12.5,0,0,0,0,0,0,0,0,0
2025,966,Ja'Tavion Sanders,CAR,TE,1,7,NYJ,17.857142857142858,100,37.1,5,35.7,1,7.1,0,0.2,14,14,9.2,0,0,0,0,0,0,0,0,0,0,0,0,0,1,1,0,0,0,39.6,0,0,0,0,0,0,0,0,0,0,0,0,0,0,0,0,16.7,-10.28,-1.064,20,60,20,0,0,0,0,-0.01,0.01,0,0,0
2025,967,Ja'Tavion Sanders,CAR,TE,1,8,BUF,14.285714285714285,0,52.5,4,40,0,0,0,0,,0,0,0,0,,,0,,0,,0,,0,0,0,0,0,0,0,0,,0,0,0,,0,,0,,0,,0,0,,0,0,,0,,,0,75,25,0,0,0,0,0,0,0,0,0
2025,968,Ja'Tavion Sanders,CAR,TE,1,9,GB,14.285714285714285,0,51.9,4,40,0,0,0,0,,0,0,0,0,,,0,,0,,0,,0,0,0,0,0,0,0,0,,0,0,0,,0,,0,,0,,0,0,,0,0,,0,,,25,50,25,0,0,0,0,0,0,0,0,0
2025,969,Cade Stover,HST,TE,1,11,TEN,50,0,19.1,4,23.5,0,0,0,0,,0,0,0,0,,,0,,0,,0,,0,0,0,0,0,0,0,0,,0,0,0,,0,,0,,0,,0,0,,0,0,,0,,,0,0,100,0,0,0,0,0,0,0,0,0
2025,970,Cade Stover,HST,TE,1,12,BUF,50,0,33.9,4,36.4,0,0,0,0,,0,0,0,0,,,0,,0,,0,,0,0,0,0,0,0,0,0,,0,0,0,,0,,0,,0,,0,0,,0,0,,0,,,0,0,100,0,0,0,0,0,0,0,0,0
2025,971,Jamari Thrash,CLV,WR,1,10,NYJ,41.66666666666667,0,30,5,35.7,0,0,0,0,,0,0,0,0,,,0,,0,,0,,0,0,0,0,0,0,0,0,,0,0,0,,0,,0,,0,,0,0,,0,0,,0,,,40,60,0,0,0,0,0,0,0,0,0,0
2025,972,Jamari Thrash,CLV,WR,1,7,MIA,25,50,41.5,3,37.5,1,12.5,0,0.33,13,13,22.4,0,0,0,0,0,0,0,0,0,0,0,0,0,0,0,0,0,0,39.6,0,0,0,0,1,100,0,0,1,100,1,0,0,0,0,0,33.3,-8.91,-0.531,66.7,33.3,0,0,0,1.2,0,1.23,-1.23,0,0.41,1.2
2025,973,Ryan Flournoy,DAL,WR,1,12,PHI,25,25,48.5,8,40,1,5,0,0.13,21,21,7.9,0,0,0,0,0,0,0,0,0,0,0,0.01,0,0,0,0,0,0,39.6,0,0,0,0,1,100,1,0,1,100,0,0,0,0,0,0,12.5,-11.24,-0.818,100,0,0,0,0,3.2,0,3.23,-3.23,0,0.4,3.2
2025,974,Ryan Flournoy,DAL,WR,1,7,WAS,3.125,0,27.4,1,10,0,0,0,0,,0,0,0,0,,,0,,0,,0,,0,0,0,0,0,0,0,0,,0,0,0,,0,,0,,0,,0,0,,0,0,,0,,,0,100,0,0,0,0,0,0,0,0,0,0
2025,975,Ryan Flournoy,DAL,WR,1,9,ARZ,31.25,0,69.2,10,58.8,0,0,0,0,,0,0,0,0,,,0,,0,,0,,0,0,0,0,0,0,0,0,,0,0,0,,0,,0,,0,,0,0,,0,0,,0,,,30,70,0,0,0,0,0,0,0,0,0,0
2025,976,Devaughn Vele,NO,WR,1,10,CAR,13.513513513513514,16.666666666666664,86.6,5,100,1,20,0,0.2,25,25,28.1,0,0,0,0,0,0,0,0,0,0,0,0.03,0,0,0,0,0,0,39.6,1,25,0,0,1,100,1,0,0,0,1,0,0,0,0,0,20,-11.49,-0.29,40,60,0,0,0,2.2,0,2.17,-2.17,0,0.43,2.2
2025,977,Devaughn Vele,NO,WR,1,12,ATL,40.54054054054054,16.666666666666664,88.5,15,88.2,1,5.9,0,0.07,31,31,13.3,0,0,0,0,0,0,0,0,0,0,0,0,0,0,0,0,0,0,39.6,1,6.7,0,0,0,0,1,0,0,0,0,0,0,0,0,0,6.3,-12.6,-0.259,60,40,0,0,0,0,0,0.01,-0.01,0,0,0
2025,978,Devaughn Vele,NO,WR,1,7,CHI,8.108108108108109,0,26.4,3,37.5,0,0,0,0,,0,0,0,0,,,0,,0,,0,,0,0,0,0,0,0,0,0,,0,0,0,,0,,0,,0,,0,0,,0,0,,0,,,0,100,0,0,0,0,0,0,0,0,0,0
2025,979,Devaughn Vele,NO,WR,1,9,LA,2.7027027027027026,0,27.5,1,8.3,0,0,0,0,,0,0,0,0,,,0,,0,,0,,0,0,0,0,0,0,0,0,,0,0,0,,0,,0,,0,,0,0,,0,0,,0,,,0,100,0,0,0,0,0,0,0,0,0,0
2025,980,Isaiah Williams,NYJ,WR,1,10,CLV,7.142857142857142,0,44.7,1,33.3,0,0,0,0,,0,0,0,0,,,0,,0,,0,,0,0,0,0,0,0,0,0,,0,0,0,,0,,0,,0,,0,0,,0,0,,0,,,0,100,0,0,0,0,0,0,0,0,0,0
2025,981,Isaiah Williams,NYJ,WR,1,11,NE,28.57142857142857,0,73.7,4,57.1,0,0,0,0,,0,0,0,0,,,0,,0,,0,,0,0,0,0,0,0,0,0,,0,0,0,,0,,0,,0,,0,0,,0,0,,0,,,50,50,0,0,0,0,0,0,0,0,0,0
2025,982,Isaiah Williams,NYJ,WR,1,12,BLT,35.714285714285715,0,28.1,5,38.5,0,0,0,0,,0,0,0,0,,,0,,0,,0,,0,0,0,0,0,0,0,0,,0,0,0,,0,,0,,0,,0,0,,0,0,,0,,,40,60,0,0,0,0,0,0,0,0,0,0
2025,983,Hayden Rucci,MIA,TE,1,10,BUF,50,0,41.5,1,12.5,0,0,0,0,,0,0,0,0,,,0,,0,,0,,0,0,0,0,0,0,0,0,,0,0,0,,0,,0,,0,,0,0,,0,0,,0,,,0,0,100,0,0,0,0,0,0,0,0,0
2025,984,Hayden Rucci,MIA,TE,1,11,WAS,50,0,3.7,1,14.3,0,0,0,0,,0,0,0,0,,,0,,0,,0,,0,0,0,0,0,0,0,0,,0,0,0,,0,,0,,0,,0,0,,0,0,,0,,,0,0,100,0,0,0,0,0,0,0,0,0
2025,985,Jalen Coker,CAR,WR,1,7,NYJ,15.09433962264151,12.5,37.1,8,57.1,1,7.1,0,0.13,16,16,10.5,0,0,0,0,0,0,0,0,0,0,0,0,0,0,0,0,0,0,39.6,1,10,0,0,0,0,0,0,0,0,0,0,0,0,0,0,11.1,-10.1,-0.581,25,75,0,0,0,0,0,-0.03,0.03,0,0,0
2025,986,Jalen Coker,CAR,WR,1,8,BUF,11.320754716981133,0,66.1,6,60,0,0,0,0,,0,0,0,0,,,0,,0,,0,,0,0,0,0,0,0,0,0,,0,0,0,,0,,0,,0,,0,0,,0,0,,0,,,16.7,83.3,0,0,0,0,0,0,0,0,0,0
2025,987,Xavier Weaver,ARZ,WR,1,12,JAX,46.875,50,68.4,15,68.2,2,9.1,0,0.13,30.5,61,27.9,0,0,0,0,0,0,0,0,0,0,0,0,0,1,1,0,0,0,39.6,2,10,0,0,0,0,2,0,0,0,1,0,0,0,0,0,12.5,-13.29,-0.639,73.3,26.7,0,0,0,0,0,0.04,-0.04,0,0,0
2025,988,Brevyn Spann-Ford,DAL,TE,1,11,LV,14.285714285714285,0,35.4,1,5.6,0,0,0,0,,0,0,0,0,,,0,,0,,0,,0,0,0,0,0,0,0,0,,0,0,0,,0,,0,,0,,0,0,,0,0,,0,,,0,0,100,0,0,0,0,0,0,0,0,0
2025,989,Brevyn Spann-Ford,DAL,TE,1,12,PHI,14.285714285714285,0,26.5,1,5,0,0,0,0,,0,0,0,0,,,0,,0,,0,,0,0,0,0,0,0,0,0,,0,0,0,,0,,0,,0,,0,0,,0,0,,0,,,0,0,100,0,0,0,0,0,0,0,0,0
2025,990,Brevyn Spann-Ford,DAL,TE,1,8,DEN,57.14285714285714,0,32.4,4,17.4,0,0,0,0,,0,0,0,0,,,0,,0,,0,,0,0,0,0,0,0,0,0,,0,0,0,,0,,0,,0,,0,0,,0,0,,0,,,0,25,75,0,0,0,0,0,0,0,0,0
2025,991,Brevyn Spann-Ford,DAL,TE,1,9,ARZ,14.285714285714285,0,13.8,1,5.9,0,0,0,0,,0,0,0,0,,,0,,0,,0,,0,0,0,0,0,0,0,0,,0,0,0,,0,,0,,0,,0,0,,0,0,,0,,,0,0,0,100,0,0,0,0,0,0,0,0
2025,992,Kameron Johnson,TB,WR,1,10,NE,60,100,13.6,3,15,1,5,0,0.33,10,10,4.7,0,0,0,0,0,0,0,0,0,0,0,0.01,0,0,0,0,0,0,39.6,1,7.7,0,0,1,100,0,0,1,100,0,0,0,0,0,0,33.3,-7.5,-0.385,33.3,66.7,0,0,0,2.2,0,2.16,-2.16,0,0.72,2.2
2025,993,Kameron Johnson,TB,WR,1,7,DET,40,0,21.2,2,8.3,0,0,0,0,,0,0,0,0,,,0,,0,,0,,0,0,0,0,0,0,0,0,,0,0,0,,0,,0,,0,,0,0,,0,0,,0,,,50,50,0,0,0,0,0,0,0,0,0,0
2025,994,Mason Tipton,NO,WR,1,10,CAR,6.666666666666667,0,34.3,1,20,0,0,0,0,,0,0,0,0,,,0,,0,,0,,0,0,0,0,0,0,0,0,,0,0,0,,0,,0,,0,,0,0,,0,0,,0,,,100,0,0,0,0,0,0,0,0,0,0,0
2025,995,Mason Tipton,NO,WR,1,7,CHI,6.666666666666667,16.666666666666664,11.3,1,12.5,1,12.5,0,1,15,15,15,0,0,0,0,0,0,0,0,0,0,0,0,0,0,0,0,0,0,0,1,12.5,0,0,0,0,0,0,0,0,0,0,0,0,0,0,100,-10.41,-5.423,100,0,0,0,0,0,0,0,0,0,0,0
2025,996,Mason Tipton,NO,WR,1,8,TB,6.666666666666667,16.666666666666664,5.6,1,3.8,1,3.8,0,1,24,24,8.3,0,0,0,0,0,0,0,0,0,0,0,0,0,1,1,0,0,0,39.6,0,0,0,0,0,0,1,0,0,0,0,0,0,0,0,0,100,-11.75,-0.503,100,0,0,0,0,0,0,-0.04,0.04,0,-0.04,0
2025,997,David Martin-Robinson,TEN,TE,1,8,IND,100,0,6,1,7.7,0,0,0,0,,0,0,0,0,,,0,,0,,0,,0,0,0,0,0,0,0,0,,0,0,0,,0,,0,,0,,0,0,,0,0,,0,,,0,0,100,0,0,0,0,0,0,0,0,0
2025,998,Colson Yankoff,WAS,TE,1,11,MIA,50,0,25,1,9.1,0,0,0,0,,0,0,0,0,,,0,,0,,0,,0,0,0,0,0,0,0,0,,0,0,0,,0,,0,,0,,0,0,,0,0,,0,,,0,100,0,0,0,0,0,0,0,0,0,0
2025,999,Colson Yankoff,WAS,TE,1,7,DAL,50,0,6.3,1,8.3,0,0,0,0,,0,0,0,0,,,0,,0,,0,,0,0,0,0,0,0,0,0,,0,0,0,,0,,0,,0,,0,0,,0,0,,0,,,0,100,0,0,0,0,0,0,0,0,0,0
2025,1000,Roman Wilson,PIT,WR,1,12,CHI,13.333333333333334,15.384615384615385,29,4,33.3,2,16.7,0,0.5,36.5,73,58.4,0,0,0,0,0,0,0,0,0,0,0,0.02,0,0,0,0,0,0,39.6,2,18.2,0,0,1,50,2,0,0,0,1,0,0,0,0,0,50,-12.48,-0.954,75,25,0,0,0,2,0,2.02,-2.02,0,0.51,2
2025,1001,Jordan Whittington,LA,WR,1,10,SF,6.451612903225806,0,10.4,2,15.4,0,0,0,0,,0,0,0,0,,,0,,0,,0,,0,0,0,0,0,0,0,0,,0,0,0,,0,,0,,0,,0,0,,0,0,,0,,,50,50,0,0,0,0,0,0,0,0,0,0
2025,1002,Jordan Whittington,LA,WR,1,11,SEA,19.35483870967742,0,50,6,60,0,0,0,0,,0,0,0,0,,,0,,0,,0,,0,0,0,0,0,0,0,0,,0,0,0,,0,,0,,0,,0,0,,0,0,,0,,,0,100,0,0,0,0,0,0,0,0,0,0
2025,1003,Jordan Whittington,LA,WR,1,12,TB,19.35483870967742,0,60,6,33.3,0,0,0,0,,0,0,0,0,,,0,,0,,0,,0,0,0,0,0,0,0,0,,0,0,0,,0,,0,,0,,0,0,,0,0,,0,,,0,100,0,0,0,0,0,0,0,0,0,0
2025,1004,Jordan Whittington,LA,WR,1,9,NO,22.58064516129032,0,44.2,7,50,0,0,0,0,,0,0,0,0,,,0,,0,,0,,0,0,0,0,0,0,0,0,,0,0,0,,0,,0,,0,,0,0,,0,0,,0,,,0,100,0,0,0,0,0,0,0,0,0,0
2025,1005,Devin Culp,TB,TE,1,10,NE,100,0,7.6,1,5,0,0,0,0,,0,0,0,0,,,0,,0,,0,,0,0,0,0,0,0,0,0,,0,0,0,,0,,0,,0,,0,0,,0,0,,0,,,0,0,100,0,0,0,0,0,0,0,0,0
2025,1006,Devontez Walker,BLT,WR,1,11,CLV,40,0,15,2,22.2,0,0,0,0,,0,0,0,0,,,0,,0,,0,,0,0,0,0,0,0,0,0,,0,0,0,,0,,0,,0,,0,0,,0,0,,0,,,50,50,0,0,0,0,0,0,0,0,0,0
2025,1007,AJ Barner,SEA,TE,1,10,ARZ,7.6923076923076925,0,39,3,50,0,0,0,0,,0,0,0,0,,,0,,0,,0,,0,0,0,0,0,0,0,0,,0,0,0,,0,,0,,0,,0,0,,0,0,,0,,,0,0,100,0,0,0,0,0,0,0,0,0
2025,1008,AJ Barner,SEA,TE,1,11,LA,41.02564102564102,0,88.6,16,88.9,0,0,0,0,,0,0,0,0,,,0,,0,,0,,0,0,0,0,0,0,0,0,,0,0,0,,0,,0,,0,,0,0,,0,0,,0,,,0,31.3,68.8,0,0,0,0,0,0,0,0,0
2025,1009,AJ Barner,SEA,TE,1,12,TEN,10.256410256410255,0,78.7,4,44.4,0,0,0,0,,0,0,0,0,,,0,,0,,0,,0,0,0,0,0,0,0,0,,0,0,0,,0,,0,,0,,0,0,,0,0,,0,,,0,0,100,0,0,0,0,0,0,0,0,0
2025,1010,AJ Barner,SEA,TE,1,7,HST,25.64102564102564,0,86.6,10,71.4,0,0,0,0,,0,0,0,0,,,0,,0,,0,,0,0,0,0,0,0,0,0,,0,0,0,,0,,0,,0,,0,0,,0,0,,0,,,0,10,90,0,0,0,0,0,0,0,0,0
2025,1011,AJ Barner,SEA,TE,1,9,WAS,15.384615384615385,0,83.3,6,85.7,0,0,0,0,,0,0,0,0,,,0,,0,,0,,0,0,0,0,0,0,0,0,,0,0,0,,0,,0,,0,,0,0,,0,0,,0,,,0,16.7,83.3,0,0,0,0,0,0,0,0,0
2025,1012,Anthony Gould,IND,WR,1,7,LAC,100,0,63.8,12,80,0,0,0,0,,0,0,0,0,,,0,,0,,0,,0,0,0,0,0,0,0,0,,0,0,0,,0,,0,,0,,0,0,,0,0,,0,,,0,100,0,0,0,0,0,0,0,0,0,0
2025,1013,Theo Johnson,NYG,TE,1,10,CHI,20.930232558139537,0,97.1,9,81.8,0,0,0,0,,0,0,0,0,,,0,,0,,0,,0,0,0,0,0,0,0,0,,0,0,0,,0,,0,,0,,0,0,,0,0,,0,,,0,55.6,44.4,0,0,0,0,0,0,0,0,0
2025,1014,Theo Johnson,NYG,TE,1,12,DET,18.6046511627907,0,76.6,8,66.7,0,0,0,0,,0,0,0,0,,,0,,0,,0,,0,0,0,0,0,0,0,0,,0,0,0,,0,,0,,0,,0,0,,0,0,,0,,,12.5,50,25,12.5,0,0,0,0,0,0,0,0
2025,1015,Theo Johnson,NYG,TE,1,9,SF,6.976744186046512,0,85.7,3,42.9,0,0,0,0,,0,0,0,0,,,0,,0,,0,,0,0,0,0,0,0,0,0,,0,0,0,,0,,0,,0,,0,0,,0,0,,0,,,0,66.7,33.3,0,0,0,0,0,0,0,0,0
2025,1016,Malik Washington,MIA,WR,1,10,BUF,10.526315789473683,10,45.3,4,50,1,12.5,0,0.25,-4,-4,-2.5,0,0,0,0,1,100,4,4,1,1,0,0.01,0,0,0,0,0,0,79.2,1,14.3,1,100,1,100,0,0,0,0,0,0,0,0,0,0,25,-4.49,-0.731,75,25,0,0,1,1.5,1,1.54,-0.54,0.25,0.39,1.5
2025,1017,Tahj Washington,MIA,WR,1,10,BUF,25,0,9.4,1,12.5,0,0,0,0,,0,0,0,0,,,0,,0,,0,,0,0,0,0,0,0,0,0,,0,0,0,,0,,0,,0,,0,0,,0,0,,0,,,0,100,0,0,0,0,0,0,0,0,0,0
2025,1018,Adonai Mitchell,IND,WR,1,7,LAC,9.090909090909092,0,0,2,13.3,0,0,0,0,,0,0,0,0,,,0,,0,,0,,0,0,0,0,0,0,0,0,,0,0,0,,0,,0,,0,,0,0,,0,0,,0,,,100,0,0,0,0,0,0,0,0,0,0,0
2025,1019,Adonai Mitchell,IND,WR,1,8,TEN,4.545454545454546,0,0,1,7.7,0,0,0,0,,0,0,0,0,,,0,,0,,0,,0,0,0,0,0,0,0,0,,0,0,0,,0,,0,,0,,0,0,,0,0,,0,,,100,0,0,0,0,0,0,0,0,0,0,0
2025,1020,Ben Sinnott,WAS,TE,1,10,DET,33.33333333333333,0,41.2,1,14.3,0,0,0,0,,0,0,0,0,,,0,,0,,0,,0,0,0,0,0,0,0,0,,0,0,0,,0,,0,,0,,0,0,,0,0,,0,,,0,100,0,0,0,0,0,0,0,0,0,0
2025,1021,Ben Sinnott,WAS,TE,1,7,DAL,66.66666666666666,0,31.3,2,16.7,0,0,0,0,,0,0,0,0,,,0,,0,,0,,0,0,0,0,0,0,0,0,,0,0,0,,0,,0,,0,,0,0,,0,0,,0,,,50,50,0,0,0,0,0,0,0,0,0,0
2025,1022,Ricky Pearsall,SF,WR,1,11,ARZ,57.14285714285714,25,73.1,8,88.9,1,11.1,0,0.13,1,1,1.1,0,0,0,0,1,100,-1,-1,0,0,0,0.02,0,0,0,0,0,0,79.2,0,0,0,0,1,100,0,0,0,0,0,0,0,0,0,0,12.5,-5.12,-1.333,87.5,12.5,0,0,1,2.3,1,2.35,-1.35,0.13,0.29,2.3
2025,1023,Rome Odunze,CHI,WR,1,9,CIN,15.714285714285714,9.090909090909092,100,11,100,3,27.3,0,0.27,13,39,27.7,0,0,0,0,0,0,0,0,0,0,0,0.41,0,1,1,0,0,0,39.6,2,25,0,0,3,100,0,0,2,66.7,1,0,0,0,0,0,27.3,-9.5,-0.593,54.5,45.5,0,0,0,7.5,0,7.52,-7.52,0,0.68,7.5
2025,1024,Malachi Corley,CLV,WR,1,10,NYJ,27.27272727272727,0,25.7,3,21.4,0,0,0,0,,0,0,0,0,,,0,,0,,0,,0,0,0,0,0,0,0,0,,0,0,0,,0,,0,,0,,0,0,,0,0,,0,,,66.7,33.3,0,0,0,0,0,0,0,0,0,0
2025,1025,Savion Williams,GB,WR,1,10,PHI,66.66666666666666,0,9.1,2,15.4,0,0,0,0,,0,0,0,0,,,0,,0,,0,,0,0,0,0,0,0,0,0,,0,0,0,,0,,0,,0,,0,0,,0,0,,0,,,0,100,0,0,0,0,0,0,0,0,0,0
2025,1026,Savion Williams,GB,WR,1,7,ARZ,33.33333333333333,0,7.5,1,11.1,0,0,0,0,,0,0,0,0,,,0,,0,,0,,0,0,0,0,0,0,0,0,,0,0,0,,0,,0,,0,,0,0,,0,0,,0,,,0,100,0,0,0,0,0,0,0,0,0,0
2025,1027,Darius Cooper,PHI,WR,1,11,DET,16.666666666666664,0,4.3,1,5.9,0,0,0,0,,0,0,0,0,,,0,,0,,0,,0,0,0,0,0,0,0,0,,0,0,0,,0,,0,,0,,0,0,,0,0,,0,,,100,0,0,0,0,0,0,0,0,0,0,0
2025,1028,Darius Cooper,PHI,WR,1,12,DAL,33.33333333333333,0,20.7,2,12.5,0,0,0,0,,0,0,0,0,,,0,,0,,0,,0,0,0,0,0,0,0,0,,0,0,0,,0,,0,,0,,0,0,,0,0,,0,,,0,100,0,0,0,0,0,0,0,0,0,0
2025,1029,Darius Cooper,PHI,WR,1,8,NYG,50,0,43.9,3,33.3,0,0,0,0,,0,0,0,0,,,0,,0,,0,,0,0,0,0,0,0,0,0,,0,0,0,,0,,0,,0,,0,0,,0,0,,0,,,66.7,33.3,0,0,0,0,0,0,0,0,0,0
2025,1030,Nick Kallerup,SEA,TE,1,11,LA,100,0,11.4,1,5.6,0,0,0,0,,0,0,0,0,,,0,,0,,0,,0,0,0,0,0,0,0,0,,0,0,0,,0,,0,,0,,0,0,,0,0,,0,,,0,0,100,0,0,0,0,0,0,0,0,0
2025,1031,LaJohntay Wester,BLT,WR,1,11,CLV,100,0,10,2,22.2,0,0,0,0,,0,0,0,0,,,0,,0,,0,,0,0,0,0,0,0,0,0,,0,0,0,,0,,0,,0,,0,0,,0,0,,0,,,0,100,0,0,0,0,0,0,0,0,0,0
2025,1032,Colston Loveland,CHI,TE,1,11,MIN,8.88888888888889,0,75.3,4,36.4,0,0,0,0,,0,0,0,0,,,0,,0,,0,,0,0,0,0,0,0,0,0,,0,0,0,,0,,0,,0,,0,0,,0,0,,0,,,25,0,75,0,0,0,0,0,0,0,0,0
2025,1033,Colston Loveland,CHI,TE,1,12,PIT,13.333333333333334,0,63.9,6,42.9,0,0,0,0,,0,0,0,0,,,0,,0,,0,,0,0,0,0,0,0,0,0,,0,0,0,,0,,0,,0,,0,0,,0,0,,0,,,16.7,66.7,16.7,0,0,0,0,0,0,0,0,0
2025,1034,Colston Loveland,CHI,TE,1,7,NO,13.333333333333334,25,67.2,6,54.5,1,9.1,0,0.17,6,6,5.6,0,0,0,0,0,0,0,0,0,0,0,0,0,0,0,0,0,0,39.6,1,12.5,0,0,0,0,0,0,0,0,0,0,0,0,0,0,16.7,-7.09,-0.827,16.7,66.7,16.7,0,0,0,0,0.02,-0.02,0,0,0
2025,1035,Colston Loveland,CHI,TE,1,8,BLT,28.888888888888886,0,80.6,13,65,0,0,0,0,,0,0,0,0,,,0,,0,,0,,0,0,0,0,0,0,0,0,,0,0,0,,0,,0,,0,,0,0,,0,0,,0,,,23.1,38.5,38.5,0,0,0,0,0,0,0,0,0
2025,1036,Tyler Warren,IND,TE,1,12,KC,8,0,86,4,80,0,0,0,0,,0,0,0,0,,,0,,0,,0,,0,0,0,0,0,0,0,0,,0,0,0,,0,,0,,0,,0,0,,0,0,,0,,,0,75,25,0,0,0,0,0,0,0,0,0
2025,1037,Tyler Warren,IND,TE,1,7,LAC,24,0,91.4,12,80,0,0,0,0,,0,0,0,0,,,0,,0,,0,,0,0,0,0,0,0,0,0,,0,0,0,,0,,0,,0,,0,0,,0,0,,0,,,0,58.3,41.7,0,0,0,0,0,0,0,0,0
2025,1038,Tyler Warren,IND,TE,1,8,TEN,16,0,75,8,61.5,0,0,0,0,,0,0,0,0,,,0,,0,,0,,0,0,0,0,0,0,0,0,,0,0,0,,0,,0,,0,,0,0,,0,0,,0,,,0,37.5,50,12.5,0,0,0,0,0,0,0,0
2025,1039,Tyler Warren,IND,TE,1,9,PIT,34,0,82.4,17,68,0,0,0,0,,0,0,0,0,,,0,,0,,0,,0,0,0,0,0,0,0,0,,0,0,0,,0,,0,,0,,0,0,,0,0,,0,,,5.9,76.5,17.6,0,0,0,0,0,0,0,0,0
2025,1040,Jayden Higgins,HST,WR,1,7,SEA,14.285714285714285,7.142857142857142,65.2,9,52.9,2,11.8,0,0.22,11.5,23,12.6,0,0,0,0,0,0,0,0,0,0,0,0,0,0,0,0,0,0,39.6,2,13.3,0,0,0,0,1,0,0,0,0,0,0,0,0,0,22.2,-8.16,-0.669,88.9,11.1,0,0,0,0.1,0,0.07,-0.07,0,0.01,0.1
2025,1041,Kyle Williams,NE,WR,1,11,NYJ,47.61904761904761,42.857142857142854,66.1,10,66.7,3,20,0,0.3,35.33,106,40.9,0,0,0,0,0,0,0,0,0,0,0,0,0,0,0,0,0,0,39.6,2,22.2,0,0,0,0,3,0,0,0,0,0,0,0,0,0,30,-13.86,-0.62,90,10,0,0,0,-0.2,0,-0.25,0.25,0,-0.02,-0.2
2025,1042,Kyle Williams,NE,WR,1,7,TEN,9.523809523809524,14.285714285714285,17.2,2,20,1,10,0,0.5,12,12,7.8,0,0,0,0,0,0,0,0,0,0,0,0,0,0,0,0,0,0,39.6,1,10,0,0,0,0,0,0,0,0,0,0,0,0,0,0,50,-9.05,-1.541,100,0,0,0,0,0,0,0,0,0,0,0
2025,1043,Kyle Williams,NE,WR,1,8,CLV,4.761904761904762,0,21.5,1,5.9,0,0,0,0,,0,0,0,0,,,0,,0,,0,,0,0,0,0,0,0,0,0,,0,0,0,,0,,0,,0,,0,0,,0,0,,0,,,100,0,0,0,0,0,0,0,0,0,0,0
2025,1044,Kyle Williams,NE,WR,1,9,ATL,4.761904761904762,14.285714285714285,45.6,1,16.7,1,16.7,0,1,10,10,22.2,0,0,0,0,0,0,0,0,0,0,0,0,0,0,0,0,0,0,39.6,1,25,0,0,0,0,0,0,0,0,0,0,0,0,0,0,100,-7.5,-0.56,100,0,0,0,0,0,0,0.02,-0.02,0,0.02,0
2025,1045,Pat Bryant,DEN,WR,1,10,LV,23.809523809523807,0,49.1,10,90.9,0,0,0,0,,0,0,0,0,,,0,,0,,0,,0,0,0,0,0,0,0,0,,0,0,0,,0,,0,,0,,0,0,,0,0,,0,,,10,90,0,0,0,0,0,0,0,0,0,0
2025,1046,Pat Bryant,DEN,WR,1,7,NYG,11.904761904761903,14.285714285714285,48.7,5,22.7,1,4.5,0,0.2,5,5,1.6,0,0,0,0,0,0,0,0,0,0,0,0,0,0,0,0,0,0,39.6,1,6.7,0,0,0,0,0,0,0,0,0,0,0,0,0,0,14.3,-6.36,-0.601,80,20,0,0,0,0,0,0.02,-0.02,0,0,0
2025,1047,Jaylin Noel,HST,WR,1,10,JAX,27.27272727272727,0,33.3,6,31.6,0,0,0,0,,0,0,0,0,,,0,,0,,0,,0,0,0,0,0,0,0,0,,0,0,0,,0,,0,,0,,0,0,,0,0,,0,,,50,50,0,0,0,0,0,0,0,0,0,0
2025,1048,Jaylin Noel,HST,WR,1,11,TEN,13.636363636363635,0,25,3,17.6,0,0,0,0,,0,0,0,0,,,0,,0,,0,,0,0,0,0,0,0,0,0,,0,0,0,,0,,0,,0,,0,0,,0,0,,0,,,33.3,66.7,0,0,0,0,0,0,0,0,0,0
2025,1049,Jaylin Noel,HST,WR,1,12,BUF,13.636363636363635,0,28.6,3,27.3,0,0,0,0,,0,0,0,0,,,0,,0,,0,,0,0,0,0,0,0,0,0,,0,0,0,,0,,0,,0,,0,0,,0,0,,0,,,33.3,66.7,0,0,0,0,0,0,0,0,0,0
2025,1050,Jaylin Noel,HST,WR,1,7,SEA,27.27272727272727,50,44.9,6,35.3,1,5.9,0,0.17,9,9,4.9,0,0,0,0,0,0,0,0,0,0,0,0,0,0,0,0,0,0,39.6,1,6.7,0,0,0,0,0,0,0,0,0,0,0,0,0,0,16.7,-7.45,-0.525,50,50,0,0,0,0,0,0.01,-0.01,0,0,0
2025,1051,Tai Felton,MIN,WR,1,8,LAC,100,0,12.8,1,6.7,0,0,0,0,,0,0,0,0,,,0,,0,,0,,0,0,0,0,0,0,0,0,,0,0,0,,0,,0,,0,,0,0,,0,0,,0,,,100,0,0,0,0,0,0,0,0,0,0,0
2025,1052,Jaylin Lane,WAS,WR,1,11,MIA,11.76470588235294,0,15.6,2,18.2,0,0,0,0,,0,0,0,0,,,0,,0,,0,,0,0,0,0,0,0,0,0,,0,0,0,,0,,0,,0,,0,0,,0,0,,0,,,0,100,0,0,0,0,0,0,0,0,0,0
2025,1053,Jaylin Lane,WAS,WR,1,8,KC,17.647058823529413,28.57142857142857,42.3,3,30,2,20,0,0.67,5,10,9.8,0,0,0,0,1,50,1,1,0,0,0,0,0,0,0,0,0,0,56.3,2,28.6,1,50,2,100,0,0,1,50,0,0,0,0,0,0,50,-7.24,-0.932,66.7,33.3,0,0,1,3.8,1,3.84,-2.84,0.33,1.28,3.8
2025,1054,Jaylin Lane,WAS,WR,1,9,SEA,17.647058823529413,28.57142857142857,61.3,3,60,2,40,0,0.67,12,24,52.2,0,0,0,0,0,0,0,0,0,0,0,0,0,0,0,0,0,0,0,0,0,0,0,0,0,0,0,0,0,0,0,0,0,0,0,50,-8.93,-1.86,66.7,33.3,0,0,0,0,0,0.02,-0.02,0,0.01,0
2025,1055,Jordan Watkins,SF,WR,1,8,HST,33.33333333333333,0,13.6,1,11.1,0,0,0,0,,0,0,0,0,,,0,,0,,0,,0,0,0,0,0,0,0,0,,0,0,0,,0,,0,,0,,0,0,,0,0,,0,,,0,100,0,0,0,0,0,0,0,0,0,0
2025,1056,KeAndre Lambert-Smith,LAC,WR,1,9,TEN,100,100,7.7,1,7.7,1,7.7,0,1,45,45,22.6,0,0,0,0,0,0,0,0,0,0,0,0,0,0,0,0,0,0,39.6,1,11.1,0,0,0,0,1,0,0,0,0,0,0,0,0,0,100,-15,-0.463,100,0,0,0,0,0,0,-0.02,0.02,0,-0.02,0
2025,1057,Mitchell Evans,CAR,TE,1,10,NO,18.181818181818183,0,34,2,18.2,0,0,0,0,,0,0,0,0,,,0,,0,,0,,0,0,0,0,0,0,0,0,,0,0,0,,0,,0,,0,,0,0,,0,0,,0,,,0,0,100,0,0,0,0,0,0,0,0,0
2025,1058,Mitchell Evans,CAR,TE,1,11,ATL,27.27272727272727,0,38.7,3,21.4,0,0,0,0,,0,0,0,0,,,0,,0,,0,,0,0,0,0,0,0,0,0,,0,0,0,,0,,0,,0,,0,0,,0,0,,0,,,0,33.3,66.7,0,0,0,0,0,0,0,0,0
2025,1059,Mitchell Evans,CAR,TE,1,7,NYJ,27.27272727272727,0,41.4,3,21.4,0,0,0,0,,0,0,0,0,,,0,,0,,0,,0,0,0,0,0,0,0,0,,0,0,0,,0,,0,,0,,0,0,,0,0,,0,,,0,33.3,66.7,0,0,0,0,0,0,0,0,0
2025,1060,Mitchell Evans,CAR,TE,1,8,BUF,9.090909090909092,0,25.4,1,10,0,0,0,0,,0,0,0,0,,,0,,0,,0,,0,0,0,0,0,0,0,0,,0,0,0,,0,,0,,0,,0,0,,0,0,,0,,,0,0,100,0,0,0,0,0,0,0,0,0
2025,1061,Mitchell Evans,CAR,TE,1,9,GB,18.181818181818183,0,38.9,2,20,0,0,0,0,,0,0,0,0,,,0,,0,,0,,0,0,0,0,0,0,0,0,,0,0,0,,0,,0,,0,,0,0,,0,0,,0,,,50,0,50,0,0,0,0,0,0,0,0,0
2025,1062,Oronde Gadsden,LAC,TE,1,8,MIN,15.384615384615385,0,78.6,8,100,0,0,0,0,,0,0,0,0,,,0,,0,,0,,0,0,0,0,0,0,0,0,,0,0,0,,0,,0,,0,,0,0,,0,0,,0,,,0,50,50,0,0,0,0,0,0,0,0,0
2025,1063,Oronde Gadsden,LAC,TE,1,9,TEN,23.076923076923077,0,80,12,92.3,0,0,0,0,,0,0,0,0,,,0,,0,,0,,0,0,0,0,0,0,0,0,,0,0,0,,0,,0,,0,,0,0,,0,0,,0,,,25,58.3,16.7,0,0,0,0,0,0,0,0,0
2025,1064,Jackson Hawes,BUF,TE,1,10,MIA,28.57142857142857,0,43.1,2,14.3,0,0,0,0,,0,0,0,0,,,0,,0,,0,,0,0,0,0,0,0,0,0,,0,0,0,,0,,0,,0,,0,0,,0,0,,0,,,0,50,50,0,0,0,0,0,0,0,0,0
2025,1065,Jackson Hawes,BUF,TE,1,11,TB,28.57142857142857,0,34,2,14.3,0,0,0,0,,0,0,0,0,,,0,,0,,0,,0,0,0,0,0,0,0,0,,0,0,0,,0,,0,,0,,0,0,,0,0,,0,,,0,50,50,0,0,0,0,0,0,0,0,0
2025,1066,Jackson Hawes,BUF,TE,1,12,HST,14.285714285714285,0,33.3,1,11.1,0,0,0,0,,0,0,0,0,,,0,,0,,0,,0,0,0,0,0,0,0,0,,0,0,0,,0,,0,,0,,0,0,,0,0,,0,,,0,0,100,0,0,0,0,0,0,0,0,0
2025,1067,Jackson Hawes,BUF,TE,1,8,CAR,28.57142857142857,100,56.7,2,16.7,1,8.3,0,0.5,10,10,12.8,0,0,0,0,0,0,0,0,0,0,0,0,0,0,0,0,0,0,39.6,1,11.1,0,0,0,0,0,0,0,0,0,0,0,0,0,0,25,-7.77,-0.992,50,0,50,0,0,-0.1,0,-0.08,0.08,0,-0.04,-0.1
2025,1068,Jimmy Horn,CAR,WR,1,10,NO,7.142857142857142,0,20,1,9.1,0,0,0,0,,0,0,0,0,,,0,,0,,0,,0,0,0,0,0,0,0,0,,0,0,0,,0,,0,,0,,0,0,,0,0,,0,,,0,100,0,0,0,0,0,0,0,0,0,0
2025,1069,Jimmy Horn,CAR,WR,1,11,ATL,14.285714285714285,0,8,2,14.3,0,0,0,0,,0,0,0,0,,,0,,0,,0,,0,0,0,0,0,0,0,0,,0,0,0,,0,,0,,0,,0,0,,0,0,,0,,,0,100,0,0,0,0,0,0,0,0,0,0
2025,1070,Jimmy Horn,CAR,WR,1,12,SF,21.428571428571427,0,18.6,3,23.1,0,0,0,0,,0,0,0,0,,,0,,0,,0,,0,0,0,0,0,0,0,0,,0,0,0,,0,,0,,0,,0,0,,0,0,,0,,,0,100,0,0,0,0,0,0,0,0,0,0
2025,1071,Jimmy Horn,CAR,WR,1,8,BUF,14.285714285714285,0,13.6,2,20,0,0,0,0,,0,0,0,0,,,0,,0,,0,,0,0,0,0,0,0,0,0,,0,0,0,,0,,0,,0,,0,0,,0,0,,0,,,0,100,0,0,0,0,0,0,0,0,0,0
2025,1072,Jimmy Horn,CAR,WR,1,9,GB,14.285714285714285,0,24.1,2,20,0,0,0,0,,0,0,0,0,,,0,,0,,0,,0,0,0,0,0,0,0,0,,0,0,0,,0,,0,,0,,0,0,,0,0,,0,,,50,50,0,0,0,0,0,0,0,0,0,0
2025,1073,Thomas Fidone,NYG,TE,1,9,SF,100,0,19.6,2,28.6,0,0,0,0,,0,0,0,0,,,0,,0,,0,,0,0,0,0,0,0,0,0,,0,0,0,,0,,0,,0,,0,0,,0,0,,0,,,0,100,0,0,0,0,0,0,0,0,0,0
2025,1074,Gage Larvadain,CLV,WR,1,10,NYJ,25,0,24.3,3,21.4,0,0,0,0,,0,0,0,0,,,0,,0,,0,,0,0,0,0,0,0,0,0,,0,0,0,,0,,0,,0,,0,0,,0,0,,0,,,66.7,33.3,0,0,0,0,0,0,0,0,0,0
2025,1075,Gage Larvadain,CLV,WR,1,11,BLT,16.666666666666664,50,7.4,2,14.3,1,7.1,0,0.5,28,28,25,0,0,0,0,0,0,0,0,0,0,0,0,0,0,1,0,0,0,39.6,1,10,0,0,0,0,1,0,0,0,0,0,0,0,0,0,50,-11.08,-1.072,100,0,0,0,0,0,0,0.01,-0.01,0,0,0
2025,1076,Gage Larvadain,CLV,WR,1,12,LV,8.333333333333332,0,27.1,1,11.1,0,0,0,0,,0,0,0,0,,,0,,0,,0,,0,0,0,0,0,0,0,0,,0,0,0,,0,,0,,0,,0,0,,0,0,,0,,,0,100,0,0,0,0,0,0,0,0,0,0
2025,1077,Gage Larvadain,CLV,WR,1,7,MIA,8.333333333333332,50,32.1,1,12.5,1,12.5,0,1,5,5,8.6,0,0,0,0,0,0,0,0,0,0,0,0.04,0,0,0,0,0,0,39.6,1,14.3,0,0,1,100,0,0,1,100,0,0,0,0,0,0,100,-6.36,-0.656,100,0,0,0,0,2.1,0,2.11,-2.11,0,2.11,2.1
2025,1078,Gage Larvadain,CLV,WR,1,8,NE,41.66666666666667,0,51.9,5,62.5,0,0,0,0,,0,0,0,0,,,0,,0,,0,,0,0,0,0,0,0,0,0,,0,0,0,,0,,0,,0,,0,0,,0,0,,0,,,60,40,0,0,0,0,0,0,0,0,0,0
2025,1079,Beaux Collins,NYG,WR,1,8,PHI,100,100,24,1,14.3,1,14.3,0,1,12,12,17.1,0,0,0,0,0,0,0,0,0,0,0,0,0,1,1,0,0,0,39.6,1,20,0,0,0,0,0,0,0,0,0,0,0,0,0,0,100,-9.05,-0.595,100,0,0,0,0,0,0,-0.02,0.02,0,-0.02,0
2025,1080,Ben Yurosek,MIN,TE,1,8,LAC,100,0,29.8,3,20,0,0,0,0,,0,0,0,0,,,0,,0,,0,,0,0,0,0,0,0,0,0,,0,0,0,,0,,0,,0,,0,0,,0,0,,0,,,0,0,100,0,0,0,0,0,0,0,0,0
2025,1081,Xavier Restrepo,TEN,WR,1,12,SEA,100,0,26.5,1,14.3,0,0,0,0,,0,0,0,0,,,0,,0,,0,,0,0,0,0,0,0,0,0,,0,0,0,,0,,0,,0,,0,0,,0,0,,0,,,0,100,0,0,0,0,0,0,0,0,0,0
2025,1082,Ke'Shawn Williams,PIT,WR,1,9,IND,100,0,3.3,1,9.1,0,0,0,0,,0,0,0,0,,,0,,0,,0,,0,0,0,0,0,0,0,0,,0,0,0,,0,,0,,0,,0,0,,0,0,,0,,,100,0,0,0,0,0,0,0,0,0,0,0
2025,1083,Efton Chism,NE,WR,1,10,TB,33.33333333333333,0,3.4,1,7.1,0,0,0,0,,0,0,0,0,,,0,,0,,0,,0,0,0,0,0,0,0,0,,0,0,0,,0,,0,,0,,0,0,,0,0,,0,,,100,0,0,0,0,0,0,0,0,0,0,0
2025,1084,Efton Chism,NE,WR,1,11,NYJ,33.33333333333333,0,8.1,1,6.7,0,0,0,0,,0,0,0,0,,,0,,0,,0,,0,0,0,0,0,0,0,0,,0,0,0,,0,,0,,0,,0,0,,0,0,,0,,,100,0,0,0,0,0,0,0,0,0,0,0
2025,1085,Efton Chism,NE,WR,1,9,ATL,33.33333333333333,0,5.9,1,16.7,0,0,0,0,,0,0,0,0,,,0,,0,,0,,0,0,0,0,0,0,0,0,,0,0,0,,0,,0,,0,,0,0,,0,0,,0,,,100,0,0,0,0,0,0,0,0,0,0,0
2025,1086,Dont'e Thornton,LV,WR,1,11,DAL,23.52941176470588,0,39.7,4,25,0,0,0,0,,0,0,0,0,,,0,,0,,0,,0,0,0,0,0,0,0,0,,0,0,0,,0,,0,,0,,0,0,,0,0,,0,,,100,0,0,0,0,0,0,0,0,0,0,0
2025,1087,Dont'e Thornton,LV,WR,1,7,KC,29.411764705882355,33.33333333333333,83.3,5,62.5,2,25,0,0.4,14,28,57.1,0,0,0,0,0,0,0,0,0,0,0,0,0,0,0,0,0,0,39.6,2,28.6,0,0,1,50,1,0,0,0,1,0,0,0,0,0,33.3,-8.29,-0.73,60,40,0,0,0,0.8,0,0.83,-0.83,0,0.17,0.8
2025,1088,Arian Smith,NYJ,WR,1,10,CLV,8.333333333333332,0,68.1,2,66.7,0,0,0,0,,0,0,0,0,,,0,,0,,0,,0,0,0,0,0,0,0,0,,0,0,0,,0,,0,,0,,0,0,,0,0,,0,,,50,50,0,0,0,0,0,0,0,0,0,0
2025,1089,Arian Smith,NYJ,WR,1,11,NE,4.166666666666666,0,15.8,1,14.3,0,0,0,0,,0,0,0,0,,,0,,0,,0,,0,0,0,0,0,0,0,0,,0,0,0,,0,,0,,0,,0,0,,0,0,,0,,,0,100,0,0,0,0,0,0,0,0,0,0
2025,1090,Arian Smith,NYJ,WR,1,12,BLT,8.333333333333332,0,24.6,2,15.4,0,0,0,0,,0,0,0,0,,,0,,0,,0,,0,0,0,0,0,0,0,0,,0,0,0,,0,,0,,0,,0,0,,0,0,,0,,,50,50,0,0,0,0,0,0,0,0,0,0
2025,1091,Arian Smith,NYJ,WR,1,7,CAR,62.5,66.66666666666666,91.7,15,93.8,2,12.5,0,0.13,40,80,27.6,0,0,0,0,0,0,0,0,0,0,0,0.45,0,0,1,0,0,0,39.6,2,16.7,0,0,1,50,2,0,0,0,1,0,0,0,0,0,13.3,-13.73,-0.552,40,60,0,0,0,4.2,0,4.19,-4.19,0,0.28,4.2
2025,1092,Gunnar Helm,TEN,TE,1,11,HST,25,0,66.7,4,40,0,0,0,0,,0,0,0,0,,,0,,0,,0,,0,0,0,0,0,0,0,0,,0,0,0,,0,,0,,0,,0,0,,0,0,,0,,,0,50,50,0,0,0,0,0,0,0,0,0
2025,1093,Gunnar Helm,TEN,TE,1,12,SEA,18.75,0,63.2,3,42.9,0,0,0,0,,0,0,0,0,,,0,,0,,0,,0,0,0,0,0,0,0,0,,0,0,0,,0,,0,,0,,0,0,,0,0,,0,,,0,33.3,66.7,0,0,0,0,0,0,0,0,0
2025,1094,Gunnar Helm,TEN,TE,1,7,NE,6.25,0,52.9,1,10,0,0,0,0,,0,0,0,0,,,0,,0,,0,,0,0,0,0,0,0,0,0,,0,0,0,,0,,0,,0,,0,0,,0,0,,0,,,0,100,0,0,0,0,0,0,0,0,0,0
2025,1095,Gunnar Helm,TEN,TE,1,9,LAC,12.5,0,43.2,2,25,0,0,0,0,,0,0,0,0,,,0,,0,,0,,0,0,0,0,0,0,0,0,,0,0,0,,0,,0,,0,,0,0,,0,0,,0,,,0,0,100,0,0,0,0,0,0,0,0,0
2025,1096,Konata Mumpfield,LA,WR,1,10,SF,16.666666666666664,25,49.3,2,15.4,1,7.7,0,0.5,16,16,9.7,0,0,0,0,0,0,0,0,0,0,0,0,0,0,0,0,0,0,39.6,1,11.1,0,0,0,0,0,0,0,0,0,0,0,0,0,0,33.3,-10.1,-1.286,100,0,0,0,0,0,0,-0.01,0.01,0,0,0
2025,1097,Tory Horton,SEA,WR,1,7,HST,58.333333333333336,66.66666666666666,37.3,7,50,2,14.3,0,0.29,12,24,14.1,0,0,0,0,0,0,0,0,0,0,0,0,0,1,1,0,0,0,39.6,2,18.2,0,0,0,0,0,0,0,0,0,0,0,0,0,0,28.6,-9.05,-0.998,71.4,28.6,0,0,0,0,0,0,0,0,0,0
2025,1098,Harold Fannin,CLV,TE,1,7,MIA,17.142857142857142,0,83,6,75,0,0,0,0,,0,0,0,0,,,0,,0,,0,,0,0,0,0,0,0,0,0,,0,0,0,,0,,0,,0,,0,0,,0,0,,0,,,16.7,16.7,66.7,0,0,0,0,0,0,0,0,0
2025,1099,Matthew Golden,GB,WR,1,11,NYG,13.793103448275861,14.285714285714285,33.3,4,36.4,1,9.1,0,0.25,44,44,29.1,0,0,0,0,0,0,0,0,0,0,0,0,0,0,0,0,0,0,39.6,1,12.5,0,0,0,0,1,0,0,0,0,0,0,0,0,0,25,-15,-0.775,50,50,0,0,0,0.1,0,0.09,-0.09,0,0.02,0.1
2025,1100,Isaac TeSlaa,DET,WR,1,11,PHI,30.76923076923077,0,33.3,4,30.8,0,0,0,0,,0,0,0,0,,,0,,0,,0,,0,0,0,0,0,0,0,0,,0,0,0,,0,,0,,0,,0,0,,0,0,,0,,,25,75,0,0,0,0,0,0,0,0,0,0
2025,1101,Isaac TeSlaa,DET,WR,1,12,NYG,30.76923076923077,33.33333333333333,40,4,44.4,1,11.1,0,0.25,16,16,16.7,0,0,0,0,0,0,0,0,0,0,0,0,0,0,0,0,0,0,39.6,1,11.1,0,0,0,0,0,0,0,0,0,0,0,0,0,0,25,-10.1,-0.39,50,50,0,0,0,0,0,0.03,-0.03,0,0.01,0
2025,1102,Isaac TeSlaa,DET,WR,1,7,TB,7.6923076923076925,33.33333333333333,13.8,1,14.3,1,14.3,0,1,19,19,23.5,0,0,0,0,0,0,0,0,0,0,0,0,0,1,1,0,0,0,39.6,1,20,0,0,0,0,0,0,0,0,0,0,0,0,0,0,100,-11.93,-3.545,100,0,0,0,0,-0.1,0,-0.07,0.07,0,-0.07,-0.1
2025,1103,Isaac TeSlaa,DET,WR,1,9,MIN,7.6923076923076925,0,4.8,1,7.1,0,0,0,0,,0,0,0,0,,,0,,0,,0,,0,0,0,0,0,0,0,0,,0,0,0,,0,,0,,0,,0,0,,0,0,,0,,,100,0,0,0,0,0,0,0,0,0,0,0
2025,1104,Chimere Dike,TEN,WR,1,9,LAC,21.21212121212121,0,86.4,7,87.5,0,0,0,0,,0,0,0,0,,,0,,0,,0,,0,0,0,0,0,0,0,0,,0,0,0,,0,,0,,0,,0,0,,0,0,,0,,,28.6,71.4,0,0,0,0,0,0,0,0,0,0
2025,1105,Jack Bech,LV,WR,1,10,DEN,16.666666666666664,50,24.1,1,11.1,1,11.1,0,1,4,4,6.9,0,0,0,0,0,0,0,0,0,0,0,0,0,0,0,0,0,0,39.6,1,12.5,0,0,1,100,0,0,1,100,1,0,0,0,0,0,50,-6.05,-0.985,100,0,0,0,0,0.9,0,0.86,-0.86,0,0.86,0.9
2025,1106,Jack Bech,LV,WR,1,11,DAL,16.666666666666664,0,15.5,1,6.3,0,0,0,0,,0,0,0,0,,,0,,0,,0,,0,0,0,0,0,0,0,0,,0,0,0,,0,,0,,0,,0,0,,0,0,,0,,,0,100,0,0,0,0,0,0,0,0,0,0
2025,1107,Luther Burden,CHI,WR,1,11,MIN,30.434782608695656,22.22222222222222,43.8,7,63.6,2,18.2,0,0.29,13.5,27,14.5,0,0,0,0,0,0,0,0,0,0,0,0.01,0,0,0,0,0,0,39.6,2,18.2,0,0,2,100,0,0,1,50,1,0,0,0,0,0,28.6,-9.18,-1.227,57.1,42.9,0,0,0,4.1,0,4.06,-4.06,0,0.58,4.1
2025,1108,Luther Burden,CHI,WR,1,7,NO,13.043478260869565,0,28.4,3,27.3,0,0,0,0,,0,0,0,0,,,0,,0,,0,,0,0,0,0,0,0,0,0,,0,0,0,,0,,0,,0,,0,0,,0,0,,0,,,0,100,0,0,0,0,0,0,0,0,0,0
2025,1109,Mason Taylor,NYJ,TE,1,12,BLT,25,0,87.7,9,69.2,0,0,0,0,,0,0,0,0,,,0,,0,,0,,0,0,0,0,0,0,0,0,,0,0,0,,0,,0,,0,,0,0,,0,0,,0,,,0,66.7,33.3,0,0,0,0,0,0,0,0,0
2025,1110,Mason Taylor,NYJ,TE,1,8,CIN,22.22222222222222,16.666666666666664,75.7,8,80,1,10,0,0.13,19,19,15.6,0,0,0,0,0,0,0,0,0,0,0,0.01,0,0,0,0,0,0,39.6,1,10,0,0,1,100,0,0,0,0,1,0,0,0,0,0,11.1,-10.6,-0.524,12.5,37.5,50,0,0,1.9,0,1.9,-1.9,0,0.24,1.9
2025,1111,Terrance Ferguson,LA,TE,1,10,SF,17.647058823529413,0,32.8,3,23.1,0,0,0,0,,0,0,0,0,,,0,,0,,0,,0,0,0,0,0,0,0,0,,0,0,0,,0,,0,,0,,0,0,,0,0,,0,,,0,66.7,33.3,0,0,0,0,0,0,0,0,0
2025,1112,Terrance Ferguson,LA,TE,1,11,SEA,11.76470588235294,0,28,2,20,0,0,0,0,,0,0,0,0,,,0,,0,,0,,0,0,0,0,0,0,0,0,,0,0,0,,0,,0,,0,,0,0,,0,0,,0,,,50,50,0,0,0,0,0,0,0,0,0,0
2025,1113,Terrance Ferguson,LA,TE,1,12,TB,35.294117647058826,0,27.3,6,33.3,0,0,0,0,,0,0,0,0,,,0,,0,,0,,0,0,0,0,0,0,0,0,,0,0,0,,0,,0,,0,,0,0,,0,0,,0,,,0,66.7,33.3,0,0,0,0,0,0,0,0,0
2025,1114,Terrance Ferguson,LA,TE,1,7,JAX,23.52941176470588,50,45.2,4,26.7,1,6.7,0,0.25,20,20,12.5,0,0,0,0,0,0,0,0,0,0,0,0,0,0,0,0,0,0,39.6,1,7.7,0,0,0,0,1,0,0,0,0,0,0,0,0,0,25,-11.76,-0.796,75,25,0,0,0,0.1,0,0.07,-0.07,0,0.02,0.1
2025,1115,Elijah Arroyo,SEA,TE,1,10,ARZ,20,0,47.5,3,50,0,0,0,0,,0,0,0,0,,,0,,0,,0,,0,0,0,0,0,0,0,0,,0,0,0,,0,,0,,0,,0,0,,0,0,,0,,,0,33.3,66.7,0,0,0,0,0,0,0,0,0
2025,1116,Elijah Arroyo,SEA,TE,1,11,LA,33.33333333333333,0,36.7,5,27.8,0,0,0,0,,0,0,0,0,,,0,,0,,0,,0,0,0,0,0,0,0,0,,0,0,0,,0,,0,,0,,0,0,,0,0,,0,,,20,0,80,0,0,0,0,0,0,0,0,0
2025,1117,Elijah Arroyo,SEA,TE,1,12,TEN,6.666666666666667,0,38.3,1,11.1,0,0,0,0,,0,0,0,0,,,0,,0,,0,,0,0,0,0,0,0,0,0,,0,0,0,,0,,0,,0,,0,0,,0,0,,0,,,0,0,100,0,0,0,0,0,0,0,0,0
2025,1118,Elijah Arroyo,SEA,TE,1,9,WAS,13.333333333333334,0,43.8,2,28.6,0,0,0,0,,0,0,0,0,,,0,,0,,0,,0,0,0,0,0,0,0,0,,0,0,0,,0,,0,,0,,0,0,,0,0,,0,,,0,50,50,0,0,0,0,0,0,0,0,0
2025,1119,Isaiah Bond,CLV,WR,1,11,BLT,29.411764705882355,0,40.7,5,35.7,0,0,0,0,,0,0,0,0,,,0,,0,,0,,0,0,0,0,0,0,0,0,,0,0,0,,0,,0,,0,,0,0,,0,0,,0,,,20,80,0,0,0,0,0,0,0,0,0,0
2025,1120,Isaiah Bond,CLV,WR,1,7,MIA,17.647058823529413,0,41.5,3,37.5,0,0,0,0,,0,0,0,0,,,0,,0,,0,,0,0,0,0,0,0,0,0,,0,0,0,,0,,0,,0,,0,0,,0,0,,0,,,66.7,33.3,0,0,0,0,0,0,0,0,0,0
2025,1121,Isaiah Bond,CLV,WR,1,8,NE,29.411764705882355,50,53.8,5,62.5,1,12.5,0,0.2,10,10,15.9,0,0,0,0,0,0,0,0,0,0,0,0,0,0,0,0,0,0,39.6,1,20,0,0,0,0,0,0,0,0,0,0,0,0,0,0,20,-7.5,-1.519,60,40,0,0,0,0,0,0.02,-0.02,0,0,0
2025,1122,Theo Johnson,NYG,TE,1,8,PHI,11.627906976744185,25,98,5,71.4,1,14.3,-0.2,0.2,-2,-2,-2.9,-1,-4,-1,-1,1,100,1,1,0,0,0,0,0,0,0,0,0,0,79.2,1,20,1,100,1,100,0,0,0,0,1,1,100,0,0,0,14.3,-5.85,-1.395,20,60,20,0,0.9,0.7,0.9,0.66,0.24,0.18,0.13,0.7
2025,1123,Luther Burden,CHI,WR,1,8,BLT,4.3478260869565215,11.11111111111111,17.7,1,5,1,5,-1,1,-3,-3,-1.5,-1,-0.5,-1,-1,1,100,2,2,0,0,0,0,0,0,0,0,0,0,79.2,1,6.7,1,100,1,100,0,0,0,0,0,0,0,0,0,0,100,-5.94,-0.88,100,0,0,0,0.9,1.5,0.9,1.54,-0.64,0.9,1.54,1.5
2025,1124,KaVontae Turpin,DAL,WR,1,8,DEN,27.77777777777778,33.33333333333333,39.7,10,43.5,2,8.7,-0.2,0.2,3,6,2.5,-2,-1,-1,-2,1,50,1,1,-1,-1,0,0.01,0,0,0,0,0,0,56.3,2,9.1,1,50,2,100,0,0,1,50,0,0,0,0,1,1,20,-7.2,-1.251,30,70,0,0,0.8,3.6,0.8,3.57,-2.77,0.08,0.36,3.6
2025,1125,Greg Dortch,ARZ,WR,1,12,JAX,29.166666666666668,66.66666666666666,64.5,14,63.6,2,9.1,-0.36,0.14,0,0,0,-5,-3.4,-2.5,-5,1,50,0,0,-1,-1,0,0.01,0,0,0,0,0,0,56.3,2,10,1,50,2,100,0,0,1,50,2,1,50,0,0,0,14.3,-7.76,-1.059,35.7,64.3,0,0,0.5,1.7,0.5,1.75,-1.25,0.04,0.12,1.7
2025,1126,Ashton Dulin,IND,WR,1,8,TEN,33.33333333333333,100,23.1,1,7.7,1,7.7,-8,1,-8,-8,-4.2,-8,-5.8,-8,-8,1,100,0,0,0,0,0,0.01,0,1,0,0,0,0,79.2,1,8.3,1,100,1,100,0,0,0,0,0,0,0,0,1,1,100,-10.54,-1.64,100,0,0,0,0.2,1.2,0.2,1.22,-1.02,0.2,1.22,1.2
Exported from Data Suite 2.0 by michaelgingrave (user 380) on 2026-09-16 21:39 UTC,,,,,,,,,,,,,,,,,,,,,,,,,,,,,,,,,,,,,,,,,,,,,,,,,,,,,,,,,,,,,,,,,,,,,