,Player Details,Player Details,Player Details,Player Details,Player Details,Splits,Splits,Splits,Splits,Overall,Overall,Overall,Overall,Man,Man,Man,Man,Zone,Zone,Zone,Zone,Single-High,Single-High,Single-High,Single-High,Two-High,Two-High,Two-High,Two-High
Season,Rank,Name,Team,POS,G,WEEK,OPP,RTE %,TGT %,RTE,TPRR,YPRR,FP/RR,RTE,TPRR,YPRR,FP/RR,RTE,TPRR,YPRR,FP/RR,RTE,TPRR,YPRR,FP/RR,RTE,TPRR,YPRR,FP/RR
2024,,League Avg,,,,,,,,17.692195477753465,0.2,1.56,0.36,5.273522975929978,0.21,1.54,0.38,11.801604668125456,0.19,1.61,0.34,9.415025528811087,0.2,1.7,0.37,8.274252370532459,0.19,1.39,0.35
2024,1,Ja'Marr Chase,CIN,WR,1,17,DEN,21.96969696969697,20.27027027027027,58,0.26,1.76,0.33,34,0.29,1.26,0.27,23,0.22,2.57,0.43,27,0.22,1.19,0.27,31,0.29,2.26,0.39
2024,2,Jerry Jeudy,CLV,WR,1,13,DEN,22.89156626506024,19.402985074626866,57,0.23,4.12,0.68,18,0.11,0.72,0.13,39,0.28,5.69,0.93,27,0.15,1.67,0.28,30,0.3,6.33,1.03
2024,3,Amon-Ra St. Brown,DET,WR,1,15,BUF,26.82926829268293,30.909090909090907,55,0.31,3.51,0.71,7,0.43,3.86,0.67,46,0.26,3.52,0.72,22,0.27,4.68,0.97,33,0.33,2.73,0.55
2024,4,Jameson Williams,DET,WR,1,15,BUF,28.061224489795915,11.904761904761903,55,0.09,0.67,0.23,10,0.2,2.1,1.01,43,0.07,0.37,0.06,22,0.18,1.55,0.25,33,0.03,0.09,0.22
2024,5,David Njoku,CLV,TE,1,13,DEN,46.95652173913044,42.10526315789473,54,0.3,0.96,0.49,18,0.33,0.44,0.49,36,0.28,1.22,0.48,25,0.36,1.48,0.83,29,0.24,0.52,0.19
2024,6,Wan'Dale Robinson,NYG,WR,1,14,NO,27.411167512690355,20.408163265306122,54,0.19,0.7,0.14,17,0.41,2,0.38,37,0.08,0.11,0.04,24,0.25,1.42,0.27,30,0.13,0.13,0.05
2024,7,Tim Patrick,DET,WR,1,15,BUF,33.75796178343949,38.095238095238095,53,0.15,0.57,0.25,7,0.14,0,0,44,0.16,0.68,0.3,21,0.1,0.71,0.45,32,0.19,0.47,0.11
2024,8,Sam LaPorta,DET,TE,1,15,BUF,27.604166666666668,22.727272727272727,53,0.19,2.09,0.34,8,0.13,1.25,0.25,44,0.2,2.3,0.37,22,0.18,3.36,0.52,31,0.19,1.19,0.22
2024,9,Ja'Marr Chase,CIN,WR,1,18,PIT,18.560606060606062,17.56756756756757,49,0.27,1.96,0.52,12,0.42,3.75,1.21,31,0.23,1.65,0.36,20,0.3,2.25,0.72,29,0.24,1.76,0.38
2024,10,Tommy Tremble,CAR,TE,1,13,TB,37.69230769230769,47.05882352941176,49,0.16,1.57,0.26,15,0.27,1.27,0.19,33,0.12,1.76,0.3,37,0.16,0.89,0.17,12,0.17,3.67,0.53
2024,11,Trey McBride,ARZ,TE,1,17,LA,21.030042918454935,25.806451612903224,49,0.33,2.51,0.62,14,0.36,1.57,0.8,34,0.29,2.97,0.56,29,0.31,2.41,0.45,20,0.35,2.65,0.86
2024,12,Malik Nabers,NYG,WR,1,14,NO,24.257425742574256,14.0625,49,0.18,1.61,0.26,14,0.14,0.21,0.09,35,0.2,2.17,0.33,21,0.1,0,0,28,0.25,2.82,0.46
2024,13,Jaylen Waddle,MIA,WR,1,13,GB,35.07462686567165,15.384615384615385,47,0.09,1.13,0.2,3,0,0,0,44,0.09,1.2,0.21,20,0.05,0.6,0.11,27,0.11,1.52,0.26
2024,14,Elijah Moore,CLV,WR,1,13,DEN,23.03921568627451,35.13513513513514,47,0.28,2.36,0.41,17,0.47,4.41,0.68,30,0.17,1.2,0.25,23,0.48,4.22,0.73,24,0.08,0.58,0.1
2024,15,Mike Woods,CLV,WR,1,13,DEN,26.111111111111114,29.411764705882355,47,0.11,0.91,0.16,16,0.13,0.88,0.15,31,0.1,0.94,0.16,22,0.05,0.64,0.11,25,0.16,1.16,0.2
2024,16,Brian Thomas,JAX,WR,1,15,NYJ,22.169811320754718,20.8955223880597,47,0.3,2.23,0.69,16,0.38,2,1.2,26,0.27,2.81,0.51,25,0.4,2.2,0.74,22,0.18,2.27,0.64
2024,17,D.J. Moore,CHI,WR,1,13,DET,21.296296296296298,27.11864406779661,46,0.35,2.11,0.52,27,0.48,3.11,0.76,18,0.17,0.72,0.18,30,0.47,3.03,0.74,16,0.13,0.38,0.1
2024,18,Darius Slayton,NYG,WR,1,14,NO,29.677419354838708,33.33333333333333,46,0.13,0.59,0.1,12,0.08,0,0,34,0.15,0.79,0.14,19,0.11,0.37,0.09,27,0.15,0.74,0.11
2024,19,Tee Higgins,CIN,WR,1,17,DEN,20.72072072072072,24.489795918367346,46,0.26,2.85,0.92,28,0.25,2.68,0.91,17,0.24,2.59,0.49,20,0.2,3.25,0.47,26,0.31,2.54,1.25
2024,20,Andrei Iosivas,CIN,WR,1,17,DEN,23.115577889447238,17.391304347826086,46,0.09,1.28,0.19,28,0.11,1.54,0.23,17,0.06,0.94,0.15,22,0.14,1.95,0.29,24,0.04,0.67,0.11
2024,21,Xavier Legette,CAR,WR,1,13,TB,33.82352941176471,24.242424242424242,46,0.17,1.15,0.2,14,0.14,1.5,0.22,31,0.16,1.03,0.2,34,0.15,0.76,0.14,12,0.25,2.25,0.39
2024,22,David Moore,CAR,WR,1,13,TB,28.125,37.5,45,0.2,0.89,0.2,13,0.15,0,0,31,0.23,1.29,0.29,34,0.21,0.68,0.16,11,0.18,1.55,0.34
2024,23,Trey McBride,ARZ,TE,1,13,MIN,19.313304721030043,19.35483870967742,45,0.27,2.13,0.48,22,0.09,0.55,0.15,22,0.41,3.27,0.74,31,0.26,2.32,0.49,14,0.29,1.71,0.46
2024,24,Marvin Harrison,ARZ,WR,1,17,LA,20.27027027027027,20,45,0.22,2.13,0.35,14,0.36,2.21,0.36,30,0.17,2.17,0.35,28,0.25,1.32,0.24,17,0.18,3.47,0.52
2024,25,Travis Kelce,KC,TE,1,13,LV,25.730994152046783,30.23255813953488,44,0.3,1.55,0.31,20,0.35,3.05,0.55,21,0.24,0.24,0.07,25,0.28,2.44,0.44,19,0.32,0.37,0.14
2024,26,Davante Adams,NYJ,WR,1,16,LA,20.37037037037037,20,44,0.3,1.55,0.45,9,0.78,3,0.63,33,0.18,1.24,0.43,23,0.43,1.65,0.6,21,0.14,1.43,0.29
2024,27,Ja'Marr Chase,CIN,WR,1,13,PIT,16.666666666666664,12.162162162162163,44,0.2,1.95,0.47,14,0.14,0,0,29,0.21,2.83,0.46,28,0.21,0.93,0.2,16,0.19,3.75,0.94
2024,28,Ja'Marr Chase,CIN,WR,1,14,DAL,16.666666666666664,24.324324324324326,44,0.41,4.02,0.99,14,0.36,1.43,0.36,30,0.43,5.23,1.29,26,0.46,5.31,1.38,18,0.33,2.17,0.44
2024,29,Daniel Bellinger,NYG,TE,1,14,NO,41.1214953271028,45.45454545454545,44,0.11,1.02,0.22,12,0,0,0,32,0.16,1.41,0.3,18,0.06,0.28,0.08,26,0.15,1.54,0.31
2024,30,Brock Bowers,LV,TE,1,15,ATL,20.091324200913242,12.962962962962962,44,0.16,0.8,0.15,6,0.33,0,0,37,0.14,0.95,0.18,16,0.19,1.88,0.31,28,0.14,0.18,0.05
2024,31,Marvin Harrison,ARZ,WR,1,13,MIN,19.81981981981982,24,44,0.27,1.36,0.39,22,0.32,1.73,0.58,22,0.23,1,0.19,29,0.28,1.34,0.24,15,0.27,1.4,0.67
2024,32,Keenan Allen,CHI,WR,1,13,DET,21.82741116751269,17.391304347826086,43,0.19,1.7,0.57,24,0.08,0.38,0.33,18,0.28,3.56,0.91,27,0.11,0.67,0.1,16,0.31,3.44,1.34
2024,33,Jerry Jeudy,CLV,WR,1,17,MIA,17.269076305220885,26.865671641791046,43,0.42,2.19,0.5,8,0.63,5.38,1.04,34,0.38,1.5,0.39,24,0.46,3.25,0.66,19,0.37,0.84,0.29
2024,34,Michael Wilson,ARZ,WR,1,13,MIN,23.497267759562842,33.33333333333333,43,0.16,1.28,0.24,21,0.24,1.76,0.32,22,0.09,0.82,0.17,30,0.17,1.23,0.22,13,0.15,1.38,0.29
2024,35,Michael Wilson,ARZ,WR,1,17,LA,23.497267759562842,23.809523809523807,43,0.12,0.51,0.14,13,0.08,0.23,0.1,28,0.11,0.5,0.12,25,0.08,0.48,0.13,18,0.17,0.56,0.17
2024,36,Andrei Iosivas,CIN,WR,1,18,PIT,21.608040201005025,13.043478260869565,43,0.07,0.28,0.07,12,0,0,0,25,0.08,0.36,0.08,18,0.06,0.5,0.11,25,0.08,0.12,0.05
2024,37,D.J. Moore,CHI,WR,1,16,DET,19.444444444444446,16.94915254237288,42,0.24,1.62,0.33,15,0.2,1.13,0.18,27,0.26,1.89,0.41,19,0.21,0.68,0.23,23,0.26,2.39,0.41
2024,38,Mike Gesicki,CIN,TE,1,17,DEN,27.81456953642384,34.285714285714285,42,0.29,2.05,0.44,24,0.29,2.17,0.47,18,0.28,1.89,0.41,18,0.33,2.22,0.5,24,0.25,1.92,0.4
2024,39,DK Metcalf,SEA,WR,1,16,MIN,24.137931034482758,21.21212121212121,42,0.17,1.36,0.35,8,0.25,0,0,33,0.15,1.73,0.45,14,0.07,0,0,28,0.21,2.04,0.53
2024,40,Tee Higgins,CIN,WR,1,13,PIT,18.91891891891892,18.367346938775512,42,0.21,1.64,0.43,14,0.29,1,0.67,27,0.19,2.04,0.31,27,0.26,2.52,0.4,15,0.13,0.07,0.47
2024,41,Garrett Wilson,NYJ,WR,1,16,LA,18.91891891891892,15.217391304347828,42,0.17,1.29,0.27,8,0,0,0,32,0.22,1.69,0.36,21,0.24,2.29,0.42,21,0.1,0.29,0.12
2024,42,Jahan Dotson,PHI,WR,1,18,NYG,30.656934306569344,71.42857142857143,42,0.24,2.24,0.39,16,0.44,2.75,0.53,24,0.13,2.08,0.33,36,0.25,2.08,0.38,6,0.17,3.17,0.48
2024,43,Jaxon Smith-Njigba,SEA,WR,1,15,GB,23.463687150837988,27.906976744186046,42,0.29,1.98,0.44,5,0.4,1.4,0.54,37,0.27,2.05,0.42,22,0.32,2.36,0.55,20,0.25,1.55,0.3
2024,44,Tre Tucker,LV,WR,1,15,ATL,19.53488372093023,12,42,0.07,0.43,0.09,6,0,0,0,36,0.08,0.5,0.11,16,0,0,0,26,0.12,0.69,0.15
2024,45,Parker Washington,JAX,WR,1,15,NYJ,20.48780487804878,18.181818181818183,42,0.14,1.29,0.2,15,0.2,3,0.43,22,0.14,0.41,0.09,19,0.21,2.37,0.34,23,0.09,0.39,0.08
2024,46,Jonnu Smith,MIA,TE,1,13,GB,23.563218390804597,23.404255319148938,41,0.27,2.76,0.52,2,0.5,0,0,39,0.26,2.9,0.55,17,0.29,3.12,0.61,24,0.25,2.5,0.46
2024,47,Jakobi Meyers,LV,WR,1,15,ATL,18.636363636363637,18.51851851851852,41,0.24,1.44,0.27,6,0,0,0,34,0.26,1.74,0.32,14,0.21,0.5,0.12,27,0.26,1.93,0.34
2024,48,Michael Pittman,IND,WR,1,18,JAX,27.7027027027027,23.684210526315788,41,0.22,1.76,0.32,15,0.13,0.6,0.13,26,0.27,2.42,0.43,14,0.14,1.36,0.21,27,0.26,1.96,0.38
2024,49,Jauan Jennings,SF,WR,1,17,DET,25.949367088607595,19.565217391304348,41,0.22,1.63,0.33,18,0.22,0.89,0.2,22,0.23,2.32,0.46,26,0.27,1.96,0.39,15,0.13,1.07,0.24
2024,50,Justin Jefferson,MIN,WR,1,17,GB,17.982456140350877,16.94915254237288,41,0.24,2.24,0.42,7,0.43,2.14,0.5,34,0.21,2.26,0.4,23,0.22,0.96,0.23,18,0.28,3.89,0.67
2024,51,Jerry Jeudy,CLV,WR,1,14,PIT,16.46586345381526,8.955223880597014,41,0.15,1.56,0.42,18,0.11,1.11,0.22,23,0.17,1.91,0.58,22,0.14,2.5,0.66,19,0.16,0.47,0.15
2024,52,Johnny Wilson,PHI,WR,1,18,NYG,69.49152542372882,71.42857142857143,41,0.12,0.59,0.13,15,0.07,0.6,0.13,24,0.17,0.63,0.15,35,0.14,0.69,0.15,6,0,0,0
2024,53,Ricky Pearsall,SF,WR,1,18,ARZ,26.451612903225808,27.586206896551722,41,0.2,1.68,0.46,11,0.18,2.73,0.36,28,0.18,1.18,0.26,21,0.14,2,0.3,20,0.25,1.35,0.64
2024,54,Demarcus Robinson,LA,WR,1,18,SEA,29.411764705882355,41.66666666666667,40,0.13,1.8,0.26,14,0.07,1.29,0.2,25,0.16,2.16,0.3,14,0.14,3.5,0.49,26,0.12,0.88,0.13
2024,55,Jakobi Meyers,LV,WR,1,14,TB,18.181818181818183,18.51851851851852,40,0.25,1.68,0.34,5,0.4,5.6,0.96,32,0.22,1.22,0.28,29,0.28,1.62,0.37,11,0.18,1.82,0.27
2024,56,Justin Jefferson,MIN,WR,1,15,CHI,17.543859649122805,22.033898305084744,40,0.33,1.82,0.51,4,0,0,0,34,0.35,1.94,0.37,15,0.4,1.87,0.32,25,0.28,1.8,0.62
2024,57,Justin Jefferson,MIN,WR,1,18,DET,17.543859649122805,15.254237288135593,40,0.23,1.35,0.21,27,0.3,1.78,0.25,11,0.09,0.55,0.15,17,0.12,1,0.16,23,0.3,1.61,0.25
2024,58,George Pickens,PIT,WR,1,17,KC,36.36363636363637,35.294117647058826,40,0.15,1.25,0.2,11,0.18,0.18,0.11,29,0.14,1.66,0.23,12,0.17,3.58,0.53,28,0.14,0.25,0.06
2024,59,Jaxon Smith-Njigba,SEA,WR,1,16,MIN,22.3463687150838,27.906976744186046,40,0.3,2.38,0.59,8,0.5,5.38,1.54,31,0.26,1.68,0.36,12,0.17,1.08,0.19,28,0.36,2.93,0.76
2024,60,Brenton Strange,JAX,TE,1,15,NYJ,34.18803418803419,50,40,0.3,1.82,0.46,16,0.31,2,0.51,20,0.3,2.05,0.51,20,0.25,1.75,0.42,20,0.35,1.9,0.49
2024,61,Jordan Addison,MIN,WR,1,17,GB,18.6046511627907,17.77777777777778,40,0.2,1.73,0.47,6,0,0,0,33,0.21,2,0.53,23,0.26,2.04,0.64,17,0.12,1.29,0.25
2024,62,Zay Flowers,BLT,WR,1,13,PHI,35.39823008849557,24.137931034482758,40,0.17,1.85,0.26,5,0,0,0,34,0.21,2.18,0.31,23,0.22,1.74,0.22,17,0.12,2,0.32
2024,63,Rome Odunze,CHI,WR,1,13,DET,22.47191011235955,20,40,0.15,0.63,0.11,21,0.1,0,0,17,0.24,1.47,0.26,24,0.08,0,0,16,0.25,1.56,0.28
2024,64,Adam Thielen,CAR,WR,1,13,TB,20,21.73913043478261,39,0.26,2.54,0.61,9,0.22,1.78,0.29,29,0.28,2.86,0.73,28,0.25,2.71,0.7,11,0.27,2.09,0.39
2024,65,Davante Adams,NYJ,WR,1,13,SEA,18.055555555555554,18.461538461538463,39,0.31,1.69,0.45,12,0.58,4,0.65,23,0.17,0.43,0.09,17,0.24,2.53,0.37,22,0.36,1.05,0.51
2024,66,Tyreek Hill,MIA,WR,1,14,NYJ,21.666666666666668,29.166666666666668,39,0.36,2.95,0.71,9,0.56,1.44,1.03,28,0.32,3.64,0.65,22,0.45,3.64,0.68,17,0.24,2.06,0.74
2024,67,Mike Gesicki,CIN,TE,1,18,PIT,25.82781456953642,25.71428571428571,39,0.23,1.74,0.38,11,0.27,2.55,0.53,22,0.23,1.82,0.41,18,0.28,2.28,0.51,21,0.19,1.29,0.27
2024,68,Jakobi Meyers,LV,WR,1,16,JAX,17.727272727272727,9.25925925925926,39,0.13,1.05,0.16,11,0.09,1.55,0.25,27,0.11,0.89,0.13,15,0.13,1.13,0.18,24,0.13,1,0.14
2024,69,Terry McLaurin,WAS,WR,1,17,ATL,22.413793103448278,12.195121951219512,39,0.13,0.13,0.04,14,0.14,0,0,23,0.13,0.22,0.07,27,0.07,0,0,12,0.25,0.42,0.13
2024,70,Tee Higgins,CIN,WR,1,14,DAL,17.56756756756757,10.204081632653061,39,0.13,0.59,0.11,12,0.17,1.92,0.36,27,0.11,0,0,23,0.09,0,0,16,0.19,1.44,0.27
2024,71,Jaylen Waddle,MIA,WR,1,18,NYJ,29.1044776119403,30.76923076923077,39,0.21,1.13,0.22,12,0.08,0,0,26,0.23,1.69,0.32,23,0.17,0.83,0.17,16,0.25,1.56,0.28
2024,72,Alec Pierce,IND,WR,1,18,JAX,36.44859813084112,10,39,0.05,1.46,0.35,14,0.07,1.21,0.19,25,0.04,1.6,0.44,12,0.08,1.42,0.23,27,0.04,1.48,0.41
2024,73,Garrett Wilson,NYJ,WR,1,14,MIA,17.56756756756757,21.73913043478261,39,0.26,2.92,0.47,10,0.2,3.5,0.45,27,0.3,2.93,0.51,14,0.14,0.57,0.13,25,0.32,4.24,0.66
2024,74,Parker Washington,JAX,WR,1,13,HST,19.024390243902438,36.36363636363637,39,0.31,2.64,0.57,15,0.27,1.47,0.61,22,0.32,3.68,0.6,25,0.28,1.56,0.24,14,0.36,4.57,1.17
2024,75,Brock Bowers,LV,TE,1,16,JAX,17.80821917808219,24.074074074074073,39,0.33,2.54,0.54,13,0.23,0.69,0.3,25,0.4,3.6,0.68,17,0.29,2.76,0.57,22,0.36,2.36,0.51
2024,76,Jalen McMillan,TB,WR,1,16,DAL,21.54696132596685,21.21212121212121,39,0.18,1.46,0.43,13,0.23,2.77,0.51,25,0.12,0.4,0.08,19,0.16,2.11,0.37,20,0.2,0.85,0.48
2024,77,Tyreek Hill,MIA,WR,1,13,GB,21.11111111111111,16.666666666666664,38,0.21,2.18,0.53,1,0,0,0,37,0.22,2.24,0.55,15,0.4,3.4,1.01,23,0.09,1.39,0.23
2024,78,David Njoku,CLV,TE,1,14,PIT,33.04347826086956,31.57894736842105,38,0.32,1.11,0.45,15,0.33,1.47,0.68,23,0.3,0.87,0.3,18,0.39,1.67,0.72,20,0.25,0.6,0.21
2024,79,Ray-Ray McCloud,ATL,WR,1,18,CAR,22.093023255813954,24.137931034482758,38,0.18,1.74,0.28,4,0.25,2,0.45,33,0.18,1.76,0.27,21,0.24,2.81,0.42,17,0.12,0.41,0.1
2024,80,Olamide Zaccheaus,WAS,WR,1,17,ATL,30.4,31.03448275862069,38,0.24,2.24,0.59,14,0.14,0.5,0.55,22,0.32,3.55,0.67,26,0.15,1.46,0.3,12,0.42,3.92,1.22
2024,81,Terry McLaurin,WAS,WR,1,15,NO,21.839080459770116,24.390243902439025,38,0.26,1.92,0.69,7,0.29,1.14,1.26,31,0.26,2.1,0.56,14,0.07,0.36,0.11,24,0.38,2.83,1.03
2024,82,A.J. Brown,PHI,WR,1,15,PIT,27.73722627737226,26.82926829268293,38,0.29,2.89,0.66,16,0.56,5.56,1.31,22,0.09,0.95,0.19,18,0.39,4.5,0.73,20,0.2,1.45,0.59
2024,83,Justin Jefferson,MIN,WR,1,16,SEA,16.666666666666664,20.33898305084746,38,0.32,3.79,0.96,7,0.14,0,0,29,0.34,4.79,1.2,15,0.13,2.2,0.75,23,0.43,4.83,1.09
2024,84,Nico Collins,HST,WR,1,16,KC,28.35820895522388,28.205128205128204,38,0.29,1.58,0.34,10,0.4,5.9,0.89,26,0.23,0.04,0.16,18,0.28,3.5,0.63,20,0.3,-0.15,0.08
2024,85,Drake London,ATL,WR,1,18,CAR,20.76502732240437,28.57142857142857,38,0.47,4.92,1.07,4,0.75,2.75,0.53,33,0.45,5.33,1.17,21,0.52,4.38,0.68,17,0.41,5.59,1.56
2024,86,Garrett Wilson,NYJ,WR,1,13,SEA,17.117117117117118,21.73913043478261,38,0.26,1.08,0.24,14,0.21,0.57,0.2,20,0.25,1.65,0.32,17,0.41,2.41,0.54,21,0.14,0,0
2024,87,Garrett Wilson,NYJ,WR,1,18,MIA,17.117117117117118,10.869565217391305,38,0.13,1.34,0.24,10,0.2,3.1,0.51,23,0.13,0.87,0.17,14,0.14,2.21,0.36,24,0.13,0.83,0.17
2024,88,Trey McBride,ARZ,TE,1,14,SEA,16.30901287553648,16.129032258064516,38,0.26,1.84,0.37,8,0.38,1.75,0.3,27,0.22,2.07,0.43,13,0.08,0.54,0.13,25,0.36,2.52,0.49
2024,89,Calvin Austin,PIT,WR,1,17,KC,25.850340136054424,20,38,0.11,0.82,0.19,10,0.1,1.4,0.24,26,0.12,0.65,0.18,11,0.09,1.27,0.22,27,0.11,0.63,0.17
2024,90,Tre Tucker,LV,WR,1,16,JAX,17.674418604651162,16,38,0.11,1.08,0.16,11,0.18,2.64,0.35,26,0.08,0.46,0.08,14,0.07,0,0,24,0.13,1.71,0.25
2024,91,Jordan Addison,MIN,WR,1,16,SEA,17.674418604651162,15.555555555555555,38,0.18,0.92,0.38,7,0.29,1.71,0.31,29,0.14,0.62,0.17,16,0.19,1.31,0.32,22,0.18,0.64,0.43
2024,92,Josh Downs,IND,WR,1,18,JAX,34.234234234234236,42.857142857142854,38,0.32,2.47,0.51,14,0.29,1.93,0.34,24,0.33,2.79,0.61,13,0.31,1.85,0.34,25,0.32,2.8,0.6
2024,93,Payne Durham,TB,TE,1,16,DAL,44.70588235294118,58.333333333333336,38,0.18,0.76,0.21,11,0.18,0.55,0.15,26,0.19,0.88,0.24,18,0.22,1.44,0.37,20,0.15,0.15,0.07
2024,94,Malik Nabers,NYG,WR,1,13,DAL,18.81188118811881,18.75,38,0.32,1.82,0.39,11,0.55,3,0.66,27,0.22,1.33,0.28,21,0.33,1.67,0.4,17,0.29,2,0.38
2024,95,Keenan Allen,CHI,WR,1,16,DET,18.781725888324875,21.73913043478261,37,0.27,3.81,0.79,16,0.19,2,0.33,21,0.33,5.19,1.14,16,0.25,3.31,0.52,21,0.29,4.19,0.99
2024,96,Davante Adams,NYJ,WR,1,14,MIA,17.12962962962963,15.384615384615385,37,0.27,2.95,0.7,10,0.4,3.3,1.33,25,0.24,3.04,0.5,14,0.29,5,0.79,23,0.26,1.7,0.65
2024,97,Evan Engram,JAX,TE,1,13,HST,56.060606060606055,61.53846153846154,37,0.22,1.11,0.3,13,0.15,0.46,0.12,22,0.27,1.59,0.43,23,0.26,0.96,0.31,14,0.14,1.36,0.28
2024,98,Ray-Ray McCloud,ATL,WR,1,13,LAC,21.511627906976745,13.793103448275861,37,0.11,2.57,0.36,9,0.11,2.44,0.36,27,0.11,2.7,0.38,16,0.19,2.19,0.41,21,0.05,2.86,0.33
2024,99,Calvin Ridley,TEN,WR,1,13,WAS,20.670391061452513,15.789473684210526,37,0.16,1.22,0.18,14,0.07,2.14,0.29,23,0.22,0.65,0.11,19,0.16,2.37,0.34,18,0.17,0,0
2024,100,A.J. Brown,PHI,WR,1,16,WAS,27.00729927007299,36.58536585365854,37,0.41,2.62,0.64,21,0.48,3.86,0.96,15,0.33,1.07,0.24,22,0.45,3.95,0.99,15,0.33,0.67,0.13
2024,101,Nick Westbrook-Ikhine,TEN,WR,1,13,WAS,19.3717277486911,25.925925925925924,37,0.19,1.65,0.57,14,0.36,3.14,0.89,23,0.09,0.74,0.38,19,0.26,2.32,0.65,18,0.11,0.94,0.48
2024,102,Michael Pittman,IND,WR,1,15,DEN,25,23.684210526315788,37,0.24,1.57,0.32,15,0.27,2.13,0.41,22,0.23,1.18,0.25,19,0.21,1.68,0.33,18,0.28,1.44,0.31
2024,103,Jauan Jennings,SF,WR,1,16,MIA,23.417721518987342,13.043478260869565,37,0.16,1.38,0.25,9,0.11,1.89,0.3,25,0.2,1.36,0.26,13,0.23,2.69,0.5,24,0.13,0.67,0.11
2024,104,Darnell Mooney,ATL,WR,1,13,LAC,25.170068027210885,29.166666666666668,37,0.19,0.54,0.14,9,0,0,0,27,0.26,0.74,0.19,17,0.06,0.29,0.09,20,0.3,0.75,0.17
2024,105,Jerry Jeudy,CLV,WR,1,18,BLT,14.859437751004014,19.402985074626866,37,0.35,1.7,0.33,15,0.47,0.93,0.23,21,0.29,2.33,0.42,25,0.36,2,0.36,12,0.33,1.08,0.27
2024,106,DeVonta Smith,PHI,WR,1,15,PIT,32.17391304347826,37.93103448275862,37,0.3,2.95,0.75,15,0.27,2.2,0.89,22,0.32,3.45,0.66,18,0.22,2.83,0.51,19,0.37,3.05,0.99
2024,107,Elijah Moore,CLV,WR,1,14,PIT,18.137254901960784,10.81081081081081,37,0.11,0.92,0.17,16,0.06,1.25,0.19,21,0.14,0.67,0.16,21,0.14,0.67,0.16,16,0.06,1.25,0.19
2024,108,Drake London,ATL,WR,1,13,LAC,20.21857923497268,23.809523809523807,37,0.41,2.32,0.48,9,0.56,2.89,0.62,27,0.37,2.22,0.44,17,0.35,1.06,0.22,20,0.45,3.4,0.69
2024,109,Mike Woods,CLV,WR,1,15,KC,20.555555555555554,17.647058823529413,37,0.08,0.19,0.07,13,0.15,0.31,0.11,24,0.04,0.13,0.05,11,0.27,0.64,0.25,26,0,0,0
2024,110,Wan'Dale Robinson,NYG,WR,1,13,DAL,18.781725888324875,4.081632653061225,37,0.05,0.16,0.07,9,0,0,0,28,0.07,0.21,0.09,20,0.05,-0.1,0.04,17,0.06,0.47,0.11
2024,111,Tre Tucker,LV,WR,1,14,TB,17.209302325581397,20,37,0.14,0.19,0.07,4,0.25,1.5,0.4,30,0.13,0.03,0.04,26,0.15,0.27,0.1,11,0.09,0,0
2024,112,Parker Washington,JAX,WR,1,16,LV,18.048780487804876,18.181818181818183,37,0.16,1.46,0.31,3,0.33,3,0.63,34,0.15,1.32,0.28,18,0.06,0.67,0.12,19,0.26,2.21,0.48
2024,113,Jordan Addison,MIN,WR,1,18,DET,17.209302325581397,11.11111111111111,37,0.14,0,0.03,28,0.18,0,0.04,7,0,0,0,16,0.19,0,0,21,0.1,0,0.05
2024,114,Josh Downs,IND,WR,1,15,DEN,33.33333333333333,28.57142857142857,37,0.22,0.86,0.17,15,0.27,0.27,0.09,22,0.18,1.27,0.22,19,0.26,1.37,0.24,18,0.17,0.33,0.09
2024,115,Brock Bowers,LV,TE,1,18,LAC,16.894977168949772,16.666666666666664,37,0.24,1.35,0.41,5,0.6,2.4,1.64,32,0.19,1.19,0.21,9,0.33,1.56,1.04,28,0.21,1.29,0.2
2024,116,Xavier Legette,CAR,WR,1,14,PHI,27.205882352941174,24.242424242424242,37,0.22,1.05,0.16,20,0.25,0,0,15,0.2,2.6,0.39,19,0.21,0,0,18,0.22,2.17,0.33
2024,117,Xavier Worthy,KC,WR,1,16,HST,21.637426900584796,25.581395348837212,37,0.3,1.76,0.53,16,0.38,1.44,0.27,21,0.24,2,0.72,23,0.35,2.17,0.65,14,0.21,1.07,0.32
2024,118,Zach Ertz,WAS,TE,1,17,ATL,26.08695652173913,33.33333333333333,36,0.19,2,0.7,13,0.23,0.92,1.17,21,0.19,2.86,0.48,26,0.15,2.54,0.64,10,0.3,0.6,0.86
2024,119,Keenan Allen,CHI,WR,1,17,SEA,18.274111675126903,13.043478260869565,36,0.17,0.69,0.21,14,0.29,1.5,0.36,22,0.09,0.18,0.11,19,0.21,1.11,0.32,17,0.12,0.24,0.08
2024,120,Davante Adams,NYJ,WR,1,15,JAX,16.666666666666664,18.461538461538463,36,0.33,5.5,1.13,23,0.39,5.35,1.06,11,0.18,6.82,1.41,14,0.36,8.71,1.23,22,0.32,3.45,1.07
2024,121,Davante Adams,NYJ,WR,1,18,MIA,16.666666666666664,18.461538461538463,36,0.33,2.44,0.58,9,0.22,3.22,0.43,22,0.32,2.5,0.43,12,0.33,3.75,0.54,24,0.33,1.79,0.6
2024,122,Marquez Valdes-Scantling,NO,WR,1,18,TB,23.376623376623375,32,36,0.22,0.92,0.17,11,0.36,1.27,0.22,25,0.16,0.76,0.16,19,0.32,1.74,0.33,17,0.12,0,0
2024,123,Jakobi Meyers,LV,WR,1,18,LAC,16.363636363636363,18.51851851851852,36,0.28,3.42,0.76,5,0.4,1.6,0.56,31,0.26,3.71,0.79,9,0.22,3.44,0.57,27,0.3,3.41,0.82
2024,124,DK Metcalf,SEA,WR,1,15,GB,20.689655172413794,9.090909090909092,36,0.08,0.78,0.16,4,0,0,0,32,0.09,0.88,0.18,18,0.17,1.56,0.32,18,0,0,0
2024,125,Terry McLaurin,WAS,WR,1,16,PHI,20.689655172413794,14.634146341463413,36,0.17,1.67,0.47,15,0.2,3.27,0.93,17,0.18,0.65,0.18,18,0.22,2.89,0.84,18,0.11,0.44,0.1
2024,126,Deebo Samuel,SF,WR,1,17,DET,27.27272727272727,4.166666666666666,36,0.03,0.14,0.21,16,0.06,0.31,0.47,19,0,0,0,25,0.04,0.2,0.3,11,0,0,0
2024,127,Michael Pittman,IND,WR,1,17,NYG,24.324324324324326,26.31578947368421,36,0.28,3.03,0.72,9,0.33,7,1.03,21,0.29,1.86,0.42,23,0.3,4.17,0.72,13,0.23,1,0.72
2024,128,Cole Kmet,CHI,TE,1,13,DET,22.22222222222222,37.5,36,0.08,0.72,0.16,18,0.06,0.28,0.08,17,0.12,1.24,0.24,21,0.05,0.24,0.07,15,0.13,1.4,0.27
2024,129,Justin Jefferson,MIN,WR,1,13,ARZ,15.789473684210526,13.559322033898304,36,0.22,2.75,0.47,5,0,0,0,29,0.28,3.41,0.58,12,0.25,2.75,0.53,24,0.21,2.75,0.44
2024,130,Jerry Jeudy,CLV,WR,1,15,KC,14.457831325301203,20.8955223880597,36,0.39,3,0.61,12,0.42,4.75,0.89,24,0.38,2.13,0.46,10,0.3,3.8,0.68,26,0.42,2.69,0.58
2024,131,Tee Higgins,CIN,WR,1,18,PIT,16.216216216216218,8.16326530612245,36,0.11,1.47,0.26,8,0,0,0,24,0.17,2.21,0.39,15,0.2,2.33,0.43,21,0.05,0.86,0.13
2024,132,Ja'Marr Chase,CIN,WR,1,15,TEN,13.636363636363635,14.864864864864865,36,0.31,2.61,0.51,7,0.14,4.14,0.56,26,0.38,2.5,0.56,10,0.3,3.5,0.55,26,0.31,2.27,0.5
2024,133,Drake London,ATL,WR,1,17,WAS,19.672131147540984,20.634920634920633,36,0.36,2.94,0.49,17,0.41,4.18,0.65,19,0.32,1.84,0.34,18,0.39,4.89,0.77,18,0.33,1,0.21
2024,134,George Pickens,PIT,WR,1,18,CIN,32.72727272727273,35.294117647058826,36,0.17,0,0.03,3,0.33,0,0,33,0.15,0,0.03,11,0.36,0,0,25,0.08,0,0.04
2024,135,Mike Woods,CLV,WR,1,17,MIA,20,17.647058823529413,36,0.08,0.08,0.04,9,0.11,0,0,26,0.08,0.12,0.05,19,0.05,0,0,17,0.12,0.18,0.08
2024,136,Garrett Wilson,NYJ,WR,1,15,JAX,16.216216216216218,13.043478260869565,36,0.17,1.56,0.41,23,0.22,1.48,0.23,11,0.09,2,0.84,14,0.29,2.93,0.86,22,0.09,0.68,0.11
2024,137,Trey McBride,ARZ,TE,1,16,CAR,15.450643776824036,4.838709677419355,36,0.08,0.56,0.14,13,0.15,0.69,0.22,22,0.05,0.5,0.1,24,0.08,0.38,0.12,12,0.08,0.92,0.18
2024,138,Michael Wilson,ARZ,WR,1,16,CAR,19.672131147540984,19.047619047619047,36,0.11,1.22,0.18,14,0.07,2.71,0.34,22,0.14,0.27,0.07,27,0.11,1.63,0.24,9,0.11,0,0
2024,139,Jordan Addison,MIN,WR,1,13,ARZ,16.74418604651163,13.333333333333334,36,0.17,1.5,0.26,6,0.17,1.33,0.3,28,0.14,1.64,0.27,12,0.25,3.58,0.53,24,0.13,0.46,0.13
2024,140,Jordan Addison,MIN,WR,1,15,CHI,16.74418604651163,20,36,0.25,1.75,0.37,4,0.25,4,0.65,30,0.27,1.57,0.36,13,0.15,1.23,0.2,23,0.3,2.04,0.47
2024,141,Malik Nabers,NYG,WR,1,16,ATL,17.82178217821782,20.3125,36,0.36,1.89,0.38,10,0.3,0,0,23,0.43,2.96,0.6,17,0.41,2.24,0.46,19,0.32,1.58,0.32
2024,142,Marvin Harrison,ARZ,WR,1,14,SEA,16.216216216216218,16,36,0.22,1.36,0.25,8,0.13,0,0,25,0.24,1.96,0.36,12,0.25,1,0.18,24,0.21,1.54,0.28
2024,143,Marvin Harrison,ARZ,WR,1,16,CAR,16.216216216216218,16,36,0.22,1.08,0.22,14,0.36,1.14,0.26,22,0.14,1.05,0.2,26,0.23,1.04,0.22,10,0.2,1.2,0.22
2024,144,Brian Thomas,JAX,WR,1,13,HST,16.9811320754717,14.925373134328357,36,0.28,2.11,0.49,14,0.29,4,0.47,20,0.25,0.7,0.17,26,0.23,2.31,0.31,10,0.4,1.6,0.96
2024,145,Brian Thomas,JAX,WR,1,16,LV,16.9811320754717,17.91044776119403,36,0.33,3.67,0.78,3,0.33,5.33,0.87,33,0.33,3.52,0.78,17,0.35,1.71,0.35,19,0.32,5.42,1.17
2024,146,Brian Thomas,JAX,WR,1,18,IND,16.9811320754717,14.925373134328357,36,0.28,2.86,0.48,10,0.1,0.9,0.19,24,0.33,3.08,0.52,20,0.3,4.35,0.64,16,0.25,1,0.29
2024,147,Xavier Worthy,KC,WR,1,15,CLV,21.052631578947366,25.581395348837212,36,0.31,1.28,0.29,19,0.32,1.32,0.29,17,0.29,1.24,0.3,27,0.3,0.67,0.18,9,0.33,3.11,0.64
2024,148,Adam Thielen,CAR,WR,1,14,PHI,17.94871794871795,23.91304347826087,35,0.31,2.91,0.55,19,0.26,2.53,0.41,15,0.33,3.2,0.65,19,0.26,2.53,0.41,16,0.38,3.38,0.71
2024,149,Mike Evans,TB,WR,1,16,DAL,19.662921348314608,12.068965517241379,35,0.2,1.97,0.34,7,0.29,5.14,0.8,27,0.19,1.22,0.23,14,0.14,2.93,0.44,21,0.24,1.33,0.28
2024,150,D.J. Moore,CHI,WR,1,15,MIN,16.203703703703702,13.559322033898304,35,0.23,1.31,0.36,7,0,0,0,27,0.3,1.7,0.47,15,0.27,2.07,0.47,20,0.2,0.75,0.28
2024,151,KhaDarel Hodge,ATL,WR,1,18,CAR,71.42857142857143,33.33333333333333,35,0.06,0.69,0.1,4,0,0,0,30,0.07,0.8,0.11,21,0,0,0,14,0.14,1.71,0.24
2024,152,T.J. Hockenson,MIN,TE,1,18,DET,19.662921348314608,23.52941176470588,35,0.23,0.26,0.08,25,0.2,0.36,0.12,8,0.25,0,0,14,0.29,0.07,0.08,21,0.19,0.38,0.09
2024,153,Juwan Johnson,NO,TE,1,18,TB,19.774011299435028,21.21212121212121,35,0.2,2.29,0.4,9,0.11,2.89,0.4,26,0.23,2.08,0.4,16,0.19,3.75,0.56,19,0.21,1.05,0.26
2024,154,Nick Westbrook-Ikhine,TEN,WR,1,15,CIN,18.32460732984293,11.11111111111111,35,0.09,0.26,0.08,8,0.13,0,0,26,0.08,0.35,0.11,13,0.08,0.38,0.12,22,0.09,0.18,0.06
2024,155,Jerry Jeudy,CLV,WR,1,16,CIN,14.056224899598394,4.477611940298507,35,0.09,0.57,0.11,9,0.22,1.67,0.28,24,0.04,0.21,0.06,17,0.06,0.88,0.15,18,0.11,0.28,0.08
2024,156,Jaylen Waddle,MIA,WR,1,14,NYJ,26.119402985074625,46.15384615384615,35,0.34,2.83,0.54,8,0.25,0.63,0.19,25,0.36,3.36,0.62,20,0.15,1.75,0.33,15,0.6,4.27,0.83
2024,157,Dyami Brown,WAS,WR,1,15,NO,36.84210526315789,17.647058823529413,35,0.09,0.86,0.17,9,0.11,1.78,0.29,26,0.08,0.54,0.13,15,0.13,1.87,0.32,20,0.05,0.1,0.06
2024,158,Grant Calcaterra,PHI,TE,1,15,PIT,30.17241379310345,10,35,0.03,0.63,0.09,14,0,0,0,21,0.05,1.05,0.15,17,0.06,1.29,0.19,18,0,0,0
2024,159,Kevin Austin,NO,WR,1,16,GB,23.026315789473685,26.31578947368421,35,0.14,0.49,0.08,1,0,0,0,32,0.13,0.53,0.08,16,0.19,0,0,19,0.11,0.89,0.14
2024,160,Mike Woods,CLV,WR,1,14,PIT,19.444444444444446,17.647058823529413,35,0.09,0.34,0.06,12,0.08,0,0,23,0.09,0.52,0.1,17,0,0,0,18,0.17,0.67,0.12
2024,161,Wan'Dale Robinson,NYG,WR,1,16,ATL,17.766497461928935,24.489795918367346,35,0.34,1.77,0.38,11,0.36,1.36,0.23,21,0.33,2.24,0.51,16,0.31,0.94,0.16,19,0.37,2.47,0.56
2024,162,Tre Tucker,LV,WR,1,13,KC,16.27906976744186,4,35,0.03,1.66,0.37,10,0.1,5.8,1.28,25,0,0,0,14,0.07,4.14,0.91,21,0,0,0
2024,163,Parker Washington,JAX,WR,1,18,IND,17.073170731707318,12.121212121212121,35,0.11,0.43,0.27,10,0.1,0.9,0.79,23,0.13,0.26,0.07,19,0.11,0.32,0.08,16,0.13,0.56,0.49
2024,164,Kayshon Boutte,NE,WR,1,13,IND,24.475524475524477,20,35,0.17,1.17,0.2,6,0.33,0.67,0.23,25,0.16,1.48,0.23,23,0.13,0.17,0.06,12,0.25,3.08,0.48
2024,165,Kayshon Boutte,NE,WR,1,16,BUF,24.475524475524477,23.333333333333332,35,0.2,2.71,0.59,14,0.21,3.57,0.93,19,0.16,0.74,0.18,18,0.28,3.06,0.81,17,0.12,2.35,0.35
2024,166,Malik Nabers,NYG,WR,1,15,BLT,17.326732673267326,21.875,35,0.4,2.34,0.69,16,0.44,3.38,1.15,16,0.31,1.75,0.36,20,0.35,1.55,0.45,15,0.47,3.4,1.01
2024,167,Brock Bowers,LV,TE,1,13,KC,15.981735159817351,24.074074074074073,35,0.37,4,0.86,11,0.18,2.64,0.45,24,0.46,4.63,1.05,14,0.36,3.5,0.99,21,0.38,4.33,0.77
2024,168,Brock Bowers,LV,TE,1,14,TB,15.981735159817351,9.25925925925926,35,0.14,1.4,0.23,3,0.33,4,0.73,29,0.1,1.28,0.2,26,0.15,1.88,0.3,9,0.11,0,0
2024,169,Jalen McMillan,TB,WR,1,18,NO,19.337016574585636,18.181818181818183,35,0.17,2.11,0.53,14,0.21,3.36,0.48,18,0.17,1.5,0.65,23,0.17,2.09,0.34,12,0.17,2.17,0.88
2024,170,Ricky Pearsall,SF,WR,1,17,DET,22.58064516129032,34.48275862068966,35,0.29,4.03,0.8,13,0.38,5.46,1.32,21,0.24,3.33,0.52,23,0.35,5.04,1.03,12,0.17,2.08,0.38
2024,171,Travis Kelce,KC,TE,1,14,LAC,19.883040935672515,13.953488372093023,34,0.18,1.32,0.28,10,0,0,0,23,0.26,1.96,0.41,20,0.1,0.55,0.15,14,0.29,2.43,0.46
2024,172,DeAndre Hopkins,KC,WR,1,13,LV,26.5625,28.125,34,0.26,2.65,0.38,16,0.38,2.88,0.41,14,0.14,3.14,0.46,17,0.35,5.29,0.76,17,0.18,0,0
2024,173,Mike Evans,TB,WR,1,18,NO,19.101123595505616,24.137931034482758,34,0.41,2.62,0.53,14,0.5,3.57,0.71,16,0.31,2.44,0.49,21,0.43,3.29,0.66,13,0.38,1.54,0.31
2024,174,Tyler Boyd,TEN,WR,1,13,WAS,24.46043165467626,22.22222222222222,34,0.12,1.09,0.2,12,0.08,1.33,0.22,22,0.14,0.95,0.19,16,0.06,1,0.16,18,0.17,1.17,0.23
2024,175,George Kittle,SF,TE,1,16,MIA,23.943661971830984,23.52941176470588,34,0.24,3.12,0.55,7,0.29,2.86,0.57,25,0.24,3.44,0.58,11,0.18,4.73,0.65,23,0.26,2.35,0.5
2024,176,Tyler Conklin,NYJ,TE,1,16,LA,27.64227642276423,23.076923076923077,34,0.18,1.38,0.26,9,0.11,0.78,0.19,24,0.21,1.67,0.29,19,0.11,0.79,0.18,15,0.27,2.13,0.35
2024,177,Courtland Sutton,DEN,WR,1,16,LAC,22.818791946308725,12.82051282051282,34,0.15,1.47,0.29,2,0.5,6,1.1,32,0.13,1.19,0.24,18,0.28,2.78,0.56,16,0,0,0
2024,178,Calvin Ridley,TEN,WR,1,17,JAX,18.994413407821227,15.789473684210526,34,0.18,2.47,0.39,15,0.27,2.73,0.47,17,0.12,2.53,0.37,12,0.25,2.33,0.4,22,0.14,2.55,0.39
2024,179,Nick Westbrook-Ikhine,TEN,WR,1,17,JAX,17.801047120418847,18.51851851851852,34,0.15,1.09,0.2,15,0.2,2.47,0.45,17,0.12,0,0,13,0.15,1.92,0.35,21,0.14,0.57,0.1
2024,180,Cole Kmet,CHI,TE,1,16,DET,20.98765432098765,25,34,0.06,0.26,0.26,13,0,0,0,20,0.05,0.4,0.09,16,0,0,0,18,0.11,0.5,0.49
2024,181,Darnell Mooney,ATL,WR,1,17,WAS,23.12925170068027,16.666666666666664,34,0.12,1.09,0.17,16,0.19,2.31,0.36,18,0.06,0,0,18,0.17,2.06,0.32,16,0.06,0,0
2024,182,CeeDee Lamb,DAL,WR,1,14,CIN,30.08849557522124,20.588235294117645,34,0.21,2.74,0.63,14,0.36,3.29,1.04,19,0.11,2.47,0.35,16,0.25,3.94,0.58,18,0.17,1.67,0.67
2024,183,DeVonta Smith,PHI,WR,1,16,WAS,29.565217391304348,24.137931034482758,34,0.21,1.5,0.33,18,0.22,1.83,0.41,15,0.2,1.2,0.25,19,0.26,1.74,0.38,15,0.13,1.2,0.25
2024,184,George Pickens,PIT,WR,1,13,CIN,30.909090909090907,29.411764705882355,34,0.15,2.18,0.48,11,0.36,4.82,1.21,21,0.05,1,0.15,12,0.33,6.17,1.37,22,0.05,0,0
2024,185,Trey McBride,ARZ,TE,1,15,NE,14.592274678111588,16.129032258064516,34,0.29,2.56,0.52,11,0.27,3.36,0.61,22,0.27,2.27,0.45,22,0.32,3.59,0.63,12,0.25,0.67,0.32
2024,186,Quentin Johnston,LAC,WR,1,17,NE,20.606060606060606,15.217391304347828,34,0.21,1.41,0.29,14,0.14,0.57,0.13,17,0.29,2.35,0.47,22,0.18,0.68,0.16,12,0.25,2.75,0.53
2024,187,Michael Wilson,ARZ,WR,1,14,SEA,18.579234972677597,14.285714285714285,34,0.09,1.68,0.4,9,0.11,4.56,1.23,22,0.09,0.73,0.12,12,0.08,3.42,0.92,22,0.09,0.73,0.12
2024,188,Tre Tucker,LV,WR,1,17,NO,15.813953488372093,32,34,0.24,0.71,0.31,7,0.43,0.86,0.23,25,0.2,0.72,0.35,14,0.21,1.29,0.63,20,0.25,0.3,0.08
2024,189,Jalen Coker,CAR,WR,1,18,ATL,27.86885245901639,36.84210526315789,34,0.21,1.82,0.39,5,0.2,2.8,0.48,25,0.2,1.52,0.35,15,0.13,1.47,0.28,19,0.26,2.11,0.47
2024,190,Theo Johnson,NYG,TE,1,13,DAL,100,100,34,0.15,1.59,0.31,8,0.25,3,0.55,26,0.12,1.15,0.23,16,0.19,1.63,0.35,18,0.11,1.56,0.27
2024,191,Xavier Worthy,KC,WR,1,14,LAC,19.883040935672515,11.627906976744185,34,0.15,1.21,0.27,10,0.1,1.1,0.21,23,0.17,1.3,0.3,20,0.15,1.55,0.3,14,0.14,0.71,0.21
2024,192,Ladd McConkey,LAC,WR,1,17,NE,22.22222222222222,23.809523809523807,34,0.29,2.76,0.86,15,0.4,1.67,0.43,17,0.24,4.06,1.35,22,0.36,2.27,0.77,12,0.17,3.67,1.03
2024,193,Tyler Lockett,SEA,WR,1,16,MIN,22.758620689655174,13.333333333333334,33,0.06,0.58,0.12,8,0.13,0.25,0.15,25,0.04,0.68,0.11,8,0,0,0,25,0.08,0.76,0.16
2024,194,Tyreek Hill,MIA,WR,1,15,HST,18.333333333333332,14.583333333333334,33,0.21,1.09,0.17,6,0.67,2.5,0.42,27,0.11,0.78,0.11,15,0.33,1,0.17,18,0.11,1.17,0.17
2024,195,David Moore,CAR,WR,1,14,PHI,20.625,20.833333333333336,33,0.15,0.76,0.14,20,0.15,0.95,0.14,11,0.18,0.55,0.15,19,0.16,1,0.15,14,0.14,0.43,0.11
2024,196,D.J. Moore,CHI,WR,1,17,SEA,15.277777777777779,11.864406779661017,33,0.21,1.64,0.35,15,0.07,0.93,0.16,18,0.33,2.22,0.5,17,0.29,2.35,0.53,16,0.13,0.88,0.15
2024,197,Jakobi Meyers,LV,WR,1,13,KC,15,18.51851851851852,33,0.3,2.94,0.48,10,0.1,0,0,23,0.39,4.22,0.68,11,0.36,2.27,0.32,22,0.27,3.27,0.55
2024,198,T.J. Hockenson,MIN,TE,1,15,CHI,18.53932584269663,20.588235294117645,33,0.21,1.58,0.31,3,0.33,1.33,0.47,28,0.21,1.71,0.31,10,0.3,3.1,0.61,23,0.17,0.91,0.18
2024,199,Justin Jefferson,MIN,WR,1,14,ATL,14.473684210526317,11.864406779661017,33,0.21,4,0.98,11,0,0,0,18,0.33,6.67,1.33,16,0.06,3.25,0.76,17,0.35,4.71,1.18
2024,200,Pat Freiermuth,PIT,TE,1,17,KC,21.153846153846153,22.22222222222222,33,0.24,1.82,0.39,11,0.27,2.18,0.49,21,0.24,1.71,0.36,10,0.3,3.7,0.67,23,0.22,1,0.27
2024,201,Ja'Marr Chase,CIN,WR,1,16,CLV,12.5,10.81081081081081,33,0.24,2.94,0.66,16,0.25,3.56,0.92,17,0.24,2.35,0.41,24,0.33,4.04,0.9,9,0,0,0
2024,202,Drake London,ATL,WR,1,14,MIN,18.0327868852459,9.523809523809524,33,0.18,2.12,0.36,6,0.17,3.33,0.5,27,0.19,1.85,0.33,8,0.25,1.38,0.26,25,0.16,2.36,0.4
2024,203,Khalil Shakir,BUF,WR,1,14,LA,27.966101694915253,24.242424242424242,33,0.24,3.21,0.65,6,0.17,0,0,27,0.26,3.93,0.8,20,0.25,3.6,0.86,13,0.23,2.62,0.34
2024,204,Chig Okonkwo,TEN,TE,1,17,JAX,25.384615384615383,17.142857142857142,33,0.18,1.27,0.28,13,0.15,0.92,0.25,18,0.22,1.67,0.33,12,0.08,0,0,21,0.24,2,0.44
2024,205,Brian Thomas,JAX,WR,1,14,TEN,15.566037735849056,16.417910447761194,33,0.33,2.61,0.5,8,0.38,0.75,0.2,24,0.29,3.13,0.56,22,0.36,3.32,0.6,11,0.27,1.18,0.3
2024,206,Xavier Worthy,KC,WR,1,13,LV,19.298245614035086,16.27906976744186,33,0.21,1.64,0.32,13,0.23,1.46,0.22,19,0.21,1.84,0.39,18,0.33,2.78,0.5,15,0.07,0.27,0.09
2024,207,Ladd McConkey,LAC,WR,1,16,DEN,21.568627450980394,14.285714285714285,33,0.18,2.64,0.45,6,0.17,1.5,0.32,27,0.19,2.89,0.47,16,0.31,5,0.81,17,0.06,0.41,0.1
2024,208,Adam Thielen,CAR,WR,1,15,DAL,16.41025641025641,15.217391304347828,32,0.22,1.59,0.32,14,0.14,1.57,0.3,16,0.31,1.81,0.37,18,0.11,1.22,0.23,14,0.36,2.07,0.42
2024,209,Adam Thielen,CAR,WR,1,18,ATL,16.41025641025641,13.043478260869565,32,0.19,1.38,0.29,5,0.2,5,0.7,24,0.21,0.79,0.25,15,0.2,2.13,0.41,17,0.18,0.71,0.19
2024,210,Zach Ertz,WAS,TE,1,18,DAL,23.18840579710145,23.809523809523807,32,0.16,1.38,0.48,17,0.12,0.94,0.56,15,0.2,1.87,0.39,20,0.05,0.55,0.11,12,0.33,2.75,1.11
2024,211,Travis Kelce,KC,TE,1,15,CLV,18.71345029239766,16.27906976744186,32,0.22,0.84,0.21,19,0.21,1,0.26,13,0.23,0.62,0.14,25,0.16,0.64,0.14,7,0.43,1.57,0.44
2024,212,Travis Kelce,KC,TE,1,16,HST,18.71345029239766,16.27906976744186,32,0.22,0.94,0.25,13,0,0,0,19,0.37,1.58,0.42,23,0.22,1,0.27,9,0.22,0.78,0.19
2024,213,Tyler Lockett,SEA,WR,1,15,GB,22.06896551724138,6.666666666666667,32,0.03,0.69,0.1,3,0,0,0,29,0.03,0.76,0.11,13,0,0,0,19,0.05,1.16,0.17
2024,214,Marquez Valdes-Scantling,NO,WR,1,13,LA,20.77922077922078,12,32,0.09,1.13,0.36,2,1,18,5.8,29,0.03,0,0,15,0.2,2.4,0.77,17,0,0,0
2024,215,Marquez Valdes-Scantling,NO,WR,1,17,LV,20.77922077922078,8,32,0.06,0,0,4,0,0,0,28,0.07,0,0,22,0.09,0,0,10,0,0,0
2024,216,Courtland Sutton,DEN,WR,1,17,CIN,21.476510067114095,23.076923076923077,32,0.28,1.72,0.52,7,0.29,0.86,1.09,23,0.26,2.13,0.39,12,0.25,0.58,0.14,19,0.32,2.53,0.78
2024,217,Dalton Schultz,HST,TE,1,16,KC,24.8062015503876,28.57142857142857,32,0.25,1.41,0.48,10,0.3,1,0.8,19,0.26,1.84,0.39,15,0.27,1.13,0.65,17,0.24,1.65,0.34
2024,218,Allen Lazard,NYJ,WR,1,16,LA,22.857142857142858,31.25,32,0.16,0.63,0.13,8,0,0,0,22,0.23,0.91,0.18,18,0.06,0,0,14,0.29,1.43,0.29
2024,219,Noah Fant,SEA,TE,1,16,MIN,22.377622377622377,19.35483870967742,32,0.19,1.56,0.25,7,0,0,0,25,0.24,2,0.32,10,0.4,1.5,0.25,22,0.09,1.59,0.25
2024,220,Deebo Samuel,SF,WR,1,16,MIA,24.242424242424242,37.5,32,0.28,3,0.71,7,0.43,3,1.44,22,0.27,3.41,0.57,14,0.36,4.29,0.71,18,0.22,2,0.7
2024,221,Darnell Mooney,ATL,WR,1,14,MIN,21.768707482993197,25,32,0.19,4.44,0.63,6,0.17,8.17,0.98,26,0.19,3.58,0.55,8,0.25,9.63,1.21,24,0.17,2.71,0.44
2024,222,Tyler Johnson,LA,WR,1,18,SEA,76.19047619047619,87.5,32,0.22,1.09,0.42,14,0.36,2.5,0.96,17,0.12,0,0,15,0.27,1.73,0.77,17,0.18,0.53,0.11
2024,223,Elijah Moore,CLV,WR,1,15,KC,15.686274509803921,16.216216216216218,32,0.19,-0.03,0.06,13,0.23,-0.08,0.15,19,0.16,0,0,11,0.18,0,0,21,0.19,-0.05,0.09
2024,224,Grant Calcaterra,PHI,TE,1,16,WAS,27.586206896551722,0,32,0,0,0,18,0,0,0,14,0,0,0,19,0,0,0,13,0,0,0
2024,225,Jameson Williams,DET,WR,1,17,SF,16.3265306122449,19.047619047619047,32,0.25,1.13,0.27,6,0.17,1.33,0.3,24,0.29,1.17,0.28,24,0.29,1.17,0.28,8,0.13,1,0.23
2024,226,Alec Pierce,IND,WR,1,17,NYG,29.906542056074763,40,32,0.25,3.81,0.76,6,0.33,0,0,21,0.29,5.81,1.15,19,0.26,2.11,0.68,13,0.23,6.31,0.86
2024,227,Quentin Johnston,LAC,WR,1,18,LV,19.393939393939394,30.434782608695656,32,0.44,5.81,0.99,6,0.33,8.83,1.22,25,0.48,5.32,0.97,17,0.41,4.24,0.84,15,0.47,7.6,1.16
2024,228,Jacob Cowing,SF,WR,1,18,ARZ,68.08510638297872,66.66666666666666,32,0.06,0.94,0.16,7,0,0,0,23,0.09,1.3,0.22,15,0.07,1.07,0.17,17,0.06,0.82,0.14
2024,229,Zach Ertz,WAS,TE,1,16,PHI,22.463768115942027,9.523809523809524,31,0.06,0.39,0.07,15,0.07,0,0,14,0.07,0.86,0.16,17,0.12,0.71,0.13,14,0,0,0
2024,230,Tyler Boyd,TEN,WR,1,15,CIN,22.302158273381295,16.666666666666664,31,0.1,1.26,0.19,9,0.22,4.44,0.56,22,0.05,-0.05,0.04,10,0.1,0,0,21,0.1,1.86,0.28
2024,231,Tyler Boyd,TEN,WR,1,17,JAX,22.302158273381295,22.22222222222222,31,0.13,0.45,0.11,14,0.14,0.5,0.12,17,0.12,0.41,0.1,13,0.23,1.08,0.26,18,0.06,0,0
2024,232,George Kittle,SF,TE,1,17,DET,21.830985915492956,23.52941176470588,31,0.26,3.61,0.62,11,0.27,3.09,0.58,19,0.26,4.11,0.67,19,0.26,3.42,0.61,12,0.25,3.92,0.64
2024,233,Jonnu Smith,MIA,TE,1,18,NYJ,17.81609195402299,25.53191489361702,31,0.39,1.81,0.66,7,0.29,1.86,1.33,22,0.36,2.05,0.48,15,0.27,1.87,0.39,16,0.5,1.75,0.93
2024,234,Jordan Akins,CLV,TE,1,17,MIA,25.6198347107438,33.33333333333333,31,0.26,1.58,0.35,9,0.11,0,0,22,0.32,2.23,0.5,18,0.28,1.28,0.35,13,0.23,2,0.35
2024,235,Ray-Ray McCloud,ATL,WR,1,14,MIN,18.023255813953487,34.48275862068966,31,0.32,3.16,0.57,6,0.17,0,0,25,0.36,3.92,0.71,6,0.17,2.67,0.43,25,0.36,3.28,0.61
2024,236,D.J. Moore,CHI,WR,1,14,SF,14.351851851851851,13.559322033898304,31,0.26,1.58,0.35,3,0,0,0,27,0.3,1.81,0.4,15,0.13,1,0.23,16,0.38,2.13,0.46
2024,237,Calvin Ridley,TEN,WR,1,15,CIN,17.318435754189945,13.157894736842104,31,0.16,1.32,0.23,8,0.38,4.63,0.71,22,0.09,0.18,0.06,10,0.2,2,0.4,21,0.14,1,0.15
2024,238,Jakobi Meyers,LV,WR,1,17,NO,14.09090909090909,16.666666666666664,31,0.29,1.97,0.55,7,0.43,7.29,2.01,22,0.23,0.45,0.14,13,0.38,4.46,0.75,18,0.22,0.17,0.41
2024,239,T.J. Hockenson,MIN,TE,1,17,GB,17.415730337078653,17.647058823529413,31,0.19,2.19,0.38,3,0.33,3.67,0.7,28,0.18,2.04,0.35,17,0.12,0.65,0.12,14,0.29,4.07,0.69
2024,240,Terry McLaurin,WAS,WR,1,13,TEN,17.81609195402299,19.51219512195122,31,0.26,2.35,0.88,8,0.25,1.5,1.15,23,0.26,2.65,0.79,13,0.15,1.92,0.35,18,0.33,2.67,1.27
2024,241,Juwan Johnson,NO,TE,1,17,LV,17.51412429378531,30.303030303030305,31,0.32,2.13,0.41,5,0.6,3.2,0.52,26,0.27,1.92,0.38,20,0.4,1.75,0.38,11,0.18,2.82,0.46
2024,242,Nick Westbrook-Ikhine,TEN,WR,1,16,IND,16.230366492146597,11.11111111111111,31,0.1,0.55,0.31,4,0.25,2.75,0.53,25,0.04,0,0,17,0.12,0.65,0.12,14,0.07,0.43,0.54
2024,243,Tee Higgins,CIN,WR,1,15,TEN,13.963963963963963,16.3265306122449,31,0.26,2.84,0.64,6,0.17,0,0,22,0.32,4,0.9,8,0.13,0,0,23,0.3,3.83,0.86
2024,244,Nico Collins,HST,WR,1,13,JAX,23.134328358208954,28.205128205128204,31,0.35,3.84,0.64,13,0.46,4.15,0.65,17,0.29,3.82,0.68,21,0.43,3.9,0.68,10,0.2,3.7,0.57
2024,245,Pat Freiermuth,PIT,TE,1,18,CIN,19.871794871794872,27.77777777777778,31,0.32,2.74,0.73,3,0,0,0,28,0.36,3.04,0.8,10,0.1,0.3,0.13,21,0.43,3.9,1.01
2024,246,Amon-Ra St. Brown,DET,WR,1,13,CHI,15.121951219512194,12.727272727272727,31,0.23,2.35,0.4,5,0.2,0,0,23,0.26,3.17,0.53,22,0.27,3.05,0.49,9,0.11,0.67,0.18
2024,247,Amon-Ra St. Brown,DET,WR,1,17,SF,15.121951219512194,18.181818181818183,31,0.32,1.94,0.65,7,0,0,0,22,0.41,2.55,0.57,23,0.3,2.13,0.43,8,0.38,1.38,1.26
2024,248,Trey McBride,ARZ,TE,1,18,SF,13.304721030042918,17.741935483870968,31,0.35,2.1,0.63,9,0.33,0.44,0.93,22,0.36,2.77,0.5,18,0.33,1,0.6,13,0.38,3.62,0.67
2024,249,Demario Douglas,NE,WR,1,17,LAC,25.833333333333336,25,31,0.16,1.48,0.47,10,0,0,0,21,0.24,2.19,0.7,16,0.19,-0.06,0.12,15,0.13,3.13,0.85
2024,250,Sam LaPorta,DET,TE,1,14,GB,16.145833333333336,15.909090909090908,31,0.23,1.74,0.34,6,0.17,1,0.27,25,0.24,1.92,0.35,13,0.31,1.46,0.3,18,0.17,1.94,0.36
2024,251,Puka Nacua,LA,WR,1,17,ARZ,25.203252032520325,25.49019607843137,31,0.42,4.16,0.74,6,0.5,2.67,0.6,22,0.41,5.14,0.88,17,0.47,3.82,0.74,14,0.36,4.57,0.74
2024,252,Ainias Smith,PHI,WR,1,18,NYG,100,100,31,0.19,1.13,0.44,16,0.19,0.75,0.2,14,0.21,1.64,0.74,27,0.19,1.3,0.5,4,0.25,0,0
2024,253,Marvin Harrison,ARZ,WR,1,18,SF,13.963963963963963,12,31,0.19,2.03,0.56,10,0.2,2.6,1.06,21,0.19,1.76,0.32,20,0.2,2.15,0.36,11,0.18,1.82,0.91
2024,254,Ladd McConkey,LAC,WR,1,15,TB,20.26143790849673,16.666666666666664,31,0.23,1.87,0.54,4,0.5,3.25,0.57,26,0.15,1.46,0.26,23,0.17,2.22,0.4,8,0.38,0.88,0.96
2024,255,Ladd McConkey,LAC,WR,1,18,LV,20.26143790849673,16.666666666666664,31,0.23,3.06,0.47,6,0,0,0,24,0.29,3.96,0.6,16,0.25,4.44,0.63,15,0.2,1.6,0.29
2024,256,Rome Odunze,CHI,WR,1,16,DET,17.415730337078653,23.333333333333332,31,0.23,2.48,0.38,14,0.43,5.5,0.84,17,0.06,0,0,14,0.29,4.14,0.63,17,0.18,1.12,0.17
2024,257,Adam Thielen,CAR,WR,1,17,TB,15.384615384615385,13.043478260869565,30,0.2,3.67,0.93,3,0.33,10.33,1.37,25,0.16,2.4,0.84,17,0.24,3.12,0.49,13,0.15,4.38,1.52
2024,258,Keenan Allen,CHI,WR,1,15,MIN,15.228426395939088,30.434782608695656,30,0.47,2.73,0.67,7,0.43,0,0,22,0.5,3.73,0.92,13,0.23,0.31,0.11,17,0.65,4.59,1.11
2024,259,Mike Evans,TB,WR,1,13,CAR,16.853932584269664,20.689655172413794,30,0.4,3.93,0.86,8,0.13,2.63,0.39,21,0.48,4.52,0.74,20,0.45,4.3,0.68,10,0.3,3.2,1.22
2024,260,Hunter Henry,NE,TE,1,13,IND,31.914893617021278,42.857142857142854,30,0.3,2.5,0.48,4,0.25,3,0.55,22,0.23,1.95,0.38,22,0.36,3,0.57,8,0.13,1.13,0.24
2024,261,George Kittle,SF,TE,1,15,LA,21.12676056338028,20.588235294117645,30,0.23,2.03,0.34,8,0.38,1.25,0.25,20,0.2,2.55,0.4,15,0.27,0.67,0.13,15,0.2,3.4,0.54
2024,262,Jonnu Smith,MIA,TE,1,14,NYJ,17.24137931034483,8.51063829787234,30,0.13,1.47,0.45,8,0,0,0,22,0.18,2,0.61,17,0.24,2.59,0.79,13,0,0,0
2024,263,Jonnu Smith,MIA,TE,1,15,HST,17.24137931034483,23.404255319148938,30,0.37,1.6,0.66,7,0.29,0,0.29,23,0.39,2.09,0.77,15,0.33,0.8,0.75,15,0.4,2.4,0.57
2024,264,Calvin Ridley,TEN,WR,1,14,JAX,16.75977653631285,28.947368421052634,30,0.37,1.97,0.4,12,0.42,2.83,0.45,13,0.31,1.77,0.41,15,0.27,2.13,0.35,15,0.47,1.8,0.45
2024,265,Calvin Ridley,TEN,WR,1,16,IND,16.75977653631285,13.157894736842104,30,0.17,2.6,0.56,3,0.33,0,0,25,0.12,3.12,0.67,16,0.25,3.56,0.86,14,0.07,1.5,0.22
2024,266,Terry McLaurin,WAS,WR,1,18,DAL,17.24137931034483,29.268292682926827,30,0.4,2.07,0.67,17,0.29,1.71,0.76,13,0.54,2.54,0.56,21,0.33,1.62,0.35,9,0.56,3.11,1.42
2024,267,Juwan Johnson,NO,TE,1,13,LA,16.94915254237288,18.181818181818183,30,0.2,1.2,0.29,3,0,0,0,27,0.22,1.33,0.32,15,0.27,1.8,0.38,15,0.13,0.6,0.19
2024,268,Jauan Jennings,SF,WR,1,15,LA,18.9873417721519,17.391304347826086,30,0.27,1.03,0.17,8,0.38,2.25,0.35,20,0.25,0.65,0.11,14,0.29,1.29,0.2,16,0.25,0.81,0.14
2024,269,Rashod Bateman,BLT,WR,1,18,CLV,29.411764705882355,43.75,30,0.23,2.53,0.62,20,0.2,2.25,0.38,9,0.33,3.44,1.23,25,0.24,2.08,0.61,5,0.2,4.8,0.68
2024,270,Tutu Atwell,LA,WR,1,18,SEA,40.54054054054054,47.05882352941176,30,0.27,1.23,0.29,10,0.6,1.5,0.55,19,0.11,1.16,0.17,11,0.36,0.55,0.24,19,0.21,1.63,0.32
2024,271,Amon-Ra St. Brown,DET,WR,1,14,GB,14.634146341463413,10.909090909090908,30,0.2,1.43,0.31,5,0.2,0,0,25,0.2,1.72,0.37,14,0.29,2.21,0.44,16,0.13,0.75,0.2
2024,272,Elijah Moore,CLV,WR,1,18,BLT,14.705882352941178,13.513513513513514,30,0.17,1.2,0.22,13,0.15,1,0.25,16,0.19,1.44,0.21,20,0.15,1.55,0.26,10,0.2,0.5,0.15
2024,273,Josh Palmer,LAC,WR,1,14,KC,24.193548387096776,37.5,30,0.3,2.6,0.46,9,0.33,1.78,0.4,21,0.29,2.95,0.49,9,0.11,0,0,21,0.38,3.71,0.66
2024,274,John Metchie,HST,WR,1,17,BLT,35.294117647058826,41.17647058823529,30,0.23,1.6,0.33,11,0.36,2.82,0.55,18,0.17,0.94,0.21,22,0.18,1.41,0.28,8,0.38,2.13,0.46
2024,275,Calvin Austin,PIT,WR,1,18,CIN,20.408163265306122,5,30,0.03,0,0,3,0.33,0,0,27,0,0,0,11,0.09,0,0,19,0,0,0
2024,276,Parker Washington,JAX,WR,1,14,TEN,14.634146341463413,6.0606060606060606,30,0.07,0.5,0.12,7,0.14,1,0.24,22,0.05,0.36,0.08,18,0.06,0.39,0.09,12,0.08,0.67,0.15
2024,277,Andrei Iosivas,CIN,WR,1,13,PIT,15.07537688442211,17.391304347826086,30,0.13,1.17,0.42,13,0.15,0.23,0.56,16,0.13,2,0.33,18,0.06,0,0,12,0.25,2.92,1.04
2024,278,Tank Dell,HST,WR,1,13,JAX,40,25,30,0.1,0.77,0.11,13,0.15,0,0,16,0.06,1.44,0.21,21,0.1,0,0,9,0.11,2.56,0.37
2024,279,Sam LaPorta,DET,TE,1,17,SF,15.625,18.181818181818183,30,0.27,2.13,0.61,7,0.43,3.29,0.61,21,0.19,1.67,0.31,24,0.21,2,0.33,6,0.5,2.67,1.77
2024,280,Jalen Coker,CAR,WR,1,15,DAL,24.59016393442623,31.57894736842105,30,0.2,3.67,0.7,13,0.31,7.85,1.48,15,0.13,0.53,0.12,16,0.19,6.38,1.2,14,0.21,0.57,0.13
2024,281,Jalen Coker,CAR,WR,1,16,ARZ,24.59016393442623,21.052631578947366,30,0.13,0.27,0.09,12,0.17,0,0,16,0.13,0.5,0.17,13,0.15,0.62,0.22,17,0.12,0,0
2024,282,Marvin Harrison,ARZ,WR,1,15,NE,13.513513513513514,12,30,0.2,1.07,0.17,10,0.4,2.3,0.33,20,0.1,0.45,0.1,20,0.15,1.15,0.16,10,0.3,0.9,0.19
2024,283,Jalen McMillan,TB,WR,1,13,CAR,16.574585635359114,9.090909090909092,30,0.1,0.83,0.15,8,0.13,0,0,22,0.09,1.14,0.2,21,0.1,1.05,0.15,9,0.11,0.33,0.14
2024,284,Xavier Worthy,KC,WR,1,17,PIT,17.543859649122805,20.930232558139537,30,0.3,2.63,0.73,12,0.25,1.17,0.28,18,0.33,3.61,1.03,21,0.33,3.52,0.97,9,0.22,0.56,0.17
2024,285,Keenan Allen,CHI,WR,1,14,SF,14.720812182741117,10.869565217391305,29,0.17,1.03,0.21,3,0,0,0,25,0.2,1.2,0.24,15,0.27,2,0.4,14,0.07,0,0
2024,286,Travis Kelce,KC,TE,1,17,PIT,16.95906432748538,23.25581395348837,29,0.34,2.9,0.77,10,0.3,2.9,0.49,19,0.37,2.89,0.92,20,0.3,2.75,0.47,9,0.44,3.22,1.43
2024,287,Sterling Shepard,TB,WR,1,18,NO,26.126126126126124,10.526315789473683,29,0.07,0.38,0.07,13,0.08,0,0,14,0.07,0.79,0.15,21,0.05,0,0,8,0.13,1.38,0.26
2024,288,Tyreek Hill,MIA,WR,1,17,CLV,16.11111111111111,18.75,29,0.31,3.62,0.67,10,0.2,2.3,0.43,19,0.37,4.32,0.8,17,0.35,4.71,0.82,12,0.25,2.08,0.46
2024,289,Evan Engram,JAX,TE,1,14,TEN,43.93939393939394,38.46153846153847,29,0.17,1.14,0.25,7,0.14,1,0.24,21,0.19,1.24,0.27,19,0.16,0.95,0.2,10,0.2,1.5,0.35
2024,290,Tyler Conklin,NYJ,TE,1,13,SEA,23.577235772357724,19.230769230769234,29,0.17,1.1,0.25,10,0,0,0,17,0.29,1.88,0.42,12,0.25,0.58,0.23,17,0.12,1.47,0.26
2024,291,Courtland Sutton,DEN,WR,1,13,CLV,19.463087248322147,23.076923076923077,29,0.31,3.52,0.56,7,0.29,2.43,0.39,22,0.32,3.86,0.61,15,0.47,3.4,0.61,14,0.14,3.64,0.51
2024,292,Courtland Sutton,DEN,WR,1,15,IND,19.463087248322147,23.076923076923077,29,0.31,1.1,0.42,7,0.43,3.57,1.5,22,0.27,0.32,0.08,16,0.44,2,0.76,13,0.15,0,0
2024,293,Dalton Schultz,HST,TE,1,17,BLT,22.48062015503876,21.428571428571427,29,0.21,0.72,0.14,12,0.25,0,0,17,0.18,1.24,0.24,21,0.24,1,0.2,8,0.13,0,0
2024,294,Allen Lazard,NYJ,WR,1,18,MIA,20.714285714285715,18.75,29,0.1,2.45,0.56,9,0.22,3.11,1.2,15,0.07,2.87,0.35,10,0.1,1.5,0.25,19,0.11,2.95,0.72
2024,295,D.J. Moore,CHI,WR,1,18,GB,13.425925925925927,16.94915254237288,29,0.34,2.97,0.81,4,0.5,4,0.9,24,0.29,2.17,0.72,17,0.41,3.06,0.72,12,0.25,2.83,0.95
2024,296,CeeDee Lamb,DAL,WR,1,13,NYG,25.663716814159294,17.647058823529413,29,0.21,1.34,0.2,12,0.17,1.42,0.23,15,0.27,1.47,0.21,17,0.12,1,0.16,12,0.33,1.83,0.27
2024,297,Nico Collins,HST,WR,1,17,BLT,21.641791044776117,15.384615384615385,29,0.21,2.03,0.31,9,0.22,3.33,0.44,19,0.21,1.53,0.26,19,0.26,3.11,0.47,10,0.1,0,0
2024,298,Dyami Brown,WAS,WR,1,16,PHI,30.526315789473685,29.411764705882355,29,0.17,1.93,0.33,11,0.18,4.64,0.55,16,0.19,0.31,0.22,13,0.23,4.31,0.58,16,0.13,0,0.13
2024,299,Amon-Ra St. Brown,DET,WR,1,16,CHI,14.146341463414632,14.545454545454545,29,0.28,2.41,0.66,3,0.67,2.67,2.6,26,0.23,2.38,0.43,18,0.22,3,0.47,11,0.36,1.45,0.96
2024,300,Amon-Ra St. Brown,DET,WR,1,18,MIN,14.146341463414632,12.727272727272727,29,0.24,2.66,0.47,7,0.29,4.43,0.73,21,0.24,2.19,0.41,9,0.22,2.56,0.48,20,0.25,2.7,0.47
2024,301,Elijah Moore,CLV,WR,1,16,CIN,14.215686274509803,13.513513513513514,29,0.17,0.72,0.14,8,0.13,0,0,19,0.16,1.11,0.22,14,0.21,0,0,15,0.13,1.4,0.27
2024,302,Elijah Moore,CLV,WR,1,17,MIA,14.215686274509803,10.81081081081081,29,0.14,0.03,0.04,4,0.25,0,0,24,0.13,0.04,0.05,13,0.08,0,0,16,0.19,0.06,0.07
2024,303,Jameson Williams,DET,WR,1,14,GB,14.795918367346939,19.047619047619047,29,0.28,2.76,0.45,5,0.4,1.4,0.34,24,0.25,3.04,0.47,11,0.36,4.36,0.62,18,0.22,1.78,0.34
2024,304,Jameson Williams,DET,WR,1,18,MIN,14.795918367346939,16.666666666666664,29,0.24,1.17,0.32,7,0,0,0,22,0.32,1.55,0.43,12,0.25,1.25,0.29,17,0.24,1.12,0.35
2024,305,Khalil Shakir,BUF,WR,1,16,NE,24.576271186440678,18.181818181818183,29,0.21,0.76,0.14,20,0.2,0.6,0.11,9,0.22,1.11,0.22,22,0.23,0.55,0.1,7,0.14,1.43,0.29
2024,306,Garrett Wilson,NYJ,WR,1,17,BUF,13.063063063063062,17.391304347826086,29,0.28,2.28,0.68,3,0.67,3,2.63,25,0.24,2.28,0.47,5,0,0,0,24,0.33,2.75,0.82
2024,307,Jahan Dotson,PHI,WR,1,16,WAS,21.16788321167883,0,29,0,0,0,17,0,0,0,12,0,0,0,17,0,0,0,12,0,0,0
2024,308,Chig Okonkwo,TEN,TE,1,16,IND,22.30769230769231,25.71428571428571,29,0.31,2.79,0.59,4,0,0,0,24,0.38,3.38,0.71,15,0.13,0.73,0.21,14,0.5,5,1
2024,309,Cade Otton,TB,TE,1,13,CAR,39.189189189189186,50,29,0.24,0.69,0.21,7,0.29,1,0.24,22,0.23,0.59,0.2,19,0.26,0.42,0.15,10,0.2,1.2,0.32
2024,310,Tre Tucker,LV,WR,1,18,LAC,13.488372093023257,16,29,0.14,0.83,0.19,3,0,0,0,26,0.15,0.92,0.21,8,0.38,2.13,0.46,21,0.05,0.33,0.08
2024,311,Brock Bowers,LV,TE,1,17,NO,13.24200913242009,12.962962962962962,29,0.24,2.66,0.51,7,0,0,0,20,0.35,3.85,0.73,13,0.31,4,0.71,16,0.19,1.56,0.34
2024,312,Keon Coleman,BUF,WR,1,18,NE,31.868131868131865,45,29,0.31,1.07,0.18,20,0.35,1.55,0.26,8,0.25,0,0,23,0.35,1.35,0.22,6,0.17,0,0
2024,313,Rome Odunze,CHI,WR,1,17,SEA,16.292134831460675,13.333333333333334,29,0.14,0.52,0.09,13,0.15,0,0,16,0.13,0.94,0.16,14,0.07,0,0,15,0.2,1,0.17
2024,314,DeAndre Hopkins,KC,WR,1,14,LAC,21.875,28.125,28,0.32,1.14,0.47,9,0.44,1.11,0.22,18,0.22,0.72,0.18,16,0.44,1.44,0.33,12,0.17,0.75,0.66
2024,315,DeAndre Hopkins,KC,WR,1,16,HST,21.875,12.5,28,0.14,1.32,0.28,14,0.14,1.57,0.3,14,0.14,1.07,0.25,19,0.16,1.58,0.32,9,0.11,0.78,0.19
2024,316,Brandin Cooks,DAL,WR,1,16,TB,20.437956204379564,9.375,28,0.11,1.71,0.28,4,0,0,0,22,0.14,2.18,0.35,18,0.17,2.67,0.43,10,0,0,0
2024,317,Mike Evans,TB,WR,1,14,LV,15.730337078651685,8.620689655172415,28,0.18,2.46,0.39,8,0.13,1.88,0.31,19,0.21,2.84,0.44,11,0.27,4.27,0.61,17,0.12,1.29,0.25
2024,318,Mike Evans,TB,WR,1,17,CAR,15.730337078651685,15.517241379310345,28,0.32,3.46,1.06,2,0.5,5,1,23,0.26,3.65,0.58,17,0.24,2.65,0.44,11,0.45,4.73,2.02
2024,319,Mack Hollins,BUF,WR,1,18,NE,24.778761061946902,21.052631578947366,28,0.14,0.89,0.2,20,0.15,0.6,0.16,7,0.14,1.86,0.33,23,0.17,1.09,0.24,5,0,0,0
2024,320,David Moore,CAR,WR,1,16,ARZ,17.5,12.5,28,0.11,1.39,0.42,13,0.08,1.38,0.68,13,0.15,1.62,0.24,13,0,0,0,15,0.2,2.6,0.79
2024,321,Marquez Valdes-Scantling,NO,WR,1,14,NYG,18.181818181818183,28.000000000000004,28,0.25,1.82,0.33,4,0.25,5.5,0.8,24,0.25,1.21,0.25,16,0.31,2.75,0.46,12,0.17,0.58,0.14
2024,322,Allen Lazard,NYJ,WR,1,15,JAX,20,25,28,0.14,0,0,19,0.05,0,0,8,0.38,0,0,12,0.17,0,0,16,0.13,0,0
2024,323,Darius Slayton,NYG,WR,1,16,ATL,18.064516129032256,11.11111111111111,28,0.07,0.75,0.11,8,0,0,0,17,0.06,1.24,0.18,13,0.08,1.62,0.24,15,0.07,0,0
2024,324,DK Metcalf,SEA,WR,1,13,NYJ,16.091954022988507,27.27272727272727,28,0.32,2.36,0.38,8,0.75,4.13,0.66,20,0.15,1.65,0.27,11,0.45,3,0.48,17,0.24,1.94,0.31
2024,325,Noah Fant,SEA,TE,1,15,GB,19.58041958041958,22.58064516129032,28,0.25,0.54,0.16,4,0.25,0,0,24,0.25,0.63,0.19,17,0.18,0.59,0.18,11,0.36,0.45,0.14
2024,326,Juwan Johnson,NO,TE,1,16,GB,15.819209039548024,6.0606060606060606,28,0.07,0.96,0.17,0,0,0,0,26,0.08,1.04,0.18,16,0.06,1.06,0.17,12,0.08,0.83,0.17
2024,327,Tee Higgins,CIN,WR,1,16,CLV,12.612612612612612,22.448979591836736,28,0.39,2.07,0.71,14,0.43,1.57,0.87,14,0.36,2.57,0.54,20,0.4,1.5,0.7,8,0.38,3.5,0.72
2024,328,Van Jefferson,PIT,WR,1,16,BLT,22.04724409448819,21.428571428571427,28,0.11,0.96,0.17,11,0.09,0,0,17,0.12,1.59,0.28,16,0.13,0.38,0.1,12,0.08,1.75,0.26
2024,329,Nico Collins,HST,WR,1,15,MIA,20.8955223880597,15.384615384615385,28,0.21,0.61,0.63,3,0.33,0,0,22,0.14,0.23,0.11,10,0.2,0,0,18,0.22,0.94,0.98
2024,330,Pat Freiermuth,PIT,TE,1,16,BLT,17.94871794871795,8.333333333333332,28,0.11,0.57,0.16,8,0.13,0.63,0.19,20,0.1,0.55,0.15,15,0.13,0.8,0.21,13,0.08,0.31,0.11
2024,331,Kyle Pitts,ATL,TE,1,18,CAR,20.588235294117645,9.523809523809524,28,0.07,0.54,0.13,4,0,0,0,23,0.09,0.65,0.15,17,0.06,0.35,0.09,11,0.09,0.82,0.17
2024,332,Josh Palmer,LAC,WR,1,15,TB,22.58064516129032,12.5,28,0.11,0.36,0.11,3,0.33,0,0,24,0.08,0.42,0.13,19,0.16,0.53,0.16,9,0,0,0
2024,333,Romeo Doubs,GB,WR,1,17,MIN,41.17647058823529,55.55555555555556,28,0.36,2.07,0.46,16,0.38,2.44,0.56,12,0.33,1.58,0.33,21,0.43,2.14,0.5,7,0.14,1.86,0.33
2024,334,Quentin Johnston,LAC,WR,1,16,DEN,16.969696969696972,10.869565217391305,28,0.18,0.64,0.17,5,0.2,1.2,0.32,23,0.17,0.52,0.14,14,0.07,0,0,14,0.29,1.29,0.34
2024,335,Kayshon Boutte,NE,WR,1,17,LAC,19.58041958041958,16.666666666666664,28,0.18,1,0.24,8,0.13,0.88,0.21,20,0.2,1.05,0.26,15,0.13,0.8,0.21,13,0.23,1.23,0.28
2024,336,Xavier Hutchinson,HST,WR,1,17,BLT,38.35616438356164,50,28,0.14,0.75,0.15,12,0,0,0,15,0.27,1.4,0.27,21,0.1,0.38,0.09,7,0.29,1.86,0.33
2024,337,Andrei Iosivas,CIN,WR,1,14,DAL,14.07035175879397,21.73913043478261,28,0.18,1.46,0.29,11,0,0,0,17,0.29,2.41,0.48,17,0.18,0.71,0.19,11,0.18,2.64,0.45
2024,338,Andrei Iosivas,CIN,WR,1,15,TEN,14.07035175879397,17.391304347826086,28,0.14,0.18,0.05,3,0,0,0,23,0.17,0.22,0.07,6,0.17,0,0,22,0.14,0.23,0.07
2024,339,Brenton Strange,JAX,TE,1,18,IND,23.931623931623932,16.666666666666664,28,0.14,2.14,0.36,7,0,0,0,19,0.21,3.16,0.53,13,0.08,0.92,0.17,15,0.2,3.2,0.52
2024,340,Jordan Addison,MIN,WR,1,14,ATL,13.023255813953488,22.22222222222222,28,0.36,4.75,1.4,10,0.1,4.2,0.52,14,0.43,4.64,1.18,15,0.2,6.8,1.68,13,0.54,2.38,1.08
2024,341,Zay Flowers,BLT,WR,1,15,NYG,24.778761061946902,24.137931034482758,28,0.25,1.89,0.4,7,0.14,1.14,0.26,21,0.29,2.14,0.45,23,0.22,1.43,0.32,5,0.4,4,0.8
2024,342,Sam LaPorta,DET,TE,1,13,CHI,14.583333333333334,13.636363636363635,28,0.21,0.21,0.56,5,0.6,0.8,2.88,20,0.15,0.1,0.06,19,0.21,0.11,0.06,9,0.22,0.44,1.6
2024,343,Michael Mayer,LV,TE,1,14,TB,21.374045801526716,45,28,0.32,2.43,0.49,2,0,0,0,24,0.38,2.83,0.58,21,0.29,2.48,0.44,7,0.43,2.29,0.66
2024,344,Michael Mayer,LV,TE,1,15,ATL,21.374045801526716,10,28,0.07,0.39,0.07,7,0,0,0,20,0.1,0.55,0.11,8,0,0,0,20,0.1,0.55,0.11
2024,345,Jalen Coker,CAR,WR,1,17,TB,22.950819672131146,10.526315789473683,28,0.07,1.25,0.2,2,0.5,7.5,1.25,24,0.04,0.83,0.13,15,0.07,1,0.17,13,0.08,1.54,0.23
2024,346,Rome Odunze,CHI,WR,1,14,SF,15.730337078651685,16.666666666666664,28,0.18,1.5,0.72,3,0,0,0,24,0.17,1.58,0.53,13,0.08,0.54,0.13,15,0.27,2.33,1.23
2024,347,Rome Odunze,CHI,WR,1,15,MIN,15.730337078651685,20,28,0.21,1.39,0.21,7,0.29,0,0,20,0.15,1.95,0.3,10,0.3,2.9,0.39,18,0.17,0.56,0.11
2024,348,Adam Thielen,CAR,WR,1,16,ARZ,13.846153846153847,13.043478260869565,27,0.22,1.59,0.57,10,0.4,3.4,0.64,15,0.07,0.07,0.07,12,0.33,2.83,0.53,15,0.13,0.6,0.59
2024,349,Zach Ertz,WAS,TE,1,13,TEN,19.565217391304348,23.809523809523807,27,0.19,1.3,0.46,8,0.25,3.63,1.36,19,0.16,0.32,0.08,9,0.11,2.78,0.39,18,0.22,0.56,0.5
2024,350,Hunter Henry,NE,TE,1,16,BUF,28.723404255319153,33.33333333333333,27,0.26,1.44,0.51,12,0.33,0.67,0.15,13,0.15,1.69,0.32,16,0.31,1.25,0.25,11,0.18,1.73,0.9
2024,351,Curtis Samuel,BUF,WR,1,18,NE,40.909090909090914,61.53846153846154,27,0.3,1.93,0.45,19,0.16,1.21,0.28,7,0.71,4.14,0.99,22,0.23,1.55,0.38,5,0.6,3.6,0.76
2024,352,Kendrick Bourne,NE,WR,1,16,BUF,27.27272727272727,14.285714285714285,27,0.07,0.67,0.14,14,0,0,0,12,0.17,1.5,0.32,17,0.06,0.53,0.11,10,0.1,0.9,0.19
2024,353,Josh Reynolds,JAX,WR,1,18,IND,34.177215189873415,60,27,0.11,0.41,0.08,8,0.25,1.38,0.26,18,0,0,0,13,0.15,0.85,0.16,14,0.07,0,0
2024,354,Tyler Conklin,NYJ,TE,1,14,MIA,21.951219512195124,15.384615384615385,27,0.15,1.22,0.23,4,0,0,0,21,0.14,1,0.2,9,0.33,2.44,0.47,18,0.06,0.61,0.12
2024,355,Tyler Conklin,NYJ,TE,1,17,BUF,21.951219512195124,30.76923076923077,27,0.3,2.11,0.73,4,0.25,5,2.25,23,0.3,1.61,0.47,4,0.25,5,2.25,23,0.3,1.61,0.47
2024,356,Mark Andrews,BLT,TE,1,13,PHI,26.47058823529412,28.000000000000004,27,0.26,2.48,0.69,3,0,0,0,23,0.3,2.91,0.81,12,0.17,2.5,0.92,15,0.33,2.47,0.51
2024,357,Olamide Zaccheaus,WAS,WR,1,16,PHI,21.6,27.586206896551722,27,0.3,2.59,0.89,10,0.3,4.9,1.19,14,0.21,1.21,0.34,13,0.23,3.77,0.92,14,0.36,1.5,0.86
2024,358,Olamide Zaccheaus,WAS,WR,1,18,DAL,21.6,17.24137931034483,27,0.19,1.89,0.26,14,0.07,2.07,0.28,13,0.31,1.69,0.25,16,0.19,3.19,0.44,11,0.18,0,0
2024,359,T.J. Hockenson,MIN,TE,1,16,SEA,15.168539325842698,11.76470588235294,27,0.15,1,0.17,4,0.25,4.75,0.72,22,0.14,0.36,0.08,9,0.22,0.89,0.2,18,0.11,1.06,0.16
2024,360,Darius Slayton,NYG,WR,1,13,DAL,17.419354838709676,27.77777777777778,27,0.19,0.3,0.1,8,0,0,0,19,0.26,0.42,0.15,16,0.25,0.5,0.17,11,0.09,0,0
2024,361,Dawson Knox,BUF,TE,1,14,LA,30,10,27,0.04,0.19,0.06,5,0,0,0,22,0.05,0.23,0.07,15,0,0,0,12,0.08,0.42,0.13
2024,362,Deebo Samuel,SF,WR,1,15,LA,20.454545454545457,29.166666666666668,27,0.26,0.59,0.17,7,0.14,0,0,18,0.33,0.89,0.26,14,0.14,0.43,0.11,13,0.38,0.77,0.23
2024,363,Juwan Johnson,NO,TE,1,15,WAS,15.254237288135593,9.090909090909092,27,0.11,0.44,0.12,7,0.14,0.43,0.19,19,0.11,0.47,0.1,18,0.11,0.67,0.18,9,0.11,0,0
2024,364,Nick Westbrook-Ikhine,TEN,WR,1,14,JAX,14.136125654450263,7.4074074074074066,27,0.07,0.7,0.11,10,0.1,1.9,0.29,12,0,0,0,14,0.07,1.36,0.21,13,0.08,0,0
2024,365,Nick Westbrook-Ikhine,TEN,WR,1,18,HST,14.136125654450263,25.925925925925924,27,0.26,1.85,0.33,7,0,0,0,19,0.37,2.63,0.47,14,0.07,0,0,13,0.46,3.85,0.69
2024,366,Cole Kmet,CHI,TE,1,14,SF,16.666666666666664,0,27,0,0,0,3,0,0,0,23,0,0,0,13,0,0,0,14,0,0,0
2024,367,Devin Duvernay,JAX,WR,1,13,HST,28.125,30.76923076923077,27,0.15,0.85,0.16,9,0.11,0.56,0.17,17,0.18,1.06,0.16,19,0.16,0.26,0.08,8,0.13,2.25,0.35
2024,368,Kevin Austin,NO,WR,1,17,LV,17.763157894736842,10.526315789473683,27,0.07,0.85,0.12,5,0,0,0,22,0.09,1.05,0.15,21,0.1,1.1,0.16,6,0,0,0
2024,369,Calvin Austin,PIT,WR,1,16,BLT,18.367346938775512,25,27,0.19,2.41,0.39,10,0.2,1.5,0.35,17,0.18,2.94,0.41,16,0.25,4.06,0.66,11,0.09,0,0
2024,370,Wan'Dale Robinson,NYG,WR,1,15,BLT,13.705583756345177,16.3265306122449,27,0.3,1.41,0.29,11,0.45,0.64,0.25,13,0.23,2.38,0.39,13,0.46,2.46,0.48,14,0.14,0.43,0.11
2024,371,Quentin Johnston,LAC,WR,1,14,KC,16.363636363636363,15.217391304347828,27,0.26,1.78,0.59,8,0.25,0.38,0.29,19,0.26,2.37,0.71,10,0.5,2.8,1.28,17,0.12,1.18,0.18
2024,372,Michael Wilson,ARZ,WR,1,15,NE,14.754098360655737,9.523809523809524,27,0.07,0.33,0.11,11,0,0,0,16,0.13,0.56,0.18,19,0.11,0.47,0.15,8,0,0,0
2024,373,Demario Douglas,NE,WR,1,13,IND,22.5,20,27,0.15,0.74,0.22,4,0.25,0.75,0.33,19,0.16,0.89,0.25,17,0.06,0.18,0.08,10,0.3,1.7,0.47
2024,374,Puka Nacua,LA,WR,1,14,BUF,21.951219512195124,27.450980392156865,27,0.52,6,1.27,8,0.63,7.25,1.98,18,0.44,5.78,1.02,19,0.47,5.47,0.97,8,0.63,7.25,1.98
2024,375,Jalen McMillan,TB,WR,1,14,LV,14.917127071823206,18.181818181818183,27,0.22,2.19,0.81,7,0.57,5,1.64,19,0.11,1.26,0.55,12,0.25,0.5,0.13,15,0.2,3.53,1.35
2024,376,Jalen McMillan,TB,WR,1,17,CAR,14.917127071823206,15.151515151515152,27,0.19,1.89,0.82,3,0.33,3,0.63,22,0.14,1.86,0.87,14,0.21,2.43,0.89,13,0.15,1.31,0.75
2024,377,Malik Washington,MIA,WR,1,18,NYJ,18.88111888111888,20,27,0.19,1.78,0.33,9,0.11,1.33,0.24,18,0.22,2,0.37,13,0.15,2.46,0.4,14,0.21,1.14,0.26
2024,378,Sterling Shepard,TB,WR,1,13,CAR,23.423423423423422,36.84210526315789,26,0.27,1.62,0.32,6,0.5,0.83,0.25,20,0.2,1.85,0.34,18,0.33,2.33,0.46,8,0.13,0,0
2024,379,Demarcus Robinson,LA,WR,1,17,ARZ,19.11764705882353,8.333333333333332,26,0.04,0,0,5,0,0,0,19,0.05,0,0,16,0.06,0,0,10,0,0,0
2024,380,Kendrick Bourne,NE,WR,1,13,IND,26.262626262626267,21.428571428571427,26,0.12,1.5,0.27,3,0,0,0,19,0.16,2.05,0.36,16,0.13,1.31,0.26,10,0.1,1.8,0.28
2024,381,Mack Hollins,BUF,WR,1,14,LA,23.008849557522122,31.57894736842105,26,0.23,2.19,0.6,4,0.25,5.25,2.27,22,0.23,1.64,0.3,14,0.29,3.5,0.99,12,0.17,0.67,0.15
2024,382,JuJu Smith-Schuster,KC,WR,1,13,LV,23.008849557522122,9.090909090909092,26,0.04,0.38,0.08,11,0,0,0,11,0.09,0.91,0.18,10,0,0,0,16,0.06,0.63,0.13
2024,383,Cooper Kupp,LA,WR,1,17,ARZ,27.368421052631582,13.636363636363635,26,0.12,1.12,0.15,6,0.17,0,0,17,0.12,1.71,0.23,16,0.13,0,0,10,0.1,2.9,0.39
2024,384,Marquez Valdes-Scantling,NO,WR,1,15,WAS,16.883116883116884,20,26,0.19,2.46,0.32,8,0,0,0,17,0.29,3.76,0.49,19,0.16,1.32,0.18,7,0.29,5.57,0.7
2024,385,Ray-Ray McCloud,ATL,WR,1,17,WAS,15.11627906976744,3.4482758620689653,26,0.04,0.5,0.09,13,0,0,0,13,0.08,1,0.18,11,0.09,1.18,0.21,15,0,0,0
2024,386,Allen Lazard,NYJ,WR,1,17,BUF,18.571428571428573,18.75,26,0.12,0.35,0.07,4,0,0,0,22,0.14,0.41,0.09,6,0,0,0,20,0.15,0.45,0.1
2024,387,Mark Andrews,BLT,TE,1,18,CLV,25.49019607843137,32,26,0.31,2.08,0.59,18,0.28,1,0.54,7,0.43,5.14,0.8,23,0.26,1.83,0.53,3,0.67,4,1.07
2024,388,Dante Pettis,NO,WR,1,16,GB,28.26086956521739,22.727272727272727,26,0.19,1.19,0.2,1,0,0,0,23,0.22,1.35,0.22,13,0.15,0,0,13,0.23,2.38,0.39
2024,389,T.J. Hockenson,MIN,TE,1,13,ARZ,14.606741573033707,11.76470588235294,26,0.15,1.08,0.22,3,0,0,0,22,0.18,1.27,0.26,8,0.25,1.38,0.26,18,0.11,0.94,0.21
2024,390,T.J. Hockenson,MIN,TE,1,14,ATL,14.606741573033707,14.705882352941178,26,0.19,1.73,0.33,10,0.3,2.8,0.48,12,0.17,1.42,0.31,13,0.31,3.23,0.55,13,0.08,0.23,0.1
2024,391,Juwan Johnson,NO,TE,1,14,NYG,14.689265536723164,15.151515151515152,26,0.19,1.92,0.58,5,0.2,-1,0.1,21,0.19,2.62,0.69,15,0.2,2.73,0.81,11,0.18,0.82,0.26
2024,392,DeVonta Smith,PHI,WR,1,14,CAR,22.608695652173914,17.24137931034483,26,0.19,1.42,0.53,18,0.22,0.56,0.56,8,0.13,3.38,0.46,17,0.18,0.41,0.51,9,0.22,3.33,0.56
2024,393,Kyle Pitts,ATL,TE,1,13,LAC,19.11764705882353,9.523809523809524,26,0.08,0,0,8,0,0,0,17,0.06,0,0,9,0,0,0,17,0.12,0,0
2024,394,Kyle Pitts,ATL,TE,1,14,MIN,19.11764705882353,28.57142857142857,26,0.23,0.54,0.09,6,0.17,0,0,20,0.25,0.7,0.12,6,0.17,0,0,20,0.25,0.7,0.12
2024,395,Josh Palmer,LAC,WR,1,16,DEN,20.967741935483872,25,26,0.23,1.58,0.27,4,0.25,0,0,22,0.23,1.86,0.32,12,0.25,2.42,0.41,14,0.21,0.86,0.16
2024,396,Kevin Austin,NO,WR,1,15,WAS,17.105263157894736,15.789473684210526,26,0.12,0.31,0.07,9,0.11,0.89,0.2,17,0.12,0,0,20,0.15,0.4,0.09,6,0,0,0
2024,397,Jameson Williams,DET,WR,1,16,CHI,13.26530612244898,16.666666666666664,26,0.27,5.5,0.97,2,0.5,7,1.2,24,0.25,5.38,0.95,17,0.24,7.41,1.33,9,0.33,1.89,0.3
2024,398,Jalen Nailor,MIN,WR,1,15,CHI,18.705035971223023,7.142857142857142,26,0.04,0.19,0.06,2,0,0,0,22,0.05,0.23,0.07,8,0,0,0,18,0.06,0.28,0.08
2024,399,Jalen Tolbert,DAL,WR,1,13,NYG,23.853211009174313,15,26,0.12,1.58,0.23,10,0.2,0.5,0.15,15,0.07,2.4,0.31,17,0.18,2.41,0.36,9,0,0,0
2024,400,Chig Okonkwo,TEN,TE,1,13,WAS,20,17.142857142857142,26,0.23,1.04,0.22,12,0.33,1.58,0.33,14,0.14,0.57,0.13,14,0.29,1.36,0.28,12,0.17,0.67,0.15
2024,401,Jake Ferguson,DAL,TE,1,14,CIN,24.761904761904763,23.076923076923077,26,0.23,1.23,0.24,13,0.23,0.62,0.14,12,0.25,2,0.37,13,0.15,2.15,0.37,13,0.31,0.31,0.11
2024,402,Jaxon Smith-Njigba,SEA,WR,1,13,NYJ,14.52513966480447,9.30232558139535,26,0.15,2.85,0.44,7,0.29,3.43,0.63,19,0.11,2.63,0.37,10,0.4,7.4,1.14,16,0,0,0
2024,403,Tucker Kraft,GB,TE,1,17,MIN,21.84873949579832,11.538461538461538,26,0.12,2.04,0.28,14,0.07,1.29,0.2,12,0.17,2.92,0.38,17,0.12,2.06,0.26,9,0.11,2,0.31
2024,404,Malik Washington,MIA,WR,1,15,HST,18.181818181818183,24,26,0.23,2,0.39,5,0.4,2.8,0.48,21,0.19,1.81,0.37,12,0.33,3.25,0.58,14,0.14,0.93,0.24
2024,405,Malik Washington,MIA,WR,1,17,CLV,18.181818181818183,20,26,0.19,1.58,0.31,10,0,0,0,16,0.31,2.56,0.51,14,0.14,1.79,0.32,12,0.25,1.33,0.3
2024,406,Ricky Pearsall,SF,WR,1,16,MIA,16.7741935483871,13.793103448275861,26,0.15,1.42,0.3,7,0.29,1.86,0.47,16,0.13,1.5,0.28,10,0.3,1.6,0.46,16,0.06,1.31,0.19
2024,407,Robert Woods,HST,WR,1,16,KC,36.76470588235294,38.46153846153847,25,0.2,0.76,0.2,7,0.29,0,0,16,0.19,1.19,0.31,10,0.3,0.4,0.14,15,0.13,1,0.23
2024,408,Brandin Cooks,DAL,WR,1,14,CIN,18.248175182481752,9.375,25,0.12,0.12,0.29,9,0.22,0,0,15,0,0,0,10,0.2,0,0,15,0.07,0.2,0.49
2024,409,Will Dissly,LAC,TE,1,18,LV,32.89473684210527,50,25,0.24,1.68,0.61,6,0.5,1.17,1.45,18,0.17,1.94,0.36,13,0.23,1.62,0.32,12,0.25,1.75,0.92
2024,410,Courtland Sutton,DEN,WR,1,18,KC,16.778523489932887,17.94871794871795,25,0.28,3.92,0.83,6,0.33,7.83,0.95,19,0.26,2.68,0.79,11,0.27,5.82,1.4,14,0.29,2.43,0.39
2024,411,Jordan Akins,CLV,TE,1,18,BLT,20.66115702479339,33.33333333333333,25,0.32,2.4,0.72,11,0.36,2.18,0.95,13,0.23,2.62,0.49,16,0.38,3.13,0.94,9,0.22,1.11,0.33
2024,412,Dalton Schultz,HST,TE,1,13,JAX,19.379844961240313,25,25,0.28,2.44,0.68,9,0.22,3.11,1.2,15,0.27,2.2,0.42,15,0.2,2.6,0.86,10,0.4,2.2,0.42
2024,413,Dalton Schultz,HST,TE,1,15,MIA,19.379844961240313,14.285714285714285,25,0.16,0.52,0.13,4,0,0,0,18,0.22,0.72,0.18,10,0.1,0,0,15,0.2,0.87,0.22
2024,414,Allen Lazard,NYJ,WR,1,14,MIA,17.857142857142858,6.25,25,0.04,0.72,0.11,6,0.17,3,0.47,17,0,0,0,9,0.11,2,0.31,16,0,0,0
2024,415,DK Metcalf,SEA,WR,1,14,ARZ,14.367816091954023,18.181818181818183,25,0.24,1.96,0.36,4,0.25,0,0,20,0.25,2.45,0.45,12,0.33,2.58,0.42,13,0.15,1.38,0.29
2024,416,CeeDee Lamb,DAL,WR,1,15,CAR,22.123893805309734,38.23529411764706,25,0.52,4.64,1.06,7,0.57,2.86,1.43,18,0.5,5.33,0.92,14,0.79,7.21,1.72,11,0.18,1.36,0.23
2024,417,CeeDee Lamb,DAL,WR,1,16,TB,22.123893805309734,23.52941176470588,25,0.32,4.2,0.7,5,0.6,7.4,1.34,18,0.22,3.22,0.49,17,0.29,5.06,0.74,8,0.38,2.38,0.61
2024,418,Tylan Wallace,BLT,WR,1,13,PHI,40.32258064516129,40,25,0.08,0.56,0.14,4,0.25,3,0.55,21,0.05,0.1,0.06,18,0.11,0.78,0.19,7,0,0,0
2024,419,Pat Freiermuth,PIT,TE,1,13,CIN,16.025641025641026,19.444444444444446,25,0.28,2.72,0.75,6,0.17,2.83,0.45,18,0.33,2.83,0.89,7,0.14,2.43,0.39,18,0.33,2.83,0.89
2024,420,Kyle Pitts,ATL,TE,1,17,WAS,18.38235294117647,23.809523809523807,25,0.2,1.76,0.58,14,0.14,0.36,0.11,11,0.27,3.55,1.17,11,0.27,2.55,0.44,14,0.14,1.14,0.69
2024,421,Jameson Williams,DET,WR,1,13,CHI,12.755102040816327,16.666666666666664,25,0.28,1.12,0.31,2,0,0,0,20,0.35,1.4,0.39,19,0.32,1.47,0.41,6,0.17,0,0
2024,422,Jalen Nailor,MIN,WR,1,13,ARZ,17.985611510791365,14.285714285714285,25,0.08,0.72,0.11,3,0,0,0,21,0.1,0.86,0.13,9,0,0,0,16,0.13,1.13,0.17
2024,423,Jalen Nailor,MIN,WR,1,16,SEA,17.985611510791365,14.285714285714285,25,0.08,0.2,0.06,3,0.33,0,0,21,0.05,0.24,0.07,10,0.2,0.5,0.15,15,0,0,0
2024,424,Mike Woods,CLV,WR,1,16,CIN,13.88888888888889,17.647058823529413,25,0.12,0,0,8,0.13,0,0,15,0.07,0,0,13,0.23,0,0,12,0,0,0
2024,425,Stone Smartt,LAC,TE,1,16,DEN,30.120481927710845,20,25,0.12,1.48,0.27,4,0,0,0,21,0.14,1.76,0.32,13,0,0,0,12,0.25,3.08,0.56
2024,426,Cade Otton,TB,TE,1,14,LV,33.78378378378378,28.57142857142857,25,0.16,2.8,0.4,7,0.14,6.29,0.77,17,0.18,1.53,0.27,8,0.13,0,0,17,0.18,4.12,0.59
2024,427,Jaxon Smith-Njigba,SEA,WR,1,18,LA,13.966480446927374,9.30232558139535,25,0.16,0.36,0.2,5,0,0,0,19,0.21,0.47,0.26,15,0.27,0.6,0.33,10,0,0,0
2024,428,Luke Schoonmaker,DAL,TE,1,13,NYG,43.859649122807014,50,25,0.2,1.32,0.33,9,0.11,0.67,0.18,15,0.27,1.8,0.45,14,0.07,0.43,0.11,11,0.36,2.45,0.61
2024,429,Sam LaPorta,DET,TE,1,16,CHI,13.020833333333334,13.636363636363635,25,0.24,1.72,0.57,2,0.5,0,0,23,0.22,1.87,0.62,16,0.25,2.38,0.74,9,0.22,0.56,0.28
2024,430,Sam LaPorta,DET,TE,1,18,MIN,13.020833333333334,15.909090909090908,25,0.28,2.52,0.53,6,0.17,1,0.27,19,0.32,3,0.62,10,0.3,2.2,0.52,15,0.27,2.73,0.54
2024,431,Michael Mayer,LV,TE,1,18,LAC,19.083969465648856,20,25,0.16,0.84,0.24,4,0,0,0,21,0.19,1,0.29,4,0,0,0,21,0.19,1,0.29
2024,432,Puka Nacua,LA,WR,1,15,SF,20.32520325203252,15.686274509803921,25,0.32,3.88,0.67,5,0.2,1.4,0.34,20,0.35,4.5,0.75,21,0.33,4,0.69,4,0.25,3.25,0.57
2024,433,Xavier Legette,CAR,WR,1,17,TB,18.38235294117647,27.27272727272727,25,0.36,1.12,0.31,4,0.5,2.5,0.5,21,0.33,0.86,0.28,15,0.33,0.67,0.2,10,0.4,1.8,0.48
2024,434,Malik Washington,MIA,WR,1,16,SF,17.482517482517483,16,25,0.16,1.12,0.23,4,0.25,1.25,0.38,21,0.14,1.1,0.2,10,0.4,2.8,0.58,15,0,0,0
2024,435,Brandin Cooks,DAL,WR,1,18,WAS,17.51824817518248,21.875,24,0.29,0.63,0.19,12,0.33,1,0.27,11,0.27,0.27,0.12,10,0.3,0.8,0.18,14,0.29,0.5,0.19
2024,436,Davante Adams,NYJ,WR,1,17,BUF,11.11111111111111,9.230769230769232,24,0.25,1.96,0.4,3,0,0,0,20,0.3,2.35,0.48,5,0.2,0.6,0.26,19,0.26,2.32,0.44
2024,437,Amari Cooper,BUF,WR,1,14,LA,31.16883116883117,63.63636363636363,24,0.58,3.96,0.65,4,0.5,0,0,20,0.6,4.75,0.78,16,0.56,1.88,0.38,8,0.63,8.13,1.19
2024,438,Tyler Lockett,SEA,WR,1,14,ARZ,16.551724137931036,6.666666666666667,24,0.04,0,0,5,0,0,0,18,0.06,0,0,12,0,0,0,12,0.08,0,0
2024,439,Austin Hooper,NE,TE,1,16,BUF,26.96629213483146,23.809523809523807,24,0.21,2.29,0.4,9,0.22,0.78,0.19,14,0.21,3.43,0.56,13,0.23,1.38,0.29,11,0.18,3.36,0.52
2024,440,Austin Hooper,NE,TE,1,18,BUF,26.96629213483146,28.57142857142857,24,0.25,1.13,0.28,6,0,0,0,18,0.33,1.5,0.37,17,0.29,1.41,0.32,7,0.14,0.43,0.19
2024,441,Tyler Boyd,TEN,WR,1,14,JAX,17.26618705035971,22.22222222222222,24,0.17,0.29,0.07,10,0.1,0.7,0.17,10,0.2,0,0,13,0.15,0.54,0.13,11,0.18,0,0
2024,442,Tyreek Hill,MIA,WR,1,16,SF,13.333333333333334,14.583333333333334,24,0.29,1.21,0.5,4,0.5,0,0,20,0.25,1.45,0.59,14,0.36,2.07,0.85,10,0.2,0,0
2024,443,David Moore,CAR,WR,1,15,DAL,15,12.5,24,0.13,0.79,0.16,10,0.2,0.3,0.13,12,0.08,1.33,0.22,13,0.15,0.23,0.1,11,0.09,1.45,0.24
2024,444,Zay Jones,ARZ,WR,1,18,SF,22.857142857142858,55.55555555555556,24,0.21,1.92,0.36,8,0,0,0,16,0.31,2.88,0.54,15,0.13,1.67,0.23,9,0.33,2.33,0.57
2024,445,Jordan Akins,CLV,TE,1,15,KC,19.834710743801654,16.666666666666664,24,0.17,1.25,0.25,8,0.13,0,0,16,0.19,1.88,0.38,5,0,0,0,19,0.21,1.58,0.32
2024,446,Ray-Ray McCloud,ATL,WR,1,16,NYG,13.953488372093023,13.793103448275861,24,0.17,0.79,0.2,6,0.17,0.67,0.23,17,0.18,0.88,0.21,15,0.13,0.27,0.09,9,0.22,1.67,0.39
2024,447,Noah Fant,SEA,TE,1,13,NYJ,16.783216783216783,12.903225806451612,24,0.17,1.08,0.23,8,0.13,0,0,16,0.19,1.63,0.35,9,0,0,0,15,0.27,1.73,0.37
2024,448,Darnell Mooney,ATL,WR,1,16,NYG,16.3265306122449,25,24,0.25,3.42,0.55,7,0.43,4.86,0.77,16,0.19,3,0.49,16,0.19,3.5,0.54,8,0.38,3.25,0.57
2024,449,Devin Duvernay,JAX,WR,1,15,NYJ,25,30.76923076923077,24,0.17,1.75,0.3,6,0.17,4.67,0.63,16,0.19,0.88,0.21,10,0.1,2.8,0.38,14,0.21,1,0.24
2024,450,Quintin Morris,BUF,TE,1,18,NE,75,66.66666666666666,24,0.17,0.83,0.21,16,0.13,0.44,0.11,7,0.29,1.86,0.47,19,0.16,0.79,0.18,5,0.2,1,0.3
2024,451,Noah Gray,KC,TE,1,13,LV,27.586206896551722,33.33333333333333,24,0.25,2.42,0.41,10,0.2,0,0,12,0.25,4.75,0.72,13,0.23,0.69,0.15,11,0.27,4.45,0.72
2024,452,Kylen Granson,IND,TE,1,18,JAX,32.87671232876712,26.666666666666668,24,0.17,0.29,0.07,8,0.25,0,0,16,0.13,0.44,0.11,7,0.29,0,0,17,0.12,0.41,0.1
2024,453,Jalen Nailor,MIN,WR,1,17,GB,17.26618705035971,35.714285714285715,24,0.21,3.38,0.8,4,0,0,0,20,0.25,4.05,0.96,16,0.13,1.63,0.29,8,0.38,6.88,1.81
2024,454,Calvin Austin,PIT,WR,1,15,PHI,16.3265306122449,25,24,0.21,2.71,0.48,2,0,0,0,21,0.24,3.1,0.55,11,0.18,3.36,0.52,13,0.23,2.15,0.45
2024,455,Jaxon Smith-Njigba,SEA,WR,1,14,ARZ,13.40782122905028,11.627906976744185,24,0.21,3.42,0.8,5,0.2,4.8,0.68,19,0.21,3.05,0.83,13,0.08,0.92,0.17,11,0.36,6.36,1.55
2024,456,Quentin Johnston,LAC,WR,1,15,TB,14.545454545454545,19.565217391304348,24,0.38,1.88,0.65,2,0,0,0,21,0.43,2.14,0.74,18,0.39,1.61,0.33,6,0.33,2.67,1.6
2024,457,Andrei Iosivas,CIN,WR,1,16,CLV,12.060301507537687,13.043478260869565,24,0.13,2.21,0.6,15,0.2,3.53,0.95,9,0,0,0,18,0.11,2.61,0.37,6,0.17,1,1.27
2024,458,Demario Douglas,NE,WR,1,18,BUF,20,15,24,0.13,1.42,0.27,7,0.29,3.14,0.6,16,0.06,0.75,0.14,15,0.2,2.27,0.43,9,0,0,0
2024,459,Ryan Miller,TB,WR,1,16,DAL,48.97959183673469,28.57142857142857,24,0.08,0.71,0.4,7,0.14,0.57,0.2,17,0.06,0.76,0.49,11,0.18,1.55,0.88,13,0,0,0
2024,460,Josh Downs,IND,WR,1,17,NYG,21.62162162162162,14.285714285714285,24,0.17,0.92,0.22,5,0.2,1.4,0.34,14,0.21,1.07,0.25,13,0.23,1.69,0.4,11,0.09,0,0
2024,461,Malik Nabers,NYG,WR,1,17,IND,11.881188118811881,12.5,24,0.33,7.13,1.5,8,0.38,8.13,1.81,16,0.31,6.63,1.35,13,0.38,8.15,1.66,11,0.27,5.91,1.32
2024,462,Devaughn Vele,DEN,WR,1,17,CIN,24.742268041237114,14.285714285714285,24,0.08,1.13,0.2,7,0.14,2.29,0.37,15,0.07,0.73,0.14,10,0,0,0,13,0.15,2.08,0.36
2024,463,Brian Thomas,JAX,WR,1,17,TEN,11.320754716981133,14.925373134328357,24,0.42,3.79,0.92,9,0.56,6.89,1.8,14,0.36,2.07,0.42,9,0.44,5.67,0.9,15,0.4,2.67,0.93
2024,464,Keon Coleman,BUF,WR,1,17,NYJ,26.373626373626376,35,24,0.29,1.13,0.49,9,0.33,1.56,0.93,15,0.27,0.87,0.22,18,0.39,1.5,0.65,6,0,0,0
2024,465,Ladd McConkey,LAC,WR,1,13,ATL,15.686274509803921,28.57142857142857,24,0.5,4.88,0.86,10,0.6,3.9,0.79,14,0.43,5.57,0.91,15,0.47,5.93,0.99,9,0.56,3.11,0.64
2024,466,Mike Evans,TB,WR,1,15,LAC,12.921348314606742,18.96551724137931,23,0.48,6.91,1.6,4,0.5,7.75,1.27,19,0.47,6.74,1.67,7,0.43,9.29,2.07,16,0.5,5.88,1.4
2024,467,Nelson Agholor,BLT,WR,1,13,PHI,74.19354838709677,66.66666666666666,23,0.09,0,0,3,0.67,0,0,19,0,0,0,15,0.13,0,0,8,0,0,0
2024,468,Jamison Crowder,WAS,WR,1,17,ATL,33.82352941176471,41.66666666666667,23,0.22,1.09,0.24,11,0.27,2.27,0.5,11,0.18,0,0,15,0.33,1.67,0.37,8,0,0,0
2024,469,Chris Conley,SF,WR,1,18,ARZ,67.64705882352942,80,23,0.17,2.57,0.43,7,0.29,4.29,0.71,14,0.14,2.07,0.35,10,0.3,3.6,0.66,13,0.08,1.77,0.25
2024,470,Demarcus Robinson,LA,WR,1,15,SF,16.911764705882355,8.333333333333332,23,0.04,0,0,5,0.2,0,0,18,0,0,0,19,0.05,0,0,4,0,0,0
2024,471,Curtis Samuel,BUF,WR,1,14,LA,34.84848484848485,23.076923076923077,23,0.13,0.65,0.15,5,0.2,0,0,18,0.11,0.83,0.19,13,0.08,0,0,10,0.2,1.5,0.35
2024,472,Kendrick Bourne,NE,WR,1,17,LAC,23.232323232323232,28.57142857142857,23,0.17,0.96,0.18,5,0,0,0,18,0.22,1.22,0.23,11,0.27,1.64,0.25,12,0.08,0.33,0.12
2024,473,Taysom Hill,NO,TE,1,13,LA,100,100,23,0.26,1.61,0.38,2,0,0,0,20,0.3,1.85,0.43,14,0.29,0.79,0.29,9,0.22,2.89,0.51
2024,474,Tim Patrick,DET,WR,1,13,CHI,14.64968152866242,14.285714285714285,23,0.13,2.09,0.3,4,0,0,0,16,0.13,3,0.42,15,0.13,3.2,0.45,8,0.13,0,0
2024,475,Tim Patrick,DET,WR,1,14,GB,14.64968152866242,33.33333333333333,23,0.3,1.87,0.97,6,0.33,0.67,2.4,17,0.29,2.29,0.46,8,0.13,0.38,0.91,15,0.4,2.67,1
2024,476,Mack Hollins,BUF,WR,1,16,NE,20.353982300884958,15.789473684210526,23,0.13,1.09,0.2,15,0.07,0,0,8,0.25,3.13,0.56,19,0.11,0.68,0.12,4,0.25,3,0.55
2024,477,JuJu Smith-Schuster,KC,WR,1,15,CLV,20.353982300884958,27.27272727272727,23,0.13,0.3,0.33,16,0.13,0.44,0.48,7,0.14,0,0,18,0.17,0.39,0.43,5,0,0,0
2024,478,JuJu Smith-Schuster,KC,WR,1,18,DEN,20.353982300884958,18.181818181818183,23,0.09,0.17,0.06,11,0.18,0.36,0.13,12,0,0,0,15,0.13,0.27,0.09,8,0,0,0
2024,479,David Njoku,CLV,TE,1,16,CIN,20,26.31578947368421,23,0.43,2.87,0.63,7,0.43,0.29,0.17,16,0.44,4,0.84,10,0.5,2.7,0.67,13,0.38,3,0.61
2024,480,A.J. Brown,PHI,WR,1,14,CAR,16.78832116788321,9.75609756097561,23,0.17,1.87,0.36,16,0.25,2.69,0.52,7,0,0,0,15,0.27,2.87,0.55,8,0,0,0
2024,481,Deebo Samuel,SF,WR,1,14,CHI,17.424242424242426,8.333333333333332,23,0.09,0.96,0.18,3,0,0,0,19,0.11,1.16,0.22,18,0.11,1.22,0.23,5,0,0,0
2024,482,Tylan Wallace,BLT,WR,1,18,CLV,37.096774193548384,20,23,0.04,0,0,13,0.08,0,0,9,0,0,0,17,0.06,0,0,6,0,0,0
2024,483,Khalil Shakir,BUF,WR,1,15,DET,19.491525423728813,21.21212121212121,23,0.3,1.7,0.69,11,0.18,1.55,0.34,11,0.36,1.36,0.95,16,0.31,1.63,0.79,7,0.29,1.86,0.47
2024,484,KaVontae Turpin,DAL,WR,1,18,WAS,30.263157894736842,27.77777777777778,23,0.22,2.3,0.36,13,0.08,2.54,0.33,9,0.44,2.22,0.44,10,0.1,3.3,0.43,13,0.31,1.54,0.31
2024,485,Wan'Dale Robinson,NYG,WR,1,18,PHI,11.6751269035533,22.448979591836736,23,0.48,1.87,0.62,1,0,0,0,22,0.5,1.95,0.65,4,0.25,2.25,0.47,19,0.53,1.79,0.65
2024,486,Dontayvion Wicks,GB,WR,1,17,MIN,23.711340206185564,17.24137931034483,23,0.22,1.87,0.36,13,0.31,2.46,0.48,10,0.1,1.1,0.21,16,0.19,0.88,0.21,7,0.29,4.14,0.7
2024,487,E.J. Jenkins,PHI,TE,1,18,NYG,88.46153846153845,50,23,0.04,0.3,0.33,10,0,0,0,12,0,0,0,20,0.05,0.35,0.39,3,0,0,0
2024,488,Kayshon Boutte,NE,WR,1,15,ARZ,16.083916083916083,16.666666666666664,23,0.22,0.83,0.17,7,0.14,0,0,15,0.27,1.27,0.26,10,0.3,0.3,0.13,13,0.15,1.23,0.2
2024,489,Xavier Hutchinson,HST,WR,1,16,KC,31.506849315068493,12.5,23,0.04,0.35,0.08,7,0.14,1.14,0.26,14,0,0,0,12,0,0,0,11,0.09,0.73,0.16
2024,490,Demario Douglas,NE,WR,1,16,BUF,19.166666666666668,25,23,0.22,1.43,0.32,12,0.08,0,0,10,0.4,3.3,0.73,13,0.08,0.38,0.12,10,0.4,2.8,0.58
2024,491,Tank Dell,HST,WR,1,15,MIA,30.666666666666664,16.666666666666664,23,0.09,1.13,0.2,4,0,0,0,17,0.12,1.53,0.27,9,0,0,0,14,0.14,1.86,0.33
2024,492,Zay Flowers,BLT,WR,1,16,PIT,20.353982300884958,27.586206896551722,23,0.35,4.35,0.65,16,0.31,4.81,0.67,7,0.43,3.29,0.61,18,0.33,5.56,0.83,5,0.4,0,0
2024,493,Jayden Reed,GB,WR,1,17,MIN,20.353982300884958,17.391304347826086,23,0.17,0.26,0.07,11,0.27,0,0,12,0.08,0.5,0.13,16,0.13,0,0,7,0.29,0.86,0.23
2024,494,Jalen McMillan,TB,WR,1,15,LAC,12.70718232044199,18.181818181818183,23,0.26,3.26,0.8,4,0.25,6.5,2.4,19,0.26,2.58,0.47,9,0.22,3.33,1.22,14,0.29,3.21,0.54
2024,495,Keenan Allen,CHI,WR,1,18,GB,11.16751269035533,6.521739130434782,22,0.14,1.14,0.25,4,0,0,0,17,0.18,1.47,0.32,12,0.08,1.08,0.19,10,0.2,1.2,0.32
2024,496,Tyler Lockett,SEA,WR,1,13,NYJ,15.172413793103448,20,22,0.14,0.73,0.21,6,0,0,0,16,0.19,1,0.29,8,0.13,0.63,0.19,14,0.14,0.79,0.22
2024,497,Sterling Shepard,TB,WR,1,14,LV,19.81981981981982,31.57894736842105,22,0.27,2.86,0.47,6,0.33,4.5,0.78,16,0.25,2.25,0.35,9,0.33,3.44,0.57,13,0.23,2.46,0.4
2024,498,Mike Williams,PIT,WR,1,17,KC,24.444444444444443,18.181818181818183,22,0.09,0,0,7,0.14,0,0,14,0.07,0,0,5,0,0,0,17,0.12,0,0
2024,499,Eric Saubert,SF,TE,1,18,ARZ,51.162790697674424,71.42857142857143,22,0.23,0.77,0.26,5,0.4,-0.6,0.34,15,0.13,1.33,0.27,11,0.18,-0.27,0.15,11,0.27,1.82,0.36
2024,500,Jonnu Smith,MIA,TE,1,16,SF,12.643678160919542,12.76595744680851,22,0.27,2.82,0.55,4,0,0,0,18,0.33,3.44,0.68,10,0.1,0.8,0.18,12,0.42,4.5,0.87
2024,501,Mark Andrews,BLT,TE,1,15,NYG,21.568627450980394,8,22,0.09,1.09,0.47,6,0.17,1.83,0.35,16,0.06,0.81,0.52,17,0.06,0.65,0.12,5,0.2,2.6,1.66
2024,502,Mike Gesicki,CIN,TE,1,13,PIT,14.56953642384106,14.285714285714285,22,0.23,2.41,0.47,4,0.25,4.5,0.7,18,0.22,1.94,0.42,16,0.19,1.81,0.37,6,0.33,4,0.73
2024,503,DK Metcalf,SEA,WR,1,18,LA,12.643678160919542,15.151515151515152,22,0.23,2.41,0.65,5,0.6,4,1.8,17,0.12,1.94,0.31,12,0.25,1.67,0.75,10,0.2,3.3,0.53
2024,504,Dawson Knox,BUF,TE,1,15,DET,24.444444444444443,20,22,0.09,1.91,0.28,13,0.15,3.23,0.48,8,0,0,0,13,0.15,3.23,0.48,9,0,0,0
2024,505,Mason Kinsey,TEN,WR,1,18,HST,57.89473684210527,0,22,0,0,0,4,0,0,0,17,0,0,0,11,0,0,0,11,0,0,0
2024,506,Michael Pittman,IND,WR,1,13,NE,14.864864864864865,18.421052631578945,22,0.32,1.91,0.42,7,0.43,2.57,0.54,14,0.29,1.71,0.39,14,0.43,2.43,0.53,8,0.13,1,0.23
2024,507,Cole Kmet,CHI,TE,1,17,SEA,13.580246913580247,0,22,0,0,0,8,0,0,0,14,0,0,0,13,0,0,0,9,0,0,0
2024,508,Cole Kmet,CHI,TE,1,18,GB,13.580246913580247,25,22,0.09,0.14,0.1,4,0,0,0,17,0.12,0.18,0.14,11,0,0,0,11,0.18,0.27,0.21
2024,509,Van Jefferson,PIT,WR,1,18,CIN,17.322834645669293,28.57142857142857,22,0.18,0.82,0.22,1,0,0,0,21,0.19,0.86,0.23,6,0.17,1.33,0.3,16,0.19,0.63,0.19
2024,510,Rashod Bateman,BLT,WR,1,15,NYG,21.568627450980394,31.25,22,0.23,3.64,1.05,4,0.25,0,0,18,0.22,4.44,1.28,20,0.25,4,1.15,2,0,0,0
2024,511,Kevin Austin,NO,WR,1,14,NYG,14.473684210526317,26.31578947368421,22,0.23,0.23,0.07,2,0.5,0,0,20,0.2,0.25,0.07,12,0.25,0,0,10,0.2,0.5,0.15
2024,512,Jalen Nailor,MIN,WR,1,18,DET,15.827338129496402,28.57142857142857,22,0.18,2.41,0.38,16,0.25,3.31,0.52,5,0,0,0,10,0.1,2.7,0.37,12,0.25,2.17,0.38
2024,513,Jalen Tolbert,DAL,WR,1,14,CIN,20.18348623853211,10,22,0.09,0,0,10,0.1,0,0,11,0.09,0,0,7,0.14,0,0,15,0.07,0,0
2024,514,Jahan Dotson,PHI,WR,1,15,PIT,16.05839416058394,7.142857142857142,22,0.05,0,0,7,0,0,0,15,0.07,0,0,10,0,0,0,12,0.08,0,0
2024,515,Jake Ferguson,DAL,TE,1,18,WAS,20.952380952380953,15.384615384615385,22,0.18,0.55,0.15,12,0.08,-0.58,0.03,9,0.22,2.11,0.32,11,0.09,-0.64,0.03,11,0.27,1.73,0.26
2024,516,Daniel Bellinger,NYG,TE,1,16,ATL,20.5607476635514,9.090909090909092,22,0.05,0.23,0.07,9,0.11,0.56,0.17,11,0,0,0,12,0.08,0.42,0.13,10,0,0,0
2024,517,Jaxon Smith-Njigba,SEA,WR,1,17,CHI,12.290502793296088,13.953488372093023,22,0.27,1.45,0.28,1,1,0,0,21,0.24,1.52,0.3,11,0.18,0,0,11,0.36,2.91,0.56
2024,518,Parker Washington,JAX,WR,1,17,TEN,10.731707317073171,9.090909090909092,22,0.14,1.41,0.55,9,0.11,0.22,0.8,12,0.17,2.42,0.41,9,0.11,0.56,0.17,13,0.15,2,0.82
2024,519,Kayshon Boutte,NE,WR,1,18,BUF,15.384615384615385,23.333333333333332,22,0.32,5.32,1.12,6,0.5,7.5,1.25,16,0.25,4.5,1.07,14,0.29,4.14,0.7,8,0.38,7.38,1.86
2024,520,Tank Dell,HST,WR,1,16,KC,29.333333333333332,58.333333333333336,22,0.32,4.45,0.99,9,0.22,5.56,1.44,12,0.42,4,0.73,12,0.25,3.25,0.58,10,0.4,5.9,1.49
2024,521,Tucker Kraft,GB,TE,1,18,CHI,18.487394957983195,26.923076923076923,22,0.32,1.64,0.35,1,1,20,3,21,0.29,0.76,0.22,17,0.29,1.35,0.25,5,0.4,2.6,0.66
2024,522,Jayden Reed,GB,WR,1,16,NO,19.469026548672566,17.391304347826086,22,0.18,3.45,0.48,8,0.13,0,0,14,0.21,5.43,0.76,14,0.29,5.43,0.76,8,0,0,0
2024,523,Ja'Tavion Sanders,CAR,TE,1,14,PHI,22,12.5,22,0.05,0,0,11,0,0,0,9,0.11,0,0,10,0,0,0,12,0.08,0,0
2024,524,Ja'Tavion Sanders,CAR,TE,1,18,ATL,22,62.5,22,0.23,1.59,0.3,4,0,0,0,14,0.36,2.5,0.46,10,0.2,0.5,0.15,12,0.25,2.5,0.42
2024,525,Malik Washington,MIA,WR,1,13,GB,15.384615384615385,16,22,0.18,0.36,0.13,0,0,0,0,22,0.18,0.36,0.13,9,0.33,0.89,0.31,13,0.08,0,0
2024,526,Ricky Pearsall,SF,WR,1,15,LA,14.193548387096774,13.793103448275861,22,0.18,0.73,0.12,8,0.13,2,0.33,12,0.17,0,0,14,0.14,1.14,0.19,8,0.25,0,0
2024,527,Rome Odunze,CHI,WR,1,18,GB,12.359550561797752,6.666666666666667,22,0.09,0.82,0.17,4,0,0,0,17,0.12,1.06,0.22,13,0.08,1.15,0.19,9,0.11,0.33,0.14
2024,528,Malachi Corley,NYJ,WR,1,13,SEA,100,100,22,0.09,0,0,5,0,0,0,15,0.07,0,0,9,0,0,0,13,0.15,0,0
2024,529,Brandin Cooks,DAL,WR,1,15,CAR,15.328467153284672,12.5,21,0.19,1.62,0.3,7,0,0,0,14,0.29,2.43,0.46,13,0.08,0,0,8,0.38,4.25,0.8
2024,530,Tyler Lockett,SEA,WR,1,17,CHI,14.482758620689657,26.666666666666668,21,0.19,0.95,0.24,1,0,0,0,20,0.2,1,0.25,12,0.25,1.5,0.32,9,0.11,0.22,0.13
2024,531,Zay Jones,ARZ,WR,1,13,MIN,20,0,21,0,0,0,13,0,0,0,8,0,0,0,10,0,0,0,11,0,0,0
2024,532,Foster Moreau,NO,TE,1,18,TB,20.588235294117645,18.181818181818183,21,0.19,1.48,0.34,7,0.14,0.71,0.21,14,0.21,1.86,0.4,9,0.22,1.67,0.39,12,0.17,1.33,0.3
2024,533,DK Metcalf,SEA,WR,1,17,CHI,12.068965517241379,9.090909090909092,21,0.14,2,0.34,1,0,0,0,20,0.15,2.1,0.36,12,0.25,3.5,0.6,9,0,0,0
2024,534,Noah Fant,SEA,TE,1,14,ARZ,14.685314685314685,12.903225806451612,21,0.19,0.86,0.23,4,0.5,2.75,0.78,17,0.12,0.41,0.1,11,0.36,1.64,0.44,10,0,0,0
2024,535,Jauan Jennings,SF,WR,1,14,CHI,13.291139240506327,17.391304347826086,21,0.38,4.29,1.33,3,0.33,3.67,0.7,17,0.41,4.65,1.52,16,0.44,4.63,1.21,5,0.2,3.2,1.72
2024,536,Cole Kmet,CHI,TE,1,15,MIN,12.962962962962962,12.5,21,0.05,0.67,0.11,7,0,0,0,14,0.07,1,0.17,10,0.1,1.4,0.24,11,0,0,0
2024,537,Van Jefferson,PIT,WR,1,13,CIN,16.535433070866144,21.428571428571427,21,0.14,2.05,0.25,5,0.4,8.6,1.06,15,0.07,0,0,4,0.25,0,0,17,0.12,2.53,0.31
2024,538,Van Jefferson,PIT,WR,1,17,KC,16.535433070866144,7.142857142857142,21,0.05,0,0,2,0,0,0,18,0.06,0,0,4,0,0,0,17,0.06,0,0
2024,539,Pat Freiermuth,PIT,TE,1,15,PHI,13.461538461538462,13.88888888888889,21,0.24,1.05,0.53,1,0,0,0,19,0.21,0.68,0.17,9,0.11,0,0,12,0.33,1.83,0.93
2024,540,Josh Palmer,LAC,WR,1,17,NE,16.93548387096774,20.833333333333336,21,0.24,1.95,0.39,9,0.44,4.11,0.74,10,0.1,0.4,0.14,10,0.4,3.7,0.67,11,0.09,0.36,0.13
2024,541,Tommy Tremble,CAR,TE,1,15,DAL,16.153846153846153,11.76470588235294,21,0.1,0.71,0.17,7,0.29,2.14,0.5,12,0,0,0,12,0.17,1.25,0.29,9,0,0,0
2024,542,Grant Calcaterra,PHI,TE,1,14,CAR,18.103448275862068,30,21,0.14,0.76,0.5,16,0.19,1,0.66,5,0,0,0,15,0.2,1.07,0.71,6,0,0,0
2024,543,Kevin Austin,NO,WR,1,13,LA,13.815789473684212,15.789473684210526,21,0.14,1.48,0.29,1,0,0,0,20,0.15,1.55,0.3,13,0.15,2.08,0.36,8,0.13,0.5,0.17
2024,544,Kevin Austin,NO,WR,1,18,TB,13.815789473684212,5.263157894736842,21,0.05,0.62,0.11,6,0.17,2.17,0.38,15,0,0,0,8,0,0,0,13,0.08,1,0.18
2024,545,Stone Smartt,LAC,TE,1,15,TB,25.301204819277107,40,21,0.29,2.38,0.48,1,0,0,0,19,0.32,2.63,0.53,14,0.29,3.07,0.59,7,0.29,1,0.24
2024,546,Lucas Krull,DEN,TE,1,17,CIN,27.631578947368425,11.11111111111111,21,0.05,0.14,0.06,4,0,0,0,15,0.07,0.2,0.09,9,0.11,0.33,0.14,11,0,0,0
2024,547,Jalen Tolbert,DAL,WR,1,18,WAS,19.26605504587156,30,21,0.29,4.67,0.66,13,0.31,5.38,0.77,7,0.29,4,0.54,12,0.42,8.17,1.15,9,0.11,0,0
2024,548,Chig Okonkwo,TEN,TE,1,14,JAX,16.153846153846153,11.428571428571429,21,0.19,0.38,0.18,7,0.14,-0.86,0.06,11,0.27,1.27,0.31,10,0.2,0.4,0.14,11,0.18,0.36,0.22
2024,549,Chig Okonkwo,TEN,TE,1,15,CIN,16.153846153846153,28.57142857142857,21,0.48,2.81,0.66,6,0.17,1,0.27,15,0.6,3.53,0.82,7,0.29,1,0.24,14,0.57,3.71,0.87
2024,550,Romeo Doubs,GB,WR,1,16,NO,30.88235294117647,16.666666666666664,21,0.14,0.95,0.19,7,0,0,0,14,0.21,1.43,0.29,13,0.23,1.54,0.31,8,0,0,0
2024,551,Isaiah Likely,BLT,TE,1,13,PHI,25,42.10526315789473,21,0.38,1.81,0.7,3,0.33,0,0,17,0.35,1.59,0.39,12,0.42,1.67,0.42,9,0.33,2,1.09
2024,552,Isaiah Likely,BLT,TE,1,18,CLV,25,26.31578947368421,21,0.24,1.81,0.32,13,0.08,1.46,0.22,7,0.43,2.71,0.56,18,0.22,2.11,0.38,3,0.33,0,0
2024,553,Wan'Dale Robinson,NYG,WR,1,17,IND,10.65989847715736,12.244897959183673,21,0.29,3.38,0.86,6,0.33,1.5,1.48,15,0.27,4.13,0.61,10,0.5,6.6,1.06,11,0.09,0.45,0.68
2024,554,Christian Watson,GB,WR,1,13,MIA,28.000000000000004,17.647058823529413,21,0.14,3.19,0.41,5,0.2,0,0,16,0.13,4.19,0.54,14,0.14,1.5,0.22,7,0.14,6.57,0.8
2024,555,Christian Watson,GB,WR,1,14,DET,28.000000000000004,35.294117647058826,21,0.29,5.43,0.73,11,0.55,10.36,1.4,10,0,0,0,12,0.5,9.5,1.28,9,0,0,0
2024,556,Josh Whyle,TEN,TE,1,18,HST,36.206896551724135,38.88888888888889,21,0.33,1.38,0.38,5,0.4,0,0,15,0.33,1.93,0.53,11,0.36,1.27,0.31,10,0.3,1.5,0.45
2024,557,Puka Nacua,LA,WR,1,13,NO,17.073170731707318,15.686274509803921,21,0.38,2.67,0.79,10,0.5,4.5,0.75,11,0.27,1,0.83,18,0.39,3.11,0.92,3,0.33,0,0
2024,558,Devaughn Vele,DEN,WR,1,16,LAC,21.649484536082475,21.428571428571427,21,0.14,1,0.48,1,0,0,0,19,0.11,0.79,0.13,10,0,0,0,11,0.27,1.91,0.92
2024,559,Keon Coleman,BUF,WR,1,16,NE,23.076923076923077,10,21,0.1,0.81,0.13,13,0.08,0,0,8,0.13,2.13,0.34,15,0.13,1.13,0.18,6,0,0,0
2024,560,Ben Sinnott,WAS,TE,1,15,NO,63.63636363636363,50,21,0.05,0.33,0.08,5,0,0,0,16,0.06,0.44,0.11,6,0,0,0,15,0.07,0.47,0.11
2024,561,DeAndre Hopkins,KC,WR,1,15,CLV,15.625,18.75,20,0.3,1.8,0.43,11,0.36,2.55,0.62,9,0.22,0.89,0.2,17,0.29,1.65,0.4,3,0.33,2.67,0.6
2024,562,Brandin Cooks,DAL,WR,1,17,PHI,14.5985401459854,25,20,0.4,2.6,0.46,3,0.67,7.33,1.07,17,0.35,1.76,0.35,12,0.5,3.75,0.63,8,0.25,0.88,0.21
2024,563,Tim Patrick,DET,WR,1,18,MIN,12.738853503184714,9.523809523809524,20,0.1,0.75,0.17,5,0.2,1.4,0.34,14,0.07,0.57,0.13,6,0,0,0,14,0.14,1.07,0.25
2024,564,David Moore,CAR,WR,1,18,ATL,12.5,12.5,20,0.15,0.45,0.4,3,0.33,0,0,14,0.07,0,0,9,0.11,0,0,11,0.18,0.82,0.72
2024,565,Jonnu Smith,MIA,TE,1,17,CLV,11.494252873563218,6.382978723404255,20,0.15,1.3,0.58,9,0.11,0.78,0.86,11,0.18,1.73,0.35,10,0.2,1.9,0.99,10,0.1,0.7,0.17
2024,566,Zay Jones,ARZ,WR,1,17,LA,19.047619047619047,11.11111111111111,20,0.05,0.95,0.14,6,0,0,0,14,0.07,1.36,0.21,10,0,0,0,10,0.1,1.9,0.29
2024,567,Cooper Kupp,LA,WR,1,13,NO,21.052631578947366,22.727272727272727,20,0.25,0.85,0.24,8,0.25,0.38,0.16,12,0.25,1.17,0.28,15,0.2,0.67,0.2,5,0.4,1.4,0.34
2024,568,Cooper Kupp,LA,WR,1,15,SF,21.052631578947366,13.636363636363635,20,0.15,0,0,5,0.2,0,0,15,0.13,0,0,17,0.12,0,0,3,0.33,0,0
2024,569,Josh Reynolds,JAX,WR,1,15,NYJ,25.31645569620253,20,20,0.05,0,0,10,0,0,0,7,0.14,0,0,10,0,0,0,10,0.1,0,0
2024,570,Justin Watson,KC,WR,1,13,LV,20.618556701030926,30,20,0.15,0.3,0.38,9,0.22,0.67,0.84,9,0.11,0,0,13,0.15,0,0,7,0.14,0.86,1.09
2024,571,Justin Watson,KC,WR,1,18,DEN,20.618556701030926,30,20,0.15,0.25,0.07,10,0.3,0.5,0.15,10,0,0,0,13,0.23,0.38,0.12,7,0,0,0
2024,572,Foster Moreau,NO,TE,1,17,LV,19.607843137254903,22.727272727272727,20,0.25,2.35,0.68,4,0,0,0,16,0.31,2.94,0.86,16,0.31,2.94,0.86,4,0,0,0
2024,573,Olamide Zaccheaus,WAS,WR,1,15,NO,16,13.793103448275861,20,0.2,1.8,0.33,5,0,0,0,15,0.27,2.4,0.44,6,0,0,0,14,0.29,2.57,0.47
2024,574,Darius Slayton,NYG,WR,1,15,BLT,12.903225806451612,5.555555555555555,20,0.05,0.8,0.13,7,0,0,0,10,0.1,1.6,0.26,9,0,0,0,11,0.09,1.45,0.24
2024,575,Noah Fant,SEA,TE,1,17,CHI,13.986013986013987,12.903225806451612,20,0.2,2.15,0.42,1,0,0,0,19,0.21,2.26,0.44,11,0.27,3.64,0.64,9,0.11,0.33,0.14
2024,576,A.J. Brown,PHI,WR,1,13,BLT,14.5985401459854,14.634146341463413,20,0.3,3.3,0.58,5,0.2,1.8,0.38,14,0.36,4.07,0.69,11,0.36,3.55,0.63,9,0.22,3,0.52
2024,577,Darnell Mooney,ATL,WR,1,15,LV,13.60544217687075,4.166666666666666,20,0.05,0,0,8,0.13,0,0,12,0,0,0,16,0.06,0,0,4,0,0,0
2024,578,Devin Duvernay,JAX,WR,1,14,TEN,20.833333333333336,23.076923076923077,20,0.15,0.4,0.19,7,0,0,0,12,0.25,0.67,0.32,14,0.21,0.57,0.27,6,0,0,0
2024,579,Van Jefferson,PIT,WR,1,15,PHI,15.748031496062993,14.285714285714285,20,0.1,0,0.05,1,1,0,1,18,0.06,0,0,8,0.13,0,0.13,12,0.08,0,0
2024,580,Rashod Bateman,BLT,WR,1,16,PIT,19.607843137254903,18.75,20,0.15,0.7,0.42,15,0.07,0,0,5,0.4,2.8,1.68,16,0,0,0,4,0.75,3.5,2.1
2024,581,Kylen Granson,IND,TE,1,17,NYG,27.397260273972602,26.666666666666668,20,0.2,1.7,0.32,3,0.33,9,1.23,11,0.09,0,0,10,0.1,2.7,0.37,10,0.3,0.7,0.27
2024,582,Drake London,ATL,WR,1,16,NYG,10.92896174863388,12.698412698412698,20,0.4,2.95,0.55,5,0.6,3.8,0.58,14,0.36,2.86,0.57,12,0.5,3.25,0.58,8,0.25,2.5,0.5
2024,583,John Metchie,HST,WR,1,13,JAX,23.52941176470588,11.76470588235294,20,0.1,0.8,0.18,10,0,0,0,8,0.13,1.63,0.29,16,0.13,1,0.23,4,0,0,0
2024,584,Jake Ferguson,DAL,TE,1,16,TB,19.047619047619047,34.61538461538461,20,0.45,2,0.5,4,0.75,6.5,1.15,14,0.43,1,0.39,12,0.67,1.58,0.58,8,0.13,2.63,0.39
2024,585,Jake Ferguson,DAL,TE,1,17,PHI,19.047619047619047,15.384615384615385,20,0.2,0.9,0.24,2,0,0,0,18,0.22,1,0.27,11,0.18,0.64,0.15,9,0.22,1.22,0.34
2024,586,Daniel Bellinger,NYG,TE,1,15,BLT,18.69158878504673,27.27272727272727,20,0.15,1.75,0.33,8,0,0,0,11,0.27,3.18,0.59,10,0.2,3,0.5,10,0.1,0.5,0.15
2024,587,Cade Otton,TB,TE,1,15,LAC,27.027027027027028,21.428571428571427,20,0.15,1.2,0.22,4,0,0,0,16,0.19,1.5,0.28,7,0.14,0,0,13,0.15,1.85,0.34
2024,588,Nikko Remigio,KC,WR,1,18,DEN,95.23809523809523,100,20,0.3,2.4,0.34,9,0.22,2.78,0.39,11,0.36,2.09,0.3,12,0.17,2.08,0.29,8,0.5,2.88,0.41
2024,589,Quentin Johnston,LAC,WR,1,13,ATL,12.121212121212121,8.695652173913043,20,0.2,0.6,0.16,8,0.38,0.5,0.17,12,0.08,0.67,0.15,12,0.25,0.33,0.12,8,0.13,1,0.23
2024,590,Ryan Miller,TB,WR,1,17,CAR,40.816326530612244,57.14285714285714,20,0.2,1.3,0.23,3,0,0,0,17,0.24,1.53,0.27,13,0.15,0.23,0.1,7,0.29,3.29,0.47
2024,591,Dalton Kincaid,BUF,TE,1,15,DET,40,43.75,20,0.35,2.65,0.47,10,0.2,2.9,0.39,10,0.5,2.4,0.54,12,0.25,2.83,0.45,8,0.5,2.38,0.49
2024,592,Marvin Mims,DEN,WR,1,16,LAC,25.97402597402597,16,20,0.2,3.1,0.46,4,0.75,15.5,2.3,16,0.06,0,0,8,0.25,7.63,1.01,12,0.17,0.08,0.09
2024,593,Tucker Kraft,GB,TE,1,14,DET,16.80672268907563,15.384615384615385,20,0.2,2.05,0.66,9,0.11,0,0,10,0.2,2.9,0.49,10,0.2,2.9,0.49,10,0.2,1.2,0.82
2024,594,Michael Mayer,LV,TE,1,16,JAX,15.267175572519085,5,20,0.05,0,0,6,0,0,0,13,0.08,0,0,9,0,0,0,11,0.09,0,0
2024,595,Malik Nabers,NYG,WR,1,18,PHI,9.900990099009901,12.5,20,0.4,3.2,0.87,1,1,0,0,18,0.33,3.56,0.97,5,0.8,1.4,0.54,15,0.27,3.8,0.98
2024,596,Ja'Tavion Sanders,CAR,TE,1,16,ARZ,20,0,20,0,0,0,10,0,0,0,9,0,0,0,11,0,0,0,9,0,0,0
2024,597,Ja'Tavion Sanders,CAR,TE,1,17,TB,20,12.5,20,0.05,0.25,0.07,2,0,0,0,16,0.06,0.31,0.09,12,0,0,0,8,0.13,0.63,0.19
2024,598,Devaughn Vele,DEN,WR,1,15,IND,20.618556701030926,7.142857142857142,20,0.05,0,0,6,0.17,0,0,14,0,0,0,10,0.1,0,0,10,0,0,0
2024,599,Mason Tipton,NO,WR,1,16,GB,100,100,20,0.05,0,0,1,0,0,0,19,0.05,0,0,8,0,0,0,12,0.08,0,0
2024,600,Troy Franklin,DEN,WR,1,13,CLV,23.809523809523807,31.25,20,0.25,1.4,0.24,3,0.33,0,0,17,0.24,1.65,0.28,10,0.2,2.3,0.33,10,0.3,0.5,0.15
2024,601,Adonai Mitchell,IND,WR,1,15,DEN,37.03703703703704,27.27272727272727,20,0.15,0,0,6,0,0,0,14,0.21,0,0,6,0,0,0,14,0.21,0,0
2024,602,Brandin Cooks,DAL,WR,1,13,NYG,13.86861313868613,21.875,19,0.37,0.84,0.56,6,0.17,0,0,11,0.45,1.27,0.31,11,0.45,0.45,0.77,8,0.25,1.38,0.26
2024,603,Sterling Shepard,TB,WR,1,15,LAC,17.117117117117118,5.263157894736842,19,0.05,0.84,0.14,5,0,0,0,14,0.07,1.14,0.19,5,0,0,0,14,0.07,1.14,0.19
2024,604,Demarcus Robinson,LA,WR,1,13,NO,13.970588235294118,25,19,0.16,2.58,0.68,8,0.13,0.38,0.91,11,0.18,4.18,0.51,15,0.2,3.27,0.86,4,0,0,0
2024,605,Tyler Boyd,TEN,WR,1,16,IND,13.66906474820144,16.666666666666664,19,0.16,1.05,0.21,3,0,0,0,16,0.19,1.25,0.25,11,0.18,1.82,0.36,8,0.13,0,0
2024,606,Hunter Henry,NE,TE,1,17,LAC,20.212765957446805,4.761904761904762,19,0.05,0,0,5,0,0,0,14,0.07,0,0,9,0.11,0,0,10,0,0,0
2024,607,Tyler Higbee,LA,TE,1,18,SEA,59.375,58.333333333333336,19,0.37,2.42,0.82,6,0.17,0,0,12,0.42,3.33,0.67,7,0.29,0.86,0.23,12,0.42,3.33,1.17
2024,608,Tim Patrick,DET,WR,1,16,CHI,12.101910828025478,4.761904761904762,19,0.05,0,0,2,0,0,0,17,0.06,0,0,12,0.08,0,0,7,0,0,0
2024,609,Tim Patrick,DET,WR,1,17,SF,12.101910828025478,0,19,0,0,0,5,0,0,0,13,0,0,0,13,0,0,0,6,0,0,0
2024,610,Josh Reynolds,JAX,WR,1,16,LV,24.050632911392405,20,19,0.05,0,0,2,0,0,0,17,0.06,0,0,11,0,0,0,8,0.13,0,0
2024,611,Cedrick Wilson,NO,WR,1,17,LV,22.35294117647059,30.76923076923077,19,0.21,0.89,0.25,1,0,0,0,18,0.22,0.94,0.26,11,0.09,0.18,0.11,8,0.38,1.88,0.44
2024,612,Greg Dortch,ARZ,WR,1,14,SEA,22.61904761904762,7.142857142857142,19,0.05,0.26,0.08,6,0,0,0,13,0.08,0.38,0.12,9,0,0,0,10,0.1,0.5,0.15
2024,613,Marquise Brown,KC,WR,1,17,PIT,55.88235294117647,46.666666666666664,19,0.37,2.42,0.45,6,0.33,0,0,13,0.38,3.54,0.66,15,0.4,2.87,0.49,4,0.25,0.75,0.33
2024,614,A.J. Brown,PHI,WR,1,17,DAL,13.86861313868613,12.195121951219512,19,0.26,1.89,0.66,8,0.25,3.38,1.34,11,0.27,0.82,0.17,14,0.36,2.57,0.9,5,0,0,0
2024,615,Dawson Knox,BUF,TE,1,16,NE,21.11111111111111,20,19,0.11,1.16,0.22,11,0.09,1.18,0.21,8,0.13,1.13,0.24,15,0.07,0.87,0.15,4,0.25,2.25,0.47
2024,616,Brock Wright,DET,TE,1,14,GB,32.20338983050847,50,19,0.05,0,0,2,0.5,0,0,17,0,0,0,9,0.11,0,0,10,0,0,0
2024,617,Josh Palmer,LAC,WR,1,13,ATL,15.32258064516129,4.166666666666666,19,0.05,0.58,0.11,9,0,0,0,10,0.1,1.1,0.21,13,0.08,0.85,0.16,6,0,0,0
2024,618,Drake London,ATL,WR,1,15,LV,10.382513661202186,4.761904761904762,19,0.16,2.79,0.75,7,0.43,7.57,2.04,12,0,0,0,15,0.2,3.53,0.95,4,0,0,0
2024,619,Lucas Krull,DEN,TE,1,16,LAC,25,33.33333333333333,19,0.16,1.11,0.27,2,0,0,0,16,0.19,1.31,0.32,8,0.13,0.88,0.21,11,0.18,1.27,0.31
2024,620,John Metchie,HST,WR,1,18,TEN,22.35294117647059,23.52941176470588,19,0.21,1.26,0.23,7,0.43,2.86,0.43,12,0.08,0.33,0.12,15,0.27,1.6,0.29,4,0,0,0
2024,621,Alec Pierce,IND,WR,1,13,NE,17.75700934579439,30,19,0.32,0.84,0.51,4,0,0,0,14,0.43,1.14,0.69,13,0.38,1.23,0.74,6,0.17,0,0
2024,622,KaVontae Turpin,DAL,WR,1,17,PHI,25,22.22222222222222,19,0.21,0.84,0.14,1,0,0,0,18,0.22,0.89,0.14,9,0.22,0,0,10,0.2,1.6,0.26
2024,623,Jeremy Ruckert,NYJ,TE,1,15,JAX,32.758620689655174,30,19,0.16,0.63,0.12,13,0.15,0.92,0.17,5,0.2,0,0,4,0.25,3,0.55,15,0.13,0,0
2024,624,Romeo Doubs,GB,WR,1,15,SEA,27.941176470588236,27.77777777777778,19,0.26,2.11,1,7,0.43,5,2.5,12,0.17,0.42,0.13,10,0.3,1.3,0.83,9,0.22,3,1.19
2024,625,Xavier Hutchinson,HST,WR,1,18,TEN,26.027397260273972,25,19,0.11,0.26,0.08,9,0.11,0,0,9,0.11,0.56,0.17,15,0.07,0.33,0.1,4,0.25,0,0
2024,626,Tucker Kraft,GB,TE,1,13,MIA,15.966386554621847,23.076923076923077,19,0.32,4.11,0.73,4,0,0,0,15,0.4,5.2,0.92,11,0.27,3.91,0.66,8,0.38,4.38,0.81
2024,627,Payne Durham,TB,TE,1,18,NO,22.35294117647059,16.666666666666664,19,0.11,0.84,0.51,9,0,0,0,7,0.14,1.43,0.29,14,0.07,0.71,0.14,5,0.2,1.2,1.52
2024,628,Michael Mayer,LV,TE,1,17,NO,14.50381679389313,10,19,0.11,0.74,0.13,2,0,0,0,16,0.13,0.88,0.15,8,0,0,0,11,0.18,1.27,0.22
2024,629,Puka Nacua,LA,WR,1,16,NYJ,15.447154471544716,15.686274509803921,19,0.42,2.95,0.72,6,0.5,2.83,0.78,13,0.38,3,0.68,12,0.5,4.17,0.92,7,0.29,0.86,0.37
2024,630,Jayden Reed,GB,WR,1,13,MIA,16.8141592920354,26.08695652173913,19,0.32,1.26,0.92,7,0.57,1.71,1.31,11,0.09,0,0,10,0.2,0,0,9,0.44,2.67,1.93
2024,631,Jayden Reed,GB,WR,1,15,SEA,16.8141592920354,26.08695652173913,19,0.32,1.79,0.44,7,0.29,1.71,0.31,12,0.33,1.83,0.52,8,0,0,0,11,0.55,3.09,0.76
2024,632,Jamari Thrash,CLV,WR,1,18,BLT,27.941176470588236,16.666666666666664,19,0.05,0,0,9,0.11,0,0,10,0,0,0,13,0.08,0,0,6,0,0,0
2024,633,Ricky Pearsall,SF,WR,1,14,CHI,12.258064516129032,6.896551724137931,19,0.11,0.26,0.08,2,0,0,0,16,0.13,0.31,0.09,13,0,0,0,6,0.33,0.83,0.25
2024,634,DeAndre Hopkins,KC,WR,1,17,PIT,14.0625,12.5,18,0.22,0.39,0.15,7,0.14,0,0,11,0.27,0.64,0.25,11,0.18,0,0,7,0.29,1,0.39
2024,635,Hunter Henry,NE,TE,1,15,ARZ,19.148936170212767,19.047619047619047,18,0.22,1.39,0.36,8,0.25,1.88,0.44,9,0.22,1.11,0.33,9,0.22,1.67,0.39,9,0.22,1.11,0.33
2024,636,George Kittle,SF,TE,1,14,CHI,12.676056338028168,17.647058823529413,18,0.33,8.39,1.17,2,0,0,0,15,0.4,10.07,1.41,13,0.38,10.62,1.45,5,0.2,2.6,0.46
2024,637,JuJu Smith-Schuster,KC,WR,1,14,LAC,15.929203539823009,18.181818181818183,18,0.11,1.72,0.28,7,0,0,0,10,0.2,3.1,0.51,11,0.18,2.82,0.46,7,0,0,0
2024,638,Cooper Kupp,LA,WR,1,14,BUF,18.947368421052634,36.36363636363637,18,0.44,5.11,1.12,7,0.29,6.14,0.9,10,0.6,4.9,1.39,15,0.47,4.53,1.12,3,0.33,8,1.13
2024,639,River Cracraft,MIA,WR,1,18,NYJ,28.57142857142857,50,18,0.22,2.11,0.43,6,0.33,2.5,0.58,12,0.17,1.92,0.36,9,0.33,2.56,0.59,9,0.11,1.67,0.28
2024,640,Will Dissly,LAC,TE,1,13,ATL,23.684210526315788,8.333333333333332,18,0.06,0,0,9,0,0,0,9,0.11,0,0,13,0,0,0,5,0.2,0,0
2024,641,Jordan Akins,CLV,TE,1,16,CIN,14.87603305785124,8.333333333333332,18,0.11,0.44,0.1,5,0,0,0,12,0.17,0.67,0.15,11,0.09,0.73,0.16,7,0.14,0,0
2024,642,Dalton Schultz,HST,TE,1,18,TEN,13.953488372093023,10.714285714285714,18,0.17,1.61,0.33,7,0.14,1.86,0.33,10,0.2,1.6,0.36,11,0.18,1.82,0.36,7,0.14,1.29,0.27
2024,643,Justin Watson,KC,WR,1,15,CLV,18.556701030927837,10,18,0.06,0,0,10,0.1,0,0,8,0,0,0,15,0.07,0,0,3,0,0,0
2024,644,Justin Watson,KC,WR,1,16,HST,18.556701030927837,10,18,0.06,0,0,10,0.1,0,0,8,0,0,0,14,0,0,0,4,0.25,0,0
2024,645,Cedrick Wilson,NO,WR,1,16,GB,21.176470588235293,7.6923076923076925,18,0.06,0.72,0.13,0,0,0,0,16,0.06,0.81,0.14,8,0,0,0,10,0.1,1.3,0.23
2024,646,Mike Gesicki,CIN,TE,1,15,TEN,11.920529801324504,11.428571428571429,18,0.22,2.06,0.37,4,0.75,9.25,1.68,12,0.08,0,0,4,0.5,5,1,14,0.14,1.21,0.19
2024,647,Dante Pettis,NO,WR,1,15,WAS,19.565217391304348,18.181818181818183,18,0.22,1.33,0.24,6,0.33,2,0.37,12,0.17,1,0.18,15,0.27,1.6,0.29,3,0,0,0
2024,648,Greg Dortch,ARZ,WR,1,18,SF,21.428571428571427,28.57142857142857,18,0.22,2.61,1.15,6,0.5,5.67,3.07,12,0.08,1.08,0.19,13,0.23,3.46,1.04,5,0.2,0.4,1.44
2024,649,Darius Slayton,NYG,WR,1,18,PHI,11.612903225806452,5.555555555555555,18,0.06,0,0,1,0,0,0,17,0.06,0,0,4,0,0,0,14,0.07,0,0
2024,650,Drew Sample,CIN,TE,1,17,DEN,20.454545454545457,9.090909090909092,18,0.06,0.17,0.07,10,0.1,0.3,0.13,7,0,0,0,9,0.11,0.33,0.14,9,0,0,0
2024,651,Noah Fant,SEA,TE,1,18,LA,12.587412587412588,19.35483870967742,18,0.33,3.5,0.96,4,0,0,0,13,0.46,4.85,1.33,11,0.45,4.64,1.37,7,0.14,1.71,0.31
2024,652,Noah Gray,KC,TE,1,14,LAC,20.689655172413794,27.77777777777778,18,0.28,1.44,0.37,3,0,0,0,15,0.33,1.73,0.44,10,0.2,0.4,0.14,8,0.38,2.75,0.65
2024,653,Pat Freiermuth,PIT,TE,1,14,CLV,11.538461538461538,8.333333333333332,18,0.17,2.67,0.77,11,0.09,1.82,0.82,6,0.17,3.5,0.52,13,0.15,3.15,0.93,5,0.2,1.4,0.34
2024,654,DeVonta Smith,PHI,WR,1,17,DAL,15.65217391304348,20.689655172413794,18,0.33,6.67,1.67,7,0.43,8,2.94,11,0.27,5.82,0.85,13,0.38,8.85,2.19,5,0.2,1,0.3
2024,655,Khalil Shakir,BUF,WR,1,17,NYJ,15.254237288135593,15.151515151515152,18,0.28,1.39,0.31,6,0.17,2,0.37,12,0.33,1.08,0.27,13,0.31,1.92,0.42,5,0.2,0,0
2024,656,Dontayvion Wicks,GB,WR,1,14,DET,18.556701030927837,17.24137931034483,18,0.28,2.72,0.49,8,0.13,0,0,9,0.44,5.44,0.99,9,0.11,0,0,9,0.44,5.44,0.99
2024,657,Dontayvion Wicks,GB,WR,1,18,CHI,18.556701030927837,20.689655172413794,18,0.33,2.72,0.55,1,0,0,0,17,0.35,2.88,0.58,16,0.31,2.06,0.46,2,0.5,8,1.3
2024,658,Payne Durham,TB,TE,1,17,CAR,21.176470588235293,25,18,0.17,2,0.64,2,0,0,0,15,0.13,2.07,0.27,13,0.08,0,0,5,0.4,7.2,2.32
2024,659,Devaughn Vele,DEN,WR,1,13,CLV,18.556701030927837,28.57142857142857,18,0.22,0.89,0.14,6,0.5,0,0,12,0.08,1.33,0.22,8,0.38,2,0.33,10,0.1,0,0
2024,660,Troy Franklin,DEN,WR,1,15,IND,21.428571428571427,25,18,0.22,0.5,0.16,5,0.6,1.2,0.32,13,0.08,0.23,0.1,7,0.14,0,0,11,0.27,0.82,0.26
2024,661,Jamison Crowder,WAS,WR,1,16,PHI,25,33.33333333333333,17,0.24,0.88,0.91,8,0.13,0,0,7,0.14,0,0,9,0.11,0,0,8,0.38,1.88,1.94
2024,662,Tyreek Hill,MIA,WR,1,18,NYJ,9.444444444444445,6.25,17,0.18,1.18,0.24,3,0.33,0,0,13,0.15,1.54,0.31,9,0.22,0.78,0.19,8,0.13,1.63,0.29
2024,663,Mack Hollins,BUF,WR,1,15,DET,15.04424778761062,15.789473684210526,17,0.18,0.41,0.1,10,0.2,0.7,0.17,7,0.14,0,0,10,0.2,0.7,0.17,7,0.14,0,0
2024,664,Will Dissly,LAC,TE,1,17,NE,22.36842105263158,25,17,0.18,1.24,0.24,7,0.29,3,0.59,9,0.11,0,0,11,0.18,1.91,0.37,6,0.17,0,0
2024,665,DJ Chark,LAC,WR,1,18,LV,32.075471698113205,33.33333333333333,17,0.18,0.35,0.45,4,0.25,1.5,1.9,12,0.08,0,0,9,0.22,0.67,0.84,8,0.13,0,0
2024,666,Mike Gesicki,CIN,TE,1,14,DAL,11.258278145695364,8.571428571428571,17,0.18,1.41,0.32,8,0.25,2.25,0.47,9,0.11,0.67,0.18,10,0.2,1.8,0.38,7,0.14,0.86,0.23
2024,667,Calvin Ridley,TEN,WR,1,18,HST,9.497206703910614,13.157894736842104,17,0.29,4.47,0.62,5,0.6,7.4,1.14,11,0.18,3.55,0.45,8,0.5,7.88,1.04,9,0.11,1.44,0.26
2024,668,Drew Sample,CIN,TE,1,16,CLV,19.318181818181817,9.090909090909092,17,0.06,0.71,0.13,8,0,0,0,9,0.11,1.33,0.24,12,0.08,1,0.18,5,0,0,0
2024,669,Drew Sample,CIN,TE,1,18,PIT,19.318181818181817,36.36363636363637,17,0.24,0.82,0.32,5,0.2,0.4,0.24,11,0.27,1.09,0.38,7,0,0,0,10,0.4,1.4,0.54
2024,670,Rashod Bateman,BLT,WR,1,13,PHI,16.666666666666664,0,17,0,0,0,1,0,0,0,16,0,0,0,6,0,0,0,11,0,0,0
2024,671,Dyami Brown,WAS,WR,1,13,TEN,17.894736842105264,29.411764705882355,17,0.29,2.06,0.44,3,0,0,0,14,0.36,2.5,0.54,11,0.36,2.09,0.48,6,0.17,2,0.37
2024,672,Tutu Atwell,LA,WR,1,14,BUF,22.972972972972975,17.647058823529413,17,0.18,2.65,0.44,6,0.17,1.83,0.35,11,0.18,3.09,0.49,13,0.23,3.46,0.58,4,0,0,0
2024,673,Terrace Marshall,LV,WR,1,16,JAX,22.07792207792208,0,17,0,0,0,5,0,0,0,12,0,0,0,5,0,0,0,12,0,0,0
2024,674,Tommy Tremble,CAR,TE,1,16,ARZ,13.076923076923078,17.647058823529413,17,0.18,1.88,0.36,9,0.11,1.33,0.24,7,0.29,2.86,0.57,6,0.17,2,0.37,11,0.18,1.82,0.36
2024,675,Jalen Nailor,MIN,WR,1,14,ATL,12.23021582733813,0,17,0,0,0,7,0,0,0,8,0,0,0,10,0,0,0,7,0,0,0
2024,676,Alec Pierce,IND,WR,1,15,DEN,15.887850467289718,20,17,0.24,0,0,9,0.11,0,0,8,0.38,0,0,12,0.08,0,0,5,0.6,0,0
2024,677,Jalen Tolbert,DAL,WR,1,17,PHI,15.59633027522936,20,17,0.24,1.76,0.71,2,0.5,2,3.7,15,0.2,1.73,0.31,8,0.13,2.38,0.36,9,0.33,1.22,1.01
2024,678,Jake Ferguson,DAL,TE,1,15,CAR,16.19047619047619,11.538461538461538,17,0.18,1.35,0.25,7,0.14,0,0,10,0.2,2.3,0.43,10,0.1,0,0,7,0.29,3.29,0.61
2024,679,Dontayvion Wicks,GB,WR,1,13,MIA,17.525773195876287,17.24137931034483,17,0.29,1.76,0.41,5,0.2,0.6,0.26,12,0.33,2.25,0.48,10,0.4,2.1,0.51,7,0.14,1.29,0.27
2024,680,Josh Whyle,TEN,TE,1,15,CIN,29.310344827586203,27.77777777777778,17,0.29,2.18,0.86,2,0,0,0,14,0.29,1.71,0.46,6,0.67,4,1.07,11,0.09,1.18,0.75
2024,681,Dalton Kincaid,BUF,TE,1,17,NYJ,34,12.5,17,0.12,1.41,0.26,4,0,0,0,13,0.15,1.85,0.34,12,0.08,1.08,0.19,5,0.2,2.2,0.42
2024,682,Marvin Mims,DEN,WR,1,17,CIN,22.07792207792208,32,17,0.47,6.06,1.78,1,1,25,9.5,16,0.44,4.88,1.3,3,0.33,8.33,3.17,14,0.5,5.57,1.49
2024,683,Malik Washington,MIA,WR,1,14,NYJ,11.888111888111888,4,17,0.06,0,0,4,0.25,0,0,13,0,0,0,11,0.09,0,0,6,0,0,0
2024,684,Keon Coleman,BUF,WR,1,15,DET,18.681318681318682,10,17,0.12,3.76,0.44,8,0.13,0,0,9,0.11,7.11,0.82,11,0.18,5.82,0.67,6,0,0,0
2024,685,Amari Cooper,BUF,WR,1,16,NE,20.77922077922078,9.090909090909092,16,0.13,0.63,0.13,9,0.11,0,0,7,0.14,1.43,0.29,10,0.1,0,0,6,0.17,1.67,0.33
2024,686,Jamison Crowder,WAS,WR,1,15,NO,23.52941176470588,25,16,0.19,1.69,0.36,4,0,0,0,12,0.25,2.25,0.48,10,0.2,1.7,0.37,6,0.17,1.67,0.33
2024,687,Austin Hooper,NE,TE,1,15,ARZ,17.97752808988764,14.285714285714285,16,0.19,2.38,0.42,3,0,0,0,13,0.23,2.92,0.52,5,0.2,1,0.3,11,0.18,3,0.48
2024,688,Demarcus Robinson,LA,WR,1,14,BUF,11.76470588235294,8.333333333333332,16,0.06,0,0,3,0.33,0,0,12,0,0,0,11,0.09,0,0,5,0,0,0
2024,689,Mike Williams,PIT,WR,1,16,BLT,17.77777777777778,27.27272727272727,16,0.19,1.5,0.34,5,0.4,2.2,0.62,11,0.09,1.18,0.21,11,0.18,1,0.28,5,0.2,2.6,0.46
2024,690,Noah Brown,WAS,WR,1,13,TEN,100,100,16,0.25,1.69,0.36,5,0.2,0,0,11,0.27,2.45,0.52,4,0.5,2.75,0.53,12,0.17,1.33,0.3
2024,691,Zay Jones,ARZ,WR,1,16,CAR,15.238095238095239,0,16,0,0,0,5,0,0,0,11,0,0,0,11,0,0,0,5,0,0,0
2024,692,River Cracraft,MIA,WR,1,15,HST,25.396825396825395,12.5,16,0.06,0.38,0.1,4,0,0,0,12,0.08,0.5,0.13,9,0.11,0.67,0.18,7,0,0,0
2024,693,Will Dissly,LAC,TE,1,14,KC,21.052631578947366,16.666666666666664,16,0.13,1.19,0.24,3,0.33,5,0.83,13,0.08,0.31,0.11,4,0,0,0,12,0.17,1.58,0.33
2024,694,Dallas Goedert,PHI,TE,1,13,BLT,64,40,16,0.25,2.19,0.78,4,0.75,8.75,3.13,11,0,0,0,9,0.33,3.89,1.39,7,0.14,0,0
2024,695,Justin Watson,KC,WR,1,14,LAC,16.49484536082474,0,16,0,0,0,4,0,0,0,12,0,0,0,10,0,0,0,6,0,0,0
2024,696,Ray-Ray McCloud,ATL,WR,1,15,LV,9.30232558139535,10.344827586206897,16,0.19,0.88,0.15,7,0.29,2,0.34,9,0.11,0,0,13,0.15,1.08,0.18,3,0.33,0,0
2024,697,Dante Pettis,NO,WR,1,18,TB,17.391304347826086,27.27272727272727,16,0.38,1,0.6,1,0,0,0,15,0.4,1.07,0.64,8,0.25,0.63,0.94,8,0.5,1.38,0.26
2024,698,Foster Moreau,NO,TE,1,13,LA,15.686274509803921,18.181818181818183,16,0.25,0.38,0.16,1,1,0,0,15,0.2,0.4,0.17,5,0.2,0,0,11,0.27,0.55,0.24
2024,699,Foster Moreau,NO,TE,1,16,GB,15.686274509803921,13.636363636363635,16,0.19,2.06,0.33,1,0,0,0,15,0.2,2.2,0.35,8,0.38,4.13,0.66,8,0,0,0
2024,700,Diontae Johnson,HST,WR,1,18,TEN,100,100,16,0.25,0.75,0.2,7,0.43,0.29,0.17,8,0.13,1.25,0.25,11,0.36,1.09,0.29,5,0,0,0
2024,701,Scott Miller,PIT,WR,1,16,BLT,42.10526315789473,0,16,0,0,0,3,0,0,0,12,0,0,0,8,0,0,0,8,0,0,0
2024,702,Darius Slayton,NYG,WR,1,17,IND,10.32258064516129,16.666666666666664,16,0.19,2,0.64,5,0.4,0,0,11,0.09,2.91,0.93,9,0.11,0,0,7,0.29,4.57,1.46
2024,703,Devin Duvernay,JAX,WR,1,16,LV,16.666666666666664,7.6923076923076925,16,0.06,0.19,0.08,1,0,0,0,15,0.07,0.2,0.09,7,0,0,0,9,0.11,0.33,0.14
2024,704,Noah Gray,KC,TE,1,16,HST,18.39080459770115,5.555555555555555,16,0.06,0.63,0.13,5,0,0,0,11,0.09,0.91,0.18,10,0,0,0,6,0.17,1.67,0.33
2024,705,Terrace Marshall,LV,WR,1,15,ATL,20.77922077922078,20,16,0.06,0.44,0.11,2,0,0,0,13,0.08,0.54,0.13,10,0.1,0.7,0.17,6,0,0,0
2024,706,Kyle Pitts,ATL,TE,1,15,LV,11.76470588235294,19.047619047619047,16,0.25,1.75,0.42,7,0,0,0,9,0.44,3.11,0.76,13,0.23,1.77,0.41,3,0.33,1.67,0.5
2024,707,Tommy Tremble,CAR,TE,1,18,ATL,12.307692307692308,17.647058823529413,16,0.19,1.88,0.69,0,0,0,0,15,0.2,2,0.73,6,0.17,2,1.37,10,0.2,1.8,0.28
2024,708,Peyton Hendershot,KC,TE,1,18,DEN,100,100,16,0.13,1.56,0.28,6,0,0,0,10,0.2,2.5,0.45,9,0.11,1.11,0.22,7,0.14,2.14,0.36
2024,709,John Metchie,HST,WR,1,15,MIA,18.823529411764707,23.52941176470588,16,0.25,1.06,0.23,2,0.5,0,0,11,0.27,1.55,0.34,5,0.4,2,0.4,11,0.18,0.64,0.15
2024,710,Jahan Dotson,PHI,WR,1,14,CAR,11.678832116788321,14.285714285714285,16,0.13,0.31,0.09,12,0,0,0,4,0.5,1.25,0.38,11,0,0,0,5,0.4,1,0.3
2024,711,Will Mallory,IND,TE,1,15,DEN,80,50,16,0.06,0,0,7,0,0,0,9,0.11,0,0,8,0,0,0,8,0.13,0,0
2024,712,Brenton Strange,JAX,TE,1,17,TEN,13.675213675213676,4.166666666666666,16,0.06,0,0,7,0,0,0,9,0.11,0,0,6,0,0,0,10,0.1,0,0
2024,713,Tucker Kraft,GB,TE,1,15,SEA,13.445378151260504,7.6923076923076925,16,0.13,2.13,0.34,4,0.25,6.5,0.9,12,0.08,0.67,0.15,8,0.13,1,0.23,8,0.13,3.25,0.45
2024,714,Tucker Kraft,GB,TE,1,16,NO,13.445378151260504,15.384615384615385,16,0.25,3.94,0.58,4,0,0,0,12,0.33,5.25,0.78,10,0.3,6.3,0.93,6,0.17,0,0
2024,715,Jonathan Mingo,DAL,WR,1,17,PHI,30.18867924528302,30,16,0.19,0.75,0.14,3,0,0,0,13,0.23,0.92,0.17,8,0.13,0,0,8,0.25,1.5,0.28
2024,716,Jayden Reed,GB,WR,1,18,CHI,14.15929203539823,8.695652173913043,16,0.13,3,0.42,1,0,0,0,15,0.13,3.2,0.45,12,0.17,4,0.57,4,0,0,0
2024,717,Xavier Legette,CAR,WR,1,18,ATL,11.76470588235294,15.151515151515152,16,0.31,1.88,0.38,2,1,0,0,13,0.23,2.31,0.46,8,0.5,3.13,0.56,8,0.13,0.63,0.19
2024,718,Ja'Tavion Sanders,CAR,TE,1,15,DAL,16,12.5,16,0.06,0,0,7,0,0,0,9,0.11,0,0,9,0,0,0,7,0.14,0,0
2024,719,Jamari Thrash,CLV,WR,1,17,MIA,23.52941176470588,16.666666666666664,16,0.06,0,0,5,0,0,0,11,0.09,0,0,9,0.11,0,0,7,0,0,0
2024,720,Troy Franklin,DEN,WR,1,16,LAC,19.047619047619047,18.75,16,0.19,1.56,0.28,2,0,0,0,14,0.21,1.79,0.32,12,0.08,0,0,4,0.5,6.25,1.13
2024,721,Troy Franklin,DEN,WR,1,17,CIN,19.047619047619047,12.5,16,0.13,-0.06,0.06,5,0.2,0,0,10,0.1,-0.1,0.09,5,0.2,0,0,10,0.1,-0.1,0.09
2024,722,Robert Woods,HST,WR,1,18,TEN,22.058823529411764,23.076923076923077,15,0.2,2.6,0.39,7,0.14,0,0,6,0.33,6.5,0.98,7,0.14,3.43,0.49,8,0.25,1.88,0.31
2024,723,Amari Cooper,BUF,WR,1,15,DET,19.480519480519483,0,15,0,0,0,9,0,0,0,6,0,0,0,10,0,0,0,5,0,0,0
2024,724,Sterling Shepard,TB,WR,1,16,DAL,13.513513513513514,15.789473684210526,15,0.2,1.33,0.2,3,0.33,0,0,11,0.18,1.82,0.27,8,0.25,0,0,7,0.14,2.86,0.43
2024,725,George Kittle,SF,TE,1,13,BUF,10.56338028169014,5.88235294117647,15,0.13,0.47,0.11,0,0,0,0,15,0.13,0.47,0.11,9,0.11,0.78,0.19,6,0.17,0,0
2024,726,Mike Williams,PIT,WR,1,15,PHI,16.666666666666664,9.090909090909092,15,0.07,1,0.17,0,0,0,0,14,0.07,1.07,0.18,6,0,0,0,9,0.11,1.67,0.28
2024,727,Cedrick Wilson,NO,WR,1,18,TB,17.647058823529413,38.46153846153847,15,0.33,1.47,0.35,3,0.33,0,0,12,0.33,1.83,0.43,6,0.33,1.17,0.28,9,0.33,1.67,0.39
2024,728,Mark Andrews,BLT,TE,1,16,PIT,14.705882352941178,24,15,0.4,2.47,0.91,11,0.45,2.55,1.07,4,0.25,2.25,0.47,12,0.5,3.08,1.14,3,0,0,0
2024,729,Foster Moreau,NO,TE,1,14,NYG,14.705882352941178,9.090909090909092,15,0.13,2.67,0.4,2,0.5,16,2.1,13,0.08,0.62,0.14,10,0.2,4,0.6,5,0,0,0
2024,730,Marquise Brown,KC,WR,1,16,HST,44.11764705882353,53.333333333333336,15,0.53,3,0.63,9,0.44,3.89,0.72,6,0.67,1.67,0.5,13,0.46,3,0.61,2,1,3,0.8
2024,731,Colby Parkinson,LA,TE,1,15,SF,27.77777777777778,50,15,0.27,1.4,0.27,3,0.33,4.67,0.8,12,0.25,0.58,0.14,13,0.31,1.62,0.32,2,0,0,0
2024,732,Jauan Jennings,SF,WR,1,13,BUF,9.49367088607595,10.869565217391305,15,0.33,3.73,0.57,0,0,0,0,15,0.33,3.73,0.57,11,0.27,1.27,0.22,4,0.5,10.5,1.55
2024,733,Van Jefferson,PIT,WR,1,14,CLV,11.811023622047244,7.142857142857142,15,0.07,0.67,0.53,9,0,0,0,5,0,0,0,12,0,0,0,3,0.33,3.33,2.67
2024,734,Noah Gray,KC,TE,1,15,CLV,17.24137931034483,22.22222222222222,15,0.27,1.4,0.67,12,0.33,1.75,0.84,3,0,0,0,13,0.31,1.62,0.78,2,0,0,0
2024,735,Kyle Pitts,ATL,TE,1,16,NYG,11.029411764705882,9.523809523809524,15,0.13,0.47,0.11,5,0,0,0,9,0.11,0.78,0.19,9,0.11,0.78,0.19,6,0.17,0,0
2024,736,Tommy Tremble,CAR,TE,1,14,PHI,11.538461538461538,5.88235294117647,15,0.07,0.2,0.49,9,0.11,0.33,0.81,5,0,0,0,9,0.11,0.33,0.81,6,0,0,0
2024,737,Khalil Shakir,BUF,WR,1,13,SF,12.711864406779661,21.21212121212121,15,0.47,2,0.47,2,1,2,0.7,12,0.42,2.17,0.47,13,0.46,1.69,0.4,2,0.5,4,0.9
2024,738,Stone Smartt,LAC,TE,1,17,NE,18.072289156626507,13.333333333333334,15,0.13,1.53,0.29,8,0.13,1.13,0.24,4,0.25,3.5,0.6,9,0.11,1,0.21,6,0.17,2.33,0.4
2024,739,Lucas Krull,DEN,TE,1,15,IND,19.736842105263158,22.22222222222222,15,0.13,0.53,0.19,4,0,0,0,11,0.18,0.73,0.25,7,0.14,1.14,0.26,8,0.13,0,0.13
2024,740,Jahan Dotson,PHI,WR,1,13,BLT,10.948905109489052,7.142857142857142,15,0.07,0.47,0.11,2,0,0,0,12,0.08,0.58,0.14,6,0.17,1.17,0.28,9,0,0,0
2024,741,Calvin Austin,PIT,WR,1,14,CLV,10.204081632653061,15,15,0.2,0.27,0.09,6,0.17,0,0,8,0.25,0.5,0.17,9,0.11,0,0,6,0.33,0.67,0.23
2024,742,Christian Watson,GB,WR,1,15,SEA,20,35.294117647058826,15,0.4,3.73,0.57,6,0.33,1.83,0.35,9,0.44,5,0.72,7,0.43,1.57,0.3,8,0.38,5.63,0.81
2024,743,Demario Douglas,NE,WR,1,15,ARZ,12.5,15,15,0.2,0.73,0.67,5,0,0,0,9,0.22,0.89,0.31,6,0.17,0.67,0.23,9,0.22,0.78,0.97
2024,744,Julian Hill,MIA,TE,1,18,NYJ,31.25,0,15,0,0,0,3,0,0,0,10,0,0,0,9,0,0,0,6,0,0,0
2024,745,Brenton Strange,JAX,TE,1,16,LV,12.82051282051282,16.666666666666664,15,0.27,1.47,0.28,2,0.5,6.5,1.15,13,0.23,0.69,0.15,10,0.4,2.2,0.42,5,0,0,0
2024,746,Marvin Mims,DEN,WR,1,18,KC,19.480519480519483,20,15,0.33,3.4,1.47,3,0.33,10.67,3.4,12,0.33,1.58,0.99,7,0.29,5.57,2.56,8,0.38,1.5,0.53
2024,747,Javon Baker,NE,WR,1,18,BUF,71.42857142857143,33.33333333333333,15,0.07,0.8,0.15,4,0,0,0,10,0.1,1.2,0.22,9,0.11,1.33,0.24,6,0,0,0
2024,748,George Kittle,SF,TE,1,18,ARZ,9.859154929577464,8.823529411764707,14,0.21,1.93,0.34,5,0,0,0,9,0.33,3,0.52,8,0.13,0.75,0.2,6,0.33,3.5,0.52
2024,749,JuJu Smith-Schuster,KC,WR,1,17,PIT,12.389380530973451,18.181818181818183,14,0.14,1.29,0.27,5,0.2,2.6,0.46,9,0.11,0.56,0.17,7,0.14,1.86,0.33,7,0.14,0.71,0.21
2024,750,Zay Jones,ARZ,WR,1,14,SEA,13.333333333333334,22.22222222222222,14,0.14,0.93,0.16,4,0.5,3.25,0.57,7,0,0,0,3,0.67,4.33,0.77,11,0,0,0
2024,751,Foster Moreau,NO,TE,1,15,WAS,13.725490196078432,18.181818181818183,14,0.29,2.79,0.99,4,0.25,0.25,1.77,9,0.22,3.44,0.57,8,0.38,4,1.52,6,0.17,1.17,0.28
2024,752,Greg Dortch,ARZ,WR,1,16,CAR,16.666666666666664,7.142857142857142,14,0.07,1.36,0.21,6,0,0,0,8,0.13,2.38,0.36,10,0,0,0,4,0.25,4.75,0.72
2024,753,Greg Dortch,ARZ,WR,1,17,LA,16.666666666666664,21.428571428571427,14,0.21,1.29,0.34,7,0.14,1.43,0.29,6,0.33,1.33,0.47,12,0.25,1.5,0.4,2,0,0,0
2024,754,Drew Sample,CIN,TE,1,14,DAL,15.909090909090908,18.181818181818183,14,0.14,0.93,0.24,4,0,0,0,10,0.2,1.3,0.33,8,0.13,0.13,0.14,6,0.17,2,0.37
2024,755,Deebo Samuel,SF,WR,1,13,BUF,10.606060606060606,20.833333333333336,14,0.36,1.43,0.43,0,0,0,0,14,0.36,1.43,0.43,10,0.3,1.3,0.43,4,0.5,1.75,0.42
2024,756,Jauan Jennings,SF,WR,1,18,ARZ,8.860759493670885,21.73913043478261,14,0.71,3.71,0.87,4,0.75,4.25,0.93,10,0.7,3.5,0.85,8,0.75,6,1.35,6,0.67,0.67,0.23
2024,757,Dyami Brown,WAS,WR,1,18,DAL,14.736842105263156,23.52941176470588,14,0.29,1.14,0.33,7,0.29,1.57,0.3,7,0.29,0.71,0.36,9,0.44,1.78,0.51,5,0,0,0
2024,758,Luke Farrell,JAX,TE,1,16,LV,35,60,14,0.21,0.57,0.2,0,0,0,0,14,0.21,0.57,0.2,5,0.2,1.2,0.32,9,0.22,0.22,0.13
2024,759,Grant Calcaterra,PHI,TE,1,18,NYG,12.068965517241379,40,14,0.29,0.71,0.21,2,0,0,0,10,0.4,1,0.3,11,0.36,0.91,0.27,3,0,0,0
2024,760,Isaiah Likely,BLT,TE,1,15,NYG,16.666666666666664,10.526315789473683,14,0.14,1.21,0.26,3,0,0,0,11,0.18,1.55,0.34,11,0.09,1,0.19,3,0.33,2,0.53
2024,761,Isaiah Likely,BLT,TE,1,16,PIT,16.666666666666664,15.789473684210526,14,0.21,2.07,0.85,10,0.3,2.9,1.19,4,0,0,0,11,0.27,2.64,1.08,3,0,0,0
2024,762,Isaiah Likely,BLT,TE,1,17,HST,16.666666666666664,5.263157894736842,14,0.07,0.64,0.56,4,0,0,0,7,0,0,0,6,0,0,0,8,0.13,1.13,0.99
2024,763,Daniel Bellinger,NYG,TE,1,17,IND,13.084112149532709,0,14,0,0,0,5,0,0,0,9,0,0,0,8,0,0,0,6,0,0,0
2024,764,Malik Heath,GB,WR,1,18,CHI,51.85185185185185,83.33333333333334,14,0.36,3.79,0.59,1,0,0,0,13,0.38,4.08,0.64,10,0.5,5.3,0.83,4,0,0,0
2024,765,Marvin Mims,DEN,WR,1,13,CLV,18.181818181818183,16,14,0.29,7.5,1.39,4,0.5,1.25,0.38,10,0.2,10,1.8,8,0.13,0,0,6,0.5,17.5,3.25
2024,766,Zay Flowers,BLT,WR,1,17,HST,12.389380530973451,17.24137931034483,14,0.36,2.21,0.36,3,0.33,0,0,9,0.44,3.44,0.57,8,0.25,3.38,0.46,6,0.5,0.67,0.23
2024,767,Jayden Reed,GB,WR,1,14,DET,12.389380530973451,4.3478260869565215,14,0.07,0,0,7,0.14,0,0,6,0,0,0,7,0.14,0,0,7,0,0,0
2024,768,Devaughn Vele,DEN,WR,1,18,KC,14.432989690721648,28.57142857142857,14,0.29,3.57,1.07,5,0.2,6.4,0.84,9,0.33,2,1.2,8,0.38,5,1.63,6,0.17,1.67,0.33
2024,769,Troy Franklin,DEN,WR,1,18,KC,16.666666666666664,12.5,14,0.14,0.86,0.23,5,0,0,0,9,0.22,1.33,0.36,7,0.14,0.71,0.21,7,0.14,1,0.24
2024,770,Robert Woods,HST,WR,1,17,BLT,19.11764705882353,15.384615384615385,13,0.15,1.62,0.32,4,0,0,0,9,0.22,2.33,0.46,9,0.22,2.33,0.46,4,0,0,0
2024,771,Odell Beckham,MIA,WR,1,13,GB,59.09090909090909,66.66666666666666,13,0.15,0.69,0.15,1,1,9,1.9,12,0.08,0,0,10,0.1,0,0,3,0.33,3,0.63
2024,772,Tyler Lockett,SEA,WR,1,18,LA,8.96551724137931,26.666666666666668,13,0.31,2.15,0.37,5,0.2,2.2,0.42,8,0.38,2.13,0.34,7,0.29,1.57,0.3,6,0.33,2.83,0.45
2024,773,Austin Hooper,NE,TE,1,13,IND,14.606741573033707,19.047619047619047,13,0.31,3.23,1.09,3,0.33,5.33,2.87,10,0.3,2.6,0.56,8,0.38,4.25,1.55,5,0.2,1.6,0.36
2024,774,Kendrick Bourne,NE,WR,1,18,BUF,13.131313131313133,14.285714285714285,13,0.15,0.92,0.25,4,0,0,0,9,0.22,1.33,0.36,9,0.11,0.33,0.14,4,0.25,2.25,0.47
2024,775,Mike Williams,PIT,WR,1,18,CIN,14.444444444444443,9.090909090909092,13,0.08,1.92,0.27,2,0.5,12.5,1.75,11,0,0,0,5,0.2,5,0.7,8,0,0,0
2024,776,Josh Reynolds,JAX,WR,1,17,TEN,16.455696202531644,0,13,0,0,0,6,0,0,0,6,0,0,0,6,0,0,0,7,0,0,0
2024,777,Mike Gesicki,CIN,TE,1,16,CLV,8.609271523178808,5.714285714285714,13,0.15,1.08,0.26,8,0.13,1.13,0.24,5,0.2,1,0.3,10,0.1,0.9,0.19,3,0.33,1.67,0.5
2024,778,Olamide Zaccheaus,WAS,WR,1,13,TEN,10.4,10.344827586206897,13,0.23,1.08,0.34,3,0.67,2.33,0.9,10,0.1,0.7,0.17,7,0.29,1.43,0.43,6,0.17,0.67,0.23
2024,779,Drew Sample,CIN,TE,1,13,PIT,14.772727272727273,18.181818181818183,13,0.15,0.62,0.22,3,0,0,0,10,0.2,0.8,0.28,5,0.2,1.2,0.32,8,0.13,0.25,0.15
2024,780,Colby Parkinson,LA,TE,1,14,BUF,24.074074074074073,12.5,13,0.08,0.85,0.16,6,0,0,0,6,0.17,1.83,0.35,10,0.1,1.1,0.21,3,0,0,0
2024,781,Jalen Reagor,LAC,WR,1,14,KC,68.42105263157895,100,13,0.08,0.31,0.11,3,0.33,1.33,0.47,10,0,0,0,5,0.2,0.8,0.28,8,0,0,0
2024,782,Rashod Bateman,BLT,WR,1,17,HST,12.745098039215685,6.25,13,0.08,0.92,0.17,3,0.33,4,0.73,8,0,0,0,8,0.13,1.5,0.28,5,0,0,0
2024,783,Jaylen Waddle,MIA,WR,1,15,HST,9.701492537313433,7.6923076923076925,13,0.15,0,0,2,0.5,0,0,11,0.09,0,0,6,0.33,0,0,7,0,0,0
2024,784,John Bates,WAS,TE,1,13,TEN,39.39393939393939,0,13,0,0,0,3,0,0,0,10,0,0,0,7,0,0,0,6,0,0,0
2024,785,Kylen Granson,IND,TE,1,15,DEN,17.80821917808219,26.666666666666668,13,0.31,3.62,0.59,4,0.5,8,1.3,9,0.22,1.67,0.28,5,0.6,6.4,1.04,8,0.13,1.88,0.31
2024,786,Terrace Marshall,LV,WR,1,17,NO,16.883116883116884,40,13,0.15,2.15,0.29,6,0.17,4.67,0.63,6,0.17,0,0,6,0.17,4.67,0.63,7,0.14,0,0
2024,787,Terrace Marshall,LV,WR,1,18,LAC,16.883116883116884,0,13,0,0,0,3,0,0,0,10,0,0,0,5,0,0,0,8,0,0,0
2024,788,Grant Calcaterra,PHI,TE,1,17,DAL,11.206896551724139,20,13,0.15,2.62,0.34,6,0,0,0,7,0.29,4.86,0.63,9,0.11,0,0,4,0.25,8.5,1.1
2024,789,Jahan Dotson,PHI,WR,1,17,DAL,9.48905109489051,0,13,0,0,0,6,0,0,0,7,0,0,0,9,0,0,0,4,0,0,0
2024,790,Jeremy Ruckert,NYJ,TE,1,18,MIA,22.413793103448278,20,13,0.15,0.38,0.12,2,0,0,0,9,0.22,0.56,0.17,4,0,0,0,9,0.22,0.56,0.17
2024,791,Calvin Austin,PIT,WR,1,13,CIN,8.843537414965986,10,13,0.15,2.23,0.84,4,0.25,5.75,2.33,9,0.11,0.67,0.18,4,0,0,0,9,0.22,3.22,1.21
2024,792,Dontayvion Wicks,GB,WR,1,16,NO,13.402061855670103,20.689655172413794,13,0.46,1,0.79,8,0.75,1.63,1.29,5,0,0,0,6,0.33,2,0.37,7,0.57,0.14,1.16
2024,793,Xavier Gipson,NYJ,WR,1,13,SEA,59.09090909090909,100,13,0.08,-0.08,0.07,7,0.14,-0.14,0.13,4,0,0,0,6,0.17,-0.17,0.15,7,0,0,0
2024,794,Dalton Kincaid,BUF,TE,1,16,NE,26,43.75,13,0.54,1.15,0.42,9,0.67,1.67,0.61,4,0.25,0,0,9,0.56,0.89,0.42,4,0.5,1.75,0.42
2024,795,Jalin Hyatt,NYG,WR,1,13,DAL,22.807017543859647,28.57142857142857,13,0.15,0.62,0.22,3,0,0,0,10,0.2,0.8,0.28,6,0.17,1.17,0.28,7,0.14,0.14,0.16
2024,796,Jalin Hyatt,NYG,WR,1,14,NO,22.807017543859647,28.57142857142857,13,0.15,0,0,6,0,0,0,7,0.29,0,0,6,0,0,0,7,0.29,0,0
2024,797,Jalin Hyatt,NYG,WR,1,15,BLT,22.807017543859647,0,13,0,0,0,6,0,0,0,7,0,0,0,7,0,0,0,6,0,0,0
2024,798,Elijah Higgins,ARZ,TE,1,17,LA,24.074074074074073,33.33333333333333,13,0.15,1.77,0.33,0,0,0,0,13,0.15,1.77,0.33,7,0.29,3.29,0.61,6,0,0,0
2024,799,Elijah Higgins,ARZ,TE,1,18,SF,24.074074074074073,0,13,0,0,0,5,0,0,0,8,0,0,0,5,0,0,0,8,0,0,0
2024,800,Jonathan Mingo,DAL,WR,1,18,WAS,24.528301886792452,20,13,0.15,1.85,0.34,5,0,0,0,7,0.29,3.43,0.63,7,0.14,2,0.34,6,0.17,1.67,0.33
2024,801,Jamari Thrash,CLV,WR,1,16,CIN,19.11764705882353,16.666666666666664,13,0.08,0,0,1,0,0,0,12,0.08,0,0,6,0.17,0,0,7,0,0,0
2024,802,Devin Culp,TB,TE,1,18,NO,50,33.33333333333333,13,0.15,2.77,0.43,5,0,0,0,7,0.29,5.14,0.8,8,0.13,2,0.33,5,0.2,4,0.6
2024,803,Adonai Mitchell,IND,WR,1,13,NE,24.074074074074073,18.181818181818183,13,0.15,0,0,6,0.17,0,0,6,0,0,0,8,0,0,0,5,0.4,0,0
2024,804,Zach Ertz,WAS,TE,1,15,NO,8.695652173913043,9.523809523809524,12,0.17,2.08,0.38,3,0.33,6.33,0.97,9,0.11,0.67,0.18,8,0.13,2.38,0.36,4,0.25,1.5,0.4
2024,805,Jamison Crowder,WAS,WR,1,18,DAL,17.647058823529413,0,12,0,0,0,8,0,0,0,4,0,0,0,9,0,0,0,3,0,0,0
2024,806,Austin Hooper,NE,TE,1,17,LAC,13.48314606741573,14.285714285714285,12,0.25,1.58,0.41,4,0.25,1.25,0.38,8,0.25,1.75,0.42,6,0,0,0,6,0.5,3.17,0.82
2024,807,Demarcus Robinson,LA,WR,1,16,NYJ,8.823529411764707,8.333333333333332,12,0.08,0,0,4,0.25,0,0,8,0,0,0,9,0.11,0,0,3,0,0,0
2024,808,Mike Williams,PIT,WR,1,13,CIN,13.333333333333334,0,12,0,0,0,4,0,0,0,6,0,0,0,5,0,0,0,7,0,0,0
2024,809,Mike Williams,PIT,WR,1,14,CLV,13.333333333333334,36.36363636363637,12,0.33,3,0.55,7,0.43,4.14,0.7,5,0.2,1.4,0.34,9,0.33,3.22,0.54,3,0.33,2.33,0.57
2024,810,Jordan Akins,CLV,TE,1,14,PIT,9.917355371900827,4.166666666666666,12,0.08,1.17,0.2,5,0,0,0,7,0.14,2,0.34,8,0.13,1.75,0.3,4,0,0,0
2024,811,Cedrick Wilson,NO,WR,1,13,LA,14.117647058823529,7.6923076923076925,12,0.08,1.58,0.24,2,0,0,0,9,0.11,2.11,0.32,4,0,0,0,8,0.13,2.38,0.36
2024,812,Mark Andrews,BLT,TE,1,17,HST,11.76470588235294,8,12,0.17,5.67,1.23,2,0,0,0,7,0.14,9.57,1.1,5,0.2,13.4,1.54,7,0.14,0.14,1.01
2024,813,Dante Pettis,NO,WR,1,14,NYG,13.043478260869565,9.090909090909092,12,0.17,0,0,0,0,0,0,12,0.17,0,0,3,0,0,0,9,0.22,0,0
2024,814,Dante Pettis,NO,WR,1,17,LV,13.043478260869565,18.181818181818183,12,0.33,2.25,0.48,3,0,0,0,9,0.44,3,0.63,10,0.2,0.2,0.12,2,1,12.5,2.25
2024,815,Lil'Jordan Humphrey,DEN,WR,1,16,LAC,27.27272727272727,0,12,0,0,0,1,0,0,0,11,0,0,0,8,0,0,0,4,0,0,0
2024,816,Greg Dortch,ARZ,WR,1,15,NE,14.285714285714285,21.428571428571427,12,0.25,5,0.75,4,0.25,9.75,1.23,8,0.25,2.63,0.51,7,0.43,8.57,1.29,5,0,0,0
2024,817,Michael Pittman,IND,WR,1,16,TEN,8.108108108108109,7.894736842105263,12,0.25,1.58,0.33,4,0.5,2.5,0.5,8,0.13,1.13,0.24,6,0.17,1.67,0.33,6,0.33,1.5,0.32
2024,818,Kenny Yeboah,NYJ,TE,1,15,JAX,41.37931034482759,0,12,0,0,0,7,0,0,0,5,0,0,0,6,0,0,0,6,0,0,0
2024,819,Brock Wright,DET,TE,1,17,SF,20.33898305084746,0,12,0,0,0,1,0,0,0,10,0,0,0,11,0,0,0,1,0,0,0
2024,820,Kylen Granson,IND,TE,1,13,NE,16.43835616438356,20,12,0.25,0,0,4,0.25,0,0,7,0.29,0,0,6,0.33,0,0,6,0.17,0,0
2024,821,Tommy Tremble,CAR,TE,1,17,TB,9.230769230769232,0,12,0,0,0,2,0,0,0,10,0,0,0,6,0,0,0,6,0,0,0
2024,822,Lucas Krull,DEN,TE,1,13,CLV,15.789473684210526,33.33333333333333,12,0.25,2,0.45,3,0,0,0,9,0.33,2.67,0.6,5,0,0,0,7,0.43,3.43,0.77
2024,823,Jalen Tolbert,DAL,WR,1,15,CAR,11.009174311926607,10,12,0.17,0.92,0.67,4,0.25,0,0,7,0,0,0,7,0.14,0,0,5,0.2,2.2,1.62
2024,824,KaVontae Turpin,DAL,WR,1,16,TB,15.789473684210526,5.555555555555555,12,0.08,0.58,0.14,1,0,0,0,9,0.11,0.78,0.19,5,0,0,0,7,0.14,1,0.24
2024,825,Derius Davis,LAC,WR,1,14,KC,30,33.33333333333333,12,0.25,0.08,0.18,3,0.33,0,0,9,0.22,0.11,0.23,3,0,0,0,9,0.33,0.11,0.23
2024,826,Josh Downs,IND,WR,1,16,TEN,10.81081081081081,14.285714285714285,12,0.33,5.08,1.26,5,0.4,11.6,2.76,7,0.29,0.43,0.19,5,0.2,6.2,0.82,7,0.43,4.29,1.57
2024,827,Xavier Legette,CAR,WR,1,15,DAL,8.823529411764707,9.090909090909092,12,0.25,0.58,0.23,4,0,0,0,8,0.38,0.88,0.34,7,0.43,1,0.39,5,0,0,0
2024,828,Luke McCaffrey,WAS,WR,1,18,DAL,27.906976744186046,0,12,0,0,0,5,0,0,0,7,0,0,0,6,0,0,0,6,0,0,0
2024,829,Bryce Oliver,TEN,WR,1,18,HST,48,40,12,0.17,1.25,0.21,2,0.5,7.5,1.25,10,0.1,0,0,6,0.17,2.5,0.42,6,0.17,0,0
2024,830,Jordan Whittington,LA,WR,1,18,SEA,66.66666666666666,80,12,0.33,7.17,0.97,5,0.6,12.4,1.64,7,0.14,3.43,0.49,4,0.75,21.5,2.9,8,0.13,0,0
2024,831,Ricky Pearsall,SF,WR,1,13,BUF,7.741935483870968,3.4482758620689653,12,0.08,0,0,0,0,0,0,12,0.08,0,0,8,0,0,0,4,0.25,0,0
2024,832,Amari Cooper,BUF,WR,1,13,SF,14.285714285714285,13.636363636363635,11,0.27,1.09,0.38,3,0.67,2.33,0.9,6,0.17,0.83,0.25,10,0.3,1.2,0.42,1,0,0,0
2024,833,Amari Cooper,BUF,WR,1,17,NYJ,14.285714285714285,13.636363636363635,11,0.27,5.09,1.33,5,0.4,5.2,0.92,6,0.17,5,1.67,9,0.33,6.22,1.62,2,0,0,0
2024,834,Mack Hollins,BUF,WR,1,17,NYJ,9.734513274336283,10.526315789473683,11,0.18,3,0.48,3,0,0,0,8,0.25,4.13,0.66,7,0,0,0,4,0.5,8.25,1.32
2024,835,Cooper Kupp,LA,WR,1,16,NYJ,11.578947368421053,13.636363636363635,11,0.27,2.18,0.49,3,0.33,2.67,0.6,8,0.25,2,0.45,6,0.33,3.33,0.67,5,0.2,0.8,0.28
2024,836,River Cracraft,MIA,WR,1,16,SF,17.46031746031746,25,11,0.18,0.55,0.15,4,0.25,0,0,7,0.14,0.86,0.23,3,0.33,0,0,8,0.13,0.75,0.2
2024,837,River Cracraft,MIA,WR,1,17,CLV,17.46031746031746,12.5,11,0.09,1.45,0.24,6,0.17,2.67,0.43,5,0,0,0,5,0.2,3.2,0.52,6,0,0,0
2024,838,Jordan Akins,CLV,TE,1,13,DEN,9.090909090909092,4.166666666666666,11,0.09,0,0,2,0,0,0,9,0.11,0,0,6,0,0,0,5,0.2,0,0
2024,839,Cedrick Wilson,NO,WR,1,15,WAS,12.941176470588237,7.6923076923076925,11,0.09,0,0,6,0.17,0,0,4,0,0,0,7,0.14,0,0,4,0,0,0
2024,840,DJ Chark,LAC,WR,1,14,KC,20.754716981132077,11.11111111111111,11,0.09,0.82,0.17,4,0,0,0,7,0.14,1.29,0.27,3,0,0,0,8,0.13,1.13,0.24
2024,841,KhaDarel Hodge,ATL,WR,1,17,WAS,22.448979591836736,66.66666666666666,11,0.36,0.82,0.17,4,0.25,0,0,7,0.43,1.29,0.27,8,0.38,1.13,0.24,3,0.33,0,0
2024,842,Josh Oliver,MIN,TE,1,18,DET,26.190476190476193,60,11,0.27,1.45,0.33,6,0.33,2.17,0.38,4,0.25,0.75,0.33,4,0,0,0,7,0.43,2.29,0.51
2024,843,Scott Miller,PIT,WR,1,14,CLV,28.947368421052634,80,11,0.36,3.45,0.62,8,0.38,3.63,0.61,2,0.5,4.5,0.95,9,0.33,1.89,0.41,2,0.5,10.5,1.55
2024,844,Dawson Knox,BUF,TE,1,13,SF,12.222222222222221,20,11,0.18,5.09,0.69,0,0,0,0,9,0.22,6.22,0.84,9,0.22,6.22,0.84,2,0,0,0
2024,845,Dawson Knox,BUF,TE,1,17,NYJ,12.222222222222221,30,11,0.27,0.36,0.13,4,0.5,1,0.35,7,0.14,0,0,9,0.22,0.44,0.16,2,0.5,0,0
2024,846,Noah Gray,KC,TE,1,17,PIT,12.643678160919542,5.555555555555555,11,0.09,0.55,0.15,4,0.25,1.5,0.4,7,0,0,0,8,0.13,0.75,0.2,3,0,0,0
2024,847,Zach Davidson,BUF,TE,1,14,LA,73.33333333333333,0,11,0,0,0,3,0,0,0,8,0,0,0,6,0,0,0,5,0,0,0
2024,848,Stone Smartt,LAC,TE,1,14,KC,13.253012048192772,20,11,0.27,4.91,0.76,5,0,0,0,6,0.5,9,1.4,4,0.25,6,0.85,7,0.29,4.29,0.71
2024,849,Jalen Tolbert,DAL,WR,1,16,TB,10.091743119266056,15,11,0.27,1.82,0.91,2,0,0,0,8,0.25,1.25,0.25,7,0.14,1.43,0.29,4,0.5,2.5,2
2024,850,Christian Watson,GB,WR,1,16,NO,14.666666666666666,5.88235294117647,11,0.09,0,0,3,0.33,0,0,8,0,0,0,9,0.11,0,0,2,0,0,0
2024,851,Darnell Washington,PIT,TE,1,16,BLT,28.205128205128204,0,11,0,0,0,4,0,0,0,6,0,0,0,7,0,0,0,4,0,0,0
2024,852,Marvin Mims,DEN,WR,1,15,IND,14.285714285714285,16,11,0.36,1.82,0.55,2,0.5,3,0.8,9,0.33,1.56,0.49,9,0.33,1.89,0.52,2,0.5,1.5,0.65
2024,853,Michael Mayer,LV,TE,1,13,KC,8.396946564885496,10,11,0.18,0.45,0.14,3,0.33,0,0,8,0.13,0.63,0.19,3,0.33,0,0,8,0.13,0.63,0.19
2024,854,Cade Stover,HST,TE,1,18,TEN,42.30769230769231,33.33333333333333,11,0.09,0,0,6,0.17,0,0,4,0,0,0,9,0.11,0,0,2,0,0,0
2024,855,Jamari Thrash,CLV,WR,1,13,DEN,16.176470588235293,33.33333333333333,11,0.18,1,0.28,2,0,0,0,9,0.22,1.22,0.34,7,0.14,0.43,0.19,4,0.25,2,0.45
2024,856,Ryan Flournoy,DAL,WR,1,16,TB,47.82608695652174,37.5,11,0.27,3.73,0.65,1,0,0,0,10,0.3,4.1,0.71,6,0.17,0.17,0.18,5,0.4,8,1.2
2024,857,Devin Culp,TB,TE,1,17,CAR,42.30769230769231,66.66666666666666,11,0.36,4.73,0.75,1,0,0,0,9,0.44,5.78,0.91,4,0.5,2.25,0.47,7,0.29,6.14,0.9
2024,858,AJ Barner,SEA,TE,1,15,GB,29.72972972972973,23.076923076923077,11,0.27,0.45,0.14,0,0,0,0,11,0.27,0.45,0.14,3,0.33,1.67,0.5,8,0.25,0,0
2024,859,Adonai Mitchell,IND,WR,1,16,TEN,20.37037037037037,9.090909090909092,11,0.09,3.27,0.42,4,0,0,0,7,0.14,5.14,0.66,6,0.17,6,0.77,5,0,0,0
2024,860,Robert Woods,HST,WR,1,15,MIA,14.705882352941178,15.384615384615385,10,0.2,1.2,0.32,1,0,0,0,9,0.22,1.33,0.36,5,0.2,2.4,0.44,5,0.2,0,0.2
2024,861,MyCole Pruitt,PIT,TE,1,13,CIN,45.45454545454545,40,10,0.2,2.1,0.41,3,0.33,6,0.93,6,0.17,0.5,0.22,3,0.33,6,0.93,7,0.14,0.43,0.19
2024,862,Kendrick Bourne,NE,WR,1,15,ARZ,10.1010101010101,21.428571428571427,10,0.3,4.4,0.74,5,0.6,8.8,1.48,4,0,0,0,4,0.75,11,1.85,6,0,0,0
2024,863,David Moore,CAR,WR,1,17,TB,6.25,4.166666666666666,10,0.1,1.7,0.27,0,0,0,0,8,0.13,2.13,0.34,5,0.2,3.4,0.54,5,0,0,0
2024,864,Zay Jones,ARZ,WR,1,15,NE,9.523809523809524,11.11111111111111,10,0.1,0.3,0.13,5,0,0,0,5,0.2,0.6,0.26,8,0,0,0,2,0.5,1.5,0.65
2024,865,Cedrick Wilson,NO,WR,1,14,NYG,11.76470588235294,7.6923076923076925,10,0.1,1.8,0.28,4,0,0,0,6,0.17,3,0.47,7,0.14,2.57,0.4,3,0,0,0
2024,866,DJ Chark,LAC,WR,1,17,NE,18.867924528301888,33.33333333333333,10,0.3,0,0,4,0.25,0,0,6,0.33,0,0,7,0.43,0,0,3,0,0,0
2024,867,Josh Oliver,MIN,TE,1,17,GB,23.809523809523807,0,10,0,0,0,3,0,0,0,7,0,0,0,5,0,0,0,5,0,0,0
2024,868,Lil'Jordan Humphrey,DEN,WR,1,18,KC,22.727272727272727,66.66666666666666,10,0.2,2.6,0.46,2,0.5,4.5,0.95,8,0.13,2.13,0.34,7,0.29,3.71,0.66,3,0,0,0
2024,869,Parris Campbell,PHI,WR,1,13,BLT,100,0,10,0,0,0,4,0,0,0,5,0,0,0,4,0,0,0,6,0,0,0
2024,870,Josiah Deguara,JAX,TE,1,16,LV,62.5,100,10,0.1,0.4,0.14,0,0,0,0,10,0.1,0.4,0.14,4,0.25,1,0.35,6,0,0,0
2024,871,Terrace Marshall,LV,WR,1,13,KC,12.987012987012985,20,10,0.1,0,0,4,0,0,0,6,0.17,0,0,2,0,0,0,8,0.13,0,0
2024,872,Bo Melton,GB,WR,1,17,MIN,33.33333333333333,80,10,0.4,1.8,0.48,8,0.38,2.25,0.6,2,0.5,0,0,5,0.2,0.8,0.28,5,0.6,2.8,0.68
2024,873,Andrew Ogletree,IND,TE,1,17,NYG,28.57142857142857,0,10,0,0,0,3,0,0,0,5,0,0,0,7,0,0,0,3,0,0,0
2024,874,Jalen Brooks,DAL,WR,1,18,WAS,41.66666666666667,0,10,0,0,0,6,0,0,0,4,0,0,0,7,0,0,0,3,0,0,0
2024,875,Julian Hill,MIA,TE,1,17,CLV,20.833333333333336,0,10,0,0,0,2,0,0,0,8,0,0,0,5,0,0,0,5,0,0,0
2024,876,Brenton Strange,JAX,TE,1,14,TEN,8.547008547008547,4.166666666666666,10,0.1,2.1,0.31,0,0,0,0,10,0.1,2.1,0.31,5,0.2,4.2,0.62,5,0,0,0
2024,877,Luke McCaffrey,WAS,WR,1,17,ATL,23.25581395348837,0,10,0,0,0,1,0,0,0,9,0,0,0,6,0,0,0,4,0,0,0
2024,878,Jaheim Bell,NE,TE,1,18,BUF,66.66666666666666,100,10,0.1,1.9,0.29,2,0,0,0,7,0.14,2.71,0.41,5,0,0,0,5,0.2,3.8,0.58
2024,879,Odell Beckham,MIA,WR,1,14,NYJ,40.909090909090914,33.33333333333333,9,0.11,0.11,0.12,3,0,0,0,5,0.2,0.2,0.22,2,0,0,0,7,0.14,0.14,0.16
2024,880,Nick Vannett,TEN,TE,1,14,JAX,42.857142857142854,28.57142857142857,9,0.22,0.44,0.16,5,0.2,0,0,2,0.5,2,0.7,6,0.17,0.67,0.23,3,0.33,0,0
2024,881,Mo Alie-Cox,IND,TE,1,18,JAX,27.27272727272727,16.666666666666664,9,0.11,0,0,3,0,0,0,6,0.17,0,0,3,0,0,0,6,0.17,0,0
2024,882,Johnny Mundt,MIN,TE,1,13,ARZ,47.368421052631575,66.66666666666666,9,0.22,2.44,1.13,2,0.5,9,1.4,6,0,0,0,3,0.33,6,0.93,6,0.17,0.67,1.23
2024,883,Curtis Samuel,BUF,WR,1,15,DET,13.636363636363635,15.384615384615385,9,0.22,0.11,0.12,5,0.2,0.2,0.22,4,0.25,0,0,6,0,0,0,3,0.67,0.33,0.37
2024,884,JuJu Smith-Schuster,KC,WR,1,16,HST,7.964601769911504,9.090909090909092,9,0.11,0,0,4,0.25,0,0,5,0,0,0,6,0.17,0,0,3,0,0,0
2024,885,Dallas Goedert,PHI,TE,1,18,NYG,36,60,9,0.67,6.11,1.06,6,0.5,4.33,0.77,3,1,9.67,1.63,7,0.57,7.86,1.36,2,1,0,0
2024,886,Tanner Hudson,CIN,TE,1,13,PIT,47.368421052631575,57.14285714285714,9,0.44,3.11,0.76,3,0.33,2,0.53,6,0.5,3.67,0.87,6,0.5,3.5,0.85,3,0.33,2.33,0.57
2024,887,Josh Oliver,MIN,TE,1,16,SEA,21.428571428571427,20,9,0.11,0,0,4,0,0,0,4,0.25,0,0,2,0,0,0,7,0.14,0,0
2024,888,Lil'Jordan Humphrey,DEN,WR,1,15,IND,20.454545454545457,33.33333333333333,9,0.11,0,0,3,0,0,0,6,0.17,0,0,7,0,0,0,2,0.5,0,0
2024,889,Drew Sample,CIN,TE,1,15,TEN,10.227272727272728,9.090909090909092,9,0.11,0.89,0.2,1,0,0,0,7,0.14,1.14,0.26,2,0,0,0,7,0.14,1.14,0.26
2024,890,Mason Kinsey,TEN,WR,1,16,IND,23.684210526315788,50,9,0.11,0.67,0.18,1,0,0,0,6,0.17,1,0.27,4,0,0,0,5,0.2,1.2,0.32
2024,891,Adam Trautman,DEN,TE,1,16,LAC,26.47058823529412,16.666666666666664,9,0.11,0.56,0.17,0,0,0,0,8,0.13,0.63,0.19,4,0,0,0,5,0.2,1,0.3
2024,892,Kenny Yeboah,NYJ,TE,1,18,MIA,31.03448275862069,40,9,0.22,2.22,0.44,0,0,0,0,8,0.25,2.5,0.5,4,0.5,5,1,5,0,0,0
2024,893,John Bates,WAS,TE,1,17,ATL,27.27272727272727,25,9,0.11,1.56,0.27,1,0,0,0,7,0.14,2,0.34,4,0,0,0,5,0.2,2.8,0.48
2024,894,Brock Wright,DET,TE,1,13,CHI,15.254237288135593,50,9,0.11,1.44,0.26,3,0,0,0,6,0.17,2.17,0.38,7,0.14,1.86,0.33,2,0,0,0
2024,895,Tutu Atwell,LA,WR,1,13,NO,12.162162162162163,11.76470588235294,9,0.22,4.33,0.66,4,0.25,4.75,0.72,5,0.2,4,0.6,8,0.25,4.88,0.74,1,0,0,0
2024,896,Tutu Atwell,LA,WR,1,15,SF,12.162162162162163,11.76470588235294,9,0.22,0.67,0.18,1,0,0,0,8,0.25,0.75,0.2,7,0.29,0.86,0.23,2,0,0,0
2024,897,Ben Skowronek,PIT,WR,1,13,CIN,36,25,9,0.11,2.56,0.37,3,0,0,0,6,0.17,3.83,0.55,2,0.5,11.5,1.65,7,0,0,0
2024,898,Greg Dulcich,NYG,TE,1,18,PHI,45,0,9,0,0,0,1,0,0,0,8,0,0,0,2,0,0,0,7,0,0,0
2024,899,Andrew Ogletree,IND,TE,1,18,JAX,25.71428571428571,25,9,0.11,2.33,0.34,4,0,0,0,5,0.2,4.2,0.62,4,0.25,5.25,0.78,5,0,0,0
2024,900,Lucas Krull,DEN,TE,1,18,KC,11.842105263157894,0,9,0,0,0,4,0,0,0,5,0,0,0,4,0,0,0,5,0,0,0
2024,901,Tucker Fisk,LAC,TE,1,17,NE,27.27272727272727,20,9,0.11,0.89,0.2,1,0,0,0,7,0.14,1.14,0.26,5,0.2,1.6,0.36,4,0,0,0
2024,902,KaVontae Turpin,DAL,WR,1,13,NYG,11.842105263157894,27.77777777777778,9,0.56,5.89,1.03,3,0.67,10,1.33,5,0.4,3.4,0.74,6,0.67,7.83,1.28,3,0.33,2,0.53
2024,903,Malik Heath,GB,WR,1,17,MIN,33.33333333333333,16.666666666666664,9,0.11,0.33,0.81,6,0.17,0.5,1.22,3,0,0,0,4,0,0,0,5,0.2,0.6,1.46
2024,904,Luke Schoonmaker,DAL,TE,1,18,WAS,15.789473684210526,20,9,0.22,1.78,0.4,5,0.4,3.2,0.72,4,0,0,0,5,0.4,3.2,0.72,4,0,0,0
2024,905,Darnell Washington,PIT,TE,1,13,CIN,23.076923076923077,50,9,0.11,1.11,0.22,1,0,0,0,8,0.13,1.25,0.25,1,0,0,0,8,0.13,1.25,0.25
2024,906,Derius Davis,LAC,WR,1,18,LV,22.5,11.11111111111111,9,0.11,0.56,0.17,1,0,0,0,8,0.13,0.63,0.19,6,0.17,0.83,0.25,3,0,0,0
2024,907,Josh Whyle,TEN,TE,1,13,WAS,15.517241379310345,16.666666666666664,9,0.33,0.33,0.14,0,0,0,0,9,0.33,0.33,0.14,2,0.5,0,0,7,0.29,0.43,0.19
2024,908,Blake Whiteheart,CLV,TE,1,13,DEN,20.454545454545457,0,9,0,0,0,2,0,0,0,7,0,0,0,4,0,0,0,5,0,0,0
2024,909,Blake Whiteheart,CLV,TE,1,14,PIT,20.454545454545457,25,9,0.11,0,0,3,0.33,0,0,6,0,0,0,3,0,0,0,6,0.17,0,0
2024,910,Julian Hill,MIA,TE,1,14,NYJ,18.75,50,9,0.11,1.56,0.27,3,0,0,0,6,0.17,2.33,0.4,8,0.13,1.75,0.3,1,0,0,0
2024,911,Jared Wayne,HST,WR,1,17,BLT,45,0,9,0,0,0,5,0,0,0,4,0,0,0,8,0,0,0,1,0,0,0
2024,912,Jake Bobo,SEA,WR,1,15,GB,26.47058823529412,33.33333333333333,9,0.11,0.89,0.2,1,0,0,0,8,0.13,1,0.23,7,0.14,1.14,0.26,2,0,0,0
2024,913,Nate Adkins,DEN,TE,1,18,KC,28.125,37.5,9,0.33,2.78,0.61,0,0,0,0,9,0.33,2.78,0.61,5,0.2,2.4,0.44,4,0.5,3.25,0.82
2024,914,Rakim Jarrett,TB,WR,1,16,DAL,37.5,50,9,0.11,0.67,0.18,5,0,0,0,4,0.25,1.5,0.4,6,0,0,0,3,0.33,2,0.53
2024,915,Elijah Higgins,ARZ,TE,1,16,CAR,16.666666666666664,16.666666666666664,9,0.11,0,0,2,0,0,0,6,0.17,0,0,6,0.17,0,0,3,0,0,0
2024,916,Jonathan Mingo,DAL,WR,1,16,TB,16.9811320754717,0,9,0,0,0,2,0,0,0,7,0,0,0,5,0,0,0,4,0,0,0
2024,917,Luke Musgrave,GB,TE,1,18,CHI,50,50,9,0.11,2.11,0.32,0,0,0,0,9,0.11,2.11,0.32,8,0.13,2.38,0.36,1,0,0,0
2024,918,Luke McCaffrey,WAS,WR,1,13,TEN,20.930232558139537,33.33333333333333,9,0.22,1.44,0.37,4,0,0,0,5,0.4,2.6,0.66,5,0.2,1.4,0.34,4,0.25,1.5,0.4
2024,919,Cade Stover,HST,TE,1,13,JAX,34.61538461538461,33.33333333333333,9,0.11,0.44,0.16,4,0,0,0,5,0.2,0.8,0.28,7,0,0,0,2,0.5,2,0.7
2024,920,Jamari Thrash,CLV,WR,1,15,KC,13.23529411764706,16.666666666666664,9,0.11,0,0,3,0.33,0,0,6,0,0,0,2,0.5,0,0,7,0,0,0
2024,921,Tip Reiman,ARZ,TE,1,16,CAR,21.951219512195124,0,9,0,0,0,2,0,0,0,6,0,0,0,4,0,0,0,5,0,0,0
2024,922,Tip Reiman,ARZ,TE,1,17,LA,21.951219512195124,0,9,0,0,0,0,0,0,0,9,0,0,0,5,0,0,0,4,0,0,0
2024,923,Ja'Lynn Polk,NE,WR,1,15,ARZ,39.130434782608695,33.33333333333333,9,0.11,0,0,4,0.25,0,0,5,0,0,0,5,0.2,0,0,4,0,0,0
2024,924,Nelson Agholor,BLT,WR,1,15,NYG,25.806451612903224,33.33333333333333,8,0.13,3.25,0.45,1,0,0,0,7,0.14,3.71,0.51,7,0.14,3.71,0.51,1,0,0,0
2024,925,Tyler Higbee,LA,TE,1,17,ARZ,25,25,8,0.38,1.13,0.36,1,1,2,1.2,4,0.25,1.75,0.42,5,0.4,1.8,0.58,3,0.33,0,0
2024,926,Mo Alie-Cox,IND,TE,1,17,NYG,24.242424242424242,16.666666666666664,8,0.13,0,0,1,0,0,0,6,0.17,0,0,6,0.17,0,0,2,0,0,0
2024,927,Mack Hollins,BUF,WR,1,13,SF,7.079646017699115,5.263157894736842,8,0.13,0.88,0.96,0,0,0,0,7,0,0,0,7,0.14,1,1.1,1,0,0,0
2024,928,DJ Chark,LAC,WR,1,15,TB,15.09433962264151,22.22222222222222,8,0.25,2,0.45,1,0,0,0,7,0.29,2.29,0.51,5,0.4,3.2,0.72,3,0,0,0
2024,929,Dante Pettis,NO,WR,1,13,LA,8.695652173913043,4.545454545454546,8,0.13,0.63,0.19,1,0,0,0,7,0.14,0.71,0.21,3,0,0,0,5,0.2,1,0.3
2024,930,Colby Parkinson,LA,TE,1,17,ARZ,14.814814814814813,12.5,8,0.13,0,0,3,0,0,0,5,0.2,0,0,6,0,0,0,2,0.5,0,0
2024,931,Nico Collins,HST,WR,1,18,TEN,5.970149253731343,12.82051282051282,8,0.63,4.75,1.85,4,0.5,6.25,1.13,3,0.67,3.67,1.03,5,0.6,6.2,1.22,3,0.67,2.33,2.9
2024,932,Brock Wright,DET,TE,1,18,MIN,13.559322033898304,0,8,0,0,0,1,0,0,0,6,0,0,0,3,0,0,0,5,0,0,0
2024,933,Luke Farrell,JAX,TE,1,15,NYJ,20,0,8,0,0,0,5,0,0,0,2,0,0,0,7,0,0,0,1,0,0,0
2024,934,Terrace Marshall,LV,WR,1,14,TB,10.38961038961039,20,8,0.13,0.75,0.2,3,0,0,0,5,0.2,1.2,0.32,6,0.17,1,0.27,2,0,0,0
2024,935,Stone Smartt,LAC,TE,1,18,LV,9.63855421686747,0,8,0,0,0,2,0,0,0,6,0,0,0,6,0,0,0,2,0,0,0
2024,936,Devin Thompkins,CAR,WR,1,14,PHI,38.095238095238095,100,8,0.13,0.88,0.21,4,0.25,1.75,0.42,4,0,0,0,3,0.33,2.33,0.57,5,0,0,0
2024,937,Jeremy Ruckert,NYJ,TE,1,14,MIA,13.793103448275861,10,8,0.13,0,0,3,0,0,0,5,0.2,0,0,4,0,0,0,4,0.25,0,0
2024,938,Dontayvion Wicks,GB,WR,1,15,SEA,8.24742268041237,6.896551724137931,8,0.25,1.75,0.42,1,0,0,0,7,0.29,2,0.49,1,0,0,0,7,0.29,2,0.49
2024,939,Luke Schoonmaker,DAL,TE,1,14,CIN,14.035087719298245,20,8,0.25,2.75,0.53,2,0.5,7,1.2,6,0.17,1.33,0.3,3,0.67,7.33,1.4,5,0,0,0
2024,940,Blake Whiteheart,CLV,TE,1,17,MIA,18.181818181818183,25,8,0.13,1,0.23,1,0,0,0,7,0.14,1.14,0.26,4,0,0,0,4,0.25,2,0.45
2024,941,Blake Whiteheart,CLV,TE,1,18,BLT,18.181818181818183,25,8,0.13,0.13,0.14,2,0,0,0,6,0.17,0.17,0.18,5,0.2,0.2,0.22,3,0,0,0
2024,942,Brycen Tremayne,WAS,WR,1,17,ATL,100,0,8,0,0,0,0,0,0,0,8,0,0,0,6,0,0,0,2,0,0,0
2024,943,Brenton Strange,JAX,TE,1,13,HST,6.837606837606838,8.333333333333332,8,0.25,1.75,0.3,3,0.33,0,0,5,0.2,2.8,0.48,6,0.17,0,0,2,0.5,7,1.2
2024,944,Jalin Hyatt,NYG,WR,1,18,PHI,14.035087719298245,14.285714285714285,8,0.13,0,0,0,0,0,0,8,0.13,0,0,2,0,0,0,6,0.17,0,0
2024,945,Elijah Higgins,ARZ,TE,1,13,MIN,14.814814814814813,33.33333333333333,8,0.25,2.88,0.54,1,0,0,0,7,0.29,3.29,0.61,5,0.2,0.8,0.28,3,0.33,6.33,0.97
2024,946,Trey Palmer,TB,WR,1,16,DAL,28.57142857142857,80,8,0.5,3.88,0.64,1,1,27,3.7,7,0.43,0.57,0.2,4,0.75,7.75,1.27,4,0.25,0,0
2024,947,Zay Flowers,BLT,WR,1,18,CLV,7.079646017699115,6.896551724137931,8,0.25,1.5,0.28,6,0.33,2,0.37,2,0,0,0,7,0.14,0,0,1,1,12,2.2
2024,948,Johnny Wilson,PHI,WR,1,15,PIT,13.559322033898304,14.285714285714285,8,0.13,0,0,3,0,0,0,5,0.2,0,0,3,0,0,0,5,0.2,0,0
2024,949,Brevyn Spann-Ford,DAL,TE,1,13,NYG,40,0,8,0,0,0,3,0,0,0,4,0,0,0,6,0,0,0,2,0,0,0
2024,950,Tip Reiman,ARZ,TE,1,13,MIN,19.51219512195122,20,8,0.13,1.13,0.24,3,0.33,3,0.63,5,0,0,0,7,0.14,1.29,0.27,1,0,0,0
2024,951,AJ Barner,SEA,TE,1,16,MIN,21.62162162162162,15.384615384615385,8,0.25,1.63,1.16,1,0,0,0,6,0.17,1.5,0.32,4,0.25,2.25,0.47,4,0.25,1,1.85
2024,952,Ja'Lynn Polk,NE,WR,1,13,IND,34.78260869565217,33.33333333333333,8,0.13,0,0,3,0,0,0,5,0.2,0,0,7,0,0,0,1,1,0,0
2024,953,Mo Alie-Cox,IND,TE,1,13,NE,21.21212121212121,33.33333333333333,7,0.29,2.14,0.5,1,0,0,0,6,0.33,2.5,0.58,6,0.17,1.83,0.35,1,1,4,1.4
2024,954,Curtis Samuel,BUF,WR,1,13,SF,10.606060606060606,0,7,0,0,0,1,0,0,0,6,0,0,0,5,0,0,0,2,0,0,0
2024,955,Trent Taylor,SF,WR,1,18,ARZ,100,100,7,0.14,1.57,0.3,1,0,0,0,6,0.17,1.83,0.35,4,0.25,2.75,0.53,3,0,0,0
2024,956,River Cracraft,MIA,WR,1,13,GB,11.11111111111111,0,7,0,0,0,0,0,0,0,7,0,0,0,6,0,0,0,1,0,0,0
2024,957,Josh Oliver,MIN,TE,1,15,CHI,16.666666666666664,0,7,0,0,0,1,0,0,0,5,0,0,0,1,0,0,0,6,0,0,0
2024,958,Scott Miller,PIT,WR,1,17,KC,18.421052631578945,0,7,0,0,0,0,0,0,0,5,0,0,0,1,0,0,0,6,0,0,0
2024,959,Lil'Jordan Humphrey,DEN,WR,1,13,CLV,15.909090909090908,0,7,0,0,0,2,0,0,0,5,0,0,0,3,0,0,0,4,0,0,0
2024,960,Greg Dortch,ARZ,WR,1,13,MIN,8.333333333333332,14.285714285714285,7,0.29,0.14,0.3,2,0.5,-1,0.4,5,0.2,0.6,0.26,7,0.29,0.14,0.3,0,0,0,0
2024,961,K.J. Osborn,WAS,WR,1,17,ATL,100,0,7,0,0,0,2,0,0,0,5,0,0,0,5,0,0,0,2,0,0,0
2024,962,Adam Trautman,DEN,TE,1,17,CIN,20.588235294117645,33.33333333333333,7,0.29,0.71,0.21,1,1,0,0,6,0.17,0.83,0.25,2,0.5,0,0,5,0.2,1,0.3
2024,963,Adam Trautman,DEN,TE,1,18,KC,20.588235294117645,0,7,0,0,0,0,0,0,0,7,0,0,0,3,0,0,0,4,0,0,0
2024,964,Charlie Woerner,ATL,TE,1,14,MIN,19.444444444444446,14.285714285714285,7,0.14,1.57,0.3,0,0,0,0,7,0.14,1.57,0.3,3,0.33,3.67,0.7,4,0,0,0
2024,965,Charlie Woerner,ATL,TE,1,17,WAS,19.444444444444446,0,7,0,0,0,2,0,0,0,5,0,0,0,4,0,0,0,3,0,0,0
2024,966,D.J. Turner,LV,WR,1,13,KC,100,100,7,0.14,3.57,0.5,2,0.5,12.5,1.75,5,0,0,0,4,0.25,6.25,0.88,3,0,0,0
2024,967,Shane Zylstra,DET,TE,1,14,GB,53.84615384615385,0,7,0,0,0,1,0,0,0,6,0,0,0,2,0,0,0,5,0,0,0
2024,968,John Bates,WAS,TE,1,15,NO,21.21212121212121,25,7,0.14,0.86,0.23,0,0,0,0,7,0.14,0.86,0.23,1,1,6,1.6,6,0,0,0
2024,969,Hunter Long,LA,TE,1,15,SF,31.818181818181817,50,7,0.29,2.43,0.53,0,0,0,0,7,0.29,2.43,0.53,6,0.33,2.83,0.62,1,0,0,0
2024,970,Bo Melton,GB,WR,1,18,CHI,23.333333333333332,0,7,0,0,0,0,0,0,0,7,0,0,0,6,0,0,0,1,0,0,0
2024,971,Greg Dulcich,NYG,TE,1,16,ATL,35,0,7,0,0,0,0,0,0,0,7,0,0,0,1,0,0,0,6,0,0,0
2024,972,KaVontae Turpin,DAL,WR,1,14,CIN,9.210526315789473,16.666666666666664,7,0.43,2.29,0.37,3,0.33,0,0,4,0.5,4,0.65,6,0.5,2.67,0.43,1,0,0,0
2024,973,Jeremy Ruckert,NYJ,TE,1,16,LA,12.068965517241379,20,7,0.29,1.71,0.46,0,0,0,0,7,0.29,1.71,0.46,5,0,0,0,2,1,6,1.6
2024,974,Daniel Bellinger,NYG,TE,1,18,PHI,6.5420560747663545,18.181818181818183,7,0.29,1.29,0.41,0,0,0,0,7,0.29,1.29,0.41,2,0,0,0,5,0.4,1.8,0.58
2024,975,Christian Watson,GB,WR,1,18,CHI,9.333333333333334,5.88235294117647,7,0.14,0,0,0,0,0,0,7,0.14,0,0,4,0.25,0,0,3,0,0,0
2024,976,Darnell Washington,PIT,TE,1,14,CLV,17.94871794871795,0,7,0,0,0,4,0,0,0,3,0,0,0,6,0,0,0,1,0,0,0
2024,977,Derius Davis,LAC,WR,1,13,ATL,17.5,11.11111111111111,7,0.14,0.43,0.19,1,0,0,0,6,0.17,0.5,0.22,4,0.25,0.75,0.33,3,0,0,0
2024,978,Blake Whiteheart,CLV,TE,1,15,KC,15.909090909090908,25,7,0.14,0,0,3,0,0,0,4,0.25,0,0,3,0,0,0,4,0.25,0,0
2024,979,Julian Hill,MIA,TE,1,13,GB,14.583333333333334,50,7,0.14,0.71,0.21,1,0,0,0,6,0.17,0.83,0.25,0,0,0,0,7,0.14,0.71,0.21
2024,980,Jake Bobo,SEA,WR,1,18,LA,20.588235294117645,33.33333333333333,7,0.14,0.57,1.06,2,0.5,2,3.7,4,0,0,0,4,0,0,0,3,0.33,1.33,2.47
2024,981,Jalin Hyatt,NYG,WR,1,16,ATL,12.280701754385964,28.57142857142857,7,0.29,1.29,0.27,4,0.25,2.25,0.47,3,0.33,0,0,6,0.33,1.5,0.32,1,0,0,0
2024,982,Elijah Higgins,ARZ,TE,1,15,NE,12.962962962962962,16.666666666666664,7,0.14,0.71,0.21,1,0,0,0,5,0.2,1,0.3,4,0.25,1.25,0.38,3,0,0,0
2024,983,Johnny Wilson,PHI,WR,1,14,CAR,11.864406779661017,14.285714285714285,7,0.14,0,0,5,0.2,0,0,2,0,0,0,5,0.2,0,0,2,0,0,0
2024,984,Luke McCaffrey,WAS,WR,1,16,PHI,16.27906976744186,50,7,0.43,1.86,0.33,4,0.5,3.25,0.57,3,0.33,0,0,6,0.5,2.17,0.38,1,0,0,0
2024,985,Dallin Holker,NO,TE,1,18,TB,46.666666666666664,75,7,0.43,1.57,0.44,2,0,0,0,5,0.6,2.2,0.62,3,0.67,2,0.53,4,0.25,1.25,0.38
2024,986,Cam Grandy,CIN,TE,1,17,DEN,26.923076923076923,25,7,0.14,1,0.24,2,0.5,3.5,0.85,5,0,0,0,4,0.25,1.75,0.42,3,0,0,0
2024,987,Bryce Oliver,TEN,WR,1,15,CIN,28.000000000000004,40,7,0.29,1.14,0.26,1,0,0,0,6,0.33,1.33,0.3,2,0,0,0,5,0.4,1.6,0.36
2024,988,Tip Reiman,ARZ,TE,1,15,NE,17.073170731707318,60,7,0.43,1.14,0.4,1,0,0,0,5,0.6,1.6,0.56,5,0.4,0.6,0.26,2,0.5,2.5,0.75
2024,989,AJ Barner,SEA,TE,1,18,LA,18.91891891891892,38.46153846153847,7,0.71,4.86,2.06,2,1,7,1.7,4,0.5,4,0.9,3,0.67,4.67,1.13,4,0.75,5,2.75
2024,990,C.J. Uzomah,PHI,TE,1,15,PIT,46.15384615384615,0,6,0,0,0,5,0,0,0,1,0,0,0,4,0,0,0,2,0,0,0
2024,991,Eric Saubert,SF,TE,1,16,MIA,13.953488372093023,14.285714285714285,6,0.17,0.33,1.2,2,0,0,0,3,0,0,0,2,0,0,0,4,0.25,0.5,1.8
2024,992,Tyler Conklin,NYJ,TE,1,18,MIA,4.878048780487805,11.538461538461538,6,0.5,2.67,1.6,2,0.5,0,0,3,0.33,3.67,0.7,2,0,0,0,4,0.75,4,2.4
2024,993,Lil'Jordan Humphrey,DEN,WR,1,17,CIN,13.636363636363635,0,6,0,0,0,1,0,0,0,4,0,0,0,3,0,0,0,3,0,0,0
2024,994,Colby Parkinson,LA,TE,1,13,NO,11.11111111111111,12.5,6,0.17,2.17,0.38,2,0,0,0,4,0.25,3.25,0.57,4,0.25,3.25,0.57,2,0,0,0
2024,995,Colby Parkinson,LA,TE,1,16,NYJ,11.11111111111111,0,6,0,0,0,3,0,0,0,3,0,0,0,4,0,0,0,2,0,0,0
2024,996,Colby Parkinson,LA,TE,1,18,SEA,11.11111111111111,12.5,6,0.17,1,0.27,0,0,0,0,6,0.17,1,0.27,4,0.25,1.5,0.4,2,0,0,0
2024,997,Jalen Reagor,LAC,WR,1,13,ATL,31.57894736842105,0,6,0,0,0,3,0,0,0,3,0,0,0,3,0,0,0,3,0,0,0
2024,998,Adam Trautman,DEN,TE,1,15,IND,17.647058823529413,33.33333333333333,6,0.33,3.33,1.67,1,0,0,0,5,0.4,4,2,4,0.5,5,2.5,2,0,0,0
2024,999,Charlie Woerner,ATL,TE,1,13,LAC,16.666666666666664,14.285714285714285,6,0.17,0.83,0.25,1,0,0,0,5,0.2,1,0.3,3,0.33,1.67,0.5,3,0,0,0
2024,1000,Charlie Woerner,ATL,TE,1,16,NYG,16.666666666666664,28.57142857142857,6,0.33,0,0,1,0,0,0,5,0.4,0,0,4,0.25,0,0,2,0.5,0,0
2024,1001,Charlie Woerner,ATL,TE,1,18,CAR,16.666666666666664,0,6,0,0,0,0,0,0,0,6,0,0,0,1,0,0,0,5,0,0,0
2024,1002,Chris Blair,ATL,WR,1,16,NYG,85.71428571428571,50,6,0.17,2.83,0.45,1,0,0,0,5,0.2,3.4,0.54,4,0.25,4.25,0.68,2,0,0,0
2024,1003,Tim Jones,JAX,WR,1,13,HST,46.15384615384615,0,6,0,0,0,1,0,0,0,4,0,0,0,2,0,0,0,4,0,0,0
2024,1004,Tylan Wallace,BLT,WR,1,16,PIT,9.67741935483871,0,6,0,0,0,4,0,0,0,2,0,0,0,4,0,0,0,2,0,0,0
2024,1005,Brock Wright,DET,TE,1,16,CHI,10.16949152542373,0,6,0,0,0,0,0,0,0,6,0,0,0,3,0,0,0,3,0,0,0
2024,1006,Feleipe Franks,CAR,TE,1,13,TB,85.71428571428571,50,6,0.17,0,0,2,0.5,0,0,4,0,0,0,6,0.17,0,0,0,0,0,0
2024,1007,Ben Skowronek,PIT,WR,1,15,PHI,24,25,6,0.17,2.83,0.45,0,0,0,0,6,0.17,2.83,0.45,2,0.5,8.5,1.35,4,0,0,0
2024,1008,Luke Farrell,JAX,TE,1,17,TEN,15,0,6,0,0,0,1,0,0,0,4,0,0,0,3,0,0,0,3,0,0,0
2024,1009,Hunter Long,LA,TE,1,13,NO,27.27272727272727,25,6,0.17,0,0,4,0.25,0,0,2,0,0,0,5,0.2,0,0,1,0,0,0
2024,1010,Andrew Ogletree,IND,TE,1,15,DEN,17.142857142857142,0,6,0,0,0,2,0,0,0,4,0,0,0,4,0,0,0,2,0,0,0
2024,1011,John FitzPatrick,GB,TE,1,16,NO,75,0,6,0,0,0,3,0,0,0,3,0,0,0,4,0,0,0,2,0,0,0
2024,1012,Tucker Fisk,LAC,TE,1,13,ATL,18.181818181818183,20,6,0.17,0.17,0.18,1,1,1,1.1,5,0,0,0,1,1,1,1.1,5,0,0,0
2024,1013,Tucker Fisk,LAC,TE,1,14,KC,18.181818181818183,20,6,0.17,0,0.17,0,0,0,0,6,0.17,0,0.17,2,0,0,0,4,0.25,0,0.25
2024,1014,KaVontae Turpin,DAL,WR,1,15,CAR,7.894736842105263,0,6,0,0,0,2,0,0,0,4,0,0,0,4,0,0,0,2,0,0,0
2024,1015,Jeremy Ruckert,NYJ,TE,1,13,SEA,10.344827586206897,20,6,0.33,0.5,0.22,3,0.33,0,0,3,0.33,1,0.43,3,0.33,1,0.43,3,0.33,0,0
2024,1016,Luke Schoonmaker,DAL,TE,1,16,TB,10.526315789473683,10,6,0.17,0.5,0.22,2,0,0,0,4,0.25,0.75,0.33,5,0.2,0.6,0.26,1,0,0,0
2024,1017,Darnell Washington,PIT,TE,1,17,KC,15.384615384615385,50,6,0.17,1.33,0.3,1,0,0,0,4,0.25,2,0.45,3,0,0,0,3,0.33,2.67,0.6
2024,1018,Jalen Brooks,DAL,WR,1,13,NYG,25,33.33333333333333,6,0.17,0,0.17,1,0,0,0,4,0,0,0,4,0,0,0,2,0.5,0,0.5
2024,1019,Jalen Brooks,DAL,WR,1,17,PHI,25,33.33333333333333,6,0.17,2,0.37,0,0,0,0,6,0.17,2,0.37,2,0,0,0,4,0.25,3,0.55
2024,1020,Brayden Willis,SF,TE,1,18,ARZ,85.71428571428571,100,6,0.33,0,0,1,0,0,0,5,0.4,0,0,3,0.33,0,0,3,0.33,0,0
2024,1021,Jared Wayne,HST,WR,1,13,JAX,30,0,6,0,0,0,3,0,0,0,2,0,0,0,4,0,0,0,2,0,0,0
2024,1022,Jake Bobo,SEA,WR,1,16,MIN,17.647058823529413,33.33333333333333,6,0.17,1,0.27,0,0,0,0,6,0.17,1,0.27,4,0.25,1.5,0.4,2,0,0,0
2024,1023,Nate Adkins,DEN,TE,1,13,CLV,18.75,12.5,6,0.17,2.67,0.43,2,0,0,0,4,0.25,4,0.65,4,0.25,4,0.65,2,0,0,0
2024,1024,Nate Adkins,DEN,TE,1,15,IND,18.75,12.5,6,0.17,2.5,1.42,2,0,0,0,4,0.25,3.75,2.13,6,0.17,2.5,1.42,0,0,0,0
2024,1025,Nate Adkins,DEN,TE,1,16,LAC,18.75,25,6,0.33,3,0.63,1,0,0,0,2,1,9,1.9,3,0.67,6,1.27,3,0,0,0
2024,1026,Trey Palmer,TB,WR,1,17,CAR,21.428571428571427,0,6,0,0,0,0,0,0,0,6,0,0,0,6,0,0,0,0,0,0,0
2024,1027,Jonathan Mingo,DAL,WR,1,13,NYG,11.320754716981133,40,6,0.67,0.33,0.2,1,1,0,0,5,0.6,0.4,0.24,3,1,0,0,3,0.33,0.67,0.4
2024,1028,Jonathan Mingo,DAL,WR,1,14,CIN,11.320754716981133,10,6,0.17,0,0,3,0,0,0,3,0.33,0,0,4,0,0,0,2,0.5,0,0
2024,1029,Luke Musgrave,GB,TE,1,17,MIN,33.33333333333333,50,6,0.17,0.67,0.23,5,0.2,0.8,0.28,1,0,0,0,4,0.25,1,0.35,2,0,0,0
2024,1030,Cade Stover,HST,TE,1,17,BLT,23.076923076923077,33.33333333333333,6,0.17,0.17,0.18,0,0,0,0,6,0.17,0.17,0.18,2,0,0,0,4,0.25,0.25,0.28
2024,1031,Jacob Cowing,SF,WR,1,16,MIA,12.76595744680851,0,6,0,0,0,2,0,0,0,4,0,0,0,1,0,0,0,5,0,0,0
2024,1032,Ryan Flournoy,DAL,WR,1,17,PHI,26.08695652173913,25,6,0.33,0.5,0.22,0,0,0,0,6,0.33,0.5,0.22,4,0.25,0.75,0.33,2,0.5,0,0
2024,1033,Cam Grandy,CIN,TE,1,14,DAL,23.076923076923077,0,6,0,0,0,1,0,0,0,5,0,0,0,3,0,0,0,3,0,0,0
2024,1034,David Martin-Robinson,TEN,TE,1,18,HST,75,0,6,0,0,0,2,0,0,0,4,0,0,0,3,0,0,0,3,0,0,0
2024,1035,Devontez Walker,BLT,WR,1,18,CLV,42.857142857142854,0,6,0,0,0,2,0,0,0,4,0,0,0,1,0,0,0,5,0,0,0
2024,1036,AJ Barner,SEA,TE,1,13,NYJ,16.216216216216218,15.384615384615385,6,0.33,2.33,1.57,2,0,0,0,4,0.5,3.5,2.35,3,0.67,4.67,3.13,3,0,0,0
2024,1037,Jermaine Burton,CIN,WR,1,14,DAL,35.294117647058826,0,6,0,0,0,1,0,0,0,5,0,0,0,5,0,0,0,1,0,0,0
2024,1038,Ben Sinnott,WAS,TE,1,13,TEN,18.181818181818183,50,6,0.17,0.5,0.22,0,0,0,0,6,0.17,0.5,0.22,2,0.5,1.5,0.65,4,0,0,0
2024,1039,Robert Woods,HST,WR,1,13,JAX,7.352941176470589,7.6923076923076925,5,0.2,0,0,2,0,0,0,2,0.5,0,0,2,0,0,0,3,0.33,0,0
2024,1040,Allen Robinson,DET,WR,1,17,SF,31.25,50,5,0.2,4.2,0.62,2,0.5,10.5,1.55,3,0,0,0,4,0.25,5.25,0.78,1,0,0,0
2024,1041,Chris Conley,SF,WR,1,14,CHI,14.705882352941178,0,5,0,0,0,0,0,0,0,5,0,0,0,4,0,0,0,1,0,0,0
2024,1042,Tyler Higbee,LA,TE,1,16,NYJ,15.625,16.666666666666664,5,0.4,2.2,1.62,1,1,0,0,4,0.25,2.75,2.02,3,0.67,3.67,2.7,2,0,0,0
2024,1043,Mo Alie-Cox,IND,TE,1,16,TEN,15.151515151515152,33.33333333333333,5,0.4,3,0.5,2,0.5,0,0,3,0.33,5,0.83,3,0.67,5,0.83,2,0,0,0
2024,1044,Anthony Firkser,KC,TE,1,13,LV,55.55555555555556,0,5,0,0,0,2,0,0,0,3,0,0,0,3,0,0,0,2,0,0,0
2024,1045,Eric Saubert,SF,TE,1,15,LA,11.627906976744185,0,5,0,0,0,0,0,0,0,5,0,0,0,0,0,0,0,5,0,0,0
2024,1046,Eric Saubert,SF,TE,1,17,DET,11.627906976744185,0,5,0,0,0,4,0,0,0,1,0,0,0,3,0,0,0,2,0,0,0
2024,1047,Justin Watson,KC,WR,1,17,PIT,5.154639175257731,20,5,0.4,12,2.8,3,0.67,20,4.67,2,0,0,0,3,0.67,20,4.67,2,0,0,0
2024,1048,Tanner Hudson,CIN,TE,1,14,DAL,26.31578947368421,14.285714285714285,5,0.2,3.8,0.58,4,0.25,4.75,0.72,1,0,0,0,2,0.5,9.5,1.45,3,0,0,0
2024,1049,DJ Chark,LAC,WR,1,16,DEN,9.433962264150944,0,5,0,0,0,1,0,0,0,3,0,0,0,2,0,0,0,3,0,0,0
2024,1050,Durham Smythe,MIA,TE,1,16,SF,19.230769230769234,33.33333333333333,5,0.4,1,0.3,0,0,0,0,5,0.4,1,0.3,3,0.33,1.67,0.5,2,0.5,0,0
2024,1051,Durham Smythe,MIA,TE,1,17,CLV,19.230769230769234,0,5,0,0,0,0,0,0,0,5,0,0,0,4,0,0,0,1,0,0,0
2024,1052,Hayden Hurst,LAC,TE,1,16,DEN,100,100,5,0.2,1.6,0.36,2,0,0,0,3,0.33,2.67,0.6,2,0,0,0,3,0.33,2.67,0.6
2024,1053,Irv Smith,HST,TE,1,15,MIA,38.46153846153847,0,5,0,0,0,1,0,0,0,4,0,0,0,3,0,0,0,2,0,0,0
2024,1054,Josh Oliver,MIN,TE,1,14,ATL,11.904761904761903,20,5,0.2,5.2,0.72,2,0.5,13,1.8,3,0,0,0,3,0.33,8.67,1.2,2,0,0,0
2024,1055,Devin Duvernay,JAX,WR,1,17,TEN,5.208333333333334,7.6923076923076925,5,0.2,0.8,0.28,1,1,4,1.4,4,0,0,0,1,1,4,1.4,4,0,0,0
2024,1056,Adam Trautman,DEN,TE,1,13,CLV,14.705882352941178,16.666666666666664,5,0.2,0,0,2,0,0,0,3,0.33,0,0,4,0,0,0,1,1,0,0
2024,1057,Tyler Johnson,LA,WR,1,14,BUF,11.904761904761903,0,5,0,0,0,2,0,0,0,3,0,0,0,4,0,0,0,1,0,0,0
2024,1058,Tylan Wallace,BLT,WR,1,17,HST,8.064516129032258,20,5,0.2,0.4,0.24,1,0,0,0,4,0.25,0.5,0.3,2,0,0,0,3,0.33,0.67,0.4
2024,1059,Brock Wright,DET,TE,1,15,BUF,8.47457627118644,0,5,0,0,0,2,0,0,0,3,0,0,0,1,0,0,0,4,0,0,0
2024,1060,Tutu Atwell,LA,WR,1,16,NYJ,6.756756756756757,11.76470588235294,5,0.4,2.4,0.44,2,0,0,0,3,0.67,4,0.73,3,0.33,4,0.73,2,0.5,0,0
2024,1061,Ben Skowronek,PIT,WR,1,16,BLT,20,50,5,0.4,5,0.9,2,0.5,4,0.9,3,0.33,5.67,0.9,4,0.5,6.25,1.13,1,0,0,0
2024,1062,Luke Farrell,JAX,TE,1,13,HST,12.5,20,5,0.2,0,0,2,0,0,0,3,0.33,0,0,4,0,0,0,1,1,0,0
2024,1063,Hunter Long,LA,TE,1,17,ARZ,22.727272727272727,0,5,0,0,0,1,0,0,0,3,0,0,0,2,0,0,0,3,0,0,0
2024,1064,Bo Melton,GB,WR,1,13,MIA,16.666666666666664,0,5,0,0,0,0,0,0,0,5,0,0,0,3,0,0,0,2,0,0,0
2024,1065,Andrew Ogletree,IND,TE,1,13,NE,14.285714285714285,50,5,0.4,4.4,0.64,0,0,0,0,5,0.4,4.4,0.64,4,0.25,5.5,0.8,1,1,0,0
2024,1066,Andrew Ogletree,IND,TE,1,16,TEN,14.285714285714285,25,5,0.2,0,0,0,0,0,0,5,0.2,0,0,2,0,0,0,3,0.33,0,0
2024,1067,Kaden Davis,CLV,WR,1,18,BLT,100,0,5,0,0,0,2,0,0,0,3,0,0,0,4,0,0,0,1,0,0,0
2024,1068,Devin Thompkins,CAR,WR,1,13,TB,23.809523809523807,0,5,0,0,0,2,0,0,0,3,0,0,0,4,0,0,0,1,0,0,0
2024,1069,Devin Thompkins,CAR,WR,1,16,ARZ,23.809523809523807,0,5,0,0,0,0,0,0,0,5,0,0,0,0,0,0,0,5,0,0,0
2024,1070,Jeremy Ruckert,NYJ,TE,1,17,BUF,8.620689655172415,0,5,0,0,0,1,0,0,0,4,0,0,0,2,0,0,0,3,0,0,0
2024,1071,Xavier Gipson,NYJ,WR,1,17,BUF,22.727272727272727,0,5,0,0,0,1,0,0,0,4,0,0,0,1,0,0,0,4,0,0,0
2024,1072,Luke Schoonmaker,DAL,TE,1,17,PHI,8.771929824561402,0,5,0,0,0,0,0,0,0,5,0,0,0,4,0,0,0,1,0,0,0
2024,1073,Derius Davis,LAC,WR,1,16,DEN,12.5,22.22222222222222,5,0.4,6.2,2.22,1,0,0,0,4,0.5,7.75,2.77,2,0.5,9.5,4.45,3,0.33,4,0.73
2024,1074,Derius Davis,LAC,WR,1,17,NE,12.5,22.22222222222222,5,0.4,5.8,2.18,1,0,0,0,4,0.5,7.25,2.73,5,0.4,5.8,2.18,0,0,0,0
2024,1075,Jared Wayne,HST,WR,1,16,KC,25,0,5,0,0,0,2,0,0,0,2,0,0,0,1,0,0,0,4,0,0,0
2024,1076,Jake Bobo,SEA,WR,1,14,ARZ,14.705882352941178,0,5,0,0,0,1,0,0,0,4,0,0,0,3,0,0,0,2,0,0,0
2024,1077,Nate Adkins,DEN,TE,1,17,CIN,15.625,12.5,5,0.2,1.4,0.34,1,0,0,0,4,0.25,1.75,0.42,1,0,0,0,4,0.25,1.75,0.42
2024,1078,Ben Sims,GB,TE,1,14,DET,50,100,5,0.2,0.4,0.24,2,0.5,1,0.6,3,0,0,0,3,0.33,0.67,0.4,2,0,0,0
2024,1079,Davis Allen,LA,TE,1,13,NO,25,0,5,0,0,0,2,0,0,0,3,0,0,0,4,0,0,0,1,0,0,0
2024,1080,Davis Allen,LA,TE,1,14,BUF,25,0,5,0,0,0,2,0,0,0,3,0,0,0,4,0,0,0,1,0,0,0
2024,1081,Davis Allen,LA,TE,1,17,ARZ,25,100,5,0.2,0,0,1,1,0,0,4,0,0,0,3,0.33,0,0,2,0,0,0
2024,1082,Luke McCaffrey,WAS,WR,1,15,NO,11.627906976744185,16.666666666666664,5,0.2,0,0.2,1,0,0,0,4,0.25,0,0.25,0,0,0,0,5,0.2,0,0.2
2024,1083,Ryan Flournoy,DAL,WR,1,18,WAS,21.73913043478261,25,5,0.4,2.8,0.68,4,0.25,1,0.35,1,1,10,2,4,0.25,1,0.35,1,1,10,2
2024,1084,Xavier Weaver,ARZ,WR,1,18,SF,100,100,5,0.2,0,0,1,1,0,0,4,0,0,0,2,0.5,0,0,3,0,0,0
2024,1085,Jordan Whittington,LA,WR,1,17,ARZ,27.77777777777778,20,5,0.2,1.2,0.32,0,0,0,0,5,0.2,1.2,0.32,3,0.33,2,0.53,2,0,0,0
2024,1086,AJ Barner,SEA,TE,1,14,ARZ,13.513513513513514,7.6923076923076925,5,0.2,2.6,0.46,1,0,0,0,3,0.33,4.33,0.77,2,0,0,0,3,0.33,4.33,0.77
2024,1087,Adonai Mitchell,IND,WR,1,17,NYG,9.25925925925926,36.36363636363637,5,0.8,4.4,0.84,3,1,7.33,1.4,0,0,0,0,3,1,7.33,1.4,2,0.5,0,0
2024,1088,Adonai Mitchell,IND,WR,1,18,JAX,9.25925925925926,9.090909090909092,5,0.2,0,0,2,0.5,0,0,3,0,0,0,2,0.5,0,0,3,0,0,0
2024,1089,Allen Robinson,DET,WR,1,13,CHI,25,0,4,0,0,0,1,0,0,0,3,0,0,0,3,0,0,0,1,0,0,0
2024,1090,Allen Robinson,DET,WR,1,15,BUF,25,50,4,0.25,0,0,2,0.5,0,0,2,0,0,0,1,0,0,0,3,0.33,0,0
2024,1091,Chris Manhertz,NYG,TE,1,18,PHI,25,50,4,0.25,4,0.65,0,0,0,0,4,0.25,4,0.65,2,0.5,8,1.3,2,0,0,0
2024,1092,MyCole Pruitt,PIT,TE,1,14,CLV,18.181818181818183,20,4,0.25,-0.25,0.23,1,0,0,0,2,0.5,-0.5,0.45,2,0.5,-0.5,0.45,2,0,0,0
2024,1093,MyCole Pruitt,PIT,TE,1,16,BLT,18.181818181818183,40,4,0.5,0.25,1.77,2,0.5,0,0,1,0,0,0,2,0.5,0,0,2,0.5,0.5,3.55
2024,1094,Laquon Treadwell,IND,WR,1,13,NE,100,0,4,0,0,0,2,0,0,0,2,0,0,0,3,0,0,0,1,0,0,0
2024,1095,Mo Alie-Cox,IND,TE,1,15,DEN,12.121212121212121,0,4,0,0,0,1,0,0,0,3,0,0,0,1,0,0,0,3,0,0,0
2024,1096,Pharaoh Brown,SEA,TE,1,13,NYJ,33.33333333333333,20,4,0.25,0,0,1,0,0,0,3,0.33,0,0,1,0,0,0,3,0.33,0,0
2024,1097,Eric Saubert,SF,TE,1,14,CHI,9.30232558139535,14.285714285714285,4,0.25,1,0.35,1,0,0,0,3,0.33,1.33,0.47,3,0.33,1.33,0.47,1,0,0,0
2024,1098,Gerald Everett,CHI,TE,1,16,DET,57.14285714285714,50,4,0.25,1.5,0.4,0,0,0,0,3,0.33,2,0.53,2,0.5,3,0.8,2,0,0,0
2024,1099,Trent Sherfield,MIN,WR,1,14,ATL,30.76923076923077,0,4,0,0,0,1,0,0,0,3,0,0,0,1,0,0,0,3,0,0,0
2024,1100,Trent Sherfield,MIN,WR,1,15,CHI,30.76923076923077,100,4,0.25,1.5,0.4,0,0,0,0,4,0.25,1.5,0.4,1,0,0,0,3,0.33,2,0.53
2024,1101,Brandon Powell,MIN,WR,1,14,ATL,28.57142857142857,0,4,0,0,0,1,0,0,0,3,0,0,0,1,0,0,0,3,0,0,0
2024,1102,Brandon Powell,MIN,WR,1,15,CHI,28.57142857142857,50,4,0.25,3,0.55,1,0,0,0,3,0.33,4,0.73,1,1,12,2.2,3,0,0,0
2024,1103,Brandon Powell,MIN,WR,1,18,DET,28.57142857142857,0,4,0,0,0,4,0,0,0,0,0,0,0,2,0,0,0,2,0,0,0
2024,1104,Durham Smythe,MIA,TE,1,13,GB,15.384615384615385,16.666666666666664,4,0.25,2,0.45,2,0,0,0,2,0.5,4,0.9,2,0.5,4,0.9,2,0,0,0
2024,1105,Durham Smythe,MIA,TE,1,14,NYJ,15.384615384615385,16.666666666666664,4,0.25,0,0,1,0,0,0,3,0.33,0,0,3,0.33,0,0,1,0,0,0
2024,1106,Durham Smythe,MIA,TE,1,15,HST,15.384615384615385,16.666666666666664,4,0.25,2,0.45,0,0,0,0,4,0.25,2,0.45,1,0,0,0,3,0.33,2.67,0.6
2024,1107,Durham Smythe,MIA,TE,1,18,NYJ,15.384615384615385,16.666666666666664,4,0.25,0,0,2,0.5,0,0,1,0,0,0,3,0.33,0,0,1,0,0,0
2024,1108,Mecole Hardman,KC,WR,1,13,LV,100,0,4,0,0,0,3,0,0,0,1,0,0,0,4,0,0,0,0,0,0,0
2024,1109,Scott Miller,PIT,WR,1,15,PHI,10.526315789473683,20,4,0.25,0,0,0,0,0,0,4,0.25,0,0,3,0.33,0,0,1,0,0,0
2024,1110,Dan Chisena,CAR,WR,1,14,PHI,33.33333333333333,0,4,0,0,0,3,0,0,0,1,0,0,0,3,0,0,0,1,0,0,0
2024,1111,Mason Kinsey,TEN,WR,1,15,CIN,10.526315789473683,50,4,0.25,2.75,0.53,0,0,0,0,3,0.33,3.67,0.7,2,0,0,0,2,0.5,5.5,1.05
2024,1112,Harrison Bryant,LV,TE,1,14,TB,40,0,4,0,0,0,0,0,0,0,3,0,0,0,3,0,0,0,1,0,0,0
2024,1113,Devin Duvernay,JAX,WR,1,18,IND,4.166666666666666,0,4,0,0,0,1,0,0,0,1,0,0,0,3,0,0,0,1,0,0,0
2024,1114,Josiah Deguara,JAX,TE,1,15,NYJ,25,0,4,0,0,0,1,0,0,0,3,0,0,0,2,0,0,0,2,0,0,0
2024,1115,Tyler Johnson,LA,WR,1,13,NO,9.523809523809524,12.5,4,0.25,0,0,1,0,0,0,3,0.33,0,0,3,0.33,0,0,1,0,0,0
2024,1116,Charlie Woerner,ATL,TE,1,15,LV,11.11111111111111,42.857142857142854,4,0.75,1.75,0.68,0,0,0,0,4,0.75,1.75,0.68,4,0.75,1.75,0.68,0,0,0,0
2024,1117,Quintin Morris,BUF,TE,1,13,SF,12.5,16.666666666666664,4,0.25,3.5,0.6,1,0,0,0,2,0.5,7,1.2,4,0.25,3.5,0.6,0,0,0,0
2024,1118,Zach Davidson,BUF,TE,1,13,SF,26.666666666666668,0,4,0,0,0,2,0,0,0,1,0,0,0,4,0,0,0,0,0,0,0
2024,1119,Tutu Atwell,LA,WR,1,17,ARZ,5.405405405405405,0,4,0,0,0,1,0,0,0,3,0,0,0,2,0,0,0,2,0,0,0
2024,1120,Ben Skowronek,PIT,WR,1,14,CLV,16,0,4,0,0,0,3,0,0,0,1,0,0,0,4,0,0,0,0,0,0,0
2024,1121,Kylen Granson,IND,TE,1,16,TEN,5.47945205479452,0,4,0,0,0,2,0,0,0,2,0,0,0,1,0,0,0,3,0,0,0
2024,1122,Luke Farrell,JAX,TE,1,18,IND,10,20,4,0.25,1,0.35,0,0,0,0,4,0.25,1,0.35,2,0.5,2,0.7,2,0,0,0
2024,1123,Bo Melton,GB,WR,1,14,DET,13.333333333333334,0,4,0,0,0,2,0,0,0,2,0,0,0,2,0,0,0,2,0,0,0
2024,1124,Bo Melton,GB,WR,1,16,NO,13.333333333333334,20,4,0.25,0,0,2,0.5,0,0,2,0,0,0,2,0.5,0,0,2,0,0,0
2024,1125,Britain Covey,PHI,WR,1,13,BLT,100,100,4,0.25,0,0,0,0,0,0,4,0.25,0,0,3,0,0,0,1,1,0,0
2024,1126,Tucker Fisk,LAC,TE,1,15,TB,12.121212121212121,20,4,0.25,1.75,0.42,0,0,0,0,4,0.25,1.75,0.42,3,0.33,2.33,0.57,1,0,0,0
2024,1127,Tucker Fisk,LAC,TE,1,16,DEN,12.121212121212121,20,4,0.25,2.5,0.5,0,0,0,0,4,0.25,2.5,0.5,2,0,0,0,2,0.5,5,1
2024,1128,Tucker Fisk,LAC,TE,1,18,LV,12.121212121212121,0,4,0,0,0,1,0,0,0,3,0,0,0,1,0,0,0,3,0,0,0
2024,1129,Grant DuBose,MIA,WR,1,15,HST,100,100,4,0.25,-0.5,0.2,0,0,0,0,4,0.25,-0.5,0.2,0,0,0,0,4,0.25,-0.5,0.2
2024,1130,Luke Schoonmaker,DAL,TE,1,15,CAR,7.017543859649122,0,4,0,0,0,0,0,0,0,3,0,0,0,2,0,0,0,2,0,0,0
2024,1131,Darnell Washington,PIT,TE,1,18,CIN,10.256410256410255,0,4,0,0,0,0,0,0,0,4,0,0,0,0,0,0,0,4,0,0,0
2024,1132,Josh Whyle,TEN,TE,1,14,JAX,6.896551724137931,11.11111111111111,4,0.5,7.75,1.27,1,1,23,3.3,2,0.5,4,0.9,2,0.5,11.5,1.65,2,0.5,4,0.9
2024,1133,Josh Whyle,TEN,TE,1,16,IND,6.896551724137931,0,4,0,0,0,0,0,0,0,4,0,0,0,2,0,0,0,2,0,0,0
2024,1134,Julian Hill,MIA,TE,1,15,HST,8.333333333333332,0,4,0,0,0,0,0,0,0,4,0,0,0,2,0,0,0,2,0,0,0
2024,1135,Jake Bobo,SEA,WR,1,13,NYJ,11.76470588235294,0,4,0,0,0,1,0,0,0,3,0,0,0,3,0,0,0,1,0,0,0
2024,1136,Rakim Jarrett,TB,WR,1,13,CAR,16.666666666666664,0,4,0,0,0,0,0,0,0,4,0,0,0,1,0,0,0,3,0,0,0
2024,1137,Rakim Jarrett,TB,WR,1,17,CAR,16.666666666666664,50,4,0.25,2.75,0.53,1,0,0,0,3,0.33,3.67,0.7,2,0,0,0,2,0.5,5.5,1.05
2024,1138,Elijah Higgins,ARZ,TE,1,14,SEA,7.4074074074074066,0,4,0,0,0,2,0,0,0,2,0,0,0,2,0,0,0,2,0,0,0
2024,1139,Payne Durham,TB,TE,1,15,LAC,4.705882352941177,0,4,0,0,0,0,0,0,0,4,0,0,0,3,0,0,0,1,0,0,0
2024,1140,Trey Palmer,TB,WR,1,13,CAR,14.285714285714285,20,4,0.25,0,0,1,1,0,0,3,0,0,0,2,0.5,0,0,2,0,0,0
2024,1141,Trey Palmer,TB,WR,1,15,LAC,14.285714285714285,0,4,0,0,0,0,0,0,0,4,0,0,0,2,0,0,0,2,0,0,0
2024,1142,Jacob Cowing,SF,WR,1,17,DET,8.51063829787234,0,4,0,0,0,2,0,0,0,1,0,0,0,2,0,0,0,2,0,0,0
2024,1143,Isaiah Williams,CIN,WR,1,18,PIT,66.66666666666666,0,4,0,0,0,0,0,0,0,3,0,0,0,1,0,0,0,3,0,0,0
2024,1144,Brenden Bates,CLV,TE,1,18,BLT,80,100,4,0.25,0,0,2,0,0,0,2,0.5,0,0,2,0,0,0,2,0.5,0,0
2024,1145,Joshua Cephus,JAX,WR,1,14,TEN,100,0,4,0,0,0,0,0,0,0,4,0,0,0,3,0,0,0,1,0,0,0
2024,1146,Cam Grandy,CIN,TE,1,16,CLV,15.384615384615385,0,4,0,0,0,1,0,0,0,3,0,0,0,1,0,0,0,3,0,0,0
2024,1147,Tip Reiman,ARZ,TE,1,14,SEA,9.75609756097561,20,4,0.25,3.5,0.6,0,0,0,0,4,0.25,3.5,0.6,2,0,0,0,2,0.5,7,1.2
2024,1148,Tip Reiman,ARZ,TE,1,18,SF,9.75609756097561,0,4,0,0,0,2,0,0,0,2,0,0,0,3,0,0,0,1,0,0,0
2024,1149,Devontez Walker,BLT,WR,1,17,HST,28.57142857142857,66.66666666666666,4,0.5,0,0,0,0,0,0,4,0.5,0,0,3,0.33,0,0,1,1,0,0
2024,1150,Jermaine Burton,CIN,WR,1,17,DEN,23.52941176470588,0,4,0,0,0,2,0,0,0,2,0,0,0,2,0,0,0,2,0,0,0
2024,1151,Anthony Gould,IND,WR,1,15,DEN,100,100,4,0.25,5.75,0.82,1,0,0,0,3,0.33,7.67,1.1,2,0.5,11.5,1.65,2,0,0,0
2024,1152,Ja'Lynn Polk,NE,WR,1,17,LAC,17.391304347826086,33.33333333333333,4,0.25,0,0,2,0.5,0,0,2,0,0,0,1,1,0,0,3,0,0,0
2024,1153,Ben Sinnott,WAS,TE,1,17,ATL,12.121212121212121,0,4,0,0,0,1,0,0,0,3,0,0,0,1,0,0,0,3,0,0,0
2024,1154,Chris Manhertz,NYG,TE,1,14,NO,18.75,0,3,0,0,0,1,0,0,0,2,0,0,0,1,0,0,0,2,0,0,0
2024,1155,Chris Manhertz,NYG,TE,1,15,BLT,18.75,0,3,0,0,0,1,0,0,0,2,0,0,0,1,0,0,0,2,0,0,0
2024,1156,Chris Manhertz,NYG,TE,1,16,ATL,18.75,0,3,0,0,0,1,0,0,0,2,0,0,0,2,0,0,0,1,0,0,0
2024,1157,C.J. Uzomah,PHI,TE,1,13,BLT,23.076923076923077,0,3,0,0,0,0,0,0,0,3,0,0,0,2,0,0,0,1,0,0,0
2024,1158,Nick Vannett,TEN,TE,1,13,WAS,14.285714285714285,14.285714285714285,3,0.33,2,0.53,1,0,0,0,2,0.5,3,0.8,2,0,0,0,1,1,6,1.6
2024,1159,Nick Vannett,TEN,TE,1,18,HST,14.285714285714285,28.57142857142857,3,0.67,8.67,1.53,2,1,13,2.3,1,0,0,0,2,1,13,2.3,1,0,0,0
2024,1160,Alex Erickson,NE,WR,1,18,BUF,100,0,3,0,0,0,2,0,0,0,0,0,0,0,2,0,0,0,1,0,0,0
2024,1161,Johnny Mundt,MIN,TE,1,18,DET,15.789473684210526,0,3,0,0,0,1,0,0,0,2,0,0,0,3,0,0,0,0,0,0,0
2024,1162,Pharaoh Brown,SEA,TE,1,16,MIN,25,20,3,0.33,5.67,0.9,0,0,0,0,3,0.33,5.67,0.9,2,0.5,8.5,1.35,1,0,0,0
2024,1163,Anthony Firkser,KC,TE,1,15,CLV,33.33333333333333,0,3,0,0,0,2,0,0,0,1,0,0,0,2,0,0,0,1,0,0,0
2024,1164,Gerald Everett,CHI,TE,1,17,SEA,42.857142857142854,50,3,0.33,0,0,1,0,0,0,2,0.5,0,0,2,0.5,0,0,1,0,0,0
2024,1165,Trent Sherfield,MIN,WR,1,18,DET,23.076923076923077,0,3,0,0,0,2,0,0,0,1,0,0,0,1,0,0,0,2,0,0,0
2024,1166,Tanner Hudson,CIN,TE,1,15,TEN,15.789473684210526,14.285714285714285,3,0.33,3,0.63,0,0,0,0,3,0.33,3,0.63,2,0,0,0,1,1,9,1.9
2024,1167,Irv Smith,HST,TE,1,16,KC,23.076923076923077,0,3,0,0,0,1,0,0,0,2,0,0,0,1,0,0,0,2,0,0,0
2024,1168,Irv Smith,HST,TE,1,18,TEN,23.076923076923077,0,3,0,0,0,0,0,0,0,2,0,0,0,1,0,0,0,2,0,0,0
2024,1169,Dan Chisena,CAR,WR,1,17,TB,25,25,3,0.33,2.67,0.6,0,0,0,0,3,0.33,2.67,0.6,2,0.5,4,0.9,1,0,0,0
2024,1170,Mason Kinsey,TEN,WR,1,17,JAX,7.894736842105263,0,3,0,0,0,1,0,0,0,0,0,0,0,0,0,0,0,3,0,0,0
2024,1171,Harrison Bryant,LV,TE,1,15,ATL,30,0,3,0,0,0,0,0,0,0,3,0,0,0,1,0,0,0,2,0,0,0
2024,1172,Collin Johnson,CHI,WR,1,15,MIN,33.33333333333333,0,3,0,0,0,1,0,0,0,2,0,0,0,2,0,0,0,1,0,0,0
2024,1173,Collin Johnson,CHI,WR,1,17,SEA,33.33333333333333,0,3,0,0,0,0,0,0,0,3,0,0,0,2,0,0,0,1,0,0,0
2024,1174,Kenny Yeboah,NYJ,TE,1,16,LA,10.344827586206897,20,3,0.33,0,0,1,0,0,0,2,0.5,0,0,1,0,0,0,2,0.5,0,0
2024,1175,Kenny Yeboah,NYJ,TE,1,17,BUF,10.344827586206897,40,3,0.67,0,0,0,0,0,0,3,0.67,0,0,1,1,0,0,2,0.5,0,0
2024,1176,Shane Zylstra,DET,TE,1,18,MIN,23.076923076923077,0,3,0,0,0,0,0,0,0,3,0,0,0,3,0,0,0,0,0,0,0
2024,1177,Quintin Morris,BUF,TE,1,17,NYJ,9.375,16.666666666666664,3,0.33,0,0,0,0,0,0,3,0.33,0,0,3,0.33,0,0,0,0,0,0
2024,1178,Tylan Wallace,BLT,WR,1,15,NYG,4.838709677419355,20,3,0.33,2.67,0.6,1,1,8,1.8,2,0,0,0,1,0,0,0,2,0.5,4,0.9
2024,1179,Noah Gray,KC,TE,1,18,DEN,3.4482758620689653,5.555555555555555,3,0.33,0.33,0.37,3,0.33,0.33,0.37,0,0,0,0,3,0.33,0.33,0.37,0,0,0,0
2024,1180,Luke Farrell,JAX,TE,1,14,TEN,7.5,0,3,0,0,0,0,0,0,0,3,0,0,0,2,0,0,0,1,0,0,0
2024,1181,Kadarius Toney,CLV,WR,1,13,DEN,75,100,3,0.33,0,0,0,0,0,0,3,0.33,0,0,2,0,0,0,1,1,0,0
2024,1182,Hunter Long,LA,TE,1,14,BUF,13.636363636363635,25,3,0.33,0,0,0,0,0,0,3,0.33,0,0,1,0,0,0,2,0.5,0,0
2024,1183,Greg Dulcich,NYG,TE,1,15,BLT,15,0,3,0,0,0,1,0,0,0,2,0,0,0,2,0,0,0,1,0,0,0
2024,1184,Stone Smartt,LAC,TE,1,13,ATL,3.614457831325301,6.666666666666667,3,0.33,0,0,0,0,0,0,3,0.33,0,0,1,1,0,0,2,0,0,0
2024,1185,Devin Thompkins,CAR,WR,1,15,DAL,14.285714285714285,0,3,0,0,0,1,0,0,0,2,0,0,0,2,0,0,0,1,0,0,0
2024,1186,Tay Martin,TEN,WR,1,18,HST,100,100,3,0.67,16.33,3.97,1,0,0,0,2,1,24.5,5.95,3,0.67,16.33,3.97,0,0,0,0
2024,1187,Erik Ezukanma,MIA,WR,1,16,SF,100,0,3,0,0,0,0,0,0,0,3,0,0,0,0,0,0,0,3,0,0,0
2024,1188,Will Mallory,IND,TE,1,13,NE,15,50,3,0.33,2.33,0.57,1,1,7,1.7,2,0,0,0,2,0.5,3.5,0.85,1,0,0,0
2024,1189,Malik Heath,GB,WR,1,14,DET,11.11111111111111,0,3,0,0,0,0,0,0,0,2,0,0,0,0,0,0,0,3,0,0,0
2024,1190,Josh Whyle,TEN,TE,1,17,JAX,5.172413793103448,5.555555555555555,3,0.33,0,0,2,0.5,0,0,1,0,0,0,0,0,0,0,3,0.33,0,0
2024,1191,Xavier Hutchinson,HST,WR,1,15,MIA,4.10958904109589,12.5,3,0.33,4.33,0.77,1,1,13,2.3,2,0,0,0,1,1,13,2.3,2,0,0,0
2024,1192,Elijah Cooks,JAX,WR,1,13,HST,100,0,3,0,0,0,1,0,0,0,2,0,0,0,2,0,0,0,1,0,0,0
2024,1193,Blake Whiteheart,CLV,TE,1,16,CIN,6.8181818181818175,0,3,0,0,0,2,0,0,0,1,0,0,0,3,0,0,0,0,0,0,0
2024,1194,Julian Hill,MIA,TE,1,16,SF,6.25,0,3,0,0,0,0,0,0,0,3,0,0,0,3,0,0,0,0,0,0,0
2024,1195,Jake Bobo,SEA,WR,1,17,CHI,8.823529411764707,0,3,0,0,0,0,0,0,0,3,0,0,0,1,0,0,0,2,0,0,0
2024,1196,Ben Sims,GB,TE,1,13,MIA,30,0,3,0,0,0,0,0,0,0,3,0,0,0,3,0,0,0,0,0,0,0
2024,1197,Rakim Jarrett,TB,WR,1,14,LV,12.5,0,3,0,0,0,0,0,0,0,3,0,0,0,2,0,0,0,1,0,0,0
2024,1198,Rakim Jarrett,TB,WR,1,18,NO,12.5,0,3,0,0,0,1,0,0,0,2,0,0,0,3,0,0,0,0,0,0,0
2024,1199,Ryan Miller,TB,WR,1,18,NO,6.122448979591836,0,3,0,0,0,2,0,0,0,1,0,0,0,3,0,0,0,0,0,0,0
2024,1200,Jalin Hyatt,NYG,WR,1,17,IND,5.263157894736842,0,3,0,0,0,1,0,0,0,2,0,0,0,2,0,0,0,1,0,0,0
2024,1201,Payne Durham,TB,TE,1,13,CAR,3.5294117647058822,0,3,0,0,0,1,0,0,0,2,0,0,0,2,0,0,0,1,0,0,0
2024,1202,Payne Durham,TB,TE,1,14,LV,3.5294117647058822,0,3,0,0,0,0,0,0,0,2,0,0,0,1,0,0,0,2,0,0,0
2024,1203,Trey Palmer,TB,WR,1,14,LV,10.714285714285714,0,3,0,0,0,0,0,0,0,3,0,0,0,1,0,0,0,2,0,0,0
2024,1204,Trey Palmer,TB,WR,1,18,NO,10.714285714285714,0,3,0,0,0,1,0,0,0,2,0,0,0,2,0,0,0,1,0,0,0
2024,1205,Jonathan Mingo,DAL,WR,1,15,CAR,5.660377358490567,0,3,0,0,0,0,0,0,0,3,0,0,0,2,0,0,0,1,0,0,0
2024,1206,Davis Allen,LA,TE,1,15,SF,15,0,3,0,0,0,1,0,0,0,2,0,0,0,3,0,0,0,0,0,0,0
2024,1207,Luke Musgrave,GB,TE,1,16,NO,16.666666666666664,0,3,0,0,0,1,0,0,0,2,0,0,0,1,0,0,0,2,0,0,0
2024,1208,Jacob Cowing,SF,WR,1,14,CHI,6.382978723404255,33.33333333333333,3,0.33,0,0,0,0,0,0,3,0.33,0,0,2,0,0,0,1,1,0,0
2024,1209,Brevyn Spann-Ford,DAL,TE,1,15,CAR,15,100,3,0.33,0.67,0.4,0,0,0,0,2,0.5,1,0.6,0,0,0,0,3,0.33,0.67,0.4
2024,1210,Brevyn Spann-Ford,DAL,TE,1,16,TB,15,0,3,0,0,0,1,0,0,0,2,0,0,0,2,0,0,0,1,0,0,0
2024,1211,Brevyn Spann-Ford,DAL,TE,1,17,PHI,15,0,3,0,0,0,0,0,0,0,3,0,0,0,3,0,0,0,0,0,0,0
2024,1212,Dallin Holker,NO,TE,1,14,NYG,20,25,3,0.33,3.33,0.67,0,0,0,0,3,0.33,3.33,0.67,2,0,0,0,1,1,10,2
2024,1213,Cam Grandy,CIN,TE,1,13,PIT,11.538461538461538,0,3,0,0,0,1,0,0,0,2,0,0,0,3,0,0,0,0,0,0,0
2024,1214,Cam Grandy,CIN,TE,1,15,TEN,11.538461538461538,50,3,0.67,4,1.07,1,1,9,1.9,0,0,0,0,1,1,9,1.9,2,0.5,1.5,0.65
2024,1215,Cam Grandy,CIN,TE,1,18,PIT,11.538461538461538,25,3,0.33,3,0.63,0,0,0,0,3,0.33,3,0.63,0,0,0,0,3,0.33,3,0.63
2024,1216,Bryce Oliver,TEN,WR,1,17,JAX,12,0,3,0,0,0,1,0,0,0,2,0,0,0,0,0,0,0,3,0,0,0
2024,1217,Devontez Walker,BLT,WR,1,16,PIT,21.428571428571427,0,3,0,0,0,2,0,0,0,1,0,0,0,2,0,0,0,1,0,0,0
2024,1218,Jermaine Burton,CIN,WR,1,16,CLV,17.647058823529413,0,3,0,0,0,2,0,0,0,1,0,0,0,3,0,0,0,0,0,0,0
2024,1219,Javon Baker,NE,WR,1,16,BUF,14.285714285714285,33.33333333333333,3,0.33,0,0,2,0.5,0,0,1,0,0,0,2,0.5,0,0,1,0,0,0
2024,1220,Javon Baker,NE,WR,1,17,LAC,14.285714285714285,33.33333333333333,3,0.33,0,0,2,0,0,0,1,1,0,0,1,0,0,0,2,0.5,0,0
2024,1221,Allen Robinson,DET,WR,1,14,GB,12.5,0,2,0,0,0,0,0,0,0,2,0,0,0,1,0,0,0,1,0,0,0
2024,1222,Chris Manhertz,NYG,TE,1,17,IND,12.5,50,2,0.5,6,1.1,0,0,0,0,2,0.5,6,1.1,0,0,0,0,2,0.5,6,1.1
2024,1223,MyCole Pruitt,PIT,TE,1,17,KC,9.090909090909092,0,2,0,0,0,0,0,0,0,1,0,0,0,1,0,0,0,1,0,0,0
2024,1224,Eric Tomlinson,LAC,TE,1,15,TB,100,0,2,0,0,0,0,0,0,0,2,0,0,0,1,0,0,0,1,0,0,0
2024,1225,DeAndre Carter,CHI,WR,1,13,DET,100,0,2,0,0,0,2,0,0,0,0,0,0,0,2,0,0,0,0,0,0,0
2024,1226,Chris Conley,SF,WR,1,13,BUF,5.88235294117647,0,2,0,0,0,0,0,0,0,2,0,0,0,1,0,0,0,1,0,0,0
2024,1227,Chris Conley,SF,WR,1,17,DET,5.88235294117647,20,2,0.5,6.5,1.15,1,0,0,0,1,1,13,2.3,2,0.5,6.5,1.15,0,0,0,0
2024,1228,C.J. Uzomah,PHI,TE,1,16,WAS,15.384615384615385,0,2,0,0,0,0,0,0,0,2,0,0,0,1,0,0,0,1,0,0,0
2024,1229,C.J. Uzomah,PHI,TE,1,17,DAL,15.384615384615385,0,2,0,0,0,1,0,0,0,1,0,0,0,2,0,0,0,0,0,0,0
2024,1230,Nick Vannett,TEN,TE,1,15,CIN,9.523809523809524,14.285714285714285,2,0.5,3.5,0.85,0,0,0,0,2,0.5,3.5,0.85,1,0,0,0,1,1,7,1.7
2024,1231,Nick Vannett,TEN,TE,1,16,IND,9.523809523809524,0,2,0,0,0,0,0,0,0,2,0,0,0,2,0,0,0,0,0,0,0
2024,1232,Nick Vannett,TEN,TE,1,17,JAX,9.523809523809524,14.285714285714285,2,0.5,4,3.9,2,0.5,4,3.9,0,0,0,0,2,0.5,4,3.9,0,0,0,0
2024,1233,Johnny Mundt,MIN,TE,1,14,ATL,10.526315789473683,0,2,0,0,0,1,0,0,0,1,0,0,0,2,0,0,0,0,0,0,0
2024,1234,Johnny Mundt,MIN,TE,1,15,CHI,10.526315789473683,0,2,0,0,0,1,0,0,0,1,0,0,0,1,0,0,0,1,0,0,0
2024,1235,Johnny Mundt,MIN,TE,1,17,GB,10.526315789473683,33.33333333333333,2,0.5,3.5,0.85,1,1,7,1.7,1,0,0,0,1,1,7,1.7,1,0,0,0
2024,1236,Pharaoh Brown,SEA,TE,1,14,ARZ,16.666666666666664,40,2,1,3,0.8,0,0,0,0,1,1,6,1.6,0,0,0,0,2,1,3,0.8
2024,1237,Pharaoh Brown,SEA,TE,1,17,CHI,16.666666666666664,20,2,0.5,2,0.7,0,0,0,0,2,0.5,2,0.7,2,0.5,2,0.7,0,0,0,0
2024,1238,Ross Dwelley,ATL,TE,1,15,LV,66.66666666666666,0,2,0,0,0,0,0,0,0,2,0,0,0,2,0,0,0,0,0,0,0
2024,1239,Anthony Miller,BLT,WR,1,17,HST,100,100,2,0.5,8,1.3,0,0,0,0,2,0.5,8,1.3,1,1,16,2.6,1,0,0,0
2024,1240,Tanner Hudson,CIN,TE,1,18,PIT,10.526315789473683,14.285714285714285,2,0.5,5.5,1.05,1,1,11,2.1,1,0,0,0,0,0,0,0,2,0.5,5.5,1.05
2024,1241,Brandon Powell,MIN,WR,1,13,ARZ,14.285714285714285,50,2,0.5,4,0.9,0,0,0,0,2,0.5,4,0.9,0,0,0,0,2,0.5,4,0.9
2024,1242,DJ Chark,LAC,WR,1,13,ATL,3.7735849056603774,0,2,0,0,0,0,0,0,0,2,0,0,0,1,0,0,0,1,0,0,0
2024,1243,KhaDarel Hodge,ATL,WR,1,13,LAC,4.081632653061225,0,2,0,0,0,0,0,0,0,2,0,0,0,0,0,0,0,2,0,0,0
2024,1244,Ashton Dulin,IND,WR,1,17,NYG,66.66666666666666,0,2,0,0,0,0,0,0,0,2,0,0,0,1,0,0,0,1,0,0,0
2024,1245,Cody White,SEA,WR,1,13,NYJ,100,0,2,0,0,0,0,0,0,0,2,0,0,0,1,0,0,0,1,0,0,0
2024,1246,Dan Chisena,CAR,WR,1,13,TB,16.666666666666664,25,2,0.5,3,0.8,1,0,0,0,1,1,6,1.6,2,0.5,3,0.8,0,0,0,0
2024,1247,Dan Chisena,CAR,WR,1,16,ARZ,16.666666666666664,50,2,1,11.5,1.65,2,1,11.5,1.65,0,0,0,0,1,1,23,3.3,1,1,0,0
2024,1248,James Proche,CLV,WR,1,14,PIT,40,100,2,1,9,1.9,0,0,0,0,2,1,9,1.9,2,1,9,1.9,0,0,0,0
2024,1249,James Proche,CLV,WR,1,15,KC,40,0,2,0,0,0,1,0,0,0,1,0,0,0,0,0,0,0,2,0,0,0
2024,1250,Harrison Bryant,LV,TE,1,17,NO,20,0,2,0,0,0,0,0,0,0,2,0,0,0,0,0,0,0,2,0,0,0
2024,1251,Collin Johnson,CHI,WR,1,16,DET,22.22222222222222,50,2,0.5,0,0,1,0,0,0,1,1,0,0,2,0.5,0,0,0,0,0,0
2024,1252,Josiah Deguara,JAX,TE,1,18,IND,12.5,0,2,0,0,0,2,0,0,0,0,0,0,0,2,0,0,0,0,0,0,0
2024,1253,Stephen Sullivan,CAR,TE,1,13,TB,100,100,2,0.5,0,0,1,1,0,0,1,0,0,0,1,1,0,0,1,0,0,0
2024,1254,Tim Jones,JAX,WR,1,15,NYJ,15.384615384615385,0,2,0,0,0,2,0,0,0,0,0,0,0,2,0,0,0,0,0,0,0
2024,1255,Tim Jones,JAX,WR,1,17,TEN,15.384615384615385,100,2,0.5,5.5,1.05,1,0,0,0,1,1,11,2.1,1,0,0,0,1,1,11,2.1
2024,1256,Tim Jones,JAX,WR,1,18,IND,15.384615384615385,0,2,0,0,0,0,0,0,0,2,0,0,0,1,0,0,0,1,0,0,0
2024,1257,Kenny Yeboah,NYJ,TE,1,14,MIA,6.896551724137931,0,2,0,0,0,1,0,0,0,1,0,0,0,1,0,0,0,1,0,0,0
2024,1258,Shane Zylstra,DET,TE,1,17,SF,15.384615384615385,0,2,0,0,0,0,0,0,0,2,0,0,0,2,0,0,0,0,0,0,0
2024,1259,John Bates,WAS,TE,1,16,PHI,6.0606060606060606,25,2,0.5,0,0,2,0.5,0,0,0,0,0,0,2,0.5,0,0,0,0,0,0
2024,1260,John Bates,WAS,TE,1,18,DAL,6.0606060606060606,25,2,0.5,0,0,1,1,0,0,1,0,0,0,2,0.5,0,0,0,0,0,0
2024,1261,Nick Muse,MIN,TE,1,13,ARZ,100,0,2,0,0,0,2,0,0,0,0,0,0,0,2,0,0,0,0,0,0,0
2024,1262,Velus Jones,CAR,WR,1,17,TB,100,0,2,0,0,0,1,0,0,0,1,0,0,0,1,0,0,0,1,0,0,0
2024,1263,Charlie Kolar,BLT,TE,1,18,CLV,100,0,2,0,0,0,0,0,0,0,2,0,0,0,2,0,0,0,0,0,0,0
2024,1264,Xavier Gipson,NYJ,WR,1,18,MIA,9.090909090909092,0,2,0,0,0,0,0,0,0,2,0,0,0,0,0,0,0,2,0,0,0
2024,1265,E.J. Jenkins,PHI,TE,1,15,PIT,7.6923076923076925,0,2,0,0,0,1,0,0,0,1,0,0,0,1,0,0,0,1,0,0,0
2024,1266,Darnell Washington,PIT,TE,1,15,PHI,5.128205128205128,0,2,0,0,0,0,0,0,0,2,0,0,0,2,0,0,0,0,0,0,0
2024,1267,Derius Davis,LAC,WR,1,15,TB,5,0,2,0,0,0,0,0,0,0,2,0,0,0,2,0,0,0,0,0,0,0
2024,1268,Jalen Brooks,DAL,WR,1,15,CAR,8.333333333333332,33.33333333333333,2,0.5,8.5,4.35,1,1,17,8.7,1,0,0,0,2,0.5,8.5,4.35,0,0,0,0
2024,1269,Johnny Wilson,PHI,WR,1,16,WAS,3.389830508474576,0,2,0,0,0,2,0,0,0,0,0,0,0,2,0,0,0,0,0,0,0
2024,1270,Jha'Quan Jackson,TEN,WR,1,13,WAS,100,0,2,0,0,0,2,0,0,0,0,0,0,0,2,0,0,0,0,0,0,0
2024,1271,Jaheim Bell,NE,TE,1,15,ARZ,13.333333333333334,0,2,0,0,0,0,0,0,0,2,0,0,0,0,0,0,0,2,0,0,0
2024,1272,Jaheim Bell,NE,TE,1,16,BUF,13.333333333333334,0,2,0,0,0,0,0,0,0,2,0,0,0,0,0,0,0,2,0,0,0
2024,1273,Brevyn Spann-Ford,DAL,TE,1,14,CIN,10,0,2,0,0,0,1,0,0,0,1,0,0,0,2,0,0,0,0,0,0,0
2024,1274,Kameron Johnson,TB,WR,1,17,CAR,100,0,2,0,0,0,0,0,0,0,2,0,0,0,1,0,0,0,1,0,0,0
2024,1275,Dallin Holker,NO,TE,1,16,GB,13.333333333333334,0,2,0,0,0,0,0,0,0,2,0,0,0,2,0,0,0,0,0,0,0
2024,1276,Dallin Holker,NO,TE,1,17,LV,13.333333333333334,0,2,0,0,0,0,0,0,0,2,0,0,0,1,0,0,0,1,0,0,0
2024,1277,Bryce Oliver,TEN,WR,1,16,IND,8,0,2,0,0,0,1,0,0,0,1,0,0,0,1,0,0,0,1,0,0,0
2024,1278,Devin Culp,TB,TE,1,16,DAL,7.6923076923076925,0,2,0,0,0,1,0,0,0,1,0,0,0,2,0,0,0,0,0,0,0
2024,1279,Jermaine Burton,CIN,WR,1,13,PIT,11.76470588235294,0,2,0,0,0,0,0,0,0,2,0,0,0,1,0,0,0,1,0,0,0
2024,1280,Jermaine Burton,CIN,WR,1,15,TEN,11.76470588235294,0,2,0,0,0,2,0,0,0,0,0,0,0,2,0,0,0,0,0,0,0
2024,1281,Ja'Lynn Polk,NE,WR,1,16,BUF,8.695652173913043,0,2,0,0,0,0,0,0,0,1,0,0,0,0,0,0,0,2,0,0,0
2024,1282,Marcedes Lewis,CHI,TE,1,16,DET,50,0,1,0,0,0,0,0,0,0,1,0,0,0,1,0,0,0,0,0,0,0
2024,1283,Marcedes Lewis,CHI,TE,1,17,SEA,50,0,1,0,0,0,0,0,0,0,1,0,0,0,1,0,0,0,0,0,0,0
2024,1284,Allen Robinson,DET,WR,1,16,CHI,6.25,0,1,0,0,0,0,0,0,0,1,0,0,0,0,0,0,0,1,0,0,0
2024,1285,Chris Manhertz,NYG,TE,1,13,DAL,6.25,0,1,0,0,0,0,0,0,0,1,0,0,0,1,0,0,0,0,0,0,0
2024,1286,MyCole Pruitt,PIT,TE,1,15,PHI,4.545454545454546,0,1,0,0,0,0,0,0,0,1,0,0,0,1,0,0,0,0,0,0,0
2024,1287,MyCole Pruitt,PIT,TE,1,18,CIN,4.545454545454546,0,1,0,0,0,0,0,0,0,1,0,0,0,0,0,0,0,1,0,0,0
2024,1288,Chris Conley,SF,WR,1,15,LA,2.941176470588235,0,1,0,0,0,0,0,0,0,1,0,0,0,1,0,0,0,0,0,0,0
2024,1289,Chris Conley,SF,WR,1,16,MIA,2.941176470588235,0,1,0,0,0,0,0,0,0,1,0,0,0,0,0,0,0,1,0,0,0
2024,1290,Kalif Raymond,DET,WR,1,18,MIN,100,100,1,1,11,2.1,1,1,11,2.1,0,0,0,0,1,1,11,2.1,0,0,0,0
2024,1291,Johnny Mundt,MIN,TE,1,16,SEA,5.263157894736842,0,1,0,0,0,0,0,0,0,1,0,0,0,1,0,0,0,0,0,0,0
2024,1292,Zach Pascal,ARZ,WR,1,18,SF,100,0,1,0,0,0,1,0,0,0,0,0,0,0,1,0,0,0,0,0,0,0
2024,1293,Pharaoh Brown,SEA,TE,1,15,GB,8.333333333333332,0,1,0,0,0,0,0,0,0,1,0,0,0,0,0,0,0,1,0,0,0
2024,1294,Anthony Firkser,KC,TE,1,16,HST,11.11111111111111,0,1,0,0,0,0,0,0,0,1,0,0,0,1,0,0,0,0,0,0,0
2024,1295,Eric Saubert,SF,TE,1,13,BUF,2.3255813953488373,0,1,0,0,0,0,0,0,0,1,0,0,0,1,0,0,0,0,0,0,0
2024,1296,Ross Dwelley,ATL,TE,1,14,MIN,33.33333333333333,0,1,0,0,0,0,0,0,0,1,0,0,0,0,0,0,0,1,0,0,0
2024,1297,Trent Sherfield,MIN,WR,1,13,ARZ,7.6923076923076925,0,1,0,0,0,0,0,0,0,1,0,0,0,0,0,0,0,1,0,0,0
2024,1298,Trent Sherfield,MIN,WR,1,16,SEA,7.6923076923076925,0,1,0,0,0,0,0,0,0,1,0,0,0,1,0,0,0,0,0,0,0
2024,1299,KhaDarel Hodge,ATL,WR,1,15,LV,2.0408163265306123,0,1,0,0,0,1,0,0,0,0,0,0,0,1,0,0,0,0,0,0,0
2024,1300,Irv Smith,HST,TE,1,13,JAX,7.6923076923076925,0,1,0,0,0,1,0,0,0,0,0,0,0,1,0,0,0,0,0,0,0
2024,1301,Irv Smith,HST,TE,1,17,BLT,7.6923076923076925,0,1,0,0,0,0,0,0,0,1,0,0,0,1,0,0,0,0,0,0,0
2024,1302,Ashton Dulin,IND,WR,1,18,JAX,33.33333333333333,0,1,0,0,0,1,0,0,0,0,0,0,0,0,0,0,0,1,0,0,0
2024,1303,Dan Chisena,CAR,WR,1,18,ATL,8.333333333333332,0,1,0,0,0,1,0,0,0,0,0,0,0,1,0,0,0,0,0,0,0
2024,1304,James Proche,CLV,WR,1,18,BLT,20,0,1,0,0,0,0,0,0,0,1,0,0,0,1,0,0,0,0,0,0,0
2024,1305,Harrison Bryant,LV,TE,1,18,LAC,10,0,1,0,0,0,0,0,0,0,1,0,0,0,0,0,0,0,1,0,0,0
2024,1306,Collin Johnson,CHI,WR,1,14,SF,11.11111111111111,50,1,1,6,1.6,0,0,0,0,1,1,6,1.6,1,1,6,1.6,0,0,0,0
2024,1307,Laviska Shenault,SEA,WR,1,13,NYJ,50,0,1,0,0,0,0,0,0,0,1,0,0,0,1,0,0,0,0,0,0,0
2024,1308,Laviska Shenault,LAC,WR,1,15,TB,50,0,1,0,0,0,0,0,0,0,1,0,0,0,1,0,0,0,0,0,0,0
2024,1309,Tyler Johnson,LA,WR,1,15,SF,2.380952380952381,0,1,0,0,0,0,0,0,0,1,0,0,0,0,0,0,0,1,0,0,0
2024,1310,Chris Blair,ATL,WR,1,17,WAS,14.285714285714285,50,1,1,0,0,1,1,0,0,0,0,0,0,0,0,0,0,1,1,0,0
2024,1311,Tim Jones,JAX,WR,1,16,LV,7.6923076923076925,0,1,0,0,0,0,0,0,0,1,0,0,0,0,0,0,0,1,0,0,0
2024,1312,Shane Zylstra,DET,TE,1,13,CHI,7.6923076923076925,0,1,0,0,0,1,0,0,0,0,0,0,0,1,0,0,0,0,0,0,0
2024,1313,Quintin Morris,BUF,TE,1,15,DET,3.125,0,1,0,0,0,0,0,0,0,1,0,0,0,1,0,0,0,0,0,0,0
2024,1314,D'Wayne Eskridge,MIA,WR,1,17,CLV,100,100,1,1,8,1.8,0,0,0,0,1,1,8,1.8,0,0,0,0,1,1,8,1.8
2024,1315,Dez Fitzpatrick,LAC,WR,1,18,LV,100,0,1,0,0,0,0,0,0,0,1,0,0,0,1,0,0,0,0,0,0,0
2024,1316,Ihmir Smith-Marsette,NYG,WR,1,13,DAL,33.33333333333333,0,1,0,0,0,0,0,0,0,1,0,0,0,0,0,0,0,1,0,0,0
2024,1317,Ihmir Smith-Marsette,NYG,WR,1,15,BLT,33.33333333333333,0,1,0,0,0,1,0,0,0,0,0,0,0,1,0,0,0,0,0,0,0
2024,1318,Ihmir Smith-Marsette,NYG,WR,1,16,ATL,33.33333333333333,0,1,0,0,0,0,0,0,0,1,0,0,0,0,0,0,0,1,0,0,0
2024,1319,Feleipe Franks,CAR,TE,1,18,ATL,14.285714285714285,50,1,1,12,2.2,0,0,0,0,1,1,12,2.2,0,0,0,0,1,1,12,2.2
2024,1320,Ben Skowronek,PIT,WR,1,18,CIN,4,0,1,0,0,0,0,0,0,0,1,0,0,0,0,0,0,0,1,0,0,0
2024,1321,Kadarius Toney,CLV,WR,1,14,PIT,25,0,1,0,0,0,0,0,0,0,1,0,0,0,0,0,0,0,1,0,0,0
2024,1322,Hunter Long,LA,TE,1,16,NYJ,4.545454545454546,0,1,0,0,0,0,0,0,0,1,0,0,0,1,0,0,0,0,0,0,0
2024,1323,Grant Calcaterra,PHI,TE,1,13,BLT,0.8620689655172413,0,1,0,0,0,0,0,0,0,1,0,0,0,1,0,0,0,0,0,0,0
2024,1324,Greg Dulcich,NYG,TE,1,14,NO,5,0,1,0,0,0,0,0,0,0,1,0,0,0,0,0,0,0,1,0,0,0
2024,1325,John FitzPatrick,GB,TE,1,14,DET,12.5,0,1,0,0,0,1,0,0,0,0,0,0,0,1,0,0,0,0,0,0,0
2024,1326,John FitzPatrick,GB,TE,1,15,SEA,12.5,0,1,0,0,0,0,0,0,0,1,0,0,0,0,0,0,0,1,0,0,0
2024,1327,Ko Kieft,TB,TE,1,16,DAL,50,0,1,0,0,0,0,0,0,0,1,0,0,0,0,0,0,0,1,0,0,0
2024,1328,Ko Kieft,TB,TE,1,17,CAR,50,0,1,0,0,0,0,0,0,0,1,0,0,0,0,0,0,0,1,0,0,0
2024,1329,Jalen Virgil,BUF,WR,1,13,SF,50,0,1,0,0,0,1,0,0,0,0,0,0,0,1,0,0,0,0,0,0,0
2024,1330,Jalen Virgil,BUF,WR,1,14,LA,50,0,1,0,0,0,0,0,0,0,1,0,0,0,0,0,0,0,1,0,0,0
2024,1331,Xavier Smith,LA,WR,1,18,SEA,100,0,1,0,0,0,0,0,0,0,1,0,0,0,1,0,0,0,0,0,0,0
2024,1332,Will Mallory,IND,TE,1,16,TEN,5,0,1,0,0,0,0,0,0,0,1,0,0,0,1,0,0,0,0,0,0,0
2024,1333,Malik Heath,GB,WR,1,13,MIA,3.7037037037037033,0,1,0,0,0,0,0,0,0,1,0,0,0,1,0,0,0,0,0,0,0
2024,1334,Xavier Gipson,NYJ,WR,1,14,MIA,4.545454545454546,0,1,0,0,0,0,0,0,0,1,0,0,0,0,0,0,0,1,0,0,0
2024,1335,Xavier Gipson,NYJ,WR,1,15,JAX,4.545454545454546,0,1,0,0,0,1,0,0,0,0,0,0,0,1,0,0,0,0,0,0,0
2024,1336,E.J. Jenkins,PHI,TE,1,17,DAL,3.8461538461538463,50,1,1,0,0,1,1,0,0,0,0,0,0,1,1,0,0,0,0,0,0
2024,1337,Nikko Remigio,KC,WR,1,15,CLV,4.761904761904762,0,1,0,0,0,1,0,0,0,0,0,0,0,1,0,0,0,0,0,0,0
2024,1338,Justin Shorter,LV,TE,1,13,KC,100,0,1,0,0,0,0,0,0,0,1,0,0,0,1,0,0,0,0,0,0,0
2024,1339,Brayden Willis,SF,TE,1,16,MIA,14.285714285714285,0,1,0,0,0,0,0,0,0,0,0,0,0,0,0,0,0,1,0,0,0
2024,1340,Tyrell Shavers,BUF,WR,1,17,NYJ,100,100,1,1,69,13.9,0,0,0,0,1,1,69,13.9,1,1,69,13.9,0,0,0,0
2024,1341,Ben Sims,GB,TE,1,15,SEA,10,0,1,0,0,0,0,0,0,0,1,0,0,0,1,0,0,0,0,0,0,0
2024,1342,Ben Sims,GB,TE,1,18,CHI,10,0,1,0,0,0,0,0,0,0,1,0,0,0,1,0,0,0,0,0,0,0
2024,1343,Rakim Jarrett,TB,WR,1,15,LAC,4.166666666666666,0,1,0,0,0,0,0,0,0,1,0,0,0,0,0,0,0,1,0,0,0
2024,1344,Ryan Miller,TB,WR,1,13,CAR,2.0408163265306123,0,1,0,0,0,0,0,0,0,1,0,0,0,0,0,0,0,1,0,0,0
2024,1345,Ryan Miller,TB,WR,1,15,LAC,2.0408163265306123,14.285714285714285,1,1,1,1.1,1,1,1,1.1,0,0,0,0,1,1,1,1.1,0,0,0,0
2024,1346,Tyler Scott,CHI,WR,1,15,MIN,50,100,1,1,5,1.5,0,0,0,0,1,1,5,1.5,0,0,0,0,1,1,5,1.5
2024,1347,Tyler Scott,CHI,WR,1,16,DET,50,0,1,0,0,0,0,0,0,0,1,0,0,0,1,0,0,0,0,0,0,0
2024,1348,Davis Allen,LA,TE,1,16,NYJ,5,0,1,0,0,0,0,0,0,0,1,0,0,0,0,0,0,0,1,0,0,0
2024,1349,Davis Allen,LA,TE,1,18,SEA,5,0,1,0,0,0,1,0,0,0,0,0,0,0,1,0,0,0,0,0,0,0
2024,1350,Johnny Wilson,PHI,WR,1,17,DAL,1.694915254237288,0,1,0,0,0,0,0,0,0,1,0,0,0,1,0,0,0,0,0,0,0
2024,1351,Jack Westover,NE,TE,1,18,BUF,100,0,1,0,0,0,1,0,0,0,0,0,0,0,1,0,0,0,0,0,0,0
2024,1352,Baylor Cupp,KC,TE,1,14,LAC,100,100,1,1,0,0,0,0,0,0,1,1,0,0,0,0,0,0,1,1,0,0
2024,1353,Jacob Cowing,SF,WR,1,13,BUF,2.127659574468085,0,1,0,0,0,0,0,0,0,1,0,0,0,1,0,0,0,0,0,0,0
2024,1354,Jacob Cowing,SF,WR,1,15,LA,2.127659574468085,0,1,0,0,0,0,0,0,0,1,0,0,0,0,0,0,0,1,0,0,0
2024,1355,Tanner McLachlan,CIN,TE,1,16,CLV,100,0,1,0,0,0,0,0,0,0,1,0,0,0,1,0,0,0,0,0,0,0
2024,1356,Ryan Flournoy,DAL,WR,1,14,CIN,4.3478260869565215,12.5,1,1,0,0,0,0,0,0,1,1,0,0,1,1,0,0,0,0,0,0
2024,1357,Jaheim Bell,NE,TE,1,13,IND,6.666666666666667,0,1,0,0,0,0,0,0,0,1,0,0,0,0,0,0,0,1,0,0,0
2024,1358,Isaiah Williams,CIN,WR,1,13,PIT,16.666666666666664,0,1,0,0,0,0,0,0,0,1,0,0,0,0,0,0,0,1,0,0,0
2024,1359,Isaiah Williams,CIN,WR,1,16,CLV,16.666666666666664,0,1,0,0,0,1,0,0,0,0,0,0,0,1,0,0,0,0,0,0,0
2024,1360,Brenden Bates,CLV,TE,1,17,MIA,20,0,1,0,0,0,0,0,0,0,1,0,0,0,0,0,0,0,1,0,0,0
2024,1361,Brevyn Spann-Ford,DAL,TE,1,18,WAS,5,0,1,0,0,0,1,0,0,0,0,0,0,0,1,0,0,0,0,0,0,0
2024,1362,Ramel Keyton,LV,WR,1,15,ATL,100,0,1,0,0,0,1,0,0,0,0,0,0,0,1,0,0,0,0,0,0,0
2024,1363,Dallin Holker,NO,TE,1,13,LA,6.666666666666667,0,1,0,0,0,0,0,0,0,1,0,0,0,0,0,0,0,1,0,0,0
2024,1364,David Martin-Robinson,TEN,TE,1,14,JAX,12.5,0,1,0,0,0,0,0,0,0,1,0,0,0,0,0,0,0,1,0,0,0
2024,1365,David Martin-Robinson,TEN,TE,1,16,IND,12.5,100,1,1,6,1.6,0,0,0,0,1,1,6,1.6,1,1,6,1.6,0,0,0,0
2024,1366,Bryce Oliver,TEN,WR,1,14,JAX,4,20,1,1,16,2.6,0,0,0,0,1,1,16,2.6,1,1,16,2.6,0,0,0,0
2024,1367,Jordan Whittington,LA,WR,1,13,NO,5.555555555555555,0,1,0,0,0,0,0,0,0,1,0,0,0,0,0,0,0,1,0,0,0
2024,1368,Devontez Walker,BLT,WR,1,15,NYG,7.142857142857142,33.33333333333333,1,1,21,9.1,0,0,0,0,1,1,21,9.1,1,1,21,9.1,0,0,0,0
2024,1369,Xavier Worthy,KC,WR,1,18,DEN,0.5847953216374269,0,1,0,0,0,0,0,0,0,1,0,0,0,0,0,0,0,1,0,0,0
2024,1370,Ben Sinnott,WAS,TE,1,16,PHI,3.0303030303030303,0,1,0,0,0,1,0,0,0,0,0,0,0,1,0,0,0,0,0,0,0
2024,1371,Ben Sinnott,WAS,TE,1,18,DAL,3.0303030303030303,0,1,0,0,0,0,0,0,0,1,0,0,0,1,0,0,0,0,0,0,0
Exported from Data Suite 2.0 by michaelgingrave (user 380) on 2026-09-09 23:47 UTC,,,,,,,,,,,,,,,,,,,,,,,,,,,,,