,Player Details,Player Details,Player Details,Player Details,Player Details,Splits,Splits,Splits,Receiving,Receiving,Receiving,Receiving,Receiving,Receiving,Receiving,Receiving,Receiving,Receiving,Receiving,Receiving,Receiving,Receiving,Receiving,Receiving,Receiving,Receiving,Receiving,Receiving,Receiving,Receiving,Receiving,Receiving,Receiving,Receiving,Advanced,Advanced,Advanced,Advanced,Advanced,Advanced,Advanced,Advanced,Advanced,Advanced,Advanced,Advanced,Advanced,Advanced,Advanced,Advanced,Advanced,Advanced,Advanced,Advanced,Advanced,Advanced,Alignment,Alignment,Alignment,Alignment,FP,FP,FP,FP,FP,FP,FP,FP
Season,Rank,Name,Team,POS,G,COV,RTE %,TGT %,SNAP %,RTE,RTE %,TGT,TGT %,YPRR,TPRR,aDOT,AY,AY Share,YDS,TM YDS %,YPT,YPR,REC,CR %,YAC,YAC/REC,YACO,YACO/REC,TD,XTD,TM TD %,i20 TGT,EZTGT,EZTD,1D,1D/RR,RATE,1READ,1READ %,DESIGN,DESIGN %,CTGT,CTGT %,DEEP,EXP %,DRP,DRP %,CT,CC,CC %,HERO,MTF,MTF/REC,THREAT %,YPTOE,EPA/TGT,WIDE RTE %,SLOT RTE %,INLINE RTE %,BACK RTE %,FP,XFP,FP/G,XFP/G,DIFF,FP/RR,XFP/RR,RecXFP
2025,,League Avg,,,,,,,44.23260869565212,28.017391304347825,43.69057971014489,5.572463768115942,12.25318840579713,1.5,0.2,6.1151014492753655,35.447826086956525,12.057826086956526,42.165217391304346,13.27463768115942,7.57,10.14,4.1579710144927535,74.6,21.115942028985508,5.08,7.143478260869565,1.72,0.3347826086956522,0.317927536231884,11.321014492753626,0.8840579710144928,0.3492753623188406,0.17971014492753623,2.126086956521739,0.076,91.8718840579711,3.889855072463768,13.314782608695669,0.4246376811594203,7.6,4.778260869565218,85.7,0.3173913043478261,13,0.32028985507246377,5.7,0.9072463768115943,0.5579710144927537,61.5,0.04492753623188406,0.4115942028985507,0.1,20,0.25,0.286,13.413333333333348,34.50652173913045,49.49666666666665,2.4420289855072457,10.3831884057971,10.000144927536223,2.5314782608695645,2.4355217391304316,0.09595652173913051,0.37,0.36,10.000144927536223
2025,1,Trey McBride,ARZ,TE,16,Cover 3,32.53373313343329,32.121212121212125,93.4,217,89.7,53,25.1,2.06,0.24,6.7,355,26.4,447,31.3,8.43,10.16,44,83,210,4.77,50,1.14,2,2.13,50,4,3,1,21,0.097,114.4,48,36.6,9,17,48,90.6,2,14.6,1,1.9,15,12,80,0,3,0.07,29,0.84,0.573,10.6,61.3,28.1,0,100.7,90.6,6.29,5.66,0.63,0.46,0.42,90.6
2025,2,Hunter Henry,NE,TE,15,Cover 3,34.08577878103837,44.047619047619044,83.1,151,70.9,37,20.7,2.84,0.25,8.05,298,20.4,429,26.1,11.59,14.79,29,78.4,226,7.79,45,1.55,2,0.78,33.3,1,0,0,21,0.139,110.5,27,23.3,1,2.7,31,83.8,3,28.6,1,2.7,5,3,60,1,1,0.03,25.9,3.6,0.423,14.6,43,38.4,4,83.9,64.9,5.59,4.32,1.27,0.56,0.43,64.9
2025,3,Tyler Warren,IND,TE,15,Cover 3,30.208333333333332,36.79245283018868,87.8,145,80.6,39,23.6,2.77,0.27,5.85,228,15.4,401,27.1,10.28,12.53,32,82.1,250,7.81,80,2.5,1,1.29,33.3,4,1,0,18,0.124,107.4,36,28.3,4,10.3,35,89.7,1,20,0,0,5,2,40,1,4,0.13,28.5,3,0.381,13.8,42.1,39.3,4.8,78.1,69.9,5.21,4.66,0.55,0.54,0.48,69.9
2025,4,Colston Loveland,CHI,TE,15,Cover 3,36.235955056179776,44.303797468354425,59.2,129,59.2,35,17.6,2.61,0.27,11.31,396,24.3,337,21.6,9.63,15.32,22,62.9,122,5.55,47,2.14,1,1.38,12.5,1,1,1,15,0.116,104.1,24,20.2,0,0,25,71.4,5,28.6,1,2.9,3,1,33.3,0,3,0.14,28.9,0.81,0.459,27.1,26.4,44.2,2.3,61.7,59.5,4.11,3.97,0.14,0.48,0.46,59.5
2025,5,Juwan Johnson,NO,TE,16,Cover 3,30.357142857142854,35,78.7,153,69.2,35,18.2,2.01,0.23,7.03,246,15.7,308,24.3,8.8,10.62,29,82.9,121,4.17,33,1.14,0,0.1,0,1,0,0,16,0.105,103.3,27,19.7,3,8.6,31,88.6,2,14.3,2,5.7,6,6,100,1,2,0.07,23.8,1.05,0.333,17,47.1,33.3,2.6,59.8,58.1,3.74,3.63,0.11,0.39,0.38,58.1
2025,6,Travis Kelce,KC,TE,16,Cover 3,26.418786692759294,27.884615384615387,82.4,135,69.9,29,18.2,2.11,0.21,7.17,208,16.3,285,21.3,9.83,13.57,21,72.4,156,7.43,32,1.52,1,0.31,33.3,1,0,0,12,0.089,114.9,17,17.2,1,3.4,24,82.8,4,20,2,6.9,1,1,100,0,6,0.29,24,2.45,0.534,23.7,38.5,36.3,1.5,55.5,47.8,3.47,2.99,0.48,0.41,0.35,47.8
2025,7,George Kittle,SF,TE,8,Cover 3,31.868131868131865,39.39393939393939,51.8,87,74.4,26,24.3,3.11,0.3,7.31,190,23.4,271,26.2,10.42,12.32,22,84.6,123,5.59,27,1.23,1,1.12,33.3,3,0,0,16,0.184,122.9,20,27.4,0,0,24,92.3,0,10.5,1,3.8,2,2,100,0,2,0.09,31,2.8,0.834,6.9,25.3,66.7,1.1,55.1,51.4,6.89,6.42,0.47,0.63,0.59,51.4
2025,8,Trey McBride,ARZ,TE,15,Cover 4,21.58920539730135,21.818181818181817,93.2,144,88.9,36,24.2,1.82,0.25,6.58,237,22.5,262,25.6,7.28,9.36,28,77.8,144,5.14,72,2.57,3,2.03,37.5,11,4,1,12,0.083,124.8,32,34.8,7,19.4,30,83.3,1,9.1,1,2.8,5,3,60,0,6,0.21,28.8,-0.31,0.524,4.2,56.3,38.9,0.7,72.2,61.7,4.81,4.12,0.69,0.5,0.43,61.7
2025,9,Kyle Pitts,ATL,TE,13,Cover 1,19.405940594059405,23.275862068965516,95.5,98,87.5,27,25.7,2.63,0.28,9.52,257,22.3,258,38.8,9.56,13.58,19,70.4,123,6.47,99,5.21,2,1.42,66.7,2,0,0,15,0.153,125.2,20,27.4,0,0,21,77.8,3,29.4,1,3.7,4,2,50,0,4,0.21,28.7,1.17,0.674,20.4,33.7,45.9,0,56.8,47.5,4.37,3.65,0.72,0.58,0.48,47.5
2025,10,Brock Bowers,LV,TE,11,Cover 3,31.56498673740053,31.32530120481928,73.2,119,83.2,26,21,2.13,0.22,7.35,191,24.9,253,27,9.73,10.54,24,92.3,84,3.5,51,2.13,0,0.33,0,3,1,0,12,0.101,91.2,22,25.6,1,3.8,24,92.3,2,13.6,0,0,9,8,88.9,0,2,0.08,24.8,1.9,0.246,26.1,42,31.1,0.8,49.3,43.2,4.48,3.93,0.55,0.41,0.36,43.2
2025,11,Kyle Pitts,ATL,TE,15,Cover 3,31.683168316831683,29.310344827586203,94.8,160,83.8,34,18.9,1.56,0.21,8.21,279,24.4,249,17.9,7.32,10.38,24,70.6,99,4.13,28,1.17,1,0.9,16.7,3,0,0,13,0.081,89,24,20.2,5,14.7,29,85.3,3,22.7,1,2.9,7,3,42.9,0,2,0.08,21.7,-0.74,-0.079,22.5,33.1,44.4,0,54.9,59.4,3.66,3.96,-0.3,0.34,0.37,59.4
2025,12,Oronde Gadsden,LAC,TE,15,Cover 3,22.400000000000002,30.88235294117647,54.2,84,57.5,21,16.9,2.92,0.25,10.14,213,22.2,245,26.3,11.67,15.31,16,76.2,90,5.63,58,3.63,0,0.56,0,1,1,0,9,0.107,94.3,16,20.8,0,0,18,85.7,2,31.3,1,4.8,3,2,66.7,0,2,0.13,25.3,3.36,0.404,16.7,39.3,41.7,2.4,40.5,39.7,2.7,2.65,0.05,0.48,0.47,39.7
2025,13,Tucker Kraft,GB,TE,6,Cover 1,29.47368421052631,46.34146341463415,50.4,56,82.4,19,31.1,4.3,0.34,3.68,70,12.4,241,42.1,12.68,16.07,15,78.9,178,11.87,78,5.2,2,1.31,66.7,4,1,1,12,0.214,153.8,14,31.1,2,10.5,18,94.7,0,33.3,3,15.8,2,1,50,0,6,0.4,35.2,5.89,1.225,10.7,37.5,51.8,0,51.1,38.4,8.52,6.39,2.13,0.91,0.69,38.4
2025,14,Dawson Knox,BUF,TE,11,Cover 3,37.94326241134752,35.41666666666667,56.6,107,48.9,17,9.6,2.23,0.16,9.65,164,15,239,15.4,14.06,14.94,16,94.1,78,4.88,25,1.56,2,2.27,25,2,2,2,10,0.093,158,10,9.5,0,0,17,100,1,28.6,1,5.9,3,3,100,0,1,0.06,18.1,5.44,1.194,14,29.9,54.2,1.9,51.9,49,4.72,4.45,0.27,0.49,0.46,49
2025,15,Dallas Goedert,PHI,TE,12,Cover 3,31.06796116504854,35,83.5,128,81,28,20.7,1.8,0.22,7.29,204,16.1,230,21.3,8.21,11.5,20,71.4,110,5.5,43,2.15,1,1.02,20,1,1,1,9,0.07,107.7,21,24.7,1,3.6,23,82.1,1,10.5,2,7.1,3,2,66.7,0,1,0.05,24.6,0.84,0.385,10.9,44.5,43.8,0.8,49,48.4,4.08,4.03,0.05,0.38,0.38,48.4
2025,16,Mark Andrews,BLT,TE,14,Cover 1,27.129337539432175,31.343283582089555,78.3,86,71.7,21,19.6,2.42,0.24,8.86,186,17.4,208,21.2,9.9,12.24,17,81,64,3.76,25,1.47,2,1.18,33.3,4,1,0,12,0.14,119.8,17,23,0,0,18,85.7,0,12.5,1,4.8,5,5,100,0,0,0,25.9,1.78,0.581,23.3,64,12.8,0,49.8,39.2,3.56,2.8,0.76,0.58,0.46,39.2
2025,17,Harold Fannin,CLV,TE,14,Cover 3,25.55831265508685,27.884615384615387,68.5,103,60.9,29,19,2.02,0.28,5.38,156,17.5,208,26,7.17,10.4,20,69,123,6.15,61,3.05,1,0.88,25,1,0,0,8,0.078,72.2,21,22.8,2,6.9,23,79.3,1,10.5,0,0,3,1,33.3,0,4,0.2,28.4,0.09,-0.278,11.7,35,51.5,1.9,46.8,44.6,3.34,3.19,0.15,0.45,0.43,44.6
2025,18,Chig Okonkwo,TEN,TE,13,Cover 3,33.51063829787234,36.36363636363637,68.5,126,57.5,28,14.4,1.63,0.22,4.68,131,10.9,206,18.1,7.36,10.3,20,71.4,118,5.9,31,1.55,1,0.6,33.3,2,0,0,8,0.063,104.2,23,18.5,10,35.7,23,82.1,2,15.8,3,10.7,2,2,100,0,2,0.1,23.9,0.11,0.312,16.7,42.1,40.5,0.8,46.6,43.7,3.58,3.36,0.22,0.37,0.35,43.7
2025,19,Cade Otton,TB,TE,13,Cover 3,31.625835189309576,35,88,142,72.8,28,16.2,1.44,0.2,4.25,119,10,205,18.3,7.32,10.25,20,71.4,135,6.75,38,1.9,1,1.51,25,2,0,0,8,0.056,89.1,20,16.9,4,14.3,25,89.3,1,16.7,1,3.6,7,3,42.9,0,2,0.1,17.9,0.61,-0.118,19,48.6,31.7,0.7,46.5,48,3.58,3.7,-0.12,0.33,0.34,48
2025,20,AJ Barner,SEA,TE,12,Cover 3,31.871345029239766,28.125,83.3,109,62.6,18,11.2,1.88,0.17,7.5,135,10.6,205,13,11.39,15.77,13,72.2,105,8.08,31,2.38,2,1.27,22.2,2,1,1,7,0.064,123.6,12,12.5,1,5.6,13,72.2,3,27.3,0,0,1,1,100,0,3,0.23,15.1,3.81,0.504,3.7,11.9,81.7,2.8,45.5,35.2,3.79,2.94,0.85,0.42,0.32,35.2
2025,21,Tyler Warren,IND,TE,12,Cover 4,18.333333333333332,24.528301886792452,90.7,88,81.5,26,26.5,2.33,0.3,6.19,161,23.1,205,26.4,7.88,12.06,17,65.4,127,7.47,28,1.65,0,0.85,0,4,0,0,10,0.114,89.4,23,31.1,3,11.5,24,92.3,1,18.8,3,11.5,8,2,25,0,1,0.06,31.3,0.31,0.22,20.5,36.4,38.6,4.5,37.5,46.5,3.13,3.88,-0.75,0.43,0.53,46.5
2025,22,Dalton Schultz,HST,TE,11,Cover 2,12.526539278131635,19.41747572815534,83.3,59,70.2,20,25.6,3.44,0.34,6.1,122,26.3,203,46.2,10.15,10.68,19,95,104,5.47,29,1.53,0,0.17,0,0,0,0,9,0.153,109,12,28.6,0,0,19,95,1,5.3,0,0,1,1,100,0,2,0.11,32.8,3.01,0.638,10.2,35.6,52.5,1.7,39.3,35.8,3.57,3.25,0.32,0.67,0.61,35.8
2025,23,Pat Freiermuth,PIT,TE,9,Cover 2,15.488215488215488,24.528301886792452,57.6,46,54.1,13,16.9,4.33,0.28,5.38,70,24.7,199,29,15.31,15.31,13,100,129,9.92,37,2.85,1,0.14,50,0,0,0,8,0.174,144.4,11,23.9,4,30.8,13,100,2,15.4,0,0,1,1,100,0,1,0.08,27.7,7.86,1.199,10.9,65.2,23.9,0,38.9,25.4,4.32,2.82,1.5,0.85,0.55,25.4
2025,24,Theo Johnson,NYG,TE,9,Cover 1,25.12437810945274,21.91780821917808,80,101,75.4,16,15,1.97,0.16,8.38,134,15.8,199,24,12.44,16.58,12,75,99,8.25,22,1.83,1,0.22,25,2,2,0,8,0.079,137.2,14,18.4,3,18.8,12,75,1,33.3,0,0,6,6,100,0,1,0.08,18.8,4.98,0.815,18.8,51.5,25.7,4,37.9,20.3,4.21,2.26,1.95,0.38,0.2,20.3
2025,25,Juwan Johnson,NO,TE,13,Cover 4,25.793650793650798,22,85.1,130,77.4,22,14.5,1.49,0.17,8.64,190,15.6,194,16.9,8.82,11.41,17,77.3,66,3.88,12,0.71,0,0.23,0,0,1,0,10,0.077,103.2,19,17.4,0,0,19,86.4,1,11.8,1,4.5,3,2,66.7,0,0,0,18,1.58,0.426,8.5,60.8,29.2,1.5,36.4,37.4,2.8,2.88,-0.08,0.28,0.29,37.4
2025,26,Zach Ertz,WAS,TE,7,Cover 3,33.23262839879154,28.169014084507044,65.1,110,67.1,20,15.3,1.74,0.18,10.4,208,22.6,191,18.4,9.55,11.94,16,80,48,3,16,1,0,0.06,0,1,1,0,7,0.064,85.6,14,17.9,1,5,16,80,2,20,0,0,2,2,100,0,2,0.13,21.5,1.13,0.273,15.5,50.9,33.6,0,35.1,32.3,5.01,4.62,0.39,0.32,0.29,32.3
2025,27,Harold Fannin,CLV,TE,12,Cover 1,25.06203473945409,22.115384615384613,71.6,101,67.8,23,17.4,1.86,0.23,8.61,198,20.6,188,22.9,8.17,12.53,15,65.2,91,6.07,46,3.07,1,0.81,50,3,0,0,10,0.099,105,18,19.1,1,4.3,20,87,2,21.4,3,13,5,4,80,0,1,0.07,26.4,0.06,0.297,17.8,46.5,33.7,2,39.8,43.4,3.32,3.62,-0.3,0.39,0.43,43.4
2025,28,T.J. Hockenson,MIN,TE,11,Cover 3,24.664879356568363,31.818181818181817,73.1,92,66.7,21,17.2,2.01,0.23,5.38,113,12.3,185,19.7,8.81,10.88,17,81,92,5.41,22,1.29,0,0.87,0,2,0,0,9,0.098,103.4,13,16,1,4.8,19,90.5,1,13.3,2,9.5,4,4,100,0,1,0.06,22.6,1.73,0.331,10.9,47.8,40.2,1.1,35.5,37.9,3.23,3.45,-0.22,0.39,0.41,37.9
2025,29,Dalton Schultz,HST,TE,11,Cover 6,14.012738853503185,18.446601941747574,88.9,66,81.5,19,26,2.76,0.29,5,95,16.5,182,31.3,9.58,10.71,17,89.5,99,5.82,19,1.12,0,0.13,0,0,0,0,9,0.136,106.6,12,26.1,0,0,17,89.5,0,17.6,0,0,2,2,100,0,1,0.06,30.6,2.86,0.506,4.5,34.8,59.1,1.5,35.2,30,3.2,2.73,0.47,0.53,0.45,30
2025,30,Trey McBride,ARZ,TE,12,Cover 2,11.84407796101949,15.151515151515152,96.6,79,89.8,25,31.6,2.27,0.32,5.44,136,33.4,179,30.4,7.16,10.53,17,68,110,6.47,48,2.82,0,0.05,0,0,0,0,9,0.114,88.6,19,41.3,4,16,21,84,0,5.9,0,0,5,1,20,0,5,0.29,34.2,0.22,0.187,11.4,58.2,30.4,0,34.9,34.6,2.91,2.88,0.03,0.44,0.44,34.6
2025,31,Daniel Bellinger,NYG,TE,7,Cover 3,31.63265306122449,42.30769230769231,44.9,62,38.8,11,8,2.89,0.18,11.55,127,10.7,179,13.7,16.27,19.89,9,81.8,80,8.89,36,4,2,1.65,33.3,2,1,0,8,0.129,158.3,8,8,1,9.1,10,90.9,2,50,1,9.1,0,0,0,0,1,0.11,17.2,8.25,1.493,14.5,37.1,37.1,11.3,38.9,33.9,5.56,4.85,0.71,0.63,0.55,33.9
2025,32,Dalton Kincaid,BUF,TE,8,Cover 3,26.81564245810056,24.489795918367346,27.4,48,35.8,12,10.8,3.65,0.25,7.67,92,13.5,175,16.7,14.58,14.58,12,100,83,6.92,19,1.58,1,0.1,20,1,0,0,8,0.167,146.5,10,15.4,3,25,12,100,0,25,0,0,2,2,100,0,0,0,26.1,6.04,0.88,22.9,43.8,33.3,0,35.5,24.3,4.44,3.03,1.41,0.74,0.51,24.3
2025,33,Greg Dulcich,MIA,TE,8,Cover 3,41.732283464566926,58.06451612903226,29.9,53,44.5,18,16.4,3.26,0.34,5,90,12.1,173,19.9,9.61,12.36,14,77.8,109,7.79,28,2,0,0.58,0,4,0,0,7,0.132,106.7,15,18.1,2,11.1,15,83.3,0,33.3,0,0,4,3,75,0,0,0,34,2.6,0.357,17,26.4,56.6,0,31.3,28.1,3.91,3.51,0.4,0.59,0.53,28.1
2025,34,Gunnar Helm,TEN,TE,12,Cover 3,34.34782608695652,44.44444444444444,45.2,79,37.8,24,13,2.19,0.3,6.13,147,12.1,173,15.8,7.21,9.11,19,79.2,94,4.95,18,0.95,1,0.42,33.3,2,1,0,8,0.101,110.6,19,16.4,3,12.5,23,95.8,1,11.1,1,4.2,5,2,40,0,1,0.05,29.3,-0.23,0.004,8.9,36.7,53.2,1.3,42.3,41.4,3.52,3.45,0.07,0.54,0.52,41.4
2025,35,Kyle Pitts,ATL,TE,9,Cover 2,16.03960396039604,18.103448275862068,95.7,81,86.2,21,23.6,2.07,0.26,6.38,134,25.2,168,25.9,8,9.33,18,85.7,68,3.78,14,0.78,0,0.15,0,1,0,0,7,0.086,80.2,9,18.4,0,0,21,100,2,5.6,1,4.8,4,2,50,0,2,0.11,26.9,0.7,0.035,19.8,34.6,45.7,0,34.8,39.3,3.87,4.36,-0.49,0.43,0.48,39.3
2025,36,Sam LaPorta,DET,TE,7,Cover 3,34.49781659388647,30.612244897959183,47,79,80.6,15,16.7,2.1,0.19,5.2,78,14.2,166,22.5,11.07,12.77,13,86.7,106,8.15,30,2.31,1,0.75,14.3,1,1,1,8,0.101,135,10,16.9,1,6.7,14,93.3,0,16.7,1,6.7,3,3,100,1,3,0.23,18.5,4.14,0.876,19,36.7,43,1.3,35.6,27.1,5.09,3.87,1.22,0.45,0.34,27.1
2025,37,Dalton Schultz,HST,TE,14,Cover 3,25.05307855626327,22.330097087378643,75.4,118,63.1,23,13.9,1.4,0.19,7.22,166,12.5,165,12.6,7.17,8.25,20,87,52,2.6,21,1.05,0,0.12,0,0,0,0,8,0.068,96.6,16,14.3,0,0,21,91.3,2,0,0,0,1,0,0,0,1,0.05,18.9,-0.2,0.454,9.3,25.4,65.3,0,36.5,39.1,2.61,2.79,-0.18,0.31,0.33,39.1
2025,38,Jake Ferguson,DAL,TE,12,Cover 2,17.684210526315788,24,78.3,84,73,24,23.3,1.96,0.29,7.42,178,22.2,165,18.7,6.88,8.68,19,79.2,87,4.58,32,1.68,0,0.55,0,2,1,0,6,0.071,78,15,28.3,1,4.2,21,87.5,3,5.6,0,0,1,0,0,0,1,0.05,33.3,-0.94,0.345,6,59.5,34.5,0,35.5,41.8,2.96,3.48,-0.52,0.42,0.5,41.8
2025,39,Theo Johnson,NYG,TE,12,Cover 3,27.860696517412936,28.767123287671232,75.3,112,71.8,21,15.8,1.47,0.19,10.19,214,18,165,13.9,7.86,13.75,12,57.1,30,2.5,20,1.67,2,2,28.6,3,2,1,8,0.071,114.2,15,16.1,0,0,15,71.4,3,20,2,9.5,6,5,83.3,1,1,0.08,19.4,-0.83,0.39,15.2,44.6,37.5,2.7,40.5,39.1,3.38,3.26,0.12,0.36,0.35,39.1
2025,40,Mason Taylor,NYJ,TE,10,Cover 3,33.8368580060423,31.746031746031743,61.5,112,72.3,20,16,1.47,0.18,6.05,121,12.9,165,19.7,8.25,10.31,16,80,77,4.81,16,1,0,0.15,0,3,0,0,10,0.089,101,15,18.3,0,0,18,90,0,14.3,1,5,3,2,66.7,0,0,0,22.7,1.16,0.597,18.8,31.3,50,0,32.5,31.5,3.25,3.15,0.1,0.29,0.28,31.5
2025,41,Harold Fannin,CLV,TE,8,Cover 4,16.129032258064516,21.153846153846153,78.7,65,73,22,28.9,2.52,0.34,5.27,116,31,164,39.6,7.45,11.71,14,63.6,84,6,39,2.79,1,0.86,100,1,0,0,5,0.077,101.3,15,36.6,4,18.2,19,86.4,1,7.7,3,13.6,6,1,16.7,0,6,0.43,39.3,0.51,0.09,13.8,41.5,44.6,0,36.4,36.4,4.55,4.55,0,0.56,0.56,36.4
2025,42,Jake Ferguson,DAL,TE,12,Cover 3,21.684210526315788,23,72.8,103,63.6,23,14.9,1.57,0.22,2.83,65,4.7,162,13,7.04,7.71,21,91.3,110,5.24,36,1.71,4,3.05,40,5,3,3,9,0.087,135.6,15,15.6,3,13,22,95.7,0,5.6,1,4.3,1,1,100,1,5,0.24,21.7,0.55,0.267,6.8,54.4,37.9,1,61.2,55.3,5.1,4.61,0.49,0.59,0.54,55.3
2025,43,Cole Kmet,CHI,TE,11,Cover 3,39.413680781758956,55.55555555555556,66.3,121,53.3,25,12.2,1.31,0.21,9.8,245,14.5,159,10.5,6.36,11.36,14,56,66,4.71,18,1.29,2,1.78,25,1,1,1,8,0.066,101.9,14,11.8,3,12,18,72,6,23.1,2,8,3,1,33.3,0,1,0.07,19.1,-2.01,0.328,21.5,21.5,52.1,5,41.9,46.3,3.81,4.21,-0.4,0.35,0.38,46.3
2025,44,Travis Kelce,KC,TE,10,Cover 1,26.418786692759294,22.115384615384613,92.3,135,80.4,23,16.1,1.16,0.17,8.43,194,16.1,157,20.5,6.83,11.21,14,60.9,107,7.64,48,3.43,0,0.39,0,3,0,0,8,0.059,63.1,17,16.8,2,8.7,15,65.2,4,16.7,1,4.3,2,1,50,0,3,0.21,19.3,-0.81,0.237,17,49.6,32.6,0.7,29.7,27.9,2.97,2.79,0.18,0.22,0.21,27.9
2025,45,Oronde Gadsden,LAC,TE,5,Cover 2,12.533333333333333,13.23529411764706,59.3,47,62.7,9,14.8,3.34,0.19,12.22,110,20.3,157,30.3,17.44,17.44,9,100,47,5.22,12,1.33,1,0.99,50,1,0,0,6,0.128,155.8,3,9.4,0,0,9,100,3,37.5,0,0,1,1,100,0,0,0,23.7,9.33,0.975,10.6,46.8,42.6,0,30.7,26.5,6.14,5.3,0.84,0.65,0.56,26.5
2025,46,Evan Engram,DEN,TE,13,Cover 3,33.531157270029674,32.432432432432435,53,113,52.6,24,12.1,1.38,0.21,4.13,99,6.3,156,10.8,6.5,9.18,17,70.8,112,6.59,32,1.88,0,0.19,0,2,0,0,5,0.044,88.2,13,10.2,1,4.2,19,79.2,1,6.7,2,8.3,0,0,0,0,2,0.12,21.1,-0.3,-0.113,15,41.6,40.7,2.7,32.6,34.3,2.51,2.64,-0.13,0.29,0.3,34.3
2025,47,Trey McBride,ARZ,TE,8,Cover 6,10.194902548725636,9.696969696969697,93.5,68,88.3,16,26.7,2.22,0.24,6,96,22.9,151,35.8,9.44,10.79,14,87.5,62,4.43,24,1.71,0,0.09,0,0,0,0,6,0.088,106,11,33.3,2,12.5,14,87.5,1,7.1,0,0,2,1,50,0,2,0.14,30.2,2.41,0.555,5.9,70.6,22.1,1.5,29.1,27,3.64,3.37,0.27,0.43,0.4,27
2025,48,Cade Otton,TB,TE,10,Cover 2,15.14476614699332,22.5,94.4,68,76.4,18,22.8,2.22,0.26,7.33,132,22,151,26.2,8.39,10.79,14,77.8,55,3.93,17,1.21,0,0.2,0,1,0,0,8,0.118,78.5,13,26,0,0,16,88.9,0,15.4,0,0,4,2,50,0,1,0.07,25,0.86,0.138,14.7,55.9,29.4,0,29.1,28.9,2.91,2.89,0.02,0.43,0.43,28.9
2025,49,Brenton Strange,JAX,TE,9,Cover 3,32.98245614035088,28.8135593220339,50.2,94,65.3,17,13,1.61,0.18,7.18,122,10.7,151,18.3,8.88,12.58,12,70.6,76,6.33,27,2.25,0,0.21,0,3,0,0,7,0.074,97.9,12,12.6,0,0,16,94.1,1,30,2,11.8,5,2,40,0,4,0.33,17.3,1.47,0.624,17,38.3,44.7,0,27.1,28.1,3.01,3.12,-0.11,0.29,0.3,28.1
2025,50,Sam LaPorta,DET,TE,6,Cover 2,21.397379912663755,30.612244897959183,51.9,49,83.1,15,27.8,3.06,0.31,6.4,96,32.3,150,35.3,10,12.5,12,80,81,6.75,30,2.5,1,0.43,100,1,0,0,6,0.122,130.6,9,26.5,0,0,13,86.7,0,16.7,0,0,1,0,0,0,1,0.08,31.3,2.91,0.826,26.5,36.7,36.7,0,33,26.7,5.5,4.44,1.06,0.67,0.54,26.7
2025,51,Colby Parkinson,LA,TE,9,Cover 3,36.05150214592275,32.72727272727273,57.9,84,45.7,18,10.2,1.75,0.21,3.39,61,4.1,147,9.5,8.17,9.8,15,83.3,130,8.67,16,1.07,3,1.51,27.3,5,1,0,8,0.095,140.3,13,11.1,4,22.2,18,100,0,9.1,2,11.1,2,1,50,0,2,0.13,16.4,1.53,0.593,15.5,10.7,73.8,0,47.7,37.6,5.3,4.18,1.12,0.57,0.45,37.6
2025,52,Michael Mayer,LV,TE,9,Cover 3,32.535885167464116,30.612244897959183,45.3,68,46.3,15,11.7,2.15,0.22,7.13,107,14.4,146,15.2,9.73,12.17,12,80,85,7.08,28,2.33,0,0.07,0,0,0,0,8,0.118,107.2,10,11.6,0,0,13,86.7,1,8.3,1,6.7,0,0,0,0,0,0,22.7,2.02,0.593,5.9,16.2,73.5,4.4,26.6,24.2,2.96,2.69,0.27,0.39,0.36,24.2
2025,53,Dalton Kincaid,BUF,TE,9,Cover 1,31.28491620111732,28.57142857142857,39.6,56,52.3,14,15.1,2.57,0.25,13.57,190,23.7,144,19.4,10.29,16,9,64.3,35,3.89,14,1.56,1,1.45,20,2,0,0,6,0.107,122.3,9,13,0,0,11,78.6,3,71.4,1,7.1,3,2,66.7,0,0,0,26.4,0.43,0.738,23.2,58.9,17.9,0,29.4,32.1,3.27,3.57,-0.3,0.53,0.57,32.1
2025,54,Brenton Strange,JAX,TE,8,Cover 1,20,20.33898305084746,53.9,57,67.9,12,15.8,2.47,0.21,7.92,95,13,141,22,11.75,14.1,10,83.3,56,5.6,16,1.6,0,0.07,0,1,0,0,7,0.123,115.6,12,21.4,1,8.3,11,91.7,0,20,0,0,3,2,66.7,0,2,0.2,25,3.6,0.763,15.8,28.1,52.6,3.5,24.1,21.6,3.01,2.7,0.31,0.42,0.38,21.6
2025,55,Dallas Goedert,PHI,TE,9,Cover 2,17.233009708737864,17.5,83.3,71,81.6,14,17.9,1.9,0.2,8.79,123,25.3,135,23.6,9.64,12.27,11,78.6,35,3.18,14,1.27,1,0.3,50,0,0,0,7,0.099,130.7,7,19.4,0,0,13,92.9,2,27.3,1,7.1,2,1,50,0,0,0,23.7,1.7,0.56,14.1,53.5,32.4,0,30.5,28,3.39,3.12,0.27,0.43,0.39,28
2025,56,Tucker Kraft,GB,TE,7,Cover 3,31.05263157894737,29.268292682926827,44,59,69.4,12,15.2,2.27,0.2,4.42,53,12.6,134,21.4,11.17,16.75,8,66.7,100,12.5,15,1.88,1,0.14,33.3,4,0,0,5,0.085,131.9,8,17,1,8.3,9,75,0,20,1,8.3,0,0,0,0,2,0.25,20,4.29,0.658,10.2,23.7,66.1,0,27.4,17,3.91,2.43,1.48,0.46,0.29,17
2025,57,Dalton Schultz,HST,TE,12,Cover 1,18.895966029723994,18.446601941747574,83.6,89,76.7,19,18.1,1.48,0.21,7.74,147,16.7,132,16.8,6.95,10.15,13,68.4,59,4.54,9,0.69,0,0.26,0,4,0,0,8,0.09,88,14,17.3,0,0,15,78.9,1,9.1,0,0,3,1,33.3,1,2,0.15,23.2,-0.84,0.449,12.4,39.3,47.2,1.1,26.2,27.2,2.18,2.27,-0.09,0.29,0.31,27.2
2025,58,Juwan Johnson,NO,TE,8,Cover 2,14.880952380952381,14.000000000000002,83.3,75,78.1,14,16.1,1.76,0.19,7.79,109,18.8,132,22.7,9.43,12,11,78.6,52,4.73,23,2.09,0,0.04,0,0,0,0,3,0.04,106,10,20.4,0,0,13,92.9,2,18.2,1,7.1,3,2,66.7,0,2,0.18,20.3,1.96,-0.082,18.7,58.7,21.3,1.3,24.2,25.4,3.02,3.18,-0.16,0.32,0.34,25.4
2025,59,Travis Kelce,KC,TE,5,Cover 2,6.8493150684931505,7.6923076923076925,84.9,35,66,8,17.8,3.69,0.23,9.13,73,36.1,129,29.9,16.13,16.13,8,100,56,7,12,1.5,0,0.04,0,0,0,0,6,0.171,118.8,5,17.9,0,0,8,100,0,12.5,0,0,0,0,0,0,0,0,21.6,8.17,1.674,34.3,34.3,31.4,0,20.9,16.9,4.18,3.38,0.8,0.6,0.48,16.9
2025,60,Dalton Kincaid,BUF,TE,6,Cover 2,13.966480446927374,14.285714285714285,39.7,25,48.1,7,15.2,5.16,0.28,12,84,30.7,129,35.3,18.43,21.5,6,85.7,67,11.17,16,2.67,0,0.06,0,0,0,0,6,0.24,118.8,5,21.7,0,0,7,100,2,50,0,0,1,0,0,0,0,0,35,9.55,1.588,28,52,20,0,18.9,15.8,3.15,2.63,0.52,0.76,0.63,15.8
2025,61,Austin Hooper,NE,TE,10,Cover 3,41.08108108108108,56.00000000000001,42.7,76,37.4,14,8.2,1.67,0.18,8.36,117,8.5,127,8.2,9.07,11.55,11,78.6,53,4.82,10,0.91,1,1.1,16.7,3,1,1,6,0.079,128.3,12,10.8,1,7.1,13,92.9,1,37.5,1,7.1,2,1,50,1,1,0.09,21.2,1.07,0.584,14.5,10.5,75,0,29.7,32.5,2.97,3.25,-0.28,0.39,0.43,32.5
2025,62,Zach Ertz,WAS,TE,7,Cover 2,15.105740181268882,21.12676056338028,76.6,50,72.5,15,26.8,2.52,0.3,13.2,198,43.9,126,25.4,8.4,12.6,10,66.7,27,2.7,7,0.7,1,0.15,100,2,0,0,5,0.1,114.9,9,26.5,0,0,13,86.7,3,22.2,2,13.3,7,6,85.7,1,1,0.1,34.1,0.4,0.361,8,60,32,0,28.6,23.4,4.09,3.35,0.74,0.57,0.47,23.4
2025,63,Travis Kelce,KC,TE,9,Cover 6,11.350293542074363,15.384615384615385,87.3,58,81.7,16,25,2.17,0.28,6,96,21.7,126,23.9,7.88,9.69,13,81.3,55,4.23,13,1,0,0.06,0,1,0,0,7,0.121,59.9,13,31.7,2,12.5,15,93.8,0,8.3,2,12.5,1,1,100,0,0,0,32.7,0.72,-0.001,32.8,41.4,25.9,0,25.6,28.7,2.84,3.18,-0.34,0.44,0.49,28.7
2025,64,George Kittle,SF,TE,8,Cover 1,21.245421245421245,22.727272727272727,63.5,58,78.4,15,21.4,2.16,0.26,7.53,113,23.3,125,30,8.33,10.42,12,80,32,2.67,20,1.67,2,2.7,28.6,4,2,1,8,0.138,141,11,26.2,2,13.3,14,93.3,2,30,1,6.7,6,4,66.7,1,0,0,27.8,0.49,0.644,10.3,32.8,56.9,0,36.5,38.8,4.56,4.84,-0.28,0.63,0.67,38.8
2025,65,Tommy Tremble,CAR,TE,8,Cover 3,35.65891472868217,36.11111111111111,56,92,47.7,13,7.7,1.35,0.14,4.46,58,5.3,124,10.9,9.54,12.4,10,76.9,93,9.3,51,5.1,1,1.14,33.3,4,0,0,5,0.054,131.6,8,8.7,0,0,12,92.3,0,14.3,2,15.4,0,0,0,0,6,0.6,16.5,2.77,0.562,10.9,29.3,56.5,3.3,28.4,27.4,3.55,3.43,0.12,0.31,0.3,27.4
2025,66,Kyle Pitts,ATL,TE,7,Cover 6,9.306930693069306,9.482758620689655,96.2,47,90.4,11,23.4,2.6,0.23,5.64,62,15.9,122,32.4,11.09,13.56,9,81.8,66,7.33,10,1.11,0,0.09,0,0,0,0,7,0.149,112.9,6,19.4,1,9.1,9,81.8,0,11.1,0,0,0,0,0,0,2,0.22,25.6,4.03,0.486,19.1,21.3,59.6,0,21.2,18.3,3.03,2.62,0.41,0.45,0.39,18.3
2025,67,Trey McBride,ARZ,TE,11,Cover 1,14.54272863568216,12.727272727272727,97.2,97,91.5,21,22.8,1.26,0.22,10.48,220,24.1,122,20.4,5.81,9.38,13,61.9,36,2.77,12,0.92,0,0.81,0,5,2,0,8,0.082,77.9,20,27,4,19,17,81,4,18.2,0,0,8,3,37.5,1,0,0,25.6,-2.69,0.342,11.3,67,21.6,0,25.2,30,2.29,2.73,-0.44,0.26,0.31,30
2025,68,Brock Bowers,LV,TE,10,Cover 1,20.424403183023873,24.096385542168676,64.3,77,85.6,20,26.3,1.58,0.26,6.5,130,20.8,122,25.7,6.1,11.09,11,55,76,6.91,20,1.82,1,0.21,50,3,2,0,5,0.065,69.2,17,30.9,0,0,14,70,2,20,2,10,4,2,50,0,0,0,30.3,-1.32,-0.361,29.9,46.8,22.1,1.3,29.2,23.5,2.92,2.35,0.57,0.38,0.31,23.5
2025,69,Juwan Johnson,NO,TE,9,Cover 1,14.484126984126986,14.000000000000002,84.3,73,82,14,18.4,1.62,0.19,7.64,107,14.7,118,21.1,8.43,11.8,10,71.4,41,4.1,18,1.8,1,0.16,25,2,0,0,8,0.11,120.5,13,22,0,0,13,92.9,0,12.5,0,0,4,1,25,1,0,0,22.2,0.62,0.41,20.5,58.9,19.2,1.4,27.8,22.8,3.09,2.53,0.56,0.38,0.31,22.8
2025,70,Noah Fant,CIN,TE,9,Cover 2,32.64248704663213,41.02564102564102,39.2,63,43.4,16,12.1,1.86,0.25,2.81,45,6.5,117,14.6,7.31,7.8,15,93.8,79,5.27,22,1.47,1,0.7,100,1,0,0,4,0.063,118,8,12.1,2,12.5,15,93.8,1,6.7,0,0,1,1,100,0,2,0.13,26.2,1.03,-1.247,4.8,14.3,81,0,32.7,28.5,3.63,3.17,0.46,0.52,0.45,28.5
2025,71,Darnell Washington,PIT,TE,10,Cover 3,35.714285714285715,37.2093023255814,60.3,65,46.4,16,12.4,1.8,0.25,5.44,87,16,117,15.2,7.31,10.64,11,68.8,68,6.18,28,2.55,0,0.18,0,1,0,0,6,0.092,89.8,10,11.5,1,6.3,14,87.5,0,0,2,12.5,4,3,75,0,2,0.18,20.5,0.13,0.485,16.9,15.4,67.7,0,22.7,23.6,2.27,2.36,-0.09,0.35,0.36,23.6
2025,72,Colston Loveland,CHI,TE,8,Cover 1,17.97752808988764,18.9873417721519,69.8,64,61,15,16.5,1.8,0.23,8.87,133,18.4,115,17.2,7.67,10.45,11,73.3,30,2.73,10,0.91,2,2.08,66.7,6,3,1,7,0.109,134.7,14,20.9,0,0,13,86.7,0,14.3,0,0,5,3,60,0,0,0,24.2,-0.55,0.768,23.4,39.1,37.5,0,34.5,32.6,4.31,4.08,0.23,0.54,0.51,32.6
2025,73,Chig Okonkwo,TEN,TE,8,Cover 4,14.361702127659576,12.987012987012985,68.8,54,58.1,10,12.7,2.09,0.19,0.7,7,1.5,113,26.1,11.3,11.3,10,100,106,10.6,25,2.5,1,0.43,100,0,0,0,4,0.074,147.1,6,13,3,30,10,100,0,20,0,0,0,0,0,0,3,0.3,20,5.19,0.837,14.8,40.7,42.6,1.9,27.3,19.1,3.41,2.39,1.02,0.51,0.35,19.1
2025,74,Hunter Henry,NE,TE,10,Cover 1,19.63882618510158,16.666666666666664,86.9,87,71.3,14,14.3,1.29,0.16,7,98,9.8,112,9.6,8,11.2,10,71.4,59,5.9,17,1.7,2,1.48,18.2,7,2,0,7,0.08,134.5,14,16.3,1,7.1,10,71.4,1,20,0,0,2,2,100,0,0,0,16.7,0.97,0.67,8,58.6,29.9,3.4,33.2,24.5,3.32,2.45,0.87,0.38,0.28,24.5
2025,75,Evan Engram,DEN,TE,13,Cover 4,17.210682492581604,29.72972972972973,53.4,58,54.7,22,22.4,1.9,0.38,2.64,58,8.3,110,19.2,5,7.33,15,68.2,84,5.6,20,1.33,0,0.21,0,4,1,0,4,0.069,79.7,11,18.6,4,18.2,18,81.8,0,0,3,13.6,1,1,100,0,0,0,42.3,-1.48,0.043,5.2,51.7,43.1,0,26,30.4,2,2.34,-0.34,0.45,0.52,30.4
2025,76,T.J. Hockenson,MIN,TE,9,Cover 2,16.353887399463808,21.21212121212121,75.5,61,78.2,14,22.6,1.8,0.23,7.43,104,25.1,110,23.8,7.86,10,11,78.6,38,3.45,15,1.36,0,0.03,0,0,0,0,4,0.066,99.4,5,13.9,1,7.1,11,78.6,1,9.1,0,0,1,1,100,0,0,0,26.4,0.3,-0.004,13.1,49.2,37.7,0,22,21.4,2.44,2.37,0.07,0.36,0.35,21.4
2025,77,Oronde Gadsden,LAC,TE,7,Cover 4,16,16.176470588235293,68.8,60,60,11,13.4,1.83,0.18,10,110,21.8,110,18.4,10,13.75,8,72.7,35,4.38,13,1.63,0,0.15,0,2,0,0,5,0.083,66.5,7,13.2,0,0,10,90.9,2,28.6,1,9.1,2,1,50,1,1,0.13,19.3,1.61,-0.013,15,40,45,0,19,21.2,2.71,3.02,-0.31,0.32,0.35,21.2
2025,78,Mike Gesicki,CIN,TE,10,Cover 2,28.991596638655466,30.952380952380953,42.7,69,56.1,13,12,1.57,0.19,9.85,128,22.6,108,18.1,8.31,10.8,10,76.9,28,2.8,9,0.9,1,1.11,100,1,0,0,5,0.072,126.4,12,21.4,0,0,11,84.6,1,0,0,0,3,2,66.7,0,0,0,24.1,0.11,0.534,23.2,73.9,2.9,0,26.8,27.1,2.68,2.71,-0.03,0.39,0.39,27.1
2025,79,Elijah Higgins,ARZ,TE,7,Cover 3,32.25806451612903,31.428571428571427,40.5,90,37.2,11,5.2,1.2,0.12,1.55,17,1.3,108,7.6,9.82,9.82,11,100,91,8.27,33,3,0,0.02,0,0,0,0,5,0.056,107.6,4,3.1,1,9.1,11,100,0,9.1,0,0,1,1,100,0,5,0.45,13.4,3.74,0.81,7.8,43.3,45.6,3.3,21.8,17.7,3.11,2.53,0.58,0.24,0.2,17.7
2025,80,Juwan Johnson,NO,TE,5,Cover 6,7.142857142857142,7.000000000000001,79.2,36,75,7,18.9,2.97,0.19,8.86,62,23.2,107,35.4,15.29,17.83,6,85.7,51,8.5,16,2.67,1,0.31,100,0,0,0,3,0.083,158.3,2,10.5,0,0,7,100,1,33.3,1,14.3,1,1,100,1,2,0.33,26.9,7.42,1.502,16.7,61.1,19.4,2.8,22.7,16.6,4.54,3.31,1.23,0.63,0.46,16.6
2025,81,Isaiah Likely,BLT,TE,8,Cover 3,30.136986301369863,25,54.3,66,57.4,9,9.7,1.62,0.14,7.56,68,8.1,107,13.3,11.89,13.38,8,88.9,43,5.38,8,1,0,0.16,0,0,0,0,5,0.076,116.2,7,10.8,0,0,8,88.9,1,25,0,0,1,1,100,0,1,0.13,15,4.57,0.685,6.1,75.8,18.2,0,18.7,16.2,2.34,2.03,0.31,0.28,0.25,16.2
2025,82,Brenton Strange,JAX,TE,6,Cover 2,11.228070175438596,13.559322033898304,51.9,32,60.4,8,17,3.31,0.25,6.63,53,19.3,106,24.3,13.25,13.25,8,100,53,6.63,12,1.5,0,0.53,0,0,0,0,6,0.188,118.8,3,9.7,1,12.5,8,100,1,25,0,0,1,1,100,0,1,0.13,24.2,6.4,1.029,18.8,28.1,53.1,0,18.6,17.6,3.1,2.93,0.17,0.58,0.55,17.6
2025,83,Elijah Higgins,ARZ,TE,6,Cover 2,11.469534050179211,22.857142857142858,39.8,32,36.4,8,10.1,3.31,0.25,6.88,55,13.5,106,18,13.25,15.14,7,87.5,61,8.71,34,4.86,0,0.02,0,0,0,0,7,0.219,118.8,2,4.3,0,0,7,87.5,0,28.6,0,0,2,1,50,0,1,0.14,24.2,6.13,1.038,9.4,37.5,46.9,6.3,17.6,13,2.93,2.16,0.77,0.55,0.41,13
2025,84,Harold Fannin,CLV,TE,11,Cover 2,14.392059553349876,15.384615384615385,72,58,65.2,16,20.5,1.83,0.28,5.44,87,23.6,106,26,6.63,8.15,13,81.3,37,2.85,12,0.92,1,0.98,100,1,0,0,3,0.052,115.1,10,23.3,1,6.3,15,93.8,1,16.7,0,0,2,0,0,1,1,0.08,30.8,-0.1,-0.146,19,34.5,44.8,1.7,29.6,32.4,2.69,2.95,-0.26,0.51,0.56,32.4
2025,85,Mark Andrews,BLT,TE,10,Cover 3,26.813880126182966,25.37313432835821,68.8,85,61.6,17,15.5,1.24,0.2,7.94,135,13.1,105,11.2,6.18,7.5,14,82.4,18,1.29,6,0.43,1,0.98,50,2,1,1,6,0.071,112,12,15.6,0,0,15,88.2,1,8.3,1,5.9,1,1,100,0,1,0.07,23.6,-1.49,0.235,20,69.4,10.6,0,30.5,33.3,3.05,3.33,-0.28,0.36,0.39,33.3
2025,86,Noah Fant,CIN,TE,8,Cover 3,21.243523316062177,25.64102564102564,29.3,41,26.5,10,6.8,2.56,0.24,2.5,25,2.4,105,9.8,10.5,13.13,8,80,80,10,23,2.88,0,0.04,0,0,0,0,6,0.146,110.4,8,8.5,0,0,10,100,0,12.5,1,10,1,0,0,0,0,0,24.4,4.2,0.543,7.3,17.1,70.7,4.9,18.5,16.7,2.31,2.08,0.23,0.45,0.41,16.7
2025,87,Chig Okonkwo,TEN,TE,10,Cover 2,16.22340425531915,18.181818181818183,73.5,61,59.8,14,15.6,1.72,0.23,6.36,89,15.1,105,19.1,7.5,10.5,10,71.4,59,5.9,17,1.7,0,0.03,0,0,0,0,5,0.082,92.9,10,19.2,3,21.4,11,78.6,2,0,1,7.1,0,0,0,0,3,0.3,22.2,-0.13,-0.007,14.8,47.5,36.1,1.6,20.5,21.6,2.05,2.16,-0.11,0.34,0.35,21.6
2025,88,Colston Loveland,CHI,TE,4,Cover 6,9.550561797752808,7.59493670886076,62.1,34,56.7,6,11.8,3.09,0.18,9.83,59,15.5,105,26.9,17.5,21,5,83.3,52,10.4,39,7.8,1,0.02,100,0,0,0,3,0.088,158.3,3,12.5,0,0,6,100,0,40,0,0,1,1,100,0,2,0.4,18.2,8.98,1.673,23.5,32.4,44.1,0,21.5,12.4,5.38,3.11,2.27,0.63,0.37,12.4
2025,89,Pat Freiermuth,PIT,TE,9,Cover 4,16.4983164983165,22.641509433962266,64.4,49,56.3,12,14.6,2.1,0.24,5.33,64,13.9,103,19.9,8.58,10.3,10,83.3,54,5.4,28,2.8,0,0.03,0,0,0,0,3,0.061,102.4,10,16.7,2,16.7,11,91.7,1,10,0,0,4,3,75,0,2,0.2,24.5,1.67,0.287,18.4,57.1,24.5,0,20.3,17.3,2.26,1.92,0.34,0.41,0.35,17.3
2025,90,Jake Tonges,SF,TE,7,Cover 3,26.94063926940639,33.33333333333333,35.7,59,30.3,15,8.6,1.71,0.25,2.73,41,3,101,6.2,6.73,9.18,11,73.3,73,6.64,21,1.91,2,1.12,40,1,1,1,7,0.119,130.8,10,8.3,3,20,13,86.7,0,10,0,0,4,2,50,0,1,0.09,24.2,0.14,0.344,6.8,35.6,57.6,0,33.1,26,4.73,3.72,1.01,0.56,0.44,26
2025,91,George Kittle,SF,TE,7,Cover 4,20.51282051282051,18.181818181818183,49.6,56,73.7,12,18.2,1.79,0.21,4.08,49,10.9,100,22,8.33,9.09,11,91.7,66,6,39,3.55,1,0.31,100,2,1,1,5,0.089,129.2,11,26.8,5,41.7,12,100,1,11.1,0,0,5,4,80,1,2,0.18,23.1,1.7,0.539,8.9,30.4,58.9,1.8,27,18.7,3.86,2.68,1.18,0.48,0.33,18.7
2025,92,Davis Allen,LA,TE,8,Cover 3,32.402234636871505,33.33333333333333,40.6,58,28.7,11,5.7,1.71,0.19,2.73,30,1.8,99,5.7,9,9.9,10,90.9,78,7.8,16,1.6,1,0.47,9.1,1,1,1,6,0.103,134.5,7,5.3,1,9.1,11,100,0,0,0,0,1,0,0,0,1,0.1,13.9,2.71,0.51,22.4,13.8,60.3,3.4,25.9,20.3,3.24,2.53,0.71,0.45,0.35,20.3
2025,93,AJ Barner,SEA,TE,7,Cover 2,9.941520467836257,18.75,80,34,68,12,26.7,2.85,0.35,3.25,39,20.3,97,29.9,8.08,8.82,11,91.7,62,5.64,25,2.27,0,0.14,0,1,0,0,6,0.176,100.3,4,20,0,0,11,91.7,0,0,0,0,0,0,0,0,2,0.18,40,1.99,0.728,2.9,2.9,91.2,2.9,20.7,19.4,2.96,2.78,0.18,0.61,0.57,19.4
2025,94,Tyler Higbee,LA,TE,6,Cover 3,28.32369942196532,30.555555555555557,28.7,49,46.7,11,10.9,1.96,0.22,7.73,85,11.1,96,11.2,8.73,12,8,72.7,34,4.25,8,1,0,0.18,0,2,0,0,6,0.122,99.1,8,11.3,3,27.3,9,81.8,1,33.3,1,9.1,3,2,66.7,1,0,0,21.2,0.83,0.451,14.3,14.3,71.4,0,17.6,17.6,2.93,2.94,-0.01,0.36,0.36,17.6
2025,95,Hunter Henry,NE,TE,6,Cover 2,15.80135440180587,10.714285714285714,80.8,70,70.7,9,11.5,1.36,0.13,9.78,88,15.2,95,14.7,10.56,13.57,7,77.8,28,4,5,0.71,1,0.49,100,2,0,0,5,0.071,147.7,5,13.2,1,11.1,9,100,1,20,2,22.2,1,1,100,0,0,0,15.8,2.19,1.098,17.1,42.9,37.1,2.9,22.5,21.9,3.75,3.66,0.09,0.32,0.31,21.9
2025,96,Terrance Ferguson,LA,TE,6,Cover 3,30.864197530864196,32,26.2,50,30.5,8,5,1.9,0.16,21.25,170,12.6,95,6.7,11.88,31.67,3,37.5,31,10.33,7,2.33,0,0.07,0,0,0,0,3,0.06,82.8,7,6.6,0,0,6,75,6,100,1,12.5,3,1,33.3,0,0,0,15.7,-0.06,0.426,26,30,44,0,12.5,15.2,2.08,2.54,-0.46,0.25,0.3,15.2
2025,97,Jeremy Ruckert,NYJ,TE,12,Cover 3,40.46242774566474,53.57142857142857,42.8,70,33.7,15,8.9,1.34,0.21,3,45,4.1,94,9.3,6.27,7.23,13,86.7,60,4.62,27,2.08,1,0.46,33.3,1,1,1,5,0.071,115,12,10.3,0,0,14,93.3,0,8.3,1,6.7,4,4,100,0,0,0,21.1,0.07,0.597,11.4,14.3,72.9,1.4,28.4,22,2.37,1.84,0.53,0.41,0.31,22
2025,98,Sam LaPorta,DET,TE,5,Cover 6,9.606986899563319,18.367346938775512,50.9,22,75.9,9,32.1,4.27,0.41,5.44,49,45.4,94,38.2,10.44,13.43,7,77.8,56,8,18,2.57,0,0.03,0,1,0,0,4,0.182,110.2,6,31.6,1,11.1,7,77.8,0,14.3,0,0,0,0,0,0,1,0.14,37.5,3.07,0.414,13.6,50,36.4,0,16.4,13.7,3.28,2.74,0.54,0.75,0.62,13.7
2025,99,Travis Kelce,KC,TE,9,Cover 4,15.459882583170254,10.576923076923077,83.3,79,65.8,11,11,1.16,0.14,3.91,43,7.4,92,13.8,8.36,10.22,9,81.8,51,5.67,29,3.22,1,0.12,100,0,0,0,6,0.076,131.8,9,12.7,1,9.1,10,90.9,0,11.1,1,9.1,2,2,100,0,1,0.11,14.9,1.71,0.649,20.3,50.6,26.6,2.5,24.2,17,2.69,1.89,0.8,0.31,0.22,17
2025,100,Darnell Washington,PIT,TE,6,Cover 6,12.087912087912088,16.27906976744186,47,22,36.1,7,12.1,4.14,0.32,7,49,19.3,91,18.8,13,15.17,6,85.7,55,9.17,36,6,0,0.02,0,0,0,0,3,0.136,118.8,3,9.7,0,0,6,85.7,0,16.7,0,0,1,1,100,0,2,0.33,23.3,5.8,1.246,22.7,13.6,63.6,0,15.1,10.9,2.52,1.82,0.7,0.69,0.5,10.9
2025,101,Brock Bowers,LV,TE,7,Cover 4,16.710875331564985,14.457831325301203,67,63,81.8,12,19.4,1.44,0.19,6.75,81,19.3,91,28.3,7.58,11.38,8,66.7,45,5.63,18,2.25,1,1,25,3,2,1,6,0.095,117,11,25.6,2,16.7,9,75,1,16.7,1,8.3,1,1,100,0,1,0.13,23.1,0.04,0.639,19,47.6,33.3,0,23.1,21,3.3,3.01,0.29,0.37,0.33,21
2025,102,Colston Loveland,CHI,TE,6,Cover 2,14.04494382022472,11.39240506329114,68.6,50,61,9,12.5,1.82,0.18,5.89,53,13.3,91,24.9,10.11,11.38,8,88.9,44,5.5,13,1.63,0,0.1,0,0,0,0,6,0.12,108.8,6,18.2,0,0,9,100,0,12.5,0,0,1,0,0,0,1,0.13,21.4,3.09,0.924,18,36,44,2,17.1,16.9,2.85,2.82,0.03,0.34,0.34,16.9
2025,103,Tyler Warren,IND,TE,9,Cover 2,12.083333333333334,12.264150943396226,95.7,58,82.9,13,19.7,1.52,0.22,2.38,31,9,88,18,6.77,8,11,84.6,64,5.82,24,2.18,0,0.09,0,0,0,0,5,0.086,94.9,8,19,3,23.1,12,92.3,0,0,0,0,2,1,50,0,1,0.09,21.7,0.62,0.29,13.8,50,34.5,1.7,19.8,20.6,2.2,2.29,-0.09,0.34,0.35,20.6
2025,104,Adam Trautman,DEN,TE,6,Cover 3,36.144578313253014,34.78260869565217,47.4,60,25.6,8,3.8,1.42,0.13,3.38,27,1.6,85,5.6,10.63,10.63,8,100,58,7.25,13,1.63,0,0.01,0,0,0,0,4,0.067,110.9,6,4.3,0,0,8,100,0,25,0,0,1,1,100,0,2,0.25,9,4.41,0.558,6.7,21.7,71.7,0,16.5,13.2,2.75,2.2,0.55,0.28,0.22,13.2
2025,105,David Njoku,CLV,TE,7,Cover 3,27.51937984496124,33.33333333333333,49.7,71,52.6,15,12.3,1.17,0.21,6,90,11.6,83,11.7,5.53,9.22,9,60,51,5.67,22,2.44,1,0.58,33.3,2,1,1,2,0.028,69.6,9,12.3,1,6.7,11,73.3,1,0,1,6.7,2,1,50,0,3,0.33,20.5,-1.47,-0.338,11.3,25.4,63.4,0,23.3,20.5,3.33,2.92,0.41,0.33,0.29,20.5
2025,106,Dalton Schultz,HST,TE,10,Cover 4,15.074309978768577,13.592233009708737,87.6,71,79.8,14,17.3,1.17,0.2,3.93,55,8.7,83,15,5.93,8.3,10,71.4,56,5.6,25,2.5,0,0.08,0,0,0,0,2,0.028,86.3,11,18.3,1,7.1,12,85.7,1,0,1,7.1,2,1,50,0,1,0.1,21.9,-0.88,0.091,8.5,38,52.1,1.4,18.3,19.3,1.83,1.93,-0.1,0.26,0.27,19.3
2025,107,Charlie Kolar,BLT,TE,5,Cover 3,34.40860215053764,58.333333333333336,32.6,32,23.2,7,6.4,2.56,0.22,10,70,6.8,82,8.8,11.71,16.4,5,71.4,38,7.6,9,1.8,0,0.02,0,0,0,0,4,0.125,110.4,3,3.9,0,0,6,85.7,1,20,0,0,1,1,100,0,1,0.2,20,3.42,0.657,3.1,12.5,84.4,0,13.2,11.1,2.64,2.21,0.43,0.41,0.35,11.1
2025,108,AJ Barner,SEA,TE,7,Cover 1,15.497076023391813,15.625,78.6,53,63.1,10,12.8,1.55,0.19,4.2,42,5.8,82,12.8,8.2,8.2,10,100,40,4,9,0.9,1,0.91,14.3,2,0,0,4,0.075,134.2,7,12.1,1,10,10,100,0,0,0,0,2,2,100,0,0,0,18.2,1.36,0.49,7.5,5.7,86.8,0,24.2,21.2,3.46,3.03,0.43,0.46,0.4,21.2
2025,109,Mitchell Evans,CAR,TE,8,Cover 4,26.229508196721312,36.36363636363637,29.7,32,27.1,8,7.5,2.53,0.25,4.25,34,6.5,81,12.1,10.13,11.57,7,87.5,52,7.43,11,1.57,0,0.15,0,0,0,0,3,0.094,108.9,5,7.4,1,12.5,8,100,0,14.3,0,0,0,0,0,0,1,0.14,25.8,3.59,0.599,6.3,12.5,81.3,0,15.1,15.7,1.89,1.96,-0.07,0.47,0.49,15.7
2025,110,Darren Waller,MIA,TE,6,Cover 3,35.810810810810814,29.411764705882355,28.9,53,49.1,10,10.1,1.51,0.19,10.1,101,12.9,80,11,8,13.33,6,60,27,4.5,9,1.5,0,0.04,0,0,0,0,4,0.075,85.4,9,13.4,0,0,7,70,1,16.7,0,0,2,1,50,0,0,0,20.8,-0.45,0.149,39.6,35.8,24.5,0,14,13.1,2.33,2.18,0.15,0.26,0.25,13.1
2025,111,Cade Otton,TB,TE,6,Cover 4,14.92204899777283,12.5,89.1,67,71.3,10,11.6,1.19,0.15,4,40,5.9,80,12.3,8,10,8,80,49,6.13,27,3.38,0,0.02,0,0,0,0,4,0.06,100,4,7.4,0,0,10,100,0,0,0,0,2,0,0,0,1,0.13,13,1.7,0.598,10.4,53.7,35.8,0,16,15.5,2.67,2.59,0.08,0.24,0.23,15.5
2025,112,Ian Thomas,LV,TE,6,Cover 3,40.54054054054054,61.53846153846154,33.5,30,19.1,8,5.8,2.63,0.27,2.88,23,2.7,79,7.3,9.88,9.88,8,100,56,7,23,2.88,0,0.01,0,0,0,0,4,0.133,107.8,5,5.5,0,0,8,100,0,12.5,0,0,0,0,0,0,1,0.13,15.7,3.23,0.685,13.3,16.7,70,0,15.9,14.2,2.65,2.36,0.29,0.53,0.47,14.2
2025,113,Mason Taylor,NYJ,TE,6,Cover 2,20.241691842900302,23.809523809523807,69.7,67,65.7,15,20.5,1.18,0.22,6,90,21.3,79,18,5.27,8.78,9,60,23,2.56,11,1.22,0,0.06,0,1,0,0,3,0.045,74,7,17.5,1,6.7,12,80,0,0,3,20,1,1,100,0,0,0,27.8,-1.67,0.111,26.9,31.3,41.8,0,16.9,21.2,2.82,3.53,-0.71,0.25,0.32,21.2
2025,114,Elijah Arroyo,SEA,TE,5,Cover 4,20.30075187969925,28.000000000000004,34.7,27,33.3,7,9.2,2.93,0.26,10.57,74,10.3,79,10.1,11.29,15.8,5,71.4,36,7.2,6,1.2,0,0.05,0,1,0,0,3,0.111,108.6,5,8.6,0,0,6,85.7,2,40,0,0,3,2,66.7,0,0,0,21.2,3.06,-0.141,18.5,11.1,66.7,3.7,12.9,9.5,2.58,1.9,0.68,0.48,0.35,9.5
2025,115,Dalton Kincaid,BUF,TE,6,Cover 4,10.05586592178771,14.285714285714285,38.3,18,43.9,7,19.4,4.33,0.39,4.29,30,13.8,78,29.3,11.14,13,6,85.7,50,8.33,19,3.17,2,1.36,50,2,1,1,5,0.278,152.7,6,24,1,14.3,7,100,0,20,0,0,2,1,50,0,1,0.17,36.8,4.25,1.115,11.1,55.6,33.3,0,25.8,19.6,4.3,3.27,1.03,1.43,1.09,19.6
2025,116,Colby Parkinson,LA,TE,6,Cover 1,11.587982832618025,12.727272727272727,31.5,27,23.9,7,6.5,2.85,0.26,6.29,44,4,77,8.7,11,15.4,5,71.4,47,9.4,20,4,2,1.69,25,5,0,0,5,0.185,147,7,8.5,2,28.6,7,100,1,100,2,28.6,2,1,50,0,2,0.4,18.9,3.71,0.988,14.8,11.1,74.1,0,24.7,20.6,4.12,3.43,0.69,0.91,0.76,20.6
2025,117,Michael Mayer,LV,TE,7,Cover 1,21.052631578947366,20.408163265306122,42.1,44,46.3,10,12.7,1.75,0.23,7.1,71,10.8,77,15.2,7.7,11,7,70,40,5.71,13,1.86,0,0.1,0,1,0,0,5,0.114,92.5,6,9.8,0,0,8,80,1,33.3,0,0,2,1,50,0,0,0,21.7,0.09,0.286,6.8,36.4,54.5,2.3,14.7,13.6,2.1,1.95,0.15,0.33,0.31,13.6
2025,118,Tyler Higbee,LA,TE,5,Cover 6,11.560693641618498,13.88888888888889,37,20,69,5,19.2,3.8,0.25,9.6,48,18.5,76,26.9,15.2,19,4,80,44,11,7,1.75,0,0.07,0,0,0,0,4,0.2,118.8,5,33.3,1,20,5,100,1,50,1,20,1,0,0,0,0,0,27.8,6.69,0.887,5,40,55,0,11.6,11.6,2.32,2.31,0.01,0.58,0.58,11.6
2025,119,David Njoku,CLV,TE,7,Cover 4,13.953488372093023,17.77777777777778,43.8,36,50.7,8,13.1,2.08,0.22,5.5,44,17.8,75,22.5,9.38,12.5,6,75,46,7.67,9,1.5,0,0.02,0,1,0,0,3,0.083,103.6,5,14.7,2,25,6,75,0,33.3,0,0,2,2,100,0,0,0,25.8,1.86,0.177,2.8,19.4,77.8,0,13.5,9.4,1.93,1.34,0.59,0.38,0.26,9.4
2025,120,Cade Otton,TB,TE,10,Cover 1,23.83073496659243,20,91,107,79.9,16,14.7,0.7,0.15,4.56,73,8.9,75,14.1,4.69,7.5,10,62.5,47,4.7,22,2.2,0,0.21,0,2,0,0,3,0.028,73.7,11,14.7,0,0,12,75,0,10,1,6.3,4,3,75,0,1,0.1,15.8,-2.03,-0.121,23.4,53.3,23.4,0,17.5,18.9,1.75,1.89,-0.14,0.16,0.18,18.9
2025,121,Tyler Warren,IND,TE,12,Cover 1,16.666666666666664,13.20754716981132,82.2,80,74.8,14,14.6,0.94,0.17,7.14,100,11.1,75,11.5,5.36,9.38,8,57.1,32,4,2,0.25,2,1.85,40,6,2,1,6,0.075,111.6,13,15.5,1,7.1,10,71.4,0,25,0,0,3,1,33.3,0,0,0,18.9,-2.22,0.203,7.5,60,32.5,0,27.5,26.3,2.29,2.19,0.1,0.34,0.33,26.3
2025,122,Dallas Goedert,PHI,TE,5,Cover 4,16.019417475728158,15,70.2,66,81.5,12,17.6,1.12,0.18,6.75,81,15.2,74,17.8,6.17,7.4,10,83.3,15,1.5,14,1.4,0,0.16,0,3,1,0,3,0.045,92.4,10,22.2,1,8.3,11,91.7,1,12.5,0,0,2,1,50,0,0,0,20,-1.24,0.086,15.2,50,34.8,0,17.4,19.6,3.48,3.92,-0.44,0.26,0.3,19.6
2025,123,Colby Parkinson,LA,TE,6,Cover 2,9.44206008583691,14.545454545454545,50,22,47.8,8,18.2,3.32,0.36,3.88,31,8.6,73,18.2,9.13,10.43,7,87.5,39,5.57,6,0.86,0,0.02,0,1,0,0,2,0.091,65.1,5,18.5,2,25,7,87.5,1,14.3,0,0,0,0,0,0,1,0.14,33.3,2.11,-0.674,18.2,4.5,77.3,0,14.3,12.4,2.38,2.07,0.31,0.65,0.57,12.4
2025,124,Luke Musgrave,GB,TE,5,Cover 1,17.435897435897434,16.129032258064516,31.5,34,26.8,5,4.3,2.15,0.15,10.8,54,4.6,73,7.5,14.6,14.6,5,100,19,3.8,4,0.8,0,0.2,0,0,0,0,5,0.147,118.8,4,5.1,0,0,5,100,2,40,0,0,0,0,0,0,0,0,15.6,5.65,1.46,14.7,17.6,67.6,0,12.3,13.2,2.46,2.63,-0.17,0.36,0.39,13.2
2025,125,Mitchell Evans,CAR,TE,8,Cover 3,40.16393442622951,36.36363636363637,33.7,49,25.4,8,4.8,1.49,0.16,3.13,25,2.3,73,6.4,9.13,9.13,8,100,48,6,15,1.88,0,0.02,0,0,0,0,3,0.061,104.7,5,5.4,1,12.5,8,100,0,12.5,0,0,0,0,0,0,0,0,16,2.42,0.472,2,20.4,77.6,0,15.3,14.9,1.91,1.86,0.05,0.31,0.3,14.9
2025,126,Oronde Gadsden,LAC,TE,9,Cover 1,24.266666666666666,23.52941176470588,57.1,91,56.9,16,11.7,0.8,0.18,7.94,127,12.6,73,8.3,4.56,8.11,9,56.3,22,2.44,13,1.44,0,0.57,0,6,2,0,4,0.044,68,11,10.9,0,0,12,75,1,0,1,6.3,2,0,0,0,1,0.11,21.1,-3.37,0.011,15.4,50.5,31.9,2.2,16.3,22.5,1.81,2.5,-0.69,0.18,0.25,22.5
2025,127,Mason Taylor,NYJ,TE,5,Cover 6,9.969788519637463,12.698412698412698,61,33,82.5,8,25,2.21,0.24,5.88,47,13.9,73,37.1,9.13,10.43,7,87.5,31,4.43,12,1.71,0,0.01,0,0,0,0,5,0.152,104.7,5,35.7,0,0,8,100,0,0,1,12.5,1,1,100,0,0,0,28.6,2.18,0.633,18.2,24.2,57.6,0,14.3,13.9,2.86,2.78,0.08,0.43,0.42,13.9
2025,128,Darren Waller,MIA,TE,2,Cover 6,8.783783783783784,11.76470588235294,35.7,13,59.1,4,20,5.54,0.31,17.5,70,51.5,72,53.3,18,18,4,100,11,2.75,3,0.75,1,0.57,100,1,1,1,3,0.231,158.3,3,20,0,0,4,100,2,66.7,0,0,1,1,100,0,0,0,28.6,8.8,1.942,23.1,61.5,15.4,0,17.2,12.6,8.6,6.31,2.29,1.32,0.97,12.6
2025,129,Jake Tonges,SF,TE,5,Cover 2,14.15525114155251,17.77777777777778,46.5,31,46.3,8,13.3,2.32,0.26,6.13,49,11.2,72,11.9,9,9,8,100,23,2.88,9,1.13,0,0.07,0,0,0,0,4,0.129,104.2,4,12.1,0,0,8,100,0,12.5,0,0,1,1,100,0,1,0.13,28.6,1.84,0.489,3.2,35.5,58.1,3.2,15.2,15.4,3.04,3.08,-0.04,0.49,0.5,15.4
2025,130,Jake Ferguson,DAL,TE,5,Cover 6,11.368421052631579,9,72,54,65.9,9,11.7,1.33,0.17,4.44,40,7.2,72,14.1,8,8,9,100,32,3.56,14,1.56,0,0.34,0,2,0,0,2,0.037,100,8,17.4,0,0,9,100,0,0,0,0,4,4,100,1,0,0,16.4,1.4,0.296,5.6,55.6,35.2,3.7,16.2,13.7,3.24,2.73,0.51,0.3,0.25,13.7
2025,131,Evan Engram,DEN,TE,6,Cover 2,14.243323442136498,9.45945945945946,53.4,48,47.1,7,7.4,1.48,0.15,6.14,43,7.5,71,12.3,10.14,14.2,5,71.4,34,6.8,14,2.8,0,0.11,0,0,0,0,4,0.083,103.9,5,9.6,0,0,5,71.4,1,20,0,0,0,0,0,0,0,0,15.9,3.19,0.643,6.3,37.5,56.3,0,12.1,11,2.02,1.83,0.19,0.25,0.23,11
2025,132,Kyle Pitts,ATL,TE,7,Cover 4,14.059405940594061,10.344827586206897,97.4,71,92.2,12,16.4,0.97,0.17,4.83,58,12.2,69,14.6,5.75,6.9,10,83.3,37,3.7,14,1.4,0,0.21,0,2,0,0,4,0.056,90.6,10,21.3,1,8.3,11,91.7,0,0,0,0,1,1,100,0,0,0,17.6,-1.19,0.422,16.9,45.1,38,0,16.9,19,2.41,2.71,-0.3,0.24,0.27,19
2025,133,Ja'Tavion Sanders,CAR,TE,6,Cover 4,21.80094786729858,32.35294117647059,44.9,46,46,11,12.4,1.5,0.24,5.18,57,11.7,69,12.4,6.27,6.9,10,90.9,32,3.2,11,1.1,0,0.07,0,3,1,0,2,0.043,92.8,9,15.8,0,0,10,90.9,1,0,0,0,1,1,100,0,1,0.1,25.6,-0.5,0.107,10.9,58.7,30.4,0,16.9,16.6,2.82,2.76,0.06,0.37,0.36,16.6
2025,134,Zach Ertz,WAS,TE,10,Cover 1,23.26283987915408,23.943661971830984,66.1,77,78.6,17,19.5,0.87,0.22,6.88,117,13.2,67,13.1,3.94,7.44,9,52.9,15,1.67,3,0.33,0,0.03,0,1,1,0,5,0.065,62.6,15,22.4,0,0,13,76.5,0,0,3,17.6,5,4,80,0,0,0,26.2,-3.41,-0.399,15.6,54.5,29.9,0,15.7,20.2,1.57,2.02,-0.45,0.2,0.26,20.2
2025,135,Dawson Knox,BUF,TE,9,Cover 1,26.95035460992908,25,53.2,76,49.4,12,9.1,0.88,0.16,6.08,73,7,67,7.1,5.58,8.38,8,66.7,46,5.75,10,1.25,0,0.42,0,1,0,0,5,0.066,46.2,11,11.1,1,8.3,10,83.3,1,0,1,8.3,1,0,0,0,1,0.13,17.9,-1.72,-0.033,9.2,43.4,43.4,3.9,14.7,19.2,1.63,2.14,-0.51,0.19,0.25,19.2
2025,136,Zach Ertz,WAS,TE,5,Cover 4,9.667673716012084,12.676056338028168,52.2,32,69.6,9,25.7,2.06,0.28,5.33,48,21.4,66,25.5,7.33,8.25,8,88.9,28,3.5,6,0.75,0,0.01,0,0,0,0,3,0.094,57.6,8,33.3,0,0,8,88.9,0,0,0,0,1,1,100,0,0,0,33.3,0.7,0.241,12.5,53.1,31.3,3.1,14.6,13.9,2.92,2.78,0.14,0.46,0.43,13.9
2025,137,Pat Freiermuth,PIT,TE,7,Cover 1,22.895622895622896,20.754716981132077,66.1,68,60.7,11,10.6,0.97,0.16,8.36,92,8.6,66,9.9,6,13.2,5,45.5,34,6.8,10,2,0,0.06,0,3,1,0,4,0.059,65,7,8.8,1,9.1,5,45.5,1,50,0,0,0,0,0,0,1,0.2,17.2,-2.25,-0.26,14.7,64.7,20.6,0,11.6,9.3,1.66,1.33,0.33,0.17,0.14,9.3
2025,138,Terrance Ferguson,LA,TE,4,Cover 1,25.308641975308642,20,32.3,41,43.6,5,5.6,1.61,0.12,14.6,73,8.7,66,8.7,13.2,22,3,60,11,3.67,3,1,0,0.02,0,1,1,0,3,0.073,64.6,5,7.8,0,0,3,60,1,66.7,0,0,1,1,100,0,0,0,13.5,3,0.191,26.8,53.7,19.5,0,9.6,7.7,2.4,1.92,0.48,0.23,0.19,7.7
2025,139,Brock Bowers,LV,TE,5,Cover 6,8.488063660477453,7.228915662650602,78.3,32,84.2,6,18.2,2.03,0.19,9,54,43.5,65,30.5,10.83,13,5,83.3,34,6.8,6,1.2,0,0.01,0,1,1,0,3,0.094,111.8,4,18.2,0,0,5,83.3,1,20,0,0,0,0,0,0,1,0.2,20.7,2.83,0.833,12.5,40.6,46.9,0,11.5,9.4,2.3,1.89,0.41,0.36,0.29,9.4
2025,140,Colby Parkinson,LA,TE,5,Cover 4,25.75107296137339,16.363636363636363,62.8,60,55,9,8.8,1.07,0.15,3.44,31,3.8,64,9.2,7.11,10.67,6,66.7,46,7.67,18,3,0,0.05,0,2,0,0,2,0.033,87.3,4,6.3,2,22.2,8,88.9,0,0,2,22.2,0,0,0,0,0,0,15.3,0.84,0.35,28.3,15,56.7,0,12.4,13.4,2.48,2.68,-0.2,0.21,0.22,13.4
2025,141,Evan Engram,DEN,TE,7,Cover 6,12.759643916913946,14.864864864864865,60.5,43,57.3,11,15.9,1.47,0.26,7.64,84,19.7,63,15.6,5.73,9,7,63.6,38,5.43,7,1,0,0.06,0,0,0,0,1,0.023,79,7,17.9,3,27.3,8,72.7,2,14.3,1,9.1,1,1,100,0,0,0,24.4,-1.2,-0.08,14,41.9,41.9,2.3,13.3,14.5,1.9,2.08,-0.18,0.31,0.34,14.5
2025,142,Isaiah Likely,BLT,TE,2,Cover 6,6.8493150684931505,13.88888888888889,51.4,15,46.9,5,17.9,4.2,0.33,8.8,44,35.2,63,37.1,12.6,12.6,5,100,19,3.8,6,1.2,0,0.09,0,0,0,0,2,0.133,118.8,4,22.2,0,0,5,100,1,20,0,0,0,0,0,0,1,0.2,31.3,5.22,1.121,13.3,80,6.7,0,11.3,11.4,5.65,5.69,-0.04,0.75,0.76,11.4
2025,143,Luke Musgrave,GB,TE,6,Cover 2,11.794871794871794,22.58064516129032,45,23,38.3,7,13.2,2.74,0.3,9.57,67,18.7,63,12,9,12.6,5,71.4,16,3.2,3,0.6,0,0.08,0,0,0,0,3,0.13,99.1,4,13.8,0,0,7,100,0,20,1,14.3,3,1,33.3,0,0,0,30.4,0.66,0.32,13,30.4,56.5,0,11.3,13.9,1.88,2.31,-0.43,0.49,0.6,13.9
2025,144,Oronde Gadsden,LAC,TE,5,Cover 6,13.866666666666665,8.823529411764707,79.4,52,81.3,6,13.3,1.21,0.12,8.67,52,13.4,63,26.5,10.5,15.75,4,66.7,30,7.5,4,1,0,0.03,0,0,0,0,2,0.038,101.4,4,16,0,0,5,83.3,1,25,0,0,1,0,0,0,1,0.25,17.6,2.4,0.463,11.5,59.6,28.8,0,10.3,10.4,2.06,2.07,-0.01,0.2,0.2,10.4
2025,145,Dallas Goedert,PHI,TE,6,Cover 1,17.233009708737864,12.5,73,71,80.7,10,13.5,0.87,0.14,8.2,82,10.3,62,11.7,6.2,8.86,7,70,36,5.14,10,1.43,3,2.3,37.5,4,1,1,6,0.085,125.8,9,15,1,10,8,80,1,0,1,10,1,0,0,0,0,0,17.9,-1.71,0.695,14.1,47.9,38,0,31.2,25.8,5.2,4.31,0.89,0.44,0.36,25.8
2025,146,Chig Okonkwo,TEN,TE,8,Cover 6,12.5,12.987012987012985,71.8,47,60.3,10,13.7,1.32,0.21,5,50,11.1,62,14.7,6.2,8.86,7,70,34,4.86,19,2.71,0,0.02,0,0,0,0,3,0.064,46.7,8,17.4,2,20,10,100,0,0,2,20,3,2,66.7,0,1,0.14,20.4,-0.62,-0.343,8.5,57.4,34,0,13.2,16,1.65,1.99,-0.34,0.28,0.34,16
2025,147,Jake Ferguson,DAL,TE,5,Cover 4,15.368421052631579,10,74.5,73,66.4,10,10.5,0.85,0.14,4.3,43,5.4,62,9.1,6.2,6.89,9,90,40,4.44,21,2.33,0,0.46,0,1,1,0,2,0.027,92.5,8,13.3,1,10,10,100,1,0,0,0,3,2,66.7,0,1,0.11,14.3,-0.59,0.48,9.6,47.9,42.5,0,15.2,17.4,3.04,3.48,-0.44,0.21,0.24,17.4
2025,148,Isaiah Likely,BLT,TE,6,Cover 2,21.91780821917808,27.77777777777778,52.6,48,61.5,10,16.1,1.27,0.21,7.1,71,19.4,61,13.2,6.1,7.63,8,80,20,2.5,3,0.38,0,0.02,0,0,0,0,2,0.042,92.1,3,9.7,0,0,8,80,1,0,0,0,2,2,100,0,0,0,25.6,-1.22,0.015,14.6,75,10.4,0,14.1,13.4,2.35,2.23,0.12,0.29,0.28,13.4
2025,149,T.J. Hockenson,MIN,TE,9,Cover 4,11.528150134048257,18.181818181818183,80,43,64.2,12,18.5,1.4,0.28,5.08,61,19.6,60,18.7,5,7.5,8,66.7,28,3.5,13,1.63,0,0.18,0,2,0,0,3,0.07,78.5,8,15.7,0,0,10,83.3,0,0,2,16.7,0,0,0,0,0,0,23.1,-1.9,0.038,9.3,41.9,48.8,0,14,18,1.56,2,-0.44,0.33,0.42,18
2025,150,Brock Bowers,LV,TE,4,Cover 2,12.73209549071618,9.63855421686747,61.9,48,87.3,8,16.7,1.25,0.17,7.13,57,17.9,60,18.9,7.5,8.57,7,87.5,19,2.71,13,1.86,0,0.01,0,0,0,0,2,0.042,58.3,6,20,0,0,7,87.5,0,0,0,0,0,0,0,0,1,0.14,19,0.31,-0.303,8.3,64.6,22.9,4.2,13,12.7,3.25,3.19,0.06,0.27,0.27,12.7
2025,151,George Kittle,SF,TE,3,Cover 2,8.058608058608058,7.575757575757576,39.4,22,68.8,5,18.5,2.68,0.23,7.8,39,20.6,59,31.6,11.8,11.8,5,100,20,4,6,1.2,0,0.01,0,0,0,0,2,0.091,115.8,3,20,1,20,5,100,1,20,0,0,1,1,100,0,0,0,22.7,3.74,0.635,9.1,31.8,59.1,0,10.9,9.1,3.63,3.03,0.6,0.5,0.41,9.1
2025,152,Theo Johnson,NYG,TE,8,Cover 2,15.422885572139302,16.43835616438356,79.2,62,69.7,12,15.2,0.95,0.19,4.67,56,8.8,59,10.6,4.92,7.38,8,66.7,34,4.25,16,2,0,0.31,0,2,1,0,3,0.048,43.4,8,17.8,2,16.7,12,100,0,0,2,16.7,4,1,25,0,0,0,18.2,-1.96,-0.359,16.1,59.7,19.4,4.8,13.9,20.2,1.74,2.53,-0.79,0.22,0.33,20.2
2025,153,Austin Hooper,NE,TE,3,Cover 1,14.054054054054054,12,31.1,26,22.2,3,3.2,2.23,0.12,16.33,49,5.1,58,5.1,19.33,19.33,3,100,9,3,6,2,0,0.1,0,0,0,0,3,0.115,118.8,3,3.7,0,0,3,100,1,66.7,0,0,1,1,100,0,0,0,11.1,8.97,1.899,19.2,11.5,69.2,0,8.8,5.9,2.93,1.95,0.98,0.34,0.23,5.9
2025,154,Dallas Goedert,PHI,TE,5,Cover 6,7.766990291262135,7.5,74.4,32,91.4,6,21.4,1.81,0.19,9.17,55,21.5,58,21.4,9.67,11.6,5,83.3,17,3.4,7,1.4,0,0.03,0,0,0,0,2,0.063,106.9,3,18.8,0,0,5,83.3,0,20,0,0,0,0,0,0,0,0,23.1,1.41,0.691,31.3,43.8,25,0,10.8,10.4,2.16,2.07,0.09,0.34,0.32,10.4
2025,155,Mike Gesicki,CIN,TE,4,Cover 4,10.084033613445378,11.904761904761903,36,24,40.7,5,9.1,2.42,0.21,9,45,14.9,58,13.9,11.6,11.6,5,100,13,2.6,0,0,0,0.04,0,0,0,0,5,0.208,115,4,10.8,0,0,5,100,0,0,0,0,1,1,100,0,0,0,21.7,3.98,1.259,8.3,87.5,4.2,0,10.8,9.9,2.7,2.47,0.23,0.45,0.41,9.9
2025,156,Darnell Washington,PIT,TE,3,Cover 2,10.989010989010989,9.30232558139535,32.9,20,25,4,5.6,2.9,0.2,6,24,9.1,58,9.2,14.5,14.5,4,100,34,8.5,16,4,0,0.01,0,0,0,0,2,0.1,118.8,1,2.4,0,0,4,100,0,25,0,0,1,1,100,0,3,0.75,18.2,7.41,1.08,0,40,60,0,9.8,6.9,3.27,2.29,0.98,0.49,0.34,6.9
2025,157,Cole Kmet,CHI,TE,3,Cover 1,13.680781758957655,13.333333333333334,50.9,42,45.2,6,7.4,1.36,0.14,7.83,47,7.3,57,9.7,9.5,14.25,4,66.7,38,9.5,11,2.75,0,0.1,0,1,0,0,4,0.095,97.2,6,10.2,0,0,5,83.3,1,33.3,0,0,1,0,0,0,0,0,14.3,1.51,0.593,23.8,26.2,42.9,7.1,9.7,10.4,3.23,3.46,-0.23,0.23,0.25,10.4
2025,158,Elijah Arroyo,SEA,TE,6,Cover 3,33.08270676691729,28.000000000000004,29.9,44,36.7,7,6.1,1.3,0.16,7.71,54,5.3,57,4.8,8.14,9.5,6,85.7,21,3.5,11,1.83,0,0.08,0,2,0,0,2,0.045,100.6,4,6,0,0,6,85.7,1,20,0,0,2,2,100,0,0,0,17.1,0.22,0.507,11.4,9.1,77.3,2.3,11.7,10,1.95,1.67,0.28,0.27,0.23,10
2025,159,AJ Barner,SEA,TE,6,Cover 4,18.421052631578945,12.5,80.2,63,62.4,8,8.4,0.89,0.13,4.63,37,4.6,56,6,7,8,7,87.5,23,3.29,9,1.29,0,0.1,0,2,0,0,4,0.063,95.8,2,2.9,0,0,8,100,0,0,1,12.5,1,1,100,0,0,0,11,0.53,0.87,4.8,11.1,84.1,0,12.6,13.8,2.1,2.29,-0.19,0.2,0.22,13.8
2025,160,Mike Gesicki,CIN,TE,4,Cover 3,21.428571428571427,14.285714285714285,31.7,51,38.3,6,4.8,1.08,0.12,14.17,85,9.9,55,6.1,9.17,13.75,4,66.7,9,2.25,4,1,0,0.25,0,0,0,0,2,0.039,56.3,3,3.8,0,0,4,66.7,2,25,0,0,0,0,0,0,0,0,13,-0.72,-0.927,19.6,76.5,3.9,0,9.5,12.1,2.38,3.02,-0.64,0.19,0.24,12.1
2025,161,Luke Musgrave,GB,TE,7,Cover 3,29.743589743589745,25.806451612903224,41,58,34.9,8,5.5,0.95,0.14,11,88,8.7,55,4.8,6.88,9.17,6,75,17,2.83,5,0.83,0,0.1,0,0,0,0,1,0.017,93.2,6,7.1,0,0,6,75,2,16.7,0,0,0,0,0,0,0,0,15.7,-1.11,0.088,12.1,24.1,63.8,0,11.5,12.9,1.64,1.85,-0.21,0.2,0.22,12.9
2025,162,Austin Hooper,NE,TE,3,Cover 2,20,12,43.4,37,42,3,4.4,1.46,0.08,9.67,29,5.9,54,10,18,18,3,100,25,8.33,10,3.33,0,0.02,0,0,0,0,3,0.081,118.8,3,8.8,0,0,3,100,0,33.3,0,0,0,0,0,0,0,0,9.7,10.15,1.185,5.4,13.5,78.4,2.7,8.4,6.9,2.8,2.29,0.51,0.23,0.19,6.9
2025,163,Jonnu Smith,PIT,TE,8,Cover 2,12.82051282051282,21.153846153846153,50.6,35,41.2,11,14.3,1.54,0.31,6.18,68,24,54,7.9,4.91,6.75,8,72.7,31,3.88,13,1.63,0,0.02,0,0,0,0,2,0.057,83.1,6,13,1,9.1,9,81.8,1,0,1,9.1,2,1,50,0,1,0.13,31.4,-2.23,-0.092,8.6,51.4,37.1,2.9,13.4,15.4,1.68,1.92,-0.24,0.38,0.44,15.4
2025,164,Isaiah Likely,BLT,TE,4,Cover 1,20.091324200913242,13.88888888888889,40,44,50.6,5,6.6,1.23,0.11,7,35,4.8,54,8.2,10.8,18,3,60,41,13.67,4,1.33,0,0.05,0,2,0,0,0,0,97.1,3,5.9,1,20,4,80,0,50,1,20,0,0,0,0,1,0.33,12.5,3.58,-0.975,13.6,79.5,6.8,0,8.4,7.7,2.1,1.92,0.18,0.19,0.17,7.7
2025,165,Jake Ferguson,DAL,TE,7,Cover 1,17.263157894736842,16,84.3,82,75.9,16,16,0.65,0.2,2.38,38,4.1,53,5.5,3.31,4.42,12,75,29,2.42,11,0.92,1,1.11,20,3,0,0,3,0.037,99.2,12,15.4,2,12.5,15,93.8,0,0,1,6.3,3,1,33.3,0,1,0.08,19.5,-2.81,-0.289,6.1,51.2,42.7,0,23.3,28.9,3.33,4.12,-0.79,0.28,0.35,28.9
2025,166,Josh Oliver,MIN,TE,4,Cover 3,25.24271844660194,22.22222222222222,30.6,26,18.8,4,3.3,2,0.15,6.75,27,3.2,52,5.8,13,17.33,3,75,29,9.67,6,2,2,1.92,100,2,0,0,3,0.115,156.3,2,2.4,0,0,3,75,0,100,0,0,1,1,100,0,0,0,10.5,5.56,1.41,3.8,23.1,73.1,0,20.2,17.1,5.05,4.27,0.78,0.78,0.66,17.1
2025,167,Brenton Strange,JAX,TE,6,Cover 4,16.140350877192983,13.559322033898304,53.9,46,63,8,11.9,1.13,0.17,3.88,31,5.5,52,10.2,6.5,10.4,5,62.5,32,6.4,6,1.2,0,0.06,0,3,0,0,2,0.043,81.3,2,4.3,0,0,7,87.5,0,25,1,12.5,0,0,0,0,0,0,17,-0.03,-0.015,19.6,30.4,50,0,10.2,12.4,1.7,2.06,-0.36,0.22,0.27,12.4
2025,168,Brenton Strange,JAX,TE,4,Cover 6,8.070175438596491,11.864406779661017,54.2,23,71.9,7,30.4,2.26,0.3,9.57,67,24.9,52,29.5,7.43,10.4,5,71.4,20,4,3,0.6,1,0.84,50,0,1,1,3,0.13,132.1,6,35.3,1,14.3,6,85.7,2,20,1,14.3,1,1,100,0,0,0,35,-0.44,0.147,13,47.8,39.1,0,16.2,15.8,4.05,3.95,0.1,0.7,0.69,15.8
2025,169,Dawson Knox,BUF,TE,4,Cover 6,5.673758865248227,10.416666666666668,45,16,40,5,15.6,3.19,0.31,6.4,32,10.8,51,15.2,10.2,12.75,4,80,32,8,3,0.75,0,0.02,0,0,0,0,2,0.125,109.2,3,16.7,1,20,5,100,0,25,1,20,0,0,0,0,0,0,38.5,2.57,0.426,12.5,43.8,43.8,0,9.1,9.9,2.27,2.48,-0.21,0.57,0.62,9.9
2025,170,Daniel Bellinger,NYG,TE,5,Cover 1,26.53061224489796,26.923076923076923,42.7,52,35.6,7,6,0.98,0.13,8.57,60,6.1,51,5.6,7.29,12.75,4,57.1,32,8,7,1.75,0,0.34,0,2,1,0,4,0.077,80.1,4,5,0,0,6,85.7,0,0,1,14.3,3,1,33.3,0,0,0,14.3,-0.68,0.418,15.4,38.5,36.5,9.6,9.1,10.4,1.82,2.08,-0.26,0.17,0.2,10.4
2025,171,Julian Hill,MIA,TE,5,Cover 3,41.30434782608695,40,38.1,38,24.4,8,5.6,1.34,0.21,4.38,35,3.1,51,5.1,6.38,8.5,6,75,51,8.5,20,3.33,0,0.02,0,1,1,0,2,0.053,51.6,6,6.1,2,25,6,75,1,0,0,0,1,1,100,0,1,0.17,11.8,-0.49,-0.355,5.3,10.5,81.6,2.6,11.1,8.9,2.22,1.79,0.43,0.29,0.24,8.9
2025,172,George Kittle,SF,TE,3,Cover 6,10.256410256410255,6.0606060606060606,42,28,77.8,4,11.8,1.79,0.14,12.25,49,18.3,50,24.8,12.5,16.67,3,75,11,3.67,6,2,0,0.03,0,0,0,0,3,0.107,116.7,3,18.8,0,0,4,100,0,66.7,1,25,1,0,0,0,0,0,15.4,3.82,0.762,7.1,25,64.3,3.6,8,9.5,2.67,3.17,-0.5,0.29,0.34,9.5
2025,173,Cole Kmet,CHI,TE,3,Cover 4,15.960912052117262,11.11111111111111,74.1,49,62.8,5,6.8,1.02,0.1,9.6,48,6.4,50,8.8,10,12.5,4,80,15,3.75,7,1.75,0,0.01,0,1,1,0,2,0.041,108.3,2,5,0,0,4,80,0,0,0,0,0,0,0,0,0,0,10.2,1.27,0.397,24.5,26.5,46.9,2,9,8.5,3,2.83,0.17,0.18,0.17,8.5
2025,174,Greg Dulcich,MIA,TE,3,Cover 4,16.535433070866144,9.67741935483871,28,21,53.8,3,8.6,2.38,0.14,12.33,37,12.9,50,16.5,16.67,16.67,3,100,13,4.33,6,2,0,0,0,0,0,0,2,0.095,118.8,2,8.7,0,0,3,100,0,33.3,0,0,1,1,100,0,1,0.33,16.7,7.97,1.408,14.3,42.9,42.9,0,8,6,2.67,2.01,0.66,0.38,0.29,6
2025,175,Jake Ferguson,DAL,TE,3,Cover 2 Man,4.421052631578947,5,91.7,21,87.5,5,25,2.38,0.24,9.6,48,32.9,50,30.7,10,12.5,4,80,7,1.75,2,0.5,0,0.01,0,0,0,0,3,0.143,108.3,3,23.1,0,0,4,80,0,0,0,0,1,1,100,0,0,0,29.4,1.87,0.46,9.5,71.4,19,0,9,6.4,3,2.13,0.87,0.43,0.3,6.4
2025,176,Mo Alie-Cox,IND,TE,4,Cover 2,11.711711711711711,21.052631578947366,28.6,13,18.6,4,6.1,3.77,0.31,2.75,11,3.2,49,10,12.25,12.25,4,100,38,9.5,16,4,0,0.07,0,1,0,0,2,0.154,117.7,2,4.8,0,0,4,100,0,25,0,0,0,0,0,0,0,0,22.2,6.2,0.723,0,0,100,0,8.9,7.1,2.23,1.78,0.45,0.68,0.55,7.1
2025,177,Greg Dulcich,MIA,TE,3,Cover 1,9.448818897637794,9.67741935483871,23.6,12,36.4,3,10.3,4.08,0.25,1.67,5,4,49,28.7,16.33,16.33,3,100,44,14.67,2,0.67,0,0.01,0,0,0,0,2,0.167,118.8,3,16.7,1,33.3,3,100,0,66.7,0,0,1,1,100,0,0,0,25,10.52,1.764,16.7,58.3,25,0,7.9,4.4,2.63,1.47,1.16,0.66,0.37,4.4
2025,178,Luke Musgrave,GB,TE,4,Cover 6,17.94871794871795,19.35483870967742,56.9,35,53.8,6,10.7,1.4,0.17,4,24,4,49,13.7,8.17,9.8,5,83.3,26,5.2,5,1,0,0.04,0,0,0,0,2,0.057,100.7,5,13.2,1,16.7,6,100,0,20,0,0,1,0,0,0,0,0,19.4,1.01,0.315,8.6,48.6,42.9,0,9.9,10.3,2.48,2.57,-0.09,0.28,0.29,10.3
2025,179,Gunnar Helm,TEN,TE,5,Cover 4,15.65217391304348,9.25925925925926,45.2,36,41.9,5,6.8,1.36,0.14,6.4,32,7.9,49,11.4,9.8,9.8,5,100,17,3.4,5,1,0,0.04,0,0,0,0,3,0.083,107.5,1,2.4,1,20,5,100,0,0,0,0,2,2,100,0,1,0.2,14.3,2.46,0.608,5.6,38.9,55.6,0,9.9,7.7,1.98,1.55,0.43,0.28,0.21,7.7
2025,180,Jonnu Smith,PIT,TE,9,Cover 3,26.373626373626376,23.076923076923077,55.8,72,46.2,12,8.3,0.67,0.17,3.25,39,6.5,48,5.6,4,6,8,66.7,43,5.38,12,1.5,0,0.04,0,1,0,0,1,0.014,74.3,9,9.4,2,16.7,10,83.3,0,0,2,16.7,0,0,0,0,2,0.25,15.8,-2.66,-0.105,20.8,31.9,47.2,0,12.8,17.6,1.42,1.96,-0.54,0.18,0.24,17.6
2025,181,Will Dissly,LAC,TE,6,Cover 1,20.238095238095237,46.666666666666664,12.5,17,21.3,7,10,2.82,0.41,5.29,37,6.8,48,10.5,6.86,12,4,57.1,35,8.75,10,2.5,0,0.02,0,0,0,0,3,0.176,78.3,5,10.4,1,14.3,7,100,0,0,1,14.3,3,1,33.3,0,0,0,38.9,-0.42,0.146,11.8,17.6,70.6,0,8.8,10.7,1.47,1.79,-0.32,0.52,0.63,10.7
2025,182,Tanner Hudson,CIN,TE,5,Cover 2,21.69811320754717,25,15.2,23,17,6,4.8,2.09,0.26,3.67,22,3.5,48,6.3,8,8,6,100,26,4.33,7,1.17,0,0.01,0,0,0,0,2,0.087,100,5,7.4,0,0,6,100,0,0,0,0,0,0,0,0,0,0,28.6,1.81,0.281,21.7,43.5,30.4,4.3,10.8,10.2,2.16,2.03,0.13,0.47,0.44,10.2
2025,183,Tommy Tremble,CAR,TE,4,Cover 2,15.891472868217054,19.444444444444446,56.8,41,50.6,7,9.6,1.15,0.17,2.86,20,4.7,47,8.7,6.71,6.71,7,100,27,3.86,14,2,0,0.01,0,0,0,0,1,0.024,94.6,6,16.7,1,14.3,7,100,0,0,0,0,0,0,0,0,0,0,20.6,0.27,0.222,22,34.1,41.5,2.4,11.7,12,2.92,3,-0.08,0.29,0.29,12
2025,184,Jeremy Ruckert,NYJ,TE,5,Cover 2,18.497109826589593,21.428571428571427,36.1,32,26.9,6,6.7,1.47,0.19,3.33,20,4,47,8.7,7.83,9.4,5,83.3,20,4,8,1.6,0,0.03,0,0,0,0,2,0.063,91.7,3,6.1,0,0,6,100,0,0,1,16.7,0,0,0,0,0,0,18.2,1.67,0.047,15.6,18.8,62.5,3.1,9.7,10.3,1.94,2.05,-0.11,0.3,0.32,10.3
2025,185,Jackson Hawes,BUF,TE,6,Cover 3,46.590909090909086,42.10526315789473,29.7,41,18.7,8,4.5,1.15,0.2,2.63,21,1.9,47,3,5.88,6.71,7,87.5,36,5.14,10,1.43,0,0.43,0,1,0,0,5,0.122,91.1,2,1.9,0,0,7,87.5,0,0,0,0,0,0,0,0,0,0,16.3,-0.13,0.403,7.3,19.5,73.2,0,11.7,14.3,1.95,2.38,-0.43,0.29,0.35,14.3
2025,186,Brevyn Spann-Ford,DAL,TE,5,Cover 3,30,46.15384615384615,17.9,21,13,6,3.9,2.19,0.29,6.67,40,2.9,46,3.7,7.67,9.2,5,83.3,22,4.4,4,0.8,0,0.38,0,1,0,0,1,0.048,59,4,4.2,0,0,5,83.3,0,25,0,0,0,0,0,0,0,0,23.1,0.14,-0.431,4.8,33.3,61.9,0,9.6,11,1.92,2.19,-0.27,0.46,0.52,11
2025,187,Colston Loveland,CHI,TE,5,Cover 4,13.202247191011235,10.126582278481013,61.7,47,63.5,8,11.4,0.98,0.17,6,48,6.3,46,8,5.75,6.57,7,87.5,22,3.14,3,0.43,0,0.1,0,1,0,0,1,0.021,95.3,5,12.2,0,0,8,100,0,0,0,0,2,1,50,0,1,0.14,20,-1.29,0.074,27.7,34,38.3,0,11.6,13.3,2.32,2.67,-0.35,0.25,0.28,13.3
2025,188,Tanner Hudson,CIN,TE,4,Cover 1,18.867924528301888,20.833333333333336,17.5,20,23.3,5,6.3,2.25,0.25,11.8,59,7.4,45,9,9,11.25,4,80,12,3,8,2,1,0.23,10,2,2,1,2,0.1,143.8,2,3.2,0,0,4,80,2,33.3,0,0,1,1,100,1,0,0,26.3,0.06,0.676,15,40,45,0,14.5,9,3.63,2.25,1.38,0.72,0.45,9
2025,189,John Bates,WAS,TE,5,Cover 3,32.52032520325203,40,35.4,40,24.8,6,4.8,1.13,0.15,5,30,3.7,45,4.9,7.5,11.25,4,66.7,28,7,4,1,0,0.01,0,0,0,0,2,0.05,88.9,4,5.3,0,0,5,83.3,0,0,0,0,1,0,0,0,0,0,12.5,0.61,0.416,0,10,90,0,8.5,8.3,1.7,1.67,0.03,0.21,0.21,8.3
2025,190,Tanner Hudson,CIN,TE,5,Cover 4,11.320754716981133,20.833333333333336,17.3,12,22.2,5,10,3.67,0.42,4,20,6.1,44,10.8,8.8,8.8,5,100,24,4.8,13,2.6,0,0.03,0,0,0,0,1,0.083,103.3,4,11.4,0,0,5,100,0,0,0,0,0,0,0,0,1,0.2,45.5,2.6,0.558,8.3,66.7,25,0,9.4,8.5,1.88,1.71,0.17,0.78,0.71,8.5
2025,191,T.J. Hockenson,MIN,TE,5,Cover 1,21.447721179624665,10.606060606060606,78.8,80,76.9,7,7.9,0.55,0.09,5.14,36,3.8,44,8.3,6.29,7.33,6,85.7,31,5.17,19,3.17,0,0.88,0,1,1,0,3,0.037,92.9,5,7.7,2,28.6,7,100,1,0,0,0,0,0,0,0,1,0.17,10.3,-0.67,0.415,23.8,26.3,50,0,10.4,17.4,2.08,3.49,-1.41,0.13,0.22,17.4
2025,192,Cole Kmet,CHI,TE,3,Cover 2,13.680781758957655,11.11111111111111,64,42,51.9,5,7,1.05,0.12,2.8,14,3.7,44,11.8,8.8,8.8,5,100,30,6,13,2.6,0,0.04,0,0,0,0,2,0.048,103.3,3,8.8,0,0,5,100,0,0,0,0,0,0,0,0,1,0.2,13.5,2.56,0.465,23.8,16.7,59.5,0,9.4,9.6,3.13,3.21,-0.08,0.22,0.23,9.6
2025,193,Jake Tonges,SF,TE,5,Cover 4,23.74429223744292,20,43.3,52,43,9,8.3,0.85,0.17,2.67,24,3.1,44,6,4.89,7.33,6,66.7,41,6.83,7,1.17,0,0.03,0,1,0,0,1,0.019,78,8,11,3,33.3,6,66.7,0,0,0,0,0,0,0,0,0,0,18.4,-1.77,-0.08,5.8,32.7,61.5,0,10.4,9.9,2.08,1.97,0.11,0.2,0.19,9.9
2025,194,Michael Mayer,LV,TE,7,Cover 4,17.703349282296653,22.448979591836736,43.7,37,45.7,11,16.7,1.19,0.3,2.55,28,6.6,44,13.5,4,5.5,8,72.7,39,4.88,16,2,0,0.06,0,2,0,0,3,0.081,41.5,9,20,3,27.3,9,81.8,0,0,0,0,1,0,0,0,0,0,31.4,-2.73,-0.493,10.8,29.7,59.5,0,12.4,13.6,1.77,1.94,-0.17,0.34,0.37,13.6
2025,195,Jackson Hawes,BUF,TE,2,Cover 1,18.181818181818183,15.789473684210526,14.9,16,10.4,3,2.3,2.75,0.19,6.67,20,1.9,44,4.6,14.67,14.67,3,100,24,8,16,5.33,0,0.01,0,0,0,0,2,0.125,118.8,1,1,0,0,3,100,0,0,0,0,0,0,0,0,1,0.33,17.6,7.73,0.649,0,6.3,93.8,0,7.4,5.9,3.7,2.93,0.77,0.46,0.37,5.9
2025,196,Jackson Hawes,BUF,TE,3,Cover 6,6.8181818181818175,15.789473684210526,20,6,15,3,9.4,7.33,0.5,9.67,29,9.8,44,13.1,14.67,22,2,66.7,18,9,2,1,1,0.28,50,0,0,0,2,0.333,149.3,0,0,0,0,3,100,1,50,1,33.3,0,0,0,0,0,0,42.9,7.01,1.484,0,33.3,66.7,0,12.4,7.9,4.13,2.63,1.5,2.07,1.31,7.9
2025,197,Travis Kelce,KC,TE,7,Cover 0,4.305283757338552,7.6923076923076925,96.2,22,84.6,8,32,1.95,0.36,4.38,35,29.7,43,41.7,5.38,6.14,7,87.5,12,1.71,7,1,1,1.3,14.3,2,0,0,4,0.182,89.1,8,40,0,0,8,100,0,0,1,12.5,0,0,0,0,0,0,33.3,-1.03,-0.244,9.1,68.2,22.7,0,17.3,21,2.47,3,-0.53,0.79,0.95,21
2025,198,David Njoku,CLV,TE,3,Cover 1,25.968992248062015,13.333333333333334,51,67,54.5,6,5.5,0.64,0.09,6.67,40,4.9,43,7.1,7.17,8.6,5,83.3,23,4.6,14,2.8,0,0.05,0,1,0,0,3,0.045,56.9,5,6.3,0,0,5,83.3,1,0,0,0,1,1,100,0,0,0,9.8,-0.04,-0.928,26.9,37.3,35.8,0,9.3,7.8,3.1,2.61,0.49,0.14,0.12,7.8
2025,199,Pat Freiermuth,PIT,TE,8,Cover 3,19.865319865319865,16.9811320754717,44.9,59,37.8,9,6.3,0.73,0.15,3.67,33,5.5,43,5.1,4.78,7.17,6,66.7,33,5.5,19,3.17,0,0.01,0,0,0,0,2,0.034,77.5,4,4.2,1,11.1,7,77.8,0,0,1,11.1,0,0,0,0,1,0.17,14.3,-1.55,0.203,22,52.5,25.4,0,10.3,11.6,1.29,1.45,-0.16,0.17,0.2,11.6
2025,200,Tucker Kraft,GB,TE,3,Cover 4,12.105263157894736,7.317073170731707,40.7,23,60.5,3,8.8,1.87,0.13,5,15,5.6,43,16.7,14.33,14.33,3,100,28,9.33,8,2.67,0,0.02,0,0,0,0,2,0.087,118.8,3,15,2,66.7,3,100,1,33.3,0,0,0,0,0,0,0,0,11.5,6.28,0.653,26.1,34.8,39.1,0,7.3,6.9,2.43,2.29,0.14,0.32,0.3,6.9
2025,201,Cade Stover,HST,TE,4,Cover 3,34.32835820895522,31.25,15.5,23,28.7,5,7,1.87,0.22,2.6,13,2.3,43,8,8.6,8.6,5,100,30,6,10,2,0,0.17,0,1,0,0,2,0.087,102.5,5,11.6,0,0,5,100,0,0,0,0,1,1,100,0,0,0,20.8,2.48,0.554,13,0,87,0,9.3,8.7,2.33,2.16,0.17,0.4,0.38,8.7
2025,202,Noah Gray,KC,TE,4,Cover 2,9.345794392523365,12.121212121212121,49.1,20,40,4,9.3,2.1,0.2,2,8,3.9,42,10.6,10.5,10.5,4,100,34,8.5,8,2,0,0.01,0,0,0,0,2,0.1,110.4,3,11.5,1,25,4,100,0,25,0,0,0,0,0,0,1,0.25,17.4,4.08,0.477,5,25,70,0,8.2,7.1,2.05,1.77,0.28,0.41,0.35,7.1
2025,203,Luke Schoonmaker,DAL,TE,4,Cover 6,13.533834586466165,17.391304347826086,29.3,18,22,4,5.2,2.33,0.22,3.5,14,2.5,42,8.2,10.5,14,3,75,31,10.33,8,2.67,0,0.02,0,0,0,0,2,0.111,108.3,2,4.3,0,0,4,100,0,33.3,1,25,0,0,0,0,0,0,18.2,4.19,0.582,16.7,27.8,55.6,0,7.2,6.9,1.8,1.72,0.08,0.4,0.38,6.9
2025,204,Darnell Washington,PIT,TE,4,Cover 1,11.538461538461538,13.953488372093023,30.4,21,21.6,6,6.6,2,0.29,3.83,23,2.5,42,7,7,14,3,50,32,10.67,1,0.33,0,0.11,0,1,0,0,2,0.095,72.9,4,5.8,1,16.7,5,83.3,0,50,2,33.3,0,0,0,0,1,0.33,20.7,0.52,0.198,23.8,9.5,66.7,0,7.2,9.3,1.8,2.32,-0.52,0.34,0.44,9.3
2025,205,Tyler Warren,IND,TE,6,Cover 6,14.374999999999998,7.547169811320755,93.7,69,87.3,8,11.4,0.61,0.12,5.13,41,6.6,42,8.9,5.25,7,6,75,17,2.83,7,1.17,0,0.03,0,0,0,0,2,0.029,86.5,7,13.2,1,12.5,7,87.5,0,0,0,0,2,1,50,0,0,0,12.7,-1.87,0.089,10.1,42,46.4,1.4,10.2,11.6,1.7,1.93,-0.23,0.15,0.17,11.6
2025,206,Darren Waller,MIA,TE,5,Cover 2,14.864864864864865,17.647058823529413,22.4,22,42.3,6,13.3,1.86,0.27,8.83,53,20.5,41,11.2,6.83,10.25,4,66.7,17,4.25,2,0.5,0,0,0,0,0,0,2,0.091,86.1,4,14.3,1,16.7,4,66.7,1,25,0,0,1,1,100,0,0,0,31.6,-1.69,0.281,27.3,50,22.7,0,8.1,6.4,1.62,1.28,0.34,0.37,0.29,6.4
2025,207,Hunter Henry,NE,TE,4,Cover 6,7.900677200902935,4.761904761904762,86.4,35,79.5,4,12.1,1.17,0.11,10,40,11.4,41,16.8,10.25,13.67,3,75,7,2.33,2,0.67,0,0.07,0,0,0,0,3,0.086,107.3,1,5,0,0,4,100,1,33.3,1,25,2,1,50,0,0,0,15.4,2.21,0.464,22.9,45.7,31.4,0,7.1,7.2,1.77,1.79,-0.02,0.2,0.2,7.2
2025,208,Adam Trautman,DEN,TE,4,Cover 4,21.084337349397593,17.391304347826086,46.6,35,30.2,4,3.8,1.17,0.11,8.25,33,4.1,41,6.4,10.25,10.25,4,100,8,2,1,0.25,0,0.04,0,0,0,0,3,0.086,109.4,3,4.5,0,0,4,100,0,0,0,0,2,2,100,0,0,0,8.5,2.56,0.703,11.4,37.1,51.4,0,8.1,7,2.02,1.74,0.28,0.23,0.2,7
2025,209,Noah Gray,KC,TE,6,Cover 3,33.177570093457945,21.21212121212121,49.7,71,39,7,4.7,0.58,0.1,6.86,48,4,41,3.3,5.86,10.25,4,57.1,16,4,3,0.75,0,0.02,0,0,0,0,2,0.028,74.1,6,6.5,0,0,6,85.7,0,0,2,28.6,1,1,100,0,0,0,10.3,-1.57,-0.056,9.9,28.2,60.6,1.4,8.1,10.8,1.35,1.81,-0.46,0.11,0.15,10.8
2025,210,Luke Farrell,SF,TE,5,Cover 3,34.710743801652896,41.66666666666667,29.1,42,21.1,5,2.8,0.98,0.12,4.6,23,1.7,41,2.5,8.2,8.2,5,100,18,3.6,7,1.4,0,0.04,0,1,0,0,4,0.095,100.8,4,3.3,0,0,5,100,0,0,0,0,3,3,100,0,0,0,11.4,1.49,1.164,7.1,16.7,76.2,0,9.1,6.8,1.82,1.36,0.46,0.22,0.16,6.8
2025,211,Ja'Tavion Sanders,CAR,TE,7,Cover 3,31.27962085308057,26.47058823529412,39.9,66,44,9,7,0.62,0.14,5.78,52,6.3,41,4.9,4.56,6.83,6,66.7,24,4,15,2.5,0,0.07,0,1,0,0,1,0.015,76.6,7,9.7,1,11.1,9,100,0,0,1,11.1,2,0,0,0,3,0.5,15.8,-2.64,-0.156,15.2,56.1,28.8,0,10.1,15.5,1.44,2.21,-0.77,0.15,0.23,15.5
2025,212,Gunnar Helm,TEN,TE,6,Cover 2,14.347826086956522,12.962962962962962,44.1,33,33.7,7,8.1,1.24,0.21,2.86,20,3.5,41,8.1,5.86,6.83,6,85.7,22,3.67,7,1.17,0,0.02,0,0,0,0,1,0.03,91.1,6,12,2,28.6,7,100,0,0,1,14.3,1,1,100,0,0,0,20.6,-0.57,0.02,3,30.3,66.7,0,10.1,11.5,1.68,1.91,-0.23,0.31,0.35,11.5
2025,213,Grant Calcaterra,PHI,TE,3,Cover 1,17.142857142857142,38.46153846153847,26,18,20.5,5,6.6,2.22,0.28,4.8,24,3.2,40,7.8,8,10,4,80,28,7,7,1.75,0,0.01,0,1,1,0,2,0.111,100,3,5.1,0,0,4,80,0,0,0,0,1,1,100,0,0,0,25,1.25,-0.185,16.7,22.2,61.1,0,8,5.7,2.67,1.9,0.77,0.44,0.32,5.7
2025,214,Cade Otton,TB,TE,4,Cover 6,6.904231625835189,7.5,85.4,31,72.1,6,16.2,1.29,0.19,4,24,6.2,40,9.4,6.67,6.67,6,100,16,2.67,7,1.17,0,0.02,0,0,0,0,1,0.032,94.4,2,9.5,0,0,6,100,0,0,0,0,2,2,100,0,0,0,18.2,0.15,-0.078,25.8,51.6,22.6,0,10,9,2.5,2.25,0.25,0.32,0.29,9
2025,215,Dalton Kincaid,BUF,TE,5,Cover 6,9.497206703910614,12.244897959183673,42.5,17,60.7,6,27.3,2.35,0.35,2.67,16,11.8,40,23,6.67,8,5,83.3,34,6.8,12,2.4,0,0.01,0,0,0,0,1,0.059,94.4,6,42.9,2,33.3,5,83.3,0,20,0,0,0,0,0,0,0,0,46.2,0.51,0.067,23.5,52.9,23.5,0,9,8.2,1.8,1.65,0.15,0.53,0.49,8.2
2025,216,AJ Barner,SEA,TE,7,Cover 6,11.695906432748536,12.5,84.6,40,76.9,8,16.7,1,0.2,4,32,9.5,40,13.2,5,6.67,6,75,23,3.83,17,2.83,0,0.02,0,0,0,0,1,0.025,85.4,5,16.1,0,0,7,87.5,0,0,1,12.5,0,0,0,0,1,0.17,21.1,-1.4,0.067,0,12.5,87.5,0,10,11.8,1.43,1.69,-0.26,0.25,0.3,11.8
2025,217,Ben Sinnott,WAS,TE,4,Cover 3,35.35353535353536,38.46153846153847,21.9,35,19.4,5,3.5,1.14,0.14,3.6,18,1.8,40,3.6,8,8,5,100,22,4.4,6,1.2,0,0.01,0,0,0,0,1,0.029,100,2,2.4,0,0,5,100,0,20,0,0,1,1,100,0,0,0,17.9,1.39,0.343,2.9,17.1,77.1,2.9,9,7.9,2.25,1.99,0.26,0.26,0.23,7.9
2025,218,Tyler Higbee,LA,TE,6,Cover 1,27.167630057803464,25,37.7,47,55.3,9,11.1,0.83,0.19,2.56,23,3,39,6.4,4.33,7.8,5,55.6,35,7,9,1.8,0,0.05,0,0,0,0,3,0.064,66.4,7,11.5,2,22.2,7,77.8,0,20,1,11.1,2,0,0,0,0,0,20,-1.78,-0.125,14.9,29.8,53.2,2.1,8.9,10.5,1.48,1.74,-0.26,0.19,0.22,10.5
2025,219,Taysom Hill,NO,TE,3,Cover 4,21.518987341772153,31.25,11.9,17,12.9,5,4.2,2.29,0.29,6.6,33,3.4,39,4.1,7.8,9.75,4,80,34,8.5,7,1.75,0,0.05,0,0,1,0,1,0.059,99.2,4,4.7,1,20,4,80,1,0,0,0,0,0,0,0,0,0,29.4,-0.08,0.474,23.5,41.2,11.8,23.5,7.9,7.1,2.63,2.35,0.28,0.46,0.42,7.1
2025,220,Mark Andrews,BLT,TE,4,Cover 6,7.886435331230284,8.955223880597014,81.1,25,67.6,6,18.8,1.56,0.24,5.17,31,18.8,39,17.3,6.5,7.8,5,83.3,13,2.6,8,1.6,0,0.02,0,0,0,0,2,0.08,93.8,5,22.7,0,0,6,100,0,0,0,0,1,0,0,0,1,0.2,26.1,-0.2,0.47,16,76,8,0,8.9,10,2.23,2.51,-0.28,0.36,0.4,10
2025,221,Noah Gray,KC,TE,8,Cover 1,19.626168224299064,36.36363636363637,32.7,42,26.9,12,9,0.93,0.29,3.67,44,3.9,39,5.9,3.25,4.88,8,66.7,30,3.75,17,2.13,0,0.08,0,1,0,0,2,0.048,71.2,8,8.6,2,16.7,8,66.7,0,0,0,0,2,2,100,0,0,0,26.7,-3.4,-0.306,16.7,28.6,52.4,2.4,11.9,12.1,1.49,1.51,-0.02,0.28,0.29,12.1
2025,222,Gunnar Helm,TEN,TE,6,Cover 1,17.82608695652174,14.814814814814813,45.9,41,39.4,8,9.2,0.95,0.2,4.75,38,5,39,7.9,4.88,6.5,6,75,19,3.17,6,1,0,0.02,0,1,0,0,2,0.049,84.9,6,11.8,0,0,7,87.5,0,0,0,0,2,1,50,0,0,0,23.5,-1.79,0.006,17.1,39,43.9,0,9.9,10.6,1.65,1.77,-0.12,0.24,0.26,10.6
2025,223,Brevyn Spann-Ford,DAL,TE,4,Cover 2,18.571428571428573,30.76923076923077,16.5,13,11.3,4,3.9,2.92,0.31,14.75,59,7.3,38,4.3,9.5,19,2,50,13,6.5,5,2.5,0,0.01,0,0,0,0,2,0.154,83.3,4,7.5,0,0,3,75,1,50,0,0,2,1,50,0,1,0.5,26.7,-0.14,0.537,7.7,30.8,61.5,0,5.8,5.8,1.45,1.44,0.01,0.45,0.44,5.8
2025,224,Theo Johnson,NYG,TE,7,Cover 4,11.194029850746269,9.58904109589041,74.1,45,64.3,7,11.9,0.84,0.16,10.43,73,14.3,38,9,5.43,9.5,4,57.1,22,5.5,9,2.25,0,0.25,0,1,1,0,1,0.022,72.3,5,13.5,2,28.6,7,100,1,33.3,2,28.6,5,2,40,1,0,0,14.9,-3.77,-0.222,8.9,68.9,13.3,8.9,7.8,11.3,1.11,1.62,-0.51,0.17,0.25,11.3
2025,225,Harold Fannin,CLV,TE,5,Cover 6,8.436724565756824,5.769230769230769,67.2,34,65.4,6,13,1.12,0.18,1.5,9,3.4,38,12.1,6.33,6.33,6,100,29,4.83,8,1.33,0,0.01,0,0,0,0,2,0.059,93.1,3,11.1,1,16.7,6,100,0,0,0,0,0,0,0,0,2,0.33,20,0.53,0.484,11.8,47.1,41.2,0,9.8,10,1.96,1.99,-0.03,0.29,0.29,10
2025,226,Jonnu Smith,PIT,TE,6,Cover 4,13.91941391941392,13.461538461538462,51.7,38,43.7,7,8.5,0.97,0.18,5.86,41,8.9,37,7.2,5.29,7.4,5,71.4,34,6.8,14,2.8,0,0.07,0,0,0,0,1,0.026,83.6,7,11.7,4,57.1,6,85.7,1,20,1,14.3,0,0,0,0,0,0,16.3,-2.36,0.314,21.1,50,26.3,2.6,8.7,12,1.45,2,-0.55,0.23,0.32,12
2025,227,Jonnu Smith,PIT,TE,5,Cover 6,11.355311355311356,11.538461538461538,59.1,31,47,6,9.5,1.19,0.19,1.17,7,2.4,37,6.9,6.17,7.4,5,83.3,34,6.8,9,1.8,0,0.04,0,1,0,0,1,0.032,92.4,3,8.8,1,16.7,6,100,0,0,0,0,1,0,0,0,1,0.2,17.1,0.15,0.254,9.7,54.8,35.5,0,8.7,9.4,1.74,1.88,-0.14,0.28,0.3,9.4
2025,228,David Njoku,CLV,TE,3,Cover 2,11.24031007751938,8.88888888888889,39.8,29,50.9,4,7.4,1.28,0.14,3.5,14,5.7,37,14.3,9.25,9.25,4,100,23,5.75,11,2.75,0,0.01,0,0,0,0,0,0,105.2,4,13.8,1,25,4,100,0,0,0,0,0,0,0,0,0,0,13.3,3,0.477,6.9,41.4,51.7,0,7.7,7,2.57,2.34,0.23,0.27,0.24,7
2025,229,Mike Gesicki,CIN,TE,2,Cover 6,9.243697478991598,4.761904761904762,36.4,22,40.7,2,4.1,1.68,0.09,18.5,37,11.3,37,10.7,18.5,37,1,50,14,14,7,7,0,0.01,0,0,0,0,1,0.045,56.3,2,5.7,0,0,1,50,1,100,0,0,0,0,0,0,0,0,9.5,7.51,-1.35,4.5,95.5,0,0,4.7,3.7,2.35,1.83,0.52,0.21,0.17,3.7
2025,230,Daniel Bellinger,NYG,TE,2,Cover 4,11.224489795918368,19.230769230769234,38.3,22,29.3,5,8.1,1.68,0.23,5.8,29,5.8,37,8.6,7.4,9.25,4,80,20,5,6,1.5,0,0.43,0,2,0,0,1,0.045,97.5,3,7.7,0,0,5,100,0,0,0,0,1,0,0,0,0,0,21.7,0.13,0.319,18.2,40.9,22.7,18.2,7.7,11,3.85,5.48,-1.63,0.35,0.5,11
2025,231,Luke Schoonmaker,DAL,TE,4,Cover 4,17.293233082706767,17.391304347826086,32.7,23,20.9,4,4.2,1.61,0.17,2,8,1,37,5.4,9.25,9.25,4,100,29,7.25,9,2.25,0,0.04,0,1,0,0,2,0.087,105.2,3,5,0,0,4,100,0,0,0,0,0,0,0,0,0,0,16,3.57,0.761,13,13,73.9,0,7.7,6.7,1.93,1.68,0.25,0.33,0.29,6.7
2025,232,Sam LaPorta,DET,TE,4,Cover 1,17.46724890829694,10.204081632653061,42,40,74.1,5,10.4,0.93,0.13,8.6,43,10.6,37,9.2,7.4,12.33,3,60,7,2.33,3,1,0,0,0,1,0,0,2,0.05,82.9,4,10,0,0,3,60,0,33.3,0,0,1,1,100,0,1,0.33,12.5,-0.4,0.242,17.5,52.5,30,0,6.7,5.6,1.68,1.4,0.28,0.17,0.14,5.6
2025,233,Michael Mayer,LV,TE,6,Cover 2,12.440191387559809,14.285714285714285,46.4,26,35.6,7,10.9,1.42,0.27,3,21,5.3,37,9.6,5.29,9.25,4,57.1,22,5.5,7,1.75,0,0,0,0,0,0,1,0.038,32.1,5,11.6,0,0,4,57.1,0,0,0,0,1,0,0,0,1,0.25,21.2,-0.92,-1.068,15.4,11.5,73.1,0,7.7,6.9,1.28,1.15,0.13,0.3,0.26,6.9
2025,234,Brock Bowers,LV,TE,2,Bracket,1.8567639257294428,2.4096385542168677,100,7,100,2,33.3,5.29,0.29,11,22,44,37,52.9,18.5,18.5,2,100,16,8,1,0.5,1,0.27,100,1,1,1,2,0.286,158.3,2,66.7,0,0,2,100,0,100,0,0,1,1,100,1,0,0,33.3,9.53,2.535,14.3,28.6,57.1,0,11.7,5,5.85,2.52,3.33,1.67,0.72,5
2025,235,Hunter Henry,NE,TE,4,Cover 4,11.512415349887133,5.952380952380952,82.9,51,72.9,5,8.3,0.71,0.1,8.2,41,6.3,36,6.7,7.2,9,4,80,4,1,1,0.25,0,0.08,0,1,0,0,1,0.02,96.7,4,8.9,0,0,5,100,0,0,0,0,3,2,66.7,0,0,0,10,-0.46,0.465,7.8,47.1,39.2,5.9,7.6,8.4,1.9,2.1,-0.2,0.15,0.16,8.4
2025,236,Dawson Knox,BUF,TE,4,Cover 4,11.347517730496454,10.416666666666668,61.7,32,53.3,5,9.6,1.13,0.16,9.2,46,12.9,36,9.7,7.2,9,4,80,11,2.75,6,1.5,1,0.77,25,2,1,1,3,0.094,136.3,3,8.6,0,0,4,80,1,0,0,0,1,0,0,0,1,0.25,17.9,-0.97,0.987,12.5,34.4,53.1,0,13.6,11.3,3.4,2.82,0.58,0.42,0.35,11.3
2025,237,Colby Parkinson,LA,TE,3,Cover 6,7.725321888412018,7.2727272727272725,40.7,18,36,4,8.5,2,0.22,4.25,17,3.7,36,6.8,9,9,4,100,19,4.75,6,1.5,0,0.02,0,1,0,0,3,0.167,104.2,1,4,0,0,4,100,0,0,0,0,1,1,100,0,0,0,19,2.5,0.592,16.7,5.6,77.8,0,7.6,6.5,2.53,2.16,0.37,0.42,0.36,6.5
2025,238,Tommy Tremble,CAR,TE,3,Cover 4,20.155038759689923,16.666666666666664,52.5,52,44.1,6,5.7,0.69,0.12,3.67,22,4.2,36,5.4,6,9,4,66.7,29,7.25,12,3,0,0.05,0,0,0,0,2,0.038,82.6,5,7.4,0,0,4,66.7,0,0,0,0,2,1,50,0,0,0,11.8,-0.55,0.1,11.5,38.5,46.2,3.8,7.6,6.7,2.53,2.23,0.3,0.15,0.13,6.7
2025,239,Trey McBride,ARZ,TE,3,Bracket,1.6491754122938531,1.8181818181818181,84.6,11,84.6,3,30,3.27,0.27,14.33,43,58.9,36,31.6,12,18,2,66.7,14,7,5,2.5,1,0.54,33.3,2,2,1,2,0.182,147.2,2,28.6,0,0,2,66.7,1,0,0,0,1,1,100,0,0,0,42.9,3.37,1.434,18.2,81.8,0,0,11.6,5.9,3.87,1.95,1.92,1.05,0.53,5.9
2025,240,Ben Sinnott,WAS,TE,1,Cover 0,4.040404040404041,7.6923076923076925,19.2,4,16.7,1,4.5,9,0.25,22,22,14,36,28.1,36,36,1,100,14,14,6,6,0,0.02,0,0,0,0,1,0.25,118.8,1,5.3,0,0,1,100,1,100,0,0,0,0,0,0,0,0,25,25.43,1.222,25,0,75,0,4.6,3.7,4.6,3.72,0.88,1.15,0.93,3.7
2025,241,Jake Tonges,SF,TE,4,Cover 6,11.87214611872146,8.88888888888889,43.5,26,41.9,4,6.8,1.35,0.15,9.75,39,11.7,35,10.5,8.75,11.67,3,75,10,3.33,4,1.33,0,0.03,0,0,0,0,3,0.115,101,3,10.3,0,0,3,75,0,0,0,0,1,1,100,0,0,0,14.3,0.1,0.445,7.7,19.2,69.2,3.8,6.5,5.9,1.63,1.47,0.16,0.25,0.23,5.9
2025,242,David Njoku,CLV,TE,4,Cover 6,10.852713178294573,15.555555555555555,55.2,28,60.9,7,16.7,1.21,0.25,4.71,33,13,34,11.8,4.86,6.8,5,71.4,18,3.6,9,1.8,0,0.01,0,0,0,0,0,0,81.8,6,23.1,0,0,6,85.7,0,0,1,14.3,0,0,0,0,0,0,25,-1.98,-0.069,10.7,25,64.3,0,8.4,9.9,2.1,2.48,-0.38,0.3,0.35,9.9
2025,243,Josh Oliver,MIN,TE,3,Cover 2,17.475728155339805,16.666666666666664,25.5,18,21.7,3,4.4,1.89,0.17,4.67,14,3.3,34,6.4,11.33,11.33,3,100,20,6.67,4,1.33,0,0.06,0,1,0,0,2,0.111,113.9,1,2.4,0,0,3,100,0,0,0,0,1,1,100,0,0,0,15,4.55,0.854,22.2,27.8,50,0,6.4,4.7,2.13,1.57,0.56,0.36,0.26,4.7
2025,244,Drew Sample,CIN,TE,3,Cover 6,14.659685863874344,23.52941176470588,57.6,28,42.4,4,6.6,1.21,0.14,1.75,7,1.8,34,7,8.5,8.5,4,100,27,6.75,6,1.5,0,0.01,0,0,0,0,1,0.036,102.1,1,2.4,0,0,4,100,0,0,0,0,1,1,100,0,0,0,11.4,2.91,0.323,7.1,10.7,60.7,21.4,7.4,5.7,2.47,1.91,0.56,0.26,0.21,5.7
2025,245,Tanner Conner,MIA,TE,2,Cover 3,29.166666666666668,26.666666666666668,19.3,28,26.2,4,4,1.21,0.14,8.75,35,4.7,34,5.1,8.5,11.33,3,75,19,6.33,9,3,0,0.03,0,1,0,0,1,0.036,60.4,1,1.5,0,0,3,75,1,50,0,0,0,0,0,0,0,0,11.8,0.46,-0.605,14.3,35.7,50,0,6.4,6.1,3.2,3.05,0.15,0.23,0.22,6.1
2025,246,Elijah Higgins,ARZ,TE,2,Cover 6,9.67741935483871,5.714285714285714,36.4,27,35.1,2,3.3,1.26,0.07,0,0,0,34,8.1,17,17,2,100,34,17,9,4.5,0,0.01,0,0,0,0,1,0.037,118.8,0,0,0,0,2,100,0,50,0,0,0,0,0,0,2,1,10,11.39,1.362,11.1,48.1,40.7,0,5.4,3.3,2.7,1.65,1.05,0.2,0.12,3.3
2025,247,Ben Sinnott,WAS,TE,2,Cover 2,12.121212121212121,38.46153846153847,19.5,12,17.1,5,8.8,2.83,0.42,8.4,42,9.5,34,7.4,6.8,8.5,4,80,17,4.25,10,2.5,0,0.01,0,0,0,0,2,0.167,95,5,14.3,0,0,4,80,1,0,0,0,0,0,0,0,1,0.25,41.7,-0.24,-0.068,8.3,50,33.3,8.3,7.4,7.1,3.7,3.53,0.17,0.62,0.59,7.1
2025,248,Jackson Hawes,BUF,TE,3,Cover 0,6.8181818181818175,15.789473684210526,36.4,6,18.2,3,10.3,5.67,0.5,18.67,56,23.4,34,22.4,11.33,17,2,66.7,5,2.5,4,2,1,1.26,25,1,0,0,2,0.333,144.4,1,5,0,0,2,66.7,2,100,0,0,2,1,50,0,0,0,27.3,1.6,0.085,0,16.7,83.3,0,11.4,10.7,3.8,3.56,0.24,1.9,1.78,10.7
2025,249,Darren Waller,MIA,TE,3,Cover 4,15.54054054054054,11.76470588235294,32,23,53.5,4,10.5,1.43,0.17,13.5,54,22.5,33,9.8,8.25,16.5,2,50,16,8,1,0.5,0,0.04,0,0,0,0,2,0.087,78.1,2,9.1,0,0,2,50,1,50,0,0,1,1,100,0,1,0.5,21.1,-1.3,-0.024,34.8,39.1,26.1,0,5.3,3.3,1.77,1.11,0.66,0.23,0.14,3.3
2025,250,Tyler Conklin,LAC,TE,1,Cover 3,25.64102564102564,10,14,20,18.3,1,1.1,1.65,0.05,11,11,1.6,33,4.9,33,33,1,100,22,22,0,0,0,0,0,0,0,0,1,0.05,118.8,1,1.6,0,0,1,100,0,100,0,0,0,0,0,0,0,0,5.3,24.26,1.464,20,25,55,0,4.3,2.3,4.3,2.35,1.95,0.21,0.12,2.3
2025,251,Charlie Woerner,ATL,TE,2,Cover 4,18.421052631578945,50,35.1,21,27.3,4,5.5,1.57,0.19,2.75,11,2.3,33,7,8.25,8.25,4,100,22,5.5,19,4.75,0,0.08,0,1,0,0,1,0.048,101,1,2.1,0,0,4,100,0,0,0,0,2,2,100,0,2,0.5,16,1.86,0.364,4.8,14.3,38.1,42.9,7.3,6.2,3.65,3.08,0.57,0.35,0.29,6.2
2025,252,Brock Wright,DET,TE,4,Cover 3,43.24324324324324,44.44444444444444,36.5,48,35.6,8,6.5,0.69,0.17,2,16,2.2,33,3.6,4.13,6.6,5,62.5,29,5.8,9,1.8,1,1,14.3,1,0,0,3,0.063,110.9,4,5.1,0,0,6,75,0,0,0,0,1,0,0,0,0,0,14,-1.72,0.09,12.5,27.1,54.2,6.3,14.3,15.3,3.58,3.82,-0.24,0.3,0.32,15.3
2025,253,Theo Johnson,NYG,TE,6,Cover 6,9.701492537313433,12.32876712328767,80,39,79.6,9,21.4,0.85,0.23,6.22,56,14.9,33,19.5,3.67,6.6,5,55.6,18,3.6,2,0.4,0,0.02,0,1,0,0,2,0.051,63.7,7,25.9,1,11.1,7,77.8,0,0,1,11.1,1,1,100,0,0,0,25.7,-3.56,0.045,7.7,66.7,17.9,7.7,8.3,11.4,1.38,1.89,-0.51,0.21,0.29,11.4
2025,254,Gunnar Helm,TEN,TE,5,Cover 6,9.565217391304348,9.25925925925926,37.2,22,30.1,5,7.4,1.5,0.23,3.6,18,3.9,33,7.9,6.6,6.6,5,100,15,3,8,1.6,0,0.01,0,0,0,0,1,0.045,94.2,3,7.1,0,0,5,100,0,0,0,0,2,2,100,0,2,0.4,25,0.17,0.159,13.6,27.3,59.1,0,8.3,7,1.66,1.4,0.26,0.38,0.32,7
2025,255,Terrance Ferguson,LA,TE,5,Cover 4,15.432098765432098,20,22.1,25,33.8,5,7.2,1.32,0.2,21.4,107,15.4,33,6.8,6.6,16.5,2,40,1,0.5,1,0.5,1,0.68,100,0,2,1,1,0.04,102.5,4,8.9,0,0,2,40,3,50,0,0,0,0,0,0,0,0,23.8,-5.05,0.148,12,64,24,0,11.3,9,2.26,1.81,0.45,0.45,0.36,9
2025,256,Tyler Higbee,LA,TE,2,Cover 4,17.341040462427745,8.333333333333332,30.1,30,48.4,3,5.2,1.07,0.1,9.67,29,6.2,32,10.5,10.67,16,2,66.7,7,3.5,3,1.5,1,0.96,100,1,0,0,2,0.067,141.7,3,8.1,0,0,2,66.7,1,100,0,0,0,0,0,0,0,0,9.7,2.56,1.004,20,33.3,46.7,0,11.2,10.3,5.6,5.13,0.47,0.37,0.34,10.3
2025,257,Johnny Mundt,JAX,TE,5,Cover 4,22.807017543859647,33.33333333333333,32.4,26,25.7,6,6.7,1.23,0.23,8.67,52,6.5,32,5,5.33,10.67,3,50,24,8,1,0.33,0,0.06,0,0,0,0,1,0.038,66,2,3.1,0,0,5,83.3,0,0,1,16.7,2,0,0,0,0,0,18.8,-2.45,0.014,3.8,7.7,88.5,0,6.2,7.8,1.24,1.55,-0.31,0.24,0.3,7.8
2025,258,Tyler Conklin,LAC,TE,4,Cover 4,19.230769230769234,40,15.6,15,25.9,4,8,2.13,0.27,5.5,22,7.6,32,9.1,8,10.67,3,75,7,2.33,4,1.33,0,0.04,0,0,0,0,1,0.067,97.9,3,8.6,1,25,4,100,0,0,1,25,0,0,0,0,1,0.33,28.6,0.41,0.184,20,53.3,20,6.7,6.2,8,1.55,1.99,-0.44,0.41,0.53,8
2025,259,Josh Oliver,MIN,TE,1,Cover 0,2.912621359223301,5.555555555555555,38.5,3,30,1,11.1,10.67,0.33,15,15,22.1,32,56.1,32,32,1,100,17,17,0,0,1,0.61,50,0,0,0,1,0.333,158.3,1,11.1,0,0,1,100,0,100,0,0,0,0,0,0,0,0,25,21.36,3.26,0,0,100,0,10.2,6.3,10.2,6.32,3.88,3.4,2.11,6.3
2025,260,Cole Kmet,CHI,TE,2,Cover 6,9.446254071661238,4.444444444444445,66.7,29,46,2,3.7,1.1,0.07,8.5,17,4.4,32,7.2,16,16,2,100,15,7.5,1,0.5,0,0.02,0,0,0,0,1,0.034,118.8,1,3.8,0,0,2,100,0,50,0,0,0,0,0,0,0,0,5.9,7.5,0.759,20.7,24.1,51.7,3.4,5.2,4.4,2.6,2.21,0.39,0.18,0.15,4.4
2025,261,Chig Okonkwo,TEN,TE,2,Cover 2 Man,1.5957446808510638,2.5974025974025974,75,6,75,2,25,5.33,0.33,10,20,21.3,32,30.5,16,16,2,100,12,6,2,1,0,0,0,0,0,0,2,0.333,118.8,2,33.3,0,0,2,100,0,50,0,0,0,0,0,0,0,0,33.3,7,1.776,0,66.7,33.3,0,5.2,4.4,2.6,2.2,0.4,0.87,0.73,4.4
2025,262,Darnell Washington,PIT,TE,1,Prevent,1.098901098901099,4.651162790697675,40,2,40,2,40,16,1,3.5,7,9.2,32,62.7,16,16,2,100,25,12.5,11,5.5,0,0,0,0,0,0,1,0.5,118.8,0,0,0,0,2,100,0,0,0,0,0,0,0,0,1,0.5,100,9.57,1.372,0,0,100,0,5.2,3.5,5.2,3.55,1.65,2.6,1.77,3.5
2025,263,Davis Allen,LA,TE,4,Cover 6,11.1731843575419,12.121212121212121,37,20,37,4,8,1.6,0.2,4,16,3.3,32,5.5,8,10.67,3,75,14,4.67,6,2,0,0.01,0,0,0,0,1,0.05,97.9,1,3.8,0,0,4,100,0,33.3,1,25,0,0,0,0,0,0,23.5,1.03,0.298,35,5,60,0,6.2,7.5,1.55,1.86,-0.31,0.31,0.37,7.5
2025,264,Zach Ertz,WAS,TE,4,Cover 6,7.250755287009064,5.633802816901409,54.7,24,63.2,4,14.3,1.29,0.17,6,24,12,31,17.3,7.75,10.33,3,75,16,5.33,2,0.67,0,0.01,0,0,0,0,2,0.083,96.9,3,16.7,0,0,4,100,0,0,1,25,0,0,0,0,0,0,18.2,1.08,1.059,20.8,62.5,16.7,0,6.1,7.3,1.52,1.82,-0.3,0.25,0.3,7.3
2025,265,Mark Andrews,BLT,TE,5,Cover 2,16.7192429022082,8.955223880597014,65.3,53,55.8,6,7.8,0.58,0.11,6.33,38,8.4,31,5.7,5.17,7.75,4,66.7,8,2,7,1.75,0,0.02,0,0,0,0,2,0.038,79.2,6,15,0,0,4,66.7,0,0,0,0,0,0,0,0,0,0,12.2,-1.85,-0.137,15.1,75.5,9.4,0,7.1,7.5,1.42,1.5,-0.08,0.13,0.14,7.5
2025,266,Jake Tonges,SF,TE,3,Cover 1,11.87214611872146,11.11111111111111,29.8,26,27.4,5,5.5,1.19,0.19,11,55,7.5,31,4.9,6.2,10.33,3,60,9,3,3,1,1,0.58,12.5,2,1,1,3,0.115,117.5,2,3.4,0,0,5,100,0,0,0,0,2,0,0,0,0,0,17.2,-2.71,0.74,15.4,23.1,61.5,0,12.1,10.6,4.03,3.53,0.5,0.47,0.41,10.6
2025,267,Ja'Tavion Sanders,CAR,TE,3,Cover 6,7.5829383886255926,11.76470588235294,56.8,16,50,4,14.8,1.94,0.25,6.25,25,32.5,31,21.1,7.75,7.75,4,100,6,1.5,1,0.25,0,0.02,0,0,0,0,1,0.063,99,2,14.3,0,0,4,100,0,0,0,0,0,0,0,0,0,0,26.7,0.69,0.227,18.8,75,6.3,0,7.1,7.8,2.37,2.58,-0.21,0.44,0.48,7.8
2025,268,Mason Taylor,NYJ,TE,6,Cover 4,11.782477341389729,9.523809523809524,56.4,39,76.5,6,14.6,0.79,0.15,8.17,49,15.5,31,12.4,5.17,7.75,4,66.7,15,3.75,4,1,0,0,0,0,0,0,2,0.051,79.2,4,16,0,0,4,66.7,1,0,0,0,0,0,0,0,0,0,17.6,-2.61,0.081,15.4,35.9,48.7,0,7.1,6.8,1.18,1.14,0.04,0.18,0.17,6.8
2025,269,Terrance Ferguson,LA,TE,1,Cover 0,3.0864197530864197,4,20.6,5,16.7,1,3.4,6.2,0.2,35,35,16.9,31,28.2,31,31,1,100,0,0,0,0,1,0.88,7.1,0,1,1,1,0.2,158.3,1,3.8,0,0,1,100,1,100,0,0,0,0,0,0,0,0,14.3,31,4.917,0,60,40,0,10.1,9.5,10.1,9.5,0.6,2.02,1.9,9.5
2025,270,Johnny Mundt,JAX,TE,2,Cover 2,11.403508771929824,11.11111111111111,22.2,13,16.7,2,2.9,2.31,0.15,6,12,2.4,30,5,15,15,2,100,18,9,8,4,0,0.02,0,0,0,0,2,0.154,118.8,0,0,0,0,2,100,0,0,0,0,0,0,0,0,1,0.5,11.1,7.91,1.724,7.7,0,92.3,0,5,3.8,2.5,1.9,0.6,0.38,0.29,3.8
2025,271,Elijah Higgins,ARZ,TE,5,Cover 4,27.24014336917563,22.857142857142858,51.2,76,46.9,8,5.4,0.39,0.11,1.88,15,1.4,30,2.9,3.75,4.29,7,87.5,21,3,10,1.43,0,0.04,0,0,0,0,1,0.013,42.7,5,5.4,2,25,7,87.5,0,0,0,0,2,2,100,0,2,0.29,11.6,-2.6,-1.357,10.5,35.5,53.9,0,10,10.7,2,2.14,-0.14,0.13,0.14,10.7
2025,272,Taysom Hill,NO,TE,3,Cover 2,15.18987341772152,25,12.5,12,16.4,4,6.1,2.42,0.33,-0.75,-3,-0.6,29,6.1,7.25,9.67,3,75,33,11,9,3,0,0.02,0,0,0,0,1,0.083,94.8,2,5.4,2,50,4,100,0,0,1,25,0,0,0,0,0,0,36.4,1.12,0.113,25,50,8.3,16.7,5.9,6.5,1.97,2.17,-0.2,0.49,0.54,6.5
2025,273,Noah Fant,CIN,TE,3,Cover 6,7.772020725388601,12.82051282051282,25.8,15,25,5,8.9,1.93,0.33,8.2,41,12.1,29,6.4,5.8,9.67,3,60,7,2.33,4,1.33,0,0.01,0,0,0,0,1,0.067,76.3,4,10.3,0,0,3,60,1,33.3,0,0,0,0,0,0,0,0,29.4,-2.1,0.01,0,20,80,0,5.9,6.4,1.97,2.12,-0.15,0.39,0.42,6.4
2025,274,Adam Trautman,DEN,TE,3,Cover 2,13.855421686746988,17.391304347826086,40.8,23,22.3,4,4.2,1.26,0.17,4.75,19,3.2,29,4.9,7.25,9.67,3,75,13,4.33,5,1.67,0,0.01,0,0,0,0,2,0.087,94.8,2,3.8,0,0,4,100,0,0,1,25,0,0,0,0,0,0,10.8,0.71,0.166,4.3,30.4,65.2,0,5.9,6.9,1.97,2.31,-0.34,0.26,0.3,6.9
2025,275,Pat Freiermuth,PIT,TE,1,Cover 2 Man,4.377104377104377,1.8867924528301887,52,13,52,1,4.5,2.23,0.08,14,14,7.7,29,30.9,29,29,1,100,15,15,5,5,0,0,0,0,0,0,1,0.077,118.8,1,6.3,0,0,1,100,0,100,0,0,0,0,0,0,0,0,11.1,18.72,2.248,15.4,61.5,23.1,0,3.9,1.7,3.9,1.69,2.21,0.3,0.13,1.7
2025,276,Johnny Mundt,JAX,TE,4,Cover 3,35.96491228070175,33.33333333333333,27.1,41,18.9,6,3.1,0.68,0.15,2,12,0.8,28,2.3,4.67,9.33,3,50,17,5.67,6,2,0,0.09,0,0,0,0,2,0.049,63.2,4,3,2,33.3,6,100,0,0,3,50,0,0,0,0,0,0,10.5,-1.38,0.031,7.3,24.4,68.3,0,5.8,10.5,1.45,2.62,-1.17,0.14,0.26,10.5
2025,277,Evan Engram,DEN,TE,3,Cover 1,12.759643916913946,8.108108108108109,62.8,43,55.1,6,8.5,0.63,0.14,6.33,38,5.6,27,5,4.5,9,3,50,10,3.33,4,1.33,0,0.07,0,1,1,0,3,0.07,62.5,5,9.6,0,0,4,66.7,0,0,0,0,2,1,50,0,0,0,14.3,-2.82,0.322,23.3,48.8,25.6,2.3,5.7,5.9,1.9,1.97,-0.07,0.13,0.14,5.9
2025,278,Drew Sample,CIN,TE,1,Cover 2 Man,2.6178010471204187,5.88235294117647,21.4,5,17.9,1,3.8,5.4,0.2,-1,-1,-0.6,27,16.5,27,27,1,100,28,28,4,4,0,0.03,0,0,0,0,1,0.2,118.8,0,0,0,0,1,100,0,100,0,0,0,0,0,0,0,0,16.7,22.1,2.72,0,20,0,80,3.7,1.7,3.7,1.69,2.01,0.74,0.34,1.7
2025,279,Hunter Long,JAX,TE,5,Cover 3,38.392857142857146,37.5,26.6,43,28.3,6,4.4,0.63,0.14,4.17,25,2.3,27,3.3,4.5,6.75,4,66.7,8,2,1,0.25,1,1.07,25,2,1,1,1,0.023,116,4,4.2,0,0,6,100,0,0,2,33.3,0,0,0,0,0,0,11.3,-1.94,0.212,9.3,20.9,67.4,2.3,12.7,16,2.54,3.19,-0.65,0.3,0.37,16
2025,280,Tommy Tremble,CAR,TE,5,Cover 1,16.666666666666664,16.666666666666664,46.6,43,41.7,6,6.5,0.63,0.14,4.5,27,3.5,27,4.6,4.5,9,3,50,18,6,3,1,1,0.98,16.7,1,1,1,2,0.047,102.1,5,7.7,0,0,3,50,0,0,0,0,1,1,100,0,0,0,15.4,-2.23,0.148,14,41.9,44.2,0,11.7,10.4,2.34,2.09,0.25,0.27,0.24,10.4
2025,281,Greg Dulcich,MIA,TE,3,Cover 2,15.748031496062993,9.67741935483871,22.4,20,46.5,3,7.9,1.35,0.15,1.33,4,1.5,27,7.9,9,9,3,100,23,7.67,8,2.67,0,0.03,0,0,0,0,1,0.05,104.2,2,8,0,0,3,100,0,0,0,0,0,0,0,0,2,0.67,14.3,3.3,0.09,10,30,60,0,5.7,5.1,1.9,1.69,0.21,0.29,0.25,5.1
2025,282,Julian Hill,MIA,TE,3,Cover 6,6.521739130434782,20,35.7,6,20,4,14.3,4.5,0.67,3.75,15,7.6,27,14.3,6.75,9,3,75,19,6.33,8,2.67,0,0.01,0,0,0,0,1,0.167,92.7,3,14.3,0,0,4,100,0,33.3,1,25,0,0,0,0,1,0.33,28.6,0.4,-0.112,0,0,100,0,5.7,7.1,1.9,2.37,-0.47,0.95,1.18,7.1
2025,283,Davis Allen,LA,TE,10,Cover 1,18.994413407821227,30.303030303030305,30.8,34,26.2,10,8.1,0.79,0.29,3.3,33,2.7,27,2.6,2.7,4.5,6,60,38,6.33,9,1.5,0,0.19,0,2,0,0,2,0.059,64.6,8,8.6,1,10,8,80,1,0,1,10,2,1,50,0,0,0,27,-4.07,-0.35,20.6,17.6,61.8,0,8.7,12.1,0.87,1.21,-0.34,0.26,0.36,12.1
2025,284,Davis Allen,LA,TE,2,Cover 2,7.262569832402235,6.0606060606060606,35.2,13,24.1,2,3.9,2.08,0.15,12,24,6,27,5.9,13.5,27,1,50,15,15,2,2,0,0,0,0,0,0,1,0.077,95.8,1,3.3,0,0,2,100,0,100,0,0,1,0,0,0,0,0,10.5,4.83,0.63,15.4,38.5,46.2,0,3.7,4,1.85,2.01,-0.16,0.28,0.31,4
2025,285,Brock Wright,DET,TE,2,Cover 2,11.711711711711711,11.11111111111111,20.8,13,20,2,3.3,2,0.15,2.5,5,1.5,26,5.3,13,13,2,100,21,10.5,4,2,0,0,0,0,0,0,1,0.077,118.8,2,5.1,0,0,2,100,0,50,0,0,0,0,0,0,0,0,9.5,7.08,0.717,15.4,7.7,69.2,7.7,4.6,3.4,2.3,1.72,0.58,0.35,0.26,3.4
2025,286,Pat Freiermuth,PIT,TE,2,Cover 6,10.437710437710438,5.660377358490567,54.5,31,47,3,4.8,0.84,0.1,7.33,22,7.7,26,4.8,8.67,8.67,3,100,4,1.33,2,0.67,1,0.43,33.3,2,1,1,1,0.032,142.4,2,5.9,1,33.3,3,100,0,0,0,0,2,2,100,0,0,0,9.7,1.36,1.183,22.6,64.5,12.9,0,11.6,6.6,5.8,3.29,2.51,0.37,0.21,6.6
2025,287,Elijah Arroyo,SEA,TE,4,Cover 1,13.533834586466165,16,28.6,18,25.4,4,5.9,1.44,0.22,13,52,8.7,26,4.6,6.5,26,1,25,5,5,0,0,1,0.59,14.3,0,0,0,1,0.056,54.2,3,6.1,0,0,2,50,1,100,0,0,1,0,0,0,0,0,19,-2.93,-0.863,22.2,22.2,55.6,0,9.6,7.3,2.4,1.82,0.58,0.53,0.41,7.3
2025,288,Foster Moreau,NO,TE,3,Cover 4,20.28985507246377,30,10.7,14,13.3,3,3.3,1.79,0.21,2.33,7,0.9,25,3.8,8.33,12.5,2,66.7,17,8.5,6,3,0,0,0,0,0,0,1,0.071,92.4,2,3.1,0,0,3,100,0,0,1,33.3,0,0,0,0,0,0,18.8,2.21,0.641,7.1,14.3,78.6,0,4.5,5.1,1.5,1.7,-0.2,0.32,0.36,5.1
2025,289,Greg Dulcich,MIA,TE,2,Cover 6,7.874015748031496,9.67741935483871,33.3,10,45.5,3,15,2.5,0.3,6,18,8.8,25,16.4,8.33,12.5,2,66.7,11,5.5,5,2.5,0,0.02,0,0,0,0,1,0.1,92.4,2,13.3,0,0,3,100,0,0,0,0,1,0,0,0,0,0,21.4,1.7,-0.092,0,30,70,0,4.5,5.3,2.25,2.64,-0.39,0.45,0.53,5.3
2025,290,Brenton Strange,JAX,TE,3,Cover 0,5.263157894736842,6.779661016949152,64.5,15,51.7,4,14.3,1.67,0.27,6,24,9.1,25,9.6,6.25,8.33,3,75,16,5.33,5,1.67,1,0.55,25,1,1,1,2,0.133,130.2,4,17.4,0,0,3,75,0,0,0,0,1,1,100,0,1,0.33,21.1,-0.92,0.403,6.7,40,53.3,0,11.5,7.2,3.83,2.39,1.44,0.77,0.48,7.2
2025,291,Tucker Kraft,GB,TE,2,Cover 2,11.578947368421053,4.878048780487805,46.7,22,68.8,2,7.1,1.14,0.09,6,12,11.3,25,7.7,12.5,12.5,2,100,13,6.5,4,2,0,0.02,0,0,0,0,0,0,118.8,2,12.5,1,50,2,100,0,0,0,0,0,0,0,0,0,0,8.3,5.07,0.806,4.5,45.5,50,0,4.5,3.8,2.25,1.88,0.37,0.2,0.17,3.8
2025,292,Theo Johnson,NYG,TE,1,Bracket,1.9900497512437811,1.36986301369863,100,8,100,1,16.7,3.13,0.13,19,19,24.1,25,55.6,25,25,1,100,6,6,4,4,0,0.01,0,0,0,0,1,0.125,118.8,1,25,0,0,1,100,0,100,0,0,1,1,100,1,0,0,25,14.4,1.718,12.5,75,0,12.5,3.5,2,3.5,1.99,1.51,0.44,0.25,2
2025,293,Anthony Firkser,DET,TE,2,Cover 2,16.666666666666664,25,18.9,16,34.8,2,4.7,1.5,0.13,11,22,5.8,24,5.4,12,12,2,100,2,1,1,0.5,0,0.01,0,0,0,0,1,0.063,116.7,1,3.7,0,0,2,100,0,0,0,0,1,1,100,0,0,0,11.8,2.92,0.936,31.3,50,18.8,0,4.4,3.7,2.2,1.87,0.33,0.28,0.23,3.7
2025,294,Noah Fant,CIN,TE,3,Cover 4,8.808290155440414,10.256410256410255,30.7,17,23.3,4,5.9,1.41,0.24,3.75,15,3.8,24,4.9,6,6,4,100,9,2.25,4,1,0,0,0,0,0,0,0,0,91.7,2,4.4,0,0,4,100,0,0,0,0,1,1,100,0,0,0,20,-0.59,0.174,0,29.4,70.6,0,6.4,6.4,2.13,2.14,-0.01,0.38,0.38,6.4
2025,295,Adam Trautman,DEN,TE,2,Cover 1,8.433734939759036,8.695652173913043,33.3,14,17.9,2,2.8,1.71,0.14,1.5,3,0.4,24,4.5,12,12,2,100,21,10.5,16,8,0,0.01,0,0,0,0,1,0.071,116.7,0,0,0,0,2,100,0,50,0,0,0,0,0,0,2,1,9.5,5.93,1.146,7.1,21.4,71.4,0,4.4,3.4,2.2,1.72,0.48,0.31,0.25,3.4
2025,296,Chig Okonkwo,TEN,TE,8,Cover 1,17.5531914893617,12.987012987012985,67.6,66,59.5,10,10.8,0.36,0.15,3.6,36,4.5,24,4.5,2.4,4.8,5,50,14,2.8,1,0.2,0,0.08,0,1,0,0,1,0.015,56.3,6,10.7,2,20,5,50,1,0,0,0,0,0,0,0,1,0.2,18.2,-4.4,-0.334,19.7,50,30.3,0,7.4,8.5,0.93,1.06,-0.13,0.11,0.13,8.5
2025,297,Julian Hill,MIA,TE,2,Cover 4,15.217391304347828,15,40,14,20.3,3,4.9,1.71,0.21,4.33,13,2.9,24,4.9,8,12,2,66.7,13,6.5,5,2.5,0,0.04,0,0,0,0,1,0.071,91,2,5.4,0,0,2,66.7,0,0,0,0,0,0,0,0,0,0,11.1,1.35,0.917,14.3,21.4,64.3,0,4.4,3.6,2.2,1.8,0.4,0.31,0.26,3.6
2025,298,Ja'Tavion Sanders,CAR,TE,2,Cover 2,10.42654028436019,11.76470588235294,30.9,22,42.3,4,8.9,1.09,0.18,3,12,4.7,24,6.9,6,6,4,100,12,3,4,1,0,0.01,0,0,0,0,1,0.045,91.7,3,14.3,0,0,4,100,0,0,0,0,0,0,0,0,2,0.5,17.4,-0.04,0.091,13.6,72.7,13.6,0,6.4,6.7,3.2,3.35,-0.15,0.29,0.3,6.7
2025,299,Tyler Higbee,LA,TE,3,Cover 2,6.358381502890173,8.333333333333332,24.1,11,39.3,3,11.5,2.09,0.27,4.33,13,5.9,23,9.7,7.67,7.67,3,100,10,3.33,4,1.33,0,0.01,0,0,0,0,0,0,98.6,0,0,0,0,3,100,0,0,0,0,1,1,100,0,0,0,27.3,1.24,0.136,9.1,18.2,72.7,0,5.3,4.6,1.77,1.55,0.22,0.48,0.42,4.6
2025,300,Mo Alie-Cox,IND,TE,6,Cover 3,28.82882882882883,36.84210526315789,32.2,32,17.8,7,4.2,0.72,0.22,4.43,31,2.1,23,1.6,3.29,5.75,4,57.1,20,5,5,1.25,0,0.24,0,2,0,0,0,0,63.4,4,3.1,0,0,6,85.7,0,0,2,28.6,1,0,0,0,0,0,14.3,-3.54,-0.42,0,0,100,0,6.3,11.2,1.05,1.87,-0.82,0.2,0.35,11.2
2025,301,Anthony Firkser,DET,TE,2,Cover 3,16.666666666666664,37.5,11.5,16,18.2,3,3.8,1.44,0.19,4.33,13,2.2,23,3.6,7.67,7.67,3,100,10,3.33,2,0.67,0,0.04,0,1,0,0,2,0.125,98.6,2,3.8,0,0,3,100,0,0,0,0,0,0,0,0,0,0,14.3,0.6,0.59,37.5,31.3,31.3,0,5.3,5.6,2.65,2.79,-0.14,0.33,0.35,5.6
2025,302,Will Dissly,LAC,TE,4,Cover 2,20.238095238095237,33.33333333333333,19.8,17,33.3,5,11.6,1.35,0.29,5.6,28,5.6,23,6.1,4.6,5.75,4,80,5,1.25,2,0.5,0,0.01,0,0,0,0,0,0,85.8,3,13.6,0,0,5,100,0,0,0,0,1,0,0,0,0,0,33.3,-2.15,-0.249,17.6,17.6,64.7,0,6.3,8.5,1.57,2.12,-0.55,0.37,0.5,8.5
2025,303,Noah Gray,KC,TE,5,Cover 6,9.813084112149532,15.151515151515152,36.6,21,30,5,7.9,1.1,0.24,10.8,54,12.3,23,4.4,4.6,11.5,2,40,11,5.5,2,1,0,0.01,0,0,0,0,1,0.048,54.6,5,12.2,0,0,3,60,0,0,1,20,0,0,0,0,0,0,27.8,-4.1,-0.332,28.6,42.9,28.6,0,4.3,5.7,0.86,1.15,-0.29,0.2,0.27,5.7
2025,304,Andrew Ogletree,IND,TE,3,Cover 3,38.297872340425535,50,18.3,18,11.3,3,2,1.28,0.17,8.33,25,1.9,23,1.8,7.67,7.67,3,100,7,2.33,4,1.33,1,0.53,33.3,2,1,1,2,0.111,138.2,1,0.9,0,0,3,100,0,0,0,0,2,2,100,1,0,0,9.1,-0.25,1.045,11.1,27.8,61.1,0,11.3,6.9,3.77,2.29,1.48,0.63,0.38,6.9
2025,305,John FitzPatrick,GB,TE,3,Cover 1,23.364485981308412,40,27.6,25,20.2,6,5.3,0.92,0.24,2.17,13,1.1,23,2.5,3.83,5.75,4,66.7,16,4,8,2,0,0.08,0,3,0,0,2,0.08,73.6,1,1.3,0,0,5,83.3,0,0,1,16.7,1,1,100,0,0,0,20.7,-2.11,-0.128,8,12,76,4,6.3,7.8,2.1,2.61,-0.51,0.25,0.31,7.8
2025,306,Brock Bowers,LV,TE,2,Cover 2 Man,2.6525198938992043,2.4096385542168677,76.9,10,100,2,25,2.3,0.2,5.5,11,27.5,23,60.5,11.5,11.5,2,100,12,6,3,1.5,0,0.01,0,0,0,0,2,0.2,114.6,2,33.3,1,50,2,100,0,0,0,0,0,0,0,0,0,0,28.6,4.72,1.115,0,70,30,0,4.3,3.7,2.15,1.86,0.29,0.43,0.37,3.7
2025,307,Brenden Bates,"HST, CLV",TE,2,Cover 3,41.37931034482759,60,11,12,11.5,3,3.3,1.92,0.25,7.67,23,4,23,4.1,7.67,11.5,2,66.7,0,0,1,0.5,0,0.32,0,1,0,0,2,0.167,89.6,2,3.3,0,0,3,100,0,0,1,33.3,2,1,50,0,0,0,25,-0.58,0.534,8.3,0,91.7,0,4.3,6.4,2.15,3.22,-1.07,0.36,0.54,6.4
2025,308,David Martin-Robinson,TEN,TE,2,Cover 3,36,40,6.4,9,4.8,2,1.2,2.56,0.22,6,12,1.2,23,2.4,11.5,11.5,2,100,11,5.5,10,5,0,0.02,0,0,0,0,1,0.111,114.6,0,0,0,0,2,100,0,0,0,0,0,0,0,0,1,0.5,14.3,4.61,0.189,33.3,11.1,44.4,11.1,4.3,3.7,2.15,1.87,0.28,0.48,0.42,3.7
2025,309,George Kittle,SF,TE,3,Red Zone,4.029304029304029,4.545454545454546,39.3,11,73.3,3,20,2,0.27,8.33,25,26,22,38.6,7.33,7.33,3,100,4,1.33,4,1.33,2,2.07,40,3,1,1,3,0.273,136.8,1,12.5,0,0,3,100,0,0,0,0,1,1,100,0,0,0,33.3,-1.12,1.946,9.1,18.2,72.7,0,17.2,17.1,5.73,5.7,0.03,1.56,1.56,17.1
2025,310,John Bates,WAS,TE,1,Cover 2,12.195121951219512,6.666666666666667,28.6,15,21.1,1,1.8,1.47,0.07,8,8,1.7,22,4.5,22,22,1,100,14,14,3,3,0,0,0,0,0,0,1,0.067,118.8,0,0,0,0,1,100,0,100,0,0,0,0,0,0,0,0,6.3,14.28,1.378,0,13.3,86.7,0,3.2,2,3.2,2.02,1.18,0.21,0.13,2
2025,311,Brock Wright,DET,TE,2,Cover 1,16.216216216216218,11.11111111111111,25,18,26.1,2,3.2,1.22,0.11,0.5,1,0.2,22,4.5,11,11,2,100,21,10.5,5,2.5,0,0.01,0,0,0,0,1,0.056,112.5,2,3.8,0,0,2,100,0,0,0,0,0,0,0,0,0,0,7.7,5.36,1.113,11.1,22.2,66.7,0,4.2,3.6,2.1,1.78,0.32,0.23,0.2,3.6
2025,312,Kyle Pitts,ATL,TE,5,Cover 0,3.3663366336633667,4.310344827586207,95.7,17,73.9,5,23.8,1.29,0.29,5.2,26,31.3,22,37.9,4.4,7.33,3,60,5,1.67,2,0.67,0,0.01,0,2,1,0,2,0.118,30.8,5,26.3,2,40,3,60,0,0,0,0,3,2,66.7,0,0,0,26.3,-2.39,-1.133,35.3,41.2,23.5,0,5.2,3.6,1.04,0.72,0.32,0.31,0.21,3.6
2025,313,Trey McBride,ARZ,TE,4,Red Zone,4.197901049475263,2.4242424242424243,100,28,96.6,4,18.2,0.79,0.14,7.25,29,33,22,37.3,5.5,11,2,50,7,3.5,2,1,2,0.81,40,4,2,1,2,0.071,106.3,3,27.3,0,0,2,50,0,0,0,0,1,1,100,0,1,0.5,21.1,-1.98,0.504,17.9,57.1,25,0,16.2,7.2,4.05,1.8,2.25,0.58,0.26,7.2
2025,314,Jeremy Ruckert,NYJ,TE,3,Cover 6,10.982658959537572,10.714285714285714,39,19,32.2,3,6.5,1.16,0.16,4,12,3.1,22,7.7,7.33,7.33,3,100,10,3.33,4,1.33,0,0,0,0,0,0,0,0,97.2,0,0,0,0,3,100,0,0,0,0,0,0,0,0,0,0,21.4,1.04,0.084,10.5,15.8,73.7,0,5.2,5.1,1.73,1.68,0.05,0.27,0.27,5.1
2025,315,Isaiah Likely,BLT,TE,3,Cover 0,6.8493150684931505,11.11111111111111,52.6,15,45.5,4,13.8,1.47,0.27,6.75,27,12.7,22,9.8,5.5,7.33,3,75,6,2,2,0.67,1,0.86,14.3,1,1,1,2,0.133,127.1,2,10.5,0,0,4,100,0,0,1,25,0,0,0,0,0,0,33.3,-1.65,0.356,13.3,66.7,20,0,11.2,11.7,3.73,3.9,-0.17,0.75,0.78,11.7
2025,316,Luke Schoonmaker,DAL,TE,4,Cover 2,15.789473684210526,17.391304347826086,23.5,21,18.3,4,3.9,1.05,0.19,7.75,31,3.9,22,2.5,5.5,7.33,3,75,14,4.67,12,4,0,0,0,0,0,0,1,0.048,87.5,4,7.5,0,0,3,75,1,0,0,0,0,0,0,0,1,0.33,19,-1.95,0.103,4.8,33.3,61.9,0,5.2,5,1.3,1.25,0.05,0.25,0.24,5
2025,317,Johnny Mundt,JAX,TE,2,Cover 1,17.543859649122805,11.11111111111111,20,20,18,2,2.1,1.05,0.1,2.5,5,0.6,21,2.8,10.5,21,1,50,22,22,22,22,0,0.02,0,0,0,0,1,0.05,87.5,1,1.4,0,0,1,50,0,100,0,0,0,0,0,0,1,1,10.5,4.5,0.863,20,10,70,0,3.1,1.9,1.55,0.93,0.62,0.15,0.09,1.9
2025,318,Eric Saubert,SEA,TE,2,Cover 3,43.39622641509434,40,23.6,23,18.1,2,1.7,0.91,0.09,5,10,1,21,2,10.5,10.5,2,100,11,5.5,4,2,0,0.3,0,1,0,0,1,0.043,110.4,0,0,0,0,2,100,0,0,0,0,0,0,0,0,0,0,5.7,3.92,1.234,4.3,8.7,87,0,4.1,5.3,2.05,2.67,-0.62,0.18,0.23,5.3
2025,319,Tyler Conklin,LAC,TE,1,Prevent,1.282051282051282,10,33.3,1,33.3,1,33.3,21,1,6,6,10.2,21,48.8,21,21,1,100,15,15,2,2,0,0.01,0,0,0,0,1,1,118.8,1,33.3,0,0,1,100,0,100,0,0,0,0,0,0,0,0,100,13.91,-1.188,0,100,0,0,3.1,1.8,3.1,1.82,1.28,3.1,1.82,1.8
2025,320,Dallas Goedert,PHI,TE,6,Cover 0,6.796116504854369,10,73.8,28,82.4,8,23.5,0.75,0.29,1,8,3.8,21,10.6,2.63,3.5,6,75,25,4.17,5,0.83,6,4.64,75,7,1,1,6,0.214,116.7,7,23.3,4,50,7,87.5,0,0,1,12.5,0,0,0,0,0,0,25.8,-3.01,0.739,17.9,60.7,21.4,0,44.1,36.6,7.35,6.11,1.24,1.57,1.31,36.6
2025,321,Tanner Hudson,CIN,TE,2,Cover 3,19.81132075471698,12.5,14,21,15.9,3,2.4,1,0.14,4.67,14,1.6,21,2.2,7,10.5,2,66.7,16,8,5,2.5,0,0.01,0,0,0,0,2,0.095,86.8,1,1.3,0,0,3,100,0,0,0,0,1,0,0,0,0,0,15,0.66,0.916,9.5,47.6,33.3,9.5,4.1,4.7,2.05,2.34,-0.29,0.2,0.22,4.7
2025,322,Mark Andrews,BLT,TE,6,Cover 4,7.886435331230284,11.940298507462686,64.2,25,47.2,8,18.2,0.84,0.32,7.75,62,22.9,21,7.4,2.63,4.2,5,62.5,5,1,2,0.4,0,0.01,0,0,0,0,0,0,27.1,5,20.8,0,0,6,75,1,0,1,12.5,0,0,0,0,0,0,29.6,-4.86,-0.908,12,80,8,0,7.1,10.2,1.18,1.7,-0.52,0.28,0.41,10.2
2025,323,Josh Oliver,MIN,TE,3,Cover 4,15.53398058252427,16.666666666666664,32.9,16,24.2,3,4.8,1.31,0.19,-1.33,-4,-1.3,21,7,7,7,3,100,25,8.33,4,1.33,0,0.01,0,0,0,0,1,0.063,95.8,3,6,1,33.3,3,100,0,0,0,0,0,0,0,0,1,0.33,15.8,0.83,0.449,0,12.5,87.5,0,5.1,4.7,1.7,1.56,0.14,0.32,0.29,4.7
2025,324,Dawson Knox,BUF,TE,2,Cover 2,10.28368794326241,4.166666666666666,54,29,46,2,3.5,0.72,0.07,2.5,5,1.4,21,4.6,10.5,10.5,2,100,16,8,4,2,0,0.01,0,0,0,0,2,0.069,110.4,2,7.1,1,50,2,100,0,0,0,0,0,0,0,0,0,0,6.7,4.42,0.858,20.7,41.4,37.9,0,4.1,3.6,2.05,1.79,0.26,0.14,0.12,3.6
2025,325,Jack Stoll,NO,TE,1,Cover 2,18.6046511627907,20,10.4,8,8.6,2,2.4,2.63,0.25,13,26,4.6,21,3.7,10.5,10.5,2,100,3,1.5,2,1,1,0.66,50,1,1,1,1,0.125,150,1,2.1,0,0,2,100,1,0,0,0,0,0,0,0,0,0,20,0.78,1.286,0,50,50,0,10.1,7.1,10.1,7.05,3.05,1.26,0.88,7.1
2025,326,Tanner Conner,MIA,TE,2,Cover 2,22.916666666666664,13.333333333333334,27.1,22,30.1,2,3.3,0.95,0.09,9,18,6.1,21,5.3,10.5,10.5,2,100,3,1.5,1,0.5,0,0,0,0,0,0,0,0,110.4,1,2.6,0,0,2,100,0,0,0,0,0,0,0,0,0,0,8.7,2.28,0.357,9.1,36.4,54.5,0,4.1,4.2,2.05,2.12,-0.07,0.19,0.19,4.2
2025,327,Stone Smartt,NYJ,TE,1,Cover 3,35.294117647058826,22.22222222222222,11.1,18,22.8,2,3,1.17,0.11,1.5,3,1,21,7.2,10.5,10.5,2,100,18,9,16,8,0,0,0,0,0,0,1,0.056,110.4,2,3.8,0,0,2,100,0,0,0,0,1,1,100,0,1,0.5,12.5,4.69,0.733,11.1,50,38.9,0,4.1,2.3,4.1,2.27,1.83,0.23,0.13,2.3
2025,328,Cade Otton,TB,TE,1,Bracket,1.3363028953229399,1.25,100,6,100,1,20,3.5,0.17,6,6,60,21,80.8,21,21,1,100,15,15,3,3,0,0.01,0,0,0,0,1,0.167,118.8,0,0,0,0,1,100,0,100,0,0,0,0,0,0,0,0,20,13.91,2.183,16.7,66.7,16.7,0,3.1,1.8,3.1,1.79,1.31,0.52,0.3,1.8
2025,329,Josh Whyle,GB,TE,2,Cover 1,20.634920634920633,33.33333333333333,14.2,13,23.2,2,3.8,1.62,0.15,7.5,15,2.5,21,5.8,10.5,21,1,50,9,9,6,6,0,0,0,0,0,0,1,0.077,87.5,1,3.1,0,0,1,50,0,100,0,0,0,0,0,0,0,0,11.8,3.01,0.413,30.8,15.4,46.2,7.7,3.1,2.3,1.55,1.16,0.39,0.24,0.18,2.3
2025,330,Nate Adkins,DEN,TE,3,Cover 4,21.951219512195124,30,12.9,9,15,3,5.6,2.33,0.33,4.67,14,2.9,21,5.9,7,10.5,2,66.7,7,3.5,2,1,1,0.67,33.3,1,0,0,1,0.111,126.4,3,8.6,0,0,3,100,0,0,1,33.3,0,0,0,0,0,0,23.1,0.22,0.424,22.2,33.3,44.4,0,10.1,9.4,3.37,3.14,0.23,1.12,1.05,9.4
2025,331,Keleki Latu,BUF,TE,2,Cover 2,22.58064516129032,75,11.1,7,43.8,3,18.8,3,0.43,4,12,9.4,21,17.9,7,7,3,100,9,3,7,2.33,0,0.04,0,0,0,0,2,0.286,95.8,1,12.5,0,0,3,100,0,0,0,0,1,1,100,0,1,0.33,50,0.71,1.144,14.3,28.6,57.1,0,5.1,4.5,2.55,2.26,0.29,0.73,0.65,4.5
2025,332,Evan Engram,DEN,TE,1,Cover 0,3.2640949554896146,1.3513513513513513,50,11,45.8,1,4.3,1.82,0.09,-1,-1,-0.8,20,20.4,20,20,1,100,21,21,16,16,0,0,0,0,0,0,1,0.091,118.8,1,5.6,1,100,1,100,0,100,0,0,0,0,0,0,1,1,9.1,15.1,2.011,9.1,81.8,9.1,0,3,1.6,3,1.59,1.41,0.27,0.14,1.6
2025,333,Quintin Morris,JAX,TE,2,Cover 3,30.76923076923077,42.857142857142854,12.2,20,15,3,2.6,1,0.15,8.67,26,2.6,20,2.7,6.67,10,2,66.7,13,6.5,4,2,0,0.01,0,0,0,0,1,0.05,85.4,3,3.9,0,0,2,66.7,0,0,0,0,0,0,0,0,0,0,13.6,-1.15,-0.056,5,5,90,0,4,3.6,2,1.8,0.2,0.2,0.18,3.6
2025,334,Luke Farrell,SF,TE,3,Cover 6,15.702479338842975,25,33.3,19,27.5,3,4.5,1.05,0.16,3,9,2.3,20,5.1,6.67,6.67,3,100,11,3.67,9,3,0,0,0,0,0,0,0,0,94.4,0,0,0,0,3,100,0,0,0,0,1,1,100,0,0,0,13,0.34,-1.468,0,10.5,84.2,5.3,5,4.4,1.67,1.46,0.21,0.26,0.23,4.4
2025,335,Luke Farrell,SF,TE,2,Red Zone,6.6115702479338845,16.666666666666664,32.1,8,28.6,2,7.1,2.5,0.25,1.5,3,2.4,20,17.1,10,10,2,100,17,8.5,6,3,2,1.69,22.2,2,0,0,2,0.25,147.9,1,6.3,0,0,2,100,0,0,0,0,0,0,0,0,1,0.5,28.6,3.93,1.933,25,12.5,62.5,0,16,13.3,8,6.65,1.35,2,1.66,13.3
2025,336,Charlie Kolar,BLT,TE,1,Cover 2,20.43010752688172,8.333333333333332,22.1,19,20,1,1.3,1.05,0.05,14,14,3.1,20,3.7,20,20,1,100,6,6,0,0,0,0.01,0,0,0,0,1,0.053,118.8,1,2.5,0,0,1,100,0,100,0,0,0,0,0,0,0,0,6.7,9.72,2.227,15.8,10.5,73.7,0,3,2.7,3,2.71,0.29,0.16,0.14,2.7
2025,337,Will Dissly,LAC,TE,1,Cover 4,10.714285714285714,13.333333333333334,11.9,9,16.4,2,4.3,2.11,0.22,1,2,0.8,19,4.6,9.5,9.5,2,100,17,8.5,4,2,0,0.05,0,1,0,0,1,0.111,106.3,0,0,0,0,2,100,0,0,0,0,0,0,0,0,0,0,18.2,3.89,1.297,22.2,11.1,66.7,0,3.9,3.2,3.9,3.23,0.67,0.43,0.36,3.2
2025,338,Noah Gray,KC,TE,2,Cover 4,17.289719626168225,6.0606060606060606,48.3,37,33,2,2.1,0.51,0.05,8,16,2.8,19,3,9.5,19,1,50,14,14,3,3,0,0.01,0,0,0,0,1,0.027,83.3,2,2.9,0,0,2,100,0,0,0,0,1,0,0,0,0,0,4.3,1.89,0.316,29.7,43.2,24.3,2.7,2.9,3.1,1.45,1.54,-0.09,0.08,0.08,3.1
2025,339,Jake Ferguson,DAL,TE,5,Bracket,3.1578947368421053,5,93.8,15,93.8,5,33.3,1.27,0.33,4.2,21,22.6,19,22.4,3.8,6.33,3,60,9,3,4,1.33,0,0.37,0,3,1,0,2,0.133,67.9,2,20,0,0,5,100,0,0,1,20,1,0,0,0,0,0,35.7,-2.69,-0.733,26.7,66.7,0,6.7,4.9,8.3,0.98,1.66,-0.68,0.33,0.55,8.3
2025,340,Daniel Bellinger,NYG,TE,2,Cover 2,13.77551020408163,7.6923076923076925,36.6,27,27.3,2,2.3,0.7,0.07,8,16,2.5,19,3.3,9.5,9.5,2,100,3,1.5,1,0.5,0,0,0,0,0,0,1,0.037,106.3,0,0,0,0,2,100,0,0,0,0,0,0,0,0,0,0,6.5,2.07,1.246,3.7,51.9,33.3,11.1,3.9,3.9,1.95,1.97,-0.02,0.14,0.15,3.9
2025,341,Julian Hill,MIA,TE,1,Cover 1,4.3478260869565215,5,21.8,4,9.8,1,2.9,4.75,0.25,-1,-1,-0.7,19,10.8,19,19,1,100,20,20,2,2,0,0.02,0,0,0,0,1,0.25,118.8,1,4.2,0,0,1,100,0,0,0,0,0,0,0,0,0,0,11.1,14.1,1.649,0,0,100,0,2.9,1.7,2.9,1.7,1.2,0.72,0.42,1.7
2025,342,Julian Hill,MIA,TE,4,Cover 2,22.82608695652174,20,34.6,21,21.9,4,5,0.9,0.19,2.75,11,2.4,19,3.2,4.75,6.33,3,75,8,2.67,2,0.67,0,0.03,0,2,0,0,1,0.048,84.4,1,2.1,1,25,3,75,0,0,0,0,0,0,0,0,0,0,14.3,-1.29,-0.242,0,38.1,61.9,0,4.9,5.2,1.23,1.29,-0.06,0.23,0.25,5.2
2025,343,Sam LaPorta,DET,TE,2,Cover 4,10.91703056768559,4.081632653061225,36.5,25,69.4,2,5.9,0.76,0.08,7.5,15,5.2,19,6.2,9.5,9.5,2,100,4,2,1,0.5,0,0,0,0,0,0,1,0.04,106.3,2,8.7,0,0,2,100,0,0,0,0,0,0,0,0,0,0,7.1,2.38,1.105,20,36,44,0,3.9,3.9,1.95,1.95,0,0.16,0.16,3.9
2025,344,Brenden Bates,CLV,TE,1,Cover 4,13.793103448275861,20,6.7,4,11.8,1,3.4,4.75,0.25,12,12,5,19,11.3,19,19,1,100,7,7,3,3,0,0,0,0,0,0,1,0.25,118.8,0,0,0,0,1,100,0,0,0,0,0,0,0,0,1,1,16.7,10.33,1.274,0,0,100,0,2.9,2.4,2.9,2.35,0.55,0.72,0.59,2.4
2025,345,AJ Barner,SEA,TE,1,Bracket,1.7543859649122806,1.5625,75,6,75,1,14.3,3.17,0.17,3,3,4.3,19,26.8,19,19,1,100,16,16,7,7,0,0,0,0,0,0,1,0.167,118.8,0,0,0,0,1,100,0,0,0,0,0,0,0,0,0,0,20,12.68,2.419,0,16.7,83.3,0,2.9,1.7,2.9,1.68,1.22,0.48,0.28,1.7
2025,346,Gunnar Helm,TEN,TE,1,Cover 2 Man,1.3043478260869565,1.8518518518518516,37.5,3,37.5,1,12.5,6.33,0.33,18,18,19.1,19,18.1,19,19,1,100,1,1,0,0,0,0.19,0,1,0,0,1,0.333,118.8,1,16.7,0,0,1,100,0,0,0,0,0,0,0,1,0,0,33.3,6.03,1.822,0,33.3,66.7,0,2.9,3.3,2.9,3.32,-0.42,0.97,1.11,3.3
2025,347,Zach Ertz,WAS,TE,4,Red Zone,3.3232628398791544,5.633802816901409,78.6,11,91.7,4,36.4,1.64,0.36,5.5,22,31,18,52.9,4.5,6,3,75,2,0.67,0,0,3,2.22,60,4,2,2,3,0.273,122.9,3,100,0,0,4,100,0,0,1,25,0,0,0,0,0,0,50,-2.87,1.212,9.1,45.5,45.5,0,22.8,18.9,5.7,4.72,0.98,2.07,1.72,18.9
2025,348,Hunter Henry,NE,TE,3,Red Zone,2.9345372460496613,3.571428571428571,87.5,13,81.3,3,25,1.38,0.23,4.67,14,23,18,36,6,9,2,66.7,13,6.5,2,1,0,1.43,0,3,0,0,1,0.077,82.6,3,37.5,1,33.3,3,100,0,0,1,33.3,1,0,0,0,0,0,33.3,-0.47,0.953,38.5,30.8,23.1,7.7,3.8,13.1,1.27,4.35,-3.08,0.29,1,13.1
2025,349,Taysom Hill,NO,TE,4,Cover 3,44.303797468354425,37.5,17.6,35,21.6,6,4.3,0.51,0.17,2.33,14,1.1,18,1.8,3,6,3,50,19,6.33,5,1.67,0,0.01,0,0,0,0,0,0,56.3,5,5.1,2,33.3,5,83.3,0,0,2,33.3,0,0,0,0,0,0,20.7,-3.18,-0.53,25.7,37.1,14.3,22.9,4.8,8.1,1.2,2.01,-0.81,0.14,0.23,8.1
2025,350,Mike Gesicki,CIN,TE,2,Cover 0,2.941176470588235,7.142857142857142,43.8,7,50,3,21.4,2.57,0.43,13.33,40,20.7,18,51.4,6,9,2,66.7,0,0,0,0,1,0.98,33.3,1,1,1,2,0.286,122.2,2,22.2,0,0,2,66.7,0,0,0,0,0,0,0,0,0,0,42.9,-4.09,0.496,14.3,85.7,0,0,9.8,9.8,4.9,4.91,-0.01,1.4,1.4,9.8
2025,351,T.J. Hockenson,MIN,TE,4,Cover 6,12.332439678284182,7.575757575757576,81.5,46,76.7,5,10.2,0.39,0.11,2.6,13,2.6,18,4.1,3.6,4.5,4,80,12,3,5,1.25,0,0.02,0,0,0,0,0,0,81.7,3,9.1,1,20,5,100,0,0,1,20,0,0,0,0,0,0,11.9,-2.83,-0.341,8.7,43.5,47.8,0,5.8,8.6,1.45,2.15,-0.7,0.13,0.19,8.6
2025,352,Hunter Long,JAX,TE,2,Cover 4,10.714285714285714,12.5,15.7,12,24.5,2,4.5,1.5,0.17,5.5,11,2.3,18,6.1,9,9,2,100,7,3.5,1,0.5,0,0.04,0,1,0,0,1,0.083,104.2,2,5.7,0,0,2,100,0,0,0,0,0,0,0,0,0,0,18.2,2.23,0.738,41.7,16.7,41.7,0,3.8,3.8,1.9,1.88,0.02,0.32,0.31,3.8
2025,353,Grant Calcaterra,PHI,TE,3,Cover 4,23.809523809523807,23.076923076923077,28.8,25,27.2,3,4,0.72,0.12,6.67,20,3.4,18,4,6,9,2,66.7,1,0.5,0,0,1,0.97,100,2,0,0,1,0.04,122.2,3,6.1,0,0,3,100,0,0,1,33.3,1,1,100,0,0,0,13.6,-1.64,0.631,4,56,40,0,9.8,11,3.27,3.66,-0.39,0.39,0.44,11
2025,354,John FitzPatrick,GB,TE,4,Cover 3,34.57943925233645,26.666666666666668,29.5,37,25.3,4,3.1,0.49,0.11,1.75,7,0.8,18,1.8,4.5,6,3,75,14,4.67,7,2.33,1,0.96,33.3,1,1,1,2,0.054,122.9,1,1.4,0,0,4,100,0,0,1,25,0,0,0,0,0,0,9.5,-1.33,0.611,8.1,8.1,81.1,2.7,10.8,12,2.7,2.99,-0.29,0.29,0.32,12
2025,355,Ben Sims,MIN,TE,1,Cover 3,37.93103448275862,33.33333333333333,10.6,11,12.6,2,2.7,1.64,0.18,17.5,35,7.1,18,3.2,9,18,1,50,0,0,0,0,0,0.75,0,0,0,0,1,0.091,81.3,0,0,0,0,1,50,0,0,0,0,1,1,100,1,0,0,18.2,-3.33,0.785,18.2,9.1,72.7,0,2.8,6.8,2.8,6.76,-3.96,0.25,0.61,6.8
2025,356,Elijah Higgins,ARZ,TE,3,Cover 0,1.4336917562724014,8.571428571428571,31.3,4,25,3,20,4.5,0.75,5.33,16,12.5,18,31,6,9,2,66.7,5,2.5,1,0.5,0,0.05,0,2,0,0,1,0.25,82.6,3,23.1,0,0,2,66.7,0,0,0,0,0,0,0,0,2,1,60,-1.19,0.281,25,75,0,0,3.8,3.9,1.27,1.3,-0.03,0.95,0.97,3.9
2025,357,Michael Mayer,LV,TE,3,Cover 6,8.133971291866029,6.122448979591836,43.5,17,44.7,3,9.4,1.06,0.18,-1.67,-5,-3.6,18,8.4,6,9,2,66.7,18,9,15,7.5,0,0.01,0,0,0,0,0,0,82.6,2,9.5,2,66.7,3,100,0,0,0,0,1,0,0,0,3,1.5,18.8,0.41,-0.608,11.8,29.4,58.8,0,3.8,3.9,1.27,1.3,-0.03,0.22,0.23,3.9
2025,358,Jackson Hawes,BUF,TE,2,Red Zone,3.4090909090909087,10.526315789473683,41.7,3,25,2,18.2,6,0.67,4.5,9,39.1,18,46.2,9,9,2,100,12,6,3,1.5,1,0.98,33.3,1,1,1,2,0.667,143.8,1,16.7,0,0,2,100,0,0,0,0,0,0,0,0,0,0,40,2.29,2.478,0,33.3,66.7,0,9.8,8.8,4.9,4.39,0.51,3.27,2.93,8.8
2025,359,Darren Waller,MIA,TE,4,Red Zone,5.405405405405405,11.76470588235294,50,8,80,4,40,2.13,0.5,14.5,58,73.4,17,39.5,4.25,5.67,3,75,0,0,0,0,3,2.14,60,4,4,3,3,0.375,121.9,3,42.9,0,0,3,75,1,0,0,0,1,1,100,0,0,0,50,-5.7,1.48,75,0,25,0,22.7,16.1,5.67,4.01,1.66,2.84,2.01,16.1
2025,360,Jonnu Smith,PIT,TE,4,Cover 2 Man,6.593406593406594,7.6923076923076925,72,18,72,4,18.2,0.94,0.22,2.5,10,5.5,17,18.1,4.25,5.67,3,75,13,4.33,2,0.67,0,0.02,0,0,0,0,2,0.111,82.3,2,12.5,0,0,4,100,0,0,0,0,2,1,50,0,0,0,25,-1.92,0.086,5.6,72.2,22.2,0,4.7,5.2,1.18,1.31,-0.13,0.26,0.29,5.2
2025,361,Jonnu Smith,PIT,TE,2,Red Zone,4.761904761904762,3.8461538461538463,50,13,46.4,2,8,1.31,0.15,6,12,14.1,17,18.1,8.5,8.5,2,100,9,4.5,5,2.5,1,1.01,20,2,1,1,1,0.077,141.7,1,7.1,1,50,2,100,0,0,0,0,0,0,0,0,0,0,16.7,0.93,1.781,23.1,30.8,38.5,7.7,9.7,9.4,4.85,4.68,0.17,0.75,0.72,9.4
2025,362,T.J. Hockenson,MIN,TE,5,Red Zone,5.898123324396782,7.575757575757576,78.6,22,84.6,5,26.3,0.77,0.23,4.2,21,16.9,17,34,3.4,4.25,4,80,10,2.5,4,1,3,2.7,42.9,5,2,2,3,0.136,120.4,5,35.7,1,20,4,80,0,0,0,0,0,0,0,0,2,0.5,33.3,-3.99,1.249,27.3,22.7,50,0,23.7,21.5,4.74,4.31,0.43,1.08,0.98,21.5
2025,363,Juwan Johnson,NO,TE,2,Red Zone,0.7936507936507936,2,87.5,4,50,2,28.6,4.25,0.5,3,6,16.7,17,70.8,8.5,8.5,2,100,11,5.5,8,4,1,0.14,100,2,0,0,1,0.25,141.7,1,25,1,50,2,100,0,0,0,0,1,1,100,1,2,1,50,2.31,1.964,0,75,25,0,9.7,3,4.85,1.52,3.33,2.42,0.76,3
2025,364,Charlie Woerner,ATL,TE,2,Cover 2,16.666666666666664,25,33,19,20.2,2,2.2,0.89,0.11,3.5,7,1.3,17,2.6,8.5,8.5,2,100,10,5,2,1,0,0.01,0,0,0,0,1,0.053,102.1,1,2,0,0,2,100,0,0,0,0,0,0,0,0,0,0,7.4,2.07,0.395,5.3,5.3,52.6,36.8,3.7,2.9,1.85,1.46,0.39,0.19,0.15,2.9
2025,365,John Bates,WAS,TE,2,Cover 4,17.073170731707318,13.333333333333334,40.6,21,33.9,2,4.2,0.81,0.1,1,2,0.6,17,5.3,8.5,8.5,2,100,15,7.5,5,2.5,0,0,0,0,0,0,1,0.048,102.1,2,6.3,1,50,2,100,0,0,0,0,0,0,0,0,0,0,11.8,1.79,0.556,9.5,28.6,61.9,0,3.7,3.3,1.85,1.66,0.19,0.18,0.16,3.3
2025,366,Kylen Granson,PHI,TE,1,Cover 4,22.666666666666664,22.22222222222222,20.2,17,16.3,2,2.3,1,0.12,8,16,2.4,17,3.2,8.5,8.5,2,100,1,0.5,1,0.5,0,0.03,0,1,0,0,1,0.059,102.1,1,1.8,0,0,2,100,0,0,0,0,0,0,0,0,0,0,11.8,1.13,0.338,5.9,41.2,52.9,0,3.7,4.2,3.7,4.17,-0.47,0.22,0.25,4.2
2025,367,Stone Smartt,NYJ,TE,2,Cover 1,15.686274509803921,33.33333333333333,9,8,20,3,8.6,2.13,0.38,3.67,11,4.3,17,16.3,5.67,8.5,2,66.7,8,4,6,3,0,0,0,0,0,0,1,0.125,81.3,3,10.7,0,0,2,66.7,0,0,0,0,1,1,100,0,0,0,37.5,-0.64,0.403,25,37.5,37.5,0,3.7,2.5,1.85,1.23,0.62,0.46,0.31,2.5
2025,368,Charlie Kolar,BLT,TE,1,Cover 1,24.731182795698924,8.333333333333332,23.3,23,19.2,1,0.9,0.74,0.04,13,13,1.2,17,1.7,17,17,1,100,4,4,0,0,0,0,0,0,0,0,1,0.043,118.8,1,1.4,0,0,1,100,0,0,0,0,0,0,0,0,0,0,4.3,7.04,1.142,0,4.3,95.7,0,2.7,2.4,2.7,2.38,0.32,0.12,0.1,2.4
2025,369,Travis Kelce,KC,TE,5,Red Zone,5.283757338551859,4.807692307692308,93.9,27,81.8,5,19.2,0.59,0.19,7.4,37,35.6,16,29.6,3.2,5.33,3,60,1,0.33,0,0,2,1.98,33.3,5,3,2,2,0.074,105,3,20,0,0,3,60,0,0,0,0,2,2,100,0,0,0,25,-4.11,0.843,48.1,40.7,11.1,0,16.6,16,3.32,3.2,0.12,0.61,0.59,16
2025,370,Mo Alie-Cox,IND,TE,2,Cover 6,16.216216216216218,10.526315789473683,29.1,18,22.8,2,2.9,0.89,0.11,5,10,1.6,16,3.4,8,8,2,100,6,3,1,0.5,0,0,0,0,0,0,0,0,100,2,3.8,0,0,2,100,0,0,0,0,0,0,0,0,0,0,10,1.52,0.418,5.6,11.1,83.3,0,3.6,3.6,1.8,1.79,0.01,0.2,0.2,3.6
2025,371,Mo Alie-Cox,IND,TE,1,Miscellaneous,0,5.263157894736842,0,0,0,1,0,16,1,0,0,0,16,0,16,16,1,100,0,0,0,0,0,0,0,0,0,0,1,0,118.8,1,0,0,0,1,100,0,0,0,0,0,0,0,0,0,0,0,0,3.513,0,0,0,0,2.6,0,2.6,0,2.6,0,0,0
2025,372,Albert Okwuegbunam,LV,TE,1,Cover 3,21.73913043478261,33.33333333333333,2.8,5,71.4,2,28.6,3.2,0.4,10,20,28.6,16,22.2,8,16,1,50,15,15,2,2,0,0,0,1,1,0,1,0.2,77.1,1,25,0,0,1,50,0,0,0,0,0,0,0,0,0,0,40,-0.19,-0.113,0,60,40,0,2.6,1.6,2.6,1.56,1.04,0.52,0.31,1.6
2025,373,Shane Zylstra,DET,TE,1,Cover 3,25.64102564102564,60,11.5,20,34.5,3,5.8,0.8,0.15,8.67,26,7.9,16,4.3,5.33,8,2,66.7,1,0.5,0,0,0,0,0,0,0,0,0,0,79.9,2,6.1,0,0,2,66.7,0,0,0,0,1,1,100,0,0,0,15.8,-2.33,-0.359,20,50,30,0,3.6,2.9,3.6,2.92,0.68,0.18,0.15,2.9
2025,374,Brock Wright,DET,TE,2,Cover 4,11.711711711711711,11.11111111111111,23.5,13,29.5,2,4.8,1.23,0.15,3,6,1.9,16,3.9,8,8,2,100,10,5,2,1,0,0.01,0,0,0,0,1,0.077,100,1,3.6,0,0,2,100,0,0,0,0,0,0,0,0,0,0,11.8,1.87,0.704,7.7,23.1,69.2,0,3.6,3.4,1.8,1.69,0.11,0.28,0.26,3.4
2025,375,Jeremy Ruckert,NYJ,TE,2,Cover 1,13.294797687861271,10.714285714285714,34,23,23,3,3.5,0.7,0.13,6.67,20,3,16,4.4,5.33,8,2,66.7,1,0.5,1,0.5,0,0.07,0,1,0,0,1,0.043,79.9,3,4.5,0,0,3,100,0,0,0,0,2,1,50,0,0,0,10.7,-1.76,-0.487,13,8.7,78.3,0,3.6,4.7,1.8,2.37,-0.57,0.16,0.21,4.7
2025,376,Jake Ferguson,DAL,TE,6,Red Zone,5.052631578947368,7.000000000000001,86.7,24,80,7,28,0.67,0.29,4.71,33,30.8,16,30.8,2.29,4,4,57.1,0,0,0,0,2,1.78,33.3,7,3,2,2,0.083,101.8,5,38.5,0,0,6,85.7,0,0,1,14.3,3,1,33.3,0,0,0,36.8,-4.51,0.236,4.2,62.5,33.3,0,17.6,16.4,2.93,2.74,0.19,0.73,0.68,16.4
2025,377,Will Mallory,IND,TE,1,Cover 3,71.42857142857143,100,2.8,5,20,1,4.3,3.2,0.2,16,16,8.1,16,8.9,16,16,1,100,0,0,0,0,0,0.02,0,0,0,0,1,0.2,118.8,0,0,0,0,1,100,0,0,0,0,1,1,100,1,0,0,20,5.81,1.518,0,60,40,0,2.6,2.1,2.6,2.15,0.45,0.52,0.43,2.1
2025,378,Tucker Kraft,GB,TE,1,Cover 0,1.5789473684210527,2.4390243902439024,31.6,3,42.9,1,14.3,5.33,0.33,-1,-1,-8.3,16,59.3,16,16,1,100,17,17,9,9,1,0.09,25,1,0,0,1,0.333,158.3,1,20,1,100,1,100,0,0,0,0,0,0,0,0,1,1,20,11.1,2.221,0,66.7,33.3,0,8.6,2,8.6,2.03,6.57,2.87,0.68,2
2025,379,Tyler Higbee,LA,TE,4,Cover 0,6.358381502890173,11.11111111111111,64.7,11,42.3,4,16,1.36,0.36,2.75,11,6.4,15,13.6,3.75,5,3,75,11,3.67,1,0.33,2,2.01,16.7,4,1,1,2,0.182,119.8,4,17.4,0,0,3,75,0,0,0,0,0,0,0,0,0,0,19,-2.65,-0.366,27.3,0,72.7,0,16.5,16.3,4.13,4.08,0.05,1.5,1.48,16.3
2025,380,Tyler Conklin,LAC,TE,4,Cover 1,24.358974358974358,40,12.5,19,17.8,4,4.1,0.79,0.21,1.5,6,0.8,15,2.3,3.75,7.5,2,50,14,7,8,4,0,0.02,0,0,0,0,0,0,59.4,4,5.2,1,25,3,75,0,0,1,25,0,0,0,0,2,1,23.5,-2.63,-1.173,10.5,47.4,42.1,0,3.5,5.1,0.88,1.28,-0.4,0.18,0.27,5.1
2025,381,Foster Moreau,NO,TE,2,Cover 3,44.927536231884055,30,19,31,22,3,2.5,0.48,0.1,2,6,0.6,15,1.8,5,7.5,2,66.7,12,6,8,4,0,0.03,0,1,0,0,1,0.032,78.5,2,2.4,0,0,2,66.7,0,0,0,0,0,0,0,0,1,0.5,8.8,-1.43,0.266,6.5,19.4,74.2,0,3.5,3.3,1.75,1.67,0.08,0.11,0.11,3.3
2025,382,Albert Okwuegbunam,LV,TE,1,Cover 2,17.391304347826086,50,4.8,4,50,3,37.5,3.75,0.75,1.67,5,26.3,15,39.5,5,5,3,100,10,3.33,5,1.67,0,0.01,0,0,0,0,1,0.25,87.5,3,50,1,33.3,3,100,0,0,0,0,0,0,0,0,1,0.33,75,-0.75,0.485,0,75,25,0,4.5,4.8,4.5,4.84,-0.34,1.13,1.21,4.8
2025,383,Pat Freiermuth,PIT,TE,2,Red Zone,4.713804713804714,3.7735849056603774,57.1,14,50,2,8,1.07,0.14,11,22,25.9,15,16,7.5,7.5,2,100,2,1,0,0,2,1.69,40,2,1,1,2,0.143,137.5,2,14.3,0,0,2,100,0,0,0,0,1,1,100,0,0,0,18.2,-0.72,2.524,14.3,57.1,28.6,0,15.5,12.9,7.75,6.46,1.29,1.11,0.92,12.9
2025,384,Kyle Pitts,ATL,TE,2,Cover 2 Man,2.5742574257425743,2.586206896551724,100,13,100,3,30,1.15,0.23,6,18,13,15,78.9,5,7.5,2,66.7,10,5,6,3,0,0,0,0,0,0,0,0,78.5,3,50,1,33.3,2,66.7,0,0,0,0,0,0,0,0,0,0,33.3,-2.32,-0.214,7.7,23.1,69.2,0,3.5,3.3,1.75,1.64,0.11,0.27,0.25,3.3
2025,385,Tommy Tremble,CAR,TE,3,Cover 6,3.875968992248062,8.333333333333332,35.1,10,27,3,9.7,1.5,0.3,2.67,8,8.9,15,7.9,5,5,3,100,7,2.33,2,0.67,0,0,0,0,0,0,0,0,87.5,3,17.6,0,0,3,100,0,0,0,0,0,0,0,0,0,0,27.3,-0.81,-0.169,0,30,70,0,4.5,5,1.5,1.65,-0.15,0.45,0.5,5
2025,386,John FitzPatrick,GB,TE,2,Cover 2,9.345794392523365,13.333333333333334,20,10,18.2,2,4.1,1.5,0.2,1.5,3,0.9,15,3.1,7.5,7.5,2,100,12,6,3,1.5,0,0,0,0,0,0,0,0,97.9,0,0,0,0,2,100,0,0,0,0,0,0,0,0,0,0,18.2,1.43,0.505,0,10,70,20,3.5,3.3,1.75,1.65,0.1,0.35,0.33,3.3
2025,387,Lucas Krull,DEN,TE,2,Cover 4,26.923076923076923,50,6.9,7,29.2,2,9.1,2.14,0.29,6,12,8.7,15,11.7,7.5,7.5,2,100,3,1.5,2,1,0,0.01,0,0,0,0,0,0,97.9,1,5.9,0,0,2,100,0,0,0,0,0,0,0,0,0,0,25,0.61,0.294,0,71.4,28.6,0,3.5,3.7,1.75,1.84,-0.09,0.5,0.52,3.7
2025,388,Chig Okonkwo,TEN,TE,1,Cover 0,1.8617021276595744,1.2987012987012987,64.3,7,50,1,9.1,2.14,0.14,16,16,44.4,15,53.6,15,15,1,100,-1,-1,-1,-1,0,0,0,0,0,0,1,0.143,118.8,0,0,0,0,1,100,0,0,0,0,1,1,100,0,0,0,20,4.81,1.63,0,42.9,57.1,0,2.5,2,2.5,2.01,0.49,0.36,0.29,2
2025,389,Nate Adkins,DEN,TE,1,Cover 2,14.634146341463413,10,13.6,6,12.2,1,2.3,2.5,0.17,4,4,1.5,15,4.9,15,15,1,100,11,11,4,4,0,0,0,0,0,0,1,0.167,118.8,0,0,0,0,1,100,0,0,0,0,0,0,0,0,0,0,8.3,8.93,1.361,16.7,16.7,66.7,0,2.5,1.7,2.5,1.69,0.81,0.42,0.28,1.7
2025,390,Tucker Kraft,GB,TE,1,Cover 2 Man,2.1052631578947367,4.878048780487805,40,4,80,2,50,3.75,0.5,17,34,53.1,15,31.3,7.5,15,1,50,0,0,0,0,1,0.99,100,1,1,1,1,0.25,114.6,1,50,0,0,1,50,0,0,0,0,1,1,100,0,0,0,66.7,-3.12,1.127,25,50,25,0,8.5,8.2,8.5,8.24,0.26,2.13,2.06,8.2
2025,391,Darren Waller,MIA,TE,1,Cover 2 Man,4.054054054054054,2.941176470588235,40,6,85.7,1,20,2.33,0.17,7,7,15.9,14,46.7,14,14,1,100,7,7,1,1,0,0,0,0,0,0,1,0.167,118.8,1,33.3,0,0,1,100,0,0,0,0,0,0,0,0,0,0,20,6.69,2.065,50,50,0,0,2.4,1.9,2.4,1.88,0.52,0.4,0.31,1.9
2025,392,Evan Engram,DEN,TE,3,Red Zone,4.747774480712167,4.054054054054054,51.6,16,53.3,3,12.5,0.88,0.19,3,9,8.6,14,28,4.67,7,2,66.7,9,4.5,5,2.5,1,0.43,33.3,3,0,0,1,0.063,116.7,0,0,0,0,3,100,0,0,0,0,0,0,0,0,1,0.5,30,-1.59,0.221,12.5,50,37.5,0,9.4,7.2,3.13,2.41,0.72,0.59,0.45,7.2
2025,393,Ian Thomas,LV,TE,2,Cover 2,9.45945945945946,15.384615384615385,21.4,7,8.5,2,2.7,2,0.29,4.5,9,2.1,14,3.3,7,7,2,100,5,2.5,1,0.5,0,0.01,0,0,0,0,0,0,95.8,2,4.2,0,0,2,100,0,0,0,0,0,0,0,0,0,0,11.8,0.29,0.118,0,0,100,0,3.4,3.4,1.7,1.68,0.02,0.49,0.48,3.4
2025,394,Mark Andrews,BLT,TE,1,Cover 2 Man,0.9463722397476341,1.4925373134328357,50,3,50,1,25,4.67,0.33,14,14,41.2,14,28,14,14,1,100,0,0,0,0,1,0.73,100,1,1,1,1,0.333,158.3,1,33.3,0,0,1,100,0,0,0,0,1,1,100,0,0,0,50,3.72,3.584,33.3,33.3,33.3,0,8.4,5.9,8.4,5.89,2.51,2.8,1.96,5.9
2025,395,Mike Gesicki,CIN,TE,2,Cover 2 Man,4.201680672268908,7.142857142857142,39.3,10,62.5,3,21.4,1.4,0.3,6,18,22.5,14,22.2,4.67,7,2,66.7,4,2,1,0.5,0,0.01,0,0,0,0,1,0.1,77.1,2,28.6,0,0,2,66.7,0,0,0,0,1,1,100,1,0,0,37.5,-3.45,0.526,10,90,0,0,3.4,2.9,1.7,1.44,0.26,0.34,0.29,2.9
2025,396,Drew Sample,CIN,TE,3,Cover 1,13.612565445026178,17.647058823529413,32.5,26,22.8,3,2.8,0.54,0.12,-0.33,-1,-0.1,14,2.1,4.67,7,2,66.7,14,7,5,2.5,0,0.01,0,0,0,0,1,0.038,77.1,1,1.2,0,0,2,66.7,0,0,0,0,0,0,0,0,0,0,8.8,-0.71,0.039,3.8,11.5,65.4,19.2,3.4,3.3,1.13,1.11,0.02,0.13,0.13,3.3
2025,397,Adam Trautman,DEN,TE,3,Cover 6,11.44578313253012,17.391304347826086,40.8,19,25,4,5.7,0.74,0.21,8,32,7.4,14,3.4,3.5,7,2,50,7,3.5,1,0.5,0,0.01,0,0,0,0,0,0,58.3,1,2.6,0,0,3,75,0,0,0,0,0,0,0,0,0,0,16.7,-4.47,-0.127,10.5,15.8,68.4,5.3,3.4,6.2,1.13,2.08,-0.95,0.18,0.33,6.2
2025,398,Quintin Morris,JAX,TE,1,Cover 2,12.307692307692308,14.285714285714285,14.8,8,15.1,1,2.1,1.75,0.13,10,10,2.9,14,2.8,14,14,1,100,4,4,0,0,0,0.03,0,0,0,0,1,0.125,118.8,1,3.6,0,0,1,100,0,0,0,0,0,0,0,0,0,0,11.1,6.23,0.852,37.5,25,25,12.5,2.4,2.3,2.4,2.31,0.09,0.3,0.29,2.3
2025,399,Noah Gray,KC,TE,2,Cover 2 Man,2.336448598130841,6.0606060606060606,33.3,5,33.3,2,15.4,2.8,0.4,2.5,5,2.9,14,25.5,7,7,2,100,9,4.5,2,1,0,0,0,0,0,0,1,0.2,95.8,1,12.5,0,0,2,100,0,0,0,0,0,0,0,0,0,0,66.7,0.65,1.02,60,20,20,0,3.4,3.3,1.7,1.66,0.04,0.68,0.66,3.3
2025,400,Jack Stoll,NO,TE,2,Cover 4,20.930232558139537,20,11.3,9,6.1,2,1.5,1.56,0.22,3.5,7,0.6,14,1.4,7,7,2,100,7,3.5,2,1,0,0,0,0,0,0,0,0,95.8,1,1.1,0,0,2,100,0,0,0,0,0,0,0,0,0,0,12.5,0.57,0.241,0,11.1,66.7,22.2,3.4,3.5,1.7,1.73,-0.03,0.38,0.38,3.5
2025,401,Hunter Long,JAX,TE,2,Cover 6,9.821428571428571,18.75,29.2,11,35.5,3,11.1,1.27,0.27,4.33,13,5.7,14,8.6,4.67,7,2,66.7,6,3,3,1.5,0,0.01,0,0,0,0,0,0,77.1,0,0,0,0,3,100,0,0,1,33.3,0,0,0,0,0,0,25,-1.76,0.207,18.2,36.4,45.5,0,3.4,5.2,1.7,2.6,-0.9,0.31,0.47,5.2
2025,402,Zaire Mitchell-Paden,NO,TE,1,Cover 4,11.11111111111111,33.33333333333333,5.7,1,1.9,1,2.1,14,1,9,9,3.4,14,4.2,14,14,1,100,5,5,1,1,0,0.02,0,0,0,0,1,1,118.8,1,3.7,0,0,1,100,0,0,0,0,0,0,0,0,0,0,50,6.74,1.584,0,100,0,0,2.4,2.3,2.4,2.32,0.08,2.4,2.32,2.3
2025,403,Tanner Conner,MIA,TE,1,Cover 2 Man,6.25,6.666666666666667,40,6,60,1,10,2.33,0.17,11,11,17.7,14,15.4,14,14,1,100,3,3,0,0,0,0,0,0,0,0,1,0.167,118.8,1,11.1,0,0,1,100,0,0,0,0,0,0,0,0,0,0,16.7,5.26,2.206,16.7,83.3,0,0,2.4,2.3,2.4,2.26,0.14,0.4,0.38,2.3
2025,404,Stone Smartt,NYJ,TE,2,Cover 4,13.725490196078432,33.33333333333333,11.5,7,16.7,3,8.6,2,0.43,4.67,14,6.3,14,7.4,4.67,4.67,3,100,0,0,0,0,0,0,0,0,0,0,1,0.143,86.1,3,11.1,0,0,3,100,0,0,0,0,2,2,100,0,0,0,42.9,-1.74,0.069,0,71.4,28.6,0,4.4,3.9,2.2,1.95,0.25,0.63,0.56,3.9
2025,405,Nate Adkins,DEN,TE,2,Cover 3,34.146341463414636,20,9,14,12.3,2,2,1,0.14,3.5,7,0.8,14,1.9,7,7,2,100,7,3.5,4,2,0,0,0,0,0,0,1,0.071,95.8,2,2.7,0,0,2,100,0,0,0,0,0,0,0,0,0,0,11.8,0.57,0.66,0,14.3,78.6,7.1,3.4,3.4,1.7,1.72,-0.02,0.24,0.25,3.4
2025,406,Brock Bowers,LV,TE,2,Cover 0,2.9177718832891246,2.4096385542168677,54.5,11,73.3,2,15.4,1.27,0.18,4.5,9,12,14,12.4,7,7,2,100,5,2.5,0,0,1,0.84,33.3,1,1,1,1,0.091,135.4,1,14.3,0,0,2,100,0,0,0,0,1,1,100,1,0,0,33.3,0.16,1.062,27.3,45.5,27.3,0,9.4,7.9,4.7,3.96,0.74,0.85,0.72,7.9
2025,407,Colson Yankoff,WAS,TE,1,Cover 3,38.46153846153847,33.33333333333333,10.4,10,6.4,1,0.8,1.4,0.1,13,13,1.4,14,1.4,14,14,1,100,1,1,-1,-1,0,0.01,0,0,0,0,1,0.1,118.8,1,1.3,0,0,1,100,0,0,0,0,0,0,0,0,0,0,6.3,4.04,1,10,40,40,10,2.4,2.4,2.4,2.35,0.05,0.24,0.24,2.4
2025,408,Keleki Latu,BUF,TE,1,Cover 3,41.935483870967744,25,7.3,13,17.3,1,1.6,1.08,0.08,0,0,0,14,2.3,14,14,1,100,14,14,8,8,0,0.01,0,0,0,0,1,0.077,118.8,1,2.6,0,0,1,100,0,0,0,0,0,0,0,0,1,1,7.7,8.71,1.886,23.1,30.8,46.2,0,2.4,1.9,2.4,1.89,0.51,0.18,0.15,1.9
2025,409,Darren Waller,MIA,TE,1,Cover 0,2.7027027027027026,5.88235294117647,30.8,4,66.7,2,33.3,3.25,0.5,11,22,56.4,13,81.3,6.5,6.5,2,100,0,0,0,0,2,1.73,66.7,2,2,2,2,0.5,133.3,2,50,0,0,2,100,0,0,0,0,1,1,100,1,0,0,100,-1.72,3.033,25,25,50,0,15.3,13,15.3,13.02,2.28,3.83,3.26,13
2025,410,Darren Waller,MIA,TE,3,Cover 1,11.486486486486488,8.823529411764707,30.9,17,60.7,3,13,0.76,0.18,6.67,20,19.4,13,12,4.33,6.5,2,66.7,4,2,2,1,0,0.03,0,0,0,0,2,0.118,75.7,3,17.6,0,0,3,100,0,0,0,0,2,1,50,0,0,0,23.1,-2.76,1.44,47.1,41.2,11.8,0,3.3,3.9,1.1,1.3,-0.2,0.19,0.23,3.9
2025,411,Austin Hooper,NE,TE,2,Cover 6,7.567567567567568,8,36.4,14,32.6,2,6.3,0.93,0.14,6,12,3.9,13,5.3,6.5,6.5,2,100,1,0.5,1,0.5,0,0,0,0,0,0,0,0,93.8,0,0,0,0,2,100,0,0,0,0,1,1,100,0,0,0,22.2,-0.39,-0.334,14.3,0,85.7,0,3.3,3.1,1.65,1.57,0.08,0.24,0.22,3.1
2025,412,Hunter Henry,NE,TE,5,Cover 0,4.288939051918736,7.142857142857142,88.9,19,70.4,6,25,0.68,0.32,6.83,41,25.9,13,15.7,2.17,6.5,2,33.3,1,0.5,1,0.5,1,1.66,25,5,2,1,2,0.105,81.9,6,35.3,0,0,4,66.7,0,0,1,16.7,2,1,50,0,0,0,35.3,-5.16,-0.167,36.8,31.6,31.6,0,9.3,14.5,1.86,2.9,-1.04,0.49,0.76,14.5
2025,413,Foster Moreau,NO,TE,2,Cover 6,7.246376811594203,20,20.8,5,14.7,2,7.7,2.6,0.4,0.5,1,0.6,13,5.4,6.5,6.5,2,100,12,6,6,3,0,0.01,0,0,0,0,0,0,93.8,0,0,0,0,2,100,0,0,0,0,0,0,0,0,0,0,22.2,0.86,0.326,0,0,100,0,3.3,3.3,1.65,1.64,0.01,0.66,0.65,3.3
2025,414,Josh Oliver,MIN,TE,5,Cover 1,20.388349514563107,33.33333333333333,25.7,21,22.8,6,7.8,0.62,0.29,0.67,4,0.5,13,2.9,2.17,3.25,4,66.7,11,2.75,3,0.75,1,1.04,33.3,2,0,0,1,0.048,109.7,4,6.9,0,0,5,83.3,0,0,0,0,1,0,0,0,0,0,26.1,-3.73,-0.272,4.8,14.3,81,0,11.3,12.8,2.26,2.57,-0.31,0.54,0.61,12.8
2025,415,Kyle Pitts,ATL,TE,1,Bracket,0.7920792079207921,0.8620689655172413,100,4,100,1,33.3,3.25,0.25,4,4,14.8,13,65,13,13,1,100,9,9,6,6,0,0,0,0,0,0,1,0.25,118.8,0,0,0,0,1,100,0,0,0,0,0,0,0,0,0,0,33.3,6.93,1.589,50,25,25,0,2.3,1.7,2.3,1.72,0.58,0.57,0.43,1.7
2025,416,Tanner Conner,MIA,TE,1,Prevent,2.083333333333333,6.666666666666667,33.3,2,40,1,25,6.5,0.5,2,2,10,13,100,13,13,1,100,11,11,0,0,0,0,0,0,0,0,1,0.5,118.8,1,50,0,0,1,100,0,0,0,0,0,0,0,0,0,0,50,6.63,0.267,50,0,50,0,2.3,1.7,2.3,1.68,0.62,1.15,0.84,1.7
2025,417,Charlie Kolar,BLT,TE,2,Cover 0,4.301075268817205,16.666666666666664,10.5,4,10.5,2,6.1,3.25,0.5,5,10,4,13,5.4,6.5,6.5,2,100,5,2.5,0,0,2,1.75,25,2,1,1,2,0.5,133.3,2,9.5,0,0,2,100,0,0,0,0,0,0,0,0,0,0,50,0.02,1.674,0,0,100,0,15.3,13.5,7.65,6.76,0.89,3.83,3.38,13.5
2025,418,Darnell Washington,PIT,TE,3,Red Zone,6.593406593406594,6.976744186046512,64.3,12,48,3,13.6,1.08,0.25,4,12,14.5,13,14.8,4.33,6.5,2,66.7,8,4,2,1,0,0.26,0,3,1,0,1,0.083,75.7,3,23.1,0,0,3,100,0,0,0,0,1,0,0,0,0,0,21.4,-2.05,-1.7,33.3,16.7,50,0,3.3,4.9,1.1,1.64,-0.54,0.27,0.41,4.9
2025,419,Brock Bowers,LV,TE,4,Red Zone,1.5915119363395225,4.819277108433735,53.8,6,85.7,4,57.1,2.17,0.67,9.5,38,84.4,13,48.1,3.25,6.5,2,50,0,0,0,0,2,1.94,50,4,3,2,2,0.333,96.9,2,50,0,0,3,75,0,0,0,0,2,1,50,0,0,0,57.1,-5.31,0.813,0,50,50,0,15.3,14.4,3.83,3.6,0.23,2.55,2.4,14.4
2025,420,Ja'Tavion Sanders,CAR,TE,4,Cover 1,19.431279620853083,11.76470588235294,41.7,41,53.9,4,6,0.32,0.1,8.5,34,5.7,13,3,3.25,4.33,3,75,1,0.33,1,0.33,1,1.29,33.3,4,2,1,2,0.049,117.7,2,4.4,0,0,3,75,0,0,0,0,0,0,0,0,2,0.67,12.1,-5.05,0.512,29.3,56.1,12.2,2.4,10.3,12.2,2.58,3.05,-0.47,0.25,0.3,12.2
2025,421,AJ Barner,SEA,TE,4,Red Zone,4.678362573099415,6.25,95,16,80,4,25,0.81,0.25,6.25,25,33.8,13,34.2,3.25,6.5,2,50,4,2,3,1.5,2,1.46,66.7,4,2,0,2,0.125,96.9,3,37.5,0,0,3,75,0,0,0,0,1,0,0,0,1,0.5,30.8,-3.82,0.419,0,18.8,81.3,0,15.3,12.3,3.83,3.06,0.77,0.96,0.77,12.3
2025,422,Hunter Henry,NE,TE,3,Cover 2 Man,2.2573363431151243,3.571428571428571,84.6,10,76.9,3,25,1.2,0.3,11,33,30.3,12,14.8,4,12,1,33.3,6,6,6,6,0,0,0,0,0,0,1,0.1,46.5,2,25,0,0,2,66.7,0,0,1,33.3,1,1,100,0,0,0,30,-4.8,-0.203,10,80,0,10,2.2,3.1,0.73,1.03,-0.3,0.22,0.31,3.1
2025,423,Ian Thomas,LV,TE,1,Cover 1,17.56756756756757,7.6923076923076925,29.4,13,11.8,1,1.1,0.92,0.08,10,10,1.2,12,2.1,12,12,1,100,2,2,1,1,0,0,0,0,0,0,1,0.077,116.7,0,0,0,0,1,100,0,0,0,0,0,0,0,0,0,0,3.3,4.23,0.641,15.4,23.1,61.5,0,2.2,2.1,2.2,2.13,0.07,0.17,0.16,2.1
2025,424,Drew Sample,CIN,TE,2,Cover 2,18.32460732984293,11.76470588235294,31.6,35,20.5,2,1.3,0.34,0.06,-2.5,-5,-0.6,12,1.3,6,6,2,100,17,8.5,5,2.5,0,0.02,0,0,0,0,0,0,91.7,0,0,0,0,2,100,0,0,0,0,0,0,0,0,0,0,4.8,0.64,0.168,2.9,2.9,68.6,25.7,3.2,3.2,1.6,1.62,-0.02,0.09,0.09,3.2
2025,425,Noah Fant,CIN,TE,3,Cover 1,17.098445595854923,7.6923076923076925,31.6,33,31.7,3,3.1,0.36,0.09,3,9,1,12,2,4,4,3,100,4,1.33,4,1.33,1,0.95,10,1,1,1,1,0.03,122.9,3,4,0,0,3,100,0,0,0,0,0,0,0,0,0,0,9.1,-2.23,0.564,15.2,57.6,27.3,0,10.2,10.4,3.4,3.46,-0.06,0.31,0.31,10.4
2025,426,Kyle Pitts,ATL,TE,2,Red Zone,2.7722772277227725,1.7241379310344827,88.2,14,82.4,2,14.3,0.86,0.14,7,14,17.1,12,21.8,6,6,2,100,0,0,0,0,2,1.47,33.3,2,2,2,2,0.143,131.3,2,20,0,0,2,100,0,0,0,0,0,0,0,0,0,0,16.7,-0.87,2.84,7.1,64.3,28.6,0,15.2,11.3,7.6,5.67,1.93,1.09,0.81,11.3
2025,427,Connor Heyward,PIT,TE,1,Red Zone,27.27272727272727,25,14.3,3,10.7,1,4,4,0.33,20,20,23.5,12,12.8,12,12,1,100,0,0,0,0,1,0.65,20,1,1,1,1,0.333,156.3,0,0,0,0,1,100,1,0,0,0,1,1,100,0,0,0,50,0.24,2.224,33.3,0,33.3,33.3,8.2,5.4,8.2,5.37,2.83,2.73,1.79,5.4
2025,428,Tucker Fisk,LAC,TE,1,Cover 3,46.666666666666664,33.33333333333333,17.9,21,22.3,1,1.2,0.57,0.05,0,0,0,12,1.9,12,12,1,100,12,12,3,3,0,0,0,0,0,0,1,0.048,116.7,0,0,0,0,1,100,0,0,0,0,0,0,0,0,0,0,5,6.71,0.798,9.5,9.5,76.2,4.8,2.2,1.6,2.2,1.59,0.61,0.1,0.08,1.6
2025,429,Luke Schoonmaker,DAL,TE,1,Cover 2 Man,1.5037593984962405,4.3478260869565215,8.3,2,8.3,1,5,6,0.5,12,12,8.2,12,7.4,12,12,1,100,0,0,0,0,0,0,0,0,0,0,1,0.5,116.7,1,7.7,0,0,1,100,0,0,0,0,1,1,100,0,0,0,50,3.33,1.237,0,50,50,0,2.2,1.3,2.2,1.29,0.91,1.1,0.65,1.3
2025,430,Sam LaPorta,DET,TE,2,Red Zone,3.056768558951965,4.081632653061225,38.1,7,87.5,2,25,1.71,0.29,-1,-2,-6.3,12,36.4,6,6,2,100,14,7,2,1,1,0.93,25,2,0,0,1,0.143,131.3,0,0,0,0,2,100,0,0,0,0,0,0,0,0,1,0.5,25,0.93,0.894,14.3,42.9,28.6,14.3,9.2,8.6,4.6,4.28,0.32,1.31,1.22,8.6
2025,431,Davis Allen,LA,TE,3,Cover 0,3.910614525139665,9.090909090909092,52.9,7,20.6,3,9.1,1.71,0.43,8.33,25,11.4,12,9,4,6,2,66.7,5,2.5,2,1,2,1.36,13.3,3,2,1,2,0.286,113.9,2,6.7,0,0,2,66.7,0,0,0,0,0,0,0,0,0,0,16.7,-3.59,0.912,28.6,28.6,42.9,0,15.2,11,5.07,3.68,1.39,2.17,1.58,11
2025,432,Luke Musgrave,GB,TE,3,Cover 4,14.871794871794872,9.67741935483871,42,29,35.8,3,4.2,0.41,0.1,4,12,1.8,12,1.9,4,4,3,100,0,0,0,0,0,0,0,0,0,0,0,0,83.3,3,7,0,0,3,100,0,0,0,0,2,2,100,0,0,0,10.3,-2.49,-0.424,10.3,24.1,65.5,0,4.2,3.7,1.4,1.23,0.17,0.14,0.13,3.7
2025,433,Cade Stover,HST,TE,2,Red Zone,4.477611940298507,12.5,9.4,3,16.7,2,11.8,4,0.67,2,4,4,12,19.7,6,6,2,100,8,4,4,2,0,0.52,0,2,0,0,0,0,91.7,2,18.2,0,0,2,100,0,0,0,0,0,0,0,0,0,0,66.7,0.32,0.259,0,0,100,0,3.2,6.1,1.6,3.07,-1.47,1.07,2.05,6.1
2025,434,Harold Fannin,CLV,TE,2,Cover 2 Man,3.970223325062035,1.9230769230769231,85.7,16,76.2,2,14.3,0.75,0.13,11.5,23,24,12,11.1,6,12,1,50,0,0,0,0,0,0.01,0,0,0,0,1,0.063,68.8,1,11.1,0,0,1,50,0,0,0,0,0,0,0,0,0,0,18.2,-2.7,0.356,6.3,62.5,31.3,0,2.2,2.2,1.1,1.11,-0.01,0.14,0.14,2.2
2025,435,Hunter Henry,NE,TE,1,Bracket,0.6772009029345373,1.1904761904761905,100,3,100,1,50,3.67,0.33,11,11,42.3,11,100,11,11,1,100,0,0,0,0,0,0.01,0,0,0,0,0,0,112.5,0,0,0,0,1,100,0,0,0,0,1,1,100,0,0,0,50,2.26,0.966,33.3,66.7,0,0,2.1,1.3,2.1,1.32,0.78,0.7,0.44,1.3
2025,436,Dallas Goedert,PHI,TE,1,Cover 2 Man,1.9417475728155338,2.5,80,8,100,2,25,1.38,0.25,12.5,25,28.4,11,15.3,5.5,11,1,50,10,10,2,2,0,0.01,0,0,0,0,1,0.125,66.7,2,50,0,0,1,50,1,0,0,0,0,0,0,0,0,0,33.3,-5.11,0.31,12.5,75,12.5,0,2.1,1.9,2.1,1.85,0.25,0.26,0.23,1.9
2025,437,Dalton Schultz,HST,TE,3,Red Zone,5.520169851380043,3.8834951456310676,90.6,26,81.3,4,13.3,0.42,0.15,12.25,49,21.5,11,9.3,2.75,5.5,2,50,0,0,0,0,2,1.24,20,4,4,2,2,0.077,95.8,2,10,0,0,2,50,0,0,0,0,0,0,0,0,0,0,14.8,-6.52,0.634,19.2,23.1,57.7,0,15.1,9.4,5.03,3.14,1.89,0.58,0.36,9.4
2025,438,Durham Smythe,CHI,TE,2,Cover 3,42.857142857142854,33.33333333333333,20,30,12.5,2,0.9,0.37,0.07,4.5,9,0.5,11,0.7,5.5,11,1,50,6,6,1,1,0,0.04,0,0,0,0,1,0.033,66.7,1,0.8,0,0,2,100,0,0,0,0,1,0,0,0,0,0,4.5,-0.77,0.246,13.3,13.3,60,13.3,2.1,3.2,1.05,1.62,-0.57,0.07,0.11,3.2
2025,439,Quintin Morris,JAX,TE,1,Cover 4,18.461538461538463,14.285714285714285,14.7,12,16,1,1.5,0.92,0.08,11,11,1.9,11,2,11,11,1,100,0,0,0,0,0,0.01,0,0,0,0,1,0.083,112.5,1,2.2,0,0,1,100,0,0,0,0,0,0,0,0,0,0,8.3,2.26,0.563,25,16.7,58.3,0,2.1,2.4,2.1,2.38,-0.28,0.18,0.2,2.4
2025,440,Jack Stoll,NO,TE,4,Cover 3,37.2093023255814,50,12.7,16,8.2,5,3,0.69,0.31,3.2,16,1.2,11,1,2.2,5.5,2,40,7,3.5,2,1,0,0,0,0,0,0,1,0.063,8.3,4,3.4,0,0,2,40,0,0,0,0,1,1,100,0,0,0,22.7,-3.9,-0.826,0,25,56.3,18.8,3.1,2.9,0.78,0.71,0.07,0.19,0.18,2.9
2025,441,Hunter Long,JAX,TE,1,Bracket,2.6785714285714284,6.25,50,3,75,1,50,3.67,0.33,6,6,35.3,11,61.1,11,11,1,100,5,5,3,3,0,0,0,0,0,0,1,0.333,112.5,0,0,0,0,1,100,0,0,0,0,0,0,0,0,0,0,100,3.91,3.253,33.3,33.3,33.3,0,2.1,1.9,2.1,1.85,0.25,0.7,0.62,1.9
2025,442,Hunter Long,JAX,TE,3,Cover 1,16.964285714285715,18.75,21.7,19,35.2,3,6,0.58,0.16,1.67,5,1.1,11,2.8,3.67,5.5,2,66.7,8,4,0,0,0,0.03,0,0,0,0,1,0.053,72.9,3,7.5,0,0,3,100,0,0,1,33.3,0,0,0,0,0,0,13.6,-2.33,0.137,21.1,31.6,47.4,0,3.1,5.1,1.03,1.71,-0.68,0.16,0.27,5.1
2025,443,Greg Dulcich,MIA,TE,1,Red Zone,3.937007874015748,3.225806451612903,33.3,5,45.5,1,10,2.2,0.2,13,13,18.1,11,28.9,11,11,1,100,0,0,0,0,1,0.95,25,1,1,1,1,0.2,152.1,1,14.3,0,0,1,100,0,0,0,0,0,0,0,0,0,0,20,1.04,3.562,20,40,40,0,8.1,7.6,8.1,7.62,0.48,1.62,1.52,7.6
2025,444,James Mitchell,CAR,TE,1,Cover 6,18.181818181818183,33.33333333333333,5.4,2,28.6,1,20,5.5,0.5,1,1,7.7,11,22.4,11,11,1,100,10,10,3,3,0,0,0,0,0,0,1,0.5,112.5,1,33.3,0,0,1,100,0,0,0,0,0,0,0,0,0,0,50,5.22,0.893,0,50,50,0,2.1,1.6,2.1,1.65,0.45,1.05,0.82,1.6
2025,445,Trey McBride,ARZ,TE,4,Cover 0,2.0989505247376314,2.4242424242424243,93.8,14,87.5,4,26.7,0.79,0.29,5.5,22,17.2,11,19,2.75,2.75,4,100,-1,-0.25,1,0.25,2,1.94,66.7,4,3,2,2,0.143,118.8,3,23.1,0,0,4,100,0,0,0,0,1,1,100,0,0,0,30.8,-3.94,0.13,21.4,57.1,21.4,0,17.1,15.2,4.28,3.81,0.47,1.22,1.09,15.2
2025,446,Luke Schoonmaker,DAL,TE,1,Cover 0,9.022556390977442,4.3478260869565215,37.5,12,37.5,1,3.1,0.92,0.08,2,2,1.5,11,6.9,11,11,1,100,9,9,3,3,0,0,0,0,0,0,1,0.083,112.5,1,4.2,0,0,1,100,0,0,0,0,0,0,0,0,0,0,9.1,4.63,0.625,0,8.3,91.7,0,2.1,1.6,2.1,1.64,0.46,0.18,0.14,1.6
2025,447,Brenton Strange,JAX,TE,2,Red Zone,3.508771929824561,3.389830508474576,52.2,10,58.8,2,13.3,1.1,0.2,6,12,15.6,11,20.8,5.5,5.5,2,100,4,2,1,0.5,1,1.02,20,2,1,1,1,0.1,129.2,2,22.2,0,0,2,100,0,0,0,0,0,0,0,0,0,0,22.2,-1.48,0.853,20,30,50,0,9.1,9,4.55,4.49,0.06,0.91,0.9,9
2025,448,Payne Durham,TB,TE,2,Cover 4,21.153846153846153,50,19.8,11,10.9,2,2.2,1,0.18,-1,-2,-0.2,11,1.5,5.5,11,1,50,11,11,1,1,0,0,0,0,0,0,1,0.091,66.7,2,3.4,0,0,2,100,0,0,1,50,0,0,0,0,0,0,10.5,0.43,0.023,0,36.4,54.5,9.1,2.1,3.2,1.05,1.59,-0.54,0.19,0.29,3.2
2025,449,Sam LaPorta,DET,TE,1,Cover 0,2.6200873362445414,2.0408163265306123,30.6,6,54.5,1,9.1,1.83,0.17,2,2,4.1,11,20.8,11,11,1,100,9,9,3,3,0,0,0,0,0,0,1,0.167,112.5,1,16.7,0,0,1,100,0,0,0,0,0,0,0,0,0,0,11.1,4.63,1.953,16.7,83.3,0,0,2.1,1.7,2.1,1.68,0.42,0.35,0.28,1.7
2025,450,Davis Allen,LA,TE,2,Cover 4,22.3463687150838,6.0606060606060606,43.4,40,35.4,2,1.9,0.28,0.05,3,6,0.7,11,1.6,5.5,5.5,2,100,5,2.5,3,1.5,0,0.01,0,0,0,0,0,0,89.6,1,1.5,0,0,2,100,0,0,0,0,0,0,0,0,0,0,4.9,-0.63,-0.092,37.5,17.5,45,0,3.1,3.1,1.55,1.55,0,0.08,0.08,3.1
2025,451,Mitchell Evans,CAR,TE,3,Cover 2,12.295081967213115,13.636363636363635,22.2,15,18.5,3,4.1,0.73,0.2,3,9,2.1,11,2,3.67,5.5,2,66.7,5,2.5,2,1,0,0.01,0,0,0,0,1,0.067,72.9,1,2.8,0,0,3,100,0,0,1,33.3,1,1,100,0,0,0,30,-2.59,-0.376,6.7,20,73.3,0,3.1,4.6,1.03,1.52,-0.49,0.21,0.3,4.6
2025,452,David Njoku,CLV,TE,2,Red Zone,2.7131782945736433,4.444444444444445,53.3,7,70,2,22.2,1.43,0.29,5,10,16.1,10,55.6,5,5,2,100,7,3.5,2,1,2,1.56,66.7,2,1,1,2,0.286,127.1,2,50,0,0,2,100,0,0,0,0,1,1,100,1,0,0,33.3,-2.05,1.755,28.6,42.9,28.6,0,15,11.7,7.5,5.85,1.65,2.14,1.67,11.7
2025,453,Tanner Hudson,CIN,TE,2,Red Zone,5.660377358490567,12.5,37.5,6,54.5,3,27.3,1.67,0.5,5.67,17,23,10,26.3,3.33,5,2,66.7,5,2.5,2,1,1,0.87,25,3,1,1,1,0.167,111.1,3,33.3,0,0,3,100,0,0,0,0,1,0,0,0,0,0,50,-3.39,0.626,33.3,66.7,0,0,9,8.1,4.5,4.04,0.46,1.5,1.35,8.1
2025,454,Mike Gesicki,CIN,TE,3,Bracket,4.201680672268908,7.142857142857142,33.3,10,76.9,3,25,1,0.3,5.67,17,12.4,10,8.3,3.33,5,2,66.7,1,0.5,1,0.5,0,0.09,0,1,0,0,1,0.1,71.5,3,30,0,0,3,100,0,0,0,0,3,2,66.7,0,0,0,33.3,-3.8,0.039,20,80,0,0,3,3.1,1,1.02,-0.02,0.3,0.31,3.1
2025,455,John Bates,WAS,TE,1,Cover 6,7.317073170731707,13.333333333333334,32.1,9,17,2,4.8,1.11,0.22,5.5,11,3.6,10,2.7,5,10,1,50,9,9,3,3,0,0,0,0,0,0,1,0.111,64.6,2,8,0,0,2,100,0,0,1,50,0,0,0,0,0,0,15.4,-1.77,1.006,0,0,100,0,2,3.8,2,3.83,-1.83,0.22,0.43,3.8
2025,456,Charlie Kolar,BLT,TE,1,Cover 4,8.60215053763441,8.333333333333332,22.6,8,15.1,1,2.3,1.25,0.13,10,10,3.7,10,3.5,10,10,1,100,0,0,0,0,0,0,0,0,0,0,1,0.125,108.3,0,0,0,0,1,100,0,0,0,0,1,1,100,0,0,0,14.3,2.23,1.12,12.5,0,87.5,0,2,1,2,1.03,0.97,0.25,0.13,1
2025,457,Cade Stover,HST,TE,3,Cover 4,16.417910447761194,25,12.4,11,20.8,4,7.8,0.91,0.36,0.25,1,0.3,10,2.7,2.5,5,2,50,11,5.5,4,2,0,0.08,0,0,0,0,1,0.091,56.3,4,10.3,0,0,4,100,0,0,1,25,1,0,0,0,0,0,36.4,-2.96,-0.1,9.1,18.2,72.7,0,3,6.4,1,2.14,-1.14,0.27,0.58,6.4
2025,458,Tip Reiman,ARZ,TE,2,Cover 3,31.25,40,5.4,10,21.7,2,5.1,1,0.2,5.5,11,4.8,10,4.5,5,10,1,50,5,5,2,2,0,0,0,0,0,0,1,0.1,64.6,2,6.7,0,0,1,50,0,0,0,0,0,0,0,0,0,0,22.2,-1.79,0.449,10,10,80,0,2,1.8,1,0.9,0.1,0.2,0.18,1.8
2025,459,Elijah Arroyo,SEA,TE,1,Cover 2 Man,2.2556390977443606,4,33.3,3,25,1,9.1,3.33,0.33,6,6,16.7,10,13.3,10,10,1,100,4,4,2,2,0,0.01,0,0,0,0,1,0.333,108.3,1,14.3,0,0,1,100,0,0,0,0,0,0,0,0,0,0,33.3,2.91,1.079,33.3,33.3,33.3,0,2,1.8,2,1.8,0.2,0.67,0.6,1.8
2025,460,Austin Hooper,NE,TE,1,Cover 4,10.81081081081081,4,34.3,20,30.8,1,1.8,0.45,0.05,6,6,1.1,9,1.7,9,9,1,100,3,3,2,2,0,0.04,0,0,0,0,0,0,104.2,0,0,0,0,1,100,0,0,0,0,0,0,0,0,0,0,5.3,1.91,0.514,30,5,65,0,1.9,2.2,1.9,2.18,-0.28,0.1,0.11,2.2
2025,461,Eric Saubert,SEA,TE,1,Cover 4,18.867924528301888,20,18.8,10,14.3,1,1.6,0.9,0.1,8,8,1.5,9,1.3,9,9,1,100,1,1,1,1,0,0,0,0,0,0,1,0.1,104.2,0,0,0,0,1,100,0,0,0,0,0,0,0,0,0,0,5.6,1.28,1.453,0,20,80,0,1.9,2,1.9,2.03,-0.13,0.19,0.2,2
2025,462,David Njoku,CLV,TE,1,Bracket,1.550387596899225,2.2222222222222223,66.7,4,100,1,25,2.25,0.25,10,10,38.5,9,64.3,9,9,1,100,0,0,0,0,1,0.83,50,1,1,1,1,0.25,143.8,1,33.3,0,0,1,100,0,0,0,0,0,0,0,0,0,0,25,1.23,3.194,0,75,25,0,7.9,6.5,7.9,6.54,1.36,1.98,1.64,6.5
2025,463,Kylen Granson,PHI,TE,3,Cover 3,20,33.33333333333333,13.5,15,8.8,3,2.1,0.6,0.2,5.33,16,1.2,9,0.8,3,4.5,2,66.7,3,1.5,0,0,0,0.02,0,0,0,0,2,0.133,70.1,2,2.2,0,0,2,66.7,0,0,0,0,1,1,100,0,0,0,16.7,-3.8,-0.361,6.7,0,86.7,6.7,2.9,2.9,0.97,0.96,0.01,0.19,0.19,2.9
2025,464,James Mitchell,CAR,TE,1,Cover 1,18.181818181818183,33.33333333333333,1.9,2,6.5,1,3.3,4.5,0.5,-3,-3,-1.3,9,4.3,9,9,1,100,12,12,7,7,0,0,0,0,0,0,1,0.5,104.2,1,4.2,0,0,1,100,0,0,0,0,0,0,0,0,0,0,50,3.13,0.641,0,50,50,0,1.9,1.6,1.9,1.57,0.33,0.95,0.78,1.6
2025,465,Darnell Washington,PIT,TE,3,Cover 4,14.835164835164836,6.976744186046512,42.5,27,32.5,3,3.8,0.33,0.11,5,15,3.6,9,1.8,3,4.5,2,66.7,11,5.5,5,2.5,0,0.04,0,1,0,0,0,0,30.6,3,5.4,1,33.3,2,66.7,0,0,0,0,0,0,0,0,2,1,9.1,-4.77,-1.48,11.1,18.5,70.4,0,2.9,3.4,0.97,1.14,-0.17,0.11,0.13,3.4
2025,466,Ben Sims,MIN,TE,2,Cover 2,17.24137931034483,33.33333333333333,6.4,5,8.2,2,3.8,1.8,0.4,6,12,5.6,9,2.8,4.5,9,1,50,5,5,2,2,0,0.09,0,1,0,0,1,0.2,62.5,2,7.1,0,0,2,100,0,0,0,0,1,0,0,0,0,0,40,-2.39,0.117,20,20,60,0,1.9,3.4,0.95,1.68,-0.73,0.38,0.67,3.4
2025,467,Colston Loveland,CHI,TE,1,Cover 0,5.337078651685393,1.2658227848101267,62.2,19,52.8,1,3,0.47,0.05,6,6,2.2,9,6.7,9,9,1,100,3,3,1,1,0,0,0,0,0,0,1,0.053,104.2,1,5,0,0,1,100,0,0,0,0,0,0,0,0,0,0,6.3,1.91,3.022,10.5,31.6,52.6,5.3,1.9,1.8,1.9,1.81,0.09,0.1,0.1,1.8
2025,468,Ben Yurosek,MIN,TE,2,Cover 2,22.22222222222222,66.66666666666666,6.4,4,6.7,2,3.6,2.25,0.5,6,12,4,9,2.4,4.5,9,1,50,3,3,1,1,0,0,0,0,0,0,1,0.25,62.5,1,3.3,0,0,2,100,0,0,1,50,0,0,0,0,0,0,33.3,-2.59,0.224,0,0,100,0,1.9,3.5,0.95,1.77,-0.82,0.47,0.89,3.5
2025,469,Mason Taylor,NYJ,TE,7,Cover 1,16.314199395770395,14.285714285714285,67,54,67.5,9,13.4,0.17,0.17,3.89,35,6.7,9,3,1,1.8,5,55.6,2,0.4,1,0.2,0,0.01,0,1,1,0,1,0.019,21.3,7,13.7,0,0,7,77.8,0,0,2,22.2,3,2,66.7,0,0,0,17.3,-5.85,-0.936,20.4,44.4,29.6,5.6,5.9,9.2,0.84,1.31,-0.47,0.11,0.17,9.2
2025,470,Mo Alie-Cox,IND,TE,1,Red Zone,0.9009009009009009,5.263157894736842,23.5,1,5.9,1,6.7,8,1,0,0,0,8,14.5,8,8,1,100,8,8,2,2,0,0.05,0,1,0,0,0,0,100,0,0,0,0,1,100,0,0,0,0,0,0,0,0,0,0,25,2.71,0.963,0,0,100,0,1.8,1.6,1.8,1.57,0.23,1.8,1.57,1.6
2025,471,Durham Smythe,CHI,TE,1,Cover 2,10,16.666666666666664,15.1,7,8.1,1,1.3,1.14,0.14,4,4,0.9,8,2,8,8,1,100,4,4,1,1,0,0,0,0,0,0,0,0,100,0,0,0,0,1,100,0,0,0,0,0,0,0,0,0,0,9.1,1.93,0.657,0,14.3,71.4,14.3,1.8,1.8,1.8,1.78,0.02,0.26,0.25,1.8
2025,472,Josh Oliver,MIN,TE,1,Cover 6,11.650485436893204,5.555555555555555,26.2,12,20.7,1,2.1,0.67,0.08,5,5,1.1,8,1.8,8,8,1,100,3,3,1,1,0,0,0,0,0,0,1,0.083,100,1,3.1,0,0,1,100,0,0,0,0,0,0,0,0,0,0,7.7,1.52,0.976,0,0,100,0,1.8,1.8,1.8,1.78,0.02,0.15,0.15,1.8
2025,473,Drew Sample,CIN,TE,4,Cover 3,30.89005235602094,23.52941176470588,59.8,59,36,4,2.6,0.14,0.07,0,0,0,8,0.7,2,2.67,3,75,8,2.67,3,1,0,0.01,0,0,0,0,1,0.017,77.1,1,1,0,0,4,100,0,0,0,0,1,0,0,0,0,0,4.6,-3.69,-0.234,8.5,1.7,74.6,15.3,3.8,5.5,0.95,1.37,-0.42,0.06,0.09,5.5
2025,474,Juwan Johnson,NO,TE,1,Cover 0,2.579365079365079,2,88.2,13,76.5,2,14.3,0.62,0.15,3.5,7,6.7,8,9.8,4,8,1,50,2,2,1,1,0,0.01,0,0,0,0,0,0,60.4,2,15.4,0,0,2,100,0,0,1,50,0,0,0,0,0,0,16.7,-2.43,-0.733,23.1,61.5,7.7,7.7,1.8,3.3,1.8,3.35,-1.55,0.14,0.26,3.3
2025,475,Josiah Deguara,ARZ,TE,2,Cover 2,9.803921568627452,50,6.8,5,8.6,2,3.8,1.6,0.4,4,8,3.2,8,2,4,8,1,50,4,4,1,1,0,0,0,0,0,0,1,0.2,60.4,0,0,0,0,2,100,0,0,0,0,1,0,0,0,0,0,40,-2.07,0.183,20,0,80,0,1.8,2.5,0.9,1.27,-0.37,0.36,0.51,2.5
2025,476,Brock Wright,DET,TE,3,Cover 6,14.414414414414415,16.666666666666664,41.5,16,38.1,3,7.5,0.5,0.19,-1.33,-4,-2.6,8,2.4,2.67,4,2,66.7,7,3.5,2,1,0,0.01,0,0,0,0,0,0,70.1,3,10.7,1,33.3,3,100,0,0,1,33.3,0,0,0,0,0,0,15.8,-2.48,-0.353,0,37.5,62.5,0,2.8,4.8,0.93,1.6,-0.67,0.17,0.3,4.8
2025,477,Kylen Granson,PHI,TE,2,Cover 6,14.666666666666666,22.22222222222222,27.9,11,25.6,2,5.9,0.73,0.18,2,4,1.4,8,2.7,4,4,2,100,4,2,2,1,0,0.01,0,0,0,0,0,0,83.3,1,5.6,0,0,2,100,0,0,0,0,0,0,0,0,0,0,33.3,-1.69,-0.024,0,63.6,27.3,9.1,2.8,3.4,1.4,1.68,-0.28,0.25,0.31,3.4
2025,478,Grant Calcaterra,PHI,TE,1,Cover 0,10.476190476190476,7.6923076923076925,40.5,11,30.6,1,2.8,0.73,0.09,4,4,1.8,8,4.3,8,8,1,100,4,4,0,0,0,0,0,0,0,0,0,0,100,1,3.1,0,0,1,100,0,0,0,0,0,0,0,0,0,0,6.3,1.93,0.534,9.1,81.8,9.1,0,1.8,1.8,1.8,1.8,0,0.16,0.16,1.8
2025,479,James Mitchell,CAR,TE,1,Cover 2,18.181818181818183,33.33333333333333,2.5,2,5.9,1,3,4,0.5,8,8,5.1,8,3.1,8,8,1,100,0,0,0,0,0,0.04,0,0,0,0,0,0,100,0,0,0,0,1,100,0,0,0,0,0,0,0,0,0,0,100,0.28,0.71,0,50,50,0,1.8,3.8,1.8,3.76,-1.96,0.9,1.88,3.8
2025,480,John FitzPatrick,GB,TE,1,Cover 4,14.018691588785046,6.666666666666667,21,15,20.3,1,1.5,0.53,0.07,0,0,0,8,1.4,8,8,1,100,8,8,0,0,0,0,0,0,0,0,0,0,100,0,0,0,0,1,100,0,0,0,0,0,0,0,0,1,1,7.1,2.71,0.496,6.7,20,73.3,0,1.8,1.6,1.8,1.62,0.18,0.12,0.11,1.6
2025,481,Tanner Conner,MIA,TE,2,Cover 4,12.5,13.333333333333334,18.7,12,29.3,2,5.7,0.67,0.17,6,12,5.8,8,3.1,4,8,1,50,2,2,1,1,0,0.02,0,1,0,0,0,0,60.4,0,0,0,0,2,100,0,0,1,50,1,1,100,0,0,0,18.2,-3.09,0.1,8.3,33.3,58.3,0,1.8,2.7,0.9,1.37,-0.47,0.15,0.23,2.7
2025,482,Trey McBride,ARZ,TE,1,Cover 2 Man,0.8995502248875562,0.6060606060606061,100,6,85.7,1,20,1.33,0.17,5,5,12.5,8,29.6,8,8,1,100,3,3,3,3,0,0,0,0,0,0,0,0,100,1,33.3,0,0,1,100,0,0,0,0,0,0,0,0,0,0,25,1.52,0.432,0,100,0,0,1.8,1.7,1.8,1.68,0.12,0.3,0.28,1.7
2025,483,Luke Schoonmaker,DAL,TE,6,Cover 3,27.819548872180448,34.78260869565217,32.1,37,22.8,8,5.2,0.22,0.22,10.13,81,5.8,8,0.6,1,4,2,25,5,2.5,4,2,0,0.69,0,1,1,0,0,0,39.6,1,1,0,0,7,87.5,3,0,1,12.5,4,1,25,0,0,0,16,-7.39,-0.431,5.4,29.7,64.9,0,2.8,14.7,0.47,2.44,-1.97,0.08,0.4,14.7
2025,484,Josh Whyle,GB,TE,1,Cover 6,7.936507936507936,16.666666666666664,10.8,5,14.3,1,3.6,1.6,0.2,5,5,1.9,8,4.8,8,8,1,100,3,3,1,1,0,0,0,0,0,0,0,0,100,1,6.3,0,0,1,100,0,0,0,0,0,0,0,0,1,1,20,1.52,0.523,40,0,60,0,1.8,1.7,1.8,1.7,0.1,0.36,0.34,1.7
2025,485,Tucker Kraft,GB,TE,1,Cover 6,8.421052631578947,2.4390243902439024,30.8,16,55.2,1,3.7,0.5,0.06,6,6,1.9,8,4.4,8,8,1,100,2,2,1,1,0,0.01,0,0,0,0,0,0,100,1,4.8,0,0,1,100,0,0,0,0,0,0,0,0,0,0,5.6,0.91,0.498,6.3,50,43.8,0,1.8,1.9,1.8,1.87,-0.07,0.11,0.12,1.9
2025,486,Theo Johnson,NYG,TE,3,Cover 0,3.731343283582089,5.47945205479452,77.3,15,78.9,4,23.5,0.53,0.27,6.25,25,19.1,8,18.2,2,4,2,50,6,3,7,3.5,1,0.71,100,1,0,0,1,0.067,56.3,3,30,1,25,3,75,0,0,1,25,1,0,0,0,0,0,30.8,-5.11,-1.243,40,26.7,33.3,0,8.8,8.7,2.93,2.89,0.04,0.59,0.58,8.7
2025,487,Colston Loveland,CHI,TE,3,Red Zone,2.8089887640449436,3.79746835443038,61.1,10,55.6,3,21.4,0.8,0.3,5.67,17,27.4,8,34.8,2.67,4,2,66.7,1,0.5,0,0,0,0.15,0,3,0,0,0,0,70.1,2,20,0,0,2,66.7,0,0,0,0,1,1,100,0,0,0,42.9,-4.21,-0.209,40,40,20,0,2.8,3.3,0.93,1.1,-0.17,0.28,0.33,3.3
2025,488,Oronde Gadsden,LAC,TE,2,Bracket,2.1333333333333333,2.941176470588235,72.7,8,80,2,25,1,0.25,12.5,25,30.9,8,23.5,4,8,1,50,0,0,0,0,1,0.99,50,2,2,1,1,0.125,100,2,33.3,0,0,1,50,0,0,0,0,0,0,0,0,0,0,28.6,-5.51,0.91,12.5,75,12.5,0,7.8,7.9,3.9,3.95,-0.05,0.97,0.99,7.9
2025,489,Harold Fannin,CLV,TE,5,Cover 0,1.9851116625310175,4.807692307692308,64.7,8,50,5,33.3,1,0.63,6.2,31,17.4,8,11.4,1.6,4,2,40,1,0.5,0,0,2,1.5,100,3,2,1,2,0.25,87.5,4,40,0,0,3,60,0,0,0,0,2,1,50,0,0,0,50,-5.84,0.273,25,50,25,0,14.8,11.8,2.96,2.37,0.59,1.85,1.48,11.8
2025,490,Chris Manhertz,NYG,TE,1,Cover 4,12.5,50,9.9,2,2.5,1,1.5,3.5,0.5,1,1,0.2,7,1.5,7,7,1,100,6,6,3,3,0,0,0,0,0,0,0,0,95.8,0,0,0,0,1,100,0,0,0,0,0,0,0,0,0,0,14.3,1.22,0.415,0,0,100,0,1.7,1.6,1.7,1.61,0.09,0.85,0.81,1.6
2025,491,Jonnu Smith,PIT,TE,5,Cover 1,17.94871794871795,15.384615384615385,48.2,49,43.8,8,7.7,0.14,0.16,6.75,54,5.1,7,1,0.88,1.4,5,62.5,10,2,5,1,0,0.04,0,1,1,0,1,0.02,66.7,7,8.8,2,25,5,62.5,1,0,0,0,1,1,100,0,1,0.2,17.8,-7,-0.552,22.4,40.8,36.7,0,5.7,7,1.14,1.41,-0.27,0.12,0.14,7
2025,492,Will Dissly,LAC,TE,1,Cover 3,28.57142857142857,6.666666666666667,19,24,23.5,1,1.2,0.29,0.04,-2,-2,-0.3,7,0.9,7,7,1,100,9,9,1,1,0,0,0,0,0,0,1,0.042,95.8,1,1.9,0,0,1,100,0,0,0,0,0,0,0,0,1,1,3.6,2.15,0.784,16.7,12.5,70.8,0,1.7,1.5,1.7,1.55,0.15,0.07,0.06,1.5
2025,493,Mike Gesicki,CIN,TE,4,Cover 1,16.80672268907563,16.666666666666664,36,40,46.5,7,8.9,0.17,0.17,5.71,40,5.2,7,1.5,1,3.5,2,28.6,2,1,0,0,0,0.12,0,4,1,0,2,0.05,39.6,6,9.7,0,0,4,57.1,0,0,1,14.3,2,1,50,0,0,0,18.9,-6.15,-0.404,25,75,0,0,2.7,5.8,0.68,1.46,-0.78,0.07,0.15,5.8
2025,494,Drew Sample,CIN,TE,2,Cover 4,8.900523560209423,11.76470588235294,38.7,17,22.7,2,2.9,0.41,0.12,-2,-4,-1,7,1.4,3.5,3.5,2,100,11,5.5,3,1.5,0,0,0,0,0,0,0,0,81.3,1,2.1,0,0,2,100,0,0,0,0,0,0,0,0,0,0,8.7,-1.88,-0.144,0,17.6,82.4,0,2.7,3.1,1.35,1.56,-0.21,0.16,0.18,3.1
2025,495,Colby Parkinson,LA,TE,3,Cover 0,2.575107296137339,5.454545454545454,47.1,6,24,3,12,1.17,0.5,2,6,3.7,7,7.4,2.33,2.33,3,100,2,0.67,1,0.33,1,1.02,8.3,2,1,1,2,0.333,118.8,1,4.5,0,0,3,100,0,0,0,0,1,1,100,0,0,0,18.8,-3.58,0.55,0,16.7,83.3,0,9.7,9.5,3.23,3.16,0.07,1.62,1.58,9.5
2025,496,Josiah Deguara,ARZ,TE,1,Red Zone,1.9607843137254901,25,6.9,1,4.8,1,6.3,7,1,9,9,13.4,7,17.1,7,7,1,100,0,0,0,0,1,0.43,33.3,1,1,1,1,1,135.4,1,14.3,0,0,1,100,0,0,0,0,1,1,100,0,0,0,100,-0.26,1.429,0,0,100,0,7.7,3.3,7.7,3.34,4.36,7.7,3.34,3.3
2025,497,Jake Tonges,SF,TE,1,Miscellaneous,0.45662100456621,2.2222222222222223,80,1,20,1,20,7,1,7,7,63.6,7,53.8,7,7,1,100,0,0,0,0,0,0.02,0,0,0,0,1,1,95.8,1,50,0,0,1,100,0,0,0,0,0,0,0,0,0,0,100,-0.31,1.328,0,0,100,0,1.7,2.1,1.7,2.06,-0.36,1.7,2.06,2.1
2025,498,Tucker Fisk,LAC,TE,1,Cover 2,11.11111111111111,33.33333333333333,11.6,5,9.3,1,2.2,1.4,0.2,-2,-2,-0.6,7,1.9,7,7,1,100,9,9,2,2,0,0.02,0,0,0,0,0,0,95.8,1,4.3,1,100,1,100,0,0,0,0,0,0,0,0,0,0,12.5,2.15,-0.355,0,0,100,0,1.7,1.8,1.7,1.83,-0.13,0.34,0.37,1.8
2025,499,Tucker Kraft,GB,TE,1,Red Zone,2.631578947368421,2.4390243902439024,37.5,5,71.4,1,14.3,1.4,0.2,4,4,13.3,7,87.5,7,7,1,100,3,3,0,0,1,0.4,100,1,0,0,1,0.2,135.4,1,25,0,0,1,100,0,0,0,0,0,0,0,0,0,0,20,0.93,1.937,60,0,40,0,7.7,3.4,7.7,3.43,4.27,1.54,0.69,3.4
2025,500,Ja'Tavion Sanders,CAR,TE,1,Red Zone,5.213270142180095,2.941176470588235,50,11,55,1,6.3,0.64,0.09,6,6,4.6,7,11.5,7,7,1,100,1,1,0,0,0,0.11,0,1,0,0,1,0.091,95.8,0,0,0,0,1,100,0,0,0,0,0,0,0,0,0,0,11.1,-0.09,1.504,27.3,54.5,18.2,0,1.7,2.2,1.7,2.22,-0.52,0.15,0.2,2.2
2025,501,Oronde Gadsden,LAC,TE,2,Red Zone,4.8,2.941176470588235,72,18,75,2,9.1,0.39,0.11,-0.5,-1,-0.6,7,15.6,3.5,7,1,50,2,2,1,1,0,0.38,0,2,0,0,0,0,58.3,2,22.2,1,50,2,100,0,0,1,50,0,0,0,0,0,0,14.3,-3.3,-0.361,16.7,22.2,61.1,0,1.7,5,0.85,2.5,-1.65,0.09,0.28,5
2025,502,Harold Fannin,CLV,TE,1,Red Zone,2.977667493796526,0.9615384615384616,86.7,12,80,1,9.1,0.58,0.08,5,5,7.5,7,28,7,7,1,100,2,2,0,0,0,0.1,0,1,0,0,1,0.083,95.8,1,20,0,0,1,100,0,0,0,0,0,0,0,0,0,0,16.7,0.52,0.913,25,50,25,0,1.7,2.2,1.7,2.16,-0.46,0.14,0.18,2.2
2025,503,Mason Taylor,NYJ,TE,2,Cover 0,4.531722054380665,6.349206349206349,88,15,68.2,4,22.2,0.47,0.27,5.25,21,17.8,7,4.8,1.75,3.5,2,50,1,0.5,1,0.5,1,0.61,12.5,2,1,1,2,0.133,95.8,4,28.6,1,25,3,75,0,0,1,25,2,1,50,0,0,0,25,-5.61,-0.111,46.7,33.3,20,0,8.7,6.7,4.35,3.33,1.02,0.58,0.44,6.7
2025,504,Foster Moreau,NO,TE,1,Cover 2,14.492753623188406,10,12.5,10,14.5,1,1.6,0.6,0.1,5,5,1.1,6,1.4,6,6,1,100,1,1,1,1,0,0,0,0,0,0,0,0,91.7,1,2.9,0,0,1,100,0,0,0,0,0,0,0,0,0,0,11.1,-0.48,0.334,20,30,50,0,1.6,1.7,1.6,1.71,-0.11,0.16,0.17,1.7
2025,505,Josiah Deguara,ARZ,TE,1,Cover 4,23.52941176470588,25,9.3,12,11.4,1,1,0.5,0.08,5,5,0.6,6,0.9,6,6,1,100,1,1,1,1,0,0,0,0,0,0,0,0,91.7,0,0,0,0,1,100,0,0,0,0,0,0,0,0,0,0,10,-0.48,0.108,33.3,41.7,25,0,1.6,1.7,1.6,1.71,-0.11,0.13,0.14,1.7
2025,506,Kylen Granson,PHI,TE,2,Cover 1,22.666666666666664,22.22222222222222,23,17,17,2,2.3,0.35,0.12,15.5,31,3.5,6,1,3,6,1,50,6,6,2,2,0,0.02,0,0,0,0,0,0,56.3,0,0,0,0,2,100,1,0,1,50,1,0,0,0,0,0,10,-7.16,-0.705,17.6,41.2,41.2,0,1.6,3.9,0.8,1.97,-1.17,0.09,0.23,3.9
2025,507,Sal Cannella,CLV,TE,1,Cover 1,15.789473684210526,50,1.9,3,23.1,2,20,2,0.67,5,10,11.1,6,6.3,3,6,1,50,4,4,2,2,0,0,0,0,0,0,1,0.333,56.3,2,22.2,0,0,1,50,0,0,0,0,0,0,0,0,0,0,66.7,-4.05,-0.6,33.3,33.3,33.3,0,1.6,1.7,1.6,1.66,-0.06,0.53,0.55,1.7
2025,508,Grant Calcaterra,PHI,TE,1,Cover 2 Man,1.9047619047619049,7.6923076923076925,20,2,22.2,1,11.1,3,0.5,6,6,8.6,6,14.3,6,6,1,100,0,0,0,0,0,0,0,0,0,0,0,0,91.7,1,20,0,0,1,100,0,0,0,0,1,1,100,0,0,0,50,-1.09,-0.59,0,50,50,0,1.6,0.9,1.6,0.95,0.65,0.8,0.47,0.9
2025,509,Connor Heyward,PIT,TE,1,Cover 4,27.27272727272727,25,8,3,4.1,1,1.5,2,0.33,4,4,1.1,6,1.3,6,6,1,100,2,2,1,1,0,0,0,0,0,0,0,0,91.7,1,1.9,0,0,1,100,0,0,0,0,0,0,0,0,0,0,14.3,-0.07,0.022,0,66.7,0,33.3,1.6,1.7,1.6,1.7,-0.1,0.53,0.57,1.7
2025,510,John FitzPatrick,GB,TE,1,Cover 6,10.2803738317757,6.666666666666667,21.5,11,19.3,1,2,0.55,0.09,2,2,0.3,6,1.8,6,6,1,100,4,4,2,2,0,0,0,0,0,0,0,0,91.7,0,0,0,0,1,100,0,0,0,0,0,0,0,0,0,0,10,-0.37,1.207,27.3,0,72.7,0,1.6,1.7,1.6,1.68,-0.08,0.15,0.15,1.7
2025,511,Cade Stover,HST,TE,2,Cover 2,19.402985074626866,18.75,19,13,29.5,3,7.1,0.46,0.23,3,9,3.9,6,2.2,2,3,2,66.7,2,1,2,1,0,0,0,0,0,0,0,0,70.1,1,4.8,0,0,3,100,0,0,1,33.3,0,0,0,0,0,0,23.1,-3.95,-0.486,0,23.1,76.9,0,2.6,4.9,1.3,2.45,-1.15,0.2,0.38,4.9
2025,512,Brenden Bates,CLV,TE,1,Cover 2,13.793103448275861,20,7.5,4,7.3,1,2.2,1.5,0.25,3,3,1.1,6,3,6,6,1,100,3,3,1,1,0,0,0,0,0,0,0,0,91.7,0,0,0,0,1,100,0,0,0,0,0,0,0,0,0,0,14.3,-0.32,0.178,0,0,100,0,1.6,1.7,1.6,1.69,-0.09,0.4,0.42,1.7
2025,513,Cam Grandy,CIN,TE,1,Cover 2,20,50,0.6,1,1.7,1,2,6,1,-2,-2,-0.9,6,1.9,6,6,1,100,8,8,10,10,0,0.01,0,0,0,0,0,0,91.7,1,3.3,1,100,1,100,0,0,0,0,0,0,0,0,0,0,100,1.15,0.162,0,0,100,0,1.6,1.7,1.6,1.67,-0.07,1.6,1.67,1.7
2025,514,David Martin-Robinson,TEN,TE,1,Cover 1,16,20,3.6,4,4.1,1,1.2,1.5,0.25,0,0,0,6,1.2,6,6,1,100,6,6,1,1,0,0,0,0,0,0,1,0.25,91.7,1,2,0,0,1,100,0,0,0,0,0,0,0,0,0,0,33.3,0.71,0.301,25,0,75,0,1.6,1.7,1.6,1.66,-0.06,0.4,0.41,1.7
2025,515,Tip Reiman,ARZ,TE,1,Cover 2,9.375,20,6.8,3,15,1,5.9,2,0.33,5,5,5.3,6,9.7,6,6,1,100,1,1,1,1,0,0,0,0,0,0,0,0,91.7,1,12.5,0,0,1,100,0,0,0,0,0,0,0,0,0,0,25,-0.48,0.309,0,0,100,0,1.6,1.7,1.6,1.74,-0.14,0.53,0.58,1.7
2025,516,Devin Culp,TB,TE,1,Red Zone,4.3478260869565215,100,5.3,1,7.7,1,8.3,6,1,11,11,11.7,6,13,6,6,1,100,0,0,0,0,1,0.82,25,1,1,1,1,1,131.3,1,11.1,0,0,1,100,0,0,0,0,0,0,0,0,0,0,100,-2.74,1.714,0,100,0,0,7.6,6.3,7.6,6.29,1.31,7.6,6.29,6.3
2025,517,Tyler Warren,IND,TE,3,Red Zone,2.9166666666666665,2.8301886792452833,94.1,14,82.4,3,20,0.43,0.21,7.67,23,24.7,6,10.9,2,3,2,66.7,4,2,0,0,1,1.87,25,3,2,1,1,0.071,109.7,2,20,1,33.3,3,100,0,0,0,0,1,0,0,0,0,0,25,-6.41,0.389,14.3,57.1,28.6,0,8.6,15.1,2.87,5.04,-2.17,0.61,1.08,15.1
2025,518,Moliki Matavao,NO,TE,1,Cover 3,42.10526315789473,50,6.8,8,10.3,1,1.5,0.75,0.13,0,0,0,6,1.3,6,6,1,100,6,6,1,1,0,0,0,0,0,0,0,0,91.7,0,0,0,0,1,100,0,0,0,0,0,0,0,0,0,0,9.1,0.71,0.29,12.5,37.5,50,0,1.6,1.6,1.6,1.63,-0.03,0.2,0.2,1.6
2025,519,Elijah Arroyo,SEA,TE,2,Cover 2,7.518796992481203,8,24,10,34.5,2,7.1,0.6,0.2,4,8,7.7,6,3.3,3,6,1,50,2,2,0,0,0,0,0,0,0,0,0,0,16.7,1,7.1,0,0,1,50,0,0,0,0,0,0,0,0,0,0,16.7,-3.07,-3.044,30,20,50,0,1.6,1.8,0.8,0.88,-0.08,0.16,0.18,1.8
2025,520,Zach Ertz,WAS,TE,1,Bracket,2.416918429003021,1.4084507042253522,88.9,8,100,1,12.5,0.63,0.13,5,5,3.4,5,11.6,5,5,1,100,0,0,0,0,0,0,0,0,0,0,0,0,87.5,1,14.3,0,0,1,100,0,0,0,0,1,1,100,0,0,0,12.5,-1.48,-1.887,0,100,0,0,1.5,0.9,1.5,0.85,0.65,0.19,0.11,0.9
2025,521,Mo Alie-Cox,IND,TE,1,Cover 0,7.207207207207207,5.263157894736842,40,8,32,1,4.3,0.63,0.13,10,10,9.2,5,5.1,5,5,1,100,0,0,0,0,1,0.94,20,1,1,1,1,0.125,127.1,1,6.3,0,0,1,100,0,0,0,0,1,1,100,0,0,0,16.7,-2.77,1.486,0,12.5,87.5,0,7.5,6.5,7.5,6.55,0.95,0.94,0.82,6.5
2025,522,Taysom Hill,NO,TE,1,Cover 6,7.59493670886076,6.25,16.7,6,14.6,1,3.1,0.83,0.17,4,4,1.6,5,1.8,5,5,1,100,1,1,1,1,0,0,0,0,0,0,0,0,87.5,0,0,0,0,1,100,0,0,0,0,0,0,0,0,0,0,16.7,-1.07,-0.055,33.3,50,0,16.7,1.5,1.7,1.5,1.65,-0.15,0.25,0.28,1.7
2025,523,Jonnu Smith,PIT,TE,2,Cover 0,4.029304029304029,3.8461538461538463,63.2,11,57.9,2,11.1,0.45,0.18,-1,-2,-2.9,5,5.5,2.5,2.5,2,100,7,3.5,1,0.5,1,0.62,20,2,0,0,1,0.091,118.8,2,15.4,1,50,2,100,0,0,0,0,1,1,100,0,0,0,25,-3.85,0.655,9.1,54.5,27.3,9.1,8.5,5.5,4.25,2.74,1.51,0.77,0.5,5.5
2025,524,Ian Thomas,LV,TE,1,Cover 4,21.62162162162162,7.6923076923076925,20.4,16,17.2,1,1.3,0.31,0.06,-4,-4,-0.9,5,1.1,5,5,1,100,9,9,3,3,0,0.01,0,0,0,0,0,0,87.5,1,1.9,1,100,1,100,0,0,0,0,0,0,0,0,0,0,7.7,-1.34,-0.023,18.8,12.5,68.8,0,1.5,1.6,1.5,1.57,-0.07,0.09,0.1,1.6
2025,525,Juwan Johnson,NO,TE,1,Bracket,1.1904761904761905,1,100,6,100,1,16.7,0.83,0.17,4,4,50,5,50,5,5,1,100,1,1,0,0,0,0.01,0,0,0,0,0,0,87.5,1,33.3,0,0,1,100,0,0,0,0,0,0,0,0,0,0,33.3,-1.07,0.014,16.7,66.7,16.7,0,1.5,1.7,1.5,1.71,-0.21,0.25,0.28,1.7
2025,526,Harrison Bryant,HST,TE,2,Cover 3,37.77777777777778,33.33333333333333,15,17,12.4,2,1.6,0.29,0.12,5.5,11,1.1,5,0.5,2.5,5,1,50,0,0,0,0,0,0.01,0,0,0,0,1,0.059,56.3,0,0,0,0,1,50,0,0,0,0,0,0,0,0,0,0,8.7,-4.29,-0.211,0,5.9,94.1,0,1.5,1.9,0.75,0.94,-0.19,0.09,0.11,1.9
2025,527,Colby Parkinson,LA,TE,1,Bracket,0.4291845493562232,1.8181818181818181,20,1,20,1,20,5,1,11,11,14.9,5,16.1,5,5,1,100,0,0,0,0,1,0.97,100,1,1,1,1,1,127.1,1,20,0,0,1,100,0,0,0,0,0,0,0,0,0,0,100,-3.74,2.559,0,100,0,0,7.5,7.2,7.5,7.24,0.26,7.5,7.24,7.2
2025,528,Cole Kmet,CHI,TE,1,Red Zone,2.2801302931596092,2.2222222222222223,61.1,7,41.2,1,7.1,0.71,0.14,5,5,8.1,5,21.7,5,5,1,100,0,0,0,0,0,0.08,0,1,0,0,0,0,87.5,1,10,0,0,1,100,0,0,0,0,0,0,0,0,0,0,12.5,-1.48,0.235,28.6,14.3,57.1,0,1.5,2,1.5,1.99,-0.49,0.21,0.28,2
2025,529,Albert Okwuegbunam,LV,TE,1,Cover 1,34.78260869565217,16.666666666666664,6.3,8,57.1,1,8.3,0.63,0.13,-5,-5,-3.7,5,9.1,5,5,1,100,10,10,6,6,0,0.01,0,0,0,0,0,0,87.5,1,8.3,1,100,1,100,0,0,0,0,0,0,0,0,1,1,14.3,0.63,0.387,0,50,50,0,1.5,1.5,1.5,1.46,0.04,0.19,0.18,1.5
2025,530,Quintin Morris,JAX,TE,1,Cover 0,6.153846153846154,14.285714285714285,22.6,4,14.3,1,3.7,1.25,0.25,1,1,0.4,5,2.5,5,5,1,100,4,4,0,0,1,0.82,25,1,0,0,1,0.25,127.1,1,4.5,0,0,1,100,0,0,0,0,0,0,0,0,0,0,20,-0.78,1.833,0,75,25,0,7.5,6.3,7.5,6.27,1.23,1.88,1.57,6.3
2025,531,Quintin Morris,JAX,TE,1,Cover 6,6.153846153846154,14.285714285714285,8.3,4,13.3,1,4.5,1.25,0.25,4,4,1.8,5,3,5,5,1,100,1,1,0,0,0,0,0,0,0,0,0,0,87.5,0,0,0,0,1,100,0,0,0,0,0,0,0,0,0,0,50,-1.07,0.136,0,50,50,0,1.5,1.7,1.5,1.74,-0.24,0.38,0.44,1.7
2025,532,John Bates,WAS,TE,2,Cover 1,19.51219512195122,13.333333333333334,33.9,24,20.9,2,2,0.21,0.08,-0.5,-1,-0.1,5,0.7,2.5,5,1,50,3,3,2,2,0,0.01,0,0,0,0,0,0,56.3,2,2.7,1,50,1,50,0,0,0,0,0,0,0,0,0,0,5.9,-3.62,-0.157,12.5,4.2,83.3,0,1.5,1.6,0.75,0.82,-0.07,0.06,0.07,1.6
2025,533,Pat Freiermuth,PIT,TE,1,Prevent,0.6734006734006733,1.8867924528301887,60,2,40,1,20,2.5,0.5,5,5,6.6,5,9.8,5,5,1,100,0,0,0,0,0,0,0,0,0,0,0,0,87.5,1,33.3,0,0,1,100,0,0,0,0,1,1,100,0,0,0,33.3,-1.48,0.06,50,50,0,0,1.5,1.2,1.5,1.15,0.35,0.75,0.58,1.2
2025,534,Sal Cannella,CLV,TE,2,Cover 3,42.10526315789473,50,5.5,8,38.1,2,11.1,0.63,0.25,20.5,41,33.9,5,6.3,2.5,5,1,50,2,2,1,1,0,0.36,0,0,1,0,0,0,56.3,1,11.1,0,0,2,100,1,0,1,50,0,0,0,0,0,0,25,-6.24,-0.636,12.5,12.5,75,0,1.5,6,0.75,3,-2.25,0.19,0.75,6
2025,535,Dalton Kincaid,BUF,TE,1,Red Zone,2.2346368715083798,2.0408163265306123,33.3,4,40,1,10,1.25,0.25,8,8,29.6,5,12.8,5,5,1,100,0,0,0,0,1,0.38,33.3,1,1,1,1,0.25,127.1,1,20,0,0,1,100,0,0,0,0,1,1,100,0,0,0,25,-2.72,1.48,25,75,0,0,7.5,2.7,7.5,2.73,4.77,1.88,0.68,2.7
2025,536,Elijah Higgins,ARZ,TE,1,Red Zone,2.1505376344086025,2.857142857142857,20.7,6,20.7,1,4.5,0.83,0.17,3,3,3.4,5,8.5,5,5,1,100,2,2,-1,-1,0,0.16,0,1,0,0,0,0,87.5,0,0,0,0,1,100,0,0,0,0,0,0,0,0,0,0,33.3,-1.32,-3.868,16.7,16.7,50,16.7,1.5,2.3,1.5,2.26,-0.76,0.25,0.38,2.3
2025,537,Ja'Tavion Sanders,CAR,TE,1,Cover 0,2.3696682464454977,2.941176470588235,61.5,5,45.5,1,11.1,1,0.2,-3,-3,-3.8,5,21.7,5,5,1,100,8,8,2,2,0,0.04,0,1,0,0,0,0,87.5,1,12.5,1,100,1,100,0,0,0,0,0,0,0,0,0,0,16.7,-0.87,-0.186,0,60,40,0,1.5,1.4,1.5,1.45,0.05,0.3,0.29,1.4
2025,538,Cade Stover,HST,TE,1,Cover 1,16.417910447761194,6.25,11.2,11,17.5,1,1.8,0.45,0.09,3,3,0.6,5,1.1,5,5,1,100,2,2,1,1,0,0,0,0,0,0,1,0.091,87.5,1,2.4,0,0,1,100,0,0,0,0,1,1,100,0,0,0,9.1,-1.32,1.24,36.4,9.1,54.5,0,1.5,1.1,1.5,1.12,0.38,0.14,0.1,1.1
2025,539,AJ Barner,SEA,TE,1,Cover 2 Man,2.923976608187134,1.5625,91.7,10,83.3,1,9.1,0.5,0.1,5,5,13.9,5,6.7,5,5,1,100,0,0,0,0,0,0,0,0,0,0,0,0,87.5,1,14.3,0,0,1,100,0,0,0,0,0,0,0,0,0,0,12.5,-1.48,0.589,0,20,80,0,1.5,1.7,1.5,1.69,-0.19,0.15,0.17,1.7
2025,540,Ben Yurosek,MIN,TE,1,Cover 4,16.666666666666664,33.33333333333333,7.1,3,7,1,2.4,1.67,0.33,0,0,0,5,2.5,5,5,1,100,5,5,1,1,0,0,0,0,0,0,0,0,87.5,1,3,0,0,1,100,0,0,0,0,0,0,0,0,0,0,20,-0.29,-0.1,0,0,100,0,1.5,1.6,1.5,1.59,-0.09,0.5,0.53,1.6
2025,541,Mason Taylor,NYJ,TE,1,Red Zone,2.1148036253776437,1.5873015873015872,66.7,7,70,1,12.5,0.71,0.14,5,5,11.9,5,23.8,5,5,1,100,0,0,0,0,0,0.04,0,1,0,0,0,0,87.5,1,16.7,0,0,1,100,0,0,0,0,1,1,100,0,0,0,20,-1.48,0.152,28.6,28.6,42.9,0,1.5,0.9,1.5,0.86,0.64,0.21,0.12,0.9
2025,542,Anthony Firkser,DET,TE,1,Cover 4,22.916666666666664,12.5,27.1,22,47.8,1,2.2,0.18,0.05,4,4,1.1,4,1.2,4,4,1,100,0,0,0,0,0,0.04,0,1,0,0,0,0,83.3,0,0,0,0,1,100,0,0,0,0,1,1,100,0,0,0,4.5,-2.07,-0.195,18.2,22.7,54.5,4.5,1.4,1,1.4,1.04,0.36,0.06,0.05,1
2025,543,Ross Dwelley,DET,TE,1,Cover 3,42.30769230769231,25,9,11,8.7,1,0.9,0.36,0.09,0,0,0,4,0.5,4,4,1,100,4,4,2,2,0,0.01,0,1,0,0,0,0,83.3,1,1.4,0,0,1,100,0,0,0,0,0,0,0,0,0,0,8.3,-1.29,-0.157,0,36.4,63.6,0,1.4,1.5,1.4,1.47,-0.07,0.13,0.13,1.5
2025,544,Ian Thomas,LV,TE,1,Cover 6,1.3513513513513513,7.6923076923076925,8.7,1,2.4,1,2.8,4,1,3,3,2,4,1.8,4,4,1,100,1,1,1,1,0,0.02,0,0,0,0,0,0,83.3,1,4.5,0,0,1,100,0,0,0,0,0,0,0,0,0,0,33.3,-2.32,-1.263,0,100,0,0,1.4,1.8,1.4,1.81,-0.41,1.4,1.81,1.8
2025,545,Durham Smythe,CHI,TE,1,Cover 1,10,16.666666666666664,13.2,7,6.6,1,1.1,0.57,0.14,4,4,0.5,4,0.6,4,4,1,100,0,0,0,0,0,0.02,0,0,0,0,0,0,83.3,0,0,0,0,1,100,0,0,0,0,0,0,0,0,0,0,9.1,-2.07,-0.252,0,28.6,57.1,14.3,1.4,1.7,1.4,1.74,-0.34,0.2,0.25,1.7
2025,546,T.J. Hockenson,MIN,TE,2,Cover 2 Man,4.557640750670242,3.0303030303030303,95,17,85,2,15.4,0.24,0.12,5,10,10,4,4.4,2,4,1,50,0,0,0,0,0,0.06,0,1,0,0,0,0,56.3,2,22.2,0,0,2,100,0,0,1,50,0,0,0,0,0,0,20,-4.58,-0.352,23.5,52.9,23.5,0,1.4,3.7,0.7,1.87,-1.17,0.08,0.22,3.7
2025,547,Drew Sample,CIN,TE,1,Red Zone,1.5706806282722512,5.88235294117647,37.5,3,18.8,1,6.3,1.33,0.33,-1,-1,-0.9,4,5.7,4,4,1,100,5,5,2,2,1,0.15,14.3,1,0,0,1,0.333,122.9,0,0,0,0,1,100,0,0,0,0,0,0,0,0,0,0,16.7,-0.9,1.486,0,0,33.3,66.7,7.4,1.9,7.4,1.94,5.46,2.47,0.65,1.9
2025,548,Shane Zylstra,DET,TE,1,Cover 2,17.94871794871795,20,18.9,14,29.2,1,2.3,0.29,0.07,3,3,0.8,4,1,4,4,1,100,1,1,1,1,0,0,0,0,0,0,1,0.071,83.3,0,0,0,0,1,100,0,0,0,0,0,0,0,0,0,0,5.9,-2.32,0.271,7.1,21.4,71.4,0,1.4,1.6,1.4,1.63,-0.23,0.1,0.12,1.6
2025,549,John Bates,WAS,TE,2,Cover 0,6.504065040650407,13.333333333333334,34.6,8,30.8,2,8.3,0.5,0.25,5.5,11,5.5,4,3.1,2,2,2,100,2,1,1,0.5,1,0.97,20,1,1,1,1,0.125,118.8,2,9.5,0,0,2,100,0,0,0,0,0,0,0,0,0,0,28.6,-5.01,0.798,0,25,75,0,8.4,8.5,4.2,4.25,-0.05,1.05,1.06,8.5
2025,550,Luke Farrell,SF,TE,1,Cover 2,10.743801652892563,8.333333333333332,22.5,13,18.3,1,1.6,0.31,0.08,-3,-3,-0.7,4,0.7,4,4,1,100,7,7,4,4,0,0,0,0,0,0,0,0,83.3,0,0,0,0,1,100,0,0,0,0,0,0,0,0,0,0,9.1,-1.87,-0.156,0,23.1,76.9,0,1.4,1.6,1.4,1.57,-0.17,0.11,0.12,1.6
2025,551,Hunter Long,JAX,TE,1,Red Zone,5.357142857142857,6.25,26.1,6,46.2,1,11.1,0.67,0.17,5,5,16.1,4,25,4,4,1,100,0,0,0,0,1,0.66,50,1,1,1,1,0.167,122.9,1,16.7,0,0,1,100,0,0,0,0,1,1,100,0,0,0,25,-2.48,1.326,50,33.3,16.7,0,7.4,4.9,7.4,4.88,2.52,1.23,0.81,4.9
2025,552,Grant Calcaterra,PHI,TE,1,Cover 2,19.047619047619047,7.6923076923076925,27.8,20,27.4,1,1.5,0.2,0.05,4,4,1,4,0.9,4,4,1,100,0,0,0,0,0,0.02,0,0,0,0,1,0.05,83.3,1,3.1,0,0,1,100,0,0,0,0,0,0,0,0,0,0,4.8,-2.07,1.151,15,45,40,0,1.4,1.9,1.4,1.87,-0.47,0.07,0.09,1.9
2025,553,Andrew Ogletree,IND,TE,1,Cover 2,8.51063829787234,16.666666666666664,15.7,4,6.9,1,1.9,1,0.25,3,3,1.1,4,0.9,4,4,1,100,1,1,0,0,0,0,0,0,0,0,0,0,83.3,1,2.8,0,0,1,100,0,0,0,0,0,0,0,0,0,0,9.1,-2.32,-0.097,0,25,75,0,1.4,1.7,1.4,1.67,-0.27,0.35,0.42,1.7
2025,554,Jelani Woods,NYJ,TE,2,Cover 4,22.22222222222222,100,6.4,4,16,2,9.1,1,0.5,5,10,14.5,4,3.7,2,4,1,50,2,2,1,1,0,0.01,0,0,0,0,0,0,56.3,1,6.3,0,0,2,100,0,0,0,0,2,1,50,0,0,0,50,-5.05,-0.905,25,0,75,0,1.4,1.9,0.7,0.97,-0.27,0.35,0.48,1.9
2025,555,Josh Whyle,GB,TE,1,Cover 3,30.158730158730158,16.666666666666664,15.7,19,27.1,1,1.7,0.21,0.05,-1,-1,-0.2,4,0.8,4,4,1,100,5,5,1,1,0,0.01,0,0,0,0,0,0,83.3,0,0,0,0,1,100,0,0,0,0,0,0,0,0,0,0,5,-0.9,-0.05,15.8,10.5,68.4,5.3,1.4,1.6,1.4,1.56,-0.16,0.07,0.08,1.6
2025,556,Blake Whiteheart,CLV,TE,1,Cover 1,21.518987341772153,16.666666666666664,15.5,17,11.4,1,0.8,0.24,0.06,2,2,0.2,4,0.5,4,4,1,100,2,2,0,0,0,0.02,0,0,0,0,0,0,83.3,1,1.1,0,0,1,100,0,0,0,0,0,0,0,0,0,0,5.6,-2.37,-1.223,11.8,17.6,70.6,0,1.4,1.9,1.4,1.87,-0.47,0.08,0.11,1.9
2025,557,Michael Mayer,LV,TE,2,Red Zone,2.8708133971291865,4.081632653061225,53.8,6,75,2,28.6,0.67,0.33,2.5,5,20,4,19,2,4,1,50,2,2,0,0,1,0.94,25,2,0,0,1,0.167,56.3,1,25,0,0,1,50,0,0,0,0,0,0,0,0,0,0,33.3,-4.35,-2.924,16.7,16.7,66.7,0,7.4,6.9,3.7,3.47,0.23,1.23,1.16,6.9
2025,558,Brevyn Spann-Ford,DAL,TE,1,Red Zone,5.714285714285714,7.6923076923076925,16.7,4,13.3,1,4,1,0.25,10,10,9.3,4,7.7,4,4,1,100,0,0,0,0,1,0.86,16.7,1,1,1,1,0.25,122.9,0,0,0,0,1,100,0,0,0,0,0,0,0,0,0,0,25,-3.77,0.894,0,25,75,0,7.4,6.4,7.4,6.35,1.05,1.85,1.59,6.4
2025,559,Colson Yankoff,WAS,TE,1,Cover 1,23.076923076923077,33.33333333333333,6.6,6,5.4,1,1,0.67,0.17,0,0,0,4,0.7,4,4,1,100,4,4,2,2,0,0,0,0,0,0,1,0.167,83.3,1,1.3,0,0,1,100,0,0,0,0,0,0,0,0,0,0,16.7,-1.29,2.411,0,33.3,50,16.7,1.4,1.6,1.4,1.64,-0.24,0.23,0.27,1.6
2025,560,Jared Wiley,KC,TE,1,Cover 1,22.22222222222222,100,2.4,2,7.4,1,4.8,2,0.5,-4,-4,-2.7,4,3.3,4,4,1,100,8,8,4,4,0,0,0,0,0,0,1,0.5,83.3,1,5.9,0,0,1,100,0,0,0,0,0,0,0,0,0,0,33.3,-2.34,2.566,0,0,50,50,1.4,1.5,1.4,1.52,-0.12,0.7,0.76,1.5
2025,561,Ben Sinnott,WAS,TE,1,Cover 1,19.19191919191919,7.6923076923076925,18.2,19,16.8,1,1,0.21,0.05,2,2,0.2,4,0.6,4,4,1,100,2,2,0,0,1,0.63,33.3,1,0,0,1,0.053,122.9,1,1.4,0,0,1,100,0,0,0,0,0,0,0,0,0,0,6.7,-2.37,1.629,10.5,31.6,52.6,5.3,7.4,4.8,7.4,4.83,2.57,0.39,0.25,4.8
2025,562,Mitchell Evans,CAR,TE,1,Red Zone,4.098360655737705,4.545454545454546,27.3,5,22.7,1,5.9,0.8,0.2,2,2,1.5,4,6.2,4,4,1,100,2,2,1,1,1,0.81,20,1,0,0,1,0.2,122.9,1,10,0,0,1,100,0,0,0,0,0,0,0,0,0,0,33.3,-2.37,1.169,20,0,80,0,7.4,6.1,7.4,6.12,1.28,1.48,1.22,6.1
2025,563,Moliki Matavao,NO,TE,1,Cover 2,15.789473684210526,50,4.2,3,10,1,3.6,1.33,0.33,4,4,4.2,4,2.6,4,4,1,100,0,0,0,0,0,0,0,0,0,0,0,0,83.3,1,6.3,0,0,1,100,0,0,0,0,1,1,100,0,0,0,33.3,-2.07,-0.104,0,66.7,33.3,0,1.4,1.1,1.4,1.09,0.31,0.47,0.36,1.1
2025,564,Travis Kelce,KC,TE,2,Cover 2 Man,2.935420743639922,2.8846153846153846,100,15,100,3,23.1,0.2,0.2,7.67,23,13.5,3,5.5,1,3,1,33.3,4,4,0,0,0,0,0,0,0,0,0,0,42.4,3,37.5,0,0,2,66.7,0,0,1,33.3,0,0,0,0,0,0,27.3,-6.6,-0.764,20,53.3,26.7,0,1.3,4.2,0.65,2.09,-1.44,0.09,0.28,4.2
2025,565,Ross Dwelley,DET,TE,1,Cover 6,15.384615384615385,25,11.3,4,11.8,1,3.1,0.75,0.25,0,0,0,3,1.1,3,3,1,100,3,3,2,2,0,0,0,0,0,0,0,0,79.2,1,4.2,0,0,1,100,0,0,0,0,0,0,0,0,0,0,16.7,-2.29,-0.652,0,25,75,0,1.3,1.6,1.3,1.65,-0.35,0.33,0.41,1.6
2025,566,Dawson Knox,BUF,TE,4,Cover 0,6.382978723404255,12.5,66.7,18,54.5,6,20.7,0.17,0.33,3.5,21,8.8,3,2,0.5,1.5,2,33.3,4,2,1,0.5,1,1.83,25,6,3,0,1,0.056,42.4,3,15,0,0,5,83.3,0,0,1,16.7,2,0,0,0,0,0,31.6,-6.79,-1.888,11.1,16.7,66.7,5.6,8.3,15.8,2.08,3.94,-1.86,0.46,0.88,15.8
2025,567,Charlie Woerner,ATL,TE,1,Cover 3,33.33333333333333,12.5,40.8,38,19.9,1,0.6,0.08,0.03,-2,-2,-0.2,3,0.2,3,3,1,100,5,5,3,3,0,0.01,0,0,0,0,0,0,79.2,1,0.8,0,0,1,100,0,0,0,0,0,0,0,0,0,0,1.5,-1.85,-0.259,5.3,7.9,47.4,39.5,1.3,1.6,1.3,1.56,-0.26,0.03,0.04,1.6
2025,568,Brock Wright,DET,TE,1,Red Zone,1.8018018018018018,5.555555555555555,19,2,20,1,10,1.5,0.5,8,8,23.5,3,6.5,3,3,1,100,0,0,0,0,1,0.99,20,1,1,1,1,0.5,118.8,1,12.5,0,0,1,100,0,0,0,0,0,0,0,0,0,0,25,-4.72,1.373,0,0,100,0,7.3,7.2,7.3,7.21,0.09,3.65,3.6,7.2
2025,569,Jake Tonges,SF,TE,2,Goal Line,0.91324200913242,4.444444444444445,100,2,100,2,100,1.5,1,5,10,100,3,100,1.5,1.5,2,100,0,0,0,0,2,1.48,100,2,2,2,2,1,118.8,2,100,0,0,2,100,0,0,0,0,0,0,0,0,0,0,100,-5.55,0.597,0,0,100,0,14.3,11,7.15,5.52,1.63,7.15,5.52,11
2025,570,Connor Heyward,PIT,TE,1,Cover 3,27.27272727272727,25,5.1,3,2.2,1,0.8,1,0.33,-1,-1,-0.2,3,0.4,3,3,1,100,4,4,0,0,0,0.01,0,0,0,0,0,0,79.2,1,1.2,1,100,1,100,0,0,0,0,0,0,0,0,0,0,25,-1.9,-0.095,33.3,33.3,0,33.3,1.3,1.5,1.3,1.51,-0.21,0.43,0.5,1.5
2025,571,Zaire Mitchell-Paden,BLT,TE,1,Cover 3,55.55555555555556,33.33333333333333,10.1,5,6.3,1,1.5,0.6,0.2,3,3,0.5,3,0.7,3,3,1,100,0,0,0,0,0,0,0,0,0,0,0,0,79.2,0,0,0,0,1,100,0,0,0,0,0,0,0,0,0,0,7.7,-3.32,-0.221,0,20,20,60,1.3,1.6,1.3,1.61,-0.31,0.26,0.32,1.6
2025,572,Chig Okonkwo,TEN,TE,2,Red Zone,2.393617021276596,2.5974025974025974,64.7,9,52.9,2,14.3,0.33,0.22,6.5,13,29.5,3,8.1,1.5,3,1,50,5,5,1,1,0,0.07,0,2,1,0,0,0,56.3,2,22.2,1,50,1,50,0,0,0,0,0,0,0,0,0,0,22.2,-6.25,-0.859,22.2,22.2,55.6,0,1.3,1.6,0.65,0.8,-0.15,0.14,0.18,1.6
2025,573,Ben Sims,MIN,TE,2,Cover 6,13.793103448275861,33.33333333333333,7.7,4,11.8,2,7.4,0.75,0.5,8.5,17,7.3,3,1.4,1.5,3,1,50,-2,-2,0,0,0,0.01,0,0,0,0,0,0,56.3,1,5,0,0,2,100,0,0,0,0,1,0,0,0,0,0,40,-6.07,-0.535,0,50,50,0,1.3,3.6,0.65,1.78,-1.13,0.33,0.89,3.6
2025,574,Carter Runyon,LV,TE,1,Cover 3,42.857142857142854,100,2.8,3,2.8,1,1.1,1,0.33,-3,-3,-0.5,3,0.4,3,3,1,100,6,6,1,1,0,0,0,0,0,0,0,0,79.2,1,1.6,1,100,1,100,0,0,0,0,0,0,0,0,0,0,25,-2.87,-0.224,33.3,0,66.7,0,1.3,1.6,1.3,1.57,-0.27,0.43,0.52,1.6
2025,575,Gunnar Helm,TEN,TE,2,Cover 0,2.608695652173913,3.7037037037037033,42.9,6,50,2,22.2,0.5,0.33,2.5,5,10.6,3,10.7,1.5,1.5,2,100,0,0,0,0,1,0.98,100,2,1,1,1,0.167,118.8,1,20,0,0,2,100,0,0,0,0,1,1,100,0,0,0,40,-4.85,-0.029,16.7,33.3,50,0,8.3,7.4,4.15,3.69,0.46,1.38,1.23,7.4
2025,576,Drake Dabney,GB,TE,1,Cover 6,33.33333333333333,50,4.6,3,37.5,1,16.7,1,0.33,2,2,11.8,3,10.3,3,3,1,100,1,1,1,1,0,0,0,0,0,0,0,0,79.2,0,0,0,0,1,100,0,0,0,0,1,1,100,0,0,0,50,-3.37,-0.21,0,100,0,0,1.3,0.9,1.3,0.87,0.43,0.43,0.29,0.9
2025,577,Terrance Ferguson,LA,TE,4,Cover 6,8.024691358024691,16,24.1,13,34.2,4,11.1,0.23,0.31,14.75,59,17.8,3,0.7,0.75,3,1,25,0,0,0,0,0,0.08,0,0,1,0,0,0,39.6,4,22.2,0,0,2,50,2,0,1,25,1,1,100,0,0,0,33.3,-9.67,-0.891,15.4,46.2,38.5,0,1.3,4.4,0.33,1.1,-0.77,0.1,0.34,4.4
2025,578,Terrance Ferguson,LA,TE,2,Red Zone,2.4691358024691357,8,26.3,4,30.8,2,16.7,0.75,0.5,7,14,16.7,3,13,1.5,3,1,50,0,0,0,0,1,0.79,33.3,2,2,1,1,0.25,95.8,2,28.6,0,0,1,50,0,0,0,0,0,0,0,0,0,0,50,-6.03,0.465,50,25,25,0,7.3,5.9,3.65,2.97,0.68,1.82,1.48,5.9
2025,579,Austin Hooper,NE,TE,1,Goal Line,0.5405405405405406,4,100,1,33.3,1,33.3,2,1,11,11,39.3,2,66.7,2,2,1,100,0,0,0,0,1,0.99,50,1,1,1,1,1,118.8,1,50,0,0,1,100,0,0,0,0,1,1,100,0,0,0,33.3,-6.74,0.779,0,0,100,0,7.2,7.1,7.2,7.14,0.06,7.2,7.14,7.1
2025,580,Anthony Firkser,DET,TE,2,Cover 1,26.041666666666668,25,23.2,25,50,2,4.2,0.08,0.08,-0.5,-1,-0.4,2,0.6,1,1,2,100,3,1.5,1,0.5,0,0.03,0,1,0,0,1,0.04,79.2,2,5.9,1,50,2,100,0,0,0,0,0,0,0,0,0,0,9.5,-4.22,-0.385,20,52,28,0,2.2,3.1,1.1,1.55,-0.45,0.09,0.12,3.1
2025,581,David Njoku,CLV,TE,1,Cover 2 Man,3.488372093023256,2.2222222222222223,42.9,9,56.3,1,10,0.22,0.11,-2,-2,-3.8,2,2.8,2,2,1,100,4,4,2,2,0,0,0,0,0,0,0,0,79.2,1,14.3,1,100,1,100,0,0,0,0,0,0,0,0,0,0,20,-2.85,-0.146,33.3,44.4,22.2,0,1.2,1.6,1.2,1.59,-0.39,0.13,0.18,1.6
2025,582,Mark Andrews,BLT,TE,4,Cover 0,9.14826498422713,5.970149253731343,81.6,29,76.3,4,12.1,0.07,0.14,8.75,35,13.9,2,0.8,0.5,2,1,25,0,0,0,0,0,0.71,0,3,3,0,0,0,39.6,4,19,0,0,2,50,0,0,1,25,0,0,0,0,0,0,18.2,-7.78,-0.749,10.3,79.3,10.3,0,1.2,7.2,0.3,1.81,-1.51,0.04,0.25,7.2
2025,583,Mark Andrews,BLT,TE,4,Red Zone,3.1545741324921135,5.970149253731343,91.7,10,83.3,4,40,0.2,0.4,9,36,66.7,2,11.1,0.5,2,1,25,0,0,0,0,1,1.76,50,4,4,1,1,0.1,79.2,3,60,0,0,2,50,0,0,1,25,2,1,50,0,0,0,57.1,-7.38,-0.755,20,60,20,0,7.2,12.1,1.8,3.02,-1.22,0.72,1.21,12.1
2025,584,Durham Smythe,CHI,TE,2,Cover 4,17.142857142857142,33.33333333333333,21,12,14.8,2,2.6,0.17,0.17,2,4,0.5,2,0.3,1,2,1,50,4,4,0,0,0,0.01,0,0,0,0,0,0,56.3,1,2.3,0,0,2,100,0,0,1,50,0,0,0,0,0,0,14.3,-4.97,-0.576,25,16.7,33.3,25,1.2,3.5,0.6,1.74,-1.14,0.1,0.29,3.5
2025,585,Harrison Bryant,HST,TE,2,Cover 1,8.88888888888889,33.33333333333333,6,4,5.8,2,3.2,0.5,0.5,4,8,1.7,2,0.5,1,2,1,50,1,1,0,0,0,0,0,0,0,0,0,0,56.3,2,4.2,0,0,1,50,0,0,0,0,0,0,0,0,0,0,33.3,-5.54,-0.791,0,25,75,0,1.2,1.7,0.6,0.83,-0.23,0.3,0.41,1.7
2025,586,Adam Trautman,DEN,TE,1,Cover 0,2.4096385542168677,4.3478260869565215,50,4,16.7,1,4.3,0.5,0.25,10,10,8.3,2,2,2,2,1,100,0,0,0,0,1,0.85,16.7,1,1,1,1,0.25,118.8,1,5.6,0,0,1,100,0,0,0,0,0,0,0,0,0,0,10,-5.77,1.063,25,25,50,0,7.2,6.1,7.2,6.11,1.09,1.8,1.53,6.1
2025,587,John FitzPatrick,GB,TE,1,Cover 2 Man,0.9345794392523363,6.666666666666667,10,1,10,1,12.5,2,1,1,1,1,2,2.7,2,2,1,100,1,1,1,1,0,0,0,0,0,0,0,0,79.2,1,25,0,0,1,100,0,0,0,0,0,0,0,0,0,0,100,-3.78,-0.627,0,0,100,0,1.2,1.6,1.2,1.61,-0.41,1.2,1.61,1.6
2025,588,Darnell Washington,PIT,TE,2,Cover 0,4.395604395604396,4.651162790697675,57.9,8,47.1,2,12.5,0.25,0.25,3,6,9.7,2,2.2,1,2,1,50,0,0,0,0,1,1.01,20,2,1,1,1,0.125,95.8,1,9.1,0,0,2,100,0,0,1,50,0,0,0,0,0,0,25,-5.32,-0.798,25,0,75,0,7.2,8.3,3.6,4.15,-0.55,0.9,1.04,8.3
2025,589,Josh Whyle,GB,TE,1,Cover 0,3.1746031746031744,16.666666666666664,21.1,2,18.2,1,9.1,1,0.5,5,5,9.8,2,3.4,2,2,1,100,0,0,0,0,1,0.98,20,1,1,1,1,0.5,118.8,1,10,0,0,1,100,0,0,0,0,0,0,0,0,0,0,25,-4.48,1.183,0,50,50,0,7.2,7.1,7.2,7.12,0.08,3.6,3.56,7.1
2025,590,Brenton Strange,JAX,TE,1,Cover 2 Man,1.7543859649122806,1.694915254237288,100,5,100,1,33.3,0.4,0.2,1,1,3.3,2,6.5,2,2,1,100,1,1,0,0,0,0,0,0,0,0,0,0,79.2,1,33.3,0,0,1,100,0,0,0,0,0,0,0,0,0,0,33.3,-3.78,-0.351,0,80,20,0,1.2,1.6,1.2,1.58,-0.38,0.24,0.32,1.6
2025,591,Michael Mayer,LV,TE,1,Cover 0,3.349282296650718,2.0408163265306123,45.5,7,53.8,1,7.7,0.29,0.14,0,0,0,2,1.9,2,2,1,100,2,2,1,1,0,0.03,0,1,0,0,0,0,79.2,1,11.1,0,0,1,100,0,0,0,0,1,1,100,0,1,1,11.1,-3.29,-0.434,14.3,0,85.7,0,1.2,0.7,1.2,0.66,0.54,0.17,0.09,0.7
2025,592,Brock Bowers,LV,TE,1,Goal Line,0.2652519893899204,1.2048192771084338,50,1,100,1,100,2,1,10,10,100,2,100,2,2,1,100,0,0,0,0,1,0.96,100,1,1,1,1,1,118.8,1,100,0,0,1,100,0,0,0,0,0,0,0,0,0,0,100,-5.77,1.796,0,0,100,0,7.2,6.8,7.2,6.84,0.36,7.2,6.84,6.8
2025,593,Brevyn Spann-Ford,DAL,TE,2,Cover 4,20,15.384615384615385,19.1,14,12.7,2,2.1,0.14,0.14,2,4,0.5,2,0.3,1,2,1,50,1,1,0,0,0,0,0,0,0,0,0,0,56.3,1,1.7,0,0,1,50,0,0,0,0,0,0,0,0,0,0,13.3,-5.05,-0.55,0,21.4,71.4,7.1,1.2,1.6,0.6,0.81,-0.21,0.09,0.12,1.6
2025,594,Tip Reiman,ARZ,TE,1,Cover 4,25,20,8,8,17.8,1,2.6,0.25,0.13,-1,-1,-0.5,2,0.7,2,2,1,100,3,3,3,3,0,0,0,0,0,0,0,0,79.2,0,0,0,0,1,100,0,0,0,0,0,0,0,0,1,1,8.3,-2.9,-0.421,0,0,100,0,1.2,1.6,1.2,1.57,-0.37,0.15,0.2,1.6
2025,595,AJ Barner,SEA,TE,2,Cover 0,2.046783625730994,3.125,84.6,7,53.8,2,15.4,0.29,0.29,6.5,13,10.7,2,2,1,2,1,50,0,0,0,0,1,1.63,33.3,2,1,1,1,0.143,95.8,1,12.5,0,0,2,100,0,0,0,0,1,0,0,0,0,0,22.2,-6.56,0.68,0,28.6,71.4,0,7.2,11.5,3.6,5.73,-2.13,1.03,1.64,11.5
2025,596,Colston Loveland,CHI,TE,2,Goal Line,0.5617977528089888,2.5316455696202533,100,2,100,2,100,1,1,5,10,100,2,100,1,1,2,100,1,0.5,0,0,2,1.88,100,2,1,1,2,1,118.8,1,100,0,0,2,100,0,0,0,0,0,0,0,0,0,0,100,-5.53,0.999,0,0,100,0,14.2,13.4,7.1,6.7,0.4,7.1,6.7,13.4
2025,597,Mitchell Evans,CAR,TE,1,Cover 1,13.114754098360656,4.545454545454546,19.4,16,15.5,1,1.1,0.13,0.06,8,8,1,2,0.3,2,2,1,100,0,0,0,0,1,0.69,16.7,1,1,1,1,0.063,118.8,1,1.5,0,0,1,100,0,0,0,0,0,0,0,0,0,0,6.7,-5.72,3.805,12.5,31.3,56.3,0,7.2,4.9,7.2,4.9,2.3,0.45,0.31,4.9
2025,598,Hunter Henry,NE,TE,2,Goal Line,0.4514672686230248,2.380952380952381,100,2,66.7,2,66.7,0.5,1,8.5,17,60.7,1,33.3,0.5,1,1,50,0,0,0,0,1,1,50,2,2,1,1,0.5,95.8,1,50,0,0,1,50,0,0,0,0,0,0,0,0,0,0,66.7,-6.99,-0.298,0,0,100,0,7.1,7,3.55,3.52,0.03,3.55,3.52,7
2025,599,George Kittle,SF,TE,1,Cover 0,2.197802197802198,1.5151515151515151,72.7,6,66.7,1,11.1,0.17,0.17,10,10,19.2,1,2.1,1,1,1,100,0,0,0,0,1,0.96,33.3,1,1,1,1,0.167,118.8,1,14.3,0,0,1,100,0,0,0,0,0,0,0,0,0,0,14.3,-6.77,1.129,16.7,16.7,66.7,0,7.1,6.9,7.1,6.91,0.19,1.18,1.15,6.9
2025,600,Pharaoh Brown,ARZ,TE,1,Cover 4,16.666666666666664,50,3.7,3,3.3,1,1.2,0.33,0.33,1,1,0.2,1,0.2,1,1,1,100,0,0,0,0,0,0,0,0,0,0,0,0,79.2,1,1.9,0,0,1,100,0,0,0,0,0,0,0,0,0,0,20,-4.78,-0.484,0,0,100,0,1.1,1.6,1.1,1.57,-0.47,0.37,0.52,1.6
2025,601,Eric Saubert,SEA,TE,1,Cover 6,16.9811320754717,20,19.2,9,27.3,1,3.2,0.11,0.11,-2,-2,-1,1,0.6,1,1,1,100,3,3,0,0,0,0.05,0,1,0,0,0,0,79.2,0,0,0,0,1,100,0,0,0,0,0,0,0,0,0,0,14.3,-3.85,-0.956,0,0,100,0,1.1,1.8,1.1,1.75,-0.65,0.12,0.19,1.8
2025,602,Robert Tonyan,KC,TE,1,Cover 3,46.42857142857143,100,8.8,13,7.1,1,0.7,0.08,0.08,1,1,0.1,1,0.1,1,1,1,100,0,0,0,0,0,0.01,0,0,0,0,0,0,79.2,0,0,0,0,1,100,0,0,0,0,0,0,0,0,0,0,10,-4.78,-0.519,7.7,23.1,69.2,0,1.1,1.5,1.1,1.49,-0.39,0.08,0.11,1.5
2025,603,Dalton Schultz,HST,TE,1,Goal Line,0.21231422505307856,0.9708737864077669,100,1,100,1,100,1,1,7,7,100,1,100,1,1,1,100,0,0,0,0,1,0.97,100,1,1,1,1,1,118.8,1,100,0,0,1,100,0,0,0,0,0,0,0,0,0,0,100,-6.31,0.551,0,0,100,0,7.1,7,7.1,7.01,0.09,7.1,7.01,7
2025,604,Noah Fant,CIN,TE,1,Goal Line,1.0362694300518136,2.564102564102564,100,2,100,1,50,0.5,0.5,7,7,100,1,100,1,1,1,100,0,0,0,0,1,1,100,1,1,1,1,0.5,118.8,1,100,0,0,1,100,0,0,0,0,0,0,0,0,0,0,100,-6.31,1.432,0,0,100,0,7.1,7.2,7.1,7.19,-0.09,3.55,3.6,7.2
2025,605,Tanner Conner,MIA,TE,2,Cover 6,6.25,13.333333333333334,21.4,6,21.4,2,7.1,0.17,0.33,9,18,9.3,1,0.5,0.5,1,1,50,2,2,0,0,0,0.01,0,0,0,0,0,0,56.3,1,5,0,0,2,100,0,0,1,50,0,0,0,0,0,0,25,-7.25,-0.75,0,33.3,66.7,0,1.1,4.7,0.55,2.34,-1.79,0.18,0.78,4.7
2025,606,Trey McBride,ARZ,TE,2,Goal Line,0.29985007496251875,1.2121212121212122,100,2,100,2,100,0.5,1,7.5,15,100,1,100,0.5,1,1,50,0,0,0,0,1,0.83,100,2,2,1,1,0.5,95.8,1,100,0,0,1,50,0,0,0,0,1,1,100,0,0,0,100,-6.62,0.446,0,0,100,0,7.1,5.6,3.55,2.81,0.74,3.55,2.81,5.6
2025,607,Jake Ferguson,DAL,TE,1,Cover 0,3.578947368421052,1,71.9,17,53.1,1,3.1,0.06,0.06,2,2,1.5,1,0.6,1,1,1,100,0,0,0,0,1,0.99,25,1,1,1,1,0.059,118.8,1,4.2,0,0,1,100,0,0,0,0,0,0,0,0,0,0,4.8,-5.37,1.453,5.9,70.6,23.5,0,7.1,7.1,7.1,7.14,-0.04,0.42,0.42,7.1
2025,608,Josh Whyle,GB,TE,1,Cover 2,9.523809523809524,16.666666666666664,10,6,26.1,1,4.8,0.17,0.17,-5,-5,-2.4,1,0.8,1,1,1,100,6,6,1,1,0,0.01,0,0,0,0,0,0,79.2,1,10,1,100,1,100,0,0,0,0,0,0,0,0,0,0,20,-3.37,-0.283,16.7,0,83.3,0,1.1,1.7,1.1,1.65,-0.55,0.18,0.28,1.7
2025,609,Cam Grandy,CIN,TE,1,Cover 3,20,50,0.6,1,2.2,1,2.4,1,1,-4,-4,-1.7,1,0.3,1,1,1,100,5,5,1,1,0,0.06,0,0,0,0,0,0,79.2,1,3.4,0,0,1,100,0,0,0,0,0,0,0,0,0,0,100,-5.34,-0.514,0,0,100,0,1.1,2,1.1,1.96,-0.86,1.1,1.96,2
2025,610,David Martin-Robinson,TEN,TE,1,Goal Line,8,20,100,2,100,1,50,0.5,0.5,8,8,47.1,1,50,1,1,1,100,0,0,0,0,1,0.82,50,1,1,1,1,0.5,118.8,1,100,0,0,1,100,0,0,0,0,0,0,0,0,0,0,50,-6.72,0.594,0,0,100,0,7.1,5.9,7.1,5.89,1.21,3.55,2.95,5.9
2025,611,Theo Johnson,NYG,TE,3,Red Zone,4.477611940298507,4.10958904109589,76,18,90,3,18.8,0.06,0.17,3.67,11,12,1,6.3,0.33,1,1,33.3,0,0,0,0,1,1.05,50,3,1,1,1,0.056,81.9,3,33.3,0,0,3,100,0,0,2,66.7,0,0,0,0,0,0,27.3,-5.97,-0.248,11.1,50,33.3,5.6,7.1,10.4,2.37,3.45,-1.08,0.39,0.58,10.4
2025,612,Oronde Gadsden,LAC,TE,1,Goal Line,0.26666666666666666,1.4705882352941175,100,1,100,1,100,1,1,8,8,100,1,100,1,1,1,100,0,0,0,0,1,0.98,100,1,1,1,1,1,118.8,1,100,0,0,1,100,0,0,0,0,0,0,0,0,0,0,100,-6.72,0.681,0,0,100,0,7.1,6.9,7.1,6.88,0.22,7.1,6.88,6.9
2025,613,Elijah Arroyo,SEA,TE,1,Red Zone,5.263157894736842,4,35,7,46.7,1,8.3,0.14,0.14,-1,-1,-2.1,1,2.9,1,1,1,100,2,2,1,1,0,0.27,0,1,0,0,0,0,79.2,0,0,0,0,1,100,0,0,0,0,0,0,0,0,0,0,25,-3.9,-0.816,0,42.9,57.1,0,1.1,3.1,1.1,3.05,-1.95,0.16,0.44,3.1
2025,614,Zach Ertz,WAS,TE,1,Cover 0,5.13595166163142,1.4084507042253522,73.1,17,77.3,1,4.8,0,0.06,6,6,3.6,0,0,0,0,0,0,0,0,0,0,0,0,0,0,0,0,0,0,39.6,1,5.3,0,0,1,100,0,0,1,100,0,0,0,0,0,0,6.3,-7.09,-1.339,17.6,76.5,5.9,0,0,1.8,0,1.78,-1.78,0,0.1,1.8
2025,615,Travis Kelce,KC,TE,1,Prevent,0.3913894324853229,0.9615384615384616,66.7,2,66.7,1,50,0,0.5,6,6,14.6,0,0,0,0,0,0,0,0,0,0,0,0,0,0,0,0,0,0,39.6,1,50,0,0,0,0,0,0,0,0,0,0,0,0,0,0,50,-7.09,-0.046,0,100,0,0,0,0,0,0,0,0,0,0
2025,616,Chris Manhertz,NYG,TE,1,Cover 3,37.5,50,10.1,6,3.4,1,0.7,0,0.17,11,11,0.8,0,0,0,0,0,0,0,0,0,0,0,0,0,1,0,0,0,0,39.6,1,0.9,0,0,0,0,0,0,0,0,0,0,0,0,0,0,8.3,-8.74,-0.795,0,0,100,0,0,0,0,0.01,-0.01,0,0,0
2025,617,Austin Hooper,NE,TE,1,Cover 0,2.7027027027027026,4,25.9,5,19.2,1,4.3,0,0.2,0,0,0,0,0,0,0,0,0,0,0,0,0,0,0,0,1,0,0,0,0,39.6,0,0,0,0,0,0,0,0,0,0,0,0,0,0,0,0,20,-5.29,-0.417,40,0,60,0,0,0,0,-0.01,0.01,0,0,0
2025,618,Tyler Higbee,LA,TE,1,Red Zone,2.312138728323699,2.7777777777777777,26.3,4,44.4,1,11.1,0,0.25,19,19,25.3,0,0,0,0,0,0,0,0,0,0,0,0,0,1,1,0,0,0,39.6,0,0,0,0,0,0,0,0,0,0,0,0,0,0,0,0,20,-10.6,-0.85,25,50,25,0,0,0,0,-0.01,0.01,0,0,0
2025,619,Mo Alie-Cox,IND,TE,1,Cover 1,11.711711711711711,5.263157894736842,28,13,12.1,1,1,0,0.08,13,13,1.4,0,0,0,0,0,0,0,0,0,0,0,0,0,1,0,0,0,0,39.6,1,1.2,0,0,0,0,0,0,0,0,1,0,0,0,0,0,4,-9.96,-0.472,0,7.7,92.3,0,0,0,0,-0.02,0.02,0,0,0
2025,620,Mo Alie-Cox,IND,TE,2,Cover 4,22.52252252252252,10.526315789473683,36.1,25,23.1,2,2,0,0.08,8,16,2.3,0,0,0,0,0,0,0,0,0,0,0,0,0,0,0,0,0,0,0,1,1.4,0,0,0,0,0,0,0,0,0,0,0,0,0,0,5.6,-7.61,-3.347,0,24,76,0,0,0,0,0,0,0,0,0
2025,621,Johnny Mundt,JAX,TE,2,Cover 6,7.894736842105263,11.11111111111111,25,9,19.1,2,5.6,0,0.22,6.5,13,3.2,0,0,0,0,0,0,0,0,0,0,0,0,0,0,0,0,0,0,39.6,1,4.5,0,0,2,100,0,0,1,50,1,0,0,0,0,0,20,-7.05,-0.532,0,0,100,0,0,2.7,0,1.35,-1.35,0,0.3,2.7
2025,622,Pharaoh Brown,ARZ,TE,1,Red Zone,11.11111111111111,50,6.9,2,18.2,1,12.5,0,0.5,-2,-2,-6.1,0,0,0,0,1,100,2,2,0,0,0,0.11,0,1,0,0,0,0,79.2,1,33.3,0,0,1,100,0,0,0,0,0,0,0,0,0,0,50,-4.85,-0.401,0,50,50,0,1,1.5,1,1.53,-0.53,0.5,0.76,1.5
2025,623,Eric Saubert,SEA,TE,1,Cover 2,7.547169811320755,20,16,4,11.4,1,3.2,0,0.25,15,15,10.1,0,0,0,0,0,0,0,0,0,0,0,0,0,1,0,0,0,0,39.6,0,0,0,0,0,0,0,0,0,0,0,0,0,0,0,0,14.3,-10.64,-0.471,0,0,100,0,0,0,0,0,0,0,0,0
2025,624,David Njoku,CLV,TE,1,Cover 0,1.937984496124031,2.2222222222222223,47.1,5,35.7,1,7.7,0,0.2,-1,-1,-0.6,0,0,0,0,0,0,0,0,0,0,0,0,0,0,0,0,0,0,39.6,1,12.5,0,0,0,0,0,0,0,0,0,0,0,0,0,0,14.3,-4.9,-0.378,0,20,80,0,0,0,0,0.03,-0.03,0,0.01,0
2025,625,Ross Dwelley,DET,TE,1,Cover 0,7.6923076923076925,25,8.3,2,20,1,10,0,0.5,6,6,16.7,0,0,0,0,0,0,0,0,0,0,0,0,0,1,1,0,0,0,39.6,1,12.5,0,0,0,0,0,0,0,0,0,0,0,0,0,0,33.3,-7.09,-0.414,0,50,50,0,0,0,0,0,0,0,0,0
2025,626,Ross Dwelley,DET,TE,1,Cover 1,15.384615384615385,25,3.6,4,6.2,1,1.6,0,0.25,1,1,0.2,0,0,0,0,0,0,0,0,0,0,0,0.03,0,0,0,0,0,0,39.6,1,2,0,0,1,100,0,0,0,0,1,0,0,0,0,0,25,-5.78,-0.361,50,0,50,0,0,0.9,0,0.93,-0.93,0,0.23,0.9
2025,627,Dalton Schultz,HST,TE,3,Cover 0,4.033970276008493,2.912621359223301,88.5,19,73.1,3,12.5,0,0.16,5,15,11.3,0,0,0,0,0,0,0,0,0,0,0,0.02,0,0,0,0,0,0,39.6,3,16.7,0,0,2,66.7,0,0,1,33.3,1,0,0,0,0,0,15.8,-6.86,-1.715,0,36.8,63.2,0,0,3.2,0,1.08,-1.08,0,0.17,3.2
2025,628,Tanner Hudson,CIN,TE,1,Cover 0,2.8301886792452833,4.166666666666666,18.8,3,23.1,1,7.7,0,0.33,12,12,7,0,0,0,0,0,0,0,0,0,0,0,0,0,1,1,0,0,0,0,1,12.5,0,0,0,0,0,0,0,0,0,0,0,0,0,0,33.3,-8.67,-11.06,0,66.7,33.3,0,0,0,0,-0.02,0.02,0,-0.01,0
2025,629,Tanner Hudson,CIN,TE,1,Cover 6,4.716981132075472,4.166666666666666,7.6,5,11.6,1,2.4,0,0.2,4,4,1.9,0,0,0,0,0,0,0,0,0,0,0,0,0,0,0,0,0,0,39.6,0,0,0,0,0,0,0,0,0,0,0,0,0,0,0,0,25,-6.07,-0.852,40,20,40,0,0,0,0,0.01,-0.01,0,0,0
2025,630,Foster Moreau,NO,TE,1,Cover 1,13.043478260869565,10,14.6,9,16.7,1,2.1,0,0.11,5,5,1.2,0,0,0,0,0,0,0,0,0,0,0,0,0,0,0,0,0,0,0,1,2.6,0,0,0,0,0,0,0,0,0,0,0,0,0,0,10,-6.48,-7.443,0,33.3,66.7,0,0,0,0,-0.03,0.03,0,0,0
2025,631,Dawson Knox,BUF,TE,1,Red Zone,0.7092198581560284,2.083333333333333,25,2,16.7,1,9.1,0,0.5,-4,-4,-17.4,0,0,0,0,0,0,0,0,0,0,0,0,0,1,0,0,0,0,39.6,1,16.7,1,100,0,0,0,0,0,0,0,0,0,0,0,0,50,-6.34,-0.601,50,0,50,0,0,0,0,-0.03,0.03,0,-0.02,0
2025,632,Giovanni Ricci,DET,TE,1,Cover 0,50,100,8.3,3,15.8,1,5.9,0,0.33,2,2,2.9,0,0,0,0,0,0,0,0,0,0,0,0,0,1,0,0,0,0,39.6,1,8.3,0,0,0,0,0,0,0,0,0,0,0,0,0,0,50,-6.37,-0.902,33.3,0,66.7,0,0,0,0,0,0,0,0,0
2025,633,Juwan Johnson,NO,TE,2,Cover 2 Man,2.380952380952381,3,92.9,12,85.7,3,25,0,0.25,13.67,41,30.1,0,0,0,0,0,0,0,0,0,0,0,0.63,0,2,0,0,0,0,39.6,3,37.5,0,0,2,66.7,0,0,1,33.3,0,0,0,0,0,0,27.3,-9.86,-0.565,41.7,41.7,8.3,8.3,0,7.2,0,3.6,-3.6,0,0.6,7.2
2025,634,Harrison Bryant,HST,TE,2,Cover 4,8.88888888888889,33.33333333333333,9,4,6,2,3.3,0,0.5,11,22,5.4,0,0,0,0,0,0,0,0,0,0,0,0,0,0,0,0,0,0,39.6,1,2.2,0,0,0,0,1,0,0,0,0,0,0,0,0,0,25,-10.15,-0.666,0,25,75,0,0,0.3,0,0.14,-0.14,0,0.07,0.3
2025,635,Colby Parkinson,LA,TE,1,Cover 2 Man,2.1459227467811157,1.8181818181818181,62.5,5,62.5,1,12.5,0,0.2,20,20,11.1,0,0,0,0,0,0,0,0,0,0,0,0,0,1,1,0,0,0,39.6,1,16.7,0,0,0,0,1,0,0,0,0,0,0,0,0,0,20,-11.76,-0.231,40,40,20,0,0,0,0,0,0,0,0,0
2025,636,Colby Parkinson,LA,TE,1,Prevent,1.2875536480686696,1.8181818181818181,75,3,75,1,25,0,0.33,27,27,26.5,0,0,0,0,0,0,0,0,0,0,0,0.22,0,0,1,0,0,0,39.6,1,25,0,0,1,100,1,0,0,0,1,0,0,0,0,0,33.3,-13.57,0.033,0,66.7,33.3,0,0,2.8,0,2.77,-2.77,0,0.92,2.8
2025,637,Cole Kmet,CHI,TE,1,Cover 0,4.5602605863192185,2.2222222222222223,56.8,14,41.2,1,3.2,0,0.07,20,20,8.8,0,0,0,0,0,0,0,0,0,0,0,0,0,1,1,0,0,0,0,1,5,0,0,0,0,1,0,0,0,0,0,0,0,0,0,6.7,-11.76,-2.75,14.3,14.3,71.4,0,0,0,0,0,0,0,0,0
2025,638,Shane Zylstra,DET,TE,1,Cover 0,8.974358974358974,20,33.3,7,31.8,1,5,0,0.14,12,12,13.2,0,0,0,0,0,0,0,0,0,0,0,0,0,1,1,0,0,0,39.6,1,7.1,0,0,0,0,0,0,0,0,0,0,0,0,0,0,14.3,-8.67,-1.03,14.3,71.4,14.3,0,0,0,0,0,0,0,0,0
2025,639,Noah Gray,KC,TE,1,Red Zone,5.14018691588785,3.0303030303030303,45.5,11,36.7,1,4.3,0,0.09,9,9,12.9,0,0,0,0,0,0,0,0,0,0,0,0,0,1,1,0,0,0,39.6,1,8.3,0,0,0,0,0,0,0,0,0,0,0,0,0,0,10,-7.26,-1.972,9.1,18.2,72.7,0,0,0,0,-0.01,0.01,0,0,0
2025,640,Jack Stoll,NO,TE,1,Cover 6,9.30232558139535,10,10.4,4,10.8,1,3.6,0,0.25,-1,-1,-0.7,0,0,0,0,0,0,0,0,0,0,0,0,0,0,0,0,0,0,39.6,0,0,0,0,0,0,0,0,0,0,0,0,0,0,0,0,25,-4.9,-3.454,0,25,50,25,0,0,0,-0.01,0.01,0,0,0
2025,641,Luke Farrell,SF,TE,1,Cover 0,3.3057851239669422,8.333333333333332,63.6,4,36.4,1,9.1,0,0.25,10,10,19.6,0,0,0,0,0,0,0,0,0,0,0,0,0,1,1,0,0,0,39.6,1,12.5,0,0,0,0,0,0,0,0,0,0,0,0,0,0,16.7,-7.77,-0.401,75,0,25,0,0,0,0,-0.02,0.02,0,0,0
2025,642,Pat Freiermuth,PIT,TE,1,Bracket,1.6835016835016834,1.8867924528301887,55.6,5,55.6,1,12.5,0,0.2,12,12,41.4,0,0,0,0,0,0,0,0,0,0,0,0.14,0,1,1,0,0,0,0,0,0,0,0,1,100,0,0,0,0,0,0,0,0,0,0,33.3,-8.67,-5.154,20,80,0,0,0,1,0,1.05,-1.05,0,0.21,1
2025,643,Tommy Tremble,CAR,TE,1,Bracket,1.1627906976744187,2.7777777777777777,100,3,100,1,33.3,0,0.33,12,12,28.6,0,0,0,0,0,0,0,0,0,0,0,0,0,0,0,0,0,0,39.6,1,50,0,0,0,0,0,0,0,0,0,0,0,0,0,0,33.3,-8.67,-0.714,0,100,0,0,0,0,0,-0.01,0.01,0,0,0
2025,644,Grant Calcaterra,PHI,TE,1,Cover 3,20.952380952380953,7.6923076923076925,22.4,22,14,1,0.7,0,0.05,3,3,0.2,0,0,0,0,0,0,0,0,0,0,0,0,0,0,0,0,0,0,39.6,1,1.1,0,0,1,100,0,0,0,0,1,0,0,0,0,0,3.1,-6.32,-0.517,4.5,22.7,72.7,0,0,0.7,0,0.69,-0.69,0,0.03,0.7
2025,645,Grant Calcaterra,PHI,TE,1,Cover 6,3.8095238095238098,7.6923076923076925,16.3,4,9.8,1,3,0,0.25,19,19,6.9,0,0,0,0,0,0,0,0,0,0,0,0,0,0,0,0,0,0,39.6,1,5.6,0,0,0,0,0,0,0,0,0,0,0,0,0,0,25,-10.6,-0.576,0,75,25,0,0,0,0,0.01,-0.01,0,0,0
2025,646,Jake Tonges,SF,TE,1,Red Zone,5.0228310502283104,2.2222222222222223,46.4,11,40.7,1,3.7,0,0.09,17,17,13.7,0,0,0,0,0,0,0,0,0,0,0,0.25,0,1,1,0,0,0,39.6,0,0,0,0,1,100,0,0,0,0,0,0,0,0,0,0,8.3,-11.68,-0.742,9.1,18.2,72.7,0,0,2.6,0,2.6,-2.6,0,0.24,2.6
2025,647,Andrew Ogletree,IND,TE,1,Cover 1,6.382978723404255,16.666666666666664,10.3,3,3.1,1,1.1,0,0.33,13,13,1.6,0,0,0,0,0,0,0,0,0,0,0,0,0,0,0,0,0,0,39.6,0,0,0,0,0,0,0,0,0,0,0,0,0,0,0,0,10,-9.96,-0.512,33.3,33.3,33.3,0,0,0,0,0,0,0,0,0
2025,648,Andrew Ogletree,IND,TE,1,Cover 6,19.148936170212767,16.666666666666664,13.9,9,12.9,1,1.6,0,0.11,5,5,0.9,0,0,0,0,0,0,0,0,0,0,0,0,0,0,0,0,0,0,39.6,1,2.3,0,0,1,100,0,0,0,0,1,0,0,0,0,0,11.1,-6.48,-1.213,22.2,22.2,55.6,0,0,0.6,0,0.64,-0.64,0,0.07,0.6
2025,649,Connor Heyward,PIT,TE,1,Cover 0,9.090909090909092,25,21.1,1,5.6,1,5.9,0,1,17,17,24.6,0,0,0,0,0,0,0,0,0,0,0,0.15,0,1,1,0,0,0,39.6,1,7.7,0,0,1,100,0,0,1,100,0,0,0,0,0,0,33.3,-11.68,-0.74,0,0,0,100,0,2.3,0,2.31,-2.31,0,2.31,2.3
2025,650,Zaire Mitchell-Paden,BLT,TE,1,Cover 1,33.33333333333333,33.33333333333333,5,3,5.1,1,1.9,0,0.33,8,8,1.4,0,0,0,0,0,0,0,0,0,0,0,0.34,0,1,1,0,0,0,39.6,0,0,0,0,1,100,0,0,1,100,1,0,0,0,0,0,16.7,-7.72,-0.217,0,0,0,100,0,2.7,0,2.67,-2.67,0,0.89,2.7
2025,651,Tanner Conner,MIA,TE,2,Cover 1,13.541666666666666,20,29.1,13,38.2,3,9.7,0,0.23,8.33,25,15.3,0,0,0,0,0,0,0,0,0,0,0,0.34,0,1,1,0,0,0,39.6,1,4.5,0,0,2,66.7,0,0,1,33.3,2,0,0,0,0,0,25,-7.97,-1.992,38.5,38.5,23.1,0,0,4.1,0,2.04,-2.04,0,0.31,4.1
2025,652,Stone Smartt,NYJ,TE,1,Cover 2,11.76470588235294,11.11111111111111,6.7,6,14.6,1,3,0,0.17,15,15,8.1,0,0,0,0,0,0,0,0,0,0,0,0,0,0,0,0,0,0,39.6,1,4.3,0,0,1,100,0,0,0,0,1,0,0,0,0,0,14.3,-10.64,-0.492,0,66.7,33.3,0,0,1.8,0,1.84,-1.84,0,0.31,1.8
2025,653,Lucas Krull,DEN,TE,2,Cover 3,53.84615384615385,50,6.8,14,31.1,2,5.3,0,0.14,4,8,3.5,0,0,0,0,0,0,0,0,0,0,0,0,0,0,0,0,0,0,39.6,1,4,0,0,0,0,0,0,0,0,0,0,0,0,0,0,16.7,-6.07,-1.486,14.3,21.4,64.3,0,0,0,0,0.01,-0.01,0,0,0
2025,654,Tucker Fisk,LAC,TE,1,Cover 1,15.555555555555555,33.33333333333333,7.1,7,6.3,1,1,0,0.14,4,4,0.6,0,0,0,0,0,0,0,0,0,0,0,0,0,0,0,0,0,0,39.6,1,1.4,0,0,1,100,0,0,1,100,1,0,0,0,0,0,10,-6.07,-0.598,14.3,14.3,71.4,0,0,0.9,0,0.86,-0.86,0,0.12,0.9
2025,655,Jeremy Ruckert,NYJ,TE,1,Cover 0,3.4682080924855487,3.571428571428571,32,6,24,1,4.8,0,0.17,8,8,5.8,0,0,0,0,0,0,0,0,0,0,0,0,0,1,1,0,0,0,39.6,1,5.9,0,0,0,0,0,0,0,0,0,0,0,0,0,0,20,-7.72,-2.867,0,16.7,83.3,0,0,0,0,-0.01,0.01,0,0,0
2025,656,Isaiah Likely,BLT,TE,1,Cover 4,10.045662100456621,2.7777777777777777,52.8,22,44.9,1,2.4,0,0.05,5,5,2,0,0,0,0,0,0,0,0,0,0,0,0,0,1,0,0,0,0,39.6,0,0,0,0,0,0,0,0,0,0,0,0,0,0,0,0,4.2,-6.48,-0.713,18.2,68.2,13.6,0,0,0,0,0.03,-0.03,0,0,0
2025,657,Isaiah Likely,BLT,TE,2,Goal Line,0.91324200913242,5.555555555555555,100,2,100,2,100,0,1,12.5,25,100,0,0,0,0,0,0,0,0,0,0,0,0.64,0,2,2,0,0,0,39.6,1,100,0,0,1,50,0,0,0,0,1,0,0,0,0,0,100,-9.51,-1.179,50,0,50,0,0,5,0,2.52,-2.52,0,2.52,5
2025,658,Daniel Bellinger,NYG,TE,1,Cover 6,8.16326530612245,3.8461538461538463,34.5,16,34.8,1,2.5,0,0.06,3,3,0.8,0,0,0,0,0,0,0,0,0,0,0,0,0,0,0,0,0,0,39.6,0,0,0,0,0,0,0,0,0,0,0,0,0,0,0,0,7.7,-6.32,-0.84,18.8,31.3,37.5,12.5,0,0,0,0.02,-0.02,0,0,0
2025,659,Cade Otton,TB,TE,1,Cover 0,1.3363028953229399,1.25,100,6,60,1,10,0,0.17,11,11,14.5,0,0,0,0,0,0,0,0,0,0,0,0,0,1,1,0,0,0,39.6,1,11.1,0,0,0,0,0,0,0,0,0,0,0,0,0,0,10,-8.74,-0.539,33.3,66.7,0,0,0,0,0,0.05,-0.05,0,0.01,0
2025,660,Luke Schoonmaker,DAL,TE,1,Bracket,1.5037593984962405,4.3478260869565215,12.5,2,12.5,1,6.7,0,0.5,4,4,4.3,0,0,0,0,0,0,0,0,0,0,0,0.01,0,0,0,0,0,0,39.6,1,10,0,0,1,100,0,0,1,100,1,0,0,0,0,0,50,-6.07,-0.56,0,50,50,0,0,0.9,0,0.86,-0.86,0,0.43,0.9
2025,661,Brayden Willis,SF,TE,1,Cover 3,20,100,0.5,1,1.2,1,1.4,0,1,2,2,0.4,0,0,0,0,0,0,0,0,0,0,0,0,0,0,0,0,0,0,39.6,1,2,0,0,0,0,0,0,0,0,0,0,0,0,0,0,100,-6.37,-0.729,0,100,0,0,0,0,0,0.02,-0.02,0,0.02,0
2025,662,Blake Whiteheart,CLV,TE,2,Cover 3,29.11392405063291,33.33333333333333,23.8,23,13.9,2,1.3,0,0.09,13,26,2.9,0,0,0,0,1,50,0,0,0,0,0,0.01,0,0,0,0,0,0,56.3,1,1.1,0,0,2,100,1,0,0,0,1,0,0,0,0,0,5.7,-8.22,-0.725,8.7,26.1,60.9,4.3,1,3.6,0.5,1.78,-1.28,0.04,0.16,3.6
2025,663,Blake Whiteheart,CLV,TE,2,Cover 4,20.253164556962027,33.33333333333333,20.2,16,18.2,2,2.7,0,0.13,3.5,7,1.9,0,0,0,0,0,0,0,0,0,0,0,0,0,0,0,0,0,0,39.6,0,0,0,0,1,50,0,0,0,0,1,0,0,0,0,0,14.3,-6.19,-0.486,12.5,25,62.5,0,0,0.9,0,0.44,-0.44,0,0.06,0.9
2025,664,Blake Whiteheart,CLV,TE,1,Cover 6,6.329113924050633,16.666666666666664,12.1,5,8.6,1,2,0,0.2,9,9,3.2,0,0,0,0,0,0,0,0,0,0,0,0,0,0,0,0,0,0,39.6,0,0,0,0,0,0,0,0,0,0,0,0,0,0,0,0,16.7,-7.26,-0.083,20,0,80,0,0,0,0,0.02,-0.02,0,0,0
2025,665,Nate Adkins,DEN,TE,1,Cover 1,9.75609756097561,10,10.3,4,7.5,1,2,0,0.25,-1,-1,-0.2,0,0,0,0,0,0,0,0,0,0,0,0,0,0,0,0,0,0,39.6,1,2.6,1,100,1,100,0,0,1,100,0,0,0,0,0,0,14.3,-4.9,-1.827,0,0,100,0,0,1.5,0,1.55,-1.55,0,0.39,1.5
2025,666,Nate Adkins,DEN,TE,1,Red Zone,9.75609756097561,10,16.1,4,25,1,7.7,0,0.25,11,11,16.7,0,0,0,0,0,0,0,0,0,0,0,0,0,1,1,0,0,0,39.6,1,12.5,0,0,0,0,0,0,0,0,0,0,0,0,0,0,33.3,-8.74,-0.866,25,0,75,0,0,0,0,0.04,-0.04,0,0.01,0
2025,667,Dalton Kincaid,BUF,TE,2,Cover 0,5.58659217877095,4.081632653061225,36.4,10,33.3,2,7.7,0,0.2,17.5,35,15.2,0,0,0,0,0,0,0,0,0,0,0,0.27,0,2,2,0,0,0,39.6,1,5.9,0,0,1,50,1,0,0,0,1,0,0,0,0,0,20,-10.18,-0.679,40,20,40,0,0,2.5,0,1.26,-1.26,0,0.25,2.5
2025,668,Elijah Higgins,ARZ,TE,1,Bracket,2.867383512544803,2.857142857142857,61.5,8,61.5,1,10,0,0.13,11,11,15.1,0,0,0,0,0,0,0,0,0,0,0,0,0,0,0,0,0,0,39.6,1,14.3,0,0,1,100,0,0,0,0,1,0,0,0,0,0,14.3,-8.74,-1.88,0,87.5,12.5,0,0,1.7,0,1.7,-1.7,0,0.21,1.7
2025,669,Elijah Higgins,ARZ,TE,1,Cover 1,11.469534050179211,2.857142857142857,35.8,32,30.2,1,1.1,0,0.03,16,16,1.8,0,0,0,0,0,0,0,0,0,0,0,0,0,0,0,0,0,0,39.6,1,1.4,0,0,0,0,0,0,0,0,1,0,0,0,0,0,3.6,-10.19,-1.429,21.9,40.6,34.4,3.1,0,0,0,0.02,-0.02,0,0,0
2025,670,Payne Durham,TB,TE,1,Cover 2,15.384615384615385,25,20.2,8,9,1,1.3,0,0.13,19,19,3.2,0,0,0,0,0,0,0,0,0,0,0,0,0,1,1,0,0,0,39.6,0,0,0,0,0,0,0,0,0,0,0,0,0,0,0,0,6.3,-10.6,-0.465,12.5,37.5,50,0,0,0,0,-0.04,0.04,0,0,0
2025,671,Payne Durham,TB,TE,1,Cover 3,34.61538461538461,25,18.3,18,8.7,1,0.5,0,0.06,0,0,0,0,0,0,0,0,0,0,0,0,0,0,0,0,0,0,0,0,0,39.6,0,0,0,0,0,0,0,0,0,0,0,0,0,0,0,0,3.2,-5.29,-0.777,0,11.1,88.9,0,0,0,0,0,0,0,0,0
2025,672,Davis Allen,LA,TE,1,Red Zone,2.2346368715083798,3.0303030303030303,31.6,4,21.1,1,5.6,0,0.25,0,0,0,0,0,0,0,0,0,0,0,0,0,0,0.34,0,1,0,0,0,0,39.6,1,9.1,0,0,1,100,0,0,1,100,0,0,0,0,0,0,16.7,-5.29,-1.706,0,25,75,0,0,3.2,0,3.2,-3.2,0,0.8,3.2
2025,673,Luke Musgrave,GB,TE,1,Cover 0,2.564102564102564,3.225806451612903,42.1,5,26.3,1,5.3,0,0.2,-2,-2,-2.8,0,0,0,0,0,0,0,0,0,0,0,0.23,0,1,0,0,0,0,39.6,1,6.3,1,100,1,100,0,0,1,100,0,0,0,0,0,0,14.3,-4.85,-0.516,0,60,40,0,0,2.8,0,2.83,-2.83,0,0.57,2.8
2025,674,Luke Musgrave,GB,TE,1,Cover 2 Man,1.5384615384615385,3.225806451612903,30,3,30,1,12.5,0,0.33,1,1,1,0,0,0,0,0,0,0,0,0,0,0,0,0,0,0,0,0,0,39.6,0,0,0,0,1,100,0,0,1,100,1,0,0,0,0,0,33.3,-5.78,-0.213,0,66.7,33.3,0,0,0.8,0,0.84,-0.84,0,0.28,0.8
2025,675,Cade Stover,HST,TE,1,Cover 0,2.9850746268656714,6.25,11.5,2,14.3,1,7.7,0,0.5,0,0,0,0,0,0,0,0,0,0,0,0,0,0,0.01,0,0,0,0,0,0,39.6,0,0,0,0,1,100,0,0,0,0,0,0,0,0,0,0,50,-5.29,-0.455,0,0,100,0,0,1.7,0,1.67,-1.67,0,0.83,1.7
2025,676,David Martin-Robinson,TEN,TE,1,Cover 4,20,20,6.5,5,5.8,1,1.3,0,0.2,14,14,3.1,0,0,0,0,0,0,0,0,0,0,0,0,0,0,0,0,0,0,39.6,0,0,0,0,0,0,0,0,0,0,0,0,0,0,0,0,33.3,-10.28,-0.529,0,40,60,0,0,0,0,0,0,0,0,0
2025,677,Colson Yankoff,WAS,TE,1,Cover 4,23.076923076923077,33.33333333333333,13,6,10.3,1,2.3,0,0.17,5,5,1.6,0,0,0,0,0,0,0,0,0,0,0,0,0,0,0,0,0,0,39.6,1,3.6,0,0,0,0,0,0,0,0,0,0,0,0,0,0,16.7,-6.48,-0.57,50,16.7,33.3,0,0,0,0,0.01,-0.01,0,0,0
2025,678,Tip Reiman,ARZ,TE,1,Cover 6,18.75,20,9.1,6,26.1,1,5.9,0,0.17,9,9,10.2,0,0,0,0,0,0,0,0,0,0,0,0,0,0,0,0,0,0,39.6,1,11.1,0,0,0,0,0,0,0,0,0,0,0,0,0,0,25,-7.26,-0.779,0,16.7,66.7,16.7,0,0,0,0,0,0,0,0
2025,679,Ben Sinnott,WAS,TE,1,Cover 4,16.161616161616163,7.6923076923076925,24.6,16,23.9,1,1.9,0,0.06,25,25,6.6,0,0,0,0,0,0,0,0,0,0,0,0,0,0,0,0,0,0,39.6,0,0,0,0,0,0,1,0,0,0,0,0,0,0,0,0,8.3,-9.56,-0.995,18.8,43.8,37.5,0,0,0.1,0,0.07,-0.07,0,0,0.1
2025,680,Nick Kallerup,SEA,TE,1,Cover 1,44.44444444444444,100,10.7,4,8.5,1,2.4,0,0.25,7,7,2,0,0,0,0,0,0,0,0,0,0,0,0.31,0,1,0,0,0,0,39.6,0,0,0,0,1,100,0,0,0,0,1,0,0,0,0,0,12.5,-7.31,-0.555,0,0,100,0,0,2.6,0,2.63,-2.63,0,0.66,2.6
2025,681,Tyler Warren,IND,TE,1,Bracket,0.625,0.9433962264150944,100,3,100,1,33.3,0,0.33,6,6,40,0,0,0,0,0,0,0,0,0,0,0,0,0,0,0,0,0,0,39.6,1,50,0,0,1,100,0,0,0,0,1,0,0,0,0,0,50,-7.09,-1.401,0,66.7,33.3,0,0,1.2,0,1.24,-1.24,0,0.41,1.2
2025,682,Tyler Warren,IND,TE,2,Cover 0,3.3333333333333335,1.8867924528301887,88,16,64,2,8.7,0,0.13,10,20,18.3,0,0,0,0,0,0,0,0,0,0,0,0,0,1,1,0,0,0,39.6,2,12.5,0,0,0,0,0,0,0,0,0,0,0,0,0,0,13.3,-9,-1.703,18.8,37.5,37.5,6.3,0,0,0,0.01,-0.01,0,0,0
2025,683,Mitchell Evans,CAR,TE,1,Goal Line,0.819672131147541,4.545454545454546,100,1,100,1,100,0,1,10,10,100,0,0,0,0,0,0,0,0,0,0,0,0,0,1,1,0,0,0,0,1,100,0,0,0,0,0,0,0,0,0,0,0,0,0,0,100,-7.77,-7.284,0,0,100,0,0,0,0,-0.02,0.02,0,-0.02,0
2025,684,Gunnar Helm,TEN,TE,2,Red Zone,2.608695652173913,3.7037037037037033,47.1,6,35.3,2,14.3,0,0.33,11.5,23,52.3,0,0,0,0,0,0,0,0,0,0,0,0.24,0,2,2,0,0,0,39.6,2,22.2,0,0,1,50,0,0,1,50,1,0,0,0,0,0,40,-8.77,-0.636,0,83.3,16.7,0,0,2,0,0.99,-0.99,0,0.33,2
2025,685,Drake Dabney,GB,TE,1,Red Zone,11.11111111111111,50,6.3,1,25,1,50,0,1,8,8,200,0,0,0,0,0,0,0,0,0,0,0,0,0,1,0,0,0,0,39.6,0,0,0,0,0,0,0,0,0,0,0,0,0,0,0,0,100,-7.72,-0.632,0,0,100,0,0,0,0,-0.02,0.02,0,-0.02,0
2025,686,Elijah Arroyo,SEA,TE,2,Cover 6,9.774436090225564,8,32.7,13,37.1,2,6.5,0,0.15,12.5,25,10.6,0,0,0,0,0,0,0,0,0,0,0,0,0,0,0,0,0,0,0,1,5,0,0,0,0,1,0,0,0,0,0,0,0,0,0,13.3,-9.52,-3.15,15.4,38.5,46.2,0,0,0,0,0.01,-0.01,0,0,0
2025,687,Elijah Arroyo,SEA,TE,1,Goal Line,1.5037593984962405,4,66.7,2,100,1,50,0,0.5,10,10,125,0,0,0,0,0,0,0,0,0,0,0,0,0,1,1,0,0,0,39.6,1,50,0,0,0,0,0,0,0,0,0,0,0,0,0,0,50,-7.77,-0.346,0,0,100,0,0,0,0,-0.02,0.02,0,-0.01,0
2025,688,Colby Parkinson,LA,TE,2,Red Zone,3.004291845493562,5.454545454545454,63.2,7,43.8,3,20,-0.14,0.43,5.67,17,17.9,-1,-2.6,-0.33,-0.5,2,66.7,-7,-3.5,0,0,1,0.86,16.7,3,1,1,1,0.143,109.7,2,18.2,0,0,2,66.7,0,0,0,0,1,1,100,0,0,0,27.3,-7.15,-1.389,28.6,42.9,28.6,0,7.9,7.7,3.95,3.85,0.1,1.13,1.1,7.7
2025,689,Nate Adkins,DEN,TE,2,Cover 6,9.75609756097561,20,7.9,4,9.3,2,4.9,-0.5,0.5,1,2,0.6,-2,-0.7,-1,-2,1,50,1,1,1,1,0,0,0,0,0,0,0,0,56.3,1,4.5,1,50,2,100,0,0,0,0,1,0,0,0,0,0,33.3,-7.17,-0.708,0,0,100,0,0.8,2.6,0.4,1.32,-0.92,0.2,0.66,2.6
2025,690,Charlie Woerner,ATL,TE,1,Cover 0,4.385964912280701,12.5,47.8,5,21.7,1,4.8,-1,0.2,-7,-7,-8.4,-5,-8.6,-5,-5,1,100,2,2,2,2,0,0,0,0,0,0,0,0,79.2,0,0,0,0,1,100,0,0,0,0,1,1,100,0,0,0,9.1,-11.1,-1.755,20,20,0,60,0.5,0.5,0.5,0.47,0.03,0.1,0.09,0.5
Exported from Data Suite 2.0 by michaelgingrave (user 380) on 2026-09-10 11:32 UTC,,,,,,,,,,,,,,,,,,,,,,,,,,,,,,,,,,,,,,,,,,,,,,,,,,,,,,,,,,,,,,,,,,,,