,Player Details,Player Details,Player Details,Player Details,Player Details,Splits,Splits,Splits,Receiving,Receiving,Receiving,Receiving,Receiving,Receiving,Receiving,Receiving,Receiving,Receiving,Receiving,Receiving,Receiving,Receiving,Receiving,Receiving,Receiving,Receiving,Receiving,Receiving,Receiving,Receiving,Receiving,Receiving,Receiving,Receiving,Advanced,Advanced,Advanced,Advanced,Advanced,Advanced,Advanced,Advanced,Advanced,Advanced,Advanced,Advanced,Advanced,Advanced,Advanced,Advanced,Advanced,Advanced,Advanced,Advanced,Advanced,Advanced,Alignment,Alignment,Alignment,Alignment,FP,FP,FP,FP,FP,FP,FP,FP
Season,Rank,Name,Team,POS,G,PERS,RTE %,TGT %,SNAP %,RTE,RTE %,TGT,TGT %,YPRR,TPRR,aDOT,AY,AY Share,YDS,TM YDS %,YPT,YPR,REC,CR %,YAC,YAC/REC,YACO,YACO/REC,TD,XTD,TM TD %,i20 TGT,EZTGT,EZTD,1D,1D/RR,RATE,1READ,1READ %,DESIGN,DESIGN %,CTGT,CTGT %,DEEP,EXP %,DRP,DRP %,CT,CC,CC %,HERO,MTF,MTF/REC,THREAT %,YPTOE,EPA/TGT,WIDE RTE %,SLOT RTE %,INLINE RTE %,BACK RTE %,FP,XFP,FP/G,XFP/G,DIFF,FP/RR,XFP/RR,RecXFP
2026,,League Avg,,,,,,,54.061481481481444,16.048148148148147,57.018703703703686,3.174074074074074,12.913703703703712,1.65,0.2,7.58140740740741,35.87407407407407,18.45796296296297,26.496296296296297,13.639814814814828,8.35,13.14,2.0166666666666666,63.5,8.688888888888888,4.31,3.0592592592592593,1.52,0.1648148148148148,0.1662592592592597,8.384814814814815,0.4185185185185185,0.21851851851851853,0.0962962962962963,1.262962962962963,0.079,54.8755555555553,2.596296296296296,14.893888888888902,0.22962962962962963,7.2,2.448148148148148,77.1,0.5074074074074074,21.2,0.17037037037037037,5.4,0.6351851851851852,0.337037037037037,53.1,0.053703703703703705,0.21481481481481482,0.11,22.5,0.1,0.287,69.46925925925926,29.52074074074073,0.7283333333333334,0.2822222222222222,5.6551851851851875,5.717037037037032,2.6502962962962973,2.647999999999999,0.0022962962962962607,0.35,0.36,5.717037037037032
2026,1,CeeDee Lamb,DAL,WR,3,11,81.91489361702128,84,88.3,77,89.5,21,27.3,3.66,0.27,11.67,245,40.4,282,45,13.43,15.67,18,85.7,100,5.56,15,0.83,1,1.64,25,2,1,1,15,0.195,134.6,19,35.8,2,9.5,20,95.2,4,25,0,0,2,1,50,0,2,0.11,30.9,5.36,1.147,66.2,29.9,0,3.9,52.2,52.4,17.4,17.48,-0.08,0.68,0.68,52.4
2026,2,Chris Olave,NO,WR,3,11,80,82.85714285714286,92.9,100,90.9,29,29.3,2.78,0.29,11.64,326,46.1,278,38.6,9.59,12.09,23,79.3,66,2.87,23,1,1,1.82,33.3,3,1,1,16,0.16,118.1,24,36.4,2,6.9,26,89.7,6,18.2,0,0,10,7,70,0,2,0.09,35.4,1.49,0.764,58,42,0,0,56.8,60.8,18.93,20.27,-1.34,0.57,0.61,60.8
2026,3,Davante Adams,LA,WR,3,11,76.59574468085107,79.3103448275862,90.9,72,82.8,23,28.4,3.39,0.32,17.26,397,52,244,42.1,10.61,18.77,13,56.5,51,3.92,8,0.62,1,0.28,33.3,0,0,0,8,0.111,89.8,21,36.2,0,0,17,73.9,6,38.5,1,4.3,6,4,66.7,2,1,0.08,32.9,0.66,0.378,84.7,15.3,0,0,43.4,39.1,14.47,13.02,1.45,0.6,0.54,39.1
2026,4,Christian Watson,GB,WR,3,11,74.28571428571429,66.66666666666666,86.5,78,79.6,18,19.4,2.95,0.23,12.33,222,28.6,230,36.1,12.78,17.69,13,72.2,96,7.38,17,1.31,3,2,60,4,2,2,8,0.103,153.9,16,22.2,0,0,16,88.9,2,30,0,0,7,4,57.1,0,0,0,24.7,4.31,0.738,74.4,24.4,1.3,0,54,39,18,13,5,0.69,0.5,39
2026,5,Matthew Golden,GB,WR,3,11,73.39449541284404,85.71428571428571,83.8,80,81.6,24,25.8,2.74,0.3,14.46,347,44.8,219,34.4,9.13,18.25,12,50,82,6.83,21,1.75,1,1.28,20,4,3,1,9,0.113,95.7,23,31.9,0,0,16,66.7,6,36.4,3,12.5,1,0,0,0,3,0.25,33.8,-0.09,0.401,82.5,16.3,0,1.3,39.9,43.6,13.3,14.52,-1.22,0.5,0.54,43.6
2026,6,Amon-Ra St. Brown,DET,WR,3,11,72.47706422018348,81.81818181818183,100,79,97.5,27,37,2.7,0.34,8.11,219,45.8,213,37.6,7.89,10.65,20,74.1,74,3.7,29,1.45,3,1.24,60,6,0,0,11,0.139,133.7,24,50,2,7.4,23,85.2,1,26.7,1,3.7,4,2,50,0,2,0.1,39.7,0.19,0.344,44.3,55.7,0,0,59.3,50.4,19.77,16.82,2.95,0.75,0.64,50.4
2026,7,DeVonta Smith,PHI,WR,3,11,90.81632653061224,92.3076923076923,97.7,89,92.7,24,30.4,2.29,0.27,12.33,296,47.4,204,39.9,8.5,12,17,70.8,32,1.88,10,0.59,1,1.61,25,2,3,1,8,0.09,70.8,20,39.2,1,4.2,17,70.8,5,18.8,0,0,6,4,66.7,3,1,0.06,33.8,0.18,-0.004,74.2,24.7,0,1.1,43.4,42.9,14.47,14.29,0.18,0.49,0.48,42.9
2026,8,Kalif Raymond,CHI,WR,3,11,76,85,95,57,87.7,17,29.8,3.35,0.3,6.59,112,27.9,191,38.8,11.24,11.94,16,94.1,81,5.06,13,0.81,1,0.85,50,2,0,0,10,0.175,133.1,12,30,2,11.8,17,100,1,14.3,0,0,2,1,50,0,1,0.06,34,4.26,0.927,56.1,43.9,0,0,41.1,37.6,13.7,12.54,1.16,0.72,0.66,37.6
2026,9,Jaxon Smith-Njigba,SEA,WR,3,12,35.22727272727273,36.11111111111111,88.9,31,88.6,13,38.2,5.9,0.42,13.73,151,65.9,183,52.4,14.08,18.3,10,76.9,52,5.2,6,0.6,4,2.01,80,5,3,3,9,0.29,125.8,10,45.5,0,0,11,84.6,3,50,1,7.7,3,3,100,0,1,0.1,41.9,6.63,0.918,83.9,16.1,0,0,52.3,35.5,17.43,11.83,5.6,1.69,1.15,35.5
2026,10,Parker Washington,JAX,WR,3,11,75,69.56521739130434,88.8,51,82.3,16,27.6,3.41,0.31,14.38,230,44.8,174,37.7,10.88,15.82,11,68.8,16,1.45,3,0.27,1,1.09,20,0,0,0,6,0.118,99.5,14,34.1,0,0,12,75,3,27.3,0,0,3,2,66.7,2,1,0.09,33.3,1.68,0.499,45.1,51,2,2,34.4,33.7,11.47,11.22,0.25,0.67,0.66,33.7
2026,11,Zay Flowers,BLT,WR,2,11,72,66.66666666666666,31.3,18,58.1,8,29.6,9.61,0.44,10.38,83,25.5,173,48.6,21.63,21.63,8,100,90,11.25,20,2.5,1,0.13,100,1,0,0,8,0.444,158.3,8,44.4,0,0,8,100,1,42.9,0,0,1,1,100,0,2,0.25,50,13.34,2.115,11.1,83.3,0,5.6,31.3,17.7,15.65,8.85,6.8,1.74,0.98,17.7
2026,12,Denzel Boston,CLV,WR,3,11,74.4186046511628,80,96.2,64,85.3,12,20.7,2.69,0.19,18.08,217,63.8,172,40.9,14.33,24.57,7,58.3,67,9.57,54,7.71,2,1.2,50,3,3,1,6,0.094,142.4,9,22,0,0,9,75,4,42.9,0,0,2,0,0,0,4,0.57,21.8,4.84,0.959,93.8,6.3,0,0,36.2,28.5,12.07,9.49,2.58,0.57,0.44,28.5
2026,13,Garrett Wilson,NYJ,WR,3,11,76.23762376237624,77.77777777777779,98.3,77,90.6,21,29.2,2.14,0.27,9.57,201,39.3,165,32.4,7.86,10.31,16,76.2,28,1.75,5,0.31,1,0.42,100,0,0,0,10,0.13,114.2,18,40.9,1,4.8,18,85.7,2,12.5,0,0,7,5,71.4,1,0,0,32.8,-0.13,0.486,75.3,24.7,0,0,38.5,33.5,12.83,11.17,1.66,0.5,0.44,33.5
2026,14,Tee Higgins,CIN,WR,3,11,68.81720430107528,65.21739130434783,87.2,64,87.7,15,22.1,2.52,0.23,12.13,182,51.7,161,38.2,10.73,17.89,9,60,54,6,34,3.78,0,0.09,0,0,0,0,8,0.125,96.8,13,27.1,0,0,13,86.7,2,33.3,1,6.7,4,2,50,1,2,0.22,25.9,2.32,0.753,90.6,9.4,0,0,25.1,24,8.37,7.98,0.39,0.39,0.37,24
2026,15,Devaughn Vele,NO,WR,3,11,78.03030303030303,77.27272727272727,96.2,103,93.6,17,17.2,1.55,0.17,11.06,188,26.6,160,22.2,9.41,12.31,13,76.5,46,3.54,22,1.69,0,0.25,0,1,1,0,7,0.068,105,16,24.2,0,0,15,88.2,3,15.4,1,5.9,4,3,75,1,1,0.08,19.5,1.06,0.656,46.6,53.4,0,0,29,31.8,9.67,10.6,-0.93,0.28,0.31,31.8
2026,16,Michael Wilson,ARZ,WR,3,11,79.66101694915254,90,100,94,97.9,27,29.7,1.68,0.29,10.5,273,47.2,158,29.1,5.85,9.29,17,63,36,2.12,10,0.59,0,1.04,0,4,2,0,10,0.106,63.5,24,39.3,4,14.8,20,74.1,3,0,0,0,3,1,33.3,1,0,0,32.5,-2.32,0.11,77.7,22.3,0,0,32.8,43,10.93,14.34,-3.41,0.35,0.46,43
2026,17,DJ Moore,BUF,WR,2,11,64.28571428571429,82.35294117647058,72.4,36,67.9,14,29.2,4.14,0.39,14.14,198,45.8,149,31.8,10.64,14.9,10,71.4,51,5.1,3,0.3,1,0.08,25,1,0,0,7,0.194,100,7,25.9,0,0,10,71.4,3,11.1,0,0,2,2,100,0,3,0.3,43.8,2,0.466,69.4,27.8,0,2.8,30.9,19.7,15.45,9.84,5.61,0.86,0.55,19.7
2026,18,Jaylen Waddle,DEN,WR,3,11,78.66666666666666,70,85.4,59,83.1,14,21.5,2.53,0.24,11.64,163,37.3,149,29.1,10.64,14.9,10,71.4,38,3.8,16,1.6,0,0.46,0,1,0,0,7,0.119,106,11,30.6,2,14.3,12,85.7,3,33.3,1,7.1,3,2,66.7,0,1,0.1,29.2,2.5,0.459,42.4,57.6,0,0,24.9,26.2,8.3,8.75,-0.45,0.42,0.44,26.2
2026,19,Romeo Doubs,NE,WR,3,11,83.78378378378379,90.9090909090909,82.5,62,77.5,10,15.6,2.34,0.16,15.6,156,29.2,145,30.5,14.5,24.17,6,60,40,6.67,15,2.5,0,0.46,0,1,0,0,4,0.065,104.2,6,14.3,1,10,8,80,3,66.7,2,20,2,2,100,0,0,0,20,4.81,0.662,87.1,12.9,0,0,20.5,24.9,6.83,8.29,-1.46,0.33,0.4,24.9
2026,20,Luther Burden,CHI,WR,3,11,73.75,78.26086956521739,96,59,90.8,18,31.6,2.37,0.31,7.78,140,34.9,140,28.5,7.78,11.67,12,66.7,51,4.25,26,2.17,1,0.71,50,6,2,0,6,0.102,85.4,16,40,2,11.1,15,83.3,0,20,1,5.6,3,1,33.3,0,2,0.17,35.3,0.12,0.075,33.9,66.1,0,0,32,32.1,10.67,10.7,-0.03,0.54,0.54,32.1
2026,21,Mack Hollins,NE,WR,3,11,73.84615384615385,81.25,72.8,48,60,13,20.3,2.85,0.27,12.17,146,27.3,137,28.8,10.54,13.7,10,76.9,30,3,10,1,0,0.59,0,4,2,0,4,0.083,78,11,26.2,1,7.7,11,84.6,2,11.1,1,7.7,4,4,100,0,1,0.1,30.2,2.48,0.607,77.1,22.9,0,0,23.7,23.5,7.9,7.82,0.08,0.49,0.49,23.5
2026,22,Josh Downs,IND,WR,3,11,80,75,98.2,72,94.7,18,26.1,1.89,0.25,10.76,183,35.2,136,30,7.56,12.36,11,61.1,72,6.55,20,1.82,0,0.23,0,4,0,0,9,0.125,61.3,18,32.1,0,0,12,66.7,3,37.5,0,0,3,2,66.7,0,1,0.09,27.7,-0.09,0.537,13.9,83.3,0,2.8,24.6,22.6,8.2,7.55,0.65,0.34,0.31,22.6
2026,23,Stefon Diggs,WAS,WR,3,11,83.78378378378379,95.45454545454545,71.3,62,71.3,21,27.6,2.18,0.34,8.95,188,27.1,135,29.5,6.43,10.38,13,61.9,44,3.38,15,1.15,3,2,50,4,2,1,10,0.161,120,16,32,0,0,16,76.2,3,10,2,9.5,4,2,50,0,1,0.08,42,-1.2,0.414,29,67.7,0,3.2,44.5,40.8,14.83,13.59,1.24,0.72,0.66,40.8
2026,24,Deebo Samuel,SF,WR,3,11,57.14285714285714,54.54545454545454,83,32,82.1,6,16.2,4.22,0.19,4,24,10.3,135,46.4,22.5,22.5,6,100,33,5.5,5,0.83,2,1.19,200,3,1,1,2,0.063,144.4,5,20.8,4,66.7,6,100,0,33.3,0,0,0,0,0,0,0,0,19.4,15.06,0.838,34.4,59.4,0,6.3,31.5,17.8,10.5,5.92,4.58,0.98,0.56,17.8
2026,25,Rashee Rice,KC,WR,3,11,74.07407407407408,81.25,96,60,84.5,13,20.6,2.25,0.22,6.23,81,27.7,135,24.8,10.38,13.5,10,76.9,95,9.5,31,3.1,1,0.31,33.3,4,0,0,5,0.083,103,11,26.2,4,30.8,12,92.3,0,33.3,0,0,1,0,0,0,4,0.4,25,3.03,0.051,51.7,48.3,0,0,29.5,24.4,9.83,8.14,1.69,0.49,0.41,24.4
2026,26,Malik Washington,MIA,WR,3,11,72.82608695652173,73.91304347826086,90.5,67,88.2,17,28.3,1.96,0.25,8.24,140,32.9,131,27.5,7.71,13.1,10,58.8,65,6.5,33,3.3,0,0.1,0,1,0,0,4,0.06,83.2,11,26.8,3,17.6,12,70.6,2,44.4,1,5.9,1,0,0,0,2,0.2,32.1,0.01,-0.226,32.8,58.2,0,9,23.1,23,7.7,7.65,0.05,0.34,0.34,23
2026,27,Tetairoa McMillan,CAR,WR,3,11,77.68595041322314,77.27272727272727,93.9,94,94,17,19.1,1.39,0.18,14.63,234,30.2,131,20.9,7.71,14.56,9,52.9,20,2.22,8,0.89,0,0.29,0,3,2,0,7,0.074,78.3,12,24,0,0,9,52.9,4,25,0,0,1,1,100,1,0,0,23,-0.84,0.278,64.9,35.1,0,0,22.1,21.6,7.37,7.22,0.15,0.24,0.23,21.6
2026,28,Drake London,ATL,WR,2,11,54.54545454545454,44.44444444444444,81.6,36,64.3,8,15.7,3.5,0.22,5.14,36,32.7,126,42.9,15.75,18,7,87.5,90,12.86,33,4.71,0,0.15,0,0,0,0,2,0.056,118.8,8,22.2,2,25,7,87.5,1,14.3,0,0,1,1,100,0,1,0.14,25,9.85,0.887,72.2,27.8,0,0,19.6,14.3,9.8,7.15,2.65,0.54,0.4,14.3
2026,29,George Pickens,DAL,WR,3,11,73.68421052631578,72,86.7,70,81.4,18,23.4,1.79,0.26,9.82,167,27.6,125,19.9,6.94,9.62,13,72.2,26,2,14,1.08,0,0.42,0,2,0,0,8,0.114,91.2,12,22.6,0,0,14,77.8,2,0,1,5.6,4,4,100,0,2,0.15,26.5,-0.38,0.332,91.4,8.6,0,0,25.5,27.8,8.5,9.27,-0.77,0.36,0.4,27.8
2026,30,Jaxon Smith-Njigba,SEA,WR,3,11,50,50,100,44,93.6,18,40.9,2.84,0.41,8.44,152,43.8,125,48.1,6.94,10.42,12,66.7,21,1.75,7,0.58,1,0.92,50,4,2,1,8,0.182,105.1,17,48.6,3,16.7,15,83.3,1,9.1,2,11.1,3,1,33.3,0,0,0,40.9,-0.91,0.374,63.6,31.8,0,4.5,30.5,35.2,10.17,11.74,-1.57,0.69,0.8,35.2
2026,31,Tre Tucker,LV,WR,2,11,34.66666666666667,53.333333333333336,89.6,26,86.7,8,27.6,4.81,0.31,18.63,149,54.2,125,56.1,15.63,20.83,6,75,6,1,3,0.5,1,0.72,33.3,0,1,1,4,0.154,156.3,7,38.9,0,0,8,100,2,33.3,0,0,4,2,50,1,0,0,28.6,5.41,1.343,84.6,15.4,0,0,24.5,21.5,12.25,10.76,1.49,0.94,0.83,21.5
2026,32,Adonai Mitchell,NYJ,WR,2,11,82.45614035087719,100,66.7,47,88.7,15,31.9,2.62,0.32,15.73,236,66.5,123,36,8.2,13.67,9,60,28,3.11,5,0.56,0,0.65,0,1,0,0,7,0.149,86.3,9,32.1,1,6.7,12,80,4,11.1,1,6.7,3,1,33.3,0,0,0,37.5,-1.1,0.576,85.1,12.8,2.1,0,21.3,32.8,10.65,16.39,-5.74,0.45,0.7,32.8
2026,33,Jakobi Meyers,JAX,WR,3,11,78.57142857142857,90.9090909090909,95.5,55,88.7,10,17.2,2.16,0.18,11.89,107,20.9,119,25.8,11.9,13.22,9,90,29,3.22,11,1.22,2,1.69,40,2,2,2,7,0.127,155.8,9,22,2,20,9,90,1,28.6,0,0,2,2,100,0,0,0,20,4.14,1.484,69.1,30.9,0,0,32.9,27.6,10.97,9.19,1.78,0.6,0.5,27.6
2026,34,Jalen Coker,CAR,WR,3,11,80,81.81818181818183,68.2,68,68,18,20.2,1.71,0.26,9.11,164,21.2,116,18.5,6.44,8.29,14,77.8,47,3.36,16,1.14,1,1.61,16.7,5,1,0,6,0.088,88.9,13,26,1,5.6,15,83.3,4,10,0,0,3,2,66.7,1,2,0.14,34,-1.13,0.263,47.1,51.5,0,1.5,31.6,34.8,10.53,11.62,-1.09,0.46,0.51,34.8
2026,35,Davante Adams,LA,WR,3,13,19.148936170212767,17.24137931034483,38.1,18,58.1,5,17.2,6.33,0.28,12,60,23.2,114,39.3,22.8,22.8,5,100,55,11,3,0.6,1,0.78,33.3,1,1,1,4,0.222,158.3,5,25,0,0,5,100,0,50,0,0,0,0,0,0,1,0.2,31.3,13.8,1.705,77.8,22.2,0,0,22.4,16.3,7.47,5.43,2.04,1.24,0.9,16.3
2026,36,Roman Wilson,PIT,WR,3,11,91.56626506024097,100,78,76,80.9,19,22.6,1.5,0.25,14.79,281,38.4,114,24.1,6,10.36,11,57.9,42,3.82,5,0.45,1,0.53,33.3,0,1,0,6,0.079,70.9,16,29.6,5,26.3,13,68.4,4,18.2,1,5.3,3,0,0,0,0,0,28.8,-3.3,0.086,35.5,64.5,0,0,28.4,29.2,9.47,9.75,-0.28,0.37,0.38,29.2
2026,37,Caleb Douglas,MIA,WR,2,11,72,88.88888888888889,55.2,36,76.6,8,22.9,3.14,0.22,9,72,24.5,113,31.1,14.13,16.14,7,87.5,44,6.29,10,1.43,0,0.18,0,1,0,0,5,0.139,118.8,7,33.3,0,0,8,100,0,33.3,1,12.5,0,0,0,0,3,0.43,26.7,6.21,0.931,72.2,27.8,0,0,18.3,17.8,9.15,8.9,0.25,0.51,0.49,17.8
2026,38,Justin Jefferson,MIN,WR,3,11,68.51851851851852,58.82352941176471,63.9,37,58.7,10,19.2,3,0.27,11.6,116,31.3,111,38.9,11.1,13.88,8,80,32,4,7,0.88,1,1.25,33.3,1,2,1,5,0.135,146.3,9,26.5,2,20,10,100,2,12.5,1,10,2,1,50,0,2,0.25,33.3,2.9,0.991,73,24.3,0,2.7,25.1,26,8.37,8.65,-0.28,0.68,0.7,26
2026,39,Tre Harris,LAC,WR,3,11,79.16666666666666,75,100,57,100,12,24.5,1.95,0.21,11.08,133,24.6,111,33.7,9.25,15.86,7,58.3,55,7.86,10,1.43,0,0.54,0,3,0,0,3,0.053,89.2,7,22.6,0,0,10,83.3,1,50,0,0,5,2,40,0,1,0.14,26.7,0.7,0.208,54.4,45.6,0,0,18.1,20,6.03,6.66,-0.63,0.32,0.35,20
2026,40,Terry McLaurin,WAS,WR,3,11,74.25742574257426,77.27272727272727,79.1,75,86.2,17,22.4,1.45,0.23,14.12,240,34.6,109,23.8,6.41,13.63,8,47.1,27,3.38,4,0.5,1,0.9,16.7,1,1,0,6,0.08,87.6,14,28,1,5.9,12,70.6,3,28.6,0,0,6,2,33.3,0,0,0,28.3,-2.47,0.487,72,28,0,0,24.9,26.1,8.3,8.71,-0.41,0.33,0.35,26.1
2026,41,Kendrick Bourne,ARZ,WR,3,11,100,100,99.2,89,92.7,14,15.4,1.21,0.16,4,56,9.7,108,19.9,7.71,9,12,85.7,60,5,28,2.33,0,0.19,0,2,0,0,6,0.067,98.8,11,18,0,0,14,100,0,0,2,14.3,2,1,50,0,0,0,17.1,1.5,0.328,33.7,66.3,0,0,22.8,23.6,7.6,7.88,-0.28,0.26,0.27,23.6
2026,42,Chris Godwin,TB,WR,3,11,85.56701030927834,81.81818181818183,97.5,83,91.2,9,12.5,1.3,0.11,4.11,37,5,108,26.2,12,12,9,100,71,7.89,30,3.33,0,0.06,0,0,0,0,5,0.06,116.7,9,16.4,2,22.2,9,100,0,22.2,0,0,1,1,100,0,3,0.33,13.2,5.16,0.707,49.4,50.6,0,0,19.8,17.1,6.6,5.7,0.9,0.24,0.21,17.1
2026,43,Tyquan Thornton,KC,WR,3,11,88.05970149253731,100,96,59,83.1,7,11.1,1.83,0.12,19.43,136,46.6,108,19.9,15.43,18,6,85.7,7,1.17,3,0.5,0,0.7,0,0,0,0,4,0.068,118.8,5,11.9,0,0,6,85.7,3,33.3,0,0,3,3,100,0,0,0,13.2,5.58,1.418,69.5,27.1,3.4,0,16.8,16.8,5.6,5.6,0,0.28,0.28,16.8
2026,44,Dontayvion Wicks,PHI,WR,3,11,87.17948717948718,86.66666666666667,77.3,68,70.8,13,16.5,1.56,0.19,12.77,166,26.6,106,20.7,8.15,15.14,7,53.8,15,2.14,6,0.86,0,0.26,0,3,2,0,7,0.103,48.9,11,21.6,0,0,10,76.9,3,33.3,2,15.4,2,0,0,0,0,0,21.3,-0.98,0.293,72.1,27.9,0,0,17.6,23.8,5.87,7.94,-2.07,0.26,0.35,23.8
2026,45,Jalen Coker,CAR,WR,3,12,20,18.181818181818183,72.5,17,63,4,14.8,6.24,0.24,22.75,91,40.6,106,33.4,26.5,26.5,4,100,15,3.75,0,0,1,0.74,100,0,0,0,4,0.235,158.3,4,21.1,0,0,4,100,2,50,0,0,0,0,0,1,1,0.25,23.5,15.77,1.982,82.4,17.6,0,0,20.6,17.6,6.87,5.87,1,1.21,1.04,17.6
2026,46,Ladd McConkey,LAC,WR,3,11,61.42857142857143,60,76.3,43,75.4,9,18.4,2.44,0.21,14.22,128,23.7,105,31.9,11.67,15,7,77.8,11,1.57,9,1.29,1,0.84,100,1,0,0,6,0.14,152.3,7,22.6,0,0,8,88.9,2,16.7,0,0,2,1,50,1,0,0,25.7,2.11,1.267,41.9,58.1,0,0,23.5,21.9,7.83,7.3,0.53,0.55,0.51,21.9
2026,47,Konata Mumpfield,LA,WR,3,11,94.44444444444444,100,81.8,68,78.2,11,13.6,1.54,0.16,15.27,168,22,105,18.1,9.55,21,5,45.5,30,6,6,1.2,1,0.19,33.3,1,0,0,4,0.059,110,8,13.8,1,9.1,8,72.7,2,40,2,18.2,2,1,50,0,1,0.2,17.5,-0.17,0.557,61.8,38.2,0,0,21.5,19.7,7.17,6.57,0.6,0.32,0.29,19.7
2026,48,Jaylin Noel,HST,WR,3,11,96.875,100,60.9,62,55.9,8,8.2,1.63,0.13,11.38,91,10.6,101,15.3,12.63,20.2,5,62.5,29,5.8,1,0.2,0,0.2,0,0,0,0,4,0.065,106.3,6,9.1,0,0,6,75,1,40,0,0,1,0,0,0,0,0,15.7,4.65,0.527,27.4,72.6,0,0,15.1,15.3,5.03,5.09,-0.06,0.24,0.25,15.3
2026,49,Ja'Marr Chase,CIN,WR,3,12,28.18181818181818,36,91.2,31,96.9,9,31,3.16,0.29,11.89,107,36.9,98,32.7,10.89,14,7,77.8,14,2,5,0.71,1,0.71,33.3,0,1,1,4,0.129,149.1,9,45,1,11.1,7,77.8,1,28.6,0,0,3,2,66.7,2,0,0,32.1,2.57,0.935,83.9,16.1,0,0,22.8,17.9,7.6,5.96,1.64,0.74,0.58,17.9
2026,50,Chris Olave,NO,WR,3,12,16.8,17.142857142857142,89.2,21,84,6,27.3,4.62,0.29,17.17,103,51.2,97,59.9,16.17,24.25,4,66.7,14,3.5,3,0.75,0,0.17,0,1,0,0,4,0.19,109.7,5,27.8,0,0,5,83.3,1,66.7,1,16.7,1,1,100,0,0,0,30,6.32,1.228,81,19,0,0,13.7,15.2,4.57,5.07,-0.5,0.65,0.72,15.2
2026,51,Wan'Dale Robinson,TEN,WR,3,11,92.3076923076923,94.44444444444444,85.7,72,87.8,17,23,1.32,0.24,5.06,86,19.2,95,21.1,5.59,7.92,12,70.6,49,4.08,13,1.08,1,0.93,50,3,1,1,7,0.097,103.8,16,31.4,3,17.6,15,88.2,1,0,2,11.8,6,3,50,0,0,0,27.4,-0.85,0.21,22.2,77.8,0,0,27.5,28.5,9.17,9.5,-0.33,0.38,0.4,28.5
2026,52,Keenan Allen,IND,WR,3,11,90.41095890410958,90,90,66,86.8,18,26.1,1.42,0.27,6.89,124,23.8,94,20.8,5.22,8.55,11,61.1,27,2.45,33,3,1,0.68,33.3,3,0,0,4,0.061,70.1,17,30.4,1,5.6,14,77.8,0,22.2,0,0,5,1,20,0,0,0,31,-2,-0.123,62.1,34.8,1.5,1.5,26.4,27,8.8,9.02,-0.22,0.4,0.41,27
2026,53,Emeka Egbuka,TB,WR,3,11,81.05263157894737,75,95.8,77,84.6,15,20.8,1.22,0.19,13.6,204,27.8,94,22.8,6.27,9.4,10,66.7,25,2.5,16,1.6,1,1.02,100,2,2,1,4,0.052,106,13,23.6,0,0,10,66.7,3,0,0,0,3,2,66.7,0,0,0,23.1,-2.38,0.149,63.6,35.1,1.3,0,25.4,23.5,8.47,7.85,0.62,0.33,0.31,23.5
2026,54,Ryan Miller,MIA,WR,2,11,100,100,12.4,6,12.8,4,10,15.33,0.67,18,54,22.4,92,33.6,23,30.67,3,75,38,12.67,0,0,1,0.14,100,0,0,0,3,0.5,116.7,3,10.3,0,0,3,75,1,33.3,0,0,0,0,0,0,0,0,50,16.01,1.708,33.3,66.7,0,0,18.2,10,9.1,4.98,4.12,3.03,1.66,10
2026,55,Isaac TeSlaa,DET,WR,2,11,95.1219512195122,100,100,78,96.3,8,11,1.18,0.1,13.13,105,22,92,16.3,11.5,18.4,5,62.5,44,8.8,4,0.8,0,0.29,0,2,1,0,4,0.051,102.1,4,8.3,0,0,5,62.5,1,50,0,0,0,0,0,0,2,0.4,11.8,2.31,1.012,62.8,33.3,3.8,0,14.2,12.7,7.1,6.33,0.77,0.18,0.16,12.7
2026,56,Elic Ayomanor,TEN,WR,3,11,79.3103448275862,77.77777777777779,62.5,46,56.1,7,9.5,1.98,0.15,11.29,79,17.6,91,20.2,13,22.75,4,57.1,41,10.25,10,2.5,1,0.93,50,4,1,0,4,0.087,101.8,5,9.8,0,0,5,71.4,0,100,0,0,3,1,33.3,0,2,0.5,15.9,4.46,0.511,87,13,0,0,19.1,14.9,6.37,4.97,1.4,0.42,0.32,14.9
2026,57,Carnell Tate,TEN,WR,3,11,88.09523809523809,85,94.6,74,90.2,17,23,1.23,0.23,10.59,180,40.2,91,20.2,5.35,9.1,10,58.8,18,1.8,8,0.8,0,0.07,0,1,1,0,4,0.054,73.4,15,29.4,0,0,11,64.7,1,0,1,5.9,3,2,66.7,0,0,0,25.8,-2.89,-0.199,73,27,0,0,19.1,19.9,6.37,6.64,-0.27,0.26,0.27,19.9
2026,58,Drake London,ATL,WR,3,12,25.757575757575758,27.77777777777778,85.5,17,81,5,29.4,5.29,0.29,10.6,53,31.4,90,55.2,18,22.5,4,80,42,10.5,6,1.5,0,0.05,0,0,0,0,4,0.235,118.8,5,35.7,0,0,4,80,0,50,0,0,0,0,0,0,0,0,33.3,9.36,0.94,64.7,35.3,0,0,13,10.3,4.33,3.43,0.9,0.76,0.61,10.3
2026,59,Xavier Hutchinson,HST,WR,3,11,90.625,90,82.7,87,78.4,18,18.6,1.03,0.21,14.12,240,28,90,13.7,5,12.86,7,38.9,55,7.86,33,4.71,0,0.86,0,1,2,0,3,0.034,55.3,13,19.7,1,5.6,12,66.7,5,28.6,1,5.6,5,2,40,0,2,0.29,25,-3.26,-0.088,50.6,49.4,0,0,16,26.2,5.33,8.72,-3.39,0.18,0.3,26.2
2026,60,Rome Odunze,CHI,WR,3,11,64.19753086419753,53.84615384615385,87,52,80,7,12.3,1.73,0.13,18.71,131,32.7,90,18.3,12.86,22.5,4,57.1,4,1,3,0.75,0,0.17,0,0,0,0,3,0.058,101.8,5,12.5,0,0,5,71.4,3,50,0,0,4,3,75,1,0,0,14,3.32,0.42,75,23.1,0,1.9,13,9.2,4.33,3.05,1.28,0.25,0.18,9.2
2026,61,Brian Thomas,JAX,WR,3,11,95.83333333333334,100,78.7,46,74.2,11,19,1.91,0.24,12.91,142,27.7,88,19,8,12.57,7,63.6,6,0.86,-1,-0.14,0,0.13,0,0,0,0,6,0.13,88.4,9,22,0,0,10,90.9,1,14.3,2,18.2,5,3,60,0,0,0,25.6,-0.81,0.309,76.1,23.9,0,0,15.8,20,5.27,6.66,-1.39,0.34,0.43,20
2026,62,Pat Bryant,DEN,WR,3,11,87.6923076923077,88.88888888888889,88.5,57,80.3,8,12.3,1.51,0.14,7.5,60,13.7,86,16.8,10.75,14.33,6,75,44,7.33,5,0.83,1,0.85,33.3,1,1,1,5,0.088,149,6,16.7,1,12.5,6,75,0,20,0,0,1,1,100,0,1,0.17,15.1,3.38,0.839,57.9,42.1,0,0,20.6,15.6,6.87,5.2,1.67,0.36,0.27,15.6
2026,63,Antonio Williams,WAS,WR,3,11,80.95238095238095,72.72727272727273,51.2,34,39.1,8,10.5,2.47,0.24,13.38,107,15.4,84,18.3,10.5,14,6,75,20,3.33,8,1.33,0,0.33,0,1,0,0,4,0.118,108.3,4,8,0,0,7,87.5,2,20,1,12.5,1,0,0,0,1,0.17,26.7,2.34,0.733,55.9,44.1,0,0,14.4,18.2,4.8,6.07,-1.27,0.42,0.54,18.2
2026,64,Mike Evans,SF,WR,3,11,47.16981132075472,68.75,64.2,25,64.1,11,29.7,3.32,0.44,10.91,120,51.7,83,28.5,7.55,10.38,8,72.7,86,10.75,81,10.13,0,0.2,0,1,0,0,7,0.28,114.8,8,33.3,0,0,10,90.9,0,14.3,1,9.1,4,3,75,0,0,0,42.3,-0.9,1.476,76,24,0,0,16.3,18.4,5.43,6.14,-0.71,0.65,0.74,18.4
2026,65,Tee Higgins,CIN,WR,3,12,25.806451612903224,26.08695652173913,73.5,24,75,6,20.7,3.46,0.25,16.17,97,33.4,83,27.7,13.83,16.6,5,83.3,16,3.2,7,1.4,1,0.47,33.3,0,1,1,4,0.167,158.3,4,20,0,0,6,100,2,40,0,0,2,1,50,1,1,0.2,26.1,5.02,1.287,91.7,8.3,0,0,19.3,16.1,6.43,5.36,1.07,0.8,0.67,16.1
2026,66,Brycen Tremayne,CAR,WR,1,11,78.26086956521739,100,45.5,36,36,6,6.7,2.31,0.17,18.17,109,14.1,83,13.2,13.83,20.75,4,66.7,12,3,30,7.5,0,0.11,0,0,0,0,4,0.111,109.7,5,10,0,0,4,66.7,3,50,0,0,1,1,100,0,0,0,19.4,3.85,0.829,58.3,41.7,0,0,12.3,11.1,12.3,11.08,1.22,0.34,0.31,11.1
2026,67,Courtland Sutton,DEN,WR,3,11,79.74683544303798,93.33333333333333,97.9,63,88.7,14,21.5,1.3,0.22,10,130,29.7,82,16,5.86,10.25,8,57.1,27,3.38,13,1.63,0,0.59,0,4,2,0,4,0.063,34.5,10,27.8,0,0,10,71.4,2,14.3,1,7.1,1,0,0,0,1,0.13,25,-1.64,-0.559,71.4,28.6,0,0,16.2,21.1,5.4,7.03,-1.63,0.26,0.33,21.1
2026,68,Jordan Addison,MIN,WR,3,11,73.07692307692307,81.25,100,57,90.5,13,25,1.42,0.23,13,156,42,81,28.4,6.23,13.5,6,46.2,20,3.33,7,1.17,1,0.78,33.3,1,0,0,3,0.053,60.1,10,29.4,1,7.7,8,61.5,2,16.7,1,7.7,3,1,33.3,0,2,0.33,27.1,-1.86,-0.307,75.4,24.6,0,0,20.1,20.9,6.7,6.98,-0.28,0.35,0.37,20.9
2026,69,Ja'Marr Chase,CIN,WR,3,11,65.45454545454545,56.00000000000001,98.9,72,98.6,14,20.6,1.1,0.19,8.14,114,32.4,79,18.7,5.64,8.78,9,64.3,19,2.11,6,0.67,1,1.14,50,3,1,1,5,0.069,103,13,27.1,1,7.1,12,85.7,1,0,1,7.1,2,0,0,0,3,0.33,21.9,-1.81,0.097,66.7,31.9,0,1.4,22.9,29.2,7.63,9.73,-2.1,0.32,0.41,29.2
2026,70,Laquon Treadwell,IND,WR,3,11,78.68852459016394,80,72.7,48,63.2,4,5.8,1.63,0.08,19.5,78,15,78,17.2,19.5,26,3,75,9,3,10,3.33,0,0.14,0,0,0,0,2,0.042,77.1,4,7.1,0,0,3,75,1,66.7,0,0,0,0,0,0,0,0,8.9,9.4,0.119,85.4,14.6,0,0,10.8,10.8,3.6,3.61,-0.01,0.23,0.23,10.8
2026,71,Josh Palmer,BUF,WR,2,11,68.42105263157895,80,53.9,26,49.1,4,8.3,2.96,0.15,16.25,65,15,77,16.4,19.25,38.5,2,50,18,9,0,0,2,0.81,50,0,0,0,2,0.077,135.4,2,7.4,0,0,4,100,2,100,1,25,1,0,0,0,0,0,14.8,10.53,2.352,46.2,53.8,0,0,21.7,15.2,10.85,7.61,3.24,0.83,0.59,15.2
2026,72,Nico Collins,HST,WR,1,11,82.85714285714286,90,27.8,29,85.3,9,30,2.59,0.31,11.89,107,47.1,75,31.5,8.33,10.71,7,77.8,9,1.29,2,0.29,1,0.93,100,2,1,1,3,0.103,138.4,9,33.3,0,0,8,88.9,2,16.7,0,0,4,4,100,0,1,0.14,33.3,-0.5,0.608,93.1,6.9,0,0,20.5,17.7,20.5,17.68,2.82,0.71,0.61,17.7
2026,73,Garrett Wilson,NYJ,WR,2,12,20.792079207920793,18.51851851851852,95.5,21,100,5,26.3,3.48,0.24,15,75,52.8,73,32.2,14.6,18.25,4,80,13,3.25,3,0.75,0,0.1,0,0,0,0,2,0.095,118.8,5,41.7,0,0,5,100,1,50,0,0,1,1,100,1,0,0,26.3,5.01,0.827,95.2,4.8,0,0,11.3,13.7,5.65,6.83,-1.18,0.54,0.65,13.7
2026,74,Marvin Harrison,ARZ,WR,2,11,84.76190476190476,87.5,95.9,89,92.7,7,7.7,0.82,0.08,19.86,139,24,73,13.4,10.43,18.25,4,57.1,9,2.25,9,2.25,0,0.04,0,0,0,0,4,0.045,93.2,6,9.8,0,0,5,71.4,3,25,0,0,2,1,50,0,0,0,8.6,0.49,0.4,79.8,20.2,0,0,11.3,12.1,5.65,6.05,-0.4,0.13,0.14,12.1
2026,75,Cooper Kupp,SEA,WR,3,11,60.317460317460316,80,93,38,80.9,8,18.2,1.87,0.21,11.5,92,26.5,71,27.3,8.88,11.83,6,75,10,1.67,2,0.33,1,1.02,50,1,1,1,4,0.105,141.1,7,20,0,0,7,87.5,1,20,0,0,1,0,0,1,0,0,19.5,0.2,0.462,44.7,52.6,0,2.6,19.1,19.3,6.37,6.44,-0.07,0.5,0.51,19.3
2026,76,Jameson Williams,DET,WR,3,11,72.64150943396226,56.25,100,77,95.1,9,12.3,0.91,0.12,11.44,103,21.5,70,12.4,7.78,14,5,55.6,1,0.2,1,0.2,0,0.99,0,1,1,0,4,0.052,80.8,8,16.7,0,0,9,100,1,25,2,22.2,4,2,50,0,1,0.2,13.2,-0.85,0.34,77.9,22.1,0,0,12,23.7,4,7.91,-3.91,0.16,0.31,23.7
2026,77,KC Concepcion,CLV,WR,3,11,83.54430379746836,78.94736842105263,89.6,66,88,15,25.9,1.05,0.23,3.14,44,12.9,69,16.4,4.6,6.9,10,66.7,33,3.3,10,1,0,0.16,0,1,0,0,4,0.061,76.8,14,34.1,6,40,11,73.3,1,11.1,1,6.7,1,1,100,0,1,0.1,30.6,-1.32,-0.15,24.2,75.8,0,0,16.9,19.2,5.63,6.39,-0.76,0.26,0.29,19.2
2026,78,Ryan Flournoy,DAL,WR,3,11,85.18518518518519,88.88888888888889,88.3,69,80.2,16,20.8,0.94,0.23,8,120,19.8,65,10.4,4.06,8.13,8,50,31,3.88,19,2.38,0,0.08,0,3,1,0,4,0.058,60.7,10,18.9,3,18.8,11,68.8,1,0,1,6.3,3,1,33.3,0,3,0.38,23.9,-2.76,0.045,30.4,69.6,0,0,14.5,17.9,4.83,5.98,-1.15,0.21,0.26,17.9
2026,79,Dontayvion Wicks,PHI,WR,1,13,1.282051282051282,6.666666666666667,50,1,100,1,100,64,1,42,42,100,64,100,64,64,1,100,22,22,3,3,0,0.22,0,0,0,0,1,1,118.8,1,100,0,0,1,100,1,100,0,0,0,0,0,0,0,0,100,49,4.174,100,0,0,0,7.4,6.7,7.4,6.73,0.67,7.4,6.73,6.7
2026,80,Puka Nacua,LA,WR,1,13,20,22.22222222222222,20.2,4,80,2,40,16,0.5,18,36,87.8,64,66.7,32,32,2,100,28,14,20,10,0,0.03,0,0,0,0,2,0.5,118.8,2,40,0,0,2,100,0,100,0,0,2,2,100,0,1,0.5,50,21.1,2.247,100,0,0,0,8.4,4.5,8.4,4.5,3.9,2.1,1.13,4.5
2026,81,Malachi Fields,NYG,WR,3,11,74.19354838709677,83.33333333333334,88.6,46,80.7,10,19.2,1.39,0.22,17.4,174,44.1,64,26.3,6.4,12.8,5,50,24,4.8,8,1.6,0,0.05,0,0,0,0,3,0.065,70.4,9,22,0,0,7,70,4,0,2,20,2,1,50,0,0,0,23.8,-3.31,-0.426,82.6,17.4,0,0,11.4,14,3.8,4.67,-0.87,0.25,0.3,14
2026,82,Ted Hurst,TB,WR,3,11,75,84.61538461538461,77.3,63,69.2,11,15.3,1,0.17,20.82,229,31.2,63,15.3,5.73,12.6,5,45.5,4,0.8,1,0.2,0,0.46,0,2,2,0,3,0.048,25.9,9,16.4,0,0,7,63.6,6,25,1,9.1,4,1,25,0,0,0,20.8,-5.16,-0.387,73,27,0,0,11.3,15.9,3.77,5.31,-1.54,0.18,0.25,15.9
2026,83,Khalil Shakir,BUF,WR,3,11,83.60655737704919,80,98.7,51,96.2,12,25,1.22,0.24,3.18,35,8.1,62,13.2,5.17,10.33,6,50,40,6.67,8,1.33,0,0.14,0,4,0,0,4,0.078,65.3,7,25.9,3,25,10,83.3,0,0,1,8.3,3,1,33.3,0,0,0,27.3,-0.64,-0.008,21.6,64.7,13.7,0,12.2,17,4.07,5.65,-1.58,0.24,0.33,17
2026,84,Tetairoa McMillan,CAR,WR,3,12,21.487603305785125,22.727272727272727,90.2,26,96.3,5,18.5,2.38,0.19,11.4,57,25.4,62,19.6,12.4,20.67,3,60,20,6.67,49,16.33,0,0.04,0,1,1,0,2,0.077,103.7,4,21.1,0,0,3,60,1,66.7,0,0,0,0,0,0,1,0.33,21.7,4.01,-0.429,92.3,7.7,0,0,9.2,8.1,3.07,2.7,0.37,0.35,0.31,8.1
2026,85,Alec Pierce,IND,WR,1,11,85.71428571428571,85.71428571428571,28.2,24,48,6,13,2.54,0.25,17.17,103,32.1,61,20.5,10.17,15.25,4,66.7,9,2.25,6,1.5,0,0.18,0,1,0,0,4,0.167,100,6,16.2,0,0,6,100,1,33.3,0,0,3,1,33.3,0,0,0,28.6,0.21,0.316,91.7,8.3,0,0,10.1,14.6,10.1,14.55,-4.45,0.42,0.61,14.6
2026,86,Zay Flowers,BLT,WR,2,12,24,33.33333333333333,20.4,6,50,4,40,10.17,0.67,16,64,68.1,61,72.6,15.25,30.5,2,50,29,14.5,3,1.5,0,0.3,0,1,0,0,2,0.333,95.8,4,50,0,0,3,75,2,50,1,25,1,1,100,0,0,0,66.7,5.79,0.687,33.3,66.7,0,0,8.1,8.3,4.05,4.15,-0.1,1.35,1.38,8.3
2026,87,Jordan Watkins,SF,WR,1,11,62.5,100,17,5,41.7,2,18.2,12,0.4,16.5,33,33.7,60,71.4,30,30,2,100,27,13.5,6,3,0,0.01,0,0,0,0,2,0.4,118.8,2,28.6,0,0,2,100,0,100,0,0,0,0,0,0,0,0,40,19.35,2.215,40,60,0,0,8,5.6,8,5.62,2.38,1.6,1.12,5.6
2026,88,Chris Moore,BLT,WR,2,11,72.72727272727273,66.66666666666666,56.3,24,44.4,4,9.1,2.46,0.17,28,112,25.1,59,13.2,14.75,29.5,2,50,22,11,1,0.5,0,0.04,0,0,0,0,2,0.083,95.8,3,9.7,0,0,2,50,3,50,0,0,0,0,0,0,0,0,19,4.05,0.524,87.5,12.5,0,0,7.9,5.8,3.95,2.92,1.03,0.33,0.24,5.8
2026,89,DK Metcalf,PIT,WR,3,11,74.16666666666667,75,99.2,89,94.7,18,21.4,0.66,0.2,15.44,278,38,59,12.5,3.28,9.83,6,33.3,24,4,19,3.17,0,0.52,0,0,1,0,3,0.034,43.5,16,29.6,1,5.6,13,72.2,7,0,2,11.1,8,1,12.5,0,0,0,23.1,-5.79,-0.514,76.4,23.6,0,0,11.9,24.8,3.97,8.25,-4.28,0.13,0.28,24.8
2026,90,Michael Pittman,PIT,WR,2,12,27.419354838709676,75,72.1,17,89.5,6,31.6,3.41,0.35,9.5,57,38.8,58,32.8,9.67,19.33,3,50,27,9,5,1.67,0,0.01,0,0,0,0,2,0.118,84,4,36.4,0,0,4,66.7,0,66.7,1,16.7,1,1,100,0,0,0,37.5,1.64,0.236,88.2,11.8,0,0,8.8,8.2,4.4,4.09,0.31,0.52,0.48,8.2
2026,91,Drake London,ATL,WR,2,13,15.151515151515152,27.77777777777778,92.3,10,100,5,55.6,5.8,0.5,5.6,28,77.8,58,66.7,11.6,14.5,4,80,30,7.5,16,4,0,0.01,0,0,0,0,4,0.4,115,5,62.5,0,0,4,80,0,25,0,0,0,0,0,0,1,0.25,55.6,4.23,1.11,60,40,0,0,9.8,8.2,4.9,4.11,0.79,0.98,0.82,8.2
2026,92,DeMario Douglas,NE,WR,2,11,94.8051948051948,92.3076923076923,93.2,73,91.3,12,18.8,0.79,0.16,11.27,124,23.2,58,12.2,4.83,9.67,6,50,29,4.83,7,1.17,0,0.34,0,1,0,0,3,0.041,29.2,9,21.4,2,16.7,8,66.7,4,16.7,2,16.7,1,1,100,0,0,0,21.8,-2.74,-0.096,11,89,0,0,11.8,18.9,5.9,9.47,-3.57,0.16,0.26,18.9
2026,93,Tez Johnson,TB,WR,3,11,71.875,100,25.2,23,25.3,7,9.7,2.48,0.3,29.43,206,28,57,13.8,8.14,28.5,2,28.6,9,4.5,4,2,0,0.96,0,2,1,0,1,0.043,61,6,10.9,0,0,3,42.9,4,50,1,14.3,2,0,0,0,0,0,36.8,-3.99,0.034,56.5,43.5,0,0,7.7,13.8,2.57,4.6,-2.03,0.33,0.6,13.8
2026,94,Rashod Bateman,BLT,WR,2,13,15.584415584415584,38.46153846153847,68.3,12,80,5,35.7,4.67,0.42,10.2,51,37.2,56,32,11.2,11.2,5,100,5,1,2,0.4,0,0.06,0,0,0,0,2,0.167,113.3,4,33.3,0,0,5,100,0,0,0,0,2,2,100,0,0,0,41.7,2.61,0.843,91.7,8.3,0,0,10.6,10.4,5.3,5.18,0.12,0.88,0.86,10.4
2026,95,Rashee Rice,KC,WR,2,12,25.925925925925924,18.75,87.9,21,72.4,3,11.5,2.62,0.14,10,30,19.2,55,29.1,18.33,18.33,3,100,25,8.33,7,2.33,0,0.22,0,0,0,0,1,0.048,118.8,3,16.7,0,0,3,100,0,33.3,0,0,0,0,0,0,0,0,15.8,9.98,1.081,66.7,33.3,0,0,8.5,8,4.25,4.02,0.23,0.4,0.38,8
2026,96,Malik Nabers,NYG,WR,3,11,70.4225352112676,57.89473684210527,86.1,50,87.7,11,21.2,1.1,0.22,9.45,104,26.3,55,22.6,5,6.88,8,72.7,21,2.63,4,0.5,0,0.49,0,1,0,0,3,0.06,83.5,11,26.8,2,18.2,9,81.8,1,0,0,0,2,1,50,0,1,0.13,24.4,-2.6,-0.235,78,22,0,0,13.5,22.3,4.5,7.42,-2.92,0.27,0.45,22.3
2026,97,Xavier Legette,CAR,WR,2,11,94,80,45.5,47,77,4,7.5,1.17,0.09,23.25,93,19.1,55,12.9,13.75,55,1,25,10,10,0,0,0,0.07,0,1,1,0,1,0.021,79.2,4,12.5,0,0,2,50,3,100,1,25,0,0,0,0,0,0,11.4,3.03,0.635,70.2,29.8,0,0,6.5,7.2,3.25,3.61,-0.36,0.14,0.15,7.2
2026,98,Keon Coleman,BUF,WR,2,11,53.44827586206896,44.44444444444444,72.4,31,58.5,4,8.3,1.77,0.13,17.75,71,16.4,55,11.7,13.75,18.33,3,75,5,1.67,3,1,0,0.42,0,0,0,0,2,0.065,116.7,3,11.1,0,0,3,75,2,33.3,0,0,1,1,100,0,0,0,12.9,4.72,1.289,90.3,6.5,3.2,0,8.5,9.3,4.25,4.64,-0.39,0.27,0.3,9.3
2026,99,Jared Wayne,HST,WR,2,11,73.21428571428571,75,37.6,41,36.9,9,9.3,1.29,0.22,15.22,137,16,53,8.1,5.89,17.67,3,33.3,18,6,11,3.67,0,0.08,0,0,1,0,3,0.073,54.4,5,7.6,0,0,5,55.6,2,33.3,0,0,4,2,50,0,1,0.33,29,-3.56,-0.33,85.4,14.6,0,0,8.3,8.3,4.15,4.13,0.02,0.2,0.2,8.3
2026,100,Isaiah Williams,NYJ,WR,3,11,80.61224489795919,77.77777777777779,95.7,79,92.9,7,9.7,0.67,0.09,3.29,23,4.5,53,10.4,7.57,7.57,7,100,30,4.29,8,1.14,0,0.06,0,1,0,0,2,0.025,98.2,5,11.4,3,42.9,7,100,1,16.7,0,0,1,1,100,0,0,0,10.9,1.09,0.296,40.5,59.5,0,0,12.3,12.9,4.1,4.29,-0.19,0.16,0.16,12.9
2026,101,Jaxon Smith-Njigba,SEA,WR,2,21,11.363636363636363,11.11111111111111,76.7,10,76.9,4,33.3,5.2,0.4,10.5,42,107.7,52,35.9,13,13,4,100,10,2.5,4,1,0,0.02,0,0,0,0,4,0.4,118.8,3,37.5,0,0,4,100,0,0,0,0,2,2,100,0,0,0,40,4.54,1.046,100,0,0,0,9.2,7.7,4.6,3.84,0.76,0.92,0.77,7.7
2026,102,Ladd McConkey,LAC,WR,2,12,12.857142857142856,20,54.2,9,56.3,3,20,5.78,0.33,13,39,30,52,39.1,17.33,17.33,3,100,13,4.33,7,2.33,0,0.01,0,0,0,0,3,0.333,118.8,2,15.4,0,0,3,100,0,33.3,0,0,0,0,0,0,2,0.67,33.3,7.91,1.551,66.7,33.3,0,0,8.2,7.7,4.1,3.84,0.26,0.91,0.85,7.7
2026,103,Josh Downs,IND,WR,2,12,20,25,74.1,18,75,6,27.3,2.78,0.33,11.17,67,91.8,50,35.2,8.33,16.67,3,50,8,2.67,1,0.33,0,0.04,0,0,0,0,3,0.167,78.5,5,38.5,0,0,4,66.7,0,0,0,0,3,2,66.7,0,0,0,35.3,-0.14,0.571,61.1,38.9,0,0,8,7.4,4,3.69,0.31,0.44,0.41,7.4
2026,104,Bryce Lance,NO,WR,3,11,98.09523809523809,100,99.4,103,93.6,8,8.1,0.49,0.08,12.5,100,14.1,50,6.9,6.25,12.5,4,50,7,1.75,3,0.75,0,0.01,0,0,0,0,2,0.019,30.2,6,9.1,0,0,4,50,1,0,0,0,1,1,100,0,0,0,9.1,-2.5,-0.432,72.8,27.2,0,0,9,8.5,3,2.83,0.17,0.09,0.08,8.5
2026,105,Kayshon Boutte,HST,WR,3,11,87.62886597938144,77.77777777777779,78.9,85,76.6,7,7.2,0.58,0.08,13.14,92,10.7,49,7.4,7,12.25,4,57.1,12,3,2,0.5,0,0.19,0,2,1,0,2,0.024,78.9,7,10.6,0,0,5,71.4,1,66.7,1,14.3,0,0,0,0,0,0,9.6,-2.27,0.044,78.8,21.2,0,0,8.9,12.1,2.97,4.02,-1.05,0.1,0.14,12.1
2026,106,Rome Odunze,CHI,WR,3,12,29.629629629629626,38.46153846153847,75,24,75,5,19.2,2.04,0.21,17.4,87,56.1,49,36,9.8,12.25,4,80,1,0.25,1,0.25,0,0.11,0,1,0,0,2,0.083,107.5,3,23.1,0,0,4,80,2,33.3,0,0,1,1,100,0,0,0,27.8,-0.27,0.631,70.8,29.2,0,0,8.9,9.5,2.97,3.18,-0.21,0.37,0.4,9.5
2026,107,Germie Bernard,PIT,WR,2,11,100,100,56.7,47,50,9,10.7,1.04,0.19,8.56,77,10.5,49,10.4,5.44,9.8,5,55.6,11,2.2,7,1.4,0,0.11,0,1,0,0,3,0.064,31.5,4,7.4,1,11.1,7,77.8,1,0,1,11.1,2,2,100,0,0,0,20.9,-2.34,-0.315,74.5,25.5,0,0,9.9,12.6,4.95,6.32,-1.37,0.21,0.27,12.6
2026,108,Jameson Williams,DET,WR,2,12,19.81132075471698,37.5,95.2,21,95.5,6,28.6,2.29,0.29,17.17,103,64,48,39,8,12,4,66.7,1,0.25,1,0.25,0,0.21,0,0,0,0,2,0.095,91,6,54.5,0,0,5,83.3,2,25,1,16.7,0,0,0,1,0,0,31.6,-2.04,0.328,71.4,28.6,0,0,8.8,15.6,4.4,7.79,-3.39,0.42,0.74,15.6
2026,109,Troy Franklin,DEN,WR,3,11,72.72727272727273,75,19.8,16,22.5,3,4.6,3,0.19,21,63,14.4,48,9.4,16,24,2,66.7,16,8,0,0,0,0.25,0,0,0,0,2,0.125,109.7,2,5.6,0,0,3,100,2,100,0,0,1,0,0,1,0,0,20,5.38,0.317,50,50,0,0,6.8,9.3,2.27,3.1,-0.83,0.42,0.58,9.3
2026,110,Chris Bell,MIA,WR,3,11,85.96491228070175,80,72.4,49,64.5,8,13.3,0.98,0.16,13.14,92,21.6,48,10.1,6,12,4,50,7,1.75,4,1,0,0.04,0,0,0,0,3,0.061,68.8,5,12.2,0,0,6,75,2,25,1,12.5,4,2,50,0,0,0,20,-1.95,0.21,79.6,20.4,0,0,8.8,10.4,2.93,3.48,-0.55,0.18,0.21,10.4
2026,111,Rashod Bateman,BLT,WR,3,11,62.33766233766234,46.15384615384615,98.8,48,88.9,6,13.6,0.98,0.13,15,90,20.1,47,10.5,7.83,15.67,3,50,11,3.67,6,2,0,0.02,0,1,0,0,1,0.021,36.8,6,19.4,0,0,3,50,1,33.3,0,0,1,1,100,0,0,0,15,-1.41,-0.041,75,25,0,0,7.7,6.9,2.57,2.31,0.26,0.16,0.14,6.9
2026,112,Devontez Walker,BLT,WR,1,13,4.761904761904762,33.33333333333333,2.4,1,10,1,11.1,47,1,44,44,40.4,47,39.8,47,47,1,100,3,3,3,3,0,0.02,0,0,0,0,1,1,118.8,1,14.3,0,0,1,100,1,100,0,0,1,1,100,0,0,0,100,32,3.15,100,0,0,0,5.7,2.1,5.7,2.07,3.63,5.7,2.07,2.1
2026,113,Dohnte Meyers,CIN,WR,3,11,91.42857142857143,100,43.6,32,43.8,7,10.3,1.47,0.22,2.14,15,4.3,47,11.1,6.71,11.75,4,57.1,35,8.75,26,6.5,0,0.02,0,0,0,0,3,0.094,77.7,5,10.4,1,14.3,6,85.7,0,25,2,28.6,1,0,0,0,2,0.5,21.9,0.66,0.119,28.1,71.9,0,0,8.7,10.7,2.9,3.57,-0.67,0.27,0.33,10.7
2026,114,Jaxon Smith-Njigba,SEA,WR,1,22,1.1363636363636365,2.7777777777777777,25,1,100,1,100,45,1,4,4,100,45,100,45,45,1,100,41,41,39,39,1,0.01,100,0,0,0,1,1,158.3,1,100,0,0,1,100,0,100,0,0,0,0,0,0,2,2,100,38.95,6.136,100,0,0,0,11.5,1.8,11.5,1.82,9.68,11.5,1.82,1.8
2026,115,Kyle Williams,NE,WR,2,11,74.19354838709677,80,27.2,23,28.7,4,6.3,1.91,0.17,14.75,59,11,44,9.2,11,22,2,50,16,8,1,0.5,0,0.02,0,0,0,0,2,0.087,50,3,7.1,0,0,2,50,1,50,0,0,0,0,0,0,0,0,22.2,1.47,-1.062,91.3,8.7,0,0,6.4,5.5,3.2,2.73,0.47,0.28,0.24,5.5
2026,116,Chris Bell,MIA,WR,1,21,12.280701754385964,20,31.1,7,29.2,2,10,6.29,0.29,21,42,17.4,44,40.7,22,44,1,50,33,33,7,7,0,0,0,0,0,0,1,0.143,95.8,2,14.3,0,0,1,50,1,100,0,0,0,0,0,0,1,1,28.6,11.54,1.163,85.7,14.3,0,0,5.4,2.3,5.4,2.29,3.11,0.77,0.33,2.3
2026,117,Quentin Johnston,LAC,WR,2,12,12.345679012345679,20,70.8,10,62.5,3,20,4.3,0.3,7.33,22,16.9,43,32.3,14.33,14.33,3,100,21,7,5,1.67,0,0.01,0,0,0,0,2,0.2,118.8,3,23.1,0,0,3,100,0,33.3,0,0,0,0,0,0,0,0,33.3,7.12,0.616,80,20,0,0,7.3,6,3.65,3.01,0.64,0.73,0.6,6
2026,118,Ted Hurst,TB,WR,1,12,16.666666666666664,15.384615384615385,66.7,14,66.7,2,11.1,2.86,0.14,21,21,22.1,40,31,20,40,1,50,19,19,0,0,1,0.05,100,0,0,0,1,0.071,135.4,1,11.1,0,0,1,50,1,100,0,0,0,0,0,0,0,0,16.7,14.38,1.308,35.7,64.3,0,0,11,3.6,11,3.57,7.43,0.79,0.25,3.6
2026,119,Demarcus Robinson,SF,WR,1,12,11.538461538461538,16.666666666666664,25,3,33.3,1,12.5,13,0.33,44,44,43.6,39,39,39,39,1,100,0,0,0,0,1,0.62,50,0,1,1,1,0.333,158.3,1,16.7,0,0,1,100,1,100,0,0,0,0,0,0,0,0,50,24,4.056,66.7,33.3,0,0,10.9,7.7,10.9,7.68,3.22,3.63,2.56,7.7
2026,120,Makai Lemon,PHI,WR,3,11,100,100,86.4,85,88.5,9,11.4,0.45,0.11,6.67,60,9.6,38,7.4,4.22,5.43,7,77.8,20,2.86,7,1,0,0.05,0,0,0,0,3,0.035,84.3,7,13.7,3,33.3,7,77.8,1,0,0,0,1,1,100,0,3,0.43,13.8,-2.77,-0.333,37.6,61.2,0,1.2,10.8,12.1,3.6,4.04,-0.44,0.13,0.14,12.1
2026,121,Jalen Nailor,LV,WR,3,12,48.333333333333336,63.63636363636363,67.9,29,74.4,7,20,1.28,0.24,11,77,28.2,37,16,5.29,12.33,3,42.9,12,4,3,1,0,0.5,0,1,1,0,3,0.103,59.8,6,27.3,0,0,5,71.4,0,0,1,14.3,1,0,0,0,0,0,29.2,-3.36,0.463,69,31,0,0,6.7,12.4,2.23,4.13,-1.9,0.23,0.43,12.4
2026,122,Skyy Moore,GB,WR,3,11,100,100,46.8,45,45.9,10,10.8,0.82,0.22,7.5,75,9.7,37,5.8,3.7,7.4,5,50,29,5.8,9,1.8,0,0.09,0,3,1,0,2,0.044,59.2,8,11.1,2,20,5,50,1,0,0,0,1,1,100,0,0,0,25,-3.48,-0.13,28.9,62.2,4.4,4.4,8.7,8.2,2.9,2.73,0.17,0.19,0.18,8.2
2026,123,Tre Tucker,LV,WR,3,21,18.666666666666668,20,70.5,14,66.7,3,15.8,2.57,0.21,15.33,46,26.1,36,23.7,12,18,2,66.7,2,1,0,0,0,0.46,0,0,0,0,2,0.143,68.1,3,23.1,0,0,2,66.7,0,50,0,0,0,0,0,0,0,0,23.1,1.54,-0.696,85.7,14.3,0,0,5.6,8.4,1.87,2.79,-0.92,0.4,0.6,8.4
2026,124,Calvin Ridley,TEN,WR,2,11,77.27272727272727,100,51.8,34,41.5,3,4.1,1.03,0.09,11.33,34,7.6,35,7.8,11.67,17.5,2,66.7,8,4,2,1,0,0.04,0,0,0,0,2,0.059,106.3,3,5.9,0,0,3,100,0,50,1,33.3,0,0,0,0,0,0,10.3,3.19,0.222,85.3,14.7,0,0,5.5,7.3,2.75,3.64,-0.89,0.16,0.21,7.3
2026,125,Tre Harris,LAC,WR,2,22,2.7777777777777777,12.5,66.7,2,50,2,66.7,17.5,1,11,22,88,35,70,17.5,17.5,2,100,13,6.5,4,2,0,0.01,0,0,0,0,1,0.5,118.8,2,66.7,0,0,2,100,0,50,0,0,0,0,0,0,0,0,100,9.03,1.061,100,0,0,0,5.5,4.9,2.75,2.43,0.32,2.75,2.43,4.9
2026,126,Christian Watson,GB,WR,3,12,22.857142857142858,29.629629629629626,90,24,85.7,8,32,1.42,0.33,9.13,73,42.7,34,30.6,4.25,11.33,3,37.5,10,3.33,3,1,1,1.03,100,2,2,1,3,0.125,90.6,7,38.9,0,0,5,62.5,1,50,0,0,2,0,0,0,0,0,34.8,-3.52,-0.254,62.5,33.3,4.2,0,12.4,14.2,4.13,4.74,-0.61,0.52,0.59,14.2
2026,127,Emeka Egbuka,TB,WR,1,12,11.578947368421053,15,51.3,11,52.4,3,16.7,3.09,0.27,10.33,31,32.6,34,26.4,11.33,17,2,66.7,15,7.5,3,1.5,0,0.02,0,0,0,0,1,0.091,104.9,3,33.3,0,0,2,66.7,0,50,0,0,0,0,0,0,1,0.5,30,2.93,0.329,63.6,36.4,0,0,5.4,4.6,5.4,4.57,0.83,0.49,0.42,4.6
2026,128,Matthew Golden,GB,WR,2,12,24.770642201834864,14.285714285714285,94,27,96.4,4,16,1.26,0.15,5.25,21,12.3,34,30.6,8.5,11.33,3,75,18,6,3,1,0,0.03,0,0,0,0,3,0.111,100,3,16.7,1,25,3,75,0,0,0,0,0,0,0,0,0,0,17.4,2.07,-0.085,88.9,11.1,0,0,6.4,5.9,3.2,2.97,0.23,0.24,0.22,5.9
2026,129,Darnell Mooney,NYG,WR,1,20,4.225352112676056,12.5,100,3,100,1,33.3,11,0.33,18,18,30,33,78.6,33,33,1,100,15,15,1,1,0,0.01,0,0,0,0,1,0.333,118.8,1,50,0,0,1,100,0,100,0,0,0,0,0,0,0,0,33.3,22.1,2.495,33.3,66.7,0,0,4.3,3.1,4.3,3.05,1.25,1.43,1.02,3.1
2026,130,Darnell Mooney,NYG,WR,3,11,76.05633802816901,62.5,92.4,54,94.7,5,9.6,0.57,0.09,9.2,46,11.6,31,12.8,6.2,10.33,3,60,4,1.33,1,0.33,0,0.04,0,0,0,0,2,0.037,77.9,4,9.8,0,0,3,60,0,0,0,0,0,0,0,0,0,0,10.4,-1.63,0.262,25.9,74.1,0,0,6.1,6.5,2.03,2.16,-0.13,0.11,0.12,6.5
2026,131,Darnell Mooney,NYG,WR,2,12,16.901408450704224,25,71.4,12,70.6,2,13.3,2.58,0.17,15.5,31,18.2,31,23.1,15.5,15.5,2,100,0,0,0,0,0,0.04,0,0,0,0,2,0.167,118.8,2,16.7,0,0,2,100,0,0,0,0,1,1,100,0,0,0,18.2,5.59,1.917,66.7,33.3,0,0,5.1,4.4,2.55,2.2,0.35,0.42,0.37,4.4
2026,132,DeVonta Smith,PHI,WR,2,12,9.183673469387756,7.6923076923076925,91.9,9,100,2,25,3.44,0.22,10,20,60.6,31,68.9,15.5,15.5,2,100,11,5.5,5,2.5,0,0.01,0,0,0,0,2,0.222,118.8,2,50,0,0,2,100,0,0,0,0,0,0,0,0,0,0,28.6,7.38,1.205,88.9,11.1,0,0,5.1,4.8,2.55,2.4,0.15,0.57,0.53,4.8
2026,133,Justin Jefferson,MIN,WR,2,21,12.962962962962962,17.647058823529413,83.3,7,87.5,3,50,4.29,0.43,23.67,71,98.6,30,46.2,10,30,1,33.3,1,1,0,0,0,0.02,0,0,0,0,1,0.143,71.5,3,60,0,0,2,66.7,2,100,0,0,2,1,50,0,0,0,60,-1.52,0.152,85.7,14.3,0,0,4,4.5,2,2.25,-0.25,0.57,0.64,4.5
2026,134,Jahan Dotson,ATL,WR,2,12,27.86885245901639,50,85.5,17,81,5,29.4,1.76,0.29,15.4,77,45.6,30,18.4,6,15,2,40,11,5.5,3,1.5,0,0.03,0,0,0,0,2,0.118,20.8,4,28.6,0,0,3,60,1,0,0,0,1,0,0,0,0,0,38.5,-3.47,-0.892,88.2,11.8,0,0,5,6.5,2.5,3.26,-0.76,0.29,0.38,6.5
2026,135,Parker Washington,JAX,WR,3,12,20.588235294117645,26.08695652173913,72.2,14,77.8,6,37.5,2.14,0.43,12.2,61,68.5,30,28.8,5,10,3,50,1,0.33,0,0,0,0.07,0,2,1,0,2,0.143,64.6,4,33.3,0,0,3,50,1,0,0,0,0,0,0,0,0,0,42.9,-1.94,0.193,71.4,28.6,0,0,6,6.8,2,2.28,-0.28,0.43,0.49,6.8
2026,136,Xavier Hutchinson,HST,WR,2,12,6.25,10,45.5,6,37.5,2,13.3,5,0.33,11.5,23,20.4,30,41.1,15,15,2,100,7,3.5,4,2,0,0.02,0,0,0,0,2,0.333,118.8,2,20,0,0,2,100,0,0,0,0,0,0,0,1,0,0,33.3,5.69,0.86,66.7,33.3,0,0,5,4.7,2.5,2.33,0.17,0.83,0.78,4.7
2026,137,Jordan Addison,MIN,WR,2,12,12.82051282051282,12.5,97.2,10,90.9,2,20,3,0.2,20,40,57.1,30,38,15,30,1,50,0,0,0,0,0,0.03,0,0,0,0,1,0.1,95.8,2,28.6,0,0,1,50,1,100,0,0,0,0,0,0,0,0,28.6,6.65,0.69,70,30,0,0,4,4.1,2,2.07,-0.07,0.4,0.41,4.1
2026,138,Xavier Worthy,KC,WR,3,11,71.91011235955057,73.33333333333333,98,64,90.1,11,17.5,0.47,0.17,1.91,21,7.2,30,5.5,2.73,3.75,8,72.7,37,4.63,6,0.75,1,1.27,33.3,4,1,1,2,0.031,105.5,11,26.2,5,45.5,10,90.9,0,0,1,9.1,1,0,0,0,2,0.25,20.4,-3.38,-0.26,57.8,40.6,1.6,0,17,22,5.67,7.33,-1.66,0.27,0.34,22
2026,139,Omar Cooper,NYJ,WR,1,11,100,100,3.4,1,6.3,1,6.7,30,1,4,4,3.6,30,21,30,30,1,100,26,26,11,11,0,0.01,0,0,0,0,1,1,118.8,1,8.3,0,0,1,100,0,100,0,0,0,0,0,0,3,3,100,23.95,3.582,0,100,0,0,4,1.7,4,1.74,2.26,4,1.74,1.7
2026,140,Mike Evans,SF,WR,3,21,33.9622641509434,18.75,60,18,60,3,11.1,1.61,0.17,10.67,32,19.8,29,13.9,9.67,14.5,2,66.7,12,6,2,1,0,0.01,0,0,0,0,2,0.111,97.9,3,15.8,0,0,3,100,0,0,0,0,1,0,0,0,0,0,21.4,1.11,0.537,77.8,22.2,0,0,4.9,5.5,1.63,1.83,-0.2,0.27,0.31,5.5
2026,141,LaJohntay Wester,BLT,WR,2,11,88.57142857142857,100,63.7,31,57.4,4,9.1,0.94,0.13,5.25,21,4.7,29,6.5,7.25,9.67,3,75,23,7.67,2,0.67,0,0.01,0,0,0,0,1,0.032,94.8,3,9.7,1,25,3,75,0,0,0,0,1,1,100,0,0,0,16.7,0.28,0.005,16.1,80.6,0,3.2,5.9,4.3,2.95,2.13,0.82,0.19,0.14,4.3
2026,142,David Njoku,LAC,WR,2,12,41.66666666666667,62.5,62.5,10,83.3,5,41.7,2.8,0.5,3,15,13.8,28,31.8,5.6,9.33,3,60,27,9,5,1.67,0,0.09,0,1,0,0,2,0.2,35.8,5,50,2,40,4,80,1,0,1,20,0,0,0,0,0,0,45.5,-1.61,-0.764,20,30,50,0,5.8,8.6,2.9,4.31,-1.41,0.58,0.86,8.6
2026,143,Tre Tucker,LV,WR,2,12,37.333333333333336,26.666666666666668,60.7,28,71.8,4,11.4,1,0.14,5.75,23,8.4,28,12.1,7,9.33,3,75,10,3.33,4,1.33,0,0.15,0,1,0,0,1,0.036,93.8,2,9.1,0,0,4,100,0,0,0,0,2,1,50,0,0,0,16,0.32,0.261,82.1,17.9,0,0,5.8,6.7,2.9,3.36,-0.46,0.21,0.24,6.7
2026,144,David Njoku,LAC,WR,1,11,45.83333333333333,25,19.7,11,30.6,2,6.7,2.45,0.18,13,26,7,27,12.6,13.5,13.5,2,100,1,0.5,1,0.5,0,0,0,0,0,0,0,0,118.8,0,0,0,0,2,100,0,0,0,0,1,1,100,0,0,0,25,3.81,-0.978,45.5,18.2,27.3,9.1,4.7,4.1,4.7,4.11,0.59,0.43,0.37,4.1
2026,145,Dareke Young,LV,WR,1,21,42.857142857142854,100,11.4,3,14.3,1,5.3,9,0.33,11,11,6.3,27,17.8,27,27,1,100,16,16,0,0,0,0.03,0,0,0,0,1,0.333,118.8,1,7.7,0,0,1,100,0,100,0,0,0,0,0,0,0,0,50,18.68,1.785,66.7,33.3,0,0,3.7,2.5,3.7,2.5,1.2,1.23,0.83,2.5
2026,146,Terry McLaurin,WAS,WR,1,01,1.9801980198019802,9.090909090909092,100,2,100,2,100,13,1,15,30,100,26,100,13,26,1,50,21,21,19,19,0,0,0,0,1,0,1,0.5,95.8,2,100,0,0,1,50,1,100,0,0,0,0,0,0,1,1,100,4.07,0.835,100,0,0,0,3.6,1.8,3.6,1.82,1.78,1.8,0.91,1.8
2026,147,Jerry Jeudy,CLV,WR,2,11,80.26315789473685,80,73.6,61,81.3,4,6.9,0.43,0.07,10,40,11.8,26,6.2,6.5,13,2,50,10,5,4,2,0,0.01,0,0,0,0,1,0.016,70.8,4,9.8,0,0,2,50,0,50,0,0,0,0,0,0,0,0,8.5,-1.6,-0.155,73.8,26.2,0,0,4.6,4.3,2.3,2.13,0.17,0.08,0.07,4.3
2026,148,Keon Coleman,BUF,WR,1,12,17.24137931034483,22.22222222222222,60.5,10,55.6,2,15.4,2.6,0.2,7,14,29.2,26,21.7,13,13,2,100,12,6,1,0.5,0,0.11,0,1,0,0,1,0.1,118.8,2,33.3,0,0,2,100,0,100,0,0,0,0,0,0,0,0,25,6.12,0.568,90,10,0,0,4.6,4.5,4.6,4.47,0.13,0.46,0.45,4.5
2026,149,Ladd McConkey,LAC,WR,2,21,21.428571428571427,13.333333333333334,58.3,15,71.4,2,12.5,1.73,0.13,9.5,19,18.6,26,25,13,13,2,100,7,3.5,2,1,0,0.02,0,0,0,0,1,0.067,118.8,2,22.2,0,0,2,100,0,0,0,0,0,0,0,0,0,0,16.7,5.07,0.798,86.7,13.3,0,0,4.6,4.4,2.3,2.2,0.1,0.31,0.29,4.4
2026,150,Darius Cooper,PHI,WR,1,11,100,100,24.2,16,16.7,3,3.8,1.63,0.19,8.67,26,4.2,26,5.1,8.67,13,2,66.7,18,9,8,4,1,0.98,25,1,1,1,2,0.125,133.3,1,2,0,0,2,66.7,0,100,0,0,0,0,0,0,1,0.5,25,1.05,1.066,43.8,56.3,0,0,10.6,8.8,10.6,8.82,1.78,0.66,0.55,8.8
2026,151,Demarcus Robinson,SF,WR,1,11,61.53846153846154,33.33333333333333,49.1,16,59.3,2,7.7,1.56,0.13,10,20,14.9,25,12.1,12.5,12.5,2,100,5,2.5,1,0.5,0,0.76,0,0,0,0,2,0.125,118.8,1,5.9,0,0,2,100,0,0,0,0,0,0,0,0,0,0,11.1,3.94,1.182,68.8,31.3,0,0,4.5,8.8,4.5,8.84,-4.34,0.28,0.55,8.8
2026,152,DK Metcalf,PIT,WR,3,12,20.833333333333336,20.833333333333336,100,25,100,5,20.8,1,0.2,6.6,33,21.9,25,14.2,5,6.25,4,80,7,1.75,2,0.5,1,0.95,100,1,1,1,2,0.08,127.1,5,38.5,1,20,5,100,0,0,1,20,1,1,100,0,1,0.25,25,-2.24,0.419,84,16,0,0,12.5,13.9,4.17,4.64,-0.47,0.5,0.56,13.9
2026,153,Ben Skowronek,PIT,WR,2,11,100,100,15,5,7.7,2,3.5,5,0.4,11.5,23,5.6,25,6.4,12.5,12.5,2,100,2,1,1,0.5,1,0.7,50,0,0,0,1,0.2,158.3,2,5.4,0,0,2,100,1,50,0,0,0,0,0,0,0,0,33.3,3.98,0.993,20,80,0,0,10.5,8.6,5.25,4.28,0.97,2.1,1.71,8.6
2026,154,Rashid Shaheed,SEA,WR,3,11,61.29032258064516,66.66666666666666,91.2,38,80.9,8,18.2,0.66,0.21,9.25,74,21.3,25,9.6,3.13,6.25,4,50,19,4.75,5,1.25,0,0.06,0,0,0,0,0,0,56.8,6,17.1,2,25,6,75,1,0,2,25,1,1,100,0,0,0,20.5,-4.26,-0.724,73.7,26.3,0,0,6.5,11.1,2.17,3.68,-1.51,0.17,0.29,11.1
2026,155,Malik Nabers,NYG,WR,3,22,5.633802816901409,15.789473684210526,36.4,4,40,3,37.5,6.25,0.75,6.67,20,32.3,25,52.1,8.33,12.5,2,66.7,16,8,6,3,0,0.05,0,1,0,0,2,0.5,92.4,3,50,0,0,3,100,0,0,0,0,1,0,0,0,3,1.5,75,1.42,0.573,75,25,0,0,4.5,4.8,1.5,1.6,-0.1,1.13,1.2,4.8
2026,156,Jaylin Lane,WAS,WR,2,11,92.85714285714286,100,20.2,13,14.9,2,2.6,1.92,0.15,1,2,0.3,25,5.5,12.5,12.5,2,100,23,11.5,2,1,0,0.01,0,0,0,0,1,0.077,118.8,2,4,1,50,2,100,0,50,0,0,0,0,0,0,0,0,14.3,6.73,0.408,46.2,53.8,0,0,4.5,3.3,2.25,1.63,0.62,0.35,0.25,3.3
2026,157,Jack Bech,LV,WR,1,21,8.571428571428571,33.33333333333333,15.9,3,14.3,2,10.5,8.33,0.67,9,18,10.2,25,16.4,12.5,12.5,2,100,7,3.5,3,1.5,0,0.07,0,0,0,0,1,0.333,118.8,2,15.4,0,0,2,100,0,50,0,0,1,1,100,0,0,0,50,4.5,0.759,33.3,66.7,0,0,4.5,3.6,4.5,3.61,0.89,1.5,1.2,3.6
2026,158,Justin Jefferson,MIN,WR,2,12,12.962962962962962,11.76470588235294,66.7,7,63.6,2,20,3.43,0.29,9,18,25.7,24,30.4,12,12,2,100,6,3,3,1.5,0,0.01,0,0,0,0,1,0.143,116.7,2,28.6,1,50,2,100,1,50,0,0,0,0,0,0,0,0,40,3.91,0.583,100,0,0,0,4.4,4.1,2.2,2.05,0.15,0.63,0.58,4.1
2026,159,CeeDee Lamb,DAL,WR,1,21,4.25531914893617,4,66.7,4,66.7,1,16.7,6,0.25,25,25,28.7,24,85.7,24,24,1,100,0,0,0,0,1,0.34,100,0,1,1,1,0.25,158.3,1,20,0,0,1,100,1,100,0,0,1,1,100,1,0,0,25,12.51,3.162,100,0,0,0,9.4,3.5,9.4,3.49,5.91,2.35,0.87,3.5
2026,160,Mike Evans,SF,WR,1,12,11.320754716981133,6.25,50,6,50,1,9.1,3.83,0.17,26,26,19.5,23,15.8,23,23,1,100,0,0,0,0,1,0.71,33.3,0,1,1,1,0.167,158.3,1,12.5,0,0,1,100,1,100,0,0,0,0,0,0,0,0,16.7,9.99,2.516,100,0,0,0,9.3,6.7,9.3,6.71,2.59,1.55,1.12,6.7
2026,161,Kalif Raymond,CHI,WR,2,12,20,15,54.4,15,46.9,3,11.5,1.53,0.2,2.33,7,4.5,23,16.9,7.67,7.67,3,100,16,5.33,3,1,0,0.03,0,1,0,0,1,0.067,98.6,2,15.4,0,0,3,100,0,0,0,0,0,0,0,0,0,0,30,1.8,1.17,60,40,0,0,5.3,5.2,2.65,2.62,0.03,0.35,0.35,5.2
2026,162,Rashid Shaheed,SEA,WR,2,12,29.03225806451613,25,53.7,18,51.4,3,8.8,1.28,0.17,9.33,28,12.2,23,6.6,7.67,23,1,33.3,9,9,2,2,0,0.01,0,0,0,0,1,0.056,61.8,3,13.6,0,0,1,33.3,0,100,0,0,0,0,0,0,0,0,16.7,-0.12,-0.112,61.1,38.9,0,0,3.3,2.7,1.65,1.34,0.31,0.18,0.15,2.7
2026,163,Jack Bech,LV,WR,1,11,74.28571428571429,66.66666666666666,97.9,26,86.7,4,13.8,0.88,0.15,7.75,31,11.3,23,10.3,5.75,7.67,3,75,6,2,5,1.67,1,0.13,33.3,2,0,0,1,0.038,88.5,2,11.1,0,0,3,75,0,0,0,0,1,1,100,0,1,0.33,14.3,-1.52,-0.739,23.1,76.9,0,0,11.3,5.2,11.3,5.19,6.11,0.43,0.2,5.2
2026,164,Denzel Boston,CLV,WR,1,12,17.441860465116278,13.333333333333334,87.1,15,78.9,2,11.1,1.53,0.13,10,20,29,23,18.1,11.5,11.5,2,100,3,1.5,3,1.5,0,0.02,0,0,0,0,1,0.067,114.6,2,20,0,0,2,100,0,0,0,0,1,1,100,0,0,0,14.3,3.22,0.836,100,0,0,0,4.3,3.3,4.3,3.29,1.01,0.29,0.22,3.3
2026,165,Rashod Bateman,BLT,WR,2,12,22.07792207792208,15.384615384615385,81.5,17,81,2,11.1,1.29,0.12,16.5,33,17.9,22,17.7,11,22,1,50,0,0,0,0,1,0.73,50,1,2,1,1,0.059,129.2,2,18.2,0,0,1,50,1,100,0,0,0,0,0,0,0,0,13.3,2.14,1.42,52.9,47.1,0,0,9.2,7.1,4.6,3.55,1.05,0.54,0.42,7.1
2026,166,J. Sturdivant,GB,WR,1,11,100,100,23.4,24,34.8,3,4.5,0.92,0.13,6.67,20,4,22,5.9,7.33,7.33,3,100,2,0.67,0,0,0,0.02,0,0,0,0,2,0.083,97.2,3,6.1,0,0,3,100,0,0,0,0,1,1,100,0,0,0,14.3,0.48,1.063,58.3,41.7,0,0,5.2,4.7,5.2,4.7,0.5,0.22,0.2,4.7
2026,167,Dyami Brown,WAS,WR,2,11,79.62962962962963,77.77777777777779,50.4,43,49.4,7,9.2,0.49,0.16,15.29,107,15.4,21,4.6,3,5.25,4,57.1,4,1,1,0.25,0,0.41,0,0,0,0,2,0.047,62.2,5,10,1,14.3,5,71.4,2,0,0,0,1,0,0,0,0,0,17.9,-6.28,-0.968,72.1,27.9,0,0,6.1,11.9,3.05,5.94,-2.89,0.14,0.28,11.9
2026,168,Malik Washington,MIA,WR,3,21,21.73913043478261,26.08695652173913,82.2,20,83.3,6,30,1.05,0.3,18,108,44.6,21,19.4,3.5,10.5,2,33.3,29,14.5,12,6,0,0.01,0,0,1,0,1,0.05,44.4,5,35.7,2,33.3,3,50,4,0,0,0,1,0,0,0,1,0.5,33.3,-6.48,-0.196,70,20,0,10,4.1,4.7,1.37,1.56,-0.19,0.2,0.23,4.7
2026,169,Zachariah Branch,ATL,WR,2,11,73.33333333333333,75,33,11,19.6,3,5.9,1.91,0.27,-3.67,-11,-10,21,7.1,7,7,3,100,32,10.67,17,5.67,0,0.01,0,0,0,0,1,0.091,95.8,3,8.3,3,100,3,100,0,0,0,0,0,0,0,0,2,0.67,30,2.36,0.265,45.5,54.5,0,0,5.1,4.6,2.55,2.32,0.23,0.46,0.42,4.6
2026,170,Demarcus Robinson,SF,WR,2,21,23.076923076923077,33.33333333333333,31.4,6,30,2,11.8,3.33,0.33,5,10,11.8,20,13.2,10,10,2,100,10,5,1,0.5,0,0.05,0,1,0,0,2,0.333,108.3,2,15.4,0,0,2,100,0,0,0,0,0,0,0,0,0,0,50,3.5,1.012,83.3,16.7,0,0,4,3.7,2,1.87,0.13,0.67,0.62,3.7
2026,171,Christian Watson,GB,WR,1,13,2.857142857142857,3.7037037037037033,42.1,3,50,1,16.7,6.67,0.33,19,19,32.2,20,20.8,20,20,1,100,1,1,1,1,0,0.01,0,0,0,0,1,0.333,118.8,1,20,0,0,1,100,0,100,0,0,1,1,100,0,0,0,50,8.07,1.737,66.7,33.3,0,0,3,2.2,3,2.22,0.78,1,0.74,2.2
2026,172,Carnell Tate,TEN,WR,1,12,4.761904761904762,5,60,4,50,1,14.3,5,0.25,13,13,40.6,20,60.6,20,20,1,100,7,7,2,2,0,0.01,0,0,0,0,1,0.25,118.8,1,33.3,0,0,1,100,0,100,0,0,0,0,0,0,0,0,33.3,11.09,1.439,100,0,0,0,3,2.5,3,2.53,0.47,0.75,0.63,2.5
2026,173,Cooper Kupp,SEA,WR,1,21,14.285714285714285,10,65.1,9,69.2,1,8.3,2.11,0.11,-3,-3,-7.7,19,13.1,19,19,1,100,22,22,3,3,0,0,0,0,0,0,1,0.111,118.8,1,12.5,0,0,1,100,0,0,0,0,0,0,0,0,1,1,11.1,14.06,1.322,55.6,44.4,0,0,2.9,1.5,2.9,1.53,1.37,0.32,0.17,1.5
2026,174,A.J. Brown,NE,WR,1,11,71.42857142857143,75,16.5,10,31.3,3,12,1.9,0.3,6.33,19,13.3,19,16.7,6.33,9.5,2,66.7,7,3.5,5,2.5,0,0.01,0,0,0,0,2,0.2,84,3,17.6,0,0,3,100,0,0,0,0,2,1,50,0,0,0,42.9,-0.65,0.307,100,0,0,0,3.9,4.3,3.9,4.29,-0.39,0.39,0.43,4.3
2026,175,Tutu Atwell,LA,WR,1,13,22.22222222222222,100,3.6,2,18.2,2,20,9.5,1,30.5,61,53.5,19,23.8,9.5,19,1,50,0,0,0,0,0,0,0,0,0,0,1,0.5,83.3,2,25,0,0,1,50,1,0,0,0,0,0,0,0,0,0,100,-3.97,0.659,100,0,0,0,2.9,3.2,2.9,3.18,-0.28,1.45,1.59,3.2
2026,176,John Metchie,CAR,WR,1,11,100,100,34.8,32,47.8,5,8.2,0.59,0.16,8.4,42,7.9,19,4.5,3.8,9.5,2,40,1,0.5,0,0,1,0.85,25,1,1,1,2,0.063,90.8,2,5.6,0,0,3,60,0,0,0,0,1,0,0,0,0,0,17.9,-3.79,0.306,50,50,0,0,9.9,10,9.9,10,-0.1,0.31,0.31,10
2026,177,DJ Moore,BUF,WR,1,12,17.857142857142858,5.88235294117647,68.4,10,55.6,1,7.7,1.8,0.1,15,15,31.3,18,15,18,18,1,100,3,3,1,1,0,0,0,0,0,0,1,0.1,118.8,1,16.7,0,0,1,100,0,0,0,0,1,1,100,0,0,0,12.5,7.59,1.264,70,30,0,0,2.8,1.3,2.8,1.26,1.54,0.28,0.13,1.3
2026,178,KhaDarel Hodge,SF,WR,1,12,20,100,41.7,4,33.3,1,9.1,4.5,0.25,16,16,12,18,12.3,18,18,1,100,2,2,2,2,0,0,0,0,0,0,0,0,118.8,1,12.5,0,0,1,100,0,0,0,0,0,0,0,0,0,0,25,7.9,1.039,50,50,0,0,2.8,2.7,2.8,2.66,0.14,0.7,0.66,2.7
2026,179,Jayden Reed,GB,WR,2,11,87.09677419354838,75,27.9,27,50.9,6,12.2,0.67,0.22,3.33,20,4.5,18,4.9,3,6,3,50,13,4.33,2,0.67,0,0.01,0,1,0,0,0,0,56.3,6,15.4,1,16.7,3,50,0,0,0,0,0,0,0,0,0,0,26.1,-2.98,-0.331,14.8,81.5,0,3.7,4.8,5.1,2.4,2.53,-0.13,0.18,0.19,5.1
2026,180,Olamide Zaccheaus,ATL,WR,3,11,100,100,67,36,64.3,6,11.8,0.47,0.17,2,12,10.9,17,5.8,2.83,4.25,4,66.7,10,2.5,5,1.25,0,0.03,0,0,0,0,0,0,70.1,5,13.9,1,16.7,4,66.7,0,0,0,0,0,0,0,0,2,0.5,17.1,-2.73,-0.509,16.7,83.3,0,0,5.7,6.7,1.9,2.25,-0.35,0.16,0.19,6.7
2026,181,KaVontae Turpin,DAL,WR,2,01,15.384615384615385,66.66666666666666,100,2,100,2,100,8.5,1,2,4,100,17,100,8.5,8.5,2,100,13,6.5,5,2.5,0,0.15,0,1,0,0,2,1,102.1,2,100,0,0,2,100,0,0,0,0,0,0,0,0,1,0.5,100,3.21,1.582,0,100,0,0,3.7,3.9,1.85,1.96,-0.11,1.85,1.96,3.9
2026,182,Parker Washington,JAX,WR,1,01,1.4705882352941175,4.3478260869565215,100,1,100,1,100,17,1,17,17,100,17,100,17,17,1,100,0,0,0,0,1,0.62,100,1,1,1,1,1,158.3,1,100,0,0,1,100,0,0,0,0,0,0,0,0,0,0,100,5.33,3.899,0,100,0,0,8.7,5.9,8.7,5.88,2.82,8.7,5.88,5.9
2026,183,Xavier Worthy,KC,WR,2,12,24.719101123595504,13.333333333333334,93.1,22,75.9,2,7.7,0.77,0.09,20,40,25.6,17,9,8.5,17,1,50,2,2,0,0,0,0.03,0,0,0,0,1,0.045,39.6,1,5.6,0,0,1,50,1,0,0,0,0,0,0,0,0,0,9.5,-2.45,-2.358,86.4,13.6,0,0,2.7,2.9,1.35,1.44,-0.09,0.12,0.13,2.9
2026,184,Tory Horton,SEA,WR,1,11,69.23076923076923,33.33333333333333,15.8,9,27.3,1,3.2,1.89,0.11,16,16,6,17,8.9,17,17,1,100,1,1,0,0,0,0.15,0,0,0,0,1,0.111,118.8,1,3.8,0,0,1,100,0,0,0,0,0,0,0,0,0,0,12.5,6.9,1.328,55.6,44.4,0,0,2.7,3.6,2.7,3.57,-0.87,0.3,0.4,3.6
2026,185,Tory Horton,SEA,WR,1,13,7.6923076923076925,33.33333333333333,25,1,25,1,25,17,1,17,17,34.7,17,70.8,17,17,1,100,0,0,0,0,0,0.03,0,0,0,0,1,1,118.8,1,33.3,0,0,1,100,0,0,0,0,1,1,100,0,0,0,100,5.33,1.407,100,0,0,0,2.7,2.2,2.7,2.19,0.51,2.7,2.19,2.2
2026,186,Michael Pittman,PIT,WR,1,11,70.96774193548387,25,51.2,44,80,2,4,0.36,0.05,6,12,2.1,16,5.4,8,8,2,100,4,2,0,0,0,0.03,0,0,0,0,1,0.023,100,0,0,0,0,2,100,0,0,0,0,0,0,0,0,0,0,4.9,1.22,0.608,75,25,0,0,3.6,3.8,3.6,3.82,-0.22,0.08,0.09,3.8
2026,187,George Pickens,DAL,WR,1,12,14.736842105263156,8,75.8,14,82.4,2,14.3,1.14,0.14,5.5,11,28.2,16,45.7,8,8,2,100,5,2.5,2,1,0,0.01,0,0,0,0,1,0.071,100,2,22.2,1,50,2,100,0,0,0,0,0,0,0,0,0,0,20,0.39,0.451,100,0,0,0,3.6,4,3.6,3.96,-0.36,0.26,0.28,4
2026,188,Xavier Worthy,KC,WR,1,13,3.3707865168539324,13.333333333333334,16.7,3,37.5,2,25,5.33,0.67,19.5,39,48.8,16,21.3,8,16,1,50,3,3,0,0,0,0.41,0,0,0,0,1,0.333,77.1,2,25,0,0,2,100,1,0,1,50,1,0,0,0,0,0,66.7,-2.96,0.275,100,0,0,0,2.6,7.3,2.6,7.27,-4.67,0.87,2.42,7.3
2026,189,Luther Burden,CHI,WR,3,12,18.75,17.391304347826086,42.6,15,46.9,4,15.4,1.07,0.27,5.75,23,14.8,16,11.8,4,5.33,3,75,12,4,6,2,0,0.04,0,0,0,0,0,0,81.3,3,23.1,1,25,4,100,0,0,0,0,2,1,50,0,1,0.33,33.3,-3.13,-0.996,80,20,0,0,4.6,6.2,1.53,2.05,-0.52,0.31,0.41,6.2
2026,190,Josh Cameron,JAX,WR,1,13,23.52941176470588,25,65.2,4,66.7,1,16.7,4,0.25,14,14,28.6,16,48.5,16,16,1,100,2,2,1,1,0,0.01,0,0,0,0,1,0.25,118.8,1,25,0,0,1,100,0,0,0,0,0,0,0,0,0,0,33.3,6.19,0.868,100,0,0,0,2.6,2.7,2.6,2.69,-0.09,0.65,0.67,2.7
2026,191,Deebo Samuel,SF,WR,2,21,32.142857142857146,27.27272727272727,54.3,18,60,3,11.1,0.83,0.17,4,12,7.4,15,7.2,5,7.5,2,66.7,7,3.5,2,1,0,0.01,0,0,0,0,1,0.056,78.5,2,10.5,0,0,3,100,0,0,1,33.3,0,0,0,0,0,0,17.6,-0.95,-0.092,66.7,33.3,0,0,3.5,5.2,1.75,2.59,-0.84,0.19,0.29,5.2
2026,192,Cody White,LV,WR,2,12,41.17647058823529,66.66666666666666,21.4,7,17.9,4,11.4,2.14,0.57,7.75,31,11.4,15,6.5,3.75,7.5,2,50,0,0,0,0,2,1.78,66.7,3,2,2,2,0.286,99,2,9.1,0,0,3,75,0,0,0,0,2,1,50,0,0,0,66.7,-3.68,0.792,100,0,0,0,15.5,14.2,7.75,7.1,0.65,2.21,2.03,14.2
2026,193,Kayshon Boutte,HST,WR,1,10,2.0618556701030926,11.11111111111111,100,2,100,1,50,7.5,0.5,14,14,200,15,166.7,15,15,1,100,1,1,0,0,0,0.01,0,0,0,0,0,0,118.8,1,50,0,0,1,100,0,0,0,0,0,0,0,0,0,0,50,5.19,0.926,0,100,0,0,2.5,2.5,2.5,2.53,-0.03,1.25,1.27,2.5
2026,194,Kayshon Boutte,HST,WR,1,12,9.278350515463918,11.11111111111111,54.5,9,56.3,1,6.7,1.67,0.11,13,13,11.5,15,20.5,15,15,1,100,2,2,0,0,0,0.02,0,0,0,0,1,0.111,118.8,1,10,0,0,1,100,0,0,0,0,0,0,0,0,0,0,12.5,6.09,1.082,66.7,33.3,0,0,2.5,2.5,2.5,2.48,0.02,0.28,0.28,2.5
2026,195,DK Metcalf,PIT,WR,1,22,0.8333333333333334,4.166666666666666,28.6,1,100,1,100,14,1,11,11,100,14,100,14,14,1,100,3,3,1,1,0,0,0,0,0,0,1,1,118.8,1,100,0,0,1,100,0,0,0,0,0,0,0,0,0,0,100,5.68,1.003,100,0,0,0,2.4,1.5,2.4,1.5,0.9,2.4,1.5,1.5
2026,196,Justin Jefferson,MIN,WR,1,22,5.555555555555555,11.76470588235294,61.1,3,50,2,40,4.67,0.67,-1,-2,-3.8,14,42.4,7,7,2,100,16,8,8,4,1,0.29,100,2,0,0,1,0.333,135.4,2,40,0,0,2,100,0,0,0,0,0,0,0,0,1,0.5,66.7,1.23,1.568,100,0,0,0,9.4,4.5,9.4,4.53,4.87,3.13,1.51,4.5
2026,197,Tory Horton,SEA,WR,1,12,7.6923076923076925,33.33333333333333,9.3,1,3.3,1,3.3,14,1,12,12,5.9,14,4.2,14,14,1,100,2,2,1,1,0,0.03,0,0,0,0,1,1,118.8,1,5.6,0,0,1,100,0,0,0,0,0,0,0,0,0,0,100,4.95,0.849,100,0,0,0,2.4,2.4,2.4,2.45,-0.05,2.4,2.45,2.4
2026,198,Jakobi Meyers,JAX,WR,1,12,20,9.090909090909092,81.5,14,77.8,1,6.3,0.93,0.07,12,12,13.5,13,12.5,13,13,1,100,1,1,1,1,0,0.02,0,0,0,0,1,0.071,118.8,1,8.3,0,0,1,100,0,0,0,0,0,0,0,0,0,0,6.7,3.95,1.38,85.7,14.3,0,0,2.3,2.5,2.3,2.46,-0.16,0.16,0.18,2.5
2026,199,Cody White,LV,WR,1,11,17.647058823529413,16.666666666666664,8.3,3,10,1,3.4,4.33,0.33,18,18,6.5,13,5.8,13,13,1,100,0,0,0,0,1,0.45,33.3,1,1,1,1,0.333,158.3,0,0,0,0,1,100,0,0,0,0,1,1,100,1,0,0,25,2.1,3.102,66.7,33.3,0,0,8.3,3.6,8.3,3.63,4.67,2.77,1.21,3.6
2026,200,Amon-Ra St. Brown,DET,WR,2,13,6.422018348623854,9.090909090909092,34.3,7,50,3,25,1.86,0.43,5.33,16,19.3,13,15.9,4.33,6.5,2,66.7,5,2.5,3,1.5,1,0.99,100,2,1,1,1,0.143,115.3,3,37.5,0,0,3,100,0,0,1,33.3,1,1,100,0,0,0,50,-2.16,0.794,28.6,71.4,0,0,9.3,10.2,4.65,5.11,-0.46,1.33,1.46,10.2
2026,201,Khalil Shakir,BUF,WR,1,12,6.557377049180328,6.666666666666667,34.2,4,22.2,1,7.7,3.25,0.25,13,13,27.1,13,10.8,13,13,1,100,0,0,0,0,0,0.02,0,0,0,0,1,0.25,118.8,1,16.7,0,0,1,100,0,0,0,0,0,0,0,0,0,0,25,4.09,0.8,50,50,0,0,2.3,2.6,2.3,2.56,-0.26,0.57,0.64,2.6
2026,202,Treylon Burks,WAS,WR,1,11,92.5925925925926,66.66666666666666,27.9,25,43.1,2,4.1,0.52,0.08,4.5,9,2,13,4.1,6.5,6.5,2,100,4,2,0,0,1,0.76,20,1,1,1,1,0.04,133.3,1,3.1,0,0,2,100,0,0,0,0,1,1,100,0,0,0,8.7,-0.41,1.054,72,28,0,0,9.3,7.6,9.3,7.63,1.67,0.37,0.31,7.6
2026,203,Emeka Egbuka,TB,WR,1,21,4.2105263157894735,5,53.8,4,66.7,1,16.7,3.25,0.25,13,13,130,13,35.1,13,13,1,100,0,0,0,0,0,0.02,0,0,0,0,1,0.25,118.8,0,0,0,0,1,100,0,0,0,0,1,1,100,0,0,0,20,4.09,0.734,100,0,0,0,2.3,1.9,2.3,1.89,0.41,0.57,0.47,1.9
2026,204,Brenen Thompson,LAC,WR,1,11,60,33.33333333333333,14.5,9,25,1,3.3,1.44,0.11,15,15,4,13,6.1,13,13,1,100,-2,-2,1,1,0,0,0,0,0,0,1,0.111,118.8,1,4.8,0,0,1,100,0,0,0,0,0,0,0,0,0,0,14.3,2.59,2.29,55.6,44.4,0,0,2.3,2.7,2.3,2.75,-0.45,0.26,0.31,2.7
2026,205,David Njoku,LAC,WR,1,21,4.166666666666666,12.5,5,1,9.1,1,14.3,12,1,1,1,3.8,12,17.6,12,12,1,100,11,11,8,8,0,0,0,0,0,0,1,1,116.7,1,33.3,0,0,1,100,0,0,0,0,0,0,0,0,0,0,100,6.22,0.716,0,0,100,0,2.2,1.6,2.2,1.64,0.56,2.2,1.64,1.6
2026,206,Andrei Iosivas,CIN,WR,1,11,84.0909090909091,75,57.4,37,75.5,3,6.7,0.32,0.08,4.67,14,5.5,12,4.4,4,6,2,66.7,1,0.5,0,0,0,0.67,0,1,0,0,1,0.027,34.7,2,5.9,0,0,2,66.7,0,0,0,0,0,0,0,0,0,0,8.8,-2.6,-2.786,29.7,70.3,0,0,3.2,7.3,3.2,7.29,-4.09,0.09,0.2,7.3
2026,207,Jared Wayne,HST,WR,1,13,3.571428571428571,8.333333333333332,57.1,2,50,1,25,6,0.5,12,12,33.3,12,31.6,12,12,1,100,0,0,0,0,0,0.11,0,1,0,0,1,0.5,116.7,1,50,0,0,1,100,0,0,0,0,1,1,100,0,0,0,50,2.95,0.734,100,0,0,0,2.2,1.8,2.2,1.78,0.42,1.1,0.89,1.8
2026,208,Keon Coleman,BUF,WR,1,13,22.413793103448278,11.11111111111111,40,13,59.1,1,5.6,0.92,0.08,9,9,3.6,12,7.5,12,12,1,100,3,3,0,0,0,0.01,0,0,0,0,1,0.077,116.7,0,0,0,0,1,100,0,0,0,0,0,0,0,0,0,0,14.3,4.55,0.889,84.6,7.7,7.7,0,2.2,2.1,2.2,2.12,0.08,0.17,0.16,2.1
2026,209,Josh Cameron,JAX,WR,1,11,58.82352941176471,50,21.3,10,16.1,2,3.4,1.2,0.2,9.5,19,3.7,12,2.6,6,12,1,50,5,5,0,0,1,0.33,20,1,0,0,1,0.1,108.3,2,4.9,0,0,2,100,0,0,1,50,0,0,0,0,0,0,20,-2.06,0.801,60,40,0,0,8.2,6.1,8.2,6.13,2.07,0.82,0.61,6.1
2026,210,Carnell Tate,TEN,WR,1,10,7.142857142857142,10,100,6,100,2,33.3,2,0.33,5,10,29.4,12,60,6,6,2,100,2,1,0,0,0,0,0,0,0,0,0,0,91.7,2,66.7,0,0,2,100,0,0,0,0,0,0,0,0,0,0,40,-0.36,0.19,50,50,0,0,3.2,3.6,3.2,3.58,-0.38,0.53,0.6,3.6
2026,211,Cooper Kupp,SEA,WR,1,12,25.396825396825395,10,48.1,16,45.7,1,2.9,0.69,0.06,8,8,3.5,11,3.2,11,11,1,100,3,3,1,1,0,0.03,0,0,0,0,1,0.063,112.5,1,4.5,0,0,1,100,0,0,0,0,0,0,0,0,0,0,6.3,3.49,0.566,81.3,18.8,0,0,2.1,2.1,2.1,2.15,-0.05,0.13,0.13,2.1
2026,212,Alec Pierce,IND,WR,1,12,14.285714285714285,14.285714285714285,24.1,4,33.3,1,8.3,2.75,0.25,10,10,33.3,11,15.7,11,11,1,100,1,1,0,0,0,0,0,0,0,0,1,0.25,112.5,1,20,0,0,1,100,0,0,0,0,0,0,0,0,0,0,25,3.5,0.671,100,0,0,0,2.1,2.2,2.1,2.23,-0.13,0.53,0.56,2.2
2026,213,Jahan Dotson,ATL,WR,2,11,67.21311475409836,50,78.6,41,73.2,5,9.8,0.27,0.12,11.6,58,52.7,11,3.7,2.2,5.5,2,40,8,4,2,1,0,0.02,0,0,0,0,1,0.024,8.3,4,11.1,1,20,3,60,1,0,0,0,1,0,0,0,0,0,13.2,-5.57,-2.15,85.4,14.6,0,0,3.1,4.3,1.55,2.17,-0.62,0.08,0.11,4.3
2026,214,Devaughn Vele,NO,WR,2,12,15.151515151515152,18.181818181818183,83.8,20,80,4,18.2,0.55,0.2,14.5,58,28.9,11,6.8,2.75,11,1,25,0,0,0,0,0,0.01,0,1,1,0,1,0.05,39.6,2,11.1,0,0,3,75,1,0,1,25,1,0,0,0,0,0,21.1,-6.8,-0.381,45,55,0,0,2.1,6,1.05,3.01,-1.96,0.11,0.3,6
2026,215,Jalen Royals,KC,WR,1,12,16.666666666666664,33.33333333333333,3.4,1,6.3,1,6.7,11,1,2,2,1.8,11,6.6,11,11,1,100,9,9,2,2,0,0,0,0,0,0,1,1,112.5,1,10,0,0,1,100,0,0,0,0,0,0,0,0,0,0,100,5.67,0.767,100,0,0,0,2.1,1.7,2.1,1.67,0.43,2.1,1.67,1.7
2026,216,Ja'Kobi Lane,BLT,WR,1,11,93.33333333333333,100,26.3,14,73.7,3,18.8,0.79,0.21,13,39,21.7,11,5.6,3.67,11,1,33.3,4,4,6,6,0,0.08,0,2,1,0,0,0,45.1,0,0,0,0,1,33.3,1,0,0,0,0,0,0,0,0,0,27.3,-5.11,-1.34,78.6,21.4,0,0,2.1,2.3,2.1,2.26,-0.16,0.15,0.16,2.3
2026,217,KC Concepcion,CLV,WR,2,12,10.126582278481013,15.789473684210526,45.2,8,42.1,3,16.7,1.38,0.38,4.67,14,20.3,11,8.7,3.67,5.5,2,66.7,2,1,1,0.5,0,0.03,0,1,0,0,0,0,72.9,3,30,0,0,2,66.7,0,0,0,0,0,0,0,0,0,0,50,-2.59,0.001,50,50,0,0,3.1,3.5,1.55,1.77,-0.22,0.39,0.44,3.5
2026,218,Mack Hollins,NE,WR,2,21,12.307692307692308,12.5,100,8,100,2,28.6,1.25,0.25,11.5,23,52.3,10,45.5,5,10,1,50,5,5,2,2,0,0,0,0,0,0,1,0.125,64.6,2,50,0,0,1,50,0,0,0,0,0,0,0,0,0,0,28.6,-3.63,0.01,87.5,12.5,0,0,2,1.8,1,0.89,0.11,0.25,0.22,1.8
2026,219,Bo Melton,GB,WR,3,11,100,100,31.5,28,28.6,3,3.2,0.36,0.11,15.33,46,5.9,10,1.6,3.33,10,1,33.3,0,0,0,0,0,0.01,0,0,1,0,1,0.036,43.8,3,4.2,0,0,1,33.3,1,0,0,0,0,0,0,0,0,0,11.1,-4.55,0.03,39.3,60.7,0,0,2,2.2,0.67,0.75,-0.08,0.07,0.08,2.2
2026,220,Khalil Shakir,BUF,WR,1,02,6.557377049180328,0,100,4,100,0,0,2.5,0,,0,0,10,71.4,,,0,,0,,0,,0,0,0,0,0,0,0,0,,0,0,0,,0,,0,,0,,0,0,,0,0,,0,,,75,25,0,0,1,0,1,0,1,0.25,0,0
2026,221,Jonathan Mingo,DAL,WR,1,11,92.85714285714286,100,20.8,13,15.1,1,1.3,0.77,0.08,12,12,2,10,1.6,10,10,1,100,-2,-2,0,0,0,0.01,0,0,0,0,1,0.077,108.3,1,1.9,0,0,1,100,0,0,0,0,0,0,0,0,0,0,8.3,0.95,1.019,84.6,15.4,0,0,2,2.4,2,2.41,-0.41,0.15,0.19,2.4
2026,222,Puka Nacua,LA,WR,1,11,70,55.55555555555556,17.3,14,66.7,5,25,0.71,0.36,7,35,21.3,10,17.9,2,3.33,3,60,10,3.33,5,1.67,0,0.3,0,1,0,0,0,0,25,4,28.6,1,20,4,80,1,0,0,0,3,2,66.7,0,0,0,38.5,-5.72,-1.178,92.9,7.1,0,0,4,5.9,4,5.89,-1.89,0.29,0.42,5.9
2026,223,Isaiah Bond,CLV,WR,1,12,14.285714285714285,100,3.2,1,5.3,1,5.6,10,1,7,7,10.1,10,7.9,10,10,1,100,3,3,1,1,0,0.01,0,0,0,0,1,1,108.3,1,10,0,0,1,100,0,0,0,0,0,0,0,0,0,0,100,2.94,0.716,100,0,0,0,2,1.9,2,1.94,0.06,2,1.94,1.9
2026,224,Antonio Williams,WAS,WR,2,10,11.904761904761903,18.181818181818183,100,5,100,2,40,2,0.4,2.5,5,41.7,10,55.6,5,5,2,100,5,2.5,2,1,1,0.96,100,1,1,1,1,0.2,127.1,2,50,0,0,2,100,0,0,0,0,0,0,0,0,0,0,40,-0.59,1.112,20,80,0,0,9,8.5,4.5,4.27,0.23,1.8,1.71,8.5
2026,225,Malachi Fields,NYG,WR,1,22,3.225806451612903,8.333333333333332,47.7,2,20,1,12.5,5,0.5,5,5,8.1,10,20.8,10,10,1,100,5,5,2,2,0,0.01,0,0,0,0,1,0.5,108.3,1,16.7,0,0,1,100,0,0,0,0,0,0,0,0,0,0,50,3.64,0.725,100,0,0,0,2,1.8,2,1.79,0.21,1,0.9,1.8
2026,226,Mack Hollins,NE,WR,1,12,12.307692307692308,6.25,74.3,8,50,1,7.1,1.13,0.13,8,8,7.5,9,6.9,9,9,1,100,1,1,0,0,0,0,0,0,0,0,0,0,104.2,0,0,0,0,1,100,0,0,0,0,0,0,0,0,0,0,14.3,1.49,0.948,75,25,0,0,1.9,2,1.9,2.02,-0.12,0.24,0.25,2
2026,227,Deebo Samuel,SF,WR,1,12,7.142857142857142,9.090909090909092,37.5,4,33.3,1,9.1,2.25,0.25,5,5,3.8,9,6.2,9,9,1,100,4,4,0,0,0,0.01,0,0,0,0,1,0.25,104.2,1,12.5,0,0,1,100,0,0,0,0,0,0,0,0,0,0,20,2.64,0.78,75,25,0,0,1.9,1.8,1.9,1.8,0.1,0.47,0.45,1.8
2026,228,Jameson Williams,DET,WR,1,13,4.716981132075472,6.25,42.9,5,35.7,1,8.3,1.8,0.2,8,8,9.6,9,11,9,9,1,100,1,1,0,0,0,0.03,0,0,0,0,0,0,104.2,1,12.5,0,0,1,100,0,0,0,0,0,0,0,0,0,0,25,1.49,0.66,100,0,0,0,1.9,2.1,1.9,2.13,-0.23,0.38,0.43,2.1
2026,229,George Pickens,DAL,WR,3,21,6.315789473684211,16,75,6,100,4,66.7,1.5,0.67,17.25,69,79.3,9,32.1,2.25,9,1,25,1,1,0,0,0,0.08,0,0,0,0,1,0.167,39.6,4,80,0,0,2,50,2,0,1,25,1,1,100,0,0,0,66.7,-7.45,-0.022,100,0,0,0,1.9,5.2,0.63,1.74,-1.11,0.32,0.87,5.2
2026,230,Khalil Shakir,BUF,WR,1,13,3.278688524590164,13.333333333333334,21.7,2,9.1,2,11.1,4.5,1,21,42,16.6,9,5.6,4.5,9,1,50,10,10,1,1,0,0,0,0,0,0,0,0,62.5,1,12.5,0,0,1,50,1,0,0,0,0,0,0,0,0,0,100,-6.08,0.134,100,0,0,0,1.9,1.7,1.9,1.67,0.23,0.95,0.83,1.7
2026,231,Wan'Dale Robinson,TEN,WR,1,10,7.6923076923076925,5.555555555555555,100,6,100,1,16.7,1.5,0.17,8,8,23.5,9,45,9,9,1,100,1,1,0,0,0,0.01,0,0,0,0,1,0.167,104.2,0,0,0,0,1,100,0,0,0,0,0,0,0,0,0,0,20,1.49,0.841,16.7,83.3,0,0,1.9,2.1,1.9,2.1,-0.2,0.32,0.35,2.1
2026,232,Dontayvion Wicks,PHI,WR,1,12,11.538461538461538,6.666666666666667,83.8,9,100,1,12.5,1,0.11,18,18,54.5,9,20,9,9,1,100,0,0,0,0,1,0.79,100,1,1,1,1,0.111,143.8,1,25,0,0,1,100,0,0,0,0,0,0,0,0,0,0,14.3,-1.9,2.431,44.4,55.6,0,0,7.9,6.4,7.9,6.38,1.52,0.88,0.71,6.4
2026,233,DeMario Douglas,NE,WR,1,12,5.194805194805195,7.6923076923076925,14.3,4,25,1,7.1,2.25,0.25,5,5,4.7,9,6.9,9,9,1,100,4,4,-1,-1,0,0,0,0,0,0,0,0,104.2,1,12.5,0,0,1,100,0,0,0,0,0,0,0,0,0,0,25,2.64,1.105,0,100,0,0,1.9,1.8,1.9,1.76,0.14,0.47,0.44,1.8
2026,234,Malik Nabers,NYG,WR,1,20,4.225352112676056,5.263157894736842,55.6,3,100,1,33.3,3,0.33,8,8,13.3,9,21.4,9,9,1,100,1,1,1,1,0,0,0,0,0,0,0,0,104.2,1,50,0,0,1,100,0,0,0,0,1,1,100,0,0,0,33.3,1.49,0.89,100,0,0,0,1.9,1.3,1.9,1.33,0.57,0.63,0.44,1.3
2026,235,Xavier Legette,CAR,WR,1,12,2,20,3.9,1,5.9,1,5.9,9,1,8,8,5.4,9,4,9,9,1,100,1,1,0,0,0,0.01,0,0,0,0,0,0,104.2,0,0,0,0,1,100,0,0,0,0,0,0,0,0,0,0,100,1.49,0.693,100,0,0,0,1.9,2.1,1.9,2.05,-0.15,1.9,2.05,2.1
2026,236,Isaiah Williams,NYJ,WR,1,13,4.081632653061225,11.11111111111111,72.2,4,66.7,1,16.7,2.25,0.25,5,5,100,9,28.1,9,9,1,100,4,4,0,0,0,0.01,0,0,0,0,0,0,104.2,1,50,0,0,1,100,0,0,0,0,0,0,0,0,0,0,25,2.64,0.786,100,0,0,0,1.9,1.8,1.9,1.81,0.09,0.47,0.45,1.8
2026,237,Antonio Williams,WAS,WR,1,12,2.380952380952381,9.090909090909092,13.2,1,7.1,1,8.3,9,1,9,9,7.4,9,17.6,9,9,1,100,0,0,0,0,0,0,0,0,0,0,0,0,104.2,1,11.1,0,0,1,100,0,0,0,0,0,0,0,0,0,0,100,1.55,0.781,100,0,0,0,1.9,1.3,1.9,1.31,0.59,1.9,1.31,1.3
2026,238,Colbie Young,CIN,WR,2,11,71.42857142857143,100,12.8,5,6.8,2,2.9,1.8,0.4,3,6,1.7,9,2.1,4.5,4.5,2,100,3,1.5,2,1,0,0,0,0,0,0,0,0,85.4,1,2.1,0,0,2,100,0,0,0,0,0,0,0,0,0,0,28.6,-1.99,-0.37,60,20,20,0,2.9,3.5,1.45,1.73,-0.28,0.58,0.69,3.5
2026,239,Jalen Nailor,LV,WR,1,11,31.666666666666664,18.181818181818183,81.3,19,63.3,2,6.9,0.42,0.11,15.5,31,11.3,8,3.6,4,8,1,50,1,1,0,0,0,0,0,0,0,0,1,0.053,60.4,2,11.1,0,0,1,50,1,0,0,0,0,0,0,0,0,0,9.5,-5.41,0.605,89.5,10.5,0,0,1.8,2,1.8,1.97,-0.17,0.09,0.1,2
2026,240,Quentin Johnston,LAC,WR,2,21,20.98765432098765,26.666666666666668,88.3,17,81,4,25,0.47,0.24,16.25,65,63.7,8,7.7,2,8,1,25,3,3,12,12,0,0.04,0,0,0,0,0,0,39.6,2,22.2,0,0,4,100,2,0,0,0,3,0,0,0,0,0,26.7,-8.3,-0.237,70.6,29.4,0,0,1.8,6.4,0.9,3.18,-2.28,0.11,0.37,6.4
2026,241,Jordan Whittington,LA,WR,1,11,85.18518518518519,100,33.6,23,35.4,1,1.7,0.35,0.04,8,8,1.5,8,2.4,8,8,1,100,0,0,0,0,0,0.01,0,0,0,0,0,0,100,1,2.4,0,0,1,100,0,0,0,0,1,1,100,0,0,0,5.3,0.49,0.32,39.1,60.9,0,0,1.8,1.4,1.8,1.38,0.42,0.08,0.06,1.4
2026,242,Keon Coleman,BUF,WR,2,02,5.172413793103448,22.22222222222222,75,3,75,2,50,2.67,0.67,4.5,9,29,8,57.1,4,4,2,100,9,4.5,1,0.5,0,0,0,0,0,0,1,0.333,104.2,2,100,0,0,2,100,0,0,0,0,0,0,0,0,0,0,66.7,-2.21,1.37,100,0,0,0,2.8,3.5,1.4,1.75,-0.35,0.93,1.17,3.5
2026,243,Travis Hunter,JAX,WR,1,11,85.71428571428571,100,14.6,6,9.7,1,1.7,1.33,0.17,-3,-3,-0.6,8,1.7,8,8,1,100,11,11,3,3,0,0.01,0,0,0,0,0,0,100,1,2.4,1,100,1,100,0,0,0,0,0,0,0,0,0,0,12.5,3.06,0.334,50,50,0,0,1.8,1.6,1.8,1.6,0.2,0.3,0.27,1.6
2026,244,Keenan Allen,IND,WR,1,13,4.10958904109589,5,47.8,3,37.5,1,14.3,2.33,0.33,5,5,33.3,7,43.8,7,7,1,100,2,2,0,0,0,0.02,0,0,0,0,0,0,95.8,1,25,0,0,1,100,0,0,0,0,1,1,100,0,0,0,33.3,0.64,0.687,100,0,0,0,1.7,1.2,1.7,1.22,0.48,0.57,0.41,1.2
2026,245,A.J. Brown,NE,WR,1,12,28.57142857142857,25,20,4,50,1,14.3,1.75,0.25,0,0,0,7,11.3,7,7,1,100,7,7,0,0,0,0,0,0,0,0,0,0,95.8,0,0,0,0,1,100,0,0,0,0,0,0,0,0,0,0,33.3,0.96,0.33,75,25,0,0,1.7,1.6,1.7,1.63,0.07,0.42,0.41,1.6
2026,246,Kevin Austin,NO,WR,1,11,87.5,100,10.9,7,6.4,1,1,1,0.14,6,6,0.8,7,1,7,7,1,100,1,1,0,0,0,0,0,0,0,0,0,0,95.8,1,1.5,0,0,1,100,0,0,0,0,0,0,0,0,0,0,14.3,0.05,0.386,42.9,57.1,0,0,1.7,1.9,1.7,1.86,-0.16,0.24,0.27,1.9
2026,247,Jalen Nailor,LV,WR,1,21,20,18.181818181818183,70.5,12,57.1,2,10.5,0.58,0.17,12.5,25,14.2,7,4.6,3.5,7,1,50,1,1,1,1,0,0.04,0,0,0,0,1,0.083,18.8,1,7.7,0,0,1,50,0,0,0,0,0,0,0,0,0,0,16.7,-5.94,-2.084,66.7,33.3,0,0,1.7,2,1.7,1.97,-0.27,0.14,0.16,2
2026,248,Quentin Johnston,LAC,WR,1,13,1.2345679012345678,6.666666666666667,50,1,50,1,50,7,1,-4,-4,0,7,87.5,7,7,1,100,11,11,2,2,0,0,0,0,0,0,1,1,95.8,1,50,1,100,1,100,0,0,0,0,0,0,0,0,0,0,100,2.51,0.937,100,0,0,0,1.7,1.5,1.7,1.5,0.2,1.7,1.5,1.5
2026,249,Andrei Iosivas,CIN,WR,1,10,4.545454545454546,25,100,2,100,1,100,3.5,0.5,6,6,100,7,100,7,7,1,100,1,1,0,0,0,0.01,0,0,0,0,0,0,95.8,0,0,0,0,1,100,0,0,0,0,0,0,0,0,0,0,100,0.05,-0.314,50,50,0,0,1.7,1.9,1.7,1.92,-0.22,0.85,0.96,1.9
2026,250,Malik Nabers,NYG,WR,2,12,15.492957746478872,15.789473684210526,71.4,11,64.7,3,20,0.64,0.27,14.33,43,25.3,7,5.2,2.33,7,1,33.3,1,1,1,1,0,0,0,1,1,0,0,0,2.8,3,25,0,0,1,33.3,1,0,0,0,0,0,0,0,1,1,30,-6.66,-1.497,63.6,36.4,0,0,1.7,1.8,0.85,0.91,-0.06,0.15,0.16,1.8
2026,251,Chimere Dike,TEN,WR,1,11,50,50,5.4,3,3.7,1,1.4,2.33,0.33,2,2,0.4,7,1.6,7,7,1,100,5,5,1,1,0,0,0,0,0,0,0,0,95.8,0,0,0,0,1,100,0,0,0,0,0,0,0,0,0,0,33.3,1.67,0.292,66.7,33.3,0,0,1.7,1.7,1.7,1.67,0.03,0.57,0.56,1.7
2026,252,Terry McLaurin,WAS,WR,2,10,4.9504950495049505,9.090909090909092,100,5,100,2,40,1.2,0.4,6,12,100,6,33.3,3,6,1,50,3,3,4,4,0,0,0,1,1,0,1,0.2,56.3,2,50,0,0,1,50,0,0,0,0,0,0,0,0,0,0,40,-3.45,-0.002,60,40,0,0,1.6,1.7,0.8,0.84,-0.04,0.32,0.34,1.7
2026,253,Chris Blair,ATL,WR,1,11,71.42857142857143,100,39.8,15,26.8,3,5.9,0.4,0.2,7.67,23,20.9,6,2,2,6,1,33.3,1,1,0,0,0,0.03,0,0,0,0,0,0,42.4,2,5.6,0,0,2,66.7,0,0,1,33.3,0,0,0,0,0,0,17.6,-5.21,-0.602,60,33.3,0,6.7,1.6,4.2,1.6,4.21,-2.61,0.11,0.28,4.2
2026,254,Quentin Johnston,LAC,WR,3,11,60.49382716049383,46.666666666666664,89.5,49,86,7,14.3,0.12,0.14,12.57,88,16.3,6,1.8,0.86,6,1,14.3,7,7,3,3,0,0.02,0,0,0,0,0,0,39.6,7,22.6,0,0,4,57.1,1,0,3,42.9,0,0,0,1,1,1,18.4,-8.31,-0.399,87.8,12.2,0,0,1.6,9.8,0.53,3.27,-2.74,0.03,0.2,9.8
2026,255,Jayden Reed,GB,WR,1,13,3.225806451612903,12.5,21.1,1,20,1,20,6,1,5,5,8.1,6,6.1,6,6,1,100,1,1,1,1,0,0.01,0,0,0,0,1,1,91.7,1,25,0,0,1,100,0,0,0,0,0,0,0,0,0,0,100,-0.36,1.512,100,0,0,0,1.6,1.8,1.6,1.83,-0.23,1.6,1.83,1.8
2026,256,Malik Benson,LV,WR,1,22,9.090909090909092,25,3,1,11.1,1,12.5,6,1,-1,-1,-3.6,6,11.5,6,6,1,100,7,7,3,3,0,0,0,0,0,0,0,0,91.7,1,16.7,1,100,1,100,0,0,0,0,0,0,0,0,0,0,100,-0.17,0.182,100,0,0,0,1.6,1.6,1.6,1.57,0.03,1.6,1.57,1.6
2026,257,Ja'Marr Chase,CIN,WR,1,21,3.6363636363636362,4,100,4,100,1,33.3,1.25,0.25,-4,-4,-28.6,5,100,5,5,1,100,9,9,7,7,0,0,0,0,0,0,0,0,87.5,1,33.3,1,100,1,100,0,0,0,0,0,0,0,0,1,1,33.3,0.51,-0.024,75,25,0,0,1.5,1.5,1.5,1.54,-0.04,0.38,0.39,1.5
2026,258,Rashid Shaheed,SEA,WR,1,01,1.6129032258064515,8.333333333333332,100,1,100,1,100,5,1,-4,-4,0,5,100,5,5,1,100,9,9,0,0,0,0,0,0,0,0,0,0,87.5,1,100,1,100,1,100,0,0,0,0,0,0,0,0,0,0,100,0.51,-0.255,100,0,0,0,1.5,1.6,1.5,1.59,-0.09,1.5,1.59,1.6
2026,259,Garrett Wilson,NYJ,WR,1,02,1.9801980198019802,3.7037037037037033,100,2,100,1,50,2.5,0.5,4,4,36.4,5,100,5,5,1,100,1,1,0,0,1,0.73,100,1,0,0,1,0.5,127.1,1,50,0,0,1,100,0,0,0,0,0,0,0,0,0,0,50,-1.05,1.072,50,50,0,0,7.5,5.6,7.5,5.63,1.87,3.75,2.81,5.6
2026,260,Michael Wilson,ARZ,WR,2,13,8.47457627118644,10,68.9,10,71.4,3,23.1,0.5,0.3,6.33,19,27.5,5,11.4,1.67,5,1,33.3,6,6,1,1,1,0.28,33.3,1,0,0,1,0.1,81.9,3,30,0,0,2,66.7,0,0,0,0,1,0,0,0,0,0,30,-6.1,0.206,100,0,0,0,7.5,4.4,3.75,2.22,1.53,0.75,0.44,4.4
2026,261,Jalen Royals,KC,WR,1,11,33.33333333333333,33.33333333333333,5.1,2,3.9,1,2.1,2.5,0.5,-1,-1,-0.4,5,1.3,5,5,1,100,6,6,0,0,0,0.04,0,0,0,0,1,0.5,87.5,1,3.3,1,100,1,100,0,0,0,0,0,0,0,0,0,0,25,-1.17,0.451,50,50,0,0,1.5,1.8,1.5,1.75,-0.25,0.75,0.88,1.8
2026,262,Chris Moore,BLT,WR,2,12,27.27272727272727,33.33333333333333,61.1,9,42.9,2,11.1,0.44,0.22,31,62,33.7,4,3.2,2,4,1,50,0,0,0,0,1,0.86,50,1,1,1,1,0.111,95.8,1,9.1,0,0,1,50,1,0,0,0,0,0,0,0,0,0,28.6,-10.02,0.127,55.6,44.4,0,0,7.4,6.1,3.7,3.07,0.63,0.82,0.68,6.1
2026,263,Josh Cameron,JAX,WR,1,12,11.76470588235294,25,29.6,2,11.1,1,6.3,2,0.5,11,11,12.4,4,3.8,4,4,1,100,0,0,0,0,1,0.48,100,1,1,1,1,0.5,122.9,1,8.3,0,0,1,100,0,0,0,0,1,1,100,0,0,0,100,-4.32,1.327,100,0,0,0,7.4,3.6,7.4,3.59,3.81,3.7,1.8,3.6
2026,264,Sterling Shepard,NYJ,WR,1,11,100,100,25.6,26,81.3,1,4,0.12,0.04,2,2,1.3,3,1.8,3,3,1,100,1,1,1,1,0,0,0,0,0,0,0,0,79.2,1,6.3,0,0,1,100,0,0,0,0,0,0,0,0,0,0,5.3,-2.33,-0.22,30.8,69.2,0,0,1.3,1.7,1.3,1.67,-0.37,0.05,0.06,1.7
2026,265,Laquon Treadwell,IND,WR,1,13,3.278688524590164,20,17.4,2,25,1,14.3,1.5,0.5,3,3,20,3,18.8,3,3,1,100,0,0,0,0,0,0,0,0,0,0,0,0,79.2,1,25,0,0,1,100,0,0,0,0,1,1,100,0,0,0,50,-2.45,-0.238,100,0,0,0,1.3,1,1.3,1.02,0.28,0.65,0.51,1
2026,266,Chris Godwin,TB,WR,1,12,11.34020618556701,18.181818181818183,51.3,11,52.4,2,11.1,0.27,0.18,6.5,13,13.7,3,2.3,1.5,3,1,50,0,0,0,0,0,0,0,0,0,0,0,0,56.3,1,11.1,0,0,1,50,0,0,0,0,0,0,0,0,0,0,22.2,-4.97,-0.527,81.8,18.2,0,0,1.3,1.7,1.3,1.69,-0.39,0.12,0.15,1.7
2026,267,CeeDee Lamb,DAL,WR,1,22,1.0638297872340425,4,50,1,50,1,50,3,1,11,11,157.1,3,60,3,3,1,100,0,0,0,0,1,0.98,100,1,1,1,1,1,118.8,1,100,0,0,1,100,0,0,0,0,0,0,0,0,0,0,100,-5.32,1.075,100,0,0,0,7.3,7,7.3,7.03,0.27,7.3,7.03,7
2026,268,Ja'Marr Chase,CIN,WR,1,13,0.9090909090909091,4,66.7,1,100,1,100,3,1,3,3,100,3,100,3,3,1,100,0,0,0,0,1,0.75,100,1,1,1,1,1,118.8,1,100,0,0,1,100,0,0,0,0,0,0,0,0,0,0,100,-2.45,0.911,100,0,0,0,7.3,5.6,7.3,5.62,1.68,7.3,5.62,5.6
2026,269,Chimere Dike,TEN,WR,1,12,50,50,20,3,37.5,1,14.3,1,0.33,4,4,12.5,3,9.1,3,3,1,100,-1,-1,0,0,0,0,0,0,0,0,0,0,79.2,1,33.3,0,0,1,100,0,0,0,0,0,0,0,0,0,0,50,-3.05,-0.209,66.7,33.3,0,0,1.3,1.7,1.3,1.68,-0.38,0.43,0.56,1.7
2026,270,Tre Harris,LAC,WR,1,10,1.3888888888888888,6.25,100,1,100,1,100,3,1,-3,-3,0,3,100,3,3,1,100,6,6,3,3,0,0,0,0,0,0,0,0,79.2,1,100,1,100,1,100,0,0,0,0,0,0,0,0,0,0,100,-1.94,-0.441,0,100,0,0,1.3,1.6,1.3,1.63,-0.33,1.3,1.63,1.6
2026,271,Kevin Coleman,MIA,WR,2,11,89.79591836734694,83.33333333333334,65.7,44,57.9,5,8.3,0.07,0.11,9.8,49,11.5,3,0.6,0.6,3,1,20,-1,-1,-1,-1,0,0.01,0,0,0,0,0,0,39.6,4,9.8,0,0,2,40,0,0,0,0,2,0,0,0,0,0,13.2,-7.65,-1.205,63.6,36.4,0,0,1.3,2.5,0.65,1.27,-0.62,0.03,0.06,2.5
2026,272,Mike Evans,SF,WR,1,22,3.7735849056603774,6.25,25,2,33.3,1,16.7,1,0.5,8,8,18.6,2,3.2,2,2,1,100,0,0,0,0,1,0.54,33.3,1,1,1,1,0.5,118.8,1,16.7,0,0,1,100,0,0,0,0,1,1,100,0,0,0,50,-5.51,2.025,100,0,0,0,7.2,3.9,7.2,3.89,3.31,3.6,1.95,3.9
2026,273,Amon-Ra St. Brown,DET,WR,1,12,18.34862385321101,9.090909090909092,95.2,20,90.9,3,14.3,0.1,0.15,9.67,29,18,2,1.6,0.67,2,1,33.3,0,0,0,0,1,0.37,100,1,1,1,1,0.05,81.9,3,27.3,0,0,1,33.3,0,0,0,0,1,1,100,0,0,0,16.7,-7.35,0.014,75,15,0,10,7.2,2.7,7.2,2.67,4.53,0.36,0.13,2.7
2026,274,Ryan Flournoy,DAL,WR,2,12,7.4074074074074066,11.11111111111111,36.4,6,35.3,2,14.3,0.33,0.33,4.5,9,23.1,2,5.7,1,2,1,50,2,2,0,0,0,0,0,1,1,0,0,0,56.3,1,11.1,0,0,1,50,0,0,0,0,0,0,0,0,0,0,40,-5.75,-0.404,100,0,0,0,1.2,1.6,0.6,0.79,-0.19,0.2,0.26,1.6
2026,275,Jauan Jennings,MIN,WR,2,11,90.69767441860465,100,67.5,39,88.6,3,8.1,0.03,0.08,15.33,46,15.8,1,0.5,0.33,1,1,33.3,-1,-1,0,0,0,0,0,0,0,0,0,0,2.8,3,12.5,0,0,1,33.3,1,0,0,0,0,0,0,0,0,0,9.1,-9.41,-2.205,25.6,74.4,0,0,1.1,1.6,0.55,0.81,-0.26,0.03,0.04,1.6
2026,276,Jaylen Waddle,DEN,WR,2,12,14.666666666666666,20,62.9,11,61.1,4,22.2,0.09,0.36,15.5,62,68.1,1,1.7,0.25,1,1,25,3,3,1,1,0,0.03,0,0,0,0,0,0,39.6,3,27.3,0,0,1,25,1,0,0,0,0,0,0,0,0,0,33.3,-9,-0.667,72.7,27.3,0,0,1.1,1.7,0.55,0.87,-0.32,0.1,0.16,1.7
2026,277,Devaughn Vele,NO,WR,1,13,3.787878787878788,4.545454545454546,72.7,5,83.3,1,16.7,0.2,0.2,7,7,18.9,1,7.1,1,1,1,100,0,0,0,0,1,0.88,50,1,1,1,1,0.2,118.8,1,20,0,0,1,100,0,0,0,0,0,0,0,1,0,0,20,-6.06,0.533,100,0,0,0,7.1,6.3,7.1,6.33,0.77,1.42,1.27,6.3
2026,278,Jahdae Walker,CHI,WR,1,12,35,100,23.5,7,21.9,1,3.8,0.14,0.14,2,2,1.3,1,0.7,1,1,1,100,0,0,0,0,1,0.96,100,1,1,1,1,0.143,118.8,1,7.7,0,0,1,100,0,0,0,0,0,0,0,0,0,0,25,-4.33,1.376,42.9,57.1,0,0,7.1,6.8,7.1,6.8,0.3,1.01,0.97,6.8
2026,279,Efton Chism,NE,WR,1,11,71.42857142857143,66.66666666666666,7.8,5,10.4,2,5.1,0.2,0.4,5.5,11,2.8,1,0.3,0.5,1,1,50,1,1,3,3,0,0.02,0,1,1,0,0,0,16.7,2,8,0,0,1,50,0,0,0,0,0,0,0,0,0,0,50,-6.68,-2.345,80,20,0,0,1.1,1.7,1.1,1.69,-0.59,0.22,0.34,1.7
2026,280,Jalen Royals,KC,WR,1,13,50,33.33333333333333,40,3,37.5,1,12.5,0.33,0.33,9,9,11.3,1,1.3,1,1,1,100,0,0,0,0,1,0.87,100,1,1,1,1,0.333,118.8,1,12.5,0,0,1,100,0,0,0,0,0,0,0,0,0,0,33.3,-6.45,2.112,66.7,0,33.3,0,7.1,6.3,7.1,6.3,0.8,2.37,2.1,6.3
2026,281,Zavion Thomas,CHI,WR,1,11,100,100,2,1,4.5,1,4.8,1,1,-4,-4,-3,1,0.6,1,1,1,100,5,5,1,1,0,0.01,0,0,0,0,0,0,79.2,1,5.3,1,100,1,100,0,0,0,0,0,0,0,0,0,0,100,-3.49,-0.755,0,100,0,0,1.1,1.5,1.1,1.55,-0.45,1.1,1.55,1.5
2026,282,Odell Beckham,NYG,WR,3,11,63.63636363636363,0,12.7,7,12.3,0,0,0,0,,0,0,0,0,,,0,,0,,0,,0,0,0,0,0,0,0,0,,0,0,0,,0,,0,,0,,0,0,,0,0,,0,,,71.4,28.6,0,0,0,0,0,0,0,0,0,0
2026,283,Odell Beckham,NYG,WR,2,12,18.181818181818183,0,9.5,2,11.8,0,0,0,0,,0,0,0,0,,,0,,0,,0,,0,0,0,0,0,0,0,0,,0,0,0,,0,,0,,0,,0,0,,0,0,,0,,,100,0,0,0,0,0,0,0,0,0,0,0
2026,284,Odell Beckham,NYG,WR,1,22,18.181818181818183,100,11.4,2,20,1,12.5,0,0.5,18,18,29,0,0,0,0,0,0,0,0,0,0,0,0,0,0,0,0,0,0,39.6,1,16.7,0,0,0,0,0,0,0,0,0,0,0,0,0,0,100,-10.9,-0.767,100,0,0,0,0,0,0,0.01,-0.01,0,0,0
2026,285,Davante Adams,LA,WR,1,12,4.25531914893617,3.4482758620689653,100,4,100,1,25,0,0.25,20,20,30.3,0,0,0,0,0,0,0,0,0,0,0,0,0,1,1,0,0,0,0,1,33.3,0,0,0,0,1,0,0,0,0,0,0,0,0,0,25,-10.87,-2.124,0,100,0,0,0,0,0,0.02,-0.02,0,0,0
2026,286,Mike Evans,SF,WR,2,02,3.7735849056603774,0,100,2,100,0,0,0,0,,0,0,0,0,,,0,,0,,0,,0,0,0,0,0,0,0,0,,0,0,0,,0,,0,,0,,0,0,,0,0,,0,,,50,50,0,0,0,0,0,0,0,0,0,0
2026,287,Stefon Diggs,WAS,WR,1,01,1.3513513513513513,0,100,1,50,0,0,0,0,,0,0,0,0,,,0,,0,,0,,0,0,0,0,0,0,0,0,,0,0,0,,0,,0,,0,,0,0,,0,0,,0,,,0,100,0,0,0,0,0,0,0,0,0,0
2026,288,Stefon Diggs,WAS,WR,3,10,6.756756756756757,0,100,5,100,0,0,0,0,,0,0,0,0,,,0,,0,,0,,0,0,0,0,0,0,0,0,,0,0,0,,0,,0,,0,,0,0,,0,0,,0,,,60,40,0,0,0,0,0,0,0,0,0,0
2026,289,Stefon Diggs,WAS,WR,1,12,8.108108108108109,4.545454545454546,31.6,6,42.9,1,8.3,0,0.17,6,6,5,0,0,0,0,0,0,0,0,0,0,0,0,0,0,0,0,0,0,39.6,1,11.1,0,0,0,0,0,0,0,0,0,0,0,0,0,0,20,-6.95,-0.366,66.7,33.3,0,0,0,0,0,0,0,0,0,0
2026,290,Kalif Raymond,CHI,WR,1,13,2.666666666666667,0,11.1,2,12.5,0,0,0,0,,0,0,0,0,,,0,,0,,0,,0,0,0,0,0,0,0,0,,0,0,0,,0,,0,,0,,0,0,,0,0,,0,,,50,50,0,0,0,0,0,0,0,0,0,0
2026,291,Kalif Raymond,CHI,WR,1,21,1.3333333333333335,0,100,1,100,0,0,0,0,,0,0,0,0,,,0,,0,,0,,0,0,0,0,0,0,0,0,,0,0,0,,0,,0,,0,,0,0,,0,0,,0,,,0,100,0,0,0,0,0,0,0,0,0,0
2026,292,Demarcus Robinson,SF,WR,1,22,3.8461538461538463,16.666666666666664,16.7,1,25,1,25,0,1,4,4,19,0,0,0,0,0,0,0,0,0,0,0,0.63,0,1,1,0,0,0,39.6,1,25,0,0,1,100,0,0,0,0,1,0,0,0,0,0,100,-6.05,-2.13,100,0,0,0,0,4.5,0,4.54,-4.54,0,4.54,4.5
2026,293,Laquon Treadwell,IND,WR,2,12,18.0327868852459,0,68.5,11,45.8,0,0,0,0,,0,0,0,0,,,0,,0,,0,,0,0,0,0,0,0,0,0,,0,0,0,,0,,0,,0,,0,0,,0,0,,0,,,90.9,9.1,0,0,0,0,0,0,0,0,0,0
2026,294,Mack Hollins,NE,WR,1,22,1.5384615384615385,0,33.3,1,100,0,0,0,0,,0,0,0,0,,,0,,0,,0,,0,0,0,0,0,0,0,0,,0,0,0,,0,,0,,0,,0,0,,0,0,,0,,,100,0,0,0,0,0,0,0,0,0,0,0
2026,295,David Moore,CAR,WR,1,11,66.66666666666666,50,2.3,2,5.1,1,2.8,0,0.5,18,18,6.3,0,0,0,0,0,0,0,0,0,0,0,0,0,0,0,0,0,0,39.6,1,5.6,0,0,0,0,0,0,0,0,0,0,0,0,0,0,50,-10.9,-0.169,100,0,0,0,0,0,0,0.01,-0.01,0,0.01,0
2026,296,David Moore,CAR,WR,1,12,33.33333333333333,50,2,1,10,1,10,0,1,0,0,0,0,0,0,0,0,0,0,0,0,0,0,0,0,0,0,0,0,0,39.6,0,0,0,0,0,0,0,0,0,0,0,0,0,0,0,0,100,0,-0.581,100,0,0,0,0,0,0,0,0,0,0,0
2026,297,David Njoku,LAC,WR,1,22,8.333333333333332,0,44.4,2,66.7,0,0,0,0,,0,0,0,0,,,0,,0,,0,,0,0,0,0,0,0,0,0,,0,0,0,,0,,0,,0,,0,0,,0,0,,0,,,50,0,50,0,0,0,0,0,0,0,0,0
2026,298,Chris Godwin,TB,WR,1,10,3.0927835051546393,0,100,3,100,0,0,0,0,,0,0,0,0,,,0,,0,,0,,0,0,0,0,0,0,0,0,,0,0,0,,0,,0,,0,,0,0,,0,0,,0,,,0,100,0,0,0,0,0,0,0,0,0,0
2026,299,Marquez Valdes-Scantling,LAC,WR,1,11,100,100,1.3,1,4.8,1,5.3,0,1,23,23,13.8,0,0,0,0,0,0,0,0,0,0,0,0,0,0,1,0,0,0,0,1,10,0,0,0,0,1,0,0,0,0,0,0,0,0,0,100,-10.22,-5.82,0,100,0,0,0,0,0,0.02,-0.02,0,0.02,0
2026,300,Courtland Sutton,DEN,WR,1,10,2.5316455696202533,0,100,2,100,0,0,0,0,,0,0,0,0,,,0,,0,,0,,0,0,0,0,0,0,0,0,,0,0,0,,0,,0,,0,,0,0,,0,0,,0,,,50,50,0,0,0,0,0,0,0,0,0,0
2026,301,Courtland Sutton,DEN,WR,3,12,12.658227848101266,0,80,10,55.6,0,0,0,0,,0,0,0,0,,,0,,0,,0,,0,0,0,0,0,0,0,0,,0,0,0,,0,,0,,0,,0,0,,0,0,,0,,,90,10,0,0,0,0,0,0,0,0,0,0
2026,302,Courtland Sutton,DEN,WR,1,13,1.2658227848101267,0,18.8,1,33.3,0,0,0,0,,0,0,0,0,,,0,,0,,0,,0,0,0,0,0,0,0,0,,0,0,0,,0,,0,,0,,0,0,,0,0,,0,,,100,0,0,0,0,0,0,0,0,0,0,0
2026,303,Courtland Sutton,DEN,WR,1,21,2.5316455696202533,6.666666666666667,50,2,100,1,50,0,0.5,11,11,84.6,0,0,0,0,0,0,0,0,0,0,0,0,0,1,1,0,0,0,39.6,1,100,0,0,0,0,0,0,0,0,0,0,0,0,0,0,50,-8.32,-0.57,100,0,0,0,0,0,0,0,0,0,0,0
2026,304,Courtland Sutton,DEN,WR,1,22,1.2658227848101267,0,40,1,50,0,0,0,0,,0,0,0,0,,,0,,0,,0,,0,0,0,0,0,0,0,0,,0,0,0,,0,,0,,0,,0,0,,0,0,,0,,,100,0,0,0,0,0,0,0,0,0,0,0
2026,305,Braxton Berrios,NYG,WR,3,11,83.33333333333334,0,19,10,17.5,0,0,0,0,,0,0,0,0,,,0,,0,,0,,0,0,0,0,0,0,0,0,,0,0,0,,0,,0,,0,,0,0,,0,0,,0,,,40,60,0,0,0,0,0,0,0,0,0,0
2026,306,Braxton Berrios,NYG,WR,1,12,8.333333333333332,0,4.8,1,5.9,0,0,0,0,,0,0,0,0,,,0,,0,,0,,0,0,0,0,0,0,0,0,,0,0,0,,0,,0,,0,,0,0,,0,0,,0,,,100,0,0,0,0,0,0,0,0,0,0,0
2026,307,Braxton Berrios,NYG,WR,1,13,8.333333333333332,0,25,1,50,0,0,0,0,,0,0,0,0,,,0,,0,,0,,0,0,0,0,0,0,0,0,,0,0,0,,0,,0,,0,,0,0,,0,0,,0,,,0,100,0,0,0,0,0,0,0,0,0,0
2026,308,DJ Moore,BUF,WR,1,02,7.142857142857142,5.88235294117647,100,4,100,1,25,0,0.25,18,18,58.1,0,0,0,0,0,0,0,0,0,0,0,0,0,1,1,0,0,0,39.6,0,0,0,0,0,0,0,0,0,0,0,0,0,0,0,0,25,-10.9,-0.862,25,75,0,0,0,0,0,0,0,0,0,0
2026,309,DJ Moore,BUF,WR,1,04,1.7857142857142856,0,100,1,100,0,0,0,0,,0,0,0,0,,,0,,0,,0,,0,0,0,0,0,0,0,0,,0,0,0,,0,,0,,0,,0,0,,0,0,,0,,,100,0,0,0,0,0,0,0,0,0,0,0
2026,310,DJ Moore,BUF,WR,1,13,7.142857142857142,5.88235294117647,21.7,4,18.2,1,5.6,0,0.25,48,48,19,0,0,0,0,0,0,0,0,0,0,0,0.04,0,0,0,0,0,0,0,1,12.5,0,0,1,100,1,0,0,0,1,0,0,0,0,0,25,-15,-1.216,100,0,0,0,0,2.6,0,2.61,-2.61,0,0.65,2.6
2026,311,DJ Moore,BUF,WR,1,21,1.7857142857142856,0,100,1,100,0,0,0,0,,0,0,0,0,,,0,,0,,0,,0,0,0,0,0,0,0,0,,0,0,0,,0,,0,,0,,0,0,,0,0,,0,,,100,0,0,0,0,0,0,0,0,0,0,0
2026,312,Calvin Ridley,TEN,WR,2,10,13.636363636363635,0,100,6,100,0,0,0,0,,0,0,0,0,,,0,,0,,0,,0,0,0,0,0,0,0,0,,0,0,0,,0,,0,,0,,0,0,,0,0,,0,,,66.7,33.3,0,0,0,0,0,0,0,0,0,0
2026,313,Calvin Ridley,TEN,WR,3,12,9.090909090909092,0,53.3,4,50,0,0,0,0,,0,0,0,0,,,0,,0,,0,,0,0,0,0,0,0,0,0,,0,0,0,,0,,0,,0,,0,0,,0,0,,0,,,75,25,0,0,0,0,0,0,0,0,0,0
2026,314,KhaDarel Hodge,SF,WR,2,11,30,0,22.6,6,15.4,0,0,0,0,,0,0,0,0,,,0,,0,,0,,0,0,0,0,0,0,0,0,,0,0,0,,0,,0,,0,,0,0,,0,0,,0,,,66.7,33.3,0,0,0,0,0,0,0,0,0,0
2026,315,KhaDarel Hodge,SF,WR,2,21,40,0,30,8,26.7,0,0,0,0,,0,0,0,0,,,0,,0,,0,,0,0,0,0,0,0,0,0,,0,0,0,,0,,0,,0,,0,0,,0,0,,0,,,87.5,12.5,0,0,0,0,0,0,0,0,0,0
2026,316,KhaDarel Hodge,SF,WR,1,22,10,0,25,2,33.3,0,0,0,0,,0,0,0,0,,,0,,0,,0,,0,0,0,0,0,0,0,0,,0,0,0,,0,,0,,0,,0,0,,0,0,,0,,,100,0,0,0,0,0,0,0,0,0,0,0
2026,317,Jakobi Meyers,JAX,WR,1,01,1.4285714285714286,0,100,1,100,0,0,0,0,,0,0,0,0,,,0,,0,,0,,0,0,0,0,0,0,0,0,,0,0,0,,0,,0,,0,,0,0,,0,0,,0,,,0,100,0,0,0,0,0,0,0,0,0,0
2026,318,Ashton Dulin,IND,WR,1,11,66.66666666666666,100,7.3,4,13.8,1,3.7,0,0.25,0,0,0,0,0,0,0,0,0,0,0,0,0,0,0,0,0,0,0,0,0,39.6,1,5.3,1,100,0,0,0,0,0,0,0,0,0,0,0,0,33.3,-6.04,-0.613,100,0,0,0,0,0,0,0.02,-0.02,0,0,0
2026,319,Ashton Dulin,IND,WR,1,13,33.33333333333333,0,8.7,2,100,0,0,0,0,,0,0,0,0,,,0,,0,,0,,0,0,0,0,0,0,0,0,,0,0,0,,0,,0,,0,,0,0,,0,0,,0,,,100,0,0,0,0,0,0,0,0,0,0,0
2026,320,Lil'Jordan Humphrey,DEN,WR,1,11,50,0,3.1,1,4.8,0,0,0,0,,0,0,0,0,,,0,,0,,0,,0,0,0,0,0,0,0,0,,0,0,0,,0,,0,,0,,0,0,,0,0,,0,,,100,0,0,0,0,0,0,0,0,0,0,0
2026,321,Lil'Jordan Humphrey,DEN,WR,1,12,50,100,2.9,1,12.5,1,12.5,0,1,14,14,25.5,0,0,0,0,0,0,0,0,0,0,0,0.03,0,0,0,0,0,0,39.6,1,20,0,0,1,100,0,0,0,0,1,0,0,0,0,0,100,-9.81,-0.362,100,0,0,0,0,1.5,0,1.46,-1.46,0,1.46,1.5
2026,322,Greg Dortch,BUF,WR,1,11,100,0,2.6,1,2.9,0,0,0,0,,0,0,0,0,,,0,,0,,0,,0,0,0,0,0,0,0,0,,0,0,0,,0,,0,,0,,0,0,,0,0,,0,,,100,0,0,0,0,0,0,0,0,0,0,0
2026,323,DK Metcalf,PIT,WR,3,13,3.3333333333333335,0,100,4,100,0,0,0,0,,0,0,0,0,,,0,,0,,0,,0,0,0,0,0,0,0,0,,0,0,0,,0,,0,,0,,0,0,,0,0,,0,,,75,25,0,0,0,0,0,0,0,0,0,0
2026,324,DK Metcalf,PIT,WR,1,21,0.8333333333333334,0,71.4,1,100,0,0,0,0,,0,0,0,0,,,0,,0,,0,,0,0,0,0,0,0,0,0,,0,0,0,,0,,0,,0,,0,0,,0,0,,0,,,100,0,0,0,0,0,0,0,0,0,0,0
2026,325,Terry McLaurin,WAS,WR,1,12,12.871287128712872,4.545454545454546,84.2,13,92.9,1,8.3,0,0.08,3,3,2.5,0,0,0,0,0,0,0,0,0,0,0,0,0,0,0,0,0,0,39.6,1,11.1,0,0,1,100,0,0,1,100,0,0,0,0,0,0,10,-5.45,-0.904,76.9,23.1,0,0,0,1.7,0,1.69,-1.69,0,0.13,1.7
2026,326,Terry McLaurin,WAS,WR,2,13,5.9405940594059405,0,65.2,6,100,0,0,0,0,,0,0,0,0,,,0,,0,,0,,0,0,0,0,0,0,0,0,,0,0,0,,0,,0,,0,,0,0,,0,0,,0,,,83.3,16.7,0,0,0,0,0,0,0,0,0,0
2026,327,Marquise Brown,PHI,WR,1,11,100,0,9.1,6,15.4,0,0,0,0,,0,0,0,0,,,0,,0,,0,,0,0,0,0,0,0,0,0,,0,0,0,,0,,0,,0,,0,0,,0,0,,0,,,0,100,0,0,0,0,0,0,0,0,0,0
2026,328,Deebo Samuel,SF,WR,1,02,3.571428571428571,9.090909090909092,100,2,100,1,50,0,0.5,-4,-4,-18.2,0,0,0,0,0,0,0,0,0,0,0,0.02,0,0,0,0,0,0,39.6,0,0,0,0,1,100,0,0,1,100,0,0,0,0,0,0,50,-4.49,-0.57,50,0,0,50,0,1.6,0,1.56,-1.56,0,0.78,1.6
2026,329,Cody White,LV,WR,1,21,35.294117647058826,16.666666666666664,22.7,6,28.6,1,5.3,0,0.17,4,4,2.3,0,0,0,0,0,0,0,0,0,0,0,0.01,0,0,0,0,0,0,39.6,0,0,0,0,1,100,0,0,0,0,1,0,0,0,0,0,33.3,-6.05,-0.75,66.7,33.3,0,0,0,0.9,0,0.86,-0.86,0,0.14,0.9
2026,330,Cody White,LV,WR,1,22,5.88235294117647,0,6.1,1,11.1,0,0,0,0,,0,0,0,0,,,0,,0,,0,,0,0,0,0,0,0,0,0,,0,0,0,,0,,0,,0,,0,0,,0,0,,0,,,100,0,0,0,0,0,0,0,0,0,0,0
2026,331,Michael Pittman,PIT,WR,1,21,1.6129032258064515,0,57.1,1,100,0,0,0,0,,0,0,0,0,,,0,,0,,0,,0,0,0,0,0,0,0,0,,0,0,0,,0,,0,,0,,0,0,,0,0,,0,,,100,0,0,0,0,0,0,0,0,0,0,0
2026,332,Jauan Jennings,MIN,WR,1,12,6.976744186046512,0,27.8,3,30,0,0,0,0,,0,0,0,0,,,0,,0,,0,,0,0,0,0,0,0,0,0,,0,0,0,,0,,0,,0,,0,0,,0,0,,0,,,100,0,0,0,0,0,0,0,0,0,0,0
2026,333,Jauan Jennings,MIN,WR,1,21,2.3255813953488373,0,10,1,20,0,0,0,0,,0,0,0,0,,,0,,0,,0,,0,0,0,0,0,0,0,0,,0,0,0,,0,,0,,0,,0,0,,0,0,,0,,,100,0,0,0,0,0,0,0,0,0,0,0
2026,334,Darnell Mooney,NYG,WR,1,21,1.4084507042253522,0,20.8,1,20,0,0,0,0,,0,0,0,0,,,0,,0,,0,,0,0,0,0,0,0,0,0,,0,0,0,,0,,0,,0,,0,0,,0,0,,0,,,100,0,0,0,0,0,0,0,0,0,0,0
2026,335,Darnell Mooney,NYG,WR,1,22,1.4084507042253522,0,2.3,1,10,0,0,0,0,,0,0,0,0,,,0,,0,,0,,0,0,0,0,0,0,0,0,,0,0,0,,0,,0,,0,,0,0,,0,0,,0,,,100,0,0,0,0,0,0,0,0,0,0,0
2026,336,CeeDee Lamb,DAL,WR,2,01,2.127659574468085,0,100,2,100,0,0,0,0,,0,0,0,0,,,0,,0,,0,,0,0,0,0,0,0,0,0,,0,0,0,,0,,0,,0,,0,0,,0,0,,0,,,0,100,0,0,0,0,0,0,0,0,0,0
2026,337,CeeDee Lamb,DAL,WR,2,12,10.638297872340425,8,69.7,10,58.8,2,14.3,0,0.2,14,28,71.8,0,0,0,0,0,0,0,0,0,0,0,0,0,0,0,0,0,0,39.6,2,22.2,0,0,1,50,0,0,0,0,1,0,0,0,0,0,28.6,-9.57,-0.673,90,10,0,0,0,1.2,0,0.61,-0.61,0,0.12,1.2
2026,338,Jerry Jeudy,CLV,WR,1,12,15.789473684210526,20,54.8,12,63.2,1,5.6,0,0.08,14,14,20.3,0,0,0,0,0,0,0,0,0,0,0,0,0,0,0,0,0,0,0,1,10,0,0,0,0,0,0,0,0,0,0,0,0,0,0,8.3,-9.81,-6.362,75,25,0,0,0,0,0,0.01,-0.01,0,0,0
2026,339,Jerry Jeudy,CLV,WR,3,21,3.9473684210526314,0,35.7,3,50,0,0,0,0,,0,0,0,0,,,0,,0,,0,,0,0,0,0,0,0,0,0,,0,0,0,,0,,0,,0,,0,0,,0,0,,0,,,66.7,33.3,0,0,0,0,0,0,0,0,0,0
2026,340,Tee Higgins,CIN,WR,1,10,2.1505376344086025,0,100,2,100,0,0,0,0,,0,0,0,0,,,0,,0,,0,,0,0,0,0,0,0,0,0,,0,0,0,,0,,0,,0,,0,0,,0,0,,0,,,50,50,0,0,0,0,0,0,0,0,0,0
2026,341,Tee Higgins,CIN,WR,2,21,3.225806451612903,8.695652173913043,71.4,3,75,2,66.7,0,0.67,9,18,128.6,0,0,0,0,0,0,0,0,0,0,0,0,0,1,0,0,0,0,39.6,2,66.7,0,0,0,0,0,0,0,0,1,0,0,0,0,0,66.7,-7.45,-0.664,66.7,33.3,0,0,0,0,0,0,0,0,0,0
2026,342,Chris Blair,ATL,WR,1,02,4.761904761904762,0,33.3,1,33.3,0,0,0,0,,0,0,0,0,,,0,,0,,0,,0,0,0,0,0,0,0,0,,0,0,0,,0,,0,,0,,0,0,,0,0,,0,,,100,0,0,0,0,0,0,0,0,0,0,0
2026,343,Chris Blair,ATL,WR,2,12,23.809523809523807,0,20,5,23.8,0,0,0,0,,0,0,0,0,,,0,,0,,0,,0,0,0,0,0,0,0,0,,0,0,0,,0,,0,,0,,0,0,,0,0,,0,,,100,0,0,0,0,0,0,0,0,0,0,0
2026,344,Nico Collins,HST,WR,1,12,14.285714285714285,10,27.3,5,83.3,1,16.7,0,0.2,15,15,46.9,0,0,0,0,0,0,0,0,0,0,0,0,0,0,0,0,0,0,39.6,1,20,0,0,0,0,0,0,0,0,0,0,0,0,0,0,25,-10.41,-0.566,80,20,0,0,0,0,0,0,0,0,0,0
2026,345,Nico Collins,HST,WR,1,13,2.857142857142857,0,21.4,1,50,0,0,0,0,,0,0,0,0,,,0,,0,,0,,0,0,0,0,0,0,0,0,,0,0,0,,0,,0,,0,,0,0,,0,0,,0,,,100,0,0,0,0,0,0,0,0,0,0,0
2026,346,Jaylen Waddle,DEN,WR,1,10,2.666666666666667,5,100,2,100,1,50,0,0.5,4,4,0,0,0,0,0,0,0,0,0,0,0,0,0.01,0,0,0,0,0,0,39.6,1,100,0,0,1,100,0,0,1,100,0,0,0,0,0,0,50,-6.05,-1.77,50,50,0,0,0,1.7,0,1.74,-1.74,0,0.87,1.7
2026,347,Jaylen Waddle,DEN,WR,2,21,2.666666666666667,0,66.7,2,100,0,0,0,0,,0,0,0,0,,,0,,0,,0,,0,0,0,0,0,0,0,0,,0,0,0,,0,,0,,0,,0,0,,0,0,,0,,,100,0,0,0,0,0,0,0,0,0,0,0
2026,348,Jaylen Waddle,DEN,WR,1,22,1.3333333333333335,5,20,1,50,1,50,0,1,6,6,26.1,0,0,0,0,0,0,0,0,0,0,0,0,0,0,0,0,0,0,39.6,0,0,0,0,0,0,0,0,0,0,0,0,0,0,0,0,100,-6.95,-1.495,0,100,0,0,0,0,0,0.03,-0.03,0,0.03,0
2026,349,Dyami Brown,WAS,WR,3,10,9.25925925925926,0,100,5,100,0,0,0,0,,0,0,0,0,,,0,,0,,0,,0,0,0,0,0,0,0,0,,0,0,0,,0,,0,,0,,0,0,,0,0,,0,,,60,40,0,0,0,0,0,0,0,0,0,0
2026,350,Dyami Brown,WAS,WR,2,12,11.11111111111111,22.22222222222222,39.5,6,42.9,2,16.7,0,0.33,15,30,24.8,0,0,0,0,0,0,0,0,0,0,0,0.01,0,1,1,0,0,0,39.6,2,22.2,0,0,1,50,1,0,0,0,0,0,0,0,0,0,40,-9.35,-0.931,83.3,16.7,0,0,0,3.4,0,1.69,-1.69,0,0.56,3.4
2026,351,Tylan Wallace,CLV,WR,3,11,83.33333333333334,0,32.1,10,13.3,0,0,0,0,,0,0,0,0,,,0,,0,,0,,0,0,0,0,0,0,0,0,,0,0,0,,0,,0,,0,,0,0,,0,0,,0,,,40,60,0,0,0,0,0,0,0,0,0,0
2026,352,Tylan Wallace,CLV,WR,1,12,16.666666666666664,0,9.7,2,10.5,0,0,0,0,,0,0,0,0,,,0,,0,,0,,0,0,0,0,0,0,0,0,,0,0,0,,0,,0,,0,,0,0,,0,0,,0,,,50,0,50,0,0,0,0,0,0,0,0,0
2026,353,Tutu Atwell,LA,WR,1,11,77.77777777777779,0,7.3,7,31.8,0,0,0,0,,0,0,0,0,,,0,,0,,0,,0,0,0,0,0,0,0,0,,0,0,0,,0,,0,,0,,0,0,,0,0,,0,,,28.6,71.4,0,0,0,0,0,0,0,0,0,0
2026,354,Ja'Marr Chase,CIN,WR,1,10,1.8181818181818181,0,100,2,100,0,0,0,0,,0,0,0,0,,,0,,0,,0,,0,0,0,0,0,0,0,0,,0,0,0,,0,,0,,0,,0,0,,0,0,,0,,,100,0,0,0,0,0,0,0,0,0,0,0
2026,355,Amon-Ra St. Brown,DET,WR,2,21,2.7522935779816518,0,100,3,100,0,0,0,0,,0,0,0,0,,,0,,0,,0,,0,0,0,0,0,0,0,0,,0,0,0,,0,,0,,0,,0,0,,0,0,,0,,,66.7,33.3,0,0,0,0,0,0,0,0,0,0
2026,356,Elijah Moore,PHI,WR,1,11,100,0,5.3,3,10.7,0,0,0,0,,0,0,0,0,,,0,,0,,0,,0,0,0,0,0,0,0,0,,0,0,0,,0,,0,,0,,0,0,,0,0,,0,,,33.3,66.7,0,0,0,0,0,0,0,0,0,0
2026,357,Josh Palmer,BUF,WR,1,02,2.631578947368421,0,25,1,25,0,0,0,0,,0,0,0,0,,,0,,0,,0,,0,0,0,0,0,0,0,0,,0,0,0,,0,,0,,0,,0,0,,0,0,,0,,,100,0,0,0,0,0,0,0,0,0,0,0
2026,358,Josh Palmer,BUF,WR,3,12,21.052631578947366,0,34.2,8,44.4,0,0,0,0,,0,0,0,0,,,0,,0,,0,,0,0,0,0,0,0,0,0,,0,0,0,,0,,0,,0,,0,0,,0,0,,0,,,87.5,0,12.5,0,0,0,0,0,0,0,0,0
2026,359,Josh Palmer,BUF,WR,1,13,7.894736842105263,20,10,3,13.6,1,5.6,0,0.33,32,32,12.6,0,0,0,0,0,0,0,0,0,0,0,0,0,0,0,0,0,0,39.6,0,0,0,0,0,0,1,0,0,0,0,0,0,0,0,0,33.3,-9.97,-0.468,100,0,0,0,0,0,0,0.01,-0.01,0,0,0
2026,360,Dareke Young,LV,WR,2,12,57.14285714285714,0,17.9,4,10.3,0,0,0,0,,0,0,0,0,,,0,,0,,0,,0,0,0,0,0,0,0,0,,0,0,0,,0,,0,,0,,0,0,,0,0,,0,,,100,0,0,0,0,0,0,0,0,0,0,0
2026,361,Kevin Austin,NO,WR,1,12,12.5,0,2.7,1,4,0,0,0,0,,0,0,0,0,,,0,,0,,0,,0,0,0,0,0,0,0,0,,0,0,0,,0,,0,,0,,0,0,,0,0,,0,,,100,0,0,0,0,0,0,0,0,0,0,0
2026,362,Drake London,ATL,WR,2,02,4.545454545454546,0,100,3,100,0,0,0,0,,0,0,0,0,,,0,,0,,0,,0,0,0,0,0,0,0,0,,0,0,0,,0,,0,,0,,0,0,,0,0,,0,,,33.3,66.7,0,0,0,0,0,0,0,0,0,0
2026,363,Chris Olave,NO,WR,1,13,0.8,0,18.2,1,16.7,0,0,0,0,,0,0,0,0,,,0,,0,,0,,0,0,0,0,0,0,0,0,,0,0,0,,0,,0,,0,,0,0,,0,0,,0,,,100,0,0,0,0,0,0,0,0,0,0,0
2026,364,Chris Olave,NO,WR,2,21,2.4,0,85.7,3,75,0,0,0,0,,0,0,0,0,,,0,,0,,0,,0,0,0,0,0,0,0,0,,0,0,0,,0,,0,,0,,0,0,,0,0,,0,,,100,0,0,0,0,0,0,0,0,0,0,0
2026,365,Jameson Williams,DET,WR,2,21,2.8301886792452833,0,100,3,100,0,0,0,0,,0,0,0,0,,,0,,0,,0,,0,0,0,0,0,0,0,0,,0,0,0,,0,,0,,0,,0,0,,0,0,,0,,,100,0,0,0,0,0,0,0,0,0,0,0
2026,366,George Pickens,DAL,WR,2,01,2.1052631578947367,0,100,2,100,0,0,0,0,,0,0,0,0,,,0,,0,,0,,0,0,0,0,0,0,0,0,,0,0,0,,0,,0,,0,,0,0,,0,0,,0,,,100,0,0,0,0,0,0,0,0,0,0,0
2026,367,George Pickens,DAL,WR,1,13,3.1578947368421053,4,83.3,3,75,1,25,0,0.33,9,9,36,0,0,0,0,0,0,0,0,0,0,0,0.57,0,1,1,0,0,0,39.6,1,33.3,0,0,1,100,0,0,0,0,1,0,0,0,0,0,50,-7.45,-0.558,100,0,0,0,0,4.1,0,4.05,-4.05,0,1.35,4.1
2026,368,Kaden Davis,CHI,WR,1,11,100,0,6,1,5,0,0,0,0,,0,0,0,0,,,0,,0,,0,,0,0,0,0,0,0,0,0,,0,0,0,,0,,0,,0,,0,0,,0,0,,0,,,0,100,0,0,0,0,0,0,0,0,0,0
2026,369,Rashid Shaheed,SEA,WR,1,13,1.6129032258064515,0,25,1,25,0,0,0,0,,0,0,0,0,,,0,,0,,0,,0,0,0,0,0,0,0,0,,0,0,0,,0,,0,,0,,0,0,,0,0,,0,,,100,0,0,0,0,0,0,0,0,0,0,0
2026,370,Rashid Shaheed,SEA,WR,2,21,6.451612903225806,0,32.6,4,30.8,0,0,0,0,,0,0,0,0,,,0,,0,,0,,0,0,0,0,0,0,0,0,,0,0,0,,0,,0,,0,,0,0,,0,0,,0,,,75,25,0,0,0,0,0,0,0,0,0,0
2026,371,Jalen Tolbert,MIA,WR,1,11,66.66666666666666,0,3.8,2,6.9,0,0,0,0,,0,0,0,0,,,0,,0,,0,,0,0,0,0,0,0,0,0,,0,0,0,,0,,0,,0,,0,0,,0,0,,0,,,100,0,0,0,0,0,0,0,0,0,0,0
2026,372,Jalen Tolbert,MIA,WR,1,21,33.33333333333333,0,6.7,1,12.5,0,0,0,0,,0,0,0,0,,,0,,0,,0,,0,0,0,0,0,0,0,0,,0,0,0,,0,,0,,0,,0,0,,0,0,,0,,,100,0,0,0,0,0,0,0,0,0,0,0
2026,373,Garrett Wilson,NYJ,WR,1,13,0.9900990099009901,0,27.8,1,16.7,0,0,0,0,,0,0,0,0,,,0,,0,,0,,0,0,0,0,0,0,0,0,,0,0,0,,0,,0,,0,,0,0,,0,0,,0,,,0,100,0,0,0,0,0,0,0,0,0,0
2026,374,Jahan Dotson,ATL,WR,2,02,4.918032786885246,0,100,3,100,0,0,0,0,,0,0,0,0,,,0,,0,,0,,0,0,0,0,0,0,0,0,,0,0,0,,0,,0,,0,,0,0,,0,0,,0,,,66.7,33.3,0,0,0,0,0,0,0,0,0,0
2026,375,Treylon Burks,WAS,WR,1,12,7.4074074074074066,33.33333333333333,21.1,2,20,1,12.5,0,0.5,53,53,48.2,0,0,0,0,0,0,0,0,0,0,0,0,0,0,0,0,0,0,39.6,1,16.7,0,0,0,0,1,0,0,0,0,0,0,0,0,0,100,-15,-0.646,100,0,0,0,0,-0.7,0,-0.67,0.67,0,-0.33,-0.7
2026,376,KaVontae Turpin,DAL,WR,1,11,84.61538461538461,33.33333333333333,15.8,11,12.8,1,1.3,0,0.09,12,12,2,0,0,0,0,0,0,0,0,0,0,0,0,0,0,0,0,0,0,39.6,1,1.9,0,0,0,0,0,0,0,0,0,0,0,0,0,0,10,-9.05,-1.308,36.4,63.6,0,0,0,0,0,0,0,0,0,0
2026,377,Romeo Doubs,NE,WR,1,12,10.81081081081081,9.090909090909092,51.4,8,50,1,7.1,0,0.13,33,33,30.8,0,0,0,0,0,0,0,0,0,0,0,0.07,0,0,0,0,0,0,0,1,12.5,0,0,1,100,1,0,0,0,1,0,0,0,0,0,12.5,-12.47,-3.892,75,25,0,0,0,2.8,0,2.81,-2.81,0,0.35,2.8
2026,378,Romeo Doubs,NE,WR,2,21,5.405405405405405,0,56.5,4,50,0,0,0,0,,0,0,0,0,,,0,,0,,0,,0,0,0,0,0,0,0,0,,0,0,0,,0,,0,,0,,0,0,,0,0,,0,,,100,0,0,0,0,0,0,0,0,0,0,0
2026,379,Tyquan Thornton,KC,WR,3,12,8.955223880597014,0,13.8,6,20.7,0,0,0,0,,0,0,0,0,,,0,,0,,0,,0,0,0,0,0,0,0,0,,0,0,0,,0,,0,,0,,0,0,,0,0,,0,,,66.7,33.3,0,0,0,0,0,0,0,0,0,0
2026,380,Tyquan Thornton,KC,WR,1,13,2.9850746268656714,0,33.3,2,25,0,0,0,0,,0,0,0,0,,,0,,0,,0,,0,0,0,0,0,0,0,0,,0,0,0,,0,,0,,0,,0,0,,0,0,,0,,,100,0,0,0,0,0,0,0,0,0,0,0
2026,381,Xavier Smith,LA,WR,3,11,98.11320754716981,0,69.1,52,59.8,0,0,0,0,,0,0,0,0,,,0,,0,,0,,0,0,0,0,0,0,0,0,,0,0,0,,0,,0,,0,,0,0,,0,0,,0,,,38.5,61.5,0,0,0,0,0,0,0,0,0,0
2026,382,Xavier Smith,LA,WR,1,13,1.8867924528301887,100,1.2,1,3.2,1,3.4,0,1,0,0,0,0,0,0,0,0,0,0,0,0,0,0,0.16,0,1,0,0,0,0,39.6,1,5,0,0,1,100,0,0,1,100,0,0,0,0,0,0,100,-6.04,-0.781,100,0,0,0,0,2.3,0,2.33,-2.33,0,2.33,2.3
2026,383,Jaxon Smith-Njigba,SEA,WR,1,13,2.272727272727273,0,50,2,50,0,0,0,0,,0,0,0,0,,,0,,0,,0,,0,0,0,0,0,0,0,0,,0,0,0,,0,,0,,0,,0,0,,0,0,,0,,,50,50,0,0,0,0,0,0,0,0,0,0
2026,384,Quentin Johnston,LAC,WR,1,20,2.4691358024691357,0,100,2,100,0,0,0,0,,0,0,0,0,,,0,,0,,0,,0,0,0,0,0,0,0,0,,0,0,0,,0,,0,,0,,0,0,,0,0,,0,,,100,0,0,0,0,0,0,0,0,0,0,0
2026,385,Quentin Johnston,LAC,WR,1,22,1.2345679012345678,0,22.2,1,25,0,0,0,0,,0,0,0,0,,,0,,0,,0,,0,0,0,0,0,0,0,0,,0,0,0,,0,,0,,0,,0,0,,0,0,,0,,,100,0,0,0,0,0,0,0,0,0,0,0
2026,386,Quentin Johnston,LAC,WR,1,31,1.2345679012345678,0,100,1,100,0,0,0,0,,0,0,0,0,,,0,,0,,0,,0,0,0,0,0,0,0,0,,0,0,0,,0,,0,,0,,0,0,,0,0,,0,,,100,0,0,0,0,0,0,0,0,0,0,0
2026,387,Michael Wilson,ARZ,WR,3,12,7.627118644067797,0,79.2,9,100,0,0,0,0,,0,0,0,0,,,0,,0,,0,,0,0,0,0,0,0,0,0,,0,0,0,,0,,0,,0,,0,0,,0,0,,0,,,66.7,33.3,0,0,0,0,0,0,0,0,0,0
2026,388,Michael Wilson,ARZ,WR,2,21,4.23728813559322,0,100,5,100,0,0,0,0,,0,0,0,0,,,0,,0,,0,,0,0,0,0,0,0,0,0,,0,0,0,,0,,0,,0,,0,0,,0,0,,0,,,60,40,0,0,0,0,0,0,0,0,0,0
2026,389,Tre Tucker,LV,WR,3,22,9.333333333333334,0,30.3,7,77.8,0,0,0,0,,0,0,0,0,,,0,,0,,0,,0,0,0,0,0,0,0,0,,0,0,0,,0,,0,,0,,0,0,,0,0,,0,,,100,0,0,0,0,0,0,0,0,0,0,0
2026,390,Derius Davis,LAC,WR,1,10,7.6923076923076925,0,100,1,100,0,0,0,0,,0,0,0,0,,,0,,0,,0,,0,0,0,0,0,0,0,0,,0,0,0,,0,,0,,0,,0,0,,0,0,,0,,,0,100,0,0,0,0,0,0,0,0,0,0
2026,391,Derius Davis,LAC,WR,2,11,92.3076923076923,100,18.4,12,21.1,2,4.1,0,0.17,35.5,71,13.1,0,0,0,0,0,0,0,0,0,0,0,0.14,0,0,0,0,0,0,0,2,6.5,0,0,2,100,1,0,0,0,2,0,0,0,0,0,22.2,-13.47,-2.848,8.3,91.7,0,0,0,5.2,0,2.61,-2.61,0,0.43,5.2
2026,392,Parker Washington,JAX,WR,2,13,2.941176470588235,0,21.7,2,33.3,0,0,0,0,,0,0,0,0,,,0,,0,,0,,0,0,0,0,0,0,0,0,,0,0,0,,0,,0,,0,,0,0,,0,0,,0,,,100,0,0,0,0,0,0,0,0,0,0,0
2026,393,Kayshon Boutte,HST,WR,1,01,1.0309278350515463,0,100,1,100,0,0,0,0,,0,0,0,0,,,0,,0,,0,,0,0,0,0,0,0,0,0,,0,0,0,,0,,0,,0,,0,0,,0,0,,0,,,100,0,0,0,0,0,0,0,0,0,0,0
2026,394,Xavier Hutchinson,HST,WR,1,01,1.0416666666666665,0,100,1,100,0,0,0,0,,0,0,0,0,,,0,,0,,0,,0,0,0,0,0,0,0,0,,0,0,0,,0,,0,,0,,0,0,,0,0,,0,,,0,100,0,0,0,0,0,0,0,0,0,0
2026,395,Xavier Hutchinson,HST,WR,1,10,2.083333333333333,0,100,2,100,0,0,0,0,,0,0,0,0,,,0,,0,,0,,0,0,0,0,0,0,0,0,,0,0,0,,0,,0,,0,,0,0,,0,0,,0,,,100,0,0,0,0,0,0,0,0,0,0,0
2026,396,Andrei Iosivas,CIN,WR,2,12,11.363636363636363,0,17.6,5,27.8,0,0,0,0,,0,0,0,0,,,0,,0,,0,,0,0,0,0,0,0,0,0,,0,0,0,,0,,0,,0,,0,0,,0,0,,0,,,60,40,0,0,0,0,0,0,0,0,0,0
2026,397,Jalen Brooks,ARZ,WR,2,11,66.66666666666666,0,1.6,2,2.1,0,0,0,0,,0,0,0,0,,,0,,0,,0,,0,0,0,0,0,0,0,0,,0,0,0,,0,,0,,0,,0,0,,0,0,,0,,,50,50,0,0,0,0,0,0,0,0,0,0
2026,398,Jalen Brooks,ARZ,WR,1,13,33.33333333333333,100,6.7,1,7.1,1,7.7,0,1,12,12,17.4,0,0,0,0,0,0,0,0,0,0,0,0,0,0,0,0,0,0,39.6,1,10,0,0,0,0,0,0,0,0,0,0,0,0,0,0,100,-9.05,-0.537,100,0,0,0,0,0,0,0,0,0,0,0
2026,399,Jared Wayne,HST,WR,1,01,1.7857142857142856,0,100,1,100,0,0,0,0,,0,0,0,0,,,0,,0,,0,,0,0,0,0,0,0,0,0,,0,0,0,,0,,0,,0,,0,0,,0,0,,0,,,100,0,0,0,0,0,0,0,0,0,0,0
2026,400,Jared Wayne,HST,WR,1,10,1.7857142857142856,0,50,1,50,0,0,0,0,,0,0,0,0,,,0,,0,,0,,0,0,0,0,0,0,0,0,,0,0,0,,0,,0,,0,,0,0,,0,0,,0,,,100,0,0,0,0,0,0,0,0,0,0,0
2026,401,Jared Wayne,HST,WR,1,12,19.642857142857142,16.666666666666664,72.7,11,68.8,2,13.3,0,0.18,17.5,35,31,0,0,0,0,0,0,0,0,0,0,0,0,0,0,0,0,0,0,39.6,2,20,0,0,1,50,1,0,1,50,1,0,0,0,0,0,20,-10.03,-0.687,100,0,0,0,0,1.7,0,1.68,-1.68,0,0.15,1.7
2026,402,Brycen Tremayne,CAR,WR,1,12,15.217391304347828,0,25.5,7,25.9,0,0,0,0,,0,0,0,0,,,0,,0,,0,,0,0,0,0,0,0,0,0,,0,0,0,,0,,0,,0,,0,0,,0,0,,0,,,85.7,14.3,0,0,0,0,0,0,0,0,0,0
2026,403,Brycen Tremayne,CAR,WR,2,13,6.521739130434782,0,58.3,3,50,0,0,0,0,,0,0,0,0,,,0,,0,,0,,0,0,0,0,0,0,0,0,,0,0,0,,0,,0,,0,,0,0,,0,0,,0,,,100,0,0,0,0,0,0,0,0,0,0,0
2026,404,Marvin Mims,DEN,WR,1,10,16.666666666666664,0,33.3,1,50,0,0,0,0,,0,0,0,0,,,0,,0,,0,,0,0,0,0,0,0,0,0,,0,0,0,,0,,0,,0,,0,0,,0,0,,0,,,0,100,0,0,0,0,0,0,0,0,0,0
2026,405,Marvin Mims,DEN,WR,1,11,83.33333333333334,0,5.2,5,20.8,0,0,0,0,,0,0,0,0,,,0,,0,,0,,0,0,0,0,0,0,0,0,,0,0,0,,0,,0,,0,,0,0,,0,0,,0,,,80,20,0,0,0,0,0,0,0,0,0,0
2026,406,Jordan Addison,MIN,WR,3,21,10.256410256410255,0,86.7,8,100,0,0,0,0,,0,0,0,0,,,0,,0,,0,,0,0,0,0,0,0,0,0,,0,0,0,,0,,0,,0,,0,0,,0,0,,0,,,87.5,12.5,0,0,0,0,0,0,0,0,0,0
2026,407,Jordan Addison,MIN,WR,1,22,3.8461538461538463,6.25,33.3,3,50,1,20,0,0.33,24,24,45.3,0,0,0,0,0,0,0,0,0,0,0,0,0,0,0,0,0,0,39.6,1,20,0,0,0,0,1,0,0,0,0,0,0,0,0,0,50,-11.75,-0.738,66.7,33.3,0,0,0,0,0,0,0,0,0,0
2026,408,Jonathan Mingo,DAL,WR,1,12,7.142857142857142,0,15.2,1,5.9,0,0,0,0,,0,0,0,0,,,0,,0,,0,,0,0,0,0,0,0,0,0,,0,0,0,,0,,0,,0,,0,0,,0,0,,0,,,100,0,0,0,0,0,0,0,0,0,0,0
2026,409,Zay Flowers,BLT,WR,1,13,4,0,2.4,1,11.1,0,0,0,0,,0,0,0,0,,,0,,0,,0,,0,0,0,0,0,0,0,0,,0,0,0,,0,,0,,0,,0,0,,0,0,,0,,,100,0,0,0,0,0,0,0,0,0,0,0
2026,410,Puka Nacua,LA,WR,1,12,10,22.22222222222222,60,2,66.7,2,66.7,0,1,22,44,95.7,0,0,0,0,0,0,0,0,0,0,0,0,0,0,0,0,0,0,39.6,1,50,0,0,0,0,1,0,0,0,0,0,0,0,0,0,100,-10.52,-0.605,50,50,0,0,0,-0.1,0,-0.08,0.08,0,-0.04,-0.1
2026,411,Jayden Reed,GB,WR,1,12,9.67741935483871,12.5,10,3,15,1,5.9,0,0.33,12,12,10.6,0,0,0,0,0,0,0,0,0,0,0,0,0,0,0,0,0,0,39.6,1,7.7,0,0,0,0,0,0,0,0,0,0,0,0,0,0,50,-9.05,-0.826,33.3,66.7,0,0,0,0,0,-0.01,0.01,0,0,0
2026,412,Malik Nabers,NYG,WR,1,21,4.225352112676056,5.263157894736842,83.3,3,60,1,25,0,0.33,14,14,73.7,0,0,0,0,0,0,0,0,0,0,0,0,0,0,0,0,0,0,39.6,0,0,0,0,0,0,0,0,0,0,0,0,0,0,0,0,25,-9.81,-0.567,100,0,0,0,0,0,0,-0.02,0.02,0,-0.01,0
2026,413,Xavier Legette,CAR,WR,1,13,4,0,25,2,50,0,0,0,0,,0,0,0,0,,,0,,0,,0,,0,0,0,0,0,0,0,0,,0,0,0,,0,,0,,0,,0,0,,0,0,,0,,,100,0,0,0,0,0,0,0,0,0,0,0
2026,414,Jacob Cowing,SF,WR,1,11,82.6086956521739,50,50.9,19,48.7,1,2.7,0,0.05,0,0,0,0,0,0,0,0,0,0,0,0,0,0,0,0,0,0,0,0,0,39.6,0,0,0,0,0,0,0,0,0,0,0,0,0,0,0,0,5.9,0,0.066,78.9,21.1,0,0,0,0,0,0,0,0,0,0
2026,415,Jacob Cowing,SF,WR,2,12,13.043478260869565,0,33.3,3,25,0,0,0,0,,0,0,0,0,,,0,,0,,0,,0,0,0,0,0,0,0,0,,0,0,0,,0,,0,,0,,0,0,,0,0,,0,,,66.7,33.3,0,0,0,0,0,0,0,0,0,0
2026,416,Jacob Cowing,SF,WR,1,21,4.3478260869565215,50,8.6,1,3.3,1,3.7,0,1,15,15,9.3,0,0,0,0,0,0,0,0,0,0,0,0,0,0,0,0,0,0,39.6,0,0,0,0,1,100,0,0,0,0,1,0,0,0,0,0,50,-10.41,-0.755,100,0,0,0,0,1.3,0,1.34,-1.34,0,1.34,1.3
2026,417,Ryan Flournoy,DAL,WR,2,01,2.4691358024691357,0,100,2,100,0,0,0,0,,0,0,0,0,,,0,,0,,0,,0,0,0,0,0,0,0,0,,0,0,0,,0,,0,,0,,0,0,,0,0,,0,,,50,50,0,0,0,0,0,0,0,0,0,0
2026,418,Ryan Flournoy,DAL,WR,1,13,1.2345679012345678,0,16.7,1,25,0,0,0,0,,0,0,0,0,,,0,,0,,0,,0,0,0,0,0,0,0,0,,0,0,0,,0,,0,,0,,0,0,,0,0,,0,,,0,100,0,0,0,0,0,0,0,0,0,0
2026,419,Ryan Flournoy,DAL,WR,2,21,2.4691358024691357,0,33.3,2,33.3,0,0,0,0,,0,0,0,0,,,0,,0,,0,,0,0,0,0,0,0,0,0,,0,0,0,,0,,0,,0,,0,0,,0,0,,0,,,100,0,0,0,0,0,0,0,0,0,0,0
2026,420,Ryan Flournoy,DAL,WR,1,22,1.2345679012345678,0,50,1,50,0,0,0,0,,0,0,0,0,,,0,,0,,0,,0,0,0,0,0,0,0,0,,0,0,0,,0,,0,,0,,0,0,,0,0,,0,,,100,0,0,0,0,0,0,0,0,0,0,0
2026,421,Devaughn Vele,NO,WR,2,21,1.5151515151515151,0,85.7,2,50,0,0,0,0,,0,0,0,0,,,0,,0,,0,,0,0,0,0,0,0,0,0,,0,0,0,,0,,0,,0,,0,0,,0,0,,0,,,0,100,0,0,0,0,0,0,0,0,0,0
2026,422,Devaughn Vele,NO,WR,2,22,1.5151515151515151,0,81.8,2,100,0,0,0,0,,0,0,0,0,,,0,,0,,0,,0,0,0,0,0,0,0,0,,0,0,0,,0,,0,,0,,0,0,,0,0,,0,,,100,0,0,0,0,0,0,0,0,0,0,0
2026,423,Isaiah Williams,NYJ,WR,1,02,2.0408163265306123,11.11111111111111,100,2,100,1,50,0,0.5,7,7,63.6,0,0,0,0,0,0,0,0,0,0,0,0,0,0,0,0,0,0,39.6,1,50,0,0,0,0,0,0,0,0,0,0,0,0,0,0,50,-7.06,-0.076,0,100,0,0,0,0,0,0.01,-0.01,0,0.01,0
2026,424,Isaiah Williams,NYJ,WR,2,12,11.224489795918368,0,45.5,11,52.4,0,0,0,0,,0,0,0,0,,,0,,0,,0,,0,0,0,0,0,0,0,0,,0,0,0,,0,,0,,0,,0,0,,0,0,,0,,,72.7,27.3,0,0,0,0,0,0,0,0,0,0
2026,425,Isaiah Williams,NYJ,WR,1,22,2.0408163265306123,0,80,2,100,0,0,0,0,,0,0,0,0,,,0,,0,,0,,0,0,0,0,0,0,0,0,,0,0,0,,0,,0,,0,,0,0,,0,0,,0,,,100,0,0,0,0,0,0,0,0,0,0,0
2026,426,Kameron Johnson,TB,WR,1,10,50,0,33.3,1,33.3,0,0,0,0,,0,0,0,0,,,0,,0,,0,,0,0,0,0,0,0,0,0,,0,0,0,,0,,0,,0,,0,0,,0,0,,0,,,100,0,0,0,0,0,0,0,0,0,0,0
2026,427,Kameron Johnson,TB,WR,1,11,50,0,3.4,1,1.9,0,0,0,0,,0,0,0,0,,,0,,0,,0,,0,0,0,0,0,0,0,0,,0,0,0,,0,,0,,0,,0,0,,0,0,,0,,,0,100,0,0,0,0,0,0,0,0,0,0
2026,428,Roman Wilson,PIT,WR,3,12,8.433734939759036,0,25.6,7,28,0,0,0,0,,0,0,0,0,,,0,,0,,0,,0,0,0,0,0,0,0,0,,0,0,0,,0,,0,,0,,0,0,,0,0,,0,,,85.7,14.3,0,0,0,0,0,0,0,0,0,0
2026,429,Jordan Whittington,LA,WR,1,12,3.7037037037037033,0,20,1,25,0,0,0,0,,0,0,0,0,,,0,,0,,0,,0,0,0,0,0,0,0,0,,0,0,0,,0,,0,,0,,0,0,,0,0,,0,,,100,0,0,0,0,0,0,0,0,0,0,0
2026,430,Jordan Whittington,LA,WR,1,13,11.11111111111111,0,6,3,15,0,0,0,0,,0,0,0,0,,,0,,0,,0,,0,0,0,0,0,0,0,0,,0,0,0,,0,,0,,0,,0,0,,0,0,,0,,,100,0,0,0,0,0,0,0,0,0,0,0
2026,431,Devontez Walker,BLT,WR,1,11,66.66666666666666,33.33333333333333,23.8,14,40,1,3.6,0,0.07,52,52,19.5,0,0,0,0,0,0,0,0,0,0,0,0.01,0,0,0,0,0,0,39.6,0,0,0,0,1,100,1,0,0,0,1,0,0,0,0,0,9.1,-15,-1.103,92.9,7.1,0,0,0,3.5,0,3.54,-3.54,0,0.25,3.5
2026,432,Devontez Walker,BLT,WR,1,12,28.57142857142857,33.33333333333333,24.1,6,40,1,7.1,0,0.17,14,14,11.5,0,0,0,0,0,0,0,0,0,0,0,0,0,0,0,0,0,0,39.6,0,0,0,0,0,0,0,0,0,0,0,0,0,0,0,0,20,-9.81,-0.216,50,50,0,0,0,0,0,0,0,0,0,0
2026,433,Marvin Harrison,ARZ,WR,3,12,7.6190476190476195,0,66.7,8,88.9,0,0,0,0,,0,0,0,0,,,0,,0,,0,,0,0,0,0,0,0,0,0,,0,0,0,,0,,0,,0,,0,0,,0,0,,0,,,87.5,12.5,0,0,0,0,0,0,0,0,0,0
2026,434,Marvin Harrison,ARZ,WR,1,13,2.857142857142857,12.5,24.4,3,21.4,1,7.7,0,0.33,10,10,14.5,0,0,0,0,0,0,0,0,0,0,0,0.01,0,0,0,0,0,0,39.6,1,10,0,0,1,100,0,0,1,100,0,0,0,0,0,0,50,-7.5,-0.89,100,0,0,0,0,2.3,0,2.26,-2.26,0,0.75,2.3
2026,435,Marvin Harrison,ARZ,WR,2,21,4.761904761904762,0,100,5,100,0,0,0,0,,0,0,0,0,,,0,,0,,0,,0,0,0,0,0,0,0,0,,0,0,0,,0,,0,,0,,0,0,,0,0,,0,,,80,20,0,0,0,0,0,0,0,0,0,0
2026,436,Jalen McMillan,TB,WR,1,11,33.33333333333333,0,0.8,1,1.7,0,0,0,0,,0,0,0,0,,,0,,0,,0,,0,0,0,0,0,0,0,0,,0,0,0,,0,,0,,0,,0,0,,0,0,,0,,,0,100,0,0,0,0,0,0,0,0,0,0
2026,437,Jalen McMillan,TB,WR,1,12,33.33333333333333,100,5.1,1,5,1,5.9,0,1,16,16,16.5,0,0,0,0,0,0,0,0,0,0,0,0,0,0,0,0,0,0,39.6,1,11.1,0,0,1,100,0,0,0,0,1,0,0,0,0,0,100,-10.1,-1.635,0,100,0,0,0,1.5,0,1.45,-1.45,0,1.45,1.5
2026,438,Jalen McMillan,TB,WR,1,21,33.33333333333333,0,38.5,1,33.3,0,0,0,0,,0,0,0,0,,,0,,0,,0,,0,0,0,0,0,0,0,0,,0,0,0,,0,,0,,0,,0,0,,0,0,,0,,,100,0,0,0,0,0,0,0,0,0,0,0
2026,439,Troy Franklin,DEN,WR,1,10,4.545454545454546,0,66.7,1,50,0,0,0,0,,0,0,0,0,,,0,,0,,0,,0,0,0,0,0,0,0,0,,0,0,0,,0,,0,,0,,0,0,,0,0,,0,,,100,0,0,0,0,0,0,0,0,0,0,0
2026,440,Troy Franklin,DEN,WR,1,12,13.636363636363635,25,11.4,3,16.7,1,5.6,0,0.33,11,11,12.1,0,0,0,0,0,0,0,0,0,0,0,0,0,1,1,0,0,0,39.6,1,9.1,0,0,0,0,0,0,0,0,0,0,0,0,0,0,33.3,-8.32,-0.512,33.3,66.7,0,0,0,0,0,0.01,-0.01,0,0,0
2026,441,Troy Franklin,DEN,WR,2,13,9.090909090909092,0,50,2,66.7,0,0,0,0,,0,0,0,0,,,0,,0,,0,,0,0,0,0,0,0,0,0,,0,0,0,,0,,0,,0,,0,0,,0,0,,0,,,100,0,0,0,0,0,0,0,0,0,0,0
2026,442,Malik Washington,MIA,WR,2,12,3.260869565217391,0,81.8,3,60,0,0,0,0,,0,0,0,0,,,0,,0,,0,,0,0,0,0,0,0,0,0,,0,0,0,,0,,0,,0,,0,0,,0,0,,0,,,33.3,66.7,0,0,0,0,0,0,0,0,0,0
2026,443,Malik Washington,MIA,WR,1,22,2.1739130434782608,0,57.1,2,100,0,0,0,0,,0,0,0,0,,,0,,0,,0,,0,0,0,0,0,0,0,0,,0,0,0,,0,,0,,0,,0,0,,0,0,,0,,,100,0,0,0,0,0,0,0,0,0,0,0
2026,444,Adonai Mitchell,NYJ,WR,1,02,1.7543859649122806,0,50,1,100,0,0,0,0,,0,0,0,0,,,0,,0,,0,,0,0,0,0,0,0,0,0,,0,0,0,,0,,0,,0,,0,0,,0,0,,0,,,100,0,0,0,0,0,0,0,0,0,0,0
2026,445,Adonai Mitchell,NYJ,WR,2,12,15.789473684210526,0,52.3,9,90,0,0,0,0,,0,0,0,0,,,0,,0,,0,,0,0,0,0,0,0,0,0,,0,0,0,,0,,0,,0,,0,0,,0,0,,0,,,77.8,22.2,0,0,0,0,0,0,0,0,0,0
2026,446,Brian Thomas,JAX,WR,1,12,4.166666666666666,0,3.7,2,11.1,0,0,0,0,,0,0,0,0,,,0,,0,,0,,0,0,0,0,0,0,0,0,,0,0,0,,0,,0,,0,,0,0,,0,0,,0,,,100,0,0,0,0,0,0,0,0,0,0,0
2026,447,Keon Coleman,BUF,WR,1,21,1.7241379310344827,0,100,1,100,0,0,0,0,,0,0,0,0,,,0,,0,,0,,0,0,0,0,0,0,0,0,,0,0,0,,0,,0,,0,,0,0,,0,0,,0,,,100,0,0,0,0,0,0,0,0,0,0,0
2026,448,Ladd McConkey,LAC,WR,1,20,2.857142857142857,6.666666666666667,100,2,100,1,100,0,0.5,18,18,100,0,0,0,0,0,0,0,0,0,0,0,0,0,1,1,0,0,0,39.6,0,0,0,0,0,0,0,0,0,0,0,0,0,0,0,0,100,-10.9,-0.735,0,100,0,0,0,0,0,0.01,-0.01,0,0,0
2026,449,Ladd McConkey,LAC,WR,1,22,1.4285714285714286,0,11.1,1,25,0,0,0,0,,0,0,0,0,,,0,,0,,0,,0,0,0,0,0,0,0,0,,0,0,0,,0,,0,,0,,0,0,,0,0,,0,,,100,0,0,0,0,0,0,0,0,0,0,0
2026,450,Rome Odunze,CHI,WR,1,02,1.2345679012345678,0,100,1,100,0,0,0,0,,0,0,0,0,,,0,,0,,0,,0,0,0,0,0,0,0,0,,0,0,0,,0,,0,,0,,0,0,,0,0,,0,,,0,100,0,0,0,0,0,0,0,0,0,0
2026,451,Rome Odunze,CHI,WR,1,13,4.938271604938271,7.6923076923076925,33.3,4,25,1,7.7,0,0.25,11,11,15.9,0,0,0,0,0,0,0,0,0,0,0,0.98,0,1,1,0,0,0,39.6,0,0,0,0,1,100,0,0,1,100,0,0,0,0,0,0,33.3,-8.32,-1.806,75,25,0,0,0,7,0,7.04,-7.04,0,1.76,7
2026,452,LaJohntay Wester,BLT,WR,3,12,11.428571428571429,0,13,4,19,0,0,0,0,,0,0,0,0,,,0,,0,,0,,0,0,0,0,0,0,0,0,,0,0,0,,0,,0,,0,,0,0,,0,0,,0,,,100,0,0,0,0,0,0,0,0,0,0,0
2026,453,Tetairoa McMillan,CAR,WR,1,13,0.8264462809917356,0,16.7,1,16.7,0,0,0,0,,0,0,0,0,,,0,,0,,0,,0,0,0,0,0,0,0,0,,0,0,0,,0,,0,,0,,0,0,,0,0,,0,,,100,0,0,0,0,0,0,0,0,0,0,0
2026,454,Emeka Egbuka,TB,WR,1,10,3.1578947368421053,5,100,3,100,1,50,0,0.33,6,6,100,0,0,0,0,0,0,0,0,0,0,0,0,0,0,0,0,0,0,39.6,1,100,0,0,0,0,0,0,0,0,0,0,0,0,0,0,100,-6.95,-1.409,33.3,66.7,0,0,0,0,0,0.02,-0.02,0,0.01,0
2026,455,Kyle Williams,NE,WR,1,12,16.129032258064516,20,31.4,5,31.3,1,7.1,0,0.2,15,15,14,0,0,0,0,0,0,0,0,0,0,0,0,0,0,0,0,0,0,39.6,1,12.5,0,0,1,100,0,0,0,0,1,0,0,0,0,0,33.3,-10.41,-0.817,80,20,0,0,0,1.4,0,1.36,-1.36,0,0.27,1.4
2026,456,Kyle Williams,NE,WR,2,21,9.67741935483871,0,17.4,3,37.5,0,0,0,0,,0,0,0,0,,,0,,0,,0,,0,0,0,0,0,0,0,0,,0,0,0,,0,,0,,0,,0,0,,0,0,,0,,,100,0,0,0,0,0,0,0,0,0,0,0
2026,457,Pat Bryant,DEN,WR,1,10,3.076923076923077,0,100,2,100,0,0,0,0,,0,0,0,0,,,0,,0,,0,,0,0,0,0,0,0,0,0,,0,0,0,,0,,0,,0,,0,0,,0,0,,0,,,50,50,0,0,0,0,0,0,0,0,0,0
2026,458,Pat Bryant,DEN,WR,1,12,9.230769230769232,11.11111111111111,42.9,6,33.3,1,5.6,0,0.17,-3,-3,-3.3,0,0,0,0,0,0,0,0,0,0,0,0,0,0,0,0,0,0,39.6,1,9.1,1,100,1,100,0,0,1,100,0,0,0,0,0,0,20,-4.94,-0.716,83.3,16.7,0,0,0,1.6,0,1.57,-1.57,0,0.26,1.6
2026,459,Jaylin Noel,HST,WR,1,01,1.5625,0,100,1,100,0,0,0,0,,0,0,0,0,,,0,,0,,0,,0,0,0,0,0,0,0,0,,0,0,0,,0,,0,,0,,0,0,,0,0,,0,,,0,100,0,0,0,0,0,0,0,0,0,0
2026,460,Jaylin Noel,HST,WR,1,10,1.5625,0,50,1,50,0,0,0,0,,0,0,0,0,,,0,,0,,0,,0,0,0,0,0,0,0,0,,0,0,0,,0,,0,,0,,0,0,,0,0,,0,,,0,100,0,0,0,0,0,0,0,0,0,0
2026,461,Tai Felton,MIN,WR,1,11,95,100,32.5,19,43.2,2,5.4,0,0.11,8,8,2.7,0,0,0,0,0,0,0,0,0,0,0,0,0,0,0,0,0,0,39.6,1,4.2,0,0,1,50,0,0,0,0,1,0,0,0,0,0,12.5,-3.76,-0.819,73.7,26.3,0,0,0,1,0,1,-1,0,0.05,1
2026,462,Tai Felton,MIN,WR,1,12,5,0,8.3,1,10,0,0,0,0,,0,0,0,0,,,0,,0,,0,,0,0,0,0,0,0,0,0,,0,0,0,,0,,0,,0,,0,0,,0,0,,0,,,100,0,0,0,0,0,0,0,0,0,0,0
2026,463,Jaylin Lane,WAS,WR,1,01,7.142857142857142,0,100,1,50,0,0,0,0,,0,0,0,0,,,0,,0,,0,,0,0,0,0,0,0,0,0,,0,0,0,,0,,0,,0,,0,0,,0,0,,0,,,100,0,0,0,0,0,0,0,0,0,0,0
2026,464,Elic Ayomanor,TEN,WR,1,10,10.344827586206897,11.11111111111111,100,6,100,1,16.7,0,0.17,18,18,52.9,0,0,0,0,0,0,0,0,0,0,0,0.01,0,0,0,0,0,0,39.6,1,33.3,0,0,1,100,0,0,0,0,1,0,0,0,0,0,20,-10.9,-1.716,66.7,33.3,0,0,0,1.6,0,1.59,-1.59,0,0.26,1.6
2026,465,Elic Ayomanor,TEN,WR,1,12,8.620689655172415,11.11111111111111,63.3,5,62.5,1,14.3,0,0.2,11,11,34.4,0,0,0,0,0,0,0,0,0,0,0,0,0,1,1,0,0,0,39.6,1,33.3,0,0,0,0,0,0,0,0,0,0,0,0,0,0,20,-8.32,-0.978,100,0,0,0,0,0,0,0.01,-0.01,0,0,0
2026,466,Elic Ayomanor,TEN,WR,1,13,1.7241379310344827,0,100,1,100,0,0,0,0,,0,0,0,0,,,0,,0,,0,,0,0,0,0,0,0,0,0,,0,0,0,,0,,0,,0,,0,0,,0,0,,0,,,100,0,0,0,0,0,0,0,0,0,0,0
2026,467,Jordan Watkins,SF,WR,1,02,12.5,0,50,1,100,0,0,0,0,,0,0,0,0,,,0,,0,,0,,0,0,0,0,0,0,0,0,,0,0,0,,0,,0,,0,,0,0,,0,0,,0,,,100,0,0,0,0,0,0,0,0,0,0,0
2026,468,Jordan Watkins,SF,WR,1,21,25,0,4.3,2,20,0,0,0,0,,0,0,0,0,,,0,,0,,0,,0,0,0,0,0,0,0,0,,0,0,0,,0,,0,,0,,0,0,,0,0,,0,,,100,0,0,0,0,0,0,0,0,0,0,0
2026,469,Jimmy Horn,CAR,WR,1,11,100,100,9.8,7,21.2,1,3.6,0,0.14,4,4,1.6,0,0,0,0,0,0,0,0,0,0,0,0,0,0,0,0,0,0,39.6,1,7.1,0,0,0,0,0,0,0,0,0,0,0,0,0,0,20,-6.05,-0.381,0,100,0,0,0,0,0,0.01,-0.01,0,0,0
2026,470,Tez Johnson,TB,WR,1,10,6.25,0,66.7,2,66.7,0,0,0,0,,0,0,0,0,,,0,,0,,0,,0,0,0,0,0,0,0,0,,0,0,0,,0,,0,,0,,0,0,,0,0,,0,,,100,0,0,0,0,0,0,0,0,0,0,0
2026,471,Tez Johnson,TB,WR,1,12,15.625,0,25.6,5,23.8,0,0,0,0,,0,0,0,0,,,0,,0,,0,,0,0,0,0,0,0,0,0,,0,0,0,,0,,0,,0,,0,0,,0,0,,0,,,80,20,0,0,0,0,0,0,0,0,0,0
2026,472,Tez Johnson,TB,WR,1,21,6.25,0,30.8,2,33.3,0,0,0,0,,0,0,0,0,,,0,,0,,0,,0,0,0,0,0,0,0,0,,0,0,0,,0,,0,,0,,0,0,,0,0,,0,,,50,50,0,0,0,0,0,0,0,0,0,0
2026,473,Jahdae Walker,CHI,WR,1,02,5,0,100,1,100,0,0,0,0,,0,0,0,0,,,0,,0,,0,,0,0,0,0,0,0,0,0,,0,0,0,,0,,0,,0,,0,0,,0,0,,0,,,100,0,0,0,0,0,0,0,0,0,0,0
2026,474,Jahdae Walker,CHI,WR,3,11,30,0,14,6,9.2,0,0,0,0,,0,0,0,0,,,0,,0,,0,,0,0,0,0,0,0,0,0,,0,0,0,,0,,0,,0,,0,0,,0,0,,0,,,66.7,33.3,0,0,0,0,0,0,0,0,0,0
2026,475,Jahdae Walker,CHI,WR,2,13,30,0,33.3,6,37.5,0,0,0,0,,0,0,0,0,,,0,,0,,0,,0,0,0,0,0,0,0,0,,0,0,0,,0,,0,,0,,0,0,,0,0,,0,,,50,50,0,0,0,0,0,0,0,0,0,0
2026,476,Myles Price,MIN,WR,1,11,100,100,36.1,19,30.2,1,1.9,0,0.05,2,2,0.5,0,0,0,0,0,0,0,0,0,0,0,0,0,0,0,0,0,0,39.6,0,0,0,0,1,100,0,0,0,0,0,0,0,0,0,0,5.9,-5.33,-0.208,36.8,63.2,0,0,0,1.7,0,1.66,-1.66,0,0.09,1.7
2026,477,Efton Chism,NE,WR,1,21,14.285714285714285,0,4.3,1,12.5,0,0,0,0,,0,0,0,0,,,0,,0,,0,,0,0,0,0,0,0,0,0,,0,0,0,,0,,0,,0,,0,0,,0,0,,0,,,0,100,0,0,0,0,0,0,0,0,0,0
2026,478,Arian Smith,NYJ,WR,1,11,100,100,2.6,2,3.8,1,2.1,0,0.5,4,4,1.1,0,0,0,0,0,0,0,0,0,0,0,0,0,0,0,0,0,0,39.6,1,3.6,0,0,1,100,0,0,1,100,0,0,0,0,0,0,50,-6.05,-0.598,50,50,0,0,0,1.7,0,1.74,-1.74,0,0.87,1.7
2026,479,Konata Mumpfield,LA,WR,1,12,1.3888888888888888,0,20,1,25,0,0,0,0,,0,0,0,0,,,0,,0,,0,,0,0,0,0,0,0,0,0,,0,0,0,,0,,0,,0,,0,0,,0,0,,0,,,100,0,0,0,0,0,0,0,0,0,0,0
2026,480,Konata Mumpfield,LA,WR,2,13,4.166666666666666,0,31,3,9.7,0,0,0,0,,0,0,0,0,,,0,,0,,0,,0,0,0,0,0,0,0,0,,0,0,0,,0,,0,,0,,0,0,,0,0,,0,,,100,0,0,0,0,0,0,0,0,0,0,0
2026,481,Tory Horton,SEA,WR,2,21,15.384615384615385,0,23.3,2,33.3,0,0,0,0,,0,0,0,0,,,0,,0,,0,,0,0,0,0,0,0,0,0,,0,0,0,,0,,0,,0,,0,0,,0,0,,0,,,100,0,0,0,0,0,0,0,0,0,0,0
2026,482,Matthew Golden,GB,WR,1,13,1.834862385321101,0,36.8,2,33.3,0,0,0,0,,0,0,0,0,,,0,,0,,0,,0,0,0,0,0,0,0,0,,0,0,0,,0,,0,,0,,0,0,,0,0,,0,,,100,0,0,0,0,0,0,0,0,0,0,0
2026,483,Isaac TeSlaa,DET,WR,1,12,2.4390243902439024,0,7.1,2,9.1,0,0,0,0,,0,0,0,0,,,0,,0,,0,,0,0,0,0,0,0,0,0,,0,0,0,,0,,0,,0,,0,0,,0,0,,0,,,50,50,0,0,0,0,0,0,0,0,0,0
2026,484,Isaac TeSlaa,DET,WR,2,13,2.4390243902439024,0,17.1,2,14.3,0,0,0,0,,0,0,0,0,,,0,,0,,0,,0,0,0,0,0,0,0,0,,0,0,0,,0,,0,,0,,0,0,,0,0,,0,,,50,50,0,0,0,0,0,0,0,0,0,0
2026,485,Travis Hunter,JAX,WR,1,01,14.285714285714285,0,100,1,100,0,0,0,0,,0,0,0,0,,,0,,0,,0,,0,0,0,0,0,0,0,0,,0,0,0,,0,,0,,0,,0,0,,0,0,,0,,,100,0,0,0,0,0,0,0,0,0,0,0
2026,486,Tre Harris,LAC,WR,1,12,8.333333333333332,6.25,58.3,6,37.5,1,6.7,0,0.17,6,6,4.6,0,0,0,0,0,0,0,0,0,0,0,0,0,0,0,0,0,0,39.6,1,7.7,0,0,0,0,0,0,0,0,0,0,0,0,0,0,12.5,-6.95,-0.666,50,50,0,0,0,0,0,0.02,-0.02,0,0,0
2026,487,Tre Harris,LAC,WR,1,20,2.7777777777777777,0,100,2,100,0,0,0,0,,0,0,0,0,,,0,,0,,0,,0,0,0,0,0,0,0,0,,0,0,0,,0,,0,,0,,0,0,,0,0,,0,,,50,50,0,0,0,0,0,0,0,0,0,0
2026,488,Tre Harris,LAC,WR,3,21,5.555555555555555,0,45,4,19,0,0,0,0,,0,0,0,0,,,0,,0,,0,,0,0,0,0,0,0,0,0,,0,0,0,,0,,0,,0,,0,0,,0,0,,0,,,75,25,0,0,0,0,0,0,0,0,0,0
2026,489,Jack Bech,LV,WR,2,12,17.142857142857142,0,21.4,6,15.4,0,0,0,0,,0,0,0,0,,,0,,0,,0,,0,0,0,0,0,0,0,0,,0,0,0,,0,,0,,0,,0,0,,0,0,,0,,,66.7,33.3,0,0,0,0,0,0,0,0,0,0
2026,490,Luther Burden,CHI,WR,1,02,1.25,0,100,1,100,0,0,0,0,,0,0,0,0,,,0,,0,,0,,0,0,0,0,0,0,0,0,,0,0,0,,0,,0,,0,,0,0,,0,0,,0,,,100,0,0,0,0,0,0,0,0,0,0,0
2026,491,Luther Burden,CHI,WR,1,13,5,4.3478260869565215,11.1,4,25,1,7.7,0,0.25,3,3,4.3,0,0,0,0,0,0,0,0,0,0,0,0,0,0,0,0,0,0,39.6,1,14.3,0,0,1,100,0,0,0,0,1,0,0,0,0,0,25,-5.45,-0.483,75,25,0,0,0,0.7,0,0.74,-0.74,0,0.19,0.7
2026,492,Luther Burden,CHI,WR,1,21,1.25,0,100,1,100,0,0,0,0,,0,0,0,0,,,0,,0,,0,,0,0,0,0,0,0,0,0,,0,0,0,,0,,0,,0,,0,0,,0,0,,0,,,0,100,0,0,0,0,0,0,0,0,0,0
2026,493,Isaiah Bond,CLV,WR,3,11,85.71428571428571,0,8.5,6,8,0,0,0,0,,0,0,0,0,,,0,,0,,0,,0,0,0,0,0,0,0,0,,0,0,0,,0,,0,,0,,0,0,,0,0,,0,,,33.3,66.7,0,0,0,0,0,0,0,0,0,0
2026,494,Dohnte Meyers,CIN,WR,1,10,5.714285714285714,0,100,2,100,0,0,0,0,,0,0,0,0,,,0,,0,,0,,0,0,0,0,0,0,0,0,,0,0,0,,0,,0,,0,,0,0,,0,0,,0,,,0,100,0,0,0,0,0,0,0,0,0,0
2026,495,Dohnte Meyers,CIN,WR,1,12,2.857142857142857,0,7.4,1,3.1,0,0,0,0,,0,0,0,0,,,0,,0,,0,,0,0,0,0,0,0,0,0,,0,0,0,,0,,0,,0,,0,0,,0,0,,0,,,100,0,0,0,0,0,0,0,0,0,0,0
2026,496,Ja'Kobi Lane,BLT,WR,1,13,6.666666666666667,0,7.3,1,20,0,0,0,0,,0,0,0,0,,,0,,0,,0,,0,0,0,0,0,0,0,0,,0,0,0,,0,,0,,0,,0,0,,0,0,,0,,,100,0,0,0,0,0,0,0,0,0,0,0
2026,497,Cyrus Allen,KC,WR,2,11,100,0,5.1,4,5.6,0,0,0,0,,0,0,0,0,,,0,,0,,0,,0,0,0,0,0,0,0,0,,0,0,0,,0,,0,,0,,0,0,,0,0,,0,,,50,50,0,0,0,0,0,0,0,0,0,0
2026,498,Malik Benson,LV,WR,1,11,45.45454545454545,25,16.7,5,16.7,1,3.4,0,0.2,28,28,10.2,0,0,0,0,0,0,0,0,0,0,0,0,0,0,0,0,0,0,39.6,1,5.6,0,0,0,0,1,0,0,0,0,0,0,0,0,0,16.7,-11.08,-1.737,60,40,0,0,0,0.1,0,0.06,-0.06,0,0.01,0.1
2026,499,Malik Benson,LV,WR,1,12,27.27272727272727,25,7.1,3,7.7,1,2.9,0,0.33,33,33,12.1,0,0,0,0,0,0,0,0,0,0,0,0,0,0,0,0,0,0,39.6,1,4.5,0,0,0,0,1,0,0,0,0,0,0,0,0,0,33.3,-12.47,-1.266,66.7,33.3,0,0,0,0.3,0,0.27,-0.27,0,0.09,0.3
2026,500,Malik Benson,LV,WR,1,21,18.181818181818183,25,9.1,2,9.5,1,5.3,0,0.5,32,32,18.2,0,0,0,0,0,0,0,0,0,0,0,0,0,0,0,0,0,0,39.6,1,7.7,0,0,0,0,1,0,0,0,0,0,0,0,0,0,50,-9.97,-0.569,100,0,0,0,0,0,0,0.04,-0.04,0,0.02,0
2026,501,De'Zhaun Stribling,SF,WR,1,02,7.6923076923076925,0,50,1,100,0,0,0,0,,0,0,0,0,,,0,,0,,0,,0,0,0,0,0,0,0,0,,0,0,0,,0,,0,,0,,0,0,,0,0,,0,,,100,0,0,0,0,0,0,0,0,0,0,0
2026,502,De'Zhaun Stribling,SF,WR,1,11,38.46153846153847,0,13.2,5,33.3,0,0,0,0,,0,0,0,0,,,0,,0,,0,,0,0,0,0,0,0,0,0,,0,0,0,,0,,0,,0,,0,0,,0,0,,0,,,80,20,0,0,0,0,0,0,0,0,0,0
2026,503,De'Zhaun Stribling,SF,WR,1,12,15.384615384615385,0,12.5,2,28.6,0,0,0,0,,0,0,0,0,,,0,,0,,0,,0,0,0,0,0,0,0,0,,0,0,0,,0,,0,,0,,0,0,,0,0,,0,,,50,50,0,0,0,0,0,0,0,0,0,0
2026,504,De'Zhaun Stribling,SF,WR,1,21,30.76923076923077,0,11.4,4,40,0,0,0,0,,0,0,0,0,,,0,,0,,0,,0,0,0,0,0,0,0,0,,0,0,0,,0,,0,,0,,0,0,,0,0,,0,,,100,0,0,0,0,0,0,0,0,0,0,0
2026,505,De'Zhaun Stribling,SF,WR,1,22,7.6923076923076925,0,16.7,1,33.3,0,0,0,0,,0,0,0,0,,,0,,0,,0,,0,0,0,0,0,0,0,0,,0,0,0,,0,,0,,0,,0,0,,0,0,,0,,,100,0,0,0,0,0,0,0,0,0,0,0
2026,506,Denzel Boston,CLV,WR,2,21,5.813953488372093,0,92.9,5,83.3,0,0,0,0,,0,0,0,0,,,0,,0,,0,,0,0,0,0,0,0,0,0,,0,0,0,,0,,0,,0,,0,0,,0,0,,0,,,80,20,0,0,0,0,0,0,0,0,0,0
2026,507,Denzel Boston,CLV,WR,1,22,2.3255813953488373,6.666666666666667,43.8,2,66.7,1,33.3,0,0.5,-1,-1,-1.9,0,0,0,0,0,0,0,0,0,0,0,0,0,0,0,0,0,0,39.6,1,33.3,0,0,0,0,0,0,0,0,0,0,0,0,0,0,50,-6.17,-0.495,100,0,0,0,0,0.1,0,0.07,-0.07,0,0.04,0.1
2026,508,Antonio Williams,WAS,WR,1,01,4.761904761904762,0,100,2,100,0,0,0,0,,0,0,0,0,,,0,,0,,0,,0,0,0,0,0,0,0,0,,0,0,0,,0,,0,,0,,0,0,,0,0,,0,,,50,50,0,0,0,0,0,0,0,0,0,0
2026,509,Malachi Fields,NYG,WR,3,12,12.903225806451612,0,42.9,8,47.1,0,0,0,0,,0,0,0,0,,,0,,0,,0,,0,0,0,0,0,0,0,0,,0,0,0,,0,,0,,0,,0,0,,0,0,,0,,,87.5,12.5,0,0,0,0,0,0,0,0,0,0
2026,510,Malachi Fields,NYG,WR,1,13,1.6129032258064515,0,50,1,50,0,0,0,0,,0,0,0,0,,,0,,0,,0,,0,0,0,0,0,0,0,0,,0,0,0,,0,,0,,0,,0,0,,0,0,,0,,,100,0,0,0,0,0,0,0,0,0,0,0
2026,511,Malachi Fields,NYG,WR,1,20,4.838709677419355,8.333333333333332,100,3,100,1,33.3,0,0.33,34,34,56.7,0,0,0,0,0,0,0,0,0,0,0,0,0,0,0,0,0,0,39.6,0,0,0,0,0,0,1,0,0,0,0,0,0,0,0,0,33.3,-14,-0.527,66.7,33.3,0,0,0,0,0,-0.02,0.02,0,-0.01,0
2026,512,Malachi Fields,NYG,WR,2,21,3.225806451612903,0,91.7,2,40,0,0,0,0,,0,0,0,0,,,0,,0,,0,,0,0,0,0,0,0,0,0,,0,0,0,,0,,0,,0,,0,0,,0,0,,0,,,100,0,0,0,0,0,0,0,0,0,0,0
2026,513,Zachariah Branch,ATL,WR,1,02,13.333333333333334,25,66.7,2,66.7,1,50,0,0.5,16,16,59.3,0,0,0,0,0,0,0,0,0,0,0,0,0,0,0,0,0,0,39.6,1,50,0,0,0,0,0,0,0,0,0,0,0,0,0,0,100,-10.1,-1.137,50,50,0,0,0,0,0,-0.01,0.01,0,-0.01,0
2026,514,Zachariah Branch,ATL,WR,2,12,13.333333333333334,0,9.1,2,9.5,0,0,0,0,,0,0,0,0,,,0,,0,,0,,0,0,0,0,0,0,0,0,,0,0,0,,0,,0,,0,,0,0,,0,0,,0,,,100,0,0,0,0,0,0,0,0,0,0,0
2026,515,Ted Hurst,TB,WR,1,10,3.571428571428571,0,100,3,100,0,0,0,0,,0,0,0,0,,,0,,0,,0,,0,0,0,0,0,0,0,0,,0,0,0,,0,,0,,0,,0,0,,0,0,,0,,,66.7,33.3,0,0,0,0,0,0,0,0,0,0
2026,516,Ted Hurst,TB,WR,1,13,1.1904761904761905,0,75,1,100,0,0,0,0,,0,0,0,0,,,0,,0,,0,,0,0,0,0,0,0,0,0,,0,0,0,,0,,0,,0,,0,0,,0,0,,0,,,100,0,0,0,0,0,0,0,0,0,0,0
2026,517,Ted Hurst,TB,WR,2,21,3.571428571428571,0,76.9,3,50,0,0,0,0,,0,0,0,0,,,0,,0,,0,,0,0,0,0,0,0,0,0,,0,0,0,,0,,0,,0,,0,0,,0,0,,0,,,33.3,66.7,0,0,0,0,0,0,0,0,0,0
2026,518,Bryce Lance,NO,WR,2,12,1.9047619047619049,0,8.1,2,8,0,0,0,0,,0,0,0,0,,,0,,0,,0,,0,0,0,0,0,0,0,0,,0,0,0,,0,,0,,0,,0,0,,0,0,,0,,,50,50,0,0,0,0,0,0,0,0,0,0
2026,519,Colbie Young,CIN,WR,1,12,28.57142857142857,0,10.3,2,6.3,0,0,0,0,,0,0,0,0,,,0,,0,,0,,0,0,0,0,0,0,0,0,,0,0,0,,0,,0,,0,,0,0,,0,0,,0,,,50,50,0,0,0,0,0,0,0,0,0,0
2026,520,Barion Brown,NO,WR,2,12,100,0,16.2,3,15.8,0,0,0,0,,0,0,0,0,,,0,,0,,0,,0,0,0,0,0,0,0,0,,0,0,0,,0,,0,,0,,0,0,,0,0,,0,,,33.3,66.7,0,0,0,0,0,0,0,0,0,0
2026,521,Josh Cameron,JAX,WR,1,01,5.88235294117647,0,100,1,100,0,0,0,0,,0,0,0,0,,,0,,0,,0,,0,0,0,0,0,0,0,0,,0,0,0,,0,,0,,0,,0,0,,0,0,,0,,,100,0,0,0,0,0,0,0,0,0,0,0
2026,522,Deion Burks,IND,WR,1,11,37.5,0,3.6,3,6.4,0,0,0,0,,0,0,0,0,,,0,,0,,0,,0,0,0,0,0,0,0,0,,0,0,0,,0,,0,,0,,0,0,,0,0,,0,,,66.7,33.3,0,0,0,0,0,0,0,0,0,0
2026,523,Deion Burks,IND,WR,1,12,50,0,16.7,4,19,0,0,0,0,,0,0,0,0,,,0,,0,,0,,0,0,0,0,0,0,0,0,,0,0,0,,0,,0,,0,,0,0,,0,0,,0,,,50,50,0,0,0,0,0,0,0,0,0,0
2026,524,Deion Burks,IND,WR,1,13,12.5,0,8.7,1,16.7,0,0,0,0,,0,0,0,0,,,0,,0,,0,,0,0,0,0,0,0,0,0,,0,0,0,,0,,0,,0,,0,0,,0,0,,0,,,100,0,0,0,0,0,0,0,0,0,0,0
2026,525,Malik McClain,NYJ,WR,1,02,12.5,0,50,1,100,0,0,0,0,,0,0,0,0,,,0,,0,,0,,0,0,0,0,0,0,0,0,,0,0,0,,0,,0,,0,,0,0,,0,0,,0,,,100,0,0,0,0,0,0,0,0,0,0,0
2026,526,Malik McClain,NYJ,WR,1,11,87.5,0,7.7,7,21.9,0,0,0,0,,0,0,0,0,,,0,,0,,0,,0,0,0,0,0,0,0,0,,0,0,0,,0,,0,,0,,0,0,,0,0,,0,,,100,0,0,0,0,0,0,0,0,0,0,0
2026,527,Lewis Bond,HST,WR,1,10,14.285714285714285,0,100,2,100,0,0,0,0,,0,0,0,0,,,0,,0,,0,,0,0,0,0,0,0,0,0,,0,0,0,,0,,0,,0,,0,0,,0,0,,0,,,50,50,0,0,0,0,0,0,0,0,0,0
2026,528,Lewis Bond,HST,WR,1,11,78.57142857142857,100,12,11,14.3,1,1.5,0,0.09,10,10,1.6,0,0,0,0,0,0,0,0,0,0,0,0,0,0,0,0,0,0,39.6,1,2.6,0,0,1,100,0,0,1,100,1,0,0,0,0,0,10,-7.5,-0.831,18.2,81.8,0,0,0,1,0,1.02,-1.02,0,0.09,1
2026,529,Lewis Bond,HST,WR,1,13,7.142857142857142,0,10.7,1,50,0,0,0,0,,0,0,0,0,,,0,,0,,0,,0,0,0,0,0,0,0,0,,0,0,0,,0,,0,,0,,0,0,,0,0,,0,,,100,0,0,0,0,0,0,0,0,0,0,0
2026,530,Caleb Douglas,MIA,WR,1,12,2,0,54.5,1,50,0,0,0,0,,0,0,0,0,,,0,,0,,0,,0,0,0,0,0,0,0,0,,0,0,0,,0,,0,,0,,0,0,,0,0,,0,,,100,0,0,0,0,0,0,0,0,0,0,0
2026,531,Caleb Douglas,MIA,WR,1,21,26,11.11111111111111,55.6,13,81.3,1,7.7,0,0.08,41,41,26.3,0,0,0,0,0,0,0,0,0,0,0,0,0,0,0,0,0,0,0,1,12.5,0,0,0,0,1,0,0,0,0,0,0,0,0,0,9.1,-15,-2.296,92.3,7.7,0,0,0,0,0,-0.01,0.01,0,0,0
2026,532,Chris Bell,MIA,WR,1,12,1.7543859649122806,0,18.2,1,20,0,0,0,0,,0,0,0,0,,,0,,0,,0,,0,0,0,0,0,0,0,0,,0,0,0,,0,,0,,0,,0,0,,0,0,,0,,,0,100,0,0,0,0,0,0,0,0,0,0
2026,533,Kevin Coleman,MIA,WR,1,12,2.0408163265306123,16.666666666666664,18.2,1,20,1,25,0,1,49,49,116.7,0,0,0,0,0,0,0,0,0,0,0,0.15,0,0,0,0,0,0,39.6,1,33.3,0,0,1,100,1,0,0,0,1,0,0,0,0,0,100,-15,-0.532,100,0,0,0,0,4.6,0,4.59,-4.59,0,4.59,4.6
2026,534,Kevin Coleman,MIA,WR,2,21,8.16326530612245,0,13.3,4,16.7,0,0,0,0,,0,0,0,0,,,0,,0,,0,,0,0,0,0,0,0,0,0,,0,0,0,,0,,0,,0,,0,0,,0,0,,0,,,50,50,0,0,0,0,0,0,0,0,0,0
2026,535,KC Concepcion,CLV,WR,1,21,5.063291139240507,5.263157894736842,71.4,4,66.7,1,25,0,0.25,15,15,100,0,0,0,0,0,0,0,0,0,0,0,0,0,0,0,0,0,0,39.6,0,0,0,0,0,0,0,0,0,0,1,0,0,0,0,0,50,-10.41,-0.427,100,0,0,0,0,0,0,0.01,-0.01,0,0,0
2026,536,KC Concepcion,CLV,WR,1,22,1.2658227848101267,0,25,1,33.3,0,0,0,0,,0,0,0,0,,,0,,0,,0,,0,0,0,0,0,0,0,0,,0,0,0,,0,,0,,0,,0,0,,0,0,,0,,,100,0,0,0,0,0,0,0,0,0,0,0
2026,537,Brenen Thompson,LAC,WR,1,12,20,66.66666666666666,16.7,3,25,2,16.7,0,0.67,16,32,29.4,0,0,0,0,0,0,0,0,0,0,0,0.04,0,0,0,0,0,0,39.6,1,10,0,0,2,100,0,0,1,50,0,0,0,0,0,0,50,-11.04,-1.571,66.7,33.3,0,0,0,5.8,0,5.79,-5.79,0,1.93,5.8
2026,538,Brenen Thompson,LAC,WR,2,21,20,0,6.7,3,27.3,0,0,0,0,,0,0,0,0,,,0,,0,,0,,0,0,0,0,0,0,0,0,,0,0,0,,0,,0,,0,,0,0,,0,0,,0,,,66.7,33.3,0,0,0,0,0,0,0,0,0,0
2026,539,Keenan Allen,IND,WR,1,12,5.47945205479452,5,14.8,4,16.7,1,4.5,-0.25,0.25,-3,-3,-4.1,-1,-0.7,-1,-1,1,100,2,2,1,1,0,0.01,0,0,0,0,0,0,79.2,1,7.7,0,0,1,100,0,0,0,0,0,0,0,0,0,0,25,-5.94,-0.8,75,25,0,0,0.9,1.6,0.9,1.57,-0.67,0.23,0.39,1.6
2026,540,Efton Chism,NE,WR,1,12,14.285714285714285,33.33333333333333,8.6,1,12.5,1,14.3,-2,1,-1,-1,-1.7,-2,-2.9,-2,-2,1,100,-1,-1,-1,-1,0,0.03,0,0,0,0,0,0,79.2,1,20,1,100,1,100,0,0,0,0,0,0,0,0,0,0,100,-8.17,-2.376,100,0,0,0,0.8,1.7,0.8,1.75,-0.95,0.8,1.75,1.7
Exported from Data Suite 2.0 by michaelgingrave (user 380) on 2026-09-30 02:27 UTC,,,,,,,,,,,,,,,,,,,,,,,,,,,,,,,,,,,,,,,,,,,,,,,,,,,,,,,,,,,,,,,,,,,,