,Player Details,Player Details,Player Details,Player Details,Player Details,Splits,Splits,Splits,Splits,Receiving,Receiving,Receiving,Receiving,Receiving,Receiving,Receiving,Receiving,Receiving,Receiving,Receiving,Receiving,Receiving,Receiving,Receiving,Receiving,Receiving,Receiving,Receiving,Receiving,Receiving,Receiving,Receiving,Receiving,Receiving,Receiving,Advanced,Advanced,Advanced,Advanced,Advanced,Advanced,Advanced,Advanced,Advanced,Advanced,Advanced,Advanced,Advanced,Advanced,Advanced,Advanced,Advanced,Advanced,Advanced,Advanced,Advanced,Advanced,Alignment,Alignment,Alignment,Alignment,FP,FP,FP,FP,FP,FP,FP,FP
Season,Rank,Name,Team,POS,G,WEEK,OPP,RTE %,TGT %,SNAP %,RTE,RTE %,TGT,TGT %,YPRR,TPRR,aDOT,AY,AY Share,YDS,TM YDS %,YPT,YPR,REC,CR %,YAC,YAC/REC,YACO,YACO/REC,TD,XTD,TM TD %,i20 TGT,EZTGT,EZTD,1D,1D/RR,RATE,1READ,1READ %,DESIGN,DESIGN %,CTGT,CTGT %,DEEP,EXP %,DRP,DRP %,CT,CC,CC %,HERO,MTF,MTF/REC,THREAT %,YPTOE,EPA/TGT,WIDE RTE %,SLOT RTE %,INLINE RTE %,BACK RTE %,FP,XFP,FP/G,XFP/G,DIFF,FP/RR,XFP/RR,RecXFP
2023,,League Avg,,,,,,,,54.61885895404127,6.980982567353407,51.12448494453249,1.954041204437401,14.348415213946046,2.35,0.28,6.653288431061808,23.51743264659271,14.618938193343897,16.385895404120443,14.47614896988906,8.39,13.17,1.2440570522979397,63.7,4.929477020602219,3.96,2.030110935023772,1.63,0.089540412044374,0.09557844690966752,6.933438985736926,0.24009508716323297,0.17194928684627575,0.05467511885895404,0.7480190174326465,0.107,48.9736925515055,1.5776545166402536,14.420998415213914,0.14421553090332806,7.4,1.508716323296355,77.2,0.358161648177496,20.9,0.0768621236133122,3.9,0.329635499207607,0.1687797147385103,51.2,0.059429477020602216,0.16323296354992076,0.13,25.1,-0.1,0.26,44.67052297939784,36.99516640253568,17.202694136291598,1.0544374009508717,3.4175118858954083,3.5279714738510326,3.4174801901743304,3.5289857369255166,-0.11150554675118877,0.49,0.51,3.525911251980985
2023,1,D.J. Moore,CHI,WR,1,5,WAS,20.33898305084746,25.806451612903224,87.5,12,100,8,66.7,17.5,0.67,13.13,105,72.9,210,94.2,26.25,30,7,87.5,143,20.43,56,8,2,0.89,100,1,2,1,5,0.417,158.3,8,72.7,1,12.5,7,87.5,2,66.7,0,0,1,1,100,1,4,0.57,66.7,18.19,2.327,91.7,8.3,0,0,40,18.8,40,18.81,21.19,3.33,1.57,18.8
2023,2,Mike Evans,TB,WR,1,2,CHI,27.450980392156865,25,58.8,14,82.4,7,41.2,11.71,0.5,14.71,103,45,164,64.3,23.43,32.8,5,71.4,81,16.2,22,4.4,1,0.93,100,0,1,1,4,0.286,153.3,4,33.3,0,0,6,85.7,2,80,0,0,2,1,50,0,1,0.2,50,14.67,1.915,71.4,28.6,0,0,27.4,18.9,27.4,18.91,8.49,1.96,1.35,18.9
2023,3,Puka Nacua,LA,WR,1,4,IND,18.181818181818183,18.51851851851852,94.9,16,94.1,10,58.8,10.19,0.63,12.3,123,68,163,85.3,16.3,18.11,9,90,53,5.89,26,2.89,1,0.95,100,1,0,0,8,0.5,152.1,7,53.8,1,10,9,90,1,62.5,0,0,2,1,50,1,4,0.44,62.5,7.19,1.419,93.8,6.3,0,0,31.3,25.7,31.3,25.75,5.55,1.96,1.61,25.7
2023,4,Davante Adams,LV,WR,1,3,PIT,32.631578947368425,33.9622641509434,98.5,31,100,18,58.1,5.16,0.58,13,234,64.3,160,61.3,8.89,14.55,11,61.1,26,2.36,11,1,2,1.77,100,3,1,1,8,0.258,103.9,18,64.3,2,11.1,14,77.8,3,20,0,0,3,1,33.3,1,1,0.09,58.1,-0.31,0.422,100,0,0,0,39,42.9,39,42.93,-3.93,1.26,1.38,42.9
2023,5,Nico Collins,HST,WR,1,4,PIT,14.285714285714285,23.52941176470588,75.4,9,69.2,8,61.5,17,0.89,13.25,106,62.7,153,84.1,19.13,25.5,6,75,71,11.83,29,4.83,2,1.22,100,1,1,1,6,0.667,156.3,7,58.3,0,0,6,75,1,60,0,0,1,1,100,0,3,0.5,88.9,10.19,1.505,88.9,11.1,0,0,33.3,22,33.3,21.95,11.35,3.7,2.44,22
2023,6,Keenan Allen,LAC,WR,1,3,MIN,26.582278481012654,33.33333333333333,89.1,21,87.5,9,37.5,6.48,0.43,8.78,79,25.8,136,42.2,15.11,15.11,9,100,57,6.33,19,2.11,0,0.05,0,0,0,0,5,0.238,118.8,7,38.9,2,22.2,9,100,1,44.4,0,0,0,0,0,0,0,0,39.1,6.98,1.04,57.1,42.9,0,0,28.6,22.8,28.56,22.79,5.77,1.08,0.98,20.6
2023,7,Ja'Marr Chase,CIN,WR,1,5,ARZ,25,29.545454545454547,93.7,23,92,13,52,5.91,0.57,11.31,147,60.5,136,67.7,10.46,13.6,10,76.9,45,4.5,4,0.4,3,2.53,100,5,4,2,9,0.391,149.4,10,50,1,7.7,10,76.9,2,14.3,0,0,1,0,0,0,0,0,54.2,2.35,0.893,87,8.7,0,4.3,41.6,36.8,41.6,36.76,4.84,1.81,1.6,36.8
2023,8,Tyreek Hill,MIA,WR,1,3,DEN,16.923076923076923,20.51282051282051,53.5,11,84.6,8,61.5,12.27,0.73,10.5,84,53.5,135,55.6,16.88,19.29,7,87.5,55,7.86,11,1.57,1,0.71,50,2,1,0,6,0.545,158.3,7,63.6,0,0,7,87.5,1,16.7,0,0,1,1,100,0,1,0.14,72.7,8.31,1.468,90.9,0,0,9.1,26.5,21.4,26.5,21.39,5.11,2.41,1.94,21.4
2023,9,DeVonta Smith,PHI,WR,1,2,MIN,12.5,16.666666666666664,100,11,84.6,5,38.5,11.91,0.45,24,120,62.5,131,86.2,26.2,32.75,4,80,32,8,8,2,1,0.5,100,0,0,0,2,0.182,118.8,4,33.3,0,0,4,80,3,50,0,0,1,1,100,1,0,0,38.5,15.06,1.574,90.9,9.1,0,0,23.1,15.9,23.1,15.85,7.25,2.1,1.44,15.9
2023,10,George Pickens,PIT,WR,1,5,BLT,23.333333333333332,25.71428571428571,87.7,14,100,9,64.3,9.29,0.64,21.33,192,79.7,130,91.5,14.44,21.67,6,66.7,20,3.33,3,0.5,1,0.29,100,0,1,0,6,0.429,146.8,9,69.2,0,0,6,66.7,3,66.7,0,0,2,2,100,2,1,0.17,64.3,3.38,1.086,100,0,0,0,25,16.9,25,16.88,8.12,1.79,1.21,16.9
2023,11,DeAndre Hopkins,TEN,WR,1,5,IND,22.641509433962266,31.25,86.2,12,100,10,83.3,10.75,0.83,17.3,173,84.4,129,93.5,12.9,18.43,7,70,25,3.57,11,1.57,0,0.14,0,1,1,0,6,0.5,72.9,10,90.9,0,0,7,70,5,42.9,0,0,1,1,100,0,0,0,83.3,3.08,0.718,91.7,8.3,0,0,19.9,18.8,19.9,18.78,1.12,1.66,1.56,18.8
2023,12,Tank Dell,HST,WR,1,3,JAX,17.647058823529413,25,60.7,9,75,5,41.7,14.11,0.56,22.6,113,66.5,127,67.6,25.4,31.75,4,80,46,11.5,2,0.5,1,0.63,100,1,0,0,4,0.444,158.3,5,45.5,0,0,4,80,3,66.7,0,0,0,0,0,0,0,0,50,15.14,2.473,77.8,22.2,0,0,22.7,15.7,22.7,15.75,6.95,2.52,1.75,15.7
2023,13,Puka Nacua,LA,WR,1,2,SF,22.727272727272727,27.77777777777778,85.9,20,87,15,65.2,6.3,0.75,6,90,49.7,126,67,8.4,9.69,13,86.7,60,4.62,24,1.85,0,0.04,0,0,0,0,5,0.25,101.7,13,65,2,13.3,15,100,0,7.7,1,6.7,2,0,0,0,0,0,75,1.55,0.404,85,15,0,0,25.6,26.9,25.6,26.95,-1.35,1.28,1.35,26.9
2023,14,Tyreek Hill,MIA,WR,1,6,CAR,13.846153846153847,12.82051282051282,55.4,9,90,5,50,13.89,0.56,22.6,113,58.5,125,82.8,25,31.25,4,80,33,8.25,26,6.5,1,0.85,100,0,0,0,4,0.444,158.3,5,50,0,0,4,80,4,75,0,0,0,0,0,0,2,0.5,50,13.22,2.069,77.8,22.2,0,0,22.5,19,22.5,19.02,3.48,2.5,2.11,19
2023,15,A.J. Brown,PHI,WR,1,6,NYJ,19.51219512195122,16,95.7,16,94.1,8,47.1,7.69,0.5,17,136,47.9,123,73.7,15.38,20.5,6,75,41,6.83,37,6.17,0,0.06,0,0,0,0,5,0.313,116.7,5,71.4,0,0,7,87.5,2,33.3,1,12.5,1,1,100,0,2,0.33,47.1,6.15,1.464,75,25,0,0,18.3,16.2,18.3,16.21,2.09,1.14,1.01,16.2
2023,16,Nico Collins,HST,WR,1,2,IND,28.57142857142857,23.52941176470588,62,18,81.8,8,36.4,6.72,0.44,12.5,100,43.5,121,54.5,15.13,20.17,6,75,48,8,30,5,1,0.78,50,1,1,1,5,0.278,156.3,8,42.1,0,0,7,87.5,1,80,0,0,0,0,0,1,2,0.33,42.1,6.17,1.545,94.4,5.6,0,0,24.1,19.9,24.1,19.88,4.22,1.34,1.1,19.9
2023,17,Stefon Diggs,BUF,WR,1,4,MIA,11.627906976744185,14.893617021276595,75,10,100,7,70,12,0.7,12.57,88,62.4,120,72.3,17.14,20,6,85.7,46,7.67,44,7.33,3,1.97,100,3,3,2,5,0.5,158.3,5,71.4,0,0,6,85.7,0,25,0,0,0,0,0,0,2,0.33,70,8.04,1.956,100,0,0,0,36,24.9,36,24.89,11.11,3.6,2.49,24.9
2023,18,Stefon Diggs,BUF,WR,1,5,JAX,22.093023255813954,21.27659574468085,87,19,90.5,10,47.6,6.21,0.53,17.6,176,51,118,41.7,11.8,16.86,7,70,11,1.57,0,0,1,0.92,50,2,1,1,5,0.263,103.3,7,53.8,0,0,8,80,2,16.7,0,0,1,0,0,0,0,0,52.6,2.26,0.589,78.9,21.1,0,0,23.8,24.3,23.8,24.28,-0.48,1.31,1.28,24.3
2023,19,Amari Cooper,CLV,WR,1,3,TEN,24.074074074074073,27.586206896551722,79.1,13,92.9,8,57.1,8.92,0.62,17.88,143,79,116,70.3,14.5,16.57,7,87.5,8,1.14,2,0.29,1,0.77,50,0,0,0,4,0.308,158.3,8,66.7,0,0,7,87.5,3,28.6,0,0,4,4,100,0,0,0,57.1,4.57,1.294,76.9,23.1,0,0,24.6,19.2,24.6,19.23,5.37,1.89,1.48,19.2
2023,20,A.J. Brown,PHI,WR,1,4,WAS,18.29268292682927,26,95.5,15,88.2,13,76.5,7.73,0.87,17,221,84,116,68.2,8.92,14.5,8,61.5,22,2.75,14,1.75,1,0.95,100,0,2,1,6,0.4,116.2,12,75,0,0,8,61.5,5,25,0,0,1,1,100,0,0,0,81.3,-0.52,0.431,93.3,6.7,0,0,25.6,24.1,25.6,24.12,1.48,1.71,1.61,24.1
2023,21,Justin Jefferson,MIN,WR,1,1,TB,24.65753424657534,22.22222222222222,98.4,18,94.7,8,42.1,6.28,0.44,9.63,77,38.7,113,52.3,14.13,16.14,7,87.5,55,7.86,11,1.57,0,0.02,0,0,0,0,4,0.222,118.8,8,53.3,1,12.5,7,87.5,1,42.9,0,0,0,0,0,0,0,0,42.1,5.83,0.747,66.7,33.3,0,0,18.3,15.3,18.3,15.31,2.99,1.02,0.85,15.3
2023,22,Marvin Mims,DEN,WR,1,2,WAS,8.695652173913043,18.181818181818183,22.6,2,16.7,2,16.7,56.5,1,45,90,41.5,113,49.8,56.5,56.5,2,100,23,11.5,10,5,1,0.7,33.3,0,0,0,2,1,158.3,2,28.6,0,0,2,100,2,100,0,0,0,0,0,0,0,0,100,41.5,4.725,100,0,0,0,19.3,16.2,19.3,16.17,3.13,9.65,8.08,16.2
2023,23,Tyreek Hill,MIA,WR,1,1,LAC,23.076923076923077,23.076923076923077,66.2,15,71.4,9,42.9,7.4,0.6,17.44,157,45.4,111,57.5,12.33,18.5,6,66.7,20,3.33,18,3,2,1.76,66.7,2,2,1,5,0.333,148.6,8,47.1,1,11.1,7,77.8,3,60,0,0,1,0,0,0,4,0.67,60,1.94,0.856,80,13.3,0,6.7,29.1,26.1,29.1,26.08,3.02,1.94,1.74,26.1
2023,24,Mike Williams,LAC,WR,1,3,MIN,39.53488372093023,33.33333333333333,67.2,17,70.8,7,29.2,6.47,0.41,15.29,107,35,110,34.2,15.71,18.33,6,85.7,39,6.5,6,1,1,0.27,50,0,0,0,3,0.176,158.3,6,33.3,0,0,6,85.7,3,33.3,0,0,1,1,100,1,1,0.17,38.9,6.68,1.1,82.4,17.6,0,0,23,14.7,23,14.7,8.3,1.35,0.86,14.7
2023,25,Michael Pittman,IND,WR,1,6,JAX,28.57142857142857,25,100,24,100,12,50,4.54,0.5,9.25,111,46.1,109,55.3,9.08,12.11,9,75,44,4.89,18,2,0,0.07,0,2,1,0,3,0.125,62.8,11,52.4,3,25,9,75,1,12.5,0,0,0,0,0,0,1,0.11,50,1.18,-0.209,79.2,16.7,4.2,0,19.9,18.9,19.9,18.9,1,0.83,0.79,18.9
2023,26,Amari Cooper,CLV,WR,1,6,SF,24.074074074074073,27.586206896551722,84.3,13,100,8,61.5,8.31,0.62,14.38,115,66.9,108,91.5,13.5,27,4,50,49,12.25,8,2,0,0.04,0,1,1,0,3,0.231,56.3,8,66.7,0,0,4,50,2,50,0,0,1,1,100,1,1,0.25,61.5,4.14,0.09,76.9,23.1,0,0,14.8,9.3,14.8,9.25,5.55,1.14,0.71,9.3
2023,27,Brandon Aiyuk,SF,WR,1,4,ARZ,10.256410256410255,16,75.5,4,57.1,4,57.1,26.75,1,24,96,95,107,79.3,26.75,26.75,4,100,11,2.75,4,1,0,0.32,0,0,0,0,4,1,118.8,4,66.7,0,0,4,100,2,75,0,0,0,0,0,0,0,0,100,15.74,1.891,100,0,0,0,14.7,16.3,14.7,16.31,-1.61,3.67,4.08,16.3
2023,28,DK Metcalf,SEA,WR,1,3,CAR,22.033898305084744,25,71.8,13,81.3,7,43.8,8.15,0.54,16.57,116,53.2,106,55.5,15.14,21.2,5,71.4,29,5.8,11,2.2,0,0.12,0,0,1,0,5,0.385,113.7,5,41.7,0,0,6,85.7,2,60,0,0,1,0,0,0,1,0.2,50,5.27,0.889,76.9,23.1,0,0,15.6,15.3,15.6,15.32,0.28,1.2,1.18,15.3
2023,29,Tyreek Hill,MIA,WR,1,5,NYG,13.846153846153847,15.384615384615385,46.3,9,56.3,6,37.5,11.67,0.67,11.5,69,58,105,62.9,17.5,21,5,83.3,62,12.4,7,1.4,1,0.42,100,1,0,0,4,0.444,158.3,4,33.3,1,16.7,5,83.3,2,25,0,0,0,0,0,0,0,0,66.7,8.93,1.582,77.8,11.1,11.1,0,21.5,15.2,21.5,15.25,6.25,2.39,1.69,15.2
2023,30,Stefon Diggs,BUF,WR,1,3,WAS,15.11627906976744,14.893617021276595,66.2,13,100,7,53.8,8,0.54,14.57,102,43.2,104,72.7,14.86,17.33,6,85.7,20,3.33,8,1.33,0,0.16,0,0,0,0,4,0.308,118.8,6,60,1,14.3,6,85.7,2,50,0,0,1,1,100,0,1,0.17,53.8,5.19,1.087,76.9,23.1,0,0,16.4,16.4,16.4,16.36,0.04,1.26,1.26,16.4
2023,31,George Pickens,PIT,WR,1,2,CLV,16.666666666666664,20,84.9,10,90.9,7,63.6,10.4,0.7,11.29,79,76,104,83.9,14.86,34.67,3,42.9,67,22.33,39,13,1,0.07,100,0,0,0,2,0.2,129.5,5,55.6,0,0,3,42.9,0,66.7,0,0,0,0,0,0,2,0.67,70,6.24,0.407,100,0,0,0,19.4,8.3,19.4,8.32,11.08,1.94,0.83,8.3
2023,32,Puka Nacua,LA,WR,1,1,SEA,19.318181818181817,24.074074074074073,76.9,17,85,13,65,6,0.76,10.46,136,59.6,102,59.6,7.85,12.75,8,61.5,30,3.75,18,2.25,0,0.02,0,0,0,0,6,0.353,86.1,7,63.6,0,0,11,84.6,2,25,1,7.7,0,0,0,1,0,0,72.2,-0.19,0.462,94.1,5.9,0,0,18.2,23.4,18.2,23.41,-5.21,1.07,1.38,23.4
2023,33,Gabe Davis,BUF,WR,1,5,JAX,31.818181818181817,33.33333333333333,90.7,21,100,8,38.1,4.76,0.38,13.63,109,31.6,100,35.3,12.5,16.67,6,75,11,1.83,7,1.17,1,0.94,50,1,1,1,4,0.19,156.3,4,30.8,0,0,7,87.5,3,40,1,12.5,2,2,100,1,0,0,38.1,3.84,1.115,85.7,14.3,0,0,22,19.9,22,19.93,2.07,1.05,0.95,19.9
2023,34,A.J. Brown,PHI,WR,1,3,TB,17.073170731707318,20,82.1,14,77.8,10,55.6,7.07,0.71,7.8,78,38,99,73.3,9.9,14.14,7,70,47,6.71,38,5.43,0,0.72,0,3,1,0,6,0.429,101.7,8,50,0,0,8,80,0,33.3,0,0,0,0,0,0,4,0.57,66.7,2.32,0.508,85.7,14.3,0,0,16.9,19.1,16.9,19.08,-2.18,1.21,1.36,19.1
2023,35,Deebo Samuel,SF,WR,1,3,NYG,25.581395348837212,47.61904761904761,80.8,11,84.6,10,76.9,9,0.91,7.9,79,98.8,99,91.7,9.9,19.8,5,50,45,9,38,7.6,1,0.62,100,3,1,0,4,0.364,118.3,8,72.7,1,10,9,90,1,40,0,0,4,1,25,0,6,1.2,76.9,1.99,0.466,90.9,9.1,0,0,20.9,18.6,20.9,18.63,2.27,1.9,1.69,18.6
2023,36,Chris Godwin,TB,WR,1,4,NO,21.052631578947366,33.33333333333333,74.6,12,75,9,56.3,8.08,0.75,8.56,77,58.8,97,66.4,10.78,16.17,6,66.7,58,9.67,16,2.67,0,0.45,0,2,1,0,4,0.333,63,8,57.1,1,11.1,8,88.9,0,40,0,0,3,1,33.3,0,0,0,64.3,2.95,0.227,100,0,0,0,15.7,16.2,15.7,16.23,-0.53,1.31,1.32,15.8
2023,37,Cooper Kupp,LA,WR,1,6,ARZ,45.45454545454545,66.66666666666666,100,10,83.3,6,50,9.6,0.6,18.33,110,76.4,96,78.7,16,19.2,5,83.3,6,1.2,5,1,1,0.57,100,2,2,1,3,0.3,158.3,5,45.5,0,0,5,83.3,3,50,0,0,1,1,100,0,0,0,50,6.03,1.262,80,20,0,0,20.6,14.7,20.6,14.69,5.91,2.06,1.47,14.7
2023,38,A.J. Brown,PHI,WR,1,5,LA,13.414634146341465,12,98.7,11,100,6,54.5,8.73,0.55,18.83,113,72.4,96,94.1,16,24,4,66.7,32,8,8,2,0,0.08,0,1,1,0,4,0.364,70.1,6,75,0,0,5,83.3,3,50,0,0,1,0,0,1,0,0,54.5,5.9,0.24,90.9,9.1,0,0,13.6,14.4,13.6,14.44,-0.84,1.24,1.31,14.4
2023,39,Drake London,ATL,WR,1,6,WAS,26.027397260273972,25.71428571428571,82.3,19,90.5,9,42.9,5.05,0.47,11.78,106,41.4,96,67.6,10.67,13.71,7,77.8,21,3,8,1.14,0,0.03,0,1,1,0,5,0.263,71.5,9,47.4,1,11.1,8,88.9,1,14.3,1,11.1,2,2,100,1,0,0,47.4,2.15,0.17,68.4,31.6,0,0,16.6,16.9,16.6,16.9,-0.3,0.87,0.89,16.9
2023,40,D.J. Moore,CHI,WR,1,4,DEN,22.033898305084744,25.806451612903224,92.9,13,92.9,8,57.1,7.23,0.62,16.63,133,75.1,94,56,11.75,15.67,6,75,25,4.17,17,2.83,0,0.17,0,0,0,0,5,0.385,113.5,8,66.7,0,0,8,100,2,33.3,0,0,5,3,60,0,3,0.5,61.5,2.33,0.766,92.3,7.7,0,0,15.4,16,15.4,16.04,-0.64,1.18,1.23,16
2023,41,Ja'Marr Chase,CIN,WR,1,3,LA,20.652173913043477,20.454545454545457,95.9,19,100,9,47.4,4.89,0.47,14.33,129,54,93,81.6,10.33,15.5,6,66.7,29,4.83,33,5.5,0,0.04,0,0,0,0,4,0.211,100.7,8,50,0,0,7,77.8,2,16.7,1,11.1,0,0,0,1,1,0.17,47.4,1.22,0.468,84.2,15.8,0,0,15.3,16,15.3,16,-0.7,0.81,0.84,16
2023,42,Michael Gallup,DAL,WR,1,3,ARZ,26.666666666666668,21.875,68,16,88.9,7,38.9,5.75,0.44,10.57,74,41.1,92,56.8,13.14,15.33,6,85.7,42,7,24,4,0,0.68,0,2,1,0,4,0.25,118.8,7,38.9,1,14.3,7,100,2,33.3,0,0,2,1,50,1,2,0.33,43.8,4.9,0.842,100,0,0,0,15.2,17.1,15.2,17.1,-1.9,0.95,1.07,17.1
2023,43,Calvin Ridley,JAX,WR,1,1,IND,22.666666666666664,26.31578947368421,81.2,17,94.4,10,55.6,5.41,0.59,8.6,86,53.4,92,53.8,9.2,13.14,7,70,39,5.57,5,0.71,0,0.03,0,1,0,0,3,0.176,98.8,9,52.9,2,20,7,70,1,33.3,0,0,0,0,0,0,1,0.14,58.8,1.5,0.235,88.2,11.8,0,0,16.2,13.3,16.2,13.32,2.88,0.95,0.78,13.3
2023,44,Justin Jefferson,MIN,WR,1,2,PHI,27.397260273972602,30.555555555555557,100,20,100,11,55,4.6,0.55,12.73,140,50.9,92,47.9,8.36,11.5,8,72.7,15,1.88,10,1.25,0,0.18,0,1,0,0,7,0.35,97.5,11,73.3,1,9.1,9,81.8,1,28.6,0,0,2,1,50,0,2,0.25,55,-0.31,0.497,90,10,0,0,17.2,17.3,17.2,17.28,-0.08,0.86,0.86,17.3
2023,45,Calvin Ridley,JAX,WR,1,5,BUF,21.333333333333336,18.421052631578945,85.4,16,94.1,7,41.2,5.63,0.44,14.71,103,48.1,90,59.6,12.86,15,6,85.7,7,1.17,2,0.33,0,0.19,0,1,1,0,6,0.375,118.8,6,46.2,0,0,7,100,1,16.7,0,0,2,1,50,0,0,0,43.8,3.03,1.289,100,0,0,0,15,17.2,15,17.16,-2.16,0.94,1.07,17.2
2023,46,Michael Pittman,IND,WR,1,1,JAX,14.285714285714285,18.75,97.1,12,100,9,75,7.42,0.75,6.11,55,71.4,89,94.7,9.89,12.71,7,77.8,53,7.57,16,2.29,1,0.11,100,2,1,0,3,0.25,144.9,8,80,1,11.1,7,77.8,0,16.7,0,0,1,1,100,0,1,0.14,75,2.93,0.107,100,0,0,0,21.9,12.8,21.9,12.84,9.06,1.82,1.07,12.8
2023,47,Jalin Hyatt,NYG,WR,1,2,ARZ,22.857142857142858,22.22222222222222,20.9,8,61.5,2,15.4,11.13,0.25,37.5,75,31.4,89,51.7,44.5,44.5,2,100,14,7,4,2,0,0.08,0,0,0,0,2,0.25,118.8,2,16.7,0,0,2,100,2,100,0,0,1,1,100,1,0,0,25,32.4,2.903,62.5,37.5,0,0,10.9,7.2,10.9,7.22,3.68,1.36,0.9,7.2
2023,48,Terry McLaurin,WAS,WR,1,4,PHI,22.857142857142858,25,81.1,16,80,9,45,5.38,0.56,10,90,39.5,86,53.8,9.56,10.75,8,88.9,37,4.63,11,1.38,0,0.05,0,0,0,0,4,0.25,106.5,8,50,1,11.1,8,88.9,1,12.5,0,0,2,2,100,0,0,0,56.3,1.53,0.423,100,0,0,0,16.6,13.8,16.6,13.81,2.79,1.04,0.86,13.8
2023,49,Jaylen Waddle,MIA,WR,1,2,NE,21.052631578947366,24,72.1,12,70.6,6,35.3,7.17,0.5,11.83,71,38.8,86,50.6,14.33,21.5,4,66.7,48,12,32,8,0,0.05,0,0,0,0,4,0.333,109.7,6,35.3,1,16.7,5,83.3,2,50,1,16.7,1,1,100,0,2,0.5,46.2,5.62,1.005,66.7,33.3,0,0,12.6,10,12.6,10.01,2.59,1.05,0.83,10
2023,50,Jakobi Meyers,LV,WR,1,3,PIT,30.37974683544304,31.428571428571427,86.6,24,77.4,11,35.5,3.54,0.46,10.91,120,33,85,32.6,7.73,12.14,7,63.6,13,1.86,7,1,0,0.07,0,2,1,0,2,0.083,49.4,8,28.6,1,9.1,8,72.7,1,0,0,0,2,1,50,1,1,0.14,40.7,-0.6,-0.307,87.5,12.5,0,0,15.5,15.4,15.5,15.44,0.06,0.65,0.64,15.4
2023,51,Justin Jefferson,MIN,WR,1,4,CAR,10.95890410958904,22.22222222222222,97.7,8,100,8,100,10.63,1,14.63,117,100,85,100,10.63,14.17,6,75,4,0.67,4,0.67,2,1.25,100,1,2,2,6,0.75,148.4,7,100,0,0,6,75,2,40,0,0,1,1,100,0,0,0,100,1.63,0.918,100,0,0,0,26.5,20.3,26.5,20.26,6.24,3.31,2.53,20.3
2023,52,Rashid Shaheed,NO,WR,1,6,HST,15.384615384615385,16.666666666666664,76.9,10,76.9,3,23.1,8.5,0.3,26,78,30.2,85,55.6,28.33,42.5,2,66.7,7,3.5,0,0,1,0.97,100,0,0,0,2,0.2,149.3,2,18.2,0,0,2,66.7,2,100,0,0,1,1,100,1,0,0,30,18,2.474,40,60,0,0,16.5,12.6,16.5,12.57,3.93,1.65,1.26,12.6
2023,53,Chris Olave,NO,WR,1,3,GB,22.07792207792208,32.142857142857146,80,17,89.5,9,47.4,4.94,0.53,11.22,101,39.3,84,68.3,9.33,14,6,66.7,20,3.33,12,2,0,1.06,0,1,1,0,5,0.294,96.5,9,52.9,0,0,8,88.9,2,33.3,1,11.1,3,1,33.3,1,0,0,52.9,1.12,0.56,70.6,29.4,0,0,14.4,21.5,14.4,21.48,-7.08,0.85,1.26,21.5
2023,54,Tyler Lockett,SEA,WR,1,6,CIN,25.806451612903224,24,75.7,16,88.9,6,33.3,5.19,0.38,17.17,103,41.4,83,38.8,13.83,20.75,4,66.7,17,4.25,12,3,0,0.41,0,1,1,0,3,0.188,109.7,6,42.9,1,16.7,5,83.3,3,50,0,0,2,1,50,0,1,0.25,37.5,4.98,0.676,68.8,31.3,0,0,12.3,12.3,12.3,12.25,0.05,0.77,0.77,12.3
2023,55,Mike Williams,LAC,WR,1,2,TEN,41.86046511627907,52.38095238095239,90.8,18,81.8,11,50,4.61,0.61,11.27,124,44.8,83,44.9,7.55,10.38,8,72.7,47,5.88,31,3.88,0,0.03,0,0,0,0,5,0.278,94.1,9,47.4,2,18.2,9,81.8,2,12.5,0,0,2,1,50,0,3,0.38,57.9,-0.66,0.456,83.3,16.7,0,0,16.3,14.5,16.3,14.49,1.81,0.91,0.81,14.5
2023,56,Garrett Wilson,NYJ,WR,1,2,DAL,16.363636363636363,19.35483870967742,89.1,9,100,6,66.7,9.22,0.67,20.83,125,70.6,83,76.1,13.83,41.5,2,33.3,57,28.5,53,26.5,1,0.01,100,0,0,0,2,0.222,81.9,5,83.3,0,0,3,50,2,50,0,0,2,1,50,0,1,0.5,66.7,3.84,-0.553,77.8,22.2,0,0,16.3,4.9,16.3,4.92,11.38,1.81,0.55,4.9
2023,57,Garrett Wilson,NYJ,WR,1,6,PHI,27.27272727272727,35.483870967741936,88.1,15,93.8,11,68.8,5.53,0.73,11.18,123,80.9,83,95.4,7.55,11.86,7,63.6,19,2.71,9,1.29,0,0.59,0,3,1,0,3,0.2,86.6,10,76.9,1,9.1,8,72.7,2,16.7,0,0,4,2,50,1,2,0.29,73.3,-0.87,0.147,93.3,6.7,0,0,15.3,17.5,15.3,17.5,-2.2,1.02,1.17,17.5
2023,58,Stefon Diggs,BUF,WR,1,1,NYJ,20.930232558139537,19.148936170212767,83.8,18,100,9,50,4.56,0.5,7.22,65,38.7,82,54.3,9.11,10.25,8,88.9,29,3.63,19,2.38,0,0.06,0,1,0,0,4,0.222,104.6,7,58.3,1,11.1,9,100,0,0,0,0,2,1,50,0,1,0.13,50,1.58,0.507,61.1,33.3,0,5.6,16.2,15.3,16.2,15.32,0.88,0.9,0.85,15.3
2023,59,Stefon Diggs,BUF,WR,1,6,NYG,16.27906976744186,19.148936170212767,93.2,14,100,9,64.3,5.86,0.64,15,135,70.7,82,68.9,9.11,16.4,5,55.6,15,3,5,1,0,0.03,0,0,0,0,4,0.286,86.3,7,87.5,1,11.1,6,66.7,2,20,1,11.1,0,0,0,0,1,0.2,64.3,0.04,0.141,78.6,21.4,0,0,13.2,15,13.2,14.95,-1.75,0.94,1.07,15
2023,60,Jakobi Meyers,LV,WR,1,1,DEN,20.253164556962027,28.57142857142857,80,16,88.9,10,55.6,5.06,0.63,8,80,47.3,81,55.1,8.1,9,9,90,18,2,7,0.78,2,1.44,100,3,2,1,5,0.313,140,7,53.8,1,10,10,100,0,14.3,0,0,0,0,0,0,1,0.11,58.8,0.54,0.909,87.5,12.5,0,0,29.1,25.4,29.1,25.41,3.69,1.82,1.59,25.4
2023,61,Gabe Davis,BUF,WR,1,2,LV,15.151515151515152,20.833333333333336,75.7,10,83.3,5,41.7,8.1,0.5,14.2,71,65.7,81,55.9,16.2,20.25,4,80,25,6.25,12,3,0,0.1,0,0,0,0,4,0.4,118.8,2,22.2,0,0,4,80,1,25,0,0,0,0,0,0,1,0.25,41.7,6.94,1.305,80,20,0,0,12.1,11.1,12.1,11.12,0.98,1.21,1.11,11.1
2023,62,Rashid Shaheed,NO,WR,1,1,TEN,16.923076923076923,27.77777777777778,54.7,11,64.7,5,29.4,7.36,0.45,18,90,37.2,81,42.9,16.2,20.25,4,80,9,2.25,0,0,1,1.04,100,2,2,1,3,0.273,158.3,3,42.9,1,20,4,80,3,66.7,0,0,0,0,0,1,0,0,45.5,5.92,1.234,72.7,27.3,0,0,18.1,17.7,18.1,17.7,0.4,1.65,1.61,17.7
2023,63,Josh Reynolds,DET,WR,1,1,KC,26.31578947368421,26.08695652173913,68.6,15,75,6,30,5.33,0.4,11.5,69,37.1,80,43.7,13.33,20,4,66.7,29,7.25,20,5,0,0.01,0,0,0,0,4,0.267,109.7,4,25,1,16.7,5,83.3,1,50,1,16.7,0,0,0,0,1,0.25,37.5,4.28,0.465,53.3,46.7,0,0,12,10.6,12,10.55,1.45,0.8,0.7,10.6
2023,64,Courtland Sutton,DEN,WR,1,3,MIA,28.07017543859649,27.586206896551722,94.9,16,88.9,8,44.4,4.94,0.5,11.75,94,34.9,79,41.6,9.88,13.17,6,75,33,5.5,2,0.33,1,1.15,100,2,2,1,3,0.188,145.3,4,30.8,0,0,8,100,2,40,1,12.5,1,0,0,1,1,0.17,50,1.56,-0.755,81.3,12.5,6.3,0,17.9,20.5,17.9,20.52,-2.62,1.24,1.28,20.5
2023,65,Drake London,ATL,WR,1,5,HST,16.43835616438356,25.71428571428571,86.5,12,92.3,9,69.2,6.5,0.75,10.89,98,70.5,78,60.5,8.67,13,6,66.7,16,2.67,8,1.33,0,0.07,0,1,1,0,5,0.417,93.8,8,66.7,1,11.1,6,66.7,1,33.3,0,0,2,2,100,1,1,0.17,75,0.28,0.258,83.3,16.7,0,0,13.8,12.1,13.8,12.11,1.69,1.15,1.01,12.1
2023,66,A.J. Brown,PHI,WR,1,1,NE,17.073170731707318,16,90.2,14,82.4,8,47.1,5.5,0.57,20.38,163,65.5,77,63.6,9.63,12.83,6,75,13,2.17,7,1.17,0,0.24,0,0,1,0,4,0.286,104.7,7,53.8,0,0,7,87.5,2,16.7,0,0,0,0,0,0,2,0.33,50,-0.45,0.418,100,0,0,0,13.7,22.5,13.7,22.55,-8.85,0.98,1.61,22.5
2023,67,Josh Palmer,LAC,WR,1,4,LV,15,26.08695652173913,87.3,9,81.8,6,54.5,8.56,0.67,19.17,115,67.3,77,73.3,12.83,25.67,3,50,23,7.67,8,2.67,0,0.07,0,0,0,0,2,0.222,95.8,5,55.6,0,0,4,66.7,2,33.3,1,16.7,2,1,50,0,1,0.33,60,3.03,0.06,66.7,33.3,0,0,10.7,10.2,10.7,10.2,0.5,1.19,1.13,10.2
2023,68,Josh Reynolds,DET,WR,1,5,CAR,10.526315789473683,21.73913043478261,46.7,6,66.7,5,55.6,12.67,0.83,14.2,71,76.3,76,70.4,15.2,19,4,80,28,7,16,4,1,0.98,100,1,1,1,4,0.667,158.3,4,50,0,0,5,100,1,100,1,20,2,1,50,0,2,0.5,83.3,6.03,1.095,83.3,16.7,0,0,17.6,15.3,17.6,15.35,2.25,2.93,2.56,15.3
2023,69,Brandon Aiyuk,SF,WR,1,6,CLV,28.205128205128204,36,98.2,11,100,9,81.8,6.91,0.82,15.33,138,93.9,76,95,8.44,19,4,44.4,47,11.75,4,1,0,0.05,0,0,0,0,2,0.182,34.7,8,88.9,0,0,5,55.6,2,50,0,0,0,0,0,0,4,1,81.8,-0.29,-0.392,100,0,0,0,11.6,12.1,11.6,12.06,-0.46,1.05,1.1,12.1
2023,70,CeeDee Lamb,DAL,WR,1,2,NYJ,14.285714285714285,25,72.3,10,100,5,50,7.6,0.5,9.8,49,41.9,76,84.4,15.2,15.2,5,100,27,5.4,13,2.6,0,0.05,0,0,0,0,3,0.3,118.8,3,75,1,20,5,100,1,40,0,0,0,0,0,1,2,0.4,50,6.97,1.314,50,50,0,0,12.6,12,12.6,12.04,0.56,1.26,1.2,12
2023,71,Treylon Burks,TEN,WR,1,2,LAC,30,40,63.5,9,75,4,33.3,8.44,0.44,19.25,77,46.4,76,45.8,19,25.33,3,75,18,6,3,1,0,0.19,0,1,0,0,1,0.111,116.7,3,33.3,0,0,3,75,1,50,0,0,1,1,100,0,0,0,40,9.17,0.791,66.7,33.3,0,0,10.6,8.2,10.6,8.21,2.39,1.18,0.91,8.2
2023,72,Davante Adams,LV,WR,1,4,LAC,16.842105263157894,24.528301886792452,85.5,16,94.1,13,76.5,4.69,0.81,10.85,141,81.5,75,62.5,5.77,9.38,8,61.5,15,1.88,10,1.25,0,0.67,0,5,0,0,5,0.313,77.4,12,75,1,7.7,9,69.2,1,0,0,0,6,2,33.3,1,1,0.13,76.5,-2.6,0.592,100,0,0,0,15.5,17.8,15.5,17.79,-2.29,0.97,1.11,17.8
2023,73,DK Metcalf,SEA,WR,1,2,DET,22.033898305084744,21.428571428571427,82.1,13,86.7,6,40,5.77,0.46,11.17,67,37.4,75,53.2,12.5,12.5,6,100,8,1.33,6,1,0,0.13,0,2,0,0,4,0.308,118.8,4,40,0,0,6,100,0,0,0,0,1,1,100,0,1,0.17,46.2,3.89,1.23,84.6,15.4,0,0,13.5,12.9,13.5,12.87,0.63,1.04,0.99,12.9
2023,74,Romeo Doubs,GB,WR,1,4,DET,25,33.33333333333333,88.7,15,93.8,10,62.5,5,0.67,10.1,101,50.8,75,53.6,7.5,10.71,7,70,13,1.86,6,0.86,0,0.01,0,1,1,0,2,0.133,52.1,9,60,0,0,8,80,0,0,0,0,1,0,0,0,0,0,66.7,-0.69,-0.364,93.3,6.7,0,0,14.5,15.3,14.5,15.32,-0.82,0.97,1.02,15.3
2023,75,Brandon Aiyuk,SF,WR,1,1,PIT,23.076923076923077,16,84.8,9,81.8,4,36.4,8.22,0.44,13.75,55,50.9,74,60.7,18.5,18.5,4,100,20,5,8,2,1,0.77,100,1,1,1,4,0.444,158.3,4,50,0,0,4,100,1,66.7,0,0,1,1,100,1,1,0.25,40,9.22,2.311,66.7,33.3,0,0,17.4,13.6,17.4,13.59,3.81,1.93,1.51,13.6
2023,76,Marvin Mims,DEN,WR,1,3,MIA,34.78260869565217,36.36363636363637,25.4,8,44.4,4,22.2,9.13,0.5,20.75,83,30.9,73,38.4,18.25,24.33,3,75,25,8.33,4,1.33,0,0.26,0,0,0,0,2,0.25,116.7,4,30.8,0,0,4,100,2,66.7,0,0,3,2,66.7,0,0,0,50,7.84,1.272,100,0,0,0,10.3,7.4,10.3,7.45,2.85,1.29,0.93,7.4
2023,77,Kendrick Bourne,NE,WR,1,6,LV,18.0327868852459,15.625,92.9,11,91.7,5,41.7,6.55,0.45,4.2,21,16.5,72,76.6,14.4,14.4,5,100,51,10.2,33,6.6,0,0.02,0,0,0,0,2,0.182,118.8,5,41.7,1,20,5,100,0,20,0,0,0,0,0,0,2,0.4,45.5,8.16,1.22,54.5,45.5,0,0,12.2,8.9,12.2,8.94,3.26,1.11,0.81,8.9
2023,78,Calvin Austin,PIT,WR,1,3,LV,18.367346938775512,20,71.7,9,90,3,30,8,0.33,13.33,40,43,72,49.3,24,36,2,66.7,37,18.5,-1,-0.5,1,0.67,100,0,0,0,1,0.111,149.3,3,37.5,1,33.3,2,66.7,1,50,0,0,0,0,0,0,0,0,33.3,15.11,1.918,66.7,33.3,0,0,15.2,10.9,15.2,10.87,4.33,1.69,1.21,10.9
2023,79,Jordan Addison,MIN,WR,1,2,PHI,21.12676056338028,16.666666666666664,70.9,15,75,5,25,4.8,0.33,20.4,102,37.1,72,37.5,14.4,24,3,60,22,7.33,18,6,1,0.13,50,0,0,0,1,0.067,143.8,2,13.3,0,0,3,60,3,33.3,0,0,0,0,0,0,1,0.33,33.3,4.65,1.064,80,20,0,0,16.2,8.9,16.2,8.85,7.35,1.08,0.59,8.9
2023,80,Michael Pittman,IND,WR,1,3,BLT,25,18.75,100,21,100,9,42.9,3.33,0.43,6,54,24.9,70,50,7.78,10,7,77.8,31,4.43,9,1.29,0,0.03,0,1,0,0,3,0.143,99.1,8,44.4,3,33.3,8,88.9,1,16.7,0,0,2,2,100,1,0,0,42.9,1.17,0.462,85.7,14.3,0,0,14,13.4,14,13.41,0.59,0.67,0.64,13.4
2023,81,Josh Reynolds,DET,WR,1,4,GB,19.298245614035086,26.08695652173913,74,11,78.6,6,42.9,6.27,0.55,10.33,62,52.5,69,57.5,11.5,23,3,50,19,6.33,10,3.33,0,0.76,0,1,1,0,3,0.273,91.7,6,54.5,0,0,4,66.7,1,100,0,0,1,1,100,1,0,0,54.5,3.16,0.526,81.8,18.2,0,0,9.9,13.1,9.9,13.1,-3.2,0.9,1.19,13.1
2023,82,DK Metcalf,SEA,WR,1,6,CIN,23.728813559322035,25,77.1,14,77.8,7,38.9,4.93,0.5,17.29,121,48.6,69,32.2,9.86,17.25,4,57.1,24,6,2,0.5,0,0.08,0,1,0,0,4,0.286,51.2,7,50,0,0,5,71.4,3,33.3,0,0,2,1,50,0,0,0,46.7,0.51,0.156,78.6,21.4,0,0,10.9,10.7,10.9,10.74,0.16,0.78,0.77,10.7
2023,83,Robbie Chosen,MIA,WR,1,3,DEN,66.66666666666666,100,57.7,6,46.2,1,7.7,11.33,0.17,41,41,26.1,68,28,68,68,1,100,27,27,1,1,1,0.51,50,0,0,0,1,0.167,158.3,1,9.1,0,0,1,100,1,100,0,0,0,0,0,0,0,0,16.7,53,6.646,83.3,16.7,0,0,13.8,9.8,13.8,9.85,3.95,2.3,1.64,9.8
2023,84,Michael Wilson,ARZ,WR,1,4,SF,25.423728813559322,35.294117647058826,71.6,15,71.4,6,28.6,4.53,0.4,10.17,61,29,68,46.9,11.33,11.33,6,100,13,2.17,7,1.17,1,0.6,100,1,1,1,3,0.2,153.5,4,23.5,0,0,6,100,2,20,0,0,0,0,0,0,0,0,40,3.99,1.1,66.7,33.3,0,0,18.8,14.3,18.8,14.32,4.48,1.25,0.95,14.3
2023,85,Tank Dell,HST,WR,1,2,IND,39.21568627450981,40,78.5,20,90.9,8,36.4,3.4,0.4,10.5,84,36.5,68,30.6,8.5,11.33,6,75,19,3.17,13,2.17,1,0.07,50,0,0,0,2,0.1,139.6,6,31.6,0,0,7,87.5,1,16.7,0,0,0,0,0,0,1,0.17,40,0.23,0.396,65,35,0,0,18.8,14.5,18.8,14.51,4.29,0.94,0.73,14.5
2023,86,Davante Adams,LV,WR,1,1,DEN,17.894736842105264,15.09433962264151,89.1,17,94.4,8,44.4,3.88,0.47,11.13,89,52.7,66,44.9,8.25,11,6,75,4,0.67,2,0.33,0,0.02,0,1,0,0,4,0.235,99,6,46.2,0,0,7,87.5,1,0,0,0,2,1,50,0,0,0,44.4,0.04,0.912,82.4,17.6,0,0,12.6,13.5,12.6,13.51,-0.91,0.74,0.79,13.5
2023,87,Mike Evans,TB,WR,1,1,MIN,25.49019607843137,32.142857142857146,83.8,13,92.9,9,64.3,5.08,0.69,14.44,130,77.8,66,54.5,7.33,11,6,66.7,13,2.17,5,0.83,1,0.91,100,0,1,1,2,0.154,125.2,8,61.5,1,11.1,8,88.9,3,16.7,1,11.1,2,1,50,0,0,0,64.3,-1.7,0.421,84.6,15.4,0,0,18.6,20.7,18.6,20.71,-2.11,1.43,1.59,20.7
2023,88,Amari Cooper,CLV,WR,1,2,PIT,24.074074074074073,17.24137931034483,74.1,13,76.5,5,29.4,5.08,0.38,16.8,84,28.7,66,65.3,13.2,16.5,4,80,11,2.75,4,1,0,0.02,0,0,0,0,4,0.308,118.8,5,33.3,0,0,4,80,2,25,0,0,2,2,100,1,0,0,35.7,3.48,1.321,76.9,23.1,0,0,10.6,8.5,10.6,8.53,2.07,0.82,0.66,8.5
2023,89,Nico Collins,HST,WR,1,1,BLT,17.46031746031746,26.47058823529412,73.6,11,50,9,40.9,6,0.82,15.22,137,66.5,66,51.2,7.33,13.2,5,55.6,16,3.2,8,1.6,0,0.03,0,0,0,0,2,0.182,78.9,7,43.8,0,0,6,66.7,2,20,0,0,1,0,0,0,1,0.2,64.3,-1.6,0.298,90.9,9.1,0,0,11.6,13.1,11.6,13.13,-1.53,1.05,1.19,13.1
2023,90,Brandon Johnson,DEN,WR,1,2,WAS,22.5,25,48.4,9,75,3,25,7.33,0.33,18.67,56,25.8,66,29.1,22,33,2,66.7,17,8.5,0,0,2,0.49,66.7,1,0,0,2,0.222,149.3,2,28.6,0,0,3,100,1,100,1,33.3,1,1,100,1,0,0,30,12.83,3.099,88.9,11.1,0,0,20.6,8.8,20.6,8.85,11.75,2.29,0.98,8.8
2023,91,Kendrick Bourne,NE,WR,1,1,PHI,26.229508196721312,28.125,91,16,84.2,9,47.4,4,0.56,13.67,123,49.6,64,54.7,7.11,10.67,6,66.7,23,3.83,3,0.5,2,1.24,100,2,2,2,3,0.188,126.9,9,52.9,1,11.1,8,88.9,3,0,0,0,3,1,33.3,1,0,0,50,-1.63,0.461,81.3,18.8,0,0,24.4,19.5,24.4,19.5,4.9,1.52,1.22,19.5
2023,92,Terry McLaurin,WAS,WR,1,6,ATL,15.714285714285714,25,86,11,91.7,9,75,5.73,0.82,8.33,75,52.1,63,79.7,7,12.6,5,55.6,32,6.4,19,3.8,0,0.01,0,0,0,0,4,0.364,77.5,7,70,0,0,6,66.7,2,20,0,0,1,0,0,0,2,0.4,81.8,0,0.124,81.8,18.2,0,0,11.3,11.2,11.3,11.16,0.14,1.03,1.01,11.2
2023,93,Josh Palmer,LAC,WR,1,3,MIN,21.666666666666668,26.08695652173913,60.9,13,54.2,6,25,4.85,0.46,17.83,107,35,63,19.6,10.5,21,3,50,9,3,2,0.67,1,0.07,50,0,0,0,2,0.154,127.1,4,22.2,0,0,3,50,3,66.7,0,0,1,0,0,0,0,0,40,1.36,-0.325,61.5,38.5,0,0,14.3,6.6,14.3,6.6,7.7,1.18,0.51,6.6
2023,94,Drake London,ATL,WR,1,2,GB,21.91780821917808,20,82.1,16,94.1,7,41.2,3.94,0.44,9.71,68,39.3,63,58.9,9,12.6,5,71.4,23,4.6,12,2.4,1,0.91,100,1,1,1,3,0.188,138.7,6,50,2,28.6,5,71.4,2,50,0,0,2,2,100,0,2,0.4,43.8,0.57,0.633,81.3,18.8,0,0,17.3,13.6,17.3,13.58,3.72,1.08,0.85,13.6
2023,95,Skyy Moore,KC,WR,1,2,JAX,26.82926829268293,25,60.9,11,68.8,3,18.8,5.73,0.27,17,51,29.8,63,51.6,21,31.5,2,66.7,32,16,3,1.5,1,0.69,100,1,0,0,2,0.182,149.3,2,14.3,0,0,2,66.7,2,100,0,0,0,0,0,0,0,0,21.4,11.47,1.881,54.5,45.5,0,0,14.3,9.5,14.3,9.52,4.78,1.3,0.87,9.5
2023,96,Chris Godwin,TB,WR,1,6,DET,19.298245614035086,18.51851851851852,83.3,11,100,5,45.5,5.64,0.45,15,75,51.7,62,70.5,12.4,15.5,4,80,14,3.5,6,1.5,0,0.01,0,0,0,0,4,0.364,118.3,5,55.6,0,0,4,80,1,25,0,0,2,2,100,0,1,0.25,45.5,3.03,1.038,81.8,18.2,0,0,10.2,8.3,10.2,8.28,1.92,0.93,0.75,8.3
2023,97,Deonte Harty,BUF,WR,1,5,JAX,42.857142857142854,50,24.1,9,42.9,2,9.5,6.89,0.22,28.5,57,16.5,62,21.9,31,31,2,100,5,2.5,4,2,0,0.07,0,0,0,0,2,0.222,118.8,2,15.4,0,0,2,100,1,50,0,0,0,0,0,0,0,0,22.2,18.45,2.138,33.3,66.7,0,0,8.2,7.9,8.2,7.93,0.27,0.91,0.88,7.9
2023,98,George Pickens,PIT,WR,1,3,LV,15,14.285714285714285,88.3,9,90,5,50,6.89,0.56,8,40,43,62,42.5,12.4,20.67,3,60,35,11.67,4,1.33,0,0.02,0,0,0,0,3,0.333,103.7,4,50,0,0,5,100,0,33.3,0,0,2,0,0,0,0,0,50,5.13,0.77,88.9,11.1,0,0,9.2,8.6,9.2,8.61,0.59,1.02,0.96,8.6
2023,99,Allen Lazard,NYJ,WR,1,4,KC,18.181818181818183,16.666666666666664,86,8,80,3,30,7.63,0.38,21.33,64,38.6,61,66.3,20.33,20.33,3,100,2,0.67,0,0,1,0.73,100,1,1,1,3,0.375,158.3,3,37.5,0,0,3,100,1,50,0,0,2,2,100,0,0,0,37.5,9.4,2.039,87.5,12.5,0,0,15.1,9.7,15.1,9.7,5.4,1.89,1.21,9.7
2023,100,D.J. Moore,CHI,WR,1,2,TB,15.254237288135593,12.903225806451612,90.2,9,90,4,40,6.78,0.44,11.25,45,37.5,61,62.9,15.25,15.25,4,100,16,4,4,1,0,0.01,0,0,0,0,2,0.222,118.8,4,44.4,1,25,4,100,2,50,0,0,0,0,0,0,0,0,44.4,6.59,0.916,88.9,11.1,0,0,10.1,10.1,10.1,10.09,0.01,1.12,1.12,10.1
2023,101,Jordan Addison,MIN,WR,1,1,TB,18.30985915492958,16.666666666666664,55.6,13,68.4,5,26.3,4.69,0.38,16.2,81,40.7,61,28.2,12.2,20.33,3,60,6,2,1,0.33,1,0.78,100,1,1,0,2,0.154,142.5,5,33.3,0,0,3,60,1,33.3,0,0,0,0,0,0,0,0,35.7,3.26,1.277,69.2,30.8,0,0,15.1,12.4,15.1,12.43,2.67,1.16,0.96,12.4
2023,102,Michael Gallup,DAL,WR,1,4,NE,16.666666666666664,18.75,53.6,10,52.6,6,31.6,6,0.6,4.33,26,19.8,60,34.1,10,12,5,83.3,41,8.2,12,2.4,0,0.19,0,0,0,0,2,0.2,108.3,4,30.8,2,33.3,6,100,0,20,1,16.7,0,0,0,0,0,0,54.5,3.24,0.48,100,0,0,0,11,12.6,11,12.58,-1.58,1.1,1.26,12.6
2023,103,Travis Kelce,KC,TE,1,6,DEN,20.689655172413794,25,67.1,6,50,2,16.7,9.83,0.33,17,34,37,59,45.4,29.5,29.5,2,100,25,12.5,16,8,0,0.09,0,0,0,0,2,0.333,118.8,2,20,0,0,2,100,0,50,0,0,1,1,100,0,0,0,22.2,17.92,1.691,33.3,66.7,0,0,7.9,5.2,7.9,5.16,2.74,1.32,0.86,5.2
2023,104,Tee Higgins,CIN,WR,1,2,BLT,20.754716981132077,26.923076923076923,87.7,11,64.7,7,41.2,5.36,0.64,10.29,72,44.2,59,64.8,8.43,11.8,5,71.4,18,3.6,6,1.2,1,0.95,100,2,2,1,3,0.273,136.3,4,33.3,0,0,6,85.7,0,25,0,0,1,0,0,1,0,0,58.3,0.22,0.761,90.9,9.1,0,0,16.9,16.2,16.9,16.24,0.66,1.54,1.48,16.2
2023,105,Tutu Atwell,LA,WR,1,1,SEA,20.73170731707317,15,78.2,17,85,3,15,3.47,0.18,19.33,58,25.4,59,34.5,19.67,29.5,2,66.7,14,7,5,2.5,0,0.03,0,0,0,0,2,0.118,109.7,2,18.2,0,0,2,66.7,1,50,0,0,0,0,0,0,0,0,16.7,9.22,1.844,58.8,41.2,0,0,7.9,7,7.9,6.98,0.92,0.46,0.41,7
2023,106,Puka Nacua,LA,WR,1,5,PHI,12.5,11.11111111111111,100,11,91.7,6,50,5.36,0.55,17.83,107,65.2,59,62.8,9.83,14.75,4,66.7,0,0,-2,-0.5,1,0.41,50,0,1,1,3,0.273,138.2,4,40,0,0,4,66.7,2,25,0,0,2,2,100,0,0,0,50,-0.23,0.591,63.6,36.4,0,0,15.9,10.1,15.9,10.13,5.77,1.45,0.92,10.1
2023,107,Keenan Allen,LAC,WR,1,2,TEN,24.050632911392405,11.11111111111111,95.4,19,86.4,3,13.6,3.05,0.16,17.67,53,19.1,58,31.4,19.33,19.33,3,100,8,2.67,0,0,1,0.9,100,1,1,1,2,0.105,158.3,2,10.5,0,0,3,100,1,50,0,0,1,1,100,1,0,0,14.3,9.5,2.658,52.6,47.4,0,0,14.8,13.1,14.8,13.05,1.75,0.78,0.69,13.1
2023,108,Tyreek Hill,MIA,WR,1,4,BUF,12.307692307692308,10.256410256410255,74.1,8,72.7,4,36.4,7.25,0.5,14.75,59,61.5,58,50.4,14.5,19.33,3,75,12,4,7,2.33,0,0.01,0,0,0,0,3,0.375,116.7,3,37.5,0,0,4,100,0,33.3,0,0,1,0,0,0,2,0.67,50,4.77,0.863,50,50,0,0,8.8,9.8,8.8,9.82,-1.02,1.1,1.23,9.8
2023,109,Josh Reynolds,DET,WR,1,2,SEA,15.789473684210526,21.73913043478261,79.7,9,81.8,5,45.5,6.44,0.56,15,75,49.7,58,38.2,11.6,14.5,4,80,7,1.75,3,0.75,2,1.69,66.7,1,1,1,4,0.444,154.6,3,42.9,0,0,4,80,0,66.7,0,0,2,2,100,1,0,0,50,1.4,0.604,55.6,44.4,0,0,21.8,17.8,21.8,17.8,4,2.42,1.98,17.8
2023,110,Jakobi Meyers,LV,WR,1,5,GB,11.39240506329114,20,95.3,9,90,7,70,6.44,0.78,9.86,69,95.8,58,70.7,8.29,11.6,5,71.4,15,3,4,0.8,0,0.02,0,0,0,0,4,0.444,96.1,5,71.4,1,14.3,6,85.7,0,0,0,0,1,0,0,1,0,0,70,-0.13,0.493,88.9,11.1,0,0,10.8,11.3,10.8,11.33,-0.53,1.2,1.26,11.3
2023,111,Zay Flowers,BLT,WR,1,1,HST,15.873015873015872,18.181818181818183,82.8,10,90.9,6,54.5,5.8,0.6,2.67,16,23.5,58,51.8,9.67,11.6,5,83.3,43,8.6,34,6.8,0,0.19,0,2,0,0,4,0.4,67.4,5,62.5,3,50,6,100,1,25,0,0,0,0,0,0,6,1.2,60,3.43,0.412,80,20,0,0,10.8,11.6,10.8,11.62,-0.82,1.08,1.16,11.6
2023,112,DeVante Parker,NE,WR,1,2,MIA,31.372549019607842,35,100,16,84.2,7,36.8,3.56,0.44,5.57,39,18.1,57,54.8,8.14,9.5,6,85.7,36,6,22,3.67,0,0.1,0,0,0,0,3,0.188,61,7,41.2,3,42.9,7,100,0,0,0,0,2,1,50,0,2,0.33,36.8,0.86,0.125,93.8,6.3,0,0,11.7,11.9,11.7,11.86,-0.16,0.73,0.74,11.9
2023,113,Puka Nacua,LA,WR,1,3,CIN,13.636363636363635,7.4074074074074066,96.2,12,92.3,4,30.8,4.75,0.33,13.75,55,30.6,57,34.8,14.25,19,3,75,7,2.33,2,0.67,0,0.28,0,0,0,0,2,0.167,116.7,3,33.3,0,0,4,100,1,33.3,0,0,1,1,100,1,0,0,30.8,5.61,1.358,58.3,41.7,0,0,8.7,9.6,8.7,9.59,-0.89,0.72,0.8,9.6
2023,114,Ja'Marr Chase,CIN,WR,1,4,TEN,10.869565217391305,13.636363636363635,94.1,10,100,6,60,5.6,0.6,4.5,27,49.1,56,68.3,9.33,9.33,6,100,29,4.83,12,2,0,0,0,0,0,0,3,0.3,105.6,6,60,2,33.3,6,100,0,0,0,0,0,0,0,0,3,0.5,60,2.48,0.846,90,10,0,0,11.6,10.8,11.6,10.81,0.79,1.16,1.08,10.8
2023,115,Michael Thomas,NO,WR,1,2,CAR,19.230769230769234,28.125,77,15,78.9,9,47.4,3.67,0.6,8.33,75,34.4,55,34.2,6.11,7.86,7,77.8,9,1.29,6,0.86,0,0.08,0,1,1,0,4,0.267,92.1,8,47.1,0,0,7,77.8,1,0,0,0,2,2,100,1,0,0,50,-1.47,0.296,80,20,0,0,12.5,11.4,12.5,11.36,1.14,0.83,0.76,11.4
2023,116,Marquise Brown,ARZ,WR,1,4,SF,28.985507246376812,19.51219512195122,92.5,20,95.2,8,38.1,2.75,0.4,11.25,90,42.9,55,37.9,6.88,9.17,6,75,13,2.17,2,0.33,0,0.01,0,0,0,0,4,0.2,93.2,8,47.1,0,0,6,75,1,0,0,0,0,0,0,1,0,0,40,-0.73,0.477,85,15,0,0,11.5,11.6,11.5,11.59,-0.09,0.57,0.58,11.6
2023,117,Stefon Diggs,BUF,WR,1,2,LV,13.953488372093023,10.638297872340425,87.8,12,100,5,41.7,4.5,0.42,5.8,29,26.9,54,37.2,10.8,10.8,5,100,25,5,4,0.8,0,0.02,0,1,0,0,2,0.167,111.7,5,55.6,1,20,5,100,0,0,0,0,0,0,0,0,0,0,41.7,3.61,0.711,75,25,0,0,10.4,9.8,10.4,9.76,0.64,0.87,0.81,9.8
2023,118,Terry McLaurin,WAS,WR,1,2,DEN,10,16.666666666666664,72.7,7,58.3,6,50,7.71,0.86,10.83,65,57.5,54,44.6,9,10.8,5,83.3,6,1.2,5,1,1,0.87,100,0,1,1,2,0.286,143.8,6,54.5,1,16.7,5,83.3,1,20,0,0,1,1,100,2,0,0,75,0.81,0.281,85.7,14.3,0,0,16.4,15.1,16.4,15.1,1.3,2.34,2.16,15.1
2023,119,DeVonta Smith,PHI,WR,1,4,WAS,19.318181818181817,10,98.5,17,100,3,17.6,3.18,0.18,12.33,37,14.1,54,31.8,18,18,3,100,17,5.67,4,1.33,0,0.01,0,0,0,0,2,0.118,118.8,3,18.8,1,33.3,3,100,1,33.3,0,0,1,1,100,1,0,0,17.6,9.03,0.863,76.5,23.5,0,0,8.4,5.6,8.4,5.64,2.76,0.49,0.33,5.6
2023,120,Chris Olave,NO,WR,1,1,TEN,18.181818181818183,14.285714285714285,78.1,14,82.4,4,23.5,3.86,0.29,14,56,23.1,54,28.6,13.5,18,3,75,32,10.67,2,0.67,0,0.01,0,0,0,0,2,0.143,116.7,1,14.3,1,25,3,75,1,33.3,0,0,0,0,0,1,0,0,26.7,4.27,0.715,42.9,50,0,7.1,8.4,6.3,8.4,6.35,2.05,0.6,0.45,6.3
2023,121,Chris Olave,NO,WR,1,2,CAR,22.07792207792208,21.428571428571427,78.4,17,89.5,6,31.6,3.18,0.35,15.17,91,41.7,54,33.5,9,18,3,50,18,6,4,1.33,0,0.34,0,2,1,0,2,0.118,81.3,5,29.4,1,16.7,4,66.7,2,50,0,0,2,1,50,1,0,0,35.3,-0.25,0.681,76.5,23.5,0,0,8.4,8.7,8.4,8.7,-0.3,0.49,0.51,8.7
2023,122,CeeDee Lamb,DAL,WR,1,3,ARZ,22.857142857142858,25,81.3,16,88.9,5,27.8,3.31,0.31,10.2,51,28.3,53,32.7,10.6,13.25,4,80,15,3.75,9,2.25,0,0.51,0,1,1,0,2,0.125,110.8,5,27.8,1,20,5,100,1,25,0,0,2,1,50,0,2,0.5,29.4,2.77,0.645,37.5,62.5,0,0,9.3,12.3,9.3,12.25,-2.95,0.58,0.77,12.3
2023,123,Jalen Tolbert,DAL,WR,1,4,NE,25,57.14285714285714,33.3,5,26.3,4,21.1,10.6,0.8,10.25,41,31.3,53,30.1,13.25,13.25,4,100,12,3,11,2.75,0,0.04,0,0,0,0,3,0.6,118.8,3,23.1,0,0,4,100,0,0,0,0,1,1,100,0,1,0.25,57.1,4.96,1.205,80,20,0,0,9.3,8.3,9.3,8.33,0.97,1.86,1.67,8.3
2023,124,Zay Flowers,BLT,WR,1,2,CIN,11.11111111111111,6.0606060606060606,77.1,7,77.8,2,22.2,7.57,0.29,21.5,43,32.6,53,61.6,26.5,26.5,2,100,10,5,2,1,0,0.46,0,1,0,0,1,0.143,118.8,2,25,1,50,2,100,1,100,0,0,1,1,100,1,0,0,28.6,16.92,1.15,71.4,28.6,0,0,7.3,6.3,7.3,6.3,1,1.04,0.9,6.3
2023,125,Justin Jefferson,MIN,WR,1,3,LAC,20.54794520547945,13.88888888888889,93.6,15,93.8,5,31.3,3.47,0.33,10.4,52,31.7,52,35.9,10.4,17.33,3,60,1,0.33,3,1,0,0.19,0,1,0,0,3,0.2,95.4,4,26.7,0,0,4,80,1,66.7,0,0,2,1,50,0,0,0,33.3,2.22,0.124,66.7,33.3,0,0,8.2,8,8.2,8.04,0.16,0.55,0.54,8
2023,126,Rashid Shaheed,NO,WR,1,2,CAR,20,16.666666666666664,48.6,13,68.4,3,15.8,4,0.23,14.33,43,19.7,52,32.3,17.33,17.33,3,100,9,3,3,1,0,0.05,0,0,0,0,2,0.154,118.8,3,17.6,1,33.3,3,100,1,33.3,0,0,0,0,0,0,1,0.33,23.1,8.19,1.08,46.2,38.5,0,15.4,8.2,8.9,8.2,8.85,-0.65,0.63,0.68,8.9
2023,127,Jordan Addison,MIN,WR,1,3,LAC,18.30985915492958,26.666666666666668,70.5,13,81.3,8,50,4,0.62,10,80,48.8,52,35.9,6.5,8.67,6,75,6,1,2,0.33,0,0.01,0,1,1,0,3,0.231,91.7,8,53.3,0,0,6,75,1,0,0,0,1,1,100,0,0,0,61.5,-1.61,0.466,84.6,15.4,0,0,11.2,10.6,11.2,10.61,0.59,0.86,0.82,10.6
2023,128,Michael Thomas,NO,WR,1,5,NE,10.256410256410255,15.625,70,8,100,5,62.5,6.38,0.63,14.8,74,66.1,51,83.6,10.2,17,3,60,10,3.33,30,10,0,0.03,0,0,0,0,3,0.375,94.6,3,50,0,0,3,60,2,33.3,0,0,2,2,100,0,1,0.33,62.5,1.16,0.894,100,0,0,0,8.1,5.2,8.1,5.2,2.9,1.01,0.65,5.2
2023,129,Justin Watson,KC,WR,1,3,CHI,17.647058823529413,30,41.3,6,42.9,3,21.4,8.5,0.5,20.67,62,39.7,51,48.1,17,25.5,2,66.7,1,0.5,0,0,0,0.07,0,1,1,0,1,0.167,109.7,1,8.3,0,0,2,66.7,1,50,0,0,0,0,0,1,0,0,42.9,6.13,1.014,100,0,0,0,7.1,8.4,7.1,8.39,-1.29,1.18,1.4,8.4
2023,130,Marquise Brown,ARZ,WR,1,3,DAL,8.695652173913043,12.195121951219512,96.2,6,85.7,5,71.4,8.5,0.83,11.4,57,85.1,51,75,10.2,12.75,4,80,2,0.5,2,0.5,1,0.92,100,1,1,1,4,0.667,148.8,2,50,0,0,4,80,1,33.3,0,0,1,1,100,2,0,0,71.4,1.62,1.288,100,0,0,0,15.1,14.7,15.1,14.74,0.36,2.52,2.46,14.7
2023,131,Adam Thielen,CAR,WR,1,4,MIN,12.987012987012985,22.22222222222222,89.7,10,76.9,4,30.8,5,0.4,10.5,42,40.4,50,38.8,12.5,16.67,3,75,19,6.33,9,3,0,0.04,0,0,0,0,3,0.3,116.7,4,40,0,0,3,75,0,33.3,0,0,0,0,0,0,1,0.33,33.3,4.33,0.452,50,50,0,0,8,7.2,8,7.17,0.83,0.8,0.72,7.2
2023,132,Adam Thielen,CAR,WR,1,6,MIA,16.883116883116884,22.22222222222222,79.4,13,81.3,4,25,3.85,0.31,9,36,22,50,47.6,12.5,12.5,4,100,14,3.5,4,1,0,0.01,0,0,0,0,3,0.231,118.8,4,36.4,0,0,4,100,0,25,0,0,1,1,100,0,0,0,26.7,4.79,1.01,30.8,69.2,0,0,9,7.9,9,7.87,1.13,0.69,0.61,7.9
2023,133,Marquise Brown,ARZ,WR,1,2,NYG,13.043478260869565,17.073170731707318,93.3,9,100,7,77.8,5.56,0.78,13.29,93,83,50,70.4,7.14,12.5,4,57.1,17,4.25,8,2,0,0.04,0,1,0,0,3,0.333,79.5,7,87.5,0,0,5,71.4,1,33.3,1,14.3,1,0,0,0,1,0.25,77.8,-1.64,0.035,100,0,0,0,9,9.3,9,9.27,-0.27,1,1.03,9.3
2023,134,Zay Flowers,BLT,WR,1,4,CLV,6.349206349206349,9.090909090909092,98.2,4,100,3,75,12.5,0.75,18.33,55,94.8,50,92.6,16.67,25,2,66.7,7,3.5,2,1,0,0.18,0,0,0,0,1,0.25,109.7,1,50,0,0,2,66.7,1,50,0,0,0,0,0,0,1,0.5,75,6.94,1.166,100,0,0,0,7,8.4,7,8.37,-1.37,1.75,2.09,8.4
2023,135,Michael Mayer,LV,TE,1,6,NE,27.586206896551722,66.66666666666666,81.5,8,53.3,2,13.3,6.25,0.25,13,26,15.5,50,37,25,25,2,100,24,12,16,8,0,0.15,0,0,0,0,2,0.25,118.8,1,7.1,0,0,2,100,1,50,0,0,0,0,0,0,3,1.5,18.2,14.09,2.871,37.5,50,12.5,0,7,6.5,7,6.51,0.49,0.88,0.81,6.5
2023,136,Darren Waller,NYG,TE,1,5,MIA,22.22222222222222,35.294117647058826,92.6,12,100,6,50,4.08,0.5,10.83,65,53.7,49,54.4,8.17,12.25,4,66.7,24,6,6,1.5,0,0.04,0,0,0,0,2,0.167,91.7,6,54.5,0,0,6,100,1,25,0,0,3,1,33.3,0,0,0,50,-0.49,0.606,50,50,0,0,8.9,9.7,8.9,9.66,-0.76,0.74,0.81,9.7
2023,137,Chris Moore,TEN,WR,1,2,LAC,18.181818181818183,20,47.6,4,33.3,1,8.3,12.25,0.25,45,45,27.1,49,29.5,49,49,1,100,4,4,2,2,0,0.02,0,0,0,0,1,0.25,118.8,1,11.1,0,0,1,100,1,100,0,0,1,1,100,1,0,0,20,34,3.292,100,0,0,0,5.9,3.3,5.9,3.26,2.64,1.48,0.82,3.3
2023,138,Terry McLaurin,WAS,WR,1,5,CHI,17.142857142857142,13.88888888888889,81.8,12,63.2,5,26.3,4.08,0.42,15.6,78,34.1,49,29.2,9.8,12.25,4,80,12,3,4,1,0,0.01,0,0,0,0,2,0.167,107.5,4,25,0,0,4,80,1,25,0,0,0,0,0,0,0,0,38.5,0.51,0.462,58.3,41.7,0,0,8.9,8.5,8.9,8.53,0.37,0.74,0.71,8.5
2023,139,Amon-Ra St. Brown,DET,WR,1,1,KC,29.03225806451613,20,92.9,18,90,4,20,2.67,0.22,11.5,46,24.7,48,26.2,12,16,3,75,7,2.33,4,1.33,1,0.92,100,1,0,0,3,0.167,154.2,4,25,0,0,3,75,1,50,0,0,0,0,0,1,1,0.33,20,3.61,1.427,44.4,55.6,0,0,13.8,13.5,13.8,13.46,0.34,0.77,0.75,13.5
2023,140,Amon-Ra St. Brown,DET,WR,1,3,ATL,16.129032258064516,25,93.8,10,100,5,50,4.8,0.5,11.8,59,49.6,48,69.6,9.6,12,4,80,9,2.25,8,2,0,0.5,0,1,0,0,2,0.2,67.1,4,57.1,0,0,4,80,2,33.3,0,0,1,1,100,1,1,0.25,50,1.16,-0.251,60,40,0,0,8.8,10.4,8.8,10.36,-1.56,0.88,1.04,10.4
2023,141,Amon-Ra St. Brown,DET,WR,1,6,TB,17.741935483870968,20,91.3,11,84.6,4,30.8,4.36,0.36,8,32,30.5,48,37.5,12,12,4,100,16,4,8,2,0,0.04,0,0,0,0,2,0.182,116.7,4,33.3,1,25,4,100,1,25,0,0,2,2,100,0,1,0.25,33.3,4.39,0.716,45.5,54.5,0,0,8.8,7.7,8.8,7.71,1.09,0.8,0.7,7.7
2023,142,Jayden Reed,GB,WR,1,1,CHI,21.951219512195124,33.33333333333333,53.3,9,60,3,20,5.33,0.33,14.33,43,20.9,48,51.1,16,24,2,66.7,19,9.5,6,3,0,0.06,0,0,0,0,2,0.222,109.7,3,23.1,0,0,3,100,0,50,0,0,1,0,0,0,0,0,27.3,5.99,1.092,33.3,66.7,0,0,6.8,7.8,6.8,7.76,-0.96,0.76,0.86,7.8
2023,143,Chris Godwin,TB,WR,1,1,MIN,17.543859649122805,14.814814814814813,85.3,10,71.4,4,28.6,4.7,0.4,10,40,24,47,38.8,11.75,11.75,4,100,7,1.75,4,1,0,0.03,0,0,0,0,4,0.4,115.6,4,30.8,0,0,4,100,0,0,0,0,1,1,100,2,1,0.25,30.8,3.83,1.166,60,40,0,0,8.7,7.8,8.7,7.82,0.88,0.87,0.78,7.8
2023,144,Chris Godwin,TB,WR,1,2,CHI,24.561403508771928,18.51851851851852,73.5,14,82.4,5,29.4,3.36,0.36,16.6,83,36.2,47,18.4,9.4,15.67,3,60,8,2.67,4,1.33,0,0.01,0,2,2,0,2,0.143,91.3,3,25,0,0,3,60,2,50,0,0,1,1,100,0,0,0,33.3,-0.71,0.53,64.3,35.7,0,0,7.7,6.3,7.7,6.33,1.37,0.55,0.45,6.3
2023,145,Marvin Mims,DEN,WR,1,4,CHI,21.73913043478261,18.181818181818183,35.4,5,45.5,2,18.2,9.4,0.4,14.5,29,27.1,47,39.5,23.5,23.5,2,100,18,9,13,6.5,0,0.02,0,0,0,0,1,0.2,118.8,2,28.6,1,50,2,100,1,50,0,0,0,0,0,0,1,0.5,40,16.05,0.757,80,20,0,0,6.7,5.7,6.7,5.73,0.97,1.34,1.15,5.7
2023,146,Davante Adams,LV,WR,1,2,BUF,7.368421052631578,11.320754716981133,92.3,7,100,6,85.7,6.57,0.86,9.17,55,57.3,46,100,7.67,11.5,4,66.7,17,4.25,4,1,1,0.73,100,1,0,0,3,0.429,129.2,5,83.3,1,16.7,6,100,0,0,2,33.3,1,1,100,0,1,0.25,85.7,-0.28,0.451,100,0,0,0,14.6,15.1,14.6,15.13,-0.53,2.09,2.16,15.1
2023,147,Tyler Lockett,SEA,WR,1,4,NYG,14.516129032258066,16,70.6,9,90,4,40,5.11,0.44,10.75,43,44.3,46,49.5,11.5,15.33,3,75,10,3.33,1,0.33,0,0.02,0,0,0,0,1,0.111,112.5,3,50,0,0,3,75,0,33.3,0,0,0,0,0,0,0,0,44.4,3.28,0.447,66.7,33.3,0,0,7.6,7.6,7.6,7.56,0.04,0.84,0.84,7.6
2023,148,Courtland Sutton,DEN,WR,1,6,KC,12.280701754385964,17.24137931034483,93.9,7,100,5,71.4,6.57,0.71,9.8,49,67.1,46,92,9.2,11.5,4,80,5,1.25,3,0.75,1,0.32,100,1,1,1,2,0.286,144.6,4,80,0,0,5,100,1,33.3,0,0,2,1,50,1,0,0,71.4,1.37,0.854,85.7,14.3,0,0,14.6,9.3,14.6,9.34,5.26,2.09,1.33,9.3
2023,149,Deebo Samuel,SF,WR,1,5,DAL,16.27906976744186,9.523809523809524,71.6,7,77.8,2,22.2,6.57,0.29,13,26,23.4,46,51.1,23,23,2,100,20,10,7,3.5,0,0.02,0,0,0,0,1,0.143,118.8,2,25,0,0,2,100,1,50,0,0,0,0,0,0,1,0.5,28.6,14.2,2.407,85.7,0,0,14.3,6.6,5.3,6.6,5.32,1.28,0.94,0.76,5.3
2023,150,Van Jefferson,LA,WR,1,3,CIN,16.901408450704224,20,92.3,12,92.3,2,15.4,3.83,0.17,28,56,31.1,46,28,23,46,1,50,3,3,2,2,0,0.15,0,0,0,0,1,0.083,56.3,1,11.1,0,0,1,50,1,100,0,0,0,0,0,0,0,0,16.7,11.04,-0.258,50,50,0,0,5.6,5.7,5.6,5.67,-0.07,0.47,0.47,5.7
2023,151,Michael Thomas,NO,WR,1,1,TEN,17.94871794871795,15.625,79.7,14,82.4,5,29.4,3.21,0.36,12.8,64,26.4,45,23.8,9,15,3,60,4,1.33,1,0.33,0,0.01,0,2,1,0,2,0.143,89.6,2,28.6,0,0,3,60,1,33.3,0,0,2,2,100,0,0,0,33.3,0.01,0.255,71.4,28.6,0,0,7.5,5.6,7.5,5.64,1.86,0.54,0.4,5.6
2023,152,Michael Pittman,IND,WR,1,5,TEN,10.714285714285714,12.5,100,9,100,6,66.7,5,0.67,12,72,66.1,45,66.2,7.5,11.25,4,66.7,12,3,2,0.5,0,0.05,0,1,0,0,2,0.222,88.9,6,66.7,0,0,5,83.3,1,33.3,0,0,2,1,50,0,0,0,66.7,-0.82,0.062,66.7,33.3,0,0,8.5,8.8,8.5,8.83,-0.33,0.94,0.98,8.8
2023,153,CeeDee Lamb,DAL,WR,1,6,LAC,22.857142857142858,15,83.6,16,94.1,3,17.6,2.81,0.19,13,39,21,45,42.9,15,15,3,100,6,2,2,0.67,0,0.01,0,0,0,0,3,0.188,118.8,2,14.3,0,0,3,100,1,33.3,0,0,0,0,0,0,0,0,18.8,6.13,1.351,43.8,50,0,6.3,7.5,7.6,7.5,7.61,-0.11,0.47,0.48,7.6
2023,154,Dontayvion Wicks,GB,WR,1,3,NO,30,45.45454545454545,66.2,12,66.7,5,27.8,3.75,0.42,8.2,41,17.8,45,51.1,9,11.25,4,80,10,2.5,2,0.5,0,0.05,0,1,0,0,2,0.167,104.2,5,31.3,0,0,5,100,0,0,0,0,1,0,0,0,0,0,41.7,1.38,0.538,91.7,8.3,0,0,8.5,9.5,8.5,9.53,-1.03,0.71,0.79,9.5
2023,155,Michael Wilson,ARZ,WR,1,6,LA,25.423728813559322,17.647058823529413,89,15,88.2,3,17.6,3,0.2,15.67,47,17.8,45,51.7,15,22.5,2,66.7,6,3,1,0.5,0,0,0,0,0,0,2,0.133,109.7,3,23.1,0,0,2,66.7,1,50,0,0,1,1,100,0,0,0,20,4.9,1.299,73.3,26.7,0,0,6.5,5.2,6.5,5.17,1.33,0.43,0.34,5.2
2023,156,DeAndre Hopkins,TEN,WR,1,4,CIN,11.320754716981133,12.5,51.6,6,60,4,40,7.33,0.67,25,100,45.2,44,36.7,11,22,2,50,9,4.5,3,1.5,0,0.02,0,1,2,0,2,0.333,89.6,3,42.9,0,0,2,50,2,50,0,0,0,0,0,0,0,0,57.1,1.13,0.957,100,0,0,0,6.4,5.7,6.4,5.72,0.68,1.07,0.95,5.7
2023,157,Chris Moore,TEN,WR,1,4,CIN,31.818181818181817,40,77.4,7,70,2,20,6.29,0.29,28.5,57,25.8,44,36.7,22,44,1,50,5,5,1,1,0,0.18,0,0,0,0,1,0.143,95.8,1,14.3,0,0,1,50,1,100,0,0,0,0,0,0,0,0,25,9.1,1.229,28.6,71.4,0,0,5.4,6.4,5.4,6.4,-1,0.77,0.91,6.4
2023,158,Kendrick Bourne,NE,WR,1,3,NYJ,11.475409836065573,12.5,58,7,100,4,57.1,6.29,0.57,12.5,50,53.2,44,69.8,11,14.67,3,75,19,6.33,16,5.33,0,0.06,0,0,0,0,2,0.286,110.4,4,66.7,0,0,3,75,1,0,0,0,0,0,0,0,3,1,57.1,2.43,0.819,100,0,0,0,7.4,6.6,7.4,6.61,0.79,1.06,0.94,6.6
2023,159,Amon-Ra St. Brown,DET,WR,1,2,SEA,16.129032258064516,10,73.4,10,90.9,2,18.2,4.4,0.2,15,30,19.9,44,28.9,22,22,2,100,14,7,2,1,0,0.06,0,1,0,0,1,0.1,118.8,2,28.6,1,50,2,100,1,100,0,0,1,1,100,0,0,0,20,12.76,1.337,70,30,0,0,5.4,3.8,5.4,3.8,1.6,0.64,0.38,3.8
2023,160,Garrett Wilson,NYJ,WR,1,5,DEN,14.545454545454545,12.903225806451612,83.9,8,88.9,4,44.4,5.5,0.5,17.75,71,68.3,44,60.3,11,22,2,50,6,3,1,0.5,0,0.06,0,1,0,0,2,0.25,89.6,4,50,0,0,3,75,2,50,1,25,0,0,0,0,0,0,44.4,1.46,0.364,75,25,0,0,6.4,8.2,6.4,8.23,-1.83,0.8,1.03,8.2
2023,161,Jordan Addison,MIN,WR,1,5,KC,22.535211267605636,23.333333333333332,75,16,72.7,7,31.8,2.75,0.44,14.86,104,52,44,28.8,6.29,11,4,57.1,17,4.25,9,2.25,0,0.04,0,2,2,0,2,0.125,75.9,5,27.8,0,0,4,57.1,3,0,0,0,1,1,100,0,1,0.25,35,-2.6,0.413,81.3,18.8,0,0,8.4,7,8.4,6.99,1.41,0.53,0.44,7
2023,162,DeAndre Hopkins,TEN,WR,1,3,CLV,16.9811320754717,15.625,71.1,9,69.2,5,38.5,4.78,0.56,18.8,94,42.7,43,91.5,8.6,21.5,2,40,9,4.5,0,0,0,0.01,0,1,1,0,2,0.222,71.3,5,41.7,0,0,3,60,3,50,0,0,1,0,0,1,1,0.5,45.5,-1.38,0.449,100,0,0,0,6.3,6.6,6.3,6.59,-0.29,0.7,0.73,6.6
2023,163,Tyler Lockett,SEA,WR,1,2,DET,22.58064516129032,28.000000000000004,85.1,14,93.3,7,46.7,3.07,0.5,13.57,95,53.1,43,30.5,6.14,8.6,5,71.4,8,1.6,1,0.2,1,1.02,100,3,3,1,5,0.357,126.8,5,50,0,0,5,71.4,2,0,0,0,1,1,100,0,0,0,50,-2.62,0.341,92.9,7.1,0,0,15.3,14.9,15.3,14.87,0.43,1.09,1.06,14.9
2023,164,Kendrick Bourne,NE,WR,1,5,NO,16.39344262295082,15.625,86.3,10,83.3,5,41.7,4.3,0.5,20,100,54.1,43,66.2,8.6,21.5,2,40,15,7.5,4,2,0,0,0,0,0,0,2,0.2,71.3,5,41.7,0,0,2,40,2,50,0,0,0,0,0,0,0,0,50,-1.93,-0.102,70,30,0,0,6.3,5.1,6.3,5.08,1.22,0.63,0.51,5.1
2023,165,Evan Engram,JAX,TE,1,1,IND,21.53846153846154,28.57142857142857,73.9,14,77.8,4,22.2,3.07,0.29,4.75,19,11.8,43,25.1,10.75,10.75,4,100,24,6,8,2,0,0.02,0,0,0,0,2,0.143,111.5,4,23.5,2,50,4,100,1,25,0,0,1,1,100,0,0,0,26.7,3.25,0.02,35.7,35.7,28.6,0,8.3,6.5,8.3,6.52,1.78,0.59,0.47,6.5
2023,166,Brandon Aiyuk,SF,WR,1,5,DAL,17.94871794871795,20,77.6,7,77.8,5,55.6,6.14,0.71,15.2,76,68.5,43,47.8,8.6,14.33,3,60,10,3.33,2,0.67,0,0.01,0,0,0,0,2,0.286,87.9,4,50,0,0,3,60,1,33.3,0,0,0,0,0,0,0,0,71.4,-1.42,0.41,100,0,0,0,7.3,6.8,7.3,6.81,0.49,1.04,0.97,6.8
2023,167,Tutu Atwell,LA,WR,1,2,SF,24.390243902439025,25,94.9,20,87,5,21.7,2.15,0.25,13.2,66,36.5,43,22.9,8.6,10.75,4,80,1,0.25,-1,-0.25,0,0.03,0,0,0,0,4,0.2,102.5,5,25,0,0,5,100,1,0,0,0,0,0,0,0,0,0,22.7,-0.21,0.453,75,25,0,0,8.3,12.7,8.3,12.65,-4.35,0.42,0.63,12.7
2023,168,Alec Pierce,IND,WR,1,3,BLT,26.5625,31.818181818181817,96.4,17,81,7,33.3,2.53,0.41,21.86,153,70.5,43,30.7,6.14,14.33,3,42.9,7,2.33,1,0.33,0,0.08,0,0,0,0,2,0.118,63.4,5,27.8,0,0,4,57.1,3,33.3,0,0,1,0,0,0,0,0,35,-4.15,-0.181,88.2,11.8,0,0,7.3,8.4,7.3,8.41,-1.11,0.43,0.49,8.4
2023,169,Romeo Doubs,GB,WR,1,3,NO,28.333333333333332,30,85.9,17,94.4,9,50,2.53,0.53,14.11,127,55.2,43,48.9,4.78,10.75,4,44.4,9,2.25,3,0.75,1,0.88,100,3,3,1,3,0.176,56.5,9,56.3,0,0,8,88.9,2,0,0,0,6,2,33.3,1,0,0,52.9,-3.97,0.025,94.1,5.9,0,0,14.3,14.9,14.3,14.93,-0.63,0.84,0.88,14.9
2023,170,Mike Williams,LAC,WR,1,1,MIA,18.6046511627907,14.285714285714285,76.3,8,57.1,3,21.4,5.25,0.38,11.33,34,23.8,42,48.8,14,14,3,100,8,2.67,2,0.67,0,0.02,0,0,0,0,1,0.125,118.8,3,25,1,33.3,3,100,1,33.3,0,0,1,1,100,0,0,0,30,5.18,0.961,37.5,62.5,0,0,7.2,7.2,7.2,7.23,-0.03,0.9,0.9,7.2
2023,171,D.J. Chark,CAR,WR,1,5,DET,19.35483870967742,22.727272727272727,98.5,12,85.7,5,35.7,3.5,0.42,14.4,72,55,42,40.4,8.4,14,3,60,2,0.67,1,0.33,1,0.44,100,2,2,1,3,0.25,126.7,4,36.4,0,0,3,60,0,0,0,0,1,1,100,0,0,0,35.7,-1.55,0.787,66.7,33.3,0,0,13.2,8.7,13.2,8.71,4.49,1.1,0.73,8.7
2023,172,Tutu Atwell,LA,WR,1,3,CIN,15.853658536585366,25,86.5,13,100,5,38.5,3.23,0.38,10.6,53,29.4,42,25.6,8.4,21,2,40,17,8.5,2,1,0,0.15,0,1,1,0,1,0.077,70.4,3,33.3,1,20,4,80,1,50,1,20,1,0,0,0,0,0,38.5,0.18,-0.38,69.2,30.8,0,0,6.2,7.4,6.2,7.36,-1.16,0.48,0.57,7.4
2023,173,Amon-Ra St. Brown,DET,WR,1,4,GB,20.967741935483872,25,87.7,13,92.9,5,35.7,3.23,0.38,10.4,52,44.1,42,35,8.4,10.5,4,80,6,1.5,0,0,1,0.81,100,0,0,0,3,0.231,101.7,3,27.3,0,0,5,100,1,25,0,0,0,0,0,0,1,0.25,35.7,0.27,-0.034,61.5,38.5,0,0,14.2,16,14.2,15.99,-1.79,1.09,1.23,16
2023,174,Zay Flowers,BLT,WR,1,3,IND,22.22222222222222,27.27272727272727,93.1,14,100,9,64.3,3,0.64,3.78,34,35.4,42,63.6,4.67,6,7,77.8,15,2.14,11,1.57,0,0.01,0,0,0,0,1,0.071,86.1,8,61.5,1,11.1,7,77.8,0,0,0,0,0,0,0,0,2,0.29,64.3,-1.38,-0.127,92.9,7.1,0,0,11.2,12.2,11.2,12.21,-1.01,0.8,0.87,12.2
2023,175,Zay Flowers,BLT,WR,1,6,TEN,20.634920634920633,21.21212121212121,88.6,13,100,7,53.8,3.23,0.54,5.43,38,53.5,42,46.2,6,8.4,5,71.4,16,3.2,4,0.8,1,0.82,100,1,0,0,2,0.154,126.2,6,60,1,14.3,5,71.4,0,0,0,0,0,0,0,0,0,0,53.8,-0.85,0.663,92.3,7.7,0,0,15.2,14.7,15.2,14.72,0.48,1.17,1.13,14.7
2023,176,Rashee Rice,KC,WR,1,6,DEN,16.666666666666664,20,47.1,4,33.3,2,16.7,10.5,0.5,2,4,4.3,42,32.3,21,21,2,100,38,19,19,9.5,0,0.01,0,0,0,0,1,0.25,118.8,2,20,1,50,2,100,0,50,0,0,0,0,0,0,0,0,50,15,1.332,50,50,0,0,6.2,3.9,6.2,3.89,2.31,1.55,0.97,3.9
2023,177,Courtland Sutton,DEN,WR,1,2,WAS,17.543859649122805,17.24137931034483,90.3,10,83.3,5,41.7,4.1,0.5,13.2,66,30.4,41,18.1,8.2,13.67,3,60,6,2,1,0.33,0,0.01,0,0,0,0,2,0.2,46.7,2,28.6,0,0,3,60,0,0,0,0,0,0,0,1,0,0,45.5,-1.41,-0.451,60,40,0,0,7.1,7.3,7.1,7.25,-0.15,0.71,0.73,7.3
2023,178,D.J. Moore,CHI,WR,1,3,KC,16.94915254237288,19.35483870967742,100,10,90.9,6,54.5,4.1,0.6,22.33,134,51.5,41,73.2,6.83,13.67,3,50,10,3.33,1,0.33,1,0.5,100,2,0,0,2,0.2,111.8,6,60,1,16.7,4,66.7,4,100,1,16.7,1,1,100,0,0,0,54.5,-4.11,0.506,100,0,0,0,13.1,11.8,13.1,11.79,1.31,1.31,1.18,11.8
2023,179,Diontae Johnson,PIT,WR,1,1,SF,100,100,42.6,9,56.3,4,25,4.56,0.44,15,60,35.3,41,35.7,10.25,20.5,2,50,24,12,22,11,0,0.01,0,0,0,0,2,0.222,46.9,3,30,0,0,2,50,2,50,0,0,0,0,0,0,1,0.5,44.4,1.13,-0.486,100,0,0,0,6.1,4.1,6.1,4.07,2.03,0.68,0.45,4.1
2023,180,DeAndre Hopkins,TEN,WR,1,1,NO,20.754716981132077,21.875,76.3,11,100,7,63.6,3.64,0.64,15.43,108,71.5,40,74.1,5.71,13.33,3,42.9,4,1.33,1,0.33,0,0.02,0,0,0,0,2,0.182,22,7,70,0,0,6,85.7,1,0,0,0,3,0,0,0,0,0,63.6,-3.91,-0.517,72.7,27.3,0,0,7,10.8,7,10.81,-3.81,0.64,0.98,10.8
2023,181,Calvin Ridley,JAX,WR,1,3,HST,16,13.157894736842104,81.2,12,92.3,5,38.5,3.33,0.42,13.8,69,46.6,40,39.6,8,13.33,3,60,7,2.33,1,0.33,0,0.02,0,0,0,0,2,0.167,85.4,5,41.7,0,0,4,80,1,33.3,0,0,1,0,0,0,0,0,41.7,-1.26,0.233,83.3,16.7,0,0,7,8.8,7,8.81,-1.81,0.58,0.73,8.8
2023,182,K.J. Osborn,MIN,WR,1,5,KC,23.809523809523807,37.5,86.8,20,90.9,6,27.3,2,0.3,4.83,29,14.5,40,26.1,6.67,10,4,66.7,19,4.75,5,1.25,0,0.02,0,1,0,0,2,0.1,85.4,5,27.8,2,33.3,5,83.3,0,25,0,0,1,0,0,0,0,0,27.3,-0.19,-0.138,55,45,0,0,8,8.9,8,8.92,-0.92,0.4,0.45,8.9
2023,183,Jonathan Mingo,CAR,WR,1,5,DET,23.52941176470588,25,84.6,12,85.7,5,35.7,3.33,0.42,7,35,26.7,40,38.5,8,10,4,80,18,4.5,11,2.75,0,0.01,0,0,0,0,3,0.25,60.4,4,36.4,0,0,4,80,0,0,0,0,1,1,100,0,1,0.25,41.7,0.89,-0.42,83.3,16.7,0,0,8,6.1,8,6.11,1.89,0.67,0.51,6.1
2023,184,Curtis Samuel,WAS,WR,1,4,PHI,22.22222222222222,44.44444444444444,70.3,14,70,4,20,2.79,0.29,2.25,9,3.9,39,24.4,9.75,9.75,4,100,30,7.5,11,2.75,0,0.01,0,0,0,0,2,0.143,107.3,3,18.8,0,0,4,100,0,0,0,0,1,1,100,0,1,0.25,26.7,4.05,0.601,57.1,42.9,0,0,7.9,5.9,7.9,5.88,2.02,0.56,0.42,5.9
2023,185,Allen Lazard,NYJ,WR,1,3,NE,13.636363636363635,27.77777777777778,96.7,6,85.7,5,71.4,6.5,0.83,12.2,61,67,39,57.4,7.8,13,3,60,4,1.33,2,0.67,0,0.02,0,0,0,0,2,0.333,84.6,5,71.4,0,0,5,100,0,33.3,0,0,2,0,0,0,0,0,71.4,-1.26,0.385,100,0,0,0,6.9,9.5,6.9,9.54,-2.64,1.15,1.59,9.5
2023,186,Terrace Marshall,CAR,WR,1,4,MIN,24.390243902439025,26.31578947368421,61.8,10,76.9,5,38.5,3.9,0.5,4.6,23,22.1,39,30.2,7.8,7.8,5,100,16,3.2,5,1,0,0.03,0,0,0,0,1,0.1,99.2,4,40,1,20,5,100,0,0,0,0,0,0,0,0,0,0,50,1.31,0.423,80,20,0,0,8.9,9.3,8.9,9.33,-0.43,0.89,0.93,9.3
2023,187,Mike Evans,TB,WR,1,3,PHI,19.607843137254903,21.428571428571427,79.5,10,71.4,6,42.9,3.8,0.6,10.67,64,39.3,38,65.5,6.33,9.5,4,66.7,8,2,1,0.25,1,0.68,100,1,1,1,3,0.3,123.6,5,45.5,0,0,6,100,0,33.3,2,33.3,1,1,100,0,0,0,60,-1.89,0.325,90,10,0,0,13.8,16.2,13.8,16.18,-2.38,1.38,1.62,16.2
2023,188,Christian Kirk,JAX,WR,1,5,BUF,23.18840579710145,27.27272727272727,81.7,16,94.1,3,17.6,2.38,0.19,10.33,31,14.5,38,25.2,12.67,19,2,66.7,12,6,1,0.5,0,0,0,0,0,0,1,0.063,109.7,2,15.4,0,0,2,66.7,0,50,0,0,0,0,0,0,0,0,18.8,4.21,0.679,25,75,0,0,5.8,5.1,5.8,5.15,0.65,0.36,0.32,5.1
2023,189,Calvin Ridley,JAX,WR,1,4,ATL,9.333333333333334,5.263157894736842,79.7,7,87.5,2,25,5.43,0.29,21.5,43,38.7,38,50.7,19,19,2,100,1,0.5,0,0,1,1,100,0,1,1,1,0.143,158.3,2,28.6,0,0,2,100,1,50,0,0,0,0,0,0,0,0,25,8.59,2.32,42.9,57.1,0,0,11.8,12.3,11.8,12.27,-0.47,1.69,1.75,12.3
2023,190,DK Metcalf,SEA,WR,1,1,LA,16.94915254237288,14.285714285714285,93.5,10,90.9,4,36.4,3.8,0.4,18.25,73,67,38,58.5,9.5,19,2,50,8,4,6,3,1,0.92,100,1,1,1,2,0.2,122.9,3,50,0,0,3,75,2,100,0,0,1,0,0,0,1,0.5,36.4,0.18,0.682,60,40,0,0,11.8,11.5,11.8,11.45,0.35,1.18,1.15,11.5
2023,191,Deebo Samuel,SF,WR,1,1,PIT,25.581395348837212,19.047619047619047,86.4,11,100,4,36.4,3.45,0.36,9.5,38,35.2,38,31.1,9.5,12.67,3,75,5,1.67,3,1,0,0.09,0,0,0,0,2,0.182,104.2,2,25,0,0,3,75,0,33.3,0,0,0,0,0,0,1,0.33,36.4,1.54,0.538,72.7,27.3,0,0,6.8,7.6,6.8,7.6,-0.8,0.62,0.69,7.6
2023,192,Ja'Marr Chase,CIN,WR,1,6,SEA,13.043478260869565,13.636363636363635,92.5,12,100,6,50,3.17,0.5,15.67,94,59.1,38,70.4,6.33,19,2,33.3,13,6.5,12,6,0,0.01,0,0,0,0,1,0.083,16.7,6,60,0,0,3,50,2,50,0,0,1,0,0,0,2,1,50,-2.67,-0.336,91.7,8.3,0,0,5.8,6,5.8,5.97,-0.17,0.48,0.5,6
2023,193,Alec Pierce,IND,WR,1,4,LA,9.375,9.090909090909092,89.7,6,100,2,33.3,6.33,0.33,21,42,56,38,63.3,19,38,1,50,3,3,2,2,0,0.04,0,0,0,0,1,0.167,95.8,2,33.3,0,0,2,100,1,100,0,0,2,1,50,0,0,0,33.3,8.62,1.451,100,0,0,0,4.8,3.2,4.8,3.16,1.64,0.8,0.53,3.2
2023,194,Calvin Austin,PIT,WR,1,1,SF,16.3265306122449,33.33333333333333,55.7,8,50,5,31.3,4.75,0.63,5,25,14.7,38,33,7.6,7.6,5,100,13,2.6,8,1.6,0,0.01,0,0,0,0,1,0.125,98.3,3,30,1,20,5,100,0,0,0,0,2,2,100,0,1,0.2,62.5,0.96,0.171,100,0,0,0,8.8,7.8,8.8,7.84,0.96,1.1,0.98,7.8
2023,195,Odell Beckham,BLT,WR,1,1,HST,27.586206896551722,25,93.1,8,72.7,3,27.3,4.63,0.38,13.67,41,60.3,37,33,12.33,18.5,2,66.7,1,0.5,0,0,0,0.41,0,0,0,0,2,0.25,109,3,37.5,0,0,2,66.7,1,50,0,0,1,1,100,0,0,0,27.3,4.02,1.343,100,0,0,0,5.7,6.9,5.7,6.94,-1.24,0.71,0.87,6.9
2023,196,Curtis Samuel,WAS,WR,1,3,BUF,15.873015873015872,22.22222222222222,74.5,10,71.4,2,14.3,3.7,0.2,23,46,30.9,37,39.8,18.5,37,1,50,8,8,6,6,0,0.02,0,1,1,0,1,0.1,56.3,2,18.2,0,0,1,50,1,100,0,0,0,0,0,0,0,0,20,6.95,-0.712,40,50,0,10,4.7,3.9,4.7,3.94,0.76,0.47,0.39,3.9
2023,197,Michael Pittman,IND,WR,1,2,HST,14.285714285714285,18.75,98.2,12,100,9,75,3.08,0.75,7.22,65,73,37,52.9,4.11,7.4,5,55.6,15,3,6,1.2,0,0.06,0,0,0,0,3,0.25,65.5,8,72.7,1,11.1,6,66.7,1,0,1,11.1,0,0,0,0,0,0,75,-3.02,0,83.3,8.3,8.3,0,8.7,11.3,8.7,11.27,-2.57,0.72,0.94,11.3
2023,198,DeVonta Smith,PHI,WR,1,1,NE,18.181818181818183,23.333333333333332,98.4,16,94.1,7,41.2,2.31,0.44,11.29,79,31.7,37,30.6,5.29,9.25,4,57.1,11,2.75,3,0.75,0,0.05,0,0,0,0,2,0.125,71.7,6,46.2,1,14.3,4,57.1,1,0,0,0,0,0,0,0,1,0.25,43.8,-3.01,-0.139,81.3,18.8,0,0,7.7,8.8,7.7,8.76,-1.06,0.48,0.55,8.8
2023,199,Brandin Cooks,DAL,WR,1,6,LAC,26.41509433962264,20,77,14,82.4,4,23.5,2.57,0.29,8.5,34,18.3,36,34.3,9,9,4,100,5,1.25,2,0.5,1,0.93,100,1,1,1,3,0.214,143.8,4,28.6,0,0,4,100,0,0,0,0,2,2,100,0,0,0,26.7,1.41,0.804,50,50,0,0,13.6,12.5,13.6,12.45,1.15,0.97,0.89,12.5
2023,200,Kalif Raymond,DET,WR,1,2,SEA,10.714285714285714,14.285714285714285,43.8,3,27.3,1,9.1,12,0.33,35,35,23.2,36,23.7,36,36,1,100,1,1,0,0,1,0.85,33.3,0,0,0,1,0.333,158.3,1,14.3,0,0,1,100,1,100,0,0,0,0,0,0,0,0,33.3,22.3,3.388,66.7,33.3,0,0,10.6,8.8,10.6,8.76,1.84,3.53,2.92,8.8
2023,201,Kendrick Bourne,NE,WR,1,4,DAL,13.114754098360656,9.375,52.7,8,57.1,3,21.4,4.5,0.38,9,27,21.1,36,41.9,12,18,2,66.7,13,6.5,8,4,0,0,0,0,0,0,2,0.25,68.1,1,20,0,0,2,66.7,0,50,0,0,0,0,0,0,0,0,33.3,4.51,-2,87.5,12.5,0,0,5.6,4.4,5.6,4.45,1.15,0.7,0.56,4.4
2023,202,Evan Engram,JAX,TE,1,6,IND,15.384615384615385,28.57142857142857,74.2,10,83.3,4,33.3,3.6,0.4,6.25,25,20.3,36,54.5,9,9,4,100,11,2.75,7,1.75,0,0.04,0,0,0,0,1,0.1,104.2,3,27.3,1,25,4,100,0,0,0,0,1,1,100,1,1,0.25,40,1.19,0.386,40,40,20,0,7.6,7.3,7.6,7.34,0.26,0.76,0.73,7.3
2023,203,Zay Jones,JAX,WR,1,1,IND,42.42424242424242,33.33333333333333,88.4,14,77.8,4,22.2,2.57,0.29,14,56,34.8,36,21.1,9,12,3,75,1,0.33,0,0,1,0.88,100,1,1,1,2,0.143,141.7,4,23.5,0,0,3,75,1,0,0,0,0,0,0,1,0,0,23.5,-0.36,0.79,78.6,21.4,0,0,12.6,11.6,12.6,11.55,1.05,0.9,0.83,11.6
2023,204,Marquise Brown,ARZ,WR,1,5,CIN,14.492753623188406,14.634146341463413,91.2,10,90.9,6,54.5,3.6,0.6,11.33,68,47.9,36,49.3,6,12,3,50,36,12,9,3,0,0.01,0,0,0,0,2,0.2,68.8,1,33.3,0,0,4,66.7,2,0,1,16.7,0,0,0,0,2,0.67,60,-2.39,0.01,90,10,0,0,6.6,8.3,6.6,8.34,-1.74,0.66,0.83,8.3
2023,205,Chase Claypool,CHI,WR,1,2,TB,34.78260869565217,50,78.4,8,80,6,60,4.5,0.75,12.5,75,62.5,36,37.1,6,12,3,50,5,1.67,3,1,1,0.68,100,1,1,1,2,0.25,68.8,5,55.6,0,0,4,66.7,1,33.3,0,0,1,0,0,0,1,0.33,66.7,-2.75,-0.225,87.5,12.5,0,0,12.6,11.2,12.6,11.15,1.45,1.57,1.39,11.2
2023,206,K.J. Osborn,MIN,WR,1,3,LAC,19.047619047619047,12.5,93.6,16,100,2,12.5,2.25,0.13,13.5,27,16.5,36,24.8,18,36,1,50,21,21,5,5,1,0.06,100,1,1,0,1,0.063,135.4,2,13.3,0,0,1,50,0,100,0,0,0,0,0,0,1,1,12.5,8.27,2.449,50,50,0,0,10.6,2.9,10.6,2.94,7.66,0.66,0.18,2.9
2023,207,George Pickens,PIT,WR,1,1,SF,23.333333333333332,20,88.5,14,87.5,7,43.8,2.57,0.5,12.14,85,50,36,31.3,5.14,7.2,5,71.4,9,1.8,4,0.8,0,0.05,0,2,1,0,1,0.071,83,4,40,0,0,5,71.4,1,0,0,0,0,0,0,0,1,0.2,50,-3.11,0.011,85.7,14.3,0,0,8.6,8.7,8.6,8.73,-0.13,0.61,0.62,8.7
2023,208,Skyy Moore,KC,WR,1,3,CHI,21.951219512195124,33.33333333333333,64,9,64.3,4,28.6,4,0.44,10.5,42,26.9,36,34,9,12,3,75,4,1.33,0,0,0,0.02,0,0,0,0,2,0.222,62.5,4,33.3,0,0,3,75,0,33.3,0,0,0,0,0,0,0,0,44.4,1.01,-1.007,66.7,33.3,0,0,6.6,7.1,6.6,7.12,-0.52,0.73,0.79,7.1
2023,209,Wan'Dale Robinson,NYG,WR,1,6,BUF,40.909090909090914,80,58.9,9,81.8,4,36.4,4,0.44,4,16,16.8,36,58.1,9,9,4,100,20,5,5,1.25,0,0.03,0,0,0,0,2,0.222,104.2,2,25,0,0,4,100,0,0,0,0,0,0,0,0,0,0,44.4,2.97,0.816,55.6,44.4,0,0,7.6,7.2,7.6,7.22,0.38,0.84,0.8,7.2
2023,210,Jakobi Meyers,LV,WR,1,6,NE,18.9873417721519,14.285714285714285,93.8,15,100,5,33.3,2.33,0.33,13,65,38.7,35,25.9,7,11.67,3,60,3,1,0,0,0,0.09,0,1,1,0,2,0.133,81.3,5,35.7,0,0,4,80,1,0,0,0,2,1,50,0,0,0,33.3,-2.12,0.408,66.7,33.3,0,0,6.5,7.2,6.5,7.21,-0.71,0.43,0.48,7.2
2023,211,Trenton Irwin,CIN,WR,1,5,ARZ,59.25925925925925,85.71428571428571,75.9,16,64,6,24,2.19,0.38,11.67,70,28.8,35,17.4,5.83,7,5,83.3,12,2.4,4,0.8,0,0.23,0,1,0,0,2,0.125,91,5,25,0,0,5,83.3,1,0,0,0,0,0,0,0,0,0,31.6,-1.88,0.149,87.5,12.5,0,0,8.5,9.9,8.5,9.92,-1.42,0.53,0.62,9.9
2023,212,Darius Slayton,NYG,WR,1,5,MIA,16.94915254237288,14.285714285714285,67.6,10,83.3,3,25,3.5,0.3,15.67,47,38.8,35,38.9,11.67,17.5,2,66.7,22,11,12,6,0,0,0,0,0,0,2,0.2,106.3,3,27.3,0,0,2,66.7,1,50,0,0,0,0,0,0,3,1.5,30,2.33,1.085,50,50,0,0,5.5,3.8,5.5,3.79,1.71,0.55,0.38,3.8
2023,213,Gabe Davis,BUF,WR,1,3,WAS,13.636363636363635,16.666666666666664,78.5,9,69.2,4,30.8,3.89,0.44,27.25,109,46.2,35,24.5,8.75,35,1,25,3,3,0,0,1,1.57,100,0,1,0,1,0.111,63.5,3,30,0,0,3,75,3,100,1,25,1,0,0,0,0,0,40,-2.21,0.4,88.9,11.1,0,0,10.5,18.3,10.5,18.34,-7.84,1.17,2.04,18.3
2023,214,CeeDee Lamb,DAL,WR,1,5,SF,12.857142857142856,10,69.4,9,90,2,20,3.89,0.22,9,18,11.8,35,61.4,17.5,17.5,2,100,17,8.5,11,5.5,0,0,0,0,0,0,1,0.111,118.8,2,22.2,0,0,2,100,0,50,0,0,0,0,0,0,0,0,22.2,9.57,1.37,44.4,55.6,0,0,5.5,4.3,5.5,4.3,1.2,0.61,0.48,4.3
2023,215,Jaylen Waddle,MIA,WR,1,4,BUF,14.035087719298245,16,75.9,8,72.7,4,36.4,4.38,0.5,5.5,22,22.9,35,30.4,8.75,11.67,3,75,19,6.33,0,0,0,0.03,0,1,1,0,2,0.25,101,2,25,1,25,3,75,0,0,0,0,0,0,0,0,0,0,44.4,1.9,0.312,87.5,12.5,0,0,6.5,5.8,6.5,5.79,0.71,0.81,0.72,5.8
2023,216,John Bates,WAS,TE,1,2,DEN,23.52941176470588,50,54.5,4,33.3,1,8.3,8.75,0.25,30,30,26.5,35,28.9,35,35,1,100,5,5,2,2,0,0.01,0,0,0,0,1,0.25,118.8,1,9.1,0,0,1,100,1,100,0,0,0,0,0,0,0,0,20,21.77,1.4,25,50,25,0,4.5,3.6,4.5,3.64,0.86,1.13,0.91,3.6
2023,217,DeVonta Smith,PHI,WR,1,6,NYJ,19.318181818181817,23.333333333333332,98.6,17,100,7,41.2,2.06,0.41,17.71,124,43.7,35,21,5,11.67,3,42.9,2,0.67,3,1,0,0.27,0,0,0,0,2,0.118,58.6,2,28.6,0,0,7,100,3,33.3,2,28.6,2,0,0,0,0,0,41.2,-4.67,-0.426,76.5,23.5,0,0,6.5,18.6,6.5,18.63,-12.13,0.38,1.1,18.6
2023,218,Terrace Marshall,CAR,WR,1,3,SEA,36.58536585365854,36.84210526315789,60,15,57.7,7,26.9,2.33,0.47,7.71,54,21.9,35,27.6,5,7,5,71.4,7,1.4,3,0.6,0,0.02,0,0,0,0,3,0.2,82.4,6,30,1,14.3,6,85.7,0,0,0,0,1,0,0,0,0,0,46.7,-2.6,0.169,86.7,13.3,0,0,8.5,11.1,8.5,11.08,-2.58,0.57,0.74,11.1
2023,219,Samori Toure,GB,WR,1,4,DET,13.636363636363635,14.285714285714285,18.9,3,18.8,1,6.3,11.67,0.33,34,34,17.1,35,25,35,35,1,100,1,1,1,1,0,0.01,0,0,0,0,1,0.333,118.8,1,6.7,0,0,1,100,1,100,0,0,1,1,100,1,0,0,25,21,2.168,66.7,33.3,0,0,4.5,2.3,4.5,2.33,2.17,1.5,0.78,2.3
2023,220,Chris Olave,NO,WR,1,6,HST,14.285714285714285,17.857142857142858,87.2,11,84.6,5,38.5,3.18,0.45,21.4,107,41.5,35,22.9,7,11.67,3,60,1,0.33,0,0,0,0.01,0,0,2,0,2,0.182,81.3,5,45.5,0,0,3,60,2,0,0,0,0,0,0,0,0,0,45.5,-3.45,0.217,72.7,27.3,0,0,6.5,7,6.5,7.04,-0.54,0.59,0.64,7
2023,221,Jaxon Smith-Njigba,SEA,WR,1,6,CIN,28.000000000000004,30,72.9,14,77.8,3,16.7,2.5,0.21,5.67,17,6.8,35,16.4,11.67,11.67,3,100,18,6,14,4.67,0,0.01,0,0,0,0,2,0.143,115.3,0,0,0,0,3,100,0,0,0,0,0,0,0,0,1,0.33,20,4.43,1.106,28.6,71.4,0,0,6.5,6.1,6.5,6.08,0.42,0.46,0.43,6.1
2023,222,Odell Beckham,BLT,WR,1,6,TEN,24.137931034482758,25,40,7,53.8,3,23.1,4.86,0.43,4,12,16.9,34,37.4,11.33,17,2,66.7,30,15,1,0.5,0,0,0,0,0,0,1,0.143,104.9,2,20,0,0,2,66.7,0,50,0,0,0,0,0,0,2,1,37.5,5.27,0.694,100,0,0,0,5.4,3.4,5.4,3.45,1.95,0.77,0.49,3.4
2023,223,Tyler Lockett,SEA,WR,1,3,CAR,22.58064516129032,20,80.3,14,87.5,5,31.3,2.43,0.36,12.8,64,29.4,34,17.8,6.8,11.33,3,60,19,6.33,0,0,0,0.01,0,2,2,0,1,0.071,80.4,4,33.3,0,0,3,60,2,0,0,0,1,0,0,0,0,0,35.7,-2.11,0.174,71.4,28.6,0,0,6.4,5.5,6.4,5.51,0.89,0.46,0.39,5.5
2023,224,River Cracraft,MIA,WR,1,2,NE,18.75,28.57142857142857,29.5,3,17.6,2,11.8,11.33,0.67,9,18,9.8,34,20,17,17,2,100,16,8,8,4,0,0.02,0,0,0,0,2,0.667,118.8,2,11.8,0,0,2,100,0,50,0,0,0,0,0,0,0,0,50,9,0.97,100,0,0,0,5.4,4.3,5.4,4.31,1.09,1.8,1.44,4.3
2023,225,DK Metcalf,SEA,WR,1,4,NYG,15.254237288135593,14.285714285714285,70.6,9,90,4,40,3.78,0.44,11.5,46,47.4,34,36.6,8.5,11.33,3,75,8,2.67,3,1,1,0.98,100,1,1,1,3,0.333,139.6,2,33.3,0,0,4,100,0,0,0,0,1,0,0,1,0,0,44.4,-0.15,0.632,100,0,0,0,12.4,12.9,12.4,12.87,-0.47,1.38,1.43,12.9
2023,226,Gabe Davis,BUF,WR,1,4,MIA,9.090909090909092,4.166666666666666,71.4,6,60,1,10,5.67,0.17,30,30,21.3,34,20.5,34,34,1,100,4,4,4,4,0,0.14,0,0,0,0,1,0.167,118.8,1,14.3,0,0,1,100,1,100,0,0,0,0,0,0,0,0,16.7,24.81,1.87,66.7,33.3,0,0,4.4,4.8,4.4,4.83,-0.43,0.73,0.8,4.8
2023,227,Darnell Mooney,CHI,WR,1,4,DEN,28.26086956521739,60,75.7,13,92.9,3,21.4,2.62,0.23,7,21,11.9,34,20.2,11.33,11.33,3,100,13,4.33,1,0.33,0,0,0,0,0,0,2,0.154,113.9,3,25,0,0,3,100,0,0,0,0,0,0,0,0,0,0,23.1,4.16,0.808,30.8,69.2,0,0,6.4,6,6.4,6,0.4,0.49,0.46,6
2023,228,Nico Collins,HST,WR,1,3,JAX,14.285714285714285,8.823529411764707,66.1,9,75,3,25,3.78,0.33,5,15,8.8,34,18.1,11.33,17,2,66.7,32,16,19,9.5,0,0.01,0,0,0,0,1,0.111,104.9,3,27.3,1,33.3,3,100,0,50,1,33.3,0,0,0,0,3,1.5,30,4.49,0.041,77.8,22.2,0,0,5.4,5.8,5.4,5.81,-0.41,0.6,0.65,5.8
2023,229,Kyle Pitts,ATL,TE,1,1,CAR,9.375,7.142857142857142,60.4,6,100,1,16.7,5.67,0.17,34,34,48.6,34,52.3,34,34,1,100,0,0,0,0,0,0.05,0,0,0,0,1,0.167,118.8,1,25,0,0,1,100,1,100,0,0,0,0,0,1,0,0,16.7,29.9,2.451,33.3,16.7,50,0,4.4,2.6,4.4,2.62,1.78,0.73,0.44,2.6
2023,230,Josh Palmer,LAC,WR,1,6,DAL,25,26.08695652173913,96.7,15,93.8,6,37.5,2.27,0.4,10.83,65,33.2,34,52.3,5.67,11.33,3,50,1,0.33,1,0.33,0,0,0,2,2,0,2,0.133,67.4,3,30,0,0,3,50,0,0,0,0,0,0,0,0,0,0,37.5,-2.75,-0.507,73.3,26.7,0,0,6.4,6.6,6.4,6.61,-0.21,0.43,0.44,6.6
2023,231,DeVante Parker,NE,WR,1,4,DAL,21.568627450980394,20,81.8,11,78.6,4,28.6,3,0.36,9.25,37,28.9,33,38.4,8.25,16.5,2,50,3,1.5,0,0,0,0.01,0,0,0,0,1,0.091,78.1,1,20,0,0,2,50,0,50,0,0,1,0,0,0,0,0,33.3,0.31,0.064,90.9,9.1,0,0,5.3,5.4,5.3,5.39,-0.09,0.48,0.49,5.4
2023,232,Michael Thomas,NO,WR,1,6,HST,15.384615384615385,15.625,83.3,12,92.3,5,38.5,2.75,0.42,14.6,73,28.3,33,21.6,6.6,11,3,60,9,3,4,1.33,0,0.01,0,0,1,0,1,0.083,40,4,36.4,1,20,3,60,2,0,0,0,1,1,100,0,0,0,41.7,-2.39,0.055,91.7,8.3,0,0,6.3,5.2,6.3,5.24,1.06,0.53,0.44,5.2
2023,233,Jakobi Meyers,LV,WR,1,4,LAC,18.9873417721519,5.714285714285714,95.7,15,88.2,2,11.8,2.2,0.13,12,24,13.9,33,27.5,16.5,16.5,2,100,9,4.5,2,1,0,0,0,0,0,0,1,0.067,118.8,2,12.5,0,0,2,100,0,50,0,0,0,0,0,0,1,0.5,12.5,7.57,0.92,80,20,0,0,5.3,4.8,5.3,4.8,0.5,0.35,0.32,4.8
2023,234,Darius Slayton,NYG,WR,1,2,ARZ,18.64406779661017,23.809523809523807,82.1,11,84.6,5,38.5,3,0.45,23.2,116,48.5,33,19.2,6.6,16.5,2,40,1,0.5,0,0,0,0.01,0,0,0,0,2,0.182,62.9,5,41.7,0,0,2,40,2,0,0,0,0,0,0,0,0,0,41.7,-4.89,-0.218,72.7,27.3,0,0,5.3,4.5,5.3,4.47,0.83,0.48,0.41,4.5
2023,235,K.J. Osborn,MIN,WR,1,6,CHI,9.523809523809524,12.5,92.7,8,80,2,20,4.13,0.25,11,22,21,33,45.2,16.5,16.5,2,100,11,5.5,5,2.5,0,0,0,0,0,0,2,0.25,118.8,1,12.5,0,0,2,100,0,50,0,0,0,0,0,0,0,0,20,7.49,1.89,87.5,12.5,0,0,5.3,4.6,5.3,4.56,0.74,0.66,0.57,4.6
2023,236,CeeDee Lamb,DAL,WR,1,4,NE,18.571428571428573,20,63.8,13,68.4,4,21.1,2.54,0.31,10.5,42,32.1,33,18.8,8.25,11,3,75,4,1.33,1,0.33,1,1,100,2,2,1,2,0.154,138.5,3,23.1,2,50,3,75,1,33.3,0,0,0,0,0,0,0,0,28.6,-0.31,0.53,46.2,53.8,0,0,12.3,13,12.3,12.99,-0.69,0.95,1,13
2023,237,Jaylen Waddle,MIA,WR,1,5,NYG,24.561403508771928,28.000000000000004,81.5,14,87.5,7,43.8,2.36,0.5,3.57,25,21,33,19.8,4.71,8.25,4,57.1,27,6.75,8,2,0,0.02,0,1,1,0,2,0.143,29.8,5,41.7,2,28.6,4,57.1,0,25,0,0,0,0,0,0,1,0.25,46.7,-1.63,-0.899,71.4,28.6,0,0,7.3,7.3,7.3,7.29,0.01,0.52,0.52,7.3
2023,238,Tyreek Hill,MIA,WR,1,2,NE,20,17.94871794871795,85.2,13,76.5,7,41.2,2.46,0.54,10.43,73,39.9,32,18.8,4.57,8,4,57.1,11,2.75,2,0.5,1,0.92,100,1,1,1,4,0.308,108.3,7,41.2,0,0,5,71.4,1,0,0,0,1,1,100,0,1,0.25,43.8,-3.7,0.358,76.9,23.1,0,0,13.2,14.3,13.2,14.26,-1.06,1.02,1.1,14.3
2023,239,Christian Kirk,JAX,WR,1,4,ATL,10.144927536231885,27.27272727272727,81.3,7,87.5,3,37.5,4.57,0.43,11.33,34,30.6,32,42.7,10.67,16,2,66.7,1,0.5,4,2,0,0.07,0,0,0,0,1,0.143,102.1,3,42.9,0,0,3,100,1,50,1,33.3,1,1,100,0,0,0,37.5,3.34,0.548,42.9,57.1,0,0,5.2,7.4,5.2,7.45,-2.25,0.74,1.06,7.4
2023,240,D.J. Chark,CAR,WR,1,3,SEA,37.096774193548384,36.36363636363637,93.3,23,88.5,8,30.8,1.39,0.35,17.25,138,55.9,32,25.2,4,16,2,25,1,0.5,1,0.5,0,0.14,0,0,0,0,1,0.043,43.8,5,25,0,0,5,62.5,4,50,2,25,2,2,100,0,0,0,30.8,-5.15,-0.241,73.9,26.1,0,0,5.2,11.8,5.2,11.79,-6.59,0.23,0.51,11.8
2023,241,Calvin Ridley,JAX,WR,1,2,KC,16,18.421052631578945,78.1,12,75,7,43.8,2.67,0.58,12.14,85,48.6,32,59.3,4.57,16,2,28.6,3,1.5,3,1.5,0,1.53,0,3,2,0,2,0.167,46.1,6,46.2,0,0,6,85.7,2,50,1,14.3,3,1,33.3,0,0,0,58.3,-3.76,-0.61,100,0,0,0,5.2,17.7,5.2,17.73,-12.53,0.43,1.48,17.7
2023,242,Darius Slayton,NYG,WR,1,3,SF,20.33898305084746,28.57142857142857,84.8,12,92.3,6,46.2,2.67,0.5,11.67,70,60.9,32,56.1,5.33,10.67,3,50,3,1,-1,-0.33,0,0.01,0,0,0,0,2,0.167,66,5,45.5,0,0,4,66.7,1,0,0,0,3,1,33.3,0,0,0,50,-3.17,0.16,83.3,16.7,0,0,6.2,6.6,6.2,6.63,-0.43,0.52,0.55,6.6
2023,243,Terry McLaurin,WAS,WR,1,3,BUF,18.571428571428573,11.11111111111111,80.4,13,92.9,4,28.6,2.46,0.31,8.25,33,22.1,32,34.4,8,8,4,100,-1,-0.25,0,0,0,0.01,0,0,0,0,2,0.154,100,3,27.3,0,0,4,100,0,0,0,0,1,1,100,0,0,0,30.8,0.75,0.434,69.2,30.8,0,0,7.2,6.9,7.2,6.89,0.31,0.55,0.53,6.9
2023,244,Gabe Davis,BUF,WR,1,1,NYJ,21.21212121212121,16.666666666666664,94.1,14,77.8,4,22.2,2.29,0.29,18.25,73,43.5,32,21.2,8,16,2,50,8,4,8,4,0,0.03,0,0,1,0,2,0.143,37.5,4,33.3,0,0,3,75,1,50,0,0,2,1,50,0,1,0.5,23.5,-2.1,-0.375,100,0,0,0,5.2,5.7,5.2,5.73,-0.53,0.37,0.41,5.7
2023,245,Keenan Allen,LAC,WR,1,6,DAL,20.253164556962027,25.925925925925924,95.1,16,100,7,43.8,1.94,0.44,14.14,99,50.5,31,47.7,4.43,10.33,3,42.9,10,3.33,4,1.33,0,0.03,0,1,0,0,0,0,56.3,6,60,1,14.3,3,42.9,2,50,0,0,0,0,0,0,1,0.33,43.8,-4.74,-0.151,56.3,43.8,0,0,6.1,6,6.1,5.96,0.14,0.38,0.37,6
2023,246,Mack Hollins,ATL,WR,1,1,CAR,12.5,23.52941176470588,64.6,5,83.3,4,66.7,6.2,0.8,7.75,31,44.3,31,47.7,7.75,10.33,3,75,2,0.67,1,0.33,0,0.01,0,0,0,0,1,0.2,96.9,2,50,0,0,3,75,0,0,0,0,0,0,0,0,0,0,80,0.58,0.231,100,0,0,0,6.1,6.6,6.1,6.57,-0.47,1.22,1.31,6.6
2023,247,Terry McLaurin,WAS,WR,1,1,ARZ,15.714285714285714,8.333333333333332,89.2,11,84.6,3,23.1,2.82,0.27,9.67,29,29.6,31,39.2,10.33,15.5,2,66.7,11,5.5,6,3,0,0.01,0,0,0,0,2,0.182,100.7,3,30,0,0,3,100,0,0,0,0,1,0,0,0,0,0,25,2.26,0.699,90.9,9.1,0,0,5.1,5.7,5.1,5.66,-0.56,0.46,0.51,5.7
2023,248,Marquise Brown,ARZ,WR,1,6,LA,21.73913043478261,24.390243902439025,89,15,88.2,10,58.8,2.07,0.67,18.6,186,70.5,31,35.6,3.1,10.33,3,30,-2,-0.67,1,0.33,0,0.07,0,2,1,0,2,0.133,40,9,69.2,0,0,5,50,4,33.3,0,0,0,0,0,0,0,0,66.7,-6.47,-0.417,93.3,6.7,0,0,6.1,12,6.1,11.96,-5.86,0.41,0.8,12
2023,249,Brandon Johnson,DEN,WR,1,1,LV,20,25,50,8,72.7,3,27.3,3.88,0.38,11.67,35,31.5,31,36.9,10.33,15.5,2,66.7,0,0,0,0,0,0,0,1,0,0,1,0.125,100.7,2,28.6,0,0,2,66.7,1,50,0,0,1,1,100,0,0,0,37.5,2.07,0.251,75,25,0,0,5.1,4.9,5.1,4.94,0.16,0.64,0.62,4.9
2023,250,Calvin Ridley,JAX,WR,1,6,IND,14.666666666666666,18.421052631578945,79,11,91.7,7,58.3,2.73,0.64,9.57,67,54.5,30,45.5,4.29,7.5,4,57.1,3,0.75,1,0.25,0,0.05,0,0,0,0,1,0.091,67.6,7,63.6,0,0,6,85.7,0,0,0,0,1,0,0,0,0,0,63.6,-3.81,-0.18,90.9,9.1,0,0,7,11.1,7,11.13,-4.13,0.64,1.01,11.1
2023,251,Jaylen Waddle,MIA,WR,1,1,LAC,22.807017543859647,12,64.6,13,61.9,3,14.3,2.31,0.23,19,57,16.5,30,15.5,10,15,2,66.7,4,2,2,1,0,0,0,0,0,0,1,0.077,99.3,3,17.6,0,0,2,66.7,2,50,0,0,0,0,0,0,0,0,23.1,-0.14,-0.053,76.9,23.1,0,0,5,5.1,5,5.13,-0.13,0.38,0.39,5.1
2023,252,Elijah Moore,CLV,WR,1,2,PIT,28.57142857142857,46.15384615384615,77.8,16,94.1,6,35.3,1.88,0.38,15.5,93,31.7,30,29.7,5,15,2,33.3,3,1.5,1,0.5,0,0.02,0,0,0,0,2,0.125,50.7,5,33.3,0,0,3,50,1,0,0,0,0,0,0,0,0,0,37.5,-5.02,0.093,56.3,37.5,0,6.3,5,7.4,5,7.43,-2.43,0.31,0.46,7.4
2023,253,Jahan Dotson,WAS,WR,1,5,CHI,19.230769230769234,23.52941176470588,78.8,15,78.9,4,21.1,2,0.27,10,40,17.5,30,17.9,7.5,10,3,75,12,4,6,2,0,0.01,0,0,0,0,1,0.067,95.8,4,25,0,0,3,75,1,0,0,0,0,0,0,0,1,0.33,26.7,-0.44,0.372,80,20,0,0,6,5.7,6,5.68,0.32,0.4,0.38,5.7
2023,254,Romeo Doubs,GB,WR,1,2,ATL,13.333333333333334,10,76.6,8,72.7,3,27.3,3.75,0.38,16.33,49,41.2,30,41.7,10,15,2,66.7,6,3,0,0,0,0.01,0,0,0,0,2,0.25,99.3,2,20,0,0,2,66.7,1,0,0,0,0,0,0,0,0,0,37.5,0.3,0.714,75,25,0,0,5,5,5,4.96,0.04,0.63,0.62,5
2023,255,Davante Adams,LV,WR,1,6,NE,15.789473684210526,9.433962264150944,90.8,15,100,5,33.3,1.93,0.33,13.6,68,40.5,29,21.5,5.8,14.5,2,40,6,3,3,1.5,0,0.12,0,2,1,0,1,0.067,20,5,35.7,0,0,3,60,1,50,0,0,2,1,50,0,0,0,33.3,-3,-1.016,66.7,33.3,0,0,4.9,5.7,4.9,5.71,-0.81,0.33,0.38,5.7
2023,256,Mack Hollins,ATL,WR,1,5,HST,10,11.76470588235294,39.2,4,30.8,2,15.4,7.25,0.5,12.5,25,18,29,22.5,14.5,14.5,2,100,4,2,1,0.5,0,0.01,0,0,0,0,1,0.25,118.8,2,16.7,0,0,2,100,0,0,0,0,1,1,100,0,0,0,50,5.06,1.08,75,25,0,0,4.9,3.6,4.9,3.64,1.26,1.23,0.91,3.6
2023,257,Courtland Sutton,DEN,WR,1,1,LV,14.035087719298245,13.793103448275861,86.2,8,72.7,4,36.4,3.63,0.5,11.25,45,40.5,29,34.5,7.25,9.67,3,75,3,1,1,0.33,1,0.99,100,2,1,1,2,0.25,134.4,2,28.6,0,0,3,75,0,0,0,0,0,0,0,0,0,0,44.4,-1.03,0.926,87.5,12.5,0,0,11.9,10.8,11.9,10.84,1.06,1.49,1.35,10.8
2023,258,Cedrick Wilson,MIA,WR,1,5,NYG,45.45454545454545,100,53.7,5,31.3,3,18.8,5.8,0.6,8.33,25,21,29,17.4,9.67,9.67,3,100,4,1.33,3,1,0,0.01,0,0,0,0,2,0.4,106.9,3,25,0,0,3,100,0,0,0,0,0,0,0,0,1,0.33,42.9,2.06,0.472,80,20,0,0,5.9,6.2,5.9,6.2,-0.3,1.18,1.24,6.2
2023,259,Isaiah Hodgins,NYG,WR,1,2,ARZ,17.647058823529413,40,74.6,6,46.2,4,30.8,4.83,0.67,7.25,29,12.1,29,16.9,7.25,9.67,3,75,13,4.33,3,1,0,0.23,0,1,1,0,2,0.333,94.8,4,33.3,0,0,4,100,0,0,0,0,1,1,100,0,0,0,66.7,0.1,0.347,83.3,16.7,0,0,5.9,5.4,5.9,5.42,0.48,0.98,0.9,5.4
2023,260,Garrett Wilson,NYJ,WR,1,3,NE,12.727272727272727,6.451612903225806,96.7,7,100,2,28.6,4.14,0.29,15,30,33,29,42.6,14.5,29,1,50,5,5,3,3,0,0.13,0,1,0,0,1,0.143,95.8,2,28.6,0,0,2,100,1,100,0,0,2,1,50,0,0,0,28.6,5.15,-0.271,100,0,0,0,3.9,3.9,3.9,3.95,-0.05,0.56,0.56,3.9
2023,261,Tank Dell,HST,WR,1,5,ATL,3.9215686274509802,5,34.5,2,20,1,10,14.5,0.5,28,28,26.9,29,31.9,29,29,1,100,1,1,0,0,0,0.18,0,0,0,0,1,0.5,118.8,0,0,0,0,1,100,1,100,0,0,0,0,0,1,0,0,50,17.92,2.562,100,0,0,0,3.9,4.9,3.9,4.93,-1.03,1.95,2.47,4.9
2023,262,Darren Waller,NYG,TE,1,1,DAL,9.25925925925926,17.647058823529413,56.9,5,41.7,3,25,5.6,0.6,10.67,32,24.6,28,43.1,9.33,14,2,66.7,8,4,2,1,0,0,0,0,0,0,1,0.2,56.9,1,12.5,0,0,2,66.7,0,50,0,0,0,0,0,0,0,0,50,0.74,-0.281,80,20,0,0,4.8,4.3,4.8,4.26,0.54,0.96,0.85,4.3
2023,263,JuJu Smith-Schuster,NE,WR,1,2,MIA,28.57142857142857,33.33333333333333,60.6,10,52.6,5,26.3,2.8,0.5,5.2,26,12,28,26.9,5.6,7,4,80,-1,-0.25,1,0.25,0,0.25,0,1,0,0,2,0.2,90,4,23.5,2,40,5,100,0,0,0,0,3,2,66.7,1,0,0,41.7,-1.38,0.289,60,40,0,0,6.8,8.8,6.8,8.79,-1.99,0.68,0.88,8.8
2023,264,D.J. Chark,CAR,WR,1,4,MIN,16.129032258064516,13.636363636363635,91.2,10,76.9,3,23.1,2.8,0.3,14.33,43,41.3,28,21.7,9.33,14,2,66.7,2,1,0,0,0,0.01,0,0,0,0,1,0.1,96.5,1,10,0,0,2,66.7,0,0,0,0,0,0,0,0,0,0,27.3,-0.93,0.315,90,10,0,0,4.8,5.1,4.8,5.06,-0.26,0.48,0.51,5.1
2023,265,Marquise Brown,ARZ,WR,1,1,WAS,13.043478260869565,12.195121951219512,84.5,9,81.8,5,45.5,3.11,0.56,10,50,40.3,28,58.3,5.6,9.33,3,60,1,0.33,1,0.33,0,0.05,0,1,0,0,3,0.333,75.4,5,45.5,0,0,4,80,0,0,0,0,2,1,50,0,0,0,50,-2.35,0.513,88.9,11.1,0,0,5.8,7.3,5.8,7.3,-1.5,0.64,0.81,7.3
2023,266,Justin Jefferson,MIN,WR,1,5,KC,16.43835616438356,11.11111111111111,70.6,12,54.5,4,18.2,2.33,0.33,6.75,27,13.5,28,18.3,7,9.33,3,75,11,3.67,6,2,0,0.01,0,0,0,0,2,0.167,93.8,4,22.2,1,25,4,100,0,0,1,25,2,2,100,0,1,0.33,30.8,-0.22,0.501,41.7,58.3,0,0,5.8,7.1,5.8,7.08,-1.28,0.48,0.59,7.1
2023,267,Nico Collins,HST,WR,1,6,NO,12.698412698412698,8.823529411764707,71.7,8,100,3,37.5,3.5,0.38,15,45,54.9,28,75.7,9.33,28,1,33.3,5,5,2,2,0,0.06,0,0,0,0,1,0.125,68.8,2,50,0,0,1,33.3,1,100,0,0,0,0,0,0,0,0,37.5,-0.08,0.007,75,25,0,0,3.8,4,3.8,4,-0.2,0.47,0.5,4
2023,268,Justyn Ross,KC,WR,1,5,MIN,44.44444444444444,66.66666666666666,9.4,4,33.3,4,33.3,7,1,9.25,37,46.3,28,40.6,7,14,2,50,8,4,4,2,0,0.09,0,1,0,0,1,0.25,72.9,4,40,0,0,4,100,0,50,1,25,2,1,50,0,0,0,100,-1.05,0.425,100,0,0,0,4.8,6.6,4.8,6.55,-1.75,1.2,1.64,6.6
2023,269,Drake London,ATL,WR,1,3,DET,15.068493150684931,11.428571428571429,92.3,11,84.6,4,30.8,2.55,0.36,13,52,26,28,37.3,7,28,1,25,0,0,0,0,0,0,0,1,1,0,1,0.091,56.3,4,36.4,0,0,1,25,1,100,0,0,1,1,100,1,0,0,36.4,-1.22,-0.521,81.8,18.2,0,0,3.8,2.4,3.8,2.36,1.44,0.35,0.21,2.4
2023,270,Alec Pierce,IND,WR,1,2,HST,15.625,9.090909090909092,100,10,83.3,2,16.7,2.8,0.2,11.5,23,25.8,28,40,14,14,2,100,5,2.5,2,1,0,0.02,0,0,0,0,1,0.1,118.8,2,18.2,0,0,2,100,0,50,0,0,0,0,0,0,0,0,16.7,4.69,1.24,100,0,0,0,4.8,5,4.8,5.01,-0.21,0.48,0.5,5
2023,271,Jordan Addison,MIN,WR,1,6,CHI,12.676056338028168,16.666666666666664,87.3,9,90,5,50,3.11,0.56,14.2,71,67.6,28,38.4,5.6,9.33,3,60,7,2.33,2,0.67,1,1.06,100,1,1,1,2,0.222,115,5,62.5,1,20,5,100,1,0,1,20,1,0,0,0,0,0,50,-3.11,0.273,66.7,33.3,0,0,11.8,17.8,11.8,17.83,-6.03,1.31,1.98,17.8
2023,272,Jayden Reed,GB,WR,1,2,ATL,14.634146341463413,33.33333333333333,59.6,6,54.5,3,27.3,4.67,0.5,6.33,19,16,28,38.9,9.33,9.33,3,100,9,3,1,0.33,1,0.9,100,2,0,0,2,0.333,145.1,3,30,0,0,3,100,0,0,0,0,0,0,0,0,0,0,50,2.35,0.996,50,50,0,0,11.8,10.9,11.8,10.9,0.9,1.97,1.82,10.9
2023,273,Brandin Cooks,DAL,WR,1,4,NE,20.754716981132077,20,71,11,57.9,4,21.1,2.45,0.36,5,20,15.3,27,15.3,6.75,6.75,4,100,7,1.75,6,1.5,0,0.02,0,0,0,0,1,0.091,94.8,3,23.1,1,25,4,100,0,0,0,0,1,1,100,0,1,0.25,30.8,-0.04,0.133,54.5,45.5,0,0,6.7,6.9,6.7,6.89,-0.19,0.61,0.63,6.9
2023,274,Jonnu Smith,ATL,TE,1,4,JAX,14.000000000000002,40,54.4,7,58.3,2,16.7,3.86,0.29,11,22,12.6,27,51.9,13.5,13.5,2,100,5,2.5,2,1,0,0.05,0,1,0,0,1,0.143,118.8,2,20,0,0,2,100,0,0,0,0,0,0,0,0,0,0,25,4.76,0.99,28.6,71.4,0,0,4.7,4.6,4.7,4.58,0.12,0.67,0.65,4.6
2023,275,Braxton Berrios,MIA,WR,1,1,LAC,32,50,53.8,16,76.2,4,19,1.69,0.25,19.25,77,22.3,27,14,6.75,13.5,2,50,0,0,-1,-0.5,0,0,0,0,1,0,2,0.125,32.3,2,11.8,0,0,2,50,1,0,0,0,1,1,100,1,0,0,25,-4.17,0.579,50,50,0,0,4.7,2.9,4.7,2.94,1.76,0.29,0.18,2.9
2023,276,Jerry Jeudy,DEN,WR,1,4,CHI,20.454545454545457,22.22222222222222,62.5,9,81.8,2,18.2,3,0.22,7,14,13.1,27,22.7,13.5,13.5,2,100,13,6.5,12,6,0,0,0,0,0,0,1,0.111,118.8,2,28.6,0,0,2,100,0,0,0,0,0,0,0,0,1,0.5,22.2,6.59,0.963,22.2,77.8,0,0,4.7,3.7,4.7,3.74,0.96,0.52,0.42,3.7
2023,277,Josh Downs,IND,WR,1,3,BLT,22.950819672131146,57.14285714285714,79.8,14,66.7,4,19,1.93,0.29,3.25,13,6,27,19.3,6.75,6.75,4,100,14,3.5,4,1,0,0.01,0,0,0,0,1,0.071,94.8,4,22.2,0,0,4,100,0,0,0,0,0,0,0,0,0,0,22.2,0.62,0.49,28.6,71.4,0,0,6.7,6.9,6.7,6.88,-0.18,0.48,0.49,6.9
2023,278,Sam LaPorta,DET,TE,1,1,KC,22,36.36363636363637,81.4,11,55,4,20,2.45,0.36,3.5,14,7.5,27,14.8,6.75,6.75,4,100,13,3.25,2,0.5,0,0,0,0,0,0,1,0.091,94.8,3,18.8,0,0,4,100,0,0,0,0,0,0,0,0,0,0,23.5,0.44,0.209,45.5,18.2,36.4,0,6.7,6.7,6.7,6.67,0.03,0.61,0.61,6.7
2023,279,Mike Evans,TB,WR,1,6,DET,17.647058823529413,17.857142857142858,79.6,9,81.8,5,45.5,2.89,0.56,13.4,67,46.2,26,29.5,5.2,13,2,40,2,1,1,0.5,0,0.01,0,0,0,0,1,0.111,57.1,3,33.3,0,0,3,60,1,0,1,20,1,1,100,0,0,0,50,-3.78,-0.111,100,0,0,0,4.6,6.4,4.6,6.41,-1.81,0.51,0.71,6.4
2023,280,Michael Thomas,NO,WR,1,3,GB,23.076923076923077,15.625,75,18,94.7,5,26.3,1.44,0.28,7.2,36,14,26,21.1,5.2,8.67,3,60,5,1.67,5,1.67,0,0.02,0,0,0,0,1,0.056,73.8,5,29.4,0,0,5,100,0,0,0,0,2,1,50,0,1,0.33,27.8,-1.89,-0.161,72.2,27.8,0,0,5.6,7.7,5.6,7.73,-2.13,0.31,0.43,7.7
2023,281,Jamal Agnew,JAX,WR,1,3,HST,41.66666666666667,100,56.5,10,76.9,2,15.4,2.6,0.2,13.5,27,18.2,26,25.7,13,13,2,100,-1,-0.5,-3,-1.5,0,0,0,0,0,0,1,0.1,118.8,1,8.3,0,0,2,100,0,0,0,0,0,0,0,0,0,0,20,3.64,-1.041,70,30,0,0,3.6,4.9,3.6,4.95,-1.35,0.46,0.49,4.9
2023,282,JuJu Smith-Schuster,NE,WR,1,1,PHI,22.857142857142858,26.666666666666668,52.6,8,42.1,4,21.1,3.25,0.5,3.75,15,6,26,22.2,6.5,8.67,3,75,17,5.67,2,0.67,0,0.02,0,0,0,0,1,0.125,91.7,3,17.6,1,25,4,100,0,0,1,25,0,0,0,0,0,0,40,0.17,0.17,62.5,37.5,0,0,5.6,7.1,5.6,7.12,-1.52,0.7,0.89,7.1
2023,283,Cooper Kupp,LA,WR,1,5,PHI,54.54545454545454,33.33333333333333,94.5,12,100,3,25,2.17,0.25,11,33,20.1,26,27.7,8.67,13,2,66.7,18,9,8,4,0,0.01,0,1,0,0,1,0.083,93.8,3,30,1,33.3,2,66.7,1,0,0,0,0,0,0,0,1,0.5,25,0.78,-0.107,83.3,16.7,0,0,4.6,3.4,4.6,3.4,1.2,0.38,0.28,3.4
2023,284,Justin Watson,KC,WR,1,1,DET,17.647058823529413,20,25.8,6,37.5,2,12.5,4.33,0.33,31.5,63,30.1,26,44.1,13,26,1,50,3,3,0,0,0,0.35,0,0,0,0,1,0.167,95.8,1,11.1,0,0,1,50,2,100,0,0,0,0,0,0,0,0,28.6,0.39,0.903,66.7,33.3,0,0,3.6,5.2,3.6,5.16,-1.56,0.6,0.86,5.2
2023,285,D.J. Chark,CAR,WR,1,6,MIA,16.129032258064516,22.727272727272727,66.2,10,62.5,5,31.3,2.6,0.5,10.8,54,32.9,26,24.8,5.2,8.67,3,60,10,3.33,4,1.33,0,0.02,0,0,0,0,1,0.1,73.8,4,36.4,1,20,4,80,1,33.3,1,20,0,0,0,0,0,0,45.5,-3,-0.49,90,10,0,0,5.6,7.7,5.6,7.72,-2.12,0.56,0.77,7.7
2023,286,Nick Westbrook-Ikhine,TEN,WR,1,4,CIN,14.285714285714285,16.666666666666664,82.3,6,60,2,20,4.33,0.33,10,20,9,26,21.7,13,13,2,100,6,3,1,0.5,0,0.01,0,0,0,0,1,0.167,118.8,2,28.6,0,0,2,100,0,50,0,0,0,0,0,0,0,0,25,4.44,0.617,66.7,33.3,0,0,4.6,4.8,4.6,4.82,-0.22,0.77,0.8,4.8
2023,287,Jerry Jeudy,DEN,WR,1,3,MIA,31.818181818181817,33.33333333333333,74.6,14,77.8,3,16.7,1.86,0.21,23.67,71,26.4,26,13.7,8.67,13,2,66.7,-1,-0.5,-1,-0.5,0,0.09,0,0,0,0,2,0.143,93.8,3,23.1,0,0,3,100,1,0,0,0,1,0,0,0,0,0,21.4,-2.47,0.381,35.7,57.1,0,7.1,4.6,6.9,4.6,6.86,-2.26,0.33,0.49,6.9
2023,288,Jaylen Waddle,MIA,WR,1,6,CAR,17.543859649122805,20,67.7,10,100,5,50,2.6,0.5,16,80,41.5,26,17.2,5.2,8.67,3,60,9,3,2,0.67,0,0.13,0,0,0,0,1,0.1,73.8,5,50,1,20,5,100,1,0,1,20,1,0,0,0,0,0,50,-4.35,0.148,90,10,0,0,5.6,11.1,5.6,11.13,-5.53,0.56,1.11,11.1
2023,289,Deven Thompkins,TB,WR,1,4,NO,33.33333333333333,14.285714285714285,62.7,9,56.3,1,6.3,2.89,0.11,10,10,7.6,26,17.8,26,26,1,100,16,16,9,9,0,0.01,0,0,0,0,1,0.111,118.8,0,0,0,0,1,100,0,100,0,0,0,0,0,0,1,1,10,18.5,1.503,33.3,66.7,0,0,3.6,2.3,3.6,2.3,1.3,0.4,0.26,2.3
2023,290,Romeo Doubs,GB,WR,1,1,CHI,20,16.666666666666664,48.3,12,80,5,33.3,2.17,0.42,7.4,37,18,26,27.7,5.2,6.5,4,80,9,2.25,2,0.5,2,1.77,100,2,2,2,3,0.25,127.9,4,30.8,1,20,4,80,0,0,0,0,1,1,100,0,0,0,41.7,-2.35,1.234,83.3,16.7,0,0,18.6,16.9,18.6,16.9,1.7,1.55,1.41,16.9
2023,291,Jonathan Mingo,CAR,WR,1,2,NO,17.647058823529413,30,98.2,9,90,6,60,2.89,0.67,10.67,64,70.3,26,48.1,4.33,8.67,3,50,3,1,-1,-0.33,0,0.42,0,0,0,0,1,0.111,61.8,5,55.6,1,16.7,4,66.7,1,33.3,1,16.7,1,0,0,0,1,0.33,60,-4.23,-0.277,88.9,11.1,0,0,5.6,10.2,5.6,10.2,-4.6,0.62,1.13,10.2
2023,292,Puka Nacua,LA,WR,1,6,ARZ,13.636363636363635,11.11111111111111,96.4,12,100,6,50,2.17,0.5,5.67,34,23.6,26,21.3,4.33,6.5,4,66.7,10,2.5,3,0.75,0,0.01,0,1,1,0,1,0.083,75.7,6,54.5,2,33.3,4,66.7,1,0,0,0,1,1,100,0,0,0,50,-2.68,-0.17,75,25,0,0,6.6,6.4,6.6,6.43,0.17,0.55,0.54,6.4
2023,293,Robert Woods,HST,WR,1,2,IND,28.125,20,84.8,18,81.8,4,18.2,1.39,0.22,6.5,26,11.3,25,11.3,6.25,8.33,3,75,5,1.67,3,1,0,0,0,1,0,0,2,0.111,90.6,3,15.8,0,0,3,75,0,0,0,0,0,0,0,0,1,0.33,22.2,-0.76,0.9,44.4,44.4,0,11.1,5.5,5.6,5.5,5.62,-0.12,0.31,0.31,5.6
2023,294,Robert Woods,HST,WR,1,3,JAX,15.625,15,76.8,10,83.3,3,25,2.5,0.3,14,42,24.7,25,13.3,8.33,12.5,2,66.7,1,0.5,1,0.5,0,0.03,0,0,0,0,2,0.2,92.4,2,18.2,0,0,3,100,0,0,0,0,2,1,50,0,0,0,25,-1.25,0.44,50,40,0,10,4.5,5.6,4.5,5.56,-1.06,0.45,0.56,5.6
2023,295,River Cracraft,MIA,WR,1,1,LAC,43.75,57.14285714285714,40,7,33.3,4,19,3.57,0.57,10.5,42,12.1,25,13,6.25,12.5,2,50,14,7,3,1.5,1,1.7,33.3,2,2,1,2,0.286,109.4,3,17.6,0,0,4,100,0,100,0,0,1,0,0,0,0,0,50,-1.59,0.388,85.7,14.3,0,0,10.5,15.8,10.5,15.78,-5.28,1.5,2.25,15.8
2023,296,Nick Westbrook-Ikhine,TEN,WR,1,2,LAC,14.285714285714285,25,66.7,6,50,3,25,4.17,0.5,9,27,16.3,25,15.1,8.33,8.33,3,100,4,1.33,3,1,1,0.94,100,1,1,1,2,0.333,141,3,33.3,0,0,3,100,0,0,0,0,1,1,100,0,0,0,42.9,0.75,1.226,66.7,33.3,0,0,11.5,10.3,11.5,10.33,1.17,1.92,1.72,10.3
2023,297,Nick Westbrook-Ikhine,TEN,WR,1,6,BLT,9.523809523809524,25,76.1,4,57.1,3,42.9,6.25,0.75,6.67,20,29.9,25,49,8.33,8.33,3,100,5,1.67,3,1,0,0.01,0,0,0,0,1,0.25,101.4,2,33.3,0,0,3,100,0,0,0,0,1,1,100,0,0,0,75,1.41,0.76,100,0,0,0,5.5,4.7,5.5,4.71,0.79,1.38,1.18,4.7
2023,298,K.J. Osborn,MIN,WR,1,1,TB,19.047619047619047,18.75,90.5,16,84.2,3,15.8,1.56,0.19,11.67,35,17.6,25,11.6,8.33,12.5,2,66.7,2,1,2,1,0,0.01,0,0,0,0,1,0.063,92.4,0,0,0,0,2,66.7,0,0,0,0,0,0,0,0,0,0,16.7,-0.68,-0.083,68.8,31.3,0,0,4.5,5,4.5,5.01,-0.51,0.28,0.31,5
2023,299,George Pickens,PIT,WR,1,4,HST,21.666666666666668,20,98.2,13,92.9,7,50,1.92,0.54,10.43,73,45.6,25,43.9,3.57,8.33,3,42.9,2,0.67,0,0,0,0.24,0,1,1,0,0,0,52.7,6,46.2,0,0,6,85.7,0,0,0,0,2,0,0,0,0,0,50,-4.87,-0.443,92.3,7.7,0,0,5.5,10,5.5,10.03,-4.53,0.42,0.77,10
2023,300,Alec Pierce,IND,WR,1,6,JAX,21.875,27.27272727272727,73.3,14,58.3,6,25,1.79,0.43,13.33,80,33.2,25,12.7,4.17,8.33,3,50,7,2.33,2,0.67,0,0.05,0,0,0,0,3,0.214,61.1,4,19,0,0,4,66.7,2,0,0,0,2,1,50,1,1,0.33,35.3,-4.78,0.438,85.7,14.3,0,0,5.5,6.6,5.5,6.64,-1.14,0.39,0.47,6.6
2023,301,Keenan Allen,LAC,WR,1,1,MIA,15.18987341772152,22.22222222222222,92.1,12,85.7,6,42.9,2,0.5,10.83,65,45.5,24,27.9,4,8,3,50,14,4.67,4,1.33,0,0.03,0,1,0,0,1,0.083,60.4,5,41.7,1,16.7,4,66.7,1,0,0,0,2,2,100,0,3,1,42.9,-4.17,0.04,58.3,41.7,0,0,5.4,5.6,5.4,5.59,-0.19,0.45,0.47,5.6
2023,302,Robert Woods,HST,WR,1,1,BLT,25,30,75,16,72.7,6,27.3,1.5,0.38,9,54,26.2,24,18.6,4,12,2,33.3,11,5.5,11,5.5,0,0.01,0,0,0,0,2,0.125,46.5,4,25,1,16.7,6,100,0,0,2,33.3,1,0,0,0,1,0.5,35.3,-4.21,-0.036,87.5,12.5,0,0,4.4,12,4.4,11.97,-7.57,0.28,0.75,12
2023,303,Odell Beckham,BLT,WR,1,2,CIN,17.24137931034483,25,50,5,55.6,3,33.3,4.8,0.6,11,33,25,24,27.9,8,12,2,66.7,8,4,1,0.5,0,0.05,0,1,0,0,2,0.4,91,2,25,0,0,2,66.7,0,0,0,0,0,0,0,0,0,0,60,-0.9,0.871,100,0,0,0,4.4,3.7,4.4,3.74,0.66,0.88,0.75,3.7
2023,304,Logan Thomas,WAS,TE,1,1,ARZ,18.75,57.14285714285714,81.5,9,69.2,4,30.8,2.67,0.44,5.25,21,21.4,24,30.4,6,8,3,75,5,1.67,5,1.67,0,0,0,0,0,0,0,0,89.6,3,30,0,0,4,100,0,0,0,0,1,0,0,0,0,0,36.4,-0.92,-0.049,44.4,22.2,33.3,0,5.4,6.4,5.4,6.38,-0.98,0.6,0.71,6.4
2023,305,Davante Adams,LV,WR,1,5,GB,9.473684210526317,5.660377358490567,93.8,9,90,3,30,2.67,0.33,1,3,4.2,24,29.3,8,8,3,100,21,7,4,1.33,0,0.05,0,2,0,0,2,0.222,100,2,28.6,1,33.3,3,100,0,0,0,0,0,0,0,0,0,0,33.3,1.91,1.068,100,0,0,0,5.4,4.9,5.4,4.86,0.54,0.6,0.54,4.9
2023,306,Michael Gallup,DAL,WR,1,6,LAC,26.666666666666668,31.25,70.5,16,94.1,10,58.8,1.5,0.63,11.3,113,60.8,24,22.9,2.4,8,3,30,1,0.33,1,0.33,0,0.27,0,0,0,0,1,0.063,39.6,8,57.1,0,0,6,60,2,0,3,30,0,0,0,0,0,0,62.5,-5.63,-0.398,100,0,0,0,5.4,14.1,5.4,14.12,-8.72,0.34,0.88,14.1
2023,307,Isaiah Hodgins,NYG,WR,1,1,DAL,29.411764705882355,30,61.5,10,83.3,3,25,2.4,0.3,10.33,31,23.8,24,36.9,8,24,1,33.3,14,14,3,3,0,0,0,0,0,0,0,0,63.2,2,25,0,0,1,33.3,0,100,0,0,0,0,0,0,0,0,30,0,-2.028,100,0,0,0,2.4,2.1,2.4,2.1,0.3,0.34,0.21,2.1
2023,308,Stone Smartt,LAC,TE,1,2,TEN,30.76923076923077,100,33.8,4,18.2,1,4.5,6,0.25,19,19,6.9,24,13,24,24,1,100,5,5,0,0,0,0,0,0,0,0,1,0.25,118.8,1,5.3,0,0,1,100,0,100,0,0,0,0,0,1,0,0,16.7,13.4,2.121,25,50,25,0,3.4,3.2,3.4,3.15,0.25,0.85,0.79,3.2
2023,309,Calvin Austin,PIT,WR,1,4,HST,26.53061224489796,33.33333333333333,89.3,13,92.9,5,35.7,1.85,0.38,14.8,74,46.3,24,42.1,4.8,8,3,60,6,2,1,0.33,0,0.01,0,0,0,0,1,0.077,32.5,5,38.5,1,20,3,60,1,0,0,0,0,0,0,0,0,0,38.5,-4.69,-0.347,76.9,23.1,0,0,5.4,5.8,5.4,5.84,-0.44,0.42,0.45,5.8
2023,310,Christian Watson,GB,WR,1,4,DET,33.33333333333333,28.57142857142857,45.3,3,18.8,2,12.5,8,0.67,16,32,16.1,24,17.1,12,24,1,50,5,5,1,1,0,0,0,0,0,0,1,0.333,54.2,2,13.3,0,0,1,50,0,100,0,0,0,0,0,0,0,0,50,1.58,-2.062,100,0,0,0,3.4,3.1,3.4,3.09,0.31,1.13,1.03,3.1
2023,311,Zay Flowers,BLT,WR,1,5,PIT,23.809523809523807,18.181818181818183,98.5,15,100,6,40,1.6,0.4,19.33,116,55,24,34.3,4,12,2,33.3,2,1,1,0.5,0,0.2,0,0,1,0,1,0.067,46.5,4,30.8,0,0,5,83.3,3,0,1,16.7,1,0,0,0,0,0,40,-6.22,-0.501,73.3,26.7,0,0,4.4,15.7,4.4,15.71,-11.31,0.29,1.05,15.7
2023,312,Mack Hollins,ATL,WR,1,3,DET,27.500000000000004,23.52941176470588,72.3,11,84.6,4,30.8,2.09,0.36,16,64,32,23,30.7,5.75,23,1,25,2,2,2,2,0,0.01,0,0,0,0,1,0.091,51,3,27.3,0,0,2,50,2,100,0,0,1,0,0,0,0,0,36.4,-4.38,-0.054,81.8,18.2,0,0,3.3,5.2,3.3,5.22,-1.92,0.3,0.47,5.2
2023,313,Zay Jones,JAX,WR,1,5,BUF,24.242424242424242,33.33333333333333,43.9,8,47.1,4,23.5,2.88,0.5,8.5,34,15.9,23,15.2,5.75,7.67,3,75,7,2.33,5,1.67,1,0.98,100,1,1,1,1,0.125,128.1,2,15.4,0,0,4,100,0,0,1,25,1,1,100,1,0,0,50,-1.9,0.646,75,25,0,0,11.3,13.6,11.3,13.58,-2.28,1.41,1.7,13.6
2023,314,Darius Slayton,NYG,WR,1,4,SEA,11.864406779661017,14.285714285714285,87.8,7,70,3,30,3.29,0.43,5.67,17,34,23,35.4,7.67,11.5,2,66.7,11,5.5,3,1.5,0,0,0,0,0,0,2,0.286,89.6,2,22.2,0,0,2,66.7,0,0,0,0,0,0,0,0,1,0.5,37.5,1.03,0.216,71.4,28.6,0,0,4.3,3.7,4.3,3.7,0.6,0.61,0.53,3.7
2023,315,DeVonta Smith,PHI,WR,1,3,TB,18.181818181818183,13.333333333333334,98.7,16,88.9,4,22.2,1.44,0.25,15.25,61,29.8,23,17,5.75,7.67,3,75,3,1,0,0,0,0.03,0,0,1,0,1,0.063,49,4,25,1,25,3,75,1,0,0,0,0,0,0,0,0,0,22.2,-3.74,-0.538,62.5,37.5,0,0,5.3,6.5,5.3,6.54,-1.24,0.33,0.41,6.5
2023,316,Jahan Dotson,WAS,WR,1,1,ARZ,15.384615384615385,23.52941176470588,86.2,12,92.3,4,30.8,1.92,0.33,10,40,40.8,23,29.1,5.75,7.67,3,75,1,0.33,1,0.33,0,0,0,0,0,0,1,0.083,88.5,2,20,0,0,3,75,0,0,0,0,0,0,0,0,0,0,30.8,-2.42,0.401,58.3,41.7,0,0,5.3,5.8,5.3,5.77,-0.47,0.44,0.48,5.8
2023,317,Jaxon Smith-Njigba,SEA,WR,1,2,DET,20,20,53.7,10,66.7,2,13.3,2.3,0.2,8.5,17,9.5,23,16.3,11.5,11.5,2,100,6,3,0,0,0,0.01,0,0,0,0,1,0.1,114.6,1,10,0,0,2,100,0,0,0,0,0,0,0,0,0,0,20,3.87,0.824,20,80,0,0,4.3,4.1,4.3,4.14,0.16,0.43,0.41,4.1
2023,318,Demario Douglas,NE,WR,1,1,PHI,50,33.33333333333333,42.3,9,47.4,1,5.3,2.56,0.11,21,21,8.5,23,19.7,23,23,1,100,2,2,0,0,0,0.01,0,0,0,0,1,0.111,118.8,0,0,0,0,1,100,1,100,0,0,0,0,0,0,0,0,11.1,11.76,1.464,22.2,77.8,0,0,3.3,3.3,3.3,3.26,0.04,0.37,0.36,3.3
2023,319,Jake Bobo,SEA,WR,1,6,CIN,35.714285714285715,33.33333333333333,32.9,5,27.8,1,5.6,4.6,0.2,8,8,3.2,23,10.7,23,23,1,100,15,15,14,14,0,0.01,0,0,0,0,1,0.2,118.8,1,7.1,0,0,1,100,0,100,0,0,0,0,0,0,2,2,20,15.49,2.874,80,20,0,0,3.3,2,3.3,2.04,1.26,0.66,0.41,2
2023,320,Tank Dell,HST,WR,1,1,BLT,17.647058823529413,15,45.8,9,40.9,3,13.6,2.56,0.33,10.33,31,15,23,17.8,7.67,11.5,2,66.7,-1,-0.5,0,0,0,0.01,0,0,0,0,2,0.222,89.6,3,18.8,0,0,3,100,0,0,1,33.3,0,0,0,0,0,0,30,-0.46,0.595,77.8,22.2,0,0,4.3,6.6,4.3,6.65,-2.35,0.48,0.74,6.6
2023,321,Marvin Jones,DET,WR,1,5,CAR,17.142857142857142,22.22222222222222,58.3,6,66.7,2,22.2,3.67,0.33,8,16,17.2,22,20.4,11,11,2,100,6,3,3,1.5,0,0,0,0,0,0,1,0.167,112.5,2,25,0,0,2,100,0,0,0,0,0,0,0,0,0,0,28.6,3.82,0.491,83.3,16.7,0,0,4.2,4.1,4.2,4.09,0.11,0.7,0.68,4.1
2023,322,Adam Thielen,CAR,WR,1,5,DET,18.181818181818183,22.22222222222222,96.9,14,100,4,28.6,1.57,0.29,6,24,18.3,22,21.2,5.5,7.33,3,75,9,3,3,1,0,0.15,0,2,0,0,1,0.071,87.5,3,27.3,0,0,3,75,0,0,0,0,0,0,0,0,0,0,28.6,-1.19,0.338,50,50,0,0,5.2,5.6,5.2,5.62,-0.42,0.37,0.4,5.6
2023,323,Braxton Berrios,MIA,WR,1,3,DEN,18,12.5,50.7,9,69.2,1,7.7,2.44,0.11,13,13,8.3,22,9.1,22,22,1,100,9,9,1,1,0,0.02,0,0,0,0,1,0.111,118.8,0,0,0,0,1,100,0,100,0,0,0,0,0,0,0,0,11.1,13.09,2.267,11.1,88.9,0,0,3.2,2.8,3.2,2.82,0.38,0.36,0.31,2.8
2023,324,Braxton Berrios,MIA,WR,1,4,BUF,10,25,48.3,5,45.5,2,18.2,4.4,0.4,9.5,19,19.8,22,19.1,11,11,2,100,3,1.5,0,0,0,0.02,0,0,0,0,1,0.2,112.5,2,25,0,0,2,100,0,0,0,0,0,0,0,0,0,0,40,3.07,0.885,40,60,0,0,4.2,4.1,4.2,4.12,0.08,0.84,0.82,4.1
2023,325,Allen Lazard,NYJ,WR,1,1,BUF,9.090909090909092,16.666666666666664,77.4,4,66.7,3,50,5.5,0.75,11,33,71.7,22,62.9,7.33,22,1,33.3,3,3,2,2,0,0,0,0,0,0,1,0.25,60.4,2,40,0,0,1,33.3,0,100,0,0,0,0,0,0,0,0,50,-1.16,0.564,75,25,0,0,3.2,3.2,3.2,3.16,0.04,0.8,0.79,3.2
2023,326,Allen Lazard,NYJ,WR,1,5,DEN,18.181818181818183,16.666666666666664,93.5,8,88.9,3,33.3,2.75,0.38,10.67,32,30.8,22,30.1,7.33,11,2,66.7,1,0.5,1,0.5,0,0.08,0,0,0,0,2,0.25,88.2,2,25,0,0,3,100,0,0,1,33.3,1,1,100,1,0,0,37.5,-0.94,0.358,87.5,12.5,0,0,4.2,6.3,4.2,6.27,-2.07,0.53,0.78,6.3
2023,327,Skyy Moore,KC,WR,1,6,DEN,12.195121951219512,16.666666666666664,51.4,5,41.7,2,16.7,4.4,0.4,8.5,17,18.5,22,16.9,11,11,2,100,5,2.5,3,1.5,0,0.06,0,0,0,0,2,0.4,112.5,2,20,0,0,2,100,0,0,0,0,0,0,0,0,0,0,28.6,3.3,0.881,60,40,0,0,4.2,4.7,4.2,4.7,-0.5,0.84,0.94,4.7
2023,328,Travis Kelce,KC,TE,1,4,NYJ,20.689655172413794,37.5,78.8,6,100,3,50,3.5,0.5,1,3,21.4,21,51.2,7,7,3,100,18,6,8,2.67,0,0.04,0,0,0,0,1,0.167,95.8,2,66.7,1,33.3,3,100,0,0,0,0,0,0,0,0,0,0,50,1.44,0.521,66.7,0,33.3,0,5.1,5.2,5.1,5.21,-0.11,0.85,0.87,5.2
2023,329,Darren Waller,NYG,TE,1,2,ARZ,16.666666666666664,11.76470588235294,89.6,9,69.2,2,15.4,2.33,0.22,9.5,19,7.9,21,12.2,10.5,10.5,2,100,2,1,0,0,0,0,0,0,0,0,1,0.111,110.4,1,8.3,0,0,2,100,0,0,0,0,1,1,100,0,0,0,20,2.27,1.424,55.6,33.3,11.1,0,4.1,3.3,4.1,3.27,0.83,0.46,0.36,3.3
2023,330,Josh Reynolds,DET,WR,1,6,TB,14.035087719298245,4.3478260869565215,81.2,8,61.5,1,7.7,2.63,0.13,13,13,12.4,21,16.4,21,21,1,100,8,8,5,5,0,0,0,0,0,0,1,0.125,118.8,1,8.3,0,0,1,100,0,100,0,0,0,0,0,0,1,1,9.1,12.09,1.744,37.5,62.5,0,0,3.1,2.4,3.1,2.4,0.7,0.39,0.3,2.4
2023,331,Equanimeous St. Brown,CHI,WR,1,4,DEN,61.53846153846154,50,58.6,8,57.1,1,7.1,2.63,0.13,17,17,9.6,21,12.5,21,21,1,100,4,4,0,0,0,0.01,0,0,0,0,1,0.125,118.8,0,0,0,0,1,100,0,100,0,0,0,0,0,0,0,0,12.5,9.33,1.123,75,25,0,0,3.1,3,3.1,2.99,0.11,0.39,0.37,3
2023,332,Tee Higgins,CIN,WR,1,3,LA,32.075471698113205,30.76923076923077,86.5,17,89.5,8,42.1,1.24,0.47,10.75,86,36,21,18.4,2.63,10.5,2,25,10,5,7,3.5,0,0.02,0,0,0,0,1,0.059,39.6,7,43.8,0,0,5,62.5,1,0,2,25,1,0,0,0,1,0.5,47.1,-5.82,-0.311,100,0,0,0,4.1,9.2,4.1,9.21,-5.11,0.24,0.54,9.2
2023,333,Jalin Hyatt,NYG,WR,1,6,BUF,28.57142857142857,44.44444444444444,75.3,10,90.9,4,36.4,2.1,0.4,16.25,65,68.4,21,33.9,5.25,7,3,75,3,1,1,0.33,0,0.04,0,0,0,0,1,0.1,86.5,4,50,0,0,3,75,1,0,0,0,0,0,0,0,0,0,40,-3.33,0.051,100,0,0,0,5.1,5.8,5.1,5.83,-0.73,0.51,0.58,5.8
2023,334,Jonathan Mingo,CAR,WR,1,6,MIA,25.49019607843137,10,91.2,13,81.3,2,12.5,1.62,0.15,9,18,11,21,20,10.5,10.5,2,100,3,1.5,4,2,0,0,0,0,0,0,2,0.154,110.4,2,18.2,0,0,2,100,0,0,0,0,1,1,100,0,0,0,14.3,2.81,0.665,76.9,23.1,0,0,4.1,3.2,4.1,3.24,0.86,0.32,0.25,3.2
2023,335,Sam LaPorta,DET,TE,1,3,ATL,14.000000000000002,27.27272727272727,73.4,7,70,3,30,3,0.43,4.67,14,11.8,21,30.4,7,7,3,100,7,2.33,4,1.33,0,0,0,0,0,0,1,0.143,95.8,2,28.6,0,0,3,100,0,0,0,0,1,1,100,0,0,0,37.5,0.37,-0.111,42.9,0,57.1,0,5.1,4.3,5.1,4.29,0.81,0.73,0.61,4.3
2023,336,Adam Thielen,CAR,WR,1,3,SEA,27.27272727272727,11.11111111111111,92,21,80.8,2,7.7,0.95,0.1,6.5,13,5.3,20,15.7,10,10,2,100,7,3.5,4,2,0,0,0,0,0,0,2,0.095,108.3,2,10,0,0,2,100,0,0,0,0,0,0,0,0,0,0,8.3,3.53,0.918,28.6,71.4,0,0,4,3.9,4,3.9,0.1,0.19,0.19,3.9
2023,337,DeAndre Hopkins,TEN,WR,1,6,BLT,11.320754716981133,9.375,87,6,85.7,3,42.9,3.33,0.5,16.33,49,73.1,20,39.2,6.67,20,1,33.3,5,5,1,1,0,0,0,2,2,0,1,0.167,57.6,3,50,0,0,1,33.3,1,100,0,0,1,0,0,0,0,0,42.9,-3.79,-0.025,100,0,0,0,3,2.7,3,2.75,0.25,0.5,0.46,2.7
2023,338,DeVante Parker,NE,WR,1,5,NO,21.568627450980394,20,98,11,91.7,4,33.3,1.82,0.36,15.75,63,34.1,20,30.8,5,10,2,50,0,0,0,0,0,0,0,0,0,0,1,0.091,64.6,4,33.3,0,0,3,75,1,0,0,0,2,1,50,0,0,0,33.3,-5.36,-0.528,100,0,0,0,4,5,4,5.01,-1.01,0.36,0.46,5
2023,339,Kalif Raymond,DET,WR,1,1,KC,21.428571428571427,14.285714285714285,27.1,6,30,1,5,3.33,0.17,17,17,9.1,20,10.9,20,20,1,100,3,3,0,0,0,0,0,0,0,0,0,0,118.8,1,6.3,0,0,1,100,0,100,0,0,0,0,0,0,0,0,16.7,8.33,1.766,66.7,33.3,0,0,3,2.8,3,2.82,0.18,0.5,0.47,2.8
2023,340,Donovan Peoples-Jones,CLV,WR,1,3,TEN,18.867924528301888,22.22222222222222,88.1,10,71.4,2,14.3,2,0.2,6.5,13,7.2,20,12.1,10,10,2,100,7,3.5,1,0.5,0,0.04,0,0,0,0,1,0.1,108.3,1,8.3,0,0,2,100,0,0,0,0,0,0,0,0,0,0,16.7,3.53,1.296,70,30,0,0,4,4,4,4.04,-0.04,0.4,0.4,4
2023,341,Ja'Marr Chase,CIN,WR,1,2,BLT,17.391304347826086,11.363636363636363,98.2,16,94.1,5,29.4,1.25,0.31,8.4,42,25.8,20,22,4,10,2,40,10,5,2,1,0,0.07,0,3,2,0,1,0.063,52.1,4,33.3,1,20,3,60,0,0,0,0,0,0,0,0,0,0,29.4,-3.98,-0.195,87.5,12.5,0,0,4,4.9,4,4.87,-0.87,0.25,0.3,4.9
2023,342,John Metchie,HST,WR,1,5,ATL,46.15384615384615,66.66666666666666,44.8,6,60,2,20,3.33,0.33,7,14,13.5,20,22,10,10,2,100,6,3,1,0.5,0,0.02,0,0,0,0,1,0.167,108.3,2,33.3,0,0,2,100,0,0,0,0,0,0,0,0,0,0,33.3,3.12,0.575,50,50,0,0,4,4.2,4,4.17,-0.17,0.67,0.7,4.2
2023,343,Garrett Wilson,NYJ,WR,1,4,KC,18.181818181818183,16.129032258064516,93,10,100,5,50,2,0.5,15.6,78,47,20,21.7,4,10,2,40,-2,-1,0,0,0,0.01,0,0,1,0,1,0.1,52.1,5,62.5,0,0,3,60,1,0,0,0,1,0,0,0,0,0,50,-5.16,-0.282,70,30,0,0,4,5.7,4,5.67,-1.67,0.4,0.57,5.7
2023,344,Trey Palmer,TB,WR,1,2,CHI,18.421052631578945,50,48.5,7,41.2,2,11.8,2.86,0.29,19.5,39,17,20,7.8,10,20,1,50,6,6,0,0,0,0.01,0,0,1,0,1,0.143,85.4,2,16.7,0,0,1,50,1,100,0,0,0,0,0,0,0,0,28.6,-0.65,0.148,57.1,42.9,0,0,3,2.7,3,2.67,0.33,0.43,0.38,2.7
2023,345,Rashee Rice,KC,WR,1,2,JAX,12.5,20,17.2,3,18.8,2,12.5,6.67,0.67,6,12,7,20,16.4,10,10,2,100,8,4,4,2,0,0.03,0,0,0,0,1,0.333,108.3,2,14.3,0,0,2,100,0,0,0,0,0,0,0,0,0,0,66.7,3.05,0.593,66.7,33.3,0,0,4,3.9,4,3.88,0.12,1.33,1.29,3.9
2023,346,Rashee Rice,KC,WR,1,3,CHI,37.5,30,50.7,9,64.3,3,21.4,2.22,0.33,8.33,25,16,20,18.9,6.67,10,2,66.7,8,4,3,1.5,0,0.04,0,0,0,0,1,0.111,85.4,3,25,1,33.3,3,100,0,0,1,33.3,0,0,0,0,0,0,33.3,-1.41,0.385,44.4,55.6,0,0,4,7.1,4,7.07,-3.07,0.44,0.79,7.1
2023,347,DeVante Parker,NE,WR,1,3,NYJ,13.725490196078432,10,78.3,7,100,2,28.6,2.71,0.29,10,20,21.3,19,30.2,9.5,9.5,2,100,-1,-0.5,-1,-0.5,0,0.01,0,0,0,0,1,0.143,106.3,1,16.7,0,0,2,100,0,0,0,0,0,0,0,0,0,0,28.6,1.43,1.238,57.1,42.9,0,0,3.9,4.2,3.9,4.22,-0.32,0.56,0.6,4.2
2023,348,Tyler Higbee,LA,TE,1,3,CIN,12.82051282051282,100,96.2,10,76.9,2,15.4,1.9,0.2,8,16,8.9,19,11.6,9.5,9.5,2,100,3,1.5,2,1,0,0,0,0,0,0,1,0.1,106.3,2,22.2,0,0,2,100,0,0,0,0,2,2,100,0,0,0,15.4,2.13,0.105,20,30,50,0,3.9,2.1,3.9,2.09,1.81,0.39,0.21,2.1
2023,349,Courtland Sutton,DEN,WR,1,4,CHI,17.543859649122805,13.793103448275861,83.3,10,90.9,4,36.4,1.9,0.4,11.75,47,43.9,19,16,4.75,9.5,2,50,2,1,1,0.5,1,0.76,50,2,2,1,1,0.1,103.1,3,42.9,0,0,3,75,1,0,0,0,2,1,50,0,0,0,36.4,-3.96,0.52,70,30,0,0,9.9,7.9,9.9,7.95,1.95,0.99,0.79,7.9
2023,350,T.J. Hockenson,MIN,TE,1,5,KC,16.176470588235293,40,77.9,11,50,2,9.1,1.73,0.18,6,12,6,19,12.4,9.5,9.5,2,100,7,3.5,3,1.5,0,0,0,0,0,0,1,0.091,106.3,2,11.1,0,0,2,100,0,0,0,0,1,1,100,0,0,0,13.3,2.61,0.699,27.3,27.3,45.5,0,3.9,3.2,3.9,3.16,0.74,0.35,0.29,3.2
2023,351,Cole Kmet,CHI,TE,1,4,DEN,22.22222222222222,50,72.9,8,57.1,2,14.3,2.38,0.25,3,6,3.4,19,11.3,9.5,9.5,2,100,13,6.5,8,4,0,0,0,0,0,0,1,0.125,106.3,1,8.3,0,0,2,100,0,0,0,0,0,0,0,0,0,0,22.2,3.28,0.158,25,50,25,0,3.9,3.4,3.9,3.44,0.46,0.49,0.43,3.4
2023,352,CeeDee Lamb,DAL,WR,1,1,NYG,8.571428571428571,5,78.2,6,85.7,1,14.3,3.17,0.17,15,15,18.3,19,42.2,19,19,1,100,4,4,1,1,0,0.03,0,0,0,0,1,0.167,118.8,1,14.3,0,0,1,100,0,0,0,0,0,0,0,0,0,0,16.7,8.59,1.254,33.3,66.7,0,0,2.9,3.1,2.9,3.06,-0.16,0.48,0.51,3.1
2023,353,Rondale Moore,ARZ,WR,1,5,CIN,15.517241379310345,25,66.7,9,81.8,1,9.1,2.11,0.11,11,11,7.7,19,26,19,19,1,100,8,8,8,8,0,0,0,0,0,0,1,0.111,118.8,0,0,0,0,1,100,0,0,0,0,0,0,0,0,1,1,11.1,10.68,2.183,11.1,88.9,0,0,2.9,2.3,2.9,2.32,0.58,0.32,0.26,2.3
2023,354,Jahan Dotson,WAS,WR,1,4,PHI,16.666666666666664,23.52941176470588,71.6,13,65,4,20,1.46,0.31,11,44,19.3,19,11.9,4.75,9.5,2,50,4,2,0,0,1,0.75,100,2,2,1,1,0.077,103.1,4,25,0,0,2,50,0,0,0,0,1,1,100,0,0,0,30.8,-3.47,1.064,61.5,38.5,0,0,9.9,7.2,9.9,7.24,2.66,0.76,0.56,7.2
2023,355,Michael Wilson,ARZ,WR,1,1,WAS,16.94915254237288,23.52941176470588,89.7,10,90.9,4,36.4,1.9,0.4,16.75,67,54,19,39.6,4.75,9.5,2,50,0,0,0,0,0,0.03,0,0,0,0,1,0.1,63.5,4,36.4,0,0,2,50,1,0,0,0,1,1,100,0,0,0,40,-5.08,-0.518,80,20,0,0,3.9,4,3.9,3.99,-0.09,0.39,0.4,4
2023,356,Mike Evans,TB,WR,1,4,NO,9.803921568627452,3.571428571428571,37.3,5,31.3,1,6.3,3.6,0.2,18,18,13.7,18,12.3,18,18,1,100,0,0,0,0,0,0,0,0,0,0,1,0.2,118.8,1,7.1,0,0,1,100,0,0,0,0,0,0,0,0,0,0,20,7.1,1.13,80,20,0,0,2.8,2.9,2.8,2.94,-0.14,0.56,0.59,2.9
2023,357,Nelson Agholor,BLT,WR,1,3,IND,29.72972972972973,25,72.2,11,78.6,1,7.1,1.64,0.09,15,15,15.6,18,27.3,18,18,1,100,3,3,0,0,0,0,0,0,0,0,0,0,118.8,1,7.7,0,0,1,100,0,0,0,0,0,0,0,0,0,0,8.3,7.59,0.832,27.3,63.6,9.1,0,2.8,2.6,2.8,2.59,0.21,0.25,0.24,2.6
2023,358,Kalif Raymond,DET,WR,1,6,TB,14.285714285714285,28.57142857142857,21.7,4,30.8,2,15.4,4.5,0.5,7,14,13.3,18,14.1,9,9,2,100,4,2,2,1,0,0,0,0,0,0,1,0.25,104.2,1,8.3,0,0,2,100,0,0,0,0,0,0,0,0,0,0,50,1.77,1.283,50,25,0,25,3.8,3.9,3.8,3.91,-0.11,0.95,0.98,3.9
2023,359,Mack Hollins,ATL,WR,1,6,WAS,7.5,11.76470588235294,34.2,3,14.3,2,9.5,6,0.67,9.5,19,7.4,18,12.7,9,18,1,50,2,2,1,1,0,0.01,0,0,0,0,1,0.333,81.3,1,5.3,0,0,2,100,0,0,0,0,0,0,0,0,0,0,40,1.23,0.206,66.7,33.3,0,0,2.8,4.5,2.8,4.5,-1.7,0.93,1.5,4.5
2023,360,Braxton Berrios,MIA,WR,1,2,NE,18,12.5,34.4,9,52.9,1,5.9,2,0.11,15,15,8.2,18,10.6,18,18,1,100,3,3,3,3,0,0.23,0,1,0,0,1,0.111,118.8,1,5.9,0,0,1,100,0,0,0,0,1,1,100,0,0,0,11.1,7.59,1.558,44.4,55.6,0,0,2.8,3.2,2.8,3.23,-0.43,0.31,0.36,3.2
2023,361,Isaiah Hodgins,NYG,WR,1,4,SEA,11.76470588235294,20,37.8,4,40,2,20,4.5,0.5,5.5,11,22,18,27.7,9,9,2,100,7,3.5,3,1.5,0,0,0,0,0,0,1,0.25,104.2,2,22.2,0,0,2,100,0,0,0,0,1,1,100,0,0,0,50,2.44,0.655,100,0,0,0,3.8,3,3.8,2.95,0.85,0.95,0.74,3
2023,362,Kyle Pitts,ATL,TE,1,6,WAS,21.875,21.428571428571427,54.4,14,66.7,3,14.3,1.29,0.21,10.67,32,12.5,18,12.7,6,9,2,66.7,5,2.5,1,0.5,1,0.58,100,1,1,1,2,0.143,122.2,2,10.5,0,0,2,66.7,0,0,0,0,0,0,0,0,0,0,20,-2.31,1.032,28.6,64.3,7.1,0,9.8,6.1,9.8,6.13,3.67,0.7,0.44,6.1
2023,363,Quentin Johnston,LAC,WR,1,4,LV,24.324324324324326,33.33333333333333,50.8,9,81.8,3,27.3,2,0.33,17.67,53,31,18,17.1,6,18,1,33.3,-1,-1,0,0,0,0.03,0,1,1,0,1,0.111,54.9,2,22.2,0,0,2,66.7,1,0,0,0,1,0,0,1,0,0,30,-4.82,0.012,88.9,11.1,0,0,2.8,4.4,2.8,4.4,-1.6,0.31,0.49,4.4
2023,364,Michael Wilson,ARZ,WR,1,5,CIN,16.94915254237288,11.76470588235294,75.4,10,90.9,2,18.2,1.8,0.2,15,30,21.1,18,24.7,9,18,1,50,1,1,0,0,0,0,0,0,0,0,1,0.1,81.3,1,33.3,0,0,2,100,0,0,0,0,2,1,50,0,0,0,20,-1.29,0.294,40,60,0,0,2.8,3,2.8,3.05,-0.25,0.28,0.3,3
2023,365,Brandin Cooks,DAL,WR,1,3,ARZ,28.30188679245283,30,81.3,15,83.3,6,33.3,1.13,0.4,9.17,55,30.6,17,10.5,2.83,8.5,2,33.3,4,2,0,0,0,1.01,0,2,2,0,2,0.133,2.8,6,33.3,0,0,6,100,1,0,0,0,2,0,0,0,0,0,40,-4.93,-0.66,73.3,26.7,0,0,3.7,14.8,3.7,14.81,-11.11,0.25,0.99,14.8
2023,366,Amari Cooper,CLV,WR,1,1,CIN,9.25925925925926,13.793103448275861,62.5,5,55.6,4,44.4,3.4,0.8,12.5,50,28.7,17,58.6,4.25,8.5,2,50,1,0.5,0,0,0,0.02,0,1,1,0,1,0.2,61.5,4,44.4,0,0,2,50,0,0,0,0,0,0,0,0,0,0,80,-4.95,-0.084,100,0,0,0,3.7,4.3,3.7,4.27,-0.57,0.74,0.85,4.3
2023,367,Jonnu Smith,ATL,TE,1,2,GB,22,40,66.7,11,64.7,2,11.8,1.55,0.18,9.5,19,11,17,15.9,8.5,17,1,50,8,8,3,3,0,0,0,1,1,0,1,0.091,79.2,0,0,0,0,1,50,0,0,0,0,0,0,0,0,0,0,13.3,0.99,0.675,18.2,63.6,18.2,0,2.7,1.3,2.7,1.27,1.43,0.25,0.12,1.3
2023,368,Tyler Conklin,NYJ,TE,1,2,DAL,21.21212121212121,25,87,7,77.8,1,11.1,2.43,0.14,7,7,4,17,15.6,17,17,1,100,10,10,2,2,0,0,0,0,0,0,1,0.143,118.8,1,16.7,0,0,1,100,0,0,0,0,0,0,0,0,0,0,12.5,9.69,1.385,28.6,42.9,28.6,0,2.7,1.9,2.7,1.88,0.82,0.39,0.27,1.9
2023,369,Christian Kirk,JAX,WR,1,3,HST,18.84057971014493,18.181818181818183,87,13,100,2,15.4,1.31,0.15,15,30,20.3,17,16.8,8.5,17,1,50,0,0,0,0,0,0,0,0,0,0,1,0.077,79.2,2,16.7,0,0,1,50,0,0,0,0,0,0,0,0,0,0,15.4,-1.79,0.261,30.8,69.2,0,0,2.7,2.8,2.7,2.82,-0.12,0.21,0.22,2.8
2023,370,Trenton Irwin,CIN,WR,1,4,TEN,11.11111111111111,14.285714285714285,43.1,3,30,1,10,5.67,0.33,6,6,10.9,17,20.7,17,17,1,100,11,11,8,8,0,0,0,0,0,0,1,0.333,118.8,1,10,0,0,1,100,0,0,0,0,0,0,0,0,0,0,33.3,10.05,2.086,66.7,33.3,0,0,2.7,1.8,2.7,1.79,0.91,0.9,0.6,1.8
2023,371,A.J. Brown,PHI,WR,1,2,MIN,14.634146341463413,10,96,12,92.3,5,38.5,1.42,0.42,9.8,49,25.5,17,11.2,3.4,5.67,3,60,10,3.33,3,1,0,0.67,0,1,1,0,1,0.083,66.3,5,41.7,1,20,4,80,1,0,0,0,0,0,0,0,1,0.33,41.7,-4.34,-0.129,66.7,33.3,0,0,4.7,12,4.7,12.03,-7.33,0.39,1,12
2023,372,Deebo Samuel,SF,WR,1,2,LA,18.6046511627907,19.047619047619047,92.6,8,88.9,4,44.4,2.13,0.5,12.75,51,44,17,56.7,4.25,8.5,2,50,2,1,3,1.5,0,0.03,0,1,0,0,1,0.125,61.5,4,44.4,1,25,2,50,1,0,0,0,0,0,0,0,0,0,44.4,-4.52,-0.548,87.5,12.5,0,0,3.7,4.8,3.7,4.79,-1.09,0.46,0.6,4.8
2023,373,Rashod Bateman,BLT,WR,1,1,HST,19.230769230769234,16.666666666666664,37.9,5,45.5,2,18.2,3.4,0.4,5.5,11,16.2,17,15.2,8.5,8.5,2,100,6,3,2,1,0,0,0,0,0,0,0,0,102.1,0,0,0,0,2,100,0,0,0,0,0,0,0,0,0,0,25,2.19,0.149,40,60,0,0,3.7,3.7,3.7,3.66,0.04,0.74,0.73,3.7
2023,374,Dyami Brown,WAS,WR,1,2,DEN,15.384615384615385,25,33.3,4,33.3,2,16.7,4.25,0.5,7,14,12.4,17,14,8.5,8.5,2,100,3,1.5,1,0.5,0,0.01,0,0,0,0,0,0,102.1,2,18.2,0,0,2,100,0,0,0,0,0,0,0,0,0,0,50,1.44,0.705,100,0,0,0,3.7,3.9,3.7,3.91,-0.21,0.93,0.98,3.9
2023,375,Michael Wilson,ARZ,WR,1,3,DAL,6.779661016949152,5.88235294117647,67.9,4,57.1,1,14.3,4.25,0.25,15,15,22.4,17,25,17,17,1,100,2,2,0,0,0,0.02,0,0,0,0,1,0.25,118.8,1,25,0,0,1,100,0,0,0,0,0,0,0,0,0,0,20,6.59,1.092,75,25,0,0,2.7,3,2.7,3.02,-0.32,0.68,0.76,3
2023,376,Jonathan Mingo,CAR,WR,1,3,SEA,13.725490196078432,20,33.3,7,26.9,4,15.4,2.43,0.57,6.5,26,10.5,17,13.4,4.25,8.5,2,50,4,2,1,0.5,0,0,0,0,0,0,0,0,61.5,3,15,0,0,3,75,0,0,0,0,1,0,0,0,0,0,44.4,-2.63,-0.094,85.7,14.3,0,0,3.7,4.7,3.7,4.68,-0.98,0.53,0.67,4.7
2023,377,Brandin Cooks,DAL,WR,1,1,NYG,9.433962264150944,15,56.4,5,71.4,3,42.9,3.2,0.6,11.33,34,41.5,16,35.6,5.33,16,1,33.3,1,1,1,1,0,0.16,0,0,0,0,1,0.2,52.1,3,42.9,0,0,1,33.3,0,0,0,0,0,0,0,0,0,0,50,-3.62,-0.458,80,20,0,0,2.6,4,2.6,3.97,-1.37,0.52,0.79,4
2023,378,DeAndre Carter,LV,WR,1,3,PIT,33.33333333333333,50,11.9,3,9.7,1,3.2,5.33,0.33,-3,-3,-0.8,16,6.1,16,16,1,100,19,19,3,3,0,0,0,0,0,0,0,0,118.8,1,3.6,1,100,1,100,0,0,0,0,0,0,0,0,0,0,25,11.06,-0.056,33.3,66.7,0,0,2.6,2.1,2.6,2.1,0.5,0.87,0.7,2.1
2023,379,Curtis Samuel,WAS,WR,1,6,ATL,9.523809523809524,11.11111111111111,64,6,50,1,8.3,2.67,0.17,16,16,11.1,16,20.3,16,16,1,100,0,0,0,0,0,0,0,0,0,0,1,0.167,118.8,1,10,0,0,1,100,0,0,0,0,0,0,0,0,0,0,16.7,5.9,2.392,33.3,66.7,0,0,2.6,2.8,2.6,2.75,-0.15,0.43,0.46,2.8
2023,380,Mark Andrews,BLT,TE,1,5,PIT,31.914893617021278,66.66666666666666,94,15,100,2,13.3,1.07,0.13,11,22,10.4,16,22.9,8,16,1,50,5,5,2,2,0,0.01,0,0,0,0,1,0.067,77.1,2,15.4,0,0,2,100,0,0,1,50,0,0,0,0,0,0,13.3,-0.74,0.083,20,66.7,13.3,0,2.6,4.5,2.6,4.5,-1.9,0.17,0.3,4.5
2023,381,D.J. Moore,CHI,WR,1,6,MIN,13.559322033898304,12.903225806451612,95.4,8,80,4,40,2,0.5,13.5,54,65.1,16,57.1,4,8,2,50,7,3.5,6,3,0,0,0,0,1,0,1,0.125,20.8,4,44.4,1,25,2,50,1,0,0,0,0,0,0,0,0,0,40,-4.75,-1.467,75,25,0,0,3.6,3.8,3.6,3.8,-0.2,0.45,0.48,3.8
2023,382,Parris Campbell,NYG,WR,1,3,SF,22.857142857142858,60,41.3,8,61.5,3,23.1,2,0.38,4,12,10.4,16,28.1,5.33,5.33,3,100,4,1.33,2,0.67,0,0.01,0,0,0,0,0,0,88.9,2,18.2,0,0,3,100,0,0,0,0,0,0,0,0,0,0,37.5,-0.81,-0.028,37.5,62.5,0,0,4.6,5.2,4.6,5.23,-0.63,0.57,0.65,5.2
2023,383,K.J. Osborn,MIN,WR,1,2,PHI,20.238095238095237,18.75,96.4,17,85,3,15,0.94,0.18,9.67,29,10.5,16,8.3,5.33,8,2,66.7,0,0,0,0,1,0.9,50,1,1,1,2,0.118,119.4,2,13.3,0,0,3,100,0,0,1,33.3,0,0,0,0,0,0,16.7,-2.74,0.951,41.2,58.8,0,0,9.6,10.5,9.6,10.53,-0.93,0.56,0.62,10.5
2023,384,Dyami Brown,WAS,WR,1,4,PHI,23.076923076923077,25,31.1,6,30,2,10,2.67,0.33,25,50,21.9,16,10,8,16,1,50,12,12,0,0,0,0.1,0,0,0,0,1,0.167,77.1,1,6.3,0,0,2,100,1,0,0,0,1,0,0,0,0,0,33.3,-2.52,0.796,83.3,16.7,0,0,2.6,4,2.6,4.03,-1.43,0.43,0.67,4
2023,385,Samori Toure,GB,WR,1,1,CHI,18.181818181818183,28.57142857142857,35,4,26.7,2,13.3,4,0.5,30.5,61,29.6,16,17,8,16,1,50,3,3,0,0,0,0,0,0,0,0,1,0.25,77.1,2,15.4,0,0,1,50,1,0,0,0,0,0,0,0,0,0,40,-3.96,0.754,100,0,0,0,2.6,2.4,2.6,2.43,0.17,0.65,0.61,2.4
2023,386,Michael Wilson,ARZ,WR,1,2,NYG,8.47457627118644,5.88235294117647,45,5,55.6,1,11.1,3.2,0.2,17,17,15.2,16,22.5,16,16,1,100,-1,-1,14,14,0,0.01,0,0,0,0,1,0.2,118.8,1,12.5,0,0,1,100,0,0,0,0,0,0,0,0,0,0,20,4.33,2.458,40,60,0,0,2.6,2.9,2.6,2.95,-0.35,0.52,0.59,2.9
2023,387,Tank Dell,HST,WR,1,4,PIT,21.568627450980394,15,71,11,84.6,3,23.1,1.45,0.27,10.67,32,18.9,16,8.8,5.33,16,1,33.3,13,13,2,2,0,0,0,0,0,0,1,0.091,52.1,3,25,0,0,1,33.3,0,0,0,0,0,0,0,0,0,0,27.3,-3.22,-0.031,63.6,36.4,0,0,2.6,1.7,2.6,1.66,0.94,0.24,0.15,1.7
2023,388,Justin Watson,KC,WR,1,2,JAX,20.588235294117645,30,45.3,7,43.8,3,18.8,2.14,0.43,26,78,45.6,15,12.3,5,15,1,33.3,2,2,1,1,0,0.09,0,0,0,0,1,0.143,11.1,3,21.4,0,0,3,100,1,0,0,0,2,1,50,0,0,0,42.9,-6.95,-0.385,42.9,57.1,0,0,2.5,8.1,2.5,8.11,-5.61,0.36,1.16,8.1
2023,389,Michael Gallup,DAL,WR,1,5,SF,13.333333333333334,15.625,81.6,8,80,5,50,1.88,0.63,15.6,78,51.3,15,26.3,3,7.5,2,40,2,1,1,0.5,0,0,0,0,0,0,0,0,8.3,4,44.4,0,0,2,40,1,0,0,0,0,0,0,0,0,0,62.5,-6.43,-1.089,100,0,0,0,3.5,3.2,3.5,3.19,0.31,0.44,0.4,3.2
2023,390,D.J. Chark,CAR,WR,1,2,NO,11.29032258064516,4.545454545454546,58.9,7,70,1,10,2.14,0.14,10,10,11,15,27.8,15,15,1,100,5,5,3,3,0,0,0,0,0,0,1,0.143,118.8,1,11.1,0,0,1,100,0,0,0,0,0,0,0,0,0,0,11.1,7.5,0.886,42.9,57.1,0,0,2.5,2.1,2.5,2.12,0.38,0.36,0.3,2.1
2023,391,KhaDarel Hodge,ATL,WR,1,3,DET,5.88235294117647,25,18.5,1,7.7,1,7.7,15,1,9,9,4.5,15,20,15,15,1,100,6,6,3,3,0,0.02,0,0,0,0,1,1,118.8,1,9.1,0,0,1,100,0,0,0,0,0,0,0,0,1,1,100,7.55,1.904,100,0,0,0,2.5,2,2.5,1.97,0.53,2.5,1.97,2
2023,392,Dawson Knox,BUF,TE,1,1,NYJ,25,40,83.8,13,72.2,2,11.1,1.15,0.15,14,28,16.7,15,9.9,7.5,15,1,50,1,1,1,1,0,0,0,0,0,0,1,0.077,75,1,8.3,0,0,2,100,0,0,0,0,0,0,0,0,0,0,11.8,-2.78,0.673,23.1,69.2,7.7,0,2.5,5.2,2.5,5.15,-2.65,0.19,0.4,5.2
2023,393,Michael Pittman,IND,WR,1,4,LA,7.142857142857142,6.25,94.8,6,100,3,50,2.5,0.5,9.67,29,38.7,15,25,5,15,1,33.3,1,1,1,1,0,0.23,0,1,0,0,1,0.167,50.7,3,50,0,0,1,33.3,0,0,0,0,0,0,0,0,0,0,50,-3.1,0.099,83.3,16.7,0,0,2.5,3.6,2.5,3.63,-1.13,0.42,0.6,3.6
2023,394,Chase Claypool,CHI,WR,1,3,KC,39.130434782608695,33.33333333333333,86.3,9,81.8,4,36.4,1.67,0.44,23.5,94,36.2,15,26.8,3.75,15,1,25,1,1,0,0,0,0.03,0,1,1,0,1,0.111,3.1,3,30,0,0,2,50,2,0,0,0,1,0,0,1,0,0,40,-7.61,-0.982,88.9,11.1,0,0,2.5,4.2,2.5,4.16,-1.66,0.28,0.46,4.2
2023,395,Adam Trautman,DEN,TE,1,1,LV,17.02127659574468,50,70.7,8,72.7,1,9.1,1.88,0.13,5,5,4.5,15,17.9,15,15,1,100,10,10,1,1,0,0.01,0,1,0,0,1,0.125,118.8,0,0,0,0,1,100,0,0,0,0,0,0,0,0,0,0,11.1,8.52,1.931,25,12.5,62.5,0,2.5,1.7,2.5,1.68,0.82,0.31,0.21,1.7
2023,396,Rashod Bateman,BLT,WR,1,6,TEN,19.230769230769234,25,48.6,5,38.5,3,23.1,3,0.6,7,21,29.6,15,16.5,5,7.5,2,66.7,2,1,1,0.5,0,0.03,0,0,0,0,0,0,38.9,2,20,0,0,3,100,0,0,0,0,0,0,0,0,0,0,60,-2.13,-1.243,100,0,0,0,3.5,6,3.5,6.04,-2.54,0.7,1.21,6
2023,397,Quintin Morris,BUF,TE,1,6,NYG,50,100,30.5,3,21.4,1,7.1,5,0.33,15,15,7.9,15,12.6,15,15,1,100,0,0,0,0,1,0.38,100,1,1,1,1,0.333,158.3,0,0,0,0,1,100,0,0,0,0,1,1,100,0,0,0,25,4.36,2.567,66.7,33.3,0,0,8.5,3.6,8.5,3.63,4.87,2.83,1.21,3.6
2023,398,Tutu Atwell,LA,WR,1,4,IND,17.073170731707318,25,78.2,14,82.4,5,29.4,1.07,0.36,6,30,16.6,15,7.9,3,5,3,60,1,0.33,0,0,0,0.03,0,0,0,0,1,0.071,64.6,4,30.8,1,20,4,80,0,0,0,0,0,0,0,0,0,0,35.7,-3.93,-0.114,50,50,0,0,4.5,7.8,4.5,7.8,-3.3,0.32,0.56,7.8
2023,399,Drake London,ATL,WR,1,4,JAX,13.698630136986301,14.285714285714285,86,10,83.3,5,41.7,1.5,0.5,16.2,81,46.3,15,28.8,3,15,1,20,1,1,1,1,1,0.55,100,2,1,0,1,0.1,39.6,3,30,0,0,2,40,1,0,0,0,5,1,20,0,0,0,50,-6.73,-2.122,100,0,0,0,8.5,5,8.5,4.98,3.52,0.85,0.5,5
2023,400,Jahan Dotson,WAS,WR,1,3,BUF,17.94871794871795,17.647058823529413,94.1,14,100,3,21.4,1.07,0.21,7,21,14.1,15,16.1,5,15,1,33.3,7,7,6,6,0,0,0,0,0,0,1,0.071,11.1,2,18.2,0,0,1,33.3,0,0,0,0,0,0,0,0,0,0,21.4,-2.13,-2.472,57.1,42.9,0,0,2.5,2,2.5,1.95,0.55,0.18,0.14,2
2023,401,Nelson Agholor,BLT,WR,1,5,PIT,21.62162162162162,25,58.2,8,53.3,1,6.7,1.75,0.13,9,9,4.3,14,20,14,14,1,100,5,5,3,3,0,0,0,0,0,0,1,0.125,118.8,1,7.7,0,0,1,100,0,0,0,0,0,0,0,0,0,0,11.1,6.55,0.95,25,75,0,0,2.4,2,2.4,2.04,0.36,0.3,0.26,2
2023,402,JuJu Smith-Schuster,NE,WR,1,4,DAL,17.142857142857142,26.666666666666668,47.3,6,42.9,4,28.6,2.33,0.67,11,44,34.4,14,16.3,3.5,14,1,25,0,0,0,0,0,0,0,0,0,0,0,0,41.7,2,40,0,0,2,50,0,0,0,0,0,0,0,0,0,0,66.7,-4.93,-0.561,83.3,16.7,0,0,2.4,4.2,2.4,4.2,-1.8,0.4,0.7,4.2
2023,403,Chris Godwin,TB,WR,1,3,PHI,17.543859649122805,14.814814814814813,86.4,10,71.4,4,28.6,1.4,0.4,13,52,31.9,14,24.1,3.5,7,2,50,3,1.5,0,0,0,0.28,0,2,1,0,2,0.2,18.8,3,27.3,0,0,2,50,1,0,0,0,0,0,0,0,0,0,30.8,-5.11,-0.299,70,30,0,0,3.4,4.9,3.4,4.87,-1.47,0.34,0.49,4.9
2023,404,Marquez Valdes-Scantling,KC,WR,1,1,DET,27.906976744186046,14.285714285714285,62.9,12,75,1,6.3,1.17,0.08,12,12,5.7,14,23.7,14,14,1,100,2,2,1,1,0,0.01,0,0,0,0,1,0.083,118.8,1,11.1,0,0,1,100,0,0,0,0,0,0,0,0,0,0,8.3,4.95,1.279,50,50,0,0,2.4,2.4,2.4,2.36,0.04,0.2,0.2,2.4
2023,405,D.J. Moore,CHI,WR,1,1,GB,11.864406779661017,3.225806451612903,92.9,7,87.5,1,12.5,2,0.14,8,8,19.5,14,50,14,14,1,100,6,6,4,4,0,0.03,0,0,0,0,1,0.143,118.8,1,25,0,0,1,100,0,0,0,0,0,0,0,0,1,1,12.5,6.49,0.805,42.9,57.1,0,0,2.4,2,2.4,2.04,0.36,0.34,0.29,2
2023,406,Laviska Shenault,CAR,WR,1,1,ATL,9.090909090909092,25,33.3,1,9.1,1,9.1,14,1,-3,-3,-1.9,14,35.9,14,14,1,100,17,17,2,2,0,0,0,0,0,0,1,1,118.8,1,16.7,1,100,1,100,0,0,0,0,0,0,0,0,0,0,100,9.06,2.655,100,0,0,0,2.4,1.5,2.4,1.55,0.85,2.4,1.55,1.5
2023,407,Nico Collins,HST,WR,1,5,ATL,12.698412698412698,8.823529411764707,87.9,8,80,3,30,1.75,0.38,2.67,8,7.7,14,15.4,4.67,7,2,66.7,9,4.5,2,1,0,0.13,0,0,0,0,1,0.125,77.1,1,16.7,0,0,2,66.7,0,0,0,0,0,0,0,0,0,0,37.5,-0.74,-0.688,100,0,0,0,3.4,4.1,3.4,4.08,-0.68,0.42,0.51,4.1
2023,408,Treylon Burks,TEN,WR,1,1,NO,36.666666666666664,10,91.5,11,100,1,9.1,1.27,0.09,14,14,9.3,14,25.9,14,14,1,100,0,0,0,0,0,0,0,0,0,0,1,0.091,118.8,0,0,0,0,1,100,0,0,0,0,1,1,100,0,0,0,9.1,4.19,0.841,36.4,63.6,0,0,2.4,1.3,2.4,1.32,1.08,0.22,0.12,1.3
2023,409,Adam Thielen,CAR,WR,1,2,NO,11.688311688311687,16.666666666666664,87.5,9,90,3,30,1.44,0.33,5.67,17,18.7,13,24.1,4.33,6.5,2,66.7,9,4.5,2,1,0,0,0,0,0,0,0,0,75.7,3,33.3,1,33.3,3,100,0,0,0,0,1,0,0,0,0,0,33.3,-2.82,-0.443,77.8,22.2,0,0,3.3,5.2,3.3,5.18,-1.88,0.37,0.58,5.2
2023,410,Robert Woods,HST,WR,1,4,PIT,14.0625,10,71,9,69.2,2,15.4,1.44,0.22,15.5,31,18.3,13,7.1,6.5,13,1,50,0,0,0,0,0,0,0,1,1,0,0,0,70.8,2,16.7,0,0,1,50,0,0,0,0,0,0,0,0,0,0,18.2,-3.41,-0.02,77.8,22.2,0,0,2.3,2.4,2.3,2.37,-0.07,0.26,0.26,2.4
2023,411,Kendrick Bourne,NE,WR,1,2,MIA,14.754098360655737,18.75,50.7,9,47.4,6,31.6,1.44,0.67,23.67,142,65.7,13,12.5,2.17,6.5,2,33.3,2,1,0,0,0,0.05,0,0,0,0,0,0,42.4,6,35.3,0,0,3,50,3,0,1,16.7,0,0,0,0,0,0,60,-8.62,-0.38,77.8,22.2,0,0,3.3,6.7,3.3,6.73,-3.43,0.37,0.75,6.7
2023,412,Gerald Everett,LAC,TE,1,3,MIN,24.242424242424242,33.33333333333333,57.8,8,33.3,1,4.2,1.63,0.13,4,4,1.3,13,4,13,13,1,100,9,9,7,7,0,0,0,0,0,0,1,0.125,118.8,0,0,0,0,1,100,0,0,0,0,0,0,0,0,1,1,8.3,6.93,0.632,25,12.5,62.5,0,2.3,1.7,2.3,1.71,0.59,0.29,0.21,1.7
2023,413,River Cracraft,MIA,WR,1,3,DEN,37.5,14.285714285714285,33.8,6,46.2,1,7.7,2.17,0.17,10,10,6.4,13,5.3,13,13,1,100,3,3,2,2,0,0,0,0,0,0,1,0.167,118.8,1,9.1,0,0,1,100,0,0,0,0,0,0,0,0,0,0,16.7,5.5,0.679,66.7,33.3,0,0,2.3,2.2,2.3,2.16,0.14,0.38,0.36,2.2
2023,414,Marquez Valdes-Scantling,KC,WR,1,2,JAX,25.581395348837212,28.57142857142857,81.3,11,68.8,2,12.5,1.18,0.18,6,12,7,13,10.7,6.5,6.5,2,100,1,0.5,2,1,0,0,0,0,0,0,0,0,93.8,1,7.1,0,0,2,100,0,0,0,0,0,0,0,0,0,0,14.3,-0.21,0.051,81.8,18.2,0,0,3.3,3.9,3.3,3.85,-0.55,0.3,0.35,3.9
2023,415,Courtland Sutton,DEN,WR,1,5,NYJ,10.526315789473683,10.344827586206897,86,6,85.7,3,42.9,2.17,0.5,26.67,80,102.6,13,39.4,4.33,13,1,33.3,0,0,0,0,0,0.01,0,0,1,0,1,0.167,47.9,2,50,0,0,2,66.7,1,0,0,0,1,0,0,0,0,0,50,-7.62,-0.328,66.7,33.3,0,0,2.3,4.1,2.3,4.08,-1.78,0.38,0.68,4.1
2023,416,Dallas Goedert,PHI,TE,1,3,TB,18.571428571428573,28.57142857142857,92.3,13,72.2,2,11.1,1,0.15,7.5,15,7.3,13,9.6,6.5,13,1,50,2,2,1,1,0,0,0,1,0,0,1,0.077,70.8,2,12.5,0,0,1,50,0,0,0,0,0,0,0,0,1,1,11.8,-0.9,0.493,15.4,38.5,46.2,0,2.3,2.2,2.3,2.23,0.07,0.18,0.17,2.2
2023,417,Brandon Powell,MIN,WR,1,5,KC,46.666666666666664,40,30.9,7,31.8,2,9.1,1.86,0.29,15,30,15,13,8.5,6.5,13,1,50,7,7,2,2,0,0,0,0,0,0,1,0.143,70.8,1,5.6,0,0,1,50,1,0,0,0,0,0,0,0,0,0,25,-2.85,0.716,42.9,57.1,0,0,2.3,1.8,2.3,1.8,0.5,0.33,0.26,1.8
2023,418,Darius Slayton,NYG,WR,1,1,DAL,13.559322033898304,14.285714285714285,69.2,8,66.7,3,25,1.63,0.38,12,36,27.7,13,20,4.33,6.5,2,66.7,3,1.5,3,1.5,0,0,0,0,0,0,0,0,75.7,3,37.5,0,0,2,66.7,1,0,0,0,0,0,0,0,0,0,37.5,-4.25,-1.096,50,50,0,0,3.3,3.4,3.3,3.39,-0.09,0.41,0.42,3.4
2023,419,Van Jefferson,LA,WR,1,4,IND,19.718309859154928,20,85.9,14,82.4,2,11.8,0.93,0.14,14,28,15.5,13,6.8,6.5,13,1,50,1,1,0,0,0,0.01,0,0,0,0,1,0.071,70.8,2,15.4,0,0,2,100,0,0,0,0,1,0,0,0,0,0,12.5,-3.07,0.257,57.1,42.9,0,0,2.3,4,2.3,4.03,-1.73,0.16,0.29,4
2023,420,Elijah Moore,CLV,WR,1,4,BLT,17.857142857142858,15.384615384615385,83.1,10,76.9,2,15.4,1.3,0.2,12.5,25,12,13,52,6.5,13,1,50,0,0,0,0,0,0,0,0,0,0,0,0,70.8,0,0,0,0,2,100,0,0,0,0,2,1,50,0,0,0,20,-2.48,-0.1,50,50,0,0,2.3,2.5,2.3,2.53,-0.23,0.23,0.25,2.5
2023,421,Josh Palmer,LAC,WR,1,2,TEN,21.666666666666668,21.73913043478261,55.4,13,59.1,5,22.7,1,0.38,11.6,58,20.9,13,7,2.6,4.33,3,60,2,0.67,2,0.67,0,0.89,0,3,1,0,0,0,64.6,5,26.3,0,0,4,80,1,0,0,0,2,2,100,0,0,0,38.5,-5.02,-0.669,76.9,23.1,0,0,4.3,10.2,4.3,10.15,-5.85,0.33,0.78,10.2
2023,422,Andrew Ogletree,IND,TE,1,5,TEN,23.52941176470588,100,60.7,4,44.4,1,11.1,3.25,0.25,12,12,11,13,19.1,13,13,1,100,1,1,1,1,0,0.01,0,0,0,0,1,0.25,118.8,1,11.1,0,0,1,100,0,0,0,0,1,1,100,0,0,0,20,4.33,1.954,50,25,25,0,2.3,1.8,2.3,1.83,0.47,0.57,0.46,1.8
2023,423,Garrett Wilson,NYJ,WR,1,1,BUF,10.909090909090908,9.67741935483871,92.5,6,100,3,50,2.17,0.5,4.33,13,28.3,13,37.1,4.33,4.33,3,100,1,0.33,1,0.33,1,0.8,100,1,1,1,2,0.333,124.3,3,60,1,33.3,3,100,0,0,0,0,2,2,100,1,0,0,50,-2.29,0.914,100,0,0,0,10.3,8.5,10.3,8.54,1.76,1.72,1.42,8.5
2023,424,Zach Ertz,ARZ,TE,1,4,SF,34.48275862068966,33.33333333333333,76.1,20,95.2,2,9.5,0.6,0.1,11.5,23,11,12,8.3,6,12,1,50,0,0,0,0,0,0,0,1,0,0,0,0,68.8,1,5.9,0,0,1,50,0,0,0,0,1,1,100,0,0,0,10,-2.7,-0.148,20,65,15,0,2.2,1.3,2.2,1.33,0.87,0.11,0.07,1.3
2023,425,Robert Woods,HST,WR,1,5,ATL,9.375,15,67.2,6,60,3,30,2,0.5,15.67,47,45.2,12,13.2,4,12,1,33.3,2,2,1,1,0,0.02,0,0,0,0,1,0.167,46.5,2,33.3,0,0,2,66.7,0,0,1,33.3,0,0,0,0,0,0,50,-6.11,-0.119,66.7,33.3,0,0,2.2,5.3,2.2,5.26,-3.06,0.37,0.88,5.3
2023,426,DeAndre Hopkins,TEN,WR,1,2,LAC,16.9811320754717,9.375,58.7,9,75,3,25,1.33,0.33,4.67,14,8.4,12,7.2,4,6,2,66.7,5,2.5,4,2,0,0.01,0,0,0,0,1,0.111,74.3,2,22.2,0,0,3,100,0,0,1,33.3,0,0,0,0,0,0,33.3,-2.25,0.169,55.6,44.4,0,0,3.2,4.8,3.2,4.84,-1.64,0.36,0.54,4.8
2023,427,Logan Thomas,WAS,TE,1,5,CHI,29.166666666666668,42.857142857142854,78.8,14,73.7,3,15.8,0.86,0.21,14.33,43,18.8,12,7.1,4,6,2,66.7,3,1.5,2,1,0,0.05,0,0,0,0,1,0.071,74.3,3,18.8,0,0,3,100,1,0,0,0,1,0,0,0,0,0,20,-1.55,0.001,28.6,71.4,0,0,3.2,5.1,3.2,5.13,-1.93,0.23,0.37,5.1
2023,428,Allen Robinson,PIT,WR,1,3,LV,11.864406779661017,22.22222222222222,80,7,70,2,20,1.71,0.29,6.5,13,14,12,8.2,6,6,2,100,-1,-0.5,0,0,0,0.02,0,0,0,0,0,0,91.7,1,12.5,0,0,2,100,0,0,0,0,2,2,100,0,0,0,22.2,-0.94,0.181,57.1,42.9,0,0,3.2,2.6,3.2,2.64,0.56,0.46,0.38,2.6
2023,429,Allen Robinson,PIT,WR,1,5,BLT,22.033898305084744,33.33333333333333,86.2,13,92.9,3,21.4,0.92,0.23,10,30,12.4,12,8.5,4,6,2,66.7,1,0.5,0,0,0,0,0,0,0,0,0,0,74.3,2,15.4,0,0,2,66.7,0,0,0,0,1,1,100,0,0,0,23.1,-4.35,0.114,38.5,61.5,0,0,3.2,3.1,3.2,3.11,0.09,0.25,0.24,3.1
2023,430,Austin Hooper,LV,TE,1,6,NE,11.538461538461538,100,33.8,6,40,1,6.7,2,0.17,0,0,0,12,8.9,12,12,1,100,12,12,2,2,0,0.19,0,0,0,0,1,0.167,116.7,1,7.1,0,0,1,100,0,0,0,0,0,0,0,0,0,0,16.7,6.71,1.442,16.7,33.3,50,0,2.2,2.8,2.2,2.8,-0.6,0.37,0.47,2.8
2023,431,Kalif Raymond,DET,WR,1,5,CAR,25,14.285714285714285,48.3,7,77.8,1,11.1,1.71,0.14,9,9,9.7,12,11.1,12,12,1,100,3,3,0,0,0,0.02,0,0,0,0,0,0,116.7,1,12.5,0,0,1,100,0,0,0,0,0,0,0,0,0,0,14.3,4.55,0.698,28.6,71.4,0,0,2.2,2.3,2.2,2.25,-0.05,0.31,0.32,2.3
2023,432,Michael Thomas,NO,WR,1,4,TB,14.102564102564102,9.375,85.2,11,84.6,3,23.1,1.09,0.27,14.67,44,33.3,12,50,4,12,1,33.3,3,3,0,0,0,0,0,0,0,0,1,0.091,46.5,3,33.3,0,0,2,66.7,0,0,0,0,0,0,0,0,0,0,25,-5.83,-0.197,54.5,45.5,0,0,2.2,4.3,2.2,4.26,-2.06,0.2,0.39,4.3
2023,433,Tyler Boyd,CIN,WR,1,2,BLT,18.072289156626507,37.5,91.2,15,88.2,3,17.6,0.8,0.2,2,6,3.7,12,13.2,4,6,2,66.7,18,9,7,3.5,0,0.36,0,1,1,0,0,0,74.3,3,25,2,66.7,3,100,0,0,0,0,1,0,0,0,1,0.5,18.8,-2.31,-0.208,20,80,0,0,3.2,5.8,3.2,5.83,-2.63,0.21,0.39,5.8
2023,434,Isaiah McKenzie,IND,WR,1,6,JAX,50,100,5.3,2,8.3,1,4.2,6,0.5,-3,-3,-1.2,12,6.1,12,12,1,100,15,15,10,10,0,0,0,0,0,0,0,0,116.7,1,4.8,1,100,1,100,0,0,0,0,0,0,0,0,0,0,50,7.06,0.831,50,0,0,50,2.2,1.6,2.2,1.58,0.62,1.1,0.79,1.6
2023,435,Marquez Valdes-Scantling,KC,WR,1,5,MIN,11.627906976744185,28.57142857142857,65.6,5,41.7,2,16.7,2.4,0.4,15,30,37.5,12,17.4,6,12,1,50,5,5,3,3,0,0.01,0,2,1,0,1,0.2,68.8,1,10,0,0,1,50,1,0,0,0,0,0,0,0,1,1,33.3,-2.64,-0.273,80,20,0,0,2.2,1.8,2.2,1.81,0.39,0.44,0.36,1.8
2023,436,Hunter Renfrow,LV,WR,1,4,LAC,25,100,43.5,12,70.6,2,11.8,1,0.17,4,8,4.6,12,10,6,6,2,100,4,2,2,1,0,0.01,0,1,0,0,1,0.083,91.7,2,12.5,1,50,2,100,0,0,0,0,0,0,0,0,0,0,16.7,-0.5,0.925,25,75,0,0,3.2,3.5,3.2,3.53,-0.33,0.27,0.29,3.5
2023,437,T.J. Hockenson,MIN,TE,1,2,PHI,23.52941176470588,20,85.5,16,80,1,5,0.75,0.06,4,4,1.5,12,6.3,12,12,1,100,8,8,1,1,0,0,0,0,0,0,0,0,116.7,0,0,0,0,1,100,0,0,0,0,0,0,0,0,0,0,5.9,5.93,-0.088,6.3,18.8,75,0,2.2,1.7,2.2,1.72,0.48,0.14,0.11,1.7
2023,438,Dawson Knox,BUF,TE,1,4,MIA,11.538461538461538,20,50,6,60,1,10,2,0.17,4,4,2.8,12,7.2,12,12,1,100,8,8,8,8,0,0,0,0,0,0,1,0.167,116.7,1,14.3,0,0,1,100,0,0,0,0,0,0,0,0,1,1,16.7,5.93,0.796,16.7,33.3,50,0,2.2,1.7,2.2,1.71,0.49,0.37,0.28,1.7
2023,439,Gabe Davis,BUF,WR,1,6,NYG,9.090909090909092,8.333333333333332,88.1,6,42.9,2,14.3,2,0.33,4.5,9,4.7,12,10.1,6,6,2,100,3,1.5,0,0,0,0,0,0,0,0,1,0.167,91.7,1,12.5,0,0,2,100,0,0,0,0,0,0,0,0,0,0,25,-0.21,0.395,83.3,16.7,0,0,3.2,3.5,3.2,3.46,-0.26,0.53,0.58,3.5
2023,440,Donovan Peoples-Jones,CLV,WR,1,1,CIN,15.09433962264151,22.22222222222222,88.9,8,88.9,2,22.2,1.5,0.25,16,32,18.4,12,41.4,6,12,1,50,0,0,0,0,0,0.03,0,0,0,0,1,0.125,68.8,2,22.2,0,0,1,50,1,0,0,0,1,1,100,0,0,0,22.2,-3.96,0.13,100,0,0,0,2.2,2,2.2,2.04,0.16,0.28,0.25,2
2023,441,Brandon Aiyuk,SF,WR,1,2,LA,20.51282051282051,12,51.9,8,88.9,3,33.3,1.5,0.38,16,48,41.4,12,40,4,12,1,33.3,3,3,4,4,0,0,0,1,0,0,1,0.125,46.5,3,33.3,0,0,1,33.3,1,0,0,0,0,0,0,0,0,0,37.5,-4.8,0.06,75,25,0,0,2.2,2,2.2,2.03,0.17,0.28,0.25,2
2023,442,Laviska Shenault,CAR,WR,1,4,MIN,18.181818181818183,25,17.6,2,15.4,1,7.7,6,0.5,-4,-4,-3.8,12,9.3,12,12,1,100,16,16,4,4,0,0.03,0,0,0,0,1,0.5,116.7,1,10,1,100,1,100,0,0,0,0,0,0,0,0,1,1,50,7.51,0.836,50,50,0,0,2.2,1.8,2.2,1.82,0.38,1.1,0.91,1.8
2023,443,Cole Turner,WAS,TE,1,2,DEN,21.052631578947366,16.666666666666664,30.3,4,33.3,1,8.3,3,0.25,6,6,5.3,12,9.9,12,12,1,100,6,6,4,4,0,0.08,0,1,0,0,1,0.25,116.7,1,9.1,0,0,1,100,0,0,0,0,0,0,0,0,0,0,25,4.91,1.301,25,25,50,0,2.2,2.2,2.2,2.2,0,0.55,0.55,2.2
2023,444,Brandon Johnson,DEN,WR,1,3,MIA,27.500000000000004,25,57.6,11,61.1,3,16.7,1.09,0.27,7,21,7.8,12,6.3,4,6,2,66.7,11,5.5,5,2.5,0,0.03,0,1,0,0,1,0.091,74.3,2,15.4,1,33.3,3,100,1,0,0,0,1,0,0,0,1,0.5,27.3,-3.24,0.15,63.6,36.4,0,0,3.2,4.9,3.2,4.92,-1.72,0.29,0.45,4.9
2023,445,Tyler Scott,CHI,WR,1,6,MIN,33.33333333333333,66.66666666666666,58.5,6,60,4,40,2,0.67,7.75,31,37.3,12,42.9,3,6,2,50,-4,-2,0,0,0,0.01,0,0,0,0,1,0.167,56.3,3,33.3,1,25,4,100,0,0,1,25,1,0,0,1,0,0,50,-4.92,-0.724,100,0,0,0,3.2,7.5,3.2,7.53,-4.33,0.53,1.25,7.5
2023,446,Travis Kelce,KC,TE,1,5,MIN,10.344827586206897,12.5,57.8,3,25,1,8.3,3.67,0.33,4,4,5,11,15.9,11,11,1,100,7,7,3,3,0,0.07,0,1,0,0,1,0.333,112.5,0,0,0,0,1,100,0,0,0,0,0,0,0,0,0,0,25,4.93,2.126,33.3,66.7,0,0,2.1,2.1,2.1,2.09,0.01,0.7,0.7,2.1
2023,447,Tyler Boyd,CIN,WR,1,5,ARZ,21.686746987951807,25,74.7,18,72,2,8,0.61,0.11,1.5,3,1.2,11,5.5,5.5,5.5,2,100,8,4,1,0.5,0,0.01,0,0,0,0,0,0,89.6,2,10,1,50,2,100,0,0,0,0,0,0,0,0,1,0.5,9.5,-0.44,0.198,11.1,88.9,0,0,3.1,3.5,3.1,3.52,-0.42,0.17,0.2,3.5
2023,448,Tyler Conklin,NYJ,TE,1,4,KC,12.121212121212121,50,66.7,4,40,2,20,2.75,0.5,12,24,14.5,11,12,5.5,11,1,50,3,3,2,2,0,0.46,0,1,1,0,0,0,66.7,0,0,0,0,2,100,0,0,0,0,0,0,0,0,0,0,33.3,-3.46,-0.939,75,25,0,0,2.1,6.3,2.1,6.26,-4.16,0.53,1.56,6.3
2023,449,Hayden Hurst,CAR,TE,1,1,ATL,19.607843137254903,25,51.4,10,90.9,1,9.1,1.1,0.1,10,10,6.2,11,28.2,11,11,1,100,1,1,1,1,0,0,0,0,0,0,1,0.1,112.5,0,0,0,0,1,100,0,0,0,0,0,0,0,0,0,0,10,3.23,1.413,20,40,40,0,2.1,1.4,2.1,1.42,0.68,0.21,0.14,1.4
2023,450,Hayden Hurst,CAR,TE,1,3,SEA,27.450980392156865,25,60,14,53.8,1,3.8,0.79,0.07,10,10,4,11,8.7,11,11,1,100,1,1,0,0,0,0,0,0,0,0,1,0.071,112.5,1,5,0,0,1,100,0,0,0,0,0,0,0,0,0,0,6.3,3.23,1.748,7.1,64.3,28.6,0,2.1,2.2,2.1,2.18,-0.08,0.15,0.16,2.2
2023,451,KhaDarel Hodge,ATL,WR,1,5,HST,47.05882352941176,25,48.6,8,61.5,1,7.7,1.38,0.13,6,6,4.3,11,8.5,11,11,1,100,5,5,3,3,0,0,0,0,0,0,1,0.125,112.5,1,8.3,0,0,1,100,0,0,0,0,0,0,0,0,0,0,11.1,4.05,1.114,100,0,0,0,2.1,1.9,2.1,1.86,0.24,0.26,0.23,1.9
2023,452,Lil'Jordan Humphrey,DEN,WR,1,4,CHI,13.333333333333334,100,20.8,2,18.2,1,9.1,5.5,0.5,5,5,4.7,11,9.2,11,11,1,100,6,6,4,4,0,0,0,0,0,0,1,0.5,112.5,0,0,0,0,1,100,0,0,0,0,0,0,0,0,2,2,33.3,4.64,2.023,50,50,0,0,2.1,1.7,2.1,1.72,0.38,1.05,0.86,1.7
2023,453,Tim Jones,JAX,WR,1,3,HST,30,75,34.8,3,23.1,3,23.1,3.67,1,7,21,14.2,11,10.9,3.67,5.5,2,66.7,2,1,2,1,0,0.01,0,0,0,0,0,0,72.9,3,25,0,0,3,100,0,0,0,0,0,0,0,0,0,0,100,-3.49,-0.519,100,0,0,0,3.1,5.6,3.1,5.55,-2.45,1.03,1.85,5.6
2023,454,Dyami Brown,WAS,WR,1,5,CHI,23.076923076923077,25,25.8,6,31.6,2,10.5,1.83,0.33,4.5,9,3.9,11,6.5,5.5,11,1,50,7,7,4,4,0,0,0,1,1,0,1,0.167,66.7,2,12.5,0,0,1,50,0,0,0,0,0,0,0,0,0,0,33.3,-0.71,0.56,66.7,33.3,0,0,2.1,1.7,2.1,1.7,0.4,0.35,0.28,1.7
2023,455,Kadarius Toney,KC,WR,1,2,JAX,26.08695652173913,23.076923076923077,29.7,6,37.5,3,18.8,1.83,0.5,-1.33,-4,-2.3,11,9,3.67,3.67,3,100,15,5,1,0.33,0,0,0,0,0,0,1,0.167,81.9,3,21.4,3,100,3,100,0,0,0,0,0,0,0,0,1,0.33,50,-1.41,-0.351,66.7,33.3,0,0,4.1,4.9,4.1,4.87,-0.77,0.68,0.81,4.9
2023,456,Terrace Marshall,CAR,WR,1,1,ATL,24.390243902439025,26.31578947368421,88.9,10,90.9,5,45.5,1.1,0.5,16.8,84,52.2,11,28.2,2.2,11,1,20,5,5,2,2,0,0,0,0,0,0,1,0.1,0,2,33.3,0,0,1,20,1,0,0,0,0,0,0,0,0,0,45.5,-7.83,-1.078,80,20,0,0,2.1,1.9,2.1,1.87,0.23,0.21,0.19,1.9
2023,457,Kyle Pitts,ATL,TE,1,5,HST,12.5,7.142857142857142,52.7,8,61.5,1,7.7,1.38,0.13,10,10,7.2,11,8.5,11,11,1,100,1,1,1,1,0,0.04,0,0,0,0,1,0.125,112.5,1,8.3,0,0,1,100,0,0,0,0,0,0,0,0,0,0,12.5,3.23,1.331,12.5,87.5,0,0,2.1,1.7,2.1,1.69,0.41,0.26,0.21,1.7
2023,458,Rashid Shaheed,NO,WR,1,4,TB,15.384615384615385,22.22222222222222,57.4,10,76.9,4,30.8,1.1,0.4,12.25,49,37.1,11,45.8,2.75,11,1,25,10,10,0,0,0,0.01,0,0,0,0,1,0.1,39.6,2,22.2,0,0,2,50,1,0,0,0,0,0,0,0,0,0,40,-5.06,-0.655,50,50,0,0,2.1,3.4,2.1,3.43,-1.33,0.21,0.34,3.4
2023,459,Jalen Tolbert,DAL,WR,1,2,NYJ,40,42.857142857142854,67.5,8,80,3,30,1.38,0.38,16.67,50,42.7,11,12.2,3.67,5.5,2,66.7,3,1.5,3,1.5,0,0.01,0,0,0,0,0,0,72.9,0,0,0,0,2,66.7,1,0,0,0,0,0,0,0,1,0.5,33.3,-5.43,-0.317,62.5,37.5,0,0,3.1,3.6,3.1,3.6,-0.5,0.39,0.45,3.6
2023,460,Quentin Johnston,LAC,WR,1,1,MIA,16.216216216216218,22.22222222222222,28.9,6,42.9,2,14.3,1.83,0.33,19.5,39,27.3,11,12.8,5.5,11,1,50,1,1,0,0,0,0,0,0,0,0,1,0.167,66.7,2,16.7,0,0,1,50,1,0,0,0,0,0,0,0,0,0,33.3,-3.97,0.23,83.3,16.7,0,0,2.1,2.2,2.1,2.21,-0.11,0.35,0.37,2.2
2023,461,Josh Downs,IND,WR,1,6,JAX,27.86885245901639,28.57142857142857,77.3,17,70.8,2,8.3,0.65,0.12,6.5,13,5.4,11,5.6,5.5,5.5,2,100,-1,-0.5,0,0,1,0.56,100,1,1,1,1,0.059,129.2,2,9.5,0,0,2,100,0,0,0,0,0,0,0,0,0,0,10.5,-0.97,2.21,23.5,76.5,0,0,9.1,6.5,9.1,6.48,2.62,0.54,0.38,6.5
2023,462,Keenan Allen,LAC,WR,1,4,LV,13.924050632911392,7.4074074074074066,76.2,11,100,2,18.2,0.91,0.18,1.5,3,1.8,10,9.5,5,5,2,100,7,3.5,3,1.5,1,0.95,100,2,0,0,1,0.091,127.1,2,22.2,1,50,2,100,0,0,0,0,0,0,0,0,0,0,18.2,-0.94,1.129,63.6,36.4,0,0,9,8.8,9,8.75,0.25,0.82,0.8,8.8
2023,463,Tyler Lockett,SEA,WR,1,1,LA,14.516129032258066,12,87,9,81.8,3,27.3,1.11,0.33,11.33,34,31.2,10,15.4,3.33,5,2,66.7,1,0.5,1,0.5,0,0.1,0,1,1,0,1,0.111,71.5,1,16.7,0,0,3,100,1,0,0,0,1,0,0,0,0,0,30,-4.63,0.002,66.7,33.3,0,0,3,5,3,5.05,-2.05,0.33,0.56,5
2023,464,Zach Pascal,ARZ,WR,1,4,SF,50,80,26.9,6,28.6,4,19,1.67,0.67,8,32,15.2,10,6.9,2.5,3.33,3,75,1,0.33,1,0.33,0,0.4,0,2,1,0,1,0.167,77.1,3,17.6,0,0,4,100,1,0,1,25,2,1,50,0,0,0,66.7,-4.64,-0.47,83.3,16.7,0,0,4,7.4,4,7.36,-3.36,0.67,1.23,7.4
2023,465,Byron Pringle,WAS,WR,1,5,CHI,40,50,16.7,4,21.1,2,10.5,2.5,0.5,11,22,9.6,10,6,5,10,1,50,-2,-2,0,0,0,0,0,0,0,0,1,0.25,64.6,1,6.3,0,0,2,100,0,0,0,0,0,0,0,0,0,0,50,-3.27,0.069,100,0,0,0,2,4.5,2,4.46,-2.46,0.5,1.12,4.5
2023,466,Michael Gallup,DAL,WR,1,1,NYG,6.666666666666667,6.25,67.3,4,57.1,2,28.6,2.5,0.5,17.5,35,42.7,10,22.2,5,10,1,50,2,2,0,0,0,0.05,0,0,0,0,1,0.25,64.6,2,28.6,0,0,2,100,1,0,0,0,1,0,0,0,0,0,40,-4.71,0.215,100,0,0,0,2,4.1,2,4.14,-2.14,0.5,1.03,4.1
2023,467,KhaDarel Hodge,ATL,WR,1,4,JAX,11.76470588235294,25,24.6,2,16.7,1,8.3,5,0.5,11,11,6.3,10,19.2,10,10,1,100,-1,-1,-1,-1,0,0,0,0,0,0,1,0.5,108.3,1,10,0,0,1,100,0,0,0,0,0,0,0,0,0,0,50,1.68,0.76,100,0,0,0,2,2.2,2,2.24,-0.24,1,1.12,2.2
2023,468,Cody Thompson,SEA,WR,1,4,NYG,33.33333333333333,100,11.8,1,10,1,10,10,1,6,6,6.2,10,10.8,10,10,1,100,4,4,1,1,0,0,0,0,0,0,0,0,108.3,1,16.7,0,0,1,100,0,0,0,0,0,0,0,0,0,0,100,3.05,0.413,100,0,0,0,2,1.8,2,1.84,0.16,2,1.84,1.8
2023,469,Dawson Knox,BUF,TE,1,6,NYG,15.384615384615385,20,74.6,8,57.1,1,7.1,1.25,0.13,8,8,4.2,10,8.4,10,10,1,100,2,2,0,0,0,0,0,0,0,0,1,0.125,108.3,0,0,0,0,1,100,0,0,0,0,0,0,0,0,0,0,8.3,2.28,0.65,12.5,37.5,50,0,2,2,2,2.04,-0.04,0.25,0.25,2
2023,470,Van Jefferson,LA,WR,1,1,SEA,25.352112676056336,20,92.3,18,90,2,10,0.56,0.11,4.5,9,3.9,10,5.8,5,5,2,100,3,1.5,0,0,0,0,0,0,0,0,1,0.056,91.7,1,9.1,1,50,2,100,0,0,0,0,1,1,100,0,0,0,11.1,-1.83,1.329,38.9,61.1,0,0,3,3,3,3.05,-0.05,0.17,0.17,3
2023,471,Ben Skowronek,LA,WR,1,2,SF,33.33333333333333,25,23.1,3,13,1,4.3,3.33,0.33,2,2,1.1,10,5.3,10,10,1,100,8,8,5,5,0,0,0,0,0,0,1,0.333,108.3,0,0,0,0,1,100,0,0,0,0,0,0,0,0,0,0,25,4.67,1.145,66.7,33.3,0,0,2,1.7,2,1.69,0.31,0.67,0.56,1.7
2023,472,Ja'Marr Chase,CIN,WR,1,1,CLV,13.043478260869565,11.363636363636363,96.3,12,100,5,41.7,0.83,0.42,15.8,79,39.9,10,100,2,10,1,20,0,0,0,0,0,0,0,0,0,0,1,0.083,39.6,5,41.7,0,0,3,60,1,0,0,0,1,0,0,0,0,0,41.7,-8.05,-0.383,83.3,16.7,0,0,2,5.3,2,5.34,-3.34,0.17,0.45,5.3
2023,473,Elijah Moore,CLV,WR,1,3,TEN,21.428571428571427,23.076923076923077,74.6,12,85.7,3,21.4,0.83,0.25,2,6,3.3,10,6.1,3.33,3.33,3,100,4,1.33,-1,-0.33,0,0.02,0,0,0,0,1,0.083,80.6,2,16.7,1,33.3,3,100,0,0,0,0,0,0,0,0,0,0,25,-2.53,-1.57,50,41.7,0,8.3,3,5.2,3,5.15,-2.15,0.33,0.43,5.2
2023,474,Alec Pierce,IND,WR,1,5,TEN,14.0625,9.090909090909092,98.4,9,100,2,22.2,1.11,0.22,12.5,25,22.9,10,14.7,5,10,1,50,0,0,0,0,0,0.01,0,0,0,0,1,0.111,64.6,2,22.2,0,0,1,50,0,0,0,0,0,0,0,0,0,0,22.2,-3.95,0.535,100,0,0,0,2,2.3,2,2.33,-0.33,0.22,0.26,2.3
2023,475,Calvin Austin,PIT,WR,1,2,CLV,16.3265306122449,6.666666666666667,77.4,8,72.7,1,9.1,1.25,0.13,10,10,9.6,10,8.1,10,10,1,100,0,0,0,0,0,0.01,0,0,0,0,1,0.125,108.3,1,11.1,0,0,1,100,0,0,0,0,1,1,100,0,0,0,12.5,2.5,1.7,62.5,37.5,0,0,2,1.2,2,1.22,0.78,0.25,0.15,1.2
2023,476,Dontayvion Wicks,GB,WR,1,5,LV,10,9.090909090909092,22.8,4,40,1,10,2.5,0.25,10,10,5.7,10,37,10,10,1,100,0,0,0,0,0,0,0,0,0,0,1,0.25,108.3,1,11.1,0,0,1,100,0,0,0,0,0,0,0,0,0,0,25,2.5,1.91,75,25,0,0,2,2.2,2,2.18,-0.18,0.5,0.55,2.2
2023,477,Jaxon Smith-Njigba,SEA,WR,1,3,CAR,20,10,43.7,10,62.5,1,6.3,1,0.1,-3,-3,-1.4,10,5.2,10,10,1,100,13,13,2,2,0,0,0,0,0,0,0,0,108.3,1,8.3,1,100,1,100,0,0,0,0,0,0,0,0,0,0,10,5.06,0.083,30,70,0,0,2,1.7,2,1.65,0.35,0.2,0.17,1.7
2023,478,Jalin Hyatt,NYG,WR,1,4,SEA,17.142857142857142,22.22222222222222,59.5,6,60,2,20,1.67,0.33,4.5,9,18,10,15.4,5,5,2,100,1,0.5,0,0,0,0.01,0,0,0,0,0,0,87.5,2,22.2,0,0,2,100,0,0,0,0,0,0,0,0,0,0,33.3,-1.21,-0.075,100,0,0,0,3,3.5,3,3.48,-0.48,0.5,0.58,3.5
2023,479,Willie Snead,SF,WR,1,4,ARZ,100,100,13.2,1,14.3,1,14.3,9,1,6,6,5.9,9,6.7,9,9,1,100,3,3,3,3,0,0,0,0,0,0,0,0,104.2,1,16.7,0,0,1,100,0,0,0,0,0,0,0,0,0,0,100,2.05,0.833,100,0,0,0,1.9,1.8,1.9,1.84,0.06,1.9,1.84,1.8
2023,480,Darren Waller,NYG,TE,1,3,SF,22.22222222222222,23.52941176470588,80.4,12,92.3,4,30.8,0.75,0.33,8.25,33,28.7,9,15.8,2.25,9,1,25,1,1,0,0,0,0.01,0,0,0,0,0,0,0,4,36.4,0,0,4,100,0,0,2,50,1,0,0,0,0,0,30.8,-5.21,-1.025,33.3,41.7,25,0,1.9,7.1,1.9,7.09,-5.19,0.16,0.59,7.1
2023,481,Jonnu Smith,ATL,TE,1,3,DET,22,20,72.3,11,84.6,1,7.7,0.82,0.09,7,7,3.5,9,12,9,9,1,100,2,2,0,0,0,0,0,0,0,0,0,0,104.2,0,0,0,0,1,100,0,0,0,0,0,0,0,0,0,0,9.1,1.69,0.178,18.2,72.7,9.1,0,1.9,1.9,1.9,1.94,-0.04,0.17,0.18,1.9
2023,482,Dallas Goedert,PHI,TE,1,6,NYJ,12.857142857142856,14.285714285714285,76.8,9,52.9,1,5.9,1,0.11,6,6,2.1,9,5.4,9,9,1,100,3,3,3,3,0,0.02,0,0,0,0,1,0.111,104.2,0,0,0,0,1,100,0,0,0,0,0,0,0,0,0,0,9.1,1.91,0.319,22.2,66.7,11.1,0,1.9,2.1,1.9,2.1,-0.2,0.21,0.23,2.1
2023,483,Allen Lazard,NYJ,WR,1,2,DAL,20.454545454545457,11.11111111111111,91.3,9,100,2,22.2,1,0.22,22.5,45,25.4,9,8.3,4.5,9,1,50,0,0,0,0,0,0.01,0,0,0,0,0,0,62.5,0,0,0,0,2,100,1,0,0,0,1,0,0,0,0,0,22.2,-6.1,-0.563,88.9,11.1,0,0,1.9,4,1.9,4.05,-2.15,0.21,0.45,4
2023,484,Juwan Johnson,NO,TE,1,1,TEN,37.83783783783784,66.66666666666666,75,14,82.4,2,11.8,0.64,0.14,4.5,9,3.7,9,4.8,4.5,4.5,2,100,0,0,0,0,0,0,0,0,0,0,0,0,85.4,0,0,0,0,2,100,0,0,0,0,0,0,0,0,0,0,12.5,-1.77,-0.648,28.6,50,21.4,0,2.9,3.5,2.9,3.48,-0.58,0.21,0.25,3.5
2023,485,Nick Westbrook-Ikhine,TEN,WR,1,5,IND,16.666666666666664,16.666666666666664,69,7,58.3,2,16.7,1.29,0.29,16,32,15.6,9,6.5,4.5,9,1,50,2,2,1,1,0,0,0,0,1,0,0,0,62.5,1,9.1,0,0,1,50,1,0,0,0,0,0,0,0,0,0,22.2,-4.78,0.171,57.1,42.9,0,0,1.9,2,1.9,1.96,-0.06,0.27,0.28,2
2023,486,Tee Higgins,CIN,WR,1,4,TEN,9.433962264150944,11.538461538461538,49,5,50,3,30,1.8,0.6,7.33,22,40,9,11,3,9,1,33.3,6,6,1,1,0,0,0,1,1,0,0,0,42.4,3,30,0,0,2,66.7,0,0,0,0,1,0,0,0,0,0,50,-4.1,-0.284,100,0,0,0,1.9,2.8,1.9,2.84,-0.94,0.38,0.57,2.8
2023,487,Van Jefferson,LA,WR,1,2,SF,28.169014084507044,20,83.3,20,87,2,8.7,0.45,0.1,11.5,23,12.7,9,4.8,4.5,9,1,50,-1,-1,0,0,0,0,0,0,0,0,0,0,22.9,2,10,0,0,1,50,0,0,0,0,0,0,0,0,0,0,10,-3.71,-2.298,20,80,0,0,1.9,2.2,1.9,2.16,-0.26,0.1,0.11,2.2
2023,488,Rashod Bateman,BLT,WR,1,2,CIN,19.230769230769234,16.666666666666664,60,5,55.6,2,22.2,1.8,0.4,4.5,9,6.8,9,10.5,4.5,4.5,2,100,0,0,0,0,0,0.01,0,0,0,0,1,0.2,85.4,2,25,0,0,2,100,0,0,0,0,0,0,0,0,0,0,40,-1.7,0.29,80,20,0,0,2.9,3.6,2.9,3.59,-0.69,0.58,0.72,3.6
2023,489,Tutu Atwell,LA,WR,1,5,PHI,12.195121951219512,10,89.1,10,83.3,2,16.7,0.9,0.2,5,10,6.1,9,9.6,4.5,4.5,2,100,0,0,0,0,1,0.94,50,1,1,1,1,0.1,125,2,20,0,0,2,100,0,0,0,0,0,0,0,0,0,0,18.2,-2,1.057,30,70,0,0,8.9,8.6,8.9,8.62,0.28,0.89,0.86,8.6
2023,490,Kyle Pitts,ATL,TE,1,2,GB,23.4375,28.57142857142857,70.5,15,88.2,4,23.5,0.6,0.27,12,48,27.7,9,8.4,2.25,9,1,25,1,1,1,1,0,0,0,1,1,0,0,0,39.6,3,25,0,0,1,25,1,0,0,0,0,0,0,0,0,0,23.5,-6.96,-0.295,46.7,46.7,6.7,0,1.9,2,1.9,2.02,-0.12,0.13,0.13,2
2023,491,Cole Turner,WAS,TE,1,5,CHI,21.052631578947366,16.666666666666664,15.2,4,21.1,1,5.3,2.25,0.25,7,7,3.1,9,5.4,9,9,1,100,2,2,2,2,0,0,0,0,0,0,0,0,104.2,0,0,0,0,1,100,0,0,0,0,0,0,0,0,1,1,25,1.69,-2.384,25,50,25,0,1.9,1.9,1.9,1.9,0,0.47,0.48,1.9
2023,492,Brandon Johnson,DEN,WR,1,5,NYJ,10,8.333333333333332,52.6,4,57.1,1,14.3,2.25,0.25,-1,-1,-1.3,9,27.3,9,9,1,100,10,10,1,1,0,0,0,0,0,0,0,0,104.2,0,0,0,0,1,100,0,0,0,0,0,0,0,0,0,0,20,2.83,0.207,75,25,0,0,1.9,1.5,1.9,1.52,0.38,0.47,0.38,1.5
2023,493,Cade Otton,TB,TE,1,2,CHI,24,50,97.1,12,70.6,1,5.9,0.75,0.08,3,3,1.3,9,3.5,9,9,1,100,6,6,2,2,0,0,0,0,0,0,0,0,104.2,1,8.3,0,0,1,100,0,0,0,0,0,0,0,0,0,0,6.3,2.68,0.061,25,41.7,25,8.3,1.9,1.7,1.9,1.73,0.17,0.16,0.14,1.7
2023,494,Tre Tucker,LV,WR,1,6,NE,43.75,50,29.2,7,46.7,1,6.7,1.29,0.14,6,6,3.6,9,6.7,9,9,1,100,3,3,1,1,0,0.01,0,0,0,0,0,0,104.2,1,7.1,0,0,1,100,0,0,0,0,0,0,0,0,0,0,14.3,2.05,0.054,57.1,42.9,0,0,1.9,1.8,1.9,1.8,0.1,0.27,0.26,1.8
2023,495,Andrei Iosivas,CIN,WR,1,5,ARZ,40,66.66666666666666,30.4,4,16,2,8,2.25,0.5,13,26,10.7,9,4.5,4.5,9,1,50,-2,-2,0,0,0,0.01,0,0,0,0,0,0,62.5,1,5,0,0,1,50,0,0,0,0,0,0,0,0,0,0,33.3,-4.86,-0.364,75,25,0,0,1.9,2.5,1.9,2.46,-0.56,0.47,0.61,2.5
2023,496,Tyler Scott,CHI,WR,1,1,GB,5.555555555555555,16.666666666666664,17.1,1,12.5,1,12.5,9,1,5,5,12.2,9,32.1,9,9,1,100,4,4,2,2,0,0,0,0,0,0,1,1,104.2,0,0,0,0,1,100,0,0,0,0,0,0,0,0,1,1,100,2.64,-0.302,100,0,0,0,1.9,1.7,1.9,1.68,0.22,1.9,1.68,1.7
2023,497,Marvin Mims,DEN,WR,1,1,LV,13.043478260869565,18.181818181818183,25.9,3,27.3,2,18.2,3,0.67,2,4,3.6,9,10.7,4.5,4.5,2,100,5,2.5,1,0.5,0,0.03,0,0,0,0,1,0.333,85.4,2,28.6,1,50,2,100,0,0,0,0,0,0,0,0,0,0,66.7,-1.54,-0.506,100,0,0,0,2.9,3.5,2.9,3.53,-0.63,0.97,1.18,3.5
2023,498,Rashee Rice,KC,WR,1,4,NYJ,8.333333333333332,10,48.5,2,33.3,1,16.7,4.5,0.5,3,3,21.4,9,22,9,9,1,100,6,6,5,5,0,0,0,0,0,0,0,0,104.2,0,0,0,0,1,100,0,0,0,0,0,0,0,0,1,1,50,3.55,0.703,50,50,0,0,1.9,1.7,1.9,1.69,0.21,0.95,0.84,1.7
2023,499,Jimmy Graham,NO,TE,1,3,GB,26.666666666666668,100,28.3,4,21.1,1,5.3,2,0.25,9,9,3.5,8,6.5,8,8,1,100,0,0,0,0,1,0.99,100,1,1,1,1,0.25,139.6,1,5.9,0,0,1,100,0,0,0,0,0,0,0,0,0,0,20,0.74,2.708,25,75,0,0,7.8,7.8,7.8,7.84,-0.04,1.95,1.96,7.8
2023,500,Marvin Jones,DET,WR,1,1,KC,31.428571428571427,55.55555555555556,54.3,11,55,5,25,0.73,0.45,8,40,21.5,8,4.4,1.6,4,2,40,4,2,-1,-0.5,0,0.02,0,1,0,0,0,0,47.9,4,25,1,20,4,80,0,0,1,20,0,0,0,1,0,0,38.5,-6.51,-1.1,81.8,18.2,0,0,1.8,7.8,1.8,7.85,-6.05,0.25,0.71,7.8
2023,501,Allen Robinson,PIT,WR,1,4,HST,22.033898305084744,22.22222222222222,83.9,13,92.9,2,14.3,0.62,0.15,6.5,13,8.1,8,14,4,8,1,50,0,0,0,0,0,0,0,1,1,0,0,0,60.4,2,15.4,0,0,1,50,0,0,0,0,0,0,0,0,0,0,15.4,-2.94,-0.648,15.4,84.6,0,0,1.8,2,1.8,2,-0.2,0.14,0.15,2
2023,502,Darren Waller,NYG,TE,1,4,SEA,16.666666666666664,5.88235294117647,91.9,9,90,1,10,0.89,0.11,5,5,10,8,12.3,8,8,1,100,3,3,1,1,0,0,0,0,0,0,0,0,100,1,11.1,0,0,1,100,0,0,0,0,0,0,0,0,0,0,10,1.52,0.539,11.1,55.6,33.3,0,1.8,1.7,1.8,1.71,0.09,0.2,0.19,1.7
2023,503,Chris Moore,TEN,WR,1,3,CLV,13.636363636363635,20,40,3,23.1,1,7.7,2.67,0.33,7,7,3.2,8,17,8,8,1,100,1,1,1,1,0,0,0,0,0,0,1,0.333,100,1,8.3,0,0,1,100,0,0,0,0,0,0,0,0,0,0,33.3,0.94,0.607,100,0,0,0,1.8,1.9,1.8,1.88,-0.08,0.6,0.63,1.9
2023,504,Tyler Boyd,CIN,WR,1,6,SEA,14.457831325301203,12.5,88.7,12,100,1,8.3,0.67,0.08,6,6,3.8,8,14.8,8,8,1,100,2,2,1,1,1,0.82,50,1,0,0,1,0.083,139.6,1,10,0,0,1,100,0,0,0,0,0,0,0,0,0,0,8.3,1.05,1.454,8.3,91.7,0,0,7.8,6.6,7.8,6.58,1.22,0.65,0.55,6.6
2023,505,Mack Hollins,ATL,WR,1,2,GB,20,17.647058823529413,73.1,8,47.1,3,17.6,1,0.38,12,36,20.8,8,7.5,2.67,8,1,33.3,1,1,0,0,0,0.88,0,1,1,0,0,0,42.4,2,16.7,0,0,3,100,1,0,1,33.3,0,0,0,0,0,0,33.3,-5.94,-0.398,75,25,0,0,1.8,10.7,1.8,10.66,-8.86,0.23,1.33,10.7
2023,506,Evan Engram,JAX,TE,1,2,KC,16.923076923076923,14.285714285714285,73.4,11,68.8,2,12.5,0.73,0.18,6.5,13,7.4,8,14.8,4,8,1,50,0,0,0,0,0,0,0,0,0,0,0,0,60.4,2,15.4,0,0,2,100,0,0,1,50,0,0,0,0,0,0,16.7,-3.1,-0.194,45.5,54.5,0,0,1.8,3.7,1.8,3.72,-1.92,0.16,0.34,3.7
2023,507,Dalton Schultz,HST,TE,1,2,IND,30.76923076923077,100,70.9,16,72.7,1,4.5,0.5,0.06,6,6,2.6,8,3.6,8,8,1,100,2,2,0,0,0,0,0,0,0,0,0,0,100,1,5.3,0,0,1,100,0,0,0,0,0,0,0,0,0,0,5.6,0.91,-0.027,12.5,31.3,56.3,0,1.8,1.8,1.8,1.8,0,0.11,0.11,1.8
2023,508,Deonte Harty,BUF,WR,1,2,LV,4.761904761904762,25,17.6,1,8.3,1,8.3,8,1,-2,-2,-1.9,8,5.5,8,8,1,100,10,10,3,3,0,0,0,0,0,0,0,0,100,1,11.1,1,100,1,100,0,0,0,0,0,0,0,0,0,0,100,2.5,0.62,100,0,0,0,1.8,1.6,1.8,1.57,0.23,1.8,1.57,1.6
2023,509,T.J. Hockenson,MIN,TE,1,1,TB,20.588235294117645,20,74.6,14,73.7,1,5.3,0.57,0.07,7,7,3.5,8,3.7,8,8,1,100,1,1,1,1,0,0,0,0,0,0,1,0.071,100,1,6.7,0,0,1,100,0,0,0,0,1,1,100,0,0,0,6.7,0.69,1.271,7.1,42.9,50,0,1.8,1.5,1.8,1.47,0.33,0.13,0.11,1.5
2023,510,T.J. Hockenson,MIN,TE,1,6,CHI,10.294117647058822,20,78.2,7,70,1,10,1.14,0.14,5,5,4.8,8,11,8,8,1,100,3,3,1,1,0,0,0,0,0,0,0,0,100,0,0,0,0,1,100,0,0,0,0,0,0,0,0,0,0,11.1,1.52,0.238,14.3,42.9,42.9,0,1.8,1.7,1.8,1.69,0.11,0.26,0.24,1.7
2023,511,Laviska Shenault,CAR,WR,1,6,MIA,27.27272727272727,25,16.2,3,18.8,1,6.3,2.67,0.33,0,0,0,8,7.6,8,8,1,100,8,8,2,2,0,0,0,0,0,0,0,0,100,0,0,0,0,1,100,0,0,0,0,0,0,0,0,0,0,33.3,1.96,-0.155,33.3,33.3,0,33.3,1.8,1.6,1.8,1.62,0.18,0.6,0.54,1.6
2023,512,Rashod Bateman,BLT,WR,1,5,PIT,7.6923076923076925,16.666666666666664,38.8,2,13.3,2,13.3,4,1,9,18,8.5,8,11.4,4,8,1,50,1,1,0,0,0,0.55,0,1,1,0,0,0,60.4,2,15.4,0,0,2,100,0,0,1,50,0,0,0,0,0,0,66.7,-3.69,-0.417,100,0,0,0,1.8,6.3,1.8,6.29,-4.49,0.9,3.14,6.3
2023,513,Jameson Williams,DET,WR,1,6,TB,62.5,66.66666666666666,23.2,5,38.5,2,15.4,1.6,0.4,13,26,24.8,8,6.3,4,8,1,50,0,0,2,2,0,0.02,0,0,0,0,0,0,60.4,2,16.7,0,0,2,100,0,0,0,0,0,0,0,0,0,0,40,-5.2,0.121,80,20,0,0,1.8,5.3,1.8,5.3,-3.5,0.36,1.06,5.3
2023,514,Deven Thompkins,TB,WR,1,1,MIN,14.814814814814813,14.285714285714285,26.5,4,28.6,1,7.1,2,0.25,-3,-3,-1.8,8,6.6,8,8,1,100,11,11,4,4,0,0.01,0,0,0,0,1,0.25,100,1,7.7,1,100,1,100,0,0,0,0,0,0,0,0,1,1,25,3.06,1.607,25,75,0,0,1.8,1.5,1.8,1.51,0.29,0.45,0.38,1.5
2023,515,Dontayvion Wicks,GB,WR,1,2,ATL,12.5,18.181818181818183,51.1,5,45.5,2,18.2,1.6,0.4,13,26,21.8,8,11.1,4,8,1,50,2,2,2,2,0,0.01,0,0,0,0,1,0.2,60.4,2,20,0,0,1,50,1,0,0,0,1,1,100,0,0,0,40,-4.91,0.047,100,0,0,0,1.8,1.1,1.8,1.11,0.69,0.36,0.22,1.1
2023,516,Rashee Rice,KC,WR,1,5,MIN,20.833333333333336,20,29.7,5,41.7,2,16.7,1.6,0.4,6,12,15,8,11.6,4,8,1,50,10,10,2,2,0,0,0,1,1,0,1,0.2,60.4,2,20,1,50,1,50,0,0,0,0,0,0,0,0,0,0,33.3,-3.66,-0.086,40,60,0,0,1.8,1.5,1.8,1.53,0.27,0.36,0.31,1.5
2023,517,Brandin Cooks,DAL,WR,1,5,SF,15.09433962264151,15,65.3,8,80,3,30,0.88,0.38,18.67,56,36.8,7,12.3,2.33,7,1,33.3,0,0,0,0,0,0,0,0,0,0,1,0.125,2.8,3,33.3,0,0,1,33.3,1,0,0,0,0,0,0,0,0,0,37.5,-7.34,-2.895,62.5,37.5,0,0,1.7,1.8,1.7,1.83,-0.13,0.21,0.23,1.8
2023,518,DeVante Parker,NE,WR,1,6,LV,11.76470588235294,15,75,6,50,3,25,1.17,0.5,17.67,53,41.7,7,7.4,2.33,7,1,33.3,0,0,0,0,0,0.13,0,0,0,0,0,0,42.4,3,25,0,0,2,66.7,1,0,1,33.3,2,1,50,0,0,0,42.9,-7.34,-0.504,83.3,16.7,0,0,1.7,4.6,1.7,4.64,-2.94,0.28,0.77,4.6
2023,519,C.J. Uzomah,NYJ,TE,1,5,DEN,16.666666666666664,100,45.2,3,33.3,1,11.1,2.33,0.33,-2,-2,-1.9,7,9.6,7,7,1,100,9,9,3,3,0,0.02,0,0,0,0,1,0.333,95.8,1,12.5,1,100,1,100,0,0,0,0,0,0,0,0,0,0,33.3,2.15,0.277,33.3,33.3,33.3,0,1.7,1.7,1.7,1.67,0.03,0.57,0.56,1.7
2023,520,Noah Brown,HST,WR,1,1,BLT,70.37037037037037,40,68.1,19,86.4,2,9.1,0.37,0.11,-5.5,-11,-5.3,7,5.4,3.5,7,1,50,11,11,3,3,0,0,0,0,0,0,0,0,58.3,1,6.3,1,50,1,50,0,0,0,0,0,0,0,0,0,0,9.5,-0.01,-0.763,31.6,68.4,0,0,1.7,1.5,1.7,1.51,0.19,0.09,0.08,1.5
2023,521,Robert Tonyan,CHI,TE,1,5,WAS,30.76923076923077,100,32.8,4,33.3,1,8.3,1.75,0.25,4,4,2.8,7,3.1,7,7,1,100,3,3,2,2,0,0,0,0,0,0,1,0.25,95.8,1,9.1,0,0,1,100,0,0,0,0,0,0,0,0,0,0,25,0.93,0.53,50,0,50,0,1.7,1.8,1.7,1.75,-0.05,0.42,0.44,1.8
2023,522,Evan Engram,JAX,TE,1,3,HST,16.923076923076923,7.142857142857142,71,11,84.6,1,7.7,0.64,0.09,1,1,0.7,7,6.9,7,7,1,100,6,6,1,1,0,0,0,0,0,0,0,0,95.8,1,8.3,0,0,1,100,0,0,0,0,0,0,0,0,0,0,8.3,1.22,0.401,9.1,54.5,36.4,0,1.7,1.6,1.7,1.64,0.06,0.15,0.15,1.6
2023,523,Donovan Peoples-Jones,CLV,WR,1,4,BLT,18.867924528301888,22.22222222222222,90.8,10,76.9,2,15.4,0.7,0.2,8,16,7.7,7,28,3.5,7,1,50,2,2,2,2,0,0,0,0,0,0,0,0,58.3,2,25,0,0,1,50,0,0,0,0,1,1,100,0,0,0,18.2,-3.84,-0.058,60,40,0,0,1.7,1.1,1.7,1.14,0.56,0.17,0.11,1.1
2023,524,Jerry Jeudy,DEN,WR,1,2,WAS,22.727272727272727,22.22222222222222,69.4,10,83.3,2,16.7,0.7,0.2,2.5,5,2.3,7,3.1,3.5,7,1,50,10,10,3,3,0,0.01,0,0,0,0,0,0,58.3,1,14.3,1,50,1,50,0,0,0,0,0,0,0,0,0,0,20,-2.73,0.017,30,70,0,0,1.7,1.7,1.7,1.67,0.03,0.17,0.17,1.7
2023,525,Jerry Jeudy,DEN,WR,1,5,NYJ,13.636363636363635,22.22222222222222,89.5,6,85.7,2,28.6,1.17,0.33,1.5,3,3.8,7,21.2,3.5,3.5,2,100,4,2,1,0.5,0,0.03,0,0,0,0,1,0.167,81.3,1,25,0,0,2,100,0,0,0,0,0,0,0,0,0,0,28.6,-2.43,-0.207,50,50,0,0,2.7,3.6,2.7,3.56,-0.86,0.45,0.59,3.6
2023,526,Noah Gray,KC,TE,1,1,DET,35.13513513513514,60,87.1,13,81.3,3,18.8,0.54,0.23,4,12,5.7,7,11.9,2.33,3.5,2,66.7,0,0,0,0,0,0,0,0,0,0,0,0,70.1,2,22.2,0,0,3,100,0,0,0,0,1,0,0,0,0,0,20,-4.11,-0.658,38.5,38.5,23.1,0,2.7,4.2,2.7,4.23,-1.53,0.21,0.33,4.2
2023,527,Kylen Granson,IND,TE,1,4,LA,12.195121951219512,100,55.2,5,83.3,1,16.7,1.4,0.2,4,4,5.3,7,11.7,7,7,1,100,3,3,0,0,0,0,0,0,0,0,1,0.2,95.8,1,16.7,0,0,1,100,0,0,0,0,0,0,0,0,0,0,20,0.93,1.65,20,40,40,0,1.7,1.7,1.7,1.72,-0.02,0.34,0.34,1.7
2023,528,Chris Olave,NO,WR,1,5,NE,10.38961038961039,7.142857142857142,80,8,100,2,25,0.88,0.25,17,34,30.4,7,11.5,3.5,7,1,50,1,1,0,0,0,0.81,0,0,0,0,0,0,58.3,2,33.3,0,0,2,100,1,0,1,50,0,0,0,0,0,0,25,-5.51,-0.57,75,25,0,0,1.7,9.8,1.7,9.83,-8.13,0.21,1.23,9.8
2023,529,Skyy Moore,KC,WR,1,5,MIN,9.75609756097561,8.333333333333332,56.3,4,33.3,1,8.3,1.75,0.25,3,3,3.8,7,10.1,7,7,1,100,4,4,-1,-1,0,0,0,0,0,0,0,0,95.8,1,10,0,0,1,100,0,0,0,0,0,0,0,0,0,0,20,1.55,0.097,50,50,0,0,1.7,1.7,1.7,1.65,0.05,0.42,0.41,1.7
2023,530,Quentin Johnston,LAC,WR,1,2,TEN,18.91891891891892,22.22222222222222,15.4,7,31.8,2,9.1,1,0.29,11.5,23,8.3,7,3.8,3.5,7,1,50,0,0,0,0,0,0.14,0,1,1,0,0,0,58.3,2,10.5,0,0,2,100,0,0,0,0,2,1,50,0,0,0,28.6,-5.08,-0.271,71.4,28.6,0,0,1.7,2.9,1.7,2.88,-1.18,0.24,0.41,2.9
2023,531,Ronnie Bell,SF,WR,1,4,ARZ,33.33333333333333,50,17,2,28.6,1,14.3,3.5,0.5,-3,-3,-3,7,5.2,7,7,1,100,10,10,1,1,0,0.02,0,0,0,0,0,0,95.8,1,16.7,1,100,1,100,0,0,0,0,0,0,0,0,0,0,50,2.06,0.216,100,0,0,0,1.7,1.8,1.7,1.76,-0.06,0.85,0.88,1.8
2023,532,Rakim Jarrett,TB,WR,1,2,CHI,60,50,23.5,3,17.6,1,5.9,2.33,0.33,5,5,2.2,7,2.7,7,7,1,100,2,2,1,1,0,0.01,0,0,0,0,0,0,95.8,1,8.3,0,0,1,100,0,0,0,0,0,0,0,0,0,0,33.3,0.64,0.36,66.7,33.3,0,0,1.7,1.8,1.7,1.8,-0.1,0.57,0.6,1.8
2023,533,Jayden Reed,GB,WR,1,5,LV,12.195121951219512,11.11111111111111,49.1,5,50,1,10,1.4,0.2,-3,-3,-1.7,7,25.9,7,7,1,100,10,10,4,4,0,0.01,0,0,0,0,0,0,95.8,1,11.1,1,100,1,100,0,0,0,0,0,0,0,0,0,0,20,2.06,0.16,20,80,0,0,1.7,1.6,1.7,1.56,0.14,0.34,0.31,1.6
2023,534,Robert Woods,HST,WR,1,6,NO,7.8125,10,61.7,5,62.5,2,25,1.2,0.4,6,12,14.6,6,16.2,3,6,1,50,0,0,0,0,1,0.97,100,1,1,1,1,0.2,95.8,1,25,0,0,1,50,0,0,0,0,0,0,0,0,0,0,33.3,-3.78,0.68,60,40,0,0,7.6,7.3,7.6,7.33,0.27,1.52,1.47,7.3
2023,535,Odell Beckham,BLT,WR,1,5,PIT,31.03448275862069,25,52.2,9,60,3,20,0.67,0.33,16,48,22.7,6,8.6,2,6,1,33.3,0,0,0,0,0,0.04,0,2,2,0,0,0,2.8,3,23.1,0,0,1,33.3,1,0,0,0,1,1,100,0,0,0,30,-7.49,-1.599,88.9,11.1,0,0,1.6,1.5,1.6,1.5,0.1,0.18,0.17,1.5
2023,536,Sterling Shepard,NYG,WR,1,4,SEA,12.5,33.33333333333333,6.8,1,10,1,10,6,1,4,4,8,6,9.2,6,6,1,100,2,2,0,0,0,0,0,0,0,0,0,0,91.7,1,11.1,0,0,1,100,0,0,0,0,0,0,0,0,0,0,100,-0.05,-0.406,100,0,0,0,1.6,1.9,1.6,1.91,-0.31,1.6,1.91,1.9
2023,537,Chris Moore,TEN,WR,1,6,BLT,18.181818181818183,20,34.8,4,57.1,1,14.3,1.5,0.25,-2,-2,-3,6,11.8,6,6,1,100,8,8,1,1,0,0.01,0,1,0,0,0,0,91.7,1,16.7,1,100,1,100,0,0,0,0,0,0,0,0,0,0,25,0.5,-0.739,25,75,0,0,1.6,1.4,1.6,1.43,0.17,0.4,0.36,1.4
2023,538,Hunter Henry,NE,TE,1,2,MIA,27.659574468085108,50,91.5,13,68.4,1,5.3,0.46,0.08,9,9,4.2,6,5.8,6,6,1,100,0,0,0,0,1,0.8,100,1,1,1,1,0.077,131.3,0,0,0,0,1,100,0,0,0,0,1,1,100,0,0,0,5.6,-1.26,1.689,15.4,38.5,46.2,0,7.6,5.7,7.6,5.73,1.87,0.58,0.44,5.7
2023,539,Curtis Samuel,WAS,WR,1,5,CHI,23.809523809523807,11.11111111111111,69.7,15,78.9,1,5.3,0.4,0.07,4,4,1.7,6,3.6,6,6,1,100,2,2,2,2,0,0,0,0,0,0,0,0,91.7,1,6.3,0,0,1,100,0,0,0,0,0,0,0,0,1,1,6.7,-0.05,0.342,26.7,73.3,0,0,1.6,1.6,1.6,1.63,-0.03,0.11,0.11,1.6
2023,540,Marquez Valdes-Scantling,KC,WR,1,4,NYJ,9.30232558139535,14.285714285714285,51.5,4,66.7,1,16.7,1.5,0.25,5,5,35.7,6,14.6,6,6,1,100,1,1,0,0,0,0.01,0,0,0,0,1,0.25,91.7,1,33.3,0,0,1,100,0,0,0,0,0,0,0,0,0,0,25,-0.36,1.14,25,75,0,0,1.6,1.9,1.6,1.87,-0.27,0.4,0.47,1.9
2023,541,Darius Slayton,NYG,WR,1,6,BUF,18.64406779661017,4.761904761904762,89,11,100,1,9.1,0.55,0.09,6,6,6.3,6,9.7,6,6,1,100,0,0,0,0,0,0.01,0,0,0,0,0,0,91.7,1,12.5,0,0,1,100,0,0,0,0,0,0,0,0,0,0,9.1,-0.95,0.069,18.2,72.7,9.1,0,1.6,1.9,1.6,1.86,-0.26,0.15,0.17,1.9
2023,542,Cole Kmet,CHI,TE,1,5,WAS,19.444444444444446,25,82.8,7,58.3,1,8.3,0.86,0.14,5,5,3.5,6,2.7,6,6,1,100,1,1,1,1,0,0.02,0,0,0,0,0,0,91.7,1,9.1,0,0,1,100,0,0,0,0,0,0,0,0,0,0,12.5,-0.48,0.245,14.3,28.6,57.1,0,1.6,1.9,1.6,1.88,-0.28,0.23,0.27,1.9
2023,543,Rashod Bateman,BLT,WR,1,3,IND,34.61538461538461,25,69.4,9,64.3,3,21.4,0.67,0.33,13,39,40.6,6,9.1,2,6,1,33.3,0,0,0,0,0,0,0,0,0,0,1,0.111,42.4,3,23.1,0,0,1,33.3,1,0,0,0,0,0,0,0,0,0,30,-5.2,-0.125,100,0,0,0,1.6,1.8,1.6,1.83,-0.23,0.18,0.2,1.8
2023,544,DeVonta Smith,PHI,WR,1,5,LA,12.5,13.333333333333334,93.6,11,100,4,36.4,0.55,0.36,9.75,39,25,6,5.9,1.5,6,1,25,0,0,0,0,0,0.5,0,1,1,0,0,0,39.6,2,25,0,0,2,50,0,0,0,0,1,0,0,0,0,0,36.4,-6.66,-0.422,72.7,27.3,0,0,1.6,5.8,1.6,5.84,-4.24,0.15,0.53,5.8
2023,545,Elijah Moore,CLV,WR,1,6,SF,21.428571428571427,7.6923076923076925,81.4,12,92.3,1,7.7,0.5,0.08,2,2,1.2,6,5.1,6,6,1,100,4,4,0,0,0,0,0,0,0,0,0,0,91.7,0,0,0,0,1,100,0,0,0,0,0,0,0,0,0,0,8.3,0.67,-0.834,33.3,66.7,0,0,1.6,1.7,1.6,1.7,-0.1,0.13,0.14,1.7
2023,546,Samori Toure,GB,WR,1,2,ATL,27.27272727272727,28.57142857142857,46.8,6,54.5,2,18.2,1,0.33,10,20,16.8,6,8.3,3,6,1,50,-1,-1,0,0,0,0,0,0,0,0,1,0.167,56.3,2,20,0,0,2,100,0,0,0,0,0,0,0,0,0,0,33.3,-4.99,-0.833,66.7,16.7,16.7,0,1.6,3.4,1.6,3.42,-1.82,0.27,0.57,3.4
2023,547,Justyn Ross,KC,WR,1,1,DET,11.11111111111111,16.666666666666664,9.7,1,6.3,1,6.3,6,1,6,6,2.9,6,10.2,6,6,1,100,0,0,0,0,0,0,0,0,0,0,0,0,91.7,1,11.1,0,0,1,100,0,0,0,0,1,1,100,0,0,0,50,-0.95,0.196,100,0,0,0,1.6,1.2,1.6,1.22,0.38,1.6,1.22,1.2
2023,548,Deven Thompkins,TB,WR,1,3,PHI,14.814814814814813,57.14285714285714,20.5,4,28.6,4,28.6,1.5,1,11.75,47,28.8,6,10.3,1.5,3,2,50,2,1,1,0.5,0,0.03,0,1,0,0,0,0,56.3,3,27.3,1,25,2,50,1,0,0,0,1,1,100,0,0,0,100,-7.8,-0.553,100,0,0,0,2.6,2.4,2.6,2.41,0.19,0.65,0.6,2.4
2023,549,Trey McBride,ARZ,TE,1,6,LA,42.10526315789473,100,58.9,8,47.1,1,5.9,0.75,0.13,4,4,1.5,6,6.9,6,6,1,100,2,2,2,2,0,0,0,0,0,0,0,0,91.7,1,7.7,0,0,1,100,0,0,0,0,0,0,0,0,0,0,11.1,-0.07,0.296,12.5,62.5,25,0,1.6,1.7,1.6,1.68,-0.08,0.2,0.21,1.7
2023,550,Chigoziem Okonkwo,TEN,TE,1,4,CIN,21.21212121212121,50,66.1,7,70,1,10,0.86,0.14,3,3,1.4,6,5,6,6,1,100,3,3,2,2,0,0,0,0,0,0,0,0,91.7,1,14.3,0,0,1,100,0,0,0,0,0,0,0,0,0,0,11.1,-0.32,-0.714,28.6,42.9,28.6,0,1.6,1.7,1.6,1.7,-0.1,0.23,0.24,1.7
2023,551,Tyquan Thornton,NE,WR,1,6,LV,100,100,39.3,7,58.3,2,16.7,0.86,0.29,26,52,40.9,6,6.4,3,6,1,50,-1,-1,-1,-1,0,0,0,0,0,0,0,0,56.3,2,16.7,0,0,1,50,1,0,0,0,1,1,100,0,0,0,25,-8.03,-0.184,85.7,14.3,0,0,1.6,1.4,1.6,1.39,0.21,0.23,0.2,1.4
2023,552,Christian Watson,GB,WR,1,5,LV,66.66666666666666,71.42857142857143,84.2,6,60,5,50,1,0.83,29.6,148,84.6,6,22.2,1.2,6,1,20,1,1,0,0,0,0.03,0,0,1,0,0,0,0,4,44.4,0,0,2,40,3,0,1,20,1,0,0,0,0,0,71.4,-10.86,-1.735,83.3,0,16.7,0,1.6,4.5,1.6,4.51,-2.91,0.27,0.75,4.5
2023,553,Dalton Kincaid,BUF,TE,1,1,NYJ,28.26086956521739,50,79.4,13,72.2,1,5.6,0.46,0.08,-1,-1,-0.6,6,4,6,6,1,100,7,7,3,3,0,0,0,0,0,0,0,0,91.7,0,0,0,0,1,100,0,0,0,0,0,0,0,0,0,0,7.1,1.1,0.208,15.4,76.9,7.7,0,1.6,1.6,1.6,1.61,-0.01,0.12,0.12,1.6
2023,554,Jayden Reed,GB,WR,1,4,DET,21.951219512195124,22.22222222222222,66,9,56.3,2,12.5,0.67,0.22,9,18,9,6,4.3,3,6,1,50,1,1,1,1,0,0.19,0,1,1,0,0,0,56.3,2,13.3,0,0,2,100,0,0,0,0,1,0,0,0,0,0,20,-4.64,-0.118,22.2,77.8,0,0,1.6,3.4,1.6,3.36,-1.76,0.18,0.37,3.4
2023,555,Marvin Jones,DET,WR,1,6,TB,14.285714285714285,11.11111111111111,27.5,5,38.5,1,7.7,1,0.2,6,6,5.7,5,3.9,5,5,1,100,-1,-1,0,0,0,0.04,0,0,0,0,1,0.2,87.5,1,8.3,0,0,1,100,0,0,0,0,0,0,0,0,0,0,20,-1.95,0.21,100,0,0,0,1.5,2.1,1.5,2.07,-0.57,0.3,0.41,2.1
2023,556,Zach Ertz,ARZ,TE,1,2,NYG,12.068965517241379,16.666666666666664,68.3,7,77.8,1,11.1,0.71,0.14,2,2,1.8,5,7,5,5,1,100,3,3,1,1,0,0,0,0,0,0,0,0,87.5,0,0,0,0,1,100,0,0,0,0,0,0,0,0,0,0,14.3,-1.37,-0.38,14.3,71.4,14.3,0,1.5,1.7,1.5,1.71,-0.21,0.21,0.24,1.7
2023,557,Allen Robinson,PIT,WR,1,2,CLV,18.64406779661017,22.22222222222222,86.8,11,100,2,18.2,0.45,0.18,5.5,11,10.6,5,4,2.5,5,1,50,0,0,0,0,0,0,0,0,0,0,0,0,56.3,2,22.2,0,0,1,50,0,0,0,0,0,0,0,0,0,0,18.2,-4.16,-0.414,27.3,72.7,0,0,1.5,1.7,1.5,1.73,-0.23,0.14,0.16,1.7
2023,558,Justin Watson,KC,WR,1,4,NYJ,11.76470588235294,10,59.1,4,66.7,1,16.7,1.25,0.25,3,3,21.4,5,12.2,5,5,1,100,2,2,2,2,0,0.01,0,0,0,0,0,0,87.5,0,0,0,0,1,100,0,0,0,0,0,0,0,0,0,0,25,-0.45,0.127,75,25,0,0,1.5,1.7,1.5,1.75,-0.25,0.38,0.44,1.7
2023,559,Brandon Powell,MIN,WR,1,3,LAC,6.666666666666667,20,6.4,1,6.3,1,6.3,5,1,5,5,3,5,3.4,5,5,1,100,0,0,0,0,0,0.01,0,0,0,0,0,0,87.5,1,6.7,0,0,1,100,0,0,0,0,0,0,0,0,0,0,100,-1.36,0.101,100,0,0,0,1.5,1.8,1.5,1.77,-0.27,1.5,1.77,1.8
2023,560,Christian Kirk,JAX,WR,1,2,KC,17.391304347826086,18.181818181818183,81.3,12,75,2,12.5,0.42,0.17,1,2,1.1,5,9.3,2.5,5,1,50,7,7,3,3,0,0,0,0,0,0,0,0,56.3,2,15.4,1,50,1,50,0,0,0,0,0,0,0,0,0,0,15.4,-3.27,-0.369,25,75,0,0,1.5,1.5,1.5,1.54,-0.04,0.13,0.13,1.5
2023,561,Mike Gesicki,NE,TE,1,6,LV,13.157894736842104,33.33333333333333,60.7,5,41.7,1,8.3,1,0.2,4,4,3.1,5,5.3,5,5,1,100,1,1,1,1,0,0.01,0,0,0,0,1,0.2,87.5,1,8.3,0,0,1,100,0,0,0,0,0,0,0,0,0,0,16.7,-1.07,0.514,20,80,0,0,1.5,1.7,1.5,1.69,-0.19,0.3,0.34,1.7
2023,562,Miles Boykin,PIT,WR,1,2,CLV,50,50,7.5,2,18.2,1,9.1,2.5,0.5,4,4,3.8,5,4,5,5,1,100,1,1,1,1,0,0,0,0,0,0,0,0,87.5,1,11.1,0,0,1,100,0,0,0,0,0,0,0,0,0,0,50,-1.05,-0.687,100,0,0,0,1.5,1.7,1.5,1.74,-0.24,0.75,0.87,1.7
2023,563,Juwan Johnson,NO,TE,1,3,GB,32.432432432432435,33.33333333333333,70,12,63.2,1,5.3,0.42,0.08,4,4,1.6,5,4.1,5,5,1,100,1,1,1,1,0,0.01,0,0,0,0,0,0,87.5,1,5.9,0,0,1,100,0,0,0,0,0,0,0,0,0,0,7.1,-1.07,0.148,16.7,75,8.3,0,1.5,1.8,1.5,1.77,-0.27,0.13,0.15,1.8
2023,564,John Bates,WAS,TE,1,3,BUF,52.94117647058824,50,58.8,9,64.3,1,7.1,0.56,0.11,5,5,3.4,5,5.4,5,5,1,100,0,0,0,0,0,0,0,0,0,0,0,0,87.5,1,9.1,0,0,1,100,0,0,0,0,0,0,0,0,0,0,10,-1.48,-0.068,11.1,77.8,11.1,0,1.5,1.6,1.5,1.65,-0.15,0.17,0.18,1.6
2023,565,Kadarius Toney,KC,WR,1,6,DEN,17.391304347826086,23.076923076923077,41.4,4,33.3,3,25,1.25,0.75,4.67,14,15.2,5,3.8,1.67,5,1,33.3,1,1,0,0,0,0.01,0,0,0,0,0,0,42.4,3,30,0,0,1,33.3,0,0,0,0,0,0,0,0,0,0,75,-4.68,-0.273,75,0,0,25,1.5,1.8,1.5,1.8,-0.3,0.38,0.45,1.8
2023,566,Rondale Moore,ARZ,WR,1,6,LA,18.96551724137931,25,65.8,11,64.7,1,5.9,0.45,0.09,-4,-4,-1.5,5,5.7,5,5,1,100,9,9,0,0,0,0,0,0,0,0,0,0,87.5,0,0,0,0,1,100,0,0,0,0,0,0,0,0,0,0,9.1,0.51,0.129,18.2,54.5,0,27.3,1.5,1.5,1.5,1.52,-0.02,0.14,0.14,1.5
2023,567,David Bell,CLV,WR,1,2,PIT,33.33333333333333,50,13.6,3,17.6,1,5.9,1.67,0.33,4,4,1.4,5,5,5,5,1,100,1,1,1,1,0,0.01,0,0,0,0,1,0.333,87.5,1,6.7,0,0,1,100,0,0,0,0,0,0,0,0,0,0,33.3,-1.05,1.268,33.3,33.3,33.3,0,1.5,1.8,1.5,1.78,-0.28,0.5,0.59,1.8
2023,568,Alec Pierce,IND,WR,1,1,JAX,12.5,13.636363636363635,91.3,8,66.7,3,25,0.63,0.38,7.33,22,28.6,5,5.3,1.67,5,1,33.3,1,1,0,0,0,0,0,1,1,0,1,0.125,42.4,2,20,0,0,1,33.3,0,0,0,0,0,0,0,0,0,0,33.3,-5.44,-0.287,100,0,0,0,1.5,1.8,1.5,1.76,-0.26,0.19,0.22,1.8
2023,569,Derius Davis,LAC,WR,1,1,MIA,25,100,3.9,1,7.1,1,7.1,5,1,-4,-4,-2.8,5,5.8,5,5,1,100,9,9,3,3,0,0,0,0,0,0,0,0,87.5,1,8.3,1,100,1,100,0,0,0,0,0,0,0,0,0,0,100,0.51,0.135,100,0,0,0,1.5,1.5,1.5,1.47,0.03,1.5,1.47,1.5
2023,570,Jake Bobo,SEA,WR,1,3,CAR,28.57142857142857,66.66666666666666,40.8,4,25,2,12.5,1.25,0.5,9,18,8.3,5,2.6,2.5,5,1,50,0,0,0,0,1,0.86,100,2,1,1,1,0.25,95.8,1,8.3,0,0,1,50,0,0,0,0,1,1,100,0,0,0,50,-5.14,0.902,100,0,0,0,7.5,6.1,7.5,6.11,1.39,1.88,1.53,6.1
2023,571,Cedric Tillman,CLV,WR,1,4,BLT,42.857142857142854,100,21.5,3,23.1,3,23.1,1.67,1,17.67,53,25.5,5,20,1.67,5,1,33.3,1,1,1,1,0,0.01,0,2,2,0,1,0.333,2.8,2,25,0,0,1,33.3,2,0,0,0,0,0,0,0,0,0,100,-8.3,-0.925,100,0,0,0,1.5,1.5,1.5,1.52,-0.02,0.5,0.51,1.5
2023,572,Josh Downs,IND,WR,1,2,HST,9.836065573770492,14.285714285714285,75,6,50,1,8.3,0.83,0.17,1,1,1.1,5,7.1,5,5,1,100,4,4,0,0,0,0,0,0,0,0,1,0.167,87.5,1,9.1,0,0,1,100,0,0,0,0,0,0,0,0,0,0,12.5,-0.12,1.51,16.7,83.3,0,0,1.5,1.6,1.5,1.64,-0.14,0.25,0.27,1.6
2023,573,Sam LaPorta,DET,TE,1,4,GB,20,9.090909090909092,80.8,10,71.4,1,7.1,0.5,0.1,-3,-3,-2.5,5,4.2,5,5,1,100,8,8,5,5,0,0.1,0,1,0,0,0,0,87.5,1,9.1,1,100,1,100,0,0,0,0,0,0,0,0,0,0,9.1,-0.87,0.336,10,50,40,0,1.5,2,1.5,2.05,-0.55,0.15,0.2,2
2023,574,Marquise Goodwin,CLV,WR,1,6,SF,23.076923076923077,28.57142857142857,20,3,23.1,2,15.4,1.33,0.67,12,24,14,4,3.4,2,4,1,50,1,1,0,0,0,0,0,0,0,0,0,0,56.3,2,16.7,0,0,1,50,1,0,0,0,0,0,0,0,0,0,66.7,-6.34,-0.779,66.7,33.3,0,0,1.4,1.7,1.4,1.74,-0.34,0.47,0.58,1.7
2023,575,Nelson Agholor,BLT,WR,1,4,CLV,10.81081081081081,25,74.5,4,100,1,25,1,0.25,3,3,5.2,4,7.4,4,4,1,100,1,1,0,0,0,0.01,0,0,0,0,0,0,83.3,1,50,0,0,1,100,0,0,0,0,0,0,0,0,0,0,25,-1.45,-0.402,75,25,0,0,1.4,1.9,1.4,1.85,-0.45,0.35,0.46,1.9
2023,576,Tyler Conklin,NYJ,TE,1,6,PHI,24.242424242424242,25,69.5,8,50,1,6.3,0.5,0.13,4,4,2.6,4,4.6,4,4,1,100,0,0,0,0,0,0.01,0,0,0,0,0,0,83.3,0,0,0,0,1,100,0,0,0,0,1,1,100,0,0,0,9.1,-2.07,-2.227,12.5,62.5,25,0,1.4,0.9,1.4,0.87,0.53,0.17,0.11,0.9
2023,577,Byron Pringle,WAS,WR,1,2,DEN,20,25,19.7,2,16.7,1,8.3,2,0.5,2,2,1.8,4,3.3,4,4,1,100,2,2,1,1,0,0.01,0,0,0,0,0,0,83.3,0,0,0,0,1,100,0,0,0,0,0,0,0,0,0,0,50,-1.33,-0.033,50,50,0,0,1.4,1.7,1.4,1.71,-0.31,0.7,0.86,1.7
2023,578,Dallas Goedert,PHI,TE,1,2,MIN,15.714285714285714,42.857142857142854,96,11,84.6,3,23.1,0.36,0.27,7.67,23,12,4,2.6,1.33,2,2,66.7,2,1,1,0.5,0,0.04,0,0,0,0,0,0,70.1,3,25,1,33.3,3,100,1,0,0,0,1,1,100,0,0,0,23.1,-7.1,-0.42,27.3,36.4,36.4,0,2.4,6.5,2.4,6.48,-4.08,0.22,0.59,6.5
2023,579,Ray-Ray McCloud,SF,WR,1,6,CLV,52.94117647058824,50,69.1,9,81.8,1,9.1,0.44,0.11,5,5,3.4,4,5,4,4,1,100,-1,-1,-1,-1,0,0.01,0,0,0,0,0,0,83.3,0,0,0,0,1,100,0,0,0,0,0,0,0,0,0,0,11.1,-2.36,-0.189,77.8,22.2,0,0,1.4,1.8,1.4,1.77,-0.37,0.16,0.2,1.8
2023,580,Brandon Powell,MIN,WR,1,6,CHI,46.666666666666664,40,58.2,7,70,2,20,0.57,0.29,3.5,7,6.7,4,5.5,2,4,1,50,2,2,1,1,0,0,0,0,0,0,0,0,56.3,2,25,0,0,2,100,0,0,0,0,1,0,0,0,0,0,25,-3.85,-0.912,28.6,71.4,0,0,1.4,2.5,1.4,2.52,-1.12,0.2,0.36,2.5
2023,581,Scott Miller,ATL,WR,1,6,WAS,53.84615384615385,100,35.4,7,33.3,2,9.5,0.57,0.29,5.5,11,4.3,4,2.8,2,4,1,50,0,0,0,0,0,0,0,0,0,0,0,0,56.3,2,10.5,0,0,1,50,0,0,0,0,1,1,100,0,0,0,28.6,-4.56,-0.352,85.7,14.3,0,0,1.4,1.1,1.4,1.12,0.28,0.2,0.16,1.1
2023,582,Isaiah Hodgins,NYG,WR,1,5,MIA,20.588235294117645,10,39.7,7,58.3,1,8.3,0.57,0.14,4,4,3.3,4,4.4,4,4,1,100,0,0,0,0,0,0.01,0,0,0,0,0,0,83.3,1,9.1,0,0,1,100,0,0,0,0,0,0,0,0,0,0,14.3,-2.05,0.066,100,0,0,0,1.4,1.6,1.4,1.65,-0.25,0.2,0.24,1.6
2023,583,Adam Trautman,DEN,TE,1,6,KC,6.382978723404255,50,69.4,3,42.9,1,14.3,1.33,0.33,-2,-2,-2.7,4,8,4,4,1,100,6,6,3,3,0,0,0,0,0,0,0,0,83.3,0,0,0,0,1,100,0,0,0,0,0,0,0,0,0,0,20,-0.85,-1.603,0,0,100,0,1.4,1.5,1.4,1.53,-0.13,0.47,0.51,1.5
2023,584,Cole Turner,WAS,TE,1,3,BUF,31.57894736842105,50,56.9,6,42.9,3,21.4,0.67,0.5,8.33,25,16.8,4,4.3,1.33,4,1,33.3,0,0,0,0,0,0,0,2,2,0,0,0,42.4,3,27.3,0,0,1,33.3,0,0,0,0,0,0,0,0,0,0,50,-6.6,-1.155,50,50,0,0,1.4,1.6,1.4,1.61,-0.21,0.23,0.27,1.6
2023,585,Brandon Johnson,DEN,WR,1,4,CHI,10,8.333333333333332,35.4,4,36.4,1,9.1,1,0.25,12,12,11.2,4,3.4,4,4,1,100,0,0,0,0,1,0.72,50,1,1,1,1,0.25,122.9,0,0,0,0,1,100,0,0,0,0,0,0,0,0,0,0,20,-5.05,1.11,75,25,0,0,7.4,5.4,7.4,5.41,1.99,1.85,1.35,5.4
2023,586,Romeo Doubs,GB,WR,1,5,LV,13.333333333333334,10,86,8,80,3,30,0.5,0.38,6.67,20,11.4,4,14.8,1.33,4,1,33.3,5,5,2,2,0,0.01,0,1,1,0,1,0.125,42.4,3,33.3,1,33.3,2,66.7,0,0,1,33.3,0,0,0,0,0,0,33.3,-6.2,-0.494,100,0,0,0,1.4,3.6,1.4,3.56,-2.16,0.17,0.44,3.6
2023,587,Dalton Kincaid,BUF,TE,1,3,WAS,15.217391304347828,50,49.2,7,53.8,1,7.7,0.57,0.14,3,3,1.3,4,2.8,4,4,1,100,1,1,1,1,0,0,0,0,0,0,0,0,83.3,1,10,0,0,1,100,0,0,0,0,0,0,0,0,0,0,11.1,-2.32,-0.368,14.3,28.6,57.1,0,1.4,1.6,1.4,1.63,-0.23,0.2,0.23,1.6
2023,588,Marvin Mims,DEN,WR,1,5,NYJ,8.695652173913043,9.090909090909092,33.3,2,28.6,1,14.3,2,0.5,-4,-4,-5.1,4,12.1,4,4,1,100,8,8,1,1,0,0.57,0,1,0,0,0,0,83.3,1,25,1,100,1,100,0,0,0,0,0,0,0,0,0,0,50,-0.49,-0.853,100,0,0,0,1.4,4.8,1.4,4.81,-3.41,0.7,2.41,4.8
2023,589,Luke Musgrave,GB,TE,1,1,CHI,25.53191489361702,100,75,12,80,2,13.3,0.33,0.17,18,36,17.5,4,4.3,2,4,1,50,0,0,0,0,0,0,0,0,0,0,0,0,56.3,2,15.4,0,0,1,50,1,0,0,0,0,0,0,0,0,0,14.3,-7.48,-0.34,25,41.7,33.3,0,1.4,1.7,1.4,1.71,-0.31,0.12,0.14,1.7
2023,590,Adam Thielen,CAR,WR,1,1,ATL,12.987012987012985,5.555555555555555,88.9,10,90.9,1,9.1,0.3,0.1,3,3,1.9,3,7.7,3,3,1,100,0,0,0,0,0,0,0,0,0,0,0,0,79.2,1,16.7,0,0,1,100,0,0,0,0,0,0,0,0,0,0,9.1,-2.45,-0.223,20,80,0,0,1.3,1.6,1.3,1.63,-0.33,0.13,0.16,1.6
2023,591,Noah Brown,HST,WR,1,6,NO,29.629629629629626,60,55,8,100,3,37.5,0.38,0.38,8.33,25,30.5,3,8.1,1,3,1,33.3,5,5,3,3,0,0,0,1,1,0,0,0,42.4,1,25,1,33.3,1,33.3,0,0,0,0,0,0,0,0,0,0,37.5,-7.31,-1.214,75,25,0,0,1.3,1.6,1.3,1.55,-0.25,0.16,0.19,1.6
2023,592,Trent Sherfield,BUF,WR,1,5,JAX,5.263157894736842,25,16.7,1,4.8,1,4.8,3,1,3,3,0.9,3,1.1,3,3,1,100,0,0,0,0,0,0,0,0,0,0,0,0,79.2,0,0,0,0,1,100,0,0,0,0,1,1,100,0,0,0,50,-2.45,1.099,100,0,0,0,1.3,0.8,1.3,0.76,0.54,1.3,0.76,0.8
2023,593,Michael Gallup,DAL,WR,1,2,NYJ,10,6.25,72.3,6,60,2,20,0.5,0.33,9,18,15.4,3,3.3,1.5,3,1,50,0,0,0,0,0,0.01,0,1,0,0,0,0,56.3,1,25,0,0,1,50,0,0,0,0,2,1,50,0,0,0,28.6,-6.43,-0.887,100,0,0,0,1.3,0.8,1.3,0.77,0.53,0.22,0.13,0.8
2023,594,Deonte Harty,BUF,WR,1,1,NYJ,19.047619047619047,25,22.1,4,22.2,1,5.6,0.75,0.25,-3,-3,-1.8,3,2,3,3,1,100,6,6,1,1,0,0,0,0,0,0,0,0,79.2,0,0,0,0,1,100,0,0,0,0,0,0,0,0,0,0,25,-1.94,-0.229,25,50,0,25,1.3,1.6,1.3,1.56,-0.26,0.33,0.39,1.6
2023,595,Kadarius Toney,KC,WR,1,5,MIN,21.73913043478261,15.384615384615385,39.1,5,41.7,2,16.7,0.6,0.4,-3,-6,-7.5,3,4.3,1.5,1.5,2,100,9,4.5,0,0,0,0,0,0,0,0,0,0,79.2,2,20,2,100,2,100,0,0,0,0,0,0,0,0,0,0,40,-3.49,-0.57,40,60,0,0,2.3,3.1,2.3,3.15,-0.85,0.46,0.63,3.1
2023,596,Rashid Shaheed,NO,WR,1,5,NE,7.6923076923076925,5.555555555555555,58.6,5,62.5,1,12.5,0.6,0.2,4,4,3.6,3,4.9,3,3,1,100,-1,-1,0,0,0,0,0,0,0,0,0,0,79.2,1,16.7,0,0,1,100,0,0,0,0,0,0,0,0,0,0,20,-3.05,-0.338,40,60,0,0,1.3,1.8,1.3,1.8,-0.5,0.26,0.36,1.8
2023,597,Jaxon Smith-Njigba,SEA,WR,1,1,LA,18,30,58.7,9,81.8,3,27.3,0.33,0.33,-1,-3,-2.8,3,4.6,1,1.5,2,66.7,9,4.5,1,0.5,0,0,0,0,0,0,0,0,70.1,1,16.7,1,33.3,2,66.7,0,0,0,0,0,0,0,0,0,0,33.3,-4.11,-0.82,33.3,66.7,0,0,2.3,3.1,2.3,3.14,-0.84,0.26,0.35,3.1
2023,598,Jaxon Smith-Njigba,SEA,WR,1,4,NYG,14.000000000000002,10,52.9,7,70,1,10,0.43,0.14,2,2,2.1,3,3.2,3,3,1,100,1,1,0,0,0,0,0,0,0,0,0,0,79.2,0,0,0,0,1,100,0,0,0,0,0,0,0,0,0,0,14.3,-2.33,-0.306,14.3,85.7,0,0,1.3,1.8,1.3,1.8,-0.5,0.19,0.26,1.8
2023,599,Andrei Iosivas,CIN,WR,1,6,SEA,20,33.33333333333333,15.1,2,16.7,1,8.3,1.5,0.5,6,6,3.8,3,5.6,3,3,1,100,0,0,0,0,1,0.97,50,1,1,1,1,0.5,118.8,0,0,0,0,1,100,0,0,0,0,0,0,0,0,0,0,50,-3.95,0.853,100,0,0,0,7.3,7.1,7.3,7.12,0.18,3.65,3.56,7.1
2023,600,Demario Douglas,NE,WR,1,4,DAL,27.77777777777778,66.66666666666666,32.7,5,35.7,2,14.3,0.6,0.4,3,6,4.7,3,3.5,1.5,3,1,50,6,6,1,1,0,0,0,0,0,0,0,0,56.3,1,20,1,50,1,50,0,0,0,0,0,0,0,0,0,0,33.3,-4.7,-0.887,40,60,0,0,1.3,1.6,1.3,1.58,-0.28,0.26,0.32,1.6
2023,601,Rakim Jarrett,TB,WR,1,4,NO,0,50,17.9,0,0,1,0,3,1,-4,-4,0,3,0,3,3,1,100,7,7,2,2,0,0,0,0,0,0,0,0,79.2,1,0,1,100,1,100,0,0,0,0,0,0,0,0,0,0,0,-1.49,-0.186,0,0,0,0,1.3,1.5,1.3,1.51,-0.21,0,0,1.5
2023,602,JuJu Smith-Schuster,NE,WR,1,5,NO,17.142857142857142,6.666666666666667,49,6,50,1,8.3,0.33,0.17,-3,-3,-1.6,2,3.1,2,2,1,100,5,5,2,2,0,0,0,0,0,0,0,0,79.2,1,8.3,1,100,1,100,0,0,0,0,0,0,0,0,0,0,16.7,-2.94,-0.314,33.3,66.7,0,0,1.2,1.6,1.2,1.57,-0.37,0.2,0.26,1.6
2023,603,Dawson Knox,BUF,TE,1,2,LV,11.538461538461538,20,71.6,6,50,1,8.3,0.33,0.17,10,10,9.3,2,1.4,2,2,1,100,0,0,0,0,1,0.98,100,1,1,1,1,0.167,118.8,1,11.1,0,0,1,100,0,0,0,0,0,0,0,0,0,0,12.5,-5.77,1.069,33.3,16.7,50,0,7.2,7.1,7.2,7.05,0.15,1.2,1.18,7.1
2023,604,Kwamie Lassiter,CIN,WR,1,5,ARZ,100,100,6.3,1,4,1,4,2,1,-2,-2,-0.8,2,1,2,2,1,100,4,4,1,1,0,0.02,0,0,0,0,0,0,79.2,1,5,1,100,1,100,0,0,0,0,0,0,0,0,0,0,100,-3.5,0.222,100,0,0,0,1.2,1.7,1.2,1.71,-0.51,1.2,1.71,1.7
2023,605,John Metchie,HST,WR,1,3,JAX,7.6923076923076925,33.33333333333333,26.8,1,8.3,1,8.3,2,1,0,0,0,2,1.1,2,2,1,100,2,2,-1,-1,0,0,0,0,0,0,0,0,79.2,1,9.1,1,100,1,100,0,0,0,0,0,0,0,0,1,1,100,-4.04,-0.97,100,0,0,0,1.2,1.6,1.2,1.64,-0.44,1.2,1.64,1.6
2023,606,Wan'Dale Robinson,NYG,WR,1,5,MIA,27.27272727272727,20,66.2,6,50,1,8.3,0.33,0.17,2,2,1.7,2,2.2,2,2,1,100,0,0,0,0,0,0,0,0,0,0,0,0,79.2,0,0,0,0,1,100,0,0,0,0,0,0,0,0,0,0,16.7,-3.33,-1.389,16.7,83.3,0,0,1.2,1.6,1.2,1.62,-0.42,0.2,0.27,1.6
2023,607,Curtis Samuel,WAS,WR,1,1,ARZ,19.047619047619047,11.11111111111111,64.6,12,92.3,1,7.7,0.08,0.08,-4,-4,-4.1,1,1.3,1,1,1,100,5,5,1,1,0,0,0,0,0,0,0,0,79.2,1,10,1,100,1,100,0,0,0,0,0,0,0,0,0,0,8.3,-3.49,-0.515,16.7,83.3,0,0,1.1,1.5,1.1,1.52,-0.42,0.09,0.13,1.5
2023,608,Ray-Ray McCloud,SF,WR,1,5,DAL,5.88235294117647,50,19.4,1,11.1,1,11.1,1,1,-1,-1,-0.9,1,1.1,1,1,1,100,2,2,0,0,0,0.01,0,0,0,0,0,0,79.2,1,12.5,1,100,1,100,0,0,0,0,0,0,0,0,0,0,100,-5.17,-1.056,100,0,0,0,1.1,1.5,1.1,1.52,-0.42,1.1,1.52,1.5
2023,609,Noah Gray,KC,TE,1,6,DEN,18.91891891891892,20,55.7,7,58.3,1,8.3,0.14,0.14,-1,-1,-1.1,1,0.8,1,1,1,100,2,2,0,0,0,0.01,0,0,0,0,0,0,79.2,0,0,0,0,1,100,0,0,0,0,0,0,0,0,0,0,14.3,-3.9,-0.528,28.6,57.1,14.3,0,1.1,1.7,1.1,1.74,-0.64,0.16,0.25,1.7
2023,610,Kadarius Toney,KC,WR,1,1,DET,26.08695652173913,30.76923076923077,25.8,6,37.5,4,25,0.17,0.67,8.5,34,16.3,1,1.7,0.25,1,1,25,5,5,2,2,0,0.14,0,1,0,0,0,0,0,2,22.2,1,25,3,75,0,0,2,50,0,0,0,0,1,1,66.7,-8.1,-2.387,83.3,16.7,0,0,1.1,6.5,1.1,6.54,-5.44,0.18,1.09,6.5
2023,611,Rondale Moore,ARZ,WR,1,1,WAS,15.517241379310345,25,69,9,81.8,1,9.1,0.11,0.11,-2,-2,-1.6,1,2.1,1,1,1,100,3,3,-1,-1,0,0,0,0,0,0,0,0,79.2,1,9.1,1,100,1,100,0,0,0,0,0,0,0,0,0,0,11.1,-4.5,-0.786,22.2,66.7,0,11.1,1.1,1.6,1.1,1.56,-0.46,0.12,0.17,1.6
2023,612,Trey Palmer,TB,WR,1,4,NO,28.947368421052634,50,74.6,11,68.8,2,12.5,0.09,0.18,12.5,25,19.1,1,0.7,0.5,1,1,50,0,0,0,0,1,0.71,100,1,1,1,1,0.091,95.8,2,14.3,0,0,2,100,0,0,0,0,2,1,50,1,0,0,15.4,-8.48,0.292,45.5,54.5,0,0,7.1,6.4,7.1,6.42,0.68,0.65,0.58,6.4
2023,613,Jimmy Graham,NO,TE,1,2,CAR,20,0,12.2,3,15.8,0,0,0,0,,0,0,0,0,,,0,,0,,0,,0,0,0,0,0,0,0,0,,0,0,0,,0,,0,,0,,0,0,,0,0,,0,,,0,66.7,33.3,0,0,0,0,0,0,0,0,0
2023,614,Jimmy Graham,NO,TE,1,4,TB,33.33333333333333,0,62.3,5,38.5,0,0,0,0,,0,0,0,0,,,0,,0,,0,,0,0,0,0,0,0,0,0,,0,0,0,,0,,0,,0,,0,0,,0,0,,0,,,40,40,20,0,0,0,0,0,0,0,0,0
2023,615,Jimmy Graham,NO,TE,1,5,NE,6.666666666666667,0,37.1,1,12.5,0,0,0,0,,0,0,0,0,,,0,,0,,0,,0,0,0,0,0,0,0,0,,0,0,0,,0,,0,,0,,0,0,,0,0,,0,,,0,0,100,0,0,0,0,0,0,0,0,0
2023,616,Jimmy Graham,NO,TE,1,6,HST,13.333333333333334,0,17.9,2,15.4,0,0,0,0,,0,0,0,0,,,0,,0,,0,,0,0,0,0,0,0,0,0,,0,0,0,,0,,0,,0,,0,0,,0,0,,0,,,0,50,50,0,0,0,0,0,0,0,0,0
2023,617,Randall Cobb,NYJ,WR,1,1,BUF,12.5,0,41.5,3,50,0,0,0,0,,0,0,0,0,,,0,,0,,0,,0,0,0,0,0,0,0,0,,0,0,0,,0,,0,,0,,0,0,,0,0,,0,,,0,100,0,0,0,0,0,0,0,0,0,0
2023,618,Randall Cobb,NYJ,WR,1,2,DAL,8.333333333333332,0,50,2,22.2,0,0,0,0,,0,0,0,0,,,0,,0,,0,,0,0,0,0,0,0,0,0,,0,0,0,,0,,0,,0,,0,0,,0,0,,0,,,0,100,0,0,0,0,0,0,0,0,0,0
2023,619,Randall Cobb,NYJ,WR,1,3,NE,16.666666666666664,0,70.5,4,57.1,0,0,0,0,,0,0,0,0,,,0,,0,,0,,0,0,0,0,0,0,0,0,,0,0,0,,0,,0,,0,,0,0,,0,0,,0,,,0,100,0,0,0,0,0,0,0,0,0,0
2023,620,Randall Cobb,NYJ,WR,1,4,KC,8.333333333333332,0,38.6,2,20,0,0,0,0,,0,0,0,0,,,0,,0,,0,,0,0,0,0,0,0,0,0,,0,0,0,,0,,0,,0,,0,0,,0,0,,0,,,0,100,0,0,0,0,0,0,0,0,0,0
2023,621,Randall Cobb,NYJ,WR,1,5,DEN,25,50,35.5,6,66.7,1,11.1,0,0.17,3,3,2.9,0,0,0,0,0,0,0,0,0,0,0,0,0,1,0,0,0,0,39.6,1,12.5,0,0,0,0,0,0,0,0,0,0,0,0,0,0,16.7,-5.45,-0.653,50,50,0,0,0,0,0,-0.03,0.03,0,0,0
2023,622,Randall Cobb,NYJ,WR,1,6,PHI,29.166666666666668,50,54.2,7,43.8,1,6.3,0,0.14,3,3,2,0,0,0,0,0,0,0,0,0,0,0,0.01,0,0,0,0,0,0,39.6,0,0,0,0,1,100,0,0,0,0,1,0,0,0,0,0,12.5,-5.45,-0.715,28.6,71.4,0,0,0,0.8,0,0.79,-0.79,0,0.11,0.8
2023,623,Marvin Jones,DET,WR,1,2,SEA,17.142857142857142,0,50,6,54.5,0,0,0,0,,0,0,0,0,,,0,,0,,0,,0,0,0,0,0,0,0,0,,0,0,0,,0,,0,,0,,0,0,,0,0,,0,,,50,50,0,0,0,0,0,0,0,0,0,0
2023,624,Marvin Jones,DET,WR,1,3,ATL,2.857142857142857,0,39.1,1,10,0,0,0,0,,0,0,0,0,,,0,,0,,0,,0,0,0,0,0,0,0,0,,0,0,0,,0,,0,,0,,0,0,,0,0,,0,,,0,100,0,0,0,0,0,0,0,0,0,0
2023,625,Marvin Jones,DET,WR,1,4,GB,17.142857142857142,11.11111111111111,27.4,6,42.9,1,7.1,0,0.17,7,7,5.9,0,0,0,0,0,0,0,0,0,0,0,0,0,1,0,0,0,0,39.6,0,0,0,0,0,0,0,0,0,0,0,0,0,0,0,0,16.7,-7.06,-0.423,66.7,33.3,0,0,0,0,0,-0.03,0.03,0,0,0
2023,626,Zach Ertz,ARZ,TE,1,1,WAS,15.517241379310345,16.666666666666664,77.6,9,81.8,1,9.1,0,0.11,9,9,7.3,0,0,0,0,0,0,0,0,0,0,0,0.06,0,1,0,0,0,0,39.6,1,9.1,0,0,1,100,0,0,0,0,0,0,0,0,0,0,11.1,-7.26,-0.796,11.1,66.7,22.2,0,0,2,0,1.97,-1.97,0,0.22,2
2023,627,Zach Ertz,ARZ,TE,1,3,DAL,6.896551724137931,0,60.4,4,57.1,0,0,0,0,,0,0,0,0,,,0,,0,,0,,0,0,0,0,0,0,0,0,,0,0,0,,0,,0,,0,,0,0,,0,0,,0,,,0,75,25,0,0,0,0,0,0,0,0,0
2023,628,Zach Ertz,ARZ,TE,1,5,CIN,17.24137931034483,16.666666666666664,75.4,10,90.9,1,9.1,0,0.1,10,10,7,0,0,0,0,0,0,0,0,0,0,0,0,0,0,0,0,0,0,39.6,1,33.3,0,0,0,0,0,0,0,0,1,0,0,0,0,0,9.1,-7.77,-0.545,30,60,10,0,0,0,0,0,0,0,0,0
2023,629,Zach Ertz,ARZ,TE,1,6,LA,13.793103448275861,16.666666666666664,46.6,8,47.1,1,5.9,0,0.13,12,12,4.5,0,0,0,0,0,0,0,0,0,0,0,0,0,0,0,0,0,0,39.6,0,0,0,0,0,0,0,0,0,0,0,0,0,0,0,0,12.5,-8.67,-2.047,12.5,75,12.5,0,0,0,0,0.01,-0.01,0,0,0
2023,630,Marquise Goodwin,CLV,WR,1,1,CIN,15.384615384615385,28.57142857142857,13.9,2,22.2,2,22.2,0,1,43.5,87,50,0,0,0,0,0,0,0,0,0,0,0,0.49,0,0,0,0,0,0,39.6,2,22.2,0,0,2,100,2,0,0,0,2,0,0,0,0,0,100,-15,-1.063,100,0,0,0,0,7.7,0,7.69,-7.69,0,3.85,7.7
2023,631,Marquise Goodwin,CLV,WR,1,2,PIT,30.76923076923077,28.57142857142857,16,4,23.5,2,11.8,0,0.5,43,86,29.4,0,0,0,0,0,0,0,0,0,0,0,0,0,0,1,0,0,0,39.6,2,13.3,0,0,0,0,2,0,0,0,0,0,0,0,0,0,50,-12.48,-0.653,100,0,0,0,0,-0.1,0,-0.09,0.09,0,-0.02,-0.1
2023,632,Marquise Goodwin,CLV,WR,1,3,TEN,15.384615384615385,0,7.5,2,14.3,0,0,0,0,,0,0,0,0,,,0,,0,,0,,0,0,0,0,0,0,0,0,,0,0,0,,0,,0,,0,,0,0,,0,0,,0,,,50,50,0,0,0,0,0,0,0,0,0,0
2023,633,Marquise Goodwin,CLV,WR,1,4,BLT,15.384615384615385,14.285714285714285,6.2,2,15.4,1,7.7,0,0.5,-2,-2,-1,0,0,0,0,1,100,2,2,2,2,0,0,0,0,0,0,0,0,79.2,0,0,0,0,1,100,0,0,0,0,0,0,0,0,0,0,50,-5.5,-0.594,50,50,0,0,1,1.6,1,1.55,-0.55,0.5,0.78,1.6
2023,634,Travis Kelce,KC,TE,1,2,JAX,24.137931034482758,25,64.1,7,43.8,2,12.5,0,0.29,8.5,17,9.9,0,0,0,0,0,0,0,0,0,0,0,0.4,0,1,1,0,0,0,39.6,2,14.3,0,0,2,100,0,0,0,0,2,0,0,0,0,0,22.2,-7.92,-0.694,28.6,28.6,42.9,0,0,4.4,0,4.38,-4.38,0,0.63,4.4
2023,635,Travis Kelce,KC,TE,1,3,CHI,24.137931034482758,0,61.3,7,50,0,0,0,0,,0,0,0,0,,,0,,0,,0,,0,0,0,0,0,0,0,0,,0,0,0,,0,,0,,0,,0,0,,0,0,,0,,,0,57.1,28.6,14.3,0,0,0,0,0,0,0,0
2023,636,Logan Thomas,WAS,TE,1,2,DEN,10.416666666666668,0,40.9,5,41.7,0,0,0,0,,0,0,0,0,,,0,,0,,0,,0,0,0,0,0,0,0,0,,0,0,0,,0,,0,,0,,0,0,,0,0,,0,,,40,60,0,0,0,0,0,0,0,0,0,0
2023,637,Logan Thomas,WAS,TE,1,4,PHI,25,0,78.4,12,60,0,0,0,0,,0,0,0,0,,,0,,0,,0,,0,0,0,0,0,0,0,0,,0,0,0,,0,,0,,0,,0,0,,0,0,,0,,,8.3,66.7,25,0,0,0,0,0,0,0,0,0
2023,638,Logan Thomas,WAS,TE,1,6,ATL,16.666666666666664,0,80,8,66.7,0,0,0,0,,0,0,0,0,,,0,,0,,0,,0,0,0,0,0,0,0,0,,0,0,0,,0,,0,,0,,0,0,,0,0,,0,,,25,62.5,12.5,0,0,0,0,0,0,0,0,0
2023,639,Allen Robinson,PIT,WR,1,1,SF,25.423728813559322,0,88.5,15,93.8,0,0,0,0,,0,0,0,0,,,0,,0,,0,,0,0,0,0,0,0,0,0,,0,0,0,,0,,0,,0,,0,0,,0,0,,0,,,6.7,93.3,0,0,0,0,0,0,0,0,0,0
2023,640,Chris Manhertz,DEN,TE,1,1,LV,50,0,41.4,2,18.2,0,0,0,0,,0,0,0,0,,,0,,0,,0,,0,0,0,0,0,0,0,0,,0,0,0,,0,,0,,0,,0,0,,0,0,,0,,,0,50,50,0,0,0,0,0,0,0,0,0
2023,641,Chris Manhertz,DEN,TE,1,2,WAS,25,0,32.3,1,8.3,0,0,0,0,,0,0,0,0,,,0,,0,,0,,0,0,0,0,0,0,0,0,,0,0,0,,0,,0,,0,,0,0,,0,0,,0,,,0,100,0,0,0,0,0,0,0,0,0,0
2023,642,Chris Manhertz,DEN,TE,1,5,NYJ,25,0,21.1,1,14.3,0,0,0,0,,0,0,0,0,,,0,,0,,0,,0,0,0,0,0,0,0,0,,0,0,0,,0,,0,,0,,0,0,,0,0,,0,,,0,100,0,0,0,0,0,0,0,0,0,0
2023,643,Amari Cooper,CLV,WR,1,4,BLT,18.51851851851852,13.793103448275861,80,10,76.9,4,30.8,0,0.4,27.5,110,52.9,0,0,0,0,0,0,0,0,0,0,0,0,0,0,0,0,0,0,39.6,3,37.5,0,0,0,0,3,0,0,0,0,0,0,0,0,0,40,-11.26,-0.831,90,10,0,0,0,0.1,0,0.1,-0.1,0,0.01,0.1
2023,644,Nelson Agholor,BLT,WR,1,1,HST,8.108108108108109,0,39.7,3,27.3,0,0,0,0,,0,0,0,0,,,0,,0,,0,,0,0,0,0,0,0,0,0,,0,0,0,,0,,0,,0,,0,0,,0,0,,0,,,33.3,33.3,33.3,0,0,0,0,0,0,0,0,0
2023,645,Nelson Agholor,BLT,WR,1,2,CIN,5.405405405405405,25,30,2,22.2,1,11.1,0,0.5,48,48,36.4,0,0,0,0,0,0,0,0,0,0,0,0,0,0,1,0,0,0,39.6,1,12.5,0,0,0,0,1,0,0,0,0,0,0,0,0,0,50,-15,-0.55,50,50,0,0,0,-0.1,0,-0.07,0.07,0,-0.04,-0.1
2023,646,Nelson Agholor,BLT,WR,1,6,TEN,24.324324324324326,0,52.9,9,69.2,0,0,0,0,,0,0,0,0,,,0,,0,,0,,0,0,0,0,0,0,0,0,,0,0,0,,0,,0,,0,,0,0,,0,0,,0,,,11.1,88.9,0,0,0,0,0,0,0,0,0,0
2023,647,MyCole Pruitt,ATL,TE,1,2,GB,33.33333333333333,0,46.2,2,11.8,0,0,0,0,,0,0,0,0,,,0,,0,,0,,0,0,0,0,0,0,0,0,,0,0,0,,0,,0,,0,,0,0,,0,0,,0,,,0,0,100,0,0,0,0,0,0,0,0,0
2023,648,MyCole Pruitt,ATL,TE,1,3,DET,50,0,26.2,3,23.1,0,0,0,0,,0,0,0,0,,,0,,0,,0,,0,0,0,0,0,0,0,0,,0,0,0,,0,,0,,0,,0,0,,0,0,,0,,,0,0,100,0,0,0,0,0,0,0,0,0
2023,649,MyCole Pruitt,ATL,TE,1,4,JAX,16.666666666666664,0,33.3,1,8.3,0,0,0,0,,0,0,0,0,,,0,,0,,0,,0,0,0,0,0,0,0,0,,0,0,0,,0,,0,,0,,0,0,,0,0,,0,,,100,0,0,0,0,0,0,0,0,0,0,0
2023,650,Darren Waller,NYG,TE,1,6,BUF,12.962962962962962,5.88235294117647,91.8,7,63.6,1,9.1,0,0.14,9,9,9.5,0,0,0,0,0,0,0,0,0,0,0,0.5,0,1,1,0,0,0,39.6,1,12.5,0,0,1,100,0,0,0,0,1,0,0,0,0,0,12.5,-7.26,-4.07,14.3,85.7,0,0,0,3.6,0,3.58,-3.58,0,0.51,3.6
2023,651,DeAndre Carter,LV,WR,1,1,DEN,22.22222222222222,0,16.4,2,11.1,0,0,0,0,,0,0,0,0,,,0,,0,,0,,0,0,0,0,0,0,0,0,,0,0,0,,0,,0,,0,,0,0,,0,0,,0,,,0,100,0,0,0,0,0,0,0,0,0,0
2023,652,DeAndre Carter,LV,WR,1,2,BUF,11.11111111111111,0,20.5,1,14.3,0,0,0,0,,0,0,0,0,,,0,,0,,0,,0,0,0,0,0,0,0,0,,0,0,0,,0,,0,,0,,0,0,,0,0,,0,,,0,100,0,0,0,0,0,0,0,0,0,0
2023,653,DeAndre Carter,LV,WR,1,4,LAC,11.11111111111111,0,11.6,1,5.9,0,0,0,0,,0,0,0,0,,,0,,0,,0,,0,0,0,0,0,0,0,0,,0,0,0,,0,,0,,0,,0,0,,0,0,,0,,,0,100,0,0,0,0,0,0,0,0,0,0
2023,654,DeAndre Carter,LV,WR,1,6,NE,22.22222222222222,50,9.2,2,13.3,1,6.7,0,0.5,3,3,1.8,0,0,0,0,0,0,0,0,0,0,0,0,0,0,0,0,0,0,39.6,1,7.1,0,0,1,100,0,0,1,100,0,0,0,0,0,0,50,-5.45,-0.891,50,50,0,0,0,1.6,0,1.56,-1.56,0,0.78,1.6
2023,655,Jamison Crowder,WAS,WR,1,5,CHI,100,0,12.1,3,15.8,0,0,0,0,,0,0,0,0,,,0,,0,,0,,0,0,0,0,0,0,0,0,,0,0,0,,0,,0,,0,,0,0,,0,0,,0,,,0,100,0,0,0,0,0,0,0,0,0,0
2023,656,Blake Bell,KC,TE,1,1,DET,33.33333333333333,100,40.3,2,12.5,1,6.3,0,0.5,8,8,3.8,0,0,0,0,0,0,0,0,0,0,0,0,0,0,0,0,0,0,39.6,0,0,0,0,1,100,0,0,0,0,1,0,0,0,0,0,20,-7.72,-0.885,50,0,50,0,0,1,0,0.95,-0.95,0,0.48,1
2023,657,Blake Bell,KC,TE,1,2,JAX,16.666666666666664,0,21.9,1,6.3,0,0,0,0,,0,0,0,0,,,0,,0,,0,,0,0,0,0,0,0,0,0,,0,0,0,,0,,0,,0,,0,0,,0,0,,0,,,0,0,100,0,0,0,0,0,0,0,0,0
2023,658,Blake Bell,KC,TE,1,5,MIN,16.666666666666664,0,29.7,1,8.3,0,0,0,0,,0,0,0,0,,,0,,0,,0,,0,0,0,0,0,0,0,0,,0,0,0,,0,,0,,0,,0,0,,0,0,,0,,,0,0,100,0,0,0,0,0,0,0,0,0
2023,659,Blake Bell,KC,TE,1,6,DEN,33.33333333333333,0,20,2,16.7,0,0,0,0,,0,0,0,0,,,0,,0,,0,,0,0,0,0,0,0,0,0,,0,0,0,,0,,0,,0,,0,0,,0,0,,0,,,0,0,100,0,0,0,0,0,0,0,0,0
2023,660,C.J. Uzomah,NYJ,TE,1,1,BUF,5.555555555555555,0,54.7,1,16.7,0,0,0,0,,0,0,0,0,,,0,,0,,0,,0,0,0,0,0,0,0,0,,0,0,0,,0,,0,,0,,0,0,,0,0,,0,,,0,0,100,0,0,0,0,0,0,0,0,0
2023,661,C.J. Uzomah,NYJ,TE,1,2,DAL,11.11111111111111,0,30.4,2,22.2,0,0,0,0,,0,0,0,0,,,0,,0,,0,,0,0,0,0,0,0,0,0,,0,0,0,,0,,0,,0,,0,0,,0,0,,0,,,0,0,100,0,0,0,0,0,0,0,0,0
2023,662,C.J. Uzomah,NYJ,TE,1,3,NE,16.666666666666664,0,44.3,3,42.9,0,0,0,0,,0,0,0,0,,,0,,0,,0,,0,0,0,0,0,0,0,0,,0,0,0,,0,,0,,0,,0,0,,0,0,,0,,,0,66.7,33.3,0,0,0,0,0,0,0,0,0
2023,663,C.J. Uzomah,NYJ,TE,1,4,KC,16.666666666666664,0,35.1,3,30,0,0,0,0,,0,0,0,0,,,0,,0,,0,,0,0,0,0,0,0,0,0,,0,0,0,,0,,0,,0,,0,0,,0,0,,0,,,33.3,0,66.7,0,0,0,0,0,0,0,0,0
2023,664,C.J. Uzomah,NYJ,TE,1,6,PHI,33.33333333333333,0,39,6,37.5,0,0,0,0,,0,0,0,0,,,0,,0,,0,,0,0,0,0,0,0,0,0,,0,0,0,,0,,0,,0,,0,0,,0,0,,0,,,0,0,100,0,0,0,0,0,0,0,0,0
2023,665,Geoff Swaim,ARZ,TE,1,2,NYG,33.33333333333333,0,43.3,2,22.2,0,0,0,0,,0,0,0,0,,,0,,0,,0,,0,0,0,0,0,0,0,0,,0,0,0,,0,,0,,0,,0,0,,0,0,,0,,,50,0,50,0,0,0,0,0,0,0,0,0
2023,666,Geoff Swaim,ARZ,TE,1,3,DAL,33.33333333333333,0,54.7,2,28.6,0,0,0,0,,0,0,0,0,,,0,,0,,0,,0,0,0,0,0,0,0,0,,0,0,0,,0,,0,,0,,0,0,,0,0,,0,,,0,0,100,0,0,0,0,0,0,0,0,0
2023,667,Geoff Swaim,ARZ,TE,1,4,SF,16.666666666666664,0,25.4,1,4.8,0,0,0,0,,0,0,0,0,,,0,,0,,0,,0,0,0,0,0,0,0,0,,0,0,0,,0,,0,,0,,0,0,,0,0,,0,,,0,100,0,0,0,0,0,0,0,0,0,0
2023,668,Geoff Swaim,ARZ,TE,1,5,CIN,16.666666666666664,0,38.6,1,9.1,0,0,0,0,,0,0,0,0,,,0,,0,,0,,0,0,0,0,0,0,0,0,,0,0,0,,0,,0,,0,,0,0,,0,0,,0,,,0,0,100,0,0,0,0,0,0,0,0,0
2023,669,Ty Montgomery,NE,WR,1,1,PHI,20,0,9,1,5.3,0,0,0,0,,0,0,0,0,,,0,,0,,0,,0,0,0,0,0,0,0,0,,0,0,0,,0,,0,,0,,0,0,,0,0,,0,,,0,100,0,0,0,0,0,0,0,0,0,0
2023,670,Ty Montgomery,NE,WR,1,4,DAL,20,0,1.8,1,7.1,0,0,0,0,,0,0,0,0,,,0,,0,,0,,0,0,0,0,0,0,0,0,,0,0,0,,0,,0,,0,,0,0,,0,0,,0,,,0,100,0,0,0,0,0,0,0,0,0,0
2023,671,Ty Montgomery,NE,WR,1,5,NO,60,0,27.5,3,25,0,0,0,0,,0,0,0,0,,,0,,0,,0,,0,0,0,0,0,0,0,0,,0,0,0,,0,,0,,0,,0,0,,0,0,,0,,,0,100,0,0,0,0,0,0,0,0,0,0
2023,672,Phillip Dorsett,DEN,WR,1,1,LV,100,100,8.6,1,9.1,1,9.1,0,1,22,22,19.8,0,0,0,0,0,0,0,0,0,0,0,0.07,0,0,0,0,0,0,39.6,1,14.3,0,0,1,100,1,0,0,0,0,0,0,0,0,0,100,-11.92,-0.82,100,0,0,0,0,4.1,0,4.13,-4.13,0,4.13,4.1
2023,673,Sterling Shepard,NYG,WR,1,1,DAL,50,33.33333333333333,16.9,4,33.3,1,8.3,0,0.25,11,11,8.5,0,0,0,0,0,0,0,0,0,0,0,0,0,0,0,0,0,0,39.6,1,12.5,0,0,1,100,0,0,0,0,1,0,0,0,0,0,25,-8.32,-0.838,50,50,0,0,0,1.1,0,1.08,-1.08,0,0.27,1.1
2023,674,Sterling Shepard,NYG,WR,1,5,MIA,37.5,33.33333333333333,26.5,3,25,1,8.3,0,0.33,3,3,2.5,0,0,0,0,0,0,0,0,0,0,0,0,0,0,0,0,0,0,39.6,1,9.1,0,0,1,100,0,0,1,100,0,0,0,0,0,0,33.3,-5.45,-0.664,33.3,66.7,0,0,0,1.6,0,1.62,-1.62,0,0.54,1.6
2023,675,Austin Hooper,LV,TE,1,1,DEN,15.384615384615385,0,52.7,8,44.4,0,0,0,0,,0,0,0,0,,,0,,0,,0,,0,0,0,0,0,0,0,0,,0,0,0,,0,,0,,0,,0,0,,0,0,,0,,,0,25,75,0,0,0,0,0,0,0,0,0
2023,676,Austin Hooper,LV,TE,1,2,BUF,7.6923076923076925,0,43.6,4,57.1,0,0,0,0,,0,0,0,0,,,0,,0,,0,,0,0,0,0,0,0,0,0,,0,0,0,,0,,0,,0,,0,0,,0,0,,0,,,0,75,25,0,0,0,0,0,0,0,0,0
2023,677,Austin Hooper,LV,TE,1,3,PIT,34.61538461538461,0,76.1,18,58.1,0,0,0,0,,0,0,0,0,,,0,,0,,0,,0,0,0,0,0,0,0,0,,0,0,0,,0,,0,,0,,0,0,,0,0,,0,,,5.6,44.4,50,0,0,0,0,0,0,0,0,0
2023,678,Austin Hooper,LV,TE,1,4,LAC,21.153846153846153,0,49.3,11,64.7,0,0,0,0,,0,0,0,0,,,0,,0,,0,,0,0,0,0,0,0,0,0,,0,0,0,,0,,0,,0,,0,0,,0,0,,0,,,0,36.4,63.6,0,0,0,0,0,0,0,0,0
2023,679,Austin Hooper,LV,TE,1,5,GB,9.615384615384617,0,56.3,5,50,0,0,0,0,,0,0,0,0,,,0,,0,,0,,0,0,0,0,0,0,0,0,,0,0,0,,0,,0,,0,,0,0,,0,0,,0,,,0,20,80,0,0,0,0,0,0,0,0,0
2023,680,Chris Moore,TEN,WR,1,5,IND,18.181818181818183,0,60.3,4,33.3,0,0,0,0,,0,0,0,0,,,0,,0,,0,,0,0,0,0,0,0,0,0,,0,0,0,,0,,0,,0,,0,0,,0,0,,0,,,50,50,0,0,0,0,0,0,0,0,0,0
2023,681,Kalif Raymond,DET,WR,1,3,ATL,17.857142857142858,28.57142857142857,37.5,5,50,2,20,0,0.4,23,46,38.7,0,0,0,0,0,0,0,0,0,0,0,0,0,0,0,0,0,0,39.6,1,14.3,0,0,1,50,1,0,0,0,1,0,0,0,0,0,40,-10.52,-0.374,60,40,0,0,0,0.9,0,0.85,-0.85,0,0.17,0.9
2023,682,Kalif Raymond,DET,WR,1,4,GB,10.714285714285714,0,21.9,3,21.4,0,0,0,0,,0,0,0,0,,,0,,0,,0,,0,0,0,0,0,0,0,0,,0,0,0,,0,,0,,0,,0,0,,0,0,,0,,,33.3,66.7,0,0,0,0,0,0,0,0,0,0
2023,683,Robbie Chosen,MIA,WR,1,4,BUF,22.22222222222222,0,25.9,2,18.2,0,0,0,0,,0,0,0,0,,,0,,0,,0,,0,0,0,0,0,0,0,0,,0,0,0,,0,,0,,0,,0,0,,0,0,,0,,,50,50,0,0,0,0,0,0,0,0,0,0
2023,684,Robbie Chosen,MIA,WR,1,5,NYG,11.11111111111111,0,18.5,1,6.3,0,0,0,0,,0,0,0,0,,,0,,0,,0,,0,0,0,0,0,0,0,0,,0,0,0,,0,,0,,0,,0,0,,0,0,,0,,,100,0,0,0,0,0,0,0,0,0,0,0
2023,685,Demarcus Robinson,LA,WR,1,1,SEA,33.33333333333333,0,3.8,1,5,0,0,0,0,,0,0,0,0,,,0,,0,,0,,0,0,0,0,0,0,0,0,,0,0,0,,0,,0,,0,,0,0,,0,0,,0,,,0,100,0,0,0,0,0,0,0,0,0,0
2023,686,Demarcus Robinson,LA,WR,1,2,SF,33.33333333333333,0,7.7,1,4.3,0,0,0,0,,0,0,0,0,,,0,,0,,0,,0,0,0,0,0,0,0,0,,0,0,0,,0,,0,,0,,0,0,,0,0,,0,,,0,100,0,0,0,0,0,0,0,0,0,0
2023,687,Demarcus Robinson,LA,WR,1,3,CIN,33.33333333333333,0,1.9,1,7.7,0,0,0,0,,0,0,0,0,,,0,,0,,0,,0,0,0,0,0,0,0,0,,0,0,0,,0,,0,,0,,0,0,,0,0,,0,,,0,100,0,0,0,0,0,0,0,0,0,0
2023,688,Tyler Boyd,CIN,WR,1,1,CLV,14.457831325301203,12.5,85.2,12,100,1,8.3,0,0.08,4,4,2,0,0,0,0,0,0,0,0,0,0,0,0,0,0,0,0,0,0,39.6,1,8.3,0,0,1,100,0,0,0,0,1,0,0,0,0,0,8.3,-6.05,-0.715,8.3,91.7,0,0,0,0.8,0,0.82,-0.82,0,0.07,0.8
2023,689,Tyler Boyd,CIN,WR,1,3,LA,20.481927710843372,12.5,75.7,17,89.5,1,5.3,0,0.06,17,17,7.1,0,0,0,0,0,0,0,0,0,0,0,0.01,0,0,0,0,0,0,0,1,6.3,0,0,1,100,0,0,0,0,1,0,0,0,0,0,5.9,-11.67,-4.15,5.9,94.1,0,0,0,1.3,0,1.35,-1.35,0,0.08,1.3
2023,690,Tyler Boyd,CIN,WR,1,4,TEN,10.843373493975903,0,90.2,9,90,0,0,0,0,,0,0,0,0,,,0,,0,,0,,0,0,0,0,0,0,0,0,,0,0,0,,0,,0,,0,,0,0,,0,0,,0,,,0,100,0,0,0,0,0,0,0,0,0,0
2023,691,Hunter Henry,NE,TE,1,1,PHI,19.148936170212767,0,78.2,9,47.4,0,0,0,0,,0,0,0,0,,,0,,0,,0,,0,0,0,0,0,0,0,0,,0,0,0,,0,,0,,0,,0,0,,0,0,,0,,,0,77.8,22.2,0,0,0,0,0,0,0,0,0
2023,692,Hunter Henry,NE,TE,1,3,NYJ,8.51063829787234,0,85.5,4,57.1,0,0,0,0,,0,0,0,0,,,0,,0,,0,,0,0,0,0,0,0,0,0,,0,0,0,,0,,0,,0,,0,0,,0,0,,0,,,0,50,50,0,0,0,0,0,0,0,0,0
2023,693,Hunter Henry,NE,TE,1,4,DAL,17.02127659574468,0,80,8,57.1,0,0,0,0,,0,0,0,0,,,0,,0,,0,,0,0,0,0,0,0,0,0,,0,0,0,,0,,0,,0,,0,0,,0,0,,0,,,0,75,25,0,0,0,0,0,0,0,0,0
2023,694,Hunter Henry,NE,TE,1,5,NO,14.893617021276595,50,76.5,7,58.3,1,8.3,0,0.14,18,18,9.7,0,0,0,0,0,0,0,0,0,0,0,0,0,0,0,0,0,0,39.6,1,8.3,0,0,0,0,0,0,0,0,0,0,0,0,0,0,10,-12.97,-1.467,14.3,42.9,42.9,0,0,0,0,0,0,0,0,0
2023,695,Hunter Henry,NE,TE,1,6,LV,12.76595744680851,0,62.5,6,50,0,0,0,0,,0,0,0,0,,,0,,0,,0,,0,0,0,0,0,0,0,0,,0,0,0,,0,,0,,0,,0,0,,0,0,,0,,,0,33.3,66.7,0,0,0,0,0,0,0,0,0
2023,696,Tyler Higbee,LA,TE,1,1,SEA,19.230769230769234,0,91,15,75,0,0,0,0,,0,0,0,0,,,0,,0,,0,,0,0,0,0,0,0,0,0,,0,0,0,,0,,0,,0,,0,0,,0,0,,0,,,13.3,33.3,53.3,0,0,0,0,0,0,0,0,0
2023,697,Tyler Higbee,LA,TE,1,2,SF,23.076923076923077,0,93.6,18,78.3,0,0,0,0,,0,0,0,0,,,0,,0,,0,,0,0,0,0,0,0,0,0,,0,0,0,,0,,0,,0,,0,0,,0,0,,0,,,16.7,33.3,50,0,0,0,0,0,0,0,0,0
2023,698,Tyler Higbee,LA,TE,1,4,IND,17.94871794871795,0,94.9,14,82.4,0,0,0,0,,0,0,0,0,,,0,,0,,0,,0,0,0,0,0,0,0,0,,0,0,0,,0,,0,,0,,0,0,,0,0,,0,,,7.1,35.7,57.1,0,0,0,0,0,0,0,0,0
2023,699,Tyler Higbee,LA,TE,1,5,PHI,14.102564102564102,0,89.1,11,91.7,0,0,0,0,,0,0,0,0,,,0,,0,,0,,0,0,0,0,0,0,0,0,,0,0,0,,0,,0,,0,,0,0,,0,0,,0,,,18.2,27.3,54.5,0,0,0,0,0,0,0,0,0
2023,700,Tyler Higbee,LA,TE,1,6,ARZ,12.82051282051282,0,94.5,10,83.3,0,0,0,0,,0,0,0,0,,,0,,0,,0,,0,0,0,0,0,0,0,0,,0,0,0,,0,,0,,0,,0,0,,0,0,,0,,,20,30,50,0,0,0,0,0,0,0,0,0
2023,701,Mo Alie-Cox,IND,TE,1,1,JAX,25,0,40.6,2,16.7,0,0,0,0,,0,0,0,0,,,0,,0,,0,,0,0,0,0,0,0,0,0,,0,0,0,,0,,0,,0,,0,0,,0,0,,0,,,0,50,50,0,0,0,0,0,0,0,0,0
2023,702,Mo Alie-Cox,IND,TE,1,2,HST,37.5,0,41.1,3,25,0,0,0,0,,0,0,0,0,,,0,,0,,0,,0,0,0,0,0,0,0,0,,0,0,0,,0,,0,,0,,0,0,,0,0,,0,,,0,0,100,0,0,0,0,0,0,0,0,0
2023,703,Mo Alie-Cox,IND,TE,1,5,TEN,25,0,19.7,2,22.2,0,0,0,0,,0,0,0,0,,,0,,0,,0,,0,0,0,0,0,0,0,0,,0,0,0,,0,,0,,0,,0,0,,0,0,,0,,,0,0,100,0,0,0,0,0,0,0,0,0
2023,704,Mo Alie-Cox,IND,TE,1,6,JAX,12.5,0,10.7,1,4.2,0,0,0,0,,0,0,0,0,,,0,,0,,0,,0,0,0,0,0,0,0,0,,0,0,0,,0,,0,,0,,0,0,,0,0,,0,,,0,0,100,0,0,0,0,0,0,0,0,0
2023,705,Johnny Mundt,MIN,TE,1,2,PHI,14.285714285714285,0,1.8,1,5,0,0,0,0,,0,0,0,0,,,0,,0,,0,,0,0,0,0,0,0,0,0,,0,0,0,,0,,0,,0,,0,0,,0,0,,0,,,0,0,100,0,0,0,0,0,0,0,0,0
2023,706,Johnny Mundt,MIN,TE,1,3,LAC,14.285714285714285,0,7.7,1,6.3,0,0,0,0,,0,0,0,0,,,0,,0,,0,,0,0,0,0,0,0,0,0,,0,0,0,,0,,0,,0,,0,0,,0,0,,0,,,0,0,100,0,0,0,0,0,0,0,0,0
2023,707,Johnny Mundt,MIN,TE,1,4,CAR,14.285714285714285,0,15.9,1,12.5,0,0,0,0,,0,0,0,0,,,0,,0,,0,,0,0,0,0,0,0,0,0,,0,0,0,,0,,0,,0,,0,0,,0,0,,0,,,0,100,0,0,0,0,0,0,0,0,0,0
2023,708,Johnny Mundt,MIN,TE,1,5,KC,57.14285714285714,0,14.7,4,18.2,0,0,0,0,,0,0,0,0,,,0,,0,,0,,0,0,0,0,0,0,0,0,,0,0,0,,0,,0,,0,,0,0,,0,0,,0,,,50,25,25,0,0,0,0,0,0,0,0,0
2023,709,Zach Pascal,ARZ,WR,1,2,NYG,16.666666666666664,0,33.3,2,22.2,0,0,0,0,,0,0,0,0,,,0,,0,,0,,0,0,0,0,0,0,0,0,,0,0,0,,0,,0,,0,,0,0,,0,0,,0,,,50,50,0,0,0,0,0,0,0,0,0,0
2023,710,Zach Pascal,ARZ,WR,1,3,DAL,8.333333333333332,0,22.6,1,14.3,0,0,0,0,,0,0,0,0,,,0,,0,,0,,0,0,0,0,0,0,0,0,,0,0,0,,0,,0,,0,,0,0,,0,0,,0,,,0,100,0,0,0,0,0,0,0,0,0,0
2023,711,Zach Pascal,ARZ,WR,1,5,CIN,8.333333333333332,0,17.5,1,9.1,0,0,0,0,,0,0,0,0,,,0,,0,,0,,0,0,0,0,0,0,0,0,,0,0,0,,0,,0,,0,,0,0,,0,0,,0,,,100,0,0,0,0,0,0,0,0,0,0,0
2023,712,Zach Pascal,ARZ,WR,1,6,LA,16.666666666666664,20,13.7,2,11.8,1,5.9,0,0.5,19,19,7.2,0,0,0,0,0,0,0,0,0,0,0,0,0,0,0,0,0,0,39.6,0,0,0,0,0,0,0,0,0,0,0,0,0,0,0,0,50,-11.93,-0.705,100,0,0,0,0,0,0,-0.04,0.04,0,-0.02,0
2023,713,Darrell Daniels,DET,TE,1,5,CAR,100,0,25,1,11.1,0,0,0,0,,0,0,0,0,,,0,,0,,0,,0,0,0,0,0,0,0,0,,0,0,0,,0,,0,,0,,0,0,,0,0,,0,,,0,0,0,100,0,0,0,0,0,0,0,0
2023,714,Curtis Samuel,WAS,WR,1,2,DEN,9.523809523809524,0,59.1,6,50,0,0,0,0,,0,0,0,0,,,0,,0,,0,,0,0,0,0,0,0,0,0,,0,0,0,,0,,0,,0,,0,0,,0,0,,0,,,16.7,83.3,0,0,0,0,0,0,0,0,0,0
2023,715,George Kittle,SF,TE,1,1,PIT,18.6046511627907,0,68.2,8,72.7,0,0,0,0,,0,0,0,0,,,0,,0,,0,,0,0,0,0,0,0,0,0,,0,0,0,,0,,0,,0,,0,0,,0,0,,0,,,12.5,12.5,75,0,0,0,0,0,0,0,0,0
2023,716,George Kittle,SF,TE,1,2,LA,13.953488372093023,0,96.3,6,66.7,0,0,0,0,,0,0,0,0,,,0,,0,,0,,0,0,0,0,0,0,0,0,,0,0,0,,0,,0,,0,,0,0,,0,0,,0,,,0,33.3,66.7,0,0,0,0,0,0,0,0,0
2023,717,George Kittle,SF,TE,1,3,NYG,16.27906976744186,100,82.1,7,53.8,1,7.7,0,0.14,6,6,7.5,0,0,0,0,0,0,0,0,0,0,0,0,0,0,0,0,0,0,39.6,1,9.1,0,0,1,100,0,0,0,0,1,0,0,0,0,0,7.7,-7.09,-0.821,28.6,42.9,28.6,0,0,0.9,0,0.88,-0.88,0,0.13,0.9
2023,718,George Kittle,SF,TE,1,4,ARZ,13.953488372093023,0,96.2,6,85.7,0,0,0,0,,0,0,0,0,,,0,,0,,0,,0,0,0,0,0,0,0,0,,0,0,0,,0,,0,,0,,0,0,,0,0,,0,,,0,33.3,66.7,0,0,0,0,0,0,0,0,0
2023,719,George Kittle,SF,TE,1,5,DAL,11.627906976744185,0,77.6,5,55.6,0,0,0,0,,0,0,0,0,,,0,,0,,0,,0,0,0,0,0,0,0,0,,0,0,0,,0,,0,,0,,0,0,,0,0,,0,,,0,0,100,0,0,0,0,0,0,0,0,0
2023,720,George Kittle,SF,TE,1,6,CLV,25.581395348837212,0,98.2,11,100,0,0,0,0,,0,0,0,0,,,0,,0,,0,,0,0,0,0,0,0,0,0,,0,0,0,,0,,0,,0,,0,0,,0,0,,0,,,0,27.3,72.7,0,0,0,0,0,0,0,0,0
2023,721,Trent Taylor,CHI,WR,1,1,GB,16.666666666666664,0,5.7,1,12.5,0,0,0,0,,0,0,0,0,,,0,,0,,0,,0,0,0,0,0,0,0,0,,0,0,0,,0,,0,,0,,0,0,,0,0,,0,,,0,100,0,0,0,0,0,0,0,0,0,0
2023,722,Trent Taylor,CHI,WR,1,2,TB,66.66666666666666,0,41.2,4,40,0,0,0,0,,0,0,0,0,,,0,,0,,0,,0,0,0,0,0,0,0,0,,0,0,0,,0,,0,,0,,0,0,,0,0,,0,,,25,75,0,0,0,0,0,0,0,0,0,0
2023,723,Trent Taylor,CHI,WR,1,6,MIN,16.666666666666664,100,3.1,1,10,1,10,0,1,5,5,6,0,0,0,0,0,0,0,0,0,0,0,0,0,0,0,0,0,0,39.6,1,11.1,0,0,1,100,0,0,0,0,1,0,0,0,0,0,100,-6.36,-0.797,100,0,0,0,0,0.9,0,0.89,-0.89,0,0.89,0.9
2023,724,Pharaoh Brown,NE,TE,1,4,DAL,33.33333333333333,0,40,1,7.1,0,0,0,0,,0,0,0,0,,,0,,0,,0,,0,0,0,0,0,0,0,0,,0,0,0,,0,,0,,0,,0,0,,0,0,,0,,,0,0,100,0,0,0,0,0,0,0,0,0
2023,725,Pharaoh Brown,NE,TE,1,6,LV,66.66666666666666,0,32.1,2,16.7,0,0,0,0,,0,0,0,0,,,0,,0,,0,,0,0,0,0,0,0,0,0,,0,0,0,,0,,0,,0,,0,0,,0,0,,0,,,0,0,100,0,0,0,0,0,0,0,0,0
2023,726,Isaiah McKenzie,IND,WR,1,3,BLT,25,0,10.7,1,4.8,0,0,0,0,,0,0,0,0,,,0,,0,,0,,0,0,0,0,0,0,0,0,,0,0,0,,0,,0,,0,,0,0,,0,0,,0,,,100,0,0,0,0,0,0,0,0,0,0,0
2023,727,Isaiah McKenzie,IND,WR,1,5,TEN,25,0,11.5,1,11.1,0,0,0,0,,0,0,0,0,,,0,,0,,0,,0,0,0,0,0,0,0,0,,0,0,0,,0,,0,,0,,0,0,,0,0,,0,,,0,100,0,0,0,0,0,0,0,0,0,0
2023,728,Mack Hollins,ATL,WR,1,4,JAX,22.5,11.76470588235294,78.9,9,75,2,16.7,0,0.22,13.5,27,15.4,0,0,0,0,0,0,0,0,0,0,0,0,0,0,0,0,0,0,39.6,2,20,0,0,0,0,0,0,0,0,0,0,0,0,0,0,22.2,-9.36,-0.614,44.4,55.6,0,0,0,0,0,0.01,-0.01,0,0,0
2023,729,Jamal Agnew,JAX,WR,1,2,KC,25,0,37.5,6,37.5,0,0,0,0,,0,0,0,0,,,0,,0,,0,,0,0,0,0,0,0,0,0,,0,0,0,,0,,0,,0,,0,0,,0,0,,0,,,50,50,0,0,0,0,0,0,0,0,0,0
2023,730,Jamal Agnew,JAX,WR,1,5,BUF,8.333333333333332,0,12.2,2,11.8,0,0,0,0,,0,0,0,0,,,0,,0,,0,,0,0,0,0,0,0,0,0,,0,0,0,,0,,0,,0,,0,0,,0,0,,0,,,50,50,0,0,0,0,0,0,0,0,0,0
2023,731,Jamal Agnew,JAX,WR,1,6,IND,25,0,30.6,6,50,0,0,0,0,,0,0,0,0,,,0,,0,,0,,0,0,0,0,0,0,0,0,,0,0,0,,0,,0,,0,,0,0,,0,0,,0,,,33.3,66.7,0,0,0,0,0,0,0,0,0,0
2023,732,Robert Tonyan,CHI,TE,1,2,TB,30.76923076923077,0,35.3,4,40,0,0,0,0,,0,0,0,0,,,0,,0,,0,,0,0,0,0,0,0,0,0,,0,0,0,,0,,0,,0,,0,0,,0,0,,0,,,0,75,25,0,0,0,0,0,0,0,0,0
2023,733,Robert Tonyan,CHI,TE,1,3,KC,15.384615384615385,0,15.7,2,18.2,0,0,0,0,,0,0,0,0,,,0,,0,,0,,0,0,0,0,0,0,0,0,,0,0,0,,0,,0,,0,,0,0,,0,0,,0,,,0,100,0,0,0,0,0,0,0,0,0,0
2023,734,Robert Tonyan,CHI,TE,1,4,DEN,23.076923076923077,0,25.7,3,21.4,0,0,0,0,,0,0,0,0,,,0,,0,,0,,0,0,0,0,0,0,0,0,,0,0,0,,0,,0,,0,,0,0,,0,0,,0,,,0,100,0,0,0,0,0,0,0,0,0,0
2023,735,JuJu Smith-Schuster,NE,WR,1,3,NYJ,14.285714285714285,6.666666666666667,72.5,5,71.4,1,14.3,0,0.2,24,24,25.5,0,0,0,0,0,0,0,0,0,0,0,0,0,0,0,0,0,0,39.6,1,16.7,0,0,0,0,1,0,0,0,0,0,0,0,0,0,20,-11.75,-1.309,60,40,0,0,0,0,0,0.03,-0.03,0,0.01,0
2023,736,Jonnu Smith,ATL,TE,1,5,HST,18,0,64.9,9,69.2,0,0,0,0,,0,0,0,0,,,0,,0,,0,,0,0,0,0,0,0,0,0,,0,0,0,,0,,0,,0,,0,0,,0,0,,0,,,11.1,88.9,0,0,0,0,0,0,0,0,0,0
2023,737,Jonnu Smith,ATL,TE,1,6,WAS,24,0,51.9,12,57.1,0,0,0,0,,0,0,0,0,,,0,,0,,0,,0,0,0,0,0,0,0,0,,0,0,0,,0,,0,,0,,0,0,,0,0,,0,,,0,75,25,0,0,0,0,0,0,0,0,0
2023,738,Evan Engram,JAX,TE,1,4,ATL,7.6923076923076925,7.142857142857142,71.9,5,62.5,1,12.5,0,0.2,5,5,4.5,0,0,0,0,0,0,0,0,0,0,0,0,0,0,0,0,0,0,39.6,1,14.3,0,0,1,100,0,0,0,0,1,0,0,0,0,0,16.7,-6.48,-1.533,60,40,0,0,0,0.8,0,0.85,-0.85,0,0.17,0.8
2023,739,Evan Engram,JAX,TE,1,5,BUF,21.53846153846154,14.285714285714285,84.1,14,82.4,2,11.8,0,0.14,17,34,15.9,0,0,0,0,0,0,0,0,0,0,0,0.38,0,0,0,0,0,0,39.6,2,15.4,0,0,1,50,1,0,0,0,1,0,0,0,0,0,13.3,-8.85,-0.538,28.6,57.1,14.3,0,0,4.4,0,4.38,-4.38,0,0.31,4.4
2023,740,David Njoku,CLV,TE,1,1,CIN,13.333333333333334,0,72.2,6,66.7,0,0,0,0,,0,0,0,0,,,0,,0,,0,,0,0,0,0,0,0,0,0,,0,0,0,,0,,0,,0,,0,0,,0,0,,0,,,0,66.7,33.3,0,0,0,0,0,0,0,0,0
2023,741,David Njoku,CLV,TE,1,2,PIT,28.888888888888886,0,84,13,76.5,0,0,0,0,,0,0,0,0,,,0,,0,,0,,0,0,0,0,0,0,0,0,,0,0,0,,0,,0,,0,,0,0,,0,0,,0,,,15.4,38.5,46.2,0,0,0,0,0,0,0,0,0
2023,742,David Njoku,CLV,TE,1,3,TEN,15.555555555555555,0,74.6,7,50,0,0,0,0,,0,0,0,0,,,0,,0,,0,,0,0,0,0,0,0,0,0,,0,0,0,,0,,0,,0,,0,0,,0,0,,0,,,0,42.9,57.1,0,0,0,0,0,0,0,0,0
2023,743,David Njoku,CLV,TE,1,4,BLT,20,0,67.7,9,69.2,0,0,0,0,,0,0,0,0,,,0,,0,,0,,0,0,0,0,0,0,0,0,,0,0,0,,0,,0,,0,,0,0,,0,0,,0,,,0,55.6,44.4,0,0,0,0,0,0,0,0,0
2023,744,David Njoku,CLV,TE,1,6,SF,22.22222222222222,0,81.4,10,76.9,0,0,0,0,,0,0,0,0,,,0,,0,,0,,0,0,0,0,0,0,0,0,,0,0,0,,0,,0,,0,,0,0,,0,0,,0,,,0,50,50,0,0,0,0,0,0,0,0,0
2023,745,Zay Jones,JAX,WR,1,2,KC,33.33333333333333,33.33333333333333,64.1,11,68.8,4,25,0,0.36,17.5,70,40,0,0,0,0,0,0,0,0,0,0,0,0.83,0,1,1,0,0,0,39.6,3,23.1,0,0,1,25,2,0,0,0,0,0,0,0,0,0,33.3,-9.85,-0.717,54.5,45.5,0,0,0,6.7,0,6.7,-6.7,0,0.61,6.7
2023,746,Gerald Everett,LAC,TE,1,1,MIA,12.121212121212121,33.33333333333333,68.4,4,28.6,1,7.1,0,0.25,6,6,4.2,0,0,0,0,0,0,0,0,0,0,0,0,0,0,0,0,0,0,39.6,0,0,0,0,1,100,0,0,0,0,0,0,0,0,0,0,10,-7.09,-0.24,25,50,25,0,0,1.3,0,1.25,-1.25,0,0.31,1.3
2023,747,Gerald Everett,LAC,TE,1,2,TEN,18.181818181818183,0,41.5,6,27.3,0,0,0,0,,0,0,0,0,,,0,,0,,0,,0,0,0,0,0,0,0,0,,0,0,0,,0,,0,,0,,0,0,,0,0,,0,,,0,16.7,66.7,16.7,0,0,0,0,0,0,0,0
2023,748,Gerald Everett,LAC,TE,1,4,LV,12.121212121212121,0,69.8,4,36.4,0,0,0,0,,0,0,0,0,,,0,,0,,0,,0,0,0,0,0,0,0,0,,0,0,0,,0,,0,,0,,0,0,,0,0,,0,,,0,0,100,0,0,0,0,0,0,0,0,0
2023,749,Gerald Everett,LAC,TE,1,6,DAL,33.33333333333333,33.33333333333333,70.5,11,68.8,1,6.3,0,0.09,7,7,3.6,0,0,0,0,0,0,0,0,0,0,0,0,0,0,0,0,0,0,39.6,0,0,0,0,1,100,0,0,1,100,0,0,0,0,0,0,8.3,-7.31,-0.827,27.3,45.5,27.3,0,0,1.9,0,1.89,-1.89,0,0.17,1.9
2023,750,Josh Reynolds,DET,WR,1,3,ATL,14.035087719298245,0,75,8,80,0,0,0,0,,0,0,0,0,,,0,,0,,0,,0,0,0,0,0,0,0,0,,0,0,0,,0,,0,,0,,0,0,,0,0,,0,,,100,0,0,0,0,0,0,0,0,0,0,0
2023,751,Ross Dwelley,SF,TE,1,1,PIT,100,0,18.2,2,18.2,0,0,0,0,,0,0,0,0,,,0,,0,,0,,0,0,0,0,0,0,0,0,,0,0,0,,0,,0,,0,,0,0,,0,0,,0,,,0,50,50,0,0,0,0,0,0,0,0,0
2023,752,Will Dissly,SEA,TE,1,1,LA,9.090909090909092,0,30.4,2,18.2,0,0,0,0,,0,0,0,0,,,0,,0,,0,,0,0,0,0,0,0,0,0,,0,0,0,,0,,0,,0,,0,0,,0,0,,0,,,0,50,50,0,0,0,0,0,0,0,0,0
2023,753,Will Dissly,SEA,TE,1,2,DET,36.36363636363637,0,55.2,8,53.3,0,0,0,0,,0,0,0,0,,,0,,0,,0,,0,0,0,0,0,0,0,0,,0,0,0,,0,,0,,0,,0,0,,0,0,,0,,,0,0,87.5,12.5,0,0,0,0,0,0,0,0
2023,754,Will Dissly,SEA,TE,1,4,NYG,27.27272727272727,0,51,6,60,0,0,0,0,,0,0,0,0,,,0,,0,,0,,0,0,0,0,0,0,0,0,,0,0,0,,0,,0,,0,,0,0,,0,0,,0,,,0,16.7,50,33.3,0,0,0,0,0,0,0,0
2023,755,Will Dissly,SEA,TE,1,6,CIN,27.27272727272727,0,42.9,6,33.3,0,0,0,0,,0,0,0,0,,,0,,0,,0,,0,0,0,0,0,0,0,0,,0,0,0,,0,,0,,0,,0,0,,0,0,,0,,,16.7,33.3,50,0,0,0,0,0,0,0,0,0
2023,756,Kevin Rader,TEN,TE,1,4,CIN,50,0,14.5,1,10,0,0,0,0,,0,0,0,0,,,0,,0,,0,,0,0,0,0,0,0,0,0,,0,0,0,,0,,0,,0,,0,0,,0,0,,0,,,0,0,100,0,0,0,0,0,0,0,0,0
2023,757,Kevin Rader,TEN,TE,1,6,BLT,50,0,23.9,1,14.3,0,0,0,0,,0,0,0,0,,,0,,0,,0,,0,0,0,0,0,0,0,0,,0,0,0,,0,,0,,0,,0,0,,0,0,,0,,,0,0,100,0,0,0,0,0,0,0,0,0
2023,758,Tyler Conklin,NYJ,TE,1,1,BUF,9.090909090909092,0,79.2,3,50,0,0,0,0,,0,0,0,0,,,0,,0,,0,,0,0,0,0,0,0,0,0,,0,0,0,,0,,0,,0,,0,0,,0,0,,0,,,33.3,33.3,33.3,0,0,0,0,0,0,0,0,0
2023,759,Tyler Conklin,NYJ,TE,1,3,NE,12.121212121212121,0,77,4,57.1,0,0,0,0,,0,0,0,0,,,0,,0,,0,,0,0,0,0,0,0,0,0,,0,0,0,,0,,0,,0,,0,0,,0,0,,0,,,0,25,75,0,0,0,0,0,0,0,0,0
2023,760,Tyler Conklin,NYJ,TE,1,5,DEN,21.21212121212121,0,58.1,7,77.8,0,0,0,0,,0,0,0,0,,,0,,0,,0,,0,0,0,0,0,0,0,0,,0,0,0,,0,,0,,0,,0,0,,0,0,,0,,,0,42.9,57.1,0,0,0,0,0,0,0,0,0
2023,761,Marquez Valdes-Scantling,KC,WR,1,3,CHI,9.30232558139535,14.285714285714285,53.3,4,28.6,1,7.1,0,0.25,21,21,13.5,0,0,0,0,0,0,0,0,0,0,0,0,0,1,1,0,0,0,39.6,1,8.3,0,0,0,0,1,0,0,0,0,0,0,0,0,0,20,-11.24,-0.431,50,50,0,0,0,-0.1,0,-0.06,0.06,0,-0.01,-0.1
2023,762,Marquez Valdes-Scantling,KC,WR,1,6,DEN,16.27906976744186,0,55.7,7,58.3,0,0,0,0,,0,0,0,0,,,0,,0,,0,,0,0,0,0,0,0,0,0,,0,0,0,,0,,0,,0,,0,0,,0,0,,0,,,71.4,28.6,0,0,0,0,0,0,0,0,0,0
2023,763,Equanimeous St. Brown,CHI,WR,1,5,WAS,38.46153846153847,50,37.5,5,41.7,1,8.3,0,0.2,-3,-3,-2.1,0,0,0,0,0,0,0,0,0,0,0,0,0,0,0,0,0,0,39.6,0,0,0,0,0,0,0,0,0,0,0,0,0,0,0,0,20,-4.94,-0.436,80,20,0,0,0,0,0,0,0,0,0,0
2023,764,Richie James,KC,WR,1,1,DET,57.14285714285714,50,37.1,4,25,1,6.3,0,0.25,36,36,17.2,0,0,0,0,0,0,0,0,0,0,0,0,0,0,0,0,0,0,39.6,1,11.1,0,0,0,0,1,0,0,0,0,0,0,0,0,0,20,-13.75,-0.355,50,50,0,0,0,0,0,-0.01,0.01,0,0,0
2023,765,Richie James,KC,WR,1,2,JAX,42.857142857142854,50,4.7,3,18.8,1,6.3,0,0.33,5,5,2.9,0,0,0,0,0,0,0,0,0,0,0,0.03,0,0,0,0,0,0,39.6,1,7.1,0,0,1,100,0,0,0,0,1,0,0,0,0,0,33.3,-6.36,-0.748,100,0,0,0,0,1.3,0,1.33,-1.33,0,0.44,1.3
2023,766,Byron Pringle,WAS,WR,1,4,PHI,40,25,24.3,4,20,1,5,0,0.25,35,35,15.4,0,0,0,0,0,0,0,0,0,0,0,0,0,0,0,0,0,0,39.6,0,0,0,0,0,0,1,0,0,0,0,0,0,0,0,0,20,-13.7,-0.524,25,75,0,0,0,0,0,-0.02,0.02,0,0,0
2023,767,Keith Kirkwood,NO,WR,1,1,TEN,50,0,32.8,4,23.5,0,0,0,0,,0,0,0,0,,,0,,0,,0,,0,0,0,0,0,0,0,0,,0,0,0,,0,,0,,0,,0,0,,0,0,,0,,,25,75,0,0,0,0,0,0,0,0,0,0
2023,768,Keith Kirkwood,NO,WR,1,2,CAR,25,50,21.6,2,10.5,1,5.3,0,0.5,9,9,4.1,0,0,0,0,0,0,0,0,0,0,0,0,0,0,0,0,0,0,39.6,1,5.9,0,0,1,100,0,0,1,100,0,0,0,0,0,0,25,-7.45,-0.586,50,50,0,0,0,2,0,2.04,-2.04,0,1.02,2
2023,769,Keith Kirkwood,NO,WR,1,3,GB,12.5,50,28.3,1,5.3,1,5.3,0,1,17,17,6.6,0,0,0,0,0,0,0,0,0,0,0,0,0,1,1,0,0,0,39.6,1,5.9,0,0,0,0,0,0,0,0,0,0,0,0,0,0,100,-11.67,-0.814,100,0,0,0,0,0,0,-0.01,0.01,0,-0.01,0
2023,770,Keith Kirkwood,NO,WR,1,5,NE,12.5,0,24.3,1,12.5,0,0,0,0,,0,0,0,0,,,0,,0,,0,,0,0,0,0,0,0,0,0,,0,0,0,,0,,0,,0,,0,0,,0,0,,0,,,0,100,0,0,0,0,0,0,0,0,0,0
2023,771,Dallas Goedert,PHI,TE,1,1,NE,21.428571428571427,0,93.4,15,88.2,0,0,0,0,,0,0,0,0,,,0,,0,,0,,0,0,0,0,0,0,0,0,,0,0,0,,0,,0,,0,,0,0,,0,0,,0,,,0,73.3,26.7,0,0,0,0,0,0,0,0,0
2023,772,Dallas Goedert,PHI,TE,1,4,WAS,20,14.285714285714285,100,14,82.4,1,5.9,0,0.07,5,5,1.9,0,0,0,0,0,0,0,0,0,0,0,0,0,0,0,0,0,0,39.6,1,6.3,0,0,1,100,0,0,1,100,0,0,0,0,0,0,5.9,-6.48,-0.325,7.1,50,42.9,0,0,1.7,0,1.71,-1.71,0,0.12,1.7
2023,773,Dallas Goedert,PHI,TE,1,5,LA,11.428571428571429,0,94.9,8,72.7,0,0,0,0,,0,0,0,0,,,0,,0,,0,,0,0,0,0,0,0,0,0,,0,0,0,,0,,0,,0,,0,0,,0,0,,0,,,12.5,75,12.5,0,0,0,0,0,0,0,0,0
2023,774,Jordan Akins,CLV,TE,1,2,PIT,16.666666666666664,0,11.1,1,5.9,0,0,0,0,,0,0,0,0,,,0,,0,,0,,0,0,0,0,0,0,0,0,,0,0,0,,0,,0,,0,,0,0,,0,0,,0,,,0,100,0,0,0,0,0,0,0,0,0,0
2023,775,Jordan Akins,CLV,TE,1,3,TEN,16.666666666666664,0,19.4,1,7.1,0,0,0,0,,0,0,0,0,,,0,,0,,0,,0,0,0,0,0,0,0,0,,0,0,0,,0,,0,,0,,0,0,,0,0,,0,,,0,0,100,0,0,0,0,0,0,0,0,0
2023,776,Jordan Akins,CLV,TE,1,4,BLT,50,0,23.1,3,23.1,0,0,0,0,,0,0,0,0,,,0,,0,,0,,0,0,0,0,0,0,0,0,,0,0,0,,0,,0,,0,,0,0,,0,0,,0,,,0,66.7,33.3,0,0,0,0,0,0,0,0,0
2023,777,Jordan Akins,CLV,TE,1,6,SF,16.666666666666664,0,10,1,7.7,0,0,0,0,,0,0,0,0,,,0,,0,,0,,0,0,0,0,0,0,0,0,,0,0,0,,0,,0,,0,,0,0,,0,0,,0,,,0,0,100,0,0,0,0,0,0,0,0,0
2023,778,Ian Thomas,CAR,TE,1,1,ATL,11.11111111111111,0,20.8,1,9.1,0,0,0,0,,0,0,0,0,,,0,,0,,0,,0,0,0,0,0,0,0,0,,0,0,0,,0,,0,,0,,0,0,,0,0,,0,,,0,100,0,0,0,0,0,0,0,0,0,0
2023,779,Ian Thomas,CAR,TE,1,2,NO,11.11111111111111,0,30.4,1,10,0,0,0,0,,0,0,0,0,,,0,,0,,0,,0,0,0,0,0,0,0,0,,0,0,0,,0,,0,,0,,0,0,,0,0,,0,,,0,0,100,0,0,0,0,0,0,0,0,0
2023,780,Ian Thomas,CAR,TE,1,3,SEA,11.11111111111111,0,17.3,1,3.8,0,0,0,0,,0,0,0,0,,,0,,0,,0,,0,0,0,0,0,0,0,0,,0,0,0,,0,,0,,0,,0,0,,0,0,,0,,,0,0,100,0,0,0,0,0,0,0,0,0
2023,781,Ian Thomas,CAR,TE,1,4,MIN,33.33333333333333,0,36.8,3,23.1,0,0,0,0,,0,0,0,0,,,0,,0,,0,,0,0,0,0,0,0,0,0,,0,0,0,,0,,0,,0,,0,0,,0,0,,0,,,0,0,66.7,33.3,0,0,0,0,0,0,0,0
2023,782,Ian Thomas,CAR,TE,1,5,DET,33.33333333333333,0,23.1,3,21.4,0,0,0,0,,0,0,0,0,,,0,,0,,0,,0,0,0,0,0,0,0,0,,0,0,0,,0,,0,,0,,0,0,,0,0,,0,,,0,33.3,66.7,0,0,0,0,0,0,0,0,0
2023,783,Dalton Schultz,HST,TE,1,1,BLT,32.69230769230769,0,81.9,17,77.3,0,0,0,0,,0,0,0,0,,,0,,0,,0,,0,0,0,0,0,0,0,0,,0,0,0,,0,,0,,0,,0,0,,0,0,,0,,,0,64.7,23.5,11.8,0,0,0,0,0,0,0,0
2023,784,Dalton Schultz,HST,TE,1,3,JAX,11.538461538461538,0,67.9,6,50,0,0,0,0,,0,0,0,0,,,0,,0,,0,,0,0,0,0,0,0,0,0,,0,0,0,,0,,0,,0,,0,0,,0,0,,0,,,16.7,50,16.7,16.7,0,0,0,0,0,0,0,0
2023,785,Dalton Schultz,HST,TE,1,4,PIT,5.769230769230769,0,47.8,3,23.1,0,0,0,0,,0,0,0,0,,,0,,0,,0,,0,0,0,0,0,0,0,0,,0,0,0,,0,,0,,0,,0,0,,0,0,,0,,,0,33.3,66.7,0,0,0,0,0,0,0,0,0
2023,786,Dalton Schultz,HST,TE,1,5,ATL,7.6923076923076925,0,58.6,4,40,0,0,0,0,,0,0,0,0,,,0,,0,,0,,0,0,0,0,0,0,0,0,,0,0,0,,0,,0,,0,,0,0,,0,0,,0,,,0,50,50,0,0,0,0,0,0,0,0,0
2023,787,Dalton Schultz,HST,TE,1,6,NO,11.538461538461538,0,63.3,6,75,0,0,0,0,,0,0,0,0,,,0,,0,,0,,0,0,0,0,0,0,0,0,,0,0,0,,0,,0,,0,,0,0,,0,0,,0,,,0,50,50,0,0,0,0,0,0,0,0,0
2023,788,Justin Watson,KC,WR,1,5,MIN,14.705882352941178,0,43.8,5,41.7,0,0,0,0,,0,0,0,0,,,0,,0,,0,,0,0,0,0,0,0,0,0,,0,0,0,,0,,0,,0,,0,0,,0,0,,0,,,20,80,0,0,0,0,0,0,0,0,0,0
2023,789,Justin Watson,KC,WR,1,6,DEN,17.647058823529413,10,40,6,50,1,8.3,0,0.17,29,29,31.5,0,0,0,0,0,0,0,0,0,0,0,0.05,0,0,0,0,0,0,39.6,0,0,0,0,1,100,1,0,1,100,0,0,0,0,0,0,14.3,-11.44,-0.787,83.3,16.7,0,0,0,4.5,0,4.53,-4.53,0,0.76,4.5
2023,790,Ray-Ray McCloud,SF,WR,1,3,NYG,29.411764705882355,0,44.9,5,38.5,0,0,0,0,,0,0,0,0,,,0,,0,,0,,0,0,0,0,0,0,0,0,,0,0,0,,0,,0,,0,,0,0,,0,0,,0,,,60,40,0,0,0,0,0,0,0,0,0,0
2023,791,Ray-Ray McCloud,SF,WR,1,4,ARZ,11.76470588235294,0,22.6,2,28.6,0,0,0,0,,0,0,0,0,,,0,,0,,0,,0,0,0,0,0,0,0,0,,0,0,0,,0,,0,,0,,0,0,,0,0,,0,,,0,100,0,0,0,0,0,0,0,0,0,0
2023,792,Cedrick Wilson,MIA,WR,1,3,DEN,36.36363636363637,0,46.5,4,30.8,0,0,0,0,,0,0,0,0,,,0,,0,,0,,0,0,0,0,0,0,0,0,,0,0,0,,0,,0,,0,,0,0,,0,0,,0,,,75,25,0,0,0,0,0,0,0,0,0,0
2023,793,Cedrick Wilson,MIA,WR,1,4,BUF,18.181818181818183,0,34.5,2,18.2,0,0,0,0,,0,0,0,0,,,0,,0,,0,,0,0,0,0,0,0,0,0,,0,0,0,,0,,0,,0,,0,0,,0,0,,0,,,50,50,0,0,0,0,0,0,0,0,0,0
2023,794,Braxton Berrios,MIA,WR,1,5,NYG,16,0,37,8,50,0,0,0,0,,0,0,0,0,,,0,,0,,0,,0,0,0,0,0,0,0,0,,0,0,0,,0,,0,,0,,0,0,,0,0,,0,,,37.5,62.5,0,0,0,0,0,0,0,0,0,0
2023,795,Braxton Berrios,MIA,WR,1,6,CAR,6,0,30.8,3,30,0,0,0,0,,0,0,0,0,,,0,,0,,0,,0,0,0,0,0,0,0,0,,0,0,0,,0,,0,,0,,0,0,,0,0,,0,,,33.3,66.7,0,0,0,0,0,0,0,0,0,0
2023,796,Trent Sherfield,BUF,WR,1,2,LV,15.789473684210526,0,39.2,3,25,0,0,0,0,,0,0,0,0,,,0,,0,,0,,0,0,0,0,0,0,0,0,,0,0,0,,0,,0,,0,,0,0,,0,0,,0,,,66.7,33.3,0,0,0,0,0,0,0,0,0,0
2023,797,Trent Sherfield,BUF,WR,1,3,WAS,15.789473684210526,25,46.2,3,23.1,1,7.7,0,0.33,22,22,9.3,0,0,0,0,0,0,0,0,0,0,0,0.03,0,0,0,0,0,0,39.6,0,0,0,0,1,100,1,0,0,0,1,0,0,0,0,0,25,-11.92,-0.479,66.7,33.3,0,0,0,1.8,0,1.8,-1.8,0,0.6,1.8
2023,798,Trent Sherfield,BUF,WR,1,4,MIA,36.84210526315789,25,46.4,7,70,1,10,0,0.14,19,19,13.5,0,0,0,0,0,0,0,0,0,0,0,0,0,0,0,0,0,0,39.6,0,0,0,0,0,0,0,0,0,0,0,0,0,0,0,0,14.3,-11.93,-1.217,71.4,28.6,0,0,0,0.2,0,0.21,-0.21,0,0.03,0.2
2023,799,Trent Sherfield,BUF,WR,1,6,NYG,26.31578947368421,25,37.3,5,35.7,1,7.1,0,0.2,24,24,12.6,0,0,0,0,0,0,0,0,0,0,0,0,0,0,0,0,0,0,39.6,0,0,0,0,0,0,1,0,0,0,0,0,0,0,0,0,20,-11.75,-0.527,80,20,0,0,0,0,0,-0.02,0.02,0,0,0
2023,800,Allen Lazard,NYJ,WR,1,6,PHI,20.454545454545457,11.11111111111111,74.6,9,56.3,2,12.5,0,0.22,7.5,15,9.9,0,0,0,0,0,0,0,0,0,0,0,0.01,0,0,0,0,0,0,39.6,2,15.4,0,0,1,50,0,0,1,50,0,0,0,0,0,0,18.2,-6.93,-0.87,77.8,22.2,0,0,0,2,0,2,-2,0,0.22,2
2023,801,David Wells,TB,TE,1,2,CHI,66.66666666666666,0,26.5,2,11.8,0,0,0,0,,0,0,0,0,,,0,,0,,0,,0,0,0,0,0,0,0,0,,0,0,0,,0,,0,,0,,0,0,,0,0,,0,,,50,0,50,0,0,0,0,0,0,0,0,0
2023,802,David Wells,TB,TE,1,3,PHI,33.33333333333333,0,11.4,1,7.1,0,0,0,0,,0,0,0,0,,,0,,0,,0,,0,0,0,0,0,0,0,0,,0,0,0,,0,,0,,0,,0,0,,0,0,,0,,,0,0,100,0,0,0,0,0,0,0,0,0
2023,803,Tanner Hudson,CIN,TE,1,3,LA,66.66666666666666,0,45.9,8,42.1,0,0,0,0,,0,0,0,0,,,0,,0,,0,,0,0,0,0,0,0,0,0,,0,0,0,,0,,0,,0,,0,0,,0,0,,0,,,0,25,75,0,0,0,0,0,0,0,0,0
2023,804,Tanner Hudson,CIN,TE,1,4,TEN,33.33333333333333,0,43.1,4,40,0,0,0,0,,0,0,0,0,,,0,,0,,0,,0,0,0,0,0,0,0,0,,0,0,0,,0,,0,,0,,0,0,,0,0,,0,,,0,100,0,0,0,0,0,0,0,0,0,0
2023,805,Mark Andrews,BLT,TE,1,2,CIN,10.638297872340425,0,78.6,5,55.6,0,0,0,0,,0,0,0,0,,,0,,0,,0,,0,0,0,0,0,0,0,0,,0,0,0,,0,,0,,0,,0,0,,0,0,,0,,,0,80,20,0,0,0,0,0,0,0,0,0
2023,806,Mark Andrews,BLT,TE,1,3,IND,25.53191489361702,33.33333333333333,81.9,12,85.7,1,7.1,0,0.08,8,8,8.3,0,0,0,0,0,0,0,0,0,0,0,0,0,0,0,0,0,0,39.6,1,7.7,0,0,1,100,0,0,0,0,1,0,0,0,0,0,7.1,-7.72,-1.433,8.3,91.7,0,0,0,1,0,1.04,-1.04,0,0.09,1
2023,807,Mark Andrews,BLT,TE,1,4,CLV,6.382978723404255,0,70.9,3,75,0,0,0,0,,0,0,0,0,,,0,,0,,0,,0,0,0,0,0,0,0,0,,0,0,0,,0,,0,,0,,0,0,,0,0,,0,,,0,100,0,0,0,0,0,0,0,0,0,0
2023,808,Mark Andrews,BLT,TE,1,6,TEN,25.53191489361702,0,84.3,12,92.3,0,0,0,0,,0,0,0,0,,,0,,0,,0,,0,0,0,0,0,0,0,0,,0,0,0,,0,,0,,0,,0,0,,0,0,,0,,,0,83.3,16.7,0,0,0,0,0,0,0,0,0
2023,809,Christian Kirk,JAX,WR,1,1,IND,14.492753623188406,0,60.9,10,55.6,0,0,0,0,,0,0,0,0,,,0,,0,,0,,0,0,0,0,0,0,0,0,,0,0,0,,0,,0,,0,,0,0,,0,0,,0,,,20,80,0,0,0,0,0,0,0,0,0,0
2023,810,Christian Kirk,JAX,WR,1,6,IND,15.942028985507244,9.090909090909092,69.4,11,91.7,1,8.3,0,0.09,31,31,25.2,0,0,0,0,0,0,0,0,0,0,0,0,0,0,0,0,0,0,39.6,1,9.1,0,0,0,0,1,0,0,0,0,0,0,0,0,0,9.1,-12.6,-1.39,27.3,72.7,0,0,0,-0.1,0,-0.07,0.07,0,-0.01,-0.1
2023,811,Durham Smythe,MIA,TE,1,1,LAC,30.909090909090907,100,100,17,81,1,4.8,0,0.06,13,13,3.8,0,0,0,0,0,0,0,0,0,0,0,0,0,0,0,0,0,0,39.6,1,5.9,0,0,0,0,0,0,0,0,0,0,0,0,0,0,4.8,-9.96,-1.663,11.8,41.2,41.2,5.9,0,0,0,0.01,-0.01,0,0,0
2023,812,Durham Smythe,MIA,TE,1,2,NE,25.454545454545453,0,96.7,14,82.4,0,0,0,0,,0,0,0,0,,,0,,0,,0,,0,0,0,0,0,0,0,0,,0,0,0,,0,,0,,0,,0,0,,0,0,,0,,,7.1,64.3,28.6,0,0,0,0,0,0,0,0,0
2023,813,Durham Smythe,MIA,TE,1,3,DEN,7.2727272727272725,0,36.6,4,30.8,0,0,0,0,,0,0,0,0,,,0,,0,,0,,0,0,0,0,0,0,0,0,,0,0,0,,0,,0,,0,,0,0,,0,0,,0,,,0,25,75,0,0,0,0,0,0,0,0,0
2023,814,Durham Smythe,MIA,TE,1,4,BUF,7.2727272727272725,0,86.2,4,36.4,0,0,0,0,,0,0,0,0,,,0,,0,,0,,0,0,0,0,0,0,0,0,,0,0,0,,0,,0,,0,,0,0,,0,0,,0,,,25,75,0,0,0,0,0,0,0,0,0,0
2023,815,Durham Smythe,MIA,TE,1,5,NYG,21.818181818181817,0,81.5,12,75,0,0,0,0,,0,0,0,0,,,0,,0,,0,,0,0,0,0,0,0,0,0,,0,0,0,,0,,0,,0,,0,0,,0,0,,0,,,0,66.7,33.3,0,0,0,0,0,0,0,0,0
2023,816,Durham Smythe,MIA,TE,1,6,CAR,7.2727272727272725,0,67.7,4,40,0,0,0,0,,0,0,0,0,,,0,,0,,0,,0,0,0,0,0,0,0,0,,0,0,0,,0,,0,,0,,0,0,,0,0,,0,,,0,25,75,0,0,0,0,0,0,0,0,0
2023,817,Mike Gesicki,NE,TE,1,1,PHI,18.421052631578945,0,41,7,36.8,0,0,0,0,,0,0,0,0,,,0,,0,,0,,0,0,0,0,0,0,0,0,,0,0,0,,0,,0,,0,,0,0,,0,0,,0,,,14.3,85.7,0,0,0,0,0,0,0,0,0,0
2023,818,Mike Gesicki,NE,TE,1,2,MIA,26.31578947368421,0,70.4,10,52.6,0,0,0,0,,0,0,0,0,,,0,,0,,0,,0,0,0,0,0,0,0,0,,0,0,0,,0,,0,,0,,0,0,,0,0,,0,,,10,80,10,0,0,0,0,0,0,0,0,0
2023,819,Mike Gesicki,NE,TE,1,3,NYJ,7.894736842105263,0,44.9,3,42.9,0,0,0,0,,0,0,0,0,,,0,,0,,0,,0,0,0,0,0,0,0,0,,0,0,0,,0,,0,,0,,0,0,,0,0,,0,,,0,66.7,33.3,0,0,0,0,0,0,0,0,0
2023,820,Mike Gesicki,NE,TE,1,4,DAL,23.684210526315788,33.33333333333333,60,9,64.3,1,7.1,0,0.11,14,14,10.9,0,0,0,0,0,0,0,0,0,0,0,0,0,1,1,0,0,0,39.6,0,0,0,0,0,0,0,0,0,0,0,0,0,0,0,0,9.1,-10.28,-1.377,11.1,77.8,11.1,0,0,0,0,-0.02,0.02,0,0,0
2023,821,Mike Gesicki,NE,TE,1,5,NO,10.526315789473683,33.33333333333333,31.4,4,33.3,1,8.3,0,0.25,7,7,3.8,0,0,0,0,0,0,0,0,0,0,0,0,0,0,0,0,0,0,39.6,1,8.3,0,0,1,100,0,0,0,0,1,0,0,0,0,0,25,-7.31,-0.905,25,50,25,0,0,1.4,0,1.36,-1.36,0,0.34,1.4
2023,822,Hayden Hurst,CAR,TE,1,2,NO,11.76470588235294,0,55.4,6,60,0,0,0,0,,0,0,0,0,,,0,,0,,0,,0,0,0,0,0,0,0,0,,0,0,0,,0,,0,,0,,0,0,,0,0,,0,,,0,33.3,66.7,0,0,0,0,0,0,0,0,0
2023,823,Hayden Hurst,CAR,TE,1,4,MIN,13.725490196078432,0,48.5,7,53.8,0,0,0,0,,0,0,0,0,,,0,,0,,0,,0,0,0,0,0,0,0,0,,0,0,0,,0,,0,,0,,0,0,,0,0,,0,,,14.3,42.9,42.9,0,0,0,0,0,0,0,0,0
2023,824,Hayden Hurst,CAR,TE,1,5,DET,13.725490196078432,0,58.5,7,50,0,0,0,0,,0,0,0,0,,,0,,0,,0,,0,0,0,0,0,0,0,0,,0,0,0,,0,,0,,0,,0,0,,0,0,,0,,,14.3,57.1,28.6,0,0,0,0,0,0,0,0,0
2023,825,Hayden Hurst,CAR,TE,1,6,MIA,13.725490196078432,50,52.9,7,43.8,2,12.5,0,0.29,18,36,22,0,0,0,0,0,0,0,0,0,0,0,0,0,1,2,0,0,0,39.6,1,9.1,0,0,0,0,1,0,0,0,1,0,0,0,0,0,22.2,-9.15,-2.074,28.6,28.6,42.9,0,0,0,0,-0.01,0.01,0,0,0
2023,826,KhaDarel Hodge,ATL,WR,1,2,GB,5.88235294117647,0,12.8,1,5.9,0,0,0,0,,0,0,0,0,,,0,,0,,0,,0,0,0,0,0,0,0,0,,0,0,0,,0,,0,,0,,0,0,,0,0,,0,,,100,0,0,0,0,0,0,0,0,0,0,0
2023,827,KhaDarel Hodge,ATL,WR,1,6,WAS,29.411764705882355,25,35.4,5,23.8,1,4.8,0,0.2,20,20,7.8,0,0,0,0,0,0,0,0,0,0,0,0,0,0,0,0,0,0,39.6,1,5.3,0,0,1,100,1,0,0,0,0,0,0,0,0,0,20,-10.87,-0.776,100,0,0,0,0,3.3,0,3.31,-3.31,0,0.66,3.3
2023,828,Irv Smith,CIN,TE,1,1,CLV,19.047619047619047,0,53.7,8,66.7,0,0,0,0,,0,0,0,0,,,0,,0,,0,,0,0,0,0,0,0,0,0,,0,0,0,,0,,0,,0,,0,0,,0,0,,0,,,12.5,12.5,75,0,0,0,0,0,0,0,0,0
2023,829,Irv Smith,CIN,TE,1,2,BLT,28.57142857142857,66.66666666666666,77.2,12,70.6,2,11.8,0,0.17,21.5,43,26.4,0,0,0,0,0,0,0,0,0,0,0,0.01,0,1,1,0,0,0,39.6,1,8.3,0,0,1,50,1,0,0,0,0,0,0,0,0,0,15.4,-11.88,-0.972,16.7,25,58.3,0,0,4,0,3.95,-3.95,0,0.33,4
2023,830,Irv Smith,CIN,TE,1,5,ARZ,30.952380952380953,0,60.8,13,52,0,0,0,0,,0,0,0,0,,,0,,0,,0,,0,0,0,0,0,0,0,0,,0,0,0,,0,,0,,0,,0,0,,0,0,,0,,,0,23.1,76.9,0,0,0,0,0,0,0,0,0
2023,831,Irv Smith,CIN,TE,1,6,SEA,21.428571428571427,33.33333333333333,62.3,9,75,1,8.3,0,0.11,6,6,3.8,0,0,0,0,0,0,0,0,0,0,0,0,0,0,0,0,0,0,39.6,1,10,0,0,0,0,0,0,0,0,0,0,0,0,0,0,11.1,-7.09,-1.449,33.3,44.4,22.2,0,0,0,0,0.04,-0.04,0,0,0
2023,832,Foster Moreau,NO,TE,1,1,TEN,23.076923076923077,0,50,3,17.6,0,0,0,0,,0,0,0,0,,,0,,0,,0,,0,0,0,0,0,0,0,0,,0,0,0,,0,,0,,0,,0,0,,0,0,,0,,,33.3,0,66.7,0,0,0,0,0,0,0,0,0
2023,833,Foster Moreau,NO,TE,1,2,CAR,23.076923076923077,0,48.6,3,15.8,0,0,0,0,,0,0,0,0,,,0,,0,,0,,0,0,0,0,0,0,0,0,,0,0,0,,0,,0,,0,,0,0,,0,0,,0,,,0,100,0,0,0,0,0,0,0,0,0,0
2023,834,Foster Moreau,NO,TE,1,5,NE,30.76923076923077,0,65.7,4,50,0,0,0,0,,0,0,0,0,,,0,,0,,0,,0,0,0,0,0,0,0,0,,0,0,0,,0,,0,,0,,0,0,,0,0,,0,,,0,75,25,0,0,0,0,0,0,0,0,0
2023,835,Foster Moreau,NO,TE,1,6,HST,23.076923076923077,0,48.7,3,23.1,0,0,0,0,,0,0,0,0,,,0,,0,,0,,0,0,0,0,0,0,0,0,,0,0,0,,0,,0,,0,,0,0,,0,0,,0,,,0,66.7,33.3,0,0,0,0,0,0,0,0,0
2023,836,Hunter Renfrow,LV,WR,1,1,DEN,14.583333333333334,0,21.8,7,38.9,0,0,0,0,,0,0,0,0,,,0,,0,,0,,0,0,0,0,0,0,0,0,,0,0,0,,0,,0,,0,,0,0,,0,0,,0,,,0,100,0,0,0,0,0,0,0,0,0,0
2023,837,Hunter Renfrow,LV,WR,1,2,BUF,8.333333333333332,0,66.7,4,57.1,0,0,0,0,,0,0,0,0,,,0,,0,,0,,0,0,0,0,0,0,0,0,,0,0,0,,0,,0,,0,,0,0,,0,0,,0,,,0,100,0,0,0,0,0,0,0,0,0,0
2023,838,Hunter Renfrow,LV,WR,1,3,PIT,39.58333333333333,0,53.7,19,61.3,0,0,0,0,,0,0,0,0,,,0,,0,,0,,0,0,0,0,0,0,0,0,,0,0,0,,0,,0,,0,,0,0,,0,0,,0,,,0,100,0,0,0,0,0,0,0,0,0,0
2023,839,Hunter Renfrow,LV,WR,1,5,GB,10.416666666666668,0,31.3,5,50,0,0,0,0,,0,0,0,0,,,0,,0,,0,,0,0,0,0,0,0,0,0,,0,0,0,,0,,0,,0,,0,0,,0,0,,0,,,0,100,0,0,0,0,0,0,0,0,0,0
2023,840,Hunter Renfrow,LV,WR,1,6,NE,2.083333333333333,0,10.8,1,6.7,0,0,0,0,,0,0,0,0,,,0,,0,,0,,0,0,0,0,0,0,0,0,,0,0,0,,0,,0,,0,,0,0,,0,0,,0,,,0,100,0,0,0,0,0,0,0,0,0,0
2023,841,Keelan Doss,LAC,WR,1,6,DAL,100,0,16.4,1,6.3,0,0,0,0,,0,0,0,0,,,0,,0,,0,,0,0,0,0,0,0,0,0,,0,0,0,,0,,0,,0,,0,0,,0,0,,0,,,0,100,0,0,0,0,0,0,0,0,0,0
2023,842,Mecole Hardman,NYJ,WR,1,2,DAL,44.44444444444444,0,26.1,4,44.4,0,0,0,0,,0,0,0,0,,,0,,0,,0,,0,0,0,0,0,0,0,0,,0,0,0,,0,,0,,0,,0,0,,0,0,,0,,,25,75,0,0,0,0,0,0,0,0,0,0
2023,843,Mecole Hardman,NYJ,WR,1,3,NE,11.11111111111111,0,3.3,1,14.3,0,0,0,0,,0,0,0,0,,,0,,0,,0,,0,0,0,0,0,0,0,0,,0,0,0,,0,,0,,0,,0,0,,0,0,,0,,,0,100,0,0,0,0,0,0,0,0,0,0
2023,844,Mecole Hardman,NYJ,WR,1,4,KC,22.22222222222222,0,8.8,2,20,0,0,0,0,,0,0,0,0,,,0,,0,,0,,0,0,0,0,0,0,0,0,,0,0,0,,0,,0,,0,,0,0,,0,0,,0,,,0,100,0,0,0,0,0,0,0,0,0,0
2023,845,Mecole Hardman,NYJ,WR,1,6,PHI,22.22222222222222,100,8.5,2,12.5,1,6.3,0,0.5,7,7,4.6,0,0,0,0,0,0,0,0,0,0,0,0,0,0,0,0,0,0,39.6,1,7.7,0,0,0,0,0,0,0,0,0,0,0,0,0,0,50,-7.06,-0.455,100,0,0,0,0,0,0,-0.01,0.01,0,0,0
2023,846,Cody Thompson,SEA,WR,1,2,DET,33.33333333333333,0,1.5,1,6.7,0,0,0,0,,0,0,0,0,,,0,,0,,0,,0,0,0,0,0,0,0,0,,0,0,0,,0,,0,,0,,0,0,,0,0,,0,,,0,100,0,0,0,0,0,0,0,0,0,0
2023,847,Cody Thompson,SEA,WR,1,6,CIN,33.33333333333333,0,5.7,1,5.6,0,0,0,0,,0,0,0,0,,,0,,0,,0,,0,0,0,0,0,0,0,0,,0,0,0,,0,,0,,0,,0,0,,0,0,,0,,,100,0,0,0,0,0,0,0,0,0,0,0
2023,848,Olamide Zaccheaus,PHI,WR,1,1,NE,6.25,0,11.5,3,17.6,0,0,0,0,,0,0,0,0,,,0,,0,,0,,0,0,0,0,0,0,0,0,,0,0,0,,0,,0,,0,,0,0,,0,0,,0,,,33.3,66.7,0,0,0,0,0,0,0,0,0,0
2023,849,Olamide Zaccheaus,PHI,WR,1,2,MIN,10.416666666666668,0,46.7,5,38.5,0,0,0,0,,0,0,0,0,,,0,,0,,0,,0,0,0,0,0,0,0,0,,0,0,0,,0,,0,,0,,0,0,,0,0,,0,,,20,80,0,0,0,0,0,0,0,0,0,0
2023,850,Olamide Zaccheaus,PHI,WR,1,3,TB,22.916666666666664,50,55.1,11,61.1,1,5.6,0,0.09,20,20,9.8,0,0,0,0,0,0,0,0,0,0,0,0.07,0,1,1,0,0,0,39.6,1,6.3,0,0,1,100,1,0,0,0,1,0,0,0,0,0,8.3,-10.87,-1.123,27.3,72.7,0,0,0,1.1,0,1.12,-1.12,0,0.1,1.1
2023,851,Olamide Zaccheaus,PHI,WR,1,4,WAS,29.166666666666668,0,85.1,14,82.4,0,0,0,0,,0,0,0,0,,,0,,0,,0,,0,0,0,0,0,0,0,0,,0,0,0,,0,,0,,0,,0,0,,0,0,,0,,,21.4,78.6,0,0,0,0,0,0,0,0,0,0
2023,852,Olamide Zaccheaus,PHI,WR,1,5,LA,2.083333333333333,0,11.5,1,9.1,0,0,0,0,,0,0,0,0,,,0,,0,,0,,0,0,0,0,0,0,0,0,,0,0,0,,0,,0,,0,,0,0,,0,0,,0,,,100,0,0,0,0,0,0,0,0,0,0,0
2023,853,Olamide Zaccheaus,PHI,WR,1,6,NYJ,29.166666666666668,50,81.2,14,82.4,1,5.9,0,0.07,18,18,6.3,0,0,0,0,0,0,0,0,0,0,0,0,0,1,1,0,0,0,39.6,0,0,0,0,0,0,0,0,0,0,1,0,0,0,0,0,6.7,-10.9,-0.751,35.7,64.3,0,0,0,0,0,-0.01,0.01,0,0,0
2023,854,Deonte Harty,BUF,WR,1,3,WAS,9.523809523809524,0,20,2,15.4,0,0,0,0,,0,0,0,0,,,0,,0,,0,,0,0,0,0,0,0,0,0,,0,0,0,,0,,0,,0,,0,0,,0,0,,0,,,0,100,0,0,0,0,0,0,0,0,0,0
2023,855,Deonte Harty,BUF,WR,1,6,NYG,23.809523809523807,0,15.3,5,35.7,0,0,0,0,,0,0,0,0,,,0,,0,,0,,0,0,0,0,0,0,0,0,,0,0,0,,0,,0,,0,,0,0,,0,0,,0,,,80,20,0,0,0,0,0,0,0,0,0,0
2023,856,T.J. Hockenson,MIN,TE,1,3,LAC,19.11764705882353,0,88.5,13,81.3,0,0,0,0,,0,0,0,0,,,0,,0,,0,,0,0,0,0,0,0,0,0,,0,0,0,,0,,0,,0,,0,0,,0,0,,0,,,7.7,15.4,76.9,0,0,0,0,0,0,0,0,0
2023,857,T.J. Hockenson,MIN,TE,1,4,CAR,10.294117647058822,0,90.9,7,87.5,0,0,0,0,,0,0,0,0,,,0,,0,,0,,0,0,0,0,0,0,0,0,,0,0,0,,0,,0,,0,,0,0,,0,0,,0,,,14.3,42.9,42.9,0,0,0,0,0,0,0,0,0
2023,858,Josh Oliver,MIN,TE,1,1,TB,16.666666666666664,0,47.6,2,10.5,0,0,0,0,,0,0,0,0,,,0,,0,,0,,0,0,0,0,0,0,0,0,,0,0,0,,0,,0,,0,,0,0,,0,0,,0,,,0,50,50,0,0,0,0,0,0,0,0,0
2023,859,Josh Oliver,MIN,TE,1,2,PHI,16.666666666666664,0,34.5,2,10,0,0,0,0,,0,0,0,0,,,0,,0,,0,,0,0,0,0,0,0,0,0,,0,0,0,,0,,0,,0,,0,0,,0,0,,0,,,0,0,100,0,0,0,0,0,0,0,0,0
2023,860,Josh Oliver,MIN,TE,1,3,LAC,33.33333333333333,0,33.3,4,25,0,0,0,0,,0,0,0,0,,,0,,0,,0,,0,0,0,0,0,0,0,0,,0,0,0,,0,,0,,0,,0,0,,0,0,,0,,,0,0,100,0,0,0,0,0,0,0,0,0
2023,861,Josh Oliver,MIN,TE,1,4,CAR,16.666666666666664,0,45.5,2,25,0,0,0,0,,0,0,0,0,,,0,,0,,0,,0,0,0,0,0,0,0,0,,0,0,0,,0,,0,,0,,0,0,,0,0,,0,,,0,0,100,0,0,0,0,0,0,0,0,0
2023,862,Josh Oliver,MIN,TE,1,5,KC,16.666666666666664,0,32.4,2,9.1,0,0,0,0,,0,0,0,0,,,0,,0,,0,,0,0,0,0,0,0,0,0,,0,0,0,,0,,0,,0,,0,0,,0,0,,0,,,0,0,100,0,0,0,0,0,0,0,0,0
2023,863,Trevon Wesco,TEN,TE,1,1,NO,25,0,39,2,18.2,0,0,0,0,,0,0,0,0,,,0,,0,,0,,0,0,0,0,0,0,0,0,,0,0,0,,0,,0,,0,,0,0,,0,0,,0,,,0,50,50,0,0,0,0,0,0,0,0,0
2023,864,Trevon Wesco,TEN,TE,1,2,LAC,25,0,63.5,2,16.7,0,0,0,0,,0,0,0,0,,,0,,0,,0,,0,0,0,0,0,0,0,0,,0,0,0,,0,,0,,0,,0,0,,0,0,,0,,,0,0,100,0,0,0,0,0,0,0,0,0
2023,865,Trevon Wesco,TEN,TE,1,3,CLV,12.5,0,42.2,1,7.7,0,0,0,0,,0,0,0,0,,,0,,0,,0,,0,0,0,0,0,0,0,0,,0,0,0,,0,,0,,0,,0,0,,0,0,,0,,,0,0,100,0,0,0,0,0,0,0,0,0
2023,866,Trevon Wesco,TEN,TE,1,5,IND,12.5,0,44.8,1,8.3,0,0,0,0,,0,0,0,0,,,0,,0,,0,,0,0,0,0,0,0,0,0,,0,0,0,,0,,0,,0,,0,0,,0,0,,0,,,0,0,100,0,0,0,0,0,0,0,0,0
2023,867,Trevon Wesco,TEN,TE,1,6,BLT,25,0,47.8,2,28.6,0,0,0,0,,0,0,0,0,,,0,,0,,0,,0,0,0,0,0,0,0,0,,0,0,0,,0,,0,,0,,0,0,,0,0,,0,,,0,0,100,0,0,0,0,0,0,0,0,0
2023,868,Scott Miller,ATL,WR,1,1,CAR,15.384615384615385,0,18.8,2,33.3,0,0,0,0,,0,0,0,0,,,0,,0,,0,,0,0,0,0,0,0,0,0,,0,0,0,,0,,0,,0,,0,0,,0,0,,0,,,0,100,0,0,0,0,0,0,0,0,0,0
2023,869,Scott Miller,ATL,WR,1,3,DET,7.6923076923076925,0,15.4,1,7.7,0,0,0,0,,0,0,0,0,,,0,,0,,0,,0,0,0,0,0,0,0,0,,0,0,0,,0,,0,,0,,0,0,,0,0,,0,,,0,100,0,0,0,0,0,0,0,0,0,0
2023,870,Scott Miller,ATL,WR,1,4,JAX,15.384615384615385,0,24.6,2,16.7,0,0,0,0,,0,0,0,0,,,0,,0,,0,,0,0,0,0,0,0,0,0,,0,0,0,,0,,0,,0,,0,0,,0,0,,0,,,50,50,0,0,0,0,0,0,0,0,0,0
2023,871,Scott Miller,ATL,WR,1,5,HST,7.6923076923076925,0,24.3,1,7.7,0,0,0,0,,0,0,0,0,,,0,,0,,0,,0,0,0,0,0,0,0,0,,0,0,0,,0,,0,,0,,0,0,,0,0,,0,,,0,100,0,0,0,0,0,0,0,0,0,0
2023,872,Donald Parham,LAC,TE,1,1,MIA,13.636363636363635,0,47.4,3,21.4,0,0,0,0,,0,0,0,0,,,0,,0,,0,,0,0,0,0,0,0,0,0,,0,0,0,,0,,0,,0,,0,0,,0,0,,0,,,33.3,66.7,0,0,0,0,0,0,0,0,0,0
2023,873,Donald Parham,LAC,TE,1,2,TEN,36.36363636363637,0,47.7,8,36.4,0,0,0,0,,0,0,0,0,,,0,,0,,0,,0,0,0,0,0,0,0,0,,0,0,0,,0,,0,,0,,0,0,,0,0,,0,,,0,75,25,0,0,0,0,0,0,0,0,0
2023,874,Donald Parham,LAC,TE,1,3,MIN,31.818181818181817,0,51.6,7,29.2,0,0,0,0,,0,0,0,0,,,0,,0,,0,,0,0,0,0,0,0,0,0,,0,0,0,,0,,0,,0,,0,0,,0,0,,0,,,0,28.6,71.4,0,0,0,0,0,0,0,0,0
2023,875,Donald Parham,LAC,TE,1,4,LV,4.545454545454546,0,22.2,1,9.1,0,0,0,0,,0,0,0,0,,,0,,0,,0,,0,0,0,0,0,0,0,0,,0,0,0,,0,,0,,0,,0,0,,0,0,,0,,,0,0,100,0,0,0,0,0,0,0,0,0
2023,876,Donald Parham,LAC,TE,1,6,DAL,13.636363636363635,100,44.3,3,18.8,1,6.3,0,0.33,15,15,7.7,0,0,0,0,0,0,0,0,0,0,0,0,0,1,1,0,0,0,39.6,1,10,0,0,0,0,0,0,0,0,0,0,0,0,0,0,16.7,-10.64,-1.488,33.3,0,66.7,0,0,0,0,-0.02,0.02,0,-0.01,0
2023,877,Trenton Irwin,CIN,WR,1,1,CLV,3.7037037037037033,0,18.5,1,8.3,0,0,0,0,,0,0,0,0,,,0,,0,,0,,0,0,0,0,0,0,0,0,,0,0,0,,0,,0,,0,,0,0,,0,0,,0,,,0,100,0,0,0,0,0,0,0,0,0,0
2023,878,Trenton Irwin,CIN,WR,1,2,BLT,18.51851851851852,0,19.3,5,29.4,0,0,0,0,,0,0,0,0,,,0,,0,,0,,0,0,0,0,0,0,0,0,,0,0,0,,0,,0,,0,,0,0,,0,0,,0,,,60,40,0,0,0,0,0,0,0,0,0,0
2023,879,Trenton Irwin,CIN,WR,1,6,SEA,7.4074074074074066,0,43.4,2,16.7,0,0,0,0,,0,0,0,0,,,0,,0,,0,,0,0,0,0,0,0,0,0,,0,0,0,,0,,0,,0,,0,0,,0,0,,0,,,0,100,0,0,0,0,0,0,0,0,0,0
2023,880,Lil'Jordan Humphrey,DEN,WR,1,1,LV,40,0,70.7,6,54.5,0,0,0,0,,0,0,0,0,,,0,,0,,0,,0,0,0,0,0,0,0,0,,0,0,0,,0,,0,,0,,0,0,,0,0,,0,,,16.7,83.3,0,0,0,0,0,0,0,0,0,0
2023,881,Lil'Jordan Humphrey,DEN,WR,1,2,WAS,6.666666666666667,0,30.6,1,8.3,0,0,0,0,,0,0,0,0,,,0,,0,,0,,0,0,0,0,0,0,0,0,,0,0,0,,0,,0,,0,,0,0,,0,0,,0,,,0,100,0,0,0,0,0,0,0,0,0,0
2023,882,Lil'Jordan Humphrey,DEN,WR,1,3,MIA,20,0,20.3,3,16.7,0,0,0,0,,0,0,0,0,,,0,,0,,0,,0,0,0,0,0,0,0,0,,0,0,0,,0,,0,,0,,0,0,,0,0,,0,,,33.3,66.7,0,0,0,0,0,0,0,0,0,0
2023,883,Lil'Jordan Humphrey,DEN,WR,1,5,NYJ,6.666666666666667,0,12.3,1,14.3,0,0,0,0,,0,0,0,0,,,0,,0,,0,,0,0,0,0,0,0,0,0,,0,0,0,,0,,0,,0,,0,0,,0,0,,0,,,0,100,0,0,0,0,0,0,0,0,0,0
2023,884,Lil'Jordan Humphrey,DEN,WR,1,6,KC,13.333333333333334,0,24.5,2,28.6,0,0,0,0,,0,0,0,0,,,0,,0,,0,,0,0,0,0,0,0,0,0,,0,0,0,,0,,0,,0,,0,0,,0,0,,0,,,100,0,0,0,0,0,0,0,0,0,0,0
2023,885,Greg Dortch,ARZ,WR,1,5,CIN,12.5,0,1.8,1,9.1,0,0,0,0,,0,0,0,0,,,0,,0,,0,,0,0,0,0,0,0,0,0,,0,0,0,,0,,0,,0,,0,0,,0,0,,0,,,0,100,0,0,0,0,0,0,0,0,0,0
2023,886,Greg Dortch,ARZ,WR,1,6,LA,87.5,0,21.9,7,41.2,0,0,0,0,,0,0,0,0,,,0,,0,,0,,0,0,0,0,0,0,0,0,,0,0,0,,0,,0,,0,,0,0,,0,0,,0,,,14.3,85.7,0,0,0,0,0,0,0,0,0,0
2023,887,Juwann Winfree,IND,WR,1,1,JAX,100,0,7.2,3,25,0,0,0,0,,0,0,0,0,,,0,,0,,0,,0,0,0,0,0,0,0,0,,0,0,0,,0,,0,,0,,0,0,,0,0,,0,,,100,0,0,0,0,0,0,0,0,0,0,0
2023,888,Drew Sample,CIN,TE,1,1,CLV,18.181818181818183,0,33.3,2,16.7,0,0,0,0,,0,0,0,0,,,0,,0,,0,,0,0,0,0,0,0,0,0,,0,0,0,,0,,0,,0,,0,0,,0,0,,0,,,0,0,100,0,0,0,0,0,0,0,0,0
2023,889,Drew Sample,CIN,TE,1,2,BLT,18.181818181818183,0,22.8,2,11.8,0,0,0,0,,0,0,0,0,,,0,,0,,0,,0,0,0,0,0,0,0,0,,0,0,0,,0,,0,,0,,0,0,,0,0,,0,,,0,0,100,0,0,0,0,0,0,0,0,0
2023,890,Drew Sample,CIN,TE,1,3,LA,27.27272727272727,0,45.9,3,15.8,0,0,0,0,,0,0,0,0,,,0,,0,,0,,0,0,0,0,0,0,0,0,,0,0,0,,0,,0,,0,,0,0,,0,0,,0,,,0,0,100,0,0,0,0,0,0,0,0,0
2023,891,Drew Sample,CIN,TE,1,4,TEN,9.090909090909092,0,31.4,1,10,0,0,0,0,,0,0,0,0,,,0,,0,,0,,0,0,0,0,0,0,0,0,,0,0,0,,0,,0,,0,,0,0,,0,0,,0,,,0,100,0,0,0,0,0,0,0,0,0,0
2023,892,Drew Sample,CIN,TE,1,5,ARZ,9.090909090909092,0,34.2,1,4,0,0,0,0,,0,0,0,0,,,0,,0,,0,,0,0,0,0,0,0,0,0,,0,0,0,,0,,0,,0,,0,0,,0,0,,0,,,0,0,100,0,0,0,0,0,0,0,0,0
2023,893,Drew Sample,CIN,TE,1,6,SEA,18.181818181818183,0,34,2,16.7,0,0,0,0,,0,0,0,0,,,0,,0,,0,,0,0,0,0,0,0,0,0,,0,0,0,,0,,0,,0,,0,0,,0,0,,0,,,0,0,100,0,0,0,0,0,0,0,0,0
2023,894,Parris Campbell,NYG,WR,1,1,DAL,31.428571428571427,20,64.6,11,91.7,1,8.3,0,0.09,6,6,4.6,0,0,0,0,0,0,0,0,0,0,0,0,0,1,0,0,0,0,39.6,1,12.5,0,0,0,0,0,0,0,0,0,0,0,0,0,0,9.1,-6.95,-0.511,18.2,72.7,0,9.1,0,0,0,0,0,0,0,0
2023,895,Parris Campbell,NYG,WR,1,2,ARZ,25.71428571428571,0,67.2,9,69.2,0,0,0,0,,0,0,0,0,,,0,,0,,0,,0,0,0,0,0,0,0,0,,0,0,0,,0,,0,,0,,0,0,,0,0,,0,,,11.1,88.9,0,0,0,0,0,0,0,0,0,0
2023,896,Parris Campbell,NYG,WR,1,4,SEA,11.428571428571429,20,31.1,4,40,1,10,0,0.25,4,4,8,0,0,0,0,0,0,0,0,0,0,0,0,0,1,0,0,0,0,0,1,11.1,0,0,0,0,0,0,0,0,0,0,0,0,0,0,25,-6.05,-12.444,25,75,0,0,0,0,0,0,0,0,0,0
2023,897,Parris Campbell,NYG,WR,1,5,MIA,8.571428571428571,0,22.1,3,25,0,0,0,0,,0,0,0,0,,,0,,0,,0,,0,0,0,0,0,0,0,0,,0,0,0,,0,,0,,0,,0,0,,0,0,,0,,,0,100,0,0,0,0,0,0,0,0,0,0
2023,898,Noah Fant,SEA,TE,1,1,LA,23.333333333333332,0,50,7,63.6,0,0,0,0,,0,0,0,0,,,0,,0,,0,,0,0,0,0,0,0,0,0,,0,0,0,,0,,0,,0,,0,0,,0,0,,0,,,28.6,57.1,14.3,0,0,0,0,0,0,0,0,0
2023,899,Noah Fant,SEA,TE,1,2,DET,23.333333333333332,0,44.8,7,46.7,0,0,0,0,,0,0,0,0,,,0,,0,,0,,0,0,0,0,0,0,0,0,,0,0,0,,0,,0,,0,,0,0,,0,0,,0,,,0,28.6,57.1,14.3,0,0,0,0,0,0,0,0
2023,900,Noah Fant,SEA,TE,1,3,CAR,20,0,64.8,6,37.5,0,0,0,0,,0,0,0,0,,,0,,0,,0,,0,0,0,0,0,0,0,0,,0,0,0,,0,,0,,0,,0,0,,0,0,,0,,,0,33.3,66.7,0,0,0,0,0,0,0,0,0
2023,901,Noah Fant,SEA,TE,1,4,NYG,6.666666666666667,0,45.1,2,20,0,0,0,0,,0,0,0,0,,,0,,0,,0,,0,0,0,0,0,0,0,0,,0,0,0,,0,,0,,0,,0,0,,0,0,,0,,,0,50,50,0,0,0,0,0,0,0,0,0
2023,902,Noah Fant,SEA,TE,1,6,CIN,26.666666666666668,0,41.4,8,44.4,0,0,0,0,,0,0,0,0,,,0,,0,,0,,0,0,0,0,0,0,0,0,,0,0,0,,0,,0,,0,,0,0,,0,0,,0,,,0,62.5,37.5,0,0,0,0,0,0,0,0,0
2023,903,Dawson Knox,BUF,TE,1,3,WAS,11.538461538461538,0,60,6,46.2,0,0,0,0,,0,0,0,0,,,0,,0,,0,,0,0,0,0,0,0,0,0,,0,0,0,,0,,0,,0,,0,0,,0,0,,0,,,16.7,33.3,50,0,0,0,0,0,0,0,0,0
2023,904,Dawson Knox,BUF,TE,1,5,JAX,25,0,72.2,13,61.9,0,0,0,0,,0,0,0,0,,,0,,0,,0,,0,0,0,0,0,0,0,0,,0,0,0,,0,,0,,0,,0,0,,0,0,,0,,,7.7,46.2,30.8,15.4,0,0,0,0,0,0,0,0
2023,905,Miles Boykin,PIT,WR,1,5,BLT,50,50,16.9,2,14.3,1,7.1,0,0.5,5,5,2.1,0,0,0,0,0,0,0,0,0,0,0,0.01,0,0,0,0,0,0,39.6,1,7.7,0,0,1,100,0,0,0,0,1,0,0,0,0,0,50,-6.36,-0.397,100,0,0,0,0,0.8,0,0.83,-0.83,0,0.42,0.8
2023,906,Deebo Samuel,SF,WR,1,4,ARZ,11.627906976744185,0,86.8,5,71.4,0,0,0,0,,0,0,0,0,,,0,,0,,0,,0,0,0,0,0,0,0,0,,0,0,0,,0,,0,,0,,0,0,,0,0,,0,,,40,20,0,40,0,0,0,0,0,0,0,0
2023,907,Deebo Samuel,SF,WR,1,6,CLV,2.3255813953488373,4.761904761904762,14.5,1,9.1,1,9.1,0,1,4,4,2.7,0,0,0,0,0,0,0,0,0,0,0,0,0,0,0,0,0,0,39.6,1,11.1,0,0,1,100,0,0,0,0,1,0,0,0,0,0,100,-6.05,-0.922,100,0,0,0,0,0.4,0,0.38,-0.38,0,0.38,0.4
2023,908,Mitchell Wilcox,CIN,TE,1,3,LA,50,0,41.9,6,31.6,0,0,0,0,,0,0,0,0,,,0,,0,,0,,0,0,0,0,0,0,0,0,,0,0,0,,0,,0,,0,,0,0,,0,0,,0,,,0,0,100,0,0,0,0,0,0,0,0,0
2023,909,Mitchell Wilcox,CIN,TE,1,4,TEN,33.33333333333333,0,37.3,4,40,0,0,0,0,,0,0,0,0,,,0,,0,,0,,0,0,0,0,0,0,0,0,,0,0,0,,0,,0,,0,,0,0,,0,0,,0,,,0,0,100,0,0,0,0,0,0,0,0,0
2023,910,Mitchell Wilcox,CIN,TE,1,5,ARZ,16.666666666666664,0,24.1,2,8,0,0,0,0,,0,0,0,0,,,0,,0,,0,,0,0,0,0,0,0,0,0,,0,0,0,,0,,0,,0,,0,0,,0,0,,0,,,0,0,100,0,0,0,0,0,0,0,0,0
2023,911,Kirk Merritt,NO,WR,1,1,TEN,100,0,3.1,2,11.8,0,0,0,0,,0,0,0,0,,,0,,0,,0,,0,0,0,0,0,0,0,0,,0,0,0,,0,,0,,0,,0,0,,0,0,,0,,,50,50,0,0,0,0,0,0,0,0,0,0
2023,912,Sean McKeon,DAL,TE,1,4,NE,66.66666666666666,0,24.6,2,10.5,0,0,0,0,,0,0,0,0,,,0,,0,,0,,0,0,0,0,0,0,0,0,,0,0,0,,0,,0,,0,,0,0,,0,0,,0,,,0,0,100,0,0,0,0,0,0,0,0,0
2023,913,Sean McKeon,DAL,TE,1,6,LAC,33.33333333333333,0,13.1,1,5.9,0,0,0,0,,0,0,0,0,,,0,,0,,0,,0,0,0,0,0,0,0,0,,0,0,0,,0,,0,,0,,0,0,,0,0,,0,,,0,0,100,0,0,0,0,0,0,0,0,0
2023,914,Juwan Johnson,NO,TE,1,2,CAR,29.72972972972973,0,81.1,11,57.9,0,0,0,0,,0,0,0,0,,,0,,0,,0,,0,0,0,0,0,0,0,0,,0,0,0,,0,,0,,0,,0,0,,0,0,,0,,,9.1,45.5,45.5,0,0,0,0,0,0,0,0,0
2023,915,Lawrence Cager,NYG,TE,1,1,DAL,100,0,24.6,1,8.3,0,0,0,0,,0,0,0,0,,,0,,0,,0,,0,0,0,0,0,0,0,0,,0,0,0,,0,,0,,0,,0,0,,0,0,,0,,,0,0,100,0,0,0,0,0,0,0,0,0
2023,916,Isaiah Hodgins,NYG,WR,1,3,SF,17.647058823529413,0,67.4,6,46.2,0,0,0,0,,0,0,0,0,,,0,,0,,0,,0,0,0,0,0,0,0,0,,0,0,0,,0,,0,,0,,0,0,,0,0,,0,,,50,50,0,0,0,0,0,0,0,0,0,0
2023,917,Isaiah Hodgins,NYG,WR,1,6,BUF,2.941176470588235,0,21.9,1,9.1,0,0,0,0,,0,0,0,0,,,0,,0,,0,,0,0,0,0,0,0,0,0,,0,0,0,,0,,0,,0,,0,0,,0,0,,0,,,100,0,0,0,0,0,0,0,0,0,0,0
2023,918,Nick Westbrook-Ikhine,TEN,WR,1,1,NO,19.047619047619047,16.666666666666664,83.1,8,72.7,2,18.2,0,0.25,7.5,15,9.9,0,0,0,0,0,0,0,0,0,0,0,0.04,0,1,0,0,0,0,39.6,2,20,0,0,2,100,0,0,0,0,2,0,0,0,0,0,25,-7.29,-0.689,50,50,0,0,0,2.5,0,2.47,-2.47,0,0.31,2.5
2023,919,Nick Westbrook-Ikhine,TEN,WR,1,3,CLV,26.190476190476193,0,80,11,84.6,0,0,0,0,,0,0,0,0,,,0,,0,,0,,0,0,0,0,0,0,0,0,,0,0,0,,0,,0,,0,,0,0,,0,0,,0,,,0,100,0,0,0,0,0,0,0,0,0,0
2023,920,Kristian Wilkerson,LV,WR,1,1,DEN,44.44444444444444,0,21.8,4,22.2,0,0,0,0,,0,0,0,0,,,0,,0,,0,,0,0,0,0,0,0,0,0,,0,0,0,,0,,0,,0,,0,0,,0,0,,0,,,100,0,0,0,0,0,0,0,0,0,0,0
2023,921,Kristian Wilkerson,LV,WR,1,2,BUF,55.55555555555556,0,71.8,5,71.4,0,0,0,0,,0,0,0,0,,,0,,0,,0,,0,0,0,0,0,0,0,0,,0,0,0,,0,,0,,0,,0,0,,0,0,,0,,,100,0,0,0,0,0,0,0,0,0,0,0
2023,922,Harrison Bryant,CLV,TE,1,1,CIN,16.666666666666664,0,37.5,2,22.2,0,0,0,0,,0,0,0,0,,,0,,0,,0,,0,0,0,0,0,0,0,0,,0,0,0,,0,,0,,0,,0,0,,0,0,,0,,,0,50,0,50,0,0,0,0,0,0,0,0
2023,923,Harrison Bryant,CLV,TE,1,2,PIT,25,0,29.6,3,17.6,0,0,0,0,,0,0,0,0,,,0,,0,,0,,0,0,0,0,0,0,0,0,,0,0,0,,0,,0,,0,,0,0,,0,0,,0,,,0,66.7,33.3,0,0,0,0,0,0,0,0,0
2023,924,Harrison Bryant,CLV,TE,1,3,TEN,50,0,34.3,6,42.9,0,0,0,0,,0,0,0,0,,,0,,0,,0,,0,0,0,0,0,0,0,0,,0,0,0,,0,,0,,0,,0,0,,0,0,,0,,,0,16.7,33.3,50,0,0,0,0,0,0,0,0
2023,925,Harrison Bryant,CLV,TE,1,6,SF,8.333333333333332,0,35.7,1,7.7,0,0,0,0,,0,0,0,0,,,0,,0,,0,,0,0,0,0,0,0,0,0,,0,0,0,,0,,0,,0,,0,0,,0,0,,0,,,0,0,100,0,0,0,0,0,0,0,0,0
2023,926,Donovan Peoples-Jones,CLV,WR,1,2,PIT,28.30188679245283,22.22222222222222,88.9,15,88.2,2,11.8,0,0.13,10.5,21,7.2,0,0,0,0,0,0,0,0,0,0,0,0,0,0,0,0,0,0,39.6,2,13.3,0,0,0,0,0,0,0,0,0,0,0,0,0,0,13.3,-8.86,-1.347,40,60,0,0,0,0,0,0,0,0,0,0
2023,927,Donovan Peoples-Jones,CLV,WR,1,6,SF,18.867924528301888,11.11111111111111,80,10,76.9,1,7.7,0,0.1,25,25,14.5,0,0,0,0,0,0,0,0,0,0,0,0,0,0,0,0,0,0,39.6,1,8.3,0,0,0,0,1,0,0,0,0,0,0,0,0,0,10,-11.49,-0.527,90,10,0,0,0,0,0,0.02,-0.02,0,0,0
2023,928,Colby Parkinson,SEA,TE,1,1,LA,9.523809523809524,0,43.5,2,18.2,0,0,0,0,,0,0,0,0,,,0,,0,,0,,0,0,0,0,0,0,0,0,,0,0,0,,0,,0,,0,,0,0,,0,0,,0,,,0,0,100,0,0,0,0,0,0,0,0,0
2023,929,Colby Parkinson,SEA,TE,1,2,DET,14.285714285714285,0,52.2,3,20,0,0,0,0,,0,0,0,0,,,0,,0,,0,,0,0,0,0,0,0,0,0,,0,0,0,,0,,0,,0,,0,0,,0,0,,0,,,33.3,33.3,33.3,0,0,0,0,0,0,0,0,0
2023,930,Colby Parkinson,SEA,TE,1,3,CAR,47.61904761904761,0,70.4,10,62.5,0,0,0,0,,0,0,0,0,,,0,,0,,0,,0,0,0,0,0,0,0,0,,0,0,0,,0,,0,,0,,0,0,,0,0,,0,,,0,40,60,0,0,0,0,0,0,0,0,0
2023,931,Colby Parkinson,SEA,TE,1,4,NYG,9.523809523809524,0,58.8,2,20,0,0,0,0,,0,0,0,0,,,0,,0,,0,,0,0,0,0,0,0,0,0,,0,0,0,,0,,0,,0,,0,0,,0,0,,0,,,0,100,0,0,0,0,0,0,0,0,0,0
2023,932,Colby Parkinson,SEA,TE,1,6,CIN,19.047619047619047,0,44.3,4,22.2,0,0,0,0,,0,0,0,0,,,0,,0,,0,,0,0,0,0,0,0,0,0,,0,0,0,,0,,0,,0,,0,0,,0,0,,0,,,0,50,50,0,0,0,0,0,0,0,0,0
2023,933,Jauan Jennings,SF,WR,1,1,PIT,13.636363636363635,50,33.3,3,27.3,1,9.1,0,0.33,12,12,11.1,0,0,0,0,0,0,0,0,0,0,0,0.01,0,0,0,0,0,0,39.6,1,12.5,0,0,1,100,0,0,0,0,1,0,0,0,0,0,25,-9.05,-0.738,33.3,66.7,0,0,0,1.2,0,1.24,-1.24,0,0.41,1.2
2023,934,Jauan Jennings,SF,WR,1,2,LA,18.181818181818183,50,48.1,4,44.4,1,11.1,0,0.25,20,20,17.2,0,0,0,0,0,0,0,0,0,0,0,0,0,0,0,0,0,0,39.6,1,11.1,0,0,0,0,1,0,0,0,0,0,0,0,0,0,20,-10.87,-1.403,50,50,0,0,0,0,0,0.04,-0.04,0,0.01,0
2023,935,Jauan Jennings,SF,WR,1,3,NYG,18.181818181818183,0,37.2,4,30.8,0,0,0,0,,0,0,0,0,,,0,,0,,0,,0,0,0,0,0,0,0,0,,0,0,0,,0,,0,,0,,0,0,,0,0,,0,,,50,50,0,0,0,0,0,0,0,0,0,0
2023,936,Jauan Jennings,SF,WR,1,5,DAL,4.545454545454546,0,35.8,1,11.1,0,0,0,0,,0,0,0,0,,,0,,0,,0,,0,0,0,0,0,0,0,0,,0,0,0,,0,,0,,0,,0,0,,0,0,,0,,,0,100,0,0,0,0,0,0,0,0,0,0
2023,937,Jauan Jennings,SF,WR,1,6,CLV,45.45454545454545,0,52.7,10,90.9,0,0,0,0,,0,0,0,0,,,0,,0,,0,,0,0,0,0,0,0,0,0,,0,0,0,,0,,0,,0,,0,0,,0,0,,0,,,20,80,0,0,0,0,0,0,0,0,0,0
2023,938,Laviska Shenault,CAR,WR,1,2,NO,9.090909090909092,0,16.1,1,10,0,0,0,0,,0,0,0,0,,,0,,0,,0,,0,0,0,0,0,0,0,0,,0,0,0,,0,,0,,0,,0,0,,0,0,,0,,,0,0,0,100,0,0,0,0,0,0,0,0
2023,939,Laviska Shenault,CAR,WR,1,3,SEA,9.090909090909092,25,13.3,1,3.8,1,3.8,0,1,-1,-1,-0.4,0,0,0,0,1,100,1,1,0,0,0,0,0,0,0,0,0,0,79.2,1,5,1,100,1,100,0,0,0,0,0,0,0,0,0,0,100,-6.17,-0.751,100,0,0,0,1,1.6,1,1.57,-0.57,1,1.57,1.6
2023,940,Laviska Shenault,CAR,WR,1,5,DET,27.27272727272727,0,23.1,3,21.4,0,0,0,0,,0,0,0,0,,,0,,0,,0,,0,0,0,0,0,0,0,0,,0,0,0,,0,,0,,0,,0,0,,0,0,,0,,,66.7,33.3,0,0,0,0,0,0,0,0,0,0
2023,941,Quez Watkins,PHI,WR,1,1,NE,52.38095238095239,0,77,11,64.7,0,0,0,0,,0,0,0,0,,,0,,0,,0,,0,0,0,0,0,0,0,0,,0,0,0,,0,,0,,0,,0,0,,0,0,,0,,,0,100,0,0,0,0,0,0,0,0,0,0
2023,942,Quez Watkins,PHI,WR,1,2,MIN,4.761904761904762,0,14.7,1,7.7,0,0,0,0,,0,0,0,0,,,0,,0,,0,,0,0,0,0,0,0,0,0,,0,0,0,,0,,0,,0,,0,0,,0,0,,0,,,100,0,0,0,0,0,0,0,0,0,0,0
2023,943,Quez Watkins,PHI,WR,1,5,LA,42.857142857142854,0,65.4,9,81.8,0,0,0,0,,0,0,0,0,,,0,,0,,0,,0,0,0,0,0,0,0,0,,0,0,0,,0,,0,,0,,0,0,,0,0,,0,,,0,100,0,0,0,0,0,0,0,0,0,0
2023,944,Cole Kmet,CHI,TE,1,1,GB,19.444444444444446,25,97.1,7,87.5,1,12.5,0,0.14,15,15,36.6,0,0,0,0,0,0,0,0,0,0,0,0.32,0,1,1,0,0,0,39.6,1,25,0,0,1,100,0,0,0,0,1,0,0,0,0,0,12.5,-10.64,-0.657,28.6,57.1,14.3,0,0,2.4,0,2.45,-2.45,0,0.35,2.4
2023,945,Cole Kmet,CHI,TE,1,2,TB,8.333333333333332,0,66.7,3,30,0,0,0,0,,0,0,0,0,,,0,,0,,0,,0,0,0,0,0,0,0,0,,0,0,0,,0,,0,,0,,0,0,,0,0,,0,,,0,33.3,66.7,0,0,0,0,0,0,0,0,0
2023,946,Cole Kmet,CHI,TE,1,3,KC,13.88888888888889,0,76.5,5,45.5,0,0,0,0,,0,0,0,0,,,0,,0,,0,,0,0,0,0,0,0,0,0,,0,0,0,,0,,0,,0,,0,0,,0,0,,0,,,0,100,0,0,0,0,0,0,0,0,0,0
2023,947,Cole Kmet,CHI,TE,1,6,MIN,16.666666666666664,0,95.4,6,60,0,0,0,0,,0,0,0,0,,,0,,0,,0,,0,0,0,0,0,0,0,0,,0,0,0,,0,,0,,0,,0,0,,0,0,,0,,,16.7,50,33.3,0,0,0,0,0,0,0,0,0
2023,948,Darnell Mooney,CHI,WR,1,1,GB,13.043478260869565,0,84.3,6,75,0,0,0,0,,0,0,0,0,,,0,,0,,0,,0,0,0,0,0,0,0,0,,0,0,0,,0,,0,,0,,0,0,,0,0,,0,,,16.7,66.7,0,16.7,0,0,0,0,0,0,0,0
2023,949,Darnell Mooney,CHI,WR,1,2,TB,6.521739130434782,0,29.4,3,30,0,0,0,0,,0,0,0,0,,,0,,0,,0,,0,0,0,0,0,0,0,0,,0,0,0,,0,,0,,0,,0,0,,0,0,,0,,,33.3,66.7,0,0,0,0,0,0,0,0,0,0
2023,950,Darnell Mooney,CHI,WR,1,3,KC,17.391304347826086,0,70.6,8,72.7,0,0,0,0,,0,0,0,0,,,0,,0,,0,,0,0,0,0,0,0,0,0,,0,0,0,,0,,0,,0,,0,0,,0,0,,0,,,0,100,0,0,0,0,0,0,0,0,0,0
2023,951,Darnell Mooney,CHI,WR,1,5,WAS,17.391304347826086,20,78.1,8,66.7,1,8.3,0,0.13,33,33,22.9,0,0,0,0,0,0,0,0,0,0,0,0,0,0,0,0,0,0,39.6,1,9.1,0,0,0,0,1,0,0,0,0,0,0,0,0,0,12.5,-12.47,-0.661,12.5,87.5,0,0,0,0,0,0,0,0,0,0
2023,952,Darnell Mooney,CHI,WR,1,6,MIN,17.391304347826086,20,78.5,8,80,1,10,0,0.13,-7,-7,-8.4,0,0,0,0,0,0,0,0,0,0,0,0,0,0,0,0,0,0,39.6,1,11.1,1,100,0,0,0,0,0,0,0,0,0,0,0,0,10,-2.54,-1.749,37.5,62.5,0,0,0,0.1,0,0.11,-0.11,0,0.01,0.1
2023,953,Chase Claypool,CHI,WR,1,1,GB,26.08695652173913,16.666666666666664,78.6,6,75,2,25,0,0.33,0.5,1,2.4,0,0,0,0,0,0,0,0,0,0,0,0,0,0,0,0,0,0,39.6,1,25,1,50,2,100,0,0,1,50,1,0,0,0,0,0,33.3,-5.5,-1.247,83.3,16.7,0,0,0,2.6,0,2.58,-2.58,0,0.43,2.6
2023,954,Devin Duvernay,BLT,WR,1,2,CIN,11.11111111111111,100,31.4,1,11.1,1,11.1,0,1,-1,-1,-0.8,0,0,0,0,0,0,0,0,0,0,0,0,0,0,0,0,0,0,39.6,1,12.5,1,100,0,0,0,0,0,0,0,0,0,0,0,0,100,-6.17,-0.522,100,0,0,0,0,0,0,0,0,0,0,0
2023,955,Devin Duvernay,BLT,WR,1,3,IND,44.44444444444444,0,25,4,28.6,0,0,0,0,,0,0,0,0,,,0,,0,,0,,0,0,0,0,0,0,0,0,,0,0,0,,0,,0,,0,,0,0,,0,0,,0,,,25,75,0,0,0,0,0,0,0,0,0,0
2023,956,Devin Duvernay,BLT,WR,1,4,CLV,44.44444444444444,0,60,4,100,0,0,0,0,,0,0,0,0,,,0,,0,,0,,0,0,0,0,0,0,0,0,,0,0,0,,0,,0,,0,,0,0,,0,0,,0,,,25,75,0,0,0,0,0,0,0,0,0,0
2023,957,Josiah Deguara,GB,TE,1,1,CHI,6.666666666666667,0,31.7,1,6.7,0,0,0,0,,0,0,0,0,,,0,,0,,0,,0,0,0,0,0,0,0,0,,0,0,0,,0,,0,,0,,0,0,,0,0,,0,,,0,0,0,100,0,0,0,0,0,0,0,0
2023,958,Josiah Deguara,GB,TE,1,2,ATL,13.333333333333334,0,34,2,18.2,0,0,0,0,,0,0,0,0,,,0,,0,,0,,0,0,0,0,0,0,0,0,,0,0,0,,0,,0,,0,,0,0,,0,0,,0,,,50,0,50,0,0,0,0,0,0,0,0,0
2023,959,Josiah Deguara,GB,TE,1,3,NO,13.333333333333334,0,22.5,2,11.1,0,0,0,0,,0,0,0,0,,,0,,0,,0,,0,0,0,0,0,0,0,0,,0,0,0,,0,,0,,0,,0,0,,0,0,,0,,,0,50,50,0,0,0,0,0,0,0,0,0
2023,960,Josiah Deguara,GB,TE,1,4,DET,66.66666666666666,0,62.3,10,62.5,0,0,0,0,,0,0,0,0,,,0,,0,,0,,0,0,0,0,0,0,0,0,,0,0,0,,0,,0,,0,,0,0,,0,0,,0,,,0,70,20,10,0,0,0,0,0,0,0,0
2023,961,K.J. Osborn,MIN,WR,1,4,CAR,8.333333333333332,0,84.1,7,87.5,0,0,0,0,,0,0,0,0,,,0,,0,,0,,0,0,0,0,0,0,0,0,,0,0,0,,0,,0,,0,,0,0,,0,0,,0,,,14.3,85.7,0,0,0,0,0,0,0,0,0,0
2023,962,Lynn Bowden,NO,WR,1,3,GB,25,0,8.3,1,5.3,0,0,0,0,,0,0,0,0,,,0,,0,,0,,0,0,0,0,0,0,0,0,,0,0,0,,0,,0,,0,,0,0,,0,0,,0,,,0,100,0,0,0,0,0,0,0,0,0,0
2023,963,Lynn Bowden,NO,WR,1,4,TB,50,100,18,2,15.4,1,7.7,0,0.5,9,9,6.8,0,0,0,0,0,0,0,0,0,0,0,0,0,0,0,0,0,0,39.6,1,11.1,0,0,1,100,0,0,1,100,0,0,0,0,0,0,33.3,-7.45,-0.654,50,50,0,0,0,2.1,0,2.1,-2.1,0,1.05,2.1
2023,964,Lynn Bowden,NO,WR,1,6,HST,25,0,11.5,1,7.7,0,0,0,0,,0,0,0,0,,,0,,0,,0,,0,0,0,0,0,0,0,0,,0,0,0,,0,,0,,0,,0,0,,0,0,,0,,,100,0,0,0,0,0,0,0,0,0,0,0
2023,965,Jalen Reagor,NE,WR,1,6,LV,100,0,23.2,5,41.7,0,0,0,0,,0,0,0,0,,,0,,0,,0,,0,0,0,0,0,0,0,0,,0,0,0,,0,,0,,0,,0,0,,0,0,,0,,,80,20,0,0,0,0,0,0,0,0,0,0
2023,966,Jerry Jeudy,DEN,WR,1,6,KC,11.363636363636363,0,65.3,5,71.4,0,0,0,0,,0,0,0,0,,,0,,0,,0,,0,0,0,0,0,0,0,0,,0,0,0,,0,,0,,0,,0,0,,0,0,,0,,,0,100,0,0,0,0,0,0,0,0,0,0
2023,967,Tee Higgins,CIN,WR,1,1,CLV,22.641509433962266,23.076923076923077,94.4,12,100,6,50,0,0.5,19.17,115,58.1,0,0,0,0,0,0,0,0,0,0,0,0.03,0,0,1,0,0,0,39.6,6,50,0,0,2,33.3,3,0,1,16.7,1,0,0,0,0,0,50,-10.66,-0.876,91.7,8.3,0,0,0,3.6,0,3.63,-3.63,0,0.3,3.6
2023,968,Tee Higgins,CIN,WR,1,6,SEA,15.09433962264151,7.6923076923076925,52.8,8,66.7,2,16.7,0,0.25,22,44,27.7,0,0,0,0,0,0,0,0,0,0,0,0.04,0,0,0,0,0,0,39.6,2,20,0,0,2,100,1,0,1,50,1,0,0,0,0,0,25,-10.63,-0.418,75,25,0,0,0,4.9,0,4.89,-4.89,0,0.61,4.9
2023,969,Van Jefferson,ATL,WR,1,6,WAS,9.859154929577464,20,0,7,33.3,2,9.5,0,0.29,29,58,22.7,0,0,0,0,0,0,0,0,0,0,0,0,0,0,0,0,0,0,0,2,10.5,0,0,0,0,1,0,0,0,0,0,0,0,0,0,28.6,-10.97,-3.176,71.4,28.6,0,0,0,0.1,0,0.11,-0.11,0,0.02,0.1
2023,970,Adam Trautman,DEN,TE,1,2,WAS,19.148936170212767,0,82.3,9,75,0,0,0,0,,0,0,0,0,,,0,,0,,0,,0,0,0,0,0,0,0,0,,0,0,0,,0,,0,,0,,0,0,,0,0,,0,,,33.3,33.3,33.3,0,0,0,0,0,0,0,0,0
2023,971,Adam Trautman,DEN,TE,1,3,MIA,31.914893617021278,0,88.1,15,83.3,0,0,0,0,,0,0,0,0,,,0,,0,,0,,0,0,0,0,0,0,0,0,,0,0,0,,0,,0,,0,,0,0,,0,0,,0,,,13.3,73.3,13.3,0,0,0,0,0,0,0,0,0
2023,972,Adam Trautman,DEN,TE,1,4,CHI,14.893617021276595,0,87.5,7,63.6,0,0,0,0,,0,0,0,0,,,0,,0,,0,,0,0,0,0,0,0,0,0,,0,0,0,,0,,0,,0,,0,0,,0,0,,0,,,14.3,14.3,71.4,0,0,0,0,0,0,0,0,0
2023,973,Adam Trautman,DEN,TE,1,5,NYJ,10.638297872340425,0,89.5,5,71.4,0,0,0,0,,0,0,0,0,,,0,,0,,0,,0,0,0,0,0,0,0,0,,0,0,0,,0,,0,,0,,0,0,,0,0,,0,,,0,80,20,0,0,0,0,0,0,0,0,0
2023,974,Brycen Hopkins,LA,TE,1,1,SEA,50,0,29.5,3,15,0,0,0,0,,0,0,0,0,,,0,,0,,0,,0,0,0,0,0,0,0,0,,0,0,0,,0,,0,,0,,0,0,,0,0,,0,,,33.3,0,66.7,0,0,0,0,0,0,0,0,0
2023,975,Brycen Hopkins,LA,TE,1,2,SF,33.33333333333333,0,10.3,2,8.7,0,0,0,0,,0,0,0,0,,,0,,0,,0,,0,0,0,0,0,0,0,0,,0,0,0,,0,,0,,0,,0,0,,0,0,,0,,,0,0,100,0,0,0,0,0,0,0,0,0
2023,976,Brycen Hopkins,LA,TE,1,4,IND,16.666666666666664,0,9,1,5.9,0,0,0,0,,0,0,0,0,,,0,,0,,0,,0,0,0,0,0,0,0,0,,0,0,0,,0,,0,,0,,0,0,,0,0,,0,,,0,0,100,0,0,0,0,0,0,0,0,0
2023,977,Charlie Woerner,SF,TE,1,1,PIT,16.666666666666664,0,31.8,1,9.1,0,0,0,0,,0,0,0,0,,,0,,0,,0,,0,0,0,0,0,0,0,0,,0,0,0,,0,,0,,0,,0,0,,0,0,,0,,,0,0,100,0,0,0,0,0,0,0,0,0
2023,978,Charlie Woerner,SF,TE,1,2,LA,16.666666666666664,0,13,1,11.1,0,0,0,0,,0,0,0,0,,,0,,0,,0,,0,0,0,0,0,0,0,0,,0,0,0,,0,,0,,0,,0,0,,0,0,,0,,,0,0,100,0,0,0,0,0,0,0,0,0
2023,979,Charlie Woerner,SF,TE,1,3,NYG,33.33333333333333,0,32.1,2,15.4,0,0,0,0,,0,0,0,0,,,0,,0,,0,,0,0,0,0,0,0,0,0,,0,0,0,,0,,0,,0,,0,0,,0,0,,0,,,0,50,50,0,0,0,0,0,0,0,0,0
2023,980,Charlie Woerner,SF,TE,1,5,DAL,33.33333333333333,0,32.8,2,22.2,0,0,0,0,,0,0,0,0,,,0,,0,,0,,0,0,0,0,0,0,0,0,,0,0,0,,0,,0,,0,,0,0,,0,0,,0,,,0,0,100,0,0,0,0,0,0,0,0,0
2023,981,Stephen Sullivan,CAR,TE,1,6,MIA,100,0,8.8,2,12.5,0,0,0,0,,0,0,0,0,,,0,,0,,0,,0,0,0,0,0,0,0,0,,0,0,0,,0,,0,,0,,0,0,,0,0,,0,,,0,100,0,0,0,0,0,0,0,0,0,0
2023,982,Tim Jones,JAX,WR,1,4,ATL,30,0,60.9,3,37.5,0,0,0,0,,0,0,0,0,,,0,,0,,0,,0,0,0,0,0,0,0,0,,0,0,0,,0,,0,,0,,0,0,,0,0,,0,,,33.3,66.7,0,0,0,0,0,0,0,0,0,0
2023,983,Tim Jones,JAX,WR,1,5,BUF,40,25,26.8,4,23.5,1,5.9,0,0.25,12,12,5.6,0,0,0,0,0,0,0,0,0,0,0,0,0,0,0,0,0,0,39.6,1,7.7,0,0,0,0,0,0,0,0,0,0,0,0,0,0,25,-9.05,-0.738,75,25,0,0,0,0,0,0.03,-0.03,0,0.01,0
2023,984,Matt Bushman,KC,TE,1,1,DET,100,0,9.7,2,12.5,0,0,0,0,,0,0,0,0,,,0,,0,,0,,0,0,0,0,0,0,0,0,,0,0,0,,0,,0,,0,,0,0,,0,0,,0,,,0,100,0,0,0,0,0,0,0,0,0,0
2023,985,Brevin Jordan,HST,TE,1,2,IND,40,0,19,2,9.1,0,0,0,0,,0,0,0,0,,,0,,0,,0,,0,0,0,0,0,0,0,0,,0,0,0,,0,,0,,0,,0,0,,0,0,,0,,,50,0,50,0,0,0,0,0,0,0,0,0
2023,986,Brevin Jordan,HST,TE,1,3,JAX,20,0,17.9,1,8.3,0,0,0,0,,0,0,0,0,,,0,,0,,0,,0,0,0,0,0,0,0,0,,0,0,0,,0,,0,,0,,0,0,,0,0,,0,,,0,100,0,0,0,0,0,0,0,0,0,0
2023,987,Brevin Jordan,HST,TE,1,4,PIT,20,0,18.8,1,7.7,0,0,0,0,,0,0,0,0,,,0,,0,,0,,0,0,0,0,0,0,0,0,,0,0,0,,0,,0,,0,,0,0,,0,0,,0,,,0,100,0,0,0,0,0,0,0,0,0,0
2023,988,Brevin Jordan,HST,TE,1,5,ATL,20,0,3.4,1,10,0,0,0,0,,0,0,0,0,,,0,,0,,0,,0,0,0,0,0,0,0,0,,0,0,0,,0,,0,,0,,0,0,,0,0,,0,,,100,0,0,0,0,0,0,0,0,0,0,0
2023,989,Quintin Morris,BUF,TE,1,2,LV,33.33333333333333,0,17.6,2,16.7,0,0,0,0,,0,0,0,0,,,0,,0,,0,,0,0,0,0,0,0,0,0,,0,0,0,,0,,0,,0,,0,0,,0,0,,0,,,0,50,50,0,0,0,0,0,0,0,0,0
2023,990,Quintin Morris,BUF,TE,1,5,JAX,16.666666666666664,0,9.3,1,4.8,0,0,0,0,,0,0,0,0,,,0,,0,,0,,0,0,0,0,0,0,0,0,,0,0,0,,0,,0,,0,,0,0,,0,0,,0,,,0,0,100,0,0,0,0,0,0,0,0,0
2023,991,Dyami Brown,WAS,WR,1,1,ARZ,7.6923076923076925,0,26.2,2,15.4,0,0,0,0,,0,0,0,0,,,0,,0,,0,,0,0,0,0,0,0,0,0,,0,0,0,,0,,0,,0,,0,0,,0,0,,0,,,50,50,0,0,0,0,0,0,0,0,0,0
2023,992,Dyami Brown,WAS,WR,1,3,BUF,11.538461538461538,12.5,21.6,3,21.4,1,7.1,0,0.33,19,19,12.8,0,0,0,0,0,0,0,0,0,0,0,0,0,0,0,0,0,0,0,0,0,0,0,0,0,0,0,0,0,0,0,0,0,0,0,33.3,-11.93,-2.274,66.7,33.3,0,0,0,0,0,-0.02,0.02,0,-0.01,0
2023,993,Dyami Brown,WAS,WR,1,6,ATL,19.230769230769234,12.5,20,5,41.7,1,8.3,0,0.2,30,30,20.8,0,0,0,0,0,0,0,0,0,0,0,0,0,0,0,0,0,0,39.6,1,10,0,0,1,100,1,0,1,100,0,0,0,0,0,0,20,-9.19,-0.555,100,0,0,0,0,1.8,0,1.76,-1.76,0,0.35,1.8
2023,994,John Bates,WAS,TE,1,1,ARZ,5.88235294117647,0,36.9,1,7.7,0,0,0,0,,0,0,0,0,,,0,,0,,0,,0,0,0,0,0,0,0,0,,0,0,0,,0,,0,,0,,0,0,,0,0,,0,,,0,0,100,0,0,0,0,0,0,0,0,0
2023,995,John Bates,WAS,TE,1,4,PHI,5.88235294117647,0,33.8,1,5,0,0,0,0,,0,0,0,0,,,0,,0,,0,,0,0,0,0,0,0,0,0,,0,0,0,,0,,0,,0,,0,0,,0,0,,0,,,0,0,100,0,0,0,0,0,0,0,0,0
2023,996,John Bates,WAS,TE,1,5,CHI,5.88235294117647,0,19.7,1,5.3,0,0,0,0,,0,0,0,0,,,0,,0,,0,,0,0,0,0,0,0,0,0,,0,0,0,,0,,0,,0,,0,0,,0,0,,0,,,0,100,0,0,0,0,0,0,0,0,0,0
2023,997,John Bates,WAS,TE,1,6,ATL,5.88235294117647,0,38,1,8.3,0,0,0,0,,0,0,0,0,,,0,,0,,0,,0,0,0,0,0,0,0,0,,0,0,0,,0,,0,,0,,0,0,,0,0,,0,,,0,0,100,0,0,0,0,0,0,0,0,0
2023,998,Ihmir Smith-Marsette,CAR,WR,1,3,SEA,66.66666666666666,0,4,2,7.7,0,0,0,0,,0,0,0,0,,,0,,0,,0,,0,0,0,0,0,0,0,0,,0,0,0,,0,,0,,0,,0,0,,0,0,,0,,,0,100,0,0,0,0,0,0,0,0,0,0
2023,999,Ihmir Smith-Marsette,CAR,WR,1,4,MIN,33.33333333333333,0,7.4,1,7.7,0,0,0,0,,0,0,0,0,,,0,,0,,0,,0,0,0,0,0,0,0,0,,0,0,0,,0,,0,,0,,0,0,,0,0,,0,,,0,100,0,0,0,0,0,0,0,0,0,0
2023,1000,Noah Gray,KC,TE,1,2,JAX,8.108108108108109,0,60.9,3,18.8,0,0,0,0,,0,0,0,0,,,0,,0,,0,,0,0,0,0,0,0,0,0,,0,0,0,,0,,0,,0,,0,0,,0,0,,0,,,0,66.7,33.3,0,0,0,0,0,0,0,0,0
2023,1001,Noah Gray,KC,TE,1,3,CHI,21.62162162162162,20,62.7,8,57.1,1,7.1,0,0.13,6,6,3.8,0,0,0,0,0,0,0,0,0,0,0,0.04,0,0,0,0,0,0,39.6,1,8.3,0,0,1,100,0,0,0,0,1,0,0,0,0,0,9.1,-7.09,-0.054,37.5,62.5,0,0,0,1.3,0,1.31,-1.31,0,0.16,1.3
2023,1002,Noah Gray,KC,TE,1,5,MIN,16.216216216216218,0,65.6,6,50,0,0,0,0,,0,0,0,0,,,0,,0,,0,,0,0,0,0,0,0,0,0,,0,0,0,,0,,0,,0,,0,0,,0,0,,0,,,16.7,66.7,16.7,0,0,0,0,0,0,0,0,0
2023,1003,Jack Stoll,PHI,TE,1,1,NE,8.333333333333332,0,19.7,1,5.9,0,0,0,0,,0,0,0,0,,,0,,0,,0,,0,0,0,0,0,0,0,0,,0,0,0,,0,,0,,0,,0,0,,0,0,,0,,,0,0,100,0,0,0,0,0,0,0,0,0
2023,1004,Jack Stoll,PHI,TE,1,2,MIN,33.33333333333333,0,34.7,4,30.8,0,0,0,0,,0,0,0,0,,,0,,0,,0,,0,0,0,0,0,0,0,0,,0,0,0,,0,,0,,0,,0,0,,0,0,,0,,,0,50,50,0,0,0,0,0,0,0,0,0
2023,1005,Jack Stoll,PHI,TE,1,3,TB,25,0,51.3,3,16.7,0,0,0,0,,0,0,0,0,,,0,,0,,0,,0,0,0,0,0,0,0,0,,0,0,0,,0,,0,,0,,0,0,,0,0,,0,,,0,33.3,66.7,0,0,0,0,0,0,0,0,0
2023,1006,Jack Stoll,PHI,TE,1,5,LA,8.333333333333332,0,28.2,1,9.1,0,0,0,0,,0,0,0,0,,,0,,0,,0,,0,0,0,0,0,0,0,0,,0,0,0,,0,,0,,0,,0,0,,0,0,,0,,,0,0,100,0,0,0,0,0,0,0,0,0
2023,1007,Jack Stoll,PHI,TE,1,6,NYJ,25,0,30.4,3,17.6,0,0,0,0,,0,0,0,0,,,0,,0,,0,,0,0,0,0,0,0,0,0,,0,0,0,,0,,0,,0,,0,0,,0,0,,0,,,0,0,100,0,0,0,0,0,0,0,0,0
2023,1008,Brock Wright,DET,TE,1,1,KC,7.142857142857142,0,38.6,1,5,0,0,0,0,,0,0,0,0,,,0,,0,,0,,0,0,0,0,0,0,0,0,,0,0,0,,0,,0,,0,,0,0,,0,0,,0,,,0,0,100,0,0,0,0,0,0,0,0,0
2023,1009,Brock Wright,DET,TE,1,2,SEA,14.285714285714285,0,39.1,2,18.2,0,0,0,0,,0,0,0,0,,,0,,0,,0,,0,0,0,0,0,0,0,0,,0,0,0,,0,,0,,0,,0,0,,0,0,,0,,,0,100,0,0,0,0,0,0,0,0,0,0
2023,1010,Brock Wright,DET,TE,1,3,ATL,21.428571428571427,0,43.8,3,30,0,0,0,0,,0,0,0,0,,,0,,0,,0,,0,0,0,0,0,0,0,0,,0,0,0,,0,,0,,0,,0,0,,0,0,,0,,,0,0,100,0,0,0,0,0,0,0,0,0
2023,1011,Brock Wright,DET,TE,1,4,GB,35.714285714285715,0,58.9,5,35.7,0,0,0,0,,0,0,0,0,,,0,,0,,0,,0,0,0,0,0,0,0,0,,0,0,0,,0,,0,,0,,0,0,,0,0,,0,,,0,40,60,0,0,0,0,0,0,0,0,0
2023,1012,Brock Wright,DET,TE,1,5,CAR,7.142857142857142,0,61.7,1,11.1,0,0,0,0,,0,0,0,0,,,0,,0,,0,,0,0,0,0,0,0,0,0,,0,0,0,,0,,0,,0,,0,0,,0,0,,0,,,100,0,0,0,0,0,0,0,0,0,0,0
2023,1013,Brock Wright,DET,TE,1,6,TB,14.285714285714285,0,60.9,2,15.4,0,0,0,0,,0,0,0,0,,,0,,0,,0,,0,0,0,0,0,0,0,0,,0,0,0,,0,,0,,0,,0,0,,0,0,,0,,,50,0,50,0,0,0,0,0,0,0,0,0
2023,1014,Austin Trammell,LA,WR,1,2,SF,33.33333333333333,0,1.3,1,4.3,0,0,0,0,,0,0,0,0,,,0,,0,,0,,0,0,0,0,0,0,0,0,,0,0,0,,0,,0,,0,,0,0,,0,0,,0,,,100,0,0,0,0,0,0,0,0,0,0,0
2023,1015,Austin Trammell,LA,WR,1,6,ARZ,66.66666666666666,0,7.3,2,16.7,0,0,0,0,,0,0,0,0,,,0,,0,,0,,0,0,0,0,0,0,0,0,,0,0,0,,0,,0,,0,,0,0,,0,0,,0,,,0,100,0,0,0,0,0,0,0,0,0,0
2023,1016,Tutu Atwell,LA,WR,1,6,ARZ,9.75609756097561,0,87.3,8,66.7,0,0,0,0,,0,0,0,0,,,0,,0,,0,,0,0,0,0,0,0,0,0,,0,0,0,,0,,0,,0,,0,0,,0,0,,0,,,37.5,62.5,0,0,0,0,0,0,0,0,0,0
2023,1017,Ben Skowronek,LA,WR,1,1,SEA,22.22222222222222,50,26.9,2,10,2,10,0,1,12.5,25,11,0,0,0,0,0,0,0,0,0,0,0,0,0,1,1,0,0,0,39.6,1,9.1,0,0,0,0,0,0,0,0,0,0,0,0,0,0,100,-9.44,-0.866,100,0,0,0,0,0,0,-0.04,0.04,0,-0.02,0
2023,1018,Ben Skowronek,LA,WR,1,4,IND,33.33333333333333,0,26.9,3,17.6,0,0,0,0,,0,0,0,0,,,0,,0,,0,,0,0,0,0,0,0,0,0,,0,0,0,,0,,0,,0,,0,0,,0,0,,0,,,0,100,0,0,0,0,0,0,0,0,0,0
2023,1019,Ben Skowronek,LA,WR,1,5,PHI,11.11111111111111,25,10.9,1,8.3,1,8.3,0,1,14,14,8.5,0,0,0,0,0,0,0,0,0,0,0,0,0,0,0,0,0,0,39.6,1,10,0,0,1,100,0,0,0,0,1,0,0,0,0,0,100,-9.81,-0.519,100,0,0,0,0,1.8,0,1.79,-1.79,0,1.79,1.8
2023,1020,Kylen Granson,IND,TE,1,1,JAX,21.951219512195124,0,62.3,9,75,0,0,0,0,,0,0,0,0,,,0,,0,,0,,0,0,0,0,0,0,0,0,,0,0,0,,0,,0,,0,,0,0,,0,0,,0,,,0,88.9,11.1,0,0,0,0,0,0,0,0,0
2023,1021,Kylen Granson,IND,TE,1,2,HST,17.073170731707318,0,64.3,7,58.3,0,0,0,0,,0,0,0,0,,,0,,0,,0,,0,0,0,0,0,0,0,0,,0,0,0,,0,,0,,0,,0,0,,0,0,,0,,,0,28.6,71.4,0,0,0,0,0,0,0,0,0
2023,1022,Kylen Granson,IND,TE,1,3,BLT,21.951219512195124,0,52.4,9,42.9,0,0,0,0,,0,0,0,0,,,0,,0,,0,,0,0,0,0,0,0,0,0,,0,0,0,,0,,0,,0,,0,0,,0,0,,0,,,0,88.9,11.1,0,0,0,0,0,0,0,0,0
2023,1023,Kylen Granson,IND,TE,1,5,TEN,4.878048780487805,0,39.3,2,22.2,0,0,0,0,,0,0,0,0,,,0,,0,,0,,0,0,0,0,0,0,0,0,,0,0,0,,0,,0,,0,,0,0,,0,0,,0,,,0,100,0,0,0,0,0,0,0,0,0,0
2023,1024,Kylen Granson,IND,TE,1,6,JAX,21.951219512195124,0,57.3,9,37.5,0,0,0,0,,0,0,0,0,,,0,,0,,0,,0,0,0,0,0,0,0,0,,0,0,0,,0,,0,,0,,0,0,,0,0,,0,,,11.1,55.6,33.3,0,0,0,0,0,0,0,0,0
2023,1025,Luke Farrell,JAX,TE,1,1,IND,36.36363636363637,0,46.4,4,22.2,0,0,0,0,,0,0,0,0,,,0,,0,,0,,0,0,0,0,0,0,0,0,,0,0,0,,0,,0,,0,,0,0,,0,0,,0,,,0,0,100,0,0,0,0,0,0,0,0,0
2023,1026,Luke Farrell,JAX,TE,1,2,KC,18.181818181818183,0,29.7,2,12.5,0,0,0,0,,0,0,0,0,,,0,,0,,0,,0,0,0,0,0,0,0,0,,0,0,0,,0,,0,,0,,0,0,,0,0,,0,,,50,0,50,0,0,0,0,0,0,0,0,0
2023,1027,Luke Farrell,JAX,TE,1,3,HST,9.090909090909092,0,33.3,1,7.7,0,0,0,0,,0,0,0,0,,,0,,0,,0,,0,0,0,0,0,0,0,0,,0,0,0,,0,,0,,0,,0,0,,0,0,,0,,,0,0,100,0,0,0,0,0,0,0,0,0
2023,1028,Luke Farrell,JAX,TE,1,5,BUF,27.27272727272727,0,37.8,3,17.6,0,0,0,0,,0,0,0,0,,,0,,0,,0,,0,0,0,0,0,0,0,0,,0,0,0,,0,,0,,0,,0,0,,0,0,,0,,,0,0,100,0,0,0,0,0,0,0,0,0
2023,1029,Luke Farrell,JAX,TE,1,6,IND,9.090909090909092,0,45.2,1,8.3,0,0,0,0,,0,0,0,0,,,0,,0,,0,,0,0,0,0,0,0,0,0,,0,0,0,,0,,0,,0,,0,0,,0,0,,0,,,0,0,100,0,0,0,0,0,0,0,0,0
2023,1030,Pat Freiermuth,PIT,TE,1,1,SF,31.25,0,50.8,10,62.5,0,0,0,0,,0,0,0,0,,,0,,0,,0,,0,0,0,0,0,0,0,0,,0,0,0,,0,,0,,0,,0,0,,0,0,,0,,,0,0,100,0,0,0,0,0,0,0,0,0
2023,1031,Pat Freiermuth,PIT,TE,1,2,CLV,31.25,0,75.5,10,90.9,0,0,0,0,,0,0,0,0,,,0,,0,,0,,0,0,0,0,0,0,0,0,,0,0,0,,0,,0,,0,,0,0,,0,0,,0,,,10,10,80,0,0,0,0,0,0,0,0,0
2023,1032,Pat Freiermuth,PIT,TE,1,3,LV,15.625,0,78.3,5,50,0,0,0,0,,0,0,0,0,,,0,,0,,0,,0,0,0,0,0,0,0,0,,0,0,0,,0,,0,,0,,0,0,,0,0,,0,,,0,40,60,0,0,0,0,0,0,0,0,0
2023,1033,Pat Freiermuth,PIT,TE,1,4,HST,21.875,0,48.2,7,50,0,0,0,0,,0,0,0,0,,,0,,0,,0,,0,0,0,0,0,0,0,0,,0,0,0,,0,,0,,0,,0,0,,0,0,,0,,,14.3,57.1,28.6,0,0,0,0,0,0,0,0,0
2023,1034,Kadarius Toney,KC,WR,1,4,NYJ,4.3478260869565215,0,25.8,1,16.7,0,0,0,0,,0,0,0,0,,,0,,0,,0,,0,0,0,0,0,0,0,0,,0,0,0,,0,,0,,0,,0,0,,0,0,,0,,,0,100,0,0,0,0,0,0,0,0,0,0
2023,1035,Rondale Moore,ARZ,WR,1,2,NYG,10.344827586206897,0,63.3,6,66.7,0,0,0,0,,0,0,0,0,,,0,,0,,0,,0,0,0,0,0,0,0,0,,0,0,0,,0,,0,,0,,0,0,,0,0,,0,,,16.7,83.3,0,0,0,0,0,0,0,0,0,0
2023,1036,Rondale Moore,ARZ,WR,1,3,DAL,8.620689655172415,25,52.8,5,71.4,1,14.3,0,0.2,-5,-5,-7.5,0,0,0,0,0,0,0,0,0,0,0,0,0,0,0,0,0,0,39.6,1,25,1,100,1,100,0,0,1,100,0,0,0,0,0,0,20,-4.16,-0.603,40,40,0,20,0,1.4,0,1.39,-1.39,0,0.28,1.4
2023,1037,Rondale Moore,ARZ,WR,1,4,SF,31.03448275862069,0,76.1,18,85.7,0,0,0,0,,0,0,0,0,,,0,,0,,0,,0,0,0,0,0,0,0,0,,0,0,0,,0,,0,,0,,0,0,,0,0,,0,,,16.7,77.8,0,5.6,0,0,0,0,0,0,0,0
2023,1038,Terrace Marshall,CAR,WR,1,2,NO,2.4390243902439024,0,39.3,1,10,0,0,0,0,,0,0,0,0,,,0,,0,,0,,0,0,0,0,0,0,0,0,,0,0,0,,0,,0,,0,,0,0,,0,0,,0,,,0,100,0,0,0,0,0,0,0,0,0,0
2023,1039,Terrace Marshall,CAR,WR,1,6,MIA,12.195121951219512,10.526315789473683,30.9,5,31.3,2,12.5,0,0.4,10,20,12.2,0,0,0,0,0,0,0,0,0,0,0,0,0,0,0,0,0,0,39.6,0,0,0,0,1,50,0,0,1,50,0,0,0,0,0,0,40,-7.88,-2.013,80,20,0,0,0,2.2,0,2.15,-2.15,0,0.43,2.2
2023,1040,Kyle Pitts,ATL,TE,1,3,DET,17.1875,21.428571428571427,78.5,11,84.6,3,23.1,0,0.27,22.67,68,34,0,0,0,0,0,0,0,0,0,0,0,0,0,0,0,0,0,0,39.6,3,27.3,0,0,0,0,2,0,0,0,0,0,0,0,0,0,27.3,-9.16,-0.872,27.3,63.6,9.1,0,0,0,0,0.03,-0.03,0,0,0
2023,1041,Kyle Pitts,ATL,TE,1,4,JAX,15.625,14.285714285714285,64.9,10,83.3,2,16.7,0,0.2,17,34,19.4,0,0,0,0,0,0,0,0,0,0,0,0,0,0,0,0,0,0,0,2,20,0,0,1,50,0,0,0,0,1,0,0,0,0,0,18.2,-11.58,-2.977,40,50,10,0,0,1.5,0,1.54,-1.54,0,0.15,1.5
2023,1042,Elijah Moore,CLV,WR,1,1,CIN,10.714285714285714,7.6923076923076925,69.4,6,66.7,1,11.1,0,0.17,5,5,2.9,0,0,0,0,0,0,0,0,0,0,0,0.01,0,0,0,0,0,0,39.6,1,11.1,0,0,1,100,0,0,1,100,0,0,0,0,0,0,16.7,-6.36,-1.411,16.7,83.3,0,0,0,1.7,0,1.7,-1.7,0,0.28,1.7
2023,1043,Josh Palmer,LAC,WR,1,1,MIA,16.666666666666664,0,67.1,10,71.4,0,0,0,0,,0,0,0,0,,,0,,0,,0,,0,0,0,0,0,0,0,0,,0,0,0,,0,,0,,0,,0,0,,0,0,,0,,,60,40,0,0,0,0,0,0,0,0,0,0
2023,1044,Amari Rodgers,IND,WR,1,6,JAX,100,100,26.7,6,25,2,8.3,0,0.33,19,38,15.8,0,0,0,0,0,0,0,0,0,0,0,0,0,0,0,0,0,0,39.6,2,9.5,0,0,1,50,1,0,1,50,0,0,0,0,0,0,28.6,-10.88,-1.002,66.7,33.3,0,0,0,3.3,0,3.28,-3.28,0,0.55,3.3
2023,1045,Tommy Tremble,CAR,TE,1,2,NO,7.142857142857142,0,14.3,1,10,0,0,0,0,,0,0,0,0,,,0,,0,,0,,0,0,0,0,0,0,0,0,,0,0,0,,0,,0,,0,,0,0,,0,0,,0,,,0,100,0,0,0,0,0,0,0,0,0,0
2023,1046,Tommy Tremble,CAR,TE,1,3,SEA,42.857142857142854,0,28,6,23.1,0,0,0,0,,0,0,0,0,,,0,,0,,0,,0,0,0,0,0,0,0,0,,0,0,0,,0,,0,,0,,0,0,,0,0,,0,,,0,33.3,66.7,0,0,0,0,0,0,0,0,0
2023,1047,Tommy Tremble,CAR,TE,1,4,MIN,21.428571428571427,0,45.6,3,23.1,0,0,0,0,,0,0,0,0,,,0,,0,,0,,0,0,0,0,0,0,0,0,,0,0,0,,0,,0,,0,,0,0,,0,0,,0,,,0,66.7,33.3,0,0,0,0,0,0,0,0,0
2023,1048,Tommy Tremble,CAR,TE,1,6,MIA,28.57142857142857,0,45.6,4,25,0,0,0,0,,0,0,0,0,,,0,,0,,0,,0,0,0,0,0,0,0,0,,0,0,0,,0,,0,,0,,0,0,,0,0,,0,,,0,0,100,0,0,0,0,0,0,0,0,0
2023,1049,Tre' McKitty,LAC,TE,1,2,TEN,50,0,4.6,1,4.5,0,0,0,0,,0,0,0,0,,,0,,0,,0,,0,0,0,0,0,0,0,0,,0,0,0,,0,,0,,0,,0,0,,0,0,,0,,,0,0,100,0,0,0,0,0,0,0,0,0
2023,1050,Tre' McKitty,LAC,TE,1,4,LV,50,0,34.9,1,9.1,0,0,0,0,,0,0,0,0,,,0,,0,,0,,0,0,0,0,0,0,0,0,,0,0,0,,0,,0,,0,,0,0,,0,0,,0,,,0,0,100,0,0,0,0,0,0,0,0,0
2023,1051,Cole Turner,WAS,TE,1,1,ARZ,5.263157894736842,16.666666666666664,15.4,1,7.7,1,7.7,0,1,12,12,12.2,0,0,0,0,0,0,0,0,0,0,0,0,0,0,0,0,0,0,39.6,1,10,0,0,1,100,0,0,0,0,0,0,0,0,0,0,100,-8.67,-0.271,100,0,0,0,0,2.2,0,2.25,-2.25,0,2.25,2.2
2023,1052,Cole Turner,WAS,TE,1,4,PHI,15.789473684210526,0,8.1,3,15,0,0,0,0,,0,0,0,0,,,0,,0,,0,,0,0,0,0,0,0,0,0,,0,0,0,,0,,0,,0,,0,0,,0,0,,0,,,0,66.7,33.3,0,0,0,0,0,0,0,0,0
2023,1053,Cole Turner,WAS,TE,1,6,ATL,5.263157894736842,0,18,1,8.3,0,0,0,0,,0,0,0,0,,,0,,0,,0,,0,0,0,0,0,0,0,0,,0,0,0,,0,,0,,0,,0,0,,0,0,,0,,,0,100,0,0,0,0,0,0,0,0,0,0
2023,1054,Grant Calcaterra,PHI,TE,1,1,NE,14.285714285714285,0,6.6,1,5.9,0,0,0,0,,0,0,0,0,,,0,,0,,0,,0,0,0,0,0,0,0,0,,0,0,0,,0,,0,,0,,0,0,,0,0,,0,,,100,0,0,0,0,0,0,0,0,0,0,0
2023,1055,Grant Calcaterra,PHI,TE,1,2,MIN,14.285714285714285,0,12,1,7.7,0,0,0,0,,0,0,0,0,,,0,,0,,0,,0,0,0,0,0,0,0,0,,0,0,0,,0,,0,,0,,0,0,,0,0,,0,,,0,100,0,0,0,0,0,0,0,0,0,0
2023,1056,Grant Calcaterra,PHI,TE,1,3,TB,14.285714285714285,0,15.4,1,5.6,0,0,0,0,,0,0,0,0,,,0,,0,,0,,0,0,0,0,0,0,0,0,,0,0,0,,0,,0,,0,,0,0,,0,0,,0,,,100,0,0,0,0,0,0,0,0,0,0,0
2023,1057,Grant Calcaterra,PHI,TE,1,5,LA,14.285714285714285,0,7.7,1,9.1,0,0,0,0,,0,0,0,0,,,0,,0,,0,,0,0,0,0,0,0,0,0,,0,0,0,,0,,0,,0,,0,0,,0,0,,0,,,0,100,0,0,0,0,0,0,0,0,0,0
2023,1058,Grant Calcaterra,PHI,TE,1,6,NYJ,42.857142857142854,0,7.2,3,17.6,0,0,0,0,,0,0,0,0,,,0,,0,,0,,0,0,0,0,0,0,0,0,,0,0,0,,0,,0,,0,,0,0,,0,0,,0,,,33.3,66.7,0,0,0,0,0,0,0,0,0,0
2023,1059,Samori Toure,GB,WR,1,3,NO,36.36363636363637,28.57142857142857,42.3,8,44.4,2,11.1,0,0.25,19,38,16.5,0,0,0,0,0,0,0,0,0,0,0,0,0,0,0,0,0,0,39.6,0,0,0,0,2,100,0,0,0,0,2,0,0,0,0,0,25,-11.93,-0.794,50,50,0,0,0,3,0,2.98,-2.98,0,0.37,3
2023,1060,Samori Toure,GB,WR,1,5,LV,4.545454545454546,0,5.3,1,10,0,0,0,0,,0,0,0,0,,,0,,0,,0,,0,0,0,0,0,0,0,0,,0,0,0,,0,,0,,0,,0,0,,0,0,,0,,,0,100,0,0,0,0,0,0,0,0,0,0
2023,1061,Britain Covey,PHI,WR,1,3,TB,50,0,5.1,2,11.1,0,0,0,0,,0,0,0,0,,,0,,0,,0,,0,0,0,0,0,0,0,0,,0,0,0,,0,,0,,0,,0,0,,0,0,,0,,,0,100,0,0,0,0,0,0,0,0,0,0
2023,1062,Britain Covey,PHI,WR,1,4,WAS,50,0,9,2,11.8,0,0,0,0,,0,0,0,0,,,0,,0,,0,,0,0,0,0,0,0,0,0,,0,0,0,,0,,0,,0,,0,0,,0,0,,0,,,0,100,0,0,0,0,0,0,0,0,0,0
2023,1063,Justyn Ross,KC,WR,1,3,CHI,44.44444444444444,16.666666666666664,36,4,28.6,1,7.1,0,0.25,4,4,2.6,0,0,0,0,0,0,0,0,0,0,0,0,0,0,0,0,0,0,39.6,1,8.3,0,0,1,100,0,0,0,0,1,0,0,0,0,0,20,-6.05,-0.774,100,0,0,0,0,1.1,0,1.11,-1.11,0,0.28,1.1
2023,1064,Drake London,ATL,WR,1,1,CAR,6.8493150684931505,2.857142857142857,89.6,5,83.3,1,16.7,0,0.2,5,5,7.1,0,0,0,0,0,0,0,0,0,0,0,0,0,0,0,0,0,0,39.6,1,25,0,0,1,100,0,0,1,100,0,0,0,0,0,0,20,-6.36,-0.581,100,0,0,0,0,1.8,0,1.78,-1.78,0,0.36,1.8
2023,1065,Chris Olave,NO,WR,1,4,TB,12.987012987012985,7.142857142857142,80.3,10,76.9,2,15.4,0,0.2,16.5,33,25,0,0,0,0,0,0,0,0,0,0,0,0,0,0,0,0,0,0,0,2,22.2,1,50,1,50,1,0,0,0,1,0,0,0,0,0,20,-9.35,-1.709,40,60,0,0,0,0.5,0,0.53,-0.53,0,0.05,0.5
2023,1066,Greg Dulcich,DEN,TE,1,1,LV,50,0,32.8,2,18.2,0,0,0,0,,0,0,0,0,,,0,,0,,0,,0,0,0,0,0,0,0,0,,0,0,0,,0,,0,,0,,0,0,,0,0,,0,,,0,100,0,0,0,0,0,0,0,0,0,0
2023,1067,Greg Dulcich,DEN,TE,1,6,KC,50,0,22.4,2,28.6,0,0,0,0,,0,0,0,0,,,0,,0,,0,,0,0,0,0,0,0,0,0,,0,0,0,,0,,0,,0,,0,0,,0,0,,0,,,0,50,50,0,0,0,0,0,0,0,0,0
2023,1068,David Bell,CLV,WR,1,4,BLT,33.33333333333333,0,12.3,3,23.1,0,0,0,0,,0,0,0,0,,,0,,0,,0,,0,0,0,0,0,0,0,0,,0,0,0,,0,,0,,0,,0,0,,0,0,,0,,,0,100,0,0,0,0,0,0,0,0,0,0
2023,1069,David Bell,CLV,WR,1,6,SF,33.33333333333333,50,12.9,3,23.1,1,7.7,0,0.33,6,6,3.5,0,0,0,0,0,0,0,0,0,0,0,0,0,0,0,0,0,0,39.6,1,8.3,0,0,0,0,0,0,0,0,0,0,0,0,0,0,33.3,-6.95,-0.419,33.3,66.7,0,0,0,0,0,0.02,-0.02,0,0.01,0
2023,1070,Khalil Shakir,BUF,WR,1,1,NYJ,10,0,10.3,1,5.6,0,0,0,0,,0,0,0,0,,,0,,0,,0,,0,0,0,0,0,0,0,0,,0,0,0,,0,,0,,0,,0,0,,0,0,,0,,,0,100,0,0,0,0,0,0,0,0,0,0
2023,1071,Khalil Shakir,BUF,WR,1,2,LV,20,0,16.2,2,16.7,0,0,0,0,,0,0,0,0,,,0,,0,,0,,0,0,0,0,0,0,0,0,,0,0,0,,0,,0,,0,,0,0,,0,0,,0,,,0,100,0,0,0,0,0,0,0,0,0,0
2023,1072,Khalil Shakir,BUF,WR,1,3,WAS,10,0,24.6,1,7.7,0,0,0,0,,0,0,0,0,,,0,,0,,0,,0,0,0,0,0,0,0,0,,0,0,0,,0,,0,,0,,0,0,,0,0,,0,,,100,0,0,0,0,0,0,0,0,0,0,0
2023,1073,Khalil Shakir,BUF,WR,1,5,JAX,40,0,31.5,4,19,0,0,0,0,,0,0,0,0,,,0,,0,,0,,0,0,0,0,0,0,0,0,,0,0,0,,0,,0,,0,,0,0,,0,0,,0,,,0,100,0,0,0,0,0,0,0,0,0,0
2023,1074,Khalil Shakir,BUF,WR,1,6,NYG,20,0,39,2,14.3,0,0,0,0,,0,0,0,0,,,0,,0,,0,,0,0,0,0,0,0,0,0,,0,0,0,,0,,0,,0,,0,0,,0,0,,0,,,0,100,0,0,0,0,0,0,0,0,0,0
2023,1075,Kyle Philips,TEN,WR,1,5,IND,50,0,24.1,2,16.7,0,0,0,0,,0,0,0,0,,,0,,0,,0,,0,0,0,0,0,0,0,0,,0,0,0,,0,,0,,0,,0,0,,0,0,,0,,,50,50,0,0,0,0,0,0,0,0,0,0
2023,1076,Kyle Philips,TEN,WR,1,6,BLT,50,0,45.7,2,28.6,0,0,0,0,,0,0,0,0,,,0,,0,,0,,0,0,0,0,0,0,0,0,,0,0,0,,0,,0,,0,,0,0,,0,0,,0,,,0,100,0,0,0,0,0,0,0,0,0,0
2023,1077,Teagan Quitoriano,HST,TE,1,2,IND,20,0,26.6,1,4.5,0,0,0,0,,0,0,0,0,,,0,,0,,0,,0,0,0,0,0,0,0,0,,0,0,0,,0,,0,,0,,0,0,,0,0,,0,,,0,0,100,0,0,0,0,0,0,0,0,0
2023,1078,Teagan Quitoriano,HST,TE,1,4,PIT,40,0,43.5,2,15.4,0,0,0,0,,0,0,0,0,,,0,,0,,0,,0,0,0,0,0,0,0,0,,0,0,0,,0,,0,,0,,0,0,,0,0,,0,,,0,0,100,0,0,0,0,0,0,0,0,0
2023,1079,Teagan Quitoriano,HST,TE,1,5,ATL,40,0,39.7,2,20,0,0,0,0,,0,0,0,0,,,0,,0,,0,,0,0,0,0,0,0,0,0,,0,0,0,,0,,0,,0,,0,0,,0,0,,0,,,50,0,50,0,0,0,0,0,0,0,0,0
2023,1080,James Mitchell,DET,TE,1,4,GB,100,0,13.7,1,7.1,0,0,0,0,,0,0,0,0,,,0,,0,,0,,0,0,0,0,0,0,0,0,,0,0,0,,0,,0,,0,,0,0,,0,0,,0,,,0,0,100,0,0,0,0,0,0,0,0,0
2023,1081,Andrew Ogletree,IND,TE,1,3,BLT,23.52941176470588,0,33.3,4,19,0,0,0,0,,0,0,0,0,,,0,,0,,0,,0,0,0,0,0,0,0,0,,0,0,0,,0,,0,,0,,0,0,,0,0,,0,,,0,25,75,0,0,0,0,0,0,0,0,0
2023,1082,Andrew Ogletree,IND,TE,1,4,LA,5.88235294117647,0,43.1,1,16.7,0,0,0,0,,0,0,0,0,,,0,,0,,0,,0,0,0,0,0,0,0,0,,0,0,0,,0,,0,,0,,0,0,,0,0,,0,,,0,0,100,0,0,0,0,0,0,0,0,0
2023,1083,Andrew Ogletree,IND,TE,1,6,JAX,47.05882352941176,0,36,8,33.3,0,0,0,0,,0,0,0,0,,,0,,0,,0,,0,0,0,0,0,0,0,0,,0,0,0,,0,,0,,0,,0,0,,0,0,,0,,,0,50,50,0,0,0,0,0,0,0,0,0
2023,1084,Connor Heyward,PIT,TE,1,1,SF,10,0,26.2,1,6.3,0,0,0,0,,0,0,0,0,,,0,,0,,0,,0,0,0,0,0,0,0,0,,0,0,0,,0,,0,,0,,0,0,,0,0,,0,,,0,0,100,0,0,0,0,0,0,0,0,0
2023,1085,Connor Heyward,PIT,TE,1,2,CLV,10,0,18.9,1,9.1,0,0,0,0,,0,0,0,0,,,0,,0,,0,,0,0,0,0,0,0,0,0,,0,0,0,,0,,0,,0,,0,0,,0,0,,0,,,0,0,0,100,0,0,0,0,0,0,0,0
2023,1086,Connor Heyward,PIT,TE,1,4,HST,40,0,25,4,28.6,0,0,0,0,,0,0,0,0,,,0,,0,,0,,0,0,0,0,0,0,0,0,,0,0,0,,0,,0,,0,,0,0,,0,0,,0,,,0,25,75,0,0,0,0,0,0,0,0,0
2023,1087,Connor Heyward,PIT,TE,1,5,BLT,40,0,56.9,4,28.6,0,0,0,0,,0,0,0,0,,,0,,0,,0,,0,0,0,0,0,0,0,0,,0,0,0,,0,,0,,0,,0,0,,0,0,,0,,,0,25,75,0,0,0,0,0,0,0,0,0
2023,1088,Ko Kieft,TB,TE,1,1,MIN,25,0,47.1,2,14.3,0,0,0,0,,0,0,0,0,,,0,,0,,0,,0,0,0,0,0,0,0,0,,0,0,0,,0,,0,,0,,0,0,,0,0,,0,,,50,0,50,0,0,0,0,0,0,0,0,0
2023,1089,Ko Kieft,TB,TE,1,2,CHI,25,0,25,2,11.8,0,0,0,0,,0,0,0,0,,,0,,0,,0,,0,0,0,0,0,0,0,0,,0,0,0,,0,,0,,0,,0,0,,0,0,,0,,,0,50,50,0,0,0,0,0,0,0,0,0
2023,1090,Ko Kieft,TB,TE,1,3,PHI,12.5,0,22.7,1,7.1,0,0,0,0,,0,0,0,0,,,0,,0,,0,,0,0,0,0,0,0,0,0,,0,0,0,,0,,0,,0,,0,0,,0,0,,0,,,0,0,0,100,0,0,0,0,0,0,0,0
2023,1091,Ko Kieft,TB,TE,1,4,NO,37.5,0,22.4,3,18.8,0,0,0,0,,0,0,0,0,,,0,,0,,0,,0,0,0,0,0,0,0,0,,0,0,0,,0,,0,,0,,0,0,,0,0,,0,,,0,0,100,0,0,0,0,0,0,0,0,0
2023,1092,Brandon Johnson,DEN,WR,1,6,KC,10,8.333333333333332,32.7,4,57.1,1,14.3,0,0.25,26,26,35.6,0,0,0,0,0,0,0,0,0,0,0,0,0,0,0,0,0,0,39.6,1,20,0,0,0,0,1,0,0,0,0,0,0,0,0,0,25,-13.01,-1.254,100,0,0,0,0,0,0,0.03,-0.03,0,0.01,0
2023,1093,Stone Smartt,LAC,TE,1,3,MIN,38.46153846153847,0,23.4,5,20.8,0,0,0,0,,0,0,0,0,,,0,,0,,0,,0,0,0,0,0,0,0,0,,0,0,0,,0,,0,,0,,0,0,,0,0,,0,,,0,20,80,0,0,0,0,0,0,0,0,0
2023,1094,Stone Smartt,LAC,TE,1,4,LV,23.076923076923077,0,39.7,3,27.3,0,0,0,0,,0,0,0,0,,,0,,0,,0,,0,0,0,0,0,0,0,0,,0,0,0,,0,,0,,0,,0,0,,0,0,,0,,,0,33.3,66.7,0,0,0,0,0,0,0,0,0
2023,1095,Stone Smartt,LAC,TE,1,6,DAL,7.6923076923076925,0,16.4,1,6.3,0,0,0,0,,0,0,0,0,,,0,,0,,0,,0,0,0,0,0,0,0,0,,0,0,0,,0,,0,,0,,0,0,,0,0,,0,,,0,100,0,0,0,0,0,0,0,0,0,0
2023,1096,Deven Thompkins,TB,WR,1,2,CHI,25.925925925925924,0,47.1,7,41.2,0,0,0,0,,0,0,0,0,,,0,,0,,0,,0,0,0,0,0,0,0,0,,0,0,0,,0,,0,,0,,0,0,,0,0,,0,,,28.6,71.4,0,0,0,0,0,0,0,0,0,0
2023,1097,Deven Thompkins,TB,WR,1,6,DET,11.11111111111111,14.285714285714285,25.9,3,27.3,1,9.1,0,0.33,3,3,2.1,0,0,0,0,0,0,0,0,0,0,0,0,0,1,0,0,0,0,39.6,1,11.1,0,0,0,0,0,0,0,0,0,0,0,0,0,0,33.3,-5.45,-1.332,33.3,66.7,0,0,0,0,0,-0.01,0.01,0,0,0
2023,1098,Rashid Shaheed,NO,WR,1,3,GB,24.615384615384617,11.11111111111111,71.7,16,84.2,2,10.5,0,0.13,45,90,35,0,0,0,0,0,0,0,0,0,0,0,0,0,0,0,0,0,0,39.6,0,0,0,0,0,0,2,0,0,0,1,0,0,0,0,0,12.5,-13.46,-0.882,43.8,50,0,6.3,0,0,0,-0.02,0.02,0,0,0
2023,1099,Peyton Hendershot,DAL,TE,1,1,NYG,20,0,49.1,2,28.6,0,0,0,0,,0,0,0,0,,,0,,0,,0,,0,0,0,0,0,0,0,0,,0,0,0,,0,,0,,0,,0,0,,0,0,,0,,,50,50,0,0,0,0,0,0,0,0,0,0
2023,1100,Peyton Hendershot,DAL,TE,1,2,NYJ,40,0,36.1,4,40,0,0,0,0,,0,0,0,0,,,0,,0,,0,,0,0,0,0,0,0,0,0,,0,0,0,,0,,0,,0,,0,0,,0,0,,0,,,0,100,0,0,0,0,0,0,0,0,0,0
2023,1101,Peyton Hendershot,DAL,TE,1,3,ARZ,40,0,48,4,22.2,0,0,0,0,,0,0,0,0,,,0,,0,,0,,0,0,0,0,0,0,0,0,,0,0,0,,0,,0,,0,,0,0,,0,0,,0,,,0,50,50,0,0,0,0,0,0,0,0,0
2023,1102,John Metchie,HST,WR,1,2,IND,23.076923076923077,0,17.7,3,13.6,0,0,0,0,,0,0,0,0,,,0,,0,,0,,0,0,0,0,0,0,0,0,,0,0,0,,0,,0,,0,,0,0,,0,0,,0,,,0,100,0,0,0,0,0,0,0,0,0,0
2023,1103,John Metchie,HST,WR,1,4,PIT,7.6923076923076925,0,23.2,1,7.7,0,0,0,0,,0,0,0,0,,,0,,0,,0,,0,0,0,0,0,0,0,0,,0,0,0,,0,,0,,0,,0,0,,0,0,,0,,,0,100,0,0,0,0,0,0,0,0,0,0
2023,1104,John Metchie,HST,WR,1,6,NO,15.384615384615385,0,25,2,25,0,0,0,0,,0,0,0,0,,,0,,0,,0,,0,0,0,0,0,0,0,0,,0,0,0,,0,,0,,0,,0,0,,0,0,,0,,,0,100,0,0,0,0,0,0,0,0,0,0
2023,1105,Jalen Tolbert,DAL,WR,1,3,ARZ,10,0,16,2,11.1,0,0,0,0,,0,0,0,0,,,0,,0,,0,,0,0,0,0,0,0,0,0,,0,0,0,,0,,0,,0,,0,0,,0,0,,0,,,50,50,0,0,0,0,0,0,0,0,0,0
2023,1106,Jalen Tolbert,DAL,WR,1,5,SF,10,0,44.9,2,20,0,0,0,0,,0,0,0,0,,,0,,0,,0,,0,0,0,0,0,0,0,0,,0,0,0,,0,,0,,0,,0,0,,0,0,,0,,,0,100,0,0,0,0,0,0,0,0,0,0
2023,1107,Jalen Tolbert,DAL,WR,1,6,LAC,15,0,24.6,3,17.6,0,0,0,0,,0,0,0,0,,,0,,0,,0,,0,0,0,0,0,0,0,0,,0,0,0,,0,,0,,0,,0,0,,0,0,,0,,,33.3,66.7,0,0,0,0,0,0,0,0,0,0
2023,1108,Jahan Dotson,WAS,WR,1,6,ATL,15.384615384615385,5.88235294117647,80,12,100,1,8.3,0,0.08,23,23,16,0,0,0,0,0,0,0,0,0,0,0,0.1,0,0,0,0,0,0,39.6,1,10,0,0,1,100,1,0,1,100,0,0,0,0,0,0,8.3,-10.22,-0.494,41.7,58.3,0,0,0,4.3,0,4.3,-4.3,0,0.36,4.3
2023,1109,Treylon Burks,TEN,WR,1,3,CLV,33.33333333333333,50,73.3,10,76.9,5,38.5,0,0.5,25,125,56.8,0,0,0,0,0,0,0,0,0,0,0,0.01,0,0,0,0,0,0,39.6,4,33.3,0,0,3,60,4,0,2,40,1,0,0,0,0,0,41.7,-11.88,-0.763,90,10,0,0,0,6.1,0,6.05,-6.05,0,0.61,6.1
2023,1110,Trey McBride,ARZ,TE,1,1,WAS,15.789473684210526,0,36.2,3,27.3,0,0,0,0,,0,0,0,0,,,0,,0,,0,,0,0,0,0,0,0,0,0,,0,0,0,,0,,0,,0,,0,0,,0,0,,0,,,33.3,0,66.7,0,0,0,0,0,0,0,0,0
2023,1111,Trey McBride,ARZ,TE,1,2,NYG,15.789473684210526,0,51.7,3,33.3,0,0,0,0,,0,0,0,0,,,0,,0,,0,,0,0,0,0,0,0,0,0,,0,0,0,,0,,0,,0,,0,0,,0,0,,0,,,0,66.7,33.3,0,0,0,0,0,0,0,0,0
2023,1112,Trey McBride,ARZ,TE,1,3,DAL,5.263157894736842,0,47.2,1,14.3,0,0,0,0,,0,0,0,0,,,0,,0,,0,,0,0,0,0,0,0,0,0,,0,0,0,,0,,0,,0,,0,0,,0,0,,0,,,0,0,100,0,0,0,0,0,0,0,0,0
2023,1113,Trey McBride,ARZ,TE,1,4,SF,15.789473684210526,0,25.4,3,14.3,0,0,0,0,,0,0,0,0,,,0,,0,,0,,0,0,0,0,0,0,0,0,,0,0,0,,0,,0,,0,,0,0,,0,0,,0,,,33.3,0,66.7,0,0,0,0,0,0,0,0,0
2023,1114,Trey McBride,ARZ,TE,1,5,CIN,5.263157894736842,0,33.3,1,9.1,0,0,0,0,,0,0,0,0,,,0,,0,,0,,0,0,0,0,0,0,0,0,,0,0,0,,0,,0,,0,,0,0,,0,0,,0,,,0,0,100,0,0,0,0,0,0,0,0,0
2023,1115,Velus Jones,CHI,WR,1,2,TB,50,0,7.8,1,10,0,0,0,0,,0,0,0,0,,,0,,0,,0,,0,0,0,0,0,0,0,0,,0,0,0,,0,,0,,0,,0,0,,0,0,,0,,,100,0,0,0,0,0,0,0,0,0,0,0
2023,1116,Velus Jones,CHI,WR,1,4,DEN,50,0,4.3,1,7.1,0,0,0,0,,0,0,0,0,,,0,,0,,0,,0,0,0,0,0,0,0,0,,0,0,0,,0,,0,,0,,0,0,,0,0,,0,,,100,0,0,0,0,0,0,0,0,0,0,0
2023,1117,Kavontae Turpin,DAL,WR,1,1,NYG,16.666666666666664,100,20,1,14.3,1,14.3,0,1,-2,-2,-2.4,0,0,0,0,0,0,0,0,0,0,0,0.17,0,1,0,0,0,0,39.6,1,14.3,1,100,1,100,0,0,1,100,0,0,0,0,0,0,100,-5.5,-0.707,100,0,0,0,0,2.7,0,2.72,-2.72,0,2.72,2.7
2023,1118,Kavontae Turpin,DAL,WR,1,2,NYJ,16.666666666666664,0,19.3,1,10,0,0,0,0,,0,0,0,0,,,0,,0,,0,,0,0,0,0,0,0,0,0,,0,0,0,,0,,0,,0,,0,0,,0,0,,0,,,0,100,0,0,0,0,0,0,0,0,0,0
2023,1119,Kavontae Turpin,DAL,WR,1,3,ARZ,16.666666666666664,0,2.7,1,5.6,0,0,0,0,,0,0,0,0,,,0,,0,,0,,0,0,0,0,0,0,0,0,,0,0,0,,0,,0,,0,,0,0,,0,0,,0,,,0,100,0,0,0,0,0,0,0,0,0,0
2023,1120,Kavontae Turpin,DAL,WR,1,4,NE,50,0,29,3,15.8,0,0,0,0,,0,0,0,0,,,0,,0,,0,,0,0,0,0,0,0,0,0,,0,0,0,,0,,0,,0,,0,0,,0,0,,0,,,66.7,33.3,0,0,0,0,0,0,0,0,0,0
2023,1121,Jeremy Ruckert,NYJ,TE,1,4,KC,37.5,0,43.9,3,30,0,0,0,0,,0,0,0,0,,,0,,0,,0,,0,0,0,0,0,0,0,0,,0,0,0,,0,,0,,0,,0,0,,0,0,,0,,,0,66.7,33.3,0,0,0,0,0,0,0,0,0
2023,1122,Jeremy Ruckert,NYJ,TE,1,6,PHI,62.5,0,37.3,5,31.3,0,0,0,0,,0,0,0,0,,,0,,0,,0,,0,0,0,0,0,0,0,0,,0,0,0,,0,,0,,0,,0,0,,0,0,,0,,,0,20,80,0,0,0,0,0,0,0,0,0
2023,1123,Chigoziem Okonkwo,TEN,TE,1,1,NO,21.21212121212121,0,81.4,7,63.6,0,0,0,0,,0,0,0,0,,,0,,0,,0,,0,0,0,0,0,0,0,0,,0,0,0,,0,,0,,0,,0,0,,0,0,,0,,,14.3,57.1,28.6,0,0,0,0,0,0,0,0,0
2023,1124,Chigoziem Okonkwo,TEN,TE,1,2,LAC,15.151515151515152,0,71.4,5,41.7,0,0,0,0,,0,0,0,0,,,0,,0,,0,,0,0,0,0,0,0,0,0,,0,0,0,,0,,0,,0,,0,0,,0,0,,0,,,0,60,40,0,0,0,0,0,0,0,0,0
2023,1125,Chigoziem Okonkwo,TEN,TE,1,5,IND,18.181818181818183,0,58.6,6,50,0,0,0,0,,0,0,0,0,,,0,,0,,0,,0,0,0,0,0,0,0,0,,0,0,0,,0,,0,,0,,0,0,,0,0,,0,,,0,33.3,66.7,0,0,0,0,0,0,0,0,0
2023,1126,Chigoziem Okonkwo,TEN,TE,1,6,BLT,9.090909090909092,0,69.6,3,42.9,0,0,0,0,,0,0,0,0,,,0,,0,,0,,0,0,0,0,0,0,0,0,,0,0,0,,0,,0,,0,,0,0,,0,0,,0,,,0,33.3,66.7,0,0,0,0,0,0,0,0,0
2023,1127,Calvin Austin,PIT,WR,1,5,BLT,22.448979591836736,6.666666666666667,56.9,11,78.6,1,7.1,0,0.09,14,14,5.8,0,0,0,0,0,0,0,0,0,0,0,0,0,0,0,0,0,0,39.6,1,7.7,0,0,0,0,0,0,0,0,0,0,0,0,0,0,9.1,-9.81,-1.44,36.4,63.6,0,0,0,0,0,0,0,0,0,0
2023,1128,Isaiah Likely,BLT,TE,1,1,HST,41.66666666666667,0,70.7,5,45.5,0,0,0,0,,0,0,0,0,,,0,,0,,0,,0,0,0,0,0,0,0,0,,0,0,0,,0,,0,,0,,0,0,,0,0,,0,,,0,60,40,0,0,0,0,0,0,0,0,0
2023,1129,Isaiah Likely,BLT,TE,1,2,CIN,25,0,32.9,3,33.3,0,0,0,0,,0,0,0,0,,,0,,0,,0,,0,0,0,0,0,0,0,0,,0,0,0,,0,,0,,0,,0,0,,0,0,,0,,,33.3,33.3,33.3,0,0,0,0,0,0,0,0,0
2023,1130,Isaiah Likely,BLT,TE,1,3,IND,16.666666666666664,0,26.4,2,14.3,0,0,0,0,,0,0,0,0,,,0,,0,,0,,0,0,0,0,0,0,0,0,,0,0,0,,0,,0,,0,,0,0,,0,0,,0,,,0,100,0,0,0,0,0,0,0,0,0,0
2023,1131,Isaiah Likely,BLT,TE,1,5,PIT,8.333333333333332,0,11.9,1,6.7,0,0,0,0,,0,0,0,0,,,0,,0,,0,,0,0,0,0,0,0,0,0,,0,0,0,,0,,0,,0,,0,0,,0,0,,0,,,0,0,100,0,0,0,0,0,0,0,0,0
2023,1132,Isaiah Likely,BLT,TE,1,6,TEN,8.333333333333332,0,24.3,1,7.7,0,0,0,0,,0,0,0,0,,,0,,0,,0,,0,0,0,0,0,0,0,0,,0,0,0,,0,,0,,0,,0,0,,0,0,,0,,,0,0,100,0,0,0,0,0,0,0,0,0
2023,1133,Jake Ferguson,DAL,TE,1,1,NYG,4.3478260869565215,0,74.5,2,28.6,0,0,0,0,,0,0,0,0,,,0,,0,,0,,0,0,0,0,0,0,0,0,,0,0,0,,0,,0,,0,,0,0,,0,0,,0,,,0,0,100,0,0,0,0,0,0,0,0,0
2023,1134,Jake Ferguson,DAL,TE,1,2,NYJ,4.3478260869565215,0,57.8,2,20,0,0,0,0,,0,0,0,0,,,0,,0,,0,,0,0,0,0,0,0,0,0,,0,0,0,,0,,0,,0,,0,0,,0,0,,0,,,0,0,100,0,0,0,0,0,0,0,0,0
2023,1135,Jake Ferguson,DAL,TE,1,3,ARZ,21.73913043478261,0,66.7,10,55.6,0,0,0,0,,0,0,0,0,,,0,,0,,0,,0,0,0,0,0,0,0,0,,0,0,0,,0,,0,,0,,0,0,,0,0,,0,,,0,0,100,0,0,0,0,0,0,0,0,0
2023,1136,Jake Ferguson,DAL,TE,1,4,NE,21.73913043478261,0,56.5,10,52.6,0,0,0,0,,0,0,0,0,,,0,,0,,0,,0,0,0,0,0,0,0,0,,0,0,0,,0,,0,,0,,0,0,,0,0,,0,,,10,40,50,0,0,0,0,0,0,0,0,0
2023,1137,Jake Ferguson,DAL,TE,1,5,SF,13.043478260869565,0,69.4,6,60,0,0,0,0,,0,0,0,0,,,0,,0,,0,,0,0,0,0,0,0,0,0,,0,0,0,,0,,0,,0,,0,0,,0,0,,0,,,0,50,50,0,0,0,0,0,0,0,0,0
2023,1138,Jake Ferguson,DAL,TE,1,6,LAC,34.78260869565217,0,86.9,16,94.1,0,0,0,0,,0,0,0,0,,,0,,0,,0,,0,0,0,0,0,0,0,0,,0,0,0,,0,,0,,0,,0,0,,0,0,,0,,,0,43.8,56.3,0,0,0,0,0,0,0,0,0
2023,1139,Charlie Kolar,BLT,TE,1,1,HST,100,0,22.4,1,9.1,0,0,0,0,,0,0,0,0,,,0,,0,,0,,0,0,0,0,0,0,0,0,,0,0,0,,0,,0,,0,,0,0,,0,0,,0,,,0,100,0,0,0,0,0,0,0,0,0,0
2023,1140,Skyy Moore,KC,WR,1,1,DET,17.073170731707318,16.666666666666664,69.4,7,43.8,2,12.5,0,0.29,20.5,41,19.6,0,0,0,0,0,0,0,0,0,0,0,0.04,0,0,0,0,0,0,39.6,0,0,0,0,1,50,1,0,0,0,0,0,0,0,0,0,28.6,-10.79,-2.146,57.1,42.9,0,0,0,1.9,0,1.9,-1.9,0,0.27,1.9
2023,1141,Skyy Moore,KC,WR,1,4,NYJ,12.195121951219512,0,59.1,5,83.3,0,0,0,0,,0,0,0,0,,,0,,0,,0,,0,0,0,0,0,0,0,0,,0,0,0,,0,,0,,0,,0,0,,0,0,,0,,,60,40,0,0,0,0,0,0,0,0,0,0
2023,1142,Erik Ezukanma,MIA,WR,1,1,LAC,75,0,27.7,6,28.6,0,0,0,0,,0,0,0,0,,,0,,0,,0,,0,0,0,0,0,0,0,0,,0,0,0,,0,,0,,0,,0,0,,0,0,,0,,,33.3,50,0,16.7,0,0,0,0,0,0,0,0
2023,1143,Erik Ezukanma,MIA,WR,1,2,NE,25,100,16.4,2,11.8,1,5.9,0,0.5,6,6,3.3,0,0,0,0,0,0,0,0,0,0,0,0,0,0,0,0,0,0,39.6,1,5.9,0,0,0,0,0,0,0,0,0,0,0,0,0,0,50,-6.95,-0.913,50,50,0,0,0,0,0,0.01,-0.01,0,0,0
2023,1144,Daniel Bellinger,NYG,TE,1,1,DAL,35.294117647058826,0,67.7,6,50,0,0,0,0,,0,0,0,0,,,0,,0,,0,,0,0,0,0,0,0,0,0,,0,0,0,,0,,0,,0,,0,0,,0,0,,0,,,16.7,33.3,50,0,0,0,0,0,0,0,0,0
2023,1145,Daniel Bellinger,NYG,TE,1,2,ARZ,17.647058823529413,0,40.3,3,23.1,0,0,0,0,,0,0,0,0,,,0,,0,,0,,0,0,0,0,0,0,0,0,,0,0,0,,0,,0,,0,,0,0,,0,0,,0,,,0,0,100,0,0,0,0,0,0,0,0,0
2023,1146,Daniel Bellinger,NYG,TE,1,3,SF,23.52941176470588,0,60.9,4,30.8,0,0,0,0,,0,0,0,0,,,0,,0,,0,,0,0,0,0,0,0,0,0,,0,0,0,,0,,0,,0,,0,0,,0,0,,0,,,0,50,50,0,0,0,0,0,0,0,0,0
2023,1147,Daniel Bellinger,NYG,TE,1,5,MIA,17.647058823529413,0,36.8,3,25,0,0,0,0,,0,0,0,0,,,0,,0,,0,,0,0,0,0,0,0,0,0,,0,0,0,,0,,0,,0,,0,0,,0,0,,0,,,0,0,100,0,0,0,0,0,0,0,0,0
2023,1148,Daniel Bellinger,NYG,TE,1,6,BUF,5.88235294117647,0,53.4,1,9.1,0,0,0,0,,0,0,0,0,,,0,,0,,0,,0,0,0,0,0,0,0,0,,0,0,0,,0,,0,,0,,0,0,,0,0,,0,,,0,0,100,0,0,0,0,0,0,0,0,0
2023,1149,Wan'Dale Robinson,NYG,WR,1,3,SF,4.545454545454546,0,21.7,1,7.7,0,0,0,0,,0,0,0,0,,,0,,0,,0,,0,0,0,0,0,0,0,0,,0,0,0,,0,,0,,0,,0,0,,0,0,,0,,,0,100,0,0,0,0,0,0,0,0,0,0
2023,1150,Wan'Dale Robinson,NYG,WR,1,4,SEA,27.27272727272727,0,63.5,6,60,0,0,0,0,,0,0,0,0,,,0,,0,,0,,0,0,0,0,0,0,0,0,,0,0,0,,0,,0,,0,,0,0,,0,0,,0,,,16.7,83.3,0,0,0,0,0,0,0,0,0,0
2023,1151,Cade Otton,TB,TE,1,1,MIN,18,0,97.1,9,64.3,0,0,0,0,,0,0,0,0,,,0,,0,,0,,0,0,0,0,0,0,0,0,,0,0,0,,0,,0,,0,,0,0,,0,0,,0,,,11.1,66.7,22.2,0,0,0,0,0,0,0,0,0
2023,1152,Cade Otton,TB,TE,1,3,PHI,18,0,90.9,9,64.3,0,0,0,0,,0,0,0,0,,,0,,0,,0,,0,0,0,0,0,0,0,0,,0,0,0,,0,,0,,0,,0,0,,0,0,,0,,,11.1,44.4,22.2,22.2,0,0,0,0,0,0,0,0
2023,1153,Cade Otton,TB,TE,1,4,NO,24,50,100,12,75,1,6.3,0,0.08,9,9,6.9,0,0,0,0,0,0,0,0,0,0,0,0,0,0,0,0,0,0,39.6,1,7.1,0,0,1,100,0,0,0,0,1,0,0,0,0,0,6.3,-7.26,-1.59,16.7,16.7,66.7,0,0,1,0,1.03,-1.03,0,0.09,1
2023,1154,Cade Otton,TB,TE,1,6,DET,16,0,96.3,8,72.7,0,0,0,0,,0,0,0,0,,,0,,0,,0,,0,0,0,0,0,0,0,0,,0,0,0,,0,,0,,0,,0,0,,0,0,,0,,,0,62.5,37.5,0,0,0,0,0,0,0,0,0
2023,1155,Dontayvion Wicks,GB,WR,1,1,CHI,22.5,18.181818181818183,61.7,9,60,2,13.3,0,0.22,9,18,8.7,0,0,0,0,0,0,0,0,0,0,0,0,0,1,0,0,0,0,39.6,1,7.7,0,0,0,0,0,0,0,0,0,0,0,0,0,0,20,-7.69,-0.456,44.4,55.6,0,0,0,0,0,-0.04,0.04,0,0,0
2023,1156,Dontayvion Wicks,GB,WR,1,4,DET,25,9.090909090909092,58.5,10,62.5,1,6.3,0,0.1,14,14,7,0,0,0,0,0,0,0,0,0,0,0,0,0,0,0,0,0,0,39.6,1,6.7,0,0,0,0,0,0,0,0,0,0,0,0,0,0,9.1,-9.81,-1.153,80,20,0,0,0,0,0,0,0,0,0,0
2023,1157,Will Mallory,IND,TE,1,2,HST,40,0,19.6,2,16.7,0,0,0,0,,0,0,0,0,,,0,,0,,0,,0,0,0,0,0,0,0,0,,0,0,0,,0,,0,,0,,0,0,,0,0,,0,,,0,50,50,0,0,0,0,0,0,0,0,0
2023,1158,Will Mallory,IND,TE,1,6,JAX,60,0,12,3,12.5,0,0,0,0,,0,0,0,0,,,0,,0,,0,,0,0,0,0,0,0,0,0,,0,0,0,,0,,0,,0,,0,0,,0,0,,0,,,33.3,33.3,33.3,0,0,0,0,0,0,0,0,0
2023,1159,Malik Heath,GB,WR,1,1,CHI,33.33333333333333,33.33333333333333,48.3,2,13.3,1,6.7,0,0.5,11,11,5.3,0,0,0,0,0,0,0,0,0,0,0,0,0,0,0,0,0,0,39.6,1,7.7,0,0,0,0,0,0,0,0,0,0,0,0,0,0,50,-8.32,-0.551,100,0,0,0,0,0,0,0.04,-0.04,0,0.02,0
2023,1160,Malik Heath,GB,WR,1,2,ATL,33.33333333333333,33.33333333333333,19.1,2,18.2,1,9.1,0,0.5,5,5,4.2,0,0,0,0,0,0,0,0,0,0,0,0,0,0,0,0,0,0,39.6,1,10,0,0,0,0,0,0,0,0,0,0,0,0,0,0,50,-6.36,-1.251,50,50,0,0,0,0,0,0.02,-0.02,0,0.01,0
2023,1161,Malik Heath,GB,WR,1,3,NO,33.33333333333333,33.33333333333333,14.1,2,11.1,1,5.6,0,0.5,21,21,9.1,0,0,0,0,0,0,0,0,0,0,0,0.32,0,1,1,0,0,0,39.6,1,6.3,0,0,1,100,1,0,0,0,1,0,0,0,0,0,50,-11.24,-1.14,100,0,0,0,0,3.2,0,3.21,-3.21,0,1.6,3.2
2023,1162,Xavier Gipson,NYJ,WR,1,4,KC,75,0,19.3,3,30,0,0,0,0,,0,0,0,0,,,0,,0,,0,,0,0,0,0,0,0,0,0,,0,0,0,,0,,0,,0,,0,0,,0,0,,0,,,33.3,33.3,0,33.3,0,0,0,0,0,0,0,0
2023,1163,Xavier Gipson,NYJ,WR,1,6,PHI,25,0,10.2,1,6.3,0,0,0,0,,0,0,0,0,,,0,,0,,0,,0,0,0,0,0,0,0,0,,0,0,0,,0,,0,,0,,0,0,,0,0,,0,,,100,0,0,0,0,0,0,0,0,0,0,0
2023,1164,Quentin Johnston,LAC,WR,1,3,MIN,13.513513513513514,11.11111111111111,25,5,20.8,1,4.2,0,0.2,9,9,2.9,0,0,0,0,0,0,0,0,0,0,0,0,0,0,0,0,0,0,39.6,1,5.6,0,0,0,0,0,0,0,0,1,0,0,0,0,0,20,-7.45,-1.29,60,40,0,0,0,0,0,0.02,-0.02,0,0,0
2023,1165,Quentin Johnston,LAC,WR,1,6,DAL,27.027027027027028,11.11111111111111,47.5,10,62.5,1,6.3,0,0.1,10,10,5.1,0,0,0,0,0,0,0,0,0,0,0,0,0,0,0,0,0,0,0,0,0,0,0,0,0,0,0,0,0,0,0,0,0,0,0,10,-7.5,-3.063,70,30,0,0,0,0,0,0,0,0,0,0
2023,1166,Luke Schoonmaker,DAL,TE,1,2,NYJ,8.333333333333332,0,36.1,1,10,0,0,0,0,,0,0,0,0,,,0,,0,,0,,0,0,0,0,0,0,0,0,,0,0,0,,0,,0,,0,,0,0,,0,0,,0,,,0,0,100,0,0,0,0,0,0,0,0,0
2023,1167,Luke Schoonmaker,DAL,TE,1,3,ARZ,8.333333333333332,0,25.3,1,5.6,0,0,0,0,,0,0,0,0,,,0,,0,,0,,0,0,0,0,0,0,0,0,,0,0,0,,0,,0,,0,,0,0,,0,0,,0,,,0,0,100,0,0,0,0,0,0,0,0,0
2023,1168,Luke Schoonmaker,DAL,TE,1,4,NE,66.66666666666666,0,55.1,8,42.1,0,0,0,0,,0,0,0,0,,,0,,0,,0,,0,0,0,0,0,0,0,0,,0,0,0,,0,,0,,0,,0,0,,0,0,,0,,,0,37.5,62.5,0,0,0,0,0,0,0,0,0
2023,1169,Luke Schoonmaker,DAL,TE,1,5,SF,16.666666666666664,0,40.8,2,20,0,0,0,0,,0,0,0,0,,,0,,0,,0,,0,0,0,0,0,0,0,0,,0,0,0,,0,,0,,0,,0,0,,0,0,,0,,,0,0,100,0,0,0,0,0,0,0,0,0
2023,1170,Darnell Washington,PIT,TE,1,1,SF,26.31578947368421,0,39.3,5,31.3,0,0,0,0,,0,0,0,0,,,0,,0,,0,,0,0,0,0,0,0,0,0,,0,0,0,,0,,0,,0,,0,0,,0,0,,0,,,0,40,60,0,0,0,0,0,0,0,0,0
2023,1171,Darnell Washington,PIT,TE,1,2,CLV,5.263157894736842,0,47.2,1,9.1,0,0,0,0,,0,0,0,0,,,0,,0,,0,,0,0,0,0,0,0,0,0,,0,0,0,,0,,0,,0,,0,0,,0,0,,0,,,0,0,100,0,0,0,0,0,0,0,0,0
2023,1172,Darnell Washington,PIT,TE,1,3,LV,21.052631578947366,0,48.3,4,40,0,0,0,0,,0,0,0,0,,,0,,0,,0,,0,0,0,0,0,0,0,0,,0,0,0,,0,,0,,0,,0,0,,0,0,,0,,,0,0,100,0,0,0,0,0,0,0,0,0
2023,1173,Darnell Washington,PIT,TE,1,4,HST,15.789473684210526,0,42.9,3,21.4,0,0,0,0,,0,0,0,0,,,0,,0,,0,,0,0,0,0,0,0,0,0,,0,0,0,,0,,0,,0,,0,0,,0,0,,0,,,33.3,0,66.7,0,0,0,0,0,0,0,0,0
2023,1174,Darnell Washington,PIT,TE,1,5,BLT,31.57894736842105,0,69.2,6,42.9,0,0,0,0,,0,0,0,0,,,0,,0,,0,,0,0,0,0,0,0,0,0,,0,0,0,,0,,0,,0,,0,0,,0,0,,0,,,0,33.3,66.7,0,0,0,0,0,0,0,0,0
2023,1175,Tre Tucker,LV,WR,1,2,BUF,6.25,50,23.1,1,14.3,1,14.3,0,1,41,41,42.7,0,0,0,0,0,0,0,0,0,0,0,0.01,0,0,0,0,0,0,39.6,1,16.7,0,0,1,100,1,0,0,0,1,0,0,0,0,0,100,-15,-0.549,100,0,0,0,0,2.4,0,2.35,-2.35,0,2.35,2.4
2023,1176,Tre Tucker,LV,WR,1,3,PIT,25,0,13.4,4,12.9,0,0,0,0,,0,0,0,0,,,0,,0,,0,,0,0,0,0,0,0,0,0,,0,0,0,,0,,0,,0,,0,0,,0,0,,0,,,50,50,0,0,0,0,0,0,0,0,0,0
2023,1177,Tre Tucker,LV,WR,1,4,LAC,12.5,0,26.1,2,11.8,0,0,0,0,,0,0,0,0,,,0,,0,,0,,0,0,0,0,0,0,0,0,,0,0,0,,0,,0,,0,,0,0,,0,0,,0,,,100,0,0,0,0,0,0,0,0,0,0,0
2023,1178,Tre Tucker,LV,WR,1,5,GB,12.5,0,10.9,2,20,0,0,0,0,,0,0,0,0,,,0,,0,,0,,0,0,0,0,0,0,0,0,,0,0,0,,0,,0,,0,,0,0,,0,0,,0,,,100,0,0,0,0,0,0,0,0,0,0,0
2023,1179,Derius Davis,LAC,WR,1,2,TEN,25,0,16.9,1,4.5,0,0,0,0,,0,0,0,0,,,0,,0,,0,,0,0,0,0,0,0,0,0,,0,0,0,,0,,0,,0,,0,0,,0,0,,0,,,0,100,0,0,0,0,0,0,0,0,0,0
2023,1180,Derius Davis,LAC,WR,1,3,MIN,50,0,9.4,2,8.3,0,0,0,0,,0,0,0,0,,,0,,0,,0,,0,0,0,0,0,0,0,0,,0,0,0,,0,,0,,0,,0,0,,0,0,,0,,,0,50,0,50,0,0,0,0,0,0,0,0
2023,1181,Charlie Jones,CIN,WR,1,3,LA,100,100,4.1,2,10.5,1,5.3,0,0.5,7,7,2.9,0,0,0,0,0,0,0,0,0,0,0,0,0,0,0,0,0,0,39.6,0,0,0,0,1,100,0,0,0,0,0,0,0,0,0,0,50,-7.06,-0.52,50,50,0,0,0,1.1,0,1.15,-1.15,0,0.57,1.1
2023,1182,Josh Whyle,TEN,TE,1,2,LAC,50,0,19,1,8.3,0,0,0,0,,0,0,0,0,,,0,,0,,0,,0,0,0,0,0,0,0,0,,0,0,0,,0,,0,,0,,0,0,,0,0,,0,,,0,0,100,0,0,0,0,0,0,0,0,0
2023,1183,Josh Whyle,TEN,TE,1,5,IND,50,0,36.2,1,8.3,0,0,0,0,,0,0,0,0,,,0,,0,,0,,0,0,0,0,0,0,0,0,,0,0,0,,0,,0,,0,,0,0,,0,0,,0,,,0,0,100,0,0,0,0,0,0,0,0,0
2023,1184,Kayshon Boutte,NE,WR,1,1,PHI,100,100,67.9,14,73.7,4,21.1,0,0.29,22.75,91,36.7,0,0,0,0,0,0,0,0,0,0,0,0.03,0,2,1,0,0,0,39.6,4,23.5,0,0,2,50,2,0,0,0,0,0,0,0,0,0,28.6,-11.64,-1.185,92.9,7.1,0,0,0,4.8,0,4.77,-4.77,0,0.34,4.8
2023,1185,Xavier Hutchinson,HST,WR,1,1,BLT,28.57142857142857,0,9.7,2,9.1,0,0,0,0,,0,0,0,0,,,0,,0,,0,,0,0,0,0,0,0,0,0,,0,0,0,,0,,0,,0,,0,0,,0,0,,0,,,0,100,0,0,0,0,0,0,0,0,0,0
2023,1186,Xavier Hutchinson,HST,WR,1,2,IND,57.14285714285714,100,20.3,4,18.2,1,4.5,0,0.25,14,14,6.1,0,0,0,0,0,0,0,0,0,0,0,0,0,0,0,0,0,0,39.6,1,5.3,0,0,0,0,0,0,0,0,0,0,0,0,0,0,25,-9.81,-0.2,25,75,0,0,0,0,0,0,0,0,0,0
2023,1187,Xavier Hutchinson,HST,WR,1,5,ATL,14.285714285714285,0,13.8,1,10,0,0,0,0,,0,0,0,0,,,0,,0,,0,,0,0,0,0,0,0,0,0,,0,0,0,,0,,0,,0,,0,0,,0,0,,0,,,0,100,0,0,0,0,0,0,0,0,0,0
2023,1188,Andrei Iosivas,CIN,WR,1,2,BLT,10,0,3.5,1,5.9,0,0,0,0,,0,0,0,0,,,0,,0,,0,,0,0,0,0,0,0,0,0,,0,0,0,,0,,0,,0,,0,0,,0,0,,0,,,100,0,0,0,0,0,0,0,0,0,0,0
2023,1189,Andrei Iosivas,CIN,WR,1,3,LA,10,0,9.5,1,5.3,0,0,0,0,,0,0,0,0,,,0,,0,,0,,0,0,0,0,0,0,0,0,,0,0,0,,0,,0,,0,,0,0,,0,0,,0,,,0,100,0,0,0,0,0,0,0,0,0,0
2023,1190,Andrei Iosivas,CIN,WR,1,4,TEN,20,0,19.6,2,20,0,0,0,0,,0,0,0,0,,,0,,0,,0,,0,0,0,0,0,0,0,0,,0,0,0,,0,,0,,0,,0,0,,0,0,,0,,,100,0,0,0,0,0,0,0,0,0,0,0
2023,1191,Demario Douglas,NE,WR,1,2,MIA,5.555555555555555,0,8.5,1,5.3,0,0,0,0,,0,0,0,0,,,0,,0,,0,,0,0,0,0,0,0,0,0,,0,0,0,,0,,0,,0,,0,0,,0,0,,0,,,0,100,0,0,0,0,0,0,0,0,0,0
2023,1192,Demario Douglas,NE,WR,1,3,NYJ,11.11111111111111,0,24.6,2,28.6,0,0,0,0,,0,0,0,0,,,0,,0,,0,,0,0,0,0,0,0,0,0,,0,0,0,,0,,0,,0,,0,0,,0,0,,0,,,0,100,0,0,0,0,0,0,0,0,0,0
2023,1193,Demario Douglas,NE,WR,1,5,NO,5.555555555555555,0,13.7,1,8.3,0,0,0,0,,0,0,0,0,,,0,,0,,0,,0,0,0,0,0,0,0,0,,0,0,0,,0,,0,,0,,0,0,,0,0,,0,,,100,0,0,0,0,0,0,0,0,0,0,0
2023,1194,Antoine Green,DET,WR,1,2,SEA,33.33333333333333,0,10.9,1,9.1,0,0,0,0,,0,0,0,0,,,0,,0,,0,,0,0,0,0,0,0,0,0,,0,0,0,,0,,0,,0,,0,0,,0,0,,0,,,100,0,0,0,0,0,0,0,0,0,0,0
2023,1195,Antoine Green,DET,WR,1,3,ATL,33.33333333333333,0,20.3,1,10,0,0,0,0,,0,0,0,0,,,0,,0,,0,,0,0,0,0,0,0,0,0,,0,0,0,,0,,0,,0,,0,0,,0,0,,0,,,0,100,0,0,0,0,0,0,0,0,0,0
2023,1196,Antoine Green,DET,WR,1,4,GB,33.33333333333333,0,20.5,1,7.1,0,0,0,0,,0,0,0,0,,,0,,0,,0,,0,0,0,0,0,0,0,0,,0,0,0,,0,,0,,0,,0,0,,0,0,,0,,,0,100,0,0,0,0,0,0,0,0,0,0
2023,1197,Colton Dowell,TEN,WR,1,4,CIN,100,100,24.2,1,10,1,10,0,1,41,41,18.6,0,0,0,0,0,0,0,0,0,0,0,0,0,0,0,0,0,0,0,0,0,0,0,0,0,1,0,0,0,0,0,0,0,0,0,100,-15,-2.419,100,0,0,0,0,0,0,-0.01,0.01,0,-0.01,0
2023,1198,Jalen Brooks,DAL,WR,1,2,NYJ,100,0,18.1,2,20,0,0,0,0,,0,0,0,0,,,0,,0,,0,,0,0,0,0,0,0,0,0,,0,0,0,,0,,0,,0,,0,0,,0,0,,0,,,100,0,0,0,0,0,0,0,0,0,0,0
2023,1199,Ronnie Bell,SF,WR,1,1,PIT,16.666666666666664,0,10.6,1,9.1,0,0,0,0,,0,0,0,0,,,0,,0,,0,,0,0,0,0,0,0,0,0,,0,0,0,,0,,0,,0,,0,0,,0,0,,0,,,100,0,0,0,0,0,0,0,0,0,0,0
2023,1200,Ronnie Bell,SF,WR,1,3,NYG,33.33333333333333,0,37.2,2,15.4,0,0,0,0,,0,0,0,0,,,0,,0,,0,,0,0,0,0,0,0,0,0,,0,0,0,,0,,0,,0,,0,0,,0,0,,0,,,50,50,0,0,0,0,0,0,0,0,0,0
2023,1201,Ronnie Bell,SF,WR,1,5,DAL,16.666666666666664,50,20.9,1,11.1,1,11.1,0,1,10,10,9,0,0,0,0,0,0,0,0,0,0,0,0.01,0,0,0,0,0,0,39.6,1,12.5,0,0,1,100,0,0,1,100,0,0,0,0,0,0,50,-7.5,-0.943,100,0,0,0,0,2.1,0,2.08,-2.08,0,2.08,2.1
2023,1202,Elijah Cooks,JAX,WR,1,6,IND,100,0,16.1,1,8.3,0,0,0,0,,0,0,0,0,,,0,,0,,0,,0,0,0,0,0,0,0,0,,0,0,0,,0,,0,,0,,0,0,,0,0,,0,,,100,0,0,0,0,0,0,0,0,0,0,0
2023,1203,Julian Hill,MIA,TE,1,3,DEN,83.33333333333334,100,77.5,10,76.9,1,7.7,0,0.1,7,7,4.5,0,0,0,0,0,0,0,0,0,0,0,0,0,1,1,0,0,0,39.6,1,9.1,0,0,0,0,0,0,0,0,0,0,0,0,0,0,9.1,-7.31,-0.423,10,60,30,0,0,0,0,0,0,0,0,0
2023,1204,Julian Hill,MIA,TE,1,6,CAR,16.666666666666664,0,44.6,2,20,0,0,0,0,,0,0,0,0,,,0,,0,,0,,0,0,0,0,0,0,0,0,,0,0,0,,0,,0,,0,,0,0,,0,0,,0,,,50,0,50,0,0,0,0,0,0,0,0,0
2023,1205,Jake Bobo,SEA,WR,1,1,LA,14.285714285714285,0,23.9,2,18.2,0,0,0,0,,0,0,0,0,,,0,,0,,0,,0,0,0,0,0,0,0,0,,0,0,0,,0,,0,,0,,0,0,,0,0,,0,,,100,0,0,0,0,0,0,0,0,0,0,0
2023,1206,Jake Bobo,SEA,WR,1,2,DET,7.142857142857142,0,25.4,1,6.7,0,0,0,0,,0,0,0,0,,,0,,0,,0,,0,0,0,0,0,0,0,0,,0,0,0,,0,,0,,0,,0,0,,0,0,,0,,,100,0,0,0,0,0,0,0,0,0,0,0
2023,1207,Jake Bobo,SEA,WR,1,4,NYG,14.285714285714285,0,39.2,2,20,0,0,0,0,,0,0,0,0,,,0,,0,,0,,0,0,0,0,0,0,0,0,,0,0,0,,0,,0,,0,,0,0,,0,0,,0,,,50,50,0,0,0,0,0,0,0,0,0,0
2023,1208,Nate Adkins,DEN,TE,1,3,MIA,100,0,10.2,1,5.6,0,0,0,0,,0,0,0,0,,,0,,0,,0,,0,0,0,0,0,0,0,0,,0,0,0,,0,,0,,0,,0,0,,0,0,,0,,,0,100,0,0,0,0,0,0,0,0,0,0
2023,1209,Ben Sims,GB,TE,1,2,ATL,33.33333333333333,0,8.5,1,9.1,0,0,0,0,,0,0,0,0,,,0,,0,,0,,0,0,0,0,0,0,0,0,,0,0,0,,0,,0,,0,,0,0,,0,0,,0,,,100,0,0,0,0,0,0,0,0,0,0,0
2023,1210,Ben Sims,GB,TE,1,4,DET,33.33333333333333,0,9.4,1,6.3,0,0,0,0,,0,0,0,0,,,0,,0,,0,,0,0,0,0,0,0,0,0,,0,0,0,,0,,0,,0,,0,0,,0,0,,0,,,0,0,100,0,0,0,0,0,0,0,0,0
2023,1211,Ben Sims,GB,TE,1,5,LV,33.33333333333333,0,15.8,1,10,0,0,0,0,,0,0,0,0,,,0,,0,,0,,0,0,0,0,0,0,0,0,,0,0,0,,0,,0,,0,,0,0,,0,0,,0,,,0,0,100,0,0,0,0,0,0,0,0,0
2023,1212,Rakim Jarrett,TB,WR,1,1,MIN,20,0,8.8,1,7.1,0,0,0,0,,0,0,0,0,,,0,,0,,0,,0,0,0,0,0,0,0,0,,0,0,0,,0,,0,,0,,0,0,,0,0,,0,,,100,0,0,0,0,0,0,0,0,0,0,0
2023,1213,Rakim Jarrett,TB,WR,1,3,PHI,20,0,13.6,1,7.1,0,0,0,0,,0,0,0,0,,,0,,0,,0,,0,0,0,0,0,0,0,0,,0,0,0,,0,,0,,0,,0,0,,0,0,,0,,,100,0,0,0,0,0,0,0,0,0,0,0
2023,1214,Dalton Kincaid,BUF,TE,1,2,LV,13.043478260869565,0,62.2,6,50,0,0,0,0,,0,0,0,0,,,0,,0,,0,,0,0,0,0,0,0,0,0,,0,0,0,,0,,0,,0,,0,0,,0,0,,0,,,16.7,50,33.3,0,0,0,0,0,0,0,0,0
2023,1215,Dalton Kincaid,BUF,TE,1,4,MIA,15.217391304347828,0,53.6,7,70,0,0,0,0,,0,0,0,0,,,0,,0,,0,,0,0,0,0,0,0,0,0,,0,0,0,,0,,0,,0,,0,0,,0,0,,0,,,0,85.7,14.3,0,0,0,0,0,0,0,0,0
2023,1216,Dalton Kincaid,BUF,TE,1,5,JAX,28.26086956521739,0,53.7,13,61.9,0,0,0,0,,0,0,0,0,,,0,,0,,0,,0,0,0,0,0,0,0,0,,0,0,0,,0,,0,,0,,0,0,,0,0,,0,,,15.4,53.8,30.8,0,0,0,0,0,0,0,0,0
2023,1217,Brenton Strange,JAX,TE,1,1,IND,12.5,0,37.7,1,5.6,0,0,0,0,,0,0,0,0,,,0,,0,,0,,0,0,0,0,0,0,0,0,,0,0,0,,0,,0,,0,,0,0,,0,0,,0,,,0,0,100,0,0,0,0,0,0,0,0,0
2023,1218,Brenton Strange,JAX,TE,1,2,KC,25,0,26.6,2,12.5,0,0,0,0,,0,0,0,0,,,0,,0,,0,,0,0,0,0,0,0,0,0,,0,0,0,,0,,0,,0,,0,0,,0,0,,0,,,0,100,0,0,0,0,0,0,0,0,0,0
2023,1219,Brenton Strange,JAX,TE,1,4,ATL,25,0,34.4,2,25,0,0,0,0,,0,0,0,0,,,0,,0,,0,,0,0,0,0,0,0,0,0,,0,0,0,,0,,0,,0,,0,0,,0,0,,0,,,0,50,50,0,0,0,0,0,0,0,0,0
2023,1220,Brenton Strange,JAX,TE,1,5,BUF,12.5,0,28,1,5.9,0,0,0,0,,0,0,0,0,,,0,,0,,0,,0,0,0,0,0,0,0,0,,0,0,0,,0,,0,,0,,0,0,,0,0,,0,,,0,0,100,0,0,0,0,0,0,0,0,0
2023,1221,Brenton Strange,JAX,TE,1,6,IND,25,0,54.8,2,16.7,0,0,0,0,,0,0,0,0,,,0,,0,,0,,0,0,0,0,0,0,0,0,,0,0,0,,0,,0,,0,,0,0,,0,0,,0,,,100,0,0,0,0,0,0,0,0,0,0,0
2023,1222,Jalin Hyatt,NYG,WR,1,1,DAL,2.857142857142857,11.11111111111111,33.8,1,8.3,1,8.3,0,1,14,14,10.8,0,0,0,0,0,0,0,0,0,0,0,0,0,0,0,0,0,0,39.6,0,0,0,0,1,100,0,0,1,100,0,0,0,0,0,0,100,-9.81,-0.078,100,0,0,0,0,2.6,0,2.56,-2.56,0,2.56,2.6
2023,1223,Jalin Hyatt,NYG,WR,1,3,SF,17.142857142857142,0,32.6,6,46.2,0,0,0,0,,0,0,0,0,,,0,,0,,0,,0,0,0,0,0,0,0,0,,0,0,0,,0,,0,,0,,0,0,,0,0,,0,,,50,50,0,0,0,0,0,0,0,0,0,0
2023,1224,Jalin Hyatt,NYG,WR,1,5,MIA,11.428571428571429,0,47.1,4,33.3,0,0,0,0,,0,0,0,0,,,0,,0,,0,,0,0,0,0,0,0,0,0,,0,0,0,,0,,0,,0,,0,0,,0,0,,0,,,100,0,0,0,0,0,0,0,0,0,0,0
2023,1225,Tyler Scott,CHI,WR,1,2,TB,11.11111111111111,0,23.5,2,20,0,0,0,0,,0,0,0,0,,,0,,0,,0,,0,0,0,0,0,0,0,0,,0,0,0,,0,,0,,0,,0,0,,0,0,,0,,,0,100,0,0,0,0,0,0,0,0,0,0
2023,1226,Tyler Scott,CHI,WR,1,3,KC,11.11111111111111,16.666666666666664,19.6,2,18.2,1,9.1,0,0.5,32,32,12.3,0,0,0,0,0,0,0,0,0,0,0,0,0,0,0,0,0,0,39.6,1,10,0,0,0,0,1,0,0,0,0,0,0,0,0,0,50,-9.97,-1.478,50,50,0,0,0,0,0,0.03,-0.03,0,0.02,0
2023,1227,Tyler Scott,CHI,WR,1,4,DEN,16.666666666666664,0,20,3,21.4,0,0,0,0,,0,0,0,0,,,0,,0,,0,,0,0,0,0,0,0,0,0,,0,0,0,,0,,0,,0,,0,0,,0,0,,0,,,100,0,0,0,0,0,0,0,0,0,0,0
2023,1228,Tyler Scott,CHI,WR,1,5,WAS,22.22222222222222,0,23.4,4,33.3,0,0,0,0,,0,0,0,0,,,0,,0,,0,,0,0,0,0,0,0,0,0,,0,0,0,,0,,0,,0,,0,0,,0,0,,0,,,75,25,0,0,0,0,0,0,0,0,0,0
2023,1229,Marvin Mims,DEN,WR,1,6,KC,13.043478260869565,0,22.4,3,42.9,0,0,0,0,,0,0,0,0,,,0,,0,,0,,0,0,0,0,0,0,0,0,,0,0,0,,0,,0,,0,,0,0,,0,0,,0,,,33.3,66.7,0,0,0,0,0,0,0,0,0,0
2023,1230,Cedric Tillman,CLV,WR,1,1,CIN,42.857142857142854,0,13.9,3,33.3,0,0,0,0,,0,0,0,0,,,0,,0,,0,,0,0,0,0,0,0,0,0,,0,0,0,,0,,0,,0,,0,0,,0,0,,0,,,0,100,0,0,0,0,0,0,0,0,0,0
2023,1231,Cedric Tillman,CLV,WR,1,3,TEN,14.285714285714285,0,16.4,1,7.1,0,0,0,0,,0,0,0,0,,,0,,0,,0,,0,0,0,0,0,0,0,0,,0,0,0,,0,,0,,0,,0,0,,0,0,,0,,,0,100,0,0,0,0,0,0,0,0,0,0
2023,1232,Jordan Addison,MIN,WR,1,4,CAR,7.042253521126761,0,56.8,5,62.5,0,0,0,0,,0,0,0,0,,,0,,0,,0,,0,0,0,0,0,0,0,0,,0,0,0,,0,,0,,0,,0,0,,0,0,,0,,,100,0,0,0,0,0,0,0,0,0,0,0
2023,1233,Tucker Kraft,GB,TE,1,2,ATL,16.666666666666664,0,4.3,1,9.1,0,0,0,0,,0,0,0,0,,,0,,0,,0,,0,0,0,0,0,0,0,0,,0,0,0,,0,,0,,0,,0,0,,0,0,,0,,,0,0,100,0,0,0,0,0,0,0,0,0
2023,1234,Tucker Kraft,GB,TE,1,3,NO,16.666666666666664,0,12.7,1,5.6,0,0,0,0,,0,0,0,0,,,0,,0,,0,,0,0,0,0,0,0,0,0,,0,0,0,,0,,0,,0,,0,0,,0,0,,0,,,0,0,100,0,0,0,0,0,0,0,0,0
2023,1235,Tucker Kraft,GB,TE,1,4,DET,33.33333333333333,0,22.6,2,12.5,0,0,0,0,,0,0,0,0,,,0,,0,,0,,0,0,0,0,0,0,0,0,,0,0,0,,0,,0,,0,,0,0,,0,0,,0,,,0,0,100,0,0,0,0,0,0,0,0,0
2023,1236,Tucker Kraft,GB,TE,1,5,LV,33.33333333333333,0,38.6,2,20,0,0,0,0,,0,0,0,0,,,0,,0,,0,,0,0,0,0,0,0,0,0,,0,0,0,,0,,0,,0,,0,0,,0,0,,0,,,0,0,100,0,0,0,0,0,0,0,0,0
2023,1237,Josh Downs,IND,WR,1,1,JAX,18.0327868852459,0,78.3,11,91.7,0,0,0,0,,0,0,0,0,,,0,,0,,0,,0,0,0,0,0,0,0,0,,0,0,0,,0,,0,,0,,0,0,,0,0,,0,,,0,100,0,0,0,0,0,0,0,0,0,0
2023,1238,Josh Downs,IND,WR,1,4,LA,9.836065573770492,0,74.1,6,100,0,0,0,0,,0,0,0,0,,,0,,0,,0,,0,0,0,0,0,0,0,0,,0,0,0,,0,,0,,0,,0,0,,0,0,,0,,,0,100,0,0,0,0,0,0,0,0,0,0
2023,1239,Josh Downs,IND,WR,1,5,TEN,11.475409836065573,0,68.9,7,77.8,0,0,0,0,,0,0,0,0,,,0,,0,,0,,0,0,0,0,0,0,0,0,,0,0,0,,0,,0,,0,,0,0,,0,0,,0,,,14.3,85.7,0,0,0,0,0,0,0,0,0,0
2023,1240,Payne Durham,TB,TE,1,6,DET,100,0,11.1,1,9.1,0,0,0,0,,0,0,0,0,,,0,,0,,0,,0,0,0,0,0,0,0,0,,0,0,0,,0,,0,,0,,0,0,,0,0,,0,,,0,100,0,0,0,0,0,0,0,0,0,0
2023,1241,Trey Palmer,TB,WR,1,1,MIN,15.789473684210526,0,33.8,6,42.9,0,0,0,0,,0,0,0,0,,,0,,0,,0,,0,0,0,0,0,0,0,0,,0,0,0,,0,,0,,0,,0,0,,0,0,,0,,,16.7,83.3,0,0,0,0,0,0,0,0,0,0
2023,1242,Trey Palmer,TB,WR,1,3,PHI,23.684210526315788,0,72.7,9,64.3,0,0,0,0,,0,0,0,0,,,0,,0,,0,,0,0,0,0,0,0,0,0,,0,0,0,,0,,0,,0,,0,0,,0,0,,0,,,11.1,88.9,0,0,0,0,0,0,0,0,0,0
2023,1243,Trey Palmer,TB,WR,1,6,DET,13.157894736842104,0,64.8,5,45.5,0,0,0,0,,0,0,0,0,,,0,,0,,0,,0,0,0,0,0,0,0,0,,0,0,0,,0,,0,,0,,0,0,,0,0,,0,,,20,80,0,0,0,0,0,0,0,0,0,0
2023,1244,Jonathan Mingo,CAR,WR,1,1,ATL,19.607843137254903,15,86.1,10,90.9,3,27.3,0,0.3,22.33,67,41.6,0,0,0,0,0,0,0,0,0,0,0,0,0,0,0,0,0,0,39.6,2,33.3,0,0,0,0,1,0,0,0,0,0,0,0,0,0,30,-11.24,-0.473,80,20,0,0,0,-0.1,0,-0.14,0.14,0,-0.01,-0.1
2023,1245,Sam LaPorta,DET,TE,1,2,SEA,14.000000000000002,9.090909090909092,82.8,7,63.6,1,9.1,0,0.14,5,5,3.3,0,0,0,0,0,0,0,0,0,0,0,0,0,0,0,0,0,0,39.6,0,0,0,0,0,0,0,0,0,0,0,0,0,0,0,0,11.1,-6.48,-3.22,14.3,42.9,42.9,0,0,0,0,0.02,-0.02,0,0,0
2023,1246,Sam LaPorta,DET,TE,1,5,CAR,12,0,86.7,6,66.7,0,0,0,0,,0,0,0,0,,,0,,0,,0,,0,0,0,0,0,0,0,0,,0,0,0,,0,,0,,0,,0,0,,0,0,,0,,,0,16.7,83.3,0,0,0,0,0,0,0,0,0
2023,1247,Sam LaPorta,DET,TE,1,6,TB,18,18.181818181818183,84.1,9,69.2,2,15.4,0,0.22,7.5,15,14.3,0,0,0,0,0,0,0,0,0,0,0,0.01,0,0,0,0,0,0,39.6,2,16.7,0,0,2,100,0,0,1,50,1,0,0,0,0,0,18.2,-7.4,-0.79,33.3,22.2,44.4,0,0,3,0,2.95,-2.95,0,0.33,3
2023,1248,Michael Mayer,LV,TE,1,1,DEN,10.344827586206897,0,50.9,3,16.7,0,0,0,0,,0,0,0,0,,,0,,0,,0,,0,0,0,0,0,0,0,0,,0,0,0,,0,,0,,0,,0,0,,0,0,,0,,,0,0,100,0,0,0,0,0,0,0,0,0
2023,1249,Michael Mayer,LV,TE,1,2,BUF,10.344827586206897,0,38.5,3,42.9,0,0,0,0,,0,0,0,0,,,0,,0,,0,,0,0,0,0,0,0,0,0,,0,0,0,,0,,0,,0,,0,0,,0,0,,0,,,0,33.3,66.7,0,0,0,0,0,0,0,0,0
2023,1250,Michael Mayer,LV,TE,1,3,PIT,31.03448275862069,33.33333333333333,47.8,9,29,1,3.2,0,0.11,13,13,3.6,0,0,0,0,0,0,0,0,0,0,0,0,0,0,0,0,0,0,0,1,3.6,0,0,1,100,0,0,0,0,1,0,0,0,0,0,7.1,-9.96,-4.33,22.2,33.3,44.4,0,0,1.2,0,1.18,-1.18,0,0.13,1.2
2023,1251,Michael Mayer,LV,TE,1,4,LAC,13.793103448275861,0,52.2,4,23.5,0,0,0,0,,0,0,0,0,,,0,,0,,0,,0,0,0,0,0,0,0,0,,0,0,0,,0,,0,,0,,0,0,,0,0,,0,,,0,50,50,0,0,0,0,0,0,0,0,0
2023,1252,Michael Mayer,LV,TE,1,5,GB,6.896551724137931,0,65.6,2,20,0,0,0,0,,0,0,0,0,,,0,,0,,0,,0,0,0,0,0,0,0,0,,0,0,0,,0,,0,,0,,0,0,,0,0,,0,,,0,0,100,0,0,0,0,0,0,0,0,0
2023,1253,Rashee Rice,KC,WR,1,1,DET,4.166666666666666,0,32.3,1,6.3,0,0,0,0,,0,0,0,0,,,0,,0,,0,,0,0,0,0,0,0,0,0,,0,0,0,,0,,0,,0,,0,0,,0,0,,0,,,0,100,0,0,0,0,0,0,0,0,0,0
2023,1254,Luke Musgrave,GB,TE,1,2,ATL,19.148936170212767,0,87.2,9,81.8,0,0,0,0,,0,0,0,0,,,0,,0,,0,,0,0,0,0,0,0,0,0,,0,0,0,,0,,0,,0,,0,0,,0,0,,0,,,0,44.4,55.6,0,0,0,0,0,0,0,0,0
2023,1255,Luke Musgrave,GB,TE,1,3,NO,36.17021276595745,0,87.3,17,94.4,0,0,0,0,,0,0,0,0,,,0,,0,,0,,0,0,0,0,0,0,0,0,,0,0,0,,0,,0,,0,,0,0,,0,0,,0,,,5.9,70.6,23.5,0,0,0,0,0,0,0,0,0
2023,1256,Luke Musgrave,GB,TE,1,4,DET,6.382978723404255,0,26.4,3,18.8,0,0,0,0,,0,0,0,0,,,0,,0,,0,,0,0,0,0,0,0,0,0,,0,0,0,,0,,0,,0,,0,0,,0,0,,0,,,0,33.3,66.7,0,0,0,0,0,0,0,0,0
2023,1257,Luke Musgrave,GB,TE,1,5,LV,12.76595744680851,0,70.2,6,60,0,0,0,0,,0,0,0,0,,,0,,0,,0,,0,0,0,0,0,0,0,0,,0,0,0,,0,,0,,0,,0,0,,0,0,,0,,,0,66.7,33.3,0,0,0,0,0,0,0,0,0
2023,1258,Jayden Reed,GB,WR,1,3,NO,29.268292682926827,0,62,12,66.7,0,0,0,0,,0,0,0,0,,,0,,0,,0,,0,0,0,0,0,0,0,0,,0,0,0,,0,,0,,0,,0,0,,0,0,,0,,,0,100,0,0,0,0,0,0,0,0,0,0
2023,1259,Kadarius Toney,KC,WR,1,3,CHI,4.3478260869565215,7.6923076923076925,2.7,1,7.1,1,7.1,-1,1,-4,-4,-2.6,-1,-0.9,-1,-1,1,100,3,3,1,1,0,0,0,0,0,0,0,0,79.2,1,8.3,1,100,1,100,0,0,0,0,0,0,0,0,0,0,100,-5.49,-0.738,100,0,0,0,0.9,1.5,0.9,1.51,-0.61,0.9,1.51,1.5
2023,1260,Jahan Dotson,WAS,WR,1,2,DEN,15.384615384615385,5.88235294117647,83.3,12,100,1,8.3,-0.08,0.08,-4,-4,-3.5,-1,-0.8,-1,-1,1,100,3,3,1,1,0,0,0,0,0,0,0,0,79.2,1,9.1,1,100,1,100,0,0,0,0,0,0,0,0,0,0,8.3,-5.49,-0.819,58.3,41.7,0,0,0.9,1.5,0.9,1.48,-0.58,0.07,0.12,1.5
2023,1261,Jameson Williams,DET,WR,1,5,CAR,37.5,33.33333333333333,46.7,3,33.3,1,11.1,-0.67,0.33,-3,-3,-3.2,-2,-1.9,-2,-2,1,100,1,1,1,1,0,0.01,0,0,0,0,0,0,79.2,1,12.5,1,100,1,100,0,0,0,0,0,0,0,0,0,0,33.3,-6.94,-1.002,66.7,33.3,0,0,0.8,1.6,0.8,1.59,-0.79,0.27,0.53,1.6
2023,1262,Chigoziem Okonkwo,TEN,TE,1,3,CLV,15.151515151515152,50,82.2,5,38.5,1,7.7,-0.4,0.2,-2,-2,-0.9,-2,-4.3,-2,-2,1,100,0,0,0,0,0,0.01,0,0,0,0,0,0,79.2,1,8.3,1,100,1,100,0,0,0,0,0,0,0,0,0,0,9.1,-6.85,-0.836,20,80,0,0,0.8,1.6,0.8,1.56,-0.76,0.16,0.31,1.6
Exported from Data Suite 2.0 by michaelgingrave (user 380) on 2026-09-16 21:24 UTC,,,,,,,,,,,,,,,,,,,,,,,,,,,,,,,,,,,,,,,,,,,,,,,,,,,,,,,,,,,,,,,,,,,,,