,Player Details,Player Details,Player Details,Player Details,Player Details,Splits,Splits,Splits,Splits,Receiving,Receiving,Receiving,Receiving,Receiving,Receiving,Receiving,Receiving,Receiving,Receiving,Receiving,Receiving,Receiving,Receiving,Receiving,Receiving,Receiving,Receiving,Receiving,Receiving,Receiving,Receiving,Receiving,Receiving,Receiving,Receiving,Advanced,Advanced,Advanced,Advanced,Advanced,Advanced,Advanced,Advanced,Advanced,Advanced,Advanced,Advanced,Advanced,Advanced,Advanced,Advanced,Advanced,Advanced,Advanced,Advanced,Advanced,Advanced,Alignment,Alignment,Alignment,Alignment,FP,FP,FP,FP,FP,FP,FP,FP
Season,Rank,Name,Team,POS,G,WEEK,OPP,RTE %,TGT %,SNAP %,RTE,RTE %,TGT,TGT %,YPRR,TPRR,aDOT,AY,AY Share,YDS,TM YDS %,YPT,YPR,REC,CR %,YAC,YAC/REC,YACO,YACO/REC,TD,XTD,TM TD %,i20 TGT,EZTGT,EZTD,1D,1D/RR,RATE,1READ,1READ %,DESIGN,DESIGN %,CTGT,CTGT %,DEEP,EXP %,DRP,DRP %,CT,CC,CC %,HERO,MTF,MTF/REC,THREAT %,YPTOE,EPA/TGT,WIDE RTE %,SLOT RTE %,INLINE RTE %,BACK RTE %,FP,XFP,FP/G,XFP/G,DIFF,FP/RR,XFP/RR,RecXFP
2025,,League Avg,,,,,,,,54.4750997605746,6.1268954509177975,52.388108539505176,1.7055067837190743,14.617637669592929,2.26,0.28,6.711133280127695,20.342378292098964,14.873264166001594,13.832402234636872,14.685075818036678,8.11,13.14,1.0526735833998404,61.7,4.194732641660016,3.98,1.4253790901835595,1.35,0.0893854748603352,0.09370311252992848,6.703830806065444,0.23304070231444532,0.15323224261771748,0.05666400638467677,0.6687948922585794,0.109,49.557621707900935,1.3479648842777334,14.63439744612927,0.09896249002394254,5.8,1.2936951316839584,75.9,0.30646448523543496,21,0.09337589784517158,5.5,0.35115722266560256,0.18116520351157223,51.6,0.03112529928172386,0.11013567438148444,0.1,25.2,-0.38,0.253,45.867118914604944,35.12857142857142,17.97597765363129,1.0294493216280924,2.9706304868316047,3.035514764565043,2.9706304868316047,3.036440542697529,-0.0658100558659218,0.49,0.5,3.035514764565043
2025,1,Puka Nacua,LA,WR,1,16,SEA,30.555555555555557,32.608695652173914,80.7,22,88,15,60,7.59,0.68,9.2,138,49.8,167,66,11.13,15.18,11,73.3,88,8,21,1.91,2,1.15,100,2,1,1,6,0.273,149.2,12,75,1,6.7,12,80,2,33.3,0,0,3,2,66.7,0,2,0.18,68.2,3.47,0.796,81.8,18.2,0,0,39.7,29.6,39.7,29.55,10.15,1.8,1.34,29.6
2025,2,Michael Wilson,ARZ,WR,1,14,LA,22.535211267605636,28.000000000000004,78.7,16,88.9,14,77.8,8.44,0.88,11.86,166,87.4,135,80.8,9.64,13.5,10,71.4,34,3.4,22,2.2,2,1.38,100,2,1,1,8,0.5,111.6,14,93.3,0,0,11,78.6,1,25,0,0,4,3,75,2,1,0.1,87.5,1.27,0.398,93.8,6.3,0,0,35.5,26.4,35.5,26.43,9.07,2.22,1.65,26.4
2025,3,Jameson Williams,DET,WR,1,15,LA,22.78481012658228,23.684210526315788,90.3,18,100,9,50,7.44,0.5,19.44,175,62.1,134,58.5,14.89,19.14,7,77.8,10,1.43,6,0.86,1,1.09,50,1,2,1,6,0.333,155.8,8,53.3,1,11.1,8,88.9,4,42.9,0,0,0,0,0,0,0,0,50,4.2,1.028,83.3,16.7,0,0,26.4,31.1,26.4,31.15,-4.75,1.47,1.73,31.1
2025,4,DK Metcalf,PIT,WR,1,14,BLT,35,45.45454545454545,82.4,14,100,10,71.4,9.5,0.71,16.8,168,80.8,133,73.5,13.3,26.6,5,50,29,5.8,6,1.2,0,0.44,0,4,3,0,3,0.214,95.8,8,72.7,1,10,8,80,3,75,0,0,4,1,25,0,0,0,71.4,3.38,0.62,85.7,14.3,0,0,18.3,20.6,18.3,20.61,-2.31,1.31,1.47,20.6
2025,5,George Pickens,DAL,WR,1,16,LAC,13.333333333333334,23.076923076923077,89.3,12,100,9,75,10.83,0.75,13.67,123,92.5,130,91.5,14.44,18.57,7,77.8,27,3.86,8,1.14,1,0.88,50,2,1,1,5,0.417,155.8,8,72.7,0,0,7,77.8,2,50,0,0,2,2,100,0,0,0,75,5.63,1.166,100,0,0,0,26,19.9,26,19.86,6.14,2.17,1.66,19.9
2025,6,Alec Pierce,IND,WR,1,18,HST,17.307692307692307,22.22222222222222,67.2,9,90,6,60,14.11,0.67,22.67,136,64.5,127,100,21.17,42.33,3,50,36,12,8,2.67,2,1.97,100,2,2,1,3,0.333,135.4,6,66.7,0,0,6,100,2,100,1,16.7,1,0,0,0,0,0,66.7,9.7,1.755,100,0,0,0,27.7,27.2,27.7,27.22,0.48,3.08,3.02,27.2
2025,7,Nico Collins,HST,WR,1,14,KC,21.818181818181817,22.22222222222222,83.1,12,100,6,50,10.08,0.5,16.5,99,56.3,121,75.6,20.17,30.25,4,66.7,39,9.75,7,1.75,0,0.17,0,1,0,0,3,0.25,109.7,4,50,0,0,5,83.3,1,66.7,0,0,2,1,50,0,0,0,50,10.67,1.069,91.7,8.3,0,0,16.1,12.4,16.1,12.4,3.7,1.34,1.03,12.4
2025,8,Mike Evans,TB,WR,1,15,ATL,29.268292682926827,38.095238095238095,50.8,12,66.7,8,44.4,10,0.67,17,136,51.5,120,57.4,15,24,5,62.5,11,2.2,3,0.6,0,0.7,0,1,1,0,5,0.417,66.7,7,50,0,0,7,87.5,2,60,0,0,4,2,50,0,0,0,61.5,5.76,0.337,91.7,8.3,0,0,17,17.9,17,17.9,-0.9,1.42,1.49,17.9
2025,9,Puka Nacua,LA,WR,1,15,DET,12.5,13.043478260869565,55.1,9,60,6,40,13.33,0.67,14.33,86,33.2,120,56.9,20,20,6,100,34,5.67,19,3.17,0,0.05,0,0,0,0,5,0.556,118.8,6,42.9,0,0,6,100,2,50,0,0,0,0,0,1,2,0.33,66.7,11.46,1.704,88.9,11.1,0,0,18,15.3,18,15.28,2.72,2,1.7,15.3
2025,10,A.J. Brown,PHI,WR,1,13,CHI,21.666666666666668,27.027027027027028,96.1,13,92.9,10,71.4,8.92,0.77,12.1,121,77.1,116,73.4,11.6,12.89,9,90,22,2.44,7,0.78,2,1.27,100,1,0,0,6,0.462,115,5,62.5,0,0,9,90,2,12.5,0,0,4,4,100,0,0,0,71.4,2.88,0.619,84.6,15.4,0,0,32.6,22.5,32.6,22.53,10.07,2.51,1.73,22.5
2025,11,Ja'Marr Chase,CIN,WR,1,13,BLT,24.719101123595504,26.666666666666668,98.8,22,100,12,54.5,5,0.55,14.5,174,57.6,110,88.7,9.17,15.71,7,58.3,8,1.14,3,0.43,0,0.82,0,1,1,0,5,0.227,88.9,11,64.7,0,0,8,66.7,3,14.3,0,0,2,2,100,0,0,0,54.5,-0.06,0.726,77.3,22.7,0,0,18,21.4,18,21.37,-3.37,0.82,0.97,21.4
2025,12,Amon-Ra St. Brown,DET,WR,1,15,LA,24.637681159420293,34.78260869565217,95.2,17,94.4,8,44.4,6.06,0.47,12.5,100,35.5,103,45,12.88,17.17,6,75,43,7.17,10,1.67,1,1.02,50,3,1,1,5,0.294,156.3,6,40,0,0,6,75,1,25,0,0,0,0,0,0,2,0.33,44.4,3.91,0.67,64.7,35.3,0,0,22.3,19.2,22.3,19.17,3.13,1.31,1.13,19.2
2025,13,Michael Wilson,ARZ,WR,1,18,LA,11.267605633802818,16,90.6,8,100,8,100,12.38,1,19,152,100,99,100,12.38,19.8,5,62.5,20,4,8,1.6,1,0.72,100,2,1,0,4,0.5,105.7,6,100,0,0,7,87.5,4,75,0,0,2,0,0,0,0,0,100,2.29,0.601,100,0,0,0,20.9,19.8,20.9,19.78,1.12,2.61,2.47,19.8
2025,14,Courtland Sutton,DEN,WR,1,15,GB,21.53846153846154,21.62162162162162,89.2,14,87.5,8,50,6.93,0.57,11.75,94,48.5,97,60.6,12.13,16.17,6,75,20,3.33,5,0.83,1,0.59,50,2,1,1,4,0.286,154.7,5,45.5,0,0,7,87.5,2,40,0,0,4,3,75,0,0,0,53.3,3.57,1.086,92.9,7.1,0,0,21.7,16.8,21.7,16.84,4.86,1.55,1.2,16.8
2025,15,DJ Moore,CHI,WR,1,16,GB,15.151515151515152,26.31578947368421,95,10,100,5,50,9.7,0.5,18.6,93,65,97,82.9,19.4,19.4,5,100,4,0.8,3,0.6,1,0.7,100,0,1,1,3,0.3,158.3,2,50,0,0,5,100,2,60,0,0,4,4,100,0,0,0,50,9.48,1.314,70,30,0,0,20.7,12.5,20.7,12.54,8.16,2.07,1.25,12.5
2025,16,Quentin Johnston,LAC,WR,1,17,HST,26.666666666666668,53.84615384615385,74.6,8,88.9,7,77.8,11.88,0.88,23,161,87,95,100,13.57,23.75,4,57.1,11,2.75,4,1,0,0.22,0,1,0,0,4,0.5,101.8,4,66.7,0,0,5,71.4,3,33.3,0,0,1,0,0,0,0,0,87.5,2.99,0.93,100,0,0,0,13.5,13.1,13.5,13.15,0.35,1.69,1.64,13.1
2025,17,CeeDee Lamb,DAL,WR,1,15,MIN,19.230769230769234,20,84.1,15,88.2,6,35.3,6.27,0.4,16,96,53,94,43.9,15.67,23.5,4,66.7,20,5,1,0.25,0,0.07,0,1,1,0,4,0.267,109.7,4,44.4,0,0,4,66.7,2,50,0,0,0,0,0,0,0,0,37.5,5.77,1.21,53.3,46.7,0,0,13.4,13.2,13.4,13.17,0.23,0.89,0.88,13.2
2025,18,Ja'Marr Chase,CIN,WR,1,15,BLT,16.853932584269664,28.888888888888886,97.2,15,100,13,86.7,6.13,0.87,9.85,128,80,92,85.2,7.08,13.14,7,53.8,37,5.29,8,1.14,0,0.34,0,1,1,0,4,0.267,44.4,11,91.7,0,0,9,69.2,1,16.7,1,7.7,1,1,100,0,1,0.14,86.7,-0.71,0.223,100,0,0,0,16.2,19,16.2,18.97,-2.77,1.08,1.26,19
2025,19,Parker Washington,JAX,WR,1,16,DEN,20,23.076923076923077,55.9,10,83.3,3,25,9.2,0.3,4.67,14,16.7,92,60.5,30.67,30.67,3,100,78,26,2,0.67,0,0.03,0,0,0,0,2,0.2,118.8,2,33.3,0,0,3,100,0,66.7,0,0,1,1,100,0,4,1.33,30,24.41,2.595,50,50,0,0,12.2,4.6,12.2,4.61,7.59,1.22,0.46,4.6
2025,20,Jakobi Meyers,JAX,WR,1,13,TEN,17.105263157894736,20,91.2,13,92.9,6,42.9,6.92,0.46,7.83,47,24.1,90,60.8,15,15,6,100,45,7.5,7,1.17,1,0.94,50,1,1,1,4,0.308,158.3,6,46.2,1,16.7,6,100,1,20,0,0,0,0,0,0,0,0,46.2,7.32,1.358,84.6,15.4,0,0,21,18.2,21,18.21,2.79,1.62,1.4,18.2
2025,21,Jameson Williams,DET,WR,1,13,GB,13.924050632911392,18.421052631578945,95,11,100,7,63.6,8.18,0.64,9.14,64,60.4,90,65.2,12.86,22.5,4,57.1,50,12.5,34,8.5,0,0.03,0,0,0,0,3,0.273,101.8,5,62.5,1,14.3,5,71.4,0,50,1,14.3,0,0,0,0,2,0.5,63.6,4.78,0.134,100,0,0,0,13,11,13,10.98,2.02,1.18,1,11
2025,22,Adonai Mitchell,NYJ,WR,1,13,ATL,23.076923076923077,24.324324324324326,85.7,15,88.2,9,52.9,5.93,0.6,17.22,155,79.1,89,74.8,9.89,14.83,6,66.7,1,0.17,0,0,1,0.74,100,2,1,0,3,0.2,135.9,9,60,0,0,6,66.7,2,20,0,0,0,0,0,0,0,0,52.9,0.66,0.456,80,20,0,0,20.9,19.3,20.9,19.25,1.65,1.39,1.28,19.3
2025,23,George Pickens,DAL,WR,1,13,KC,18.88888888888889,28.205128205128204,72.3,17,85,11,55,5.18,0.65,9.64,106,53.5,88,45.6,8,14.67,6,54.5,49,8.17,13,2.17,0,0.31,0,3,0,0,3,0.176,43,8,57.1,0,0,7,63.6,1,25,1,9.1,0,0,0,0,2,0.33,64.7,0.02,-0.086,94.1,5.9,0,0,14.8,14.8,14.8,14.83,-0.03,0.87,0.87,14.8
2025,24,Jayden Higgins,HST,WR,1,17,LAC,15.217391304347828,22.22222222222222,48.4,7,50,4,28.6,12.57,0.57,19.75,79,40.5,88,40.7,22,44,2,50,35,17.5,0,0,1,0.79,50,0,0,0,2,0.286,95.8,4,33.3,0,0,2,50,1,50,0,0,0,0,0,0,0,0,57.1,11.62,0.393,57.1,42.9,0,0,16.8,13.3,16.8,13.35,3.45,2.4,1.91,13.3
2025,25,Chris Olave,NO,WR,1,17,TEN,16.129032258064516,18.75,90.4,10,90.9,6,54.5,8.6,0.6,14.5,87,56.1,86,77.5,14.33,21.5,4,66.7,42,10.5,5,1.25,0,0.02,0,1,0,0,2,0.2,109.7,6,66.7,0,0,4,66.7,2,25,0,0,0,0,0,0,0,0,60,5.88,0.784,80,20,0,0,12.6,9.4,12.6,9.44,3.16,1.26,0.94,9.4
2025,26,Alec Pierce,IND,WR,1,16,SF,13.461538461538462,14.814814814814813,96.6,7,87.5,4,50,12.29,0.57,20,80,64,86,82.7,21.5,21.5,4,100,15,3.75,11,2.75,2,1.61,100,2,2,2,4,0.571,158.3,4,66.7,0,0,4,100,2,66.7,0,0,3,3,100,0,0,0,50,10.27,2.41,85.7,14.3,0,0,24.6,18.5,24.6,18.46,6.14,3.51,2.64,18.5
2025,27,CeeDee Lamb,DAL,WR,1,13,KC,23.076923076923077,23.333333333333332,78.5,18,90,7,35,4.72,0.39,12.43,87,43.9,85,44,12.14,17,5,71.4,30,6,10,2,1,1.02,100,2,2,1,2,0.111,151.8,5,35.7,0,0,5,71.4,2,25,0,0,0,0,0,0,0,0,38.9,3.52,0.625,66.7,33.3,0,0,19.5,18.5,19.5,18.47,1.03,1.08,1.03,18.5
2025,28,Amon-Ra St. Brown,DET,WR,1,18,CHI,17.391304347826086,17.391304347826086,94.4,12,85.7,4,28.6,7.08,0.33,12.75,51,53.1,85,42.9,21.25,21.25,4,100,34,8.5,12,3,0,0.15,0,0,0,0,4,0.333,118.8,3,27.3,0,0,4,100,0,50,0,0,0,0,0,0,1,0.25,28.6,11.97,1.502,41.7,58.3,0,0,12.5,11.2,12.5,11.25,1.25,1.04,0.94,11.2
2025,29,Tetairoa McMillan,CAR,WR,1,18,TB,31.70731707317073,33.33333333333333,87.8,13,81.3,6,37.5,6.54,0.46,15.17,91,50.6,85,47,14.17,21.25,4,66.7,8,2,4,1,0,0.2,0,1,0,0,4,0.308,70.1,4,36.4,0,0,5,83.3,2,33.3,1,16.7,0,0,0,0,0,0,42.9,5.02,0.743,84.6,15.4,0,0,11.5,14.4,11.5,14.39,-2.89,0.96,1.11,14.4
2025,30,Terry McLaurin,WAS,WR,1,13,DEN,34.61538461538461,36.666666666666664,49.4,18,85.7,11,52.4,4.61,0.61,13.91,153,48.6,83,60.1,7.55,13.83,6,54.5,9,1.5,-1,-0.17,1,1.17,50,3,3,1,5,0.278,109.3,8,44.4,0,0,8,72.7,1,20,1,9.1,3,1,33.3,0,0,0,57.9,-1.81,0.553,100,0,0,0,20.3,21.9,20.3,21.87,-1.57,1.13,1.22,21.9
2025,31,Nico Collins,HST,WR,1,13,IND,21.818181818181817,25.925925925925924,73.2,12,80,7,46.7,6.92,0.58,18,126,59.4,83,45.1,11.86,20.75,4,57.1,38,9.5,17,4.25,0,0.02,0,0,0,0,4,0.333,99.1,7,50,0,0,4,57.1,3,75,0,0,1,1,100,0,0,0,58.3,2.17,0.885,91.7,8.3,0,0,12.3,8.6,12.3,8.65,3.65,1.03,0.72,8.6
2025,32,Jameson Williams,DET,WR,1,14,DAL,11.39240506329114,15.789473684210526,91.2,9,100,6,66.7,9.22,0.67,19,114,68.7,83,64.8,13.83,20.75,4,66.7,24,6,12,3,0,0.04,0,0,1,0,3,0.333,109.7,5,62.5,0,0,4,66.7,2,50,0,0,1,1,100,0,0,0,66.7,3.27,1.125,88.9,11.1,0,0,12.3,9.5,12.3,9.52,2.78,1.37,1.06,9.5
2025,33,Ryan Flournoy,DAL,WR,1,14,DET,35.41666666666667,44.44444444444444,63.2,17,68,8,32,4.76,0.47,16.25,130,36.1,81,44.5,10.13,16.2,5,62.5,19,3.8,2,0.4,1,0.32,100,2,1,0,4,0.235,96.4,5,29.4,0,0,6,75,2,50,0,0,2,1,50,0,0,0,47.1,0.25,0.649,64.7,35.3,0,0,19.1,13.8,19.1,13.84,5.26,1.12,0.81,13.8
2025,34,Justin Jefferson,MIN,WR,1,18,GB,22.033898305084744,27.586206896551722,78.1,13,100,8,61.5,6.15,0.62,9.25,74,56.1,80,61.1,10,13.33,6,75,27,4.5,8,1.33,0,0.04,0,1,1,0,4,0.308,106.3,7,63.6,1,12.5,6,75,0,0,0,0,1,1,100,0,2,0.33,61.5,1.92,0.453,92.3,7.7,0,0,14,12.9,14,12.89,1.11,1.08,0.99,12.9
2025,35,Jaxon Smith-Njigba,SEA,WR,1,14,ATL,16.666666666666664,20,74.1,11,100,8,72.7,7.27,0.73,11.63,93,71,80,74.1,10,16,5,62.5,34,6.8,12,2.4,2,1.01,100,2,2,1,3,0.273,135.4,6,66.7,0,0,6,75,1,50,0,0,1,0,0,0,1,0.2,72.7,1.47,0.758,100,0,0,0,25,16.8,25,16.84,8.16,2.27,1.53,16.8
2025,36,Luther Burden,CHI,WR,1,15,CLV,20.930232558139537,28.57142857142857,39.1,9,69.2,6,46.2,8.78,0.67,9,54,27.4,79,54.9,13.17,15.8,5,83.3,43,8.6,20,4,0,0.05,0,0,0,0,2,0.222,118.8,5,55.6,1,16.7,6,100,0,20,1,16.7,0,0,0,0,5,1,66.7,4.92,0.474,66.7,33.3,0,0,12.9,13.9,12.9,13.94,-1.04,1.43,1.55,13.9
2025,37,Alec Pierce,IND,WR,1,13,HST,9.615384615384617,18.51851851851852,96.1,5,100,5,100,15.6,1,20.8,104,100,78,100,15.6,19.5,4,80,6,1.5,3,0.75,1,0.81,100,1,1,1,4,0.8,158.3,5,100,0,0,4,80,2,33.3,0,0,1,1,100,0,0,0,100,4.11,1.305,100,0,0,0,17.8,15,17.8,15.04,2.76,3.56,3.01,15
2025,38,Ricky Pearsall,SF,WR,1,15,TEN,37.03703703703704,38.46153846153847,58.6,10,76.9,5,38.5,7.8,0.5,15.6,78,40.4,78,45.3,15.6,19.5,4,80,16,4,6,1.5,0,0.04,0,0,0,0,4,0.4,118.8,5,45.5,0,0,4,80,1,25,0,0,1,1,100,0,0,0,50,5.69,1.387,80,20,0,0,11.8,9.8,11.8,9.85,1.95,1.18,0.98,9.8
2025,39,Chris Godwin,TB,WR,1,17,MIA,25.423728813559322,20,77.8,15,68.2,3,13.6,5.13,0.2,2.33,7,2.8,77,35.8,25.67,25.67,3,100,70,23.33,19,6.33,0,0,0,0,0,0,2,0.133,118.8,2,12.5,1,33.3,3,100,0,33.3,0,0,0,0,0,0,2,0.67,16.7,19.67,1.924,26.7,73.3,0,0,10.7,4.9,10.7,4.94,5.76,0.71,0.33,4.9
2025,40,Puka Nacua,LA,WR,1,14,ARZ,11.11111111111111,8.695652173913043,46.3,8,61.5,4,30.8,9.63,0.5,18.75,75,58.1,77,65.8,19.25,25.67,3,75,5,1.67,4,1.33,1,0.62,100,0,0,0,3,0.375,156.3,4,33.3,0,0,4,100,2,66.7,0,0,4,3,75,3,0,0,44.4,9.22,1.448,75,25,0,0,16.7,11.3,16.7,11.29,5.41,2.09,1.41,11.3
2025,41,Jerry Jeudy,CLV,WR,1,14,TEN,18.181818181818183,20,89.1,8,88.9,5,55.6,9.5,0.63,11.8,59,33,76,76.8,15.2,25.33,3,60,44,14.67,1,0.33,1,0.05,100,0,0,0,2,0.25,143.8,2,40,0,0,4,80,0,33.3,1,20,0,0,0,0,1,0.33,62.5,6.4,0.969,75,25,0,0,16.6,8.8,16.6,8.81,7.79,2.08,1.1,8.8
2025,42,Luther Burden,CHI,WR,1,17,SF,18.6046511627907,14.285714285714285,57.8,8,80,3,30,9.5,0.38,12.67,38,38.8,76,70.4,25.33,25.33,3,100,38,12.67,9,3,0,0.02,0,0,0,0,3,0.375,118.8,2,40,0,0,3,100,1,100,0,0,0,0,0,0,0,0,37.5,16.92,2.274,50,50,0,0,10.6,7.5,10.6,7.51,3.09,1.32,0.94,7.5
2025,43,Ja'Marr Chase,CIN,WR,1,18,CLV,16.853932584269664,17.77777777777778,100,15,100,8,53.3,5,0.53,11.63,93,50.8,75,66.4,9.38,12.5,6,75,24,4,3,0.5,1,0.62,50,1,1,1,5,0.333,143.2,6,54.5,0,0,7,87.5,1,40,0,0,2,1,50,0,2,0.33,53.3,1.27,0.742,86.7,6.7,0,6.7,19.5,16.3,19.5,16.25,3.25,1.3,1.08,16.3
2025,44,Christian Watson,GB,WR,1,17,BLT,22.22222222222222,26.31578947368421,59.1,8,57.1,5,35.7,9.25,0.63,13.4,67,31.5,74,39.2,14.8,18.5,4,80,12,3,1,0.25,0,0.06,0,0,0,0,4,0.5,118.8,4,33.3,0,0,5,100,2,50,1,20,0,0,0,0,0,0,62.5,5.67,0.891,100,0,0,0,11.4,13.4,11.4,13.43,-2.03,1.43,1.68,13.4
2025,45,Chris Olave,NO,WR,1,16,NYJ,33.87096774193548,37.5,78.2,21,95.5,12,54.5,3.48,0.57,13.33,160,67.8,73,50.7,6.08,10.43,7,58.3,24,3.43,4,0.57,0,0.09,0,0,0,0,4,0.19,76,12,54.5,0,0,7,58.3,3,14.3,0,0,0,0,0,0,1,0.14,57.1,-2.86,0.175,81,19,0,0,14.3,14.7,14.3,14.67,-0.37,0.68,0.7,14.7
2025,46,Quentin Johnston,LAC,WR,1,16,DAL,23.333333333333332,23.076923076923077,59.7,7,58.3,3,25,10.43,0.43,35.33,106,68.8,73,46.5,24.33,36.5,2,66.7,0,0,0,0,1,1.13,100,0,1,1,2,0.286,149.3,2,20,0,0,3,100,3,100,0,0,3,2,66.7,2,0,0,42.9,11.95,1.767,57.1,42.9,0,0,15.3,14.7,15.3,14.69,0.61,2.19,2.1,14.7
2025,47,Zay Flowers,BLT,WR,1,16,NE,27.659574468085108,20.833333333333336,88.9,13,100,5,38.5,5.62,0.38,12.8,64,42.1,73,58.9,14.6,14.6,5,100,9,1.8,1,0.2,0,0.02,0,0,0,0,3,0.231,118.8,4,40,0,0,5,100,0,0,0,0,1,1,100,0,0,0,38.5,5.38,1.394,84.6,15.4,0,0,12.3,11.5,12.3,11.46,0.84,0.95,0.88,11.5
2025,48,Stefon Diggs,NE,WR,1,16,BLT,42.857142857142854,50,57.7,18,85.7,5,23.8,4,0.28,11,55,19.2,72,37.7,14.4,18,4,80,22,5.5,3,0.75,0,0.01,0,0,0,0,3,0.167,118.8,5,25,0,0,4,80,1,50,0,0,1,1,100,0,2,0.5,27.8,6.33,0.785,38.9,61.1,0,0,11.2,8.6,11.2,8.57,2.63,0.62,0.48,8.6
2025,49,Christian Watson,GB,WR,1,13,DET,30.555555555555557,36.84210526315789,71.7,11,73.3,7,46.7,6.55,0.64,20.43,143,68.4,72,51.8,10.29,24,3,42.9,6,2,0,0,1,0.84,33.3,0,0,0,3,0.273,120.2,4,33.3,0,0,6,85.7,3,33.3,1,14.3,4,2,50,0,0,0,58.3,0,0.692,63.6,36.4,0,0,16.2,20.1,16.2,20.11,-3.91,1.47,1.83,20.1
2025,50,Ricky Pearsall,SF,WR,1,17,CHI,40.74074074074074,53.84615384615385,79.4,11,100,7,63.6,6.45,0.64,12,84,57.1,71,46.7,10.14,17.75,4,57.1,12,3,1,0.25,0,0.01,0,0,0,0,3,0.273,92,5,62.5,1,14.3,5,71.4,3,50,1,14.3,0,0,0,0,0,0,63.6,1.62,0.792,100,0,0,0,11.1,12.2,11.1,12.15,-1.05,1.01,1.1,12.2
2025,51,Colston Loveland,CHI,TE,1,18,DET,23.52941176470588,50,90.4,12,80,8,53.3,5.92,0.67,8.75,70,49.3,71,63.4,8.88,11.83,6,75,23,3.83,10,1.67,0,0.03,0,0,0,0,3,0.25,101.6,7,53.8,0,0,7,87.5,0,16.7,0,0,1,0,0,0,1,0.17,57.1,0.92,0.49,66.7,25,8.3,0,13.1,13,13.1,13.04,0.06,1.09,1.09,13
2025,52,DJ Moore,CHI,WR,1,15,CLV,18.181818181818183,26.31578947368421,89.1,12,92.3,5,38.5,5.75,0.42,24.8,124,62.9,69,47.9,13.8,17.25,4,80,2,0.5,0,0,2,1.54,100,1,3,2,4,0.333,158.3,3,33.3,0,0,4,80,3,66.7,0,0,1,1,100,0,0,0,38.5,3.03,1.164,91.7,8.3,0,0,22.9,18.8,22.9,18.75,4.15,1.91,1.56,18.8
2025,53,Terry McLaurin,WAS,WR,1,15,NYG,9.615384615384617,10,74.1,5,83.3,3,50,13.8,0.6,16,48,46.2,69,68.3,23,23,3,100,21,7,11,3.67,1,0.07,100,0,0,0,3,0.6,158.3,3,60,0,0,3,100,1,33.3,0,0,0,0,0,0,1,0.33,60,13.55,2.453,100,0,0,0,15.9,9.3,15.9,9.3,6.6,3.18,1.86,9.3
2025,54,Deebo Samuel,WAS,WR,1,17,DAL,19.607843137254903,22.22222222222222,80.5,10,100,2,20,6.8,0.2,7,14,15.7,68,43.3,34,34,2,100,54,27,18,9,0,0,0,0,0,0,2,0.2,118.8,1,25,1,50,2,100,0,100,0,0,0,0,0,0,2,1,20,26.2,2.549,30,70,0,0,8.8,4.3,8.8,4.31,4.49,0.88,0.43,4.3
2025,55,Zay Flowers,BLT,WR,1,15,CIN,10.638297872340425,16.666666666666664,77.5,5,83.3,4,66.7,13.6,0.8,21.25,85,89.5,68,65.4,17,22.67,3,75,0,0,0,0,1,0.98,100,0,1,1,3,0.6,116.7,2,50,0,0,4,100,2,66.7,1,25,1,1,100,0,0,0,80,6.15,0.682,80,20,0,0,15.8,16.7,15.8,16.67,-0.87,3.16,3.33,16.7
2025,56,Jalen McMillan,TB,WR,1,17,MIA,43.333333333333336,54.54545454545454,55.6,13,59.1,6,27.3,5.23,0.46,9.67,58,23.3,68,31.6,11.33,13.6,5,83.3,19,3.8,3,0.6,0,0.02,0,0,0,0,2,0.154,113.9,2,12.5,1,16.7,6,100,1,20,1,16.7,1,1,100,0,1,0.2,40,3.76,0.625,84.6,15.4,0,0,11.8,11.6,11.8,11.59,0.21,0.91,0.89,11.6
2025,57,Jaxon Smith-Njigba,SEA,WR,1,18,SF,12.121212121212121,15,82.1,8,100,6,75,8.38,0.75,14.33,86,83.5,67,69.8,11.17,13.4,5,83.3,8,1.6,5,1,0,0.51,0,0,1,0,4,0.5,113.2,6,85.7,0,0,6,100,1,0,0,0,1,0,0,0,0,0,75,1.93,0.715,75,25,0,0,11.7,16.6,11.7,16.57,-4.87,1.46,2.07,16.6
2025,58,Jordan Addison,MIN,WR,1,15,DAL,10.416666666666668,8.695652173913043,65.4,5,55.6,2,22.2,13.2,0.4,23.5,47,32.2,66,66,33,33,2,100,19,9.5,3,1.5,0,0.07,0,0,0,0,1,0.2,118.8,2,22.2,0,0,2,100,1,50,0,0,0,0,0,0,0,0,40,22.48,3.056,80,20,0,0,8.6,6.5,8.6,6.51,2.09,1.72,1.3,6.5
2025,59,Rashid Shaheed,SEA,WR,1,15,IND,31.11111111111111,46.15384615384615,67.8,14,82.4,6,35.3,4.64,0.43,16.33,98,57.3,65,39.4,10.83,16.25,4,66.7,5,1.25,6,1.5,0,0.15,0,1,1,0,3,0.214,102.8,5,31.3,0,0,5,83.3,2,25,0,0,1,0,0,0,1,0.25,40,0.85,0.252,78.6,21.4,0,0,10.5,13.1,10.5,13.09,-2.59,0.75,0.93,13.1
2025,60,Jaxon Smith-Njigba,SEA,WR,1,17,CAR,18.181818181818183,22.5,89.4,12,100,9,75,5.42,0.75,8.67,78,70.9,65,89,7.22,8.13,8,88.9,12,1.5,8,1,0,0.06,0,1,1,0,3,0.25,57.2,9,75,1,11.1,8,88.9,1,0,0,0,1,1,100,1,0,0,75,-0.59,0.321,91.7,8.3,0,0,14.5,15.7,14.5,15.66,-1.16,1.21,1.31,15.7
2025,61,Zay Flowers,BLT,WR,1,18,PIT,8.51063829787234,12.5,97.9,4,100,3,75,16.25,0.75,25.33,76,90.5,65,89,21.67,32.5,2,66.7,6,3,0,0,1,0.53,100,0,0,0,2,0.5,149.3,2,66.7,0,0,3,100,1,50,1,33.3,0,0,0,0,0,0,75,9.31,1.825,100,0,0,0,14.5,13.2,14.5,13.19,1.31,3.63,3.3,13.2
2025,62,Devaughn Vele,NO,WR,1,13,MIA,61.904761904761905,54.54545454545454,87,13,100,6,46.2,5,0.46,11.5,69,42.1,65,60.7,10.83,10.83,6,100,4,0.67,-1,-0.17,1,0.9,50,1,1,1,4,0.308,151.4,4,40,0,0,6,100,1,0,0,0,2,2,100,1,0,0,46.2,2.68,1.112,69.2,30.8,0,0,18.5,16.9,18.5,16.87,1.63,1.42,1.3,16.9
2025,63,Michael Pittman,IND,WR,1,14,JAX,30,42.857142857142854,87.3,15,83.3,9,50,4.27,0.6,7.11,64,37.6,64,48.9,7.11,9.14,7,77.8,14,2,9,1.29,0,0.04,0,0,0,0,4,0.267,56.7,6,46.2,1,11.1,8,88.9,1,14.3,0,0,1,0,0,0,0,0,60,0.18,-0.52,86.7,13.3,0,0,13.4,14.8,13.4,14.79,-1.39,0.89,0.99,14.8
2025,64,Justin Jefferson,MIN,WR,1,16,NYG,16.94915254237288,20.689655172413794,94.8,10,100,6,60,6.4,0.6,8.17,49,46.2,64,71.1,10.67,16,4,66.7,24,6,20,5,0,0.03,0,1,0,0,4,0.4,102.1,6,66.7,1,16.7,6,100,1,25,1,16.7,2,1,50,2,2,0.5,60,2.89,1.328,90,10,0,0,10.4,10.5,10.4,10.47,-0.07,1.04,1.05,10.5
2025,65,Tee Higgins,CIN,WR,1,14,BUF,25.53191489361702,36.36363636363637,75,12,85.7,8,57.1,5.33,0.67,19.25,154,80.2,64,64,8,21.33,3,37.5,6,2,4,1.33,2,1.12,100,0,2,2,3,0.25,106.3,5,45.5,0,0,6,75,4,66.7,1,12.5,4,2,50,2,0,0,66.7,-2.38,0.775,91.7,8.3,0,0,21.4,17.8,21.4,17.81,3.59,1.78,1.48,17.8
2025,66,Jameson Williams,DET,WR,1,16,PIT,22.78481012658228,21.052631578947366,94.2,18,78.3,8,34.8,3.56,0.44,14.63,117,61.9,64,31.2,8,16,4,50,3,0.75,1,0.25,0,0.02,0,2,1,0,3,0.167,77.1,6,33.3,0,0,6,75,2,50,1,12.5,0,0,0,0,0,0,36.4,-1.79,0.196,88.9,11.1,0,0,10.4,14.7,10.4,14.72,-4.32,0.58,0.82,14.7
2025,67,Terry McLaurin,WAS,WR,1,17,DAL,15.384615384615385,16.666666666666664,85.4,8,80,5,50,7.88,0.63,11.2,56,62.9,63,40.1,12.6,12.6,5,100,7,1.4,6,1.2,0,0.01,0,0,0,0,4,0.5,118.8,0,0,0,0,5,100,0,0,0,0,1,1,100,0,1,0.2,55.6,3.99,0.931,100,0,0,0,11.3,10.4,11.3,10.38,0.92,1.41,1.3,10.4
2025,68,CeeDee Lamb,DAL,WR,1,14,DET,14.102564102564102,16.666666666666664,47.4,11,44,5,20,5.73,0.45,16.6,83,23.1,63,34.6,12.6,21,3,60,25,8.33,3,1,0,0.54,0,1,1,0,2,0.182,104.2,4,23.5,0,0,4,80,2,66.7,1,20,0,0,0,0,1,0.33,45.5,3.29,0.511,63.6,36.4,0,0,9.3,11.5,9.3,11.5,-2.2,0.85,1.05,11.5
2025,69,Alec Pierce,IND,WR,1,14,JAX,28.846153846153843,25.925925925925924,82.5,15,83.3,7,38.9,4.2,0.47,13.29,93,54.7,63,48.1,9,15.75,4,57.1,38,9.5,8,2,0,0.41,0,1,1,0,3,0.2,87.2,5,38.5,0,0,5,71.4,2,25,0,0,1,0,0,0,0,0,43.8,-0.1,0.625,93.3,6.7,0,0,10.3,10.9,10.3,10.93,-0.63,0.69,0.73,10.9
2025,70,Theo Wease,MIA,WR,1,17,TB,7.142857142857142,10,25.9,1,16.7,1,16.7,63,1,21,21,20,63,88.7,63,63,1,100,42,42,0,0,1,0.23,100,0,0,0,1,1,158.3,1,20,0,0,1,100,1,100,0,0,0,0,0,0,0,0,100,51.76,6.165,100,0,0,0,13.3,4.8,13.3,4.81,8.49,13.3,4.81,4.8
2025,71,A.J. Brown,PHI,WR,1,17,BUF,16.666666666666664,16.216216216216218,88.9,10,90.9,6,54.5,6.2,0.6,16,96,65.3,62,74.7,10.33,15.5,4,66.7,-1,-0.25,18,4.5,0,0.14,0,0,0,0,3,0.3,100.7,5,50,0,0,5,83.3,2,25,0,0,4,2,50,0,0,0,60,1.12,0.658,80,20,0,0,10.2,10.8,10.2,10.78,-0.58,1.02,1.08,10.8
2025,72,Romeo Doubs,GB,WR,1,17,BLT,14.634146341463413,18.75,56.8,6,42.9,3,21.4,10.33,0.5,16.67,50,23.5,62,32.8,20.67,20.67,3,100,12,4,6,2,0,0.02,0,0,0,0,3,0.5,118.8,2,16.7,0,0,3,100,1,33.3,0,0,0,0,0,0,0,0,50,11.3,1.867,100,0,0,0,9.2,7.8,9.2,7.82,1.38,1.53,1.3,7.8
2025,73,Xavier Hutchinson,HST,WR,1,18,IND,28.947368421052634,50,79.7,11,78.6,8,57.1,5.64,0.73,8.38,67,65.7,62,62.6,7.75,15.5,4,50,27,6.75,4,1,0,0.12,0,1,0,0,2,0.182,76,7,70,0,0,6,75,0,33.3,1,12.5,1,0,0,0,2,0.5,61.5,0.17,0.149,100,0,0,0,10.2,12,10.2,12.04,-1.84,0.93,1.09,12
2025,74,Jordan Addison,MIN,WR,1,14,WAS,18.75,26.08695652173913,68.9,9,69.2,6,46.2,6.89,0.67,12.33,74,52.1,62,68.1,10.33,15.5,4,66.7,12,3,6,1.5,0,0.11,0,0,0,0,4,0.444,100.7,6,50,0,0,5,83.3,1,50,1,16.7,1,0,0,0,1,0.25,60,1.43,0.856,100,0,0,0,10.2,12.7,10.2,12.66,-2.46,1.13,1.41,12.7
2025,75,Jameson Williams,DET,WR,1,18,CHI,16.455696202531644,15.789473684210526,94.4,13,92.9,6,42.9,4.69,0.46,3.67,22,22.9,61,30.8,10.17,12.2,5,83.3,43,8.6,8,1.6,0,0.06,0,0,0,0,2,0.154,109,5,45.5,1,16.7,6,100,0,20,1,16.7,1,1,100,0,1,0.2,46.2,3.83,0.854,53.8,46.2,0,0,11.1,9.8,11.1,9.79,1.31,0.85,0.75,9.8
2025,76,Jaxon Smith-Njigba,SEA,WR,1,15,IND,25.757575757575758,15,91.5,17,100,6,35.3,3.53,0.35,7,42,24.6,60,36.4,10,15,4,66.7,37,9.25,28,7,0,0.17,0,0,0,0,1,0.059,99.3,6,37.5,2,33.3,6,100,1,25,1,16.7,1,0,0,0,1,0.25,35.3,2.48,0.397,70.6,23.5,0,5.9,10,12.5,10,12.5,-2.5,0.59,0.74,12.5
2025,77,Jaxon Smith-Njigba,SEA,WR,1,16,LA,18.181818181818183,22.5,95.2,12,100,9,75,5,0.75,9.33,84,65.6,60,74.1,6.67,12,5,55.6,23,4.6,6,1.2,0,0.06,0,2,1,0,2,0.167,36.6,8,80,1,11.1,5,55.6,1,25,0,0,1,1,100,0,0,0,75,-1.34,-0.401,91.7,0,8.3,0,11,9.7,11,9.69,1.31,0.92,0.81,9.7
2025,78,Courtland Sutton,DEN,WR,1,16,JAX,21.53846153846154,18.91891891891892,93.8,14,93.3,7,46.7,4.21,0.5,19.14,134,68.7,59,50,8.43,14.75,4,57.1,8,2,7,1.75,0,0.66,0,1,2,0,3,0.214,84.8,5,50,0,0,6,85.7,2,25,1,14.3,2,1,50,1,0,0,50,-1.77,-0.035,78.6,21.4,0,0,9.9,15.3,9.9,15.32,-5.42,0.71,1.09,15.3
2025,79,Tee Higgins,CIN,WR,1,17,ARZ,29.78723404255319,22.727272727272727,56.8,14,82.4,5,29.4,4.21,0.36,18,90,49.2,59,33.1,11.8,14.75,4,80,5,1.25,2,0.5,0,0.27,0,1,0,0,2,0.143,115.8,5,33.3,0,0,4,80,2,33.3,0,0,2,1,50,0,0,0,35.7,2.18,1.033,85.7,14.3,0,0,9.9,9.9,9.9,9.94,-0.04,0.71,0.71,9.9
2025,80,Nico Collins,HST,WR,1,16,LV,23.636363636363637,33.33333333333333,78.7,13,86.7,9,60,4.54,0.69,17,153,77.3,59,66.3,6.56,14.75,4,44.4,1,0.25,1,0.25,0,0.53,0,0,0,0,3,0.231,66.4,8,61.5,0,0,5,55.6,2,25,0,0,4,3,75,0,0,0,69.2,-3.13,0.185,92.3,7.7,0,0,9.9,11.3,9.9,11.31,-1.41,0.76,0.87,11.3
2025,81,George Pickens,DAL,WR,1,17,WAS,18.88888888888889,10.256410256410255,86.2,17,89.5,4,21.1,3.47,0.24,8.25,33,12.5,59,48,14.75,19.67,3,75,40,13.33,34,11.33,0,0.02,0,0,0,0,3,0.176,116.7,3,21.4,0,0,4,100,0,33.3,1,25,0,0,0,0,2,0.67,22.2,7.14,0.902,94.1,5.9,0,0,8.9,8.2,8.9,8.23,0.67,0.52,0.48,8.2
2025,82,A.J. Brown,PHI,WR,1,14,LAC,30,27.027027027027028,97,18,94.7,10,52.6,3.22,0.56,17.4,174,61.1,58,50.4,5.8,14.5,4,40,18,4.5,8,2,0,0.38,0,0,1,0,3,0.167,20,8,53.3,0,0,7,70,4,25,2,20,1,0,0,0,1,0.25,52.6,-4.09,-0.675,94.4,5.6,0,0,9.8,19.3,9.8,19.33,-9.53,0.54,1.07,19.3
2025,83,Adonai Mitchell,NYJ,WR,1,15,JAX,23.076923076923077,24.324324324324326,79.4,15,78.9,9,47.4,3.87,0.6,10.22,92,59.7,58,53.2,6.44,9.67,6,66.7,-1,-0.17,0,0,1,0.75,100,1,2,1,4,0.267,81.9,6,40,1,11.1,6,66.7,2,20,0,0,3,3,100,0,0,0,52.9,-1.47,0.346,86.7,13.3,0,0,17.8,14.6,17.8,14.63,3.17,1.19,0.98,14.6
2025,84,Nico Collins,HST,WR,1,17,LAC,21.818181818181817,11.11111111111111,67.7,12,85.7,3,21.4,4.75,0.25,12,36,18.5,57,26.4,19,19,3,100,21,7,10,3.33,0,0.05,0,0,0,0,3,0.25,118.8,2,16.7,0,0,3,100,0,33.3,0,0,0,0,0,0,2,0.67,25,10.27,1.975,75,25,0,0,8.7,7.6,8.7,7.59,1.11,0.72,0.63,7.6
2025,85,Luther Burden,CHI,WR,1,14,GB,20.930232558139537,23.809523809523807,70.6,9,69.2,5,38.5,6.33,0.56,10.8,54,40.6,57,67.9,11.4,19,3,60,13,4.33,3,1,0,0.01,0,0,0,0,3,0.333,99.6,3,50,0,0,3,60,0,33.3,0,0,0,0,0,0,1,0.33,50,2.58,0.787,88.9,11.1,0,0,8.7,8.1,8.7,8.07,0.63,0.97,0.9,8.1
2025,86,Davante Adams,LA,WR,1,15,DET,35.714285714285715,37.5,46.4,10,66.7,6,40,5.6,0.6,17.17,103,39.8,56,26.5,9.33,18.67,3,50,7,2.33,4,1.33,0,0.03,0,2,2,0,3,0.3,82.6,6,42.9,0,0,4,66.7,1,33.3,0,0,2,1,50,0,0,0,60,-1.3,0.5,100,0,0,0,8.6,10.1,8.6,10.1,-1.5,0.86,1.01,10.1
2025,87,A.J. Brown,PHI,WR,1,16,WAS,26.666666666666668,27.027027027027028,87.9,16,100,10,62.5,3.5,0.63,8.2,82,60.7,56,67.5,5.6,8,7,70,15,2.14,9,1.29,0,0.02,0,1,0,0,4,0.25,83.7,9,64.3,0,0,8,80,0,0,0,0,2,1,50,0,2,0.29,62.5,-1.96,0.207,100,0,0,0,12.6,13,12.6,12.96,-0.36,0.79,0.81,13
2025,88,Jalen Coker,CAR,WR,1,15,NO,14.634146341463413,14.285714285714285,67.9,6,100,2,33.3,9.33,0.33,22.5,45,54.9,56,88.9,28,28,2,100,11,5.5,2,1,1,0.61,100,0,0,0,2,0.333,158.3,1,33.3,0,0,2,100,1,100,0,0,1,1,100,0,1,0.5,33.3,17.23,2.683,33.3,66.7,0,0,13.6,8.6,13.6,8.59,5.01,2.27,1.43,8.6
2025,89,Jaylen Waddle,MIA,WR,1,16,CIN,28.125,30,70.7,9,69.2,6,46.2,6.11,0.67,13.17,79,50.3,55,48.2,9.17,18.33,3,50,22,7.33,17,5.67,0,0.01,0,0,0,0,3,0.333,81.9,6,50,0,0,3,50,0,33.3,0,0,0,0,0,0,2,0.67,66.7,-0.34,0.259,88.9,11.1,0,0,8.5,6.7,8.5,6.7,1.8,0.94,0.74,6.7
2025,90,Calvin Austin,PIT,WR,1,18,BLT,50,60,49.3,12,66.7,6,33.3,4.58,0.5,16.5,99,48.5,55,52.4,9.17,18.33,3,50,10,3.33,6,2,1,0.95,100,1,2,1,3,0.25,121.5,6,37.5,0,0,3,50,2,33.3,0,0,2,1,50,0,1,0.33,50,-0.3,0.555,66.7,33.3,0,0,14.5,12.5,14.5,12.5,2,1.21,1.04,12.5
2025,91,Xavier Worthy,KC,WR,1,13,DAL,25.581395348837212,25,88.3,11,100,4,36.4,5,0.36,19,76,63.9,55,63.2,13.75,18.33,3,75,13,4.33,10,3.33,0,0.17,0,0,0,0,1,0.091,116.7,2,22.2,0,0,3,75,2,33.3,0,0,0,0,0,0,2,0.67,36.4,3.55,0.973,81.8,18.2,0,0,8.5,8.5,8.5,8.54,-0.04,0.77,0.78,8.5
2025,92,Xavier Worthy,KC,WR,1,14,HST,23.25581395348837,25,76.6,10,83.3,4,33.3,5.5,0.4,11.5,46,33.6,55,69.6,13.75,18.33,3,75,19,6.33,0,0,0,0,0,0,0,0,3,0.3,116.7,3,37.5,0,0,3,75,0,66.7,0,0,0,0,0,0,0,0,36.4,4.47,0.742,60,40,0,0,8.5,7.7,8.5,7.75,0.75,0.85,0.77,7.7
2025,93,Tetairoa McMillan,CAR,WR,1,16,TB,29.268292682926827,33.33333333333333,87,12,100,6,50,4.58,0.5,10.83,65,50.4,55,45.8,9.17,13.75,4,66.7,10,2.5,3,0.75,1,0.92,50,0,1,1,3,0.25,135.4,5,55.6,1,16.7,4,66.7,1,25,0,0,1,1,100,0,0,0,50,1.08,1.044,83.3,16.7,0,0,15.5,13.7,15.5,13.68,1.82,1.29,1.14,13.7
2025,94,Kalif Raymond,DET,WR,1,16,PIT,44.44444444444444,50,26.1,8,34.8,3,13,6.75,0.38,2.33,7,3.7,54,26.3,18,18,3,100,47,15.67,6,2,1,0.01,100,0,0,0,3,0.375,158.3,2,11.1,1,33.3,3,100,0,33.3,0,0,0,0,0,0,1,0.33,33.3,11.91,2.598,50,37.5,12.5,0,14.4,5,14.4,4.98,9.42,1.8,0.62,5
2025,95,Michael Wilson,ARZ,WR,1,15,HST,19.718309859154928,22,84.1,14,87.5,11,68.8,3.86,0.79,13.82,152,83.1,54,67.5,4.91,10.8,5,45.5,9,1.8,2,0.4,1,0.26,50,1,2,1,3,0.214,52.8,11,68.8,0,0,6,54.5,2,0,1,9.1,2,1,50,1,0,0,73.3,-4.12,-0.406,85.7,14.3,0,0,16.4,11.5,16.4,11.51,4.89,1.17,0.82,11.5
2025,96,Darius Slayton,NYG,WR,1,15,WAS,26.31578947368421,40.909090909090914,88.1,10,90.9,9,81.8,5.3,0.9,15.33,138,88.5,53,73.6,5.89,13.25,4,44.4,9,2.25,1,0.25,0,0.05,0,0,0,0,3,0.3,63.7,9,81.8,0,0,6,66.7,3,0,1,11.1,1,0,0,0,1,0.25,81.8,-3.04,-0.363,90,10,0,0,9.3,13,9.3,13.04,-3.74,0.93,1.3,13
2025,97,Terry McLaurin,WAS,WR,1,16,PHI,15.384615384615385,13.333333333333334,84.3,8,100,4,50,6.63,0.5,14.25,57,63.3,53,67.1,13.25,17.67,3,75,3,1,3,1,0,0.14,0,0,0,0,3,0.375,116.7,4,57.1,0,0,3,75,1,33.3,0,0,2,2,100,0,0,0,50,4.28,1.027,75,25,0,0,8.3,6.6,8.3,6.62,1.68,1.04,0.83,6.6
2025,98,Tee Higgins,CIN,WR,1,16,MIA,12.76595744680851,13.636363636363635,62.3,6,75,3,37.5,8.83,0.5,16,48,42.9,53,54.1,17.67,17.67,3,100,10,3.33,9,3,1,0.97,100,1,1,1,2,0.333,158.3,3,37.5,0,0,3,100,1,50,0,0,2,2,100,1,0,0,50,8.46,1.687,100,0,0,0,14.3,11.7,14.3,11.65,2.65,2.38,1.94,11.7
2025,99,Devaughn Vele,NO,WR,1,15,CAR,23.809523809523807,45.45454545454545,54,5,35.7,5,35.7,10.6,1,10.4,52,34,53,39,10.6,13.25,4,80,6,1.5,0,0,0,0.02,0,0,0,0,3,0.6,110.8,2,20,0,0,4,80,0,0,0,0,2,2,100,1,0,0,100,2.3,1.045,100,0,0,0,9.3,7.6,9.3,7.57,1.73,1.86,1.51,7.6
2025,100,Jayden Higgins,HST,WR,1,13,IND,19.565217391304348,22.22222222222222,59.2,9,60,4,26.7,5.89,0.44,10.25,41,19.3,53,28.8,13.25,13.25,4,100,12,3,5,1.25,0,0.02,0,0,0,0,3,0.333,118.8,4,28.6,0,0,4,100,0,0,0,0,0,0,0,0,0,0,44.4,5.04,0.92,88.9,11.1,0,0,9.3,9.1,9.3,9.15,0.15,1.03,1.02,9.1
2025,101,DeVonta Smith,PHI,WR,1,18,WAS,6.451612903225806,23.52941176470588,14.5,4,20,4,20,13,1,14.25,57,21.8,52,40,13,17.33,3,75,10,3.33,4,1.33,0,0.01,0,0,0,0,2,0.5,116.7,4,26.7,0,0,3,75,1,33.3,0,0,1,1,100,1,0,0,100,3.82,0.417,100,0,0,0,8.2,6.2,8.2,6.24,1.96,2.05,1.56,6.2
2025,102,Michael Wilson,ARZ,WR,1,16,ATL,11.267605633802818,6,85.7,8,72.7,3,27.3,6.5,0.38,17.67,53,31.5,52,45.6,17.33,26,2,66.7,7,3.5,1,0.5,1,0.76,100,0,0,0,2,0.25,109.7,3,37.5,0,0,2,66.7,1,100,0,0,1,1,100,0,1,0.5,37.5,7.65,0.499,50,50,0,0,13.2,9.9,13.2,9.91,3.29,1.65,1.24,9.9
2025,103,Parker Washington,JAX,WR,1,18,TEN,26,38.46153846153847,72.4,13,76.5,5,29.4,4,0.38,19.2,96,45.9,52,32.3,10.4,26,2,40,6,3,3,1.5,0,0.22,0,0,0,0,2,0.154,78.8,5,35.7,0,0,3,60,3,100,0,0,1,0,0,0,1,0.5,38.5,0.71,0.332,53.8,46.2,0,0,7.2,10.5,7.2,10.47,-3.27,0.55,0.81,10.5
2025,104,Romeo Doubs,GB,WR,1,16,CHI,17.073170731707318,31.25,61.4,7,77.8,5,55.6,7.29,0.71,9.2,46,58.2,51,69.9,10.2,12.75,4,80,13,3.25,5,1.25,0,0.46,0,2,1,0,3,0.429,109.2,5,55.6,0,0,5,100,0,33.3,0,0,0,0,0,0,0,0,71.4,2.64,0.85,71.4,28.6,0,0,9.1,11.6,9.1,11.64,-2.54,1.3,1.66,11.6
2025,105,Michael Wilson,ARZ,WR,1,17,CIN,18.30985915492958,16,85.2,13,100,8,61.5,3.92,0.62,9,72,54.1,51,58.6,6.38,12.75,4,50,32,8,16,4,0,0.22,0,0,0,0,3,0.231,70.3,6,66.7,0,0,5,62.5,1,0,0,0,2,0,0,0,3,0.75,61.5,-0.89,0.269,92.3,7.7,0,0,9.1,10.1,9.1,10.15,-1.05,0.7,0.78,10.1
2025,106,Jakobi Meyers,JAX,WR,1,15,NYJ,15.789473684210526,16.666666666666664,86.4,12,100,5,41.7,4.17,0.42,13.6,68,31.1,50,36.5,10,16.67,3,60,2,0.67,2,0.67,0,0.05,0,0,0,0,3,0.25,93.8,4,40,0,0,3,60,0,33.3,0,0,1,1,100,0,0,0,41.7,0.42,0.47,91.7,8.3,0,0,8,7.1,8,7.09,0.91,0.67,0.59,7.1
2025,107,Puka Nacua,LA,WR,1,13,CAR,12.5,13.043478260869565,74.5,9,81.8,6,54.5,5.44,0.67,4.67,28,29.5,49,65.3,8.17,12.25,4,66.7,33,8.25,12,3,0,0.04,0,1,0,0,1,0.111,52.1,5,62.5,2,33.3,5,83.3,1,33.3,1,16.7,1,1,100,1,0,0,66.7,1.45,-0.846,77.8,22.2,0,0,8.9,7.8,8.9,7.81,1.09,0.99,0.87,7.8
2025,108,Jalen Coker,CAR,WR,1,13,LA,14.634146341463413,21.428571428571427,54.8,6,85.7,3,42.9,8.17,0.5,13,39,37.9,49,52.7,16.33,24.5,2,66.7,15,7.5,6,3,1,0.71,50,0,0,0,2,0.333,149.3,3,60,0,0,2,66.7,1,50,0,0,1,1,100,0,0,0,42.9,8.03,2.266,50,50,0,0,12.9,8.6,12.9,8.55,4.35,2.15,1.43,8.6
2025,109,Brian Thomas,JAX,WR,1,18,TEN,15.625,18.181818181818183,55.2,10,58.8,4,23.5,4.9,0.4,15.5,62,29.7,49,30.4,12.25,16.33,3,75,12,4,0,0,0,0.03,0,0,0,0,3,0.3,115.6,3,21.4,0,0,3,75,1,33.3,0,0,1,0,0,0,0,0,36.4,2.69,0.87,70,30,0,0,7.9,7.5,7.9,7.53,0.37,0.79,0.75,7.5
2025,110,Elic Ayomanor,TEN,WR,1,16,KC,10.638297872340425,13.043478260869565,57.1,5,62.5,3,37.5,9.8,0.6,24.67,74,70.5,49,66.2,16.33,24.5,2,66.7,8,4,2,1,0,0.26,0,0,0,0,2,0.4,109.7,3,37.5,0,0,2,66.7,3,100,0,0,1,1,100,0,0,0,50,4.81,1.646,80,20,0,0,6.9,6.7,6.9,6.72,0.18,1.38,1.34,6.7
2025,111,Isaac TeSlaa,DET,WR,1,17,MIN,15.384615384615385,25,51.6,8,61.5,3,23.1,6.13,0.38,11.33,34,29.6,49,39.2,16.33,16.33,3,100,23,7.67,13,4.33,1,0.91,100,1,1,1,3,0.375,158.3,3,27.3,0,0,3,100,0,50,0,0,1,1,100,1,0,0,33.3,7.31,2.855,50,50,0,0,13.9,10.8,13.9,10.8,3.1,1.74,1.35,10.8
2025,112,Puka Nacua,LA,WR,1,18,ARZ,11.11111111111111,13.043478260869565,69.4,8,66.7,6,50,6,0.75,6,36,23.4,48,50.5,8,8,6,100,18,3,9,1.5,1,1.46,50,2,1,1,4,0.5,139.6,4,44.4,1,16.7,6,100,0,0,0,0,1,1,100,0,2,0.33,75,0.88,1.319,75,25,0,0,16.8,19.2,16.8,19.15,-2.35,2.1,2.39,19.2
2025,113,Jauan Jennings,SF,WR,1,16,IND,25.581395348837212,26.666666666666668,81.8,11,100,4,36.4,4.27,0.36,9.25,37,33,47,43.5,11.75,15.67,3,75,10,3.33,4,1.33,0,0.07,0,1,0,0,3,0.273,113.5,4,57.1,0,0,4,100,0,0,1,25,1,1,100,0,0,0,36.4,3.5,0.947,90.9,9.1,0,0,7.7,7.7,7.7,7.72,-0.02,0.7,0.7,7.7
2025,114,Dontayvion Wicks,GB,WR,1,13,DET,37.5,37.5,50,6,40,3,20,7.83,0.5,15.67,47,22.5,47,33.8,15.67,15.67,3,100,3,1,1,0.33,1,1,33.3,0,1,1,2,0.333,158.3,3,25,0,0,3,100,1,33.3,0,0,1,1,100,0,0,0,42.9,5.83,2.273,66.7,33.3,0,0,13.7,13.1,13.7,13.12,0.58,2.28,2.19,13.1
2025,115,Ryan Flournoy,DAL,WR,1,18,NYG,18.75,22.22222222222222,87,9,90,4,40,5.22,0.44,10.5,42,40,47,78.3,11.75,23.5,2,50,22,11,7,3.5,0,0.01,0,0,0,0,2,0.222,92.7,3,37.5,0,0,3,75,0,50,1,25,0,0,0,0,0,0,44.4,3.29,0.99,55.6,44.4,0,0,6.7,7.1,6.7,7.05,-0.35,0.74,0.78,7.1
2025,116,Jalen Coker,CAR,WR,1,16,TB,24.390243902439025,21.428571428571427,81.5,10,83.3,3,25,4.7,0.3,11.67,35,27.1,47,39.2,15.67,15.67,3,100,12,4,5,1.67,0,0.03,0,0,0,0,2,0.2,118.8,2,22.2,0,0,3,100,1,33.3,0,0,0,0,0,0,0,0,27.3,7.19,0.993,40,60,0,0,7.7,7.3,7.7,7.26,0.44,0.77,0.73,7.3
2025,117,Jaylin Noel,HST,WR,1,17,LAC,14.285714285714285,66.66666666666666,24.2,3,21.4,2,14.3,15.67,0.67,22,44,22.6,47,21.8,23.5,23.5,2,100,3,1.5,0,0,1,0.85,50,0,0,0,1,0.333,158.3,2,16.7,0,0,2,100,1,50,0,0,0,0,0,0,0,0,66.7,12.98,1.982,66.7,33.3,0,0,12.7,11.5,12.7,11.54,1.16,4.23,3.85,11.5
2025,118,Isaiah Bond,CLV,WR,1,15,CHI,26.923076923076923,20,69.6,7,87.5,1,12.5,6.71,0.14,36,36,29.5,47,68.1,47,47,1,100,11,11,-1,-1,0,0.05,0,0,0,0,1,0.143,118.8,1,16.7,0,0,1,100,1,100,0,0,0,0,0,0,0,0,14.3,33.25,3.843,42.9,57.1,0,0,5.7,4.4,5.7,4.37,1.33,0.81,0.62,4.4
2025,119,CeeDee Lamb,DAL,WR,1,17,WAS,21.794871794871796,30,86.2,17,89.5,9,47.4,2.71,0.53,17.22,155,58.5,46,37.4,5.11,9.2,5,55.6,14,2.8,0,0,0,0.08,0,0,1,0,2,0.118,69.7,8,57.1,1,11.1,6,66.7,3,20,0,0,2,1,50,0,0,0,52.9,-4.59,0.022,82.4,17.6,0,0,9.6,12.1,9.6,12.08,-2.48,0.56,0.71,12.1
2025,120,Brian Thomas,JAX,WR,1,15,NYJ,14.0625,22.727272727272727,76.3,9,75,5,41.7,5.11,0.56,22.8,114,52.1,46,33.6,9.2,23,2,40,8,4,4,2,0,1.08,0,2,2,0,1,0.111,73.8,5,50,0,0,4,80,3,50,2,40,1,0,0,0,0,0,50,-0.61,0.301,77.8,22.2,0,0,6.6,17.4,6.6,17.41,-10.81,0.73,1.93,17.4
2025,121,Kyle Williams,NE,WR,1,16,BLT,40,33.33333333333333,36.6,8,38.1,3,14.3,5.75,0.38,16,48,16.7,46,24.1,15.33,23,2,66.7,3,1.5,1,0.5,1,0.22,100,0,1,1,1,0.125,149.3,3,15,0,0,2,66.7,1,50,0,0,0,0,0,0,0,0,37.5,5.96,0.899,100,0,0,0,12.6,4.8,12.6,4.83,7.77,1.57,0.6,4.8
2025,122,Tim Patrick,JAX,WR,1,14,IND,38.095238095238095,60,65.1,8,66.7,3,25,5.63,0.38,15,45,21,45,38.8,15,15,3,100,4,1.33,1,0.33,1,1.01,50,2,1,1,2,0.25,158.3,1,11.1,0,0,3,100,1,100,0,0,1,1,100,0,0,0,37.5,7.13,2.045,75,25,0,0,13.5,14,13.5,13.95,-0.45,1.69,1.74,14
2025,123,Deebo Samuel,WAS,WR,1,13,DEN,27.450980392156865,22.22222222222222,68.2,14,66.7,2,9.5,3.21,0.14,12,24,7.6,45,32.6,22.5,22.5,2,100,21,10.5,4,2,0,0.06,0,0,0,0,1,0.071,118.8,2,11.1,1,50,2,100,1,50,0,0,0,0,0,0,0,0,13.3,14.07,2.389,28.6,64.3,0,7.1,6.5,5,6.5,4.99,1.51,0.46,0.36,5
2025,124,Ja'Marr Chase,CIN,WR,1,16,MIA,8.98876404494382,8.88888888888889,86.9,8,100,4,50,5.63,0.5,10.5,42,37.5,45,45.9,11.25,15,3,75,8,2.67,2,0.67,0,0.36,0,0,0,0,2,0.25,111.5,4,50,1,25,4,100,1,33.3,0,0,2,1,50,0,0,0,50,3.41,1.052,75,25,0,0,7.5,9.4,7.5,9.37,-1.87,0.94,1.17,9.4
2025,125,Chris Olave,NO,WR,1,15,CAR,20.967741935483872,15.625,82.5,13,92.9,5,35.7,3.46,0.38,14,70,45.8,45,33.1,9,15,3,60,4,1.33,0,0,1,0.73,100,1,0,0,3,0.231,129.2,5,50,0,0,4,80,0,0,0,0,3,1,33.3,1,0,0,35.7,-0.78,0.759,61.5,38.5,0,0,13.5,13.2,13.5,13.22,0.28,1.04,1.02,13.2
2025,126,Terry McLaurin,WAS,WR,1,18,PHI,13.461538461538462,10,68.3,7,87.5,3,37.5,6.29,0.43,11.33,34,42.5,44,64.7,14.67,14.67,3,100,10,3.33,8,2.67,0,0.01,0,0,0,0,3,0.429,118.8,2,33.3,0,0,3,100,0,33.3,0,0,1,1,100,0,1,0.33,42.9,5.69,2.218,85.7,14.3,0,0,7.4,6.5,7.4,6.55,0.85,1.06,0.94,6.5
2025,127,DeVonta Smith,PHI,WR,1,15,LV,4.838709677419355,5.88235294117647,50,3,60,1,20,14.67,0.33,37,37,43.5,44,37,44,44,1,100,7,7,5,5,0,0.08,0,0,0,0,1,0.333,118.8,1,20,0,0,1,100,1,100,0,0,1,1,100,0,0,0,33.3,29.18,2.764,33.3,66.7,0,0,5.4,3.3,5.4,3.31,2.09,1.8,1.1,3.3
2025,128,Emeka Egbuka,TB,WR,1,15,ATL,19.148936170212767,22.727272727272727,63.9,9,50,5,27.8,4.89,0.56,14.4,72,27.3,44,21.1,8.8,14.67,3,60,12,4,7,2.33,0,0.02,0,0,0,0,3,0.333,88.8,3,21.4,0,0,3,60,1,33.3,0,0,1,1,100,0,2,0.67,45.5,-0.48,0.498,66.7,33.3,0,0,7.4,6.3,7.4,6.28,1.12,0.82,0.7,6.3
2025,129,Theo Wease,MIA,WR,1,18,NE,50,50,33.3,7,46.7,5,33.3,6.29,0.71,12.4,62,33.7,44,58.7,8.8,14.67,3,60,10,3.33,3,1,0,0,0,1,1,0,3,0.429,49.2,4,30.8,0,0,3,60,0,33.3,0,0,0,0,0,0,0,0,62.5,-0.36,-0.238,85.7,14.3,0,0,7.4,7.1,7.4,7.09,0.31,1.06,1.01,7.1
2025,130,Mack Hollins,NE,WR,1,16,BLT,38.88888888888889,36.84210526315789,66.2,14,66.7,7,33.3,3.07,0.5,11.29,79,27.5,43,22.5,6.14,8.6,5,71.4,6,1.2,1,0.2,0,0.01,0,0,0,0,2,0.143,87.2,7,35,0,0,5,71.4,1,20,0,0,0,0,0,0,0,0,50,-2.41,0.342,71.4,28.6,0,0,9.3,9.9,9.3,9.91,-0.61,0.66,0.71,9.9
2025,131,Van Jefferson,TEN,WR,1,15,SF,12,16.666666666666664,59.2,3,37.5,2,25,14.33,0.67,37.5,75,78.9,43,61.4,21.5,43,1,50,0,0,0,0,0,0.13,0,0,0,0,1,0.333,95.8,2,25,0,0,1,50,2,100,0,0,1,1,100,1,0,0,40,9.02,1.511,100,0,0,0,5.3,2.2,5.3,2.19,3.11,1.77,0.73,2.2
2025,132,Jalen Nailor,MIN,WR,1,18,GB,27.027027027027028,33.33333333333333,75,10,76.9,2,15.4,4.3,0.2,14.5,29,22,43,32.8,21.5,21.5,2,100,14,7,1,0.5,0,0.07,0,0,0,0,2,0.2,118.8,1,9.1,0,0,2,100,0,50,0,0,0,0,0,0,0,0,18.2,12,1.662,40,60,0,0,6.3,5.9,6.3,5.93,0.37,0.63,0.59,5.9
2025,133,Adonai Mitchell,NYJ,WR,1,16,NO,13.846153846153847,13.513513513513514,85.7,9,75,5,41.7,4.78,0.56,12,60,48,43,64.2,8.6,14.33,3,60,12,4,5,1.67,0,0,0,0,0,0,1,0.111,87.9,5,45.5,0,0,4,80,1,33.3,1,20,0,0,0,0,0,0,45.5,0.18,0.786,88.9,11.1,0,0,7.3,8.5,7.3,8.5,-1.2,0.81,0.94,8.5
2025,134,Tetairoa McMillan,CAR,WR,1,13,LA,17.073170731707318,11.11111111111111,74.2,7,100,2,28.6,6.14,0.29,22.5,45,43.7,43,46.2,21.5,43,1,50,20,20,0,0,1,0.26,50,0,0,0,1,0.143,135.4,1,20,0,0,2,100,2,100,1,50,0,0,0,0,0,0,28.6,10.43,2.855,85.7,14.3,0,0,11.3,8.1,11.3,8.06,3.24,1.61,1.15,8.1
2025,135,Tre Harris,LAC,WR,1,16,DAL,20,25,45.2,8,66.7,4,33.3,5.38,0.5,6.75,27,17.5,43,27.4,10.75,14.33,3,75,21,7,19,6.33,0,0,0,0,0,0,2,0.25,109.4,4,40,0,0,4,100,0,33.3,1,25,1,1,100,0,2,0.67,50,3.83,0.872,75,25,0,0,7.3,7,7.3,6.96,0.34,0.91,0.87,7
2025,136,Jack Bech,LV,WR,1,16,HST,24.242424242424242,21.428571428571427,71.7,8,72.7,3,27.3,5.38,0.38,12,36,34,43,28.1,14.33,21.5,2,66.7,18,9,3,1.5,0,0,0,0,0,0,1,0.125,109.7,3,30,0,0,2,66.7,1,50,0,0,1,1,100,0,0,0,37.5,5.82,0.677,100,0,0,0,6.3,4.3,6.3,4.34,1.96,0.79,0.54,4.3
2025,137,David Sills,ATL,WR,1,15,TB,31.818181818181817,40,93.9,14,87.5,6,37.5,3,0.43,16.33,98,47.8,42,42.9,7,14,3,50,4,1.33,1,0.33,0,0.21,0,1,1,0,2,0.143,72.9,3,25,0,0,4,66.7,1,33.3,1,16.7,2,2,100,0,0,0,40,-2.49,0.117,57.1,42.9,0,0,7.2,10.2,7.2,10.17,-2.97,0.51,0.73,10.2
2025,138,Mack Hollins,NE,WR,1,15,BUF,27.77777777777778,42.10526315789473,78.4,10,83.3,8,66.7,4.1,0.8,18.5,148,82.2,41,47.7,5.13,10.25,4,50,7,1.75,0,0,0,0.42,0,0,1,0,2,0.2,25.5,8,72.7,0,0,6,75,2,0,0,0,3,0,0,0,2,0.5,80,-4.82,-0.04,80,20,0,0,8.1,14.5,8.1,14.53,-6.43,0.81,1.45,14.5
2025,139,Darius Slayton,NYG,WR,1,13,NE,15.789473684210526,13.636363636363635,75.5,6,75,3,37.5,6.83,0.5,14.33,43,41,41,74.5,13.67,20.5,2,66.7,29,14.5,7,3.5,1,0.05,100,0,0,0,2,0.333,149.3,3,60,0,0,3,100,1,50,0,0,2,1,50,0,1,0.5,50,4.99,1.107,66.7,33.3,0,0,12.1,5.5,12.1,5.47,6.63,2.02,0.91,5.5
2025,140,Terry McLaurin,WAS,WR,1,14,MIN,11.538461538461538,13.333333333333334,63.3,6,66.7,4,44.4,6.83,0.67,10.75,43,46.7,41,57.7,10.25,13.67,3,75,9,3,4,1.33,0,0,0,0,0,0,2,0.333,107.3,4,44.4,0,0,3,75,0,33.3,0,0,0,0,0,0,0,0,66.7,1.68,0.766,83.3,16.7,0,0,7.1,6.9,7.1,6.89,0.21,1.18,1.15,6.9
2025,141,Gabe Davis,BUF,WR,1,18,NYJ,45.83333333333333,58.333333333333336,93.1,11,100,7,63.6,3.73,0.64,9.57,67,68.4,41,77.4,5.86,8.2,5,71.4,11,2.2,7,1.4,1,1.15,100,2,1,1,3,0.273,125.6,6,66.7,0,0,5,71.4,0,0,0,0,4,4,100,0,0,0,63.6,-1.97,0.779,81.8,9.1,9.1,0,15.1,13.8,15.1,13.82,1.28,1.37,1.26,13.8
2025,142,Parker Washington,JAX,WR,1,15,NYJ,12,15.384615384615385,42.4,6,50,2,16.7,6.83,0.33,18.5,37,16.9,41,29.9,20.5,20.5,2,100,4,2,0,0,0,0.17,0,1,0,0,1,0.167,118.8,1,10,0,0,2,100,1,100,0,0,1,1,100,0,0,0,33.3,11.03,1.93,33.3,66.7,0,0,6.1,6.4,6.1,6.38,-0.28,1.02,1.06,6.4
2025,143,Xavier Worthy,KC,WR,1,16,TEN,18.6046511627907,18.75,83.7,8,80,3,30,5.13,0.38,16,48,88.9,41,51.9,13.67,20.5,2,66.7,18,9,2,1,0,0.01,0,0,0,0,2,0.25,109.7,3,33.3,0,0,2,66.7,1,50,0,0,0,0,0,0,0,0,30,4.37,1.054,87.5,0,0,12.5,6.1,4.6,6.1,4.64,1.46,0.76,0.58,4.6
2025,144,Tre Harris,LAC,WR,1,15,KC,20,25,83.9,8,88.9,4,44.4,5.13,0.5,11.25,45,53.6,41,56.2,10.25,20.5,2,50,7,3.5,6,3,0,0.02,0,0,0,0,1,0.125,86.5,4,44.4,0,0,3,75,1,50,0,0,2,1,50,0,0,0,50,2.57,0.015,87.5,12.5,0,0,6.1,5.7,6.1,5.73,0.37,0.76,0.72,5.7
2025,145,Cooper Kupp,SEA,WR,1,15,IND,22.916666666666664,45.45454545454545,76.3,11,64.7,5,29.4,3.64,0.45,6.2,31,18.1,40,24.2,8,10,4,80,25,6.25,15,3.75,0,0.01,0,1,1,0,1,0.091,100,5,31.3,0,0,4,80,0,0,0,0,0,0,0,0,2,0.5,41.7,1.28,0.261,63.6,36.4,0,0,8,6.8,8,6.76,1.24,0.73,0.61,6.8
2025,146,Courtland Sutton,DEN,WR,1,14,LV,18.461538461538463,21.62162162162162,63.9,12,66.7,8,44.4,3.33,0.67,12,96,66.2,40,41.2,5,10,4,50,3,0.75,1,0.25,0,0.05,0,1,1,0,3,0.25,64.6,7,50,0,0,7,87.5,1,0,1,12.5,3,1,33.3,0,1,0.25,61.5,-3.54,-0.02,91.7,8.3,0,0,8,12.8,8,12.82,-4.82,0.67,1.07,12.8
2025,147,Courtland Sutton,DEN,WR,1,17,KC,18.461538461538463,24.324324324324326,81.7,12,100,9,75,3.33,0.75,11.22,101,82.1,40,81.6,4.44,10,4,44.4,8,2,0,0,0,0.8,0,3,2,0,3,0.25,57.6,7,87.5,0,0,7,77.8,1,25,1,11.1,2,0,0,0,0,0,75,-4.12,0.046,83.3,16.7,0,0,8,15.2,8,15.23,-7.23,0.67,1.27,15.2
2025,148,Jahan Dotson,PHI,WR,1,18,WAS,31.147540983606557,50,93.5,19,95,6,30,2.11,0.32,17.67,106,40.6,40,30.8,6.67,13.33,3,50,5,1.67,1,0.33,0,0.01,0,1,0,0,2,0.105,71.5,4,26.7,0,0,3,50,1,0,0,0,0,0,0,0,0,0,31.6,-3.8,-0.079,68.4,26.3,5.3,0,7,7.2,7,7.22,-0.22,0.37,0.38,7.2
2025,149,Konata Mumpfield,LA,WR,1,16,SEA,36.36363636363637,53.333333333333336,44.3,16,64,8,32,2.5,0.5,14.5,116,41.9,40,15.8,5,13.33,3,37.5,13,4.33,2,0.67,0,0.35,0,1,0,0,3,0.188,54.2,3,18.8,0,0,6,75,1,0,2,25,4,2,50,0,0,0,47.1,-3.9,-0.105,81.3,18.8,0,0,7,13.7,7,13.66,-6.66,0.44,0.85,13.7
2025,150,Jakobi Meyers,JAX,WR,1,18,TEN,19.736842105263158,16.666666666666664,77.6,15,88.2,5,29.4,2.6,0.33,8.2,41,19.6,39,24.2,7.8,9.75,4,80,12,3,1,0.25,0,0.19,0,0,0,0,3,0.2,99.2,4,28.6,1,20,5,100,0,0,0,0,0,0,0,0,0,0,33.3,0.02,0.649,66.7,33.3,0,0,7.9,12.4,7.9,12.41,-4.51,0.53,0.83,12.4
2025,151,Xavier Hutchinson,HST,WR,1,13,IND,21.052631578947366,18.75,54.9,8,53.3,3,20,4.88,0.38,12,36,17,39,21.2,13,19.5,2,66.7,16,8,16,8,0,0.02,0,1,1,0,2,0.25,109.7,3,21.4,0,0,2,66.7,0,50,0,0,1,1,100,0,1,0.5,33.3,4.27,1.325,75,25,0,0,5.9,4.2,5.9,4.17,1.73,0.74,0.52,4.2
2025,152,Marvin Harrison,ARZ,WR,1,13,TB,36.36363636363637,50,60.7,8,66.7,4,33.3,4.88,0.5,14.75,59,40.1,39,54.9,9.75,13,3,75,7,2.33,1,0.33,0,0,0,0,1,0,2,0.25,105.2,4,33.3,0,0,3,75,2,33.3,0,0,1,1,100,0,0,0,50,0.7,0.263,75,25,0,0,6.9,4.6,6.9,4.59,2.31,0.86,0.57,4.6
2025,153,Brian Thomas,JAX,WR,1,14,IND,18.75,18.181818181818183,82.5,12,100,4,33.3,3.25,0.33,26.75,107,50,39,33.6,9.75,39,1,25,9,9,0,0,0,0.01,0,0,0,0,1,0.083,67.7,4,44.4,0,0,2,50,3,100,0,0,1,0,0,0,0,0,33.3,-1.78,0.349,75,25,0,0,4.9,3.2,4.9,3.25,1.65,0.41,0.27,3.2
2025,154,Dante Pettis,NO,WR,1,18,ATL,52,40,75.4,13,81.3,2,12.5,2.92,0.15,13.5,27,14.8,38,35.8,19,19,2,100,11,5.5,1,0.5,0,0.03,0,0,0,0,2,0.154,118.8,2,14.3,0,0,2,100,1,50,0,0,0,0,0,0,0,0,14.3,10.87,0.947,38.5,61.5,0,0,5.8,5.4,5.8,5.39,0.41,0.45,0.41,5.4
2025,155,Jakobi Meyers,JAX,WR,1,16,DEN,14.473684210526317,16.666666666666664,85.3,11,91.7,5,41.7,3.45,0.45,11,55,65.5,38,25,7.6,12.67,3,60,6,2,3,1,0,0.82,0,2,1,0,2,0.182,83.8,3,50,0,0,5,100,1,50,0,0,3,1,33.3,0,0,0,41.7,-0.61,-0.027,72.7,27.3,0,0,6.8,13.4,6.8,13.44,-6.64,0.62,1.22,13.4
2025,156,Jauan Jennings,SF,WR,1,17,CHI,25.581395348837212,13.333333333333334,91.2,11,100,2,18.2,3.45,0.18,13.5,27,18.4,38,25,19,38,1,50,18,18,0,0,1,0.09,100,0,0,0,1,0.091,95.8,2,25,0,0,1,50,1,100,0,0,0,0,0,0,1,1,18.2,10.04,-1.899,63.6,36.4,0,0,10.8,3.9,10.8,3.9,6.9,0.98,0.35,3.9
2025,157,Tee Higgins,CIN,WR,1,18,CLV,31.914893617021278,27.27272727272727,86.4,15,100,6,40,2.53,0.4,14.33,86,47,38,33.6,6.33,9.5,4,66.7,7,1.75,3,0.75,1,0.73,50,2,1,1,3,0.2,127.8,5,45.5,0,0,6,100,1,0,0,0,4,2,50,0,0,0,40,-2.79,0.466,93.3,6.7,0,0,13.8,13.6,13.8,13.63,0.17,0.92,0.91,13.6
2025,158,Jaylen Waddle,MIA,WR,1,14,NYJ,18.75,20,77.8,6,66.7,4,44.4,6.33,0.67,11,44,50,38,65.5,9.5,12.67,3,75,12,4,2,0.67,1,1.04,100,1,1,1,3,0.5,143.8,4,50,0,0,3,75,0,50,0,0,0,0,0,0,0,0,66.7,0.9,0.809,83.3,16.7,0,0,12.8,12.1,12.8,12.1,0.7,2.13,2.02,12.1
2025,159,Ja'Marr Chase,CIN,WR,1,17,ARZ,16.853932584269664,11.11111111111111,75.7,15,88.2,5,29.4,2.53,0.33,6,30,16.4,38,21.3,7.6,9.5,4,80,24,6,8,2,1,0.77,100,1,0,0,2,0.133,137.9,5,33.3,0,0,4,80,0,33.3,0,0,1,1,100,0,2,0.5,33.3,0.38,0.517,53.3,46.7,0,0,13.8,11.7,13.8,11.67,2.13,0.92,0.78,11.7
2025,160,Isaiah Likely,BLT,TE,1,13,CIN,25,50,50.9,7,58.3,2,16.7,5.43,0.29,15,30,14.2,38,59.4,19,19,2,100,8,4,3,1.5,0,0.05,0,0,0,0,1,0.143,118.8,1,11.1,0,0,2,100,1,50,0,0,0,0,0,0,1,0.5,25,10.39,1.283,28.6,71.4,0,0,5.8,5.8,5.8,5.76,0.04,0.83,0.82,5.8
2025,161,Jalen Coker,CAR,WR,1,18,TB,36.58536585365854,35.714285714285715,91.8,15,93.8,5,31.3,2.53,0.33,8.4,42,23.3,38,21,7.6,9.5,4,80,2,0.5,1,0.25,0,0.01,0,0,0,0,1,0.067,99.2,5,45.5,0,0,4,80,0,0,0,0,1,1,100,0,0,0,33.3,-0.32,-0.179,66.7,33.3,0,0,7.8,8.5,7.8,8.45,-0.65,0.52,0.56,8.5
2025,162,Jalen McMillan,TB,WR,1,15,ATL,30,18.181818181818183,49.2,9,50,2,11.1,4.22,0.22,18,36,13.6,38,18.2,19,19,2,100,2,1,0,0,0,0.05,0,1,0,0,2,0.222,118.8,1,7.1,0,0,2,100,0,0,0,0,1,1,100,0,0,0,22.2,7.2,1.343,77.8,22.2,0,0,5.8,4,5.8,4.03,1.77,0.64,0.45,4
2025,163,DK Metcalf,PIT,WR,1,16,DET,32.5,31.818181818181817,88.6,13,86.7,7,46.7,2.85,0.54,12.57,88,39.8,37,32.2,5.29,12.33,3,42.9,13,4.33,5,1.67,0,0.02,0,0,0,0,2,0.154,59.8,6,42.9,1,14.3,5,71.4,1,33.3,0,0,1,0,0,0,0,0,53.8,-3.87,0.084,69.2,30.8,0,0,6.7,10.1,6.7,10.13,-3.43,0.52,0.78,10.1
2025,164,Amon-Ra St. Brown,DET,WR,1,14,DAL,13.043478260869565,4.3478260869565215,91.2,9,100,1,11.1,4.11,0.11,15,15,9,37,28.9,37,37,1,100,22,22,-1,-1,0,0.01,0,0,0,0,1,0.111,118.8,1,12.5,0,0,1,100,0,100,0,0,0,0,0,0,0,0,11.1,26.59,2.997,11.1,88.9,0,0,4.7,2.9,4.7,2.87,1.83,0.52,0.32,2.9
2025,165,Jameson Williams,DET,WR,1,17,MIN,12.658227848101266,5.263157894736842,82.8,10,76.9,2,15.4,3.7,0.2,17,34,29.6,37,29.6,18.5,18.5,2,100,3,1.5,2,1,0,0,0,0,0,0,2,0.2,118.8,1,9.1,0,0,2,100,0,50,0,0,0,0,0,0,0,0,16.7,7.33,1.391,70,30,0,0,5.7,5.8,5.7,5.75,-0.05,0.57,0.58,5.8
2025,166,Demarcus Robinson,SF,WR,1,15,TEN,23.809523809523807,33.33333333333333,32.9,5,38.5,2,15.4,7.2,0.4,17,34,17.6,36,20.9,18,18,2,100,2,1,0,0,0,0.09,0,1,0,0,2,0.4,118.8,1,9.1,0,0,2,100,1,100,0,0,0,0,0,0,0,0,40,8.99,1.996,80,20,0,0,5.6,6.4,5.6,6.45,-0.85,1.12,1.29,6.4
2025,167,Romeo Doubs,GB,WR,1,15,DEN,21.951219512195124,12.5,76.2,9,81.8,2,18.2,4,0.22,12,24,12.8,36,50.7,18,18,2,100,12,6,8,4,0,0.05,0,0,0,0,2,0.222,118.8,1,12.5,0,0,2,100,0,50,0,0,1,1,100,0,0,0,22.2,8.85,1.025,77.8,22.2,0,0,5.6,3.7,5.6,3.72,1.88,0.62,0.41,3.7
2025,168,Tyrell Shavers,BUF,WR,1,17,PHI,37.5,50,57.5,3,37.5,2,25,12,0.67,18.5,37,34.3,36,52.9,18,18,2,100,20,10,2,1,0,0.07,0,0,0,0,1,0.333,118.8,2,28.6,0,0,2,100,1,50,0,0,1,1,100,1,0,0,50,8.23,2.681,66.7,33.3,0,0,5.6,3.8,5.6,3.85,1.75,1.87,1.28,3.8
2025,169,Puka Nacua,LA,WR,1,17,ATL,22.22222222222222,19.565217391304348,72.1,16,94.1,9,52.9,2.25,0.56,11.67,105,49.1,36,34,4,9,4,44.4,18,4.5,2,0.5,1,0.23,50,1,0,0,2,0.125,92.8,9,69.2,2,22.2,6,66.7,2,0,1,11.1,2,1,50,0,0,0,56.3,-3.84,0.147,75,25,0,0,13.6,11.5,13.6,11.5,2.1,0.85,0.72,11.5
2025,170,Darnell Mooney,ATL,WR,1,15,TB,25,25,92.4,15,93.8,5,31.3,2.33,0.33,13.4,67,32.7,35,35.7,7,11.67,3,60,15,5,0,0,0,0.05,0,0,0,0,3,0.2,81.3,5,41.7,1,20,3,60,2,0,0,0,0,0,0,0,0,0,33.3,-1.77,0.36,60,40,0,0,6.5,6.3,6.5,6.32,0.18,0.43,0.42,6.3
2025,171,Jerry Jeudy,CLV,WR,1,17,PIT,18.181818181818183,20,94,8,100,5,62.5,4.38,0.63,13.2,66,66.7,35,44.3,7,11.67,3,60,1,0.33,0,0,0,0.01,0,0,0,0,3,0.375,41.7,3,50,0,0,3,60,0,0,0,0,1,1,100,0,0,0,62.5,-1.98,-0.156,75,25,0,0,6.5,5.7,6.5,5.71,0.79,0.81,0.71,5.7
2025,172,Tre Tucker,LV,WR,1,16,HST,18.333333333333332,14.285714285714285,100,11,100,3,27.3,3.18,0.27,8.33,25,23.6,35,22.9,11.67,11.67,3,100,10,3.33,4,1.33,0,0.01,0,0,0,0,2,0.182,115.3,3,30,0,0,3,100,0,0,0,0,0,0,0,0,0,0,27.3,4.22,1.556,63.6,36.4,0,0,6.5,6,6.5,6,0.5,0.59,0.55,6
2025,173,Kayshon Boutte,NE,WR,1,13,NYG,30.434782608695656,38.46153846153847,74.6,14,87.5,5,31.3,2.5,0.36,13.6,68,32.1,35,25.7,7,8.75,4,80,3,0.75,0,0,1,0.9,50,1,2,1,2,0.143,135.4,5,38.5,0,0,4,80,1,0,0,0,2,2,100,0,0,0,35.7,-1.9,0.388,92.9,7.1,0,0,13.5,11.6,13.5,11.57,1.93,0.96,0.83,11.6
2025,174,Xavier Worthy,KC,WR,1,15,LAC,18.6046511627907,18.75,66.1,8,72.7,3,27.3,4.38,0.38,14.33,43,41.7,35,44.3,11.67,17.5,2,66.7,16,8,3,1.5,0,0.01,0,0,0,0,1,0.125,106.3,1,12.5,0,0,2,66.7,1,50,0,0,0,0,0,0,1,0.5,37.5,2.36,0.463,87.5,12.5,0,0,5.5,4.4,5.5,4.44,1.06,0.69,0.55,4.4
2025,175,Efton Chism,NE,WR,1,18,MIA,42.857142857142854,100,42.9,3,37.5,1,12.5,11.67,0.33,19,19,15.1,35,27.3,35,35,1,100,16,16,2,2,0,0.01,0,0,0,0,1,0.333,118.8,1,12.5,0,0,1,100,0,100,0,0,0,0,0,0,0,0,25,23.07,2.121,66.7,33.3,0,0,4.5,3.1,4.5,3.15,1.35,1.5,1.05,3.1
2025,176,Isaac TeSlaa,DET,WR,1,13,GB,17.307692307692307,16.666666666666664,91.7,9,81.8,2,18.2,3.89,0.22,15.5,31,29.2,35,25.4,17.5,17.5,2,100,4,2,0,0,1,0.55,100,1,0,0,2,0.222,158.3,2,25,0,0,2,100,0,0,0,0,0,0,0,0,0,0,20,7.25,1.618,77.8,22.2,0,0,11.5,7.7,11.5,7.69,3.81,1.28,0.85,7.7
2025,177,Stefon Diggs,NE,WR,1,17,NYJ,9.523809523809524,20,48.4,4,50,2,25,8.5,0.5,13,26,28,34,50.7,17,17,2,100,8,4,4,2,1,0.73,50,1,0,0,2,0.5,158.3,1,16.7,1,50,2,100,1,100,0,0,1,1,100,1,0,0,50,7.48,3.08,75,25,0,0,11.4,7.7,11.4,7.67,3.73,2.85,1.92,7.7
2025,178,Stefon Diggs,NE,WR,1,18,MIA,11.904761904761903,10,46.4,5,62.5,1,12.5,6.8,0.2,20,20,15.9,34,26.6,34,34,1,100,14,14,3,3,0,0.1,0,0,0,0,1,0.2,118.8,1,12.5,0,0,1,100,1,100,0,0,0,0,0,0,0,0,20,23.13,2.148,40,60,0,0,4.4,3.9,4.4,3.92,0.48,0.88,0.78,3.9
2025,179,Darren Waller,MIA,TE,1,13,NO,23.076923076923077,22.22222222222222,45.8,6,75,2,25,5.67,0.33,21,42,27.3,34,56.7,17,34,1,50,12,12,7,7,0,0.03,0,1,1,0,1,0.167,95.8,2,33.3,0,0,1,50,2,100,0,0,0,0,0,0,0,0,33.3,5.83,0.802,33.3,50,16.7,0,4.4,3.7,4.4,3.71,0.69,0.73,0.62,3.7
2025,180,Chris Godwin,TB,WR,1,14,NO,16.94915254237288,33.33333333333333,69.6,10,71.4,5,35.7,3.4,0.5,4.4,22,12.6,34,63,6.8,8.5,4,80,17,4.25,2,0.5,0,0.02,0,0,0,0,2,0.2,95,3,30,1,20,5,100,0,0,0,0,2,1,50,0,1,0.25,50,0.39,-0.035,80,20,0,0,7.4,8,7.4,7.97,-0.57,0.74,0.8,8
2025,181,Marquez Valdes-Scantling,PIT,WR,1,18,BLT,33.33333333333333,38.88888888888889,83.6,14,77.8,7,38.9,2.43,0.5,10.86,76,37.3,34,32.4,4.86,6.8,5,71.4,11,2.2,5,1,0,0.04,0,1,0,0,2,0.143,81.8,7,43.8,2,28.6,5,71.4,1,0,0,0,3,3,100,0,0,0,46.7,-3.73,0.252,100,0,0,0,8.4,7.6,8.4,7.59,0.81,0.6,0.54,7.6
2025,182,Darius Slayton,NYG,WR,1,18,DAL,26.31578947368421,36.36363636363637,88.4,10,100,8,80,3.4,0.8,7.63,61,64.2,34,100,4.25,8.5,4,50,17,4.25,17,4.25,0,0.01,0,2,2,0,3,0.3,61.5,7,77.8,0,0,5,62.5,0,0,1,12.5,1,1,100,0,1,0.25,80,-3.01,0.273,80,20,0,0,7.4,8.3,7.4,8.29,-0.89,0.74,0.83,8.3
2025,183,Mason Kinsey,TEN,WR,1,17,NO,100,100,11.1,2,20,1,10,17,0.5,33,33,18.6,34,44.7,34,34,1,100,1,1,0,0,0,0.15,0,0,0,0,1,0.5,118.8,0,0,0,0,1,100,1,100,0,0,1,1,100,0,0,0,50,21.53,2.178,50,50,0,0,4.4,2.9,4.4,2.91,1.49,2.2,1.46,2.9
2025,184,DeVonta Smith,PHI,WR,1,14,LAC,27.419354838709676,23.52941176470588,97,17,89.5,4,21.1,2,0.24,19.75,79,27.7,34,29.6,8.5,17,2,50,14,7,4,2,0,0,0,0,1,0,1,0.059,39.6,4,26.7,0,0,2,50,1,50,0,0,0,0,0,0,0,0,21.1,-1.32,-0.399,41.2,58.8,0,0,5.4,4.3,5.4,4.32,1.08,0.32,0.25,4.3
2025,185,Amon-Ra St. Brown,DET,WR,1,16,PIT,27.536231884057973,17.391304347826086,97.1,19,82.6,4,17.4,1.79,0.21,0.5,2,1.1,34,16.6,8.5,11.33,3,75,35,11.67,7,2.33,0,0.12,0,2,1,0,1,0.053,100,3,16.7,2,50,4,100,0,50,0,0,1,0,0,0,1,0.33,18.2,3.08,-0.331,47.4,52.6,0,0,6.4,5.7,6.4,5.68,0.72,0.34,0.3,5.7
2025,186,Bo Melton,GB,WR,1,17,BLT,50,66.66666666666666,38.6,5,35.7,2,14.3,6.8,0.4,19,38,17.8,34,18,17,34,1,50,6,6,4,4,0,0.07,0,0,0,0,1,0.2,95.8,2,16.7,0,0,1,50,1,100,0,0,0,0,0,0,0,0,40,7.71,1.192,100,0,0,0,4.4,4.2,4.4,4.24,0.16,0.88,0.85,4.2
2025,187,John Metchie,NYJ,WR,1,14,MIA,18.181818181818183,28.57142857142857,94.7,12,85.7,6,42.9,2.83,0.5,7.67,46,35.1,34,50.7,5.67,8.5,4,66.7,22,5.5,1,0.25,0,0.01,0,1,1,0,1,0.083,41.7,6,50,2,33.3,4,66.7,0,0,0,0,0,0,0,0,1,0.25,46.2,-2.27,-0.282,83.3,16.7,0,0,7.4,7.4,7.4,7.36,0.04,0.62,0.61,7.4
2025,188,DeAndre Hopkins,BLT,WR,1,16,NE,31.57894736842105,40,35.2,6,46.2,4,30.8,5.5,0.67,8.25,33,21.7,33,26.6,8.25,11,3,75,1,0.33,0,0,0,0.01,0,0,0,0,2,0.333,99,4,40,0,0,4,100,0,0,1,25,2,2,100,0,0,0,66.7,0.63,0.532,66.7,33.3,0,0,6.3,6.5,6.3,6.55,-0.25,1.05,1.09,6.5
2025,189,Jauan Jennings,SF,WR,1,15,TEN,23.25581395348837,20,80,10,76.9,3,23.1,3.3,0.3,14.67,44,22.8,33,19.2,11,16.5,2,66.7,1,0.5,1,0.5,1,0.99,100,2,1,1,2,0.2,143.1,3,27.3,0,0,3,100,0,100,0,0,2,1,50,0,0,0,30,0.98,0.932,60,40,0,0,11.3,10.6,11.3,10.63,0.67,1.13,1.06,10.6
2025,190,George Pickens,DAL,WR,1,14,DET,25.555555555555554,20.51282051282051,82.9,23,92,8,32,1.43,0.35,13.63,109,30.3,33,18.1,4.13,8.25,4,50,10,2.5,2,0.5,0,0.13,0,2,0,0,2,0.087,21.4,7,41.2,0,0,7,87.5,1,0,0,0,4,1,25,0,0,0,34.8,-4.63,-0.579,100,0,0,0,7.3,10.3,7.3,10.28,-2.98,0.32,0.45,10.3
2025,191,George Pickens,DAL,WR,1,15,MIN,17.77777777777778,10.256410256410255,84.1,16,94.1,4,23.5,2.06,0.25,5,20,11,33,15.4,8.25,11,3,75,16,5.33,6,2,0,0.01,0,0,0,0,2,0.125,99,3,33.3,1,25,4,100,0,0,0,0,1,0,0,0,0,0,25,1.35,0.303,93.8,6.3,0,0,6.3,6.4,6.3,6.4,-0.1,0.39,0.4,6.4
2025,192,Rashee Rice,KC,WR,1,15,LAC,33.33333333333333,33.33333333333333,86.4,10,90.9,5,45.5,3.3,0.5,2.2,11,10.7,33,41.8,6.6,8.25,4,80,27,6.75,10,2.5,0,0.01,0,0,0,0,1,0.1,94.2,4,50,2,40,5,100,0,0,0,0,1,0,0,0,1,0.25,50,0.58,0.163,70,30,0,0,7.3,7.9,7.3,7.9,-0.6,0.73,0.79,7.9
2025,193,Darius Cooper,PHI,WR,1,18,WAS,53.57142857142857,71.42857142857143,83.9,15,75,5,25,2.2,0.33,12.8,64,24.5,33,25.4,6.6,11,3,60,7,2.33,6,2,0,0.02,0,0,0,0,3,0.2,79.6,4,26.7,0,0,3,60,1,0,0,0,2,2,100,0,0,0,33.3,-1.64,0.255,66.7,33.3,0,0,6.3,4.4,6.3,4.36,1.94,0.42,0.29,4.4
2025,194,Kyle Williams,NE,WR,1,13,NYG,10,11.11111111111111,22.2,2,12.5,1,6.3,16.5,0.5,36,36,17,33,24.3,33,33,1,100,0,0,0,0,1,0.85,50,0,1,1,1,0.5,158.3,1,7.7,0,0,1,100,1,100,0,0,0,0,0,0,0,0,50,19.25,4.752,100,0,0,0,10.3,8.6,10.3,8.57,1.73,5.15,4.28,8.6
2025,195,Jack Bech,LV,WR,1,14,DEN,33.33333333333333,35.714285714285715,81.3,11,84.6,5,38.5,3,0.45,6,30,20.5,33,32,6.6,6.6,5,100,3,0.6,1,0.2,0,0.13,0,2,0,0,1,0.091,94.2,4,44.4,0,0,5,100,0,0,0,0,0,0,0,0,0,0,45.5,-0.26,-0.074,81.8,18.2,0,0,8.3,9.6,8.3,9.59,-1.29,0.75,0.87,9.6
2025,196,DeAndre Hopkins,BLT,WR,1,15,CIN,10.526315789473683,10,30,2,33.3,1,16.7,16,0.5,7,7,7.4,32,30.8,32,32,1,100,25,25,31,31,0,0,0,0,0,0,1,0.5,118.8,1,25,0,0,1,100,0,100,0,0,0,0,0,0,0,0,50,24.94,2.007,100,0,0,0,4.2,1.9,4.2,1.93,2.27,2.1,0.97,1.9
2025,197,Anthony Firkser,DET,TE,1,16,PIT,22.58064516129032,66.66666666666666,36.2,7,30.4,2,8.7,4.57,0.29,15,30,15.9,32,15.6,16,16,2,100,2,1,1,0.5,0,0.04,0,1,0,0,2,0.286,118.8,1,5.6,0,0,2,100,0,0,0,0,1,1,100,0,0,0,25,5.18,1.468,28.6,42.9,28.6,0,5.2,4.3,5.2,4.26,0.94,0.74,0.61,4.3
2025,198,Dallas Goedert,PHI,TE,1,15,LV,5.660377358490567,16.666666666666664,72.7,3,60,1,20,10.67,0.33,17,17,20,32,26.9,32,32,1,100,15,15,3,3,0,0.04,0,0,0,0,1,0.333,118.8,1,20,0,0,1,100,0,100,0,0,0,0,0,0,0,0,33.3,20.32,2.035,33.3,33.3,33.3,0,4.2,3.2,4.2,3.19,1.01,1.4,1.06,3.2
2025,199,Deebo Samuel,WAS,WR,1,15,NYG,9.803921568627452,22.22222222222222,60.3,5,83.3,2,33.3,6.4,0.4,16,32,30.8,32,31.7,16,16,2,100,0,0,0,0,0,0.04,0,0,0,0,2,0.4,118.8,1,20,0,0,2,100,0,0,0,0,1,1,100,0,0,0,40,5.64,0.968,60,40,0,0,5.2,5,5.2,4.96,0.24,1.04,0.99,5
2025,200,Jalen Brooks,ARZ,WR,1,14,LA,32,40,39.3,8,44.4,2,11.1,4,0.25,7.5,15,7.9,32,19.2,16,16,2,100,17,8.5,10,5,0,0.01,0,0,0,0,2,0.25,118.8,0,0,0,0,2,100,0,50,0,0,0,0,0,0,2,1,25,8.82,1.204,100,0,0,0,5.2,3.9,5.2,3.93,1.27,0.65,0.49,3.9
2025,201,Ryan Flournoy,DAL,WR,1,15,MIN,20.833333333333336,22.22222222222222,63.8,10,58.8,4,23.5,3.2,0.4,9.25,37,20.4,32,15,8,10.67,3,75,31,10.33,9,3,0,0.01,0,0,0,0,2,0.2,97.9,1,11.1,0,0,3,75,1,0,0,0,0,0,0,0,0,0,40,0.34,0.423,60,40,0,0,6.2,4.9,6.2,4.9,1.3,0.62,0.49,4.9
2025,202,Theo Wease,MIA,WR,1,16,CIN,42.857142857142854,40,34.5,6,46.2,4,30.8,5.33,0.67,14.25,57,36.3,32,28.1,8,16,2,50,11,5.5,4,2,0,0,0,0,0,0,2,0.333,37.5,4,33.3,0,0,4,100,1,0,0,0,2,0,0,0,0,0,57.1,-1.35,-0.71,100,0,0,0,5.2,7.2,5.2,7.18,-1.98,0.87,1.2,7.2
2025,203,Mike Evans,TB,WR,1,17,MIA,34.146341463414636,28.57142857142857,74.6,14,63.6,6,27.3,2.21,0.43,18.67,112,45,31,14.4,5.17,10.33,3,50,-2,-0.67,0,0,1,0.92,100,1,2,1,3,0.214,104.9,5,31.3,0,0,4,66.7,2,0,0,0,2,1,50,0,1,0.33,37.5,-5.26,0.528,71.4,28.6,0,0,12.1,12,12.1,12.03,0.07,0.86,0.86,12
2025,204,Chris Godwin,TB,WR,1,13,ARZ,8.47457627118644,6.666666666666667,63.2,5,55.6,1,11.1,6.2,0.2,20,20,16.3,31,60.8,31,31,1,100,11,11,4,4,0,0.03,0,0,0,0,1,0.2,118.8,1,20,0,0,1,100,1,100,0,0,0,0,0,0,0,0,20,20.13,1.795,60,40,0,0,4.1,3.2,4.1,3.21,0.89,0.82,0.64,3.2
2025,205,Courtland Sutton,DEN,WR,1,13,WAS,13.846153846153847,10.81081081081081,81.2,9,81.8,4,36.4,3.44,0.44,7,28,48.3,31,36.9,7.75,7.75,4,100,6,1.5,2,0.5,1,0.82,100,2,1,1,2,0.222,138.5,2,33.3,0,0,4,100,0,0,0,0,2,2,100,0,0,0,40,0.57,0.896,66.7,33.3,0,0,13.1,10.2,13.1,10.16,2.94,1.46,1.13,10.2
2025,206,Chris Olave,NO,WR,1,13,MIA,20.967741935483872,12.5,87,13,100,4,30.8,2.38,0.31,17,68,41.5,31,29,7.75,10.33,3,75,0,0,-1,-0.33,1,0.93,50,1,2,1,2,0.154,136.5,3,30,0,0,4,100,1,0,1,25,2,1,50,0,0,0,30.8,-1.85,0.709,46.2,53.8,0,0,12.1,12.1,12.1,12.11,-0.01,0.93,0.93,12.1
2025,207,Calvin Austin,PIT,WR,1,14,BLT,20.833333333333336,10,31.4,5,35.7,1,7.1,6.2,0.2,21,21,10.1,31,17.1,31,31,1,100,10,10,3,3,0,0.02,0,0,0,0,1,0.2,118.8,1,9.1,0,0,1,100,1,100,0,0,0,0,0,0,0,0,20,19.76,3.1,60,40,0,0,4.1,3.6,4.1,3.65,0.45,0.82,0.73,3.6
2025,208,Jordan Addison,MIN,WR,1,13,SEA,27.083333333333332,34.78260869565217,92,13,100,8,61.5,2.38,0.62,9.38,75,72.8,31,100,3.88,7.75,4,50,7,1.75,12,3,0,0.01,0,0,0,0,2,0.154,59.9,5,62.5,0,0,6,75,0,0,2,25,0,0,0,0,0,0,61.5,-4.07,-0.228,100,0,0,0,7.1,11.7,7.1,11.72,-4.62,0.55,0.9,11.7
2025,209,DeVonta Smith,PHI,WR,1,13,CHI,20.967741935483872,11.76470588235294,94.1,13,92.9,2,14.3,2.31,0.15,10,20,12.7,30,19,15,30,1,50,16,16,0,0,0,0,0,0,0,0,1,0.077,95.8,2,25,0,0,1,50,0,100,0,0,0,0,0,0,0,0,15.4,6.62,0.765,23.1,76.9,0,0,4,2.6,4,2.65,1.35,0.31,0.2,2.6
2025,210,Chris Olave,NO,WR,1,14,TB,8.064516129032258,15.625,92.7,5,100,5,100,6,1,17.6,88,100,30,100,6,10,3,60,11,3.67,5,1.67,0,0.07,0,0,0,0,2,0.4,37.5,4,100,0,0,4,80,2,0,1,20,0,0,0,0,1,0.33,100,-2.97,-0.277,100,0,0,0,6,10,6,10.03,-4.03,1.2,2.01,10
2025,211,Tre Tucker,LV,WR,1,18,KC,21.666666666666668,28.57142857142857,96.7,13,100,6,46.2,2.31,0.46,17.17,103,62.8,30,90.9,5,15,2,33.3,4,2,1,0.5,0,0.02,0,1,1,0,2,0.154,50.7,6,50,1,16.7,3,50,2,0,0,0,3,1,33.3,0,0,0,46.2,-5.15,0.107,92.3,7.7,0,0,5,5.4,5,5.43,-0.43,0.38,0.42,5.4
2025,212,Kayshon Boutte,NE,WR,1,15,BUF,23.91304347826087,7.6923076923076925,74.5,11,91.7,1,8.3,2.73,0.09,24,24,13.3,30,34.9,30,30,1,100,6,6,0,0,0,0,0,0,0,0,1,0.091,118.8,1,9.1,0,0,1,100,1,100,0,0,1,1,100,1,0,0,9.1,18.25,3.098,90.9,9.1,0,0,4,1.9,4,1.89,2.11,0.36,0.17,1.9
2025,213,Jahdae Walker,CHI,WR,1,17,SF,42.10526315789473,60,62.5,8,80,3,30,3.75,0.38,11.33,34,34.7,30,27.8,10,15,2,66.7,3,1.5,0,0,0,0.01,0,1,1,0,1,0.125,99.3,1,20,0,0,2,66.7,0,0,0,0,1,1,100,0,0,0,37.5,1.16,0.295,62.5,37.5,0,0,5,3.9,5,3.85,1.15,0.63,0.48,3.9
2025,214,Travis Kelce,KC,TE,1,17,DEN,19.047619047619047,80,97.6,8,88.9,4,44.4,3.63,0.5,8.5,34,59.6,29,64.4,7.25,9.67,3,75,14,4.67,3,1,0,0.01,0,0,0,0,2,0.25,94.8,3,50,1,25,3,75,0,0,0,0,0,0,0,0,0,0,44.4,-0.74,0.539,50,25,25,0,5.9,5.7,5.9,5.68,0.22,0.74,0.71,5.7
2025,215,Davante Adams,LA,WR,1,14,ARZ,42.857142857142854,37.5,41.8,12,92.3,6,46.2,2.42,0.5,6.33,38,29.5,29,24.8,4.83,7.25,4,66.7,0,0,0,0,0,0.04,0,2,1,0,3,0.25,77.8,5,41.7,0,0,5,83.3,0,0,0,0,0,0,0,0,0,0,50,-2.04,0.03,91.7,8.3,0,0,6.9,9.5,6.9,9.53,-2.63,0.58,0.79,9.5
2025,216,Cooper Kupp,SEA,WR,1,18,SF,8.333333333333332,18.181818181818183,76.1,4,50,2,25,7.25,0.5,8.5,17,16.5,29,30.2,14.5,14.5,2,100,12,6,5,2.5,0,0.04,0,0,0,0,2,0.5,118.8,1,14.3,0,0,2,100,0,50,0,0,0,0,0,0,1,0.5,50,7.02,1.629,75,25,0,0,4.9,4.5,4.9,4.46,0.44,1.23,1.11,4.5
2025,217,Kevin Austin,NO,WR,1,15,CAR,19.148936170212767,23.076923076923077,38.1,9,64.3,3,21.4,3.22,0.33,9,27,17.6,29,21.3,9.67,14.5,2,66.7,7,3.5,5,2.5,0,0.01,0,0,0,0,2,0.222,97.9,2,20,0,0,3,100,0,0,1,33.3,0,0,0,0,0,0,33.3,1.54,0.608,88.9,11.1,0,0,4.9,6.3,4.9,6.32,-1.42,0.54,0.7,6.3
2025,218,Luke Schoonmaker,DAL,TE,1,15,MIN,15,100,29,3,17.6,1,5.9,9.67,0.33,6,6,3.3,29,13.6,29,29,1,100,23,23,5,5,0,0,0,0,0,0,1,0.333,118.8,0,0,0,0,1,100,0,100,0,0,0,0,0,0,0,0,33.3,21.91,2.159,33.3,0,66.7,0,3.9,1.9,3.9,1.87,2.03,1.3,0.62,1.9
2025,219,Darius Cooper,PHI,WR,1,15,LV,7.142857142857142,28.57142857142857,30.3,2,40,2,40,14.5,1,12,24,28.2,29,24.4,14.5,14.5,2,100,5,2.5,3,1.5,0,0.03,0,0,0,0,2,1,118.8,2,40,0,0,2,100,0,0,0,0,0,0,0,0,0,0,100,5.84,1.272,100,0,0,0,4.9,5.3,4.9,5.3,-0.4,2.45,2.65,5.3
2025,220,Keenan Allen,LAC,WR,1,16,DAL,13.953488372093023,15.789473684210526,46.8,6,50,3,25,4.67,0.5,6.67,20,13,28,17.8,9.33,9.33,3,100,8,2.67,2,0.67,0,0.04,0,1,0,0,3,0.5,105.6,2,20,0,0,3,100,0,0,0,0,0,0,0,0,0,0,50,2.41,1.469,83.3,16.7,0,0,5.8,5.5,5.8,5.52,0.28,0.97,0.92,5.5
2025,221,Kalif Raymond,DET,WR,1,18,CHI,27.77777777777778,33.33333333333333,18.1,5,35.7,2,14.3,5.6,0.4,2,4,4.2,28,14.1,14,14,2,100,24,12,0,0,0,0.01,0,0,0,0,1,0.2,118.8,2,18.2,1,50,2,100,0,0,0,0,0,0,0,0,0,0,40,7.96,1.17,100,0,0,0,4.8,3.4,4.8,3.44,1.36,0.96,0.69,3.4
2025,222,Rashid Shaheed,SEA,WR,1,14,ATL,17.77777777777778,23.076923076923077,51.7,8,72.7,3,27.3,3.5,0.38,12.67,38,29,28,25.9,9.33,14,2,66.7,5,2.5,33,16.5,0,0,0,0,0,0,1,0.125,96.5,3,33.3,0,0,2,66.7,0,0,0,0,0,0,0,0,0,0,37.5,0.14,0.278,75,25,0,0,4.8,4.7,4.8,4.72,0.08,0.6,0.59,4.7
2025,223,Harold Fannin,CLV,TE,1,17,PIT,9.67741935483871,20,24,3,37.5,1,12.5,9.33,0.33,25,25,25.3,28,35.4,28,28,1,100,3,3,0,0,1,0.94,100,0,0,0,1,0.333,158.3,1,16.7,0,0,1,100,1,100,0,0,0,0,0,1,0,0,33.3,18.44,3.129,33.3,0,66.7,0,9.8,9.2,9.8,9.16,0.64,3.27,3.05,9.2
2025,224,Tre Harris,LAC,WR,1,18,DEN,35,31.25,97.1,14,82.4,5,29.4,2,0.36,19.8,99,47.8,28,38.4,5.6,14,2,40,10,5,8,4,0,0.02,0,1,1,0,2,0.143,58.8,5,29.4,0,0,2,40,3,0,0,0,0,0,0,0,0,0,29.4,-4.48,0.444,42.9,57.1,0,0,4.8,4,4.8,3.99,0.81,0.34,0.28,4
2025,225,Kendrick Bourne,SF,WR,1,16,IND,33.33333333333333,62.5,69.7,8,72.7,5,45.5,3.38,0.63,7,35,31.3,27,25,5.4,9,3,60,3,1,2,0.67,0,0.06,0,0,0,0,2,0.25,35,2,28.6,0,0,5,100,0,0,2,40,1,1,100,0,0,0,62.5,-2.25,-0.853,100,0,0,0,5.7,9.9,5.7,9.87,-4.17,0.71,1.23,9.9
2025,226,Lil'Jordan Humphrey,DEN,WR,1,14,LV,19.35483870967742,42.857142857142854,37.5,6,33.3,3,16.7,4.5,0.5,5,15,10.3,27,27.8,9,9,3,100,12,4,4,1.33,0,0.01,0,0,0,0,2,0.333,104.2,3,21.4,0,0,3,100,0,0,0,0,0,0,0,0,0,0,50,2.16,0.602,50,50,0,0,5.7,5.8,5.7,5.78,-0.08,0.95,0.96,5.8
2025,227,DK Metcalf,PIT,WR,1,15,MIA,12.5,9.090909090909092,77.4,5,71.4,2,28.6,5.4,0.4,11,22,30.1,27,40.9,13.5,13.5,2,100,5,2.5,1,0.5,0,0,0,0,0,0,1,0.2,118.8,2,33.3,0,0,2,100,0,50,0,0,0,0,0,0,1,0.5,33.3,4.49,0.996,60,40,0,0,4.7,4.7,4.7,4.66,0.04,0.94,0.93,4.7
2025,228,Wan'Dale Robinson,NYG,WR,1,17,LV,26.666666666666668,54.54545454545454,74.6,8,88.9,6,66.7,3.38,0.75,4.33,26,49.1,27,58.7,4.5,5.4,5,83.3,6,1.2,3,0.6,0,0,0,0,0,0,2,0.25,85.4,5,83.3,0,0,5,83.3,0,0,0,0,3,2,66.7,0,1,0.2,75,-1.61,-0.085,87.5,12.5,0,0,7.7,7.3,7.7,7.33,0.37,0.96,0.92,7.3
2025,229,Brycen Tremayne,CAR,WR,1,18,TB,40,66.66666666666666,14.3,2,12.5,2,12.5,13.5,1,7.5,15,8.3,27,14.9,13.5,13.5,2,100,12,6,2,1,0,0,0,0,0,0,1,0.5,118.8,1,9.1,0,0,2,100,0,50,0,0,0,0,0,0,0,0,100,6.3,0.296,100,0,0,0,4.7,3.9,4.7,3.95,0.75,2.35,1.97,3.9
2025,230,Davis Allen,LA,TE,1,16,SEA,20.689655172413794,100,64.8,6,24,1,4,4.5,0.17,12,12,4.3,27,10.7,27,27,1,100,15,15,2,2,0,0,0,0,0,0,1,0.167,118.8,0,0,0,0,1,100,0,100,0,0,0,0,0,0,0,0,11.1,18.33,1.876,33.3,16.7,50,0,3.7,2.3,3.7,2.3,1.4,0.62,0.38,2.3
2025,231,Terrance Ferguson,LA,TE,1,17,ATL,24.324324324324326,50,47.5,9,52.9,1,5.9,3,0.11,30,30,14,27,25.5,27,27,1,100,0,0,0,0,1,0.68,50,0,1,1,1,0.111,158.3,1,7.7,0,0,1,100,1,100,0,0,0,0,0,0,0,0,10,13.77,2.702,22.2,33.3,44.4,0,9.7,7.1,9.7,7.06,2.64,1.08,0.78,7.1
2025,232,Davante Adams,LA,WR,1,13,CAR,21.428571428571427,25,76.5,6,54.5,4,36.4,4.33,0.67,14,56,58.9,26,34.7,6.5,8.67,3,75,-1,-0.33,0,0,2,1.95,100,2,2,2,3,0.5,131.3,2,25,0,0,3,75,0,0,0,0,0,0,0,0,0,0,57.1,-3.12,1.217,83.3,16.7,0,0,17.6,17.6,17.6,17.6,0,2.93,2.93,17.6
2025,233,Tyler Lockett,LV,WR,1,14,DEN,25,12.5,60.4,10,76.9,1,7.7,2.6,0.1,25,25,17.1,26,25.2,26,26,1,100,1,1,0,0,0,0.02,0,0,0,0,1,0.1,118.8,0,0,0,0,1,100,1,100,0,0,0,0,0,0,0,0,10,14.51,1.906,20,80,0,0,3.6,3.7,3.6,3.71,-0.11,0.36,0.37,3.7
2025,234,Juwan Johnson,NO,TE,1,16,NYJ,22.807017543859647,28.57142857142857,65.4,13,59.1,2,9.1,2,0.15,7.5,15,6.4,26,18.1,13,13,2,100,11,5.5,5,2.5,0,0.01,0,0,0,0,2,0.154,118.8,2,9.1,0,0,2,100,0,0,0,0,0,0,0,0,1,0.5,13.3,5.88,0.614,53.8,23.1,23.1,0,4.6,4,4.6,4,0.6,0.35,0.31,4
2025,235,Colby Parkinson,LA,TE,1,15,DET,15.384615384615385,33.33333333333333,85.5,8,53.3,1,6.7,3.25,0.13,23,23,8.9,26,12.3,26,26,1,100,3,3,2,2,1,0.58,100,0,0,0,1,0.125,158.3,1,7.1,0,0,1,100,1,100,0,0,1,1,100,0,0,0,7.7,14.3,2.357,12.5,25,62.5,0,9.6,5.1,9.6,5.14,4.46,1.2,0.64,5.1
2025,236,Jerry Jeudy,CLV,WR,1,13,SF,13.636363636363635,12,86.7,6,100,3,50,4.33,0.5,8,24,34.3,26,100,8.67,8.67,3,100,2,0.67,0,0,0,0.01,0,0,0,0,1,0.167,102.8,3,75,0,0,3,100,0,0,0,0,0,0,0,0,0,0,50,1.22,0.703,66.7,33.3,0,0,5.6,5.9,5.6,5.92,-0.32,0.93,0.99,5.9
2025,237,Jaylen Waddle,MIA,WR,1,13,NO,25,25,91.5,8,100,5,62.5,3.25,0.63,17,85,55.2,26,43.3,5.2,13,2,40,6,3,6,3,0,0.05,0,0,0,0,2,0.25,17.5,4,66.7,0,0,2,40,1,50,0,0,0,0,0,0,1,0.5,62.5,-5.02,-0.656,87.5,12.5,0,0,4.6,4.9,4.6,4.9,-0.3,0.57,0.61,4.9
2025,238,Jaylen Waddle,MIA,WR,1,15,PIT,21.875,20,83.3,7,87.5,4,50,3.71,0.57,11.25,45,57.7,26,61.9,6.5,13,2,50,4,2,1,0.5,0,0.01,0,0,0,0,2,0.286,31.3,2,50,0,0,2,50,1,0,0,0,0,0,0,0,0,0,57.1,-1.78,-0.812,85.7,14.3,0,0,4.6,4.3,4.6,4.32,0.28,0.66,0.62,4.3
2025,239,Michael Wilson,ARZ,WR,1,13,TB,16.901408450704224,12,93.4,12,100,6,50,2.17,0.5,13.33,80,54.4,26,36.6,4.33,13,2,33.3,8,4,2,1,0,0.01,0,2,1,0,2,0.167,8.3,6,50,0,0,3,50,1,0,0,0,2,1,50,0,0,0,50,-4.34,-1.505,83.3,16.7,0,0,4.6,4,4.6,3.96,0.64,0.38,0.33,4
2025,240,Parker Washington,JAX,WR,1,13,TEN,14.000000000000002,15.384615384615385,36.8,7,50,2,14.3,3.71,0.29,15.5,31,15.9,26,17.6,13,26,1,50,3,3,2,2,0,0.02,0,0,0,0,1,0.143,95.8,2,15.4,0,0,2,100,1,100,0,0,1,0,0,0,0,0,28.6,4.14,0.917,42.9,57.1,0,0,3.6,4.6,3.6,4.65,-1.05,0.51,0.66,4.6
2025,241,Marvin Mims,DEN,WR,1,16,JAX,16.666666666666664,16.666666666666664,32.3,4,26.7,1,6.7,6.5,0.25,15,15,7.7,26,22,26,26,1,100,11,11,3,3,0,0,0,0,0,0,1,0.25,118.8,1,10,0,0,1,100,0,100,0,0,0,0,0,0,0,0,25,15.59,1.188,50,50,0,0,3.6,2.8,3.6,2.75,0.85,0.9,0.69,2.8
2025,242,Jordan Addison,MIN,WR,1,16,NYG,14.583333333333334,13.043478260869565,67.2,7,70,3,30,3.71,0.43,17.33,52,49.1,26,28.9,8.67,13,2,66.7,1,0.5,0,0,0,0.15,0,0,1,0,1,0.143,93.8,2,22.2,0,0,3,100,1,50,1,33.3,0,0,0,0,0,0,33.3,-1.6,0.042,85.7,14.3,0,0,4.6,8,4.6,8.01,-3.41,0.66,1.14,8
2025,243,Tahj Washington,MIA,WR,1,18,NE,90,100,37,9,60,3,20,2.89,0.33,22,66,35.9,26,34.7,8.67,13,2,66.7,3,1.5,2,1,0,0.01,0,1,0,0,1,0.111,93.8,3,23.1,0,0,2,66.7,1,0,0,0,0,0,0,0,0,0,33.3,-2.33,0.282,77.8,22.2,0,0,4.6,4.6,4.6,4.6,0,0.51,0.51,4.6
2025,244,Jayden Higgins,HST,WR,1,14,KC,13.043478260869565,16.666666666666664,56.9,6,50,3,25,4.33,0.5,15.67,47,26.7,26,16.3,8.67,13,2,66.7,5,2.5,1,0.5,0,0,0,0,0,0,1,0.167,93.8,2,25,0,0,2,66.7,1,0,0,0,0,0,0,0,0,0,42.9,-1.58,0.733,83.3,16.7,0,0,4.6,4.3,4.6,4.31,0.29,0.77,0.72,4.3
2025,245,Pat Bryant,DEN,WR,1,13,WAS,17.857142857142858,22.22222222222222,69.6,5,45.5,2,18.2,5.2,0.4,3.5,7,12.1,26,31,13,13,2,100,19,9.5,5,2.5,0,0.03,0,0,0,0,1,0.2,118.8,2,33.3,0,0,2,100,0,50,0,0,1,1,100,0,0,0,33.3,7.25,1.315,40,60,0,0,4.6,3,4.6,2.99,1.61,0.92,0.6,3
2025,246,Luther Burden,CHI,WR,1,13,PHI,23.25581395348837,19.047619047619047,49.4,10,62.5,4,25,2.6,0.4,5,20,17.4,26,35.1,6.5,8.67,3,75,19,6.33,17,5.67,0,0.01,0,0,0,0,1,0.1,91.7,3,30,1,25,4,100,0,0,1,25,1,1,100,0,1,0.33,40,-0.18,0.042,40,60,0,0,5.6,7.1,5.6,7.15,-1.55,0.56,0.71,7.1
2025,247,DeAndre Hopkins,BLT,WR,1,13,CIN,36.84210526315789,30,40.4,7,58.3,3,25,3.57,0.43,9.67,29,13.7,25,39.1,8.33,12.5,2,66.7,4,2,0,0,0,0.02,0,0,0,0,1,0.143,92.4,3,33.3,0,0,2,66.7,0,0,0,0,0,0,0,0,0,0,42.9,0.2,0.292,57.1,42.9,0,0,4.5,3.8,4.5,3.82,0.68,0.64,0.55,3.8
2025,248,Demarcus Robinson,SF,WR,1,17,CHI,14.285714285714285,16.666666666666664,33.8,3,27.3,1,9.1,8.33,0.33,23,23,15.6,25,16.4,25,25,1,100,2,2,0,0,0,0.04,0,0,0,0,1,0.333,118.8,0,0,0,0,1,100,1,100,0,0,1,1,100,0,0,0,33.3,14.78,2.637,33.3,66.7,0,0,3.5,1.5,3.5,1.49,2.01,1.17,0.5,1.5
2025,249,Jakobi Meyers,JAX,WR,1,14,IND,14.473684210526317,13.333333333333334,82.5,11,91.7,4,33.3,2.27,0.36,14.5,58,27.1,25,21.6,6.25,12.5,2,50,1,0.5,1,0.5,1,1,50,1,1,1,2,0.182,109.4,3,33.3,0,0,3,75,0,0,1,25,1,1,100,0,0,0,36.4,-3.33,0.341,63.6,36.4,0,0,10.5,12.4,10.5,12.45,-1.95,0.95,1.13,12.4
2025,250,Jauan Jennings,SF,WR,1,13,CLV,13.953488372093023,26.666666666666668,81.3,6,85.7,4,57.1,4.17,0.67,14.5,58,58.6,25,65.8,6.25,12.5,2,50,2,1,1,0.5,0,0.02,0,0,0,0,2,0.333,69.8,4,66.7,0,0,3,75,1,0,0,0,1,0,0,0,0,0,66.7,-2.81,0.423,66.7,33.3,0,0,4.5,5,4.5,5.05,-0.55,0.75,0.84,5
2025,251,Christian Watson,GB,WR,1,14,CHI,19.444444444444446,10.526315789473683,84.6,7,87.5,2,25,3.57,0.29,7,14,10.3,25,80.6,12.5,12.5,2,100,11,5.5,1,0.5,0,0,0,0,0,0,1,0.143,118.8,1,25,0,0,2,100,0,0,0,0,0,0,0,0,0,0,28.6,5.59,0.892,57.1,42.9,0,0,4.5,3.9,4.5,3.88,0.62,0.64,0.55,3.9
2025,252,Shedrick Jackson,LV,WR,1,14,DEN,16.666666666666664,33.33333333333333,4.2,1,7.7,1,7.7,25,1,27,27,18.5,25,24.3,25,25,1,100,0,0,0,0,1,0.51,100,0,1,1,1,1,158.3,1,11.1,0,0,1,100,1,100,0,0,0,0,0,0,0,0,100,13.09,3.363,100,0,0,0,9.5,5.7,9.5,5.74,3.76,9.5,5.74,5.7
2025,253,Jonathan Mingo,DAL,WR,1,15,MIN,13.333333333333334,25,10.1,2,11.8,1,5.9,12.5,0.5,21,21,11.6,25,11.7,25,25,1,100,4,4,0,0,0,0.01,0,0,0,0,1,0.5,118.8,0,0,0,0,1,100,1,100,0,0,0,0,0,0,0,0,50,13.76,1.166,100,0,0,0,3.5,3.5,3.5,3.47,0.03,1.75,1.74,3.5
2025,254,Isaiah Williams,NYJ,WR,1,18,BUF,9.433962264150944,30,52.2,5,62.5,3,37.5,5,0.6,6.67,20,62.5,25,56.8,8.33,8.33,3,100,5,1.67,2,0.67,0,0.01,0,0,0,0,2,0.4,101.4,3,37.5,0,0,3,100,0,0,0,0,0,0,0,0,0,0,60,1.28,0.94,80,20,0,0,5.5,4.8,5.5,4.83,0.67,1.1,0.97,4.8
2025,255,Troy Franklin,DEN,WR,1,15,GB,18.421052631578945,15.384615384615385,49.2,7,43.8,2,12.5,3.57,0.29,12.5,25,12.9,25,15.6,12.5,12.5,2,100,0,0,0,0,0,0.01,0,0,0,0,1,0.143,118.8,1,9.1,0,0,2,100,0,0,0,0,1,1,100,0,0,0,28.6,3.55,0.935,71.4,28.6,0,0,4.5,3.8,4.5,3.84,0.66,0.64,0.55,3.8
2025,256,Taysom Hill,NO,TE,1,16,NYJ,44.44444444444444,75,42.3,8,36.4,3,13.6,3,0.38,1.33,4,1.7,24,16.7,8,12,2,66.7,32,16,10,5,0,0.04,0,0,0,0,1,0.125,91,3,13.6,2,66.7,2,66.7,0,0,0,0,0,0,0,0,0,0,37.5,0.89,0.336,37.5,50,0,12.5,4.4,3.3,4.4,3.33,1.07,0.55,0.42,3.3
2025,257,Darnell Mooney,ATL,WR,1,16,ARZ,20,10,69.9,12,85.7,2,14.3,2,0.17,7,14,9.6,24,35.3,12,12,2,100,10,5,5,2.5,0,0.01,0,0,0,0,1,0.083,116.7,2,18.2,1,50,2,100,0,0,0,0,0,0,0,0,1,0.5,16.7,4.2,0.843,66.7,33.3,0,0,4.4,4.5,4.4,4.55,-0.15,0.37,0.38,4.5
2025,258,Devin Duvernay,CHI,WR,1,14,GB,33.33333333333333,50,1.5,1,7.7,1,7.7,24,1,26,26,19.5,24,28.6,24,24,1,100,-2,-2,-1,-1,0,0.01,0,0,0,0,1,1,118.8,0,0,0,0,1,100,1,100,0,0,1,1,100,0,0,0,100,10.99,1.992,100,0,0,0,3.4,2,3.4,2.02,1.38,3.4,2.02,2
2025,259,Amon-Ra St. Brown,DET,WR,1,17,MIN,15.942028985507244,26.08695652173913,82.8,11,84.6,6,46.2,2.18,0.55,7.17,43,37.4,24,19.2,4,6,4,66.7,10,2.5,3,0.75,0,0.01,0,0,0,0,2,0.182,34.7,5,45.5,1,16.7,4,66.7,0,0,0,0,0,0,0,0,0,0,50,-3.25,-0.795,81.8,18.2,0,0,6.4,7.2,6.4,7.23,-0.83,0.58,0.66,7.2
2025,260,Jalen Nailor,MIN,WR,1,15,DAL,16.216216216216218,33.33333333333333,50,6,66.7,2,22.2,4,0.33,14.5,29,19.9,24,24,12,12,2,100,0,0,0,0,2,1.61,100,2,2,2,2,0.333,156.3,2,22.2,0,0,2,100,1,100,0,0,1,1,100,0,0,0,33.3,2.94,1.725,33.3,66.7,0,0,16.4,12.7,16.4,12.72,3.68,2.73,2.12,12.7
2025,261,Kayshon Boutte,NE,WR,1,18,MIA,13.043478260869565,30.76923076923077,58.9,6,75,4,50,4,0.67,18,72,57.1,24,18.8,6,12,2,50,4,2,1,0.5,0,0.01,0,0,0,0,2,0.333,68.8,4,50,0,0,3,75,1,0,0,0,1,0,0,0,0,0,66.7,-3.34,-0.127,100,0,0,0,4.4,5.8,4.4,5.8,-1.4,0.73,0.97,5.8
2025,262,Xavier Weaver,ARZ,WR,1,17,CIN,38.46153846153847,50,66.7,10,76.9,3,23.1,2.4,0.3,15.33,46,34.6,24,27.6,8,12,2,66.7,9,4.5,0,0,0,0.04,0,1,0,0,1,0.1,91,1,11.1,0,0,3,100,1,100,1,33.3,0,0,0,0,0,0,30,-1.18,0.978,80,20,0,0,4.4,7.6,4.4,7.62,-3.22,0.44,0.76,7.6
2025,263,Adonai Mitchell,NYJ,WR,1,14,MIA,16.923076923076923,16.216216216216218,89.5,11,78.6,6,42.9,2.18,0.55,14.17,85,64.9,24,35.8,4,24,1,16.7,2,2,0,0,0,0.3,0,2,1,0,1,0.091,4.2,4,33.3,0,0,4,66.7,2,100,1,16.7,4,1,25,1,0,0,42.9,-5.49,-1.378,90.9,9.1,0,0,3.4,6.7,3.4,6.66,-3.26,0.31,0.61,6.7
2025,264,KeAndre Lambert-Smith,LAC,WR,1,18,DEN,61.53846153846154,62.5,33.3,8,47.1,5,29.4,3,0.63,15.6,78,37.7,24,32.9,4.8,12,2,40,11,5.5,2,1,0,0.01,0,0,0,0,1,0.125,15.8,5,29.4,0,0,3,60,2,0,1,20,1,1,100,0,0,0,55.6,-4.22,-1.566,100,0,0,0,4.4,4.5,4.4,4.48,-0.08,0.55,0.56,4.5
2025,265,Mack Hollins,NE,WR,1,13,NYG,33.33333333333333,21.052631578947366,76.2,12,75,4,25,1.92,0.33,16,64,30.2,23,16.9,5.75,7.67,3,75,0,0,0,0,0,0.04,0,0,1,0,1,0.083,88.5,2,15.4,0,0,3,75,1,0,0,0,2,2,100,0,0,0,30.8,-3.44,0.098,66.7,33.3,0,0,5.3,4.5,5.3,4.5,0.8,0.44,0.37,4.5
2025,266,Jauan Jennings,SF,WR,1,18,SEA,11.627906976744185,13.333333333333334,88.1,5,100,2,40,4.6,0.4,9,18,50,23,54.8,11.5,11.5,2,100,5,2.5,1,0.5,0,0.15,0,0,0,0,1,0.2,114.6,1,25,0,0,2,100,0,0,0,0,0,0,0,0,0,0,40,3.57,0.08,60,40,0,0,4.3,5.2,4.3,5.19,-0.89,0.86,1.04,5.2
2025,267,Skyy Moore,SF,WR,1,16,IND,100,100,10.6,2,18.2,1,9.1,11.5,0.5,22,22,19.6,23,21.3,23,23,1,100,1,1,0,0,0,0.03,0,0,0,0,1,0.5,118.8,1,14.3,0,0,1,100,1,100,0,0,0,0,0,0,0,0,50,11.08,1.999,100,0,0,0,3.3,3.7,3.3,3.67,-0.37,1.65,1.83,3.7
2025,268,Jaxon Smith-Njigba,SEA,WR,1,13,MIN,9.090909090909092,5,80.6,6,100,2,33.3,3.83,0.33,-0.5,-1,-5,23,40.4,11.5,11.5,2,100,24,12,12,6,0,0.07,0,0,0,0,2,0.333,114.6,1,25,1,50,2,100,0,0,0,0,0,0,0,0,2,1,33.3,6.19,0.867,66.7,33.3,0,0,4.3,3.9,4.3,3.85,0.45,0.72,0.64,3.9
2025,269,Ronnie Bell,NO,WR,1,18,ATL,100,100,55.4,10,62.5,4,25,2.3,0.4,22.75,91,50,23,21.7,5.75,11.5,2,50,1,0.5,1,0.5,1,0.5,100,2,2,1,1,0.1,107.3,4,28.6,0,0,2,50,3,0,0,0,0,0,0,1,0,0,40,-5.12,0.297,80,20,0,0,10.3,6.1,10.3,6.13,4.17,1.03,0.61,6.1
2025,270,Cedric Tillman,CLV,WR,1,14,TEN,30.76923076923077,50,65.6,8,88.9,2,22.2,2.88,0.25,26.5,53,29.6,23,23.2,11.5,23,1,50,5,5,2,2,0,0.02,0,0,0,0,1,0.125,91.7,2,40,0,0,2,100,1,100,0,0,1,0,0,0,0,0,25,-0.8,1.006,37.5,62.5,0,0,3.3,5.3,3.3,5.32,-2.02,0.41,0.66,5.3
2025,271,Jayden Higgins,HST,WR,1,18,IND,23.91304347826087,22.22222222222222,81.3,11,78.6,4,28.6,2.09,0.36,8.5,34,33.3,23,23.2,5.75,11.5,2,50,7,3.5,1,0.5,1,0.95,100,1,1,1,2,0.182,107.3,2,20,0,0,4,100,0,0,1,25,2,0,0,0,0,0,36.4,-1.95,0.167,63.6,36.4,0,0,10.3,11.6,10.3,11.62,-1.32,0.94,1.06,11.6
2025,272,Keenan Allen,LAC,WR,1,14,PHI,16.27906976744186,15.789473684210526,56.3,7,70,3,30,3.14,0.43,6.67,20,17.2,22,100,7.33,7.33,3,100,2,0.67,0,0,0,0.01,0,0,0,0,1,0.143,97.2,3,37.5,0,0,3,100,0,0,0,0,0,0,0,0,0,0,42.9,0.59,0.456,42.9,57.1,0,0,5.2,5.7,5.2,5.68,-0.48,0.74,0.81,5.7
2025,273,Tyler Higbee,LA,TE,1,18,ARZ,100,100,63.9,7,58.3,1,8.3,3.14,0.14,20,20,13,22,23.2,22,22,1,100,2,2,0,0,1,0.94,50,0,0,0,1,0.143,158.3,1,11.1,0,0,1,100,1,100,0,0,0,0,0,0,0,0,14.3,10.24,2.76,14.3,28.6,57.1,0,9.2,8.6,9.2,8.58,0.62,1.31,1.23,8.6
2025,274,Marquise Brown,KC,WR,1,16,TEN,25,37.5,53.5,7,70,3,30,3.14,0.43,0.33,1,1.9,22,27.8,7.33,7.33,3,100,21,7,2,0.67,0,0.01,0,0,0,0,1,0.143,97.2,2,22.2,2,66.7,3,100,0,0,0,0,0,0,0,0,0,0,42.9,1.68,0.161,42.9,57.1,0,0,5.2,5.1,5.2,5.11,0.09,0.74,0.73,5.1
2025,275,Darnell Mooney,ATL,WR,1,17,LA,13.333333333333334,15,69.8,8,100,3,37.5,2.75,0.38,18.33,55,46.6,22,56.4,7.33,22,1,33.3,2,2,0,0,0,0.01,0,0,0,0,1,0.125,60.4,2,50,0,0,1,33.3,2,100,0,0,0,0,0,0,0,0,37.5,-3.23,-0.046,50,50,0,0,3.2,3.3,3.2,3.35,-0.15,0.4,0.42,3.3
2025,276,Kevin Austin,NO,WR,1,18,ATL,31.914893617021278,46.15384615384615,98.5,15,93.8,6,37.5,1.47,0.4,6.83,41,22.5,22,20.8,3.67,7.33,3,50,7,2.33,1,0.33,0,0,0,0,0,0,1,0.067,59,5,35.7,0,0,5,83.3,0,0,0,0,2,0,0,0,1,0.33,37.5,-3.36,-0.313,73.3,26.7,0,0,5.2,7.4,5.2,7.41,-2.21,0.35,0.49,7.4
2025,277,Cade Otton,TB,TE,1,18,CAR,13.953488372093023,66.66666666666666,95.5,6,85.7,2,28.6,3.67,0.33,7.5,15,27.3,22,27.8,11,22,1,50,12,12,3,3,0,0.27,0,1,0,0,1,0.167,89.6,0,0,0,0,2,100,0,100,0,0,1,0,0,0,0,0,28.6,3.88,0.119,33.3,16.7,50,0,3.2,5.2,3.2,5.22,-2.02,0.53,0.87,5.2
2025,278,Andrei Iosivas,CIN,WR,1,17,ARZ,18.461538461538463,50,70.3,12,70.6,3,17.6,1.83,0.25,15,45,24.6,22,12.4,7.33,11,2,66.7,4,2,1,0.5,0,0.02,0,0,0,0,2,0.167,88.2,2,13.3,0,0,2,66.7,1,0,0,0,2,1,50,0,0,0,25,-1.97,0.53,66.7,33.3,0,0,4.2,3.3,4.2,3.32,0.88,0.35,0.28,3.3
2025,279,Rashee Rice,KC,WR,1,13,DAL,36.666666666666664,40,90,11,100,6,54.5,2,0.55,6,36,30.3,22,25.3,3.67,7.33,3,50,11,3.67,3,1,0,0.26,0,3,1,0,2,0.182,59,6,66.7,1,16.7,5,83.3,0,0,1,16.7,1,0,0,0,1,0.33,54.5,-3.21,-0.41,81.8,18.2,0,0,5.2,9.5,5.2,9.54,-4.34,0.47,0.87,9.5
2025,280,Adonai Mitchell,NYJ,WR,1,17,NE,18.461538461538463,18.91891891891892,77.8,12,100,7,58.3,1.83,0.58,13.29,93,85.3,22,31.9,3.14,7.33,3,42.9,1,0.33,2,0.67,0,0,0,0,0,0,0,0,11.3,7,77.8,0,0,3,42.9,2,0,0,0,0,0,0,0,0,0,58.3,-5.97,-0.851,91.7,8.3,0,0,5.2,5.4,5.2,5.44,-0.24,0.43,0.45,5.4
2025,281,Brian Thomas,JAX,WR,1,17,IND,20.3125,27.27272727272727,77.9,13,92.9,6,42.9,1.69,0.46,15.33,92,52.6,22,31.4,3.67,7.33,3,50,4,1.33,5,1.67,0,0.02,0,0,0,0,1,0.077,59,5,45.5,0,0,5,83.3,2,0,0,0,2,0,0,0,1,0.33,46.2,-5.34,-0.124,76.9,23.1,0,0,5.2,9.1,5.2,9.1,-3.9,0.4,0.7,9.1
2025,282,Luther Burden,CHI,WR,1,18,DET,16.27906976744186,14.285714285714285,61.5,7,46.7,3,20,3.14,0.43,2.33,7,4.9,22,19.6,7.33,11,2,66.7,19,9.5,2,1,0,0.01,0,0,0,0,2,0.286,88.2,3,23.1,1,33.3,3,100,0,0,1,33.3,0,0,0,0,0,0,42.9,1.47,0.539,71.4,28.6,0,0,4.2,5.1,4.2,5.12,-0.92,0.6,0.73,5.1
2025,283,Cooper Kupp,SEA,WR,1,16,LA,20.833333333333336,18.181818181818183,92.1,10,83.3,2,16.7,2.1,0.2,18.5,37,28.9,21,25.9,10.5,21,1,50,0,0,0,0,0,0.01,0,0,0,0,1,0.1,87.5,1,10,0,0,1,50,1,100,0,0,0,0,0,1,0,0,18.2,-0.17,0.293,80,20,0,0,3.1,3,3.1,3.01,0.09,0.31,0.3,3
2025,284,Cody White,SEA,WR,1,13,MIN,40,100,22.6,2,33.3,1,16.7,10.5,0.5,8,8,40,21,36.8,21,21,1,100,13,13,13,13,0,0,0,0,0,0,1,0.5,118.8,1,25,0,0,1,100,0,100,0,0,0,0,0,0,1,1,50,13.49,2.87,100,0,0,0,3.1,2,3.1,2.01,1.09,1.55,1.01,2
2025,285,Gabe Davis,BUF,WR,1,14,CIN,12.5,16.666666666666664,60,3,50,2,33.3,7,0.67,10.5,21,33.3,21,39.6,10.5,10.5,2,100,0,0,0,0,0,0.03,0,1,0,0,1,0.333,110.4,1,25,0,0,2,100,0,0,0,0,0,0,0,0,0,0,66.7,1.64,1.901,100,0,0,0,4.1,4.5,4.1,4.54,-0.44,1.37,1.51,4.5
2025,286,Michael Pittman,IND,WR,1,15,SEA,16,14.285714285714285,93.1,8,100,3,37.5,2.63,0.38,4.33,13,16.7,21,43.8,7,10.5,2,66.7,17,8.5,6,3,0,0,0,0,0,0,1,0.125,86.8,3,37.5,1,33.3,2,66.7,0,0,0,0,1,0,0,0,0,0,37.5,0.34,0.387,50,50,0,0,4.1,3.3,4.1,3.27,0.83,0.51,0.41,3.3
2025,287,Drake London,ATL,WR,1,16,ARZ,40.74074074074074,70,69.9,11,78.6,7,50,1.91,0.64,14.14,99,67.8,21,30.9,3,10.5,2,28.6,4,2,1,0.5,0,0.1,0,0,0,0,2,0.182,0,6,54.5,0,0,5,71.4,1,0,0,0,4,1,25,0,0,0,53.8,-6.51,-0.242,72.7,27.3,0,0,4.1,8.4,4.1,8.43,-4.33,0.37,0.77,8.4
2025,288,Tyrell Shavers,BUF,WR,1,16,CLV,12.5,25,58,1,100,1,100,21,1,10,10,100,21,100,21,21,1,100,11,11,1,1,0,0.03,0,0,0,0,1,1,118.8,1,100,0,0,1,100,0,100,0,0,0,0,0,0,0,0,100,13.5,1.493,100,0,0,0,3.1,2.4,3.1,2.44,0.66,3.1,2.44,2.4
2025,289,Brenton Strange,JAX,TE,1,13,TEN,20.37037037037037,25,84.2,11,78.6,2,14.3,1.91,0.18,26.5,53,27.2,21,14.2,10.5,21,1,50,0,0,0,0,1,0.81,50,0,1,1,1,0.091,127.1,2,15.4,0,0,1,50,2,100,0,0,0,0,0,0,0,0,16.7,-1.43,0.897,27.3,18.2,54.5,0,9.1,7.5,9.1,7.5,1.6,0.83,0.68,7.5
2025,290,Isaiah Williams,NYJ,WR,1,15,JAX,22.641509433962266,20,60.3,12,63.2,2,10.5,1.75,0.17,7.5,15,9.7,21,19.3,10.5,10.5,2,100,6,3,1,0.5,0,0,0,0,0,0,1,0.083,110.4,2,13.3,1,50,2,100,0,50,0,0,1,1,100,0,0,0,14.3,2.58,0.948,41.7,58.3,0,0,4.1,3.8,4.1,3.77,0.33,0.34,0.31,3.8
2025,291,Troy Franklin,DEN,WR,1,13,WAS,15.789473684210526,23.076923076923077,52.2,6,54.5,3,27.3,3.5,0.5,6,18,31,21,25,7,10.5,2,66.7,0,0,0,0,0,0.02,0,0,0,0,1,0.167,86.8,2,33.3,1,33.3,3,100,0,0,1,33.3,1,1,100,0,0,0,50,-0.55,-0.031,66.7,33.3,0,0,4.1,5.6,4.1,5.63,-1.53,0.68,0.94,5.6
2025,292,Isaac TeSlaa,DET,WR,1,16,PIT,17.307692307692307,25,53.6,9,39.1,3,13,2.33,0.33,9.67,29,15.3,21,10.2,7,10.5,2,66.7,10,5,3,1.5,0,0.01,0,1,1,0,1,0.111,86.8,3,16.7,0,0,2,66.7,0,0,0,0,0,0,0,0,0,0,27.3,-1.07,0.247,55.6,33.3,11.1,0,4.1,3.6,4.1,3.6,0.5,0.46,0.4,3.6
2025,293,Keenan Allen,LAC,WR,1,13,LV,16.27906976744186,15.789473684210526,59.7,7,100,3,42.9,2.86,0.43,15,45,42.1,20,37,6.67,10,2,66.7,1,0.5,0,0,0,0.01,0,0,1,0,2,0.286,85.4,3,50,0,0,2,66.7,1,0,0,0,1,1,100,0,0,0,42.9,-2.66,0.98,71.4,28.6,0,0,4,3.2,4,3.21,0.79,0.57,0.46,3.2
2025,294,Dallas Goedert,PHI,TE,1,14,LAC,30.18867924528302,33.33333333333333,93.9,16,84.2,2,10.5,1.25,0.13,2.5,5,1.8,20,17.4,10,10,2,100,15,7.5,9,4.5,0,0.01,0,0,0,0,1,0.063,108.3,1,6.7,1,50,2,100,0,0,0,0,0,0,0,0,0,0,11.1,3.2,0.88,18.8,43.8,37.5,0,4,3.6,4,3.62,0.38,0.25,0.23,3.6
2025,295,Deebo Samuel,WAS,WR,1,16,PHI,13.725490196078432,22.22222222222222,80.4,7,87.5,2,25,2.86,0.29,11,22,24.4,20,25.3,10,20,1,50,10,10,9,9,0,0.02,0,0,0,0,1,0.143,85.4,2,28.6,0,0,2,100,0,100,0,0,2,1,50,0,2,2,28.6,1.73,0.883,42.9,57.1,0,0,3,2.3,3,2.34,0.66,0.43,0.33,2.3
2025,296,Darnell Mooney,ATL,WR,1,18,NO,15,30,82,9,100,6,66.7,2.22,0.67,12.83,77,84.6,20,76.9,3.33,6.67,3,50,-3,-1,-2,-0.67,0,0.09,0,2,0,0,1,0.111,57.6,4,57.1,0,0,4,66.7,1,0,0,0,2,0,0,0,0,0,66.7,-5.18,0.048,88.9,11.1,0,0,5,7.3,5,7.34,-2.34,0.56,0.82,7.3
2025,297,Van Jefferson,TEN,WR,1,13,JAX,32,33.33333333333333,72.7,8,66.7,4,33.3,2.5,0.5,8.5,34,40.5,20,40.8,5,6.67,3,75,2,0.67,0,0,0,0.01,0,0,0,0,0,0,85.4,4,33.3,0,0,3,75,0,0,0,0,0,0,0,0,0,0,40,-2.42,-0.115,100,0,0,0,5,5.6,5,5.55,-0.55,0.63,0.69,5.6
2025,298,Michael Bandy,DEN,WR,1,15,GB,50,100,3.1,1,6.3,1,6.3,20,1,7,7,3.6,20,12.5,20,20,1,100,13,13,0,0,1,0.01,50,1,0,0,1,1,158.3,0,0,0,0,1,100,0,100,0,0,0,0,0,0,0,0,100,12.94,3.193,100,0,0,0,9,1.8,9,1.8,7.2,9,1.8,1.8
2025,299,Romeo Doubs,GB,WR,1,13,DET,31.70731707317073,25,83.3,13,86.7,4,26.7,1.54,0.31,2.75,11,5.3,20,14.4,5,5,4,100,9,2.25,0,0,1,1.27,33.3,3,1,1,1,0.077,127.1,4,33.3,1,25,4,100,0,0,0,0,0,0,0,0,0,0,30.8,-0.95,0.947,92.3,7.7,0,0,12,13.7,12,13.68,-1.68,0.92,1.05,13.7
2025,300,Tre Tucker,LV,WR,1,13,LAC,10,14.285714285714285,95.7,6,75,3,37.5,3.33,0.5,4.67,14,29.2,20,46.5,6.67,6.67,3,100,6,2,0,0,0,0.06,0,1,0,0,1,0.167,94.4,3,37.5,0,0,3,100,0,0,0,0,0,0,0,0,0,0,42.9,0.05,0.259,100,0,0,0,5,5.6,5,5.59,-0.59,0.83,0.93,5.6
2025,301,Parker Washington,JAX,WR,1,17,IND,28.000000000000004,7.6923076923076925,80.9,14,100,1,7.1,1.43,0.07,20,20,11.4,20,28.6,20,20,1,100,0,0,0,0,0,0.01,0,0,0,0,1,0.071,118.8,1,9.1,0,0,1,100,1,100,0,0,1,1,100,0,0,0,7.1,9.13,1.263,28.6,64.3,0,7.1,3,2,3,2.04,0.96,0.21,0.15,2
2025,302,DeMario Douglas,NE,WR,1,18,MIA,20,25,23.2,4,50,1,12.5,5,0.25,-4,-4,-3.2,20,15.6,20,20,1,100,24,24,3,3,0,0.02,0,0,0,0,1,0.25,118.8,1,12.5,1,100,1,100,0,100,0,0,0,0,0,0,0,0,25,15.51,2.246,25,75,0,0,3,1.7,3,1.68,1.32,0.75,0.42,1.7
2025,303,Isaiah Williams,NYJ,WR,1,16,NO,18.867924528301888,20,76.2,10,83.3,2,16.7,2,0.2,-3.5,-7,-5.6,20,29.9,10,10,2,100,27,13.5,3,1.5,0,0,0,0,0,0,1,0.1,108.3,2,18.2,2,100,2,100,0,0,0,0,0,0,0,0,0,0,20,5.29,0.903,40,60,0,0,4,3,4,3.04,0.96,0.4,0.3,3
2025,304,Emeka Egbuka,TB,WR,1,17,MIA,23.404255319148938,22.727272727272727,55.6,11,50,5,22.7,1.82,0.45,11.8,59,23.7,20,9.3,4,6.67,3,60,14,4.67,8,2.67,0,0,0,0,0,0,0,0,29.2,5,31.3,1,20,3,60,2,0,0,0,1,0,0,0,0,0,41.7,-4.5,-0.938,72.7,27.3,0,0,5,5.1,5,5.08,-0.08,0.45,0.46,5.1
2025,305,Kyle Williams,NE,WR,1,17,NYJ,40,55.55555555555556,85.5,8,100,5,62.5,2.5,0.63,11.6,58,62.4,20,29.9,4,6.67,3,60,10,3.33,1,0.33,0,0.13,0,0,0,0,2,0.25,68.8,4,66.7,0,0,5,100,1,0,1,20,0,0,0,0,0,0,62.5,-4.64,0.14,100,0,0,0,5,13.5,5,13.45,-8.45,0.63,1.68,13.5
2025,306,Adam Thielen,PIT,WR,1,16,DET,11.11111111111111,40,42.9,4,26.7,2,13.3,4.75,0.5,5,10,4.5,19,16.5,9.5,9.5,2,100,9,4.5,3,1.5,0,0,0,0,0,0,1,0.25,106.3,2,14.3,1,50,2,100,0,0,0,0,0,0,0,0,0,0,50,2.73,0.759,75,25,0,0,3.9,3.7,3.9,3.72,0.18,0.97,0.93,3.7
2025,307,Mike Evans,TB,WR,1,16,CAR,21.951219512195124,28.57142857142857,63.9,9,75,6,50,2.11,0.67,6.83,41,53.9,19,41.3,3.17,4.75,4,66.7,3,0.75,2,0.5,1,0.69,100,2,2,1,1,0.111,110.4,3,37.5,0,0,4,66.7,0,0,0,0,1,1,100,0,0,0,60,-3.83,-0.024,100,0,0,0,11.9,9.9,11.9,9.89,2.01,1.32,1.1,9.9
2025,308,Noah Brown,WAS,WR,1,14,MIN,87.5,100,63.3,7,77.8,2,22.2,2.71,0.29,11.5,23,25,19,26.8,9.5,19,1,50,0,0,0,0,0,0,0,1,0,0,1,0.143,83.3,2,22.2,0,0,1,50,0,0,0,0,0,0,0,0,0,0,28.6,0.51,-0.121,85.7,14.3,0,0,2.9,3,2.9,3.04,-0.14,0.41,0.43,3
2025,309,Marquez Valdes-Scantling,PIT,WR,1,15,MIA,7.142857142857142,5.555555555555555,53.2,3,42.9,1,14.3,6.33,0.33,19,19,26,19,28.8,19,19,1,100,0,0,0,0,1,0.8,100,1,1,1,1,0.333,158.3,1,16.7,0,0,1,100,0,0,0,0,0,0,0,0,0,0,33.3,7.07,2.454,66.7,33.3,0,0,8.9,7.3,8.9,7.32,1.58,2.97,2.44,7.3
2025,310,Gunner Olszewski,NYG,WR,1,17,LV,9.090909090909092,100,15.9,1,11.1,1,11.1,19,1,3,3,5.7,19,41.3,19,19,1,100,16,16,3,3,0,0,0,0,0,0,1,1,118.8,0,0,0,0,1,100,0,0,0,0,0,0,0,0,0,0,100,13.55,1.836,100,0,0,0,2.9,1.8,2.9,1.79,1.11,2.9,1.79,1.8
2025,311,Justin Jefferson,MIN,WR,1,17,DET,8.47457627118644,10.344827586206897,98,5,100,3,60,3.8,0.6,8.67,26,51,19,100,6.33,9.5,2,66.7,4,2,2,1,0,0.03,0,1,1,0,1,0.2,84,3,60,0,0,2,66.7,0,0,0,0,0,0,0,0,0,0,60,-1.06,0.562,80,20,0,0,3.9,4.1,3.9,4.13,-0.23,0.78,0.83,4.1
2025,312,Van Jefferson,TEN,WR,1,17,NO,8,16.666666666666664,30.6,2,20,2,20,9.5,1,7.5,15,8.5,19,25,9.5,9.5,2,100,4,2,2,1,0,0.04,0,0,0,0,1,0.5,106.3,1,20,0,0,2,100,0,0,0,0,0,0,0,0,0,0,100,2.32,0.803,100,0,0,0,3.9,4.9,3.9,4.92,-1.02,1.95,2.46,4.9
2025,313,Tutu Atwell,LA,WR,1,18,ARZ,40,75,11.1,4,33.3,3,25,4.75,0.75,18.67,56,36.4,19,20,6.33,19,1,33.3,6,6,1,1,0,0.01,0,0,0,0,1,0.25,56.3,3,33.3,0,0,2,66.7,1,0,0,0,1,0,0,0,0,0,75,-4.86,-0.243,100,0,0,0,2.9,4,2.9,3.96,-1.06,0.72,0.99,4
2025,314,Kyle Pitts,ATL,TE,1,16,ARZ,18.96551724137931,42.857142857142854,86.3,11,78.6,3,21.4,1.73,0.27,11.67,35,24,19,27.9,6.33,9.5,2,66.7,3,1.5,2,1,0,0,0,0,0,0,2,0.182,84,2,18.2,0,0,2,66.7,0,0,0,0,1,1,100,0,0,0,21.4,-2.05,0.703,45.5,54.5,0,0,3.9,2.9,3.9,2.89,1.01,0.35,0.26,2.9
2025,315,Deven Thompkins,ATL,WR,1,13,NYJ,50,50,13.4,1,11.1,1,11.1,19,1,16,16,21.6,19,32.2,19,19,1,100,3,3,1,1,0,0,0,0,0,0,1,1,118.8,1,16.7,0,0,1,100,0,0,0,0,0,0,0,0,0,0,100,8.9,0.948,100,0,0,0,2.9,2.8,2.9,2.84,0.06,2.9,2.84,2.8
2025,316,Tyquan Thornton,KC,WR,1,14,HST,40,75,29.7,4,33.3,3,25,4.75,0.75,21,63,46,19,24.1,6.33,9.5,2,66.7,6,3,0,0,0,0.21,0,0,1,0,2,0.5,84,3,37.5,0,0,3,100,1,0,0,0,1,0,0,0,0,0,75,-3.39,0.356,100,0,0,0,3.9,7.2,3.9,7.18,-3.28,0.97,1.79,7.2
2025,317,Wan'Dale Robinson,NYG,WR,1,15,WAS,36.666666666666664,18.181818181818183,98.5,11,100,2,18.2,1.73,0.18,9,18,11.5,19,26.4,9.5,9.5,2,100,1,0.5,0,0,1,0.7,100,1,1,1,1,0.091,145.8,2,18.2,1,50,2,100,0,0,0,0,0,0,0,0,0,0,18.2,1.79,2.061,45.5,54.5,0,0,9.9,8,9.9,7.97,1.93,0.9,0.72,8
2025,318,Tre Tucker,LV,WR,1,17,NYG,20,14.285714285714285,100,12,100,3,25,1.58,0.25,1,3,2.7,19,32.2,6.33,6.33,3,100,16,5.33,9,3,0,0,0,0,0,0,0,0,93.1,2,25,0,0,3,100,0,0,0,0,1,1,100,1,1,0.33,25,1.24,0.028,83.3,16.7,0,0,4.9,4.3,4.9,4.34,0.56,0.41,0.36,4.3
2025,319,Jalen Brooks,ARZ,WR,1,15,HST,48,60,69.8,12,75,3,18.8,1.58,0.25,9.67,29,15.8,19,23.8,6.33,19,1,33.3,1,1,0,0,0,0,0,0,0,0,1,0.083,56.3,3,18.8,0,0,2,66.7,0,0,1,33.3,0,0,0,0,0,0,25,-1.74,0.199,83.3,16.7,0,0,2.9,4.6,2.9,4.6,-1.7,0.24,0.38,4.6
2025,320,Elijah Higgins,ARZ,TE,1,16,ATL,14.000000000000002,100,62.5,7,63.6,1,9.1,2.71,0.14,5,5,3,19,16.7,19,19,1,100,14,14,8,8,0,0,0,0,0,0,1,0.143,118.8,0,0,0,0,1,100,0,0,0,0,0,0,0,0,1,1,14.3,12.52,2.06,14.3,42.9,42.9,0,2.9,1.8,2.9,1.75,1.15,0.41,0.25,1.8
2025,321,Xavier Weaver,ARZ,WR,1,16,ATL,19.230769230769234,33.33333333333333,44.6,5,45.5,2,18.2,3.8,0.4,6,12,7.1,19,16.7,9.5,9.5,2,100,7,3.5,1,0.5,0,0.01,0,0,0,0,1,0.2,106.3,1,12.5,0,0,2,100,0,0,0,0,0,0,0,0,0,0,40,2.79,1.044,100,0,0,0,3.9,3.8,3.9,3.76,0.14,0.78,0.75,3.8
2025,322,Jordan Whittington,LA,WR,1,16,SEA,42.857142857142854,100,15.9,3,12,1,4,6.33,0.33,11,11,4,19,7.5,19,19,1,100,8,8,3,3,0,0.02,0,0,0,0,1,0.333,118.8,1,6.3,0,0,1,100,0,0,0,0,0,0,0,0,0,0,33.3,10.68,2.375,100,0,0,0,2.9,2.4,2.9,2.37,0.53,0.97,0.79,2.4
2025,323,Pat Bryant,DEN,WR,1,14,LV,46.42857142857143,33.33333333333333,47.2,13,72.2,3,16.7,1.46,0.23,3,9,6.2,19,19.6,6.33,6.33,3,100,10,3.33,9,3,0,0.05,0,1,0,0,2,0.154,93.1,2,14.3,0,0,3,100,0,0,0,0,2,2,100,0,0,0,23.1,0.59,0.419,46.2,53.8,0,0,4.9,4.1,4.9,4.08,0.82,0.38,0.31,4.1
2025,324,Tez Johnson,TB,WR,1,17,MIA,13.043478260869565,28.57142857142857,15.9,3,13.6,2,9.1,6.33,0.67,6.5,13,5.2,19,8.8,9.5,9.5,2,100,6,3,0,0,0,0,0,0,0,0,1,0.333,106.3,2,12.5,1,50,2,100,0,0,0,0,1,1,100,0,0,0,66.7,1.98,0.485,100,0,0,0,3.9,3.4,3.9,3.45,0.45,1.3,1.15,3.4
2025,325,Chris Godwin,TB,WR,1,16,CAR,15.254237288135593,20,63.9,9,75,3,25,2,0.33,11.33,34,44.7,18,39.1,6,9,2,66.7,2,1,-1,-0.5,0,0.11,0,1,0,0,2,0.222,82.6,3,37.5,0,0,2,66.7,0,0,0,0,1,1,100,0,0,0,25,-2.66,0.715,44.4,55.6,0,0,3.8,3.8,3.8,3.81,-0.01,0.42,0.42,3.8
2025,326,Tanner Hudson,CIN,TE,1,17,ARZ,30.76923076923077,100,25.7,4,23.5,1,5.9,4.5,0.25,4,4,2.2,18,10.1,18,18,1,100,14,14,7,7,0,0,0,0,0,0,1,0.25,118.8,1,6.7,0,0,1,100,0,0,0,0,0,0,0,0,0,0,25,11.93,2.497,25,50,0,25,2.8,1.8,2.8,1.82,0.98,0.7,0.46,1.8
2025,327,Mark Andrews,BLT,TE,1,16,NE,20,50,42.6,6,46.2,2,15.4,3,0.33,15.5,31,20.4,18,14.5,9,18,1,50,6,6,3,3,0,0,0,0,0,0,1,0.167,81.3,0,0,0,0,1,50,0,0,0,0,0,0,0,0,0,0,28.6,-0.63,0.143,33.3,66.7,0,0,2.8,2.4,2.8,2.4,0.4,0.47,0.4,2.4
2025,328,Dante Pettis,NO,WR,1,17,TEN,32,40,67.3,8,72.7,2,18.2,2.25,0.25,18.5,37,23.9,18,16.2,9,18,1,50,21,21,-1,-1,0,0,0,0,0,0,1,0.125,81.3,1,11.1,0,0,1,50,1,0,0,0,0,0,0,0,0,0,25,-0.97,0.655,75,25,0,0,2.8,1.6,2.8,1.62,1.18,0.35,0.2,1.6
2025,329,DK Metcalf,PIT,WR,1,13,BUF,20,13.636363636363635,86,8,100,3,37.5,2.25,0.38,3,9,12.7,18,75,6,9,2,66.7,13,6.5,1,0.5,0,0,0,0,0,0,1,0.125,82.6,3,42.9,0,0,2,66.7,0,0,0,0,0,0,0,0,0,0,37.5,-0.39,0.686,62.5,37.5,0,0,3.8,3.4,3.8,3.38,0.42,0.47,0.42,3.4
2025,330,Michael Pittman,IND,WR,1,16,SF,14.000000000000002,19.047619047619047,93.1,7,87.5,4,50,2.57,0.57,11.25,45,36,18,17.3,4.5,6,3,75,11,3.67,7,2.33,0,0,0,0,0,0,0,0,83.3,2,33.3,1,25,3,75,1,0,0,0,0,0,0,0,1,0.33,57.1,-2.91,-0.282,85.7,14.3,0,0,4.8,5,4.8,5.01,-0.21,0.69,0.72,5
2025,331,Rashod Bateman,BLT,WR,1,14,PIT,25,33.33333333333333,88.3,7,70,2,20,2.57,0.29,10.5,21,22.1,18,52.9,9,18,1,50,0,0,0,0,0,0.09,0,1,0,0,1,0.143,81.3,1,16.7,0,0,2,100,0,0,1,50,0,0,0,0,0,0,25,0.83,-0.199,85.7,14.3,0,0,2.8,5,2.8,5,-2.2,0.4,0.71,5
2025,332,Jake Tonges,SF,TE,1,17,CHI,85.71428571428571,100,69.1,6,54.5,1,9.1,3,0.17,13,13,8.8,18,11.8,18,18,1,100,5,5,3,3,0,0,0,0,0,0,1,0.167,118.8,1,12.5,0,0,1,100,0,0,0,0,0,0,0,0,0,0,12.5,8.04,2.379,16.7,0,83.3,0,2.8,2.3,2.8,2.33,0.47,0.47,0.39,2.3
2025,333,Jalen Tolbert,DAL,WR,1,17,WAS,61.53846153846154,100,63.2,8,42.1,5,26.3,2.25,0.63,13.6,68,25.7,18,14.6,3.6,9,2,40,2,1,0,0,0,0.2,0,1,1,0,2,0.25,50.4,3,21.4,0,0,4,80,1,0,0,0,2,1,50,0,0,0,55.6,-5.43,0.063,62.5,37.5,0,0,3.8,8.5,3.8,8.46,-4.66,0.47,1.06,8.5
2025,334,Xavier Smith,LA,WR,1,17,ATL,25,25,50.8,9,52.9,1,5.9,2,0.11,13,13,6.1,18,17,18,18,1,100,5,5,3,3,0,0,0,0,0,0,1,0.111,118.8,0,0,0,0,1,100,0,0,0,0,0,0,0,0,1,1,9.1,9.09,2.685,33.3,66.7,0,0,2.8,2.4,2.8,2.4,0.4,0.31,0.27,2.4
2025,335,DeMario Douglas,NE,WR,1,13,NYG,35,50,34.9,7,43.8,2,12.5,2.57,0.29,6.5,13,6.1,18,13.2,9,9,2,100,5,2.5,0,0,0,0.31,0,1,0,0,1,0.143,104.2,2,15.4,0,0,2,100,0,0,0,0,0,0,0,0,0,0,28.6,2.25,0.407,28.6,71.4,0,0,3.8,5.8,3.8,5.83,-2.03,0.54,0.83,5.8
2025,336,Dylan Drummond,ATL,WR,1,14,SEA,52.63157894736842,66.66666666666666,59.7,10,76.9,4,30.8,1.8,0.4,8,32,33,18,50,4.5,9,2,50,8,4,2,1,0,0.37,0,3,1,0,1,0.1,62.5,2,18.2,1,25,4,100,0,0,1,25,3,1,33.3,0,0,0,36.4,-3.21,-0.647,90,10,0,0,3.8,6.6,3.8,6.64,-2.84,0.38,0.66,6.6
2025,337,Marvin Mims,DEN,WR,1,15,GB,25,66.66666666666666,32.3,6,37.5,4,25,3,0.67,13,52,26.8,18,11.3,4.5,6,3,75,11,3.67,3,1,0,0.02,0,0,0,0,1,0.167,83.3,4,36.4,1,25,3,75,1,0,0,0,0,0,0,0,0,0,66.7,-3.73,0.011,66.7,0,0,33.3,4.8,5.3,4.8,5.29,-0.49,0.8,0.88,5.3
2025,338,Elic Ayomanor,TEN,WR,1,17,NO,19.148936170212767,17.391304347826086,80.6,9,90,4,40,2,0.44,11.75,47,26.6,18,23.7,4.5,9,2,50,-1,-0.5,0,0,0,0.01,0,1,1,0,2,0.222,62.5,2,40,0,0,2,50,0,0,0,0,1,1,100,0,0,0,44.4,-4.4,-0.168,88.9,11.1,0,0,3.8,3.2,3.8,3.19,0.61,0.42,0.35,3.2
2025,339,Matthew Golden,GB,WR,1,15,DEN,23.52941176470588,25,34.9,4,36.4,2,18.2,4.5,0.5,18,36,19.1,18,25.4,9,18,1,50,4,4,1,1,0,0.06,0,0,0,0,1,0.25,81.3,0,0,0,0,1,50,1,0,0,0,0,0,0,0,0,0,40,-1.87,-0.403,100,0,0,0,2.8,3.1,2.8,3.07,-0.27,0.7,0.77,3.1
2025,340,Isaac TeSlaa,DET,WR,1,18,CHI,15.384615384615385,8.333333333333332,61.1,8,57.1,1,7.1,2.25,0.13,14,14,14.6,18,9.1,18,18,1,100,4,4,0,0,0,0,0,0,0,0,1,0.125,118.8,0,0,0,0,1,100,0,0,0,0,0,0,0,0,0,0,12.5,8.19,1.123,75,25,0,0,2.8,2.5,2.8,2.53,0.27,0.35,0.32,2.5
2025,341,Hunter Henry,NE,TE,1,13,NYG,27.906976744186046,75,74.6,12,75,3,18.8,1.42,0.25,8,24,11.3,17,12.5,5.67,8.5,2,66.7,2,1,1,0.5,0,0.83,0,3,0,0,2,0.167,81.3,2,15.4,0,0,3,100,0,0,1,33.3,3,2,66.7,0,0,0,21.4,-1.76,0.773,25,50,25,0,3.7,9,3.7,8.95,-5.25,0.31,0.75,9
2025,342,Dalton Schultz,HST,TE,1,18,IND,13.793103448275861,25,53.1,8,57.1,1,7.1,2.13,0.13,5,5,4.9,17,17.2,17,17,1,100,12,12,5,5,0,0,0,0,0,0,1,0.125,118.8,0,0,0,0,1,100,0,0,0,0,0,0,0,0,1,1,9.1,10.52,1.062,37.5,12.5,50,0,2.7,1.7,2.7,1.75,0.95,0.34,0.22,1.7
2025,343,DJ Moore,CHI,WR,1,13,PHI,21.21212121212121,21.052631578947366,90.6,14,87.5,4,25,1.21,0.29,11.75,47,40.9,17,23,4.25,8.5,2,50,9,4.5,3,1.5,0,0.27,0,1,0,0,2,0.143,61.5,2,20,0,0,3,75,1,0,1,25,1,1,100,0,0,0,26.7,-4.67,0.45,78.6,21.4,0,0,3.7,8,3.7,8.03,-4.33,0.26,0.57,8
2025,344,Scott Miller,PIT,WR,1,17,CLV,52.63157894736842,66.66666666666666,63.1,10,83.3,4,33.3,1.7,0.4,9.75,39,39.8,17,63,4.25,8.5,2,50,8,4,1,0.5,0,0.01,0,0,1,0,1,0.1,61.5,4,40,1,25,3,75,1,0,0,0,0,0,0,0,0,0,40,-3.63,-0.837,90,10,0,0,3.7,5.6,3.7,5.57,-1.87,0.37,0.56,5.6
2025,345,David Sills,ATL,WR,1,17,LA,9.090909090909092,13.333333333333334,15.1,4,50,2,25,4.25,0.5,5.5,11,9.3,17,43.6,8.5,8.5,2,100,6,3,5,2.5,0,0.01,0,0,0,0,1,0.25,102.1,0,0,0,0,2,100,0,0,0,0,1,1,100,0,0,0,50,2.02,0.382,75,0,25,0,3.7,3.2,3.7,3.17,0.53,0.93,0.79,3.2
2025,346,Jerry Jeudy,CLV,WR,1,18,CIN,15.909090909090908,20,88.5,7,100,5,71.4,2.43,0.71,12.2,61,56.5,17,56.7,3.4,8.5,2,40,4,2,2,1,0,0.01,0,0,0,0,1,0.143,49.6,4,66.7,0,0,2,40,1,0,0,0,1,1,100,0,0,0,71.4,-5.43,-0.554,71.4,28.6,0,0,3.7,3.4,3.7,3.37,0.33,0.53,0.48,3.4
2025,347,John Metchie,NYJ,WR,1,17,NE,15.151515151515152,4.761904761904762,74.6,10,83.3,1,8.3,1.7,0.1,11,11,10.1,17,24.6,17,17,1,100,6,6,0,0,0,0,0,0,0,0,1,0.1,118.8,1,11.1,0,0,1,100,0,0,0,0,0,0,0,0,0,0,10,8.68,1.471,60,40,0,0,2.7,2.3,2.7,2.28,0.42,0.27,0.23,2.3
2025,348,Andrei Iosivas,CIN,WR,1,14,BUF,12.307692307692308,33.33333333333333,64.3,8,57.1,2,14.3,2.13,0.25,4.5,9,4.7,17,17,8.5,8.5,2,100,8,4,1,0.5,0,0.01,0,0,0,0,1,0.125,102.1,2,18.2,0,0,2,100,0,0,0,0,0,0,0,0,0,0,25,2.3,1.008,37.5,62.5,0,0,3.7,3.6,3.7,3.55,0.15,0.46,0.44,3.6
2025,349,Xavier Legette,CAR,WR,1,18,TB,23.333333333333332,25,32.7,7,43.8,2,12.5,2.43,0.29,9,18,10,17,9.4,8.5,8.5,2,100,-1,-0.5,0,0,0,0.02,0,0,0,0,1,0.143,102.1,1,9.1,0,0,2,100,0,0,0,0,0,0,0,0,0,0,28.6,0.86,0.885,71.4,28.6,0,0,3.7,4.1,3.7,4.08,-0.38,0.53,0.58,4.1
2025,350,Jayden Higgins,HST,WR,1,16,LV,23.91304347826087,11.11111111111111,57.4,11,73.3,2,13.3,1.55,0.18,11,22,11.1,17,19.1,8.5,17,1,50,5,5,4,4,0,0.02,0,0,0,0,1,0.091,79.2,2,15.4,0,0,1,50,0,0,0,0,0,0,0,0,0,0,18.2,0.23,0.448,45.5,54.5,0,0,2.7,2.6,2.7,2.6,0.1,0.25,0.24,2.6
2025,351,Elic Ayomanor,TEN,WR,1,15,SF,8.51063829787234,4.3478260869565215,83.7,4,50,1,12.5,4.25,0.25,15,15,15.8,17,24.3,17,17,1,100,2,2,1,1,0,0,0,0,0,0,1,0.25,118.8,1,12.5,0,0,1,100,0,0,0,0,0,0,0,0,0,0,14.3,6.59,1.184,75,25,0,0,2.7,2.7,2.7,2.74,-0.04,0.68,0.68,2.7
2025,352,Tez Johnson,TB,WR,1,18,CAR,4.3478260869565215,14.285714285714285,13.6,1,14.3,1,14.3,17,1,16,16,29.1,17,21.5,17,17,1,100,1,1,1,1,0,0.03,0,0,0,0,1,1,118.8,1,20,0,0,1,100,0,0,0,0,0,0,0,0,0,0,100,6.9,1.444,100,0,0,0,2.7,3.2,2.7,3.23,-0.53,2.7,3.23,3.2
2025,353,Jack Bech,LV,WR,1,15,PHI,18.181818181818183,21.428571428571427,81,6,100,3,50,2.83,0.5,11,33,50,17,100,5.67,8.5,2,66.7,3,1.5,2,1,0,0,0,0,0,0,0,0,81.3,3,50,0,0,3,100,0,0,0,0,2,1,50,0,0,0,50,-2.92,-0.17,100,0,0,0,3.7,4.3,3.7,4.3,-0.6,0.62,0.72,4.3
2025,354,Michael Pittman,IND,WR,1,17,JAX,20,14.285714285714285,85.5,10,90.9,3,27.3,1.6,0.3,9.33,28,22,16,45.7,5.33,8,2,66.7,5,2.5,4,2,0,0,0,1,1,0,1,0.1,79.9,3,30,0,0,2,66.7,0,0,0,0,1,0,0,0,0,0,27.3,-2.88,-0.227,60,40,0,0,3.6,3.8,3.6,3.75,-0.15,0.36,0.38,3.8
2025,355,Darnell Mooney,ATL,WR,1,13,NYJ,11.666666666666666,10,95.5,7,77.8,2,22.2,2.29,0.29,4,8,10.8,16,27.1,8,16,1,50,13,13,6,6,0,0,0,0,0,0,1,0.143,77.1,2,33.3,0,0,1,50,0,0,0,0,0,0,0,0,0,0,22.2,2.09,0.119,42.9,57.1,0,0,2.6,1.7,2.6,1.69,0.91,0.37,0.24,1.7
2025,356,Josh Palmer,BUF,WR,1,15,NE,26.31578947368421,40,31.3,5,71.4,2,28.6,3.2,0.4,14,28,18.8,16,57.1,8,16,1,50,-2,-2,0,0,0,0,0,0,0,0,1,0.2,77.1,2,28.6,0,0,1,50,0,0,0,0,0,0,0,0,0,0,40,-1.2,0.607,80,20,0,0,2.6,3,2.6,2.98,-0.38,0.52,0.6,3
2025,357,Alec Pierce,IND,WR,1,15,SEA,13.461538461538462,3.7037037037037033,100,7,87.5,1,12.5,2.29,0.14,15,15,19.2,16,33.3,16,16,1,100,1,1,0,0,0,0,0,0,0,0,1,0.143,118.8,1,12.5,0,0,1,100,0,0,0,0,1,1,100,0,0,0,12.5,5.59,1.726,100,0,0,0,2.6,1.4,2.6,1.42,1.18,0.37,0.2,1.4
2025,358,Kayshon Boutte,NE,WR,1,16,BLT,32.608695652173914,23.076923076923077,57.7,15,71.4,3,14.3,1.07,0.2,27,81,28.2,16,8.4,5.33,16,1,33.3,0,0,0,0,0,0.07,0,1,0,0,1,0.067,12.5,3,15,0,0,2,66.7,1,0,0,0,1,0,0,0,0,0,20,-6.4,-0.861,93.3,6.7,0,0,2.6,5.3,2.6,5.34,-2.74,0.17,0.36,5.3
2025,359,Tyrell Shavers,BUF,WR,1,14,CIN,25,25,60,2,33.3,1,16.7,8,0.5,15,15,23.8,16,30.2,16,16,1,100,1,1,0,0,0,0,0,0,0,0,1,0.5,118.8,0,0,0,0,1,100,0,0,0,0,1,1,100,1,0,0,50,5.59,0.962,50,50,0,0,2.6,1.4,2.6,1.42,1.18,1.3,0.71,1.4
2025,360,Mitchell Tinsley,CIN,WR,1,15,BLT,31.03448275862069,18.181818181818183,46.5,9,60,2,13.3,1.78,0.22,16,32,20,16,14.8,8,16,1,50,-1,-1,0,0,0,0.18,0,1,1,0,1,0.111,77.1,1,8.3,0,0,2,100,0,0,1,50,1,0,0,0,0,0,22.2,-3.04,0.089,77.8,22.2,0,0,2.6,4.3,2.6,4.33,-1.73,0.29,0.48,4.3
2025,361,Keon Coleman,BUF,WR,1,14,CIN,17.647058823529413,37.5,28.3,3,50,3,50,5.33,1,9,27,42.9,16,30.2,5.33,8,2,66.7,7,3.5,4,2,0,0.03,0,1,0,0,1,0.333,79.9,3,75,0,0,3,100,0,0,0,0,1,0,0,0,0,0,75,-2.43,0.416,100,0,0,0,3.6,5,3.6,4.95,-1.35,1.2,1.65,5
2025,362,KeAndre Lambert-Smith,LAC,WR,1,15,KC,15.384615384615385,12.5,33.9,2,22.2,1,11.1,8,0.5,25,25,29.8,16,21.9,16,16,1,100,0,0,0,0,1,0.7,100,1,1,1,1,0.5,158.3,1,11.1,0,0,1,100,1,0,0,0,1,1,100,0,0,0,50,4.51,4.153,100,0,0,0,8.6,5.6,8.6,5.59,3.01,4.3,2.79,5.6
2025,363,Chris Moore,WAS,WR,1,17,DAL,12.5,100,17.1,1,10,1,10,15,1,8,8,9,15,9.6,15,15,1,100,7,7,5,5,0,0,0,0,0,0,1,1,118.8,1,25,0,0,1,100,0,0,0,0,0,0,0,0,0,0,100,7.49,2.378,100,0,0,0,2.5,2,2.5,2.05,0.45,2.5,2.05,2
2025,364,Mike Gesicki,CIN,TE,1,17,ARZ,15.555555555555555,33.33333333333333,23,7,41.2,1,5.9,2.14,0.14,6,6,3.3,15,8.4,15,15,1,100,9,9,1,1,0,0,0,0,0,0,1,0.143,118.8,1,6.7,0,0,1,100,0,0,0,0,0,0,0,0,0,0,14.3,7.91,0.795,14.3,85.7,0,0,2.5,1.8,2.5,1.8,0.7,0.36,0.26,1.8
2025,365,Colby Parkinson,LA,TE,1,17,ATL,21.153846153846153,33.33333333333333,78.7,11,64.7,1,5.9,1.36,0.09,7,7,3.3,15,14.2,15,15,1,100,8,8,4,4,0,0,0,0,0,0,1,0.091,118.8,0,0,0,0,1,100,0,0,0,0,0,0,0,0,0,0,8.3,7.69,1.619,9.1,27.3,63.6,0,2.5,1.9,2.5,1.89,0.61,0.23,0.17,1.9
2025,366,Kevin Austin,NO,WR,1,16,NYJ,27.659574468085108,15.384615384615385,84.6,13,59.1,2,9.1,1.15,0.15,8.5,17,7.2,15,10.4,7.5,15,1,50,3,3,1,1,0,0.01,0,1,0,0,1,0.077,75,2,9.1,0,0,2,100,0,0,1,50,0,0,0,0,0,0,11.8,-0.2,0.067,46.2,53.8,0,0,2.5,4.1,2.5,4.06,-1.56,0.19,0.31,4.1
2025,367,John Metchie,NYJ,WR,1,13,ATL,25.757575757575758,28.57142857142857,96.8,17,100,6,35.3,0.88,0.35,4.5,27,13.8,15,12.6,2.5,5,3,50,11,3.67,3,1,0,0.2,0,1,0,0,0,0,56.3,5,33.3,1,16.7,6,100,0,0,2,33.3,1,0,0,0,0,0,35.3,-3.81,-0.444,52.9,47.1,0,0,4.5,10.7,4.5,10.74,-6.24,0.26,0.63,10.7
2025,368,John Metchie,NYJ,WR,1,15,JAX,16.666666666666664,14.285714285714285,73.5,11,57.9,3,15.8,1.36,0.27,2,6,3.9,15,13.8,5,5,3,100,9,3,3,1,0,0,0,0,0,0,1,0.091,87.5,3,20,1,33.3,3,100,0,0,0,0,1,1,100,0,0,0,23.1,-0.78,0.108,72.7,27.3,0,0,4.5,4.4,4.5,4.38,0.12,0.41,0.4,4.4
2025,369,Brenton Strange,JAX,TE,1,17,IND,12.962962962962962,12.5,80.9,7,50,1,7.1,2.14,0.14,3,3,1.7,15,21.4,15,15,1,100,12,12,4,4,0,0,0,0,0,0,1,0.143,118.8,1,9.1,0,0,1,100,0,0,0,0,0,0,0,0,0,0,11.1,8.68,1.92,14.3,28.6,57.1,0,2.5,1.7,2.5,1.69,0.81,0.36,0.24,1.7
2025,370,Ladd McConkey,LAC,WR,1,13,LV,15.909090909090908,33.33333333333333,76.1,7,100,1,14.3,2.14,0.14,15,15,14,15,27.8,15,15,1,100,0,0,0,0,0,0,0,0,0,0,0,0,118.8,0,0,0,0,1,100,0,0,0,0,0,0,0,0,0,0,14.3,4.59,-0.01,42.9,57.1,0,0,2.5,2.7,2.5,2.65,-0.15,0.36,0.38,2.7
2025,371,Emeka Egbuka,TB,WR,1,14,NO,25.53191489361702,31.818181818181817,87,12,85.7,7,50,1.25,0.58,19.14,134,76.6,15,27.8,2.14,7.5,2,28.6,4,2,2,1,0,0.4,0,0,1,0,0,0,39.6,6,60,0,0,3,42.9,3,0,1,14.3,0,0,0,0,0,0,58.3,-7.88,-0.13,66.7,33.3,0,0,3.5,8.3,3.5,8.26,-4.76,0.29,0.69,8.3
2025,372,Jimmy Horn,CAR,WR,1,18,TB,54.54545454545454,33.33333333333333,30.6,6,37.5,1,6.3,2.5,0.17,14,14,7.8,15,8.3,15,15,1,100,1,1,0,0,0,0,0,0,0,0,1,0.167,118.8,0,0,0,0,1,100,0,0,0,0,0,0,0,0,0,0,16.7,5.19,0.734,33.3,66.7,0,0,2.5,2.6,2.5,2.63,-0.13,0.42,0.44,2.6
2025,373,Mason Taylor,NYJ,TE,1,13,ATL,53.333333333333336,50,84.1,8,47.1,1,5.9,1.88,0.13,8,8,4.1,15,12.6,15,15,1,100,7,7,3,3,0,0,0,0,0,0,1,0.125,118.8,0,0,0,0,1,100,0,0,0,0,0,0,0,0,0,0,7.7,7.28,0.909,12.5,62.5,12.5,12.5,2.5,2,2.5,2.02,0.48,0.31,0.25,2
2025,374,Keenan Allen,LAC,WR,1,18,DEN,23.25581395348837,31.57894736842105,53.6,10,58.8,6,35.3,1.4,0.6,4,24,11.6,14,19.2,2.33,7,2,33.3,16,8,6,3,0,0.01,0,0,0,0,1,0.1,42.4,6,35.3,2,33.3,3,50,0,0,0,0,1,0,0,0,0,0,60,-4.26,-0.649,100,0,0,0,3.4,4.1,3.4,4.07,-0.67,0.34,0.41,4.1
2025,375,Demarcus Robinson,SF,WR,1,18,SEA,23.809523809523807,33.33333333333333,88.1,5,100,2,40,2.8,0.4,7,14,38.9,14,33.3,7,7,2,100,0,0,0,0,0,0,0,0,0,0,1,0.2,95.8,2,50,0,0,2,100,0,0,0,0,0,0,0,0,0,0,40,-0.02,0.337,80,20,0,0,3.4,4,3.4,4.05,-0.65,0.68,0.81,4
2025,376,Marquez Valdes-Scantling,PIT,WR,1,17,CLV,23.809523809523807,33.33333333333333,81.5,10,83.3,6,50,1.4,0.6,8.17,49,50,14,51.9,2.33,7,2,33.3,5,2.5,2,1,0,0.25,0,3,3,0,1,0.1,42.4,4,40,0,0,4,66.7,0,0,0,0,3,1,33.3,0,0,0,50,-4.98,-0.712,100,0,0,0,3.4,5.9,3.4,5.89,-2.49,0.34,0.59,5.9
2025,377,A.J. Brown,PHI,WR,1,15,LV,5,2.7027027027027026,71.2,3,60,1,20,4.67,0.33,7,7,8.2,14,11.8,14,14,1,100,7,7,2,2,0,0.03,0,0,0,0,1,0.333,118.8,1,20,0,0,1,100,0,0,0,0,0,0,0,0,0,0,33.3,6.94,2.301,100,0,0,0,2.4,2.1,2.4,2.12,0.28,0.8,0.71,2.1
2025,378,Juwan Johnson,NO,TE,1,18,ATL,26.31578947368421,14.285714285714285,73.8,15,93.8,1,6.3,0.93,0.07,14,14,7.7,14,13.2,14,14,1,100,0,0,0,0,0,0,0,0,0,0,1,0.067,118.8,0,0,0,0,1,100,0,0,0,0,0,0,0,0,0,0,6.3,3.72,4.075,13.3,73.3,13.3,0,2.4,2.6,2.4,2.59,-0.19,0.16,0.17,2.6
2025,379,Jerry Jeudy,CLV,WR,1,15,CHI,18.181818181818183,12,96.4,8,100,3,37.5,1.75,0.38,16.67,50,41,14,20.3,4.67,14,1,33.3,0,0,0,0,0,0.25,0,0,0,0,1,0.125,9.7,2,33.3,0,0,2,66.7,1,0,0,0,1,0,0,0,0,0,37.5,-5.59,-1.079,75,25,0,0,2.4,5.3,2.4,5.34,-2.94,0.3,0.67,5.3
2025,380,DeVonta Smith,PHI,WR,1,16,WAS,25.806451612903224,17.647058823529413,84.8,16,100,3,18.8,0.88,0.19,12.67,38,28.1,14,16.9,4.67,7,2,66.7,-2,-1,0,0,1,0.84,100,1,1,1,1,0.063,116.7,3,21.4,0,0,2,66.7,1,0,0,0,0,0,0,1,0,0,18.8,-4.2,0.947,31.3,68.8,0,0,9.4,8.6,9.4,8.62,0.78,0.59,0.54,8.6
2025,381,DeVonta Smith,PHI,WR,1,17,BUF,14.516129032258066,17.647058823529413,85.2,9,81.8,3,27.3,1.56,0.33,16.67,50,34,14,16.9,4.67,14,1,33.3,10,10,10,10,0,0.05,0,0,0,0,1,0.111,49.3,3,30,0,0,3,100,1,0,1,33.3,1,0,0,0,1,1,27.3,-5.3,-0.241,66.7,33.3,0,0,2.4,6.8,2.4,6.81,-4.41,0.27,0.76,6.8
2025,382,Wan'Dale Robinson,NYG,WR,1,13,NE,26.666666666666668,27.27272727272727,98.1,8,100,3,37.5,1.75,0.38,11.33,34,32.4,14,25.5,4.67,7,2,66.7,4,2,1,0.5,0,0,0,0,0,0,0,0,77.1,1,20,0,0,2,66.7,1,0,0,0,0,0,0,0,0,0,37.5,-3.42,-0.088,37.5,50,0,12.5,3.4,3.6,3.4,3.6,-0.2,0.42,0.45,3.6
2025,383,Mitchell Tinsley,CIN,WR,1,13,BLT,48.275862068965516,72.72727272727273,66.3,14,63.6,8,36.4,1,0.57,15.5,124,41.1,14,11.3,1.75,14,1,12.5,0,0,0,0,0,0.87,0,2,1,0,1,0.071,39.6,5,29.4,0,0,4,50,2,0,1,12.5,3,1,33.3,0,0,0,57.1,-7.73,-0.312,92.9,7.1,0,0,2.4,12.8,2.4,12.76,-10.36,0.17,0.91,12.8
2025,384,Marvin Harrison,ARZ,WR,1,16,ATL,40.909090909090914,37.5,50,9,81.8,3,27.3,1.56,0.33,29.67,89,53,14,12.3,4.67,14,1,33.3,1,1,1,1,0,0.17,0,0,2,0,1,0.111,49.3,3,37.5,0,0,2,66.7,2,0,1,33.3,0,0,0,0,0,0,33.3,-6.37,0.071,77.8,22.2,0,0,2.4,5,2.4,5.03,-2.63,0.27,0.56,5
2025,385,Colston Loveland,CHI,TE,1,16,GB,13.725490196078432,12.5,83.3,7,70,2,20,2,0.29,10.5,21,14.7,14,12,7,14,1,50,8,8,4,4,0,0,0,0,0,0,1,0.143,72.9,1,25,0,0,1,50,0,0,0,0,0,0,0,0,0,0,22.2,-1.87,-0.125,42.9,28.6,28.6,0,2.4,1.8,2.4,1.84,0.56,0.34,0.26,1.8
2025,386,Elic Ayomanor,TEN,WR,1,14,CLV,14.893617021276595,13.043478260869565,81.3,7,70,3,30,2,0.43,7.33,22,25,14,48.3,4.67,14,1,33.3,4,4,0,0,1,0.95,100,1,0,0,1,0.143,49.3,3,42.9,0,0,2,66.7,0,0,0,0,1,0,0,0,0,0,37.5,-2.35,-1.647,57.1,42.9,0,0,8.4,8.9,8.4,8.88,-0.48,1.2,1.27,8.9
2025,387,Brandin Cooks,BUF,WR,1,13,PIT,20,16.666666666666664,23,3,33.3,1,11.1,4.33,0.33,13,13,46.4,13,48.1,13,13,1,100,0,0,0,0,0,0,0,0,0,0,1,0.333,118.8,1,12.5,0,0,1,100,0,0,0,0,1,1,100,0,0,0,25,4.09,2.282,66.7,33.3,0,0,2.3,1.8,2.3,1.77,0.53,0.77,0.59,1.8
2025,388,Mike Evans,TB,WR,1,18,CAR,14.634146341463413,4.761904761904762,74.2,6,85.7,1,14.3,2.17,0.17,12,12,21.8,13,16.5,13,13,1,100,1,1,0,0,0,0,0,0,0,0,1,0.167,118.8,1,20,0,0,1,100,0,0,0,0,0,0,0,0,0,0,16.7,3.95,0.822,66.7,33.3,0,0,2.3,2.3,2.3,2.26,0.04,0.38,0.38,2.3
2025,389,Darren Waller,MIA,TE,1,14,NYJ,15.384615384615385,33.33333333333333,38.1,4,44.4,3,33.3,3.25,0.75,12.33,37,42,13,22.4,4.33,13,1,33.3,3,3,0,0,0,0.01,0,0,0,0,1,0.25,47.9,3,37.5,0,0,1,33.3,0,0,0,0,0,0,0,0,0,0,75,-5.01,-0.425,75,0,25,0,2.3,2.5,2.3,2.48,-0.18,0.57,0.62,2.5
2025,390,Hunter Henry,NE,TE,1,17,NYJ,9.30232558139535,25,66.1,4,50,1,12.5,3.25,0.25,9,9,9.7,13,19.4,13,13,1,100,4,4,0,0,1,0.9,50,1,0,0,1,0.25,158.3,1,16.7,0,0,1,100,0,0,0,0,0,0,0,0,0,0,20,5.74,2.594,25,50,25,0,8.3,7.5,8.3,7.51,0.79,2.08,1.88,7.5
2025,391,JuJu Smith-Schuster,KC,WR,1,18,LV,17.857142857142858,28.57142857142857,75.8,5,83.3,2,33.3,2.6,0.4,5,10,15.4,13,72.2,6.5,6.5,2,100,3,1.5,1,0.5,0,0,0,0,0,0,0,0,93.8,1,33.3,0,0,2,100,0,0,0,0,1,1,100,0,0,0,33.3,0.24,0.146,60,40,0,0,3.3,3,3.3,3,0.3,0.66,0.6,3
2025,392,Jakobi Meyers,JAX,WR,1,17,IND,18.421052631578945,16.666666666666664,94.1,14,100,5,35.7,0.93,0.36,9,45,25.7,13,18.6,2.6,4.33,3,60,-5,-1.67,-1,-0.33,0,0.02,0,1,1,0,0,0,64.6,3,27.3,0,0,3,60,1,0,0,0,1,1,100,1,0,0,35.7,-4.81,-1.351,71.4,28.6,0,0,3.3,4.9,3.3,4.94,-1.64,0.31,0.35,4.9
2025,393,Ben Skowronek,PIT,WR,1,14,BLT,100,100,15.7,2,14.3,1,7.1,6.5,0.5,13,13,6.3,13,7.2,13,13,1,100,0,0,0,0,0,0.01,0,0,0,0,1,0.5,118.8,0,0,0,0,1,100,0,0,0,0,0,0,0,0,0,0,50,4.09,1.37,50,50,0,0,2.3,2.5,2.3,2.48,-0.18,1.15,1.24,2.5
2025,394,Ja'Marr Chase,CIN,WR,1,14,BUF,15.730337078651685,6.666666666666667,100,14,100,3,21.4,0.93,0.21,7.67,23,12,13,13,4.33,13,1,33.3,2,2,1,1,0,0.01,0,0,0,0,1,0.071,8.3,3,27.3,1,33.3,1,33.3,0,0,0,0,0,0,0,0,0,0,21.4,-3.47,-3.661,78.6,21.4,0,0,2.3,2.5,2.3,2.49,-0.19,0.16,0.18,2.5
2025,395,Jahan Dotson,PHI,WR,1,16,WAS,21.311475409836063,25,65.2,13,81.3,3,18.8,1,0.23,5,15,11.1,13,15.7,4.33,4.33,3,100,-2,-0.67,-1,-0.33,0,0.02,0,0,0,0,1,0.077,84.7,2,14.3,0,0,3,100,0,0,0,0,1,1,100,0,0,0,23.1,-2.12,-0.089,69.2,30.8,0,0,4.3,4.8,4.3,4.76,-0.46,0.33,0.37,4.8
2025,396,Brenton Strange,JAX,TE,1,16,DEN,16.666666666666664,37.5,75,9,75,3,25,1.44,0.33,2,6,7.1,13,8.6,4.33,4.33,3,100,7,2.33,4,1.33,0,0.05,0,2,0,0,0,0,84.7,0,0,0,0,3,100,0,0,0,0,0,0,0,0,0,0,27.3,-1.82,-0.231,33.3,22.2,44.4,0,4.3,4.8,4.3,4.84,-0.54,0.48,0.54,4.8
2025,397,Michael Mayer,LV,TE,1,17,NYG,43.47826086956522,66.66666666666666,92.6,10,83.3,2,16.7,1.3,0.2,3.5,7,6.4,13,22,6.5,13,1,50,9,9,2,2,0,0,0,1,0,0,1,0.1,31.3,2,25,0,0,1,50,0,0,0,0,0,0,0,0,0,0,18.2,0.31,-2.866,20,30,50,0,2.3,1.7,2.3,1.69,0.61,0.23,0.17,1.7
2025,398,Ricky Pearsall,SF,WR,1,13,CLV,22.22222222222222,7.6923076923076925,87.5,6,85.7,1,14.3,2.17,0.17,11,11,11.1,13,34.2,13,13,1,100,2,2,0,0,0,0.01,0,0,0,0,1,0.167,118.8,1,16.7,0,0,1,100,0,0,0,0,0,0,0,0,0,0,16.7,4.68,0.755,100,0,0,0,2.3,2.3,2.3,2.28,0.02,0.38,0.38,2.3
2025,399,Colston Loveland,CHI,TE,1,13,PHI,13.725490196078432,18.75,58.8,7,43.8,3,18.8,1.86,0.43,9.33,28,24.3,13,17.6,4.33,13,1,33.3,2,2,1,1,0,0,0,0,0,0,1,0.143,47.9,2,20,0,0,2,66.7,0,0,0,0,1,1,100,0,0,0,33.3,-3.86,-0.009,42.9,28.6,28.6,0,2.3,3,2.3,3.03,-0.73,0.33,0.43,3
2025,400,Harold Fannin,CLV,TE,1,16,BUF,22.58064516129032,20,84.4,7,100,1,14.3,1.86,0.14,5,5,8.5,13,29.5,13,13,1,100,8,8,0,0,1,0.82,100,1,0,0,1,0.143,158.3,1,25,0,0,1,100,0,0,0,0,0,0,0,0,0,0,14.3,6.52,1.736,28.6,57.1,14.3,0,8.3,7,8.3,6.96,1.34,1.19,0.99,7
2025,401,Isaiah Bond,CLV,WR,1,18,CIN,26.923076923076923,40,53.8,7,100,2,28.6,1.86,0.29,23.5,47,43.5,13,43.3,6.5,13,1,50,0,0,0,0,0,0.01,0,0,0,0,1,0.143,70.8,2,33.3,0,0,1,50,1,0,0,0,1,1,100,0,0,0,28.6,-4.96,0.278,85.7,14.3,0,0,2.3,1.8,2.3,1.85,0.45,0.33,0.26,1.8
2025,402,Keenan Allen,LAC,WR,1,15,KC,16.27906976744186,15.789473684210526,41.9,7,77.8,3,33.3,1.71,0.43,4,12,14.3,12,16.4,4,6,2,66.7,4,2,7,3.5,0,0,0,0,0,0,1,0.143,74.3,3,33.3,0,0,3,100,0,0,1,33.3,0,0,0,0,1,0.5,42.9,-1.95,-0.063,85.7,14.3,0,0,3.2,5.1,3.2,5.11,-1.91,0.46,0.73,5.1
2025,403,JuJu Smith-Schuster,KC,WR,1,16,TEN,21.428571428571427,42.857142857142854,93,6,60,3,30,2,0.5,2.67,8,14.8,12,15.2,4,12,1,33.3,8,8,1,1,0,0.01,0,0,0,0,1,0.167,46.5,3,33.3,0,0,3,100,0,0,0,0,2,0,0,0,0,0,33.3,-1.57,-0.982,83.3,16.7,0,0,2.2,3.4,2.2,3.38,-1.18,0.37,0.56,3.4
2025,404,Jerry Jeudy,CLV,WR,1,16,BUF,15.909090909090908,16,71.9,7,100,4,57.1,1.71,0.57,10,40,67.8,12,27.3,3,4,3,75,2,0.67,4,1.33,0,0.01,0,0,0,0,0,0,77.1,3,75,0,0,3,75,1,0,0,0,0,0,0,0,0,0,57.1,-3.68,0.579,85.7,14.3,0,0,4.2,5.2,4.2,5.2,-1,0.6,0.74,5.2
2025,405,Josh Palmer,BUF,WR,1,17,PHI,21.052631578947366,20,49.3,4,50,1,12.5,3,0.25,10,10,9.3,12,17.6,12,12,1,100,2,2,2,2,0,0,0,0,0,0,1,0.25,116.7,1,14.3,0,0,1,100,0,0,0,0,1,1,100,0,0,0,25,4.5,1.413,100,0,0,0,2.2,1,2.2,0.98,1.22,0.55,0.25,1
2025,406,Khalil Shakir,BUF,WR,1,15,NE,29.411764705882355,20,67.2,5,71.4,1,14.3,2.4,0.2,4,4,2.7,12,42.9,12,12,1,100,8,8,4,4,0,0,0,0,0,0,1,0.2,116.7,1,14.3,0,0,1,100,0,0,0,0,0,0,0,0,0,0,20,5.95,0.79,40,60,0,0,2.2,1.7,2.2,1.7,0.5,0.44,0.34,1.7
2025,407,Jalen Nailor,MIN,WR,1,14,WAS,16.216216216216218,16.666666666666664,57.4,6,46.2,1,7.7,2,0.17,11,11,7.7,12,13.2,12,12,1,100,1,1,0,0,0,0,0,0,0,0,1,0.167,116.7,1,8.3,0,0,1,100,0,0,0,0,0,0,0,0,0,0,14.3,3.68,2.097,16.7,83.3,0,0,2.2,2.4,2.2,2.36,-0.16,0.37,0.39,2.4
2025,408,Stone Smartt,NYJ,TE,1,17,NE,20,100,25.4,3,25,1,8.3,4,0.33,4,4,3.7,12,17.4,12,12,1,100,8,8,6,6,0,0,0,0,0,0,1,0.333,116.7,1,11.1,0,0,1,100,0,0,0,0,0,0,0,0,0,0,20,5.93,2.595,33.3,66.7,0,0,2.2,1.6,2.2,1.63,0.57,0.73,0.54,1.6
2025,409,Jahan Dotson,PHI,WR,1,13,CHI,13.114754098360656,8.333333333333332,56.9,8,57.1,1,7.1,1.5,0.13,5,5,3.2,12,7.6,12,12,1,100,7,7,2,2,0,0,0,0,0,0,1,0.125,116.7,1,12.5,0,0,1,100,0,0,0,0,0,0,0,0,0,0,11.1,5.64,0.79,75,25,0,0,2.2,1.7,2.2,1.75,0.45,0.28,0.22,1.7
2025,410,Trey McBride,ARZ,TE,1,17,CIN,16.43835616438356,20,96.3,12,92.3,1,7.7,1,0.08,4,4,3,12,13.8,12,12,1,100,8,8,2,2,0,0,0,0,0,0,1,0.083,116.7,1,11.1,0,0,1,100,0,0,0,0,0,0,0,0,1,1,8.3,5.93,1.959,8.3,91.7,0,0,2.2,1.7,2.2,1.71,0.49,0.18,0.14,1.7
2025,411,Dontayvion Wicks,GB,WR,1,16,CHI,18.75,25,42.9,3,33.3,2,22.2,4,0.67,2,4,5.1,12,16.4,6,6,2,100,8,4,1,0.5,0,0.03,0,0,0,0,1,0.333,91.7,2,22.2,0,0,2,100,0,0,0,0,0,0,0,0,0,0,66.7,-0.04,0.665,100,0,0,0,3.2,3.5,3.2,3.47,-0.27,1.07,1.16,3.5
2025,412,Zay Flowers,BLT,WR,1,14,PIT,17.02127659574468,20.833333333333336,92.2,8,80,5,50,1.5,0.63,4.4,22,23.2,12,35.3,2.4,4,3,60,8,2.67,4,1.33,0,0.01,0,0,0,0,0,0,64.6,3,50,1,20,5,100,0,0,1,20,0,0,0,0,0,0,62.5,-4.38,-0.482,87.5,12.5,0,0,4.2,9.5,4.2,9.48,-5.28,0.53,1.19,9.5
2025,413,Xavier Legette,CAR,WR,1,16,TB,33.33333333333333,25,64.8,10,83.3,2,16.7,1.2,0.2,7.5,15,11.6,12,10,6,12,1,50,7,7,0,0,0,0.01,0,0,0,0,1,0.1,68.8,2,22.2,0,0,2,100,0,0,0,0,0,0,0,0,1,1,18.2,-0.93,0.309,50,50,0,0,2.2,3.9,2.2,3.91,-1.71,0.22,0.39,3.9
2025,414,Keon Coleman,BUF,WR,1,18,NYJ,47.05882352941176,25,80.6,8,72.7,2,18.2,1.5,0.25,9.5,19,19.4,12,22.6,6,12,1,50,0,0,0,0,0,0.37,0,2,1,0,1,0.125,68.8,1,11.1,0,0,1,50,0,0,0,0,1,1,100,0,0,0,25,-2.06,-0.339,50,37.5,12.5,0,2.2,3.6,2.2,3.56,-1.36,0.28,0.44,3.6
2025,415,Dont'e Thornton,LV,WR,1,17,NYG,52.94117647058824,57.14285714285714,77.8,9,75,4,33.3,1.33,0.44,12.5,50,45.5,12,20.3,3,6,2,50,2,1,2,1,0,0.05,0,1,0,0,1,0.111,56.3,3,37.5,0,0,3,75,1,0,0,0,1,0,0,0,0,0,44.4,-5.66,0.368,100,0,0,0,3.2,5.5,3.2,5.47,-2.27,0.36,0.61,5.5
2025,416,Matthew Golden,GB,WR,1,17,BLT,47.05882352941176,37.5,54.5,8,57.1,3,21.4,1.5,0.38,17.67,53,24.9,12,6.3,4,12,1,33.3,2,2,0,0,0,0,0,0,0,0,0,0,46.5,3,25,0,0,2,66.7,1,0,1,33.3,0,0,0,0,0,0,37.5,-4.53,-0.418,87.5,12.5,0,0,2.2,3.8,2.2,3.85,-1.65,0.28,0.48,3.8
2025,417,Zach Ertz,WAS,TE,1,14,MIN,33.33333333333333,50,69.4,7,77.8,1,11.1,1.57,0.14,5,5,5.4,11,15.5,11,11,1,100,6,6,2,2,0,0,0,0,0,0,1,0.143,112.5,1,11.1,0,0,1,100,0,0,0,0,0,0,0,0,0,0,12.5,4.52,2.963,28.6,57.1,14.3,0,2.1,1.8,2.1,1.76,0.34,0.3,0.25,1.8
2025,418,Travis Kelce,KC,TE,1,15,LAC,21.428571428571427,20,98.3,9,81.8,1,9.1,1.22,0.11,4,4,3.9,11,13.9,11,11,1,100,7,7,3,3,0,0,0,0,0,0,0,0,112.5,1,12.5,0,0,1,100,0,0,0,0,0,0,0,0,0,0,9.1,4.93,0.438,11.1,33.3,55.6,0,2.1,1.7,2.1,1.73,0.37,0.23,0.19,1.7
2025,419,Darren Waller,MIA,TE,1,16,CIN,26.923076923076923,11.11111111111111,48.3,7,53.8,1,7.7,1.57,0.14,10,10,6.4,11,9.6,11,11,1,100,1,1,0,0,0,0,0,0,0,0,1,0.143,112.5,1,8.3,0,0,1,100,0,0,0,0,0,0,0,0,0,0,14.3,3.23,1.119,14.3,42.9,42.9,0,2.1,2.2,2.1,2.16,-0.06,0.3,0.31,2.2
2025,420,George Kittle,SF,TE,1,16,IND,16.666666666666664,100,62.1,4,36.4,1,9.1,2.75,0.25,18,18,16.1,11,10.2,11,11,1,100,0,0,0,0,1,0.83,100,1,1,1,1,0.25,152.1,0,0,0,0,1,100,0,0,0,0,1,1,100,0,0,0,16.7,-1.97,2.018,50,25,25,0,8.1,6.5,8.1,6.46,1.64,2.02,1.61,6.5
2025,421,Kendrick Bourne,SF,WR,1,15,TEN,29.166666666666668,25,44.3,7,53.8,2,15.4,1.57,0.29,17,34,17.6,11,6.4,5.5,11,1,50,-2,-2,0,0,0,0.01,0,0,0,0,1,0.143,66.7,1,9.1,0,0,1,50,1,0,0,0,1,0,0,0,0,0,28.6,-4.58,-0.389,57.1,42.9,0,0,2.1,2.5,2.1,2.49,-0.39,0.3,0.36,2.5
2025,422,Dalton Schultz,HST,TE,1,15,ARZ,10.344827586206897,25,81,6,100,1,16.7,1.83,0.17,6,6,14.6,11,44,11,11,1,100,5,5,3,3,0,0.01,0,0,0,0,1,0.167,112.5,0,0,0,0,1,100,0,0,0,0,0,0,0,0,1,1,16.7,3.91,0.484,16.7,50,33.3,0,2.1,2,2.1,2.02,0.08,0.35,0.34,2
2025,423,Cedrick Wilson,MIA,WR,1,16,CIN,29.411764705882355,16.666666666666664,53.4,5,38.5,1,7.7,2.2,0.2,7,7,4.5,11,9.6,11,11,1,100,4,4,0,0,0,0,0,0,0,0,1,0.2,112.5,1,8.3,0,0,1,100,0,0,0,0,0,0,0,0,0,0,20,3.94,0.845,80,20,0,0,2.1,1.9,2.1,1.88,0.22,0.42,0.38,1.9
2025,424,Juwan Johnson,NO,TE,1,13,MIA,17.543859649122805,28.57142857142857,71,10,76.9,2,15.4,1.1,0.2,7,14,8.5,11,10.3,5.5,11,1,50,6,6,5,5,0,0,0,0,0,0,1,0.1,66.7,2,20,0,0,1,50,0,0,0,0,0,0,0,0,0,0,16.7,-1.37,0.054,30,40,30,0,2.1,1.8,2.1,1.81,0.29,0.21,0.18,1.8
2025,425,Van Jefferson,TEN,WR,1,14,CLV,28.000000000000004,25,71.9,7,70,3,30,1.57,0.43,9.67,29,33,11,37.9,3.67,11,1,33.3,8,8,5,5,0,0.02,0,0,0,0,0,0,45.1,2,28.6,0,0,2,66.7,1,0,1,33.3,1,0,0,0,0,0,42.9,-4.14,-0.481,85.7,14.3,0,0,2.1,3.8,2.1,3.79,-1.69,0.3,0.54,3.8
2025,426,Khalil Shakir,BUF,WR,1,17,PHI,29.411764705882355,40,76.7,5,62.5,2,25,2.2,0.4,4.5,9,8.3,11,16.2,5.5,5.5,2,100,2,1,1,0.5,0,0.17,0,1,0,0,0,0,89.6,1,14.3,0,0,2,100,0,0,0,0,0,0,0,0,0,0,33.3,-0.7,-0.137,40,60,0,0,3.1,4.1,3.1,4.11,-1.01,0.62,0.82,4.1
2025,427,Treylon Burks,WAS,WR,1,17,DAL,19.047619047619047,14.285714285714285,92.7,8,80,2,20,1.38,0.25,5.5,11,12.4,11,7,5.5,11,1,50,6,6,2,2,0,0,0,1,1,0,1,0.125,66.7,2,50,0,0,1,50,0,0,0,0,0,0,0,0,0,0,22.2,-1.16,-0.053,87.5,12.5,0,0,2.1,1.7,2.1,1.74,0.36,0.26,0.22,1.7
2025,428,Tre Tucker,LV,WR,1,14,DEN,20,19.047619047619047,93.8,12,92.3,4,30.8,0.92,0.33,15.5,62,42.5,11,10.7,2.75,11,1,25,4,4,3,3,0,0.01,0,0,0,0,1,0.083,39.6,3,33.3,0,0,3,75,1,0,2,50,0,0,0,0,0,0,33.3,-5.99,-0.591,66.7,33.3,0,0,2.1,6.7,2.1,6.75,-4.65,0.18,0.56,6.7
2025,429,Xavier Hutchinson,HST,WR,1,17,LAC,15.789473684210526,12.5,48.4,6,42.9,2,14.3,1.83,0.33,8.5,17,8.7,11,5.1,5.5,11,1,50,11,11,2,2,0,0.01,0,0,0,0,1,0.167,66.7,2,16.7,0,0,1,50,0,0,0,0,0,0,0,0,0,0,33.3,-3.35,0.053,83.3,16.7,0,0,2.1,1.6,2.1,1.62,0.48,0.35,0.27,1.6
2025,430,Shedrick Jackson,LV,WR,1,17,NYG,50,66.66666666666666,13,3,25,2,16.7,3.67,0.67,19,38,34.5,11,18.6,5.5,11,1,50,1,1,1,1,0,0,0,0,0,0,0,0,66.7,1,12.5,0,0,1,50,1,0,0,0,0,0,0,0,0,0,66.7,-3.79,-0.394,66.7,33.3,0,0,2.1,2.1,2.1,2.1,0,0.7,0.7,2.1
2025,431,Ryan Flournoy,DAL,WR,1,13,KC,16.666666666666664,5.555555555555555,36.9,8,40,1,5,1.38,0.13,7,7,3.5,11,5.7,11,11,1,100,4,4,1,1,0,0,0,0,0,0,1,0.125,112.5,1,7.1,0,0,1,100,0,0,0,0,0,0,0,0,0,0,12.5,3.94,0.644,87.5,12.5,0,0,2.1,1.9,2.1,1.91,0.19,0.26,0.24,1.9
2025,432,Jalen McMillan,TB,WR,1,18,CAR,13.333333333333334,9.090909090909092,54.5,4,57.1,1,14.3,2.75,0.25,7,7,12.7,11,13.9,11,11,1,100,4,4,2,2,0,0,0,0,0,0,1,0.25,112.5,1,20,0,0,1,100,0,0,0,0,0,0,0,0,0,0,25,3.94,1.776,100,0,0,0,2.1,1.9,2.1,1.9,0.2,0.53,0.48,1.9
2025,433,Troy Franklin,DEN,WR,1,14,LV,21.052631578947366,30.76923076923077,25,8,44.4,4,22.2,1.38,0.5,6.25,25,17.2,11,11.3,2.75,3.67,3,75,4,1.33,2,0.67,0,0.14,0,1,0,0,0,0,77.1,2,14.3,1,25,4,100,0,0,1,25,1,1,100,0,0,0,50,-4.45,-0.448,62.5,37.5,0,0,4.1,8,4.1,8.01,-3.91,0.51,1,8
2025,434,Brian Thomas,JAX,WR,1,13,TEN,17.1875,9.090909090909092,73.7,11,78.6,2,14.3,1,0.18,19,38,19.5,11,7.4,5.5,11,1,50,5,5,2,2,0,0,0,0,0,0,1,0.091,66.7,2,15.4,0,0,1,50,1,0,0,0,0,0,0,0,0,0,16.7,-2.96,0.304,63.6,36.4,0,0,2.1,1.7,2.1,1.67,0.43,0.19,0.15,1.7
2025,435,Malachi Corley,CLV,WR,1,16,BUF,12.5,100,43.8,1,14.3,1,14.3,11,1,11,11,18.6,11,25,11,11,1,100,0,0,0,0,0,0,0,0,0,0,1,1,112.5,0,0,0,0,1,100,0,0,0,0,0,0,0,0,0,0,100,2.68,0.404,100,0,0,0,2.1,2.3,2.1,2.25,-0.15,2.1,2.25,2.3
2025,436,Elic Ayomanor,TEN,WR,1,18,JAX,23.404255319148938,34.78260869565217,94.3,11,91.7,8,66.7,1,0.73,6.75,54,105.9,11,57.9,1.38,5.5,2,25,-4,-2,0,0,0,0.01,0,0,0,0,1,0.091,0,7,70,0,0,2,25,0,0,0,0,2,1,50,0,0,0,66.7,-5.69,-1.409,100,0,0,0,3.1,2.1,3.1,2.14,0.96,0.28,0.19,2.1
2025,437,Jahdae Walker,CHI,WR,1,18,DET,36.84210526315789,40,34.6,7,46.7,2,13.3,1.57,0.29,11,22,15.5,11,9.8,5.5,11,1,50,5,5,1,1,0,0.01,0,0,0,0,0,0,66.7,2,15.4,0,0,2,100,0,0,0,0,0,0,0,0,0,0,25,-3.02,0.01,71.4,28.6,0,0,2.1,4.6,2.1,4.61,-2.51,0.3,0.66,4.6
2025,438,Dont'e Thornton,LV,WR,1,13,LAC,17.647058823529413,28.57142857142857,30.4,3,37.5,2,25,3.67,0.67,9.5,19,39.6,11,25.6,5.5,11,1,50,12,12,11,11,0,0,0,0,0,0,1,0.333,27.1,2,25,1,50,1,50,1,0,0,0,0,0,0,0,0,0,66.7,-3.02,-0.987,100,0,0,0,2.1,1.7,2.1,1.69,0.41,0.7,0.56,1.7
2025,439,Gunnar Helm,TEN,TE,1,13,JAX,41.17647058823529,100,54.5,7,58.3,2,16.7,1.57,0.29,5,10,11.9,11,22.4,5.5,5.5,2,100,1,0.5,0,0,0,0,0,0,0,0,0,0,89.6,2,16.7,0,0,2,100,0,0,0,0,1,1,100,0,0,0,28.6,-1.08,-0.375,28.6,28.6,42.9,0,3.1,2.6,3.1,2.58,0.52,0.44,0.37,2.6
2025,440,Stefon Diggs,NE,WR,1,13,NYG,19.047619047619047,10,46,8,50,1,6.3,1.25,0.13,7,7,3.3,10,7.4,10,10,1,100,3,3,0,0,0,0.05,0,0,0,0,1,0.125,108.3,1,7.7,0,0,1,100,0,0,0,0,0,0,0,0,0,0,12.5,2.94,3.329,25,75,0,0,2,2.4,2,2.35,-0.35,0.25,0.29,2.4
2025,441,Jonnu Smith,PIT,TE,1,15,MIA,21.052631578947366,33.33333333333333,25.8,4,57.1,1,14.3,2.5,0.25,-2,-2,-2.7,10,15.2,10,10,1,100,12,12,6,6,0,0,0,0,0,0,1,0.25,108.3,1,16.7,1,100,1,100,0,0,0,0,0,0,0,0,1,1,25,5.15,0.691,75,25,0,0,2,1.6,2,1.57,0.43,0.5,0.39,1.6
2025,442,Olamide Zaccheaus,CHI,WR,1,13,PHI,12.903225806451612,11.11111111111111,28.2,4,25,1,6.3,2.5,0.25,-3,-3,-2.6,10,13.5,10,10,1,100,13,13,8,8,0,0.02,0,0,0,0,1,0.25,108.3,1,10,1,100,1,100,0,0,0,0,0,0,0,0,1,1,20,5.06,1.373,75,25,0,0,2,1.8,2,1.76,0.24,0.5,0.44,1.8
2025,443,Marquise Brown,KC,WR,1,13,DAL,14.285714285714285,12.5,43.3,4,36.4,1,9.1,2.5,0.25,7,7,5.9,10,11.5,10,10,1,100,3,3,1,1,0,0,0,0,0,0,1,0.25,108.3,1,11.1,0,0,1,100,0,0,0,0,0,0,0,0,0,0,20,2.94,0.815,25,75,0,0,2,1.9,2,1.92,0.08,0.5,0.48,1.9
2025,444,Justin Jefferson,MIN,WR,1,15,DAL,15.254237288135593,17.24137931034483,96.2,9,100,5,55.6,1.11,0.56,14,70,47.9,10,10,2,10,1,20,3,3,2,2,0,0.04,0,3,2,0,1,0.111,39.6,5,55.6,0,0,2,40,1,0,0,0,1,0,0,0,1,1,55.6,-7.42,-0.358,88.9,11.1,0,0,2,3.6,2,3.58,-1.58,0.22,0.4,3.6
2025,445,Trey McBride,ARZ,TE,1,16,ATL,12.32876712328767,20,96.4,9,81.8,1,9.1,1.11,0.11,7,7,4.2,10,8.8,10,10,1,100,3,3,1,1,0,0.02,0,0,0,0,1,0.111,108.3,1,12.5,0,0,1,100,0,0,0,0,0,0,0,0,0,0,10,2.69,0.736,11.1,66.7,22.2,0,2,2.1,2,2.13,-0.13,0.22,0.24,2.1
2025,446,Christian Watson,GB,WR,1,16,CHI,16.666666666666664,10.526315789473683,61.4,6,66.7,2,22.2,1.67,0.33,14.5,29,36.7,10,13.7,5,10,1,50,-2,-2,0,0,0,0.01,0,0,0,0,1,0.167,64.6,2,22.2,0,0,2,100,0,0,0,0,1,1,100,0,0,0,28.6,-5.36,0.364,100,0,0,0,2,4.3,2,4.28,-2.28,0.33,0.71,4.3
2025,447,Quentin Johnston,LAC,WR,1,13,LV,20,7.6923076923076925,67.2,6,85.7,1,14.3,1.67,0.17,10,10,9.3,10,18.5,10,10,1,100,0,0,0,0,0,0.02,0,0,0,0,1,0.167,108.3,1,16.7,0,0,1,100,0,0,0,0,0,0,0,0,0,0,16.7,2.5,2.529,66.7,33.3,0,0,2,2.3,2,2.33,-0.33,0.33,0.39,2.3
2025,448,Zay Flowers,BLT,WR,1,17,GB,10.638297872340425,8.333333333333332,68.9,5,100,2,40,2,0.4,9,18,39.1,10,43.5,5,10,1,50,2,2,0,0,1,1.07,100,2,1,0,1,0.2,104.2,1,25,0,0,2,100,0,0,0,0,1,0,0,0,0,0,40,-2.51,0.912,100,0,0,0,8,8.8,8,8.84,-0.84,1.6,1.77,8.8
2025,449,Isaiah Williams,NYJ,WR,1,17,NE,18.867924528301888,10,66.7,10,83.3,1,8.3,1,0.1,6,6,5.5,10,14.5,10,10,1,100,4,4,2,2,0,0,0,0,0,0,0,0,108.3,0,0,0,0,1,100,0,0,0,0,0,0,0,0,0,0,10,3.05,-1.512,40,60,0,0,2,1.8,2,1.79,0.21,0.2,0.18,1.8
2025,450,Jalen McMillan,TB,WR,1,16,CAR,13.333333333333334,18.181818181818183,55.7,4,33.3,2,16.7,2.5,0.5,2,4,5.3,10,21.7,5,10,1,50,10,10,3,3,0,0,0,0,0,0,1,0.25,64.6,1,12.5,1,50,2,100,0,0,1,50,0,0,0,0,0,0,50,-1.04,0.672,100,0,0,0,2,3.3,2,3.25,-1.25,0.5,0.81,3.3
2025,451,Malik Washington,MIA,WR,1,15,PIT,17.142857142857142,14.285714285714285,58.3,6,75,1,12.5,1.67,0.17,2,2,2.6,10,23.8,10,10,1,100,8,8,3,3,0,0,0,0,0,0,0,0,108.3,1,25,0,0,1,100,0,0,0,0,0,0,0,0,0,0,16.7,4.67,0.087,50,50,0,0,2,1.7,2,1.7,0.3,0.33,0.28,1.7
2025,452,Emeka Egbuka,TB,WR,1,13,ARZ,17.02127659574468,18.181818181818183,86,8,88.9,4,44.4,1.25,0.5,7,28,22.8,10,19.6,2.5,5,2,50,8,4,3,1.5,0,0.05,0,1,0,0,0,0,56.3,2,40,0,0,2,50,0,0,0,0,0,0,0,0,1,0.5,50,-4.79,-0.468,62.5,37.5,0,0,3,3.4,3,3.44,-0.44,0.38,0.43,3.4
2025,453,Tai Felton,MIN,WR,1,14,WAS,100,100,16.4,4,30.8,1,7.7,2.5,0.25,-2,-2,-1.4,10,11,10,10,1,100,12,12,3,3,0,0,0,0,0,0,1,0.25,108.3,1,8.3,0,0,1,100,0,0,0,0,0,0,0,0,0,0,25,4.5,0.618,100,0,0,0,2,1.6,2,1.59,0.41,0.5,0.4,1.6
2025,454,KeAndre Lambert-Smith,LAC,WR,1,16,DAL,15.384615384615385,12.5,22.6,2,16.7,1,8.3,5,0.5,4,4,2.6,10,6.4,10,10,1,100,6,6,3,3,0,0,0,0,0,0,1,0.5,108.3,1,10,0,0,1,100,0,0,0,0,0,0,0,0,1,1,50,3.95,1.784,50,50,0,0,2,1.7,2,1.7,0.3,1,0.85,1.7
2025,455,Quentin Skinner,NYJ,WR,1,18,BUF,100,100,32.6,4,50,1,12.5,2.5,0.25,4,4,12.5,10,22.7,10,10,1,100,6,6,1,1,0,0.01,0,0,0,0,1,0.25,108.3,1,12.5,0,0,1,100,0,0,0,0,0,0,0,0,0,0,25,3.95,1.259,50,50,0,0,2,1.6,2,1.62,0.38,0.5,0.4,1.6
2025,456,Konata Mumpfield,LA,WR,1,17,ATL,25,33.33333333333333,67.2,11,64.7,5,29.4,0.91,0.45,11.8,59,27.6,10,9.4,2,5,2,40,0,0,0,0,0,0.01,0,2,0,0,0,0,8.3,3,23.1,0,0,2,40,1,0,0,0,1,1,100,0,0,0,41.7,-6.14,-1.807,100,0,0,0,3,2.9,3,2.89,0.11,0.27,0.26,2.9
2025,457,Chimere Dike,TEN,WR,1,15,SF,13.333333333333334,33.33333333333333,75.5,6,75,3,37.5,1.67,0.5,-2.33,-7,-7.4,10,14.3,3.33,3.33,3,100,17,5.67,1,0.33,0,0.01,0,0,0,0,0,0,80.6,3,37.5,3,100,3,100,0,0,0,0,0,0,0,0,0,0,42.9,-1.98,-0.293,66.7,33.3,0,0,4,4.7,4,4.71,-0.71,0.67,0.78,4.7
2025,458,Brandin Cooks,BUF,WR,1,17,PHI,26.666666666666668,33.33333333333333,52.1,4,50,2,25,2.25,0.5,24.5,49,45.4,9,13.2,4.5,9,1,50,-1,-1,-1,-1,0,0,0,0,0,0,0,0,62.5,2,28.6,0,0,1,50,1,0,0,0,0,0,0,0,0,0,50,-6.7,-0.101,75,25,0,0,1.9,2.1,1.9,2.09,-0.19,0.47,0.52,2.1
2025,459,JuJu Smith-Schuster,KC,WR,1,17,DEN,21.428571428571427,14.285714285714285,83.3,6,66.7,1,11.1,1.5,0.17,7,7,12.3,9,20,9,9,1,100,2,2,0,0,0,0,0,0,0,0,0,0,104.2,0,0,0,0,1,100,0,0,0,0,0,0,0,0,0,0,12.5,1.94,0.66,83.3,16.7,0,0,1.9,1.9,1.9,1.95,-0.05,0.32,0.32,1.9
2025,460,Dalton Schultz,HST,TE,1,13,IND,18.96551724137931,25,74.6,11,73.3,1,6.7,0.82,0.09,9,9,4.2,9,4.9,9,9,1,100,0,0,0,0,0,0.01,0,0,0,0,1,0.091,104.2,0,0,0,0,1,100,0,0,0,0,0,0,0,0,0,0,7.7,1.74,1.691,9.1,54.5,36.4,0,1.9,2.2,1.9,2.23,-0.33,0.17,0.2,2.2
2025,461,Scott Miller,PIT,WR,1,18,BLT,21.052631578947366,33.33333333333333,21.9,4,22.2,2,11.1,2.25,0.5,1,2,1,9,8.6,4.5,4.5,2,100,7,3.5,0,0,0,0,0,0,0,0,0,0,85.4,1,6.3,1,50,2,100,0,0,0,0,1,1,100,0,0,0,50,-1.27,-0.125,100,0,0,0,2.9,2.7,2.9,2.69,0.21,0.72,0.67,2.7
2025,462,David Sills,ATL,WR,1,13,NYJ,11.363636363636363,13.333333333333334,83.6,5,55.6,2,22.2,1.8,0.4,7.5,15,20.3,9,15.3,4.5,9,1,50,10,10,9,9,1,0.63,100,1,0,0,1,0.2,102.1,1,16.7,1,50,2,100,0,0,1,50,0,0,0,0,2,2,28.6,-3.63,1.532,100,0,0,0,7.9,8.1,7.9,8.09,-0.19,1.58,1.62,8.1
2025,463,Lil'Jordan Humphrey,DEN,WR,1,16,JAX,12.903225806451612,14.285714285714285,20,4,26.7,1,6.7,2.25,0.25,9,9,4.6,9,7.6,9,9,1,100,0,0,0,0,0,0,0,0,0,0,1,0.25,104.2,1,10,0,0,1,100,0,0,0,0,1,1,100,0,0,0,20,1.55,1.761,50,50,0,0,1.9,1.5,1.9,1.48,0.42,0.47,0.37,1.5
2025,464,Juwan Johnson,NO,TE,1,15,CAR,14.035087719298245,14.285714285714285,60.3,8,57.1,1,7.1,1.13,0.13,4,4,2.6,9,6.6,9,9,1,100,5,5,0,0,0,0.01,0,0,0,0,0,0,104.2,1,10,0,0,1,100,0,0,0,0,0,0,0,0,0,0,12.5,2.93,0.32,12.5,75,12.5,0,1.9,1.6,1.9,1.64,0.26,0.24,0.21,1.6
2025,465,Van Jefferson,TEN,WR,1,16,KC,20,8.333333333333332,70,5,62.5,1,12.5,1.8,0.2,9,9,8.6,9,12.2,9,9,1,100,0,0,0,0,0,0,0,0,0,0,0,0,104.2,1,12.5,0,0,1,100,0,0,0,0,0,0,0,0,0,0,14.3,1.55,0.521,60,40,0,0,1.9,2,1.9,2.01,-0.11,0.38,0.4,2
2025,466,Tutu Atwell,LA,WR,1,15,DET,20,25,5.8,2,13.3,1,6.7,4.5,0.5,13,13,5,9,4.3,9,9,1,100,-4,-4,0,0,0,0,0,0,0,0,0,0,104.2,0,0,0,0,1,100,0,0,0,0,0,0,0,1,0,0,50,0.09,0.581,50,50,0,0,1.9,2.5,1.9,2.5,-0.6,0.95,1.25,2.5
2025,467,George Pickens,DAL,WR,1,18,NYG,5.555555555555555,7.6923076923076925,46.3,5,50,3,30,1.8,0.6,6.33,19,18.1,9,15,3,9,1,33.3,3,3,2,2,0,0,0,2,1,0,0,0,42.4,2,25,0,0,1,33.3,0,0,0,0,0,0,0,0,0,0,60,-3.87,-1.264,100,0,0,0,1.9,1.7,1.9,1.68,0.22,0.38,0.34,1.7
2025,468,John Metchie,NYJ,WR,1,18,BUF,7.575757575757576,9.523809523809524,69.6,5,62.5,2,25,1.8,0.4,-1,-2,-6.3,9,20.5,4.5,4.5,2,100,11,5.5,4,2,0,0.01,0,0,0,0,0,0,85.4,2,25,1,50,2,100,0,0,0,0,0,0,0,0,0,0,40,-0.41,-0.096,80,20,0,0,2.9,3.2,2.9,3.19,-0.29,0.58,0.64,3.2
2025,469,KaVontae Turpin,DAL,WR,1,13,KC,18.421052631578945,25,38.5,7,35,1,5,1.29,0.14,-2,-2,-1,9,4.7,9,9,1,100,11,11,2,2,0,0,0,0,0,0,1,0.143,104.2,0,0,0,0,1,100,0,0,0,0,0,0,0,0,0,0,14.3,3.5,0.699,28.6,71.4,0,0,1.9,1.5,1.9,1.53,0.37,0.27,0.22,1.5
2025,470,Ben Sims,MIN,TE,1,14,WAS,45.45454545454545,100,29.5,5,38.5,1,7.7,1.8,0.2,4,4,2.8,9,9.9,9,9,1,100,5,5,2,2,0,0,0,0,0,0,1,0.2,104.2,1,8.3,0,0,1,100,0,0,0,0,0,0,0,0,0,0,16.7,2.93,0.989,20,0,80,0,1.9,1.7,1.9,1.66,0.24,0.38,0.33,1.7
2025,471,Brenton Strange,JAX,TE,1,18,TEN,20.37037037037037,12.5,62.1,11,64.7,1,5.9,0.82,0.09,4,4,1.9,9,5.6,9,9,1,100,5,5,3,3,0,0,0,0,0,0,0,0,104.2,1,7.1,0,0,1,100,0,0,0,0,0,0,0,0,0,0,9.1,2.93,0.847,9.1,27.3,63.6,0,1.9,1.8,1.9,1.8,0.1,0.17,0.16,1.8
2025,472,Isaiah Williams,NYJ,WR,1,14,MIA,16.9811320754717,10,54.4,9,64.3,1,7.1,1,0.11,-4,-4,-3.1,9,13.4,9,9,1,100,13,13,1,1,0,0,0,0,0,0,0,0,104.2,1,8.3,1,100,1,100,0,0,0,0,0,0,0,0,1,1,10,4.51,0.815,11.1,88.9,0,0,1.9,1.5,1.9,1.52,0.38,0.21,0.17,1.5
2025,473,Brian Thomas,JAX,WR,1,16,DEN,14.0625,4.545454545454546,72.1,9,75,1,8.3,1,0.11,9,9,10.7,9,5.9,9,9,1,100,0,0,-1,-1,0,0,0,0,0,0,0,0,104.2,1,16.7,0,0,1,100,0,0,0,0,0,0,0,0,0,0,10,1.55,0.785,55.6,44.4,0,0,1.9,2.1,1.9,2.1,-0.2,0.21,0.23,2.1
2025,474,Keon Coleman,BUF,WR,1,13,PIT,23.52941176470588,37.5,44.6,4,44.4,3,33.3,2.25,0.75,4,12,42.9,9,33.3,3,4.5,2,66.7,7,3.5,3,1.5,1,1.06,100,1,1,1,1,0.25,109.7,2,25,0,0,3,100,0,0,1,33.3,1,0,0,0,0,0,60,-3.03,1.468,100,0,0,0,8.9,10.2,8.9,10.16,-1.26,2.23,2.54,10.2
2025,475,Chimere Dike,TEN,WR,1,16,KC,8.88888888888889,22.22222222222222,58.6,4,50,2,25,2.25,0.5,15,30,28.6,9,12.2,4.5,9,1,50,2,2,0,0,0,0,0,0,0,0,1,0.25,62.5,2,25,0,0,1,50,1,0,0,0,0,0,0,0,0,0,33.3,-4.14,0.159,75,25,0,0,1.9,1.9,1.9,1.94,-0.04,0.47,0.49,1.9
2025,476,Tre Harris,LAC,WR,1,13,LV,7.5,12.5,50.7,3,42.9,2,28.6,3,0.67,18.5,37,34.6,9,16.7,4.5,9,1,50,3,3,1,1,0,0,0,0,0,0,0,0,62.5,2,33.3,0,0,1,50,1,0,0,0,0,0,0,0,0,0,66.7,-5.27,0.166,66.7,33.3,0,0,1.9,1.8,1.9,1.84,0.06,0.63,0.61,1.8
2025,477,Austin Hooper,NE,TE,1,16,BLT,33.33333333333333,100,32.4,6,28.6,1,4.8,1.33,0.17,6,6,2.1,8,4.2,8,8,1,100,2,2,0,0,0,0,0,0,0,0,0,0,100,1,5,0,0,1,100,0,0,0,0,0,0,0,0,0,0,16.7,0.91,0.466,16.7,16.7,66.7,0,1.8,1.8,1.8,1.85,-0.05,0.3,0.31,1.8
2025,478,Chris Godwin,TB,WR,1,18,CAR,8.47457627118644,6.666666666666667,71.2,5,71.4,1,14.3,1.6,0.2,4,4,7.3,8,10.1,8,8,1,100,4,4,3,3,0,0.02,0,0,0,0,1,0.2,100,1,20,0,0,1,100,0,0,0,0,0,0,0,0,0,0,20,1.95,0.876,20,80,0,0,1.8,1.9,1.8,1.94,-0.14,0.36,0.39,1.9
2025,479,Dalton Schultz,HST,TE,1,17,LAC,22.413793103448278,25,77.4,13,92.9,1,7.1,0.62,0.08,5,5,2.6,8,3.7,8,8,1,100,3,3,3,3,0,0,0,0,0,0,0,0,100,1,8.3,0,0,1,100,0,0,0,0,0,0,0,0,0,0,7.7,1.52,-1.661,30.8,7.7,61.5,0,1.8,1.9,1.8,1.85,-0.05,0.14,0.14,1.9
2025,480,Cedrick Wilson,MIA,WR,1,17,TB,23.52941176470588,33.33333333333333,68.5,4,66.7,2,33.3,2,0.5,8.5,17,16.2,8,11.3,4,8,1,50,4,4,1,1,0,0,0,1,1,0,0,0,60.4,1,20,0,0,1,50,0,0,0,0,1,1,100,0,0,0,50,-3.48,-0.269,75,25,0,0,1.8,1.1,1.8,1.1,0.7,0.45,0.28,1.1
2025,481,Darius Slayton,NYG,WR,1,16,MIN,7.894736842105263,4.545454545454546,79.2,3,100,1,33.3,2.67,0.33,4,4,50,8,72.7,8,8,1,100,4,4,1,1,0,0,0,0,0,0,1,0.333,100,0,0,0,0,1,100,0,0,0,0,0,0,0,0,0,0,33.3,1.95,2.957,100,0,0,0,1.8,1.7,1.8,1.74,0.06,0.6,0.58,1.7
2025,482,Adam Trautman,DEN,TE,1,16,JAX,14.285714285714285,100,56.9,4,26.7,1,6.7,2,0.25,4,4,2.1,8,6.8,8,8,1,100,4,4,1,1,0,0,0,0,0,0,0,0,100,0,0,0,0,1,100,0,0,0,0,0,0,0,0,0,0,11.1,1.93,-0.411,25,0,75,0,1.8,1.7,1.8,1.68,0.12,0.45,0.42,1.7
2025,483,Dyami Brown,JAX,WR,1,18,TEN,100,100,13.8,1,5.9,1,5.9,8,1,6,6,2.9,8,5,8,8,1,100,2,2,2,2,0,0.39,0,1,0,0,1,1,100,1,7.1,0,0,1,100,0,0,0,0,1,1,100,0,0,0,100,1.05,1.844,100,0,0,0,1.8,3.3,1.8,3.33,-1.53,1.8,3.33,3.3
2025,484,Kyle Pitts,ATL,TE,1,15,TB,25.862068965517242,14.285714285714285,95.5,15,93.8,1,6.3,0.53,0.07,0,0,0,8,8.2,8,8,1,100,8,8,0,0,1,0.49,100,1,0,0,1,0.067,139.6,0,0,0,0,1,100,0,0,0,0,0,0,0,0,0,0,6.3,2.71,1.703,6.7,60,33.3,0,7.8,4.2,7.8,4.24,3.56,0.52,0.28,4.2
2025,485,Rashid Shaheed,SEA,WR,1,17,CAR,8.88888888888889,7.6923076923076925,18.2,4,33.3,1,8.3,2,0.25,6,6,5.5,8,11,8,8,1,100,2,2,1,1,0,0,0,0,0,0,0,0,100,1,8.3,0,0,1,100,0,0,0,0,0,0,0,0,0,0,25,1.05,0.472,75,25,0,0,1.8,1.9,1.8,1.9,-0.1,0.45,0.48,1.9
2025,486,Calvin Austin,PIT,WR,1,16,DET,8.333333333333332,10,15.7,2,13.3,1,6.7,4,0.5,8,8,3.6,8,7,8,8,1,100,0,0,0,0,0,0.01,0,0,0,0,1,0.5,100,1,7.1,0,0,1,100,0,0,0,0,0,0,0,0,0,0,50,0.49,1.885,50,50,0,0,1.8,2.2,1.8,2.16,-0.36,0.9,1.08,2.2
2025,487,Cedric Tillman,CLV,WR,1,16,BUF,19.230769230769234,25,48.4,5,71.4,1,14.3,1.6,0.2,3,3,5.1,8,18.2,8,8,1,100,5,5,2,2,0,0,0,0,0,0,0,0,100,0,0,0,0,1,100,0,0,0,0,0,0,0,0,0,0,20,2.55,-0.589,60,40,0,0,1.8,1.7,1.8,1.68,0.12,0.36,0.34,1.7
2025,488,Jordan Addison,MIN,WR,1,18,GB,25,13.043478260869565,92.2,12,92.3,3,23.1,0.67,0.25,9.67,29,22,8,6.1,2.67,8,1,33.3,0,0,0,0,0,0.01,0,1,1,0,0,0,42.4,3,27.3,0,0,1,33.3,1,0,0,0,1,0,0,1,0,0,23.1,-5.4,-0.067,75,25,0,0,1.8,2.3,1.8,2.28,-0.48,0.15,0.19,2.3
2025,489,Josh Downs,IND,WR,1,15,SEA,16.666666666666664,50,70.7,7,87.5,2,25,1.14,0.29,12.5,25,32.1,8,16.7,4,8,1,50,3,3,0,0,1,0.87,100,1,0,0,1,0.143,100,2,25,0,0,1,50,1,0,0,0,0,0,0,0,0,0,25,-4.61,0.609,28.6,71.4,0,0,7.8,7,7.8,6.96,0.84,1.11,0.99,7
2025,490,Jalen Coker,CAR,WR,1,17,SEA,9.75609756097561,7.142857142857142,71.2,4,66.7,1,16.7,2,0.25,5,5,18.5,8,44.4,8,8,1,100,3,3,2,2,0,0,0,0,0,0,0,0,100,1,20,0,0,1,100,0,0,0,0,0,0,0,0,0,0,20,1.64,0.47,75,25,0,0,1.8,1.8,1.8,1.75,0.05,0.45,0.44,1.8
2025,491,Devontez Walker,BLT,WR,1,18,PIT,33.33333333333333,50,70.8,3,75,1,25,2.67,0.33,8,8,9.5,8,11,8,8,1,100,0,0,0,0,0,0.01,0,0,0,0,0,0,100,1,33.3,0,0,1,100,0,0,0,0,0,0,0,0,0,0,33.3,0.49,0.362,100,0,0,0,1.8,2.1,1.8,2.06,-0.26,0.6,0.69,2.1
2025,492,Rome Odunze,CHI,WR,1,13,PHI,100,100,80,12,75,4,25,0.67,0.33,5.75,23,20,8,10.8,2,4,2,50,1,0.5,0,0,0,0.01,0,0,0,0,1,0.083,56.3,2,20,0,0,2,50,0,0,0,0,1,1,100,0,0,0,26.7,-4.54,-0.287,50,50,0,0,2.8,2.9,2.8,2.9,-0.1,0.23,0.24,2.9
2025,493,Emeka Egbuka,TB,WR,1,18,CAR,6.382978723404255,4.545454545454546,59.1,3,42.9,1,14.3,2.67,0.33,1,1,1.8,8,10.1,8,8,1,100,7,7,0,0,0,0.01,0,0,0,0,0,0,100,1,20,0,0,1,100,0,0,0,0,0,0,0,0,0,0,33.3,2.88,0.596,66.7,33.3,0,0,1.8,1.7,1.8,1.75,0.05,0.6,0.58,1.7
2025,494,Gage Larvadain,CLV,WR,1,15,CHI,45.45454545454545,66.66666666666666,55.4,5,62.5,2,25,1.6,0.4,9,18,14.8,8,11.6,4,8,1,50,5,5,3,3,0,0,0,0,0,0,0,0,60.4,2,33.3,0,0,1,50,0,0,0,0,0,0,0,0,1,1,40,-3.93,-0.234,80,20,0,0,1.8,1.7,1.8,1.69,0.11,0.36,0.34,1.7
2025,495,Jakobie Keeney-James,GB,WR,1,18,MIN,100,100,94,3,100,1,33.3,2.67,0.33,8,8,47.1,8,100,8,8,1,100,0,0,0,0,0,0,0,0,0,0,0,0,100,1,33.3,0,0,1,100,0,0,0,0,1,1,100,0,0,0,33.3,0.49,0.674,66.7,33.3,0,0,1.8,1.4,1.8,1.41,0.39,0.6,0.47,1.4
2025,496,Isaac TeSlaa,DET,WR,1,14,DAL,15.384615384615385,16.666666666666664,78.9,8,88.9,2,22.2,1,0.25,18.5,37,22.3,8,6.3,4,8,1,50,2,2,1,1,0,0,0,0,1,0,0,0,60.4,2,25,0,0,1,50,1,0,0,0,1,1,100,0,0,0,25,-5.77,-0.159,87.5,12.5,0,0,1.8,1.2,1.8,1.17,0.63,0.23,0.15,1.2
2025,497,Chimere Dike,TEN,WR,1,13,JAX,17.77777777777778,11.11111111111111,76.4,8,66.7,1,8.3,1,0.13,-3,-3,-3.6,8,16.3,8,8,1,100,11,11,2,2,0,0,0,0,0,0,0,0,100,1,8.3,1,100,1,100,0,0,0,0,0,0,0,0,0,0,12.5,3.06,0.315,12.5,87.5,0,0,1.8,1.5,1.8,1.5,0.3,0.23,0.19,1.5
2025,498,Mo Alie-Cox,IND,TE,1,17,JAX,16.666666666666664,100,41.8,1,9.1,1,9.1,7,1,5,5,3.9,7,20,7,7,1,100,2,2,0,0,0,0,0,0,0,0,0,0,95.8,1,10,0,0,1,100,0,0,0,0,0,0,0,0,0,0,50,0.52,0.083,100,0,0,0,1.7,1.8,1.7,1.76,-0.06,1.7,1.76,1.8
2025,499,Chris Godwin,TB,WR,1,15,ATL,25.423728813559322,13.333333333333334,95.1,15,83.3,2,11.1,0.47,0.13,3.5,7,2.7,7,3.3,3.5,3.5,2,100,7,3.5,3,1.5,1,0.91,100,1,1,1,1,0.067,120.8,2,14.3,1,50,2,100,0,0,0,0,1,1,100,0,1,0.5,11.8,-2.72,0.411,40,60,0,0,8.7,8,8.7,7.96,0.74,0.58,0.53,8
2025,500,Dallas Goedert,PHI,TE,1,17,BUF,18.867924528301888,33.33333333333333,79.6,10,90.9,2,18.2,0.7,0.2,0.5,1,0.7,7,8.4,3.5,3.5,2,100,6,3,3,1.5,0,0.11,0,1,0,0,0,0,81.3,2,20,1,50,2,100,0,0,0,0,0,0,0,0,0,0,20,-2.47,-0.597,20,60,20,0,2.7,3.9,2.7,3.86,-1.16,0.27,0.39,3.9
2025,501,Olamide Zaccheaus,CHI,WR,1,14,GB,25.806451612903224,33.33333333333333,77.9,8,61.5,3,23.1,0.88,0.38,9,27,20.3,7,8.3,2.33,3.5,2,66.7,0,0,0,0,1,0.7,100,1,1,1,1,0.125,109.7,0,0,0,0,2,66.7,0,0,0,0,1,1,100,1,0,0,30,-5.77,0.148,75,25,0,0,8.7,6.7,8.7,6.65,2.05,1.09,0.83,6.7
2025,502,Tom Kennedy,DET,WR,1,13,GB,100,100,66.7,6,54.5,1,9.1,1.17,0.17,5,5,4.7,7,5.1,7,7,1,100,2,2,0,0,0,0,0,0,0,0,1,0.167,95.8,0,0,0,0,1,100,0,0,0,0,0,0,0,0,0,0,16.7,0.64,1.706,16.7,83.3,0,0,1.7,1.8,1.7,1.77,-0.07,0.28,0.3,1.8
2025,503,Marquise Brown,KC,WR,1,17,DEN,21.428571428571427,25,61.9,6,66.7,2,22.2,1.17,0.33,5.5,11,19.3,7,15.6,3.5,7,1,50,0,0,0,0,0,0,0,0,0,0,0,0,58.3,2,33.3,0,0,2,100,0,0,1,50,0,0,0,0,0,0,28.6,-3.06,-0.696,83.3,16.7,0,0,1.7,3.2,1.7,3.16,-1.46,0.28,0.53,3.2
2025,504,CeeDee Lamb,DAL,WR,1,16,LAC,15.384615384615385,6.666666666666667,85.7,12,100,2,16.7,0.58,0.17,4,8,6,7,4.9,3.5,7,1,50,2,2,1,1,0,0,0,0,0,0,0,0,58.3,2,18.2,0,0,2,100,0,0,1,50,0,0,0,0,0,0,16.7,-2.41,-0.766,58.3,41.7,0,0,1.7,3.4,1.7,3.42,-1.72,0.14,0.29,3.4
2025,505,Rashod Bateman,BLT,WR,1,17,GB,10.714285714285714,16.666666666666664,54.1,3,60,1,20,2.33,0.33,4,4,8.7,7,30.4,7,7,1,100,3,3,0,0,0,0.02,0,1,0,0,0,0,95.8,1,25,0,0,1,100,0,0,0,0,0,0,0,0,0,0,33.3,0.95,0.432,66.7,33.3,0,0,1.7,1.8,1.7,1.8,-0.1,0.57,0.6,1.8
2025,506,Kyle Pitts,ATL,TE,1,13,NYJ,10.344827586206897,14.285714285714285,91,6,66.7,1,11.1,1.17,0.17,-1,-1,-1.4,7,11.9,7,7,1,100,8,8,4,4,0,0,0,0,0,0,0,0,95.8,1,16.7,1,100,1,100,0,0,0,0,0,0,0,0,0,0,14.3,2.1,0.118,33.3,33.3,33.3,0,1.7,1.6,1.7,1.58,0.12,0.28,0.26,1.6
2025,507,Rashid Shaheed,SEA,WR,1,13,MIN,11.11111111111111,15.384615384615385,46.8,5,83.3,2,33.3,1.4,0.4,5,10,50,7,12.3,3.5,7,1,50,1,1,0,0,0,0.11,0,0,0,0,0,0,58.3,2,50,0,0,2,100,0,0,0,0,1,0,0,0,0,0,40,-3,-0.441,80,20,0,0,1.7,3.4,1.7,3.44,-1.74,0.34,0.69,3.4
2025,508,Trey McBride,ARZ,TE,1,15,HST,20.54794520547945,40,92.1,15,93.8,2,12.5,0.47,0.13,1,2,1.1,7,8.8,3.5,3.5,2,100,8,4,3,1.5,1,0.69,50,1,1,1,2,0.133,120.8,2,12.5,1,50,2,100,0,0,0,0,0,0,0,0,0,0,12.5,-2.67,1.291,13.3,60,26.7,0,8.7,6.5,8.7,6.53,2.17,0.58,0.44,6.5
2025,509,Dontayvion Wicks,GB,WR,1,17,BLT,12.5,12.5,6.8,2,14.3,1,7.1,3.5,0.5,5,5,2.3,7,3.7,7,7,1,100,2,2,0,0,0,0,0,0,0,0,0,0,95.8,1,8.3,0,0,1,100,0,0,0,0,0,0,0,0,0,0,50,0.64,0.319,100,0,0,0,1.7,1.7,1.7,1.71,-0.01,0.85,0.85,1.7
2025,510,Derius Davis,LAC,WR,1,18,DEN,100,100,65.2,9,52.9,1,5.9,0.78,0.11,6,6,2.9,7,9.6,7,7,1,100,1,1,0,0,0,0,0,0,0,0,0,0,95.8,1,5.9,0,0,1,100,0,0,0,0,0,0,0,0,0,0,11.1,0.05,-0.281,88.9,11.1,0,0,1.7,1.9,1.7,1.91,-0.21,0.19,0.21,1.9
2025,511,Brenton Strange,JAX,TE,1,14,IND,16.666666666666664,12.5,79.4,9,75,1,8.3,0.78,0.11,4,4,1.9,7,6,7,7,1,100,3,3,1,1,0,0.02,0,0,0,0,0,0,95.8,1,11.1,0,0,1,100,0,0,0,0,0,0,0,0,0,0,10,0.93,0.464,11.1,77.8,11.1,0,1.7,1.8,1.7,1.76,-0.06,0.19,0.2,1.8
2025,512,Troy Franklin,DEN,WR,1,16,JAX,23.684210526315788,15.384615384615385,63.1,9,60,2,13.3,0.78,0.22,11,22,11.3,7,5.9,3.5,7,1,50,-2,-2,0,0,0,0,0,0,0,0,0,0,58.3,1,10,0,0,1,50,0,0,0,0,0,0,0,0,0,0,22.2,-4.68,0.051,66.7,33.3,0,0,1.7,2,1.7,2.05,-0.35,0.19,0.23,2
2025,513,Malik Washington,MIA,WR,1,14,NYJ,14.285714285714285,28.57142857142857,52.4,5,55.6,2,22.2,1.4,0.4,3.5,7,8,7,12.1,3.5,3.5,2,100,0,0,0,0,0,0.01,0,0,0,0,0,0,81.3,1,12.5,1,50,2,100,0,0,0,0,0,0,0,0,0,0,40,-2.98,-0.063,80,20,0,0,2.7,3.9,2.7,3.85,-1.15,0.54,0.77,3.9
2025,514,Jaylin Noel,HST,WR,1,14,KC,28.57142857142857,33.33333333333333,33.8,6,50,1,8.3,1.17,0.17,5,5,2.8,7,4.4,7,7,1,100,2,2,0,0,0,0,0,0,0,0,0,0,95.8,1,12.5,0,0,1,100,0,0,0,0,0,0,0,0,0,0,16.7,0.64,0.323,16.7,83.3,0,0,1.7,1.8,1.7,1.75,-0.05,0.28,0.29,1.8
2025,515,Jimmy Horn,CAR,WR,1,15,NO,9.090909090909092,33.33333333333333,7.1,1,16.7,1,16.7,7,1,2,2,2.4,7,11.1,7,7,1,100,5,5,0,0,0,0,0,0,0,0,0,0,95.8,1,33.3,0,0,1,100,0,0,0,0,0,0,0,0,0,0,100,1.67,-0.318,100,0,0,0,1.7,1.7,1.7,1.68,0.02,1.7,1.68,1.7
2025,516,Darren Waller,MIA,TE,1,15,PIT,19.230769230769234,22.22222222222222,52.1,5,62.5,2,25,1.2,0.4,13,26,33.3,6,14.3,3,6,1,50,0,0,0,0,1,0.29,100,1,1,1,1,0.2,95.8,1,25,0,0,1,50,0,0,0,0,1,1,100,0,0,0,40,-6.69,0.11,60,20,20,0,7.6,2.3,7.6,2.26,5.34,1.52,0.45,2.3
2025,517,Tyler Lockett,LV,WR,1,16,HST,12.5,12.5,26.4,5,45.5,1,9.1,1.2,0.2,5,5,4.7,6,3.9,6,6,1,100,1,1,0,0,0,0,0,0,0,0,0,0,91.7,1,10,0,0,1,100,0,0,0,0,0,0,0,0,0,0,20,-0.36,-0.954,40,60,0,0,1.6,1.8,1.6,1.76,-0.16,0.32,0.35,1.8
2025,518,Taysom Hill,NO,TE,1,18,ATL,22.22222222222222,25,32.3,4,25,1,6.3,1.5,0.25,-3,-3,-1.6,6,5.7,6,6,1,100,9,9,2,2,0,0,0,0,0,0,0,0,91.7,1,7.1,1,100,1,100,0,0,0,0,0,0,0,0,0,0,25,0.13,-1.137,25,50,0,25,1.6,1.6,1.6,1.59,0.01,0.4,0.4,1.6
2025,519,Anthony Firkser,DET,TE,1,18,CHI,22.58064516129032,33.33333333333333,70.8,7,50,1,7.1,0.86,0.14,5,5,5.2,6,3,6,6,1,100,1,1,0,0,0,0.01,0,0,0,0,0,0,91.7,1,9.1,0,0,1,100,0,0,0,0,0,0,0,0,0,0,10,-0.48,0.403,28.6,42.9,28.6,0,1.6,1.8,1.6,1.79,-0.19,0.23,0.26,1.8
2025,520,Jonnu Smith,PIT,TE,1,13,BUF,15.789473684210526,33.33333333333333,53.5,3,37.5,1,12.5,2,0.33,-3,-3,-4.2,6,25,6,6,1,100,9,9,3,3,0,0,0,0,0,0,0,0,91.7,1,14.3,1,100,1,100,0,0,0,0,0,0,0,0,0,0,33.3,0.13,0.018,33.3,0,66.7,0,1.6,1.6,1.6,1.58,0.02,0.53,0.53,1.6
2025,521,Cooper Kupp,SEA,WR,1,13,MIN,10.416666666666668,9.090909090909092,74.2,5,83.3,1,16.7,1.2,0.2,3,3,15,6,10.5,6,6,1,100,3,3,1,1,0,0,0,0,0,0,0,0,91.7,0,0,0,0,1,100,0,0,0,0,0,0,0,0,0,0,20,0.55,0.135,20,80,0,0,1.6,1.7,1.6,1.68,-0.08,0.32,0.34,1.7
2025,522,Marquez Valdes-Scantling,PIT,WR,1,16,DET,23.809523809523807,16.666666666666664,42.9,10,66.7,3,20,0.6,0.3,26,78,35.3,6,5.2,2,6,1,33.3,0,0,0,0,0,0.72,0,0,0,0,1,0.1,42.4,3,21.4,0,0,3,100,2,0,1,33.3,0,0,0,0,0,0,30,-9.23,-0.062,90,10,0,0,1.6,13.2,1.6,13.24,-11.64,0.16,1.32,13.2
2025,523,Allen Lazard,NYJ,WR,1,15,JAX,30,100,22.1,3,15.8,2,10.5,2,0.67,8.5,17,11,6,5.5,3,6,1,50,1,1,0,0,0,0.04,0,2,1,0,0,0,16.7,2,13.3,0,0,1,50,0,0,0,0,0,0,0,0,0,0,66.7,-4.7,-3.281,66.7,33.3,0,0,1.6,1.9,1.6,1.86,-0.26,0.53,0.62,1.9
2025,524,Mark Andrews,BLT,TE,1,17,GB,13.333333333333334,25,40.5,4,80,1,20,1.5,0.25,4,4,8.7,6,26.1,6,6,1,100,2,2,1,1,0,0,0,0,0,0,1,0.25,91.7,1,25,0,0,1,100,0,0,0,0,0,0,0,0,0,0,25,-0.07,1.343,25,25,50,0,1.6,1.6,1.6,1.63,-0.03,0.4,0.41,1.6
2025,525,Christian Kirk,HST,WR,1,14,KC,11.627906976744185,20,38.5,5,41.7,1,8.3,1.2,0.2,6,6,3.4,6,3.8,6,6,1,100,0,0,0,0,0,0,0,0,0,0,0,0,91.7,1,12.5,0,0,1,100,0,0,0,0,1,1,100,0,0,0,20,-0.95,0.432,40,60,0,0,1.6,1.2,1.6,1.21,0.39,0.32,0.24,1.2
2025,526,Mike Gesicki,CIN,TE,1,14,BUF,13.333333333333334,33.33333333333333,39.3,6,42.9,1,7.1,1,0.17,6,6,3.1,6,6,6,6,1,100,0,0,0,0,0,0.01,0,0,0,0,1,0.167,91.7,1,9.1,0,0,1,100,0,0,0,0,0,0,0,0,0,0,14.3,-1.09,0.655,16.7,83.3,0,0,1.6,2,1.6,1.96,-0.36,0.27,0.33,2
2025,527,Olamide Zaccheaus,CHI,WR,1,16,GB,25.806451612903224,33.33333333333333,85,8,80,3,30,0.75,0.38,9.67,29,20.3,6,5.1,2,6,1,33.3,2,2,2,2,0,0.01,0,1,1,0,0,0,42.4,1,25,0,0,2,66.7,0,0,1,33.3,0,0,0,0,0,0,37.5,-6,-0.375,50,50,0,0,1.6,4.7,1.6,4.7,-3.1,0.2,0.59,4.7
2025,528,Darnell Mooney,ATL,WR,1,14,SEA,15,10,75.8,9,69.2,2,15.4,0.67,0.22,15.5,31,32,6,16.7,3,6,1,50,1,1,1,1,0,0.23,0,0,1,0,0,0,56.3,2,18.2,0,0,2,100,1,0,0,0,1,0,0,0,0,0,16.7,-6.69,-0.439,22.2,77.8,0,0,1.6,4.6,1.6,4.63,-3.03,0.18,0.51,4.6
2025,529,Kyle Pitts,ATL,TE,1,18,NO,15.517241379310345,14.285714285714285,91.8,9,100,1,11.1,0.67,0.11,5,5,5.5,6,23.1,6,6,1,100,1,1,0,0,0,0.03,0,0,0,0,1,0.111,91.7,1,14.3,0,0,1,100,0,0,0,0,0,0,0,0,0,0,11.1,-0.48,1.256,11.1,44.4,44.4,0,1.6,1.9,1.6,1.85,-0.25,0.18,0.21,1.9
2025,530,Sal Cannella,CLV,TE,1,17,PIT,75,100,34,3,37.5,1,12.5,2,0.33,2,2,2,6,7.6,6,6,1,100,4,4,2,2,0,0,0,0,0,0,1,0.333,91.7,1,16.7,0,0,1,100,0,0,0,0,0,0,0,0,0,0,33.3,-0.37,1.454,33.3,0,66.7,0,1.6,1.7,1.6,1.66,-0.06,0.53,0.55,1.7
2025,531,Treylon Burks,WAS,WR,1,16,PHI,16.666666666666664,14.285714285714285,84.3,7,87.5,2,25,0.86,0.29,5.5,11,12.2,6,7.6,3,6,1,50,1,1,1,1,0,0,0,0,0,0,0,0,16.7,1,14.3,0,0,1,50,0,0,0,0,0,0,0,0,1,1,28.6,-3.66,-1.927,42.9,57.1,0,0,1.6,1.7,1.6,1.73,-0.13,0.23,0.25,1.7
2025,532,Treylon Burks,WAS,WR,1,18,PHI,16.666666666666664,21.428571428571427,68.3,7,87.5,3,37.5,0.86,0.43,12,36,45,6,8.8,2,6,1,33.3,7,7,2,2,0,0,0,1,1,0,0,0,42.4,3,50,1,33.3,1,33.3,1,0,0,0,0,0,0,0,0,0,42.9,-5.48,-0.747,85.7,14.3,0,0,1.6,1.6,1.6,1.57,0.03,0.23,0.22,1.6
2025,533,Trey McBride,ARZ,TE,1,13,TB,16.43835616438356,20,88.5,12,100,1,8.3,0.5,0.08,2,2,1.4,6,8.5,6,6,1,100,4,4,1,1,0,0,0,0,0,0,0,0,91.7,1,8.3,0,0,1,100,0,0,0,0,0,0,0,0,0,0,8.3,-0.37,0.337,8.3,66.7,25,0,1.6,1.7,1.6,1.68,-0.08,0.13,0.14,1.7
2025,534,Xavier Smith,LA,WR,1,14,ARZ,22.22222222222222,25,29.9,8,61.5,1,7.7,0.75,0.13,7,7,5.4,6,5.1,6,6,1,100,-1,-1,0,0,0,0,0,0,0,0,0,0,91.7,1,8.3,0,0,1,100,0,0,0,0,0,0,0,0,0,0,11.1,-1.06,0.133,25,75,0,0,1.6,1.9,1.6,1.93,-0.33,0.2,0.24,1.9
2025,535,Xavier Smith,LA,WR,1,18,ARZ,13.88888888888889,50,33.3,5,41.7,2,16.7,1.2,0.4,21,42,27.3,6,6.3,3,6,1,50,3,3,0,0,0,0,0,0,0,0,1,0.2,56.3,1,11.1,0,0,1,50,1,0,0,0,0,0,0,0,0,0,28.6,-7.17,0.211,40,60,0,0,1.6,1.7,1.6,1.67,-0.07,0.32,0.33,1.7
2025,536,Dontayvion Wicks,GB,WR,1,15,DEN,25,25,42.9,4,36.4,2,18.2,1.5,0.5,10,20,10.6,6,8.5,3,6,1,50,1,1,1,1,0,0.01,0,0,0,0,0,0,16.7,2,25,0,0,2,100,0,0,0,0,0,0,0,0,0,0,40,-5.39,-1.794,75,25,0,0,1.6,4.5,1.6,4.55,-2.95,0.4,1.14,4.5
2025,537,DeMario Douglas,NE,WR,1,16,BLT,30,25,16.9,6,28.6,1,4.8,1,0.17,-4,-4,-1.4,6,3.1,6,6,1,100,10,10,0,0,0,0,0,0,0,0,0,0,91.7,0,0,0,0,1,100,0,0,0,0,0,0,0,0,0,0,16.7,1.51,0.152,16.7,83.3,0,0,1.6,1.5,1.6,1.5,0.1,0.27,0.25,1.5
2025,538,Marvin Mims,DEN,WR,1,13,WAS,12.5,16.666666666666664,33.3,3,27.3,1,9.1,2,0.33,3,3,5.2,6,7.1,6,6,1,100,3,3,1,1,0,0.01,0,0,0,0,1,0.333,91.7,0,0,0,0,1,100,0,0,0,0,0,0,0,0,0,0,33.3,0.55,0.914,66.7,33.3,0,0,1.6,1.7,1.6,1.73,-0.13,0.53,0.58,1.7
2025,539,Jayden Reed,GB,WR,1,14,CHI,22.22222222222222,50,48.1,6,75,1,12.5,1,0.17,4,4,2.9,6,19.4,6,6,1,100,2,2,0,0,0,0,0,0,0,0,0,0,91.7,1,25,0,0,1,100,0,0,0,0,0,0,0,0,0,0,16.7,-0.05,-0.196,33.3,66.7,0,0,1.6,1.8,1.6,1.79,-0.19,0.27,0.3,1.8
2025,540,Brock Bowers,LV,TE,1,13,LAC,19.444444444444446,50,97.8,7,87.5,1,12.5,0.86,0.14,7,7,14.6,6,14,6,6,1,100,0,0,0,0,1,0.27,100,1,1,1,1,0.143,131.3,1,12.5,0,0,1,100,0,0,0,0,1,1,100,1,0,0,14.3,-1.31,1.816,42.9,28.6,28.6,0,7.6,2.2,7.6,2.18,5.42,1.09,0.31,2.2
2025,541,Brock Bowers,LV,TE,1,16,HST,30.555555555555557,50,98.1,11,100,1,9.1,0.55,0.09,6,6,5.7,6,3.9,6,6,1,100,0,0,0,0,0,0,0,0,0,0,0,0,91.7,1,10,0,0,1,100,0,0,0,0,0,0,0,0,0,0,9.1,-1.09,-0.215,18.2,27.3,54.5,0,1.6,1.8,1.6,1.85,-0.25,0.15,0.17,1.8
2025,542,Ja'Tavion Sanders,CAR,TE,1,16,TB,53.84615384615385,100,57.4,7,58.3,1,8.3,0.86,0.14,14,14,10.9,6,5,6,6,1,100,0,0,0,0,1,0.97,50,1,1,1,1,0.143,131.3,0,0,0,0,1,100,0,0,0,0,0,0,0,0,2,2,11.1,-4.28,2.553,28.6,57.1,14.3,0,7.6,7.2,7.6,7.2,0.4,1.09,1.03,7.2
2025,543,Mason Tipton,NO,WR,1,16,NYJ,28.947368421052634,66.66666666666666,50,11,50,2,9.1,0.55,0.18,11.5,23,9.7,6,4.2,3,6,1,50,3,3,0,0,0,0,0,0,0,0,0,0,56.3,2,9.1,0,0,2,100,1,0,0,0,1,0,0,0,0,0,16.7,-5.16,-0.94,54.5,36.4,0,9.1,1.6,3.1,1.6,3.12,-1.52,0.15,0.28,3.1
2025,544,Troy Franklin,DEN,WR,1,17,KC,10.526315789473683,7.6923076923076925,38,4,33.3,1,8.3,1.5,0.25,-3,-3,-2.4,6,12.2,6,6,1,100,9,9,2,2,0,0,0,0,0,0,1,0.25,91.7,1,12.5,1,100,1,100,0,0,0,0,0,0,0,0,0,0,25,1.06,0.614,50,50,0,0,1.6,1.5,1.6,1.51,0.09,0.4,0.38,1.5
2025,545,Pat Bryant,DEN,WR,1,16,JAX,21.428571428571427,22.22222222222222,64.6,6,40,2,13.3,1,0.33,4,8,4.1,6,5.1,3,6,1,50,7,7,1,1,0,0.04,0,1,0,0,0,0,16.7,2,20,1,50,1,50,0,0,0,0,0,0,0,0,1,1,33.3,-3.81,-0.775,66.7,33.3,0,0,1.6,1.4,1.6,1.43,0.17,0.27,0.24,1.4
2025,546,Jack Bech,LV,WR,1,13,LAC,9.090909090909092,14.285714285714285,54.3,3,37.5,2,25,2,0.67,4,8,16.7,6,14,3,6,1,50,0,0,5,5,0,0.04,0,1,0,0,1,0.333,56.3,2,25,0,0,2,100,0,0,0,0,1,0,0,0,0,0,66.7,-3.14,-0.719,66.7,33.3,0,0,1.6,2.9,1.6,2.87,-1.27,0.53,0.96,2.9
2025,547,Zach Ertz,WAS,TE,1,13,DEN,66.66666666666666,50,65.9,14,66.7,1,4.8,0.36,0.07,5,5,1.6,5,3.6,5,5,1,100,0,0,0,0,0,0,0,0,0,0,0,0,87.5,1,5.6,0,0,1,100,0,0,0,0,0,0,0,0,0,0,6.3,-1.48,-0.141,7.1,78.6,14.3,0,1.5,1.7,1.5,1.7,-0.2,0.11,0.12,1.7
2025,548,Tyler Lockett,LV,WR,1,18,KC,20,50,50.8,8,61.5,4,30.8,0.63,0.5,4,16,9.8,5,15.2,1.25,5,1,25,0,0,0,0,0,0.01,0,0,0,0,0,0,39.6,4,33.3,0,0,3,75,0,0,1,25,2,0,0,0,0,0,50,-4.78,-1.228,50,50,0,0,1.5,4.7,1.5,4.72,-3.22,0.19,0.59,4.7
2025,549,Sterling Shepard,TB,WR,1,14,NO,83.33333333333334,50,56.5,10,71.4,1,7.1,0.5,0.1,4,4,2.3,5,9.3,5,5,1,100,1,1,0,0,0,0.01,0,0,0,0,0,0,87.5,1,10,0,0,1,100,0,0,0,0,1,1,100,0,0,0,9.1,-1.05,0.01,50,50,0,0,1.5,1.1,1.5,1.15,0.35,0.15,0.11,1.1
2025,550,Kalif Raymond,DET,WR,1,17,MIN,11.11111111111111,16.666666666666664,9.4,2,15.4,1,7.7,2.5,0.5,3,3,2.6,5,4,5,5,1,100,2,2,1,1,0,0,0,0,0,0,0,0,87.5,1,9.1,0,0,1,100,0,0,0,0,0,0,0,0,0,0,50,-0.45,-1.791,100,0,0,0,1.5,1.6,1.5,1.6,-0.1,0.75,0.8,1.6
2025,551,Christian Kirk,HST,WR,1,17,LAC,18.6046511627907,40,45.2,8,57.1,2,14.3,0.63,0.25,7,14,7.2,5,2.3,2.5,5,1,50,2,2,2,2,0,0,0,0,0,0,1,0.125,16.7,1,8.3,0,0,1,50,0,0,0,0,0,0,0,0,0,0,25,-4.38,-1.229,37.5,62.5,0,0,1.5,1.7,1.5,1.7,-0.2,0.19,0.21,1.7
2025,552,James Proche,TEN,WR,1,17,NO,37.5,60,54.2,6,60,3,30,0.83,0.5,27.33,82,46.3,5,6.6,1.67,5,1,33.3,-1,-1,0,0,0,0,0,0,0,0,0,0,42.4,2,40,0,0,1,33.3,2,0,0,0,0,0,0,0,0,0,50,-10.23,-0.253,83.3,16.7,0,0,1.5,1.8,1.5,1.8,-0.3,0.25,0.3,1.8
2025,553,James Proche,TEN,WR,1,18,JAX,31.25,20,49.1,5,41.7,1,8.3,1,0.2,5,5,9.8,5,26.3,5,5,1,100,0,0,0,0,0,0,0,0,0,0,0,0,87.5,1,10,0,0,1,100,0,0,0,0,0,0,0,0,0,0,20,-1.36,-0.125,60,40,0,0,1.5,1.7,1.5,1.68,-0.18,0.3,0.34,1.7
2025,554,Gabe Davis,BUF,WR,1,13,PIT,20.833333333333336,16.666666666666664,58.1,5,55.6,2,22.2,1,0.4,4.5,9,32.1,5,18.5,2.5,5,1,50,3,3,0,0,0,0.06,0,1,0,0,0,0,16.7,2,25,0,0,1,50,0,0,0,0,0,0,0,0,0,0,40,-3.7,-2.247,60,40,0,0,1.5,1.7,1.5,1.7,-0.2,0.3,0.34,1.7
2025,555,Kylen Granson,PHI,TE,1,18,WAS,94.44444444444444,100,77.4,17,85,2,10,0.29,0.12,7,14,5.4,5,3.8,2.5,5,1,50,1,1,1,1,0,0.03,0,1,0,0,0,0,56.3,2,13.3,0,0,1,50,0,0,0,0,0,0,0,0,0,0,11.1,-4.42,-0.781,23.5,41.2,35.3,0,1.5,1.7,1.5,1.74,-0.24,0.09,0.1,1.7
2025,556,Treylon Burks,WAS,WR,1,13,DEN,35.714285714285715,35.714285714285715,65.9,15,71.4,5,23.8,0.33,0.33,22,110,34.9,5,3.6,1,5,1,20,0,0,0,0,1,0.13,50,2,2,1,1,0.067,79.2,5,27.8,0,0,3,60,2,0,0,0,3,1,33.3,1,0,0,33.3,-10.22,0.167,86.7,13.3,0,0,7.5,3.9,7.5,3.89,3.61,0.5,0.26,3.9
2025,557,KaVontae Turpin,DAL,WR,1,14,DET,36.84210526315789,25,50,14,56,1,4,0.36,0.07,5,5,1.4,5,2.7,5,5,1,100,0,0,0,0,0,0,0,0,0,0,1,0.071,87.5,1,5.9,0,0,1,100,0,0,0,0,0,0,0,0,0,0,7.1,-1.36,0.815,21.4,78.6,0,0,1.5,1.7,1.5,1.72,-0.22,0.11,0.12,1.7
2025,558,Christian Watson,GB,WR,1,15,DEN,11.11111111111111,15.789473684210526,39.7,4,36.4,3,27.3,1.25,0.75,36,108,57.4,5,7,1.67,5,1,33.3,2,2,1,1,0,0.07,0,1,0,0,0,0,2.8,3,37.5,0,0,1,33.3,2,0,0,0,0,0,0,0,0,0,75,-10.15,-0.969,100,0,0,0,1.5,2.6,1.5,2.63,-1.13,0.38,0.66,2.6
2025,559,Cade Otton,TB,TE,1,13,ARZ,11.627906976744185,33.33333333333333,96.5,5,55.6,1,11.1,1,0.2,5,5,4.1,5,9.8,5,5,1,100,0,0,0,0,0,0.05,0,1,0,0,0,0,87.5,0,0,0,0,1,100,0,0,0,0,0,0,0,0,0,0,12.5,-1.48,0.052,20,20,60,0,1.5,2,1.5,2,-0.5,0.3,0.4,2
2025,560,Rashee Rice,KC,WR,1,14,HST,30,26.666666666666668,78.1,9,75,4,33.3,0.56,0.44,5.5,22,16.1,5,6.3,1.25,5,1,25,7,7,2,2,0,0.01,0,0,0,0,0,0,39.6,1,12.5,1,25,4,100,0,0,1,25,3,0,0,0,0,0,44.4,-5.58,-1.623,66.7,33.3,0,0,1.5,5.2,1.5,5.25,-3.75,0.17,0.58,5.2
2025,561,Ryan Flournoy,DAL,WR,1,16,LAC,8.333333333333332,5.555555555555555,39.3,4,33.3,1,8.3,1.25,0.25,2,2,1.5,5,3.5,5,5,1,100,3,3,1,1,1,0.97,50,1,0,0,1,0.25,127.1,1,9.1,0,0,1,100,0,0,0,0,0,0,0,0,0,0,25,-0.33,2.349,75,25,0,0,7.5,7.4,7.5,7.36,0.14,1.88,1.84,7.4
2025,562,Tetairoa McMillan,CAR,WR,1,17,SEA,7.317073170731707,11.11111111111111,82.7,3,50,2,33.3,1.67,0.67,4.5,9,33.3,5,27.8,2.5,5,1,50,4,4,0,0,0,0,0,0,0,0,0,0,56.3,1,20,0,0,1,50,0,0,0,0,0,0,0,0,0,0,50,-3.82,-1.719,66.7,33.3,0,0,1.5,1.6,1.5,1.65,-0.15,0.5,0.55,1.6
2025,563,Tyler Warren,IND,TE,1,17,JAX,17.02127659574468,33.33333333333333,83.6,8,72.7,1,9.1,0.63,0.13,-4,-4,-3.1,5,14.3,5,5,1,100,9,9,2,2,0,0.03,0,0,0,0,1,0.125,87.5,1,10,1,100,1,100,0,0,0,0,0,0,0,0,0,0,10,-1.34,1.194,25,37.5,37.5,0,1.5,1.8,1.5,1.78,-0.28,0.19,0.22,1.8
2025,564,Elic Ayomanor,TEN,WR,1,13,JAX,23.404255319148938,17.391304347826086,85.5,11,91.7,4,33.3,0.45,0.36,10.75,43,51.2,5,10.2,1.25,5,1,25,-1,-1,-1,-1,0,0.01,0,0,0,0,0,0,39.6,4,33.3,0,0,2,50,0,0,1,25,0,0,0,0,0,0,33.3,-7.47,-1.073,72.7,27.3,0,0,1.5,3.5,1.5,3.55,-2.05,0.14,0.32,3.5
2025,565,Tez Johnson,TB,WR,1,13,ARZ,30.434782608695656,28.57142857142857,56.1,7,77.8,2,22.2,0.71,0.29,12,24,19.5,5,9.8,2.5,5,1,50,7,7,6,6,0,0,0,0,0,0,0,0,56.3,2,40,0,0,1,50,1,0,0,0,0,0,0,0,2,2,28.6,-6.76,-0.233,71.4,28.6,0,0,1.5,1.5,1.5,1.51,-0.01,0.21,0.22,1.5
2025,566,Ke'Shawn Williams,CIN,WR,1,17,ARZ,100,100,10.8,2,11.8,1,5.9,2.5,0.5,4,4,2.2,5,2.8,5,5,1,100,1,1,1,1,0,0.02,0,0,0,0,0,0,87.5,1,6.7,0,0,1,100,0,0,0,0,1,1,100,0,0,0,50,-1.05,0.008,50,50,0,0,1.5,1.1,1.5,1.08,0.42,0.75,0.54,1.1
2025,567,Arian Smith,NYJ,WR,1,17,NE,12.5,25,15.9,1,8.3,1,8.3,5,1,-8,-8,-7.3,5,7.2,5,5,1,100,13,13,1,1,0,0,0,0,0,0,0,0,87.5,0,0,0,0,1,100,0,0,0,0,0,0,0,0,0,0,100,2.46,0.089,100,0,0,0,1.5,1.3,1.5,1.29,0.21,1.5,1.29,1.3
2025,568,Konata Mumpfield,LA,WR,1,14,ARZ,4.545454545454546,6.666666666666667,46.3,2,15.4,1,7.7,2.5,0.5,4,4,3.1,5,4.3,5,5,1,100,1,1,1,1,0,0.01,0,0,0,0,0,0,87.5,1,8.3,0,0,1,100,0,0,0,0,0,0,0,0,0,0,50,-1.05,0.012,100,0,0,0,1.5,1.8,1.5,1.82,-0.32,0.75,0.91,1.8
2025,569,Adam Thielen,PIT,WR,1,14,BLT,13.88888888888889,20,47.1,5,35.7,1,7.1,0.8,0.2,2,2,1,4,2.2,4,4,1,100,2,2,1,1,0,0.03,0,1,0,0,0,0,83.3,1,9.1,0,0,1,100,0,0,0,0,0,0,0,0,0,0,16.7,-1.33,0.049,80,20,0,0,1.4,1.8,1.4,1.76,-0.36,0.28,0.35,1.8
2025,570,Stefon Diggs,NE,WR,1,15,BUF,16.666666666666664,10,51,7,58.3,1,8.3,0.57,0.14,3,3,1.7,4,4.7,4,4,1,100,1,1,0,0,0,0,0,0,0,0,0,0,83.3,1,9.1,0,0,1,100,0,0,0,0,0,0,0,0,0,0,14.3,-1.45,-0.139,28.6,71.4,0,0,1.4,1.6,1.4,1.64,-0.24,0.2,0.23,1.6
2025,571,Tyler Lockett,LV,WR,1,17,NYG,20,12.5,55.6,8,66.7,1,8.3,0.5,0.13,12,12,10.9,4,6.8,4,4,1,100,0,0,0,0,1,0.72,100,1,1,1,1,0.125,122.9,0,0,0,0,1,100,0,0,0,0,0,0,0,0,0,0,12.5,-5.05,3.989,12.5,87.5,0,0,7.4,5.5,7.4,5.5,1.9,0.93,0.69,5.5
2025,572,Tim Patrick,JAX,WR,1,18,TEN,23.809523809523807,20,37.9,5,29.4,1,5.9,0.8,0.2,0,0,0,4,2.5,4,4,1,100,4,4,1,1,0,0.04,0,1,0,0,0,0,83.3,0,0,0,0,1,100,0,0,0,0,0,0,0,0,0,0,16.7,-2.04,-0.325,60,40,0,0,1.4,1.8,1.4,1.77,-0.37,0.28,0.35,1.8
2025,573,Mark Andrews,BLT,TE,1,15,CIN,10,25,40,3,50,1,16.7,1.33,0.33,3,3,3.2,4,3.8,4,4,1,100,1,1,1,1,0,0,0,0,0,0,0,0,83.3,1,25,0,0,1,100,0,0,0,0,1,1,100,0,0,0,25,-2.32,-0.123,33.3,33.3,33.3,0,1.4,0.7,1.4,0.69,0.71,0.47,0.23,0.7
2025,574,CeeDee Lamb,DAL,WR,1,18,NYG,6.41025641025641,3.3333333333333335,46.3,5,50,1,10,0.8,0.2,4,4,3.8,4,6.7,4,4,1,100,0,0,0,0,0,0,0,0,0,0,1,0.2,83.3,1,12.5,0,0,1,100,0,0,0,0,0,0,0,0,0,0,20,-2.05,0.359,60,40,0,0,1.4,1.7,1.4,1.72,-0.32,0.28,0.34,1.7
2025,575,Nico Collins,HST,WR,1,15,ARZ,10.909090909090908,7.4074074074074066,74.6,6,100,2,33.3,0.67,0.33,10,20,48.8,4,16,2,4,1,50,0,0,0,0,1,1.66,100,2,2,1,1,0.167,95.8,2,50,0,0,2,100,0,0,0,0,1,0,0,0,0,0,33.3,-6.28,0.642,66.7,33.3,0,0,7.4,12.3,7.4,12.33,-4.93,1.23,2.05,12.3
2025,576,Kevin Austin,NO,WR,1,17,TEN,21.27659574468085,15.384615384615385,80.8,10,90.9,2,18.2,0.4,0.2,14,28,18.1,4,3.6,2,4,1,50,1,1,0,0,0,0,0,0,1,0,0,0,56.3,1,11.1,0,0,1,50,1,0,0,0,0,0,0,0,0,0,20,-6.47,-0.868,40,60,0,0,1.4,1.7,1.4,1.7,-0.3,0.14,0.17,1.7
2025,577,Greg Dulcich,MIA,TE,1,18,NE,42.30769230769231,100,53.7,11,73.3,2,13.3,0.36,0.18,4.5,9,4.9,4,5.3,2,4,1,50,7,7,2,2,0,0,0,0,0,0,0,0,56.3,2,15.4,1,50,2,100,0,0,0,0,1,0,0,0,0,0,16.7,-5.27,-0.441,18.2,45.5,36.4,0,1.4,2.8,1.4,2.78,-1.38,0.13,0.25,2.8
2025,578,Deven Thompkins,ATL,WR,1,14,SEA,50,50,9.7,1,7.7,1,7.7,4,1,-5,-5,-5.2,4,11.1,4,4,1,100,9,9,1,1,0,0,0,0,0,0,0,0,83.3,1,9.1,1,100,1,100,0,0,0,0,0,0,0,0,0,0,100,-0.16,-0.101,100,0,0,0,1.4,1.5,1.4,1.5,-0.1,1.4,1.5,1.5
2025,579,John Metchie,NYJ,WR,1,16,NO,16.666666666666664,14.285714285714285,85.7,11,91.7,3,25,0.36,0.27,7.67,23,18.4,4,6,1.33,4,1,33.3,0,0,0,0,0,0,0,1,0,0,0,0,42.4,2,18.2,0,0,1,33.3,0,0,0,0,0,0,0,0,0,0,27.3,-6.17,-0.563,63.6,36.4,0,0,1.4,1.7,1.4,1.69,-0.29,0.13,0.15,1.7
2025,580,Isaiah Likely,BLT,TE,1,14,PIT,17.857142857142858,50,58.4,5,50,2,20,0.8,0.4,12.5,25,26.3,4,11.8,2,4,1,50,0,0,0,0,1,1.5,100,2,2,1,1,0.2,95.8,1,16.7,0,0,2,100,0,0,0,0,1,0,0,0,0,0,33.3,-7.51,0.919,40,60,0,0,7.4,11.4,7.4,11.38,-3.98,1.48,2.28,11.4
2025,581,Xavier Hutchinson,HST,WR,1,16,LV,10.526315789473683,12.5,45.9,4,26.7,2,13.3,1,0.5,7,14,7.1,4,4.5,2,4,1,50,0,0,0,0,0,0.01,0,0,0,0,0,0,56.3,1,7.7,0,0,1,50,0,0,0,0,0,0,0,0,0,0,50,-4.77,-0.731,100,0,0,0,1.4,1.7,1.4,1.74,-0.34,0.35,0.43,1.7
2025,582,Josh Downs,IND,WR,1,14,JAX,26.190476190476193,25,63.5,11,61.1,1,5.6,0.36,0.09,3,3,1.8,4,3.1,4,4,1,100,1,1,0,0,0,0,0,0,0,0,1,0.091,83.3,1,7.7,0,0,1,100,0,0,0,0,1,1,100,0,0,0,8.3,-1.45,1.055,9.1,81.8,0,9.1,1.4,1,1.4,1.04,0.36,0.13,0.09,1
2025,583,Jayden Higgins,HST,WR,1,15,ARZ,4.3478260869565215,5.555555555555555,69.8,2,33.3,1,16.7,2,0.5,4,4,9.8,4,16,4,4,1,100,0,0,0,0,0,0.01,0,0,0,0,0,0,83.3,0,0,0,0,1,100,0,0,0,0,0,0,0,0,0,0,50,-2.05,-0.761,100,0,0,0,1.4,1.7,1.4,1.74,-0.34,0.7,0.87,1.7
2025,584,Chimere Dike,TEN,WR,1,14,CLV,22.22222222222222,22.22222222222222,65.6,10,100,2,20,0.4,0.2,16,32,36.4,4,13.8,2,4,1,50,2,2,1,1,0,0.12,0,1,0,0,0,0,56.3,1,14.3,0,0,1,50,1,0,0,0,0,0,0,0,0,0,20,-5.26,-0.911,40,60,0,0,1.4,2.2,1.4,2.15,-0.75,0.14,0.22,2.2
2025,585,Evan Engram,DEN,TE,1,16,JAX,21.052631578947366,50,44.6,8,53.3,1,6.7,0.38,0.13,3,3,1.5,3,2.5,3,3,1,100,0,0,0,0,0,0,0,0,0,0,0,0,79.2,0,0,0,0,1,100,0,0,0,0,0,0,0,0,0,0,11.1,-3.32,-0.422,12.5,37.5,50,0,1.3,1.6,1.3,1.63,-0.33,0.16,0.2,1.6
2025,586,Evan Engram,DEN,TE,1,17,KC,23.684210526315788,50,29.6,9,75,1,8.3,0.33,0.11,3,3,2.4,3,6.1,3,3,1,100,0,0,0,0,0,0.07,0,1,0,0,0,0,79.2,0,0,0,0,1,100,0,0,0,0,0,0,0,0,0,0,11.1,-3.32,-1.087,33.3,55.6,11.1,0,1.3,1.8,1.3,1.83,-0.53,0.14,0.2,1.8
2025,587,Alex Bachman,LV,WR,1,16,HST,50,100,17,1,9.1,1,9.1,3,1,3,3,2.8,3,2,3,3,1,100,0,0,0,0,0,0,0,0,0,0,1,1,79.2,1,10,0,0,1,100,0,0,0,0,0,0,0,0,0,0,100,-2.45,1.079,100,0,0,0,1.3,1.3,1.3,1.27,0.03,1.3,1.27,1.3
2025,588,Marquise Brown,KC,WR,1,18,LV,21.428571428571427,25,80.6,6,100,2,33.3,0.5,0.33,16,32,49.2,3,16.7,1.5,3,1,50,7,7,0,0,0,0.03,0,0,0,0,0,0,56.3,1,33.3,1,50,2,100,1,0,0,0,1,0,0,0,0,0,33.3,-7.62,-0.818,66.7,33.3,0,0,1.3,3.9,1.3,3.89,-2.59,0.22,0.65,3.9
2025,589,Juwan Johnson,NO,TE,1,17,TEN,15.789473684210526,14.285714285714285,71.2,9,81.8,1,9.1,0.33,0.11,3,3,1.9,3,2.7,3,3,1,100,0,0,0,0,0,0,0,0,0,0,0,0,79.2,1,11.1,0,0,1,100,0,0,0,0,0,0,0,0,0,0,11.1,-3.32,-0.267,11.1,55.6,22.2,11.1,1.3,1.6,1.3,1.62,-0.32,0.14,0.18,1.6
2025,590,Tyler Johnson,NYJ,WR,1,17,NE,50,100,15.9,1,8.3,1,8.3,3,1,3,3,2.8,3,4.3,3,3,1,100,0,0,0,0,0,0.01,0,1,0,0,0,0,79.2,0,0,0,0,1,100,0,0,0,0,0,0,0,0,0,0,100,-2.45,-2.415,100,0,0,0,1.3,1.5,1.3,1.54,-0.24,1.3,1.54,1.5
2025,591,Samori Toure,NO,WR,1,18,ATL,100,100,15.4,4,25,2,12.5,0.75,0.5,6,12,6.6,3,2.8,1.5,3,1,50,0,0,0,0,0,0,0,1,0,0,0,0,16.7,2,14.3,0,0,1,50,0,0,0,0,0,0,0,0,0,0,50,-4.95,-3.894,100,0,0,0,1.3,1.7,1.3,1.66,-0.36,0.33,0.42,1.7
2025,592,Jahan Dotson,PHI,WR,1,14,LAC,19.672131147540984,16.666666666666664,48.5,12,63.2,2,10.5,0.25,0.17,9,18,6.3,3,2.6,1.5,3,1,50,-1,-1,0,0,0,0,0,1,0,0,0,0,16.7,2,13.3,0,0,1,50,0,0,0,0,1,1,100,0,0,0,16.7,-6.43,-2.495,41.7,58.3,0,0,1.3,1.1,1.3,1.12,0.18,0.11,0.09,1.1
2025,593,Chig Okonkwo,TEN,TE,1,16,KC,12.121212121212121,25,45.7,4,50,1,12.5,0.75,0.25,-3,-3,-2.9,3,4.1,3,3,1,100,6,6,1,1,0,0.07,0,1,0,0,0,0,79.2,1,12.5,1,100,1,100,0,0,0,0,0,0,0,0,0,0,20,-2.87,-0.411,25,50,25,0,1.3,1.9,1.3,1.9,-0.6,0.33,0.47,1.9
2025,594,Xavier Legette,CAR,WR,1,17,SEA,6.666666666666667,12.5,53.8,2,33.3,1,16.7,1.5,0.5,4,4,14.8,3,16.7,3,3,1,100,-1,-1,-1,-1,0,0.01,0,1,0,0,1,0.5,79.2,1,20,0,0,1,100,0,0,0,0,0,0,0,0,0,0,50,-3.05,0.188,100,0,0,0,1.3,1.1,1.3,1.09,0.21,0.65,0.54,1.1
2025,595,Ladd McConkey,LAC,WR,1,16,DAL,25,33.33333333333333,77.4,11,91.7,1,8.3,0.27,0.09,-3,-3,-1.9,3,1.9,3,3,1,100,6,6,0,0,0,0,0,0,0,0,0,0,79.2,1,10,0,0,1,100,0,0,0,0,0,0,0,0,0,0,9.1,-1.94,-0.401,27.3,72.7,0,0,1.3,1.6,1.3,1.57,-0.27,0.12,0.14,1.6
2025,596,Tyler Warren,IND,TE,1,15,SEA,14.893617021276595,33.33333333333333,81,7,87.5,1,12.5,0.43,0.14,2,2,2.6,3,6.3,3,3,1,100,1,1,0,0,0,0,0,0,0,0,0,0,79.2,1,12.5,0,0,1,100,0,0,0,0,0,0,0,0,0,0,12.5,-3.37,-0.444,14.3,85.7,0,0,1.3,1.7,1.3,1.66,-0.36,0.19,0.24,1.7
2025,597,Chimere Dike,TEN,WR,1,18,JAX,22.22222222222222,11.11111111111111,71.7,10,83.3,1,8.3,0.3,0.1,-4,-4,-7.8,3,15.8,3,3,1,100,7,7,1,1,0,0,0,0,0,0,0,0,79.2,1,10,1,100,1,100,0,0,0,0,0,0,0,0,0,0,9.1,-1.49,0.023,20,80,0,0,1.3,1.5,1.3,1.51,-0.21,0.13,0.15,1.5
2025,598,Colston Loveland,CHI,TE,1,17,SF,19.607843137254903,12.5,81.3,10,100,2,20,0.2,0.2,8.5,17,17.3,2,1.9,1,2,1,50,7,7,1,1,0,0.07,0,1,0,0,0,0,66.7,1,20,0,0,1,50,0,0,0,0,0,0,0,0,0,0,20,-7.02,-0.299,20,30,50,0,1.2,2,1.2,2,-0.8,0.12,0.2,2
2025,599,Pat Bryant,DEN,WR,1,18,LAC,14.285714285714285,22.22222222222222,67.2,4,100,2,50,0.5,0.5,2,4,12.9,2,100,1,2,1,50,3,3,1,1,0,0.02,0,1,0,0,0,0,56.3,2,50,1,50,2,100,0,0,0,0,1,0,0,0,0,0,50,-5.27,-0.697,75,25,0,0,1.2,2.4,1.2,2.38,-1.18,0.3,0.6,2.4
2025,600,Jimmy Horn,CAR,WR,1,17,SEA,18.181818181818183,33.33333333333333,26.9,2,33.3,1,16.7,1,0.5,-4,-4,-14.8,2,11.1,2,2,1,100,6,6,0,0,0,0,0,0,0,0,0,0,79.2,1,20,1,100,1,100,0,0,0,0,0,0,0,0,0,0,50,-2.49,-0.407,50,50,0,0,1.2,1.5,1.2,1.54,-0.34,0.6,0.77,1.5
2025,601,Jalen Royals,KC,WR,1,18,LV,100,100,67.7,4,66.7,2,33.3,0.5,0.5,11.5,23,35.4,2,11.1,1,2,1,50,0,0,0,0,0,0,0,0,0,0,0,0,56.3,1,33.3,0,0,1,50,1,0,0,0,0,0,0,0,0,0,50,-7.29,-0.599,100,0,0,0,1.2,1.7,1.2,1.66,-0.46,0.3,0.41,1.7
2025,602,KaVontae Turpin,DAL,WR,1,15,MIN,13.157894736842104,25,20.3,5,29.4,1,5.9,0.2,0.2,1,1,0.6,1,0.5,1,1,1,100,0,0,0,0,0,0.06,0,1,0,0,0,0,79.2,1,11.1,0,0,1,100,0,0,0,0,1,1,100,0,0,0,20,-4.12,-1.277,20,80,0,0,1.1,1.1,1.1,1.1,0,0.22,0.22,1.1
2025,603,Chig Okonkwo,TEN,TE,1,18,JAX,21.21212121212121,25,81.1,7,58.3,1,8.3,0.14,0.14,2,2,3.9,1,5.3,1,1,1,100,-1,-1,0,0,0,0,0,0,0,0,0,0,79.2,0,0,0,0,1,100,0,0,0,0,0,0,0,0,0,0,11.1,-5.37,-0.41,28.6,28.6,42.9,0,1.1,1.6,1.1,1.62,-0.52,0.16,0.23,1.6
2025,604,Zay Flowers,BLT,WR,1,13,CIN,25.53191489361702,20.833333333333336,94.7,12,100,5,41.7,0.08,0.42,16,80,37.9,1,1.6,0.2,1,1,20,-2,-2,0,0,0,0.02,0,0,0,0,0,0,39.6,3,33.3,0,0,2,40,2,0,0,0,1,0,0,0,0,0,41.7,-9.13,-0.857,75,25,0,0,1.1,3.9,1.1,3.95,-2.85,0.09,0.33,3.9
2025,605,Jayden Reed,GB,WR,1,15,DEN,14.814814814814813,50,65.1,4,36.4,1,9.1,0.25,0.25,-5,-5,-2.7,1,1.4,1,1,1,100,6,6,0,0,0,0,0,0,0,0,0,0,79.2,1,12.5,1,100,1,100,0,0,0,0,0,0,0,0,0,0,25,-3.16,-0.587,25,50,0,25,1.1,1.5,1.1,1.55,-0.45,0.28,0.39,1.5
2025,606,Xavier Legette,CAR,WR,1,13,LA,20,25,67.7,6,85.7,2,28.6,0.17,0.33,9.5,19,18.4,1,1.1,0.5,1,1,50,3,3,0,0,0,0.01,0,0,0,0,0,0,56.3,1,20,1,50,1,50,1,0,0,0,0,0,0,0,0,0,33.3,-7.87,-0.396,83.3,16.7,0,0,1.1,1.7,1.1,1.67,-0.57,0.18,0.28,1.7
2025,607,Malik Washington,MIA,WR,1,18,NE,25.71428571428571,42.857142857142854,72.2,9,60,3,20,0.11,0.33,5.33,16,8.7,1,1.3,0.33,0.5,2,66.7,-1,-0.5,0,0,1,0.97,100,1,1,1,1,0.111,109.7,3,23.1,1,33.3,2,66.7,0,0,0,0,0,0,0,0,0,0,33.3,-6.69,-0.261,55.6,44.4,0,0,8.1,8.3,8.1,8.34,-0.24,0.9,0.93,8.3
2025,608,Adam Thielen,PIT,WR,1,15,MIA,8.333333333333332,0,58.1,3,42.9,0,0,0,0,,0,0,0,0,,,0,,0,,0,,0,0,0,0,0,0,0,0,,0,0,0,,0,,0,,0,,0,0,,0,0,,0,,,33.3,66.7,0,0,0,0,0,0,0,0,0,0
2025,609,Adam Thielen,PIT,WR,1,17,CLV,27.77777777777778,20,86.2,10,83.3,1,8.3,0,0.1,14,14,14.3,0,0,0,0,0,0,0,0,0,0,0,0,0,0,0,0,0,0,39.6,1,10,0,0,1,100,0,0,0,0,1,0,0,0,0,0,8.3,-9.81,-1.533,10,90,0,0,0,1.4,0,1.38,-1.38,0,0.14,1.4
2025,610,Adam Thielen,PIT,WR,1,18,BLT,38.88888888888889,20,65.8,14,77.8,1,5.6,0,0.07,12,12,5.9,0,0,0,0,0,0,0,0,0,0,0,0,0,0,0,0,0,0,39.6,0,0,0,0,0,0,0,0,0,0,0,0,0,0,0,0,6.7,-9.05,-0.627,21.4,78.6,0,0,0,0,0,0.02,-0.02,0,0,0
2025,611,Keenan Allen,LAC,WR,1,17,HST,13.953488372093023,5.263157894736842,54.2,6,66.7,1,11.1,0,0.17,12,12,6.5,0,0,0,0,0,0,0,0,0,0,0,0,0,1,1,0,0,0,39.6,1,16.7,0,0,0,0,0,0,0,0,0,0,0,0,0,0,16.7,-9.05,-0.463,66.7,33.3,0,0,0,0,0,0.01,-0.01,0,0,0
2025,612,Travis Kelce,KC,TE,1,13,DAL,16.666666666666664,0,91.7,7,63.6,0,0,0,0,,0,0,0,0,,,0,,0,,0,,0,0,0,0,0,0,0,0,,0,0,0,,0,,0,,0,,0,0,,0,0,,0,,,28.6,57.1,14.3,0,0,0,0,0,0,0,0,0
2025,613,Travis Kelce,KC,TE,1,14,HST,19.047619047619047,0,90.6,8,66.7,0,0,0,0,,0,0,0,0,,,0,,0,,0,,0,0,0,0,0,0,0,0,,0,0,0,,0,,0,,0,,0,0,,0,0,,0,,,12.5,62.5,25,0,0,0,0,0,0,0,0,0
2025,614,Travis Kelce,KC,TE,1,16,TEN,14.285714285714285,0,76.7,6,60,0,0,0,0,,0,0,0,0,,,0,,0,,0,,0,0,0,0,0,0,0,0,,0,0,0,,0,,0,,0,,0,0,,0,0,,0,,,0,66.7,33.3,0,0,0,0,0,0,0,0,0
2025,615,Travis Kelce,KC,TE,1,18,LV,9.523809523809524,0,80.6,4,66.7,0,0,0,0,,0,0,0,0,,,0,,0,,0,,0,0,0,0,0,0,0,0,,0,0,0,,0,,0,,0,,0,0,,0,0,,0,,,25,50,25,0,0,0,0,0,0,0,0,0
2025,616,DeAndre Hopkins,BLT,WR,1,14,PIT,10.526315789473683,10,14.3,2,20,1,10,0,0.5,27,27,28.4,0,0,0,0,0,0,0,0,0,0,0,0.02,0,0,0,0,0,0,39.6,1,16.7,0,0,1,100,1,0,0,0,1,0,0,0,0,0,50,-11.91,-1.468,100,0,0,0,0,2.1,0,2.07,-2.07,0,1.04,2.1
2025,617,DeAndre Hopkins,BLT,WR,1,17,GB,5.263157894736842,10,24.3,1,20,1,20,0,1,20,20,43.5,0,0,0,0,0,0,0,0,0,0,0,0,0,1,1,0,0,0,39.6,1,25,0,0,0,0,1,0,0,0,1,0,0,0,0,0,100,-10.87,-0.652,100,0,0,0,0,0,0,-0.01,0.01,0,-0.01,0
2025,618,DeAndre Hopkins,BLT,WR,1,18,PIT,5.263157894736842,0,27.1,1,25,0,0,0,0,,0,0,0,0,,,0,,0,,0,,0,0,0,0,0,0,0,0,,0,0,0,,0,,0,,0,,0,0,,0,0,,0,,,0,100,0,0,0,0,0,0,0,0,0,0
2025,619,Brandin Cooks,BUF,WR,1,14,CIN,20,0,35,3,50,0,0,0,0,,0,0,0,0,,,0,,0,,0,,0,0,0,0,0,0,0,0,,0,0,0,,0,,0,,0,,0,0,,0,0,,0,,,66.7,33.3,0,0,0,0,0,0,0,0,0,0
2025,620,Brandin Cooks,BUF,WR,1,15,NE,33.33333333333333,50,32.8,5,71.4,3,42.9,0,0.6,33.33,100,67.1,0,0,0,0,0,0,0,0,0,0,0,0.01,0,0,0,0,0,0,39.6,3,42.9,0,0,1,33.3,3,0,1,33.3,1,0,0,0,0,0,60,-13.01,-0.575,80,0,0,20,0,3.9,0,3.88,-3.88,0,0.78,3.9
2025,621,Chris Manhertz,NYG,TE,1,17,LV,100,0,23.8,1,11.1,0,0,0,0,,0,0,0,0,,,0,,0,,0,,0,0,0,0,0,0,0,0,,0,0,0,,0,,0,,0,,0,0,,0,0,,0,,,0,0,100,0,0,0,0,0,0,0,0,0
2025,622,Darren Waller,MIA,TE,1,17,TB,15.384615384615385,11.11111111111111,40.7,4,66.7,1,16.7,0,0.25,11,11,10.5,0,0,0,0,0,0,0,0,0,0,0,0,0,0,0,0,0,0,39.6,1,20,0,0,1,100,0,0,0,0,1,0,0,0,0,0,25,-8.74,-0.511,50,50,0,0,0,1.1,0,1.14,-1.14,0,0.29,1.1
2025,623,Tyler Lockett,LV,WR,1,13,LAC,7.5,0,52.2,3,37.5,0,0,0,0,,0,0,0,0,,,0,,0,,0,,0,0,0,0,0,0,0,0,,0,0,0,,0,,0,,0,,0,0,,0,0,,0,,,0,100,0,0,0,0,0,0,0,0,0,0
2025,624,Tyler Lockett,LV,WR,1,15,PHI,15,12.5,76.2,6,100,1,16.7,0,0.17,13,13,19.7,0,0,0,0,0,0,0,0,0,0,0,0,0,0,0,0,0,0,39.6,1,16.7,0,0,1,100,0,0,0,0,1,0,0,0,0,0,16.7,-8.91,-0.771,16.7,83.3,0,0,0,1.3,0,1.26,-1.26,0,0.21,1.3
2025,625,Sterling Shepard,TB,WR,1,13,ARZ,16.666666666666664,50,28.1,2,22.2,1,11.1,0,0.5,46,46,37.4,0,0,0,0,0,0,0,0,0,0,0,0,0,0,0,0,0,0,39.6,0,0,0,0,0,0,1,0,0,0,0,0,0,0,0,0,50,-15,-1.599,50,50,0,0,0,0,0,0.02,-0.02,0,0.01,0
2025,626,Austin Hooper,NE,TE,1,13,NYG,22.22222222222222,0,38.1,4,25,0,0,0,0,,0,0,0,0,,,0,,0,,0,,0,0,0,0,0,0,0,0,,0,0,0,,0,,0,,0,,0,0,,0,0,,0,,,25,25,50,0,0,0,0,0,0,0,0,0
2025,627,Austin Hooper,NE,TE,1,15,BUF,11.11111111111111,0,31.4,2,16.7,0,0,0,0,,0,0,0,0,,,0,,0,,0,,0,0,0,0,0,0,0,0,,0,0,0,,0,,0,,0,,0,0,,0,0,,0,,,0,0,100,0,0,0,0,0,0,0,0,0
2025,628,Austin Hooper,NE,TE,1,17,NYJ,16.666666666666664,0,40.3,3,37.5,0,0,0,0,,0,0,0,0,,,0,,0,,0,,0,0,0,0,0,0,0,0,,0,0,0,,0,,0,,0,,0,0,,0,0,,0,,,33.3,0,66.7,0,0,0,0,0,0,0,0,0
2025,629,Austin Hooper,NE,TE,1,18,MIA,16.666666666666664,0,41.1,3,37.5,0,0,0,0,,0,0,0,0,,,0,,0,,0,,0,0,0,0,0,0,0,0,,0,0,0,,0,,0,,0,,0,0,,0,0,,0,,,0,33.3,66.7,0,0,0,0,0,0,0,0,0
2025,630,Nick Vannett,LA,TE,1,18,ARZ,100,0,18.1,2,16.7,0,0,0,0,,0,0,0,0,,,0,,0,,0,,0,0,0,0,0,0,0,0,,0,0,0,,0,,0,,0,,0,0,,0,0,,0,,,0,50,50,0,0,0,0,0,0,0,0,0
2025,631,Chris Moore,WAS,WR,1,13,DEN,37.5,0,29.4,3,14.3,0,0,0,0,,0,0,0,0,,,0,,0,,0,,0,0,0,0,0,0,0,0,,0,0,0,,0,,0,,0,,0,0,,0,0,,0,,,66.7,33.3,0,0,0,0,0,0,0,0,0,0
2025,632,Chris Moore,WAS,WR,1,16,PHI,37.5,0,19.6,3,37.5,0,0,0,0,,0,0,0,0,,,0,,0,,0,,0,0,0,0,0,0,0,0,,0,0,0,,0,,0,,0,,0,0,,0,0,,0,,,33.3,66.7,0,0,0,0,0,0,0,0,0,0
2025,633,Chris Moore,WAS,WR,1,18,PHI,12.5,0,34.9,1,12.5,0,0,0,0,,0,0,0,0,,,0,,0,,0,,0,0,0,0,0,0,0,0,,0,0,0,,0,,0,,0,,0,0,,0,0,,0,,,100,0,0,0,0,0,0,0,0,0,0,0
2025,634,Kalif Raymond,DET,WR,1,15,LA,16.666666666666664,0,17.7,3,16.7,0,0,0,0,,0,0,0,0,,,0,,0,,0,,0,0,0,0,0,0,0,0,,0,0,0,,0,,0,,0,,0,0,,0,0,,0,,,0,100,0,0,0,0,0,0,0,0,0,0
2025,635,Demarcus Robinson,SF,WR,1,13,CLV,14.285714285714285,16.666666666666664,42.2,3,42.9,1,14.3,0,0.33,10,10,10.1,0,0,0,0,0,0,0,0,0,0,0,0,0,0,0,0,0,0,39.6,0,0,0,0,0,0,0,0,0,0,0,0,0,0,0,0,33.3,-7.5,-0.559,66.7,33.3,0,0,0,0,0,0.02,-0.02,0,0.01,0
2025,636,Demarcus Robinson,SF,WR,1,16,IND,23.809523809523807,0,43.9,5,45.5,0,0,0,0,,0,0,0,0,,,0,,0,,0,,0,0,0,0,0,0,0,0,,0,0,0,,0,,0,,0,,0,0,,0,0,,0,,,0,100,0,0,0,0,0,0,0,0,0,0
2025,637,Laquon Treadwell,IND,WR,1,13,HST,20,0,13.7,1,20,0,0,0,0,,0,0,0,0,,,0,,0,,0,,0,0,0,0,0,0,0,0,,0,0,0,,0,,0,,0,,0,0,,0,0,,0,,,100,0,0,0,0,0,0,0,0,0,0,0
2025,638,Laquon Treadwell,IND,WR,1,14,JAX,60,0,20.6,3,16.7,0,0,0,0,,0,0,0,0,,,0,,0,,0,,0,0,0,0,0,0,0,0,,0,0,0,,0,,0,,0,,0,0,,0,0,,0,,,66.7,33.3,0,0,0,0,0,0,0,0,0,0
2025,639,Laquon Treadwell,IND,WR,1,16,SF,20,0,6.9,1,12.5,0,0,0,0,,0,0,0,0,,,0,,0,,0,,0,0,0,0,0,0,0,0,,0,0,0,,0,,0,,0,,0,0,,0,0,,0,,,0,100,0,0,0,0,0,0,0,0,0,0
2025,640,Hunter Henry,NE,TE,1,15,BUF,20.930232558139537,0,86.3,9,75,0,0,0,0,,0,0,0,0,,,0,,0,,0,,0,0,0,0,0,0,0,0,,0,0,0,,0,,0,,0,,0,0,,0,0,,0,,,0,66.7,33.3,0,0,0,0,0,0,0,0,0
2025,641,Hunter Henry,NE,TE,1,16,BLT,34.883720930232556,0,78.9,15,71.4,0,0,0,0,,0,0,0,0,,,0,,0,,0,,0,0,0,0,0,0,0,0,,0,0,0,,0,,0,,0,,0,0,,0,0,,0,,,0,86.7,13.3,0,0,0,0,0,0,0,0,0
2025,642,Hunter Henry,NE,TE,1,18,MIA,6.976744186046512,0,58.9,3,37.5,0,0,0,0,,0,0,0,0,,,0,,0,,0,,0,0,0,0,0,0,0,0,,0,0,0,,0,,0,,0,,0,0,,0,0,,0,,,0,100,0,0,0,0,0,0,0,0,0,0
2025,643,Mo Alie-Cox,IND,TE,1,13,HST,33.33333333333333,0,43.1,2,40,0,0,0,0,,0,0,0,0,,,0,,0,,0,,0,0,0,0,0,0,0,0,,0,0,0,,0,,0,,0,,0,0,,0,0,,0,,,0,0,100,0,0,0,0,0,0,0,0,0
2025,644,Mo Alie-Cox,IND,TE,1,14,JAX,16.666666666666664,0,28.6,1,5.6,0,0,0,0,,0,0,0,0,,,0,,0,,0,,0,0,0,0,0,0,0,0,,0,0,0,,0,,0,,0,,0,0,,0,0,,0,,,0,0,100,0,0,0,0,0,0,0,0,0
2025,645,Mo Alie-Cox,IND,TE,1,18,HST,33.33333333333333,0,39.1,2,20,0,0,0,0,,0,0,0,0,,,0,,0,,0,,0,0,0,0,0,0,0,0,,0,0,0,,0,,0,,0,,0,0,,0,0,,0,,,0,0,100,0,0,0,0,0,0,0,0,0
2025,646,Johnny Mundt,JAX,TE,1,13,TEN,44.44444444444444,0,22.8,4,28.6,0,0,0,0,,0,0,0,0,,,0,,0,,0,,0,0,0,0,0,0,0,0,,0,0,0,,0,,0,,0,,0,0,,0,0,,0,,,0,25,75,0,0,0,0,0,0,0,0,0
2025,647,Johnny Mundt,JAX,TE,1,16,DEN,22.22222222222222,0,35.3,2,16.7,0,0,0,0,,0,0,0,0,,,0,,0,,0,,0,0,0,0,0,0,0,0,,0,0,0,,0,,0,,0,,0,0,,0,0,,0,,,0,50,50,0,0,0,0,0,0,0,0,0
2025,648,Johnny Mundt,JAX,TE,1,17,IND,11.11111111111111,0,25,1,7.1,0,0,0,0,,0,0,0,0,,,0,,0,,0,,0,0,0,0,0,0,0,0,,0,0,0,,0,,0,,0,,0,0,,0,0,,0,,,0,0,100,0,0,0,0,0,0,0,0,0
2025,649,Johnny Mundt,JAX,TE,1,18,TEN,22.22222222222222,0,31,2,11.8,0,0,0,0,,0,0,0,0,,,0,,0,,0,,0,0,0,0,0,0,0,0,,0,0,0,,0,,0,,0,,0,0,,0,0,,0,,,0,0,100,0,0,0,0,0,0,0,0,0
2025,650,George Kittle,SF,TE,1,13,CLV,29.166666666666668,0,85.9,7,100,0,0,0,0,,0,0,0,0,,,0,,0,,0,,0,0,0,0,0,0,0,0,,0,0,0,,0,,0,,0,,0,0,,0,0,,0,,,0,28.6,71.4,0,0,0,0,0,0,0,0,0
2025,651,George Kittle,SF,TE,1,15,TEN,37.5,0,95.7,9,69.2,0,0,0,0,,0,0,0,0,,,0,,0,,0,,0,0,0,0,0,0,0,0,,0,0,0,,0,,0,,0,,0,0,,0,0,,0,,,0,22.2,55.6,22.2,0,0,0,0,0,0,0,0
2025,652,George Kittle,SF,TE,1,18,SEA,16.666666666666664,0,95.2,4,80,0,0,0,0,,0,0,0,0,,,0,,0,,0,,0,0,0,0,0,0,0,0,,0,0,0,,0,,0,,0,,0,0,,0,0,,0,,,25,25,50,0,0,0,0,0,0,0,0,0
2025,653,Kendrick Bourne,SF,WR,1,13,CLV,20.833333333333336,12.5,34.4,5,71.4,1,14.3,0,0.2,20,20,20.2,0,0,0,0,0,0,0,0,0,0,0,0.01,0,0,0,0,0,0,39.6,1,16.7,0,0,1,100,1,0,0,0,1,0,0,0,0,0,20,-10.87,-1.165,40,60,0,0,0,1.5,0,1.52,-1.52,0,0.3,1.5
2025,654,Kendrick Bourne,SF,WR,1,17,CHI,4.166666666666666,0,27.9,1,9.1,0,0,0,0,,0,0,0,0,,,0,,0,,0,,0,0,0,0,0,0,0,0,,0,0,0,,0,,0,,0,,0,0,,0,0,,0,,,0,100,0,0,0,0,0,0,0,0,0,0
2025,655,Kendrick Bourne,SF,WR,1,18,SEA,12.5,0,52.4,3,60,0,0,0,0,,0,0,0,0,,,0,,0,,0,,0,0,0,0,0,0,0,0,,0,0,0,,0,,0,,0,,0,0,,0,0,,0,,,0,100,0,0,0,0,0,0,0,0,0,0
2025,656,Taysom Hill,NO,TE,1,13,MIA,5.555555555555555,0,17.4,1,7.7,0,0,0,0,,0,0,0,0,,,0,,0,,0,,0,0,0,0,0,0,0,0,,0,0,0,,0,,0,,0,,0,0,,0,0,,0,,,0,0,100,0,0,0,0,0,0,0,0,0
2025,657,Taysom Hill,NO,TE,1,14,TB,11.11111111111111,0,41.8,2,40,0,0,0,0,,0,0,0,0,,,0,,0,,0,,0,0,0,0,0,0,0,0,,0,0,0,,0,,0,,0,,0,0,,0,0,,0,,,0,100,0,0,0,0,0,0,0,0,0,0
2025,658,Taysom Hill,NO,TE,1,15,CAR,5.555555555555555,0,23.8,1,7.1,0,0,0,0,,0,0,0,0,,,0,,0,,0,,0,0,0,0,0,0,0,0,,0,0,0,,0,,0,,0,,0,0,,0,0,,0,,,0,0,0,100,0,0,0,0,0,0,0,0
2025,659,Taysom Hill,NO,TE,1,17,TEN,11.11111111111111,0,13.5,2,18.2,0,0,0,0,,0,0,0,0,,,0,,0,,0,,0,0,0,0,0,0,0,0,,0,0,0,,0,,0,,0,,0,0,,0,0,,0,,,50,50,0,0,0,0,0,0,0,0,0,0
2025,660,Tim Patrick,JAX,WR,1,15,NYJ,23.809523809523807,0,44.1,5,41.7,0,0,0,0,,0,0,0,0,,,0,,0,,0,,0,0,0,0,0,0,0,0,,0,0,0,,0,,0,,0,,0,0,,0,0,,0,,,20,80,0,0,0,0,0,0,0,0,0,0
2025,661,Tim Patrick,JAX,WR,1,16,DEN,9.523809523809524,0,26.5,2,16.7,0,0,0,0,,0,0,0,0,,,0,,0,,0,,0,0,0,0,0,0,0,0,,0,0,0,,0,,0,,0,,0,0,,0,0,,0,,,50,50,0,0,0,0,0,0,0,0,0,0
2025,662,Tim Patrick,JAX,WR,1,17,IND,4.761904761904762,20,17.6,1,7.1,1,7.1,0,1,15,15,8.6,0,0,0,0,0,0,0,0,0,0,0,0,0,0,0,0,0,0,39.6,1,9.1,0,0,0,0,0,0,0,0,0,0,0,0,0,0,100,-10.41,-0.869,100,0,0,0,0,0,0,0.01,-0.01,0,0.01,0
2025,663,Pharaoh Brown,ARZ,TE,1,13,TB,50,0,11.5,1,8.3,0,0,0,0,,0,0,0,0,,,0,,0,,0,,0,0,0,0,0,0,0,0,,0,0,0,,0,,0,,0,,0,0,,0,0,,0,,,0,0,0,100,0,0,0,0,0,0,0,0
2025,664,Pharaoh Brown,ARZ,TE,1,15,HST,50,0,17.5,1,6.3,0,0,0,0,,0,0,0,0,,,0,,0,,0,,0,0,0,0,0,0,0,0,,0,0,0,,0,,0,,0,,0,0,,0,0,,0,,,0,0,100,0,0,0,0,0,0,0,0,0
2025,665,Anthony Firkser,DET,TE,1,13,GB,3.225806451612903,0,23.3,1,9.1,0,0,0,0,,0,0,0,0,,,0,,0,,0,,0,0,0,0,0,0,0,0,,0,0,0,,0,,0,,0,,0,0,,0,0,,0,,,0,100,0,0,0,0,0,0,0,0,0,0
2025,666,Anthony Firkser,DET,TE,1,14,DAL,12.903225806451612,0,56.1,4,44.4,0,0,0,0,,0,0,0,0,,,0,,0,,0,,0,0,0,0,0,0,0,0,,0,0,0,,0,,0,,0,,0,0,,0,0,,0,,,0,25,75,0,0,0,0,0,0,0,0,0
2025,667,Anthony Firkser,DET,TE,1,15,LA,22.58064516129032,0,35.5,7,38.9,0,0,0,0,,0,0,0,0,,,0,,0,,0,,0,0,0,0,0,0,0,0,,0,0,0,,0,,0,,0,,0,0,,0,0,,0,,,0,28.6,57.1,14.3,0,0,0,0,0,0,0,0
2025,668,Anthony Firkser,DET,TE,1,17,MIN,16.129032258064516,0,54.7,5,38.5,0,0,0,0,,0,0,0,0,,,0,,0,,0,,0,0,0,0,0,0,0,0,,0,0,0,,0,,0,,0,,0,0,,0,0,,0,,,20,80,0,0,0,0,0,0,0,0,0,0
2025,669,Eric Saubert,SEA,TE,1,15,IND,18.181818181818183,0,35.6,2,11.8,0,0,0,0,,0,0,0,0,,,0,,0,,0,,0,0,0,0,0,0,0,0,,0,0,0,,0,,0,,0,,0,0,,0,0,,0,,,0,50,50,0,0,0,0,0,0,0,0,0
2025,670,Eric Saubert,SEA,TE,1,16,LA,36.36363636363637,0,39.7,4,33.3,0,0,0,0,,0,0,0,0,,,0,,0,,0,,0,0,0,0,0,0,0,0,,0,0,0,,0,,0,,0,,0,0,,0,0,,0,,,0,25,75,0,0,0,0,0,0,0,0,0
2025,671,Eric Saubert,SEA,TE,1,17,CAR,27.27272727272727,0,51.5,3,25,0,0,0,0,,0,0,0,0,,,0,,0,,0,,0,0,0,0,0,0,0,0,,0,0,0,,0,,0,,0,,0,0,,0,0,,0,,,0,0,100,0,0,0,0,0,0,0,0,0
2025,672,Eric Saubert,SEA,TE,1,18,SF,18.181818181818183,0,71.6,2,25,0,0,0,0,,0,0,0,0,,,0,,0,,0,,0,0,0,0,0,0,0,0,,0,0,0,,0,,0,,0,,0,0,,0,0,,0,,,0,0,100,0,0,0,0,0,0,0,0,0
2025,673,Noah Brown,WAS,WR,1,15,NYG,12.5,0,15.5,1,16.7,0,0,0,0,,0,0,0,0,,,0,,0,,0,,0,0,0,0,0,0,0,0,,0,0,0,,0,,0,,0,,0,0,,0,0,,0,,,0,100,0,0,0,0,0,0,0,0,0,0
2025,674,JuJu Smith-Schuster,KC,WR,1,13,DAL,10.714285714285714,0,31.7,3,27.3,0,0,0,0,,0,0,0,0,,,0,,0,,0,,0,0,0,0,0,0,0,0,,0,0,0,,0,,0,,0,,0,0,,0,0,,0,,,0,100,0,0,0,0,0,0,0,0,0,0
2025,675,JuJu Smith-Schuster,KC,WR,1,14,HST,7.142857142857142,0,37.5,2,16.7,0,0,0,0,,0,0,0,0,,,0,,0,,0,,0,0,0,0,0,0,0,0,,0,0,0,,0,,0,,0,,0,0,,0,0,,0,,,50,50,0,0,0,0,0,0,0,0,0,0
2025,676,JuJu Smith-Schuster,KC,WR,1,15,LAC,21.428571428571427,14.285714285714285,52.5,6,54.5,1,9.1,0,0.17,2,2,1.9,0,0,0,0,0,0,0,0,0,0,0,0,0,1,0,0,0,0,39.6,1,12.5,0,0,0,0,0,0,0,0,0,0,0,0,0,0,12.5,-5.33,-0.472,66.7,33.3,0,0,0,0,0,0.01,-0.01,0,0,0
2025,677,Jonnu Smith,PIT,TE,1,14,BLT,21.052631578947366,0,51,4,28.6,0,0,0,0,,0,0,0,0,,,0,,0,,0,,0,0,0,0,0,0,0,0,,0,0,0,,0,,0,,0,,0,0,,0,0,,0,,,0,50,25,25,0,0,0,0,0,0,0,0
2025,678,Jonnu Smith,PIT,TE,1,16,DET,21.052631578947366,0,37.1,4,26.7,0,0,0,0,,0,0,0,0,,,0,,0,,0,,0,0,0,0,0,0,0,0,,0,0,0,,0,,0,,0,,0,0,,0,0,,0,,,50,25,25,0,0,0,0,0,0,0,0,0
2025,679,Jonnu Smith,PIT,TE,1,18,BLT,10.526315789473683,0,43.8,2,11.1,0,0,0,0,,0,0,0,0,,,0,,0,,0,,0,0,0,0,0,0,0,0,,0,0,0,,0,,0,,0,,0,0,,0,0,,0,,,0,50,50,0,0,0,0,0,0,0,0,0
2025,680,Evan Engram,DEN,TE,1,13,WAS,21.052631578947366,0,55.1,8,72.7,0,0,0,0,,0,0,0,0,,,0,,0,,0,,0,0,0,0,0,0,0,0,,0,0,0,,0,,0,,0,,0,0,,0,0,,0,,,50,25,25,0,0,0,0,0,0,0,0,0
2025,681,Evan Engram,DEN,TE,1,14,LV,21.052631578947366,0,36.1,8,44.4,0,0,0,0,,0,0,0,0,,,0,,0,,0,,0,0,0,0,0,0,0,0,,0,0,0,,0,,0,,0,,0,0,,0,0,,0,,,12.5,37.5,50,0,0,0,0,0,0,0,0,0
2025,682,Evan Engram,DEN,TE,1,15,GB,7.894736842105263,0,29.2,3,18.8,0,0,0,0,,0,0,0,0,,,0,,0,,0,,0,0,0,0,0,0,0,0,,0,0,0,,0,,0,,0,,0,0,,0,0,,0,,,0,33.3,66.7,0,0,0,0,0,0,0,0,0
2025,683,Evan Engram,DEN,TE,1,18,LAC,5.263157894736842,0,39.7,2,50,0,0,0,0,,0,0,0,0,,,0,,0,,0,,0,0,0,0,0,0,0,0,,0,0,0,,0,,0,,0,,0,0,,0,0,,0,,,0,100,0,0,0,0,0,0,0,0,0,0
2025,684,David Njoku,CLV,TE,1,13,SF,100,0,50,3,50,0,0,0,0,,0,0,0,0,,,0,,0,,0,,0,0,0,0,0,0,0,0,,0,0,0,,0,,0,,0,,0,0,,0,0,,0,,,0,33.3,66.7,0,0,0,0,0,0,0,0,0
2025,685,Cooper Kupp,SEA,WR,1,14,ATL,20.833333333333336,0,72.4,10,90.9,0,0,0,0,,0,0,0,0,,,0,,0,,0,,0,0,0,0,0,0,0,0,,0,0,0,,0,,0,,0,,0,0,,0,0,,0,,,30,70,0,0,0,0,0,0,0,0,0,0
2025,686,Cooper Kupp,SEA,WR,1,17,CAR,16.666666666666664,9.090909090909092,87.9,8,66.7,1,8.3,0,0.13,18,18,16.4,0,0,0,0,0,0,0,0,0,0,0,0.79,0,1,1,0,0,0,39.6,1,8.3,0,0,1,100,0,0,1,100,1,0,0,0,0,0,9.1,-10.9,-0.746,37.5,62.5,0,0,0,5.9,0,5.95,-5.95,0,0.74,5.9
2025,687,Ross Dwelley,DET,TE,1,13,GB,77.77777777777779,0,73.3,7,63.6,0,0,0,0,,0,0,0,0,,,0,,0,,0,,0,0,0,0,0,0,0,0,,0,0,0,,0,,0,,0,,0,0,,0,0,,0,,,0,42.9,57.1,0,0,0,0,0,0,0,0,0
2025,688,Ross Dwelley,DET,TE,1,14,DAL,22.22222222222222,0,28.1,2,22.2,0,0,0,0,,0,0,0,0,,,0,,0,,0,,0,0,0,0,0,0,0,0,,0,0,0,,0,,0,,0,,0,0,,0,0,,0,,,0,50,50,0,0,0,0,0,0,0,0,0
2025,689,Will Dissly,LAC,TE,1,15,KC,27.27272727272727,0,32.3,3,33.3,0,0,0,0,,0,0,0,0,,,0,,0,,0,,0,0,0,0,0,0,0,0,,0,0,0,,0,,0,,0,,0,0,,0,0,,0,,,0,33.3,66.7,0,0,0,0,0,0,0,0,0
2025,690,Will Dissly,LAC,TE,1,16,DAL,27.27272727272727,0,22.6,3,25,0,0,0,0,,0,0,0,0,,,0,,0,,0,,0,0,0,0,0,0,0,0,,0,0,0,,0,,0,,0,,0,0,,0,0,,0,,,33.3,0,66.7,0,0,0,0,0,0,0,0,0
2025,691,Will Dissly,LAC,TE,1,18,DEN,45.45454545454545,0,43.5,5,29.4,0,0,0,0,,0,0,0,0,,,0,,0,,0,,0,0,0,0,0,0,0,0,,0,0,0,,0,,0,,0,,0,0,,0,0,,0,,,0,80,20,0,0,0,0,0,0,0,0,0
2025,692,Tyler Conklin,LAC,TE,1,18,DEN,100,0,31.9,6,35.3,0,0,0,0,,0,0,0,0,,,0,,0,,0,,0,0,0,0,0,0,0,0,,0,0,0,,0,,0,,0,,0,0,,0,0,,0,,,0,100,0,0,0,0,0,0,0,0,0,0
2025,693,Marquez Valdes-Scantling,PIT,WR,1,14,BLT,11.904761904761903,5.555555555555555,31.4,5,35.7,1,7.1,0,0.2,4,4,1.9,0,0,0,0,0,0,0,0,0,0,0,0,0,0,0,0,0,0,39.6,1,9.1,0,0,1,100,0,0,0,0,1,0,0,0,0,0,20,-6.05,-0.687,60,40,0,0,0,1.1,0,1.08,-1.08,0,0.22,1.1
2025,694,Courtland Sutton,DEN,WR,1,18,LAC,6.153846153846154,2.7027027027027026,77.6,4,100,1,25,0,0.25,10,10,32.3,0,0,0,0,0,0,0,0,0,0,0,0,0,0,0,0,0,0,39.6,1,25,0,0,0,0,0,0,0,0,0,0,0,0,0,0,25,-7.5,-1.5,25,75,0,0,0,0,0,-0.02,0.02,0,-0.01,0
2025,695,Dallas Goedert,PHI,TE,1,13,CHI,20.754716981132077,16.666666666666664,88.2,11,78.6,1,7.1,0,0.09,11,11,7,0,0,0,0,0,0,0,0,0,0,0,0,0,0,0,0,0,0,39.6,0,0,0,0,0,0,0,0,0,0,0,0,0,0,0,0,8.3,-8.74,-1.503,9.1,54.5,36.4,0,0,0,0,0,0,0,0,0
2025,696,Dallas Goedert,PHI,TE,1,16,WAS,24.528301886792452,0,86.4,13,81.3,0,0,0,0,,0,0,0,0,,,0,,0,,0,,0,0,0,0,0,0,0,0,,0,0,0,,0,,0,,0,,0,0,,0,0,,0,,,0,69.2,30.8,0,0,0,0,0,0,0,0,0
2025,697,Ian Thomas,LV,TE,1,13,LAC,50,0,56.5,6,75,0,0,0,0,,0,0,0,0,,,0,,0,,0,,0,0,0,0,0,0,0,0,,0,0,0,,0,,0,,0,,0,0,,0,0,,0,,,0,33.3,66.7,0,0,0,0,0,0,0,0,0
2025,698,Ian Thomas,LV,TE,1,14,DEN,25,0,50,3,23.1,0,0,0,0,,0,0,0,0,,,0,,0,,0,,0,0,0,0,0,0,0,0,,0,0,0,,0,,0,,0,,0,0,,0,0,,0,,,0,0,100,0,0,0,0,0,0,0,0,0
2025,699,Ian Thomas,LV,TE,1,17,NYG,8.333333333333332,0,37,1,8.3,0,0,0,0,,0,0,0,0,,,0,,0,,0,,0,0,0,0,0,0,0,0,,0,0,0,,0,,0,,0,,0,0,,0,0,,0,,,0,0,100,0,0,0,0,0,0,0,0,0
2025,700,Ian Thomas,LV,TE,1,18,KC,16.666666666666664,0,37.7,2,15.4,0,0,0,0,,0,0,0,0,,,0,,0,,0,,0,0,0,0,0,0,0,0,,0,0,0,,0,,0,,0,,0,0,,0,0,,0,,,0,50,50,0,0,0,0,0,0,0,0,0
2025,701,Dalton Schultz,HST,TE,1,14,KC,15.517241379310345,0,73.8,9,75,0,0,0,0,,0,0,0,0,,,0,,0,,0,,0,0,0,0,0,0,0,0,,0,0,0,,0,,0,,0,,0,0,,0,0,,0,,,0,22.2,77.8,0,0,0,0,0,0,0,0,0
2025,702,Dalton Schultz,HST,TE,1,16,LV,18.96551724137931,0,68.9,11,73.3,0,0,0,0,,0,0,0,0,,,0,,0,,0,,0,0,0,0,0,0,0,0,,0,0,0,,0,,0,,0,,0,0,,0,0,,0,,,9.1,54.5,36.4,0,0,0,0,0,0,0,0,0
2025,703,Justin Watson,HST,WR,1,18,IND,100,0,18.8,1,7.1,0,0,0,0,,0,0,0,0,,,0,,0,,0,,0,0,0,0,0,0,0,0,,0,0,0,,0,,0,,0,,0,0,,0,0,,0,,,100,0,0,0,0,0,0,0,0,0,0,0
2025,704,Cedrick Wilson,MIA,WR,1,13,NO,5.88235294117647,16.666666666666664,16.9,1,12.5,1,12.5,0,1,27,27,17.5,0,0,0,0,0,0,0,0,0,0,0,0,0,0,0,0,0,0,39.6,0,0,0,0,0,0,1,0,0,0,0,0,0,0,0,0,100,-11.91,-0.779,100,0,0,0,0,0,0,-0.05,0.05,0,-0.05,0
2025,705,Cedrick Wilson,MIA,WR,1,14,NYJ,5.88235294117647,0,19,1,11.1,0,0,0,0,,0,0,0,0,,,0,,0,,0,,0,0,0,0,0,0,0,0,,0,0,0,,0,,0,,0,,0,0,,0,0,,0,,,100,0,0,0,0,0,0,0,0,0,0,0
2025,706,Cedrick Wilson,MIA,WR,1,15,PIT,5.88235294117647,0,20.8,1,12.5,0,0,0,0,,0,0,0,0,,,0,,0,,0,,0,0,0,0,0,0,0,0,,0,0,0,,0,,0,,0,,0,0,,0,0,,0,,,100,0,0,0,0,0,0,0,0,0,0,0
2025,707,Cedrick Wilson,MIA,WR,1,18,NE,29.411764705882355,33.33333333333333,64.8,5,33.3,2,13.3,0,0.4,15.5,31,16.8,0,0,0,0,0,0,0,0,0,0,0,0.06,0,1,1,0,0,0,39.6,1,7.7,0,0,1,50,0,0,0,0,1,0,0,0,0,0,28.6,-10.25,-2.399,60,40,0,0,0,0.8,0,0.8,-0.8,0,0.16,0.8
2025,708,Trent Sherfield,ARZ,WR,1,14,LA,66.66666666666666,100,14.8,2,11.1,1,5.6,0,0.5,6,6,3.2,0,0,0,0,0,0,0,0,0,0,0,0,0,1,0,0,0,0,39.6,0,0,0,0,0,0,0,0,0,0,0,0,0,0,0,0,50,-6.95,-0.473,100,0,0,0,0,0,0,-0.02,0.02,0,-0.01,0
2025,709,Trent Sherfield,ARZ,WR,1,15,HST,33.33333333333333,0,22.2,1,6.3,0,0,0,0,,0,0,0,0,,,0,,0,,0,,0,0,0,0,0,0,0,0,,0,0,0,,0,,0,,0,,0,0,,0,0,,0,,,0,100,0,0,0,0,0,0,0,0,0,0
2025,710,Allen Lazard,NYJ,WR,1,13,ATL,50,0,27,5,29.4,0,0,0,0,,0,0,0,0,,,0,,0,,0,,0,0,0,0,0,0,0,0,,0,0,0,,0,,0,,0,,0,0,,0,0,,0,,,40,60,0,0,0,0,0,0,0,0,0,0
2025,711,Allen Lazard,NYJ,WR,1,14,MIA,20,0,15.8,2,14.3,0,0,0,0,,0,0,0,0,,,0,,0,,0,,0,0,0,0,0,0,0,0,,0,0,0,,0,,0,,0,,0,0,,0,0,,0,,,0,100,0,0,0,0,0,0,0,0,0,0
2025,712,Tanner Hudson,CIN,TE,1,13,BLT,15.384615384615385,0,7.5,2,9.1,0,0,0,0,,0,0,0,0,,,0,,0,,0,,0,0,0,0,0,0,0,0,,0,0,0,,0,,0,,0,,0,0,,0,0,,0,,,0,100,0,0,0,0,0,0,0,0,0,0
2025,713,Tanner Hudson,CIN,TE,1,14,BUF,7.6923076923076925,0,10.7,1,7.1,0,0,0,0,,0,0,0,0,,,0,,0,,0,,0,0,0,0,0,0,0,0,,0,0,0,,0,,0,,0,,0,0,,0,0,,0,,,0,100,0,0,0,0,0,0,0,0,0,0
2025,714,Tanner Hudson,CIN,TE,1,15,BLT,30.76923076923077,0,25.4,4,26.7,0,0,0,0,,0,0,0,0,,,0,,0,,0,,0,0,0,0,0,0,0,0,,0,0,0,,0,,0,,0,,0,0,,0,0,,0,,,0,25,50,25,0,0,0,0,0,0,0,0
2025,715,Tanner Hudson,CIN,TE,1,16,MIA,7.6923076923076925,0,24.6,1,12.5,0,0,0,0,,0,0,0,0,,,0,,0,,0,,0,0,0,0,0,0,0,0,,0,0,0,,0,,0,,0,,0,0,,0,0,,0,,,0,100,0,0,0,0,0,0,0,0,0,0
2025,716,Tanner Hudson,CIN,TE,1,18,CLV,7.6923076923076925,0,9.1,1,6.7,0,0,0,0,,0,0,0,0,,,0,,0,,0,,0,0,0,0,0,0,0,0,,0,0,0,,0,,0,,0,,0,0,,0,0,,0,,,0,0,100,0,0,0,0,0,0,0,0,0
2025,717,Mark Andrews,BLT,TE,1,13,CIN,30,0,68.4,9,75,0,0,0,0,,0,0,0,0,,,0,,0,,0,,0,0,0,0,0,0,0,0,,0,0,0,,0,,0,,0,,0,0,,0,0,,0,,,0,88.9,11.1,0,0,0,0,0,0,0,0,0
2025,718,Mark Andrews,BLT,TE,1,14,PIT,20,0,66.2,6,60,0,0,0,0,,0,0,0,0,,,0,,0,,0,,0,0,0,0,0,0,0,0,,0,0,0,,0,,0,,0,,0,0,,0,0,,0,,,16.7,83.3,0,0,0,0,0,0,0,0,0,0
2025,719,Mark Andrews,BLT,TE,1,18,PIT,6.666666666666667,0,58.3,2,50,0,0,0,0,,0,0,0,0,,,0,,0,,0,,0,0,0,0,0,0,0,0,,0,0,0,,0,,0,,0,,0,0,,0,0,,0,,,0,100,0,0,0,0,0,0,0,0,0,0
2025,720,Christian Kirk,HST,WR,1,13,IND,18.6046511627907,0,46.5,8,53.3,0,0,0,0,,0,0,0,0,,,0,,0,,0,,0,0,0,0,0,0,0,0,,0,0,0,,0,,0,,0,,0,0,,0,0,,0,,,0,100,0,0,0,0,0,0,0,0,0,0
2025,721,Christian Kirk,HST,WR,1,15,ARZ,9.30232558139535,0,25.4,4,66.7,0,0,0,0,,0,0,0,0,,,0,,0,,0,,0,0,0,0,0,0,0,0,,0,0,0,,0,,0,,0,,0,0,,0,0,,0,,,0,100,0,0,0,0,0,0,0,0,0,0
2025,722,Christian Kirk,HST,WR,1,16,LV,18.6046511627907,20,59,8,53.3,1,6.7,0,0.13,3,3,1.5,0,0,0,0,0,0,0,0,0,0,0,0,0,0,0,0,0,0,39.6,1,7.7,0,0,0,0,0,0,0,0,0,0,0,0,0,0,12.5,-5.45,-1.003,37.5,62.5,0,0,0,0,0,0.01,-0.01,0,0,0
2025,723,Durham Smythe,CHI,TE,1,13,PHI,9.090909090909092,0,24.7,1,6.3,0,0,0,0,,0,0,0,0,,,0,,0,,0,,0,0,0,0,0,0,0,0,,0,0,0,,0,,0,,0,,0,0,,0,0,,0,,,0,0,100,0,0,0,0,0,0,0,0,0
2025,724,Durham Smythe,CHI,TE,1,14,GB,45.45454545454545,0,29.4,5,38.5,0,0,0,0,,0,0,0,0,,,0,,0,,0,,0,0,0,0,0,0,0,0,,0,0,0,,0,,0,,0,,0,0,,0,0,,0,,,0,20,20,60,0,0,0,0,0,0,0,0
2025,725,Durham Smythe,CHI,TE,1,15,CLV,27.27272727272727,0,37.5,3,23.1,0,0,0,0,,0,0,0,0,,,0,,0,,0,,0,0,0,0,0,0,0,0,,0,0,0,,0,,0,,0,,0,0,,0,0,,0,,,0,33.3,33.3,33.3,0,0,0,0,0,0,0,0
2025,726,Durham Smythe,CHI,TE,1,18,DET,18.181818181818183,0,23.1,2,13.3,0,0,0,0,,0,0,0,0,,,0,,0,,0,,0,0,0,0,0,0,0,0,,0,0,0,,0,,0,,0,,0,0,,0,0,,0,,,0,0,100,0,0,0,0,0,0,0,0,0
2025,727,DJ Moore,CHI,WR,1,17,SF,15.151515151515152,5.263157894736842,92.2,10,100,1,10,0,0.1,4,4,4.1,0,0,0,0,0,0,0,0,0,0,0,0,0,0,0,0,0,0,39.6,1,20,0,0,1,100,0,0,0,0,1,0,0,0,0,0,10,-6.05,-1.467,70,30,0,0,0,0.8,0,0.84,-0.84,0,0.08,0.8
2025,728,DJ Moore,CHI,WR,1,18,DET,15.151515151515152,5.263157894736842,84.6,10,66.7,1,6.7,0,0.1,36,36,25.4,0,0,0,0,0,0,0,0,0,0,0,0.13,0,0,0,0,0,0,0,1,7.7,0,0,1,100,1,0,0,0,1,0,0,0,0,0,9.1,-13.75,-4.031,40,60,0,0,0,1.8,0,1.84,-1.84,0,0.18,1.8
2025,729,Mike Gesicki,CIN,TE,1,13,BLT,26.666666666666668,33.33333333333333,28.7,12,54.5,1,4.5,0,0.08,1,1,0.3,0,0,0,0,0,0,0,0,0,0,0,0.09,0,1,0,0,0,0,39.6,1,5.9,0,0,1,100,0,0,1,100,1,0,0,0,0,0,8.3,-5.78,-2.912,16.7,83.3,0,0,0,0.8,0,0.84,-0.84,0,0.07,0.8
2025,730,Mike Gesicki,CIN,TE,1,15,BLT,20,0,54.9,9,60,0,0,0,0,,0,0,0,0,,,0,,0,,0,,0,0,0,0,0,0,0,0,,0,0,0,,0,,0,,0,,0,0,,0,0,,0,,,0,100,0,0,0,0,0,0,0,0,0,0
2025,731,Mike Gesicki,CIN,TE,1,16,MIA,8.88888888888889,0,47.5,4,50,0,0,0,0,,0,0,0,0,,,0,,0,,0,,0,0,0,0,0,0,0,0,,0,0,0,,0,,0,,0,,0,0,,0,0,,0,,,0,100,0,0,0,0,0,0,0,0,0,0
2025,732,Mike Gesicki,CIN,TE,1,18,CLV,15.555555555555555,0,36.4,7,46.7,0,0,0,0,,0,0,0,0,,,0,,0,,0,,0,0,0,0,0,0,0,0,,0,0,0,,0,,0,,0,,0,0,,0,0,,0,,,0,100,0,0,0,0,0,0,0,0,0,0
2025,733,Dante Pettis,NO,WR,1,14,TB,4,0,3.6,1,20,0,0,0,0,,0,0,0,0,,,0,,0,,0,,0,0,0,0,0,0,0,0,,0,0,0,,0,,0,,0,,0,0,,0,0,,0,,,0,100,0,0,0,0,0,0,0,0,0,0
2025,734,Dante Pettis,NO,WR,1,16,NYJ,12,20,15.4,3,13.6,1,4.5,0,0.33,17,17,7.2,0,0,0,0,0,0,0,0,0,0,0,0,0,0,0,0,0,0,39.6,1,4.5,0,0,0,0,0,0,0,0,0,0,0,0,0,0,25,-11.67,-1.224,100,0,0,0,0,0,0,0.02,-0.02,0,0.01,0
2025,735,Steven Sims,ARZ,WR,1,16,ATL,100,100,12.5,1,9.1,1,9.1,0,1,2,2,1.2,0,0,0,0,0,0,0,0,0,0,0,0,0,0,0,0,0,0,39.6,0,0,0,0,1,100,0,0,1,100,0,0,0,0,0,0,100,-5.33,-0.556,100,0,0,0,0,1.7,0,1.68,-1.68,0,1.68,1.7
2025,736,Foster Moreau,NO,TE,1,13,MIA,9.090909090909092,0,39.1,1,7.7,0,0,0,0,,0,0,0,0,,,0,,0,,0,,0,0,0,0,0,0,0,0,,0,0,0,,0,,0,,0,,0,0,,0,0,,0,,,0,0,100,0,0,0,0,0,0,0,0,0
2025,737,Foster Moreau,NO,TE,1,15,CAR,45.45454545454545,0,42.9,5,35.7,0,0,0,0,,0,0,0,0,,,0,,0,,0,,0,0,0,0,0,0,0,0,,0,0,0,,0,,0,,0,,0,0,,0,0,,0,,,0,20,80,0,0,0,0,0,0,0,0,0
2025,738,Foster Moreau,NO,TE,1,16,NYJ,45.45454545454545,0,28.2,5,22.7,0,0,0,0,,0,0,0,0,,,0,,0,,0,,0,0,0,0,0,0,0,0,,0,0,0,,0,,0,,0,,0,0,,0,0,,0,,,0,40,60,0,0,0,0,0,0,0,0,0
2025,739,Ashton Dulin,IND,WR,1,17,JAX,25,0,14.5,1,9.1,0,0,0,0,,0,0,0,0,,,0,,0,,0,,0,0,0,0,0,0,0,0,,0,0,0,,0,,0,,0,,0,0,,0,0,,0,,,100,0,0,0,0,0,0,0,0,0,0,0
2025,740,Ashton Dulin,IND,WR,1,18,HST,75,100,35.9,3,30,2,20,0,0.67,25.5,51,24.2,0,0,0,0,0,0,0,0,0,0,0,0,0,0,0,0,0,0,39.6,1,11.1,0,0,0,0,1,0,0,0,0,0,0,0,0,0,66.7,-11.66,-0.596,66.7,33.3,0,0,0,0.1,0,0.12,-0.12,0,0.04,0.1
2025,741,Olamide Zaccheaus,CHI,WR,1,15,CLV,25.806451612903224,22.22222222222222,82.8,8,61.5,2,15.4,0,0.25,9.5,19,9.6,0,0,0,0,0,0,0,0,0,0,0,0,0,1,0,0,0,0,39.6,1,11.1,0,0,0,0,0,0,0,0,0,0,0,0,0,0,22.2,-8.23,-0.399,37.5,62.5,0,0,0,0,0,0.05,-0.05,0,0.01,0
2025,742,Olamide Zaccheaus,CHI,WR,1,18,DET,9.67741935483871,0,11.5,3,20,0,0,0,0,,0,0,0,0,,,0,,0,,0,,0,0,0,0,0,0,0,0,,0,0,0,,0,,0,,0,,0,0,,0,0,,0,,,33.3,66.7,0,0,0,0,0,0,0,0,0,0
2025,743,T.J. Hockenson,MIN,TE,1,13,SEA,33.33333333333333,0,78,9,69.2,0,0,0,0,,0,0,0,0,,,0,,0,,0,,0,0,0,0,0,0,0,0,,0,0,0,,0,,0,,0,,0,0,,0,0,,0,,,22.2,22.2,55.6,0,0,0,0,0,0,0,0,0
2025,744,T.J. Hockenson,MIN,TE,1,14,WAS,22.22222222222222,100,57.4,6,46.2,1,7.7,0,0.17,8,8,5.6,0,0,0,0,0,0,0,0,0,0,0,0,0,0,0,0,0,0,39.6,1,8.3,0,0,0,0,0,0,0,0,0,0,0,0,0,0,12.5,-7.72,-1.666,33.3,33.3,33.3,0,0,0,0,-0.01,0.01,0,0,0
2025,745,T.J. Hockenson,MIN,TE,1,15,DAL,29.629629629629626,0,78.8,8,88.9,0,0,0,0,,0,0,0,0,,,0,,0,,0,,0,0,0,0,0,0,0,0,,0,0,0,,0,,0,,0,,0,0,,0,0,,0,,,37.5,37.5,25,0,0,0,0,0,0,0,0,0
2025,746,T.J. Hockenson,MIN,TE,1,16,NYG,14.814814814814813,0,75.9,4,40,0,0,0,0,,0,0,0,0,,,0,,0,,0,,0,0,0,0,0,0,0,0,,0,0,0,,0,,0,,0,,0,0,,0,0,,0,,,25,50,25,0,0,0,0,0,0,0,0,0
2025,747,Josh Oliver,MIN,TE,1,13,SEA,13.636363636363635,0,44,3,23.1,0,0,0,0,,0,0,0,0,,,0,,0,,0,,0,0,0,0,0,0,0,0,,0,0,0,,0,,0,,0,,0,0,,0,0,,0,,,0,0,100,0,0,0,0,0,0,0,0,0
2025,748,Josh Oliver,MIN,TE,1,14,WAS,13.636363636363635,0,62.3,3,23.1,0,0,0,0,,0,0,0,0,,,0,,0,,0,,0,0,0,0,0,0,0,0,,0,0,0,,0,,0,,0,,0,0,,0,0,,0,,,0,33.3,66.7,0,0,0,0,0,0,0,0,0
2025,749,Josh Oliver,MIN,TE,1,15,DAL,18.181818181818183,0,61.5,4,44.4,0,0,0,0,,0,0,0,0,,,0,,0,,0,,0,0,0,0,0,0,0,0,,0,0,0,,0,,0,,0,,0,0,,0,0,,0,,,0,25,75,0,0,0,0,0,0,0,0,0
2025,750,Josh Oliver,MIN,TE,1,16,NYG,13.636363636363635,0,51.7,3,30,0,0,0,0,,0,0,0,0,,,0,,0,,0,,0,0,0,0,0,0,0,0,,0,0,0,,0,,0,,0,,0,0,,0,0,,0,,,0,0,100,0,0,0,0,0,0,0,0,0
2025,751,Josh Oliver,MIN,TE,1,17,DET,18.181818181818183,100,92.2,4,80,1,20,0,0.25,5,5,9.8,0,0,0,0,0,0,0,0,0,0,0,0,0,0,0,0,0,0,39.6,1,20,0,0,1,100,0,0,0,0,1,0,0,0,0,0,20,-6.48,-0.795,25,0,75,0,0,0.8,0,0.84,-0.84,0,0.21,0.8
2025,752,Josh Oliver,MIN,TE,1,18,GB,22.727272727272727,0,46.9,5,38.5,0,0,0,0,,0,0,0,0,,,0,,0,,0,,0,0,0,0,0,0,0,0,,0,0,0,,0,,0,,0,,0,0,,0,0,,0,,,0,60,40,0,0,0,0,0,0,0,0,0
2025,753,Scott Miller,PIT,WR,1,15,MIA,5.263157894736842,0,9.7,1,14.3,0,0,0,0,,0,0,0,0,,,0,,0,,0,,0,0,0,0,0,0,0,0,,0,0,0,,0,,0,,0,,0,0,,0,0,,0,,,0,100,0,0,0,0,0,0,0,0,0,0
2025,754,Scott Miller,PIT,WR,1,16,DET,21.052631578947366,0,21.4,4,26.7,0,0,0,0,,0,0,0,0,,,0,,0,,0,,0,0,0,0,0,0,0,0,,0,0,0,,0,,0,,0,,0,0,,0,0,,0,,,25,75,0,0,0,0,0,0,0,0,0,0
2025,755,David Sills,ATL,WR,1,14,SEA,25,26.666666666666668,93.5,11,84.6,4,30.8,0,0.36,9.5,38,39.2,0,0,0,0,0,0,0,0,0,0,0,0.02,0,2,0,0,0,0,0,4,36.4,1,25,2,50,1,0,1,25,2,0,0,0,0,0,30.8,-7.8,-1.809,81.8,18.2,0,0,0,1.3,0,1.35,-1.35,0,0.12,1.3
2025,756,David Sills,ATL,WR,1,16,ARZ,6.8181818181818175,6.666666666666667,41.1,3,21.4,1,7.1,0,0.33,1,1,0.7,0,0,0,0,0,0,0,0,0,0,0,0,0,0,0,0,0,0,39.6,0,0,0,0,0,0,0,0,0,0,0,0,0,0,0,0,33.3,-5.12,-0.557,33.3,66.7,0,0,0,0,0,-0.01,0.01,0,0,0
2025,757,David Sills,ATL,WR,1,18,NO,15.909090909090908,0,70.5,7,77.8,0,0,0,0,,0,0,0,0,,,0,,0,,0,,0,0,0,0,0,0,0,0,,0,0,0,,0,,0,,0,,0,0,,0,0,,0,,,42.9,57.1,0,0,0,0,0,0,0,0,0,0
2025,758,Lil'Jordan Humphrey,DEN,WR,1,13,WAS,3.225806451612903,14.285714285714285,20.3,1,9.1,1,9.1,0,1,2,2,3.4,0,0,0,0,0,0,0,0,0,0,0,0,0,0,0,0,0,0,39.6,0,0,0,0,0,0,0,0,0,0,0,0,0,0,0,0,100,-5.33,-0.455,100,0,0,0,0,0,0,0.02,-0.02,0,0.02,0
2025,759,Lil'Jordan Humphrey,DEN,WR,1,15,GB,35.483870967741936,14.285714285714285,69.2,11,68.8,1,6.3,0,0.09,16,16,8.2,0,0,0,0,0,0,0,0,0,0,0,0,0,0,0,0,0,0,39.6,1,9.1,0,0,0,0,0,0,0,0,0,0,0,0,0,0,7.7,-10.1,-0.617,45.5,54.5,0,0,0,0,0,0.04,-0.04,0,0,0
2025,760,Lil'Jordan Humphrey,DEN,WR,1,17,KC,29.03225806451613,14.285714285714285,60.6,9,75,1,8.3,0,0.11,22,22,17.9,0,0,0,0,0,0,0,0,0,0,0,0,0,0,0,0,0,0,0,0,0,0,0,0,0,1,0,0,0,0,0,0,0,0,0,11.1,-11.92,-2.458,22.2,66.7,11.1,0,0,0,0,0.02,-0.02,0,0,0
2025,761,Greg Dortch,ARZ,WR,1,13,TB,100,0,32.8,4,33.3,0,0,0,0,,0,0,0,0,,,0,,0,,0,,0,0,0,0,0,0,0,0,,0,0,0,,0,,0,,0,,0,0,,0,0,,0,,,50,50,0,0,0,0,0,0,0,0,0,0
2025,762,Darius Slayton,NYG,WR,1,17,LV,23.684210526315788,4.545454545454546,87.3,9,100,1,11.1,0,0.11,18,18,34,0,0,0,0,0,0,0,0,0,0,0,0,0,1,1,0,0,0,39.6,0,0,0,0,0,0,0,0,0,0,1,0,0,0,0,0,11.1,-10.9,-0.643,55.6,44.4,0,0,0,0,0,-0.05,0.05,0,-0.01,0
2025,763,Alex Bachman,LV,WR,1,17,NYG,50,0,20.4,1,8.3,0,0,0,0,,0,0,0,0,,,0,,0,,0,,0,0,0,0,0,0,0,0,,0,0,0,,0,,0,,0,,0,0,,0,0,,0,,,0,100,0,0,0,0,0,0,0,0,0,0
2025,764,Drew Sample,CIN,TE,1,13,BLT,29.411764705882355,0,58.8,10,45.5,0,0,0,0,,0,0,0,0,,,0,,0,,0,,0,0,0,0,0,0,0,0,,0,0,0,,0,,0,,0,,0,0,,0,0,,0,,,10,0,40,50,0,0,0,0,0,0,0,0
2025,765,Drew Sample,CIN,TE,1,14,BUF,2.941176470588235,0,46.4,1,7.1,0,0,0,0,,0,0,0,0,,,0,,0,,0,,0,0,0,0,0,0,0,0,,0,0,0,,0,,0,,0,,0,0,,0,0,,0,,,0,0,100,0,0,0,0,0,0,0,0,0
2025,766,Drew Sample,CIN,TE,1,15,BLT,17.647058823529413,0,54.9,6,40,0,0,0,0,,0,0,0,0,,,0,,0,,0,,0,0,0,0,0,0,0,0,,0,0,0,,0,,0,,0,,0,0,,0,0,,0,,,0,0,66.7,33.3,0,0,0,0,0,0,0,0
2025,767,Drew Sample,CIN,TE,1,16,MIA,5.88235294117647,0,65.6,2,25,0,0,0,0,,0,0,0,0,,,0,,0,,0,,0,0,0,0,0,0,0,0,,0,0,0,,0,,0,,0,,0,0,,0,0,,0,,,0,0,50,50,0,0,0,0,0,0,0,0
2025,768,Drew Sample,CIN,TE,1,17,ARZ,14.705882352941178,0,64.9,5,29.4,0,0,0,0,,0,0,0,0,,,0,,0,,0,,0,0,0,0,0,0,0,0,,0,0,0,,0,,0,,0,,0,0,,0,0,,0,,,0,20,60,20,0,0,0,0,0,0,0,0
2025,769,Drew Sample,CIN,TE,1,18,CLV,29.411764705882355,0,72.7,10,66.7,0,0,0,0,,0,0,0,0,,,0,,0,,0,,0,0,0,0,0,0,0,0,,0,0,0,,0,,0,,0,,0,0,,0,0,,0,,,0,0,100,0,0,0,0,0,0,0,0,0
2025,770,Noah Fant,CIN,TE,1,13,BLT,38.46153846153847,0,41.3,5,22.7,0,0,0,0,,0,0,0,0,,,0,,0,,0,,0,0,0,0,0,0,0,0,,0,0,0,,0,,0,,0,,0,0,,0,0,,0,,,20,40,40,0,0,0,0,0,0,0,0,0
2025,771,Noah Fant,CIN,TE,1,14,BUF,23.076923076923077,0,42.9,3,21.4,0,0,0,0,,0,0,0,0,,,0,,0,,0,,0,0,0,0,0,0,0,0,,0,0,0,,0,,0,,0,,0,0,,0,0,,0,,,0,33.3,66.7,0,0,0,0,0,0,0,0,0
2025,772,Noah Fant,CIN,TE,1,15,BLT,15.384615384615385,0,21.1,2,13.3,0,0,0,0,,0,0,0,0,,,0,,0,,0,,0,0,0,0,0,0,0,0,,0,0,0,,0,,0,,0,,0,0,,0,0,,0,,,0,100,0,0,0,0,0,0,0,0,0,0
2025,773,Noah Fant,CIN,TE,1,17,ARZ,7.6923076923076925,0,21.6,1,5.9,0,0,0,0,,0,0,0,0,,,0,,0,,0,,0,0,0,0,0,0,0,0,,0,0,0,,0,,0,,0,,0,0,,0,0,,0,,,0,0,100,0,0,0,0,0,0,0,0,0
2025,774,Noah Fant,CIN,TE,1,18,CLV,15.384615384615385,0,21.2,2,13.3,0,0,0,0,,0,0,0,0,,,0,,0,,0,,0,0,0,0,0,0,0,0,,0,0,0,,0,,0,,0,,0,0,,0,0,,0,,,0,50,50,0,0,0,0,0,0,0,0,0
2025,775,Gunner Olszewski,NYG,WR,1,13,NE,9.090909090909092,0,1.9,1,12.5,0,0,0,0,,0,0,0,0,,,0,,0,,0,,0,0,0,0,0,0,0,0,,0,0,0,,0,,0,,0,,0,0,,0,0,,0,,,0,100,0,0,0,0,0,0,0,0,0,0
2025,776,Gunner Olszewski,NYG,WR,1,18,DAL,81.81818181818183,0,84.1,9,90,0,0,0,0,,0,0,0,0,,,0,,0,,0,,0,0,0,0,0,0,0,0,,0,0,0,,0,,0,,0,,0,0,,0,0,,0,,,55.6,44.4,0,0,0,0,0,0,0,0,0,0
2025,777,Marquise Brown,KC,WR,1,14,HST,17.857142857142858,0,34.4,5,41.7,0,0,0,0,,0,0,0,0,,,0,,0,,0,,0,0,0,0,0,0,0,0,,0,0,0,,0,,0,,0,,0,0,,0,0,,0,,,40,40,0,20,0,0,0,0,0,0,0,0
2025,778,Dawson Knox,BUF,TE,1,13,PIT,33.33333333333333,100,71.6,5,55.6,1,11.1,0,0.2,-4,-4,-14.3,0,0,0,0,0,0,0,0,0,0,0,0,0,1,0,0,0,0,39.6,1,12.5,1,100,0,0,0,0,0,0,0,0,0,0,0,0,11.1,-6.34,-0.601,40,60,0,0,0,0,0,-0.03,0.03,0,-0.01,0
2025,779,Dawson Knox,BUF,TE,1,14,CIN,6.666666666666667,0,53.3,1,16.7,0,0,0,0,,0,0,0,0,,,0,,0,,0,,0,0,0,0,0,0,0,0,,0,0,0,,0,,0,,0,,0,0,,0,0,,0,,,0,0,100,0,0,0,0,0,0,0,0,0
2025,780,Dawson Knox,BUF,TE,1,15,NE,26.666666666666668,0,67.2,4,57.1,0,0,0,0,,0,0,0,0,,,0,,0,,0,,0,0,0,0,0,0,0,0,,0,0,0,,0,,0,,0,,0,0,,0,0,,0,,,0,0,100,0,0,0,0,0,0,0,0,0
2025,781,Dawson Knox,BUF,TE,1,17,PHI,33.33333333333333,0,61.6,5,62.5,0,0,0,0,,0,0,0,0,,,0,,0,,0,,0,0,0,0,0,0,0,0,,0,0,0,,0,,0,,0,,0,0,,0,0,,0,,,0,40,60,0,0,0,0,0,0,0,0,0
2025,782,Deebo Samuel,WAS,WR,1,14,MIN,13.725490196078432,0,53.1,7,77.8,0,0,0,0,,0,0,0,0,,,0,,0,,0,,0,0,0,0,0,0,0,0,,0,0,0,,0,,0,,0,,0,0,,0,0,,0,,,0,100,0,0,0,0,0,0,0,0,0,0
2025,783,Deebo Samuel,WAS,WR,1,18,PHI,15.686274509803921,11.11111111111111,73,8,100,1,12.5,0,0.13,10,10,12.5,0,0,0,0,0,0,0,0,0,0,0,0,0,0,0,0,0,0,39.6,1,16.7,0,0,0,0,0,0,0,0,0,0,0,0,0,0,12.5,-7.5,-0.526,12.5,87.5,0,0,0,0,0,0,0,0,0,0
2025,784,Andre Baccellia,ARZ,WR,1,14,LA,85.71428571428571,100,78.7,12,66.7,1,5.6,0,0.08,3,3,1.6,0,0,0,0,0,0,0,0,0,0,0,0,0,0,0,0,0,0,39.6,1,6.7,0,0,0,0,0,0,0,0,0,0,0,0,0,0,8.3,-5.45,-0.546,50,50,0,0,0,0,0,-0.02,0.02,0,0,0
2025,785,Andre Baccellia,ARZ,WR,1,15,HST,14.285714285714285,0,15.9,2,12.5,0,0,0,0,,0,0,0,0,,,0,,0,,0,,0,0,0,0,0,0,0,0,,0,0,0,,0,,0,,0,,0,0,,0,0,,0,,,0,100,0,0,0,0,0,0,0,0,0,0
2025,786,Cody White,SEA,WR,1,14,ATL,20,0,27.6,1,9.1,0,0,0,0,,0,0,0,0,,,0,,0,,0,,0,0,0,0,0,0,0,0,,0,0,0,,0,,0,,0,,0,0,,0,0,,0,,,100,0,0,0,0,0,0,0,0,0,0,0
2025,787,Cody White,SEA,WR,1,15,IND,20,0,15.3,1,5.9,0,0,0,0,,0,0,0,0,,,0,,0,,0,,0,0,0,0,0,0,0,0,,0,0,0,,0,,0,,0,,0,0,,0,0,,0,,,0,100,0,0,0,0,0,0,0,0,0,0
2025,788,Cody White,SEA,WR,1,16,LA,20,0,9.5,1,8.3,0,0,0,0,,0,0,0,0,,,0,,0,,0,,0,0,0,0,0,0,0,0,,0,0,0,,0,,0,,0,,0,0,,0,0,,0,,,100,0,0,0,0,0,0,0,0,0,0,0
2025,789,Giovanni Ricci,DET,TE,1,16,PIT,100,0,20.3,2,8.7,0,0,0,0,,0,0,0,0,,,0,,0,,0,,0,0,0,0,0,0,0,0,,0,0,0,,0,,0,,0,,0,0,,0,0,,0,,,0,0,100,0,0,0,0,0,0,0,0,0
2025,790,Sean McKeon,IND,TE,1,18,HST,100,0,10.9,1,10,0,0,0,0,,0,0,0,0,,,0,,0,,0,,0,0,0,0,0,0,0,0,,0,0,0,,0,,0,,0,,0,0,,0,0,,0,,,0,0,100,0,0,0,0,0,0,0,0,0
2025,791,Juwan Johnson,NO,TE,1,14,TB,3.508771929824561,0,52.7,2,40,0,0,0,0,,0,0,0,0,,,0,,0,,0,,0,0,0,0,0,0,0,0,,0,0,0,,0,,0,,0,,0,0,,0,0,,0,,,0,100,0,0,0,0,0,0,0,0,0,0
2025,792,James Proche,TEN,WR,1,13,JAX,6.25,0,14.5,1,8.3,0,0,0,0,,0,0,0,0,,,0,,0,,0,,0,0,0,0,0,0,0,0,,0,0,0,,0,,0,,0,,0,0,,0,0,,0,,,100,0,0,0,0,0,0,0,0,0,0,0
2025,793,James Proche,TEN,WR,1,14,CLV,12.5,20,12.5,2,20,1,10,0,0.5,7,7,8,0,0,0,0,0,0,0,0,0,0,0,0,0,0,0,0,0,0,39.6,0,0,0,0,0,0,0,0,0,0,0,0,0,0,0,0,33.3,-7.06,-1.284,50,50,0,0,0,0,0,0.01,-0.01,0,0.01,0
2025,794,James Proche,TEN,WR,1,15,SF,6.25,0,36.7,1,12.5,0,0,0,0,,0,0,0,0,,,0,,0,,0,,0,0,0,0,0,0,0,0,,0,0,0,,0,,0,,0,,0,0,,0,0,,0,,,0,100,0,0,0,0,0,0,0,0,0,0
2025,795,James Proche,TEN,WR,1,16,KC,6.25,0,25.7,1,12.5,0,0,0,0,,0,0,0,0,,,0,,0,,0,,0,0,0,0,0,0,0,0,,0,0,0,,0,,0,,0,,0,0,,0,0,,0,,,0,100,0,0,0,0,0,0,0,0,0,0
2025,796,Isaiah Hodgins,NYG,WR,1,13,NE,19.444444444444446,0,86.8,7,87.5,0,0,0,0,,0,0,0,0,,,0,,0,,0,,0,0,0,0,0,0,0,0,,0,0,0,,0,,0,,0,,0,0,,0,0,,0,,,57.1,42.9,0,0,0,0,0,0,0,0,0,0
2025,797,Isaiah Hodgins,NYG,WR,1,15,WAS,25,0,86.6,9,81.8,0,0,0,0,,0,0,0,0,,,0,,0,,0,,0,0,0,0,0,0,0,0,,0,0,0,,0,,0,,0,,0,0,,0,0,,0,,,77.8,22.2,0,0,0,0,0,0,0,0,0,0
2025,798,Isaiah Hodgins,NYG,WR,1,16,MIN,5.555555555555555,0,31.3,2,66.7,0,0,0,0,,0,0,0,0,,,0,,0,,0,,0,0,0,0,0,0,0,0,,0,0,0,,0,,0,,0,,0,0,,0,0,,0,,,0,100,0,0,0,0,0,0,0,0,0,0
2025,799,Isaiah Hodgins,NYG,WR,1,17,LV,25,33.33333333333333,81,9,100,1,11.1,0,0.11,6,6,11.3,0,0,0,0,0,0,0,0,0,0,0,0,0,1,0,0,0,0,39.6,1,16.7,0,0,0,0,0,0,0,0,0,0,0,0,0,0,11.1,-6.95,-0.486,22.2,77.8,0,0,0,0,0,-0.02,0.02,0,0,0
2025,800,Isaiah Hodgins,NYG,WR,1,18,DAL,25,66.66666666666666,97.1,9,90,2,20,0,0.22,17,34,35.8,0,0,0,0,0,0,0,0,0,0,0,0,0,1,0,0,0,0,39.6,2,22.2,0,0,0,0,1,0,0,0,0,0,0,0,0,0,20,-9.27,-1.097,66.7,33.3,0,0,0,0,0,0.03,-0.03,0,0,0
2025,801,Nick Westbrook-Ikhine,MIA,WR,1,13,NO,33.33333333333333,0,22,2,25,0,0,0,0,,0,0,0,0,,,0,,0,,0,,0,0,0,0,0,0,0,0,,0,0,0,,0,,0,,0,,0,0,,0,0,,0,,,0,100,0,0,0,0,0,0,0,0,0,0
2025,802,Nick Westbrook-Ikhine,MIA,WR,1,14,NYJ,33.33333333333333,0,34.9,2,22.2,0,0,0,0,,0,0,0,0,,,0,,0,,0,,0,0,0,0,0,0,0,0,,0,0,0,,0,,0,,0,,0,0,,0,0,,0,,,50,50,0,0,0,0,0,0,0,0,0,0
2025,803,Nick Westbrook-Ikhine,MIA,WR,1,15,PIT,33.33333333333333,100,37.5,2,25,1,12.5,0,0.5,5,5,6.4,0,0,0,0,0,0,0,0,0,0,0,0,0,0,0,0,0,0,39.6,0,0,0,0,1,100,0,0,1,100,0,0,0,0,0,0,50,-6.36,-0.058,100,0,0,0,0,1.7,0,1.71,-1.71,0,0.85,1.7
2025,804,Gabe Davis,BUF,WR,1,17,PHI,20.833333333333336,8.333333333333332,38.4,5,62.5,1,12.5,0,0.2,3,3,2.8,0,0,0,0,0,0,0,0,0,0,0,0.07,0,1,0,0,0,0,39.6,1,14.3,0,0,1,100,0,0,0,0,1,0,0,0,0,0,20,-5.45,-0.492,80,20,0,0,0,1,0,1.01,-1.01,0,0.2,1
2025,805,Harrison Bryant,HST,TE,1,16,LV,50,0,9.8,2,13.3,0,0,0,0,,0,0,0,0,,,0,,0,,0,,0,0,0,0,0,0,0,0,,0,0,0,,0,,0,,0,,0,0,,0,0,,0,,,0,50,50,0,0,0,0,0,0,0,0,0
2025,806,Harrison Bryant,HST,TE,1,17,LAC,25,0,6.5,1,7.1,0,0,0,0,,0,0,0,0,,,0,,0,,0,,0,0,0,0,0,0,0,0,,0,0,0,,0,,0,,0,,0,0,,0,0,,0,,,0,0,100,0,0,0,0,0,0,0,0,0
2025,807,Harrison Bryant,HST,TE,1,18,IND,25,0,23.4,1,7.1,0,0,0,0,,0,0,0,0,,,0,,0,,0,,0,0,0,0,0,0,0,0,,0,0,0,,0,,0,,0,,0,0,,0,0,,0,,,0,0,100,0,0,0,0,0,0,0,0,0
2025,808,Colby Parkinson,LA,TE,1,13,CAR,5.769230769230769,0,66.7,3,27.3,0,0,0,0,,0,0,0,0,,,0,,0,,0,,0,0,0,0,0,0,0,0,,0,0,0,,0,,0,,0,,0,0,,0,0,,0,,,33.3,66.7,0,0,0,0,0,0,0,0,0,0
2025,809,Colby Parkinson,LA,TE,1,14,ARZ,17.307692307692307,33.33333333333333,68.7,9,69.2,1,7.7,0,0.11,5,5,3.9,0,0,0,0,0,0,0,0,0,0,0,0,0,1,0,0,0,0,39.6,1,8.3,0,0,0,0,0,0,0,0,0,0,0,0,0,0,9.1,-6.48,-1.196,33.3,22.2,44.4,0,0,0,0,-0.01,0.01,0,0,0
2025,810,Colby Parkinson,LA,TE,1,16,SEA,28.846153846153843,0,85.2,15,60,0,0,0,0,,0,0,0,0,,,0,,0,,0,,0,0,0,0,0,0,0,0,,0,0,0,,0,,0,,0,,0,0,,0,0,,0,,,20,13.3,66.7,0,0,0,0,0,0,0,0,0
2025,811,Colby Parkinson,LA,TE,1,18,ARZ,11.538461538461538,0,84.7,6,50,0,0,0,0,,0,0,0,0,,,0,,0,,0,,0,0,0,0,0,0,0,0,,0,0,0,,0,,0,,0,,0,0,,0,0,,0,,,0,0,100,0,0,0,0,0,0,0,0,0
2025,812,Michael Pittman,IND,WR,1,13,HST,6,0,82.4,3,60,0,0,0,0,,0,0,0,0,,,0,,0,,0,,0,0,0,0,0,0,0,0,,0,0,0,,0,,0,,0,,0,0,,0,0,,0,,,0,100,0,0,0,0,0,0,0,0,0,0
2025,813,Michael Pittman,IND,WR,1,18,HST,14.000000000000002,9.523809523809524,87.5,7,70,2,20,0,0.29,12,24,11.4,0,0,0,0,0,0,0,0,0,0,0,0.5,0,1,1,0,0,0,39.6,2,22.2,0,0,2,100,0,0,2,100,0,0,0,0,0,0,25,-8.61,-1.128,57.1,42.9,0,0,0,6.6,0,6.61,-6.61,0,0.94,6.6
2025,814,Cole Kmet,CHI,TE,1,13,PHI,18.91891891891892,0,68.2,7,43.8,0,0,0,0,,0,0,0,0,,,0,,0,,0,,0,0,0,0,0,0,0,0,,0,0,0,,0,,0,,0,,0,0,,0,0,,0,,,0,0,85.7,14.3,0,0,0,0,0,0,0,0
2025,815,Cole Kmet,CHI,TE,1,14,GB,18.91891891891892,0,76.5,7,53.8,0,0,0,0,,0,0,0,0,,,0,,0,,0,,0,0,0,0,0,0,0,0,,0,0,0,,0,,0,,0,,0,0,,0,0,,0,,,0,0,85.7,14.3,0,0,0,0,0,0,0,0
2025,816,Cole Kmet,CHI,TE,1,15,CLV,10.81081081081081,0,71.9,4,30.8,0,0,0,0,,0,0,0,0,,,0,,0,,0,,0,0,0,0,0,0,0,0,,0,0,0,,0,,0,,0,,0,0,,0,0,,0,,,0,0,75,25,0,0,0,0,0,0,0,0
2025,817,Cole Kmet,CHI,TE,1,16,GB,16.216216216216218,0,76.7,6,60,0,0,0,0,,0,0,0,0,,,0,,0,,0,,0,0,0,0,0,0,0,0,,0,0,0,,0,,0,,0,,0,0,,0,0,,0,,,33.3,0,66.7,0,0,0,0,0,0,0,0,0
2025,818,Cole Kmet,CHI,TE,1,17,SF,5.405405405405405,0,60.9,2,20,0,0,0,0,,0,0,0,0,,,0,,0,,0,,0,0,0,0,0,0,0,0,,0,0,0,,0,,0,,0,,0,0,,0,0,,0,,,50,50,0,0,0,0,0,0,0,0,0,0
2025,819,Cole Kmet,CHI,TE,1,18,DET,29.72972972972973,0,90.4,11,73.3,0,0,0,0,,0,0,0,0,,,0,,0,,0,,0,0,0,0,0,0,0,0,,0,0,0,,0,,0,,0,,0,0,,0,0,,0,,,18.2,9.1,72.7,0,0,0,0,0,0,0,0,0
2025,820,Devin Duvernay,CHI,WR,1,16,GB,33.33333333333333,0,10,1,10,0,0,0,0,,0,0,0,0,,,0,,0,,0,,0,0,0,0,0,0,0,0,,0,0,0,,0,,0,,0,,0,0,,0,0,,0,,,100,0,0,0,0,0,0,0,0,0,0,0
2025,821,Devin Duvernay,CHI,WR,1,17,SF,33.33333333333333,50,17.2,1,10,1,10,0,1,5,5,5.1,0,0,0,0,0,0,0,0,0,0,0,0,0,0,0,0,0,0,39.6,0,0,0,0,0,0,0,0,0,0,0,0,0,0,0,0,100,-6.36,-0.275,100,0,0,0,0,0,0,0.02,-0.02,0,0.02,0
2025,822,Josiah Deguara,ARZ,TE,1,14,LA,22.22222222222222,0,11.5,2,11.1,0,0,0,0,,0,0,0,0,,,0,,0,,0,,0,0,0,0,0,0,0,0,,0,0,0,,0,,0,,0,,0,0,,0,0,,0,,,0,0,50,50,0,0,0,0,0,0,0,0
2025,823,Josiah Deguara,ARZ,TE,1,15,HST,11.11111111111111,0,12.7,1,6.3,0,0,0,0,,0,0,0,0,,,0,,0,,0,,0,0,0,0,0,0,0,0,,0,0,0,,0,,0,,0,,0,0,,0,0,,0,,,0,100,0,0,0,0,0,0,0,0,0,0
2025,824,Josiah Deguara,ARZ,TE,1,16,ATL,33.33333333333333,0,14.3,3,27.3,0,0,0,0,,0,0,0,0,,,0,,0,,0,,0,0,0,0,0,0,0,0,,0,0,0,,0,,0,,0,,0,0,,0,0,,0,,,33.3,0,66.7,0,0,0,0,0,0,0,0,0
2025,825,Josiah Deguara,ARZ,TE,1,17,CIN,22.22222222222222,0,18.5,2,15.4,0,0,0,0,,0,0,0,0,,,0,,0,,0,,0,0,0,0,0,0,0,0,,0,0,0,,0,,0,,0,,0,0,,0,0,,0,,,0,100,0,0,0,0,0,0,0,0,0,0
2025,826,Josiah Deguara,ARZ,TE,1,18,LA,11.11111111111111,0,11.3,1,12.5,0,0,0,0,,0,0,0,0,,,0,,0,,0,,0,0,0,0,0,0,0,0,,0,0,0,,0,,0,,0,,0,0,,0,0,,0,,,0,0,100,0,0,0,0,0,0,0,0,0
2025,827,Adam Trautman,DEN,TE,1,13,WAS,14.285714285714285,0,58,4,36.4,0,0,0,0,,0,0,0,0,,,0,,0,,0,,0,0,0,0,0,0,0,0,,0,0,0,,0,,0,,0,,0,0,,0,0,,0,,,0,75,25,0,0,0,0,0,0,0,0,0
2025,828,Adam Trautman,DEN,TE,1,14,LV,32.142857142857146,0,73.6,9,50,0,0,0,0,,0,0,0,0,,,0,,0,,0,,0,0,0,0,0,0,0,0,,0,0,0,,0,,0,,0,,0,0,,0,0,,0,,,0,33.3,66.7,0,0,0,0,0,0,0,0,0
2025,829,Adam Trautman,DEN,TE,1,15,GB,28.57142857142857,0,61.5,8,50,0,0,0,0,,0,0,0,0,,,0,,0,,0,,0,0,0,0,0,0,0,0,,0,0,0,,0,,0,,0,,0,0,,0,0,,0,,,12.5,50,37.5,0,0,0,0,0,0,0,0,0
2025,830,Adam Trautman,DEN,TE,1,17,KC,7.142857142857142,0,73.2,2,16.7,0,0,0,0,,0,0,0,0,,,0,,0,,0,,0,0,0,0,0,0,0,0,,0,0,0,,0,,0,,0,,0,0,,0,0,,0,,,0,50,50,0,0,0,0,0,0,0,0,0
2025,831,Adam Trautman,DEN,TE,1,18,LAC,3.571428571428571,0,56.9,1,25,0,0,0,0,,0,0,0,0,,,0,,0,,0,,0,0,0,0,0,0,0,0,,0,0,0,,0,,0,,0,,0,0,,0,0,,0,,,0,0,100,0,0,0,0,0,0,0,0,0
2025,832,Tyler Johnson,NYJ,WR,1,16,NO,50,0,14.3,1,8.3,0,0,0,0,,0,0,0,0,,,0,,0,,0,,0,0,0,0,0,0,0,0,,0,0,0,,0,,0,,0,,0,0,,0,0,,0,,,100,0,0,0,0,0,0,0,0,0,0,0
2025,833,Charlie Woerner,ATL,TE,1,13,NYJ,5.88235294117647,0,62.7,1,11.1,0,0,0,0,,0,0,0,0,,,0,,0,,0,,0,0,0,0,0,0,0,0,,0,0,0,,0,,0,,0,,0,0,,0,0,,0,,,0,100,0,0,0,0,0,0,0,0,0,0
2025,834,Charlie Woerner,ATL,TE,1,15,TB,41.17647058823529,0,60.6,7,43.8,0,0,0,0,,0,0,0,0,,,0,,0,,0,,0,0,0,0,0,0,0,0,,0,0,0,,0,,0,,0,,0,0,,0,0,,0,,,28.6,14.3,28.6,28.6,0,0,0,0,0,0,0,0
2025,835,Charlie Woerner,ATL,TE,1,16,ARZ,35.294117647058826,0,75.3,6,42.9,0,0,0,0,,0,0,0,0,,,0,,0,,0,,0,0,0,0,0,0,0,0,,0,0,0,,0,,0,,0,,0,0,,0,0,,0,,,0,0,16.7,83.3,0,0,0,0,0,0,0,0
2025,836,Charlie Woerner,ATL,TE,1,17,LA,17.647058823529413,0,81.1,3,37.5,0,0,0,0,,0,0,0,0,,,0,,0,,0,,0,0,0,0,0,0,0,0,,0,0,0,,0,,0,,0,,0,0,,0,0,,0,,,33.3,0,33.3,33.3,0,0,0,0,0,0,0,0
2025,837,Chris Blair,ATL,WR,1,15,TB,50,0,4.5,1,6.3,0,0,0,0,,0,0,0,0,,,0,,0,,0,,0,0,0,0,0,0,0,0,,0,0,0,,0,,0,,0,,0,0,,0,0,,0,,,100,0,0,0,0,0,0,0,0,0,0,0
2025,838,Chris Blair,ATL,WR,1,16,ARZ,50,0,11,1,7.1,0,0,0,0,,0,0,0,0,,,0,,0,,0,,0,0,0,0,0,0,0,0,,0,0,0,,0,,0,,0,,0,0,,0,0,,0,,,0,100,0,0,0,0,0,0,0,0,0,0
2025,839,Shane Zylstra,DET,TE,1,15,LA,28.000000000000004,0,56.5,7,38.9,0,0,0,0,,0,0,0,0,,,0,,0,,0,,0,0,0,0,0,0,0,0,,0,0,0,,0,,0,,0,,0,0,,0,0,,0,,,0,71.4,28.6,0,0,0,0,0,0,0,0,0
2025,840,Shane Zylstra,DET,TE,1,16,PIT,56.00000000000001,100,65.2,14,60.9,1,4.3,0,0.07,12,12,6.3,0,0,0,0,0,0,0,0,0,0,0,0,0,1,1,0,0,0,39.6,1,5.6,0,0,0,0,0,0,0,0,0,0,0,0,0,0,6.3,-8.67,-1.03,28.6,28.6,42.9,0,0,0,0,0,0,0,0,0
2025,841,Shane Zylstra,DET,TE,1,17,MIN,4,0,65.6,1,7.7,0,0,0,0,,0,0,0,0,,,0,,0,,0,,0,0,0,0,0,0,0,0,,0,0,0,,0,,0,,0,,0,0,,0,0,,0,,,0,0,100,0,0,0,0,0,0,0,0,0
2025,842,Shane Zylstra,DET,TE,1,18,CHI,12,0,40.3,3,21.4,0,0,0,0,,0,0,0,0,,,0,,0,,0,,0,0,0,0,0,0,0,0,,0,0,0,,0,,0,,0,,0,0,,0,0,,0,,,0,66.7,33.3,0,0,0,0,0,0,0,0,0
2025,843,Rashod Bateman,BLT,WR,1,13,CIN,32.142857142857146,16.666666666666664,75.4,9,75,1,8.3,0,0.11,26,26,12.3,0,0,0,0,0,0,0,0,0,0,0,0,0,0,0,0,0,0,39.6,1,11.1,0,0,0,0,1,0,0,0,0,0,0,0,0,0,11.1,-13.01,-0.392,77.8,22.2,0,0,0,0,0,0.05,-0.05,0,0.01,0
2025,844,Rashod Bateman,BLT,WR,1,16,NE,32.142857142857146,33.33333333333333,68.5,9,69.2,2,15.4,0,0.22,12,24,15.8,0,0,0,0,0,0,0,0,0,0,0,0,0,0,0,0,0,0,39.6,2,20,0,0,0,0,0,0,0,0,0,0,0,0,0,0,20,-9.36,-0.919,77.8,22.2,0,0,0,0,0,-0.01,0.01,0,0,0
2025,845,Quintin Morris,JAX,TE,1,13,TEN,7.6923076923076925,0,19.3,1,7.1,0,0,0,0,,0,0,0,0,,,0,,0,,0,,0,0,0,0,0,0,0,0,,0,0,0,,0,,0,,0,,0,0,,0,0,,0,,,0,0,100,0,0,0,0,0,0,0,0,0
2025,846,Quintin Morris,JAX,TE,1,14,IND,7.6923076923076925,0,31.7,1,8.3,0,0,0,0,,0,0,0,0,,,0,,0,,0,,0,0,0,0,0,0,0,0,,0,0,0,,0,,0,,0,,0,0,,0,0,,0,,,0,100,0,0,0,0,0,0,0,0,0,0
2025,847,Quintin Morris,JAX,TE,1,15,NYJ,23.076923076923077,0,28.8,3,25,0,0,0,0,,0,0,0,0,,,0,,0,,0,,0,0,0,0,0,0,0,0,,0,0,0,,0,,0,,0,,0,0,,0,0,,0,,,0,33.3,66.7,0,0,0,0,0,0,0,0,0
2025,848,Quintin Morris,JAX,TE,1,16,DEN,7.6923076923076925,0,26.5,1,8.3,0,0,0,0,,0,0,0,0,,,0,,0,,0,,0,0,0,0,0,0,0,0,,0,0,0,,0,,0,,0,,0,0,,0,0,,0,,,0,0,100,0,0,0,0,0,0,0,0,0
2025,849,Quintin Morris,JAX,TE,1,17,IND,30.76923076923077,0,14.7,4,28.6,0,0,0,0,,0,0,0,0,,,0,,0,,0,,0,0,0,0,0,0,0,0,,0,0,0,,0,,0,,0,,0,0,,0,0,,0,,,0,25,75,0,0,0,0,0,0,0,0,0
2025,850,Quintin Morris,JAX,TE,1,18,TEN,23.076923076923077,0,44.8,3,17.6,0,0,0,0,,0,0,0,0,,,0,,0,,0,,0,0,0,0,0,0,0,0,,0,0,0,,0,,0,,0,,0,0,,0,0,,0,,,33.3,0,66.7,0,0,0,0,0,0,0,0,0
2025,851,Jaylen Waddle,MIA,WR,1,17,TB,6.25,5,24.1,2,33.3,1,16.7,0,0.5,15,15,14.3,0,0,0,0,0,0,0,0,0,0,0,0.01,0,0,0,0,0,0,39.6,1,20,0,0,1,100,0,0,1,100,1,0,0,0,0,0,33.3,-10.41,-0.893,100,0,0,0,0,1.9,0,1.94,-1.94,0,0.97,1.9
2025,852,Dee Eskridge,MIA,WR,1,15,PIT,50,0,16.7,2,25,0,0,0,0,,0,0,0,0,,,0,,0,,0,,0,0,0,0,0,0,0,0,,0,0,0,,0,,0,,0,,0,0,,0,0,,0,,,50,50,0,0,0,0,0,0,0,0,0,0
2025,853,Dee Eskridge,MIA,WR,1,16,CIN,50,0,8.6,2,15.4,0,0,0,0,,0,0,0,0,,,0,,0,,0,,0,0,0,0,0,0,0,0,,0,0,0,,0,,0,,0,,0,0,,0,0,,0,,,50,50,0,0,0,0,0,0,0,0,0,0
2025,854,John Bates,WAS,TE,1,13,DEN,28.57142857142857,0,52.9,4,19,0,0,0,0,,0,0,0,0,,,0,,0,,0,,0,0,0,0,0,0,0,0,,0,0,0,,0,,0,,0,,0,0,,0,0,,0,,,0,25,75,0,0,0,0,0,0,0,0,0
2025,855,John Bates,WAS,TE,1,14,MIN,21.428571428571427,0,61.2,3,33.3,0,0,0,0,,0,0,0,0,,,0,,0,,0,,0,0,0,0,0,0,0,0,,0,0,0,,0,,0,,0,,0,0,,0,0,,0,,,0,66.7,33.3,0,0,0,0,0,0,0,0,0
2025,856,John Bates,WAS,TE,1,15,NYG,28.57142857142857,0,69,4,66.7,0,0,0,0,,0,0,0,0,,,0,,0,,0,,0,0,0,0,0,0,0,0,,0,0,0,,0,,0,,0,,0,0,,0,0,,0,,,25,0,75,0,0,0,0,0,0,0,0,0
2025,857,John Bates,WAS,TE,1,17,DAL,7.142857142857142,0,43.9,1,10,0,0,0,0,,0,0,0,0,,,0,,0,,0,,0,0,0,0,0,0,0,0,,0,0,0,,0,,0,,0,,0,0,,0,0,,0,,,0,0,100,0,0,0,0,0,0,0,0,0
2025,858,John Bates,WAS,TE,1,18,PHI,14.285714285714285,0,58.7,2,25,0,0,0,0,,0,0,0,0,,,0,,0,,0,,0,0,0,0,0,0,0,0,,0,0,0,,0,,0,,0,,0,0,,0,0,,0,,,0,50,50,0,0,0,0,0,0,0,0,0
2025,859,Tylan Wallace,BLT,WR,1,15,CIN,100,0,17.5,1,16.7,0,0,0,0,,0,0,0,0,,,0,,0,,0,,0,0,0,0,0,0,0,0,,0,0,0,,0,,0,,0,,0,0,,0,0,,0,,,100,0,0,0,0,0,0,0,0,0,0,0
2025,860,Noah Gray,KC,TE,1,14,HST,23.076923076923077,100,45.3,3,25,1,8.3,0,0.33,6,6,4.4,0,0,0,0,0,0,0,0,0,0,0,0,0,0,0,0,0,0,39.6,1,12.5,0,0,1,100,0,0,1,100,0,0,0,0,0,0,16.7,-7.09,-1.64,33.3,33.3,33.3,0,0,1.9,0,1.86,-1.86,0,0.62,1.9
2025,861,Noah Gray,KC,TE,1,15,LAC,15.384615384615385,0,37.3,2,18.2,0,0,0,0,,0,0,0,0,,,0,,0,,0,,0,0,0,0,0,0,0,0,,0,0,0,,0,,0,,0,,0,0,,0,0,,0,,,0,50,50,0,0,0,0,0,0,0,0,0
2025,862,Noah Gray,KC,TE,1,16,TEN,15.384615384615385,0,51.2,2,20,0,0,0,0,,0,0,0,0,,,0,,0,,0,,0,0,0,0,0,0,0,0,,0,0,0,,0,,0,,0,,0,0,,0,0,,0,,,0,100,0,0,0,0,0,0,0,0,0,0
2025,863,Noah Gray,KC,TE,1,17,DEN,30.76923076923077,0,47.6,4,44.4,0,0,0,0,,0,0,0,0,,,0,,0,,0,,0,0,0,0,0,0,0,0,,0,0,0,,0,,0,,0,,0,0,,0,0,,0,,,0,0,100,0,0,0,0,0,0,0,0,0
2025,864,Noah Gray,KC,TE,1,18,LV,15.384615384615385,0,54.8,2,33.3,0,0,0,0,,0,0,0,0,,,0,,0,,0,,0,0,0,0,0,0,0,0,,0,0,0,,0,,0,,0,,0,0,,0,0,,0,,,0,50,50,0,0,0,0,0,0,0,0,0
2025,865,Jack Stoll,NO,TE,1,16,NYJ,100,0,28.2,2,9.1,0,0,0,0,,0,0,0,0,,,0,,0,,0,,0,0,0,0,0,0,0,0,,0,0,0,,0,,0,,0,,0,0,,0,0,,0,,,0,50,50,0,0,0,0,0,0,0,0,0
2025,866,Austin Trammell,JAX,WR,1,13,TEN,100,100,57.9,5,35.7,2,14.3,0,0.4,13,26,13.3,0,0,0,0,0,0,0,0,0,0,0,0,0,1,1,0,0,0,39.6,1,7.7,0,0,0,0,1,0,0,0,0,0,0,0,0,0,33.3,-8.99,-0.62,40,60,0,0,0,-0.1,0,-0.1,0.1,0,-0.02,-0.1
2025,867,Tutu Atwell,LA,WR,1,16,SEA,40,0,9.1,4,16,0,0,0,0,,0,0,0,0,,,0,,0,,0,,0,0,0,0,0,0,0,0,,0,0,0,,0,,0,,0,,0,0,,0,0,,0,,,0,100,0,0,0,0,0,0,0,0,0,0
2025,868,Kylen Granson,PHI,TE,1,15,LV,5.555555555555555,0,27.3,1,20,0,0,0,0,,0,0,0,0,,,0,,0,,0,,0,0,0,0,0,0,0,0,,0,0,0,,0,,0,,0,,0,0,,0,0,,0,,,0,0,100,0,0,0,0,0,0,0,0,0
2025,869,Luke Farrell,SF,TE,1,16,IND,66.66666666666666,0,40.9,4,36.4,0,0,0,0,,0,0,0,0,,,0,,0,,0,,0,0,0,0,0,0,0,0,,0,0,0,,0,,0,,0,,0,0,,0,0,,0,,,0,0,100,0,0,0,0,0,0,0,0,0
2025,870,Luke Farrell,SF,TE,1,17,CHI,33.33333333333333,0,38.2,2,18.2,0,0,0,0,,0,0,0,0,,,0,,0,,0,,0,0,0,0,0,0,0,0,,0,0,0,,0,,0,,0,,0,0,,0,0,,0,,,0,0,100,0,0,0,0,0,0,0,0,0
2025,871,Pat Freiermuth,PIT,TE,1,13,BUF,2.3255813953488373,0,39.5,1,12.5,0,0,0,0,,0,0,0,0,,,0,,0,,0,,0,0,0,0,0,0,0,0,,0,0,0,,0,,0,,0,,0,0,,0,0,,0,,,0,100,0,0,0,0,0,0,0,0,0,0
2025,872,Pat Freiermuth,PIT,TE,1,14,BLT,18.6046511627907,0,60.8,8,57.1,0,0,0,0,,0,0,0,0,,,0,,0,,0,,0,0,0,0,0,0,0,0,,0,0,0,,0,,0,,0,,0,0,,0,0,,0,,,37.5,50,12.5,0,0,0,0,0,0,0,0,0
2025,873,Pat Freiermuth,PIT,TE,1,15,MIA,6.976744186046512,50,43.5,3,42.9,1,14.3,0,0.33,24,24,32.9,0,0,0,0,0,0,0,0,0,0,0,0,0,0,0,0,0,0,39.6,0,0,0,0,0,0,1,0,0,0,0,0,0,0,0,0,25,-15.44,-0.693,66.7,33.3,0,0,0,0,0,0.03,-0.03,0,0.01,0
2025,874,Pat Freiermuth,PIT,TE,1,16,DET,23.25581395348837,0,41.4,10,66.7,0,0,0,0,,0,0,0,0,,,0,,0,,0,,0,0,0,0,0,0,0,0,,0,0,0,,0,,0,,0,,0,0,,0,0,,0,,,10,60,30,0,0,0,0,0,0,0,0,0
2025,875,Pat Freiermuth,PIT,TE,1,17,CLV,18.6046511627907,0,70.8,8,66.7,0,0,0,0,,0,0,0,0,,,0,,0,,0,,0,0,0,0,0,0,0,0,,0,0,0,,0,,0,,0,,0,0,,0,0,,0,,,0,100,0,0,0,0,0,0,0,0,0,0
2025,876,Pat Freiermuth,PIT,TE,1,18,BLT,30.23255813953488,50,68.5,13,72.2,1,5.6,0,0.08,11,11,5.4,0,0,0,0,0,0,0,0,0,0,0,0,0,0,0,0,0,0,39.6,1,6.3,0,0,0,0,0,0,0,0,0,0,0,0,0,0,6.7,-8.74,-0.51,15.4,46.2,38.5,0,0,0,0,0,0,0,0,0
2025,877,Michael Bandy,DEN,WR,1,17,KC,50,0,8.5,1,8.3,0,0,0,0,,0,0,0,0,,,0,,0,,0,,0,0,0,0,0,0,0,0,,0,0,0,,0,,0,,0,,0,0,,0,0,,0,,,0,100,0,0,0,0,0,0,0,0,0,0
2025,878,Amon-Ra St. Brown,DET,WR,1,13,GB,1.4492753623188406,0,6.7,1,9.1,0,0,0,0,,0,0,0,0,,,0,,0,,0,,0,0,0,0,0,0,0,0,,0,0,0,,0,,0,,0,,0,0,,0,0,,0,,,100,0,0,0,0,0,0,0,0,0,0,0
2025,879,Kyle Pitts,ATL,TE,1,14,SEA,15.517241379310345,0,91.9,9,69.2,0,0,0,0,,0,0,0,0,,,0,,0,,0,,0,0,0,0,0,0,0,0,,0,0,0,,0,,0,,0,,0,0,,0,0,,0,,,0,66.7,33.3,0,0,0,0,0,0,0,0,0
2025,880,Kyle Pitts,ATL,TE,1,17,LA,13.793103448275861,14.285714285714285,92.5,8,100,1,12.5,0,0.13,20,20,16.9,0,0,0,0,0,0,0,0,0,0,0,0,0,0,0,0,0,0,39.6,1,25,0,0,0,0,1,0,0,0,0,0,0,0,0,0,12.5,-11.76,-1.63,25,50,25,0,0,0,0,-0.04,0.04,0,-0.01,0
2025,881,Josh Palmer,BUF,WR,1,16,CLV,5.263157894736842,0,70,1,100,0,0,0,0,,0,0,0,0,,,0,,0,,0,,0,0,0,0,0,0,0,0,,0,0,0,,0,,0,,0,,0,0,,0,0,,0,,,100,0,0,0,0,0,0,0,0,0,0,0
2025,882,Josh Palmer,BUF,WR,1,18,NYJ,47.368421052631575,40,83.3,9,81.8,2,18.2,0,0.22,6,12,12.2,0,0,0,0,0,0,0,0,0,0,0,0.68,0,1,1,0,0,0,39.6,2,22.2,0,0,1,50,0,0,0,0,1,0,0,0,0,0,20,-6.78,-0.619,77.8,22.2,0,0,0,5.1,0,5.05,-5.05,0,0.56,5.1
2025,883,Hunter Long,JAX,TE,1,14,IND,100,0,31.7,3,25,0,0,0,0,,0,0,0,0,,,0,,0,,0,,0,0,0,0,0,0,0,0,,0,0,0,,0,,0,,0,,0,0,,0,0,,0,,,0,33.3,66.7,0,0,0,0,0,0,0,0,0
2025,884,Tommy Tremble,CAR,TE,1,13,LA,11.11111111111111,0,56.5,2,28.6,0,0,0,0,,0,0,0,0,,,0,,0,,0,,0,0,0,0,0,0,0,0,,0,0,0,,0,,0,,0,,0,0,,0,0,,0,,,0,50,50,0,0,0,0,0,0,0,0,0
2025,885,Tommy Tremble,CAR,TE,1,16,TB,11.11111111111111,0,42.6,2,16.7,0,0,0,0,,0,0,0,0,,,0,,0,,0,,0,0,0,0,0,0,0,0,,0,0,0,,0,,0,,0,,0,0,,0,0,,0,,,0,100,0,0,0,0,0,0,0,0,0,0
2025,886,Tommy Tremble,CAR,TE,1,17,SEA,16.666666666666664,0,76.9,3,50,0,0,0,0,,0,0,0,0,,,0,,0,,0,,0,0,0,0,0,0,0,0,,0,0,0,,0,,0,,0,,0,0,,0,0,,0,,,33.3,0,66.7,0,0,0,0,0,0,0,0,0
2025,887,Tommy Tremble,CAR,TE,1,18,TB,61.111111111111114,0,89.8,11,68.8,0,0,0,0,,0,0,0,0,,,0,,0,,0,,0,0,0,0,0,0,0,0,,0,0,0,,0,,0,,0,,0,0,,0,0,,0,,,0,45.5,54.5,0,0,0,0,0,0,0,0,0
2025,888,Sal Cannella,CLV,TE,1,18,CIN,25,0,21.2,1,14.3,0,0,0,0,,0,0,0,0,,,0,,0,,0,,0,0,0,0,0,0,0,0,,0,0,0,,0,,0,,0,,0,0,,0,0,,0,,,0,100,0,0,0,0,0,0,0,0,0,0
2025,889,Grant Calcaterra,PHI,TE,1,14,LAC,17.647058823529413,0,22.7,3,15.8,0,0,0,0,,0,0,0,0,,,0,,0,,0,,0,0,0,0,0,0,0,0,,0,0,0,,0,,0,,0,,0,0,,0,0,,0,,,0,33.3,66.7,0,0,0,0,0,0,0,0,0
2025,890,Grant Calcaterra,PHI,TE,1,15,LV,11.76470588235294,0,56.1,2,40,0,0,0,0,,0,0,0,0,,,0,,0,,0,,0,0,0,0,0,0,0,0,,0,0,0,,0,,0,,0,,0,0,,0,0,,0,,,0,0,100,0,0,0,0,0,0,0,0,0
2025,891,Grant Calcaterra,PHI,TE,1,16,WAS,11.76470588235294,0,31.8,2,12.5,0,0,0,0,,0,0,0,0,,,0,,0,,0,,0,0,0,0,0,0,0,0,,0,0,0,,0,,0,,0,,0,0,,0,0,,0,,,0,0,100,0,0,0,0,0,0,0,0,0
2025,892,Grant Calcaterra,PHI,TE,1,17,BUF,11.76470588235294,0,35.2,2,18.2,0,0,0,0,,0,0,0,0,,,0,,0,,0,,0,0,0,0,0,0,0,0,,0,0,0,,0,,0,,0,,0,0,,0,0,,0,,,0,50,50,0,0,0,0,0,0,0,0,0
2025,893,Grant Calcaterra,PHI,TE,1,18,WAS,47.05882352941176,100,45.2,8,40,1,5,0,0.13,12,12,4.6,0,0,0,0,0,0,0,0,0,0,0,0,0,1,1,0,0,0,39.6,0,0,0,0,0,0,0,0,0,0,0,0,0,0,0,0,11.1,-8.67,-3.037,12.5,37.5,50,0,0,0,0,-0.01,0.01,0,0,0
2025,894,Bo Melton,GB,WR,1,13,DET,20,0,18.3,2,13.3,0,0,0,0,,0,0,0,0,,,0,,0,,0,,0,0,0,0,0,0,0,0,,0,0,0,,0,,0,,0,,0,0,,0,0,,0,,,0,100,0,0,0,0,0,0,0,0,0,0
2025,895,Bo Melton,GB,WR,1,14,CHI,20,33.33333333333333,17.3,2,25,1,12.5,0,0.5,32,32,23.5,0,0,0,0,0,0,0,0,0,0,0,0,0,0,0,0,0,0,39.6,0,0,0,0,0,0,1,0,0,0,0,0,0,0,0,0,50,-9.97,-1.2,50,50,0,0,0,0,0,0.04,-0.04,0,0.02,0
2025,896,Bo Melton,GB,WR,1,18,MIN,10,0,26,1,33.3,0,0,0,0,,0,0,0,0,,,0,,0,,0,,0,0,0,0,0,0,0,0,,0,0,0,,0,,0,,0,,0,0,,0,0,,0,,,0,100,0,0,0,0,0,0,0,0,0,0
2025,897,Dareke Young,SEA,WR,1,17,CAR,100,100,16.7,2,16.7,1,8.3,0,0.5,8,8,7.3,0,0,0,0,0,0,0,0,0,0,0,0,0,0,0,0,0,0,39.6,1,8.3,0,0,0,0,0,0,0,0,1,0,0,0,0,0,33.3,-7.51,-1.416,100,0,0,0,0,0,0,0,0,0,0,0
2025,898,Jake Tonges,SF,TE,1,16,IND,14.285714285714285,0,24.2,1,9.1,0,0,0,0,,0,0,0,0,,,0,,0,,0,,0,0,0,0,0,0,0,0,,0,0,0,,0,,0,,0,,0,0,,0,0,,0,,,0,100,0,0,0,0,0,0,0,0,0,0
2025,899,Britain Covey,PHI,WR,1,18,WAS,100,100,53.2,11,55,2,10,0,0.18,4,8,3.1,0,0,0,0,0,0,0,0,0,0,0,0,0,0,0,0,0,0,39.6,1,6.7,0,0,1,50,0,0,1,50,0,0,0,0,0,0,18.2,-5.91,-0.799,27.3,72.7,0,0,0,1.7,0,1.65,-1.65,0,0.15,1.7
2025,900,Drake London,ATL,WR,1,17,LA,25.925925925925924,10,98.1,7,87.5,1,12.5,0,0.14,26,26,22,0,0,0,0,0,0,0,0,0,0,0,0,0,0,0,0,0,0,39.6,1,25,0,0,0,0,1,0,0,0,0,0,0,0,0,0,14.3,-13.01,-1.522,71.4,28.6,0,0,0,0,0,-0.01,0.01,0,0,0
2025,901,Drake London,ATL,WR,1,18,NO,33.33333333333333,20,95.1,9,100,2,22.2,0,0.22,4.5,9,9.9,0,0,0,0,0,0,0,0,0,0,0,0.02,0,0,0,0,0,0,39.6,2,28.6,0,0,2,100,0,0,0,0,2,0,0,0,0,0,22.2,-6.2,-1.133,66.7,33.3,0,0,0,2,0,1.98,-1.98,0,0.22,2
2025,902,Greg Dulcich,MIA,TE,1,13,NO,11.538461538461538,0,35.6,3,37.5,0,0,0,0,,0,0,0,0,,,0,,0,,0,,0,0,0,0,0,0,0,0,,0,0,0,,0,,0,,0,,0,0,,0,0,,0,,,33.3,0,66.7,0,0,0,0,0,0,0,0,0
2025,903,Greg Dulcich,MIA,TE,1,14,NYJ,11.538461538461538,0,54,3,33.3,0,0,0,0,,0,0,0,0,,,0,,0,,0,,0,0,0,0,0,0,0,0,,0,0,0,,0,,0,,0,,0,0,,0,0,,0,,,33.3,0,66.7,0,0,0,0,0,0,0,0,0
2025,904,Greg Dulcich,MIA,TE,1,15,PIT,11.538461538461538,0,35.4,3,37.5,0,0,0,0,,0,0,0,0,,,0,,0,,0,,0,0,0,0,0,0,0,0,,0,0,0,,0,,0,,0,,0,0,,0,0,,0,,,0,66.7,33.3,0,0,0,0,0,0,0,0,0
2025,905,Greg Dulcich,MIA,TE,1,16,CIN,19.230769230769234,0,29.3,5,38.5,0,0,0,0,,0,0,0,0,,,0,,0,,0,,0,0,0,0,0,0,0,0,,0,0,0,,0,,0,,0,,0,0,,0,0,,0,,,0,20,80,0,0,0,0,0,0,0,0,0
2025,906,Greg Dulcich,MIA,TE,1,17,TB,3.8461538461538463,0,37,1,16.7,0,0,0,0,,0,0,0,0,,,0,,0,,0,,0,0,0,0,0,0,0,0,,0,0,0,,0,,0,,0,,0,0,,0,0,,0,,,0,0,100,0,0,0,0,0,0,0,0,0
2025,907,Khalil Shakir,BUF,WR,1,13,PIT,29.411764705882355,40,48.6,5,55.6,2,22.2,0,0.4,-1,-2,-7.1,0,0,0,0,0,0,0,0,0,0,0,0.86,0,1,0,0,0,0,39.6,2,25,1,50,1,50,0,0,1,50,0,0,0,0,0,0,40,-4.8,-0.488,40,60,0,0,0,6.6,0,6.59,-6.59,0,1.32,6.6
2025,908,Khalil Shakir,BUF,WR,1,14,CIN,11.76470588235294,0,51.7,2,33.3,0,0,0,0,,0,0,0,0,,,0,,0,,0,,0,0,0,0,0,0,0,0,,0,0,0,,0,,0,,0,,0,0,,0,0,,0,,,0,100,0,0,0,0,0,0,0,0,0,0
2025,909,Teagan Quitoriano,ATL,TE,1,17,LA,100,0,28.3,1,12.5,0,0,0,0,,0,0,0,0,,,0,,0,,0,,0,0,0,0,0,0,0,0,,0,0,0,,0,,0,,0,,0,0,,0,0,,0,,,0,0,100,0,0,0,0,0,0,0,0,0
2025,910,James Mitchell,CAR,TE,1,18,TB,100,0,8.2,1,6.3,0,0,0,0,,0,0,0,0,,,0,,0,,0,,0,0,0,0,0,0,0,0,,0,0,0,,0,,0,,0,,0,0,,0,0,,0,,,0,0,100,0,0,0,0,0,0,0,0,0
2025,911,Jalen Nailor,MIN,WR,1,13,SEA,24.324324324324326,0,68,9,69.2,0,0,0,0,,0,0,0,0,,,0,,0,,0,,0,0,0,0,0,0,0,0,,0,0,0,,0,,0,,0,,0,0,,0,0,,0,,,22.2,77.8,0,0,0,0,0,0,0,0,0,0
2025,912,Jalen Nailor,MIN,WR,1,16,NYG,10.81081081081081,16.666666666666664,63.8,4,40,1,10,0,0.25,5,5,4.7,0,0,0,0,0,0,0,0,0,0,0,0,0,0,0,0,0,0,0,1,11.1,0,0,1,100,0,0,1,100,0,0,0,0,0,0,14.3,-6.36,-4.506,25,75,0,0,0,1.8,0,1.79,-1.79,0,0.45,1.8
2025,913,Jalen Nailor,MIN,WR,1,17,DET,5.405405405405405,0,43.1,2,40,0,0,0,0,,0,0,0,0,,,0,,0,,0,,0,0,0,0,0,0,0,0,,0,0,0,,0,,0,,0,,0,0,,0,0,,0,,,50,50,0,0,0,0,0,0,0,0,0,0
2025,914,Andrew Ogletree,IND,TE,1,14,JAX,100,0,19,1,5.6,0,0,0,0,,0,0,0,0,,,0,,0,,0,,0,0,0,0,0,0,0,0,,0,0,0,,0,,0,,0,,0,0,,0,0,,0,,,0,100,0,0,0,0,0,0,0,0,0,0
2025,915,Connor Heyward,PIT,TE,1,14,BLT,50,0,9.8,1,7.1,0,0,0,0,,0,0,0,0,,,0,,0,,0,,0,0,0,0,0,0,0,0,,0,0,0,,0,,0,,0,,0,0,,0,0,,0,,,0,100,0,0,0,0,0,0,0,0,0,0
2025,916,Connor Heyward,PIT,TE,1,16,DET,50,0,12.9,1,6.7,0,0,0,0,,0,0,0,0,,,0,,0,,0,,0,0,0,0,0,0,0,0,,0,0,0,,0,,0,,0,,0,0,,0,0,,0,,,0,100,0,0,0,0,0,0,0,0,0,0
2025,917,John FitzPatrick,GB,TE,1,13,DET,14.285714285714285,0,23.3,1,6.7,0,0,0,0,,0,0,0,0,,,0,,0,,0,,0,0,0,0,0,0,0,0,,0,0,0,,0,,0,,0,,0,0,,0,0,,0,,,0,0,100,0,0,0,0,0,0,0,0,0
2025,918,John FitzPatrick,GB,TE,1,14,CHI,28.57142857142857,0,55.8,2,25,0,0,0,0,,0,0,0,0,,,0,,0,,0,,0,0,0,0,0,0,0,0,,0,0,0,,0,,0,,0,,0,0,,0,0,,0,,,0,50,50,0,0,0,0,0,0,0,0,0
2025,919,John FitzPatrick,GB,TE,1,15,DEN,57.14285714285714,0,68.3,4,36.4,0,0,0,0,,0,0,0,0,,,0,,0,,0,,0,0,0,0,0,0,0,0,,0,0,0,,0,,0,,0,,0,0,,0,0,,0,,,0,50,50,0,0,0,0,0,0,0,0,0
2025,920,Stone Smartt,NYJ,TE,1,14,MIA,6.666666666666667,0,5.3,1,7.1,0,0,0,0,,0,0,0,0,,,0,,0,,0,,0,0,0,0,0,0,0,0,,0,0,0,,0,,0,,0,,0,0,,0,0,,0,,,100,0,0,0,0,0,0,0,0,0,0,0
2025,921,Stone Smartt,NYJ,TE,1,15,JAX,20,0,16.2,3,15.8,0,0,0,0,,0,0,0,0,,,0,,0,,0,,0,0,0,0,0,0,0,0,,0,0,0,,0,,0,,0,,0,0,,0,0,,0,,,0,66.7,33.3,0,0,0,0,0,0,0,0,0
2025,922,Stone Smartt,NYJ,TE,1,16,NO,26.666666666666668,0,31.7,4,33.3,0,0,0,0,,0,0,0,0,,,0,,0,,0,,0,0,0,0,0,0,0,0,,0,0,0,,0,,0,,0,,0,0,,0,0,,0,,,0,100,0,0,0,0,0,0,0,0,0,0
2025,923,Stone Smartt,NYJ,TE,1,18,BUF,26.666666666666668,0,65.2,4,50,0,0,0,0,,0,0,0,0,,,0,,0,,0,,0,0,0,0,0,0,0,0,,0,0,0,,0,,0,,0,,0,0,,0,0,,0,,,0,50,50,0,0,0,0,0,0,0,0,0
2025,924,Rashid Shaheed,SEA,WR,1,16,LA,13.333333333333334,7.6923076923076925,54,6,50,1,8.3,0,0.17,7,7,5.5,0,0,0,0,0,0,0,0,0,0,0,0,0,0,0,0,0,0,0,1,10,0,0,0,0,0,0,0,0,0,0,0,0,0,0,14.3,-7.06,-8.299,16.7,83.3,0,0,0,0,0,0.01,-0.01,0,0,0
2025,925,Rashid Shaheed,SEA,WR,1,18,SF,17.77777777777778,0,46.3,8,100,0,0,0,0,,0,0,0,0,,,0,,0,,0,,0,0,0,0,0,0,0,0,,0,0,0,,0,,0,,0,,0,0,,0,0,,0,,,87.5,12.5,0,0,0,0,0,0,0,0,0,0
2025,926,Tucker Fisk,LAC,TE,1,13,LV,100,0,38.8,2,28.6,0,0,0,0,,0,0,0,0,,,0,,0,,0,,0,0,0,0,0,0,0,0,,0,0,0,,0,,0,,0,,0,0,,0,0,,0,,,0,0,50,50,0,0,0,0,0,0,0,0
2025,927,Alec Pierce,IND,WR,1,17,JAX,17.307692307692307,14.814814814814813,90.9,9,81.8,4,36.4,0,0.44,21.75,87,68.5,0,0,0,0,0,0,0,0,0,0,0,0.24,0,0,0,0,0,0,39.6,3,30,0,0,1,25,2,0,0,0,4,0,0,0,0,0,40,-11.63,-1.002,66.7,33.3,0,0,0,3.4,0,3.38,-3.38,0,0.38,3.4
2025,928,Jalen Tolbert,DAL,WR,1,13,KC,15.384615384615385,0,26.2,2,10,0,0,0,0,,0,0,0,0,,,0,,0,,0,,0,0,0,0,0,0,0,0,,0,0,0,,0,,0,,0,,0,0,,0,0,,0,,,50,50,0,0,0,0,0,0,0,0,0,0
2025,929,Jalen Tolbert,DAL,WR,1,18,NYG,23.076923076923077,0,37,3,30,0,0,0,0,,0,0,0,0,,,0,,0,,0,,0,0,0,0,0,0,0,0,,0,0,0,,0,,0,,0,,0,0,,0,0,,0,,,33.3,66.7,0,0,0,0,0,0,0,0,0,0
2025,930,Maurice Alexander,CHI,WR,1,16,GB,100,0,1.7,1,10,0,0,0,0,,0,0,0,0,,,0,,0,,0,,0,0,0,0,0,0,0,0,,0,0,0,,0,,0,,0,,0,0,,0,0,,0,,,100,0,0,0,0,0,0,0,0,0,0,0
2025,931,Jahan Dotson,PHI,WR,1,15,LV,4.918032786885246,0,53,3,60,0,0,0,0,,0,0,0,0,,,0,,0,,0,,0,0,0,0,0,0,0,0,,0,0,0,,0,,0,,0,,0,0,,0,0,,0,,,100,0,0,0,0,0,0,0,0,0,0,0
2025,932,Jahan Dotson,PHI,WR,1,17,BUF,9.836065573770492,0,48.1,6,54.5,0,0,0,0,,0,0,0,0,,,0,,0,,0,,0,0,0,0,0,0,0,0,,0,0,0,,0,,0,,0,,0,0,,0,0,,0,,,66.7,33.3,0,0,0,0,0,0,0,0,0,0
2025,933,Treylon Burks,WAS,WR,1,14,MIN,7.142857142857142,7.142857142857142,34.7,3,33.3,1,11.1,0,0.33,16,16,17.4,0,0,0,0,0,0,0,0,0,0,0,0,0,0,0,0,0,0,0,1,11.1,0,0,0,0,0,0,0,0,0,0,0,0,0,0,33.3,-10.1,-5.086,100,0,0,0,0,0,0,0.01,-0.01,0,0,0
2025,934,Treylon Burks,WAS,WR,1,15,NYG,4.761904761904762,7.142857142857142,46.6,2,33.3,1,16.7,0,0.5,24,24,23.1,0,0,0,0,0,0,0,0,0,0,0,0,0,0,0,0,0,0,39.6,1,20,0,0,0,0,1,0,0,0,0,0,0,0,0,0,50,-11.75,-0.695,100,0,0,0,0,-0.1,0,-0.09,0.09,0,-0.05,-0.1
2025,935,Trey McBride,ARZ,TE,1,14,LA,23.28767123287671,0,96.7,17,94.4,0,0,0,0,,0,0,0,0,,,0,,0,,0,,0,0,0,0,0,0,0,0,,0,0,0,,0,,0,,0,,0,0,,0,0,,0,,,5.9,76.5,17.6,0,0,0,0,0,0,0,0,0
2025,936,Trey McBride,ARZ,TE,1,18,LA,10.95890410958904,0,94.3,8,100,0,0,0,0,,0,0,0,0,,,0,,0,,0,,0,0,0,0,0,0,0,0,,0,0,0,,0,,0,,0,,0,0,,0,0,,0,,,0,75,25,0,0,0,0,0,0,0,0,0
2025,937,Jelani Woods,NYJ,TE,1,15,JAX,62.5,0,35.3,5,26.3,0,0,0,0,,0,0,0,0,,,0,,0,,0,,0,0,0,0,0,0,0,0,,0,0,0,,0,,0,,0,,0,0,,0,0,,0,,,0,20,80,0,0,0,0,0,0,0,0,0
2025,938,Jelani Woods,NYJ,TE,1,16,NO,25,100,20.6,2,16.7,1,8.3,0,0.5,8,8,6.4,0,0,0,0,0,0,0,0,0,0,0,0,0,0,0,0,0,0,39.6,1,9.1,0,0,1,100,0,0,0,0,1,0,0,0,0,0,50,-7.72,-1.899,50,50,0,0,0,1.1,0,1.05,-1.05,0,0.53,1.1
2025,939,Jelani Woods,NYJ,TE,1,17,NE,12.5,0,33.3,1,8.3,0,0,0,0,,0,0,0,0,,,0,,0,,0,,0,0,0,0,0,0,0,0,,0,0,0,,0,,0,,0,,0,0,,0,0,,0,,,0,0,100,0,0,0,0,0,0,0,0,0
2025,940,KaVontae Turpin,DAL,WR,1,16,LAC,5.263157894736842,0,30.4,2,16.7,0,0,0,0,,0,0,0,0,,,0,,0,,0,,0,0,0,0,0,0,0,0,,0,0,0,,0,,0,,0,,0,0,,0,0,,0,,,50,50,0,0,0,0,0,0,0,0,0,0
2025,941,KaVontae Turpin,DAL,WR,1,17,WAS,18.421052631578945,0,16.1,7,36.8,0,0,0,0,,0,0,0,0,,,0,,0,,0,,0,0,0,0,0,0,0,0,,0,0,0,,0,,0,,0,,0,0,,0,0,,0,,,0,100,0,0,0,0,0,0,0,0,0,0
2025,942,KaVontae Turpin,DAL,WR,1,18,NYG,7.894736842105263,25,16.7,3,30,1,10,0,0.33,30,30,28.6,0,0,0,0,0,0,0,0,0,0,0,0,0,0,0,0,0,0,39.6,1,12.5,0,0,0,0,1,0,0,0,0,0,0,0,0,0,33.3,-9.19,-0.59,33.3,66.7,0,0,0,0,0,-0.04,0.04,0,-0.01,0
2025,943,Jeremy Ruckert,NYJ,TE,1,13,ATL,10.714285714285714,0,42.9,3,17.6,0,0,0,0,,0,0,0,0,,,0,,0,,0,,0,0,0,0,0,0,0,0,,0,0,0,,0,,0,,0,,0,0,,0,0,,0,,,33.3,0,66.7,0,0,0,0,0,0,0,0,0
2025,944,Jeremy Ruckert,NYJ,TE,1,14,MIA,14.285714285714285,0,54.4,4,28.6,0,0,0,0,,0,0,0,0,,,0,,0,,0,,0,0,0,0,0,0,0,0,,0,0,0,,0,,0,,0,,0,0,,0,0,,0,,,25,50,25,0,0,0,0,0,0,0,0,0
2025,945,Jeremy Ruckert,NYJ,TE,1,15,JAX,35.714285714285715,0,73.5,10,52.6,0,0,0,0,,0,0,0,0,,,0,,0,,0,,0,0,0,0,0,0,0,0,,0,0,0,,0,,0,,0,,0,0,,0,0,,0,,,0,0,100,0,0,0,0,0,0,0,0,0
2025,946,Jeremy Ruckert,NYJ,TE,1,16,NO,14.285714285714285,0,65.1,4,33.3,0,0,0,0,,0,0,0,0,,,0,,0,,0,,0,0,0,0,0,0,0,0,,0,0,0,,0,,0,,0,,0,0,,0,0,,0,,,25,25,50,0,0,0,0,0,0,0,0,0
2025,947,Jeremy Ruckert,NYJ,TE,1,17,NE,17.857142857142858,0,60.3,5,41.7,0,0,0,0,,0,0,0,0,,,0,,0,,0,,0,0,0,0,0,0,0,0,,0,0,0,,0,,0,,0,,0,0,,0,0,,0,,,0,40,60,0,0,0,0,0,0,0,0,0
2025,948,Jeremy Ruckert,NYJ,TE,1,18,BUF,7.142857142857142,0,58.7,2,25,0,0,0,0,,0,0,0,0,,,0,,0,,0,,0,0,0,0,0,0,0,0,,0,0,0,,0,,0,,0,,0,0,,0,0,,0,,,0,0,100,0,0,0,0,0,0,0,0,0
2025,949,Chig Okonkwo,TEN,TE,1,13,JAX,18.181818181818183,0,60,6,50,0,0,0,0,,0,0,0,0,,,0,,0,,0,,0,0,0,0,0,0,0,0,,0,0,0,,0,,0,,0,,0,0,,0,0,,0,,,0,83.3,16.7,0,0,0,0,0,0,0,0,0
2025,950,Chig Okonkwo,TEN,TE,1,14,CLV,18.181818181818183,0,50,6,60,0,0,0,0,,0,0,0,0,,,0,,0,,0,,0,0,0,0,0,0,0,0,,0,0,0,,0,,0,,0,,0,0,,0,0,,0,,,16.7,50,33.3,0,0,0,0,0,0,0,0,0
2025,951,Chig Okonkwo,TEN,TE,1,15,SF,12.121212121212121,50,59.2,4,50,2,25,0,0.5,6,12,12.6,0,0,0,0,1,50,3,3,2,2,0,0,0,1,1,0,0,0,56.3,2,25,1,50,1,50,0,0,0,0,0,0,0,0,0,0,33.3,-8.25,-0.786,50,0,50,0,1,1.6,1,1.62,-0.62,0.25,0.4,1.6
2025,952,Chig Okonkwo,TEN,TE,1,17,NO,18.181818181818183,0,51.4,6,60,0,0,0,0,,0,0,0,0,,,0,,0,,0,,0,0,0,0,0,0,0,0,,0,0,0,,0,,0,,0,,0,0,,0,0,,0,,,33.3,50,16.7,0,0,0,0,0,0,0,0,0
2025,953,Romeo Doubs,GB,WR,1,14,CHI,14.634146341463413,12.5,80.8,6,75,2,25,0,0.33,31.5,63,46.3,0,0,0,0,0,0,0,0,0,0,0,0,0,0,0,0,0,0,39.6,1,25,0,0,0,0,2,0,0,0,0,0,0,0,0,0,33.3,-13.46,-0.937,83.3,16.7,0,0,0,-0.1,0,-0.07,0.07,0,-0.01,-0.1
2025,954,Calvin Austin,PIT,WR,1,13,BUF,16.666666666666664,10,48.8,4,50,1,12.5,0,0.25,19,19,26.8,0,0,0,0,0,0,0,0,0,0,0,0,0,0,0,0,0,0,39.6,1,14.3,0,0,1,100,0,0,0,0,1,0,0,0,0,0,25,-11.93,-1.592,25,75,0,0,0,1.5,0,1.49,-1.49,0,0.37,1.5
2025,955,Calvin Austin,PIT,WR,1,15,MIA,4.166666666666666,10,29,1,14.3,1,14.3,0,1,6,6,8.2,0,0,0,0,0,0,0,0,0,0,0,0,0,0,0,0,0,0,39.6,1,16.7,0,0,1,100,0,0,1,100,0,0,0,0,0,0,100,-6.95,-1.877,100,0,0,0,0,1.8,0,1.83,-1.83,0,1.83,1.8
2025,956,Isaiah Likely,BLT,TE,1,15,CIN,10.714285714285714,0,50,3,50,0,0,0,0,,0,0,0,0,,,0,,0,,0,,0,0,0,0,0,0,0,0,,0,0,0,,0,,0,,0,,0,0,,0,0,,0,,,0,66.7,33.3,0,0,0,0,0,0,0,0,0
2025,957,Isaiah Likely,BLT,TE,1,16,NE,25,0,40.7,7,53.8,0,0,0,0,,0,0,0,0,,,0,,0,,0,,0,0,0,0,0,0,0,0,,0,0,0,,0,,0,,0,,0,0,,0,0,,0,,,0,85.7,14.3,0,0,0,0,0,0,0,0,0
2025,958,Isaiah Likely,BLT,TE,1,17,GB,14.285714285714285,0,70.3,4,80,0,0,0,0,,0,0,0,0,,,0,,0,,0,,0,0,0,0,0,0,0,0,,0,0,0,,0,,0,,0,,0,0,,0,0,,0,,,0,100,0,0,0,0,0,0,0,0,0,0
2025,959,Isaiah Likely,BLT,TE,1,18,PIT,7.142857142857142,0,50,2,50,0,0,0,0,,0,0,0,0,,,0,,0,,0,,0,0,0,0,0,0,0,0,,0,0,0,,0,,0,,0,,0,0,,0,0,,0,,,0,100,0,0,0,0,0,0,0,0,0,0
2025,960,Jake Ferguson,DAL,TE,1,13,KC,20,0,69.2,13,65,0,0,0,0,,0,0,0,0,,,0,,0,,0,,0,0,0,0,0,0,0,0,,0,0,0,,0,,0,,0,,0,0,,0,0,,0,,,0,53.8,46.2,0,0,0,0,0,0,0,0,0
2025,961,Jake Ferguson,DAL,TE,1,14,DET,32.30769230769231,100,78.9,21,84,2,8,0,0.1,7.5,15,4.2,0,0,0,0,0,0,0,0,0,0,0,0.14,0,1,0,0,0,0,39.6,0,0,0,0,1,50,0,0,0,0,1,0,0,0,0,0,9.5,-7.12,-1.392,9.5,57.1,33.3,0,0,1.7,0,1.66,-1.66,0,0.08,1.7
2025,962,Jake Ferguson,DAL,TE,1,15,MIN,16.923076923076923,0,71,11,64.7,0,0,0,0,,0,0,0,0,,,0,,0,,0,,0,0,0,0,0,0,0,0,,0,0,0,,0,,0,,0,,0,0,,0,0,,0,,,0,90.9,9.1,0,0,0,0,0,0,0,0,0
2025,963,Jake Ferguson,DAL,TE,1,16,LAC,15.384615384615385,0,67.9,10,83.3,0,0,0,0,,0,0,0,0,,,0,,0,,0,,0,0,0,0,0,0,0,0,,0,0,0,,0,,0,,0,,0,0,,0,0,,0,,,0,60,40,0,0,0,0,0,0,0,0,0
2025,964,Jake Ferguson,DAL,TE,1,17,WAS,7.6923076923076925,0,28.7,5,26.3,0,0,0,0,,0,0,0,0,,,0,,0,,0,,0,0,0,0,0,0,0,0,,0,0,0,,0,,0,,0,,0,0,,0,0,,0,,,0,40,60,0,0,0,0,0,0,0,0,0
2025,965,Jake Ferguson,DAL,TE,1,18,NYG,7.6923076923076925,0,59.3,5,50,0,0,0,0,,0,0,0,0,,,0,,0,,0,,0,0,0,0,0,0,0,0,,0,0,0,,0,,0,,0,,0,0,,0,0,,0,,,0,60,40,0,0,0,0,0,0,0,0,0
2025,966,Charlie Kolar,BLT,TE,1,13,CIN,11.11111111111111,0,15.8,1,8.3,0,0,0,0,,0,0,0,0,,,0,,0,,0,,0,0,0,0,0,0,0,0,,0,0,0,,0,,0,,0,,0,0,,0,0,,0,,,0,0,100,0,0,0,0,0,0,0,0,0
2025,967,Charlie Kolar,BLT,TE,1,14,PIT,22.22222222222222,0,24.7,2,20,0,0,0,0,,0,0,0,0,,,0,,0,,0,,0,0,0,0,0,0,0,0,,0,0,0,,0,,0,,0,,0,0,,0,0,,0,,,0,0,100,0,0,0,0,0,0,0,0,0
2025,968,Charlie Kolar,BLT,TE,1,15,CIN,11.11111111111111,0,52.5,1,16.7,0,0,0,0,,0,0,0,0,,,0,,0,,0,,0,0,0,0,0,0,0,0,,0,0,0,,0,,0,,0,,0,0,,0,0,,0,,,0,0,100,0,0,0,0,0,0,0,0,0
2025,969,Charlie Kolar,BLT,TE,1,16,NE,33.33333333333333,0,50,3,23.1,0,0,0,0,,0,0,0,0,,,0,,0,,0,,0,0,0,0,0,0,0,0,,0,0,0,,0,,0,,0,,0,0,,0,0,,0,,,33.3,0,66.7,0,0,0,0,0,0,0,0,0
2025,970,Charlie Kolar,BLT,TE,1,18,PIT,22.22222222222222,0,25,2,50,0,0,0,0,,0,0,0,0,,,0,,0,,0,,0,0,0,0,0,0,0,0,,0,0,0,,0,,0,,0,,0,0,,0,0,,0,,,0,0,100,0,0,0,0,0,0,0,0,0
2025,971,Tyquan Thornton,KC,WR,1,13,DAL,30,0,23.3,3,27.3,0,0,0,0,,0,0,0,0,,,0,,0,,0,,0,0,0,0,0,0,0,0,,0,0,0,,0,,0,,0,,0,0,,0,0,,0,,,0,100,0,0,0,0,0,0,0,0,0,0
2025,972,Tyquan Thornton,KC,WR,1,15,LAC,30,25,50.8,3,27.3,1,9.1,0,0.33,43,43,41.7,0,0,0,0,0,0,0,0,0,0,0,0,0,0,0,0,0,0,39.6,1,12.5,0,0,0,0,1,0,0,0,1,0,0,0,0,0,33.3,-15,-0.509,33.3,66.7,0,0,0,-0.1,0,-0.06,0.06,0,-0.02,-0.1
2025,973,Daniel Bellinger,NYG,TE,1,15,WAS,5.555555555555555,0,25.4,1,9.1,0,0,0,0,,0,0,0,0,,,0,,0,,0,,0,0,0,0,0,0,0,0,,0,0,0,,0,,0,,0,,0,0,,0,0,,0,,,0,0,100,0,0,0,0,0,0,0,0,0
2025,974,Daniel Bellinger,NYG,TE,1,16,MIN,5.555555555555555,0,45.8,1,33.3,0,0,0,0,,0,0,0,0,,,0,,0,,0,,0,0,0,0,0,0,0,0,,0,0,0,,0,,0,,0,,0,0,,0,0,,0,,,100,0,0,0,0,0,0,0,0,0,0,0
2025,975,Daniel Bellinger,NYG,TE,1,17,LV,38.88888888888889,0,96.8,7,77.8,0,0,0,0,,0,0,0,0,,,0,,0,,0,,0,0,0,0,0,0,0,0,,0,0,0,,0,,0,,0,,0,0,,0,0,,0,,,0,100,0,0,0,0,0,0,0,0,0,0
2025,976,Daniel Bellinger,NYG,TE,1,18,DAL,50,0,91.3,9,90,0,0,0,0,,0,0,0,0,,,0,,0,,0,,0,0,0,0,0,0,0,0,,0,0,0,,0,,0,,0,,0,0,,0,0,,0,,,0,55.6,44.4,0,0,0,0,0,0,0,0,0
2025,977,Wan'Dale Robinson,NYG,WR,1,16,MIN,10,0,97.9,3,100,0,0,0,0,,0,0,0,0,,,0,,0,,0,,0,0,0,0,0,0,0,0,,0,0,0,,0,,0,,0,,0,0,,0,0,,0,,,0,100,0,0,0,0,0,0,0,0,0,0
2025,978,Cade Otton,TB,TE,1,14,NO,23.25581395348837,0,82.6,10,71.4,0,0,0,0,,0,0,0,0,,,0,,0,,0,,0,0,0,0,0,0,0,0,,0,0,0,,0,,0,,0,,0,0,,0,0,,0,,,10,70,20,0,0,0,0,0,0,0,0,0
2025,979,Cade Otton,TB,TE,1,16,CAR,13.953488372093023,0,95.1,6,50,0,0,0,0,,0,0,0,0,,,0,,0,,0,,0,0,0,0,0,0,0,0,,0,0,0,,0,,0,,0,,0,0,,0,0,,0,,,0,83.3,16.7,0,0,0,0,0,0,0,0,0
2025,980,Cade Otton,TB,TE,1,17,MIA,37.2093023255814,0,96.8,16,72.7,0,0,0,0,,0,0,0,0,,,0,,0,,0,,0,0,0,0,0,0,0,0,,0,0,0,,0,,0,,0,,0,0,,0,0,,0,,,18.8,62.5,18.8,0,0,0,0,0,0,0,0,0
2025,981,Xavier Smith,LA,WR,1,13,CAR,11.11111111111111,0,39.2,4,36.4,0,0,0,0,,0,0,0,0,,,0,,0,,0,,0,0,0,0,0,0,0,0,,0,0,0,,0,,0,,0,,0,0,,0,0,,0,,,50,50,0,0,0,0,0,0,0,0,0,0
2025,982,Xavier Smith,LA,WR,1,16,SEA,27.77777777777778,0,23.9,10,40,0,0,0,0,,0,0,0,0,,,0,,0,,0,,0,0,0,0,0,0,0,0,,0,0,0,,0,,0,,0,,0,0,,0,0,,0,,,30,70,0,0,0,0,0,0,0,0,0,0
2025,983,Dontayvion Wicks,GB,WR,1,14,CHI,6.25,0,9.6,1,12.5,0,0,0,0,,0,0,0,0,,,0,,0,,0,,0,0,0,0,0,0,0,0,,0,0,0,,0,,0,,0,,0,0,,0,0,,0,,,100,0,0,0,0,0,0,0,0,0,0,0
2025,984,Will Mallory,IND,TE,1,17,JAX,100,0,20,1,9.1,0,0,0,0,,0,0,0,0,,,0,,0,,0,,0,0,0,0,0,0,0,0,,0,0,0,,0,,0,,0,,0,0,,0,0,,0,,,0,0,100,0,0,0,0,0,0,0,0,0
2025,985,Malik Heath,GB,WR,1,13,DET,100,100,16.7,3,20,1,6.7,0,0.33,8,8,3.8,0,0,0,0,0,0,0,0,0,0,0,0.02,0,0,0,0,0,0,39.6,1,8.3,0,0,1,100,0,0,1,100,0,0,0,0,0,0,33.3,-7.51,-0.788,66.7,33.3,0,0,0,2.1,0,2.15,-2.15,0,0.72,2.1
2025,986,Nikko Remigio,KC,WR,1,16,TEN,100,0,9.3,1,10,0,0,0,0,,0,0,0,0,,,0,,0,,0,,0,0,0,0,0,0,0,0,,0,0,0,,0,,0,,0,,0,0,,0,0,,0,,,0,100,0,0,0,0,0,0,0,0,0,0
2025,987,Quentin Johnston,LAC,WR,1,14,PHI,30,15.384615384615385,76.1,9,90,2,20,0,0.22,1.5,3,2.6,0,0,0,0,1,50,1,1,0,0,0,0.01,0,0,0,0,0,0,56.3,2,25,1,50,2,100,0,0,1,50,1,0,0,0,0,0,22.2,-6.11,-0.783,100,0,0,0,1,2.4,1,2.42,-1.42,0.11,0.27,2.4
2025,988,Luke Schoonmaker,DAL,TE,1,13,KC,20,0,32.3,4,20,0,0,0,0,,0,0,0,0,,,0,,0,,0,,0,0,0,0,0,0,0,0,,0,0,0,,0,,0,,0,,0,0,,0,0,,0,,,25,25,50,0,0,0,0,0,0,0,0,0
2025,989,Luke Schoonmaker,DAL,TE,1,14,DET,15,0,22.4,3,12,0,0,0,0,,0,0,0,0,,,0,,0,,0,,0,0,0,0,0,0,0,0,,0,0,0,,0,,0,,0,,0,0,,0,0,,0,,,0,66.7,33.3,0,0,0,0,0,0,0,0,0
2025,990,Luke Schoonmaker,DAL,TE,1,16,LAC,10,0,26.8,2,16.7,0,0,0,0,,0,0,0,0,,,0,,0,,0,,0,0,0,0,0,0,0,0,,0,0,0,,0,,0,,0,,0,0,,0,0,,0,,,0,0,100,0,0,0,0,0,0,0,0,0
2025,991,Luke Schoonmaker,DAL,TE,1,17,WAS,35,0,47.1,7,36.8,0,0,0,0,,0,0,0,0,,,0,,0,,0,,0,0,0,0,0,0,0,0,,0,0,0,,0,,0,,0,,0,0,,0,0,,0,,,0,42.9,57.1,0,0,0,0,0,0,0,0,0
2025,992,Luke Schoonmaker,DAL,TE,1,18,NYG,5,0,29.6,1,10,0,0,0,0,,0,0,0,0,,,0,,0,,0,,0,0,0,0,0,0,0,0,,0,0,0,,0,,0,,0,,0,0,,0,0,,0,,,0,100,0,0,0,0,0,0,0,0,0,0
2025,993,Darnell Washington,PIT,TE,1,13,BUF,27.27272727272727,100,76.7,6,75,2,25,0,0.33,11.5,23,32.4,0,0,0,0,0,0,0,0,0,0,0,0.01,0,0,0,0,0,0,0,1,14.3,0,0,1,50,0,0,1,50,0,0,0,0,0,0,25,-9.39,-2.228,50,33.3,16.7,0,0,1.8,0,1.8,-1.8,0,0.3,1.8
2025,994,Darnell Washington,PIT,TE,1,14,BLT,18.181818181818183,0,29.4,4,28.6,0,0,0,0,,0,0,0,0,,,0,,0,,0,,0,0,0,0,0,0,0,0,,0,0,0,,0,,0,,0,,0,0,,0,0,,0,,,0,50,50,0,0,0,0,0,0,0,0,0
2025,995,Darnell Washington,PIT,TE,1,15,MIA,18.181818181818183,0,71,4,57.1,0,0,0,0,,0,0,0,0,,,0,,0,,0,,0,0,0,0,0,0,0,0,,0,0,0,,0,,0,,0,,0,0,,0,0,,0,,,0,25,75,0,0,0,0,0,0,0,0,0
2025,996,Darnell Washington,PIT,TE,1,16,DET,31.818181818181817,0,67.1,7,46.7,0,0,0,0,,0,0,0,0,,,0,,0,,0,,0,0,0,0,0,0,0,0,,0,0,0,,0,,0,,0,,0,0,,0,0,,0,,,14.3,28.6,57.1,0,0,0,0,0,0,0,0,0
2025,997,Darnell Washington,PIT,TE,1,17,CLV,4.545454545454546,0,12.3,1,8.3,0,0,0,0,,0,0,0,0,,,0,,0,,0,,0,0,0,0,0,0,0,0,,0,0,0,,0,,0,,0,,0,0,,0,0,,0,,,100,0,0,0,0,0,0,0,0,0,0,0
2025,998,Tre Tucker,LV,WR,1,15,PHI,10,9.523809523809524,92.9,6,100,2,33.3,0,0.33,10,20,30.3,0,0,0,0,0,0,0,0,0,0,0,0,0,0,0,0,0,0,39.6,2,33.3,0,0,0,0,0,0,0,0,0,0,0,0,0,0,33.3,-8.28,-0.54,50,50,0,0,0,0,0,0.03,-0.03,0,0,0
2025,999,Cameron Latu,PHI,TE,1,13,CHI,20,0,9.8,1,7.1,0,0,0,0,,0,0,0,0,,,0,,0,,0,,0,0,0,0,0,0,0,0,,0,0,0,,0,,0,,0,,0,0,,0,0,,0,,,0,100,0,0,0,0,0,0,0,0,0,0
2025,1000,Cameron Latu,PHI,TE,1,14,LAC,20,0,6.1,1,5.3,0,0,0,0,,0,0,0,0,,,0,,0,,0,,0,0,0,0,0,0,0,0,,0,0,0,,0,,0,,0,,0,0,,0,0,,0,,,0,0,100,0,0,0,0,0,0,0,0,0
2025,1001,Cameron Latu,PHI,TE,1,18,WAS,60,0,29,3,15,0,0,0,0,,0,0,0,0,,,0,,0,,0,,0,0,0,0,0,0,0,0,,0,0,0,,0,,0,,0,,0,0,,0,0,,0,,,0,66.7,33.3,0,0,0,0,0,0,0,0,0
2025,1002,Charlie Jones,CIN,WR,1,14,BUF,100,0,3.6,1,7.1,0,0,0,0,,0,0,0,0,,,0,,0,,0,,0,0,0,0,0,0,0,0,,0,0,0,,0,,0,,0,,0,0,,0,0,,0,,,0,100,0,0,0,0,0,0,0,0,0,0
2025,1003,Josh Whyle,GB,TE,1,13,DET,43.75,0,50,7,46.7,0,0,0,0,,0,0,0,0,,,0,,0,,0,,0,0,0,0,0,0,0,0,,0,0,0,,0,,0,,0,,0,0,,0,0,,0,,,14.3,14.3,71.4,0,0,0,0,0,0,0,0,0
2025,1004,Josh Whyle,GB,TE,1,14,CHI,18.75,0,40.4,3,37.5,0,0,0,0,,0,0,0,0,,,0,,0,,0,,0,0,0,0,0,0,0,0,,0,0,0,,0,,0,,0,,0,0,,0,0,,0,,,0,0,100,0,0,0,0,0,0,0,0,0
2025,1005,Josh Whyle,GB,TE,1,17,BLT,37.5,0,63.6,6,42.9,0,0,0,0,,0,0,0,0,,,0,,0,,0,,0,0,0,0,0,0,0,0,,0,0,0,,0,,0,,0,,0,0,,0,0,,0,,,0,16.7,83.3,0,0,0,0,0,0,0,0,0
2025,1006,Xavier Hutchinson,HST,WR,1,14,KC,13.157894736842104,6.25,43.1,5,41.7,1,8.3,0,0.2,19,19,10.8,0,0,0,0,0,0,0,0,0,0,0,0,0,0,0,0,0,0,39.6,0,0,0,0,0,0,0,0,0,0,0,0,0,0,0,0,20,-11.93,-0.89,80,20,0,0,0,0,0,-0.01,0.01,0,0,0
2025,1007,Xavier Hutchinson,HST,WR,1,15,ARZ,10.526315789473683,0,31.7,4,66.7,0,0,0,0,,0,0,0,0,,,0,,0,,0,,0,0,0,0,0,0,0,0,,0,0,0,,0,,0,,0,,0,0,,0,0,,0,,,75,25,0,0,0,0,0,0,0,0,0,0
2025,1008,Andrei Iosivas,CIN,WR,1,13,BLT,32.30769230769231,16.666666666666664,95,21,95.5,1,4.5,0,0.05,3,3,1,0,0,0,0,0,0,0,0,0,0,0,0,0,1,1,0,0,0,39.6,0,0,0,0,0,0,0,0,0,0,0,0,0,0,0,0,4.8,-5.45,-1.903,47.6,52.4,0,0,0,0,0,0,0,0,0,0
2025,1009,Andrei Iosivas,CIN,WR,1,15,BLT,20,0,90.1,13,86.7,0,0,0,0,,0,0,0,0,,,0,,0,,0,,0,0,0,0,0,0,0,0,,0,0,0,,0,,0,,0,,0,0,,0,0,,0,,,53.8,46.2,0,0,0,0,0,0,0,0,0,0
2025,1010,Andrei Iosivas,CIN,WR,1,16,MIA,4.615384615384616,0,50.8,3,37.5,0,0,0,0,,0,0,0,0,,,0,,0,,0,,0,0,0,0,0,0,0,0,,0,0,0,,0,,0,,0,,0,0,,0,0,,0,,,66.7,33.3,0,0,0,0,0,0,0,0,0,0
2025,1011,Andrei Iosivas,CIN,WR,1,18,CLV,12.307692307692308,0,54.5,8,53.3,0,0,0,0,,0,0,0,0,,,0,,0,,0,,0,0,0,0,0,0,0,0,,0,0,0,,0,,0,,0,,0,0,,0,0,,0,,,25,75,0,0,0,0,0,0,0,0,0,0
2025,1012,DeMario Douglas,NE,WR,1,15,BUF,10,0,17.6,2,16.7,0,0,0,0,,0,0,0,0,,,0,,0,,0,,0,0,0,0,0,0,0,0,,0,0,0,,0,,0,,0,,0,0,,0,0,,0,,,0,100,0,0,0,0,0,0,0,0,0,0
2025,1013,DeMario Douglas,NE,WR,1,17,NYJ,5,0,12.9,1,12.5,0,0,0,0,,0,0,0,0,,,0,,0,,0,,0,0,0,0,0,0,0,0,,0,0,0,,0,,0,,0,,0,0,,0,0,,0,,,0,100,0,0,0,0,0,0,0,0,0,0
2025,1014,Jalen Brooks,ARZ,WR,1,17,CIN,8,0,29.6,2,15.4,0,0,0,0,,0,0,0,0,,,0,,0,,0,,0,0,0,0,0,0,0,0,,0,0,0,,0,,0,,0,,0,0,,0,0,,0,,,0,100,0,0,0,0,0,0,0,0,0,0
2025,1015,Jalen Brooks,ARZ,WR,1,18,LA,12,0,26.4,3,37.5,0,0,0,0,,0,0,0,0,,,0,,0,,0,,0,0,0,0,0,0,0,0,,0,0,0,,0,,0,,0,,0,0,,0,0,,0,,,33.3,66.7,0,0,0,0,0,0,0,0,0,0
2025,1016,Tyrell Shavers,BUF,WR,1,15,NE,25,0,50.7,2,28.6,0,0,0,0,,0,0,0,0,,,0,,0,,0,,0,0,0,0,0,0,0,0,,0,0,0,,0,,0,,0,,0,0,,0,0,,0,,,0,100,0,0,0,0,0,0,0,0,0,0
2025,1017,Blake Whiteheart,CLV,TE,1,14,TEN,27.27272727272727,0,39.1,3,33.3,0,0,0,0,,0,0,0,0,,,0,,0,,0,,0,0,0,0,0,0,0,0,,0,0,0,,0,,0,,0,,0,0,,0,0,,0,,,0,33.3,66.7,0,0,0,0,0,0,0,0,0
2025,1018,Blake Whiteheart,CLV,TE,1,15,CHI,9.090909090909092,0,17.9,1,12.5,0,0,0,0,,0,0,0,0,,,0,,0,,0,,0,0,0,0,0,0,0,0,,0,0,0,,0,,0,,0,,0,0,,0,0,,0,,,0,0,100,0,0,0,0,0,0,0,0,0
2025,1019,Blake Whiteheart,CLV,TE,1,16,BUF,9.090909090909092,0,35.9,1,14.3,0,0,0,0,,0,0,0,0,,,0,,0,,0,,0,0,0,0,0,0,0,0,,0,0,0,,0,,0,,0,,0,0,,0,0,,0,,,0,0,100,0,0,0,0,0,0,0,0,0
2025,1020,Blake Whiteheart,CLV,TE,1,17,PIT,36.36363636363637,0,60,4,50,0,0,0,0,,0,0,0,0,,,0,,0,,0,,0,0,0,0,0,0,0,0,,0,0,0,,0,,0,,0,,0,0,,0,0,,0,,,0,25,75,0,0,0,0,0,0,0,0,0
2025,1021,Blake Whiteheart,CLV,TE,1,18,CIN,18.181818181818183,0,65.4,2,28.6,0,0,0,0,,0,0,0,0,,,0,,0,,0,,0,0,0,0,0,0,0,0,,0,0,0,,0,,0,,0,,0,0,,0,0,,0,,,0,50,50,0,0,0,0,0,0,0,0,0
2025,1022,Julian Hill,MIA,TE,1,13,NO,33.33333333333333,0,55.9,2,25,0,0,0,0,,0,0,0,0,,,0,,0,,0,,0,0,0,0,0,0,0,0,,0,0,0,,0,,0,,0,,0,0,,0,0,,0,,,0,0,100,0,0,0,0,0,0,0,0,0
2025,1023,Julian Hill,MIA,TE,1,14,NYJ,16.666666666666664,0,49.2,1,11.1,0,0,0,0,,0,0,0,0,,,0,,0,,0,,0,0,0,0,0,0,0,0,,0,0,0,,0,,0,,0,,0,0,,0,0,,0,,,0,0,100,0,0,0,0,0,0,0,0,0
2025,1024,Julian Hill,MIA,TE,1,17,TB,33.33333333333333,0,59.3,2,33.3,0,0,0,0,,0,0,0,0,,,0,,0,,0,,0,0,0,0,0,0,0,0,,0,0,0,,0,,0,,0,,0,0,,0,0,,0,,,0,0,50,50,0,0,0,0,0,0,0,0
2025,1025,Julian Hill,MIA,TE,1,18,NE,16.666666666666664,0,59.3,1,6.7,0,0,0,0,,0,0,0,0,,,0,,0,,0,,0,0,0,0,0,0,0,0,,0,0,0,,0,,0,,0,,0,0,,0,0,,0,,,0,0,100,0,0,0,0,0,0,0,0,0
2025,1026,Jake Bobo,SEA,WR,1,14,ATL,33.33333333333333,0,15.5,1,9.1,0,0,0,0,,0,0,0,0,,,0,,0,,0,,0,0,0,0,0,0,0,0,,0,0,0,,0,,0,,0,,0,0,,0,0,,0,,,100,0,0,0,0,0,0,0,0,0,0,0
2025,1027,Jake Bobo,SEA,WR,1,17,CAR,66.66666666666666,0,25.8,2,16.7,0,0,0,0,,0,0,0,0,,,0,,0,,0,,0,0,0,0,0,0,0,0,,0,0,0,,0,,0,,0,,0,0,,0,0,,0,,,50,50,0,0,0,0,0,0,0,0,0,0
2025,1028,Nate Adkins,DEN,TE,1,15,GB,50,0,33.8,1,6.3,0,0,0,0,,0,0,0,0,,,0,,0,,0,,0,0,0,0,0,0,0,0,,0,0,0,,0,,0,,0,,0,0,,0,0,,0,,,0,0,100,0,0,0,0,0,0,0,0,0
2025,1029,Nate Adkins,DEN,TE,1,16,JAX,50,0,10.8,1,6.7,0,0,0,0,,0,0,0,0,,,0,,0,,0,,0,0,0,0,0,0,0,0,,0,0,0,,0,,0,,0,,0,0,,0,0,,0,,,0,0,100,0,0,0,0,0,0,0,0,0
2025,1030,Ben Sims,MIN,TE,1,15,DAL,9.090909090909092,0,15.4,1,11.1,0,0,0,0,,0,0,0,0,,,0,,0,,0,,0,0,0,0,0,0,0,0,,0,0,0,,0,,0,,0,,0,0,,0,0,,0,,,0,100,0,0,0,0,0,0,0,0,0,0
2025,1031,Ben Sims,MIN,TE,1,17,DET,18.181818181818183,0,27.5,2,40,0,0,0,0,,0,0,0,0,,,0,,0,,0,,0,0,0,0,0,0,0,0,,0,0,0,,0,,0,,0,,0,0,,0,0,,0,,,0,0,100,0,0,0,0,0,0,0,0,0
2025,1032,Ben Sims,MIN,TE,1,18,GB,27.27272727272727,0,32.8,3,23.1,0,0,0,0,,0,0,0,0,,,0,,0,,0,,0,0,0,0,0,0,0,0,,0,0,0,,0,,0,,0,,0,0,,0,0,,0,,,0,0,100,0,0,0,0,0,0,0,0,0
2025,1033,Ryan Miller,TB,WR,1,13,ARZ,100,0,1.8,1,11.1,0,0,0,0,,0,0,0,0,,,0,,0,,0,,0,0,0,0,0,0,0,0,,0,0,0,,0,,0,,0,,0,0,,0,0,,0,,,100,0,0,0,0,0,0,0,0,0,0,0
2025,1034,Mitchell Tinsley,CIN,WR,1,14,BUF,3.4482758620689653,0,12.5,1,7.1,0,0,0,0,,0,0,0,0,,,0,,0,,0,,0,0,0,0,0,0,0,0,,0,0,0,,0,,0,,0,,0,0,,0,0,,0,,,100,0,0,0,0,0,0,0,0,0,0,0
2025,1035,Mitchell Tinsley,CIN,WR,1,16,MIA,3.4482758620689653,9.090909090909092,36.1,1,12.5,1,12.5,0,1,22,22,19.6,0,0,0,0,0,0,0,0,0,0,0,0,0,0,0,0,0,0,39.6,1,12.5,0,0,0,0,1,0,0,0,0,0,0,0,0,0,50,-11.92,-0.879,100,0,0,0,0,0,0,0,0,0,0,0
2025,1036,Mitchell Tinsley,CIN,WR,1,17,ARZ,13.793103448275861,0,29.7,4,23.5,0,0,0,0,,0,0,0,0,,,0,,0,,0,,0,0,0,0,0,0,0,0,,0,0,0,,0,,0,,0,,0,0,,0,0,,0,,,25,75,0,0,0,0,0,0,0,0,0,0
2025,1037,Brycen Tremayne,CAR,WR,1,16,TB,20,0,14.8,1,8.3,0,0,0,0,,0,0,0,0,,,0,,0,,0,,0,0,0,0,0,0,0,0,,0,0,0,,0,,0,,0,,0,0,,0,0,,0,,,0,100,0,0,0,0,0,0,0,0,0,0
2025,1038,Brycen Tremayne,CAR,WR,1,17,SEA,40,33.33333333333333,15.4,2,33.3,1,16.7,0,0.5,13,13,48.1,0,0,0,0,0,0,0,0,0,0,0,0,0,0,0,0,0,0,39.6,1,20,0,0,1,100,0,0,0,0,1,0,0,0,0,0,50,-8.91,-1.387,50,50,0,0,0,1.4,0,1.36,-1.36,0,0.68,1.4
2025,1039,Shedrick Jackson,LV,WR,1,18,KC,33.33333333333333,0,8.2,2,15.4,0,0,0,0,,0,0,0,0,,,0,,0,,0,,0,0,0,0,0,0,0,0,,0,0,0,,0,,0,,0,,0,0,,0,0,,0,,,50,50,0,0,0,0,0,0,0,0,0,0
2025,1040,Dalton Kincaid,BUF,TE,1,14,CIN,50,0,35,3,50,0,0,0,0,,0,0,0,0,,,0,,0,,0,,0,0,0,0,0,0,0,0,,0,0,0,,0,,0,,0,,0,0,,0,0,,0,,,0,33.3,66.7,0,0,0,0,0,0,0,0,0
2025,1041,Dalton Kincaid,BUF,TE,1,15,NE,33.33333333333333,100,32.8,2,28.6,1,14.3,0,0.5,17,17,11.4,0,0,0,0,0,0,0,0,0,0,0,0,0,0,0,0,0,0,39.6,1,14.3,0,0,0,0,0,0,0,0,0,0,0,0,0,0,50,-11.68,-1.763,50,50,0,0,0,0,0,0.01,-0.01,0,0.01,0
2025,1042,Dalton Kincaid,BUF,TE,1,18,NYJ,16.666666666666664,0,13.9,1,9.1,0,0,0,0,,0,0,0,0,,,0,,0,,0,,0,0,0,0,0,0,0,0,,0,0,0,,0,,0,,0,,0,0,,0,0,,0,,,100,0,0,0,0,0,0,0,0,0,0,0
2025,1043,Brenton Strange,JAX,TE,1,15,NYJ,12.962962962962962,0,81.4,7,58.3,0,0,0,0,,0,0,0,0,,,0,,0,,0,,0,0,0,0,0,0,0,0,,0,0,0,,0,,0,,0,,0,0,,0,0,,0,,,0,0,100,0,0,0,0,0,0,0,0,0
2025,1044,Dylan Drummond,ATL,WR,1,13,NYJ,15.789473684210526,33.33333333333333,31.3,3,33.3,2,22.2,0,0.67,20,40,54.1,0,0,0,0,0,0,0,0,0,0,0,0.04,0,0,0,0,0,0,39.6,0,0,0,0,2,100,1,0,0,0,2,0,0,0,0,0,40,-8.53,-1.546,100,0,0,0,0,3.1,0,3.08,-3.08,0,1.03,3.1
2025,1045,Dylan Drummond,ATL,WR,1,15,TB,31.57894736842105,0,37.9,6,37.5,0,0,0,0,,0,0,0,0,,,0,,0,,0,,0,0,0,0,0,0,0,0,,0,0,0,,0,,0,,0,,0,0,,0,0,,0,,,66.7,33.3,0,0,0,0,0,0,0,0,0,0
2025,1046,Marvin Mims,DEN,WR,1,14,LV,16.666666666666664,0,27.8,4,22.2,0,0,0,0,,0,0,0,0,,,0,,0,,0,,0,0,0,0,0,0,0,0,,0,0,0,,0,,0,,0,,0,0,,0,0,,0,,,100,0,0,0,0,0,0,0,0,0,0,0
2025,1047,Marvin Mims,DEN,WR,1,17,KC,29.166666666666668,0,46.5,7,58.3,0,0,0,0,,0,0,0,0,,,0,,0,,0,,0,0,0,0,0,0,0,0,,0,0,0,,0,,0,,0,,0,0,,0,0,,0,,,42.9,42.9,0,14.3,0,0,0,0,0,0,0,0
2025,1048,Cedric Tillman,CLV,WR,1,13,SF,15.384615384615385,25,63.3,4,66.7,1,16.7,0,0.25,3,3,4.3,0,0,0,0,0,0,0,0,0,0,0,0,0,0,0,0,0,0,39.6,0,0,0,0,1,100,0,0,0,0,0,0,0,0,0,0,25,-5.45,-0.684,75,25,0,0,0,1.6,0,1.62,-1.62,0,0.4,1.6
2025,1049,Cedric Tillman,CLV,WR,1,17,PIT,15.384615384615385,0,58,4,50,0,0,0,0,,0,0,0,0,,,0,,0,,0,,0,0,0,0,0,0,0,0,,0,0,0,,0,,0,,0,,0,0,,0,0,,0,,,50,50,0,0,0,0,0,0,0,0,0,0
2025,1050,Cedric Tillman,CLV,WR,1,18,CIN,19.230769230769234,0,76.9,5,71.4,0,0,0,0,,0,0,0,0,,,0,,0,,0,,0,0,0,0,0,0,0,0,,0,0,0,,0,,0,,0,,0,0,,0,0,,0,,,60,40,0,0,0,0,0,0,0,0,0,0
2025,1051,Jordan Addison,MIN,WR,1,17,DET,4.166666666666666,4.3478260869565215,76.5,2,40,1,20,0,0.5,20,20,39.2,0,0,0,0,0,0,0,0,0,0,0,0.03,0,0,0,0,0,0,39.6,1,20,0,0,1,100,1,0,0,0,1,0,0,0,0,0,50,-10.87,-0.559,100,0,0,0,0,1.8,0,1.82,-1.82,0,0.91,1.8
2025,1052,Josh Downs,IND,WR,1,13,HST,4.761904761904762,0,54.9,2,40,0,0,0,0,,0,0,0,0,,,0,,0,,0,,0,0,0,0,0,0,0,0,,0,0,0,,0,,0,,0,,0,0,,0,0,,0,,,0,100,0,0,0,0,0,0,0,0,0,0
2025,1053,Josh Downs,IND,WR,1,16,SF,16.666666666666664,0,77.6,7,87.5,0,0,0,0,,0,0,0,0,,,0,,0,,0,,0,0,0,0,0,0,0,0,,0,0,0,,0,,0,,0,,0,0,,0,0,,0,,,42.9,57.1,0,0,0,0,0,0,0,0,0,0
2025,1054,Josh Downs,IND,WR,1,17,JAX,19.047619047619047,25,61.8,8,72.7,1,9.1,0,0.13,8,8,6.3,0,0,0,0,0,0,0,0,0,0,0,0.01,0,1,0,0,0,0,39.6,1,10,0,0,1,100,0,0,1,100,0,0,0,0,0,0,11.1,-7.51,-1.5,25,75,0,0,0,1.7,0,1.74,-1.74,0,0.22,1.7
2025,1055,Josh Downs,IND,WR,1,18,HST,16.666666666666664,0,64.1,7,70,0,0,0,0,,0,0,0,0,,,0,,0,,0,,0,0,0,0,0,0,0,0,,0,0,0,,0,,0,,0,,0,0,,0,0,,0,,,14.3,85.7,0,0,0,0,0,0,0,0,0,0
2025,1056,Elijah Higgins,ARZ,TE,1,13,TB,10,0,41,5,41.7,0,0,0,0,,0,0,0,0,,,0,,0,,0,,0,0,0,0,0,0,0,0,,0,0,0,,0,,0,,0,,0,0,,0,0,,0,,,20,40,40,0,0,0,0,0,0,0,0,0
2025,1057,Elijah Higgins,ARZ,TE,1,14,LA,24,0,67.2,12,66.7,0,0,0,0,,0,0,0,0,,,0,,0,,0,,0,0,0,0,0,0,0,0,,0,0,0,,0,,0,,0,,0,0,,0,0,,0,,,0,75,25,0,0,0,0,0,0,0,0,0
2025,1058,Elijah Higgins,ARZ,TE,1,15,HST,26,0,69.8,13,81.3,0,0,0,0,,0,0,0,0,,,0,,0,,0,,0,0,0,0,0,0,0,0,,0,0,0,,0,,0,,0,,0,0,,0,0,,0,,,30.8,30.8,38.5,0,0,0,0,0,0,0,0,0
2025,1059,Elijah Higgins,ARZ,TE,1,17,CIN,16,0,61.1,8,61.5,0,0,0,0,,0,0,0,0,,,0,,0,,0,,0,0,0,0,0,0,0,0,,0,0,0,,0,,0,,0,,0,0,,0,0,,0,,,0,100,0,0,0,0,0,0,0,0,0,0
2025,1060,Elijah Higgins,ARZ,TE,1,18,LA,10,0,58.5,5,62.5,0,0,0,0,,0,0,0,0,,,0,,0,,0,,0,0,0,0,0,0,0,0,,0,0,0,,0,,0,,0,,0,0,,0,0,,0,,,20,40,40,0,0,0,0,0,0,0,0,0
2025,1061,Payne Durham,TB,TE,1,13,ARZ,20,0,42.1,2,22.2,0,0,0,0,,0,0,0,0,,,0,,0,,0,,0,0,0,0,0,0,0,0,,0,0,0,,0,,0,,0,,0,0,,0,0,,0,,,0,50,50,0,0,0,0,0,0,0,0,0
2025,1062,Payne Durham,TB,TE,1,14,NO,10,0,31.9,1,7.1,0,0,0,0,,0,0,0,0,,,0,,0,,0,,0,0,0,0,0,0,0,0,,0,0,0,,0,,0,,0,,0,0,,0,0,,0,,,0,0,100,0,0,0,0,0,0,0,0,0
2025,1063,Payne Durham,TB,TE,1,15,ATL,70,0,65.6,7,38.9,0,0,0,0,,0,0,0,0,,,0,,0,,0,,0,0,0,0,0,0,0,0,,0,0,0,,0,,0,,0,,0,0,,0,0,,0,,,0,14.3,85.7,0,0,0,0,0,0,0,0,0
2025,1064,Jonathan Mingo,DAL,WR,1,14,DET,26.666666666666668,25,22.4,4,16,1,4,0,0.25,18,18,5,0,0,0,0,0,0,0,0,0,0,0,0,0,0,0,0,0,0,39.6,0,0,0,0,1,100,0,0,1,100,0,0,0,0,0,0,25,-10.9,-0.619,50,50,0,0,0,3,0,2.95,-2.95,0,0.74,3
2025,1065,Jonathan Mingo,DAL,WR,1,16,LAC,20,0,35.7,3,25,0,0,0,0,,0,0,0,0,,,0,,0,,0,,0,0,0,0,0,0,0,0,,0,0,0,,0,,0,,0,,0,0,,0,0,,0,,,33.3,66.7,0,0,0,0,0,0,0,0,0,0
2025,1066,Jonathan Mingo,DAL,WR,1,17,WAS,6.666666666666667,25,9.2,1,5.3,1,5.3,0,1,9,9,3.4,0,0,0,0,0,0,0,0,0,0,0,0,0,0,0,0,0,0,39.6,0,0,0,0,0,0,0,0,0,0,0,0,0,0,0,0,100,-7.45,-0.751,100,0,0,0,0,0,0,-0.02,0.02,0,-0.02,0
2025,1067,Jonathan Mingo,DAL,WR,1,18,NYG,33.33333333333333,25,42.6,5,50,1,10,0,0.2,10,10,9.5,0,0,0,0,0,0,0,0,0,0,0,0,0,0,0,0,0,0,39.6,1,12.5,0,0,0,0,0,0,0,0,0,0,0,0,0,0,20,-7.5,-1.239,100,0,0,0,0,0,0,0.01,-0.01,0,0,0
2025,1068,Michael Mayer,LV,TE,1,16,HST,26.08695652173913,33.33333333333333,67.9,6,54.5,1,9.1,0,0.17,5,5,4.7,0,0,0,0,0,0,0,0,0,0,0,0,0,0,0,0,0,0,39.6,0,0,0,0,1,100,0,0,0,0,1,0,0,0,0,0,14.3,-6.48,-0.889,16.7,33.3,50,0,0,0.9,0,0.88,-0.88,0,0.15,0.9
2025,1069,Michael Mayer,LV,TE,1,18,KC,30.434782608695656,0,93.4,7,53.8,0,0,0,0,,0,0,0,0,,,0,,0,,0,,0,0,0,0,0,0,0,0,,0,0,0,,0,,0,,0,,0,0,,0,0,,0,,,0,14.3,85.7,0,0,0,0,0,0,0,0,0
2025,1070,Davis Allen,LA,TE,1,13,CAR,10.344827586206897,0,37.3,3,27.3,0,0,0,0,,0,0,0,0,,,0,,0,,0,,0,0,0,0,0,0,0,0,,0,0,0,,0,,0,,0,,0,0,,0,0,,0,,,0,33.3,66.7,0,0,0,0,0,0,0,0,0
2025,1071,Davis Allen,LA,TE,1,14,ARZ,13.793103448275861,0,71.6,4,30.8,0,0,0,0,,0,0,0,0,,,0,,0,,0,,0,0,0,0,0,0,0,0,,0,0,0,,0,,0,,0,,0,0,,0,0,,0,,,0,100,0,0,0,0,0,0,0,0,0,0
2025,1072,Davis Allen,LA,TE,1,15,DET,20.689655172413794,0,73.9,6,40,0,0,0,0,,0,0,0,0,,,0,,0,,0,,0,0,0,0,0,0,0,0,,0,0,0,,0,,0,,0,,0,0,,0,0,,0,,,16.7,16.7,66.7,0,0,0,0,0,0,0,0,0
2025,1073,Davis Allen,LA,TE,1,17,ATL,17.24137931034483,0,41,5,29.4,0,0,0,0,,0,0,0,0,,,0,,0,,0,,0,0,0,0,0,0,0,0,,0,0,0,,0,,0,,0,,0,0,,0,0,,0,,,40,40,20,0,0,0,0,0,0,0,0,0
2025,1074,Davis Allen,LA,TE,1,18,ARZ,17.24137931034483,0,72.2,5,41.7,0,0,0,0,,0,0,0,0,,,0,,0,,0,,0,0,0,0,0,0,0,0,,0,0,0,,0,,0,,0,,0,0,,0,0,,0,,,40,0,60,0,0,0,0,0,0,0,0,0
2025,1075,Luke Musgrave,GB,TE,1,13,DET,22.58064516129032,0,60,7,46.7,0,0,0,0,,0,0,0,0,,,0,,0,,0,,0,0,0,0,0,0,0,0,,0,0,0,,0,,0,,0,,0,0,,0,0,,0,,,0,14.3,85.7,0,0,0,0,0,0,0,0,0
2025,1076,Luke Musgrave,GB,TE,1,14,CHI,9.67741935483871,100,40.4,3,37.5,1,12.5,0,0.33,1,1,0.7,0,0,0,0,0,0,0,0,0,0,0,0,0,0,0,0,0,0,39.6,0,0,0,0,1,100,0,0,0,0,1,0,0,0,0,0,33.3,-5.78,-0.187,33.3,66.7,0,0,0,0.6,0,0.61,-0.61,0,0.2,0.6
2025,1077,Luke Musgrave,GB,TE,1,15,DEN,29.03225806451613,0,52.4,9,81.8,0,0,0,0,,0,0,0,0,,,0,,0,,0,,0,0,0,0,0,0,0,0,,0,0,0,,0,,0,,0,,0,0,,0,0,,0,,,0,55.6,44.4,0,0,0,0,0,0,0,0,0
2025,1078,Luke Musgrave,GB,TE,1,16,CHI,19.35483870967742,0,77.1,6,66.7,0,0,0,0,,0,0,0,0,,,0,,0,,0,,0,0,0,0,0,0,0,0,,0,0,0,,0,,0,,0,,0,0,,0,0,,0,,,0,16.7,83.3,0,0,0,0,0,0,0,0,0
2025,1079,Luke Musgrave,GB,TE,1,17,BLT,19.35483870967742,0,40.9,6,42.9,0,0,0,0,,0,0,0,0,,,0,,0,,0,,0,0,0,0,0,0,0,0,,0,0,0,,0,,0,,0,,0,0,,0,0,,0,,,0,33.3,66.7,0,0,0,0,0,0,0,0,0
2025,1080,Jayden Reed,GB,WR,1,16,CHI,25.925925925925924,0,64.3,7,77.8,0,0,0,0,,0,0,0,0,,,0,,0,,0,,0,0,0,0,0,0,0,0,,0,0,0,,0,,0,,0,,0,0,,0,0,,0,,,14.3,57.1,14.3,14.3,0,0,0,0,0,0,0,0
2025,1081,Jayden Reed,GB,WR,1,17,BLT,29.629629629629626,0,50,8,57.1,0,0,0,0,,0,0,0,0,,,0,,0,,0,,0,0,0,0,0,0,0,0,,0,0,0,,0,,0,,0,,0,0,,0,0,,0,,,0,100,0,0,0,0,0,0,0,0,0,0
2025,1082,Jayden Reed,GB,WR,1,18,MIN,7.4074074074074066,0,16,2,66.7,0,0,0,0,,0,0,0,0,,,0,,0,,0,,0,0,0,0,0,0,0,0,,0,0,0,,0,,0,,0,,0,0,,0,0,,0,,,100,0,0,0,0,0,0,0,0,0,0,0
2025,1083,Brock Bowers,LV,TE,1,14,DEN,33.33333333333333,0,100,12,92.3,0,0,0,0,,0,0,0,0,,,0,,0,,0,,0,0,0,0,0,0,0,0,,0,0,0,,0,,0,,0,,0,0,,0,0,,0,,,25,33.3,41.7,0,0,0,0,0,0,0,0,0
2025,1084,Brock Bowers,LV,TE,1,15,PHI,16.666666666666664,0,90.5,6,100,0,0,0,0,,0,0,0,0,,,0,,0,,0,,0,0,0,0,0,0,0,0,,0,0,0,,0,,0,,0,,0,0,,0,0,,0,,,16.7,66.7,16.7,0,0,0,0,0,0,0,0,0
2025,1085,Xavier Legette,CAR,WR,1,15,NO,16.666666666666664,12.5,73.2,5,83.3,1,16.7,0,0.2,6,6,7.3,0,0,0,0,0,0,0,0,0,0,0,0,0,0,0,0,0,0,39.6,0,0,0,0,0,0,0,0,0,0,0,0,0,0,0,0,20,-6.95,-0.729,80,20,0,0,0,0.1,0,0.06,-0.06,0,0.01,0.1
2025,1086,Ja'Tavion Sanders,CAR,TE,1,13,LA,23.076923076923077,0,48.4,3,42.9,0,0,0,0,,0,0,0,0,,,0,,0,,0,,0,0,0,0,0,0,0,0,,0,0,0,,0,,0,,0,,0,0,,0,0,,0,,,0,66.7,33.3,0,0,0,0,0,0,0,0,0
2025,1087,Ja'Tavion Sanders,CAR,TE,1,15,NO,23.076923076923077,0,51.8,3,50,0,0,0,0,,0,0,0,0,,,0,,0,,0,,0,0,0,0,0,0,0,0,,0,0,0,,0,,0,,0,,0,0,,0,0,,0,,,33.3,33.3,33.3,0,0,0,0,0,0,0,0,0
2025,1088,Cade Stover,HST,TE,1,13,IND,14.285714285714285,0,40.8,2,13.3,0,0,0,0,,0,0,0,0,,,0,,0,,0,,0,0,0,0,0,0,0,0,,0,0,0,,0,,0,,0,,0,0,,0,0,,0,,,50,0,50,0,0,0,0,0,0,0,0,0
2025,1089,Cade Stover,HST,TE,1,14,KC,14.285714285714285,0,27.7,2,16.7,0,0,0,0,,0,0,0,0,,,0,,0,,0,,0,0,0,0,0,0,0,0,,0,0,0,,0,,0,,0,,0,0,,0,0,,0,,,0,0,100,0,0,0,0,0,0,0,0,0
2025,1090,Cade Stover,HST,TE,1,16,LV,21.428571428571427,0,54.1,3,20,0,0,0,0,,0,0,0,0,,,0,,0,,0,,0,0,0,0,0,0,0,0,,0,0,0,,0,,0,,0,,0,0,,0,0,,0,,,66.7,0,33.3,0,0,0,0,0,0,0,0,0
2025,1091,Cade Stover,HST,TE,1,17,LAC,28.57142857142857,0,54.8,4,28.6,0,0,0,0,,0,0,0,0,,,0,,0,,0,,0,0,0,0,0,0,0,0,,0,0,0,,0,,0,,0,,0,0,,0,0,,0,,,0,0,100,0,0,0,0,0,0,0,0,0
2025,1092,Cade Stover,HST,TE,1,18,IND,21.428571428571427,0,50,3,21.4,0,0,0,0,,0,0,0,0,,,0,,0,,0,,0,0,0,0,0,0,0,0,,0,0,0,,0,,0,,0,,0,0,,0,0,,0,,,0,0,100,0,0,0,0,0,0,0,0,0
2025,1093,Devaughn Vele,NO,WR,1,14,TB,14.285714285714285,0,92.7,3,60,0,0,0,0,,0,0,0,0,,,0,,0,,0,,0,0,0,0,0,0,0,0,,0,0,0,,0,,0,,0,,0,0,,0,0,,0,,,33.3,66.7,0,0,0,0,0,0,0,0,0,0
2025,1094,Isaiah Williams,NYJ,WR,1,13,ATL,13.20754716981132,10,41.3,7,41.2,1,5.9,0,0.14,6,6,3.1,0,0,0,0,0,0,0,0,0,0,0,0,0,0,0,0,0,0,39.6,1,6.7,0,0,0,0,0,0,0,0,0,0,0,0,0,0,14.3,-6.95,-1.196,28.6,71.4,0,0,0,0,0,0.01,-0.01,0,0,0
2025,1095,Brenden Bates,CLV,TE,1,15,CHI,25,0,23.2,1,12.5,0,0,0,0,,0,0,0,0,,,0,,0,,0,,0,0,0,0,0,0,0,0,,0,0,0,,0,,0,,0,,0,0,,0,0,,0,,,0,0,100,0,0,0,0,0,0,0,0,0
2025,1096,Brenden Bates,CLV,TE,1,16,BUF,25,0,42.2,1,14.3,0,0,0,0,,0,0,0,0,,,0,,0,,0,,0,0,0,0,0,0,0,0,,0,0,0,,0,,0,,0,,0,0,,0,0,,0,,,0,0,100,0,0,0,0,0,0,0,0,0
2025,1097,Brenden Bates,CLV,TE,1,17,PIT,50,0,48,2,25,0,0,0,0,,0,0,0,0,,,0,,0,,0,,0,0,0,0,0,0,0,0,,0,0,0,,0,,0,,0,,0,0,,0,0,,0,,,0,0,100,0,0,0,0,0,0,0,0,0
2025,1098,Xavier Weaver,ARZ,WR,1,13,TB,15.384615384615385,16.666666666666664,49.2,4,33.3,1,8.3,0,0.25,6,6,4.1,0,0,0,0,0,0,0,0,0,0,0,0,0,0,0,0,0,0,39.6,1,8.3,0,0,0,0,0,0,0,0,0,0,0,0,0,0,25,-6.95,-0.501,50,50,0,0,0,0.1,0,0.08,-0.08,0,0.02,0.1
2025,1099,Xavier Weaver,ARZ,WR,1,18,LA,26.923076923076923,0,77.4,7,87.5,0,0,0,0,,0,0,0,0,,,0,,0,,0,,0,0,0,0,0,0,0,0,,0,0,0,,0,,0,,0,,0,0,,0,0,,0,,,71.4,28.6,0,0,0,0,0,0,0,0,0,0
2025,1100,Brevyn Spann-Ford,DAL,TE,1,13,KC,14.285714285714285,0,29.2,2,10,0,0,0,0,,0,0,0,0,,,0,,0,,0,,0,0,0,0,0,0,0,0,,0,0,0,,0,,0,,0,,0,0,,0,0,,0,,,0,0,100,0,0,0,0,0,0,0,0,0
2025,1101,Brevyn Spann-Ford,DAL,TE,1,14,DET,14.285714285714285,0,17.1,2,8,0,0,0,0,,0,0,0,0,,,0,,0,,0,,0,0,0,0,0,0,0,0,,0,0,0,,0,,0,,0,,0,0,,0,0,,0,,,0,0,100,0,0,0,0,0,0,0,0,0
2025,1102,Brevyn Spann-Ford,DAL,TE,1,15,MIN,7.142857142857142,0,29,1,5.9,0,0,0,0,,0,0,0,0,,,0,,0,,0,,0,0,0,0,0,0,0,0,,0,0,0,,0,,0,,0,,0,0,,0,0,,0,,,0,0,100,0,0,0,0,0,0,0,0,0
2025,1103,Brevyn Spann-Ford,DAL,TE,1,17,WAS,64.28571428571429,0,51.7,9,47.4,0,0,0,0,,0,0,0,0,,,0,,0,,0,,0,0,0,0,0,0,0,0,,0,0,0,,0,,0,,0,,0,0,,0,0,,0,,,0,22.2,77.8,0,0,0,0,0,0,0,0,0
2025,1104,Kameron Johnson,TB,WR,1,14,NO,100,100,8.7,1,7.1,1,7.1,0,1,15,15,8.6,0,0,0,0,0,0,0,0,0,0,0,0,0,0,0,0,0,0,0,0,0,0,0,0,0,0,0,0,0,0,0,0,0,0,0,50,-10.41,-5.589,100,0,0,0,0,0,0,0.04,-0.04,0,0.04,0
2025,1105,Mason Tipton,NO,WR,1,13,MIA,31.57894736842105,33.33333333333333,84.1,12,92.3,1,7.7,0,0.08,13,13,7.9,0,0,0,0,0,0,0,0,0,0,0,0,0,0,0,0,0,0,39.6,1,10,0,0,0,0,0,0,0,0,0,0,0,0,0,0,8.3,-8.91,-1.669,66.7,33.3,0,0,0,0,0,-0.01,0.01,0,0,0
2025,1106,Mason Tipton,NO,WR,1,14,TB,5.263157894736842,0,43.6,2,40,0,0,0,0,,0,0,0,0,,,0,,0,,0,,0,0,0,0,0,0,0,0,,0,0,0,,0,,0,,0,,0,0,,0,0,,0,,,100,0,0,0,0,0,0,0,0,0,0,0
2025,1107,Mason Tipton,NO,WR,1,15,CAR,34.21052631578947,0,79.4,13,92.9,0,0,0,0,,0,0,0,0,,,0,,0,,0,,0,0,0,0,0,0,0,0,,0,0,0,,0,,0,,0,,0,0,,0,0,,0,,,38.5,61.5,0,0,0,0,0,0,0,0,0,0
2025,1108,David Martin-Robinson,TEN,TE,1,18,JAX,100,0,39.6,3,25,0,0,0,0,,0,0,0,0,,,0,,0,,0,,0,0,0,0,0,0,0,0,,0,0,0,,0,,0,,0,,0,0,,0,0,,0,,,0,0,100,0,0,0,0,0,0,0,0,0
2025,1109,Bryce Oliver,TEN,WR,1,18,JAX,100,0,35.8,2,16.7,0,0,0,0,,0,0,0,0,,,0,,0,,0,,0,0,0,0,0,0,0,0,,0,0,0,,0,,0,,0,,0,0,,0,0,,0,,,100,0,0,0,0,0,0,0,0,0,0,0
2025,1110,Colson Yankoff,WAS,TE,1,14,MIN,50,100,24.5,2,22.2,1,11.1,0,0.5,5,5,5.4,0,0,0,0,0,0,0,0,0,0,0,0,0,0,0,0,0,0,39.6,1,11.1,0,0,0,0,0,0,0,0,0,0,0,0,0,0,50,-6.48,-0.57,50,0,50,0,0,0,0,0.01,-0.01,0,0,0
2025,1111,Colson Yankoff,WAS,TE,1,18,PHI,50,0,17.5,2,25,0,0,0,0,,0,0,0,0,,,0,,0,,0,,0,0,0,0,0,0,0,0,,0,0,0,,0,,0,,0,,0,0,,0,0,,0,,,0,100,0,0,0,0,0,0,0,0,0,0
2025,1112,Roman Wilson,PIT,WR,1,13,BUF,100,100,44.2,5,62.5,1,12.5,0,0.2,23,23,32.4,0,0,0,0,0,0,0,0,0,0,0,0,0,0,0,0,0,0,39.6,1,14.3,0,0,0,0,1,0,0,0,0,0,0,0,0,0,20,-10.22,-1.557,40,60,0,0,0,0,0,0.01,-0.01,0,0,0
2025,1113,Jordan Whittington,LA,WR,1,13,CAR,14.285714285714285,0,35.3,1,9.1,0,0,0,0,,0,0,0,0,,,0,,0,,0,,0,0,0,0,0,0,0,0,,0,0,0,,0,,0,,0,,0,0,,0,0,,0,,,0,0,100,0,0,0,0,0,0,0,0,0
2025,1114,Jordan Whittington,LA,WR,1,14,ARZ,14.285714285714285,0,16.4,1,7.7,0,0,0,0,,0,0,0,0,,,0,,0,,0,,0,0,0,0,0,0,0,0,,0,0,0,,0,,0,,0,,0,0,,0,0,,0,,,0,100,0,0,0,0,0,0,0,0,0,0
2025,1115,Jordan Whittington,LA,WR,1,15,DET,14.285714285714285,0,5.8,1,6.7,0,0,0,0,,0,0,0,0,,,0,,0,,0,,0,0,0,0,0,0,0,0,,0,0,0,,0,,0,,0,,0,0,,0,0,,0,,,100,0,0,0,0,0,0,0,0,0,0,0
2025,1116,Jordan Whittington,LA,WR,1,17,ATL,14.285714285714285,0,21.3,1,5.9,0,0,0,0,,0,0,0,0,,,0,,0,,0,,0,0,0,0,0,0,0,0,,0,0,0,,0,,0,,0,,0,0,,0,0,,0,,,100,0,0,0,0,0,0,0,0,0,0,0
2025,1117,Devin Culp,TB,TE,1,15,ATL,100,0,27.9,6,33.3,0,0,0,0,,0,0,0,0,,,0,,0,,0,,0,0,0,0,0,0,0,0,,0,0,0,,0,,0,,0,,0,0,,0,0,,0,,,16.7,16.7,66.7,0,0,0,0,0,0,0,0,0
2025,1118,Devontez Walker,BLT,WR,1,13,CIN,22.22222222222222,50,26.3,2,16.7,1,8.3,0,0.5,46,46,21.8,0,0,0,0,0,0,0,0,0,0,0,0.16,0,0,0,0,0,0,39.6,1,11.1,0,0,1,100,1,0,0,0,1,0,0,0,0,0,50,-15,-0.439,50,50,0,0,0,2.9,0,2.95,-2.95,0,1.47,2.9
2025,1119,Devontez Walker,BLT,WR,1,15,CIN,33.33333333333333,0,62.5,3,50,0,0,0,0,,0,0,0,0,,,0,,0,,0,,0,0,0,0,0,0,0,0,,0,0,0,,0,,0,,0,,0,0,,0,0,,0,,,100,0,0,0,0,0,0,0,0,0,0,0
2025,1120,Devontez Walker,BLT,WR,1,17,GB,11.11111111111111,0,25.7,1,20,0,0,0,0,,0,0,0,0,,,0,,0,,0,,0,0,0,0,0,0,0,0,,0,0,0,,0,,0,,0,,0,0,,0,0,,0,,,0,100,0,0,0,0,0,0,0,0,0,0
2025,1121,AJ Barner,SEA,TE,1,13,MIN,8.108108108108109,0,85.5,3,50,0,0,0,0,,0,0,0,0,,,0,,0,,0,,0,0,0,0,0,0,0,0,,0,0,0,,0,,0,,0,,0,0,,0,0,,0,,,0,33.3,66.7,0,0,0,0,0,0,0,0,0
2025,1122,AJ Barner,SEA,TE,1,14,ATL,18.91891891891892,0,67.2,7,63.6,0,0,0,0,,0,0,0,0,,,0,,0,,0,,0,0,0,0,0,0,0,0,,0,0,0,,0,,0,,0,,0,0,,0,0,,0,,,0,14.3,85.7,0,0,0,0,0,0,0,0,0
2025,1123,AJ Barner,SEA,TE,1,15,IND,27.027027027027028,0,83.1,10,58.8,0,0,0,0,,0,0,0,0,,,0,,0,,0,,0,0,0,0,0,0,0,0,,0,0,0,,0,,0,,0,,0,0,,0,0,,0,,,0,20,80,0,0,0,0,0,0,0,0,0
2025,1124,AJ Barner,SEA,TE,1,16,LA,27.027027027027028,0,93.7,10,83.3,0,0,0,0,,0,0,0,0,,,0,,0,,0,,0,0,0,0,0,0,0,0,,0,0,0,,0,,0,,0,,0,0,,0,0,,0,,,0,20,80,0,0,0,0,0,0,0,0,0
2025,1125,AJ Barner,SEA,TE,1,17,CAR,8.108108108108109,0,78.8,3,25,0,0,0,0,,0,0,0,0,,,0,,0,,0,,0,0,0,0,0,0,0,0,,0,0,0,,0,,0,,0,,0,0,,0,0,,0,,,0,33.3,66.7,0,0,0,0,0,0,0,0,0
2025,1126,AJ Barner,SEA,TE,1,18,SF,10.81081081081081,0,59.7,4,50,0,0,0,0,,0,0,0,0,,,0,,0,,0,,0,0,0,0,0,0,0,0,,0,0,0,,0,,0,,0,,0,0,,0,0,,0,,,0,0,100,0,0,0,0,0,0,0,0,0
2025,1127,Anthony Gould,IND,WR,1,14,JAX,100,0,6.3,2,11.1,0,0,0,0,,0,0,0,0,,,0,,0,,0,,0,0,0,0,0,0,0,0,,0,0,0,,0,,0,,0,,0,0,,0,0,,0,,,0,100,0,0,0,0,0,0,0,0,0,0
2025,1128,Jared Wiley,KC,TE,1,13,DAL,100,0,15,1,9.1,0,0,0,0,,0,0,0,0,,,0,,0,,0,,0,0,0,0,0,0,0,0,,0,0,0,,0,,0,,0,,0,0,,0,0,,0,,,0,0,100,0,0,0,0,0,0,0,0,0
2025,1129,Theo Johnson,NYG,TE,1,13,NE,43.75,66.66666666666666,86.8,7,87.5,2,25,0,0.29,14,28,26.7,0,0,0,0,0,0,0,0,0,0,0,0,0,0,0,0,0,0,39.6,1,20,0,0,0,0,0,0,0,0,0,0,0,0,0,0,25,-10.3,-0.388,28.6,14.3,57.1,0,0,0,0,-0.01,0.01,0,0,0
2025,1130,Theo Johnson,NYG,TE,1,15,WAS,37.5,0,86.6,6,54.5,0,0,0,0,,0,0,0,0,,,0,,0,,0,,0,0,0,0,0,0,0,0,,0,0,0,,0,,0,,0,,0,0,,0,0,,0,,,0,100,0,0,0,0,0,0,0,0,0,0
2025,1131,Theo Johnson,NYG,TE,1,16,MIN,18.75,33.33333333333333,95.8,3,100,1,33.3,0,0.33,5,5,62.5,0,0,0,0,0,0,0,0,0,0,0,0,0,0,0,0,0,0,0,1,100,0,0,1,100,0,0,1,100,1,0,0,0,0,0,33.3,-6.48,-3.961,33.3,66.7,0,0,0,1.2,0,1.2,-1.2,0,0.4,1.2
2025,1132,Marvin Harrison,ARZ,WR,1,17,CIN,22.727272727272727,12.5,31.5,5,38.5,1,7.7,0,0.2,11,11,8.3,0,0,0,0,0,0,0,0,0,0,0,0,0,0,0,0,0,0,39.6,1,11.1,0,0,0,0,0,0,0,0,1,0,0,0,0,0,20,-8.32,-1.044,80,20,0,0,0,0,0,0,0,0,0,0
2025,1133,Troy Franklin,DEN,WR,1,18,LAC,10.526315789473683,7.6923076923076925,43.1,4,100,1,25,0,0.25,17,17,54.8,0,0,0,0,0,0,0,0,0,0,0,0,0,1,1,0,0,0,39.6,1,25,0,0,0,0,0,0,0,0,0,0,0,0,0,0,25,-11.67,-0.841,100,0,0,0,0,0,0,-0.03,0.03,0,-0.01,0
2025,1134,Malik Washington,MIA,WR,1,13,NO,11.428571428571429,0,61,4,50,0,0,0,0,,0,0,0,0,,,0,,0,,0,,0,0,0,0,0,0,0,0,,0,0,0,,0,,0,,0,,0,0,,0,0,,0,,,100,0,0,0,0,0,0,0,0,0,0,0
2025,1135,Malik Washington,MIA,WR,1,16,CIN,22.857142857142858,0,51.7,8,61.5,0,0,0,0,,0,0,0,0,,,0,,0,,0,,0,0,0,0,0,0,0,0,,0,0,0,,0,,0,,0,,0,0,,0,0,,0,,,37.5,62.5,0,0,0,0,0,0,0,0,0,0
2025,1136,Malik Washington,MIA,WR,1,17,TB,8.571428571428571,14.285714285714285,64.8,3,50,1,16.7,0,0.33,41,41,39,0,0,0,0,0,0,0,0,0,0,0,0,0,0,0,0,0,0,39.6,1,20,0,0,0,0,1,0,0,0,0,0,0,0,0,0,33.3,-15,-0.794,100,0,0,0,0,0,0,-0.01,0.01,0,0,0
2025,1137,Tahj Washington,MIA,WR,1,17,TB,10,0,9.3,1,16.7,0,0,0,0,,0,0,0,0,,,0,,0,,0,,0,0,0,0,0,0,0,0,,0,0,0,,0,,0,,0,,0,0,,0,0,,0,,,0,100,0,0,0,0,0,0,0,0,0,0
2025,1138,Adonai Mitchell,NYJ,WR,1,18,BUF,4.615384615384616,2.7027027027027026,50,3,37.5,1,12.5,0,0.33,12,12,37.5,0,0,0,0,0,0,0,0,0,0,0,0,0,0,0,0,0,0,39.6,1,12.5,0,0,0,0,0,0,0,0,1,0,0,0,0,0,33.3,-9.05,-1.356,66.7,33.3,0,0,0,0,0,0.01,-0.01,0,0,0
2025,1139,Xavier Worthy,KC,WR,1,17,DEN,13.953488372093023,12.5,78.6,6,66.7,2,22.2,0,0.33,2.5,5,8.8,0,0,0,0,0,0,0,0,0,0,0,0,0,0,0,0,0,0,39.6,1,16.7,1,50,2,100,0,0,1,50,0,0,0,0,0,0,28.6,-5.39,-0.754,50,50,0,0,0,3.4,0,3.37,-3.37,0,0.56,3.4
2025,1140,Keon Coleman,BUF,WR,1,15,NE,11.76470588235294,0,56.7,2,28.6,0,0,0,0,,0,0,0,0,,,0,,0,,0,,0,0,0,0,0,0,0,0,,0,0,0,,0,,0,,0,,0,0,,0,0,,0,,,100,0,0,0,0,0,0,0,0,0,0,0
2025,1141,Ben Sinnott,WAS,TE,1,13,DEN,5,0,17.6,1,4.8,0,0,0,0,,0,0,0,0,,,0,,0,,0,,0,0,0,0,0,0,0,0,,0,0,0,,0,,0,,0,,0,0,,0,0,,0,,,0,100,0,0,0,0,0,0,0,0,0,0
2025,1142,Ben Sinnott,WAS,TE,1,15,NYG,20,0,58.6,4,66.7,0,0,0,0,,0,0,0,0,,,0,,0,,0,,0,0,0,0,0,0,0,0,,0,0,0,,0,,0,,0,,0,0,,0,0,,0,,,0,50,50,0,0,0,0,0,0,0,0,0
2025,1143,Ben Sinnott,WAS,TE,1,16,PHI,25,0,68.6,5,62.5,0,0,0,0,,0,0,0,0,,,0,,0,,0,,0,0,0,0,0,0,0,0,,0,0,0,,0,,0,,0,,0,0,,0,0,,0,,,40,60,0,0,0,0,0,0,0,0,0,0
2025,1144,Ben Sinnott,WAS,TE,1,17,DAL,35,0,61,7,70,0,0,0,0,,0,0,0,0,,,0,,0,,0,,0,0,0,0,0,0,0,0,,0,0,0,,0,,0,,0,,0,0,,0,0,,0,,,0,71.4,28.6,0,0,0,0,0,0,0,0,0
2025,1145,Ben Sinnott,WAS,TE,1,18,PHI,15,0,54,3,37.5,0,0,0,0,,0,0,0,0,,,0,,0,,0,,0,0,0,0,0,0,0,0,,0,0,0,,0,,0,,0,,0,0,,0,0,,0,,,0,66.7,33.3,0,0,0,0,0,0,0,0,0
2025,1146,Ladd McConkey,LAC,WR,1,14,PHI,20.454545454545457,33.33333333333333,85.9,9,90,1,10,0,0.11,37,37,31.9,0,0,0,0,0,0,0,0,0,0,0,0,0,0,0,0,0,0,39.6,1,12.5,0,0,0,0,1,0,0,0,0,0,0,0,0,0,10,-14.82,-0.184,11.1,88.9,0,0,0,0,0,0,0,0,0,0
2025,1147,Ladd McConkey,LAC,WR,1,15,KC,18.181818181818183,0,74.2,8,88.9,0,0,0,0,,0,0,0,0,,,0,,0,,0,,0,0,0,0,0,0,0,0,,0,0,0,,0,,0,,0,,0,0,,0,0,,0,,,12.5,87.5,0,0,0,0,0,0,0,0,0,0
2025,1148,Ladd McConkey,LAC,WR,1,17,HST,20.454545454545457,0,88.1,9,100,0,0,0,0,,0,0,0,0,,,0,,0,,0,,0,0,0,0,0,0,0,0,,0,0,0,,0,,0,,0,,0,0,,0,0,,0,,,11.1,88.9,0,0,0,0,0,0,0,0,0,0
2025,1149,Malachi Corley,CLV,WR,1,13,SF,12.5,0,35,1,16.7,0,0,0,0,,0,0,0,0,,,0,,0,,0,,0,0,0,0,0,0,0,0,,0,0,0,,0,,0,,0,,0,0,,0,0,,0,,,100,0,0,0,0,0,0,0,0,0,0,0
2025,1150,Malachi Corley,CLV,WR,1,14,TEN,12.5,0,6.3,1,11.1,0,0,0,0,,0,0,0,0,,,0,,0,,0,,0,0,0,0,0,0,0,0,,0,0,0,,0,,0,,0,,0,0,,0,0,,0,,,0,100,0,0,0,0,0,0,0,0,0,0
2025,1151,Malachi Corley,CLV,WR,1,17,PIT,50,0,40,4,50,0,0,0,0,,0,0,0,0,,,0,,0,,0,,0,0,0,0,0,0,0,0,,0,0,0,,0,,0,,0,,0,0,,0,0,,0,,,0,75,0,25,0,0,0,0,0,0,0,0
2025,1152,Malachi Corley,CLV,WR,1,18,CIN,12.5,0,42.3,1,14.3,0,0,0,0,,0,0,0,0,,,0,,0,,0,,0,0,0,0,0,0,0,0,,0,0,0,,0,,0,,0,,0,0,,0,0,,0,,,0,100,0,0,0,0,0,0,0,0,0,0
2025,1153,Darius Cooper,PHI,WR,1,13,CHI,17.857142857142858,0,25.5,5,35.7,0,0,0,0,,0,0,0,0,,,0,,0,,0,,0,0,0,0,0,0,0,0,,0,0,0,,0,,0,,0,,0,0,,0,0,,0,,,60,40,0,0,0,0,0,0,0,0,0,0
2025,1154,Darius Cooper,PHI,WR,1,14,LAC,10.714285714285714,0,28.8,3,15.8,0,0,0,0,,0,0,0,0,,,0,,0,,0,,0,0,0,0,0,0,0,0,,0,0,0,,0,,0,,0,,0,0,,0,0,,0,,,33.3,66.7,0,0,0,0,0,0,0,0,0,0
2025,1155,Darius Cooper,PHI,WR,1,16,WAS,3.571428571428571,0,18.2,1,6.3,0,0,0,0,,0,0,0,0,,,0,,0,,0,,0,0,0,0,0,0,0,0,,0,0,0,,0,,0,,0,,0,0,,0,0,,0,,,0,100,0,0,0,0,0,0,0,0,0,0
2025,1156,Darius Cooper,PHI,WR,1,17,BUF,7.142857142857142,0,31.5,2,18.2,0,0,0,0,,0,0,0,0,,,0,,0,,0,,0,0,0,0,0,0,0,0,,0,0,0,,0,,0,,0,,0,0,,0,0,,0,,,0,100,0,0,0,0,0,0,0,0,0,0
2025,1157,LaJohntay Wester,BLT,WR,1,14,PIT,25,0,6.5,1,10,0,0,0,0,,0,0,0,0,,,0,,0,,0,,0,0,0,0,0,0,0,0,,0,0,0,,0,,0,,0,,0,0,,0,0,,0,,,0,100,0,0,0,0,0,0,0,0,0,0
2025,1158,LaJohntay Wester,BLT,WR,1,15,CIN,25,0,22.5,1,16.7,0,0,0,0,,0,0,0,0,,,0,,0,,0,,0,0,0,0,0,0,0,0,,0,0,0,,0,,0,,0,,0,0,,0,0,,0,,,0,100,0,0,0,0,0,0,0,0,0,0
2025,1159,LaJohntay Wester,BLT,WR,1,16,NE,25,0,3.7,1,7.7,0,0,0,0,,0,0,0,0,,,0,,0,,0,,0,0,0,0,0,0,0,0,,0,0,0,,0,,0,,0,,0,0,,0,0,,0,,,0,100,0,0,0,0,0,0,0,0,0,0
2025,1160,LaJohntay Wester,BLT,WR,1,17,GB,25,0,8.1,1,20,0,0,0,0,,0,0,0,0,,,0,,0,,0,,0,0,0,0,0,0,0,0,,0,0,0,,0,,0,,0,,0,0,,0,0,,0,,,100,0,0,0,0,0,0,0,0,0,0,0
2025,1161,Tetairoa McMillan,CAR,WR,1,15,NO,14.634146341463413,11.11111111111111,83.9,6,100,2,33.3,0,0.33,14.5,29,35.4,0,0,0,0,0,0,0,0,0,0,0,0.08,0,0,0,0,0,0,39.6,1,33.3,0,0,1,50,0,0,0,0,1,0,0,0,0,0,33.3,-10.36,-0.689,66.7,33.3,0,0,0,2.1,0,2.14,-2.14,0,0.36,2.1
2025,1162,Colston Loveland,CHI,TE,1,14,GB,9.803921568627452,6.25,57.4,5,38.5,1,7.7,0,0.2,15,15,11.3,0,0,0,0,0,0,0,0,0,0,0,0,0,0,0,0,0,0,39.6,0,0,0,0,1,100,0,0,0,0,1,0,0,0,0,0,16.7,-10.64,-0.535,40,20,40,0,0,1.9,0,1.9,-1.9,0,0.38,1.9
2025,1163,Colston Loveland,CHI,TE,1,15,CLV,19.607843137254903,0,65.6,10,76.9,0,0,0,0,,0,0,0,0,,,0,,0,,0,,0,0,0,0,0,0,0,0,,0,0,0,,0,,0,,0,,0,0,,0,0,,0,,,30,50,20,0,0,0,0,0,0,0,0,0
2025,1164,Tyler Warren,IND,TE,1,13,HST,6.382978723404255,0,86.3,3,60,0,0,0,0,,0,0,0,0,,,0,,0,,0,,0,0,0,0,0,0,0,0,,0,0,0,,0,,0,,0,,0,0,,0,0,,0,,,0,66.7,33.3,0,0,0,0,0,0,0,0,0
2025,1165,Tyler Warren,IND,TE,1,14,JAX,31.914893617021278,33.33333333333333,92.1,15,83.3,1,5.6,0,0.07,10,10,5.9,0,0,0,0,0,0,0,0,0,0,0,0,0,1,1,0,0,0,39.6,1,7.7,0,0,0,0,0,0,0,0,0,0,0,0,0,0,6.3,-7.77,-0.74,13.3,66.7,20,0,0,0,0,-0.01,0.01,0,0,0
2025,1166,Tyler Warren,IND,TE,1,16,SF,14.893617021276595,0,87.9,7,87.5,0,0,0,0,,0,0,0,0,,,0,,0,,0,,0,0,0,0,0,0,0,0,,0,0,0,,0,,0,,0,,0,0,,0,0,,0,,,0,57.1,42.9,0,0,0,0,0,0,0,0,0
2025,1167,Tyler Warren,IND,TE,1,18,HST,14.893617021276595,0,81.3,7,70,0,0,0,0,,0,0,0,0,,,0,,0,,0,,0,0,0,0,0,0,0,0,,0,0,0,,0,,0,,0,,0,0,,0,0,,0,,,14.3,28.6,57.1,0,0,0,0,0,0,0,0,0
2025,1168,Emeka Egbuka,TB,WR,1,16,CAR,8.51063829787234,0,57.4,4,33.3,0,0,0,0,,0,0,0,0,,,0,,0,,0,,0,0,0,0,0,0,0,0,,0,0,0,,0,,0,,0,,0,0,,0,0,,0,,,75,25,0,0,0,0,0,0,0,0,0,0
2025,1169,Kyle Williams,NE,WR,1,18,MIA,10,0,44.6,2,25,0,0,0,0,,0,0,0,0,,,0,,0,,0,,0,0,0,0,0,0,0,0,,0,0,0,,0,,0,,0,,0,0,,0,0,,0,,,100,0,0,0,0,0,0,0,0,0,0,0
2025,1170,Jaylin Noel,HST,WR,1,13,IND,28.57142857142857,0,25.4,6,40,0,0,0,0,,0,0,0,0,,,0,,0,,0,,0,0,0,0,0,0,0,0,,0,0,0,,0,,0,,0,,0,0,,0,0,,0,,,16.7,83.3,0,0,0,0,0,0,0,0,0,0
2025,1171,Jaylin Noel,HST,WR,1,15,ARZ,9.523809523809524,0,17.5,2,33.3,0,0,0,0,,0,0,0,0,,,0,,0,,0,,0,0,0,0,0,0,0,0,,0,0,0,,0,,0,,0,,0,0,,0,0,,0,,,0,100,0,0,0,0,0,0,0,0,0,0
2025,1172,Jaylin Noel,HST,WR,1,16,LV,14.285714285714285,0,14.8,3,20,0,0,0,0,,0,0,0,0,,,0,,0,,0,,0,0,0,0,0,0,0,0,,0,0,0,,0,,0,,0,,0,0,,0,0,,0,,,33.3,66.7,0,0,0,0,0,0,0,0,0,0
2025,1173,Jaylin Noel,HST,WR,1,18,IND,4.761904761904762,0,17.2,1,7.1,0,0,0,0,,0,0,0,0,,,0,,0,,0,,0,0,0,0,0,0,0,0,,0,0,0,,0,,0,,0,,0,0,,0,0,,0,,,0,100,0,0,0,0,0,0,0,0,0,0
2025,1174,Jaylin Lane,WAS,WR,1,13,DEN,66.66666666666666,100,40,2,9.5,1,4.8,0,0.5,26,26,8.3,0,0,0,0,0,0,0,0,0,0,0,0.01,0,0,0,0,0,0,39.6,1,5.6,0,0,1,100,1,0,0,0,1,0,0,0,0,0,50,-13.01,-1.828,50,50,0,0,0,1.7,0,1.65,-1.65,0,0.83,1.7
2025,1175,Jaylin Lane,WAS,WR,1,15,NYG,33.33333333333333,0,46.6,1,16.7,0,0,0,0,,0,0,0,0,,,0,,0,,0,,0,0,0,0,0,0,0,0,,0,0,0,,0,,0,,0,,0,0,,0,0,,0,,,100,0,0,0,0,0,0,0,0,0,0,0
2025,1176,KeAndre Lambert-Smith,LAC,WR,1,17,HST,7.6923076923076925,12.5,10.2,1,11.1,1,11.1,0,1,12,12,6.5,0,0,0,0,0,0,0,0,0,0,0,0,0,0,0,0,0,0,39.6,1,16.7,0,0,0,0,0,0,0,0,0,0,0,0,0,0,100,-9.05,-0.784,100,0,0,0,0,0,0,0.02,-0.02,0,0.02,0
2025,1177,Mitchell Evans,CAR,TE,1,13,LA,9.090909090909092,0,51.6,1,14.3,0,0,0,0,,0,0,0,0,,,0,,0,,0,,0,0,0,0,0,0,0,0,,0,0,0,,0,,0,,0,,0,0,,0,0,,0,,,0,0,100,0,0,0,0,0,0,0,0,0
2025,1178,Mitchell Evans,CAR,TE,1,15,NO,18.181818181818183,0,44.6,2,33.3,0,0,0,0,,0,0,0,0,,,0,,0,,0,,0,0,0,0,0,0,0,0,,0,0,0,,0,,0,,0,,0,0,,0,0,,0,,,0,0,100,0,0,0,0,0,0,0,0,0
2025,1179,Mitchell Evans,CAR,TE,1,16,TB,9.090909090909092,0,29.6,1,8.3,0,0,0,0,,0,0,0,0,,,0,,0,,0,,0,0,0,0,0,0,0,0,,0,0,0,,0,,0,,0,,0,0,,0,0,,0,,,0,0,100,0,0,0,0,0,0,0,0,0
2025,1180,Mitchell Evans,CAR,TE,1,17,SEA,18.181818181818183,0,57.7,2,33.3,0,0,0,0,,0,0,0,0,,,0,,0,,0,,0,0,0,0,0,0,0,0,,0,0,0,,0,,0,,0,,0,0,,0,0,,0,,,0,0,100,0,0,0,0,0,0,0,0,0
2025,1181,Mitchell Evans,CAR,TE,1,18,TB,45.45454545454545,0,44.9,5,31.3,0,0,0,0,,0,0,0,0,,,0,,0,,0,,0,0,0,0,0,0,0,0,,0,0,0,,0,,0,,0,,0,0,,0,0,,0,,,0,20,80,0,0,0,0,0,0,0,0,0
2025,1182,Oronde Gadsden,LAC,TE,1,13,LV,8.571428571428571,0,70.1,3,42.9,0,0,0,0,,0,0,0,0,,,0,,0,,0,,0,0,0,0,0,0,0,0,,0,0,0,,0,,0,,0,,0,0,,0,0,,0,,,0,66.7,33.3,0,0,0,0,0,0,0,0,0
2025,1183,Oronde Gadsden,LAC,TE,1,14,PHI,17.142857142857142,100,60.6,6,60,2,20,0,0.33,13,26,22.4,0,0,0,0,0,0,0,0,0,0,0,0,0,0,0,0,0,0,0,0,0,0,0,0,0,0,0,0,0,0,0,0,0,0,0,25,-8.98,-1.912,33.3,50,16.7,0,0,0,0,0,0,0,0,0
2025,1184,Oronde Gadsden,LAC,TE,1,15,KC,11.428571428571429,0,51.6,4,44.4,0,0,0,0,,0,0,0,0,,,0,,0,,0,,0,0,0,0,0,0,0,0,,0,0,0,,0,,0,,0,,0,0,,0,0,,0,,,0,50,50,0,0,0,0,0,0,0,0,0
2025,1185,Oronde Gadsden,LAC,TE,1,16,DAL,20,0,58.1,7,58.3,0,0,0,0,,0,0,0,0,,,0,,0,,0,,0,0,0,0,0,0,0,0,,0,0,0,,0,,0,,0,,0,0,,0,0,,0,,,0,42.9,57.1,0,0,0,0,0,0,0,0,0
2025,1186,Oronde Gadsden,LAC,TE,1,17,HST,20,0,71.2,7,77.8,0,0,0,0,,0,0,0,0,,,0,,0,,0,,0,0,0,0,0,0,0,0,,0,0,0,,0,,0,,0,,0,0,,0,0,,0,,,0,42.9,57.1,0,0,0,0,0,0,0,0,0
2025,1187,Oronde Gadsden,LAC,TE,1,18,DEN,22.857142857142858,0,46.4,8,47.1,0,0,0,0,,0,0,0,0,,,0,,0,,0,,0,0,0,0,0,0,0,0,,0,0,0,,0,,0,,0,,0,0,,0,0,,0,,,12.5,50,37.5,0,0,0,0,0,0,0,0,0
2025,1188,Jimmy Horn,CAR,WR,1,13,LA,9.090909090909092,0,6.5,1,14.3,0,0,0,0,,0,0,0,0,,,0,,0,,0,,0,0,0,0,0,0,0,0,,0,0,0,,0,,0,,0,,0,0,,0,0,,0,,,0,100,0,0,0,0,0,0,0,0,0,0
2025,1189,Jimmy Horn,CAR,WR,1,16,TB,9.090909090909092,0,22.2,1,8.3,0,0,0,0,,0,0,0,0,,,0,,0,,0,,0,0,0,0,0,0,0,0,,0,0,0,,0,,0,,0,,0,0,,0,0,,0,,,100,0,0,0,0,0,0,0,0,0,0,0
2025,1190,Tez Johnson,TB,WR,1,14,NO,21.73913043478261,0,43.5,5,35.7,0,0,0,0,,0,0,0,0,,,0,,0,,0,,0,0,0,0,0,0,0,0,,0,0,0,,0,,0,,0,,0,0,,0,0,,0,,,60,40,0,0,0,0,0,0,0,0,0,0
2025,1191,Tez Johnson,TB,WR,1,15,ATL,13.043478260869565,14.285714285714285,23,3,16.7,1,5.6,0,0.33,13,13,4.9,0,0,0,0,0,0,0,0,0,0,0,0,0,0,0,0,0,0,39.6,1,7.1,0,0,0,0,0,0,0,0,0,0,0,0,0,0,33.3,-8.91,-1.352,33.3,66.7,0,0,0,-0.1,0,-0.05,0.05,0,-0.02,-0.1
2025,1192,Moliki Matavao,NO,TE,1,16,NYJ,20,0,26.9,1,4.5,0,0,0,0,,0,0,0,0,,,0,,0,,0,,0,0,0,0,0,0,0,0,,0,0,0,,0,,0,,0,,0,0,,0,0,,0,,,0,100,0,0,0,0,0,0,0,0,0,0
2025,1193,Moliki Matavao,NO,TE,1,17,TEN,80,0,51.9,4,36.4,0,0,0,0,,0,0,0,0,,,0,,0,,0,,0,0,0,0,0,0,0,0,,0,0,0,,0,,0,,0,,0,0,,0,0,,0,,,0,25,75,0,0,0,0,0,0,0,0,0
2025,1194,Gage Larvadain,CLV,WR,1,13,SF,9.090909090909092,0,28.3,1,16.7,0,0,0,0,,0,0,0,0,,,0,,0,,0,,0,0,0,0,0,0,0,0,,0,0,0,,0,,0,,0,,0,0,,0,0,,0,,,0,100,0,0,0,0,0,0,0,0,0,0
2025,1195,Gage Larvadain,CLV,WR,1,14,TEN,18.181818181818183,33.33333333333333,37.5,2,22.2,1,11.1,0,0.5,27,27,15.1,0,0,0,0,0,0,0,0,0,0,0,0,0,0,0,0,0,0,0,0,0,0,0,0,0,1,0,0,0,0,0,0,0,0,0,50,-11.91,-5.138,100,0,0,0,0,0,0,0.01,-0.01,0,0.01,0
2025,1196,Gage Larvadain,CLV,WR,1,16,BUF,18.181818181818183,0,7.8,2,28.6,0,0,0,0,,0,0,0,0,,,0,,0,,0,,0,0,0,0,0,0,0,0,,0,0,0,,0,,0,,0,,0,0,,0,0,,0,,,0,100,0,0,0,0,0,0,0,0,0,0
2025,1197,Gage Larvadain,CLV,WR,1,18,CIN,9.090909090909092,0,7.7,1,14.3,0,0,0,0,,0,0,0,0,,,0,,0,,0,,0,0,0,0,0,0,0,0,,0,0,0,,0,,0,,0,,0,0,,0,0,,0,,,0,100,0,0,0,0,0,0,0,0,0,0
2025,1198,Jahdae Walker,CHI,WR,1,14,GB,5.263157894736842,0,2.9,1,7.7,0,0,0,0,,0,0,0,0,,,0,,0,,0,,0,0,0,0,0,0,0,0,,0,0,0,,0,,0,,0,,0,0,,0,0,,0,,,100,0,0,0,0,0,0,0,0,0,0,0
2025,1199,Jahdae Walker,CHI,WR,1,16,GB,15.789473684210526,0,26.7,3,30,0,0,0,0,,0,0,0,0,,,0,,0,,0,,0,0,0,0,0,0,0,0,,0,0,0,,0,,0,,0,,0,0,,0,0,,0,,,33.3,66.7,0,0,0,0,0,0,0,0,0,0
2025,1200,Keleki Latu,BUF,TE,1,13,PIT,9.090909090909092,0,5.4,1,11.1,0,0,0,0,,0,0,0,0,,,0,,0,,0,,0,0,0,0,0,0,0,0,,0,0,0,,0,,0,,0,,0,0,,0,0,,0,,,0,100,0,0,0,0,0,0,0,0,0,0
2025,1201,Keleki Latu,BUF,TE,1,17,PHI,27.27272727272727,0,21.9,3,37.5,0,0,0,0,,0,0,0,0,,,0,,0,,0,,0,0,0,0,0,0,0,0,,0,0,0,,0,,0,,0,,0,0,,0,0,,0,,,0,0,100,0,0,0,0,0,0,0,0,0
2025,1202,Keleki Latu,BUF,TE,1,18,NYJ,63.63636363636363,0,66.7,7,63.6,0,0,0,0,,0,0,0,0,,,0,,0,,0,,0,0,0,0,0,0,0,0,,0,0,0,,0,,0,,0,,0,0,,0,0,,0,,,14.3,42.9,42.9,0,0,0,0,0,0,0,0,0
2025,1203,Zach Horton,DET,TE,1,13,GB,100,0,13.3,1,9.1,0,0,0,0,,0,0,0,0,,,0,,0,,0,,0,0,0,0,0,0,0,0,,0,0,0,,0,,0,,0,,0,0,,0,0,,0,,,0,0,0,100,0,0,0,0,0,0,0,0
2025,1204,Dalen Cambre,NYG,WR,1,13,NE,100,0,3.8,1,12.5,0,0,0,0,,0,0,0,0,,,0,,0,,0,,0,0,0,0,0,0,0,0,,0,0,0,,0,,0,,0,,0,0,,0,0,,0,,,100,0,0,0,0,0,0,0,0,0,0,0
2025,1205,Carter Runyon,LV,TE,1,14,DEN,50,0,10.4,1,7.7,0,0,0,0,,0,0,0,0,,,0,,0,,0,,0,0,0,0,0,0,0,0,,0,0,0,,0,,0,,0,,0,0,,0,0,,0,,,0,0,100,0,0,0,0,0,0,0,0,0
2025,1206,Carter Runyon,LV,TE,1,18,KC,50,0,13.1,1,7.7,0,0,0,0,,0,0,0,0,,,0,,0,,0,,0,0,0,0,0,0,0,0,,0,0,0,,0,,0,,0,,0,0,,0,0,,0,,,0,0,100,0,0,0,0,0,0,0,0,0
2025,1207,Ben Yurosek,MIN,TE,1,17,DET,66.66666666666666,0,27.5,2,40,0,0,0,0,,0,0,0,0,,,0,,0,,0,,0,0,0,0,0,0,0,0,,0,0,0,,0,,0,,0,,0,0,,0,0,,0,,,50,0,50,0,0,0,0,0,0,0,0,0
2025,1208,Ben Yurosek,MIN,TE,1,18,GB,33.33333333333333,0,39.1,1,7.7,0,0,0,0,,0,0,0,0,,,0,,0,,0,,0,0,0,0,0,0,0,0,,0,0,0,,0,,0,,0,,0,0,,0,0,,0,,,0,0,100,0,0,0,0,0,0,0,0,0
2025,1209,Xavier Restrepo,TEN,WR,1,13,JAX,100,0,18.2,1,8.3,0,0,0,0,,0,0,0,0,,,0,,0,,0,,0,0,0,0,0,0,0,0,,0,0,0,,0,,0,,0,,0,0,,0,0,,0,,,0,100,0,0,0,0,0,0,0,0,0,0
2025,1210,Efton Chism,NE,WR,1,17,NYJ,57.14285714285714,0,62.9,4,50,0,0,0,0,,0,0,0,0,,,0,,0,,0,,0,0,0,0,0,0,0,0,,0,0,0,,0,,0,,0,,0,0,,0,0,,0,,,75,25,0,0,0,0,0,0,0,0,0,0
2025,1211,CJ Dippre,NE,TE,1,17,NYJ,100,0,12.9,1,12.5,0,0,0,0,,0,0,0,0,,,0,,0,,0,,0,0,0,0,0,0,0,0,,0,0,0,,0,,0,,0,,0,0,,0,0,,0,,,0,0,100,0,0,0,0,0,0,0,0,0
2025,1212,Dont'e Thornton,LV,WR,1,16,HST,5.88235294117647,0,7.5,1,9.1,0,0,0,0,,0,0,0,0,,,0,,0,,0,,0,0,0,0,0,0,0,0,,0,0,0,,0,,0,,0,,0,0,,0,0,,0,,,0,100,0,0,0,0,0,0,0,0,0,0
2025,1213,Dont'e Thornton,LV,WR,1,18,KC,23.52941176470588,14.285714285714285,13.1,4,30.8,1,7.7,0,0.25,43,43,26.2,0,0,0,0,0,0,0,0,0,0,0,0.01,0,0,0,0,0,0,39.6,1,8.3,0,0,1,100,1,0,0,0,1,0,0,0,0,0,25,-15,-0.572,75,25,0,0,0,2.2,0,2.21,-2.21,0,0.55,2.2
2025,1214,Arian Smith,NYJ,WR,1,15,JAX,37.5,50,13.2,3,15.8,2,10.5,0,0.67,14,28,18.2,0,0,0,0,0,0,0,0,0,0,0,0,0,0,0,0,0,0,0,1,6.7,0,0,1,50,0,0,0,0,1,0,0,0,0,0,50,-9.2,-1.795,66.7,33.3,0,0,0,1.1,0,1.11,-1.11,0,0.37,1.1
2025,1215,Arian Smith,NYJ,WR,1,16,NO,12.5,25,11.1,1,8.3,1,8.3,0,1,41,41,32.8,0,0,0,0,0,0,0,0,0,0,0,0,0,0,1,0,0,0,39.6,1,9.1,0,0,0,0,1,0,0,0,0,0,0,0,0,0,100,-15,-1.082,100,0,0,0,0,0,0,-0.03,0.03,0,-0.03,0
2025,1216,Arian Smith,NYJ,WR,1,18,BUF,37.5,0,34.8,3,37.5,0,0,0,0,,0,0,0,0,,,0,,0,,0,,0,0,0,0,0,0,0,0,,0,0,0,,0,,0,,0,,0,0,,0,0,,0,,,100,0,0,0,0,0,0,0,0,0,0,0
2025,1217,Gunnar Helm,TEN,TE,1,14,CLV,17.647058823529413,0,65.6,3,30,0,0,0,0,,0,0,0,0,,,0,,0,,0,,0,0,0,0,0,0,0,0,,0,0,0,,0,,0,,0,,0,0,,0,0,,0,,,66.7,33.3,0,0,0,0,0,0,0,0,0,0
2025,1218,Gunnar Helm,TEN,TE,1,15,SF,5.88235294117647,0,44.9,1,12.5,0,0,0,0,,0,0,0,0,,,0,,0,,0,,0,0,0,0,0,0,0,0,,0,0,0,,0,,0,,0,,0,0,,0,0,,0,,,0,0,100,0,0,0,0,0,0,0,0,0
2025,1219,Gunnar Helm,TEN,TE,1,16,KC,11.76470588235294,0,71.4,2,25,0,0,0,0,,0,0,0,0,,,0,,0,,0,,0,0,0,0,0,0,0,0,,0,0,0,,0,,0,,0,,0,0,,0,0,,0,,,0,50,50,0,0,0,0,0,0,0,0,0
2025,1220,Gunnar Helm,TEN,TE,1,17,NO,23.52941176470588,0,58.3,4,40,0,0,0,0,,0,0,0,0,,,0,,0,,0,,0,0,0,0,0,0,0,0,,0,0,0,,0,,0,,0,,0,0,,0,0,,0,,,0,25,75,0,0,0,0,0,0,0,0,0
2025,1221,Konata Mumpfield,LA,WR,1,13,CAR,11.363636363636363,0,37.3,5,45.5,0,0,0,0,,0,0,0,0,,,0,,0,,0,,0,0,0,0,0,0,0,0,,0,0,0,,0,,0,,0,,0,0,,0,0,,0,,,60,40,0,0,0,0,0,0,0,0,0,0
2025,1222,Konata Mumpfield,LA,WR,1,15,DET,11.363636363636363,6.666666666666667,46.4,5,33.3,1,6.7,0,0.2,34,34,13.1,0,0,0,0,0,0,0,0,0,0,0,0.02,0,0,0,0,0,0,39.6,1,7.1,0,0,1,100,1,0,0,0,1,0,0,0,0,0,20,-14,-0.61,20,80,0,0,0,2.3,0,2.28,-2.28,0,0.46,2.3
2025,1223,Konata Mumpfield,LA,WR,1,18,ARZ,11.363636363636363,0,47.2,5,41.7,0,0,0,0,,0,0,0,0,,,0,,0,,0,,0,0,0,0,0,0,0,0,,0,0,0,,0,,0,,0,,0,0,,0,0,,0,,,100,0,0,0,0,0,0,0,0,0,0,0
2025,1224,Drake Dabney,GB,TE,1,17,BLT,33.33333333333333,0,15.9,1,7.1,0,0,0,0,,0,0,0,0,,,0,,0,,0,,0,0,0,0,0,0,0,0,,0,0,0,,0,,0,,0,,0,0,,0,0,,0,,,0,100,0,0,0,0,0,0,0,0,0,0
2025,1225,Drake Dabney,GB,TE,1,18,MIN,66.66666666666666,0,88,2,66.7,0,0,0,0,,0,0,0,0,,,0,,0,,0,,0,0,0,0,0,0,0,0,,0,0,0,,0,,0,,0,,0,0,,0,0,,0,,,0,0,100,0,0,0,0,0,0,0,0,0
2025,1226,Harold Fannin,CLV,TE,1,13,SF,19.35483870967742,20,91.7,6,100,1,16.7,0,0.17,3,3,4.3,0,0,0,0,0,0,0,0,0,0,0,0,0,0,0,0,0,0,39.6,1,25,0,0,1,100,0,0,1,100,1,0,0,0,0,0,16.7,-6.32,-1.537,33.3,66.7,0,0,0,1.1,0,1.06,-1.06,0,0.18,1.1
2025,1227,Harold Fannin,CLV,TE,1,14,TEN,25.806451612903224,0,92.2,8,88.9,0,0,0,0,,0,0,0,0,,,0,,0,,0,,0,0,0,0,0,0,0,0,,0,0,0,,0,,0,,0,,0,0,,0,0,,0,,,12.5,12.5,75,0,0,0,0,0,0,0,0,0
2025,1228,Harold Fannin,CLV,TE,1,15,CHI,22.58064516129032,40,98.2,7,87.5,2,25,0,0.29,9,18,14.8,0,0,0,0,0,0,0,0,0,0,0,0,0,0,0,0,0,0,39.6,1,16.7,0,0,0,0,0,0,0,0,0,0,0,0,0,0,25,-8.22,-0.694,42.9,0,57.1,0,0,0,0,0.02,-0.02,0,0,0
2025,1229,Matthew Golden,GB,WR,1,14,CHI,5.88235294117647,12.5,9.6,1,12.5,1,12.5,0,1,22,22,16.2,0,0,0,0,0,0,0,0,0,0,0,0,0,0,0,0,0,0,0,1,25,0,0,0,0,1,0,0,0,0,0,0,0,0,0,100,-11.92,-4.47,100,0,0,0,0,0,0,-0.01,0.01,0,-0.01,0
2025,1230,Matthew Golden,GB,WR,1,16,CHI,5.88235294117647,0,31.4,1,11.1,0,0,0,0,,0,0,0,0,,,0,,0,,0,,0,0,0,0,0,0,0,0,,0,0,0,,0,,0,,0,,0,0,,0,0,,0,,,100,0,0,0,0,0,0,0,0,0,0,0
2025,1231,Matthew Golden,GB,WR,1,18,MIN,17.647058823529413,25,100,3,100,2,66.7,0,0.67,4.5,9,52.9,0,0,0,0,0,0,0,0,0,0,0,0,0,0,0,0,0,0,39.6,2,66.7,0,0,2,100,0,0,1,50,1,0,0,0,0,0,66.7,-6.21,-0.661,66.7,33.3,0,0,0,2.9,0,2.94,-2.94,0,0.98,2.9
2025,1232,Isaac TeSlaa,DET,WR,1,15,LA,19.230769230769234,8.333333333333332,62.9,10,55.6,1,5.6,0,0.1,7,7,2.5,0,0,0,0,0,0,0,0,0,0,0,0,0,1,1,0,0,0,39.6,1,6.7,0,0,0,0,0,0,0,0,0,0,0,0,0,0,9.1,-7.06,-1.646,70,30,0,0,0,0,0,-0.01,0.01,0,0,0
2025,1233,Chimere Dike,TEN,WR,1,17,NO,15.555555555555555,0,77.8,7,70,0,0,0,0,,0,0,0,0,,,0,,0,,0,,0,0,0,0,0,0,0,0,,0,0,0,,0,,0,,0,,0,0,,0,0,,0,,,0,100,0,0,0,0,0,0,0,0,0,0
2025,1234,Tre Harris,LAC,WR,1,14,PHI,7.5,6.25,50.7,3,30,1,10,0,0.33,8,8,6.9,0,0,0,0,0,0,0,0,0,0,0,0,0,0,0,0,0,0,39.6,1,12.5,0,0,0,0,0,0,0,0,0,0,0,0,0,0,25,-7.51,-0.274,100,0,0,0,0,0,0,0,0,0,0,0
2025,1235,Tre Harris,LAC,WR,1,17,HST,10,0,49.2,4,44.4,0,0,0,0,,0,0,0,0,,,0,,0,,0,,0,0,0,0,0,0,0,0,,0,0,0,,0,,0,,0,,0,0,,0,0,,0,,,75,25,0,0,0,0,0,0,0,0,0,0
2025,1236,Jack Bech,LV,WR,1,18,KC,15.151515151515152,7.142857142857142,57.4,5,38.5,1,7.7,0,0.2,5,5,3,0,0,0,0,0,0,0,0,0,0,0,0,0,0,0,0,0,0,0,0,0,0,0,0,0,0,0,0,0,0,0,0,0,0,0,16.7,-6.36,-5.299,40,60,0,0,0,0,0,0,0,0,0,0
2025,1237,Mason Taylor,NYJ,TE,1,14,MIA,46.666666666666664,50,63.2,7,50,1,7.1,0,0.14,4,4,3.1,0,0,0,0,0,0,0,0,0,0,0,0,0,0,0,0,0,0,0,1,8.3,0,0,1,100,0,0,1,100,0,0,0,0,0,0,11.1,-6.07,-4.559,28.6,42.9,28.6,0,0,1.7,0,1.7,-1.7,0,0.24,1.7
2025,1238,Terrance Ferguson,LA,TE,1,13,CAR,5.405405405405405,50,33.3,2,18.2,1,9.1,0,0.5,11,11,11.6,0,0,0,0,0,0,0,0,0,0,0,0,0,1,1,0,0,0,39.6,1,12.5,0,0,0,0,0,0,0,0,0,0,0,0,0,0,33.3,-8.74,-0.476,50,0,50,0,0,0,0,0.01,-0.01,0,0,0
2025,1239,Terrance Ferguson,LA,TE,1,14,ARZ,8.108108108108109,0,64.2,3,23.1,0,0,0,0,,0,0,0,0,,,0,,0,,0,,0,0,0,0,0,0,0,0,,0,0,0,,0,,0,,0,,0,0,,0,0,,0,,,0,66.7,33.3,0,0,0,0,0,0,0,0,0
2025,1240,Terrance Ferguson,LA,TE,1,15,DET,27.027027027027028,0,76.8,10,66.7,0,0,0,0,,0,0,0,0,,,0,,0,,0,,0,0,0,0,0,0,0,0,,0,0,0,,0,,0,,0,,0,0,,0,0,,0,,,30,50,20,0,0,0,0,0,0,0,0,0
2025,1241,Terrance Ferguson,LA,TE,1,16,SEA,35.13513513513514,0,76.1,13,52,0,0,0,0,,0,0,0,0,,,0,,0,,0,,0,0,0,0,0,0,0,0,,0,0,0,,0,,0,,0,,0,0,,0,0,,0,,,15.4,53.8,30.8,0,0,0,0,0,0,0,0,0
2025,1242,Elijah Arroyo,SEA,TE,1,13,MIN,33.33333333333333,0,38.7,1,16.7,0,0,0,0,,0,0,0,0,,,0,,0,,0,,0,0,0,0,0,0,0,0,,0,0,0,,0,,0,,0,,0,0,,0,0,,0,,,0,100,0,0,0,0,0,0,0,0,0,0
2025,1243,Elijah Arroyo,SEA,TE,1,14,ATL,66.66666666666666,0,8.6,2,18.2,0,0,0,0,,0,0,0,0,,,0,,0,,0,,0,0,0,0,0,0,0,0,,0,0,0,,0,,0,,0,,0,0,,0,0,,0,,,0,0,100,0,0,0,0,0,0,0,0,0
2025,1244,Isaiah Bond,CLV,WR,1,13,SF,3.8461538461538463,20,30,1,16.7,1,16.7,0,1,40,40,57.1,0,0,0,0,0,0,0,0,0,0,0,0.06,0,0,0,0,0,0,39.6,0,0,0,0,1,100,1,0,0,0,1,0,0,0,0,0,100,-15,-1.294,100,0,0,0,0,1.8,0,1.78,-1.78,0,1.78,1.8
2025,1245,Isaiah Bond,CLV,WR,1,14,TEN,19.230769230769234,20,51.6,5,55.6,1,11.1,0,0.2,40,40,22.3,0,0,0,0,0,0,0,0,0,0,0,0.08,0,0,0,0,0,0,39.6,1,20,0,0,1,100,1,0,0,0,1,0,0,0,0,0,20,-15,-0.903,40,60,0,0,0,2.3,0,2.32,-2.32,0,0.46,2.3
2025,1246,Isaiah Bond,CLV,WR,1,16,BUF,15.384615384615385,0,46.9,4,57.1,0,0,0,0,,0,0,0,0,,,0,,0,,0,,0,0,0,0,0,0,0,0,,0,0,0,,0,,0,,0,,0,0,,0,0,,0,,,50,50,0,0,0,0,0,0,0,0,0,0
2025,1247,Isaiah Bond,CLV,WR,1,17,PIT,7.6923076923076925,0,22,2,25,0,0,0,0,,0,0,0,0,,,0,,0,,0,,0,0,0,0,0,0,0,0,,0,0,0,,0,,0,,0,,0,0,,0,0,,0,,,50,50,0,0,0,0,0,0,0,0,0,0
2025,1248,Tez Johnson,TB,WR,1,16,CAR,17.391304347826086,14.285714285714285,24.6,4,33.3,1,8.3,-0.25,0.25,-3,-3,-3.9,-1,-2.2,-1,-1,1,100,2,2,2,2,0,0,0,0,0,0,0,0,79.2,1,12.5,0,0,1,100,0,0,0,0,0,0,0,0,0,0,25,-5.94,-0.78,25,75,0,0,0.9,1.6,0.9,1.57,-0.67,0.23,0.39,1.6
2025,1249,Justin Jefferson,MIN,WR,1,14,WAS,15.254237288135593,10.344827586206897,80.3,9,69.2,3,23.1,-0.22,0.33,15.67,47,33.1,-2,-2.2,-0.67,-2,1,33.3,-1,-1,0,0,0,0.44,0,0,1,0,0,0,42.4,2,16.7,1,33.3,2,66.7,1,0,0,0,1,0,0,0,0,0,33.3,-10.23,-0.716,55.6,44.4,0,0,0.8,6,0.8,6.03,-5.23,0.09,0.67,6
2025,1250,Christian Kirk,HST,WR,1,18,IND,23.25581395348837,20,56.3,10,71.4,1,7.1,-0.3,0.1,-4,-4,-3.9,-3,-3,-3,-3,1,100,1,1,1,1,0,0.01,0,0,0,0,0,0,79.2,1,10,1,100,1,100,0,0,0,0,0,0,0,0,0,0,10,-7.49,-1.271,40,60,0,0,0.7,1.6,0.7,1.58,-0.88,0.07,0.16,1.6
2025,1251,Jonnu Smith,PIT,TE,1,17,CLV,10.526315789473683,33.33333333333333,41.5,2,16.7,1,8.3,-2,0.5,-4,-4,-4.1,-4,-14.8,-4,-4,1,100,0,0,0,0,0,0.01,0,0,0,0,0,0,79.2,1,10,1,100,1,100,0,0,0,0,0,0,0,0,0,0,25,-10.34,-1.415,50,0,50,0,0.6,1.4,0.6,1.44,-0.84,0.3,0.72,1.4
2025,1252,DJ Moore,CHI,WR,1,14,GB,15.151515151515152,15.789473684210526,82.4,10,76.9,3,23.1,-0.4,0.3,3.67,11,8.3,-4,-4.8,-1.33,-4,1,33.3,-1,-1,0,0,0,0.02,0,1,0,0,0,0,42.4,3,50,2,66.7,2,66.7,0,0,0,0,1,0,0,0,0,0,30,-8.52,-0.964,60,40,0,0,0.6,2.1,0.6,2.11,-1.51,0.06,0.21,2.1
2025,1253,Justin Jefferson,MIN,WR,1,13,SEA,22.033898305084744,13.793103448275861,96,13,100,4,30.8,-0.31,0.31,7.5,30,29.1,-4,-12.9,-1,-4,1,25,-1,-1,0,0,0,0,0,0,0,0,0,0,0,2,25,0,0,3,75,0,0,1,25,2,1,50,0,0,0,30.8,-8.62,-1.233,61.5,38.5,0,0,0.6,4.5,0.6,4.52,-3.92,0.05,0.35,4.5
Exported from Data Suite 2.0 by michaelgingrave (user 380) on 2026-09-16 21:40 UTC,,,,,,,,,,,,,,,,,,,,,,,,,,,,,,,,,,,,,,,,,,,,,,,,,,,,,,,,,,,,,,,,,,,,,