,Player Details,Player Details,Player Details,Player Details,Player Details,Splits,Splits,Splits,Receiving,Receiving,Receiving,Receiving,Receiving,Receiving,Receiving,Receiving,Receiving,Receiving,Receiving,Receiving,Receiving,FP,FP
Season,Rank,Name,Team,POS,G,WEEK,OPP,TGT %,TGT,TGT %,REC,YDS,TM YDS %,YPR,YPT,CR %,TD,TM TD %,i10,i20 TGT,FUM,FP,FP/G
2023,,League Avg,,,,,,,3.4505247376311843,10.43230884557721,2.2586206896551726,27.808095952023987,11.757346326836583,12.31,8.06,65.5,0.17391304347826086,9.648350824587702,0.21064467766116943,0.4250374812593703,0.01199400299850075,6.225187406296861,6.225157421289364
2023,1,Amari Cooper,CLV,WR,1,16,HST,35.714285714285715,15,34.1,11,265,70.9,24.09,17.67,73.3,2,66.7,1,4,0,51.5,51.5
2023,2,CeeDee Lamb,DAL,WR,1,17,DET,22.07792207792208,17,44.7,13,227,65.8,17.46,13.35,76.5,1,50,1,1,1,41.2,41.2
2023,3,Nico Collins,HST,WR,1,18,IND,25,9,34.6,9,195,73.9,21.67,21.67,100,1,50,0,0,0,34.5,34.5
2023,4,George Pickens,PIT,WR,1,16,CIN,18.181818181818183,6,22.2,4,195,67.2,48.75,32.5,66.7,2,100,0,0,0,35.5,35.5
2023,5,Justin Jefferson,MIN,WR,1,18,DET,29.78723404255319,14,31.8,12,192,48.5,16,13.71,85.7,1,50,0,0,0,36,36
2023,6,Nico Collins,HST,WR,1,13,DEN,33.33333333333333,12,42.9,9,191,65.4,21.22,15.92,75,1,100,3,3,0,34.1,34.1
2023,7,Drake London,ATL,WR,1,14,TB,26.82926829268293,11,27.5,10,172,49.6,17.2,15.64,90.9,0,0,0,1,0,29.2,29.2
2023,8,Puka Nacua,LA,WR,1,16,NO,23.404255319148938,11,32.4,9,164,50,18.22,14.91,81.8,1,50,1,1,0,33,33
2023,9,Mike Evans,TB,WR,1,13,CAR,28.57142857142857,12,41.4,7,162,80.2,23.14,13.5,58.3,1,100,0,0,0,29.2,29.2
2023,10,D.J. Moore,CHI,WR,1,17,ATL,31.70731707317073,13,40.6,9,159,59.3,17.67,12.23,69.2,1,100,2,2,0,30.9,30.9
2023,11,Tyreek Hill,MIA,WR,1,13,WAS,13.725490196078432,7,28,5,157,55.5,31.4,22.43,71.4,2,100,0,0,0,32.3,32.3
2023,12,Chris Godwin,TB,WR,1,15,GB,25.53191489361702,12,42.9,10,155,40.7,15.5,12.92,83.3,0,0,0,0,0,25.5,25.5
2023,13,Deebo Samuel,SF,WR,1,14,SEA,22.5,9,33.3,7,149,40.5,21.29,16.56,77.8,1,50,0,1,0,34,34
2023,14,Ja'Marr Chase,CIN,WR,1,13,JAX,37.5,12,30.8,11,149,42.9,13.55,12.42,91.7,1,100,2,2,0,31.6,31.62
2023,15,Amon-Ra St. Brown,DET,WR,1,18,MIN,18.181818181818183,10,31.3,7,144,45,20.57,14.4,70,1,50,0,1,0,27.4,27.4
2023,16,Jaylen Waddle,MIA,WR,1,15,NYJ,31.03448275862069,9,34.6,8,142,62.3,17.75,15.78,88.9,1,100,0,0,0,28.2,28.2
2023,17,Terry McLaurin,WAS,WR,1,15,LA,35.294117647058826,12,33.3,6,141,62.4,23.5,11.75,50,1,33.3,0,0,0,26.1,26.1
2023,18,Justin Jefferson,MIN,WR,1,16,DET,21.27659574468085,10,27.8,6,141,34.3,23.5,14.1,60,1,50,1,1,0,26.1,26.1
2023,19,Tee Higgins,CIN,WR,1,16,PIT,32,8,19,5,140,41.8,28,17.5,62.5,1,100,1,1,0,25,25
2023,20,Sam LaPorta,DET,TE,1,13,NO,21.951219512195124,9,36,9,140,65.7,15.56,15.56,100,1,50,0,1,0,29,29
2023,21,David Njoku,CLV,TE,1,17,NYJ,17.77777777777778,8,27.6,6,134,43.4,22.33,16.75,75,0,0,0,0,1,18.4,18.4
2023,22,DK Metcalf,SEA,WR,1,13,DAL,21.62162162162162,8,19.5,6,134,40.1,22.33,16.75,75,3,100,2,3,0,37.4,37.4
2023,23,George Pickens,PIT,WR,1,17,SEA,27.27272727272727,9,37.5,7,131,47.8,18.71,14.56,77.8,0,0,0,1,0,20.1,20.1
2023,24,Gabe Davis,BUF,WR,1,16,LAC,38.46153846153847,5,23.8,4,130,54.9,32.5,26,80,1,100,0,0,0,23,23
2023,25,Rashee Rice,KC,WR,1,17,CIN,13.043478260869565,6,20.7,5,127,51.8,25.4,21.17,83.3,0,0,0,0,0,17.7,17.7
2023,26,Davante Adams,LV,WR,1,17,IND,37.5,21,44.7,13,126,42.1,9.69,6,61.9,2,100,3,5,0,37.6,37.6
2023,27,George Kittle,SF,TE,1,16,BLT,34.48275862068966,10,21.7,7,126,37.5,18,12.6,70,0,0,0,1,0,19.6,19.6
2023,28,Brandon Aiyuk,SF,WR,1,14,SEA,21.052631578947366,8,29.6,6,126,34.2,21,15.75,75,0,0,0,0,1,17.6,17.6
2023,29,DeAndre Hopkins,TEN,WR,1,14,MIA,22.22222222222222,12,31.6,7,124,37.9,17.71,10.33,58.3,1,100,3,3,0,25.4,25.4
2023,30,Chris Olave,NO,WR,1,16,LA,37.142857142857146,13,32.5,9,123,38.6,13.67,9.46,69.2,0,0,0,0,0,23.3,23.3
2023,31,Chris Olave,NO,WR,1,13,DET,22.857142857142858,8,27.6,5,119,44.6,23.8,14.88,62.5,0,0,0,0,0,16.9,16.9
2023,32,CeeDee Lamb,DAL,WR,1,16,MIA,12.987012987012985,10,31.3,6,118,46.6,19.67,11.8,60,1,50,2,2,0,25.2,25.2
2023,33,Puka Nacua,LA,WR,1,17,NYG,17.02127659574468,8,23.5,5,118,37.2,23.6,14.75,62.5,0,0,0,1,0,18.7,18.7
2023,34,Deebo Samuel,SF,WR,1,13,PHI,10,4,14.8,4,116,36.9,29,29,100,2,50,0,0,0,35.8,35.8
2023,35,CeeDee Lamb,DAL,WR,1,13,SEA,22.07792207792208,17,41.5,12,116,38.8,9.67,6.82,70.6,1,33.3,1,6,0,32.6,32.6
2023,36,Cooper Kupp,LA,WR,1,14,BLT,22.727272727272727,10,24.4,8,115,39.1,14.38,11.5,80,1,33.3,3,4,0,25.5,25.5
2023,37,A.J. Brown,PHI,WR,1,13,SF,25.49019607843137,13,27.1,8,114,36.3,14.25,8.77,61.5,0,0,2,6,0,19.4,19.4
2023,38,Brandon Aiyuk,SF,WR,1,17,WAS,21.052631578947366,8,28.6,7,114,49.6,16.29,14.25,87.5,1,50,1,2,0,24.4,24.4
2023,39,Brandon Aiyuk,SF,WR,1,16,BLT,18.421052631578945,7,15.2,6,113,33.6,18.83,16.14,85.7,0,0,0,1,0,17.3,17.3
2023,40,Josh Palmer,LAC,WR,1,15,LV,18.181818181818183,4,12.5,4,113,44,28.25,28.25,100,1,33.3,0,0,0,21.3,21.3
2023,41,Amon-Ra St. Brown,DET,WR,1,15,DEN,16.363636363636363,9,26.5,7,112,40.3,16,12.44,77.8,1,20,1,4,0,24.2,24.2
2023,42,Jayden Reed,GB,WR,1,18,CHI,11.428571428571429,4,12.5,4,112,35.4,28,28,100,0,0,0,0,0,15.2,15.2
2023,43,Cooper Kupp,LA,WR,1,15,WAS,18.181818181818183,8,24.2,8,111,43,13.88,13.88,100,1,50,1,2,0,25.1,25.1
2023,44,Jordan Addison,MIN,WR,1,15,CIN,25,6,17.6,6,111,36.6,18.5,18.5,100,2,100,1,1,0,29.1,29.1
2023,45,Amari Cooper,CLV,WR,1,15,CHI,19.047619047619047,8,17.8,4,109,28.8,27.25,13.63,50,1,50,0,1,0,20.9,20.9
2023,46,Garrett Wilson,NYJ,WR,1,14,HST,25.454545454545453,14,38.9,9,108,35.9,12,7.71,64.3,0,0,1,2,0,20.1,20.1
2023,47,Cole Kmet,CHI,TE,1,16,ARZ,20.833333333333336,5,18.5,4,107,62.9,26.75,21.4,80,0,0,0,0,0,14.7,14.7
2023,48,Calvin Ridley,JAX,WR,1,18,TEN,16.94915254237288,10,23.3,6,106,37.9,17.67,10.6,60,1,50,1,2,0,22.6,22.6
2023,49,Darius Slayton,NYG,WR,1,17,LA,23.076923076923077,6,14.6,4,106,33.2,26.5,17.67,66.7,1,100,0,0,0,20.6,20.6
2023,50,DK Metcalf,SEA,WR,1,17,PIT,18.91891891891892,7,21.2,5,106,36.6,21.2,15.14,71.4,0,0,2,2,0,15.6,15.6
2023,51,Amon-Ra St. Brown,DET,WR,1,16,MIN,25.454545454545453,14,35,12,106,41.2,8.83,7.57,85.7,1,100,2,2,0,28.6,28.6
2023,52,Zay Flowers,BLT,WR,1,17,MIA,10.714285714285714,3,13.6,3,106,31.2,35.33,35.33,100,1,16.7,0,0,0,19.6,19.6
2023,53,Michael Pittman,IND,WR,1,13,TEN,35.55555555555556,16,38.1,11,105,33.7,9.55,6.56,68.8,1,50,2,2,0,27.5,27.5
2023,54,Bo Melton,GB,WR,1,17,MIN,34.78260869565217,8,23.5,6,105,35.8,17.5,13.13,75,1,33.3,1,1,0,22.5,22.5
2023,55,Khalil Shakir,BUF,WR,1,18,MIA,40,6,15.8,6,105,29.2,17.5,17.5,100,0,0,0,0,0,16.5,16.5
2023,56,Puka Nacua,LA,WR,1,13,CLV,14.893617021276595,7,18.9,4,105,37.6,26.25,15,57.1,1,33.3,0,0,0,23.9,23.9
2023,57,David Njoku,CLV,TE,1,15,CHI,31.11111111111111,14,31.1,10,104,27.4,10.4,7.43,71.4,1,50,1,4,0,26.4,26.4
2023,58,Trey McBride,ARZ,TE,1,15,SF,27.500000000000004,11,28.2,10,102,48.3,10.2,9.27,90.9,0,0,0,1,0,20.2,20.2
2023,59,Davante Adams,LV,WR,1,15,LAC,19.642857142857142,11,30.6,8,101,38.8,12.63,9.18,72.7,1,20,1,1,0,24.1,24.1
2023,60,Alec Pierce,IND,WR,1,13,TEN,24,6,14.3,3,100,32.1,33.33,16.67,50,1,50,2,2,0,19,19
2023,61,Tyreek Hill,MIA,WR,1,16,DAL,27.450980392156865,14,37.8,9,99,33.8,11,7.07,64.3,0,0,0,2,0,18.9,18.9
2023,62,Alex Erickson,LAC,WR,1,17,DEN,33.33333333333333,8,21.1,7,98,44.5,14,12.25,87.5,0,0,0,0,0,16.8,16.8
2023,63,D.J. Chark,CAR,WR,1,16,GB,28.57142857142857,8,22.2,6,98,31.4,16.33,12.25,75,2,100,1,2,0,27.8,27.8
2023,64,CeeDee Lamb,DAL,WR,1,18,WAS,16.883116883116884,13,32.5,13,98,31.7,7.54,7.54,100,2,50,3,5,0,35.5,35.5
2023,65,Odell Beckham,BLT,WR,1,14,LA,56.25,9,20.9,4,97,30.7,24.25,10.78,44.4,1,33.3,0,0,0,19.7,19.7
2023,66,Dontayvion Wicks,GB,WR,1,15,TB,28.000000000000004,7,17.9,6,97,34.2,16.17,13.86,85.7,0,0,0,0,0,15.7,15.7
2023,67,DeVonta Smith,PHI,WR,1,13,SF,30.555555555555557,11,22.9,9,96,30.6,10.67,8.73,81.8,1,100,2,2,0,24.6,24.6
2023,68,Evan Engram,JAX,TE,1,14,CLV,19.672131147540984,12,24,11,95,37,8.64,7.92,91.7,2,66.7,2,2,0,32.5,32.5
2023,69,Evan Engram,JAX,TE,1,16,TB,24.59016393442623,15,34.1,10,95,31.1,9.5,6.33,66.7,0,0,1,1,1,18.5,18.5
2023,70,Michael Pittman,IND,WR,1,14,CIN,24.444444444444443,11,28.2,8,95,39.6,11.88,8.64,72.7,0,0,0,0,0,19.5,19.5
2023,71,K.J. Osborn,MIN,WR,1,16,DET,35,7,19.4,5,95,23.1,19,13.57,71.4,1,50,1,2,0,20.5,20.5
2023,72,Michael Wilson,ARZ,WR,1,18,SEA,31.57894736842105,6,20,6,95,36.3,15.83,15.83,100,0,0,0,0,0,15.5,15.5
2023,73,Adam Thielen,CAR,WR,1,16,GB,21.62162162162162,8,22.2,6,94,30.1,15.67,11.75,75,0,0,0,0,0,15.4,15.4
2023,74,A.J. Brown,PHI,WR,1,14,DAL,23.52941176470588,12,42.9,9,94,41.8,10.44,7.83,75,0,0,0,0,1,17.4,17.4
2023,75,Quez Watkins,PHI,WR,1,18,NYG,68.75,11,30.6,8,93,45.8,11.63,8.45,72.7,1,100,0,1,0,23.3,23.3
2023,76,Demarcus Robinson,LA,WR,1,17,NYG,29.411764705882355,10,29.4,6,92,29,15.33,9.2,60,0,0,1,1,1,14.2,14.2
2023,77,David Njoku,CLV,TE,1,14,JAX,17.77777777777778,8,17.8,6,91,29.3,15.17,11.38,75,2,66.7,0,0,0,27.1,27.1
2023,78,Quentin Johnston,LAC,WR,1,14,DEN,13.333333333333334,4,9.5,3,91,33.1,30.33,22.75,75,0,0,1,1,0,12.1,12.1
2023,79,Rashee Rice,KC,WR,1,15,NE,19.565217391304348,9,23.7,9,91,29.4,10.11,10.11,100,1,33.3,1,3,0,24.1,24.1
2023,80,JuJu Smith-Schuster,NE,WR,1,14,PIT,66.66666666666666,6,21.4,4,90,37.5,22.5,15,66.7,0,0,0,0,0,13,13
2023,81,Calvin Ridley,JAX,WR,1,16,TB,16.94915254237288,10,22.7,6,90,29.5,15,9,60,2,100,2,4,0,25.8,25.8
2023,82,Darius Slayton,NYG,WR,1,16,PHI,11.538461538461538,3,9.4,3,90,47.9,30,30,100,1,100,0,0,0,18,18
2023,83,Juwan Johnson,NO,TE,1,17,TB,39.285714285714285,11,32.4,8,90,43.3,11.25,8.18,72.7,1,50,1,1,0,23,23
2023,84,Amon-Ra St. Brown,DET,WR,1,17,DAL,14.545454545454545,8,22.9,6,90,29.8,15,11.25,75,1,100,0,2,0,22.1,22.1
2023,85,Tyler Lockett,SEA,WR,1,14,SF,14.285714285714285,6,19.4,6,89,33.1,14.83,14.83,100,0,0,0,0,0,14.9,14.9
2023,86,Diontae Johnson,PIT,WR,1,18,BLT,15.625,5,25,4,89,58.6,22.25,17.8,80,1,100,0,0,0,18.9,18.9
2023,87,Trey McBride,ARZ,TE,1,13,PIT,22.5,9,39.1,8,89,61.4,11.13,9.89,88.9,1,100,2,2,0,22.9,22.9
2023,88,Jayden Reed,GB,WR,1,17,MIN,22.857142857142858,8,23.5,6,89,30.4,14.83,11.13,75,2,66.7,0,0,0,26.9,26.9
2023,89,Brandon Johnson,DEN,WR,1,18,LV,29.411764705882355,5,14.7,4,88,32.4,22,17.6,80,0,0,0,0,0,12.8,12.8
2023,90,Stefon Diggs,BUF,WR,1,18,MIA,20,8,21.1,7,87,24.2,12.43,10.88,87.5,0,0,0,0,0,15.7,15.7
2023,91,Dalton Kincaid,BUF,TE,1,17,NE,26.923076923076923,7,23.3,4,87,51.5,21.75,12.43,57.1,0,0,1,1,0,12.7,12.7
2023,92,Mike Evans,TB,WR,1,16,JAX,19.047619047619047,8,22.9,7,86,30.4,12.29,10.75,87.5,2,100,1,1,0,27.6,27.6
2023,93,George Pickens,PIT,WR,1,13,ARZ,15.151515151515152,5,18.5,4,86,46,21.5,17.2,80,0,0,0,1,0,12.6,12.6
2023,94,Wan'Dale Robinson,NYG,WR,1,18,PHI,18.75,6,17.6,5,85,27.3,17,14.17,83.3,0,0,0,0,0,13.5,13.5
2023,95,Justin Jefferson,MIN,WR,1,15,CIN,21.27659574468085,10,29.4,7,84,27.7,12,8.4,70,0,0,0,1,0,15.4,15.4
2023,96,Dalton Kincaid,BUF,TE,1,18,MIA,30.76923076923077,8,21.1,7,84,23.4,12,10.5,87.5,0,0,0,0,0,15.4,15.4
2023,97,Trey Palmer,TB,WR,1,17,NO,20,5,15.2,4,84,27.2,21,16.8,80,1,50,0,0,1,17.4,17.4
2023,98,Sam LaPorta,DET,TE,1,17,DAL,26.82926829268293,11,31.4,7,84,27.8,12,7.64,63.6,0,0,2,2,0,15.4,15.4
2023,99,Puka Nacua,LA,WR,1,14,BLT,17.02127659574468,8,19.5,5,84,28.6,16.8,10.5,62.5,0,0,1,1,0,14,14
2023,100,Travis Kelce,KC,TE,1,14,BUF,27.27272727272727,9,20.9,6,83,30.6,13.83,9.22,66.7,0,0,1,1,0,14.3,14.3
2023,101,Donald Parham,LAC,TE,1,18,KC,50,6,12.8,5,83,32.2,16.6,13.83,83.3,0,0,0,0,0,13.3,13.3
2023,102,Elijah Moore,CLV,WR,1,13,LA,38.70967741935484,12,27.3,4,83,32.7,20.75,6.92,33.3,0,0,1,1,0,12.3,12.3
2023,103,Isaiah Likely,BLT,TE,1,14,LA,31.818181818181817,7,16.3,5,83,26.3,16.6,11.86,71.4,1,33.3,0,1,0,19.3,19.3
2023,104,Demarcus Robinson,LA,WR,1,16,NO,17.647058823529413,6,17.6,6,82,25,13.67,13.67,100,1,50,1,1,0,20.2,20.2
2023,105,Tyreek Hill,MIA,WR,1,18,BUF,25.49019607843137,13,48.1,7,82,47.4,11.71,6.31,53.8,1,100,1,2,0,21.2,21.2
2023,106,Noah Brown,HST,WR,1,15,TEN,40.74074074074074,11,30.6,8,82,35.8,10.25,7.45,72.7,1,100,2,3,0,22.2,22.2
2023,107,Evan Engram,JAX,TE,1,13,CIN,14.754098360655737,9,23.1,9,82,25.5,9.11,9.11,100,1,50,0,0,0,23.2,23.2
2023,108,Greg Dortch,ARZ,WR,1,17,PHI,33.33333333333333,7,22.6,7,82,35.3,11.71,11.71,100,0,0,0,1,0,15.2,15.2
2023,109,Travis Kelce,KC,TE,1,13,GB,15.151515151515152,5,15.2,4,81,38.6,20.25,16.2,80,0,0,0,0,0,12.1,12.1
2023,110,Tyler Lockett,SEA,WR,1,16,TEN,26.190476190476193,11,30.6,8,81,35.7,10.13,7.36,72.7,0,0,0,0,0,16.1,16.1
2023,111,Chris Godwin,TB,WR,1,17,NO,8.51063829787234,4,12.1,3,81,26.2,27,20.25,75,1,50,0,0,0,17.1,17.1
2023,112,A.J. Brown,PHI,WR,1,16,NYG,19.607843137254903,10,26.3,6,80,26.6,13.33,8,60,0,0,0,1,0,14,14
2023,113,Nico Collins,HST,WR,1,17,TEN,22.22222222222222,8,25,7,80,37.6,11.43,10,87.5,0,0,1,1,0,15.7,15.7
2023,114,Evan Engram,JAX,TE,1,18,TEN,21.311475409836063,13,30.2,10,79,28.2,7.9,6.08,76.9,1,50,0,1,0,23.9,23.9
2023,115,Jerry Jeudy,DEN,WR,1,18,LV,18.181818181818183,6,17.6,3,79,29,26.33,13.17,50,1,100,0,0,0,16.9,16.9
2023,116,Jaylen Waddle,MIA,WR,1,14,TEN,27.586206896551722,8,24.2,6,79,32.9,13.17,9.88,75,0,0,0,0,0,13.9,13.9
2023,117,DeVonta Smith,PHI,WR,1,16,NYG,13.88888888888889,5,13.2,4,79,26.2,19.75,15.8,80,1,100,0,0,0,17.9,17.9
2023,118,Romeo Doubs,GB,WR,1,16,CAR,18.51851851851852,5,17.9,4,79,36.1,19.75,15.8,80,1,50,1,1,0,17.9,17.9
2023,119,Wan'Dale Robinson,NYG,WR,1,14,GB,21.875,7,33.3,6,79,50,13.17,11.29,85.7,0,0,0,0,0,17.5,17.5
2023,120,Tre Tucker,LV,WR,1,18,DEN,31.25,5,15.6,5,79,32.4,15.8,15.8,100,0,0,0,0,0,14,14
2023,121,Zay Jones,JAX,WR,1,13,CIN,20.51282051282051,8,20.5,5,78,24.3,15.6,9.75,62.5,0,0,0,0,0,12.8,12.8
2023,122,Chris Godwin,TB,WR,1,16,JAX,21.27659574468085,10,28.6,6,78,27.6,13,7.8,60,0,0,1,1,0,13.9,13.9
2023,123,DK Metcalf,SEA,WR,1,15,PHI,16.216216216216218,6,18.2,5,78,37.5,15.6,13,83.3,0,0,0,1,0,12.8,12.8
2023,124,Michael Pittman,IND,WR,1,15,PIT,11.11111111111111,5,17.9,4,78,36.3,19.5,15.6,80,0,0,0,0,0,11.8,11.8
2023,125,Amari Cooper,CLV,WR,1,14,JAX,33.33333333333333,14,31.1,7,77,24.8,11,5.5,50,0,0,0,0,1,13.7,13.7
2023,126,Courtland Sutton,DEN,WR,1,13,HST,33.33333333333333,7,26.9,2,77,41.4,38.5,11,28.6,1,100,1,1,0,15.7,15.7
2023,127,Mecole Hardman,KC,WR,1,18,LAC,100,11,36.7,6,77,50,12.83,7,54.5,0,0,0,0,0,13.7,13.7
2023,128,Jake Ferguson,DAL,TE,1,13,SEA,17.073170731707318,7,17.1,6,77,25.8,12.83,11,85.7,1,33.3,0,3,0,19.7,19.7
2023,129,Xavier Gipson,NYJ,WR,1,13,ATL,23.076923076923077,6,15.8,5,77,36,15.4,12.83,83.3,0,0,0,1,0,12.8,12.8
2023,130,Tyreek Hill,MIA,WR,1,17,BLT,23.52941176470588,12,31.6,6,76,32.1,12.67,6.33,50,0,0,2,3,0,13.6,13.6
2023,131,George Kittle,SF,TE,1,14,SEA,17.24137931034483,5,18.5,3,76,20.7,25.33,15.2,60,1,50,0,0,0,16.6,16.6
2023,132,Diontae Johnson,PIT,WR,1,17,SEA,12.5,4,16.7,4,76,27.7,19,19,100,0,0,0,1,0,11.6,11.6
2023,133,Garrett Wilson,NYJ,WR,1,16,WAS,27.27272727272727,15,30.6,9,76,35,8.44,5.07,60,0,0,3,3,0,15.8,15.8
2023,134,DeAndre Hopkins,TEN,WR,1,13,IND,22.22222222222222,12,36.4,5,75,33.5,15,6.25,41.7,1,100,2,2,0,18.9,18.9
2023,135,Adam Thielen,CAR,WR,1,14,NO,18.91891891891892,7,19.4,5,74,54,14.8,10.57,71.4,0,0,0,0,0,12.4,12.4
2023,136,Jerry Jeudy,DEN,WR,1,15,DET,18.181818181818183,6,18.8,3,74,33.2,24.67,12.33,50,0,0,0,0,0,10.4,10.4
2023,137,Demario Douglas,NE,WR,1,16,DEN,33.33333333333333,8,24.2,5,74,28.9,14.8,9.25,62.5,0,0,0,1,0,12.4,12.4
2023,138,DeVonta Smith,PHI,WR,1,14,DAL,27.77777777777778,10,35.7,5,73,32.4,14.6,7.3,50,0,0,0,0,1,11.3,11.3
2023,139,DeAndre Hopkins,TEN,WR,1,17,HST,12.962962962962962,7,26.9,7,72,39.1,10.29,10.29,100,0,0,0,1,0,14.2,14.2
2023,140,Tee Higgins,CIN,WR,1,14,IND,16,4,16,2,72,26.3,36,18,50,0,0,0,0,0,9.2,9.2
2023,141,Kylen Granson,IND,TE,1,13,TEN,15.789473684210526,3,7.1,3,72,23.1,24,24,100,0,0,0,0,0,10.4,10.4
2023,142,Romeo Doubs,GB,WR,1,13,KC,18.51851851851852,5,13.9,4,72,27,18,14.4,80,0,0,0,0,0,11.2,11.2
2023,143,Jake Ferguson,DAL,TE,1,14,PHI,19.51219512195122,8,20.5,5,72,26.6,14.4,9,62.5,0,0,1,1,0,12.2,12.2
2023,144,Zay Flowers,BLT,WR,1,16,SF,46.42857142857143,13,37.1,9,72,28.6,8,5.54,69.2,1,50,1,3,0,22.2,22.2
2023,145,Rashee Rice,KC,WR,1,14,BUF,21.73913043478261,10,23.3,7,72,26.6,10.29,7.2,70,1,100,2,3,1,19.2,19.2
2023,146,Tyler Lockett,SEA,WR,1,18,ARZ,7.142857142857142,3,10.7,2,71,37.6,35.5,23.67,66.7,1,50,0,1,0,17.1,17.1
2023,147,Courtland Sutton,DEN,WR,1,15,DET,28.57142857142857,6,18.8,5,71,31.8,14.2,11.83,83.3,0,0,1,1,0,12.1,12.1
2023,148,Dallas Goedert,PHI,TE,1,16,NYG,30,9,23.7,7,71,23.6,10.14,7.89,77.8,0,0,1,1,0,14.1,14.1
2023,149,CeeDee Lamb,DAL,WR,1,14,PHI,12.987012987012985,10,25.6,6,71,26.2,11.83,7.1,60,1,50,0,1,0,19.1,19.1
2023,150,Christian Watson,GB,WR,1,13,KC,100,9,25,7,71,26.6,10.14,7.89,77.8,2,66.7,2,3,0,27.6,27.6
2023,151,Mike Evans,TB,WR,1,17,NO,9.523809523809524,4,12.1,3,70,22.7,23.33,17.5,75,0,0,0,0,0,10,10
2023,152,Jamal Agnew,JAX,WR,1,15,BLT,25,2,4.7,2,70,26.5,35,35,100,1,100,0,0,0,15,15
2023,153,Rashid Shaheed,NO,WR,1,16,LA,45,9,22.5,5,70,21.9,14,7.78,55.6,1,33.3,0,0,0,18.4,18.4
2023,154,Isaiah Likely,BLT,TE,1,15,JAX,27.27272727272727,6,25,5,70,40.9,14,11.67,83.3,1,100,0,2,0,18,18
2023,155,Chris Conley,SF,WR,1,18,LA,100,5,19.2,3,69,36.5,23,13.8,60,0,0,1,1,0,9.9,9.9
2023,156,Lil'Jordan Humphrey,DEN,WR,1,17,LAC,36.36363636363637,4,12.5,2,69,30.8,34.5,17.25,50,1,100,0,0,0,14.9,14.9
2023,157,Jameson Williams,DET,WR,1,17,DAL,16.666666666666664,3,8.6,2,69,22.8,34.5,23,66.7,0,0,0,0,0,9.5,9.5
2023,158,Jake Ferguson,DAL,TE,1,18,WAS,14.634146341463413,6,15,6,69,22.3,11.5,11.5,100,0,0,0,1,0,12.9,12.9
2023,159,Jonathan Mingo,CAR,WR,1,13,TB,35.714285714285715,10,32.3,6,69,38.8,11.5,6.9,60,0,0,1,1,0,12.9,12.9
2023,160,Keenan Allen,LAC,WR,1,14,DEN,55.00000000000001,11,26.2,6,68,24.7,11.33,6.18,54.5,0,0,0,0,0,12.8,12.8
2023,161,George Kittle,SF,TE,1,13,PHI,20.689655172413794,6,22.2,4,68,21.7,17,11.33,66.7,0,0,1,1,0,10.8,10.8
2023,162,David Moore,TB,WR,1,15,GB,33.33333333333333,2,7.1,2,68,17.8,34,34,100,1,25,0,0,0,14.8,14.8
2023,163,D.J. Moore,CHI,WR,1,14,DET,24.390243902439025,10,30.3,6,68,30.5,11.33,6.8,60,1,100,2,3,0,26.8,26.8
2023,164,David Bell,CLV,WR,1,18,CIN,30.76923076923077,4,15.4,4,68,41,17,17,100,2,100,0,0,0,22.8,22.8
2023,165,Hunter Henry,NE,TE,1,15,KC,56.25,9,29,7,66,36.7,9.43,7.33,77.8,1,100,0,1,0,19.6,19.6
2023,166,Scott Miller,ATL,WR,1,18,NO,33.33333333333333,2,5.9,2,66,20.8,33,33,100,0,0,0,0,0,8.6,8.6
2023,167,Cole Kmet,CHI,TE,1,14,DET,25,6,18.2,5,66,29.6,13.2,11,83.3,0,0,1,1,0,11.6,11.6
2023,168,DeVante Parker,NE,WR,1,16,DEN,20,5,15.2,4,65,25.4,16.25,13,80,0,0,0,0,0,10.5,10.5
2023,169,Curtis Samuel,WAS,WR,1,13,MIA,19.230769230769234,5,21.7,4,65,51.2,16.25,13,80,0,0,0,0,0,10.5,10.5
2023,170,Rashid Shaheed,NO,WR,1,18,ATL,20,4,14.3,3,65,24.6,21.67,16.25,75,1,25,0,1,0,15.5,15.5
2023,171,DeVante Parker,NE,WR,1,13,LAC,36,9,36,4,64,45.4,16,7.11,44.4,0,0,0,0,0,10.4,10.4
2023,172,D.J. Moore,CHI,WR,1,18,GB,12.195121951219512,5,31.3,4,64,43.2,16,12.8,80,0,0,0,0,0,10.4,10.4
2023,173,Brevin Jordan,HST,TE,1,13,DEN,30.76923076923077,4,14.3,3,64,21.9,21.33,16,75,0,0,0,0,0,9.4,9.4
2023,174,Ja'Marr Chase,CIN,WR,1,15,MIN,12.5,4,9.5,4,64,19.8,16,16,100,0,0,0,0,0,10.4,10.4
2023,175,Tucker Kraft,GB,TE,1,14,NYG,12.5,4,10.3,4,64,29.4,16,16,100,0,0,0,0,0,10.4,10.4
2023,176,Rashee Rice,KC,WR,1,13,GB,19.565217391304348,9,27.3,8,64,30.5,8,7.11,88.9,0,0,1,2,0,14.4,14.4
2023,177,T.J. Hockenson,MIN,TE,1,15,CIN,36.84210526315789,7,20.6,6,63,20.8,10.5,9,85.7,0,0,0,0,0,12.3,12.3
2023,178,Darius Slayton,NYG,WR,1,15,NO,30.76923076923077,8,21.1,4,63,33.2,15.75,7.88,50,0,0,0,0,0,10.3,10.3
2023,179,Chigoziem Okonkwo,TEN,TE,1,16,SEA,22.22222222222222,6,22.2,6,63,38.4,10.5,10.5,100,1,100,0,1,0,18.3,18.3
2023,180,Marvin Mims,DEN,WR,1,16,NE,33.33333333333333,4,10.8,3,63,26.5,21,15.75,75,0,0,0,0,0,9.3,9.3
2023,181,Tyler Higbee,LA,TE,1,17,NYG,36.84210526315789,7,20.6,6,62,19.6,10.33,8.86,85.7,0,0,0,0,0,12.2,12.2
2023,182,Courtland Sutton,DEN,WR,1,14,LAC,14.285714285714285,3,9.1,3,62,27.7,20.67,20.67,100,1,50,0,0,0,15.2,15.2
2023,183,Diontae Johnson,PIT,WR,1,15,IND,18.75,6,23.1,4,62,36,15.5,10.33,66.7,1,100,1,1,0,16.2,16.2
2023,184,Darius Slayton,NYG,WR,1,18,PHI,26.923076923076923,7,20.6,5,62,19.9,12.4,8.86,71.4,1,100,0,2,0,17.2,17.2
2023,185,Kylen Granson,IND,TE,1,16,ATL,36.84210526315789,7,18.9,5,62,30.8,12.4,8.86,71.4,0,0,0,0,0,11.2,11.2
2023,186,Bo Melton,GB,WR,1,18,CHI,30.434782608695656,7,21.9,5,62,19.6,12.4,8.86,71.4,0,0,1,1,0,12.6,12.6
2023,187,Treylon Burks,TEN,WR,1,15,HST,27.27272727272727,3,11.5,3,62,31.2,20.67,20.67,100,0,0,0,0,0,9.4,9.4
2023,188,Chigoziem Okonkwo,TEN,TE,1,13,IND,18.51851851851852,5,15.2,3,62,27.7,20.67,12.4,60,0,0,0,0,0,9.4,9.4
2023,189,Jaxon Smith-Njigba,SEA,WR,1,13,DAL,30.555555555555557,11,26.8,7,62,18.6,8.86,5.64,63.6,0,0,1,1,0,13.2,13.2
2023,190,Tyreek Hill,MIA,WR,1,14,TEN,9.803921568627452,5,15.2,4,61,25.4,15.25,12.2,80,0,0,1,1,0,10.1,10.1
2023,191,Jonnu Smith,ATL,TE,1,15,CAR,8,2,10,2,61,40.1,30.5,30.5,100,0,0,0,0,0,8.1,8.1
2023,192,Dalton Schultz,HST,TE,1,16,CLV,38.46153846153847,10,20.4,8,61,28.9,7.63,6.1,80,0,0,0,0,0,14.1,14.1
2023,193,Jakobi Meyers,LV,WR,1,18,DEN,16.666666666666664,5,15.6,3,61,25,20.33,12.2,60,1,50,0,0,0,21.6,21.6
2023,194,Terry McLaurin,WAS,WR,1,17,SF,17.647058823529413,6,21.4,4,61,36.1,15.25,10.17,66.7,1,100,1,2,0,16.1,16.1
2023,195,Tee Higgins,CIN,WR,1,15,MIN,32,8,19,4,61,18.8,15.25,7.63,50,2,100,0,1,0,22.1,22.1
2023,196,Elijah Moore,CLV,WR,1,17,NYJ,19.35483870967742,6,20.7,5,61,19.7,12.2,10.17,83.3,1,33.3,2,2,0,17.1,17.1
2023,197,Dontayvion Wicks,GB,WR,1,18,CHI,28.000000000000004,7,21.9,6,61,19.3,10.17,8.71,85.7,2,100,1,2,0,24.1,24.1
2023,198,Jaxon Smith-Njigba,SEA,WR,1,16,TEN,19.444444444444446,7,19.4,6,61,26.9,10.17,8.71,85.7,0,0,1,1,0,12.1,12.1
2023,199,Parker Washington,JAX,WR,1,13,CIN,30,6,15.4,6,61,19,10.17,10.17,100,1,50,0,1,0,18.1,18.1
2023,200,Brandin Cooks,DAL,WR,1,17,DET,24.242424242424242,8,21.1,5,60,17.4,12,7.5,62.5,1,50,1,1,0,17,17
2023,201,Evan Engram,JAX,TE,1,17,CAR,9.836065573770492,6,25,6,60,33.7,10,10,100,0,0,0,1,0,12,12
2023,202,Tucker Kraft,GB,TE,1,16,CAR,21.875,7,25,4,60,27.4,15,8.57,57.1,0,0,1,1,0,10,10
2023,203,Zay Flowers,BLT,WR,1,14,LA,35.714285714285715,10,23.3,6,60,19,10,6,60,1,33.3,0,1,0,20,20
2023,204,Tyler Boyd,CIN,WR,1,16,PIT,28.57142857142857,6,14.3,5,59,17.6,11.8,9.83,83.3,0,0,0,0,0,10.9,10.9
2023,205,Zay Jones,JAX,WR,1,15,BLT,20.51282051282051,8,18.6,5,59,22.3,11.8,7.38,62.5,0,0,0,0,0,10.9,10.9
2023,206,Noah Fant,SEA,TE,1,17,PIT,33.33333333333333,6,18.2,5,59,20.3,11.8,9.83,83.3,0,0,0,1,0,10.9,10.9
2023,207,Justin Jefferson,MIN,WR,1,17,GB,21.27659574468085,10,31.3,5,59,32.8,11.8,5.9,50,0,0,3,4,0,10.9,10.9
2023,208,Tommy Tremble,CAR,TE,1,16,GB,42.857142857142854,6,16.7,4,59,18.9,14.75,9.83,66.7,0,0,0,0,0,9.9,9.9
2023,209,Tre Tucker,LV,WR,1,15,LAC,25,4,11.1,3,59,22.7,19.67,14.75,75,2,40,0,1,0,20.7,20.7
2023,210,Keenan Allen,LAC,WR,1,13,NE,45,9,24.3,5,58,27.4,11.6,6.44,55.6,0,0,0,1,0,10.8,10.8
2023,211,Robert Woods,HST,WR,1,17,TEN,22.22222222222222,4,12.5,4,58,27.2,14.5,14.5,100,0,0,0,0,0,9.8,9.8
2023,212,Johnny Mundt,MIN,TE,1,18,DET,33.33333333333333,6,13.6,5,58,14.6,11.6,9.67,83.3,0,0,0,0,0,10.8,10.8
2023,213,Dalton Schultz,HST,TE,1,15,TEN,19.230769230769234,5,13.9,4,58,25.3,14.5,11.6,80,0,0,1,2,0,9.8,9.8
2023,214,T.J. Hockenson,MIN,TE,1,16,DET,21.052631578947366,4,11.1,4,58,14.1,14.5,14.5,100,0,0,0,0,0,9.8,9.8
2023,215,Alec Pierce,IND,WR,1,17,LV,4,1,4.3,1,58,25.9,58,58,100,1,100,0,0,0,12.8,12.8
2023,216,Marquise Goodwin,CLV,WR,1,15,CHI,50,1,2.2,1,57,15,57,57,100,0,0,0,0,0,6.7,6.7
2023,217,Mike Evans,TB,WR,1,15,GB,14.285714285714285,6,21.4,4,57,15,14.25,9.5,66.7,1,25,1,2,0,15.7,15.7
2023,218,Tyler Conklin,NYJ,TE,1,14,HST,16.666666666666664,6,16.7,4,57,18.9,14.25,9.5,66.7,0,0,0,0,0,9.7,9.7
2023,219,Diontae Johnson,PIT,WR,1,14,NE,21.875,7,19.4,3,57,30,19,8.14,42.9,1,100,0,0,0,14.7,14.7
2023,220,Kyle Pitts,ATL,TE,1,14,TB,21.428571428571427,6,15,3,57,16.4,19,9.5,50,1,100,0,1,0,14.7,14.7
2023,221,Jordan Addison,MIN,WR,1,18,DET,29.166666666666668,7,15.9,4,57,14.4,14.25,8.14,57.1,1,50,0,0,0,15.7,15.7
2023,222,Tucker Kraft,GB,TE,1,15,TB,18.75,6,15.4,4,57,20.1,14.25,9.5,66.7,1,50,1,2,0,15.7,15.7
2023,223,Rashee Rice,KC,WR,1,16,LV,26.08695652173913,12,26.7,6,57,23.2,9.5,4.75,50,0,0,2,2,0,11.7,11.7
2023,224,D.J. Chark,CAR,WR,1,13,TB,14.285714285714285,4,12.9,3,56,31.5,18.67,14,75,0,0,0,0,0,8.6,8.6
2023,225,Durham Smythe,MIA,TE,1,16,DAL,27.77777777777778,5,13.5,5,56,19.1,11.2,11.2,100,0,0,0,0,0,10.6,10.6
2023,226,Jakobi Meyers,LV,WR,1,17,IND,33.33333333333333,10,21.3,6,56,18.7,9.33,5.6,60,0,0,0,2,0,11.6,11.6
2023,227,DK Metcalf,SEA,WR,1,16,TEN,16.216216216216218,6,16.7,4,56,24.7,14,9.33,66.7,1,50,1,2,0,15.6,15.6
2023,228,Terry McLaurin,WAS,WR,1,18,DAL,23.52941176470588,8,28.6,6,56,35.7,9.33,7,75,0,0,0,0,0,11.6,11.6
2023,229,A.J. Brown,PHI,WR,1,15,SEA,19.607843137254903,10,32.3,5,56,39.2,11.2,5.6,50,0,0,0,0,0,10.6,10.6
2023,230,Drake London,ATL,WR,1,17,CHI,24.390243902439025,10,30.3,4,56,31.1,14,5.6,40,0,0,0,1,0,9.6,9.6
2023,231,Chris Olave,NO,WR,1,18,ATL,8.571428571428571,3,10.7,3,56,21.2,18.67,18.67,100,1,25,0,0,0,14.6,14.6
2023,232,Isaiah Likely,BLT,TE,1,16,SF,18.181818181818183,4,11.4,3,56,22.2,18.67,14,75,0,0,1,1,0,8.6,8.6
2023,233,Sam LaPorta,DET,TE,1,15,DEN,14.634146341463413,6,17.6,5,56,20.1,11.2,9.33,83.3,3,60,2,3,0,28.6,28.6
2023,234,Demarcus Robinson,LA,WR,1,13,CLV,14.705882352941178,5,13.5,4,55,19.7,13.75,11,80,1,33.3,1,1,0,15.5,15.5
2023,235,Wan'Dale Robinson,NYG,WR,1,17,LA,25,8,19.5,6,55,17.2,9.17,6.88,75,0,0,0,0,0,19.9,19.9
2023,236,George Kittle,SF,TE,1,15,ARZ,13.793103448275861,4,14.3,2,54,20.6,27,13.5,50,0,0,0,0,0,7.4,7.4
2023,237,Richie James,KC,WR,1,16,LV,27.27272727272727,3,6.7,3,54,22,18,18,100,0,0,0,0,0,8.4,8.4
2023,238,Durham Smythe,MIA,TE,1,17,BLT,16.666666666666664,3,7.9,3,54,22.8,18,18,100,0,0,0,0,0,8.4,8.4
2023,239,Jerry Jeudy,DEN,WR,1,17,LAC,18.181818181818183,6,18.8,3,54,24.1,18,9,50,0,0,0,1,0,8.4,8.4
2023,240,Rashod Bateman,BLT,WR,1,17,MIA,31.57894736842105,6,27.3,4,54,15.9,13.5,9,66.7,0,0,0,0,0,9.4,9.4
2023,241,Davante Adams,LV,WR,1,14,MIN,17.857142857142858,10,31.3,7,53,31.9,7.57,5.3,70,0,0,0,1,1,12.3,12.3
2023,242,Tyler Boyd,CIN,WR,1,15,MIN,14.285714285714285,3,7.1,2,53,16.4,26.5,17.67,66.7,0,0,0,0,0,7.3,7.3
2023,243,Jamal Agnew,JAX,WR,1,17,CAR,25,2,8.3,2,53,29.8,26.5,26.5,100,0,0,0,0,0,7.3,7.3
2023,244,Chris Godwin,TB,WR,1,14,ATL,23.404255319148938,11,37.9,5,53,36.8,10.6,4.82,45.5,0,0,0,0,0,10.3,10.3
2023,245,Brandon Powell,MIN,WR,1,16,DET,33.33333333333333,3,8.3,3,53,12.9,17.67,17.67,100,0,0,0,0,0,8.3,8.3
2023,246,Calvin Ridley,JAX,WR,1,14,CLV,22.033898305084744,13,26,4,53,20.6,13.25,4.08,30.8,0,0,1,3,0,9.3,9.3
2023,247,T.J. Hockenson,MIN,TE,1,14,LV,42.10526315789473,8,22.2,5,53,36.3,10.6,6.63,62.5,0,0,0,0,0,10.3,10.3
2023,248,A.J. Brown,PHI,WR,1,17,ARZ,9.803921568627452,5,20.8,4,53,28.8,13.25,10.6,80,0,0,0,0,0,9.3,9.3
2023,249,CeeDee Lamb,DAL,WR,1,15,BUF,12.987012987012985,10,29.4,7,53,39.6,7.57,5.3,70,0,0,0,0,0,18.6,18.6
2023,250,A.T. Perry,NO,WR,1,18,ATL,25,3,10.7,3,53,20.1,17.67,17.67,100,2,50,1,2,0,20.3,20.3
2023,251,Josh Downs,IND,WR,1,17,LV,8,2,8.7,2,53,23.7,26.5,26.5,100,0,0,0,0,0,7.3,7.3
2023,252,Cooper Kupp,LA,WR,1,16,NO,27.27272727272727,12,35.3,6,52,15.9,8.67,4.33,50,0,0,2,5,0,10.9,10.9
2023,253,D.J. Moore,CHI,WR,1,15,CLV,17.073170731707318,7,17.5,4,52,31.3,13,7.43,57.1,0,0,0,0,0,9.2,9.2
2023,254,DK Metcalf,SEA,WR,1,14,SF,13.513513513513514,5,16.1,2,52,19.3,26,10.4,40,1,50,0,0,0,13.2,13.2
2023,255,Jaylen Waddle,MIA,WR,1,13,WAS,27.586206896551722,8,32,5,52,18.4,10.4,6.5,62.5,0,0,0,1,0,10.2,10.2
2023,256,Quentin Johnston,LAC,WR,1,13,NE,23.333333333333332,7,18.9,5,52,24.5,10.4,7.43,71.4,0,0,0,0,0,10.2,10.2
2023,257,Cedric Tillman,CLV,WR,1,15,CHI,26.666666666666668,8,17.8,4,52,13.7,13,6.5,50,0,0,0,1,0,9.2,9.2
2023,258,Jayden Reed,GB,WR,1,15,TB,22.857142857142858,8,20.5,6,52,18.3,8.67,6.5,75,1,50,1,2,0,17.2,17.2
2023,259,Darren Waller,NYG,TE,1,17,LA,27.27272727272727,6,14.6,5,51,16,10.2,8.5,83.3,0,0,0,0,0,10.1,10.1
2023,260,Chris Godwin,TB,WR,1,18,CAR,14.893617021276595,7,21.9,6,51,37.2,8.5,7.29,85.7,0,0,0,0,0,11.5,11.5
2023,261,Jerry Jeudy,DEN,WR,1,13,HST,12.121212121212121,4,15.4,3,51,27.4,17,12.75,75,0,0,0,2,0,8.1,8.1
2023,262,Kyle Pitts,ATL,TE,1,13,NYJ,28.57142857142857,8,29.6,4,51,42.1,12.75,6.38,50,0,0,0,0,0,9.1,9.1
2023,263,Jalen Tolbert,DAL,WR,1,16,MIA,28.57142857142857,2,6.3,2,51,20.2,25.5,25.5,100,0,0,0,0,0,7.1,7.1
2023,264,Kalif Raymond,DET,WR,1,18,MIN,20,2,6.3,2,50,15.6,25,25,100,0,0,0,0,0,7,7
2023,265,Terry McLaurin,WAS,WR,1,16,NYJ,14.705882352941178,5,14.3,3,50,32.1,16.67,10,60,0,0,0,0,0,8,8
2023,266,Jaylen Waddle,MIA,WR,1,16,DAL,13.793103448275861,4,10.8,1,50,17.1,50,12.5,25,0,0,0,0,0,6.2,6.2
2023,267,DeVonta Smith,PHI,WR,1,15,SEA,13.88888888888889,5,16.1,5,50,35,10,10,100,0,0,0,0,0,10,10
2023,268,Garrett Wilson,NYJ,WR,1,13,ATL,12.727272727272727,7,18.4,3,50,23.4,16.67,7.14,42.9,0,0,0,0,0,8,8
2023,269,Garrett Wilson,NYJ,WR,1,17,CLV,18.181818181818183,10,22.2,5,50,19.2,10,5,50,0,0,1,1,0,9.9,9.9
2023,270,Davis Allen,LA,TE,1,14,BLT,50,5,12.2,4,50,17,12.5,10,80,1,33.3,1,1,0,15,15
2023,271,Puka Nacua,LA,WR,1,15,WAS,14.893617021276595,7,21.2,5,50,19.4,10,7.14,71.4,0,0,1,1,0,10.3,10.3
2023,272,Tanner Hudson,CIN,TE,1,15,MIN,21.73913043478261,5,11.9,5,49,15.1,9.8,9.8,100,0,0,0,1,0,9.9,9.9
2023,273,Harrison Bryant,CLV,TE,1,13,LA,50,5,11.4,5,49,19.3,9.8,9.8,100,1,50,1,1,0,15.9,15.9
2023,274,Amon-Ra St. Brown,DET,WR,1,13,NO,10.909090909090908,6,24,2,49,23,24.5,8.17,33.3,1,50,1,1,0,12.9,12.9
2023,275,Kyle Pitts,ATL,TE,1,16,IND,10.714285714285714,3,9.1,3,49,21.4,16.33,16.33,100,1,100,0,0,0,13.9,13.9
2023,276,Charlie Jones,CIN,WR,1,18,CLV,42.857142857142854,3,10.7,3,49,27.8,16.33,16.33,100,0,0,0,0,0,9.2,9.2
2023,277,Tyler Scott,CHI,WR,1,15,CLV,33.33333333333333,4,10,3,49,29.5,16.33,12.25,75,0,0,0,0,0,7.6,7.6
2023,278,Stefon Diggs,BUF,WR,1,15,DAL,12.5,5,33.3,4,48,51.1,12,9.6,80,0,0,0,0,0,8.8,8.8
2023,279,Michael Gallup,DAL,WR,1,14,PHI,50,5,12.8,3,48,17.7,16,9.6,60,1,50,1,1,0,13.8,13.8
2023,280,D.J. Montgomery,IND,WR,1,15,PIT,50,4,14.3,2,48,22.3,24,12,50,1,33.3,1,2,0,12.8,12.8
2023,281,Deebo Samuel,SF,WR,1,15,ARZ,20,8,28.6,4,48,18.3,12,6,50,2,50,0,2,0,21.9,21.9
2023,282,Juwan Johnson,NO,TE,1,16,LA,25,7,17.5,4,48,15,12,6.86,57.1,1,33.3,1,1,0,14.8,14.8
2023,283,Trey McBride,ARZ,TE,1,17,PHI,15,6,19.4,6,48,20.7,8,8,100,0,0,0,0,0,10.8,10.8
2023,284,Jaxon Smith-Njigba,SEA,WR,1,15,PHI,11.11111111111111,4,12.1,4,48,23.1,12,12,100,1,100,0,1,0,14.8,14.8
2023,285,Tucker Kraft,GB,TE,1,17,MIN,18.75,6,17.6,6,48,16.4,8,8,100,0,0,0,0,0,10.8,10.8
2023,286,Josh Downs,IND,WR,1,18,HST,12,3,12.5,3,48,34,16,16,100,0,0,0,0,0,7.8,7.8
2023,287,Tyler Lockett,SEA,WR,1,13,DAL,19.047619047619047,8,19.5,5,47,14.1,9.4,5.88,62.5,0,0,0,0,0,9.7,9.7
2023,288,Zay Jones,JAX,WR,1,18,TEN,23.076923076923077,9,20.9,6,47,16.8,7.83,5.22,66.7,0,0,1,2,0,10.7,10.7
2023,289,Dallas Goedert,PHI,TE,1,17,ARZ,20,6,25,5,47,25.5,9.4,7.83,83.3,1,33.3,1,1,0,15.7,15.7
2023,290,Deebo Samuel,SF,WR,1,16,BLT,27.500000000000004,11,23.9,4,47,14,11.75,4.27,36.4,0,0,0,1,0,9.4,9.4
2023,291,Brycen Hopkins,LA,TE,1,18,SF,100,3,12.5,2,47,28.8,23.5,15.67,66.7,0,0,0,0,0,6.7,6.7
2023,292,Josh Palmer,LAC,WR,1,16,BUF,36.36363636363637,8,24.2,5,47,22.2,9.4,5.88,62.5,0,0,1,1,0,9.7,9.7
2023,293,Jameson Williams,DET,WR,1,15,DEN,38.88888888888889,7,20.6,4,47,16.9,11.75,6.71,57.1,0,0,0,0,0,8.7,8.7
2023,294,George Pickens,PIT,WR,1,15,IND,21.21212121212121,7,26.9,3,47,27.3,15.67,6.71,42.9,0,0,0,0,0,7.7,7.7
2023,295,Brandon Johnson,DEN,WR,1,16,NE,29.411764705882355,5,13.5,3,47,19.7,15.67,9.4,60,1,50,0,0,0,15.7,15.7
2023,296,Will Mallory,IND,TE,1,16,ATL,28.57142857142857,4,10.8,4,47,23.4,11.75,11.75,100,0,0,0,0,0,8.7,8.7
2023,297,DeAndre Hopkins,TEN,WR,1,18,JAX,18.51851851851852,10,37,7,46,27.4,6.57,4.6,70,1,50,1,1,0,17.6,17.6
2023,298,Davante Adams,LV,WR,1,18,DEN,14.285714285714285,8,25,5,46,18.9,9.2,5.75,62.5,1,50,2,3,0,15.6,15.6
2023,299,Demarcus Robinson,LA,WR,1,14,BLT,29.411764705882355,10,24.4,3,46,15.6,15.33,4.6,30,1,33.3,2,4,0,13.6,13.6
2023,300,Will Dissly,SEA,TE,1,18,ARZ,37.5,3,10.7,3,46,24.3,15.33,15.33,100,1,50,0,1,0,13.6,13.6
2023,301,D.J. Chark,CAR,WR,1,18,TB,14.285714285714285,4,22.2,2,46,48.9,23,11.5,50,0,0,0,0,1,5.6,5.6
2023,302,Hunter Renfrow,LV,WR,1,14,MIN,62.5,5,15.6,3,46,27.7,15.33,9.2,60,0,0,0,1,1,6.6,6.6
2023,303,Michael Pittman,IND,WR,1,17,LV,15.555555555555555,7,30.4,5,46,20.5,9.2,6.57,71.4,0,0,0,1,0,9.6,9.6
2023,304,Brandon Aiyuk,SF,WR,1,13,PHI,15.789473684210526,6,22.2,5,46,14.6,9.2,7.67,83.3,1,25,1,1,0,15.6,15.6
2023,305,Chigoziem Okonkwo,TEN,TE,1,14,MIA,22.22222222222222,6,15.8,5,46,14.1,9.2,7.67,83.3,0,0,0,0,0,9.6,9.6
2023,306,Will Mallory,IND,TE,1,14,CIN,35.714285714285715,5,12.8,5,46,19.2,9.2,9.2,100,0,0,0,0,0,9.6,9.6
2023,307,Brandin Cooks,DAL,WR,1,13,SEA,12.121212121212121,4,9.8,4,45,15.1,11.25,11.25,100,1,33.3,1,1,0,16.5,16.5
2023,308,Darren Waller,NYG,TE,1,18,PHI,27.27272727272727,6,17.6,5,45,14.5,9,7.5,83.3,0,0,0,0,0,9.5,9.5
2023,309,Tyler Conklin,NYJ,TE,1,17,CLV,13.88888888888889,5,11.1,5,45,17.2,9,9,100,0,0,0,0,0,9.5,9.5
2023,310,Greg Dortch,ARZ,WR,1,16,CHI,23.809523809523807,5,13.2,2,45,19.6,22.5,9,40,1,50,0,0,0,12.5,12.5
2023,311,Khalil Shakir,BUF,WR,1,16,LAC,20,3,14.3,3,45,19,15,15,100,0,0,0,0,0,7.5,7.5
2023,312,Jake Ferguson,DAL,TE,1,16,MIA,17.073170731707318,7,21.9,4,45,17.8,11.25,6.43,57.1,0,0,0,0,0,8.5,8.5
2023,313,Travis Kelce,KC,TE,1,16,LV,24.242424242424242,8,17.8,5,44,17.9,8.8,5.5,62.5,0,0,2,2,0,9.4,9.4
2023,314,DeVante Parker,NE,WR,1,15,KC,20,5,16.1,5,44,24.4,8.8,8.8,100,0,0,0,0,0,9.4,9.4
2023,315,Demarcus Robinson,LA,WR,1,15,WAS,8.823529411764707,3,9.1,2,44,17.1,22,14.67,66.7,1,50,1,1,0,14.7,14.7
2023,316,David Njoku,CLV,TE,1,16,HST,20,9,20.5,6,44,11.8,7.33,4.89,66.7,1,33.3,1,1,0,16.4,16.4
2023,317,Gerald Everett,LAC,TE,1,13,NE,12.82051282051282,5,13.5,4,44,20.8,11,8.8,80,0,0,0,1,0,8.4,8.4
2023,318,Josh Reynolds,DET,WR,1,14,CHI,18.181818181818183,4,11.4,3,44,27.3,14.67,11,75,1,100,1,1,0,13.4,13.4
2023,319,Josh Reynolds,DET,WR,1,18,MIN,31.818181818181817,7,21.9,5,44,13.8,8.8,6.29,71.4,0,0,1,3,0,9.4,9.4
2023,320,Michael Pittman,IND,WR,1,18,HST,13.333333333333334,6,25,5,44,31.2,8.8,7.33,83.3,0,0,0,0,0,9.4,9.4
2023,321,Jauan Jennings,SF,WR,1,13,PHI,57.14285714285714,4,14.8,3,44,14,14.67,11,75,1,25,0,1,0,13.4,13.4
2023,322,Darnell Mooney,CHI,WR,1,14,DET,33.33333333333333,6,18.2,2,44,19.7,22,7.33,33.3,0,0,1,1,0,6.4,6.4
2023,323,Jerry Jeudy,DEN,WR,1,16,NE,15.151515151515152,5,13.5,3,44,18.5,14.67,8.8,60,0,0,0,1,0,7.4,7.4
2023,324,Pat Freiermuth,PIT,TE,1,17,SEA,20,4,16.7,3,44,16.1,14.67,11,75,0,0,0,0,0,7.4,7.4
2023,325,Josh Palmer,LAC,WR,1,18,KC,45.45454545454545,10,21.3,6,44,17.1,7.33,4.4,60,0,0,0,2,0,11,11
2023,326,Bo Melton,GB,WR,1,16,CAR,26.08695652173913,6,21.4,4,44,20.1,11,7.33,66.7,0,0,0,0,0,9.1,9.1
2023,327,Jake Ferguson,DAL,TE,1,15,BUF,17.073170731707318,7,20.6,6,44,32.8,7.33,6.29,85.7,0,0,0,0,0,10.4,10.4
2023,328,Cade Otton,TB,TE,1,15,GB,11.76470588235294,2,7.1,2,44,11.5,22,22,100,0,0,0,0,0,6.4,6.4
2023,329,A.T. Perry,NO,WR,1,14,CAR,8.333333333333332,1,3.8,1,44,37,44,44,100,0,0,0,0,0,5.4,5.4
2023,330,Elijah Higgins,ARZ,TE,1,15,SF,33.33333333333333,4,10.3,4,44,20.9,11,11,100,1,100,1,2,0,14.4,14.4
2023,331,Adam Thielen,CAR,WR,1,15,ATL,18.91891891891892,7,29.2,4,43,25.7,10.75,6.14,57.1,0,0,2,2,0,8.3,8.3
2023,332,Noah Fant,SEA,TE,1,13,DAL,22.22222222222222,4,9.8,3,43,12.9,14.33,10.75,75,0,0,0,0,0,7.3,7.3
2023,333,Jameson Williams,DET,WR,1,16,MIN,33.33333333333333,6,15,5,43,16.7,8.6,7.17,83.3,0,0,0,3,0,9.3,9.3
2023,334,Daniel Bellinger,NYG,TE,1,16,PHI,38.46153846153847,5,15.6,4,43,22.9,10.75,8.6,80,0,0,0,0,0,8.3,8.3
2023,335,Dontayvion Wicks,GB,WR,1,13,KC,16,4,11.1,3,43,16.1,14.33,10.75,75,0,0,0,1,0,7.3,7.3
2023,336,Cedric Tillman,CLV,WR,1,18,CIN,20,6,23.1,3,43,25.9,14.33,7.17,50,0,0,0,0,0,7.3,7.3
2023,337,Gerald Everett,LAC,TE,1,16,BUF,20.51282051282051,8,24.2,7,42,19.8,6,5.25,87.5,0,0,1,2,0,11.2,11.2
2023,338,Dalton Schultz,HST,TE,1,18,IND,26.923076923076923,7,26.9,5,42,15.9,8.4,6,71.4,0,0,0,0,0,9.2,9.2
2023,339,Cedrick Wilson,MIA,WR,1,16,DAL,27.77777777777778,5,13.5,3,42,14.3,14,8.4,60,0,0,1,2,0,7.2,7.2
2023,340,Jakobi Meyers,LV,WR,1,16,KC,16.666666666666664,5,23.8,3,42,67.7,14,8.4,60,0,0,0,0,0,7.2,7.2
2023,341,Elijah Moore,CLV,WR,1,14,JAX,19.35483870967742,6,13.3,3,42,13.5,14,7,50,0,0,0,0,0,7.2,7.2
2023,342,Isaiah Likely,BLT,TE,1,17,MIA,13.636363636363635,3,13.6,2,42,12.4,21,14,66.7,2,33.3,1,1,0,18.2,18.2
2023,343,Trey Palmer,TB,WR,1,16,JAX,24,6,17.1,4,42,14.8,10.5,7,66.7,0,0,0,0,0,8.2,8.2
2023,344,Curtis Samuel,WAS,WR,1,15,LA,34.61538461538461,9,25,5,41,18.1,8.2,4.56,55.6,2,66.7,2,5,0,21.1,21.1
2023,345,Gerald Everett,LAC,TE,1,15,LV,20.51282051282051,8,25,5,41,16,8.2,5.13,62.5,0,0,0,0,0,9.1,9.1
2023,346,Josh Reynolds,DET,WR,1,15,DEN,13.636363636363635,3,8.8,2,41,14.7,20.5,13.67,66.7,0,0,0,0,0,6.1,6.1
2023,347,Justin Watson,KC,WR,1,17,CIN,20,3,10.3,1,41,16.7,41,13.67,33.3,0,0,0,0,0,5.1,5.1
2023,348,Cole Kmet,CHI,TE,1,18,GB,16.666666666666664,4,25,3,41,27.7,13.67,10.25,75,0,0,0,2,0,7.1,7.1
2023,349,Ja'Marr Chase,CIN,WR,1,17,KC,18.75,6,18.2,3,41,20.8,13.67,6.83,50,0,0,0,0,0,7.1,7.1
2023,350,Drake London,ATL,WR,1,18,NO,21.951219512195124,9,26.5,4,41,12.9,10.25,4.56,44.4,0,0,1,2,0,8.1,8.1
2023,351,David Bell,CLV,WR,1,14,JAX,23.076923076923077,3,6.7,1,41,13.2,41,13.67,33.3,1,33.3,0,0,0,11.1,11.1
2023,352,Puka Nacua,LA,WR,1,18,SF,12.76595744680851,6,25,4,41,25.2,10.25,6.83,66.7,1,50,0,1,0,14.1,14.1
2023,353,Darren Waller,NYG,TE,1,15,NO,22.727272727272727,5,13.2,4,40,21.1,10,8,80,0,0,0,0,0,8,8
2023,354,Hunter Henry,NE,TE,1,14,PIT,18.75,3,10.7,3,40,16.7,13.33,13.33,100,2,66.7,1,1,0,19,19
2023,355,Robert Tonyan,CHI,TE,1,17,ATL,57.14285714285714,4,12.5,3,40,14.9,13.33,10,75,0,0,0,1,0,7,7
2023,356,Juwan Johnson,NO,TE,1,18,ATL,10.714285714285714,3,10.7,3,40,15.2,13.33,13.33,100,0,0,0,0,0,7,7
2023,357,Brandin Cooks,DAL,WR,1,18,WAS,24.242424242424242,8,20,6,39,12.6,6.5,4.88,75,1,25,1,3,0,16.2,16.2
2023,358,Nelson Agholor,BLT,WR,1,18,PIT,29.411764705882355,5,17.9,5,39,26.7,7.8,7.8,100,0,0,0,0,0,8.9,8.9
2023,359,Austin Hooper,LV,TE,1,18,DEN,38.46153846153847,5,15.6,4,39,16,9.75,7.8,80,0,0,1,2,0,7.9,7.9
2023,360,Chris Moore,TEN,WR,1,15,HST,26.666666666666668,4,15.4,3,39,19.6,13,9.75,75,0,0,0,0,0,6.9,6.9
2023,361,Johnny Mundt,MIN,TE,1,17,GB,38.88888888888889,7,21.9,4,39,21.7,9.75,5.57,57.1,1,100,1,2,0,13.9,13.9
2023,362,Gerald Everett,LAC,TE,1,14,DEN,20.51282051282051,8,19,5,39,14.2,7.8,4.88,62.5,0,0,1,1,0,8.9,8.9
2023,363,Cooper Kupp,LA,WR,1,13,CLV,18.181818181818183,8,21.6,6,39,14,6.5,4.88,75,1,33.3,1,1,0,15.9,15.9
2023,364,Calvin Ridley,JAX,WR,1,15,BLT,20.33898305084746,12,27.9,5,39,14.8,7.8,3.25,41.7,0,0,0,2,0,8.9,8.9
2023,365,Calvin Ridley,JAX,WR,1,17,CAR,10.16949152542373,6,25,4,39,21.9,9.75,6.5,66.7,0,0,1,1,0,7.9,7.9
2023,366,Jalen Reagor,NE,WR,1,17,BUF,23.076923076923077,3,11.5,1,39,18.7,39,13,33.3,0,0,0,0,0,4.9,4.9
2023,367,Rashod Bateman,BLT,WR,1,15,JAX,31.57894736842105,6,25,3,39,22.8,13,6.5,50,0,0,1,1,0,6.9,6.9
2023,368,Drake London,ATL,WR,1,16,IND,9.75609756097561,4,12.1,3,39,17,13,9.75,75,0,0,1,1,0,6.9,6.9
2023,369,Khalil Shakir,BUF,WR,1,17,NE,26.666666666666668,4,13.3,4,39,23.1,9.75,9.75,100,0,0,1,1,0,8.9,8.9
2023,370,Daniel Bellinger,NYG,TE,1,17,LA,30.76923076923077,4,9.8,4,39,12.2,9.75,9.75,100,0,0,0,1,0,7.9,7.9
2023,371,Josh Downs,IND,WR,1,16,ATL,36,9,24.3,6,39,19.4,6.5,4.33,66.7,0,0,0,0,0,9.9,9.9
2023,372,Michael Mayer,LV,TE,1,15,LAC,66.66666666666666,4,11.1,4,39,15,9.75,9.75,100,1,20,0,2,0,13.9,13.9
2023,373,Adam Thielen,CAR,WR,1,17,JAX,16.216216216216218,6,18.8,6,38,33.9,6.33,6.33,100,0,0,0,0,0,9.8,9.8
2023,374,Noah Brown,HST,WR,1,16,CLV,25.925925925925924,7,14.3,3,38,18,12.67,5.43,42.9,0,0,0,1,0,6.8,6.8
2023,375,Justin Watson,KC,WR,1,16,LV,40,6,13.3,4,38,15.4,9.5,6.33,66.7,1,100,1,1,0,13.8,13.8
2023,376,Tanner Hudson,CIN,TE,1,17,KC,30.434782608695656,7,21.2,3,38,19.3,12.67,5.43,42.9,0,0,0,1,0,6.8,6.8
2023,377,Drew Sample,CIN,TE,1,16,PIT,23.076923076923077,3,7.1,3,38,11.3,12.67,12.67,100,0,0,0,0,0,6.8,6.8
2023,378,Juwan Johnson,NO,TE,1,15,NYG,7.142857142857142,2,6.9,2,38,17.4,19,19,100,1,33.3,0,0,0,11.8,11.8
2023,379,Colby Parkinson,SEA,TE,1,17,PIT,21.428571428571427,3,9.1,2,38,13.1,19,12.67,66.7,0,0,0,0,0,5.8,5.8
2023,380,Elijah Cooks,JAX,WR,1,16,TB,75,3,6.8,3,38,12.5,12.67,12.67,100,0,0,0,0,0,6.8,6.8
2023,381,Brandin Cooks,DAL,WR,1,14,PHI,15.151515151515152,5,12.8,2,37,13.7,18.5,7.4,40,0,0,1,1,0,5.7,5.7
2023,382,Tyler Boyd,CIN,WR,1,13,JAX,28.57142857142857,6,15.4,5,37,10.7,7.4,6.17,83.3,0,0,0,1,0,8.2,8.2
2023,383,Trenton Irwin,CIN,WR,1,16,PIT,44.44444444444444,4,9.5,4,37,11,9.25,9.25,100,0,0,1,2,0,7.7,7.7
2023,384,Deebo Samuel,SF,WR,1,17,WAS,15,6,21.4,5,37,16.1,7.4,6.17,83.3,1,50,1,5,0,18.2,18.2
2023,385,Brandon Aiyuk,SF,WR,1,15,ARZ,13.157894736842104,5,17.9,3,37,14.1,12.33,7.4,60,0,0,0,0,0,6.7,6.7
2023,386,Noah Gray,KC,TE,1,15,NE,16.666666666666664,2,5.3,2,37,12,18.5,18.5,100,0,0,0,0,0,5.7,5.7
2023,387,Kyle Pitts,ATL,TE,1,15,CAR,14.285714285714285,4,20,3,37,24.3,12.33,9.25,75,0,0,0,0,0,6.7,6.7
2023,388,Jeremy Ruckert,NYJ,TE,1,14,HST,42.857142857142854,3,8.3,3,37,12.3,12.33,12.33,100,0,0,0,0,0,6.7,6.7
2023,389,Tucker Kraft,GB,TE,1,13,KC,18.75,6,16.7,3,37,13.9,12.33,6.17,50,0,0,0,2,0,6.7,6.7
2023,390,Logan Thomas,WAS,TE,1,16,NYJ,42.857142857142854,6,17.1,5,36,23.1,7.2,6,83.3,1,100,0,1,0,14.6,14.6
2023,391,Allen Robinson,PIT,WR,1,16,CIN,28.57142857142857,4,14.8,4,36,12.4,9,9,100,0,0,1,1,0,7.6,7.6
2023,392,Tyler Higbee,LA,TE,1,15,WAS,26.31578947368421,5,15.2,4,36,14,9,7.2,80,0,0,0,0,0,7.6,7.6
2023,393,Tyler Conklin,NYJ,TE,1,16,WAS,19.444444444444446,7,14.3,4,36,16.6,9,5.14,57.1,0,0,2,2,0,7.6,7.6
2023,394,Dawson Knox,BUF,TE,1,14,KC,37.5,3,7.1,3,36,15.5,12,12,100,0,0,0,0,0,6.6,6.6
2023,395,Isaiah Hodgins,NYG,WR,1,18,PHI,37.5,3,8.8,3,36,11.6,12,12,100,0,0,0,0,0,6.6,6.6
2023,396,Tee Higgins,CIN,WR,1,13,JAX,12,3,7.7,3,36,10.4,12,12,100,0,0,0,1,0,6.6,6.6
2023,397,Rashid Shaheed,NO,WR,1,15,NYG,20,4,13.8,3,36,16.5,12,9,75,0,0,0,0,0,6.6,6.6
2023,398,Chigoziem Okonkwo,TEN,TE,1,15,HST,11.11111111111111,3,11.5,3,36,18.1,12,12,100,0,0,0,0,0,6.6,6.6
2023,399,Chigoziem Okonkwo,TEN,TE,1,18,JAX,11.11111111111111,3,11.1,2,36,21.4,18,12,66.7,0,0,0,0,0,5.6,5.6
2023,400,Tre Tucker,LV,WR,1,17,IND,31.25,5,10.6,2,36,12,18,7.2,40,0,0,1,1,0,5.6,5.6
2023,401,Andrei Iosivas,CIN,WR,1,16,PIT,47.05882352941176,8,19,4,36,10.7,9,4.5,50,0,0,0,1,0,7.6,7.6
2023,402,Andrei Iosivas,CIN,WR,1,18,CLV,41.17647058823529,7,25,5,36,20.5,7.2,5.14,71.4,2,66.7,2,2,0,20.6,20.6
2023,403,Tyler Higbee,LA,TE,1,13,CLV,21.052631578947366,4,10.8,2,35,12.5,17.5,8.75,50,0,0,0,0,0,5.5,5.5
2023,404,Tyler Conklin,NYJ,TE,1,13,ATL,25,9,23.7,3,35,16.4,11.67,3.89,33.3,0,0,1,1,0,6.5,6.5
2023,405,Tanner Hudson,CIN,TE,1,13,JAX,17.391304347826086,4,10.3,4,35,10.1,8.75,8.75,100,0,0,0,0,0,7.5,7.5
2023,406,Mike Gesicki,NE,TE,1,17,BUF,50,6,23.1,4,35,16.7,8.75,5.83,66.7,0,0,0,0,0,7.5,7.5
2023,407,Noah Fant,SEA,TE,1,14,SF,16.666666666666664,3,9.7,2,35,13,17.5,11.67,66.7,0,0,0,0,0,5.5,5.5
2023,408,Brevin Jordan,HST,TE,1,14,NYJ,23.076923076923077,3,10.7,3,35,36.8,11.67,11.67,100,0,0,0,0,0,6.5,6.5
2023,409,Britain Covey,PHI,WR,1,18,NYG,83.33333333333334,5,13.9,3,35,17.2,11.67,7,60,0,0,0,1,0,6.5,6.5
2023,410,Lucas Krull,DEN,TE,1,14,LAC,8.333333333333332,1,3,1,35,15.6,35,35,100,0,0,0,0,0,4.5,4.5
2023,411,Michael Wilson,ARZ,WR,1,17,PHI,31.57894736842105,6,19.4,4,35,15.1,8.75,5.83,66.7,1,33.3,2,2,0,15.5,15.5
2023,412,A.T. Perry,NO,WR,1,16,LA,8.333333333333332,1,2.5,1,35,11,35,35,100,1,33.3,0,0,0,10.5,10.5
2023,413,Julio Jones,PHI,WR,1,17,ARZ,25,3,12.5,2,34,18.5,17,11.33,66.7,2,66.7,0,1,0,17.4,17.4
2023,414,Amari Cooper,CLV,WR,1,13,LA,11.904761904761903,5,11.4,3,34,13.4,11.33,6.8,60,0,0,0,0,0,6.4,6.4
2023,415,Trenton Irwin,CIN,WR,1,18,CLV,22.22222222222222,2,7.1,2,34,19.3,17,17,100,0,0,0,0,0,5.4,5.4
2023,416,Garrett Wilson,NYJ,WR,1,18,NE,9.090909090909092,5,25,2,34,48.6,17,6.8,40,0,0,0,0,0,5.4,5.4
2023,417,Trey McBride,ARZ,TE,1,18,SEA,15,6,20,3,34,13,11.33,5.67,50,1,100,2,2,0,12.4,12.4
2023,418,Chigoziem Okonkwo,TEN,TE,1,17,HST,14.814814814814813,4,15.4,3,34,18.5,11.33,8.5,75,0,0,1,1,0,6.4,6.4
2023,419,A.T. Perry,NO,WR,1,15,NYG,16.666666666666664,2,6.9,2,34,15.6,17,17,100,0,0,0,0,0,5.4,5.4
2023,420,Odell Beckham,BLT,WR,1,17,MIA,6.25,1,4.5,1,33,9.7,33,33,100,0,0,0,0,0,4.3,4.3
2023,421,Curtis Samuel,WAS,WR,1,17,SF,15.384615384615385,4,14.3,3,33,19.5,11,8.25,75,0,0,0,0,0,6.3,6.3
2023,422,Diontae Johnson,PIT,WR,1,13,ARZ,15.625,5,18.5,4,33,17.6,8.25,6.6,80,1,100,1,1,0,13.3,13.3
2023,423,Josh Oliver,MIN,TE,1,16,DET,25,2,5.6,1,33,8,33,16.5,50,0,0,1,1,0,4.3,4.3
2023,424,Nick Westbrook-Ikhine,TEN,WR,1,15,HST,22.22222222222222,2,7.7,1,33,16.6,33,16.5,50,0,0,0,0,0,4.3,4.3
2023,425,Jalen Reagor,NE,WR,1,16,DEN,15.384615384615385,2,6.1,2,33,12.9,16.5,16.5,100,0,0,0,0,0,5.3,5.3
2023,426,Jalen Reagor,NE,WR,1,18,NYJ,38.46153846153847,5,16.7,1,33,37.5,33,6.6,20,0,0,0,0,0,6,6
2023,427,Jake Ferguson,DAL,TE,1,17,DET,14.634146341463413,6,15.8,4,33,9.6,8.25,5.5,66.7,0,0,0,0,0,7.3,7.3
2023,428,Xavier Gipson,NYJ,WR,1,17,CLV,26.923076923076923,7,15.6,4,33,12.6,8.25,4.71,57.1,0,0,1,2,0,8.1,8.1
2023,429,Demario Douglas,NE,WR,1,15,KC,20.833333333333336,5,16.1,3,33,18.3,11,6.6,60,0,0,0,0,0,6.3,6.3
2023,430,Nelson Agholor,BLT,WR,1,14,LA,29.411764705882355,5,11.6,5,32,10.1,6.4,6.4,100,0,0,0,2,0,8.2,8.2
2023,431,Darren Waller,NYG,TE,1,16,PHI,22.727272727272727,5,15.6,2,32,17,16,6.4,40,0,0,0,0,0,5.2,5.2
2023,432,Chris Moore,TEN,WR,1,17,HST,20,3,11.5,1,32,17.4,32,10.67,33.3,0,0,0,0,0,4.2,4.2
2023,433,Jonnu Smith,ATL,TE,1,16,IND,24,6,18.2,4,32,14,8,5.33,66.7,0,0,0,0,0,7.2,7.2
2023,434,Durham Smythe,MIA,TE,1,15,NYJ,22.22222222222222,4,15.4,4,32,14,8,8,100,0,0,0,0,0,7.2,7.2
2023,435,Jakobi Meyers,LV,WR,1,15,LAC,13.333333333333334,4,11.1,2,32,12.3,16,8,50,1,20,0,2,0,15.7,15.68
2023,436,Tim Jones,JAX,WR,1,16,TB,55.55555555555556,5,11.4,3,32,10.5,10.67,6.4,60,0,0,0,0,0,6.2,6.2
2023,437,Tommy Tremble,CAR,TE,1,15,ATL,14.285714285714285,2,8.3,2,32,19.2,16,16,100,0,0,0,0,0,5.2,5.2
2023,438,Romeo Doubs,GB,WR,1,14,NYG,25.925925925925924,7,17.9,4,32,14.7,8,4.57,57.1,0,0,0,2,0,7.2,7.2
2023,439,Josh Downs,IND,WR,1,14,CIN,12,3,7.7,3,32,13.3,10.67,10.67,100,0,0,0,0,0,6.2,6.2
2023,440,Elijah Higgins,ARZ,TE,1,18,SEA,16.666666666666664,2,6.7,2,32,12.2,16,16,100,0,0,0,0,0,5.2,5.2
2023,441,Jonathan Mingo,CAR,WR,1,15,ATL,17.857142857142858,5,20.8,4,32,19.2,8,6.4,80,0,0,0,0,0,7.2,7.2
2023,442,Alex Erickson,LAC,WR,1,16,BUF,8.333333333333332,2,6.1,2,31,14.6,15.5,15.5,100,0,0,0,0,0,5.1,5.1
2023,443,Gerald Everett,LAC,TE,1,17,DEN,23.076923076923077,9,23.7,4,31,14.1,7.75,3.44,44.4,0,0,0,0,0,7.7,7.7
2023,444,Justin Watson,KC,WR,1,15,NE,20,3,7.9,1,31,10,31,10.33,33.3,0,0,0,0,0,4.1,4.1
2023,445,Josh Oliver,MIN,TE,1,18,DET,25,2,4.5,2,31,7.8,15.5,15.5,100,0,0,0,0,0,5.1,5.1
2023,446,Lynn Bowden,NO,WR,1,15,NYG,41.66666666666667,5,17.2,3,31,14.2,10.33,6.2,60,0,0,0,0,0,6.1,6.1
2023,447,Rondale Moore,ARZ,WR,1,18,SEA,29.411764705882355,5,16.7,4,31,11.8,7.75,6.2,80,0,0,0,2,0,7.6,7.6
2023,448,Jahan Dotson,WAS,WR,1,16,NYJ,28.57142857142857,4,11.4,2,31,19.9,15.5,7.75,50,0,0,0,1,0,5.1,5.1
2023,449,Trey McBride,ARZ,TE,1,16,CHI,20,8,21.1,6,31,13.5,5.17,3.88,75,0,0,0,0,0,9.1,9.1
2023,450,Isaiah Likely,BLT,TE,1,18,PIT,9.090909090909092,2,7.1,2,31,21.2,15.5,15.5,100,1,100,0,0,0,11.1,11.1
2023,451,Demario Douglas,NE,WR,1,17,BUF,20.833333333333336,5,19.2,3,31,14.8,10.33,6.2,60,0,0,0,0,0,7.3,7.3
2023,452,Tucker Kraft,GB,TE,1,18,CHI,9.375,3,9.4,3,31,9.8,10.33,10.33,100,0,0,0,0,0,6.1,6.1
2023,453,Robert Woods,HST,WR,1,15,TEN,27.77777777777778,5,13.9,3,30,13.1,10,6,60,0,0,0,0,0,6,6
2023,454,Chris Moore,TEN,WR,1,18,JAX,26.666666666666668,4,14.8,3,30,17.9,10,7.5,75,0,0,0,0,0,6,6
2023,455,Tyler Higbee,LA,TE,1,16,NO,15.789473684210526,3,8.8,3,30,9.1,10,10,100,0,0,0,0,0,6,6
2023,456,Dallas Goedert,PHI,TE,1,14,DAL,13.333333333333334,4,14.3,4,30,13.3,7.5,7.5,100,0,0,0,1,0,7,7
2023,457,Dallas Goedert,PHI,TE,1,15,SEA,26.666666666666668,8,25.8,4,30,21,7.5,3.75,50,0,0,0,0,0,7.1,7.1
2023,458,Cedrick Wilson,MIA,WR,1,14,TEN,16.666666666666664,3,9.1,2,30,12.5,15,10,66.7,0,0,1,1,0,5,5
2023,459,Durham Smythe,MIA,TE,1,18,BUF,16.666666666666664,3,11.1,3,30,17.3,10,10,100,0,0,0,0,0,6,6
2023,460,DeVonta Smith,PHI,WR,1,17,ARZ,13.88888888888889,5,20.8,3,30,16.3,10,6,60,0,0,0,0,0,6,6
2023,461,Rondale Moore,ARZ,WR,1,16,CHI,17.647058823529413,3,7.9,2,30,13,15,10,66.7,0,0,0,0,0,5.6,5.6
2023,462,Alec Pierce,IND,WR,1,16,ATL,28.000000000000004,7,18.9,3,30,14.9,10,4.29,42.9,0,0,0,0,0,6,6
2023,463,Romeo Doubs,GB,WR,1,15,TB,11.11111111111111,3,7.7,3,30,10.6,10,10,100,0,0,0,0,0,6,6
2023,464,Cade Otton,TB,TE,1,18,CAR,17.647058823529413,3,9.4,2,30,21.9,15,10,66.7,0,0,0,0,0,5,5
2023,465,A.T. Perry,NO,WR,1,13,DET,25,3,10.3,1,30,11.2,30,10,33.3,0,0,0,0,0,4,4
2023,466,Stefon Diggs,BUF,WR,1,16,LAC,20,8,38.1,5,29,12.2,5.8,3.63,62.5,0,0,0,0,0,7.9,7.9
2023,467,Kalif Raymond,DET,WR,1,16,MIN,20,2,5,2,29,11.3,14.5,14.5,100,0,0,0,0,0,5.7,5.7
2023,468,Alex Erickson,LAC,WR,1,18,KC,20.833333333333336,5,10.6,2,29,11.2,14.5,5.8,40,0,0,0,0,0,4.9,4.9
2023,469,Tyler Boyd,CIN,WR,1,17,KC,9.523809523809524,2,6.1,2,29,14.7,14.5,14.5,100,0,0,0,0,0,4.9,4.9
2023,470,George Kittle,SF,TE,1,17,WAS,13.793103448275861,4,14.3,3,29,12.6,9.67,7.25,75,0,0,1,1,0,5.9,5.9
2023,471,Jonnu Smith,ATL,TE,1,18,NO,12,3,8.8,3,29,9.1,9.67,9.67,100,1,50,0,1,0,11.9,11.9
2023,472,Zay Jones,JAX,WR,1,14,CLV,35.8974358974359,14,28,5,29,11.3,5.8,2.07,35.7,0,0,1,1,0,7.9,7.9
2023,473,Pat Freiermuth,PIT,TE,1,13,ARZ,15,3,11.1,3,29,15.5,9.67,9.67,100,0,0,0,1,0,5.9,5.9
2023,474,Ja'Marr Chase,CIN,WR,1,14,IND,12.5,4,16,3,29,10.6,9.67,7.25,75,0,0,0,1,0,5.9,5.9
2023,475,Garrett Wilson,NYJ,WR,1,15,MIA,7.2727272727272725,4,10.8,3,29,21.3,9.67,7.25,75,0,0,0,0,0,5.9,5.9
2023,476,Dontayvion Wicks,GB,WR,1,16,CAR,8,2,7.1,2,29,13.2,14.5,14.5,100,1,50,0,0,0,10.9,10.9
2023,477,Malik Heath,GB,WR,1,15,TB,21.428571428571427,3,7.7,3,29,10.2,9.67,9.67,100,0,0,0,0,0,5.9,5.9
2023,478,Xavier Gipson,NYJ,WR,1,15,MIA,23.076923076923077,6,16.2,2,29,21.3,14.5,4.83,33.3,0,0,0,0,0,4.9,4.9
2023,479,Quentin Johnston,LAC,WR,1,16,BUF,16.666666666666664,5,15.2,2,29,13.7,14.5,5.8,40,0,0,0,0,0,5,5
2023,480,Quentin Johnston,LAC,WR,1,17,DEN,20,6,15.8,3,29,13.2,9.67,4.83,50,0,0,0,0,0,5.9,5.9
2023,481,Sam LaPorta,DET,TE,1,18,MIN,17.073170731707318,7,21.9,5,29,9.1,5.8,4.14,71.4,1,50,1,1,0,13.9,13.9
2023,482,Travis Kelce,KC,TE,1,15,NE,21.21212121212121,7,18.4,5,28,9.1,5.6,4,71.4,0,0,0,3,0,7.8,7.8
2023,483,Austin Hooper,LV,TE,1,17,IND,23.076923076923077,3,6.4,3,28,9.4,9.33,9.33,100,0,0,0,0,0,5.8,5.8
2023,484,Evan Engram,JAX,TE,1,15,BLT,9.836065573770492,6,14,4,28,10.6,7,4.67,66.7,0,0,0,1,0,6.8,6.8
2023,485,Jordan Akins,CLV,TE,1,17,NYJ,8.333333333333332,1,3.4,1,28,9.1,28,28,100,0,0,0,0,0,3.8,3.8
2023,486,Foster Moreau,NO,TE,1,13,DET,15.384615384615385,2,6.9,2,28,10.5,14,14,100,0,0,0,0,0,4.8,4.8
2023,487,Olamide Zaccheaus,PHI,WR,1,14,DAL,20,1,3.6,1,28,12.4,28,28,100,0,0,0,0,0,3.8,3.8
2023,488,Nick Westbrook-Ikhine,TEN,WR,1,13,IND,33.33333333333333,3,9.1,1,28,12.5,28,9.33,33.3,0,0,0,0,0,3.8,3.8
2023,489,Nick Westbrook-Ikhine,TEN,WR,1,14,MIA,44.44444444444444,4,10.5,2,28,8.6,14,7,50,0,0,1,1,0,6.8,6.8
2023,490,Colby Parkinson,SEA,TE,1,14,SF,14.285714285714285,2,6.5,2,28,10.4,14,14,100,1,50,0,0,0,10.8,10.8
2023,491,Quez Watkins,PHI,WR,1,13,SF,25,4,8.3,3,28,8.9,9.33,7,75,0,0,0,1,0,5.8,5.8
2023,492,Kenny Yeboah,NYJ,TE,1,17,CLV,75,3,6.7,2,28,10.7,14,9.33,66.7,0,0,0,0,0,4.8,4.8
2023,493,Luke Farrell,JAX,TE,1,15,BLT,33.33333333333333,1,2.3,1,28,10.6,28,28,100,0,0,0,0,0,3.8,3.8
2023,494,Chris Olave,NO,WR,1,14,CAR,14.285714285714285,5,19.2,4,28,23.5,7,5.6,80,1,50,1,1,0,12.8,12.8
2023,495,Lucas Krull,DEN,TE,1,16,NE,41.66666666666667,5,13.5,4,28,11.8,7,5.6,80,1,50,1,1,0,12.8,12.8
2023,496,Romeo Doubs,GB,WR,1,17,MIN,22.22222222222222,6,17.6,3,28,9.6,9.33,4.67,50,0,0,0,0,0,5.8,5.8
2023,497,Jason Brownlee,NYJ,WR,1,17,CLV,33.33333333333333,2,4.4,2,28,10.7,14,14,100,0,0,0,0,0,4.8,4.8
2023,498,Jordan Addison,MIN,WR,1,17,GB,20.833333333333336,5,15.6,3,28,15.6,9.33,5.6,60,0,0,0,0,0,5.8,5.8
2023,499,Jonnu Smith,ATL,TE,1,14,TB,28.000000000000004,7,17.5,4,27,7.8,6.75,3.86,57.1,0,0,0,0,0,6.7,6.7
2023,500,Cooper Kupp,LA,WR,1,17,NYG,13.636363636363635,6,17.6,4,27,8.5,6.75,4.5,66.7,1,100,1,1,0,12.7,12.7
2023,501,Cedrick Wilson,MIA,WR,1,17,BLT,22.22222222222222,4,10.5,2,27,11.4,13.5,6.75,50,1,50,1,1,0,10.7,10.7
2023,502,Justin Jefferson,MIN,WR,1,14,LV,6.382978723404255,3,8.3,2,27,18.5,13.5,9,66.7,0,0,0,0,0,4.7,4.7
2023,503,Brevin Jordan,HST,TE,1,16,CLV,23.076923076923077,3,6.1,2,27,12.8,13.5,9,66.7,0,0,0,0,0,4.7,4.7
2023,504,Kyle Pitts,ATL,TE,1,18,NO,10.714285714285714,3,8.8,2,27,8.5,13.5,9,66.7,0,0,0,0,0,4.7,4.7
2023,505,Brandon Johnson,DEN,WR,1,17,LAC,35.294117647058826,6,18.8,4,27,12.1,6.75,4.5,66.7,0,0,0,1,0,6.7,6.7
2023,506,Parker Washington,JAX,WR,1,14,CLV,10,2,4,2,27,10.5,13.5,13.5,100,1,33.3,0,1,1,9.7,9.7
2023,507,Jordan Addison,MIN,WR,1,14,LV,12.5,3,8.3,2,27,18.5,13.5,9,66.7,0,0,0,0,0,4.7,4.7
2023,508,Jayden Reed,GB,WR,1,14,NYG,28.57142857142857,10,25.6,8,27,12.4,3.38,2.7,80,0,0,0,2,0,20.5,20.5
2023,509,Stefon Diggs,BUF,WR,1,17,NE,17.5,7,23.3,4,26,15.4,6.5,3.71,57.1,0,0,0,1,0,7.1,7.1
2023,510,Geoff Swaim,ARZ,TE,1,15,SF,33.33333333333333,1,2.6,1,26,12.3,26,26,100,0,0,0,0,0,3.6,3.6
2023,511,Christian Kirk,JAX,WR,1,13,CIN,100,1,2.6,1,26,8.1,26,26,100,0,0,0,0,0,3.6,3.6
2023,512,D.J. Chark,CAR,WR,1,14,NO,14.285714285714285,4,11.1,2,26,19,13,6.5,50,0,0,0,0,0,4.6,4.6
2023,513,Calvin Ridley,JAX,WR,1,13,CIN,13.559322033898304,8,20.5,4,26,8.1,6.5,3.25,50,0,0,1,3,0,7.3,7.3
2023,514,Dawson Knox,BUF,TE,1,16,LAC,25,2,9.5,2,26,11,13,13,100,0,0,0,0,0,4.6,4.6
2023,515,Rondale Moore,ARZ,WR,1,17,PHI,23.52941176470588,4,12.9,3,26,11.2,8.67,6.5,75,0,0,0,0,0,6.4,6.4
2023,516,Chris Olave,NO,WR,1,17,TB,17.142857142857142,6,17.6,3,26,12.5,8.67,4.33,50,0,0,0,1,0,5.6,5.6
2023,517,Adam Thielen,CAR,WR,1,13,TB,16.216216216216218,6,19.4,3,25,14,8.33,4.17,50,0,0,1,1,0,5.5,5.5
2023,518,Pharaoh Brown,NE,TE,1,16,DEN,25,2,6.1,2,25,9.8,12.5,12.5,100,0,0,0,0,0,4.5,4.5
2023,519,Marquez Valdes-Scantling,KC,WR,1,13,GB,35.714285714285715,5,15.2,2,25,11.9,12.5,5,40,0,0,0,0,0,4.5,4.5
2023,520,Jakobi Meyers,LV,WR,1,14,MIN,20,6,18.8,5,25,15.1,5,4.17,83.3,0,0,0,0,0,7.5,7.5
2023,521,Keelan Doss,LAC,WR,1,17,DEN,72.72727272727273,8,21.1,5,25,11.4,5,3.13,62.5,0,0,0,1,0,7.5,7.5
2023,522,Deonte Harty,BUF,WR,1,14,KC,50,1,2.4,1,25,10.7,25,25,100,0,0,0,0,0,3.5,3.5
2023,523,Trenton Irwin,CIN,WR,1,13,JAX,11.11111111111111,1,2.6,1,25,7.2,25,25,100,0,0,0,0,0,3.5,3.5
2023,524,Donovan Peoples-Jones,DET,WR,1,18,MIN,33.33333333333333,2,6.3,2,25,7.8,12.5,12.5,100,0,0,0,0,0,4.5,4.5
2023,525,Jauan Jennings,SF,WR,1,15,ARZ,28.57142857142857,2,7.1,2,25,9.5,12.5,12.5,100,0,0,0,0,0,4.5,4.5
2023,526,Brandon Aiyuk,SF,WR,1,18,LA,10.526315789473683,4,15.4,3,25,13.2,8.33,6.25,75,0,0,0,1,0,5.5,5.5
2023,527,Kadarius Toney,KC,WR,1,14,BUF,50,4,9.3,3,25,9.2,8.33,6.25,75,0,0,0,0,0,7.1,7.1
2023,528,Treylon Burks,TEN,WR,1,16,SEA,27.27272727272727,3,11.1,2,25,15.2,12.5,8.33,66.7,0,0,0,0,0,4.2,4.2
2023,529,Wan'Dale Robinson,NYG,WR,1,15,NO,12.5,4,10.5,4,25,13.2,6.25,6.25,100,0,0,0,0,0,6.5,6.5
2023,530,Jaxon Smith-Njigba,SEA,WR,1,14,SF,19.444444444444446,7,22.6,4,25,9.3,6.25,3.57,57.1,0,0,0,0,0,6.5,6.5
2023,531,Jalin Hyatt,NYG,WR,1,17,LA,33.33333333333333,4,9.8,3,25,7.8,8.33,6.25,75,0,0,0,0,0,5.5,5.5
2023,532,Payne Durham,TB,TE,1,16,JAX,100,1,2.9,1,25,8.8,25,25,100,0,0,0,0,0,3.5,3.5
2023,533,Davis Allen,LA,TE,1,18,SF,40,4,16.7,4,25,15.3,6.25,6.25,100,0,0,0,0,0,6.5,6.5
2023,534,Stefon Diggs,BUF,WR,1,14,KC,30,12,28.6,4,24,10.3,6,2,33.3,0,0,0,0,0,6.4,6.4
2023,535,Jordan Akins,CLV,TE,1,18,CIN,50,6,23.1,3,24,14.5,8,4,50,0,0,0,0,0,5.4,5.4
2023,536,Cedrick Wilson,MIA,WR,1,18,BUF,16.666666666666664,3,11.1,1,24,13.9,24,8,33.3,0,0,0,0,0,3.4,3.4
2023,537,Trent Sherfield,BUF,WR,1,18,MIA,40,4,10.5,3,24,6.7,8,6,75,1,50,1,1,0,11.4,11.4
2023,538,Lynn Bowden,NO,WR,1,14,CAR,33.33333333333333,4,15.4,4,24,20.2,6,6,100,0,0,0,0,0,6.4,6.4
2023,539,Adam Trautman,DEN,TE,1,15,DET,23.076923076923077,3,9.4,1,24,10.8,24,8,33.3,0,0,0,1,0,3.4,3.4
2023,540,Rashod Bateman,BLT,WR,1,14,LA,21.052631578947366,4,9.3,2,24,7.6,12,6,50,0,0,0,0,0,4.4,4.4
2023,541,Drake London,ATL,WR,1,15,CAR,7.317073170731707,3,15,2,24,15.8,12,8,66.7,0,0,0,0,0,4.4,4.4
2023,542,James Mitchell,DET,TE,1,18,MIN,50,1,3.1,1,24,7.5,24,24,100,0,0,0,0,0,3.4,3.4
2023,543,Peyton Hendershot,DAL,TE,1,18,WAS,25,1,2.5,1,24,7.8,24,24,100,0,0,0,0,0,3.4,3.4
2023,544,Tyquan Thornton,NE,WR,1,17,BUF,27.27272727272727,3,11.5,3,24,11.5,8,8,100,0,0,0,0,0,5.4,5.4
2023,545,Alex Erickson,LAC,WR,1,13,NE,4.166666666666666,1,2.7,1,23,10.8,23,23,100,0,0,0,0,0,3.3,3.3
2023,546,Tyler Boyd,CIN,WR,1,14,IND,9.523809523809524,2,8,2,23,8.4,11.5,11.5,100,0,0,1,1,0,4.3,4.3
2023,547,Johnny Mundt,MIN,TE,1,16,DET,16.666666666666664,3,8.3,1,23,5.6,23,7.67,33.3,0,0,1,1,0,3.3,3.3
2023,548,Cole Kmet,CHI,TE,1,15,CLV,37.5,9,22.5,5,23,13.9,4.6,2.56,55.6,1,100,1,1,0,13.3,13.3
2023,549,Kylen Granson,IND,TE,1,18,HST,5.263157894736842,1,4.2,1,23,16.3,23,23,100,0,0,0,0,0,3.3,3.3
2023,550,Stone Smartt,LAC,TE,1,16,BUF,10,1,3,1,23,10.8,23,23,100,0,0,0,0,0,3.3,3.3
2023,551,Stone Smartt,LAC,TE,1,17,DEN,20,2,5.3,2,23,10.5,11.5,11.5,100,0,0,0,0,0,4.3,4.3
2023,552,Jahan Dotson,WAS,WR,1,13,MIA,35.714285714285715,5,21.7,2,23,18.1,11.5,4.6,40,0,0,0,0,0,4.3,4.3
2023,553,Charlie Kolar,BLT,TE,1,18,PIT,57.14285714285714,4,14.3,3,23,15.8,7.67,5.75,75,0,0,0,0,0,5.3,5.3
2023,554,Quentin Johnston,LAC,WR,1,15,LV,10,3,9.4,2,23,8.9,11.5,7.67,66.7,1,33.3,1,1,0,10.3,10.3
2023,555,Julian Hill,MIA,TE,1,13,WAS,50,2,8,2,23,8.1,11.5,11.5,100,0,0,0,0,0,4.3,4.3
2023,556,Cedric Tillman,CLV,WR,1,14,JAX,13.333333333333334,4,8.9,2,23,7.4,11.5,5.75,50,0,0,0,0,0,4.3,4.3
2023,557,Sam LaPorta,DET,TE,1,14,CHI,12.195121951219512,5,14.3,2,23,14.3,11.5,4.6,40,0,0,0,0,0,4.7,4.7
2023,558,Mike Evans,TB,WR,1,18,CAR,16.666666666666664,7,21.9,3,22,16.1,7.33,3.14,42.9,0,0,0,0,0,5.2,5.2
2023,559,Chris Moore,TEN,WR,1,14,MIA,6.666666666666667,1,2.6,1,22,6.7,22,22,100,0,0,0,0,0,3.2,3.2
2023,560,Marquez Valdes-Scantling,KC,WR,1,14,BUF,28.57142857142857,4,9.3,2,22,8.1,11,5.5,50,0,0,0,0,0,4.2,4.2
2023,561,Ray-Ray McCloud,SF,WR,1,18,LA,100,4,15.4,3,22,11.6,7.33,5.5,75,0,0,0,0,0,5.9,5.9
2023,562,Dawson Knox,BUF,TE,1,18,MIA,37.5,3,7.9,2,22,6.1,11,7.33,66.7,1,50,2,2,0,10.2,10.2
2023,563,Isaiah Hodgins,NYG,WR,1,14,GB,25,2,9.5,2,22,13.9,11,11,100,1,100,1,1,0,10.2,10.2
2023,564,Ben Skowronek,LA,WR,1,18,SF,40,2,8.3,2,22,13.5,11,11,100,0,0,0,0,0,4.2,4.2
2023,565,Samori Toure,GB,WR,1,14,NYG,57.14285714285714,4,10.3,2,22,10.1,11,5.5,50,0,0,0,1,0,4.2,4.2
2023,566,Nick Muse,MIN,TE,1,18,DET,100,1,2.3,1,22,5.6,22,22,100,0,0,0,0,0,3.2,3.2
2023,567,Alec Pierce,IND,WR,1,14,CIN,12,3,7.7,2,22,9.2,11,7.33,66.7,0,0,0,0,0,4.2,4.2
2023,568,Jonathan Mingo,CAR,WR,1,14,NO,32.142857142857146,9,25,2,22,16.1,11,2.44,22.2,0,0,0,0,0,4.2,4.2
2023,569,DeAndre Hopkins,TEN,WR,1,15,HST,16.666666666666664,9,34.6,2,21,10.6,10.5,2.33,22.2,0,0,0,0,0,4.1,4.1
2023,570,Allen Robinson,PIT,WR,1,14,NE,21.428571428571427,3,8.3,1,21,11.1,21,7,33.3,0,0,0,0,0,3.1,3.1
2023,571,Tyler Lockett,SEA,WR,1,15,PHI,21.428571428571427,9,27.3,3,21,10.1,7,2.33,33.3,0,0,0,0,0,5.1,5.1
2023,572,Mo Alie-Cox,IND,TE,1,15,PIT,25,3,10.7,2,21,9.8,10.5,7,66.7,1,33.3,0,3,0,10.1,10.1
2023,573,Allen Lazard,NYJ,WR,1,15,MIA,75,6,16.2,3,21,15.4,7,3.5,50,0,0,0,0,0,5.1,5.1
2023,574,Tanner Hudson,CIN,TE,1,14,IND,13.043478260869565,3,12,2,21,7.7,10.5,7,66.7,1,50,0,1,0,10.1,10.1
2023,575,Drew Sample,CIN,TE,1,17,KC,30.76923076923077,4,12.1,3,21,10.7,7,5.25,75,0,0,0,0,0,5.1,5.1
2023,576,Deebo Samuel,SF,WR,1,18,LA,5,2,7.7,2,21,11.1,10.5,10.5,100,0,0,0,0,0,5.2,5.2
2023,577,Gabe Davis,BUF,WR,1,17,NE,23.076923076923077,3,10,2,21,12.4,10.5,7,66.7,0,0,0,0,0,4.1,4.1
2023,578,Adam Trautman,DEN,TE,1,18,LV,7.6923076923076925,1,2.9,1,21,7.7,21,21,100,0,0,0,0,0,3.1,3.1
2023,579,Stephen Sullivan,CAR,TE,1,16,GB,31.25,5,13.9,3,21,6.7,7,4.2,60,0,0,0,0,0,5.1,5.1
2023,580,Pat Freiermuth,PIT,TE,1,18,BLT,10,2,10,2,21,13.8,10.5,10.5,100,0,0,0,0,0,4.1,4.1
2023,581,Amon-Ra St. Brown,DET,WR,1,14,CHI,14.545454545454545,8,22.9,3,21,13,7,2.63,37.5,0,0,0,1,0,5.1,5.1
2023,582,Grant Calcaterra,PHI,TE,1,16,NYG,50,2,5.3,2,21,7,10.5,10.5,100,0,0,0,1,0,4.1,4.1
2023,583,Dalton Kincaid,BUF,TE,1,14,KC,26.923076923076923,7,16.7,5,21,9,4.2,3,71.4,0,0,0,1,0,7.1,7.1
2023,584,Elijah Higgins,ARZ,TE,1,13,PIT,8.333333333333332,1,4.3,1,21,14.5,21,21,100,0,0,0,0,0,3.1,3.1
2023,585,Elijah Higgins,ARZ,TE,1,17,PHI,16.666666666666664,2,6.5,2,21,9.1,10.5,10.5,100,0,0,0,0,0,4.1,4.1
2023,586,DeAndre Hopkins,TEN,WR,1,16,SEA,7.4074074074074066,4,14.8,2,20,12.2,10,5,50,0,0,0,0,0,4,4
2023,587,Logan Thomas,WAS,TE,1,17,SF,28.57142857142857,4,14.3,3,20,11.8,6.67,5,75,0,0,0,0,0,5,5
2023,588,MyCole Pruitt,ATL,TE,1,13,NYJ,20,1,3.7,1,20,16.5,20,20,100,1,100,0,1,0,9,9
2023,589,Olamide Zaccheaus,PHI,WR,1,18,NYG,60,3,8.3,2,20,9.9,10,6.67,66.7,0,0,0,0,0,4,4
2023,590,Mitchell Wilcox,CIN,TE,1,15,MIN,33.33333333333333,2,4.8,2,20,6.2,10,10,100,0,0,0,1,0,4,4
2023,591,Charlie Woerner,SF,TE,1,18,LA,50,1,3.8,1,20,10.6,20,20,100,0,0,0,0,0,3,3
2023,592,Dontayvion Wicks,GB,WR,1,14,NYG,20,5,12.8,2,20,9.2,10,4,40,0,0,0,0,0,4,4
2023,593,Cedric Tillman,CLV,WR,1,13,LA,20,6,13.6,2,20,7.9,10,3.33,33.3,0,0,0,0,0,4,4
2023,594,Allen Robinson,PIT,WR,1,13,ARZ,21.428571428571427,3,11.1,3,19,10.2,6.33,6.33,100,0,0,0,0,0,4.9,4.9
2023,595,Allen Robinson,PIT,WR,1,15,IND,21.428571428571427,3,11.5,3,19,11,6.33,6.33,100,0,0,0,0,0,4.9,4.9
2023,596,Robbie Chosen,MIA,WR,1,16,DAL,50,1,2.7,1,19,6.5,19,19,100,0,0,0,0,0,2.9,2.9
2023,597,Dalton Schultz,HST,TE,1,17,TEN,15.384615384615385,4,12.5,2,19,8.9,9.5,4.75,50,0,0,0,0,0,3.9,3.9
2023,598,Jalen Guyton,LAC,WR,1,15,LV,25,2,6.3,2,19,7.4,9.5,9.5,100,0,0,0,0,0,3.9,3.9
2023,599,Greg Dortch,ARZ,WR,1,13,PIT,14.285714285714285,3,13,1,19,13.1,19,6.33,33.3,0,0,0,0,0,2.9,2.9
2023,600,Tee Higgins,CIN,WR,1,17,KC,8,2,6.1,1,19,9.6,19,9.5,50,0,0,0,0,0,2.9,2.9
2023,601,Van Jefferson,ATL,WR,1,17,CHI,45.45454545454545,5,15.2,3,19,10.6,6.33,3.8,60,0,0,0,0,0,4.9,4.9
2023,602,Adam Trautman,DEN,TE,1,14,LAC,23.076923076923077,3,9.1,2,19,8.5,9.5,6.33,66.7,1,50,2,2,0,9.9,9.9
2023,603,Brevin Jordan,HST,TE,1,17,TEN,15.384615384615385,2,6.3,2,19,8.9,9.5,9.5,100,1,100,0,1,0,9.9,9.9
2023,604,Ja'Marr Chase,CIN,WR,1,18,CLV,18.75,6,21.4,4,19,10.8,4.75,3.17,66.7,0,0,0,0,0,5.9,5.9
2023,605,Elijah Moore,CLV,WR,1,16,HST,12.903225806451612,4,9.1,2,19,5.1,9.5,4.75,50,0,0,0,2,0,3.9,3.9
2023,606,George Pickens,PIT,WR,1,14,NE,18.181818181818183,6,16.7,5,19,10,3.8,3.17,83.3,0,0,0,0,0,6.9,6.9
2023,607,Charlie Kolar,BLT,TE,1,17,MIA,14.285714285714285,1,4.5,1,19,5.6,19,19,100,1,16.7,0,1,0,8.9,8.9
2023,608,Will Mallory,IND,TE,1,17,LV,7.142857142857142,1,4.3,1,19,8.5,19,19,100,0,0,0,0,0,2.9,2.9
2023,609,Parker Washington,JAX,WR,1,16,TB,20,4,9.1,2,19,6.2,9.5,4.75,50,0,0,0,0,0,3.9,3.9
2023,610,Josh Downs,IND,WR,1,15,PIT,12,3,10.7,3,19,8.8,6.33,6.33,100,0,0,0,0,0,4.9,4.9
2023,611,Nelson Agholor,BLT,WR,1,17,MIA,11.76470588235294,2,9.1,2,18,5.3,9,9,100,0,0,0,0,0,3.8,3.8
2023,612,Sterling Shepard,NYG,WR,1,18,PHI,83.33333333333334,5,14.7,3,18,5.8,6,3.6,60,0,0,0,1,0,5.4,5.4
2023,613,Mo Alie-Cox,IND,TE,1,17,LV,25,3,13,2,18,8,9,6,66.7,0,0,0,0,0,3.8,3.8
2023,614,Mo Alie-Cox,IND,TE,1,18,HST,33.33333333333333,4,16.7,2,18,12.8,9,4.5,50,0,0,0,0,0,5.8,5.8
2023,615,River Cracraft,MIA,WR,1,18,BUF,25,1,3.7,1,18,10.4,18,18,100,0,0,0,0,0,2.8,2.8
2023,616,Tyler Conklin,NYJ,TE,1,15,MIA,16.666666666666664,6,16.2,4,18,13.2,4.5,3,66.7,0,0,0,0,0,5.8,5.8
2023,617,Equanimeous St. Brown,CHI,WR,1,18,GB,100,1,6.3,1,18,12.2,18,18,100,0,0,0,0,0,2.8,2.8
2023,618,Jordan Akins,CLV,TE,1,16,HST,16.666666666666664,2,4.5,2,18,4.8,9,9,100,0,0,0,0,0,3.8,3.8
2023,619,Justin Watson,KC,WR,1,14,BUF,6.666666666666667,1,2.3,1,18,6.6,18,18,100,0,0,0,0,0,2.8,2.8
2023,620,D.J. Chark,CAR,WR,1,15,ATL,7.142857142857142,2,8.3,1,18,10.8,18,9,50,0,0,0,0,0,2.8,2.8
2023,621,D.J. Chark,CAR,WR,1,17,JAX,21.428571428571427,6,18.8,1,18,16.1,18,3,16.7,0,0,0,0,0,2.8,2.8
2023,622,D.J. Moore,CHI,WR,1,16,ARZ,14.634146341463413,6,22.2,3,18,10.6,6,3,50,0,0,0,0,0,4.8,4.8
2023,623,KhaDarel Hodge,ATL,WR,1,14,TB,25,2,5,1,18,5.2,18,9,50,0,0,0,0,0,2.8,2.8
2023,624,Irv Smith,CIN,TE,1,15,MIN,100,3,7.1,2,18,5.6,9,6,66.7,0,0,0,0,0,3.8,3.8
2023,625,Isaiah Hodgins,NYG,WR,1,17,LA,25,2,4.9,1,18,5.6,18,9,50,0,0,0,1,0,2.8,2.8
2023,626,Nico Collins,HST,WR,1,16,CLV,16.666666666666664,6,12.2,4,18,8.5,4.5,3,66.7,1,50,1,1,0,13.8,13.8
2023,627,Ihmir Smith-Marsette,CAR,WR,1,16,GB,11.11111111111111,1,2.8,1,18,5.8,18,18,100,0,0,0,0,0,12.1,12.1
2023,628,Pat Freiermuth,PIT,TE,1,14,NE,35,7,19.4,3,18,9.5,6,2.57,42.9,0,0,0,0,0,6.8,6.8
2023,629,Grant Calcaterra,PHI,TE,1,18,NYG,50,2,5.6,2,18,8.9,9,9,100,0,0,0,0,0,3.8,3.8
2023,630,Lucas Krull,DEN,TE,1,15,DET,16.666666666666664,2,6.3,1,18,8.1,18,9,50,0,0,0,0,0,2.8,2.8
2023,631,Derius Davis,LAC,WR,1,18,KC,25,1,2.1,1,18,7,18,18,100,0,0,0,0,0,4.5,4.5
2023,632,Xavier Hutchinson,HST,WR,1,16,CLV,13.333333333333334,2,4.1,1,18,8.5,18,9,50,0,0,0,0,0,2.8,2.8
2023,633,Sam LaPorta,DET,TE,1,16,MIN,7.317073170731707,3,7.5,3,18,7,6,6,100,0,0,0,0,0,4.8,4.8
2023,634,MyCole Pruitt,ATL,TE,1,18,NO,20,1,2.9,1,17,5.3,17,17,100,0,0,0,0,0,2.7,2.7
2023,635,Ty Montgomery,NE,WR,1,14,PIT,100,2,7.1,1,17,7.1,17,8.5,50,0,0,0,0,0,2.7,2.7
2023,636,David Njoku,CLV,TE,1,13,LA,13.333333333333334,6,13.6,2,17,6.7,8.5,2.83,33.3,0,0,1,1,0,3.7,3.7
2023,637,Marquez Valdes-Scantling,KC,WR,1,15,NE,7.142857142857142,1,2.6,1,17,5.5,17,17,100,0,0,0,0,0,2.7,2.7
2023,638,Richie James,KC,WR,1,15,NE,9.090909090909092,1,2.6,1,17,5.5,17,17,100,0,0,0,0,0,2.7,2.7
2023,639,Josh Oliver,MIN,TE,1,17,GB,12.5,1,3.1,1,17,9.4,17,17,100,0,0,0,0,0,2.7,2.7
2023,640,Donovan Peoples-Jones,DET,WR,1,14,CHI,16.666666666666664,1,2.9,1,17,10.6,17,17,100,0,0,0,0,0,2.7,2.7
2023,641,Colby Parkinson,SEA,TE,1,16,TEN,28.57142857142857,4,11.1,3,17,7.5,5.67,4.25,75,1,50,2,3,0,10.7,10.7
2023,642,Noah Gray,KC,TE,1,17,CIN,33.33333333333333,4,13.8,3,17,6.9,5.67,4.25,75,0,0,0,1,0,4.7,4.7
2023,643,Kylen Granson,IND,TE,1,14,CIN,21.052631578947366,4,10.3,2,17,7.1,8.5,4.25,50,0,0,0,0,0,3.7,3.7
2023,644,Elijah Moore,CLV,WR,1,15,CHI,9.67741935483871,3,6.7,2,17,4.5,8.5,5.67,66.7,0,0,0,0,0,3.7,3.7
2023,645,Justyn Ross,KC,WR,1,18,LAC,80,4,13.3,2,17,11,8.5,4.25,50,0,0,0,0,0,3.7,3.7
2023,646,Jalen Tolbert,DAL,WR,1,13,SEA,14.285714285714285,1,2.4,1,17,5.7,17,17,100,0,0,0,0,0,2.7,2.7
2023,647,Jahan Dotson,WAS,WR,1,18,DAL,21.428571428571427,3,10.7,2,17,10.8,8.5,5.67,66.7,0,0,0,1,0,3.7,3.7
2023,648,Charlie Kolar,BLT,TE,1,16,SF,14.285714285714285,1,2.9,1,17,6.7,17,17,100,0,0,0,0,0,2.7,2.7
2023,649,Tyquan Thornton,NE,WR,1,14,PIT,45.45454545454545,5,17.9,3,17,7.1,5.67,3.4,60,0,0,0,0,0,4.7,4.7
2023,650,Quentin Johnston,LAC,WR,1,18,KC,16.666666666666664,5,10.6,2,17,6.6,8.5,3.4,40,0,0,0,0,0,4.3,4.3
2023,651,Elijah Higgins,ARZ,TE,1,16,CHI,25,3,7.9,2,17,7.4,8.5,5.67,66.7,0,0,0,0,0,3.7,3.7
2023,652,Jimmy Graham,NO,TE,1,14,CAR,40,2,7.7,2,16,13.4,8,8,100,1,50,1,2,0,9.6,9.6
2023,653,Travis Kelce,KC,TE,1,17,CIN,12.121212121212121,4,13.8,3,16,6.5,5.33,4,75,0,0,0,0,0,4.6,4.6
2023,654,Laquon Treadwell,BLT,WR,1,18,PIT,100,3,10.7,1,16,11,16,5.33,33.3,0,0,0,0,0,2.6,2.6
2023,655,Curtis Samuel,WAS,WR,1,16,NYJ,15.384615384615385,4,11.4,1,16,10.3,16,4,25,0,0,0,0,0,3,3
2023,656,Josh Reynolds,DET,WR,1,16,MIN,13.636363636363635,3,7.5,1,16,6.2,16,5.33,33.3,0,0,0,0,0,2.6,2.6
2023,657,River Cracraft,MIA,WR,1,13,WAS,50,2,8,2,16,5.7,8,8,100,0,0,1,1,0,3.6,3.6
2023,658,Tyler Conklin,NYJ,TE,1,18,NE,8.333333333333332,3,15,2,16,22.9,8,5.33,66.7,0,0,2,2,0,3.6,3.6
2023,659,Durham Smythe,MIA,TE,1,14,TEN,16.666666666666664,3,9.1,2,16,6.7,8,5.33,66.7,0,0,0,0,0,3.6,3.6
2023,660,Lil'Jordan Humphrey,DEN,WR,1,15,DET,36.36363636363637,4,12.5,3,16,7.2,5.33,4,75,1,100,1,2,0,10.6,10.6
2023,661,Noah Fant,SEA,TE,1,15,PHI,27.77777777777778,5,15.2,3,16,7.7,5.33,3.2,60,0,0,0,0,0,4.6,4.6
2023,662,Jerry Jeudy,DEN,WR,1,14,LAC,18.181818181818183,6,18.2,2,16,7.1,8,2.67,33.3,0,0,1,1,0,3.6,3.6
2023,663,Stephen Sullivan,CAR,TE,1,13,TB,12.5,2,6.5,1,16,9,16,8,50,0,0,0,0,0,2.6,2.6
2023,664,Pat Freiermuth,PIT,TE,1,15,IND,20,4,15.4,3,16,9.3,5.33,4,75,0,0,0,0,0,4.6,4.6
2023,665,Jeremy Ruckert,NYJ,TE,1,15,MIA,28.57142857142857,2,5.4,2,16,11.8,8,8,100,0,0,0,0,0,3.6,3.6
2023,666,Wan'Dale Robinson,NYG,WR,1,16,PHI,21.875,7,21.9,3,16,8.5,5.33,2.29,42.9,0,0,0,0,0,4.6,4.6
2023,667,Cade Otton,TB,TE,1,14,ATL,29.411764705882355,5,17.2,2,16,11.1,8,3.2,40,1,50,0,1,0,9.6,9.6
2023,668,Josh Whyle,TEN,TE,1,13,IND,100,2,6.1,1,16,7.1,16,8,50,0,0,1,1,0,2.6,2.6
2023,669,Marvin Mims,DEN,WR,1,18,LV,8.333333333333332,1,2.9,1,16,5.9,16,16,100,0,0,0,0,0,2.7,2.7
2023,670,Jayden Reed,GB,WR,1,13,KC,14.285714285714285,5,13.9,4,16,6,4,3.2,80,0,0,0,1,0,5.6,5.6
2023,671,Randall Cobb,NYJ,WR,1,14,HST,20,1,2.8,1,15,5,15,15,100,1,50,0,1,0,8.5,8.5
2023,672,DeVante Parker,NE,WR,1,17,BUF,8,2,7.7,1,15,7.2,15,7.5,50,0,0,0,0,0,2.5,2.5
2023,673,MyCole Pruitt,ATL,TE,1,14,TB,40,2,5,2,15,4.3,7.5,7.5,100,0,0,0,0,0,3.5,3.5
2023,674,Kalif Raymond,DET,WR,1,14,CHI,40,4,11.4,3,15,9.3,5,3.75,75,0,0,0,1,0,4.5,4.5
2023,675,Hunter Henry,NE,TE,1,13,LAC,25,4,16,2,15,10.6,7.5,3.75,50,0,0,0,0,0,3.5,3.5
2023,676,Curtis Samuel,WAS,WR,1,18,DAL,15.384615384615385,4,14.3,2,15,9.6,7.5,3.75,50,0,0,0,1,0,5,5
2023,677,Richie James,KC,WR,1,18,LAC,18.181818181818183,2,6.7,2,15,9.7,7.5,7.5,100,0,0,0,0,0,3.5,3.5
2023,678,Mike Gesicki,NE,TE,1,16,DEN,16.666666666666664,2,6.1,2,15,5.9,7.5,7.5,100,1,50,0,1,0,9.5,9.5
2023,679,Diontae Johnson,PIT,WR,1,16,CIN,15.625,5,18.5,2,15,5.2,7.5,3,40,0,0,0,1,0,3.5,3.5
2023,680,Scott Miller,ATL,WR,1,16,IND,16.666666666666664,1,3,1,15,6.6,15,15,100,0,0,0,0,0,2.5,2.5
2023,681,Greg Dortch,ARZ,WR,1,15,SF,14.285714285714285,3,7.7,2,15,7.1,7.5,5,66.7,0,0,0,0,0,4,4
2023,682,K.J. Osborn,MIN,WR,1,14,LV,35,7,19.4,4,15,10.3,3.75,2.14,57.1,0,0,0,0,0,5.5,5.5
2023,683,Kyle Philips,TEN,WR,1,18,JAX,100,3,11.1,2,15,8.9,7.5,5,66.7,0,0,0,0,0,3.5,3.5
2023,684,Connor Heyward,PIT,TE,1,14,NE,33.33333333333333,2,5.6,2,15,7.9,7.5,7.5,100,0,0,0,0,0,3.5,3.5
2023,685,Stone Smartt,LAC,TE,1,15,LV,30,3,9.4,3,15,5.8,5,5,100,0,0,0,0,0,4.5,4.5
2023,686,Charlie Kolar,BLT,TE,1,15,JAX,14.285714285714285,1,4.2,1,15,8.8,15,15,100,0,0,0,1,0,2.5,2.5
2023,687,Daniel Bellinger,NYG,TE,1,14,GB,15.384615384615385,2,9.5,2,15,9.5,7.5,7.5,100,0,0,0,0,0,3.5,3.5
2023,688,Malik Heath,GB,WR,1,13,KC,14.285714285714285,2,5.6,1,15,5.6,15,7.5,50,0,0,0,0,0,2.5,2.5
2023,689,Xavier Hutchinson,HST,WR,1,14,NYJ,20,3,10.7,2,15,15.8,7.5,5,66.7,0,0,0,0,0,3.5,3.5
2023,690,Tyler Scott,CHI,WR,1,17,ATL,41.66666666666667,5,15.6,2,15,5.6,7.5,3,40,0,0,2,2,0,3.5,3.5
2023,691,Robert Woods,HST,WR,1,16,CLV,33.33333333333333,6,12.2,2,14,6.6,7,2.33,33.3,0,0,0,1,0,4.1,4.1
2023,692,Odell Beckham,BLT,WR,1,15,JAX,18.75,3,12.5,1,14,8.2,14,4.67,33.3,0,0,0,1,0,2.4,2.4
2023,693,Brandin Cooks,DAL,WR,1,16,MIA,6.0606060606060606,2,6.3,2,14,5.5,7,7,100,1,50,1,1,0,10.3,10.3
2023,694,MyCole Pruitt,ATL,TE,1,17,CHI,20,1,3,1,14,7.8,14,14,100,0,0,0,0,0,2.4,2.4
2023,695,Robert Tonyan,CHI,TE,1,16,ARZ,14.285714285714285,1,3.7,1,14,8.2,14,14,100,0,0,0,0,0,2.4,2.4
2023,696,Josh Oliver,MIN,TE,1,15,CIN,25,2,5.9,2,14,4.6,7,7,100,0,0,0,0,0,3.4,3.4
2023,697,Greg Dortch,ARZ,WR,1,18,SEA,14.285714285714285,3,10,2,14,5.3,7,4.67,66.7,0,0,0,0,0,3.4,3.4
2023,698,Darius Slayton,NYG,WR,1,14,GB,7.6923076923076925,2,9.5,2,14,8.9,7,7,100,0,0,0,0,0,3.4,3.4
2023,699,Harrison Bryant,CLV,TE,1,17,NYJ,30,3,10.3,2,14,4.5,7,4.67,66.7,0,0,0,1,0,3.4,3.4
2023,700,Darnell Mooney,CHI,WR,1,15,CLV,44.44444444444444,8,20,2,14,8.4,7,1.75,25,0,0,1,1,0,3.4,3.4
2023,701,Stephen Sullivan,CAR,TE,1,15,ATL,6.25,1,4.2,1,14,8.4,14,14,100,0,0,0,0,0,2.4,2.4
2023,702,Rashod Bateman,BLT,WR,1,16,SF,15.789473684210526,3,8.6,1,14,5.6,14,4.67,33.3,0,0,0,0,0,2.4,2.4
2023,703,Brevin Jordan,HST,TE,1,15,TEN,7.6923076923076925,1,2.8,1,14,6.1,14,14,100,0,0,0,0,0,2.4,2.4
2023,704,John Bates,WAS,TE,1,16,NYJ,55.55555555555556,5,14.3,3,14,9,4.67,2.8,60,0,0,2,2,0,4.4,4.4
2023,705,Stone Smartt,LAC,TE,1,18,KC,30,3,6.4,2,14,5.4,7,4.67,66.7,0,0,0,0,0,3.4,3.4
2023,706,Lucas Krull,DEN,TE,1,17,LAC,16.666666666666664,2,6.3,2,14,6.3,7,7,100,0,0,0,0,0,3.4,3.4
2023,707,Rashid Shaheed,NO,WR,1,17,TB,15,3,8.8,2,14,6.7,7,4.67,66.7,0,0,0,0,0,3.4,3.4
2023,708,Jaxon Smith-Njigba,SEA,WR,1,18,ARZ,13.88888888888889,5,17.9,3,14,7.4,4.67,2.8,60,0,0,0,0,0,4.4,4.4
2023,709,Josh Downs,IND,WR,1,13,TEN,20,5,11.9,3,14,4.5,4.67,2.8,60,0,0,0,0,0,4.4,4.4
2023,710,Michael Mayer,LV,TE,1,14,MIN,33.33333333333333,2,6.3,1,14,8.4,14,7,50,0,0,0,0,0,2.4,2.4
2023,711,Davis Allen,LA,TE,1,15,WAS,10,1,3,1,14,5.4,14,14,100,0,0,0,0,0,2.4,2.4
2023,712,Julio Jones,PHI,WR,1,18,NYG,33.33333333333333,4,11.1,2,13,6.4,6.5,3.25,50,0,0,0,0,0,3.3,3.3
2023,713,Odell Beckham,BLT,WR,1,16,SF,18.75,3,8.6,2,13,5.2,6.5,4.33,66.7,0,0,1,2,0,3.3,3.3
2023,714,Austin Hooper,LV,TE,1,16,KC,23.076923076923077,3,14.3,2,13,21,6.5,4.33,66.7,0,0,0,1,0,3.3,3.3
2023,715,Alex Erickson,LAC,WR,1,15,LV,8.333333333333332,2,6.3,1,13,5.1,13,6.5,50,1,33.3,0,1,0,8.3,8.3
2023,716,Josh Reynolds,DET,WR,1,17,DAL,9.090909090909092,2,5.7,1,13,4.3,13,6.5,50,0,0,0,0,0,2.3,2.3
2023,717,Braxton Berrios,MIA,WR,1,14,TEN,28.57142857142857,2,6.1,2,13,5.4,6.5,6.5,100,0,0,0,0,0,3.3,3.3
2023,718,Foster Moreau,NO,TE,1,15,NYG,38.46153846153847,5,17.2,3,13,6,4.33,2.6,60,0,0,1,1,0,4.3,4.3
2023,719,Foster Moreau,NO,TE,1,16,LA,15.384615384615385,2,5,1,13,4.1,13,6.5,50,0,0,0,0,0,2.3,2.3
2023,720,Foster Moreau,NO,TE,1,17,TB,7.6923076923076925,1,2.9,1,13,6.3,13,13,100,0,0,0,0,0,2.3,2.3
2023,721,Van Jefferson,ATL,WR,1,16,IND,18.181818181818183,2,6.1,1,13,5.7,13,6.5,50,0,0,0,0,0,2.3,2.3
2023,722,Van Jefferson,ATL,WR,1,18,NO,27.27272727272727,3,8.8,2,13,4.1,6.5,4.33,66.7,0,0,0,1,0,3.3,3.3
2023,723,Nico Collins,HST,WR,1,14,NYJ,2.7777777777777777,1,3.6,1,13,13.7,13,13,100,0,0,0,0,0,2.3,2.3
2023,724,Kylen Granson,IND,TE,1,17,LV,15.789473684210526,3,13,1,13,5.8,13,4.33,33.3,0,0,0,0,0,2.3,2.3
2023,725,Jalen Nailor,MIN,WR,1,14,LV,100,5,13.9,2,13,8.9,6.5,2.6,40,0,0,0,0,0,3.3,3.3
2023,726,Alec Pierce,IND,WR,1,15,PIT,20,5,17.9,1,13,6,13,2.6,20,0,0,0,2,0,2.3,2.3
2023,727,Daniel Bellinger,NYG,TE,1,15,NO,15.384615384615385,2,5.3,2,13,6.8,6.5,6.5,100,0,0,0,0,0,3.3,3.3
2023,728,Malik Heath,GB,WR,1,17,MIN,14.285714285714285,2,5.9,1,13,4.4,13,6.5,50,0,0,0,1,0,2.3,2.3
2023,729,Demario Douglas,NE,WR,1,18,NYJ,25,6,20,2,13,14.8,6.5,2.17,33.3,0,0,0,0,0,3.3,3.3
2023,730,Jalin Hyatt,NYG,WR,1,14,GB,25,3,14.3,2,13,8.2,6.5,4.33,66.7,0,0,0,0,0,3.3,3.3
2023,731,Cedric Tillman,CLV,WR,1,16,HST,6.666666666666667,2,4.5,2,13,3.5,6.5,6.5,100,0,0,0,0,0,3.3,3.3
2023,732,Adam Thielen,CAR,WR,1,18,TB,8.108108108108109,3,16.7,2,12,12.8,6,4,66.7,0,0,0,0,0,3.2,3.2
2023,733,Chris Moore,TEN,WR,1,13,IND,6.666666666666667,1,3,1,12,5.4,12,12,100,0,0,0,0,0,2.2,2.2
2023,734,Kalif Raymond,DET,WR,1,15,DEN,10,1,2.9,1,12,4.3,12,12,100,0,0,0,0,0,2.2,2.2
2023,735,Jamal Agnew,JAX,WR,1,16,TB,50,4,9.1,1,12,3.9,12,3,25,0,0,0,0,0,2.2,2.2
2023,736,Josh Reynolds,DET,WR,1,13,NO,13.636363636363635,3,12,1,12,5.6,12,4,33.3,0,0,0,1,0,2.2,2.2
2023,737,Richie James,KC,WR,1,13,GB,18.181818181818183,2,6.1,1,12,5.7,12,6,50,0,0,0,0,0,2.2,2.2
2023,738,Braxton Berrios,MIA,WR,1,15,NYJ,14.285714285714285,1,3.8,1,12,5.3,12,12,100,0,0,0,0,0,2.2,2.2
2023,739,Deonte Harty,BUF,WR,1,18,MIA,50,1,2.6,1,12,3.3,12,12,100,0,0,0,0,0,2.2,2.2
2023,740,Donald Parham,LAC,TE,1,13,NE,33.33333333333333,4,10.8,2,12,5.7,6,3,50,0,0,0,0,0,3.2,3.2
2023,741,Lil'Jordan Humphrey,DEN,WR,1,13,HST,9.090909090909092,1,3.8,1,12,6.5,12,12,100,0,0,0,0,0,2.2,2.2
2023,742,Lil'Jordan Humphrey,DEN,WR,1,14,LAC,9.090909090909092,1,3,1,12,5.4,12,12,100,0,0,0,0,0,2.2,2.2
2023,743,Jalen Guyton,LAC,WR,1,16,BUF,25,2,6.1,1,12,5.7,12,6,50,0,0,0,0,0,2.2,2.2
2023,744,Mitchell Wilcox,CIN,TE,1,13,JAX,16.666666666666664,1,2.6,1,12,3.5,12,12,100,0,0,0,0,0,2.2,2.2
2023,745,Ihmir Smith-Marsette,CAR,WR,1,17,JAX,33.33333333333333,3,9.4,3,12,10.7,4,4,100,0,0,0,0,0,4.2,4.2
2023,746,Ben Skowronek,LA,WR,1,13,CLV,60,3,8.1,2,12,4.3,6,4,66.7,0,0,0,1,0,3.2,3.2
2023,747,David Bell,CLV,WR,1,13,LA,15.384615384615385,2,4.5,2,12,4.7,6,6,100,0,0,0,0,0,3.2,3.2
2023,748,Khalil Shakir,BUF,WR,1,14,KC,6.666666666666667,1,2.4,1,12,5.2,12,12,100,0,0,0,0,0,2.2,2.2
2023,749,John FitzPatrick,ATL,TE,1,18,NO,100,1,2.9,1,12,3.8,12,12,100,0,0,0,0,0,2.2,2.2
2023,750,Jahan Dotson,WAS,WR,1,15,LA,7.142857142857142,1,2.8,1,12,5.3,12,12,100,0,0,0,0,0,2.2,2.2
2023,751,Jeremy Ruckert,NYJ,TE,1,13,ATL,28.57142857142857,2,5.3,1,12,5.6,12,6,50,0,0,0,0,0,2.2,2.2
2023,752,Jaxon Smith-Njigba,SEA,WR,1,17,PIT,5.555555555555555,2,6.1,1,12,4.1,12,6,50,1,100,0,1,0,8.2,8.2
2023,753,Luke Schoonmaker,DAL,TE,1,13,SEA,50,1,2.4,1,12,4,12,12,100,0,0,0,0,0,2.2,2.2
2023,754,Darnell Washington,PIT,TE,1,14,NE,66.66666666666666,2,5.6,1,12,6.3,12,6,50,0,0,1,2,0,2.2,2.2
2023,755,Parker Washington,JAX,WR,1,15,BLT,30,6,14,4,12,4.5,3,2,66.7,0,0,1,1,0,5.2,5.2
2023,756,Ronnie Bell,SF,WR,1,16,BLT,12.5,1,2.2,1,12,3.6,12,12,100,1,100,0,1,0,8.2,8.2
2023,757,Tyler Scott,CHI,WR,1,18,GB,16.666666666666664,2,12.5,1,12,8.1,12,6,50,0,0,0,0,0,2.2,2.2
2023,758,Trey Palmer,TB,WR,1,13,CAR,20,5,17.2,2,12,5.9,6,2.4,40,0,0,0,0,0,4.5,4.5
2023,759,Kalif Raymond,DET,WR,1,17,DAL,10,1,2.9,1,11,3.6,11,11,100,0,0,0,0,0,2.1,2.1
2023,760,David Moore,TB,WR,1,14,ATL,16.666666666666664,1,3.4,1,11,7.6,11,11,100,0,0,0,0,0,2.1,2.1
2023,761,JuJu Smith-Schuster,NE,WR,1,13,LAC,33.33333333333333,3,12,1,11,7.8,11,3.67,33.3,0,0,0,0,0,2.1,2.1
2023,762,Tanner Hudson,CIN,TE,1,18,CLV,8.695652173913043,2,7.1,2,11,6.3,5.5,5.5,100,0,0,0,0,0,3.1,3.1
2023,763,Donald Parham,LAC,TE,1,14,DEN,16.666666666666664,2,4.8,1,11,4,11,5.5,50,0,0,0,0,0,2.1,2.1
2023,764,Drew Sample,CIN,TE,1,13,JAX,7.6923076923076925,1,2.6,1,11,3.2,11,11,100,0,0,0,1,0,2.1,2.1
2023,765,Donovan Peoples-Jones,DET,WR,1,16,MIN,16.666666666666664,1,2.5,1,11,4.3,11,11,100,0,0,0,0,0,2.1,2.1
2023,766,Collin Johnson,CHI,WR,1,17,ATL,100,1,3.1,1,11,4.1,11,11,100,0,0,0,0,0,2.1,2.1
2023,767,Jalen Reagor,NE,WR,1,13,LAC,7.6923076923076925,1,4,1,11,7.8,11,11,100,0,0,0,0,0,2.1,2.1
2023,768,Tylan Wallace,BLT,WR,1,18,PIT,100,2,7.1,1,11,7.5,11,5.5,50,0,0,0,0,0,2.1,2.1
2023,769,Jack Stoll,PHI,TE,1,18,NYG,100,1,2.8,1,11,5.4,11,11,100,0,0,0,0,0,2.1,2.1
2023,770,Tommy Tremble,CAR,TE,1,18,TB,14.285714285714285,2,11.1,2,11,11.7,5.5,5.5,100,0,0,0,0,0,3.1,3.1
2023,771,Jameson Williams,DET,WR,1,13,NO,5.555555555555555,1,4,1,11,5.2,11,11,100,0,0,0,0,0,10,10
2023,772,Treylon Burks,TEN,WR,1,17,HST,27.27272727272727,3,11.5,2,11,6,5.5,3.67,66.7,0,0,0,0,0,3.1,3.1
2023,773,Velus Jones,CHI,WR,1,14,DET,50,1,3,1,11,4.9,11,11,100,0,0,0,0,0,2.1,2.1
2023,774,Tyquan Thornton,NE,WR,1,16,DEN,9.090909090909092,1,3,1,11,4.3,11,11,100,0,0,0,0,0,3,3
2023,775,Parker Washington,JAX,WR,1,18,TEN,5,1,2.3,1,11,3.9,11,11,100,0,0,0,0,0,2.1,2.1
2023,776,Tyler Scott,CHI,WR,1,14,DET,8.333333333333332,1,3,1,11,4.9,11,11,100,0,0,0,1,0,2.1,2.1
2023,777,Marvin Mims,DEN,WR,1,14,LAC,25,3,9.1,2,11,4.9,5.5,3.67,66.7,0,0,0,0,0,3.1,3.1
2023,778,Luke Musgrave,GB,TE,1,18,CHI,100,1,3.1,1,11,3.5,11,11,100,0,0,0,0,0,2.1,2.1
2023,779,Brandin Cooks,DAL,WR,1,15,BUF,18.181818181818183,6,17.6,2,10,7.5,5,1.67,33.3,0,0,0,0,0,3,3
2023,780,Nelson Agholor,BLT,WR,1,16,SF,23.52941176470588,4,11.4,3,10,4,3.33,2.5,75,1,50,1,2,0,10,10
2023,781,Geoff Swaim,ARZ,TE,1,13,PIT,66.66666666666666,2,8.7,2,10,6.9,5,5,100,0,0,0,0,0,3,3
2023,782,Tyler Lockett,SEA,WR,1,17,PIT,11.904761904761903,5,15.2,1,10,3.4,10,2,20,0,0,1,1,0,2,2
2023,783,Jonnu Smith,ATL,TE,1,13,NYJ,12,3,11.1,2,10,8.3,5,3.33,66.7,0,0,1,1,0,3,3
2023,784,Braxton Berrios,MIA,WR,1,17,BLT,28.57142857142857,2,5.3,2,10,4.2,5,5,100,0,0,0,0,0,3,3
2023,785,KhaDarel Hodge,ATL,WR,1,15,CAR,12.5,1,5,1,10,6.6,10,10,100,0,0,0,0,0,2,2
2023,786,DK Metcalf,SEA,WR,1,18,ARZ,13.513513513513514,5,17.9,1,10,5.3,10,2,20,0,0,0,1,0,2,2
2023,787,Juwan Johnson,NO,TE,1,14,CAR,7.142857142857142,2,7.7,2,10,8.4,5,5,100,0,0,0,0,0,3,3
2023,788,Kavontae Turpin,DAL,WR,1,13,SEA,60,3,7.3,1,10,3.3,10,3.33,33.3,0,0,0,1,0,2,2
2023,789,Calvin Austin,PIT,WR,1,13,ARZ,33.33333333333333,1,3.7,1,10,5.3,10,10,100,0,0,0,0,0,2,2
2023,790,Cade Otton,TB,TE,1,17,NO,35.294117647058826,6,18.2,2,10,3.2,5,1.67,33.3,0,0,0,0,0,3,3
2023,791,Charlie Jones,CIN,WR,1,15,MIN,42.857142857142854,3,7.1,2,10,3.1,5,3.33,66.7,0,0,0,0,0,3,3
2023,792,Trey Palmer,TB,WR,1,18,CAR,24,6,18.8,2,10,7.3,5,1.67,33.3,0,0,0,1,0,3,3
2023,793,Jimmy Graham,NO,TE,1,15,NYG,40,2,6.9,2,9,4.1,4.5,4.5,100,1,33.3,1,1,0,8.9,8.9
2023,794,Logan Thomas,WAS,TE,1,18,DAL,14.285714285714285,2,7.1,1,9,5.7,9,4.5,50,0,0,0,0,0,1.9,1.9
2023,795,Chris Moore,TEN,WR,1,16,SEA,13.333333333333334,2,7.4,1,9,5.5,9,4.5,50,0,0,0,0,0,1.9,1.9
2023,796,Alex Erickson,LAC,WR,1,14,DEN,25,6,14.3,1,9,3.3,9,1.5,16.7,0,0,0,1,0,1.9,1.9
2023,797,Will Dissly,SEA,TE,1,15,PHI,25,2,6.1,2,9,4.3,4.5,4.5,100,0,0,0,0,0,2.9,2.9
2023,798,Keith Kirkwood,NO,WR,1,16,LA,50,1,2.5,1,9,2.8,9,9,100,0,0,0,0,0,1.9,1.9
2023,799,Braxton Berrios,MIA,WR,1,18,BUF,28.57142857142857,2,7.4,2,9,5.2,4.5,4.5,100,0,0,0,0,0,2.9,2.9
2023,800,Trent Sherfield,BUF,WR,1,14,KC,20,2,4.8,1,9,3.9,9,4.5,50,0,0,0,0,0,1.9,1.9
2023,801,Michael Gallup,DAL,WR,1,15,BUF,10,1,2.9,1,9,6.7,9,9,100,0,0,0,0,0,1.9,1.9
2023,802,A.J. Brown,PHI,WR,1,18,NYG,1.9607843137254901,1,2.8,1,9,4.4,9,9,100,0,0,0,0,1,0.9,0.9
2023,803,Lawrence Cager,NYG,TE,1,15,NO,100,1,2.6,1,9,4.7,9,9,100,0,0,0,0,0,1.9,1.9
2023,804,K.J. Osborn,MIN,WR,1,18,DET,20,4,9.1,2,9,2.3,4.5,2.25,50,0,0,0,0,0,2.9,2.9
2023,805,Adam Trautman,DEN,TE,1,17,LAC,15.384615384615385,2,6.3,1,9,4,9,4.5,50,0,0,0,1,0,1.9,1.9
2023,806,Tutu Atwell,LA,WR,1,13,CLV,28.57142857142857,2,5.4,1,9,3.2,9,4.5,50,0,0,0,0,0,1.9,1.9
2023,807,Luke Farrell,JAX,TE,1,13,CIN,33.33333333333333,1,2.6,1,9,2.8,9,9,100,0,0,0,0,0,1.9,1.9
2023,808,John Metchie,HST,WR,1,13,DEN,17.647058823529413,3,10.7,1,9,3.1,9,3,33.3,0,0,0,0,0,1.9,1.9
2023,809,Tucker Fisk,ATL,TE,1,15,CAR,100,1,5,1,9,5.9,9,9,100,0,0,0,0,0,1.9,1.9
2023,810,Jalen Tolbert,DAL,WR,1,17,DET,14.285714285714285,1,2.6,1,9,2.6,9,9,100,0,0,0,0,0,1.9,1.9
2023,811,Malik Heath,GB,WR,1,18,CHI,28.57142857142857,4,12.5,3,9,2.8,3,2.25,75,0,0,0,1,0,3.9,3.9
2023,812,Julian Hill,MIA,TE,1,17,BLT,25,1,2.6,1,9,3.8,9,9,100,0,0,0,0,0,1.9,1.9
2023,813,Jake Bobo,SEA,WR,1,13,DAL,14.285714285714285,1,2.4,1,9,2.7,9,9,100,0,0,0,0,0,1.9,1.9
2023,814,Jake Bobo,SEA,WR,1,18,ARZ,14.285714285714285,1,3.6,1,9,4.8,9,9,100,0,0,0,0,0,1.9,1.9
2023,815,Jonathan Mingo,CAR,WR,1,16,GB,3.571428571428571,1,2.8,1,9,2.9,9,9,100,0,0,0,0,0,1.9,1.9
2023,816,Mike Evans,TB,WR,1,14,ATL,11.904761904761903,5,17.2,1,8,5.6,8,1.6,20,0,0,0,1,0,1.8,1.8
2023,817,Jamison Crowder,WAS,WR,1,18,DAL,50,1,3.6,1,8,5.1,8,8,100,0,0,0,0,0,1.8,1.8
2023,818,David Moore,TB,WR,1,18,CAR,16.666666666666664,1,3.1,1,8,5.8,8,8,100,0,0,0,0,0,1.8,1.8
2023,819,Noah Brown,HST,WR,1,17,TEN,7.4074074074074066,2,6.3,1,8,3.8,8,4,50,0,0,1,1,0,1.8,1.8
2023,820,Jordan Akins,CLV,TE,1,15,CHI,8.333333333333332,1,2.2,1,8,2.1,8,8,100,0,0,0,0,0,1.8,1.8
2023,821,Foster Moreau,NO,TE,1,14,CAR,15.384615384615385,2,7.7,2,8,6.7,4,4,100,0,0,0,0,0,2.8,2.8
2023,822,D.J. Montgomery,IND,WR,1,16,ATL,50,4,10.8,1,8,4,8,2,25,0,0,0,0,0,1.8,1.8
2023,823,Keelan Doss,LAC,WR,1,18,KC,27.27272727272727,3,6.4,1,8,3.1,8,2.67,33.3,0,0,1,1,0,1.8,1.8
2023,824,Jalen Guyton,LAC,WR,1,14,DEN,12.5,1,2.4,1,8,2.9,8,8,100,0,0,0,0,0,1.8,1.8
2023,825,Colby Parkinson,SEA,TE,1,18,ARZ,28.57142857142857,4,14.3,3,8,4.2,2.67,2,75,0,0,0,0,0,3.8,3.8
2023,826,Chase Claypool,MIA,WR,1,15,NYJ,40,2,7.7,2,8,3.5,4,4,100,0,0,0,0,0,2.8,2.8
2023,827,Tyler Johnson,LA,WR,1,18,SF,100,3,12.5,2,8,4.9,4,2.67,66.7,1,50,1,1,0,8.8,8.8
2023,828,Brock Wright,DET,TE,1,13,NO,33.33333333333333,1,4,1,8,3.8,8,8,100,0,0,0,0,0,1.8,1.8
2023,829,Drake London,ATL,WR,1,13,NYJ,9.75609756097561,4,14.8,1,8,6.6,8,2,25,0,0,0,0,0,1.8,1.8
2023,830,John Metchie,HST,WR,1,17,TEN,17.647058823529413,3,9.4,1,8,3.8,8,2.67,33.3,0,0,1,1,0,2.2,2.2
2023,831,Jalen Tolbert,DAL,WR,1,18,WAS,42.857142857142854,3,7.5,2,8,2.6,4,2.67,66.7,1,25,1,1,0,8.8,8.8
2023,832,Jason Brownlee,NYJ,WR,1,16,WAS,50,3,6.1,1,8,3.7,8,2.67,33.3,1,100,2,2,0,7.8,7.8
2023,833,Darnell Washington,PIT,TE,1,16,CIN,33.33333333333333,1,3.7,1,8,2.8,8,8,100,0,0,0,0,0,1.8,1.8
2023,834,Xavier Hutchinson,HST,WR,1,17,TEN,20,3,9.4,2,8,3.8,4,2.67,66.7,0,0,1,1,0,2.8,2.8
2023,835,Jake Bobo,SEA,WR,1,16,TEN,42.857142857142854,3,8.3,1,8,3.5,8,2.67,33.3,0,0,0,0,0,1.8,1.8
2023,836,Cedric Tillman,CLV,WR,1,17,NYJ,13.333333333333334,4,13.8,1,8,2.6,8,2,25,0,0,2,3,0,1.8,1.8
2023,837,Logan Thomas,WAS,TE,1,15,LA,7.142857142857142,1,2.8,1,7,3.1,7,7,100,0,0,0,0,0,1.7,1.7
2023,838,David Moore,TB,WR,1,16,JAX,16.666666666666664,1,2.9,1,7,2.5,7,7,100,0,0,0,0,0,1.7,1.7
2023,839,Keith Kirkwood,NO,WR,1,15,NYG,50,1,3.4,1,7,3.2,7,7,100,1,33.3,1,1,0,7.7,7.7
2023,840,Mike Gesicki,NE,TE,1,15,KC,8.333333333333332,1,3.2,1,7,3.9,7,7,100,0,0,0,0,0,1.7,1.7
2023,841,Drew Sample,CIN,TE,1,18,CLV,15.384615384615385,2,7.1,2,7,4,3.5,3.5,100,0,0,0,0,0,2.7,2.7
2023,842,Tim Jones,JAX,WR,1,18,TEN,22.22222222222222,2,4.7,1,7,2.5,7,3.5,50,0,0,0,0,0,1.7,1.7
2023,843,Tutu Atwell,LA,WR,1,18,SF,57.14285714285714,4,16.7,2,7,4.3,3.5,1.75,50,0,0,0,1,0,4.3,4.3
2023,844,Luke Farrell,JAX,TE,1,17,CAR,33.33333333333333,1,4.2,1,7,3.9,7,7,100,0,0,0,0,0,1.7,1.7
2023,845,Bo Melton,GB,WR,1,15,TB,8.695652173913043,2,5.1,1,7,2.5,7,3.5,50,0,0,0,1,0,1.7,1.7
2023,846,Britain Covey,PHI,WR,1,16,NYG,16.666666666666664,1,2.6,1,7,2.3,7,7,100,0,0,0,0,0,1.7,1.7
2023,847,David Bell,CLV,WR,1,17,NYJ,15.384615384615385,2,6.9,2,7,2.3,3.5,3.5,100,0,0,0,0,0,2.7,2.7
2023,848,Cade Otton,TB,TE,1,16,JAX,5.88235294117647,1,2.9,1,7,2.5,7,7,100,0,0,0,1,0,1.7,1.7
2023,849,Dalton Kincaid,BUF,TE,1,16,LAC,7.6923076923076925,2,9.5,1,7,3,7,3.5,50,0,0,0,0,0,1.7,1.7
2023,850,Zay Flowers,BLT,WR,1,15,JAX,7.142857142857142,2,8.3,1,7,4.1,7,3.5,50,0,0,0,0,0,1.7,1.7
2023,851,Jimmy Graham,NO,TE,1,13,DET,20,1,3.4,1,6,2.2,6,6,100,1,100,1,1,0,7.6,7.6
2023,852,Julio Jones,PHI,WR,1,15,SEA,8.333333333333332,1,3.2,1,6,4.2,6,6,100,0,0,0,1,0,1.6,1.6
2023,853,DeVante Parker,NE,WR,1,18,NYJ,16,4,13.3,1,6,6.8,6,1.5,25,0,0,0,0,0,1.6,1.6
2023,854,Will Dissly,SEA,TE,1,16,TEN,12.5,1,2.8,1,6,2.6,6,6,100,0,0,0,0,0,1.6,1.6
2023,855,Kevin Rader,TEN,TE,1,17,HST,33.33333333333333,1,3.8,1,6,3.3,6,6,100,0,0,1,1,0,1.6,1.6
2023,856,Richie James,KC,WR,1,17,CIN,9.090909090909092,1,3.4,1,6,2.4,6,6,100,0,0,0,0,0,1.6,1.6
2023,857,Jordan Akins,CLV,TE,1,13,LA,8.333333333333332,1,2.3,1,6,2.4,6,6,100,0,0,0,0,0,1.6,1.6
2023,858,Ian Thomas,CAR,TE,1,13,TB,25,1,3.2,1,6,3.4,6,6,100,0,0,0,0,0,1.6,1.6
2023,859,Miles Boykin,PIT,WR,1,16,CIN,100,1,3.7,1,6,2.1,6,6,100,0,0,0,0,0,1.6,1.6
2023,860,Mitchell Wilcox,CIN,TE,1,16,PIT,16.666666666666664,1,2.4,1,6,1.8,6,6,100,0,0,0,0,0,1.6,1.6
2023,861,Mason Kinsey,TEN,WR,1,16,SEA,100,1,3.7,1,6,3.7,6,6,100,0,0,0,0,0,1.6,1.6
2023,862,Harrison Bryant,CLV,TE,1,16,HST,10,1,2.3,1,6,1.6,6,6,100,0,0,0,0,0,1.6,1.6
2023,863,Colby Parkinson,SEA,TE,1,15,PHI,7.142857142857142,1,3,1,6,2.9,6,6,100,0,0,0,0,0,1.6,1.6
2023,864,Lynn Bowden,NO,WR,1,17,TB,8.333333333333332,1,2.9,1,6,2.9,6,6,100,0,0,0,0,0,1.6,1.6
2023,865,Adam Trautman,DEN,TE,1,13,HST,15.384615384615385,2,7.7,1,6,3.2,6,3,50,0,0,1,1,0,1.6,1.6
2023,866,John Bates,WAS,TE,1,17,SF,11.11111111111111,1,3.6,1,6,3.6,6,6,100,0,0,0,0,0,1.6,1.6
2023,867,Ihmir Smith-Marsette,CAR,WR,1,18,TB,22.22222222222222,2,11.1,1,6,6.4,6,3,50,0,0,0,0,0,1.6,1.6
2023,868,Brock Wright,DET,TE,1,14,CHI,66.66666666666666,2,5.7,2,6,3.7,3,3,100,0,0,0,0,0,2.6,2.6
2023,869,Kylen Granson,IND,TE,1,15,PIT,5.263157894736842,1,3.6,1,6,2.8,6,6,100,0,0,0,1,0,1.6,1.6
2023,870,Rondale Moore,ARZ,WR,1,13,PIT,11.76470588235294,2,8.7,1,6,4.1,6,3,50,0,0,0,0,0,1.6,1.6
2023,871,Tommy Tremble,CAR,TE,1,17,JAX,14.285714285714285,2,6.3,1,6,5.4,6,3,50,0,0,0,0,0,1.6,1.6
2023,872,David Bell,CLV,WR,1,16,HST,15.384615384615385,2,4.5,1,6,1.6,6,3,50,0,0,0,1,0,1.6,1.6
2023,873,Cole Fotheringham,LV,TE,1,16,KC,100,1,4.8,1,6,9.7,6,6,100,0,0,0,0,0,1.6,1.6
2023,874,Peyton Hendershot,DAL,TE,1,17,DET,25,1,2.6,1,6,1.7,6,6,100,0,0,0,0,0,1.6,1.6
2023,875,John Metchie,HST,WR,1,14,NYJ,29.411764705882355,5,17.9,1,6,6.3,6,1.2,20,0,0,0,0,0,1.6,1.6
2023,876,Malik Heath,GB,WR,1,14,NYG,14.285714285714285,2,5.1,1,6,2.8,6,3,50,1,100,2,2,0,7.6,7.6
2023,877,Derius Davis,LAC,WR,1,16,BUF,25,1,3,1,6,2.8,6,6,100,0,0,0,0,0,2.4,2.4
2023,878,Xavier Hutchinson,HST,WR,1,18,IND,26.666666666666668,4,15.4,1,6,2.3,6,1.5,25,0,0,0,0,0,1.6,1.6
2023,879,Ben Sims,GB,TE,1,17,MIN,33.33333333333333,1,2.9,1,6,2,6,6,100,0,0,0,1,0,1.6,1.6
2023,880,Julio Jones,PHI,WR,1,16,NYG,33.33333333333333,4,10.5,1,5,1.7,5,1.25,25,0,0,0,1,0,1.5,1.5
2023,881,Willie Snead,SF,WR,1,16,BLT,100,2,4.3,1,5,1.5,5,2.5,50,0,0,0,1,0,1.5,1.5
2023,882,Austin Hooper,LV,TE,1,14,MIN,7.6923076923076925,1,3.1,1,5,3,5,5,100,0,0,0,0,0,1.5,1.5
2023,883,Pharaoh Brown,NE,TE,1,17,BUF,12.5,1,3.8,1,5,2.4,5,5,100,0,0,0,0,1,0.5,0.5
2023,884,Eric Saubert,HST,TE,1,13,DEN,33.33333333333333,1,3.6,1,5,1.7,5,5,100,0,0,0,0,0,1.5,1.5
2023,885,Eric Saubert,HST,TE,1,18,IND,33.33333333333333,1,3.8,1,5,1.9,5,5,100,0,0,0,0,0,1.5,1.5
2023,886,Byron Pringle,WAS,WR,1,15,LA,33.33333333333333,1,2.8,1,5,2.2,5,5,100,0,0,0,0,0,1.5,1.5
2023,887,Ian Thomas,CAR,TE,1,18,TB,50,2,11.1,1,5,5.3,5,2.5,50,0,0,0,0,0,1.5,1.5
2023,888,Tanner Hudson,CIN,TE,1,16,PIT,8.695652173913043,2,4.8,1,5,1.5,5,2.5,50,0,0,0,0,0,1.5,1.5
2023,889,Mike Gesicki,NE,TE,1,18,NYJ,25,3,10,1,5,5.7,5,1.67,33.3,0,0,0,1,0,1.5,1.5
2023,890,KhaDarel Hodge,ATL,WR,1,16,IND,12.5,1,3,1,5,2.2,5,5,100,0,0,0,0,0,1.5,1.5
2023,891,Jalen Guyton,LAC,WR,1,13,NE,37.5,3,8.1,1,5,2.4,5,1.67,33.3,0,0,0,1,0,1.5,1.5
2023,892,Donovan Peoples-Jones,DET,WR,1,15,DEN,16.666666666666664,1,2.9,1,5,1.8,5,5,100,0,0,0,0,0,1.5,1.5
2023,893,Darnell Mooney,CHI,WR,1,16,ARZ,22.22222222222222,4,14.8,2,5,2.9,2.5,1.25,50,0,0,1,1,0,2.5,2.5
2023,894,Lynn Bowden,NO,WR,1,13,DET,8.333333333333332,1,3.4,1,5,1.9,5,5,100,0,0,0,0,0,0.9,0.9
2023,895,Lynn Bowden,NO,WR,1,18,ATL,8.333333333333332,1,3.6,1,5,1.9,5,5,100,0,0,0,0,0,1.3,1.3
2023,896,Noah Gray,KC,TE,1,16,LV,25,3,6.7,1,5,2,5,1.67,33.3,0,0,1,1,0,1.5,1.5
2023,897,Kadarius Toney,KC,WR,1,15,NE,50,4,10.5,2,5,1.6,2.5,1.25,50,0,0,1,1,0,2.5,2.5
2023,898,Rondale Moore,ARZ,WR,1,15,SF,17.647058823529413,3,7.7,2,5,2.4,2.5,1.67,66.7,0,0,1,1,0,2.8,2.8
2023,899,Terrace Marshall,CAR,WR,1,18,TB,100,1,5.6,1,5,5.3,5,5,100,0,0,0,0,0,1.5,1.5
2023,900,Kyle Pitts,ATL,TE,1,17,CHI,14.285714285714285,4,12.1,1,5,2.8,5,1.25,25,0,0,0,0,0,1.5,1.5
2023,901,Peyton Hendershot,DAL,TE,1,15,BUF,25,1,2.9,1,5,3.7,5,5,100,0,0,0,0,0,1.5,1.5
2023,902,John Metchie,HST,WR,1,18,IND,11.76470588235294,2,7.7,1,5,1.9,5,2.5,50,0,0,0,0,0,1.5,1.5
2023,903,Skyy Moore,KC,WR,1,13,GB,66.66666666666666,2,6.1,1,5,2.4,5,2.5,50,0,0,0,0,0,1.5,1.5
2023,904,Tyquan Thornton,NE,WR,1,15,KC,9.090909090909092,1,3.2,1,5,2.8,5,5,100,0,0,0,0,0,1.5,1.5
2023,905,A.T. Perry,NO,WR,1,17,TB,16.666666666666664,2,5.9,1,5,2.4,5,2.5,50,0,0,0,0,0,1.5,1.5
2023,906,Andrei Iosivas,CIN,WR,1,15,MIN,11.76470588235294,2,4.8,1,5,1.5,5,2.5,50,0,0,0,0,0,1.5,1.5
2023,907,Ronnie Bell,SF,WR,1,18,LA,62.5,5,19.2,1,5,2.6,5,1,20,1,100,1,2,0,7.5,7.5
2023,908,Jalin Hyatt,NYG,WR,1,18,PHI,16.666666666666664,2,5.9,1,5,1.6,5,2.5,50,0,0,0,0,0,1.5,1.5
2023,909,Marvin Mims,DEN,WR,1,13,HST,16.666666666666664,2,7.7,1,5,2.7,5,2.5,50,0,0,0,0,0,2.3,2.3
2023,910,Trey Palmer,TB,WR,1,14,ATL,4,1,3.4,1,5,3.5,5,5,100,0,0,0,0,0,1.8,1.8
2023,911,Trey Palmer,TB,WR,1,15,GB,8,2,7.1,1,5,1.3,5,2.5,50,0,0,0,0,0,1.5,1.5
2023,912,Marcedes Lewis,CHI,TE,1,14,DET,50,1,3,1,4,1.8,4,4,100,0,0,0,0,0,1.4,1.4
2023,913,Randall Cobb,NYJ,WR,1,18,NE,20,1,5,1,4,5.7,4,4,100,0,0,0,1,0,1.4,1.4
2023,914,Davante Adams,LV,WR,1,16,KC,10.714285714285714,6,28.6,1,4,6.5,4,0.67,16.7,0,0,0,1,0,1.4,1.4
2023,915,Blake Bell,KC,TE,1,16,LV,25,1,2.2,1,4,1.6,4,4,100,0,0,0,0,0,1.4,1.4
2023,916,Tyler Boyd,CIN,WR,1,18,CLV,9.523809523809524,2,7.1,1,4,2.3,4,2,50,0,0,0,0,0,1.4,1.4
2023,917,Johnny Mundt,MIN,TE,1,14,LV,5.555555555555555,1,2.8,1,4,2.7,4,4,100,0,0,0,0,0,1.4,1.4
2023,918,Pharaoh Brown,NE,TE,1,14,PIT,12.5,1,3.6,1,4,1.7,4,4,100,0,0,0,0,0,1.4,1.4
2023,919,Pharaoh Brown,NE,TE,1,15,KC,12.5,1,3.2,1,4,2.2,4,4,100,0,0,0,0,0,1.4,1.4
2023,920,Mack Hollins,ATL,WR,1,14,TB,100,1,2.5,1,4,1.2,4,4,100,0,0,0,0,0,1.4,1.4
2023,921,Gerald Everett,LAC,TE,1,18,KC,2.564102564102564,1,2.1,1,4,1.6,4,4,100,0,0,0,0,0,1.4,1.4
2023,922,Richie James,KC,WR,1,14,BUF,18.181818181818183,2,4.7,1,4,1.5,4,2,50,0,0,0,1,0,1.4,1.4
2023,923,Dallas Goedert,PHI,TE,1,18,NYG,10,3,8.3,1,4,2,4,1.33,33.3,0,0,0,0,0,1.4,1.4
2023,924,Michael Gallup,DAL,WR,1,16,MIA,20,2,6.3,2,4,1.6,2,2,100,0,0,0,0,0,2.4,2.4
2023,925,Trenton Irwin,CIN,WR,1,17,KC,22.22222222222222,2,6.1,1,4,2,4,2,50,0,0,0,1,0,1.4,1.4
2023,926,Drew Sample,CIN,TE,1,14,IND,15.384615384615385,2,8,2,4,1.5,2,2,100,0,0,0,1,0,2.4,2.4
2023,927,James Mitchell,DET,TE,1,17,DAL,50,1,2.9,1,4,1.3,4,4,100,0,0,0,0,0,1.4,1.4
2023,928,Connor Heyward,PIT,TE,1,18,BLT,33.33333333333333,2,10,2,4,2.6,2,2,100,0,0,0,0,0,2.4,2.4
2023,929,Deven Thompkins,TB,WR,1,13,CAR,25,1,3.4,1,4,2,4,4,100,0,0,0,0,0,2.1,2.1
2023,930,Kavontae Turpin,DAL,WR,1,16,MIA,20,1,3.1,1,4,1.6,4,4,100,0,0,0,0,0,1.8,1.8
2023,931,Will Mallory,IND,TE,1,13,TEN,21.428571428571427,3,7.1,2,4,1.3,2,1.33,66.7,0,0,0,0,0,2.4,2.4
2023,932,Xavier Gipson,NYJ,WR,1,18,NE,15.384615384615385,4,20,1,4,5.7,4,1,25,0,0,0,0,0,1.4,1.4
2023,933,Luke Schoonmaker,DAL,TE,1,16,MIA,50,1,3.1,1,4,1.6,4,4,100,0,0,0,0,0,1.4,1.4
2023,934,Jake Bobo,SEA,WR,1,15,PHI,14.285714285714285,1,3,1,4,1.9,4,4,100,0,0,0,0,0,1.4,1.4
2023,935,Jake Bobo,SEA,WR,1,17,PIT,14.285714285714285,1,3,1,4,1.4,4,4,100,0,0,0,0,0,1.4,1.4
2023,936,DeAndre Carter,LV,WR,1,18,DEN,100,1,3.1,1,3,1.2,3,3,100,0,0,0,0,0,1.3,1.3
2023,937,Blake Bell,KC,TE,1,18,LAC,50,2,6.7,1,3,1.9,3,1.5,50,0,0,0,0,0,1.3,1.3
2023,938,Nick Vannett,LAC,TE,1,18,KC,100,1,2.1,1,3,1.2,3,3,100,0,0,0,0,0,1.3,1.3
2023,939,Johnny Mundt,MIN,TE,1,15,CIN,5.555555555555555,1,2.9,1,3,1,3,3,100,0,0,0,0,0,1.3,1.3
2023,940,Will Dissly,SEA,TE,1,14,SF,12.5,1,3.2,1,3,1.1,3,3,100,0,0,0,0,0,1.3,1.3
2023,941,Marquez Valdes-Scantling,KC,WR,1,17,CIN,21.428571428571427,3,10.3,1,3,1.2,3,1,33.3,0,0,0,0,0,1.3,1.3
2023,942,Jordan Akins,CLV,TE,1,14,JAX,8.333333333333332,1,2.2,1,3,1,3,3,100,0,0,0,0,0,1.3,1.3
2023,943,Foster Moreau,NO,TE,1,18,ATL,7.6923076923076925,1,3.6,1,3,1.1,3,3,100,0,0,0,0,0,1.3,1.3
2023,944,Chase Claypool,MIA,WR,1,18,BUF,40,2,7.4,1,3,1.7,3,1.5,50,0,0,0,0,0,1.3,1.3
2023,945,K.J. Osborn,MIN,WR,1,15,CIN,10,2,5.9,1,3,1,3,1.5,50,0,0,0,0,0,1.3,1.3
2023,946,Charlie Woerner,SF,TE,1,14,SEA,50,1,3.7,1,3,0.8,3,3,100,0,0,0,1,0,1.3,1.3
2023,947,Xavier Gipson,NYJ,WR,1,14,HST,3.8461538461538463,1,2.8,1,3,1,3,3,100,0,0,0,0,0,8.2,8.2
2023,948,Colton Dowell,TEN,WR,1,16,SEA,100,1,3.7,1,3,1.8,3,3,100,0,0,0,0,0,1.3,1.3
2023,949,Mo Alie-Cox,IND,TE,1,14,CIN,8.333333333333332,1,2.6,1,2,0.8,2,2,100,1,100,1,1,0,7.2,7.2
2023,950,Eric Saubert,HST,TE,1,17,TEN,33.33333333333333,1,3.1,1,2,0.9,2,2,100,0,0,0,0,0,1.2,1.2
2023,951,Courtland Sutton,DEN,WR,1,18,LV,19.047619047619047,4,11.8,1,2,0.7,2,0.5,25,0,0,0,1,0,1.2,1.2
2023,952,Cedrick Wilson,MIA,WR,1,15,NYJ,16.666666666666664,3,11.5,2,2,0.9,1,0.67,66.7,0,0,0,0,0,2.2,2.2
2023,953,Brandon Powell,MIN,WR,1,18,DET,33.33333333333333,3,6.8,1,2,0.5,2,0.67,33.3,0,0,0,0,0,1.2,1.2
2023,954,Noah Gray,KC,TE,1,13,GB,8.333333333333332,1,3,1,2,1,2,2,100,1,100,1,1,0,7.2,7.2
2023,955,Tommy Tremble,CAR,TE,1,14,NO,14.285714285714285,2,5.6,1,2,1.5,2,1,50,0,0,0,0,0,1.2,1.2
2023,956,Cole Turner,WAS,TE,1,13,MIA,100,1,4.3,1,2,1.6,2,2,100,0,0,0,0,0,1.2,1.2
2023,957,Justyn Ross,KC,WR,1,16,LV,20,1,2.2,1,2,0.8,2,2,100,0,0,0,0,0,1.2,1.2
2023,958,Ko Kieft,TB,TE,1,15,GB,50,1,3.6,1,2,0.5,2,2,100,1,25,1,1,0,7.2,7.2
2023,959,Parker Washington,JAX,WR,1,17,CAR,5,1,4.2,1,2,1.1,2,2,100,0,0,0,0,0,1.2,1.2
2023,960,Julian Hill,MIA,TE,1,18,BUF,25,1,3.7,1,2,1.2,2,2,100,0,0,0,0,0,1.2,1.2
2023,961,Jordan Addison,MIN,WR,1,16,DET,12.5,3,8.3,1,2,0.5,2,0.67,33.3,0,0,0,0,0,1.2,1.2
2023,962,Marcedes Lewis,CHI,TE,1,16,ARZ,50,1,3.7,1,1,0.6,1,1,100,1,100,1,1,0,7.1,7.1
2023,963,Ihmir Smith-Marsette,CAR,WR,1,15,ATL,22.22222222222222,2,8.3,2,1,0.6,0.5,0.5,100,0,0,0,0,0,5.2,5.2
2023,964,Deven Thompkins,TB,WR,1,18,CAR,25,1,3.1,1,1,0.7,1,1,100,0,0,0,0,0,1.1,1.1
2023,965,John Metchie,HST,WR,1,15,TEN,5.88235294117647,1,2.8,1,1,0.4,1,1,100,0,0,0,0,0,1.1,1.1
2023,966,Treylon Burks,TEN,WR,1,14,MIA,18.181818181818183,2,5.3,1,1,0.3,1,0.5,50,0,0,0,0,0,1.6,1.6
2023,967,Xavier Gipson,NYJ,WR,1,16,WAS,7.6923076923076925,2,4.1,1,1,0.5,1,0.5,50,0,0,1,1,0,2.7,2.7
2023,968,Jalen Brooks,DAL,WR,1,18,WAS,100,1,2.5,1,1,0.3,1,1,100,0,0,0,0,0,1.1,1.1
2023,969,Ben Sims,GB,TE,1,13,KC,33.33333333333333,1,2.8,1,1,0.4,1,1,100,1,33.3,1,1,0,7.1,7.1
2023,970,Brenton Strange,JAX,TE,1,17,CAR,100,1,4.2,1,1,0.6,1,1,100,0,0,1,1,0,1.1,1.1
2023,971,Marcedes Lewis,CHI,TE,1,15,CLV,0,0,0,0,0,0,0,0,0,0,0,0,0,0,0,0
2023,972,Marcedes Lewis,CHI,TE,1,17,ATL,0,0,0,0,0,0,0,0,0,0,0,0,0,0,0,0
2023,973,Jimmy Graham,NO,TE,1,16,LA,0,0,0,0,0,0,0,0,0,0,0,0,0,0,0,0
2023,974,Jimmy Graham,NO,TE,1,18,ATL,0,0,0,0,0,0,0,0,0,0,0,0,0,0,0,0
2023,975,Julio Jones,PHI,WR,1,13,SF,0,0,0,0,0,0,0,0,0,0,0,0,0,0,0,0
2023,976,Julio Jones,PHI,WR,1,14,DAL,0,0,0,0,0,0,0,0,0,0,0,0,0,0,0,0
2023,977,Randall Cobb,NYJ,WR,1,15,MIA,60,3,8.1,0,0,0,0,0,0,0,0,0,0,0,0,0
2023,978,Randall Cobb,NYJ,WR,1,17,CLV,0,0,0,0,0,0,0,0,0,0,0,0,0,0,0,0
2023,979,Marquise Goodwin,CLV,WR,1,14,JAX,0,0,0,0,0,0,0,0,0,0,0,0,0,0,0,0
2023,980,Marquise Goodwin,CLV,WR,1,16,HST,50,1,2.3,0,0,0,0,0,0,0,0,0,0,0,0,0
2023,981,Marquise Goodwin,CLV,WR,1,17,NYJ,0,0,0,0,0,0,0,0,0,0,0,0,0,0,0,0
2023,982,Robert Woods,HST,WR,1,13,DEN,0,0,0,0,0,0,0,0,0,0,0,0,0,0,0,0
2023,983,Logan Thomas,WAS,TE,1,13,MIA,7.142857142857142,1,4.3,0,0,0,0,0,0,0,0,0,0,0,2,2
2023,984,Allen Robinson,PIT,WR,1,17,SEA,0,0,0,0,0,0,0,0,0,0,0,0,0,0,0,0
2023,985,Allen Robinson,PIT,WR,1,18,BLT,7.142857142857142,1,5,0,0,0,0,0,0,0,0,0,0,0,0,0
2023,986,Nelson Agholor,BLT,WR,1,15,JAX,5.88235294117647,1,4.2,0,0,0,0,0,0,0,0,0,0,0,0,0
2023,987,MyCole Pruitt,ATL,TE,1,15,CAR,0,0,0,0,0,0,0,0,0,0,0,0,0,0,0,0
2023,988,MyCole Pruitt,ATL,TE,1,16,IND,0,0,0,0,0,0,0,0,0,0,0,0,0,0,0,0
2023,989,DeAndre Carter,LV,WR,1,14,MIN,0,0,0,0,0,0,0,0,0,0,0,0,0,0,0,0
2023,990,DeAndre Carter,LV,WR,1,15,LAC,0,0,0,0,0,0,0,0,0,0,0,0,0,0,0,0
2023,991,DeAndre Carter,LV,WR,1,17,IND,0,0,0,0,0,0,0,0,0,0,0,0,0,0,0,0
2023,992,Jamison Crowder,WAS,WR,1,13,MIA,0,0,0,0,0,0,0,0,0,0,0,0,0,0,0,0
2023,993,Jamison Crowder,WAS,WR,1,15,LA,0,0,0,0,0,0,0,0,0,0,0,0,0,0,0,0
2023,994,Jamison Crowder,WAS,WR,1,16,NYJ,50,1,2.9,0,0,0,0,0,0,0,0,0,0,0,0,0
2023,995,Jamison Crowder,WAS,WR,1,17,SF,0,0,0,0,0,0,0,0,0,0,0,0,0,0,0,0
2023,996,Blake Bell,KC,TE,1,13,GB,0,0,0,0,0,0,0,0,0,0,0,0,0,0,0,0
2023,997,Blake Bell,KC,TE,1,14,BUF,0,0,0,0,0,0,0,0,0,0,0,0,0,0,0,0
2023,998,Blake Bell,KC,TE,1,15,NE,25,1,2.6,0,0,0,0,0,0,0,0,0,0,0,0,0
2023,999,Blake Bell,KC,TE,1,17,CIN,0,0,0,0,0,0,0,0,0,0,0,0,0,0,0,0
2023,1000,Chris Conley,SF,WR,1,13,PHI,0,0,0,0,0,0,0,0,0,0,0,0,0,0,0,0
2023,1001,Chris Conley,SF,WR,1,14,SEA,0,0,0,0,0,0,0,0,0,0,0,0,0,0,0,0
2023,1002,Chris Conley,SF,WR,1,15,ARZ,0,0,0,0,0,0,0,0,0,0,0,0,0,0,0,0
2023,1003,Chris Conley,SF,WR,1,16,BLT,0,0,0,0,0,0,0,0,0,0,0,0,0,0,0,0
2023,1004,Chris Conley,SF,WR,1,17,WAS,0,0,0,0,0,0,0,0,0,0,0,0,0,0,0,0
2023,1005,Ty Montgomery,NE,WR,1,13,LAC,0,0,0,0,0,0,0,0,0,0,0,0,0,0,0.2,0.2
2023,1006,Phillip Dorsett,DEN,WR,1,17,LAC,100,2,6.3,0,0,0,0,0,0,0,0,0,0,0,0,0
2023,1007,Sterling Shepard,NYG,WR,1,15,NO,0,0,0,0,0,0,0,0,0,0,0,0,0,0,0,0
2023,1008,Sterling Shepard,NYG,WR,1,16,PHI,0,0,0,0,0,0,0,0,0,0,0,0,0,0,0,0
2023,1009,Sterling Shepard,NYG,WR,1,17,LA,16.666666666666664,1,2.4,0,0,0,0,0,0,0,0,0,0,0,0,0
2023,1010,Austin Hooper,LV,TE,1,15,LAC,7.6923076923076925,1,2.8,0,0,0,0,0,0,0,0,0,0,0,0,0
2023,1011,Nick Vannett,LAC,TE,1,14,DEN,0,0,0,0,0,0,0,0,0,0,0,0,0,0,0,0
2023,1012,Nick Vannett,LAC,TE,1,15,LV,0,0,0,0,0,0,0,0,0,0,0,0,0,0,0,0
2023,1013,Nick Vannett,LAC,TE,1,16,BUF,0,0,0,0,0,0,0,0,0,0,0,0,0,0,0,0
2023,1014,Nick Vannett,LAC,TE,1,17,DEN,0,0,0,0,0,0,0,0,0,0,0,0,0,0,0,0
2023,1015,Kalif Raymond,DET,WR,1,13,NO,0,0,0,0,0,0,0,0,0,0,0,0,0,0,0.9,0.9
2023,1016,Robbie Chosen,MIA,WR,1,15,NYJ,0,0,0,0,0,0,0,0,0,0,0,0,0,0,0,0
2023,1017,Robbie Chosen,MIA,WR,1,17,BLT,50,1,2.6,0,0,0,0,0,0,0,0,0,0,0,0,0
2023,1018,Demarcus Robinson,LA,WR,1,18,SF,0,0,0,0,0,0,0,0,0,0,0,0,0,0,0,0
2023,1019,Laquon Treadwell,BLT,WR,1,17,MIA,0,0,0,0,0,0,0,0,0,0,0,0,0,0,0,0
2023,1020,Tyler Higbee,LA,TE,1,18,SF,0,0,0,0,0,0,0,0,0,0,0,0,0,0,0,0
2023,1021,Mo Alie-Cox,IND,TE,1,13,TEN,0,0,0,0,0,0,0,0,0,0,0,0,0,0,0,0
2023,1022,Mo Alie-Cox,IND,TE,1,16,ATL,8.333333333333332,1,2.7,0,0,0,0,0,0,0,0,0,0,0,0,0
2023,1023,Zach Pascal,ARZ,WR,1,15,SF,100,3,7.7,0,0,0,0,0,0,0,0,0,0,0,0,0
2023,1024,Zach Pascal,ARZ,WR,1,16,CHI,0,0,0,0,0,0,0,0,0,0,0,0,0,0,0,0
2023,1025,Zach Pascal,ARZ,WR,1,17,PHI,0,0,0,0,0,0,0,0,0,0,0,0,0,0,0,0
2023,1026,Zach Pascal,ARZ,WR,1,18,SEA,0,0,0,0,0,0,0,0,0,0,0,0,0,0,0,0
2023,1027,Pharaoh Brown,NE,TE,1,13,LAC,0,0,0,0,0,0,0,0,0,0,0,0,0,0,0,0
2023,1028,Pharaoh Brown,NE,TE,1,18,NYJ,37.5,3,10,1,0,0,0,0,33.3,0,0,0,0,0,1,1
2023,1029,Mack Hollins,ATL,WR,1,16,IND,0,0,0,0,0,0,0,0,0,0,0,0,0,0,0,0
2023,1030,Mack Hollins,ATL,WR,1,17,CHI,0,0,0,0,0,0,0,0,0,0,0,0,0,0,0,0
2023,1031,Mack Hollins,ATL,WR,1,18,NO,0,0,0,0,0,0,0,0,0,0,0,0,0,0,0,0
2023,1032,Eric Saubert,HST,TE,1,14,NYJ,0,0,0,0,0,0,0,0,0,0,0,0,0,0,0,0
2023,1033,Eric Saubert,HST,TE,1,16,CLV,0,0,0,0,0,0,0,0,0,0,0,0,0,0,0,0
2023,1034,David Moore,TB,WR,1,13,CAR,0,0,0,0,0,0,0,0,0,0,0,0,0,0,0,0
2023,1035,David Moore,TB,WR,1,17,NO,16.666666666666664,1,3,0,0,0,0,0,0,0,0,0,0,0,0,0
2023,1036,Noah Brown,HST,WR,1,13,DEN,7.4074074074074066,2,7.1,0,0,0,0,0,0,0,0,0,0,0,0,0
2023,1037,Noah Brown,HST,WR,1,14,NYJ,18.51851851851852,5,17.9,0,0,0,0,0,0,0,0,0,0,0,0,0
2023,1038,Robert Tonyan,CHI,TE,1,14,DET,0,0,0,0,0,0,0,0,0,0,0,0,0,0,0,0
2023,1039,Robert Tonyan,CHI,TE,1,15,CLV,14.285714285714285,1,2.5,0,0,0,0,0,0,0,0,0,0,0,0,0
2023,1040,Robert Tonyan,CHI,TE,1,18,GB,14.285714285714285,1,6.3,0,0,0,0,0,0,0,0,0,1,0,0,0
2023,1041,Jonnu Smith,ATL,TE,1,17,CHI,16,4,12.1,0,0,0,0,0,0,0,0,0,1,0,0,0
2023,1042,Chris Godwin,TB,WR,1,13,CAR,6.382978723404255,3,10.3,0,0,0,0,0,0,0,0,0,0,0,7.9,7.9
2023,1043,River Cracraft,MIA,WR,1,14,TEN,0,0,0,0,0,0,0,0,0,0,0,0,0,0,0,0
2023,1044,River Cracraft,MIA,WR,1,15,NYJ,0,0,0,0,0,0,0,0,0,0,0,0,0,0,0,0
2023,1045,River Cracraft,MIA,WR,1,17,BLT,25,1,2.6,0,0,0,0,0,0,0,0,1,1,0,0,0
2023,1046,Will Dissly,SEA,TE,1,13,DAL,12.5,1,2.4,0,0,0,0,0,0,0,0,0,1,0,0,0
2023,1047,Will Dissly,SEA,TE,1,17,PIT,0,0,0,0,0,0,0,0,0,0,0,0,0,0,0,0
2023,1048,Kevin Rader,TEN,TE,1,13,IND,0,0,0,0,0,0,0,0,0,0,0,0,0,0,0,0
2023,1049,Kevin Rader,TEN,TE,1,14,MIA,0,0,0,0,0,0,0,0,0,0,0,0,0,0,0,0
2023,1050,Kevin Rader,TEN,TE,1,16,SEA,0,0,0,0,0,0,0,0,0,0,0,0,0,0,0,0
2023,1051,Kevin Rader,TEN,TE,1,18,JAX,66.66666666666666,2,7.4,0,0,0,0,0,0,0,0,0,0,0,0,0
2023,1052,Marquez Valdes-Scantling,KC,WR,1,16,LV,7.142857142857142,1,2.2,0,0,0,0,0,0,0,0,0,0,0,0,0
2023,1053,Equanimeous St. Brown,CHI,WR,1,17,ATL,0,0,0,0,0,0,0,0,0,0,0,0,0,0,0,0
2023,1054,Byron Pringle,WAS,WR,1,13,MIA,0,0,0,0,0,0,0,0,0,0,0,0,0,0,0,0
2023,1055,Byron Pringle,WAS,WR,1,16,NYJ,33.33333333333333,1,2.9,0,0,0,0,0,0,0,0,0,0,0,0,0
2023,1056,Byron Pringle,WAS,WR,1,17,SF,33.33333333333333,1,3.6,0,0,0,0,0,0,0,0,0,0,0,0,0
2023,1057,Byron Pringle,WAS,WR,1,18,DAL,0,0,0,0,0,0,0,0,0,0,0,0,0,0,0,0
2023,1058,Keith Kirkwood,NO,WR,1,13,DET,0,0,0,0,0,0,0,0,0,0,0,0,0,0,0,0
2023,1059,Keith Kirkwood,NO,WR,1,14,CAR,0,0,0,0,0,0,0,0,0,0,0,0,0,0,0,0
2023,1060,Keith Kirkwood,NO,WR,1,17,TB,0,0,0,0,0,0,0,0,0,0,0,0,0,0,0,0
2023,1061,Courtland Sutton,DEN,WR,1,16,NE,4.761904761904762,1,2.7,0,0,0,0,0,0,0,0,0,0,0,0,0
2023,1062,Ian Thomas,CAR,TE,1,16,GB,0,0,0,0,0,0,0,0,0,0,0,0,0,0,0,0
2023,1063,Ian Thomas,CAR,TE,1,17,JAX,25,1,3.1,0,0,0,0,0,0,0,0,0,0,0,0,0
2023,1064,Justin Watson,KC,WR,1,13,GB,6.666666666666667,1,3,0,0,0,0,0,0,0,0,0,0,0,0,0
2023,1065,Justin Watson,KC,WR,1,18,LAC,6.666666666666667,1,3.3,0,0,0,0,0,0,0,0,0,0,0,0,0
2023,1066,Cedrick Wilson,MIA,WR,1,13,WAS,0,0,0,0,0,0,0,0,0,0,0,0,0,0,0,0
2023,1067,Braxton Berrios,MIA,WR,1,13,WAS,0,0,0,0,0,0,0,0,0,0,0,0,0,0,0,0
2023,1068,Braxton Berrios,MIA,WR,1,16,DAL,0,0,0,0,0,0,0,0,0,0,0,0,0,0,0,0
2023,1069,Trent Sherfield,BUF,WR,1,15,DAL,0,0,0,0,0,0,0,0,0,0,0,0,0,0,0,0
2023,1070,Trent Sherfield,BUF,WR,1,16,LAC,10,1,4.8,0,0,0,0,0,0,0,0,0,0,0,0,0
2023,1071,Trent Sherfield,BUF,WR,1,17,NE,30,3,10,0,0,0,0,0,0,0,0,0,0,0,0,0
2023,1072,Allen Lazard,NYJ,WR,1,13,ATL,12.5,1,2.6,0,0,0,0,0,0,0,0,0,0,0,0,0
2023,1073,Allen Lazard,NYJ,WR,1,14,HST,0,0,0,0,0,0,0,0,0,0,0,0,0,0,0,0
2023,1074,Allen Lazard,NYJ,WR,1,16,WAS,12.5,1,2,0,0,0,0,0,0,0,0,0,0,0,0,0
2023,1075,Brandon Powell,MIN,WR,1,14,LV,11.11111111111111,1,2.8,0,0,0,0,0,0,0,0,0,0,0,0,0
2023,1076,Brandon Powell,MIN,WR,1,17,GB,22.22222222222222,2,6.3,0,0,0,0,0,0,0,0,1,1,0,0,0
2023,1077,Michael Gallup,DAL,WR,1,13,SEA,10,1,2.4,0,0,0,0,0,0,0,0,0,0,0,0,0
2023,1078,Michael Gallup,DAL,WR,1,17,DET,0,0,0,0,0,0,0,0,0,0,0,0,0,0,0,0
2023,1079,Michael Gallup,DAL,WR,1,18,WAS,10,1,2.5,0,0,0,0,0,0,0,0,0,1,0,0,0
2023,1080,Durham Smythe,MIA,TE,1,13,WAS,0,0,0,0,0,0,0,0,0,0,0,0,0,0,0,0
2023,1081,Mike Gesicki,NE,TE,1,13,LAC,0,0,0,0,0,0,0,0,0,0,0,0,0,0,0,0
2023,1082,Mike Gesicki,NE,TE,1,14,PIT,0,0,0,0,0,0,0,0,0,0,0,0,0,0,0,0
2023,1083,KhaDarel Hodge,ATL,WR,1,13,NYJ,12.5,1,3.7,0,0,0,0,0,0,0,0,0,0,0,0,0
2023,1084,KhaDarel Hodge,ATL,WR,1,17,CHI,25,2,6.1,0,0,0,0,0,0,0,0,0,0,0,0,0
2023,1085,KhaDarel Hodge,ATL,WR,1,18,NO,12.5,1,2.9,0,0,0,0,0,0,0,0,0,0,0,0,0
2023,1086,Steven Sims,HST,WR,1,15,TEN,100,1,2.8,1,0,0,0,0,100,0,0,0,0,0,1.1,1.1
2023,1087,Irv Smith,CIN,TE,1,13,JAX,0,0,0,0,0,0,0,0,0,0,0,0,0,0,0,0
2023,1088,Irv Smith,CIN,TE,1,14,IND,0,0,0,0,0,0,0,0,0,0,0,0,0,0,0,0
2023,1089,Hunter Renfrow,LV,WR,1,15,LAC,25,2,5.6,0,0,0,0,0,0,0,0,0,0,0,0,0
2023,1090,Hunter Renfrow,LV,WR,1,16,KC,12.5,1,4.8,0,0,0,0,0,0,0,0,0,0,0,0,0
2023,1091,Hunter Renfrow,LV,WR,1,17,IND,0,0,0,0,0,0,0,0,0,0,0,0,0,0,0,0
2023,1092,Hunter Renfrow,LV,WR,1,18,DEN,0,0,0,0,0,0,0,0,0,0,0,0,0,0,0,0
2023,1093,D.J. Montgomery,IND,WR,1,13,TEN,0,0,0,0,0,0,0,0,0,0,0,0,0,0,0,0
2023,1094,D.J. Montgomery,IND,WR,1,14,CIN,0,0,0,0,0,0,0,0,0,0,0,0,0,0,0,0
2023,1095,Mecole Hardman,KC,WR,1,17,CIN,0,0,0,0,0,0,0,0,0,0,0,0,0,0,0,0
2023,1096,Olamide Zaccheaus,PHI,WR,1,13,SF,0,0,0,0,0,0,0,0,0,0,0,0,0,0,0,0
2023,1097,Olamide Zaccheaus,PHI,WR,1,15,SEA,0,0,0,0,0,0,0,0,0,0,0,0,0,0,0,0
2023,1098,Olamide Zaccheaus,PHI,WR,1,16,NYG,20,1,2.6,0,0,0,0,0,0,0,0,0,0,0,0,0
2023,1099,Olamide Zaccheaus,PHI,WR,1,17,ARZ,0,0,0,0,0,0,0,0,0,0,0,0,0,0,0,0
2023,1100,Deonte Harty,BUF,WR,1,15,DAL,0,0,0,0,0,0,0,0,0,0,0,0,0,0,0,0
2023,1101,Deonte Harty,BUF,WR,1,16,LAC,0,0,0,0,0,0,0,0,0,0,0,0,0,0,0,0
2023,1102,Deonte Harty,BUF,WR,1,17,NE,0,0,0,0,0,0,0,0,0,0,0,0,0,0,0,0
2023,1103,Josh Oliver,MIN,TE,1,14,LV,12.5,1,2.8,0,0,0,0,0,0,0,0,0,0,0,0,0
2023,1104,Scott Miller,ATL,WR,1,13,NYJ,0,0,0,0,0,0,0,0,0,0,0,0,0,0,0,0
2023,1105,Scott Miller,ATL,WR,1,14,TB,50,3,7.5,0,0,0,0,0,0,0,0,0,0,0,0,0
2023,1106,Scott Miller,ATL,WR,1,15,CAR,0,0,0,0,0,0,0,0,0,0,0,0,0,0,0,0
2023,1107,Scott Miller,ATL,WR,1,17,CHI,0,0,0,0,0,0,0,0,0,0,0,0,0,0,0,0
2023,1108,Trenton Irwin,CIN,WR,1,14,IND,0,0,0,0,0,0,0,0,0,0,0,0,0,0,0,0
2023,1109,Trenton Irwin,CIN,WR,1,15,MIN,0,0,0,0,0,0,0,0,0,0,0,0,0,0,0,0
2023,1110,Lil'Jordan Humphrey,DEN,WR,1,16,NE,0,0,0,0,0,0,0,0,0,0,0,0,0,0,0,0
2023,1111,Lil'Jordan Humphrey,DEN,WR,1,18,LV,9.090909090909092,1,2.9,0,0,0,0,0,0,0,0,0,0,0,0,0
2023,1112,Jalen Guyton,LAC,WR,1,17,DEN,0,0,0,0,0,0,0,0,0,0,0,0,0,0,0,0
2023,1113,Drew Sample,CIN,TE,1,15,MIN,7.6923076923076925,1,2.4,0,0,0,0,0,0,0,0,0,0,0,0,0
2023,1114,Noah Fant,SEA,TE,1,16,TEN,0,0,0,0,0,0,0,0,0,0,0,0,0,0,0,0
2023,1115,Noah Fant,SEA,TE,1,18,ARZ,0,0,0,0,0,0,0,0,0,0,0,0,0,0,0,0
2023,1116,Terry McLaurin,WAS,WR,1,13,MIA,8.823529411764707,3,13,0,0,0,0,0,0,0,0,0,1,0,0,0
2023,1117,Marquise Brown,ARZ,WR,1,13,PIT,100,2,8.7,0,0,0,0,0,0,0,0,0,0,0,0,0
2023,1118,Marquise Brown,ARZ,WR,1,15,SF,0,0,0,0,0,0,0,0,0,0,0,0,0,0,0,0
2023,1119,Dawson Knox,BUF,TE,1,15,DAL,0,0,0,0,0,0,0,0,0,0,0,0,0,0,0,0
2023,1120,Dawson Knox,BUF,TE,1,17,NE,0,0,0,0,0,0,0,0,0,0,0,0,0,0,0,0
2023,1121,Miles Boykin,PIT,WR,1,13,ARZ,0,0,0,0,0,0,0,0,0,0,0,0,0,0,0,0
2023,1122,Miles Boykin,PIT,WR,1,17,SEA,0,0,0,0,0,0,0,0,0,0,0,0,0,0,0,0
2023,1123,Mitchell Wilcox,CIN,TE,1,14,IND,16.666666666666664,1,4,1,0,0,0,0,100,0,0,0,0,0,1,1
2023,1124,Mitchell Wilcox,CIN,TE,1,17,KC,16.666666666666664,1,3,0,0,0,0,0,0,0,0,1,1,0,0,0
2023,1125,Mitchell Wilcox,CIN,TE,1,18,CLV,0,0,0,0,0,0,0,0,0,0,0,0,0,0,0,0
2023,1126,Juwan Johnson,NO,TE,1,13,DET,10.714285714285714,3,10.3,0,0,0,0,0,0,0,0,0,0,0,0,0
2023,1127,James Proche,CLV,WR,1,18,CIN,100,2,7.7,0,0,0,0,0,0,0,0,0,0,0,0,0
2023,1128,Lawrence Cager,NYG,TE,1,14,GB,0,0,0,0,0,0,0,0,0,0,0,0,0,0,0,0
2023,1129,Isaiah Hodgins,NYG,WR,1,15,NO,12.5,1,2.6,0,0,0,0,0,0,0,0,0,0,0,0,0
2023,1130,Isaiah Hodgins,NYG,WR,1,16,PHI,0,0,0,0,0,0,0,0,0,0,0,0,0,0,0,0
2023,1131,Mason Kinsey,TEN,WR,1,15,HST,0,0,0,0,0,0,0,0,0,0,0,0,0,0,0,0
2023,1132,Mason Kinsey,TEN,WR,1,17,HST,0,0,0,0,0,0,0,0,0,0,0,0,0,0,0,0
2023,1133,Gabe Davis,BUF,WR,1,14,KC,15.384615384615385,2,4.8,0,0,0,0,0,0,0,0,0,0,0,0,0
2023,1134,Gabe Davis,BUF,WR,1,15,DAL,7.6923076923076925,1,6.7,0,0,0,0,0,0,0,0,0,0,0,0,0
2023,1135,Gabe Davis,BUF,WR,1,18,MIA,15.384615384615385,2,5.3,0,0,0,0,0,0,0,0,1,1,0,0,0
2023,1136,Harrison Bryant,CLV,TE,1,14,JAX,0,0,0,0,0,0,0,0,0,0,0,0,0,0,0,0
2023,1137,Harrison Bryant,CLV,TE,1,15,CHI,10,1,2.2,0,0,0,0,0,0,0,0,0,0,0,0,0
2023,1138,Harrison Bryant,CLV,TE,1,18,CIN,0,0,0,0,0,0,0,0,0,0,0,0,0,0,0,0
2023,1139,Donovan Peoples-Jones,DET,WR,1,13,NO,16.666666666666664,1,4,0,0,0,0,0,0,0,0,1,1,0,0,0
2023,1140,Donovan Peoples-Jones,DET,WR,1,17,DAL,0,0,0,0,0,0,0,0,0,0,0,0,0,0,0,0
2023,1141,Colby Parkinson,SEA,TE,1,13,DAL,0,0,0,0,0,0,0,0,0,0,0,0,0,0,0,0
2023,1142,Collin Johnson,CHI,WR,1,16,ARZ,0,0,0,0,0,0,0,0,0,0,0,0,0,0,0,0
2023,1143,Collin Johnson,CHI,WR,1,18,GB,0,0,0,0,0,0,0,0,0,0,0,0,0,0,0,0
2023,1144,Jauan Jennings,SF,WR,1,14,SEA,14.285714285714285,1,3.7,0,0,0,0,0,0,0,0,0,0,0,0,0
2023,1145,Quez Watkins,PHI,WR,1,14,DAL,0,0,0,0,0,0,0,0,0,0,0,0,0,0,0,0
2023,1146,Quez Watkins,PHI,WR,1,15,SEA,6.25,1,3.2,0,0,0,0,0,0,0,0,0,0,0,0,0
2023,1147,Cole Kmet,CHI,TE,1,17,ATL,0,0,0,0,0,0,0,0,0,0,0,0,0,0,0,0
2023,1148,Chase Claypool,MIA,WR,1,16,DAL,0,0,0,0,0,0,0,0,0,0,0,0,0,0,0,0
2023,1149,Chase Claypool,MIA,WR,1,17,BLT,20,1,2.6,0,0,0,0,0,0,0,0,0,0,0,0,0
2023,1150,K.J. Osborn,MIN,WR,1,17,GB,0,0,0,0,0,0,0,0,0,0,0,0,0,0,0,0
2023,1151,Lynn Bowden,NO,WR,1,16,LA,0,0,0,0,0,0,0,0,0,0,0,0,0,0,0,0
2023,1152,Jalen Reagor,NE,WR,1,14,PIT,7.6923076923076925,1,3.6,0,0,0,0,0,0,0,0,0,0,0,0,0
2023,1153,Jalen Reagor,NE,WR,1,15,KC,7.6923076923076925,1,3.2,0,0,0,0,0,0,0,0,0,0,0,0,0
2023,1154,Van Jefferson,ATL,WR,1,13,NYJ,0,0,0,0,0,0,0,0,0,0,0,0,0,0,0,0
2023,1155,Van Jefferson,ATL,WR,1,14,TB,0,0,0,0,0,0,0,0,0,0,0,0,0,0,0,0
2023,1156,Van Jefferson,ATL,WR,1,15,CAR,9.090909090909092,1,5,0,0,0,0,0,0,0,0,0,0,0,0,0
2023,1157,Adam Trautman,DEN,TE,1,16,NE,15.384615384615385,2,5.4,0,0,0,0,0,0,0,0,1,1,0,0,0
2023,1158,Albert Okwuegbunam,PHI,TE,1,13,SF,100,1,2.1,0,0,0,0,0,0,0,0,0,0,0,0,0
2023,1159,Brycen Hopkins,LA,TE,1,14,BLT,0,0,0,0,0,0,0,0,0,0,0,0,0,0,0,0
2023,1160,Brycen Hopkins,LA,TE,1,15,WAS,0,0,0,0,0,0,0,0,0,0,0,0,0,0,0,0
2023,1161,Brycen Hopkins,LA,TE,1,16,NO,0,0,0,0,0,0,0,0,0,0,0,0,0,0,0,0
2023,1162,Charlie Woerner,SF,TE,1,13,PHI,0,0,0,0,0,0,0,0,0,0,0,0,0,0,0,0
2023,1163,Charlie Woerner,SF,TE,1,15,ARZ,0,0,0,0,0,0,0,0,0,0,0,0,0,0,0,0
2023,1164,Charlie Woerner,SF,TE,1,16,BLT,0,0,0,0,0,0,0,0,0,0,0,0,0,0,0,0
2023,1165,Charlie Woerner,SF,TE,1,17,WAS,0,0,0,0,0,0,0,0,0,0,0,0,0,0,0,0
2023,1166,Stephen Sullivan,CAR,TE,1,14,NO,25,4,11.1,0,0,0,0,0,0,0,0,0,0,0,0,0
2023,1167,Stephen Sullivan,CAR,TE,1,17,JAX,12.5,2,6.3,0,0,0,0,0,0,0,0,0,0,0,0,0
2023,1168,Stephen Sullivan,CAR,TE,1,18,TB,12.5,2,11.1,0,0,0,0,0,0,0,0,0,0,0,0,0
2023,1169,Mike Strachan,CAR,WR,1,13,TB,100,1,3.2,0,0,0,0,0,0,0,0,0,0,0,0,0
2023,1170,Mike Strachan,CAR,WR,1,14,NO,0,0,0,0,0,0,0,0,0,0,0,0,0,0,0,0
2023,1171,Tim Jones,JAX,WR,1,13,CIN,11.11111111111111,1,2.6,0,0,0,0,0,0,0,0,0,0,0,0,0
2023,1172,Tim Jones,JAX,WR,1,14,CLV,0,0,0,0,0,0,0,0,0,0,0,0,0,0,0,0
2023,1173,Tim Jones,JAX,WR,1,15,BLT,0,0,0,0,0,0,0,0,0,0,0,0,0,0,0,0
2023,1174,Tim Jones,JAX,WR,1,17,CAR,11.11111111111111,1,4.2,0,0,0,0,0,0,0,0,0,0,0,0,0
2023,1175,Kenny Yeboah,NYJ,TE,1,14,HST,0,0,0,0,0,0,0,0,0,0,0,0,0,0,0,0
2023,1176,Kenny Yeboah,NYJ,TE,1,15,MIA,0,0,0,0,0,0,0,0,0,0,0,0,0,0,0,0
2023,1177,Kenny Yeboah,NYJ,TE,1,16,WAS,25,1,2,0,0,0,0,0,0,0,0,0,0,0,0,0
2023,1178,Kenny Yeboah,NYJ,TE,1,18,NE,0,0,0,0,0,0,0,0,0,0,0,0,0,0,0,0
2023,1179,Rashod Bateman,BLT,WR,1,18,PIT,0,0,0,0,0,0,0,0,0,0,0,0,0,0,0,0
2023,1180,Brevin Jordan,HST,TE,1,18,IND,0,0,0,0,0,0,0,0,0,0,0,0,0,0,0,0
2023,1181,Dyami Brown,WAS,WR,1,13,MIA,50,1,4.3,1,0,0,0,0,100,0,0,1,1,0,1,1
2023,1182,Dyami Brown,WAS,WR,1,15,LA,50,1,2.8,0,0,0,0,0,0,0,0,0,0,0,0,0
2023,1183,Dyami Brown,WAS,WR,1,16,NYJ,0,0,0,0,0,0,0,0,0,0,0,0,0,0,0,0
2023,1184,Dyami Brown,WAS,WR,1,17,SF,0,0,0,0,0,0,0,0,0,0,0,0,0,0,0,0
2023,1185,Dyami Brown,WAS,WR,1,18,DAL,0,0,0,0,0,0,0,0,0,0,0,0,0,0,0.2,0.16
2023,1186,John Bates,WAS,TE,1,13,MIA,11.11111111111111,1,4.3,0,0,0,0,0,0,0,0,0,0,0,0,0
2023,1187,John Bates,WAS,TE,1,15,LA,11.11111111111111,1,2.8,0,0,0,0,0,0,0,0,0,0,0,0,0
2023,1188,John Bates,WAS,TE,1,18,DAL,11.11111111111111,1,3.6,0,0,0,0,0,0,0,0,0,0,0,0,0
2023,1189,Tylan Wallace,BLT,WR,1,14,LA,0,0,0,0,0,0,0,0,0,0,0,0,0,0,0,0
2023,1190,Tylan Wallace,BLT,WR,1,17,MIA,0,0,0,0,0,0,0,0,0,0,0,0,0,0,0,0
2023,1191,Ihmir Smith-Marsette,CAR,WR,1,13,TB,0,0,0,0,0,0,0,0,0,0,0,0,0,0,0,0
2023,1192,Ihmir Smith-Marsette,CAR,WR,1,14,NO,11.11111111111111,1,2.8,0,0,0,0,0,0,0,0,0,0,0,1,1
2023,1193,Noah Gray,KC,TE,1,14,BUF,0,0,0,0,0,0,0,0,0,0,0,0,0,0,0,0
2023,1194,Noah Gray,KC,TE,1,18,LAC,16.666666666666664,2,6.7,0,0,0,0,0,0,0,0,0,0,0,0,0
2023,1195,Jack Stoll,PHI,TE,1,13,SF,0,0,0,0,0,0,0,0,0,0,0,0,0,0,0,0
2023,1196,Jack Stoll,PHI,TE,1,14,DAL,0,0,0,0,0,0,0,0,0,0,0,0,0,0,0,0
2023,1197,Jack Stoll,PHI,TE,1,15,SEA,0,0,0,0,0,0,0,0,0,0,0,0,0,0,0,0
2023,1198,Jack Stoll,PHI,TE,1,16,NYG,0,0,0,0,0,0,0,0,0,0,0,0,0,0,0,0
2023,1199,Jack Stoll,PHI,TE,1,17,ARZ,0,0,0,0,0,0,0,0,0,0,0,0,0,0,0,0
2023,1200,Brock Wright,DET,TE,1,15,DEN,0,0,0,0,0,0,0,0,0,0,0,0,0,0,0,0
2023,1201,Tutu Atwell,LA,WR,1,14,BLT,14.285714285714285,1,2.4,0,0,0,0,0,0,0,0,0,0,0,0,0
2023,1202,Tutu Atwell,LA,WR,1,16,NO,0,0,0,0,0,0,0,0,0,0,0,0,0,0,0,0
2023,1203,Tutu Atwell,LA,WR,1,17,NYG,0,0,0,0,0,0,0,0,0,0,0,0,0,0,0,0
2023,1204,Ben Skowronek,LA,WR,1,14,BLT,0,0,0,0,0,0,0,0,0,0,0,0,0,0,0,0
2023,1205,Luke Farrell,JAX,TE,1,14,CLV,0,0,0,0,0,0,0,0,0,0,0,0,0,0,0,0
2023,1206,Luke Farrell,JAX,TE,1,18,TEN,0,0,0,0,0,0,0,0,0,0,0,0,0,0,0,0
2023,1207,Pat Freiermuth,PIT,TE,1,16,CIN,0,0,0,0,0,0,0,0,0,0,0,0,0,0,0,0
2023,1208,Kadarius Toney,KC,WR,1,13,GB,0,0,0,0,0,0,0,0,0,0,0,0,0,0,0.6,0.6
2023,1209,Elijah Moore,CLV,WR,1,18,CIN,0,0,0,0,0,0,0,0,0,0,0,0,0,0,0,0
2023,1210,Cole Turner,WAS,TE,1,16,NYJ,0,0,0,0,0,0,0,0,0,0,0,0,0,0,0,0
2023,1211,Grant Calcaterra,PHI,TE,1,13,SF,0,0,0,0,0,0,0,0,0,0,0,0,0,0,0,0
2023,1212,Grant Calcaterra,PHI,TE,1,14,DAL,0,0,0,0,0,0,0,0,0,0,0,0,0,0,0,0
2023,1213,Grant Calcaterra,PHI,TE,1,17,ARZ,0,0,0,0,0,0,0,0,0,0,0,0,0,0,0,0
2023,1214,Samori Toure,GB,WR,1,16,CAR,28.57142857142857,2,7.1,0,0,0,0,0,0,0,0,0,0,0,0,0
2023,1215,Justyn Ross,KC,WR,1,17,CIN,0,0,0,0,0,0,0,0,0,0,0,0,0,0,0,0
2023,1216,Jameson Williams,DET,WR,1,14,CHI,5.555555555555555,1,2.9,0,0,0,0,0,0,0,0,0,0,0,0.4,0.4
2023,1217,George Pickens,PIT,WR,1,18,BLT,0,0,0,0,0,0,0,0,0,0,0,0,0,0,0.3,0.3
2023,1218,David Bell,CLV,WR,1,15,CHI,0,0,0,0,0,0,0,0,0,0,0,0,0,0,0,0
2023,1219,Khalil Shakir,BUF,WR,1,15,DAL,6.666666666666667,1,6.7,0,0,0,0,0,0,0,0,0,0,0,0,0
2023,1220,Kyle Philips,TEN,WR,1,14,MIA,0,0,0,0,0,0,0,0,0,0,0,0,0,0,0,0
2023,1221,James Mitchell,DET,TE,1,14,CHI,0,0,0,0,0,0,0,0,0,0,0,0,0,0,0,0
2023,1222,James Mitchell,DET,TE,1,15,DEN,0,0,0,0,0,0,0,0,0,0,0,0,0,0,0,0
2023,1223,James Mitchell,DET,TE,1,16,MIN,0,0,0,0,0,0,0,0,0,0,0,0,0,0,0,0
2023,1224,Andrew Ogletree,IND,TE,1,13,TEN,25,1,2.4,0,0,0,0,0,0,0,0,0,0,0,0,0
2023,1225,Andrew Ogletree,IND,TE,1,14,CIN,50,2,5.1,0,0,0,0,0,0,0,0,0,0,0,0,0
2023,1226,Andrew Ogletree,IND,TE,1,15,PIT,25,1,3.6,0,0,0,0,0,0,0,0,1,1,0,0,0
2023,1227,Andrew Ogletree,IND,TE,1,16,ATL,0,0,0,0,0,0,0,0,0,0,0,0,0,0,0,0
2023,1228,Connor Heyward,PIT,TE,1,13,ARZ,33.33333333333333,2,7.4,0,0,0,0,0,0,0,0,0,0,0,0,0
2023,1229,Connor Heyward,PIT,TE,1,15,IND,0,0,0,0,0,0,0,0,0,0,0,0,0,0,0,0
2023,1230,Connor Heyward,PIT,TE,1,16,CIN,0,0,0,0,0,0,0,0,0,0,0,0,0,0,0,0
2023,1231,Connor Heyward,PIT,TE,1,17,SEA,0,0,0,0,0,0,0,0,0,0,0,0,0,0,0,0
2023,1232,Ko Kieft,TB,TE,1,14,ATL,50,1,3.4,0,0,0,0,0,0,0,0,0,0,0,0,0
2023,1233,Ko Kieft,TB,TE,1,16,JAX,0,0,0,0,0,0,0,0,0,0,0,0,0,0,0,0
2023,1234,Ko Kieft,TB,TE,1,18,CAR,0,0,0,0,0,0,0,0,0,0,0,0,0,0,0,0
2023,1235,Brandon Johnson,DEN,WR,1,13,HST,0,0,0,0,0,0,0,0,0,0,0,0,0,0,0,0
2023,1236,Brandon Johnson,DEN,WR,1,14,LAC,0,0,0,0,0,0,0,0,0,0,0,0,0,0,0,0
2023,1237,Brandon Johnson,DEN,WR,1,15,DET,5.88235294117647,1,3.1,0,0,0,0,0,0,0,0,1,1,0,0,0
2023,1238,Stone Smartt,LAC,TE,1,13,NE,10,1,2.7,0,0,0,0,0,0,0,0,0,0,0,0,0
2023,1239,Deven Thompkins,TB,WR,1,14,ATL,0,0,0,0,0,0,0,0,0,0,0,0,0,0,0,0
2023,1240,Deven Thompkins,TB,WR,1,15,GB,0,0,0,0,0,0,0,0,0,0,0,0,0,0,-0.1,-0.1
2023,1241,Deven Thompkins,TB,WR,1,16,JAX,0,0,0,0,0,0,0,0,0,0,0,0,0,0,0,0
2023,1242,Deven Thompkins,TB,WR,1,17,NO,50,2,6.1,1,0,0,0,0,50,0,0,0,0,0,1,1
2023,1243,Lucas Krull,DEN,TE,1,13,HST,8.333333333333332,1,3.8,0,0,0,0,0,0,0,0,1,1,0,0,0
2023,1244,Lucas Krull,DEN,TE,1,18,LV,8.333333333333332,1,2.9,0,0,0,0,0,0,0,0,0,0,0,0,0
2023,1245,Peyton Hendershot,DAL,TE,1,14,PHI,0,0,0,0,0,0,0,0,0,0,0,0,0,0,0,0
2023,1246,Peyton Hendershot,DAL,TE,1,16,MIA,25,1,3.1,0,0,0,0,0,0,0,0,1,1,0,0,0
2023,1247,John Metchie,HST,WR,1,16,CLV,17.647058823529413,3,6.1,0,0,0,0,0,0,0,0,2,2,0,0,0
2023,1248,Tucker Fisk,ATL,TE,1,17,CHI,0,0,0,0,0,0,0,0,0,0,0,0,0,0,0,0
2023,1249,Tucker Fisk,ATL,TE,1,18,NO,0,0,0,0,0,0,0,0,0,0,0,0,0,0,0,0
2023,1250,Alec Pierce,IND,WR,1,18,HST,12,3,12.5,0,0,0,0,0,0,0,0,0,0,0,0,0
2023,1251,Jalen Tolbert,DAL,WR,1,14,PHI,0,0,0,0,0,0,0,0,0,0,0,0,0,0,0,0
2023,1252,Jalen Tolbert,DAL,WR,1,15,BUF,0,0,0,0,0,0,0,0,0,0,0,0,0,0,0,0
2023,1253,Jahan Dotson,WAS,WR,1,17,SF,7.142857142857142,1,3.6,0,0,0,0,0,0,0,0,1,1,0,0,0
2023,1254,Treylon Burks,TEN,WR,1,13,IND,0,0,0,0,0,0,0,0,0,0,0,0,0,0,0,0
2023,1255,Treylon Burks,TEN,WR,1,18,JAX,0,0,0,0,0,0,0,0,0,0,0,0,0,0,0,0
2023,1256,Velus Jones,CHI,WR,1,15,CLV,0,0,0,0,0,0,0,0,0,0,0,0,0,0,2.3,2.3
2023,1257,Velus Jones,CHI,WR,1,16,ARZ,50,1,3.7,0,0,0,0,0,0,0,0,0,0,0,0.4,0.4
2023,1258,Velus Jones,CHI,WR,1,17,ATL,0,0,0,0,0,0,0,0,0,0,0,0,0,0,0.2,0.2
2023,1259,Velus Jones,CHI,WR,1,18,GB,0,0,0,0,0,0,0,0,0,0,0,0,0,0,0,0
2023,1260,Kavontae Turpin,DAL,WR,1,14,PHI,20,1,2.6,0,0,0,0,0,0,0,0,0,0,0,2.2,2.2
2023,1261,Kavontae Turpin,DAL,WR,1,15,BUF,0,0,0,0,0,0,0,0,0,0,0,0,0,0,0,0
2023,1262,Kavontae Turpin,DAL,WR,1,18,WAS,0,0,0,0,0,0,0,0,0,0,0,0,0,0,0.5,0.5
2023,1263,Jeremy Ruckert,NYJ,TE,1,16,WAS,0,0,0,0,0,0,0,0,0,0,0,0,0,0,0,0
2023,1264,Romeo Doubs,GB,WR,1,18,CHI,3.7037037037037033,1,3.1,0,0,0,0,0,0,0,0,0,1,0,0,0
2023,1265,Calvin Austin,PIT,WR,1,14,NE,0,0,0,0,0,0,0,0,0,0,0,0,0,0,1.2,1.2
2023,1266,Calvin Austin,PIT,WR,1,15,IND,0,0,0,0,0,0,0,0,0,0,0,0,0,0,0,0
2023,1267,Calvin Austin,PIT,WR,1,16,CIN,66.66666666666666,2,7.4,0,0,0,0,0,0,0,0,0,0,0,6.7,6.7
2023,1268,Calvin Austin,PIT,WR,1,17,SEA,0,0,0,0,0,0,0,0,0,0,0,0,0,0,0,0
2023,1269,Calvin Austin,PIT,WR,1,18,BLT,0,0,0,0,0,0,0,0,0,0,0,0,0,0,0.8,0.8
2023,1270,Charlie Kolar,BLT,TE,1,14,LA,0,0,0,0,0,0,0,0,0,0,0,0,0,0,0,0
2023,1271,Skyy Moore,KC,WR,1,14,BUF,33.33333333333333,1,2.3,0,0,0,0,0,0,0,0,0,0,0,0,0
2023,1272,Skyy Moore,KC,WR,1,15,NE,0,0,0,0,0,0,0,0,0,0,0,0,0,0,0,0
2023,1273,Tyquan Thornton,NE,WR,1,13,LAC,9.090909090909092,1,4,0,0,0,0,0,0,0,0,0,0,0,3.9,3.9
2023,1274,Daniel Bellinger,NYG,TE,1,18,PHI,0,0,0,0,0,0,0,0,0,0,0,0,0,0,0,0
2023,1275,Cade Otton,TB,TE,1,13,CAR,0,0,0,0,0,0,0,0,0,0,0,0,0,0,0,0
2023,1276,Will Mallory,IND,TE,1,15,PIT,0,0,0,0,0,0,0,0,0,0,0,0,0,0,0,0
2023,1277,Will Mallory,IND,TE,1,18,HST,7.142857142857142,1,4.2,0,0,0,0,0,0,0,0,0,0,0,0,0
2023,1278,Malik Heath,GB,WR,1,16,CAR,7.142857142857142,1,3.6,1,0,0,0,0,100,0,0,0,0,0,1,1
2023,1279,Jason Brownlee,NYJ,WR,1,13,ATL,0,0,0,0,0,0,0,0,0,0,0,0,0,0,0,0
2023,1280,Jason Brownlee,NYJ,WR,1,18,NE,16.666666666666664,1,5,0,0,0,0,0,0,0,0,0,0,0,0,0
2023,1281,Luke Schoonmaker,DAL,TE,1,14,PHI,0,0,0,0,0,0,0,0,0,0,0,0,0,0,0,0
2023,1282,Luke Schoonmaker,DAL,TE,1,15,BUF,0,0,0,0,0,0,0,0,0,0,0,0,0,0,0,0
2023,1283,Luke Schoonmaker,DAL,TE,1,17,DET,0,0,0,0,0,0,0,0,0,0,0,0,0,0,0,0
2023,1284,Luke Schoonmaker,DAL,TE,1,18,WAS,0,0,0,0,0,0,0,0,0,0,0,0,0,0,0,0
2023,1285,Darnell Washington,PIT,TE,1,13,ARZ,0,0,0,0,0,0,0,0,0,0,0,0,0,0,0,0
2023,1286,Darnell Washington,PIT,TE,1,15,IND,0,0,0,0,0,0,0,0,0,0,0,0,0,0,0,0
2023,1287,Darnell Washington,PIT,TE,1,17,SEA,0,0,0,0,0,0,0,0,0,0,0,0,0,0,0,0
2023,1288,Darnell Washington,PIT,TE,1,18,BLT,0,0,0,0,0,0,0,0,0,0,0,0,0,0,0,0
2023,1289,Michael Wilson,ARZ,WR,1,15,SF,15.789473684210526,3,7.7,0,0,0,0,0,0,0,0,1,1,0,0,0
2023,1290,Michael Wilson,ARZ,WR,1,16,CHI,21.052631578947366,4,10.5,0,0,0,0,0,0,0,0,0,0,0,0,0
2023,1291,Tre Tucker,LV,WR,1,14,MIN,6.25,1,3.1,0,0,0,0,0,0,0,0,0,0,0,0,0
2023,1292,Derius Davis,LAC,WR,1,13,NE,0,0,0,0,0,0,0,0,0,0,0,0,0,0,0,0
2023,1293,Derius Davis,LAC,WR,1,17,DEN,0,0,0,0,0,0,0,0,0,0,0,0,0,0,0.2,0.2
2023,1294,Charlie Jones,CIN,WR,1,13,JAX,0,0,0,0,0,0,0,0,0,0,0,0,0,0,0,0
2023,1295,Charlie Jones,CIN,WR,1,14,IND,0,0,0,0,0,0,0,0,0,0,0,0,0,0,0,0
2023,1296,Xavier Hutchinson,HST,WR,1,15,TEN,20,3,8.3,0,0,0,0,0,0,0,0,0,0,0,0.5,0.5
2023,1297,Andrei Iosivas,CIN,WR,1,13,JAX,0,0,0,0,0,0,0,0,0,0,0,0,0,0,0,0
2023,1298,Andrei Iosivas,CIN,WR,1,14,IND,0,0,0,0,0,0,0,0,0,0,0,0,0,0,0,0
2023,1299,Andrei Iosivas,CIN,WR,1,17,KC,0,0,0,0,0,0,0,0,0,0,0,0,0,0,0,0
2023,1300,Ronnie Bell,SF,WR,1,13,PHI,0,0,0,0,0,0,0,0,0,0,0,0,0,0,0,0
2023,1301,Ronnie Bell,SF,WR,1,15,ARZ,12.5,1,3.6,0,0,0,0,0,0,0,0,0,0,0,0,0
2023,1302,Ronnie Bell,SF,WR,1,17,WAS,12.5,1,3.6,0,0,0,0,0,0,0,0,0,0,0,0,0
2023,1303,Elijah Cooks,JAX,WR,1,14,CLV,0,0,0,0,0,0,0,0,0,0,0,0,0,0,0,0
2023,1304,Elijah Cooks,JAX,WR,1,15,BLT,25,1,2.3,0,0,0,0,0,0,0,0,0,1,0,0,0
2023,1305,Elijah Cooks,JAX,WR,1,17,CAR,0,0,0,0,0,0,0,0,0,0,0,0,0,0,0,0
2023,1306,Elijah Cooks,JAX,WR,1,18,TEN,0,0,0,0,0,0,0,0,0,0,0,0,0,0,0,0
2023,1307,Julian Hill,MIA,TE,1,14,TEN,0,0,0,0,0,0,0,0,0,0,0,0,0,0,0,0
2023,1308,Julian Hill,MIA,TE,1,15,NYJ,0,0,0,0,0,0,0,0,0,0,0,0,0,0,0,0
2023,1309,Julian Hill,MIA,TE,1,16,DAL,0,0,0,0,0,0,0,0,0,0,0,0,0,0,0,0
2023,1310,Jake Bobo,SEA,WR,1,14,SF,0,0,0,0,0,0,0,0,0,0,0,0,0,0,0,0
2023,1311,Ben Sims,GB,TE,1,14,NYG,0,0,0,0,0,0,0,0,0,0,0,0,0,0,0,0
2023,1312,Ben Sims,GB,TE,1,15,TB,33.33333333333333,1,2.6,0,0,0,0,0,0,0,0,0,0,0,0,0
2023,1313,Ben Sims,GB,TE,1,16,CAR,0,0,0,0,0,0,0,0,0,0,0,0,0,0,0,0
2023,1314,Ben Sims,GB,TE,1,18,CHI,0,0,0,0,0,0,0,0,0,0,0,0,0,0,0,0
2023,1315,Dalton Kincaid,BUF,TE,1,15,DAL,7.6923076923076925,2,13.3,0,0,0,0,0,0,0,0,0,0,0,0,0
2023,1316,Brenton Strange,JAX,TE,1,16,TB,0,0,0,0,0,0,0,0,0,0,0,0,0,0,0,0
2023,1317,Brenton Strange,JAX,TE,1,18,TEN,0,0,0,0,0,0,0,0,0,0,0,0,0,0,0,0
2023,1318,Jalin Hyatt,NYG,WR,1,15,NO,25,3,7.9,0,0,0,0,0,0,0,0,0,0,0,0,0
2023,1319,Jalin Hyatt,NYG,WR,1,16,PHI,0,0,0,0,0,0,0,0,0,0,0,0,0,0,0,0
2023,1320,Tyler Scott,CHI,WR,1,16,ARZ,0,0,0,0,0,0,0,0,0,0,0,0,0,0,0,0
2023,1321,Marvin Mims,DEN,WR,1,15,DET,16.666666666666664,2,6.3,0,0,0,0,0,0,0,0,0,0,0,1.1,1.1
2023,1322,Payne Durham,TB,TE,1,13,CAR,0,0,0,0,0,0,0,0,0,0,0,0,0,0,0,0
2023,1323,Payne Durham,TB,TE,1,14,ATL,0,0,0,0,0,0,0,0,0,0,0,0,0,0,0,0
2023,1324,Payne Durham,TB,TE,1,15,GB,0,0,0,0,0,0,0,0,0,0,0,0,0,0,0,0
2023,1325,Payne Durham,TB,TE,1,17,NO,0,0,0,0,0,0,0,0,0,0,0,0,0,0,0,0
2023,1326,Payne Durham,TB,TE,1,18,CAR,0,0,0,0,0,0,0,0,0,0,0,0,0,0,0,0
2023,1327,Jonathan Mingo,CAR,WR,1,17,JAX,10.714285714285714,3,9.4,2,0,0,0,0,66.7,0,0,0,0,0,2,2
2023,1328,Davis Allen,LA,TE,1,16,NO,0,0,0,0,0,0,0,0,0,0,0,0,0,0,0,0
2023,1329,Davis Allen,LA,TE,1,17,NYG,0,0,0,0,0,0,0,0,0,0,0,0,0,0,0,0
2023,1330,Charlie Jones,CIN,WR,1,16,PIT,14.285714285714285,1,2.4,1,-1,-0.3,-1,-1,100,0,0,0,0,0,0.9,0.9
2023,1331,Robert Woods,HST,WR,1,14,NYJ,16.666666666666664,3,10.7,1,-2,-2.1,-2,-0.67,33.3,0,0,0,0,0,0.8,0.8
2023,1332,Derius Davis,LAC,WR,1,15,LV,50,2,6.3,1,-2,-0.8,-2,-1,50,0,0,0,0,0,0.8,0.8
2023,1333,Tre Tucker,LV,WR,1,16,KC,6.25,1,4.8,1,-4,-6.5,-4,-4,100,0,0,0,1,0,1.1,1.1
2023,1334,Samori Toure,GB,WR,1,17,MIN,14.285714285714285,1,2.9,1,-6,-2,-6,-6,100,0,0,0,1,0,0.4,0.4
Exported from Data Suite 2.0 by michaelgingrave (user 380) on 2026-09-09 23:13 UTC,,,,,,,,,,,,,,,,,,,,,,,