,Player Details,Player Details,Player Details,Player Details,Player Details,Splits,Splits,Splits,Splits,Receiving,Receiving,Receiving,Receiving,Receiving,Receiving,Receiving,Receiving,Receiving,Receiving,Receiving,Receiving,Receiving,Receiving,Receiving,Receiving,Receiving,Receiving,Receiving,Receiving,Receiving,Receiving,Receiving,Receiving,Receiving,Receiving,Advanced,Advanced,Advanced,Advanced,Advanced,Advanced,Advanced,Advanced,Advanced,Advanced,Advanced,Advanced,Advanced,Advanced,Advanced,Advanced,Advanced,Advanced,Advanced,Advanced,Advanced,Advanced,Alignment,Alignment,Alignment,Alignment,FP,FP,FP,FP,FP,FP,FP,FP
Season,Rank,Name,Team,POS,G,WEEK,OPP,RTE %,TGT %,SNAP %,RTE,RTE %,TGT,TGT %,YPRR,TPRR,aDOT,AY,AY Share,YDS,TM YDS %,YPT,YPR,REC,CR %,YAC,YAC/REC,YACO,YACO/REC,TD,XTD,TM TD %,i20 TGT,EZTGT,EZTD,1D,1D/RR,RATE,1READ,1READ %,DESIGN,DESIGN %,CTGT,CTGT %,DEEP,EXP %,DRP,DRP %,CT,CC,CC %,HERO,MTF,MTF/REC,THREAT %,YPTOE,EPA/TGT,WIDE RTE %,SLOT RTE %,INLINE RTE %,BACK RTE %,FP,XFP,FP/G,XFP/G,DIFF,FP/RR,XFP/RR,RecXFP
2022,,League Avg,,,,,,,,52.483566691230706,18.12306558585114,46.99837877671334,3.5563743551952838,10.415475313190834,1.58,0.2,7.75636698599853,34.73323507737656,13.906337509211497,28.565217391304348,11.824907885040526,8.03,12.03,2.374355195283714,66.8,11.37656595431098,4.79,4.4804716285924835,1.89,0.1643330876934414,0.17123065585851083,9.070817980840085,0.47752394988946206,0.25644804716285924,0.08106116433308769,1.3758290346352247,0.076,70.6672807663972,2.7789240972733973,12.160869565217366,0.31613854089904203,8.9,2.8231392778187177,79.4,0.48047162859248344,17.9,0.17833456153279292,5,0.6477523949889462,0.33456153279292555,51.6,0.08843036109064112,0.28739867354458365,0.12,20.8,0.07,0.245,43.245320560059,35.23072955047896,20.152394988946195,1.298378776713338,6.3941783345615395,6.312380250552695,6.3941783345615395,6.312557111274876,0.08162122328666184,0.34,0.34,6.200073691967578
2022,1,Tyreek Hill,MIA,WR,1,2,BLT,19.35483870967742,20,75.4,36,70.6,13,26,5.28,0.36,10.54,137,35.7,190,40.5,14.62,17.27,11,84.6,70,6.36,24,2.18,2,1.32,33.3,0,0,0,6,0.167,126.3,11,32.4,2,15.4,13,100,2,27.3,1,7.7,1,0,0,0,5,0.45,32.5,6.68,0.855,50,47.2,2.8,0,42,35.5,42,35.51,6.49,1.17,0.99,35.5
2022,2,Justin Jefferson,MIN,WR,1,1,GB,13.063063063063062,18.0327868852459,91.8,29,87.9,11,34.4,6.34,0.38,9,99,67.3,184,66.4,16.73,20.44,9,81.8,105,11.67,22,2.44,2,1.94,100,3,1,0,7,0.241,158.3,11,44,0,0,9,81.8,0,62.5,0,0,1,1,100,1,3,0.33,36.7,8.62,1.317,58.6,37.9,0,3.4,39.4,31,39.4,31.03,8.37,1.36,1.07,31
2022,3,T.J. Hockenson,DET,TE,1,4,SEA,22.2972972972973,35.294117647058826,84.8,33,78.6,12,30,5.42,0.36,10.25,123,30.3,179,46.6,14.92,22.38,8,66.7,112,14,76,9.5,2,1.48,50,2,2,1,7,0.212,114.6,10,31.3,0,0,9,75,2,42.9,0,0,3,2,66.7,2,2,0.25,34.3,6.21,0.463,12.1,39.4,48.5,0,39.9,25.1,39.9,25.1,14.8,1.15,0.76,25.1
2022,4,Tyreek Hill,MIA,WR,1,6,MIN,23.118279569892472,23.076923076923077,76.7,43,78.2,15,31.9,4.12,0.35,12,180,43.9,177,42.3,11.8,14.75,12,80,67,5.58,17,1.42,0,0.03,0,0,0,0,9,0.209,115.8,13,44.8,2,13.3,13,86.7,4,25,1,6.7,1,1,100,0,2,0.17,44.1,3.41,0.871,62.8,37.2,0,0,29.7,28.3,29.7,28.32,1.38,0.69,0.66,28.3
2022,5,Gabe Davis,BUF,WR,1,5,PIT,13.526570048309178,24,83.3,28,71.8,6,16.7,6.11,0.21,27.5,165,36.7,171,39.6,28.5,57,3,50,70,23.33,4,1.33,2,1.01,50,0,1,0,3,0.107,95.8,3,10.7,0,0,3,50,4,66.7,0,0,2,2,100,1,0,0,21.4,16.56,1.252,92.9,7.1,0,0,32.1,21.5,32.1,21.52,10.58,1.15,0.77,21.5
2022,6,Jaylen Waddle,MIA,WR,1,2,BLT,21.578947368421055,38.775510204081634,79.7,41,80.4,19,38,4.17,0.46,10.26,195,50.8,171,36.5,9,15.55,11,57.9,85,7.73,18,1.64,2,1.56,33.3,4,2,1,9,0.22,101,18,52.9,2,10.5,17,89.5,2,22.2,2,10.5,6,3,50,0,2,0.18,45.2,0.82,0.464,75.6,24.4,0,0,40.1,39.3,40.1,39.32,0.78,0.98,0.96,39.3
2022,7,DeVonta Smith,PHI,WR,1,3,WAS,18.23204419889503,29.268292682926827,88.2,33,80.5,12,34.3,5.12,0.36,17.33,208,53.2,169,49.7,14.08,21.13,8,66.7,70,8.75,13,1.63,1,1.02,33.3,2,2,1,7,0.212,137.5,8,30.8,1,8.3,9,75,5,42.9,0,0,5,2,40,3,1,0.13,40,4.15,1.105,84.8,15.2,0,0,30.9,22.3,30.9,22.25,8.65,0.94,0.67,22.3
2022,8,Tyreek Hill,MIA,WR,1,4,CIN,19.892473118279568,21.53846153846154,93.3,37,94.9,14,37.8,4.32,0.38,12.57,176,45.8,160,52.8,11.43,16,10,71.4,72,7.2,16,1.6,0,1.16,0,1,2,0,6,0.162,79.5,7,31.8,1,7.1,12,85.7,3,20,0,0,2,1,50,0,1,0.1,42.4,3.22,0.261,51.4,35.1,8.1,5.4,25.9,34.1,25.9,34.1,-8.2,0.7,0.91,33.7
2022,9,Mack Hollins,LV,WR,1,3,TEN,24.15730337078652,35.714285714285715,96.9,43,89.6,10,22.2,3.67,0.23,16,160,41.1,158,51.5,15.8,19.75,8,80,45,5.63,25,3.13,1,0.68,50,4,3,1,6,0.14,152.1,9,27.3,0,0,8,80,3,42.9,0,0,4,2,50,0,2,0.25,26.3,6.67,1.539,86,14,0,0,30,21.1,29.96,21.08,8.88,0.69,0.48,20.8
2022,10,DeVante Parker,NE,WR,1,3,BLT,24.836601307189543,45.45454545454545,96.8,38,95,10,31.3,4.11,0.26,21.7,217,56.7,156,48.6,15.6,31.2,5,50,48,9.6,19,3.8,0,1.37,0,1,2,0,5,0.132,56.3,9,45,0,0,7,70,5,100,0,0,4,2,50,3,1,0.2,31.3,4.69,0.095,84.2,15.8,0,0,20.6,23.5,20.6,23.47,-2.87,0.54,0.62,23.5
2022,11,A.J. Brown,PHI,WR,1,1,DET,20.348837209302324,22.916666666666664,87.5,35,79.5,11,34.4,4.43,0.31,9,99,79.2,155,63.8,14.09,15.5,10,90.9,63,6.3,45,4.5,0,0.08,0,0,0,0,7,0.2,118.8,10,52.6,3,27.3,11,100,1,10,0,0,1,0,0,0,3,0.3,45.8,6.15,0.887,71.4,28.6,0,0,25.5,22.7,25.5,22.66,2.84,0.73,0.65,22.7
2022,12,Justin Jefferson,MIN,WR,1,5,CHI,18.01801801801802,21.311475409836063,100,40,90.9,13,31,3.85,0.33,6.85,89,56.3,154,48.3,11.85,12.83,12,92.3,64,5.33,20,1.67,0,0.28,0,3,0,0,9,0.225,116,12,44.4,1,7.7,13,100,1,9.1,0,0,1,1,100,0,0,0,35.1,4.52,0.91,72.5,27.5,0,0,30.3,27.6,30.32,27.62,2.7,0.68,0.68,27.4
2022,13,DK Metcalf,SEA,WR,1,4,DET,14.594594594594595,20,74.6,27,84.4,10,33.3,5.52,0.37,15.8,158,51.8,149,46.6,14.9,21.29,7,70,52,7.43,43,6.14,0,0.16,0,0,1,0,5,0.185,112.5,9,34.6,0,0,8,80,2,57.1,1,10,4,2,50,0,2,0.29,38.5,5.43,1.078,77.8,22.2,0,0,21.9,19.2,21.9,19.16,2.74,0.81,0.71,19.2
2022,14,Stefon Diggs,BUF,WR,1,2,TEN,15.668202764976957,22.22222222222222,64.6,34,81,14,35,4.35,0.41,10.36,145,46.9,148,46.7,10.57,12.33,12,85.7,35,2.92,15,1.25,3,2.23,75,4,3,2,6,0.176,150.3,11,45.8,2,14.3,12,85.7,1,11.1,0,0,2,2,100,0,1,0.08,50,2.58,1.1,85.3,14.7,0,0,44.8,37.6,44.8,37.61,7.19,1.32,1.11,37.6
2022,15,Stefon Diggs,BUF,WR,1,6,KC,17.51152073732719,19.047619047619047,87.5,38,86.4,12,30,3.89,0.32,10.25,123,42.6,148,45,12.33,14.8,10,83.3,50,5,14,1.4,1,0.85,33.3,1,1,1,8,0.211,145.8,11,52.4,2,16.7,11,91.7,2,22.2,1,8.3,2,1,50,0,0,0,36.4,4.03,0.589,55.3,44.7,0,0,30.8,28.8,30.8,28.77,2.03,0.81,0.76,28.8
2022,16,Justin Jefferson,MIN,WR,1,4,NO,16.666666666666664,21.311475409836063,94,37,88.1,13,33.3,3.97,0.35,10,130,46.4,147,51.4,11.31,14.7,10,76.9,52,5.2,17,1.7,0,1.16,0,2,1,0,5,0.135,113.3,9,33.3,2,15.4,12,92.3,1,20,2,15.4,3,2,66.7,1,1,0.1,40.6,3.1,0.374,83.8,13.5,0,2.7,31,32.7,31,32.66,-1.66,0.67,0.82,30.4
2022,17,Chris Olave,NO,WR,1,3,CAR,26.53061224489796,27.500000000000004,75,39,92.9,11,26.8,3.77,0.28,15,165,36.7,147,41.6,13.36,16.33,9,81.8,35,3.89,19,2.11,0,0.1,0,1,0,0,5,0.128,80.9,9,34.6,1,9.1,9,81.8,3,25,0,0,1,0,0,0,2,0.22,33.3,4.39,0.887,92.3,7.7,0,0,23.7,21.8,23.7,21.77,1.93,0.61,0.56,21.8
2022,18,Davante Adams,LV,WR,1,1,LAC,21.1340206185567,30,94.6,41,95.3,15,40.5,3.44,0.37,12,180,53.4,141,47.8,9.4,14.1,10,66.7,61,6.1,28,2.8,1,0.71,50,3,3,1,8,0.195,91.3,10,45.5,0,0,11,73.3,2,33.3,0,0,3,0,0,0,1,0.1,46.9,1,0.413,73.2,26.8,0,0,30.1,24.4,30.1,24.4,5.7,0.73,0.6,24.4
2022,19,Marquise Brown,ARZ,WR,1,3,LA,22.689075630252102,27.419354838709676,95.1,54,87.1,17,29.3,2.59,0.31,8.18,139,44.3,140,44.6,8.24,10,14,82.4,59,4.21,25,1.79,0,0.02,0,0,0,0,7,0.13,101,14,30.4,2,11.8,14,82.4,1,7.1,0,0,3,3,100,0,0,0,33.3,0.86,0.321,83.3,16.7,0,0,28,25.3,28,25.29,2.71,0.52,0.47,25.3
2022,20,Mike Williams,LAC,WR,1,5,CLV,13.675213675213676,26.53061224489796,84.1,32,84.2,13,38.2,4.19,0.41,8.92,116,65.5,134,58.8,10.31,13.4,10,76.9,52,5.2,6,0.6,0,0.53,0,1,1,0,6,0.188,109.1,12,41.4,1,7.7,12,92.3,2,22.2,0,0,5,2,40,2,0,0,46.4,2.51,0.346,81.3,18.8,0,0,23.4,22.3,23.4,22.34,1.06,0.73,0.7,22.3
2022,21,Michael Pittman,IND,WR,1,6,JAX,24.88888888888889,27.450980392156865,98.6,56,96.6,14,24.1,2.39,0.25,5.71,80,23.3,134,34.4,9.57,10.31,13,92.9,63,4.85,33,2.54,0,0.08,0,0,0,0,8,0.143,106.5,7,24.1,0,0,14,100,0,7.7,0,0,2,2,100,0,2,0.15,25.9,3.06,0.665,75,25,0,0,26.4,24.2,26.4,24.2,2.2,0.47,0.43,24.2
2022,22,Ja'Marr Chase,CIN,WR,1,6,NO,16.205533596837945,16.39344262295082,98.1,41,97.6,10,27,3.22,0.24,10.9,109,47.8,132,44,13.2,18.86,7,70,85,12.14,83,11.86,2,0.65,66.7,2,1,1,5,0.122,152.1,9,34.6,1,10,9,90,2,40,1,10,2,1,50,0,3,0.43,28.6,4.88,0.924,70.7,29.3,0,0,32.2,20.6,32.2,20.6,11.6,0.79,0.5,20.6
2022,23,Jaylen Waddle,MIA,WR,1,6,MIN,25.263157894736842,20.408163265306122,80.8,48,87.3,10,21.3,2.69,0.21,10.7,107,26.1,129,30.9,12.9,21.5,6,60,71,11.83,16,2.67,0,0.03,0,0,0,0,3,0.063,64.6,7,24.1,2,20,9,90,1,33.3,1,10,3,0,0,0,0,0,25.6,4.4,-0.292,58.3,37.5,0,4.2,17.9,18.6,17.9,18.59,-0.69,0.39,0.39,18.6
2022,24,Ja'Marr Chase,CIN,WR,1,1,PIT,24.50592885375494,24.59016393442623,100,62,95.4,15,28.3,2.08,0.24,8.33,125,31.9,129,38.2,8.6,12.9,10,66.7,57,5.7,45,4.5,1,1.38,50,6,6,1,10,0.161,115.7,14,42.4,1,6.7,13,86.7,1,25,1,6.7,2,0,0,0,2,0.2,30.6,0.98,0.666,75.8,22.6,0,1.6,28.9,29.1,28.9,29.06,-0.16,0.47,0.47,29.1
2022,25,Cooper Kupp,LA,WR,1,1,BUF,20.704845814977972,21.12676056338028,100,47,95.9,15,36.6,2.72,0.32,7,105,45.7,128,53.3,8.53,9.85,13,86.7,59,4.54,32,2.46,1,0.79,100,1,1,1,6,0.128,96.7,13,50,3,20,13,86.7,2,25,0,0,0,0,0,0,4,0.31,39.5,1.09,0.48,51.1,48.9,0,0,31.8,29.3,31.8,29.26,2.54,0.68,0.62,29.3
2022,26,Cooper Kupp,LA,WR,1,5,DAL,18.06167400881057,14.084507042253522,96.9,41,83.7,10,22.7,3.05,0.24,7.7,77,23.7,125,39.1,12.5,17.86,7,70,91,13,12,1.71,1,0.02,100,0,0,0,3,0.073,145.8,9,36,2,20,7,70,1,14.3,0,0,0,0,0,1,0,0,25,4.95,0.611,48.8,48.8,0,2.4,25.9,13.7,25.9,13.74,12.16,0.62,0.32,13.3
2022,27,Davante Adams,LV,WR,1,5,KC,16.49484536082474,14.000000000000002,100,32,97,7,23.3,3.88,0.22,23.43,164,51.9,124,51.5,17.71,41.33,3,42.9,28,9.33,0,0,2,1.33,100,0,0,0,3,0.094,129.5,6,35.3,0,0,4,57.1,3,66.7,0,0,1,1,100,0,0,0,25.9,6.49,1.527,84.4,15.6,0,0,27.4,22.4,27.4,22.37,5.03,0.86,0.7,22.4
2022,28,Tee Higgins,CIN,WR,1,4,MIA,18.83116883116883,25,76.2,29,82.9,9,28.1,4.28,0.31,10.33,93,30.3,124,40,13.78,17.71,7,77.8,74,10.57,50,7.14,1,0.1,50,0,0,0,4,0.138,155.8,5,27.8,0,0,7,77.8,2,28.6,0,0,1,1,100,0,2,0.29,34.6,5.54,0.941,75.9,24.1,0,0,25.4,15.6,25.4,15.57,9.83,0.88,0.54,15.6
2022,29,Stefon Diggs,BUF,WR,1,1,LA,12.903225806451612,14.285714285714285,63.8,28,73.7,9,29,4.36,0.32,11,99,46.5,122,41.1,13.56,15.25,8,88.9,32,4,11,1.38,1,1.4,33.3,1,1,0,5,0.179,155.8,7,35,0,0,9,100,1,25,1,11.1,1,1,100,0,2,0.25,39.1,5.99,1.203,71.4,28.6,0,0,26.2,27.4,26.2,27.37,-1.17,0.94,0.98,27.4
2022,30,Cooper Kupp,LA,WR,1,4,SF,23.348017621145374,25.352112676056336,100,53,94.6,18,37.5,2.3,0.34,5.39,97,37.2,122,48,6.78,8.71,14,77.8,60,4.29,13,0.93,0,0.23,0,2,1,0,9,0.17,71.8,14,43.8,5,27.8,14,77.8,0,0,0,0,4,3,75,0,1,0.07,39.1,-0.26,-0.052,47.2,50.9,0,1.9,26.2,23.8,26.2,23.79,2.41,0.49,0.45,23.8
2022,31,Courtland Sutton,DEN,WR,1,2,HST,14.953271028037381,22.448979591836736,90.8,32,91.4,11,35.5,3.81,0.34,13.18,145,51.6,122,55.7,11.09,17.43,7,63.6,14,2,5,0.71,0,0.53,0,3,2,0,6,0.188,63.4,7,43.8,0,0,10,90.9,3,50,1,9.1,6,2,33.3,0,0,0,44,2.48,0.771,84.4,12.5,3.1,0,19.7,22.5,19.7,22.51,-2.81,0.6,0.69,22.1
2022,32,Travis Kelce,KC,TE,1,1,ARZ,14.000000000000002,17.647058823529413,63.6,28,68.3,9,23.1,4.32,0.32,10.78,97,31.5,121,33.6,13.44,15.13,8,88.9,37,4.63,21,2.63,1,1.37,20,2,1,1,7,0.25,155.8,9,28.1,0,0,8,88.9,1,33.3,0,0,1,1,100,0,2,0.25,29,5.15,1.292,42.9,39.3,17.9,0,26.1,26.3,26.1,26.33,-0.23,0.93,0.94,26.3
2022,33,Michael Pittman,IND,WR,1,1,HST,22.666666666666664,25.49019607843137,97.8,51,94.4,13,26,2.37,0.25,8.77,114,34,121,34.4,9.31,13.44,9,69.2,43,4.78,19,2.11,1,0.23,100,2,0,0,7,0.137,124.2,11,34.4,0,0,10,76.9,0,25,0,0,1,0,0,0,1,0.11,28.9,1.5,0.624,82.4,17.6,0,0,27.1,22.3,27.1,22.28,4.82,0.53,0.44,22.3
2022,34,Mike Williams,LAC,WR,1,4,HST,16.666666666666664,22.448979591836736,94,39,97.5,11,28.2,3.08,0.28,10.82,119,42.8,120,35.3,10.91,17.14,7,63.6,66,9.43,12,1.71,0,0.19,0,2,1,0,5,0.128,100.6,9,45,0,0,7,63.6,1,28.6,0,0,1,1,100,1,0,0,28.9,2.88,0.606,76.9,23.1,0,0,19,14.8,19,14.82,4.18,0.49,0.38,14.8
2022,35,Christian Kirk,JAX,WR,1,1,WAS,21.50537634408602,22.5,90.3,40,88.9,9,21.4,2.92,0.23,12.89,116,31.7,117,42.5,13,19.5,6,66.7,54,9,11,1.83,0,0.2,0,2,0,0,3,0.075,70.1,7,23.3,0,0,7,77.8,2,40,1,11.1,0,0,0,0,1,0.17,28.1,4.66,0.751,7.5,90,0,2.5,17.7,16.4,17.7,16.37,1.33,0.44,0.41,16.4
2022,36,Allen Lazard,GB,WR,1,4,NE,19.463087248322147,24.242424242424242,95.8,29,78.4,8,22.9,4,0.28,13.75,110,37.4,116,46.2,14.5,19.33,6,75,47,7.83,21,3.5,0,0.01,0,0,0,0,5,0.172,77.1,7,29.2,1,12.5,6,75,2,50,0,0,2,2,100,1,2,0.33,26.7,5.46,0.099,72.4,24.1,3.4,0,17.6,12.6,17.6,12.64,4.96,0.61,0.44,12.6
2022,37,Amon-Ra St. Brown,DET,WR,1,2,WAS,28.07017543859649,30.76923076923077,85.2,32,86.5,12,35.3,3.63,0.38,7,84,27.9,116,45.3,9.67,12.89,9,75,56,6.22,5,0.56,2,0.65,50,3,3,2,5,0.156,144.4,10,47.6,1,8.3,10,83.3,1,14.3,0,0,1,0,0,0,0,0,37.5,2.53,0.292,25,71.9,3.1,0,39.4,21.5,39.4,21.5,17.9,1.02,0.64,20.4
2022,38,Deebo Samuel,SF,WR,1,4,LA,13.291139240506327,14.893617021276595,79.6,21,75,7,25.9,5.48,0.33,1.86,13,9.5,115,48.1,16.43,19.17,6,85.7,107,17.83,65,10.83,1,0.19,100,1,0,0,3,0.143,158.3,6,33.3,2,28.6,7,100,0,40,0,0,1,0,0,0,3,0.5,30.4,10.36,1.329,61.9,23.8,0,14.3,23.7,13,23.7,12.96,10.74,1.12,0.58,12.1
2022,39,Jarvis Landry,NO,WR,1,1,ATL,30.303030303030305,40,73.7,30,75,8,23.5,3.8,0.27,14.63,117,41.3,114,42.4,14.25,16.29,7,87.5,19,2.71,12,1.71,0,0.43,0,0,0,0,4,0.133,118.8,8,30.8,0,0,8,100,3,28.6,0,0,2,1,50,1,2,0.29,32,5.11,0.714,20,80,0,0,18.4,19.6,18.4,19.64,-1.24,0.61,0.65,19.6
2022,40,Mike Williams,LAC,WR,1,2,KC,19.65811965811966,20.408163265306122,87.8,46,92,10,20.8,2.46,0.22,13.4,134,57.5,113,33.8,11.3,14.13,8,80,12,1.5,6,0.75,1,1.25,33.3,1,1,1,4,0.087,147.1,9,39.1,0,0,8,80,1,14.3,0,0,5,5,100,2,0,0,25,2.27,0.727,84.8,15.2,0,0,25.3,21.1,25.3,21.14,4.16,0.55,0.46,21.1
2022,41,JuJu Smith-Schuster,KC,WR,1,6,BUF,20.918367346938776,12.82051282051282,90.2,41,87.2,5,12.5,2.76,0.12,6.8,34,16.2,113,33.4,22.6,22.6,5,100,79,15.8,63,12.6,1,0.02,50,0,0,0,4,0.098,158.3,4,21.1,0,0,5,100,0,40,0,0,1,1,100,0,2,0.4,15.2,15.61,1.985,65.9,34.1,0,0,22.3,8.6,22.3,8.58,13.72,0.54,0.21,8.6
2022,42,Jakobi Meyers,NE,WR,1,5,DET,17.75700934579439,25.806451612903224,80.4,19,86.4,8,38.1,5.84,0.42,11.88,95,57.6,111,59,13.88,15.86,7,87.5,41,5.86,11,1.57,1,0.69,100,0,0,0,6,0.316,158.3,7,43.8,0,0,7,87.5,1,28.6,0,0,0,0,0,0,1,0.14,40,5.25,1.104,36.8,63.2,0,0,24.1,19.8,24.1,19.85,4.25,1.27,1.04,19.8
2022,43,Nelson Agholor,NE,WR,1,2,PIT,29.166666666666668,31.57894736842105,50,28,73.7,6,17.1,3.93,0.21,11.5,69,22.6,110,43.7,18.33,18.33,6,100,41,6.83,31,5.17,1,0.19,100,1,0,0,3,0.107,158.3,3,12.5,1,16.7,6,100,1,33.3,0,0,2,2,100,1,2,0.33,23.1,9.65,1.424,64.3,35.7,0,0,23,13.3,23,13.28,9.72,0.82,0.47,13.3
2022,44,Travis Kelce,KC,TE,1,6,BUF,17.5,17.647058823529413,75.4,35,74.5,9,22.5,3.09,0.26,9.56,86,41,108,32,12,13.5,8,88.9,44,5.5,14,1.75,0,0.06,0,1,1,0,6,0.171,116.7,7,36.8,0,0,9,100,1,25,0,0,1,0,0,0,1,0.13,37.5,3.97,0.999,28.6,45.7,22.9,2.9,19.2,17.8,19.2,17.84,1.36,0.54,0.5,17.3
2022,45,Cooper Kupp,LA,WR,1,2,ATL,16.299559471365637,19.718309859154928,98.4,37,100,14,38.9,2.92,0.38,8.36,117,47.4,108,39.7,7.71,9.82,11,78.6,43,3.91,14,1.27,2,1.56,66.7,4,2,1,8,0.216,108.6,13,43.3,0,0,11,78.6,1,12.5,0,0,1,0,0,2,2,0.18,41.2,0.53,-0.26,43.2,45.9,0,10.8,32.8,28.6,32.8,28.6,4.2,0.91,0.77,28.6
2022,46,Rashod Bateman,BLT,WR,1,2,MIA,23.076923076923077,31.818181818181817,57.4,21,67.7,7,24.1,5.14,0.33,12.43,87,27.3,108,34,15.43,27,4,57.1,85,21.25,10,2.5,1,0.02,33.3,0,1,0,3,0.143,141.4,7,30.4,0,0,4,57.1,1,25,0,0,0,0,0,0,2,0.5,35,7.7,1.082,81,19,0,0,20.8,7.5,20.8,7.46,13.34,0.99,0.36,7.5
2022,47,Tyler Lockett,SEA,WR,1,2,SF,17.12707182320442,25,91.5,31,93.9,11,35.5,3.45,0.35,10.91,120,69,107,54.3,9.73,11.89,9,81.8,22,2.44,-1,-0.11,0,0.05,0,0,0,0,6,0.194,69.3,8,40,0,0,10,90.9,2,11.1,0,0,1,0,0,0,0,0,37.9,1.35,0.134,51.6,48.4,0,0,19.7,21.6,19.7,21.59,-1.89,0.64,0.7,21.6
2022,48,Justin Jefferson,MIN,WR,1,6,MIA,14.414414414414415,11.475409836065573,94,32,97,7,23.3,3.34,0.22,5.14,36,23.2,107,61.1,15.29,17.83,6,85.7,74,12.33,13,2.17,0,0.03,0,0,0,0,3,0.094,118.8,7,30.4,2,28.6,6,85.7,0,50,0,0,0,0,0,0,0,0,25.9,8.38,0.806,78.1,21.9,0,0,16.7,12.4,16.7,12.43,4.27,0.52,0.39,12.4
2022,49,Mark Andrews,BLT,TE,1,6,NYG,17.48633879781421,20,91.4,32,88.9,11,34.4,3.31,0.34,14.55,160,49.8,106,50.5,9.64,15.14,7,63.6,19,2.71,13,1.86,1,1.08,100,3,2,1,7,0.219,125.6,11,40.7,0,0,9,81.8,1,0,2,18.2,1,1,100,0,1,0.14,36.7,0.19,0.723,18.8,71.9,9.4,0,23.6,25.8,23.6,25.82,-2.22,0.74,0.81,25.8
2022,50,Tyler Boyd,CIN,WR,1,3,NYJ,14.351851851851851,17.857142857142858,66.7,31,79.5,5,13.9,3.39,0.16,10.8,54,18.4,105,38.2,21,26.25,4,80,69,17.25,53,13.25,1,0.04,33.3,0,0,0,4,0.129,158.3,5,18.5,0,0,5,100,0,50,0,0,1,0,0,0,1,0.25,17.9,12.78,1.95,22.6,77.4,0,0,20.5,9.6,20.5,9.63,10.87,0.66,0.31,9.6
2022,51,Tre'Quan Smith,NO,WR,1,3,CAR,31.08108108108108,38.46153846153847,62.5,23,54.8,5,12.2,4.57,0.22,23.2,116,25.8,105,29.7,21,26.25,4,80,30,7.5,15,3.75,0,0.18,0,0,0,0,4,0.174,118.8,5,19.2,1,20,4,80,2,75,0,0,0,0,0,0,1,0.25,25,9.8,1.365,17.4,82.6,0,0,14.5,11.9,14.5,11.91,2.59,0.63,0.52,11.9
2022,52,Dyami Brown,WAS,WR,1,5,TEN,34.04255319148936,37.5,34.5,16,37.2,3,7.9,6.56,0.19,37.67,113,34.3,105,29.2,35,52.5,2,66.7,30,15,1,0.5,2,1.08,100,0,0,0,2,0.125,149.3,3,14.3,0,0,3,100,3,100,0,0,0,0,0,1,0,0,23.1,21.76,2.756,56.3,43.8,0,0,24.5,17.8,24.5,17.78,6.72,1.53,1.11,17.8
2022,53,Marvin Jones,JAX,WR,1,5,HST,25.64102564102564,36.666666666666664,86.3,40,80,11,23.4,2.6,0.28,15,165,35.3,104,37.1,9.45,14.86,7,63.6,38,5.43,11,1.57,0,0.01,0,0,0,0,5,0.125,58.9,8,22.9,1,9.1,7,63.6,2,28.6,0,0,0,0,0,0,0,0,29.7,-0.17,0.574,95,5,0,0,17.4,16.4,17.4,16.38,1.02,0.43,0.41,16.4
2022,54,Tyler Lockett,SEA,WR,1,5,NO,16.574585635359114,13.636363636363635,93.9,30,100,6,24,3.47,0.2,23.83,143,45.5,104,38.8,17.33,20.8,5,83.3,5,1,0,0,2,0.77,66.7,0,2,2,4,0.133,158.3,6,33.3,0,0,5,83.3,3,40,0,0,2,2,100,0,0,0,25,6.49,1.588,66.7,30,0,3.3,27.4,13.8,27.4,13.79,13.61,0.91,0.46,13.8
2022,55,Mark Andrews,BLT,TE,1,2,MIA,13.114754098360656,20,81.5,24,77.4,11,37.9,4.33,0.46,11.36,125,39.2,104,32.7,9.45,11.56,9,81.8,30,3.33,19,2.11,1,1.12,33.3,1,2,1,6,0.25,136.4,9,39.1,0,0,10,90.9,1,12.5,1,9.1,1,1,100,0,1,0.11,45.8,2.33,0.471,16.7,66.7,16.7,0,25.7,26.7,25.7,26.65,-0.95,1.06,1.09,26.2
2022,56,Mike Evans,TB,WR,1,4,KC,27.77777777777778,30.303030303030305,89.8,45,84.9,10,19.2,2.29,0.22,14,140,42,103,27.8,10.3,12.88,8,80,30,3.75,11,1.38,2,1.02,66.7,3,3,2,6,0.133,153.3,10,24.4,1,10,8,80,2,16.7,0,0,3,3,100,0,1,0.13,21.3,1.39,0.934,73.3,26.7,0,0,30.3,20.9,30.3,20.92,9.38,0.67,0.46,20.9
2022,57,Stefon Diggs,BUF,WR,1,5,PIT,13.36405529953917,17.46031746031746,75.9,29,74.4,11,30.6,3.52,0.38,10.36,114,25.4,102,23.6,9.27,12.75,8,72.7,71,8.88,11,1.38,1,1.07,25,3,2,0,5,0.172,131.6,10,35.7,2,18.2,8,72.7,1,14.3,0,0,0,0,0,0,4,0.5,40.7,1.3,0.45,62.1,37.9,0,0,24.2,20.9,24.2,20.87,3.33,0.83,0.72,20.9
2022,58,Robby Anderson,CAR,WR,1,1,CLV,18.181818181818183,28.000000000000004,100,28,87.5,7,25.9,3.64,0.25,10.43,73,57.5,102,42.7,14.57,20.4,5,71.4,48,9.6,2,0.4,1,0.62,100,1,0,0,1,0.036,153.3,5,33.3,1,14.3,5,71.4,1,20,0,0,0,0,0,0,1,0.2,35,6.58,0.54,96.4,3.6,0,0,21.2,15.5,21.2,15.48,5.72,0.76,0.55,15.5
2022,59,Terry McLaurin,WAS,WR,1,3,PHI,19.36936936936937,25.71428571428571,87.8,43,78.2,9,20.9,2.37,0.21,15.89,143,45.1,102,48.3,11.33,17,6,66.7,16,2.67,8,1.33,0,0.21,0,1,0,0,4,0.093,104.9,8,22.9,0,0,7,77.8,3,20,1,11.1,3,3,100,0,0,0,25,1.76,0.627,79.1,20.9,0,0,16.2,13.8,16.2,13.78,2.42,0.38,0.32,13.8
2022,60,Jerry Jeudy,DEN,WR,1,1,SEA,23.952095808383234,20,89.1,40,88.9,7,16.7,2.55,0.17,11.14,78,26.1,102,30,14.57,25.5,4,57.1,71,17.75,43,10.75,1,0.36,100,2,1,0,3,0.075,141.4,4,17.4,0,0,5,71.4,2,33.3,1,14.3,1,1,100,1,2,0.5,19.4,6.14,1.034,30,70,0,0,20.2,11.2,20.2,11.17,9.03,0.51,0.28,11.2
2022,61,Jaylen Waddle,MIA,WR,1,3,BUF,8.421052631578947,12.244897959183673,71.8,16,72.7,6,30,6.38,0.38,17.17,103,57.9,102,54.8,17,25.5,4,66.7,17,4.25,12,3,0,0.14,0,0,0,0,4,0.25,109.7,5,29.4,0,0,4,66.7,2,50,0,0,0,0,0,0,1,0.25,42.9,7.48,1.216,87.5,12.5,0,0,15.1,13.7,15.1,13.72,1.38,0.89,0.83,13.2
2022,62,George Pickens,PIT,WR,1,4,NYJ,12.307692307692308,22.857142857142858,70,24,72.7,8,30.8,4.25,0.33,19.5,156,41.7,102,50,12.75,17,6,75,23,3.83,14,2.33,0,0.1,0,0,0,0,4,0.167,116.7,8,38.1,0,0,8,100,4,50,0,0,4,2,50,1,3,0.5,40,2.69,0.702,87.5,12.5,0,0,16.2,16.6,16.2,16.62,-0.42,0.67,0.69,16.6
2022,63,Garrett Wilson,NYJ,WR,1,2,CLV,21.176470588235293,31.11111111111111,62.7,36,75,14,31.1,2.83,0.39,12.64,177,42.1,102,31.5,7.29,12.75,8,57.1,23,2.88,15,1.88,2,2.01,50,5,3,1,6,0.167,119.6,14,51.9,1,7.1,11,78.6,2,20,1,7.1,2,0,0,0,0,0,42.4,-1.1,0.507,44.4,50,5.6,0,30,33.2,30,33.18,-3.18,0.84,0.91,32.7
2022,64,Davante Adams,LV,WR,1,4,DEN,19.587628865979383,26,94.6,38,97.4,13,38.2,2.66,0.34,8.46,110,43.7,101,53.7,7.77,11.22,9,69.2,34,3.78,17,1.89,0,0.59,0,3,1,0,4,0.105,92.1,12,54.5,0,0,12,92.3,0,14.3,0,0,4,1,25,0,1,0.11,43.3,0.16,0.271,73.7,26.3,0,0,19.5,22.8,19.5,22.81,-3.31,0.5,0.59,22.2
2022,65,Amari Cooper,CLV,WR,1,2,NYJ,14.583333333333334,18.867924528301888,80,28,87.5,10,37,3.61,0.36,11.4,114,66.7,101,44.1,10.1,11.22,9,90,12,1.33,5,0.56,1,1.04,100,1,1,1,8,0.286,102.5,10,43.5,0,0,9,90,1,12.5,0,0,1,1,100,0,0,0,41.7,1.45,1.074,82.1,17.9,0,0,25.1,24.5,25.1,24.52,0.58,0.9,0.88,24.5
2022,66,Amari Cooper,CLV,WR,1,3,PIT,16.145833333333336,20.754716981132077,81.7,31,93.9,11,35.5,3.26,0.35,11.82,130,64,101,45.9,9.18,14.43,7,63.6,29,4.14,11,1.57,1,1.22,50,2,0,0,4,0.129,123.7,9,40.9,1,9.1,10,90.9,2,33.3,2,18.2,1,1,100,0,1,0.14,39.3,1.02,0.27,74.2,25.8,0,0,23.1,31.9,23.1,31.89,-8.79,0.75,1.03,31.9
2022,67,Randall Cobb,GB,WR,1,5,NYG,25.688073394495415,48,63.9,28,68.3,12,30.8,3.54,0.43,10.25,123,47.9,99,44.6,8.25,14.14,7,58.3,60,8.57,19,2.71,0,0.09,0,2,1,0,4,0.143,85.1,9,30,3,25,8,66.7,2,33.3,1,8.3,3,1,33.3,1,1,0.14,46.2,0.02,0.455,14.3,85.7,0,0,16.9,15.4,16.9,15.45,1.45,0.6,0.55,15.4
2022,68,Josh Palmer,LAC,WR,1,3,JAX,17.92452830188679,23.684210526315788,93.1,38,80.9,9,20,2.61,0.24,7.44,67,18.9,99,33.3,11,16.5,6,66.7,52,8.67,7,1.17,0,0.07,0,0,0,0,5,0.132,103.5,3,14.3,0,0,7,77.8,0,16.7,0,0,0,0,0,0,0,0,24.3,3.92,0.67,76.3,21.1,2.6,0,15.9,14.4,15.9,14.35,1.55,0.42,0.38,14.4
2022,69,Courtland Sutton,DEN,WR,1,3,SF,18.22429906542056,20.408163265306122,87.1,39,97.5,10,30.3,2.49,0.26,10.1,101,50.2,97,52.7,9.7,12.13,8,80,22,2.75,11,1.38,0,0.25,0,0,0,0,5,0.128,107.1,9,60,0,0,9,90,0,12.5,1,10,2,1,50,0,0,0,32.3,1.54,0.537,92.3,7.7,0,0,17.7,19.8,17.7,19.78,-2.08,0.45,0.51,19.8
2022,70,CeeDee Lamb,DAL,WR,1,4,WAS,15.217391304347828,12.280701754385964,94.7,28,96.6,7,25.9,3.46,0.25,14.43,101,41.9,97,43.5,13.86,16.17,6,85.7,36,6,7,1.17,1,0.91,50,0,0,0,4,0.143,158.3,7,46.7,0,0,7,100,2,33.3,0,0,0,0,0,0,0,0,30.4,4.9,0.83,46.4,53.6,0,0,21.7,20.7,21.7,20.74,0.96,0.78,0.74,20.7
2022,71,Josh Reynolds,DET,WR,1,3,MIN,19.411764705882355,30.303030303030305,80.3,33,76.7,10,24.4,2.91,0.3,15.7,157,46.6,96,34.7,9.6,16,6,60,30,5,7,1.17,0,0.13,0,0,0,0,4,0.121,92.1,8,34.8,0,0,7,70,3,33.3,0,0,2,1,50,0,0,0,31.3,0.08,0.647,75.8,24.2,0,0,15.6,16.6,15.6,16.6,-1,0.47,0.5,16.6
2022,72,Chase Claypool,PIT,WR,1,6,TB,14.691943127962084,18.91891891891892,86.9,31,91.2,7,23.3,3.1,0.23,9.71,68,37.8,96,45.5,13.71,13.71,7,100,33,4.71,18,2.57,1,0.87,50,1,1,1,6,0.194,158.3,5,27.8,0,0,7,100,1,16.7,0,0,1,1,100,1,0,0,29.2,6.08,1.649,35.5,64.5,0,0,23.4,19.6,23.4,19.65,3.75,0.73,0.62,19.1
2022,73,Chris Godwin,TB,WR,1,6,PIT,30.630630630630627,36.666666666666664,89.7,34,81,11,27.5,2.79,0.32,11.27,124,47,95,39.1,8.64,15.83,6,54.5,17,2.83,7,1.17,0,0.06,0,1,0,0,4,0.118,83.5,6,24,0,0,7,63.6,1,33.3,1,9.1,3,2,66.7,1,0,0,33.3,0.2,0.32,26.5,73.5,0,0,15.5,13.8,15.5,13.83,1.67,0.46,0.41,13.8
2022,74,Dallas Goedert,PHI,TE,1,5,ARZ,18.51851851851852,26.47058823529412,95.8,30,75,9,25,3.17,0.3,3.67,33,27.7,95,39.7,10.56,11.88,8,88.9,72,9,39,4.88,0,0.19,0,1,0,0,5,0.167,110.6,7,28,3,33.3,9,100,0,14.3,0,0,1,0,0,0,2,0.25,28.1,3.59,0.872,16.7,40,43.3,0,17.5,16.5,17.5,16.48,1.02,0.58,0.55,16.5
2022,75,Jakobi Meyers,NE,WR,1,2,PIT,28.971962616822427,41.935483870967744,83.3,31,81.6,13,37.1,3.06,0.42,9.15,119,39,95,37.7,7.31,10.56,9,69.2,23,2.56,9,1,0,0.04,0,0,0,0,4,0.129,90.2,10,41.7,0,0,11,84.6,1,11.1,1,7.7,2,1,50,0,0,0,46.4,-0.57,0.388,35.5,64.5,0,0,18.5,21.2,18.5,21.22,-2.72,0.6,0.68,21.2
2022,76,A.J. Brown,PHI,WR,1,4,JAX,13.372093023255813,12.5,84.4,23,79.3,6,24,4.13,0.26,10.5,63,54.3,95,46.6,15.83,19,5,83.3,40,8,18,3.6,0,0.09,0,0,0,0,4,0.174,118.8,6,31.6,0,0,6,100,0,40,0,0,3,2,66.7,0,1,0.2,30,7.39,0.46,78.3,21.7,0,0,14.5,11.8,14.5,11.8,2.7,0.63,0.51,11.8
2022,77,Tyreek Hill,MIA,WR,1,1,NE,16.129032258064516,18.461538461538463,67.8,30,83.3,12,36.4,3.13,0.4,9.33,112,45,94,34.8,7.83,11.75,8,66.7,43,5.38,6,0.75,0,0.1,0,0,0,0,5,0.167,90.3,11,52.4,1,8.3,10,83.3,4,25,1,8.3,2,2,100,1,0,0,46.2,-0.04,0.068,63.3,36.7,0,0,18,20.4,18,20.38,-2.38,0.58,0.66,19.9
2022,78,Darnell Mooney,CHI,WR,1,4,NYG,18.493150684931507,16.129032258064516,86.7,27,77.1,5,22.7,3.48,0.19,21.4,107,57.8,94,57,18.8,23.5,4,80,9,2.25,8,2,0,0.11,0,0,0,0,3,0.111,118.8,5,31.3,1,20,5,100,2,25,0,0,3,3,100,1,0,0,31.3,8,1.457,37,63,0,0,13.4,14.3,13.4,14.28,-0.88,0.5,0.53,14.3
2022,79,Sammy Watkins,GB,WR,1,2,CHI,41.66666666666667,57.14285714285714,63.6,15,51.7,4,16,6.2,0.27,16.75,67,54,93,39.7,23.25,31,3,75,31,10.33,3,1,0,0.08,0,0,0,0,3,0.2,116.7,4,22.2,0,0,4,100,1,66.7,0,0,2,1,50,0,0,0,28.6,13.46,1.586,86.7,13.3,0,0,12.3,10.6,12.3,10.6,1.7,0.82,0.71,10.6
2022,80,Tee Higgins,CIN,WR,1,3,NYJ,20.12987012987013,19.444444444444446,66.7,31,79.5,7,19.4,3,0.23,15.43,108,36.7,93,33.8,13.29,18.6,5,71.4,14,2.8,2,0.4,0,0.08,0,1,1,0,4,0.129,113.7,5,18.5,0,0,7,100,2,20,0,0,5,3,60,2,0,0,23.3,3.54,1.022,74.2,25.8,0,0,14.3,10.3,14.3,10.3,4,0.46,0.33,10.3
2022,81,Travis Kelce,KC,TE,1,4,TB,17.5,19.607843137254903,80.5,35,81.4,10,27,2.63,0.29,5.3,53,18.8,92,36.9,9.2,10.22,9,90,43,4.78,16,1.78,1,1.13,33.3,2,0,0,8,0.229,138.3,9,33.3,2,20,10,100,1,14.3,0,0,3,2,66.7,0,1,0.11,33.3,2.34,1.093,37.1,40,22.9,0,24.2,23.7,24.2,23.73,0.47,0.69,0.68,23.7
2022,82,Josh Reynolds,DET,WR,1,5,NE,22.35294117647059,27.27272727272727,90.6,38,97.4,9,25.7,2.42,0.24,13.67,123,44.7,92,40.2,10.22,15.33,6,66.7,23,3.83,21,3.5,0,0.48,0,2,2,0,3,0.079,100.2,5,20.8,0,0,8,88.9,2,33.3,1,11.1,3,1,33.3,1,1,0.17,30,1.2,0.001,71.1,28.9,0,0,15.2,18.9,15.2,18.94,-3.74,0.4,0.5,18.9
2022,83,Tyler Lockett,SEA,WR,1,4,DET,14.917127071823206,18.181818181818183,77.8,27,84.4,8,26.7,3.37,0.3,15.38,123,40.3,91,28.4,11.38,15.17,6,75,15,2.5,-1,-0.17,0,0.09,0,1,1,0,3,0.111,112,8,30.8,0,0,6,75,2,16.7,0,0,0,0,0,0,0,0,30.8,2.51,0.61,66.7,33.3,0,0,15.1,15,15.1,14.98,0.12,0.56,0.55,15
2022,84,Noah Brown,DAL,WR,1,2,CIN,17.763157894736842,16.666666666666664,84.7,27,81.8,5,16.1,3.37,0.19,16.2,81,43.1,91,38.7,18.2,18.2,5,100,17,3.4,6,1.2,1,1.03,100,1,1,1,5,0.185,158.3,3,14.3,0,0,5,100,1,50,0,0,3,3,100,1,0,0,17.2,8.02,2.353,44.4,55.6,0,0,20.1,16.3,20.1,16.34,3.76,0.74,0.61,16.3
2022,85,Robert Tonyan,GB,TE,1,6,NYJ,28.57142857142857,38.70967741935484,63.8,32,65.3,12,26.7,2.81,0.38,8.08,97,25.7,90,35.4,7.5,9,10,83.3,24,2.4,4,0.4,0,0.01,0,0,0,0,4,0.125,97.9,7,21.9,0,0,10,83.3,1,0,0,0,0,0,0,0,1,0.1,33.3,-0.18,-0.008,21.9,50,28.1,0,19,19.2,19,19.16,-0.16,0.59,0.6,19.2
2022,86,Marquez Valdes-Scantling,KC,WR,1,5,LV,20,24.242424242424242,81.2,40,83.3,8,18.6,2.25,0.2,10.63,85,30.8,90,30.8,11.25,15,6,75,27,4.5,5,0.83,0,0.05,0,1,0,0,5,0.125,111.5,6,20.7,0,0,7,87.5,1,16.7,1,12.5,1,1,100,0,0,0,22.9,3.02,0.84,52.5,47.5,0,0,15,13.6,15,13.62,1.38,0.38,0.34,13.6
2022,87,Laviska Shenault,CAR,WR,1,3,NO,100,100,18.6,5,17.9,2,8,18,0.4,0,0,0,90,52.9,45,45,2,100,90,45,12,6,1,0.01,100,0,0,0,2,0.4,158.3,1,6.7,0,0,2,100,0,100,0,0,0,0,0,0,4,2,50,39.35,4.396,40,40,20,0,17,3.6,17,3.63,13.37,3.4,0.73,3.6
2022,88,JuJu Smith-Schuster,KC,WR,1,3,IND,15.306122448979592,20.51282051282051,66.7,30,73.2,8,22.2,2.97,0.27,12.5,100,37.2,89,34,11.13,17.8,5,62.5,54,10.8,43,8.6,0,0.04,0,0,0,0,4,0.133,60.9,3,15.8,0,0,6,75,1,20,0,0,2,1,50,0,0,0,32,2.47,0.657,70,30,0,0,13.9,10.5,13.9,10.52,3.38,0.46,0.35,10.5
2022,89,David Njoku,CLV,TE,1,3,PIT,14.705882352941178,31.25,87.3,25,75.8,10,32.3,3.56,0.4,5.2,52,25.6,89,40.5,8.9,9.89,9,90,57,6.33,32,3.56,1,1.71,50,3,1,1,6,0.24,137.1,9,40.9,1,10,10,100,0,0,0,0,2,1,50,1,2,0.22,40,1.84,0.643,16,44,40,0,23.9,26.7,23.9,26.74,-2.84,0.96,1.07,26.7
2022,90,Mark Andrews,BLT,TE,1,3,NE,16.939890710382514,23.636363636363637,89.8,31,91.2,13,44.8,2.87,0.42,11.38,148,55,89,40.8,6.85,11.13,8,61.5,41,5.13,10,1.25,2,1.48,50,5,1,1,6,0.194,121.5,11,61.1,1,7.7,9,69.2,3,25,1,7.7,2,2,100,2,1,0.13,56.5,-1.96,0.459,12.9,58.1,29,0,28.9,25.4,28.9,25.38,3.52,0.93,0.82,25.4
2022,91,Mark Andrews,BLT,TE,1,5,CIN,16.939890710382514,16.363636363636363,96.7,31,88.6,9,28.1,2.87,0.29,6.44,58,24.5,89,51.1,9.89,11.13,8,88.9,42,5.25,12,1.5,1,0.74,100,1,0,0,5,0.161,144.9,7,38.9,1,11.1,8,88.9,0,14.3,0,0,1,1,100,0,0,0,36,2.8,0.868,35.5,54.8,9.7,0,22.9,19.5,22.9,19.45,3.45,0.74,0.63,19.5
2022,92,David Njoku,CLV,TE,1,5,LAC,17.647058823529413,18.75,86.2,30,83.3,6,17.6,2.93,0.2,8.17,49,15.5,88,38.3,14.67,14.67,6,100,39,6.5,24,4,0,0.1,0,1,0,0,5,0.167,118.8,6,21.4,1,16.7,6,100,1,20,0,0,2,2,100,1,1,0.17,20.7,6.75,1.288,13.3,23.3,63.3,0,14.8,11.6,14.8,11.63,3.17,0.49,0.39,11.6
2022,93,DK Metcalf,SEA,WR,1,5,NO,16.216216216216218,16,93.9,30,100,8,32,2.93,0.27,12.63,101,32.2,88,32.8,11,17.6,5,62.5,32,6.4,16,3.2,1,0.65,33.3,1,1,0,2,0.067,139.6,6,33.3,0,0,6,75,2,20,1,12.5,2,2,100,0,1,0.2,33.3,2.35,0.063,90,10,0,0,18.8,15.3,18.8,15.27,3.53,0.66,0.51,15.3
2022,94,Marquise Brown,ARZ,WR,1,4,CAR,12.605042016806722,16.129032258064516,94.3,30,85.7,10,31.3,2.93,0.33,10.1,101,52.1,88,42.5,8.8,14.67,6,60,20,3.33,1,0.17,1,0.71,50,1,1,1,5,0.167,82.5,5,26.3,1,10,6,60,2,33.3,0,0,2,2,100,1,0,0,35.7,0.55,-0.278,70,30,0,0,20.8,16.1,20.8,16.15,4.65,0.69,0.54,16.1
2022,95,Gabe Davis,BUF,WR,1,1,LA,17.391304347826086,20,98.3,36,94.7,5,16.1,2.44,0.14,15,75,35.2,88,29.6,17.6,22,4,80,26,6.5,3,0.75,1,1.03,33.3,0,0,0,3,0.083,158.3,4,20,0,0,4,80,1,50,0,0,0,0,0,0,0,0,16.1,8.34,1.487,91.7,8.3,0,0,18.8,17.8,18.8,17.85,0.95,0.52,0.5,17.8
2022,96,Russell Gage,TB,WR,1,3,GB,20.833333333333336,37.142857142857146,81.4,35,77.8,13,31,2.49,0.37,4.92,64,28.1,87,32.1,6.69,7.25,12,92.3,37,3.08,16,1.33,1,0.98,100,2,1,1,5,0.143,120.2,11,32.4,1,7.7,12,92.3,0,0,0,0,1,1,100,0,0,0,38.2,0.29,-0.008,25.7,74.3,0,0,25.7,26,25.7,26,-0.3,0.76,0.74,26
2022,97,CeeDee Lamb,DAL,WR,1,3,NYG,15.760869565217392,21.052631578947366,95.1,29,93.5,12,38.7,3,0.41,11.25,135,50.8,87,40.5,7.25,10.88,8,66.7,35,4.38,12,1.5,1,1.51,100,1,1,1,6,0.207,115.6,12,42.9,2,16.7,11,91.7,2,14.3,2,16.7,2,1,50,1,0,0,41.4,-1.17,0.36,58.6,41.4,0,0,22.7,30.9,22.7,30.87,-8.17,0.78,1.06,30.9
2022,98,DeVonta Smith,PHI,WR,1,5,ARZ,17.12707182320442,26.82926829268293,98.6,31,77.5,11,30.6,2.81,0.35,3,33,27.7,87,36.4,7.91,8.7,10,90.9,66,6.6,33,3.3,0,0.1,0,0,0,0,5,0.161,99.6,8,32,7,63.6,11,100,1,20,1,9.1,1,1,100,0,4,0.4,33.3,1.29,0.361,71,29,0,0,18.7,20.9,18.7,20.88,-2.18,0.6,0.67,20.9
2022,99,Kyle Pitts,ATL,TE,1,3,SEA,17.97752808988764,32,66.7,16,64,8,40,5.44,0.5,18.75,150,57.9,87,38,10.88,17.4,5,62.5,44,8.8,10,2,0,0.03,0,0,0,0,5,0.313,99.5,7,46.7,2,25,5,62.5,4,40,0,0,3,3,100,1,0,0,50,2.57,0.795,31.3,37.5,25,6.3,13.7,7.6,13.7,7.56,6.14,0.86,0.47,7.6
2022,100,Drake London,ATL,WR,1,2,LA,21.705426356589147,27.906976744186046,80.4,28,87.5,12,46.2,3.07,0.43,6.75,81,44.3,86,43.9,7.17,10.75,8,66.7,48,6,16,2,1,0.68,50,2,0,0,5,0.179,115.3,10,50,3,25,9,75,1,16.7,1,8.3,0,0,0,0,2,0.25,54.5,-0.22,0.327,78.6,21.4,0,0,24.6,21.5,24.6,21.52,3.08,0.81,0.77,21.5
2022,101,Robert Woods,TEN,WR,1,3,LV,19.469026548672566,28.000000000000004,74.5,22,78.6,7,25.9,3.86,0.32,13.43,94,52.2,85,32.2,12.14,21.25,4,57.1,29,7.25,5,1.25,0,0.09,0,0,0,0,3,0.136,60.7,6,33.3,0,0,4,57.1,3,50,0,0,0,0,0,0,0,0,35,3.5,0.231,63.6,36.4,0,0,12.5,11.5,12.5,11.52,0.98,0.57,0.52,11.5
2022,102,Mo Alie-Cox,IND,TE,1,4,TEN,22.429906542056074,42.857142857142854,68.3,24,58.5,6,16.2,3.54,0.25,5.83,35,14.9,85,23.9,14.17,14.17,6,100,50,8.33,38,6.33,2,0.77,100,2,0,0,4,0.167,158.3,4,16.7,0,0,6,100,0,25,0,0,1,1,100,0,1,0.17,24,7.43,1.172,4.2,12.5,83.3,0,26.5,14.6,26.5,14.62,11.88,1.1,0.61,14.6
2022,103,Zay Jones,JAX,WR,1,3,LAC,19.607843137254903,29.72972972972973,76,30,75,11,28.2,2.83,0.37,3.91,43,20.8,85,32.4,7.73,8.5,10,90.9,57,5.7,28,2.8,1,1.68,33.3,3,1,1,5,0.167,129.2,10,35.7,4,36.4,10,90.9,1,0,0,0,1,1,100,0,1,0.1,37.9,1.1,0.419,56.7,43.3,0,0,24.5,30,24.5,29.96,-5.46,0.82,0.94,28.1
2022,104,A.J. Brown,PHI,WR,1,3,WAS,18.6046511627907,18.75,79.4,32,78,9,25.7,2.66,0.28,14.89,134,34.3,85,25,9.44,17,5,55.6,31,6.2,12,2.4,1,0.72,33.3,3,2,0,5,0.156,124.8,8,30.8,0,0,5,55.6,2,25,0,0,5,2,40,0,2,0.4,29,0.79,0.736,78.1,21.9,0,0,19.5,14.2,19.5,14.19,5.31,0.61,0.44,14.2
2022,105,Pat Freiermuth,PIT,TE,1,4,NYJ,21.311475409836063,29.03225806451613,75,26,78.8,9,34.6,3.27,0.35,7.56,68,18.2,85,41.7,9.44,12.14,7,77.8,29,4.14,13,1.86,0,0.07,0,1,0,0,6,0.231,66.4,6,28.6,0,0,9,100,1,14.3,0,0,2,0,0,0,0,0,40.9,1.89,0.346,3.8,26.9,69.2,0,15.5,16.4,15.5,16.42,-0.92,0.6,0.63,16.4
2022,106,Tyler Conklin,NYJ,TE,1,3,CIN,23.214285714285715,28.57142857142857,78.9,39,69.6,8,15.4,2.15,0.21,3.25,26,6,84,29.5,10.5,10.5,8,100,58,7.25,27,3.38,0,0.02,0,0,0,0,3,0.077,110.4,3,10.3,0,0,8,100,0,12.5,0,0,1,1,100,0,3,0.38,21.1,4.24,0.76,7.7,33.3,59,0,16.4,12.6,16.4,12.58,3.82,0.42,0.32,12.6
2022,107,Dante Pettis,CHI,WR,1,6,WAS,26.666666666666668,54.54545454545454,62.3,28,66.7,6,22.2,3,0.21,16.17,97,35,84,44.2,14,21,4,66.7,8,2,3,0.75,1,1.47,100,1,2,1,3,0.107,149.3,4,21.1,0,0,5,83.3,1,25,1,16.7,1,0,0,0,1,0.25,40,4.68,0.548,85.7,14.3,0,0,18.4,20.9,18.4,20.91,-2.51,0.66,0.75,20.9
2022,108,Diontae Johnson,PIT,WR,1,3,CLV,14.09090909090909,20,98.2,31,93.9,11,34.4,2.71,0.35,13.45,148,40.3,84,38.7,7.64,10.5,8,72.7,-7,-0.88,5,0.63,0,0.03,0,0,0,0,4,0.129,90.7,9,40.9,1,9.1,10,90.9,2,0,1,9.1,2,0,0,0,1,0.13,34.4,-1.32,-0.542,93.5,6.5,0,0,16.4,22.3,16.4,22.34,-5.94,0.53,0.72,22.3
2022,109,George Kittle,SF,TE,1,6,ATL,37,39.130434782608695,98.2,37,88.1,9,22,2.24,0.24,3.44,31,10.7,83,28,9.22,10.38,8,88.9,75,9.38,34,4.25,0,0.01,0,1,1,0,4,0.108,105.1,4,17.4,2,22.2,8,88.9,1,0,0,0,0,0,0,0,1,0.13,23.1,2.58,0.342,10.8,35.1,51.4,2.7,16.3,13.2,16.3,13.21,3.09,0.44,0.36,13.2
2022,110,Corey Davis,NYJ,WR,1,2,CLV,17.83783783783784,13.793103448275861,77.6,33,68.8,4,8.9,2.52,0.12,31.5,126,30,83,25.6,20.75,41.5,2,50,25,12.5,0,0,1,0.36,25,0,0,0,2,0.061,135.4,3,11.1,0,0,2,50,3,50,0,0,0,0,0,0,0,0,12.9,7.08,1.313,72.7,27.3,0,0,16.3,10.3,16.3,10.33,5.97,0.49,0.31,10.3
2022,111,Brandon Aiyuk,SF,WR,1,6,ATL,22.839506172839506,29.72972972972973,91.2,37,88.1,11,26.8,2.24,0.3,9.73,107,37,83,28,7.55,10.38,8,72.7,37,4.63,15,1.88,2,0.47,100,2,0,0,5,0.135,133.7,9,39.1,1,9.1,10,90.9,1,0,0,0,3,1,33.3,0,2,0.25,29.7,-0.4,0.812,78.4,21.6,0,0,28.3,19.8,28.3,19.76,8.54,0.76,0.53,19.8
2022,112,George Pickens,PIT,WR,1,5,BUF,24.102564102564102,22.857142857142858,76.4,47,83.9,8,15.4,1.77,0.17,12.13,97,26.3,83,25.4,10.38,13.83,6,75,17,2.83,13,2.17,0,0.01,0,1,1,0,6,0.128,107.8,8,20,0,0,6,75,2,16.7,0,0,1,1,100,1,0,0,18.6,1.8,0.747,91.5,6.4,2.1,0,14.3,11.7,14.3,11.75,2.55,0.3,0.25,11.7
2022,113,Brandin Cooks,HST,WR,1,1,IND,24.025974025974026,30.76923076923077,91.2,37,90.2,12,32.4,2.22,0.32,10.67,128,49.2,82,34.2,6.83,11.71,7,58.3,9,1.29,3,0.43,0,0.12,0,0,0,0,4,0.108,79.2,12,38.7,1,8.3,8,66.7,2,14.3,1,8.3,4,2,50,0,0,0,37.5,-1.3,-0.097,70.3,29.7,0,0,15.2,17.3,15.2,17.26,-2.06,0.41,0.47,17.3
2022,114,Dallas Goedert,PHI,TE,1,2,MIN,18.51851851851852,17.647058823529413,82.4,30,78.9,6,19.4,2.73,0.2,7.33,44,15.9,82,24.6,13.67,16.4,5,83.3,52,10.4,15,3,0,0.03,0,1,0,0,4,0.133,118.8,4,18.2,1,16.7,6,100,0,25,0,0,1,0,0,0,0,0,22.2,5.98,0.827,3.3,60,36.7,0,13.2,11.8,13.2,11.81,1.39,0.44,0.39,11.8
2022,115,Nico Collins,HST,WR,1,4,LAC,19.68503937007874,19.230769230769234,75.5,25,64.1,5,14.3,3.28,0.2,20.8,104,40.9,82,33.3,16.4,27.33,3,60,13,4.33,2,0.67,0,0.04,0,0,0,0,2,0.08,64.6,5,21.7,0,0,3,60,2,66.7,0,0,1,1,100,1,0,0,19.2,5.55,-0.364,96,4,0,0,11.2,9,11.2,9.03,2.17,0.45,0.36,9
2022,116,Mike Evans,TB,WR,1,5,ATL,24.074074074074073,24.242424242424242,85.3,39,75,8,15.4,2.08,0.21,13.63,109,30.4,81,23.1,10.13,20.25,4,50,18,4.5,15,3.75,0,1.02,0,0,0,0,3,0.077,85.9,7,24.1,1,12.5,7,87.5,4,50,1,12.5,2,0,0,0,1,0.25,19.5,0.89,0.627,74.4,25.6,0,0,12.1,21.8,12.1,21.77,-9.67,0.31,0.56,21.8
2022,117,Josh Reynolds,DET,WR,1,4,SEA,22.35294117647059,24.242424242424242,83.3,38,90.5,8,20,2.13,0.21,11.25,90,22.2,81,21.1,10.13,11.57,7,87.5,14,2,9,1.29,1,0.74,25,3,2,1,5,0.132,148.4,8,25,1,12.5,7,87.5,0,20,0,0,4,4,100,0,1,0.14,22.9,1,0.743,78.9,21.1,0,0,21.1,15.4,21.1,15.36,5.74,0.56,0.4,15.4
2022,118,Ja'Marr Chase,CIN,WR,1,4,MIA,13.438735177865613,9.836065573770492,93.7,34,97.1,6,18.8,2.38,0.18,18.17,109,35.5,81,26.1,13.5,20.25,4,66.7,13,3.25,9,2.25,0,0.34,0,0,0,0,3,0.088,109.7,6,33.3,0,0,5,83.3,3,50,0,0,1,0,0,0,0,0,19.4,3.22,1.206,88.2,8.8,2.9,0,12.1,16.1,12.1,16.08,-3.98,0.36,0.47,16.1
2022,119,Alec Pierce,IND,WR,1,5,DEN,25,32.142857142857146,60.3,34,70.8,9,22,2.38,0.26,8,72,32.7,81,32.3,9,10.13,8,88.9,14,1.75,2,0.25,0,0.01,0,0,0,0,4,0.118,104.2,6,33.3,0,0,8,88.9,0,0,0,0,2,2,100,2,1,0.13,34.6,1.47,0.867,85.3,14.7,0,0,16.1,13.7,16.1,13.71,2.39,0.47,0.4,13.7
2022,120,Cooper Kupp,LA,WR,1,6,CAR,11.894273127753303,11.267605633802818,96.8,27,79.4,8,24.2,2.96,0.3,3.13,25,18.8,80,31.6,10,11.43,7,87.5,60,8.57,31,4.43,0,0.01,0,0,0,0,5,0.185,68.8,8,32,2,25,7,87.5,0,28.6,0,0,2,1,50,1,1,0.14,25.8,3.7,-0.258,59.3,40.7,0,0,16.7,12.2,16.7,12.19,4.51,0.56,0.42,11.3
2022,121,Greg Dortch,ARZ,WR,1,3,LA,34.751773049645394,39.130434782608695,80.2,49,79,9,15.5,1.63,0.18,3.44,31,9.9,80,25.5,8.89,8.89,9,100,49,5.44,16,1.78,0,0.05,0,1,0,0,4,0.082,103.7,7,15.2,2,22.2,9,100,1,12.5,0,0,1,1,100,0,1,0.11,20,2.61,0.4,6.1,93.9,0,0,17,15.8,17,15.81,1.19,0.35,0.32,15.8
2022,122,DeVonta Smith,PHI,WR,1,2,MIN,18.784530386740332,17.073170731707318,98.5,34,89.5,7,22.6,2.35,0.21,8.14,57,20.7,80,24,11.43,11.43,7,100,23,3.29,12,1.71,0,0.03,0,0,0,0,5,0.147,114.3,7,31.8,0,0,7,100,0,0,0,0,0,0,0,0,1,0.14,22.6,3.91,0.809,70.6,29.4,0,0,15,14.8,15,14.75,0.25,0.44,0.43,14.8
2022,123,Chris Olave,NO,WR,1,2,TB,26.53061224489796,32.5,75.8,39,83,13,32.5,2.05,0.33,25.23,328,63,80,33.9,6.15,16,5,38.5,7,1.4,0,0,0,0.1,0,2,1,0,1,0.026,27.7,12,37.5,0,0,6,46.2,6,25,0,0,2,0,0,0,0,0,38.2,-5.05,-0.585,71.8,28.2,0,0,12,13.7,12,13.67,-1.67,0.33,0.35,13.7
2022,124,Alec Pierce,IND,WR,1,4,TEN,11.029411764705882,17.857142857142858,46,15,36.6,5,13.5,5.33,0.33,16.8,84,35.7,80,22.5,16,20,4,80,8,2,6,1.5,0,0.08,0,0,0,0,3,0.2,118.8,5,20.8,0,0,4,80,2,50,0,0,2,2,100,1,0,0,35.7,6.33,1.32,100,0,0,0,12,9.2,12,9.21,2.79,0.8,0.61,9.2
2022,125,Darren Waller,LV,TE,1,1,LAC,25.547445255474454,25,83.9,35,81.4,6,16.2,2.26,0.17,13.83,83,24.6,79,26.8,13.17,19.75,4,66.7,25,6.25,17,4.25,0,0.28,0,1,1,0,4,0.114,70.1,5,22.7,0,0,5,83.3,2,50,0,0,1,0,0,0,0,0,22.2,3.85,0.004,25.7,65.7,8.6,0,11.9,12.3,11.9,12.26,-0.36,0.34,0.35,12.3
2022,126,JuJu Smith-Schuster,KC,WR,1,1,ARZ,15.306122448979592,20.51282051282051,65.2,30,73.2,8,20.5,2.63,0.27,9.88,79,25.6,79,21.9,9.88,13.17,6,75,28,4.67,10,1.67,0,0.16,0,1,0,0,3,0.1,105.7,8,25,0,0,8,100,0,20,1,12.5,2,1,50,0,0,0,25.8,1.79,0.203,56.7,43.3,0,0,12.9,17.1,12.9,17.14,-4.24,0.46,0.57,17.1
2022,127,Ashton Dulin,IND,WR,1,2,JAX,41.66666666666667,35.294117647058826,66.7,25,71.4,6,20,3.16,0.24,14.17,85,31.8,79,40.5,13.17,15.8,5,83.3,12,2.4,3,0.6,0,0.04,0,0,0,0,3,0.12,79.2,6,31.6,0,0,5,83.3,1,20,0,0,3,3,100,0,0,0,35.3,4.79,0.336,56,44,0,0,13.2,10.3,13.2,10.31,2.89,0.52,0.39,9.9
2022,128,Darius Slayton,NYG,WR,1,5,GB,28.333333333333332,58.333333333333336,52.5,17,54.8,7,25.9,4.65,0.41,10.29,72,62.6,79,36.4,11.29,13.17,6,85.7,25,4.17,14,2.33,0,0.18,0,2,0,0,5,0.294,113.7,6,30,0,0,6,85.7,0,25,0,0,4,4,100,0,0,0,38.9,3.05,1.23,70.6,29.4,0,0,13.9,10.6,13.9,10.63,3.27,0.82,0.63,10.6
2022,129,Deebo Samuel,SF,WR,1,6,ATL,19.62025316455696,21.27659574468085,82.5,31,73.8,10,24.4,2.55,0.32,7.3,73,25.3,79,26.7,7.9,11.29,7,70,63,9,52,7.43,0,0.01,0,1,0,0,3,0.097,53.8,6,26.1,2,20,8,80,1,28.6,0,0,2,1,50,0,12,1.71,30.3,0.82,-0.45,51.6,35.5,0,12.9,16,13.5,16,13.52,2.48,0.48,0.4,12.5
2022,130,Curtis Samuel,WAS,WR,1,2,DET,21.02803738317757,17.02127659574468,88.9,45,84.9,8,17.4,1.73,0.18,5.25,42,10.9,78,23.1,9.75,11.14,7,87.5,38,5.43,18,2.57,1,0.83,33.3,1,0,0,3,0.067,146.9,4,16,2,25,7,87.5,1,16.7,0,0,2,2,100,1,2,0.29,21.6,2.91,0.707,26.7,68.9,0,4.4,22.9,18.6,22.9,18.63,4.27,0.46,0.4,18.1
2022,131,Christian Kirk,JAX,WR,1,2,IND,13.440860215053762,15,89.6,25,83.3,6,20,3.12,0.24,7,42,22.2,78,33.2,13,13,6,100,36,6,4,0.67,2,1.84,100,2,0,0,5,0.2,158.3,5,21.7,0,0,6,100,1,50,0,0,0,0,0,0,0,0,21.4,6.04,1.733,16,80,0,4,25.8,22.8,25.8,22.81,2.99,1.03,0.91,22.8
2022,132,Marquise Brown,ARZ,WR,1,5,PHI,14.285714285714285,16.129032258064516,95.7,34,77.3,10,23.8,2.29,0.29,9,90,33.8,78,31.2,7.8,9.75,8,80,36,4.5,26,3.25,1,0.06,100,0,0,0,5,0.147,92.9,10,33.3,2,20,9,90,1,12.5,1,10,0,0,0,0,3,0.38,27,0.37,0.286,82.4,17.6,0,0,21.8,17.7,21.8,17.67,4.13,0.64,0.52,17.7
2022,133,Corey Davis,NYJ,WR,1,1,BLT,22.162162162162165,31.03448275862069,67.1,41,66.1,9,15.3,1.88,0.22,12.78,115,38.2,77,24.9,8.56,12.83,6,66.7,7,1.17,4,0.67,0,0.02,0,1,1,0,5,0.122,93.3,5,15.6,0,0,7,77.8,0,0,1,11.1,3,3,100,1,0,0,25,-0.69,0.32,80.5,19.5,0,0,13.7,14.4,13.7,14.36,-0.66,0.33,0.35,14.4
2022,134,Amari Cooper,CLV,WR,1,5,LAC,17.708333333333336,20.754716981132077,89.2,34,94.4,11,32.4,2.24,0.32,11.91,131,41.5,76,33,6.91,10.86,7,63.6,6,0.86,2,0.29,1,1.02,100,2,2,1,6,0.176,76.3,10,35.7,0,0,9,81.8,2,16.7,0,0,3,2,66.7,0,0,0,36.7,-1.87,0.027,76.5,23.5,0,0,20.6,22.8,20.6,22.78,-2.18,0.61,0.67,22.8
2022,135,Tyler Lockett,SEA,WR,1,3,ATL,20.441988950276244,25,81.2,37,80.4,11,25,2.05,0.3,11.45,126,29,76,23.4,6.91,8.44,9,81.8,3,0.33,2,0.22,0,0.03,0,1,0,0,3,0.081,57.6,6,20,0,0,10,90.9,2,11.1,0,0,4,2,50,0,0,0,29.7,-1.49,0.41,45.9,51.4,0,2.7,16.6,18.7,16.6,18.72,-2.12,0.45,0.51,18.7
2022,136,Isaiah McKenzie,BUF,WR,1,3,MIA,30,36,51.1,36,50.7,9,14.3,2.11,0.25,5.56,50,15.2,76,19,8.44,10.86,7,77.8,36,5.14,8,1.14,1,0.95,50,2,1,0,4,0.111,138.9,8,21.1,1,11.1,7,77.8,1,16.7,0,0,2,1,50,0,3,0.43,26.5,1.81,0.505,33.3,66.7,0,0,21.2,18,21.2,17.95,3.25,0.57,0.49,17.5
2022,137,Allen Lazard,GB,WR,1,6,NYJ,28.187919463087248,27.27272727272727,97.1,42,85.7,9,20,1.81,0.21,17.67,159,42.2,76,29.9,8.44,19,4,44.4,9,2.25,29,7.25,1,0.71,100,1,0,0,3,0.071,111.3,9,28.1,1,11.1,7,77.8,3,66.7,1,11.1,4,1,25,0,0,0,21.4,-1.31,0.064,81,19,0,0,17.6,17.7,17.6,17.73,-0.13,0.42,0.42,17.7
2022,138,Terry McLaurin,WAS,WR,1,5,TEN,18.01801801801802,17.142857142857142,98.3,40,93,6,15.8,1.9,0.15,9.5,57,17.3,76,21.2,12.67,15.2,5,83.3,36,7.2,31,6.2,0,0.02,0,0,0,0,3,0.075,118.8,4,19,1,16.7,5,83.3,1,40,0,0,0,0,0,0,4,0.8,17.6,5.19,0.541,72.5,27.5,0,0,12.6,10.1,12.6,10.06,2.54,0.32,0.25,10.1
2022,139,Zach Ertz,ARZ,TE,1,2,LV,20.093457943925234,22.916666666666664,84.6,43,82.7,11,22.4,1.74,0.26,5.91,65,24.4,75,27.1,6.82,9.38,8,72.7,34,4.25,17,2.13,0,0.27,0,3,2,0,5,0.116,91.1,11,33.3,1,9.1,9,81.8,0,0,0,0,0,0,0,0,0,0,26.2,-0.69,-0.071,11.6,55.8,32.6,0,15.5,16.8,15.5,16.82,-1.32,0.36,0.39,16.8
2022,140,Terry McLaurin,WAS,WR,1,2,DET,19.81981981981982,20,88.9,44,83,7,15.2,1.7,0.16,13.29,93,24.2,75,22.3,10.71,18.75,4,57.1,25,6.25,8,2,0,0.06,0,1,0,0,3,0.068,94.3,6,24,2,28.6,5,71.4,2,25,1,14.3,0,0,0,1,1,0.25,19.4,1.43,0.324,86.4,13.6,0,0,12.2,12.1,12.2,12.08,0.12,0.26,0.27,11.8
2022,141,CeeDee Lamb,DAL,WR,1,2,CIN,15.760869565217392,19.298245614035086,94.9,29,87.9,11,35.5,2.59,0.38,9,99,52.7,75,31.9,6.82,10.71,7,63.6,25,3.57,14,2,0,0.02,0,0,0,0,4,0.138,83.5,10,47.6,1,9.1,7,63.6,2,14.3,0,0,1,1,100,0,1,0.14,37.9,-0.66,-0.033,44.8,55.2,0,0,15.1,13.9,15.1,13.92,1.18,0.5,0.47,13.5
2022,142,Pat Freiermuth,PIT,TE,1,1,CIN,24.59016393442623,29.03225806451613,88.5,30,73.2,9,23.7,2.5,0.3,8.89,80,26.3,75,38.7,8.33,15,5,55.6,28,5.6,19,3.8,0,0.05,0,1,1,0,3,0.1,83.1,7,25,1,11.1,5,55.6,2,40,0,0,4,1,25,0,1,0.2,28.1,0.04,-0.029,3.3,23.3,73.3,0,12.5,10.7,12.5,10.71,1.79,0.42,0.36,10.7
2022,143,Khalil Shakir,BUF,WR,1,5,PIT,50,45.45454545454545,70.4,22,56.4,5,13.9,3.41,0.23,16.2,81,18,75,17.4,15,25,3,60,27,9,10,3.33,1,0.43,25,0,0,0,3,0.136,143.8,5,17.9,0,0,4,80,2,100,1,20,2,2,100,1,0,0,20.8,5.06,1.292,9.1,90.9,0,0,16.5,11.6,16.5,11.58,4.92,0.75,0.53,11.6
2022,144,Stefon Diggs,BUF,WR,1,3,MIA,22.119815668202765,17.46031746031746,70,48,67.6,11,17.5,1.54,0.23,8.45,93,28.2,74,18.5,6.73,10.57,7,63.6,38,5.43,12,1.71,0,0.04,0,2,1,0,4,0.083,83.1,8,21.1,4,36.4,8,72.7,1,16.7,0,0,1,0,0,1,1,0.14,28.2,-1.3,-0.061,52.1,47.9,0,0,14.4,15.1,14.4,15.09,-0.69,0.3,0.31,15.1
2022,145,Corey Davis,NYJ,WR,1,4,PIT,14.594594594594595,20.689655172413794,73.1,27,67.5,6,16.2,2.74,0.22,13,78,29.8,74,29.1,12.33,14.8,5,83.3,18,3.6,4,0.8,1,0.49,50,1,0,0,5,0.185,157.6,5,23.8,0,0,5,83.3,1,25,0,0,0,0,0,0,0,0,27.3,2.97,1.771,74.1,25.9,0,0,18.4,13.9,18.4,13.91,4.49,0.68,0.52,13.9
2022,146,Courtland Sutton,DEN,WR,1,5,IND,18.22429906542056,22.448979591836736,93,39,86.7,11,28.2,1.9,0.28,14.55,160,42.3,74,27,6.73,14.8,5,45.5,15,3,4,0.8,0,0.22,0,3,2,0,2,0.051,68,10,40,1,9.1,7,63.6,4,25,1,9.1,0,0,0,0,0,0,32.4,-1.88,-0.149,89.7,10.3,0,0,12.4,15.7,12.4,15.7,-3.3,0.32,0.4,15.7
2022,147,Gabe Davis,BUF,WR,1,6,KC,19.32367149758454,20,93.1,40,90.9,5,12.5,1.85,0.13,18,90,31.1,74,22.5,14.8,24.67,3,60,7,2.33,5,1.67,1,0.76,33.3,0,0,0,3,0.075,143.8,2,9.5,0,0,3,60,2,66.7,0,0,0,0,0,0,0,0,15.2,4.88,1.467,87.5,12.5,0,0,16.4,14.5,16.4,14.48,1.92,0.41,0.36,14.5
2022,148,Donovan Peoples-Jones,CLV,WR,1,6,NE,21.73913043478261,14.705882352941178,86.6,40,81.6,5,11.1,1.85,0.13,18.2,91,17.3,74,27.8,14.8,18.5,4,80,7,1.75,1,0.25,0,0.04,0,1,1,0,3,0.075,118.8,5,16.7,0,0,4,80,2,50,0,0,2,1,50,0,0,0,15.2,4.54,1.557,80,20,0,0,11.6,8.8,11.6,8.79,2.81,0.29,0.21,8.3
2022,149,Drake London,ATL,WR,1,1,NO,20.930232558139537,16.27906976744186,73.2,27,71.1,7,21.2,2.74,0.26,11.86,83,30.4,74,34.4,10.57,14.8,5,71.4,16,3.2,7,1.4,0,0.21,0,0,0,0,3,0.111,105.7,4,17.4,0,0,5,71.4,0,20,0,0,0,0,0,0,0,0,26.9,1.78,0.59,92.6,7.4,0,0,12.4,13.6,12.4,13.56,-1.16,0.46,0.5,13.6
2022,150,Tyler Higbee,LA,TE,1,4,SF,22.77777777777778,29.78723404255319,93.2,41,73.2,14,29.2,1.78,0.34,3.21,45,17.2,73,28.7,5.21,7.3,10,71.4,46,4.6,20,2,0,0.03,0,2,1,0,4,0.098,83.3,9,28.1,1,7.1,10,71.4,0,0,0,0,0,0,0,0,2,0.2,32.6,-0.99,0.197,12.2,14.6,73.2,0,17.3,16.3,17.3,16.3,1,0.42,0.4,16.3
2022,151,David Njoku,CLV,TE,1,4,ATL,19.411764705882355,15.625,91.5,33,86.8,5,14.3,2.21,0.15,8.4,42,14.9,73,31.2,14.6,14.6,5,100,31,6.2,9,1.8,0,0.02,0,0,0,0,3,0.091,118.8,4,21.1,1,20,5,100,1,40,0,0,0,0,0,0,0,0,17.2,6.66,0.138,15.2,27.3,57.6,0,10.7,11.7,10.7,11.65,-0.95,0.37,0.34,11.2
2022,152,Mecole Hardman,KC,WR,1,5,LV,16.535433070866144,25,40.6,21,43.8,5,11.6,3.48,0.24,12.6,63,22.8,73,25,14.6,18.25,4,80,33,8.25,15,3.75,0,0.12,0,1,0,0,2,0.095,118.8,3,10.3,2,40,4,80,3,66.7,0,0,0,0,0,0,1,0.25,26.3,6.89,1.153,23.8,76.2,0,0,12,10.9,12,10.88,1.12,0.54,0.49,10.4
2022,153,Deebo Samuel,SF,WR,1,3,DEN,17.72151898734177,17.02127659574468,78.8,28,84.8,8,27.6,2.61,0.29,6.88,55,22.9,73,34.6,9.13,14.6,5,62.5,31,6.2,8,1.6,0,0.05,0,1,0,0,3,0.107,52.6,5,27.8,2,25,5,62.5,1,25,0,0,1,0,0,0,1,0.2,30.8,2.01,-0.098,71.4,17.9,0,10.7,12.9,14.6,12.9,14.6,-1.7,0.44,0.43,11.9
2022,154,K.J. Osborn,MIN,WR,1,3,DET,16.071428571428573,30.76923076923077,74.6,27,64.3,8,19.5,2.7,0.3,16.13,129,42.9,73,28.1,9.13,14.6,5,62.5,17,3.4,23,4.6,1,0.73,50,1,0,0,3,0.111,131.8,7,29.2,0,0,6,75,3,40,0,0,1,1,100,0,1,0.2,29.6,-0.56,0.386,29.6,70.4,0,0,18.3,15.9,18.3,15.88,2.42,0.68,0.59,15.9
2022,155,Amon-Ra St. Brown,DET,WR,1,3,MIN,27.192982456140353,23.076923076923077,73.7,31,72.1,9,22,2.35,0.29,5,45,13.4,73,26.4,8.11,12.17,6,66.7,56,9.33,6,1,0,0.05,0,1,0,0,4,0.129,91.4,6,26.1,1,11.1,7,77.8,1,20,0,0,1,0,0,0,2,0.33,31,1.64,0.794,51.6,48.4,0,0,13.3,11.2,13.3,11.22,2.08,0.43,0.36,11.2
2022,156,Romeo Doubs,GB,WR,1,3,TB,18.633540372670808,21.052631578947366,88.5,30,83.3,8,22.9,2.43,0.27,2.75,22,13.7,73,28.6,9.13,9.13,8,100,51,6.38,15,1.88,1,0.74,50,2,0,0,3,0.1,144.3,6,30,2,25,8,100,0,16.7,0,0,0,0,0,0,0,0,25,2.61,0.659,80,20,0,0,21.3,18.2,21.3,18.18,3.12,0.71,0.61,18.2
2022,157,Adam Thielen,MIN,WR,1,4,NO,17.78846153846154,21.428571428571427,95.5,37,88.1,9,23.1,1.95,0.24,7.56,68,24.3,72,25.2,8,9,8,88.9,12,1.5,4,0.5,0,0.61,0,1,0,0,5,0.135,100,7,25.9,0,0,9,100,0,0,1,11.1,3,2,66.7,0,0,0,27.3,0.72,0.351,59.5,40.5,0,0,15.2,19.5,15.2,19.55,-4.35,0.41,0.53,19.5
2022,158,Courtland Sutton,DEN,WR,1,1,SEA,19.626168224299064,14.285714285714285,95.3,42,93.3,7,16.7,1.71,0.17,18.57,130,43.5,72,21.2,10.29,18,4,57.1,12,3,3,0.75,0,0.02,0,1,2,0,3,0.071,92.6,5,21.7,0,0,4,57.1,2,25,0,0,0,0,0,0,0,0,17.9,-0.86,0.82,81,19,0,0,11.2,11,11.2,11.02,0.18,0.27,0.26,11
2022,159,Dallas Goedert,PHI,TE,1,4,JAX,17.28395061728395,17.647058823529413,89.6,28,96.6,6,24,2.57,0.21,1.67,10,8.6,72,35.3,12,14.4,5,83.3,70,14,7,1.4,0,1,0,1,0,0,2,0.071,116.7,6,31.6,4,66.7,6,100,0,40,1,16.7,0,0,0,0,0,0,27.3,4.95,0.599,14.3,50,35.7,0,12.2,17,12.2,17,-4.8,0.44,0.61,17
2022,160,Christian Kirk,JAX,WR,1,3,LAC,17.20430107526882,20,92,32,80,8,20.5,2.25,0.25,7.75,62,30,72,27.5,9,12,6,75,25,4.17,3,0.5,1,1.1,33.3,2,2,1,4,0.125,141.7,6,21.4,0,0,7,87.5,0,20,1,12.5,3,1,33.3,0,0,0,22.2,1.65,0.317,25,75,0,0,19.2,20.2,19.2,20.19,-0.99,0.6,0.63,20.2
2022,161,Nick Westbrook-Ikhine,TEN,WR,1,5,WAS,29.67032967032967,27.27272727272727,91.9,27,87.1,3,12,2.67,0.11,37,111,56.1,72,39.8,24,36,2,66.7,10,5,3,1.5,0,0.38,0,0,0,0,1,0.037,109.7,3,18.8,0,0,2,66.7,2,50,0,0,0,0,0,0,0,0,14.3,11.88,1.33,74.1,25.9,0,0,9.2,11,9.2,10.98,-1.78,0.34,0.41,11
2022,162,Michael Pittman,IND,WR,1,3,KC,17.333333333333336,17.647058823529413,94.2,39,90.7,9,24.3,1.85,0.23,4.78,43,26.4,72,32.4,8,9,8,88.9,33,4.13,20,2.5,0,0.03,0,0,0,0,4,0.103,100,6,27.3,2,22.2,8,88.9,0,25,0,0,2,2,100,0,0,0,27.3,1.31,0.197,84.6,15.4,0,0,15.2,13.4,15.2,13.44,1.76,0.39,0.34,13.4
2022,163,Mike Evans,TB,WR,1,1,DAL,12.345679012345679,21.21212121212121,72.6,20,69,7,25.9,3.55,0.35,12,84,29.2,71,33.5,10.14,14.2,5,71.4,10,2,7,1.4,1,1.21,100,1,1,1,5,0.25,103.9,6,30,0,0,5,71.4,0,25,0,0,3,2,66.7,1,0,0,33.3,1.23,0.379,65,35,0,0,18.1,17.6,18.1,17.56,0.54,0.91,0.88,17.6
2022,164,Sterling Shepard,NYG,WR,1,1,TEN,19.148936170212767,13.636363636363635,70.7,18,60,3,14.3,3.94,0.17,17,51,38.3,71,37.8,23.67,35.5,2,66.7,28,14,21,10.5,1,0.43,50,0,0,0,1,0.056,149.3,3,25,0,0,2,66.7,1,50,0,0,0,0,0,0,1,0.5,25,13.91,1.869,72.2,27.8,0,0,15.1,9.3,15.1,9.31,5.79,0.84,0.52,9.3
2022,165,Tyler Higbee,LA,TE,1,2,ATL,16.666666666666664,19.148936170212767,96.8,30,81.1,9,25,2.37,0.3,6.11,55,22.3,71,26.1,7.89,10.14,7,77.8,43,6.14,17,2.43,0,0.28,0,3,1,0,3,0.1,60,7,23.3,2,22.2,8,88.9,1,0,0,0,3,1,33.3,0,1,0.14,26.5,0.8,-0.023,40,10,50,0,14.1,13.7,14.1,13.68,0.42,0.47,0.46,13.7
2022,166,Gerald Everett,LAC,TE,1,2,KC,20,25.71428571428571,66.2,35,70,9,18.8,2.03,0.26,3.78,34,14.6,71,21.3,7.89,11.83,6,66.7,49,8.17,26,4.33,0,0.03,0,1,0,0,2,0.057,50.9,3,13,0,0,7,77.8,0,16.7,0,0,1,0,0,0,4,0.67,27.3,1.56,-1.148,17.1,34.3,48.6,0,13.1,12.1,13.1,12.12,0.98,0.37,0.35,12.1
2022,167,Donovan Peoples-Jones,CLV,WR,1,4,ATL,16.847826086956523,23.52941176470588,84.5,31,81.6,8,22.9,2.29,0.26,13.25,106,37.6,71,30.3,8.88,14.2,5,62.5,14,2.8,2,0.4,0,0.27,0,0,0,0,2,0.065,91.1,7,36.8,0,0,6,75,2,20,0,0,1,0,0,0,0,0,30.8,0.53,0.177,74.2,25.8,0,0,12.1,13.6,12.1,13.64,-1.54,0.39,0.44,13.6
2022,168,Tee Higgins,CIN,WR,1,2,DAL,25.97402597402597,25,89.6,40,88.9,9,25,1.77,0.23,11.78,106,52,71,35.7,7.89,11.83,6,66.7,14,2.33,7,1.17,1,0.75,100,2,1,1,5,0.125,127.5,6,22.2,1,11.1,6,66.7,1,0,0,0,2,1,50,0,0,0,26.5,-0.88,0.713,87.5,12.5,0,0,19.1,16.7,19.1,16.66,2.44,0.48,0.42,16.7
2022,169,Zach Ertz,ARZ,TE,1,6,SEA,19.158878504672895,18.75,95.8,41,87.2,9,24.3,1.71,0.22,11.44,103,35.3,70,31.5,7.78,10,7,77.8,17,2.43,10,1.43,0,0.06,0,0,0,0,3,0.073,99.1,8,28.6,0,0,8,88.9,3,14.3,0,0,0,0,0,0,1,0.14,28.1,-0.26,0.435,14.6,51.2,31.7,2.4,14,17.6,14,17.64,-3.64,0.34,0.43,17.6
2022,170,Julio Jones,TB,WR,1,1,DAL,54.054054054054056,71.42857142857143,51.6,20,69,5,18.5,3.45,0.25,20,100,34.7,69,32.5,13.8,23,3,60,17,5.67,9,3,0,1.07,0,1,0,0,2,0.1,104.2,5,25,1,20,4,80,2,33.3,1,20,1,0,0,1,0,0,25,4.37,0.546,65,35,0,0,11.6,22.2,11.6,22.15,-10.55,0.49,1.05,21
2022,171,Evan Engram,JAX,TE,1,5,HST,23.125,31.25,74,37,74,10,21.3,1.86,0.27,12.4,124,26.6,69,24.6,6.9,11.5,6,60,22,3.67,4,0.67,0,0.01,0,1,1,0,2,0.054,80.8,9,25.7,0,0,7,70,2,33.3,1,10,0,0,0,0,0,0,27,-0.96,-0.127,16.2,56.8,27,0,12.9,14.3,12.9,14.29,-1.39,0.35,0.39,14.3
2022,172,Mike Gesicki,MIA,TE,1,6,MIN,29.1044776119403,38.88888888888889,63,39,70.9,7,14.9,1.77,0.18,12,84,20.5,69,16.5,9.86,11.5,6,85.7,24,4,4,0.67,2,1.51,100,3,2,2,6,0.154,147.3,4,13.8,0,0,7,100,1,0,1,14.3,1,0,0,0,0,0,20,1.47,1.19,23.1,61.5,15.4,0,24.9,21.5,24.9,21.54,3.36,0.64,0.55,21.5
2022,173,A.J. Brown,PHI,WR,1,2,MIN,19.186046511627907,16.666666666666664,86.8,33,86.8,8,25.8,2.09,0.24,13.75,110,39.9,69,20.7,8.63,13.8,5,62.5,33,6.6,14,2.8,0,0.04,0,0,0,0,2,0.061,90.1,7,31.8,1,12.5,5,62.5,1,20,0,0,0,0,0,0,2,0.4,27.6,-0.71,0.664,78.8,21.2,0,0,11.9,10.4,11.9,10.37,1.53,0.36,0.31,10.4
2022,174,Quez Watkins,PHI,WR,1,2,MIN,19.82758620689655,25,58.8,23,60.5,2,6.5,3,0.09,33,66,23.9,69,20.7,34.5,34.5,2,100,3,1.5,-38,-19,1,0.93,100,0,0,0,1,0.043,158.3,1,4.5,0,0,2,100,1,50,0,0,0,0,0,0,0,0,10,21.95,3.182,34.8,65.2,0,0,14.9,14,14.9,14.01,0.89,0.65,0.61,14
2022,175,Shi Smith,CAR,WR,1,5,SF,22.302158273381295,29.411764705882355,61.5,31,64.6,5,11.9,2.23,0.16,13,65,22.6,69,25.1,13.8,17.25,4,80,20,5,4,1,0,0.2,0,0,0,0,2,0.065,118.8,5,17.9,1,20,5,100,1,50,0,0,2,1,50,0,0,0,16.7,4.49,0.582,12.9,87.1,0,0,10.9,10.8,10.9,10.8,0.1,0.35,0.35,10.8
2022,176,Jaylen Waddle,MIA,WR,1,1,NE,13.157894736842104,10.204081632653061,67.8,25,69.4,5,15.2,2.76,0.2,9.2,46,18.5,69,25.6,13.8,17.25,4,80,32,8,27,6.75,1,0.08,100,0,0,0,3,0.12,158.3,4,19,0,0,4,80,0,25,0,0,2,2,100,0,2,0.5,21.7,5.95,1.696,76,24,0,0,17.7,8.1,17.7,8.08,9.62,0.68,0.3,7.6
2022,177,Noah Brown,DAL,WR,1,1,TB,24.342105263157894,30,87.5,37,80.4,9,21.4,1.84,0.24,10,90,25.4,68,34.3,7.56,13.6,5,55.6,23,4.6,6,1.2,0,0.01,0,0,0,0,4,0.108,40.3,5,17.2,0,0,6,66.7,0,20,1,11.1,1,0,0,0,0,0,26.5,-0.51,-0.011,62.2,37.8,0,0,11.8,11.7,11.8,11.66,0.14,0.32,0.32,11.7
2022,178,Marquise Brown,ARZ,WR,1,2,LV,17.647058823529413,16.129032258064516,92.3,42,80.8,10,20.4,1.62,0.24,10.4,104,39.1,68,24.5,6.8,11.33,6,60,25,4.17,4,0.67,0,0.53,0,2,0,0,2,0.048,40.8,8,24.2,1,10,8,80,3,16.7,0,0,3,1,33.3,1,0,0,23.3,-1.43,-0.393,69,31,0,0,12.8,16.1,12.8,16.12,-3.32,0.3,0.38,16.1
2022,179,Marquise Brown,ARZ,WR,1,6,SEA,16.80672268907563,14.516129032258066,95.8,40,85.1,9,24.3,1.7,0.23,14.67,132,45.2,68,30.6,7.56,13.6,5,55.6,20,4,6,1.2,0,0.01,0,0,0,0,3,0.075,40.3,9,32.1,0,0,6,66.7,3,40,0,0,1,0,0,0,0,0,29,-1.76,0.24,70,30,0,0,11.8,12.6,11.8,12.64,-0.84,0.3,0.32,12.6
2022,180,Darnell Mooney,CHI,WR,1,6,WAS,25.34246575342466,35.483870967741936,91.3,37,88.1,11,40.7,1.84,0.3,13.82,152,54.9,68,35.8,6.18,9.71,7,63.6,25,3.57,7,1,0,0.82,0,1,2,0,3,0.081,80.9,11,57.9,2,18.2,8,72.7,3,33.3,0,0,3,2,66.7,0,0,0,52.4,-2.33,-0.365,40.5,56.8,0,2.7,13.8,19.3,13.8,19.25,-5.45,0.37,0.52,19.3
2022,181,CeeDee Lamb,DAL,WR,1,6,PHI,19.565217391304348,15.789473684210526,93.8,36,94.7,9,23.7,1.89,0.25,7.33,66,22.5,68,37.6,7.56,13.6,5,55.6,45,9,10,2,0,0.01,0,0,0,0,3,0.083,40.3,8,32,1,11.1,5,55.6,1,20,0,0,0,0,0,0,0,0,28.1,0.81,-0.052,25,75,0,0,12.7,10.2,12.7,10.22,2.48,0.33,0.26,9.2
2022,182,Rondale Moore,ARZ,WR,1,5,PHI,29.906542056074763,36.36363636363637,89.9,32,72.7,8,19,2.13,0.25,2.38,19,7.1,68,27.2,8.5,9.71,7,87.5,56,8,29,4.14,0,0.02,0,1,1,0,2,0.063,102.1,7,23.3,3,37.5,7,87.5,0,14.3,0,0,1,1,100,0,1,0.14,22.9,2.51,0.412,15.6,81.3,0,3.1,13.1,12.6,13.1,12.56,0.54,0.43,0.37,11.7
2022,183,A.J. Brown,PHI,WR,1,6,DAL,11.627906976744185,16.666666666666664,85.3,20,66.7,8,32,3.35,0.4,3.75,30,34.1,67,43.2,8.38,13.4,5,62.5,56,11.2,29,5.8,1,0.32,50,2,0,0,3,0.15,128.6,7,36.8,0,0,7,87.5,0,33.3,1,12.5,1,0,0,0,3,0.6,40,1.98,0.654,70,25,0,5,17.7,12.7,17.7,12.74,4.96,0.89,0.64,12.7
2022,184,Chris Olave,NO,WR,1,4,MIN,14.965986394557824,17.5,70.2,22,73.3,7,25,3.05,0.32,19.43,136,45,67,28.4,9.57,16.75,4,57.1,4,1,3,0.75,1,1.09,100,1,1,1,4,0.182,129.2,4,23.5,0,0,6,85.7,3,66.7,0,0,5,3,60,1,0,0,31.8,-1.01,0.695,68.2,31.8,0,0,16.7,17.3,16.7,17.27,-0.57,0.76,0.79,17.3
2022,185,Keenan Allen,LAC,WR,1,1,LV,100,100,32.3,11,31.4,4,11.8,6,0.36,12.75,51,21.6,66,23.7,16.5,16.5,4,100,15,3.75,13,3.25,0,0.02,0,0,0,0,2,0.182,118.8,2,10,0,0,4,100,1,25,0,0,2,2,100,0,0,0,33.3,7.75,1.067,36.4,63.6,0,0,10.6,8.6,10.6,8.57,2.03,0.96,0.78,8.6
2022,186,Tyler Boyd,CIN,WR,1,6,NO,18.51851851851852,21.428571428571427,96.3,40,95.2,6,16.2,1.65,0.15,6.5,39,17.1,66,22,11,11,6,100,27,4.5,6,1,0,0.02,0,0,0,0,4,0.1,112.5,5,19.2,0,0,6,100,0,16.7,0,0,0,0,0,0,0,0,17.6,4.13,1.013,15,85,0,0,12.6,11.2,12.6,11.22,1.38,0.32,0.28,11.2
2022,187,Mack Hollins,LV,WR,1,2,ARZ,17.415730337078653,28.57142857142857,85.2,31,75.6,8,20.5,2.13,0.26,6.88,55,23.7,66,26.2,8.25,13.2,5,62.5,22,4.4,5,1,0,0.03,0,1,0,0,3,0.097,88.5,7,21.9,0,0,5,62.5,0,40,0,0,0,0,0,0,0,0,23.5,1.06,0.64,83.9,16.1,0,0,11.6,10.5,11.6,10.55,1.05,0.37,0.34,10.5
2022,188,Ben Skowronek,LA,WR,1,3,ARZ,9.523809523809524,13.793103448275861,84.8,18,66.7,4,16,3.67,0.22,8,32,15.8,66,26.5,16.5,16.5,4,100,34,8.5,0,0,0,0.06,0,0,0,0,2,0.111,118.8,3,15.8,0,0,4,100,0,50,0,0,0,0,0,0,0,0,21.1,8.54,0.986,38.9,50,0,11.1,10.6,9.3,10.6,9.33,1.27,0.59,0.52,9.3
2022,189,Kyle Philips,TEN,WR,1,1,NYG,44.680851063829785,69.23076923076923,43.3,21,60,9,27.3,3.14,0.43,8,72,26.1,66,24.8,7.33,11,6,66.7,11,1.83,12,2,0,0.13,0,0,0,0,3,0.143,88.2,8,34.8,0,0,8,88.9,1,33.3,2,22.2,3,2,66.7,1,0,0,50,-0.2,0.115,38.1,61.9,0,0,12.6,15.8,12.6,15.8,-3.2,0.6,0.75,15.8
2022,190,Michael Thomas,NO,WR,1,2,TB,41,40.909090909090914,77.3,41,87.2,9,22.5,1.59,0.22,11.11,100,19.2,65,27.5,7.22,10.83,6,66.7,9,1.5,4,0.67,1,0.29,100,1,1,1,6,0.146,124.8,8,25,0,0,7,77.8,1,0,0,0,3,2,66.7,1,0,0,25.7,-0.9,0.775,78,22,0,0,18.5,11.9,18.5,11.93,6.57,0.45,0.29,11.9
2022,191,Zay Jones,JAX,WR,1,1,WAS,26.143790849673206,24.324324324324326,83.9,40,88.9,9,21.4,1.63,0.23,10.44,94,25.7,65,23.6,7.22,10.83,6,66.7,23,3.83,6,1,0,0.67,0,3,3,0,4,0.1,87.7,9,30,0,0,7,77.8,1,0,0,0,1,1,100,0,0,0,28.1,-0.81,0.288,65,35,0,0,12.5,15.8,12.5,15.8,-3.3,0.31,0.4,15.8
2022,192,Nico Collins,HST,WR,1,5,JAX,15.748031496062993,19.230769230769234,82.1,20,80,5,20.8,3.25,0.25,13.6,68,57.1,65,46.4,13,16.25,4,80,11,2.75,7,1.75,0,0.02,0,0,0,0,3,0.15,118.8,4,20,0,0,4,80,1,50,0,0,2,2,100,1,0,0,23.8,3.7,0.684,100,0,0,0,10.5,7.5,10.5,7.49,3.01,0.53,0.37,7.5
2022,193,DeVante Parker,NE,WR,1,6,CLV,18.954248366013072,27.27272727272727,76.9,29,80.6,6,17.6,2.21,0.21,11.67,70,37.2,64,20.7,10.67,16,4,66.7,18,4.5,12,3,0,0.02,0,0,0,0,3,0.103,102.1,6,28.6,0,0,5,83.3,1,25,0,0,4,3,75,1,0,0,20.7,1.86,0.81,96.6,3.4,0,0,10.4,6.4,10.4,6.41,3.99,0.36,0.22,6.4
2022,194,DeAndre Carter,LAC,WR,1,1,LV,8.092485549132949,19.047619047619047,38.5,14,40,4,11.8,4.57,0.29,20,80,33.9,64,22.9,16,21.33,3,75,4,1.33,2,0.67,1,0.95,33.3,0,1,1,3,0.214,156.3,3,15,0,0,3,75,3,66.7,0,0,2,2,100,1,0,0,30.8,6.66,1.181,28.6,71.4,0,0,15.4,11.8,15.4,11.78,3.62,1.1,0.84,11.8
2022,195,Jalen Guyton,LAC,WR,1,3,JAX,72.22222222222221,75,27.6,13,27.7,3,6.7,4.92,0.23,28.67,86,24.3,64,21.5,21.33,32,2,66.7,8,4,1,0.5,0,0.02,0,0,0,0,2,0.154,109.7,2,9.5,0,0,2,66.7,2,50,0,0,2,1,50,0,0,0,30,10.95,1.87,84.6,15.4,0,0,8.4,4.9,8.4,4.95,3.45,0.65,0.38,4.9
2022,196,DK Metcalf,SEA,WR,1,3,ATL,22.702702702702705,24,92.8,42,91.3,12,27.3,1.52,0.29,14.42,173,39.9,64,19.7,5.33,12.8,5,41.7,6,1.2,0,0,1,1.12,50,5,4,1,4,0.095,86.8,9,30,0,0,7,58.3,3,0,0,0,9,2,22.2,1,0,0,28.6,-4,-0.086,85.7,14.3,0,0,17.4,16.7,17.4,16.7,0.7,0.41,0.4,16.7
2022,197,Amon-Ra St. Brown,DET,WR,1,1,PHI,30.701754385964914,30.76923076923077,87.9,35,89.7,12,32.4,1.83,0.34,5.08,61,20.6,64,29.8,5.33,8,8,66.7,32,4,19,2.38,1,0.62,50,1,0,0,3,0.086,107.6,9,33.3,1,8.3,10,83.3,0,14.3,2,16.7,2,2,100,0,2,0.25,35.3,-1.42,-0.004,22.9,77.1,0,0,20.4,19.4,20.4,19.35,1.05,0.58,0.55,19.4
2022,198,Allen Robinson,LA,WR,1,6,CAR,11.557788944723619,20.689655172413794,87.3,23,67.6,6,18.2,2.74,0.26,9.5,57,42.9,63,24.9,10.5,12.6,5,83.3,12,2.4,2,0.4,1,0.56,100,2,2,1,5,0.217,150,4,16,0,0,6,100,0,25,0,0,4,3,75,2,1,0.2,20.7,2.57,0.77,56.5,43.5,0,0,17.3,11.9,17.3,11.9,5.4,0.75,0.52,11.9
2022,199,Chris Moore,HST,WR,1,3,CHI,18.181818181818183,25,49.1,16,48.5,3,9.4,3.94,0.19,8.67,26,12.3,63,25.7,21,21,3,100,37,12.33,7,2.33,0,0.01,0,0,0,0,1,0.063,118.8,1,5.6,0,0,3,100,1,33.3,0,0,0,0,0,0,1,0.33,18.8,13.66,1.635,0,93.8,6.3,0,9.3,6.8,9.3,6.8,2.5,0.58,0.42,6.8
2022,200,Marquez Valdes-Scantling,KC,WR,1,4,TB,15.5,15.151515151515152,68.8,31,72.1,5,13.5,2.03,0.16,13.2,66,23.4,63,25.3,12.6,21,3,60,20,6.67,4,1.33,0,0.15,0,2,1,0,2,0.065,104.2,5,18.5,1,20,4,80,1,66.7,0,0,3,1,33.3,0,0,0,20.8,3.88,0.433,41.9,54.8,3.2,0,9.3,9,9.3,9,0.3,0.3,0.29,9
2022,201,Greg Dortch,ARZ,WR,1,1,KC,28.368794326241137,39.130434782608695,90.5,40,90.9,9,23.7,1.57,0.23,6.56,59,25.9,63,30.7,7,9,7,77.8,34,4.86,21,3,0,0.03,0,0,0,0,3,0.075,95.8,7,36.8,1,11.1,9,100,1,14.3,0,0,2,0,0,0,1,0.14,29,-0.19,0.369,17.5,80,0,2.5,13.3,16.1,13.3,16.09,-2.79,0.33,0.4,16.1
2022,202,Brandon Aiyuk,SF,WR,1,2,SEA,12.345679012345679,18.91891891891892,87.1,20,80,7,29.2,3.15,0.35,11,77,47,63,34.2,9,12.6,5,71.4,28,5.6,18,3.6,0,0.81,0,1,0,0,3,0.15,99.1,7,43.8,0,0,6,85.7,1,25,1,14.3,0,0,0,0,1,0.2,35,1.47,0.032,60,40,0,0,11.3,18.4,11.3,18.37,-7.07,0.57,0.92,18.4
2022,203,Stefon Diggs,BUF,WR,1,4,BLT,18.433179723502306,9.523809523809524,95.2,40,95.2,6,16.7,1.55,0.15,15.17,91,39.7,62,29.1,10.33,15.5,4,66.7,9,2.25,0,0,0,0.2,0,1,0,0,3,0.075,100.7,4,22.2,0,0,5,83.3,2,25,0,0,0,0,0,0,0,0,18.8,0.7,0.631,50,50,0,0,10.2,13.4,10.2,13.45,-3.25,0.26,0.34,13.4
2022,204,Curtis Samuel,WAS,WR,1,5,TEN,17.75700934579439,17.02127659574468,89.7,38,88.4,8,21.1,1.63,0.21,9,72,21.9,62,17.3,7.75,10.33,6,75,17,2.83,6,1,0,0.04,0,0,0,0,4,0.105,96.9,7,33.3,1,12.5,7,87.5,1,16.7,0,0,2,1,50,0,0,0,24.2,0.58,-0.061,28.9,71.1,0,0,12.2,12.4,12.2,12.41,-0.21,0.32,0.33,12.4
2022,205,Dalton Schultz,DAL,TE,1,1,TB,43.75,52.94117647058824,100,42,91.3,9,21.4,1.48,0.21,6.22,56,15.8,62,31.3,6.89,8.86,7,77.8,7,1,6,0.86,0,0.01,0,0,0,0,2,0.048,95.4,7,24.1,0,0,7,77.8,0,0,0,0,4,4,100,0,0,0,22.5,-0.52,0.331,11.9,45.2,38.1,4.8,13.2,12,13.2,12.04,1.16,0.31,0.29,12
2022,206,Jauan Jennings,SF,WR,1,1,CHI,27.710843373493976,30,59.7,23,67.6,6,21.4,2.7,0.26,10,60,32.1,62,37.8,10.33,15.5,4,66.7,17,4.25,16,4,0,0.06,0,0,0,0,2,0.087,61.1,4,21.1,0,0,4,66.7,1,25,0,0,0,0,0,0,0,0,28.6,2.88,-0.046,34.8,65.2,0,0,10.2,10.2,10.2,10.24,-0.04,0.44,0.45,10.2
2022,207,Kylen Granson,IND,TE,1,4,TEN,15.04424778761062,19.047619047619047,44.4,17,41.5,4,10.8,3.65,0.24,7.75,31,13.2,62,17.4,15.5,15.5,4,100,31,7.75,6,1.5,0,0.03,0,1,0,0,4,0.235,118.8,3,12.5,0,0,4,100,0,33.3,0,0,0,0,0,1,0,0,28.6,8.02,1.505,17.6,17.6,64.7,0,10.2,8.3,10.2,8.3,1.9,0.6,0.49,8.3
2022,208,Adam Thielen,MIN,WR,1,3,DET,16.826923076923077,19.047619047619047,98.5,35,83.3,8,19.5,1.74,0.23,12.13,97,32.2,61,23.5,7.63,10.17,6,75,17,2.83,4,0.67,1,1,50,2,1,1,6,0.171,135.9,6,25,0,0,6,75,1,0,0,0,1,1,100,0,0,0,23.5,-0.8,0.432,77.1,22.9,0,0,18.1,16.4,18.1,16.38,1.72,0.52,0.47,16.4
2022,209,Mike Evans,TB,WR,1,2,NO,12.345679012345679,12.121212121212121,61.5,20,57.1,4,11.8,3.05,0.2,15.5,62,20.9,61,32.1,15.25,20.33,3,75,28,9.33,2,0.67,0,0.03,0,0,0,0,3,0.15,116.7,4,13.3,0,0,4,100,1,33.3,0,0,1,0,0,0,0,0,20,6.04,1.567,70,30,0,0,9.1,9.3,9.1,9.33,-0.23,0.45,0.47,9.3
2022,210,Hunter Henry,NE,TE,1,6,CLV,17.599999999999998,33.33333333333333,96.9,22,61.1,7,20.6,2.77,0.32,7,49,26.1,61,19.7,8.71,15.25,4,57.1,27,6.75,12,3,1,0.26,50,2,1,0,3,0.136,125.6,4,19,0,0,6,85.7,0,33.3,1,14.3,2,1,50,0,0,0,23.3,1.42,0.093,13.6,36.4,50,0,16.1,10.5,16.1,10.5,5.6,0.73,0.48,10.5
2022,211,Tyler Higbee,LA,TE,1,3,ARZ,9.444444444444445,8.51063829787234,93.5,17,63,4,16,3.59,0.24,0,0,0,61,24.5,15.25,15.25,4,100,61,15.25,14,3.5,0,0.04,0,0,0,0,2,0.118,118.8,3,15.8,3,75,4,100,0,25,0,0,0,0,0,0,2,0.5,17.4,9.17,0.765,23.5,11.8,64.7,0,10.1,7.1,10.1,7.12,2.98,0.59,0.42,7.1
2022,212,Noah Brown,DAL,WR,1,4,WAS,13.815789473684212,16.666666666666664,78.9,21,72.4,5,18.5,2.9,0.24,15.8,79,32.8,61,27.4,12.2,20.33,3,60,13,4.33,7,2.33,0,0.36,0,1,0,0,2,0.095,102.9,4,26.7,0,0,3,60,2,50,0,0,1,1,100,0,1,0.33,27.8,2.86,0.194,52.4,47.6,0,0,9.1,10.4,9.1,10.42,-1.32,0.43,0.5,10.4
2022,213,Jonnu Smith,NE,TE,1,6,CLV,9.803921568627452,15.384615384615385,44.6,5,13.9,2,5.9,12.2,0.4,4.5,9,4.8,61,19.7,30.5,30.5,2,100,52,26,39,19.5,0,0.01,0,0,0,0,1,0.2,118.8,2,9.5,1,50,2,100,0,50,0,0,0,0,0,0,2,1,22.2,23.17,2.536,20,20,60,0,8.1,4.4,8.1,4.42,3.68,1.62,0.88,4.4
2022,214,Gerald Everett,LAC,TE,1,4,HST,13.714285714285715,17.142857142857142,68.7,24,60,6,15.4,2.54,0.25,10.5,63,22.7,61,17.9,10.17,12.2,5,83.3,8,1.6,2,0.4,1,1.1,50,1,1,1,3,0.125,148.6,5,25,0,0,6,100,0,0,1,16.7,2,2,100,1,0,0,21.4,1.81,0.613,29.2,50,20.8,0,17.1,18.6,17.1,18.57,-1.47,0.71,0.77,18.6
2022,215,Chris Godwin,TB,WR,1,5,ATL,22.52252252252252,20,49.3,25,48.1,6,11.5,2.44,0.24,6.17,37,10.3,61,17.4,10.17,10.17,6,100,24,4,8,1.33,0,0.07,0,1,0,0,4,0.16,109,4,13.8,2,33.3,6,100,0,20,0,0,0,0,0,0,0,0,24,2.59,0.933,20,80,0,0,12.3,13.2,12.3,13.22,-0.92,0.48,0.49,12.3
2022,216,Alec Pierce,IND,WR,1,3,KC,13.970588235294118,17.857142857142858,44.9,19,44.2,5,13.5,3.21,0.26,13.4,67,41.1,61,27.5,12.2,20.33,3,60,10,3.33,8,2.67,0,0.17,0,1,0,0,3,0.158,102.9,5,22.7,0,0,4,80,1,33.3,0,0,1,1,100,1,1,0.33,29.4,3.2,0.68,100,0,0,0,9.1,10.5,9.1,10.46,-1.36,0.48,0.55,10.5
2022,217,Dallas Goedert,PHI,TE,1,1,DET,18.51851851851852,11.76470588235294,91.7,30,68.2,4,12.5,2,0.13,1.25,5,4,60,24.7,15,20,3,75,55,18.33,10,3.33,0,0.07,0,0,0,0,3,0.1,116.7,4,21.1,1,25,3,75,0,66.7,0,0,0,0,0,0,1,0.33,16.7,8.67,1.084,10,50,40,0,9,5.5,9,5.49,3.51,0.3,0.18,5.5
2022,218,Christian Kirk,JAX,WR,1,4,PHI,12.365591397849462,22.5,95.7,23,85.2,9,39.1,2.61,0.39,8.78,79,50.6,60,34.5,6.67,30,2,22.2,15,7.5,2,1,0,0.05,0,1,0,0,2,0.087,15.3,9,42.9,1,11.1,6,66.7,1,50,3,33.3,1,0,0,0,0,0,40.9,-0.94,-0.449,43.5,52.2,0,4.3,8.3,13.5,8.3,13.51,-5.21,0.35,0.57,13.1
2022,219,Jakobi Meyers,NE,WR,1,6,CLV,25.233644859813083,12.903225806451612,80,27,75,4,11.8,2.22,0.15,10.75,43,22.9,60,19.4,15,15,4,100,17,4.25,7,1.75,0,0.01,0,0,0,0,2,0.074,118.8,3,14.3,1,25,4,100,0,50,0,0,1,1,100,0,0,0,14.3,6.3,0.763,18.5,81.5,0,0,10,8.8,10,8.79,1.21,0.37,0.33,8.8
2022,220,Diontae Johnson,PIT,WR,1,5,BUF,23.18181818181818,21.818181818181817,93.1,51,91.1,12,23.1,1.18,0.24,12.75,153,41.5,60,18.3,5,12,5,41.7,12,2.4,4,0.8,0,0.26,0,3,1,0,2,0.039,22.9,10,25,0,0,9,75,4,20,1,8.3,2,0,0,0,2,0.4,25.5,-3.84,-0.521,94.1,5.9,0,0,11,17.9,11,17.88,-6.88,0.22,0.35,17.9
2022,221,Donovan Peoples-Jones,CLV,WR,1,1,CAR,17.391304347826086,32.35294117647059,83.8,32,84.2,11,32.4,1.88,0.34,8.45,93,40.6,60,40.8,5.45,10,6,54.5,1,0.17,0,0,0,0.03,0,1,1,0,3,0.094,70.3,6,31.6,0,0,6,54.5,0,0,0,0,3,3,100,0,0,0,40.7,-2.17,-0.166,68.8,31.3,0,0,12,10.1,12,10.14,1.86,0.38,0.32,10.1
2022,222,Garrett Wilson,NYJ,WR,1,3,CIN,21.176470588235293,20,63.2,36,64.3,9,17.3,1.67,0.25,9.56,86,19.9,60,21.1,6.67,10,6,66.7,13,2.17,2,0.33,0,0.04,0,1,1,0,3,0.083,85.4,7,24.1,0,0,7,77.8,1,16.7,0,0,1,1,100,2,0,0,30,-1.58,0.044,11.1,86.1,2.8,0,12,13.4,12,13.38,-1.38,0.33,0.37,13.4
2022,223,Chris Godwin,TB,WR,1,4,KC,37.83783783783784,33.33333333333333,81.4,42,79.2,10,19.2,1.4,0.24,6,60,18,59,15.9,5.9,8.43,7,70,28,4,13,1.86,0,0.09,0,1,0,0,3,0.071,83.3,10,24.4,2,20,8,80,1,0,0,0,3,2,66.7,0,0,0,23.8,-0.9,0.138,16.7,83.3,0,0,12.9,12.4,12.9,12.4,0.5,0.31,0.3,12.4
2022,224,Richie James,NYG,WR,1,1,TEN,16.80672268907563,25,69,20,66.7,6,28.6,2.95,0.3,10.67,64,48.1,59,31.4,9.83,11.8,5,83.3,13,2.6,4,0.8,0,0.01,0,0,0,0,3,0.15,107.6,3,25,0,0,6,100,0,0,1,16.7,3,3,100,0,1,0.2,40,1.53,0.115,30,70,0,0,11.1,12.3,11.1,12.25,-1.15,0.55,0.59,11.8
2022,225,D.J. Moore,CAR,WR,1,5,SF,23.463687150837988,21.62162162162162,92.3,42,87.5,8,19,1.4,0.19,15,120,41.8,59,21.5,7.38,14.75,4,50,26,6.5,21,5.25,0,0.02,0,0,0,0,3,0.071,74.5,5,17.9,1,12.5,5,62.5,1,25,0,0,3,2,66.7,0,2,0.5,22.2,-2.61,0.575,83.3,16.7,0,0,10.7,9.5,10.7,9.55,1.15,0.24,0.22,9.1
2022,226,Hunter Renfrow,LV,WR,1,2,ARZ,34.44444444444444,50,68.9,31,75.6,10,25.6,1.9,0.32,1.9,19,8.2,59,23.4,5.9,8.43,7,70,49,7,18,2.57,0,0.3,0,2,0,0,3,0.097,85,8,25,2,20,8,80,0,16.7,0,0,1,0,0,0,1,0.14,32.3,0.29,-0.699,9.7,90.3,0,0,11.9,14.3,11.9,14.25,-2.35,0.42,0.46,14.3
2022,227,Michael Pittman,IND,WR,1,5,DEN,19.11111111111111,15.686274509803921,100,43,89.6,8,19.5,1.37,0.19,8,64,29.1,59,23.5,7.38,11.8,5,62.5,26,5.2,18,3.6,0,0.02,0,0,0,0,4,0.093,45.3,7,38.9,0,0,7,87.5,0,0,1,12.5,1,0,0,0,0,0,22.9,0.08,-0.029,74.4,25.6,0,0,10.9,13,10.9,13.04,-2.14,0.25,0.3,13
2022,228,Rashod Bateman,BLT,WR,1,1,NYJ,27.472527472527474,22.727272727272727,67.9,25,73.5,5,16.7,2.36,0.2,21.2,106,30.5,59,27.7,11.8,29.5,2,40,13,6.5,2,1,1,0.66,33.3,0,0,0,1,0.04,124.2,4,17.4,0,0,4,80,2,50,0,0,1,0,0,0,0,0,25,2.36,0.209,88,12,0,0,13.9,14.4,13.9,14.41,-0.51,0.56,0.58,14.4
2022,229,Rashod Bateman,BLT,WR,1,3,NE,28.57142857142857,18.181818181818183,62.7,26,76.5,4,13.8,2.27,0.15,22,88,32.7,59,27.1,14.75,29.5,2,50,23,11.5,1,0.5,0,0.3,0,0,0,0,1,0.038,56.3,4,22.2,0,0,3,75,3,100,1,25,0,0,0,0,1,0.5,20,4.01,-1.492,84.6,15.4,0,0,6.9,10.7,6.9,10.68,-3.78,0.3,0.41,10.7
2022,230,Jahan Dotson,WAS,WR,1,2,DET,32.87671232876712,23.809523809523807,98.6,48,90.6,5,10.9,1.23,0.1,17.6,88,22.9,59,17.5,11.8,14.75,4,80,12,3,6,1.5,1,0.71,33.3,1,1,1,4,0.083,155.4,4,16,0,0,4,80,2,33.3,0,0,2,2,100,2,0,0,11.9,2.31,1.273,75,25,0,0,17.9,9.7,17.9,9.66,8.24,0.33,0.2,9.7
2022,231,Travis Kelce,KC,TE,1,3,IND,16,15.686274509803921,88.3,32,78,8,22.2,1.81,0.25,9.63,77,28.6,58,22.1,7.25,14.5,4,50,31,7.75,15,3.75,1,1.74,100,4,3,1,3,0.094,113.5,8,42.1,0,0,8,100,1,66.7,2,25,2,0,0,0,2,0.5,27.6,-1.12,0.194,21.9,59.4,18.8,0,17.9,25.6,17.9,25.56,-7.66,0.49,0.72,22.9
2022,232,Kendrick Bourne,NE,WR,1,3,BLT,20.8955223880597,35.714285714285715,27,14,35,5,15.6,4.14,0.36,13.8,69,18,58,18.1,11.6,14.5,4,80,7,1.75,4,1,0,0.05,0,0,0,0,3,0.214,75.4,3,15,0,0,4,80,2,50,0,0,1,1,100,0,0,0,45.5,2.22,-0.187,85.7,14.3,0,0,9.8,9.2,9.8,9.16,0.64,0.7,0.65,9.2
2022,233,David Njoku,CLV,TE,1,6,NE,19.411764705882355,15.625,79.1,33,67.3,5,11.1,1.76,0.15,15.8,79,15,58,21.8,11.6,19.33,3,60,13,4.33,5,1.67,0,0.68,0,0,1,0,2,0.061,100.4,4,13.3,0,0,4,80,2,66.7,0,0,0,0,0,0,0,0,17.9,2.99,1.047,15.2,42.4,42.4,0,8.8,14.1,8.8,14.13,-5.33,0.27,0.43,14.1
2022,234,Olamide Zaccheaus,ATL,WR,1,6,SF,13.829787234042554,22.22222222222222,75,13,76.5,4,28.6,4.46,0.31,7,28,33.3,58,45,14.5,14.5,4,100,30,7.5,7,1.75,0,0.01,0,0,0,0,3,0.231,118.8,4,30.8,0,0,4,100,0,25,0,0,1,1,100,0,0,0,33.3,7.51,0.92,23.1,76.9,0,0,9.8,7.1,9.8,7.14,2.66,0.75,0.55,7.1
2022,235,Terry McLaurin,WAS,WR,1,1,JAX,14.864864864864865,8.571428571428571,88.6,33,73.3,3,7.3,1.76,0.09,18.67,56,20.8,58,18.5,19.33,29,2,66.7,18,9,9,4.5,1,0.56,25,0,0,0,2,0.061,149.3,3,10,0,0,2,66.7,1,50,0,0,0,0,0,0,2,1,8.6,8.96,1.898,75.8,24.2,0,0,13.8,9,13.8,9.02,4.78,0.42,0.27,9
2022,236,Brandon Aiyuk,SF,WR,1,5,CAR,15.432098765432098,10.81081081081081,86.9,25,78.1,4,13.3,2.32,0.16,12.5,50,22,58,22.9,14.5,19.33,3,75,25,8.33,18,6,0,0.06,0,0,0,0,2,0.08,116.7,4,17.4,0,0,3,75,0,33.3,0,0,0,0,0,0,3,1,14.8,5.22,1.118,72,28,0,0,8.8,7.3,8.8,7.33,1.47,0.35,0.29,7.3
2022,237,Nico Collins,HST,WR,1,2,DEN,22.04724409448819,34.61538461538461,67.8,28,68.3,9,23.7,2.07,0.32,14.56,131,40.2,58,32.8,6.44,14.5,4,44.4,16,4,5,1.25,0,0.02,0,1,0,0,3,0.107,66,8,29.6,0,0,4,44.4,2,66.7,0,0,1,1,100,0,0,0,36,-2.86,-0.154,96.4,3.6,0,0,9.8,8.7,9.8,8.66,1.14,0.35,0.31,8.7
2022,238,Randall Cobb,GB,WR,1,3,TB,15.59633027522936,8,39.3,17,47.2,2,5.7,3.35,0.12,5.5,11,6.8,57,22.4,28.5,28.5,2,100,46,23,31,15.5,0,0.01,0,0,0,0,2,0.118,118.8,1,5,0,0,2,100,0,50,0,0,0,0,0,0,3,1.5,12.5,22.19,2.258,35.3,64.7,0,0,7.7,3.7,7.7,3.73,3.97,0.45,0.22,3.7
2022,239,Brandin Cooks,HST,WR,1,4,LAC,20.77922077922078,17.94871794871795,79.2,32,82.1,7,20,1.78,0.22,6.86,48,18.9,57,23.2,8.14,8.14,7,100,11,1.57,3,0.43,1,0.28,50,1,1,1,4,0.125,140.2,6,26.1,2,28.6,7,100,1,16.7,0,0,1,1,100,0,0,0,22.6,0.71,0.766,75,25,0,0,18.7,14.2,18.7,14.19,4.51,0.58,0.44,14.2
2022,240,Michael Thomas,NO,WR,1,1,ATL,31,36.36363636363637,61.4,31,77.5,8,23.5,1.84,0.26,11.25,90,31.8,57,21.2,7.13,11.4,5,62.5,7,1.4,1,0.2,2,0.82,100,2,2,2,4,0.129,123.4,8,30.8,0,0,7,87.5,1,66.7,1,12.5,1,0,0,0,0,0,32,-1.58,0.597,80.6,19.4,0,0,22.7,17.2,22.7,17.19,5.51,0.73,0.55,17.2
2022,241,KhaDarel Hodge,ATL,WR,1,2,LA,13.88888888888889,27.27272727272727,21.4,5,15.6,3,11.5,11.4,0.6,11.67,35,19.1,57,29.1,19,28.5,2,66.7,28,14,38,19,0,0.01,0,0,0,0,2,0.4,109.7,3,15,0,0,2,66.7,0,50,0,0,0,0,0,0,1,0.5,75,10.21,1.45,80,20,0,0,7.7,4.3,7.7,4.28,3.42,1.54,0.86,4.3
2022,242,Diontae Johnson,PIT,WR,1,2,NE,16.363636363636363,18.181818181818183,86.2,36,97.3,10,30.3,1.58,0.28,9.5,95,37.4,57,33.9,5.7,9.5,6,60,5,0.83,6,1,0,0.03,0,0,0,0,5,0.139,36.3,7,30.4,1,10,6,60,1,0,0,0,1,1,100,0,0,0,30.3,-2.28,0.041,91.7,8.3,0,0,13.7,12,13.7,12.03,1.67,0.32,0.33,12
2022,243,Parris Campbell,IND,WR,1,6,JAX,24.358974358974358,44,100,57,98.3,11,19,1,0.19,7.55,83,24.1,57,14.7,5.18,8.14,7,63.6,30,4.29,16,2.29,1,0.75,33.3,2,1,0,4,0.07,107,7,24.1,1,9.1,8,72.7,1,0,1,9.1,1,1,100,0,2,0.29,20.4,-2.01,0.387,10.5,89.5,0,0,18.7,17.4,18.7,17.38,1.32,0.33,0.3,17.4
2022,244,Josh Palmer,LAC,WR,1,6,DEN,22.169811320754718,28.947368421052634,86.7,47,77,11,19.3,1.21,0.23,9.36,103,31.5,57,23.9,5.18,6.33,9,81.8,30,3.33,16,1.78,0,0.11,0,1,0,0,2,0.043,88.3,7,25.9,3,27.3,10,90.9,2,0,0,0,1,0,0,0,3,0.33,23.9,-2.09,0.208,85.1,14.9,0,0,14.7,17.3,14.7,17.27,-2.57,0.31,0.37,17.3
2022,245,DeAndre Carter,LAC,WR,1,2,KC,19.653179190751445,14.285714285714285,64.9,34,68,3,6.3,1.62,0.09,10,30,12.9,55,16.5,18.33,18.33,3,100,25,8.33,6,2,0,0.11,0,0,0,0,3,0.088,118.8,3,13,1,33.3,3,100,1,33.3,0,0,0,0,0,0,0,0,9.4,10.82,2.269,23.5,73.5,0,2.9,8.5,7.7,8.5,7.72,0.78,0.25,0.23,7.7
2022,246,Curtis Samuel,WAS,WR,1,1,JAX,15.42056074766355,21.27659574468085,68.6,33,73.3,10,24.4,1.67,0.3,1.3,13,4.8,55,17.6,5.5,6.88,8,80,49,6.13,27,3.38,1,0.84,25,1,0,0,5,0.152,122.9,9,30,3,30,8,80,0,0,0,0,0,0,0,0,3,0.38,33.3,0.06,0.378,30.3,60.6,3,6.1,20.2,19.3,20.2,19.29,0.91,0.59,0.52,17.2
2022,247,Trent Sherfield,MIA,WR,1,4,CIN,22.04724409448819,31.25,65,28,71.8,5,13.5,1.96,0.18,18.2,91,23.7,55,18.2,11,13.75,4,80,2,0.5,1,0.25,0,0.3,0,1,0,0,3,0.107,112.5,4,18.2,0,0,4,80,1,0,0,0,0,0,0,0,0,0,20,1.05,0.561,50,50,0,0,9.5,11.1,9.5,11.1,-1.6,0.34,0.4,11.1
2022,248,Jakobi Meyers,NE,WR,1,1,MIA,28.037383177570092,19.35483870967742,87,30,90.9,6,20,1.83,0.2,15.17,91,34.7,55,25.8,9.17,13.75,4,66.7,2,0.5,-1,-0.25,0,0.01,0,0,0,0,2,0.067,95.8,4,25,0,0,4,66.7,2,25,0,0,3,3,100,1,0,0,22.2,-0.28,0.675,36.7,63.3,0,0,10.2,7.2,10.2,7.2,3,0.32,0.23,6.8
2022,249,Olamide Zaccheaus,ATL,WR,1,4,CLV,8.51063829787234,11.11111111111111,56.4,8,40,2,10.5,6.88,0.25,17,34,15.6,55,39.6,27.5,27.5,2,100,21,10.5,7,3.5,0,0.04,0,0,0,0,2,0.25,118.8,1,9.1,0,0,2,100,1,50,0,0,0,0,0,0,1,0.5,28.6,18.23,3.035,62.5,37.5,0,0,7.5,6,7.5,6.03,1.47,0.94,0.75,6
2022,250,Diontae Johnson,PIT,WR,1,1,CIN,16.363636363636363,20,80.3,36,87.8,11,28.9,1.53,0.31,10.27,113,37.2,55,28.4,5,7.86,7,63.6,0,0,2,0.29,0,0.06,0,0,0,0,2,0.056,75.9,10,35.7,0,0,8,72.7,2,14.3,0,0,2,1,50,1,0,0,34.4,-2.89,-0.117,97.2,2.8,0,0,12.5,14.6,12.5,14.57,-2.07,0.35,0.4,14.6
2022,251,Greg Dortch,ARZ,WR,1,2,LV,24.822695035460992,17.391304347826086,74.4,35,67.3,4,8.2,1.57,0.11,4.75,19,7.1,55,19.9,13.75,13.75,4,100,36,9,20,5,1,0.44,100,1,1,1,3,0.086,158.3,2,6.1,1,25,4,100,0,33.3,0,0,0,0,0,0,2,0.5,10.8,7.18,1.7,11.4,88.6,0,0,15.5,9.5,15.5,9.53,5.97,0.44,0.27,9.5
2022,252,K.J. Hamler,DEN,WR,1,4,LV,3.4090909090909087,14.285714285714285,8.3,3,9.7,1,4,18.33,0.33,46,46,16.2,55,23.2,55,55,1,100,9,9,0,0,0,0.15,0,0,0,0,1,0.333,118.8,1,5.3,0,0,1,100,1,100,0,0,0,0,0,0,0,0,50,40,4.099,100,0,0,0,6.5,5.1,6.5,5.09,1.41,2.17,1.7,5.1
2022,253,Treylon Burks,TEN,WR,1,1,NYG,16.666666666666664,31.25,36.7,12,34.3,5,15.2,4.58,0.42,20.4,102,37,55,20.7,11,18.33,3,60,33,11,9,3,0,0.03,0,0,1,0,2,0.167,97.9,5,21.7,0,0,3,60,2,66.7,0,0,0,0,0,0,0,0,38.5,0.71,0.414,75,16.7,8.3,0,8.5,5.9,8.5,5.91,2.59,0.71,0.49,5.9
2022,254,Brandin Cooks,HST,WR,1,2,DEN,24.025974025974026,20.51282051282051,88.1,37,90.2,8,21.1,1.46,0.22,8.5,68,20.9,54,30.5,6.75,13.5,4,50,29,7.25,1,0.25,0,0.65,0,2,2,0,2,0.054,71.9,6,22.2,1,12.5,8,100,2,50,2,25,2,1,50,0,0,0,25.8,-0.87,-0.038,75.7,24.3,0,0,9.4,16.1,9.4,16.14,-6.74,0.25,0.44,16.1
2022,255,Hunter Henry,NE,TE,1,5,DET,13.600000000000001,23.809523809523807,98.2,17,77.3,5,23.8,3.18,0.29,6.8,34,20.6,54,28.7,10.8,13.5,4,80,27,6.75,5,1.25,0,0.09,0,1,0,0,4,0.235,111.7,3,18.8,0,0,5,100,0,25,0,0,1,0,0,1,0,0,23.8,3.54,0.835,11.8,23.5,64.7,0,9.4,9.4,9.4,9.36,0.04,0.55,0.55,9.4
2022,256,Noah Brown,DAL,WR,1,3,NYG,15.789473684210526,23.333333333333332,78.7,24,77.4,7,22.6,2.25,0.29,9.57,67,25.2,54,25.1,7.71,10.8,5,71.4,24,4.8,17,3.4,0,0.21,0,4,1,0,3,0.125,93.8,7,25,1,14.3,5,71.4,0,0,0,0,1,1,100,1,2,0.4,26.9,-0.67,0.213,54.2,45.8,0,0,10.4,9.3,10.4,9.26,1.14,0.43,0.39,9.3
2022,257,Gerald Everett,LAC,TE,1,1,LV,12.571428571428573,11.428571428571429,66.2,22,62.9,4,11.8,2.45,0.18,7,28,11.9,54,19.4,13.5,18,3,75,25,8.33,13,4.33,1,0.54,33.3,2,0,0,2,0.091,156.3,2,10,0,0,3,75,0,50,0,0,4,3,75,0,0,0,16.7,5.98,1.472,13.6,27.3,59.1,0,14.4,7.3,14.4,7.32,7.08,0.65,0.33,7.3
2022,258,Tom Kennedy,DET,WR,1,4,SEA,65.38461538461539,100,80.3,34,81,5,12.5,1.59,0.15,13.4,67,16.5,54,14.1,10.8,18,3,60,16,5.33,9,3,0,0.03,0,0,0,0,3,0.088,97.1,4,12.5,0,0,4,80,1,33.3,0,0,1,0,0,0,0,0,15.6,1.63,1.324,41.2,58.8,0,0,8.4,8.3,8.4,8.29,0.11,0.25,0.24,8.3
2022,259,Devin Duvernay,BLT,WR,1,1,NYJ,13.432835820895523,16,52.8,18,52.9,4,13.3,3,0.22,13.5,54,15.6,54,25.4,13.5,13.5,4,100,6,1.5,7,1.75,2,1.7,66.7,1,2,2,2,0.111,158.3,4,17.4,0,0,4,100,2,33.3,0,0,1,1,100,1,1,0.25,26.7,4.42,1.91,66.7,33.3,0,0,21.4,18.8,21.4,18.8,2.6,1.19,1.04,18.8
2022,260,Devin Duvernay,BLT,WR,1,5,CIN,19.402985074626866,28.000000000000004,72.1,26,74.3,7,21.9,2.08,0.27,16.29,114,48.1,54,31,7.71,10.8,5,71.4,27,5.4,6,1.2,0,0.11,0,0,1,0,2,0.077,93.8,4,22.2,1,14.3,5,71.4,3,20,0,0,0,0,0,0,0,0,35,-1.64,0.151,65.4,34.6,0,0,12.8,12.8,12.8,12.81,-0.01,0.4,0.43,11.3
2022,261,Jerry Jeudy,DEN,WR,1,6,LAC,16.16766467065868,20,90.9,27,79.4,7,25,2,0.26,17.57,123,49.2,54,28.7,7.71,18,3,42.9,20,6.67,16,5.33,0,0.08,0,1,1,0,3,0.111,69.9,6,35.3,0,0,3,42.9,3,33.3,0,0,0,0,0,0,1,0.33,31.8,-1.94,0.49,29.6,70.4,0,0,8.4,7.7,8.4,7.74,0.66,0.31,0.29,7.7
2022,262,Tutu Atwell,LA,WR,1,5,DAL,38.88888888888889,50,14.1,7,14.3,2,4.5,7.71,0.29,45,90,27.7,54,16.9,27,54,1,50,5,5,4,4,0,0.1,0,0,0,0,1,0.143,95.8,2,8,0,0,1,50,2,100,0,0,1,1,100,1,0,0,25,12,0.614,42.9,57.1,0,0,6.4,3.6,6.4,3.58,2.82,0.91,0.51,3.6
2022,263,Ja'Marr Chase,CIN,WR,1,2,DAL,16.99604743083004,14.754098360655737,95.5,43,95.6,9,25,1.26,0.21,6.78,61,29.9,54,27.1,6,10.8,5,55.6,28,5.6,7,1.4,0,0.02,0,0,0,0,5,0.116,73.4,9,33.3,1,11.1,6,66.7,0,0,1,11.1,2,1,50,0,0,0,26.5,-1.26,0.468,72.1,27.9,0,0,10.8,10.2,10.8,10.21,0.59,0.24,0.23,9.8
2022,264,Drake London,ATL,WR,1,3,SEA,13.953488372093023,13.953488372093023,83.3,18,72,6,30,3,0.33,8.67,52,20.1,54,23.6,9,18,3,50,24,8,11,3.67,1,0.13,100,1,0,0,3,0.167,81.3,4,26.7,1,16.7,5,83.3,1,50,0,0,3,0,0,0,2,0.67,40,1.08,0.906,88.9,11.1,0,0,14.4,9.6,14.4,9.57,4.83,0.8,0.53,9.6
2022,265,Chris Olave,NO,WR,1,5,SEA,10.884353741496598,15,40.5,16,59.3,6,24,3.38,0.38,13,78,43.3,54,25.8,9,13.5,4,66.7,2,0.5,-1,-0.25,1,0.23,50,1,1,1,3,0.188,134.7,5,35.7,0,0,4,66.7,0,0,0,0,1,1,100,0,0,0,46.2,-0.24,0.569,75,25,0,0,15.4,10,15.4,9.97,5.43,0.96,0.62,10
2022,266,Allen Robinson,LA,WR,1,2,ATL,17.587939698492463,17.24137931034483,90.5,35,94.6,5,13.9,1.51,0.14,9,45,18.2,53,19.5,10.6,13.25,4,80,18,4.5,4,1,1,0.99,33.3,2,2,1,4,0.114,150.4,5,16.7,0,0,4,80,0,33.3,0,0,0,0,0,0,1,0.25,15.2,2.78,1.193,74.3,25.7,0,0,15.3,12.5,15.3,12.47,2.83,0.44,0.36,12.5
2022,267,Ian Thomas,CAR,TE,1,1,CLV,28.57142857142857,13.333333333333334,66,16,50,2,7.4,3.31,0.13,10,20,15.7,53,22.2,26.5,26.5,2,100,33,16.5,6,3,0,0.01,0,0,0,0,2,0.125,118.8,2,13.3,1,50,2,100,1,50,0,0,0,0,0,0,0,0,14.3,17.97,2.358,0,12.5,87.5,0,7.3,4.9,7.3,4.89,2.41,0.46,0.31,4.9
2022,268,Hayden Hurst,CIN,TE,1,5,BLT,14.516129032258066,24.137931034482758,81.4,27,71.1,7,20,1.96,0.26,4.57,32,26.9,53,24.4,7.57,8.83,6,85.7,22,3.67,5,0.83,1,0.33,100,3,0,0,2,0.074,137.8,4,19,0,0,6,85.7,0,0,0,0,2,1,50,0,1,0.17,25,0.68,0.37,14.8,25.9,59.3,0,17.3,12.4,17.3,12.4,4.9,0.64,0.46,12.4
2022,269,Donald Parham,LAC,TE,1,6,DEN,61.53846153846154,75,20.5,8,13.1,3,5.3,6.63,0.38,14,42,12.8,53,22.3,17.67,17.67,3,100,11,3.67,5,1.67,0,0.01,0,0,0,0,2,0.25,118.8,2,7.4,0,0,3,100,0,33.3,0,0,1,1,100,0,0,0,30,8.33,1.06,25,37.5,37.5,0,8.3,7.1,8.3,7.08,1.22,1.04,0.89,7.1
2022,270,Marquez Callaway,NO,WR,1,4,MIN,28.28282828282828,37.5,96.5,28,93.3,6,21.4,1.89,0.21,14.5,87,28.8,53,22.5,8.83,17.67,3,50,3,1,6,2,0,0.19,0,0,0,0,3,0.107,80.6,4,23.5,0,0,4,66.7,1,33.3,0,0,3,1,33.3,1,0,0,23.1,-0.23,0.661,100,0,0,0,8.3,9.2,8.3,9.2,-0.9,0.3,0.33,9.2
2022,271,CeeDee Lamb,DAL,WR,1,5,LA,9.239130434782608,14.035087719298245,92.5,17,89.5,8,50,3.12,0.47,7.75,62,51.2,53,52,6.63,10.6,5,62.5,33,6.6,10,2,0,0.24,0,1,0,0,2,0.118,81.8,5,38.5,0,0,7,87.5,0,0,0,0,1,0,0,0,0,0,50,-0.93,-0.025,52.9,47.1,0,0,10.3,16.5,10.3,16.47,-6.17,0.61,0.97,16.5
2022,272,Jerry Jeudy,DEN,WR,1,4,LV,17.365269461077844,14.285714285714285,87.5,29,93.5,5,20,1.83,0.17,10.8,54,19,53,22.4,10.6,13.25,4,80,4,1,1,0.25,1,0.18,50,2,0,0,2,0.069,150.4,5,26.3,1,20,5,100,1,66.7,1,20,0,0,0,0,0,0,20.8,2.55,0.79,34.5,65.5,0,0,15.3,11.7,15.3,11.75,3.55,0.53,0.41,11.7
2022,273,Jerry Jeudy,DEN,WR,1,5,IND,22.15568862275449,20,84.5,37,82.2,7,17.9,1.43,0.19,17.14,120,31.7,53,19.3,7.57,17.67,3,42.9,30,10,4,1.33,0,0.31,0,1,2,0,3,0.081,69.3,7,28,1,14.3,6,85.7,4,33.3,1,14.3,1,0,0,0,0,0,22.6,-1.97,0.015,21.6,78.4,0,0,8.3,13.7,8.3,13.75,-5.45,0.22,0.37,13.7
2022,274,Elijah Moore,NYJ,WR,1,4,PIT,16.587677725118482,10.714285714285714,89.6,35,87.5,3,8.1,1.51,0.09,12.67,38,14.5,53,20.9,17.67,17.67,3,100,15,5,-1,-0.33,0,0.06,0,0,0,0,2,0.057,118.8,3,14.3,0,0,3,100,0,66.7,0,0,0,0,0,0,3,1,10.7,8.3,1.647,82.9,17.1,0,0,8.5,8.5,8.5,8.5,0,0.24,0.23,8
2022,275,Adam Thielen,MIN,WR,1,2,PHI,20.673076923076923,16.666666666666664,96.6,43,86,7,15.2,1.21,0.16,11.57,81,31.6,52,23.5,7.43,13,4,57.1,1,0.25,1,0.25,0,0.12,0,2,0,0,3,0.07,41.1,7,24.1,0,0,5,71.4,0,0,0,0,0,0,0,0,0,0,15.9,-1.34,-0.084,55.8,44.2,0,0,9.2,10.5,9.2,10.48,-1.28,0.21,0.24,10.5
2022,276,Cameron Brate,TB,TE,1,3,GB,29.66101694915254,28.57142857142857,88.1,35,77.8,6,14.3,1.49,0.17,6,36,15.8,52,19.2,8.67,10.4,5,83.3,16,3.2,3,0.6,0,0.02,0,1,0,0,3,0.086,102.8,5,14.7,0,0,5,83.3,0,0,0,0,0,0,0,0,0,0,17.6,1.56,0.224,14.3,71.4,14.3,0,10.2,10.2,10.2,10.24,-0.04,0.29,0.29,10.2
2022,277,Corey Davis,NYJ,WR,1,6,GB,9.18918918918919,10.344827586206897,84.9,17,81,3,16.7,3.06,0.18,21,63,61.8,52,47.3,17.33,26,2,66.7,7,3.5,3,1.5,0,0.25,0,1,1,0,2,0.118,109.7,2,15.4,0,0,3,100,1,50,0,0,2,1,50,0,0,0,21.4,6.42,1.114,64.7,29.4,5.9,0,7.2,6.5,7.2,6.5,0.7,0.42,0.38,6.5
2022,278,Tyler Conklin,NYJ,TE,1,4,PIT,15.476190476190476,17.857142857142858,80.6,26,65,5,13.5,2,0.19,7.2,36,13.7,52,20.5,10.4,17.33,3,60,25,8.33,5,1.67,0,0.02,0,0,0,0,3,0.115,55.8,4,19,0,0,5,100,0,33.3,2,40,0,0,0,0,0,0,20,2.93,-0.246,7.7,46.2,46.2,0,8.2,9.8,8.2,9.83,-1.63,0.32,0.38,9.8
2022,279,Courtland Sutton,DEN,WR,1,4,LV,14.018691588785046,14.285714285714285,93.8,30,96.8,7,28,1.73,0.23,10.86,76,26.8,52,21.9,7.43,10.4,5,71.4,15,3,5,1,1,0.89,50,2,1,1,2,0.067,132.1,6,31.6,0,0,6,85.7,0,0,0,0,1,0,0,0,0,0,28,-0.99,0.381,80,20,0,0,16.2,15.7,16.2,15.65,0.55,0.54,0.52,15.7
2022,280,Mark Andrews,BLT,TE,1,1,NYJ,15.846994535519126,12.727272727272727,84.9,29,85.3,7,23.3,1.79,0.24,13.57,95,27.4,52,24.4,7.43,10.4,5,71.4,12,2.4,7,1.4,0,0.35,0,0,0,0,3,0.103,92.6,6,26.1,0,0,6,85.7,2,0,0,0,1,0,0,1,0,0,26.9,-1.18,0.54,24.1,72.4,3.4,0,10.2,14.2,10.2,14.2,-4,0.35,0.49,14.2
2022,281,D.J. Chark,DET,WR,1,1,PHI,34,44.44444444444444,81.8,34,87.2,8,21.6,1.53,0.24,15.38,123,41.6,52,24.2,6.5,13,4,50,15,3.75,10,2.5,1,0.46,50,1,1,1,3,0.088,110.4,5,18.5,0,0,5,62.5,3,25,1,12.5,2,2,100,1,2,0.5,23.5,-2.7,0.482,97.1,2.9,0,0,15.2,10.2,15.2,10.22,4.98,0.45,0.3,10.2
2022,282,Andrew Beck,DEN,TE,1,1,SEA,12,60,15.6,3,6.7,3,7.1,17.33,1,7.33,22,7.4,52,15.3,17.33,26,2,66.7,33,16.5,6,3,0,0,0,0,0,0,2,0.667,109.7,3,13,0,0,3,100,0,100,1,33.3,0,0,0,1,0,0,75,9.93,1.138,0,33.3,33.3,33.3,7.2,6.5,7.2,6.48,0.72,2.4,2.16,6.5
2022,283,Darnell Mooney,CHI,WR,1,5,MIN,16.43835616438356,16.129032258064516,93.6,24,82.8,5,23.8,2.17,0.21,20.4,102,58.3,52,25,10.4,26,2,40,12,6,4,2,0,0.02,0,0,2,0,2,0.083,78.8,4,28.6,0,0,2,40,3,50,0,0,2,1,50,1,0,0,25,1.22,0.362,25,75,0,0,7.2,3.8,7.2,3.81,3.39,0.3,0.16,3.8
2022,284,Garrett Wilson,NYJ,WR,1,1,BLT,19.411764705882355,17.77777777777778,48.1,33,53.2,8,13.6,1.58,0.24,8.88,71,23.6,52,16.8,6.5,13,4,50,17,4.25,10,2.5,0,0.39,0,3,2,0,2,0.061,70.8,7,21.9,1,12.5,5,62.5,0,0,0,0,1,0,0,0,3,0.75,25.8,-1.61,0.351,63.6,30.3,6.1,0,9.2,10.7,9.2,10.75,-1.55,0.28,0.33,10.7
2022,285,Travis Kelce,KC,TE,1,2,LAC,16,13.725490196078432,88.9,32,88.9,7,20,1.59,0.22,10.43,73,32.3,51,21.7,7.29,10.2,5,71.4,24,4.8,15,3,0,0.31,0,1,0,0,3,0.094,92,4,17.4,1,14.3,5,71.4,1,0,0,0,0,0,0,0,2,0.4,20.6,-1.78,0.175,40.6,43.8,15.6,0,10.1,10.3,10.1,10.34,-0.24,0.32,0.32,10.3
2022,286,Richie James,NYG,WR,1,2,CAR,21.008403361344538,25,42.9,25,58.1,6,17.6,2.04,0.24,8.17,49,23.9,51,29,8.5,10.2,5,83.3,14,2.8,6,1.2,0,0.02,0,0,0,0,2,0.08,102.1,1,5.9,0,0,5,83.3,0,0,0,0,0,0,0,0,0,0,30,0.96,0.349,8,92,0,0,10.1,10,10.1,10,0.1,0.4,0.4,10
2022,287,Dante Pettis,CHI,WR,1,1,SF,11.428571428571429,9.090909090909092,37.5,12,52.2,1,5.9,4.25,0.08,21,21,15.2,51,42.1,51,51,1,100,30,30,0,0,1,0.29,50,0,0,0,1,0.083,158.3,0,0,0,0,1,100,1,100,0,0,0,0,0,0,0,0,12.5,39.76,5.442,83.3,16.7,0,0,12.1,5.2,12.1,5.17,6.93,1.01,0.43,5.2
2022,288,Devin Duvernay,BLT,WR,1,4,BUF,18.65671641791045,20,64.1,25,65.8,5,17.2,2.04,0.2,8.4,42,33.9,51,35.4,10.2,12.75,4,80,15,3.75,3,0.75,0,0.77,0,2,1,0,2,0.08,69.6,2,15.4,0,0,5,100,0,33.3,0,0,2,1,50,1,0,0,27.8,2.56,0.019,72,28,0,0,9.1,11.5,9.1,11.46,-2.36,0.36,0.46,11.5
2022,289,Darren Waller,LV,TE,1,2,ARZ,16.78832116788321,33.33333333333333,55.7,23,56.1,8,20.5,2.17,0.35,10.13,81,34.9,50,19.8,6.25,8.33,6,75,12,2,5,0.83,1,1.56,50,2,2,1,3,0.13,130.2,6,18.8,0,0,7,87.5,1,0,0,0,2,1,50,1,0,0,33.3,-1.87,-0.098,26.1,65.2,8.7,0,17,21.8,17,21.82,-4.82,0.74,0.95,21.8
2022,290,Jake Kumerow,BUF,WR,1,2,TEN,77.14285714285715,60,78.5,27,64.3,3,7.5,1.85,0.11,13,39,12.6,50,15.8,16.67,25,2,66.7,11,5.5,9,4.5,0,0.02,0,0,0,0,2,0.074,109.7,2,8.3,0,0,2,66.7,1,50,0,0,1,1,100,0,0,0,10.3,7.87,1.081,100,0,0,0,7,4,7,4,3,0.26,0.15,4
2022,291,Jamal Agnew,JAX,WR,1,4,PHI,50,54.54545454545454,37,15,55.6,6,26.1,3.33,0.4,10.67,64,41,50,28.7,8.33,12.5,4,66.7,26,6.5,9,2.25,2,1.1,100,2,0,0,4,0.267,131.9,5,23.8,1,16.7,4,66.7,2,50,0,0,0,0,0,0,2,0.5,46.2,0.63,0.901,33.3,66.7,0,0,21,14.4,21,14.37,6.63,1.4,0.96,14.4
2022,292,Justin Watson,KC,WR,1,2,LAC,23.52941176470588,28.57142857142857,25.9,8,22.2,2,5.7,6.25,0.25,22.5,45,19.9,50,21.3,25,25,2,100,5,2.5,0,0,1,0.52,50,0,0,0,1,0.125,158.3,2,8.7,0,0,2,100,1,50,0,0,0,0,0,0,0,0,28.6,13.83,2.75,37.5,62.5,0,0,13,9.1,13,9.11,3.89,1.63,1.14,9.1
2022,293,D.J. Moore,CAR,WR,1,4,ARZ,18.435754189944134,21.62162162162162,96.1,33,86.8,8,22.2,1.52,0.24,7.88,63,31.7,50,25.4,6.25,8.33,6,75,15,2.5,4,0.67,0,0.03,0,0,0,0,4,0.121,51,6,25,1,12.5,6,75,0,0,0,0,0,0,0,0,5,0.83,27.6,-1.37,0.411,69.7,30.3,0,0,12.1,12.1,12.1,12.06,0.04,0.33,0.35,11.6
2022,294,Donovan Peoples-Jones,CLV,WR,1,5,LAC,16.304347826086957,20.588235294117645,87.7,30,83.3,7,20.6,1.67,0.23,13.29,93,29.4,50,21.7,7.14,12.5,4,57.1,8,2,7,1.75,0,0.01,0,0,0,0,3,0.1,79.5,7,25,0,0,4,57.1,1,0,0,0,3,2,66.7,2,1,0.25,25,-1.83,0.283,76.7,23.3,0,0,9,7.2,9,7.18,1.82,0.3,0.24,7.2
2022,295,Chase Claypool,PIT,WR,1,5,BUF,24.170616113744074,24.324324324324326,91.7,51,91.1,9,17.3,0.98,0.18,7.56,68,18.4,50,15.3,5.56,10,5,55.6,25,5,18,3.6,0,0.03,0,1,0,0,3,0.059,71.5,7,17.5,0,0,6,66.7,0,20,1,11.1,2,0,0,0,1,0.2,18.8,-1.77,-0.06,17.6,82.4,0,0,10,9.8,10,9.83,0.17,0.2,0.19,9.8
2022,296,Ja'Marr Chase,CIN,WR,1,5,BLT,13.83399209486166,18.0327868852459,100,35,92.1,11,31.4,1.43,0.31,4.82,53,44.5,50,23,4.55,7.14,7,63.6,36,5.14,13,1.86,0,0.13,0,3,0,0,3,0.086,36.2,11,52.4,4,36.4,7,63.6,0,0,0,0,4,2,50,0,0,0,35.5,-2.31,-0.487,65.7,31.4,0,2.9,12,11.1,12,11.12,0.88,0.34,0.3,10.6
2022,297,Sterling Shepard,NYG,WR,1,3,DAL,40.42553191489361,40.909090909090914,80.6,38,77.6,9,24.3,1.29,0.24,9.78,88,44,49,25,5.44,9.8,5,55.6,15,3,7,1.4,0,0.02,0,0,0,0,2,0.053,71.1,5,26.3,0,0,8,88.9,2,0,2,22.2,2,1,50,0,0,0,34.6,-2.41,-0.305,78.9,21.1,0,0,9.9,14.1,9.9,14.08,-4.18,0.26,0.37,14.1
2022,298,Michael Thomas,NO,WR,1,3,CAR,28.000000000000004,22.727272727272727,68.8,28,66.7,5,12.2,1.75,0.18,7,35,7.8,49,13.9,9.8,9.8,5,100,14,2.8,9,1.8,0,0.01,0,0,0,0,3,0.107,107.5,5,19.2,0,0,5,100,0,0,0,0,1,1,100,0,0,0,19.2,2.73,0.989,78.6,21.4,0,0,9.9,9,9.9,8.97,0.93,0.35,0.32,9
2022,299,Mecole Hardman,KC,WR,1,2,LAC,14.173228346456693,20,51.9,18,50,4,11.4,2.72,0.22,10.75,43,19,49,20.9,12.25,16.33,3,75,11,3.67,3,1,0,0.02,0,0,0,0,2,0.111,115.6,4,17.4,0,0,4,100,1,33.3,1,25,0,0,0,0,1,0.33,22.2,4.55,0.817,66.7,33.3,0,0,7.5,9.7,7.5,9.65,-2.15,0.44,0.51,9.2
2022,300,Olamide Zaccheaus,ATL,WR,1,1,NO,22.340425531914892,22.22222222222222,59.2,21,55.3,4,12.1,2.33,0.19,9.5,38,13.9,49,22.8,12.25,12.25,4,100,11,2.75,3,0.75,0,0.05,0,0,0,0,1,0.048,117.7,3,13,1,25,4,100,0,25,0,0,0,0,0,1,1,0.25,21.1,3.55,-0.824,28.6,71.4,0,0,7.9,9.8,7.9,9.77,-1.87,0.42,0.47,9.8
2022,301,Olamide Zaccheaus,ATL,WR,1,3,SEA,15.957446808510639,11.11111111111111,64.8,15,60,2,10,3.27,0.13,25,50,19.3,49,21.4,24.5,24.5,2,100,-1,-0.5,0,0,0,0.02,0,0,0,0,2,0.133,118.8,2,13.3,0,0,2,100,2,100,0,0,1,1,100,0,0,0,18.2,12.12,2.442,26.7,73.3,0,0,6.9,5.7,6.9,5.7,1.2,0.46,0.38,5.7
2022,302,Noah Fant,SEA,TE,1,5,NO,17.82178217821782,21.73913043478261,59.2,18,60,5,20,2.72,0.28,10.2,51,16.2,49,18.3,9.8,16.33,3,60,13,4.33,4,1.33,0,0.01,0,0,0,0,2,0.111,92.9,4,22.2,0,0,4,80,1,33.3,1,20,2,2,100,0,0,0,33.3,2.11,0.147,11.1,44.4,38.9,5.6,7.9,7.4,7.9,7.41,0.49,0.44,0.41,7.4
2022,303,Rondale Moore,ARZ,WR,1,6,SEA,42.05607476635514,40.909090909090914,98.6,45,95.7,9,24.3,1.09,0.2,3.22,29,9.9,49,22.1,5.44,8.17,6,66.7,49,8.17,12,2,0,0.02,0,1,0,0,2,0.044,80.3,7,25,1,11.1,8,88.9,0,16.7,1,11.1,1,0,0,0,3,0.5,28.1,-0.76,-0.21,17.8,82.2,0,0,10.9,13.2,10.9,13.18,-2.28,0.24,0.29,13.2
2022,304,Michael Bandy,LAC,WR,1,4,HST,64.28571428571429,50,26.9,9,22.5,2,5.1,5.44,0.22,22,44,15.8,49,14.4,24.5,24.5,2,100,5,2.5,0,0,0,0.56,0,0,0,0,2,0.222,118.8,1,5,0,0,2,100,2,100,0,0,0,0,0,0,0,0,20,13.77,1.77,77.8,22.2,0,0,6.9,10.6,6.9,10.61,-3.71,0.77,1.18,10.6
2022,305,Elijah Moore,NYJ,WR,1,1,BLT,24.644549763033176,25,88.6,52,83.9,7,11.9,0.94,0.13,8.14,57,18.9,49,15.9,7,9.8,5,71.4,16,3.2,3,0.6,0,0.05,0,1,0,0,3,0.058,90.8,6,18.8,0,0,6,85.7,1,25,0,0,3,2,66.7,0,2,0.4,15.2,-0.39,0.509,67.3,32.7,0,0,9.9,9.4,9.9,9.39,0.51,0.19,0.18,9.4
2022,306,Elijah Moore,NYJ,WR,1,3,CIN,24.170616113744074,32.142857142857146,93.4,51,91.1,9,17.3,0.96,0.18,19.78,178,41.1,49,17.2,5.44,12.25,4,44.4,0,0,5,1.25,0,0.31,0,0,0,0,3,0.059,61.8,9,31,0,0,6,66.7,4,0,0,0,3,1,33.3,0,0,0,20.9,-5.33,-0.455,82.4,17.6,0,0,8.9,13.6,8.9,13.61,-4.71,0.17,0.27,13.6
2022,307,Connor Heyward,PIT,TE,1,6,TB,57.14285714285714,50,47.5,16,47.1,2,6.7,3.06,0.13,8.5,17,9.4,49,23.2,24.5,24.5,2,100,32,16,7,3.5,0,0.01,0,0,0,0,1,0.063,118.8,2,11.1,0,0,2,100,0,50,0,0,0,0,0,0,0,0,15.4,16.2,1.838,0,18.8,81.3,0,6.9,4.4,6.9,4.41,2.49,0.43,0.28,4.4
2022,308,Alec Pierce,IND,WR,1,6,JAX,26.47058823529412,25,66.2,36,62.1,7,12.1,1.36,0.19,12.29,86,25,49,12.6,7,16.33,3,42.9,7,2.33,5,1.67,1,0.8,33.3,1,0,0,2,0.056,106.5,5,17.2,0,0,6,85.7,2,33.3,0,0,2,0,0,0,0,0,18.4,-1.4,0.483,91.7,8.3,0,0,13.9,16.4,13.9,16.37,-2.47,0.39,0.45,16.4
2022,309,Zach Ertz,ARZ,TE,1,5,PHI,15.887850467289718,20.833333333333336,91.3,34,77.3,10,23.8,1.41,0.29,8.3,83,31.2,48,19.2,4.8,8,6,60,19,3.17,4,0.67,0,0.01,0,1,0,0,4,0.118,72.1,9,30,1,10,7,70,1,0,0,0,3,2,66.7,0,0,0,27.8,-2.91,0.013,8.8,67.6,17.6,5.9,10.8,11.6,10.8,11.63,-0.83,0.32,0.34,11.6
2022,310,Curtis Samuel,WAS,WR,1,3,PHI,20.5607476635514,21.27659574468085,82.4,44,80,10,23.3,1.09,0.23,3.8,38,12,48,22.7,4.8,6.86,7,70,17,2.43,3,0.43,0,0.02,0,1,0,0,2,0.045,80.4,10,28.6,1,10,8,80,0,0,1,10,3,1,33.3,0,0,0,27.8,-1.3,-0.048,27.3,68.2,0,4.5,13.1,14.3,13.1,14.29,-1.19,0.27,0.29,12.8
2022,311,Marquez Valdes-Scantling,KC,WR,1,3,IND,16.5,18.181818181818183,76.7,33,80.5,6,16.7,1.45,0.18,12.83,77,28.6,48,18.3,8,12,4,66.7,15,3.75,3,0.75,0,0.02,0,0,0,0,3,0.091,91,4,21.1,0,0,4,66.7,1,25,0,0,0,0,0,0,1,0.25,23.1,-0.47,0.257,63.6,36.4,0,0,8.8,8.5,8.8,8.52,0.28,0.27,0.26,8.5
2022,312,Justin Jefferson,MIN,WR,1,2,PHI,21.17117117117117,19.672131147540984,98.3,47,94,12,26.1,1.02,0.26,8.92,107,41.8,48,21.7,4,8,6,50,21,3.5,13,2.17,0,0.01,0,3,3,0,4,0.085,20.8,10,34.5,0,0,7,58.3,0,0,0,0,1,0,0,0,2,0.33,27.3,-3.82,-0.763,40.4,57.4,0,2.1,10.8,11.4,10.8,11.43,-0.63,0.23,0.24,11.4
2022,313,Zach Ertz,ARZ,TE,1,4,CAR,12.149532710280374,12.5,80,26,74.3,6,18.8,1.81,0.23,5.67,34,17.5,47,22.7,7.83,7.83,6,100,13,2.17,2,0.33,1,0.8,50,2,0,0,2,0.077,138.9,4,21.1,0,0,6,100,0,25,0,0,1,1,100,0,0,0,22.2,0.83,0.55,23.1,46.2,30.8,0,16.7,14.7,16.7,14.71,1.99,0.64,0.57,14.7
2022,314,Tyler Boyd,CIN,WR,1,4,MIA,12.5,17.857142857142858,71.4,27,77.1,5,15.6,1.74,0.19,12.8,64,20.8,47,15.2,9.4,23.5,2,40,12,6,7,3.5,0,0.41,0,1,1,0,1,0.037,74.6,4,22.2,0,0,3,60,1,50,0,0,0,0,0,0,0,0,19.2,0.73,0.176,22.2,77.8,0,0,7.6,10.5,7.62,10.46,-2.84,0.25,0.35,9.5
2022,315,Tyreek Hill,MIA,WR,1,5,NYJ,11.29032258064516,10.76923076923077,61.3,21,58.3,7,20.6,2.24,0.33,4.43,31,14.4,47,28.3,6.71,6.71,7,100,16,2.29,6,0.86,0,0.05,0,0,0,0,3,0.143,94.6,7,38.9,2,28.6,7,100,0,0,0,0,2,2,100,0,1,0.14,38.9,0.1,0.266,52.4,47.6,0,0,13,12.4,13,12.36,0.64,0.56,0.54,11.3
2022,316,George Kittle,SF,TE,1,5,CAR,22,26.08695652173913,86.9,22,68.8,6,20,2.14,0.27,5.67,34,15,47,18.6,7.83,9.4,5,83.3,17,3.4,5,1,0,0.02,0,0,0,0,2,0.091,99.3,6,26.1,0,0,5,83.3,0,20,0,0,3,3,100,0,0,0,21.4,0.47,-0.139,0,31.8,68.2,0,8.7,7.4,8.7,7.4,1.3,0.44,0.34,7.4
2022,317,Tee Higgins,CIN,WR,1,6,NO,22.07792207792208,25,87,34,81,9,24.3,1.38,0.26,6.78,61,26.8,47,15.7,5.22,7.83,6,66.7,13,2.17,11,1.83,0,0.02,0,1,0,0,2,0.059,79.4,8,30.8,0,0,8,88.9,0,0,1,11.1,2,1,50,0,1,0.17,26.5,-1.83,-0.065,79.4,20.6,0,0,10.7,12.6,10.7,12.63,-1.93,0.31,0.37,12.6
2022,318,Treylon Burks,TEN,WR,1,2,BUF,23.61111111111111,37.5,47.2,17,60.7,6,25,2.76,0.35,7.67,46,26.9,47,38.2,7.83,11.75,4,66.7,14,3.5,2,0.5,0,0,0,0,0,0,3,0.176,90.3,3,25,0,0,5,83.3,0,0,0,0,3,2,66.7,0,0,0,46.2,0.74,0.793,82.4,17.6,0,0,8.7,7.2,8.7,7.21,1.49,0.51,0.42,7.2
2022,319,Romeo Doubs,GB,WR,1,4,NE,19.25465838509317,21.052631578947366,95.8,31,83.8,8,22.9,1.52,0.26,11.5,92,31.3,47,18.7,5.88,9.4,5,62.5,38,7.6,22,4.4,1,0.75,50,1,1,0,3,0.097,118.2,7,29.2,4,50,7,87.5,2,0,0,0,3,1,33.3,0,1,0.2,27.6,-2.53,-0.392,93.5,6.5,0,0,14.7,14.5,14.7,14.49,0.21,0.51,0.47,14.5
2022,320,Nelson Agholor,NE,WR,1,4,GB,19.791666666666664,21.052631578947366,65.5,19,76,4,19,2.42,0.21,12.5,50,50.5,46,33.8,11.5,15.33,3,75,8,2.67,0,0,0,0.1,0,0,0,0,2,0.105,112.5,3,20,1,25,4,100,1,66.7,0,0,0,0,0,0,0,0,22.2,2.07,0.348,31.6,68.4,0,0,7.6,10.4,7.6,10.43,-2.83,0.4,0.55,10.4
2022,321,Tyler Higbee,LA,TE,1,5,DAL,18.333333333333332,21.27659574468085,95.3,33,67.3,10,22.7,1.39,0.3,3.5,35,10.8,46,14.4,4.6,6.57,7,70,19,2.71,12,1.71,0,0.01,0,0,0,0,3,0.091,79.6,7,28,2,20,9,90,0,0,1,10,3,1,33.3,0,1,0.14,25,-1.49,0.254,27.3,36.4,36.4,0,11.6,12.6,11.6,12.64,-1.04,0.35,0.38,12.6
2022,322,JuJu Smith-Schuster,KC,WR,1,4,TB,13.77551020408163,20.51282051282051,62.3,27,62.8,8,21.6,1.7,0.3,5.13,41,14.5,46,18.5,5.75,9.2,5,62.5,38,7.6,9,1.8,0,0.03,0,0,0,0,3,0.111,38.5,5,18.5,1,12.5,5,62.5,0,0,0,0,1,1,100,0,1,0.2,33.3,-0.93,-0.095,48.1,51.9,0,0,9.6,7.8,9.6,7.81,1.79,0.36,0.29,7.8
2022,323,Evan Engram,JAX,TE,1,2,IND,15.625,25,70.1,25,83.3,8,26.7,1.84,0.32,3.5,28,14.8,46,19.6,5.75,6.57,7,87.5,31,4.43,13,1.86,0,0.02,0,0,0,0,3,0.12,90.6,6,26.1,0,0,7,87.5,0,0,0,0,0,0,0,0,0,0,30.8,-0.88,0.037,28,36,36,0,11.6,11.8,11.6,11.77,-0.17,0.46,0.47,11.8
2022,324,D.J. Chark,DET,WR,1,3,MIN,35,33.33333333333333,81.6,35,81.4,6,14.6,1.31,0.17,19.67,118,35,46,16.6,7.67,15.33,3,50,5,1.67,3,1,0,0.01,0,0,0,0,3,0.086,36.1,4,17.4,0,0,3,50,2,33.3,0,0,0,0,0,0,0,0,18.2,-3.13,0.064,62.9,37.1,0,0,7.6,7.8,7.6,7.84,-0.24,0.22,0.22,7.8
2022,325,Hayden Hurst,CIN,TE,1,1,PIT,26.344086021505376,20.689655172413794,73.4,49,75.4,6,11.3,0.94,0.12,7,42,10.7,46,13.6,7.67,9.2,5,83.3,21,4.2,8,1.6,0,0.2,0,2,1,0,3,0.061,98.6,3,9.1,1,16.7,5,83.3,0,25,0,0,0,0,0,0,0,0,15,0.1,0.255,18.4,30.6,49,2,9.6,10.1,9.6,10.15,-0.55,0.2,0.21,10.1
2022,326,Ashton Dulin,IND,WR,1,1,HST,20,35.294117647058826,34.4,12,22.2,6,12,3.83,0.5,17.17,103,30.7,46,13.1,7.67,15.33,3,50,11,3.67,8,2.67,0,0.63,0,2,1,0,2,0.167,75.7,6,18.8,0,0,5,83.3,1,50,0,0,0,0,0,0,0,0,46.2,-2.86,0.179,66.7,33.3,0,0,7.6,14.2,7.6,14.25,-6.65,0.63,1.19,14.2
2022,327,Zach Ertz,ARZ,TE,1,3,LA,21.02803738317757,20.833333333333336,92.6,45,72.6,10,17.2,1,0.22,6.5,65,20.7,45,14.3,4.5,7.5,6,60,22,3.67,5,0.83,0,0.59,0,3,1,0,2,0.044,70.8,10,21.7,1,10,10,100,0,0,3,30,1,0,0,0,0,0,19.6,-2.85,-0.087,6.7,75.6,17.8,0,10.5,20.3,10.5,20.25,-9.75,0.23,0.45,20.3
2022,328,Logan Thomas,WAS,TE,1,1,JAX,21.73913043478261,26.31578947368421,60,25,55.6,5,12.2,1.8,0.2,12.4,62,23,45,14.4,9,15,3,60,18,6,7,2.33,0,0.08,0,1,1,0,2,0.08,89.6,4,13.3,0,0,3,60,1,50,0,0,0,0,0,0,0,0,20.8,0.02,0.726,8,60,32,0,7.5,6.7,7.5,6.68,0.82,0.3,0.27,6.7
2022,329,Breshad Perriman,TB,WR,1,2,NO,37.28813559322034,38.46153846153847,73.8,22,62.9,5,14.7,2.05,0.23,12.8,64,21.5,45,23.7,9,15,3,60,14,4.67,4,1.33,1,1.02,100,0,1,1,2,0.091,129.2,5,16.7,1,20,5,100,2,33.3,1,20,2,0,0,0,0,0,20,0.68,0.676,54.5,45.5,0,0,13.5,15.9,13.5,15.85,-2.35,0.61,0.72,15.9
2022,330,Kalif Raymond,DET,WR,1,5,NE,47.43589743589743,46.666666666666664,84.4,37,94.9,7,20,1.22,0.19,7.43,52,18.9,45,19.7,6.43,9,5,71.4,22,4.4,4,0.8,0,0.11,0,1,1,0,3,0.081,88.4,7,29.2,2,28.6,5,71.4,2,25,0,0,0,0,0,0,0,0,24.1,-0.92,0.262,54.1,45.9,0,0,9.5,10.3,9.5,10.29,-0.79,0.26,0.28,10.3
2022,331,Allen Lazard,GB,WR,1,3,TB,19.463087248322147,18.181818181818183,90.2,29,80.6,6,17.1,1.55,0.21,14.67,88,54.7,45,17.6,7.5,11.25,4,66.7,10,2.5,6,1.5,1,0.63,50,1,0,0,4,0.138,128.5,4,20,0,0,4,66.7,3,33.3,0,0,0,0,0,0,0,0,19.4,-0.8,0.852,51.7,44.8,3.4,0,14.5,12.5,14.5,12.49,2.01,0.5,0.43,12.5
2022,332,Noah Fant,SEA,TE,1,6,ARZ,20.792079207920793,30.434782608695656,60.6,21,55.3,7,22.6,2.14,0.33,3.29,23,10.3,45,22.8,6.43,7.5,6,85.7,28,4.67,7,1.17,0,0.47,0,1,0,0,1,0.048,93.5,7,25,0,0,7,100,0,0,0,0,1,0,0,0,0,0,41.2,0.21,0.165,14.3,42.9,42.9,0,10.5,13.8,10.5,13.82,-3.32,0.5,0.66,13.8
2022,333,Harrison Bryant,CLV,TE,1,2,NYJ,17.346938775510203,21.052631578947366,47.7,17,53.1,4,14.8,2.65,0.24,7.25,29,17,45,19.7,11.25,15,3,75,25,8.33,13,4.33,0,0.15,0,1,1,0,2,0.118,111.5,1,4.3,0,0,4,100,0,33.3,0,0,1,0,0,0,1,0.33,25,4.02,0.255,0,52.9,47.1,0,7.5,7.6,7.5,7.65,-0.15,0.44,0.45,7.6
2022,334,Jauan Jennings,SF,WR,1,5,CAR,12.048192771084338,10,23,10,31.3,2,6.7,4.5,0.2,4,8,3.5,45,17.8,22.5,22.5,2,100,37,18.5,36,18,0,0.02,0,0,0,0,2,0.2,118.8,2,8.7,0,0,2,100,0,50,0,0,0,0,0,0,4,2,18.2,16.41,2.415,50,50,0,0,6.5,3.8,6.5,3.82,2.68,0.65,0.38,3.8
2022,335,Cole Kmet,CHI,TE,1,5,MIN,18.253968253968253,28.57142857142857,93.6,23,79.3,4,19,1.96,0.17,6,24,13.7,45,21.6,11.25,11.25,4,100,21,5.25,15,3.75,0,0.01,0,0,0,0,2,0.087,113.5,3,21.4,0,0,4,100,0,25,0,0,0,0,0,0,2,0.5,20,4.25,0.899,8.7,69.6,21.7,0,8.5,7.6,8.5,7.55,0.95,0.37,0.33,7.6
2022,336,Amari Cooper,CLV,WR,1,6,NE,17.708333333333336,22.641509433962266,74.6,34,69.4,12,26.7,1.29,0.35,14,168,31.9,44,16.5,3.67,11,4,33.3,-2,-0.5,-1,-0.25,1,0.75,100,2,2,1,3,0.088,72.9,10,33.3,0,0,7,58.3,3,0,1,8.3,6,3,50,1,0,0,42.9,-5.48,0.11,76.5,23.5,0,0,14.4,14.4,14.4,14.42,-0.02,0.42,0.42,14.4
2022,337,Breshad Perriman,TB,WR,1,3,GB,44.06779661016949,30.76923076923077,72.9,26,57.8,4,9.5,1.69,0.15,13.25,53,23.2,44,16.2,11,14.67,3,75,19,6.33,4,1.33,0,0.01,0,0,1,0,1,0.038,110.4,3,8.8,0,0,3,75,2,33.3,0,0,0,0,0,0,1,0.33,15.4,2.72,-0.659,65.4,34.6,0,0,6.4,7.1,6.4,7.15,-0.75,0.28,0.26,6.6
2022,338,Cooper Kupp,LA,WR,1,3,ARZ,9.691629955947137,8.450704225352112,100,22,81.5,6,24,2,0.27,15.33,92,45.3,44,17.7,7.33,11,4,66.7,19,4.75,11,2.75,0,0.77,0,1,0,0,3,0.136,88.2,5,26.3,1,16.7,5,83.3,2,0,1,16.7,0,0,0,0,1,0.25,24,-1.72,0.616,40.9,54.5,0,4.5,16.4,19.8,16.4,19.75,-3.35,0.38,0.72,15.8
2022,339,Marquez Valdes-Scantling,KC,WR,1,1,ARZ,15.5,12.121212121212121,74.2,31,75.6,4,10.3,1.42,0.13,5.5,22,7.1,44,12.2,11,11,4,100,22,5.5,8,2,0,0.18,0,1,0,0,3,0.097,112.5,3,9.4,0,0,4,100,0,0,0,0,0,0,0,0,1,0.25,12.9,4.49,0.884,64.5,35.5,0,0,8.1,9.4,8.1,9.38,-1.28,0.27,0.28,8.8
2022,340,Michael Gallup,DAL,WR,1,5,LA,23.52941176470588,33.33333333333333,54.7,16,84.2,5,31.3,2.75,0.31,8.4,42,34.7,44,43.1,8.8,11,4,80,9,2.25,6,1.5,0,0.08,0,0,0,0,2,0.125,103.3,5,38.5,2,40,5,100,1,25,1,20,0,0,0,1,0,0,35.7,1,0.246,100,0,0,0,8.4,10.7,8.4,10.67,-2.27,0.53,0.67,10.7
2022,341,Foster Moreau,LV,TE,1,3,TEN,36.58536585365854,57.14285714285714,52.3,15,31.3,4,8.9,2.93,0.27,9,36,9.3,44,14.3,11,14.67,3,75,10,3.33,7,2.33,0,0.01,0,0,0,0,3,0.2,110.4,2,6.1,0,0,3,75,0,33.3,0,0,2,2,100,0,1,0.33,22.2,2,0.776,20,40,40,0,7.4,5,7.4,5.03,2.37,0.49,0.34,5
2022,342,Deebo Samuel,SF,WR,1,2,SEA,13.924050632911392,12.76595744680851,77.1,22,88,6,25,2,0.27,0.33,2,1.2,44,23.9,7.33,8.8,5,83.3,44,8.8,18,3.6,0,0.22,0,0,0,0,2,0.091,97.2,4,25,3,50,5,83.3,0,0,0,0,0,0,0,1,0,0,30,1.89,0.305,54.5,27.3,0,18.2,14.7,12.9,14.7,12.9,1.8,0.43,0.45,10
2022,343,Colby Parkinson,SEA,TE,1,3,ATL,25.862068965517242,25,36.2,15,32.6,2,4.5,2.93,0.13,12,24,5.5,44,13.5,22,22,2,100,20,10,4,2,0,0.01,0,0,0,0,2,0.133,118.8,2,6.7,0,0,2,100,0,50,0,0,0,0,0,0,0,0,10.5,12.51,1.952,0,66.7,33.3,0,6.4,4.9,6.4,4.92,1.48,0.43,0.33,4.9
2022,344,K.J. Hamler,DEN,WR,1,6,LAC,22.727272727272727,42.857142857142854,56.4,20,58.8,3,10.7,2.2,0.15,19,57,22.8,44,23.4,14.67,22,2,66.7,4,2,3,1.5,0,0.28,0,0,0,0,1,0.05,109.7,2,11.8,1,33.3,2,66.7,1,50,0,0,1,1,100,0,0,0,23.1,4.28,-0.268,80,20,0,0,6.4,6.5,6.4,6.45,-0.05,0.32,0.32,6.5
2022,345,DeVonta Smith,PHI,WR,1,6,DAL,13.812154696132598,12.195121951219512,88.2,25,83.3,5,20,1.76,0.2,7,35,39.8,44,28.4,8.8,8.8,5,100,13,2.6,4,0.8,1,1.02,50,1,1,1,3,0.12,142.9,5,26.3,0,0,5,100,0,0,0,0,0,0,0,0,0,0,25,1.78,0.715,84,16,0,0,15.4,15.3,15.4,15.35,0.05,0.62,0.61,15.3
2022,346,Greg Dulcich,DEN,TE,1,6,LAC,100,100,70.9,24,70.6,3,10.7,1.83,0.13,11.33,34,13.6,44,23.4,14.67,22,2,66.7,21,10.5,2,1,1,0.81,100,1,1,0,2,0.083,149.3,3,17.6,0,0,2,66.7,1,50,0,0,0,0,0,0,0,0,17.6,6.3,1.6,8.3,70.8,20.8,0,12.4,10,12.4,10.05,2.35,0.52,0.42,10
2022,347,Will Dissly,SEA,TE,1,1,DEN,13.793103448275861,18.75,69.4,12,38.7,3,10.7,3.58,0.25,3.67,11,7.9,43,22.1,14.33,14.33,3,100,32,10.67,4,1.33,1,0.88,50,0,0,0,1,0.083,158.3,1,5.3,0,0,3,100,0,33.3,0,0,0,0,0,0,0,0,21.4,7.63,1.031,0,41.7,33.3,25,13.3,11.5,13.3,11.45,1.85,1.11,0.95,11.5
2022,348,Tre'Quan Smith,NO,WR,1,6,CIN,33.78378378378378,23.076923076923077,70.4,25,67.6,3,8.3,1.72,0.12,12,36,13.1,43,24.2,14.33,14.33,3,100,7,2.33,5,1.67,1,1.06,100,1,0,0,3,0.12,158.3,2,10,0,0,3,100,0,0,0,0,1,1,100,0,0,0,13.6,5.64,1.733,56,44,0,0,13.3,13.1,13.3,13.06,0.24,0.53,0.52,13.1
2022,349,D.J. Moore,CAR,WR,1,1,CLV,14.52513966480447,10.81081081081081,100,26,81.3,4,14.8,1.65,0.15,9,36,28.3,43,18,10.75,14.33,3,75,19,6.33,6,2,0,0.01,0,0,0,0,2,0.077,113.5,3,20,0,0,4,100,0,33.3,0,0,1,0,0,0,0,0,20,2.94,0.518,84.6,15.4,0,0,8,7.8,8,7.82,0.18,0.28,0.28,7.3
2022,350,D.J. Moore,CAR,WR,1,2,NYG,18.435754189944134,16.216216216216218,96.3,33,91.7,6,20.7,1.3,0.18,11.83,71,34.5,43,29.7,7.17,14.33,3,50,4,1.33,2,0.67,1,1.01,100,1,1,1,2,0.061,113.2,4,22.2,1,16.7,5,83.3,2,50,0,0,1,0,0,1,0,0,24,-1.17,0.034,75.8,24.2,0,0,13.3,17.7,13.3,17.74,-4.44,0.4,0.54,17.7
2022,351,Zach Gentry,PIT,TE,1,5,BUF,39.285714285714285,60,63.9,22,39.3,6,11.5,1.95,0.27,3.17,19,5.1,43,13.1,7.17,8.6,5,83.3,29,5.8,12,2.4,0,0.02,0,0,0,0,4,0.182,96.5,4,10,0,0,5,83.3,0,0,0,0,2,1,50,0,0,0,21.4,1.12,0.465,0,9.1,90.9,0,9.3,7.4,9.3,7.36,1.94,0.42,0.33,7.4
2022,352,Parris Campbell,IND,WR,1,4,TEN,11.965811965811966,16,66.7,28,68.3,4,10.8,1.54,0.14,5,20,8.5,43,12.1,10.75,10.75,4,100,23,5.75,12,3,0,0.01,0,0,0,0,2,0.071,111.5,2,8.3,2,50,4,100,0,25,0,0,0,0,0,0,0,0,17.4,3.61,0.849,39.3,60.7,0,0,8.3,7.8,8.3,7.83,0.47,0.3,0.28,7.8
2022,353,Marquise Brown,ARZ,WR,1,1,KC,15.966386554621847,9.67741935483871,95.2,38,86.4,6,15.8,1.13,0.16,18.17,109,47.8,43,21,7.17,10.75,4,66.7,4,1,3,0.75,1,0.63,50,2,2,1,2,0.053,127.1,5,26.3,0,0,5,83.3,2,33.3,0,0,1,0,0,1,0,0,20,-2.27,0.751,81.6,18.4,0,0,14.3,14.4,14.3,14.37,-0.07,0.38,0.38,14.4
2022,354,Juwan Johnson,NO,TE,1,1,ATL,20.689655172413794,22.727272727272727,75.4,30,75,5,14.7,1.43,0.17,10.2,51,18,43,16,8.6,21.5,2,40,11,5.5,3,1.5,0,0.01,0,1,0,0,1,0.033,71.3,5,19.2,0,0,2,40,0,50,0,0,0,0,0,0,0,0,19.2,0.05,0.029,10,63.3,26.7,0,6.3,5.5,6.3,5.54,0.76,0.21,0.18,5.5
2022,355,Colby Parkinson,SEA,TE,1,1,DEN,13.793103448275861,25,38.8,8,25.8,2,7.1,5.38,0.25,13.5,27,19.4,43,22.1,21.5,21.5,2,100,16,8,2,1,1,0.93,50,0,0,0,2,0.25,158.3,2,10.5,0,0,2,100,1,50,0,0,0,0,0,0,0,0,20,11.96,2.296,25,12.5,62.5,0,12.3,10.7,12.3,10.74,1.56,1.54,1.34,10.7
2022,356,Peyton Hendershot,DAL,TE,1,3,NYG,26.53061224489796,37.5,59,13,41.9,3,9.7,3.31,0.23,5,15,5.6,43,20,14.33,14.33,3,100,28,9.33,5,1.67,0,0.01,0,0,0,0,2,0.154,118.8,2,7.1,0,0,3,100,0,33.3,0,0,0,0,0,0,1,0.33,16.7,7.16,0.475,7.7,46.2,46.2,0,7.3,5.7,7.3,5.65,1.65,0.56,0.43,5.7
2022,357,Jahan Dotson,WAS,WR,1,4,DAL,13.013698630136986,19.047619047619047,59.2,19,42.2,4,9.5,2.26,0.21,21.5,86,27.2,43,25.3,10.75,14.33,3,75,5,1.67,1,0.33,1,0.21,100,1,1,1,2,0.105,109.4,2,8,1,25,3,75,2,50,0,0,1,1,100,0,0,0,19,0.41,1.019,63.2,36.8,0,0,13.3,7.1,13.3,7.14,6.16,0.7,0.38,7.1
2022,358,Isaiah Likely,BLT,TE,1,2,MIA,12.195121951219512,35.714285714285715,31.5,10,32.3,5,17.2,4.3,0.5,6.8,34,10.7,43,13.5,8.6,10.75,4,80,32,8,12,3,0,0.04,0,0,0,0,1,0.1,102.5,4,17.4,3,60,5,100,1,25,1,20,0,0,0,0,1,0.25,38.5,0.76,-0.145,10,80,10,0,8.3,11.5,8.3,11.54,-3.24,0.83,1.15,11.5
2022,359,Cade Otton,TB,TE,1,5,ATL,47.87234042553192,46.666666666666664,96,45,86.5,7,13.5,0.96,0.16,3.71,26,7.2,43,12.3,6.14,7.17,6,85.7,14,2.33,6,1,0,0.13,0,2,0,0,2,0.044,92.3,6,20.7,1,14.3,7,100,0,0,1,14.3,0,0,0,0,0,0,14.9,-0.38,0.264,11.1,35.6,53.3,0,10.3,12.8,10.3,12.81,-2.51,0.23,0.28,12.8
2022,360,Randall Cobb,GB,WR,1,4,NE,13.761467889908257,16,33.8,15,40.5,4,11.4,2.8,0.27,15.5,62,21.1,42,16.7,10.5,14,3,75,8,2.67,-4,-1.33,0,0.01,0,0,0,0,2,0.133,108.3,3,12.5,1,25,3,75,2,33.3,0,0,1,0,0,0,1,0.33,26.7,1.68,0.757,13.3,86.7,0,0,7.2,7.3,7.2,7.32,-0.12,0.48,0.49,7.3
2022,361,Mike Evans,TB,WR,1,6,PIT,23.456790123456788,12.121212121212121,95.6,38,90.5,4,10,1.11,0.11,7.75,31,11.7,42,17.3,10.5,10.5,4,100,11,2.75,4,1,0,0.02,0,0,0,0,2,0.053,110.4,3,12,0,0,4,100,0,25,0,0,0,0,0,0,0,0,11.4,2.82,0.709,76.3,23.7,0,0,8.2,8.2,8.2,8.22,-0.02,0.22,0.22,8.2
2022,362,Zay Jones,JAX,WR,1,6,IND,13.725490196078432,13.513513513513514,98.3,21,77.8,5,22.7,2,0.24,9.2,46,47.9,42,24.1,8.4,8.4,5,100,7,1.4,4,0.8,0,0.09,0,0,0,0,3,0.143,110.8,3,15,1,20,5,100,0,0,0,0,0,0,0,0,0,0,22.7,-0.14,1.175,76.2,23.8,0,0,9.2,12.1,9.2,12.14,-2.94,0.44,0.58,12.1
2022,363,Irv Smith,MIN,TE,1,5,CHI,18.461538461538463,14.814814814814813,60.8,24,54.5,4,9.5,1.75,0.17,5.5,22,13.9,42,13.2,10.5,10.5,4,100,20,5,14,3.5,0,0.02,0,0,0,0,2,0.083,110.4,1,3.7,0,0,4,100,0,0,0,0,0,0,0,0,0,0,14.3,3.32,0.483,25,8.3,66.7,0,8.2,7.6,8.2,7.56,0.64,0.34,0.31,7.6
2022,364,Mecole Hardman,KC,WR,1,6,BUF,15.748031496062993,15,41,20,42.6,3,7.5,2.1,0.15,8.67,26,12.4,42,12.4,14,14,3,100,19,6.33,4,1.33,1,0.7,50,1,1,1,3,0.15,158.3,1,5.3,0,0,3,100,0,50,0,0,1,1,100,0,1,0.33,25,6.27,1.685,45,55,0,0,13.2,9.7,13.2,9.65,3.55,0.66,0.48,9.7
2022,365,Devin Duvernay,BLT,WR,1,2,MIA,11.194029850746269,8,51.9,15,48.4,2,6.9,2.8,0.13,16.5,33,10.3,42,13.2,21,21,2,100,9,4.5,4,2,0,0.01,0,0,0,0,2,0.133,118.8,1,4.3,0,0,2,100,1,50,0,0,0,0,0,0,0,0,12.5,11.11,1.2,53.3,46.7,0,0,6.2,5.7,6.2,5.68,0.52,0.41,0.38,5.7
2022,366,Nelson Agholor,NE,WR,1,3,BLT,30.208333333333332,15.789473684210526,74.6,29,72.5,3,9.4,1.41,0.1,23.67,71,18.5,41,12.8,13.67,20.5,2,66.7,14,7,1,0.5,0,0.01,0,0,0,0,1,0.034,109.7,0,0,0,0,2,66.7,1,50,0,0,1,1,100,0,0,0,12.5,2.18,0.055,65.5,34.5,0,0,5.1,4.5,5.1,4.47,0.63,0.21,0.15,4.5
2022,367,Kendrick Bourne,NE,WR,1,1,MIA,2.9850746268656714,7.142857142857142,3.7,2,6.1,1,3.3,20.5,0.5,36,36,13.7,41,19.2,41,41,1,100,5,5,1,1,0,0.01,0,0,0,0,1,0.5,118.8,1,6.3,0,0,1,100,1,100,0,0,0,0,0,0,0,0,50,27.25,2.687,100,0,0,0,5.1,4.3,5.1,4.26,0.84,2.55,2.13,4.3
2022,368,Mike Gesicki,MIA,TE,1,2,BLT,22.388059701492537,22.22222222222222,60.9,30,58.8,4,8,1.37,0.13,9.5,38,9.9,41,8.7,10.25,10.25,4,100,12,3,3,0.75,1,0.87,16.7,2,1,1,2,0.067,149,1,2.9,0,0,4,100,1,0,0,0,1,1,100,1,0,0,12.1,2.12,1.731,16.7,56.7,26.7,0,14.1,11.4,14.1,11.37,2.73,0.47,0.38,11.4
2022,369,Terry McLaurin,WAS,WR,1,6,CHI,10.81081081081081,11.428571428571429,98.1,24,96,4,18.2,1.71,0.17,6.5,26,19.3,41,41.4,10.25,13.67,3,75,40,13.33,15,5,0,0.23,0,1,1,0,3,0.125,107.3,4,26.7,2,50,4,100,1,0,0,0,1,0,0,0,1,0.33,19,3.03,0.665,83.3,16.7,0,0,8.2,8.8,8.2,8.83,-0.63,0.3,0.32,7.7
2022,370,Dawson Knox,BUF,TE,1,2,TEN,15.384615384615385,25,67.7,22,52.4,5,12.5,1.86,0.23,6,30,9.7,41,12.9,8.2,10.25,4,80,21,5.25,9,2.25,0,0.24,0,1,0,0,2,0.091,100.8,3,12.5,0,0,4,80,0,0,0,0,2,1,50,0,0,0,17.9,1.01,0.363,9.1,45.5,31.8,13.6,8.1,8,8.1,7.98,0.12,0.37,0.36,8
2022,371,Juwan Johnson,NO,TE,1,6,CIN,20,18.181818181818183,77.5,29,78.4,4,11.1,1.41,0.14,9.5,38,13.8,41,23,10.25,10.25,4,100,3,0.75,2,0.5,0,0.04,0,0,0,0,3,0.103,109.4,4,20,0,0,4,100,0,25,0,0,0,0,0,0,0,0,16.7,1.8,1.793,13.8,44.8,41.4,0,8.1,9,8.1,8.98,-0.88,0.28,0.31,9
2022,372,Isaiah Hodgins,BUF,WR,1,5,PIT,90.9090909090909,100,22.2,10,25.6,6,16.7,4.1,0.6,6.83,41,9.1,41,9.5,6.83,10.25,4,66.7,22,5.5,12,3,0,0.3,0,1,0,0,2,0.2,86.1,6,21.4,2,33.3,4,66.7,0,33.3,0,0,2,1,50,0,1,0.25,66.7,-0.85,0.059,70,30,0,0,8.1,8.9,8.1,8.86,-0.76,0.81,0.89,8.9
2022,373,K.J. Osborn,MIN,WR,1,5,CHI,17.857142857142858,19.230769230769234,82.4,30,68.2,5,11.9,1.37,0.17,5.6,28,17.7,41,12.9,8.2,8.2,5,100,13,2.6,6,1.2,0,0.02,0,0,0,0,1,0.033,100.8,3,11.1,0,0,5,100,0,0,0,0,1,1,100,0,0,0,16.7,1.73,0.554,30,70,0,0,9.1,8.4,9.1,8.43,0.67,0.3,0.28,8.4
2022,374,Nico Collins,HST,WR,1,3,CHI,18.89763779527559,15.384615384615385,64.9,24,72.7,4,12.5,1.71,0.17,12.25,49,23.1,41,16.7,10.25,20.5,2,50,18,9,11,5.5,0,0.01,0,0,0,0,2,0.083,86.5,4,22.2,0,0,3,75,0,50,0,0,1,0,0,0,0,0,18.2,1.02,0.424,95.8,4.2,0,0,6.1,5.7,6.1,5.65,0.45,0.25,0.24,5.7
2022,375,Ben Skowronek,LA,WR,1,5,DAL,20.105820105820104,27.586206896551722,85.9,38,77.6,8,18.2,1.08,0.21,4.5,36,11.1,41,12.8,5.13,6.83,6,75,19,3.17,8,1.33,0,0.03,0,0,0,0,1,0.026,85.9,2,8,1,12.5,6,75,0,0,0,0,0,0,0,0,1,0.17,22.9,-1.23,-0.276,50,50,0,0,10.1,10.3,10.1,10.34,-0.24,0.27,0.27,10.3
2022,376,Pat Freiermuth,PIT,TE,1,3,CLV,16.39344262295082,12.903225806451612,74.5,20,60.6,4,12.5,2.05,0.2,12,48,13.1,41,18.9,10.25,20.5,2,50,8,4,3,1.5,0,0.04,0,0,0,0,2,0.1,86.5,3,13.6,0,0,3,75,0,50,0,0,2,1,50,0,0,0,14.8,1.47,0.026,0,30,70,0,6.1,5.1,6.1,5.08,1.02,0.3,0.25,5.1
2022,377,Elijah Moore,NYJ,WR,1,2,CLV,19.431279620853083,17.857142857142858,86.6,41,85.4,5,11.1,1,0.12,13.8,69,16.4,41,12.7,8.2,13.67,3,60,0,0,0,0,0,0.01,0,1,0,0,2,0.049,86.3,5,18.5,0,0,3,60,0,0,0,0,0,0,0,0,0,0,12.5,-1.13,0.693,75.6,24.4,0,0,6.5,8,6.5,8.04,-1.54,0.17,0.18,7.5
2022,378,Chris Olave,NO,WR,1,1,ATL,21.08843537414966,7.5,71.9,31,77.5,3,8.8,1.32,0.1,12.67,38,13.4,41,15.2,13.67,13.67,3,100,3,1,2,0.67,0,0.01,0,0,0,0,2,0.065,118.8,2,7.7,0,0,3,100,1,33.3,0,0,0,0,0,0,0,0,12,4.71,1.21,74.2,25.8,0,0,9.1,7.5,9.1,7.48,1.62,0.23,0.24,7.5
2022,379,Garrett Wilson,NYJ,WR,1,4,PIT,20.588235294117645,13.333333333333334,77.6,35,87.5,6,16.2,1.17,0.17,7.17,43,16.4,41,16.1,6.83,20.5,2,33.3,21,10.5,21,10.5,0,0.01,0,0,0,0,1,0.029,58.3,5,23.8,1,16.7,4,66.7,0,50,1,16.7,0,0,0,0,2,1,21.4,-0.71,-0.139,31.4,68.6,0,0,6.1,8.2,6.1,8.16,-2.06,0.17,0.23,8.2
2022,380,Evan Engram,JAX,TE,1,6,IND,12.5,18.75,78,20,74.1,6,27.3,2,0.3,5.33,32,33.3,40,23,6.67,8,5,83.3,38,7.6,9,1.8,0,0.03,0,0,1,0,1,0.05,94.4,6,30,3,50,5,83.3,1,0,0,0,0,0,0,0,1,0.2,31.6,-0.38,0.14,25,50,25,0,9,8.6,9,8.6,0.4,0.45,0.43,8.6
2022,381,Tyler Conklin,NYJ,TE,1,2,CLV,22.61904761904762,28.57142857142857,98.5,38,79.2,8,17.8,1.05,0.21,4.25,34,8.1,40,12.3,5,6.67,6,75,27,4.5,7,1.17,0,0.02,0,0,0,0,1,0.026,85.4,0,0,0,0,8,100,0,0,1,12.5,2,2,100,0,0,0,19.5,-1.69,0.05,10.5,26.3,63.2,0,10,12.9,10,12.92,-2.92,0.26,0.34,12.9
2022,382,Zach Gentry,PIT,TE,1,1,CIN,8.928571428571429,20,31.1,5,12.2,2,5.3,8,0.4,0,0,0,40,20.6,20,20,2,100,40,20,20,10,0,0.01,0,0,0,0,1,0.2,118.8,1,3.6,1,50,2,100,0,50,0,0,0,0,0,0,0,0,50,13.91,0.805,0,0,100,0,6,3.3,6,3.34,2.66,1.2,0.67,3.3
2022,383,Dawson Knox,BUF,TE,1,4,BLT,18.181818181818183,30,75.8,26,61.9,6,16.7,1.54,0.23,10.17,61,26.6,40,18.8,6.67,13.33,3,50,8,2.67,1,0.33,0,0.05,0,1,0,0,3,0.115,31.9,4,22.2,0,0,4,66.7,0,50,0,0,1,0,0,0,0,0,25,-1.75,-0.457,23.1,65.4,7.7,3.8,7,7.8,7,7.81,-0.81,0.27,0.3,7.8
2022,384,Juwan Johnson,NO,TE,1,2,TB,22.758620689655174,31.818181818181817,77.3,33,70.2,7,17.5,1.21,0.21,9.86,69,13.2,40,16.9,5.71,10,4,57.1,5,1.25,1,0.25,0,0.01,0,1,1,0,2,0.061,33.9,4,12.5,0,0,4,57.1,0,25,0,0,1,0,0,0,0,0,24.1,-2.29,-0.338,30.3,48.5,21.2,0,8,7.2,8,7.25,0.75,0.24,0.22,7.2
2022,385,Nick Westbrook-Ikhine,TEN,WR,1,3,LV,15.384615384615385,27.27272727272727,58.2,14,50,3,11.1,2.86,0.21,11.67,35,19.4,40,15.2,13.33,13.33,3,100,5,1.67,4,1.33,0,0.01,0,0,0,0,3,0.214,118.8,3,16.7,0,0,3,100,0,0,0,0,2,2,100,0,1,0.33,18.8,4.28,1.524,42.9,57.1,0,0,7,5.9,7,5.88,1.12,0.5,0.42,5.9
2022,386,Brandon Aiyuk,SF,WR,1,1,CHI,18.51851851851852,8.108108108108109,98.5,30,88.2,3,10.7,1.33,0.1,18.67,56,29.9,40,24.4,13.33,20,2,66.7,15,7.5,3,1.5,0,0.01,0,0,0,0,1,0.033,109.7,2,10.5,0,0,2,66.7,1,50,0,0,1,1,100,0,0,0,11.1,2.74,0.059,86.7,13.3,0,0,6.7,4.8,6.7,4.84,1.86,0.2,0.15,4.4
2022,387,Cole Kmet,CHI,TE,1,3,HST,13.492063492063492,21.428571428571427,91.9,17,68,3,17.6,2.35,0.18,14,42,33.9,40,37.7,13.33,20,2,66.7,16,8,7,3.5,0,0.01,0,0,0,0,2,0.118,70.1,3,25,0,0,2,66.7,0,50,0,0,0,0,0,0,0,0,21.4,2.77,0.442,17.6,52.9,29.4,0,6,4.8,6,4.77,1.23,0.35,0.28,4.8
2022,388,Ben Skowronek,LA,WR,1,6,CAR,10.052910052910052,17.24137931034483,66.7,19,55.9,5,15.2,2.11,0.26,5.2,26,19.5,40,15.8,8,8,5,100,14,2.8,3,0.6,0,0.01,0,0,0,0,2,0.105,100,2,8,0,0,5,100,0,0,0,0,0,0,0,0,0,0,23.8,1.11,0.307,47.4,47.4,0,5.3,16.7,11.4,16.7,11.38,5.32,0.47,0.5,9.6
2022,389,Grant Calcaterra,PHI,TE,1,3,WAS,55.55555555555556,100,25,5,12.2,1,2.9,8,0.2,18,18,4.6,40,11.8,40,40,1,100,22,22,17,17,0,0.01,0,0,0,0,1,0.2,118.8,1,3.8,0,0,1,100,0,100,0,0,0,0,0,0,1,1,16.7,27.03,2.78,0,40,60,0,5,3.1,5,3.12,1.88,1,0.62,3.1
2022,390,Drake London,ATL,WR,1,6,SF,12.4031007751938,9.30232558139535,69.6,16,94.1,4,28.6,2.5,0.25,8.75,35,41.7,40,31,10,13.33,3,75,10,3.33,5,1.67,0,0.03,0,0,0,0,2,0.125,106.3,4,30.8,0,0,3,75,0,33.3,0,0,1,1,100,0,0,0,28.6,2.43,0.26,93.8,6.3,0,0,7,5.5,7,5.5,1.5,0.44,0.34,5.5
2022,391,Jahan Dotson,WAS,WR,1,1,JAX,23.972602739726025,23.809523809523807,87.1,35,77.8,5,12.2,1.14,0.14,15.6,78,29,40,12.8,8,13.33,3,60,0,0,0,0,2,1.19,50,1,2,2,2,0.057,85.4,4,13.3,0,0,3,60,1,50,0,0,1,1,100,1,0,0,15.2,-1.71,0.392,74.3,25.7,0,0,18,12.8,18,12.76,5.24,0.54,0.35,12.2
2022,392,Jake Ferguson,DAL,TE,1,6,PHI,34.21052631578947,60,50,13,34.2,6,15.8,3.08,0.46,5.33,32,10.9,40,22.1,6.67,10,4,66.7,20,5,9,2.25,1,0.18,100,1,0,0,3,0.231,125,4,16,0,0,4,66.7,0,33.3,0,0,0,0,0,1,2,0.5,40,-0.54,0.443,15.4,30.8,53.8,0,14,8.5,14,8.53,5.47,1.08,0.66,8.5
2022,393,Daniel Bellinger,NYG,TE,1,3,DAL,21.839080459770116,31.25,61.2,19,38.8,5,13.5,2.11,0.26,1.2,6,3,40,20.4,8,10,4,80,37,9.25,6,1.5,0,0.01,0,0,0,0,2,0.105,100,2,10.5,0,0,5,100,0,25,0,0,0,0,0,0,0,0,33.3,2.28,0.358,10.5,15.8,73.7,0,8,8.2,8,8.16,-0.16,0.42,0.43,8.2
2022,394,Robert Woods,TEN,WR,1,2,BUF,17.699115044247787,20,66,20,71.4,5,20.8,1.95,0.25,7.4,37,21.6,39,31.7,7.8,9.75,4,80,12,3,5,1.25,0,0,0,0,0,0,2,0.1,59.6,4,33.3,0,0,4,80,0,0,0,0,3,3,100,0,0,0,29.4,0.67,-0.386,55,45,0,0,7.9,5.4,7.9,5.37,2.53,0.4,0.27,5.4
2022,395,Tyler Higbee,LA,TE,1,1,BUF,23.333333333333332,17.02127659574468,93.9,42,85.7,8,19.5,0.93,0.19,2,16,7,39,16.3,4.88,7.8,5,62.5,31,6.2,7,1.4,0,0.01,0,0,0,0,4,0.095,34.9,5,19.2,2,25,7,87.5,0,0,2,25,0,0,0,0,0,0,23.5,-1.32,-0.282,19,19,61.9,0,8.9,11.4,8.9,11.37,-2.47,0.21,0.27,11.4
2022,396,Will Dissly,SEA,TE,1,4,DET,21.839080459770116,25,74.6,19,59.4,4,13.3,2.05,0.21,6,24,7.9,39,12.2,9.75,9.75,4,100,18,4.5,7,1.75,1,0.94,50,1,1,1,1,0.053,146.9,3,11.5,0,0,4,100,1,0,0,0,1,1,100,0,0,0,20,2.65,0.958,15.8,10.5,63.2,10.5,13.9,12.9,13.9,12.94,0.96,0.73,0.68,12.9
2022,397,Equanimeous St. Brown,CHI,WR,1,2,GB,10,30.76923076923077,70.7,11,68.8,4,36.4,3.55,0.36,13,52,48.6,39,55.7,9.75,19.5,2,50,15,7.5,5,2.5,0,0,0,0,0,0,1,0.091,44.8,3,33.3,0,0,2,50,1,50,0,0,1,1,100,0,0,0,50,0.77,-0.011,72.7,27.3,0,0,5.9,4.2,5.9,4.19,1.71,0.54,0.38,4.2
2022,398,Olamide Zaccheaus,ATL,WR,1,5,TB,24.46808510638298,22.22222222222222,65.6,23,67.6,4,16,1.7,0.17,10.5,42,19.5,39,26.5,9.75,19.5,2,50,14,7,11,5.5,1,0.05,100,1,0,0,2,0.087,124,4,19,0,0,2,50,0,100,0,0,0,0,0,0,0,0,22.2,1.62,0.984,34.8,65.2,0,0,11.9,5.1,11.9,5.12,6.78,0.52,0.22,5.1
2022,399,Kendall Hinton,DEN,WR,1,4,LV,28.37837837837838,50,54.2,21,67.7,3,12,1.86,0.14,19,57,20.1,39,16.5,13,19.5,2,66.7,15,7.5,12,6,0,0.01,0,0,0,0,1,0.048,109.7,3,15.8,0,0,2,66.7,1,50,0,0,0,0,0,0,1,0.5,17.6,2.75,0.513,76.2,23.8,0,0,5.9,4.8,5.9,4.78,1.12,0.28,0.23,4.8
2022,400,Brandon Aiyuk,SF,WR,1,3,DEN,16.666666666666664,21.62162162162162,88.5,27,81.8,8,27.6,1.44,0.3,14,112,46.7,39,18.5,4.88,13,3,37.5,16,5.33,6,2,1,0.98,100,1,0,0,3,0.111,93.2,5,27.8,0,0,3,37.5,1,50,0,0,2,0,0,0,2,0.67,32,-4.26,-0.139,66.7,33.3,0,0,12.9,11.8,12.9,11.83,1.07,0.48,0.44,11.8
2022,401,Quintin Morris,BUF,TE,1,5,PIT,35.483870967741936,57.14285714285714,66.7,22,56.4,4,11.1,1.77,0.18,9.5,38,8.5,39,9,9.75,13,3,75,29,9.67,3,1,0,0.56,0,1,1,0,2,0.091,105.2,2,7.1,1,25,3,75,1,50,0,0,0,0,0,1,0,0,16.7,1.1,-0.865,22.7,50,18.2,9.1,5.9,7.6,5.9,7.6,-1.7,0.31,0.35,7.6
2022,402,Jaylen Waddle,MIA,WR,1,4,CIN,17.36842105263158,10.204081632653061,85,33,84.6,5,13.5,1.18,0.15,10.4,52,13.5,39,12.9,7.8,19.5,2,40,21,10.5,6,3,0,0.03,0,0,0,0,2,0.061,67.9,5,22.7,0,0,4,80,0,50,1,20,1,0,0,0,0,0,17.9,-0.49,0.165,81.8,18.2,0,0,5.9,7.3,5.9,7.32,-1.42,0.18,0.22,7.3
2022,403,D'Wayne Eskridge,SEA,WR,1,6,ARZ,12.5,37.5,19.7,5,13.2,3,9.7,7.8,0.6,6.67,20,8.9,39,19.8,13,13,3,100,19,6.33,8,2.67,0,0.03,0,0,0,0,3,0.6,118.8,3,10.7,0,0,3,100,0,0,0,0,0,0,0,0,1,0.33,60,6.02,0.758,60,40,0,0,6.9,5.9,6.9,5.93,0.97,1.38,1.19,5.9
2022,404,John Bates,WAS,TE,1,5,TEN,31.666666666666664,23.076923076923077,58.6,19,44.2,3,7.9,2.05,0.16,8,24,7.3,39,10.9,13,13,3,100,15,5,5,1.67,0,0.01,0,0,0,0,1,0.053,118.8,2,9.5,0,0,3,100,0,33.3,0,0,0,0,0,0,0,0,15,5.52,0.767,10.5,36.8,42.1,10.5,6.9,6,6.9,6.02,0.88,0.36,0.32,6
2022,405,George Pickens,PIT,WR,1,3,CLV,14.358974358974358,20,74.5,28,84.8,7,21.9,1.39,0.25,13.71,96,26.2,39,18,5.57,13,3,42.9,4,1.33,1,0.33,0,0.02,0,0,1,0,1,0.036,61,5,22.7,1,14.3,4,57.1,3,33.3,1,14.3,1,1,100,1,2,0.67,25,-2.74,-0.042,96.4,3.6,0,0,6.9,7.3,6.9,7.34,-0.44,0.25,0.26,7.3
2022,406,Marvin Jones,JAX,WR,1,1,WAS,24.358974358974358,20,82.3,38,84.4,6,14.3,1,0.16,16.83,101,27.6,38,13.8,6.33,9.5,4,66.7,3,0.75,3,0.75,0,0.02,0,0,0,0,3,0.079,84,5,16.7,0,0,4,66.7,2,0,0,0,2,2,100,0,0,0,20,-2.39,0.381,92.1,7.9,0,0,7.8,6.6,7.8,6.61,1.19,0.21,0.17,6.6
2022,407,Kalif Raymond,DET,WR,1,4,SEA,32.05128205128205,33.33333333333333,50,25,59.5,5,12.5,1.52,0.2,19.8,99,24.4,38,9.9,7.6,12.67,3,60,4,1.33,2,0.67,0,0.01,0,0,0,0,1,0.04,83.8,2,6.3,0,0,3,60,1,33.3,0,0,2,2,100,0,0,0,21.7,-3.19,-1.39,48,44,0,8,6.1,6,6.1,5.99,0.11,0.27,0.22,5.4
2022,408,Curtis Samuel,WAS,WR,1,4,DAL,16.355140186915886,14.893617021276595,80.3,35,77.8,7,16.7,1.09,0.2,6.71,47,14.9,38,22.4,5.43,9.5,4,57.1,29,7.25,5,1.25,0,0.01,0,1,1,0,3,0.086,32.7,7,28,2,28.6,5,71.4,0,0,0,0,2,1,50,0,1,0.25,20,-1.93,-0.147,17.1,82.9,0,0,7.8,7.8,7.8,7.81,-0.01,0.22,0.22,7.8
2022,409,Corey Davis,NYJ,WR,1,5,MIA,10.27027027027027,10.344827586206897,76.8,19,79.2,3,14.3,2,0.16,16.33,49,24.6,38,18.1,12.67,19,2,66.7,8,4,3,1.5,0,0.11,0,0,0,0,2,0.105,109.7,3,23.1,0,0,2,66.7,1,50,0,0,0,0,0,0,0,0,17.6,2.57,-0.007,68.4,26.3,5.3,0,5.8,6.4,5.8,6.39,-0.59,0.31,0.34,6.4
2022,410,O.J. Howard,HST,TE,1,1,IND,8.16326530612245,20,17.6,4,9.8,2,5.4,9.5,0.5,15.5,31,11.9,38,15.8,19,19,2,100,7,3.5,2,1,2,1.92,100,1,0,0,2,0.5,158.3,2,6.5,0,0,2,100,0,100,0,0,0,0,0,0,0,0,33.3,8.02,2.358,0,50,50,0,17.8,16.7,17.8,16.71,1.09,4.45,4.18,16.7
2022,411,Josh Reynolds,DET,WR,1,2,WAS,17.058823529411764,9.090909090909092,72.1,29,78.4,3,8.8,1.31,0.1,12.67,38,12.6,38,14.8,12.67,12.67,3,100,9,3,6,2,1,0.97,25,2,1,1,3,0.103,158.3,2,9.5,0,0,3,100,1,100,0,0,0,0,0,0,1,0.33,10.3,3.71,1.157,51.7,48.3,0,0,12.8,12.4,12.8,12.37,0.43,0.44,0.43,12.4
2022,412,Ross Dwelley,SF,TE,1,2,SEA,42.857142857142854,25,35.7,12,48,1,4.2,3.17,0.08,16,16,9.8,38,20.7,38,38,1,100,22,22,2,2,1,0.91,100,0,0,0,1,0.083,158.3,1,6.3,0,0,1,100,0,100,0,0,0,0,0,0,0,0,7.7,27.81,3.501,8.3,41.7,50,0,10.8,8.4,10.8,8.37,2.43,0.9,0.7,8.4
2022,413,KhaDarel Hodge,ATL,WR,1,1,NO,22.22222222222222,27.27272727272727,25.4,8,21.1,3,9.1,4.75,0.38,8.33,25,9.2,38,17.7,12.67,12.67,3,100,13,4.33,6,2,0,0.05,0,0,0,0,1,0.125,118.8,2,8.7,0,0,3,100,0,0,0,0,0,0,0,0,0,0,50,5.19,0.574,62.5,37.5,0,0,6.8,6.5,6.8,6.51,0.29,0.85,0.81,6.5
2022,414,T.J. Hockenson,DET,TE,1,1,PHI,19.594594594594593,20.588235294117645,90.9,29,74.4,7,18.9,1.31,0.24,5.71,40,13.5,38,17.7,5.43,9.5,4,57.1,23,5.75,11,2.75,0,0.02,0,1,0,0,3,0.103,32.7,7,25.9,1,14.3,5,71.4,0,0,1,14.3,0,0,0,1,1,0.25,20.6,-1.75,-0.565,24.1,31,44.8,0,7.8,8.3,7.8,8.32,-0.52,0.27,0.29,8.3
2022,415,Kylen Granson,IND,TE,1,6,JAX,17.699115044247787,19.047619047619047,37.8,20,34.5,4,6.9,1.9,0.2,6.25,25,7.3,38,9.8,9.5,9.5,4,100,13,3.25,3,0.75,0,0.03,0,1,0,0,3,0.15,106.3,3,10.3,1,25,4,100,0,0,0,0,2,2,100,0,0,0,17.4,1.32,0.949,20,45,35,0,7.8,6.8,7.8,6.79,1.01,0.39,0.34,6.8
2022,416,Chigoziem Okonkwo,TEN,TE,1,4,IND,27.77777777777778,60,25,5,19.2,3,14.3,7.6,0.6,9,27,29,38,27.7,12.67,12.67,3,100,11,3.67,3,1,1,0.89,50,1,0,0,3,0.6,158.3,2,20,0,0,3,100,0,50,0,0,1,1,100,0,0,0,75,4.45,1.253,20,40,0,40,12.8,11.2,12.8,11.24,1.56,2.56,2.25,11.2
2022,417,Daniel Bellinger,NYG,TE,1,6,BLT,26.436781609195403,31.25,93.5,23,71.9,5,18.5,1.65,0.22,3,15,8.5,38,22,7.6,7.6,5,100,26,5.2,13,2.6,1,0.82,50,2,1,1,3,0.13,137.9,5,20.8,0,0,5,100,0,0,0,0,0,0,0,0,0,0,20.8,1.36,0.911,13,30.4,52.2,4.3,14.8,12.6,14.8,12.56,2.24,0.64,0.55,12.6
2022,418,Randall Cobb,GB,WR,1,2,CHI,8.256880733944955,12,30.3,9,31,3,12,4.11,0.33,9,27,21.8,37,15.8,12.33,12.33,3,100,10,3.33,3,1,0,0.08,0,0,0,0,2,0.222,118.1,2,11.1,0,0,3,100,1,33.3,0,0,1,1,100,0,1,0.33,30,4.81,1.151,33.3,55.6,0,11.1,6.7,5.6,6.7,5.58,1.12,0.74,0.62,5.6
2022,419,Robert Woods,TEN,WR,1,5,WAS,23.893805309734514,28.000000000000004,83.9,27,87.1,7,28,1.37,0.26,6.29,44,22.2,37,20.4,5.29,9.25,4,57.1,16,4,5,1.25,0,0.03,0,1,0,0,1,0.037,71.7,6,37.5,0,0,6,85.7,0,0,2,28.6,1,0,0,0,0,0,33.3,-1.46,-0.092,51.9,44.4,3.7,0,7.7,10.5,7.7,10.46,-2.76,0.29,0.39,10.5
2022,420,Logan Thomas,WAS,TE,1,2,DET,24.347826086956523,26.31578947368421,72.2,28,52.8,5,10.9,1.32,0.18,12.4,62,16.1,37,11,7.4,12.33,3,60,13,4.33,5,1.67,1,0.35,33.3,1,0,0,1,0.036,82.9,4,16,0,0,3,60,1,33.3,0,0,0,0,0,0,0,0,16.1,-1.88,-0.367,10.7,64.3,21.4,3.6,12.7,7.7,12.7,7.65,5.05,0.45,0.27,7.7
2022,421,Isaiah McKenzie,BUF,WR,1,2,TEN,14.166666666666666,12,46.2,17,40.5,3,7.5,2.18,0.18,9.33,28,9.1,37,11.7,12.33,18.5,2,66.7,6,3,4,2,0,0.03,0,0,0,0,1,0.059,109,2,8.3,1,33.3,3,100,1,50,1,33.3,0,0,0,0,1,0.5,21.4,5.18,0.584,11.8,88.2,0,0,5.7,7.3,5.7,7.32,-1.62,0.34,0.43,7.3
2022,422,Robert Tonyan,GB,TE,1,3,TB,15.178571428571427,22.58064516129032,59,17,47.2,7,20,2.18,0.41,1.43,10,6.2,37,14.5,5.29,6.17,6,85.7,37,6.17,9,1.5,0,0.02,0,0,0,0,1,0.059,49.1,4,20,1,14.3,6,85.7,0,0,0,0,0,0,0,0,0,0,33.3,-0.42,-0.313,5.9,70.6,23.5,0,9.7,9.9,9.7,9.92,-0.22,0.57,0.58,9.9
2022,423,Braxton Berrios,NYJ,WR,1,1,BLT,44.44444444444444,60,46.8,28,45.2,6,10.2,1.32,0.21,2.33,14,4.7,37,12,6.17,7.4,5,83.3,23,4.6,6,1.2,0,0.06,0,1,0,0,2,0.071,92.4,3,9.4,1,16.7,6,100,0,0,0,0,1,1,100,0,0,0,24,0.02,0.061,25,75,0,0,8.7,9.7,8.7,9.71,-1.01,0.31,0.35,9.7
2022,424,David Sills,NYG,WR,1,2,CAR,35.92233009708738,28.57142857142857,91.4,37,86,4,11.8,1,0.11,7.25,29,14.1,37,21,9.25,12.33,3,75,15,5,10,3.33,0,0.08,0,1,0,0,2,0.054,103.1,3,17.6,0,0,3,75,0,50,0,0,1,0,0,0,2,0.67,12.9,1.87,0.769,89.2,10.8,0,0,6.7,6.7,6.7,6.7,0,0.18,0.18,6.7
2022,425,Parris Campbell,IND,WR,1,1,HST,18.37606837606838,16,76.7,43,79.6,4,8,0.86,0.09,5.25,21,6.3,37,10.5,9.25,12.33,3,75,27,9,13,4.33,0,0,0,0,0,0,3,0.07,103.1,2,6.3,1,25,3,75,0,33.3,0,0,0,0,0,0,2,0.67,10.8,2.41,0.594,16.3,83.7,0,0,6.7,5.2,6.7,5.18,1.52,0.16,0.12,5.2
2022,426,Dawson Knox,BUF,TE,1,6,KC,23.776223776223777,15,84.7,34,77.3,3,7.5,1.09,0.09,13,39,13.5,37,11.2,12.33,12.33,3,100,2,0.67,0,0,1,0.61,33.3,1,1,1,2,0.059,157.6,2,9.5,0,0,3,100,0,50,0,0,3,3,100,0,0,0,10.7,1.58,1.612,17.6,47.1,29.4,5.9,12.7,8,12.7,7.96,4.74,0.37,0.23,8
2022,427,Gabe Davis,BUF,WR,1,3,MIA,29.951690821256037,24,95.6,62,87.3,6,9.5,0.6,0.1,11,66,20,37,9.3,6.17,12.33,3,50,4,1.33,3,1,0,0.1,0,1,1,0,2,0.032,69.4,4,10.5,0,0,5,83.3,0,0,0,0,4,1,25,0,0,0,11.3,-2.24,0.071,95.2,4.8,0,0,6.7,8,6.7,7.97,-1.27,0.11,0.13,8
2022,428,Brandon Aiyuk,SF,WR,1,4,LA,14.19753086419753,10.81081081081081,91.8,23,82.1,4,14.8,1.61,0.17,0.75,3,2.2,37,15.5,9.25,9.25,4,100,34,8.5,14,3.5,0,0.02,0,0,0,0,2,0.087,105.2,4,22.2,3,75,4,100,0,0,0,0,0,0,0,0,0,0,16.7,3.25,0.459,82.6,17.4,0,0,7.7,6.9,7.7,6.93,0.77,0.33,0.3,6.9
2022,429,Adam Trautman,NO,TE,1,4,MIN,19.148936170212767,37.5,64.9,9,30,3,10.7,4.11,0.33,4.67,14,4.6,37,15.7,12.33,12.33,3,100,23,7.67,1,0.33,0,0.05,0,1,0,0,2,0.222,118.1,2,11.8,1,33.3,3,100,0,0,0,0,0,0,0,0,0,0,21.4,5.17,0.843,0,33.3,66.7,0,6.7,6,6.7,5.97,0.73,0.74,0.66,6
2022,430,Romeo Doubs,GB,WR,1,1,MIN,12.422360248447205,13.157894736842104,57.4,20,46.5,5,12.8,1.85,0.25,9.8,49,24.1,37,14.2,7.4,9.25,4,80,6,1.5,2,0.5,0,0.09,0,1,0,0,1,0.05,97.5,4,13.8,0,0,4,80,0,33.3,0,0,1,1,100,0,0,0,25,-0.84,0.27,75,25,0,0,8.8,7.8,8.8,7.82,0.98,0.39,0.37,7.3
2022,431,Tyquan Thornton,NE,WR,1,6,CLV,63.1578947368421,62.5,55.4,24,66.7,5,14.7,1.54,0.21,4.8,24,12.8,37,12,7.4,9.25,4,80,22,5.5,9,2.25,1,1.03,50,2,2,1,3,0.125,137.1,4,19,2,40,5,100,1,33.3,0,0,1,0,0,0,1,0.25,21.7,0.78,0.733,79.2,20.8,0,0,21.3,17.4,21.3,17.36,3.94,0.57,0.57,13.7
2022,432,Wan'Dale Robinson,NYG,WR,1,6,BLT,71.42857142857143,80,22.6,10,31.3,4,14.8,3.7,0.4,8.5,34,19.2,37,21.4,9.25,12.33,3,75,14,4.67,2,0.67,1,0.87,50,1,0,0,3,0.3,142.7,4,16.7,0,0,4,100,0,0,1,25,1,0,0,0,0,0,40,1.62,1.322,40,60,0,0,12.7,12.4,12.7,12.41,0.29,1.27,1.24,12.4
2022,433,Adam Thielen,MIN,WR,1,1,GB,13.942307692307693,9.523809523809524,95.1,29,87.9,4,12.5,1.24,0.14,6.75,27,18.4,36,13,9,12,3,75,12,4,5,1.67,0,0.06,0,1,0,0,2,0.069,102.1,3,12,0,0,3,75,0,50,0,0,0,0,0,0,0,0,13.3,2.04,0.124,69,31,0,0,6.6,6.4,6.6,6.39,0.21,0.23,0.22,6.4
2022,434,Adam Thielen,MIN,WR,1,6,MIA,12.980769230769232,19.047619047619047,86,27,81.8,8,26.7,1.33,0.3,11.5,92,59.4,36,20.6,4.5,9,4,50,9,2.25,2,0.5,1,0.96,50,1,1,1,3,0.111,102.1,6,26.1,0,0,8,100,1,0,3,37.5,6,2,33.3,0,0,0,32,-3.7,-0.001,55.6,44.4,0,0,15.6,17.4,15.6,17.41,-1.81,0.5,0.64,17.4
2022,435,Davante Adams,LV,WR,1,3,TEN,23.195876288659793,18,100,45,93.8,9,20,0.8,0.2,8.11,73,18.8,36,11.7,4,7.2,5,55.6,20,4,1,0.2,1,0.72,50,4,2,1,2,0.044,102.1,9,27.3,0,0,7,77.8,0,0,0,0,2,1,50,1,1,0.2,23.1,-3.5,-0.26,62.2,37.8,0,0,14.2,14.7,14.2,14.68,-0.48,0.32,0.32,14.2
2022,436,Eric Saubert,DEN,TE,1,5,IND,30.136986301369863,50,54.9,22,48.9,6,15.4,1.64,0.27,2.5,15,4,36,13.1,6,7.2,5,83.3,22,4.4,10,2,0,0.03,0,0,0,0,2,0.091,91.7,1,4,0,0,6,100,0,0,1,16.7,0,0,0,0,0,0,27.3,-0.1,0.142,18.2,27.3,54.5,0,8.6,10.3,8.6,10.28,-1.68,0.39,0.47,10.3
2022,437,Robert Tonyan,GB,TE,1,1,MIN,15.178571428571427,12.903225806451612,36.1,17,39.5,4,10.3,2.12,0.24,6.25,25,12.3,36,13.8,9,12,3,75,28,9.33,4,1.33,0,0,0,1,0,0,1,0.059,102.1,4,13.8,1,25,3,75,0,33.3,0,0,1,0,0,0,0,0,25,1.44,-0.483,23.5,58.8,17.6,0,6.6,5.2,6.6,5.2,1.4,0.39,0.31,5.2
2022,438,Richie James,NYG,WR,1,3,DAL,30.252100840336134,20.833333333333336,73.1,36,73.5,5,13.5,1,0.14,8.2,41,20.5,36,18.4,7.2,9,4,80,10,2.5,5,1.25,0,0,0,0,0,0,2,0.056,96.7,4,21.1,1,20,4,80,0,0,0,0,1,1,100,1,0,0,18.5,-0.72,0.04,13.9,83.3,2.8,0,8,7.5,8,7.49,0.51,0.21,0.19,7
2022,439,Irv Smith,MIN,TE,1,2,PHI,20.76923076923077,29.629629629629626,55.9,27,54,8,17.4,1.33,0.3,7.25,58,22.7,36,16.3,4.5,7.2,5,62.5,19,3.8,9,1.8,1,0.77,100,1,0,0,3,0.111,112.5,4,13.8,0,0,8,100,1,0,1,12.5,3,1,33.3,0,2,0.4,29.6,-2.59,0.074,22.2,33.3,44.4,0,14.6,17.2,14.6,17.22,-2.62,0.54,0.64,17.2
2022,440,DK Metcalf,SEA,WR,1,1,DEN,15.135135135135137,14.000000000000002,79.6,28,90.3,7,25,1.29,0.25,4.57,32,23,36,18.5,5.14,5.14,7,100,4,0.57,5,0.71,0,0.02,0,0,0,0,1,0.036,88.1,7,36.8,3,42.9,7,100,0,0,0,0,3,3,100,0,2,0.29,28,-1.87,-0.67,82.1,17.9,0,0,9.6,10.9,9.6,10.85,-1.25,0.38,0.39,10.9
2022,441,Marquez Callaway,NO,WR,1,6,CIN,30.303030303030305,43.75,74.6,30,81.1,7,19.4,1.2,0.23,12.57,88,32,36,20.2,5.14,12,3,42.9,13,4.33,8,2.67,0,0.14,0,1,1,0,3,0.1,59.2,6,30,0,0,6,85.7,1,33.3,1,14.3,2,0,0,0,0,0,28,-3.42,0.188,83.3,16.7,0,0,6.6,10.9,6.6,10.91,-4.31,0.22,0.36,10.9
2022,442,Mike Strachan,IND,WR,1,1,HST,8,25,12.2,4,7.4,2,4,9,0.5,13.5,27,8.1,36,10.2,18,18,2,100,9,4.5,4,2,0,0.02,0,0,0,0,2,0.5,118.8,2,6.3,0,0,2,100,0,50,0,0,0,0,0,0,0,0,50,8.64,1.442,100,0,0,0,5.6,5.3,5.6,5.27,0.33,1.4,1.32,5.3
2022,443,Marcus Johnson,NYG,WR,1,5,GB,48.93617021276596,42.857142857142854,76.3,23,74.2,3,11.1,1.52,0.13,7.33,22,19.1,35,16.1,11.67,11.67,3,100,13,4.33,5,1.67,0,0.01,0,0,0,0,1,0.043,115.3,3,15,0,0,3,100,0,0,0,0,0,0,0,0,0,0,13,4.46,0.871,91.3,8.7,0,0,6.5,6,6.5,6.02,0.48,0.28,0.26,6
2022,444,Chris Godwin,TB,WR,1,1,DAL,9.00900900900901,10,30.6,10,34.5,3,11.1,3.5,0.3,0,0,0,35,16.5,11.67,11.67,3,100,35,11.67,21,7,0,0.07,0,1,0,0,1,0.1,115.3,2,10,1,33.3,3,100,0,50,0,0,0,0,0,0,0,0,37.5,6.42,0.735,50,50,0,0,6.5,5.1,6.5,5.14,1.36,0.65,0.51,5.1
2022,445,Allen Lazard,GB,WR,1,5,NYG,20.80536912751678,21.21212121212121,93.4,31,75.6,7,17.9,1.13,0.23,12.86,90,35,35,15.8,5,8.75,4,57.1,13,3.25,2,0.5,1,0.92,50,1,0,0,3,0.097,110.1,7,23.3,2,28.6,6,85.7,2,0,1,14.3,1,0,0,0,0,0,20.6,-3.5,0.246,45.2,51.6,3.2,0,13.5,16.4,13.5,16.38,-2.88,0.44,0.53,16.4
2022,446,Scott Miller,TB,WR,1,5,ATL,32.926829268292686,35,46.7,27,51.9,7,13.5,1.3,0.26,17.71,124,34.5,35,10,5,8.75,4,57.1,3,0.75,1,0.25,0,0.84,0,1,1,0,1,0.037,70.5,5,17.2,0,0,6,85.7,2,0,0,0,3,1,33.3,0,0,0,25,-4.63,-0.032,81.5,18.5,0,0,7.5,16.8,7.5,16.8,-9.3,0.28,0.62,16.8
2022,447,DK Metcalf,SEA,WR,1,2,SF,14.594594594594595,12,91.5,27,81.8,6,19.4,1.3,0.22,9,54,31,35,17.8,5.83,8.75,4,66.7,1,0.25,1,0.25,0,0.01,0,1,1,0,2,0.074,42.4,6,30,1,16.7,5,83.3,0,0,0,0,1,0,0,0,0,0,23.1,-1.97,-0.897,85.2,14.8,0,0,7.5,9.1,7.5,9.06,-1.56,0.28,0.34,9.1
2022,448,Chase Claypool,PIT,WR,1,3,CLV,14.218009478672986,16.216216216216218,94.5,30,90.9,6,18.8,1.17,0.2,14.17,85,23.2,35,16.1,5.83,11.67,3,50,4,1.33,0,0,0,0.01,0,0,0,0,2,0.067,72.2,4,18.2,0,0,4,66.7,3,33.3,1,16.7,1,0,0,0,0,0,18.8,-3.1,0.055,13.3,86.7,0,0,7.6,8.9,7.6,8.85,-1.25,0.22,0.28,8.4
2022,449,Drake London,ATL,WR,1,5,TB,16.27906976744186,16.27906976744186,67.2,21,61.8,7,28,1.67,0.33,7.86,55,25.6,35,23.8,5,8.75,4,57.1,4,1,3,0.75,0,0.01,0,0,0,0,3,0.143,70.5,6,28.6,2,28.6,5,71.4,1,0,0,0,2,1,50,0,0,0,43.8,-2.92,0.103,90.5,9.5,0,0,7.5,7.6,7.5,7.56,-0.06,0.36,0.36,7.6
2022,450,David Bell,CLV,WR,1,4,ATL,10.75268817204301,37.5,26.8,10,26.3,3,8.6,3.5,0.3,20,60,21.3,35,15,11.67,17.5,2,66.7,2,1,1,0.5,0,0.01,0,0,0,0,1,0.1,66.7,3,15.8,0,0,3,100,1,50,0,0,1,0,0,0,0,0,37.5,0.59,0.599,30,70,0,0,5.5,5.9,5.5,5.9,-0.4,0.55,0.59,5.9
2022,451,Sterling Shepard,NYG,WR,1,2,CAR,40.42553191489361,45.45454545454545,87.1,38,88.4,10,29.4,0.89,0.26,9.4,94,45.9,34,19.3,3.4,5.67,6,60,13,2.17,2,0.33,0,0.06,0,1,0,0,1,0.026,66.3,6,35.3,0,0,7,70,1,0,0,0,1,1,100,0,0,0,37,-4.32,-0.307,60.5,36.8,2.6,0,9.4,11.2,9.4,11.18,-1.78,0.25,0.29,11.2
2022,452,Will Dissly,SEA,TE,1,3,ATL,20.689655172413794,18.75,59.4,18,39.1,3,6.8,1.89,0.17,9.33,28,6.5,34,10.5,11.33,11.33,3,100,6,2,3,1,1,0.91,50,2,0,0,2,0.111,153.5,3,10,0,0,3,100,0,0,0,0,1,1,100,0,0,0,13.6,3.41,1.307,11.1,38.9,50,0,12.4,10.8,12.4,10.82,1.58,0.69,0.6,10.8
2022,453,Scott Miller,TB,WR,1,2,NO,21.951219512195124,40,43.1,18,51.4,8,23.5,1.89,0.44,16.75,134,45.1,34,17.9,4.25,11.33,3,37.5,5,1.67,-1,-0.33,0,0.03,0,0,0,0,2,0.111,51,8,26.7,1,12.5,5,62.5,4,33.3,1,12.5,1,0,0,0,0,0,44.4,-5.52,-0.226,77.8,22.2,0,0,7.2,12.4,7.2,12.37,-5.17,0.36,0.66,11.9
2022,454,DK Metcalf,SEA,WR,1,6,ARZ,16.756756756756758,14.000000000000002,78.8,31,81.6,7,22.6,1.1,0.23,13.29,93,41.5,34,17.3,4.86,17,2,28.6,5,2.5,3,1.5,0,0.06,0,2,1,0,2,0.065,47.3,7,25,0,0,4,57.1,1,0,1,14.3,1,1,100,0,0,0,29.2,-4.6,-0.028,67.7,32.3,0,0,5.4,7.6,5.4,7.64,-2.24,0.17,0.25,7.6
2022,455,Tommy Tremble,CAR,TE,1,4,ARZ,26.027397260273972,62.5,41.2,19,50,5,13.9,1.79,0.26,9.6,48,24.1,34,17.3,6.8,11.33,3,60,19,6.33,6,2,0,0.02,0,0,0,0,1,0.053,80.4,3,12.5,0,0,4,80,1,0,1,20,0,0,0,0,0,0,35.7,-1.12,-0.253,0,15.8,78.9,5.3,6.4,8.1,6.4,8.1,-1.7,0.34,0.43,8.1
2022,456,Christian Watson,GB,WR,1,1,MIN,55.55555555555556,36.36363636363637,65.6,25,58.1,4,10.3,1.36,0.16,14.25,57,28.1,34,13.1,8.5,17,2,50,21,10.5,5,2.5,0,0.08,0,1,0,0,1,0.04,79.2,3,10.3,1,25,4,100,1,50,2,50,0,0,0,0,1,0.5,17.4,-0.26,-0.373,72,28,0,0,6.1,10.6,6.1,10.6,-4.5,0.22,0.4,10.1
2022,457,Marvin Jones,JAX,WR,1,2,IND,16.666666666666664,16.666666666666664,89.6,26,86.7,5,16.7,1.27,0.19,12.8,64,33.9,33,14,6.6,11,3,60,6,2,1,0.33,0,0.01,0,0,0,0,2,0.077,79.6,5,21.7,0,0,4,80,1,0,1,20,2,2,100,0,0,0,17.9,-1.89,0.367,92.3,7.7,0,0,6.3,6.5,6.3,6.5,-0.2,0.24,0.25,6.5
2022,458,Marvin Jones,JAX,WR,1,3,LAC,18.58974358974359,23.333333333333332,68,29,72.5,7,17.9,1.14,0.24,14.14,99,47.8,33,12.6,4.71,8.25,4,57.1,3,0.75,1,0.25,1,0.71,33.3,3,2,1,2,0.069,108.9,4,14.3,0,0,4,57.1,2,0,0,0,3,2,66.7,1,0,0,22.6,-4.45,0.115,89.7,10.3,0,0,13.3,11.3,13.3,11.29,2.01,0.46,0.39,11.3
2022,459,Tyler Boyd,CIN,WR,1,1,PIT,22.22222222222222,25,78.7,48,73.8,7,13.2,0.69,0.15,12.86,90,23,33,9.8,4.71,8.25,4,57.1,-1,-0.25,0,0,1,0.57,50,1,1,1,3,0.063,69.3,7,21.2,0,0,4,57.1,2,33.3,0,0,2,0,0,0,0,0,18.4,-4.37,-1.015,10.4,89.6,0,0,13.3,10.9,13.3,10.86,2.44,0.28,0.23,10.9
2022,460,Tyreek Hill,MIA,WR,1,3,BUF,10.21505376344086,6.153846153846154,84.6,19,86.4,4,20,1.74,0.21,9,36,20.2,33,17.7,8.25,16.5,2,50,1,0.5,0,0,0,0.01,0,0,0,0,2,0.105,78.1,4,23.5,1,25,2,50,1,50,0,0,0,0,0,0,0,0,22.2,0.36,0.089,73.7,21.1,0,5.3,5.3,5.8,5.3,5.79,-0.49,0.28,0.3,5.8
2022,461,Mike Thomas,CIN,WR,1,5,BLT,32,28.57142857142857,69.5,24,63.2,2,5.7,1.38,0.08,21,42,35.3,33,15.2,16.5,33,1,50,23,23,24,24,0,0.25,0,0,1,0,1,0.042,95.8,2,9.5,0,0,2,100,1,100,0,0,0,0,0,0,1,1,8.3,7.77,0.864,79.2,20.8,0,0,4.3,5.9,4.3,5.86,-1.56,0.18,0.24,5.9
2022,462,Mack Hollins,LV,WR,1,4,DEN,21.910112359550563,17.857142857142858,95.9,39,100,5,14.7,0.85,0.13,14.6,73,29,33,17.6,6.6,11,3,60,10,3.33,2,0.67,0,0.05,0,0,0,0,2,0.051,79.6,5,22.7,1,20,3,60,1,0,0,0,0,0,0,0,0,0,16.7,-1.84,0.197,82.1,17.9,0,0,6.3,6.5,6.3,6.55,-0.25,0.16,0.17,6.5
2022,463,JuJu Smith-Schuster,KC,WR,1,5,LV,19.897959183673468,17.94871794871795,85.5,39,81.3,7,16.3,0.85,0.18,7,49,17.8,33,11.3,4.71,11,3,42.9,13,4.33,6,2,0,0.25,0,4,1,0,2,0.051,57.4,7,24.1,0,0,5,71.4,0,0,2,28.6,2,1,50,0,0,0,20.6,-2.65,0.068,56.4,43.6,0,0,6.3,8.6,6.3,8.55,-2.25,0.16,0.22,8.6
2022,464,Jonnu Smith,NE,TE,1,1,MIA,33.33333333333333,30.76923076923077,68.5,17,51.5,4,13.3,1.94,0.24,5.5,22,8.4,33,15.5,8.25,11,3,75,31,10.33,17,5.67,0,0.01,0,0,0,0,2,0.118,99,2,12.5,1,25,3,75,1,0,0,0,0,0,0,0,4,1.33,25,0.63,0.477,17.6,23.5,58.8,0,6.3,4.9,6.3,4.91,1.39,0.37,0.29,4.9
2022,465,Jordan Akins,HST,TE,1,4,LAC,41.17647058823529,25,35.8,14,35.9,2,5.7,2.36,0.14,7,14,5.5,33,13.4,16.5,16.5,2,100,19,9.5,16,8,0,0.01,0,0,0,0,1,0.071,118.8,2,8.7,0,0,2,100,0,50,0,0,1,1,100,0,1,0.5,12.5,8.97,0.755,14.3,28.6,57.1,0,5.3,3.4,5.3,3.39,1.91,0.38,0.24,3.4
2022,466,KhaDarel Hodge,ATL,WR,1,5,TB,27.77777777777778,45.45454545454545,27.9,10,29.4,5,20,3.3,0.5,7.6,38,17.7,33,22.4,6.6,11,3,60,18,6,7,2.33,0,0.01,0,0,0,0,1,0.1,79.6,4,19,2,40,4,80,1,0,1,20,0,0,0,0,1,0.33,62.5,-0.69,0.358,80,20,0,0,8.3,7.4,8.3,7.39,0.91,0.63,0.74,7.4
2022,467,Juwan Johnson,NO,TE,1,4,MIN,11.724137931034482,18.181818181818183,49.1,17,56.7,4,14.3,1.94,0.24,11,44,14.6,33,14,8.25,11,3,75,4,1.33,2,0.67,0,0.2,0,1,0,0,1,0.059,99,4,23.5,0,0,4,100,0,0,0,0,1,0,0,0,0,0,23.5,-0.83,0.349,5.9,58.8,35.3,0,6.3,8.7,6.3,8.71,-2.41,0.37,0.51,8.7
2022,468,Albert Okwuegbunam,DEN,TE,1,1,SEA,35.714285714285715,50,65.6,30,66.7,5,11.9,1.1,0.17,2.2,11,3.7,33,9.7,6.6,6.6,5,100,22,4.4,15,3,0,0.3,0,1,0,0,2,0.067,94.2,3,13,0,0,5,100,0,0,0,0,1,1,100,0,1,0.2,16.1,0.55,0.564,13.3,50,36.7,0,8.3,9,8.3,8.99,-0.69,0.28,0.3,9
2022,469,Ben Skowronek,LA,WR,1,4,SF,22.75132275132275,10.344827586206897,87.7,43,76.8,3,6.3,0.77,0.07,10.67,32,12.3,33,13,11,16.5,2,66.7,7,3.5,4,2,0,0.11,0,1,0,0,2,0.047,103.5,2,6.3,0,0,3,100,0,0,1,33.3,0,0,0,0,0,0,7.5,2.4,0.755,48.8,41.9,4.7,4.7,5.3,7.1,5.3,7.11,-1.81,0.12,0.17,7.1
2022,470,Jelani Woods,IND,TE,1,4,TEN,17.1875,12.5,23.8,11,26.8,1,2.7,3,0.09,15,15,6.4,33,9.3,33,33,1,100,18,18,11,11,0,0.01,0,0,0,0,1,0.091,118.8,1,4.2,0,0,1,100,0,100,0,0,0,0,0,0,2,2,11.1,22.36,2.382,45.5,36.4,18.2,0,4.3,2.7,4.3,2.71,1.59,0.39,0.25,2.7
2022,471,Cameron Brate,TB,TE,1,4,KC,16.101694915254235,33.33333333333333,35.6,19,35.8,7,13.5,1.68,0.37,6.29,44,13.2,32,8.6,4.57,8,4,57.1,9,2.25,4,1,0,0.39,0,1,1,0,3,0.158,68.8,6,14.6,0,0,6,85.7,0,0,0,0,3,1,33.3,0,0,0,36.8,-2.27,0.063,5.3,52.6,42.1,0,7.2,10.6,7.2,10.63,-3.43,0.38,0.56,10.6
2022,472,Robby Anderson,CAR,WR,1,2,NYG,20.12987012987013,16,92.6,31,86.1,4,13.8,1.03,0.13,9.5,38,18.4,32,22.1,8,10.67,3,75,11,3.67,2,0.67,0,0.01,0,0,0,0,1,0.032,97.9,3,16.7,1,25,3,75,0,0,0,0,0,0,0,0,0,0,17.4,-0.51,-0.389,93.5,6.5,0,0,5.2,6.2,5.2,6.19,-0.99,0.2,0.2,6.2
2022,473,Robby Anderson,CAR,WR,1,5,SF,22.07792207792208,20,75.4,34,70.8,5,11.9,0.94,0.15,15,75,26.1,32,11.6,6.4,32,1,20,3,3,0,0,0,0.37,0,1,0,0,1,0.029,53.8,5,17.9,0,0,4,80,1,100,0,0,4,1,25,0,0,0,15.2,-2.87,0.004,88.2,11.8,0,0,4.2,8.4,4.2,8.35,-4.15,0.12,0.25,8.4
2022,474,Tyler Boyd,CIN,WR,1,5,BLT,14.351851851851851,10.714285714285714,98.3,31,81.6,3,8.6,1.03,0.1,3,9,7.6,32,14.7,10.67,10.67,3,100,23,7.67,6,2,0,0.01,0,0,0,0,2,0.065,111.1,2,9.5,1,33.3,3,100,0,0,0,0,0,0,0,0,2,0.67,9.7,3.9,0.671,25.8,74.2,0,0,6.2,5.9,6.2,5.9,0.3,0.2,0.19,5.9
2022,475,David Njoku,CLV,TE,1,2,NYJ,14.705882352941178,15.625,93.8,25,78.1,5,18.5,1.28,0.2,3.8,19,11.1,32,14,6.4,10.67,3,60,27,9,5,1.67,0,0.15,0,2,1,0,3,0.12,78.8,5,21.7,1,20,5,100,0,0,1,20,2,1,50,0,0,0,19.2,0.05,0.179,16,32,52,0,6.2,7.2,6.2,7.18,-0.98,0.25,0.29,7.2
2022,476,Irv Smith,MIN,TE,1,3,DET,16.923076923076923,18.51851851851852,52.2,22,52.4,5,12.2,1.45,0.23,6.6,33,11,32,12.3,6.4,16,2,40,18,9,5,2.5,0,0.01,0,1,1,0,2,0.091,62.1,3,12.5,1,20,3,60,0,0,1,20,1,0,0,1,0,0,21.7,-1.52,-0.247,27.3,4.5,68.2,0,5.2,5.5,5.2,5.55,-0.35,0.24,0.25,5.5
2022,477,A.J. Brown,PHI,WR,1,5,ARZ,16.86046511627907,12.5,74.6,29,72.5,6,16.7,1.1,0.21,8.5,51,42.9,32,13.4,5.33,10.67,3,50,4,1.33,2,0.67,0,0.04,0,2,0,0,2,0.069,66,6,24,1,16.7,4,66.7,0,0,1,16.7,2,2,100,0,0,0,21.4,-2.51,0.051,86.2,13.8,0,0,6.2,5.9,6.2,5.95,0.25,0.21,0.21,5.9
2022,478,Adam Trautman,NO,TE,1,5,SEA,23.404255319148938,37.5,64.9,11,40.7,3,12,2.91,0.27,13.33,40,22.2,32,15.3,10.67,16,2,66.7,7,3.5,0,0,1,0.6,50,1,0,0,1,0.091,141.7,2,14.3,0,0,3,100,0,50,0,0,1,0,0,0,0,0,25,0.65,0.561,9.1,9.1,81.8,0,11.2,9.4,11.2,9.37,1.83,1.02,0.85,9.4
2022,479,Marquise Goodwin,SEA,WR,1,3,ATL,24.705882352941178,50,43.5,21,45.7,5,11.4,1.48,0.24,13,65,15,31,9.5,6.2,15.5,2,40,6,3,5,2.5,0,0.01,0,0,0,0,1,0.048,61.3,5,16.7,0,0,3,60,1,50,0,0,2,1,50,0,0,0,23.8,-2.55,0.455,38.1,61.9,0,0,5.1,5,5.1,4.99,0.11,0.24,0.24,5
2022,480,DeAndre Carter,LAC,WR,1,3,JAX,19.07514450867052,19.047619047619047,72.4,33,70.2,4,8.9,0.94,0.12,7.5,30,8.5,31,10.4,7.75,10.33,3,75,16,5.33,4,1.33,0,0.69,0,1,1,0,2,0.061,96.9,3,14.3,0,0,4,100,0,0,0,0,1,1,100,0,0,0,13.3,0.31,-0.316,6.1,93.9,0,0,5.6,10.4,5.6,10.41,-4.81,0.18,0.31,10.1
2022,481,Chris Moore,HST,WR,1,1,IND,25,25,48.5,22,53.7,3,8.1,1.41,0.14,5.33,16,6.2,31,12.9,10.33,10.33,3,100,15,5,12,4,0,0.01,0,0,0,0,2,0.091,109.7,2,6.5,1,33.3,3,100,0,0,0,0,0,0,0,0,1,0.33,16.7,3.42,1.119,4.5,95.5,0,0,6.1,5,6.1,5.04,1.06,0.28,0.23,5
2022,482,Pharaoh Brown,HST,TE,1,3,CHI,24.59016393442623,33.33333333333333,78.9,15,45.5,4,12.5,2.07,0.27,6.25,25,11.8,31,12.7,7.75,10.33,3,75,24,8,7,2.33,0,0.02,0,0,0,0,1,0.067,96.9,3,16.7,2,50,3,75,0,33.3,0,0,0,0,0,0,0,0,19,-0.71,-0.219,0,40,60,0,6.1,5.8,6.1,5.8,0.3,0.41,0.39,5.8
2022,483,Jordan Akins,HST,TE,1,3,CHI,35.294117647058826,50,28.1,12,36.4,4,12.5,2.58,0.33,6,24,11.3,31,12.7,7.75,10.33,3,75,19,6.33,10,3.33,1,0.6,100,1,1,1,2,0.167,136.5,2,11.1,0,0,4,100,0,50,0,0,2,1,50,0,0,0,30.8,0.48,0.402,16.7,58.3,25,0,12.1,9.1,12.1,9.12,2.98,1.01,0.76,9.1
2022,484,Michael Pittman,IND,WR,1,4,TEN,16,13.725490196078432,88.9,36,87.8,7,18.9,0.86,0.19,2.86,20,8.5,31,8.7,4.43,10.33,3,42.9,11,3.67,5,1.67,0,0,0,2,2,0,1,0.028,56.3,4,16.7,0,0,3,42.9,0,0,0,0,0,0,0,1,0,0,21.9,-1.22,-0.178,58.3,41.7,0,0,6.1,5.5,6.1,5.47,0.63,0.17,0.15,5.5
2022,485,Skyy Moore,KC,WR,1,4,TB,20.454545454545457,40,28.6,9,20.9,4,10.8,3.44,0.44,15,60,21.3,31,12.4,7.75,15.5,2,50,15,7.5,2,1,0,0.05,0,0,1,0,2,0.222,76,2,7.4,0,0,2,50,1,0,0,0,0,0,0,0,0,0,40,-1.15,0.34,66.7,33.3,0,0,5.1,4.3,5.1,4.25,0.85,0.57,0.47,4.3
2022,486,Robert Woods,TEN,WR,1,4,IND,16.8141592920354,16,75,19,73.1,4,19,1.58,0.21,6,24,25.8,30,21.9,7.5,7.5,4,100,14,3.5,3,0.75,1,1.05,50,2,1,1,4,0.211,137.5,2,20,0,0,4,100,0,0,0,0,0,0,0,0,0,0,23.5,0.28,1.105,63.2,31.6,0,5.3,13,13.2,13,13.22,-0.22,0.68,0.7,13.2
2022,487,Mike Gesicki,MIA,TE,1,5,NYJ,16.417910447761194,11.11111111111111,53.2,22,61.1,2,5.9,1.36,0.09,14,28,13,30,18.1,15,30,1,50,6,6,0,0,0,0.03,0,0,0,0,1,0.045,95.8,2,11.1,0,0,2,100,1,100,1,50,1,1,100,0,0,0,8.3,4.25,0.264,18.2,59.1,22.7,0,4,3.9,4,3.95,0.05,0.18,0.18,3.9
2022,488,Foster Moreau,LV,TE,1,2,ARZ,41.46341463414634,42.857142857142854,62.3,17,41.5,3,7.7,1.76,0.18,3.67,11,4.7,30,11.9,10,10,3,100,19,6.33,4,1.33,0,0.01,0,0,0,0,2,0.118,108.3,3,9.4,1,33.3,3,100,0,0,0,0,0,0,0,0,0,0,17.6,2.35,0.37,5.9,58.8,35.3,0,6,5.7,6,5.67,0.33,0.35,0.33,5.7
2022,489,Terrace Marshall,CAR,WR,1,5,SF,56.666666666666664,80,41.5,17,35.4,4,9.5,1.76,0.24,4.5,18,6.3,30,10.9,7.5,7.5,4,100,12,3,10,2.5,0,0.01,0,0,0,0,2,0.118,97.9,4,14.3,0,0,4,100,0,0,0,0,1,1,100,0,1,0.25,28.6,1.09,0.265,88.2,11.8,0,0,7,6,7,5.96,1.04,0.41,0.35,6
2022,490,Josh Palmer,LAC,WR,1,2,KC,22.641509433962266,21.052631578947366,90.5,48,96,8,16.7,0.63,0.17,7.75,62,26.6,30,9,3.75,7.5,4,50,13,3.25,1,0.25,1,0.78,33.3,2,2,1,3,0.063,99,5,21.7,0,0,4,50,0,0,0,0,0,0,0,0,0,0,19,-3.99,0.275,66.7,33.3,0,0,13,11.4,13,11.37,1.63,0.27,0.24,11.4
2022,491,Isaiah Likely,BLT,TE,1,6,NYG,14.634146341463413,21.428571428571427,22.4,12,33.3,3,9.4,2.5,0.25,6.67,20,6.2,30,14.3,10,15,2,66.7,15,7.5,9,4.5,0,0.02,0,1,1,0,2,0.167,99.3,2,7.4,0,0,2,66.7,0,0,0,0,1,1,100,0,0,0,30,3.06,0.384,25,50,25,0,5,3.4,5,3.41,1.59,0.42,0.28,3.4
2022,492,Skyy Moore,KC,WR,1,1,ARZ,15.909090909090908,10,19.7,7,17.1,1,2.6,4.29,0.14,14,14,4.5,30,8.3,30,30,1,100,16,16,3,3,0,0.07,0,0,0,0,1,0.143,118.8,0,0,0,0,1,100,0,100,0,0,0,0,0,0,0,0,16.7,20.19,2.465,14.3,85.7,0,0,4,3.1,4,3.15,0.85,0.57,0.45,3.1
2022,493,Gerald Everett,LAC,TE,1,6,DEN,20,20,56.6,35,57.4,7,12.3,0.83,0.2,2,14,4.3,29,12.2,4.14,5.8,5,71.4,27,5.4,18,3.6,0,0.03,0,1,0,0,2,0.057,39.3,5,18.5,3,42.9,7,100,0,0,1,14.3,1,1,100,1,4,0.8,21.9,-1.92,-0.401,25.7,48.6,25.7,0,7.9,10.5,7.9,10.49,-2.59,0.23,0.3,10.5
2022,494,CeeDee Lamb,DAL,WR,1,1,TB,24.456521739130434,17.543859649122805,96.9,45,97.8,10,23.8,0.64,0.22,9.6,96,27.1,29,14.6,2.9,14.5,2,20,9,4.5,4,2,0,0,0,0,0,0,2,0.044,39.6,9,31,1,10,3,30,0,0,1,10,2,1,50,0,0,0,25.6,-5.23,-0.354,35.6,64.4,0,0,4.9,5.2,4.9,5.21,-0.31,0.11,0.12,5.2
2022,495,Ja'Marr Chase,CIN,WR,1,3,NYJ,15.019762845849801,16.39344262295082,86.4,38,97.4,10,27.8,0.76,0.26,12.3,123,41.8,29,10.5,2.9,4.83,6,60,8,1.33,1,0.17,1,1.62,33.3,2,2,1,2,0.053,97.9,10,37,0,0,10,100,2,0,1,10,1,0,0,0,0,0,29.4,-5.1,-0.482,78.9,18.4,0,2.6,13.7,28.9,13.7,28.92,-15.22,0.39,0.73,27.9
2022,496,Romeo Doubs,GB,WR,1,5,NYG,17.391304347826086,13.157894736842104,85.2,28,68.3,5,12.8,1.04,0.18,11.8,59,23,29,13.1,5.8,9.67,3,60,7,2.33,2,0.67,0,0.05,0,0,0,0,1,0.036,76.3,5,16.7,1,20,3,60,1,33.3,0,0,0,0,0,0,0,0,16.1,-2.57,-0.005,85.7,14.3,0,0,5.9,6.9,5.9,6.86,-0.96,0.21,0.25,6.9
2022,497,Cade Otton,TB,TE,1,4,KC,24.46808510638298,20,66.1,23,43.4,3,5.8,1.26,0.13,4.67,14,4.2,29,7.8,9.67,9.67,3,100,15,5,6,2,0,0,0,0,0,0,2,0.087,106.9,2,4.9,0,0,3,100,0,0,0,0,0,0,0,0,0,0,9.4,3.26,0.371,0,52.2,47.8,0,5.9,5.2,5.9,5.21,0.69,0.26,0.23,5.2
2022,498,Nelson Agholor,NE,WR,1,1,MIA,17.708333333333336,26.31578947368421,55.6,17,51.5,5,16.7,1.65,0.29,9.6,48,18.3,28,13.1,5.6,9.33,3,60,26,8.67,3,1,0,0.01,0,0,0,0,1,0.059,75.4,2,12.5,1,20,4,80,1,0,1,20,0,0,0,0,0,0,31.3,-1.78,-0.364,88.2,11.8,0,0,4.8,6.5,4.8,6.52,-1.72,0.34,0.38,6.5
2022,499,Jamison Crowder,BUF,WR,1,1,LA,16.923076923076923,33.33333333333333,31,11,28.9,4,12.9,2.55,0.36,6.25,25,11.7,28,9.4,7,9.33,3,75,16,5.33,4,1.33,0,0.01,0,0,0,0,3,0.273,54.2,3,15,1,25,4,100,0,0,0,0,1,0,0,0,0,0,40,-0.15,-0.209,9.1,90.9,0,0,5.8,6.8,5.8,6.8,-1,0.53,0.62,6.8
2022,500,Tyler Lockett,SEA,WR,1,1,DEN,12.70718232044199,9.090909090909092,77.6,23,74.2,4,14.3,1.22,0.17,7.75,31,22.3,28,14.4,7,9.33,3,75,4,1.33,-1,-0.33,0,0,0,0,0,0,2,0.087,93.8,3,15.8,0,0,3,75,0,0,0,0,0,0,0,0,0,0,17.4,-0.23,0.678,60.9,39.1,0,0,5.8,6.2,5.8,6.21,-0.41,0.25,0.27,6.2
2022,501,Johnny Mundt,MIN,TE,1,2,PHI,31.03448275862069,23.076923076923077,45.8,18,36,3,6.5,1.56,0.17,5.33,16,6.3,28,12.7,9.33,14,2,66.7,17,8.5,5,2.5,0,0.01,0,1,0,0,1,0.056,96.5,1,3.4,0,0,3,100,0,0,1,33.3,0,0,0,0,1,0.5,15.8,2.72,0.678,44.4,11.1,44.4,0,4.8,5.1,4.8,5.12,-0.32,0.27,0.28,5.1
2022,502,George Kittle,SF,TE,1,3,DEN,22,17.391304347826086,92.3,22,66.7,4,13.8,1.27,0.18,3.5,14,5.8,28,13.3,7,7,4,100,14,3.5,8,2,0,0.01,0,1,0,0,0,0,95.8,4,22.2,0,0,4,100,0,0,0,0,1,1,100,0,0,0,15.4,0.47,0.205,18.2,18.2,59.1,4.5,6.8,6.2,6.8,6.2,0.6,0.31,0.28,6.2
2022,503,Evan Engram,JAX,TE,1,1,WAS,21.875,12.5,71,35,77.8,4,9.5,0.8,0.11,6,24,6.6,28,10.2,7,7,4,100,4,1,3,0.75,0,0.05,0,0,0,0,1,0.029,95.8,4,13.3,0,0,4,100,0,0,0,0,2,2,100,0,0,0,13.8,0.08,0.523,25.7,40,34.3,0,6.8,6.1,6.8,6.12,0.68,0.19,0.17,6.1
2022,504,Josh Reynolds,DET,WR,1,1,PHI,18.823529411764707,9.090909090909092,80.3,32,82.1,3,8.1,0.88,0.09,14.33,43,14.5,28,13,9.33,28,1,33.3,9,9,5,5,0,0.01,0,1,1,0,1,0.031,68.8,3,11.1,0,0,2,66.7,0,100,1,33.3,0,0,0,0,0,0,9.1,-0.89,0.284,56.3,43.8,0,0,3.8,6,3.8,5.98,-2.18,0.12,0.19,6
2022,505,Russell Gage,TB,WR,1,2,NO,15.476190476190476,17.142857142857142,64.6,26,74.3,6,17.6,1.08,0.23,1.67,10,3.4,28,14.7,4.67,5.6,5,83.3,19,3.8,7,1.4,0,0.01,0,0,0,0,1,0.038,86.1,6,20,2,33.3,5,83.3,0,0,0,0,0,0,0,0,1,0.2,22.2,-1,-0.093,38.5,61.5,0,0,7.8,8.4,7.8,8.43,-0.63,0.3,0.32,8.4
2022,506,Diontae Johnson,PIT,WR,1,6,TB,15.454545454545453,12.727272727272727,95.1,34,100,7,23.3,0.82,0.21,6,42,23.3,28,13.3,4,5.6,5,71.4,0,0,0,0,0,0.14,0,2,0,0,2,0.059,78.3,6,33.3,0,0,7,100,0,0,0,0,1,1,100,1,0,0,26.9,-2.55,-0.11,79.4,20.6,0,0,8.6,13.6,8.6,13.55,-4.95,0.23,0.37,12.6
2022,507,Kendall Blanton,LA,TE,1,3,ARZ,14.285714285714285,50,10.9,1,3.7,1,4,28,1,6,6,3,28,11.2,28,28,1,100,22,22,4,4,0,0,0,0,0,0,1,1,118.8,0,0,0,0,1,100,0,100,0,0,0,0,0,0,0,0,50,20.91,1.833,0,0,100,0,3.8,1.9,3.8,1.88,1.92,3.8,1.88,1.9
2022,508,Colby Parkinson,SEA,TE,1,4,DET,10.344827586206897,25,34.9,6,18.8,2,6.7,4.67,0.33,0.5,1,0.3,28,8.8,14,14,2,100,27,13.5,9,4.5,0,0.01,0,0,0,0,2,0.333,118.8,2,7.7,0,0,2,100,0,0,0,0,0,0,0,0,0,0,33.3,8.47,1.167,0,0,100,0,4.8,3.2,4.8,3.16,1.64,0.8,0.53,3.2
2022,509,Josiah Deguara,GB,TE,1,1,MIN,44.44444444444444,33.33333333333333,24.6,8,18.6,2,5.1,3.5,0.25,8,16,7.9,28,10.8,14,14,2,100,12,6,2,1,0,0,0,0,0,0,2,0.25,118.8,2,6.9,0,0,2,100,0,0,0,0,0,0,0,0,0,0,25,6.63,0.015,0,87.5,0,12.5,4.8,4.1,4.8,4.06,0.74,0.6,0.51,4.1
2022,510,Tyrie Cleveland,DEN,WR,1,2,HST,62.5,75,41.5,15,42.9,3,9.7,1.87,0.2,5,15,5.3,28,12.8,9.33,14,2,66.7,17,8.5,11,5.5,0,0.01,0,0,0,0,1,0.067,96.5,1,6.3,0,0,2,66.7,0,0,0,0,0,0,0,0,2,1,27.3,2.88,0.577,53.3,46.7,0,0,4.8,3.7,4.8,3.66,1.14,0.32,0.24,3.7
2022,511,Adam Thielen,MIN,WR,1,5,CHI,17.78846153846154,14.285714285714285,95.9,37,84.1,6,14.3,0.73,0.16,6.5,39,24.7,27,8.5,4.5,6.75,4,66.7,11,2.75,5,1.25,0,0.09,0,2,1,0,2,0.054,36.8,4,14.8,0,0,4,66.7,0,0,0,0,0,0,0,0,0,0,16.2,-2.56,-0.65,70.3,29.7,0,0,6.7,7.4,6.7,7.42,-0.72,0.18,0.2,7.4
2022,512,Demarcus Robinson,BLT,WR,1,6,NYG,23.47826086956522,29.411764705882355,77.6,27,75,5,15.6,1,0.19,11,55,17.1,27,12.9,5.4,9,3,60,11,3.67,4,1.33,0,0.01,0,0,1,0,1,0.037,74.6,4,14.8,1,20,4,80,1,0,1,20,0,0,0,0,0,0,21.7,-2.54,0.261,96.3,3.7,0,0,5.7,7.4,5.7,7.38,-1.68,0.21,0.27,7.4
2022,513,Corey Davis,NYJ,WR,1,3,CIN,25.945945945945947,13.793103448275861,88.2,48,85.7,4,7.7,0.56,0.08,13.75,55,12.7,27,9.5,6.75,13.5,2,50,3,1.5,1,0.5,0,0.01,0,0,0,0,1,0.021,71.9,2,6.9,0,0,3,75,0,50,0,0,2,1,50,1,0,0,10,-3.07,-0.072,85.4,14.6,0,0,4.7,4.9,4.7,4.88,-0.18,0.1,0.1,4.9
2022,514,O.J. Howard,HST,TE,1,4,LAC,48.97959183673469,50,77.4,24,61.5,5,14.3,1.13,0.21,14.8,74,29.1,27,11,5.4,13.5,2,40,2,1,0,0,0,0.04,0,0,0,0,1,0.042,18.3,4,17.4,0,0,4,80,2,50,0,0,4,2,50,0,0,0,20.8,-5.11,-0.486,8.3,8.3,83.3,0,4.7,5.3,4.7,5.29,-0.59,0.2,0.22,5.3
2022,515,Brandon Powell,LA,WR,1,3,ARZ,16,30,13,4,14.8,3,12,6.75,0.75,-3,-9,-4.4,27,10.8,9,9,3,100,36,12,5,1.67,0,0.03,0,1,0,0,1,0.25,104.2,3,15.8,3,100,3,100,0,0,0,0,0,0,0,0,0,0,60,4.03,0.948,75,25,0,0,5.7,4.4,5.7,4.39,1.31,1.43,1.1,4.4
2022,516,Brandon Powell,LA,WR,1,6,CAR,44,50,38.1,11,32.4,5,15.2,2.45,0.45,4.4,22,16.5,27,10.7,5.4,6.75,4,80,25,6.25,3,0.75,0,0.11,0,3,1,0,1,0.091,89.2,5,20,2,40,4,80,1,0,0,0,1,1,100,0,0,0,41.7,-1.11,0.443,36.4,18.2,0,45.5,8,7.1,8,7.13,0.87,0.61,0.52,5.7
2022,517,Hayden Hurst,CIN,TE,1,4,MIA,12.903225806451612,13.793103448275861,55.6,24,68.6,4,12.5,1.13,0.17,0.75,3,1,27,8.7,6.75,9,3,75,21,7,12,4,1,0.63,50,1,0,0,2,0.083,132.3,1,5.6,0,0,3,75,0,0,0,0,0,0,0,0,3,1,15.4,0.85,1.215,20.8,16.7,58.3,4.2,11.7,8.3,11.7,8.26,3.44,0.49,0.34,8.3
2022,518,Noah Fant,SEA,TE,1,3,ATL,19.801980198019802,17.391304347826086,55.1,20,43.5,4,9.1,1.35,0.2,5.25,21,4.8,27,8.3,6.75,6.75,4,100,6,1.5,5,1.25,0,0,0,0,0,0,1,0.05,94.8,2,6.7,0,0,4,100,0,0,0,0,0,0,0,0,1,0.25,16.7,-0.13,0.029,20,50,30,0,6.7,7.5,6.7,7.47,-0.77,0.34,0.37,7.5
2022,519,Kendall Hinton,DEN,WR,1,3,SF,29.72972972972973,16.666666666666664,41.4,22,55,1,3,1.23,0.05,27,27,13.4,27,14.7,27,27,1,100,0,0,0,0,0,0.03,0,0,0,0,1,0.045,118.8,0,0,0,0,1,100,1,100,0,0,0,0,0,0,0,0,5.6,15.09,2.962,81.8,18.2,0,0,3.7,4.1,3.7,4.12,-0.42,0.17,0.19,4.1
2022,520,Giovanni Ricci,CAR,TE,1,5,SF,27.027027027027028,50,27.7,10,20.8,3,7.1,2.7,0.3,1.67,5,1.7,27,9.8,9,9,3,100,22,7.33,10,3.33,0,0.01,0,0,0,0,0,0,104.2,3,10.7,0,0,3,100,0,0,0,0,0,0,0,0,2,0.67,30,2.71,0.194,0,80,10,10,5.7,5,5.7,5.04,0.66,0.57,0.5,5
2022,521,Tee Higgins,CIN,WR,1,1,PIT,8.441558441558442,5.555555555555555,26.6,13,20,2,3.8,2.08,0.15,9.5,19,4.8,27,8,13.5,13.5,2,100,8,4,5,2.5,0,0,0,0,0,0,2,0.154,118.8,1,3,0,0,2,100,0,0,0,0,0,0,0,0,1,0.5,22.2,5.59,0.986,76.9,23.1,0,0,4.7,3.5,4.7,3.54,1.16,0.36,0.27,3.5
2022,522,George Pickens,PIT,WR,1,6,TB,15.384615384615385,17.142857142857142,82,30,88.2,6,20,0.9,0.2,9.5,57,31.7,27,12.8,4.5,9,3,50,1,0.33,0,0,0,0.01,0,1,1,0,1,0.033,62.5,5,27.8,0,0,3,50,0,0,0,0,1,1,100,0,0,0,25,-3.55,-0.026,83.3,16.7,0,0,5.8,6.1,5.8,6.08,-0.28,0.19,0.19,5.6
2022,523,Garrett Wilson,NYJ,WR,1,5,MIA,10.588235294117647,6.666666666666667,57.1,18,75,3,14.3,1.5,0.17,4.33,13,6.5,27,12.9,9,9,3,100,14,4.67,11,3.67,0,0.04,0,0,0,0,3,0.167,104.2,3,23.1,0,0,3,100,0,0,0,0,1,1,100,0,2,0.67,23.1,2.49,0.956,33.3,61.1,5.6,0,5.7,5,5.7,4.97,0.73,0.32,0.28,5
2022,524,Jelani Woods,IND,TE,1,6,JAX,31.25,37.5,37.8,20,34.5,3,5.2,1.35,0.15,14.33,43,12.5,27,6.9,9,13.5,2,66.7,3,1.5,2,1,1,0.29,33.3,1,1,1,2,0.1,134.7,3,10.3,0,0,3,100,0,0,0,0,0,0,0,0,0,0,15.8,-1.4,0.873,15,50,35,0,10.7,6.9,10.7,6.86,3.84,0.53,0.34,6.9
2022,525,Romeo Doubs,GB,WR,1,2,CHI,7.453416149068323,7.894736842105263,37.9,12,41.4,3,12,2.25,0.25,-0.67,-2,-1.6,27,11.5,9,13.5,2,66.7,30,15,4,2,0,0.02,0,1,0,0,0,0,95.1,3,16.7,3,100,3,100,0,50,1,33.3,0,0,0,0,0,0,27.3,3.4,-0.062,83.3,16.7,0,0,4.7,5,4.7,5,-0.3,0.39,0.42,5
2022,526,Marquise Goodwin,SEA,WR,1,6,ARZ,22.35294117647059,20,43.9,19,50,2,6.5,1.37,0.11,6,12,5.4,26,13.2,13,13,2,100,14,7,2,1,0,0.1,0,1,0,0,2,0.105,118.8,2,7.1,0,0,2,100,0,100,0,0,0,0,0,0,0,0,13.3,6.29,0.48,36.8,63.2,0,0,4.6,4.2,4.6,4.24,0.36,0.24,0.22,4.2
2022,527,Robby Anderson,CAR,WR,1,4,ARZ,23.376623376623375,20,96.1,36,94.7,5,13.9,0.72,0.14,11.8,59,29.6,26,13.2,5.2,8.67,3,60,10,3.33,5,1.67,0,0.01,0,0,0,0,1,0.028,73.8,5,20.8,0,0,4,80,1,0,1,20,0,0,0,0,0,0,16.1,-3.6,0.026,83.3,16.7,0,0,5.6,8.4,5.6,8.43,-2.83,0.16,0.23,8.4
2022,528,Mo Alie-Cox,IND,TE,1,1,HST,17.75700934579439,14.285714285714285,54.4,19,35.2,2,4,1.37,0.11,5.5,11,3.3,26,7.4,13,13,2,100,15,7.5,10,5,0,0,0,0,0,0,2,0.105,118.8,2,6.3,0,0,2,100,0,0,0,0,1,1,100,0,0,0,9.5,6.21,1.21,0,47.4,52.6,0,4.6,2.9,4.6,2.86,1.74,0.24,0.15,2.9
2022,529,Dan Arnold,JAX,TE,1,4,PHI,9.523809523809524,25,10.9,2,7.4,1,4.3,13,0.5,2,2,1.3,26,14.9,26,26,1,100,24,24,10,10,0,0,0,0,0,0,1,0.5,118.8,1,4.8,0,0,1,100,0,100,0,0,0,0,0,0,0,0,100,19.63,1.767,0,0,100,0,3.6,1.6,3.6,1.64,1.96,1.8,0.82,1.6
2022,530,Dallas Goedert,PHI,TE,1,3,WAS,12.962962962962962,11.76470588235294,64.7,21,51.2,4,11.4,1.24,0.19,-0.25,-1,-0.3,26,7.6,6.5,8.67,3,75,32,10.67,17,5.67,1,0.25,33.3,1,0,0,1,0.048,131.3,4,15.4,2,50,3,75,0,50,0,0,0,0,0,0,1,0.33,19,0.73,0.444,9.5,47.6,38.1,4.8,11.6,6.3,11.6,6.33,5.27,0.55,0.3,6.3
2022,531,T.J. Hockenson,DET,TE,1,2,WAS,19.594594594594593,20.588235294117645,88.5,29,78.4,7,20.6,0.9,0.24,6.86,48,15.9,26,10.2,3.71,8.67,3,42.9,7,2.33,1,0.33,0,0.08,0,1,0,0,1,0.034,53.3,4,19,0,0,6,85.7,0,0,1,14.3,2,1,50,0,0,0,22.6,-3.6,-0.324,37.9,34.5,27.6,0,5.6,9.7,5.6,9.69,-4.09,0.19,0.33,9.7
2022,532,Tyler Davis,GB,TE,1,3,TB,23.076923076923077,50,31.1,6,16.7,2,5.7,4.33,0.33,1.5,3,1.9,26,10.2,13,13,2,100,23,11.5,4,2,0,0.06,0,0,0,0,1,0.167,118.8,0,0,0,0,2,100,0,50,0,0,0,0,0,0,0,0,25,7.19,0.502,33.3,0,66.7,0,4.6,3.2,4.6,3.23,1.37,0.77,0.54,3.2
2022,533,Chase Claypool,PIT,WR,1,2,NE,16.587677725118482,16.216216216216218,91.4,35,94.6,6,18.2,0.74,0.17,5,30,11.8,26,15.5,4.33,6.5,4,66.7,7,1.75,6,1.5,0,0.01,0,0,0,0,1,0.029,75.7,6,26.1,0,0,4,66.7,0,0,0,0,1,0,0,0,0,0,18.2,-2.07,0.104,20,80,0,0,6.6,6.9,6.6,6.94,-0.34,0.19,0.2,6.9
2022,534,Nico Collins,HST,WR,1,1,IND,23.62204724409449,11.538461538461538,66.2,30,73.2,3,8.1,0.87,0.1,11,33,12.7,26,10.8,8.67,13,2,66.7,6,3,1,0.5,0,0.01,0,0,0,0,1,0.033,93.8,3,9.7,0,0,2,66.7,0,0,0,0,0,0,0,0,0,0,10.7,0.28,-0.705,83.3,16.7,0,0,4.6,4.6,4.6,4.62,-0.02,0.15,0.15,4.6
2022,535,Noah Gray,KC,TE,1,3,IND,12.698412698412698,15.384615384615385,41.7,8,19.5,2,5.6,3.25,0.25,3.5,7,2.6,26,9.9,13,26,1,50,19,19,9,9,0,0,0,0,0,0,1,0.125,95.8,1,5.3,0,0,1,50,0,100,0,0,0,0,0,0,0,0,25,6.7,-0.924,12.5,37.5,50,0,3.6,1.9,3.6,1.93,1.67,0.45,0.24,1.9
2022,536,Travis Kelce,KC,TE,1,5,LV,19,15.686274509803921,76.8,38,79.2,8,18.6,0.66,0.21,8.13,65,23.6,25,8.6,3.13,3.57,7,87.5,13,1.86,10,1.43,4,2.72,100,5,2,2,5,0.132,119.3,6,20.7,1,12.5,7,87.5,1,0,0,0,1,1,100,0,3,0.43,22.9,-2.84,0.769,42.1,39.5,18.4,0,33.5,25.1,33.5,25.14,8.36,0.88,0.66,25.1
2022,537,Jarvis Landry,NO,WR,1,2,TB,36.36363636363637,25,66.7,36,76.6,5,12.5,0.69,0.14,4.2,21,4,25,10.6,5,6.25,4,80,14,3.5,2,0.5,0,0.01,0,0,0,0,0,0,47.9,5,15.6,0,0,4,80,0,0,0,0,0,0,0,0,0,0,17.2,-1.4,-1.961,22.2,72.2,2.8,2.8,6.5,6.8,6.5,6.79,-0.29,0.18,0.19,6.8
2022,538,Marcus Johnson,NYG,WR,1,6,BLT,48.93617021276596,57.14285714285714,59.7,23,71.9,4,14.8,1.09,0.17,15,60,33.9,25,14.5,6.25,12.5,2,50,13,6.5,4,2,0,0.5,0,1,1,0,2,0.087,69.8,4,16.7,1,25,3,75,1,0,1,25,0,0,0,0,0,0,22.2,-3.23,0.389,87,13,0,0,4.5,8.1,4.5,8.14,-3.64,0.2,0.35,8.1
2022,539,Eric Saubert,DEN,TE,1,4,LV,35.61643835616438,16.666666666666664,75,26,83.9,2,8,0.96,0.08,16.5,33,11.6,25,10.5,12.5,25,1,50,8,8,2,2,0,0.01,0,0,0,0,1,0.038,95.8,1,5.3,0,0,1,50,0,100,0,0,0,0,0,0,0,0,9.1,1.56,0.218,7.7,50,42.3,0,3.5,2.9,3.5,2.88,0.62,0.13,0.11,2.9
2022,540,Jonnu Smith,NE,TE,1,3,BLT,29.411764705882355,30.76923076923077,49.2,15,37.5,4,12.5,1.67,0.27,0.5,2,0.5,25,7.8,6.25,6.25,4,100,23,5.75,12,3,0,0.11,0,2,0,0,1,0.067,92.7,3,15,2,50,4,100,0,0,0,0,0,0,0,0,0,0,30.8,0.47,0.631,13.3,20,60,6.7,6.5,6.7,6.5,6.68,-0.18,0.43,0.45,6.7
2022,541,Gerald Everett,LAC,TE,1,3,JAX,17.71428571428571,17.142857142857142,74.1,31,66,6,13.3,0.81,0.19,13,78,22,25,8.4,4.17,12.5,2,33.3,11,5.5,4,2,0,0.02,0,0,0,0,1,0.032,47.2,4,19,0,0,3,50,1,0,0,0,1,0,0,0,0,0,20,-5.91,-0.061,3.2,48.4,48.4,0,4.5,6.1,4.5,6.12,-1.62,0.15,0.2,6.1
2022,542,Hunter Renfrow,LV,WR,1,5,KC,24.444444444444443,20,51.8,22,66.7,4,13.3,1.14,0.18,5.25,21,6.6,25,10.4,6.25,6.25,4,100,4,1,4,1,0,0.02,0,0,0,0,1,0.045,92.7,4,23.5,0,0,4,100,0,0,0,0,0,0,0,0,1,0.25,19,-0.51,0.357,13.6,86.4,0,0,6.5,7.1,6.5,7.08,-0.58,0.3,0.32,7.1
2022,543,Dawson Knox,BUF,TE,1,3,MIA,26.573426573426573,20,71.1,38,53.5,4,6.3,0.66,0.11,0.75,3,0.9,25,6.3,6.25,6.25,4,100,22,5.5,16,4,0,0.03,0,0,0,0,1,0.026,92.7,2,5.3,0,0,4,100,0,0,0,0,1,1,100,0,2,0.5,10.3,0.37,0.043,18.4,39.5,26.3,15.8,6.5,6.1,6.5,6.08,0.42,0.17,0.16,6.1
2022,544,Devin Duvernay,BLT,WR,1,3,NE,16.417910447761194,8,59.3,22,64.7,2,6.9,1.14,0.09,11.5,23,8.6,25,11.5,12.5,12.5,2,100,10,5,2,1,1,0.74,25,1,1,1,2,0.091,158.3,1,5.6,0,0,2,100,0,100,0,0,1,1,100,1,0,0,11.8,3.82,2.649,72.7,27.3,0,0,10.3,9.5,10.3,9.54,0.76,0.48,0.34,7.6
2022,545,K.J. Osborn,MIN,WR,1,2,PHI,21.428571428571427,7.6923076923076925,76.3,36,72,2,4.3,0.69,0.06,4,8,3.1,25,11.3,12.5,12.5,2,100,17,8.5,8,4,0,0,0,0,0,0,2,0.056,118.8,1,3.4,0,0,2,100,0,0,0,0,0,0,0,0,1,0.5,5.7,6.36,1.425,52.8,47.2,0,0,4.5,3.5,4.5,3.46,1.04,0.13,0.1,3.5
2022,546,Brock Wright,DET,TE,1,2,WAS,15.384615384615385,100,36.1,4,10.8,1,2.9,6.25,0.25,13,13,4.3,25,9.8,25,25,1,100,12,12,5,5,0,0.02,0,0,0,0,1,0.25,118.8,1,4.8,0,0,1,100,0,100,0,0,0,0,0,0,0,0,14.3,15.04,2.065,25,50,0,25,3.5,2.7,3.5,2.72,0.78,0.88,0.68,2.7
2022,547,Ben Skowronek,LA,WR,1,1,BUF,20.634920634920633,20.689655172413794,87.9,39,79.6,6,14.6,0.64,0.15,11,66,28.7,25,10.4,4.17,6.25,4,66.7,10,2.5,5,1.25,0,0.01,0,0,0,0,2,0.051,75,5,19.2,0,0,4,66.7,1,0,0,0,0,0,0,0,0,0,18.2,-3.67,-0.002,43.6,56.4,0,0,6.5,6.8,6.5,6.8,-0.3,0.17,0.17,6.8
2022,548,Jaelon Darden,TB,WR,1,3,GB,45.45454545454545,100,27.1,15,33.3,1,2.4,1.67,0.07,15,15,6.6,25,9.2,25,25,1,100,10,10,5,5,0,0,0,0,0,0,1,0.067,118.8,1,2.9,0,0,1,100,0,100,0,0,0,0,0,0,0,0,7.1,14.59,1.372,86.7,13.3,0,0,3.5,2.7,3.5,2.72,0.78,0.23,0.18,2.7
2022,549,Kyle Pitts,ATL,TE,1,4,CLV,13.48314606741573,16,61.8,12,60,4,21.1,2.08,0.33,14.75,59,27.1,25,18,6.25,25,1,25,6,6,2,2,0,0,0,0,0,0,1,0.083,53.1,3,27.3,0,0,3,75,1,100,0,0,2,0,0,0,0,0,30.8,-2.92,-0.246,33.3,33.3,16.7,16.7,3.5,5.2,3.5,5.24,-1.74,0.29,0.44,5.2
2022,550,Josh Palmer,LAC,WR,1,4,HST,11.320754716981133,2.631578947368421,56.7,24,60,1,2.6,1.04,0.04,23,23,8.3,25,7.4,25,25,1,100,2,2,0,0,0,0.05,0,0,0,0,1,0.042,118.8,1,5,0,0,1,100,1,100,0,0,0,0,0,0,0,0,4.2,14.78,1.532,50,50,0,0,3.5,3.8,3.5,3.84,-0.34,0.15,0.16,3.8
2022,551,DeVante Parker,NE,WR,1,4,GB,13.725490196078432,9.090909090909092,96.6,21,84,2,9.5,1.14,0.1,6.5,13,13.1,24,17.6,12,12,2,100,11,5.5,0,0,1,0.57,100,1,0,0,1,0.048,156.3,2,13.3,1,50,2,100,0,100,0,0,0,0,0,0,0,0,10,4.05,1.111,100,0,0,0,10.4,7.4,10.4,7.43,2.97,0.5,0.35,7.4
2022,552,Darren Waller,LV,TE,1,4,DEN,24.817518248175183,20.833333333333336,79.7,34,87.2,5,14.7,0.71,0.15,14.6,73,29,24,12.8,4.8,8,3,60,2,0.67,0,0,0,0.59,0,2,0,0,1,0.029,72.1,5,22.7,0,0,4,80,1,0,1,20,0,0,0,0,0,0,17.9,-2.71,0.205,8.8,61.8,29.4,0,5.4,10.9,5.4,10.95,-5.55,0.16,0.32,10.9
2022,553,George Kittle,SF,TE,1,4,LA,19,17.391304347826086,93.9,19,67.9,4,14.8,1.26,0.21,7.25,29,21.2,24,10,6,12,2,50,10,5,6,3,0,0.9,0,1,1,0,1,0.053,68.8,3,16.7,0,0,3,75,0,50,0,0,1,1,100,0,0,0,16.7,-1.45,-0.105,10.5,31.6,57.9,0,4.4,9.5,4.4,9.52,-5.12,0.23,0.5,9.5
2022,554,Pharaoh Brown,HST,TE,1,2,DEN,31.147540983606557,33.33333333333333,72.9,19,46.3,4,10.5,1.26,0.21,4.5,18,5.5,24,13.6,6,8,3,75,20,6.67,9,3,0,0.01,0,0,0,0,1,0.053,89.6,3,11.1,0,0,3,75,0,0,0,0,1,1,100,1,0,0,18.2,-0.97,0.16,0,26.3,73.7,0,5.4,4.2,5.4,4.24,1.16,0.28,0.22,4.2
2022,555,Equanimeous St. Brown,CHI,WR,1,5,MIN,15.454545454545453,15.384615384615385,61.7,17,58.6,2,9.5,1.41,0.12,9.5,19,10.9,24,11.5,12,12,2,100,5,2.5,2,1,0,0.01,0,0,0,0,1,0.059,116.7,1,7.1,1,50,2,100,0,0,0,0,1,1,100,0,0,0,13.3,3.01,1.031,70.6,29.4,0,0,4.4,3.7,4.4,3.75,0.65,0.26,0.22,3.7
2022,556,Russell Gage,TB,WR,1,4,KC,16.666666666666664,11.428571428571429,61,28,52.8,4,7.7,0.86,0.14,6.75,27,8.1,24,6.5,6,12,2,50,11,5.5,2,1,0,0.01,0,0,0,0,1,0.036,72.9,4,9.8,0,0,3,75,0,0,0,0,1,0,0,0,0,0,13.3,-0.92,-0.462,92.9,7.1,0,0,4.4,5,4.4,5.02,-0.62,0.16,0.18,5
2022,557,Michael Gallup,DAL,WR,1,4,WAS,32.35294117647059,20,61.4,22,75.9,3,11.1,1.09,0.14,12.33,37,15.4,24,10.8,8,12,2,66.7,0,0,1,0.5,1,0.82,50,1,1,1,2,0.091,130.6,0,0,0,0,2,66.7,0,0,0,0,1,1,100,0,0,0,16.7,-1.12,1.481,90.9,9.1,0,0,10.4,8.4,10.4,8.36,2.04,0.47,0.38,8.4
2022,558,Christian Kirk,JAX,WR,1,6,IND,11.827956989247312,12.5,91.5,22,81.5,5,22.7,1.09,0.23,5.4,27,28.1,24,13.8,4.8,6,4,80,-1,-0.25,-9,-2.25,1,0.97,100,1,1,1,1,0.045,118.8,5,25,1,20,4,80,0,0,0,0,0,0,0,0,0,0,22.7,-2.09,-0.078,40.9,59.1,0,0,12.8,12.9,12.8,12.86,-0.06,0.56,0.57,12.5
2022,559,Hayden Hurst,CIN,TE,1,2,DAL,20.43010752688172,24.137931034482758,80.6,38,84.4,7,19.4,0.63,0.18,3.71,26,12.7,24,12.1,3.43,4.8,5,71.4,18,3.6,7,1.4,0,0.04,0,0,0,0,2,0.053,75.9,7,25.9,1,14.3,6,85.7,1,0,0,0,1,0,0,0,0,0,23.3,-2.99,0.082,10.5,26.3,63.2,0,7.4,9.9,7.4,9.94,-2.54,0.19,0.26,9.9
2022,560,Ben Ellefson,MIN,TE,1,3,DET,50,66.66666666666666,16.4,3,7.1,2,4.9,8,0.67,7,14,4.7,24,9.2,12,12,2,100,10,5,-1,-0.5,0,0,0,0,0,0,2,0.667,116.7,2,8.3,0,0,2,100,0,0,0,0,1,1,100,0,0,0,40,4.48,0.769,0,0,100,0,4.4,3.4,4.4,3.4,1,1.47,1.13,3.4
2022,561,Dezmon Patmon,IND,WR,1,2,JAX,100,100,45.8,14,40,5,16.7,1.71,0.36,13.8,69,25.8,24,12.3,4.8,12,2,40,8,4,6,3,0,0.28,0,1,1,0,1,0.071,55.4,3,15.8,0,0,5,100,1,0,1,20,3,1,33.3,0,0,0,38.5,-4,-0.638,78.6,21.4,0,0,4.4,9.4,4.4,9.45,-5.05,0.31,0.67,9.4
2022,562,Josh Palmer,LAC,WR,1,5,CLV,14.622641509433961,15.789473684210526,72.5,31,81.6,6,17.6,0.77,0.19,5.5,33,18.6,24,10.5,4,8,3,50,9,3,3,1,0,0.58,0,1,0,0,2,0.065,60.4,6,20.7,0,0,5,83.3,0,0,2,33.3,0,0,0,0,0,0,21.4,-2.61,-0.079,64.5,35.5,0,0,5.4,11.4,5.4,11.4,-6,0.17,0.37,11.4
2022,563,Tre' McKitty,LAC,TE,1,1,LV,15.384615384615385,66.66666666666666,58.5,12,34.3,4,11.8,2,0.33,3.75,15,6.4,24,8.6,6,8,3,75,13,4.33,6,2,0,0.06,0,1,0,0,0,0,89.6,1,5,0,0,4,100,0,0,1,25,0,0,0,0,0,0,23.5,-0.23,-0.022,25,8.3,66.7,0,5.4,6.6,5.4,6.58,-1.18,0.45,0.55,6.6
2022,564,Trey McBride,ARZ,TE,1,4,CAR,20,100,41.4,4,11.4,3,9.4,6,0.75,4,12,6.2,24,11.6,8,8,3,100,12,4,3,1,0,0.05,0,0,0,0,1,0.25,100,2,10.5,1,33.3,3,100,0,0,0,0,1,1,100,0,0,0,42.9,1.26,0.553,25,25,50,0,5.4,5,5.4,5.02,0.38,1.35,1.25,5
2022,565,Skyy Moore,KC,WR,1,6,BUF,29.545454545454547,30,31.1,13,27.7,3,7.5,1.85,0.23,7.67,23,11,24,7.1,8,24,1,33.3,12,12,12,12,0,0,0,0,0,0,1,0.077,23.6,1,5.3,0,0,1,33.3,0,100,0,0,0,0,0,0,0,0,30,0.61,-0.603,53.8,46.2,0,0,3.4,2.3,3.4,2.27,1.13,0.26,0.17,2.3
2022,566,Allen Robinson,LA,WR,1,3,ARZ,8.542713567839195,17.24137931034483,91.3,17,63,5,20,1.35,0.29,7,35,17.2,23,9.2,4.6,11.5,2,40,9,4.5,1,0.5,0,0.29,0,3,1,0,1,0.059,54.6,4,21.1,0,0,3,60,0,0,1,20,1,0,0,0,0,0,21.7,-2.37,-0.172,64.7,35.3,0,0,4.3,6.8,4.3,6.76,-2.46,0.25,0.4,6.8
2022,567,Johnny Mundt,MIN,TE,1,3,DET,12.068965517241379,15.384615384615385,40.3,7,16.7,2,4.9,3.29,0.29,-0.5,-1,-0.3,23,8.8,11.5,11.5,2,100,24,12,21,10.5,0,0.02,0,0,0,0,2,0.286,114.6,2,8.3,1,50,2,100,0,0,0,0,0,0,0,0,2,1,20,5.17,0.681,0,14.3,85.7,0,4.3,3.1,4.3,3.13,1.17,0.61,0.45,3.1
2022,568,Kendrick Bourne,NE,WR,1,4,GB,22.388059701492537,21.428571428571427,44.8,15,60,3,14.3,1.53,0.2,7.33,22,22.2,23,16.9,7.67,11.5,2,66.7,13,6.5,4,2,0,0,0,0,0,0,2,0.133,89.6,3,20,1,33.3,2,66.7,0,0,0,0,0,0,0,0,0,0,25,-0.2,0.413,66.7,33.3,0,0,5.8,4.4,5.8,4.4,1.4,0.29,0.26,3.9
2022,569,Robert Tonyan,GB,TE,1,5,NYG,16.964285714285715,12.903225806451612,44.3,19,46.3,4,10.3,1.21,0.21,-2,-8,-3.1,23,10.4,5.75,5.75,4,100,31,7.75,5,1.25,0,0.03,0,1,0,0,3,0.158,90.6,2,6.7,1,25,4,100,0,0,0,0,1,1,100,0,0,0,22.2,0.14,0.469,31.6,31.6,36.8,0,6.3,5.7,6.3,5.67,0.63,0.33,0.3,5.7
2022,570,Zay Jones,JAX,WR,1,2,IND,15.032679738562091,10.81081081081081,65.7,23,76.7,4,13.3,1,0.17,5.75,23,12.2,23,9.8,5.75,7.67,3,75,10,3.33,4,1.33,0,0.01,0,0,0,0,1,0.043,88.5,2,8.7,0,0,4,100,0,0,0,0,1,0,0,0,0,0,16.7,-1.1,0.844,43.5,56.5,0,0,5.3,6.3,5.3,6.32,-1.02,0.23,0.27,6.3
2022,571,Durham Smythe,MIA,TE,1,3,BUF,19.230769230769234,42.857142857142854,76.9,10,45.5,3,15,2.3,0.3,2.33,7,3.9,23,12.4,7.67,7.67,3,100,16,5.33,4,1.33,0,0,0,0,0,0,1,0.1,98.6,2,11.8,0,0,3,100,0,0,0,0,0,0,0,0,0,0,25,1.77,-0.126,0,40,50,10,5.3,5,5.3,4.99,0.31,0.53,0.5,5
2022,572,Mike Gesicki,MIA,TE,1,4,CIN,16.417910447761194,16.666666666666664,45,22,56.4,3,8.1,1.05,0.14,9.67,29,7.6,23,7.6,7.67,11.5,2,66.7,4,2,0,0,0,0.01,0,0,0,0,1,0.045,50,2,9.1,0,0,2,66.7,0,50,0,0,0,0,0,0,0,0,13.6,-1.17,-1.586,9.1,59.1,22.7,9.1,4.3,4.5,4.3,4.49,-0.19,0.2,0.2,4.5
2022,573,Irv Smith,MIN,TE,1,4,NO,20,14.814814814814813,62.7,26,61.9,4,10.3,0.88,0.15,6.75,27,9.6,23,8,5.75,7.67,3,75,15,5,7,2.33,0,0.02,0,1,0,0,1,0.038,49,3,11.1,0,0,3,75,0,0,0,0,0,0,0,0,0,0,17.4,-1.44,-0.232,42.3,19.2,38.5,0,5.3,4.9,5.3,4.93,0.37,0.2,0.19,4.9
2022,574,Trevon Wesco,CHI,TE,1,4,NYG,50,100,26.7,4,11.4,2,9.1,5.75,0.5,7.5,15,8.1,23,13.9,11.5,23,1,50,10,10,4,4,0,0.01,0,0,0,0,1,0.25,91.7,1,6.3,0,0,2,100,0,100,1,50,0,0,0,0,1,1,40,3.33,0.421,25,25,50,0,3.3,4.2,3.3,4.15,-0.85,0.82,1.04,4.2
2022,575,Darnell Mooney,CHI,WR,1,3,HST,14.383561643835616,16.129032258064516,93.5,21,84,5,29.4,1.1,0.24,11.2,56,45.2,23,21.7,4.6,11.5,2,40,2,1,1,0.5,0,0.04,0,0,0,0,1,0.048,15,4,33.3,1,20,4,80,1,0,2,40,0,0,0,0,0,0,35.7,-3.86,-0.48,38.1,57.1,0,4.8,4.3,8,4.3,8.01,-3.71,0.2,0.38,8
2022,576,Mike Strachan,IND,WR,1,2,JAX,44,37.5,68.8,22,62.9,3,10,1.05,0.14,18,54,20.2,23,11.8,7.67,23,1,33.3,2,2,0,0,0,0.03,0,2,2,0,1,0.045,61.8,1,5.3,0,0,1,33.3,2,100,0,0,0,0,0,0,0,0,15,-2.67,-0.519,95.5,4.5,0,0,3.3,2,3.3,1.96,1.34,0.15,0.09,2
2022,577,Jaylen Waddle,MIA,WR,1,5,NYJ,14.210526315789473,8.16326530612245,74.2,27,75,4,11.8,0.85,0.15,3.75,15,7,23,13.9,5.75,7.67,3,75,12,4,5,1.67,0,0.03,0,0,0,0,2,0.074,88.5,2,11.1,1,25,3,75,0,0,0,0,0,0,0,0,1,0.33,16,-0.61,0.28,74.1,25.9,0,0,5.3,5.4,5.3,5.41,-0.11,0.2,0.2,5.4
2022,578,Cole Turner,WAS,TE,1,6,CHI,48.78048780487805,50,92.5,20,80,2,9.1,1.15,0.1,7.5,15,11.1,23,23.2,11.5,11.5,2,100,8,4,4,2,0,0,0,0,0,0,1,0.05,114.6,2,13.3,0,0,2,100,0,0,0,0,0,0,0,0,0,0,10.5,3.47,0.693,10,65,25,0,4.3,4.2,4.3,4.16,0.14,0.21,0.21,4.2
2022,579,Armani Rogers,WAS,TE,1,1,JAX,5.555555555555555,100,5.7,1,2.2,1,2.4,23,1,-4,-4,-1.5,23,7.3,23,23,1,100,27,27,2,2,0,0,0,0,0,0,1,1,118.8,1,3.3,1,100,1,100,0,100,0,0,0,0,0,0,0,0,100,16.66,1.338,0,0,100,0,3.3,1.5,3.3,1.51,1.79,3.3,1.51,1.5
2022,580,George Pickens,PIT,WR,1,2,NE,16.923076923076923,8.571428571428571,84.5,33,89.2,3,9.1,0.7,0.09,28,84,33.1,23,13.7,7.67,23,1,33.3,3,3,0,0,0,0.03,0,0,0,0,1,0.03,61.8,2,8.7,0,0,2,66.7,3,100,0,0,1,0,0,1,0,0,9.7,-4.58,-0.021,81.8,18.2,0,0,3.3,5.1,3.3,5.12,-1.82,0.1,0.16,5.1
2022,581,Khalil Shakir,BUF,WR,1,4,BLT,18.181818181818183,18.181818181818183,24.2,8,19,2,5.6,2.88,0.25,4,8,3.5,23,10.8,11.5,11.5,2,100,15,7.5,11,5.5,0,0.01,0,0,0,0,2,0.25,114.6,1,5.6,1,50,2,100,0,0,0,0,0,0,0,0,1,0.5,28.6,5,0.926,25,75,0,0,4.3,3.7,4.3,3.74,0.56,0.54,0.47,3.7
2022,582,Daniel Bellinger,NYG,TE,1,4,CHI,8.045977011494253,18.75,59,7,31.8,3,18.8,3.29,0.43,7.33,22,16.1,23,28,7.67,7.67,3,100,1,0.33,5,1.67,0,0.03,0,0,0,0,1,0.143,98.6,2,20,0,0,3,100,0,0,0,0,0,0,0,0,0,0,50,0.51,0.445,0,0,100,0,5.3,5.9,5.3,5.91,-0.61,0.76,0.84,5.9
2022,583,Cade Otton,TB,TE,1,6,PIT,15.957446808510639,20,54.4,15,35.7,3,7.5,1.53,0.2,10.67,32,12.1,23,9.5,7.67,11.5,2,66.7,4,2,2,1,0,0.42,0,1,0,0,1,0.067,89.6,3,12,0,0,3,100,0,0,0,0,0,0,0,0,0,0,17.6,-1.22,0.713,13.3,20,66.7,0,4.3,7.9,4.3,7.88,-3.58,0.29,0.53,7.9
2022,584,Marquise Goodwin,SEA,WR,1,1,DEN,16.470588235294116,20,51,14,45.2,2,7.1,1.57,0.14,11,22,15.8,22,11.3,11,11,2,100,0,0,1,0.5,0,0.01,0,0,0,0,1,0.071,112.5,0,0,0,0,2,100,0,0,0,0,0,0,0,0,0,0,12.5,2.48,0.617,42.9,57.1,0,0,4.2,4.7,4.2,4.68,-0.48,0.3,0.33,4.7
2022,585,Brandin Cooks,HST,WR,1,3,CHI,18.181818181818183,15.384615384615385,84.2,28,84.8,6,18.8,0.79,0.21,10.17,61,28.8,22,9,3.67,11,2,33.3,11,5.5,10,5,0,0.09,0,1,1,0,1,0.036,5.6,6,33.3,0,0,6,100,0,0,0,0,3,0,0,0,0,0,20.7,-4.53,-1.006,89.3,10.7,0,0,4.2,10.1,4.2,10.06,-5.86,0.15,0.36,10.1
2022,586,Jarvis Landry,NO,WR,1,3,CAR,13.131313131313133,25,29.7,13,31,5,12.2,1.69,0.38,14.4,72,16,22,6.2,4.4,11,2,40,4,2,1,0.5,0,0,0,1,1,0,1,0.077,53.8,3,11.5,0,0,2,40,1,0,0,0,0,0,0,0,0,0,35.7,-4.87,-0.591,15.4,84.6,0,0,4.2,4.4,4.2,4.36,-0.16,0.32,0.34,4.4
2022,587,Darren Waller,LV,TE,1,3,TEN,29.1970802919708,20.833333333333336,70.8,40,83.3,5,11.1,0.55,0.13,8.8,44,11.3,22,7.2,4.4,7.33,3,60,7,2.33,3,1,0,0.48,0,2,0,0,1,0.025,30.8,5,15.2,1,20,5,100,1,0,1,20,2,1,50,0,0,0,14.7,-4.28,-0.949,22.5,67.5,10,0,5.2,12.4,5.2,12.42,-7.22,0.13,0.31,12.4
2022,588,Cody Hollister,TEN,WR,1,1,NYG,18.75,100,13.3,3,8.6,1,3,7.33,0.33,22,22,8,22,8.3,22,22,1,100,0,0,0,0,0,0.52,0,0,0,0,1,0.333,118.8,1,4.3,0,0,1,100,1,100,0,0,0,0,0,1,0,0,33.3,10.08,1.269,100,0,0,0,3.2,6.5,3.2,6.52,-3.32,1.07,2.17,6.5
2022,589,Anthony Firkser,ATL,TE,1,3,SEA,14.814814814814813,25,14.8,4,16,1,5,5.5,0.25,14,14,5.4,22,9.6,22,22,1,100,8,8,4,4,0,0,0,0,0,0,1,0.25,118.8,1,6.7,0,0,1,100,0,100,0,0,0,0,0,0,0,0,25,11.72,1.528,25,25,50,0,3.2,2.6,3.2,2.64,0.56,0.8,0.66,2.6
2022,590,Eric Saubert,DEN,TE,1,2,HST,6.8493150684931505,16.666666666666664,35.4,5,14.3,2,6.5,4.4,0.4,13.5,27,9.6,22,10,11,22,1,50,0,0,0,0,1,0.49,100,0,1,1,1,0.2,129.2,2,12.5,0,0,1,50,1,100,0,0,1,1,100,0,0,0,25,0.12,0.995,0,20,80,0,9.2,4.7,9.2,4.74,4.46,1.84,0.95,4.7
2022,591,Robert Tonyan,GB,TE,1,4,NE,14.285714285714285,6.451612903225806,43.7,16,43.2,2,5.7,1.38,0.13,8.5,17,5.8,22,8.8,11,11,2,100,5,2.5,1,0.5,1,0.27,50,2,0,0,1,0.063,152.1,2,8.3,1,50,2,100,0,50,0,0,1,1,100,0,1,0.5,11.1,3.28,1.552,18.8,50,31.3,0,10.2,4.4,10.2,4.42,5.78,0.64,0.28,4.4
2022,592,Kenny Golladay,NYG,WR,1,1,TEN,42.857142857142854,33.33333333333333,75.9,18,60,2,9.5,1.22,0.11,6,12,9,22,11.7,11,11,2,100,10,5,5,2.5,0,0,0,0,0,0,1,0.056,112.5,2,16.7,0,0,2,100,0,0,0,0,1,1,100,0,0,0,15.4,4.05,0.377,88.9,11.1,0,0,4.2,3.1,4.2,3.1,1.1,0.23,0.17,3.1
2022,593,Byron Pringle,CHI,WR,1,1,SF,57.14285714285714,66.66666666666666,17.9,4,17.4,2,11.8,5.5,0.5,27,54,39.1,22,18.2,11,22,1,50,2,2,0,0,0,0,0,0,1,0,1,0.25,89.6,2,16.7,0,0,1,50,2,100,0,0,0,0,0,0,0,0,66.7,-1.43,0.322,50,50,0,0,3.2,3.4,3.2,3.38,-0.18,0.8,0.85,3.4
2022,594,Dallas Goedert,PHI,TE,1,6,DAL,14.19753086419753,14.705882352941178,98.5,23,76.7,5,20,0.96,0.22,5.4,27,30.7,22,14.2,4.4,11,2,40,13,6.5,3,1.5,0,0.03,0,1,0,0,2,0.087,53.8,5,26.3,0,0,3,60,0,0,1,20,0,0,0,0,0,0,25,-2.26,0.458,4.3,34.8,60.9,0,4.2,5.1,4.2,5.09,-0.89,0.18,0.22,5.1
2022,595,Jordan Akins,HST,TE,1,5,JAX,23.52941176470588,25,17.9,8,32,2,8.3,2.75,0.25,6.5,13,10.9,22,15.7,11,11,2,100,9,4.5,4,2,0,0.01,0,0,0,0,2,0.25,112.5,2,10,0,0,2,100,0,0,0,0,1,1,100,0,0,0,22.2,3.9,1.794,37.5,25,37.5,0,4.2,3.2,4.2,3.16,1.04,0.53,0.4,3.2
2022,596,Ian Thomas,CAR,TE,1,6,LA,5.357142857142857,13.333333333333334,52.3,3,13,2,9.5,7.33,0.67,-2.5,-5,-19.2,22,18.5,11,11,2,100,27,13.5,12,6,0,0,0,0,0,0,1,0.333,112.5,2,11.1,1,50,2,100,0,0,0,0,0,0,0,0,0,0,25,4.55,0.525,0,0,100,0,4.2,3.1,4.2,3.15,1.05,1.4,1.05,3.1
2022,597,Tanner Hudson,NYG,TE,1,2,CAR,21.951219512195124,60,37.1,18,41.9,3,8.8,1.22,0.17,9.67,29,14.1,22,12.5,7.33,11,2,66.7,5,2.5,2,1,0,0.05,0,0,0,0,2,0.111,88.2,1,5.9,0,0,3,100,0,0,0,0,0,0,0,0,0,0,17.6,-1.23,0.431,27.8,38.9,27.8,5.6,4.2,6.8,4.2,6.78,-2.58,0.23,0.38,6.8
2022,598,Parker Hesse,ATL,TE,1,4,CLV,16.3265306122449,20,87.3,8,40,1,5.3,2.75,0.13,17,17,7.8,22,15.8,22,22,1,100,5,5,4,4,0,0.06,0,0,0,0,1,0.125,118.8,0,0,0,0,1,100,0,100,0,0,0,0,0,0,0,0,7.7,10.32,2.354,12.5,0,87.5,0,3.2,3.2,3.2,3.24,-0.04,0.4,0.41,3.2
2022,599,Parris Campbell,IND,WR,1,5,DEN,18.37606837606838,12,93.2,43,89.6,3,7.3,0.51,0.07,6,18,8.2,22,8.8,7.33,11,2,66.7,18,9,11,5.5,0,0.01,0,0,0,0,2,0.047,88.2,2,11.1,1,33.3,3,100,0,0,0,0,0,0,0,0,1,0.5,8.8,-0.12,0.225,30.2,69.8,0,0,4.2,5.9,4.2,5.87,-1.67,0.1,0.14,5.9
2022,600,Jauan Jennings,SF,WR,1,4,LA,12.048192771084338,20,36.7,10,35.7,4,14.8,2.2,0.4,7.75,31,22.6,22,9.2,5.5,11,2,50,10,5,5,2.5,0,0.01,0,0,0,0,2,0.2,66.7,2,11.1,0,0,3,75,0,0,1,25,0,0,0,0,0,0,40,-1.97,0.209,30,70,0,0,4.2,5.3,4.2,5.35,-1.15,0.42,0.53,5.3
2022,601,Shi Smith,CAR,WR,1,3,NO,7.913669064748201,11.76470588235294,35.6,11,39.3,2,8,2,0.18,8,16,12,22,12.9,11,11,2,100,6,3,2,1,0,0.06,0,0,0,0,1,0.091,112.5,1,6.7,1,50,2,100,0,50,0,0,0,0,0,0,0,0,20,2.8,0.617,45.5,54.5,0,0,4.2,5,4.2,5,-0.8,0.38,0.45,5
2022,602,Quintin Morris,BUF,TE,1,3,MIA,29.03225806451613,28.57142857142857,31.1,18,25.4,2,3.2,1.22,0.11,8,16,4.8,22,5.5,11,11,2,100,6,3,1,0.5,0,0.01,0,0,0,0,2,0.111,112.5,2,5.3,0,0,2,100,0,0,0,0,0,0,0,0,0,0,11.1,2.67,1.227,33.3,33.3,22.2,11.1,4.2,4.3,4.2,4.27,-0.07,0.23,0.24,4.3
2022,603,Kylen Granson,IND,TE,1,1,HST,23.893805309734514,28.57142857142857,55.6,27,50,6,12,0.81,0.22,5.5,33,9.9,22,6.3,3.67,7.33,3,50,12,4,3,1,0,0.01,0,0,0,0,1,0.037,59,4,12.5,0,0,4,66.7,0,0,1,16.7,1,0,0,0,0,0,23.1,-3.34,-0.161,7.4,44.4,48.1,0,5.2,6.7,5.2,6.73,-1.53,0.19,0.25,6.7
2022,604,Pat Freiermuth,PIT,TE,1,2,NE,22.131147540983605,22.58064516129032,81,27,73,7,21.2,0.81,0.26,4.86,34,13.4,22,13.1,3.14,5.5,4,57.1,18,4.5,8,2,1,0.65,100,1,1,1,1,0.037,102.4,5,21.7,1,14.3,7,100,0,0,1,14.3,0,0,0,0,0,0,26.9,-3.86,-0.191,7.4,48.1,44.4,0,12.2,14.6,12.2,14.63,-2.43,0.45,0.54,14.6
2022,605,Peyton Hendershot,DAL,TE,1,6,PHI,44.89795918367347,62.5,60.9,22,57.9,5,13.2,1,0.23,10.6,53,18.1,22,12.2,4.4,11,2,40,-1,-0.5,1,0.5,0,0.01,0,0,0,0,2,0.091,53.8,4,16,0,0,3,60,0,0,0,0,2,2,100,0,0,0,23.8,-4.1,-0.679,4.5,77.3,18.2,0,4.2,3.8,4.2,3.8,0.4,0.19,0.17,3.8
2022,606,Daniel Bellinger,NYG,TE,1,5,GB,17.24137931034483,12.5,71.2,15,48.4,2,7.4,1.47,0.13,5,10,8.7,22,10.1,11,11,2,100,12,6,4,2,0,0,0,0,0,0,2,0.133,112.5,1,5,0,0,2,100,0,0,0,0,0,0,0,0,0,0,13.3,4.19,1.192,6.7,13.3,80,0,10.4,7.6,10.4,7.57,2.83,0.28,0.24,3.6
2022,607,Pharaoh Brown,CLV,TE,1,6,NE,19.672131147540984,25,0,12,24.5,3,6.7,1.75,0.25,11.67,35,6.7,21,7.9,7,10.5,2,66.7,19,9.5,7,3.5,0,0,0,0,0,0,2,0.167,47.2,1,3.3,0,0,2,66.7,1,0,0,0,0,0,0,0,0,0,25,-0.35,-0.669,0,50,50,0,4.1,3.3,4.1,3.35,0.75,0.34,0.28,3.3
2022,608,Isaiah McKenzie,BUF,WR,1,4,BLT,18.333333333333332,20,50,22,52.4,5,13.9,0.95,0.23,4.2,21,9.2,21,9.9,4.2,5.25,4,80,6,1.5,2,0.5,1,0.39,100,2,0,0,2,0.091,123.8,4,22.2,1,20,5,100,0,0,0,0,1,0,0,0,0,0,29.4,-1.97,0.751,9.1,90.9,0,0,12.1,9.3,12.1,9.32,2.78,0.55,0.42,9.3
2022,609,Will Dissly,SEA,TE,1,5,NO,14.942528735632186,18.75,61.2,13,43.3,3,12,1.62,0.23,5,15,4.8,21,7.8,7,10.5,2,66.7,11,5.5,4,2,0,0,0,0,0,0,1,0.077,86.8,2,11.1,0,0,3,100,0,0,1,33.3,0,0,0,0,0,0,27.3,0.49,0.257,0,23.1,69.2,7.7,4.1,5.5,4.1,5.49,-1.39,0.32,0.42,5.5
2022,610,Hayden Hurst,CIN,TE,1,6,NO,15.053763440860216,10.344827586206897,70.4,28,66.7,3,8.1,0.75,0.11,4.67,14,6.1,21,7,7,7,3,100,7,2.33,4,1.33,0,0,0,0,0,0,0,0,95.8,2,7.7,0,0,3,100,0,0,0,0,0,0,0,0,0,0,12.5,0.37,0.44,17.9,32.1,50,0,5.1,5.2,5.1,5.22,-0.12,0.18,0.19,5.2
2022,611,Hunter Renfrow,LV,WR,1,1,LAC,41.11111111111111,30,82.1,37,86,6,16.2,0.57,0.16,5.83,35,10.4,21,7.1,3.5,7,3,50,8,2.67,3,1,0,0.01,0,0,0,0,2,0.054,18.8,4,18.2,0,0,3,50,0,0,0,0,2,0,0,0,0,0,20.7,-3.08,-0.61,5.4,91.9,0,2.7,5.1,5.1,5.1,5.15,-0.05,0.14,0.14,5.1
2022,612,Olamide Zaccheaus,ATL,WR,1,2,LA,14.893617021276595,11.11111111111111,41.1,14,43.8,2,7.7,1.5,0.14,7.5,15,8.2,21,10.7,10.5,10.5,2,100,6,3,1,0.5,1,0.24,50,1,0,0,2,0.143,150,1,5,0,0,2,100,0,0,0,0,0,0,0,0,0,0,15.4,3.3,1.364,64.3,35.7,0,0,10.1,5.1,10.1,5.06,5.04,0.72,0.36,5.1
2022,613,Josh Oliver,BLT,TE,1,6,NYG,20.930232558139537,60,34.5,9,25,3,9.4,2.33,0.33,8,24,7.5,21,10,7,10.5,2,66.7,1,0.5,1,0.5,0,0.01,0,1,0,0,1,0.111,86.8,3,11.1,0,0,2,66.7,0,0,0,0,0,0,0,1,0,0,30,-0.48,0.354,22.2,22.2,55.6,0,4.1,4.3,4.1,4.33,-0.23,0.46,0.48,4.3
2022,614,Jack Stoll,PHI,TE,1,6,DAL,15.909090909090908,33.33333333333333,44.1,7,23.3,1,4,3,0.14,4,4,4.5,21,13.5,21,21,1,100,17,17,2,2,0,0,0,0,0,0,1,0.143,118.8,0,0,0,0,1,100,0,100,0,0,0,0,0,0,0,0,11.1,14.93,2.209,0,0,100,0,3.1,1.6,3.1,1.64,1.46,0.44,0.23,1.6
2022,615,Romeo Doubs,GB,WR,1,6,NYJ,24.84472049689441,23.684210526315788,97.1,40,81.6,9,20,0.53,0.23,12.89,116,30.8,21,8.3,2.33,5.25,4,44.4,10,2.5,1,0.25,0,0.01,0,0,0,0,0,0,51.6,7,21.9,1,11.1,7,77.8,2,0,1,11.1,3,1,33.3,0,0,0,21.4,-6.49,-0.653,75,25,0,0,6.1,11,6.1,11.04,-4.94,0.15,0.28,11
2022,616,A.J. Green,ARZ,WR,1,5,PHI,18.30985915492958,25,71,26,59.1,5,11.9,0.77,0.19,15,75,28.2,20,8,4,6.67,3,60,4,1.33,2,0.67,0,0,0,0,0,0,2,0.077,68.8,3,10,0,0,3,60,2,0,0,0,1,1,100,1,0,0,16.7,-4.21,0.314,88.5,11.5,0,0,5,4.4,5,4.45,0.55,0.19,0.17,4.4
2022,617,Brandin Cooks,HST,WR,1,5,JAX,12.987012987012985,15.384615384615385,76.8,20,80,6,25,1,0.3,4.67,28,23.5,20,14.3,3.33,5,4,66.7,19,4.75,3,0.75,0,0.01,0,0,0,0,0,0,71.5,5,25,1,16.7,6,100,0,0,0,0,1,0,0,0,1,0.25,28.6,-3.4,-0.42,60,40,0,0,6,10.5,6,10.53,-4.53,0.3,0.53,10.5
2022,618,Hunter Henry,NE,TE,1,1,MIA,20.8,14.285714285714285,79.6,26,78.8,3,10,0.77,0.12,12,36,13.7,20,9.4,6.67,10,2,66.7,6,3,2,1,0,0.01,0,0,0,0,1,0.038,85.4,1,6.3,0,0,3,100,1,0,0,0,1,0,0,0,0,0,12,-1.8,-0.792,7.7,46.2,46.2,0,4,5.3,4,5.33,-1.33,0.15,0.2,5.3
2022,619,Dan Arnold,JAX,TE,1,5,HST,33.33333333333333,50,11,7,14,2,4.3,2.86,0.29,9.5,19,4.1,20,7.1,10,20,1,50,4,4,0,0,0,0.03,0,1,0,0,1,0.143,85.4,2,5.7,0,0,2,100,0,100,1,50,0,0,0,0,0,0,25,1.74,0.402,0,71.4,28.6,0,3,4.5,3,4.46,-1.46,0.43,0.64,4.5
2022,620,Equanimeous St. Brown,CHI,WR,1,3,HST,17.272727272727273,15.384615384615385,87.1,19,76,2,11.8,1.05,0.11,9.5,19,15.3,20,18.9,10,20,1,50,11,11,2,2,0,0.23,0,0,0,0,1,0.053,85.4,1,8.3,0,0,1,50,0,100,0,0,0,0,0,0,0,0,14.3,2.52,0.358,78.9,21.1,0,0,7.3,4.3,7.3,4.3,3,0.16,0.17,3.3
2022,621,Ray-Ray McCloud,SF,WR,1,1,CHI,17.307692307692307,28.57142857142857,26.9,9,26.5,2,7.1,2.22,0.22,13.5,27,14.4,20,12.2,10,20,1,50,1,1,0,0,0,0.01,0,0,0,0,1,0.111,85.4,2,10.5,0,0,1,50,0,100,0,0,0,0,0,0,0,0,33.3,0.28,0.131,55.6,44.4,0,0,3,3.1,3,3.13,-0.13,0.33,0.35,3.1
2022,622,Russell Gage,TB,WR,1,5,ATL,20.238095238095237,17.142857142857142,73.3,34,65.4,6,11.5,0.59,0.18,9.33,56,15.6,20,5.7,3.33,10,2,33.3,10,5,4,2,0,0.01,0,1,0,0,1,0.029,43.8,4,13.8,0,0,3,50,1,0,1,16.7,0,0,0,0,0,0,16.2,-4.13,-0.358,50,50,0,0,6,5.2,6,5.16,0.84,0.12,0.15,5.2
2022,623,Russell Gage,TB,WR,1,6,PIT,16.666666666666664,11.428571428571429,77.9,28,66.7,4,10,0.71,0.14,12.5,50,18.9,20,8.2,5,10,2,50,4,2,1,0.5,0,0.45,0,4,2,0,1,0.036,64.6,2,8,0,0,3,75,0,0,0,0,2,1,50,0,0,0,13.8,-4.59,0.161,85.7,14.3,0,0,4,6.3,4,6.29,-2.29,0.14,0.22,6.3
2022,624,Cedrick Wilson,MIA,WR,1,1,NE,26.31578947368421,28.57142857142857,47.5,15,41.7,2,6.1,1.33,0.13,8,16,6.4,20,7.4,10,10,2,100,4,2,1,0.5,0,0.01,0,0,0,0,0,0,108.3,1,4.8,0,0,2,100,0,0,0,0,1,1,100,0,0,0,15.4,2.45,-0.046,60,40,0,0,4.8,3.3,4.8,3.33,1.47,0.27,0.19,2.8
2022,625,Cedrick Wilson,MIA,WR,1,5,NYJ,19.298245614035086,57.14285714285714,25.8,11,30.6,4,11.8,1.82,0.36,16.25,65,30.2,20,12,5,10,2,50,16,8,6,3,0,0.01,0,0,1,0,1,0.091,64.6,3,16.7,1,25,3,75,2,0,0,0,1,0,0,0,0,0,33.3,-4.6,0.252,54.5,45.5,0,0,4,5.3,4,5.29,-1.29,0.36,0.48,5.3
2022,626,David Sills,NYG,WR,1,3,DAL,25.24271844660194,28.57142857142857,62.7,26,53.1,4,10.8,0.77,0.15,12.25,49,24.5,20,10.2,5,10,2,50,-1,-0.5,-1,-0.5,0,0.01,0,0,0,0,2,0.077,25,4,21.1,0,0,2,50,0,0,0,0,1,1,100,0,0,0,22.2,-3.82,-0.037,96.2,3.8,0,0,4,3.6,4,3.64,0.36,0.15,0.14,3.6
2022,627,Deebo Samuel,SF,WR,1,5,CAR,15.822784810126583,19.148936170212767,80.3,25,78.1,9,30,0.8,0.36,9.22,83,36.6,20,7.9,2.22,10,2,22.2,9,4.5,4,2,1,0.91,50,3,2,1,2,0.08,76.6,5,21.7,1,11.1,6,66.7,0,0,2,22.2,3,1,33.3,0,1,0.5,34.6,-5.7,0.059,76,24,0,0,11.2,15.5,11.2,15.54,-4.34,0.4,0.58,14.5
2022,628,Kendall Hinton,DEN,WR,1,2,HST,31.08108108108108,16.666666666666664,73.8,23,65.7,1,3.2,0.87,0.04,9,9,3.2,20,9.1,20,20,1,100,11,11,6,6,0,0,0,0,0,0,1,0.043,118.8,1,6.3,0,0,1,100,0,100,0,0,0,0,0,0,0,0,5.6,12.55,1.903,56.5,43.5,0,0,3,2.2,3,2.17,0.83,0.13,0.09,2.2
2022,629,Tim Jones,JAX,WR,1,6,IND,52.17391304347826,50,40.7,12,44.4,1,4.5,1.67,0.08,5,5,5.2,20,11.5,20,20,1,100,15,15,12,12,0,0.01,0,0,0,0,1,0.083,118.8,1,5,0,0,1,100,0,100,0,0,0,0,0,0,1,1,7.7,13.64,2.058,83.3,16.7,0,0,3,1.7,3,1.71,1.29,0.25,0.14,1.7
2022,630,Logan Thomas,WAS,TE,1,4,DAL,24.347826086956523,31.57894736842105,76.1,28,62.2,6,14.3,0.68,0.21,2.83,17,5.4,19,11.2,3.17,3.8,5,83.3,7,1.4,3,0.6,0,0.02,0,0,0,0,2,0.071,79.9,4,16,0,0,5,83.3,0,0,0,0,1,1,100,0,0,0,20.7,-2.98,-0.057,3.6,85.7,10.7,0,6.9,7.4,6.9,7.37,-0.47,0.25,0.26,7.4
2022,631,Geoff Swaim,TEN,TE,1,1,NYG,31.818181818181817,50,73.3,14,40,4,12.1,1.36,0.29,0.25,1,0.4,19,7.1,4.75,6.33,3,75,20,6.67,5,1.67,0,0.53,0,1,0,0,1,0.071,84.4,3,13,1,25,4,100,0,0,1,25,0,0,0,0,0,0,23.5,-1.53,0.065,14.3,21.4,64.3,0,4.9,9.2,4.9,9.17,-4.27,0.35,0.66,9.2
2022,632,Geoff Swaim,TEN,TE,1,3,LV,20.454545454545457,37.5,69.1,9,32.1,3,11.1,2.11,0.33,4.33,13,7.2,19,7.2,6.33,6.33,3,100,6,2,1,0.33,1,1,100,1,0,0,2,0.222,132.6,3,16.7,0,0,3,100,0,0,0,0,0,0,0,0,0,0,23.1,-0.19,0.515,0,11.1,77.8,11.1,10.9,11,10.9,10.97,-0.07,1.21,1.22,11
2022,633,Austin Hooper,TEN,TE,1,2,BUF,20.481927710843372,44.44444444444444,52.8,17,60.7,4,16.7,1.12,0.24,10.75,43,25.1,19,15.4,4.75,19,1,25,3,3,0,0,0,0.01,0,1,1,0,1,0.059,46.9,1,8.3,0,0,2,50,0,0,0,0,2,0,0,0,0,0,26.7,-3.9,-0.149,11.8,58.8,29.4,0,2.9,3.8,2.9,3.76,-0.86,0.17,0.22,3.8
2022,634,Austin Hooper,TEN,TE,1,3,LV,13.253012048192772,22.22222222222222,41.8,11,39.3,2,7.4,1.73,0.18,4.5,9,5,19,7.2,9.5,9.5,2,100,10,5,2,1,0,0.01,0,0,0,0,1,0.091,106.3,1,5.6,0,0,2,100,0,0,0,0,0,0,0,0,0,0,18.2,2.75,0.82,9.1,45.5,45.5,0,3.9,3.7,3.9,3.67,0.23,0.35,0.33,3.7
2022,635,Demarcus Robinson,BLT,WR,1,1,NYJ,14.782608695652174,23.52941176470588,43.4,17,50,4,13.3,1.12,0.24,9.75,39,11.2,19,8.9,4.75,9.5,2,50,9,4.5,6,3,0,0.04,0,1,0,0,1,0.059,24,4,17.4,0,0,3,75,1,0,0,0,1,0,0,0,1,0.5,26.7,-2.22,-0.385,64.7,35.3,0,0,3.9,5.6,3.9,5.65,-1.75,0.23,0.33,5.6
2022,636,Isaiah McKenzie,BUF,WR,1,1,LA,16.666666666666664,12,43.1,20,52.6,3,9.7,0.95,0.15,6.67,20,9.4,19,6.4,6.33,9.5,2,66.7,4,2,0,0,1,0.79,33.3,1,0,0,2,0.1,84,2,10,0,0,3,100,0,0,0,0,1,0,0,0,0,0,16.7,-0.41,-0.927,25,75,0,0,9.9,9.7,9.9,9.72,0.18,0.49,0.49,9.7
2022,637,Jesper Horsted,LV,TE,1,5,KC,94.73684210526315,100,57.1,18,54.5,3,10,1.06,0.17,4.67,14,4.4,19,7.9,6.33,6.33,3,100,5,1.67,7,2.33,0,0.01,0,0,0,0,0,0,93.1,2,11.8,0,0,3,100,0,0,0,0,1,1,100,0,0,0,15,-0.01,0.204,16.7,55.6,27.8,0,4.9,4.5,4.9,4.52,0.38,0.27,0.25,4.5
2022,638,Quez Watkins,PHI,WR,1,5,ARZ,19.82758620689655,50,59.2,23,57.5,4,11.1,0.83,0.17,0.5,2,1.7,19,7.9,4.75,6.33,3,75,23,7.67,13,4.33,0,0.33,0,1,1,0,0,0,84.4,4,16,3,75,4,100,0,0,0,0,1,0,0,0,1,0.33,15.4,-0.88,-0.089,26.1,73.9,0,0,4.9,7.1,4.9,7.13,-2.23,0.21,0.31,7.1
2022,639,Josiah Deguara,GB,TE,1,5,NYG,11.11111111111111,33.33333333333333,13.1,2,4.9,2,5.1,9.5,1,1,2,0.8,19,8.6,9.5,9.5,2,100,17,8.5,1,0.5,0,0,0,0,0,0,1,0.5,106.3,1,3.3,1,50,2,100,0,0,0,0,0,0,0,0,0,0,50,3.67,0.814,0,50,0,50,3.9,3.3,3.9,3.34,0.56,1.95,1.67,3.3
2022,640,John Bates,WAS,TE,1,4,DAL,15,38.46153846153847,38,9,20,5,11.9,2.11,0.56,2.4,12,3.8,19,11.2,3.8,4.75,4,80,14,3.5,2,0.5,0,0.01,0,0,0,0,1,0.111,82.5,2,8,0,0,5,100,0,0,0,0,0,0,0,0,1,0.25,50,-2.27,-0.344,0,77.8,22.2,0,5.9,8.2,5.9,8.22,-2.32,0.66,0.91,8.2
2022,641,Kyle Pitts,ATL,TE,1,1,NO,25.842696629213485,28.000000000000004,84.5,23,60.5,7,21.2,0.83,0.3,11.86,83,30.4,19,8.8,2.71,9.5,2,28.6,6,3,2,1,0,0.08,0,0,0,0,1,0.043,39.6,7,30.4,0,0,4,57.1,2,0,0,0,2,0,0,0,0,0,24.1,-6.25,-0.226,21.7,39.1,39.1,0,3.9,7,3.9,6.97,-3.07,0.17,0.3,7
2022,642,Kyle Pitts,ATL,TE,1,2,LA,28.08988764044944,12,92.9,25,78.1,3,11.5,0.76,0.12,8.33,25,13.7,19,9.7,6.33,9.5,2,66.7,3,1.5,1,0.5,0,0.13,0,1,1,0,1,0.04,84,1,5,0,0,3,100,0,0,0,0,2,1,50,0,0,0,12,-1.04,0.154,24,52,24,0,3.9,4.6,3.9,4.61,-0.71,0.16,0.18,4.6
2022,643,Kyle Pitts,ATL,TE,1,6,SF,14.606741573033707,12,55.4,13,76.5,3,21.4,1.46,0.23,6.67,20,23.8,19,14.7,6.33,6.33,3,100,3,1,0,0,1,0.95,50,1,1,1,1,0.077,132.6,2,15.4,0,0,3,100,0,0,0,0,0,0,0,0,0,0,27.3,-0.76,0.74,30.8,53.8,15.4,0,10.9,10.7,10.9,10.67,0.23,0.84,0.82,10.7
2022,644,Anthony Schwartz,CLV,WR,1,1,CAR,25.64102564102564,33.33333333333333,29.7,10,26.3,2,5.9,1.9,0.2,10,20,8.7,19,12.9,9.5,19,1,50,5,5,0,0,0,0.04,0,0,0,0,1,0.1,83.3,1,5.3,0,0,1,50,0,0,0,0,1,0,0,0,0,0,20,1.12,0.638,60,40,0,0,4.9,4.1,4.9,4.12,0.78,0.29,0.31,3.1
2022,645,Ko Kieft,TB,TE,1,4,KC,16.666666666666664,100,15.3,2,3.8,1,1.9,9.5,0.5,14,14,4.2,19,5.1,19,19,1,100,5,5,3,3,0,0.03,0,0,0,0,1,0.5,118.8,1,2.4,0,0,1,100,0,0,0,0,1,1,100,0,0,0,16.7,8.72,1.211,0,0,100,0,2.9,1.4,2.9,1.35,1.55,1.45,0.68,1.4
2022,646,Ryan Griffin,CHI,TE,1,2,GB,12.5,25,26.8,2,12.5,1,9.1,9,0.5,15,15,14,18,25.7,18,18,1,100,3,3,0,0,0,0,0,0,0,0,1,0.5,118.8,1,11.1,0,0,1,100,0,0,0,0,0,0,0,0,0,0,100,7.36,1.231,0,50,50,0,2.8,2.7,2.8,2.73,0.07,1.4,1.36,2.7
2022,647,Sammy Watkins,GB,WR,1,1,MIN,58.333333333333336,42.857142857142854,67.2,21,48.8,3,7.7,0.86,0.14,1,3,1.5,18,6.9,6,6,3,100,15,5,5,1.67,0,0.03,0,1,0,0,2,0.095,91.7,3,10.3,2,66.7,3,100,0,0,0,0,0,0,0,0,0,0,13,0.02,0.398,76.2,23.8,0,0,4.8,5,4.8,4.96,-0.16,0.23,0.24,5
2022,648,Zach Pascal,PHI,WR,1,3,WAS,35.13513513513514,42.857142857142854,44.1,13,31.7,3,8.6,1.38,0.23,1.67,5,1.3,18,5.3,6,6,3,100,13,4.33,6,2,0,0.08,0,1,0,0,2,0.154,91.7,3,11.5,0,0,3,100,0,0,0,0,1,1,100,0,1,0.33,25,0.39,0.274,23.1,46.2,30.8,0,4.8,5.5,4.8,5.48,-0.68,0.37,0.36,4.7
2022,649,Equanimeous St. Brown,CHI,WR,1,1,SF,13.636363636363635,23.076923076923077,75,15,65.2,3,17.6,1.2,0.2,12.33,37,26.8,18,14.9,6,18,1,33.3,0,0,0,0,1,0.89,50,1,1,1,1,0.067,94.4,3,25,0,0,3,100,0,0,0,0,2,0,0,0,0,0,25,-3.1,0.459,80,13.3,6.7,0,8.8,10.4,8.8,10.42,-1.62,0.59,0.69,10.4
2022,650,Richie James,NYG,WR,1,6,BLT,8.403361344537815,8.333333333333332,33.9,10,31.3,2,7.4,1.8,0.2,3.5,7,4,18,10.4,9,9,2,100,11,5.5,4,2,0,0,0,0,0,0,0,0,104.2,2,8.3,0,0,2,100,0,0,0,0,0,0,0,0,0,0,25,3.25,0.376,20,80,0,0,3.8,3.4,3.8,3.39,0.41,0.38,0.34,3.4
2022,651,Dalton Schultz,DAL,TE,1,2,CIN,26.041666666666668,23.52941176470588,89.8,25,75.8,4,12.9,0.72,0.16,1.5,6,3.2,18,7.7,4.5,9,2,50,16,8,1,0.5,0,0.02,0,0,0,0,0,0,62.5,4,19,1,25,2,50,0,0,0,0,1,0,0,0,0,0,14.8,-1.43,-1.058,32,28,40,0,2.8,3.4,2.8,3.41,-0.61,0.15,0.14,3.4
2022,652,Tanner Hudson,NYG,TE,1,4,CHI,17.073170731707318,40,60.7,14,63.6,2,12.5,1.29,0.14,11,22,16.1,18,22,9,18,1,50,9,9,4,4,0,0.01,0,0,0,0,1,0.071,81.3,1,10,0,0,2,100,0,0,1,50,1,0,0,0,0,0,16.7,0.39,0.484,14.3,35.7,50,0,2.8,4,2.8,4.03,-1.23,0.2,0.29,4
2022,653,Michael Gallup,DAL,WR,1,6,PHI,44.11764705882353,46.666666666666664,78.1,30,78.9,7,18.4,0.6,0.23,15.86,111,37.9,18,9.9,2.57,9,2,28.6,0,0,0,0,0,0.02,0,1,2,0,0,0,0,6,24,0,0,3,42.9,2,0,0,0,1,1,100,0,0,0,26.9,-6.98,-0.916,80,20,0,0,3.8,4.5,3.8,4.52,-0.72,0.13,0.15,4.5
2022,654,Tre'Quan Smith,NO,WR,1,4,MIN,6.756756756756757,7.6923076923076925,21.1,5,16.7,1,3.6,3.6,0.2,18,18,6,18,7.6,18,18,1,100,0,0,0,0,0,0.03,0,0,0,0,1,0.2,118.8,0,0,0,0,1,100,0,0,0,0,0,0,0,0,0,0,25,7.1,1.838,60,40,0,0,2.8,3,2.8,2.98,-0.18,0.56,0.6,3
2022,655,Ashton Dulin,IND,WR,1,4,TEN,18.333333333333332,17.647058823529413,27,11,26.8,3,8.1,1.64,0.27,6,18,7.7,18,5.1,6,9,2,66.7,6,3,4,2,0,0,0,0,0,0,2,0.182,82.6,3,12.5,0,0,2,66.7,0,0,0,0,0,0,0,0,1,0.5,27.3,-0.79,0.971,72.7,27.3,0,0,3.8,3.6,3.8,3.65,0.15,0.35,0.33,3.6
2022,656,Ashton Dulin,IND,WR,1,5,DEN,6.666666666666667,5.88235294117647,13.7,4,8.3,1,2.4,4.5,0.25,17,17,7.7,18,7.2,18,18,1,100,1,1,0,0,0,0,0,0,0,0,1,0.25,118.8,0,0,0,0,1,100,0,0,0,0,0,0,0,0,0,0,50,6.33,1.867,50,50,0,0,2.8,2.7,2.8,2.73,0.07,0.7,0.68,2.7
2022,657,T.J. Hockenson,DET,TE,1,3,MIN,18.91891891891892,11.76470588235294,76.3,28,65.1,4,9.8,0.64,0.14,3.75,15,4.5,18,6.5,4.5,6,3,75,3,1,1,0.33,1,0.99,100,1,0,0,1,0.036,122.9,3,13,0,0,4,100,0,0,0,0,2,1,50,0,0,0,13.3,-1.85,-0.62,17.9,53.6,28.6,0,10.8,10.5,10.8,10.53,0.27,0.39,0.38,10.5
2022,658,Darius Slayton,NYG,WR,1,6,BLT,36.666666666666664,25,67.7,22,68.8,3,11.1,0.82,0.14,12.67,38,21.5,18,10.4,6,18,1,33.3,2,2,0,0,0,0.4,0,1,1,0,1,0.045,54.9,3,12.5,0,0,3,100,0,0,1,33.3,0,0,0,0,0,0,16.7,-3.37,0.435,77.3,22.7,0,0,2.8,7.4,2.8,7.42,-4.62,0.13,0.34,7.4
2022,659,Mitchell Wilcox,CIN,TE,1,4,MIA,21.875,33.33333333333333,50.8,7,20,1,3.1,2.57,0.14,3,3,1,18,5.8,18,18,1,100,15,15,17,17,0,0,0,0,0,0,1,0.143,118.8,0,0,0,0,1,100,0,0,0,0,0,0,0,0,1,1,11.1,11.68,1.203,0,28.6,71.4,0,2.8,1.8,2.8,1.75,1.05,0.4,0.25,1.8
2022,660,Harrison Bryant,CLV,TE,1,1,CAR,14.285714285714285,21.052631578947366,44.6,14,36.8,4,11.8,1.29,0.29,13.5,54,23.6,18,12.2,4.5,9,2,50,2,1,1,0.5,0,0.08,0,1,0,0,1,0.071,62.5,3,15.8,0,0,3,75,1,0,0,0,1,0,0,0,0,0,33.3,-4.73,0.217,0,42.9,50,7.1,3.8,5.6,3.8,5.55,-1.75,0.27,0.4,5.6
2022,661,Harrison Bryant,CLV,TE,1,4,ATL,22.448979591836736,31.57894736842105,67.6,22,57.9,6,17.1,0.82,0.27,4.83,29,10.3,18,7.7,3,4.5,4,66.7,3,0.75,3,0.75,0,0.02,0,1,0,0,0,0,70.1,2,10.5,0,0,5,83.3,0,0,1,16.7,0,0,0,0,0,0,33.3,-3.74,-0.495,9.1,36.4,45.5,9.1,5.8,8.5,5.8,8.52,-2.72,0.26,0.39,8.5
2022,662,Harrison Bryant,CLV,TE,1,6,NE,17.346938775510203,21.052631578947366,35.8,17,34.7,4,8.9,1.06,0.24,7.5,30,5.7,18,6.8,4.5,6,3,75,4,1.33,2,0.67,0,0.01,0,0,0,0,0,0,83.3,2,6.7,0,0,4,100,0,0,0,0,2,1,50,0,0,0,30.8,-2.85,-0.149,11.8,70.6,17.6,0,4.8,6.5,4.8,6.51,-1.71,0.28,0.38,6.5
2022,663,Jauan Jennings,SF,WR,1,6,ATL,15.66265060240964,15,31.6,13,31,3,7.3,1.38,0.23,2.67,8,2.8,18,6.1,6,9,2,66.7,18,9,7,3.5,0,0.01,0,0,0,0,0,0,82.6,1,4.3,1,33.3,2,66.7,0,0,0,0,0,0,0,0,0,0,23.1,-0.02,-0.182,23.1,76.9,0,0,3.8,3.2,3.8,3.21,0.59,0.29,0.25,3.2
2022,664,Chase Claypool,PIT,WR,1,1,CIN,16.587677725118482,16.216216216216218,91.8,35,85.4,6,15.8,0.51,0.17,6.67,40,13.2,18,9.3,3,4.5,4,66.7,2,0.5,0,0,0,0.13,0,1,0,0,1,0.029,70.1,3,10.7,0,0,5,83.3,1,0,0,0,3,2,66.7,1,0,0,17.6,-3.76,-0.068,5.7,94.3,0,0,9.4,11.5,9.4,11.48,-2.08,0.17,0.22,7.6
2022,665,K.J. Osborn,MIN,WR,1,6,MIA,10.714285714285714,19.230769230769234,58,18,54.5,5,16.7,1,0.28,4.6,23,14.8,18,10.3,3.6,6,3,60,4,1.33,1,0.33,0,0,0,0,0,0,0,0,67.1,5,21.7,0,0,4,80,0,0,1,20,3,1,33.3,0,0,0,33.3,-2.63,-0.326,38.9,61.1,0,0,4.8,5.9,4.8,5.89,-1.09,0.27,0.33,5.9
2022,666,Amon-Ra St. Brown,DET,WR,1,5,NE,14.035087719298245,15.384615384615385,31.3,16,41,6,17.1,1.13,0.38,3.17,19,6.9,18,7.9,3,4.5,4,66.7,7,1.75,5,1.25,0,0.37,0,1,0,0,1,0.063,70.1,5,20.8,0,0,5,83.3,0,0,1,16.7,1,0,0,0,1,0.25,50,-2.98,-1.071,25,68.8,0,6.3,5.8,9.4,5.8,9.44,-3.64,0.36,0.59,9.4
2022,667,Amari Cooper,CLV,WR,1,1,CAR,16.666666666666664,11.320754716981133,81.1,32,84.2,6,17.6,0.53,0.19,10.17,61,26.6,17,11.6,2.83,5.67,3,50,8,2.67,4,1.33,0,0.01,0,0,0,0,0,0,56.3,5,26.3,1,16.7,4,66.7,1,0,0,0,2,0,0,0,0,0,22.2,-5.59,-0.783,84.4,15.6,0,0,4.7,6.3,4.7,6.25,-1.55,0.15,0.2,6.3
2022,668,DeAndre Carter,LAC,WR,1,6,DEN,23.121387283236995,23.809523809523807,74.7,40,65.6,5,8.8,0.42,0.13,4.6,23,7,17,7.1,3.4,5.67,3,60,3,1,2,0.67,0,0.01,0,0,0,0,1,0.025,66.3,3,11.1,0,0,3,60,0,0,0,0,3,3,100,0,0,0,11.9,-2.84,-0.83,12.5,87.5,0,0,4.7,3.1,4.7,3.1,1.6,0.12,0.08,3.1
2022,669,C.J. Uzomah,NYJ,TE,1,6,GB,17.543859649122805,40,79.2,10,47.6,2,11.1,1.7,0.2,-1.5,-3,-2.9,17,15.5,8.5,8.5,2,100,20,10,3,1.5,0,0,0,0,0,0,1,0.1,102.1,1,7.7,1,50,2,100,0,0,0,0,0,0,0,0,0,0,18.2,3.13,0.62,30,20,50,0,3.7,3.2,3.7,3.19,0.51,0.37,0.32,3.2
2022,670,Tyler Lockett,SEA,WR,1,6,ARZ,18.23204419889503,9.090909090909092,80.3,33,86.8,4,12.9,0.52,0.12,18.5,74,33,17,8.6,4.25,8.5,2,50,8,4,2,1,0,0.04,0,1,1,0,1,0.03,61.5,4,14.3,0,0,2,50,2,0,0,0,0,0,0,0,0,0,16,-5.54,-0.08,54.5,42.4,3,0,3.7,3.6,3.7,3.58,0.12,0.11,0.11,3.6
2022,671,Tyler Boyd,CIN,WR,1,2,DAL,18.055555555555554,7.142857142857142,83.6,39,86.7,2,5.6,0.44,0.05,8,16,7.8,17,8.5,8.5,8.5,2,100,1,0.5,3,1.5,0,0,0,0,0,0,0,0,102.1,2,7.4,0,0,2,100,0,0,0,0,1,1,100,0,0,0,6.1,1.32,0.104,15.4,84.6,0,0,5.7,3.6,5.7,3.62,2.08,0.09,0.09,3.6
2022,672,Johnny Mundt,MIN,TE,1,1,GB,25.862068965517242,23.076923076923077,65.6,15,45.5,3,9.4,1.13,0.2,0.33,1,0.7,17,6.1,5.67,5.67,3,100,16,5.33,5,1.67,0,0.01,0,0,0,0,1,0.067,90.3,2,8,0,0,3,100,0,0,0,0,0,0,0,0,0,0,18.8,0.39,0.08,13.3,13.3,73.3,0,4.7,4.9,4.7,4.95,-0.25,0.31,0.33,4.9
2022,673,Kendrick Bourne,NE,WR,1,6,CLV,4.477611940298507,7.142857142857142,6.2,3,8.3,1,2.9,5.67,0.33,6,6,3.2,17,5.5,17,17,1,100,11,11,3,3,0,0,0,0,0,0,1,0.333,118.8,1,4.8,0,0,1,100,0,0,0,0,0,0,0,0,0,0,50,10.05,2.5,100,0,0,0,2.7,1.8,2.7,1.85,0.85,0.9,0.62,1.8
2022,674,Pharaoh Brown,HST,TE,1,1,IND,22.950819672131146,8.333333333333332,66.2,14,34.1,1,2.7,1.21,0.07,11,11,4.2,17,7.1,17,17,1,100,6,6,4,4,0,0,0,0,0,0,1,0.071,118.8,1,3.2,0,0,1,100,0,0,0,0,0,0,0,0,0,0,5.3,8.26,0.919,28.6,7.1,64.3,0,2.7,2.2,2.7,2.23,0.47,0.19,0.16,2.2
2022,675,Mike Williams,LAC,WR,1,6,DEN,20.51282051282051,12.244897959183673,94,48,78.7,6,10.5,0.35,0.13,19,114,34.9,17,7.1,2.83,8.5,2,33.3,6,3,3,1.5,0,0.06,0,2,1,0,0,0,42.4,5,18.5,0,0,4,66.7,3,0,0,0,1,0,0,0,1,0.5,12.2,-7.08,-0.432,75,25,0,0,3.7,5.9,3.7,5.91,-2.21,0.08,0.12,5.9
2022,676,Jamal Agnew,JAX,WR,1,3,LAC,13.333333333333334,9.090909090909092,16,4,10,1,2.6,4.25,0.25,6,6,2.9,17,6.5,17,17,1,100,11,11,2,2,0,0,0,0,0,0,1,0.25,118.8,1,3.6,0,0,1,100,0,0,0,0,0,0,0,0,0,0,25,10.05,2.215,50,50,0,0,2.7,1.8,2.7,1.84,0.86,0.68,0.46,1.8
2022,677,Jeff Smith,NYJ,WR,1,2,CLV,21.73913043478261,33.33333333333333,13.4,5,10.4,1,2.2,3.4,0.2,6,6,1.4,17,5.2,17,17,1,100,11,11,0,0,0,0,0,0,0,0,1,0.2,118.8,1,3.7,0,0,1,100,0,0,0,0,0,0,0,0,0,0,33.3,10.05,3.81,100,0,0,0,2.7,1.8,2.7,1.81,0.89,0.54,0.36,1.8
2022,678,Juwann Winfree,GB,WR,1,1,MIN,30.434782608695656,25,14.8,7,16.3,1,2.6,2.43,0.14,12,12,5.9,17,6.5,17,17,1,100,5,5,0,0,0,0,0,0,0,0,1,0.143,118.8,1,3.4,0,0,1,100,0,0,0,0,0,0,0,0,0,0,12.5,7.95,2.004,28.6,71.4,0,0,2.7,2.4,2.7,2.37,0.33,0.39,0.34,2.4
2022,679,Jerry Jeudy,DEN,WR,1,3,SF,17.365269461077844,17.142857142857142,58.6,29,72.5,6,18.2,0.59,0.21,12.83,77,38.3,17,9.2,2.83,8.5,2,33.3,5,2.5,1,0.5,0,0,0,0,0,0,1,0.034,42.4,4,26.7,0,0,2,33.3,1,0,0,0,3,0,0,0,0,0,23.1,-5.55,-0.726,24.1,75.9,0,0,3.7,4.1,3.7,4.07,-0.37,0.13,0.14,4.1
2022,680,Rashod Bateman,BLT,WR,1,4,BUF,20.87912087912088,27.27272727272727,43.8,19,50,6,20.7,0.89,0.32,5.5,33,26.6,17,11.8,2.83,5.67,3,50,1,0.33,1,0.33,0,0.03,0,0,0,0,1,0.053,56.3,4,30.8,0,0,5,83.3,0,0,2,33.3,0,0,0,0,0,0,37.5,-4.19,-0.243,73.7,26.3,0,0,4.7,8.6,4.7,8.56,-3.86,0.25,0.45,8.6
2022,681,DeVonta Smith,PHI,WR,1,4,JAX,11.049723756906078,9.75609756097561,85.7,20,69,4,16,0.85,0.2,7,28,24.1,17,8.3,4.25,5.67,3,75,1,0.33,0,0,0,0.24,0,1,0,0,1,0.05,82.3,3,15.8,0,0,3,75,0,0,0,0,0,0,0,0,0,0,18.2,-2.93,-0.297,70,30,0,0,4.7,6.8,4.7,6.77,-2.07,0.24,0.34,6.8
2022,682,Drake London,ATL,WR,1,4,CLV,14.728682170542637,16.27906976744186,80,19,95,7,36.8,0.89,0.37,9.29,65,29.8,17,12.2,2.43,8.5,2,28.6,5,2.5,3,1.5,0,0.13,0,1,1,0,1,0.053,0,6,54.5,0,0,7,100,0,0,2,28.6,3,0,0,0,0,0,43.8,-5.46,-1.275,84.2,15.8,0,0,3.7,11.7,3.7,11.7,-8,0.19,0.62,11.7
2022,683,A.J. Green,ARZ,WR,1,2,LV,27.464788732394368,35,85.9,39,75,7,14.3,0.41,0.18,9.29,65,24.4,16,5.8,2.29,5.33,3,42.9,8,2.67,5,1.67,0,1.5,0,2,1,0,1,0.026,50.3,7,21.2,1,14.3,7,100,1,0,0,0,4,0,0,0,0,0,17.5,-5.56,-0.489,87.2,12.8,0,0,6.6,19.2,6.6,19.22,-12.62,0.12,0.49,19.2
2022,684,Eric Tomlinson,DEN,TE,1,6,LAC,15.625,33.33333333333333,27.3,5,14.7,1,3.6,3.2,0.2,16,16,6.4,16,8.5,16,16,1,100,0,0,0,0,0,0,0,0,0,0,1,0.2,118.8,0,0,0,0,1,100,0,0,0,0,0,0,0,1,0,0,16.7,5.81,1.003,0,0,100,0,2.6,1.8,2.6,1.83,0.77,0.52,0.37,1.8
2022,685,DeAndre Carter,LAC,WR,1,4,HST,17.91907514450867,14.285714285714285,68.7,31,77.5,3,7.7,0.52,0.1,9,27,9.7,16,4.7,5.33,8,2,66.7,3,1.5,2,1,0,0.74,0,1,1,0,1,0.032,79.9,1,5,0,0,3,100,0,0,0,0,1,0,0,0,0,0,10,-2.49,0.346,38.7,61.3,0,0,3.6,9.8,3.6,9.8,-6.2,0.12,0.32,9.8
2022,686,Jamison Crowder,BUF,WR,1,2,TEN,20,8.333333333333332,26.2,13,31,1,2.5,1.23,0.08,7,7,2.3,16,5,16,16,1,100,9,9,4,4,0,0,0,0,0,0,1,0.077,118.8,1,4.2,0,0,1,100,0,0,0,0,0,0,0,0,0,0,7.7,8.94,2.651,15.4,84.6,0,0,2.6,1.9,2.6,1.94,0.66,0.2,0.15,1.9
2022,687,Kendrick Bourne,NE,WR,1,2,PIT,29.850746268656714,21.428571428571427,33.3,20,52.6,3,8.6,0.8,0.15,9,27,8.9,16,6.3,5.33,8,2,66.7,0,0,2,1,0,0.01,0,0,0,0,2,0.1,79.9,3,12.5,0,0,2,66.7,0,0,0,0,0,0,0,0,0,0,16.7,-2.28,0.245,60,40,0,0,3.6,4.1,3.6,4.06,-0.46,0.18,0.2,4.1
2022,688,Mack Hollins,LV,WR,1,1,LAC,21.34831460674157,3.571428571428571,87.5,38,88.4,1,2.7,0.42,0.03,16,16,4.7,16,5.4,16,16,1,100,0,0,0,0,0,0,0,0,0,0,1,0.026,118.8,0,0,0,0,1,100,0,0,0,0,1,1,100,0,0,0,3.3,5.9,2.403,94.7,5.3,0,0,2.6,1.4,2.6,1.44,1.16,0.07,0.04,1.4
2022,689,Evan Engram,JAX,TE,1,4,PHI,11.25,3.125,73.9,18,66.7,1,4.3,0.89,0.06,13,13,8.3,16,9.2,16,16,1,100,3,3,0,0,0,0,0,0,0,0,1,0.056,118.8,1,4.8,0,0,1,100,0,0,0,0,0,0,0,0,0,0,6.3,6.04,1.867,22.2,38.9,38.9,0,2.6,2.4,2.6,2.35,0.25,0.14,0.13,2.4
2022,690,Tyler Conklin,NYJ,TE,1,1,BLT,27.380952380952383,17.857142857142858,91.1,46,74.2,5,8.5,0.35,0.11,3.8,19,6.3,16,5.2,3.2,4,4,80,0,0,3,0.75,1,0.51,100,1,1,1,1,0.022,119.6,4,12.5,0,0,5,100,0,0,0,0,2,2,100,0,0,0,10.6,-3.18,0.427,8.7,43.5,47.8,0,11.6,9.8,11.6,9.76,1.84,0.25,0.21,9.8
2022,691,Tyler Conklin,NYJ,TE,1,6,GB,7.142857142857142,3.571428571428571,67.9,12,57.1,1,5.6,1.33,0.08,8,8,7.8,16,14.5,16,16,1,100,8,8,1,1,0,0,0,0,0,0,1,0.083,118.8,1,7.7,0,0,1,100,0,0,0,0,0,0,0,0,0,0,12.5,8.28,1.516,8.3,16.7,75,0,2.7,2.6,2.7,2.56,0.14,0.22,0.17,2.1
2022,692,Richie James,NYG,WR,1,5,GB,15.126050420168067,8.333333333333332,54.2,18,58.1,2,7.4,0.89,0.11,5.5,11,9.6,16,7.4,8,8,2,100,5,2.5,2,1,0,0.01,0,0,0,0,1,0.056,100,1,5,1,50,2,100,0,0,0,0,0,0,0,0,0,0,11.8,0.79,0.865,16.7,83.3,0,0,3.6,3.8,3.6,3.8,-0.2,0.2,0.21,3.8
2022,693,Ray-Ray McCloud,SF,WR,1,2,SEA,17.307692307692307,14.285714285714285,22.9,9,36,1,4.2,1.78,0.11,13,13,7.9,16,8.7,16,16,1,100,3,3,0,0,0,0.05,0,0,0,0,1,0.111,118.8,1,6.3,0,0,1,100,0,0,0,0,0,0,0,0,0,0,14.3,7.09,1.652,88.9,11.1,0,0,2.6,2.9,2.6,2.95,-0.35,0.29,0.33,2.9
2022,694,Mecole Hardman,KC,WR,1,1,ARZ,18.89763779527559,30,54.5,24,58.5,6,15.4,0.67,0.25,14.17,85,27.6,16,4.4,2.67,5.33,3,50,10,3.33,3,1,1,0.9,20,3,2,1,2,0.083,95.8,6,18.8,0,0,3,50,2,0,0,0,0,0,0,0,0,0,25,-6.1,0.222,33.3,62.5,0,4.2,10.6,9.8,10.6,9.83,0.77,0.44,0.41,9.8
2022,695,Noah Fant,SEA,TE,1,1,DEN,14.85148514851485,17.391304347826086,55.1,15,48.4,4,14.3,1.07,0.27,4.5,18,12.9,16,8.2,4,5.33,3,75,13,4.33,2,0.67,0,0.24,0,1,0,0,1,0.067,81.3,4,21.1,1,25,4,100,0,0,0,0,1,0,0,0,0,0,23.5,-3.46,-0.188,20,26.7,46.7,6.7,4.6,7.5,4.6,7.46,-2.86,0.31,0.5,7.5
2022,696,Giovanni Ricci,CAR,TE,1,2,NYG,13.513513513513514,16.666666666666664,31.5,5,13.9,1,3.4,3.2,0.2,6,6,2.9,16,11,16,16,1,100,10,10,9,9,0,0,0,0,0,0,1,0.2,118.8,1,5.6,0,0,1,100,0,0,0,0,0,0,0,0,0,0,14.3,8.91,1.674,20,20,60,0,2.6,1.9,2.6,1.85,0.75,0.52,0.37,1.9
2022,697,Cole Kmet,CHI,TE,1,4,NYG,21.428571428571427,21.428571428571427,98.3,27,77.1,3,13.6,0.59,0.11,-2.33,-7,-3.8,16,9.7,5.33,5.33,3,100,23,7.67,12,4,0,0.12,0,1,0,0,1,0.037,88.9,3,18.8,3,100,3,100,0,0,0,0,0,0,0,0,0,0,15.8,-0.21,0.053,14.8,37,33.3,14.8,4.6,5.1,4.6,5.15,-0.55,0.17,0.19,5.1
2022,698,Ben Skowronek,LA,WR,1,2,ATL,16.93121693121693,10.344827586206897,85.7,32,86.5,3,8.3,0.5,0.09,8.33,25,10.1,16,5.9,5.33,8,2,66.7,13,6.5,1,0.5,0,0.01,0,0,0,0,0,0,79.9,3,10,0,0,2,66.7,1,0,0,0,0,0,0,0,0,0,10,-2.6,-0.151,34.4,46.9,0,18.8,3.6,3.4,3.6,3.39,0.21,0.11,0.11,3.4
2022,699,Kylen Granson,IND,TE,1,5,DEN,16.8141592920354,14.285714285714285,47.9,19,39.6,3,7.3,0.84,0.16,4.67,14,6.4,16,6.4,5.33,16,1,33.3,12,12,6,6,0,0,0,0,0,0,1,0.053,12.5,1,5.6,0,0,1,33.3,0,0,0,0,0,0,0,0,2,2,20,-1.04,-1.813,10.5,68.4,21.1,0,2.6,1.7,2.6,1.71,0.89,0.14,0.09,1.7
2022,700,Dennis Houston,DAL,WR,1,1,TB,65.9090909090909,83.33333333333334,56.3,29,63,5,11.9,0.55,0.17,14.8,74,20.9,16,8.1,3.2,8,2,40,6,3,6,3,0,0,0,0,1,0,0,0,48.8,4,13.8,0,0,2,40,2,0,0,0,0,0,0,0,0,0,20,-5.9,-0.745,89.7,10.3,0,0,3.6,3.4,3.6,3.43,0.17,0.12,0.12,3.4
2022,701,Daniel Bellinger,NYG,TE,1,2,CAR,19.54022988505747,6.25,57.1,17,39.5,1,2.9,0.94,0.06,1,1,0.5,16,9.1,16,16,1,100,15,15,1,1,1,0.08,100,1,0,0,1,0.059,158.3,1,5.9,0,0,1,100,0,0,0,0,0,0,0,0,0,0,7.7,10.22,2.402,17.6,5.9,76.5,0,8.6,2,8.6,2.03,6.57,0.51,0.12,2
2022,702,Chris Manhertz,JAX,TE,1,5,HST,10,66.66666666666666,35.6,2,4,2,4.3,7.5,1,2.5,5,1.1,15,5.4,7.5,7.5,2,100,10,5,1,0.5,0,0,0,1,0,0,1,0.5,97.9,2,5.7,0,0,2,100,0,0,0,0,0,0,0,0,0,0,20,1.15,0.474,0,0,100,0,3.5,3.2,3.5,3.18,0.32,1.75,1.59,3.2
2022,703,Ty Montgomery,NE,WR,1,1,MIA,100,100,35.2,11,33.3,4,13.3,1.36,0.36,2.5,10,3.8,15,7,3.75,5,3,75,9,3,3,1,1,0.25,100,1,0,0,1,0.091,119.8,2,12.5,0,0,3,75,0,0,0,0,0,0,0,0,0,0,26.7,-1.74,0.545,0,0,0,100,10.3,6.8,10.3,6.78,3.52,0.95,0.55,6
2022,704,Phillip Dorsett,HST,WR,1,3,CHI,27.77777777777778,25,22.8,5,15.2,1,3.1,3,0.2,14,14,6.6,15,6.1,15,15,1,100,1,1,0,0,0,0.01,0,0,0,0,1,0.2,118.8,0,0,0,0,1,100,0,0,0,0,0,0,0,0,0,0,33.3,5.19,1.865,80,20,0,0,2.5,2.6,2.5,2.56,-0.06,0.5,0.51,2.6
2022,705,Mike Williams,LAC,WR,1,3,JAX,17.094017094017094,10.204081632653061,89.7,40,85.1,5,11.1,0.38,0.13,22,110,31.1,15,5.1,3,15,1,20,0,0,0,0,1,0.32,100,1,1,1,1,0.025,79.2,2,9.5,0,0,2,40,2,0,0,0,3,1,33.3,1,0,0,13.9,-8.36,-0.714,90,10,0,0,8.5,4.3,8.5,4.27,4.23,0.21,0.11,4.3
2022,706,Mark Andrews,BLT,TE,1,4,BUF,19.672131147540984,7.2727272727272725,95.3,36,94.7,4,13.8,0.42,0.11,10.75,43,34.7,15,10.4,3.75,7.5,2,50,3,1.5,1,0.5,0,0.04,0,2,1,0,1,0.028,59.4,2,15.4,0,0,2,50,1,0,0,0,0,0,0,0,0,0,14.8,-5.38,0.172,25,69.4,5.6,0,3.5,3.7,3.5,3.71,-0.21,0.1,0.1,3.7
2022,707,Penny Hart,SEA,WR,1,3,ATL,75,100,8.7,3,6.5,1,2.3,5,0.33,7,7,1.6,15,4.6,15,15,1,100,8,8,5,5,0,0,0,0,0,0,1,0.333,118.8,1,3.3,0,0,1,100,0,0,0,0,0,0,0,0,0,0,33.3,7.94,0.788,100,0,0,0,2.5,1.9,2.5,1.93,0.57,0.83,0.64,1.9
2022,708,Terry McLaurin,WAS,WR,1,4,DAL,17.117117117117118,17.142857142857142,95.8,38,84.4,6,14.3,0.39,0.16,15.83,95,30.1,15,8.8,2.5,7.5,2,33.3,17,8.5,11,5.5,0,0.02,0,2,1,0,1,0.026,42.4,6,24,2,33.3,3,50,3,0,0,0,0,0,0,0,0,0,16.7,-6.79,-1.142,92.1,7.9,0,0,3.5,6.3,3.5,6.33,-2.83,0.09,0.17,6.3
2022,709,Giovanni Ricci,CAR,TE,1,3,NO,13.513513513513514,33.33333333333333,50.8,5,17.9,2,8,3,0.4,1.5,3,2.3,15,8.8,7.5,15,1,50,17,17,3,3,0,0.09,0,0,0,0,1,0.2,75,0,0,0,0,2,100,0,0,0,0,1,0,0,0,1,1,20,1.83,-0.803,0,0,80,20,2.5,3.2,2.5,3.16,-0.66,0.5,0.63,3.2
2022,710,Quintez Cephus,DET,WR,1,4,SEA,83.33333333333334,100,45.5,15,35.7,3,7.5,1,0.2,5.33,16,3.9,15,3.9,5,7.5,2,66.7,4,2,2,1,0,0.01,0,0,0,0,1,0.067,78.5,3,9.4,0,0,2,66.7,0,0,0,0,0,0,0,0,0,0,18.8,-1.56,0.991,73.3,26.7,0,0,3.5,3,3.5,3.05,0.45,0.23,0.2,3
2022,711,Cole Kmet,CHI,TE,1,6,WAS,24.6031746031746,14.285714285714285,92.8,31,73.8,2,7.4,0.48,0.06,7.5,15,5.4,15,7.9,7.5,15,1,50,1,1,0,0,0,0,0,0,0,0,1,0.032,75,0,0,0,0,2,100,0,0,0,0,1,0,0,0,0,0,9.1,-0.53,0.266,16.1,64.5,19.4,0,2.5,3.2,2.5,3.19,-0.69,0.08,0.1,3.2
2022,712,John Bates,WAS,TE,1,2,DET,16.666666666666664,23.076923076923077,33.3,10,18.9,3,6.5,1.5,0.3,5,15,3.9,15,4.5,5,7.5,2,66.7,6,3,4,2,0,0,0,0,0,0,0,0,78.5,0,0,0,0,2,66.7,0,0,0,0,0,0,0,0,0,0,21.4,-1.55,0.023,10,60,10,20,3.5,3.5,3.5,3.47,0.03,0.35,0.35,3.5
2022,713,Ihmir Smith-Marsette,CHI,WR,1,5,MIN,37.03703703703704,33.33333333333333,38.3,10,34.5,1,4.8,1.5,0.1,10,10,5.7,15,7.2,15,15,1,100,5,5,6,6,0,0,0,0,0,0,0,0,118.8,1,7.1,0,0,1,100,0,0,0,0,0,0,0,0,1,1,20,7.5,-4.46,90,10,0,0,1.5,2.1,1.5,2.14,-0.64,0.25,0.21,2.1
2022,714,Mike Woods,CLV,WR,1,6,NE,100,100,14.9,10,20.4,2,4.4,1.5,0.2,24,48,9.1,15,5.6,7.5,15,1,50,4,4,1,1,0,0,0,0,1,0,1,0.1,75,2,6.7,0,0,1,50,1,0,0,0,0,0,0,0,0,0,20,-4.07,0.238,100,0,0,0,2.5,2.2,2.5,2.21,0.29,0.25,0.22,2.2
2022,715,Skyy Moore,KC,WR,1,5,LV,27.27272727272727,20,33.3,12,25,2,4.7,1.25,0.17,-3,-6,-2.2,15,5.1,7.5,7.5,2,100,21,10.5,2,1,0,0.01,0,0,0,0,0,0,97.9,2,6.9,2,100,2,100,0,0,0,0,0,0,0,0,0,0,18.2,2.56,0.256,33.3,58.3,0,8.3,3.5,3.2,3.5,3.22,0.28,0.29,0.27,3.2
2022,716,Randall Cobb,GB,WR,1,1,MIN,22.018348623853214,12,60.7,24,55.8,3,7.7,0.58,0.13,17,51,25.1,14,5.4,4.67,7,2,66.7,5,2.5,2,1,0,0,0,0,0,0,2,0.083,37.5,3,10.3,0,0,2,66.7,1,0,0,0,2,1,50,0,0,0,13.6,-4.47,0.296,4.2,95.8,0,0,3.4,2.9,3.4,2.91,0.49,0.14,0.12,2.9
2022,717,Zach Ertz,ARZ,TE,1,1,KC,11.682242990654206,4.166666666666666,58.7,25,56.8,2,5.3,0.56,0.08,5,10,4.4,14,6.8,7,7,2,100,4,2,1,0.5,1,0.41,50,1,0,0,1,0.04,135.4,2,10.5,0,0,2,100,0,0,0,0,1,1,100,0,0,0,9.5,0.52,1.592,16,52,28,4,11.4,5.1,11.4,5.08,6.32,0.38,0.2,5.1
2022,718,Cameron Brate,TB,TE,1,6,PIT,19.491525423728813,14.285714285714285,47.1,23,54.8,3,7.5,0.61,0.13,9.67,29,11,14,5.8,4.67,7,2,66.7,5,2.5,1,0.5,0,0,0,1,1,0,0,0,77.1,2,8,0,0,2,66.7,1,0,0,0,0,0,0,0,0,0,14.3,-3.44,-0.09,21.7,43.5,34.8,0,3.4,3.5,3.4,3.45,-0.05,0.15,0.15,3.5
2022,719,Jake Kumerow,BUF,WR,1,3,MIA,8.571428571428571,40,5.6,3,4.2,2,3.2,4.67,0.67,2.5,5,1.5,14,3.5,7,7,2,100,9,4.5,4,2,0,0,0,0,0,0,2,0.667,95.8,1,2.6,0,0,2,100,0,0,0,0,0,0,0,0,0,0,66.7,1.61,0.428,66.7,0,33.3,0,3.4,3.3,3.4,3.27,0.13,1.13,1.09,3.3
2022,720,Chris Moore,HST,WR,1,2,DEN,34.090909090909086,33.33333333333333,66.1,30,73.2,4,10.5,0.47,0.13,10.5,42,12.9,14,7.9,3.5,7,2,50,5,2.5,3,1.5,0,0.03,0,0,0,0,0,0,58.3,3,11.1,0,0,4,100,0,0,1,25,0,0,0,0,0,0,16,-5.04,-0.098,6.7,93.3,0,0,3.4,7.2,3.4,7.2,-3.8,0.11,0.24,7.2
2022,721,Robby Anderson,CAR,WR,1,3,NO,13.636363636363635,16,83.1,21,75,4,16,0.67,0.19,16.5,66,49.6,14,8.2,3.5,14,1,25,-1,-1,0,0,0,0.2,0,0,0,0,1,0.048,41.7,4,26.7,0,0,3,75,1,0,0,0,0,0,0,0,0,0,20,-6.44,-0.49,81,19,0,0,2.4,8.9,2.4,8.87,-6.47,0.11,0.42,8.9
2022,722,Zach Pascal,PHI,WR,1,2,MIN,29.72972972972973,28.57142857142857,42.6,11,28.9,2,6.5,1.27,0.18,2.5,5,1.8,14,4.2,7,7,2,100,9,4.5,2,1,0,0,0,0,0,0,1,0.091,95.8,1,4.5,0,0,2,100,0,0,0,0,0,0,0,0,0,0,18.2,1.61,0.251,9.1,72.7,9.1,9.1,3.4,3.3,3.4,3.31,0.09,0.31,0.3,3.3
2022,723,Keith Kirkwood,NO,WR,1,6,CIN,70.37037037037037,50,70.4,19,51.4,1,2.8,0.74,0.05,12,12,4.4,14,7.9,14,14,1,100,2,2,1,1,0,0.03,0,0,0,0,1,0.053,118.8,1,5,0,0,1,100,0,0,0,0,1,1,100,0,0,0,6.3,4.95,1.787,31.6,63.2,5.3,0,2.4,1.8,2.4,1.79,0.61,0.13,0.09,1.8
2022,724,Courtland Sutton,DEN,WR,1,6,LAC,14.953271028037381,6.122448979591836,100,32,94.1,3,10.7,0.44,0.09,4.67,14,5.6,14,7.4,4.67,7,2,66.7,6,3,2,1,0,0,0,0,0,0,1,0.031,77.1,2,11.8,0,0,2,66.7,0,0,0,0,1,1,100,0,0,0,13,-1.59,0.331,87.5,12.5,0,0,3.4,2.9,3.4,2.9,0.5,0.11,0.09,2.9
2022,725,Durham Smythe,MIA,TE,1,1,NE,25,28.57142857142857,61,13,36.1,2,6.1,1.08,0.15,5.5,11,4.4,14,5.2,7,14,1,50,4,4,0,0,0,0.01,0,0,0,0,1,0.077,72.9,2,9.5,0,0,2,100,0,0,0,0,0,0,0,0,0,0,12.5,0.23,0.178,7.7,7.7,84.6,0,2.4,3.9,2.4,3.93,-1.53,0.18,0.3,3.9
2022,726,Deebo Samuel,SF,WR,1,1,CHI,19.62025316455696,14.893617021276595,82.1,31,91.2,7,25,0.45,0.23,1.43,10,5.3,14,8.5,2,7,2,28.6,20,10,7,3.5,0,0.01,0,0,0,0,0,0,39.6,6,31.6,4,57.1,3,42.9,0,0,0,0,0,0,0,0,1,0.5,26.9,-4.03,-0.222,67.7,25.8,0,6.5,13.6,10.9,13.6,10.89,2.71,0.11,0.13,4
2022,727,Justin Jefferson,MIN,WR,1,3,DET,16.666666666666664,8.19672131147541,100,37,88.1,5,12.2,0.38,0.14,4.6,23,7.6,14,5.4,2.8,4.67,3,60,7,2.33,1,0.33,0,0.06,0,1,0,0,0,0,64.6,3,12.5,0,0,5,100,0,0,1,20,1,0,0,0,0,0,14.3,-3.82,-0.562,67.6,32.4,0,0,4.4,8,4.4,7.98,-3.58,0.12,0.22,8
2022,728,Devin Duvernay,BLT,WR,1,6,NYG,20.8955223880597,20,69,28,77.8,5,15.6,0.5,0.18,12.8,64,19.9,14,6.7,2.8,14,1,20,16,16,2,2,0,0.01,0,2,2,0,1,0.036,39.6,5,18.5,1,20,2,40,2,0,0,0,1,0,0,0,0,0,20.8,-5.8,-0.331,75,25,0,0,2.4,3.6,2.4,3.58,-1.18,0.09,0.13,3.6
2022,729,K.J. Osborn,MIN,WR,1,1,GB,15.476190476190476,15.384615384615385,67.2,26,78.8,4,12.5,0.54,0.15,7.5,30,20.4,14,5.1,3.5,4.67,3,75,3,1,3,1,0,0.06,0,2,1,0,0,0,79.2,3,12,0,0,3,75,0,0,0,0,0,0,0,0,0,0,16,-3.8,-0.573,53.8,46.2,0,0,4.4,5.5,4.4,5.55,-1.15,0.17,0.21,5.5
2022,730,Kylen Granson,IND,TE,1,2,JAX,16.8141592920354,9.523809523809524,54.2,19,54.3,2,6.7,0.74,0.11,2,4,1.5,14,7.2,7,7,2,100,10,5,3,1.5,0,0,0,0,0,0,0,0,95.8,0,0,0,0,2,100,0,0,0,0,0,0,0,0,0,0,14.3,0.63,-0.263,10.5,68.4,21.1,0,3.4,3.3,3.4,3.35,0.05,0.18,0.18,3.3
2022,731,Amari Rodgers,GB,WR,1,6,NYJ,88.23529411764706,100,31.9,15,30.6,1,2.2,0.93,0.07,10,10,2.7,14,5.5,14,14,1,100,4,4,1,1,0,0,0,0,0,0,1,0.067,118.8,1,3.1,0,0,1,100,0,0,0,0,0,0,0,0,0,0,7.7,6.5,0.863,20,73.3,6.7,0,2.4,2.2,2.4,2.2,0.2,0.16,0.15,2.2
2022,732,Khalil Shakir,BUF,WR,1,6,KC,18.181818181818183,18.181818181818183,20.8,8,18.2,2,5,1.75,0.25,1.5,3,1,14,4.3,7,14,1,50,10,10,2,2,0,0,0,0,0,0,1,0.125,72.9,2,9.5,1,50,1,50,0,0,0,0,0,0,0,0,0,0,28.6,0.89,0.106,37.5,62.5,0,0,2.4,1.7,2.4,1.73,0.67,0.3,0.22,1.7
2022,733,Treylon Burks,TEN,WR,1,4,IND,22.22222222222222,18.75,65.4,16,61.5,3,14.3,0.88,0.19,8,24,25.8,14,10.2,4.67,7,2,66.7,7,3.5,2,1,0,0.02,0,0,0,0,0,0,77.1,2,20,0,0,2,66.7,0,0,0,0,0,0,0,0,0,0,17.6,-3.05,-0.281,62.5,37.5,0,0,3.8,4,3.8,4,-0.2,0.21,0.22,3.6
2022,734,A.J. Green,ARZ,WR,1,1,KC,19.014084507042252,15,73,27,61.4,3,7.9,0.48,0.11,11,33,14.5,13,6.3,4.33,6.5,2,66.7,1,0.5,1,0.5,0,0.01,0,0,0,0,1,0.037,75.7,2,10.5,0,0,2,66.7,1,0,0,0,1,0,0,1,0,0,13.6,-3.93,-0.418,88.9,11.1,0,0,3.3,3.7,3.3,3.7,-0.4,0.12,0.14,3.7
2022,735,Robert Woods,TEN,WR,1,1,NYG,22.123893805309734,8,68.3,25,71.4,2,6.1,0.52,0.08,11,22,8,13,4.9,6.5,13,1,50,-2,-2,-1,-1,0,0,0,0,0,0,1,0.04,70.8,1,4.3,0,0,1,50,0,0,0,0,1,1,100,0,0,0,8.7,-2.24,-0.08,72,24,0,4,2.3,1.9,2.3,1.85,0.45,0.09,0.07,1.9
2022,736,Hunter Henry,NE,TE,1,4,GB,10.4,19.047619047619047,84.5,13,52,4,19,1,0.31,7.25,29,29.3,13,9.6,3.25,6.5,2,50,2,1,1,0.5,0,0,0,1,0,0,0,0,57.3,3,20,0,0,2,50,0,0,0,0,0,0,0,0,0,0,28.6,-4.08,-0.641,23.1,53.8,23.1,0,3.3,3.6,3.3,3.58,-0.28,0.25,0.28,3.6
2022,737,Marquez Valdes-Scantling,KC,WR,1,2,LAC,15,21.21212121212121,77.8,30,83.3,7,20,0.43,0.23,7,49,21.7,13,5.5,1.86,6.5,2,28.6,0,0,0,0,0,0,0,1,0,0,0,0,39.6,5,21.7,0,0,2,28.6,1,0,0,0,0,0,0,0,0,0,24.1,-5.5,-0.636,60,36.7,3.3,0,3.3,3.8,3.3,3.77,-0.47,0.11,0.13,3.8
2022,738,Ian Thomas,CAR,TE,1,2,NYG,28.57142857142857,20,74.1,16,44.4,3,10.3,0.81,0.19,10.67,32,15.5,13,9,4.33,13,1,33.3,4,4,2,2,0,0,0,0,0,0,1,0.063,47.9,2,11.1,0,0,1,33.3,1,0,0,0,1,1,100,0,0,0,15,-2.89,0.088,0,25,75,0,2.3,1.5,2.3,1.5,0.8,0.14,0.09,1.5
2022,739,Ian Thomas,CAR,TE,1,3,NO,17.857142857142858,20,64.4,10,35.7,3,12,1.3,0.3,0.33,1,0.8,13,7.6,4.33,6.5,2,66.7,15,7.5,0,0,0,0.03,0,0,0,0,0,0,75.7,1,6.7,1,33.3,3,100,0,0,0,0,1,0,0,0,0,0,21.4,-1.65,0.039,0,10,90,0,3.3,4.4,3.3,4.42,-1.12,0.33,0.44,4.4
2022,740,Russell Gage,TB,WR,1,1,DAL,10.119047619047619,5.714285714285714,41.9,17,58.6,2,7.4,0.76,0.12,2.5,5,1.7,13,6.1,6.5,6.5,2,100,8,4,2,1,0,0.01,0,0,0,0,0,0,93.8,2,10,0,0,2,100,0,0,0,0,0,0,0,0,0,0,11.8,1.11,0.173,41.2,58.8,0,0,3.3,3.7,3.3,3.65,-0.35,0.19,0.21,3.7
2022,741,Allen Lazard,GB,WR,1,2,CHI,12.080536912751679,9.090909090909092,80.3,18,62.1,3,12,0.72,0.17,10.67,32,25.8,13,5.6,4.33,6.5,2,66.7,1,0.5,1,0.5,1,0.98,50,2,2,1,2,0.111,115.3,3,16.7,0,0,3,100,0,0,0,0,0,0,0,0,0,0,13.6,-4.32,0.883,72.2,27.8,0,0,9.3,10.2,9.3,10.23,-0.93,0.52,0.57,10.2
2022,742,Andre Baccellia,ARZ,WR,1,3,LA,45.94594594594595,66.66666666666666,32.1,17,27.4,4,6.9,0.76,0.24,10,40,12.7,13,4.1,3.25,6.5,2,50,5,2.5,2,1,0,0.01,0,0,0,0,1,0.059,57.3,3,6.5,0,0,3,75,0,0,1,25,1,1,100,0,0,0,20,-5.03,-0.038,94.1,5.9,0,0,3.3,5.3,3.3,5.27,-1.97,0.19,0.31,5.3
2022,743,Juwan Johnson,NO,TE,1,5,SEA,9.655172413793103,4.545454545454546,58.1,14,51.9,1,4,0.93,0.07,5,5,2.8,13,6.2,13,13,1,100,8,8,2,2,0,0,0,0,0,0,1,0.071,118.8,0,0,0,0,1,100,0,0,0,0,0,0,0,0,0,0,6.7,6.52,0.837,21.4,35.7,42.9,0,2.3,1.8,2.3,1.76,0.54,0.16,0.13,1.8
2022,744,Nick Westbrook-Ikhine,TEN,WR,1,1,NYG,23.076923076923077,18.181818181818183,68.3,21,60,2,6.1,0.62,0.1,8.5,17,6.2,13,4.9,6.5,13,1,50,2,2,1,1,0,0.01,0,0,0,0,1,0.048,70.8,2,8.7,0,0,1,50,0,0,0,0,2,1,50,0,0,0,11.1,-1.13,-0.307,57.1,42.9,0,0,2.3,1.7,2.3,1.71,0.59,0.11,0.08,1.7
2022,745,Nick Westbrook-Ikhine,TEN,WR,1,2,BUF,18.681318681318682,27.27272727272727,60.4,17,60.7,3,12.5,0.76,0.18,14,42,24.6,13,10.6,4.33,13,1,33.3,0,0,0,0,0,0.05,0,1,0,0,0,0,8.3,2,16.7,0,0,1,33.3,1,0,0,0,2,1,50,0,0,0,21.4,-4.68,-2.928,47.1,52.9,0,0,2.3,1.8,2.3,1.79,0.51,0.14,0.11,1.8
2022,746,Gabe Davis,BUF,WR,1,4,BLT,19.806763285024154,12,98.4,41,97.6,3,8.3,0.32,0.07,8.33,25,10.9,13,6.1,4.33,13,1,33.3,0,0,0,0,0,0.02,0,0,0,0,1,0.024,47.9,1,5.6,0,0,3,100,0,0,2,66.7,1,0,0,0,0,0,9.7,-3.16,-0.17,87.8,12.2,0,0,2.3,5.4,2.3,5.41,-3.11,0.06,0.13,5.4
2022,747,Stephen Sullivan,CAR,TE,1,2,NYG,57.14285714285714,100,7.4,4,11.1,1,3.4,3.25,0.25,13,13,6.3,13,9,13,13,1,100,0,0,0,0,0,0,0,0,0,0,1,0.25,118.8,0,0,0,0,1,100,0,0,0,0,0,0,0,0,0,0,100,3.04,0.781,50,0,50,0,2.3,2.3,2.3,2.35,-0.05,0.57,0.59,2.3
2022,748,Noah Gray,KC,TE,1,6,BUF,17.46031746031746,23.076923076923077,42.6,11,23.4,3,7.5,1.18,0.27,2,6,2.9,13,3.8,4.33,4.33,3,100,7,2.33,2,0.67,0,0.01,0,0,0,0,0,0,84.7,1,5.3,1,33.3,3,100,0,0,0,0,1,1,100,0,0,0,27.3,-2.32,-0.237,9.1,27.3,63.6,0,4.3,4.5,4.3,4.53,-0.23,0.39,0.41,4.5
2022,749,David Bell,CLV,WR,1,6,NE,34.40860215053764,25,62.7,32,65.3,2,4.4,0.41,0.06,5.5,11,2.1,13,4.9,6.5,13,1,50,7,7,2,2,0,0,0,0,0,0,0,0,70.8,2,6.7,0,0,2,100,0,0,1,50,1,0,0,0,0,0,7.1,-0.16,-0.22,9.4,90.6,0,0,2.3,2.9,2.3,2.86,-0.56,0.07,0.09,2.9
2022,750,Jalen Nailor,MIN,WR,1,4,NO,0,100,1.5,0,0,1,0,13,1,13,13,0,13,0,13,13,1,100,0,0,0,0,0,0.07,0,0,0,0,1,0,118.8,1,0,0,0,1,100,0,0,0,0,0,0,0,0,0,0,0,4.09,3.362,0,0,0,0,2.3,3.1,2.3,3.12,-0.82,0,0,3.1
2022,751,Treylon Burks,TEN,WR,1,3,LV,37.5,12.5,67.3,27,96.4,2,7.4,0.48,0.07,11,22,12.2,13,4.9,6.5,13,1,50,5,5,2,2,0,0.05,0,1,0,0,1,0.037,70.8,2,11.1,0,0,2,100,0,0,1,50,0,0,0,0,0,0,9.1,-2.16,-0.55,85.2,14.8,0,0,3.1,5.3,3.1,5.29,-2.19,0.09,0.18,4.8
2022,752,Jelani Woods,IND,TE,1,3,KC,17.1875,37.5,21.7,11,25.6,3,8.1,1.18,0.27,12.67,38,23.3,13,5.9,4.33,6.5,2,66.7,0,0,0,0,2,1.57,100,2,2,2,2,0.182,115.3,3,13.6,0,0,2,66.7,0,0,0,0,1,1,100,0,0,0,37.5,-4.87,0.911,18.2,36.4,45.5,0,15.3,11.8,15.3,11.79,3.51,1.39,1.07,11.8
2022,753,Jake Ferguson,DAL,TE,1,3,NYG,28.947368421052634,30,82,11,35.5,3,9.7,1.18,0.27,1.33,4,1.5,13,6,4.33,6.5,2,66.7,10,5,2,1,0,0.01,0,0,0,0,0,0,75.7,3,10.7,0,0,2,66.7,0,0,0,0,0,0,0,0,0,0,14.3,-1.64,-0.529,9.1,36.4,54.5,0,3.3,3.4,3.3,3.38,-0.08,0.3,0.31,3.4
2022,754,Kyle Rudolph,TB,TE,1,3,GB,66.66666666666666,50,15.3,4,8.9,1,2.4,3,0.25,11,11,4.8,12,4.4,12,12,1,100,1,1,0,0,0,0,0,0,0,0,1,0.25,116.7,1,2.9,0,0,1,100,0,0,0,0,0,0,0,0,0,0,20,3.26,0.768,0,25,75,0,2.2,2.2,2.2,2.22,-0.02,0.55,0.56,2.2
2022,755,Cole Beasley,TB,WR,1,3,GB,66.66666666666666,80,10.2,6,13.3,4,9.5,2,0.67,3.5,14,6.1,12,4.4,3,4,3,75,3,1,0,0,0,0.01,0,0,0,0,1,0.167,77.1,4,11.8,0,0,4,100,0,0,1,25,0,0,0,0,0,0,80,-2.8,-0.036,33.3,66.7,0,0,4.2,6.4,4.2,6.42,-2.22,0.7,1.07,6.4
2022,756,Davante Adams,LV,WR,1,2,ARZ,19.587628865979383,12,96.7,38,92.7,6,15.4,0.32,0.16,11.83,71,30.6,12,4.8,2,6,2,33.3,9,4.5,0,0,1,1,50,2,1,0,2,0.053,81.9,6,18.8,0,0,2,33.3,2,0,0,0,0,0,0,0,0,0,16.7,-6.73,-0.291,63.2,36.8,0,0,9.2,8.9,9.2,8.86,0.34,0.24,0.23,8.9
2022,757,Allen Robinson,LA,WR,1,1,BUF,20.603015075376884,6.896551724137931,97,41,83.7,2,4.9,0.29,0.05,17.5,35,15.2,12,5,6,12,1,50,0,0,0,0,0,0.01,0,1,1,0,0,0,68.8,1,3.8,0,0,1,50,1,0,0,0,0,0,0,0,0,0,5.6,-3.63,-1.052,78,22,0,0,2.2,2.2,2.2,2.24,-0.04,0.05,0.05,2.2
2022,758,Allen Robinson,LA,WR,1,5,DAL,18.090452261306535,17.24137931034483,81.3,36,73.5,5,11.4,0.33,0.14,6.6,33,10.2,12,3.8,2.4,4,3,60,10,3.33,2,0.67,0,0.03,0,1,1,0,0,0,25,1,4,1,20,3,60,0,0,0,0,0,0,0,0,1,0.33,13.9,-4.8,-1.006,55.6,44.4,0,0,4.2,5,4.2,4.96,-0.76,0.12,0.14,5
2022,759,C.J. Uzomah,NYJ,TE,1,5,MIA,19.298245614035086,40,69.6,11,45.8,2,9.5,1.09,0.18,2,4,2,12,5.7,6,6,2,100,8,4,2,1,0,0.03,0,0,0,0,0,0,91.7,1,7.7,1,50,2,100,0,0,0,0,0,0,0,0,0,0,14.3,0.31,-0.194,18.2,0,81.8,0,3.2,3.5,3.2,3.53,-0.33,0.29,0.32,3.5
2022,760,Demarcus Robinson,BLT,WR,1,2,MIA,13.91304347826087,11.76470588235294,42.6,16,51.6,2,6.9,0.75,0.13,17,34,10.7,12,3.8,6,12,1,50,0,0,0,0,1,0.97,33.3,2,2,1,1,0.063,108.3,1,4.3,0,0,1,50,0,0,0,0,0,0,0,0,0,0,14.3,-5.17,1.669,93.8,6.3,0,0,8.2,7.9,8.2,7.9,0.3,0.51,0.49,7.9
2022,761,Keelan Cole,LV,WR,1,3,TEN,45.76271186440678,100,55.4,27,56.3,4,8.9,0.44,0.15,18,72,18.5,12,3.9,3,12,1,25,0,0,0,0,0,0.48,0,2,2,0,1,0.037,39.6,4,12.1,0,0,2,50,1,0,1,25,2,0,0,0,0,0,17.4,-7.16,-0.187,18.5,81.5,0,0,2.2,5.7,2.2,5.71,-3.51,0.08,0.21,5.7
2022,762,Zay Jones,JAX,WR,1,5,HST,25.49019607843137,21.62162162162162,79.5,39,78,8,17,0.31,0.21,8.88,71,15.2,12,4.3,1.5,4,3,37.5,18,6,6,2,0,0.02,0,1,1,0,1,0.026,6.3,6,17.1,2,25,5,62.5,1,0,0,0,1,0,0,0,0,0,22.2,-6.76,-1.11,74.4,25.6,0,0,4.2,9.8,4.2,9.79,-5.59,0.11,0.25,9.8
2022,763,Will Dissly,SEA,TE,1,6,ARZ,17.24137931034483,6.25,65.2,15,39.5,1,3.2,0.8,0.07,3,3,1.3,12,6.1,12,12,1,100,9,9,6,6,0,0,0,0,0,0,1,0.067,116.7,1,3.6,0,0,1,100,0,0,0,0,0,0,0,0,0,0,5.9,5.68,1.101,20,40,33.3,6.7,2.2,1.6,2.2,1.63,0.57,0.15,0.11,1.6
2022,764,David Sills,NYG,WR,1,5,GB,6.796116504854369,14.285714285714285,42.4,7,22.6,2,7.4,1.71,0.29,1,2,1.7,12,5.5,6,6,2,100,10,5,8,4,0,0.13,0,1,0,0,1,0.143,91.7,1,5,0,0,2,100,0,0,0,0,0,0,0,0,1,0.5,33.3,0.31,0.907,71.4,28.6,0,0,3.2,3.7,3.2,3.67,-0.47,0.46,0.52,3.7
2022,765,Andre Baccellia,ARZ,WR,1,2,LV,21.62162162162162,33.33333333333333,20.5,8,15.4,2,4.1,1.5,0.25,3.5,7,2.6,12,4.3,6,6,2,100,5,2.5,1,0.5,0,0.01,0,0,0,0,1,0.125,91.7,1,3,0,0,2,100,0,0,0,0,0,0,0,0,0,0,25,-0.04,0.437,87.5,12.5,0,0,3.2,3.4,3.2,3.37,-0.17,0.4,0.42,3.4
2022,766,Albert Okwuegbunam,DEN,TE,1,3,SF,23.809523809523807,20,31.4,20,50,2,6.1,0.6,0.1,3.5,7,3.5,12,6.5,6,12,1,50,11,11,1,1,0,0,0,0,0,0,0,0,68.8,1,6.7,0,0,1,50,0,0,0,0,0,0,0,0,0,0,10.5,-0.43,-0.923,10,75,15,0,2.2,1.8,2.2,1.75,0.45,0.11,0.09,1.8
2022,767,Shi Smith,CAR,WR,1,1,CLV,15.827338129496402,11.76470588235294,76,22,68.8,2,7.4,0.55,0.09,5.5,11,8.7,12,5,6,12,1,50,12,12,5,5,0,0.01,0,0,0,0,1,0.045,29.2,2,13.3,1,50,1,50,0,0,0,0,0,0,0,0,0,0,13.3,-1.18,-0.987,4.5,95.5,0,0,2.2,1.6,2.2,1.65,0.55,0.1,0.07,1.6
2022,768,Noah Gray,KC,TE,1,2,LAC,22.22222222222222,23.076923076923077,50,14,38.9,3,8.6,0.86,0.21,4.33,13,5.8,12,5.1,4,6,2,66.7,6,3,3,1.5,0,0.01,0,0,0,0,1,0.071,74.3,2,8.7,0,0,2,66.7,0,0,0,0,0,0,0,0,0,0,18.8,-2.51,0.081,35.7,7.1,57.1,0,3.2,3.4,3.2,3.38,-0.18,0.23,0.24,3.4
2022,769,Simi Fehoko,DAL,WR,1,1,TB,66.66666666666666,75,23.4,14,30.4,3,7.1,0.86,0.21,14.67,44,12.4,12,6.1,4,6,2,66.7,5,2.5,3,1.5,0,0.07,0,0,0,0,0,0,74.3,3,10.3,0,0,3,100,1,0,1,33.3,0,0,0,0,0,0,25,-4.84,-0.652,78.6,21.4,0,0,3.2,5.4,3.2,5.42,-2.22,0.23,0.39,5.4
2022,770,Simi Fehoko,DAL,WR,1,3,NYG,9.523809523809524,25,3.3,2,6.5,1,3.2,6,0.5,7,7,2.6,12,5.6,12,12,1,100,5,5,2,2,0,0.01,0,0,0,0,1,0.5,116.7,1,3.6,0,0,1,100,0,0,0,0,1,1,100,0,0,0,100,4.94,0.809,100,0,0,0,2.2,1,2.2,1.05,1.15,1.1,0.52,1
2022,771,Dax Milne,WAS,WR,1,3,PHI,33.33333333333333,25,6.8,4,7.3,1,2.3,3,0.25,6,6,1.9,12,5.7,12,12,1,100,6,6,4,4,0,0.03,0,1,0,0,1,0.25,116.7,0,0,0,0,1,100,0,0,0,0,0,0,0,0,0,0,33.3,5.05,1.667,25,75,0,0,2.2,1.8,2.2,1.81,0.39,0.55,0.45,1.8
2022,772,Pat Freiermuth,PIT,TE,1,5,BUF,15.573770491803279,6.451612903225806,47.2,19,33.9,2,3.8,0.63,0.11,3.5,7,1.9,12,3.7,6,6,2,100,5,2.5,5,2.5,0,0.01,0,1,0,0,0,0,91.7,1,2.5,0,0,2,100,0,0,0,0,0,0,0,0,0,0,9.1,-0.19,-0.218,5.3,36.8,57.9,0,3.2,3.2,3.2,3.21,-0.01,0.17,0.17,3.2
2022,773,Connor Heyward,PIT,TE,1,5,BUF,35.714285714285715,50,13.9,10,17.9,2,3.8,1.2,0.2,5.5,11,3,12,3.7,6,6,2,100,1,0.5,2,1,0,0,0,0,0,0,1,0.1,91.7,2,5,0,0,2,100,0,0,0,0,0,0,0,0,1,0.5,25,-1.02,0.564,10,10,80,0,3.2,3.5,3.2,3.48,-0.28,0.32,0.35,3.5
2022,774,Anthony Firkser,ATL,TE,1,5,TB,33.33333333333333,25,23,9,26.5,1,4,1.22,0.11,11,11,5.1,11,7.5,11,11,1,100,0,0,0,0,0,0,0,0,0,0,1,0.111,112.5,1,4.8,0,0,1,100,0,0,0,0,1,1,100,0,0,0,16.7,2.26,2.26,11.1,88.9,0,0,2.1,1.2,2.1,1.19,0.91,0.23,0.13,1.2
2022,775,Robert Tonyan,GB,TE,1,2,CHI,9.821428571428571,6.451612903225806,39.4,11,37.9,2,8,1,0.18,-0.5,-1,-0.8,11,4.7,5.5,5.5,2,100,12,6,4,2,0,0.07,0,1,0,0,0,0,89.6,2,11.1,1,50,2,100,0,0,0,0,0,0,0,0,0,0,18.2,0.4,0.266,0,54.5,45.5,0,3.1,3.6,3.1,3.62,-0.52,0.28,0.33,3.6
2022,776,River Cracraft,MIA,WR,1,3,BUF,9.75609756097561,16.666666666666664,23.1,4,18.2,1,5,2.75,0.25,12,12,6.7,11,5.9,11,11,1,100,0,0,0,0,1,0.77,100,1,1,1,1,0.25,152.1,1,5.9,0,0,1,100,0,0,0,0,1,1,100,0,0,0,20,1.95,2.186,75,25,0,0,8.1,5.9,8.1,5.94,2.16,2.02,1.48,5.9
2022,777,Ross Dwelley,SF,TE,1,1,CHI,50,50,26.9,14,41.2,2,7.1,0.79,0.14,7.5,15,8,11,6.7,5.5,11,1,50,1,1,0,0,0,0,0,0,0,0,1,0.071,66.7,2,10.5,0,0,1,50,0,0,0,0,1,1,100,0,0,0,22.2,-1.62,0.7,7.1,57.1,28.6,7.1,2.1,1.5,2.1,1.52,0.58,0.15,0.11,1.5
2022,778,Byron Pringle,CHI,WR,1,3,HST,14.285714285714285,33.33333333333333,3.2,1,4,1,5.9,11,1,6,6,4.8,11,10.4,11,11,1,100,5,5,0,0,0,0,0,0,0,0,1,1,112.5,1,8.3,0,0,1,100,0,0,0,0,0,0,0,0,0,0,100,4.05,1.692,100,0,0,0,2.1,1.8,2.1,1.83,0.27,2.1,1.83,1.8
2022,779,Ray-Ray McCloud,SF,WR,1,3,DEN,9.615384615384617,14.285714285714285,17.3,5,15.2,1,3.4,2.2,0.2,8,8,3.3,11,5.2,11,11,1,100,3,3,2,2,0,0.01,0,0,0,0,1,0.2,112.5,1,5.6,0,0,1,100,0,0,0,0,0,0,0,0,0,0,16.7,3.49,0.697,60,40,0,0,2.1,2,2.1,2.01,0.09,0.42,0.4,2
2022,780,Christian Kirk,JAX,WR,1,5,HST,23.655913978494624,7.5,95.9,44,88,3,6.4,0.25,0.07,22.67,68,14.6,11,3.9,3.67,11,1,33.3,1,1,1,1,0,0.01,0,0,1,0,0,0,42.4,3,8.6,0,0,1,33.3,1,0,0,0,1,1,100,0,0,0,7.1,-6.37,-1.04,18.2,81.8,0,0,2.1,1.1,2.1,1.06,1.04,0.05,0.02,1.1
2022,781,Diontae Johnson,PIT,WR,1,4,NYJ,14.545454545454545,7.2727272727272725,88.3,32,97,4,15.4,0.34,0.13,9.25,37,9.9,11,5.4,2.75,5.5,2,50,12,6,5,2.5,0,0.35,0,0,1,0,1,0.031,16.7,3,14.3,1,25,4,100,1,0,1,25,0,0,0,0,0,0,16,-4.53,-1.132,84.4,15.6,0,0,4.2,10.1,4.2,10.08,-5.88,0.1,0.28,9.1
2022,782,Lil'Jordan Humphrey,NE,WR,1,2,PIT,10.81081081081081,50,39.4,4,10.5,2,5.7,2.75,0.5,6,12,3.9,11,4.4,5.5,11,1,50,4,4,1,1,0,0,0,0,0,0,0,0,66.7,2,8.3,0,0,1,50,0,0,0,0,0,0,0,0,0,0,40,-1.21,0.14,25,75,0,0,2.1,1.9,2.1,1.94,0.16,0.53,0.49,1.9
2022,783,Jeff Smith,NYJ,WR,1,5,MIA,4.3478260869565215,33.33333333333333,19.6,1,4.2,1,4.8,11,1,3,3,1.5,11,5.2,11,11,1,100,8,8,1,1,0,0,0,0,0,0,1,1,112.5,1,7.7,0,0,1,100,0,0,0,0,0,0,0,0,0,0,50,5.55,1.619,100,0,0,0,2.1,1.7,2.1,1.69,0.41,2.1,1.69,1.7
2022,784,Andy Isabella,ARZ,WR,1,3,LA,43.58974358974359,40,38.3,17,27.4,2,3.4,0.65,0.12,17.5,35,11.1,11,3.5,5.5,11,1,50,1,1,0,0,0,0,0,0,0,0,1,0.059,66.7,2,4.3,0,0,1,50,1,0,0,0,0,0,0,0,0,0,10,-3.99,0.304,94.1,5.9,0,0,2.1,2.2,2.1,2.24,-0.14,0.12,0.13,2.2
2022,785,Darius Slayton,NYG,WR,1,4,CHI,16.666666666666664,16.666666666666664,62.3,10,45.5,2,12.5,1.1,0.2,27.5,55,40.1,11,13.4,5.5,11,1,50,7,7,5,5,0,0,0,0,0,0,1,0.1,27.1,2,20,0,0,1,50,1,0,0,0,1,0,0,0,1,1,22.2,-5.02,0.033,100,0,0,0,2.1,1.9,2.1,1.89,0.21,0.21,0.19,1.9
2022,786,Noah Fant,SEA,TE,1,2,SF,12.871287128712872,8.695652173913043,51.1,13,39.4,2,6.5,0.85,0.15,3.5,7,4,11,5.6,5.5,5.5,2,100,4,2,2,1,0,0,0,0,0,0,0,0,89.6,2,10,0,0,2,100,0,0,0,0,0,0,0,0,0,0,13.3,-0.69,-0.07,7.7,38.5,38.5,15.4,3.1,3.3,3.1,3.35,-0.25,0.24,0.26,3.3
2022,787,Miles Boykin,PIT,WR,1,5,BUF,57.14285714285714,50,6.9,4,7.1,1,1.9,2.75,0.25,12,12,3.3,11,3.4,11,11,1,100,-1,-1,-1,-1,0,0.01,0,0,0,0,1,0.25,112.5,1,2.5,0,0,1,100,0,0,0,0,1,1,100,0,0,0,33.3,1.95,0.863,100,0,0,0,2.1,1.2,2.1,1.19,0.91,0.53,0.3,1.2
2022,788,Colby Parkinson,SEA,TE,1,6,ARZ,20.689655172413794,25,36.4,12,31.6,2,6.5,0.92,0.17,5,10,4.5,11,5.6,5.5,5.5,2,100,1,0.5,1,0.5,0,0.01,0,0,0,0,0,0,89.6,2,7.1,0,0,2,100,0,0,0,0,0,0,0,0,0,0,18.2,-1.08,0.178,41.7,33.3,25,0,3.1,3.6,3.1,3.59,-0.49,0.26,0.3,3.6
2022,789,Jerry Jeudy,DEN,WR,1,2,HST,2.9940119760479043,8.571428571428571,13.8,5,14.3,3,9.7,2.2,0.6,12.33,37,13.2,11,5,3.67,11,1,33.3,8,8,0,0,0,0,0,0,0,0,1,0.2,45.1,2,12.5,0,0,2,66.7,1,0,0,0,1,0,0,0,0,0,60,-5.04,-0.228,60,40,0,0,2.2,3.8,2.2,3.8,-1.6,0.42,0.69,3.5
2022,790,Luke Farrell,JAX,TE,1,6,IND,33.33333333333333,100,10.2,1,3.7,1,4.5,11,1,-2,-2,-2.1,11,6.3,11,11,1,100,13,13,2,2,0,0.01,0,0,0,0,1,1,112.5,1,5,1,100,1,100,0,0,0,0,0,0,0,0,0,0,50,6.15,0.859,0,0,100,0,2.1,1.6,2.1,1.58,0.52,2.1,1.58,1.6
2022,791,Rondale Moore,ARZ,WR,1,4,CAR,28.037383177570092,22.727272727272727,84.3,30,85.7,5,15.6,0.37,0.17,9.4,47,24.2,11,5.3,2.2,3.67,3,60,12,4,2,0.67,0,0.02,0,1,0,0,0,0,64.6,5,26.3,2,40,3,60,1,0,0,0,0,0,0,0,0,0,17.9,-5.75,-0.531,53.3,46.7,0,0,3.7,5.1,3.7,5.09,-1.39,0.14,0.16,4.8
2022,792,Elijah Moore,NYJ,WR,1,5,MIA,8.530805687203792,14.285714285714285,66.1,18,75,4,19,0.61,0.22,19.25,77,38.7,11,5.2,2.75,11,1,25,3,3,1,1,0,0.09,0,1,1,0,1,0.056,39.6,4,30.8,0,0,2,50,2,0,0,0,1,0,0,0,0,0,26.7,-7.98,-0.581,77.8,22.2,0,0,2.1,5.2,2.1,5.2,-3.1,0.12,0.29,5.2
2022,793,Chigoziem Okonkwo,TEN,TE,1,1,NYG,22.22222222222222,20,15,4,11.4,1,3,2.75,0.25,12,12,4.3,11,4.1,11,11,1,100,-1,-1,-1,-1,0,0,0,0,0,0,1,0.25,112.5,1,4.3,0,0,1,100,0,0,0,0,1,1,100,1,1,1,33.3,2.33,1.332,25,50,25,0,1.7,1.6,1.7,1.62,0.08,0.53,0.33,1.3
2022,794,Demarcus Robinson,BLT,WR,1,4,BUF,19.130434782608695,17.647058823529413,57.8,22,57.9,3,10.3,0.45,0.14,4.33,13,10.5,10,6.9,3.33,5,2,66.7,2,1,3,1.5,0,0.01,0,0,0,0,0,0,71.5,2,15.4,0,0,3,100,0,0,0,0,1,0,0,0,0,0,20,-2.88,-0.459,90.9,9.1,0,0,3,4.5,3,4.51,-1.51,0.14,0.21,4.5
2022,795,Mike Williams,LAC,WR,1,1,LV,12.393162393162394,8.16326530612245,92.3,29,82.9,4,11.8,0.34,0.14,4.25,17,7.2,10,3.6,2.5,5,2,50,7,3.5,3,1.5,0,0.02,0,0,0,0,0,0,56.3,4,20,0,0,4,100,0,0,1,25,1,0,0,0,0,0,13.3,-4.09,-0.653,79.3,20.7,0,0,3,6.5,3,6.47,-3.47,0.1,0.22,6.5
2022,796,Noah Brown,DAL,WR,1,6,PHI,19.736842105263158,6.666666666666667,90.6,30,78.9,2,5.3,0.33,0.07,12,24,8.2,10,5.5,5,10,1,50,5,5,5,5,0,0.17,0,1,1,0,1,0.033,64.6,1,4,0,0,2,100,0,0,0,0,1,0,0,0,1,1,6.9,-4.15,0.375,76.7,23.3,0,0,2,3.2,2,3.19,-1.19,0.07,0.11,3.2
2022,797,JuJu Smith-Schuster,KC,WR,1,2,LAC,14.795918367346939,7.6923076923076925,74.1,29,80.6,3,8.6,0.34,0.1,1.67,5,2.2,10,4.3,3.33,3.33,3,100,5,1.67,2,0.67,0,0.04,0,1,0,0,0,0,80.6,1,4.3,0,0,3,100,0,0,0,0,0,0,0,0,0,0,11.1,-2.27,-0.307,44.8,55.2,0,0,4,5.1,4,5.13,-1.13,0.14,0.18,5.1
2022,798,Justin Watson,KC,WR,1,5,LV,8.823529411764707,14.285714285714285,15.9,3,6.3,1,2.3,3.33,0.33,4,4,1.4,10,3.4,10,10,1,100,6,6,1,1,0,0,0,0,0,0,1,0.333,108.3,0,0,0,0,1,100,0,0,0,0,0,0,0,0,0,0,25,3.95,0.563,66.7,33.3,0,0,2,1.7,2,1.71,0.29,0.67,0.57,1.7
2022,799,Brandon Powell,LA,WR,1,1,BUF,4,10,4.5,1,2,1,2.4,10,1,2,2,0.9,10,4.2,10,10,1,100,8,8,2,2,0,0,0,0,0,0,1,1,108.3,1,3.8,0,0,1,100,0,0,0,0,0,0,0,0,0,0,50,4.67,0.818,100,0,0,0,2.3,2.2,2.3,2.17,0.13,2,1.67,1.7
2022,800,Tre'Quan Smith,NO,WR,1,5,SEA,28.37837837837838,30.76923076923077,66.2,21,77.8,4,16,0.48,0.19,11.25,45,25,10,4.8,2.5,10,1,25,6,6,2,2,0,0.06,0,0,0,0,1,0.048,0,3,21.4,0,0,3,75,0,0,0,0,2,0,0,0,0,0,22.2,-6.07,-1.316,33.3,66.7,0,0,2,5.6,2,5.58,-3.58,0.1,0.27,5.6
2022,801,Andy Isabella,ARZ,WR,1,1,KC,38.46153846153847,60,33.3,15,34.1,3,7.9,0.67,0.2,10,30,13.2,10,4.9,3.33,10,1,33.3,4,4,3,3,0,0,0,0,0,0,1,0.067,43.8,2,10.5,0,0,1,33.3,0,0,0,0,0,0,0,0,0,0,33.3,-5.08,-0.085,26.7,73.3,0,0,2,1.7,2,1.68,0.32,0.13,0.11,1.7
2022,802,Joe Fortson,KC,TE,1,4,TB,29.545454545454547,33.33333333333333,28.6,13,30.2,1,2.7,0.77,0.08,8,8,2.8,10,4,10,10,1,100,2,2,1,1,1,0.87,33.3,1,0,0,1,0.077,147.9,1,3.7,0,0,1,100,0,0,0,0,0,0,0,0,0,0,10,2.28,2.448,53.8,30.8,15.4,0,8,7.1,8,7.06,0.94,0.62,0.54,7.1
2022,803,Parris Campbell,IND,WR,1,3,KC,14.957264957264957,8,81.2,35,81.4,2,5.4,0.29,0.06,3.5,7,4.3,10,4.5,5,5,2,100,3,1.5,3,1.5,0,0,0,0,0,0,0,0,87.5,2,9.1,0,0,2,100,0,0,0,0,0,0,0,0,0,0,6.7,-0.75,-0.382,40,60,0,0,3,3.4,3,3.37,-0.37,0.09,0.1,3.4
2022,804,Sean McKeon,DAL,TE,1,6,PHI,60,100,14.1,3,7.9,1,2.6,3.33,0.33,2,2,0.7,10,5.5,10,10,1,100,8,8,3,3,0,0,0,0,0,0,1,0.333,108.3,1,4,0,0,1,100,0,0,0,0,0,0,0,0,0,0,20,3.63,0.708,33.3,0,66.7,0,2,1.7,2,1.66,0.34,0.67,0.55,1.7
2022,805,Donovan Peoples-Jones,CLV,WR,1,3,PIT,13.586956521739129,5.88235294117647,88.7,25,75.8,2,6.5,0.4,0.08,10,20,9.9,10,4.5,5,10,1,50,6,6,1,1,0,0,0,0,0,0,1,0.04,64.6,1,4.5,0,0,1,50,0,0,0,0,0,0,0,0,0,0,8,-3.07,0.151,68,32,0,0,2,1.7,2,1.7,0.3,0.08,0.07,1.7
2022,806,Bryan Edwards,ATL,WR,1,5,TB,16.666666666666664,25,23,6,17.6,1,4,1.67,0.17,5,5,2.3,10,6.8,10,10,1,100,5,5,3,3,0,0,0,0,0,0,0,0,108.3,1,4.8,0,0,1,100,0,0,0,0,0,0,0,0,0,0,14.3,3.64,-0.498,83.3,16.7,0,0,2,1.8,2,1.76,0.24,0.33,0.29,1.8
2022,807,K.J. Hamler,DEN,WR,1,5,IND,34.090909090909086,28.57142857142857,53.5,30,66.7,2,5.1,0.33,0.07,18,36,9.5,10,3.6,5,10,1,50,4,4,2,2,0,0.01,0,0,0,0,0,0,25,1,4,0,0,1,50,1,0,0,0,0,0,0,0,0,0,8,-3.07,-1.767,66.7,33.3,0,0,2,1.9,2,1.92,0.08,0.07,0.06,1.9
2022,808,D'Wayne Eskridge,SEA,WR,1,4,DET,15,12.5,27,6,18.8,1,3.3,1.67,0.17,3,3,1,10,3.1,10,10,1,100,7,7,2,2,0,0,0,0,0,0,1,0.167,108.3,1,3.8,0,0,1,100,0,0,0,0,0,0,0,0,0,0,20,4.55,0.551,50,50,0,0,2.6,2.2,2.6,2.25,0.35,0.33,0.29,1.7
2022,809,Noah Gray,KC,TE,1,1,ARZ,14.285714285714285,15.384615384615385,54.5,9,22,2,5.1,1.11,0.22,8.5,17,5.5,10,2.8,5,10,1,50,3,3,2,2,0,0.77,0,2,1,0,1,0.111,64.6,0,0,0,0,1,50,0,0,0,0,1,0,0,0,0,0,12.5,-2.54,0.347,33.3,11.1,55.6,0,2,6.5,2,6.49,-4.49,0.22,0.72,6.5
2022,810,Jahan Dotson,WAS,WR,1,3,PHI,30.136986301369863,33.33333333333333,86.5,44,80,7,16.3,0.23,0.16,13.57,95,30,10,4.7,1.43,5,2,28.6,7,3.5,4,2,0,0.02,0,0,0,0,0,0,39.6,7,20,1,14.3,3,42.9,2,0,1,14.3,1,0,0,0,0,0,20,-7.35,-0.577,77.3,22.7,0,0,3,5.7,3,5.71,-2.71,0.07,0.13,5.7
2022,811,Velus Jones,CHI,WR,1,6,WAS,60,50,15.9,3,7.1,1,3.7,3.33,0.33,-3,-3,-1.1,10,5.3,10,10,1,100,13,13,2,2,0,0,0,0,0,0,1,0.333,108.3,1,5.3,1,100,1,100,0,0,0,0,0,0,0,0,0,0,100,5.06,1.861,33.3,66.7,0,0,2.8,1.9,2.8,1.9,0.9,0.67,0.5,1.5
2022,812,Cameron Brate,TB,TE,1,2,NO,17.796610169491526,9.523809523809524,56.9,21,60,2,5.9,0.43,0.1,9.5,19,6.4,9,4.7,4.5,9,1,50,6,6,2,2,0,0,0,0,0,0,0,0,62.5,2,6.7,0,0,1,50,0,0,0,0,0,0,0,0,2,2,8.7,-3.76,0.822,28.6,33.3,38.1,0,1.9,1.6,1.9,1.62,0.28,0.09,0.08,1.6
2022,813,Amari Cooper,CLV,WR,1,4,ATL,17.1875,5.660377358490567,85.9,33,86.8,3,8.6,0.27,0.09,14.33,43,15.2,9,3.8,3,9,1,33.3,5,5,5,5,0,0,0,1,1,0,1,0.03,42.4,3,15.8,0,0,1,33.3,1,0,0,0,0,0,0,0,1,1,11.1,-6.62,-0.183,69.7,30.3,0,0,1.9,1.7,1.9,1.74,0.16,0.06,0.05,1.7
2022,814,DeVante Parker,NE,WR,1,1,MIA,20.26143790849673,9.090909090909092,100,31,93.9,2,6.7,0.29,0.06,12.5,25,9.5,9,4.2,4.5,9,1,50,6,6,6,6,0,0,0,0,1,0,1,0.032,22.9,1,6.3,0,0,1,50,1,0,0,0,0,0,0,0,1,1,6.9,-4.19,-2.65,96.8,3.2,0,0,1.9,1.6,1.9,1.65,0.25,0.06,0.05,1.6
2022,815,DeAndre Carter,LAC,WR,1,5,CLV,12.138728323699421,9.523809523809524,59.4,21,55.3,2,5.9,0.43,0.1,0.5,1,0.6,9,3.9,4.5,4.5,2,100,8,4,1,0.5,0,0.23,0,1,0,0,1,0.048,85.4,2,6.9,0,0,2,100,0,0,0,0,0,0,0,0,0,0,11.1,-1,0.392,23.8,71.4,0,4.8,2.9,4.4,2.9,4.39,-1.49,0.14,0.21,4.4
2022,816,Jamison Crowder,BUF,WR,1,3,MIA,49.23076923076923,25,48.9,32,45.1,3,4.8,0.28,0.09,16,48,14.5,9,2.3,3,9,1,33.3,5,5,-1,-1,0,0,0,0,0,0,0,0,42.4,3,7.9,0,0,1,33.3,2,0,0,0,1,0,0,0,0,0,11.1,-6.97,-0.23,15.6,84.4,0,0,1.9,1.8,1.9,1.75,0.15,0.06,0.05,1.8
2022,817,Tyler Kroft,SF,TE,1,1,CHI,72.22222222222221,100,55.2,13,38.2,3,10.7,0.69,0.23,8.33,25,13.4,9,5.5,3,9,1,33.3,4,4,0,0,0,0,0,0,0,0,0,0,42.4,2,10.5,1,33.3,1,33.3,1,0,0,0,0,0,0,0,0,0,23.1,-4.3,-0.354,0,30.8,69.2,0,1.9,1.8,1.9,1.77,0.13,0.15,0.14,1.8
2022,818,Mo Alie-Cox,IND,TE,1,2,JAX,14.953271028037381,21.428571428571427,54.2,16,45.7,3,10,0.56,0.19,8,24,9,9,4.6,3,9,1,33.3,1,1,0,0,0,0.49,0,1,1,0,0,0,42.4,3,15.8,0,0,2,66.7,0,0,0,0,1,0,0,0,0,0,27.3,-5,-0.54,12.5,31.3,56.3,0,1.9,5.3,1.9,5.34,-3.44,0.12,0.33,5.3
2022,819,Mo Alie-Cox,IND,TE,1,3,KC,17.75700934579439,14.285714285714285,60.9,19,44.2,2,5.4,0.47,0.11,2,4,2.5,9,4.1,4.5,9,1,50,3,3,2,2,0,0,0,0,0,0,0,0,62.5,0,0,0,0,2,100,0,0,1,50,0,0,0,0,0,0,9.5,-1.47,0.245,10.5,31.6,57.9,0,1.9,3.4,1.9,3.37,-1.47,0.1,0.18,3.4
2022,820,Isaiah McKenzie,BUF,WR,1,6,KC,20.833333333333336,20,51.4,25,56.8,5,12.5,0.36,0.2,6.2,31,10.7,9,2.7,1.8,4.5,2,40,1,0.5,0,0,0,0.75,0,1,1,0,0,0,47.9,3,14.3,0,0,5,100,0,0,2,40,2,1,50,0,0,0,26.3,-5.09,-0.77,24,76,0,0,2.9,11.7,2.9,11.74,-8.84,0.12,0.47,11.7
2022,821,Evan Engram,JAX,TE,1,3,LAC,15.625,9.375,76,25,62.5,3,7.7,0.36,0.12,8.33,25,12.1,9,3.4,3,9,1,33.3,5,5,4,4,0,1.01,0,1,1,0,1,0.04,42.4,1,3.6,0,0,2,66.7,0,0,0,0,1,0,0,0,1,1,9.4,-4.58,0.159,20,56,16,8,3.9,11.5,3.9,11.5,-7.6,0.08,0.39,9.6
2022,822,Equanimeous St. Brown,CHI,WR,1,4,NYG,24.545454545454547,15.384615384615385,95,27,77.1,2,9.1,0.33,0.07,12,24,13,9,5.5,4.5,9,0,0,0,0,0,0,0,0,0,1,0,0,0,0,39.6,2,12.5,0,0,0,0,1,0,0,0,1,0,0,0,0,0,11.8,-3.96,-0.568,81.5,18.5,0,0,0.9,0,0.9,0.02,0.88,0.03,0,0
2022,823,Richie James,NYG,WR,1,4,CHI,8.403361344537815,12.5,32.8,10,45.5,3,18.8,0.9,0.3,6.67,20,14.6,9,11,3,9,1,33.3,0,0,0,0,0,0.01,0,0,0,0,1,0.1,42.4,2,20,0,0,1,33.3,0,0,0,0,0,0,0,0,0,0,33.3,-3.86,-0.308,20,80,0,0,1.9,2.3,1.9,2.29,-0.39,0.19,0.23,2.3
2022,824,Trent Sherfield,MIA,WR,1,2,BLT,12.598425196850393,12.5,36.2,16,31.4,2,4,0.56,0.13,-0.5,-1,-0.3,9,1.9,4.5,4.5,2,100,10,5,3,1.5,0,0.05,0,1,0,0,1,0.063,85.4,2,5.9,2,100,2,100,0,0,0,0,0,0,0,0,1,0.5,11.8,-0.47,-0.202,68.8,31.3,0,0,2.9,3.1,2.9,3.12,-0.22,0.18,0.2,3.1
2022,825,Deonte Harty,NO,WR,1,2,TB,46.666666666666664,50,16.7,7,14.9,1,2.5,1.29,0.14,10,10,1.9,9,3.8,9,9,1,100,-1,-1,0,0,0,0,0,0,0,0,0,0,104.2,1,3.1,0,0,1,100,0,0,0,0,0,0,0,0,0,0,16.7,1.5,-1.605,28.6,71.4,0,0,1.9,2.2,1.9,2.18,-0.28,0.27,0.31,2.2
2022,826,Lil'Jordan Humphrey,NE,WR,1,4,GB,13.513513513513514,25,53.4,5,20,1,4.8,1.8,0.2,-2,-2,-2,9,6.6,9,9,1,100,11,11,4,4,0,0,0,0,0,0,0,0,104.2,1,6.7,1,100,1,100,0,0,0,0,0,0,0,0,0,0,14.3,3.5,0.819,20,80,0,0,1.9,1.6,1.9,1.55,0.35,0.38,0.31,1.6
2022,827,Parker Hesse,ATL,TE,1,5,TB,20.408163265306122,20,62.3,10,29.4,1,4,0.9,0.1,6,6,2.8,9,6.1,9,9,1,100,3,3,0,0,0,0,0,0,0,0,0,0,104.2,1,4.8,0,0,1,100,0,0,0,0,0,0,0,0,0,0,7.7,1.91,0.784,0,20,70,10,1.9,1.8,1.9,1.84,0.06,0.19,0.18,1.8
2022,828,Mitchell Wilcox,CIN,TE,1,3,NYJ,31.25,33.33333333333333,56.1,10,25.6,1,2.8,0.9,0.1,-1,-1,-0.3,9,3.3,9,9,1,100,10,10,5,5,0,0,0,0,0,0,0,0,104.2,1,3.7,0,0,1,100,0,0,0,0,0,0,0,0,0,0,6.7,4.1,0.476,20,0,70,10,1.9,1.6,1.9,1.64,0.26,0.19,0.16,1.6
2022,829,Josiah Deguara,GB,TE,1,6,NYJ,11.11111111111111,16.666666666666664,7.2,2,4.1,1,2.2,4.5,0.5,4,4,1.1,9,3.5,9,9,1,100,5,5,3,3,0,0,0,0,0,0,0,0,104.2,1,3.1,0,0,1,100,0,0,0,0,0,0,0,0,1,1,50,2.93,0.87,50,0,0,50,1.9,1.7,1.9,1.72,0.18,0.95,0.86,1.7
2022,830,Adam Trautman,NO,TE,1,3,CAR,23.404255319148938,12.5,64.1,11,26.2,1,2.4,0.82,0.09,9,9,2,9,2.5,9,9,1,100,0,0,0,0,0,0,0,0,0,0,0,0,104.2,1,3.8,0,0,1,100,0,0,0,0,0,0,0,0,0,0,5.9,1.74,0.718,0,36.4,63.6,0,1.9,2,1.9,2.05,-0.15,0.17,0.19,2
2022,831,Tylan Wallace,BLT,WR,1,2,MIA,24.137931034482758,20,16.7,7,22.6,1,3.4,1.29,0.14,6,6,1.9,9,2.8,9,9,1,100,3,3,2,2,0,0,0,0,0,0,0,0,104.2,1,4.3,0,0,1,100,0,0,0,0,0,0,0,0,0,0,16.7,2.05,0.094,28.6,71.4,0,0,1.9,1.8,1.9,1.8,0.1,0.27,0.26,1.8
2022,832,Velus Jones,CHI,WR,1,5,MIN,40,50,6.4,2,6.9,1,4.8,4.5,0.5,-5,-5,-2.9,9,4.3,9,9,1,100,14,14,5,5,1,0.18,100,1,0,0,1,0.5,143.8,1,7.1,1,100,1,100,0,0,0,0,0,0,0,0,0,0,100,4.84,1.716,50,50,0,0,7.9,2.3,7.9,2.29,5.61,3.95,1.14,2.3
2022,833,Christian Watson,GB,WR,1,2,CHI,15.555555555555555,27.27272727272727,30.3,7,24.1,3,12,1.29,0.43,-3.67,-11,-8.9,9,3.8,3,3,3,100,20,6.67,1,0.33,0,0.05,0,1,0,0,0,0,79.2,2,11.1,2,66.7,3,100,0,0,0,0,0,0,0,0,0,0,50,-1.71,-0.374,28.6,71.4,0,0,3.9,4.9,3.9,4.87,-0.97,0.56,0.7,4.9
2022,834,Randall Cobb,GB,WR,1,6,NYJ,14.678899082568808,4,36.2,16,32.7,1,2.2,0.5,0.06,-1,-1,-0.3,8,3.1,8,8,1,100,9,9,8,8,0,0,0,0,0,0,0,0,100,1,3.1,1,100,1,100,0,0,0,0,0,0,0,0,1,1,5.6,1.83,0.422,18.8,81.3,0,0,1.8,1.6,1.8,1.58,0.22,0.11,0.1,1.6
2022,835,Demarcus Robinson,BLT,WR,1,5,CIN,20,11.76470588235294,75.4,23,65.7,2,6.3,0.35,0.09,15.5,31,13.1,8,4.6,4,8,1,50,0,0,0,0,0,0.03,0,0,0,0,0,0,20.8,2,11.1,0,0,1,50,1,0,0,0,0,0,0,0,0,0,11.1,-4.86,-1.19,95.7,4.3,0,0,1.8,2.2,1.8,2.25,-0.45,0.08,0.1,2.2
2022,836,Hunter Henry,NE,TE,1,3,BLT,20.8,4.761904761904762,69.8,26,65,1,3.1,0.31,0.04,7,7,1.8,8,2.5,8,8,1,100,1,1,1,1,0,0,0,0,0,0,1,0.038,100,1,5,0,0,1,100,0,0,0,0,1,1,100,0,0,0,4.3,0.69,0.953,15.4,46.2,38.5,0,1.8,1,1.8,0.99,0.81,0.07,0.04,1
2022,837,Dan Arnold,JAX,TE,1,2,IND,23.809523809523807,25,22.4,5,16.7,1,3.3,1.6,0.2,-1,-1,-0.5,8,3.4,8,8,1,100,9,9,3,3,0,0,0,1,0,0,0,0,100,1,4.3,1,100,1,100,0,0,0,0,0,0,0,0,0,0,20,3.1,0.256,0,40,60,0,1.8,1.4,1.8,1.44,0.36,0.36,0.29,1.4
2022,838,Ian Thomas,CAR,TE,1,5,SF,12.5,13.333333333333334,36.9,7,14.6,2,4.8,1.14,0.29,-2.5,-5,-1.7,8,2.9,4,4,2,100,13,6.5,5,2.5,0,0,0,0,0,0,0,0,83.3,1,3.6,1,50,2,100,0,0,0,0,0,0,0,0,1,0.5,16.7,-1.62,-0.114,0,28.6,71.4,0,2.8,3.1,2.8,3.06,-0.26,0.4,0.44,3.1
2022,839,Trent Sherfield,MIA,WR,1,1,NE,7.086614173228346,12.5,33.9,9,25,2,6.1,0.89,0.22,11,22,8.8,8,3,4,8,1,50,1,1,0,0,0,0.01,0,1,0,0,0,0,60.4,1,4.8,0,0,1,50,0,0,0,0,0,0,0,0,0,0,20,-4.74,0.049,77.8,22.2,0,0,1.8,2.1,1.8,2.14,-0.34,0.2,0.24,2.1
2022,840,Durham Smythe,MIA,TE,1,5,NYJ,7.6923076923076925,14.285714285714285,48.4,4,11.1,1,2.9,2,0.25,6,6,2.8,8,4.8,8,8,1,100,2,2,1,1,0,0,0,0,0,0,1,0.25,100,0,0,0,0,1,100,0,0,0,0,0,0,0,0,0,0,20,0.91,0.451,25,0,75,0,7.9,4.5,7.9,4.48,3.42,0.45,0.46,1.9
2022,841,Josh Oliver,BLT,TE,1,3,NE,23.25581395348837,40,39,10,29.4,2,6.9,0.8,0.2,-1.5,-3,-1.1,8,3.7,4,4,2,100,11,5.5,2,1,1,0.1,25,1,1,1,1,0.1,122.9,0,0,0,0,2,100,0,0,0,0,0,0,0,0,0,0,22.2,-2.06,0.749,20,30,50,0,8.8,2.3,8.8,2.3,6.5,0.88,0.23,2.3
2022,842,David Sills,NYG,WR,1,6,BLT,5.825242718446602,14.285714285714285,37.1,6,18.8,2,7.4,1.33,0.33,4,8,4.5,8,4.6,4,8,1,50,7,7,0,0,0,0.01,0,0,0,0,1,0.167,60.4,2,8.3,0,0,1,50,0,0,0,0,0,0,0,0,0,0,28.6,-2.09,0.134,66.7,33.3,0,0,1.8,1.6,1.8,1.61,0.19,0.3,0.27,1.6
2022,843,Kendall Hinton,DEN,WR,1,6,LAC,10.81081081081081,16.666666666666664,21.8,8,23.5,1,3.6,1,0.13,5,5,2,8,4.3,8,8,1,100,3,3,2,2,0,0,0,0,0,0,0,0,100,1,5.9,0,0,1,100,0,0,0,0,0,0,0,0,0,0,20,1.64,0.682,75,25,0,0,1.8,1.7,1.8,1.7,0.1,0.23,0.21,1.7
2022,844,Darnell Mooney,CHI,WR,1,1,SF,15.068493150684931,9.67741935483871,89.3,22,95.7,3,17.6,0.36,0.14,12,36,26.1,8,6.6,2.67,8,1,33.3,9,9,1,1,0,0.01,0,0,0,0,0,0,2.8,3,25,1,33.3,1,33.3,1,0,0,0,0,0,0,0,0,0,20,-6.07,-1.116,50,50,0,0,1.8,1.6,1.8,1.57,0.23,0.08,0.07,1.6
2022,845,Adam Trautman,NO,TE,1,6,CIN,4.25531914893617,12.5,22.5,2,5.4,1,2.8,4,0.5,4,4,1.5,8,4.5,8,8,1,100,4,4,2,2,0,0,0,0,0,0,0,0,100,1,5,0,0,1,100,0,0,0,0,0,0,0,0,0,0,33.3,1.93,0.456,0,50,50,0,1.8,1.7,1.8,1.65,0.15,0.9,0.83,1.7
2022,846,Tylan Wallace,BLT,WR,1,5,CIN,27.586206896551722,40,19.7,8,22.9,2,6.3,1,0.25,19,38,16,8,4.6,4,8,1,50,1,1,0,0,0,0,0,0,0,0,0,0,60.4,1,5.6,0,0,1,50,1,0,0,0,0,0,0,0,0,0,40,-5.83,-1.559,62.5,37.5,0,0,1.8,2,1.8,1.98,-0.18,0.23,0.25,2
2022,847,Garrett Wilson,NYJ,WR,1,6,GB,7.0588235294117645,11.11111111111111,41.5,12,57.1,5,27.8,0.67,0.42,6.6,33,32.4,8,7.3,1.6,8,1,20,2,2,1,1,0,0.03,0,0,0,0,0,0,39.6,5,38.5,0,0,5,100,0,0,0,0,3,0,0,0,0,0,50,-5.25,-1.022,50,50,0,0,1.8,6.8,1.8,6.76,-4.96,0.15,0.56,6.8
2022,848,Isaiah Likely,BLT,TE,1,3,NE,18.29268292682927,7.142857142857142,32.2,15,44.1,1,3.4,0.53,0.07,-2,-2,-0.7,8,3.7,8,8,1,100,10,10,3,3,0,0,0,0,0,0,0,0,100,1,5.6,1,100,1,100,0,0,0,0,0,0,0,0,0,0,8.3,3.15,0.536,26.7,53.3,20,0,1.8,1.6,1.8,1.59,0.21,0.12,0.11,1.6
2022,849,Christian Watson,GB,WR,1,4,NE,13.333333333333334,27.27272727272727,25.4,6,16.2,3,8.6,1.33,0.5,8.67,26,8.8,8,3.2,2.67,8,1,33.3,13,13,4,4,0,0,0,0,0,0,0,0,42.4,2,8.3,1,33.3,1,33.3,1,0,0,0,0,0,0,0,0,0,50,-4.78,-0.266,16.7,83.3,0,0,9.3,2.7,9.3,2.68,6.62,0.3,0.25,1.5
2022,850,A.J. Green,ARZ,WR,1,6,SEA,22.535211267605636,15,69,32,68.1,3,8.1,0.22,0.09,12.33,37,12.7,7,3.2,2.33,3.5,2,66.7,1,0.5,1,0.5,0,0.01,0,0,1,0,0,0,70.1,1,3.6,0,0,2,66.7,1,0,0,0,0,0,0,0,0,0,14.3,-5.66,-1.597,87.5,12.5,0,0,2.7,3.2,2.7,3.19,-0.49,0.08,0.1,3.2
2022,851,Julio Jones,TB,WR,1,4,KC,45.94594594594595,28.57142857142857,30.5,17,32.1,2,3.8,0.41,0.12,25,50,15,7,1.9,3.5,7,1,50,5,5,4,4,0,0,0,0,0,0,1,0.059,58.3,1,2.4,0,0,1,50,1,0,0,0,0,0,0,0,0,0,12.5,-6.67,0.109,82.4,17.6,0,0,1.7,1.7,1.7,1.67,0.03,0.1,0.1,1.7
2022,852,Cameron Brate,TB,TE,1,1,DAL,16.94915254237288,14.285714285714285,67.7,20,69,3,11.1,0.35,0.15,4.67,14,4.9,7,3.3,2.33,7,1,33.3,2,2,1,1,0,0.04,0,0,0,0,1,0.05,42.4,2,10,0,0,2,66.7,0,0,1,33.3,0,0,0,0,0,0,13.6,-4.01,-0.482,10,55,35,0,1.7,4.2,1.7,4.16,-2.46,0.08,0.21,4.2
2022,853,Jarvis Landry,NO,WR,1,4,MIN,20.2020202020202,10,63.2,20,66.7,2,7.1,0.35,0.1,3,6,2,7,3,3.5,3.5,2,100,1,0.5,1,0.5,0,0.01,0,0,0,0,0,0,81.3,2,11.8,0,0,2,100,0,0,0,0,2,2,100,0,0,0,10.5,-2.24,-0.231,15,85,0,0,4.7,2,4.7,2.02,2.68,0.14,0.1,2
2022,854,Allen Robinson,LA,WR,1,4,SF,23.618090452261306,20.689655172413794,98.6,47,83.9,6,12.5,0.15,0.13,15.33,92,35.2,7,2.8,1.17,3.5,2,33.3,1,0.5,1,0.5,0,0.5,0,1,2,0,0,0,42.4,4,12.5,0,0,3,50,3,0,0,0,0,0,0,0,0,0,13,-7.95,-0.643,83,17,0,0,2.7,6.7,2.7,6.75,-4.05,0.06,0.14,6.7
2022,855,Jamison Crowder,BUF,WR,1,4,BLT,13.846153846153847,33.33333333333333,17.7,9,21.4,4,11.1,0.78,0.44,8.75,35,15.3,7,3.3,1.75,7,1,25,2,2,2,2,0,0,0,0,0,0,0,0,39.6,2,11.1,0,0,2,50,1,0,1,25,2,1,50,0,0,0,50,-5.74,-0.439,11.1,88.9,0,0,1.7,2.3,1.7,2.35,-0.65,0.19,0.26,2.3
2022,856,Austin Hooper,TEN,TE,1,5,WAS,24.096385542168676,11.11111111111111,53.2,20,64.5,1,4,0.35,0.05,6,6,3,7,3.9,7,7,1,100,1,1,0,0,0,0.06,0,1,0,0,1,0.05,95.8,1,6.3,0,0,1,100,0,0,0,0,0,0,0,0,0,0,6.7,-0.09,2.285,30,40,30,0,1.7,1.9,1.7,1.91,-0.21,0.08,0.1,1.9
2022,857,Tyler Higbee,LA,TE,1,6,CAR,9.444444444444445,4.25531914893617,77.8,17,50,2,6.1,0.41,0.12,5,10,7.5,7,2.8,3.5,7,1,50,5,5,1,1,0,0,0,0,0,0,0,0,58.3,2,8,0,0,1,50,0,0,0,0,1,0,0,0,0,0,8,-3.55,-0.021,35.3,29.4,35.3,0,1.7,1.7,1.7,1.7,0,0.1,0.1,1.7
2022,858,Mo Alie-Cox,IND,TE,1,5,DEN,15.887850467289718,7.142857142857142,42.5,17,35.4,1,2.4,0.41,0.06,3,3,1.4,7,2.8,7,7,1,100,4,4,2,2,0,0,0,0,0,0,0,0,95.8,0,0,0,0,1,100,0,0,0,0,0,0,0,0,0,0,6.7,0.68,-0.436,11.8,47.1,41.2,0,1.7,1.7,1.7,1.68,0.02,0.1,0.1,1.7
2022,859,Zach Pascal,PHI,WR,1,1,DET,13.513513513513514,14.285714285714285,22.2,5,11.4,1,3.1,1.4,0.2,2,2,1.6,7,2.9,7,7,1,100,5,5,0,0,0,0.01,0,0,0,0,1,0.2,95.8,1,5.3,0,0,1,100,0,0,0,0,0,0,0,0,0,0,20,1.67,1.672,20,60,20,0,1.7,1.8,1.7,1.75,-0.05,0.34,0.35,1.8
2022,860,O.J. Howard,HST,TE,1,2,DEN,8.16326530612245,10,28.8,4,9.8,1,2.6,1.75,0.25,7,7,2.1,7,4,7,7,1,100,0,0,0,0,0,0,0,0,0,0,0,0,95.8,1,3.7,0,0,1,100,0,0,0,0,1,1,100,0,0,0,12.5,-0.31,0.302,0,0,100,0,1.7,1.3,1.7,1.34,0.36,0.42,0.33,1.3
2022,861,David Njoku,CLV,TE,1,1,CAR,14.117647058823529,3.125,86.5,24,63.2,1,2.9,0.29,0.04,2,2,0.9,7,4.8,7,7,1,100,5,5,1,1,0,0.01,0,0,0,0,0,0,95.8,0,0,0,0,1,100,0,0,0,0,0,0,0,0,0,0,3.6,0.63,-0.636,12.5,50,37.5,0,1.7,1.8,1.7,1.85,-0.15,0.07,0.08,1.8
2022,862,Cam Sims,WAS,WR,1,5,TEN,38.983050847457626,28.57142857142857,56.9,23,53.5,2,5.3,0.3,0.09,12.5,25,7.6,7,1.9,3.5,7,1,50,0,0,0,0,0,0.01,0,0,0,0,0,0,58.3,2,9.5,0,0,2,100,0,0,0,0,0,0,0,0,0,0,9.5,-5.48,-0.504,69.6,30.4,0,0,1.7,4.7,1.7,4.75,-3.05,0.07,0.21,4.7
2022,863,D.J. Moore,CAR,WR,1,6,LA,10.614525139664805,16.216216216216218,100,19,82.6,6,28.6,0.37,0.32,6,36,138.5,7,5.9,1.17,2.33,3,50,6,2,3,1,0,0.04,0,1,0,0,0,0,56.3,6,33.3,2,33.3,4,66.7,1,0,0,0,2,1,50,0,0,0,30,-6.03,-0.851,84.2,15.8,0,0,3.7,5.6,3.7,5.57,-1.87,0.19,0.29,5.6
2022,864,Hayden Hurst,CIN,TE,1,3,NYJ,10.75268817204301,6.896551724137931,39.4,20,51.3,2,5.6,0.35,0.1,3.5,7,2.4,7,2.5,3.5,7,1,50,3,3,2,2,0,0.04,0,0,0,0,1,0.05,58.3,2,7.4,0,0,2,100,0,0,1,50,0,0,0,0,0,0,10.5,-2.69,0.241,30,25,45,0,1.7,3.7,1.7,3.74,-2.04,0.08,0.19,3.7
2022,865,Andrew Beck,DEN,TE,1,6,LAC,20,20,27.3,5,14.7,1,3.6,1.4,0.2,1,1,0.4,7,3.7,7,7,1,100,6,6,2,2,0,0,0,0,0,0,0,0,95.8,1,5.9,0,0,1,100,0,0,0,0,0,0,0,1,0,0,20,1.22,0.453,0,0,60,40,1.7,1.6,1.7,1.62,0.08,0.34,0.32,1.6
2022,866,Irv Smith,MIN,TE,1,6,MIA,13.846153846153847,14.814814814814813,62,18,54.5,4,13.3,0.39,0.22,1.5,6,3.9,7,4,1.75,1.75,4,100,10,2.5,5,1.25,1,0.86,50,1,1,1,1,0.056,118.8,2,8.7,1,25,4,100,0,0,0,0,0,0,0,0,0,0,20,-4.45,-0.532,11.1,16.7,72.2,0,10.7,10.9,10.7,10.91,-0.21,0.59,0.61,10.9
2022,867,Ashton Dulin,IND,WR,1,3,KC,13.333333333333334,5.88235294117647,24.6,8,18.6,1,2.7,0.88,0.13,3,3,1.8,7,3.2,7,7,1,100,4,4,4,4,0,0.01,0,0,0,0,1,0.125,95.8,1,4.5,0,0,1,100,0,0,0,0,0,0,0,0,0,0,14.3,1.55,1.205,50,50,0,0,1.7,1.7,1.7,1.67,0.03,0.21,0.21,1.7
2022,868,Tommy Sweeney,BUF,TE,1,6,KC,8.333333333333332,100,11.1,1,2.3,1,2.5,7,1,-1,-1,-0.3,7,2.1,7,7,1,100,8,8,0,0,0,0,0,0,0,0,1,1,95.8,1,4.8,0,0,1,100,0,0,0,0,0,0,0,0,0,0,100,2.1,0.801,0,0,100,0,1.7,1.5,1.7,1.55,0.15,1.7,1.55,1.5
2022,869,Kendall Blanton,LA,TE,1,4,SF,57.14285714285714,50,11,4,7.1,1,2.1,1.75,0.25,6,6,2.3,7,2.8,7,7,1,100,1,1,1,1,0,0,0,0,0,0,0,0,95.8,1,3.1,0,0,1,100,0,0,0,0,0,0,0,0,0,0,20,-0.09,0.113,25,0,75,0,1.7,1.8,1.7,1.81,-0.11,0.42,0.45,1.8
2022,870,James Proche,BLT,WR,1,5,CIN,58.333333333333336,100,24.6,14,40,2,6.3,0.5,0.14,0.5,1,0.4,7,4,3.5,7,1,50,3,3,3,3,0,0,0,0,0,0,0,0,58.3,1,5.6,0,0,1,50,0,0,0,0,0,0,0,0,0,0,18.2,-2,-0.219,14.3,85.7,0,0,1.7,1.7,1.7,1.73,-0.03,0.12,0.12,1.7
2022,871,Jalen Reagor,MIN,WR,1,2,PHI,61.53846153846154,40,16.9,8,16,2,4.3,0.88,0.25,1,2,0.8,7,3.2,3.5,7,1,50,8,8,8,8,0,0,0,0,0,0,0,0,58.3,2,6.9,1,50,1,50,0,0,0,0,0,0,0,0,1,1,25,-2.31,-0.314,62.5,25,0,12.5,3.4,1.8,3.4,1.83,1.57,0.21,0.19,1.5
2022,872,Noah Gray,KC,TE,1,5,LV,12.698412698412698,15.384615384615385,40.6,8,16.7,2,4.7,0.88,0.25,2,4,1.4,7,2.4,3.5,7,1,50,10,10,8,8,0,0.01,0,0,0,0,0,0,58.3,0,0,0,0,2,100,0,0,0,0,1,0,0,0,1,1,14.3,-3.09,-0.187,25,12.5,62.5,0,1.7,2.5,1.7,2.51,-0.81,0.21,0.31,2.5
2022,873,Kylen Granson,IND,TE,1,3,KC,9.734513274336283,9.523809523809524,42,11,25.6,2,5.4,0.64,0.18,3,6,3.7,7,3.2,3.5,3.5,2,100,1,0.5,1,0.5,0,0.01,0,0,0,0,0,0,81.3,1,4.5,0,0,2,100,0,0,0,0,1,1,100,0,0,0,20,-2.72,-0.235,9.1,63.6,27.3,0,2.7,2.9,2.7,2.86,-0.16,0.25,0.26,2.9
2022,874,Tommy Tremble,CAR,TE,1,3,NO,13.698630136986301,12.5,39,10,35.7,1,4,0.7,0.1,5,5,3.8,7,4.1,7,7,1,100,2,2,0,0,0,0.01,0,0,0,0,0,0,95.8,1,6.7,0,0,1,100,0,0,0,0,0,0,0,0,0,0,14.3,0.52,-0.172,0,0,100,0,1.7,1.8,1.7,1.82,-0.12,0.17,0.18,1.8
2022,875,Kyle Philips,TEN,WR,1,5,WAS,31.914893617021278,15.384615384615385,27.4,15,48.4,2,8,0.47,0.13,5.5,11,5.6,7,3.9,3.5,7,1,50,4,4,2,2,0,0,0,0,0,0,0,0,58.3,0,0,0,0,2,100,0,0,0,0,1,0,0,0,0,0,20,-2.98,-0.391,40,46.7,0,13.3,1.7,2.2,1.7,2.25,-0.55,0.11,0.15,2.2
2022,876,Isaiah Likely,BLT,TE,1,5,CIN,10.975609756097562,14.285714285714285,23,9,25.7,2,6.3,0.78,0.22,-0.5,-1,-0.4,7,4,3.5,3.5,2,100,8,4,2,1,0,0.28,0,1,0,0,0,0,81.3,2,11.1,0,0,2,100,0,0,0,0,0,0,0,0,0,0,25,-2.62,-0.613,11.1,66.7,22.2,0,2.7,4.5,2.7,4.48,-1.78,0.3,0.5,4.5
2022,877,Jake Ferguson,DAL,TE,1,4,WAS,7.894736842105263,10,28.1,3,10.3,1,3.7,2.33,0.33,8,8,3.3,7,3.1,7,7,1,100,-1,-1,-1,-1,0,0.08,0,1,0,0,0,0,95.8,0,0,0,0,1,100,0,0,0,0,1,1,100,0,0,0,14.3,-0.72,-0.774,66.7,0,33.3,0,1.7,1.6,1.7,1.6,0.1,0.57,0.53,1.6
2022,878,Tyquan Thornton,NE,WR,1,5,DET,36.84210526315789,37.5,42.9,14,63.6,3,14.3,0.5,0.21,13.67,41,24.8,7,3.7,2.33,3.5,2,66.7,3,1.5,0,0,0,0.01,0,0,0,0,0,0,70.1,1,6.3,1,33.3,2,66.7,1,0,0,0,1,1,100,0,0,0,23.1,-6.78,-0.319,78.6,21.4,0,0,2.7,2.9,2.7,2.89,-0.19,0.19,0.21,2.9
2022,879,Austin Hooper,TEN,TE,1,1,NYG,25.301204819277107,11.11111111111111,61.7,21,60,1,3,0.29,0.05,4,4,1.4,6,2.3,6,6,1,100,2,2,0,0,0,0,0,0,0,0,0,0,91.7,1,4.3,0,0,1,100,0,0,0,0,0,0,0,0,0,0,4.8,-0.07,0.208,19,52.4,28.6,0,1.6,1.7,1.6,1.73,-0.13,0.08,0.08,1.7
2022,880,Johnny Mundt,MIN,TE,1,5,CHI,13.793103448275861,15.384615384615385,45.9,8,18.2,2,4.8,0.75,0.25,-2,-4,-2.5,6,1.9,3,3,2,100,10,5,2,1,0,0.03,0,0,0,0,0,0,79.2,2,7.4,1,50,2,100,0,0,0,0,0,0,0,0,0,0,16.7,-2.07,-0.441,12.5,12.5,75,0,2.6,3.4,2.6,3.37,-0.77,0.33,0.42,3.4
2022,881,Curtis Samuel,WAS,WR,1,6,CHI,8.878504672897195,8.51063829787234,86.8,19,76,4,18.2,0.32,0.21,9.25,37,27.4,6,6.1,1.5,3,2,50,9,4.5,8,4,0,0.27,0,2,0,0,0,0,56.3,3,20,1,25,4,100,1,0,2,50,0,0,0,0,1,0.5,21.1,-5.92,-0.237,31.6,68.4,0,0,2.6,9,2.6,9.04,-6.44,0.14,0.48,9
2022,882,Anthony Firkser,ATL,TE,1,1,NO,7.4074074074074066,50,4.2,2,5.3,2,6.1,3,1,4,8,2.9,6,2.8,3,6,1,50,2,2,1,1,0,0,0,1,0,0,0,0,56.3,2,8.7,0,0,1,50,0,0,0,0,1,0,0,0,0,0,66.7,-3.07,-0.891,0,50,50,0,1.6,2,1.6,1.98,-0.38,0.8,0.99,2
2022,883,Jamal Agnew,JAX,WR,1,1,WAS,10,9.090909090909092,8.1,3,6.7,1,2.4,2,0.33,-3,-3,-0.8,6,2.2,6,6,1,100,9,9,4,4,0,0,0,0,0,0,0,0,91.7,1,3.3,1,100,1,100,0,0,0,0,0,0,0,0,0,0,33.3,1.06,0.341,33.3,66.7,0,0,2.2,2.2,2.2,2.17,0.03,0.53,0.53,1.6
2022,884,Mason Schreck,HST,TE,1,5,JAX,38.88888888888889,50,42.9,7,28,1,4.2,0.86,0.14,5,5,4.2,6,4.3,6,6,1,100,1,1,0,0,0,0,0,0,0,0,0,0,91.7,1,5,0,0,1,100,0,0,0,0,0,0,0,0,0,0,11.1,-0.48,0.337,0,0,100,0,1.6,1.8,1.6,1.76,-0.16,0.23,0.25,1.8
2022,885,Cam Sims,WAS,WR,1,6,CHI,28.8135593220339,28.57142857142857,73.6,17,68,2,9.1,0.35,0.12,5.5,11,8.1,6,6.1,3,6,1,50,2,2,1,1,0,0,0,0,0,0,0,0,56.3,2,13.3,0,0,2,100,0,0,0,0,2,1,50,0,0,0,11.1,-3.56,-0.224,76.5,23.5,0,0,1.6,2.1,1.6,2.07,-0.47,0.09,0.12,2.1
2022,886,Ian Thomas,CAR,TE,1,4,ARZ,7.142857142857142,20,29.4,4,10.5,3,8.3,1.5,0.75,3.33,10,5,6,3,2,6,1,33.3,1,1,1,1,0,0,0,0,0,0,0,0,42.4,3,12.5,1,33.3,3,100,0,0,1,33.3,1,0,0,0,0,0,42.9,-4.69,-0.709,0,50,50,0,1.6,4.7,1.6,4.74,-3.14,0.4,1.18,4.7
2022,887,Ray-Ray McCloud,SF,WR,1,4,LA,9.615384615384617,28.57142857142857,18.4,5,17.9,2,7.4,1.2,0.4,18,36,26.3,6,2.5,3,6,1,50,7,7,2,2,0,0,0,0,0,0,0,0,56.3,2,11.1,1,50,1,50,1,0,0,0,0,0,0,0,0,0,50,-7.5,-0.193,60,40,0,0,1.6,1.8,1.6,1.81,-0.21,0.32,0.36,1.8
2022,888,Braxton Berrios,NYJ,WR,1,4,PIT,3.1746031746031744,10,10.4,2,5,1,2.7,3,0.5,-2,-2,-0.8,6,2.4,6,6,1,100,8,8,2,2,0,0.07,0,1,0,0,0,0,91.7,1,4.8,1,100,1,100,0,0,0,0,0,0,0,0,0,0,33.3,0.5,0.063,100,0,0,0,5.7,5.9,5.68,5.85,-0.17,0.8,0.89,1.8
2022,889,Braxton Berrios,NYJ,WR,1,6,GB,6.349206349206349,10,30.2,4,19,1,5.6,1.5,0.25,6,6,5.9,6,5.5,6,6,1,100,0,0,0,0,0,0.01,0,0,0,0,0,0,91.7,1,7.7,0,0,1,100,0,0,0,0,0,0,0,0,0,0,20,-0.95,0.256,50,50,0,0,9.6,4,9.6,4.03,5.57,0.4,0.48,1.9
2022,890,Trent Sherfield,MIA,WR,1,6,MIN,27.559055118110237,25,65.8,35,63.6,4,8.5,0.17,0.11,6,24,5.9,6,1.4,1.5,6,1,25,1,1,1,1,0,0,0,0,0,0,0,0,0,3,10.3,0,0,1,25,0,0,0,0,2,1,50,0,0,0,12.9,-5.49,-1.509,51.4,48.6,0,0,1.6,1.2,1.6,1.17,0.43,0.05,0.03,1.2
2022,891,Brandon Powell,LA,WR,1,2,ATL,16,10,9.5,4,10.8,1,2.8,1.5,0.25,5,5,2,6,2.2,6,6,1,100,1,1,0,0,0,0,0,0,0,0,0,0,91.7,1,3.3,0,0,1,100,0,0,0,0,0,0,0,0,0,0,25,-0.36,0.257,25,75,0,0,-1,1.8,-1,1.79,-2.79,0.4,0.45,1.8
2022,892,Mike Gesicki,MIA,TE,1,3,BUF,4.477611940298507,5.555555555555555,35.9,6,27.3,1,5,1,0.17,-1,-1,-0.6,6,3.2,6,6,1,100,7,7,2,2,0,0,0,0,0,0,0,0,91.7,1,5.9,0,0,1,100,0,0,0,0,0,0,0,0,0,0,14.3,1.1,0.138,0,83.3,16.7,0,1.6,1.6,1.6,1.56,0.04,0.27,0.26,1.6
2022,893,T.J. Hockenson,DET,TE,1,5,NE,19.594594594594593,11.76470588235294,84.4,29,74.4,4,11.4,0.21,0.14,11.75,47,17.1,6,2.6,1.5,6,1,25,1,1,1,1,0,0.01,0,2,1,0,0,0,0,4,16.7,0,0,1,25,0,0,0,0,2,0,0,0,0,0,15.4,-7.64,-1.416,20.7,51.7,27.6,0,1.6,1.7,1.6,1.72,-0.12,0.06,0.06,1.7
2022,894,Chris Myarick,NYG,TE,1,3,DAL,22.22222222222222,33.33333333333333,31.3,6,12.2,1,2.7,1,0.17,3,3,1.5,6,3.1,6,6,1,100,3,3,1,1,0,0,0,0,0,0,0,0,91.7,0,0,0,0,1,100,0,0,0,0,0,0,0,0,0,0,16.7,-0.32,1.375,0,16.7,83.3,0,1.6,1.7,1.6,1.69,-0.09,0.27,0.28,1.7
2022,895,Greg Dortch,ARZ,WR,1,4,CAR,9.219858156028367,4.3478260869565215,37.1,13,37.1,1,3.1,0.46,0.08,5,5,2.6,6,2.9,6,6,1,100,1,1,0,0,0,0.01,0,0,0,0,1,0.077,91.7,0,0,0,0,1,100,0,0,0,0,1,1,100,0,0,0,6.3,-0.36,0.618,23.1,76.9,0,0,1.6,1.2,1.6,1.25,0.35,0.12,0.1,1.2
2022,896,K.J. Osborn,MIN,WR,1,4,NO,18.452380952380953,7.6923076923076925,83.6,31,73.8,2,5.1,0.19,0.06,4.5,9,3.2,6,2.1,3,6,1,50,1,1,0,0,0,0,0,0,0,0,1,0.032,56.3,2,7.4,0,0,2,100,0,0,1,50,0,0,0,0,0,0,7.1,-3.21,0.155,22.6,77.4,0,0,1.5,3.8,1.5,3.75,-2.25,0.05,0.11,3.4
2022,897,Quintin Morris,BUF,TE,1,2,TEN,8.064516129032258,14.285714285714285,43.1,5,11.9,1,2.5,1.2,0.2,2,2,0.6,6,1.9,6,6,1,100,4,4,1,1,0,0,0,0,0,0,0,0,91.7,0,0,0,0,1,100,0,0,0,0,0,0,0,0,0,0,9.1,-0.37,0.348,0,60,40,0,1.6,1.7,1.6,1.68,-0.08,0.32,0.34,1.7
2022,898,D'Wayne Eskridge,SEA,WR,1,2,SF,10,12.5,12.8,4,12.1,1,3.2,1.5,0.25,-3,-3,-1.7,6,3,6,6,1,100,9,9,3,3,0,0,0,0,0,0,0,0,91.7,1,5,1,100,1,100,0,0,0,0,0,0,0,0,0,0,25,1.06,-0.373,25,75,0,0,1.6,1.7,1.6,1.65,-0.05,0.4,0.41,1.7
2022,899,Dyami Brown,WAS,WR,1,4,DAL,38.297872340425535,50,28.2,18,40,4,9.5,0.33,0.22,18.25,73,23.1,6,3.5,1.5,6,1,25,2,2,2,2,0,0,0,0,0,0,1,0.056,39.6,2,8,0,0,1,25,1,0,0,0,0,0,0,0,1,1,25,-8.22,-0.298,88.9,11.1,0,0,1.6,1.8,1.6,1.81,-0.21,0.09,0.1,1.8
2022,900,Dax Milne,WAS,WR,1,2,DET,16.666666666666664,25,2.8,2,3.8,1,2.2,3,0.5,3,3,0.8,6,1.8,6,6,1,100,3,3,2,2,0,0.1,0,1,0,0,0,0,91.7,1,4,0,0,1,100,0,0,0,0,1,1,100,0,0,0,100,0.55,-0.128,0,100,0,0,1.6,1.5,1.6,1.51,0.09,0.8,0.75,1.5
2022,901,David Bell,CLV,WR,1,2,NYJ,12.903225806451612,12.5,27.7,12,37.5,1,3.7,0.5,0.08,5,5,2.9,6,2.6,6,6,1,100,1,1,1,1,0,0,0,0,0,0,0,0,91.7,1,4.3,0,0,1,100,0,0,0,0,0,0,0,0,0,0,11.1,-0.36,-0.034,25,75,0,0,1.6,1.7,1.6,1.72,-0.12,0.13,0.14,1.7
2022,902,David Bell,CLV,WR,1,3,PIT,20.43010752688172,12.5,56.3,19,57.6,1,3.2,0.32,0.05,4,4,2,6,2.7,6,6,1,100,2,2,1,1,0,0.01,0,0,0,0,0,0,91.7,1,4.5,0,0,1,100,0,0,0,0,0,0,0,0,0,0,5.9,-0.05,-0.108,21.1,78.9,0,0,1.6,1.7,1.6,1.71,-0.11,0.08,0.09,1.7
2022,903,David Bell,CLV,WR,1,5,LAC,13.978494623655912,12.5,40,13,36.1,1,2.9,0.46,0.08,6,6,1.9,6,2.6,6,6,1,100,0,0,0,0,0,0.05,0,1,0,0,0,0,91.7,1,3.6,0,0,1,100,0,0,0,0,0,0,0,0,0,0,8.3,-0.95,-0.055,23.1,76.9,0,0,1.6,2,1.6,2.03,-0.43,0.12,0.16,2
2022,904,Cole Beasley,TB,WR,1,4,KC,33.33333333333333,20,6.8,3,5.7,1,1.9,1.67,0.33,-3,-3,-0.9,5,1.3,5,5,1,100,8,8,0,0,0,0,0,0,0,0,0,0,87.5,1,2.4,1,100,1,100,0,0,0,0,0,0,0,0,0,0,33.3,0.06,-0.414,0,100,0,0,1.5,1.7,1.5,1.67,-0.17,0.5,0.56,1.7
2022,905,Logan Thomas,WAS,TE,1,3,PHI,29.565217391304348,15.789473684210526,67.6,34,61.8,3,7,0.15,0.09,3.67,11,3.5,5,2.4,1.67,2.5,2,66.7,2,1,0,0,0,0.28,0,1,0,0,1,0.029,70.1,3,8.6,1,33.3,2,66.7,0,0,0,0,1,0,0,0,0,0,11.1,-4.68,-1.431,11.8,76.5,11.8,0,2.5,4.4,2.5,4.45,-1.95,0.07,0.13,4.4
2022,906,C.J. Uzomah,NYJ,TE,1,3,CIN,17.543859649122805,20,34.2,10,17.9,1,1.9,0.5,0.1,5,5,1.2,5,1.8,5,5,1,100,0,0,0,0,0,0,0,0,0,0,0,0,87.5,1,3.4,0,0,1,100,0,0,0,0,0,0,0,0,0,0,9.1,-1.48,-0.255,10,10,80,0,1.5,1.7,1.5,1.73,-0.23,0.15,0.17,1.7
2022,907,Geoff Swaim,TEN,TE,1,5,WAS,15.909090909090908,12.5,66.1,7,22.6,1,4,0.71,0.14,4,4,2,5,2.8,5,5,1,100,1,1,0,0,0,0,0,0,0,0,0,0,87.5,0,0,0,0,1,100,0,0,0,0,0,0,0,0,0,0,12.5,-1.07,0.216,0,0,100,0,1.5,1.7,1.5,1.69,-0.19,0.21,0.24,1.7
2022,908,Nick Vannett,NO,TE,1,3,CAR,100,100,7.8,2,4.8,1,2.4,2.5,0.5,3,3,0.7,5,1.4,5,5,1,100,2,2,2,2,0,0,0,0,0,0,0,0,87.5,0,0,0,0,1,100,0,0,0,0,0,0,0,0,0,0,50,-1.32,0.025,0,0,100,0,1.5,1.2,1.5,1.24,0.26,0.75,0.62,1.2
2022,909,Mike Thomas,CIN,WR,1,1,PIT,58.666666666666664,71.42857142857143,68.1,44,67.7,5,9.4,0.11,0.11,14.4,72,18.4,5,1.5,1,5,1,20,1,1,1,1,0,0.29,0,3,2,0,0,0,39.6,4,12.1,0,0,2,40,1,0,1,20,3,1,33.3,0,0,0,13.9,-8.45,-0.533,84.1,15.9,0,0,3.5,3.2,3.5,3.2,0.3,0.03,0.07,3.2
2022,910,Jamal Agnew,JAX,WR,1,6,IND,10,9.090909090909092,6.8,3,11.1,1,4.5,1.67,0.33,-5,-5,-5.2,5,2.9,5,5,1,100,10,10,3,3,0,0,0,0,0,0,0,0,87.5,1,5,1,100,1,100,0,0,0,0,0,0,0,0,0,0,100,0.84,-0.067,0,100,0,0,3.4,2,3.4,2,1.4,0.5,0.53,1.6
2022,911,Noah Brown,DAL,WR,1,5,LA,8.552631578947368,6.666666666666667,77.4,13,68.4,2,12.5,0.38,0.15,6,12,9.9,5,4.9,2.5,5,1,50,0,0,0,0,0,0.04,0,0,0,0,0,0,56.3,2,15.4,0,0,1,50,0,0,0,0,1,1,100,0,0,0,15.4,-4.21,-0.619,38.5,61.5,0,0,1.5,2.1,1.5,2.09,-0.59,0.12,0.16,2.1
2022,912,Trent Sherfield,MIA,WR,1,3,BUF,11.811023622047244,6.25,61.5,15,68.2,1,5,0.33,0.07,2,2,1.1,5,2.7,5,5,1,100,3,3,2,2,0,0.06,0,1,0,0,0,0,87.5,1,5.9,0,0,1,100,0,0,0,0,0,0,0,0,0,0,7.1,-0.33,0.527,26.7,73.3,0,0,1.5,1.6,1.5,1.6,-0.1,0.1,0.11,1.6
2022,913,Trent Sherfield,MIA,WR,1,5,NYJ,18.89763779527559,12.5,66.1,24,66.7,2,5.9,0.21,0.08,14.5,29,13.5,5,3,2.5,5,1,50,0,0,0,0,0,0,0,0,0,0,0,0,56.3,2,11.1,0,0,1,50,1,0,0,0,0,0,0,0,0,0,8.3,-6.56,-0.716,50,50,0,0,1.5,1.8,1.5,1.83,-0.33,0.06,0.08,1.8
2022,914,Durham Smythe,MIA,TE,1,2,BLT,21.153846153846153,14.285714285714285,49.3,11,21.6,1,2,0.45,0.09,3,3,0.8,5,1.1,5,5,1,100,2,2,1,1,0,0.03,0,1,0,0,0,0,87.5,0,0,0,0,1,100,0,0,0,0,0,0,0,0,0,0,5.3,-1.32,0.266,9.1,27.3,63.6,0,1.5,1.6,1.5,1.63,-0.13,0.14,0.15,1.6
2022,915,David Sills,NYG,WR,1,4,CHI,12.62135922330097,14.285714285714285,70.5,13,59.1,2,12.5,0.38,0.15,6.5,13,9.5,5,6.1,2.5,5,1,50,1,1,1,1,0,0.02,0,0,0,0,0,0,56.3,1,10,0,0,2,100,0,0,1,50,0,0,0,0,0,0,20,-4.25,-0.666,76.9,23.1,0,0,1.5,4.1,1.5,4.12,-2.62,0.12,0.32,4.1
2022,916,Parker Hesse,ATL,TE,1,1,NO,22.448979591836736,40,63.4,11,28.9,2,6.1,0.45,0.18,4.5,9,3.3,5,2.3,2.5,5,1,50,4,4,2,2,0,0.26,0,1,0,0,1,0.091,56.3,1,4.3,0,0,2,100,0,0,0,0,1,0,0,0,0,0,10.5,-4.25,0.339,9.1,27.3,54.5,9.1,1.5,4.4,1.5,4.43,-2.93,0.14,0.4,4.4
2022,917,Parker Hesse,ATL,TE,1,2,LA,14.285714285714285,20,64.3,7,21.9,1,3.8,0.71,0.14,4,4,2.2,5,2.6,5,5,1,100,1,1,0,0,0,0.03,0,1,0,0,1,0.143,87.5,1,5,0,0,1,100,0,0,0,0,0,0,0,0,0,0,7.1,-1.07,1.626,28.6,14.3,57.1,0,1.5,1.7,1.5,1.72,-0.22,0.21,0.25,1.7
2022,918,Dawson Knox,BUF,TE,1,1,LA,16.083916083916083,10,84.5,23,60.5,2,6.5,0.22,0.09,1.5,3,1.4,5,1.7,2.5,5,1,50,8,8,4,4,0,0.01,0,0,0,0,0,0,56.3,2,10,1,50,2,100,0,0,1,50,1,0,0,0,0,0,8,-3.98,0.401,17.4,52.2,26.1,4.3,1.5,2.5,1.5,2.5,-1,0.07,0.11,2.5
2022,919,Marquez Callaway,NO,WR,1,5,SEA,21.21212121212121,12.5,71.6,21,77.8,2,8,0.24,0.1,2.5,5,2.8,5,2.4,2.5,2.5,2,100,0,0,2,1,0,0.02,0,0,0,0,1,0.048,79.2,1,7.1,0,0,2,100,0,0,0,0,1,1,100,0,0,0,11.8,-2.89,-0.081,100,0,0,0,2.5,2.8,2.5,2.76,-0.26,0.12,0.13,2.8
2022,920,Jauan Jennings,SF,WR,1,3,DEN,19.27710843373494,15,44.2,16,48.5,3,10.3,0.31,0.19,7.33,22,9.2,5,2.4,1.67,5,1,33.3,-1,-1,0,0,0,0.12,0,0,0,0,1,0.063,42.4,3,16.7,1,33.3,2,66.7,0,0,0,0,1,0,0,0,0,0,21.4,-6.59,-0.192,43.8,56.3,0,0,1.5,4,1.5,4.01,-2.51,0.09,0.25,4
2022,921,Albert Okwuegbunam,DEN,TE,1,5,IND,14.285714285714285,10,21.1,12,26.7,1,2.6,0.42,0.08,-1,-1,-0.3,5,1.8,5,5,1,100,6,6,2,2,0,0.01,0,0,0,0,0,0,87.5,0,0,0,0,1,100,0,0,0,0,0,0,0,0,0,0,8.3,0.1,0.122,16.7,33.3,50,0,1.5,1.7,1.5,1.67,-0.17,0.13,0.14,1.7
2022,922,Brevin Jordan,HST,TE,1,1,IND,58.97435897435898,33.33333333333333,61.8,23,56.1,2,5.4,0.22,0.09,3.5,7,2.7,5,2.1,2.5,5,1,50,1,1,1,1,0,0,0,0,0,0,1,0.043,56.3,2,6.5,0,0,2,100,0,0,0,0,0,0,0,0,0,0,8.3,-3.69,0.377,17.4,52.2,30.4,0,1.5,3.4,1.5,3.4,-1.9,0.07,0.15,3.4
2022,923,Dax Milne,WAS,WR,1,6,CHI,8.333333333333332,25,7.5,1,4,1,4.5,5,1,5,5,3.7,5,5.1,5,5,1,100,0,0,0,0,0,0,0,0,0,0,0,0,87.5,0,0,0,0,1,100,0,0,0,0,0,0,0,0,0,0,100,-1.36,-0.02,0,100,0,0,1.5,1.7,1.5,1.73,-0.23,1.5,1.73,1.7
2022,924,Josh Palmer,LAC,WR,1,1,LV,11.320754716981133,7.894736842105263,76.9,24,68.6,3,8.8,0.21,0.13,0.33,1,0.4,5,1.8,1.67,1.67,3,100,4,1.33,2,0.67,0,0.01,0,0,0,0,0,0,79.2,1,5,1,33.3,3,100,0,0,0,0,0,0,0,0,0,0,12.5,-3.41,-0.48,58.3,41.7,0,0,3.9,5.2,3.9,5.22,-1.32,0.15,0.2,4.8
2022,925,Kyle Philips,TEN,WR,1,2,BUF,19.148936170212767,7.6923076923076925,22.6,9,32.1,1,4.2,0.56,0.11,-3,-3,-1.8,5,4.1,5,5,1,100,8,8,1,1,0,0,0,0,0,0,0,0,87.5,1,8.3,1,100,1,100,0,0,0,0,0,0,0,0,0,0,14.3,0.06,-0.782,33.3,66.7,0,0,1.5,1.7,1.5,1.7,-0.2,0.17,0.19,1.7
2022,926,Wan'Dale Robinson,NYG,WR,1,1,TEN,28.57142857142857,20,15.5,4,13.3,1,4.8,1.25,0.25,5,5,3.8,5,2.7,5,5,1,100,0,0,0,0,0,0,0,0,0,0,1,0.25,87.5,0,0,0,0,1,100,0,0,0,0,1,1,100,0,0,0,25,-1.36,1.363,25,75,0,0,1.5,1.2,1.5,1.2,0.3,0.38,0.3,1.2
2022,927,Austin Hooper,TEN,TE,1,4,IND,16.867469879518072,11.11111111111111,36.5,14,53.8,1,4.8,0.29,0.07,3,3,3.2,4,2.9,4,4,1,100,1,1,1,1,0,0,0,0,0,0,1,0.071,83.3,0,0,0,0,1,100,0,0,0,0,1,1,100,0,0,0,8.3,-2.32,1.147,28.6,50,21.4,0,1.4,1,1.4,1.01,0.39,0.1,0.07,1
2022,928,Kalif Raymond,DET,WR,1,3,MIN,10.256410256410255,6.666666666666667,17.1,8,18.6,1,2.4,0.5,0.13,2,2,0.6,4,1.4,4,4,1,100,2,2,2,2,0,0.01,0,0,0,0,0,0,83.3,1,4.3,0,0,1,100,0,0,0,0,0,0,0,0,2,2,16.7,-1.33,-0.428,37.5,50,12.5,0,1.4,1.7,1.4,1.72,-0.32,0.17,0.21,1.7
2022,929,Keith Kirkwood,NO,WR,1,5,SEA,29.629629629629626,50,37.8,8,29.6,1,4,0.5,0.13,2,2,1.1,4,1.9,4,4,1,100,2,2,1,1,0,0.02,0,0,0,0,0,0,83.3,1,7.1,0,0,1,100,0,0,0,0,0,0,0,0,0,0,10,-1.33,-0.227,25,75,0,0,1.4,1.9,1.4,1.94,-0.54,0.17,0.24,1.9
2022,930,Mecole Hardman,KC,WR,1,4,TB,13.385826771653544,5,48.1,17,39.5,1,2.7,0.24,0.06,-3,-3,-1.1,4,1.6,4,4,1,100,7,7,1,1,0,0,0,0,0,0,0,0,83.3,1,3.7,1,100,1,100,0,0,0,0,0,0,0,0,0,0,6.7,-0.94,-0.062,70.6,29.4,0,0,1.4,1.6,1.4,1.61,-0.21,0.08,0.09,1.6
2022,931,Deonte Harty,NO,WR,1,1,ATL,40,50,12.3,6,15,1,2.9,0.67,0.17,-4,-4,-1.4,4,1.5,4,4,1,100,8,8,2,2,0,0,0,0,0,0,0,0,83.3,1,3.8,1,100,1,100,0,0,0,0,0,0,0,0,0,0,20,-0.49,0.394,83.3,16.7,0,0,1.4,1.5,1.4,1.47,-0.07,0.23,0.25,1.5
2022,932,Zach Gentry,PIT,TE,1,6,TB,25,10,63.9,14,41.2,1,3.3,0.29,0.07,0,0,0,4,1.9,4,4,1,100,4,4,3,3,0,0,0,0,0,0,0,0,83.3,0,0,0,0,1,100,0,0,0,0,0,0,0,0,0,0,6.7,-1.29,-0.706,0,7.1,92.9,0,1.4,1.7,1.4,1.67,-0.27,0.1,0.12,1.7
2022,933,Scott Miller,TB,WR,1,3,GB,42.68292682926829,25,81.4,35,77.8,5,11.9,0.11,0.14,8.8,44,19.3,4,1.5,0.8,4,1,20,2,2,0,0,0,0.07,0,1,0,0,0,0,39.6,4,11.8,0,0,4,80,0,0,0,0,1,0,0,0,0,0,15.2,-7.04,-0.321,77.1,22.9,0,0,1.4,6.4,1.4,6.42,-5.02,0.04,0.18,6.4
2022,934,Chris Myarick,NYG,TE,1,5,GB,14.814814814814813,33.33333333333333,44.1,4,12.9,1,3.7,1,0.25,-2,-2,-1.7,4,1.8,4,4,1,100,6,6,1,1,0,0.05,0,1,0,0,0,0,83.3,0,0,0,0,1,100,0,0,0,0,0,0,0,0,0,0,16.7,-0.85,-0.148,25,0,75,0,1.4,1.6,1.4,1.65,-0.25,0.35,0.41,1.6
2022,935,Marquez Callaway,NO,WR,1,3,CAR,10.1010101010101,6.25,18.8,10,23.8,1,2.4,0.4,0.1,9,9,2,4,1.1,4,4,1,100,0,0,0,0,1,0.51,100,1,1,1,1,0.1,122.9,1,3.8,0,0,1,100,0,0,0,0,1,1,100,1,0,0,14.3,-3.45,1.024,90,10,0,0,7.4,3.7,7.4,3.66,3.74,0.74,0.37,3.7
2022,936,Jauan Jennings,SF,WR,1,2,SEA,13.253012048192772,10,48.6,11,44,2,8.3,0.36,0.18,0.5,1,0.6,4,2.2,2,4,1,50,6,6,2,2,0,0,0,0,0,0,0,0,56.3,1,6.3,0,0,1,50,0,0,0,0,0,0,0,0,0,0,18.2,-3.47,0.367,36.4,63.6,0,0,1.4,1.8,1.4,1.81,-0.41,0.13,0.16,1.8
2022,937,Tylan Wallace,BLT,WR,1,6,NYG,24.137931034482758,20,20.7,7,19.4,1,3.1,0.57,0.14,2,2,0.6,4,1.9,4,4,1,100,2,2,1,1,0,0,0,0,0,0,0,0,83.3,1,3.7,0,0,1,100,0,0,0,0,0,0,0,0,0,0,14.3,-1.33,0.094,85.7,14.3,0,0,1.4,1.7,1.4,1.7,-0.3,0.2,0.24,1.7
2022,938,Jack Stoll,PHI,TE,1,3,WAS,31.818181818181817,66.66666666666666,51.5,14,34.1,2,5.7,0.29,0.14,0,0,0,4,1.2,2,4,1,50,2,2,2,2,0,0,0,1,0,0,0,0,56.3,1,3.8,1,50,1,50,0,0,0,0,0,0,0,0,0,0,15.4,-3.61,-0.362,7.1,28.6,64.3,0,1.4,1.7,1.4,1.75,-0.35,0.1,0.12,1.7
2022,939,Michael Bandy,LAC,WR,1,6,DEN,28.57142857142857,50,6,4,6.6,2,3.5,1,0.5,21,42,12.8,4,1.7,2,4,1,50,0,0,0,0,0,0,0,0,0,0,1,0.25,56.3,0,0,0,0,1,50,1,0,0,0,1,1,100,0,0,0,50,-6.88,0.62,100,0,0,0,1.4,1.1,1.4,1.07,0.33,0.35,0.27,1.1
2022,940,Tre' McKitty,LAC,TE,1,4,HST,14.102564102564102,16.666666666666664,50.7,11,27.5,1,2.6,0.36,0.09,3,3,1.1,4,1.2,4,4,1,100,1,1,0,0,0,0,0,0,0,0,0,0,83.3,0,0,0,0,1,100,0,0,0,0,0,0,0,0,0,0,6.3,-2.32,-0.512,9.1,36.4,54.5,0,1.4,1.6,1.4,1.64,-0.24,0.13,0.15,1.6
2022,941,Montrell Washington,DEN,WR,1,4,LV,15.789473684210526,33.33333333333333,6.3,3,9.7,1,4,1.33,0.33,-3,-3,-1.1,4,1.7,4,4,1,100,7,7,0,0,0,0,0,0,0,0,0,0,83.3,1,5.3,1,100,1,100,0,0,0,0,0,0,0,0,0,0,33.3,-0.94,-1.106,33.3,66.7,0,0,1.4,1.6,1.4,1.61,-0.21,0.47,0.54,1.6
2022,942,Jalen Tolbert,DAL,WR,1,3,NYG,93.33333333333333,100,37.7,14,45.2,2,6.5,0.29,0.14,19,38,14.3,4,1.9,2,4,1,50,1,1,1,1,0,0.02,0,1,0,0,0,0,56.3,2,7.1,0,0,1,50,1,0,0,0,1,1,100,0,0,0,14.3,-7.58,-0.617,100,0,0,0,1.4,1.1,1.4,1.1,0.3,0.1,0.08,1.1
2022,943,Cade Otton,TB,TE,1,2,NO,9.574468085106384,13.333333333333334,50.8,9,25.7,2,5.9,0.44,0.22,5.5,11,3.7,4,2.1,2,4,1,50,4,4,3,3,0,0,0,0,0,0,0,0,56.3,1,3.3,0,0,1,50,0,0,0,0,0,0,0,0,0,0,22.2,-5.01,-0.546,0,0,100,0,1.4,1.6,1.4,1.56,-0.16,0.16,0.17,1.6
2022,944,Mitchell Wilcox,CIN,TE,1,2,DAL,9.375,33.33333333333333,25.4,3,6.7,1,2.8,1,0.33,1,1,0.5,3,1.5,3,3,1,100,2,2,1,1,0,0.01,0,0,0,0,0,0,79.2,1,3.7,0,0,1,100,0,0,0,0,0,0,0,0,0,0,33.3,-2.78,-0.339,33.3,0,66.7,0,1.3,1.7,1.3,1.67,-0.37,0.43,0.56,1.7
2022,945,Tyler Davis,GB,TE,1,1,MIN,23.076923076923077,25,24.6,6,14,1,2.6,0.5,0.17,1,1,0.5,3,1.2,3,3,1,100,2,2,0,0,0,0,0,0,0,0,0,0,79.2,1,3.4,0,0,1,100,0,0,0,0,0,0,0,0,0,0,12.5,-2.78,-0.437,50,33.3,16.7,0,1.3,1.6,1.3,1.62,-0.32,0.22,0.27,1.6
2022,946,Brevin Jordan,HST,TE,1,2,DEN,41.02564102564102,66.66666666666666,35.6,16,39,4,10.5,0.19,0.25,8.75,35,10.7,3,1.7,0.75,1.5,2,50,4,2,0,0,0,0,0,0,0,0,0,0,56.3,2,7.4,0,0,2,50,1,0,0,0,0,0,0,0,0,0,26.7,-6.48,-0.363,25,18.8,56.3,0,2.3,3.2,2.3,3.22,-0.92,0.14,0.2,3.2
2022,947,George Pickens,PIT,WR,1,1,CIN,16.923076923076923,8.571428571428571,70.5,33,80.5,3,7.9,0.09,0.09,14.67,44,14.5,3,1.5,1,3,1,33.3,0,0,0,0,0,0.02,0,0,0,0,0,0,42.4,3,10.7,0,0,1,33.3,1,0,0,0,0,0,0,0,0,0,9.4,-7.64,-0.659,90.9,9.1,0,0,1.3,1.8,1.3,1.8,-0.5,0.04,0.05,1.8
2022,948,Marcedes Lewis,GB,TE,1,5,NYG,27.27272727272727,100,50.8,6,14.6,1,2.6,0.33,0.17,3,3,1.2,2,0.9,2,2,1,100,0,0,0,0,1,0.99,50,1,1,1,1,0.167,118.8,1,3.3,0,0,1,100,0,0,0,0,0,0,0,0,0,0,6.3,-4.32,1.044,16.7,0,83.3,0,7.2,7.2,7.2,7.17,0.03,1.2,1.19,7.2
2022,949,MyCole Pruitt,ATL,TE,1,6,SF,50,100,28.6,1,5.9,1,7.1,2,1,7,7,8.3,2,1.6,2,2,1,100,0,0,0,0,1,0.98,50,1,1,1,1,1,118.8,1,7.7,0,0,1,100,0,0,0,0,1,1,100,0,0,0,100,-5.31,0.88,0,0,100,0,7.2,7,7.2,7.04,0.16,7.2,7.04,7
2022,950,Stephen Anderson,ARZ,TE,1,2,LV,50,100,20.5,3,5.8,1,2,0.67,0.33,2,2,0.8,2,0.7,2,2,1,100,0,0,0,0,0,0,0,0,0,0,0,0,79.2,0,0,0,0,1,100,0,0,0,0,0,0,0,0,0,0,20,-4.37,-0.47,33.3,0,66.7,0,1.2,1.6,1.2,1.62,-0.42,0.4,0.54,1.6
2022,951,Taysom Hill,NO,TE,1,1,ATL,18.75,100,26.3,3,7.5,1,2.9,0.67,0.33,2,2,0.7,2,0.7,2,2,1,100,0,0,0,0,0,0.01,0,0,0,0,0,0,79.2,0,0,0,0,1,100,0,0,0,0,0,0,0,0,0,0,33.3,-4.37,-0.273,66.7,33.3,0,0,15.3,5.9,15.3,5.9,9.4,0.4,0.57,1.7
2022,952,Gerald Everett,LAC,TE,1,5,CLV,16,8.571428571428571,66.7,28,73.7,3,8.8,0.07,0.11,8,24,13.6,2,0.9,0.67,2,1,33.3,0,0,0,0,0,0.34,0,1,0,0,0,0,42.4,3,10.3,0,0,3,100,0,0,0,0,0,0,0,0,0,0,12,-7.51,-0.542,0,35.7,64.3,0,1.2,8.1,1.2,8.06,-6.86,0.04,0.29,8.1
2022,953,River Cracraft,MIA,WR,1,2,BLT,21.951219512195124,33.33333333333333,23.2,9,17.6,2,4,0.22,0.22,4,8,2.1,2,0.4,1,2,1,50,0,0,0,0,1,0.74,16.7,2,2,1,1,0.111,95.8,0,0,0,0,1,50,0,0,0,0,0,0,0,0,0,0,22.2,-4.91,0.631,55.6,44.4,0,0,7.2,5.5,7.2,5.45,1.75,0.8,0.61,5.5
2022,954,D.J. Moore,CAR,WR,1,3,NO,14.52513966480447,13.513513513513514,98.3,26,92.9,5,20,0.08,0.19,8.8,44,33.1,2,1.2,0.4,2,1,20,0,0,0,0,0,0.24,0,1,0,0,0,0,39.6,4,26.7,0,0,3,60,0,0,1,20,1,0,0,0,0,0,21.7,-7.79,-0.991,61.5,38.5,0,0,2.5,7.1,2.5,7.09,-4.59,0.05,0.23,5.9
2022,955,Mecole Hardman,KC,WR,1,3,IND,21.25984251968504,5,68.3,27,65.9,1,2.8,0.07,0.04,-4,-4,-1.5,2,0.8,2,2,1,100,6,6,2,2,0,0,0,0,0,0,0,0,79.2,1,5.3,1,100,1,100,0,0,0,0,0,0,0,0,0,0,5.3,-2.49,-0.458,59.3,40.7,0,0,1.2,1.5,1.2,1.52,-0.32,0.04,0.06,1.5
2022,956,Zach Gentry,PIT,TE,1,4,NYJ,16.071428571428573,10,60,9,27.3,1,3.8,0.22,0.11,-2,-2,-0.5,2,1,2,2,1,100,4,4,2,2,0,0.23,0,1,0,0,0,0,79.2,1,4.8,1,100,1,100,0,0,0,0,0,0,0,0,0,0,7.7,-2.85,-0.064,0,11.1,88.9,0,1.2,2.5,1.2,2.53,-1.33,0.13,0.28,2.5
2022,957,Drew Sample,CIN,TE,1,1,PIT,90,50,30.9,9,13.8,1,1.9,0.22,0.11,2,2,0.5,2,0.6,2,2,1,100,0,0,0,0,0,0.03,0,1,0,0,0,0,79.2,1,3,0,0,1,100,0,0,0,0,0,0,0,0,0,0,9.1,-4.37,-1.531,44.4,0,44.4,11.1,1.2,1.6,1.2,1.6,-0.4,0.13,0.18,1.6
2022,958,Noah Fant,SEA,TE,1,4,DET,13.861386138613863,4.3478260869565215,58.7,14,43.8,1,3.3,0.14,0.07,1,1,0.3,2,0.6,2,2,1,100,1,1,0,0,1,0.94,50,1,0,0,1,0.071,118.8,1,3.8,0,0,1,100,0,0,0,0,0,0,0,0,0,0,7.1,-3.78,0.805,28.6,14.3,42.9,14.3,7.2,6.7,7.2,6.68,0.52,0.51,0.48,6.7
2022,959,Ben Ellefson,MIN,TE,1,1,GB,16.666666666666664,33.33333333333333,27.9,1,3,1,3.1,2,1,2,2,1.4,2,0.7,2,2,1,100,0,0,0,0,0,0.01,0,1,0,0,0,0,79.2,1,4,0,0,1,100,0,0,0,0,0,0,0,0,0,0,25,-4.37,-0.792,0,0,100,0,1.2,1.6,1.2,1.56,-0.36,1.2,1.56,1.6
2022,960,Bryan Edwards,ATL,WR,1,2,LA,27.77777777777778,50,26.8,10,31.3,2,7.7,0.2,0.2,12,24,13.1,2,1,1,2,1,50,1,1,1,1,0,0.01,0,1,0,0,0,0,16.7,2,10,0,0,1,50,1,0,0,0,0,0,0,0,0,0,33.3,-6.67,-2.195,80,20,0,0,1.2,1.4,1.2,1.42,-0.22,0.12,0.14,1.4
2022,961,Jalen Reagor,MIN,WR,1,3,DET,7.6923076923076925,20,1.5,1,2.4,1,2.4,2,1,-1,-1,-0.3,2,0.8,2,2,1,100,3,3,-1,-1,0,0,0,0,0,0,0,0,79.2,1,4.2,1,100,1,100,0,0,0,0,0,0,0,0,0,0,100,-4.17,-0.411,100,0,0,0,1.2,1.6,1.2,1.58,-0.38,1.2,1.58,1.6
2022,962,Shi Smith,CAR,WR,1,2,NYG,20.863309352517987,29.411764705882355,70.4,29,80.6,5,17.2,0.07,0.17,9.6,48,23.3,2,1.4,0.4,2,1,20,4,4,0,0,0,0.04,0,2,0,0,0,0,39.6,4,22.2,1,20,3,60,1,0,1,20,1,0,0,0,0,0,23.8,-7.5,-1,10.3,89.7,0,0,1.2,4.7,1.2,4.66,-3.46,0.04,0.16,4.7
2022,963,Ryan Griffin,CHI,TE,1,5,MIN,18.75,25,23.4,3,10.3,1,4.8,0.33,0.33,0,0,0,1,0.5,1,1,1,100,1,1,0,0,0,0,0,0,0,0,0,0,79.2,0,0,0,0,1,100,0,0,0,0,0,0,0,0,0,0,50,-4.29,-0.617,0,33.3,33.3,33.3,1.1,1.7,1.1,1.68,-0.58,0.37,0.56,1.7
2022,964,Johnny Mundt,MIN,TE,1,6,MIA,10.344827586206897,15.384615384615385,58,6,18.2,2,6.7,0.17,0.33,-1.5,-3,-1.9,1,0.6,0.5,0.5,2,100,4,2,4,2,0,0.01,0,0,0,0,0,0,79.2,2,8.7,0,0,2,100,0,0,0,0,0,0,0,0,0,0,14.3,-4.38,-0.489,0,0,100,0,2.1,3.2,2.1,3.24,-1.14,0.35,0.54,3.2
2022,965,Kendrick Bourne,NE,WR,1,5,DET,19.402985074626866,7.142857142857142,55.4,13,59.1,1,4.8,0.08,0.08,0,0,0,1,0.5,1,1,1,100,1,1,-1,-1,0,0.07,0,1,0,0,0,0,79.2,1,6.3,1,100,1,100,0,0,0,0,0,0,0,0,0,0,5.9,-5.04,-0.889,53.8,46.2,0,0,1,3.3,1,3.29,-2.29,0.08,0.16,2.1
2022,966,Mike Gesicki,MIA,TE,1,1,NE,11.194029850746269,5.555555555555555,42.4,15,41.7,1,3,0.07,0.07,0,0,0,1,0.4,1,1,1,100,1,1,1,1,0,0.03,0,0,0,0,0,0,79.2,1,4.8,0,0,1,100,0,0,0,0,0,0,0,0,0,0,6.3,-4.29,-0.549,6.7,46.7,46.7,0,1.1,1.8,1.1,1.82,-0.72,0.07,0.12,1.8
2022,967,Chris Myarick,NYG,TE,1,1,TEN,14.814814814814813,33.33333333333333,22.4,4,13.3,1,4.8,0.25,0.25,3,3,2.3,1,0.5,1,1,1,100,0,0,0,0,1,0.95,50,1,1,1,1,0.25,118.8,1,8.3,0,0,1,100,0,0,0,0,0,0,0,0,0,0,25,-5.32,1.124,0,0,100,0,7.1,6.8,7.1,6.82,0.28,1.77,1.71,6.8
2022,968,Joe Fortson,KC,TE,1,1,ARZ,20.454545454545457,33.33333333333333,33.3,9,22,1,2.6,0.11,0.11,9,9,2.9,1,0.3,1,1,1,100,0,0,0,0,1,0.97,20,1,1,1,1,0.111,118.8,0,0,0,0,1,100,0,0,0,0,0,0,0,0,0,0,10,-6.26,0.489,22.2,66.7,11.1,0,7.1,7,7.1,6.97,0.13,0.79,0.77,7
2022,969,Jalen Reagor,MIN,WR,1,5,CHI,7.6923076923076925,20,4.1,1,2.3,1,2.4,1,1,-3,-3,-1.9,1,0.3,1,1,1,100,4,4,0,0,1,0.55,100,1,0,0,1,1,118.8,1,3.7,1,100,1,100,0,0,0,0,0,0,0,0,1,1,100,-3.94,1.234,0,100,0,0,7.1,4.4,7.1,4.38,2.72,7.1,4.38,4.4
2022,970,Tommy Tremble,CAR,TE,1,1,CLV,10.95890410958904,12.5,34,8,25,1,3.7,0.13,0.13,-1,-1,-0.8,1,0.4,1,1,1,100,2,2,2,2,0,0.16,0,1,0,0,0,0,79.2,1,6.7,0,0,1,100,0,0,0,0,0,0,0,0,0,0,20,-3.9,-0.084,0,0,100,0,1.1,1.8,1.1,1.77,-0.67,0.14,0.22,1.8
2022,971,Christian Watson,GB,WR,1,5,NYG,15.555555555555555,9.090909090909092,29.5,7,17.1,1,2.6,0.14,0.14,-6,-6,-2.3,1,0.5,1,1,1,100,7,7,1,1,0,0.02,0,1,0,0,0,0,79.2,1,3.3,1,100,1,100,0,0,0,0,0,0,0,0,0,0,11.1,-2.74,-0.484,85.7,14.3,0,0,0.8,2.2,0.8,2.2,-1.4,0.16,0.22,1.5
2022,972,Marcedes Lewis,GB,TE,1,1,MIN,13.636363636363635,0,37.7,3,7,0,0,0,0,0,0,0,0,0,0,0,0,0,0,0,0,0,0,0,0,0,0,0,0,0,0,0,0,0,0,0,0,0,0,0,0,0,0,0,0,0,0,0,0,0,0,0,100,0,0,0,0,0,0,0,0,0
2022,973,Marcedes Lewis,GB,TE,1,2,CHI,9.090909090909092,0,47,2,6.9,0,0,0,0,0,0,0,0,0,0,0,0,0,0,0,0,0,0,0,0,0,0,0,0,0,0,0,0,0,0,0,0,0,0,0,0,0,0,0,0,0,0,0,0,0,0,0,100,0,0,0,0,0,0,0,0,0
2022,974,Marcedes Lewis,GB,TE,1,3,TB,13.636363636363635,0,34.4,3,8.3,0,0,0,0,0,0,0,0,0,0,0,0,0,0,0,0,0,0,0,0,0,0,0,0,0,0,0,0,0,0,0,0,0,0,0,0,0,0,0,0,0,0,0,0,0,0,0,100,0,0,0,0,0,0,0,0,0
2022,975,Marcedes Lewis,GB,TE,1,4,NE,18.181818181818183,0,42.3,4,10.8,0,0,0,0,0,0,0,0,0,0,0,0,0,0,0,0,0,0,0,0,0,0,0,0,0,0,0,0,0,0,0,0,0,0,0,0,0,0,0,0,0,0,0,0,0,0,25,75,0,0,0,0,0,0,0,0,0
2022,976,Marcedes Lewis,GB,TE,1,6,NYJ,18.181818181818183,0,36.2,4,8.2,0,0,0,0,0,0,0,0,0,0,0,0,0,0,0,0,0,0,0,0,0,0,0,0,0,0,0,0,0,0,0,0,0,0,0,0,0,0,0,0,0,0,0,0,0,0,0,100,0,0,0,0,0,0,0,0,0
2022,977,A.J. Green,ARZ,WR,1,3,LA,12.676056338028168,10,33.3,18,29,2,3.4,0,0.11,12,24,7.6,0,0,0,0,0,0,0,0,0,0,0,0,0,0,0,0,0,0,39.6,2,4.3,0,0,1,50,0,0,1,50,2,0,0,0,0,0,11.1,-8.93,-1.023,88.9,11.1,0,0,0,1.5,0,1.47,-1.47,0,0.08,1.5
2022,978,Kyle Rudolph,TB,TE,1,5,ATL,33.33333333333333,50,12,2,3.8,1,1.9,0,0.5,6,6,1.7,0,0,0,0,0,0,0,0,0,0,0,0,0,0,0,0,0,0,39.6,0,0,0,0,1,100,0,0,1,100,0,0,0,0,0,0,25,-7.09,-0.79,0,0,100,0,0,1.8,0,1.78,-1.78,0,0.89,1.8
2022,979,Marvin Jones,JAX,WR,1,4,PHI,14.743589743589745,3.3333333333333335,93.5,23,85.2,1,4.3,0,0.04,8,8,5.1,0,0,0,0,0,0,0,0,0,0,0,0,0,0,0,0,0,0,39.6,1,4.8,0,0,1,100,0,0,1,100,0,0,0,0,0,0,4.8,-7.51,-0.451,73.9,26.1,0,0,0,2,0,1.98,-1.98,0,0.09,2
2022,980,Josh Gordon,TEN,WR,1,2,BUF,77.77777777777779,100,30.2,7,25,1,4.2,0,0.14,13,13,7.6,0,0,0,0,0,0,0,0,0,0,0,0,0,0,0,0,0,0,39.6,1,8.3,0,0,1,100,0,0,1,100,0,0,0,0,0,0,33.3,-8.91,-0.488,71.4,28.6,0,0,0,2.2,0,2.17,-2.17,0,0.31,2.2
2022,981,Josh Gordon,TEN,WR,1,3,LV,22.22222222222222,0,10.9,2,7.1,0,0,0,0,0,0,0,0,0,0,0,0,0,0,0,0,0,0,0,0,0,0,0,0,0,0,0,0,0,0,0,0,0,0,0,0,0,0,0,0,0,0,0,0,0,50,50,0,0,0,0,0,0,0,0,0,0
2022,982,Marquise Goodwin,SEA,WR,1,2,SF,22.35294117647059,10,53.2,19,57.6,1,3.2,0,0.05,5,5,2.9,0,0,0,0,0,0,0,0,0,0,0,0,0,0,0,0,0,0,39.6,1,5,0,0,0,0,0,0,0,0,0,0,0,0,0,0,5.3,-6.36,-0.147,36.8,57.9,5.3,0,0,0,0,0.01,-0.01,0,0,0
2022,983,Marquise Goodwin,SEA,WR,1,4,DET,14.117647058823529,0,42.9,12,37.5,0,0,0,0,0,0,0,0,0,0,0,0,0,0,0,0,0,0,0,0,0,0,0,0,0,0,0,0,0,0,0,0,0,0,0,0,0,0,0,0,0,0,0,0,0,33.3,66.7,0,0,0,0,0,0,0,0,0,0
2022,984,Ryan Griffin,CHI,TE,1,1,SF,62.5,25,53.6,10,43.5,1,5.9,0,0.1,3,3,2.2,0,0,0,0,0,0,0,0,0,0,0,0,0,0,0,0,0,0,39.6,0,0,0,0,0,0,0,0,0,0,0,0,0,0,0,0,11.1,-6.32,-0.526,0,20,80,0,0,0,0,0,0,0,0,0
2022,985,Ryan Griffin,CHI,TE,1,6,WAS,6.25,25,2.9,1,2.4,1,3.7,0,1,7,7,2.5,0,0,0,0,0,0,0,0,0,0,0,0,0,1,1,0,0,0,39.6,1,5.3,0,0,0,0,0,0,0,0,0,0,0,0,0,0,50,-7.31,-0.968,0,0,100,0,0,0,0,-0.01,0.01,0,-0.01,0
2022,986,Richard Rodgers,LAC,TE,1,1,LV,50,100,3.1,2,5.7,1,2.9,0,0.5,9,9,3.8,0,0,0,0,0,0,0,0,0,0,0,0,0,1,1,0,0,0,39.6,0,0,0,0,0,0,0,0,0,0,1,0,0,0,0,0,50,-7.26,-0.229,50,50,0,0,0,0,0,-0.01,0.01,0,-0.01,0
2022,987,Richard Rodgers,LAC,TE,1,3,JAX,25,0,5.2,1,2.1,0,0,0,0,0,0,0,0,0,0,0,0,0,0,0,0,0,0,0,0,0,0,0,0,0,0,0,0,0,0,0,0,0,0,0,0,0,0,0,0,0,0,0,0,0,0,0,100,0,0,0,0,0,0,0,0,0
2022,988,Richard Rodgers,LAC,TE,1,4,HST,25,0,14.9,1,2.5,0,0,0,0,0,0,0,0,0,0,0,0,0,0,0,0,0,0,0,0,0,0,0,0,0,0,0,0,0,0,0,0,0,0,0,0,0,0,0,0,0,0,0,0,0,100,0,0,0,0,0,0,0,0,0,0,0
2022,989,Chris Manhertz,JAX,TE,1,1,WAS,10,0,37.1,2,4.4,0,0,0,0,0,0,0,0,0,0,0,0,0,0,0,0,0,0,0,0,0,0,0,0,0,0,0,0,0,0,0,0,0,0,0,0,0,0,0,0,0,0,0,0,0,0,0,100,0,0,0,0,0,0,0,0,0
2022,990,Chris Manhertz,JAX,TE,1,2,IND,15,0,47.8,3,10,0,0,0,0,0,0,0,0,0,0,0,0,0,0,0,0,0,0,0,0,0,0,0,0,0,0,0,0,0,0,0,0,0,0,0,0,0,0,0,0,0,0,0,0,0,0,0,100,0,0,0,0,0,0,0,0,0
2022,991,Chris Manhertz,JAX,TE,1,3,LAC,30,0,48,6,15,0,0,0,0,0,0,0,0,0,0,0,0,0,0,0,0,0,0,0,0,0,0,0,0,0,0,0,0,0,0,0,0,0,0,0,0,0,0,0,0,0,0,0,0,0,16.7,0,83.3,0,0,0,0,0,0,0,0,0
2022,992,Chris Manhertz,JAX,TE,1,4,PHI,10,33.33333333333333,28.3,2,7.4,1,4.3,0,0.5,-4,-4,-2.6,0,0,0,0,1,100,4,4,0,0,0,0,0,0,0,0,0,0,79.2,1,4.8,1,100,1,100,0,0,0,0,0,0,0,0,0,0,20,-6.34,-0.475,0,0,100,0,1,1.5,1,1.53,-0.53,0.5,0.76,1.5
2022,993,Chris Manhertz,JAX,TE,1,6,IND,25,0,55.9,5,18.5,0,0,0,0,0,0,0,0,0,0,0,0,0,0,0,0,0,0,0,0,0,0,0,0,0,0,0,0,0,0,0,0,0,0,0,0,0,0,0,0,0,0,0,0,0,0,0,100,0,0,0,0,0,0,0,0,0
2022,994,Kevin White,NO,WR,1,6,CIN,100,100,16.9,11,29.7,1,2.8,0,0.09,45,45,16.4,0,0,0,0,0,0,0,0,0,0,0,0.58,0,0,0,0,0,0,39.6,1,5,0,0,1,100,1,0,0,0,1,0,0,0,0,0,12.5,-15,-0.801,81.8,18.2,0,0,0,5.3,0,5.33,-5.33,0,0.48,5.3
2022,995,DeVante Parker,NE,WR,1,2,PIT,16.99346405228758,9.090909090909092,75.8,26,68.4,2,5.7,0,0.08,25,50,16.4,0,0,0,0,0,0,0,0,0,0,0,0,0,0,0,0,0,0,0,1,4.2,0,0,0,0,1,0,0,0,0,0,0,0,0,0,8,-12.26,-2.285,80.8,19.2,0,0,0,0.1,0,0.11,-0.11,0,0,0.1
2022,996,DeVante Parker,NE,WR,1,5,DET,5.228758169934641,0,50,8,36.4,0,0,0,0,0,0,0,0,0,0,0,0,0,0,0,0,0,0,0,0,0,0,0,0,0,0,0,0,0,0,0,0,0,0,0,0,0,0,0,0,0,0,0,0,0,87.5,12.5,0,0,0,0,0,0,0,0,0,0
2022,997,Nelson Agholor,NE,WR,1,5,DET,3.125,5.263157894736842,10.7,3,13.6,1,4.8,0,0.33,8,8,4.8,0,0,0,0,0,0,0,0,0,0,0,0.01,0,0,0,0,0,0,0,1,6.3,0,0,1,100,0,0,1,100,0,0,0,0,0,0,50,-7.51,-3.803,100,0,0,0,0,2.1,0,2.06,-2.06,0,0.69,2.1
2022,998,MyCole Pruitt,ATL,TE,1,5,TB,50,0,18,1,2.9,0,0,0,0,0,0,0,0,0,0,0,0,0,0,0,0,0,0,0,0,0,0,0,0,0,0,0,0,0,0,0,0,0,0,0,0,0,0,0,0,0,0,0,0,0,0,0,100,0,0,0,0,0,0,0,0,0
2022,999,Darren Waller,LV,TE,1,5,KC,3.64963503649635,0,10.7,5,15.2,0,0,0,0,0,0,0,0,0,0,0,0,0,0,0,0,0,0,0,0,0,0,0,0,0,0,0,0,0,0,0,0,0,0,0,0,0,0,0,0,0,0,0,0,0,20,60,20,0,0,0,0,0,0,0,0,0
2022,1000,Eric Tomlinson,DEN,TE,1,1,SEA,21.875,33.33333333333333,31.3,7,15.6,1,2.4,0,0.14,8,8,2.7,0,0,0,0,0,0,0,0,0,0,0,0.46,0,1,1,0,0,0,39.6,0,0,0,0,1,100,0,0,0,0,0,0,0,0,0,0,9.1,-7.72,-0.407,0,0,100,0,0,3.2,0,3.2,-3.2,0,0.46,3.2
2022,1001,Eric Tomlinson,DEN,TE,1,2,HST,6.25,0,33.8,2,5.7,0,0,0,0,0,0,0,0,0,0,0,0,0,0,0,0,0,0,0,0,0,0,0,0,0,0,0,0,0,0,0,0,0,0,0,0,0,0,0,0,0,0,0,0,0,0,0,100,0,0,0,0,0,0,0,0,0
2022,1002,Eric Tomlinson,DEN,TE,1,3,SF,21.875,0,48.6,7,17.5,0,0,0,0,0,0,0,0,0,0,0,0,0,0,0,0,0,0,0,0,0,0,0,0,0,0,0,0,0,0,0,0,0,0,0,0,0,0,0,0,0,0,0,0,0,0,14.3,85.7,0,0,0,0,0,0,0,0,0
2022,1003,Eric Tomlinson,DEN,TE,1,4,LV,12.5,0,47.9,4,12.9,0,0,0,0,0,0,0,0,0,0,0,0,0,0,0,0,0,0,0,0,0,0,0,0,0,0,0,0,0,0,0,0,0,0,0,0,0,0,0,0,0,0,0,0,0,0,25,75,0,0,0,0,0,0,0,0,0
2022,1004,Eric Tomlinson,DEN,TE,1,5,IND,21.875,33.33333333333333,47.9,7,15.6,1,2.6,0,0.14,12,12,3.2,0,0,0,0,0,0,0,0,0,0,0,0,0,0,0,0,0,0,39.6,1,4,0,0,0,0,0,0,0,0,0,0,0,0,0,0,10,-8.67,-0.554,14.3,0,85.7,0,0,0,0,0.03,-0.03,0,0,0
2022,1005,Jake Kumerow,BUF,WR,1,1,LA,14.285714285714285,0,24.1,5,13.2,0,0,0,0,0,0,0,0,0,0,0,0,0,0,0,0,0,0,0,0,0,0,0,0,0,0,0,0,0,0,0,0,0,0,0,0,0,0,0,0,0,0,0,0,0,60,40,0,0,0,0,0,0,0,0,0,0
2022,1006,Damiere Byrd,ATL,WR,1,4,CLV,7.6923076923076925,50,20,1,5,1,5.3,0,1,42,42,19.3,0,0,0,0,0,0,0,0,0,0,0,0.05,0,0,1,0,0,0,39.6,1,9.1,0,0,1,100,1,0,0,0,0,0,0,0,0,0,100,-15,-0.824,100,0,0,0,0,1.7,0,1.68,-1.68,0,1.68,1.7
2022,1007,Damiere Byrd,ATL,WR,1,5,TB,76.92307692307693,50,32.8,10,29.4,1,4,0,0.1,7,7,3.3,0,0,0,0,0,0,0,0,0,0,0,0,0,0,0,0,0,0,39.6,1,4.8,0,0,0,0,0,0,0,0,0,0,0,0,0,0,12.5,-7.06,-0.793,100,0,0,0,0,0,0,-0.01,0.01,0,0,0
2022,1008,Damiere Byrd,ATL,WR,1,6,SF,15.384615384615385,0,17.9,2,11.8,0,0,0,0,0,0,0,0,0,0,0,0,0,0,0,0,0,0,0,0,0,0,0,0,0,0,0,0,0,0,0,0,0,0,0,0,0,0,0,0,0,0,0,0,0,50,50,0,0,0,0,0,0,0,0,0,0
2022,1009,Breshad Perriman,TB,WR,1,1,DAL,15.254237288135593,23.076923076923077,41.9,9,31,3,11.1,0,0.33,28.67,86,29.9,0,0,0,0,0,0,0,0,0,0,0,0.29,0,0,1,0,0,0,39.6,1,5,0,0,1,33.3,2,0,0,0,2,0,0,0,0,0,30,-10.59,-0.648,55.6,44.4,0,0,-0.7,5.3,-0.7,5.26,-5.96,0,0.53,4.7
2022,1010,Breshad Perriman,TB,WR,1,6,PIT,3.389830508474576,7.6923076923076925,2.9,2,4.8,1,2.5,0,0.5,19,19,7.2,0,0,0,0,0,0,0,0,0,0,0,0,0,0,0,0,0,0,39.6,1,4,0,0,0,0,0,0,0,0,0,0,0,0,0,0,50,-11.93,-0.502,50,50,0,0,0,0,0,0,0,0,0,0
2022,1011,Chris Conley,HST,WR,1,1,IND,28.57142857142857,100,13.2,4,9.8,2,5.4,0,0.5,9.5,19,7.3,0,0,0,0,0,0,0,0,0,0,0,0,0,0,0,0,0,0,39.6,1,3.2,0,0,1,50,0,0,0,0,0,0,0,0,0,0,40,-8.5,-1.035,25,75,0,0,0,1.7,0,1.66,-1.66,0,0.42,1.7
2022,1012,Chris Conley,TEN,WR,1,2,DEN,71.42857142857143,0,28.8,10,24.4,0,0,0,0,0,0,0,0,0,0,0,0,0,0,0,0,0,0,0,0,0,0,0,0,0,0,0,0,0,0,0,0,0,0,0,0,0,0,0,0,0,0,0,0,0,80,20,0,0,0,0,0,0,0,0,0,0
2022,1013,C.J. Uzomah,NYJ,TE,1,1,BLT,19.298245614035086,0,27.8,11,17.7,0,0,0,0,0,0,0,0,0,0,0,0,0,0,0,0,0,0,0,0,0,0,0,0,0,0,0,0,0,0,0,0,0,0,0,0,0,0,0,0,0,0,0,0,0,36.4,18.2,45.5,0,0,0,0,0,0,0,0,0
2022,1014,C.J. Uzomah,NYJ,TE,1,4,PIT,26.31578947368421,0,46.3,15,37.5,0,0,0,0,0,0,0,0,0,0,0,0,0,0,0,0,0,0,0,0,0,0,0,0,0,0,0,0,0,0,0,0,0,0,0,0,0,0,0,0,0,0,0,0,0,6.7,33.3,60,0,0,0,0,0,0,0,0,0
2022,1015,Geoff Swaim,TEN,TE,1,2,BUF,11.363636363636363,0,47.2,5,17.9,0,0,0,0,0,0,0,0,0,0,0,0,0,0,0,0,0,0,0,0,0,0,0,0,0,0,0,0,0,0,0,0,0,0,0,0,0,0,0,0,0,0,0,0,0,0,20,80,0,0,0,0,0,0,0,0,0
2022,1016,Geoff Swaim,TEN,TE,1,4,IND,20.454545454545457,0,75,9,34.6,0,0,0,0,0,0,0,0,0,0,0,0,0,0,0,0,0,0,0,0,0,0,0,0,0,0,0,0,0,0,0,0,0,0,0,0,0,0,0,0,0,0,0,0,0,0,22.2,66.7,11.1,0,0,0,0,0,0,0,0
2022,1017,Phillip Dorsett,HST,WR,1,1,IND,16.666666666666664,25,5.9,3,7.3,1,2.7,0,0.33,6,6,2.3,0,0,0,0,0,0,0,0,0,0,0,0,0,0,0,0,0,0,39.6,1,3.2,0,0,0,0,0,0,0,0,1,0,0,0,0,0,50,-6.95,-0.887,100,0,0,0,0,0,0,-0.01,0.01,0,0,0
2022,1018,Phillip Dorsett,HST,WR,1,4,LAC,44.44444444444444,50,20.8,8,20.5,2,5.7,0,0.25,8,16,6.3,0,0,0,0,0,0,0,0,0,0,0,0,0,0,0,0,0,0,39.6,2,8.7,0,0,1,50,0,0,1,50,0,0,0,0,0,0,33.3,-7.26,-0.6,75,25,0,0,0,1.9,0,1.89,-1.89,0,0.24,1.9
2022,1019,Phillip Dorsett,HST,WR,1,5,JAX,11.11111111111111,0,17.9,2,8,0,0,0,0,0,0,0,0,0,0,0,0,0,0,0,0,0,0,0,0,0,0,0,0,0,0,0,0,0,0,0,0,0,0,0,0,0,0,0,0,0,0,0,0,0,50,50,0,0,0,0,0,0,0,0,0,0
2022,1020,Tyler Kroft,SF,TE,1,2,SEA,27.77777777777778,0,30,5,20,0,0,0,0,0,0,0,0,0,0,0,0,0,0,0,0,0,0,0,0,0,0,0,0,0,0,0,0,0,0,0,0,0,0,0,0,0,0,0,0,0,0,0,0,0,20,0,80,0,0,0,0,0,0,0,0,0
2022,1021,Chris Moore,HST,WR,1,4,LAC,22.727272727272727,16.666666666666664,56.6,20,51.3,2,5.7,0,0.1,4,8,3.1,0,0,0,0,0,0,0,0,0,0,0,0,0,0,0,0,0,0,39.6,0,0,0,0,2,100,0,0,1,50,1,0,0,0,0,0,10,-5.91,-0.629,15,85,0,0,0,2.5,0,2.5,-2.5,0,0.12,2.5
2022,1022,Kalif Raymond,DET,WR,1,1,PHI,6.41025641025641,13.333333333333334,9.1,5,12.8,2,5.4,0,0.4,17.5,35,11.8,0,0,0,0,0,0,0,0,0,0,0,0,0,0,0,0,0,0,39.6,1,3.7,0,0,0,0,1,0,0,0,0,0,0,0,0,0,50,-10.64,-0.649,40,60,0,0,0,0,0,0.04,-0.04,0,0.01,0
2022,1023,Kalif Raymond,DET,WR,1,2,WAS,3.8461538461538463,0,9.8,3,8.1,0,0,0,0,0,0,0,0,0,0,0,0,0,0,0,0,0,0,0,0,0,0,0,0,0,0,0,0,0,0,0,0,0,0,0,0,0,0,0,0,0,0,0,0,0,100,0,0,0,0,0,0,0,0,0,0,0
2022,1024,Robby Anderson,ARZ,WR,1,6,LA,2.5974025974025974,0,52.3,4,17.4,0,0,0,0,0,0,0,0,0,0,0,0,0,0,0,0,0,0,0,0,0,0,0,0,0,0,0,0,0,0,0,0,0,0,0,0,0,0,0,0,0,0,0,0,0,100,0,0,0,0,0,0,0,0,0,0,0
2022,1025,Stephen Anderson,ARZ,TE,1,1,KC,33.33333333333333,0,14.3,2,4.5,0,0,0,0,0,0,0,0,0,0,0,0,0,0,0,0,0,0,0,0,0,0,0,0,0,0,0,0,0,0,0,0,0,0,0,0,0,0,0,0,0,0,0,0,0,0,0,100,0,0,0,0,0,0,0,0,0
2022,1026,Stephen Anderson,ARZ,TE,1,3,LA,16.666666666666664,0,7.4,1,1.6,0,0,0,0,0,0,0,0,0,0,0,0,0,0,0,0,0,0,0,0,0,0,0,0,0,0,0,0,0,0,0,0,0,0,0,0,0,0,0,0,0,0,0,0,0,0,0,100,0,0,0,0,0,0,0,0,0
2022,1027,Demarcus Robinson,BLT,WR,1,3,NE,8.695652173913043,5.88235294117647,37.3,10,29.4,1,3.4,0,0.1,10,10,3.7,0,0,0,0,0,0,0,0,0,0,0,0,0,0,0,0,0,0,39.6,1,5.6,0,0,0,0,0,0,0,0,0,0,0,0,0,0,12.5,-7.5,-1.404,70,30,0,0,0,0.1,0,0.06,-0.06,0,0.01,0.1
2022,1028,Marcus Johnson,NYG,WR,1,4,CHI,2.127659574468085,0,1.6,1,4.5,0,0,0,0,0,0,0,0,0,0,0,0,0,0,0,0,0,0,0,0,0,0,0,0,0,0,0,0,0,0,0,0,0,0,0,0,0,0,0,0,0,0,0,0,0,100,0,0,0,0,0,0,0,0,0,0,0
2022,1029,Hunter Henry,NE,TE,1,2,PIT,16.8,4.761904761904762,48.5,21,55.3,1,2.9,0,0.05,4,4,1.3,0,0,0,0,0,0,0,0,0,0,0,0.01,0,1,0,0,0,0,39.6,1,4.2,0,0,1,100,0,0,0,0,0,0,0,0,0,0,5.6,-6.07,-0.752,23.8,38.1,33.3,4.8,0,1.6,0,1.62,-1.62,0,0.08,1.6
2022,1030,Mike Thomas,CIN,WR,1,2,DAL,1.3333333333333335,0,1.5,1,2.2,0,0,0,0,0,0,0,0,0,0,0,0,0,0,0,0,0,0,0,0,0,0,0,0,0,0,0,0,0,0,0,0,0,0,0,0,0,0,0,0,0,0,0,0,0,0,100,0,0,0,0,0,0,0,0,0,0
2022,1031,Mike Thomas,CIN,WR,1,3,NYJ,2.666666666666667,0,13.6,2,5.1,0,0,0,0,0,0,0,0,0,0,0,0,0,0,0,0,0,0,0,0,0,0,0,0,0,0,0,0,0,0,0,0,0,0,0,0,0,0,0,0,0,0,0,0,0,50,50,0,0,0,0,0,0,0,0,0,0
2022,1032,Mike Thomas,CIN,WR,1,4,MIA,2.666666666666667,0,6.3,2,5.7,0,0,0,0,0,0,0,0,0,0,0,0,0,0,0,0,0,0,0,0,0,0,0,0,0,0,0,0,0,0,0,0,0,0,0,0,0,0,0,0,0,0,0,0,0,100,0,0,0,0,0,0,0,0,0,0,0
2022,1033,Mike Thomas,CIN,WR,1,6,NO,2.666666666666667,0,5.6,2,4.8,0,0,0,0,0,0,0,0,0,0,0,0,0,0,0,0,0,0,0,0,0,0,0,0,0,0,0,0,0,0,0,0,0,0,0,0,0,0,0,0,0,0,0,0,0,100,0,0,0,0,0,0,0,0,0,0,0
2022,1034,Mo Alie-Cox,IND,TE,1,6,JAX,11.214953271028037,0,33.8,12,20.7,0,0,0,0,0,0,0,0,0,0,0,0,0,0,0,0,0,0,0,0,0,0,0,0,0,0,0,0,0,0,0,0,0,0,0,0,0,0,0,0,0,0,0,0,0,0,16.7,83.3,0,0,0,0,0,0,0,0,0
2022,1035,Johnny Mundt,MIN,TE,1,4,NO,6.896551724137931,7.6923076923076925,26.9,4,9.5,1,2.6,0,0.25,1,1,0.4,0,0,0,0,0,0,0,0,0,0,0,0.07,0,1,0,0,0,0,39.6,1,3.7,0,0,1,100,0,0,1,100,0,0,0,0,0,0,14.3,-5.78,-1.83,0,0,100,0,0,1.7,0,1.72,-1.72,0,0.43,1.7
2022,1036,Zach Pascal,PHI,WR,1,4,JAX,8.108108108108109,14.285714285714285,24.7,3,10.3,1,4,0,0.33,14,14,12.1,0,0,0,0,0,0,0,0,0,0,0,0,0,0,0,0,0,0,0,0,0,0,0,0,0,0,0,0,0,0,0,0,0,0,0,33.3,-9.81,-8.752,33.3,66.7,0,0,0,0,0,0,0,0,0,0
2022,1037,Zach Pascal,PHI,WR,1,5,ARZ,5.405405405405405,0,18.3,2,5,0,0,0,0,0,0,0,0,0,0,0,0,0,0,0,0,0,0,0,0,0,0,0,0,0,0,0,0,0,0,0,0,0,0,0,0,0,0,0,0,0,0,0,0,0,50,50,0,0,0,0,0,0,0,0,0,0
2022,1038,Zach Pascal,PHI,WR,1,6,DAL,8.108108108108109,0,13.2,3,10,0,0,0,0,0,0,0,0,0,0,0,0,0,0,0,0,0,0,0,0,0,0,0,0,0,0,0,0,0,0,0,0,0,0,0,0,0,0,0,0,0,0,0,0,0,0,100,0,0,0,0,0,0,0,0,0,0
2022,1039,Taysom Hill,NO,TE,1,2,TB,12.5,0,9.1,2,4.3,0,0,0,0,0,0,0,0,0,0,0,0,0,0,0,0,0,0,0,0,0,0,0,0,0,0,0,0,0,0,0,0,0,0,0,0,0,0,0,0,0,0,0,0,0,50,0,50,0,1.4,1.7,1.4,1.65,-0.25,0,0,0
2022,1040,Taysom Hill,NO,TE,1,4,MIN,31.25,0,21.1,5,16.7,0,0,0,0,0,0,0,0,0,0,0,0,0,0,0,0,0,0,0,0,0,0,0,0,0,0,0,0,0,0,0,0,0,0,0,0,0,0,0,0,0,0,0,0,0,80,0,20,0,8.1,5.1,8.1,5.13,2.97,0,0,0
2022,1041,Taysom Hill,NO,TE,1,5,SEA,18.75,0,31.1,3,11.1,0,0,0,0,0,0,0,0,0,0,0,0,0,0,0,0,0,0,0,0,0,0,0,0,0,0,0,0,0,0,0,0,0,0,0,0,0,0,0,0,0,0,0,0,0,0,0,100,0,34.1,9.9,34.08,9.94,24.14,0,0,0
2022,1042,Taysom Hill,NO,TE,1,6,CIN,18.75,0,21.1,3,8.1,0,0,0,0,0,0,0,0,0,0,0,0,0,0,0,0,0,0,0,0,0,0,0,0,0,0,0,0,0,0,0,0,0,0,0,0,0,0,0,0,0,0,0,0,0,100,0,0,0,4.5,6.2,4.54,6.21,-1.67,0,0,0
2022,1043,Cody Hollister,TEN,WR,1,2,BUF,25,0,32.1,4,14.3,0,0,0,0,0,0,0,0,0,0,0,0,0,0,0,0,0,0,0,0,0,0,0,0,0,0,0,0,0,0,0,0,0,0,0,0,0,0,0,0,0,0,0,0,0,100,0,0,0,0,0,0,0,0,0,0,0
2022,1044,Cody Hollister,TEN,WR,1,3,LV,6.25,0,21.8,1,3.6,0,0,0,0,0,0,0,0,0,0,0,0,0,0,0,0,0,0,0,0,0,0,0,0,0,0,0,0,0,0,0,0,0,0,0,0,0,0,0,0,0,0,0,0,0,0,100,0,0,0,0,0,0,0,0,0,0
2022,1045,Cody Hollister,TEN,WR,1,4,IND,25,0,21.2,4,15.4,0,0,0,0,0,0,0,0,0,0,0,0,0,0,0,0,0,0,0,0,0,0,0,0,0,0,0,0,0,0,0,0,0,0,0,0,0,0,0,0,0,0,0,0,0,75,25,0,0,0,0,0,0,0,0,0,0
2022,1046,Cody Hollister,TEN,WR,1,5,WAS,25,0,30.6,4,12.9,0,0,0,0,0,0,0,0,0,0,0,0,0,0,0,0,0,0,0,0,0,0,0,0,0,0,0,0,0,0,0,0,0,0,0,0,0,0,0,0,0,0,0,0,0,75,25,0,0,0,0,0,0,0,0,0,0
2022,1047,Pharaoh Brown,CLV,TE,1,5,LAC,1.639344262295082,0,0,1,2.8,0,0,0,0,0,0,0,0,0,0,0,0,0,0,0,0,0,0,0,0,0,0,0,0,0,0,0,0,0,0,0,0,0,0,0,0,0,0,0,0,0,0,0,0,0,100,0,0,0,0,0,0,0,0,0,0,0
2022,1048,Anthony Firkser,ATL,TE,1,2,LA,25.925925925925924,0,21.4,7,21.9,0,0,0,0,0,0,0,0,0,0,0,0,0,0,0,0,0,0,0,0,0,0,0,0,0,0,0,0,0,0,0,0,0,0,0,0,0,0,0,0,0,0,0,0,0,14.3,85.7,0,0,0,0,0,0,0,0,0,0
2022,1049,Anthony Firkser,ATL,TE,1,4,CLV,18.51851851851852,0,18.2,5,25,0,0,0,0,0,0,0,0,0,0,0,0,0,0,0,0,0,0,0,0,0,0,0,0,0,0,0,0,0,0,0,0,0,0,0,0,0,0,0,0,0,0,0,0,0,0,60,40,0,0,0,0,0,0,0,0,0
2022,1050,Mack Hollins,LV,WR,1,5,KC,15.168539325842698,14.285714285714285,94.6,27,81.8,4,13.3,0,0.15,29.25,117,37,0,0,0,0,0,0,0,0,0,0,0,0.4,0,1,2,0,0,0,39.6,3,17.6,0,0,2,50,3,0,1,25,2,0,0,0,0,0,16.7,-11.56,-0.509,88.9,11.1,0,0,0,5.4,0,5.41,-5.41,0,0.2,5.4
2022,1051,Jamal Agnew,JAX,WR,1,2,IND,3.3333333333333335,9.090909090909092,10.4,1,3.3,1,3.3,0,1,41,41,21.7,0,0,0,0,0,0,0,0,0,0,0,0.49,0,0,1,0,0,0,39.6,1,4.3,0,0,1,100,1,0,1,100,0,0,0,0,0,0,33.3,-15,-0.575,0,100,0,0,0.1,8.1,0.1,8.12,-8.02,0,7.17,7.2
2022,1052,Jamal Agnew,JAX,WR,1,5,HST,13.333333333333334,9.090909090909092,6.8,4,8,1,2.1,0,0.25,4,4,0.9,0,0,0,0,0,0,0,0,0,0,0,0,0,0,0,0,0,0,39.6,1,2.9,0,0,1,100,0,0,1,100,0,0,0,0,0,0,25,-6.05,-0.872,75,25,0,0,0.3,2.2,0.3,2.17,-1.87,0,0.43,1.7
2022,1053,Eric Saubert,DEN,TE,1,1,SEA,12.32876712328767,8.333333333333332,28.1,9,20,1,2.4,0,0.11,21,21,7,0,0,0,0,0,0,0,0,0,0,0,0.47,0,1,1,0,0,0,39.6,1,4.3,0,0,1,100,1,0,0,0,1,0,0,0,0,0,11.1,-12.96,-0.441,0,55.6,44.4,0,0,4,0,4,-4,0,0.44,4
2022,1054,Eric Saubert,DEN,TE,1,3,SF,13.698630136986301,8.333333333333332,48.6,10,25,1,3,0,0.1,15,15,7.5,0,0,0,0,0,0,0,0,0,0,0,0,0,0,0,0,0,0,39.6,0,0,0,0,0,0,0,0,0,0,0,0,0,0,0,0,12.5,-10.64,-0.72,0,30,70,0,0,0,0,0,0,0,0,0
2022,1055,Eric Saubert,DEN,TE,1,6,LAC,1.36986301369863,0,1.8,1,2.9,0,0,0,0,0,0,0,0,0,0,0,0,0,0,0,0,0,0,0,0,0,0,0,0,0,0,0,0,0,0,0,0,0,0,0,0,0,0,0,0,0,0,0,0,0,0,100,0,0,0,0,0,0,0,0,0,0
2022,1056,Tanner Gentry,BUF,WR,1,5,PIT,100,100,20.4,7,17.9,1,2.8,0,0.14,6,6,1.3,0,0,0,0,0,0,0,0,0,0,0,0,0,0,0,0,0,0,39.6,1,3.6,0,0,0,0,0,0,0,0,0,0,0,0,0,0,14.3,-6.95,-0.79,71.4,28.6,0,0,0,-0.1,0,-0.07,0.07,0,-0.01,-0.1
2022,1057,Keelan Cole,LV,WR,1,4,DEN,50.847457627118644,0,64.9,30,76.9,0,0,0,0,0,0,0,0,0,0,0,0,0,0,0,0,0,0,0,0,0,0,0,0,0,0,0,0,0,0,0,0,0,0,0,0,0,0,0,0,0,0,0,0,0,20,80,0,0,0,0,0,0,0,0,0,0
2022,1058,Keelan Cole,LV,WR,1,5,KC,3.389830508474576,0,8.9,2,6.1,0,0,0,0,0,0,0,0,0,0,0,0,0,0,0,0,0,0,0,0,0,0,0,0,0,0,0,0,0,0,0,0,0,0,0,0,0,0,0,0,0,0,0,0,0,100,0,0,0,0,0,0,0,0,0,0,0
2022,1059,Mason Schreck,HST,TE,1,4,LAC,61.111111111111114,50,32.1,11,28.2,1,2.9,0,0.09,2,2,0.8,0,0,0,0,1,100,-2,-2,-1,-1,0,0,0,0,0,0,0,0,79.2,0,0,0,0,1,100,0,0,0,0,1,1,100,0,0,0,7.7,-6.37,-0.993,0,9.1,90.9,0,1,0.9,1,0.85,0.15,0.09,0.08,0.9
2022,1060,Jonnu Smith,NE,TE,1,2,PIT,23.52941176470588,23.076923076923077,59.1,12,31.6,3,8.6,0,0.25,6.33,19,6.2,0,0,0,0,0,0,0,0,0,0,0,0,0,0,0,0,0,0,39.6,2,8.3,1,33.3,0,0,0,0,0,0,1,0,0,0,0,0,18.8,-7.27,-0.963,25,58.3,16.7,0,0,0,0,0.05,-0.05,0,0,0
2022,1061,Jonnu Smith,NE,TE,1,4,GB,3.9215686274509802,0,29.3,2,8,0,0,0,0,0,0,0,0,0,0,0,0,0,0,0,0,0,0,0,0,0,0,0,0,0,0,0,0,0,0,0,0,0,0,0,0,0,0,0,0,0,0,0,0,0,50,0,50,0,0,0,0,0,0,0,0,0
2022,1062,O.J. Howard,HST,TE,1,3,CHI,6.122448979591836,10,31.6,3,9.1,1,3.1,0,0.33,17,17,8,0,0,0,0,0,0,0,0,0,0,0,0,0,0,0,0,0,0,39.6,0,0,0,0,0,0,0,0,0,0,0,0,0,0,0,0,16.7,-11.68,-0.571,0,33.3,66.7,0,0,0,0,-0.01,0.01,0,0,0
2022,1063,O.J. Howard,HST,TE,1,5,JAX,28.57142857142857,10,78.6,14,56,1,4.2,0,0.07,8,8,6.7,0,0,0,0,0,0,0,0,0,0,0,0,0,0,0,0,0,0,39.6,1,5,0,0,0,0,0,0,0,0,0,0,0,0,0,0,6.7,-7.72,-0.558,7.1,7.1,85.7,0,0,0,0,0.01,-0.01,0,0,0
2022,1064,Kenny Golladay,NYG,WR,1,2,CAR,4.761904761904762,0,2.9,2,4.7,0,0,0,0,0,0,0,0,0,0,0,0,0,0,0,0,0,0,0,0,0,0,0,0,0,0,0,0,0,0,0,0,0,0,0,0,0,0,0,0,0,0,0,0,0,100,0,0,0,0,0,0,0,0,0,0,0
2022,1065,Kenny Golladay,NYG,WR,1,3,DAL,35.714285714285715,50,32.8,15,30.6,3,8.1,0,0.2,8.67,26,13,0,0,0,0,0,0,0,0,0,0,0,0,0,0,0,0,0,0,39.6,1,5.3,0,0,3,100,0,0,0,0,2,0,0,0,0,0,21.4,-7.47,-0.681,100,0,0,0,0,3.9,0,3.93,-3.93,0,0.26,3.9
2022,1066,Kenny Golladay,NYG,WR,1,4,CHI,16.666666666666664,16.666666666666664,39.3,7,31.8,1,6.3,0,0.14,14,14,10.2,0,0,0,0,0,0,0,0,0,0,0,0,0,0,0,0,0,0,39.6,0,0,0,0,0,0,0,0,0,0,0,0,0,0,0,0,14.3,-9.81,-1.584,85.7,14.3,0,0,0,0,0,0,0,0,0,0
2022,1067,Dan Arnold,JAX,TE,1,1,WAS,19.047619047619047,0,17.7,4,8.9,0,0,0,0,0,0,0,0,0,0,0,0,0,0,0,0,0,0,0,0,0,0,0,0,0,0,0,0,0,0,0,0,0,0,0,0,0,0,0,0,0,0,0,0,0,50,25,0,25,0,0,0,0,0,0,0,0
2022,1068,Dan Arnold,JAX,TE,1,3,LAC,9.523809523809524,0,10.7,2,5,0,0,0,0,0,0,0,0,0,0,0,0,0,0,0,0,0,0,0,0,0,0,0,0,0,0,0,0,0,0,0,0,0,0,0,0,0,0,0,0,0,0,0,0,0,50,0,50,0,0,0,0,0,0,0,0,0
2022,1069,Dan Arnold,JAX,TE,1,6,IND,4.761904761904762,0,5.1,1,3.7,0,0,0,0,0,0,0,0,0,0,0,0,0,0,0,0,0,0,0,0,0,0,0,0,0,0,0,0,0,0,0,0,0,0,0,0,0,0,0,0,0,0,0,0,0,0,0,100,0,0,0,0,0,0,0,0,0
2022,1070,River Cracraft,MIA,WR,1,1,NE,4.878048780487805,0,16.9,2,5.6,0,0,0,0,0,0,0,0,0,0,0,0,0,0,0,0,0,0,0,0,0,0,0,0,0,0,0,0,0,0,0,0,0,0,0,0,0,0,0,0,0,0,0,0,0,50,50,0,0,0,0,0,0,0,0,0,0
2022,1071,River Cracraft,MIA,WR,1,4,CIN,19.51219512195122,16.666666666666664,16.7,8,20.5,1,2.7,0,0.13,16,16,4.2,0,0,0,0,0,0,0,0,0,0,0,0,0,0,0,0,0,0,39.6,1,4.5,0,0,0,0,0,0,0,0,0,0,0,0,0,0,14.3,-10.1,-1.046,75,25,0,0,0,0,0,0.01,-0.01,0,0,0
2022,1072,River Cracraft,MIA,WR,1,5,NYJ,19.51219512195122,16.666666666666664,22.6,8,22.2,1,2.9,0,0.13,14,14,6.5,0,0,0,0,0,0,0,0,0,0,0,0,0,0,0,0,0,0,0,1,5.6,0,0,0,0,0,0,0,0,0,0,0,0,0,0,14.3,-9.81,-4.415,50,50,0,0,0,0,0,0,0,0,0,0
2022,1073,River Cracraft,MIA,WR,1,6,MIN,24.390243902439025,16.666666666666664,19.2,10,18.2,1,2.1,0,0.1,2,2,0.5,0,0,0,0,0,0,0,0,0,0,0,0,0,0,0,0,0,0,39.6,0,0,0,0,0,0,0,0,0,0,0,0,0,0,0,0,12.5,-5.33,-0.55,60,30,0,10,0,0,0,0.01,-0.01,0,0,0
2022,1074,Ross Dwelley,SF,TE,1,3,DEN,3.571428571428571,0,7.7,1,3,0,0,0,0,0,0,0,0,0,0,0,0,0,0,0,0,0,0,0,0,0,0,0,0,0,0,0,0,0,0,0,0,0,0,0,0,0,0,0,0,0,0,0,0,0,0,0,100,0,0,0,0,0,0,0,0,0
2022,1075,Ross Dwelley,SF,TE,1,4,LA,3.571428571428571,25,10.2,1,3.6,1,3.7,0,1,3,3,2.2,0,0,0,0,0,0,0,0,0,0,0,0,0,0,0,0,0,0,39.6,0,0,0,0,1,100,0,0,0,0,1,0,0,0,0,0,100,-6.32,-0.531,100,0,0,0,0,0.7,0,0.73,-0.73,0,0.73,0.7
2022,1076,Cam Sims,WAS,WR,1,1,JAX,5.084745762711865,14.285714285714285,11.4,3,6.7,1,2.4,0,0.33,31,31,11.5,0,0,0,0,0,0,0,0,0,0,0,0,0,0,0,0,0,0,39.6,0,0,0,0,0,0,1,0,0,0,0,0,0,0,0,0,33.3,-12.6,-0.476,100,0,0,0,0,0,0,0.04,-0.04,0,0.01,0
2022,1077,Cam Sims,WAS,WR,1,2,DET,10.16949152542373,28.57142857142857,11.1,6,11.3,2,4.3,0,0.33,35.5,71,18.4,0,0,0,0,0,0,0,0,0,0,0,0,0,1,1,0,0,0,39.6,2,8,0,0,0,0,1,0,0,0,0,0,0,0,0,0,33.3,-13.33,-0.565,83.3,16.7,0,0,0,0,0,-0.04,0.04,0,-0.01,0
2022,1078,Cam Sims,WAS,WR,1,3,PHI,10.16949152542373,0,10.8,6,10.9,0,0,0,0,0,0,0,0,0,0,0,0,0,0,0,0,0,0,0,0,0,0,0,0,0,0,0,0,0,0,0,0,0,0,0,0,0,0,0,0,0,0,0,0,0,66.7,33.3,0,0,0,0,0,0,0,0,0,0
2022,1079,Cam Sims,WAS,WR,1,4,DAL,6.779661016949152,0,5.6,4,8.9,0,0,0,0,0,0,0,0,0,0,0,0,0,0,0,0,0,0,0,0,0,0,0,0,0,0,0,0,0,0,0,0,0,0,0,0,0,0,0,0,0,0,0,0,0,100,0,0,0,0,0,0,0,0,0,0,0
2022,1080,Will Dissly,SEA,TE,1,2,SF,11.494252873563218,12.5,46.8,10,30.3,2,6.5,0,0.2,-2,-4,-2.3,0,0,0,0,2,100,4,2,2,1,0,0,0,0,0,0,0,0,79.2,1,5,1,50,2,100,0,0,0,0,0,0,0,1,0,0,16.7,-4.85,-0.626,10,10,50,30,2,3.1,2,3.11,-1.11,0.2,0.31,3.1
2022,1081,Tyler Conklin,NYJ,TE,1,5,MIA,4.166666666666666,3.571428571428571,66.1,7,29.2,1,4.8,0,0.14,40,40,20.1,0,0,0,0,0,0,0,0,0,0,0,0.02,0,0,0,0,0,0,39.6,0,0,0,0,1,100,1,0,0,0,1,0,0,0,0,0,12.5,-8,-0.555,0,0,100,0,0,2.3,0,2.31,-2.31,0,0.33,2.3
2022,1082,Marquez Valdes-Scantling,KC,WR,1,6,BUF,17.5,9.090909090909092,82,35,74.5,3,7.5,0,0.09,10,30,14.3,0,0,0,0,0,0,0,0,0,0,0,0.04,0,1,1,0,0,0,0,1,5.3,0,0,1,33.3,0,0,0,0,1,0,0,0,0,0,10.3,-8.18,-1.911,68.6,31.4,0,0,0,0.6,0,0.56,-0.56,0,0.02,0.6
2022,1083,Equanimeous St. Brown,CHI,WR,1,6,WAS,19.090909090909093,0,65.2,21,50,0,0,0,0,0,0,0,0,0,0,0,0,0,0,0,0,0,0,0,0,0,0,0,0,0,0,0,0,0,0,0,0,0,0,0,0,0,0,0,0,0,0,0,0,0,57.1,38.1,4.8,0,0.1,0.5,0.1,0.49,-0.39,0,0,0
2022,1084,Byron Pringle,CHI,WR,1,2,GB,28.57142857142857,0,34.1,2,12.5,0,0,0,0,0,0,0,0,0,0,0,0,0,0,0,0,0,0,0,0,0,0,0,0,0,0,0,0,0,0,0,0,0,0,0,0,0,0,0,0,0,0,0,0,0,50,50,0,0,0,0,0,0,0,0,0,0
2022,1085,Dalton Schultz,DAL,TE,1,4,WAS,23.958333333333336,17.647058823529413,89.5,23,79.3,3,11.1,0,0.13,5.33,16,6.6,0,0,0,0,0,0,0,0,0,0,0,0.01,0,1,0,0,0,0,39.6,3,20,1,33.3,2,66.7,0,0,1,33.3,0,0,0,0,0,0,15,-8.05,-0.777,17.4,56.5,26.1,0,0,2.6,0,2.58,-2.58,0,0.11,2.6
2022,1086,Dalton Schultz,DAL,TE,1,5,LA,6.25,5.88235294117647,17,6,31.6,1,6.3,0,0.17,5,5,4.1,0,0,0,0,0,0,0,0,0,0,0,0,0,1,0,0,0,0,39.6,1,7.7,0,0,0,0,0,0,0,0,0,0,0,0,0,0,20,-6.48,-1.26,0,66.7,33.3,0,0,0.3,0,0.29,-0.29,0,0.05,0.3
2022,1087,Justin Watson,KC,WR,1,1,ARZ,20.588235294117645,14.285714285714285,21.2,7,17.1,1,2.6,0,0.14,3,3,1,0,0,0,0,0,0,0,0,0,0,0,0.07,0,1,0,0,0,0,39.6,1,3.1,0,0,1,100,0,0,1,100,1,0,0,0,0,0,14.3,-5.45,-0.468,14.3,85.7,0,0,0,1.6,0,1.58,-1.58,0,0.23,1.6
2022,1088,Justin Watson,KC,WR,1,3,IND,20.588235294117645,14.285714285714285,15,7,17.1,1,2.8,0,0.14,15,15,5.6,0,0,0,0,0,0,0,0,0,0,0,0.16,0,0,0,0,0,0,39.6,0,0,0,0,1,100,0,0,0,0,0,0,0,0,0,0,14.3,-10.41,-0.799,42.9,57.1,0,0,0,3.6,0,3.56,-3.56,0,0.51,3.6
2022,1089,Justin Watson,KC,WR,1,4,TB,11.76470588235294,14.285714285714285,16.9,4,9.3,1,2.7,0,0.25,35,35,12.4,0,0,0,0,0,0,0,0,0,0,0,0,0,0,1,0,0,0,39.6,1,3.7,0,0,0,0,1,0,0,0,0,0,0,0,0,0,16.7,-13.7,-0.462,75,0,25,0,0,-0.1,0,-0.06,0.06,0,-0.01,-0.1
2022,1090,Justin Watson,KC,WR,1,6,BUF,14.705882352941178,14.285714285714285,11.5,5,10.6,1,2.5,0,0.2,23,23,11,0,0,0,0,0,0,0,0,0,0,0,0,0,0,0,0,0,0,39.6,1,5.3,0,0,0,0,1,0,0,0,0,0,0,0,0,0,33.3,-10.22,-0.481,0,100,0,0,0,0,0,0.03,-0.03,0,0.01,0
2022,1091,Ray-Ray McCloud,SF,WR,1,5,CAR,13.461538461538462,0,26.2,7,21.9,0,0,0,0,0,0,0,0,0,0,0,0,0,0,0,0,0,0,0,0,0,0,0,0,0,0,0,0,0,0,0,0,0,0,0,0,0,0,0,0,0,0,0,0,0,42.9,57.1,0,0,0,0,0,0,0,0,0,0
2022,1092,Ray-Ray McCloud,SF,WR,1,6,ATL,32.69230769230769,14.285714285714285,35.1,17,40.5,1,2.4,0,0.06,42,42,14.5,0,0,0,0,0,0,0,0,0,0,0,0.06,0,0,0,0,0,0,39.6,1,4.3,0,0,1,100,1,0,1,100,0,0,0,0,0,0,5.9,-15,-0.783,52.9,41.2,0,5.9,0,4.8,0,4.81,-4.81,0,0.28,4.8
2022,1093,Cedrick Wilson,MIA,WR,1,2,BLT,31.57894736842105,14.285714285714285,30.4,18,35.3,1,2,0,0.06,8,8,2.1,0,0,0,0,0,0,0,0,0,0,0,0,0,0,0,0,0,0,39.6,1,2.9,0,0,1,100,0,0,0,0,1,0,0,0,0,0,5,-7.51,-0.432,38.9,61.1,0,0,0,1.4,0,1.36,-1.36,0,0.08,1.4
2022,1094,Cedrick Wilson,MIA,WR,1,3,BUF,3.508771929824561,0,12.8,2,9.1,0,0,0,0,0,0,0,0,0,0,0,0,0,0,0,0,0,0,0,0,0,0,0,0,0,0,0,0,0,0,0,0,0,0,0,0,0,0,0,0,0,0,0,0,0,100,0,0,0,0,0,0,0,0,0,0,0
2022,1095,Cedrick Wilson,MIA,WR,1,6,MIN,19.298245614035086,0,17.8,11,20,0,0,0,0,0,0,0,0,0,0,0,0,0,0,0,0,0,0,0,0,0,0,0,0,0,0,0,0,0,0,0,0,0,0,0,0,0,0,0,0,0,0,0,0,0,63.6,36.4,0,0,0,0,0,0,0,0,0,0
2022,1096,Braxton Berrios,NYJ,WR,1,2,CLV,12.698412698412698,0,22.4,8,16.7,0,0,0,0,0,0,0,0,0,0,0,0,0,0,0,0,0,0,0,0,0,0,0,0,0,0,0,0,0,0,0,0,0,0,0,0,0,0,0,0,0,0,0,0,0,25,75,0,0,2.2,0.9,2.2,0.91,1.29,0,0,0
2022,1097,Braxton Berrios,NYJ,WR,1,3,CIN,25.396825396825395,10,30.3,16,28.6,1,1.9,0,0.06,27,27,6.2,0,0,0,0,0,0,0,0,0,0,0,0,0,0,0,0,0,0,0,1,3.4,0,0,0,0,1,0,0,0,0,0,0,0,0,0,7.7,-11.91,-4.367,18.8,81.3,0,0,-0.2,0.4,-0.2,0.45,-0.65,0,0,0
2022,1098,Tanner Hudson,NYG,TE,1,1,TEN,18.29268292682927,0,31,15,50,0,0,0,0,0,0,0,0,0,0,0,0,0,0,0,0,0,0,0,0,0,0,0,0,0,0,0,0,0,0,0,0,0,0,0,0,0,0,0,0,0,0,0,0,0,33.3,40,26.7,0,0,0,0,0,0,0,0,0
2022,1099,Tanner Hudson,NYG,TE,1,3,DAL,21.951219512195124,0,34.3,18,36.7,0,0,0,0,0,0,0,0,0,0,0,0,0,0,0,0,0,0,0,0,0,0,0,0,0,0,0,0,0,0,0,0,0,0,0,0,0,0,0,0,0,0,0,0,0,11.1,50,38.9,0,0,0,0,0,0,0,0,0
2022,1100,Tanner Hudson,NYG,TE,1,5,GB,15.853658536585366,0,44.1,13,41.9,0,0,0,0,0,0,0,0,0,0,0,0,0,0,0,0,0,0,0,0,0,0,0,0,0,0,0,0,0,0,0,0,0,0,0,0,0,0,0,0,0,0,0,0,0,23.1,23.1,46.2,7.7,0,0,0,0,0,0,0,0
2022,1101,Tanner Hudson,NYG,TE,1,6,BLT,4.878048780487805,0,12.9,4,12.5,0,0,0,0,0,0,0,0,0,0,0,0,0,0,0,0,0,0,0,0,0,0,0,0,0,0,0,0,0,0,0,0,0,0,0,0,0,0,0,0,0,0,0,0,0,25,0,75,0,0,0,0,0,0,0,0,0
2022,1102,Brandon Powell,LA,WR,1,4,SF,8,0,8.2,2,3.6,0,0,0,0,0,0,0,0,0,0,0,0,0,0,0,0,0,0,0,0,0,0,0,0,0,0,0,0,0,0,0,0,0,0,0,0,0,0,0,0,0,0,0,0,0,100,0,0,0,1.1,0.5,1.1,0.55,0.55,0,0,0
2022,1103,Brandon Powell,LA,WR,1,5,DAL,12,0,17.2,3,6.1,0,0,0,0,0,0,0,0,0,0,0,0,0,0,0,0,0,0,0,0,0,0,0,0,0,0,0,0,0,0,0,0,0,0,0,0,0,0,0,0,0,0,0,0,0,0,100,0,0,0.1,0.5,0.1,0.54,-0.44,0,0,0
2022,1104,D.J. Chark,DET,WR,1,2,WAS,31,22.22222222222222,65.6,31,83.8,4,11.8,0,0.13,23.5,94,31.2,0,0,0,0,0,0,0,0,0,0,0,0.58,0,1,2,0,0,0,39.6,1,4.8,0,0,1,25,2,0,1,25,0,0,0,0,0,0,13.8,-10.72,-1.303,74.2,25.8,0,0,0,5.7,0,5.7,-5.7,0,0.18,5.7
2022,1105,Durham Smythe,MIA,TE,1,4,CIN,26.923076923076923,0,63.3,14,35.9,0,0,0,0,0,0,0,0,0,0,0,0,0,0,0,0,0,0,0,0,0,0,0,0,0,0,0,0,0,0,0,0,0,0,0,0,0,0,0,0,0,0,0,0,0,28.6,7.1,64.3,0,0,0,0,0,0,0,0,0
2022,1106,KhaDarel Hodge,ATL,WR,1,3,SEA,16.666666666666664,0,20.4,6,24,0,0,0,0,0,0,0,0,0,0,0,0,0,0,0,0,0,0,0,0,0,0,0,0,0,0,0,0,0,0,0,0,0,0,0,0,0,0,0,0,0,0,0,0,0,100,0,0,0,0,0,0,0,0,0,0,0
2022,1107,KhaDarel Hodge,ATL,WR,1,4,CLV,19.444444444444446,0,32.7,7,35,0,0,0,0,0,0,0,0,0,0,0,0,0,0,0,0,0,0,0,0,0,0,0,0,0,0,0,0,0,0,0,0,0,0,0,0,0,0,0,0,0,0,0,0,0,57.1,42.9,0,0,0,0,0,0,0,0,0,0
2022,1108,Dante Pettis,CHI,WR,1,2,GB,11.428571428571429,0,56.1,12,75,0,0,0,0,0,0,0,0,0,0,0,0,0,0,0,0,0,0,0,0,0,0,0,0,0,0,0,0,0,0,0,0,0,0,0,0,0,0,0,0,0,0,0,0,0,75,25,0,0,0,0,0,0,0,0,0,0
2022,1109,Dante Pettis,CHI,WR,1,3,HST,12.380952380952381,0,56.5,13,52,0,0,0,0,0,0,0,0,0,0,0,0,0,0,0,0,0,0,0,0,0,0,0,0,0,0,0,0,0,0,0,0,0,0,0,0,0,0,0,0,0,0,0,0,0,76.9,23.1,0,0,0,0,0,0,0,0,0,0
2022,1110,Dante Pettis,CHI,WR,1,4,NYG,23.809523809523807,18.181818181818183,58.3,25,71.4,2,9.1,0,0.08,18.5,37,20,0,0,0,0,0,0,0,0,0,0,0,0.01,0,1,1,0,0,0,39.6,2,12.5,0,0,1,50,0,0,0,0,1,0,0,0,0,0,16.7,-11.42,-1.235,92,8,0,0,0,1.6,0,1.65,-1.65,0,0.07,1.6
2022,1111,Dante Pettis,CHI,WR,1,5,MIN,14.285714285714285,18.181818181818183,59.6,15,51.7,2,9.5,0,0.13,12.5,25,14.3,0,0,0,0,0,0,0,0,0,0,0,0.01,0,0,0,0,0,0,39.6,2,14.3,0,0,2,100,1,0,0,0,0,0,0,0,0,0,14.3,-8.64,-1.019,66.7,33.3,0,0,0,5.1,0,5.06,-5.06,0,0.34,5.1
2022,1112,Andrew Beck,DEN,TE,1,2,HST,20,0,29.2,5,14.3,0,0,0,0,0,0,0,0,0,0,0,0,0,0,0,0,0,0,0,0,0,0,0,0,0,0,0,0,0,0,0,0,0,0,0,0,0,0,0,0,0,0,0,0,0,0,0,60,40,-0.1,0.3,-0.1,0.35,-0.45,0,0,0
2022,1113,Andrew Beck,DEN,TE,1,3,SF,12,0,37.1,3,7.5,0,0,0,0,0,0,0,0,0,0,0,0,0,0,0,0,0,0,0,0,0,0,0,0,0,0,0,0,0,0,0,0,0,0,0,0,0,0,0,0,0,0,0,0,0,0,0,66.7,33.3,0,0,0,0,0,0,0,0
2022,1114,Andrew Beck,DEN,TE,1,4,LV,8,0,25,2,6.5,0,0,0,0,0,0,0,0,0,0,0,0,0,0,0,0,0,0,0,0,0,0,0,0,0,0,0,0,0,0,0,0,0,0,0,0,0,0,0,0,0,0,0,0,0,0,0,100,0,0,0,0,0,0,0,0,0
2022,1115,Andrew Beck,DEN,TE,1,5,IND,28.000000000000004,20,25.4,7,15.6,1,2.6,0,0.14,24,24,6.3,0,0,0,0,0,0,0,0,0,0,0,0.13,0,0,0,0,0,0,39.6,1,4,0,0,1,100,1,0,0,0,1,0,0,0,0,0,16.7,-15.44,-0.671,14.3,0,57.1,28.6,0,2.1,0,2.13,-2.13,0,0.3,2.1
2022,1116,Irv Smith,MIN,TE,1,1,GB,10,7.4074074074074066,29.5,13,39.4,2,6.3,0,0.15,1.5,3,2,0,0,0,0,0,0,0,0,0,0,0,0,0,1,0,0,0,0,39.6,1,4,0,0,1,50,0,0,1,50,1,0,0,0,0,0,15.4,-5.81,-0.324,15.4,23.1,61.5,0,0,0.7,0,0.72,-0.72,0,0.06,0.7
2022,1117,Foster Moreau,LV,TE,1,1,LAC,21.951219512195124,0,32.1,9,20.9,0,0,0,0,0,0,0,0,0,0,0,0,0,0,0,0,0,0,0,0,0,0,0,0,0,0,0,0,0,0,0,0,0,0,0,0,0,0,0,0,0,0,0,0,0,0,22.2,77.8,0,0,0,0,0,0,0,0,0
2022,1118,Penny Hart,SEA,WR,1,2,SF,25,0,2.1,1,3,0,0,0,0,0,0,0,0,0,0,0,0,0,0,0,0,0,0,0,0,0,0,0,0,0,0,0,0,0,0,0,0,0,0,0,0,0,0,0,0,0,0,0,0,0,100,0,0,0,0,0,0,0,0,0,0,0
2022,1119,Deonte Harty,NO,WR,1,5,SEA,13.333333333333334,0,5.4,2,7.4,0,0,0,0,0,0,0,0,0,0,0,0,0,0,0,0,0,0,0,0,0,0,0,0,0,0,0,0,0,0,0,0,0,0,0,0,0,0,0,0,0,0,0,0,0,100,0,0,0,0,0,0,0,0,0,0,0
2022,1120,Zach Gentry,PIT,TE,1,2,NE,5.357142857142857,0,34.5,3,8.1,0,0,0,0,0,0,0,0,0,0,0,0,0,0,0,0,0,0,0,0,0,0,0,0,0,0,0,0,0,0,0,0,0,0,0,0,0,0,0,0,0,0,0,0,0,0,0,100,0,0,0,0,0,0,0,0,0
2022,1121,Zach Gentry,PIT,TE,1,3,CLV,5.357142857142857,0,41.8,3,9.1,0,0,0,0,0,0,0,0,0,0,0,0,0,0,0,0,0,0,0,0,0,0,0,0,0,0,0,0,0,0,0,0,0,0,0,0,0,0,0,0,0,0,0,0,0,0,0,100,0,0,0,0,0,0,0,0,0
2022,1122,Josh Oliver,BLT,TE,1,1,NYJ,9.30232558139535,0,32.1,4,11.8,0,0,0,0,0,0,0,0,0,0,0,0,0,0,0,0,0,0,0,0,0,0,0,0,0,0,0,0,0,0,0,0,0,0,0,0,0,0,0,0,0,0,0,0,0,25,50,25,0,0,0,0,0,0,0,0,0
2022,1123,Josh Oliver,BLT,TE,1,2,MIA,18.6046511627907,0,50,8,25.8,0,0,0,0,0,0,0,0,0,0,0,0,0,0,0,0,0,0,0,0,0,0,0,0,0,0,0,0,0,0,0,0,0,0,0,0,0,0,0,0,0,0,0,0,0,37.5,0,62.5,0,0,0,0,0,0,0,0,0
2022,1124,Josh Oliver,BLT,TE,1,4,BUF,11.627906976744185,0,29.7,5,13.2,0,0,0,0,0,0,0,0,0,0,0,0,0,0,0,0,0,0,0,0,0,0,0,0,0,0,0,0,0,0,0,0,0,0,0,0,0,0,0,0,0,0,0,0,0,0,20,80,0,0,0,0,0,0,0,0,0
2022,1125,Josh Oliver,BLT,TE,1,5,CIN,16.27906976744186,0,36.1,7,20,0,0,0,0,0,0,0,0,0,0,0,0,0,0,0,0,0,0,0,0,0,0,0,0,0,0,0,0,0,0,0,0,0,0,0,0,0,0,0,0,0,0,0,0,0,0,42.9,57.1,0,0,0,0,0,0,0,0,0
2022,1126,Trevon Wesco,CHI,TE,1,3,HST,12.5,0,24.2,1,4,0,0,0,0,0,0,0,0,0,0,0,0,0,0,0,0,0,0,0,0,0,0,0,0,0,0,0,0,0,0,0,0,0,0,0,0,0,0,0,0,0,0,0,0,0,0,0,100,0,0,0,0,0,0,0,0,0
2022,1127,Trevon Wesco,CHI,TE,1,6,WAS,37.5,0,21.7,3,7.1,0,0,0,0,0,0,0,0,0,0,0,0,0,0,0,0,0,0,0,0,0,0,0,0,0,0,0,0,0,0,0,0,0,0,0,0,0,0,0,0,0,0,0,0,0,0,0,100,0,0,0,0,0,0,0,0,0
2022,1128,Scott Miller,TB,WR,1,6,PIT,2.4390243902439024,0,2.9,2,4.8,0,0,0,0,0,0,0,0,0,0,0,0,0,0,0,0,0,0,0,0,0,0,0,0,0,0,0,0,0,0,0,0,0,0,0,0,0,0,0,0,0,0,0,0,0,50,50,0,0,0,0,0,0,0,0,0,0
2022,1129,Tommy Sweeney,BUF,TE,1,1,LA,41.66666666666667,0,17.2,5,13.2,0,0,0,0,0,0,0,0,0,0,0,0,0,0,0,0,0,0,0,0,0,0,0,0,0,0,0,0,0,0,0,0,0,0,0,0,0,0,0,0,0,0,0,0,0,20,20,40,20,0,0,0,0,0,0,0,0
2022,1130,Tommy Sweeney,BUF,TE,1,5,PIT,50,0,42.6,6,15.4,0,0,0,0,0,0,0,0,0,0,0,0,0,0,0,0,0,0,0,0,0,0,0,0,0,0,0,0,0,0,0,0,0,0,0,0,0,0,0,0,0,0,0,0,0,0,33.3,33.3,33.3,0,0,0,0,0,0,0,0
2022,1131,Donald Parham,LAC,TE,1,5,CLV,38.46153846153847,25,24.6,5,13.2,1,2.9,0,0.2,11,11,6.2,0,0,0,0,0,0,0,0,0,0,0,0.14,0,1,1,0,0,0,39.6,1,3.4,0,0,1,100,0,0,0,0,1,0,0,0,0,0,14.3,-8.74,-0.896,20,40,40,0,0,1.4,0,1.42,-1.42,0,0.28,1.4
2022,1132,Chris Myarick,NYG,TE,1,2,CAR,11.11111111111111,0,32.9,3,7,0,0,0,0,0,0,0,0,0,0,0,0,0,0,0,0,0,0,0,0,0,0,0,0,0,0,0,0,0,0,0,0,0,0,0,0,0,0,0,0,0,0,0,0,0,33.3,33.3,33.3,0,0,0,0,0,0,0,0,0
2022,1133,Chris Myarick,NYG,TE,1,4,CHI,3.7037037037037033,0,59,1,4.5,0,0,0,0,0,0,0,0,0,0,0,0,0,0,0,0,0,0,0,0,0,0,0,0,0,0,0,0,0,0,0,0,0,0,0,0,0,0,0,0,0,0,0,0,0,0,0,100,0,0,0,0,0,0,0,0,0
2022,1134,Chris Myarick,NYG,TE,1,6,BLT,33.33333333333333,0,43.5,9,28.1,0,0,0,0,0,0,0,0,0,0,0,0,0,0,0,0,0,0,0,0,0,0,0,0,0,0,0,0,0,0,0,0,0,0,0,0,0,0,0,0,0,0,0,0,0,22.2,0,77.8,0,0,0,0,0,0,0,0,0
2022,1135,David Sills,NYG,WR,1,1,TEN,13.592233009708737,0,46.6,14,46.7,0,0,0,0,0,0,0,0,0,0,0,0,0,0,0,0,0,0,0,0,0,0,0,0,0,0,0,0,0,0,0,0,0,0,0,0,0,0,0,0,0,0,0,0,0,50,42.9,7.1,0,0,0,0,0,0,0,0,0
2022,1136,Stanley Morgan,CIN,WR,1,1,PIT,50,0,5.3,4,6.2,0,0,0,0,0,0,0,0,0,0,0,0,0,0,0,0,0,0,0,0,0,0,0,0,0,0,0,0,0,0,0,0,0,0,0,0,0,0,0,0,0,0,0,0,0,100,0,0,0,0,0,0,0,0,0,0,0
2022,1137,Stanley Morgan,CIN,WR,1,3,NYJ,12.5,0,9.1,1,2.6,0,0,0,0,0,0,0,0,0,0,0,0,0,0,0,0,0,0,0,0,0,0,0,0,0,0,0,0,0,0,0,0,0,0,0,0,0,0,0,0,0,0,0,0,0,0,0,100,0,0,0,0,0,0,0,0,0
2022,1138,Stanley Morgan,CIN,WR,1,5,BLT,37.5,100,13.6,3,7.9,1,2.9,0,0.33,0,0,0,0,0,0,0,0,0,0,0,0,0,0,0.31,0,1,0,0,0,0,39.6,1,4.8,1,100,1,100,0,0,0,0,1,0,0,0,0,0,50,-6.04,-3.18,100,0,0,0,0,2.3,0,2.26,-2.26,0,0.75,2.3
2022,1139,Lil'Jordan Humphrey,NE,WR,1,1,MIA,2.7027027027027026,0,5.6,1,3,0,0,0,0,0,0,0,0,0,0,0,0,0,0,0,0,0,0,0,0,0,0,0,0,0,0,0,0,0,0,0,0,0,0,0,0,0,0,0,0,0,0,0,0,0,0,100,0,0,0,0,0,0,0,0,0,0
2022,1140,Lil'Jordan Humphrey,NE,WR,1,3,BLT,72.97297297297297,25,82.5,27,67.5,1,3.1,0,0.04,12,12,3.1,0,0,0,0,0,0,0,0,0,0,0,0,0,0,0,0,0,0,39.6,1,5,0,0,0,0,0,0,0,0,0,0,0,0,0,0,4,-9.05,-0.779,18.5,77.8,3.7,0,0,0,0,0.02,-0.02,0,0,0
2022,1141,Jalen Guyton,LAC,WR,1,1,LV,16.666666666666664,25,7.7,3,8.6,1,2.9,0,0.33,25,25,10.6,0,0,0,0,0,0,0,0,0,0,0,0,0,0,0,0,0,0,39.6,1,5,0,0,0,0,1,0,0,0,0,0,0,0,0,0,33.3,-11.49,-1.347,100,0,0,0,0,0.1,0,0.1,-0.1,0,0.03,0.1
2022,1142,Jalen Guyton,LAC,WR,1,2,KC,11.11111111111111,0,10.8,2,4,0,0,0,0,0,0,0,0,0,0,0,0,0,0,0,0,0,0,0,0,0,0,0,0,0,0,0,0,0,0,0,0,0,0,0,0,0,0,0,0,0,0,0,0,0,50,50,0,0,0,0,0,0,0,0,0,0
2022,1143,Greg Dortch,ARZ,WR,1,5,PHI,0.7092198581560284,0,2.9,1,2.3,0,0,0,0,0,0,0,0,0,0,0,0,0,0,0,0,0,0,0,0,0,0,0,0,0,0,0,0,0,0,0,0,0,0,0,0,0,0,0,0,0,0,0,0,0,100,0,0,0,0,0,0,0,0,0,0,0
2022,1144,Greg Dortch,ARZ,WR,1,6,SEA,2.127659574468085,0,5.6,3,6.4,0,0,0,0,0,0,0,0,0,0,0,0,0,0,0,0,0,0,0,0,0,0,0,0,0,0,0,0,0,0,0,0,0,0,0,0,0,0,0,0,0,0,0,0,0,33.3,66.7,0,0,0,0,0,0,0,0,0,0
2022,1145,Jeff Smith,NYJ,WR,1,1,BLT,26.08695652173913,0,12.7,6,9.7,0,0,0,0,0,0,0,0,0,0,0,0,0,0,0,0,0,0,0,0,0,0,0,0,0,0,0,0,0,0,0,0,0,0,0,0,0,0,0,0,0,0,0,0,0,66.7,33.3,0,0,0,0,0,0,0,0,0,0
2022,1146,Jeff Smith,NYJ,WR,1,3,CIN,17.391304347826086,0,10.5,4,7.1,0,0,0,0,0,0,0,0,0,0,0,0,0,0,0,0,0,0,0,0,0,0,0,0,0,0,0,0,0,0,0,0,0,0,0,0,0,0,0,0,0,0,0,0,0,100,0,0,0,0,0,0,0,0,0,0,0
2022,1147,Jeff Smith,NYJ,WR,1,4,PIT,21.73913043478261,33.33333333333333,10.4,5,12.5,1,2.7,0,0.2,22,22,8.4,0,0,0,0,0,0,0,0,0,0,0,0,0,0,0,0,0,0,0,1,4.8,0,0,0,0,1,0,0,0,0,0,0,0,0,0,20,-11.92,-2.69,40,60,0,0,0,0,0,-0.04,0.04,0,-0.01,0
2022,1148,Jeff Smith,NYJ,WR,1,6,GB,8.695652173913043,0,15.1,2,9.5,0,0,0,0,0,0,0,0,0,0,0,0,0,0,0,0,0,0,0,0,0,0,0,0,0,0,0,0,0,0,0,0,0,0,0,0,0,0,0,0,0,0,0,0,0,50,50,0,0,0,0,0,0,0,0,0,0
2022,1149,Andy Isabella,BLT,WR,1,4,CAR,17.94871794871795,0,20,7,20,0,0,0,0,0,0,0,0,0,0,0,0,0,0,0,0,0,0,0,0,0,0,0,0,0,0,0,0,0,0,0,0,0,0,0,0,0,0,0,0,0,0,0,0,0,71.4,28.6,0,0,0,0,0,0,0,0,0,0
2022,1150,Darius Slayton,NYG,WR,1,2,CAR,5,0,5.7,3,7,0,0,0,0,0,0,0,0,0,0,0,0,0,0,0,0,0,0,0,0,0,0,0,0,0,0,0,0,0,0,0,0,0,0,0,0,0,0,0,0,0,0,0,0,0,100,0,0,0,0,0,0,0,0,0,0,0
2022,1151,Darius Slayton,NYG,WR,1,3,DAL,13.333333333333334,0,19.4,8,16.3,0,0,0,0,0,0,0,0,0,0,0,0,0,0,0,0,0,0,0,0,0,0,0,0,0,0,0,0,0,0,0,0,0,0,0,0,0,0,0,0,0,0,0,0,0,100,0,0,0,0,0,0,0,0,0,0,0
2022,1152,Tom Kennedy,DET,WR,1,5,NE,34.61538461538461,0,53.1,18,46.2,0,0,0,0,0,0,0,0,0,0,0,0,0,0,0,0,0,0,0,0,0,0,0,0,0,0,0,0,0,0,0,0,0,0,0,0,0,0,0,0,0,0,0,0,0,38.9,61.1,0,0,0,0,0,0,0,0,0,0
2022,1153,Joe Fortson,KC,TE,1,2,LAC,6.8181818181818175,33.33333333333333,11.1,3,8.3,1,2.9,0,0.33,4,4,1.8,0,0,0,0,0,0,0,0,0,0,0,0.22,0,1,1,0,0,0,39.6,1,4.3,0,0,1,100,0,0,0,0,1,0,0,0,0,0,25,-6.07,-0.399,33.3,66.7,0,0,0,1.9,0,1.91,-1.91,0,0.64,1.9
2022,1154,Joe Fortson,KC,TE,1,3,IND,9.090909090909092,0,10,4,9.8,0,0,0,0,0,0,0,0,0,0,0,0,0,0,0,0,0,0,0,0,0,0,0,0,0,0,0,0,0,0,0,0,0,0,0,0,0,0,0,0,0,0,0,0,0,0,50,50,0,0,0,0,0,0,0,0,0
2022,1155,Joe Fortson,KC,TE,1,5,LV,13.636363636363635,0,18.8,6,12.5,0,0,0,0,0,0,0,0,0,0,0,0,0,0,0,0,0,0,0,0,0,0,0,0,0,0,0,0,0,0,0,0,0,0,0,0,0,0,0,0,0,0,0,0,0,50,33.3,16.7,0,0,0,0,0,0,0,0,0
2022,1156,Joe Fortson,KC,TE,1,6,BUF,20.454545454545457,0,21.3,9,19.1,0,0,0,0,0,0,0,0,0,0,0,0,0,0,0,0,0,0,0,0,0,0,0,0,0,0,0,0,0,0,0,0,0,0,0,0,0,0,0,0,0,0,0,0,0,33.3,55.6,11.1,0,0,0,0,0,0,0,0,0
2022,1157,Jesper Horsted,LV,TE,1,2,ARZ,5.263157894736842,0,3.3,1,2.4,0,0,0,0,0,0,0,0,0,0,0,0,0,0,0,0,0,0,0,0,0,0,0,0,0,0,0,0,0,0,0,0,0,0,0,0,0,0,0,0,0,0,0,0,0,0,0,100,0,0,0,0,0,0,0,0,0
2022,1158,Parker Hesse,ATL,TE,1,3,SEA,14.285714285714285,0,77.8,7,28,0,0,0,0,0,0,0,0,0,0,0,0,0,0,0,0,0,0,0,0,0,0,0,0,0,0,0,0,0,0,0,0,0,0,0,0,0,0,0,0,0,0,0,0,0,14.3,42.9,42.9,0,0,0,0,0,0,0,0,0
2022,1159,Parker Hesse,ATL,TE,1,6,SF,12.244897959183673,0,69.6,6,35.3,0,0,0,0,0,0,0,0,0,0,0,0,0,0,0,0,0,0,0,0,0,0,0,0,0,0,0,0,0,0,0,0,0,0,0,0,0,0,0,0,0,0,0,0,0,0,33.3,66.7,0,0,0,0,0,0,0,0,0
2022,1160,Juwann Winfree,GB,WR,1,3,TB,26.08695652173913,50,21.3,6,16.7,2,5.7,0,0.33,18,36,22.4,0,0,0,0,0,0,0,0,0,0,0,0,0,0,0,0,0,0,39.6,2,10,0,0,0,0,1,0,0,0,0,0,0,0,0,0,28.6,-9.68,-1.138,100,0,0,0,0,0,0,0.01,-0.01,0,0,0
2022,1161,Juwann Winfree,GB,WR,1,6,NYJ,43.47826086956522,25,15.9,10,20.4,1,2.2,0,0.1,1,1,0.3,0,0,0,0,0,0,0,0,0,0,0,0,0,0,0,0,0,0,39.6,1,3.1,0,0,1,100,0,0,1,100,0,0,0,0,0,0,10,-5.12,-0.727,20,80,0,0,0,1.6,0,1.58,-1.58,0,0.16,1.6
2022,1162,Kendall Blanton,LA,TE,1,5,DAL,14.285714285714285,0,3.1,1,2,0,0,0,0,0,0,0,0,0,0,0,0,0,0,0,0,0,0,0,0,0,0,0,0,0,0,0,0,0,0,0,0,0,0,0,0,0,0,0,0,0,0,0,0,0,0,0,100,0,0,0,0,0,0,0,0,0
2022,1163,Kendall Blanton,LA,TE,1,6,CAR,14.285714285714285,0,15.9,1,2.9,0,0,0,0,0,0,0,0,0,0,0,0,0,0,0,0,0,0,0,0,0,0,0,0,0,0,0,0,0,0,0,0,0,0,0,0,0,0,0,0,0,0,0,0,0,0,0,100,0,0,0,0,0,0,0,0,0
2022,1164,Parris Campbell,IND,WR,1,2,JAX,11.965811965811966,4,85.4,28,80,1,3.3,0,0.04,17,17,6.4,0,0,0,0,0,0,0,0,0,0,0,0,0,0,0,0,0,0,0,1,5.3,0,0,0,0,0,0,0,0,0,0,0,0,0,0,4.2,-11.67,-2.644,28.6,71.4,0,0,0,0,0,-0.02,0.02,0,0,0
2022,1165,Miles Boykin,PIT,WR,1,1,CIN,28.57142857142857,50,13.1,2,4.9,1,2.6,0,0.5,34,34,11.2,0,0,0,0,0,0,0,0,0,0,0,0,0,0,0,0,0,0,39.6,1,3.6,0,0,0,0,1,0,0,0,1,0,0,0,0,0,50,-14,-1.263,100,0,0,0,0,0,0,0.02,-0.02,0,0.01,0
2022,1166,Miles Boykin,PIT,WR,1,4,NYJ,14.285714285714285,0,8.3,1,3,0,0,0,0,0,0,0,0,0,0,0,0,0,0,0,0,0,0,0,0,0,0,0,0,0,0,0,0,0,0,0,0,0,0,0,0,0,0,0,0,0,0,0,0,0,100,0,0,0,0,0,0,0,0,0,0,0
2022,1167,Mitchell Wilcox,CIN,TE,1,5,BLT,12.5,0,18.6,4,10.5,0,0,0,0,0,0,0,0,0,0,0,0,0,0,0,0,0,0,0,0,0,0,0,0,0,0,0,0,0,0,0,0,0,0,0,0,0,0,0,0,0,0,0,0,0,25,25,50,0,0,0,0,0,0,0,0,0
2022,1168,Mitchell Wilcox,CIN,TE,1,6,NO,25,0,29.6,8,19,0,0,0,0,0,0,0,0,0,0,0,0,0,0,0,0,0,0,0,0,0,0,0,0,0,0,0,0,0,0,0,0,0,0,0,0,0,0,0,0,0,0,0,0,0,25,0,75,0,0,0,0,0,0,0,0,0
2022,1169,Ben Ellefson,MIN,TE,1,4,NO,33.33333333333333,0,13.4,2,4.8,0,0,0,0,0,0,0,0,0,0,0,0,0,0,0,0,0,0,0,0,0,0,0,0,0,0,0,0,0,0,0,0,0,0,0,0,0,0,0,0,0,0,0,0,0,50,0,50,0,0,0,0,0,0,0,0,0
2022,1170,Andre Baccellia,ARZ,WR,1,1,KC,18.91891891891892,0,12.7,7,15.9,0,0,0,0,0,0,0,0,0,0,0,0,0,0,0,0,0,0,0,0,0,0,0,0,0,0,0,0,0,0,0,0,0,0,0,0,0,0,0,0,0,0,0,0,0,100,0,0,0,0,0,0,0,0,0,0,0
2022,1171,Andre Baccellia,ARZ,WR,1,5,PHI,13.513513513513514,0,17.4,5,11.4,0,0,0,0,0,0,0,0,0,0,0,0,0,0,0,0,0,0,0,0,0,0,0,0,0,0,0,0,0,0,0,0,0,0,0,0,0,0,0,0,0,0,0,0,0,60,40,0,0,0,0,0,0,0,0,0,0
2022,1172,Giovanni Ricci,CAR,TE,1,1,CLV,13.513513513513514,0,24,5,15.6,0,0,0,0,0,0,0,0,0,0,0,0,0,0,0,0,0,0,0,0,0,0,0,0,0,0,0,0,0,0,0,0,0,0,0,0,0,0,0,0,0,0,0,0,0,0,0,100,0,0,0,0,0,0,0,0,0
2022,1173,Giovanni Ricci,CAR,TE,1,4,ARZ,32.432432432432435,0,47.1,12,31.6,0,0,0,0,0,0,0,0,0,0,0,0,0,0,0,0,0,0,0,0,0,0,0,0,0,0,0,0,0,0,0,0,0,0,0,0,0,0,0,0,0,0,0,0,0,0,8.3,83.3,8.3,0,0,0,0,0,0,0,0
2022,1174,Noah Togiai,PHI,TE,1,1,DET,100,100,12.5,2,4.5,1,3.1,0,0.5,3,3,2.4,0,0,0,0,0,0,0,0,0,0,0,0,0,0,0,0,0,0,39.6,0,0,0,0,1,100,0,0,1,100,0,0,0,0,0,0,50,-6.32,-0.641,0,0,100,0,0,1.7,0,1.66,-1.66,0,0.83,1.7
2022,1175,Sean McKeon,DAL,TE,1,3,NYG,40,0,18,2,6.5,0,0,0,0,0,0,0,0,0,0,0,0,0,0,0,0,0,0,0,0,0,0,0,0,0,0,0,0,0,0,0,0,0,0,0,0,0,0,0,0,0,0,0,0,0,0,0,100,0,0,0,0,0,0,0,0,0
2022,1176,Juwan Johnson,NO,TE,1,3,CAR,15.172413793103448,4.545454545454546,67.2,22,52.4,1,2.4,0,0.05,13,13,2.9,0,0,0,0,0,0,0,0,0,0,0,0,0,0,0,0,0,0,39.6,1,3.8,0,0,1,100,0,0,0,0,0,0,0,0,0,0,4.5,-9.96,-1.268,27.3,63.6,9.1,0,0,1.5,0,1.51,-1.51,0,0.07,1.5
2022,1177,James Proche,BLT,WR,1,1,NYJ,8.333333333333332,0,7.5,2,5.9,0,0,0,0,0,0,0,0,0,0,0,0,0,0,0,0,0,0,0,0,0,0,0,0,0,0,0,0,0,0,0,0,0,0,0,0,0,0,0,0,0,0,0,0,0,0,100,0,0,0,0,0,0,0,0,0,0
2022,1178,James Proche,BLT,WR,1,4,BUF,20.833333333333336,0,7.8,5,13.2,0,0,0,0,0,0,0,0,0,0,0,0,0,0,0,0,0,0,0,0,0,0,0,0,0,0,0,0,0,0,0,0,0,0,0,0,0,0,0,0,0,0,0,0,0,0,100,0,0,0,0,0,0,0,0,0,0
2022,1179,James Proche,BLT,WR,1,6,NYG,12.5,0,6.9,3,8.3,0,0,0,0,0,0,0,0,0,0,0,0,0,0,0,0,0,0,0,0,0,0,0,0,0,0,0,0,0,0,0,0,0,0,0,0,0,0,0,0,0,0,0,0,0,0,100,0,0,0,0,0,0,0,0,0,0
2022,1180,Lawrence Cager,NYJ,TE,1,1,BLT,100,100,12.7,5,8.1,1,1.7,0,0.2,14,14,4.7,0,0,0,0,0,0,0,0,0,0,0,0,0,0,0,0,0,0,0,1,3.1,0,0,0,0,0,0,0,0,0,0,0,0,0,0,25,-9.81,-6.818,60,20,20,0,0,0,0,-0.02,0.02,0,0,0
2022,1181,Isaiah Hodgins,NYG,WR,1,6,KC,9.090909090909092,0,4.2,1,2.3,0,0,0,0,0,0,0,0,0,0,0,0,0,0,0,0,0,0,0,0,0,0,0,0,0,0,0,0,0,0,0,0,0,0,0,0,0,0,0,0,0,0,0,0,0,100,0,0,0,0,0,0,0,0,0,0,0
2022,1182,Nick Westbrook-Ikhine,TEN,WR,1,4,IND,13.186813186813188,0,63.5,12,46.2,0,0,0,0,0,0,0,0,0,0,0,0,0,0,0,0,0,0,0,0,0,0,0,0,0,0,0,0,0,0,0,0,0,0,0,0,0,0,0,0,0,0,0,0,0,58.3,41.7,0,0,0,0,0,0,0,0,0,0
2022,1183,Devin Asiasi,CIN,TE,1,3,NYJ,50,0,36.4,3,7.7,0,0,0,0,0,0,0,0,0,0,0,0,0,0,0,0,0,0,0,0,0,0,0,0,0,0,0,0,0,0,0,0,0,0,0,0,0,0,0,0,0,0,0,0,0,0,0,100,0,0,0,0,0,0,0,0,0
2022,1184,Devin Asiasi,CIN,TE,1,4,MIA,50,100,25.4,3,8.6,1,3.1,0,0.33,20,20,6.5,0,0,0,0,0,0,0,0,0,0,0,0,0,0,0,0,0,0,39.6,1,5.6,0,0,0,0,1,0,0,0,0,0,0,0,0,0,16.7,-11.76,-0.389,0,0,100,0,0,0,0,0.01,-0.01,0,0,0
2022,1185,Marquez Callaway,NO,WR,1,1,ATL,6.0606060606060606,0,33.3,6,15,0,0,0,0,0,0,0,0,0,0,0,0,0,0,0,0,0,0,0,0,0,0,0,0,0,0,0,0,0,0,0,0,0,0,0,0,0,0,0,0,0,0,0,0,0,100,0,0,0,0,0,0,0,0,0,0,0
2022,1186,Marquez Callaway,NO,WR,1,2,TB,4.040404040404041,0,22.7,4,8.5,0,0,0,0,0,0,0,0,0,0,0,0,0,0,0,0,0,0,0,0,0,0,0,0,0,0,0,0,0,0,0,0,0,0,0,0,0,0,0,0,0,0,0,0,0,100,0,0,0,0,0,0,0,0,0,0,0
2022,1187,Harrison Bryant,CLV,TE,1,3,PIT,14.285714285714285,0,46.5,14,42.4,0,0,0,0,0,0,0,0,0,0,0,0,0,0,0,0,0,0,0,0,0,0,0,0,0,0,0,0,0,0,0,0,0,0,0,0,0,0,0,0,0,0,0,0,0,0,57.1,42.9,0,0,0,0,0,0,0,0,0
2022,1188,Harrison Bryant,CLV,TE,1,5,LAC,14.285714285714285,5.263157894736842,56.9,14,38.9,1,2.9,0,0.07,4,4,1.3,0,0,0,0,0,0,0,0,0,0,0,0,0,0,0,0,0,0,39.6,1,3.6,0,0,1,100,0,0,1,100,0,0,0,0,0,0,7.1,-6.07,-0.473,0,57.1,35.7,7.1,0,1.2,0,1.19,-1.19,0,0.09,1.2
2022,1189,Donovan Peoples-Jones,CLV,WR,1,2,NYJ,14.130434782608695,2.941176470588235,76.9,26,81.3,1,3.7,0,0.04,13,13,7.6,0,0,0,0,0,0,0,0,0,0,0,0.1,0,1,1,0,0,0,39.6,1,4.3,0,0,1,100,0,0,0,0,1,0,0,0,0,0,4.3,-8.91,-0.92,69.2,30.8,0,0,0,0.8,0,0.76,-0.76,0,0.03,0.8
2022,1190,Colby Parkinson,SEA,TE,1,2,SF,13.793103448275861,0,29.8,8,24.2,0,0,0,0,0,0,0,0,0,0,0,0,0,0,0,0,0,0,0,0,0,0,0,0,0,0,0,0,0,0,0,0,0,0,0,0,0,0,0,0,0,0,0,0,0,25,75,0,0,0,0,0,0,0,0,0,0
2022,1191,Colby Parkinson,SEA,TE,1,5,NO,15.517241379310345,0,28.6,9,30,0,0,0,0,0,0,0,0,0,0,0,0,0,0,0,0,0,0,0,0,0,0,0,0,0,0,0,0,0,0,0,0,0,0,0,0,0,0,0,0,0,0,0,0,0,11.1,33.3,55.6,0,0,0,0,0,0,0,0,0
2022,1192,Tyler Davis,GB,TE,1,2,CHI,15.384615384615385,0,31.8,4,13.8,0,0,0,0,0,0,0,0,0,0,0,0,0,0,0,0,0,0,0,0,0,0,0,0,0,0,0,0,0,0,0,0,0,0,0,0,0,0,0,0,0,0,0,0,0,0,25,75,0,0,0,0,0,0,0,0,0
2022,1193,Tyler Davis,GB,TE,1,4,NE,23.076923076923077,0,28.2,6,16.2,0,0,0,0,0,0,0,0,0,0,0,0,0,0,0,0,0,0,0,0,0,0,0,0,0,0,0,0,0,0,0,0,0,0,0,0,0,0,0,0,0,0,0,0,0,33.3,33.3,33.3,0,0,0,0,0,0,0,0,0
2022,1194,Tyler Davis,GB,TE,1,6,NYJ,7.6923076923076925,0,7.2,2,4.1,0,0,0,0,0,0,0,0,0,0,0,0,0,0,0,0,0,0,0,0,0,0,0,0,0,0,0,0,0,0,0,0,0,0,0,0,0,0,0,0,0,0,0,0,0,0,0,100,0,0,0,0,0,0,0,0,0
2022,1195,Quez Watkins,PHI,WR,1,1,DET,21.551724137931032,0,55.6,25,56.8,0,0,0,0,0,0,0,0,0,0,0,0,0,0,0,0,0,0,0,0,0,0,0,0,0,0,0,0,0,0,0,0,0,0,0,0,0,0,0,0,0,0,0,0,0,20,80,0,0,0,0,0,0,0,0,0,0
2022,1196,Quez Watkins,PHI,WR,1,3,WAS,18.103448275862068,12.5,45.6,21,51.2,1,2.9,0,0.05,28,28,7.2,0,0,0,0,0,0,0,0,0,0,0,0,0,0,0,0,0,0,39.6,0,0,0,0,0,0,1,0,0,0,0,0,0,0,0,0,5.6,-11.08,-1.673,19,76.2,4.8,0,0,0,0,-0.01,0.01,0,0,0
2022,1197,Quez Watkins,PHI,WR,1,4,JAX,8.620689655172415,0,59.7,10,34.5,0,0,0,0,0,0,0,0,0,0,0,0,0,0,0,0,0,0,0,0,0,0,0,0,0,0,0,0,0,0,0,0,0,0,0,0,0,0,0,0,0,0,0,0,0,10,90,0,0,0,0,0,0,0,0,0,0
2022,1198,Quez Watkins,PHI,WR,1,6,DAL,12.068965517241379,12.5,60.3,14,46.7,1,4,0,0.07,-3,-3,-3.4,0,0,0,0,1,100,3,3,1,1,0,0.01,0,1,0,0,0,0,79.2,1,5.3,1,100,1,100,0,0,0,0,0,0,0,0,0,0,7.7,-4.94,-0.502,21.4,78.6,0,0,0.7,2.2,0.7,2.24,-1.54,0.07,0.1,1.4
2022,1199,Quintez Cephus,DET,WR,1,1,PHI,5.555555555555555,0,3,1,2.6,0,0,0,0,0,0,0,0,0,0,0,0,0,0,0,0,0,0,0,0,0,0,0,0,0,0,0,0,0,0,0,0,0,0,0,0,0,0,0,0,0,0,0,0,0,100,0,0,0,0,0,0,0,0,0,0,0
2022,1200,Quintez Cephus,DET,WR,1,2,WAS,5.555555555555555,0,9.8,1,2.7,0,0,0,0,0,0,0,0,0,0,0,0,0,0,0,0,0,0,0,0,0,0,0,0,0,0,0,0,0,0,0,0,0,0,0,0,0,0,0,0,0,0,0,0,0,100,0,0,0,0,0,0,0,0,0,0,0
2022,1201,Quintez Cephus,DET,WR,1,3,MIN,5.555555555555555,0,11.8,1,2.3,0,0,0,0,0,0,0,0,0,0,0,0,0,0,0,0,0,0,0,0,0,0,0,0,0,0,0,0,0,0,0,0,0,0,0,0,0,0,0,0,0,0,0,0,0,0,100,0,0,0,0,0,0,0,0,0,0
2022,1202,Cole Kmet,CHI,TE,1,1,SF,12.698412698412698,7.142857142857142,83.9,16,69.6,1,5.9,0,0.06,-5,-5,-3.6,0,0,0,0,0,0,0,0,0,0,0,0,0,0,0,0,0,0,39.6,1,8.3,1,100,0,0,0,0,0,0,0,0,0,0,0,0,8.3,-4.37,-0.485,6.3,50,43.8,0,0,0,0,-0.02,0.02,0,0,0
2022,1203,Cole Kmet,CHI,TE,1,2,GB,9.523809523809524,7.142857142857142,85.4,12,75,1,9.1,0,0.08,5,5,4.7,0,0,0,0,0,0,0,0,0,0,0,0,0,0,0,0,0,0,39.6,1,11.1,0,0,1,100,0,0,1,100,0,0,0,0,0,0,9.1,-6.48,-0.406,8.3,58.3,33.3,0,0,1.7,0,1.72,-1.72,0,0.14,1.7
2022,1204,Chase Claypool,PIT,WR,1,4,NYJ,13.744075829383887,8.108108108108109,71.7,29,87.9,3,11.5,0,0.1,37.33,112,29.9,0,0,0,0,0,0,0,0,0,0,0,0.08,0,0,1,0,0,0,0,3,14.3,0,0,1,33.3,2,0,0,0,1,0,0,0,0,0,13.6,-12.88,-1.438,24.1,75.9,0,0,0,2.4,0,2.39,-2.39,0,0.08,2.4
2022,1205,Josiah Deguara,GB,TE,1,2,CHI,5.555555555555555,0,21.2,1,3.4,0,0,0,0,0,0,0,0,0,0,0,0,0,0,0,0,0,0,0,0,0,0,0,0,0,0,0,0,0,0,0,0,0,0,0,0,0,0,0,0,0,0,0,0,0,100,0,0,0,0,0,0,0,0,0,0,0
2022,1206,Josiah Deguara,GB,TE,1,3,TB,16.666666666666664,0,14.8,3,8.3,0,0,0,0,0,0,0,0,0,0,0,0,0,0,0,0,0,0,0,0,0,0,0,0,0,0,0,0,0,0,0,0,0,0,0,0,0,0,0,0,0,0,0,0,0,0,66.7,0,33.3,0,0,0,0,0,0,0,0
2022,1207,Josiah Deguara,GB,TE,1,4,NE,11.11111111111111,16.666666666666664,15.5,2,5.4,1,2.9,0,0.5,-6,-6,-2,0,0,0,0,0,0,0,0,0,0,0,0.01,0,0,0,0,0,0,39.6,1,4.2,1,100,1,100,0,0,1,100,0,0,0,0,0,0,25,-7.12,-0.31,0,0,50,50,0,1.5,0,1.46,-1.46,0,0.73,1.5
2022,1208,Bryan Edwards,ATL,WR,1,1,NO,38.88888888888889,25,47.9,14,36.8,1,3,0,0.07,18,18,6.6,0,0,0,0,0,0,0,0,0,0,0,0,0,1,1,0,0,0,39.6,0,0,0,0,0,0,0,0,0,0,0,0,0,0,0,0,6.7,-10.9,-1.149,85.7,14.3,0,0,0,0.1,0,0.07,-0.07,0,0,0.1
2022,1209,Bryan Edwards,ATL,WR,1,6,SF,16.666666666666664,0,21.4,6,35.3,0,0,0,0,0,0,0,0,0,0,0,0,0,0,0,0,0,0,0,0,0,0,0,0,0,0,0,0,0,0,0,0,0,0,0,0,0,0,0,0,0,0,0,0,0,100,0,0,0,0,0,0,0,0,0,0,0
2022,1210,Jalen Reagor,MIN,WR,1,4,NO,15.384615384615385,20,4.5,2,4.8,1,2.6,0,0.5,10,10,3.6,0,0,0,0,0,0,0,0,0,0,0,0,0,0,0,0,0,0,39.6,1,3.7,0,0,0,0,0,0,0,0,0,0,0,0,0,0,50,-7.5,-0.857,50,50,0,0,0,0,0,-0.03,0.03,0,-0.01,0
2022,1211,Jalen Reagor,MIN,WR,1,6,MIA,7.6923076923076925,0,2,1,3,0,0,0,0,0,0,0,0,0,0,0,0,0,0,0,0,0,0,0,0,0,0,0,0,0,0,0,0,0,0,0,0,0,0,0,0,0,0,0,0,0,0,0,0,0,100,0,0,0,0,0,0,0,0,0,0,0
2022,1212,Tee Higgins,CIN,WR,1,5,BLT,4.545454545454546,0,16.9,7,18.4,0,0,0,0,0,0,0,0,0,0,0,0,0,0,0,0,0,0,0,0,0,0,0,0,0,0,0,0,0,0,0,0,0,0,0,0,0,0,0,0,0,0,0,0,0,85.7,14.3,0,0,0,0,0,0,0,0,0,0
2022,1213,K.J. Hamler,DEN,WR,1,1,SEA,29.545454545454547,14.285714285714285,59.4,26,57.8,1,2.4,0,0.04,30,30,10,0,0,0,0,0,0,0,0,0,0,0,0,0,0,0,0,0,0,39.6,0,0,0,0,0,0,1,0,0,0,0,0,0,0,0,0,4.2,-9.19,-0.645,88.5,11.5,0,0,0,0,0,0.03,-0.03,0,0,0
2022,1214,K.J. Hamler,DEN,WR,1,3,SF,10.227272727272728,0,25.7,9,22.5,0,0,0,0,0,0,0,0,0,0,0,0,0,0,0,0,0,0,0,0,0,0,0,0,0,0,0,0,0,0,0,0,0,0,0,0,0,0,0,0,0,0,0,0,0,66.7,33.3,0,0,0,0,0,0,0,0,0,0
2022,1215,Adam Trautman,NO,TE,1,1,ATL,6.382978723404255,0,38.6,3,7.5,0,0,0,0,0,0,0,0,0,0,0,0,0,0,0,0,0,0,0,0,0,0,0,0,0,0,0,0,0,0,0,0,0,0,0,0,0,0,0,0,0,0,0,0,0,33.3,33.3,33.3,0,0,0,0,0,0,0,0,0
2022,1216,Adam Trautman,NO,TE,1,2,TB,23.404255319148938,0,50,11,23.4,0,0,0,0,0,0,0,0,0,0,0,0,0,0,0,0,0,0,0,0,0,0,0,0,0,0,0,0,0,0,0,0,0,0,0,0,0,0,0,0,0,0,0,0,0,18.2,9.1,72.7,0,0,0,0,0,0,0,0,0
2022,1217,Albert Okwuegbunam,DEN,TE,1,2,HST,26.190476190476193,20,55.4,22,62.9,2,6.5,0,0.09,6.5,13,4.6,0,0,0,0,0,0,0,0,0,0,0,0,0,0,0,0,0,0,39.6,2,12.5,0,0,1,50,0,0,1,50,1,0,0,0,0,0,11.1,-7.1,-1.324,13.6,31.8,54.5,0,0,1.8,0,1.75,-1.75,0,0.08,1.8
2022,1218,Charlie Woerner,SF,TE,1,2,SEA,29.411764705882355,0,45.7,5,20,0,0,0,0,0,0,0,0,0,0,0,0,0,0,0,0,0,0,0,0,0,0,0,0,0,0,0,0,0,0,0,0,0,0,0,0,0,0,0,0,0,0,0,0,0,40,20,40,0,0,0,0,0,0,0,0,0
2022,1219,Charlie Woerner,SF,TE,1,3,DEN,5.88235294117647,0,13.5,1,3,0,0,0,0,0,0,0,0,0,0,0,0,0,0,0,0,0,0,0,0,0,0,0,0,0,0,0,0,0,0,0,0,0,0,0,0,0,0,0,0,0,0,0,0,0,0,0,100,0,0,0,0,0,0,0,0,0
2022,1220,Charlie Woerner,SF,TE,1,4,LA,11.76470588235294,50,38.8,2,7.1,1,3.7,0,0.5,19,19,13.9,0,0,0,0,0,0,0,0,0,0,0,0,0,0,0,0,0,0,39.6,0,0,0,0,1,100,0,0,1,100,0,0,0,0,0,0,20,-10.6,-0.521,50,0,50,0,0,3.2,0,3.22,-3.22,0,1.61,3.2
2022,1221,Charlie Woerner,SF,TE,1,5,CAR,11.76470588235294,0,34.4,2,6.3,0,0,0,0,0,0,0,0,0,0,0,0,0,0,0,0,0,0,0,0,0,0,0,0,0,0,0,0,0,0,0,0,0,0,0,0,0,0,0,0,0,0,0,0,0,0,50,50,0,0,0,0,0,0,0,0,0
2022,1222,Charlie Woerner,SF,TE,1,6,ATL,41.17647058823529,50,28.1,7,16.7,1,2.4,0,0.14,20,20,6.9,0,0,0,0,0,0,0,0,0,0,0,0,0,0,0,0,0,0,39.6,1,4.3,0,0,1,100,1,0,1,100,0,0,0,0,0,0,9.1,-11.76,-0.895,14.3,42.9,42.9,0,0,3.2,0,3.23,-3.23,0,0.46,3.2
2022,1223,Stephen Sullivan,CAR,TE,1,3,NO,14.285714285714285,0,3.4,1,3.6,0,0,0,0,0,0,0,0,0,0,0,0,0,0,0,0,0,0,0,0,0,0,0,0,0,0,0,0,0,0,0,0,0,0,0,0,0,0,0,0,0,0,0,0,0,0,0,100,0,0,0,0,0,0,0,0,0
2022,1224,Stephen Sullivan,CAR,TE,1,6,LA,28.57142857142857,0,9.1,2,8.7,0,0,0,0,0,0,0,0,0,0,0,0,0,0,0,0,0,0,0,0,0,0,0,0,0,0,0,0,0,0,0,0,0,0,0,0,0,0,0,0,0,0,0,0,0,0,50,50,0,0,0,0,0,0,0,0,0
2022,1225,Tyrie Cleveland,DEN,WR,1,1,SEA,20.833333333333336,0,12.5,5,11.1,0,0,0,0,0,0,0,0,0,0,0,0,0,0,0,0,0,0,0,0,0,0,0,0,0,0,0,0,0,0,0,0,0,0,0,0,0,0,0,0,0,0,0,0,0,80,20,0,0,0,0,0,0,0,0,0,0
2022,1226,Tyrie Cleveland,DEN,WR,1,5,IND,16.666666666666664,25,14.1,4,8.9,1,2.6,0,0.25,18,18,4.8,0,0,0,0,0,0,0,0,0,0,0,0,0,1,1,0,0,0,0,1,4,0,0,0,0,0,0,0,0,0,0,0,0,0,0,33.3,-10.9,-3.931,75,25,0,0,0,0.1,0,0.07,-0.07,0,0.02,0.1
2022,1227,Mike Strachan,IND,WR,1,3,KC,6,0,8.7,3,7,0,0,0,0,0,0,0,0,0,0,0,0,0,0,0,0,0,0,0,0,0,0,0,0,0,0,0,0,0,0,0,0,0,0,0,0,0,0,0,0,0,0,0,0,0,100,0,0,0,0,0,0,0,0,0,0,0
2022,1228,Mike Strachan,IND,WR,1,4,TEN,12,12.5,14.3,6,14.6,1,2.7,0,0.17,8,8,3.4,0,0,0,0,0,0,0,0,0,0,0,0,0,0,0,0,0,0,39.6,1,4.2,0,0,1,100,0,0,1,100,0,0,0,0,0,0,16.7,-7.51,-1.518,83.3,16.7,0,0,0,2,0,1.95,-1.95,0,0.33,2
2022,1229,Mike Strachan,IND,WR,1,5,DEN,8,0,9.6,4,8.3,0,0,0,0,0,0,0,0,0,0,0,0,0,0,0,0,0,0,0,0,0,0,0,0,0,0,0,0,0,0,0,0,0,0,0,0,0,0,0,0,0,0,0,0,0,100,0,0,0,0,0,0,0,0,0,0,0
2022,1230,Mike Strachan,IND,WR,1,6,JAX,22,25,24.3,11,19,2,3.4,0,0.18,17.5,35,10.2,0,0,0,0,0,0,0,0,0,0,0,0,0,2,2,0,0,0,39.6,1,3.4,0,0,0,0,0,0,0,0,0,0,0,0,0,0,18.2,-11.01,-0.956,100,0,0,0,0,0,0,0,0,0,0,0
2022,1231,Tim Jones,JAX,WR,1,1,WAS,4.3478260869565215,0,1.6,1,2.2,0,0,0,0,0,0,0,0,0,0,0,0,0,0,0,0,0,0,0,0,0,0,0,0,0,0,0,0,0,0,0,0,0,0,0,0,0,0,0,0,0,0,0,0,0,100,0,0,0,0,0,0,0,0,0,0,0
2022,1232,Tim Jones,JAX,WR,1,4,PHI,39.130434782608695,50,56.5,9,33.3,1,4.3,0,0.11,-3,-3,-1.9,0,0,0,0,0,0,0,0,0,0,0,0,0,0,0,0,0,0,39.6,1,4.8,1,100,1,100,0,0,0,0,0,0,0,0,0,0,12.5,-4.94,-0.671,66.7,33.3,0,0,0,1.6,0,1.57,-1.57,0,0.17,1.6
2022,1233,Tim Jones,JAX,WR,1,5,HST,4.3478260869565215,0,1.4,1,2,0,0,0,0,0,0,0,0,0,0,0,0,0,0,0,0,0,0,0,0,0,0,0,0,0,0,0,0,0,0,0,0,0,0,0,0,0,0,0,0,0,0,0,0,0,0,0,100,0,0,0,0,0,0,0,0,0
2022,1234,Shi Smith,CAR,WR,1,4,ARZ,23.741007194244602,5.88235294117647,74.5,33,86.8,1,2.8,0,0.03,5,5,2.5,0,0,0,0,0,0,0,0,0,0,0,0,0,0,0,0,0,0,39.6,1,4.2,0,0,0,0,0,0,0,0,0,0,0,0,0,0,3.7,-6.36,-1.046,30.3,69.7,0,0,0,0,0,0,0,0,0,0
2022,1235,Shi Smith,CAR,WR,1,6,LA,9.352517985611511,11.76470588235294,54.5,13,56.5,2,9.5,0,0.15,6,12,46.2,0,0,0,0,0,0,0,0,0,0,0,0,0,1,1,0,0,0,0,2,11.1,1,50,1,50,0,0,1,50,1,0,0,0,0,0,15.4,-7.54,-3.426,23.1,76.9,0,0,0,1.5,0,1.46,-1.46,0,0.11,1.5
2022,1236,Quintin Morris,BUF,TE,1,4,BLT,16.129032258064516,0,24.2,10,23.8,0,0,0,0,0,0,0,0,0,0,0,0,0,0,0,0,0,0,0,0,0,0,0,0,0,0,0,0,0,0,0,0,0,0,0,0,0,0,0,0,0,0,0,0,0,40,60,0,0,0,0,0,0,0,0,0,0
2022,1237,Quintin Morris,BUF,TE,1,6,KC,11.29032258064516,0,16.7,7,15.9,0,0,0,0,0,0,0,0,0,0,0,0,0,0,0,0,0,0,0,0,0,0,0,0,0,0,0,0,0,0,0,0,0,0,0,0,0,0,0,0,0,0,0,0,0,42.9,42.9,14.3,0,0,0,0,0,0,0,0,0
2022,1238,D'Wayne Eskridge,SEA,WR,1,1,DEN,7.5,25,10.2,3,9.7,2,7.1,0,0.67,3,6,4.3,0,0,0,0,1,50,5,5,2,2,0,0,0,0,0,0,0,0,56.3,1,5.3,0,0,1,50,0,0,0,0,0,0,0,0,0,0,100,-6.24,0.132,33.3,66.7,0,0,1,1.6,1,1.59,-0.59,0.33,0.53,1.6
2022,1239,D'Wayne Eskridge,SEA,WR,1,3,ATL,15,0,17.4,6,13,0,0,0,0,0,0,0,0,0,0,0,0,0,0,0,0,0,0,0,0,0,0,0,0,0,0,0,0,0,0,0,0,0,0,0,0,0,0,0,0,0,0,0,0,0,33.3,66.7,0,0,0,0,0,0,0,0,0,0
2022,1240,D'Wayne Eskridge,SEA,WR,1,5,NO,40,12.5,46.9,16,53.3,1,4,0,0.06,8,8,2.5,0,0,0,0,0,0,0,0,0,0,0,0,0,0,0,0,0,0,39.6,0,0,0,0,0,0,0,0,0,0,0,0,0,0,0,0,8.3,-7.51,-0.543,18.8,81.3,0,0,0,0,0,0.02,-0.02,0,0,0
2022,1241,Dyami Brown,WAS,WR,1,1,JAX,2.127659574468085,0,4.3,1,2.2,0,0,0,0,0,0,0,0,0,0,0,0,0,0,0,0,0,0,0,0,0,0,0,0,0,0,0,0,0,0,0,0,0,0,0,0,0,0,0,0,0,0,0,0,0,100,0,0,0,0,0,0,0,0,0,0,0
2022,1242,Dyami Brown,WAS,WR,1,2,DET,2.127659574468085,0,1.4,1,1.9,0,0,0,0,0,0,0,0,0,0,0,0,0,0,0,0,0,0,0,0,0,0,0,0,0,0,0,0,0,0,0,0,0,0,0,0,0,0,0,0,0,0,0,0,0,100,0,0,0,0,0,0,0,0,0,0,0
2022,1243,Dyami Brown,WAS,WR,1,3,PHI,17.02127659574468,0,16.2,8,14.5,0,0,0,0,0,0,0,0,0,0,0,0,0,0,0,0,0,0,0,0,0,0,0,0,0,0,0,0,0,0,0,0,0,0,0,0,0,0,0,0,0,0,0,0,0,62.5,37.5,0,0,0,0,0,0,0,0,0,0
2022,1244,Dyami Brown,WAS,WR,1,6,CHI,6.382978723404255,12.5,5.7,3,12,1,4.5,0,0.33,27,27,20,0,0,0,0,0,0,0,0,0,0,0,0,0,0,0,0,0,0,39.6,1,6.7,0,0,0,0,1,0,0,0,0,0,0,0,0,0,50,-11.91,-1.223,33.3,66.7,0,0,0,0,0,0,0,0,0,0
2022,1245,John Bates,WAS,TE,1,1,JAX,26.666666666666668,7.6923076923076925,57.1,16,35.6,1,2.4,0,0.06,2,2,0.7,0,0,0,0,0,0,0,0,0,0,0,0.02,0,0,0,0,0,0,39.6,0,0,0,0,1,100,0,0,1,100,0,0,0,0,0,0,4.8,-6.37,-1.855,12.5,43.8,43.8,0,0,1.8,0,1.81,-1.81,0,0.11,1.8
2022,1246,John Bates,WAS,TE,1,3,PHI,10,7.6923076923076925,23,6,10.9,1,2.3,0,0.17,2,2,0.6,0,0,0,0,0,0,0,0,0,0,0,0,0,0,0,0,0,0,39.6,1,2.9,0,0,1,100,0,0,1,100,0,0,0,0,0,0,12.5,-6.37,-0.476,16.7,50,33.3,0,0,1.7,0,1.69,-1.69,0,0.28,1.7
2022,1247,Tylan Wallace,BLT,WR,1,1,NYJ,6.896551724137931,20,9.4,2,5.9,1,3.3,0,0.5,33,33,9.5,0,0,0,0,0,0,0,0,0,0,0,0,0,0,0,0,0,0,39.6,1,4.3,0,0,0,0,1,0,0,0,0,0,0,0,0,0,50,-12.47,-0.755,50,50,0,0,0,0.1,0,0.09,-0.09,0,0.04,0.1
2022,1248,Tylan Wallace,BLT,WR,1,3,NE,10.344827586206897,0,15.3,3,8.8,0,0,0,0,0,0,0,0,0,0,0,0,0,0,0,0,0,0,0,0,0,0,0,0,0,0,0,0,0,0,0,0,0,0,0,0,0,0,0,0,0,0,0,0,0,100,0,0,0,0,0,0,0,0,0,0,0
2022,1249,Tylan Wallace,BLT,WR,1,4,BUF,6.896551724137931,0,6.3,2,5.3,0,0,0,0,0,0,0,0,0,0,0,0,0,0,0,0,0,0,0,0,0,0,0,0,0,0,0,0,0,0,0,0,0,0,0,0,0,0,0,0,0,0,0,0,0,100,0,0,0,0,0,0,0,0,0,0,0
2022,1250,Ihmir Smith-Marsette,KC,WR,1,3,HST,11.11111111111111,0,8.1,3,12,0,0,0,0,0,0,0,0,0,0,0,0,0,0,0,0,0,0,0,0,0,0,0,0,0,0,0,0,0,0,0,0,0,0,0,0,0,0,0,0,0,0,0,0,0,66.7,33.3,0,0,0,0,0,0,0,0,0,0
2022,1251,Ihmir Smith-Marsette,CHI,WR,1,4,NYG,7.4074074074074066,33.33333333333333,8.3,2,5.7,1,4.5,0,0.5,3,3,1.6,0,0,0,0,0,0,0,0,0,0,0,0,0,0,0,0,0,0,39.6,0,0,0,0,0,0,0,0,0,0,0,0,0,0,0,0,33.3,-5.45,-0.743,50,50,0,0,0,0,0,0.02,-0.02,0,0.01,0
2022,1252,Ihmir Smith-Marsette,CHI,WR,1,6,WAS,44.44444444444444,33.33333333333333,34.8,12,28.6,1,3.7,0,0.08,12,12,4.3,0,0,0,0,0,0,0,0,0,0,0,0,0,0,0,0,0,0,39.6,1,5.3,0,0,1,100,0,0,1,100,0,0,0,0,0,0,12.5,-9.05,-2.099,58.3,41.7,0,0,-0.1,2.8,-0.1,2.76,-2.86,0,0.18,2.2
2022,1253,Noah Gray,KC,TE,1,4,TB,20.634920634920633,7.6923076923076925,57.1,13,30.2,1,2.7,0,0.08,13,13,4.6,0,0,0,0,0,0,0,0,0,0,0,0.01,0,0,0,0,0,0,39.6,1,3.7,0,0,1,100,0,0,1,100,0,0,0,0,0,0,6.7,-9.96,-0.457,0,30.8,69.2,0,6.1,7.6,6.1,7.6,-1.5,0,0.19,2.5
2022,1254,Simi Fehoko,DAL,WR,1,2,CIN,14.285714285714285,0,10.2,3,9.1,0,0,0,0,0,0,0,0,0,0,0,0,0,0,0,0,0,0,0,0,0,0,0,0,0,0,0,0,0,0,0,0,0,0,0,0,0,0,0,0,0,0,0,0,0,33.3,66.7,0,0,0,0,0,0,0,0,0,0
2022,1255,Simi Fehoko,DAL,WR,1,4,WAS,9.523809523809524,0,17.5,2,6.9,0,0,0,0,0,0,0,0,0,0,0,0,0,0,0,0,0,0,0,0,0,0,0,0,0,0,0,0,0,0,0,0,0,0,0,0,0,0,0,0,0,0,0,0,0,0,100,0,0,0,0,0,0,0,0,0,0
2022,1256,Dax Milne,WAS,WR,1,1,JAX,16.666666666666664,25,8.6,2,4.4,1,2.4,0,0.5,13,13,4.8,0,0,0,0,0,0,0,0,0,0,0,0,0,0,0,0,0,0,39.6,1,3.3,0,0,0,0,0,0,0,0,0,0,0,0,0,0,33.3,-8.91,-0.621,50,50,0,0,0,0,0,0.01,-0.01,0,0,0
2022,1257,Dax Milne,WAS,WR,1,4,DAL,16.666666666666664,0,2.8,2,4.4,0,0,0,0,0,0,0,0,0,0,0,0,0,0,0,0,0,0,0,0,0,0,0,0,0,0,0,0,0,0,0,0,0,0,0,0,0,0,0,0,0,0,0,0,0,50,50,0,0,0,0,0,0,0,0,0,0
2022,1258,Dax Milne,WAS,WR,1,5,TEN,8.333333333333332,0,1.7,1,2.3,0,0,0,0,0,0,0,0,0,0,0,0,0,0,0,0,0,0,0,0,0,0,0,0,0,0,0,0,0,0,0,0,0,0,0,0,0,0,0,0,0,0,0,0,0,100,0,0,0,0,0,0,0,0,0,0,0
2022,1259,Jack Stoll,PHI,TE,1,1,DET,9.090909090909092,0,34.7,4,9.1,0,0,0,0,0,0,0,0,0,0,0,0,0,0,0,0,0,0,0,0,0,0,0,0,0,0,0,0,0,0,0,0,0,0,0,0,0,0,0,0,0,0,0,0,0,0,0,100,0,0,0,0,0,0,0,0,0
2022,1260,Jack Stoll,PHI,TE,1,2,MIN,15.909090909090908,0,29.4,7,18.4,0,0,0,0,0,0,0,0,0,0,0,0,0,0,0,0,0,0,0,0,0,0,0,0,0,0,0,0,0,0,0,0,0,0,0,0,0,0,0,0,0,0,0,0,0,14.3,14.3,71.4,0,0,0,0,0,0,0,0,0
2022,1261,Jack Stoll,PHI,TE,1,4,JAX,20.454545454545457,0,41.6,9,31,0,0,0,0,0,0,0,0,0,0,0,0,0,0,0,0,0,0,0,0,0,0,0,0,0,0,0,0,0,0,0,0,0,0,0,0,0,0,0,0,0,0,0,0,0,0,66.7,33.3,0,0,0,0,0,0,0,0,0
2022,1262,Jack Stoll,PHI,TE,1,5,ARZ,6.8181818181818175,0,40.8,3,7.5,0,0,0,0,0,0,0,0,0,0,0,0,0,0,0,0,0,0,0,0,0,0,0,0,0,0,0,0,0,0,0,0,0,0,0,0,0,0,0,0,0,0,0,0,0,0,0,100,0,0,0,0,0,0,0,0,0
2022,1263,Brock Wright,DET,TE,1,1,PHI,23.076923076923077,0,34.8,6,15.4,0,0,0,0,0,0,0,0,0,0,0,0,0,0,0,0,0,0,0,0,0,0,0,0,0,0,0,0,0,0,0,0,0,0,0,0,0,0,0,0,0,0,0,0,0,0,33.3,66.7,0,0,0,0,0,0,0,0,0
2022,1264,Brock Wright,DET,TE,1,3,MIN,19.230769230769234,0,36.8,5,11.6,0,0,0,0,0,0,0,0,0,0,0,0,0,0,0,0,0,0,0,0,0,0,0,0,0,0,0,0,0,0,0,0,0,0,0,0,0,0,0,0,0,0,0,0,0,20,20,60,0,0,0,0,0,0,0,0,0
2022,1265,Brock Wright,DET,TE,1,4,SEA,15.384615384615385,0,33.3,4,9.5,0,0,0,0,0,0,0,0,0,0,0,0,0,0,0,0,0,0,0,0,0,0,0,0,0,0,0,0,0,0,0,0,0,0,0,0,0,0,0,0,0,0,0,0,0,25,25,50,0,0,0,0,0,0,0,0,0
2022,1266,Brock Wright,DET,TE,1,5,NE,26.923076923076923,0,43.8,7,17.9,0,0,0,0,0,0,0,0,0,0,0,0,0,0,0,0,0,0,0,0,0,0,0,0,0,0,0,0,0,0,0,0,0,0,0,0,0,0,0,0,0,0,0,0,0,14.3,28.6,57.1,0,0,0,0,0,0,0,0,0
2022,1267,Feleipe Franks,ATL,TE,1,4,CLV,27.27272727272727,0,9.1,3,15,0,0,0,0,0,0,0,0,0,0,0,0,0,0,0,0,0,0,0,0,0,0,0,0,0,0,0,0,0,0,0,0,0,0,0,0,0,0,0,0,0,0,0,0,0,33.3,33.3,33.3,0,0,0,0,0,0,0,0,0
2022,1268,Feleipe Franks,ATL,TE,1,5,TB,72.72727272727273,100,44.3,8,23.5,2,8,0,0.25,28,56,26,0,0,0,0,0,0,0,0,0,0,0,0,0,0,0,0,0,0,39.6,2,9.5,0,0,1,50,1,0,0,0,1,0,0,0,0,0,18.2,-8.37,-0.547,62.5,25,12.5,0,0,1.7,0,1.72,-1.72,0,0.21,1.7
2022,1269,Tutu Atwell,LA,WR,1,1,BUF,33.33333333333333,25,10.6,6,12.2,1,2.4,0,0.17,5,5,2.2,0,0,0,0,0,0,0,0,0,0,0,0,0,0,0,0,0,0,39.6,1,3.8,0,0,1,100,0,0,1,100,1,0,0,0,0,0,20,-6.36,-0.772,66.7,33.3,0,0,0,1.2,0,1.19,-1.19,0,0.2,1.2
2022,1270,Tutu Atwell,LA,WR,1,2,ATL,5.555555555555555,0,3.2,1,2.7,0,0,0,0,0,0,0,0,0,0,0,0,0,0,0,0,0,0,0,0,0,0,0,0,0,0,0,0,0,0,0,0,0,0,0,0,0,0,0,0,0,0,0,0,0,0,100,0,0,0,0,0,0,0,0,0,0
2022,1271,Tutu Atwell,LA,WR,1,3,ARZ,16.666666666666664,25,6.5,3,11.1,1,4,0,0.33,47,47,23.2,0,0,0,0,0,0,0,0,0,0,0,0,0,0,0,0,0,0,39.6,0,0,0,0,0,0,1,0,0,0,0,0,0,0,0,0,33.3,-15,-0.813,100,0,0,0,0,-0.1,0,-0.08,0.08,0,-0.03,-0.1
2022,1272,Tutu Atwell,LA,WR,1,6,CAR,5.555555555555555,0,3.2,1,2.9,0,0,0,0,0,0,0,0,0,0,0,0,0,0,0,0,0,0,0,0,0,0,0,0,0,0,0,0,0,0,0,0,0,0,0,0,0,0,0,0,0,0,0,0,0,100,0,0,0,0.9,0.4,0.9,0.42,0.48,0,0,0
2022,1273,Jaelon Darden,CLV,WR,1,1,DAL,9.090909090909092,0,16.1,3,10.3,0,0,0,0,0,0,0,0,0,0,0,0,0,0,0,0,0,0,0,0,0,0,0,0,0,0,0,0,0,0,0,0,0,0,0,0,0,0,0,0,0,0,0,0,0,33.3,66.7,0,0,0.2,0.5,0.2,0.46,-0.26,0,0,0
2022,1274,Jaelon Darden,CLV,WR,1,2,NO,6.0606060606060606,0,12.3,2,5.7,0,0,0,0,0,0,0,0,0,0,0,0,0,0,0,0,0,0,0,0,0,0,0,0,0,0,0,0,0,0,0,0,0,0,0,0,0,0,0,0,0,0,0,0,0,0,100,0,0,0,0,0,0,0,0,0,0
2022,1275,Jaelon Darden,CLV,WR,1,4,KC,12.121212121212121,0,10.2,4,7.5,0,0,0,0,0,0,0,0,0,0,0,0,0,0,0,0,0,0,0,0,0,0,0,0,0,0,0,0,0,0,0,0,0,0,0,0,0,0,0,0,0,0,0,0,0,75,25,0,0,0,0,0,0,0,0,0,0
2022,1276,Jaelon Darden,CLV,WR,1,5,ATL,27.27272727272727,0,12,9,17.3,0,0,0,0,0,0,0,0,0,0,0,0,0,0,0,0,0,0,0,0,0,0,0,0,0,0,0,0,0,0,0,0,0,0,0,0,0,0,0,0,0,0,0,0,0,77.8,22.2,0,0,0,0,0,0,0,0,0,0
2022,1277,Luke Farrell,JAX,TE,1,2,IND,33.33333333333333,0,4.5,1,3.3,0,0,0,0,0,0,0,0,0,0,0,0,0,0,0,0,0,0,0,0,0,0,0,0,0,0,0,0,0,0,0,0,0,0,0,0,0,0,0,0,0,0,0,0,0,100,0,0,0,0,0,0,0,0,0,0,0
2022,1278,Luke Farrell,JAX,TE,1,5,HST,33.33333333333333,0,11,1,2,0,0,0,0,0,0,0,0,0,0,0,0,0,0,0,0,0,0,0,0,0,0,0,0,0,0,0,0,0,0,0,0,0,0,0,0,0,0,0,0,0,0,0,0,0,0,0,100,0,0,0,0,0,0,0,0,0
2022,1279,DeVonta Smith,PHI,WR,1,1,DET,20.994475138121548,4.878048780487805,95.8,38,86.4,2,6.3,0,0.05,10,20,16,0,0,0,0,0,0,0,0,0,0,0,0,0,0,0,0,0,0,39.6,1,5.3,0,0,1,50,0,0,1,50,1,0,0,0,0,0,8.3,-7.5,-1.426,86.8,13.2,0,0,0,2.2,0,2.22,-2.22,0,0.06,2.2
2022,1280,Kadarius Toney,KC,WR,1,1,TEN,16.666666666666664,0,12.1,3,10,0,0,0,0,0,0,0,0,0,0,0,0,0,0,0,0,0,0,0,0,0,0,0,0,0,0,0,0,0,0,0,0,0,0,0,0,0,0,0,0,0,0,0,0,0,66.7,0,0,33.3,2.3,1.2,2.3,1.23,1.07,0,0,0
2022,1281,Kadarius Toney,NYG,WR,1,2,CAR,83.33333333333334,100,37.1,15,34.9,3,8.8,0,0.2,-2.67,-8,-3.9,0,0,0,0,2,66.7,6,3,1,0.5,0,0.02,0,1,0,0,0,0,70.1,3,17.6,2,66.7,3,100,0,0,1,33.3,0,0,0,0,0,0,30,-5.16,-0.562,40,60,0,0,2,4.6,2,4.61,-2.61,0.13,0.31,4.6
2022,1282,Terrace Marshall,CAR,WR,1,2,NYG,6.666666666666667,0,11.1,2,5.6,0,0,0,0,0,0,0,0,0,0,0,0,0,0,0,0,0,0,0,0,0,0,0,0,0,0,0,0,0,0,0,0,0,0,0,0,0,0,0,0,0,0,0,0,0,100,0,0,0,0,0,0,0,0,0,0,0
2022,1283,Terrace Marshall,CAR,WR,1,6,LA,36.666666666666664,20,45.5,11,47.8,1,4.8,0,0.09,4,4,15.4,0,0,0,0,0,0,0,0,0,0,0,0.04,0,1,0,0,0,0,39.6,1,5.6,0,0,1,100,0,0,1,100,1,0,0,0,0,0,8.3,-6.05,-0.692,100,0,0,0,0,1,0,0.95,-0.95,0,0.09,1
2022,1284,Michael Bandy,LAC,WR,1,5,CLV,7.142857142857142,0,7.2,1,2.6,0,0,0,0,0,0,0,0,0,0,0,0,0,0,0,0,0,0,0,0,0,0,0,0,0,0,0,0,0,0,0,0,0,0,0,0,0,0,0,0,0,0,0,0,0,100,0,0,0,0,0,0,0,0,0,0,0
2022,1285,Elijah Moore,NYJ,WR,1,6,GB,6.6350710900473935,0,56.6,14,66.7,0,0,0,0,0,0,0,0,0,0,0,0,0,0,0,0,0,0,0,0,0,0,0,0,0,0,0,0,0,0,0,0,0,0,0,0,0,0,0,0,0,0,0,0,0,64.3,35.7,0,0,0,0,0,0,0,0,0,0
2022,1286,Amari Rodgers,HST,WR,1,3,TB,5.88235294117647,0,4.9,1,2.8,0,0,0,0,0,0,0,0,0,0,0,0,0,0,0,0,0,0,0,0,0,0,0,0,0,0,0,0,0,0,0,0,0,0,0,0,0,0,0,0,0,0,0,0,0,100,0,0,0,0,0,0,0,0,0,0,0
2022,1287,Amari Rodgers,HST,WR,1,5,NYG,5.88235294117647,0,1.6,1,2.4,0,0,0,0,0,0,0,0,0,0,0,0,0,0,0,0,0,0,0,0,0,0,0,0,0,0,0,0,0,0,0,0,0,0,0,0,0,0,0,0,0,0,0,0,0,100,0,0,0,0,0,0,0,0,0,0,0
2022,1288,Anthony Schwartz,CLV,WR,1,2,NYJ,10.256410256410255,0,18.5,4,12.5,0,0,0,0,0,0,0,0,0,0,0,0,0,0,0,0,0,0,0,0,0,0,0,0,0,0,0,0,0,0,0,0,0,0,0,0,0,0,0,0,0,0,0,0,0,75,25,0,0,0,0,0,0,0,0,0,0
2022,1289,Anthony Schwartz,CLV,WR,1,3,PIT,5.128205128205128,0,7,2,6.1,0,0,0,0,0,0,0,0,0,0,0,0,0,0,0,0,0,0,0,0,0,0,0,0,0,0,0,0,0,0,0,0,0,0,0,0,0,0,0,0,0,0,0,0,0,100,0,0,0,0,0,0,0,0,0,0,0
2022,1290,Anthony Schwartz,CLV,WR,1,4,ATL,10.256410256410255,0,14.1,4,10.5,0,0,0,0,0,0,0,0,0,0,0,0,0,0,0,0,0,0,0,0,0,0,0,0,0,0,0,0,0,0,0,0,0,0,0,0,0,0,0,0,0,0,0,0,0,75,25,0,0,0,0,0,0,0,0,0,0
2022,1291,Anthony Schwartz,CLV,WR,1,5,LAC,20.51282051282051,16.666666666666664,13.8,8,22.2,1,2.9,0,0.13,10,10,3.2,0,0,0,0,0,0,0,0,0,0,0,0,0,0,0,0,0,0,39.6,1,3.6,0,0,0,0,0,0,0,0,0,0,0,0,0,0,12.5,-7.5,-0.305,62.5,37.5,0,0,0,0,0,0.01,-0.01,0,0,0
2022,1292,Anthony Schwartz,CLV,WR,1,6,NE,28.205128205128204,50,17.9,11,22.4,3,6.7,0,0.27,18.67,56,10.6,0,0,0,0,0,0,0,0,0,0,0,0.04,0,0,0,0,0,0,39.6,3,10,0,0,3,100,1,0,2,66.7,1,0,0,0,0,0,37.5,-9.48,-1.298,54.5,45.5,0,0,0,5.7,0,5.7,-5.7,0,0.52,5.7
2022,1293,Tommy Tremble,CAR,TE,1,2,NYG,2.73972602739726,0,16.7,2,5.6,0,0,0,0,0,0,0,0,0,0,0,0,0,0,0,0,0,0,0,0,0,0,0,0,0,0,0,0,0,0,0,0,0,0,0,0,0,0,0,0,0,0,0,0,0,0,0,100,0,0,0,0,0,0,0,0,0
2022,1294,Tommy Tremble,CAR,TE,1,5,SF,35.61643835616438,12.5,60,26,54.2,1,2.4,0,0.04,8,8,2.8,0,0,0,0,0,0,0,0,0,0,0,0,0,0,0,0,0,0,39.6,1,3.6,0,0,0,0,0,0,0,0,0,0,0,0,0,0,4.2,-7.72,-0.124,3.8,23.1,69.2,3.8,0,0,0,0,0,0,0,0
2022,1295,Tommy Tremble,CAR,TE,1,6,LA,10.95890410958904,0,54.5,8,34.8,0,0,0,0,0,0,0,0,0,0,0,0,0,0,0,0,0,0,0,0,0,0,0,0,0,0,0,0,0,0,0,0,0,0,0,0,0,0,0,0,0,0,0,0,0,12.5,12.5,75,0,0,0,0,0,0,0,0,0
2022,1296,Tre' McKitty,LAC,TE,1,2,KC,21.794871794871796,0,52.7,17,34,0,0,0,0,0,0,0,0,0,0,0,0,0,0,0,0,0,0,0,0,0,0,0,0,0,0,0,0,0,0,0,0,0,0,0,0,0,0,0,0,0,0,0,0,0,5.9,35.3,58.8,0,0,0,0,0,0,0,0,0
2022,1297,Tre' McKitty,LAC,TE,1,3,JAX,12.82051282051282,0,32.8,10,21.3,0,0,0,0,0,0,0,0,0,0,0,0,0,0,0,0,0,0,0,0,0,0,0,0,0,0,0,0,0,0,0,0,0,0,0,0,0,0,0,0,0,0,0,0,0,0,40,60,0,0,0,0,0,0,0,0,0
2022,1298,Tre' McKitty,LAC,TE,1,5,CLV,15.384615384615385,16.666666666666664,50.7,12,31.6,1,2.9,0,0.08,10,10,5.6,0,0,0,0,0,0,0,0,0,0,0,0,0,1,1,0,0,0,39.6,1,3.4,0,0,0,0,0,0,0,0,0,0,0,0,0,0,7.7,-7.77,-1.006,25,8.3,66.7,0,0,0,0,-0.02,0.02,0,0,0
2022,1299,Tre' McKitty,LAC,TE,1,6,DEN,20.51282051282051,0,38.6,16,26.2,0,0,0,0,0,0,0,0,0,0,0,0,0,0,0,0,0,0,0,0,0,0,0,0,0,0,0,0,0,0,0,0,0,0,0,0,0,0,0,0,0,0,0,0,0,6.3,37.5,56.3,0,0,0,0,0,0,0,0,0
2022,1300,Cole Turner,WAS,TE,1,5,TEN,51.21951219512195,50,51.7,21,48.8,2,5.3,0,0.1,10.5,21,6.4,0,0,0,0,0,0,0,0,0,0,0,0,0,0,0,0,0,0,39.6,1,4.8,0,0,1,50,0,0,0,0,1,0,0,0,0,0,12.5,-8.79,-1.255,28.6,52.4,19,0,0,0.9,0,0.94,-0.94,0,0.04,0.9
2022,1301,Grant Calcaterra,PHI,TE,1,4,JAX,33.33333333333333,0,14.3,3,10.3,0,0,0,0,0,0,0,0,0,0,0,0,0,0,0,0,0,0,0,0,0,0,0,0,0,0,0,0,0,0,0,0,0,0,0,0,0,0,0,0,0,0,0,0,0,33.3,0,66.7,0,0,0,0,0,0,0,0,0
2022,1302,Grant Calcaterra,PHI,TE,1,5,ARZ,11.11111111111111,0,12.7,1,2.5,0,0,0,0,0,0,0,0,0,0,0,0,0,0,0,0,0,0,0,0,0,0,0,0,0,0,0,0,0,0,0,0,0,0,0,0,0,0,0,0,0,0,0,0,0,0,0,100,0,0,0,0,0,0,0,0,0
2022,1303,Jake Tonges,CHI,TE,1,1,SF,33.33333333333333,0,16.1,1,4.3,0,0,0,0,0,0,0,0,0,0,0,0,0,0,0,0,0,0,0,0,0,0,0,0,0,0,0,0,0,0,0,0,0,0,0,0,0,0,0,0,0,0,0,0,0,0,0,100,0,0,0,0,0,0,0,0,0
2022,1304,Jake Tonges,CHI,TE,1,3,HST,33.33333333333333,100,9.7,1,4,1,5.9,0,1,13,13,10.5,0,0,0,0,0,0,0,0,0,0,0,0,0,0,0,0,0,0,39.6,0,0,0,0,0,0,0,0,0,0,0,0,0,0,0,0,100,-9.96,-0.569,100,0,0,0,0,0,0,0.02,-0.02,0,0.02,0
2022,1305,Jake Tonges,CHI,TE,1,4,NYG,33.33333333333333,0,1.7,1,2.9,0,0,0,0,0,0,0,0,0,0,0,0,0,0,0,0,0,0,0,0,0,0,0,0,0,0,0,0,0,0,0,0,0,0,0,0,0,0,0,0,0,0,0,0,0,0,100,0,0,0,0,0,0,0,0,0,0
2022,1306,Armani Rogers,WAS,TE,1,2,DET,5.555555555555555,0,1.4,1,1.9,0,0,0,0,0,0,0,0,0,0,0,0,0,0,0,0,0,0,0,0,0,0,0,0,0,0,0,0,0,0,0,0,0,0,0,0,0,0,0,0,0,0,0,0,0,0,100,0,0,0,0,0,0,0,0,0,0
2022,1307,Armani Rogers,WAS,TE,1,3,PHI,44.44444444444444,0,18.9,8,14.5,0,0,0,0,0,0,0,0,0,0,0,0,0,0,0,0,0,0,0,0,0,0,0,0,0,0,0,0,0,0,0,0,0,0,0,0,0,0,0,0,0,0,0,0,0,0,100,0,0,0,0,0,0,0,0,0,0
2022,1308,Armani Rogers,WAS,TE,1,4,DAL,16.666666666666664,0,14.1,3,6.7,0,0,0,0,0,0,0,0,0,0,0,0,0,0,0,0,0,0,0,0,0,0,0,0,0,0,0,0,0,0,0,0,0,0,0,0,0,0,0,0,0,0,0,0,0,33.3,33.3,33.3,0,0,0,0,0,0,0,0,0
2022,1309,Armani Rogers,WAS,TE,1,5,TEN,11.11111111111111,0,6.9,2,4.7,0,0,0,0,0,0,0,0,0,0,0,0,0,0,0,0,0,0,0,0,0,0,0,0,0,0,0,0,0,0,0,0,0,0,0,0,0,0,0,0,0,0,0,0,0,50,0,50,0,0,0,0,0,0,0,0,0
2022,1310,Armani Rogers,WAS,TE,1,6,CHI,16.666666666666664,0,32.1,3,12,0,0,0,0,0,0,0,0,0,0,0,0,0,0,0,0,0,0,0,0,0,0,0,0,0,0,0,0,0,0,0,0,0,0,0,0,0,0,0,0,0,0,0,0,0,0,0,100,0,0,0,0,0,0,0,0,0
2022,1311,David Bell,CLV,WR,1,1,CAR,7.526881720430108,0,28.4,7,18.4,0,0,0,0,0,0,0,0,0,0,0,0,0,0,0,0,0,0,0,0,0,0,0,0,0,0,0,0,0,0,0,0,0,0,0,0,0,0,0,0,0,0,0,0,0,0,100,0,0,0,0,0,0,0,0,0,0
2022,1312,Khalil Shakir,BUF,WR,1,2,TEN,13.636363636363635,18.181818181818183,35.4,6,14.3,2,5,0,0.33,12.5,25,8.1,0,0,0,0,0,0,0,0,0,0,0,0.01,0,0,0,0,0,0,39.6,2,8.3,0,0,1,50,1,0,1,50,0,0,0,0,0,0,28.6,-8.64,-0.947,83.3,16.7,0,0,0,1.9,0,1.91,-1.91,0,0.32,1.9
2022,1313,Montrell Washington,DEN,WR,1,2,HST,36.84210526315789,33.33333333333333,18.5,7,20,1,3.2,0,0.14,26,26,9.3,0,0,0,0,0,0,0,0,0,0,0,0.23,0,0,1,0,0,0,39.6,1,6.3,0,0,1,100,1,0,0,0,1,0,0,0,0,0,16.7,-13.01,-0.525,28.6,57.1,0,14.3,1.9,3.5,1.9,3.49,-1.59,0,0.43,3
2022,1314,Montrell Washington,DEN,WR,1,3,SF,36.84210526315789,0,18.6,7,17.5,0,0,0,0,0,0,0,0,0,0,0,0,0,0,0,0,0,0,0,0,0,0,0,0,0,0,0,0,0,0,0,0,0,0,0,0,0,0,0,0,0,0,0,0,0,14.3,85.7,0,0,0,0,0,0,0,0,0,0
2022,1315,Montrell Washington,DEN,WR,1,5,IND,5.263157894736842,0,5.6,1,2.2,0,0,0,0,0,0,0,0,0,0,0,0,0,0,0,0,0,0,0,0,0,0,0,0,0,0,0,0,0,0,0,0,0,0,0,0,0,0,0,0,0,0,0,0,0,0,100,0,0,0.9,0.5,0.9,0.46,0.44,0,0,0
2022,1316,Montrell Washington,DEN,WR,1,6,LAC,5.263157894736842,33.33333333333333,5.5,1,2.9,1,3.6,0,1,-3,-3,-1.2,0,0,0,0,1,100,3,3,1,1,0,0,0,0,0,0,0,0,79.2,1,5.9,1,100,1,100,0,0,0,0,0,0,0,0,1,1,100,-4.94,-0.612,0,100,0,0,1,1.6,1,1.62,-0.62,1,1.62,1.6
2022,1317,Kyle Philips,TEN,WR,1,4,IND,4.25531914893617,7.6923076923076925,3.8,2,7.7,1,4.8,0,0.5,14,14,15.1,0,0,0,0,0,0,0,0,0,0,0,0,0,0,0,0,0,0,39.6,1,10,0,0,0,0,0,0,0,0,0,0,0,0,0,0,50,-9.81,-1.411,50,50,0,0,0,0,0,-0.01,0.01,0,0,0
2022,1318,Connor Heyward,PIT,TE,1,3,CLV,3.571428571428571,0,10.9,1,3,0,0,0,0,0,0,0,0,0,0,0,0,0,0,0,0,0,0,0,0,0,0,0,0,0,0,0,0,0,0,0,0,0,0,0,0,0,0,0,0,0,0,0,0,0,0,0,100,0,0,0,0,0,0,0,0,0
2022,1319,Connor Heyward,PIT,TE,1,4,NYJ,3.571428571428571,0,1.7,1,3,0,0,0,0,0,0,0,0,0,0,0,0,0,0,0,0,0,0,0,0,0,0,0,0,0,0,0,0,0,0,0,0,0,0,0,0,0,0,0,0,0,0,0,0,0,0,0,100,0,0,0,0,0,0,0,0,0
2022,1320,Ko Kieft,TB,TE,1,2,NO,25,0,35.4,3,8.6,0,0,0,0,0,0,0,0,0,0,0,0,0,0,0,0,0,0,0,0,0,0,0,0,0,0,0,0,0,0,0,0,0,0,0,0,0,0,0,0,0,0,0,0,0,0,0,33.3,66.7,0,0,0,0,0,0,0,0
2022,1321,Ko Kieft,TB,TE,1,3,GB,25,0,18.6,3,6.7,0,0,0,0,0,0,0,0,0,0,0,0,0,0,0,0,0,0,0,0,0,0,0,0,0,0,0,0,0,0,0,0,0,0,0,0,0,0,0,0,0,0,0,0,0,0,0,66.7,33.3,0,0,0,0,0,0,0,0
2022,1322,Ko Kieft,TB,TE,1,6,PIT,33.33333333333333,0,23.5,4,9.5,0,0,0,0,0,0,0,0,0,0,0,0,0,0,0,0,0,0,0,0,0,0,0,0,0,0,0,0,0,0,0,0,0,0,0,0,0,0,0,0,0,0,0,0,0,0,0,50,50,0,0,0,0,0,0,0,0
2022,1323,Tanner Conner,MIA,WR,1,5,NYJ,42.857142857142854,50,11.3,3,8.3,1,2.9,0,0.33,8,8,3.7,0,0,0,0,0,0,0,0,0,0,0,0.01,0,0,0,0,0,0,39.6,1,5.6,0,0,1,100,0,0,1,100,1,0,0,0,0,0,33.3,-7.51,-1.128,0,0,100,0,0,1.4,0,1.42,-1.42,0,0.47,1.4
2022,1324,Tanner Conner,MIA,WR,1,6,MIN,57.14285714285714,50,8.2,4,7.3,1,2.1,0,0.25,4,4,1,0,0,0,0,0,0,0,0,0,0,0,0,0,0,0,0,0,0,39.6,1,3.4,0,0,0,0,0,0,0,0,0,0,0,0,0,0,33.3,-6.05,-0.794,50,0,50,0,0,0,0,-0.04,0.04,0,-0.01,0
2022,1325,Rashid Shaheed,NO,WR,1,6,CIN,100,100,12.7,6,16.2,1,2.8,0,0.17,37,37,13.5,0,0,0,0,0,0,0,0,0,0,0,0,0,0,0,0,0,0,39.6,1,5,0,0,0,0,1,0,0,0,0,0,0,0,0,0,33.3,-14.82,-0.795,33.3,66.7,0,0,10.4,0.8,10.4,0.84,9.56,0,0.01,0
2022,1326,Peyton Hendershot,DAL,TE,1,1,TB,4.081632653061225,0,3.1,2,4.3,0,0,0,0,0,0,0,0,0,0,0,0,0,0,0,0,0,0,0,0,0,0,0,0,0,0,0,0,0,0,0,0,0,0,0,0,0,0,0,0,0,0,0,0,0,100,0,0,0,0,0,0,0,0,0,0,0
2022,1327,Peyton Hendershot,DAL,TE,1,2,CIN,4.081632653061225,0,11.9,2,6.1,0,0,0,0,0,0,0,0,0,0,0,0,0,0,0,0,0,0,0,0,0,0,0,0,0,0,0,0,0,0,0,0,0,0,0,0,0,0,0,0,0,0,0,0,0,100,0,0,0,0,0,0,0,0,0,0,0
2022,1328,Peyton Hendershot,DAL,TE,1,4,WAS,2.0408163265306123,0,7,1,3.4,0,0,0,0,0,0,0,0,0,0,0,0,0,0,0,0,0,0,0,0,0,0,0,0,0,0,0,0,0,0,0,0,0,0,0,0,0,0,0,0,0,0,0,0,0,0,0,100,0,0,0,0,0,0,0,0,0
2022,1329,Peyton Hendershot,DAL,TE,1,5,LA,18.367346938775512,0,67.9,9,47.4,0,0,0,0,0,0,0,0,0,0,0,0,0,0,0,0,0,0,0,0,0,0,0,0,0,0,0,0,0,0,0,0,0,0,0,0,0,0,0,0,0,0,0,0,0,11.1,55.6,33.3,0,0,0,0,0,0,0,0,0
2022,1330,Dennis Houston,DAL,WR,1,2,CIN,34.090909090909086,16.666666666666664,32.2,15,45.5,1,3.2,0,0.07,9,9,4.8,0,0,0,0,0,0,0,0,0,0,0,0,0,0,0,0,0,0,39.6,1,4.8,0,0,0,0,0,0,0,0,0,0,0,0,0,0,5.9,-7.45,-1.327,100,0,0,0,0,0,0,-0.03,0.03,0,0,0
2022,1331,Alec Pierce,IND,WR,1,1,HST,23.52941176470588,7.142857142857142,51.1,32,59.3,2,4,0,0.06,13,26,7.8,0,0,0,0,0,0,0,0,0,0,0,0.78,0,2,2,0,0,0,39.6,0,0,0,0,1,50,0,0,1,50,0,0,0,0,0,0,6.7,-9.2,-1.114,93.8,6.3,0,0,0,6.3,0,6.34,-6.34,0,0.2,6.3
2022,1332,Jalen Tolbert,DAL,WR,1,6,PHI,6.666666666666667,0,3.1,1,2.6,0,0,0,0,0,0,0,0,0,0,0,0,0,0,0,0,0,0,0,0,0,0,0,0,0,0,0,0,0,0,0,0,0,0,0,0,0,0,0,0,0,0,0,0,0,0,100,0,0,0,0,0,0,0,0,0,0
2022,1333,Trey McBride,ARZ,TE,1,3,LA,15,0,6.2,3,4.8,0,0,0,0,0,0,0,0,0,0,0,0,0,0,0,0,0,0,0,0,0,0,0,0,0,0,0,0,0,0,0,0,0,0,0,0,0,0,0,0,0,0,0,0,0,0,0,100,0,0,0,0,0,0,0,0,0
2022,1334,Trey McBride,ARZ,TE,1,5,PHI,25,0,24.6,5,11.4,0,0,0,0,0,0,0,0,0,0,0,0,0,0,0,0,0,0,0,0,0,0,0,0,0,0,0,0,0,0,0,0,0,0,0,0,0,0,0,0,0,0,0,0,0,0,20,60,20,0,0,0,0,0,0,0,0
2022,1335,Trey McBride,ARZ,TE,1,6,SEA,40,0,28.2,8,17,0,0,0,0,0,0,0,0,0,0,0,0,0,0,0,0,0,0,0,0,0,0,0,0,0,0,0,0,0,0,0,0,0,0,0,0,0,0,0,0,0,0,0,0,0,0,0,87.5,12.5,0,0,0,0,0,0,0,0
2022,1336,Jelani Woods,IND,TE,1,1,HST,6.25,0,8.9,4,7.4,0,0,0,0,0,0,0,0,0,0,0,0,0,0,0,0,0,0,0,0,0,0,0,0,0,0,0,0,0,0,0,0,0,0,0,0,0,0,0,0,0,0,0,0,0,0,50,50,0,0,0,0,0,0,0,0,0
2022,1337,Jelani Woods,IND,TE,1,2,JAX,9.375,0,16.7,6,17.1,0,0,0,0,0,0,0,0,0,0,0,0,0,0,0,0,0,0,0,0,0,0,0,0,0,0,0,0,0,0,0,0,0,0,0,0,0,0,0,0,0,0,0,0,0,33.3,33.3,33.3,0,0,0,0,0,0,0,0,0
2022,1338,Jelani Woods,IND,TE,1,5,DEN,18.75,12.5,28.8,12,25,1,2.4,0,0.08,33,33,15,0,0,0,0,0,0,0,0,0,0,0,0,0,0,0,0,0,0,39.6,0,0,0,0,0,0,1,0,0,0,0,0,0,0,0,0,11.1,-10.38,-0.72,8.3,25,66.7,0,0,0,0,0,0,0,0,0
2022,1339,Jeremy Ruckert,NYJ,TE,1,2,CLV,100,100,23.9,6,12.5,1,2.2,0,0.17,2,2,0.5,0,0,0,0,0,0,0,0,0,0,0,0,0,0,0,0,0,0,39.6,1,3.7,1,100,1,100,0,0,1,100,0,0,0,0,0,0,14.3,-6.37,-0.509,0,16.7,83.3,0,0,1.6,0,1.64,-1.64,0,0.27,1.6
2022,1340,Chigoziem Okonkwo,TEN,TE,1,2,BUF,11.11111111111111,0,28.3,2,7.1,0,0,0,0,0,0,0,0,0,0,0,0,0,0,0,0,0,0,0,0,0,0,0,0,0,0,0,0,0,0,0,0,0,0,0,0,0,0,0,0,0,0,0,0,0,0,50,50,0,0,0,0,0,0,0,0,0
2022,1341,Chigoziem Okonkwo,TEN,TE,1,3,LV,16.666666666666664,0,14.5,3,10.7,0,0,0,0,0,0,0,0,0,0,0,0,0,0,0,0,0,0,0,0,0,0,0,0,0,0,0,0,0,0,0,0,0,0,0,0,0,0,0,0,0,0,0,0,0,33.3,33.3,33.3,0,0,0,0,0,0,0,0,0
2022,1342,Chigoziem Okonkwo,TEN,TE,1,5,WAS,22.22222222222222,20,19.4,4,12.9,1,4,0,0.25,19,19,9.6,0,0,0,0,0,0,0,0,0,0,0,0.47,0,1,1,0,0,0,39.6,1,6.3,0,0,1,100,0,0,0,0,0,0,0,0,0,0,20,-10.6,-0.449,0,50,50,0,0,4.3,0,4.26,-4.26,0,1.06,4.3
2022,1343,Danny Gray,SF,WR,1,2,SEA,37.5,66.66666666666666,10,3,12,2,8.3,0,0.67,20.5,41,25,0,0,0,0,0,0,0,0,0,0,0,0,0,0,0,0,0,0,39.6,1,6.3,0,0,0,0,1,0,0,0,0,0,0,0,0,0,66.7,-8.58,-1.529,33.3,66.7,0,0,0,0.2,0,0.17,-0.17,0,0.06,0.2
2022,1344,Danny Gray,SF,WR,1,3,DEN,25,0,11.5,2,6.1,0,0,0,0,0,0,0,0,0,0,0,0,0,0,0,0,0,0,0,0,0,0,0,0,0,0,0,0,0,0,0,0,0,0,0,0,0,0,0,0,0,0,0,0,0,50,50,0,0,0,0,0,0,0,0,0,0
2022,1345,Danny Gray,SF,WR,1,5,CAR,37.5,33.33333333333333,11.5,3,9.4,1,3.3,0,0.33,43,43,18.9,0,0,0,0,0,0,0,0,0,0,0,0,0,0,0,0,0,0,39.6,1,4.3,0,0,0,0,1,0,0,0,0,0,0,0,0,0,50,-15,-0.589,66.7,33.3,0,0,0,0,0,0.02,-0.02,0,0.01,0
2022,1346,Isaiah Likely,BLT,TE,1,1,NYJ,21.951219512195124,21.428571428571427,45.3,18,52.9,3,10,0,0.17,6,18,5.2,0,0,0,0,0,0,0,0,0,0,0,0.01,0,0,0,0,0,0,39.6,2,8.7,0,0,3,100,0,0,1,33.3,2,0,0,0,0,0,21.4,-7.04,-0.997,22.2,72.2,5.6,0,0,3.7,0,3.65,-3.65,0,0.2,3.7
2022,1347,Isaiah Likely,BLT,TE,1,4,BUF,21.951219512195124,0,35.9,18,47.4,0,0,0,0,0,0,0,0,0,0,0,0,0,0,0,0,0,0,0,0,0,0,0,0,0,0,0,0,0,0,0,0,0,0,0,0,0,0,0,0,0,0,0,0,0,22.2,72.2,5.6,0,0,0,0,0,0,0,0,0
2022,1348,Jake Ferguson,DAL,TE,1,1,TB,10.526315789473683,0,17.2,4,8.7,0,0,0,0,0,0,0,0,0,0,0,0,0,0,0,0,0,0,0,0,0,0,0,0,0,0,0,0,0,0,0,0,0,0,0,0,0,0,0,0,0,0,0,0,0,0,25,75,0,0,0,0,0,0,0,0,0
2022,1349,Jake Ferguson,DAL,TE,1,2,CIN,10.526315789473683,0,57.6,4,12.1,0,0,0,0,0,0,0,0,0,0,0,0,0,0,0,0,0,0,0,0,0,0,0,0,0,0,0,0,0,0,0,0,0,0,0,0,0,0,0,0,0,0,0,0,0,0,25,75,0,0,0,0,0,0,0,0,0
2022,1350,Jake Ferguson,DAL,TE,1,5,LA,7.894736842105263,0,62.3,3,15.8,0,0,0,0,0,0,0,0,0,0,0,0,0,0,0,0,0,0,0,0,0,0,0,0,0,0,0,0,0,0,0,0,0,0,0,0,0,0,0,0,0,0,0,0,0,0,66.7,0,33.3,0,0,0,0,0,0,0,0
2022,1351,Skyy Moore,KC,WR,1,3,IND,6.8181818181818175,0,13.3,3,7.3,0,0,0,0,0,0,0,0,0,0,0,0,0,0,0,0,0,0,0,0,0,0,0,0,0,0,0,0,0,0,0,0,0,0,0,0,0,0,0,0,0,0,0,0,0,0,100,0,0,0,0,0,0,0,0,0,0
2022,1352,Daniel Bellinger,NYG,TE,1,1,TEN,6.896551724137931,0,50,6,20,0,0,0,0,0,0,0,0,0,0,0,0,0,0,0,0,0,0,0,0,0,0,0,0,0,0,0,0,0,0,0,0,0,0,0,0,0,0,0,0,0,0,0,0,0,0,33.3,66.7,0,0,0,0,0,0,0,0,0
2022,1353,Cade Otton,TB,TE,1,1,DAL,2.127659574468085,0,48.4,2,6.9,0,0,0,0,0,0,0,0,0,0,0,0,0,0,0,0,0,0,0,0,0,0,0,0,0,0,0,0,0,0,0,0,0,0,0,0,0,0,0,0,0,0,0,0,0,50,0,50,0,0,0,0,0,0,0,0,0
2022,1354,Braxton Berrios,NYJ,WR,1,5,MIA,7.936507936507936,10,23.2,5,20.8,1,4.8,-0.2,0.2,-2,-2,-1,-1,-0.5,-1,-1,1,100,1,1,0,0,0,0.03,0,0,0,0,0,0,79.2,1,7.7,1,100,1,100,0,0,0,0,0,0,0,0,0,0,20,-6.5,-0.869,20,80,0,0,8.4,4.5,8.4,4.53,3.87,0.18,0.36,1.8
2022,1355,Tyler Davis,GB,TE,1,5,NYG,7.6923076923076925,25,13.1,2,4.9,1,2.6,-1.5,0.5,-5,-5,-1.9,-3,-1.4,-3,-3,1,100,2,2,1,1,0,0.01,0,0,0,0,0,0,79.2,1,3.3,0,0,1,100,0,0,0,0,0,0,0,0,0,0,33.3,-7.37,-1.023,50,0,50,0,0.7,1.6,0.7,1.61,-0.91,0.35,0.8,1.6
2022,1356,Drew Sample,CIN,TE,1,2,DAL,10,50,14.9,1,2.2,1,2.8,-4,1,-4,-4,-2,-4,-2,-4,-4,1,100,0,0,0,0,0,0,0,0,0,0,0,0,79.2,1,3.7,1,100,1,100,0,0,0,0,0,0,0,0,0,0,33.3,-10.34,-1.485,0,0,100,0,0.6,1.6,0.6,1.56,-0.96,0.6,1.56,1.6
2022,1357,Darnell Mooney,CHI,WR,1,2,GB,10.273972602739725,6.451612903225806,90.2,15,93.8,2,18.2,-0.27,0.13,20.5,41,38.3,-4,-5.7,-2,-4,1,50,1,1,1,1,0,0,0,0,0,0,0,0,56.3,2,22.2,1,50,1,50,1,0,0,0,0,0,0,0,0,0,18.2,-11.58,-0.752,33.3,66.7,0,0,0.6,1.7,0.6,1.67,-1.07,0.04,0.11,1.7
Exported from Data Suite 2.0 by michaelgingrave (user 380) on 2026-09-09 23:05 UTC,,,,,,,,,,,,,,,,,,,,,,,,,,,,,,,,,,,,,,,,,,,,,,,,,,,,,,,,,,,,,,,,,,,,,