,Player Details,Player Details,Player Details,Player Details,Player Details,Splits,Splits,Splits,Splits,Receiving,Receiving,Receiving,Receiving,Receiving,Receiving,Receiving,Receiving,Receiving,Receiving,Receiving,Receiving,Receiving,Receiving,Receiving,Receiving,Receiving,Receiving,Receiving,Receiving,Receiving,Receiving,Receiving,Receiving,Receiving,Receiving,Advanced,Advanced,Advanced,Advanced,Advanced,Advanced,Advanced,Advanced,Advanced,Advanced,Advanced,Advanced,Advanced,Advanced,Advanced,Advanced,Advanced,Advanced,Advanced,Advanced,Advanced,Advanced,Alignment,Alignment,Alignment,Alignment,FP,FP,FP,FP,FP,FP,FP,FP
Season,Rank,Name,Team,POS,G,WEEK,OPP,RTE %,TGT %,SNAP %,RTE,RTE %,TGT,TGT %,YPRR,TPRR,aDOT,AY,AY Share,YDS,TM YDS %,YPT,YPR,REC,CR %,YAC,YAC/REC,YACO,YACO/REC,TD,XTD,TM TD %,i20 TGT,EZTGT,EZTD,1D,1D/RR,RATE,1READ,1READ %,DESIGN,DESIGN %,CTGT,CTGT %,DEEP,EXP %,DRP,DRP %,CT,CC,CC %,HERO,MTF,MTF/REC,THREAT %,YPTOE,EPA/TGT,WIDE RTE %,SLOT RTE %,INLINE RTE %,BACK RTE %,FP,XFP,FP/G,XFP/G,DIFF,FP/RR,XFP/RR,RecXFP
2023,,League Avg,,,,,,,,55.81760741364788,5.259477674810446,54.37506318449866,1.4212299915754,14.65223251895534,2.15,0.27,5.558197135636055,12.835720303285594,15.561752316764952,11.310867733782645,14.74962089300758,7.96,11.81,0.95787700084246,67.4,4.996630160067397,5.22,1.8062342038753159,1.89,0.08087615838247683,0.07551811288963785,6.4869418702611625,0.18618365627632688,0.10951979780960404,0.04212299915754002,0.5383319292333614,0.102,52.80379106992402,1.164279696714406,14.735299073294025,0.16090985678180286,11.3,1.1339511373209772,79.8,0.19208087615838249,18,0.07413647851727043,5.2,0.17438921651221567,0.08340353833192923,47.8,0.02948609941027801,0.12889637742207244,0.13,24.1,0.22,0.276,43.01979780960403,46.18230834035389,10.14347093513058,0.569418702611626,2.570850884582988,2.5482729570345315,2.570850884582988,2.5485341196293176,0.022316764953664935,0.49,0.48,2.5482729570345315
2023,1,Cooper Kupp,LA,WR,1,14,BLT,26.31578947368421,30,97.3,15,100,9,60,7.8,0.6,8.78,79,45.7,117,77.5,13,16.71,7,77.8,61,8.71,28,4,1,1.12,100,4,2,1,5,0.333,155.8,8,61.5,0,0,7,77.8,1,60,0,0,2,2,100,1,2,0.29,60,5.34,1.098,26.7,73.3,0,0,24.7,19,24.7,18.99,5.71,1.65,1.27,19
2023,2,D.J. Moore,CHI,WR,1,17,ATL,33.33333333333333,66.66666666666666,80.6,14,93.3,8,53.3,8.21,0.57,16.75,134,67.3,115,82.1,14.38,16.43,7,87.5,19,2.71,5,0.71,1,1.09,100,1,2,1,5,0.357,158.3,8,57.1,1,12.5,7,87.5,4,50,0,0,1,1,100,0,0,0,57.1,5.72,1.061,35.7,64.3,0,0,24.5,23.8,24.5,23.76,0.74,1.75,1.7,23.8
2023,3,Zay Flowers,BLT,WR,1,17,MIA,15.625,25,56.4,5,62.5,3,37.5,21.2,0.6,20.67,62,53,106,53.3,35.33,35.33,3,100,44,14.67,14,4.67,1,0.38,33.3,0,0,0,2,0.4,158.3,3,42.9,0,0,3,100,2,66.7,0,0,0,0,0,0,2,0.67,60,25.26,2.6,0,100,0,0,19.6,12.8,19.6,12.75,6.85,3.92,2.55,12.8
2023,4,Jayden Reed,GB,WR,1,18,CHI,17.5,12,60,7,77.8,3,33.3,15.14,0.43,16,48,53.3,106,60.9,35.33,35.33,3,100,58,19.33,11,3.67,0,0.03,0,0,0,0,3,0.429,118.8,3,37.5,0,0,3,100,1,66.7,0,0,0,0,0,0,1,0.33,42.9,25.05,2.601,0,100,0,0,13.6,9.1,13.6,9.06,4.54,1.94,1.29,9.1
2023,5,Khalil Shakir,BUF,WR,1,18,MIA,36.36363636363637,35.714285714285715,76.6,12,85.7,5,35.7,8.42,0.42,8.8,44,48.9,101,56.7,20.2,20.2,5,100,57,11.4,4,0.8,0,0.1,0,0,0,0,3,0.25,118.8,5,38.5,1,20,5,100,1,40,0,0,1,1,100,0,0,0,38.5,12.31,1.476,25,75,0,0,15.1,10.5,15.1,10.47,4.63,1.26,0.87,10.5
2023,6,CeeDee Lamb,DAL,WR,1,16,MIA,13.750000000000002,16.27906976744186,86.9,11,91.7,7,58.3,8.55,0.64,9.14,64,79,94,79.7,13.43,23.5,4,57.1,49,12.25,19,4.75,1,0.03,100,1,1,0,3,0.273,141.4,4,50,0,0,4,57.1,0,50,0,0,0,0,0,0,1,0.25,58.3,5.54,0.877,18.2,81.8,0,0,19.4,9.5,19.4,9.46,9.94,1.76,0.86,9.5
2023,7,Deebo Samuel,SF,WR,1,14,SEA,17.02127659574468,30.76923076923077,77.4,8,88.9,4,44.4,11.5,0.5,9.75,39,40.2,92,55.8,23,30.67,3,75,51,17,12,4,1,0.28,100,1,0,0,3,0.375,156.3,2,33.3,2,50,4,100,1,100,1,25,0,0,0,0,1,0.33,50,15.04,2.278,37.5,62.5,0,0,18.2,11.2,18.2,11.22,6.98,2.27,1.4,11.2
2023,8,Brandon Aiyuk,SF,WR,1,17,WAS,18.181818181818183,41.66666666666667,86.8,8,88.9,5,55.6,11.38,0.63,14.8,74,90.2,91,76.5,18.2,18.2,5,100,17,3.4,13,2.6,0,0.09,0,0,0,0,4,0.5,118.8,5,62.5,0,0,5,100,1,40,0,0,1,1,100,0,0,0,62.5,8.85,1.412,25,75,0,0,14.1,12.5,14.1,12.47,1.63,1.76,1.56,12.5
2023,9,Puka Nacua,LA,WR,1,13,CLV,17.647058823529413,23.076923076923077,61.3,9,64.3,3,21.4,10,0.33,21.33,64,56.1,90,57.3,30,45,2,66.7,51,25.5,1,0.5,1,0.25,50,0,0,0,2,0.222,149.3,3,25,0,0,3,100,2,100,1,33.3,1,1,100,1,0,0,30,18.31,1.403,66.7,33.3,0,0,17,9.9,17,9.89,7.11,1.89,1.1,9.9
2023,10,Jayden Reed,GB,WR,1,17,MIN,22.5,28.000000000000004,31.5,9,64.3,7,50,9.89,0.78,12.86,90,53.9,89,53.9,12.71,14.83,6,85.7,43,7.17,28,4.67,2,1.11,100,0,1,1,3,0.333,158.3,6,54.5,1,14.3,6,85.7,2,33.3,0,0,0,0,0,1,1,0.17,77.8,4.27,1.249,11.1,88.9,0,0,26.9,19.6,26.9,19.62,7.28,2.99,2.18,19.6
2023,11,Puka Nacua,LA,WR,1,16,NO,23.52941176470588,30.76923076923077,98.5,12,85.7,4,28.6,7.08,0.33,21.25,85,58.6,85,66.4,21.25,28.33,3,75,17,5.67,2,0.67,0,0.22,0,0,0,0,3,0.25,116.7,4,30.8,0,0,3,75,1,66.7,0,0,1,1,100,1,0,0,28.6,9.43,1.19,58.3,41.7,0,0,11.5,9.5,11.5,9.49,2.01,0.96,0.79,9.5
2023,12,Evan Engram,JAX,TE,1,14,CLV,19.17808219178082,24.390243902439025,89.2,14,100,10,71.4,5.93,0.71,6.2,62,48.4,83,75.5,8.3,9.22,9,90,30,3.33,9,1,1,0.84,50,1,1,1,6,0.429,134.6,10,71.4,1,10,10,100,1,12.5,0,0,2,1,50,1,1,0.11,71.4,1.34,0.737,0,92.9,7.1,0,23.3,20.8,23.3,20.81,2.49,1.66,1.49,20.8
2023,13,Amon-Ra St. Brown,DET,WR,1,15,DEN,16.363636363636363,25.806451612903224,93.8,9,81.8,8,72.7,9.22,0.89,8.63,69,62.7,83,86.5,10.38,13.83,6,75,41,6.83,26,4.33,1,1.02,100,4,1,0,5,0.556,147.4,8,72.7,0,0,6,75,0,50,0,0,0,0,0,0,1,0.17,80,2.53,0.95,11.1,88.9,0,0,20.3,18.4,20.3,18.4,1.9,2.26,2.04,18.4
2023,14,Chris Olave,NO,WR,1,13,DET,16.666666666666664,29.411764705882355,61.2,8,88.9,5,55.6,10.25,0.63,20.2,101,77.1,82,96.5,16.4,27.33,3,60,34,11.33,8,2.67,0,0.09,0,0,0,0,3,0.375,104.2,5,62.5,0,0,4,80,1,100,0,0,1,0,0,0,0,0,62.5,5.44,1.037,25,75,0,0,11.2,10.5,11.2,10.55,0.65,1.4,1.32,10.5
2023,15,Darius Slayton,NYG,WR,1,16,PHI,24.324324324324326,28.57142857142857,93.2,9,81.8,2,18.2,9,0.22,26.5,53,28.2,81,66.9,40.5,40.5,2,100,28,14,13,6.5,1,0.09,100,0,0,0,2,0.222,158.3,2,20,0,0,2,100,1,50,0,0,0,0,0,0,1,0.5,20,28.84,3.784,77.8,22.2,0,0,16.1,6.5,16.1,6.5,9.6,1.79,0.72,6.5
2023,16,Jerry Jeudy,DEN,WR,1,18,LV,15.789473684210526,21.052631578947366,61,6,85.7,4,57.1,13.17,0.67,13.5,54,70.1,79,79,19.75,26.33,3,75,43,14.33,10,3.33,1,0.14,100,0,0,0,2,0.333,156.3,4,66.7,0,0,3,75,1,66.7,0,0,0,0,0,0,4,1.33,66.7,10.59,1.85,16.7,83.3,0,0,16.9,8.2,16.9,8.15,8.75,2.82,1.36,8.2
2023,17,Mike Evans,TB,WR,1,13,CAR,10.416666666666668,23.076923076923077,84.5,5,83.3,3,50,15,0.6,19.33,58,78.4,75,88.2,25,75,1,33.3,57,57,5,5,1,0.01,100,0,0,0,1,0.2,81.9,3,50,0,0,1,33.3,1,100,0,0,0,0,0,0,0,0,60,14.07,0.629,40,60,0,0,14.5,3.2,14.5,3.2,11.3,2.9,0.64,3.2
2023,18,Wan'Dale Robinson,NYG,WR,1,14,GB,17.142857142857142,22.22222222222222,78.2,6,75,4,50,12.5,0.67,13.75,55,77.5,75,76.5,18.75,18.75,4,100,20,5,5,1.25,0,0.22,0,0,0,0,3,0.5,118.8,3,60,0,0,4,100,1,50,0,0,0,0,0,1,0,0,66.7,9.78,1.104,16.7,83.3,0,0,11.5,11.5,11.5,11.5,0,1.92,1.92,11.5
2023,19,Evan Engram,JAX,TE,1,18,TEN,21.91780821917808,24.390243902439025,89.4,16,94.1,10,58.8,4.63,0.63,5.5,55,40.1,74,64.3,7.4,9.25,8,80,32,4,9,1.13,1,0.74,100,1,1,1,5,0.313,130.8,6,50,1,10,9,90,0,0,1,10,0,0,0,0,0,0,58.8,0.11,0.612,12.5,68.8,18.8,0,21.4,20.6,21.4,20.65,0.75,1.34,1.29,20.6
2023,20,Cooper Kupp,LA,WR,1,15,WAS,14.035087719298245,10,100,8,100,3,37.5,9.25,0.38,13.67,41,33.9,74,61.7,24.67,24.67,3,100,33,11,2,0.67,1,0.82,50,0,0,0,1,0.125,158.3,2,33.3,0,0,3,100,1,33.3,0,0,0,0,0,0,0,0,37.5,15.83,1.529,50,50,0,0,16.4,14,16.4,14.05,2.35,2.05,1.76,14
2023,21,JuJu Smith-Schuster,NE,WR,1,14,PIT,50,60,98.2,6,100,3,50,12.17,0.5,13.33,40,54.8,73,59.8,24.33,24.33,3,100,33,11,14,4.67,0,0.02,0,0,0,0,2,0.333,118.8,3,60,0,0,3,100,1,66.7,0,0,1,1,100,1,0,0,50,15.92,1.678,33.3,66.7,0,0,10.3,6.4,10.3,6.38,3.92,1.72,1.06,6.4
2023,22,Tyreek Hill,MIA,WR,1,13,WAS,13.043478260869565,15.789473684210526,49.2,6,54.5,3,27.3,12,0.5,7.67,23,95.8,72,65.5,24,36,2,66.7,53,26.5,0,0,1,0.65,100,0,0,0,1,0.167,149.3,2,33.3,1,33.3,2,66.7,1,50,0,0,0,0,0,0,0,0,50,16.68,1.969,0,100,0,0,15.2,11,15.2,10.98,4.22,2.53,1.83,11
2023,23,DeVonta Smith,PHI,WR,1,16,NYG,24.324324324324326,25,93.2,9,75,3,25,8,0.33,9.33,28,41.8,72,72.7,24,24,3,100,44,14.67,19,6.33,1,0.11,100,0,0,0,3,0.333,158.3,3,30,0,0,3,100,0,33.3,0,0,0,0,0,0,1,0.33,25,16.17,2.42,55.6,44.4,0,0,16.2,7.2,16.2,7.18,9.02,1.8,0.8,7.2
2023,24,Demario Douglas,NE,WR,1,16,DEN,30,37.5,73.2,9,100,6,66.7,7.89,0.67,10.33,62,66.7,71,76.3,11.83,17.75,4,66.7,17,4.25,0,0,0,0.06,0,0,0,0,3,0.333,106.9,5,71.4,0,0,5,83.3,1,25,1,16.7,0,0,0,1,0,0,66.7,4.22,0.604,11.1,88.9,0,0,11.1,9.9,11.1,9.94,1.16,1.23,1.1,9.9
2023,25,Jamal Agnew,JAX,WR,1,15,BLT,27.27272727272727,100,16.4,3,21.4,2,14.3,23.33,0.67,16,32,18.7,70,63.1,35,35,2,100,38,19,3,1.5,1,0.53,100,0,0,0,1,0.333,158.3,2,16.7,1,50,2,100,1,50,0,0,0,0,0,0,0,0,66.7,25.68,2.343,0,100,0,0,15,8.7,15,8.74,6.26,5,2.91,8.7
2023,26,Chris Godwin,TB,WR,1,15,GB,21.27659574468085,22.22222222222222,80,10,100,4,40,6.9,0.4,11.75,47,39.8,69,40.1,17.25,17.25,4,100,22,5.5,5,1.25,0,0.02,0,0,0,0,4,0.4,118.8,4,40,0,0,4,100,0,50,0,0,0,0,0,0,0,0,40,8.6,1.851,50,50,0,0,10.9,9.6,10.9,9.58,1.32,1.09,0.96,9.6
2023,27,Lil'Jordan Humphrey,DEN,WR,1,17,LAC,9.523809523809524,28.57142857142857,65.7,2,28.6,2,28.6,34.5,1,13.5,27,40.9,69,59,34.5,34.5,2,100,42,21,35,17.5,1,0.05,100,0,0,0,2,1,158.3,1,16.7,0,0,2,100,0,50,0,0,0,0,0,0,3,1.5,66.7,25.14,4.199,0,100,0,0,14.9,5.5,14.9,5.51,9.39,7.45,2.75,5.5
2023,28,Dalton Kincaid,BUF,TE,1,17,NE,33.33333333333333,31.25,55.9,10,71.4,5,35.7,6.9,0.5,25.6,128,69.9,69,51.9,13.8,34.5,2,40,25,12.5,5,2.5,0,0.2,0,1,1,0,2,0.2,47.9,4,30.8,0,0,2,40,3,50,0,0,0,0,0,0,0,0,45.5,2.89,0.143,0,90,10,0,8.9,8.4,8.9,8.38,0.52,0.89,0.84,8.4
2023,29,Scott Miller,ATL,WR,1,18,NO,28.57142857142857,50,31.7,4,44.4,2,22.2,16.5,0.5,9.5,19,21.8,66,56.4,33,33,2,100,47,23.5,10,5,0,0.01,0,0,0,0,2,0.5,118.8,2,25,1,50,2,100,1,50,0,0,0,0,0,0,0,0,50,24.63,2.652,50,50,0,0,8.6,5,8.6,4.98,3.62,2.15,1.25,5
2023,30,Chris Godwin,TB,WR,1,17,NO,14.893617021276595,11.11111111111111,84,7,63.6,2,18.2,9.29,0.29,22,44,31,65,61.9,32.5,32.5,2,100,21,10.5,7,3.5,1,0.22,50,0,0,0,2,0.286,158.3,2,22.2,0,0,2,100,1,50,0,0,0,0,0,0,0,0,22.2,21.92,3.391,28.6,71.4,0,0,14.5,7.2,14.5,7.22,7.28,2.07,1.03,7.2
2023,31,Quez Watkins,PHI,WR,1,18,NYG,45.16129032258064,62.5,98.5,14,93.3,5,33.3,4.64,0.36,8.8,44,32.4,65,55.1,13,13,5,100,21,4.2,5,1,1,0.5,100,1,1,1,4,0.286,158.3,5,35.7,0,0,5,100,0,0,0,0,1,1,100,1,0,0,33.3,5.4,1.085,28.6,71.4,0,0,17.5,11.9,17.5,11.86,5.64,1.25,0.85,11.9
2023,32,Justin Jefferson,MIN,WR,1,16,DET,36.36363636363637,33.33333333333333,98,12,100,4,33.3,5.42,0.33,19.75,79,39.3,65,40.6,16.25,21.67,3,75,12,4,8,2.67,0,0.02,0,0,0,0,2,0.167,77.1,4,36.4,0,0,3,75,3,66.7,0,0,1,1,100,1,1,0.33,33.3,6.1,0.323,50,50,0,0,9.5,9,9.5,9,0.5,0.79,0.75,9
2023,33,Bo Melton,GB,WR,1,17,MIN,45.45454545454545,42.857142857142854,65.8,10,71.4,3,21.4,6.5,0.3,19,57,34.1,65,39.4,21.67,32.5,2,66.7,9,4.5,6,3,0,0.72,0,0,0,0,2,0.2,109.7,3,27.3,1,33.3,2,66.7,2,100,0,0,0,0,0,0,0,0,30,12.72,1.357,40,60,0,0,8.5,13.4,8.5,13.38,-4.88,0.85,1.34,13.4
2023,34,Isaiah Likely,BLT,TE,1,14,LA,41.17647058823529,41.66666666666667,78.9,14,87.5,5,31.3,4.64,0.36,9.6,48,26.7,65,43.6,13,21.67,3,60,27,9,6,2,1,0.59,50,1,0,0,1,0.071,143.8,4,33.3,0,0,4,80,1,50,1,20,0,0,0,0,0,0,33.3,5,0.525,7.1,78.6,14.3,0,15.5,12.9,15.5,12.9,2.6,1.11,0.92,12.9
2023,35,Dontayvion Wicks,GB,WR,1,15,TB,21.428571428571427,21.428571428571427,79.3,6,60,3,30,10.5,0.5,7.67,23,22.1,63,46,21,21,3,100,40,13.33,27,9,0,0,0,0,0,0,3,0.5,118.8,3,37.5,1,33.3,3,100,0,100,0,0,0,0,0,0,2,0.67,50,13.27,2.121,50,50,0,0,9.3,6.3,9.3,6.32,2.98,1.55,1.05,6.3
2023,36,Amari Cooper,CLV,WR,1,15,CHI,42.42424242424242,25,94,14,93.3,2,13.3,4.43,0.14,16.5,33,17.7,62,28.6,31,31,2,100,29,14.5,25,12.5,1,0.18,100,0,0,0,2,0.143,158.3,2,16.7,0,0,2,100,1,50,0,0,0,0,0,0,1,0.5,13.3,21.4,3.302,85.7,14.3,0,0,14.2,6.7,14.2,6.74,7.46,1.01,0.48,6.7
2023,37,Sam LaPorta,DET,TE,1,17,DAL,32.5,63.63636363636363,98.5,13,92.9,7,50,4.77,0.54,8.43,59,50,62,60.8,8.86,12.4,5,71.4,23,4.6,6,1.2,0,0.02,0,1,1,0,4,0.308,58.9,6,46.2,0,0,5,71.4,1,20,0,0,0,0,0,0,0,0,50,0.81,0.109,7.7,69.2,23.1,0,11.2,10.5,11.2,10.49,0.71,0.86,0.81,10.5
2023,38,Jakobi Meyers,LV,WR,1,18,DEN,21.62162162162162,23.076923076923077,87.9,8,80,3,30,7.63,0.38,16.67,50,48.1,61,67.8,20.33,20.33,3,100,11,3.67,3,1,1,0.86,50,0,0,0,3,0.375,158.3,3,30,0,0,3,100,1,33.3,0,0,0,0,0,0,0,0,33.3,10.23,2.415,25,75,0,0,15.1,13.6,15.1,13.61,1.49,1.89,1.7,13.6
2023,39,CeeDee Lamb,DAL,WR,1,17,DET,18.75,18.6046511627907,95.2,15,100,8,53.3,4,0.53,6.38,51,30.5,60,47.2,7.5,15,4,50,39,9.75,15,3.75,0,0.01,0,0,0,0,3,0.2,35.4,7,63.6,0,0,6,75,0,25,1,12.5,2,1,50,0,3,0.75,53.3,0.57,-0.164,26.7,73.3,0,0,10,9.2,10,9.19,0.81,0.67,0.61,9.2
2023,40,CeeDee Lamb,DAL,WR,1,14,PHI,13.750000000000002,11.627906976744185,87.8,11,91.7,5,41.7,5.36,0.45,8,40,50,59,56.7,11.8,14.75,4,80,31,7.75,6,1.5,1,0.86,100,1,0,0,3,0.273,155.4,4,40,1,20,4,80,0,33.3,0,0,0,0,0,0,0,0,41.7,4.15,1.021,27.3,72.7,0,0,15.9,13.7,15.9,13.7,2.2,1.45,1.25,13.7
2023,41,Wan'Dale Robinson,NYG,WR,1,18,PHI,22.857142857142858,27.77777777777778,68.2,8,61.5,5,38.5,7.38,0.63,8.4,42,39.3,59,37.3,11.8,14.75,4,80,45,11.25,17,4.25,0,0.06,0,0,0,0,3,0.375,115.8,4,40,0,0,4,80,1,25,0,0,0,0,0,0,2,0.5,62.5,4.95,0.676,12.5,87.5,0,0,9.9,7.3,9.9,7.27,2.63,1.24,0.91,7.3
2023,42,Alex Erickson,LAC,WR,1,17,DEN,31.25,25,92.1,15,93.8,3,18.8,3.87,0.2,10.33,31,21.4,58,58.6,19.33,19.33,3,100,27,9,4,1.33,0,0,0,0,0,0,3,0.2,118.8,3,20,0,0,3,100,0,33.3,0,0,0,0,0,0,0,0,18.8,10.93,1.41,73.3,26.7,0,0,8.8,6.7,8.8,6.7,2.1,0.59,0.45,6.7
2023,43,George Kittle,SF,TE,1,16,BLT,27.27272727272727,37.5,89.7,12,80,3,20,4.83,0.25,11.67,35,44.3,58,52.3,19.33,58,1,33.3,47,47,6,6,0,0.34,0,1,1,0,1,0.083,42.4,2,20,0,0,3,100,0,100,0,0,2,0,0,0,0,0,21.4,10.73,-0.841,8.3,41.7,41.7,8.3,6.8,6.6,6.8,6.56,0.24,0.57,0.55,6.6
2023,44,Chris Godwin,TB,WR,1,16,JAX,27.659574468085108,33.33333333333333,79.5,13,92.9,6,42.9,4.46,0.46,8.83,53,67.9,58,58.6,9.67,14.5,4,66.7,9,2.25,5,1.25,0,0.33,0,1,0,0,3,0.231,97.9,6,46.2,0,0,6,100,0,25,1,16.7,2,1,50,0,0,0,42.9,1.68,0.908,38.5,61.5,0,0,9.8,13.5,9.8,13.51,-3.71,0.75,1.04,13.5
2023,45,CeeDee Lamb,DAL,WR,1,13,SEA,18.75,18.6046511627907,93.7,15,88.2,8,47.1,3.87,0.53,9.63,77,64.2,58,42,7.25,11.6,5,62.5,18,3.6,14,2.8,0,0.13,0,3,2,0,3,0.2,84.4,6,54.5,0,0,6,75,1,25,1,12.5,1,1,100,0,0,0,47.1,-0.53,0.013,20,80,0,0,10.8,12,10.8,12.05,-1.25,0.72,0.8,12
2023,46,Marquise Goodwin,CLV,WR,1,15,CHI,37.5,50,10.4,3,20,1,6.7,19,0.33,45,45,24.2,57,26.3,57,57,1,100,12,12,7,7,0,0.03,0,0,0,0,1,0.333,118.8,1,8.3,0,0,1,100,1,100,0,0,0,0,0,0,0,0,33.3,42,3.977,33.3,66.7,0,0,6.7,4.6,6.7,4.64,2.06,2.23,1.55,4.6
2023,47,Keenan Allen,LAC,WR,1,14,DEN,81.25,87.5,95.5,13,86.7,7,46.7,4.38,0.54,11.86,83,50,57,74,8.14,11.4,5,71.4,13,2.6,2,0.4,0,0.01,0,0,0,0,4,0.308,95.5,4,50,0,0,6,85.7,1,20,0,0,1,0,0,1,0,0,50,-0.4,0.549,0,100,0,0,10.7,11.3,10.7,11.28,-0.58,0.82,0.87,11.3
2023,48,Justin Jefferson,MIN,WR,1,18,DET,24.242424242424242,25,92.9,8,88.9,3,33.3,7.13,0.38,15,45,52.9,57,73.1,19,19,3,100,12,4,-1,-0.33,0,0.02,0,0,0,0,2,0.25,118.8,3,37.5,1,33.3,3,100,2,66.7,0,0,0,0,0,0,0,0,37.5,9.76,0.934,62.5,37.5,0,0,8.7,9.1,8.7,9.1,-0.4,1.09,1.14,9.1
2023,49,George Pickens,PIT,WR,1,17,SEA,22.22222222222222,80,77.5,8,100,4,50,7.13,0.5,8.5,34,69.4,57,54.3,14.25,19,3,75,25,8.33,8,2.67,0,0.23,0,1,0,0,3,0.375,116.7,2,40,1,25,4,100,1,50,0,0,1,0,0,0,0,0,50,6.95,0.729,37.5,62.5,0,0,8.7,9.5,8.7,9.48,-0.78,1.09,1.19,9.5
2023,50,Jonnu Smith,ATL,TE,1,15,CAR,8.333333333333332,6.666666666666667,33.3,3,60,1,20,18.67,0.33,22,22,33.3,56,80,56,56,1,100,34,34,4,4,0,0.01,0,0,0,0,1,0.333,118.8,0,0,0,0,1,100,1,100,0,0,0,0,0,0,0,0,33.3,45.43,3.465,33.3,33.3,33.3,0,6.6,3.5,6.6,3.5,3.1,2.2,1.17,3.5
2023,51,Chris Olave,NO,WR,1,18,ATL,14.583333333333334,17.647058823529413,72.7,7,87.5,3,37.5,8,0.43,14.67,44,44,56,39.4,18.67,18.67,3,100,12,4,2,0.67,1,0.6,50,0,0,0,3,0.429,158.3,3,37.5,0,0,3,100,1,33.3,0,0,0,0,0,1,0,0,42.9,9.63,2.242,57.1,42.9,0,0,14.6,10.7,14.6,10.68,3.92,2.09,1.53,10.7
2023,52,Adam Thielen,CAR,WR,1,14,NO,22.727272727272727,29.411764705882355,81,10,83.3,5,41.7,5.5,0.5,14.2,71,29.8,55,75.3,11,13.75,4,80,8,2,5,1.25,0,0.08,0,0,0,0,2,0.2,112.5,5,45.5,0,0,5,100,2,25,0,0,1,0,0,0,0,0,45.5,2.24,0.387,30,70,0,0,9.5,12.8,9.5,12.78,-3.28,0.95,1.28,12.8
2023,53,Greg Dortch,ARZ,WR,1,17,PHI,17.073170731707318,42.857142857142854,81.9,7,70,3,30,7.86,0.43,8,24,40,55,47.4,18.33,18.33,3,100,31,10.33,29,9.67,0,0.02,0,0,0,0,2,0.286,118.8,2,22.2,0,0,3,100,0,33.3,0,0,0,0,0,0,2,0.67,33.3,11.02,1.566,42.9,57.1,0,0,8.5,6.2,8.5,6.17,2.33,1.21,0.88,6.2
2023,54,Kyle Pitts,ATL,TE,1,14,TB,23.25581395348837,15.384615384615385,84.1,10,66.7,2,13.3,5.5,0.2,21,42,38.2,55,42,27.5,27.5,2,100,13,6.5,1,0.5,1,0.83,100,0,0,0,2,0.2,158.3,2,14.3,0,0,2,100,1,50,0,0,0,0,0,0,0,0,15.4,15.4,2.472,30,50,20,0,13.5,11.1,13.5,11.09,2.41,1.35,1.11,11.1
2023,55,George Kittle,SF,TE,1,15,ARZ,18.181818181818183,25,85.2,8,88.9,2,22.2,6.75,0.25,13.5,27,28.4,54,40.9,27,27,2,100,27,13.5,12,6,0,0.03,0,0,0,0,2,0.25,118.8,1,16.7,0,0,2,100,0,50,0,0,0,0,0,0,0,0,25,16.88,3.037,12.5,37.5,50,0,7.4,5.2,7.4,5.18,2.22,0.93,0.65,5.2
2023,56,Terry McLaurin,WAS,WR,1,17,SF,31.428571428571427,66.66666666666666,88.4,11,91.7,2,16.7,4.82,0.18,13,26,28.6,53,50.5,26.5,26.5,2,100,27,13.5,9,4.5,0,0.02,0,0,0,0,2,0.182,118.8,2,25,1,50,2,100,1,50,0,0,0,0,0,0,1,0.5,16.7,18.31,1.765,81.8,18.2,0,0,7.3,5.4,7.3,5.44,1.86,0.66,0.49,5.4
2023,57,Josh Downs,IND,WR,1,17,LV,8.571428571428571,11.76470588235294,62.3,3,75,2,50,17.67,0.67,12.5,25,58.1,53,62.4,26.5,26.5,2,100,28,14,0,0,0,0,0,0,0,0,1,0.333,118.8,0,0,0,0,2,100,1,50,0,0,1,1,100,0,0,0,66.7,17.86,2.007,0,100,0,0,7.3,4.3,7.3,4.33,2.97,2.43,1.44,4.3
2023,58,David Moore,TB,WR,1,15,GB,33.33333333333333,50,26.7,3,30,1,10,17.33,0.33,4,4,3.4,52,30.2,52,52,1,100,48,48,48,48,1,0.04,50,0,0,0,1,0.333,158.3,1,10,0,0,1,100,0,100,0,0,0,0,0,0,2,2,33.3,45.95,5.405,66.7,33.3,0,0,12.2,2.1,12.2,2.07,10.13,4.07,0.69,2.1
2023,59,Xavier Gipson,NYJ,WR,1,13,ATL,30.434782608695656,33.33333333333333,70.1,14,93.3,5,33.3,3.71,0.36,10.8,54,31.8,52,57.1,10.4,13,4,80,27,6.75,9,2.25,0,0.21,0,1,0,0,1,0.071,110,4,30.8,2,40,5,100,2,33.3,0,0,1,1,100,1,2,0.5,35.7,2.32,0.089,21.4,78.6,0,0,9.2,10,9.2,9.98,-0.78,0.66,0.71,10
2023,60,Mike Evans,TB,WR,1,15,GB,18.75,30.76923076923077,85,9,90,4,40,5.67,0.44,15,60,50.8,51,29.7,12.75,17,3,75,7,2.33,3,1,1,0.95,50,2,2,1,3,0.333,156.3,4,40,0,0,3,75,1,0,0,0,0,0,0,0,0,0,44.4,3.14,1.655,33.3,66.7,0,0,14.1,13.2,14.1,13.24,0.86,1.57,1.47,13.2
2023,61,Evan Engram,JAX,TE,1,16,TB,17.80821917808219,21.951219512195124,90.2,13,92.9,9,64.3,3.92,0.69,5.44,49,51,51,86.4,5.67,8.5,6,66.7,23,3.83,7,1.17,0,0.08,0,1,0,0,3,0.231,41.7,8,66.7,0,0,7,77.8,0,0,1,11.1,0,0,0,0,0,0,69.2,-1.37,-0.123,0,92.3,7.7,0,11.1,11.7,11.1,11.68,-0.58,0.85,0.9,11.7
2023,62,Jerry Jeudy,DEN,WR,1,13,HST,15.789473684210526,15.789473684210526,69.5,6,85.7,3,42.9,8.5,0.5,11.67,35,36.8,51,57.3,17,17,3,100,16,5.33,8,2.67,0,0.35,0,2,0,0,1,0.167,118.8,3,50,0,0,3,100,1,50,0,0,0,0,0,0,0,0,50,9.47,1.326,16.7,83.3,0,0,8.1,8.9,8.1,8.89,-0.79,1.35,1.48,8.9
2023,63,Kyle Pitts,ATL,TE,1,13,NYJ,23.25581395348837,46.15384615384615,64.1,10,83.3,6,50,5.1,0.6,11.5,69,61.1,51,85,8.5,12.75,4,66.7,1,0.25,1,0.25,0,0.09,0,0,0,0,4,0.4,93.1,5,50,0,0,6,100,0,0,1,16.7,1,1,100,0,0,0,54.5,-0.33,0.954,10,90,0,0,9.1,13.1,9.1,13.07,-3.97,0.91,1.31,13.1
2023,64,Brandin Cooks,DAL,WR,1,17,DET,20.588235294117645,36.36363636363637,77.4,14,93.3,4,26.7,3.57,0.29,23.5,94,56.3,50,39.4,12.5,16.67,3,75,2,0.67,2,0.67,1,0.88,100,1,2,1,3,0.214,156.3,3,27.3,0,0,3,75,2,100,0,0,1,1,100,1,0,0,28.6,0.5,1.182,64.3,35.7,0,0,14,12,14,12.01,1.99,1,0.86,12
2023,65,T.J. Hockenson,MIN,TE,1,14,LV,38.095238095238095,55.55555555555556,93,8,88.9,5,55.6,6.25,0.63,11.6,58,89.2,50,96.2,10,12.5,4,80,13,3.25,3,0.75,0,0.02,0,0,0,0,2,0.25,108.3,5,55.6,0,0,4,80,2,25,0,0,0,0,0,1,0,0,55.6,0.67,0.526,0,87.5,12.5,0,9,8.9,9,8.86,0.14,1.13,1.11,8.9
2023,66,Tyler Boyd,CIN,WR,1,16,PIT,20.588235294117645,25,78.7,7,63.6,4,36.4,7,0.57,11.25,45,68.2,49,54.4,12.25,16.33,3,75,25,8.33,19,6.33,0,0.01,0,0,0,0,3,0.429,76,4,36.4,1,25,3,75,1,33.3,0,0,0,0,0,0,2,0.67,50,3.35,-0.461,0,100,0,0,7.9,6.4,7.9,6.39,1.51,1.13,0.91,6.4
2023,67,David Njoku,CLV,TE,1,17,NYJ,11.428571428571429,16.666666666666664,81,4,50,2,25,12.25,0.5,3,6,10.7,49,57.6,24.5,24.5,2,100,43,21.5,11,5.5,0,0,0,0,0,0,1,0.25,118.8,2,28.6,0,0,2,100,0,50,0,0,0,0,0,0,1,0.5,33.3,18.18,1.761,0,75,25,0,6.9,3.3,6.9,3.33,3.57,1.73,0.83,3.3
2023,68,Cole Kmet,CHI,TE,1,14,DET,37.03703703703704,15.384615384615385,83.3,10,90.9,2,18.2,4.9,0.2,12.5,25,22.7,49,62.8,24.5,24.5,2,100,24,12,3,1.5,0,0.01,0,0,0,0,2,0.2,118.8,2,22.2,0,0,2,100,0,50,0,0,1,1,100,1,0,0,20,14.8,1.992,10,40,50,0,6.9,4,6.9,4.02,2.88,0.69,0.4,4
2023,69,Evan Engram,JAX,TE,1,13,CIN,16.43835616438356,14.634146341463413,83.8,12,85.7,6,42.9,4,0.5,-0.33,-2,-2.6,48,35.6,8,8,6,100,50,8.33,17,2.83,1,0.17,50,0,0,0,3,0.25,139.6,6,54.5,4,66.7,6,100,0,16.7,0,0,0,0,0,0,2,0.33,46.2,2.16,0.506,8.3,83.3,8.3,0,16.8,10.9,16.8,10.87,5.93,1.4,0.91,10.9
2023,70,Jerry Jeudy,DEN,WR,1,17,LAC,18.421052631578945,21.052631578947366,46.3,7,100,4,57.1,6.86,0.57,8.5,34,51.5,48,41,12,24,2,50,30,15,0,0,0,0.03,0,1,0,0,1,0.143,93.8,4,66.7,1,25,3,75,0,100,0,0,1,0,0,0,0,0,57.1,3.86,-0.116,28.6,71.4,0,0,6.8,6.2,6.8,6.21,0.59,0.97,0.89,6.2
2023,71,Tee Higgins,CIN,WR,1,15,MIN,38.46153846153847,100,87,15,88.2,3,17.6,3.2,0.2,16.67,50,38.2,48,36.1,16,16,3,100,3,1,1,0.33,2,1.56,100,1,1,1,3,0.2,158.3,3,23.1,0,0,3,100,1,50,0,0,1,1,100,0,0,0,17.6,5.73,2.008,73.3,26.7,0,0,19.8,15,19.8,14.96,4.84,1.32,1,15
2023,72,Josh Downs,IND,WR,1,18,HST,11.428571428571429,17.647058823529413,67.7,4,57.1,3,42.9,12,0.75,8.67,26,54.2,48,68.6,16,16,3,100,22,7.33,21,7,0,0,0,0,0,0,2,0.5,118.8,1,25,0,0,3,100,0,33.3,0,0,0,0,0,1,2,0.67,60,7.97,1.05,0,100,0,0,7.8,5.3,7.8,5.28,2.52,1.95,1.32,5.3
2023,73,Chris Godwin,TB,WR,1,14,ATL,14.893617021276595,27.77777777777778,83.6,7,100,5,71.4,6.71,0.71,9.4,47,68.1,47,71.2,9.4,11.75,4,80,25,6.25,9,2.25,0,0.01,0,0,0,0,2,0.286,105.8,5,71.4,1,20,4,80,1,25,0,0,0,0,0,0,1,0.25,71.4,1.36,0.636,28.6,71.4,0,0,8.7,7.9,8.7,7.94,0.76,1.24,1.13,7.9
2023,74,Brandon Powell,MIN,WR,1,16,DET,46.15384615384615,50,49,6,50,2,16.7,7.83,0.33,18.5,37,18.4,47,29.4,23.5,23.5,2,100,10,5,0,0,0,0,0,0,0,0,2,0.333,118.8,2,18.2,0,0,2,100,1,100,0,0,1,1,100,0,0,0,33.3,12.23,1.618,33.3,66.7,0,0,6.7,4.8,6.7,4.83,1.87,1.12,0.8,4.8
2023,75,Juwan Johnson,NO,TE,1,17,TB,27.27272727272727,42.857142857142854,71.4,9,60,6,40,5.22,0.67,10.17,61,51.7,47,42.7,7.83,11.75,4,66.7,7,1.75,3,0.75,1,1.01,50,1,0,0,3,0.333,129.9,5,45.5,0,0,5,83.3,1,33.3,0,0,1,1,100,1,0,0,46.2,-0.64,0.89,22.2,77.8,0,0,14.7,16.2,14.7,16.18,-1.48,1.63,1.8,16.2
2023,76,Dalton Kincaid,BUF,TE,1,18,MIA,26.666666666666668,31.25,55.8,8,57.1,5,35.7,5.88,0.63,5.4,27,30,47,26.4,9.4,9.4,5,100,20,4,10,2,0,0.01,0,0,0,0,1,0.125,105.8,5,38.5,0,0,5,100,0,20,0,0,0,0,0,0,0,0,55.6,2.17,0.419,12.5,87.5,0,0,9.7,9.6,9.7,9.59,0.11,1.21,1.2,9.6
2023,77,Rashee Rice,KC,WR,1,13,GB,24,31.57894736842105,67.2,12,75,6,37.5,3.92,0.5,-1.5,-9,-4.5,47,59.5,7.83,7.83,6,100,56,9.33,12,2,0,0.38,0,2,0,0,3,0.25,99.3,5,38.5,4,66.7,6,100,0,0,0,0,0,0,0,0,1,0.17,46.2,2.4,0.257,33.3,58.3,0,8.3,10.7,11.3,10.7,11.29,-0.59,0.89,0.94,11.3
2023,78,David Njoku,CLV,TE,1,15,CHI,28.57142857142857,33.33333333333333,85.1,10,66.7,4,26.7,4.6,0.4,5,20,10.8,46,21.2,11.5,15.33,3,75,29,9.67,22,7.33,0,0.04,0,1,0,0,1,0.1,112.5,3,25,0,0,3,75,0,50,0,0,1,1,100,0,1,0.33,30.8,4.85,0.276,20,50,30,0,7.6,4.8,7.6,4.78,2.82,0.76,0.48,4.8
2023,79,Brandon Aiyuk,SF,WR,1,14,SEA,15.909090909090908,33.33333333333333,90.6,7,77.8,4,44.4,6.57,0.57,10.25,41,42.3,46,27.9,11.5,15.33,3,75,19,6.33,2,0.67,0,0.06,0,0,0,0,2,0.286,72.9,3,50,0,0,3,75,0,33.3,0,0,2,2,100,0,0,0,44.4,3.19,-1.323,42.9,57.1,0,0,6.6,5.5,6.6,5.53,1.07,1.09,0.79,5.5
2023,80,Trey McBride,ARZ,TE,1,15,SF,24.390243902439025,31.57894736842105,70.8,10,71.4,6,42.9,4.6,0.6,7.17,43,42.6,46,46,7.67,9.2,5,83.3,14,2.8,8,1.6,0,0.13,0,1,0,0,3,0.3,59,4,44.4,0,0,5,83.3,0,0,0,0,1,1,100,2,1,0.2,60,0.09,-0.29,10,80,10,0,9.6,9.8,9.6,9.79,-0.19,0.96,0.98,9.8
2023,81,Jake Ferguson,DAL,TE,1,13,SEA,19.11764705882353,15.789473684210526,75.9,13,76.5,3,17.6,3.54,0.23,2.67,8,6.7,46,33.3,15.33,15.33,3,100,38,12.67,13,4.33,0,0.06,0,1,0,0,3,0.231,118.8,2,18.2,1,33.3,3,100,0,0,0,0,0,0,0,0,1,0.33,20,8.92,2.132,0,69.2,30.8,0,7.6,5.5,7.6,5.5,2.1,0.58,0.42,5.5
2023,82,Evan Engram,JAX,TE,1,17,CAR,9.58904109589041,9.75609756097561,67.7,7,100,4,57.1,6.43,0.57,5.25,21,60,45,75,11.25,11.25,4,100,24,6,11,2.75,0,0.1,0,1,0,0,2,0.286,113.5,4,80,0,0,4,100,0,33.3,0,0,0,0,0,0,0,0,57.1,4.67,0.915,14.3,71.4,14.3,0,8.5,7.8,8.5,7.77,0.73,1.21,1.11,7.8
2023,83,Tyler Conklin,NYJ,TE,1,17,CLV,16.666666666666664,23.809523809523807,77.9,7,58.3,5,41.7,6.43,0.71,6.6,33,56.9,45,41.3,9,9,5,100,12,2.4,8,1.6,0,0.01,0,0,0,0,3,0.429,104.2,4,44.4,1,20,5,100,0,20,0,0,1,1,100,0,1,0.2,50,1.97,0.437,0,85.7,14.3,0,9.5,7.8,9.5,7.84,1.66,1.36,1.12,7.8
2023,84,Khalil Shakir,BUF,WR,1,16,LAC,21.21212121212121,21.428571428571427,59.6,7,63.6,3,27.3,6.43,0.43,6.33,19,19.8,45,62.5,15,15,3,100,26,8.67,3,1,0,0.12,0,0,0,0,3,0.429,118.8,2,25,1,33.3,3,100,0,0,0,0,0,0,0,0,0,0,37.5,7.35,1.615,28.6,71.4,0,0,7.5,6.8,7.5,6.76,0.74,1.07,0.97,6.8
2023,85,Tyreek Hill,MIA,WR,1,14,TEN,15.217391304347828,10.526315789473683,47.8,7,58.3,2,16.7,6.29,0.29,22,44,48.9,44,43.1,22,22,2,100,0,0,0,0,0,0.35,0,0,0,0,2,0.286,118.8,2,22.2,0,0,2,100,1,50,0,0,0,0,0,0,0,0,28.6,10.29,2.094,57.1,42.9,0,0,6.4,8.4,6.4,8.35,-1.95,0.91,1.19,8.4
2023,86,Jauan Jennings,SF,WR,1,13,PHI,40,80,47.4,8,88.9,4,44.4,5.5,0.5,8.75,35,55.6,44,33.6,11,14.67,3,75,22,7.33,17,5.67,1,0.09,100,1,0,0,2,0.25,150,4,57.1,0,0,3,75,0,0,0,0,1,1,100,0,1,0.33,50,3.44,1.404,37.5,62.5,0,0,13.4,5.9,13.4,5.86,7.54,1.68,0.73,5.9
2023,87,Jake Ferguson,DAL,TE,1,15,BUF,22.058823529411764,36.84210526315789,86,15,78.9,7,36.8,2.93,0.47,4.29,30,26.3,44,47.3,6.29,7.33,6,85.7,22,3.67,16,2.67,0,0.01,0,0,0,0,2,0.133,92.9,5,35.7,1,14.3,7,100,0,0,0,0,2,1,50,0,1,0.17,43.8,-0.41,0.363,6.7,93.3,0,0,10.4,10.6,10.4,10.58,-0.18,0.69,0.71,10.6
2023,88,Jakobi Meyers,LV,WR,1,16,KC,18.91891891891892,30.76923076923077,80.8,7,100,4,57.1,6,0.57,5.25,21,61.8,42,91.3,10.5,14,3,75,26,8.67,3,1,0,0,0,0,0,0,2,0.286,108.3,4,57.1,1,25,3,75,0,33.3,0,0,0,0,0,0,0,0,57.1,3.79,0.503,28.6,71.4,0,0,7.2,5.7,7.2,5.71,1.49,1.03,0.82,5.7
2023,89,Isaiah Likely,BLT,TE,1,17,MIA,17.647058823529413,16.666666666666664,61.8,6,75,2,25,7,0.33,7.5,15,12.8,42,21.1,21,21,2,100,27,13.5,1,0.5,2,0.98,66.7,1,0,0,2,0.333,158.3,2,28.6,0,0,2,100,0,100,0,0,0,0,0,1,0,0,28.6,13.6,3.688,0,66.7,33.3,0,18.2,9.7,18.2,9.72,8.48,3.03,1.62,9.7
2023,90,Charlie Jones,CIN,WR,1,18,CLV,60,50,34.4,3,50,2,33.3,14,0.67,16.5,33,70.2,42,93.3,21,21,2,100,9,4.5,3,1.5,0,0.01,0,0,0,0,1,0.333,118.8,2,33.3,0,0,2,100,1,50,0,0,0,0,0,0,0,0,66.7,12.28,1.918,33.3,66.7,0,0,6.2,5.6,6.2,5.58,0.62,2.07,1.86,5.6
2023,91,Rashee Rice,KC,WR,1,17,CIN,22,10.526315789473683,79.2,11,100,2,18.2,3.82,0.18,3,6,8.6,42,40.4,21,21,2,100,36,18,5,2.5,0,0.01,0,0,0,0,2,0.182,118.8,2,22.2,0,0,2,100,0,50,0,0,0,0,0,0,0,0,18.2,14.51,1.557,45.5,54.5,0,0,6.2,3.5,6.2,3.5,2.7,0.56,0.32,3.5
2023,92,Jayden Reed,GB,WR,1,15,TB,12.5,12,41.4,5,50,3,30,8.4,0.6,11.67,35,33.7,42,30.7,14,14,3,100,14,4.67,3,1,1,0.63,100,1,1,1,2,0.4,158.3,2,25,1,33.3,3,100,1,50,0,0,1,1,100,1,0,0,60,5.6,2.097,20,80,0,0,13.2,9,13.2,9.04,4.16,2.64,1.81,9
2023,93,Justin Watson,KC,WR,1,17,CIN,21.875,28.57142857142857,45.3,7,63.6,2,18.2,5.86,0.29,23.5,47,67.1,41,39.4,20.5,41,1,50,11,11,5,5,0,0.05,0,0,0,0,1,0.143,95.8,2,22.2,0,0,1,50,1,100,0,0,1,0,0,0,0,0,28.6,10.07,1.118,71.4,28.6,0,0,5.1,4.2,5.1,4.24,0.86,0.73,0.61,4.2
2023,94,David Bell,CLV,WR,1,14,JAX,13.636363636363635,50,9.5,3,30,3,30,13.67,1,6.33,19,33.3,41,69.5,13.67,41,1,33.3,37,37,0,0,1,0.08,100,0,0,0,1,0.333,121.5,3,37.5,0,0,1,33.3,0,100,0,0,0,0,0,0,0,0,100,7.03,1.513,0,100,0,0,11.1,2.4,11.1,2.36,8.74,3.7,0.79,2.4
2023,95,Tyler Lockett,SEA,WR,1,14,SF,18.421052631578945,18.181818181818183,80,7,70,2,20,5.71,0.29,13,26,56.5,40,56.3,20,20,2,100,14,7,5,2.5,0,0.01,0,0,0,0,2,0.286,118.8,0,0,0,0,2,100,0,50,0,0,0,0,0,0,1,0.5,22.2,10.8,2.179,42.9,57.1,0,0,6,4.9,6,4.86,1.14,0.86,0.69,4.9
2023,96,Christian Watson,GB,WR,1,13,KC,100,100,73,9,64.3,6,42.9,4.44,0.67,6.5,39,47.6,40,50.6,6.67,8,5,83.3,13,2.6,1,0.2,1,0.96,100,2,1,1,4,0.444,134,5,45.5,1,16.7,5,83.3,0,0,0,0,0,0,0,0,1,0.2,54.5,-0.4,0.631,33.3,66.7,0,0,15,15.1,15,15.13,-0.13,1.67,1.68,15.1
2023,97,Elijah Higgins,ARZ,TE,1,15,SF,33.33333333333333,50,34.7,4,28.6,3,21.4,10,0.75,12,36,35.6,40,40,13.33,13.33,3,100,12,4,2,0.67,1,0.52,100,1,1,1,3,0.75,158.3,2,22.2,0,0,3,100,0,0,0,0,0,0,0,0,0,0,60,4.18,2.08,0,75,25,0,13,8.4,13,8.44,4.56,3.25,2.11,8.4
2023,98,Josh Palmer,LAC,WR,1,16,BUF,33.33333333333333,37.5,93.8,10,100,6,60,3.9,0.6,9,54,56.3,39,44.8,6.5,13,3,50,7,2.33,0,0,0,0.02,0,1,1,0,2,0.2,70.8,5,55.6,1,16.7,4,66.7,0,0,0,0,2,1,50,0,0,0,60,-1.86,-0.134,10,90,0,0,6.9,7.4,6.9,7.39,-0.49,0.69,0.74,7.4
2023,99,Tommy Tremble,CAR,TE,1,16,GB,33.33333333333333,50,73,9,64.3,3,21.4,4.33,0.33,11.33,34,20.7,39,29.1,13,19.5,2,66.7,20,10,8,4,0,0,0,0,0,0,1,0.111,109.7,3,25,0,0,2,66.7,0,50,0,0,0,0,0,0,1,0.5,33.3,3.44,0.45,33.3,44.4,22.2,0,5.9,4.6,5.9,4.61,1.29,0.66,0.51,4.6
2023,100,Khalil Shakir,BUF,WR,1,17,NE,27.27272727272727,28.57142857142857,79.4,9,64.3,4,28.6,4.33,0.44,6.75,27,14.8,39,29.3,9.75,9.75,4,100,12,3,2,0.5,0,0.56,0,1,0,0,3,0.333,107.3,4,30.8,1,25,4,100,0,0,0,0,0,0,0,0,0,0,40,2.25,1.141,11.1,88.9,0,0,7.9,11.4,7.9,11.37,-3.47,0.88,1.26,11.4
2023,101,Rashid Shaheed,NO,WR,1,18,ATL,20,20,68.2,7,87.5,1,12.5,5.57,0.14,46,46,46,39,27.5,39,39,1,100,0,0,0,0,1,0.62,50,0,1,1,1,0.143,158.3,1,12.5,0,0,1,100,1,100,0,0,1,1,100,1,0,0,14.3,24,3.802,57.1,42.9,0,0,10.9,6.2,10.9,6.18,4.72,1.56,0.88,6.2
2023,102,Garrett Wilson,NYJ,WR,1,16,WAS,20,29.411764705882355,95.3,11,100,5,45.5,3.55,0.45,1.2,6,10,39,83,7.8,7.8,5,100,33,6.6,19,3.8,0,0.05,0,1,0,0,2,0.182,99.2,5,55.6,2,40,5,100,0,0,0,0,0,0,0,0,3,0.6,45.5,2.31,0.404,36.4,63.6,0,0,8.9,8.6,8.9,8.6,0.3,0.81,0.78,8.6
2023,103,Jake Ferguson,DAL,TE,1,14,PHI,10.294117647058822,15.789473684210526,75.7,7,58.3,3,25,5.57,0.43,3.33,10,12.5,39,37.5,13,19.5,2,66.7,32,16,25,12.5,0,0.01,0,0,0,0,1,0.143,109.7,3,30,1,33.3,3,100,0,50,1,33.3,1,1,100,0,1,0.5,37.5,6.6,1.006,14.3,71.4,14.3,0,5.9,4.3,5.9,4.32,1.58,0.84,0.62,4.3
2023,104,Tre Tucker,LV,WR,1,15,LAC,10.526315789473683,40,44.4,2,28.6,2,28.6,19.5,1,22.5,45,60.8,39,63.9,19.5,19.5,2,100,1,0.5,1,0.5,1,0.96,100,0,1,1,1,0.5,158.3,1,50,0,0,2,100,1,50,0,0,0,0,0,0,0,0,100,8.33,1.637,0,100,0,0,11.9,12,11.9,11.95,-0.05,5.95,5.98,12
2023,105,Zay Flowers,BLT,WR,1,16,SF,34.375,41.66666666666667,76.2,11,91.7,5,41.7,3.55,0.45,6.2,31,37.8,39,47.6,7.8,9.75,4,80,29,7.25,17,4.25,1,1.05,100,2,1,1,4,0.364,138.8,4,50,2,40,4,80,0,0,0,0,0,0,0,0,3,0.75,45.5,0.13,0.716,36.4,63.6,0,0,13.9,13,13.9,13.03,0.87,1.26,1.18,13
2023,106,Durham Smythe,MIA,TE,1,17,BLT,16.27906976744186,20,74.2,7,53.8,2,15.4,5.43,0.29,14,28,30.8,38,43.2,19,19,2,100,10,5,6,3,0,0.01,0,0,0,0,2,0.286,118.8,2,18.2,0,0,2,100,0,50,0,0,1,1,100,0,0,0,18.2,8.7,2.307,28.6,71.4,0,0,5.8,4.6,5.8,4.63,1.17,0.83,0.66,4.6
2023,107,CeeDee Lamb,DAL,WR,1,15,BUF,21.25,20.930232558139537,100,17,89.5,9,47.4,2.24,0.53,9,81,71.1,38,40.9,4.22,6.33,6,66.7,4,0.67,4,0.67,0,0.02,0,0,0,0,3,0.176,75.2,7,50,0,0,7,77.8,1,0,0,0,2,0,0,0,0,0,47.4,-3.24,0.085,11.8,88.2,0,0,9.8,12.1,9.8,12.06,-2.26,0.58,0.71,12.1
2023,108,Chigoziem Okonkwo,TEN,TE,1,16,SEA,15.151515151515152,28.57142857142857,71.9,5,83.3,4,66.7,7.6,0.8,6.5,26,56.5,38,80.9,9.5,9.5,4,100,12,3,5,1.25,0,0,0,0,0,0,2,0.4,106.3,2,50,0,0,4,100,0,0,0,0,0,0,0,0,0,0,80,2.2,0.594,0,100,0,0,7.8,7.7,7.8,7.72,0.08,1.56,1.54,7.7
2023,109,Sam LaPorta,DET,TE,1,13,NO,25,36.36363636363637,80.4,10,83.3,4,33.3,3.8,0.4,9,36,34.3,38,50.7,9.5,9.5,4,100,2,0.5,2,0.5,1,0.84,50,1,0,0,3,0.3,145.8,3,33.3,0,0,4,100,0,0,0,0,1,1,100,0,2,0.5,40,1.36,1.28,30,50,20,0,13.8,12.8,13.8,12.75,1.05,1.38,1.28,12.8
2023,110,Rashee Rice,KC,WR,1,14,BUF,24,21.052631578947366,83.9,12,85.7,4,28.6,3.17,0.33,12.25,49,30.2,38,42.2,9.5,12.67,3,75,19,6.33,6,2,1,0.77,100,2,2,1,3,0.25,143.8,4,30.8,1,25,3,75,1,0,0,0,1,1,100,1,0,0,33.3,0.5,0.991,58.3,41.7,0,0,12.8,8.7,12.8,8.73,4.07,1.07,0.73,8.7
2023,111,Adam Thielen,CAR,WR,1,16,GB,31.818181818181817,17.647058823529413,87.3,14,100,3,21.4,2.64,0.21,13.33,40,24.4,37,27.6,12.33,18.5,2,66.7,11,5.5,3,1.5,0,0.01,0,0,0,0,2,0.143,109,2,16.7,0,0,2,66.7,0,50,0,0,0,0,0,0,0,0,21.4,2.93,0.27,35.7,64.3,0,0,5.7,5,5.7,5.02,0.68,0.41,0.36,5
2023,112,Tyler Boyd,CIN,WR,1,13,JAX,23.52941176470588,37.5,75,8,88.9,6,66.7,4.63,0.75,3.67,22,61.1,37,51.4,6.17,7.4,5,83.3,14,2.8,6,1.2,0,0.02,0,1,0,0,1,0.125,92.4,3,50,0,0,6,100,0,0,1,16.7,0,0,0,0,0,0,66.7,0.06,0.523,12.5,87.5,0,0,8.7,10.3,8.7,10.31,-1.61,1.09,1.29,10.3
2023,113,Tyreek Hill,MIA,WR,1,18,BUF,21.73913043478261,31.57894736842105,75,10,83.3,6,50,3.7,0.6,17.17,103,70.5,37,64.9,6.17,12.33,3,50,4,1.33,3,1,0,0,0,0,0,0,1,0.1,29.9,6,54.5,0,0,4,66.7,3,33.3,0,0,1,0,0,0,1,0.33,54.5,-3.63,-0.032,40,60,0,0,6.7,8.8,6.7,8.84,-2.14,0.67,0.88,8.8
2023,114,Darius Slayton,NYG,WR,1,18,PHI,27.027027027027028,42.857142857142854,78.8,10,76.9,3,23.1,3.7,0.3,7,21,19.6,37,23.4,12.33,12.33,3,100,16,5.33,0,0,1,0.77,100,1,0,0,2,0.2,157.6,1,10,0,0,3,100,0,0,0,0,0,0,0,0,0,0,27.3,5.42,1.173,40,60,0,0,12.7,10.6,12.7,10.63,2.07,1.27,1.06,10.6
2023,115,CeeDee Lamb,DAL,WR,1,18,WAS,13.750000000000002,13.953488372093023,85.5,11,91.7,6,50,3.36,0.55,4.33,26,32.9,37,55.2,6.17,6.17,6,100,11,1.83,6,1,1,1,50,3,0,0,3,0.273,131.9,5,50,0,0,6,100,0,0,0,0,0,0,0,0,1,0.17,54.5,-0.25,0.554,36.4,54.5,9.1,0,15.7,16.1,15.7,16.11,-0.41,1.43,1.46,16.1
2023,116,Amon-Ra St. Brown,DET,WR,1,16,MIN,18.181818181818183,16.129032258064516,98.7,10,90.9,5,45.5,3.7,0.5,1,5,11.1,37,39.8,7.4,7.4,5,100,32,6.4,19,3.8,0,0.06,0,0,0,0,2,0.2,97.5,5,50,1,20,5,100,0,0,0,0,0,0,0,0,2,0.4,45.5,2.08,0.505,40,60,0,0,8.7,8.9,8.7,8.93,-0.23,0.87,0.89,8.9
2023,117,Parker Washington,JAX,WR,1,13,CIN,15.555555555555555,26.666666666666668,58.8,7,50,4,28.6,5.29,0.57,8.5,34,43.6,37,27.4,9.25,9.25,4,100,12,3,2,0.5,1,0.75,50,1,1,1,1,0.143,144.8,2,18.2,0,0,4,100,1,0,0,0,1,1,100,1,0,0,50,1.94,1.142,14.3,85.7,0,0,13.7,11,13.7,11.02,2.68,1.96,1.57,11
2023,118,Josh Palmer,LAC,WR,1,18,KC,40,50,56.3,12,70.6,8,47.1,3,0.67,10,80,59.3,36,27.1,4.5,7.2,5,62.5,26,5.2,10,2,0,0.03,0,2,1,0,4,0.333,72.9,8,50,2,25,7,87.5,1,0,0,0,2,0,0,0,0,0,66.7,-3.38,0.076,8.3,91.7,0,0,8.6,11.3,8.6,11.27,-2.67,0.72,0.94,11.3
2023,119,Cooper Kupp,LA,WR,1,16,NO,24.561403508771928,26.666666666666668,100,14,100,8,57.1,2.5,0.57,5.5,44,30.3,35,27.3,4.38,8.75,4,50,20,5,9,2.25,0,0.98,0,4,2,0,3,0.214,62,7,53.8,0,0,8,100,0,0,2,25,3,1,33.3,0,0,0,57.1,-2.71,-0.401,7.1,92.9,0,0,7.5,16.7,7.5,16.72,-9.22,0.54,1.19,16.7
2023,120,Mike Gesicki,NE,TE,1,17,BUF,34.61538461538461,71.42857142857143,67.9,9,81.8,5,45.5,3.89,0.56,6.4,32,29.1,35,45.5,7,8.75,4,80,14,3.5,1,0.25,0,0.01,0,0,0,0,1,0.111,95.8,2,33.3,0,0,4,80,0,0,0,0,0,0,0,0,0,0,55.6,0.03,0.387,11.1,88.9,0,0,7.5,7.2,7.5,7.18,0.32,0.83,0.8,7.2
2023,121,Lucas Krull,DEN,TE,1,14,LAC,11.538461538461538,20,25.8,3,42.9,1,14.3,11.67,0.33,25,25,52.1,35,50,35,35,1,100,10,10,5,5,0,0.05,0,0,0,0,1,0.333,118.8,1,16.7,0,0,1,100,1,100,0,0,0,0,0,0,0,0,25,25.44,3.16,33.3,33.3,33.3,0,4.5,3.7,4.5,3.7,0.8,1.5,1.23,3.7
2023,122,Will Mallory,IND,TE,1,16,ATL,33.33333333333333,33.33333333333333,38.2,6,54.5,3,27.3,5.83,0.5,9.33,28,22.8,35,55.6,11.67,11.67,3,100,7,2.33,3,1,0,0,0,0,0,0,3,0.5,115.3,1,11.1,0,0,3,100,0,0,0,0,0,0,0,0,0,0,50,3.02,1.676,0,100,0,0,6.5,6.3,6.5,6.3,0.2,1.08,1.05,6.3
2023,123,Xavier Gipson,NYJ,WR,1,17,CLV,19.565217391304348,20,67.6,9,75,3,25,3.89,0.33,1.33,4,6.9,35,32.1,11.67,11.67,3,100,31,10.33,5,1.67,0,0,0,0,0,0,0,0,115.3,2,22.2,2,66.7,3,100,0,0,0,0,0,0,0,0,2,0.67,27.3,6.47,0.474,44.4,55.6,0,0,6.5,4.9,6.5,4.92,1.58,0.72,0.55,4.9
2023,124,Jordan Addison,MIN,WR,1,15,CIN,17.647058823529413,16.666666666666664,91,6,100,1,16.7,5.83,0.17,17,17,20.2,35,59.3,35,35,1,100,18,18,10,10,0,0.01,0,0,0,0,1,0.167,118.8,0,0,0,0,1,100,0,100,0,0,0,0,0,0,0,0,16.7,23.33,2.154,50,50,0,0,4.5,3.1,4.5,3.12,1.38,0.75,0.52,3.1
2023,125,Julio Jones,PHI,WR,1,17,ARZ,33.33333333333333,37.5,40.4,6,75,3,37.5,5.67,0.5,30.33,91,72.2,34,45.9,11.33,17,2,66.7,6,3,2,1,2,1.12,66.7,1,2,1,2,0.333,104.9,3,60,0,0,2,66.7,1,100,0,0,0,0,0,0,0,0,50,-0.66,1.835,0,100,0,0,17.4,11.1,17.4,11.11,6.29,2.9,1.85,11.1
2023,126,Amari Cooper,CLV,WR,1,16,HST,24.242424242424242,37.5,78.7,8,80,3,30,4.25,0.38,17.67,53,41.1,34,49.3,11.33,17,2,66.7,4,2,1,0.5,0,0.43,0,1,0,0,2,0.25,104.9,2,22.2,0,0,2,66.7,2,100,0,0,0,0,0,0,0,0,37.5,2.17,1.357,50,50,0,0,5.4,7.9,5.4,7.9,-2.5,0.68,0.99,7.9
2023,127,Cooper Kupp,LA,WR,1,13,CLV,24.561403508771928,20,98.4,14,100,6,42.9,2.43,0.43,1.67,10,8.8,34,21.7,5.67,6.8,5,83.3,24,4.8,5,1,1,0.69,50,1,1,1,2,0.143,129.9,4,33.3,0,0,5,83.3,0,0,0,0,0,0,0,0,0,0,42.9,-0.05,0.636,35.7,64.3,0,0,14.4,11.8,14.4,11.76,2.64,1.03,0.84,11.8
2023,128,Jerry Jeudy,DEN,WR,1,15,DET,18.421052631578945,15.789473684210526,62.9,7,58.3,3,25,4.86,0.43,7.33,22,21.4,34,36.6,11.33,17,2,66.7,18,9,4,2,0,0.01,0,0,0,0,2,0.286,104.9,2,20,0,0,3,100,0,0,1,33.3,0,0,0,0,0,0,42.9,4.2,0.839,28.6,71.4,0,0,5.4,5.2,5.4,5.21,0.19,0.77,0.74,5.2
2023,129,Chigoziem Okonkwo,TEN,TE,1,17,HST,30.303030303030305,28.57142857142857,73.6,10,66.7,4,26.7,3.4,0.4,4.5,18,20.5,34,28.6,8.5,11.33,3,75,19,6.33,4,1.33,0,0,0,1,1,0,1,0.1,100,3,21.4,0,0,3,75,0,33.3,0,0,0,0,0,0,0,0,28.6,2.01,-0.301,10,90,0,0,6.4,5.4,6.4,5.42,0.98,0.64,0.54,5.4
2023,130,Jonathan Mingo,CAR,WR,1,13,TB,13.157894736842104,25,97.1,5,100,2,40,6.8,0.4,8.5,17,44.7,34,72.3,17,17,2,100,17,8.5,3,1.5,0,0.04,0,0,0,0,1,0.2,118.8,2,40,0,0,2,100,0,50,0,0,0,0,0,0,0,0,40,9.13,1.654,20,80,0,0,5.4,4.6,5.4,4.59,0.81,1.08,0.92,4.6
2023,131,Puka Nacua,LA,WR,1,14,BLT,23.52941176470588,23.076923076923077,93.2,12,80,3,20,2.83,0.25,14.67,44,25.4,34,22.5,11.33,34,1,33.3,22,22,2,2,0,0.02,0,1,1,0,1,0.083,77.1,3,23.1,0,0,2,66.7,0,100,1,33.3,0,0,0,0,0,0,21.4,1.41,0.574,66.7,33.3,0,0,4.4,5.5,4.4,5.46,-1.06,0.37,0.46,5.5
2023,132,Odell Beckham,BLT,WR,1,17,MIA,21.428571428571427,33.33333333333333,30.9,3,37.5,1,12.5,11,0.33,32,32,27.4,33,16.6,33,33,1,100,1,1,0,0,0,0.05,0,0,0,0,1,0.333,118.8,1,14.3,0,0,1,100,1,100,0,0,0,0,0,1,0,0,33.3,23.03,3.242,66.7,33.3,0,0,4.3,2,4.3,1.97,2.33,1.43,0.66,2
2023,133,Cedrick Wilson,MIA,WR,1,16,DAL,21.052631578947366,37.5,60.9,8,57.1,3,21.4,4.13,0.38,11.33,34,28.3,33,34,11,16.5,2,66.7,10,5,6,3,0,0.41,0,1,1,0,2,0.25,103.5,3,23.1,0,0,3,100,0,0,0,0,1,0,0,0,0,0,33.3,2.25,0.071,62.5,37.5,0,0,5.3,7.7,5.3,7.75,-2.45,0.66,0.97,7.7
2023,134,DeVonta Smith,PHI,WR,1,14,DAL,16.216216216216218,33.33333333333333,92.3,6,100,4,66.7,5.5,0.67,13.75,55,58.5,33,76.7,8.25,16.5,2,50,20,10,15,7.5,0,0.28,0,0,1,0,1,0.167,78.1,3,75,0,0,4,100,1,50,1,25,1,0,0,0,2,1,66.7,-0.63,-1.195,33.3,66.7,0,0,4.3,9.4,4.3,9.36,-5.06,0.88,1.56,9.4
2023,135,Trey McBride,ARZ,TE,1,13,PIT,19.51219512195122,21.052631578947366,95.2,8,88.9,4,44.4,4.13,0.5,5,20,19.8,33,55,8.25,8.25,4,100,13,3.25,4,1,1,0.9,100,1,1,1,2,0.25,140.6,4,57.1,1,25,4,100,0,0,0,0,2,2,100,1,0,0,50,0.87,1.054,12.5,75,12.5,0,13.3,11.7,13.3,11.7,1.6,1.66,1.46,11.7
2023,136,Nelson Agholor,BLT,WR,1,14,LA,29.411764705882355,38.46153846153847,59.2,10,62.5,5,31.3,3.2,0.5,1.8,9,5,32,21.5,6.4,6.4,5,100,23,4.6,5,1,0,0.05,0,2,0,0,2,0.2,93.3,4,33.3,1,20,5,100,0,0,0,0,0,0,0,0,0,0,50,0.92,0.37,20,80,0,0,8.2,8.4,8.2,8.35,-0.15,0.82,0.84,8.4
2023,137,Darren Waller,NYG,TE,1,16,PHI,32,33.33333333333333,62.7,8,72.7,3,27.3,4,0.38,10.33,31,16.5,32,26.4,10.67,16,2,66.7,6,3,2,1,0,0.02,0,0,0,0,2,0.25,102.1,3,30,0,0,3,100,0,50,1,33.3,0,0,0,0,0,0,37.5,2.54,0.168,12.5,87.5,0,0,5.2,6.7,5.2,6.7,-1.5,0.65,0.84,6.7
2023,138,Chris Moore,TEN,WR,1,17,HST,33.33333333333333,33.33333333333333,77.4,9,60,3,20,3.56,0.33,23.67,71,80.7,32,26.9,10.67,32,1,33.3,2,2,2,2,0,0.01,0,0,0,0,1,0.111,74.3,3,21.4,0,0,1,33.3,2,100,0,0,1,1,100,0,0,0,23.1,0.65,-0.363,44.4,55.6,0,0,4.2,2.9,4.2,2.91,1.29,0.47,0.32,2.9
2023,139,Hunter Henry,NE,TE,1,14,PIT,31.25,28.57142857142857,87.3,5,83.3,2,33.3,6.4,0.4,14,28,38.4,32,26.2,16,16,2,100,4,2,1,0.5,1,0.8,100,0,0,0,2,0.4,158.3,1,20,0,0,2,100,1,50,0,0,0,0,0,0,0,0,40,5.86,1.944,0,80,20,0,11.2,9.8,11.2,9.75,1.45,2.24,1.95,9.8
2023,140,George Kittle,SF,TE,1,13,PHI,20.454545454545457,12.5,93,9,100,1,11.1,3.56,0.11,-3,-3,-4.8,32,24.4,32,32,1,100,35,35,6,6,0,0,0,0,0,0,1,0.111,118.8,0,0,0,0,1,100,0,100,0,0,0,0,0,0,0,0,11.1,26.13,1.777,0,33.3,66.7,0,4.2,1.6,4.2,1.59,2.61,0.47,0.18,1.6
2023,141,Courtland Sutton,DEN,WR,1,13,HST,25.925925925925924,33.33333333333333,84.7,7,100,1,14.3,4.57,0.14,27,27,28.4,32,36,32,32,1,100,5,5,2,2,0,0.02,0,0,0,0,1,0.143,118.8,1,16.7,0,0,1,100,1,100,0,0,0,0,0,0,0,0,14.3,20.09,1.818,85.7,14.3,0,0,4.2,4.1,4.2,4.13,0.07,0.6,0.59,4.1
2023,142,Drake London,ATL,WR,1,18,NO,16,30.76923076923077,75,8,88.9,4,44.4,4,0.5,7.25,29,33.3,32,27.4,8,10.67,3,75,9,3,1,0.33,0,0.12,0,2,0,0,1,0.125,97.9,4,50,1,25,4,100,1,100,1,25,0,0,0,0,0,0,50,0.66,0.657,50,50,0,0,6.2,8.5,6.2,8.55,-2.35,0.78,1.07,8.5
2023,143,Michael Wilson,ARZ,WR,1,18,SEA,21.62162162162162,40,82.6,8,100,2,25,4,0.25,10.5,21,28.8,32,47.8,16,16,2,100,11,5.5,5,2.5,0,0.01,0,0,0,0,2,0.25,118.8,1,20,0,0,2,100,0,50,0,0,0,0,0,0,0,0,25,8.09,1.072,75,25,0,0,5.2,4.4,5.2,4.38,0.82,0.65,0.55,4.4
2023,144,Demario Douglas,NE,WR,1,17,BUF,36.666666666666664,25,94.3,11,100,4,36.4,2.91,0.36,17.5,70,63.6,32,41.6,8,16,2,50,20,10,10,5,0,0.02,0,0,1,0,2,0.182,77.1,2,33.3,1,25,3,75,2,0,0,0,1,0,0,0,3,1.5,36.4,-1.7,0.504,0,100,0,0,5.2,6.7,5.2,6.7,-1.5,0.47,0.61,6.7
2023,145,Josh Downs,IND,WR,1,14,CIN,25.71428571428571,17.647058823529413,80,9,81.8,3,27.3,3.56,0.33,6.67,20,31.7,32,43.8,10.67,10.67,3,100,12,4,10,3.33,0,0,0,0,0,0,1,0.111,111.1,2,25,0,0,3,100,0,0,0,0,1,1,100,0,2,0.67,30,3.76,0.639,0,100,0,0,6.2,5.1,6.2,5.06,1.14,0.69,0.56,5.1
2023,146,Odell Beckham,BLT,WR,1,14,LA,42.857142857142854,66.66666666666666,52.1,6,37.5,2,12.5,5.17,0.33,15.5,31,17.2,31,20.8,15.5,15.5,2,100,0,0,0,0,0,0.07,0,0,0,0,2,0.333,118.8,1,8.3,0,0,2,100,0,0,0,0,0,0,0,1,0,0,33.3,4.76,1.592,66.7,33.3,0,0,5.1,5.8,5.1,5.81,-0.71,0.85,0.97,5.8
2023,147,Justin Watson,KC,WR,1,15,NE,3.125,14.285714285714285,68.9,1,9.1,1,9.1,31,1,30,30,48.4,31,36,31,31,1,100,1,1,1,1,0,0.02,0,0,0,0,1,1,118.8,1,11.1,0,0,1,100,1,100,0,0,1,1,100,0,0,0,20,21.81,2.888,0,100,0,0,4.1,2.7,4.1,2.69,1.41,4.1,2.69,2.7
2023,148,Tanner Hudson,CIN,TE,1,13,JAX,16.666666666666664,18.181818181818183,16.7,5,55.6,2,22.2,6.2,0.4,7.5,15,41.7,31,43.1,15.5,15.5,2,100,16,8,16,8,0,0,0,0,0,0,1,0.2,118.8,2,33.3,0,0,2,100,0,50,0,0,0,0,0,0,1,0.5,40,8.32,1.219,0,80,20,0,5.1,3.9,5.1,3.86,1.24,1.02,0.77,3.9
2023,149,Tyler Conklin,NYJ,TE,1,14,HST,14.285714285714285,9.523809523809524,56.1,6,66.7,2,22.2,5,0.33,9.5,19,32.2,30,49.2,15,15,2,100,11,5.5,7,3.5,0,0.01,0,0,0,0,1,0.167,118.8,1,12.5,0,0,2,100,0,50,0,0,1,1,100,1,0,0,28.6,5.63,1.348,33.3,50,16.7,0,5,2.9,5,2.88,2.12,0.83,0.48,2.9
2023,150,Dallas Goedert,PHI,TE,1,15,SEA,30.303030303030305,31.25,84.1,10,83.3,5,41.7,3,0.5,4.4,22,21,30,37.5,6,7.5,4,80,15,3.75,3,0.75,0,0.01,0,0,0,0,1,0.1,91.7,3,30,2,40,4,80,0,0,0,0,0,0,0,0,0,0,45.5,-1.19,0.285,10,80,10,0,7,7.5,7,7.46,-0.46,0.7,0.75,7.5
2023,151,Mecole Hardman,KC,WR,1,18,LAC,100,100,98.3,10,100,6,60,3,0.6,5.67,34,50,30,62.5,5,10,3,50,21,7,7,2.33,0,0.01,0,0,0,0,3,0.3,25,6,60,3,50,4,66.7,1,0,1,16.7,1,1,100,0,1,0.33,60,-1.88,0.175,10,90,0,0,6,6,6,5.95,0.05,0.6,0.6,6
2023,152,Pat Freiermuth,PIT,TE,1,17,SEA,26.923076923076923,20,63.4,7,87.5,2,25,4.29,0.29,3,6,12.2,30,28.6,15,15,2,100,24,12,21,10.5,0,0,0,0,0,0,1,0.143,118.8,2,40,0,0,2,100,0,50,0,0,1,1,100,0,1,0.5,28.6,8.78,0.995,0,57.1,42.9,0,5,2.8,5,2.82,2.18,0.71,0.4,2.8
2023,153,Rondale Moore,ARZ,WR,1,16,CHI,22.22222222222222,27.27272727272727,81.7,8,88.9,3,33.3,3.75,0.38,15.33,46,56.8,30,61.2,10,15,2,66.7,4,2,1,0.5,0,0.01,0,0,0,0,2,0.25,99.3,2,33.3,0,0,3,100,2,50,0,0,1,0,0,0,0,0,37.5,0.39,0.023,12.5,87.5,0,0,5,6.9,5,6.87,-1.87,0.63,0.86,6.9
2023,154,Kyle Pitts,ATL,TE,1,16,IND,18.6046511627907,15.384615384615385,71.9,8,100,2,25,3.75,0.25,15.5,31,64.6,30,50,15,15,2,100,0,0,0,0,1,0.97,100,0,1,1,1,0.125,158.3,2,28.6,0,0,2,100,1,50,0,0,1,1,100,0,0,0,25,6.68,1.128,37.5,50,12.5,0,11,10.1,11,10.07,0.93,1.38,1.26,10.1
2023,155,Elijah Moore,CLV,WR,1,17,NYJ,15,37.5,53.4,6,75,3,37.5,5,0.5,6,18,32.1,30,35.3,10,15,2,66.7,11,5.5,2,1,0,0.56,0,1,0,0,1,0.167,99.3,2,28.6,0,0,3,100,0,50,1,33.3,1,1,100,0,0,0,50,2.76,0.678,33.3,66.7,0,0,5,8.2,5,8.16,-3.16,0.83,1.36,8.2
2023,156,Trey Palmer,TB,WR,1,17,NO,21.428571428571427,33.33333333333333,74,9,81.8,4,36.4,3.33,0.44,15.5,62,43.7,30,28.6,7.5,10,3,75,1,0.33,0,0,1,0.35,50,0,1,1,2,0.222,95.8,3,33.3,1,25,3,75,2,33.3,0,0,2,2,100,0,0,0,44.4,-1.71,0.2,44.4,55.6,0,0,12,6.1,12,6.1,5.9,1.33,0.68,6.1
2023,157,Logan Thomas,WAS,TE,1,16,NYJ,30.303030303030305,36.36363636363637,70.7,10,90.9,4,36.4,2.9,0.4,7,28,45.9,29,43.9,7.25,7.25,4,100,1,0.25,1,0.25,1,0.28,100,1,1,1,1,0.1,136.5,4,40,0,0,4,100,0,0,0,0,2,2,100,0,0,0,36.4,-0.23,0.948,10,90,0,0,12.9,7.3,12.9,7.27,5.63,1.29,0.73,7.3
2023,158,Durham Smythe,MIA,TE,1,16,DAL,18.6046511627907,30,84.4,8,57.1,3,21.4,3.63,0.38,6,18,15,29,29.9,9.67,9.67,3,100,11,3.67,6,2,0,0.06,0,0,0,0,3,0.375,106.9,2,15.4,0,0,3,100,0,0,0,0,0,0,0,0,0,0,30,2.57,0.589,0,75,25,0,5.9,5.9,5.9,5.89,0.01,0.74,0.74,5.9
2023,159,Donald Parham,LAC,TE,1,18,KC,66.66666666666666,66.66666666666666,56.3,8,47.1,2,11.8,3.63,0.25,12.5,25,18.5,29,21.8,14.5,14.5,2,100,4,2,1,0.5,0,0.04,0,0,0,0,2,0.25,118.8,2,12.5,0,0,2,100,0,0,0,0,0,0,0,0,0,0,25,4.99,2.336,12.5,75,12.5,0,4.9,5.1,4.9,5.13,-0.23,0.61,0.64,5.1
2023,160,Nico Collins,HST,WR,1,18,IND,25,12.5,82.1,6,100,1,16.7,4.83,0.17,-2,-2,-4.5,29,64.4,29,29,1,100,31,31,21,21,0,0.01,0,0,0,0,1,0.167,118.8,1,20,1,100,1,100,0,100,0,0,0,0,0,0,2,2,16.7,23.5,2.485,83.3,16.7,0,0,3.9,1.6,3.9,1.62,2.28,0.65,0.27,1.6
2023,161,Jameson Williams,DET,WR,1,16,MIN,24.137931034482758,42.857142857142854,57.1,7,63.6,3,27.3,4.14,0.43,4.33,13,28.9,29,31.2,9.67,9.67,3,100,16,5.33,7,2.33,0,0.03,0,2,0,0,2,0.286,106.9,3,30,1,33.3,3,100,0,0,0,0,1,1,100,0,2,0.67,37.5,3.04,1.111,28.6,71.4,0,0,5.9,5,5.9,5.01,0.89,0.84,0.72,5
2023,162,Dontayvion Wicks,GB,WR,1,16,CAR,10.714285714285714,14.285714285714285,38.1,3,33.3,2,22.2,9.67,0.67,13,26,24.1,29,45.3,14.5,14.5,2,100,3,1.5,0,0,1,0.93,100,0,0,0,1,0.333,158.3,1,12.5,0,0,2,100,1,50,0,0,0,0,0,0,0,0,50,5.59,2.031,0,100,0,0,10.9,10.3,10.9,10.28,0.62,3.63,3.43,10.3
2023,163,Dontayvion Wicks,GB,WR,1,18,CHI,28.57142857142857,21.428571428571427,71.7,8,88.9,3,33.3,3.63,0.38,0.33,1,1.1,29,16.7,9.67,9.67,3,100,28,9.33,8,2.67,1,0.31,100,1,0,0,1,0.125,146.5,3,37.5,2,66.7,3,100,0,0,0,0,0,0,0,0,1,0.33,37.5,3.87,1.284,37.5,62.5,0,0,11.9,6.8,11.9,6.77,5.13,1.49,0.85,6.8
2023,164,DeAndre Hopkins,TEN,WR,1,17,HST,30.23255813953488,36.36363636363637,86.8,13,86.7,4,26.7,2.15,0.31,3,12,13.6,28,23.5,7,7,4,100,16,4,4,1,0,0.01,0,0,0,0,1,0.077,95.8,4,28.6,2,50,4,100,0,0,0,0,0,0,0,0,2,0.5,28.6,0.46,0.443,53.8,46.2,0,0,6.8,7.4,6.8,7.38,-0.58,0.52,0.57,7.4
2023,165,Gerald Everett,LAC,TE,1,15,LV,16.216216216216218,23.076923076923077,61.9,6,54.5,3,27.3,4.67,0.5,2.33,7,19.4,28,41.8,9.33,9.33,3,100,21,7,4,1.33,0,0,0,0,0,0,1,0.167,105.6,2,28.6,0,0,3,100,0,0,0,0,0,0,0,0,0,0,37.5,2.99,0.598,33.3,50,16.7,0,5.8,5.2,5.8,5.19,0.61,0.97,0.87,5.2
2023,166,Courtland Sutton,DEN,WR,1,15,DET,40.74074074074074,66.66666666666666,95.2,11,91.7,2,16.7,2.55,0.18,9,18,17.5,28,30.1,14,14,2,100,10,5,3,1.5,0,0.01,0,0,0,0,2,0.182,118.8,1,10,0,0,2,100,0,0,0,0,0,0,0,0,1,0.5,16.7,6.36,1.211,54.5,45.5,0,0,4.8,4.1,4.8,4.06,0.74,0.44,0.37,4.1
2023,167,Juwan Johnson,NO,TE,1,18,ATL,18.181818181818183,14.285714285714285,45.5,6,75,2,25,4.67,0.33,4,8,8,28,19.7,14,14,2,100,20,10,5,2.5,0,0.01,0,0,0,0,2,0.333,118.8,2,25,0,0,2,100,0,50,0,0,0,0,0,0,0,0,28.6,7.93,1.146,16.7,50,33.3,0,4.8,3.4,4.8,3.41,1.39,0.8,0.57,3.4
2023,168,Nick Westbrook-Ikhine,TEN,WR,1,14,MIA,40,75,89.7,6,75,3,37.5,4.67,0.5,13.33,40,88.9,28,59.6,9.33,14,2,66.7,6,3,0,0,0,0.02,0,0,0,0,1,0.167,96.5,3,42.9,0,0,2,66.7,0,50,0,0,0,0,0,0,0,0,42.9,0.05,0.673,16.7,83.3,0,0,4.8,4.5,4.8,4.49,0.31,0.8,0.75,4.5
2023,169,K.J. Osborn,MIN,WR,1,16,DET,35.294117647058826,33.33333333333333,86.3,12,100,2,16.7,2.33,0.17,7,14,7,28,17.5,14,14,2,100,14,7,3,1.5,0,0.01,0,1,0,0,2,0.167,118.8,1,9.1,0,0,2,100,0,0,0,0,0,0,0,0,0,0,16.7,6.81,1.228,66.7,33.3,0,0,4.8,3.8,4.8,3.85,0.95,0.4,0.32,3.8
2023,170,Cedric Tillman,CLV,WR,1,15,CHI,27.027027027027028,36.36363636363637,71.6,10,66.7,4,26.7,2.8,0.4,9,36,19.4,28,12.9,7,14,2,50,15,7.5,11,5.5,0,0,0,0,0,0,2,0.2,33.3,3,25,0,0,3,75,0,0,0,0,0,0,0,0,1,0.5,36.4,-1,-3.289,40,60,0,0,4.8,5,4.8,5,-0.2,0.48,0.5,5
2023,171,Travis Kelce,KC,TE,1,13,GB,25.53191489361702,20,88.5,12,75,2,12.5,2.25,0.17,17,34,17.1,27,34.2,13.5,27,1,50,4,4,0,0,0,0.04,0,0,0,0,1,0.083,95.8,1,7.7,0,0,2,100,1,100,0,0,1,0,0,0,0,0,12.5,3.28,1.575,25,58.3,16.7,0,3.7,5.5,3.7,5.47,-1.77,0.31,0.46,5.5
2023,172,Chris Moore,TEN,WR,1,15,HST,11.11111111111111,22.22222222222222,60.3,3,42.9,2,28.6,9,0.67,11.5,23,22.5,27,64.3,13.5,13.5,2,100,4,2,4,2,0,0,0,0,0,0,1,0.333,118.8,1,25,0,0,2,100,0,50,0,0,1,1,100,0,0,0,66.7,4.51,1.134,33.3,66.7,0,0,4.7,3.7,4.7,3.71,0.99,1.57,1.24,3.7
2023,173,George Kittle,SF,TE,1,14,SEA,15.909090909090908,12.5,92.5,7,77.8,1,11.1,3.86,0.14,17,17,17.5,27,16.4,27,27,1,100,10,10,9,9,0,0.04,0,0,0,0,1,0.143,118.8,1,16.7,0,0,1,100,0,100,0,0,0,0,0,0,1,1,11.1,15.32,2.13,0,28.6,71.4,0,3.7,3.2,3.7,3.21,0.49,0.53,0.46,3.2
2023,174,Jakobi Meyers,LV,WR,1,17,IND,18.91891891891892,30.76923076923077,94.6,7,100,4,57.1,3.86,0.57,7.25,29,31.5,27,52.9,6.75,13.5,2,50,7,3.5,5,2.5,0,0.01,0,0,0,0,2,0.286,71.9,3,50,0,0,3,75,0,0,0,0,1,0,0,0,1,0.5,57.1,-0.81,-0.21,14.3,85.7,0,0,4.7,5.1,4.7,5.12,-0.42,0.67,0.73,5.1
2023,175,Cole Kmet,CHI,TE,1,18,GB,3.7037037037037033,7.6923076923076925,71.7,1,33.3,1,33.3,27,1,24,24,48,27,60,27,27,1,100,3,3,1,1,0,0.03,0,0,0,0,1,1,118.8,0,0,0,0,1,100,1,100,0,0,1,1,100,0,0,0,50,11.56,1.799,0,100,0,0,3.7,2.2,3.7,2.22,1.48,3.7,2.22,2.2
2023,176,Jaylen Waddle,MIA,WR,1,14,TEN,30,37.5,82.6,9,75,3,25,3,0.33,6.33,19,21.1,27,26.5,9,13.5,2,66.7,15,7.5,1,0.5,0,0,0,0,0,0,1,0.111,95.1,3,33.3,0,0,2,66.7,0,0,0,0,0,0,0,0,0,0,33.3,2.01,-0.174,44.4,55.6,0,0,4.7,3.6,4.7,3.65,1.05,0.52,0.41,3.6
2023,177,DeVonta Smith,PHI,WR,1,15,SEA,21.62162162162162,16.666666666666664,95.7,8,66.7,2,16.7,3.38,0.25,12.5,25,23.8,27,33.8,13.5,13.5,2,100,2,1,2,1,0,0.04,0,0,0,0,2,0.25,118.8,2,20,0,0,2,100,0,0,0,0,0,0,0,0,0,0,16.7,4.73,1.255,50,50,0,0,4.7,5,4.7,5,-0.3,0.59,0.63,5
2023,178,Amon-Ra St. Brown,DET,WR,1,18,MIN,9.090909090909092,16.129032258064516,71.4,5,83.3,5,83.3,5.4,1,3.8,19,100,27,75,5.4,6.75,4,80,13,3.25,3,0.75,0,0.02,0,0,0,0,2,0.4,89.2,4,80,1,20,4,80,0,0,0,0,0,0,0,0,1,0.25,100,-0.77,-0.075,0,100,0,0,6.7,7.6,6.7,7.55,-0.85,1.34,1.51,7.6
2023,179,Britain Covey,PHI,WR,1,18,NYG,87.5,80,53.8,7,46.7,4,26.7,3.86,0.57,10.75,43,31.6,27,22.9,6.75,13.5,2,50,13,6.5,8,4,0,0.02,0,1,1,0,2,0.286,71.9,4,28.6,1,25,2,50,1,50,0,0,0,0,0,0,1,0.5,40,-1.97,0.011,0,100,0,0,4.7,4.3,4.7,4.27,0.43,0.67,0.61,4.3
2023,180,Isaiah Likely,BLT,TE,1,18,PIT,14.705882352941178,8.333333333333332,33.3,5,50,1,10,5.4,0.2,16,16,22.5,27,35.1,27,27,1,100,11,11,11,11,1,0.17,100,0,0,0,1,0.2,158.3,1,11.1,0,0,1,100,0,100,0,0,1,1,100,0,1,1,20,16.81,3.962,20,80,0,0,9.7,2.9,9.7,2.9,6.8,1.94,0.58,2.9
2023,181,Parker Washington,JAX,WR,1,14,CLV,20,13.333333333333334,60.8,9,64.3,2,14.3,3,0.22,13.5,27,21.1,27,24.5,13.5,13.5,2,100,2,1,0,0,1,0.54,50,1,1,1,1,0.111,158.3,2,14.3,0,0,2,100,1,0,0,0,1,1,100,1,0,0,20,4.41,0.21,55.6,44.4,0,0,9.7,6.3,9.7,6.29,3.41,1.19,0.7,6.3
2023,182,Allen Robinson,PIT,WR,1,16,CIN,14.285714285714285,16.666666666666664,67.2,3,75,2,50,8.67,0.67,9,18,24.3,26,100,13,13,2,100,8,4,4,2,0,0.02,0,0,0,0,2,0.667,118.8,2,50,0,0,2,100,0,0,0,0,0,0,0,0,0,0,66.7,5.36,0.952,33.3,66.7,0,0,4.6,4.5,4.6,4.45,0.15,1.53,1.48,4.5
2023,183,Curtis Samuel,WAS,WR,1,17,SF,21.875,18.75,48.8,7,58.3,3,25,3.71,0.43,9,27,29.7,26,24.8,8.67,13,2,66.7,7,3.5,2,1,0,0.01,0,0,0,0,1,0.143,93.8,3,37.5,1,33.3,2,66.7,1,50,0,0,0,0,0,0,0,0,37.5,0.54,0.234,28.6,71.4,0,0,4.6,5.1,4.6,5.1,-0.5,0.66,0.73,5.1
2023,184,Jonnu Smith,ATL,TE,1,16,IND,19.444444444444446,26.666666666666668,68.8,7,87.5,4,50,3.71,0.57,1.5,6,12.5,26,43.3,6.5,8.67,3,75,28,9.33,11,3.67,0,0.01,0,0,0,0,2,0.286,91.7,3,42.9,1,25,3,75,0,0,0,0,0,0,0,0,2,0.67,57.1,0.24,0.585,0,71.4,28.6,0,5.6,5,5.6,5.01,0.59,0.8,0.72,5
2023,185,Christian Kirk,JAX,WR,1,13,CIN,100,100,1.5,1,7.1,1,7.1,26,1,22,22,28.2,26,19.3,26,26,1,100,4,4,1,1,0,0.04,0,0,0,0,1,1,118.8,1,9.1,0,0,1,100,1,100,0,0,0,0,0,0,0,0,100,14.08,1.555,0,100,0,0,3.6,3.7,3.6,3.72,-0.12,3.6,3.72,3.7
2023,186,Diontae Johnson,PIT,WR,1,13,ARZ,11.428571428571429,16.666666666666664,74.1,4,80,1,20,6.5,0.25,23,23,51.1,26,48.1,26,26,1,100,3,3,0,0,0,0.1,0,0,0,0,1,0.25,118.8,1,25,0,0,1,100,1,100,0,0,0,0,0,0,0,0,25,15.78,1.897,75,25,0,0,3.6,3.6,3.6,3.63,-0.03,0.9,0.91,3.6
2023,187,Trey Palmer,TB,WR,1,16,JAX,28.57142857142857,33.33333333333333,53.4,12,85.7,4,28.6,2.17,0.33,3.75,15,19.2,26,26.3,6.5,13,2,50,23,11.5,5,2.5,0,0,0,0,0,0,1,0.083,70.8,4,30.8,1,25,2,50,0,0,0,0,0,0,0,0,1,0.5,33.3,0.14,-0.041,16.7,83.3,0,0,4.6,3.4,4.6,3.43,1.17,0.38,0.29,3.4
2023,188,Alex Erickson,LAC,WR,1,18,KC,22.916666666666664,25,67.5,11,64.7,3,17.6,2.27,0.27,5,15,11.1,25,18.8,8.33,25,1,33.3,18,18,5,5,0,0.02,0,0,0,0,1,0.091,64.6,3,18.8,0,0,3,100,0,100,1,33.3,1,0,0,0,0,0,23.1,1.95,-0.211,54.5,45.5,0,0,3.5,4.8,3.5,4.83,-1.33,0.32,0.44,4.8
2023,189,Tanner Hudson,CIN,TE,1,15,MIN,23.333333333333332,27.27272727272727,36.2,7,41.2,3,17.6,3.57,0.43,6,18,13.7,25,18.8,8.33,8.33,3,100,7,2.33,4,1.33,0,0.01,0,1,0,0,2,0.286,101.4,2,15.4,0,0,3,100,0,0,0,0,0,0,0,0,0,0,42.9,1.29,0.558,28.6,57.1,14.3,0,5.5,5.6,5.5,5.62,-0.12,0.79,0.8,5.6
2023,190,Deonte Harty,BUF,WR,1,14,KC,20,100,4.1,1,6.7,1,6.7,25,1,21,21,33.9,25,26.3,25,25,1,100,4,4,0,0,0,0.01,0,0,0,0,1,1,118.8,0,0,0,0,1,100,1,100,0,0,0,0,0,0,0,0,100,13.76,2.629,0,100,0,0,3.5,3.4,3.5,3.4,0.1,3.5,3.4,3.4
2023,191,Juwan Johnson,NO,TE,1,16,LA,33.33333333333333,35.714285714285715,72.4,11,73.3,5,33.3,2.27,0.45,11.4,57,44.5,25,41.7,5,12.5,2,40,11,5.5,10,5,1,0.33,100,1,1,1,2,0.182,56.3,5,33.3,0,0,3,60,0,100,0,0,1,0,0,0,3,1.5,45.5,-3.68,-0.684,0,100,0,0,10.5,5.2,10.5,5.22,5.28,0.95,0.47,5.2
2023,192,Amon-Ra St. Brown,DET,WR,1,13,NO,21.818181818181817,16.129032258064516,78.6,12,100,5,41.7,2.08,0.42,7.6,38,36.2,25,33.3,5,25,1,20,20,20,20,20,1,0.46,50,1,1,0,1,0.083,87.5,3,33.3,1,20,2,40,0,100,0,0,1,1,100,0,1,1,41.7,-2.35,-0.002,50,50,0,0,9.5,5,9.5,4.99,4.51,0.79,0.42,5
2023,193,Romeo Doubs,GB,WR,1,16,CAR,13.636363636363635,25,87.3,6,66.7,1,11.1,4.17,0.17,6,6,5.6,25,39.1,25,25,1,100,19,19,18,18,0,0,0,0,0,0,1,0.167,118.8,1,12.5,0,0,1,100,0,100,0,0,0,0,0,0,1,1,12.5,18.05,2.248,83.3,16.7,0,0,3.5,1.8,3.5,1.82,1.68,0.58,0.3,1.8
2023,194,Robert Woods,HST,WR,1,15,TEN,30.76923076923077,33.33333333333333,79.2,8,72.7,3,27.3,3,0.38,12.33,37,56.1,24,64.9,8,12,2,66.7,3,1.5,2,1,0,0.01,0,0,0,0,1,0.125,91,3,42.9,0,0,2,66.7,0,0,0,0,0,0,0,0,0,0,37.5,-1.15,0.255,37.5,62.5,0,0,4.4,4.5,4.4,4.53,-0.13,0.55,0.57,4.5
2023,195,Davante Adams,LV,WR,1,17,IND,16.666666666666664,20,97.3,6,85.7,2,28.6,4,0.33,19,38,41.3,24,47.1,12,24,1,50,1,1,0,0,0,0.01,0,0,0,0,1,0.167,93.8,2,33.3,0,0,2,100,1,100,0,0,1,0,0,0,0,0,33.3,1.69,0.757,33.3,66.7,0,0,3.4,4.8,3.4,4.82,-1.42,0.57,0.8,4.8
2023,196,Tyreek Hill,MIA,WR,1,16,DAL,26.08695652173913,21.052631578947366,84.4,12,85.7,4,28.6,2,0.33,12.5,50,41.7,24,24.7,6,12,2,50,15,7.5,1,0.5,0,0.44,0,0,0,0,2,0.167,68.8,4,30.8,1,25,3,75,1,0,1,25,0,0,0,0,0,0,30.8,-2.51,0.454,58.3,41.7,0,0,4.4,10.4,4.4,10.4,-6,0.37,0.87,10.4
2023,197,Hunter Henry,NE,TE,1,15,KC,31.25,42.857142857142854,72.5,5,71.4,3,42.9,4.8,0.6,8.33,25,69.4,24,60,8,12,2,66.7,2,1,0,0,0,0,0,0,0,0,2,0.4,91,2,33.3,0,0,3,100,0,0,0,0,2,1,50,0,0,0,50,0.15,0.645,0,100,0,0,4.4,4.8,4.4,4.76,-0.36,0.88,0.95,4.8
2023,198,Dallas Goedert,PHI,TE,1,17,ARZ,21.21212121212121,25,93.6,7,87.5,4,50,3.43,0.57,5.75,23,18.3,24,32.4,6,6,4,100,3,0.75,3,0.75,1,0.99,33.3,1,1,1,2,0.286,131.3,1,20,0,0,4,100,0,0,0,0,0,0,0,0,0,0,57.1,-1.05,0.867,14.3,85.7,0,0,12.4,13.2,12.4,13.16,-0.76,1.77,1.88,13.2
2023,199,Jordan Akins,CLV,TE,1,18,CIN,40,71.42857142857143,64.2,6,85.7,5,71.4,4,0.83,4.8,24,30,24,100,4.8,8,3,60,10,3.33,2,0.67,0,0.01,0,0,0,0,2,0.333,72.1,5,71.4,1,20,4,80,0,0,0,0,3,2,66.7,0,0,0,83.3,-1.78,-0.143,0,83.3,16.7,0,5.4,4.4,5.4,4.43,0.97,0.9,0.74,4.4
2023,200,T.J. Hockenson,MIN,TE,1,15,CIN,28.57142857142857,22.22222222222222,86.6,6,100,2,33.3,4,0.33,6.5,13,15.5,24,40.7,12,12,2,100,11,5.5,4,2,0,0,0,0,0,0,1,0.167,116.7,2,40,0,0,2,100,0,0,0,0,0,0,0,0,0,0,33.3,4.8,1.31,33.3,33.3,33.3,0,4.4,3.7,4.4,3.74,0.66,0.73,0.62,3.7
2023,201,Ja'Marr Chase,CIN,WR,1,15,MIN,30.555555555555557,25,71,11,64.7,2,11.8,2.18,0.18,10.5,21,16,24,18,12,12,2,100,3,1.5,2,1,0,0,0,0,0,0,1,0.091,116.7,2,15.4,1,50,2,100,1,50,0,0,0,0,0,0,0,0,15.4,2.95,0.471,54.5,45.5,0,0,4.4,3.7,4.4,3.68,0.72,0.4,0.33,3.7
2023,202,Bo Melton,GB,WR,1,18,CHI,27.27272727272727,14.285714285714285,75,6,66.7,1,11.1,4,0.17,10,10,11.1,24,13.8,24,24,1,100,14,14,3,3,0,0,0,0,0,0,1,0.167,118.8,1,12.5,0,0,1,100,0,100,0,0,0,0,0,0,0,0,12.5,16.5,1.123,83.3,16.7,0,0,3.4,2.2,3.4,2.22,1.18,0.57,0.37,2.2
2023,203,Malik Heath,GB,WR,1,15,TB,23.076923076923077,33.33333333333333,32.8,6,60,2,20,4,0.33,10.5,21,20.2,24,17.5,12,12,2,100,3,1.5,1,0.5,0,0.01,0,0,0,0,0,0,116.7,1,12.5,0,0,2,100,0,0,0,0,0,0,0,1,0,0,33.3,3.77,0.923,50,50,0,0,4.4,4.3,4.4,4.28,0.12,0.73,0.71,4.3
2023,204,Nelson Agholor,BLT,WR,1,18,PIT,29.411764705882355,30.76923076923077,100,10,100,4,40,2.3,0.4,3.25,13,18.3,23,29.9,5.75,5.75,4,100,10,2.5,3,0.75,0,0.01,0,0,0,0,2,0.2,90.6,4,44.4,1,25,4,100,0,0,0,0,1,1,100,0,0,0,40,-0.4,0.624,20,80,0,0,6.3,6.3,6.3,6.34,-0.04,0.63,0.63,6.3
2023,205,Alex Erickson,LAC,WR,1,13,NE,2.083333333333333,8.333333333333332,13.1,1,33.3,1,33.3,23,1,23,23,57.5,23,82.1,23,23,1,100,0,0,0,0,0,0.17,0,0,0,0,1,1,118.8,1,50,0,0,1,100,1,100,0,0,0,0,0,0,0,0,100,12.78,2.616,0,100,0,0,3.3,4.5,3.3,4.53,-1.23,3.3,4.53,4.5
2023,206,Alex Erickson,LAC,WR,1,16,BUF,10.416666666666668,8.333333333333332,53.8,5,50,1,10,4.6,0.2,21,21,21.9,23,26.4,23,23,1,100,2,2,0,0,0,0.03,0,0,0,0,1,0.2,118.8,1,11.1,0,0,1,100,1,100,0,0,0,0,0,0,0,0,14.3,11.76,1.831,40,60,0,0,3.3,3.6,3.3,3.57,-0.27,0.66,0.71,3.6
2023,207,Demarcus Robinson,LA,WR,1,15,WAS,15.686274509803921,20,94.5,8,100,1,12.5,2.88,0.13,28,28,23.1,23,19.2,23,23,1,100,0,0,0,0,1,0.87,50,0,1,1,1,0.125,158.3,1,16.7,0,0,1,100,1,100,0,0,0,0,0,0,0,0,12.5,11.92,3.404,50,50,0,0,9.3,8.5,9.3,8.49,0.81,1.16,1.06,8.5
2023,208,Tyler Boyd,CIN,WR,1,17,KC,17.647058823529413,6.25,69,6,75,1,12.5,3.83,0.17,23,23,28,23,41.1,23,23,1,100,0,0,0,0,0,0.02,0,0,0,0,1,0.167,118.8,1,16.7,0,0,1,100,1,100,0,0,0,0,0,0,0,0,16.7,12.78,3.35,0,100,0,0,3.3,3.7,3.3,3.66,-0.36,0.55,0.61,3.7
2023,209,Tyler Higbee,LA,TE,1,15,WAS,20.689655172413794,33.33333333333333,61.6,6,75,2,25,3.83,0.33,9.5,19,15.7,23,19.2,11.5,11.5,2,100,4,2,1,0.5,0,0.02,0,0,0,0,1,0.167,114.6,1,16.7,0,0,2,100,0,0,0,0,0,0,0,1,0,0,28.6,3.12,1.279,0,66.7,33.3,0,4.3,4.6,4.3,4.63,-0.33,0.72,0.77,4.6
2023,210,Zay Jones,JAX,WR,1,13,CIN,21.73913043478261,28.57142857142857,92.6,10,71.4,2,14.3,2.3,0.2,12.5,25,32.1,23,17,11.5,23,1,50,1,1,0,0,0,0.01,0,0,0,0,1,0.1,91.7,2,18.2,0,0,2,100,1,100,1,50,0,0,0,0,0,0,14.3,2.81,-0.048,50,50,0,0,3.3,5.3,3.3,5.34,-2.04,0.33,0.53,5.3
2023,211,Dawson Knox,BUF,TE,1,14,KC,33.33333333333333,66.66666666666666,43.8,5,33.3,2,13.3,4.6,0.4,9,18,29,23,24.2,11.5,11.5,2,100,5,2.5,1,0.5,0,0,0,0,0,0,2,0.4,114.6,2,15.4,0,0,2,100,0,0,0,0,0,0,0,0,0,0,18.2,3.48,0.981,20,60,20,0,4.3,4.3,4.3,4.3,0,0.86,0.86,4.3
2023,212,Cole Kmet,CHI,TE,1,15,CLV,48.148148148148145,69.23076923076923,85.7,13,86.7,9,60,1.77,0.69,14.22,128,66,23,44.2,2.56,4.6,5,55.6,14,2.8,7,1.4,1,1.21,100,1,3,1,2,0.154,58.3,4,40,0,0,8,88.9,2,0,1,11.1,2,0,0,0,1,0.2,60,-4.7,0.069,0,76.9,23.1,0,13.3,19.5,13.3,19.54,-6.24,1.02,1.5,19.5
2023,213,Amon-Ra St. Brown,DET,WR,1,17,DAL,25.454545454545453,9.67741935483871,98.5,14,100,3,21.4,1.64,0.21,11.67,35,29.7,23,22.5,7.67,23,1,33.3,7,7,3,3,0,0.01,0,0,0,0,1,0.071,61.8,3,23.1,0,0,2,66.7,0,100,0,0,1,0,0,0,1,1,21.4,-1.07,-0.076,57.1,42.9,0,0,3.3,4,3.3,3.98,-0.68,0.24,0.28,4
2023,214,Stone Smartt,LAC,TE,1,16,BUF,15.384615384615385,20,32.3,2,20,1,10,11.5,0.5,21,21,21.9,23,26.4,23,23,1,100,2,2,0,0,0,0.02,0,0,0,0,1,0.5,118.8,1,11.1,0,0,1,100,1,100,0,0,0,0,0,0,0,0,50,10.04,2.471,0,100,0,0,3.3,3.1,3.3,3.12,0.18,1.65,1.56,3.1
2023,215,Jordan Addison,MIN,WR,1,17,GB,20.588235294117645,33.33333333333333,92.3,7,100,2,28.6,3.29,0.29,8.5,17,37,23,59,11.5,11.5,2,100,6,3,2,1,0,0,0,0,0,0,1,0.143,114.6,1,20,0,0,2,100,0,50,0,0,0,0,0,0,0,0,28.6,3.87,0.036,42.9,57.1,0,0,4.3,4.2,4.3,4.21,0.09,0.61,0.6,4.2
2023,216,Rashee Rice,KC,WR,1,16,LV,14.000000000000002,21.052631578947366,74.3,7,77.8,4,44.4,3.29,0.57,10.25,41,65.1,23,41.1,5.75,11.5,2,50,12,6,8,4,0,0,0,1,1,0,2,0.286,67.7,2,50,0,0,2,50,1,0,0,0,0,0,0,0,1,0.5,57.1,-2.73,-0.066,28.6,71.4,0,0,4.3,3.8,4.3,3.82,0.48,0.61,0.55,3.8
2023,217,Jauan Jennings,SF,WR,1,15,ARZ,35,20,40.7,7,77.8,1,11.1,3.14,0.14,13,13,13.7,22,16.7,22,22,1,100,9,9,9,9,0,0,0,0,0,0,1,0.143,118.8,1,16.7,0,0,1,100,0,100,0,0,0,0,0,0,1,1,14.3,13.09,0.405,71.4,28.6,0,0,3.2,2.6,3.2,2.57,0.63,0.46,0.37,2.6
2023,218,Brandon Aiyuk,SF,WR,1,15,ARZ,15.909090909090908,8.333333333333332,81.5,7,77.8,1,11.1,3.14,0.14,10,10,10.5,22,16.7,22,22,1,100,12,12,7,7,0,0.01,0,0,0,0,1,0.143,118.8,1,16.7,0,0,1,100,0,100,0,0,0,0,0,0,0,0,14.3,14.5,2.069,71.4,28.6,0,0,3.2,2.4,3.2,2.39,0.81,0.46,0.34,2.4
2023,219,Brandon Aiyuk,SF,WR,1,16,BLT,29.545454545454547,8.333333333333332,94.1,13,86.7,1,6.7,1.69,0.08,14,14,17.7,22,19.8,22,22,1,100,8,8,6,6,0,0,0,0,0,0,1,0.077,118.8,0,0,0,0,1,100,0,100,0,0,0,0,0,0,0,0,7.1,12.19,2.708,92.3,7.7,0,0,3.2,2.6,3.2,2.59,0.61,0.25,0.2,2.6
2023,220,Samori Toure,GB,WR,1,14,NYG,57.14285714285714,60,27.3,4,26.7,3,20,5.5,0.75,10.33,31,33.7,22,36.1,7.33,11,2,66.7,13,6.5,3,1.5,0,0.76,0,1,1,0,1,0.25,88.2,2,15.4,0,0,3,100,1,0,0,0,0,0,0,0,0,0,60,-0.78,0.57,25,75,0,0,4.2,10.2,4.2,10.25,-6.05,1.05,2.56,10.2
2023,221,Drake London,ATL,WR,1,17,CHI,18,23.076923076923077,83.1,9,100,3,33.3,2.44,0.33,16.33,49,40.5,22,61.1,7.33,22,1,33.3,4,4,0,0,0,0,0,0,0,0,1,0.111,60.4,3,42.9,0,0,2,66.7,1,100,0,0,0,0,0,0,0,0,33.3,-2.76,0.231,44.4,55.6,0,0,3.2,4.7,3.2,4.72,-1.52,0.36,0.52,4.7
2023,222,Isaiah Likely,BLT,TE,1,16,SF,23.52941176470588,25,74.6,8,66.7,3,25,2.75,0.38,11.67,35,42.7,22,26.8,7.33,11,2,66.7,6,3,4,2,0,0.25,0,1,0,0,0,0,88.2,1,12.5,0,0,2,66.7,0,0,0,0,0,0,0,0,0,0,33.3,-1.63,0.19,0,62.5,37.5,0,4.2,5.3,4.2,5.31,-1.11,0.53,0.66,5.3
2023,223,Allen Robinson,PIT,WR,1,14,NE,23.809523809523807,25,59.1,5,55.6,3,33.3,4.2,0.6,16.33,49,57.6,21,46.7,7,21,1,33.3,5,5,2,2,0,0.01,0,0,0,0,1,0.2,59,3,50,0,0,2,66.7,1,100,0,0,1,0,0,0,0,0,60,-2.34,-0.811,40,60,0,0,3.1,3.5,3.1,3.47,-0.37,0.62,0.69,3.5
2023,224,Tyler Lockett,SEA,WR,1,13,DAL,26.31578947368421,27.27272727272727,87.5,10,90.9,3,27.3,2.1,0.3,12.33,37,42,21,36.2,7,10.5,2,66.7,4,2,0,0,0,0.03,0,0,0,0,1,0.1,86.8,3,27.3,0,0,3,100,1,0,1,33.3,0,0,0,0,0,0,27.3,-1.61,0.605,50,50,0,0,4.1,7.7,4.1,7.7,-3.6,0.41,0.77,7.7
2023,225,Tyler Higbee,LA,TE,1,13,CLV,37.93103448275862,33.33333333333333,66.1,11,78.6,2,14.3,1.91,0.18,2.5,5,4.4,21,13.4,10.5,21,1,50,19,19,2,2,0,0,0,0,0,0,1,0.091,87.5,2,16.7,0,0,2,100,0,100,0,0,1,0,0,0,0,0,18.2,4.15,0.552,9.1,18.2,72.7,0,3.1,2.7,3.1,2.69,0.41,0.28,0.24,2.7
2023,226,Tanner Hudson,CIN,TE,1,14,IND,10,18.181818181818183,22.8,3,75,2,50,7,0.67,7.5,15,93.8,21,75,10.5,10.5,2,100,6,3,3,1.5,1,0.65,100,1,0,0,2,0.667,150,2,50,0,0,2,100,0,0,0,0,0,0,0,0,0,0,66.7,3.38,1.855,0,100,0,0,10.1,7.8,10.1,7.84,2.26,3.37,2.61,7.8
2023,227,Gabe Davis,BUF,WR,1,17,NE,38.70967741935484,60,91.2,12,85.7,3,21.4,1.75,0.25,8.33,25,13.7,21,15.8,7,10.5,2,66.7,2,1,0,0,0,0.03,0,0,0,0,1,0.083,86.8,3,23.1,0,0,2,66.7,0,0,0,0,0,0,0,0,0,0,23.1,-0.71,0.29,75,25,0,0,4.1,5.1,4.1,5.1,-1,0.34,0.42,5.1
2023,228,Adam Trautman,DEN,TE,1,18,LV,18.181818181818183,20,50.8,2,28.6,1,14.3,10.5,0.5,9,9,11.7,21,21,21,21,1,100,12,12,1,1,0,0,0,0,0,0,1,0.5,118.8,1,16.7,0,0,1,100,0,100,0,0,0,0,0,0,1,1,33.3,13.74,1.454,0,100,0,0,3.1,2.1,3.1,2.09,1.01,1.55,1.04,2.1
2023,229,Pat Freiermuth,PIT,TE,1,18,BLT,15.384615384615385,20,61.3,4,80,2,40,5.25,0.5,6,12,41.4,21,60,10.5,10.5,2,100,9,4.5,1,0.5,0,0,0,0,0,0,1,0.25,110.4,2,50,0,0,2,100,0,0,0,0,0,0,0,0,0,0,50,3.61,0.861,0,75,25,0,4.1,3.6,4.1,3.63,0.47,1.02,0.91,3.6
2023,230,Elijah Higgins,ARZ,TE,1,13,PIT,8.333333333333332,16.666666666666664,31.7,1,11.1,1,11.1,21,1,5,5,5,21,35,21,21,1,100,16,16,8,8,0,0,0,0,0,0,1,1,118.8,1,14.3,0,0,1,100,0,100,0,0,0,0,0,0,0,0,100,14.52,1.913,0,100,0,0,3.1,1.7,3.1,1.74,1.36,3.1,1.74,1.7
2023,231,Elijah Higgins,ARZ,TE,1,17,PHI,25,33.33333333333333,36.1,3,30,2,20,7,0.67,7.5,15,25,21,18.1,10.5,10.5,2,100,6,3,4,2,0,0.01,0,0,0,0,2,0.667,110.4,2,22.2,0,0,2,100,0,0,0,0,0,0,0,0,0,0,66.7,3.1,1.181,33.3,66.7,0,0,4.1,4,4.1,3.98,0.12,1.37,1.33,4
2023,232,Zay Flowers,BLT,WR,1,14,LA,46.875,33.33333333333333,97.2,15,93.8,4,25,1.4,0.27,23,92,51.1,21,14.1,5.25,21,1,25,0,0,0,0,1,0.83,50,1,1,1,1,0.067,88.5,3,25,0,0,2,50,3,100,1,25,0,0,0,0,0,0,25,-5.82,0.618,66.7,33.3,0,0,9.1,8.7,9.1,8.7,0.4,0.61,0.58,8.7
2023,233,Logan Thomas,WAS,TE,1,17,SF,27.27272727272727,36.36363636363637,58.1,9,75,4,33.3,2.22,0.44,4.75,19,20.9,20,19,5,6.67,3,75,8,2.67,4,1.33,0,0,0,0,0,0,0,0,85.4,2,25,0,0,3,75,0,0,0,0,0,0,0,0,0,0,40,-1.54,0.002,22.2,66.7,11.1,0,5,4.5,5,4.55,0.45,0.56,0.51,4.5
2023,234,D.J. Chark,CAR,WR,1,16,GB,33.33333333333333,42.857142857142854,73,13,92.9,3,21.4,1.54,0.23,19,57,34.8,20,14.9,6.67,20,1,33.3,2,2,1,1,0,0.01,0,0,0,0,1,0.077,57.6,3,25,0,0,1,33.3,1,100,0,0,0,0,0,0,0,0,23.1,-3.28,0.072,61.5,38.5,0,0,3,3.1,3,3.05,-0.05,0.23,0.23,3.1
2023,235,Calvin Ridley,JAX,WR,1,15,BLT,17.142857142857142,50,91.8,12,85.7,5,35.7,1.67,0.42,17.6,88,51.5,20,18,4,10,2,40,0,0,1,0.5,0,0.5,0,1,2,0,1,0.083,52.1,5,41.7,0,0,3,60,3,0,0,0,0,0,0,0,0,0,38.5,-6.24,0.12,50,50,0,0,4,8.8,4,8.81,-4.81,0.33,0.73,8.8
2023,236,T.J. Hockenson,MIN,TE,1,16,DET,33.33333333333333,22.22222222222222,41.2,7,58.3,2,16.7,2.86,0.29,7,14,7,20,12.5,10,10,2,100,6,3,2,1,0,0,0,0,0,0,0,0,108.3,2,18.2,0,0,2,100,0,0,0,0,0,0,0,0,0,0,28.6,2.59,0.153,28.6,57.1,14.3,0,4,3.8,4,3.83,0.17,0.57,0.55,3.8
2023,237,Kenny Yeboah,NYJ,TE,1,17,CLV,50,100,35.3,2,16.7,1,8.3,10,0.5,8,8,13.8,20,18.3,20,20,1,100,12,12,3,3,0,0.01,0,0,0,0,1,0.5,118.8,1,11.1,0,0,1,100,0,100,0,0,0,0,0,0,0,0,50,12.28,-1.675,0,50,50,0,3,2,3,2.03,0.97,1.5,1.02,2
2023,238,Dontayvion Wicks,GB,WR,1,14,NYG,28.57142857142857,21.428571428571427,63.6,8,53.3,3,20,2.5,0.38,14.33,43,46.7,20,32.8,6.67,10,2,66.7,2,1,2,1,0,0.01,0,0,0,0,2,0.25,45.8,3,23.1,0,0,2,66.7,1,0,0,0,0,0,0,0,0,0,33.3,-2.81,0.095,25,75,0,0,4,4.6,4,4.62,-0.62,0.5,0.58,4.6
2023,239,Cedric Tillman,CLV,WR,1,13,LA,18.91891891891892,27.27272727272727,92.8,7,100,3,42.9,2.86,0.43,11.33,34,30.9,20,76.9,6.67,10,2,66.7,3,1.5,1,0.5,0,0,0,0,0,0,0,0,85.4,2,33.3,0,0,2,66.7,0,0,0,0,0,0,0,0,0,0,42.9,-2.36,-0.205,28.6,71.4,0,0,4,4,4,4,0,0.57,0.57,4
2023,240,Allen Robinson,PIT,WR,1,13,ARZ,14.285714285714285,25,53.4,3,60,3,60,6.33,1,5.67,17,37.8,19,35.2,6.33,6.33,3,100,2,0.67,2,0.67,0,0,0,0,0,0,0,0,93.1,3,75,0,0,3,100,0,0,0,0,0,0,0,0,0,0,100,-0.35,0.202,0,100,0,0,4.9,5.4,4.9,5.37,-0.47,1.63,1.79,5.4
2023,241,Allen Robinson,PIT,WR,1,15,IND,23.809523809523807,25,64.8,5,83.3,3,50,3.8,0.6,4.67,14,24.1,19,65.5,6.33,6.33,3,100,5,1.67,4,1.33,0,0.01,0,0,0,0,0,0,93.1,1,25,0,0,3,100,0,0,0,0,0,0,0,0,0,0,60,-0.02,0.255,20,80,0,0,4.9,5.4,4.9,5.38,-0.48,0.98,1.08,5.4
2023,242,Darren Waller,NYG,TE,1,17,LA,36,33.33333333333333,67.2,9,90,3,30,2.11,0.33,10,30,58.8,19,38.8,6.33,9.5,2,66.7,7,3.5,6,3,0,0,0,0,0,0,1,0.111,84,2,50,0,0,2,66.7,0,0,0,0,0,0,0,0,0,0,30,-2.59,0.352,22.2,66.7,11.1,0,3.9,3.5,3.9,3.55,0.35,0.43,0.39,3.5
2023,243,Jonnu Smith,ATL,TE,1,14,TB,30.555555555555557,33.33333333333333,68.1,11,73.3,5,33.3,1.73,0.45,3.2,16,14.5,19,14.5,3.8,6.33,3,60,11,3.67,6,2,0,0.02,0,0,0,0,1,0.091,67.9,4,28.6,1,20,5,100,0,0,0,0,2,0,0,0,0,0,41.7,-2.52,-0.176,18.2,81.8,0,0,4.9,7.3,4.9,7.33,-2.43,0.45,0.67,7.3
2023,244,Cooper Kupp,LA,WR,1,17,NYG,10.526315789473683,13.333333333333334,98.4,6,100,4,66.7,3.17,0.67,6.5,26,83.9,19,70.4,4.75,6.33,3,75,10,3.33,4,1.33,1,0.93,100,1,0,0,1,0.167,124,4,80,0,0,3,75,0,0,0,0,0,0,0,0,0,0,66.7,-2.47,0.177,0,100,0,0,10.9,10.2,10.9,10.24,0.66,1.82,1.71,10.2
2023,245,Keelan Doss,LAC,WR,1,17,DEN,72.22222222222221,100,74.6,13,81.3,7,43.8,1.46,0.54,8.71,61,42.1,19,19.2,2.71,4.75,4,57.1,13,3.25,2,0.5,0,0.01,0,1,1,0,1,0.077,62.2,7,46.7,0,0,6,85.7,1,0,1,14.3,0,0,0,0,0,0,50,-4.62,-0.257,15.4,84.6,0,0,5.9,11.7,5.9,11.72,-5.82,0.45,0.9,11.7
2023,246,Jalen Guyton,LAC,WR,1,15,LV,46.666666666666664,66.66666666666666,49.2,7,63.6,2,18.2,2.71,0.29,1,2,5.6,19,28.4,9.5,9.5,2,100,17,8.5,3,1.5,0,0,0,0,0,0,2,0.286,106.3,1,14.3,1,50,2,100,0,0,0,0,0,0,0,0,0,0,28.6,3.73,1.143,42.9,57.1,0,0,3.9,3.5,3.9,3.47,0.43,0.56,0.5,3.5
2023,247,Kyle Pitts,ATL,TE,1,18,NO,13.953488372093023,15.384615384615385,63.3,6,66.7,2,22.2,3.17,0.33,18.5,37,42.5,19,16.2,9.5,19,1,50,0,0,0,0,0,0,0,0,0,0,1,0.167,43.8,1,12.5,0,0,1,50,0,0,0,0,0,0,0,0,0,0,33.3,-2.28,-1.765,16.7,66.7,16.7,0,2.9,3.1,2.9,3.07,-0.17,0.48,0.51,3.1
2023,248,Trey McBride,ARZ,TE,1,16,CHI,21.951219512195124,31.57894736842105,96.7,9,100,6,66.7,2.11,0.67,5.83,35,43.2,19,38.8,3.17,4.75,4,66.7,5,1.25,2,0.5,0,0.01,0,0,0,0,0,0,70.8,4,66.7,0,0,5,83.3,0,0,0,0,0,0,0,0,0,0,66.7,-3.97,-0.295,0,100,0,0,5.9,8.7,5.9,8.68,-2.78,0.66,0.96,8.7
2023,249,Will Mallory,IND,TE,1,14,CIN,27.77777777777778,33.33333333333333,31.7,5,45.5,3,27.3,3.8,0.6,3.67,11,17.5,19,26,6.33,6.33,3,100,8,2.67,5,1.67,0,0,0,0,0,0,0,0,93.1,3,37.5,1,33.3,3,100,0,0,0,0,0,0,0,0,0,0,60,0.09,0.027,20,80,0,0,4.9,5.1,4.9,5.12,-0.22,0.98,1.02,5.1
2023,250,Will Mallory,IND,TE,1,17,LV,11.11111111111111,11.11111111111111,15.1,2,50,1,25,9.5,0.5,9,9,20.9,19,22.4,19,19,1,100,10,10,2,2,0,0,0,0,0,0,1,0.5,118.8,1,50,0,0,1,100,0,0,0,0,0,0,0,0,0,0,50,11.74,2.574,0,50,50,0,2.9,2.2,2.9,2.15,0.75,1.45,1.08,2.2
2023,251,Michael Wilson,ARZ,WR,1,17,PHI,21.62162162162162,40,87.5,8,80,2,20,2.38,0.25,5.5,11,18.3,19,16.4,9.5,9.5,2,100,8,4,4,2,0,0.02,0,0,0,0,1,0.125,106.3,2,22.2,0,0,2,100,0,0,0,0,0,0,0,0,0,0,22.2,2.84,0.58,75,25,0,0,3.9,3.7,3.9,3.67,0.23,0.49,0.46,3.7
2023,252,Puka Nacua,LA,WR,1,18,SF,9.803921568627452,15.384615384615385,43.5,5,55.6,2,22.2,3.8,0.4,12.5,25,44.6,19,43.2,9.5,19,1,50,0,0,0,0,1,0.98,100,1,1,1,1,0.2,122.9,2,25,0,0,2,100,1,0,0,0,0,0,0,0,0,0,40,0.86,1.438,60,40,0,0,8.9,10,8.9,9.96,-1.06,1.78,1.99,10
2023,253,Jayden Reed,GB,WR,1,14,NYG,27.500000000000004,32,68.2,11,73.3,8,53.3,1.73,0.73,1.13,9,9.8,19,31.1,2.38,3.17,6,75,31,5.17,5,0.83,0,0.76,0,2,1,0,1,0.091,77.1,7,53.8,4,50,7,87.5,1,0,0,0,0,0,0,0,0,0,72.7,-3.2,-0.099,27.3,72.7,0,0,7.9,15.2,7.9,15.21,-7.31,0.72,1.38,15.2
2023,254,Robert Woods,HST,WR,1,17,TEN,15.384615384615385,11.11111111111111,63.9,4,50,1,12.5,4.5,0.25,-6,-6,-46.2,18,32.1,18,18,1,100,24,24,22,22,0,0,0,0,0,0,1,0.25,118.8,1,12.5,1,100,1,100,0,0,0,0,0,0,0,0,1,1,20,14.26,1.398,50,50,0,0,2.8,1.4,2.8,1.43,1.37,0.7,0.36,1.4
2023,255,Nelson Agholor,BLT,WR,1,17,MIA,17.647058823529413,15.384615384615385,43.6,6,75,2,25,3,0.33,4,8,6.8,18,9,9,9,2,100,10,5,5,2.5,0,0,0,0,0,0,1,0.167,104.2,1,14.3,0,0,2,100,0,0,0,0,0,0,0,0,1,0.5,33.3,2.95,0.251,50,50,0,0,3.8,3.4,3.8,3.4,0.4,0.63,0.57,3.4
2023,256,Stefon Diggs,BUF,WR,1,18,MIA,30.952380952380953,23.076923076923077,88.3,13,92.9,3,21.4,1.38,0.23,2.33,7,7.8,18,10.1,6,6,3,100,11,3.67,5,1.67,0,0,0,0,0,0,0,0,91.7,3,23.1,1,33.3,3,100,0,0,0,0,0,0,0,0,1,0.33,23.1,0.03,0.236,38.5,61.5,0,0,4.8,5,4.8,5.04,-0.24,0.37,0.39,5
2023,257,Mo Alie-Cox,IND,TE,1,15,PIT,33.33333333333333,50,52.3,2,33.3,1,16.7,9,0.5,15,15,48.4,18,34,18,18,1,100,3,3,0,0,1,0.73,50,1,0,0,1,0.5,158.3,1,25,0,0,1,100,0,0,0,0,0,0,0,0,0,0,33.3,7.36,1.809,0,50,50,0,8.8,6.9,8.8,6.86,1.94,4.4,3.43,6.9
2023,258,Curtis Samuel,WAS,WR,1,15,LA,21.875,37.5,70.7,7,100,6,85.7,2.57,0.86,6,36,90,18,72,3,6,3,50,9,3,1,0.33,1,0.84,100,2,2,1,1,0.143,95.8,5,100,1,16.7,3,50,0,0,0,0,1,1,100,0,0,0,85.7,-3.74,0.29,0,100,0,0,10.8,8.5,10.8,8.51,2.29,1.54,1.22,8.5
2023,259,Tyler Conklin,NYJ,TE,1,15,MIA,19.047619047619047,19.047619047619047,63.6,8,72.7,4,36.4,2.25,0.5,5.25,21,29.2,18,34,4.5,6,3,75,2,0.67,0,0,0,0,0,0,0,0,2,0.25,83.3,2,22.2,0,0,3,75,0,0,0,0,0,0,0,0,0,0,50,-2.13,0.45,12.5,87.5,0,0,4.8,5.3,4.8,5.33,-0.53,0.6,0.67,5.3
2023,260,Equanimeous St. Brown,CHI,WR,1,18,GB,22.22222222222222,100,50,2,66.7,1,33.3,9,0.5,14,14,28,18,40,18,18,1,100,4,4,3,3,0,0,0,0,0,0,1,0.5,118.8,1,100,0,0,1,100,0,0,0,0,0,0,0,0,0,0,33.3,8.19,1.305,50,50,0,0,2.8,2.6,2.8,2.57,0.23,1.4,1.29,2.6
2023,261,Justin Watson,KC,WR,1,14,BUF,25,14.285714285714285,54.8,8,57.1,1,7.1,2.25,0.13,18,18,11.1,18,20,18,18,1,100,0,0,0,0,0,0,0,0,0,0,1,0.125,118.8,1,7.7,0,0,1,100,0,0,0,0,0,0,0,0,0,0,11.1,7.1,1.199,75,25,0,0,2.8,2.9,2.8,2.93,-0.13,0.35,0.37,2.9
2023,262,Justin Watson,KC,WR,1,16,LV,25,28.57142857142857,63.5,8,88.9,2,22.2,2.25,0.25,7.5,15,23.8,18,32.1,9,9,2,100,4,2,0,0,1,0.22,100,1,1,1,2,0.25,143.8,0,0,0,0,2,100,0,0,0,0,1,1,100,0,0,0,25,1.71,1.999,37.5,62.5,0,0,9.8,3.8,9.8,3.77,6.03,1.23,0.47,3.8
2023,263,D.J. Chark,CAR,WR,1,14,NO,25.64102564102564,28.57142857142857,87.3,10,83.3,2,16.7,1.8,0.2,20.5,41,17.2,18,24.7,9,18,1,50,3,3,0,0,0,0.02,0,0,0,0,1,0.1,81.3,1,9.1,0,0,2,100,1,0,1,50,0,0,0,0,0,0,20,-2.71,-0.767,60,40,0,0,2.8,5,2.8,4.97,-2.17,0.28,0.5,5
2023,264,KhaDarel Hodge,ATL,WR,1,14,TB,30,100,33.3,3,20,1,6.7,6,0.33,6,6,5.5,18,13.7,18,18,1,100,12,12,1,1,0,0,0,0,0,0,1,0.333,118.8,1,7.1,0,0,1,100,0,0,0,0,0,0,0,0,0,0,20,11.05,1.051,33.3,66.7,0,0,2.8,1.8,2.8,1.83,0.97,0.93,0.61,1.8
2023,265,Diontae Johnson,PIT,WR,1,17,SEA,22.857142857142858,33.33333333333333,57.7,8,100,2,25,2.25,0.25,4.5,9,18.4,18,17.1,9,9,2,100,9,4.5,10,5,0,0.06,0,1,0,0,2,0.25,104.2,1,20,0,0,2,100,0,0,0,0,0,0,0,0,1,0.5,25,2.79,1.488,62.5,37.5,0,0,3.8,3.7,3.8,3.74,0.06,0.47,0.47,3.7
2023,266,Colby Parkinson,SEA,TE,1,17,PIT,14.285714285714285,25,57.1,1,14.3,1,14.3,18,1,17,17,22.1,18,45,18,18,1,100,1,1,0,0,0,0.19,0,0,0,0,1,1,118.8,1,16.7,0,0,1,100,0,0,0,0,1,1,100,0,0,0,50,6.32,1.712,0,100,0,0,2.8,2.7,2.8,2.74,0.06,2.8,2.74,2.7
2023,267,Brycen Hopkins,LA,TE,1,18,SF,66.66666666666666,100,24.2,4,44.4,2,22.2,4.5,0.5,10,20,35.7,18,40.9,9,18,1,50,11,11,5,5,0,0,0,0,0,0,1,0.25,81.3,2,25,0,0,1,50,0,0,0,0,0,0,0,0,0,0,50,0.36,-0.636,25,75,0,0,2.8,1.9,2.8,1.9,0.9,0.7,0.48,1.9
2023,268,Ihmir Smith-Marsette,CAR,WR,1,16,GB,23.076923076923077,14.285714285714285,33.3,3,21.4,1,7.1,6,0.33,8,8,4.9,18,13.4,18,18,1,100,10,10,9,9,0,0,0,0,0,0,1,0.333,118.8,1,8.3,0,0,1,100,0,0,0,0,0,0,0,0,0,0,33.3,10.49,1.039,66.7,33.3,0,0,2.8,2,2.8,1.97,0.83,0.93,0.66,2
2023,269,Kadarius Toney,KC,WR,1,14,BUF,46.15384615384615,40,41.9,6,42.9,2,14.3,3,0.33,5,10,6.2,18,20,9,9,2,100,8,4,2,1,0,0,0,0,0,0,1,0.167,104.2,2,15.4,0,0,2,100,0,0,0,0,0,0,0,0,0,0,33.3,2.5,0.819,33.3,66.7,0,0,3.8,3.6,3.8,3.55,0.25,0.63,0.59,3.6
2023,270,Stone Smartt,LAC,TE,1,17,DEN,23.076923076923077,20,28.6,3,18.8,1,6.3,6,0.33,11,11,7.6,18,18.2,18,18,1,100,7,7,7,7,0,0,0,0,0,0,1,0.333,118.8,1,6.7,0,0,1,100,0,0,0,0,0,0,0,0,1,1,25,9.26,1.327,33.3,66.7,0,0,2.8,2.3,2.8,2.31,0.49,0.93,0.77,2.3
2023,271,Lucas Krull,DEN,TE,1,15,DET,34.61538461538461,40,45.2,9,75,2,16.7,2,0.22,25.5,51,49.5,18,19.4,9,18,1,50,2,2,0,0,0,0.13,0,0,0,0,1,0.111,81.3,2,20,0,0,2,100,1,0,0,0,1,0,0,0,0,0,22.2,3.9,0.458,44.4,22.2,33.3,0,2.8,5.2,2.8,5.21,-2.41,0.31,0.58,5.2
2023,272,Garrett Wilson,NYJ,WR,1,15,MIA,18.181818181818183,5.88235294117647,92.7,10,90.9,1,9.1,1.8,0.1,4,4,5.6,18,34,18,18,1,100,14,14,14,14,0,0,0,0,0,0,1,0.1,118.8,1,11.1,0,0,1,100,0,0,0,0,0,0,0,0,2,2,10,11.95,1.528,60,40,0,0,2.8,1.7,2.8,1.69,1.11,0.28,0.17,1.7
2023,273,Jaxon Smith-Njigba,SEA,WR,1,13,DAL,22.22222222222222,35.714285714285715,65.6,8,72.7,5,45.5,2.25,0.63,9.2,46,52.3,18,31,3.6,9,2,40,10,5,1,0.5,0,0.01,0,1,1,0,2,0.25,50.4,5,45.5,0,0,3,60,0,0,0,0,1,0,0,0,0,0,55.6,-4.23,-0.435,25,75,0,0,3.8,4.5,3.8,4.47,-0.67,0.47,0.56,4.5
2023,274,Tre Tucker,LV,WR,1,18,DEN,36.84210526315789,40,63.6,7,70,2,20,2.57,0.29,10,20,19.2,18,20,9,9,2,100,-2,-1,0,0,0,0,0,0,0,0,1,0.143,104.2,2,20,0,0,2,100,0,0,0,0,0,0,0,0,0,0,28.6,1.12,0.519,71.4,28.6,0,0,3.8,4.3,3.8,4.26,-0.46,0.54,0.61,4.3
2023,275,Derius Davis,LAC,WR,1,18,KC,50,50,23.8,2,11.8,1,5.9,9,0.5,4,4,3,18,13.5,18,18,1,100,14,14,3,3,0,0,0,0,0,0,0,0,118.8,1,6.3,0,0,1,100,0,0,0,0,0,0,0,0,0,0,50,11.95,0.192,0,100,0,0,2.8,1.7,2.8,1.74,1.06,1.4,0.87,1.7
2023,276,Julian Hill,MIA,TE,1,13,WAS,14.285714285714285,100,32.2,1,9.1,1,9.1,18,1,7,7,29.2,18,16.4,18,18,1,100,11,11,7,7,0,0.15,0,0,0,0,1,1,118.8,0,0,0,0,1,100,0,0,0,0,0,0,0,0,0,0,33.3,10.69,1.83,0,100,0,0,2.8,2.8,2.8,2.83,-0.03,2.8,2.83,2.8
2023,277,Rashee Rice,KC,WR,1,15,NE,16,15.789473684210526,91.8,8,72.7,3,27.3,2.25,0.38,1.67,5,8.1,18,20.9,6,6,3,100,13,4.33,1,0.33,0,0.01,0,0,0,0,1,0.125,91.7,3,33.3,2,66.7,3,100,0,0,0,0,0,0,0,0,0,0,27.3,0.02,0.563,50,50,0,0,4.8,5.6,4.8,5.57,-0.77,0.6,0.7,5.6
2023,278,Ty Montgomery,NE,WR,1,14,PIT,100,100,10.9,3,50,1,16.7,5.67,0.33,5,5,6.8,17,13.9,17,17,1,100,12,12,2,2,0,0,0,0,0,0,1,0.333,118.8,1,20,0,0,1,100,0,0,0,0,0,0,0,0,0,0,33.3,10.64,1.364,0,100,0,0,2.7,1.7,2.7,1.75,0.95,0.9,0.58,1.7
2023,279,Noah Brown,HST,WR,1,15,TEN,34.78260869565217,80,84.7,8,72.7,4,36.4,2.13,0.5,6.25,25,37.9,17,45.9,4.25,5.67,3,75,11,3.67,8,2.67,1,0.99,100,3,2,1,1,0.125,121.9,1,14.3,0,0,3,75,0,0,0,0,1,1,100,0,0,0,44.4,-2.95,0.689,50,50,0,0,10.7,9.7,10.7,9.67,1.03,1.34,1.21,9.7
2023,280,Marquez Valdes-Scantling,KC,WR,1,15,NE,9.375,12.5,32.8,3,27.3,1,9.1,5.67,0.33,15,15,24.2,17,19.8,17,17,1,100,2,2,0,0,0,0.01,0,0,0,0,1,0.333,118.8,0,0,0,0,1,100,0,0,0,0,0,0,0,0,0,0,33.3,6.59,1.151,66.7,33.3,0,0,2.7,2.9,2.7,2.89,-0.19,0.9,0.96,2.9
2023,281,Calvin Ridley,JAX,WR,1,18,TEN,21.428571428571427,30,84.8,15,88.2,3,17.6,1.13,0.2,17,51,37.2,17,14.8,5.67,8.5,2,66.7,7,3.5,2,1,0,0.03,0,0,0,0,1,0.067,81.3,3,25,0,0,2,66.7,1,0,0,0,0,0,0,0,0,0,20,-3.58,0.438,60,40,0,0,3.7,3.7,3.7,3.73,-0.03,0.25,0.25,3.7
2023,282,Ja'Marr Chase,CIN,WR,1,17,KC,19.444444444444446,25,73.2,7,87.5,2,25,2.43,0.29,6.5,13,15.9,17,30.4,8.5,8.5,2,100,4,2,0,0,0,0.01,0,0,0,0,1,0.143,102.1,1,16.7,0,0,2,100,0,0,0,0,0,0,0,0,0,0,28.6,2.03,0.458,71.4,28.6,0,0,3.7,4.1,3.7,4.08,-0.38,0.53,0.58,4.1
2023,283,Jalen Tolbert,DAL,WR,1,13,SEA,15,50,35.4,6,35.3,1,5.9,2.83,0.17,17,17,14.2,17,12.3,17,17,1,100,0,0,0,0,0,0.04,0,0,0,0,1,0.167,118.8,0,0,0,0,1,100,0,0,0,0,0,0,0,0,0,0,16.7,5.33,1.253,66.7,33.3,0,0,2.7,3,2.7,3.04,-0.34,0.45,0.51,3
2023,284,Jake Ferguson,DAL,TE,1,17,DET,20.588235294117645,15.789473684210526,88.7,14,93.3,3,20,1.21,0.21,7.33,22,13.2,17,13.4,5.67,8.5,2,66.7,15,7.5,3,1.5,0,0,0,0,0,0,0,0,81.3,1,9.1,0,0,2,66.7,1,0,0,0,0,0,0,0,0,0,21.4,-2.14,-0.305,14.3,85.7,0,0,3.7,3.4,3.7,3.39,0.31,0.26,0.24,3.4
2023,285,Charlie Kolar,BLT,TE,1,16,SF,18.181818181818183,25,27,2,16.7,1,8.3,8.5,0.5,17,17,20.7,17,20.7,17,17,1,100,0,0,0,0,0,0.01,0,0,0,0,1,0.5,118.8,0,0,0,0,1,100,0,0,0,0,0,0,0,0,0,0,33.3,5.32,0.795,0,50,50,0,2.7,2.9,2.7,2.94,-0.24,1.35,1.47,2.9
2023,286,Jaxon Smith-Njigba,SEA,WR,1,14,SF,22.22222222222222,28.57142857142857,72.7,8,80,4,40,2.13,0.5,1.5,6,13,17,23.9,4.25,8.5,2,50,23,11.5,5,2.5,0,0.01,0,0,0,0,1,0.125,61.5,3,50,2,50,4,100,0,0,1,25,1,0,0,0,0,0,44.4,-1.6,-0.782,25,75,0,0,3.7,5.9,3.7,5.85,-2.15,0.46,0.73,5.9
2023,287,Demario Douglas,NE,WR,1,15,KC,20,18.75,70.6,6,85.7,3,42.9,2.83,0.5,4,12,33.3,17,42.5,5.67,8.5,2,66.7,14,7,6,3,0,0.01,0,0,0,0,1,0.167,81.3,3,50,1,33.3,2,66.7,0,0,0,0,0,0,0,0,1,0.5,42.9,-0.65,-0.335,33.3,66.7,0,0,3.7,3.3,3.7,3.28,0.42,0.62,0.55,3.3
2023,288,Adam Thielen,CAR,WR,1,15,ATL,9.090909090909092,17.647058823529413,95.2,4,80,3,60,4,0.75,10.33,31,100,16,114.3,5.33,16,1,33.3,1,1,0,0,0,0.02,0,1,0,0,1,0.25,52.1,3,60,0,0,1,33.3,0,0,0,0,0,0,0,0,0,0,75,-3.31,-0.323,0,100,0,0,2.6,2.7,2.6,2.66,-0.06,0.65,0.66,2.7
2023,289,Laquon Treadwell,BLT,WR,1,18,PIT,100,100,75.4,8,80,1,10,2,0.13,16,16,22.5,16,20.8,16,16,1,100,0,0,0,0,0,0,0,0,0,0,1,0.125,118.8,1,11.1,0,0,1,100,0,0,0,0,1,1,100,0,0,0,11.1,5.9,1.822,75,25,0,0,2.6,1.4,2.6,1.42,1.18,0.33,0.18,1.4
2023,290,Curtis Samuel,WAS,WR,1,16,NYJ,25,18.75,63.8,8,72.7,3,27.3,2,0.38,0,0,0,16,24.2,5.33,16,1,33.3,19,19,5,5,0,0,0,0,0,0,1,0.125,52.1,3,30,2,66.7,2,66.7,0,0,1,33.3,0,0,0,0,0,0,33.3,-0.27,-0.008,37.5,62.5,0,0,2.6,3.1,2.6,3.05,-0.45,0.33,0.38,3.1
2023,291,Josh Reynolds,DET,WR,1,16,MIN,12.5,25,59.7,5,45.5,1,9.1,3.2,0.2,13,13,28.9,16,17.2,16,16,1,100,3,3,1,1,0,0,0,0,0,0,1,0.2,118.8,1,10,0,0,1,100,0,0,0,0,0,0,0,0,0,0,16.7,7.09,0.995,40,60,0,0,2.6,2.4,2.6,2.4,0.2,0.52,0.48,2.4
2023,292,Ray-Ray McCloud,SF,WR,1,18,LA,100,100,58.6,5,100,3,60,3.2,0.6,10.67,32,56.1,16,76.2,5.33,8,2,66.7,16,8,2,1,0,0.26,0,0,0,0,1,0.2,79.9,2,50,1,33.3,3,100,1,0,1,33.3,1,0,0,1,0,0,60,-1.5,0.267,0,100,0,0,3.6,7.6,3.6,7.62,-4.02,0.72,1.52,7.6
2023,293,Durham Smythe,MIA,TE,1,14,TEN,18.6046511627907,20,78.3,8,66.7,2,16.7,2,0.25,7,14,15.6,16,15.7,8,8,2,100,2,1,1,0.5,0,0.01,0,0,0,0,0,0,100,2,22.2,0,0,2,100,0,0,0,0,1,1,100,0,0,0,22.2,0.69,0.424,37.5,50,12.5,0,3.6,3.2,3.6,3.23,0.37,0.45,0.4,3.2
2023,294,A.J. Brown,PHI,WR,1,17,ARZ,18.181818181818183,12.5,93.6,8,100,1,12.5,2,0.13,12,12,9.5,16,21.6,16,16,1,100,4,4,2,2,0,0,0,0,0,0,1,0.125,118.8,1,20,0,0,1,100,0,0,0,0,0,0,0,0,0,0,12.5,6.95,0.983,62.5,37.5,0,0,2.6,2.3,2.6,2.35,0.25,0.33,0.29,2.3
2023,295,Michael Pittman,IND,WR,1,18,HST,24.137931034482758,28.57142857142857,100,7,100,2,28.6,2.29,0.29,4.5,9,18.8,16,22.9,8,8,2,100,7,3.5,1,0.5,0,0,0,0,0,0,1,0.143,100,1,25,0,0,2,100,0,0,0,0,0,0,0,0,0,0,28.6,1.8,0.699,71.4,28.6,0,0,3.6,3.6,3.6,3.6,0,0.51,0.51,3.6
2023,296,Darnell Mooney,CHI,WR,1,14,DET,36.666666666666664,38.46153846153847,89.4,11,100,5,45.5,1.45,0.45,12.8,64,58.2,16,20.5,3.2,16,1,20,0,0,1,1,0,0.05,0,1,0,0,1,0.091,40.4,4,44.4,0,0,4,80,1,0,2,40,0,0,0,0,0,0,45.5,-4.76,-0.323,27.3,72.7,0,0,2.6,8.9,2.6,8.9,-6.3,0.24,0.81,8.9
2023,297,Jerry Jeudy,DEN,WR,1,14,LAC,15.789473684210526,21.052631578947366,56.1,6,85.7,4,57.1,2.67,0.67,8,32,66.7,16,22.9,4,8,2,50,13,6.5,4,2,0,0.57,0,1,1,0,0,0,60.4,3,50,1,25,3,75,0,0,0,0,0,0,0,0,0,0,57.1,-3.72,-0.029,0,100,0,0,3.6,8.1,3.6,8.06,-4.46,0.6,1.34,8.1
2023,298,Jake Ferguson,DAL,TE,1,18,WAS,14.705882352941178,5.263157894736842,71,10,83.3,1,8.3,1.6,0.1,5,5,6.3,16,23.9,16,16,1,100,11,11,2,2,0,0.04,0,1,0,0,0,0,118.8,0,0,0,0,1,100,0,0,0,0,0,0,0,0,0,0,9.1,9.52,1.698,20,60,20,0,2.6,2,2.6,2.05,0.55,0.26,0.2,2
2023,299,Dontayvion Wicks,GB,WR,1,13,KC,10.714285714285714,21.428571428571427,39.7,3,21.4,3,21.4,5.33,1,6,18,22,16,20.3,5.33,8,2,66.7,11,5.5,10,5,0,0.02,0,1,0,0,1,0.333,79.9,2,18.2,1,33.3,2,66.7,0,0,0,0,0,0,0,0,0,0,60,-2.01,0.35,0,100,0,0,3.6,3.5,3.6,3.52,0.08,1.2,1.17,3.5
2023,300,Jayden Reed,GB,WR,1,13,KC,20,16,47.6,8,57.1,4,28.6,2,0.5,6.5,26,31.7,16,20.3,4,5.33,3,75,18,6,3,1,0,0.03,0,1,0,0,0,0,81.3,3,27.3,2,50,3,75,1,0,0,0,0,0,0,0,0,0,44.4,-2.75,-0.229,37.5,62.5,0,0,4.6,4.9,4.6,4.88,-0.28,0.57,0.61,4.9
2023,301,Randall Cobb,NYJ,WR,1,14,HST,20,33.33333333333333,18.2,1,11.1,1,11.1,15,1,5,5,8.5,15,24.6,15,15,1,100,10,10,0,0,1,0.44,100,1,0,0,1,1,158.3,1,12.5,0,0,1,100,0,0,0,0,0,0,0,0,0,0,50,8.64,1.801,0,100,0,0,8.5,4.6,8.5,4.56,3.94,8.5,4.56,4.6
2023,302,Travis Kelce,KC,TE,1,15,NE,17.02127659574468,30,75.4,8,72.7,3,27.3,1.88,0.38,4.67,14,22.6,15,17.4,5,7.5,2,66.7,21,10.5,5,2.5,0,0.01,0,1,1,0,1,0.125,78.5,2,22.2,2,66.7,2,66.7,1,0,0,0,0,0,0,0,0,0,27.3,-2.83,0.044,12.5,87.5,0,0,3.5,3.2,3.5,3.2,0.3,0.44,0.4,3.2
2023,303,Stefon Diggs,BUF,WR,1,14,KC,26.190476190476193,38.46153846153847,79.5,11,73.3,5,33.3,1.36,0.45,-1.8,-9,-14.5,15,15.8,3,5,3,60,18,6,4,1.33,0,0.05,0,0,0,0,1,0.091,64.6,5,38.5,4,80,5,100,0,0,2,40,0,0,0,0,0,0,38.5,-2.04,-0.153,45.5,54.5,0,0,4.5,8,4.5,8.03,-3.53,0.41,0.73,8
2023,304,Dallas Goedert,PHI,TE,1,16,NYG,21.21212121212121,18.75,85.1,7,58.3,3,25,2.14,0.43,3.67,11,16.4,15,15.2,5,7.5,2,66.7,10,5,5,2.5,0,0.04,0,1,1,0,1,0.143,78.5,3,30,1,33.3,2,66.7,0,0,0,0,0,0,0,0,0,0,27.3,-1.29,0.083,14.3,57.1,28.6,0,3.5,3.7,3.5,3.68,-0.18,0.5,0.53,3.7
2023,305,Mike Gesicki,NE,TE,1,16,DEN,30.76923076923077,28.57142857142857,66.1,8,88.9,2,22.2,1.88,0.25,12.5,25,26.9,15,16.1,7.5,7.5,2,100,-1,-0.5,-1,-0.5,1,0.87,100,1,1,1,1,0.125,137.5,1,14.3,0,0,2,100,1,0,0,0,1,1,100,0,0,0,25,-1.62,1.722,25,75,0,0,9.5,8.4,9.5,8.41,1.09,1.19,1.05,8.4
2023,306,Trenton Irwin,CIN,WR,1,16,PIT,25,75,42.6,3,27.3,3,27.3,5,1,2.33,7,10.6,15,16.7,5,5,3,100,8,2.67,4,1.33,0,0.12,0,2,0,0,0,0,87.5,3,27.3,1,33.3,3,100,0,0,0,0,1,1,100,0,1,0.33,75,-0.97,0.191,0,100,0,0,4.5,4.2,4.5,4.22,0.28,1.5,1.41,4.2
2023,307,Terry McLaurin,WAS,WR,1,18,DAL,14.285714285714285,33.33333333333333,87.8,5,62.5,1,12.5,3,0.2,-3,-3,-7,15,41.7,15,15,1,100,18,18,10,10,0,0,0,0,0,0,1,0.2,118.8,1,12.5,1,100,1,100,0,0,0,0,0,0,0,0,1,1,16.7,10.06,-0.021,40,60,0,0,2.5,1.5,2.5,1.52,0.98,0.5,0.3,1.5
2023,308,Quez Watkins,PHI,WR,1,13,SF,22.58064516129032,25,62.3,7,77.8,2,22.2,2.14,0.29,28,56,67.5,15,42.9,7.5,15,1,50,0,0,0,0,0,0.12,0,0,0,0,1,0.143,75,2,28.6,0,0,2,100,1,0,0,0,2,1,50,0,0,0,28.6,-5.2,0.05,28.6,71.4,0,0,2.5,4,2.5,3.99,-1.49,0.36,0.57,4
2023,309,Jerry Jeudy,DEN,WR,1,16,NE,15.789473684210526,5.263157894736842,73.8,6,100,1,16.7,2.5,0.17,2,2,2.3,15,36.6,15,15,1,100,13,13,8,8,0,0,0,0,0,0,1,0.167,118.8,0,0,0,0,1,100,0,0,0,0,0,0,0,0,1,1,16.7,9.67,0.731,50,33.3,0,16.7,2.5,1.7,2.5,1.7,0.8,0.42,0.28,1.7
2023,310,Stephen Sullivan,CAR,TE,1,16,GB,27.77777777777778,50,20.6,5,35.7,3,21.4,3,0.6,8.67,26,15.9,15,11.2,5,7.5,2,66.7,1,0.5,1,0.5,0,0,0,0,0,0,0,0,78.5,3,25,0,0,3,100,0,0,0,0,1,0,0,1,0,0,60,-2.5,-0.003,40,60,0,0,3.5,5,3.5,5,-1.5,0.7,1,5
2023,311,Kylen Granson,IND,TE,1,16,ATL,15.789473684210526,16.666666666666664,41.2,3,27.3,1,9.1,5,0.33,12,12,9.8,15,23.8,15,15,1,100,3,3,2,2,0,0,0,0,0,0,1,0.333,118.8,1,11.1,0,0,1,100,0,0,0,0,1,1,100,1,0,0,33.3,6.33,2.153,33.3,66.7,0,0,2.5,1.7,2.5,1.72,0.78,0.83,0.57,1.7
2023,312,Rondale Moore,ARZ,WR,1,17,PHI,19.444444444444446,18.181818181818183,65.3,7,70,2,20,2.14,0.29,4.5,9,15,15,12.9,7.5,7.5,2,100,6,3,-1,-0.5,0,0.01,0,0,0,0,1,0.143,97.9,2,22.2,1,50,2,100,0,0,0,0,0,0,0,0,0,0,28.6,0.8,0.266,28.6,71.4,0,0,3.5,3.9,3.5,3.89,-0.39,0.5,0.56,3.9
2023,313,Tyler Scott,CHI,WR,1,15,CLV,36.36363636363637,20,52.9,12,80,1,6.7,1.25,0.08,1,1,0.5,15,28.8,15,15,1,100,14,14,5,5,0,0,0,0,0,0,1,0.083,118.8,1,10,0,0,1,100,0,0,0,0,0,0,0,0,1,1,7.7,9.88,1.03,75,25,0,0,2.5,1.7,2.5,1.65,0.85,0.21,0.14,1.7
2023,314,Tucker Kraft,GB,TE,1,18,CHI,13.043478260869565,25,90,6,66.7,1,11.1,2.5,0.17,5,5,5.6,15,8.6,15,15,1,100,10,10,0,0,0,0.01,0,0,0,0,1,0.167,118.8,0,0,0,0,1,100,0,0,0,0,0,0,0,0,0,0,12.5,8.52,0.776,33.3,33.3,33.3,0,2.5,1.9,2.5,1.9,0.6,0.42,0.32,1.9
2023,315,Michael Mayer,LV,TE,1,15,LAC,40,66.66666666666666,65.1,4,57.1,2,28.6,3.75,0.5,5.5,11,14.9,15,24.6,7.5,7.5,2,100,4,2,3,1.5,0,0.02,0,0,0,0,2,0.5,97.9,0,0,0,0,2,100,0,0,0,0,0,0,0,0,0,0,50,0.81,1.794,25,75,0,0,3.5,3.6,3.5,3.56,-0.06,0.88,0.89,3.6
2023,316,Adam Thielen,CAR,WR,1,17,JAX,11.363636363636363,5.88235294117647,94.3,5,62.5,1,12.5,2.8,0.2,3,3,12,14,63.6,14,14,1,100,11,11,2,2,0,0.01,0,0,0,0,1,0.2,118.8,1,16.7,0,0,1,100,0,0,0,0,0,0,0,0,0,0,16.7,8.55,4.141,40,60,0,0,2.4,1.7,2.4,1.69,0.71,0.48,0.34,1.7
2023,317,Robert Woods,HST,WR,1,16,CLV,26.923076923076923,44.44444444444444,83.8,7,70,4,40,2,0.57,4.75,19,32.8,14,32.6,3.5,7,2,50,9,4.5,5,2.5,0,0.03,0,1,0,0,1,0.143,58.3,4,40,0,0,3,75,0,0,0,0,1,0,0,0,0,0,50,-2.75,-0.607,0,100,0,0,3.4,4.8,3.4,4.77,-1.37,0.49,0.68,4.8
2023,318,Chris Moore,TEN,WR,1,18,JAX,11.11111111111111,22.22222222222222,63.6,3,60,2,40,4.67,0.67,6.5,13,27.1,14,26.9,7,7,2,100,1,0.5,0,0,0,0.01,0,0,0,0,1,0.333,95.8,1,33.3,0,0,2,100,0,0,0,0,0,0,0,0,0,0,50,0.06,1.033,33.3,66.7,0,0,3.4,3.7,3.4,3.7,-0.3,1.13,1.23,3.7
2023,319,Tyler Conklin,NYJ,TE,1,13,ATL,23.809523809523807,28.57142857142857,73.1,10,66.7,6,40,1.4,0.6,16.33,98,57.6,14,15.4,2.33,14,1,16.7,1,1,0,0,0,0,0,1,0,0,1,0.1,39.6,6,46.2,0,0,2,33.3,3,0,1,16.7,0,0,0,0,0,0,50,-6.97,-0.315,30,60,10,0,2.4,5.1,2.4,5.12,-2.72,0.24,0.51,5.1
2023,320,Dalton Schultz,HST,TE,1,16,CLV,29.166666666666668,40,77.9,7,70,2,20,2,0.29,5,10,17.2,14,32.6,7,7,2,100,4,2,4,2,0,0.01,0,0,0,0,0,0,95.8,2,20,0,0,2,100,0,0,0,0,0,0,0,0,0,0,22.2,0.19,-0.709,14.3,42.9,42.9,0,3.4,3.7,3.4,3.65,-0.25,0.49,0.52,3.7
2023,321,D.J. Montgomery,IND,WR,1,15,PIT,23.076923076923077,66.66666666666666,63.1,3,50,2,33.3,4.67,0.67,4.5,9,29,14,26.4,7,14,1,50,11,11,0,0,1,0.03,50,1,0,0,1,0.333,112.5,0,0,0,0,2,100,0,0,0,0,1,0,0,0,0,0,50,0.8,0.455,33.3,66.7,0,0,8.4,2.9,8.4,2.92,5.48,2.8,0.97,2.9
2023,322,Greg Dortch,ARZ,WR,1,18,SEA,19.51219512195122,28.57142857142857,66.7,8,100,2,25,1.75,0.25,3.5,7,9.6,14,20.9,7,7,2,100,7,3.5,1,0.5,0,0,0,0,0,0,0,0,95.8,1,20,0,0,2,100,0,0,0,0,0,0,0,0,0,0,25,1.15,0.138,62.5,37.5,0,0,3.4,3.4,3.4,3.43,-0.03,0.42,0.43,3.4
2023,323,Drew Sample,CIN,TE,1,16,PIT,21.052631578947366,100,54.1,4,36.4,1,9.1,3.5,0.25,4,4,6.1,14,15.6,14,14,1,100,10,10,5,5,0,0,0,0,0,0,1,0.25,118.8,1,9.1,0,0,1,100,0,0,0,0,0,0,0,0,0,0,14.3,7.93,0.869,25,25,50,0,2.4,1.7,2.4,1.66,0.74,0.6,0.41,1.7
2023,324,Darnell Mooney,CHI,WR,1,15,CLV,46.666666666666664,38.46153846153847,90,14,93.3,5,33.3,1,0.36,13,65,33.5,14,26.9,2.8,7,2,40,3,1.5,0,0,0,0,0,0,0,0,0,0,47.9,5,50,0,0,2,40,2,0,0,0,0,0,0,0,0,0,35.7,-5.67,-0.474,7.1,92.9,0,0,3.4,3.6,3.4,3.55,-0.15,0.24,0.25,3.6
2023,325,Chris Olave,NO,WR,1,14,CAR,12.5,11.76470588235294,65.4,6,100,2,33.3,2.33,0.33,1.5,3,13,14,42.4,7,7,2,100,11,5.5,2,1,0,0.01,0,0,0,0,2,0.333,95.8,2,33.3,1,50,2,100,0,0,0,0,0,0,0,0,0,0,33.3,1.07,0.607,50,50,0,0,3.4,3.4,3.4,3.42,-0.02,0.57,0.57,3.4
2023,326,Jake Ferguson,DAL,TE,1,16,MIA,13.23529411764706,10.526315789473683,82,9,75,2,16.7,1.56,0.22,5.5,11,13.6,14,11.9,7,7,2,100,3,1.5,3,1.5,0,0.01,0,0,0,0,1,0.111,95.8,2,25,0,0,2,100,0,0,0,0,1,1,100,0,0,0,16.7,0.31,0.632,11.1,44.4,44.4,0,3.4,2.7,3.4,2.73,0.67,0.38,0.3,2.7
2023,327,Adam Thielen,CAR,WR,1,13,TB,9.090909090909092,17.647058823529413,89.9,4,80,3,60,3.25,0.75,7,21,55.3,13,27.7,4.33,6.5,2,66.7,5,2.5,2,1,0,0.12,0,1,0,0,1,0.25,75.7,3,60,0,0,2,66.7,0,0,0,0,1,1,100,0,0,0,75,-2.67,0.561,0,100,0,0,3.3,3,3.3,3.04,0.26,0.82,0.76,3
2023,328,Jordan Akins,CLV,TE,1,16,HST,20,14.285714285714285,20,3,30,1,10,4.33,0.33,14,14,10.9,13,18.8,13,13,1,100,-1,-1,-1,-1,0,0.02,0,0,0,0,1,0.333,118.8,1,11.1,0,0,1,100,0,0,0,0,1,1,100,0,0,0,25,2.72,0.764,0,33.3,66.7,0,2.3,2,2.3,2.03,0.27,0.77,0.68,2
2023,329,Foster Moreau,NO,TE,1,16,LA,18.181818181818183,66.66666666666666,39.7,2,13.3,2,13.3,6.5,1,7.5,15,11.7,13,21.7,6.5,13,1,50,3,3,3,3,0,0,0,0,0,0,1,0.5,70.8,2,13.3,0,0,1,50,0,0,0,0,1,1,100,0,0,0,100,-0.62,0.512,0,100,0,0,2.3,1.5,2.3,1.55,0.75,1.15,0.77,1.5
2023,330,Foster Moreau,NO,TE,1,17,TB,27.27272727272727,33.33333333333333,54.3,3,20,1,6.7,4.33,0.33,10,10,8.5,13,11.8,13,13,1,100,3,3,1,1,0,0.01,0,0,0,0,1,0.333,118.8,1,9.1,0,0,1,100,0,0,0,0,0,0,0,0,0,0,16.7,5.23,1.712,66.7,33.3,0,0,2.3,2.2,2.3,2.21,0.09,0.77,0.74,2.2
2023,331,Lil'Jordan Humphrey,DEN,WR,1,15,DET,33.33333333333333,42.857142857142854,59.7,7,58.3,3,25,1.86,0.43,3.67,11,10.7,13,14,4.33,6.5,2,66.7,6,3,3,1.5,0,0.08,0,1,0,0,1,0.143,75.7,3,30,0,0,3,100,0,0,1,33.3,0,0,0,0,0,0,37.5,-1.58,0.427,0,100,0,0,3.3,5,3.3,5.03,-1.73,0.47,0.72,5
2023,332,Michael Pittman,IND,WR,1,14,CIN,34.48275862068966,14.285714285714285,85,10,90.9,1,9.1,1.3,0.1,5,5,7.9,13,17.8,13,13,1,100,8,8,2,2,0,0,0,0,0,0,1,0.1,118.8,1,12.5,0,0,1,100,0,0,0,0,0,0,0,0,0,0,9.1,6.64,0.779,50,50,0,0,2.3,1.8,2.3,1.75,0.55,0.23,0.18,1.8
2023,333,Brandon Aiyuk,SF,WR,1,13,PHI,20.454545454545457,8.333333333333332,86,9,100,1,11.1,1.44,0.11,13,13,20.6,13,9.9,13,13,1,100,0,0,0,0,0,0.01,0,0,0,0,1,0.111,118.8,1,14.3,0,0,1,100,0,0,0,0,1,1,100,0,0,0,11.1,4.09,0.852,77.8,22.2,0,0,2.3,1.8,2.3,1.84,0.46,0.26,0.2,1.8
2023,334,Nico Collins,HST,WR,1,13,DEN,29.166666666666668,50,84.1,7,100,4,57.1,1.86,0.57,4,16,27.6,13,59.1,3.25,4.33,3,75,19,6.33,4,1.33,1,1.56,100,2,2,1,1,0.143,117.7,3,75,2,50,4,100,0,0,1,25,0,0,0,0,1,0.33,57.1,-3.39,-0.377,42.9,57.1,0,0,10.3,14.6,10.3,14.57,-4.27,1.47,2.08,14.6
2023,335,Kylen Granson,IND,TE,1,17,LV,10.526315789473683,16.666666666666664,62.3,2,50,1,25,6.5,0.5,9,9,20.9,13,15.3,13,13,1,100,4,4,1,1,0,0,0,0,0,0,1,0.5,118.8,1,50,0,0,1,100,0,0,0,0,0,0,0,0,0,0,50,5.74,2.153,0,50,50,0,2.3,2.2,2.3,2.17,0.13,1.15,1.08,2.2
2023,336,DeVonta Smith,PHI,WR,1,13,SF,18.91891891891892,25,100,7,77.8,3,33.3,1.86,0.43,8,24,28.9,13,37.1,4.33,6.5,2,66.7,5,2.5,1,0.5,1,0.75,100,2,2,1,2,0.286,115.3,1,14.3,0,0,2,66.7,0,0,0,0,0,0,0,0,0,0,33.3,-2.99,0.471,57.1,42.9,0,0,9.3,7,9.3,7.01,2.29,1.33,1,7
2023,337,Rondale Moore,ARZ,WR,1,18,SEA,13.88888888888889,18.181818181818183,56.5,5,62.5,2,25,2.6,0.4,0.5,1,1.4,13,19.4,6.5,6.5,2,100,12,6,2,1,0,0.02,0,1,0,0,1,0.2,93.8,1,20,1,50,2,100,0,0,0,0,0,0,0,0,0,0,40,1.08,0.84,60,40,0,0,3.3,3.3,3.3,3.25,0.05,0.66,0.65,3.3
2023,338,Chris Olave,NO,WR,1,16,LA,29.166666666666668,29.411764705882355,74.1,14,93.3,5,33.3,0.93,0.36,8,40,31.3,13,21.7,2.6,6.5,2,40,1,0.5,2,1,0,0.01,0,0,0,0,1,0.071,47.9,5,33.3,0,0,3,60,0,0,1,20,0,0,0,0,1,0.5,35.7,-5.08,-0.451,42.9,57.1,0,0,3.3,5.5,3.3,5.47,-2.17,0.24,0.39,5.5
2023,339,Brandon Johnson,DEN,WR,1,16,NE,28.57142857142857,50,66.2,4,66.7,2,33.3,3.25,0.5,16,32,36.8,13,31.7,6.5,13,1,50,9,9,3,3,0,0.01,0,0,1,0,1,0.25,70.8,1,25,0,0,1,50,1,0,0,0,0,0,0,0,1,1,40,-2.06,0.648,50,50,0,0,2.3,1.8,2.3,1.79,0.51,0.57,0.45,1.8
2023,340,Garrett Wilson,NYJ,WR,1,14,HST,12.727272727272727,29.411764705882355,90.9,7,77.8,5,55.6,1.86,0.71,7.6,38,64.4,13,21.3,2.6,6.5,2,40,-2,-1,0,0,0,0.47,0,1,0,0,0,0,47.9,5,62.5,0,0,3,60,0,0,0,0,1,0,0,0,0,0,62.5,-4.75,-0.576,14.3,85.7,0,0,3.3,8,3.3,7.96,-4.66,0.47,1.14,8
2023,341,Chigoziem Okonkwo,TEN,TE,1,14,MIA,18.181818181818183,21.428571428571427,67.6,6,75,3,37.5,2.17,0.5,1.33,4,8.9,13,27.7,4.33,6.5,2,66.7,16,8,4,2,0,0,0,0,0,0,0,0,75.7,2,28.6,0,0,2,66.7,0,0,0,0,0,0,0,0,0,0,42.9,-1.68,-0.378,0,100,0,0,3.3,3.2,3.3,3.2,0.1,0.55,0.53,3.2
2023,342,Malik Heath,GB,WR,1,17,MIN,23.076923076923077,33.33333333333333,63,6,42.9,2,14.3,2.17,0.33,11.5,23,13.8,13,7.9,6.5,13,1,50,6,6,1,1,0,0.01,0,1,1,0,1,0.167,70.8,1,9.1,0,0,1,50,0,0,0,0,0,0,0,0,0,0,25,-2.08,0.693,50,50,0,0,2.3,2.1,2.3,2.07,0.23,0.38,0.35,2.1
2023,343,Quentin Johnston,LAC,WR,1,18,KC,25,100,86.3,15,88.2,1,5.9,0.87,0.07,-3,-3,-2.2,13,9.8,13,13,1,100,16,16,8,8,0,0,0,0,0,0,0,0,118.8,0,0,0,0,1,100,0,0,0,0,0,0,0,0,1,1,5.9,8.06,1.162,93.3,6.7,0,0,2.3,1.6,2.3,1.59,0.71,0.15,0.11,1.6
2023,344,Josh Downs,IND,WR,1,15,PIT,8.571428571428571,11.76470588235294,58.5,3,50,2,33.3,4.33,0.67,2,4,12.9,13,24.5,6.5,6.5,2,100,9,4.5,1,0.5,0,0,0,0,0,0,0,0,93.8,2,50,1,50,2,100,0,0,0,0,0,0,0,0,0,0,50,0.28,-0.202,0,100,0,0,3.3,3.4,3.3,3.42,-0.12,1.1,1.14,3.4
2023,345,Josh Downs,IND,WR,1,16,ATL,31.428571428571427,29.411764705882355,92.6,11,100,5,45.5,1.18,0.45,7.4,37,30.1,13,20.6,2.6,4.33,3,60,0,0,1,0.33,0,0.01,0,0,0,0,0,0,64.6,5,55.6,0,0,5,100,0,0,1,20,0,0,0,0,0,0,45.5,-4.83,-0.476,36.4,63.6,0,0,4.3,9.5,4.3,9.53,-5.23,0.39,0.87,9.5
2023,346,Jimmy Graham,NO,TE,1,14,CAR,16.666666666666664,33.33333333333333,15.4,1,16.7,1,16.7,12,1,12,12,52.2,12,36.4,12,12,1,100,0,0,0,0,0,0.24,0,1,0,0,1,1,116.7,1,16.7,0,0,1,100,0,0,0,0,1,1,100,0,0,0,100,3.33,1.974,0,100,0,0,2.2,3.1,2.2,3.13,-0.93,2.2,3.13,3.1
2023,347,Travis Kelce,KC,TE,1,14,BUF,23.404255319148938,20,90.3,11,78.6,2,14.3,1.09,0.18,4,8,4.9,12,13.3,6,12,1,50,9,9,4,4,0,0,0,1,0,0,1,0.091,68.8,2,15.4,0,0,1,50,0,0,0,0,0,0,0,0,0,0,15.4,-0.4,-0.036,18.2,81.8,0,0,2.2,1.7,2.2,1.68,0.52,0.2,0.15,1.7
2023,348,Kalif Raymond,DET,WR,1,15,DEN,26.31578947368421,20,29.7,5,45.5,1,9.1,2.4,0.2,13,13,11.8,12,12.5,12,12,1,100,-1,-1,0,0,0,0,0,0,0,0,1,0.2,116.7,1,9.1,0,0,1,100,0,0,0,0,0,0,0,0,0,0,20,3.09,0.711,40,60,0,0,2.2,2.4,2.2,2.38,-0.18,0.44,0.48,2.4
2023,349,Josh Reynolds,DET,WR,1,13,NO,25,75,75,10,83.3,3,25,1.2,0.3,10.33,31,29.5,12,16,4,12,1,33.3,5,5,3,3,0,0.02,0,1,0,0,1,0.1,46.5,3,33.3,0,0,1,33.3,0,0,0,0,0,0,0,0,0,0,27.3,-4.31,-0.221,20,80,0,0,2.2,2.1,2.2,2.11,0.09,0.22,0.21,2.1
2023,350,Dalton Schultz,HST,TE,1,17,TEN,25,20,78.7,6,75,1,12.5,2,0.17,1,1,7.7,12,21.4,12,12,1,100,11,11,3,3,0,0,0,0,0,0,1,0.167,116.7,1,12.5,0,0,1,100,0,0,0,0,0,0,0,0,2,2,12.5,6.22,1.229,16.7,16.7,66.7,0,2.2,1.7,2.2,1.65,0.55,0.37,0.28,1.7
2023,351,Braxton Berrios,MIA,WR,1,15,NYJ,12.195121951219512,16.666666666666664,40.4,5,45.5,1,9.1,2.4,0.2,12,12,66.7,12,20.3,12,12,1,100,0,0,0,0,0,0.02,0,0,0,0,1,0.2,116.7,1,11.1,0,0,1,100,0,0,0,0,1,1,100,0,0,0,12.5,2.95,1.499,80,20,0,0,2.2,2.1,2.2,2.07,0.13,0.44,0.41,2.1
2023,352,Trent Sherfield,BUF,WR,1,18,MIA,40.909090909090914,50,70.1,9,64.3,1,7.1,1.33,0.11,12,12,13.3,12,6.7,12,12,1,100,0,0,0,0,0,0,0,0,0,0,1,0.111,116.7,0,0,0,0,1,100,0,0,0,0,1,1,100,0,0,0,10,2.95,1.363,77.8,22.2,0,0,2.2,1.3,2.2,1.29,0.91,0.24,0.14,1.3
2023,353,Durham Smythe,MIA,TE,1,15,NYJ,16.27906976744186,20,71.9,7,63.6,2,18.2,1.71,0.29,3,6,33.3,12,20.3,6,6,2,100,6,3,3,1.5,0,0.02,0,0,0,0,1,0.143,91.7,1,11.1,0,0,2,100,0,0,0,0,0,0,0,0,0,0,22.2,-0.19,0.319,14.3,71.4,14.3,0,3.2,3.5,3.2,3.53,-0.33,0.46,0.5,3.5
2023,354,Lil'Jordan Humphrey,DEN,WR,1,14,LAC,9.523809523809524,14.285714285714285,56.1,2,28.6,1,14.3,6,0.5,-3,-3,-6.3,12,17.1,12,12,1,100,15,15,2,2,0,0.01,0,0,0,0,0,0,116.7,1,16.7,1,100,1,100,0,0,0,0,0,0,0,0,0,0,20,7.06,-0.231,50,50,0,0,2.2,1.7,2.2,1.68,0.52,1.1,0.84,1.7
2023,355,Deebo Samuel,SF,WR,1,15,ARZ,17.02127659574468,15.384615384615385,85.2,8,88.9,2,22.2,1.5,0.25,10.5,21,22.1,12,9.1,6,12,1,50,4,4,0,0,1,0.97,50,1,0,0,1,0.125,108.3,1,16.7,0,0,1,50,0,0,0,0,0,0,0,0,0,0,25,-2.21,0.894,50,50,0,0,8.2,7.7,8.2,7.71,0.49,1.02,0.96,7.7
2023,356,Deebo Samuel,SF,WR,1,16,BLT,27.659574468085108,38.46153846153847,95.6,13,86.7,5,33.3,0.92,0.38,5.6,28,35.4,12,10.8,2.4,6,2,40,14,7,6,3,0,0.06,0,1,1,0,1,0.077,8.3,4,40,0,0,4,80,0,0,0,0,2,0,0,0,2,1,35.7,-4.63,-0.929,30.8,61.5,0,7.7,3.2,5.5,3.2,5.49,-2.29,0.25,0.42,5.5
2023,357,Colby Parkinson,SEA,TE,1,16,TEN,28.57142857142857,50,37.3,2,25,2,25,6,1,5.5,11,61.1,12,35.3,6,6,2,100,1,0.5,0,0,0,0.02,0,1,0,0,1,0.5,91.7,2,25,0,0,2,100,0,0,0,0,1,1,100,0,0,0,50,-0.69,0.447,0,100,0,0,3.2,3.1,3.2,3.11,0.09,1.6,1.55,3.1
2023,358,Brevin Jordan,HST,TE,1,17,TEN,7.6923076923076925,33.33333333333333,50.8,1,12.5,1,12.5,12,1,1,1,7.7,12,21.4,12,12,1,100,11,11,0,0,1,0.56,100,1,0,0,1,1,156.3,1,12.5,0,0,1,100,0,0,0,0,0,0,0,0,0,0,50,6.22,1.912,0,100,0,0,8.2,5,8.2,5,3.2,8.2,5,5
2023,359,Ihmir Smith-Marsette,CAR,WR,1,17,JAX,30.76923076923077,42.857142857142854,20.8,4,50,3,37.5,3,0.75,0,0,0,12,54.5,4,4,3,100,12,4,4,1.33,0,0,0,0,0,0,1,0.25,83.3,3,50,2,66.7,3,100,0,0,0,0,0,0,0,0,0,0,75,-1.49,0.121,25,75,0,0,4.2,5.1,4.2,5.09,-0.89,1.05,1.27,5.1
2023,360,Khalil Shakir,BUF,WR,1,14,KC,12.121212121212121,7.142857142857142,60.3,4,26.7,1,6.7,3,0.25,-1,-1,-1.6,12,12.6,12,12,1,100,13,13,6,6,0,0.03,0,0,0,0,1,0.25,116.7,1,7.7,1,100,1,100,0,0,0,0,0,0,0,0,1,1,16.7,5.83,0.8,25,75,0,0,2.2,1.7,2.2,1.71,0.49,0.55,0.43,1.7
2023,361,Jeremy Ruckert,NYJ,TE,1,13,ATL,33.33333333333333,50,41.8,3,20,1,6.7,4,0.33,7,7,4.1,12,13.2,12,12,1,100,5,5,2,2,0,0,0,0,0,0,1,0.333,116.7,1,7.7,0,0,1,100,0,0,0,0,0,0,0,0,0,0,33.3,4.69,1.26,0,66.7,33.3,0,2.2,1.9,2.2,1.93,0.27,0.73,0.64,1.9
2023,362,Jaxon Smith-Njigba,SEA,WR,1,17,PIT,19.444444444444446,14.285714285714285,67.3,7,100,2,28.6,1.71,0.29,8.5,17,22.1,12,30,6,12,1,50,0,0,0,0,1,0.78,100,1,1,1,1,0.143,108.3,2,33.3,1,50,2,100,1,0,1,50,0,0,0,0,0,0,28.6,-1.86,1.541,42.9,57.1,0,0,8.2,8,8.2,8.02,0.18,1.17,1.15,8
2023,363,Stefon Diggs,BUF,WR,1,16,LAC,19.047619047619047,30.76923076923077,59.6,8,72.7,4,36.4,1.38,0.5,14.75,59,61.5,11,15.3,2.75,5.5,2,50,1,0.5,0,0,0,0.01,0,0,0,0,1,0.125,56.3,4,50,1,25,2,50,2,0,0,0,1,1,100,0,0,0,50,-6.45,-0.084,50,50,0,0,3.1,2.9,3.1,2.91,0.19,0.39,0.36,2.9
2023,364,Kalif Raymond,DET,WR,1,16,MIN,21.052631578947366,20,32.5,4,36.4,1,9.1,2.75,0.25,11,11,24.4,11,11.8,11,11,1,100,0,0,-1,-1,0,0,0,0,0,0,0,0,112.5,1,10,0,0,1,100,0,0,0,0,0,0,0,0,0,0,25,2.68,1.075,50,50,0,0,2.1,2.2,2.1,2.2,-0.1,0.53,0.55,2.2
2023,365,Kalif Raymond,DET,WR,1,17,DAL,31.57894736842105,20,26.9,6,42.9,1,7.1,1.83,0.17,8,8,6.8,11,10.8,11,11,1,100,3,3,2,2,0,0,0,0,0,0,1,0.167,112.5,1,7.7,0,0,1,100,0,0,0,0,0,0,0,0,0,0,16.7,3.49,2.146,50,50,0,0,2.1,2,2.1,2.02,0.08,0.35,0.34,2
2023,366,JuJu Smith-Schuster,NE,WR,1,13,LAC,50,40,91.9,6,75,2,25,1.83,0.33,6.5,13,36.1,11,50,5.5,11,1,50,4,4,2,2,0,0,0,0,0,0,0,0,66.7,0,0,0,0,1,50,0,0,0,0,0,0,0,0,0,0,25,-1.51,-0.253,50,50,0,0,2.1,2,2.1,1.97,0.13,0.35,0.33,2
2023,367,Richie James,KC,WR,1,18,LAC,38.88888888888889,16.666666666666664,81.4,7,70,1,10,1.57,0.14,11,11,16.2,11,22.9,11,11,1,100,0,0,0,0,0,0,0,0,0,0,0,0,112.5,1,10,0,0,1,100,0,0,0,0,1,1,100,0,0,0,10,2.68,-0.281,57.1,42.9,0,0,2.1,1.3,2.1,1.27,0.83,0.3,0.18,1.3
2023,368,Josh Oliver,MIN,TE,1,18,DET,28.57142857142857,100,52.9,2,22.2,1,11.1,5.5,0.5,0,0,0,11,14.1,11,11,1,100,11,11,3,3,0,0,0,0,0,0,1,0.5,112.5,1,12.5,0,0,1,100,0,0,0,0,0,0,0,0,1,1,33.3,5.71,0.73,0,50,50,0,2.1,1.6,2.1,1.62,0.48,1.05,0.81,1.6
2023,369,A.J. Brown,PHI,WR,1,15,SEA,20.454545454545457,25,95.7,9,75,2,16.7,1.22,0.22,4.5,9,8.6,11,13.8,5.5,11,1,50,5,5,5,5,0,0,0,0,0,0,1,0.111,66.7,2,20,1,50,1,50,0,0,0,0,0,0,0,0,2,2,16.7,-0.7,0.858,44.4,55.6,0,0,2.1,1.8,2.1,1.8,0.3,0.23,0.2,1.8
2023,370,Michael Pittman,IND,WR,1,13,TEN,20.689655172413794,42.857142857142854,95.6,6,85.7,3,42.9,1.83,0.5,10,30,81.1,11,64.7,3.67,5.5,2,66.7,2,1,2,1,1,0.87,100,1,1,1,1,0.167,112.5,3,50,0,0,2,66.7,0,0,0,0,0,0,0,0,0,0,42.9,-4.5,0.148,50,50,0,0,9.1,8.1,9.1,8.12,0.98,1.52,1.35,8.1
2023,371,Collin Johnson,CHI,WR,1,17,ATL,100,100,15.3,3,20,1,6.7,3.67,0.33,7,7,3.5,11,7.9,11,11,1,100,4,4,0,0,0,0,0,0,0,0,1,0.333,112.5,1,7.1,0,0,1,100,0,0,0,0,0,0,0,0,0,0,33.3,3.94,1.25,66.7,33.3,0,0,2.1,2,2.1,1.96,0.14,0.7,0.65,2
2023,372,John Bates,WAS,TE,1,16,NYJ,25,50,44.8,2,18.2,1,9.1,5.5,0.5,5,5,8.2,11,16.7,11,11,1,100,6,6,3,3,0,0,0,0,0,0,1,0.5,112.5,1,10,0,0,1,100,0,0,0,0,0,0,0,0,0,0,50,4.52,0.742,0,100,0,0,2.1,1.7,2.1,1.74,0.36,1.05,0.87,1.7
2023,373,Jack Stoll,PHI,TE,1,18,NYG,44.44444444444444,100,58.5,4,26.7,1,6.7,2.75,0.25,3,3,2.2,11,9.3,11,11,1,100,8,8,5,5,0,0,0,0,0,0,1,0.25,112.5,1,7.1,0,0,1,100,0,0,0,0,0,0,0,0,0,0,25,4.68,2.091,0,25,75,0,2.1,1.7,2.1,1.66,0.44,0.53,0.42,1.7
2023,374,Pat Freiermuth,PIT,TE,1,14,NE,26.923076923076923,40,66.7,7,77.8,4,44.4,1.57,0.57,9.25,37,43.5,11,24.4,2.75,5.5,2,50,2,1,1,0.5,0,0,0,0,0,0,1,0.143,16.7,3,50,0,0,2,50,0,0,0,0,1,1,100,0,0,0,57.1,-5.1,-1.332,0,100,0,0,3.1,2.7,3.1,2.7,0.4,0.44,0.39,2.7
2023,375,Elijah Moore,CLV,WR,1,15,CHI,30,25,77.6,12,80,2,13.3,0.92,0.17,25.5,51,27.4,11,5.1,5.5,11,1,50,1,1,1,1,0,0,0,0,0,0,1,0.083,66.7,1,8.3,0,0,1,50,1,0,0,0,0,0,0,0,0,0,14.3,-5.75,-0.035,58.3,41.7,0,0,2.1,2.1,2.1,2.13,-0.03,0.18,0.18,2.1
2023,376,Tommy Tremble,CAR,TE,1,18,TB,25.925925925925924,33.33333333333333,84,7,77.8,2,22.2,1.57,0.29,0.5,1,2.4,11,33.3,5.5,5.5,2,100,10,5,2,1,0,0,0,0,0,0,0,0,89.6,1,20,1,50,2,100,0,0,0,0,0,0,0,0,0,0,28.6,-0.47,-0.196,42.9,42.9,14.3,0,3.1,3.2,3.1,3.25,-0.15,0.44,0.46,3.2
2023,377,Grant Calcaterra,PHI,TE,1,18,NYG,71.42857142857143,100,27.7,5,33.3,1,6.7,2.2,0.2,2,2,1.5,11,9.3,11,11,1,100,9,9,2,2,0,0,0,0,0,0,1,0.2,112.5,1,7.1,0,0,1,100,0,0,0,0,0,0,0,0,0,0,14.3,4.63,0.646,0,80,20,0,2.1,1.6,2.1,1.62,0.48,0.42,0.32,1.6
2023,378,Drake London,ATL,WR,1,15,CAR,10,7.6923076923076925,84.3,5,100,1,20,2.2,0.2,9,9,13.6,11,15.7,11,11,1,100,2,2,1,1,0,0.01,0,0,0,0,0,0,112.5,1,50,0,0,1,100,0,0,0,0,1,1,100,0,0,0,20,3.55,1.136,40,60,0,0,2.1,1.4,2.1,1.45,0.65,0.42,0.29,1.4
2023,379,Stone Smartt,LAC,TE,1,15,LV,15.384615384615385,40,27,2,18.2,2,18.2,5.5,1,3.5,7,19.4,11,16.4,5.5,5.5,2,100,4,2,3,1.5,0,0,0,0,0,0,2,1,89.6,1,14.3,0,0,2,100,0,0,0,0,0,0,0,0,0,0,66.7,-0.69,0.86,0,100,0,0,3.1,3.5,3.1,3.52,-0.42,1.55,1.76,3.5
2023,380,Jahan Dotson,WAS,WR,1,13,MIA,18.91891891891892,42.857142857142854,81.5,7,87.5,3,37.5,1.57,0.43,4.67,14,43.8,11,52.4,3.67,11,1,33.3,0,0,0,0,0,0.01,0,0,0,0,1,0.143,5.6,3,42.9,1,33.3,2,66.7,0,0,1,33.3,0,0,0,0,0,0,42.9,-3.07,-2.737,28.6,71.4,0,0,2.1,4,2.1,4.04,-1.94,0.3,0.58,4
2023,381,Treylon Burks,TEN,WR,1,17,HST,32.25806451612903,66.66666666666666,83,10,66.7,2,13.3,1.1,0.2,-0.5,-1,-1.1,11,9.2,5.5,5.5,2,100,12,6,3,1.5,0,0,0,0,0,0,1,0.1,89.6,2,14.3,1,50,2,100,0,0,0,0,0,0,0,0,0,0,15.4,0.53,1.526,70,30,0,0,3.1,3.2,3.1,3.24,-0.14,0.31,0.32,3.2
2023,382,Velus Jones,CHI,WR,1,14,DET,30,100,12.1,3,27.3,1,9.1,3.67,0.33,3,3,2.7,11,14.1,11,11,1,100,8,8,5,5,0,0,0,0,0,0,1,0.333,112.5,1,11.1,0,0,1,100,0,0,0,0,0,0,0,0,0,0,33.3,5.55,1.124,66.7,33.3,0,0,2.1,1.7,2.1,1.7,0.4,0.7,0.57,1.7
2023,383,Chigoziem Okonkwo,TEN,TE,1,13,IND,6.0606060606060606,14.285714285714285,56.8,2,40,2,40,5.5,1,2.5,5,9.3,11,78.6,5.5,11,1,50,4,4,3,3,0,0,0,0,0,0,1,0.5,66.7,1,25,0,0,2,100,0,0,1,50,0,0,0,0,0,0,50,-0.58,-0.207,0,100,0,0,2.1,3.5,2.1,3.51,-1.41,1.05,1.76,3.5
2023,384,Chigoziem Okonkwo,TEN,TE,1,15,HST,18.181818181818183,7.142857142857142,63.5,6,85.7,1,14.3,1.83,0.17,2,2,2,11,26.2,11,11,1,100,9,9,6,6,0,0,0,0,0,0,1,0.167,112.5,0,0,0,0,1,100,0,0,0,0,0,0,0,0,0,0,16.7,4.63,2.11,0,100,0,0,2.1,1.6,2.1,1.63,0.47,0.35,0.27,1.6
2023,385,Charlie Kolar,BLT,TE,1,18,PIT,45.45454545454545,75,70.2,5,50,3,30,2.2,0.6,4.67,14,19.7,11,14.3,3.67,5.5,2,66.7,2,1,2,1,0,0,0,0,0,0,0,0,72.9,3,33.3,0,0,3,100,0,0,1,33.3,1,1,100,0,0,0,50,-2.68,-0.15,0,100,0,0,3.1,4.6,3.1,4.58,-1.48,0.62,0.92,4.6
2023,386,Cade Otton,TB,TE,1,14,ATL,13.043478260869565,25,97,6,85.7,1,14.3,1.83,0.17,16,16,23.2,11,16.7,11,11,1,100,0,0,0,0,1,0.83,100,1,1,1,1,0.167,152.1,1,14.3,0,0,1,100,0,0,0,0,0,0,0,0,0,0,14.3,0.81,2.445,16.7,83.3,0,0,8.1,6.7,8.1,6.7,1.4,1.35,1.12,6.7
2023,387,Parker Washington,JAX,WR,1,18,TEN,22.22222222222222,6.666666666666667,66.7,10,58.8,1,5.9,1.1,0.1,10,10,7.3,11,9.6,11,11,1,100,1,1,0,0,0,0.01,0,0,0,0,1,0.1,112.5,1,8.3,0,0,1,100,0,0,0,0,0,0,0,0,0,0,9.1,3.5,1.88,30,70,0,0,2.1,2.2,2.1,2.17,-0.07,0.21,0.22,2.2
2023,388,Dalton Kincaid,BUF,TE,1,14,KC,23.333333333333332,25,79.5,7,46.7,4,26.7,1.57,0.57,6.5,26,41.9,11,11.6,2.75,5.5,2,50,10,5,4,2,0,0.01,0,0,0,0,0,0,56.3,3,23.1,1,25,2,50,0,0,0,0,0,0,0,0,0,0,33.3,-5.3,-0.25,14.3,85.7,0,0,3.1,3.3,3.1,3.34,-0.24,0.44,0.48,3.3
2023,389,Davante Adams,LV,WR,1,14,MIN,19.444444444444446,20,98.1,7,77.8,2,22.2,1.43,0.29,4,8,42.1,10,43.5,5,5,2,100,2,1,1,0.5,0,0,0,0,0,0,0,0,87.5,2,22.2,0,0,2,100,0,0,0,0,0,0,0,0,0,0,22.2,-0.91,0.127,71.4,28.6,0,0,3,3.4,3,3.37,-0.37,0.43,0.48,3.4
2023,390,Darren Waller,NYG,TE,1,15,NO,16,33.33333333333333,42.6,4,80,3,60,2.5,0.75,5.67,17,89.5,10,47.6,3.33,5,2,66.7,8,4,2,1,0,0,0,0,0,0,0,0,71.5,1,33.3,0,0,2,66.7,0,0,0,0,0,0,0,0,0,0,60,-4.06,-0.814,0,100,0,0,3,3.2,3,3.25,-0.25,0.75,0.81,3.2
2023,391,Tyler Lockett,SEA,WR,1,16,TEN,15.789473684210526,18.181818181818183,79.7,6,75,2,25,1.67,0.33,2.5,5,27.8,10,29.4,5,5,2,100,5,2.5,0,0,0,0,0,0,0,0,1,0.167,87.5,2,25,1,50,2,100,0,0,0,0,0,0,0,0,0,0,28.6,-1.56,0.481,50,50,0,0,3,3.4,3,3.39,-0.39,0.5,0.57,3.4
2023,392,Tyler Lockett,SEA,WR,1,17,PIT,15.789473684210526,27.27272727272727,81.6,6,85.7,3,42.9,1.67,0.5,9,27,35.1,10,25,3.33,10,1,33.3,1,1,0,0,0,0.01,0,0,0,0,0,0,43.8,2,33.3,0,0,2,66.7,0,0,0,0,1,0,0,0,0,0,50,-4.48,-0.407,33.3,66.7,0,0,2,3.8,2,3.84,-1.84,0.33,0.64,3.8
2023,393,Johnny Mundt,MIN,TE,1,17,GB,41.17647058823529,75,76.9,7,100,3,42.9,1.43,0.43,3.33,10,21.7,10,25.6,3.33,10,1,33.3,5,5,1,1,0,0,0,0,0,0,1,0.143,4.2,3,60,0,0,3,100,0,0,0,0,1,0,0,0,0,0,42.9,-3.06,-1.739,14.3,42.9,42.9,0,2,4.1,2,4.09,-2.09,0.29,0.58,4.1
2023,394,Johnny Mundt,MIN,TE,1,18,DET,35.294117647058826,25,75.7,6,66.7,1,11.1,1.67,0.17,7,7,8.2,10,12.8,10,10,1,100,3,3,0,0,0,0,0,0,0,0,1,0.167,108.3,1,12.5,0,0,1,100,0,0,0,0,0,0,0,0,0,0,16.7,2.69,1.972,0,66.7,33.3,0,2,1.9,2,1.93,0.07,0.33,0.32,1.9
2023,395,David Njoku,CLV,TE,1,16,HST,22.857142857142858,25,80,8,80,3,30,1.25,0.38,5,15,11.6,10,14.5,3.33,5,2,66.7,7,3.5,2,1,0,0,0,1,1,0,0,0,71.5,3,33.3,1,33.3,2,66.7,0,0,0,0,0,0,0,0,0,0,37.5,-3.43,-0.581,25,50,25,0,3,3.2,3,3.25,-0.25,0.38,0.41,3.2
2023,396,Dallas Goedert,PHI,TE,1,14,DAL,18.181818181818183,6.25,80.8,6,100,1,16.7,1.67,0.17,10,10,10.6,10,23.3,10,10,1,100,0,0,0,0,0,0,0,0,0,0,1,0.167,108.3,1,25,0,0,1,100,0,0,0,0,1,1,100,0,0,0,16.7,2.23,1.239,0,66.7,33.3,0,2,1,2,1.01,0.99,0.33,0.17,1
2023,397,Braxton Berrios,MIA,WR,1,17,BLT,19.51219512195122,33.33333333333333,43.9,8,61.5,2,15.4,1.25,0.25,0,0,0,10,11.4,5,5,2,100,10,5,1,0.5,0,0.02,0,0,0,0,1,0.125,87.5,1,9.1,0,0,2,100,0,0,0,0,0,0,0,0,0,0,22.2,-0.2,0.822,37.5,62.5,0,0,3,3.3,3,3.3,-0.3,0.38,0.41,3.3
2023,398,Greg Dortch,ARZ,WR,1,15,SF,21.951219512195124,14.285714285714285,65.3,9,64.3,1,7.1,1.11,0.11,-1,-1,-1,10,10,10,10,1,100,11,11,3,3,0,0,0,0,0,0,0,0,108.3,0,0,0,0,1,100,0,0,0,0,0,0,0,0,1,1,9.1,3.83,-0.371,66.7,33.3,0,0,2,1.6,2,1.56,0.44,0.22,0.17,1.6
2023,399,Noah Fant,SEA,TE,1,13,DAL,27.27272727272727,25,62.5,6,54.5,2,18.2,1.67,0.33,3.5,7,8,10,17.2,5,10,1,50,6,6,1,1,0,0,0,0,0,0,1,0.167,64.6,2,18.2,0,0,2,100,0,0,1,50,0,0,0,0,0,0,25,-1.19,0.007,16.7,83.3,0,0,2,3.4,2,3.41,-1.41,0.33,0.57,3.4
2023,400,Amon-Ra St. Brown,DET,WR,1,14,CHI,9.090909090909092,16.129032258064516,88.9,5,71.4,5,71.4,2,1,3,15,214.3,10,66.7,2,5,2,40,18,9,3,1.5,0,0.04,0,1,0,0,0,0,47.9,5,71.4,2,40,3,60,0,0,0,0,1,0,0,0,0,0,71.4,-4.12,-0.508,0,100,0,0,3,4.8,3,4.76,-1.76,0.6,0.95,4.8
2023,401,Kyle Philips,TEN,WR,1,18,JAX,66.66666666666666,100,7.3,2,40,2,40,5,1,20,40,83.3,10,19.2,5,10,1,50,0,0,0,0,0,0.06,0,0,0,0,1,0.5,64.6,1,33.3,0,0,2,100,1,0,0,0,1,0,0,0,0,0,100,-3.35,0.549,0,100,0,0,2,4.9,2,4.94,-2.94,1,2.47,4.9
2023,402,Jahan Dotson,WAS,WR,1,16,NYJ,21.62162162162162,28.57142857142857,74.1,8,72.7,2,18.2,1.25,0.25,11,22,36.1,10,15.2,5,10,1,50,4,4,1,1,0,0.28,0,1,1,0,1,0.125,64.6,1,10,0,0,2,100,0,0,0,0,1,0,0,0,0,0,20,-3.52,0.412,62.5,37.5,0,0,2,4,2,3.96,-1.96,0.25,0.5,4
2023,403,Kavontae Turpin,DAL,WR,1,13,SEA,62.5,60,16.5,5,29.4,3,17.6,2,0.6,1.67,5,4.2,10,7.2,3.33,10,1,33.3,0,0,0,0,0,0.06,0,1,0,0,1,0.2,43.8,1,9.1,1,33.3,3,100,0,0,2,66.7,0,0,0,0,0,0,60,-2.65,0.445,0,80,0,20,2,5,2,5.02,-3.02,0.4,1,5
2023,404,Tyquan Thornton,NE,WR,1,17,BUF,41.66666666666667,100,69.8,10,90.9,2,18.2,1,0.2,4,8,7.3,10,13,5,5,2,100,2,1,2,1,0,0,0,0,0,0,0,0,87.5,2,33.3,0,0,2,100,0,0,0,0,0,0,0,0,0,0,20,-0.91,-0.563,80,20,0,0,3,3.4,3,3.37,-0.37,0.3,0.34,3.4
2023,405,Brandin Cooks,DAL,WR,1,18,WAS,16.176470588235293,27.27272727272727,81.2,11,91.7,3,25,0.82,0.27,14,42,53.2,9,13.4,3,4.5,2,66.7,0,0,0,0,1,0.99,50,1,2,1,1,0.091,109.7,3,30,0,0,2,66.7,1,0,0,0,0,0,0,0,0,0,27.3,-6.21,0.427,45.5,54.5,0,0,8.9,9.2,8.9,9.16,-0.26,0.81,0.83,9.2
2023,406,Logan Thomas,WAS,TE,1,18,DAL,12.121212121212121,18.181818181818183,53.1,4,50,2,25,2.25,0.5,6,12,27.9,9,25,4.5,9,1,50,0,0,0,0,0,0,0,0,0,0,0,0,62.5,2,25,0,0,2,100,0,0,0,0,1,0,0,0,0,0,40,-2.29,0.104,25,75,0,0,1.9,2.8,1.9,2.79,-0.89,0.47,0.7,2.8
2023,407,Chris Moore,TEN,WR,1,16,SEA,22.22222222222222,22.22222222222222,73.4,6,100,2,33.3,1.5,0.33,10,20,43.5,9,19.1,4.5,9,1,50,0,0,0,0,0,0.01,0,0,0,0,1,0.167,62.5,2,50,0,0,2,100,0,0,0,0,1,0,0,0,0,0,33.3,-3.38,0.641,0,100,0,0,1.9,3.9,1.9,3.91,-2.01,0.32,0.65,3.9
2023,408,Kalif Raymond,DET,WR,1,18,MIN,5.263157894736842,20,21.4,1,16.7,1,16.7,9,1,0,0,0,9,25,9,9,1,100,9,9,1,1,0,0,0,0,0,0,0,0,104.2,1,20,1,100,1,100,0,0,0,0,0,0,0,0,0,0,100,2.96,0.7,0,100,0,0,1.9,1.6,1.9,1.64,0.26,1.9,1.64,1.6
2023,409,Tyler Boyd,CIN,WR,1,15,MIN,20.588235294117645,12.5,56.5,7,41.2,2,11.8,1.29,0.29,2,4,3.1,9,6.8,4.5,9,1,50,9,9,1,1,0,0,0,0,0,0,1,0.143,62.5,1,7.7,0,0,1,50,0,0,0,0,0,0,0,0,0,0,25,-1.54,0.166,14.3,85.7,0,0,1.9,1.6,1.9,1.62,0.28,0.27,0.23,1.6
2023,410,Hunter Henry,NE,TE,1,13,LAC,37.5,28.57142857142857,74.2,6,75,2,25,1.5,0.33,9.5,19,52.8,9,40.9,4.5,9,1,50,1,1,1,1,0,0,0,0,0,0,1,0.167,62.5,0,0,0,0,2,100,0,0,0,0,1,0,0,0,0,0,25,-3.73,-0.339,0,100,0,0,1.9,3.2,1.9,3.19,-1.29,0.32,0.53,3.2
2023,411,Braxton Berrios,MIA,WR,1,18,BUF,19.51219512195122,33.33333333333333,47.9,8,66.7,2,16.7,1.13,0.25,5,10,6.8,9,15.8,4.5,4.5,2,100,-1,-0.5,0,0,0,0,0,0,0,0,1,0.125,85.4,1,9.1,0,0,2,100,0,0,0,0,0,0,0,0,0,0,25,-1.76,0.411,25,75,0,0,2.9,3.7,2.9,3.66,-0.76,0.36,0.46,3.7
2023,412,Trent Sherfield,BUF,WR,1,14,KC,13.636363636363635,50,19.2,3,20,1,6.7,3,0.33,-2,-2,-3.2,9,9.5,9,9,1,100,11,11,1,1,0,0.01,0,0,0,0,1,0.333,104.2,1,7.7,1,100,1,100,0,0,0,0,0,0,0,0,0,0,33.3,3.5,0.633,66.7,33.3,0,0,1.9,1.7,1.9,1.69,0.21,0.63,0.56,1.7
2023,413,Tanner Hudson,CIN,TE,1,17,KC,23.333333333333332,27.27272727272727,45.1,7,87.5,3,37.5,1.29,0.43,6.33,19,23.2,9,16.1,3,9,1,33.3,4,4,0,0,0,0.09,0,1,0,0,1,0.143,42.4,2,33.3,0,0,2,66.7,0,0,0,0,1,0,0,0,0,0,42.9,-3.74,-0.135,28.6,71.4,0,0,1.9,3.2,1.9,3.16,-1.26,0.27,0.45,3.2
2023,414,Noah Fant,SEA,TE,1,14,SF,18.181818181818183,25,63.6,4,40,2,20,2.25,0.5,9,18,39.1,9,12.7,4.5,9,1,50,5,5,2,2,0,0,0,0,0,0,0,0,62.5,1,16.7,0,0,1,50,0,0,0,0,0,0,0,0,0,0,33.3,-3.67,-0.49,25,50,0,25,1.9,1.7,1.9,1.75,0.15,0.47,0.44,1.7
2023,415,Dawson Knox,BUF,TE,1,16,LAC,20,33.33333333333333,46.2,3,27.3,1,9.1,3,0.33,5,5,5.2,9,12.5,9,9,1,100,4,4,1,1,0,0,0,0,0,0,0,0,104.2,1,12.5,0,0,1,100,0,0,0,0,0,0,0,0,0,0,16.7,2.52,0.606,0,66.7,33.3,0,1.9,1.8,1.9,1.75,0.15,0.63,0.58,1.8
2023,416,Deebo Samuel,SF,WR,1,13,PHI,19.148936170212767,7.6923076923076925,82.5,9,100,1,11.1,1,0.11,-7,-7,-11.1,9,6.9,9,9,1,100,16,16,4,4,0,0,0,0,0,0,0,0,104.2,0,0,0,0,1,100,0,0,0,0,0,0,0,0,0,0,11.1,6.46,0.628,77.8,22.2,0,0,1.9,1.4,1.9,1.39,0.51,0.21,0.15,1.4
2023,417,Van Jefferson,ATL,WR,1,17,CHI,19.35483870967742,66.66666666666666,40.7,6,66.7,2,22.2,1.5,0.33,14,28,23.1,9,25,4.5,9,1,50,5,5,4,4,0,0,0,0,1,0,0,0,62.5,1,14.3,0,0,1,50,1,0,0,0,0,0,0,0,0,0,33.3,-4.4,-0.142,66.7,33.3,0,0,1.9,1.7,1.9,1.72,0.18,0.32,0.29,1.7
2023,418,Tutu Atwell,LA,WR,1,13,CLV,47.05882352941176,33.33333333333333,37.1,8,57.1,2,14.3,1.13,0.25,16.5,33,28.9,9,5.7,4.5,9,1,50,6,6,0,0,0,0,0,0,0,0,0,0,62.5,2,16.7,0,0,1,50,1,0,0,0,0,0,0,0,0,0,25,-2.82,0.048,75,25,0,0,1.9,1.7,1.9,1.7,0.2,0.24,0.21,1.7
2023,419,Kylen Granson,IND,TE,1,14,CIN,26.31578947368421,50,35,5,45.5,3,27.3,1.8,0.6,9.33,28,44.4,9,12.3,3,9,1,33.3,4,4,0,0,0,0,0,0,0,0,0,0,42.4,2,25,0,0,1,33.3,1,0,0,0,0,0,0,0,0,0,50,-5.6,0.216,20,60,20,0,1.9,1.7,1.9,1.74,0.16,0.38,0.35,1.7
2023,420,Pat Freiermuth,PIT,TE,1,13,ARZ,7.6923076923076925,10,60.3,2,40,1,20,4.5,0.5,5,5,11.1,9,16.7,9,9,1,100,4,4,3,3,0,0,0,0,0,0,1,0.5,104.2,0,0,0,0,1,100,0,0,0,0,0,0,0,0,0,0,50,2.52,2.042,0,50,50,0,1.9,1.7,1.9,1.67,0.23,0.95,0.84,1.7
2023,421,Elijah Moore,CLV,WR,1,14,JAX,20,12.5,68.9,8,80,1,10,1.13,0.13,2,2,3.5,9,15.3,9,9,1,100,7,7,2,2,0,0,0,0,0,0,0,0,104.2,1,12.5,0,0,1,100,0,0,0,0,0,0,0,0,1,1,10,3.67,0.199,87.5,12.5,0,0,1.9,1.7,1.9,1.69,0.21,0.24,0.21,1.7
2023,422,Josh Palmer,LAC,WR,1,15,LV,26.666666666666668,12.5,71.4,8,72.7,2,18.2,1.13,0.25,3.5,7,19.4,9,13.4,4.5,4.5,2,100,2,1,1,0.5,0,0,0,0,0,0,1,0.125,85.4,2,28.6,0,0,2,100,0,0,0,0,1,1,100,0,0,0,25,-1.35,0.005,50,50,0,0,2.9,2.7,2.9,2.68,0.22,0.36,0.34,2.7
2023,423,Lucas Krull,DEN,TE,1,16,NE,7.6923076923076925,20,30.8,2,33.3,1,16.7,4.5,0.5,5,5,5.7,9,22,9,9,1,100,4,4,3,3,0,0,0,0,0,0,0,0,104.2,1,25,0,0,1,100,0,0,0,0,0,0,0,0,0,0,50,2.52,0.807,0,100,0,0,1.9,1.7,1.9,1.73,0.17,0.95,0.86,1.7
2023,424,Rashid Shaheed,NO,WR,1,16,LA,40,60,81,14,93.3,3,20,0.64,0.21,5.33,16,12.5,9,15,3,4.5,2,66.7,0,0,0,0,0,0,0,0,0,0,0,0,70.1,3,20,0,0,2,66.7,0,0,0,0,0,0,0,0,0,0,21.4,-3.49,-0.195,64.3,35.7,0,0,2.9,3.4,2.9,3.37,-0.47,0.21,0.24,3.4
2023,425,Rashid Shaheed,NO,WR,1,17,TB,25.71428571428571,20,54.3,9,60,1,6.7,1,0.11,4,4,3.4,9,8.2,9,9,1,100,5,5,1,1,0,0.02,0,0,0,0,1,0.111,104.2,1,9.1,0,0,1,100,0,0,0,0,0,0,0,0,0,0,11.1,2.95,0.984,44.4,55.6,0,0,1.9,1.9,1.9,1.88,0.02,0.21,0.21,1.9
2023,426,John Metchie,HST,WR,1,13,DEN,15,30,33.3,3,42.9,3,42.9,3,1,14,42,72.4,9,40.9,3,9,1,33.3,11,11,1,1,0,0,0,0,0,0,0,0,42.4,1,25,0,0,1,33.3,1,0,0,0,0,0,0,0,0,0,60,-6.12,-0.456,0,100,0,0,1.9,1.8,1.9,1.8,0.1,0.63,0.6,1.8
2023,427,Garrett Wilson,NYJ,WR,1,13,ATL,25.454545454545453,11.76470588235294,100,14,93.3,2,13.3,0.64,0.14,6,12,7.1,9,9.9,4.5,9,1,50,1,1,1,1,0,0.02,0,0,0,0,1,0.071,62.5,2,15.4,0,0,1,50,0,0,0,0,1,1,100,0,0,0,13.3,-2.28,1.174,42.9,57.1,0,0,1.9,1.5,1.9,1.53,0.37,0.14,0.11,1.5
2023,428,Garrett Wilson,NYJ,WR,1,17,CLV,20,17.647058823529413,98.5,11,91.7,3,25,0.82,0.27,4.33,13,22.4,9,8.3,3,4.5,2,66.7,3,1.5,0,0,0,0.1,0,1,0,0,0,0,70.1,2,22.2,1,33.3,3,100,0,0,0,0,1,0,0,0,0,0,25,-3.18,-0.526,54.5,45.5,0,0,2.9,4.4,2.9,4.39,-1.49,0.26,0.4,4.4
2023,429,Jeremy Ruckert,NYJ,TE,1,15,MIA,33.33333333333333,50,38.2,3,27.3,1,9.1,3,0.33,6,6,8.3,9,17,9,9,1,100,3,3,3,3,0,0,0,0,0,0,1,0.333,104.2,1,11.1,0,0,1,100,0,0,0,0,0,0,0,0,0,0,33.3,1.91,1.735,33.3,33.3,33.3,0,1.9,1.7,1.9,1.74,0.16,0.63,0.58,1.7
2023,430,Jake Bobo,SEA,WR,1,13,DAL,16.666666666666664,33.33333333333333,10.9,1,9.1,1,9.1,9,1,-2,-2,-2.3,9,15.5,9,9,1,100,11,11,2,2,0,0.01,0,0,0,0,0,0,104.2,1,9.1,1,100,1,100,0,0,0,0,0,0,0,0,0,0,100,3.5,-0.24,0,100,0,0,1.9,1.7,1.9,1.72,0.18,1.9,1.72,1.7
2023,431,Jake Bobo,SEA,WR,1,18,ARZ,16.666666666666664,33.33333333333333,26.4,1,25,1,25,9,1,3,3,21.4,9,81.8,9,9,1,100,6,6,3,3,0,0,0,0,0,0,0,0,104.2,0,0,0,0,1,100,0,0,0,0,0,0,0,0,0,0,50,3.55,0.857,0,100,0,0,1.9,1.6,1.9,1.62,0.28,1.9,1.62,1.6
2023,432,Cedric Tillman,CLV,WR,1,14,JAX,10.81081081081081,9.090909090909092,59.5,4,40,1,10,2.25,0.25,3,3,5.3,9,15.3,9,9,1,100,6,6,5,5,0,0.02,0,0,0,0,0,0,104.2,0,0,0,0,1,100,0,0,0,0,0,0,0,0,2,2,16.7,3.55,0.519,75,25,0,0,1.9,1.7,1.9,1.72,0.18,0.47,0.43,1.7
2023,433,Jimmy Graham,NO,TE,1,15,NYG,33.33333333333333,33.33333333333333,17.2,2,33.3,1,16.7,4,0.5,5,5,14.7,8,32,8,8,1,100,3,3,1,1,0,0.01,0,0,0,0,1,0.5,100,1,20,0,0,1,100,0,0,0,0,0,0,0,0,0,0,50,1.52,1.388,50,50,0,0,1.8,1.8,1.8,1.78,0.02,0.9,0.89,1.8
2023,434,Adam Thielen,CAR,WR,1,18,TB,15.909090909090908,11.76470588235294,92,7,77.8,2,22.2,1.14,0.29,5.5,11,26.8,8,24.2,4,8,1,50,2,2,0,0,0,0,0,0,0,0,1,0.143,60.4,2,40,0,0,2,100,0,0,1,50,0,0,0,0,0,0,25,-2.66,1.487,28.6,71.4,0,0,1.8,3.1,1.8,3.06,-1.26,0.26,0.44,3.1
2023,435,Mike Evans,TB,WR,1,14,ATL,14.583333333333334,7.6923076923076925,92.5,7,100,1,14.3,1.14,0.14,6,6,8.7,8,12.1,8,8,1,100,2,2,0,0,0,0.03,0,0,0,0,1,0.143,100,1,14.3,0,0,1,100,0,0,0,0,0,0,0,0,0,0,14.3,1.05,1.792,71.4,28.6,0,0,1.8,2.1,1.8,2.08,-0.28,0.26,0.3,2.1
2023,436,Jamison Crowder,WAS,WR,1,18,DAL,50,50,8.2,1,12.5,1,12.5,8,1,-4,-4,-9.3,8,22.2,8,8,1,100,12,12,1,1,0,0.01,0,0,0,0,0,0,100,1,12.5,1,100,1,100,0,0,0,0,0,0,0,0,0,0,100,3.51,-0.408,0,100,0,0,1.8,1.5,1.8,1.49,0.31,1.8,1.49,1.5
2023,437,Sterling Shepard,NYG,WR,1,18,PHI,60,100,24.2,3,23.1,3,23.1,2.67,1,2.33,7,6.5,8,5.1,2.67,4,2,66.7,5,2.5,0,0,0,0.02,0,0,0,0,0,0,70.1,3,30,1,33.3,2,66.7,0,0,0,0,0,0,0,0,0,0,100,-3.2,-0.302,0,100,0,0,2.8,3.6,2.8,3.64,-0.84,0.93,1.21,3.6
2023,438,Evan Engram,JAX,TE,1,15,BLT,15.068493150684931,4.878048780487805,83.6,11,78.6,2,14.3,0.73,0.18,4,8,4.7,8,7.2,4,8,1,50,6,6,1,1,0,0,0,0,0,0,0,0,60.4,1,8.3,0,0,1,50,0,0,0,0,0,0,0,0,0,0,15.4,-2.73,-0.661,27.3,54.5,18.2,0,1.8,1.7,1.8,1.67,0.13,0.16,0.15,1.7
2023,439,Tyler Conklin,NYJ,TE,1,16,WAS,19.047619047619047,19.047619047619047,82.4,8,72.7,4,36.4,1,0.5,6.75,27,45,8,17,2,8,1,25,6,6,2,2,0,0,0,2,1,0,0,0,39.6,2,22.2,0,0,1,25,0,0,0,0,0,0,0,0,0,0,44.4,-5.28,-0.53,12.5,87.5,0,0,1.8,1.8,1.8,1.76,0.04,0.23,0.22,1.8
2023,440,Jordan Akins,CLV,TE,1,15,CHI,20,14.285714285714285,14.9,3,20,1,6.7,2.67,0.33,6,6,3.2,8,3.7,8,8,1,100,2,2,1,1,0,0,0,0,0,0,0,0,100,1,8.3,0,0,1,100,0,0,0,0,0,0,0,0,0,0,33.3,0.91,0.565,0,66.7,33.3,0,1.8,1.8,1.8,1.81,-0.01,0.6,0.6,1.8
2023,441,Cedrick Wilson,MIA,WR,1,17,BLT,23.684210526315788,12.5,84.8,9,69.2,1,7.7,0.89,0.11,10,10,11,8,9.1,8,8,1,100,0,0,0,0,1,0.99,100,1,1,1,1,0.111,139.6,1,9.1,0,0,1,100,0,0,0,0,1,1,100,0,0,0,8.3,0.5,3.068,77.8,22.2,0,0,7.8,7.5,7.8,7.54,0.26,0.87,0.84,7.5
2023,442,Hunter Renfrow,LV,WR,1,14,MIN,42.857142857142854,57.14285714285714,49.1,6,66.7,4,44.4,1.33,0.67,1.75,7,36.8,8,34.8,2,4,2,50,9,4.5,2,1,0,0.02,0,1,0,0,0,0,56.3,4,44.4,1,25,3,75,0,0,1,25,0,0,0,0,0,0,66.7,-3.53,-1.536,0,100,0,0,1.8,5.1,1.8,5.1,-3.3,0.47,0.85,5.1
2023,443,DK Metcalf,SEA,WR,1,15,PHI,15.789473684210526,50,91.5,6,85.7,1,14.3,1.33,0.17,6,6,37.5,8,33.3,8,8,1,100,2,2,2,2,0,0,0,0,0,0,0,0,100,1,14.3,0,0,1,100,0,0,0,0,0,0,0,0,0,0,14.3,1.05,-0.117,83.3,16.7,0,0,1.8,1.8,1.8,1.78,0.02,0.3,0.3,1.8
2023,444,Isaiah Hodgins,NYG,WR,1,14,GB,8.695652173913043,50,36.4,2,25,1,12.5,4,0.5,17,17,23.9,8,8.2,8,8,1,100,0,0,0,0,1,0.71,100,1,1,1,1,0.5,139.6,0,0,0,0,1,100,0,0,0,0,0,0,0,0,0,0,50,-3.67,2.728,50,50,0,0,7.8,5.9,7.8,5.94,1.86,3.9,2.97,5.9
2023,445,Isaiah Hodgins,NYG,WR,1,18,PHI,47.82608695652174,50,78.8,11,84.6,1,7.7,0.73,0.09,6,6,5.6,8,5.1,8,8,1,100,2,2,1,1,0,0.01,0,0,0,0,0,0,100,1,10,0,0,1,100,0,0,0,0,0,0,0,0,0,0,8.3,1.05,0.589,72.7,27.3,0,0,1.8,1.9,1.8,1.91,-0.11,0.16,0.17,1.9
2023,446,Michael Pittman,IND,WR,1,15,PIT,6.896551724137931,14.285714285714285,30.8,2,33.3,1,16.7,4,0.5,3,3,9.7,8,15.1,8,8,1,100,5,5,0,0,0,0,0,0,0,0,1,0.5,100,1,25,0,0,1,100,0,0,0,0,0,0,0,0,0,0,50,2.55,1.233,50,50,0,0,1.8,1.7,1.8,1.69,0.11,0.9,0.85,1.7
2023,447,Brevin Jordan,HST,TE,1,16,CLV,7.6923076923076925,33.33333333333333,26.5,1,10,1,10,8,1,6,6,10.3,8,18.6,8,8,1,100,2,2,1,1,0,0,0,0,0,0,0,0,100,1,10,0,0,1,100,0,0,0,0,0,0,0,0,0,0,100,0.91,-0.13,0,100,0,0,1.8,1.8,1.8,1.83,-0.03,1.8,1.83,1.8
2023,448,Stone Smartt,LAC,TE,1,18,KC,46.15384615384615,20,40,6,35.3,1,5.9,1.33,0.17,9,9,6.7,8,6,8,8,1,100,-1,-1,0,0,0,0,0,0,0,0,0,0,100,1,6.3,0,0,1,100,0,0,0,0,0,0,0,0,0,0,14.3,0.74,-0.325,0,66.7,33.3,0,1.8,2.1,1.8,2.07,-0.27,0.3,0.35,2.1
2023,449,John Metchie,HST,WR,1,17,TEN,30,10,60.7,6,75,1,12.5,1.33,0.17,2,2,15.4,8,14.3,8,8,1,100,6,6,4,4,0,0.01,0,0,0,0,0,0,100,1,12.5,0,0,1,100,0,0,0,0,0,0,0,0,1,1,14.3,2.67,0.387,83.3,16.7,0,0,1.8,1.8,1.8,1.78,0.02,0.3,0.3,1.8
2023,450,Trey McBride,ARZ,TE,1,18,SEA,17.073170731707318,10.526315789473683,97.1,7,87.5,2,25,1.14,0.29,22,44,60.3,8,11.9,4,8,1,50,0,0,0,0,1,0.86,100,1,1,1,1,0.143,100,2,40,0,0,2,100,1,0,0,0,1,0,0,0,0,0,25,-8.62,1.746,0,100,0,0,7.8,8.8,7.8,8.79,-0.99,1.11,1.26,8.8
2023,451,Wan'Dale Robinson,NYG,WR,1,16,PHI,25.71428571428571,27.77777777777778,69.5,9,81.8,5,45.5,0.89,0.56,14.2,71,37.8,8,6.6,1.6,8,1,20,13,13,7,7,0,0.01,0,0,0,0,0,0,39.6,4,40,1,20,1,20,3,0,0,0,0,0,0,0,0,0,55.6,-7.3,-0.875,22.2,77.8,0,0,1.8,1.7,1.8,1.66,0.14,0.2,0.18,1.7
2023,452,Xavier Gipson,NYJ,WR,1,15,MIA,17.391304347826086,26.666666666666668,67.3,8,72.7,4,36.4,1,0.5,9,36,50,8,15.1,2,8,1,25,0,0,0,0,0,0,0,0,0,0,1,0.125,0,4,44.4,0,0,1,25,1,0,0,0,0,0,0,0,0,0,50,-5.93,-0.014,25,75,0,0,1.8,2,1.8,2.02,-0.22,0.23,0.25,2
2023,453,Xavier Hutchinson,HST,WR,1,17,TEN,19.047619047619047,40,42.6,4,50,2,25,2,0.5,1.5,3,23.1,8,14.3,4,4,2,100,5,2.5,1,0.5,0,0.02,0,1,0,0,0,0,83.3,2,25,1,50,2,100,0,0,0,0,0,0,0,0,0,0,40,-1.77,-0.587,50,50,0,0,2.8,3.4,2.8,3.35,-0.55,0.7,0.84,3.4
2023,454,Jalin Hyatt,NYG,WR,1,17,LA,26.08695652173913,50,76.1,6,60,1,10,1.33,0.17,2,2,3.9,8,16.3,8,8,1,100,6,6,2,2,0,0,0,0,0,0,0,0,100,0,0,0,0,1,100,0,0,0,0,0,0,0,0,0,0,16.7,2.67,0.245,83.3,16.7,0,0,1.8,1.7,1.8,1.69,0.11,0.3,0.28,1.7
2023,455,Tucker Kraft,GB,TE,1,15,TB,17.391304347826086,25,94.8,8,80,1,10,1,0.13,8,8,7.7,8,5.8,8,8,1,100,0,0,-1,-1,0,0,0,0,0,0,0,0,100,1,12.5,0,0,1,100,0,0,0,0,0,0,0,0,0,0,11.1,0.28,0.547,25,50,25,0,1.8,2,1.8,1.98,-0.18,0.23,0.25,2
2023,456,Tucker Kraft,GB,TE,1,16,CAR,13.043478260869565,50,92.1,6,66.7,2,22.2,1.33,0.33,28.5,57,52.8,8,12.5,4,8,1,50,3,3,2,2,0,0.13,0,1,0,0,1,0.167,60.4,2,25,0,0,1,50,1,0,0,0,0,0,0,0,0,0,25,-3.24,1.059,0,83.3,16.7,0,1.8,2.4,1.8,2.37,-0.57,0.3,0.39,2.4
2023,457,Brandin Cooks,DAL,WR,1,13,SEA,20.588235294117645,9.090909090909092,91.1,14,82.4,1,5.9,0.5,0.07,7,7,5.8,7,5.1,7,7,1,100,0,0,0,0,1,0.95,100,1,1,1,1,0.071,135.4,1,9.1,0,0,1,100,0,0,0,0,0,0,0,0,0,0,6.3,-0.06,1.967,64.3,35.7,0,0,7.7,7.4,7.7,7.4,0.3,0.55,0.53,7.4
2023,458,Logan Thomas,WAS,TE,1,15,LA,15.151515151515152,9.090909090909092,77.6,5,71.4,1,14.3,1.4,0.2,4,4,10,7,28,7,7,1,100,3,3,10,10,0,0,0,0,0,0,0,0,95.8,0,0,0,0,1,100,0,0,0,0,0,0,0,0,0,0,20,0.93,0.078,0,100,0,0,1.7,1.7,1.7,1.73,-0.03,0.34,0.35,1.7
2023,459,Davante Adams,LV,WR,1,15,LAC,19.444444444444446,10,82.5,7,100,1,14.3,1,0.14,3,3,4.1,7,11.5,7,7,1,100,4,4,3,3,0,0,0,0,0,0,0,0,95.8,1,50,0,0,1,100,0,0,0,0,0,0,0,0,0,0,14.3,1.55,-0.029,71.4,28.6,0,0,1.7,1.6,1.7,1.62,0.08,0.24,0.23,1.6
2023,460,Chris Godwin,TB,WR,1,18,CAR,10.638297872340425,5.555555555555555,76.6,5,83.3,1,16.7,1.4,0.2,6,6,7.3,7,87.5,7,7,1,100,1,1,0,0,0,0.01,0,0,0,0,0,0,95.8,1,16.7,0,0,1,100,0,0,0,0,1,1,100,0,0,0,16.7,0.05,0.114,60,40,0,0,1.7,1.2,1.7,1.22,0.48,0.34,0.24,1.2
2023,461,Keith Kirkwood,NO,WR,1,15,NYG,40,100,41.4,2,33.3,1,16.7,3.5,0.5,12,12,35.3,7,28,7,7,1,100,0,0,0,0,1,0.87,100,1,1,1,1,0.5,135.4,1,20,0,0,1,100,0,0,0,0,0,0,0,0,0,0,50,-2.05,2.355,0,100,0,0,7.7,6.7,7.7,6.74,0.96,3.85,3.37,6.7
2023,462,Diontae Johnson,PIT,WR,1,18,BLT,14.285714285714285,16.666666666666664,48.4,5,100,1,20,1.4,0.2,8,8,27.6,7,20,7,7,1,100,-1,-1,1,1,0,0,0,0,0,0,1,0.2,95.8,1,25,0,0,1,100,0,0,0,0,0,0,0,0,1,1,20,-0.51,0.776,60,40,0,0,1.7,2.1,1.7,2.07,-0.37,0.34,0.41,2.1
2023,463,Juwan Johnson,NO,TE,1,14,CAR,6.0606060606060606,7.142857142857142,40.4,2,33.3,1,16.7,3.5,0.5,3,3,13,7,21.2,7,7,1,100,4,4,4,4,0,0,0,0,0,0,0,0,95.8,1,16.7,0,0,1,100,0,0,0,0,0,0,0,0,0,0,33.3,0.68,0.474,0,50,50,0,1.7,1.7,1.7,1.69,0.01,0.85,0.85,1.7
2023,464,Tim Jones,JAX,WR,1,18,TEN,10,100,12.1,2,11.8,1,5.9,3.5,0.5,0,0,0,7,6.1,7,7,1,100,7,7,5,5,0,0,0,0,0,0,0,0,95.8,0,0,0,0,1,100,0,0,0,0,0,0,0,0,0,0,50,0.96,0.251,50,50,0,0,1.7,1.7,1.7,1.66,0.04,0.85,0.83,1.7
2023,465,Nico Collins,HST,WR,1,16,CLV,29.166666666666668,12.5,47.1,7,70,1,10,1,0.14,-4,-4,-6.9,7,16.3,7,7,1,100,11,11,2,2,0,0,0,0,0,0,0,0,95.8,1,10,1,100,1,100,0,0,0,0,0,0,0,0,0,0,14.3,2.51,-0.707,85.7,14.3,0,0,1.7,1.5,1.7,1.54,0.16,0.24,0.22,1.5
2023,466,Tutu Atwell,LA,WR,1,18,SF,52.94117647058824,66.66666666666666,93.5,9,100,4,44.4,0.78,0.44,3,12,21.4,7,15.9,1.75,3.5,2,50,6,3,3,1.5,0,0.04,0,1,0,0,2,0.222,16.7,3,37.5,1,25,3,75,0,0,1,25,0,0,0,0,1,0.5,44.4,-4.32,-0.862,44.4,55.6,0,0,2.7,5,2.7,4.99,-2.29,0.3,0.55,5
2023,467,Luke Farrell,JAX,TE,1,17,CAR,33.33333333333333,100,50,3,42.9,1,14.3,2.33,0.33,6,6,17.1,7,11.7,7,7,1,100,1,1,0,0,0,0,0,0,0,0,0,0,95.8,1,20,0,0,1,100,0,0,0,0,0,0,0,0,0,0,33.3,-0.09,0.552,0,66.7,33.3,0,1.7,1.6,1.7,1.62,0.08,0.57,0.54,1.6
2023,468,Britain Covey,PHI,WR,1,16,NYG,12.5,20,1.4,1,8.3,1,8.3,7,1,-3,-3,-4.5,7,7.1,7,7,1,100,10,10,3,3,0,0.01,0,0,0,0,0,0,95.8,1,10,1,100,1,100,0,0,0,0,0,0,0,0,0,0,100,2.06,0.006,0,100,0,0,1.7,1.7,1.7,1.66,0.04,1.7,1.66,1.7
2023,469,Justyn Ross,KC,WR,1,18,LAC,77.77777777777779,100,64.4,7,70,1,10,1,0.14,5,5,7.4,7,14.6,7,7,1,100,2,2,0,0,0,0,0,0,0,0,0,0,95.8,1,10,0,0,1,100,0,0,0,0,0,0,0,0,0,0,14.3,0.64,0.532,71.4,28.6,0,0,1.7,1.8,1.7,1.76,-0.06,0.24,0.25,1.8
2023,470,Romeo Doubs,GB,WR,1,13,KC,20.454545454545457,25,81,9,64.3,1,7.1,0.78,0.11,-1,-1,-1.2,7,8.9,7,7,1,100,8,8,1,1,0,0.01,0,0,0,0,0,0,95.8,1,9.1,1,100,1,100,0,0,0,0,0,0,0,0,0,0,7.7,0.83,0.311,66.7,33.3,0,0,1.7,1.7,1.7,1.68,0.02,0.19,0.19,1.7
2023,471,Daniel Bellinger,NYG,TE,1,17,LA,5,100,41.8,1,10,1,10,7,1,4,4,7.8,7,14.3,7,7,1,100,3,3,2,2,0,0.01,0,1,0,0,0,0,95.8,0,0,0,0,1,100,0,0,0,0,0,0,0,0,0,0,100,0.93,-0.119,0,100,0,0,1.7,1.6,1.7,1.61,0.09,1.7,1.61,1.6
2023,472,Wan'Dale Robinson,NYG,WR,1,17,LA,22.857142857142858,16.666666666666664,83.6,8,80,3,30,0.88,0.38,5,15,29.4,7,14.3,2.33,7,1,33.3,4,4,2,2,0,0,0,0,0,0,1,0.125,42.4,1,25,0,0,2,66.7,0,0,1,33.3,0,0,0,0,0,0,33.3,-3.96,0.111,0,87.5,0,12.5,1.7,3.6,1.7,3.55,-1.85,0.21,0.44,3.6
2023,473,Cade Otton,TB,TE,1,16,JAX,28.26086956521739,25,97.3,13,92.9,1,7.1,0.54,0.08,3,3,3.8,7,7.1,7,7,1,100,4,4,2,2,0,0.03,0,1,0,0,0,0,95.8,1,7.7,0,0,1,100,0,0,0,0,0,0,0,0,2,2,7.1,0.68,-0.214,53.8,38.5,7.7,0,1.7,1.8,1.7,1.8,-0.1,0.13,0.14,1.8
2023,474,Parker Washington,JAX,WR,1,15,BLT,17.77777777777778,26.666666666666668,44.3,8,57.1,4,28.6,0.88,0.5,10.5,42,24.6,7,6.3,1.75,3.5,2,50,0,0,0,0,0,0.19,0,1,0,0,0,0,56.3,3,25,0,0,3,75,1,0,1,25,0,0,0,0,0,0,50,-6.28,-1.497,37.5,62.5,0,0,2.7,6,2.7,6.04,-3.34,0.34,0.76,6
2023,475,Dalton Kincaid,BUF,TE,1,16,LAC,16.666666666666664,12.5,40.4,5,45.5,2,18.2,1.4,0.4,2.5,5,5.2,7,9.7,3.5,7,1,50,2,2,1,1,0,0,0,0,0,0,0,0,58.3,1,12.5,0,0,1,50,0,0,0,0,0,0,0,0,0,0,33.3,-2.38,-0.768,0,100,0,0,1.7,1.7,1.7,1.74,-0.04,0.34,0.35,1.7
2023,476,Jimmy Graham,NO,TE,1,13,DET,16.666666666666664,33.33333333333333,3,1,11.1,1,11.1,6,1,10,10,7.6,6,7.1,6,6,1,100,0,0,0,0,1,0.72,100,1,1,1,1,1,131.3,1,12.5,0,0,1,100,0,0,0,0,0,0,0,0,0,0,100,-1.77,1.869,0,100,0,0,7.6,5.6,7.6,5.56,2.04,7.6,5.56,5.6
2023,477,Julio Jones,PHI,WR,1,15,SEA,5.555555555555555,12.5,31.9,1,8.3,1,8.3,6,1,6,6,5.7,6,7.5,6,6,1,100,0,0,0,0,0,0.03,0,1,0,0,1,1,91.7,1,10,0,0,1,100,0,0,0,0,0,0,0,0,0,0,33.3,-0.95,2.263,0,100,0,0,1.6,2,1.6,1.96,-0.36,1.6,1.96,2
2023,478,Travis Kelce,KC,TE,1,17,CIN,19.148936170212767,20,83,9,81.8,2,18.2,0.67,0.22,4.5,9,12.9,6,5.8,3,6,1,50,1,1,1,1,0,0,0,0,0,0,0,0,56.3,2,22.2,0,0,2,100,0,0,1,50,0,0,0,0,0,0,20,-3.27,-0.548,22.2,66.7,11.1,0,1.6,3.4,1.6,3.37,-1.77,0.18,0.37,3.4
2023,479,Brandin Cooks,DAL,WR,1,16,MIA,11.76470588235294,9.090909090909092,77,8,66.7,1,8.3,0.75,0.13,6,6,7.4,6,5.1,6,6,1,100,0,0,0,0,0,0,0,0,0,0,0,0,91.7,1,12.5,0,0,1,100,0,0,0,0,1,1,100,0,0,0,12.5,-0.95,0.236,75,25,0,0,1.6,1,1.6,0.98,0.62,0.2,0.12,1
2023,480,Tyler Boyd,CIN,WR,1,14,IND,8.823529411764707,6.25,49.1,3,75,1,25,2,0.33,5,5,31.3,6,21.4,6,6,1,100,1,1,0,0,0,0.18,0,1,0,0,0,0,91.7,1,25,0,0,1,100,0,0,0,0,0,0,0,0,0,0,25,-0.36,-0.012,33.3,66.7,0,0,1.6,2.8,1.6,2.77,-1.17,0.53,0.92,2.8
2023,481,Tyreek Hill,MIA,WR,1,17,BLT,23.91304347826087,21.052631578947366,71.2,11,84.6,4,30.8,0.55,0.36,7.25,29,31.9,6,6.8,1.5,6,1,25,9,9,2,2,0,0.14,0,2,1,0,0,0,39.6,4,36.4,1,25,2,50,0,0,1,25,0,0,0,0,0,0,33.3,-5.98,-0.537,45.5,54.5,0,0,1.6,3.9,1.6,3.91,-2.31,0.15,0.36,3.9
2023,482,Mo Alie-Cox,IND,TE,1,18,HST,50,50,54.8,3,42.9,1,14.3,2,0.33,5,5,10.4,6,8.6,6,6,1,100,1,1,1,1,0,0.02,0,0,0,0,0,0,91.7,1,25,0,0,1,100,0,0,0,0,0,0,0,0,0,0,33.3,-0.48,-0.952,0,33.3,66.7,0,1.6,1.8,1.6,1.76,-0.16,0.53,0.59,1.8
2023,483,Curtis Samuel,WAS,WR,1,18,DAL,15.625,12.5,57.1,5,62.5,2,25,1.2,0.4,9,18,41.9,6,16.7,3,6,1,50,0,0,0,0,0,0,0,0,0,0,0,0,16.7,2,25,0,0,1,50,0,0,0,0,0,0,0,0,0,0,28.6,-5,-1.225,40,60,0,0,1.6,1.8,1.6,1.8,-0.2,0.32,0.36,1.8
2023,484,George Kittle,SF,TE,1,17,WAS,18.181818181818183,12.5,91.2,8,88.9,1,11.1,0.75,0.13,4,4,4.9,6,5,6,6,1,100,2,2,1,1,0,0,0,0,0,0,0,0,91.7,1,12.5,0,0,1,100,0,0,0,0,0,0,0,0,0,0,11.1,-0.07,0.275,12.5,50,37.5,0,1.6,1.7,1.6,1.66,-0.06,0.2,0.21,1.7
2023,485,Robert Tonyan,CHI,TE,1,17,ATL,62.5,100,65.3,10,66.7,1,6.7,0.6,0.1,0,0,0,6,4.3,6,6,1,100,6,6,0,0,0,0,0,0,0,0,0,0,91.7,1,7.1,0,0,1,100,0,0,0,0,0,0,0,0,0,0,8.3,0.71,-0.757,50,30,20,0,1.6,1.6,1.6,1.63,-0.03,0.16,0.16,1.6
2023,486,Zay Jones,JAX,WR,1,15,BLT,17.391304347826086,14.285714285714285,60.7,8,57.1,1,7.1,0.75,0.13,1,1,0.6,6,5.4,6,6,1,100,5,5,3,3,0,0.01,0,0,0,0,1,0.125,91.7,1,8.3,1,100,1,100,0,0,0,0,0,0,0,0,0,0,11.1,0.88,0.615,62.5,37.5,0,0,1.6,1.6,1.6,1.55,0.05,0.2,0.19,1.6
2023,487,Zay Jones,JAX,WR,1,18,TEN,32.608695652173914,28.57142857142857,93.9,15,88.2,2,11.8,0.4,0.13,10.5,21,15.3,6,5.2,3,6,1,50,1,1,1,1,0,0.51,0,1,0,0,0,0,56.3,2,16.7,0,0,2,100,0,0,1,50,1,0,0,0,0,0,12.5,-5.23,-0.244,86.7,13.3,0,0,1.6,6.3,1.6,6.33,-4.73,0.11,0.42,6.3
2023,488,Will Dissly,SEA,TE,1,16,TEN,28.57142857142857,50,27.1,2,25,1,12.5,3,0.5,-3,-3,-16.7,6,17.6,6,6,1,100,9,9,5,5,0,0,0,0,0,0,0,0,91.7,1,12.5,1,100,1,100,0,0,0,0,0,0,0,0,0,0,50,0.13,0.047,0,50,50,0,1.6,1.6,1.6,1.63,-0.03,0.8,0.82,1.6
2023,489,Richie James,KC,WR,1,17,CIN,16.666666666666664,16.666666666666664,22.6,3,27.3,1,9.1,2,0.33,4,4,5.7,6,5.8,6,6,1,100,2,2,1,1,0,0,0,0,0,0,0,0,91.7,1,11.1,0,0,1,100,0,0,0,0,0,0,0,0,1,1,25,-0.05,0.464,33.3,66.7,0,0,1.6,1.7,1.6,1.71,-0.11,0.53,0.57,1.7
2023,490,Braxton Berrios,MIA,WR,1,14,TEN,21.951219512195124,16.666666666666664,47.8,9,75,1,8.3,0.67,0.11,-1,-1,-1.1,6,5.9,6,6,1,100,7,7,2,2,0,0,0,0,0,0,0,0,91.7,1,11.1,0,0,1,100,0,0,0,0,0,0,0,0,1,1,11.1,-0.17,0.373,11.1,88.9,0,0,1.6,1.5,1.6,1.54,0.06,0.18,0.17,1.5
2023,491,Durham Smythe,MIA,TE,1,18,BUF,18.6046511627907,10,77.1,8,66.7,1,8.3,0.75,0.13,5,5,3.4,6,10.5,6,6,1,100,1,1,1,1,0,0,0,0,0,0,1,0.125,91.7,1,9.1,0,0,1,100,0,0,0,0,1,1,100,0,0,0,11.1,-0.48,0.501,25,37.5,25,12.5,1.6,0.9,1.6,0.92,0.68,0.2,0.11,0.9
2023,492,Calvin Ridley,JAX,WR,1,17,CAR,10,10,72.6,7,100,1,14.3,0.86,0.14,6,6,17.1,6,10,6,6,1,100,0,0,1,1,0,0,0,0,0,0,0,0,91.7,0,0,0,0,1,100,0,0,0,0,0,0,0,0,0,0,14.3,-0.95,-0.028,71.4,28.6,0,0,1.6,1.9,1.6,1.92,-0.32,0.23,0.27,1.9
2023,493,Deebo Samuel,SF,WR,1,17,WAS,19.148936170212767,7.6923076923076925,83.8,9,100,1,11.1,0.67,0.11,-4,-4,-4.9,6,5,6,6,1,100,10,10,0,0,0,0.05,0,1,0,0,0,0,91.7,1,12.5,1,100,1,100,0,0,0,0,0,0,0,0,0,0,11.1,1.51,-0.663,55.6,33.3,0,11.1,1.6,1.8,1.6,1.81,-0.21,0.18,0.2,1.8
2023,494,Harrison Bryant,CLV,TE,1,16,HST,33.33333333333333,100,25.3,2,20,1,10,3,0.5,4,4,3.1,6,8.7,6,6,1,100,2,2,2,2,0,0,0,0,0,0,0,0,91.7,1,11.1,0,0,1,100,0,0,0,0,0,0,0,0,0,0,50,-0.07,0.258,50,50,0,0,1.6,1.7,1.6,1.69,-0.09,0.8,0.84,1.7
2023,495,Darnell Mooney,CHI,WR,1,16,ARZ,16.666666666666664,23.076923076923077,80.6,5,100,3,60,1.2,0.6,7.67,23,71.9,6,54.5,2,6,1,33.3,0,0,0,0,0,0.01,0,0,0,0,1,0.2,42.4,3,60,0,0,2,66.7,0,0,0,0,0,0,0,0,0,0,60,-5.3,-0.063,20,80,0,0,1.6,3.6,1.6,3.57,-1.97,0.32,0.71,3.6
2023,496,Justin Jefferson,MIN,WR,1,17,GB,21.21212121212121,16.666666666666664,100,7,100,2,28.6,0.86,0.29,9.5,19,41.3,6,15.4,3,6,1,50,0,0,0,0,0,0.04,0,2,1,0,0,0,56.3,1,20,0,0,1,50,0,0,0,0,0,0,0,0,0,0,28.6,-4.93,-1.393,42.9,57.1,0,0,1.6,1.9,1.6,1.86,-0.26,0.23,0.27,1.9
2023,497,Lynn Bowden,NO,WR,1,17,TB,11.76470588235294,20,25.7,2,13.3,1,6.7,3,0.5,-3,-3,-2.5,6,5.5,6,6,1,100,9,9,6,6,0,0,0,0,0,0,0,0,91.7,1,9.1,1,100,1,100,0,0,0,0,0,0,0,0,2,2,50,1.06,-0.055,50,50,0,0,1.6,1.7,1.6,1.67,-0.07,0.8,0.84,1.7
2023,498,Adam Trautman,DEN,TE,1,13,HST,18.181818181818183,40,62.7,2,28.6,2,28.6,3,1,9,18,18.9,6,6.7,3,6,1,50,0,0,0,0,0,0,0,1,1,0,0,0,56.3,2,33.3,0,0,1,50,0,0,0,0,0,0,0,0,0,0,66.7,-4.88,-0.186,0,100,0,0,1.6,1.8,1.6,1.84,-0.24,0.8,0.92,1.8
2023,499,Brevin Jordan,HST,TE,1,14,NYJ,38.46153846153847,33.33333333333333,76.9,5,100,1,20,1.2,0.2,5,5,8.6,6,100,6,6,1,100,1,1,0,0,0,0,0,0,0,0,0,0,91.7,1,33.3,0,0,1,100,0,0,0,0,0,0,0,0,0,0,20,-0.48,0.011,40,20,40,0,1.6,1.8,1.6,1.75,-0.15,0.32,0.35,1.8
2023,500,John Bates,WAS,TE,1,17,SF,37.5,50,58.1,3,25,1,8.3,2,0.33,2,2,2.2,6,5.7,6,6,1,100,4,4,1,1,0,0,0,0,0,0,0,0,91.7,0,0,0,0,1,100,0,0,0,0,0,0,0,0,0,0,33.3,-0.37,-2.85,0,100,0,0,1.6,1.6,1.6,1.62,-0.02,0.53,0.54,1.6
2023,501,Ihmir Smith-Marsette,CAR,WR,1,18,TB,15.384615384615385,28.57142857142857,18,2,22.2,2,22.2,3,1,0,0,0,6,18.2,3,6,1,50,3,3,3,3,0,0,0,0,0,0,1,0.5,56.3,1,20,0,0,2,100,0,0,1,50,0,0,0,0,0,0,100,-2.2,0.438,0,100,0,0,1.6,3.2,1.6,3.23,-1.63,0.8,1.62,3.2
2023,502,Pat Freiermuth,PIT,TE,1,15,IND,15.384615384615385,10,75.9,4,66.7,1,16.7,1.5,0.25,5,5,8.6,6,20.7,6,6,1,100,1,1,1,1,0,0,0,0,0,0,0,0,91.7,1,25,0,0,1,100,0,0,0,0,0,0,0,0,0,0,25,-0.48,-0.137,0,50,50,0,1.6,1.7,1.6,1.74,-0.14,0.4,0.44,1.7
2023,503,Rondale Moore,ARZ,WR,1,13,PIT,19.444444444444446,18.181818181818183,52.4,7,77.8,2,22.2,0.86,0.29,23.5,47,46.5,6,10,3,6,1,50,1,1,0,0,0,0.06,0,0,0,0,0,0,56.3,1,14.3,0,0,2,100,1,0,1,50,0,0,0,0,1,1,25,-7.68,-0.662,42.9,57.1,0,0,1.6,5.8,1.6,5.78,-4.18,0.23,0.83,5.8
2023,504,Drake London,ATL,WR,1,14,TB,20,15.384615384615385,75.4,10,66.7,2,13.3,0.6,0.2,3,6,5.5,6,4.6,3,3,2,100,0,0,0,0,0,0.01,0,1,0,0,0,0,79.2,2,14.3,0,0,2,100,0,0,0,0,0,0,0,0,0,0,15.4,-2.69,-0.432,80,20,0,0,2.6,3.2,2.6,3.18,-0.58,0.26,0.32,3.2
2023,505,Jameson Williams,DET,WR,1,17,DAL,17.24137931034483,28.57142857142857,65.7,5,35.7,2,14.3,1.2,0.4,10.5,21,17.8,6,5.9,3,6,1,50,0,0,0,0,0,0,0,0,0,0,0,0,56.3,2,15.4,0,0,1,50,0,0,0,0,0,0,0,0,0,0,33.3,-5.68,-0.767,60,40,0,0,1.6,1.9,1.6,1.87,-0.27,0.32,0.37,1.9
2023,506,David Bell,CLV,WR,1,13,LA,18.181818181818183,16.666666666666664,39.1,4,57.1,1,14.3,1.5,0.25,6,6,5.5,6,23.1,6,6,1,100,0,0,0,0,0,0,0,0,0,0,0,0,91.7,1,16.7,0,0,1,100,0,0,0,0,0,0,0,0,0,0,25,-0.95,-0.024,75,25,0,0,1.6,1.8,1.6,1.82,-0.22,0.4,0.45,1.8
2023,507,David Bell,CLV,WR,1,16,HST,9.090909090909092,16.666666666666664,25.3,2,20,1,10,3,0.5,-1,-1,-0.8,6,8.7,6,6,1,100,7,7,1,1,0,0.04,0,0,0,0,1,0.5,91.7,1,11.1,1,100,1,100,0,0,0,0,0,0,0,0,0,0,33.3,-0.17,0.64,50,50,0,0,1.6,2,1.6,2.01,-0.41,0.8,1.01,2
2023,508,David Bell,CLV,WR,1,17,NYJ,31.818181818181817,16.666666666666664,56.9,7,87.5,1,12.5,0.86,0.14,4,4,7.1,6,7.1,6,6,1,100,2,2,1,1,0,0,0,0,0,0,0,0,91.7,1,14.3,0,0,1,100,0,0,0,0,0,0,0,0,0,0,14.3,-0.05,-0.868,85.7,14.3,0,0,1.6,1.8,1.6,1.77,-0.17,0.23,0.25,1.8
2023,509,Trey McBride,ARZ,TE,1,17,PHI,17.073170731707318,5.263157894736842,87.5,7,70,1,10,0.86,0.14,1,1,1.7,6,5.2,6,6,1,100,5,5,3,3,0,0,0,0,0,0,0,0,91.7,1,11.1,0,0,1,100,0,0,0,0,0,0,0,0,0,0,11.1,0.22,0.348,0,57.1,42.9,0,1.6,1.6,1.6,1.64,-0.04,0.23,0.23,1.6
2023,510,Isaiah Likely,BLT,TE,1,15,JAX,2.941176470588235,8.333333333333332,73.9,1,100,1,100,6,1,-6,-6,0,6,100,6,6,1,100,12,12,1,1,0,0.01,0,0,0,0,0,0,91.7,1,100,1,100,1,100,0,0,0,0,0,0,0,0,0,0,100,-1.12,0.1,0,100,0,0,1.6,1.6,1.6,1.62,-0.02,1.6,1.62,1.6
2023,511,Cade Otton,TB,TE,1,17,NO,19.565217391304348,25,94,9,81.8,1,9.1,0.67,0.11,4,4,2.8,6,5.7,6,6,1,100,2,2,1,1,0,0,0,0,0,0,1,0.111,91.7,1,11.1,0,0,1,100,0,0,0,0,0,0,0,0,0,0,9.1,-0.07,0.578,33.3,55.6,11.1,0,1.6,1.6,1.6,1.64,-0.04,0.18,0.18,1.6
2023,512,Parker Washington,JAX,WR,1,16,TB,17.77777777777778,20,57.4,8,57.1,3,21.4,0.75,0.38,10,30,31.3,6,10.2,2,6,1,33.3,3,3,1,1,0,0.01,0,0,0,0,0,0,2.8,3,25,0,0,1,33.3,0,0,0,0,0,0,0,0,0,0,37.5,-6.21,-1.205,37.5,62.5,0,0,1.6,1.7,1.6,1.67,-0.07,0.2,0.21,1.7
2023,513,Xavier Hutchinson,HST,WR,1,18,IND,19.047619047619047,60,64.3,4,66.7,3,50,1.5,0.75,14,42,95.5,6,13.3,2,6,1,33.3,1,1,0,0,0,0,0,0,0,0,0,0,42.4,2,40,0,0,1,33.3,1,0,0,0,0,0,0,0,0,0,60,-6.3,-0.664,0,100,0,0,1.6,1.8,1.6,1.84,-0.24,0.4,0.46,1.8
2023,514,Andrei Iosivas,CIN,WR,1,16,PIT,37.5,33.33333333333333,70.5,6,54.5,1,9.1,1,0.17,5,5,7.6,6,6.7,6,6,1,100,1,1,1,1,0,0,0,0,0,0,0,0,91.7,1,9.1,0,0,1,100,0,0,0,0,0,0,0,0,0,0,12.5,-0.36,0.231,83.3,16.7,0,0,1.6,1.7,1.6,1.67,-0.07,0.27,0.28,1.7
2023,515,Trey Palmer,TB,WR,1,13,CAR,14.285714285714285,16.666666666666664,60.3,6,100,2,33.3,1,0.33,6,12,16.2,6,7.1,3,6,1,50,1,1,0,0,0,0,0,0,0,0,1,0.167,56.3,2,33.3,0,0,2,100,0,0,0,0,1,0,0,0,0,0,33.3,-3.71,-0.036,66.7,33.3,0,0,1.6,3,1.6,3.02,-1.42,0.27,0.5,3
2023,516,Julio Jones,PHI,WR,1,16,NYG,38.88888888888889,37.5,25.7,7,58.3,3,25,0.71,0.43,2,6,9,5,5.1,1.67,5,1,33.3,5,5,1,1,0,0.01,0,1,0,0,0,0,42.4,2,20,1,33.3,1,33.3,0,0,0,0,0,0,0,0,0,0,37.5,-4.68,-0.756,28.6,71.4,0,0,1.5,1.8,1.5,1.84,-0.34,0.21,0.26,1.8
2023,517,Travis Kelce,KC,TE,1,16,LV,14.893617021276595,10,79.7,7,77.8,1,11.1,0.71,0.14,0,0,0,5,8.9,5,5,1,100,5,5,1,1,0,0.01,0,0,0,0,0,0,87.5,0,0,0,0,1,100,0,0,0,0,0,0,0,0,0,0,12.5,-0.29,0.107,42.9,28.6,28.6,0,1.5,1.6,1.5,1.63,-0.13,0.21,0.23,1.6
2023,518,DeAndre Hopkins,TEN,WR,1,14,MIA,16.27906976744186,9.090909090909092,63.2,7,87.5,1,12.5,0.71,0.14,5,5,11.1,5,10.6,5,5,1,100,0,0,0,0,0,0,0,0,0,0,1,0.143,87.5,1,14.3,0,0,1,100,0,0,0,0,0,0,0,0,0,0,14.3,-1.36,0.548,85.7,14.3,0,0,1.5,1.7,1.5,1.73,-0.23,0.21,0.25,1.7
2023,519,Willie Snead,SF,WR,1,16,BLT,100,100,33.8,5,33.3,2,13.3,1,0.4,6,12,15.2,5,4.5,2.5,5,1,50,0,0,0,0,0,0.02,0,1,0,0,0,0,56.3,2,20,0,0,1,50,0,0,0,0,0,0,0,0,0,0,40,-4.21,-0.685,20,80,0,0,1.5,1.7,1.5,1.73,-0.23,0.3,0.35,1.7
2023,520,Mike Evans,TB,WR,1,16,JAX,25,15.384615384615385,76.7,12,85.7,2,14.3,0.42,0.17,2.5,5,6.4,5,5.1,2.5,5,1,50,3,3,2,2,0,0.01,0,0,0,0,1,0.083,56.3,2,15.4,0,0,1,50,0,0,0,0,0,0,0,0,0,0,15.4,-2.89,-0.027,66.7,33.3,0,0,1.5,1.3,1.5,1.28,0.22,0.13,0.11,1.3
2023,521,Austin Hooper,LV,TE,1,18,DEN,30,100,86.4,6,60,1,10,0.83,0.17,5,5,4.8,5,5.6,5,5,1,100,0,0,0,0,0,0.49,0,1,0,0,1,0.167,87.5,1,10,0,0,1,100,0,0,0,0,1,1,100,0,0,0,12.5,-1.48,0.757,50,50,0,0,1.5,3.9,1.5,3.93,-2.43,0.25,0.65,3.9
2023,522,Kalif Raymond,DET,WR,1,14,CHI,10.526315789473683,20,33.3,2,28.6,1,14.3,2.5,0.5,-3,-3,-42.9,5,33.3,5,5,1,100,8,8,1,1,0,0.01,0,0,0,0,0,0,87.5,1,14.3,1,100,1,100,0,0,0,0,0,0,0,0,0,0,25,0.06,0.026,0,100,0,0,1.5,1.6,1.5,1.63,-0.13,0.75,0.82,1.6
2023,523,Richie James,KC,WR,1,16,LV,16.666666666666664,16.666666666666664,33.8,3,33.3,1,11.1,1.67,0.33,3,3,4.8,5,8.9,5,5,1,100,2,2,2,2,0,0,0,0,0,0,1,0.333,87.5,1,25,0,0,1,100,0,0,0,0,0,0,0,0,1,1,33.3,-0.45,1.172,66.7,33.3,0,0,1.5,1.7,1.5,1.69,-0.19,0.5,0.56,1.7
2023,524,Dalton Schultz,HST,TE,1,18,IND,8.333333333333332,20,78.6,2,33.3,1,16.7,2.5,0.5,4,4,9.1,5,11.1,5,5,1,100,1,1,0,0,0,0,0,0,0,0,1,0.5,87.5,1,20,0,0,1,100,0,0,0,0,0,0,0,0,0,0,25,-1.07,1.221,0,50,50,0,1.5,1.7,1.5,1.74,-0.24,0.75,0.87,1.7
2023,525,D.J. Moore,CHI,WR,1,16,ARZ,9.523809523809524,8.333333333333332,74.6,4,80,1,20,1.25,0.25,5,5,15.6,5,45.5,5,5,1,100,0,0,0,0,0,0,0,0,0,0,0,0,87.5,1,20,0,0,1,100,0,0,0,0,0,0,0,0,0,0,25,-1.36,0.328,50,50,0,0,1.5,1.9,1.5,1.86,-0.36,0.38,0.47,1.9
2023,526,Jakobi Meyers,LV,WR,1,14,MIN,21.62162162162162,15.384615384615385,98.1,8,88.9,2,22.2,0.63,0.25,0,0,0,5,21.7,2.5,2.5,2,100,5,2.5,4,2,0,0.01,0,0,0,0,1,0.125,79.2,2,22.2,1,50,2,100,0,0,0,0,0,0,0,0,1,0.5,22.2,-2.77,-0.186,75,25,0,0,2.5,3.2,2.5,3.23,-0.73,0.31,0.4,3.2
2023,527,Jalen Guyton,LAC,WR,1,13,NE,20,33.33333333333333,62.3,3,100,1,33.3,1.67,0.33,3,3,7.5,5,17.9,5,5,1,100,2,2,0,0,0,0.02,0,0,0,0,0,0,87.5,1,50,0,0,1,100,0,0,0,0,0,0,0,0,0,0,33.3,-0.45,0.021,33.3,66.7,0,0,1.5,1.9,1.5,1.92,-0.42,0.5,0.64,1.9
2023,528,Darius Slayton,NYG,WR,1,14,GB,16.216216216216218,14.285714285714285,92.7,6,75,1,12.5,0.83,0.17,4,4,5.6,5,5.1,5,5,1,100,1,1,0,0,0,0,0,0,0,0,0,0,87.5,1,20,0,0,1,100,0,0,0,0,0,0,0,0,0,0,12.5,-1.05,0.019,66.7,33.3,0,0,1.5,1.7,1.5,1.7,-0.2,0.25,0.28,1.7
2023,529,Noah Fant,SEA,TE,1,15,PHI,22.727272727272727,37.5,61,5,71.4,3,42.9,1,0.6,4,12,75,5,20.8,1.67,5,1,33.3,0,0,0,0,0,0,0,0,0,0,0,0,42.4,3,42.9,0,0,2,66.7,0,0,1,33.3,0,0,0,0,0,0,50,-4.78,-0.684,20,80,0,0,1.5,3.4,1.5,3.42,-1.92,0.3,0.68,3.4
2023,530,Noah Gray,KC,TE,1,16,LV,6.666666666666667,50,40.5,1,11.1,1,11.1,5,1,4,4,6.3,5,8.9,5,5,1,100,1,1,0,0,0,0,0,0,0,0,1,1,87.5,1,25,0,0,1,100,0,0,0,0,0,0,0,0,0,0,100,-1.07,0.366,0,100,0,0,1.5,1.7,1.5,1.71,-0.21,1.5,1.71,1.7
2023,531,Kadarius Toney,KC,WR,1,15,NE,38.46153846153847,60,39.3,5,45.5,3,27.3,1,0.6,-0.67,-2,-3.2,5,5.8,1.67,2.5,2,66.7,12,6,3,1.5,0,0.03,0,1,0,0,0,0,30.6,3,33.3,2,66.7,3,100,0,0,1,33.3,0,0,0,0,0,0,37.5,-3.6,-1.652,20,80,0,0,2.5,4.7,2.5,4.73,-2.23,0.5,0.95,4.7
2023,532,Kyle Pitts,ATL,TE,1,17,CHI,13.953488372093023,7.6923076923076925,72.9,6,66.7,1,11.1,0.83,0.17,4,4,3.3,5,13.9,5,5,1,100,1,1,1,1,0,0,0,0,0,0,0,0,87.5,1,14.3,0,0,1,100,0,0,0,0,0,0,0,0,0,0,16.7,-1.07,-0.041,16.7,83.3,0,0,1.5,1.7,1.5,1.68,-0.18,0.25,0.28,1.7
2023,533,Connor Heyward,PIT,TE,1,14,NE,28.57142857142857,100,16.7,2,22.2,1,11.1,2.5,0.5,0,0,0,5,11.1,5,5,1,100,5,5,7,7,0,0,0,0,0,0,0,0,87.5,0,0,0,0,1,100,0,0,0,0,0,0,0,0,0,0,50,-0.29,0.061,0,100,0,0,1.5,1.6,1.5,1.6,-0.1,0.75,0.8,1.6
2023,534,Peyton Hendershot,DAL,TE,1,15,BUF,40,50,12.3,2,10.5,1,5.3,2.5,0.5,4,4,3.5,5,5.4,5,5,1,100,1,1,1,1,0,0,0,0,0,0,0,0,87.5,1,7.1,0,0,1,100,0,0,0,0,0,0,0,0,0,0,50,-1.07,0.137,0,100,0,0,1.5,1.7,1.5,1.68,-0.18,0.75,0.84,1.7
2023,535,John Metchie,HST,WR,1,18,IND,25,10,66.1,5,83.3,1,16.7,1,0.2,0,0,0,5,11.1,5,5,1,100,5,5,1,1,0,0,0,0,0,0,0,0,87.5,1,20,0,0,1,100,0,0,0,0,0,0,0,0,0,0,16.7,-1.04,0.026,80,20,0,0,1.5,1.7,1.5,1.65,-0.15,0.3,0.33,1.7
2023,536,Jalen Tolbert,DAL,WR,1,18,WAS,15,50,33.3,6,50,1,8.3,0.83,0.17,5,5,6.3,5,7.5,5,5,1,100,0,0,0,0,0,0.01,0,0,0,0,1,0.167,87.5,1,10,0,0,1,100,0,0,0,0,1,1,100,0,0,0,16.7,-1.36,1.006,83.3,16.7,0,0,1.5,1.3,1.5,1.31,0.19,0.25,0.22,1.3
2023,537,Skyy Moore,KC,WR,1,13,GB,66.66666666666666,66.66666666666666,65.6,8,50,2,12.5,0.63,0.25,8.5,17,8.5,5,6.3,2.5,5,1,50,0,0,0,0,0,0,0,0,0,0,1,0.125,16.7,2,15.4,0,0,1,50,0,0,0,0,0,0,0,0,0,0,18.2,-5.2,-1.41,50,37.5,12.5,0,1.5,1.8,1.5,1.76,-0.26,0.19,0.22,1.8
2023,538,Wan'Dale Robinson,NYG,WR,1,15,NO,11.428571428571429,5.555555555555555,86.9,4,80,1,20,1.25,0.25,4,4,21.1,5,23.8,5,5,1,100,1,1,1,1,0,0.01,0,0,0,0,1,0.25,87.5,1,33.3,0,0,1,100,0,0,0,0,0,0,0,0,0,0,20,-1.05,0.256,25,75,0,0,1.5,1.7,1.5,1.7,-0.2,0.38,0.43,1.7
2023,539,Andrei Iosivas,CIN,WR,1,15,MIN,18.75,66.66666666666666,26.1,3,17.6,2,11.8,1.67,0.67,0.5,1,0.8,5,3.8,2.5,5,1,50,9,9,2,2,0,0.01,0,0,0,0,1,0.333,56.3,1,7.7,0,0,1,50,0,0,0,0,0,0,0,0,0,0,66.7,-2.92,0.065,33.3,66.7,0,0,1.5,1.4,1.5,1.44,0.06,0.5,0.48,1.4
2023,540,Ronnie Bell,SF,WR,1,18,LA,50,66.66666666666666,63.8,4,80,2,40,1.25,0.5,12.5,25,43.9,5,23.8,2.5,5,1,50,0,0,0,0,1,0.72,100,1,1,1,1,0.25,95.8,2,50,0,0,2,100,0,0,0,0,2,1,50,0,0,0,40,-7.09,1.454,50,50,0,0,7.5,6.3,7.5,6.34,1.16,1.88,1.59,6.3
2023,541,Jalin Hyatt,NYG,WR,1,14,GB,30.434782608695656,50,63.6,7,87.5,1,12.5,0.71,0.14,2,2,2.8,5,5.1,5,5,1,100,3,3,2,2,0,0,0,0,0,0,0,0,87.5,0,0,0,0,1,100,0,0,0,0,0,0,0,0,1,1,14.3,-0.33,-0.313,85.7,14.3,0,0,1.5,1.7,1.5,1.69,-0.19,0.21,0.24,1.7
2023,542,Josh Downs,IND,WR,1,13,TEN,14.285714285714285,11.76470588235294,66.2,5,71.4,2,28.6,1,0.4,1,2,5.4,5,29.4,2.5,5,1,50,8,8,2,2,0,0,0,0,0,0,0,0,56.3,2,33.3,1,50,2,100,0,0,0,0,1,0,0,0,0,0,40,-3.15,-0.092,0,80,0,20,1.5,2.7,1.5,2.67,-1.17,0.3,0.53,2.7
2023,543,Jonathan Mingo,CAR,WR,1,15,ATL,10.526315789473683,12.5,90.5,4,80,1,20,1.25,0.25,5,5,16.1,5,35.7,5,5,1,100,0,0,7,7,0,0,0,0,0,0,0,0,87.5,1,20,0,0,1,100,0,0,0,0,0,0,0,0,0,0,20,-1.36,-0.395,75,25,0,0,1.5,1.7,1.5,1.72,-0.22,0.38,0.43,1.7
2023,544,Randall Cobb,NYJ,WR,1,18,NE,20,33.33333333333333,11.1,1,33.3,1,33.3,4,1,1,1,2.6,4,100,4,4,1,100,3,3,0,0,0,0.03,0,1,0,0,0,0,83.3,1,33.3,0,0,1,100,0,0,0,0,0,0,0,0,0,0,100,-1.12,-0.562,0,100,0,0,1.4,1.8,1.4,1.77,-0.37,1.4,1.77,1.8
2023,545,DeAndre Hopkins,TEN,WR,1,15,HST,16.27906976744186,36.36363636363637,77.8,7,100,4,57.1,0.57,0.57,19.25,77,75.5,4,9.5,1,4,1,25,0,0,0,0,0,0.04,0,0,0,0,0,0,39.6,3,75,0,0,3,75,2,0,1,25,2,0,0,0,0,0,57.1,-8.46,-0.553,42.9,57.1,0,0,1.4,6.3,1.4,6.34,-4.94,0.2,0.91,6.3
2023,546,Davante Adams,LV,WR,1,16,KC,19.444444444444446,20,90.4,7,100,2,28.6,0.57,0.29,4,8,23.5,4,8.7,2,4,1,50,0,0,0,0,0,0,0,0,0,0,1,0.143,56.3,2,28.6,0,0,2,100,0,0,1,50,0,0,0,0,0,0,28.6,-4.05,-0.119,57.1,42.9,0,0,1.4,3.5,1.4,3.49,-2.09,0.2,0.5,3.5
2023,547,Nelson Agholor,BLT,WR,1,16,SF,20.588235294117645,15.384615384615385,52.4,7,58.3,2,16.7,0.57,0.29,-1.5,-3,-3.7,4,4.9,2,2,2,100,7,3.5,0,0,0,0.1,0,1,0,0,0,0,79.2,2,25,1,50,2,100,0,0,0,0,0,0,0,0,0,0,28.6,-2.8,-0.703,28.6,71.4,0,0,2.4,3.7,2.4,3.67,-1.27,0.34,0.52,3.7
2023,548,Stefon Diggs,BUF,WR,1,17,NE,23.809523809523807,7.6923076923076925,66.2,10,71.4,1,7.1,0.4,0.1,-1,-1,-0.5,4,3,4,4,1,100,5,5,0,0,0,0.02,0,0,0,0,0,0,83.3,1,7.7,1,100,1,100,0,0,0,0,0,0,0,0,0,0,10,-2.17,-0.717,80,20,0,0,1.4,1.8,1.4,1.83,-0.43,0.14,0.18,1.8
2023,549,Demarcus Robinson,LA,WR,1,16,NO,27.450980392156865,20,92.5,14,100,1,7.1,0.29,0.07,12,12,8.3,4,3.1,4,4,1,100,0,0,0,0,1,0.97,100,1,1,1,1,0.071,122.9,1,7.7,0,0,1,100,0,0,0,0,0,0,0,0,0,0,7.1,-5.05,1.82,92.9,7.1,0,0,7.4,7.2,7.4,7.21,0.19,0.53,0.51,7.2
2023,550,Tyler Boyd,CIN,WR,1,18,CLV,8.823529411764707,12.5,41,3,50,2,33.3,1.33,0.67,9,18,38.3,4,8.9,2,4,1,50,-1,-1,0,0,0,0,0,0,0,0,0,0,16.7,2,33.3,0,0,1,50,0,0,0,0,0,0,0,0,0,0,66.7,-5.64,-2.079,33.3,66.7,0,0,1.4,1.8,1.4,1.84,-0.44,0.47,0.61,1.8
2023,551,Tyler Higbee,LA,TE,1,16,NO,20.689655172413794,16.666666666666664,74.6,6,42.9,1,7.1,0.67,0.17,4,4,2.8,4,3.1,4,4,1,100,0,0,0,0,0,0.02,0,0,0,0,0,0,83.3,1,7.7,0,0,1,100,0,0,0,0,0,0,0,0,0,0,11.1,-2.07,0.079,0,33.3,66.7,0,1.4,1.8,1.4,1.8,-0.4,0.23,0.3,1.8
2023,552,Tyler Higbee,LA,TE,1,17,NYG,17.24137931034483,16.666666666666664,93.4,5,83.3,1,16.7,0.8,0.2,2,2,6.5,4,14.8,4,4,1,100,2,2,0,0,0,0,0,0,0,0,0,0,83.3,1,20,0,0,1,100,0,0,0,0,0,0,0,0,0,0,16.7,-2.37,-0.151,0,60,40,0,1.4,1.7,1.4,1.72,-0.32,0.28,0.34,1.7
2023,553,Gerald Everett,LAC,TE,1,17,DEN,27.027027027027028,38.46153846153847,68.3,10,62.5,5,31.3,0.4,0.5,8.4,42,29,4,4,0.8,4,1,20,3,3,2,2,0,0,0,0,0,0,0,0,39.6,4,26.7,0,0,3,60,1,0,0,0,2,0,0,0,0,0,50,-6.87,-0.72,10,80,10,0,1.4,4.1,1.4,4.06,-2.66,0.14,0.41,4.1
2023,554,Gerald Everett,LAC,TE,1,18,KC,2.7027027027027026,7.6923076923076925,5,1,5.9,1,5.9,4,1,5,5,3.7,4,3,4,4,1,100,-1,-1,0,0,0,0,0,0,0,0,0,0,83.3,1,6.3,0,0,1,100,0,0,0,0,1,1,100,0,0,0,100,-2.48,-0.098,0,100,0,0,1.4,0.8,1.4,0.82,0.58,1.4,0.82,0.8
2023,555,Richie James,KC,WR,1,14,BUF,16.666666666666664,33.33333333333333,17.7,3,21.4,2,14.3,1.33,0.67,11,22,13.6,4,4.4,2,4,1,50,2,2,0,0,0,0.02,0,1,0,0,1,0.333,56.3,2,15.4,0,0,2,100,1,0,0,0,1,0,0,0,0,0,66.7,-6.1,0.028,33.3,66.7,0,0,1.4,3.1,1.4,3.06,-1.66,0.47,1.02,3.1
2023,556,Dallas Goedert,PHI,TE,1,18,NYG,9.090909090909092,18.75,35.4,3,20,3,20,1.33,1,12.33,37,27.2,4,3.4,1.33,4,1,33.3,0,0,0,0,0,0,0,0,0,0,0,0,42.4,2,14.3,0,0,1,33.3,0,0,0,0,0,0,0,0,0,0,75,-7.65,-1.279,0,100,0,0,1.4,1.6,1.4,1.65,-0.25,0.47,0.55,1.6
2023,557,Irv Smith,CIN,TE,1,15,MIN,80,100,23.2,4,23.5,1,5.9,1,0.25,4,4,3.1,4,3,4,4,1,100,0,0,0,0,0,0,0,0,0,0,0,0,83.3,1,7.7,0,0,1,100,0,0,0,0,1,1,100,0,0,0,25,-2.07,-0.242,0,75,25,0,1.4,1.1,1.4,1.06,0.34,0.35,0.26,1.1
2023,558,Diontae Johnson,PIT,WR,1,15,IND,17.142857142857142,16.666666666666664,85.2,6,100,1,16.7,0.67,0.17,3,3,5.2,4,13.8,4,4,1,100,1,1,0,0,1,0.9,100,1,0,0,1,0.167,122.9,1,25,0,0,1,100,0,0,0,0,0,0,0,0,0,0,16.7,-1.45,1.484,83.3,16.7,0,0,7.4,6.7,7.4,6.71,0.69,1.23,1.12,6.7
2023,559,Darius Slayton,NYG,WR,1,17,LA,21.62162162162162,14.285714285714285,85.1,8,80,1,10,0.5,0.13,5,5,9.8,4,8.2,4,4,1,100,-1,-1,0,0,0,0,0,0,0,0,0,0,83.3,0,0,0,0,1,100,0,0,0,0,0,0,0,0,0,0,12.5,-2.36,-0.7,87.5,12.5,0,0,1.4,1.7,1.4,1.71,-0.31,0.17,0.21,1.7
2023,560,A.J. Brown,PHI,WR,1,13,SF,18.181818181818183,25,85.5,8,88.9,2,22.2,0.5,0.25,-0.5,-1,-1.2,4,11.4,2,4,1,50,7,7,2,2,0,0.12,0,1,1,0,0,0,56.3,2,28.6,1,50,2,100,0,0,0,0,1,0,0,0,1,1,25,-3.14,-0.394,62.5,37.5,0,0,1.4,3.1,1.4,3.13,-1.73,0.17,0.39,3.1
2023,561,Ja'Marr Chase,CIN,WR,1,13,JAX,25,12.5,95.8,9,100,1,11.1,0.44,0.11,-1,-1,-2.8,4,5.6,4,4,1,100,5,5,3,3,0,0,0,0,0,0,0,0,83.3,1,16.7,1,100,1,100,0,0,0,0,0,0,0,0,1,1,11.1,-2.17,-0.613,88.9,11.1,0,0,1.4,1.6,1.4,1.61,-0.21,0.16,0.18,1.6
2023,562,Rondale Moore,ARZ,WR,1,15,SF,25,18.181818181818183,63.9,9,64.3,2,14.3,0.44,0.22,5,10,9.9,4,4,2,4,1,50,8,8,7,7,0,0,0,1,1,0,0,0,56.3,2,22.2,1,50,1,50,0,0,0,0,0,0,0,0,2,2,22.2,-5.15,-0.131,33.3,66.7,0,0,1.4,1.5,1.4,1.5,-0.1,0.16,0.17,1.5
2023,563,Drake London,ATL,WR,1,16,IND,14.000000000000002,7.6923076923076925,76.6,7,87.5,1,12.5,0.57,0.14,4,4,8.3,4,6.7,4,4,1,100,0,0,0,0,0,0.12,0,1,0,0,0,0,83.3,1,14.3,0,0,1,100,0,0,0,0,0,0,0,0,0,0,12.5,-2.05,-0.291,57.1,42.9,0,0,1.4,2.2,1.4,2.15,-0.75,0.2,0.31,2.2
2023,564,Jalen Nailor,MIN,WR,1,14,LV,100,100,23.9,2,22.2,1,11.1,2,0.5,-2,-2,-3.1,4,7.7,4,4,1,100,6,6,0,0,0,0,0,0,0,0,0,0,83.3,1,11.1,1,100,1,100,0,0,0,0,0,0,0,0,1,1,50,-1.5,-0.258,50,50,0,0,1.4,1.6,1.4,1.58,-0.18,0.7,0.79,1.6
2023,565,Deven Thompkins,TB,WR,1,13,CAR,20,33.33333333333333,20.7,1,16.7,1,16.7,4,1,4,4,5.4,4,4.7,4,4,1,100,0,0,0,0,0,0,0,0,0,0,0,0,83.3,1,16.7,0,0,1,100,0,0,0,0,1,1,100,0,0,0,100,-2.05,-0.476,0,100,0,0,1.4,1.1,1.4,1.11,0.29,1.4,1.11,1.1
2023,566,Kavontae Turpin,DAL,WR,1,16,MIA,25,20,13.1,2,16.7,1,8.3,2,0.5,-3,-3,-3.7,4,3.4,4,4,1,100,7,7,6,6,0,0,0,0,0,0,0,0,83.3,1,12.5,1,100,1,100,0,0,0,0,0,0,0,0,2,2,50,-0.94,-0.18,50,50,0,0,1.4,1.6,1.4,1.57,-0.17,0.7,0.78,1.6
2023,567,Romeo Doubs,GB,WR,1,17,MIN,20.454545454545457,25,75.3,9,64.3,1,7.1,0.44,0.11,3,3,1.8,4,2.4,4,4,1,100,1,1,1,1,0,0,0,0,0,0,1,0.111,83.3,1,9.1,0,0,1,100,0,0,0,0,0,0,0,0,0,0,10,-1.45,1.133,88.9,11.1,0,0,1.4,1.6,1.4,1.65,-0.25,0.16,0.18,1.6
2023,568,Jaxon Smith-Njigba,SEA,WR,1,16,TEN,11.11111111111111,7.142857142857142,62.7,4,50,1,12.5,1,0.25,-3,-3,-16.7,4,11.8,4,4,1,100,7,7,2,2,0,0,0,0,0,0,0,0,83.3,1,12.5,1,100,1,100,0,0,0,0,0,0,0,0,0,0,20,-0.94,-0.086,75,25,0,0,1.4,1.6,1.4,1.55,-0.15,0.35,0.39,1.6
2023,569,Puka Nacua,LA,WR,1,17,NYG,11.76470588235294,7.6923076923076925,98.4,6,100,1,16.7,0.67,0.17,3,3,9.7,4,14.8,4,4,1,100,1,1,0,0,0,0,0,0,0,0,1,0.167,83.3,0,0,0,0,1,100,0,0,0,0,0,0,0,0,0,0,16.7,-1.45,0.373,66.7,33.3,0,0,1.4,1.7,1.4,1.69,-0.29,0.23,0.28,1.7
2023,570,DeAndre Hopkins,TEN,WR,1,13,IND,11.627906976744185,18.181818181818183,76.5,5,100,2,40,0.6,0.4,13.5,27,50,3,21.4,1.5,3,1,50,0,0,0,0,1,0.78,100,2,2,1,1,0.2,95.8,2,50,0,0,1,50,0,0,0,0,0,0,0,0,0,0,40,-8.23,0.012,60,40,0,0,7.3,5.5,7.3,5.46,1.84,1.46,1.09,5.5
2023,571,Davante Adams,LV,WR,1,18,DEN,25,30,93.9,9,90,3,30,0.33,0.33,10.67,32,30.8,3,3.3,1,3,1,33.3,0,0,0,0,1,1.34,50,3,2,1,1,0.111,81.9,3,30,0,0,2,66.7,0,0,1,33.3,0,0,0,0,0,0,33.3,-7.27,0.434,33.3,66.7,0,0,7.3,11.3,7.3,11.3,-4,0.81,1.26,11.3
2023,572,DeAndre Carter,LV,WR,1,18,DEN,66.66666666666666,100,6.1,2,20,1,10,1.5,0.5,-3,-3,-2.9,3,3.3,3,3,1,100,6,6,1,1,0,0,0,0,0,0,0,0,79.2,1,10,1,100,1,100,0,0,0,0,0,0,0,0,0,0,50,-1.94,-0.826,50,50,0,0,1.3,1.6,1.3,1.61,-0.31,0.65,0.81,1.6
2023,573,Demarcus Robinson,LA,WR,1,13,CLV,11.76470588235294,20,61.3,6,42.9,1,7.1,0.5,0.17,2,2,1.8,3,1.9,3,3,1,100,1,1,0,0,0,0,0,0,0,0,0,0,79.2,1,8.3,0,0,1,100,0,0,0,0,0,0,0,0,0,0,16.7,-2.33,-0.414,83.3,16.7,0,0,1.3,1.6,1.3,1.64,-0.34,0.22,0.27,1.6
2023,574,River Cracraft,MIA,WR,1,13,WAS,20,100,39,1,9.1,1,9.1,3,1,-4,-4,-16.7,3,2.7,3,3,1,100,7,7,2,2,0,0.5,0,1,0,0,0,0,79.2,1,16.7,1,100,1,100,0,0,0,0,0,0,0,0,0,0,50,-1.49,-1.064,0,100,0,0,1.3,4.3,1.3,4.28,-2.98,1.3,4.28,4.3
2023,575,Will Dissly,SEA,TE,1,14,SF,28.57142857142857,50,34.5,2,20,1,10,1.5,0.5,0,0,0,3,4.2,3,3,1,100,3,3,0,0,0,0,0,0,0,0,0,0,79.2,1,16.7,0,0,1,100,0,0,0,0,0,0,0,0,0,0,33.3,-2.29,-0.346,0,50,50,0,1.3,1.7,1.3,1.68,-0.38,0.65,0.84,1.7
2023,576,Marquez Valdes-Scantling,KC,WR,1,17,CIN,21.875,25,69.8,7,63.6,2,18.2,0.43,0.29,-0.5,-1,-1.4,3,2.9,1.5,3,1,50,7,7,0,0,0,0.01,0,0,0,0,0,0,56.3,1,11.1,1,50,2,100,0,0,1,50,0,0,0,0,0,0,28.6,-3.47,-0.537,57.1,42.9,0,0,1.3,3.2,1.3,3.18,-1.88,0.19,0.45,3.2
2023,577,Cedrick Wilson,MIA,WR,1,15,NYJ,13.157894736842104,25,77.2,5,45.5,2,18.2,0.6,0.4,1.5,3,16.7,3,5.1,1.5,3,1,50,7,7,4,4,0,0.02,0,0,0,0,0,0,56.3,1,11.1,0,0,2,100,0,0,0,0,1,0,0,0,0,0,25,-4.27,-0.254,20,60,0,20,1.3,2.6,1.3,2.6,-1.3,0.26,0.52,2.6
2023,578,Chase Claypool,MIA,WR,1,15,NYJ,25,50,7,1,9.1,1,9.1,3,1,-3,-3,-16.7,3,5.1,3,3,1,100,6,6,0,0,0,0.02,0,0,0,0,0,0,79.2,1,11.1,1,100,1,100,0,0,0,0,0,0,0,0,0,0,100,-1.94,-0.749,0,100,0,0,1.3,1.8,1.3,1.78,-0.48,1.3,1.78,1.8
2023,579,Lynn Bowden,NO,WR,1,15,NYG,23.52941176470588,60,56.9,4,66.7,3,50,0.75,0.75,6.67,20,58.8,3,12,1,3,1,33.3,2,2,2,2,0,0,0,0,0,0,0,0,42.4,2,40,0,0,2,66.7,0,0,1,33.3,0,0,0,0,0,0,75,-5.99,-0.546,0,100,0,0,1.3,4.1,1.3,4.11,-2.81,0.33,1.03,4.1
2023,580,Jaylen Waddle,MIA,WR,1,13,WAS,23.333333333333332,25,61,7,63.6,2,18.2,0.43,0.29,6.5,13,54.2,3,2.7,1.5,3,1,50,6,6,1,1,0,0.09,0,0,0,0,0,0,56.3,1,16.7,1,50,2,100,0,0,1,50,0,0,0,0,0,0,22.2,-6.02,-0.358,42.9,57.1,0,0,1.3,5,1.3,5.02,-3.72,0.19,0.72,5
2023,581,Xavier Gipson,NYJ,WR,1,14,HST,10.869565217391305,6.666666666666667,45.5,5,55.6,1,11.1,0.6,0.2,-3,-3,-5.1,3,4.9,3,3,1,100,6,6,1,1,0,0,0,0,0,0,0,0,79.2,1,12.5,1,100,1,100,0,0,0,0,0,0,0,0,0,0,20,-1.94,-0.479,80,20,0,0,1.3,1.6,1.3,1.58,-0.28,0.26,0.32,1.6
2023,582,Jaxon Smith-Njigba,SEA,WR,1,15,PHI,16.666666666666664,7.142857142857142,71.2,6,85.7,1,14.3,0.5,0.17,-2,-2,-12.5,3,12.5,3,3,1,100,5,5,2,2,0,0,0,0,0,0,0,0,79.2,1,14.3,1,100,1,100,0,0,0,0,0,0,0,0,0,0,16.7,-2.5,-0.31,16.7,83.3,0,0,1.3,1.6,1.3,1.57,-0.27,0.22,0.26,1.6
2023,583,Charlie Jones,CIN,WR,1,15,MIN,40,50,5.8,2,11.8,2,11.8,1.5,1,19.5,39,29.8,3,2.3,1.5,3,1,50,7,7,2,2,0,0,0,0,0,0,0,0,56.3,1,7.7,0,0,1,50,1,0,0,0,0,0,0,0,0,0,100,-8.24,-0.727,0,100,0,0,1.3,1.5,1.3,1.53,-0.23,0.65,0.77,1.5
2023,584,Brandin Cooks,DAL,WR,1,15,BUF,17.647058823529413,9.090909090909092,73.7,12,63.2,1,5.3,0.17,0.08,-4,-4,-3.5,2,2.2,2,2,1,100,6,6,1,1,0,0,0,0,0,0,0,0,79.2,1,7.1,1,100,1,100,0,0,0,0,0,0,0,0,0,0,7.7,-2.49,-0.429,91.7,8.3,0,0,1.2,1.5,1.2,1.54,-0.34,0.1,0.13,1.5
2023,585,DeVante Parker,NE,WR,1,13,LAC,29.166666666666668,60,85.5,7,87.5,3,37.5,0.29,0.43,1,3,8.3,2,9.1,0.67,2,1,33.3,4,4,1,1,0,0,0,0,0,0,0,0,42.4,3,100,2,66.7,3,100,0,0,2,66.7,0,0,0,0,0,0,42.9,-5.32,-0.779,28.6,71.4,0,0,1.2,4.9,1.2,4.93,-3.73,0.17,0.7,4.9
2023,586,Curtis Samuel,WAS,WR,1,13,MIA,15.625,12.5,59.3,5,62.5,2,25,0.4,0.4,12.5,25,78.1,2,9.5,1,2,1,50,0,0,0,0,0,0,0,0,0,0,0,0,56.3,2,28.6,0,0,1,50,1,0,0,0,0,0,0,0,0,0,40,-6.78,-0.415,40,60,0,0,1.2,1.7,1.2,1.65,-0.45,0.24,0.33,1.7
2023,587,Gerald Everett,LAC,TE,1,16,BUF,18.91891891891892,15.384615384615385,67.7,7,70,2,20,0.29,0.29,0,0,0,2,2.3,1,2,1,50,7,7,3,3,0,0.17,0,1,0,0,0,0,56.3,2,22.2,1,50,2,100,0,0,1,50,1,0,0,0,0,0,25,-4.43,-0.594,28.6,28.6,42.9,0,1.2,3.6,1.2,3.56,-2.36,0.17,0.51,3.6
2023,588,D.J. Moore,CHI,WR,1,14,DET,19.047619047619047,25,90.9,8,72.7,3,27.3,0.25,0.38,6,18,16.4,2,2.6,0.67,2,1,33.3,-1,-1,-1,-1,0,0,0,1,1,0,0,0,42.4,2,22.2,0,0,1,33.3,0,0,0,0,0,0,0,0,0,0,37.5,-5.9,-0.677,50,50,0,0,1.2,1.6,1.2,1.61,-0.41,0.15,0.2,1.6
2023,589,Colby Parkinson,SEA,TE,1,18,ARZ,28.57142857142857,25,77.4,2,50,1,25,1,0.5,3,3,21.4,2,18.2,2,2,1,100,-1,-1,-1,-1,0,0,0,0,0,0,0,0,79.2,0,0,0,0,1,100,0,0,0,0,0,0,0,0,0,0,50,-4.32,-0.183,0,50,50,0,1.2,1.3,1.2,1.33,-0.13,0.6,0.66,1.3
2023,590,Cole Turner,WAS,TE,1,13,MIA,100,100,13,1,12.5,1,12.5,2,1,-1,-1,-3.1,2,9.5,2,2,1,100,3,3,0,0,0,0,0,0,0,0,0,0,79.2,0,0,0,0,1,100,0,0,0,0,0,0,0,0,0,0,100,-2.9,-1.465,0,100,0,0,1.2,1.5,1.2,1.54,-0.34,1.2,1.54,1.5
2023,591,Bo Melton,GB,WR,1,16,CAR,18.181818181818183,28.57142857142857,38.1,4,44.4,2,22.2,0.5,0.5,12,24,22.2,2,3.1,1,2,1,50,3,3,1,1,0,0.16,0,0,0,0,0,0,56.3,2,25,1,50,1,50,1,0,0,0,0,0,0,0,0,0,50,-7.83,-0.748,25,75,0,0,1.2,2.8,1.2,2.76,-1.56,0.3,0.69,2.8
2023,592,Parker Washington,JAX,WR,1,17,CAR,6.666666666666667,6.666666666666667,38.7,3,42.9,1,14.3,0.67,0.33,2,2,5.7,2,3.3,2,2,1,100,0,0,1,1,0,0.01,0,0,0,0,0,0,79.2,0,0,0,0,1,100,0,0,0,0,0,0,0,0,0,0,33.3,-3.33,-0.869,33.3,66.7,0,0,1.2,1.8,1.2,1.77,-0.57,0.4,0.59,1.8
2023,593,Elijah Cooks,JAX,WR,1,16,TB,28.57142857142857,100,21.3,4,28.6,1,7.1,0.5,0.25,-2,-2,-2.1,2,3.4,2,2,1,100,4,4,0,0,0,0,0,0,0,0,0,0,79.2,0,0,0,0,1,100,0,0,0,0,0,0,0,0,0,0,25,-3.5,-0.739,75,25,0,0,1.2,1.6,1.2,1.57,-0.37,0.3,0.39,1.6
2023,594,Jonnu Smith,ATL,TE,1,13,NYJ,13.88888888888889,13.333333333333334,37.5,5,41.7,2,16.7,0.2,0.4,5,10,8.8,1,1.7,0.5,1,1,50,0,0,0,0,0,0.76,0,1,1,0,0,0,56.3,2,20,0,0,2,100,0,0,0,0,1,0,0,0,0,0,40,-6.02,-0.445,40,60,0,0,1.1,7,1.1,6.99,-5.89,0.22,1.4,7
2023,595,Kylen Granson,IND,TE,1,13,TEN,10.526315789473683,16.666666666666664,35.3,2,28.6,1,14.3,0.5,0.5,1,1,2.7,1,5.9,1,1,1,100,0,0,0,0,0,0,0,0,0,0,0,0,79.2,0,0,0,0,1,100,0,0,0,0,0,0,0,0,0,0,50,-4.78,-0.898,50,50,0,0,1.1,1.6,1.1,1.61,-0.51,0.55,0.8,1.6
2023,596,Ja'Marr Chase,CIN,WR,1,14,IND,11.11111111111111,12.5,86,4,100,1,25,0.25,0.25,-4,-4,-25,1,3.6,1,1,1,100,5,5,4,4,0,0,0,0,0,0,0,0,79.2,1,25,1,100,1,100,0,0,0,0,0,0,0,0,0,0,25,-3.49,-0.56,75,25,0,0,1.1,1.6,1.1,1.55,-0.45,0.28,0.39,1.6
2023,597,Jameson Williams,DET,WR,1,15,DEN,27.586206896551722,28.57142857142857,68.8,8,72.7,2,18.2,0.13,0.25,14,28,25.5,1,1,0.5,1,1,50,5,5,0,0,0,0,0,0,0,0,0,0,56.3,2,18.2,1,50,1,50,1,0,0,0,0,0,0,0,0,0,25,-6.73,-0.547,62.5,37.5,0,0,1.1,1.5,1.1,1.49,-0.39,0.14,0.19,1.5
2023,598,Deven Thompkins,TB,WR,1,18,CAR,20,33.33333333333333,12.5,1,16.7,1,16.7,1,1,-4,-4,-4.9,1,12.5,1,1,1,100,5,5,1,1,0,0,0,0,0,0,0,0,79.2,1,16.7,1,100,1,100,0,0,0,0,0,0,0,0,0,0,100,-3.49,-0.459,0,100,0,0,1.1,1.5,1.1,1.51,-0.41,1.1,1.51,1.5
2023,599,John Metchie,HST,WR,1,15,TEN,5,10,11.1,1,9.1,1,9.1,1,1,-2,-2,-3,1,2.7,1,1,1,100,3,3,1,1,0,0,0,0,0,0,0,0,79.2,1,14.3,1,100,1,100,0,0,0,0,0,0,0,0,0,0,50,-4.5,-0.749,0,100,0,0,1.1,1.5,1.1,1.54,-0.44,1.1,1.54,1.5
2023,600,Treylon Burks,TEN,WR,1,14,MIA,19.35483870967742,33.33333333333333,64.7,6,75,1,12.5,0.17,0.17,-4,-4,-8.9,1,2.1,1,1,1,100,5,5,2,2,0,0,0,0,0,0,0,0,79.2,1,14.3,1,100,1,100,0,0,0,0,0,0,0,0,0,0,16.7,-3.49,-0.324,66.7,33.3,0,0,1.1,1.5,1.1,1.5,-0.4,0.18,0.25,1.5
2023,601,Marcedes Lewis,CHI,TE,1,14,DET,100,0,25.8,1,9.1,0,0,0,0,,0,0,0,0,,,0,,0,,0,,0,0,0,0,0,0,0,0,,0,0,0,,0,,0,,0,,0,0,,0,0,,0,,,0,0,100,0,0,0,0,0,0,0,0,0
2023,602,Jimmy Graham,NO,TE,1,16,LA,16.666666666666664,0,3.4,1,6.7,0,0,0,0,,0,0,0,0,,,0,,0,,0,,0,0,0,0,0,0,0,0,,0,0,0,,0,,0,,0,,0,0,,0,0,,0,,,0,100,0,0,0,0,0,0,0,0,0,0
2023,603,Jimmy Graham,NO,TE,1,18,ATL,16.666666666666664,0,10.6,1,12.5,0,0,0,0,,0,0,0,0,,,0,,0,,0,,0,0,0,0,0,0,0,0,,0,0,0,,0,,0,,0,,0,0,,0,0,,0,,,100,0,0,0,0,0,0,0,0,0,0,0
2023,604,Julio Jones,PHI,WR,1,13,SF,5.555555555555555,0,14.5,1,11.1,0,0,0,0,,0,0,0,0,,,0,,0,,0,,0,0,0,0,0,0,0,0,,0,0,0,,0,,0,,0,,0,0,,0,0,,0,,,100,0,0,0,0,0,0,0,0,0,0,0
2023,605,Julio Jones,PHI,WR,1,18,NYG,16.666666666666664,12.5,26.2,3,20,1,6.7,0,0.33,7,7,5.1,0,0,0,0,0,0,0,0,0,0,0,0,0,0,0,0,0,0,39.6,1,7.1,0,0,1,100,0,0,1,100,0,0,0,0,0,0,33.3,-7.06,-0.158,0,100,0,0,0,1.1,0,1.11,-1.11,0,0.37,1.1
2023,606,Randall Cobb,NYJ,WR,1,15,MIA,40,33.33333333333333,10.9,2,18.2,1,9.1,0,0.5,5,5,6.9,0,0,0,0,0,0,0,0,0,0,0,0,0,0,0,0,0,0,39.6,1,11.1,0,0,1,100,0,0,0,0,1,0,0,0,0,0,50,-6.36,-0.905,0,100,0,0,0,0.8,0,0.84,-0.84,0,0.42,0.8
2023,607,Randall Cobb,NYJ,WR,1,17,CLV,20,0,4.4,1,8.3,0,0,0,0,,0,0,0,0,,,0,,0,,0,,0,0,0,0,0,0,0,0,,0,0,0,,0,,0,,0,,0,0,,0,0,,0,,,0,100,0,0,0,0,0,0,0,0,0,0
2023,608,Marquise Goodwin,CLV,WR,1,14,JAX,12.5,0,12.2,1,10,0,0,0,0,,0,0,0,0,,,0,,0,,0,,0,0,0,0,0,0,0,0,,0,0,0,,0,,0,,0,,0,0,,0,0,,0,,,100,0,0,0,0,0,0,0,0,0,0,0
2023,609,Marquise Goodwin,CLV,WR,1,16,HST,25,50,12,2,20,1,10,0,0.5,44,44,34.1,0,0,0,0,0,0,0,0,0,0,0,0,0,0,0,0,0,0,0,1,11.1,0,0,0,0,1,0,0,0,0,0,0,0,0,0,50,-15,-1.872,50,50,0,0,0,-0.1,0,-0.11,0.11,0,-0.05,-0.1
2023,610,Marquise Goodwin,CLV,WR,1,17,NYJ,25,0,17.2,2,25,0,0,0,0,,0,0,0,0,,,0,,0,,0,,0,0,0,0,0,0,0,0,,0,0,0,,0,,0,,0,,0,0,,0,0,,0,,,100,0,0,0,0,0,0,0,0,0,0,0
2023,611,Keenan Allen,LAC,WR,1,13,NE,18.75,12.5,88.5,3,100,1,33.3,0,0.33,14,14,35,0,0,0,0,0,0,0,0,0,0,0,0.03,0,0,0,0,0,0,39.6,0,0,0,0,1,100,0,0,0,0,1,0,0,0,0,0,33.3,-9.81,-0.872,33.3,66.7,0,0,0,2.1,0,2.11,-2.11,0,0.7,2.1
2023,612,Robert Woods,HST,WR,1,13,DEN,7.6923076923076925,0,44.4,2,28.6,0,0,0,0,,0,0,0,0,,,0,,0,,0,,0,0,0,0,0,0,0,0,,0,0,0,,0,,0,,0,,0,0,,0,0,,0,,,100,0,0,0,0,0,0,0,0,0,0,0
2023,613,Robert Woods,HST,WR,1,14,NYJ,19.230769230769234,11.11111111111111,73.1,5,100,1,20,0,0.2,15,15,25.9,0,0,0,0,0,0,0,0,0,0,0,0,0,0,0,0,0,0,39.6,1,33.3,0,0,0,0,0,0,0,0,1,0,0,0,0,0,20,-10.41,-0.088,40,60,0,0,0,0,0,-0.02,0.02,0,0,0
2023,614,DeAndre Hopkins,TEN,WR,1,16,SEA,13.953488372093023,0,81.3,6,100,0,0,0,0,,0,0,0,0,,,0,,0,,0,,0,0,0,0,0,0,0,0,,0,0,0,,0,,0,,0,,0,0,,0,0,,0,,,100,0,0,0,0,0,0,0,0,0,0,0
2023,615,DeAndre Hopkins,TEN,WR,1,18,JAX,11.627906976744185,0,76.4,5,100,0,0,0,0,,0,0,0,0,,,0,,0,,0,,0,0,0,0,0,0,0,0,,0,0,0,,0,,0,,0,,0,0,,0,0,,0,,,100,0,0,0,0,0,0,0,0,0,0,0
2023,616,Odell Beckham,BLT,WR,1,15,JAX,7.142857142857142,0,55.1,1,100,0,0,0,0,,0,0,0,0,,,0,,0,,0,,0,0,0,0,0,0,0,0,,0,0,0,,0,,0,,0,,0,0,,0,0,,0,,,0,100,0,0,0,0,0,0,0,0,0,0
2023,617,Odell Beckham,BLT,WR,1,16,SF,28.57142857142857,0,54,4,33.3,0,0,0,0,,0,0,0,0,,,0,,0,,0,,0,0,0,0,0,0,0,0,,0,0,0,,0,,0,,0,,0,0,,0,0,,0,,,100,0,0,0,0,0,0,0,0,0,0,0
2023,618,Brandin Cooks,DAL,WR,1,14,PHI,13.23529411764706,9.090909090909092,77,9,75,1,8.3,0,0.11,9,9,11.3,0,0,0,0,0,0,0,0,0,0,0,0,0,1,1,0,0,0,39.6,1,10,1,100,0,0,0,0,0,0,1,0,0,0,0,0,9.1,-7.45,-0.439,77.8,22.2,0,0,0,0,0,-0.04,0.04,0,0,0
2023,619,Logan Thomas,WAS,TE,1,13,MIA,15.151515151515152,0,61.1,5,62.5,0,0,0,0,,0,0,0,0,,,0,,0,,0,,0,0,0,0,0,0,0,0,,0,0,0,,0,,0,,0,,0,0,,0,0,,0,,,40,60,0,0,0,0,0,0,0,0,0,0
2023,620,Mike Evans,TB,WR,1,17,NO,18.75,7.6923076923076925,80,9,81.8,1,9.1,0,0.11,30,30,21.1,0,0,0,0,0,0,0,0,0,0,0,0,0,0,0,0,0,0,39.6,1,11.1,0,0,0,0,1,0,0,0,0,0,0,0,0,0,10,-9.19,-1.491,66.7,33.3,0,0,0,-0.1,0,-0.05,0.05,0,-0.01,-0.1
2023,621,Mike Evans,TB,WR,1,18,CAR,12.5,15.384615384615385,85.9,6,100,2,33.3,0,0.33,30.5,61,74.4,0,0,0,0,0,0,0,0,0,0,0,0.04,0,0,0,0,0,0,39.6,2,33.3,0,0,1,50,2,0,1,50,0,0,0,0,0,0,33.3,-13.41,-1.57,33.3,66.7,0,0,0,4.4,0,4.38,-4.38,0,0.73,4.4
2023,622,Allen Robinson,PIT,WR,1,17,SEA,14.285714285714285,0,66.2,3,37.5,0,0,0,0,,0,0,0,0,,,0,,0,,0,,0,0,0,0,0,0,0,0,,0,0,0,,0,,0,,0,,0,0,,0,0,,0,,,33.3,66.7,0,0,0,0,0,0,0,0,0,0
2023,623,Allen Robinson,PIT,WR,1,18,BLT,9.523809523809524,8.333333333333332,67.7,2,40,1,20,0,0.5,14,14,48.3,0,0,0,0,0,0,0,0,0,0,0,0,0,0,0,0,0,0,39.6,1,25,0,0,0,0,0,0,0,0,0,0,0,0,0,0,50,-9.81,-1.727,0,100,0,0,0,0,0,0,0,0,0,0
2023,624,Amari Cooper,CLV,WR,1,13,LA,6.0606060606060606,0,33.3,2,28.6,0,0,0,0,,0,0,0,0,,,0,,0,,0,,0,0,0,0,0,0,0,0,,0,0,0,,0,,0,,0,,0,0,,0,0,,0,,,100,0,0,0,0,0,0,0,0,0,0,0
2023,625,Amari Cooper,CLV,WR,1,14,JAX,27.27272727272727,37.5,83.8,9,90,3,30,0,0.33,11.67,35,61.4,0,0,0,0,0,0,0,0,0,0,0,0.01,0,0,0,0,0,0,39.6,2,25,0,0,1,33.3,0,0,0,0,1,0,0,0,0,0,30,-9.18,-1.731,66.7,33.3,0,0,0,0.8,0,0.84,-0.84,0,0.09,0.8
2023,626,DeVante Parker,NE,WR,1,16,DEN,33.33333333333333,0,92.9,8,88.9,0,0,0,0,,0,0,0,0,,,0,,0,,0,,0,0,0,0,0,0,0,0,,0,0,0,,0,,0,,0,,0,0,,0,0,,0,,,62.5,37.5,0,0,0,0,0,0,0,0,0,0
2023,627,DeVante Parker,NE,WR,1,17,BUF,4.166666666666666,0,28.3,1,9.1,0,0,0,0,,0,0,0,0,,,0,,0,,0,,0,0,0,0,0,0,0,0,,0,0,0,,0,,0,,0,,0,0,,0,0,,0,,,100,0,0,0,0,0,0,0,0,0,0,0
2023,628,DeVante Parker,NE,WR,1,18,NYJ,12.5,20,48.3,3,60,1,20,0,0.33,29,29,70.7,0,0,0,0,0,0,0,0,0,0,0,0,0,0,0,0,0,0,39.6,1,20,0,0,0,0,1,0,0,0,0,0,0,0,0,0,33.3,-11.44,-0.858,33.3,66.7,0,0,0,0,0,0.01,-0.01,0,0,0
2023,629,Nelson Agholor,BLT,WR,1,15,JAX,2.941176470588235,0,39.1,1,100,0,0,0,0,,0,0,0,0,,,0,,0,,0,,0,0,0,0,0,0,0,0,,0,0,0,,0,,0,,0,,0,0,,0,0,,0,,,0,100,0,0,0,0,0,0,0,0,0,0
2023,630,MyCole Pruitt,ATL,TE,1,14,TB,33.33333333333333,0,30.4,1,6.7,0,0,0,0,,0,0,0,0,,,0,,0,,0,,0,0,0,0,0,0,0,0,,0,0,0,,0,,0,,0,,0,0,,0,0,,0,,,0,0,100,0,0,0,0,0,0,0,0,0
2023,631,MyCole Pruitt,ATL,TE,1,15,CAR,33.33333333333333,0,45.1,1,20,0,0,0,0,,0,0,0,0,,,0,,0,,0,,0,0,0,0,0,0,0,0,,0,0,0,,0,,0,,0,,0,0,,0,0,,0,,,100,0,0,0,0,0,0,0,0,0,0,0
2023,632,MyCole Pruitt,ATL,TE,1,18,NO,33.33333333333333,0,21.7,1,11.1,0,0,0,0,,0,0,0,0,,,0,,0,,0,,0,0,0,0,0,0,0,0,,0,0,0,,0,,0,,0,,0,0,,0,0,,0,,,0,0,100,0,0,0,0,0,0,0,0,0
2023,633,Darren Waller,NYG,TE,1,18,PHI,16,0,51.5,4,30.8,0,0,0,0,,0,0,0,0,,,0,,0,,0,,0,0,0,0,0,0,0,0,,0,0,0,,0,,0,,0,,0,0,,0,0,,0,,,50,25,25,0,0,0,0,0,0,0,0,0
2023,634,DeAndre Carter,LV,WR,1,17,IND,33.33333333333333,0,2.7,1,14.3,0,0,0,0,,0,0,0,0,,,0,,0,,0,,0,0,0,0,0,0,0,0,,0,0,0,,0,,0,,0,,0,0,,0,0,,0,,,100,0,0,0,0,0,0,0,0,0,0,0
2023,635,Jamison Crowder,WAS,WR,1,16,NYJ,50,50,8.6,1,9.1,1,9.1,0,1,6,6,9.8,0,0,0,0,0,0,0,0,0,0,0,0,0,0,0,0,0,0,39.6,1,10,0,0,0,0,0,0,0,0,0,0,0,0,0,0,100,-6.95,-0.53,0,100,0,0,0,0,0,0.02,-0.02,0,0.02,0
2023,636,Blake Bell,KC,TE,1,14,BUF,50,0,9.7,1,7.1,0,0,0,0,,0,0,0,0,,,0,,0,,0,,0,0,0,0,0,0,0,0,,0,0,0,,0,,0,,0,,0,0,,0,0,,0,,,100,0,0,0,0,0,0,0,0,0,0,0
2023,637,Blake Bell,KC,TE,1,18,LAC,50,100,69.5,1,10,1,10,0,1,14,14,20.6,0,0,0,0,0,0,0,0,0,0,0,0,0,0,0,0,0,0,39.6,1,10,0,0,0,0,0,0,0,0,0,0,0,0,0,0,33.3,-10.28,-1.678,0,100,0,0,0,0,0,0.02,-0.02,0,0.02,0
2023,638,Chris Conley,SF,WR,1,15,ARZ,11.11111111111111,0,11.1,1,11.1,0,0,0,0,,0,0,0,0,,,0,,0,,0,,0,0,0,0,0,0,0,0,,0,0,0,,0,,0,,0,,0,0,,0,0,,0,,,100,0,0,0,0,0,0,0,0,0,0,0
2023,639,Chris Conley,SF,WR,1,16,BLT,55.55555555555556,0,17.6,5,33.3,0,0,0,0,,0,0,0,0,,,0,,0,,0,,0,0,0,0,0,0,0,0,,0,0,0,,0,,0,,0,,0,0,,0,0,,0,,,100,0,0,0,0,0,0,0,0,0,0,0
2023,640,Chris Conley,SF,WR,1,18,LA,33.33333333333333,0,72.4,3,60,0,0,0,0,,0,0,0,0,,,0,,0,,0,,0,0,0,0,0,0,0,0,,0,0,0,,0,,0,,0,,0,0,,0,0,,0,,,100,0,0,0,0,0,0,0,0,0,0,0
2023,641,Geoff Swaim,ARZ,TE,1,13,PIT,100,0,52.4,1,11.1,0,0,0,0,,0,0,0,0,,,0,,0,,0,,0,0,0,0,0,0,0,0,,0,0,0,,0,,0,,0,,0,0,,0,0,,0,,,0,0,100,0,0,0,0,0,0,0,0,0
2023,642,Phillip Dorsett,DEN,WR,1,17,LAC,100,0,41.8,2,28.6,0,0,0,0,,0,0,0,0,,,0,,0,,0,,0,0,0,0,0,0,0,0,,0,0,0,,0,,0,,0,,0,0,,0,0,,0,,,50,50,0,0,0,0,0,0,0,0,0,0
2023,643,Tyler Lockett,SEA,WR,1,15,PHI,13.157894736842104,9.090909090909092,76.3,5,71.4,1,14.3,0,0.2,7,7,43.8,0,0,0,0,0,0,0,0,0,0,0,0,0,0,0,0,0,0,39.6,1,14.3,0,0,1,100,0,0,0,0,1,0,0,0,0,0,14.3,-7.06,-1.153,80,20,0,0,0,1,0,1.02,-1.02,0,0.2,1
2023,644,Tyler Lockett,SEA,WR,1,18,ARZ,10.526315789473683,0,77.4,4,100,0,0,0,0,,0,0,0,0,,,0,,0,,0,,0,0,0,0,0,0,0,0,,0,0,0,,0,,0,,0,,0,0,,0,0,,0,,,50,50,0,0,0,0,0,0,0,0,0,0
2023,645,Sterling Shepard,NYG,WR,1,16,PHI,20,0,1.7,1,9.1,0,0,0,0,,0,0,0,0,,,0,,0,,0,,0,0,0,0,0,0,0,0,,0,0,0,,0,,0,,0,,0,0,,0,0,,0,,,100,0,0,0,0,0,0,0,0,0,0,0
2023,646,Sterling Shepard,NYG,WR,1,17,LA,20,0,7.5,1,10,0,0,0,0,,0,0,0,0,,,0,,0,,0,,0,0,0,0,0,0,0,0,,0,0,0,,0,,0,,0,,0,0,,0,0,,0,,,100,0,0,0,0,0,0,0,0,0,0,0
2023,647,Austin Hooper,LV,TE,1,14,MIN,10,0,37.7,2,22.2,0,0,0,0,,0,0,0,0,,,0,,0,,0,,0,0,0,0,0,0,0,0,,0,0,0,,0,,0,,0,,0,0,,0,0,,0,,,0,0,100,0,0,0,0,0,0,0,0,0
2023,648,Austin Hooper,LV,TE,1,15,LAC,15,0,39.7,3,42.9,0,0,0,0,,0,0,0,0,,,0,,0,,0,,0,0,0,0,0,0,0,0,,0,0,0,,0,,0,,0,,0,0,,0,0,,0,,,0,33.3,66.7,0,0,0,0,0,0,0,0,0
2023,649,Austin Hooper,LV,TE,1,16,KC,20,0,88.5,4,57.1,0,0,0,0,,0,0,0,0,,,0,,0,,0,,0,0,0,0,0,0,0,0,,0,0,0,,0,,0,,0,,0,0,,0,0,,0,,,0,25,75,0,0,0,0,0,0,0,0,0
2023,650,Austin Hooper,LV,TE,1,17,IND,25,0,85.1,5,71.4,0,0,0,0,,0,0,0,0,,,0,,0,,0,,0,0,0,0,0,0,0,0,,0,0,0,,0,,0,,0,,0,0,,0,0,,0,,,60,0,40,0,0,0,0,0,0,0,0,0
2023,651,Nick Vannett,LAC,TE,1,15,LV,33.33333333333333,0,34.9,2,18.2,0,0,0,0,,0,0,0,0,,,0,,0,,0,,0,0,0,0,0,0,0,0,,0,0,0,,0,,0,,0,,0,0,,0,0,,0,,,0,0,100,0,0,0,0,0,0,0,0,0
2023,652,Nick Vannett,LAC,TE,1,16,BUF,16.666666666666664,0,23.1,1,10,0,0,0,0,,0,0,0,0,,,0,,0,,0,,0,0,0,0,0,0,0,0,,0,0,0,,0,,0,,0,,0,0,,0,0,,0,,,0,100,0,0,0,0,0,0,0,0,0,0
2023,653,Nick Vannett,LAC,TE,1,17,DEN,33.33333333333333,0,17.5,2,12.5,0,0,0,0,,0,0,0,0,,,0,,0,,0,,0,0,0,0,0,0,0,0,,0,0,0,,0,,0,,0,,0,0,,0,0,,0,,,0,50,50,0,0,0,0,0,0,0,0,0
2023,654,Nick Vannett,LAC,TE,1,18,KC,16.666666666666664,0,31.3,1,5.9,0,0,0,0,,0,0,0,0,,,0,,0,,0,,0,0,0,0,0,0,0,0,,0,0,0,,0,,0,,0,,0,0,,0,0,,0,,,0,0,100,0,0,0,0,0,0,0,0,0
2023,655,Chris Moore,TEN,WR,1,13,IND,14.814814814814813,0,66.7,4,80,0,0,0,0,,0,0,0,0,,,0,,0,,0,,0,0,0,0,0,0,0,0,,0,0,0,,0,,0,,0,,0,0,,0,0,,0,,,100,0,0,0,0,0,0,0,0,0,0,0
2023,656,Chris Moore,TEN,WR,1,14,MIA,7.4074074074074066,0,44.1,2,25,0,0,0,0,,0,0,0,0,,,0,,0,,0,,0,0,0,0,0,0,0,0,,0,0,0,,0,,0,,0,,0,0,,0,0,,0,,,100,0,0,0,0,0,0,0,0,0,0,0
2023,657,Kalif Raymond,DET,WR,1,13,NO,5.263157894736842,0,23.2,1,8.3,0,0,0,0,,0,0,0,0,,,0,,0,,0,,0,0,0,0,0,0,0,0,,0,0,0,,0,,0,,0,,0,0,,0,0,,0,,,100,0,0,0,0,0,0,0,0,0,0,0
2023,658,Alex Erickson,LAC,WR,1,14,DEN,25,25,67.2,12,80,3,20,0,0.25,18.33,55,33.1,0,0,0,0,0,0,0,0,0,0,0,0,0,0,0,0,0,0,39.6,2,25,0,0,0,0,1,0,0,0,0,0,0,0,0,0,25,-10.58,-0.921,50,50,0,0,0,0,0,0.04,-0.04,0,0,0
2023,659,Alex Erickson,LAC,WR,1,15,LV,8.333333333333332,8.333333333333332,57.1,4,36.4,1,9.1,0,0.25,18,18,50,0,0,0,0,0,0,0,0,0,0,0,0,0,0,0,0,0,0,39.6,1,14.3,0,0,0,0,0,0,0,0,1,0,0,0,0,0,25,-10.9,-0.819,75,25,0,0,0,0,0,0,0,0,0,0
2023,660,Robbie Chosen,MIA,WR,1,15,NYJ,40,0,35.1,2,18.2,0,0,0,0,,0,0,0,0,,,0,,0,,0,,0,0,0,0,0,0,0,0,,0,0,0,,0,,0,,0,,0,0,,0,0,,0,,,50,50,0,0,0,0,0,0,0,0,0,0
2023,661,Robbie Chosen,MIA,WR,1,17,BLT,60,0,19.7,3,23.1,0,0,0,0,,0,0,0,0,,,0,,0,,0,,0,0,0,0,0,0,0,0,,0,0,0,,0,,0,,0,,0,0,,0,0,,0,,,100,0,0,0,0,0,0,0,0,0,0,0
2023,662,Demarcus Robinson,LA,WR,1,14,BLT,29.411764705882355,40,86.3,15,100,2,13.3,0,0.13,24,48,27.7,0,0,0,0,0,0,0,0,0,0,0,0,0,2,2,0,0,0,39.6,2,15.4,0,0,0,0,2,0,0,0,0,0,0,0,0,0,13.3,-10.85,-0.468,86.7,13.3,0,0,0,0,0,0.02,-0.02,0,0,0
2023,663,Demarcus Robinson,LA,WR,1,17,NYG,11.76470588235294,0,91.8,6,100,0,0,0,0,,0,0,0,0,,,0,,0,,0,,0,0,0,0,0,0,0,0,,0,0,0,,0,,0,,0,,0,0,,0,0,,0,,,100,0,0,0,0,0,0,0,0,0,0,0
2023,664,Demarcus Robinson,LA,WR,1,18,SF,3.9215686274509802,0,38.7,2,22.2,0,0,0,0,,0,0,0,0,,,0,,0,,0,,0,0,0,0,0,0,0,0,,0,0,0,,0,,0,,0,,0,0,,0,0,,0,,,50,50,0,0,0,0,0,0,0,0,0,0
2023,665,Tyler Higbee,LA,TE,1,18,SF,3.4482758620689653,0,1.6,1,11.1,0,0,0,0,,0,0,0,0,,,0,,0,,0,,0,0,0,0,0,0,0,0,,0,0,0,,0,,0,,0,,0,0,,0,0,,0,,,100,0,0,0,0,0,0,0,0,0,0,0
2023,666,Mo Alie-Cox,IND,TE,1,17,LV,16.666666666666664,0,62.3,1,25,0,0,0,0,,0,0,0,0,,,0,,0,,0,,0,0,0,0,0,0,0,0,,0,0,0,,0,,0,,0,,0,0,,0,0,,0,,,0,100,0,0,0,0,0,0,0,0,0,0
2023,667,Johnny Mundt,MIN,TE,1,16,DET,23.52941176470588,0,43.1,4,33.3,0,0,0,0,,0,0,0,0,,,0,,0,,0,,0,0,0,0,0,0,0,0,,0,0,0,,0,,0,,0,,0,0,,0,0,,0,,,25,0,75,0,0,0,0,0,0,0,0,0
2023,668,Zach Pascal,ARZ,WR,1,15,SF,83.33333333333334,0,29.2,5,35.7,0,0,0,0,,0,0,0,0,,,0,,0,,0,,0,0,0,0,0,0,0,0,,0,0,0,,0,,0,,0,,0,0,,0,0,,0,,,80,20,0,0,0,0,0,0,0,0,0,0
2023,669,Zach Pascal,ARZ,WR,1,17,PHI,16.666666666666664,0,20.8,1,10,0,0,0,0,,0,0,0,0,,,0,,0,,0,,0,0,0,0,0,0,0,0,,0,0,0,,0,,0,,0,,0,0,,0,0,,0,,,100,0,0,0,0,0,0,0,0,0,0,0
2023,670,Trent Taylor,CHI,WR,1,14,DET,25,0,15.2,1,9.1,0,0,0,0,,0,0,0,0,,,0,,0,,0,,0,0,0,0,0,0,0,0,,0,0,0,,0,,0,,0,,0,0,,0,0,,0,,,0,100,0,0,0,0,0,0,0,0,0,0
2023,671,Trent Taylor,CHI,WR,1,17,ATL,75,0,34.7,3,20,0,0,0,0,,0,0,0,0,,,0,,0,,0,,0,0,0,0,0,0,0,0,,0,0,0,,0,,0,,0,,0,0,,0,0,,0,,,66.7,33.3,0,0,0,0,0,0,0,0,0,0
2023,672,Pharaoh Brown,NE,TE,1,14,PIT,33.33333333333333,0,50.9,1,16.7,0,0,0,0,,0,0,0,0,,,0,,0,,0,,0,0,0,0,0,0,0,0,,0,0,0,,0,,0,,0,,0,0,,0,0,,0,,,0,100,0,0,0,0,0,0,0,0,0,0
2023,673,Pharaoh Brown,NE,TE,1,15,KC,33.33333333333333,0,58.8,1,14.3,0,0,0,0,,0,0,0,0,,,0,,0,,0,,0,0,0,0,0,0,0,0,,0,0,0,,0,,0,,0,,0,0,,0,0,,0,,,100,0,0,0,0,0,0,0,0,0,0,0
2023,674,Pharaoh Brown,NE,TE,1,17,BUF,33.33333333333333,0,67.9,1,9.1,0,0,0,0,,0,0,0,0,,,0,,0,,0,,0,0,0,0,0,0,0,0,,0,0,0,,0,,0,,0,,0,0,,0,0,,0,,,0,0,100,0,0,0,0,0,0,0,0,0
2023,675,Mack Hollins,ATL,WR,1,17,CHI,100,0,28.8,1,11.1,0,0,0,0,,0,0,0,0,,,0,,0,,0,,0,0,0,0,0,0,0,0,,0,0,0,,0,,0,,0,,0,0,,0,0,,0,,,100,0,0,0,0,0,0,0,0,0,0,0
2023,676,Jamal Agnew,JAX,WR,1,16,TB,63.63636363636363,0,47.5,7,50,0,0,0,0,,0,0,0,0,,,0,,0,,0,,0,0,0,0,0,0,0,0,,0,0,0,,0,,0,,0,,0,0,,0,0,,0,,,57.1,42.9,0,0,0,0,0,0,0,0,0,0
2023,677,Jamal Agnew,JAX,WR,1,17,CAR,9.090909090909092,0,14.5,1,14.3,0,0,0,0,,0,0,0,0,,,0,,0,,0,,0,0,0,0,0,0,0,0,,0,0,0,,0,,0,,0,,0,0,,0,0,,0,,,0,100,0,0,0,0,0,0,0,0,0,0
2023,678,Eric Saubert,HST,TE,1,16,CLV,100,0,4.4,1,10,0,0,0,0,,0,0,0,0,,,0,,0,,0,,0,0,0,0,0,0,0,0,,0,0,0,,0,,0,,0,,0,0,,0,0,,0,,,100,0,0,0,0,0,0,0,0,0,0,0
2023,679,David Moore,TB,WR,1,13,CAR,11.11111111111111,0,12.1,1,16.7,0,0,0,0,,0,0,0,0,,,0,,0,,0,,0,0,0,0,0,0,0,0,,0,0,0,,0,,0,,0,,0,0,,0,0,,0,,,0,100,0,0,0,0,0,0,0,0,0,0
2023,680,David Moore,TB,WR,1,16,JAX,11.11111111111111,0,30.1,1,7.1,0,0,0,0,,0,0,0,0,,,0,,0,,0,,0,0,0,0,0,0,0,0,,0,0,0,,0,,0,,0,,0,0,,0,0,,0,,,100,0,0,0,0,0,0,0,0,0,0,0
2023,681,David Moore,TB,WR,1,17,NO,33.33333333333333,50,28,3,27.3,1,9.1,0,0.33,8,8,5.6,0,0,0,0,0,0,0,0,0,0,0,0,0,0,0,0,0,0,0,1,11.1,0,0,0,0,0,0,0,0,0,0,0,0,0,0,33.3,-7.51,-4.852,66.7,33.3,0,0,0,0,0,-0.01,0.01,0,0,0
2023,682,David Moore,TB,WR,1,18,CAR,11.11111111111111,0,26.6,1,16.7,0,0,0,0,,0,0,0,0,,,0,,0,,0,,0,0,0,0,0,0,0,0,,0,0,0,,0,,0,,0,,0,0,,0,0,,0,,,100,0,0,0,0,0,0,0,0,0,0,0
2023,683,Noah Brown,HST,WR,1,13,DEN,13.043478260869565,0,79.4,3,42.9,0,0,0,0,,0,0,0,0,,,0,,0,,0,,0,0,0,0,0,0,0,0,,0,0,0,,0,,0,,0,,0,0,,0,0,,0,,,66.7,33.3,0,0,0,0,0,0,0,0,0,0
2023,684,Noah Brown,HST,WR,1,14,NYJ,21.73913043478261,20,67.3,5,100,1,20,0,0.2,7,7,12.1,0,0,0,0,0,0,0,0,0,0,0,0,0,0,0,0,0,0,39.6,0,0,0,0,1,100,0,0,0,0,1,0,0,0,0,0,20,-7.06,-1.138,60,40,0,0,0,1,0,0.97,-0.97,0,0.19,1
2023,685,Noah Brown,HST,WR,1,16,CLV,30.434782608695656,0,79.4,7,70,0,0,0,0,,0,0,0,0,,,0,,0,,0,,0,0,0,0,0,0,0,0,,0,0,0,,0,,0,,0,,0,0,,0,0,,0,,,85.7,14.3,0,0,0,0,0,0,0,0,0,0
2023,686,Robert Tonyan,CHI,TE,1,14,DET,6.25,0,24.2,1,9.1,0,0,0,0,,0,0,0,0,,,0,,0,,0,,0,0,0,0,0,0,0,0,,0,0,0,,0,,0,,0,,0,0,,0,0,,0,,,100,0,0,0,0,0,0,0,0,0,0,0
2023,687,Robert Tonyan,CHI,TE,1,15,CLV,12.5,0,20,2,13.3,0,0,0,0,,0,0,0,0,,,0,,0,,0,,0,0,0,0,0,0,0,0,,0,0,0,,0,,0,,0,,0,0,,0,0,,0,,,50,50,0,0,0,0,0,0,0,0,0,0
2023,688,Robert Tonyan,CHI,TE,1,16,ARZ,18.75,0,44.8,3,60,0,0,0,0,,0,0,0,0,,,0,,0,,0,,0,0,0,0,0,0,0,0,,0,0,0,,0,,0,,0,,0,0,,0,0,,0,,,0,66.7,33.3,0,0,0,0,0,0,0,0,0
2023,689,Jonnu Smith,ATL,TE,1,17,CHI,19.444444444444446,20,78,7,77.8,3,33.3,0,0.43,13.33,40,33.1,0,0,0,0,0,0,0,0,0,0,0,0,0,0,0,0,0,0,0,2,28.6,0,0,0,0,0,0,0,0,0,0,0,0,0,0,42.9,-9.09,-1.911,14.3,85.7,0,0,0,0,0,0.02,-0.02,0,0,0
2023,690,Jonnu Smith,ATL,TE,1,18,NO,8.333333333333332,0,63.3,3,33.3,0,0,0,0,,0,0,0,0,,,0,,0,,0,,0,0,0,0,0,0,0,0,,0,0,0,,0,,0,,0,,0,0,,0,0,,0,,,33.3,33.3,33.3,0,0,0,0,0,0,0,0,0
2023,691,David Njoku,CLV,TE,1,13,LA,11.428571428571429,8.333333333333332,82.6,4,57.1,1,14.3,0,0.25,7,7,6.4,0,0,0,0,0,0,0,0,0,0,0,0,0,0,0,0,0,0,39.6,1,16.7,0,0,1,100,0,0,0,0,1,0,0,0,0,0,16.7,-7.31,-2.861,25,25,50,0,0,1.1,0,1.09,-1.09,0,0.27,1.1
2023,692,David Njoku,CLV,TE,1,14,JAX,25.71428571428571,16.666666666666664,82.4,9,90,2,20,0,0.22,-1,-2,-3.5,0,0,0,0,0,0,0,0,0,0,0,0,0,0,0,0,0,0,39.6,2,25,2,100,1,50,0,0,1,50,0,0,0,0,0,0,20,-5.07,-0.872,0,77.8,22.2,0,0,1.5,0,1.54,-1.54,0,0.17,1.5
2023,693,Zay Jones,JAX,WR,1,14,CLV,28.26086956521739,28.57142857142857,83.8,13,92.9,2,14.3,0,0.15,19.5,39,30.5,0,0,0,0,0,0,0,0,0,0,0,0.06,0,0,0,0,0,0,39.6,2,14.3,0,0,2,100,1,0,0,0,1,0,0,0,0,0,14.3,-10.48,-1.519,84.6,15.4,0,0,0,5.3,0,5.31,-5.31,0,0.41,5.3
2023,694,Gerald Everett,LAC,TE,1,13,NE,2.7027027027027026,0,63.9,1,33.3,0,0,0,0,,0,0,0,0,,,0,,0,,0,,0,0,0,0,0,0,0,0,,0,0,0,,0,,0,,0,,0,0,,0,0,,0,,,0,0,100,0,0,0,0,0,0,0,0,0
2023,695,Gerald Everett,LAC,TE,1,14,DEN,32.432432432432435,15.384615384615385,67.2,12,80,2,13.3,0,0.17,8,16,9.6,0,0,0,0,0,0,0,0,0,0,0,0.03,0,1,1,0,0,0,39.6,1,12.5,0,0,1,50,0,0,1,50,0,0,0,0,0,0,16.7,-8.14,-2.287,25,58.3,16.7,0,0,0.3,0,0.32,-0.32,0,0.03,0.3
2023,696,Chris Godwin,TB,WR,1,13,CAR,10.638297872340425,0,84.5,5,83.3,0,0,0,0,,0,0,0,0,,,0,,0,,0,,0,0,0,0,0,0,0,0,,0,0,0,,0,,0,,0,,0,0,,0,0,,0,,,80,20,0,0,0,0,0,0,0,0,0,0
2023,697,Josh Reynolds,DET,WR,1,14,CHI,10,0,57.1,4,57.1,0,0,0,0,,0,0,0,0,,,0,,0,,0,,0,0,0,0,0,0,0,0,,0,0,0,,0,,0,,0,,0,0,,0,0,,0,,,75,25,0,0,0,0,0,0,0,0,0,0
2023,698,Josh Reynolds,DET,WR,1,15,DEN,12.5,0,57.8,5,45.5,0,0,0,0,,0,0,0,0,,,0,,0,,0,,0,0,0,0,0,0,0,0,,0,0,0,,0,,0,,0,,0,0,,0,0,,0,,,80,20,0,0,0,0,0,0,0,0,0,0
2023,699,Josh Reynolds,DET,WR,1,17,DAL,30,0,70.1,12,85.7,0,0,0,0,,0,0,0,0,,,0,,0,,0,,0,0,0,0,0,0,0,0,,0,0,0,,0,,0,,0,,0,0,,0,0,,0,,,75,25,0,0,0,0,0,0,0,0,0,0
2023,700,Josh Reynolds,DET,WR,1,18,MIN,10,0,87.5,4,66.7,0,0,0,0,,0,0,0,0,,,0,,0,,0,,0,0,0,0,0,0,0,0,,0,0,0,,0,,0,,0,,0,0,,0,0,,0,,,75,25,0,0,0,0,0,0,0,0,0,0
2023,701,River Cracraft,MIA,WR,1,14,TEN,60,0,18.8,3,25,0,0,0,0,,0,0,0,0,,,0,,0,,0,,0,0,0,0,0,0,0,0,,0,0,0,,0,,0,,0,,0,0,,0,0,,0,,,100,0,0,0,0,0,0,0,0,0,0,0
2023,702,River Cracraft,MIA,WR,1,18,BUF,20,0,18.8,1,8.3,0,0,0,0,,0,0,0,0,,,0,,0,,0,,0,0,0,0,0,0,0,0,,0,0,0,,0,,0,,0,,0,0,,0,0,,0,,,100,0,0,0,0,0,0,0,0,0,0,0
2023,703,Will Dissly,SEA,TE,1,13,DAL,28.57142857142857,0,39.1,2,18.2,0,0,0,0,,0,0,0,0,,,0,,0,,0,,0,0,0,0,0,0,0,0,,0,0,0,,0,,0,,0,,0,0,,0,0,,0,,,0,0,100,0,0,0,0,0,0,0,0,0
2023,704,Will Dissly,SEA,TE,1,18,ARZ,14.285714285714285,0,35.8,1,25,0,0,0,0,,0,0,0,0,,,0,,0,,0,,0,0,0,0,0,0,0,0,,0,0,0,,0,,0,,0,,0,0,,0,0,,0,,,0,0,100,0,0,0,0,0,0,0,0,0
2023,705,Kevin Rader,TEN,TE,1,17,HST,100,0,22.6,1,6.7,0,0,0,0,,0,0,0,0,,,0,,0,,0,,0,0,0,0,0,0,0,0,,0,0,0,,0,,0,,0,,0,0,,0,0,,0,,,0,0,100,0,0,0,0,0,0,0,0,0
2023,706,Tyler Conklin,NYJ,TE,1,18,NE,7.142857142857142,0,79.4,3,100,0,0,0,0,,0,0,0,0,,,0,,0,,0,,0,0,0,0,0,0,0,0,,0,0,0,,0,,0,,0,,0,0,,0,0,,0,,,0,100,0,0,0,0,0,0,0,0,0,0
2023,707,Marquez Valdes-Scantling,KC,WR,1,13,GB,28.125,37.5,49.2,9,56.3,3,18.8,0,0.33,36,108,54.3,0,0,0,0,0,0,0,0,0,0,0,0.31,0,0,1,0,0,0,39.6,3,23.1,0,0,1,33.3,3,0,0,0,1,0,0,0,0,0,33.3,-13.91,-0.555,55.6,44.4,0,0,0,4.1,0,4.09,-4.09,0,0.45,4.1
2023,708,Marquez Valdes-Scantling,KC,WR,1,14,BUF,15.625,25,33.9,5,35.7,2,14.3,0,0.4,22,44,27.2,0,0,0,0,0,0,0,0,0,0,0,0,0,0,0,0,0,0,39.6,2,15.4,0,0,0,0,2,0,0,0,0,0,0,0,0,0,40,-11.31,-1.341,60,40,0,0,0,0,0,0.02,-0.02,0,0,0
2023,709,Marquez Valdes-Scantling,KC,WR,1,16,LV,25,0,78.4,8,88.9,0,0,0,0,,0,0,0,0,,,0,,0,,0,,0,0,0,0,0,0,0,0,,0,0,0,,0,,0,,0,,0,0,,0,0,,0,,,87.5,12.5,0,0,0,0,0,0,0,0,0,0
2023,710,Equanimeous St. Brown,CHI,WR,1,17,ATL,77.77777777777779,0,40.3,7,46.7,0,0,0,0,,0,0,0,0,,,0,,0,,0,,0,0,0,0,0,0,0,0,,0,0,0,,0,,0,,0,,0,0,,0,0,,0,,,57.1,42.9,0,0,0,0,0,0,0,0,0,0
2023,711,Richie James,KC,WR,1,13,GB,5.555555555555555,16.666666666666664,6.6,1,6.3,1,6.3,0,1,12,12,6,0,0,0,0,0,0,0,0,0,0,0,0,0,0,0,0,0,0,39.6,1,7.7,0,0,0,0,0,0,0,0,0,0,0,0,0,0,100,-9.05,-1.237,0,100,0,0,0,0,0,0.02,-0.02,0,0.02,0
2023,712,Richie James,KC,WR,1,15,NE,5.555555555555555,0,3.3,1,9.1,0,0,0,0,,0,0,0,0,,,0,,0,,0,,0,0,0,0,0,0,0,0,,0,0,0,,0,,0,,0,,0,0,,0,0,,0,,,100,0,0,0,0,0,0,0,0,0,0,0
2023,713,Byron Pringle,WAS,WR,1,13,MIA,22.22222222222222,0,27.8,2,25,0,0,0,0,,0,0,0,0,,,0,,0,,0,,0,0,0,0,0,0,0,0,,0,0,0,,0,,0,,0,,0,0,,0,0,,0,,,50,50,0,0,0,0,0,0,0,0,0,0
2023,714,Byron Pringle,WAS,WR,1,16,NYJ,22.22222222222222,0,15.5,2,18.2,0,0,0,0,,0,0,0,0,,,0,,0,,0,,0,0,0,0,0,0,0,0,,0,0,0,,0,,0,,0,,0,0,,0,0,,0,,,100,0,0,0,0,0,0,0,0,0,0,0
2023,715,Byron Pringle,WAS,WR,1,17,SF,33.33333333333333,100,23.3,3,25,1,8.3,0,0.33,11,11,12.1,0,0,0,0,0,0,0,0,0,0,0,0,0,0,0,0,0,0,0,0,0,0,0,0,0,0,0,0,0,0,0,0,0,0,0,25,-8.32,-4.392,33.3,66.7,0,0,0,0,0,0,0,0,0,0
2023,716,Byron Pringle,WAS,WR,1,18,DAL,22.22222222222222,0,18.4,2,25,0,0,0,0,,0,0,0,0,,,0,,0,,0,,0,0,0,0,0,0,0,0,,0,0,0,,0,,0,,0,,0,0,,0,0,,0,,,100,0,0,0,0,0,0,0,0,0,0,0
2023,717,Keith Kirkwood,NO,WR,1,13,DET,20,0,25.4,1,11.1,0,0,0,0,,0,0,0,0,,,0,,0,,0,,0,0,0,0,0,0,0,0,,0,0,0,,0,,0,,0,,0,0,,0,0,,0,,,100,0,0,0,0,0,0,0,0,0,0,0
2023,718,Keith Kirkwood,NO,WR,1,16,LA,20,0,13.8,1,6.7,0,0,0,0,,0,0,0,0,,,0,,0,,0,,0,0,0,0,0,0,0,0,,0,0,0,,0,,0,,0,,0,0,,0,0,,0,,,100,0,0,0,0,0,0,0,0,0,0,0
2023,719,Keith Kirkwood,NO,WR,1,17,TB,20,0,22.9,1,6.7,0,0,0,0,,0,0,0,0,,,0,,0,,0,,0,0,0,0,0,0,0,0,,0,0,0,,0,,0,,0,,0,0,,0,0,,0,,,100,0,0,0,0,0,0,0,0,0,0,0
2023,720,Courtland Sutton,DEN,WR,1,14,LAC,22.22222222222222,0,74.2,6,85.7,0,0,0,0,,0,0,0,0,,,0,,0,,0,,0,0,0,0,0,0,0,0,,0,0,0,,0,,0,,0,,0,0,,0,0,,0,,,100,0,0,0,0,0,0,0,0,0,0,0
2023,721,Courtland Sutton,DEN,WR,1,18,LV,11.11111111111111,0,44.1,3,42.9,0,0,0,0,,0,0,0,0,,,0,,0,,0,,0,0,0,0,0,0,0,0,,0,0,0,,0,,0,,0,,0,0,,0,0,,0,,,66.7,33.3,0,0,0,0,0,0,0,0,0,0
2023,722,Jordan Akins,CLV,TE,1,13,LA,6.666666666666667,0,17.4,1,14.3,0,0,0,0,,0,0,0,0,,,0,,0,,0,,0,0,0,0,0,0,0,0,,0,0,0,,0,,0,,0,,0,0,,0,0,,0,,,0,0,100,0,0,0,0,0,0,0,0,0
2023,723,Jordan Akins,CLV,TE,1,17,NYJ,13.333333333333334,0,20.7,2,25,0,0,0,0,,0,0,0,0,,,0,,0,,0,,0,0,0,0,0,0,0,0,,0,0,0,,0,,0,,0,,0,0,,0,0,,0,,,0,0,100,0,0,0,0,0,0,0,0,0
2023,724,Ian Thomas,CAR,TE,1,13,TB,50,0,66.7,1,20,0,0,0,0,,0,0,0,0,,,0,,0,,0,,0,0,0,0,0,0,0,0,,0,0,0,,0,,0,,0,,0,0,,0,0,,0,,,100,0,0,0,0,0,0,0,0,0,0,0
2023,725,Ian Thomas,CAR,TE,1,18,TB,50,0,36,1,11.1,0,0,0,0,,0,0,0,0,,,0,,0,,0,,0,0,0,0,0,0,0,0,,0,0,0,,0,,0,,0,,0,0,,0,0,,0,,,0,0,100,0,0,0,0,0,0,0,0,0
2023,726,Dalton Schultz,HST,TE,1,15,TEN,37.5,20,84.7,9,81.8,1,9.1,0,0.11,12,12,18.2,0,0,0,0,0,0,0,0,0,0,0,0.59,0,1,1,0,0,0,39.6,0,0,0,0,1,100,0,0,0,0,1,0,0,0,0,0,9.1,-8.67,-1.084,11.1,22.2,44.4,22.2,0,4.6,0,4.65,-4.65,0,0.52,4.6
2023,727,Justin Watson,KC,WR,1,13,GB,21.875,14.285714285714285,63.9,7,43.8,1,6.3,0,0.14,39,39,19.6,0,0,0,0,0,0,0,0,0,0,0,0,0,0,1,0,0,0,39.6,0,0,0,0,0,0,1,0,0,0,0,0,0,0,0,0,10,-14.89,-1.262,85.7,14.3,0,0,0,0,0,-0.02,0.02,0,0,0
2023,728,Justin Watson,KC,WR,1,18,LAC,3.125,0,30.5,1,10,0,0,0,0,,0,0,0,0,,,0,,0,,0,,0,0,0,0,0,0,0,0,,0,0,0,,0,,0,,0,,0,0,,0,0,,0,,,0,100,0,0,0,0,0,0,0,0,0,0
2023,729,Cedrick Wilson,MIA,WR,1,13,WAS,2.631578947368421,0,55.9,1,9.1,0,0,0,0,,0,0,0,0,,,0,,0,,0,,0,0,0,0,0,0,0,0,,0,0,0,,0,,0,,0,,0,0,,0,0,,0,,,0,100,0,0,0,0,0,0,0,0,0,0
2023,730,Cedrick Wilson,MIA,WR,1,14,TEN,10.526315789473683,0,55.1,4,33.3,0,0,0,0,,0,0,0,0,,,0,,0,,0,,0,0,0,0,0,0,0,0,,0,0,0,,0,,0,,0,,0,0,,0,0,,0,,,75,25,0,0,0,0,0,0,0,0,0,0
2023,731,Cedrick Wilson,MIA,WR,1,18,BUF,28.947368421052634,25,95.8,11,91.7,2,16.7,0,0.18,16,32,21.9,0,0,0,0,0,0,0,0,0,0,0,0,0,0,0,0,0,0,39.6,2,18.2,0,0,0,0,1,0,0,0,0,0,0,0,0,0,16.7,-9.96,-1.03,63.6,36.4,0,0,0,0,0,0.01,-0.01,0,0,0
2023,732,Braxton Berrios,MIA,WR,1,13,WAS,9.75609756097561,0,40.7,4,36.4,0,0,0,0,,0,0,0,0,,,0,,0,,0,,0,0,0,0,0,0,0,0,,0,0,0,,0,,0,,0,,0,0,,0,0,,0,,,50,50,0,0,0,0,0,0,0,0,0,0
2023,733,Braxton Berrios,MIA,WR,1,16,DAL,17.073170731707318,0,45.3,7,50,0,0,0,0,,0,0,0,0,,,0,,0,,0,,0,0,0,0,0,0,0,0,,0,0,0,,0,,0,,0,,0,0,,0,0,,0,,,42.9,57.1,0,0,0,0,0,0,0,0,0,0
2023,734,Trent Sherfield,BUF,WR,1,15,DAL,4.545454545454546,0,58.5,1,100,0,0,0,0,,0,0,0,0,,,0,,0,,0,,0,0,0,0,0,0,0,0,,0,0,0,,0,,0,,0,,0,0,,0,0,,0,,,100,0,0,0,0,0,0,0,0,0,0,0
2023,735,Trent Sherfield,BUF,WR,1,16,LAC,22.727272727272727,0,61.5,5,45.5,0,0,0,0,,0,0,0,0,,,0,,0,,0,,0,0,0,0,0,0,0,0,,0,0,0,,0,,0,,0,,0,0,,0,0,,0,,,100,0,0,0,0,0,0,0,0,0,0,0
2023,736,Trent Sherfield,BUF,WR,1,17,NE,18.181818181818183,0,27.9,4,28.6,0,0,0,0,,0,0,0,0,,,0,,0,,0,,0,0,0,0,0,0,0,0,,0,0,0,,0,,0,,0,,0,0,,0,0,,0,,,100,0,0,0,0,0,0,0,0,0,0,0
2023,737,Allen Lazard,NYJ,WR,1,13,ATL,22.22222222222222,0,46.3,6,40,0,0,0,0,,0,0,0,0,,,0,,0,,0,,0,0,0,0,0,0,0,0,,0,0,0,,0,,0,,0,,0,0,,0,0,,0,,,83.3,16.7,0,0,0,0,0,0,0,0,0,0
2023,738,Allen Lazard,NYJ,WR,1,14,HST,29.629629629629626,0,72.7,8,88.9,0,0,0,0,,0,0,0,0,,,0,,0,,0,,0,0,0,0,0,0,0,0,,0,0,0,,0,,0,,0,,0,0,,0,0,,0,,,50,50,0,0,0,0,0,0,0,0,0,0
2023,739,Allen Lazard,NYJ,WR,1,15,MIA,40.74074074074074,0,87.3,11,100,0,0,0,0,,0,0,0,0,,,0,,0,,0,,0,0,0,0,0,0,0,0,,0,0,0,,0,,0,,0,,0,0,,0,0,,0,,,72.7,27.3,0,0,0,0,0,0,0,0,0,0
2023,740,Allen Lazard,NYJ,WR,1,16,WAS,7.4074074074074066,100,27.1,2,18.2,1,9.1,0,0.5,24,24,40,0,0,0,0,0,0,0,0,0,0,0,0,0,0,0,0,0,0,39.6,1,11.1,0,0,0,0,1,0,0,0,0,0,0,0,0,0,33.3,-11.75,-1.371,0,100,0,0,0,0.1,0,0.1,-0.1,0,0.05,0.1
2023,741,Tanner Hudson,CIN,TE,1,16,PIT,16.666666666666664,9.090909090909092,49.2,5,45.5,1,9.1,0,0.2,4,4,6.1,0,0,0,0,0,0,0,0,0,0,0,0,0,0,0,0,0,0,39.6,1,9.1,0,0,0,0,0,0,0,0,0,0,0,0,0,0,20,-6.07,-0.938,40,60,0,0,0,0,0,0,0,0,0,0
2023,742,Tanner Hudson,CIN,TE,1,18,CLV,10,0,45.9,3,50,0,0,0,0,,0,0,0,0,,,0,,0,,0,,0,0,0,0,0,0,0,0,,0,0,0,,0,,0,,0,,0,0,,0,0,,0,,,33.3,0,66.7,0,0,0,0,0,0,0,0,0
2023,743,Brandon Powell,MIN,WR,1,14,LV,30.76923076923077,25,49.3,4,44.4,1,11.1,0,0.25,7,7,10.8,0,0,0,0,0,0,0,0,0,0,0,0,0,0,0,0,0,0,39.6,1,11.1,0,0,1,100,0,0,1,100,0,0,0,0,0,0,25,-7.06,-1.171,25,75,0,0,0,1.9,0,1.87,-1.87,0,0.47,1.9
2023,744,Brandon Powell,MIN,WR,1,18,DET,23.076923076923077,25,12.9,3,33.3,1,11.1,0,0.33,6,6,7.1,0,0,0,0,0,0,0,0,0,0,0,0,0,0,0,0,0,0,39.6,1,12.5,0,0,1,100,0,0,0,0,1,0,0,0,0,0,33.3,-6.95,-1.639,66.7,33.3,0,0,0,1.2,0,1.23,-1.23,0,0.41,1.2
2023,745,Michael Gallup,DAL,WR,1,13,SEA,17.073170731707318,0,45.6,7,41.2,0,0,0,0,,0,0,0,0,,,0,,0,,0,,0,0,0,0,0,0,0,0,,0,0,0,,0,,0,,0,,0,0,,0,0,,0,,,100,0,0,0,0,0,0,0,0,0,0,0
2023,746,Michael Gallup,DAL,WR,1,14,PHI,17.073170731707318,100,47.3,7,58.3,1,8.3,0,0.14,9,9,11.3,0,0,0,0,0,0,0,0,0,0,0,0.01,0,0,0,0,0,0,39.6,1,10,0,0,1,100,0,0,1,100,0,0,0,0,0,0,12.5,-7.45,-1.858,71.4,28.6,0,0,0,2.2,0,2.17,-2.17,0,0.31,2.2
2023,747,Michael Gallup,DAL,WR,1,15,BUF,21.951219512195124,0,50.9,9,47.4,0,0,0,0,,0,0,0,0,,,0,,0,,0,,0,0,0,0,0,0,0,0,,0,0,0,,0,,0,,0,,0,0,,0,0,,0,,,100,0,0,0,0,0,0,0,0,0,0,0
2023,748,Michael Gallup,DAL,WR,1,16,MIA,14.634146341463413,0,50.8,6,50,0,0,0,0,,0,0,0,0,,,0,,0,,0,,0,0,0,0,0,0,0,0,,0,0,0,,0,,0,,0,,0,0,,0,0,,0,,,66.7,33.3,0,0,0,0,0,0,0,0,0,0
2023,749,Michael Gallup,DAL,WR,1,17,DET,21.951219512195124,0,29,9,60,0,0,0,0,,0,0,0,0,,,0,,0,,0,,0,0,0,0,0,0,0,0,,0,0,0,,0,,0,,0,,0,0,,0,0,,0,,,88.9,11.1,0,0,0,0,0,0,0,0,0,0
2023,750,Michael Gallup,DAL,WR,1,18,WAS,7.317073170731707,0,29,3,25,0,0,0,0,,0,0,0,0,,,0,,0,,0,,0,0,0,0,0,0,0,0,,0,0,0,,0,,0,,0,,0,0,,0,0,,0,,,66.7,33.3,0,0,0,0,0,0,0,0,0,0
2023,751,D.J. Chark,CAR,WR,1,13,TB,5.128205128205128,0,39.1,2,40,0,0,0,0,,0,0,0,0,,,0,,0,,0,,0,0,0,0,0,0,0,0,,0,0,0,,0,,0,,0,,0,0,,0,0,,0,,,100,0,0,0,0,0,0,0,0,0,0,0
2023,752,D.J. Chark,CAR,WR,1,15,ATL,7.6923076923076925,0,74.6,3,60,0,0,0,0,,0,0,0,0,,,0,,0,,0,,0,0,0,0,0,0,0,0,,0,0,0,,0,,0,,0,,0,0,,0,0,,0,,,100,0,0,0,0,0,0,0,0,0,0,0
2023,753,D.J. Chark,CAR,WR,1,17,JAX,10.256410256410255,14.285714285714285,83,4,50,1,12.5,0,0.25,1,1,4,0,0,0,0,0,0,0,0,0,0,0,0,0,0,0,0,0,0,39.6,0,0,0,0,0,0,0,0,0,0,0,0,0,0,0,0,16.7,-5.12,-0.508,75,25,0,0,0,0,0,-0.04,0.04,0,-0.01,0
2023,754,D.J. Chark,CAR,WR,1,18,TB,17.94871794871795,14.285714285714285,66,7,77.8,1,11.1,0,0.14,29,29,70.7,0,0,0,0,0,0,0,0,0,0,0,0,0,0,0,0,0,0,39.6,1,20,0,0,0,0,1,0,0,0,0,0,0,0,0,0,12.5,-11.44,-0.833,57.1,42.9,0,0,0,0,0,0.02,-0.02,0,0,0
2023,755,Durham Smythe,MIA,TE,1,13,WAS,11.627906976744185,0,66.1,5,45.5,0,0,0,0,,0,0,0,0,,,0,,0,,0,,0,0,0,0,0,0,0,0,,0,0,0,,0,,0,,0,,0,0,,0,0,,0,,,80,20,0,0,0,0,0,0,0,0,0,0
2023,756,D.J. Moore,CHI,WR,1,15,CLV,30.952380952380953,0,90,13,86.7,0,0,0,0,,0,0,0,0,,,0,,0,,0,,0,0,0,0,0,0,0,0,,0,0,0,,0,,0,,0,,0,0,,0,0,,0,,,84.6,15.4,0,0,0,0,0,0,0,0,0,0
2023,757,D.J. Moore,CHI,WR,1,18,GB,7.142857142857142,0,89.1,3,100,0,0,0,0,,0,0,0,0,,,0,,0,,0,,0,0,0,0,0,0,0,0,,0,0,0,,0,,0,,0,,0,0,,0,0,,0,,,66.7,33.3,0,0,0,0,0,0,0,0,0,0
2023,758,Mike Gesicki,NE,TE,1,13,LAC,3.8461538461538463,0,8.1,1,12.5,0,0,0,0,,0,0,0,0,,,0,,0,,0,,0,0,0,0,0,0,0,0,,0,0,0,,0,,0,,0,,0,0,,0,0,,0,,,100,0,0,0,0,0,0,0,0,0,0,0
2023,759,Mike Gesicki,NE,TE,1,14,PIT,7.6923076923076925,0,32.7,2,33.3,0,0,0,0,,0,0,0,0,,,0,,0,,0,,0,0,0,0,0,0,0,0,,0,0,0,,0,,0,,0,,0,0,,0,0,,0,,,0,100,0,0,0,0,0,0,0,0,0,0
2023,760,Mike Gesicki,NE,TE,1,15,KC,7.6923076923076925,0,39.2,2,28.6,0,0,0,0,,0,0,0,0,,,0,,0,,0,,0,0,0,0,0,0,0,0,,0,0,0,,0,,0,,0,,0,0,,0,0,,0,,,0,100,0,0,0,0,0,0,0,0,0,0
2023,761,Mike Gesicki,NE,TE,1,18,NYJ,15.384615384615385,0,70.7,4,80,0,0,0,0,,0,0,0,0,,,0,,0,,0,,0,0,0,0,0,0,0,0,,0,0,0,,0,,0,,0,,0,0,,0,0,,0,,,50,50,0,0,0,0,0,0,0,0,0,0
2023,762,Calvin Ridley,JAX,WR,1,13,CIN,15.714285714285714,0,85.3,11,78.6,0,0,0,0,,0,0,0,0,,,0,,0,,0,,0,0,0,0,0,0,0,0,,0,0,0,,0,,0,,0,,0,0,,0,0,,0,,,90.9,9.1,0,0,0,0,0,0,0,0,0,0
2023,763,Calvin Ridley,JAX,WR,1,14,CLV,17.142857142857142,0,94.6,12,85.7,0,0,0,0,,0,0,0,0,,,0,,0,,0,,0,0,0,0,0,0,0,0,,0,0,0,,0,,0,,0,,0,0,,0,0,,0,,,41.7,58.3,0,0,0,0,0,0,0,0,0,0
2023,764,Calvin Ridley,JAX,WR,1,16,TB,18.571428571428573,10,91.8,13,92.9,1,7.1,0,0.08,19,19,19.8,0,0,0,0,0,0,0,0,0,0,0,0,0,1,1,0,0,0,39.6,1,8.3,0,0,0,0,0,0,0,0,0,0,0,0,0,0,7.7,-11.93,-0.834,69.2,30.8,0,0,0,0,0,-0.01,0.01,0,0,0
2023,765,KhaDarel Hodge,ATL,WR,1,13,NYJ,10,0,31.3,1,8.3,0,0,0,0,,0,0,0,0,,,0,,0,,0,,0,0,0,0,0,0,0,0,,0,0,0,,0,,0,,0,,0,0,,0,0,,0,,,100,0,0,0,0,0,0,0,0,0,0,0
2023,766,KhaDarel Hodge,ATL,WR,1,15,CAR,10,0,37.3,1,20,0,0,0,0,,0,0,0,0,,,0,,0,,0,,0,0,0,0,0,0,0,0,,0,0,0,,0,,0,,0,,0,0,,0,0,,0,,,100,0,0,0,0,0,0,0,0,0,0,0
2023,767,KhaDarel Hodge,ATL,WR,1,16,IND,20,0,31.3,2,25,0,0,0,0,,0,0,0,0,,,0,,0,,0,,0,0,0,0,0,0,0,0,,0,0,0,,0,,0,,0,,0,0,,0,0,,0,,,100,0,0,0,0,0,0,0,0,0,0,0
2023,768,KhaDarel Hodge,ATL,WR,1,17,CHI,10,0,28.8,1,11.1,0,0,0,0,,0,0,0,0,,,0,,0,,0,,0,0,0,0,0,0,0,0,,0,0,0,,0,,0,,0,,0,0,,0,0,,0,,,100,0,0,0,0,0,0,0,0,0,0,0
2023,769,KhaDarel Hodge,ATL,WR,1,18,NO,20,0,28.3,2,22.2,0,0,0,0,,0,0,0,0,,,0,,0,,0,,0,0,0,0,0,0,0,0,,0,0,0,,0,,0,,0,,0,0,,0,0,,0,,,100,0,0,0,0,0,0,0,0,0,0,0
2023,770,Jakobi Meyers,LV,WR,1,15,LAC,18.91891891891892,0,87.3,7,100,0,0,0,0,,0,0,0,0,,,0,,0,,0,,0,0,0,0,0,0,0,0,,0,0,0,,0,,0,,0,,0,0,,0,0,,0,,,71.4,28.6,0,0,0,0,0,0,0,0,0,0
2023,771,Irv Smith,CIN,TE,1,13,JAX,20,0,30.6,1,11.1,0,0,0,0,,0,0,0,0,,,0,,0,,0,,0,0,0,0,0,0,0,0,,0,0,0,,0,,0,,0,,0,0,,0,0,,0,,,0,0,100,0,0,0,0,0,0,0,0,0
2023,772,Foster Moreau,NO,TE,1,13,DET,9.090909090909092,0,59.7,1,11.1,0,0,0,0,,0,0,0,0,,,0,,0,,0,,0,0,0,0,0,0,0,0,,0,0,0,,0,,0,,0,,0,0,,0,0,,0,,,0,100,0,0,0,0,0,0,0,0,0,0
2023,773,Foster Moreau,NO,TE,1,14,CAR,27.27272727272727,0,63.5,3,50,0,0,0,0,,0,0,0,0,,,0,,0,,0,,0,0,0,0,0,0,0,0,,0,0,0,,0,,0,,0,,0,0,,0,0,,0,,,33.3,33.3,33.3,0,0,0,0,0,0,0,0,0
2023,774,Foster Moreau,NO,TE,1,15,NYG,18.181818181818183,0,72.4,2,33.3,0,0,0,0,,0,0,0,0,,,0,,0,,0,,0,0,0,0,0,0,0,0,,0,0,0,,0,,0,,0,,0,0,,0,0,,0,,,100,0,0,0,0,0,0,0,0,0,0,0
2023,775,Hunter Renfrow,LV,WR,1,15,LAC,35.714285714285715,28.57142857142857,41.3,5,71.4,2,28.6,0,0.4,7.5,15,20.3,0,0,0,0,0,0,0,0,0,0,0,0.02,0,0,0,0,0,0,39.6,0,0,0,0,1,50,0,0,0,0,1,0,0,0,0,0,40,-6.93,-0.49,0,100,0,0,0,0.7,0,0.73,-0.73,0,0.15,0.7
2023,776,Hunter Renfrow,LV,WR,1,16,KC,14.285714285714285,14.285714285714285,17.3,2,28.6,1,14.3,0,0.5,5,5,14.7,0,0,0,0,0,0,0,0,0,0,0,0.01,0,0,0,0,0,0,39.6,1,14.3,0,0,1,100,0,0,0,0,1,0,0,0,0,0,50,-6.36,-1.157,0,100,0,0,0,1,0,1.01,-1.01,0,0.51,1
2023,777,Hunter Renfrow,LV,WR,1,18,DEN,7.142857142857142,0,7.6,1,10,0,0,0,0,,0,0,0,0,,,0,,0,,0,,0,0,0,0,0,0,0,0,,0,0,0,,0,,0,,0,,0,0,,0,0,,0,,,100,0,0,0,0,0,0,0,0,0,0,0
2023,778,D.J. Montgomery,IND,WR,1,16,ATL,76.92307692307693,33.33333333333333,85.3,10,90.9,1,9.1,0,0.1,13,13,10.6,0,0,0,0,0,0,0,0,0,0,0,0,0,0,0,0,0,0,39.6,1,11.1,0,0,1,100,0,0,0,0,1,0,0,0,0,0,10,-8.91,-2.603,70,30,0,0,0,1.2,0,1.25,-1.25,0,0.12,1.2
2023,779,Keelan Doss,LAC,WR,1,18,KC,27.77777777777778,0,36.3,5,29.4,0,0,0,0,,0,0,0,0,,,0,,0,,0,,0,0,0,0,0,0,0,0,,0,0,0,,0,,0,,0,,0,0,,0,0,,0,,,40,60,0,0,0,0,0,0,0,0,0,0
2023,780,Olamide Zaccheaus,PHI,WR,1,14,DAL,15.789473684210526,0,26.9,3,50,0,0,0,0,,0,0,0,0,,,0,,0,,0,,0,0,0,0,0,0,0,0,,0,0,0,,0,,0,,0,,0,0,,0,0,,0,,,66.7,33.3,0,0,0,0,0,0,0,0,0,0
2023,781,Olamide Zaccheaus,PHI,WR,1,15,SEA,5.263157894736842,0,7.2,1,8.3,0,0,0,0,,0,0,0,0,,,0,,0,,0,,0,0,0,0,0,0,0,0,,0,0,0,,0,,0,,0,,0,0,,0,0,,0,,,100,0,0,0,0,0,0,0,0,0,0,0
2023,782,Olamide Zaccheaus,PHI,WR,1,16,NYG,15.789473684210526,0,24.3,3,25,0,0,0,0,,0,0,0,0,,,0,,0,,0,,0,0,0,0,0,0,0,0,,0,0,0,,0,,0,,0,,0,0,,0,0,,0,,,66.7,33.3,0,0,0,0,0,0,0,0,0,0
2023,783,Olamide Zaccheaus,PHI,WR,1,17,ARZ,5.263157894736842,0,12.8,1,12.5,0,0,0,0,,0,0,0,0,,,0,,0,,0,,0,0,0,0,0,0,0,0,,0,0,0,,0,,0,,0,,0,0,,0,0,,0,,,100,0,0,0,0,0,0,0,0,0,0,0
2023,784,Olamide Zaccheaus,PHI,WR,1,18,NYG,57.89473684210527,0,81.5,11,73.3,0,0,0,0,,0,0,0,0,,,0,,0,,0,,0,0,0,0,0,0,0,0,,0,0,0,,0,,0,,0,,0,0,,0,0,,0,,,100,0,0,0,0,0,0,0,0,0,0,0
2023,785,Deonte Harty,BUF,WR,1,16,LAC,40,0,5.8,2,18.2,0,0,0,0,,0,0,0,0,,,0,,0,,0,,0,0,0,0,0,0,0,0,,0,0,0,,0,,0,,0,,0,0,,0,0,,0,,,50,50,0,0,0,0,0,0,0,0,0,0
2023,786,Deonte Harty,BUF,WR,1,17,NE,20,0,2.9,1,7.1,0,0,0,0,,0,0,0,0,,,0,,0,,0,,0,0,0,0,0,0,0,0,,0,0,0,,0,,0,,0,,0,0,,0,0,,0,,,0,100,0,0,0,0,0,0,0,0,0,0
2023,787,Deonte Harty,BUF,WR,1,18,MIA,20,0,18.2,1,7.1,0,0,0,0,,0,0,0,0,,,0,,0,,0,,0,0,0,0,0,0,0,0,,0,0,0,,0,,0,,0,,0,0,,0,0,,0,,,100,0,0,0,0,0,0,0,0,0,0,0
2023,788,Diontae Johnson,PIT,WR,1,14,NE,25.71428571428571,0,66.7,9,100,0,0,0,0,,0,0,0,0,,,0,,0,,0,,0,0,0,0,0,0,0,0,,0,0,0,,0,,0,,0,,0,0,,0,0,,0,,,88.9,11.1,0,0,0,0,0,0,0,0,0,0
2023,789,Diontae Johnson,PIT,WR,1,16,CIN,8.571428571428571,16.666666666666664,62.1,3,75,1,25,0,0.33,27,27,36.5,0,0,0,0,0,0,0,0,0,0,0,0,0,0,0,0,0,0,39.6,1,25,0,0,0,0,1,0,0,0,0,0,0,0,0,0,33.3,-11.91,-1.469,33.3,66.7,0,0,0,0.1,0,0.14,-0.14,0,0.05,0.1
2023,790,Zach Gentry,LV,TE,1,18,DEN,100,0,27.3,3,30,0,0,0,0,,0,0,0,0,,,0,,0,,0,,0,0,0,0,0,0,0,0,,0,0,0,,0,,0,,0,,0,0,,0,0,,0,,,66.7,0,33.3,0,0,0,0,0,0,0,0,0
2023,791,Josh Oliver,MIN,TE,1,14,LV,42.857142857142854,0,39.4,3,33.3,0,0,0,0,,0,0,0,0,,,0,,0,,0,,0,0,0,0,0,0,0,0,,0,0,0,,0,,0,,0,,0,0,,0,0,,0,,,33.3,0,66.7,0,0,0,0,0,0,0,0,0
2023,792,Josh Oliver,MIN,TE,1,15,CIN,14.285714285714285,0,50.7,1,16.7,0,0,0,0,,0,0,0,0,,,0,,0,,0,,0,0,0,0,0,0,0,0,,0,0,0,,0,,0,,0,,0,0,,0,0,,0,,,0,0,100,0,0,0,0,0,0,0,0,0
2023,793,Josh Oliver,MIN,TE,1,17,GB,14.285714285714285,0,44.2,1,14.3,0,0,0,0,,0,0,0,0,,,0,,0,,0,,0,0,0,0,0,0,0,0,,0,0,0,,0,,0,,0,,0,0,,0,0,,0,,,0,100,0,0,0,0,0,0,0,0,0,0
2023,794,Scott Miller,ATL,WR,1,13,NYJ,14.285714285714285,0,25,2,16.7,0,0,0,0,,0,0,0,0,,,0,,0,,0,,0,0,0,0,0,0,0,0,,0,0,0,,0,,0,,0,,0,0,,0,0,,0,,,100,0,0,0,0,0,0,0,0,0,0,0
2023,795,Scott Miller,ATL,WR,1,14,TB,28.57142857142857,50,24.6,4,26.7,2,13.3,0,0.5,24.5,49,44.5,0,0,0,0,0,0,0,0,0,0,0,0,0,0,0,0,0,0,39.6,2,14.3,0,0,0,0,1,0,0,0,0,0,0,0,0,0,50,-11.2,-1.073,50,50,0,0,0,0,0,0.05,-0.05,0,0.01,0
2023,796,Scott Miller,ATL,WR,1,15,CAR,7.142857142857142,0,17.6,1,20,0,0,0,0,,0,0,0,0,,,0,,0,,0,,0,0,0,0,0,0,0,0,,0,0,0,,0,,0,,0,,0,0,,0,0,,0,,,100,0,0,0,0,0,0,0,0,0,0,0
2023,797,Scott Miller,ATL,WR,1,16,IND,7.142857142857142,0,10.9,1,12.5,0,0,0,0,,0,0,0,0,,,0,,0,,0,,0,0,0,0,0,0,0,0,,0,0,0,,0,,0,,0,,0,0,,0,0,,0,,,100,0,0,0,0,0,0,0,0,0,0,0
2023,798,Scott Miller,ATL,WR,1,17,CHI,14.285714285714285,0,13.6,2,22.2,0,0,0,0,,0,0,0,0,,,0,,0,,0,,0,0,0,0,0,0,0,0,,0,0,0,,0,,0,,0,,0,0,,0,0,,0,,,100,0,0,0,0,0,0,0,0,0,0,0
2023,799,Donald Parham,LAC,TE,1,13,NE,16.666666666666664,0,62.3,2,66.7,0,0,0,0,,0,0,0,0,,,0,,0,,0,,0,0,0,0,0,0,0,0,,0,0,0,,0,,0,,0,,0,0,,0,0,,0,,,0,0,100,0,0,0,0,0,0,0,0,0
2023,800,Donald Parham,LAC,TE,1,14,DEN,16.666666666666664,33.33333333333333,22.4,2,13.3,1,6.7,0,0.5,11,11,6.6,0,0,0,0,0,0,0,0,0,0,0,0,0,0,0,0,0,0,39.6,1,12.5,0,0,0,0,0,0,0,0,0,0,0,0,0,0,33.3,-8.74,-1.633,0,100,0,0,0,0,0,0.01,-0.01,0,0,0
2023,801,Trenton Irwin,CIN,WR,1,15,MIN,16.666666666666664,0,14.5,2,11.8,0,0,0,0,,0,0,0,0,,,0,,0,,0,,0,0,0,0,0,0,0,0,,0,0,0,,0,,0,,0,,0,0,,0,0,,0,,,100,0,0,0,0,0,0,0,0,0,0,0
2023,802,Trenton Irwin,CIN,WR,1,17,KC,41.66666666666667,25,49.3,5,62.5,1,12.5,0,0.2,23,23,28,0,0,0,0,0,0,0,0,0,0,0,0,0,0,0,0,0,0,39.6,1,16.7,0,0,0,0,1,0,0,0,0,0,0,0,0,0,20,-10.22,-0.41,60,40,0,0,0,-0.1,0,-0.08,0.08,0,-0.02,-0.1
2023,803,Trenton Irwin,CIN,WR,1,18,CLV,16.666666666666664,0,42.6,2,33.3,0,0,0,0,,0,0,0,0,,,0,,0,,0,,0,0,0,0,0,0,0,0,,0,0,0,,0,,0,,0,,0,0,,0,0,,0,,,100,0,0,0,0,0,0,0,0,0,0,0
2023,804,Lil'Jordan Humphrey,DEN,WR,1,13,HST,14.285714285714285,0,40.7,3,42.9,0,0,0,0,,0,0,0,0,,,0,,0,,0,,0,0,0,0,0,0,0,0,,0,0,0,,0,,0,,0,,0,0,,0,0,,0,,,33.3,66.7,0,0,0,0,0,0,0,0,0,0
2023,805,Lil'Jordan Humphrey,DEN,WR,1,16,NE,14.285714285714285,0,58.5,3,50,0,0,0,0,,0,0,0,0,,,0,,0,,0,,0,0,0,0,0,0,0,0,,0,0,0,,0,,0,,0,,0,0,,0,0,,0,,,66.7,33.3,0,0,0,0,0,0,0,0,0,0
2023,806,Lil'Jordan Humphrey,DEN,WR,1,18,LV,19.047619047619047,14.285714285714285,57.6,4,57.1,1,14.3,0,0.25,3,3,3.9,0,0,0,0,0,0,0,0,0,0,0,0,0,0,0,0,0,0,39.6,0,0,0,0,0,0,0,0,0,0,0,0,0,0,0,0,25,-5.45,-1.376,75,25,0,0,0,0,0,0,0,0,0,0
2023,807,Jalen Guyton,LAC,WR,1,14,DEN,26.666666666666668,0,31.3,4,26.7,0,0,0,0,,0,0,0,0,,,0,,0,,0,,0,0,0,0,0,0,0,0,,0,0,0,,0,,0,,0,,0,0,,0,0,,0,,,75,25,0,0,0,0,0,0,0,0,0,0
2023,808,Jalen Guyton,LAC,WR,1,16,BUF,6.666666666666667,0,24.6,1,10,0,0,0,0,,0,0,0,0,,,0,,0,,0,,0,0,0,0,0,0,0,0,,0,0,0,,0,,0,,0,,0,0,,0,0,,0,,,0,100,0,0,0,0,0,0,0,0,0,0
2023,809,Greg Dortch,ARZ,WR,1,13,PIT,21.951219512195124,14.285714285714285,69.8,9,100,1,11.1,0,0.11,12,12,11.9,0,0,0,0,0,0,0,0,0,0,0,0,0,0,0,0,0,0,39.6,0,0,0,0,0,0,0,0,0,0,0,0,0,0,0,0,11.1,-9.05,-1.287,77.8,22.2,0,0,0,0,0,0.01,-0.01,0,0,0
2023,810,Greg Dortch,ARZ,WR,1,16,CHI,19.51219512195122,0,78.3,8,88.9,0,0,0,0,,0,0,0,0,,,0,,0,,0,,0,0,0,0,0,0,0,0,,0,0,0,,0,,0,,0,,0,0,,0,0,,0,,,100,0,0,0,0,0,0,0,0,0,0,0
2023,811,Darius Slayton,NYG,WR,1,15,NO,10.81081081081081,0,95.1,4,80,0,0,0,0,,0,0,0,0,,,0,,0,,0,,0,0,0,0,0,0,0,0,,0,0,0,,0,,0,,0,,0,0,,0,0,,0,,,50,50,0,0,0,0,0,0,0,0,0,0
2023,812,Parker Hesse,ATL,TE,1,13,NYJ,100,0,28.1,1,8.3,0,0,0,0,,0,0,0,0,,,0,,0,,0,,0,0,0,0,0,0,0,0,,0,0,0,,0,,0,,0,,0,0,,0,0,,0,,,0,100,0,0,0,0,0,0,0,0,0,0
2023,813,Drew Sample,CIN,TE,1,13,JAX,10.526315789473683,0,58.3,2,22.2,0,0,0,0,,0,0,0,0,,,0,,0,,0,,0,0,0,0,0,0,0,0,,0,0,0,,0,,0,,0,,0,0,,0,0,,0,,,0,0,0,100,0,0,0,0,0,0,0,0
2023,814,Drew Sample,CIN,TE,1,14,IND,10.526315789473683,0,68.4,2,50,0,0,0,0,,0,0,0,0,,,0,,0,,0,,0,0,0,0,0,0,0,0,,0,0,0,,0,,0,,0,,0,0,,0,0,,0,,,0,0,0,100,0,0,0,0,0,0,0,0
2023,815,Drew Sample,CIN,TE,1,15,MIN,31.57894736842105,0,58,6,35.3,0,0,0,0,,0,0,0,0,,,0,,0,,0,,0,0,0,0,0,0,0,0,,0,0,0,,0,,0,,0,,0,0,,0,0,,0,,,0,0,66.7,33.3,0,0,0,0,0,0,0,0
2023,816,Drew Sample,CIN,TE,1,17,KC,15.789473684210526,0,71.8,3,37.5,0,0,0,0,,0,0,0,0,,,0,,0,,0,,0,0,0,0,0,0,0,0,,0,0,0,,0,,0,,0,,0,0,,0,0,,0,,,33.3,33.3,0,33.3,0,0,0,0,0,0,0,0
2023,817,Drew Sample,CIN,TE,1,18,CLV,10.526315789473683,0,73.8,2,33.3,0,0,0,0,,0,0,0,0,,,0,,0,,0,,0,0,0,0,0,0,0,0,,0,0,0,,0,,0,,0,,0,0,,0,0,,0,,,0,0,100,0,0,0,0,0,0,0,0,0
2023,818,DK Metcalf,SEA,WR,1,13,DAL,26.31578947368421,0,90.6,10,90.9,0,0,0,0,,0,0,0,0,,,0,,0,,0,,0,0,0,0,0,0,0,0,,0,0,0,,0,,0,,0,,0,0,,0,0,,0,,,100,0,0,0,0,0,0,0,0,0,0,0
2023,819,DK Metcalf,SEA,WR,1,14,SF,23.684210526315788,0,89.1,9,90,0,0,0,0,,0,0,0,0,,,0,,0,,0,,0,0,0,0,0,0,0,0,,0,0,0,,0,,0,,0,,0,0,,0,0,,0,,,66.7,33.3,0,0,0,0,0,0,0,0,0,0
2023,820,DK Metcalf,SEA,WR,1,16,TEN,10.526315789473683,0,88.1,4,50,0,0,0,0,,0,0,0,0,,,0,,0,,0,,0,0,0,0,0,0,0,0,,0,0,0,,0,,0,,0,,0,0,,0,0,,0,,,75,25,0,0,0,0,0,0,0,0,0,0
2023,821,DK Metcalf,SEA,WR,1,17,PIT,13.157894736842104,0,95.9,5,71.4,0,0,0,0,,0,0,0,0,,,0,,0,,0,,0,0,0,0,0,0,0,0,,0,0,0,,0,,0,,0,,0,0,,0,0,,0,,,80,20,0,0,0,0,0,0,0,0,0,0
2023,822,DK Metcalf,SEA,WR,1,18,ARZ,10.526315789473683,50,83,4,100,1,25,0,0.25,10,10,71.4,0,0,0,0,0,0,0,0,0,0,0,0,0,0,0,0,0,0,39.6,0,0,0,0,0,0,0,0,0,0,0,0,0,0,0,0,25,-7.5,-0.73,75,25,0,0,0,0.1,0,0.05,-0.05,0,0.01,0.1
2023,823,Noah Fant,SEA,TE,1,16,TEN,13.636363636363635,0,76.3,3,37.5,0,0,0,0,,0,0,0,0,,,0,,0,,0,,0,0,0,0,0,0,0,0,,0,0,0,,0,,0,,0,,0,0,,0,0,,0,,,0,33.3,66.7,0,0,0,0,0,0,0,0,0
2023,824,Noah Fant,SEA,TE,1,17,PIT,18.181818181818183,12.5,44.9,4,57.1,1,14.3,0,0.25,16,16,20.8,0,0,0,0,0,0,0,0,0,0,0,0,0,1,1,0,0,0,39.6,1,16.7,0,0,0,0,0,0,0,0,0,0,0,0,0,0,25,-10.19,-0.438,50,25,25,0,0,0,0,0,0,0,0,0
2023,825,Gunner Olszewski,NYG,WR,1,18,PHI,100,0,1.5,1,7.7,0,0,0,0,,0,0,0,0,,,0,,0,,0,,0,0,0,0,0,0,0,0,,0,0,0,,0,,0,,0,,0,0,,0,0,,0,,,0,100,0,0,0,0,0,0,0,0,0,0
2023,826,Terry McLaurin,WAS,WR,1,13,MIA,17.142857142857142,0,83.3,6,75,0,0,0,0,,0,0,0,0,,,0,,0,,0,,0,0,0,0,0,0,0,0,,0,0,0,,0,,0,,0,,0,0,,0,0,,0,,,100,0,0,0,0,0,0,0,0,0,0,0
2023,827,Terry McLaurin,WAS,WR,1,15,LA,17.142857142857142,0,82.8,6,85.7,0,0,0,0,,0,0,0,0,,,0,,0,,0,,0,0,0,0,0,0,0,0,,0,0,0,,0,,0,,0,,0,0,,0,0,,0,,,100,0,0,0,0,0,0,0,0,0,0,0
2023,828,Terry McLaurin,WAS,WR,1,16,NYJ,20,0,93.1,7,63.6,0,0,0,0,,0,0,0,0,,,0,,0,,0,,0,0,0,0,0,0,0,0,,0,0,0,,0,,0,,0,,0,0,,0,0,,0,,,85.7,14.3,0,0,0,0,0,0,0,0,0,0
2023,829,Marquise Brown,ARZ,WR,1,13,PIT,80,100,54,8,88.9,1,11.1,0,0.13,17,17,16.8,0,0,0,0,0,0,0,0,0,0,0,0,0,0,0,0,0,0,39.6,1,14.3,0,0,0,0,0,0,0,0,0,0,0,0,0,0,12.5,-11.67,-0.466,62.5,37.5,0,0,0,0,0,0,0,0,0,0
2023,830,Marquise Brown,ARZ,WR,1,15,SF,20,0,31.9,2,14.3,0,0,0,0,,0,0,0,0,,,0,,0,,0,,0,0,0,0,0,0,0,0,,0,0,0,,0,,0,,0,,0,0,,0,0,,0,,,100,0,0,0,0,0,0,0,0,0,0,0
2023,831,A.J. Brown,PHI,WR,1,14,DAL,11.363636363636363,12.5,90.4,5,83.3,1,16.7,0,0.2,29,29,30.9,0,0,0,0,0,0,0,0,0,0,0,0.07,0,0,0,0,0,0,39.6,0,0,0,0,1,100,1,0,1,100,0,0,0,0,0,0,20,-11.44,-1.162,80,20,0,0,0,2.4,0,2.42,-2.42,0,0.48,2.4
2023,832,A.J. Brown,PHI,WR,1,16,NYG,25,25,97.3,11,91.7,2,16.7,0,0.18,12.5,25,37.3,0,0,0,0,0,0,0,0,0,0,0,0.06,0,0,0,0,0,0,39.6,1,10,0,0,2,100,0,0,1,50,1,0,0,0,0,0,16.7,-9.59,-0.47,72.7,27.3,0,0,0,4.4,0,4.42,-4.42,0,0.4,4.4
2023,833,A.J. Brown,PHI,WR,1,18,NYG,6.8181818181818175,0,18.5,3,20,0,0,0,0,,0,0,0,0,,,0,,0,,0,,0,0,0,0,0,0,0,0,,0,0,0,,0,,0,,0,,0,0,,0,0,,0,,,100,0,0,0,0,0,0,0,0,0,0,0
2023,834,Dawson Knox,BUF,TE,1,17,NE,20,0,42.6,3,21.4,0,0,0,0,,0,0,0,0,,,0,,0,,0,,0,0,0,0,0,0,0,0,,0,0,0,,0,,0,,0,,0,0,,0,0,,0,,,66.7,0,33.3,0,0,0,0,0,0,0,0,0
2023,835,Dawson Knox,BUF,TE,1,18,MIA,26.666666666666668,0,46.8,4,28.6,0,0,0,0,,0,0,0,0,,,0,,0,,0,,0,0,0,0,0,0,0,0,,0,0,0,,0,,0,,0,,0,0,,0,0,,0,,,25,0,50,25,0,0,0,0,0,0,0,0
2023,836,Miles Boykin,PIT,WR,1,13,ARZ,100,0,19,1,20,0,0,0,0,,0,0,0,0,,,0,,0,,0,,0,0,0,0,0,0,0,0,,0,0,0,,0,,0,,0,,0,0,,0,0,,0,,,100,0,0,0,0,0,0,0,0,0,0,0
2023,837,Mitchell Wilcox,CIN,TE,1,15,MIN,33.33333333333333,0,24.6,1,5.9,0,0,0,0,,0,0,0,0,,,0,,0,,0,,0,0,0,0,0,0,0,0,,0,0,0,,0,,0,,0,,0,0,,0,0,,0,,,0,0,100,0,0,0,0,0,0,0,0,0
2023,838,Mitchell Wilcox,CIN,TE,1,16,PIT,33.33333333333333,0,24.6,1,9.1,0,0,0,0,,0,0,0,0,,,0,,0,,0,,0,0,0,0,0,0,0,0,,0,0,0,,0,,0,,0,,0,0,,0,0,,0,,,0,0,100,0,0,0,0,0,0,0,0,0
2023,839,Mitchell Wilcox,CIN,TE,1,18,CLV,33.33333333333333,0,27.9,1,16.7,0,0,0,0,,0,0,0,0,,,0,,0,,0,,0,0,0,0,0,0,0,0,,0,0,0,,0,,0,,0,,0,0,,0,0,,0,,,0,0,100,0,0,0,0,0,0,0,0,0
2023,840,Andre Baccellia,ARZ,WR,1,13,PIT,100,0,44.4,1,11.1,0,0,0,0,,0,0,0,0,,,0,,0,,0,,0,0,0,0,0,0,0,0,,0,0,0,,0,,0,,0,,0,0,,0,0,,0,,,100,0,0,0,0,0,0,0,0,0,0,0
2023,841,Sean McKeon,DAL,TE,1,13,SEA,100,0,8.9,1,5.9,0,0,0,0,,0,0,0,0,,,0,,0,,0,,0,0,0,0,0,0,0,0,,0,0,0,,0,,0,,0,,0,0,,0,0,,0,,,100,0,0,0,0,0,0,0,0,0,0,0
2023,842,Juwan Johnson,NO,TE,1,13,DET,12.121212121212121,0,56.7,4,44.4,0,0,0,0,,0,0,0,0,,,0,,0,,0,,0,0,0,0,0,0,0,0,,0,0,0,,0,,0,,0,,0,0,,0,0,,0,,,75,25,0,0,0,0,0,0,0,0,0,0
2023,843,Juwan Johnson,NO,TE,1,15,NYG,3.0303030303030303,0,41.4,1,16.7,0,0,0,0,,0,0,0,0,,,0,,0,,0,,0,0,0,0,0,0,0,0,,0,0,0,,0,,0,,0,,0,0,,0,0,,0,,,0,100,0,0,0,0,0,0,0,0,0,0
2023,844,James Proche,CLV,WR,1,18,CIN,100,100,94.3,6,85.7,1,14.3,0,0.17,30,30,37.5,0,0,0,0,0,0,0,0,0,0,0,0.01,0,0,0,0,0,0,39.6,1,14.3,0,0,1,100,1,0,0,0,1,0,0,0,0,0,14.3,-9.19,-1.4,83.3,16.7,0,0,0,2.2,0,2.18,-2.18,0,0.36,2.2
2023,845,Lawrence Cager,NYG,TE,1,14,GB,100,0,16.4,1,12.5,0,0,0,0,,0,0,0,0,,,0,,0,,0,,0,0,0,0,0,0,0,0,,0,0,0,,0,,0,,0,,0,0,,0,0,,0,,,0,100,0,0,0,0,0,0,0,0,0,0
2023,846,Isaiah Hodgins,NYG,WR,1,15,NO,8.695652173913043,0,27.9,2,40,0,0,0,0,,0,0,0,0,,,0,,0,,0,,0,0,0,0,0,0,0,0,,0,0,0,,0,,0,,0,,0,0,,0,0,,0,,,100,0,0,0,0,0,0,0,0,0,0,0
2023,847,Isaiah Hodgins,NYG,WR,1,16,PHI,17.391304347826086,0,40.7,4,36.4,0,0,0,0,,0,0,0,0,,,0,,0,,0,,0,0,0,0,0,0,0,0,,0,0,0,,0,,0,,0,,0,0,,0,0,,0,,,25,75,0,0,0,0,0,0,0,0,0,0
2023,848,Isaiah Hodgins,NYG,WR,1,17,LA,17.391304347826086,0,25.4,4,40,0,0,0,0,,0,0,0,0,,,0,,0,,0,,0,0,0,0,0,0,0,0,,0,0,0,,0,,0,,0,,0,0,,0,0,,0,,,75,25,0,0,0,0,0,0,0,0,0,0
2023,849,Mason Kinsey,TEN,WR,1,17,HST,100,0,9.4,1,6.7,0,0,0,0,,0,0,0,0,,,0,,0,,0,,0,0,0,0,0,0,0,0,,0,0,0,,0,,0,,0,,0,0,,0,0,,0,,,100,0,0,0,0,0,0,0,0,0,0,0
2023,850,Nick Westbrook-Ikhine,TEN,WR,1,13,IND,33.33333333333333,25,84,5,100,1,20,0,0.2,22,22,40.7,0,0,0,0,0,0,0,0,0,0,0,0,0,0,0,0,0,0,39.6,1,25,0,0,0,0,1,0,0,0,0,0,0,0,0,0,20,-11.92,-0.653,40,60,0,0,0,0,0,-0.01,0.01,0,0,0
2023,851,Nick Westbrook-Ikhine,TEN,WR,1,15,HST,26.666666666666668,0,47.6,4,57.1,0,0,0,0,,0,0,0,0,,,0,,0,,0,,0,0,0,0,0,0,0,0,,0,0,0,,0,,0,,0,,0,0,,0,0,,0,,,50,50,0,0,0,0,0,0,0,0,0,0
2023,852,Gabe Davis,BUF,WR,1,14,KC,25.806451612903224,20,82.2,8,53.3,1,6.7,0,0.13,9,9,14.5,0,0,0,0,0,0,0,0,0,0,0,0,0,0,0,0,0,0,39.6,1,7.7,0,0,1,100,0,0,0,0,1,0,0,0,0,0,8.3,-7.45,-0.436,75,25,0,0,0,1,0,1.01,-1.01,0,0.13,1
2023,853,Gabe Davis,BUF,WR,1,15,DAL,3.225806451612903,0,70.8,1,100,0,0,0,0,,0,0,0,0,,,0,,0,,0,,0,0,0,0,0,0,0,0,,0,0,0,,0,,0,,0,,0,0,,0,0,,0,,,100,0,0,0,0,0,0,0,0,0,0,0
2023,854,Gabe Davis,BUF,WR,1,16,LAC,22.58064516129032,20,84.6,7,63.6,1,9.1,0,0.14,8,8,8.3,0,0,0,0,0,0,0,0,0,0,0,0,0,0,0,0,0,0,39.6,0,0,0,0,0,0,0,0,0,0,0,0,0,0,0,0,12.5,-7.51,-1.602,85.7,14.3,0,0,0,0,0,-0.01,0.01,0,0,0
2023,855,Gabe Davis,BUF,WR,1,18,MIA,9.67741935483871,0,23.4,3,21.4,0,0,0,0,,0,0,0,0,,,0,,0,,0,,0,0,0,0,0,0,0,0,,0,0,0,,0,,0,,0,,0,0,,0,0,,0,,,100,0,0,0,0,0,0,0,0,0,0,0
2023,856,Marquez Callaway,NO,WR,1,13,DET,50,0,16.4,1,11.1,0,0,0,0,,0,0,0,0,,,0,,0,,0,,0,0,0,0,0,0,0,0,,0,0,0,,0,,0,,0,,0,0,,0,0,,0,,,100,0,0,0,0,0,0,0,0,0,0,0
2023,857,Marquez Callaway,NO,WR,1,14,CAR,50,0,7.7,1,16.7,0,0,0,0,,0,0,0,0,,,0,,0,,0,,0,0,0,0,0,0,0,0,,0,0,0,,0,,0,,0,,0,0,,0,0,,0,,,100,0,0,0,0,0,0,0,0,0,0,0
2023,858,Harrison Bryant,CLV,TE,1,15,CHI,16.666666666666664,0,28.4,1,6.7,0,0,0,0,,0,0,0,0,,,0,,0,,0,,0,0,0,0,0,0,0,0,,0,0,0,,0,,0,,0,,0,0,,0,0,,0,,,0,100,0,0,0,0,0,0,0,0,0,0
2023,859,Harrison Bryant,CLV,TE,1,17,NYJ,16.666666666666664,0,48.3,1,12.5,0,0,0,0,,0,0,0,0,,,0,,0,,0,,0,0,0,0,0,0,0,0,,0,0,0,,0,,0,,0,,0,0,,0,0,,0,,,0,100,0,0,0,0,0,0,0,0,0,0
2023,860,Harrison Bryant,CLV,TE,1,18,CIN,33.33333333333333,0,66,2,28.6,0,0,0,0,,0,0,0,0,,,0,,0,,0,,0,0,0,0,0,0,0,0,,0,0,0,,0,,0,,0,,0,0,,0,0,,0,,,0,0,100,0,0,0,0,0,0,0,0,0
2023,861,Donovan Peoples-Jones,DET,WR,1,13,NO,14.285714285714285,0,19.6,1,8.3,0,0,0,0,,0,0,0,0,,,0,,0,,0,,0,0,0,0,0,0,0,0,,0,0,0,,0,,0,,0,,0,0,,0,0,,0,,,100,0,0,0,0,0,0,0,0,0,0,0
2023,862,Donovan Peoples-Jones,DET,WR,1,15,DEN,14.285714285714285,0,15.6,1,9.1,0,0,0,0,,0,0,0,0,,,0,,0,,0,,0,0,0,0,0,0,0,0,,0,0,0,,0,,0,,0,,0,0,,0,0,,0,,,100,0,0,0,0,0,0,0,0,0,0,0
2023,863,Donovan Peoples-Jones,DET,WR,1,16,MIN,28.57142857142857,0,6.5,2,18.2,0,0,0,0,,0,0,0,0,,,0,,0,,0,,0,0,0,0,0,0,0,0,,0,0,0,,0,,0,,0,,0,0,,0,0,,0,,,100,0,0,0,0,0,0,0,0,0,0,0
2023,864,Donovan Peoples-Jones,DET,WR,1,17,DAL,14.285714285714285,0,4.5,1,7.1,0,0,0,0,,0,0,0,0,,,0,,0,,0,,0,0,0,0,0,0,0,0,,0,0,0,,0,,0,,0,,0,0,,0,0,,0,,,100,0,0,0,0,0,0,0,0,0,0,0
2023,865,Donovan Peoples-Jones,DET,WR,1,18,MIN,28.57142857142857,0,37.5,2,33.3,0,0,0,0,,0,0,0,0,,,0,,0,,0,,0,0,0,0,0,0,0,0,,0,0,0,,0,,0,,0,,0,0,,0,0,,0,,,100,0,0,0,0,0,0,0,0,0,0,0
2023,866,Colby Parkinson,SEA,TE,1,13,DAL,14.285714285714285,0,42.2,1,9.1,0,0,0,0,,0,0,0,0,,,0,,0,,0,,0,0,0,0,0,0,0,0,,0,0,0,,0,,0,,0,,0,0,,0,0,,0,,,0,100,0,0,0,0,0,0,0,0,0,0
2023,867,Colby Parkinson,SEA,TE,1,14,SF,14.285714285714285,0,41.8,1,10,0,0,0,0,,0,0,0,0,,,0,,0,,0,,0,0,0,0,0,0,0,0,,0,0,0,,0,,0,,0,,0,0,,0,0,,0,,,100,0,0,0,0,0,0,0,0,0,0,0
2023,868,Michael Pittman,IND,WR,1,17,LV,13.793103448275861,0,88.7,4,100,0,0,0,0,,0,0,0,0,,,0,,0,,0,,0,0,0,0,0,0,0,0,,0,0,0,,0,,0,,0,,0,0,,0,0,,0,,,100,0,0,0,0,0,0,0,0,0,0,0
2023,869,Jauan Jennings,SF,WR,1,14,SEA,25,0,34,5,55.6,0,0,0,0,,0,0,0,0,,,0,,0,,0,,0,0,0,0,0,0,0,0,,0,0,0,,0,,0,,0,,0,0,,0,0,,0,,,60,40,0,0,0,0,0,0,0,0,0,0
2023,870,Quez Watkins,PHI,WR,1,14,DAL,12.903225806451612,0,44.2,4,66.7,0,0,0,0,,0,0,0,0,,,0,,0,,0,,0,0,0,0,0,0,0,0,,0,0,0,,0,,0,,0,,0,0,,0,0,,0,,,100,0,0,0,0,0,0,0,0,0,0,0
2023,871,Quez Watkins,PHI,WR,1,15,SEA,19.35483870967742,12.5,52.2,6,50,1,8.3,0,0.17,48,48,45.7,0,0,0,0,0,0,0,0,0,0,0,0.28,0,0,1,0,0,0,0,1,10,0,0,1,100,1,0,0,0,1,0,0,0,0,0,14.3,-15,-3.574,66.7,33.3,0,0,0,3.4,0,3.37,-3.37,0,0.56,3.4
2023,872,Cole Kmet,CHI,TE,1,16,ARZ,3.7037037037037033,7.6923076923076925,43.3,1,20,1,20,0,1,4,4,12.5,0,0,0,0,0,0,0,0,0,0,0,0,0,0,0,0,0,0,39.6,1,20,0,0,0,0,0,0,0,0,0,0,0,0,0,0,50,-6.07,-1.881,0,100,0,0,0,0,0,0,0,0,0,0
2023,873,Cole Kmet,CHI,TE,1,17,ATL,7.4074074074074066,0,18.1,2,13.3,0,0,0,0,,0,0,0,0,,,0,,0,,0,,0,0,0,0,0,0,0,0,,0,0,0,,0,,0,,0,,0,0,,0,0,,0,,,0,0,100,0,0,0,0,0,0,0,0,0
2023,874,Justin Jefferson,MIN,WR,1,15,CIN,18.181818181818183,25,95.5,6,100,3,50,0,0.5,18,54,64.3,0,0,0,0,0,0,0,0,0,0,0,0,0,1,1,0,0,0,0,3,60,0,0,0,0,1,0,0,0,0,0,0,0,0,0,50,-10.26,-1.711,33.3,66.7,0,0,0,0,0,-0.04,0.04,0,-0.01,0
2023,875,Chase Claypool,MIA,WR,1,16,DAL,25,0,4.7,1,7.1,0,0,0,0,,0,0,0,0,,,0,,0,,0,,0,0,0,0,0,0,0,0,,0,0,0,,0,,0,,0,,0,0,,0,0,,0,,,0,100,0,0,0,0,0,0,0,0,0,0
2023,876,Chase Claypool,MIA,WR,1,17,BLT,25,50,15.2,1,7.7,1,7.7,0,1,36,36,39.6,0,0,0,0,0,0,0,0,0,0,0,0.21,0,0,1,0,0,0,39.6,1,9.1,0,0,1,100,1,0,1,100,0,0,0,0,0,0,100,-13.75,-0.682,0,100,0,0,0,2.5,0,2.55,-2.55,0,2.55,2.5
2023,877,Chase Claypool,MIA,WR,1,18,BUF,25,0,8.3,1,8.3,0,0,0,0,,0,0,0,0,,,0,,0,,0,,0,0,0,0,0,0,0,0,,0,0,0,,0,,0,,0,,0,0,,0,0,,0,,,100,0,0,0,0,0,0,0,0,0,0,0
2023,878,Josiah Deguara,GB,TE,1,15,TB,50,0,15.5,1,10,0,0,0,0,,0,0,0,0,,,0,,0,,0,,0,0,0,0,0,0,0,0,,0,0,0,,0,,0,,0,,0,0,,0,0,,0,,,0,100,0,0,0,0,0,0,0,0,0,0
2023,879,Josiah Deguara,GB,TE,1,16,CAR,50,0,22.2,1,11.1,0,0,0,0,,0,0,0,0,,,0,,0,,0,,0,0,0,0,0,0,0,0,,0,0,0,,0,,0,,0,,0,0,,0,0,,0,,,100,0,0,0,0,0,0,0,0,0,0,0
2023,880,K.J. Osborn,MIN,WR,1,15,CIN,14.705882352941178,0,55.2,5,83.3,0,0,0,0,,0,0,0,0,,,0,,0,,0,,0,0,0,0,0,0,0,0,,0,0,0,,0,,0,,0,,0,0,,0,0,,0,,,80,20,0,0,0,0,0,0,0,0,0,0
2023,881,K.J. Osborn,MIN,WR,1,17,GB,14.705882352941178,0,63.5,5,71.4,0,0,0,0,,0,0,0,0,,,0,,0,,0,,0,0,0,0,0,0,0,0,,0,0,0,,0,,0,,0,,0,0,,0,0,,0,,,80,20,0,0,0,0,0,0,0,0,0,0
2023,882,K.J. Osborn,MIN,WR,1,18,DET,14.705882352941178,33.33333333333333,55.7,5,55.6,2,22.2,0,0.4,3.5,7,8.2,0,0,0,0,0,0,0,0,0,0,0,0.01,0,0,0,0,0,0,39.6,1,12.5,0,0,1,50,0,0,0,0,0,0,0,0,0,0,33.3,-5.75,-1.038,60,40,0,0,0,1.7,0,1.69,-1.69,0,0.34,1.7
2023,883,Lynn Bowden,NO,WR,1,13,DET,35.294117647058826,0,71.6,6,66.7,0,0,0,0,,0,0,0,0,,,0,,0,,0,,0,0,0,0,0,0,0,0,,0,0,0,,0,,0,,0,,0,0,,0,0,,0,,,66.7,33.3,0,0,0,0,0,0,0,0,0,0
2023,884,Lynn Bowden,NO,WR,1,14,CAR,17.647058823529413,20,76.9,3,50,1,16.7,0,0.33,0,0,0,0,0,0,0,1,100,0,0,0,0,0,0,0,0,0,0,0,0,79.2,1,16.7,0,0,1,100,0,0,0,0,0,0,0,0,0,0,25,-6.04,-0.555,33.3,66.7,0,0,1,1.7,1,1.72,-0.72,0.33,0.57,1.7
2023,885,Lynn Bowden,NO,WR,1,16,LA,5.88235294117647,0,22.4,1,6.7,0,0,0,0,,0,0,0,0,,,0,,0,,0,,0,0,0,0,0,0,0,0,,0,0,0,,0,,0,,0,,0,0,,0,0,,0,,,100,0,0,0,0,0,0,0,0,0,0,0
2023,886,Lynn Bowden,NO,WR,1,18,ATL,5.88235294117647,0,30.3,1,12.5,0,0,0,0,,0,0,0,0,,,0,,0,,0,,0,0,0,0,0,0,0,0,,0,0,0,,0,,0,,0,,0,0,,0,0,,0,,,100,0,0,0,0,0,0,0,0,0,0,0
2023,887,Jalen Reagor,NE,WR,1,13,LAC,3.4482758620689653,0,9.7,1,12.5,0,0,0,0,,0,0,0,0,,,0,,0,,0,,0,0,0,0,0,0,0,0,,0,0,0,,0,,0,,0,,0,0,,0,0,,0,,,100,0,0,0,0,0,0,0,0,0,0,0
2023,888,Jalen Reagor,NE,WR,1,14,PIT,13.793103448275861,0,34.5,4,66.7,0,0,0,0,,0,0,0,0,,,0,,0,,0,,0,0,0,0,0,0,0,0,,0,0,0,,0,,0,,0,,0,0,,0,0,,0,,,100,0,0,0,0,0,0,0,0,0,0,0
2023,889,Jalen Reagor,NE,WR,1,15,KC,3.4482758620689653,0,54.9,1,14.3,0,0,0,0,,0,0,0,0,,,0,,0,,0,,0,0,0,0,0,0,0,0,,0,0,0,,0,,0,,0,,0,0,,0,0,,0,,,100,0,0,0,0,0,0,0,0,0,0,0
2023,890,Jalen Reagor,NE,WR,1,16,DEN,31.03448275862069,0,85.7,9,100,0,0,0,0,,0,0,0,0,,,0,,0,,0,,0,0,0,0,0,0,0,0,,0,0,0,,0,,0,,0,,0,0,,0,0,,0,,,88.9,11.1,0,0,0,0,0,0,0,0,0,0
2023,891,Jalen Reagor,NE,WR,1,17,BUF,34.48275862068966,0,67.9,10,90.9,0,0,0,0,,0,0,0,0,,,0,,0,,0,,0,0,0,0,0,0,0,0,,0,0,0,,0,,0,,0,,0,0,,0,0,,0,,,100,0,0,0,0,0,0,0,0,0,0,0
2023,892,Jalen Reagor,NE,WR,1,18,NYJ,13.793103448275861,0,82.8,4,80,0,0,0,0,,0,0,0,0,,,0,,0,,0,,0,0,0,0,0,0,0,0,,0,0,0,,0,,0,,0,,0,0,,0,0,,0,,,100,0,0,0,0,0,0,0,0,0,0,0
2023,893,Tee Higgins,CIN,WR,1,13,JAX,20.51282051282051,0,77.8,8,88.9,0,0,0,0,,0,0,0,0,,,0,,0,,0,,0,0,0,0,0,0,0,0,,0,0,0,,0,,0,,0,,0,0,,0,0,,0,,,87.5,12.5,0,0,0,0,0,0,0,0,0,0
2023,894,Tee Higgins,CIN,WR,1,14,IND,7.6923076923076925,0,73.7,3,75,0,0,0,0,,0,0,0,0,,,0,,0,,0,,0,0,0,0,0,0,0,0,,0,0,0,,0,,0,,0,,0,0,,0,0,,0,,,66.7,33.3,0,0,0,0,0,0,0,0,0,0
2023,895,Tee Higgins,CIN,WR,1,16,PIT,23.076923076923077,0,80.3,9,81.8,0,0,0,0,,0,0,0,0,,,0,,0,,0,,0,0,0,0,0,0,0,0,,0,0,0,,0,,0,,0,,0,0,,0,0,,0,,,88.9,11.1,0,0,0,0,0,0,0,0,0,0
2023,896,Tee Higgins,CIN,WR,1,17,KC,10.256410256410255,0,39.4,4,50,0,0,0,0,,0,0,0,0,,,0,,0,,0,,0,0,0,0,0,0,0,0,,0,0,0,,0,,0,,0,,0,0,,0,0,,0,,,100,0,0,0,0,0,0,0,0,0,0,0
2023,897,Van Jefferson,ATL,WR,1,13,NYJ,29.03225806451613,0,51.6,9,75,0,0,0,0,,0,0,0,0,,,0,,0,,0,,0,0,0,0,0,0,0,0,,0,0,0,,0,,0,,0,,0,0,,0,0,,0,,,88.9,11.1,0,0,0,0,0,0,0,0,0,0
2023,898,Van Jefferson,ATL,WR,1,14,TB,19.35483870967742,0,43.5,6,40,0,0,0,0,,0,0,0,0,,,0,,0,,0,,0,0,0,0,0,0,0,0,,0,0,0,,0,,0,,0,,0,0,,0,0,,0,,,66.7,33.3,0,0,0,0,0,0,0,0,0,0
2023,899,Van Jefferson,ATL,WR,1,15,CAR,3.225806451612903,33.33333333333333,23.5,1,20,1,20,0,1,26,26,39.4,0,0,0,0,0,0,0,0,0,0,0,0,0,0,0,0,0,0,39.6,1,50,0,0,0,0,1,0,0,0,0,0,0,0,0,0,100,-13.01,-1.656,0,100,0,0,0,0,0,0.02,-0.02,0,0.02,0
2023,900,Van Jefferson,ATL,WR,1,16,IND,12.903225806451612,0,40.6,4,50,0,0,0,0,,0,0,0,0,,,0,,0,,0,,0,0,0,0,0,0,0,0,,0,0,0,,0,,0,,0,,0,0,,0,0,,0,,,100,0,0,0,0,0,0,0,0,0,0,0
2023,901,Van Jefferson,ATL,WR,1,18,NO,16.129032258064516,0,50,5,55.6,0,0,0,0,,0,0,0,0,,,0,,0,,0,,0,0,0,0,0,0,0,0,,0,0,0,,0,,0,,0,,0,0,,0,0,,0,,,100,0,0,0,0,0,0,0,0,0,0,0
2023,902,Adam Trautman,DEN,TE,1,15,DET,27.27272727272727,20,46.8,3,25,1,8.3,0,0.33,5,5,4.9,0,0,0,0,0,0,0,0,0,0,0,0,0,0,0,0,0,0,39.6,1,10,0,0,1,100,0,0,0,0,1,0,0,0,0,0,25,-6.48,-1.797,33.3,33.3,33.3,0,0,1.2,0,1.17,-1.17,0,0.39,1.2
2023,903,Adam Trautman,DEN,TE,1,16,NE,18.181818181818183,20,49.2,2,33.3,1,16.7,0,0.5,53,53,60.9,0,0,0,0,0,0,0,0,0,0,0,0,0,0,0,0,0,0,39.6,1,25,0,0,0,0,1,0,0,0,0,0,0,0,0,0,25,-8,-0.01,0,100,0,0,0,-0.3,0,-0.32,0.32,0,-0.16,-0.3
2023,904,Adam Trautman,DEN,TE,1,17,LAC,18.181818181818183,0,47.8,2,28.6,0,0,0,0,,0,0,0,0,,,0,,0,,0,,0,0,0,0,0,0,0,0,,0,0,0,,0,,0,,0,,0,0,,0,0,,0,,,0,0,100,0,0,0,0,0,0,0,0,0
2023,905,Albert Okwuegbunam,PHI,TE,1,13,SF,100,100,44.9,2,22.2,1,11.1,0,0.5,9,9,10.8,0,0,0,0,0,0,0,0,0,0,0,0,0,0,0,0,0,0,39.6,1,14.3,0,0,1,100,0,0,0,0,0,0,0,0,0,0,50,-7.26,-0.425,0,100,0,0,0,2,0,1.99,-1.99,0,1,2
2023,906,Brycen Hopkins,LA,TE,1,14,BLT,33.33333333333333,0,5.5,2,13.3,0,0,0,0,,0,0,0,0,,,0,,0,,0,,0,0,0,0,0,0,0,0,,0,0,0,,0,,0,,0,,0,0,,0,0,,0,,,0,50,50,0,0,0,0,0,0,0,0,0
2023,907,Tyler Johnson,LA,WR,1,18,SF,100,100,53.2,3,33.3,1,11.1,0,0.33,-1,-1,-1.8,0,0,0,0,1,100,1,1,1,1,0,0.01,0,0,0,0,0,0,79.2,1,12.5,0,0,1,100,0,0,0,0,0,0,0,0,0,0,25,-6.17,-0.466,66.7,33.3,0,0,1,1.6,1,1.57,-0.57,0.33,0.52,1.6
2023,908,Charlie Woerner,SF,TE,1,16,BLT,16.666666666666664,0,22.1,1,6.7,0,0,0,0,,0,0,0,0,,,0,,0,,0,,0,0,0,0,0,0,0,0,,0,0,0,,0,,0,,0,,0,0,,0,0,,0,,,100,0,0,0,0,0,0,0,0,0,0,0
2023,909,Charlie Woerner,SF,TE,1,17,WAS,33.33333333333333,0,25,2,22.2,0,0,0,0,,0,0,0,0,,,0,,0,,0,,0,0,0,0,0,0,0,0,,0,0,0,,0,,0,,0,,0,0,,0,0,,0,,,50,50,0,0,0,0,0,0,0,0,0,0
2023,910,Charlie Woerner,SF,TE,1,18,LA,50,0,77.6,3,60,0,0,0,0,,0,0,0,0,,,0,,0,,0,,0,0,0,0,0,0,0,0,,0,0,0,,0,,0,,0,,0,0,,0,0,,0,,,0,66.7,33.3,0,0,0,0,0,0,0,0,0
2023,911,Stephen Sullivan,CAR,TE,1,13,TB,16.666666666666664,0,44.9,3,60,0,0,0,0,,0,0,0,0,,,0,,0,,0,,0,0,0,0,0,0,0,0,,0,0,0,,0,,0,,0,,0,0,,0,0,,0,,,100,0,0,0,0,0,0,0,0,0,0,0
2023,912,Stephen Sullivan,CAR,TE,1,14,NO,38.88888888888889,33.33333333333333,34.2,7,58.3,2,16.7,0,0.29,22,44,18.5,0,0,0,0,0,0,0,0,0,0,0,0,0,0,0,0,0,0,39.6,2,18.2,0,0,1,50,1,0,0,0,1,0,0,0,0,0,28.6,-3.63,-0.968,42.9,42.9,14.3,0,0,1,0,1,-1,0,0.14,1
2023,913,Stephen Sullivan,CAR,TE,1,17,JAX,11.11111111111111,0,22.6,2,25,0,0,0,0,,0,0,0,0,,,0,,0,,0,,0,0,0,0,0,0,0,0,,0,0,0,,0,,0,,0,,0,0,,0,0,,0,,,0,100,0,0,0,0,0,0,0,0,0,0
2023,914,Stephen Sullivan,CAR,TE,1,18,TB,5.555555555555555,16.666666666666664,10,1,11.1,1,11.1,0,1,2,2,4.9,0,0,0,0,0,0,0,0,0,0,0,0,0,0,0,0,0,0,39.6,0,0,0,0,0,0,0,0,0,0,0,0,0,0,0,0,100,-6.37,-0.318,0,100,0,0,0,0,0,0,0,0,0,0
2023,915,Mike Strachan,CAR,WR,1,13,TB,75,0,44.9,3,60,0,0,0,0,,0,0,0,0,,,0,,0,,0,,0,0,0,0,0,0,0,0,,0,0,0,,0,,0,,0,,0,0,,0,0,,0,,,100,0,0,0,0,0,0,0,0,0,0,0
2023,916,Mike Strachan,CAR,WR,1,14,NO,25,0,2.5,1,8.3,0,0,0,0,,0,0,0,0,,,0,,0,,0,,0,0,0,0,0,0,0,0,,0,0,0,,0,,0,,0,,0,0,,0,0,,0,,,100,0,0,0,0,0,0,0,0,0,0,0
2023,917,Tim Jones,JAX,WR,1,13,CIN,5,0,25,1,7.1,0,0,0,0,,0,0,0,0,,,0,,0,,0,,0,0,0,0,0,0,0,0,,0,0,0,,0,,0,,0,,0,0,,0,0,,0,,,100,0,0,0,0,0,0,0,0,0,0,0
2023,918,Tim Jones,JAX,WR,1,14,CLV,5,0,13.5,1,7.1,0,0,0,0,,0,0,0,0,,,0,,0,,0,,0,0,0,0,0,0,0,0,,0,0,0,,0,,0,,0,,0,0,,0,0,,0,,,0,100,0,0,0,0,0,0,0,0,0,0
2023,919,Tim Jones,JAX,WR,1,15,BLT,15,0,36.1,3,21.4,0,0,0,0,,0,0,0,0,,,0,,0,,0,,0,0,0,0,0,0,0,0,,0,0,0,,0,,0,,0,,0,0,,0,0,,0,,,66.7,33.3,0,0,0,0,0,0,0,0,0,0
2023,920,Tim Jones,JAX,WR,1,16,TB,50,0,67.2,10,71.4,0,0,0,0,,0,0,0,0,,,0,,0,,0,,0,0,0,0,0,0,0,0,,0,0,0,,0,,0,,0,,0,0,,0,0,,0,,,90,10,0,0,0,0,0,0,0,0,0,0
2023,921,Tim Jones,JAX,WR,1,17,CAR,15,0,61.3,3,42.9,0,0,0,0,,0,0,0,0,,,0,,0,,0,,0,0,0,0,0,0,0,0,,0,0,0,,0,,0,,0,,0,0,,0,0,,0,,,66.7,33.3,0,0,0,0,0,0,0,0,0,0
2023,922,Kenny Yeboah,NYJ,TE,1,14,HST,50,0,34.8,2,22.2,0,0,0,0,,0,0,0,0,,,0,,0,,0,,0,0,0,0,0,0,0,0,,0,0,0,,0,,0,,0,,0,0,,0,0,,0,,,50,0,50,0,0,0,0,0,0,0,0,0
2023,923,Rashod Bateman,BLT,WR,1,14,LA,40,0,47.9,10,62.5,0,0,0,0,,0,0,0,0,,,0,,0,,0,,0,0,0,0,0,0,0,0,,0,0,0,,0,,0,,0,,0,0,,0,0,,0,,,90,10,0,0,0,0,0,0,0,0,0,0
2023,924,Rashod Bateman,BLT,WR,1,16,SF,20,0,55.6,5,41.7,0,0,0,0,,0,0,0,0,,,0,,0,,0,,0,0,0,0,0,0,0,0,,0,0,0,,0,,0,,0,,0,0,,0,0,,0,,,100,0,0,0,0,0,0,0,0,0,0,0
2023,925,Rashod Bateman,BLT,WR,1,17,MIA,24,0,70.9,6,75,0,0,0,0,,0,0,0,0,,,0,,0,,0,,0,0,0,0,0,0,0,0,,0,0,0,,0,,0,,0,,0,0,,0,0,,0,,,100,0,0,0,0,0,0,0,0,0,0,0
2023,926,Rashod Bateman,BLT,WR,1,18,PIT,16,0,47.4,4,40,0,0,0,0,,0,0,0,0,,,0,,0,,0,,0,0,0,0,0,0,0,0,,0,0,0,,0,,0,,0,,0,0,,0,0,,0,,,100,0,0,0,0,0,0,0,0,0,0,0
2023,927,Brevin Jordan,HST,TE,1,13,DEN,30.76923076923077,0,74.6,4,57.1,0,0,0,0,,0,0,0,0,,,0,,0,,0,,0,0,0,0,0,0,0,0,,0,0,0,,0,,0,,0,,0,0,,0,0,,0,,,0,75,25,0,0,0,0,0,0,0,0,0
2023,928,Brevin Jordan,HST,TE,1,15,TEN,7.6923076923076925,0,25,1,9.1,0,0,0,0,,0,0,0,0,,,0,,0,,0,,0,0,0,0,0,0,0,0,,0,0,0,,0,,0,,0,,0,0,,0,0,,0,,,100,0,0,0,0,0,0,0,0,0,0,0
2023,929,Brevin Jordan,HST,TE,1,18,IND,7.6923076923076925,0,46.4,1,16.7,0,0,0,0,,0,0,0,0,,,0,,0,,0,,0,0,0,0,0,0,0,0,,0,0,0,,0,,0,,0,,0,0,,0,0,,0,,,0,0,100,0,0,0,0,0,0,0,0,0
2023,930,Quintin Morris,BUF,TE,1,15,DAL,50,0,26.2,1,100,0,0,0,0,,0,0,0,0,,,0,,0,,0,,0,0,0,0,0,0,0,0,,0,0,0,,0,,0,,0,,0,0,,0,0,,0,,,0,0,100,0,0,0,0,0,0,0,0,0
2023,931,Quintin Morris,BUF,TE,1,17,NE,50,0,10.3,1,7.1,0,0,0,0,,0,0,0,0,,,0,,0,,0,,0,0,0,0,0,0,0,0,,0,0,0,,0,,0,,0,,0,0,,0,0,,0,,,100,0,0,0,0,0,0,0,0,0,0,0
2023,932,Jaylen Waddle,MIA,WR,1,16,DAL,16.666666666666664,25,43.8,5,35.7,2,14.3,0,0.4,10,20,16.7,0,0,0,0,0,0,0,0,0,0,0,0,0,0,0,0,0,0,39.6,2,15.4,0,0,0,0,0,0,0,0,0,0,0,0,0,0,33.3,-8.39,-0.528,60,40,0,0,0,0,0,0.03,-0.03,0,0.01,0
2023,933,Dyami Brown,WAS,WR,1,13,MIA,0,100,20.4,0,0,1,0,0,1,-1,-1,0,0,0,0,0,1,100,1,1,0,0,0,0.25,0,1,0,0,0,0,79.2,1,0,1,100,1,100,0,0,0,0,0,0,0,0,0,0,0,-6.17,-0.426,0,0,0,0,1,2.4,1,2.39,-1.39,0,0,2.4
2023,934,Dyami Brown,WAS,WR,1,16,NYJ,50,0,22.4,1,9.1,0,0,0,0,,0,0,0,0,,,0,,0,,0,,0,0,0,0,0,0,0,0,,0,0,0,,0,,0,,0,,0,0,,0,0,,0,,,100,0,0,0,0,0,0,0,0,0,0,0
2023,935,Dyami Brown,WAS,WR,1,17,SF,50,0,2.3,1,8.3,0,0,0,0,,0,0,0,0,,,0,,0,,0,,0,0,0,0,0,0,0,0,,0,0,0,,0,,0,,0,,0,0,,0,0,,0,,,100,0,0,0,0,0,0,0,0,0,0,0
2023,936,John Bates,WAS,TE,1,13,MIA,12.5,0,44.4,1,12.5,0,0,0,0,,0,0,0,0,,,0,,0,,0,,0,0,0,0,0,0,0,0,,0,0,0,,0,,0,,0,,0,0,,0,0,,0,,,100,0,0,0,0,0,0,0,0,0,0,0
2023,937,John Bates,WAS,TE,1,15,LA,12.5,0,39.7,1,14.3,0,0,0,0,,0,0,0,0,,,0,,0,,0,,0,0,0,0,0,0,0,0,,0,0,0,,0,,0,,0,,0,0,,0,0,,0,,,0,100,0,0,0,0,0,0,0,0,0,0
2023,938,John Bates,WAS,TE,1,18,DAL,12.5,0,61.2,1,12.5,0,0,0,0,,0,0,0,0,,,0,,0,,0,,0,0,0,0,0,0,0,0,,0,0,0,,0,,0,,0,,0,0,,0,0,,0,,,0,0,100,0,0,0,0,0,0,0,0,0
2023,939,Tylan Wallace,BLT,WR,1,14,LA,16.666666666666664,0,7,1,6.3,0,0,0,0,,0,0,0,0,,,0,,0,,0,,0,0,0,0,0,0,0,0,,0,0,0,,0,,0,,0,,0,0,,0,0,,0,,,100,0,0,0,0,0,0,0,0,0,0,0
2023,940,Tylan Wallace,BLT,WR,1,18,PIT,83.33333333333334,100,42.1,5,50,1,10,0,0.2,12,12,16.9,0,0,0,0,0,0,0,0,0,0,0,0,0,0,0,0,0,0,39.6,0,0,0,0,0,0,0,0,0,0,0,0,0,0,0,0,16.7,-9.05,-1.48,80,20,0,0,0,0,0,0,0,0,0,0
2023,941,Ihmir Smith-Marsette,CAR,WR,1,13,TB,7.6923076923076925,0,17.4,1,20,0,0,0,0,,0,0,0,0,,,0,,0,,0,,0,0,0,0,0,0,0,0,,0,0,0,,0,,0,,0,,0,0,,0,0,,0,,,0,100,0,0,0,0,0,0,0,0,0,0
2023,942,Ihmir Smith-Marsette,CAR,WR,1,14,NO,7.6923076923076925,0,31.6,1,8.3,0,0,0,0,,0,0,0,0,,,0,,0,,0,,0,0,0,0,0,0,0,0,,0,0,0,,0,,0,,0,,0,0,,0,0,,0,,,100,0,0,0,0,0,0,0,0,0,0,0
2023,943,Noah Gray,KC,TE,1,13,GB,6.666666666666667,0,34.4,1,6.3,0,0,0,0,,0,0,0,0,,,0,,0,,0,,0,0,0,0,0,0,0,0,,0,0,0,,0,,0,,0,,0,0,,0,0,,0,,,0,100,0,0,0,0,0,0,0,0,0,0
2023,944,Noah Gray,KC,TE,1,14,BUF,20,0,38.7,3,21.4,0,0,0,0,,0,0,0,0,,,0,,0,,0,,0,0,0,0,0,0,0,0,,0,0,0,,0,,0,,0,,0,0,,0,0,,0,,,33.3,33.3,33.3,0,0,0,0,0,0,0,0,0
2023,945,Noah Gray,KC,TE,1,15,NE,6.666666666666667,0,49.2,1,9.1,0,0,0,0,,0,0,0,0,,,0,,0,,0,,0,0,0,0,0,0,0,0,,0,0,0,,0,,0,,0,,0,0,,0,0,,0,,,100,0,0,0,0,0,0,0,0,0,0,0
2023,946,Noah Gray,KC,TE,1,17,CIN,20,0,58.5,3,27.3,0,0,0,0,,0,0,0,0,,,0,,0,,0,,0,0,0,0,0,0,0,0,,0,0,0,,0,,0,,0,,0,0,,0,0,,0,,,0,0,100,0,0,0,0,0,0,0,0,0
2023,947,Noah Gray,KC,TE,1,18,LAC,40,50,45.8,6,60,1,10,0,0.17,4,4,5.9,0,0,0,0,0,0,0,0,0,0,0,0,0,0,0,0,0,0,39.6,1,10,0,0,1,100,0,0,1,100,0,0,0,0,0,0,14.3,-6.07,-0.461,33.3,50,16.7,0,0,1.3,0,1.26,-1.26,0,0.21,1.3
2023,948,Josh Pederson,JAX,TE,1,14,CLV,100,0,9.5,1,7.1,0,0,0,0,,0,0,0,0,,,0,,0,,0,,0,0,0,0,0,0,0,0,,0,0,0,,0,,0,,0,,0,0,,0,0,,0,,,0,0,100,0,0,0,0,0,0,0,0,0
2023,949,Jack Stoll,PHI,TE,1,13,SF,33.33333333333333,0,34.8,3,33.3,0,0,0,0,,0,0,0,0,,,0,,0,,0,,0,0,0,0,0,0,0,0,,0,0,0,,0,,0,,0,,0,0,,0,0,,0,,,0,33.3,66.7,0,0,0,0,0,0,0,0,0
2023,950,Jack Stoll,PHI,TE,1,17,ARZ,22.22222222222222,0,59.6,2,25,0,0,0,0,,0,0,0,0,,,0,,0,,0,,0,0,0,0,0,0,0,0,,0,0,0,,0,,0,,0,,0,0,,0,0,,0,,,0,0,100,0,0,0,0,0,0,0,0,0
2023,951,Brock Wright,DET,TE,1,13,NO,33.33333333333333,0,41.1,1,8.3,0,0,0,0,,0,0,0,0,,,0,,0,,0,,0,0,0,0,0,0,0,0,,0,0,0,,0,,0,,0,,0,0,,0,0,,0,,,100,0,0,0,0,0,0,0,0,0,0,0
2023,952,Brock Wright,DET,TE,1,14,CHI,33.33333333333333,0,36.5,1,14.3,0,0,0,0,,0,0,0,0,,,0,,0,,0,,0,0,0,0,0,0,0,0,,0,0,0,,0,,0,,0,,0,0,,0,0,,0,,,0,100,0,0,0,0,0,0,0,0,0,0
2023,953,Brock Wright,DET,TE,1,15,DEN,33.33333333333333,0,18.8,1,9.1,0,0,0,0,,0,0,0,0,,,0,,0,,0,,0,0,0,0,0,0,0,0,,0,0,0,,0,,0,,0,,0,0,,0,0,,0,,,0,0,100,0,0,0,0,0,0,0,0,0
2023,954,Ben Skowronek,LA,WR,1,13,CLV,36.36363636363637,0,38.7,4,28.6,0,0,0,0,,0,0,0,0,,,0,,0,,0,,0,0,0,0,0,0,0,0,,0,0,0,,0,,0,,0,,0,0,,0,0,,0,,,100,0,0,0,0,0,0,0,0,0,0,0
2023,955,Ben Skowronek,LA,WR,1,14,BLT,9.090909090909092,0,6.8,1,6.7,0,0,0,0,,0,0,0,0,,,0,,0,,0,,0,0,0,0,0,0,0,0,,0,0,0,,0,,0,,0,,0,0,,0,0,,0,,,100,0,0,0,0,0,0,0,0,0,0,0
2023,956,Ben Skowronek,LA,WR,1,18,SF,54.54545454545454,0,61.3,6,66.7,0,0,0,0,,0,0,0,0,,,0,,0,,0,,0,0,0,0,0,0,0,0,,0,0,0,,0,,0,,0,,0,0,,0,0,,0,,,66.7,33.3,0,0,0,0,0,0,0,0,0,0
2023,957,Kylen Granson,IND,TE,1,15,PIT,10.526315789473683,0,30.8,2,33.3,0,0,0,0,,0,0,0,0,,,0,,0,,0,,0,0,0,0,0,0,0,0,,0,0,0,,0,,0,,0,,0,0,,0,0,,0,,,50,0,50,0,0,0,0,0,0,0,0,0
2023,958,Kylen Granson,IND,TE,1,18,HST,26.31578947368421,0,61.3,5,71.4,0,0,0,0,,0,0,0,0,,,0,,0,,0,,0,0,0,0,0,0,0,0,,0,0,0,,0,,0,,0,,0,0,,0,0,,0,,,0,20,80,0,0,0,0,0,0,0,0,0
2023,959,Luke Farrell,JAX,TE,1,13,CIN,33.33333333333333,0,41.2,3,21.4,0,0,0,0,,0,0,0,0,,,0,,0,,0,,0,0,0,0,0,0,0,0,,0,0,0,,0,,0,,0,,0,0,,0,0,,0,,,0,0,100,0,0,0,0,0,0,0,0,0
2023,960,Luke Farrell,JAX,TE,1,14,CLV,11.11111111111111,0,31.1,1,7.1,0,0,0,0,,0,0,0,0,,,0,,0,,0,,0,0,0,0,0,0,0,0,,0,0,0,,0,,0,,0,,0,0,,0,0,,0,,,0,0,100,0,0,0,0,0,0,0,0,0
2023,961,Luke Farrell,JAX,TE,1,18,TEN,22.22222222222222,0,22.7,2,11.8,0,0,0,0,,0,0,0,0,,,0,,0,,0,,0,0,0,0,0,0,0,0,,0,0,0,,0,,0,,0,,0,0,,0,0,,0,,,0,50,50,0,0,0,0,0,0,0,0,0
2023,962,Pat Freiermuth,PIT,TE,1,16,CIN,7.6923076923076925,0,62.1,2,50,0,0,0,0,,0,0,0,0,,,0,,0,,0,,0,0,0,0,0,0,0,0,,0,0,0,,0,,0,,0,,0,0,,0,0,,0,,,50,50,0,0,0,0,0,0,0,0,0,0
2023,963,DeVonta Smith,PHI,WR,1,17,ARZ,18.91891891891892,0,89.4,7,87.5,0,0,0,0,,0,0,0,0,,,0,,0,,0,,0,0,0,0,0,0,0,0,,0,0,0,,0,,0,,0,,0,0,,0,0,,0,,,100,0,0,0,0,0,0,0,0,0,0,0
2023,964,Kadarius Toney,KC,WR,1,13,GB,15.384615384615385,0,18,2,12.5,0,0,0,0,,0,0,0,0,,,0,,0,,0,,0,0,0,0,0,0,0,0,,0,0,0,,0,,0,,0,,0,0,,0,0,,0,,,100,0,0,0,0,0,0,0,0,0,0,0
2023,965,Terrace Marshall,CAR,WR,1,18,TB,100,0,92,8,88.9,0,0,0,0,,0,0,0,0,,,0,,0,,0,,0,0,0,0,0,0,0,0,,0,0,0,,0,,0,,0,,0,0,,0,0,,0,,,75,25,0,0,0,0,0,0,0,0,0,0
2023,966,Kyle Pitts,ATL,TE,1,15,CAR,6.976744186046512,0,66.7,3,60,0,0,0,0,,0,0,0,0,,,0,,0,,0,,0,0,0,0,0,0,0,0,,0,0,0,,0,,0,,0,,0,0,,0,0,,0,,,33.3,33.3,33.3,0,0,0,0,0,0,0,0,0
2023,967,Elijah Moore,CLV,WR,1,13,LA,17.5,25,72.5,7,100,2,28.6,0,0.29,31.5,63,57.3,0,0,0,0,0,0,0,0,0,0,0,0,0,1,1,0,0,0,0,2,33.3,0,0,0,0,1,0,0,0,0,0,0,0,0,0,28.6,-12.7,-3.133,71.4,28.6,0,0,0,0.1,0,0.09,-0.09,0,0.01,0.1
2023,968,Elijah Moore,CLV,WR,1,16,HST,17.5,0,82.7,7,70,0,0,0,0,,0,0,0,0,,,0,,0,,0,,0,0,0,0,0,0,0,0,,0,0,0,,0,,0,,0,,0,0,,0,0,,0,,,85.7,14.3,0,0,0,0,0,0,0,0,0,0
2023,969,Hunter Long,LA,TE,1,13,CLV,50,0,33.9,3,21.4,0,0,0,0,,0,0,0,0,,,0,,0,,0,,0,0,0,0,0,0,0,0,,0,0,0,,0,,0,,0,,0,0,,0,0,,0,,,0,0,100,0,0,0,0,0,0,0,0,0
2023,970,Hunter Long,LA,TE,1,14,BLT,50,0,26,3,20,0,0,0,0,,0,0,0,0,,,0,,0,,0,,0,0,0,0,0,0,0,0,,0,0,0,,0,,0,,0,,0,0,,0,0,,0,,,0,66.7,33.3,0,0,0,0,0,0,0,0,0
2023,971,Tommy Tremble,CAR,TE,1,14,NO,14.814814814814813,0,63.3,4,33.3,0,0,0,0,,0,0,0,0,,,0,,0,,0,,0,0,0,0,0,0,0,0,,0,0,0,,0,,0,,0,,0,0,,0,0,,0,,,25,25,50,0,0,0,0,0,0,0,0,0
2023,972,Tommy Tremble,CAR,TE,1,15,ATL,14.814814814814813,0,84.1,4,80,0,0,0,0,,0,0,0,0,,,0,,0,,0,,0,0,0,0,0,0,0,0,,0,0,0,,0,,0,,0,,0,0,,0,0,,0,,,25,50,25,0,0,0,0,0,0,0,0,0
2023,973,Tommy Tremble,CAR,TE,1,17,JAX,11.11111111111111,16.666666666666664,69.8,3,37.5,1,12.5,0,0.33,15,15,60,0,0,0,0,0,0,0,0,0,0,0,0,0,0,0,0,0,0,0,0,0,0,0,0,0,0,0,0,0,0,0,0,0,0,0,25,-10.64,-4.836,0,66.7,33.3,0,0,0,0,-0.02,0.02,0,-0.01,0
2023,974,Grant Calcaterra,PHI,TE,1,13,SF,14.285714285714285,0,18.8,1,11.1,0,0,0,0,,0,0,0,0,,,0,,0,,0,,0,0,0,0,0,0,0,0,,0,0,0,,0,,0,,0,,0,0,,0,0,,0,,,0,100,0,0,0,0,0,0,0,0,0,0
2023,975,Grant Calcaterra,PHI,TE,1,17,ARZ,14.285714285714285,0,10.6,1,12.5,0,0,0,0,,0,0,0,0,,,0,,0,,0,,0,0,0,0,0,0,0,0,,0,0,0,,0,,0,,0,,0,0,,0,0,,0,,,0,0,100,0,0,0,0,0,0,0,0,0
2023,976,Bo Melton,GB,WR,1,15,TB,9.090909090909092,14.285714285714285,29.3,2,20,1,10,0,0.5,17,17,16.3,0,0,0,0,0,0,0,0,0,0,0,0,0,0,0,0,0,0,39.6,1,12.5,0,0,0,0,0,0,0,0,0,0,0,0,0,0,33.3,-11.67,-1.186,50,50,0,0,0,0,0,0,0,0,0,0
2023,977,Samori Toure,GB,WR,1,16,CAR,14.285714285714285,20,7.9,1,11.1,1,11.1,0,1,-5,-5,-4.6,0,0,0,0,0,0,0,0,0,0,0,0.21,0,0,0,0,0,0,39.6,1,12.5,1,100,1,100,0,0,1,100,0,0,0,0,0,0,100,-4.16,-0.362,0,100,0,0,0,2.9,0,2.93,-2.93,0,2.93,2.9
2023,978,Irvin Charles,NYJ,WR,1,14,HST,50,0,3,1,11.1,0,0,0,0,,0,0,0,0,,,0,,0,,0,,0,0,0,0,0,0,0,0,,0,0,0,,0,,0,,0,,0,0,,0,0,,0,,,100,0,0,0,0,0,0,0,0,0,0,0
2023,979,Irvin Charles,NYJ,WR,1,15,MIA,50,0,3.6,1,9.1,0,0,0,0,,0,0,0,0,,,0,,0,,0,,0,0,0,0,0,0,0,0,,0,0,0,,0,,0,,0,,0,0,,0,0,,0,,,100,0,0,0,0,0,0,0,0,0,0,0
2023,980,Justyn Ross,KC,WR,1,16,LV,11.11111111111111,0,13.5,1,11.1,0,0,0,0,,0,0,0,0,,,0,,0,,0,,0,0,0,0,0,0,0,0,,0,0,0,,0,,0,,0,,0,0,,0,0,,0,,,100,0,0,0,0,0,0,0,0,0,0,0
2023,981,Justyn Ross,KC,WR,1,17,CIN,11.11111111111111,0,13.2,1,9.1,0,0,0,0,,0,0,0,0,,,0,,0,,0,,0,0,0,0,0,0,0,0,,0,0,0,,0,,0,,0,,0,0,,0,0,,0,,,100,0,0,0,0,0,0,0,0,0,0,0
2023,982,Drake London,ATL,WR,1,13,NYJ,22,15.384615384615385,85.9,11,91.7,2,16.7,0,0.18,15,30,26.5,0,0,0,0,0,0,0,0,0,0,0,0.01,0,0,0,0,0,0,39.6,2,20,0,0,2,100,1,0,0,0,1,0,0,0,0,0,16.7,-9.18,-1.164,54.5,45.5,0,0,0,3.7,0,3.75,-3.75,0,0.34,3.7
2023,983,Chris Olave,NO,WR,1,17,TB,27.083333333333332,11.76470588235294,67.1,13,86.7,2,13.3,0,0.15,6,12,10.2,0,0,0,0,0,0,0,0,0,0,0,0,0,1,0,0,0,0,39.6,1,9.1,0,0,1,50,0,0,1,50,0,0,0,0,0,0,14.3,-6.72,-0.5,69.2,30.8,0,0,0,2.2,0,2.22,-2.22,0,0.17,2.2
2023,984,Jameson Williams,DET,WR,1,13,NO,27.586206896551722,0,58.9,8,66.7,0,0,0,0,,0,0,0,0,,,0,,0,,0,,0,0,0,0,0,0,0,0,,0,0,0,,0,,0,,0,,0,0,,0,0,,0,,,62.5,37.5,0,0,0,0,0,0,0,0,0,0
2023,985,Jameson Williams,DET,WR,1,14,CHI,3.4482758620689653,0,57.1,1,14.3,0,0,0,0,,0,0,0,0,,,0,,0,,0,,0,0,0,0,0,0,0,0,,0,0,0,,0,,0,,0,,0,0,,0,0,,0,,,100,0,0,0,0,0,0,0,0,0,0,0
2023,986,George Pickens,PIT,WR,1,13,ARZ,11.11111111111111,0,81,4,80,0,0,0,0,,0,0,0,0,,,0,,0,,0,,0,0,0,0,0,0,0,0,,0,0,0,,0,,0,,0,,0,0,,0,0,,0,,,100,0,0,0,0,0,0,0,0,0,0,0
2023,987,George Pickens,PIT,WR,1,14,NE,25,0,84.8,9,100,0,0,0,0,,0,0,0,0,,,0,,0,,0,,0,0,0,0,0,0,0,0,,0,0,0,,0,,0,,0,,0,0,,0,0,,0,,,66.7,33.3,0,0,0,0,0,0,0,0,0,0
2023,988,George Pickens,PIT,WR,1,15,IND,16.666666666666664,20,92.6,6,100,1,16.7,0,0.17,36,36,62.1,0,0,0,0,0,0,0,0,0,0,0,0.16,0,0,0,0,0,0,0,1,25,0,0,1,100,1,0,0,0,1,0,0,0,0,0,16.7,-13.75,-3.971,66.7,33.3,0,0,0,3.3,0,3.25,-3.25,0,0.54,3.3
2023,989,George Pickens,PIT,WR,1,16,CIN,11.11111111111111,0,77.6,4,100,0,0,0,0,,0,0,0,0,,,0,,0,,0,,0,0,0,0,0,0,0,0,,0,0,0,,0,,0,,0,,0,0,,0,0,,0,,,100,0,0,0,0,0,0,0,0,0,0,0
2023,990,George Pickens,PIT,WR,1,18,BLT,13.88888888888889,0,80.6,5,100,0,0,0,0,,0,0,0,0,,,0,,0,,0,,0,0,0,0,0,0,0,0,,0,0,0,,0,,0,,0,,0,0,,0,0,,0,,,80,20,0,0,0,0,0,0,0,0,0,0
2023,991,David Bell,CLV,WR,1,18,CIN,27.27272727272727,0,98.1,6,85.7,0,0,0,0,,0,0,0,0,,,0,,0,,0,,0,0,0,0,0,0,0,0,,0,0,0,,0,,0,,0,,0,0,,0,0,,0,,,50,50,0,0,0,0,0,0,0,0,0,0
2023,992,Khalil Shakir,BUF,WR,1,15,DAL,3.0303030303030303,7.142857142857142,46.2,1,100,1,100,0,1,9,9,100,0,0,0,0,0,0,0,0,0,0,0,0,0,0,0,0,0,0,39.6,1,100,0,0,0,0,0,0,0,0,0,0,0,0,0,0,100,-7.45,-0.82,0,100,0,0,0,0,0,0.03,-0.03,0,0.03,0
2023,993,Kyle Philips,TEN,WR,1,14,MIA,33.33333333333333,0,4.4,1,12.5,0,0,0,0,,0,0,0,0,,,0,,0,,0,,0,0,0,0,0,0,0,0,,0,0,0,,0,,0,,0,,0,0,,0,0,,0,,,0,100,0,0,0,0,0,0,0,0,0,0
2023,994,James Mitchell,DET,TE,1,14,CHI,11.11111111111111,0,17.5,1,14.3,0,0,0,0,,0,0,0,0,,,0,,0,,0,,0,0,0,0,0,0,0,0,,0,0,0,,0,,0,,0,,0,0,,0,0,,0,,,100,0,0,0,0,0,0,0,0,0,0,0
2023,995,James Mitchell,DET,TE,1,15,DEN,11.11111111111111,0,7.8,1,9.1,0,0,0,0,,0,0,0,0,,,0,,0,,0,,0,0,0,0,0,0,0,0,,0,0,0,,0,,0,,0,,0,0,,0,0,,0,,,100,0,0,0,0,0,0,0,0,0,0,0
2023,996,James Mitchell,DET,TE,1,16,MIN,22.22222222222222,0,37.7,2,18.2,0,0,0,0,,0,0,0,0,,,0,,0,,0,,0,0,0,0,0,0,0,0,,0,0,0,,0,,0,,0,,0,0,,0,0,,0,,,0,0,100,0,0,0,0,0,0,0,0,0
2023,997,James Mitchell,DET,TE,1,17,DAL,22.22222222222222,0,26.9,2,14.3,0,0,0,0,,0,0,0,0,,,0,,0,,0,,0,0,0,0,0,0,0,0,,0,0,0,,0,,0,,0,,0,0,,0,0,,0,,,0,0,100,0,0,0,0,0,0,0,0,0
2023,998,James Mitchell,DET,TE,1,18,MIN,33.33333333333333,0,80.4,3,50,0,0,0,0,,0,0,0,0,,,0,,0,,0,,0,0,0,0,0,0,0,0,,0,0,0,,0,,0,,0,,0,0,,0,0,,0,,,0,0,100,0,0,0,0,0,0,0,0,0
2023,999,Andrew Ogletree,IND,TE,1,13,TEN,33.33333333333333,0,38.2,1,14.3,0,0,0,0,,0,0,0,0,,,0,,0,,0,,0,0,0,0,0,0,0,0,,0,0,0,,0,,0,,0,,0,0,,0,0,,0,,,0,0,100,0,0,0,0,0,0,0,0,0
2023,1000,Andrew Ogletree,IND,TE,1,14,CIN,33.33333333333333,100,28.3,1,9.1,1,9.1,0,1,-1,-1,-1.6,0,0,0,0,0,0,0,0,0,0,0,0,0,0,0,0,0,0,39.6,0,0,0,0,0,0,0,0,0,0,0,0,0,0,0,0,50,-4.9,-1.325,0,100,0,0,0,0,0,-0.02,0.02,0,-0.02,0
2023,1001,Andrew Ogletree,IND,TE,1,15,PIT,33.33333333333333,0,56.9,1,16.7,0,0,0,0,,0,0,0,0,,,0,,0,,0,,0,0,0,0,0,0,0,0,,0,0,0,,0,,0,,0,,0,0,,0,0,,0,,,0,0,100,0,0,0,0,0,0,0,0,0
2023,1002,Connor Heyward,PIT,TE,1,13,ARZ,28.57142857142857,0,29.3,2,40,0,0,0,0,,0,0,0,0,,,0,,0,,0,,0,0,0,0,0,0,0,0,,0,0,0,,0,,0,,0,,0,0,,0,0,,0,,,0,0,100,0,0,0,0,0,0,0,0,0
2023,1003,Connor Heyward,PIT,TE,1,17,SEA,28.57142857142857,0,31,2,25,0,0,0,0,,0,0,0,0,,,0,,0,,0,,0,0,0,0,0,0,0,0,,0,0,0,,0,,0,,0,,0,0,,0,0,,0,,,100,0,0,0,0,0,0,0,0,0,0,0
2023,1004,Connor Heyward,PIT,TE,1,18,BLT,14.285714285714285,0,37.1,1,20,0,0,0,0,,0,0,0,0,,,0,,0,,0,,0,0,0,0,0,0,0,0,,0,0,0,,0,,0,,0,,0,0,,0,0,,0,,,0,0,100,0,0,0,0,0,0,0,0,0
2023,1005,Brandon Johnson,DEN,WR,1,17,LAC,42.857142857142854,25,85.1,6,85.7,1,14.3,0,0.17,5,5,7.6,0,0,0,0,0,0,0,0,0,0,0,0,0,0,0,0,0,0,39.6,1,16.7,0,0,1,100,0,0,0,0,1,0,0,0,0,0,14.3,-6.36,-0.536,66.7,33.3,0,0,0,1.2,0,1.16,-1.16,0,0.19,1.2
2023,1006,Brandon Johnson,DEN,WR,1,18,LV,28.57142857142857,25,47.5,4,57.1,1,14.3,0,0.25,11,11,14.3,0,0,0,0,0,0,0,0,0,0,0,0,0,0,0,0,0,0,39.6,1,16.7,0,0,0,0,0,0,0,0,0,0,0,0,0,0,25,-8.32,-3.514,75,25,0,0,0,0,0,0.03,-0.03,0,0.01,0
2023,1007,Rod Williams,PIT,TE,1,14,NE,50,0,6.1,1,11.1,0,0,0,0,,0,0,0,0,,,0,,0,,0,,0,0,0,0,0,0,0,0,,0,0,0,,0,,0,,0,,0,0,,0,0,,0,,,0,0,100,0,0,0,0,0,0,0,0,0
2023,1008,Rod Williams,PIT,TE,1,16,CIN,50,0,3.4,1,25,0,0,0,0,,0,0,0,0,,,0,,0,,0,,0,0,0,0,0,0,0,0,,0,0,0,,0,,0,,0,,0,0,,0,0,,0,,,0,0,100,0,0,0,0,0,0,0,0,0
2023,1009,Deven Thompkins,TB,WR,1,15,GB,20,0,18.3,1,10,0,0,0,0,,0,0,0,0,,,0,,0,,0,,0,0,0,0,0,0,0,0,,0,0,0,,0,,0,,0,,0,0,,0,0,,0,,,0,100,0,0,0,0,0,0,0,0,0,0
2023,1010,Deven Thompkins,TB,WR,1,16,JAX,20,0,19.2,1,7.1,0,0,0,0,,0,0,0,0,,,0,,0,,0,,0,0,0,0,0,0,0,0,,0,0,0,,0,,0,,0,,0,0,,0,0,,0,,,100,0,0,0,0,0,0,0,0,0,0,0
2023,1011,Deven Thompkins,TB,WR,1,17,NO,20,33.33333333333333,14,1,9.1,1,9.1,0,1,-4,-4,-2.8,0,0,0,0,1,100,4,4,3,3,0,0,0,0,0,0,0,0,79.2,1,11.1,1,100,1,100,0,0,0,0,0,0,0,0,0,0,100,-4.49,-0.756,0,100,0,0,1,1.5,1,1.49,-0.49,1,1.49,1.5
2023,1012,Cole Fotheringham,LV,TE,1,16,KC,100,0,36.5,1,14.3,0,0,0,0,,0,0,0,0,,,0,,0,,0,,0,0,0,0,0,0,0,0,,0,0,0,,0,,0,,0,,0,0,,0,0,,0,,,0,100,0,0,0,0,0,0,0,0,0,0
2023,1013,Lucas Krull,DEN,TE,1,13,HST,15.384615384615385,20,37.3,4,57.1,1,14.3,0,0.25,15,15,15.8,0,0,0,0,0,0,0,0,0,0,0,0,0,1,1,0,0,0,0,0,0,0,0,0,0,0,0,0,0,0,0,0,0,0,0,25,-10.64,-3.297,25,50,25,0,0,0,0,0.01,-0.01,0,0,0
2023,1014,Lucas Krull,DEN,TE,1,17,LAC,15.384615384615385,0,34.3,4,57.1,0,0,0,0,,0,0,0,0,,,0,,0,,0,,0,0,0,0,0,0,0,0,,0,0,0,,0,,0,,0,,0,0,,0,0,,0,,,0,75,25,0,0,0,0,0,0,0,0,0
2023,1015,Lucas Krull,DEN,TE,1,18,LV,15.384615384615385,0,54.2,4,57.1,0,0,0,0,,0,0,0,0,,,0,,0,,0,,0,0,0,0,0,0,0,0,,0,0,0,,0,,0,,0,,0,0,,0,0,,0,,,0,50,50,0,0,0,0,0,0,0,0,0
2023,1016,Rashid Shaheed,NO,WR,1,15,NYG,14.285714285714285,0,56.9,5,83.3,0,0,0,0,,0,0,0,0,,,0,,0,,0,,0,0,0,0,0,0,0,0,,0,0,0,,0,,0,,0,,0,0,,0,0,,0,,,60,40,0,0,0,0,0,0,0,0,0,0
2023,1017,Peyton Hendershot,DAL,TE,1,16,MIA,40,50,26.2,2,16.7,1,8.3,0,0.5,3,3,3.7,0,0,0,0,0,0,0,0,0,0,0,0.18,0,1,0,0,0,0,39.6,0,0,0,0,1,100,0,0,1,100,1,0,0,0,0,0,50,-6.32,-1.539,50,50,0,0,0,1.7,0,1.74,-1.74,0,0.87,1.7
2023,1018,Peyton Hendershot,DAL,TE,1,17,DET,20,0,27.4,1,6.7,0,0,0,0,,0,0,0,0,,,0,,0,,0,,0,0,0,0,0,0,0,0,,0,0,0,,0,,0,,0,,0,0,,0,0,,0,,,0,100,0,0,0,0,0,0,0,0,0,0
2023,1019,John Metchie,HST,WR,1,14,NYJ,10,20,48.1,2,40,2,40,0,1,15.5,31,53.4,0,0,0,0,0,0,0,0,0,0,0,0,0,0,0,0,0,0,39.6,1,33.3,0,0,1,50,1,0,0,0,1,0,0,0,0,0,100,-8.86,-1.398,0,100,0,0,0,1.4,0,1.43,-1.43,0,0.72,1.4
2023,1020,John Metchie,HST,WR,1,16,CLV,15,20,25,3,30,2,20,0,0.67,13.5,27,46.6,0,0,0,0,0,0,0,0,0,0,0,0.47,0,1,1,0,0,0,39.6,2,20,0,0,2,100,1,0,1,50,1,0,0,0,0,0,66.7,-9.09,-0.889,33.3,66.7,0,0,0,5.6,0,5.58,-5.58,0,1.86,5.6
2023,1021,Tucker Fisk,ATL,TE,1,18,NO,100,0,11.7,1,11.1,0,0,0,0,,0,0,0,0,,,0,,0,,0,,0,0,0,0,0,0,0,0,,0,0,0,,0,,0,,0,,0,0,,0,0,,0,,,0,0,0,100,0,0,0,0,0,0,0,0
2023,1022,Alec Pierce,IND,WR,1,13,TEN,16.27906976744186,0,98.5,7,100,0,0,0,0,,0,0,0,0,,,0,,0,,0,,0,0,0,0,0,0,0,0,,0,0,0,,0,,0,,0,,0,0,,0,0,,0,,,100,0,0,0,0,0,0,0,0,0,0,0
2023,1023,Alec Pierce,IND,WR,1,14,CIN,25.581395348837212,0,90,11,100,0,0,0,0,,0,0,0,0,,,0,,0,,0,,0,0,0,0,0,0,0,0,,0,0,0,,0,,0,,0,,0,0,,0,0,,0,,,90.9,9.1,0,0,0,0,0,0,0,0,0,0
2023,1024,Alec Pierce,IND,WR,1,15,PIT,9.30232558139535,0,96.9,4,66.7,0,0,0,0,,0,0,0,0,,,0,,0,,0,,0,0,0,0,0,0,0,0,,0,0,0,,0,,0,,0,,0,0,,0,0,,0,,,100,0,0,0,0,0,0,0,0,0,0,0
2023,1025,Alec Pierce,IND,WR,1,16,ATL,25.581395348837212,100,100,11,100,1,9.1,0,0.09,33,33,26.8,0,0,0,0,0,0,0,0,0,0,0,0,0,0,0,0,0,0,0,1,11.1,0,0,0,0,1,0,0,0,0,0,0,0,0,0,9.1,-12.47,-2.177,81.8,18.2,0,0,0,0,0,0.02,-0.02,0,0,0
2023,1026,Alec Pierce,IND,WR,1,17,LV,9.30232558139535,0,98.1,4,100,0,0,0,0,,0,0,0,0,,,0,,0,,0,,0,0,0,0,0,0,0,0,,0,0,0,,0,,0,,0,,0,0,,0,0,,0,,,100,0,0,0,0,0,0,0,0,0,0,0
2023,1027,Alec Pierce,IND,WR,1,18,HST,13.953488372093023,0,96.8,6,85.7,0,0,0,0,,0,0,0,0,,,0,,0,,0,,0,0,0,0,0,0,0,0,,0,0,0,,0,,0,,0,,0,0,,0,0,,0,,,100,0,0,0,0,0,0,0,0,0,0,0
2023,1028,Jalen Tolbert,DAL,WR,1,14,PHI,12.5,0,44.6,5,41.7,0,0,0,0,,0,0,0,0,,,0,,0,,0,,0,0,0,0,0,0,0,0,,0,0,0,,0,,0,,0,,0,0,,0,0,,0,,,60,40,0,0,0,0,0,0,0,0,0,0
2023,1029,Jalen Tolbert,DAL,WR,1,15,BUF,27.500000000000004,0,49.1,11,57.9,0,0,0,0,,0,0,0,0,,,0,,0,,0,,0,0,0,0,0,0,0,0,,0,0,0,,0,,0,,0,,0,0,,0,0,,0,,,81.8,18.2,0,0,0,0,0,0,0,0,0,0
2023,1030,Jalen Tolbert,DAL,WR,1,16,MIA,12.5,0,34.4,5,41.7,0,0,0,0,,0,0,0,0,,,0,,0,,0,,0,0,0,0,0,0,0,0,,0,0,0,,0,,0,,0,,0,0,,0,0,,0,,,40,60,0,0,0,0,0,0,0,0,0,0
2023,1031,Jalen Tolbert,DAL,WR,1,17,DET,17.5,0,40.3,7,46.7,0,0,0,0,,0,0,0,0,,,0,,0,,0,,0,0,0,0,0,0,0,0,,0,0,0,,0,,0,,0,,0,0,,0,0,,0,,,57.1,42.9,0,0,0,0,0,0,0,0,0,0
2023,1032,Garrett Wilson,NYJ,WR,1,18,NE,3.6363636363636362,5.88235294117647,58.7,2,66.7,1,33.3,0,0.5,12,12,31.6,0,0,0,0,0,0,0,0,0,0,0,0.01,0,0,0,0,0,0,39.6,1,33.3,0,0,1,100,0,0,1,100,0,0,0,0,0,0,50,-9.05,-1.493,50,50,0,0,0,2.5,0,2.54,-2.54,0,1.27,2.5
2023,1033,Jahan Dotson,WAS,WR,1,15,LA,16.216216216216218,0,74.1,6,85.7,0,0,0,0,,0,0,0,0,,,0,,0,,0,,0,0,0,0,0,0,0,0,,0,0,0,,0,,0,,0,,0,0,,0,0,,0,,,100,0,0,0,0,0,0,0,0,0,0,0
2023,1034,Jahan Dotson,WAS,WR,1,17,SF,27.027027027027028,14.285714285714285,83.7,10,83.3,1,8.3,0,0.1,6,6,6.6,0,0,0,0,0,0,0,0,0,0,0,0,0,1,1,0,0,0,39.6,1,12.5,0,0,0,0,0,0,0,0,0,0,0,0,0,0,10,-6.95,-0.941,60,40,0,0,0,0,0,-0.01,0.01,0,0,0
2023,1035,Jahan Dotson,WAS,WR,1,18,DAL,16.216216216216218,14.285714285714285,83.7,6,75,1,12.5,0,0.17,27,27,62.8,0,0,0,0,0,0,0,0,0,0,0,0,0,1,1,0,0,0,39.6,1,12.5,0,0,0,0,1,0,0,0,0,0,0,0,0,0,12.5,-11.91,-0.676,50,50,0,0,0,0,0,0,0,0,0,0
2023,1036,Treylon Burks,TEN,WR,1,15,HST,22.58064516129032,0,76.2,7,100,0,0,0,0,,0,0,0,0,,,0,,0,,0,,0,0,0,0,0,0,0,0,,0,0,0,,0,,0,,0,,0,0,,0,0,,0,,,57.1,42.9,0,0,0,0,0,0,0,0,0,0
2023,1037,Treylon Burks,TEN,WR,1,16,SEA,16.129032258064516,0,71.9,5,83.3,0,0,0,0,,0,0,0,0,,,0,,0,,0,,0,0,0,0,0,0,0,0,,0,0,0,,0,,0,,0,,0,0,,0,0,,0,,,100,0,0,0,0,0,0,0,0,0,0,0
2023,1038,Treylon Burks,TEN,WR,1,18,JAX,9.67741935483871,0,67.3,3,60,0,0,0,0,,0,0,0,0,,,0,,0,,0,,0,0,0,0,0,0,0,0,,0,0,0,,0,,0,,0,,0,0,,0,0,,0,,,100,0,0,0,0,0,0,0,0,0,0,0
2023,1039,Velus Jones,CHI,WR,1,15,CLV,30,0,12.9,3,20,0,0,0,0,,0,0,0,0,,,0,,0,,0,,0,0,0,0,0,0,0,0,,0,0,0,,0,,0,,0,,0,0,,0,0,,0,,,100,0,0,0,0,0,0,0,0,0,0,0
2023,1040,Velus Jones,CHI,WR,1,16,ARZ,10,0,16.4,1,20,0,0,0,0,,0,0,0,0,,,0,,0,,0,,0,0,0,0,0,0,0,0,,0,0,0,,0,,0,,0,,0,0,,0,0,,0,,,0,100,0,0,0,0,0,0,0,0,0,0
2023,1041,Velus Jones,CHI,WR,1,17,ATL,30,0,19.4,3,20,0,0,0,0,,0,0,0,0,,,0,,0,,0,,0,0,0,0,0,0,0,0,,0,0,0,,0,,0,,0,,0,0,,0,0,,0,,,100,0,0,0,0,0,0,0,0,0,0,0
2023,1042,Kavontae Turpin,DAL,WR,1,14,PHI,12.5,20,12.2,1,8.3,1,8.3,0,1,14,14,17.5,0,0,0,0,0,0,0,0,0,0,0,0,0,0,0,0,0,0,39.6,1,10,0,0,1,100,0,0,0,0,1,0,0,0,0,0,100,-9.81,-1.085,0,100,0,0,0,1.3,0,1.3,-1.3,0,1.3,1.3
2023,1043,Jeremy Ruckert,NYJ,TE,1,14,HST,22.22222222222222,0,48.5,2,22.2,0,0,0,0,,0,0,0,0,,,0,,0,,0,,0,0,0,0,0,0,0,0,,0,0,0,,0,,0,,0,,0,0,,0,0,,0,,,50,0,50,0,0,0,0,0,0,0,0,0
2023,1044,Jeremy Ruckert,NYJ,TE,1,16,WAS,11.11111111111111,0,24.7,1,9.1,0,0,0,0,,0,0,0,0,,,0,,0,,0,,0,0,0,0,0,0,0,0,,0,0,0,,0,,0,,0,,0,0,,0,0,,0,,,100,0,0,0,0,0,0,0,0,0,0,0
2023,1045,Chigoziem Okonkwo,TEN,TE,1,18,JAX,12.121212121212121,0,54.5,4,80,0,0,0,0,,0,0,0,0,,,0,,0,,0,,0,0,0,0,0,0,0,0,,0,0,0,,0,,0,,0,,0,0,,0,0,,0,,,0,100,0,0,0,0,0,0,0,0,0,0
2023,1046,Romeo Doubs,GB,WR,1,14,NYG,25,25,81.8,11,73.3,1,6.7,0,0.09,9,9,9.8,0,0,0,0,0,0,0,0,0,0,0,0.02,0,1,0,0,0,0,39.6,1,7.7,0,0,1,100,0,0,0,0,0,0,0,0,0,0,6.7,-7.45,-0.478,81.8,18.2,0,0,0,1.9,0,1.9,-1.9,0,0.17,1.9
2023,1047,Romeo Doubs,GB,WR,1,15,TB,20.454545454545457,0,91.4,9,90,0,0,0,0,,0,0,0,0,,,0,,0,,0,,0,0,0,0,0,0,0,0,,0,0,0,,0,,0,,0,,0,0,,0,0,,0,,,77.8,22.2,0,0,0,0,0,0,0,0,0,0
2023,1048,Calvin Austin,PIT,WR,1,13,ARZ,33.33333333333333,0,15.5,3,60,0,0,0,0,,0,0,0,0,,,0,,0,,0,,0,0,0,0,0,0,0,0,,0,0,0,,0,,0,,0,,0,0,,0,0,,0,,,66.7,33.3,0,0,0,0,0,0,0,0,0,0
2023,1049,Calvin Austin,PIT,WR,1,14,NE,11.11111111111111,0,28.8,1,11.1,0,0,0,0,,0,0,0,0,,,0,,0,,0,,0,0,0,0,0,0,0,0,,0,0,0,,0,,0,,0,,0,0,,0,0,,0,,,100,0,0,0,0,0,0,0,0,0,0,0
2023,1050,Calvin Austin,PIT,WR,1,16,CIN,11.11111111111111,100,19,1,25,1,25,0,1,29,29,39.2,0,0,0,0,0,0,0,0,0,0,0,0,0,0,0,0,0,0,39.6,1,25,0,0,0,0,1,0,0,0,0,0,0,0,0,0,100,-11.44,-0.841,0,100,0,0,0,-0.1,0,-0.06,0.06,0,-0.06,-0.1
2023,1051,Calvin Austin,PIT,WR,1,17,SEA,22.22222222222222,0,19.7,2,25,0,0,0,0,,0,0,0,0,,,0,,0,,0,,0,0,0,0,0,0,0,0,,0,0,0,,0,,0,,0,,0,0,,0,0,,0,,,50,50,0,0,0,0,0,0,0,0,0,0
2023,1052,Calvin Austin,PIT,WR,1,18,BLT,22.22222222222222,0,27.4,2,40,0,0,0,0,,0,0,0,0,,,0,,0,,0,,0,0,0,0,0,0,0,0,,0,0,0,,0,,0,,0,,0,0,,0,0,,0,,,50,50,0,0,0,0,0,0,0,0,0,0
2023,1053,Charlie Kolar,BLT,TE,1,14,LA,18.181818181818183,0,22.5,2,12.5,0,0,0,0,,0,0,0,0,,,0,,0,,0,,0,0,0,0,0,0,0,0,,0,0,0,,0,,0,,0,,0,0,,0,0,,0,,,0,50,50,0,0,0,0,0,0,0,0,0
2023,1054,Charlie Kolar,BLT,TE,1,17,MIA,18.181818181818183,0,50.9,2,25,0,0,0,0,,0,0,0,0,,,0,,0,,0,,0,0,0,0,0,0,0,0,,0,0,0,,0,,0,,0,,0,0,,0,0,,0,,,0,0,100,0,0,0,0,0,0,0,0,0
2023,1055,Skyy Moore,KC,WR,1,14,BUF,16.666666666666664,33.33333333333333,35.5,2,14.3,1,7.1,0,0.5,11,11,6.8,0,0,0,0,0,0,0,0,0,0,0,0,0,0,0,0,0,0,39.6,0,0,0,0,0,0,0,0,0,0,0,0,0,0,0,0,33.3,-8.32,-0.483,50,50,0,0,0,0,0,0.02,-0.02,0,0.01,0
2023,1056,Skyy Moore,KC,WR,1,15,NE,16.666666666666664,0,24.6,2,18.2,0,0,0,0,,0,0,0,0,,,0,,0,,0,,0,0,0,0,0,0,0,0,,0,0,0,,0,,0,,0,,0,0,,0,0,,0,,,0,100,0,0,0,0,0,0,0,0,0,0
2023,1057,Tyquan Thornton,NE,WR,1,13,LAC,20.833333333333336,0,80.6,5,62.5,0,0,0,0,,0,0,0,0,,,0,,0,,0,,0,0,0,0,0,0,0,0,,0,0,0,,0,,0,,0,,0,0,,0,0,,0,,,80,20,0,0,0,0,0,0,0,0,0,0
2023,1058,Tyquan Thornton,NE,WR,1,14,PIT,25,0,94.5,6,100,0,0,0,0,,0,0,0,0,,,0,,0,,0,,0,0,0,0,0,0,0,0,,0,0,0,,0,,0,,0,,0,0,,0,0,,0,,,100,0,0,0,0,0,0,0,0,0,0,0
2023,1059,Tyquan Thornton,NE,WR,1,15,KC,8.333333333333332,0,13.7,2,28.6,0,0,0,0,,0,0,0,0,,,0,,0,,0,,0,0,0,0,0,0,0,0,,0,0,0,,0,,0,,0,,0,0,,0,0,,0,,,0,100,0,0,0,0,0,0,0,0,0,0
2023,1060,Tyquan Thornton,NE,WR,1,16,DEN,4.166666666666666,0,8.9,1,11.1,0,0,0,0,,0,0,0,0,,,0,,0,,0,,0,0,0,0,0,0,0,0,,0,0,0,,0,,0,,0,,0,0,,0,0,,0,,,0,100,0,0,0,0,0,0,0,0,0,0
2023,1061,Daniel Bellinger,NYG,TE,1,14,GB,20,0,89.1,4,50,0,0,0,0,,0,0,0,0,,,0,,0,,0,,0,0,0,0,0,0,0,0,,0,0,0,,0,,0,,0,,0,0,,0,0,,0,,,25,50,25,0,0,0,0,0,0,0,0,0
2023,1062,Daniel Bellinger,NYG,TE,1,16,PHI,15,0,66.1,3,27.3,0,0,0,0,,0,0,0,0,,,0,,0,,0,,0,0,0,0,0,0,0,0,,0,0,0,,0,,0,,0,,0,0,,0,0,,0,,,0,0,100,0,0,0,0,0,0,0,0,0
2023,1063,Daniel Bellinger,NYG,TE,1,18,PHI,60,0,80.3,12,92.3,0,0,0,0,,0,0,0,0,,,0,,0,,0,,0,0,0,0,0,0,0,0,,0,0,0,,0,,0,,0,,0,0,,0,0,,0,,,41.7,33.3,25,0,0,0,0,0,0,0,0,0
2023,1064,Cade Otton,TB,TE,1,13,CAR,13.043478260869565,0,98.3,6,100,0,0,0,0,,0,0,0,0,,,0,,0,,0,,0,0,0,0,0,0,0,0,,0,0,0,,0,,0,,0,,0,0,,0,0,,0,,,33.3,50,16.7,0,0,0,0,0,0,0,0,0
2023,1065,Cade Otton,TB,TE,1,15,GB,15.217391304347828,0,90,7,70,0,0,0,0,,0,0,0,0,,,0,,0,,0,,0,0,0,0,0,0,0,0,,0,0,0,,0,,0,,0,,0,0,,0,0,,0,,,28.6,57.1,14.3,0,0,0,0,0,0,0,0,0
2023,1066,Cade Otton,TB,TE,1,18,CAR,10.869565217391305,25,93.8,5,83.3,1,16.7,0,0.2,5,5,6.1,0,0,0,0,0,0,0,0,0,0,0,0,0,0,0,0,0,0,39.6,1,16.7,0,0,0,0,0,0,0,0,0,0,0,0,0,0,16.7,-6.48,-0.872,60,40,0,0,0,0,0,-0.01,0.01,0,0,0
2023,1067,Will Mallory,IND,TE,1,13,TEN,11.11111111111111,11.11111111111111,19.1,2,28.6,1,14.3,0,0.5,4,4,10.8,0,0,0,0,0,0,0,0,0,0,0,0,0,0,0,0,0,0,39.6,1,16.7,0,0,0,0,0,0,0,0,0,0,0,0,0,0,50,-6.07,-0.123,0,100,0,0,0,0,0,0,0,0,0,0
2023,1068,Will Mallory,IND,TE,1,15,PIT,11.11111111111111,0,10.8,2,33.3,0,0,0,0,,0,0,0,0,,,0,,0,,0,,0,0,0,0,0,0,0,0,,0,0,0,,0,,0,,0,,0,0,,0,0,,0,,,50,50,0,0,0,0,0,0,0,0,0,0
2023,1069,Will Mallory,IND,TE,1,18,HST,5.555555555555555,11.11111111111111,3.2,1,14.3,1,14.3,0,1,8,8,16.7,0,0,0,0,0,0,0,0,0,0,0,0,0,0,0,0,0,0,39.6,1,25,0,0,1,100,0,0,0,0,1,0,0,0,0,0,100,-7.72,-0.783,0,100,0,0,0,1,0,0.99,-0.99,0,0.99,1
2023,1070,Travis Vokolek,ARZ,TE,1,17,PHI,100,0,25,2,20,0,0,0,0,,0,0,0,0,,,0,,0,,0,,0,0,0,0,0,0,0,0,,0,0,0,,0,,0,,0,,0,0,,0,0,,0,,,0,50,50,0,0,0,0,0,0,0,0,0
2023,1071,Malik Heath,GB,WR,1,13,KC,3.8461538461538463,0,17.5,1,7.1,0,0,0,0,,0,0,0,0,,,0,,0,,0,,0,0,0,0,0,0,0,0,,0,0,0,,0,,0,,0,,0,0,,0,0,,0,,,100,0,0,0,0,0,0,0,0,0,0,0
2023,1072,Malik Heath,GB,WR,1,14,NYG,15.384615384615385,0,33.3,4,26.7,0,0,0,0,,0,0,0,0,,,0,,0,,0,,0,0,0,0,0,0,0,0,,0,0,0,,0,,0,,0,,0,0,,0,0,,0,,,75,25,0,0,0,0,0,0,0,0,0,0
2023,1073,Malik Heath,GB,WR,1,16,CAR,26.923076923076923,16.666666666666664,81,7,77.8,1,11.1,0,0.14,0,0,0,0,0,0,0,1,100,0,0,0,0,0,0.03,0,0,0,0,0,0,79.2,1,12.5,0,0,1,100,0,0,0,0,0,0,0,0,0,0,11.1,-6.04,-0.394,85.7,14.3,0,0,1,1.9,1,1.94,-0.94,0.14,0.28,1.9
2023,1074,Malik Heath,GB,WR,1,18,CHI,7.6923076923076925,16.666666666666664,38.3,2,22.2,1,11.1,0,0.5,26,26,28.9,0,0,0,0,0,0,0,0,0,0,0,0,0,0,1,0,0,0,39.6,1,12.5,0,0,0,0,1,0,0,0,1,0,0,0,0,0,33.3,-13.01,-0.429,0,100,0,0,0,0,0,-0.01,0.01,0,0,0
2023,1075,Jason Brownlee,NYJ,WR,1,13,ATL,25.925925925925924,0,50.7,7,46.7,0,0,0,0,,0,0,0,0,,,0,,0,,0,,0,0,0,0,0,0,0,0,,0,0,0,,0,,0,,0,,0,0,,0,0,,0,,,85.7,14.3,0,0,0,0,0,0,0,0,0,0
2023,1076,Jason Brownlee,NYJ,WR,1,16,WAS,33.33333333333333,0,82.4,9,81.8,0,0,0,0,,0,0,0,0,,,0,,0,,0,,0,0,0,0,0,0,0,0,,0,0,0,,0,,0,,0,,0,0,,0,0,,0,,,44.4,55.6,0,0,0,0,0,0,0,0,0,0
2023,1077,Jason Brownlee,NYJ,WR,1,17,CLV,29.629629629629626,0,97.1,8,66.7,0,0,0,0,,0,0,0,0,,,0,,0,,0,,0,0,0,0,0,0,0,0,,0,0,0,,0,,0,,0,,0,0,,0,0,,0,,,87.5,12.5,0,0,0,0,0,0,0,0,0,0
2023,1078,Jason Brownlee,NYJ,WR,1,18,NE,11.11111111111111,0,82.5,3,100,0,0,0,0,,0,0,0,0,,,0,,0,,0,,0,0,0,0,0,0,0,0,,0,0,0,,0,,0,,0,,0,0,,0,0,,0,,,100,0,0,0,0,0,0,0,0,0,0,0
2023,1079,Xavier Gipson,NYJ,WR,1,16,WAS,15.217391304347828,6.666666666666667,61.2,7,63.6,1,9.1,0,0.14,3,3,5,0,0,0,0,0,0,0,0,0,0,0,0,0,0,0,0,0,0,39.6,1,11.1,0,0,0,0,0,0,0,0,0,0,0,0,0,0,11.1,-5.45,-1.789,42.9,57.1,0,0,0,0.1,0,0.08,-0.08,0,0.01,0.1
2023,1080,Xavier Gipson,NYJ,WR,1,18,NE,6.521739130434782,6.666666666666667,57.1,3,100,1,33.3,0,0.33,25,25,65.8,0,0,0,0,0,0,0,0,0,0,0,0.01,0,0,0,0,0,0,39.6,1,33.3,0,0,1,100,1,0,0,0,1,0,0,0,0,0,33.3,-11.49,-1.341,33.3,66.7,0,0,0,2.3,0,2.34,-2.34,0,0.78,2.3
2023,1081,Jaxon Smith-Njigba,SEA,WR,1,18,ARZ,8.333333333333332,7.142857142857142,66,3,75,1,25,0,0.33,-2,-2,-14.3,0,0,0,0,0,0,0,0,0,0,0,0,0,0,0,0,0,0,39.6,1,100,1,100,1,100,0,0,1,100,0,0,0,0,0,0,33.3,-5.5,-0.565,0,100,0,0,0,1.6,0,1.62,-1.62,0,0.54,1.6
2023,1082,Quentin Johnston,LAC,WR,1,13,NE,3.3333333333333335,0,77,2,66.7,0,0,0,0,,0,0,0,0,,,0,,0,,0,,0,0,0,0,0,0,0,0,,0,0,0,,0,,0,,0,,0,0,,0,0,,0,,,100,0,0,0,0,0,0,0,0,0,0,0
2023,1083,Quentin Johnston,LAC,WR,1,14,DEN,25,0,88.1,15,100,0,0,0,0,,0,0,0,0,,,0,,0,,0,,0,0,0,0,0,0,0,0,,0,0,0,,0,,0,,0,,0,0,,0,0,,0,,,100,0,0,0,0,0,0,0,0,0,0,0
2023,1084,Quentin Johnston,LAC,WR,1,15,LV,13.333333333333334,0,93.7,8,72.7,0,0,0,0,,0,0,0,0,,,0,,0,,0,,0,0,0,0,0,0,0,0,,0,0,0,,0,,0,,0,,0,0,,0,0,,0,,,87.5,12.5,0,0,0,0,0,0,0,0,0,0
2023,1085,Quentin Johnston,LAC,WR,1,16,BUF,13.333333333333334,0,83.1,8,80,0,0,0,0,,0,0,0,0,,,0,,0,,0,,0,0,0,0,0,0,0,0,,0,0,0,,0,,0,,0,,0,0,,0,0,,0,,,100,0,0,0,0,0,0,0,0,0,0,0
2023,1086,Quentin Johnston,LAC,WR,1,17,DEN,20,0,88.9,12,75,0,0,0,0,,0,0,0,0,,,0,,0,,0,,0,0,0,0,0,0,0,0,,0,0,0,,0,,0,,0,,0,0,,0,0,,0,,,91.7,8.3,0,0,0,0,0,0,0,0,0,0
2023,1087,Luke Schoonmaker,DAL,TE,1,13,SEA,25,0,26.6,2,11.8,0,0,0,0,,0,0,0,0,,,0,,0,,0,,0,0,0,0,0,0,0,0,,0,0,0,,0,,0,,0,,0,0,,0,0,,0,,,50,0,50,0,0,0,0,0,0,0,0,0
2023,1088,Luke Schoonmaker,DAL,TE,1,14,PHI,12.5,0,23,1,8.3,0,0,0,0,,0,0,0,0,,,0,,0,,0,,0,0,0,0,0,0,0,0,,0,0,0,,0,,0,,0,,0,0,,0,0,,0,,,100,0,0,0,0,0,0,0,0,0,0,0
2023,1089,Luke Schoonmaker,DAL,TE,1,15,BUF,12.5,0,21.1,1,5.3,0,0,0,0,,0,0,0,0,,,0,,0,,0,,0,0,0,0,0,0,0,0,,0,0,0,,0,,0,,0,,0,0,,0,0,,0,,,0,100,0,0,0,0,0,0,0,0,0,0
2023,1090,Luke Schoonmaker,DAL,TE,1,17,DET,12.5,0,27.4,1,6.7,0,0,0,0,,0,0,0,0,,,0,,0,,0,,0,0,0,0,0,0,0,0,,0,0,0,,0,,0,,0,,0,0,,0,0,,0,,,100,0,0,0,0,0,0,0,0,0,0,0
2023,1091,Luke Schoonmaker,DAL,TE,1,18,WAS,37.5,0,34.8,3,25,0,0,0,0,,0,0,0,0,,,0,,0,,0,,0,0,0,0,0,0,0,0,,0,0,0,,0,,0,,0,,0,0,,0,0,,0,,,33.3,0,66.7,0,0,0,0,0,0,0,0,0
2023,1092,Darnell Washington,PIT,TE,1,13,ARZ,20,0,56.9,1,20,0,0,0,0,,0,0,0,0,,,0,,0,,0,,0,0,0,0,0,0,0,0,,0,0,0,,0,,0,,0,,0,0,,0,0,,0,,,0,0,100,0,0,0,0,0,0,0,0,0
2023,1093,Darnell Washington,PIT,TE,1,14,NE,20,0,43.9,1,11.1,0,0,0,0,,0,0,0,0,,,0,,0,,0,,0,0,0,0,0,0,0,0,,0,0,0,,0,,0,,0,,0,0,,0,0,,0,,,0,0,100,0,0,0,0,0,0,0,0,0
2023,1094,Darnell Washington,PIT,TE,1,15,IND,20,0,24.1,1,16.7,0,0,0,0,,0,0,0,0,,,0,,0,,0,,0,0,0,0,0,0,0,0,,0,0,0,,0,,0,,0,,0,0,,0,0,,0,,,0,0,100,0,0,0,0,0,0,0,0,0
2023,1095,Darnell Washington,PIT,TE,1,16,CIN,20,0,50,1,25,0,0,0,0,,0,0,0,0,,,0,,0,,0,,0,0,0,0,0,0,0,0,,0,0,0,,0,,0,,0,,0,0,,0,0,,0,,,0,0,100,0,0,0,0,0,0,0,0,0
2023,1096,Darnell Washington,PIT,TE,1,18,BLT,20,0,62.9,1,20,0,0,0,0,,0,0,0,0,,,0,,0,,0,,0,0,0,0,0,0,0,0,,0,0,0,,0,,0,,0,,0,0,,0,0,,0,,,0,0,100,0,0,0,0,0,0,0,0,0
2023,1097,Michael Wilson,ARZ,WR,1,15,SF,32.432432432432435,20,87.5,12,85.7,1,7.1,0,0.08,18,18,17.8,0,0,0,0,0,0,0,0,0,0,0,0,0,1,1,0,0,0,39.6,0,0,0,0,0,0,0,0,0,0,0,0,0,0,0,0,7.7,-10.9,-1.267,83.3,16.7,0,0,0,0,0,0,0,0,0,0
2023,1098,Michael Wilson,ARZ,WR,1,16,CHI,24.324324324324326,0,90,9,100,0,0,0,0,,0,0,0,0,,,0,,0,,0,,0,0,0,0,0,0,0,0,,0,0,0,,0,,0,,0,,0,0,,0,0,,0,,,100,0,0,0,0,0,0,0,0,0,0,0
2023,1099,Tre Tucker,LV,WR,1,16,KC,15.789473684210526,0,40.4,3,42.9,0,0,0,0,,0,0,0,0,,,0,,0,,0,,0,0,0,0,0,0,0,0,,0,0,0,,0,,0,,0,,0,0,,0,0,,0,,,66.7,33.3,0,0,0,0,0,0,0,0,0,0
2023,1100,Tre Tucker,LV,WR,1,17,IND,36.84210526315789,20,68.9,7,100,1,14.3,0,0.14,25,25,27.2,0,0,0,0,0,0,0,0,0,0,0,0,0,0,0,0,0,0,39.6,1,16.7,0,0,0,0,1,0,0,0,0,0,0,0,0,0,14.3,-11.49,-1.862,57.1,42.9,0,0,0,0,0,0.01,-0.01,0,0,0
2023,1101,Derius Davis,LAC,WR,1,15,LV,25,50,4.8,1,9.1,1,9.1,0,1,-5,-5,-13.9,0,0,0,0,0,0,0,0,0,0,0,0,0,0,0,0,0,0,39.6,0,0,0,0,1,100,0,0,1,100,1,0,0,0,0,0,100,-4.16,-0.512,0,100,0,0,0,1.5,0,1.52,-1.52,0,1.52,1.5
2023,1102,Derius Davis,LAC,WR,1,17,DEN,25,0,19,1,6.3,0,0,0,0,,0,0,0,0,,,0,,0,,0,,0,0,0,0,0,0,0,0,,0,0,0,,0,,0,,0,,0,0,,0,0,,0,,,0,100,0,0,0,0,0,0,0,0,0,0
2023,1103,Josh Whyle,TEN,TE,1,13,IND,100,0,27.2,1,20,0,0,0,0,,0,0,0,0,,,0,,0,,0,,0,0,0,0,0,0,0,0,,0,0,0,,0,,0,,0,,0,0,,0,0,,0,,,0,0,100,0,0,0,0,0,0,0,0,0
2023,1104,Kayshon Boutte,NE,WR,1,18,NYJ,100,0,34.5,2,40,0,0,0,0,,0,0,0,0,,,0,,0,,0,,0,0,0,0,0,0,0,0,,0,0,0,,0,,0,,0,,0,0,,0,0,,0,,,0,100,0,0,0,0,0,0,0,0,0,0
2023,1105,A.T. Perry,NO,WR,1,13,DET,17.5,50,61.2,7,77.8,1,11.1,0,0.14,17,17,13,0,0,0,0,0,0,0,0,0,0,0,0,0,0,0,0,0,0,39.6,1,12.5,0,0,0,0,0,0,0,0,0,0,0,0,0,0,14.3,-11.67,-1.705,71.4,28.6,0,0,0,0,0,0.01,-0.01,0,0,0
2023,1106,A.T. Perry,NO,WR,1,14,CAR,10,0,61.5,4,66.7,0,0,0,0,,0,0,0,0,,,0,,0,,0,,0,0,0,0,0,0,0,0,,0,0,0,,0,,0,,0,,0,0,,0,0,,0,,,100,0,0,0,0,0,0,0,0,0,0,0
2023,1107,A.T. Perry,NO,WR,1,15,NYG,7.5,0,43.1,3,50,0,0,0,0,,0,0,0,0,,,0,,0,,0,,0,0,0,0,0,0,0,0,,0,0,0,,0,,0,,0,,0,0,,0,0,,0,,,100,0,0,0,0,0,0,0,0,0,0,0
2023,1108,A.T. Perry,NO,WR,1,16,LA,30,0,62.1,12,80,0,0,0,0,,0,0,0,0,,,0,,0,,0,,0,0,0,0,0,0,0,0,,0,0,0,,0,,0,,0,,0,0,,0,0,,0,,,83.3,16.7,0,0,0,0,0,0,0,0,0,0
2023,1109,A.T. Perry,NO,WR,1,17,TB,22.5,50,45.7,9,60,1,6.7,0,0.11,5,5,4.2,0,0,0,0,0,0,0,0,0,0,0,0,0,0,0,0,0,0,39.6,0,0,0,0,1,100,0,0,1,100,0,0,0,0,0,0,11.1,-6.36,-0.661,77.8,22.2,0,0,0,1.3,0,1.31,-1.31,0,0.15,1.3
2023,1110,A.T. Perry,NO,WR,1,18,ATL,12.5,0,63.6,5,62.5,0,0,0,0,,0,0,0,0,,,0,,0,,0,,0,0,0,0,0,0,0,0,,0,0,0,,0,,0,,0,,0,0,,0,0,,0,,,80,20,0,0,0,0,0,0,0,0,0,0
2023,1111,Xavier Hutchinson,HST,WR,1,14,NYJ,14.285714285714285,0,73.1,3,60,0,0,0,0,,0,0,0,0,,,0,,0,,0,,0,0,0,0,0,0,0,0,,0,0,0,,0,,0,,0,,0,0,,0,0,,0,,,100,0,0,0,0,0,0,0,0,0,0,0
2023,1112,Xavier Hutchinson,HST,WR,1,15,TEN,38.095238095238095,0,83.3,8,72.7,0,0,0,0,,0,0,0,0,,,0,,0,,0,,0,0,0,0,0,0,0,0,,0,0,0,,0,,0,,0,,0,0,,0,0,,0,,,87.5,12.5,0,0,0,0,0,0,0,0,0,0
2023,1113,Xavier Hutchinson,HST,WR,1,16,CLV,9.523809523809524,0,41.2,2,20,0,0,0,0,,0,0,0,0,,,0,,0,,0,,0,0,0,0,0,0,0,0,,0,0,0,,0,,0,,0,,0,0,,0,0,,0,,,100,0,0,0,0,0,0,0,0,0,0,0
2023,1114,Andrei Iosivas,CIN,WR,1,17,KC,6.25,0,26.8,1,12.5,0,0,0,0,,0,0,0,0,,,0,,0,,0,,0,0,0,0,0,0,0,0,,0,0,0,,0,,0,,0,,0,0,,0,0,,0,,,100,0,0,0,0,0,0,0,0,0,0,0
2023,1115,Andrei Iosivas,CIN,WR,1,18,CLV,37.5,0,93.4,6,100,0,0,0,0,,0,0,0,0,,,0,,0,,0,,0,0,0,0,0,0,0,0,,0,0,0,,0,,0,,0,,0,0,,0,0,,0,,,100,0,0,0,0,0,0,0,0,0,0,0
2023,1116,Demario Douglas,NE,WR,1,18,NYJ,13.333333333333334,18.75,96.6,4,80,3,60,0,0.75,6,18,43.9,0,0,0,0,0,0,0,0,0,0,0,0,0,0,0,0,0,0,0,3,60,0,0,0,0,0,0,0,0,0,0,0,0,0,0,60,-6.44,-2.064,0,100,0,0,0,0,0,-0.02,0.02,0,0,0
2023,1117,Colton Dowell,TEN,WR,1,16,SEA,100,0,21.9,1,16.7,0,0,0,0,,0,0,0,0,,,0,,0,,0,,0,0,0,0,0,0,0,0,,0,0,0,,0,,0,,0,,0,0,,0,0,,0,,,100,0,0,0,0,0,0,0,0,0,0,0
2023,1118,Jalen Brooks,DAL,WR,1,18,WAS,100,0,11.6,1,8.3,0,0,0,0,,0,0,0,0,,,0,,0,,0,,0,0,0,0,0,0,0,0,,0,0,0,,0,,0,,0,,0,0,,0,0,,0,,,100,0,0,0,0,0,0,0,0,0,0,0
2023,1119,Brayden Willis,SF,TE,1,18,LA,100,0,41.4,2,40,0,0,0,0,,0,0,0,0,,,0,,0,,0,,0,0,0,0,0,0,0,0,,0,0,0,,0,,0,,0,,0,0,,0,0,,0,,,0,0,100,0,0,0,0,0,0,0,0,0
2023,1120,Ronnie Bell,SF,WR,1,15,ARZ,25,33.33333333333333,14.8,2,22.2,1,11.1,0,0.5,13,13,13.7,0,0,0,0,0,0,0,0,0,0,0,0.01,0,0,0,0,0,0,39.6,1,16.7,0,0,1,100,0,0,0,0,0,0,0,0,0,0,50,-8.91,-1.354,50,50,0,0,0,2.5,0,2.52,-2.52,0,1.26,2.5
2023,1121,Ronnie Bell,SF,WR,1,16,BLT,12.5,0,4.4,1,6.7,0,0,0,0,,0,0,0,0,,,0,,0,,0,,0,0,0,0,0,0,0,0,,0,0,0,,0,,0,,0,,0,0,,0,0,,0,,,100,0,0,0,0,0,0,0,0,0,0,0
2023,1122,Ronnie Bell,SF,WR,1,17,WAS,12.5,0,14.7,1,11.1,0,0,0,0,,0,0,0,0,,,0,,0,,0,,0,0,0,0,0,0,0,0,,0,0,0,,0,,0,,0,,0,0,,0,0,,0,,,100,0,0,0,0,0,0,0,0,0,0,0
2023,1123,Elijah Cooks,JAX,WR,1,15,BLT,28.57142857142857,0,23,4,28.6,0,0,0,0,,0,0,0,0,,,0,,0,,0,,0,0,0,0,0,0,0,0,,0,0,0,,0,,0,,0,,0,0,,0,0,,0,,,75,25,0,0,0,0,0,0,0,0,0,0
2023,1124,Elijah Cooks,JAX,WR,1,17,CAR,21.428571428571427,0,38.7,3,42.9,0,0,0,0,,0,0,0,0,,,0,,0,,0,,0,0,0,0,0,0,0,0,,0,0,0,,0,,0,,0,,0,0,,0,0,,0,,,100,0,0,0,0,0,0,0,0,0,0,0
2023,1125,Elijah Cooks,JAX,WR,1,18,TEN,21.428571428571427,0,12.1,3,17.6,0,0,0,0,,0,0,0,0,,,0,,0,,0,,0,0,0,0,0,0,0,0,,0,0,0,,0,,0,,0,,0,0,,0,0,,0,,,100,0,0,0,0,0,0,0,0,0,0,0
2023,1126,Julian Hill,MIA,TE,1,14,TEN,28.57142857142857,0,18.8,2,16.7,0,0,0,0,,0,0,0,0,,,0,,0,,0,,0,0,0,0,0,0,0,0,,0,0,0,,0,,0,,0,,0,0,,0,0,,0,,,0,50,50,0,0,0,0,0,0,0,0,0
2023,1127,Julian Hill,MIA,TE,1,16,DAL,28.57142857142857,0,17.2,2,14.3,0,0,0,0,,0,0,0,0,,,0,,0,,0,,0,0,0,0,0,0,0,0,,0,0,0,,0,,0,,0,,0,0,,0,0,,0,,,50,0,50,0,0,0,0,0,0,0,0,0
2023,1128,Julian Hill,MIA,TE,1,17,BLT,14.285714285714285,0,31.8,1,7.7,0,0,0,0,,0,0,0,0,,,0,,0,,0,,0,0,0,0,0,0,0,0,,0,0,0,,0,,0,,0,,0,0,,0,0,,0,,,0,100,0,0,0,0,0,0,0,0,0,0
2023,1129,Julian Hill,MIA,TE,1,18,BUF,14.285714285714285,0,31.3,1,8.3,0,0,0,0,,0,0,0,0,,,0,,0,,0,,0,0,0,0,0,0,0,0,,0,0,0,,0,,0,,0,,0,0,,0,0,,0,,,0,100,0,0,0,0,0,0,0,0,0,0
2023,1130,Jake Bobo,SEA,WR,1,14,SF,16.666666666666664,0,16.4,1,10,0,0,0,0,,0,0,0,0,,,0,,0,,0,,0,0,0,0,0,0,0,0,,0,0,0,,0,,0,,0,,0,0,,0,0,,0,,,100,0,0,0,0,0,0,0,0,0,0,0
2023,1131,Jake Bobo,SEA,WR,1,16,TEN,33.33333333333333,33.33333333333333,25.4,2,25,1,12.5,0,0.5,16,16,88.9,0,0,0,0,0,0,0,0,0,0,0,0,0,0,0,0,0,0,39.6,1,12.5,0,0,0,0,0,0,0,0,0,0,0,0,0,0,50,-10.1,-0.391,50,50,0,0,0,0,0,0.02,-0.02,0,0.01,0
2023,1132,Jake Bobo,SEA,WR,1,17,PIT,16.666666666666664,0,10.2,1,14.3,0,0,0,0,,0,0,0,0,,,0,,0,,0,,0,0,0,0,0,0,0,0,,0,0,0,,0,,0,,0,,0,0,,0,0,,0,,,100,0,0,0,0,0,0,0,0,0,0,0
2023,1133,Ben Sims,GB,TE,1,13,KC,66.66666666666666,0,30.2,2,14.3,0,0,0,0,,0,0,0,0,,,0,,0,,0,,0,0,0,0,0,0,0,0,,0,0,0,,0,,0,,0,,0,0,,0,0,,0,,,0,0,100,0,0,0,0,0,0,0,0,0
2023,1134,Ben Sims,GB,TE,1,17,MIN,33.33333333333333,0,54.8,1,7.1,0,0,0,0,,0,0,0,0,,,0,,0,,0,,0,0,0,0,0,0,0,0,,0,0,0,,0,,0,,0,,0,0,,0,0,,0,,,100,0,0,0,0,0,0,0,0,0,0,0
2023,1135,Brenton Strange,JAX,TE,1,16,TB,25,0,18,1,7.1,0,0,0,0,,0,0,0,0,,,0,,0,,0,,0,0,0,0,0,0,0,0,,0,0,0,,0,,0,,0,,0,0,,0,0,,0,,,0,100,0,0,0,0,0,0,0,0,0,0
2023,1136,Brenton Strange,JAX,TE,1,17,CAR,25,0,48.4,1,14.3,0,0,0,0,,0,0,0,0,,,0,,0,,0,,0,0,0,0,0,0,0,0,,0,0,0,,0,,0,,0,,0,0,,0,0,,0,,,0,0,100,0,0,0,0,0,0,0,0,0
2023,1137,Brenton Strange,JAX,TE,1,18,TEN,50,0,15.2,2,11.8,0,0,0,0,,0,0,0,0,,,0,,0,,0,,0,0,0,0,0,0,0,0,,0,0,0,,0,,0,,0,,0,0,,0,0,,0,,,0,0,100,0,0,0,0,0,0,0,0,0
2023,1138,Jalin Hyatt,NYG,WR,1,15,NO,8.695652173913043,0,72.1,2,40,0,0,0,0,,0,0,0,0,,,0,,0,,0,,0,0,0,0,0,0,0,0,,0,0,0,,0,,0,,0,,0,0,,0,0,,0,,,100,0,0,0,0,0,0,0,0,0,0,0
2023,1139,Jalin Hyatt,NYG,WR,1,16,PHI,30.434782608695656,0,57.6,7,63.6,0,0,0,0,,0,0,0,0,,,0,,0,,0,,0,0,0,0,0,0,0,0,,0,0,0,,0,,0,,0,,0,0,,0,0,,0,,,100,0,0,0,0,0,0,0,0,0,0,0
2023,1140,Jalin Hyatt,NYG,WR,1,18,PHI,4.3478260869565215,0,13.6,1,7.7,0,0,0,0,,0,0,0,0,,,0,,0,,0,,0,0,0,0,0,0,0,0,,0,0,0,,0,,0,,0,,0,0,,0,0,,0,,,100,0,0,0,0,0,0,0,0,0,0,0
2023,1141,Tyler Scott,CHI,WR,1,14,DET,12.121212121212121,0,39.4,4,36.4,0,0,0,0,,0,0,0,0,,,0,,0,,0,,0,0,0,0,0,0,0,0,,0,0,0,,0,,0,,0,,0,0,,0,0,,0,,,100,0,0,0,0,0,0,0,0,0,0,0
2023,1142,Tyler Scott,CHI,WR,1,16,ARZ,15.151515151515152,0,41.8,5,100,0,0,0,0,,0,0,0,0,,,0,,0,,0,,0,0,0,0,0,0,0,0,,0,0,0,,0,,0,,0,,0,0,,0,0,,0,,,100,0,0,0,0,0,0,0,0,0,0,0
2023,1143,Tyler Scott,CHI,WR,1,18,GB,6.0606060606060606,20,28.3,2,66.7,1,33.3,0,0.5,12,12,24,0,0,0,0,0,0,0,0,0,0,0,0,0,0,0,0,0,0,39.6,0,0,0,0,0,0,0,0,0,0,0,0,0,0,0,0,50,-9.05,-0.653,50,50,0,0,0,0,0,0,0,0,0,0
2023,1144,Marvin Mims,DEN,WR,1,13,HST,21.052631578947366,0,30.5,4,57.1,0,0,0,0,,0,0,0,0,,,0,,0,,0,,0,0,0,0,0,0,0,0,,0,0,0,,0,,0,,0,,0,0,,0,0,,0,,,50,50,0,0,0,0,0,0,0,0,0,0
2023,1145,Marvin Mims,DEN,WR,1,14,LAC,10.526315789473683,0,37.9,2,28.6,0,0,0,0,,0,0,0,0,,,0,,0,,0,,0,0,0,0,0,0,0,0,,0,0,0,,0,,0,,0,,0,0,,0,0,,0,,,50,50,0,0,0,0,0,0,0,0,0,0
2023,1146,Marvin Mims,DEN,WR,1,15,DET,36.84210526315789,0,41.9,7,58.3,0,0,0,0,,0,0,0,0,,,0,,0,,0,,0,0,0,0,0,0,0,0,,0,0,0,,0,,0,,0,,0,0,,0,0,,0,,,57.1,42.9,0,0,0,0,0,0,0,0,0,0
2023,1147,Marvin Mims,DEN,WR,1,16,NE,15.789473684210526,0,41.5,3,50,0,0,0,0,,0,0,0,0,,,0,,0,,0,,0,0,0,0,0,0,0,0,,0,0,0,,0,,0,,0,,0,0,,0,0,,0,,,0,100,0,0,0,0,0,0,0,0,0,0
2023,1148,Marvin Mims,DEN,WR,1,18,LV,15.789473684210526,0,44.1,3,42.9,0,0,0,0,,0,0,0,0,,,0,,0,,0,,0,0,0,0,0,0,0,0,,0,0,0,,0,,0,,0,,0,0,,0,0,,0,,,66.7,33.3,0,0,0,0,0,0,0,0,0,0
2023,1149,Tank Dell,HST,WR,1,13,DEN,100,0,14.3,1,14.3,0,0,0,0,,0,0,0,0,,,0,,0,,0,,0,0,0,0,0,0,0,0,,0,0,0,,0,,0,,0,,0,0,,0,0,,0,,,0,0,0,100,0,0,0,0,0,0,0,0
2023,1150,Cedric Tillman,CLV,WR,1,16,HST,10.81081081081081,0,74.7,4,40,0,0,0,0,,0,0,0,0,,,0,,0,,0,,0,0,0,0,0,0,0,0,,0,0,0,,0,,0,,0,,0,0,,0,0,,0,,,50,50,0,0,0,0,0,0,0,0,0,0
2023,1151,Cedric Tillman,CLV,WR,1,17,NYJ,21.62162162162162,18.181818181818183,94.8,8,100,2,25,0,0.25,14,28,50,0,0,0,0,0,0,0,0,0,0,0,0,0,2,2,0,0,0,39.6,2,28.6,0,0,0,0,0,0,0,0,0,0,0,0,0,0,25,-9.66,-1.749,37.5,62.5,0,0,0,0.2,0,0.15,-0.15,0,0.02,0.2
2023,1152,Cedric Tillman,CLV,WR,1,18,CIN,10.81081081081081,9.090909090909092,64.2,4,57.1,1,14.3,0,0.25,26,26,32.5,0,0,0,0,0,0,0,0,0,0,0,0,0,0,0,0,0,0,39.6,1,14.3,0,0,0,0,1,0,0,0,0,0,0,0,0,0,20,-13.01,-1.212,75,25,0,0,0,0,0,-0.02,0.02,0,0,0
2023,1153,Jordan Addison,MIN,WR,1,14,LV,23.52941176470588,0,95.8,8,88.9,0,0,0,0,,0,0,0,0,,,0,,0,,0,,0,0,0,0,0,0,0,0,,0,0,0,,0,,0,,0,,0,0,,0,0,,0,,,75,25,0,0,0,0,0,0,0,0,0,0
2023,1154,Jordan Addison,MIN,WR,1,16,DET,14.705882352941178,33.33333333333333,37.3,5,41.7,2,16.7,0,0.4,28.5,57,28.4,0,0,0,0,0,0,0,0,0,0,0,0,0,0,0,0,0,0,0,2,18.2,0,0,0,0,2,0,0,0,0,0,0,0,0,0,33.3,-12.84,-2.512,60,40,0,0,0,0,0,0,0,0,0,0
2023,1155,Jordan Addison,MIN,WR,1,18,DET,23.52941176470588,16.666666666666664,92.9,8,88.9,1,11.1,0,0.13,20,20,23.5,0,0,0,0,0,0,0,0,0,0,0,0,0,0,0,0,0,0,39.6,1,12.5,0,0,0,0,1,0,0,0,0,0,0,0,0,0,11.1,-10.87,-0.512,62.5,37.5,0,0,0,0,0,0.02,-0.02,0,0,0
2023,1156,Tucker Kraft,GB,TE,1,13,KC,13.043478260869565,0,95.2,6,42.9,0,0,0,0,,0,0,0,0,,,0,,0,,0,,0,0,0,0,0,0,0,0,,0,0,0,,0,,0,,0,,0,0,,0,0,,0,,,33.3,66.7,0,0,0,0,0,0,0,0,0,0
2023,1157,Tucker Kraft,GB,TE,1,14,NYG,23.91304347826087,0,100,11,73.3,0,0,0,0,,0,0,0,0,,,0,,0,,0,,0,0,0,0,0,0,0,0,,0,0,0,,0,,0,,0,,0,0,,0,0,,0,,,27.3,18.2,54.5,0,0,0,0,0,0,0,0,0
2023,1158,Tucker Kraft,GB,TE,1,17,MIN,19.565217391304348,0,82.2,9,64.3,0,0,0,0,,0,0,0,0,,,0,,0,,0,,0,0,0,0,0,0,0,0,,0,0,0,,0,,0,,0,,0,0,,0,0,,0,,,22.2,33.3,44.4,0,0,0,0,0,0,0,0,0
2023,1159,Elijah Higgins,ARZ,TE,1,16,CHI,16.666666666666664,0,28.3,2,22.2,0,0,0,0,,0,0,0,0,,,0,,0,,0,,0,0,0,0,0,0,0,0,,0,0,0,,0,,0,,0,,0,0,,0,0,,0,,,0,50,50,0,0,0,0,0,0,0,0,0
2023,1160,Elijah Higgins,ARZ,TE,1,18,SEA,16.666666666666664,0,39.1,2,25,0,0,0,0,,0,0,0,0,,,0,,0,,0,,0,0,0,0,0,0,0,0,,0,0,0,,0,,0,,0,,0,0,,0,0,,0,,,50,0,50,0,0,0,0,0,0,0,0,0
2023,1161,Payne Durham,TB,TE,1,15,GB,100,0,21.7,2,20,0,0,0,0,,0,0,0,0,,,0,,0,,0,,0,0,0,0,0,0,0,0,,0,0,0,,0,,0,,0,,0,0,,0,0,,0,,,50,0,50,0,0,0,0,0,0,0,0,0
2023,1162,Trey Palmer,TB,WR,1,14,ATL,14.285714285714285,0,85.1,6,85.7,0,0,0,0,,0,0,0,0,,,0,,0,,0,,0,0,0,0,0,0,0,0,,0,0,0,,0,,0,,0,,0,0,,0,0,,0,,,83.3,16.7,0,0,0,0,0,0,0,0,0,0
2023,1163,Trey Palmer,TB,WR,1,15,GB,11.904761904761903,8.333333333333332,55,5,50,1,10,0,0.2,7,7,5.9,0,0,0,0,0,0,0,0,0,0,0,0,0,0,0,0,0,0,39.6,1,10,0,0,1,100,0,0,0,0,1,0,0,0,0,0,20,-7.06,-1.03,40,60,0,0,0,1.1,0,1.05,-1.05,0,0.21,1.1
2023,1164,Trey Palmer,TB,WR,1,18,CAR,9.523809523809524,8.333333333333332,45.3,4,66.7,1,16.7,0,0.25,14,14,17.1,0,0,0,0,0,0,0,0,0,0,0,0,0,0,0,0,0,0,39.6,1,16.7,0,0,0,0,0,0,0,0,0,0,0,0,0,0,25,-9.81,-0.937,0,100,0,0,0,0,0,0.02,-0.02,0,0,0
2023,1165,Jonathan Mingo,CAR,WR,1,14,NO,28.947368421052634,37.5,87.3,11,91.7,3,25,0,0.27,27.33,82,34.5,0,0,0,0,0,0,0,0,0,0,0,0,0,0,0,0,0,0,39.6,3,27.3,0,0,1,33.3,2,0,0,0,0,0,0,0,0,0,25,-11.92,-0.534,63.6,36.4,0,0,0,1.9,0,1.93,-1.93,0,0.18,1.9
2023,1166,Jonathan Mingo,CAR,WR,1,16,GB,31.57894736842105,0,92.1,12,85.7,0,0,0,0,,0,0,0,0,,,0,,0,,0,,0,0,0,0,0,0,0,0,,0,0,0,,0,,0,,0,,0,0,,0,0,,0,,,33.3,66.7,0,0,0,0,0,0,0,0,0,0
2023,1167,Zay Flowers,BLT,WR,1,15,JAX,3.125,0,85.5,1,100,0,0,0,0,,0,0,0,0,,,0,,0,,0,,0,0,0,0,0,0,0,0,,0,0,0,,0,,0,,0,,0,0,,0,0,,0,,,100,0,0,0,0,0,0,0,0,0,0,0
2023,1168,Sam LaPorta,DET,TE,1,14,CHI,7.5,0,85.7,3,42.9,0,0,0,0,,0,0,0,0,,,0,,0,,0,,0,0,0,0,0,0,0,0,,0,0,0,,0,,0,,0,,0,0,,0,0,,0,,,100,0,0,0,0,0,0,0,0,0,0,0
2023,1169,Sam LaPorta,DET,TE,1,15,DEN,15,0,95.3,6,54.5,0,0,0,0,,0,0,0,0,,,0,,0,,0,,0,0,0,0,0,0,0,0,,0,0,0,,0,,0,,0,,0,0,,0,0,,0,,,50,16.7,33.3,0,0,0,0,0,0,0,0,0
2023,1170,Sam LaPorta,DET,TE,1,16,MIN,17.5,0,94.8,7,63.6,0,0,0,0,,0,0,0,0,,,0,,0,,0,,0,0,0,0,0,0,0,0,,0,0,0,,0,,0,,0,,0,0,,0,0,,0,,,42.9,0,57.1,0,0,0,0,0,0,0,0,0
2023,1171,Sam LaPorta,DET,TE,1,18,MIN,2.5,0,41.1,1,16.7,0,0,0,0,,0,0,0,0,,,0,,0,,0,,0,0,0,0,0,0,0,0,,0,0,0,,0,,0,,0,,0,0,,0,0,,0,,,0,100,0,0,0,0,0,0,0,0,0,0
2023,1172,Michael Mayer,LV,TE,1,14,MIN,60,33.33333333333333,94.3,6,66.7,1,11.1,0,0.17,4,4,21.1,0,0,0,0,0,0,0,0,0,0,0,0,0,0,0,0,0,0,39.6,1,11.1,0,0,1,100,0,0,0,0,1,0,0,0,0,0,11.1,-6.07,-1.596,16.7,33.3,50,0,0,1.2,0,1.18,-1.18,0,0.2,1.2
2023,1173,Davis Allen,LA,TE,1,14,BLT,50,100,69.9,9,60,1,6.7,0,0.11,2,2,1.2,0,0,0,0,0,0,0,0,0,0,0,0,0,0,0,0,0,0,39.6,0,0,0,0,1,100,0,0,1,100,0,0,0,0,0,0,10,-6.37,-1.102,11.1,33.3,55.6,0,0,1.7,0,1.67,-1.67,0,0.19,1.7
2023,1174,Davis Allen,LA,TE,1,15,WAS,5.555555555555555,0,35.6,1,12.5,0,0,0,0,,0,0,0,0,,,0,,0,,0,,0,0,0,0,0,0,0,0,,0,0,0,,0,,0,,0,,0,0,,0,0,,0,,,0,0,100,0,0,0,0,0,0,0,0,0
2023,1175,Davis Allen,LA,TE,1,16,NO,27.77777777777778,0,23.9,5,35.7,0,0,0,0,,0,0,0,0,,,0,,0,,0,,0,0,0,0,0,0,0,0,,0,0,0,,0,,0,,0,,0,0,,0,0,,0,,,0,0,100,0,0,0,0,0,0,0,0,0
2023,1176,Davis Allen,LA,TE,1,18,SF,16.666666666666664,0,75.8,3,33.3,0,0,0,0,,0,0,0,0,,,0,,0,,0,,0,0,0,0,0,0,0,0,,0,0,0,,0,,0,,0,,0,0,,0,0,,0,,,0,0,100,0,0,0,0,0,0,0,0,0
2023,1177,Puka Nacua,LA,WR,1,15,WAS,13.725490196078432,0,100,7,87.5,0,0,0,0,,0,0,0,0,,,0,,0,,0,,0,0,0,0,0,0,0,0,,0,0,0,,0,,0,,0,,0,0,,0,0,,0,,,100,0,0,0,0,0,0,0,0,0,0,0
2023,1178,Luke Musgrave,GB,TE,1,18,CHI,100,0,15,1,11.1,0,0,0,0,,0,0,0,0,,,0,,0,,0,,0,0,0,0,0,0,0,0,,0,0,0,,0,,0,,0,,0,0,,0,0,,0,,,100,0,0,0,0,0,0,0,0,0,0,0
2023,1179,DeVante Parker,NE,WR,1,15,KC,20.833333333333336,20,90.2,5,71.4,1,14.3,-0.2,0.2,-1,-1,-2.8,-1,-2.5,-1,-1,1,100,0,0,0,0,0,0,0,0,0,0,0,0,79.2,1,16.7,1,100,1,100,0,0,0,0,0,0,0,0,0,0,16.7,-7.17,-1.046,80,20,0,0,0.9,1.6,0.9,1.56,-0.66,0.18,0.31,1.6
2023,1180,Jaylen Waddle,MIA,WR,1,15,NYJ,30,12.5,70.2,9,81.8,1,9.1,-0.11,0.11,-3,-3,-16.7,-1,-1.7,-1,-1,1,100,2,2,2,2,0,0.05,0,0,0,0,0,0,79.2,1,11.1,1,100,1,100,0,0,0,0,0,0,0,0,0,0,11.1,-5.94,-0.688,66.7,33.3,0,0,0.9,1.8,0.9,1.82,-0.92,0.1,0.2,1.8
2023,1181,Ja'Marr Chase,CIN,WR,1,18,CLV,13.88888888888889,25,45.9,5,83.3,2,33.3,-0.2,0.4,-2,-4,-8.5,-1,-2.2,-0.5,-1,1,50,1,1,0,0,0,0,0,0,0,0,0,0,56.3,2,33.3,0,0,1,50,0,0,0,0,0,0,0,0,0,0,40,-6,-0.81,20,80,0,0,0.9,1.6,0.9,1.64,-0.74,0.18,0.33,1.6
2023,1182,Tyler Scott,CHI,WR,1,17,ATL,30.303030303030305,60,59.7,10,66.7,3,20,-0.1,0.3,18,54,27.1,-1,-0.7,-0.33,-1,1,33.3,0,0,0,0,0,0.27,0,1,1,0,0,0,42.4,3,21.4,0,0,2,66.7,1,0,0,0,0,0,0,0,0,0,27.3,-10.96,-0.65,50,50,0,0,0.9,4.4,0.9,4.45,-3.55,0.09,0.44,4.4
2023,1183,K.J. Osborn,MIN,WR,1,14,LV,20.588235294117645,33.33333333333333,70.4,7,77.8,2,22.2,-0.29,0.29,1,2,3.1,-2,-3.8,-1,-1,2,100,-4,-2,-4,-2,0,0.02,0,0,0,0,1,0.143,79.2,2,22.2,0,0,2,100,0,0,0,0,0,0,0,0,0,0,25,-6.65,0.812,71.4,28.6,0,0,1.8,3.2,1.8,3.23,-1.43,0.26,0.46,3.2
2023,1184,Nico Collins,HST,WR,1,17,TEN,16.666666666666664,25,62.3,4,50,2,25,-0.5,0.5,6,12,92.3,-2,-3.6,-1,-2,1,50,1,1,0,0,0,0.01,0,1,1,0,0,0,56.3,2,25,1,50,1,50,0,0,0,0,0,0,0,0,0,0,40,-8.68,-1.183,50,50,0,0,0.8,1.8,0.8,1.77,-0.97,0.2,0.44,1.8
2023,1185,Jonathan Mingo,CAR,WR,1,17,JAX,15.789473684210526,25,98.1,6,75,2,25,-0.67,0.33,3,6,24,-4,-18.2,-2,-4,1,50,1,1,0,0,0,0,0,0,0,0,0,0,56.3,2,33.3,1,50,1,50,0,0,0,0,0,0,0,0,0,0,25,-8.24,-0.909,66.7,33.3,0,0,0.6,1.5,0.6,1.48,-0.88,0.1,0.25,1.5
2023,1186,Samori Toure,GB,WR,1,17,MIN,28.57142857142857,20,12.3,2,14.3,1,7.1,-3,0.5,-6,-6,-3.6,-6,-3.6,-6,-6,1,100,0,0,0,0,0,0.22,0,1,0,0,0,0,79.2,0,0,0,0,1,100,0,0,0,0,0,0,0,0,0,0,50,-9.74,-1.651,50,50,0,0,0.4,2.6,0.4,2.6,-2.2,0.2,1.3,2.6
2023,1187,Ihmir Smith-Marsette,CAR,WR,1,15,ATL,15.384615384615385,14.285714285714285,27,2,40,1,20,-3.5,0.5,-5,-5,-16.1,-7,-50,-7,-7,1,100,-2,-2,0,0,0,0.02,0,0,0,0,0,0,79.2,1,20,1,100,1,100,0,0,0,0,0,0,0,0,0,0,50,-11.16,-1.286,0,100,0,0,0.3,1.6,0.3,1.64,-1.34,0.15,0.82,1.6
Exported from Data Suite 2.0 by michaelgingrave (user 380) on 2026-09-16 21:41 UTC,,,,,,,,,,,,,,,,,,,,,,,,,,,,,,,,,,,,,,,,,,,,,,,,,,,,,,,,,,,,,,,,,,,,,