,Player Details,Player Details,Player Details,Splits,Splits,Splits,Splits,Receiving,Receiving,Receiving,Receiving,Receiving,Receiving,Receiving,Receiving,Receiving,Receiving,Receiving,Receiving,Receiving,Receiving,Receiving,Receiving,Receiving,Receiving,Receiving,Receiving,Advanced,Advanced,Advanced,Advanced,Advanced,Advanced,Advanced,Advanced,Advanced,Advanced,Advanced,Advanced,Advanced,Advanced,Advanced,Advanced,Advanced,Advanced,Advanced,Advanced,Advanced,Advanced,Alignment,Alignment,Alignment,Alignment,FP,FP,FP,FP,FP,FP,FP,FP
Season,Rank,Name,G,WEEK,OPP,RTE %,TGT %,RTE,TGT,YPRR,TPRR,aDOT,AY,YDS,YPT,YPR,REC,CR %,YAC,YAC/REC,YACO,YACO/REC,TD,XTD,i20 TGT,EZTGT,EZTD,1D,1D/RR,RATE,1READ,1READ %,DESIGN,DESIGN %,CTGT,CTGT %,DEEP,EXP %,DRP,DRP %,CT,CC,CC %,HERO,MTF,MTF/REC,THREAT %,YPTOE,EPA/TGT,WIDE TGT %,SLOT TGT %,INLINE TGT %,BACK TGT %,FP,XFP,FP/G,XFP/G,DIFF,FP/RR,XFP/RR,RecXFP
2025,,League Avg,,,,,,724.15625,11.849264705882353,0.14,0.02,12.147334558823523,144.25183823529412,97.86213235294117,8.26,13.27,7.375,62.2,29.46875,4,10.536764705882353,1.43,0.6231617647058824,0.6232352941176468,1.4558823529411764,0.9908088235294118,0.3915441176470588,4.6911764705882355,0.006,91.32205882352935,9.411764705882353,0,0.6985294117647058,5.9,8.935661764705882,75.4,2.213235294117647,21.5,0.6819852941176471,5.8,2.266544117647059,1.2334558823529411,54.4,0.23161764705882354,0.7720588235294118,0.1,0,-0.28,0.271,1979.6091911764722,0,0,0,20.90018382352942,20.98988970588235,20.90018382352942,20.989852941176473,-0.08966911764705869,0.03,0.03,20.98988970588235
2025,1,Minnesota Vikings,1,7,MIN,100,9.523809523809524,535,14,0.55,0.03,19.14,268,294,21,26.73,11,78.6,65,5.91,33,3,3,2.03,0,0,0,9,0.017,158.3,10,0,0,0,13,92.9,6,54.5,0,0,3,1,33.3,1,0,0,0,10.95,1.896,1050,0,0,0,58.4,52.1,58.4,52.05,6.35,0.11,0.1,52.1
2025,2,Dallas Cowboys,1,2,DAL,100,9.852216748768473,748,20,0.39,0.03,19.55,391,290,14.5,19.33,15,75,51,3.4,12,0.8,3,3.37,2,4,3,11,0.015,135.4,18,0,0,0,17,85,8,33.3,1,5,1,1,100,1,2,0.13,0,4.59,1.202,1015,0,0,0,62,61.3,62,61.33,0.67,0.08,0.08,61.3
2025,3,Chicago Bears,1,9,CHI,100,11.351351351351353,656,21,0.42,0.03,15.19,319,278,13.24,19.86,14,66.7,89,6.36,40,2.86,2,2.56,3,4,1,12,0.018,121.6,20,0,0,0,19,90.5,7,53.8,2,9.5,11,8,72.7,1,2,0.14,0,4.09,0.906,881,0,0,0,53.8,46.8,53.8,46.78,7.02,0.08,0.07,46.8
2025,4,Seattle Seahawks,1,16,SEA,100,12.437810945273633,724,25,0.35,0.03,11.08,277,253,10.12,15.81,16,64,124,7.75,28,1.75,2,1.52,3,1,1,11,0.015,124.3,16,0,1,4,20,80,3,30.8,2,8,7,4,57.1,0,2,0.13,0,2,0.614,804,0,0,0,53.3,47.9,53.3,47.89,5.41,0.07,0.07,47.9
2025,5,Tampa Bay Buccaneers,1,5,TB,100,8.144796380090497,818,18,0.3,0.02,12.56,226,247,13.72,16.47,15,83.3,59,3.93,22,1.47,2,1.48,2,2,1,11,0.013,155.8,15,0,1,5.6,16,88.9,3,35.7,1,5.6,3,2,66.7,3,2,0.13,0,5.33,1.155,1227.8,0,0,0,51.7,40.8,51.7,40.82,10.88,0.06,0.05,40.8
2025,6,Pittsburgh Steelers,1,7,PIT,100,11.587982832618025,807,27,0.3,0.03,8.33,225,239,8.85,11.38,21,77.8,111,5.29,35,1.67,2,0.87,4,1,1,10,0.012,128.2,21,0,4,14.8,23,85.2,1,11.8,2,7.4,5,4,80,0,4,0.19,0,1.01,0.622,863,0,0,0,56.9,46.1,56.9,46.09,10.81,0.07,0.06,46.1
2025,7,Los Angeles Rams,1,15,LA,100,8.530805687203792,775,18,0.31,0.02,15.67,282,237,13.17,18.23,13,72.2,53,4.08,16,1.23,2,2.12,5,4,2,11,0.014,151.4,15,0,1,5.6,14,77.8,5,36.4,0,0,0,0,0,0,2,0.15,0,3.45,0.72,1172.2,0,0,0,48.7,50.3,48.7,50.31,-1.61,0.06,0.06,50.3
2025,8,Pittsburgh Steelers,1,9,PIT,100,10.72961373390558,807,25,0.29,0.03,13.4,335,236,9.44,14.75,16,64,48,3,22,1.38,1,1.06,1,1,1,13,0.016,91.4,24,0,0,0,18,72,4,20,0,0,2,0,0,1,1,0.06,0,0.4,0.536,932,0,0,0,45.6,47.9,45.6,47.89,-2.29,0.06,0.06,47.9
2025,9,Philadelphia Eagles,1,12,PHI,100,9.433962264150944,780,20,0.3,0.03,13.3,266,231,11.55,16.5,14,70,75,5.36,21,1.5,1,1.44,2,2,1,10,0.013,125.2,13,0,0,0,18,90,4,30.8,2,10,9,7,77.8,0,1,0.07,0,2.81,0.731,1060,0,0,0,43.1,39.5,43.1,39.46,3.64,0.06,0.05,39.5
2025,10,Los Angeles Chargers,1,17,LAC,100,7.07070707070707,719,14,0.3,0.02,13.93,195,216,15.43,21.6,10,71.4,75,7.5,17,1.7,2,1.7,0,0,0,8,0.011,113.7,12,0,0,0,10,71.4,2,30,0,0,0,0,0,0,2,0.2,0,6.38,0.532,1414.3,0,0,0,43.6,37.7,43.6,37.65,5.95,0.06,0.05,37.7
2025,11,Miami Dolphins,1,17,MIA,100,12.222222222222221,640,22,0.34,0.03,11.32,249,215,9.77,13.44,16,72.7,107,6.69,30,1.88,1,0.95,1,2,1,8,0.013,99.6,16,0,4,18.2,18,81.8,5,13.3,1,4.5,5,3,60,0,4,0.25,0,1.43,0.408,818.2,0,0,0,43.5,37.1,43.5,37.08,6.42,0.07,0.06,37.1
2025,12,Minnesota Vikings,1,15,MIN,100,11.564625850340136,535,17,0.4,0.03,10.65,181,214,12.59,16.46,13,76.5,94,7.23,21,1.62,0,0.16,2,1,0,10,0.019,117.9,9,0,1,5.9,14,82.4,4,33.3,0,0,2,1,50,0,0,0,0,4.29,0.718,864.7,0,0,0,34.4,30.9,34.4,30.92,3.48,0.06,0.06,30.9
2025,13,Detroit Lions,1,15,DET,100,6.578947368421052,836,15,0.25,0.02,17.27,259,211,14.07,19.18,11,73.3,40,3.64,25,2.27,1,0.69,2,2,0,9,0.011,137.5,14,0,0,0,13,86.7,5,45.5,0,0,4,2,50,2,2,0.18,0,4.09,1.037,1520,0,0,0,38.1,35.3,38.1,35.3,2.8,0.05,0.04,35.3
2025,14,Atlanta Falcons,1,15,ATL,100,8.372093023255815,779,18,0.27,0.02,14.67,264,209,11.61,17.42,12,66.7,32,2.67,13,1.08,1,1.69,3,2,1,11,0.014,101.4,14,0,1,5.6,14,77.8,3,36.4,0,0,7,5,71.4,0,3,0.25,0,2.43,0.408,1194.4,0,0,0,38.9,36.1,38.9,36.12,2.78,0.05,0.05,36.1
2025,15,Green Bay Packers,1,4,GB,100,9.345794392523365,786,20,0.26,0.03,15.4,308,208,10.4,14.86,14,70,47,3.36,12,0.86,2,1.3,1,2,1,11,0.014,137.1,13,0,0,0,15,75,6,30.8,1,5,3,3,100,2,1,0.07,0,1.12,0.842,1070,0,0,0,46.8,37,46.8,37,9.8,0.06,0.05,37
2025,16,Baltimore Ravens,1,8,BLT,100,7.8125,916,20,0.22,0.02,9.95,199,206,10.3,12.88,16,80,65,4.06,22,1.38,0,0.13,1,0,0,10,0.011,88.8,15,0,3,15,18,90,2,26.7,1,5,9,7,77.8,1,1,0.06,0,1.95,0.506,1280,0,0,0,36.6,34.8,36.6,34.85,1.75,0.04,0.04,34.8
2025,17,Atlanta Falcons,1,11,ATL,100,6.511627906976744,779,14,0.26,0.02,12.79,179,205,14.64,18.64,11,78.6,52,4.73,16,1.45,2,1.76,1,1,1,10,0.013,158.3,13,0,0,0,13,92.9,3,50,0,0,6,4,66.7,0,1,0.09,0,5.92,1.309,1535.7,0,0,0,43.5,35.6,43.5,35.56,7.94,0.06,0.05,35.6
2025,18,Pittsburgh Steelers,1,16,PIT,100,9.012875536480687,807,21,0.25,0.03,9.38,197,205,9.76,14.64,14,66.7,97,6.93,18,1.29,1,0.19,7,4,0,10,0.012,114.2,16,0,3,14.3,17,81,2,33.3,1,4.8,2,1,50,0,2,0.14,0,1.53,0.509,1109.5,0,0,0,40.5,33.2,40.5,33.25,7.25,0.05,0.04,33.2
2025,19,Tampa Bay Buccaneers,1,6,TB,100,6.334841628959276,818,14,0.25,0.02,16.21,227,205,14.64,25.63,8,57.1,83,10.38,42,5.25,0,0.1,0,0,0,7,0.009,72,14,0,0,0,11,78.6,4,37.5,1,7.1,4,2,50,0,2,0.25,0,4.74,0.548,1578.6,0,0,0,28.5,26,28.5,25.97,2.53,0.03,0.03,26
2025,20,Philadelphia Eagles,1,7,PHI,100,8.49056603773585,780,18,0.26,0.02,15.67,282,199,11.06,16.58,12,66.7,68,5.67,50,4.17,0,0.49,4,3,0,8,0.01,80.6,16,0,0,0,13,72.2,6,36.4,0,0,2,1,50,0,1,0.08,0,1.67,0.557,1177.8,0,0,0,31.9,29.8,31.9,29.79,2.11,0.04,0.04,29.8
2025,21,Pittsburgh Steelers,1,4,PIT,100,7.725321888412018,807,18,0.25,0.02,11.5,207,199,11.06,16.58,12,66.7,84,7,15,1.25,0,0.28,2,2,0,7,0.009,103.7,13,0,1,5.6,13,72.2,4,25,1,5.6,6,6,100,1,0,0,0,2.72,0.539,1294.4,0,0,0,31.9,25.3,31.9,25.33,6.57,0.04,0.03,25.3
2025,22,Chicago Bears,1,18,CHI,100,7.567567567567568,656,14,0.3,0.02,6.86,96,198,14.14,15.23,13,92.9,106,8.15,20,1.54,0,0.23,0,0,0,8,0.012,118.8,11,0,2,14.3,14,100,0,23.1,1,7.1,1,1,100,0,2,0.15,0,6.75,1.071,1321.4,0,0,0,32.8,28.8,32.8,28.8,4,0.05,0.04,28.8
2025,23,Indianapolis Colts,1,4,IND,100,8.547008547008547,830,20,0.23,0.02,11.5,230,195,9.75,13,15,75,55,3.67,18,1.2,2,1.34,4,1,1,9,0.011,138.5,17,0,3,15,15,75,5,23.1,0,0,0,0,0,0,0,0,0,1.36,0.706,1170,0,0,0,46.5,39.2,46.5,39.18,7.32,0.06,0.05,39.2
2025,24,Chicago Bears,1,2,CHI,100,5.405405405405405,656,10,0.29,0.02,19.9,199,193,19.3,27.57,7,70,81,11.57,17,2.43,1,1.04,1,1,1,7,0.011,145.8,6,0,0,0,8,80,3,66.7,1,10,1,1,100,1,1,0.14,0,8.3,1.222,1850,0,0,0,32.3,24.6,32.3,24.6,7.7,0.05,0.04,24.6
2025,25,Denver Broncos,1,8,DEN,100,10.407239819004525,809,23,0.24,0.03,10.48,241,193,8.39,12.06,16,69.6,42,2.63,18,1.13,1,0.93,4,4,1,10,0.012,91.4,22,0,1,4.3,20,87,3,13.3,1,4.3,6,1,16.7,2,3,0.19,0,0.41,0.26,960.9,0,0,0,41.3,39,41.3,38.97,2.33,0.05,0.05,39
2025,26,Kansas City Chiefs,1,13,KC,100,11.11111111111111,643,20,0.3,0.03,9.9,198,193,9.65,14.85,13,65,94,7.23,26,2,1,1.33,5,2,1,7,0.011,92.3,14,0,0,0,14,70,3,20,1,5,0,0,0,0,2,0.15,0,1.62,0.238,900,0,0,0,38.3,36.7,38.3,36.73,1.57,0.06,0.06,36.7
2025,27,Baltimore Ravens,1,16,BLT,100,7.8125,916,20,0.21,0.02,13.25,265,191,9.55,13.64,14,70,43,3.07,5,0.36,1,0.32,1,1,1,7,0.008,96,19,0,0,0,15,75,4,28.6,0,0,2,1,50,0,2,0.14,0,0.79,0.353,1280,0,0,0,39.1,32,39.1,32.02,7.08,0.04,0.03,32
2025,28,Seattle Seahawks,1,5,SEA,100,5.472636815920398,724,11,0.26,0.02,13,143,190,17.27,17.27,11,100,60,5.45,11,1,2,2.13,3,2,2,7,0.01,158.3,9,0,3,27.3,11,100,2,30,0,0,1,1,100,0,2,0.18,0,8.11,1.793,1827.3,0,0,0,42,36.8,42,36.76,5.24,0.06,0.05,36.8
2025,29,Tampa Bay Buccaneers,1,10,TB,100,6.334841628959276,818,14,0.23,0.02,13.5,189,190,13.57,19,10,71.4,75,7.5,1,0.1,2,0.84,1,1,1,6,0.007,153.3,12,0,0,0,10,71.4,3,22.2,0,0,2,2,100,1,0,0,0,4.79,0.945,1578.6,0,0,0,41,26.6,41,26.63,14.37,0.05,0.03,26.6
2025,30,Baltimore Ravens,1,17,BLT,100,5.46875,916,14,0.21,0.02,15.21,213,189,13.5,18.9,10,71.4,34,3.4,11,1.1,0,0.15,0,0,0,8,0.009,113.7,12,0,0,0,12,85.7,5,40,2,14.3,0,0,0,0,0,0,0,4.62,0.822,1828.6,0,0,0,28.9,31,28.9,31.04,-2.14,0.03,0.03,31
2025,31,Jacksonville Jaguars,1,2,JAX,100,9.019607843137255,911,23,0.21,0.03,10.65,245,188,8.17,12.53,15,65.2,63,4.2,36,2.4,3,2.16,5,2,1,11,0.012,130.1,20,0,2,8.7,18,78.3,5,18.2,0,0,8,5,62.5,1,3,0.2,0,-0.13,0.54,1108.7,0,0,0,51.8,43.9,51.8,43.93,7.87,0.06,0.05,43.9
2025,32,Baltimore Ravens,1,1,BLT,100,8.203125,916,21,0.2,0.02,10.62,223,186,8.86,11.63,16,76.2,42,2.63,13,0.81,0,0.16,3,1,0,8,0.009,102.5,14,0,2,9.5,17,81,4,21.4,1,4.8,1,1,100,0,1,0.06,0,0.58,0.331,1219,0,0,0,34.6,35.1,34.6,35.08,-0.48,0.04,0.04,35.1
2025,33,New Orleans Saints,1,9,NO,100,7.526881720430108,657,14,0.28,0.02,14.14,198,186,13.29,15.5,12,85.7,47,3.92,19,1.58,3,2.94,4,2,2,8,0.012,158.3,14,0,1,7.1,13,92.9,4,44.4,0,0,3,2,66.7,1,4,0.33,0,4.35,1.061,1328.6,0,0,0,48.6,45.6,48.6,45.62,2.98,0.07,0.07,45.6
2025,34,Washington Commanders,1,3,WAS,100,7.1065989847715745,705,14,0.26,0.02,13.43,188,186,13.29,16.91,11,78.6,44,4,6,0.55,3,1.2,2,1,1,8,0.011,158.3,12,0,1,7.1,12,85.7,1,22.2,0,0,2,1,50,0,0,0,0,3.91,1.199,1407.1,0,0,0,47.6,34,47.6,34.02,13.58,0.07,0.05,34
2025,35,Indianapolis Colts,1,13,IND,100,6.41025641025641,830,15,0.22,0.02,14.13,212,184,12.27,16.73,11,73.3,66,6,38,3.45,0,0.07,1,1,0,10,0.012,114.3,14,0,0,0,11,73.3,3,36.4,0,0,2,2,100,0,1,0.09,0,3.32,1.036,1560,0,0,0,29.4,24.2,29.4,24.2,5.2,0.04,0.03,24.2
2025,36,Las Vegas Raiders,1,11,LV,100,8.91089108910891,715,18,0.26,0.03,11.11,200,184,10.22,13.14,14,77.8,82,5.86,39,2.79,3,1.95,4,3,2,11,0.015,148.8,12,0,0,0,16,88.9,3,16.7,1,5.6,3,2,66.7,0,5,0.36,0,1.99,0.789,1122.2,0,0,0,50.4,39.9,50.4,39.86,10.54,0.07,0.06,39.9
2025,37,Kansas City Chiefs,1,11,KC,100,7.222222222222221,643,13,0.28,0.02,17.85,232,183,14.08,22.88,8,61.5,48,6,22,2.75,0,0.11,1,0,0,7,0.011,105.4,9,0,0,0,11,84.6,6,62.5,2,15.4,1,0,0,0,1,0.13,0,4.18,0.758,1384.6,0,0,0,26.3,30.4,26.3,30.37,-4.07,0.04,0.05,30.4
2025,38,San Francisco 49ers,1,11,SF,100,10.695187165775401,672,20,0.27,0.03,10.4,208,183,9.15,10.76,17,85,59,3.47,21,1.24,0,0.2,2,0,0,8,0.012,104.8,16,0,1,5,18,90,3,13.3,0,0,5,4,80,0,1,0.06,0,1.28,0.364,935,0,0,0,35.3,35.3,35.3,35.29,0.01,0.05,0.05,35.3
2025,39,Detroit Lions,1,14,DET,100,10.964912280701753,836,25,0.22,0.03,14.4,360,182,7.28,14,13,52,54,4.15,7,0.54,1,1.13,6,2,0,9,0.011,55.8,17,0,0,0,20,80,5,40,2,8,7,2,28.6,0,1,0.08,0,-1.81,0.021,912,0,0,0,37.2,41.9,37.2,41.95,-4.75,0.04,0.05,41.9
2025,40,Tampa Bay Buccaneers,1,18,TB,100,7.239819004524888,818,16,0.22,0.02,11.25,180,182,11.38,14,13,81.3,22,1.69,7,0.54,0,0.24,1,0,0,8,0.01,88,11,0,0,0,14,87.5,2,16.7,1,6.3,1,1,100,0,0,0,0,3,0.416,1381.3,0,0,0,31.2,33.5,31.2,33.5,-2.3,0.04,0.04,33.5
2025,41,Washington Commanders,1,10,WAS,100,6.091370558375635,705,12,0.26,0.02,8.67,104,182,15.17,16.55,11,91.7,89,8.09,16,1.45,1,1.19,2,0,0,10,0.014,146.5,12,0,0,0,12,100,1,22.2,1,8.3,1,1,100,0,3,0.27,0,7.45,1.135,1641.7,0,0,0,35.2,32.5,35.2,32.47,2.73,0.05,0.05,32.5
2025,42,Baltimore Ravens,1,14,BLT,100,5.46875,916,14,0.2,0.02,14.86,208,181,12.93,22.63,8,57.1,41,5.13,10,1.25,0,0.5,5,3,0,5,0.005,101.8,11,0,1,7.1,12,85.7,4,66.7,0,0,5,1,20,0,0,0,0,3.59,0.716,1828.6,0,0,0,26.1,29.6,26.1,29.58,-3.48,0.03,0.03,29.6
2025,43,Cleveland Browns,1,2,CLV,100,8.426966292134832,652,15,0.27,0.02,16.07,241,179,11.93,14.92,12,80,11,0.92,11,0.92,4,3.62,2,4,4,9,0.014,156,11,0,0,0,12,80,5,30,0,0,2,2,100,1,2,0.17,0,2.29,1.237,1186.7,0,0,0,53.9,47.7,53.9,47.68,6.22,0.08,0.07,47.7
2025,44,Dallas Cowboys,1,9,DAL,100,7.8817733990147785,748,16,0.24,0.02,12.19,195,179,11.19,16.27,11,68.8,63,5.73,33,3,1,1.12,3,2,1,9,0.012,126.8,11,0,0,0,12,75,1,22.2,0,0,3,2,66.7,0,2,0.18,0,2.27,0.898,1268.8,0,0,0,34.9,31.1,34.9,31.11,3.79,0.05,0.04,31.1
2025,45,Arizona Cardinals,1,2,ARZ,100,11.11111111111111,731,22,0.24,0.03,9.18,202,178,8.09,13.69,13,59.1,63,4.85,13,1,0,0.51,6,2,0,10,0.014,85,18,0,1,4.5,16,72.7,1,40,1,4.5,2,1,50,1,0,0,0,0.15,0.577,900,0,0,0,30.8,33.8,30.8,33.84,-3.04,0.04,0.05,33.8
2025,46,Cleveland Browns,1,8,CLV,100,8.426966292134832,652,15,0.27,0.02,10.8,162,178,11.87,13.69,13,86.7,35,2.69,12,0.92,2,2.8,3,0,0,7,0.011,127.9,14,0,0,0,14,93.3,1,30,1,6.7,0,0,0,0,0,0,0,3.67,0.571,1186.7,0,0,0,42.8,48,42.8,47.96,-5.16,0.07,0.07,48
2025,47,Jacksonville Jaguars,1,5,JAX,100,5.88235294117647,911,15,0.19,0.02,17.4,261,177,11.8,16.09,11,73.3,34,3.09,2,0.18,0,0.68,2,1,0,7,0.008,84.6,9,0,0,0,12,80,4,40,1,6.7,2,2,100,1,1,0.09,0,2.35,-0.009,1700,0,0,0,28.7,30.4,28.7,30.42,-1.72,0.03,0.03,30.4
2025,48,New England Patriots,1,2,NE,100,6.122448979591836,718,12,0.25,0.02,19,228,176,14.67,17.6,10,83.3,17,1.7,13,1.3,1,1.13,1,2,1,8,0.011,146.5,9,0,0,0,10,83.3,6,33.3,0,0,1,1,100,0,2,0.2,0,4.75,1.144,1633.3,0,0,0,33.6,32.8,33.6,32.8,0.8,0.05,0.05,32.8
2025,49,Dallas Cowboys,1,3,DAL,100,4.926108374384237,748,10,0.23,0.01,16.8,168,172,17.2,24.57,7,70,52,7.43,11,1.57,3,2.8,1,1,1,7,0.009,152.1,6,0,0,0,7,70,3,50,0,0,0,0,0,0,0,0,0,7.32,1.497,2030,0,0,0,42.2,38.4,42.2,38.39,3.81,0.06,0.05,38.4
2025,50,Buffalo Bills,1,5,BUF,100,8.433734939759036,591,14,0.29,0.02,10.86,152,171,12.21,14.25,12,85.7,40,3.33,30,2.5,0,0.23,0,0,0,10,0.017,117.6,10,0,0,0,13,92.9,2,16.7,1,7.1,1,1,100,2,3,0.25,0,3.78,0.883,1185.7,0,0,0,29.1,27.6,29.1,27.64,1.46,0.05,0.05,27.6
2025,51,Detroit Lions,1,5,DET,100,8.333333333333332,836,19,0.2,0.02,13.53,257,169,8.89,15.36,11,57.9,47,4.27,4,0.36,2,1.45,2,1,1,9,0.011,82.9,17,0,1,5.3,16,84.2,3,20,1,5.3,5,0,0,0,3,0.27,0,0,-0.059,1200,0,0,0,39.9,38.9,39.9,38.91,0.99,0.05,0.05,38.9
2025,52,Jacksonville Jaguars,1,6,JAX,100,5.098039215686274,911,13,0.19,0.01,16.85,219,169,13,21.13,8,61.5,39,4.88,4,0.5,1,0.41,0,0,0,6,0.007,131.1,12,0,1,7.7,11,84.6,4,37.5,2,15.4,2,0,0,1,0,0,0,3.43,0.69,1961.5,0,0,0,30.9,30.6,30.9,30.58,0.32,0.03,0.03,30.6
2025,53,New England Patriots,1,1,NE,100,8.16326530612245,718,16,0.24,0.02,15.44,247,169,10.56,18.78,9,56.3,38,4.22,19,2.11,0,0.06,0,0,0,8,0.011,66.9,12,0,1,6.3,10,62.5,4,55.6,1,6.3,1,1,100,1,4,0.44,0,0.7,0.345,1225,0,0,0,25.9,24.7,25.9,24.66,1.24,0.04,0.03,24.7
2025,54,New Orleans Saints,1,3,NO,100,6.451612903225806,657,12,0.26,0.02,12.67,152,169,14.08,16.9,10,83.3,38,3.8,13,1.3,2,2.29,4,1,1,6,0.009,158.3,9,0,1,8.3,10,83.3,2,42.9,0,0,0,0,0,0,1,0.1,0,5.39,0.902,1550,0,0,0,38.9,39.4,38.9,39.37,-0.47,0.06,0.06,39.4
2025,55,Los Angeles Rams,1,14,LA,100,8.530805687203792,775,18,0.22,0.02,10.56,190,167,9.28,13.92,12,66.7,51,4.25,32,2.67,2,1.39,3,1,1,10,0.013,110.2,15,0,0,0,13,72.2,1,30,0,0,4,3,75,2,3,0.25,0,1.28,0.387,1172.2,0,0,0,40.7,30.3,40.7,30.31,10.39,0.05,0.04,30.3
2025,56,New York Jets,1,3,NYJ,100,10,606,19,0.28,0.03,10.74,204,167,8.79,13.92,12,63.2,68,5.67,40,3.33,1,0.91,3,2,1,9,0.015,108.9,14,0,3,15.8,16,84.2,3,36.4,2,10.5,5,3,60,1,1,0.08,0,0.36,0.496,1000,0,0,0,34.7,35.1,34.7,35.13,-0.43,0.06,0.06,35.1
2025,57,Tennessee Titans,1,7,TEN,100,5.1020408163265305,699,10,0.24,0.01,15.3,153,167,16.7,18.56,9,90,37,4.11,8,0.89,2,1.73,2,2,2,8,0.011,158.3,10,0,0,0,9,90,2,57.1,0,0,4,4,100,1,0,0,0,7.17,1.576,1960,0,0,0,37.7,29.7,37.7,29.71,7.99,0.05,0.04,29.7
2025,58,Indianapolis Colts,1,7,IND,100,8.547008547008547,830,20,0.2,0.02,11.5,230,166,8.3,12.77,13,65,33,2.54,9,0.69,3,2.05,6,3,2,8,0.01,130.4,11,0,0,0,16,80,6,33.3,3,15,0,0,0,1,0,0,0,-0.02,0.458,1170,0,0,0,47.6,46.5,47.6,46.49,1.11,0.06,0.06,46.5
2025,59,Indianapolis Colts,1,15,IND,100,7.264957264957266,830,17,0.2,0.02,10.06,171,165,9.71,13.75,12,70.6,67,5.58,49,4.08,0,0.32,2,2,0,5,0.006,101.3,16,0,2,11.8,15,88.2,3,16.7,1,5.9,2,0,0,0,4,0.33,0,1.55,0.306,1376.5,0,0,0,28.5,32.4,28.5,32.36,-3.86,0.03,0.04,32.4
2025,60,Dallas Cowboys,1,12,DAL,100,7.8817733990147785,748,16,0.22,0.02,14.13,226,163,10.19,16.3,10,62.5,37,3.7,27,2.7,1,1.71,2,1,1,8,0.011,117.4,13,0,0,0,12,75,3,22.2,1,6.3,2,1,50,0,2,0.2,0,1.25,0.707,1268.8,0,0,0,32.3,34.4,32.3,34.44,-2.14,0.04,0.05,34.4
2025,61,Dallas Cowboys,1,8,DAL,100,8.866995073891626,748,18,0.22,0.02,14.78,266,161,8.94,16.1,10,55.6,41,4.1,12,1.2,2,3,2,4,2,8,0.011,99.5,17,0,1,5.6,12,66.7,4,33.3,2,11.1,1,1,100,0,1,0.1,0,-0.1,0.31,1127.8,0,0,0,38.1,47.2,38.1,47.19,-9.09,0.05,0.06,47.2
2025,62,Las Vegas Raiders,1,3,LV,100,4.9504950495049505,715,10,0.23,0.01,13.8,138,161,16.1,23,7,70,65,9.29,11,1.57,1,0.82,1,1,0,7,0.01,145.8,9,0,0,0,10,100,1,28.6,2,20,3,1,33.3,0,1,0.14,0,6.84,1.37,2020,0,0,0,29.1,28.8,29.1,28.83,0.27,0.04,0.04,28.8
2025,63,Tennessee Titans,1,18,TEN,100,8.673469387755102,699,17,0.23,0.02,12.29,209,161,9.47,13.42,12,70.6,41,3.42,10,0.83,0,0.87,2,0,0,9,0.013,100.4,14,0,1,5.9,14,82.4,4,30,0,0,3,1,33.3,0,1,0.08,0,0.96,0.633,1152.9,0,0,0,28.1,37.3,28.1,37.31,-9.21,0.04,0.05,37.3
2025,64,Arizona Cardinals,1,10,ARZ,100,3.0303030303030303,731,6,0.22,0.01,15.33,92,160,26.67,26.67,6,100,68,11.33,47,7.83,1,1.14,0,0,0,5,0.007,158.3,4,0,0,0,6,100,1,33.3,0,0,1,1,100,0,2,0.33,0,17.37,2.128,3300,0,0,0,28,22.4,28,22.43,5.57,0.04,0.03,22.4
2025,65,Detroit Lions,1,12,DET,100,4.824561403508771,836,11,0.19,0.01,15.64,172,160,14.55,20,8,72.7,40,5,2,0.25,1,1.1,0,1,1,5,0.006,107.2,11,0,2,18.2,8,72.7,4,50,0,0,1,1,100,0,0,0,0,5.34,0.649,2072.7,0,0,0,30,28.2,30,28.23,1.77,0.04,0.03,28.2
2025,66,Green Bay Packers,1,15,GB,100,7.476635514018691,786,16,0.2,0.02,12.13,194,160,10,13.33,12,75,44,3.67,8,0.67,2,0.64,3,1,1,7,0.009,145.8,11,0,1,6.3,13,81.3,3,27.3,0,0,5,4,80,0,0,0,0,1.47,0.824,1337.5,0,0,0,40,27.8,40,27.81,12.19,0.05,0.04,27.8
2025,67,Kansas City Chiefs,1,14,KC,100,6.666666666666667,643,12,0.25,0.02,14.67,176,160,13.33,20,8,66.7,46,5.75,8,1,0,0.17,1,0,0,4,0.006,109.7,8,0,0,0,9,75,2,28.6,0,0,3,2,66.7,0,0,0,0,3.92,0.707,1500,0,0,0,24,19.7,24,19.66,4.34,0.04,0.03,19.7
2025,68,Philadelphia Eagles,1,1,PHI,100,7.547169811320755,780,16,0.2,0.02,12.88,206,159,9.94,15.9,10,62.5,53,5.3,23,2.3,0,0.23,1,1,0,9,0.012,95.6,12,0,0,0,13,81.3,3,20,2,12.5,3,2,66.7,1,0,0,0,1.32,0.632,1325,0,0,0,25.9,29.6,25.9,29.65,-3.75,0.03,0.04,29.6
2025,69,Chicago Bears,1,13,CHI,100,7.567567567567568,656,14,0.24,0.02,11.21,157,158,11.29,14.36,11,78.6,45,4.09,9,0.82,2,1.28,1,0,0,8,0.012,123.5,8,0,0,0,11,78.6,2,20,0,0,4,4,100,0,0,0,0,2.78,0.5,1321.4,0,0,0,38.8,26.9,38.8,26.93,11.87,0.06,0.04,26.9
2025,70,Detroit Lions,1,2,DET,100,6.578947368421052,836,15,0.19,0.02,14.33,215,158,10.53,14.36,11,73.3,54,4.91,16,1.45,2,1.01,2,2,1,7,0.008,146.7,13,0,1,6.7,14,93.3,5,33.3,2,13.3,1,0,0,0,2,0.18,0,1.49,0.837,1520,0,0,0,38.8,38.9,38.8,38.87,-0.07,0.05,0.05,38.9
2025,71,Tennessee Titans,1,15,TEN,100,6.122448979591836,699,12,0.23,0.02,15.83,190,158,13.17,17.56,9,75,17,1.89,7,0.78,1,1.13,3,1,1,9,0.013,144.4,10,0,0,0,10,83.3,3,42.9,0,0,4,2,50,0,0,0,0,3.35,1.079,1633.3,0,0,0,30.8,29.4,30.8,29.41,1.39,0.04,0.04,29.4
2025,72,Arizona Cardinals,1,17,ARZ,100,8.080808080808081,731,16,0.21,0.02,11.19,179,157,9.81,12.08,13,81.3,57,4.38,20,1.54,1,1.08,2,0,0,8,0.011,128.4,15,0,0,0,13,81.3,3,18.2,0,0,6,4,66.7,0,2,0.15,0,1.6,0.79,1237.5,0,0,0,34.7,29.6,34.7,29.63,5.07,0.05,0.04,29.6
2025,73,Dallas Cowboys,1,16,DAL,100,5.911330049261084,748,12,0.21,0.02,12.83,154,157,13.08,15.7,10,83.3,41,4.1,24,2.4,1,1.17,1,1,1,8,0.011,146.5,10,0,0,0,12,100,3,33.3,1,8.3,4,3,75,2,3,0.3,0,5.03,1.215,1691.7,0,0,0,31.7,30.5,31.7,30.45,1.25,0.04,0.04,30.5
2025,74,Dallas Cowboys,1,17,DAL,100,4.926108374384237,748,10,0.21,0.01,8.9,89,157,15.7,17.44,9,90,74,8.22,31,3.44,0,0.01,1,1,0,8,0.011,118.8,4,0,1,10,9,90,0,22.2,0,0,1,1,100,0,3,0.33,0,7.75,1.202,2030,0,0,0,24.7,18.5,24.7,18.47,6.23,0.03,0.02,18.5
2025,75,New Orleans Saints,1,6,NO,100,5.913978494623656,657,11,0.24,0.02,17.64,194,157,14.27,17.44,9,81.8,34,3.78,14,1.56,2,1.37,1,1,1,8,0.012,158.3,8,0,1,9.1,10,90.9,5,37.5,1,9.1,3,3,100,0,1,0.11,0,4.9,1.328,1690.9,0,0,0,36.7,31.5,36.7,31.49,5.21,0.06,0.05,31.5
2025,76,Jacksonville Jaguars,1,10,JAX,100,7.450980392156863,911,19,0.17,0.02,13.89,264,156,8.21,14.18,11,57.9,27,2.45,14,1.27,1,0.71,4,3,1,7,0.008,80.2,16,0,0,0,14,73.7,4,11.1,1,5.3,6,3,50,0,0,0,0,-0.37,-0.176,1342.1,0,0,0,32.6,25.8,32.6,25.78,6.82,0.04,0.03,25.8
2025,77,Los Angeles Rams,1,7,LA,100,9.004739336492891,775,19,0.2,0.02,18.32,348,155,8.16,17.22,9,47.4,15,1.67,4,0.44,0,0.14,2,2,0,7,0.009,75.5,11,0,0,0,11,57.9,9,44.4,0,0,3,1,33.3,1,0,0,0,-1.51,0.064,1110.5,0,0,0,24.5,30.8,24.5,30.85,-6.35,0.03,0.04,30.8
2025,78,Green Bay Packers,1,8,GB,100,6.5420560747663545,786,14,0.2,0.02,12.79,179,154,11,14,11,78.6,48,4.36,19,1.73,2,1.99,2,3,2,7,0.009,152.1,9,0,1,7.1,13,92.9,4,33.3,0,0,4,2,50,0,1,0.09,0,2.93,0.702,1528.6,0,0,0,38.4,36,38.4,36.05,2.35,0.05,0.05,36
2025,79,New York Giants,1,7,NYG,100,10.476190476190476,765,22,0.2,0.03,13.82,304,154,7,11.85,13,59.1,56,4.31,14,1.08,1,0.82,6,2,1,7,0.009,95.6,15,0,1,4.5,14,63.6,6,25,0,0,6,4,66.7,1,0,0,0,-1.78,0.053,954.5,0,0,0,34.4,27.4,34.4,27.44,6.96,0.04,0.04,27.4
2025,80,Las Vegas Raiders,1,9,LV,100,7.425742574257425,715,15,0.21,0.02,12.47,187,153,10.2,13.91,11,73.3,41,3.73,18,1.64,0,0.1,2,2,0,7,0.01,77.9,15,0,0,0,14,93.3,2,9.1,2,13.3,4,2,50,0,4,0.36,0,1.32,0.309,1346.7,0,0,0,26.3,28.3,26.3,28.27,-1.97,0.04,0.04,28.3
2025,81,Arizona Cardinals,1,9,ARZ,100,8.585858585858585,731,17,0.21,0.02,13.82,235,152,8.94,12.67,12,70.6,43,3.58,23,1.92,0,0.12,2,0,0,8,0.011,98.2,12,0,0,0,14,82.4,3,10,0,0,6,4,66.7,0,5,0.42,0,0.03,0.177,1164.7,0,0,0,27.2,25.6,27.2,25.64,1.56,0.04,0.04,25.6
2025,82,Chicago Bears,1,17,CHI,100,5.9459459459459465,656,11,0.23,0.02,13.36,147,152,13.82,21.71,7,63.6,37,5.29,4,0.57,1,0.15,0,0,0,6,0.009,99.6,8,0,1,9.1,8,72.7,5,57.1,1,9.1,1,1,100,0,1,0.14,0,4.93,0.614,1681.8,0,0,0,28.2,19.9,28.2,19.88,8.32,0.04,0.03,19.9
2025,83,Denver Broncos,1,16,DEN,100,5.429864253393665,809,12,0.19,0.01,7,84,152,12.67,15.2,10,83.3,91,9.1,8,0.8,0,0.89,4,1,0,4,0.005,118.8,6,0,0,0,12,100,1,42.9,0,0,4,2,50,0,4,0.4,0,5.52,0.645,1841.7,0,0,0,25.2,25,25.2,25,0.2,0.03,0.03,25
2025,84,Tennessee Titans,1,11,TEN,100,8.673469387755102,699,17,0.22,0.02,12.82,218,152,8.94,12.67,12,70.6,16,1.33,5,0.42,0,0.46,0,1,0,9,0.013,98.2,15,0,0,0,13,76.5,3,16.7,0,0,3,2,66.7,1,0,0,0,-0.01,0.617,1152.9,0,0,0,27.2,29.1,27.2,29.07,-1.87,0.04,0.04,29.1
2025,85,Green Bay Packers,1,7,GB,100,5.14018691588785,786,11,0.19,0.01,18.27,201,151,13.73,25.17,6,54.5,17,2.83,7,1.17,0,0.05,1,1,0,5,0.006,99.6,11,0,0,0,7,63.6,5,66.7,0,0,2,1,50,2,0,0,0,4.05,0.969,1945.5,0,0,0,21.1,15.9,21.1,15.9,5.2,0.03,0.02,15.9
2025,86,Carolina Panthers,1,6,CAR,100,5.4945054945054945,637,10,0.24,0.02,9.8,98,150,15,18.75,8,80,93,11.63,49,6.13,1,0.11,1,2,0,5,0.008,152.1,8,0,0,0,9,90,1,37.5,0,0,2,1,50,0,3,0.38,0,7.4,1.278,1820,0,0,0,29,15.6,29,15.6,13.4,0.05,0.02,15.6
2025,87,Jacksonville Jaguars,1,12,JAX,100,8.627450980392156,911,22,0.16,0.02,9.95,219,149,6.77,9.93,15,68.2,35,2.33,18,1.2,0,0.11,2,2,0,7,0.008,87.1,20,0,1,4.5,16,72.7,3,6.7,1,4.5,10,7,70,0,1,0.07,0,-1.18,0.091,1159.1,0,0,0,29.9,25.9,29.9,25.93,3.97,0.03,0.03,25.9
2025,88,Cleveland Browns,1,15,CLV,100,7.303370786516854,652,13,0.23,0.02,15.15,197,148,11.38,16.44,9,69.2,45,5,20,2.22,2,1.58,2,3,2,6,0.009,146.8,9,0,1,7.7,10,76.9,3,37.5,1,7.7,1,1,100,0,5,0.56,0,2.17,0.605,1369.2,0,0,0,35.8,32.7,35.8,32.74,3.06,0.05,0.05,32.7
2025,89,Pittsburgh Steelers,1,2,PIT,100,5.579399141630901,807,13,0.18,0.02,15.23,198,148,11.38,16.44,9,69.2,36,4,16,1.78,1,1.07,0,1,1,7,0.009,100.8,10,0,1,7.7,10,76.9,3,22.2,0,0,2,1,50,0,1,0.11,0,1.85,0.474,1792.3,0,0,0,29.8,26.5,29.8,26.53,3.27,0.04,0.03,26.5
2025,90,Tennessee Titans,1,13,TEN,100,7.142857142857142,699,14,0.21,0.02,13.93,195,148,10.57,16.44,9,64.3,53,5.89,11,1.22,2,1.77,2,3,2,7,0.01,139.3,13,0,1,7.1,10,71.4,6,37.5,0,0,1,0,0,0,0,0,0,1.82,0.796,1400,0,0,0,35.8,31.9,35.8,31.93,3.87,0.05,0.05,31.9
2025,91,Las Vegas Raiders,1,4,LV,100,7.425742574257425,715,15,0.21,0.02,9.27,139,147,9.8,12.25,12,80,62,5.17,13,1.08,1,0.51,3,1,0,8,0.011,129.7,11,0,2,13.3,13,86.7,2,20,1,6.7,1,1,100,0,1,0.08,0,1.74,0.797,1346.7,0,0,0,32.7,28.7,32.7,28.7,4,0.05,0.04,28.7
2025,92,Jacksonville Jaguars,1,3,JAX,100,5.88235294117647,911,15,0.16,0.02,10,150,146,9.73,12.17,12,80,63,5.25,24,2,1,0.48,0,0,0,6,0.007,129.4,13,0,2,13.3,14,93.3,3,8.3,1,6.7,1,0,0,0,3,0.25,0,2.08,0.482,1700,0,0,0,32.6,30.9,32.6,30.87,1.73,0.04,0.03,30.9
2025,93,Tampa Bay Buccaneers,1,12,TB,100,8.144796380090497,818,18,0.18,0.02,10.72,193,146,8.11,12.17,12,66.7,26,2.17,12,1,2,2.12,3,4,2,10,0.012,128.5,12,0,1,5.6,14,77.8,1,18.2,1,5.6,2,1,50,0,1,0.08,0,-0.39,0.46,1227.8,0,0,0,38.6,42.5,38.6,42.51,-3.91,0.05,0.05,42.5
2025,94,Seattle Seahawks,1,6,SEA,100,9.950248756218906,724,20,0.2,0.03,14.7,294,145,7.25,11.15,13,65,20,1.54,5,0.38,2,1.18,0,1,0,8,0.011,119.8,16,0,1,5,16,80,6,23.1,2,10,5,4,80,1,0,0,0,-1.92,0.466,1005,0,0,0,39.5,39.4,39.5,39.43,0.07,0.05,0.05,39.4
2025,95,Buffalo Bills,1,1,BUF,100,6.626506024096386,591,11,0.24,0.02,12.91,142,144,13.09,16,9,81.8,64,7.11,5,0.56,2,0.45,0,1,0,5,0.008,158.3,9,0,1,9.1,9,81.8,4,44.4,0,0,3,3,100,1,0,0,0,4.28,0.833,1509.1,0,0,0,35.4,19.6,35.4,19.61,15.79,0.06,0.03,19.6
2025,96,New York Giants,1,2,NYG,100,6.666666666666667,765,14,0.19,0.02,12.29,172,144,10.29,13.09,11,78.6,38,3.45,23,2.09,1,0.5,3,3,1,7,0.009,133.3,13,0,1,7.1,12,85.7,4,22.2,1,7.1,1,1,100,0,0,0,0,1.76,0.632,1500,0,0,0,31.4,25.6,31.4,25.57,5.83,0.04,0.03,25.6
2025,97,New York Jets,1,16,NYJ,100,11.578947368421053,606,22,0.24,0.04,10.73,236,144,6.55,11.08,13,59.1,73,5.62,20,1.54,0,0.16,1,0,0,8,0.013,78.6,22,0,2,9.1,15,68.2,4,7.7,1,4.5,1,0,0,0,2,0.15,0,-1.92,0.062,863.6,0,0,0,27.4,29.2,27.4,29.2,-1.8,0.05,0.05,29.2
2025,98,Tennessee Titans,1,5,TEN,100,6.122448979591836,699,12,0.21,0.02,10.42,125,144,12,13.09,11,91.7,38,3.45,12,1.09,0,0.17,1,0,0,6,0.009,116.7,8,0,1,8.3,11,91.7,1,20,0,0,1,1,100,1,2,0.18,0,3.69,0.848,1633.3,0,0,0,25.4,22.8,25.4,22.82,2.58,0.04,0.03,22.8
2025,99,Dallas Cowboys,1,7,DAL,100,5.911330049261084,748,12,0.19,0.02,16.5,198,143,11.92,20.43,7,58.3,34,4.86,22,3.14,0,0.05,0,1,0,5,0.007,100.3,9,0,0,0,7,58.3,3,28.6,0,0,2,1,50,0,0,0,0,2.07,0.441,1691.7,0,0,0,21.3,17.7,21.3,17.68,3.62,0.03,0.02,17.7
2025,100,Los Angeles Chargers,1,16,LAC,100,6.0606060606060606,719,12,0.2,0.02,11.08,133,142,11.83,15.78,9,75,32,3.56,10,1.11,2,1.86,3,1,1,6,0.008,153.5,11,0,0,0,10,83.3,2,42.9,1,8.3,2,2,100,0,0,0,0,3.79,0.942,1650,0,0,0,35.2,30.6,35.2,30.64,4.56,0.05,0.04,30.6
2025,101,Chicago Bears,1,3,CHI,100,9.72972972972973,656,18,0.21,0.03,8.89,160,141,7.83,11.75,12,66.7,38,3.17,13,1.08,1,0.8,5,4,1,9,0.014,69.2,17,0,0,0,13,72.2,2,27.3,1,5.6,2,1,50,2,0,0,0,0.13,0.073,1027.8,0,0,0,32.1,28.2,32.1,28.2,3.9,0.05,0.04,28.2
2025,102,Los Angeles Chargers,1,5,LAC,100,5.555555555555555,719,11,0.2,0.02,14,154,141,12.82,15.67,9,81.8,27,3,11,1.22,1,1.93,3,2,1,5,0.007,149.1,8,0,2,18.2,10,90.9,3,28.6,1,9.1,3,3,100,1,0,0,0,3.56,1.093,1800,0,0,0,29.1,32.3,29.1,32.27,-3.17,0.04,0.04,32.3
2025,103,Pittsburgh Steelers,1,8,PIT,100,4.291845493562231,807,10,0.17,0.01,17.3,173,141,14.1,17.63,8,80,36,4.5,20,2.5,0,0.52,0,0,0,6,0.007,118.8,10,0,1,10,9,90,3,37.5,1,10,2,2,100,0,2,0.25,0,4.09,0.887,2330,0,0,0,22.1,22.8,22.1,22.8,-0.7,0.03,0.03,22.8
2025,104,Las Vegas Raiders,1,1,LV,100,7.920792079207921,715,16,0.2,0.02,12.88,206,140,8.75,12.73,11,68.8,8,0.73,4,0.36,0,0.05,0,1,0,8,0.011,69.8,14,0,1,6.3,14,87.5,4,18.2,1,6.3,3,2,66.7,0,1,0.09,0,-0.19,0.391,1262.5,0,0,0,25,29.1,25,29.15,-4.15,0.03,0.04,29.1
2025,105,Detroit Lions,1,13,DET,100,6.578947368421052,836,15,0.17,0.02,13.93,209,139,9.27,13.9,10,66.7,18,1.8,1,0.1,3,3.13,3,2,2,6,0.007,135.8,12,0,1,6.7,14,93.3,4,28.6,2,13.3,5,3,60,0,0,0,0,0.41,0.977,1520,0,0,0,41.9,49.1,41.9,49.06,-7.16,0.05,0.06,49.1
2025,106,Las Vegas Raiders,1,2,LV,100,5.9405940594059405,715,12,0.19,0.02,15.5,186,139,11.58,23.17,6,50,35,5.83,12,2,1,0.48,0,0,0,4,0.006,119.8,10,0,0,0,9,75,3,50,2,16.7,1,0,0,0,0,0,0,2.22,0.571,1683.3,0,0,0,25.9,25.6,25.9,25.63,0.27,0.04,0.04,25.6
2025,107,New Orleans Saints,1,2,NO,100,5.376344086021505,657,10,0.21,0.02,12.8,128,139,13.9,17.38,8,80,45,5.63,11,1.38,1,0.31,0,0,0,7,0.011,152.1,9,0,0,0,8,80,0,25,0,0,1,1,100,0,0,0,0,4.38,1.162,1860,0,0,0,27.9,20.5,27.9,20.46,7.44,0.04,0.03,20.5
2025,108,Denver Broncos,1,13,DEN,100,9.049773755656108,809,20,0.17,0.02,15.9,318,138,6.9,13.8,10,50,30,3,3,0.3,2,1.38,5,5,2,7,0.009,105.8,17,0,1,5,15,75,5,25,1,5,7,2,28.6,1,0,0,0,-2.87,0.486,1105,0,0,0,35.8,34.1,35.8,34.1,1.7,0.04,0.04,34.1
2025,109,Tennessee Titans,1,8,TEN,100,6.63265306122449,699,13,0.2,0.02,14.77,192,138,10.62,13.8,10,76.9,21,2.1,11,1.1,1,0.96,1,1,1,6,0.009,136.1,12,0,1,7.7,10,76.9,3,22.2,0,0,5,5,100,2,1,0.1,0,1.6,0.547,1507.7,0,0,0,29.8,23.6,29.8,23.64,6.16,0.04,0.03,23.6
2025,110,New York Giants,1,4,NYG,100,9.523809523809524,765,20,0.18,0.03,8.95,179,137,6.85,10.54,13,65,25,1.92,15,1.15,1,0.41,0,0,0,5,0.007,101.5,16,0,1,5,16,80,3,15.4,2,10,1,0,0,0,1,0.08,0,-0.63,0.15,1050,0,0,0,32.7,35.1,32.7,35.08,-2.38,0.04,0.05,35.1
2025,111,New York Jets,1,15,NYJ,100,6.315789473684211,606,12,0.23,0.02,18.25,219,137,11.42,19.57,7,58.3,14,2,6,0.86,0,1.29,3,2,0,5,0.008,98.3,10,0,0,0,9,75,4,50,2,16.7,3,2,66.7,0,0,0,0,1.76,0.643,1583.3,0,0,0,20.7,30.9,20.7,30.89,-10.19,0.03,0.05,30.9
2025,112,Carolina Panthers,1,15,CAR,100,7.6923076923076925,637,14,0.21,0.02,10.93,153,136,9.71,13.6,10,71.4,22,2.2,5,0.5,1,0.77,1,0,0,8,0.013,125.9,10,0,0,0,12,85.7,0,0,1,7.1,5,3,60,2,0,0,0,1.08,0.798,1300,0,0,0,29.6,28.8,29.6,28.76,0.84,0.05,0.05,28.8
2025,113,Los Angeles Rams,1,4,LA,100,6.161137440758294,775,13,0.18,0.02,18,234,136,10.46,17,8,61.5,60,7.5,46,5.75,1,0.94,1,1,1,4,0.005,83,13,0,1,7.7,9,69.2,6,14.3,0,0,2,1,50,1,2,0.25,0,0.75,-0.434,1623.1,0,0,0,27.6,22.8,27.6,22.75,4.85,0.04,0.03,22.8
2025,114,New York Giants,1,13,NYG,100,7.6190476190476195,765,16,0.18,0.02,13.25,212,136,8.5,10.46,13,81.3,13,1,1,0.08,2,2.98,5,4,2,8,0.01,141.7,13,0,0,0,14,87.5,3,11.1,1,6.3,7,6,85.7,0,0,0,0,-0.12,0.846,1312.5,0,0,0,38.6,41.8,38.6,41.77,-3.17,0.05,0.05,41.8
2025,115,Green Bay Packers,1,6,GB,100,9.345794392523365,786,20,0.17,0.03,8.55,171,135,6.75,9.64,14,70,31,2.21,7,0.5,1,0.58,4,0,0,9,0.011,105.2,17,0,0,0,16,80,1,0,2,10,4,1,25,2,0,0,0,-1.01,0.39,1070,0,0,0,33.5,31.7,33.5,31.67,1.83,0.04,0.04,31.7
2025,116,Miami Dolphins,1,10,MIA,100,7.777777777777778,640,14,0.21,0.02,16.57,232,135,9.64,15,9,64.3,39,4.33,6,0.67,1,0.14,0,0,0,5,0.008,119.6,9,0,1,7.1,10,71.4,6,44.4,0,0,3,2,66.7,0,1,0.11,0,0.19,0.497,1285.7,0,0,0,28.5,19.8,28.5,19.83,8.67,0.04,0.03,19.8
2025,117,New York Giants,1,1,NYG,100,5.714285714285714,765,12,0.18,0.02,16.33,196,134,11.17,16.75,8,66.7,23,2.88,11,1.38,0,0.06,1,1,0,6,0.008,104.2,9,0,0,0,9,75,3,12.5,1,8.3,1,1,100,0,0,0,0,1.31,0.715,1750,0,0,0,21.4,23.2,21.4,23.23,-1.83,0.03,0.03,23.2
2025,118,Atlanta Falcons,1,6,ATL,100,6.976744186046512,779,15,0.17,0.02,13,195,133,8.87,13.3,10,66.7,32,3.2,12,1.2,0,0.06,0,0,0,4,0.005,94.6,13,0,0,0,10,66.7,4,10,0,0,1,0,0,0,2,0.2,0,0.44,0.167,1433.3,0,0,0,23.3,21.8,23.3,21.77,1.53,0.03,0.03,21.8
2025,119,Cincinnati Bengals,1,2,CIN,100,12.154696132596685,647,22,0.21,0.03,10.59,233,133,6.05,10.23,13,59.1,40,3.08,21,1.62,1,2.94,6,4,1,9,0.014,91.7,17,0,3,13.6,20,90.9,1,8.3,5,22.7,6,3,50,0,2,0.15,0,-2.4,0.311,822.7,0,0,0,32.3,49.4,32.3,49.38,-17.08,0.05,0.08,49.4
2025,120,Green Bay Packers,1,13,GB,100,4.672897196261682,786,10,0.17,0.01,10,100,132,13.2,18.86,7,70,56,8,34,4.86,1,0.58,1,0,0,6,0.008,145.8,7,0,1,10,8,80,0,33.3,1,10,0,0,0,0,2,0.29,0,4.86,0.588,2140,0,0,0,26.2,20.4,26.2,20.45,5.75,0.03,0.03,20.4
2025,121,Kansas City Chiefs,1,5,KC,100,5.555555555555555,643,10,0.21,0.02,14.3,143,132,13.2,22,6,60,28,4.67,6,1,0,0.26,2,0,0,4,0.006,64.6,7,0,0,0,8,80,2,50,0,0,3,1,33.3,1,1,0.17,0,4.25,0.111,1800,0,0,0,19.2,16.7,19.2,16.67,2.53,0.03,0.03,16.7
2025,122,Los Angeles Rams,1,11,LA,100,8.530805687203792,775,18,0.17,0.02,11.22,202,132,7.33,12,11,61.1,33,3,18,1.64,0,0.59,2,2,0,8,0.01,44,14,0,0,0,13,72.2,3,20,1,5.6,3,2,66.7,1,1,0.09,0,-0.91,-0.351,1172.2,0,0,0,24.2,28,24.2,28,-3.8,0.03,0.04,28
2025,123,Denver Broncos,1,2,DEN,100,6.787330316742081,809,15,0.16,0.02,14.6,219,131,8.73,11.91,11,73.3,17,1.55,9,0.82,0,0.36,2,1,0,8,0.01,99.6,15,0,0,0,12,80,3,9.1,1,6.7,2,2,100,0,0,0,0,-0.06,0.399,1473.3,0,0,0,24.1,25.5,24.1,25.53,-1.43,0.03,0.03,25.5
2025,124,Green Bay Packers,1,18,GB,100,6.074766355140187,786,13,0.17,0.02,10.15,132,131,10.08,14.56,9,69.2,41,4.56,9,1,0,0.12,2,2,0,6,0.008,101.8,11,0,1,7.7,9,69.2,1,11.1,0,0,2,1,50,1,2,0.22,0,1.78,0.519,1646.2,0,0,0,22.1,21.1,22.1,21.1,1,0.03,0.03,21.1
2025,125,Jacksonville Jaguars,1,14,JAX,100,7.0588235294117645,911,18,0.14,0.02,9.44,170,131,7.28,10.92,12,66.7,53,4.42,17,1.42,0,0.45,2,2,0,8,0.009,48.4,13,0,1,5.6,14,77.8,3,16.7,0,0,3,1,33.3,0,0,0,0,-0.46,0.001,1416.7,0,0,0,25.1,26.8,25.1,26.76,-1.66,0.03,0.03,26.8
2025,126,Philadelphia Eagles,1,5,PHI,100,7.0754716981132075,780,15,0.17,0.02,14.67,220,131,8.73,11.91,11,73.3,46,4.18,45,4.09,0,0.03,0,0,0,7,0.009,99.6,14,0,1,6.7,13,86.7,3,18.2,1,6.7,2,1,50,0,4,0.36,0,-0.13,0.448,1413.3,0,0,0,24.1,25.3,24.1,25.27,-1.17,0.03,0.03,25.3
2025,127,New York Giants,1,8,NYG,100,4.285714285714286,765,9,0.17,0.01,13.67,123,130,14.44,16.25,8,88.9,31,3.88,11,1.38,2,0.72,2,1,0,7,0.009,158.3,8,0,0,0,8,88.9,2,28.6,0,0,1,1,100,1,0,0,0,5.33,1.41,2333.3,0,0,0,33,21.1,33,21.14,11.86,0.04,0.03,21.1
2025,128,New York Jets,1,11,NYJ,100,7.894736842105263,606,15,0.21,0.02,17.27,259,130,8.67,14.44,9,60,53,5.89,11,1.22,0,0.19,0,0,0,8,0.013,88.2,9,0,0,0,12,80,5,22.2,2,13.3,2,0,0,0,0,0,0,-0.73,0.364,1266.7,0,0,0,22,26,22,26.02,-4.02,0.04,0.04,26
2025,129,Washington Commanders,1,18,WAS,100,10.152284263959391,705,20,0.18,0.03,13.05,261,130,6.5,13,10,50,23,2.3,12,1.2,0,0.07,3,1,0,7,0.01,70.8,15,0,0,0,11,55,3,11.1,1,5,3,3,100,1,0,0,0,-2.25,-0.186,985,0,0,0,23,21.2,23,21.2,1.8,0.03,0.03,21.2
2025,130,Los Angeles Rams,1,9,LA,100,5.687203791469194,775,12,0.17,0.02,12.75,153,129,10.75,16.13,8,66.7,24,3,10,1.25,0,0.07,0,0,0,6,0.008,102.4,11,0,1,8.3,10,83.3,3,37.5,0,0,3,1,33.3,0,0,0,0,2.04,0.354,1758.3,0,0,0,20.9,20.5,20.9,20.53,0.37,0.03,0.03,20.5
2025,131,Miami Dolphins,1,1,MIA,100,7.777777777777778,640,14,0.2,0.02,9.93,139,129,9.21,14.33,9,64.3,18,2,6,0.67,1,0.79,1,1,0,6,0.009,117.9,12,0,2,14.3,10,71.4,1,22.2,0,0,1,0,0,0,0,0,0,1.06,0.509,1285.7,0,0,0,27.9,28.3,27.9,28.28,-0.38,0.04,0.04,28.3
2025,132,Dallas Cowboys,1,14,DAL,100,4.433497536945813,748,9,0.17,0.01,18.44,166,128,14.22,21.33,6,66.7,48,8,12,2,0,0.06,0,2,0,4,0.005,109.7,8,0,0,0,6,66.7,3,50,0,0,2,2,100,0,0,0,0,3.85,1.048,2255.6,0,0,0,18.8,13.6,18.8,13.56,5.24,0.03,0.02,13.6
2025,133,New England Patriots,1,5,NE,100,8.673469387755102,718,17,0.18,0.02,9.35,159,128,7.53,10.67,12,70.6,53,4.42,9,0.75,2,1.41,3,2,1,9,0.013,131.5,10,0,3,17.6,15,88.2,4,33.3,2,11.8,3,3,100,0,0,0,0,-0.28,0.23,1152.9,0,0,0,36.8,32.6,36.8,32.59,4.21,0.05,0.05,32.6
2025,134,Cleveland Browns,1,5,CLV,100,8.426966292134832,652,15,0.19,0.02,10.13,152,127,8.47,11.55,11,73.3,47,4.27,10,0.91,1,0.56,2,0,0,7,0.011,120.7,13,0,2,13.3,12,80,2,33.3,1,6.7,2,1,50,1,1,0.09,0,0.07,0.619,1186.7,0,0,0,29.7,26.3,29.7,26.3,3.4,0.05,0.04,26.3
2025,135,Houston Texans,1,18,HST,100,5.46448087431694,666,10,0.19,0.02,21.1,211,127,12.7,42.33,3,30,36,12,8,2.67,2,2.47,3,3,1,3,0.005,118.8,9,0,0,0,8,80,3,100,3,30,1,0,0,0,0,0,0,1.77,0.708,1830,0,0,0,27.7,33.9,27.7,33.95,-6.25,0.04,0.05,33.9
2025,136,Jacksonville Jaguars,1,4,JAX,100,5.490196078431373,911,14,0.14,0.02,12.21,171,127,9.07,15.88,8,57.1,32,4,11,1.38,0,0.37,2,1,0,6,0.007,57.7,12,0,0,0,12,85.7,3,28.6,3,21.4,6,4,66.7,1,0,0,0,0.47,0.087,1821.4,0,0,0,20.7,22.6,20.7,22.62,-1.92,0.02,0.02,22.6
2025,137,Los Angeles Rams,1,2,LA,100,7.5829383886255926,775,16,0.16,0.02,8.56,137,127,7.94,11.55,11,68.8,49,4.45,9,0.82,1,0.47,2,1,0,9,0.012,113.3,13,0,1,6.3,12,75,0,30,0,0,2,1,50,1,1,0.09,0,0.22,0.585,1318.8,0,0,0,29.7,24.4,29.7,24.42,5.28,0.04,0.03,24.4
2025,138,Tampa Bay Buccaneers,1,8,TB,100,11.76470588235294,818,26,0.15,0.03,11.12,289,126,4.85,7.88,16,61.5,33,2.06,11,0.69,0,0.04,1,1,0,6,0.007,73.6,17,0,2,7.7,18,69.2,6,6.3,0,0,5,3,60,0,1,0.06,0,-3.37,-0.298,850,0,0,0,28.6,31.1,28.6,31.1,-2.5,0.03,0.04,31.1
2025,139,San Francisco 49ers,1,8,SF,100,7.4866310160427805,672,14,0.19,0.02,10.64,149,125,8.93,12.5,10,71.4,29,2.9,11,1.1,0,0.52,1,0,0,6,0.009,98.8,14,0,0,0,11,78.6,2,10,0,0,2,2,100,0,1,0.1,0,0.8,0.404,1335.7,0,0,0,22.5,26.8,22.5,26.84,-4.34,0.03,0.04,26.8
2025,140,Baltimore Ravens,1,13,BLT,100,8.59375,916,22,0.14,0.02,13.73,302,124,5.64,15.5,8,36.4,8,1,3,0.38,0,1.78,5,3,0,6,0.007,55.9,17,0,0,0,13,59.1,5,12.5,2,9.1,6,3,50,0,0,0,0,-3.36,0.064,1163.6,0,0,0,20.4,35,20.4,34.97,-14.57,0.02,0.04,35
2025,141,New England Patriots,1,16,NE,100,6.63265306122449,718,13,0.17,0.02,11.69,152,124,9.54,13.78,9,69.2,16,1.78,4,0.44,0,0.04,0,0,0,6,0.008,99.5,10,0,0,0,10,76.9,0,0,1,7.7,3,3,100,0,0,0,0,0.72,0.58,1507.7,0,0,0,21.4,20.4,21.4,20.4,1,0.03,0.03,20.4
2025,142,Tennessee Titans,1,9,TEN,100,6.63265306122449,699,13,0.18,0.02,15.31,199,124,9.54,15.5,8,61.5,45,5.63,9,1.13,1,1.39,2,2,1,6,0.009,86.7,9,0,2,15.4,10,76.9,5,42.9,0,0,3,2,66.7,0,1,0.13,0,0.33,0.085,1507.7,0,0,0,26.4,27.7,26.4,27.66,-1.26,0.04,0.04,27.7
2025,143,Minnesota Vikings,1,9,MIN,100,9.523809523809524,535,14,0.23,0.03,11.86,166,123,8.79,13.67,9,64.3,43,4.78,20,2.22,1,0.86,2,2,0,4,0.007,116.1,11,0,1,7.1,11,78.6,2,12.5,2,14.3,0,0,0,0,1,0.11,0,0.32,0.553,1050,0,0,0,27.3,27.4,27.3,27.39,-0.09,0.05,0.05,27.4
2025,144,Washington Commanders,1,17,WAS,100,9.644670050761421,705,19,0.17,0.03,13.95,265,123,6.47,12.3,10,52.6,56,5.6,34,3.4,0,0.29,1,2,0,7,0.01,72.9,14,0,1,5.3,14,73.7,4,20,1,5.3,4,2,50,0,2,0.2,0,-2.49,0.177,1036.8,0,0,0,22.3,28.8,22.3,28.76,-6.46,0.03,0.04,28.8
2025,145,Washington Commanders,1,9,WAS,100,3.5532994923857872,705,7,0.17,0.01,10.14,71,123,17.57,20.5,6,85.7,71,11.83,51,8.5,2,1.01,1,1,1,4,0.006,158.3,4,0,0,0,6,85.7,0,40,0,0,2,2,100,0,2,0.33,0,9.22,1.271,2814.3,0,0,0,30.3,17.4,30.3,17.39,12.91,0.04,0.02,17.4
2025,146,Baltimore Ravens,1,4,BLT,100,4.6875,916,12,0.13,0.01,13.75,165,122,10.17,17.43,7,58.3,48,6.86,13,1.86,1,1.09,2,2,1,5,0.005,120.8,11,0,1,8.3,7,58.3,3,33.3,0,0,0,0,0,0,1,0.14,0,1.4,0.618,2133.3,0,0,0,25.2,22.7,25.2,22.74,2.46,0.03,0.02,22.7
2025,147,Baltimore Ravens,1,9,BLT,100,5.078125,916,13,0.13,0.01,8.69,113,122,9.38,13.56,9,69.2,43,4.78,21,2.33,0,0.04,0,0,0,6,0.007,98.9,11,0,1,7.7,10,76.9,0,22.2,1,7.7,4,4,100,0,1,0.11,0,1.76,0.281,1969.2,0,0,0,21.2,17.8,21.2,17.83,3.37,0.02,0.02,17.8
2025,148,Denver Broncos,1,9,DEN,100,6.787330316742081,809,15,0.15,0.02,12.13,182,122,8.13,12.2,10,66.7,47,4.7,12,1.2,0,0.65,1,0,0,5,0.006,91.5,14,0,1,6.7,11,73.3,5,22.2,0,0,2,2,100,0,0,0,0,-0.47,0.33,1473.3,0,0,0,22.2,24.2,22.2,24.19,-1.99,0.03,0.03,24.2
2025,149,Houston Texans,1,3,HST,100,10.382513661202186,666,19,0.18,0.03,11.53,219,122,6.42,12.2,10,52.6,56,5.6,14,1.4,0,0.09,0,0,0,6,0.009,50.8,17,0,2,10.5,14,73.7,3,10,2,10.5,1,0,0,0,4,0.4,0,-1.85,-0.057,963.2,0,0,0,22.2,29.3,22.2,29.26,-7.06,0.03,0.04,29.3
2025,150,Miami Dolphins,1,6,MIA,100,7.222222222222221,640,13,0.19,0.02,9.38,122,122,9.38,12.2,10,76.9,69,6.9,11,1.1,0,0.21,4,1,0,6,0.009,105.3,9,0,2,15.4,10,76.9,3,25,0,0,2,2,100,0,5,0.5,0,1.45,0.572,1384.6,0,0,0,22.2,19,22.2,19,3.2,0.03,0.03,19
2025,151,New Orleans Saints,1,4,NO,100,4.838709677419355,657,9,0.19,0.01,10.89,98,122,13.56,17.43,7,77.8,61,8.71,41,5.86,1,0.14,1,0,0,6,0.009,116.2,9,0,1,11.1,7,77.8,2,28.6,0,0,1,1,100,0,2,0.29,0,5.26,1.029,2066.7,0,0,0,25.2,16,25.2,16.01,9.19,0.04,0.02,16
2025,152,San Francisco 49ers,1,7,SF,100,6.951871657754011,672,13,0.18,0.02,17.46,227,122,9.38,15.25,8,61.5,21,2.63,10,1.25,0,0.05,0,0,0,6,0.009,92.5,11,0,0,0,9,69.2,4,12.5,1,7.7,1,1,100,1,0,0,0,-0.46,0.275,1438.5,0,0,0,20.2,23.5,20.2,23.45,-3.25,0.03,0.03,23.5
2025,153,Kansas City Chiefs,1,6,KC,100,7.222222222222221,643,13,0.19,0.02,5.46,71,121,9.31,10.08,12,92.3,62,5.17,21,1.75,1,0.23,2,0,0,7,0.011,131.1,8,0,1,7.7,13,100,0,20,1,7.7,1,1,100,0,2,0.17,0,2.49,0.452,1384.6,0,0,0,30.1,23.9,30.1,23.92,6.18,0.05,0.04,23.9
2025,154,Los Angeles Rams,1,3,LA,100,4.265402843601896,775,9,0.16,0.01,11.78,106,121,13.44,17.29,7,77.8,38,5.43,33,4.71,1,0.55,2,1,1,4,0.005,155.8,8,0,0,0,9,100,1,60,0,0,4,2,50,1,1,0.14,0,5.36,1.239,2344.4,0,0,0,25.1,19.1,25.1,19.06,6.04,0.03,0.02,19.1
2025,155,Los Angeles Rams,1,5,LA,100,5.687203791469194,775,12,0.16,0.02,11.17,134,121,10.08,15.13,8,66.7,47,5.88,36,4.5,0,1.07,1,1,0,6,0.008,99.7,11,0,0,0,10,83.3,1,14.3,1,8.3,1,1,100,0,1,0.13,0,1.73,0.655,1758.3,0,0,0,20.1,26.5,20.1,26.54,-6.44,0.03,0.03,26.5
2025,156,Buffalo Bills,1,9,BUF,100,5.421686746987952,591,9,0.2,0.02,25.44,229,120,13.33,24,5,55.6,26,5.2,9,1.8,0,0.21,0,0,0,5,0.008,60.9,7,0,0,0,5,55.6,5,60,0,0,0,0,0,0,0,0,0,1.42,0.934,1844.4,0,0,0,17,15.8,17,15.83,1.17,0.03,0.03,15.8
2025,157,Chicago Bears,1,10,CHI,100,5.9459459459459465,656,11,0.18,0.02,14.09,155,120,10.91,17.14,7,63.6,24,3.43,7,1,0,0.06,2,2,0,6,0.009,100.6,6,0,0,0,8,72.7,4,28.6,0,0,5,1,20,1,0,0,0,1.87,0.749,1681.8,0,0,0,19,17.4,19,17.45,1.55,0.03,0.03,17.4
2025,158,New England Patriots,1,6,NE,100,4.591836734693878,718,9,0.17,0.01,15.78,142,120,13.33,20,6,66.7,23,3.83,5,0.83,0,0.06,0,0,0,4,0.006,109.7,5,0,0,0,7,77.8,3,33.3,1,11.1,1,0,0,0,1,0.17,0,3.9,0.614,2177.8,0,0,0,18,17.6,18,17.63,0.37,0.03,0.02,17.6
2025,159,Tampa Bay Buccaneers,1,16,TB,100,5.429864253393665,818,12,0.15,0.01,10.75,129,120,10,13.33,9,75,29,3.22,8,0.89,2,1.93,1,2,2,7,0.009,145.8,9,0,1,8.3,10,83.3,2,25,0,0,1,1,100,0,3,0.33,0,1.82,1.034,1841.7,0,0,0,33,32.1,33,32.05,0.95,0.04,0.04,32.1
2025,160,Tennessee Titans,1,3,TEN,100,4.591836734693878,699,9,0.17,0.01,10.56,95,120,13.33,15,8,88.9,30,3.75,13,1.63,1,0.85,1,0,0,6,0.009,155.8,7,0,0,0,9,100,0,12.5,1,11.1,0,0,0,0,2,0.25,0,4.5,1.055,2177.8,0,0,0,26,25.2,26,25.19,0.81,0.04,0.04,25.2
2025,161,Atlanta Falcons,1,13,ATL,100,7.906976744186046,779,17,0.15,0.02,11.53,196,119,7,11.9,10,58.8,19,1.9,6,0.6,1,0.95,3,1,0,4,0.005,99.9,15,0,1,5.9,13,76.5,2,11.1,2,11.8,1,0,0,0,0,0,0,-0.98,0.068,1264.7,0,0,0,27.9,32,27.9,32.02,-4.12,0.04,0.04,32
2025,162,Carolina Panthers,1,4,CAR,100,4.395604395604396,637,8,0.19,0.01,13.25,106,119,14.88,17,7,87.5,28,4,5,0.71,1,2.24,3,1,1,6,0.009,158.3,5,0,0,0,7,87.5,1,75,0,0,0,0,0,0,0,0,0,5.61,1.883,2275,0,0,0,24.9,30.4,24.9,30.42,-5.52,0.04,0.05,30.4
2025,163,Cleveland Browns,1,18,CLV,100,7.865168539325842,652,14,0.18,0.02,12.79,179,119,8.5,11.9,10,71.4,31,3.1,6,0.6,2,1.34,3,2,2,8,0.012,136.6,11,0,0,0,13,92.9,2,25,0,0,6,3,50,0,2,0.2,0,-0.04,0.624,1271.4,0,0,0,33.9,29.9,33.9,29.88,4.02,0.05,0.05,29.9
2025,164,Cleveland Browns,1,6,CLV,100,6.741573033707865,652,12,0.18,0.02,14.5,174,119,9.92,19.83,6,50,46,7.67,21,3.5,1,1.06,0,1,1,6,0.009,112.8,11,0,0,0,8,66.7,4,66.7,0,0,3,0,0,0,1,0.17,0,1.15,0.49,1483.3,0,0,0,23.9,22.9,23.9,22.9,1,0.04,0.04,22.9
2025,165,Las Vegas Raiders,1,15,LV,100,2.4752475247524752,715,5,0.17,0.01,17,85,119,23.8,23.8,5,100,34,6.8,13,2.6,0,0.17,0,0,0,5,0.007,118.8,5,0,0,0,5,100,1,40,0,0,1,1,100,0,0,0,0,13.62,1.929,4040,0,0,0,16.9,13.9,16.9,13.92,2.98,0.02,0.02,13.9
2025,166,New England Patriots,1,10,NE,100,9.183673469387756,718,18,0.17,0.03,11.56,208,119,6.61,14.88,8,44.4,37,4.63,7,0.88,1,0.63,4,2,1,6,0.008,85.2,13,0,1,5.6,12,66.7,1,42.9,1,5.6,5,2,40,0,1,0.13,0,-2.1,0.118,1088.9,0,0,0,25.9,24.3,25.9,24.33,1.57,0.04,0.03,24.3
2025,167,Green Bay Packers,1,11,GB,100,7.943925233644859,786,17,0.15,0.02,10.82,184,118,6.94,10.73,11,64.7,14,1.27,1,0.09,0,0.08,1,1,0,7,0.009,60.4,11,0,0,0,14,82.4,2,18.2,1,5.9,5,3,60,0,0,0,0,-1.24,0.38,1258.8,0,0,0,22.8,26.3,22.8,26.32,-3.52,0.03,0.03,26.3
2025,168,Jacksonville Jaguars,1,16,JAX,100,5.88235294117647,911,15,0.13,0.02,13,195,118,7.87,11.8,10,66.7,28,2.8,12,1.2,0,0.7,2,2,0,5,0.005,62.6,10,0,1,6.7,12,80,2,22.2,1,6.7,3,2,66.7,1,1,0.1,0,-0.91,0.028,1700,0,0,0,21.8,26.3,21.8,26.35,-4.55,0.02,0.03,26.3
2025,169,New England Patriots,1,12,NE,100,8.673469387755102,718,17,0.16,0.02,13,221,118,6.94,11.8,10,58.8,24,2.4,15,1.5,1,0.69,1,1,1,6,0.008,99.6,12,0,0,0,12,70.6,3,0,2,11.8,3,2,66.7,0,1,0.1,0,-1.93,0.039,1152.9,0,0,0,27.8,25.2,27.8,25.16,2.64,0.04,0.04,25.2
2025,170,New York Giants,1,3,NYG,100,6.666666666666667,765,14,0.15,0.02,11.64,163,118,8.43,11.8,10,71.4,62,6.2,24,2.4,0,0.48,0,0,0,8,0.01,96.7,12,0,2,14.3,12,85.7,3,20,1,7.1,0,0,0,0,2,0.2,0,-0.2,0.603,1500,0,0,0,21.8,28.4,21.8,28.37,-6.57,0.03,0.04,28.4
2025,171,San Francisco 49ers,1,10,SF,100,6.951871657754011,672,13,0.18,0.02,12.69,165,118,9.08,13.11,9,69.2,47,5.22,27,3,2,1.28,2,1,1,9,0.013,137.2,9,0,2,15.4,11,84.6,3,28.6,1,7.7,3,2,66.7,0,2,0.22,0,0.22,0.863,1438.5,0,0,0,32.8,28.6,32.8,28.62,4.18,0.05,0.04,28.6
2025,172,Arizona Cardinals,1,14,ARZ,100,6.565656565656567,731,13,0.16,0.02,9.92,129,117,9,13,9,69.2,5,0.56,5,0.56,1,0.67,3,1,0,6,0.008,122.9,12,0,0,0,11,84.6,2,22.2,0,0,4,3,75,3,0,0,0,1.24,0.379,1523.1,0,0,0,26.7,24.6,26.7,24.56,2.14,0.04,0.03,24.6
2025,173,Atlanta Falcons,1,1,ATL,100,7.906976744186046,779,17,0.15,0.02,12.59,214,117,6.88,13,9,52.9,24,2.67,8,0.89,2,1.64,0,1,1,7,0.009,114.1,13,0,1,5.9,12,70.6,4,22.2,1,5.9,5,3,60,0,0,0,0,-1.58,0.45,1264.7,0,0,0,32.7,31.3,32.7,31.29,1.41,0.04,0.04,31.3
2025,174,Atlanta Falcons,1,8,ATL,100,4.651162790697675,779,10,0.15,0.01,7.9,79,117,11.7,16.71,7,70,66,9.43,16,2.29,2,0.98,3,0,0,5,0.006,148.8,9,0,1,10,8,80,0,16.7,1,10,0,0,0,0,1,0.14,0,4.06,0.954,2150,0,0,0,30.7,21.9,30.7,21.87,8.83,0.04,0.03,21.9
2025,175,Carolina Panthers,1,5,CAR,100,5.4945054945054945,637,10,0.18,0.02,14.5,145,117,11.7,16.71,7,70,15,2.14,7,1,1,0.74,2,0,0,6,0.009,142.5,10,0,1,10,7,70,2,40,0,0,2,2,100,0,0,0,0,2.54,0.875,1820,0,0,0,24.7,20.8,24.7,20.8,3.9,0.04,0.03,20.8
2025,176,Cincinnati Bengals,1,6,CIN,100,7.18232044198895,647,13,0.18,0.02,11,143,117,9,14.63,8,61.5,35,4.38,7,0.88,0,0.04,1,0,0,6,0.009,58.8,10,0,1,7.7,8,61.5,2,37.5,0,0,4,1,25,0,3,0.38,0,0.84,0.019,1392.3,0,0,0,19.7,16.6,19.7,16.6,3.1,0.03,0.03,16.6
2025,177,Green Bay Packers,1,16,GB,100,4.672897196261682,786,10,0.15,0.01,14.3,143,117,11.7,16.71,7,70,14,2,9,1.29,1,0.71,1,2,1,4,0.005,142.5,4,0,0,0,8,80,2,42.9,1,10,4,4,100,0,0,0,0,2.56,0.519,2140,0,0,0,24.7,19.1,24.7,19.09,5.61,0.03,0.02,19.1
2025,178,Las Vegas Raiders,1,6,LV,100,6.435643564356436,715,13,0.16,0.02,14.62,190,117,9,13,9,69.2,26,2.89,6,0.67,0,0.04,1,0,0,6,0.008,97.3,10,0,2,15.4,9,69.2,5,33.3,0,0,2,1,50,0,1,0.11,0,0.02,0.279,1553.8,0,0,0,20.7,20.5,20.7,20.52,0.18,0.03,0.03,20.5
2025,179,San Francisco 49ers,1,17,SF,100,5.347593582887701,672,10,0.17,0.01,9.8,98,117,11.7,19.5,6,60,48,8,10,1.67,0,0.1,2,1,0,4,0.006,100.8,5,0,0,0,7,70,1,60,0,0,2,1,50,0,0,0,0,3.68,0.537,1870,0,0,0,17.7,14.2,17.7,14.22,3.48,0.03,0.02,14.2
2025,180,Detroit Lions,1,3,DET,100,5.263157894736842,836,12,0.14,0.01,14.5,174,116,9.67,16.57,7,58.3,5,0.71,2,0.29,1,1.11,2,2,1,7,0.008,118.8,8,0,0,0,7,58.3,2,33.3,0,0,2,2,100,0,0,0,0,0.83,0.693,1900,0,0,0,24.6,21.4,24.6,21.35,3.25,0.03,0.03,21.4
2025,181,Indianapolis Colts,1,14,IND,100,5.128205128205128,830,12,0.14,0.01,17.83,214,116,9.67,16.57,7,58.3,17,2.43,3,0.43,2,2.04,3,2,2,5,0.006,130.6,9,0,0,0,9,75,4,50,1,8.3,3,2,66.7,0,0,0,0,0.16,0.78,1950,0,0,0,30.6,31.4,30.6,31.41,-0.81,0.04,0.04,31.4
2025,182,Indianapolis Colts,1,6,IND,100,5.982905982905983,830,14,0.14,0.02,14.36,201,116,8.29,11.6,10,71.4,28,2.8,6,0.6,0,0.12,2,0,0,5,0.006,66.4,11,0,1,7.1,10,71.4,4,33.3,0,0,2,2,100,0,0,0,0,-0.7,0.188,1671.4,0,0,0,21.6,20.4,21.6,20.42,1.18,0.03,0.02,20.4
2025,183,Philadelphia Eagles,1,3,PHI,100,8.49056603773585,780,18,0.15,0.02,11.33,204,116,6.44,12.89,9,50,22,2.44,12,1.33,1,0.93,2,2,1,5,0.006,66,15,0,0,0,10,55.6,2,11.1,0,0,3,2,66.7,0,0,0,0,-1.57,-0.099,1177.8,0,0,0,26.6,24.6,26.6,24.64,1.96,0.03,0.03,24.6
2025,184,San Francisco 49ers,1,2,SF,100,8.02139037433155,672,15,0.17,0.02,13.33,200,116,7.73,11.6,10,66.7,13,1.3,5,0.5,0,0.12,0,1,0,6,0.009,89.9,11,0,0,0,12,80,4,20,2,13.3,1,1,100,1,0,0,0,-1.36,0.146,1246.7,0,0,0,21.6,25.5,21.6,25.45,-3.85,0.03,0.04,25.5
2025,185,Los Angeles Chargers,1,14,LAC,100,9.090909090909092,719,18,0.16,0.03,15.33,276,115,6.39,12.78,9,50,46,5.11,21,2.33,0,0.39,1,2,0,5,0.007,30.8,15,0,1,5.6,12,66.7,5,22.2,2,11.1,2,1,50,0,1,0.11,0,-2.92,-0.643,1100,0,0,0,20.5,28.4,20.5,28.38,-7.88,0.03,0.04,28.4
2025,186,Las Vegas Raiders,1,5,LV,100,6.9306930693069315,715,14,0.16,0.02,13.14,184,115,8.21,11.5,10,71.4,25,2.5,16,1.6,1,1.21,2,1,1,7,0.01,119.6,13,0,0,0,11,78.6,3,25,0,0,2,1,50,0,1,0.1,0,-0.65,0.474,1442.9,0,0,0,27.5,29,27.5,29.03,-1.53,0.04,0.04,29
2025,187,Minnesota Vikings,1,17,MIN,100,8.16326530612245,535,12,0.21,0.02,9.5,114,115,9.58,11.5,10,83.3,38,3.8,19,1.9,1,0.92,1,1,1,7,0.013,99.7,10,0,1,8.3,10,83.3,0,22.2,0,0,1,1,100,1,0,0,0,1.39,0.399,1225,0,0,0,27.5,25.4,27.5,25.38,2.12,0.05,0.05,25.4
2025,188,New York Giants,1,10,NYG,100,7.6190476190476195,765,16,0.15,0.02,11.56,185,115,7.19,14.38,8,50,46,5.75,26,3.25,1,1.07,2,3,1,6,0.008,94.5,13,0,0,0,10,62.5,4,28.6,2,12.5,3,0,0,0,2,0.25,0,-1.17,0.017,1312.5,0,0,0,25.5,27.1,25.5,27.08,-1.58,0.03,0.04,27.1
2025,189,Atlanta Falcons,1,16,ATL,100,5.116279069767442,779,11,0.15,0.01,15.27,168,114,10.36,16.29,7,63.6,32,4.57,12,1.71,1,0.96,0,2,0,6,0.008,90.7,8,0,0,0,9,81.8,3,28.6,2,18.2,1,1,100,0,2,0.29,0,1.75,0.549,1954.5,0,0,0,24.4,24.3,24.4,24.25,0.15,0.03,0.03,24.3
2025,190,Denver Broncos,1,3,DEN,100,8.597285067873303,809,19,0.14,0.02,12.37,235,114,6,11.4,10,52.6,34,3.4,10,1,1,1.24,6,3,1,7,0.009,66.6,16,0,0,0,11,57.9,4,25,0,0,2,1,50,0,2,0.2,0,-2.46,0.157,1163.2,0,0,0,27.4,28.1,27.4,28.12,-0.72,0.03,0.03,28.1
2025,191,Detroit Lions,1,1,DET,100,3.508771929824561,836,8,0.14,0.01,15.38,123,114,14.25,19,6,75,16,2.67,12,2,0,0.39,2,0,0,5,0.006,116.7,5,0,0,0,7,87.5,1,33.3,0,0,2,1,50,0,0,0,0,4.67,1.051,2850,0,0,0,17.4,19.8,17.4,19.84,-2.44,0.02,0.02,19.8
2025,192,Carolina Panthers,1,8,CAR,100,6.593406593406594,637,12,0.18,0.02,6.5,78,113,9.42,16.14,7,58.3,82,11.71,59,8.43,1,0.41,1,0,0,5,0.008,117.7,9,0,2,16.7,9,75,0,16.7,0,0,3,1,33.3,0,3,0.43,0,2.1,0.625,1516.7,0,0,0,24.3,17,24.3,17.01,7.29,0.04,0.03,17
2025,193,Cleveland Browns,1,12,CLV,100,9.550561797752808,652,17,0.17,0.03,14.47,246,113,6.65,11.3,10,58.8,28,2.8,12,1.2,0,0.04,1,3,0,5,0.008,78.8,15,0,1,5.9,10,58.8,4,10,0,0,5,3,60,0,1,0.1,0,-2.46,-0.03,1047.1,0,0,0,21.3,18.5,21.3,18.51,2.79,0.03,0.03,18.5
2025,194,Kansas City Chiefs,1,1,KC,100,8.88888888888889,643,16,0.18,0.02,12.88,206,113,7.06,11.3,10,62.5,20,2,9,0.9,2,2.28,3,3,2,7,0.011,123.2,12,0,0,0,13,81.3,3,12.5,3,18.8,2,1,50,0,2,0.2,0,-1.85,0.521,1125,0,0,0,33.3,39,33.3,39.01,-5.71,0.05,0.06,39
2025,195,Miami Dolphins,1,18,MIA,100,3.888888888888889,640,7,0.18,0.01,15.29,107,113,16.14,22.6,5,71.4,58,11.6,9,1.8,0,0.13,0,0,0,5,0.008,113.7,7,0,1,14.3,6,85.7,2,60,0,0,1,0,0,0,0,0,0,6.91,0.858,2571.4,0,0,0,16.3,14.6,16.3,14.55,1.75,0.03,0.02,14.6
2025,196,New England Patriots,1,9,NE,100,6.122448979591836,718,12,0.16,0.02,14.25,171,113,9.42,16.14,7,58.3,19,2.71,8,1.14,1,0.95,2,1,1,6,0.008,117.7,9,0,0,0,8,66.7,4,33.3,0,0,6,3,50,3,0,0,0,0.17,0.163,1633.3,0,0,0,24.3,20.3,24.3,20.25,4.05,0.03,0.03,20.3
2025,197,New York Jets,1,5,NYJ,100,4.2105263157894735,606,8,0.19,0.01,15.88,127,113,14.13,22.6,5,62.5,25,5,19,3.8,1,0.62,1,2,1,4,0.007,145.8,7,0,1,12.5,7,87.5,3,40,0,0,4,2,50,0,2,0.4,0,4.93,0.785,2375,0,0,0,22.3,15.2,22.3,15.2,7.1,0.04,0.03,15.2
2025,198,Philadelphia Eagles,1,6,PHI,100,7.547169811320755,780,16,0.14,0.02,12.19,195,113,7.06,12.56,9,56.3,22,2.44,11,1.22,0,0.84,3,2,0,5,0.006,78.4,12,0,0,0,12,75,2,22.2,1,6.3,5,2,40,0,0,0,0,-1.31,0.241,1325,0,0,0,20.3,25.2,20.3,25.16,-4.86,0.03,0.03,25.2
2025,199,Washington Commanders,1,4,WAS,100,5.583756345177665,705,11,0.16,0.02,13.18,145,113,10.27,16.14,7,63.6,30,4.29,9,1.29,0,0.23,0,0,0,3,0.004,97.9,8,0,2,18.2,8,72.7,2,42.9,1,9.1,1,1,100,0,0,0,0,1.34,0.71,1790.9,0,0,0,18.3,18.9,18.3,18.88,-0.58,0.03,0.03,18.9
2025,200,Atlanta Falcons,1,10,ATL,100,5.116279069767442,779,11,0.14,0.01,14.18,156,112,10.18,14,8,72.7,22,2.75,12,1.5,1,0.54,1,1,1,4,0.005,97.5,11,0,0,0,9,81.8,3,25,0,0,2,1,50,1,0,0,0,1.68,0.619,1954.5,0,0,0,25.2,19.8,25.2,19.82,5.38,0.03,0.03,19.8
2025,201,Buffalo Bills,1,6,BUF,100,6.626506024096386,591,11,0.19,0.02,9.91,109,112,10.18,14,8,72.7,52,6.5,11,1.38,0,0.07,1,0,0,5,0.008,105.1,9,0,1,9.1,9,81.8,1,42.9,0,0,1,0,0,0,0,0,0,1.89,0.133,1509.1,0,0,0,19.2,18.8,19.2,18.85,0.35,0.03,0.03,18.8
2025,202,Minnesota Vikings,1,4,MIN,100,3.4013605442176873,535,5,0.21,0.01,8.8,44,112,22.4,28,4,80,83,20.75,11,2.75,1,0.04,2,1,0,4,0.007,158.3,5,0,0,0,4,80,0,33.3,0,0,1,1,100,1,4,1,0,14.26,1.704,2940,0,0,0,21.2,7.2,21.2,7.23,13.97,0.04,0.01,7.2
2025,203,Arizona Cardinals,1,4,ARZ,100,5.555555555555555,731,11,0.15,0.02,13.36,147,111,10.09,15.86,7,63.6,29,4.14,17,2.43,0,0.23,0,0,0,5,0.007,97.2,9,0,0,0,9,81.8,2,28.6,1,9.1,3,1,33.3,0,3,0.43,0,1.85,0.644,1800,0,0,0,18.1,19.2,18.1,19.23,-1.13,0.02,0.03,19.2
2025,204,Indianapolis Colts,1,12,IND,100,7.264957264957266,830,17,0.13,0.02,9.47,161,111,6.53,11.1,10,58.8,53,5.3,13,1.3,0,1.09,5,1,0,7,0.008,78.3,14,0,2,11.8,14,82.4,2,14.3,1,5.9,3,0,0,0,1,0.1,0,-1.32,0.439,1376.5,0,0,0,21.1,29.8,21.1,29.81,-8.71,0.03,0.04,29.8
2025,205,Indianapolis Colts,1,5,IND,100,5.555555555555555,830,13,0.13,0.02,12.69,165,111,8.54,12.33,9,69.2,30,3.33,13,1.44,0,0.26,1,0,0,6,0.007,95.4,10,0,0,0,9,69.2,4,11.1,0,0,1,1,100,0,1,0.11,0,0.24,0.514,1800,0,0,0,20.1,19.1,20.1,19.12,0.98,0.02,0.02,19.1
2025,206,Philadelphia Eagles,1,11,PHI,100,5.188679245283019,780,11,0.14,0.01,13.64,150,111,10.09,22.2,5,45.5,50,10,2,0.4,1,0.15,2,1,0,3,0.004,112.3,10,0,0,0,6,54.5,1,75,1,9.1,0,0,0,0,2,0.4,0,0.57,0.122,1927.3,0,0,0,22.1,15.5,22.1,15.51,6.59,0.03,0.02,15.5
2025,207,Tennessee Titans,1,17,TEN,100,5.612244897959184,699,11,0.16,0.02,14.09,155,111,10.09,15.86,7,63.6,64,9.14,4,0.57,0,0.03,1,1,0,3,0.004,97.2,9,0,0,0,7,63.6,4,14.3,0,0,0,0,0,0,0,0,0,1.55,0.365,1781.8,0,0,0,18.1,14.4,18.1,14.38,3.72,0.03,0.02,14.4
2025,208,Washington Commanders,1,7,WAS,100,5.0761421319796955,705,10,0.16,0.01,14.3,143,111,11.1,18.5,6,60,27,4.5,10,1.67,0,0.8,0,0,0,4,0.006,98.3,8,0,1,10,7,70,3,33.3,0,0,2,1,50,1,0,0,0,1.99,0.358,1970,0,0,0,17.1,21,17.1,21,-3.9,0.02,0.03,21
2025,209,Houston Texans,1,7,HST,100,7.650273224043716,666,14,0.17,0.02,12.14,170,110,7.86,13.75,8,57.1,27,3.38,15,1.88,1,0.96,2,2,1,5,0.008,106.3,11,0,1,7.1,8,57.1,2,14.3,0,0,2,2,100,0,1,0.13,0,-0.99,0.096,1307.1,0,0,0,25,22.5,25,22.47,2.53,0.04,0.03,22.5
2025,210,Philadelphia Eagles,1,2,PHI,100,5.188679245283019,780,11,0.14,0.01,20.82,229,110,10,15.71,7,63.6,16,2.29,9,1.29,1,0.29,0,1,1,4,0.005,127.1,10,0,0,0,8,72.7,4,28.6,1,9.1,2,2,100,0,1,0.14,0,0.08,0.563,1927.3,0,0,0,24,17.9,24,17.91,6.09,0.03,0.02,17.9
2025,211,Cincinnati Bengals,1,16,CIN,100,6.629834254143646,647,12,0.17,0.02,12.75,153,109,9.08,15.57,7,58.3,38,5.43,21,3,0,0.01,0,0,0,7,0.011,53.8,12,0,0,0,9,75,1,14.3,0,0,2,0,0,0,2,0.29,0,-0.02,0.056,1508.3,0,0,0,17.9,17.9,17.9,17.93,-0.03,0.03,0.03,17.9
2025,212,Green Bay Packers,1,1,GB,100,5.607476635514018,786,12,0.14,0.02,9.17,110,109,9.08,10.9,10,83.3,33,3.3,14,1.4,1,0.79,2,1,1,6,0.008,132.3,9,0,0,0,10,83.3,1,11.1,0,0,2,2,100,2,1,0.1,0,1.07,1.194,1783.3,0,0,0,26.9,22.4,26.9,22.41,4.49,0.03,0.03,22.4
2025,213,Houston Texans,1,5,HST,100,4.371584699453552,666,8,0.16,0.01,13.13,105,109,13.63,18.17,6,75,52,8.67,19,3.17,0,0.09,1,0,0,3,0.005,77.1,6,0,2,25,6,75,2,40,0,0,0,0,0,0,3,0.5,0,4.83,0.225,2287.5,0,0,0,16.9,13.3,16.9,13.25,3.65,0.03,0.02,13.3
2025,214,Los Angeles Chargers,1,6,LAC,100,5.555555555555555,719,11,0.15,0.02,13.18,145,109,9.91,13.63,8,72.7,17,2.13,0,0,1,1.12,2,1,1,5,0.007,96.4,8,0,0,0,9,81.8,1,16.7,1,9.1,3,2,66.7,1,0,0,0,0.56,0.414,1800,0,0,0,24.9,24.1,24.9,24.1,0.8,0.03,0.03,24.1
2025,215,Pittsburgh Steelers,1,1,PIT,100,4.291845493562231,807,10,0.14,0.01,10.8,108,109,10.9,12.11,9,90,16,1.78,6,0.67,1,0.93,0,0,0,5,0.006,145.4,6,0,0,0,9,90,1,22.2,0,0,2,2,100,0,1,0.11,0,2.98,1.057,2330,0,0,0,25.9,23.5,25.9,23.46,2.44,0.03,0.03,23.5
2025,216,San Francisco 49ers,1,5,SF,100,9.62566844919786,672,18,0.16,0.03,13.61,245,109,6.06,10.9,10,55.6,46,4.6,20,2,1,0.6,2,0,0,5,0.007,92.1,13,0,2,11.1,11,61.1,4,12.5,0,0,1,0,0,0,2,0.2,0,-3.06,0.291,1038.9,0,0,0,26.9,24.9,26.9,24.91,1.99,0.04,0.04,24.9
2025,217,Atlanta Falcons,1,14,ATL,100,5.116279069767442,779,11,0.14,0.01,11.91,131,108,9.82,15.43,7,63.6,39,5.57,45,6.43,2,1.01,2,2,1,4,0.005,135.6,9,0,0,0,8,72.7,1,33.3,0,0,1,0,0,0,1,0.14,0,1.11,0.627,1954.5,0,0,0,29.8,21.6,29.8,21.56,8.24,0.04,0.03,21.6
2025,218,Baltimore Ravens,1,15,BLT,100,5.859375,916,15,0.12,0.02,10.67,160,108,7.2,13.5,8,53.3,36,4.5,8,1,0,0.52,2,2,0,5,0.005,48.8,12,0,0,0,11,73.3,1,14.3,2,13.3,2,1,50,0,1,0.13,0,-1.02,0.205,1706.7,0,0,0,18.8,23.3,18.8,23.3,-4.5,0.02,0.03,23.3
2025,219,Indianapolis Colts,1,16,IND,100,4.700854700854701,830,11,0.13,0.01,10.18,112,108,9.82,13.5,8,72.7,14,1.75,6,0.75,1,0.99,2,1,1,7,0.008,96,7,0,0,0,11,100,1,16.7,3,27.3,3,3,100,0,0,0,0,1.08,0.322,2127.3,0,0,0,24.8,27.7,24.8,27.71,-2.91,0.03,0.03,27.7
2025,220,Buffalo Bills,1,12,BUF,100,6.626506024096386,591,11,0.18,0.02,11.27,124,107,9.73,15.29,7,63.6,48,6.86,8,1.14,0,0.12,1,1,0,4,0.007,95.6,6,0,0,0,9,81.8,2,28.6,0,0,1,0,0,0,0,0,0,1.33,0.153,1509.1,0,0,0,17.7,18.3,17.7,18.28,-0.58,0.03,0.03,18.3
2025,221,Miami Dolphins,1,13,MIA,100,7.222222222222221,640,13,0.17,0.02,12.62,164,107,8.23,10.7,10,76.9,10,1,3,0.3,2,1.84,2,3,2,7,0.011,140.1,10,0,0,0,11,84.6,2,0,1,7.7,4,3,75,1,0,0,0,-0.23,0.611,1384.6,0,0,0,32.7,30.8,32.7,30.78,1.92,0.05,0.05,30.8
2025,222,Atlanta Falcons,1,17,ATL,100,7.906976744186046,779,17,0.14,0.02,12.59,214,106,6.24,11.78,9,52.9,31,3.44,9,1,2,0.93,3,1,1,5,0.006,86.9,13,0,2,11.8,11,64.7,4,14.3,1,5.9,3,2,66.7,0,1,0.11,0,-2.04,-0.041,1264.7,0,0,0,31.6,25.7,31.6,25.73,5.87,0.04,0.03,25.7
2025,223,Atlanta Falcons,1,18,ATL,100,7.441860465116279,779,16,0.14,0.02,11.38,182,106,6.63,10.6,10,62.5,28,2.8,5,0.5,1,0.53,3,2,1,5,0.006,76.6,14,0,1,6.3,12,75,4,11.1,0,0,2,0,0,1,1,0.1,0,-1.56,-0.228,1343.8,0,0,0,26.6,24.8,26.6,24.77,1.83,0.03,0.03,24.8
2025,224,Denver Broncos,1,5,DEN,100,4.97737556561086,809,11,0.13,0.01,11.27,124,106,9.64,13.25,8,72.7,21,2.63,12,1.5,0,0.05,0,0,0,4,0.005,102.8,10,0,0,0,9,81.8,2,12.5,0,0,0,0,0,0,0,0,0,2.04,0.448,2009.1,0,0,0,18.6,20,18.6,20,-1.4,0.02,0.02,20
2025,225,New York Giants,1,6,NYG,100,6.190476190476191,765,13,0.14,0.02,11.38,148,106,8.15,11.78,9,69.2,26,2.89,16,1.78,1,0.2,2,0,0,6,0.008,87.3,9,0,1,7.7,10,76.9,2,12.5,0,0,2,1,50,1,0,0,0,-0.23,-0.351,1615.4,0,0,0,25.6,19.3,25.6,19.34,6.26,0.03,0.03,19.3
2025,226,Arizona Cardinals,1,3,ARZ,100,5.05050505050505,731,10,0.14,0.01,11.4,114,105,10.5,13.13,8,80,20,2.5,15,1.88,0,0.16,0,0,0,4,0.005,70.8,9,0,0,0,8,80,1,12.5,0,0,2,2,100,2,1,0.13,0,2.08,0.427,1980,0,0,0,18.5,16.5,18.5,16.46,2.04,0.03,0.02,16.5
2025,227,Atlanta Falcons,1,2,ATL,100,4.186046511627907,779,9,0.13,0.01,17,153,105,11.67,21,5,55.6,22,4.4,6,1.2,0,0.27,2,1,0,4,0.005,57.4,7,0,0,0,5,55.6,3,50,0,0,1,1,100,0,1,0.2,0,2.16,-0.064,2388.9,0,0,0,15.5,13.9,15.5,13.92,1.58,0.02,0.02,13.9
2025,228,Cincinnati Bengals,1,3,CIN,100,6.077348066298343,647,11,0.16,0.02,11.45,126,105,9.55,17.5,6,54.5,47,7.83,25,4.17,0,0.1,1,1,0,3,0.005,87.3,7,0,1,9.1,8,72.7,1,33.3,1,9.1,1,0,0,0,3,0.5,0,0.76,0.299,1645.5,0,0,0,16.5,17.5,16.5,17.51,-1.01,0.03,0.03,17.5
2025,229,Detroit Lions,1,7,DET,100,9.649122807017543,836,22,0.13,0.03,12.82,282,105,4.77,9.55,11,50,49,4.45,14,1.27,1,0.22,3,1,0,4,0.005,59.8,13,0,1,4.5,13,59.1,3,20,1,4.5,5,1,20,0,3,0.27,0,-4.18,-0.68,1036.4,0,0,0,27.5,24.2,27.5,24.24,3.26,0.03,0.03,24.2
2025,230,Cincinnati Bengals,1,15,CIN,100,3.314917127071823,647,6,0.16,0.01,15.83,95,104,17.33,20.8,5,83.3,26,5.2,32,6.4,1,0.98,0,1,1,4,0.006,118.8,4,0,0,0,6,100,2,60,1,16.7,2,2,100,0,0,0,0,7.87,0.768,3016.7,0,0,0,21.4,19.3,21.4,19.29,2.11,0.03,0.03,19.3
2025,231,Cincinnati Bengals,1,4,CIN,100,7.18232044198895,647,13,0.16,0.02,11.54,150,104,8,13,8,61.5,49,6.13,38,4.75,0,0.09,2,2,0,5,0.008,54.6,5,0,1,7.7,9,69.2,2,25,1,7.7,2,2,100,0,3,0.38,0,0.31,-0.117,1392.3,0,0,0,18.4,18.8,18.4,18.82,-0.42,0.03,0.03,18.8
2025,232,Detroit Lions,1,18,DET,100,6.140350877192982,836,14,0.12,0.02,9.64,135,104,7.43,11.56,9,64.3,47,5.22,13,1.44,0,0.17,0,0,0,5,0.006,56.8,13,0,1,7.1,13,92.9,1,11.1,1,7.1,2,0,0,0,1,0.11,0,-0.58,0.109,1628.6,0,0,0,19.4,24.6,19.4,24.6,-5.2,0.02,0.03,24.6
2025,233,Seattle Seahawks,1,3,SEA,100,9.45273631840796,724,19,0.14,0.03,10.89,207,104,5.47,8,13,68.4,5,0.38,2,0.15,0,0.32,3,1,0,6,0.008,60,14,0,0,0,14,73.7,3,0,0,0,2,1,50,0,0,0,0,-2.9,-0.037,1057.9,0,0,0,23.4,26.3,23.4,26.32,-2.92,0.03,0.04,26.3
2025,234,San Francisco 49ers,1,16,SF,100,4.27807486631016,672,8,0.15,0.01,15.63,125,104,13,14.86,7,87.5,26,3.71,18,2.57,2,1.62,2,2,2,4,0.006,158.3,6,0,1,12.5,7,87.5,3,33.3,0,0,3,3,100,0,1,0.14,0,3.68,1.064,2337.5,0,0,0,29.4,23.5,29.4,23.47,5.93,0.04,0.03,23.5
2025,235,Arizona Cardinals,1,1,ARZ,100,9.090909090909092,731,18,0.14,0.02,8.56,154,103,5.72,8.58,12,66.7,26,2.17,4,0.33,0,0.28,2,2,0,6,0.008,81.5,13,0,2,11.1,14,77.8,2,0,0,0,2,0,0,0,0,0,0,-1.96,0.262,1100,0,0,0,22.3,26.9,22.3,26.85,-4.55,0.03,0.04,26.9
2025,236,Atlanta Falcons,1,12,ATL,100,7.906976744186046,779,17,0.13,0.02,13.71,233,103,6.06,8.58,12,70.6,23,1.92,6,0.5,0,0.2,0,1,0,5,0.006,61.6,15,0,2,11.8,13,76.5,5,0,1,5.9,2,0,0,1,0,0,0,-2.67,-0.027,1264.7,0,0,0,22.3,25.6,22.3,25.64,-3.34,0.03,0.03,25.6
2025,237,Detroit Lions,1,4,DET,100,5.701754385964912,836,13,0.12,0.02,16.23,211,103,7.92,17.17,6,46.2,22,3.67,9,1.5,0,0.07,1,0,0,4,0.005,41.5,11,0,1,7.7,10,76.9,4,40,1,7.7,4,2,50,0,1,0.17,0,-1.41,-0.407,1753.8,0,0,0,16.3,20.9,16.3,20.85,-4.55,0.02,0.02,20.9
2025,238,Los Angeles Chargers,1,8,LAC,100,7.575757575757576,719,15,0.14,0.02,9.33,140,103,6.87,11.44,9,60,26,2.89,7,0.78,0,0.03,0,0,0,5,0.007,52.9,10,0,2,13.3,10,66.7,1,0,0,0,5,4,80,0,0,0,0,-1.23,0.02,1320,0,0,0,19.3,17.5,19.3,17.48,1.82,0.03,0.02,17.5
2025,239,New York Jets,1,4,NYJ,100,6.315789473684211,606,12,0.17,0.02,4.58,55,103,8.58,10.3,10,83.3,70,7,8,0.8,1,0.97,2,1,1,7,0.012,130.2,10,0,2,16.7,10,83.3,0,12.5,0,0,1,1,100,1,0,0,0,2.19,0.617,1583.3,0,0,0,26.3,22.7,26.3,22.7,3.6,0.04,0.04,22.7
2025,240,New York Giants,1,15,NYG,100,2.857142857142857,765,6,0.13,0.01,17.33,104,101,16.83,20.2,5,83.3,21,4.2,11,2.2,1,0.12,0,0,0,5,0.007,158.3,5,0,0,0,5,83.3,2,20,0,0,1,1,100,0,1,0.2,0,6.7,1.433,3500,0,0,0,21.1,14.2,21.1,14.18,6.92,0.03,0.02,14.2
2025,241,Buffalo Bills,1,14,BUF,100,8.433734939759036,591,14,0.17,0.02,13.71,192,100,7.14,14.29,7,50,16,2.29,6,0.86,2,1.15,0,2,2,6,0.01,83.3,11,0,1,7.1,10,71.4,4,28.6,1,7.1,4,2,50,2,0,0,0,-1.85,-0.151,1185.7,0,0,0,29,25.8,29,25.8,3.2,0.05,0.04,25.8
2025,242,Dallas Cowboys,1,15,DAL,100,4.433497536945813,748,9,0.13,0.01,16.22,146,100,11.11,20,5,55.6,22,4.4,5,1,2,1.72,5,4,2,4,0.005,134.3,9,0,0,0,6,66.7,3,66.7,0,0,2,1,50,0,1,0.2,0,1.53,0.863,2255.6,0,0,0,27,22.8,27,22.81,4.19,0.04,0.03,22.8
2025,243,Jacksonville Jaguars,1,15,JAX,100,7.0588235294117645,911,18,0.11,0.02,8.78,158,100,5.56,8.33,12,66.7,15,1.25,4,0.33,1,0.8,3,3,1,6,0.007,59.7,14,0,3,16.7,13,72.2,2,20,0,0,6,5,83.3,0,0,0,0,-2.13,-0.268,1416.7,0,0,0,28,25.7,28,25.75,2.25,0.03,0.03,25.7
2025,244,Indianapolis Colts,1,18,IND,100,5.982905982905983,830,14,0.12,0.02,7.29,102,99,7.07,12.38,8,57.1,47,5.88,11,1.38,1,1.08,2,1,1,5,0.006,103,10,0,1,7.1,12,85.7,0,16.7,2,14.3,3,0,0,0,3,0.38,0,-0.24,0.118,1671.4,0,0,0,23.9,27,23.9,26.99,-3.09,0.03,0.03,27
2025,245,Los Angeles Rams,1,18,LA,100,3.7914691943127963,775,8,0.13,0.01,19,152,99,12.38,19.8,5,62.5,20,4,8,1.6,1,0.72,2,1,0,4,0.005,105.7,6,0,0,0,7,87.5,4,75,0,0,2,0,0,0,0,0,0,2.29,0.601,2637.5,0,0,0,20.9,19.8,20.9,19.78,1.12,0.03,0.03,19.8
2025,246,Los Angeles Chargers,1,1,LAC,100,8.080808080808081,719,16,0.14,0.02,11,176,99,6.19,12.38,8,50,38,4.75,22,2.75,0,0.03,2,1,0,2,0.003,69.5,14,0,1,6.3,9,56.3,3,12.5,1,6.3,0,0,0,0,1,0.13,0,-1.77,-0.074,1237.5,0,0,0,17.9,18.2,17.9,18.22,-0.32,0.02,0.03,18.2
2025,247,Tennessee Titans,1,14,TEN,100,4.591836734693878,699,9,0.14,0.01,19.89,179,99,11,24.75,4,44.4,49,12.25,3,0.75,1,0.15,0,0,0,3,0.004,82.4,5,0,0,0,7,77.8,3,50,1,11.1,2,0,0,0,1,0.25,0,0.39,0.091,2177.8,0,0,0,19.9,16.5,19.9,16.47,3.43,0.03,0.02,16.5
2025,248,Baltimore Ravens,1,18,BLT,100,6.640625,916,17,0.11,0.02,11.76,200,98,5.76,9.8,10,58.8,28,2.8,11,1.1,1,0.99,2,2,1,5,0.005,94.7,15,0,3,17.6,10,58.8,3,11.1,0,0,6,5,83.3,0,1,0.1,0,-2.84,0.218,1505.9,0,0,0,25.8,22.8,25.8,22.79,3.01,0.03,0.02,22.8
2025,249,Miami Dolphins,1,16,MIA,100,4.444444444444445,640,8,0.15,0.01,14,112,98,12.25,16.33,6,75,18,3,11,1.83,1,1.33,1,1,1,4,0.006,155.2,8,0,1,12.5,7,87.5,3,40,0,0,4,3,75,1,0,0,0,3.39,1.049,2250,0,0,0,21.8,21,21.8,21.02,0.78,0.03,0.03,21
2025,250,Las Vegas Raiders,1,14,LV,100,8.91089108910891,715,18,0.14,0.03,8.06,145,97,5.39,7.46,13,72.2,29,2.23,16,1.23,0,0.25,3,1,0,7,0.01,84.7,14,0,1,5.6,17,94.4,1,0,2,11.1,6,4,66.7,0,1,0.08,0,-2.1,0.062,1122.2,0,0,0,22.7,30.7,22.7,30.68,-7.98,0.03,0.04,30.7
2025,251,Carolina Panthers,1,9,CAR,100,7.6923076923076925,637,14,0.15,0.02,14.79,207,96,6.86,10.67,9,64.3,22,2.44,7,0.78,0,0.14,2,1,0,4,0.006,54.5,11,0,1,7.1,11,78.6,4,25,0,0,7,5,71.4,0,2,0.22,0,-2,-0.193,1300,0,0,0,18.6,20.4,18.6,20.4,-1.8,0.03,0.03,20.4
2025,252,Dallas Cowboys,1,11,DAL,100,7.389162561576355,748,15,0.13,0.02,9.33,140,96,6.4,13.71,7,46.7,36,5.14,6,0.86,1,0.11,2,1,0,6,0.008,89.9,13,0,3,20,10,66.7,2,16.7,1,6.7,3,1,33.3,0,0,0,0,-1.98,0.166,1353.3,0,0,0,22.6,19.3,22.6,19.32,3.28,0.03,0.03,19.3
2025,253,San Francisco 49ers,1,18,SF,100,4.27807486631016,672,8,0.14,0.01,12.88,103,96,12,13.71,7,87.5,20,2.86,10,1.43,0,0.54,0,1,0,6,0.009,116.7,7,0,0,0,8,100,1,14.3,0,0,1,0,0,0,1,0.14,0,3.2,0.943,2337.5,0,0,0,16.6,21,16.6,21.03,-4.43,0.02,0.03,21
2025,254,Tennessee Titans,1,1,TEN,100,6.63265306122449,699,13,0.14,0.02,15.77,205,96,7.38,12,8,61.5,-15,-1.88,11,1.38,1,0.23,0,0,0,6,0.009,77.7,10,0,1,7.7,9,69.2,3,12.5,0,0,2,1,50,0,1,0.13,0,-1.17,0.623,1507.7,0,0,0,23.6,23.1,23.6,23.09,0.51,0.03,0.03,23.1
2025,255,Arizona Cardinals,1,18,ARZ,100,6.0606060606060606,731,12,0.13,0.02,12.83,154,95,7.92,10.56,9,75,29,3.22,10,1.11,2,2.41,2,1,1,7,0.01,137.2,9,0,1,8.3,10,83.3,3,14.3,0,0,2,1,50,0,2,0.22,0,-1.12,0.864,1650,0,0,0,30.5,33.4,30.5,33.36,-2.86,0.04,0.05,33.4
2025,256,Denver Broncos,1,14,DEN,100,4.97737556561086,809,11,0.12,0.01,13.09,144,95,8.64,11.88,8,72.7,8,1,4,0.5,1,0.66,2,1,1,4,0.005,129,8,0,0,0,10,90.9,3,33.3,2,18.2,0,0,0,0,0,0,0,0.21,0.23,2009.1,0,0,0,23.5,25.8,23.5,25.79,-2.29,0.03,0.03,25.8
2025,257,Houston Texans,1,17,HST,100,4.918032786885246,666,9,0.14,0.01,20.56,185,95,10.56,23.75,4,44.4,11,2.75,4,1,0,0.22,2,1,0,4,0.006,83.1,6,0,0,0,5,55.6,3,33.3,0,0,1,0,0,0,0,0,0,0.32,0.585,2033.3,0,0,0,13.5,13.2,13.5,13.18,0.32,0.02,0.02,13.2
2025,258,Kansas City Chiefs,1,9,KC,100,3.3333333333333335,643,6,0.15,0.01,3,18,94,15.67,15.67,6,100,76,12.67,13,2.17,0,0.02,0,0,0,4,0.006,118.8,3,0,1,16.7,6,100,0,33.3,0,0,0,0,0,0,0,0,0,9.49,1.182,3000,0,0,0,15.4,10.7,15.4,10.7,4.7,0.02,0.02,10.7
2025,259,New England Patriots,1,7,NE,100,5.1020408163265305,718,10,0.13,0.01,7.9,79,94,9.4,11.75,8,80,34,4.25,6,0.75,0,0.02,0,0,0,5,0.007,105.8,5,0,0,0,9,90,0,12.5,1,10,2,2,100,0,0,0,0,2.21,0.592,1960,0,0,0,17.4,16.1,17.4,16.12,1.28,0.02,0.02,16.1
2025,260,New York Giants,1,9,NYG,100,3.3333333333333335,765,7,0.12,0.01,12.29,86,94,13.43,15.67,6,85.7,23,3.83,10,1.67,1,1.16,2,1,0,6,0.008,158.3,6,0,0,0,7,100,0,40,0,0,5,4,80,0,0,0,0,4.41,1.672,3000,0,0,0,21.4,18.4,21.4,18.38,3.02,0.03,0.02,18.4
2025,261,Atlanta Falcons,1,4,ATL,100,5.5813953488372094,779,12,0.12,0.02,18.42,221,93,7.75,11.63,8,66.7,-3,-0.38,-2,-0.25,2,1.44,2,2,2,6,0.008,94.8,7,0,0,0,9,75,4,16.7,0,0,4,3,75,0,0,0,0,-2.57,0.323,1791.7,0,0,0,29.3,24.4,29.3,24.38,4.92,0.04,0.03,24.4
2025,262,Baltimore Ravens,1,5,BLT,100,3.90625,916,10,0.1,0.01,9.5,95,93,9.3,10.33,9,90,26,2.89,12,1.33,1,1.01,2,1,1,3,0.003,138.8,8,0,0,0,9,90,1,12.5,0,0,2,2,100,0,0,0,0,1.36,0.699,2560,0,0,0,24.3,22.5,24.3,22.5,1.8,0.03,0.02,22.5
2025,263,Detroit Lions,1,9,DET,100,5.263157894736842,836,12,0.11,0.01,12.92,155,93,7.75,13.29,7,58.3,12,1.71,4,0.57,1,1.06,2,2,1,5,0.006,76,9,0,1,8.3,9,75,3,33.3,1,8.3,5,2,40,1,0,0,0,-0.78,0.213,1900,0,0,0,22.3,23.4,22.3,23.39,-1.09,0.03,0.03,23.4
2025,264,Houston Texans,1,16,HST,100,5.46448087431694,666,10,0.14,0.02,8,80,93,9.3,11.63,8,80,29,3.63,7,0.88,0,0.02,0,0,0,4,0.006,105.4,9,0,0,0,9,90,1,12.5,0,0,2,1,50,0,0,0,0,1.97,0.572,1830,0,0,0,17.3,16.1,17.3,16.1,1.2,0.03,0.02,16.1
2025,265,Los Angeles Rams,1,13,LA,100,3.3175355450236967,775,7,0.12,0.01,14.71,103,93,13.29,23.25,4,57.1,38,9.5,6,1.5,2,0.98,0,0,0,3,0.004,141.4,5,0,1,14.3,5,71.4,4,50,1,14.3,1,1,100,0,0,0,0,4.17,1.674,3014.3,0,0,0,25.3,18.3,25.3,18.28,7.02,0.03,0.02,18.3
2025,266,Pittsburgh Steelers,1,11,PIT,100,6.866952789699571,807,16,0.12,0.02,13.81,221,93,5.81,13.29,7,43.8,27,3.86,10,1.43,1,0.56,2,2,0,5,0.006,83.6,14,0,0,0,9,56.3,4,28.6,0,0,2,0,0,0,1,0.14,0,-3.1,-0.043,1456.3,0,0,0,22.3,21.9,22.3,21.95,0.35,0.03,0.03,21.9
2025,267,Indianapolis Colts,1,10,IND,100,6.41025641025641,830,15,0.11,0.02,12.8,192,91,6.07,18.2,5,33.3,21,4.2,3,0.6,1,0.84,1,0,0,5,0.006,77.4,12,0,0,0,8,53.3,3,25,1,6.7,2,0,0,0,0,0,0,-3.18,-0.01,1560,0,0,0,20.1,22.7,20.1,22.66,-2.56,0.02,0.03,22.7
2025,268,Philadelphia Eagles,1,4,PHI,100,6.132075471698113,780,13,0.12,0.02,16.08,209,91,7,22.75,4,30.8,44,11,2,0.5,1,0.07,0,0,0,1,0.001,82.5,8,0,0,0,8,61.5,5,25,0,0,5,1,20,0,0,0,0,-2.14,-0.315,1630.8,0,0,0,19.1,14.2,19.1,14.16,4.94,0.02,0.02,14.2
2025,269,San Francisco 49ers,1,1,SF,100,4.27807486631016,672,8,0.14,0.01,16.38,131,91,11.38,18.2,5,62.5,18,3.6,4,0.8,0,0.09,0,0,0,4,0.006,101.6,7,0,1,12.5,6,75,2,40,0,0,1,0,0,0,0,0,0,1.55,0.411,2337.5,0,0,0,14.1,15.3,14.1,15.25,-1.15,0.02,0.02,15.3
2025,270,Washington Commanders,1,14,WAS,100,6.598984771573605,705,13,0.13,0.02,10.92,142,91,7,11.38,8,61.5,29,3.63,11,1.38,0,0.56,0,1,0,7,0.01,82.5,12,0,1,7.7,10,76.9,2,25,1,7.7,2,0,0,0,1,0.13,0,-1.44,0.387,1515.4,0,0,0,17.1,24.3,17.1,24.29,-7.19,0.02,0.03,24.3
2025,271,Detroit Lions,1,11,DET,100,7.017543859649122,836,16,0.11,0.02,16.63,266,90,5.63,11.25,8,50,13,1.63,4,0.5,0,0.12,2,1,0,4,0.005,67.2,14,0,1,6.3,10,62.5,5,14.3,1,6.3,5,3,60,0,0,0,0,-3.8,-0.116,1425,0,0,0,17,18.8,17,18.79,-1.79,0.02,0.02,18.8
2025,272,Jacksonville Jaguars,1,9,JAX,100,4.313725490196078,911,11,0.1,0.01,6.64,73,90,8.18,11.25,8,72.7,43,5.38,7,0.88,2,0.91,1,1,1,4,0.004,136.4,9,0,0,0,10,90.9,0,28.6,2,18.2,3,2,66.7,1,0,0,0,1.08,0.548,2318.2,0,0,0,29,22,29,21.99,7.01,0.03,0.02,22
2025,273,New Orleans Saints,1,12,NO,100,4.301075268817205,657,8,0.14,0.01,12.38,99,90,11.25,15,6,75,9,1.5,4,0.67,2,1.76,1,1,1,3,0.005,111.5,5,0,0,0,7,87.5,1,20,0,0,1,0,0,0,0,0,0,2.85,-0.145,2325,0,0,0,27,26.7,27,26.69,0.31,0.04,0.04,26.7
2025,274,New York Giants,1,16,NYG,100,4.761904761904762,765,10,0.12,0.01,10.6,106,90,9,15,6,60,25,4.17,20,3.33,0,0.18,1,1,0,5,0.007,50,9,0,1,10,10,100,2,33.3,3,30,2,1,50,2,2,0.33,0,0.62,0.358,2100,0,0,0,15,20.3,15,20.27,-5.27,0.02,0.03,20.3
2025,275,Arizona Cardinals,1,5,ARZ,100,5.555555555555555,731,11,0.12,0.02,16.18,178,89,8.09,17.8,5,45.5,10,2,1,0.2,0,0.2,0,0,0,4,0.005,73.7,10,0,0,0,7,63.6,3,40,2,18.2,2,0,0,0,0,0,0,-1.32,0.174,1800,0,0,0,13.9,17.8,13.9,17.81,-3.91,0.02,0.02,17.8
2025,276,Baltimore Ravens,1,12,BLT,100,5.078125,916,13,0.1,0.01,15.77,205,89,6.85,12.71,7,53.8,42,6,18,2.57,1,0.6,2,1,0,5,0.005,69.1,8,0,0,0,8,61.5,3,16.7,0,0,2,0,0,0,1,0.14,0,-2.39,0.343,1969.2,0,0,0,21.9,18.3,21.9,18.27,3.63,0.02,0.02,18.3
2025,277,Denver Broncos,1,11,DEN,100,6.787330316742081,809,15,0.11,0.02,11.33,170,89,5.93,8.09,11,73.3,46,4.18,7,0.64,0,0.03,1,0,0,6,0.007,87.9,13,0,1,6.7,13,86.7,3,0,1,6.7,1,0,0,0,0,0,0,-2.25,0.123,1473.3,0,0,0,19.9,22.4,19.9,22.37,-2.47,0.02,0.03,22.4
2025,278,Los Angeles Chargers,1,7,LAC,100,7.575757575757576,719,15,0.12,0.02,16.73,251,89,5.93,11.13,8,53.3,12,1.5,7,0.88,0,0.47,1,0,0,6,0.008,71.3,15,0,0,0,9,60,3,0,0,0,4,1,25,0,0,0,0,-3.36,-0.077,1320,0,0,0,16.9,21.7,16.9,21.71,-4.81,0.02,0.03,21.7
2025,279,New York Jets,1,10,NYJ,100,7.368421052631578,606,14,0.15,0.02,9.36,131,89,6.36,11.13,8,57.1,24,3,3,0.38,1,0.92,1,2,1,4,0.007,100,13,0,0,0,9,64.3,2,14.3,0,0,3,2,66.7,0,0,0,0,-1.13,0.24,1357.1,0,0,0,22.9,20,22.9,19.98,2.92,0.04,0.03,20
2025,280,Philadelphia Eagles,1,17,PHI,100,3.7735849056603774,780,8,0.11,0.01,13.5,108,89,11.13,14.83,6,75,23,3.83,4,0.67,0,0.31,2,0,0,2,0.003,110.9,7,0,0,0,7,87.5,2,20,0,0,3,2,66.7,1,0,0,0,2.71,0.726,2650,0,0,0,14.9,12,14.9,12.04,2.86,0.02,0.02,12
2025,281,Baltimore Ravens,1,10,BLT,100,6.640625,916,17,0.1,0.02,15.71,267,88,5.18,9.78,9,52.9,34,3.78,14,1.56,1,1.03,1,2,1,4,0.004,47.8,11,0,2,11.8,10,58.8,5,12.5,1,5.9,2,2,100,1,0,0,0,-4.26,-0.336,1505.9,0,0,0,23.8,23.6,23.8,23.57,0.23,0.03,0.03,23.6
2025,282,Carolina Panthers,1,11,CAR,100,6.593406593406594,637,12,0.14,0.02,11.83,142,88,7.33,12.57,7,58.3,10,1.43,-2,-0.29,0,0.12,0,0,0,4,0.006,81.3,9,0,0,0,11,91.7,3,28.6,2,16.7,3,0,0,0,0,0,0,-1.36,0.161,1516.7,0,0,0,15.8,22.5,15.8,22.5,-6.7,0.02,0.04,22.5
2025,283,Los Angeles Chargers,1,10,LAC,100,6.565656565656567,719,13,0.12,0.02,9.69,126,88,6.77,12.57,7,53.8,45,6.43,13,1.86,1,0.02,1,1,0,3,0.004,61.2,11,0,1,7.7,8,61.5,1,14.3,1,7.7,3,3,100,0,1,0.14,0,-1.29,-0.813,1523.1,0,0,0,21.8,13.1,21.8,13.05,8.75,0.03,0.02,13.1
2025,284,New York Jets,1,7,NYJ,100,7.368421052631578,606,14,0.15,0.02,10.93,153,88,6.29,11,8,57.1,35,4.38,10,1.25,1,1.05,3,3,1,4,0.007,99.7,10,0,2,14.3,10,71.4,2,14.3,0,0,3,1,33.3,0,1,0.13,0,-1.92,0.043,1357.1,0,0,0,22.8,24.4,22.8,24.44,-1.64,0.04,0.04,24.4
2025,285,Cincinnati Bengals,1,17,CIN,100,7.18232044198895,647,13,0.13,0.02,10.23,133,87,6.69,12.43,7,53.8,49,7,18,2.57,0,0.26,1,0,0,5,0.008,74.8,9,0,0,0,9,69.2,2,16.7,1,7.7,3,0,0,0,4,0.57,0,-1,0.462,1392.3,0,0,0,15.7,19.5,15.7,19.48,-3.78,0.02,0.03,19.5
2025,286,Dallas Cowboys,1,13,DAL,100,5.41871921182266,748,11,0.12,0.01,10.82,119,87,7.91,12.43,7,63.6,27,3.86,14,2,0,0.43,3,1,0,4,0.005,88.1,9,0,1,9.1,9,81.8,2,16.7,1,9.1,1,0,0,0,3,0.43,0,-0.2,0.204,1845.5,0,0,0,15.7,20,15.7,20,-4.3,0.02,0.03,20
2025,287,Dallas Cowboys,1,4,DAL,100,5.911330049261084,748,12,0.12,0.02,11,132,87,7.25,9.67,9,75,33,3.67,15,1.67,3,2.7,3,3,3,5,0.007,134.4,11,0,2,16.7,10,83.3,2,0,1,8.3,4,4,100,0,1,0.11,0,-1.07,0.56,1691.7,0,0,0,35.7,33.1,35.7,33.11,2.59,0.05,0.04,33.1
2025,288,Los Angeles Chargers,1,11,LAC,100,5.555555555555555,719,11,0.12,0.02,12.27,135,87,7.91,10.88,8,72.7,27,3.38,9,1.13,1,0.99,2,1,1,7,0.01,88.1,9,0,0,0,9,81.8,1,16.7,0,0,2,1,50,0,0,0,0,-0.58,0.173,1800,0,0,0,22.7,21.4,22.7,21.42,1.28,0.03,0.03,21.4
2025,289,Cleveland Browns,1,7,CLV,100,7.865168539325842,652,14,0.13,0.02,12.36,173,86,6.14,10.75,8,57.1,21,2.63,12,1.5,0,0.31,1,1,0,4,0.006,75.3,12,0,2,14.3,10,71.4,3,12.5,2,14.3,2,1,50,1,0,0,0,-2.36,0.103,1271.4,0,0,0,16.6,20,16.6,20.04,-3.44,0.03,0.03,20
2025,290,Tennessee Titans,1,4,TEN,100,4.591836734693878,699,9,0.12,0.01,7.33,66,86,9.56,14.33,6,66.7,42,7,7,1.17,0,0.29,0,0,0,4,0.006,97.5,6,0,0,0,7,77.8,1,33.3,0,0,0,0,0,0,0,0,0,2.6,0.271,2177.8,0,0,0,14.6,18.3,14.6,18.25,-3.65,0.02,0.03,18.3
2025,291,Baltimore Ravens,1,3,BLT,100,3.515625,916,9,0.09,0.01,15.67,141,85,9.44,17,5,55.6,8,1.6,2,0.4,1,0.83,1,1,1,4,0.004,124.8,8,0,0,0,5,55.6,2,50,0,0,1,1,100,0,1,0.2,0,-0.84,0.854,2844.4,0,0,0,19.5,17.6,19.5,17.6,1.9,0.02,0.02,17.6
2025,292,Tampa Bay Buccaneers,1,15,TB,100,5.429864253393665,818,12,0.1,0.01,13.75,165,85,7.08,12.14,7,58.3,27,3.86,1,0.14,1,0.74,2,1,0,6,0.007,108,8,0,1,8.3,8,66.7,3,16.7,1,8.3,2,2,100,0,0,0,0,-1.75,0.351,1841.7,0,0,0,21.5,20.7,21.5,20.73,0.77,0.03,0.03,20.7
2025,293,Tampa Bay Buccaneers,1,3,TB,100,4.97737556561086,818,11,0.1,0.01,8.82,97,85,7.73,12.14,7,63.6,28,4,4,0.57,1,0.18,3,1,0,5,0.006,79.7,9,0,0,0,8,72.7,0,16.7,1,9.1,1,1,100,0,0,0,0,-0.09,-0.436,2009.1,0,0,0,21.5,15.9,21.5,15.85,5.65,0.03,0.02,15.9
2025,294,Buffalo Bills,1,10,BUF,100,4.819277108433735,591,8,0.14,0.01,19.75,158,84,10.5,14,6,75,9,1.5,2,0.33,1,1.06,0,1,1,3,0.005,108.3,7,0,1,12.5,7,87.5,4,33.3,0,0,1,1,100,0,0,0,0,0.34,0.477,2075,0,0,0,20.4,23.2,20.4,23.19,-2.79,0.03,0.04,23.2
2025,295,Carolina Panthers,1,7,CAR,100,8.241758241758241,637,15,0.13,0.02,18.87,283,84,5.6,14,6,40,30,5,7,1.17,0,0.48,0,2,0,4,0.006,19.2,12,0,0,0,10,66.7,7,16.7,1,6.7,5,2,40,1,1,0.17,0,-4.21,-0.281,1213.3,0,0,0,14.4,20.8,14.4,20.85,-6.45,0.02,0.03,20.8
2025,296,Green Bay Packers,1,14,GB,100,6.074766355140187,786,13,0.11,0.02,10.23,133,84,6.46,12,7,53.8,10,1.43,2,0.29,1,0.75,2,1,1,5,0.006,99.5,6,0,2,15.4,9,69.2,1,40,0,0,4,2,50,1,1,0.14,0,-2.28,0.226,1646.2,0,0,0,21.4,20.7,21.4,20.75,0.65,0.03,0.03,20.7
2025,297,Miami Dolphins,1,5,MIA,100,6.666666666666667,640,12,0.13,0.02,13.75,165,84,7,10.5,8,66.7,14,1.75,6,0.75,1,0.3,4,1,1,5,0.008,79.9,7,0,0,0,9,75,5,40,1,8.3,3,2,66.7,0,0,0,0,-1.74,0.22,1500,0,0,0,22.4,18.8,22.4,18.83,3.57,0.03,0.03,18.8
2025,298,Tennessee Titans,1,2,TEN,100,7.142857142857142,699,14,0.12,0.02,10.29,144,84,6,10.5,8,57.1,27,3.38,15,1.88,1,1.22,6,4,1,4,0.006,68.8,12,0,1,7.1,10,71.4,2,20,2,14.3,0,0,0,1,0,0,0,-2.12,0.101,1400,0,0,0,22.4,27.2,22.4,27.19,-4.79,0.03,0.04,27.2
2025,299,Washington Commanders,1,13,WAS,100,5.583756345177665,705,11,0.12,0.02,5.27,58,84,7.64,9.33,9,81.8,28,3.11,8,0.89,1,0.87,2,1,1,5,0.007,128.8,6,0,1,9.1,10,90.9,0,14.3,1,9.1,4,4,100,0,0,0,0,0.94,0.598,1790.9,0,0,0,23.4,20.5,23.4,20.53,2.87,0.03,0.03,20.5
2025,300,Buffalo Bills,1,17,BUF,100,6.626506024096386,591,11,0.14,0.02,13.36,147,83,7.55,11.86,7,63.6,15,2.14,31,4.43,0,0.3,1,0,0,4,0.007,86.6,10,0,1,9.1,10,90.9,3,16.7,1,9.1,5,2,40,0,1,0.14,0,-1.28,0.185,1509.1,0,0,0,15.3,21.4,15.3,21.45,-6.15,0.03,0.04,21.4
2025,301,Kansas City Chiefs,1,4,KC,100,5,643,9,0.13,0.01,11.78,106,83,9.22,13.83,6,66.7,18,3,10,1.67,0,0.03,0,0,0,5,0.008,96.1,5,0,0,0,7,77.8,2,33.3,0,0,1,0,0,0,1,0.17,0,0.5,0.341,2000,0,0,0,14.3,14.6,14.3,14.57,-0.27,0.02,0.02,14.6
2025,302,Los Angeles Rams,1,10,LA,100,3.7914691943127963,775,8,0.11,0.01,14,112,83,10.38,13.83,6,75,8,1.33,4,0.67,0,0.01,0,0,0,4,0.005,107.8,4,0,0,0,7,87.5,1,0,0,0,5,4,80,0,0,0,0,1.62,-0.48,2637.5,0,0,0,14.3,11.5,14.3,11.47,2.83,0.02,0.01,11.5
2025,303,San Francisco 49ers,1,4,SF,100,7.4866310160427805,672,14,0.12,0.02,6.43,90,83,5.93,7.55,11,78.6,25,2.27,10,0.91,0,0.1,0,0,0,3,0.004,91.4,10,0,1,7.1,13,92.9,0,0,1,7.1,1,1,100,0,0,0,0,-1.23,0.088,1335.7,0,0,0,19.3,24.5,19.3,24.48,-5.18,0.03,0.04,24.5
2025,304,Washington Commanders,1,16,WAS,100,8.121827411167512,705,16,0.12,0.02,8.44,135,83,5.19,6.92,12,75,11,0.92,8,0.67,1,0.88,2,1,1,6,0.009,107,14,0,0,0,13,81.3,1,0,0,0,3,2,66.7,1,2,0.17,0,-2.41,0.29,1231.3,0,0,0,26.3,26.3,26.3,26.34,-0.04,0.04,0.04,26.3
2025,305,Buffalo Bills,1,8,BUF,100,5.421686746987952,591,9,0.14,0.02,10.44,94,82,9.11,13.67,6,66.7,15,2.5,11,1.83,0,0.16,1,0,0,6,0.01,95.6,6,0,0,0,8,88.9,0,0,0,0,2,1,50,0,1,0.17,0,0.74,0.626,1844.4,0,0,0,14.2,16.7,14.2,16.71,-2.51,0.02,0.03,16.7
2025,306,Chicago Bears,1,6,CHI,100,5.9459459459459465,656,11,0.13,0.02,8.64,95,82,7.45,10.25,8,72.7,9,1.13,6,0.75,1,0.9,1,1,1,5,0.008,124.1,10,0,0,0,9,81.8,1,14.3,1,9.1,4,3,75,0,0,0,0,-0.1,0.487,1681.8,0,0,0,22.2,21.8,22.2,21.76,0.44,0.03,0.03,21.8
2025,307,Cincinnati Bengals,1,8,CIN,100,4.972375690607735,647,9,0.13,0.01,13.33,120,82,9.11,16.4,5,55.6,33,6.6,17,3.4,0,0.03,1,1,0,3,0.005,86.3,9,0,2,22.2,6,66.7,3,40,0,0,1,0,0,0,0,0,0,0.18,0.289,2011.1,0,0,0,13.2,13.9,13.2,13.88,-0.68,0.02,0.02,13.9
2025,308,Houston Texans,1,2,HST,100,8.19672131147541,666,15,0.12,0.02,15,225,82,5.47,11.71,7,46.7,20,2.86,3,0.43,2,1.18,6,3,1,6,0.009,103.3,13,0,1,6.7,9,60,7,40,0,0,5,2,40,0,0,0,0,-3.77,0.25,1220,0,0,0,27.2,22.7,27.2,22.69,4.51,0.04,0.03,22.7
2025,309,Jacksonville Jaguars,1,1,JAX,100,4.705882352941177,911,12,0.09,0.01,12.58,151,82,6.83,11.71,7,58.3,10,1.43,4,0.57,0,0.17,0,0,0,5,0.005,79.2,10,0,0,0,10,83.3,2,14.3,0,0,4,3,75,0,0,0,0,-1.54,0.315,2125,0,0,0,15.2,20.2,15.2,20.23,-5.03,0.02,0.02,20.2
2025,310,Las Vegas Raiders,1,7,LV,100,4.9504950495049505,715,10,0.11,0.01,6.9,69,82,8.2,13.67,6,60,48,8,0,0,1,1.1,4,1,1,4,0.006,119.6,8,0,2,20,6,60,1,33.3,0,0,1,1,100,0,0,0,0,1.15,0.505,2020,0,0,0,20.2,17.3,20.2,17.31,2.89,0.03,0.02,17.3
2025,311,Miami Dolphins,1,4,MIA,100,4.444444444444445,640,8,0.13,0.01,11.75,94,82,10.25,16.4,5,62.5,30,6,23,4.6,1,0.58,0,1,1,3,0.005,136.5,5,0,0,0,6,75,1,20,0,0,1,1,100,1,2,0.4,0,1.91,0.331,2250,0,0,0,19.2,13.4,19.2,13.4,5.8,0.03,0.02,13.4
2025,312,New York Jets,1,8,NYJ,100,6.842105263157896,606,13,0.14,0.02,8.92,116,82,6.31,13.67,6,46.2,41,6.83,13,2.17,1,1.29,2,0,0,2,0.003,92.5,11,0,4,30.8,9,69.2,2,20,1,7.7,2,0,0,0,0,0,0,-1.67,0.022,1461.5,0,0,0,20.2,23.9,20.2,23.9,-3.7,0.03,0.04,23.9
2025,313,Green Bay Packers,1,2,GB,100,8.411214953271028,786,18,0.1,0.02,9.22,166,81,4.5,9,9,50,33,3.67,13,1.44,0,0.08,1,0,0,4,0.005,62.5,12,0,2,11.1,13,72.2,2,0,1,5.6,5,2,40,0,1,0.11,0,-3.13,-0.296,1188.9,0,0,0,17.1,22.7,17.1,22.66,-5.56,0.02,0.03,22.7
2025,314,Jacksonville Jaguars,1,11,JAX,100,5.098039215686274,911,13,0.09,0.01,11.15,145,81,6.23,11.57,7,53.8,44,6.29,6,0.86,0,0.25,0,0,0,2,0.002,40.9,10,0,2,15.4,10,76.9,4,14.3,0,0,3,0,0,1,1,0.14,0,-1.87,-0.519,1961.5,0,0,0,15.1,18.7,15.1,18.74,-3.64,0.02,0.02,18.7
2025,315,Los Angeles Rams,1,16,LA,100,5.687203791469194,775,12,0.1,0.02,10.67,128,81,6.75,13.5,6,50,23,3.83,6,1,0,0.07,2,1,0,3,0.004,32.3,10,0,1,8.3,6,50,2,40,0,0,1,1,100,1,0,0,0,-1.62,-0.943,1758.3,0,0,0,14.1,12.7,14.1,12.72,1.38,0.02,0.02,12.7
2025,316,Minnesota Vikings,1,10,MIN,100,6.802721088435375,535,10,0.15,0.02,7,70,81,8.1,11.57,7,70,28,4,10,1.43,0,1.48,2,1,0,4,0.007,94.2,8,0,1,10,9,90,0,16.7,2,20,1,1,100,0,0,0,0,0.68,0.4,1470,0,0,0,15.1,25.8,15.1,25.78,-10.68,0.03,0.05,25.8
2025,317,Washington Commanders,1,2,WAS,100,5.583756345177665,705,11,0.11,0.02,27,297,81,7.36,16.2,5,45.5,9,1.8,1,0.2,1,1.06,1,2,1,5,0.007,100.9,8,0,0,0,5,45.5,6,25,0,0,0,0,0,1,0,0,0,-4.26,0.113,1790.9,0,0,0,19.1,18.4,19.1,18.38,0.72,0.03,0.03,18.4
2025,318,Houston Texans,1,15,HST,100,8.743169398907105,666,16,0.12,0.02,11.44,183,80,5,10,8,50,18,2.25,5,0.63,2,0.96,2,3,2,6,0.009,78.1,16,0,1,6.3,10,62.5,2,0,2,12.5,2,1,50,1,0,0,0,-3.49,-0.08,1143.8,0,0,0,28,22.6,28,22.63,5.37,0.04,0.03,22.6
2025,319,Houston Texans,1,4,HST,100,5.46448087431694,666,10,0.12,0.02,12.9,129,80,8,16,5,50,17,3.4,10,2,0,0.02,0,0,0,5,0.008,77.1,7,0,0,0,7,70,1,40,0,0,3,1,33.3,0,0,0,0,-0.91,0.298,1830,0,0,0,13,11.7,13,11.73,1.27,0.02,0.02,11.7
2025,320,Kansas City Chiefs,1,8,KC,100,5.555555555555555,643,10,0.12,0.02,10.2,102,80,8,10,8,80,2,0.25,1,0.13,1,1.03,2,1,1,4,0.006,133.3,7,0,2,20,10,100,1,14.3,1,10,4,4,100,2,0,0,0,-0.35,0.525,1800,0,0,0,22,22.8,22,22.82,-0.82,0.03,0.04,22.8
2025,321,Las Vegas Raiders,1,16,LV,100,6.9306930693069315,715,14,0.11,0.02,13.71,192,80,5.71,13.33,6,42.9,6,1,5,0.83,0,0.55,0,0,0,4,0.006,61.6,12,0,0,0,7,50,2,16.7,0,0,4,3,75,0,0,0,0,-3.05,0.007,1442.9,0,0,0,14,15.7,14,15.67,-1.67,0.02,0.02,15.7
2025,322,Pittsburgh Steelers,1,3,PIT,100,4.721030042918455,807,11,0.1,0.01,7.45,82,80,7.27,8.89,9,81.8,19,2.11,12,1.33,0,0.02,0,0,0,3,0.004,97,11,0,0,0,9,81.8,0,11.1,0,0,0,0,0,0,0,0,0,-0.01,0.487,2118.2,0,0,0,17,17.2,17,17.2,-0.2,0.02,0.02,17.2
2025,323,Seattle Seahawks,1,1,SEA,100,4.477611940298507,724,9,0.11,0.01,17,153,80,8.89,26.67,3,33.3,22,7.33,6,2,0,0.08,4,3,0,3,0.004,27.3,8,0,0,0,3,33.3,3,66.7,0,0,0,0,0,0,1,0.33,0,-1.21,-0.528,2233.3,0,0,0,11,9.4,11,9.41,1.59,0.02,0.01,9.4
2025,324,Tennessee Titans,1,6,TEN,100,2.5510204081632653,699,5,0.11,0.01,6.2,31,80,16,16,5,100,49,9.8,37,7.4,0,0.04,0,0,0,4,0.006,118.8,4,0,0,0,5,100,0,20,0,0,1,1,100,0,2,0.4,0,8.82,1.577,3920,0,0,0,13,9.1,13,9.06,3.94,0.02,0.01,9.1
2025,325,Carolina Panthers,1,18,CAR,100,3.8461538461538463,637,7,0.12,0.01,7.86,55,79,11.29,13.17,6,85.7,29,4.83,9,1.5,0,0.33,1,0,0,5,0.008,113.7,5,0,0,0,7,100,0,16.7,0,0,1,0,0,0,0,0,0,3.91,0.822,2600,0,0,0,13.9,16.3,13.9,16.3,-2.4,0.02,0.03,16.3
2025,326,Houston Texans,1,12,HST,100,4.918032786885246,666,9,0.12,0.01,10.11,91,79,8.78,15.8,5,55.6,40,8,3,0.6,0,0.24,0,0,0,1,0.002,45.4,8,0,1,11.1,7,77.8,1,20,1,11.1,3,1,33.3,0,0,0,0,0.23,0.217,2033.3,0,0,0,12.9,13.5,12.9,13.51,-0.61,0.02,0.02,13.5
2025,327,Houston Texans,1,14,HST,100,6.557377049180328,666,12,0.12,0.02,11.42,137,79,6.58,13.17,6,50,32,5.33,2,0.33,0,0.22,0,1,0,5,0.008,71.2,8,0,1,8.3,11,91.7,1,33.3,2,16.7,4,0,0,0,0,0,0,-1.81,-0.341,1525,0,0,0,13.9,22,13.9,22.03,-8.13,0.02,0.03,22
2025,328,Los Angeles Chargers,1,15,LAC,100,5.555555555555555,719,11,0.11,0.02,9.36,103,79,7.18,11.29,7,63.6,50,7.14,16,2.29,0,0.02,1,0,0,2,0.003,85,8,0,2,18.2,8,72.7,2,14.3,0,0,2,0,0,0,2,0.29,0,-0.49,0.151,1800,0,0,0,14.9,14,14.9,14.02,0.88,0.02,0.02,14
2025,329,Philadelphia Eagles,1,16,PHI,100,3.7735849056603774,780,8,0.1,0.01,11.25,90,79,9.88,15.8,5,62.5,14,2.8,13,2.6,0,0.15,0,0,0,4,0.005,55.7,7,0,0,0,6,75,1,40,0,0,4,3,75,0,3,0.6,0,1.66,0.252,2650,0,0,0,12.9,10.7,12.9,10.69,2.21,0.02,0.01,10.7
2025,330,Arizona Cardinals,1,12,ARZ,100,5.05050505050505,731,10,0.11,0.01,13,130,78,7.8,13,6,60,12,2,3,0.5,2,1.87,3,3,2,4,0.005,84.6,8,0,0,0,7,70,1,25,1,10,3,3,100,0,0,0,0,-1.43,-0.031,1980,0,0,0,25.8,23.7,25.8,23.66,2.14,0.04,0.03,23.7
2025,331,Houston Texans,1,13,HST,100,2.73224043715847,666,5,0.12,0.01,20.8,104,78,15.6,19.5,4,80,6,1.5,3,0.75,1,0.81,1,1,1,4,0.006,158.3,5,0,0,0,4,80,2,33.3,0,0,1,1,100,0,0,0,0,4.11,1.305,3660,0,0,0,17.8,15,17.8,15.04,2.76,0.03,0.02,15
2025,332,Los Angeles Rams,1,1,LA,100,4.265402843601896,775,9,0.1,0.01,10.67,96,78,8.67,13,6,66.7,24,4,8,1.33,0,0.15,1,0,0,2,0.003,54.2,8,0,2,22.2,8,88.9,3,33.3,0,0,2,0,0,0,0,0,0,0.26,-0.103,2344.4,0,0,0,13.8,18.4,13.8,18.39,-4.59,0.02,0.02,18.4
2025,333,Miami Dolphins,1,11,MIA,100,6.111111111111111,640,11,0.12,0.02,9.27,102,78,7.09,15.6,5,45.5,47,9.4,13,2.6,0,0.01,1,2,0,3,0.005,31.6,8,0,1,9.1,5,45.5,1,40,0,0,0,0,0,0,0,0,0,-1.01,-0.688,1636.4,0,0,0,12.8,10.2,12.8,10.17,2.63,0.02,0.02,10.2
2025,334,Tampa Bay Buccaneers,1,11,TB,100,6.334841628959276,818,14,0.1,0.02,12.57,176,78,5.57,11.14,7,50,21,3,5,0.71,0,0.32,1,1,0,4,0.005,37.2,8,0,0,0,9,64.3,2,28.6,1,7.1,2,1,50,0,0,0,0,-2.7,-0.154,1578.6,0,0,0,14.8,17.4,14.8,17.35,-2.55,0.02,0.02,17.4
2025,335,Cincinnati Bengals,1,7,CIN,100,6.077348066298343,647,11,0.12,0.02,17.36,191,77,7,12.83,6,54.5,39,6.5,16,2.67,0,0.06,1,1,0,2,0.003,37.1,10,0,2,18.2,7,63.6,4,20,0,0,2,1,50,0,1,0.17,0,-2.32,0.043,1645.5,0,0,0,13.7,12.3,13.7,12.25,1.45,0.02,0.02,12.3
2025,336,Green Bay Packers,1,9,GB,100,4.672897196261682,786,10,0.1,0.01,12.4,124,77,7.7,12.83,6,60,7,1.17,3,0.5,0,0.36,2,2,0,5,0.006,44.6,7,0,0,0,7,70,1,16.7,1,10,1,1,100,0,0,0,0,-1,-0.119,2140,0,0,0,13.7,15.2,13.7,15.23,-1.53,0.02,0.02,15.2
2025,337,Cincinnati Bengals,1,9,CIN,100,5.524861878453039,647,10,0.12,0.02,13.8,138,76,7.6,15.2,5,50,28,5.6,10,2,1,1.27,2,3,1,5,0.008,108.8,7,0,0,0,8,80,1,25,2,20,1,0,0,0,0,0,0,-1.18,0.468,1810,0,0,0,18.6,23.1,18.6,23.14,-4.54,0.03,0.04,23.1
2025,338,New Orleans Saints,1,17,NO,100,5.376344086021505,657,10,0.12,0.02,17.7,177,76,7.6,12.67,6,60,3,0.5,2,0.33,0,0.21,1,1,0,4,0.006,83.8,5,0,0,0,6,60,3,16.7,0,0,2,2,100,0,0,0,0,-2.21,0.235,1860,0,0,0,13.6,12.8,13.6,12.82,0.78,0.02,0.02,12.8
2025,339,Buffalo Bills,1,15,BUF,100,6.024096385542169,591,10,0.13,0.02,17.5,175,75,7.5,12.5,6,60,14,2.33,0,0,0,0.43,0,1,0,3,0.005,43.8,10,0,0,0,8,80,3,16.7,0,0,4,1,25,1,2,0.33,0,-2.17,0.264,1660,0,0,0,13.5,18.1,13.5,18.06,-4.56,0.02,0.03,18.1
2025,340,Carolina Panthers,1,13,CAR,100,6.043956043956044,637,11,0.12,0.02,8.64,95,75,6.82,10.71,7,63.6,32,4.57,12,1.71,2,1.99,4,3,2,4,0.006,85.2,8,0,2,18.2,8,72.7,1,25,1,9.1,1,1,100,1,0,0,0,-1.14,-0.062,1654.5,0,0,0,26.5,25.4,26.5,25.42,1.08,0.04,0.04,25.4
2025,341,Cincinnati Bengals,1,11,CIN,100,5.524861878453039,647,10,0.12,0.02,6.4,64,75,7.5,9.38,8,80,35,4.38,7,0.88,0,0.43,1,0,0,4,0.006,97.9,8,0,1,10,9,90,1,0,1,10,2,1,50,0,1,0.13,0,0.43,0.34,1810,0,0,0,15.5,17.8,15.5,17.77,-2.27,0.02,0.03,17.8
2025,342,Detroit Lions,1,10,DET,100,3.070175438596491,836,7,0.09,0.01,18.57,130,75,10.71,18.75,4,57.1,15,3.75,2,0.5,0,0.09,0,0,0,3,0.004,94.3,6,0,0,0,6,85.7,3,25,0,0,3,1,33.3,0,1,0.25,0,0.41,0.33,3257.1,0,0,0,11.5,13.3,11.5,13.33,-1.83,0.01,0.02,13.3
2025,343,Minnesota Vikings,1,12,MIN,100,5.442176870748299,535,8,0.14,0.01,12.25,98,75,9.38,12.5,6,75,16,2.67,7,1.17,0,0.06,2,0,0,4,0.007,103.6,6,0,0,0,6,75,1,0,0,0,1,1,100,0,0,0,0,0.4,0.7,1837.5,0,0,0,13.5,12.8,13.5,12.78,0.72,0.03,0.02,12.8
2025,344,New England Patriots,1,18,NE,100,7.653061224489796,718,15,0.1,0.02,12.27,184,75,5,9.38,8,53.3,19,2.38,7,0.88,1,1.05,4,3,1,5,0.007,61.8,13,0,2,13.3,10,66.7,1,16.7,0,0,2,0,0,0,0,0,0,-3.99,-0.454,1306.7,0,0,0,21.5,23.6,21.5,23.61,-2.11,0.03,0.03,23.6
2025,345,Tennessee Titans,1,16,TEN,100,4.591836734693878,699,9,0.11,0.01,6.33,57,75,8.33,12.5,6,66.7,47,7.83,5,0.83,0,0.03,0,0,0,4,0.006,92.4,8,0,2,22.2,8,88.9,1,16.7,0,0,2,0,0,0,0,0,0,1.49,0.078,2177.8,0,0,0,13.5,13.1,13.5,13.13,0.37,0.02,0.02,13.1
2025,346,Baltimore Ravens,1,6,BLT,100,5.078125,916,13,0.08,0.01,11,143,74,5.69,10.57,7,53.8,21,3,11,1.57,0,0.05,3,2,0,6,0.007,70.7,9,0,1,7.7,10,76.9,1,28.6,2,15.4,2,0,0,0,0,0,0,-3.16,0.359,1969.2,0,0,0,14.4,21.3,14.4,21.28,-6.88,0.02,0.02,21.3
2025,347,Cincinnati Bengals,1,1,CIN,100,6.629834254143646,647,12,0.11,0.02,9.42,113,74,6.17,9.25,8,66.7,23,2.88,6,0.75,1,0.98,1,1,1,3,0.005,71.5,9,0,1,8.3,10,83.3,1,14.3,2,16.7,0,0,0,0,0,0,0,-2.18,-0.627,1508.3,0,0,0,21.4,25.7,21.4,25.75,-4.35,0.03,0.04,25.7
2025,348,Minnesota Vikings,1,2,MIN,100,5.442176870748299,535,8,0.14,0.01,8.63,69,74,9.25,14.8,5,62.5,31,6.2,13,2.6,0,0.16,1,1,0,3,0.006,92.7,6,0,0,0,6,75,0,20,1,12.5,0,0,0,0,1,0.2,0,1.39,-0.321,1837.5,0,0,0,12.4,14.2,12.4,14.16,-1.76,0.02,0.03,14.2
2025,349,Philadelphia Eagles,1,13,PHI,100,7.547169811320755,780,16,0.09,0.02,7.19,115,74,4.63,8.22,9,56.3,44,4.89,29,3.22,0,0.31,1,0,0,6,0.008,68.2,10,0,2,12.5,12,75,1,0,2,12.5,4,4,100,0,2,0.22,0,-2.75,0.135,1325,0,0,0,16.4,22.9,16.4,22.87,-6.47,0.02,0.03,22.9
2025,350,Carolina Panthers,1,17,CAR,100,6.593406593406594,637,12,0.11,0.02,9.17,110,73,6.08,8.11,9,75,14,1.56,9,1,0,0.86,2,2,0,3,0.005,55.2,12,0,1,8.3,10,83.3,1,0,1,8.3,3,1,33.3,1,0,0,0,-1.89,0.1,1516.7,0,0,0,16.3,23.5,16.3,23.51,-7.21,0.03,0.04,23.5
2025,351,Chicago Bears,1,16,CHI,100,4.864864864864865,656,9,0.11,0.01,8.78,79,73,8.11,10.43,7,77.8,19,2.71,6,0.86,0,0.49,2,1,0,5,0.008,100.5,9,0,0,0,9,100,0,16.7,0,0,1,1,100,0,0,0,0,0.27,0.701,2055.6,0,0,0,14.3,19.4,14.3,19.38,-5.08,0.02,0.03,19.4
2025,352,Denver Broncos,1,18,DEN,100,7.6923076923076925,809,17,0.09,0.02,12.18,207,73,4.29,10.43,7,41.2,38,5.43,16,2.29,0,0.03,1,1,0,4,0.005,29.8,17,0,2,11.8,9,52.9,5,0,1,5.9,2,1,50,0,0,0,0,-4.06,-0.575,1300,0,0,0,14.3,14.5,14.3,14.45,-0.15,0.02,0.02,14.5
2025,353,Green Bay Packers,1,10,GB,100,4.205607476635514,786,9,0.09,0.01,13.78,124,73,8.11,14.6,5,55.6,6,1.2,3,0.6,1,0.5,0,0,0,3,0.004,119.2,8,0,0,0,6,66.7,2,20,1,11.1,2,2,100,0,0,0,0,-0.8,0.503,2377.8,0,0,0,18.3,15.4,18.3,15.41,2.89,0.02,0.02,15.4
2025,354,Indianapolis Colts,1,1,IND,100,4.273504273504273,830,10,0.09,0.01,8.8,88,73,7.3,9.13,8,80,9,1.13,5,0.63,0,0.07,1,0,0,5,0.006,97.1,9,0,0,0,9,90,2,12.5,0,0,0,0,0,0,0,0,0,-0.31,0.233,2340,0,0,0,15.3,19.8,15.3,19.81,-4.51,0.02,0.02,19.8
2025,355,Los Angeles Chargers,1,3,LAC,100,5.05050505050505,719,10,0.1,0.01,16.8,168,73,7.3,12.17,6,60,26,4.33,7,1.17,0,0.02,0,0,0,4,0.006,82.5,9,0,1,10,6,60,2,16.7,0,0,0,0,0,0,2,0.33,0,-2.49,0.394,1980,0,0,0,13.3,13.1,13.3,13.05,0.25,0.02,0.02,13.1
2025,356,Pittsburgh Steelers,1,18,PIT,100,1.7167381974248928,807,4,0.09,0,21,84,73,18.25,24.33,3,75,6,2,0,0,1,0.54,0,0,0,2,0.002,156.3,3,0,0,0,4,100,1,33.3,1,25,0,0,0,0,0,0,0,7.1,1.459,5825,0,0,0,16.3,15.2,16.3,15.25,1.05,0.02,0.02,15.2
2025,357,Tampa Bay Buccaneers,1,2,TB,100,4.072398190045249,818,9,0.09,0.01,13.11,118,73,8.11,24.33,3,33.3,31,10.33,4,1.33,1,0.95,2,3,1,3,0.004,100.7,4,0,0,0,3,33.3,2,66.7,0,0,2,2,100,1,0,0,0,-0.41,-0.244,2455.6,0,0,0,16.3,11.7,16.3,11.68,4.62,0.02,0.01,11.7
2025,358,Dallas Cowboys,1,5,DAL,100,5.911330049261084,748,12,0.1,0.02,14.25,171,72,6,12,6,50,18,3,14,2.33,0,0.13,2,0,0,3,0.004,68.8,6,0,0,0,8,66.7,3,16.7,2,16.7,3,2,66.7,0,1,0.17,0,-2.76,0.014,1691.7,0,0,0,13.2,14.6,13.2,14.62,-1.42,0.02,0.02,14.6
2025,359,New York Giants,1,12,NYG,100,4.285714285714286,765,9,0.09,0.01,10.67,96,72,8,18,4,44.4,24,6,12,3,0,0.04,1,0,0,3,0.004,32.9,9,0,1,11.1,7,77.8,1,25,2,22.2,2,0,0,0,2,0.5,0,-0.37,-0.345,2333.3,0,0,0,11.2,14.2,11.2,14.16,-2.96,0.01,0.02,14.2
2025,360,Pittsburgh Steelers,1,10,PIT,100,6.008583690987124,807,14,0.09,0.02,4.07,57,72,5.14,8,9,64.3,68,7.56,30,3.33,0,0.6,2,0,0,3,0.004,77.1,13,0,7,50,13,92.9,0,0,2,14.3,2,0,0,0,6,0.67,0,-1.77,-0.1,1664.3,0,0,0,16.2,26,16.2,26.03,-9.83,0.02,0.03,26
2025,361,Washington Commanders,1,15,WAS,100,5.583756345177665,705,11,0.1,0.02,14.18,156,72,6.55,12,6,54.5,10,1.67,1,0.17,1,0.74,1,1,1,4,0.006,105.1,11,0,1,9.1,8,72.7,3,0,1,9.1,1,0,0,0,1,0.17,0,-2.16,0.078,1790.9,0,0,0,19.2,21,19.2,21,-1.8,0.03,0.03,21
2025,362,Carolina Panthers,1,1,CAR,100,5.4945054945054945,637,10,0.11,0.02,11.6,116,71,7.1,11.83,6,60,13,2.17,5,0.83,0,0.11,0,0,0,4,0.006,81.7,10,0,1,10,8,80,2,16.7,1,10,1,0,0,0,1,0.17,0,-1.34,0.169,1820,0,0,0,13.1,18.4,13.1,18.38,-5.28,0.02,0.03,18.4
2025,363,Minnesota Vikings,1,14,MIN,100,6.122448979591836,535,9,0.13,0.02,10.22,92,71,7.89,14.2,5,55.6,15,3,6,1.2,0,0.01,1,0,0,4,0.007,41.7,9,0,0,0,5,55.6,0,20,0,0,0,0,0,0,0,0,0,-0.48,0.015,1633.3,0,0,0,12.1,11.7,12.1,11.71,0.39,0.02,0.02,11.7
2025,364,New Orleans Saints,1,10,NO,100,5.913978494623656,657,11,0.11,0.02,12.91,142,71,6.45,10.14,7,63.6,12,1.71,7,1,0,0.03,0,1,0,3,0.005,44.1,8,0,0,0,9,81.8,3,14.3,1,9.1,1,0,0,0,0,0,0,-2.05,-0.308,1690.9,0,0,0,14.1,18.3,14.1,18.27,-4.17,0.02,0.03,18.3
2025,365,New York Jets,1,12,NYJ,100,3.684210526315789,606,7,0.12,0.01,19.71,138,71,10.14,17.75,4,57.1,2,0.5,1,0.25,0,0.07,1,1,0,3,0.005,92,7,0,0,0,5,71.4,4,50,1,14.3,1,0,0,0,1,0.25,0,0.19,0.535,2714.3,0,0,0,11.1,15,11.1,15.01,-3.91,0.02,0.02,15
2025,366,Tampa Bay Buccaneers,1,13,TB,100,5.429864253393665,818,12,0.09,0.01,12.25,147,71,5.92,11.83,6,50,19,3.17,4,0.67,0,0.01,2,2,0,4,0.005,33.7,12,0,0,0,7,58.3,3,16.7,0,0,3,2,66.7,0,0,0,0,-2.55,-0.679,1841.7,0,0,0,13.1,10.3,13.1,10.31,2.79,0.02,0.01,10.3
2025,367,Tampa Bay Buccaneers,1,17,TB,100,2.7149321266968327,818,6,0.09,0.01,17.5,105,71,11.83,35.5,2,33.3,46,23,1,0.5,1,0.25,1,1,0,1,0.001,118.8,5,0,0,0,4,66.7,2,50,1,16.7,3,1,33.3,0,0,0,0,1.77,0.571,3683.3,0,0,0,15.1,9,15.1,8.98,6.12,0.02,0.01,9
2025,368,Cleveland Browns,1,3,CLV,100,2.8089887640449436,652,5,0.11,0.01,9,45,70,14,14,5,100,25,5,6,1.2,0,0.06,0,0,0,3,0.005,118.8,5,0,0,0,5,100,1,20,0,0,0,0,0,0,0,0,0,6.65,1.471,3560,0,0,0,12,11.4,12,11.35,0.65,0.02,0.02,11.4
2025,369,Detroit Lions,1,16,DET,100,5.701754385964912,836,13,0.08,0.02,14.15,184,70,5.38,10,7,53.8,22,3.14,8,1.14,0,0.75,0,0,0,5,0.006,69.4,12,0,2,15.4,11,84.6,3,14.3,1,7.7,1,0,0,0,0,0,0,-3.76,0.293,1753.8,0,0,0,14,29.3,14,29.26,-15.26,0.02,0.03,29.3
2025,370,Indianapolis Colts,1,17,IND,100,5.982905982905983,830,14,0.08,0.02,12.5,175,70,5,8.75,8,57.1,11,1.38,8,1,0,0.05,1,1,0,3,0.004,70.5,11,0,0,0,10,71.4,4,14.3,0,0,4,2,50,1,1,0.13,0,-3.48,-0.37,1671.4,0,0,0,15,17.8,15,17.78,-2.78,0.02,0.02,17.8
2025,371,Kansas City Chiefs,1,16,KC,100,3.888888888888889,643,7,0.11,0.01,15.71,110,70,10,14,5,71.4,16,3.2,3,0.6,0,0.33,1,0,0,3,0.005,103.3,7,0,1,14.3,5,71.4,4,50,0,0,1,1,100,0,0,0,0,0.69,0.766,2571.4,0,0,0,12,12.6,12,12.57,-0.57,0.02,0.02,12.6
2025,372,Minnesota Vikings,1,8,MIN,100,5.442176870748299,535,8,0.13,0.01,12.63,101,70,8.75,14,5,62.5,12,2.4,5,1,2,1.7,1,2,2,5,0.009,90.6,4,0,0,0,5,62.5,1,25,0,0,1,1,100,0,1,0.2,0,0.14,0.384,1837.5,0,0,0,24,20.2,24,20.24,3.76,0.04,0.04,20.2
2025,373,New Orleans Saints,1,1,NO,100,5.376344086021505,657,10,0.11,0.02,12.1,121,70,7,11.67,6,60,26,4.33,6,1,1,1.2,1,1,1,5,0.008,114.6,8,0,1,10,6,60,2,20,0,0,1,1,100,0,0,0,0,-1.74,0.543,1860,0,0,0,19,17,19,16.97,2.03,0.03,0.03,17
2025,374,Seattle Seahawks,1,10,SEA,100,8.45771144278607,724,17,0.1,0.02,9.94,169,70,4.12,10,7,41.2,28,4,11,1.57,1,0.79,6,5,1,4,0.006,73.2,15,0,0,0,11,64.7,2,0,3,17.6,2,1,50,0,0,0,0,-3.78,-0.046,1182.4,0,0,0,20,20.7,20,20.67,-0.67,0.03,0.03,20.7
2025,375,San Francisco 49ers,1,15,SF,100,4.27807486631016,672,8,0.1,0.01,11.88,95,70,8.75,11.67,6,75,22,3.67,4,0.67,0,0.15,1,1,0,2,0.003,101,8,0,4,50,6,75,2,16.7,0,0,1,1,100,1,0,0,0,0.27,0.219,2337.5,0,0,0,13,11.3,13,11.25,1.75,0.02,0.02,11.3
2025,376,Arizona Cardinals,1,7,ARZ,100,4.545454545454546,731,9,0.09,0.01,9.22,83,69,7.67,9.86,7,77.8,16,2.29,8,1.14,0,0.02,0,0,0,3,0.004,98.6,7,0,1,11.1,8,88.9,1,14.3,0,0,2,1,50,0,0,0,0,-0.61,0.585,2200,0,0,0,13.9,15,13.9,15.03,-1.13,0.02,0.02,15
2025,377,Chicago Bears,1,15,CHI,100,4.324324324324325,656,8,0.11,0.01,15.25,122,69,8.63,23,3,37.5,16,5.33,2,0.67,0,0.3,0,0,0,2,0.003,29.7,6,0,0,0,4,50,2,33.3,0,0,1,0,0,0,1,0.33,0,-0.98,-0.156,2312.5,0,0,0,9.9,11.4,9.9,11.42,-1.52,0.02,0.02,11.4
2025,378,Cincinnati Bengals,1,12,CIN,100,5.524861878453039,647,10,0.11,0.02,9,90,69,6.9,13.8,5,50,30,6,16,3.2,0,0.02,0,0,0,4,0.006,72.5,8,0,0,0,5,50,0,20,0,0,2,2,100,0,0,0,0,-0.88,0.144,1810,0,0,0,11.9,8.3,11.9,8.29,3.61,0.02,0.01,8.3
2025,379,Indianapolis Colts,1,3,IND,100,4.700854700854701,830,11,0.08,0.01,11.64,128,69,6.27,11.5,6,54.5,19,3.17,7,1.17,1,1.12,2,2,1,4,0.005,104,9,0,0,0,9,81.8,1,20,2,18.2,2,1,50,0,2,0.33,0,-2.02,0.563,2127.3,0,0,0,18.9,22,18.9,22.02,-3.12,0.02,0.03,22
2025,380,Kansas City Chiefs,1,15,KC,100,4.444444444444445,643,8,0.11,0.01,10.25,82,69,8.63,13.8,5,62.5,11,2.2,13,2.6,1,0.72,1,1,1,3,0.005,129.7,8,0,0,0,7,87.5,2,25,1,12.5,3,2,66.7,0,1,0.2,0,1.12,0.503,2250,0,0,0,17.9,16.4,17.9,16.43,1.47,0.03,0.03,16.4
2025,381,New England Patriots,1,17,NE,100,6.122448979591836,718,12,0.1,0.02,9.08,109,69,5.75,8.63,8,66.7,32,4,11,1.38,0,0.03,1,0,0,2,0.003,46.9,9,0,0,0,8,66.7,2,0,0,0,0,0,0,0,0,0,0,-2.01,-0.477,1633.3,0,0,0,14.9,14,14.9,13.96,0.94,0.02,0.02,14
2025,382,Pittsburgh Steelers,1,17,PIT,100,3.004291845493562,807,7,0.09,0.01,13.29,93,69,9.86,13.8,5,71.4,8,1.6,2,0.4,1,0.95,0,0,0,5,0.006,102.7,5,0,0,0,5,71.4,1,20,0,0,1,1,100,1,0,0,0,1.16,0.543,3328.6,0,0,0,17.9,16.5,17.9,16.53,1.37,0.02,0.02,16.5
2025,383,Houston Texans,1,1,HST,100,4.371584699453552,666,8,0.1,0.01,9.63,77,68,8.5,11.33,6,75,11,1.83,4,0.67,0,0.04,0,0,0,5,0.008,100,8,0,0,0,7,87.5,1,16.7,1,12.5,1,1,100,0,0,0,0,0.54,0.784,2287.5,0,0,0,12.8,13.6,12.8,13.56,-0.76,0.02,0.02,13.6
2025,384,Indianapolis Colts,1,2,IND,100,2.9914529914529915,830,7,0.08,0.01,8.43,59,68,9.71,9.71,7,100,22,3.14,8,1.14,2,1.75,2,2,2,5,0.006,146.7,7,0,1,14.3,7,100,1,20,0,0,0,0,0,0,2,0.29,0,2.39,1.125,3342.9,0,0,0,25.8,23.2,25.8,23.2,2.6,0.03,0.03,23.2
2025,385,Arizona Cardinals,1,11,ARZ,100,4.040404040404041,731,8,0.09,0.01,9.5,76,67,8.38,11.17,6,75,8,1.33,3,0.5,0,0.13,0,0,0,4,0.005,99.5,5,0,0,0,6,75,1,16.7,0,0,2,2,100,0,0,0,0,0.62,0.25,2475,0,0,0,12.7,14,12.7,13.99,-1.29,0.02,0.02,14
2025,386,Carolina Panthers,1,10,CAR,100,2.7472527472527473,637,5,0.11,0.01,17.8,89,67,13.4,33.5,2,40,21,10.5,1,0.5,1,0.39,1,1,0,1,0.002,127.1,4,0,0,0,3,60,2,50,0,0,1,0,0,0,0,0,0,3.82,0.746,3640,0,0,0,14.7,11.6,14.7,11.59,3.11,0.02,0.02,11.6
2025,387,Dallas Cowboys,1,1,DAL,100,1.9704433497536946,748,4,0.09,0.01,14.75,59,67,16.75,16.75,4,100,8,2,11,2.75,0,0.08,0,0,0,1,0.001,118.8,3,0,0,0,4,100,1,25,0,0,0,0,0,0,0,0,0,8.1,0.432,5075,0,0,0,10.7,11.3,10.7,11.3,-0.6,0.01,0.02,11.3
2025,388,Miami Dolphins,1,14,MIA,100,7.777777777777778,640,14,0.1,0.02,9.36,131,67,4.79,11.17,6,42.9,37,6.17,2,0.33,0,0.31,3,2,0,2,0.003,18.2,12,0,3,21.4,10,71.4,2,16.7,2,14.3,4,1,25,1,2,0.33,0,-3.44,-0.979,1285.7,0,0,0,12.7,17.2,12.7,17.24,-4.54,0.02,0.03,17.2
2025,389,New England Patriots,1,4,NE,100,4.591836734693878,718,9,0.09,0.01,12.67,114,67,7.44,16.75,4,44.4,36,9,4,1,0,0.04,0,0,0,4,0.006,70.1,8,0,0,0,5,55.6,1,50,0,0,0,0,0,0,2,0.5,0,-1.5,0.014,2177.8,0,0,0,10.7,9.7,10.7,9.74,0.96,0.01,0.01,9.7
2025,390,New Orleans Saints,1,16,NO,100,6.451612903225806,657,12,0.1,0.02,10.42,125,67,5.58,11.17,6,50,39,6.5,8,1.33,0,0.01,1,1,0,2,0.003,67,11,0,2,16.7,8,66.7,2,16.7,1,8.3,1,0,0,0,0,0,0,-2.48,0.089,1550,0,0,0,12.7,14.2,12.7,14.25,-1.55,0.02,0.02,14.2
2025,391,New Orleans Saints,1,5,NO,100,9.13978494623656,657,17,0.1,0.03,16.24,276,67,3.94,9.57,7,41.2,39,5.57,8,1.14,1,1.29,2,2,1,3,0.005,32.8,14,0,1,5.9,11,64.7,6,0,2,11.8,3,1,33.3,0,0,0,0,-5.23,-0.72,1094.1,0,0,0,19.7,27.2,19.7,27.22,-7.52,0.03,0.04,27.2
2025,392,New York Jets,1,17,NYJ,100,4.2105263157894735,606,8,0.11,0.01,11.63,93,67,8.38,11.17,6,75,22,3.67,5,0.83,2,1.77,2,0,0,5,0.008,139.1,6,0,1,12.5,8,100,2,25,1,12.5,1,1,100,1,0,0,0,-0.32,1.182,2375,0,0,0,24.7,28.6,24.7,28.62,-3.92,0.04,0.05,28.6
2025,393,Pittsburgh Steelers,1,12,PIT,100,6.008583690987124,807,14,0.08,0.02,10.57,148,67,4.79,11.17,6,42.9,14,2.33,4,0.67,1,1.06,2,1,1,4,0.005,81.5,11,0,2,14.3,9,64.3,2,20,3,21.4,1,1,100,0,0,0,0,-3.68,-0.092,1664.3,0,0,0,18.7,25.5,18.7,25.47,-6.77,0.02,0.03,25.5
2025,394,Washington Commanders,1,5,WAS,100,4.568527918781726,705,9,0.1,0.01,6.56,59,67,7.44,11.17,6,66.7,41,6.83,31,5.17,0,0.61,1,1,0,5,0.007,88.7,8,0,0,0,9,100,1,16.7,1,11.1,2,1,50,0,3,0.5,0,0.44,0.688,2188.9,0,0,0,12.7,17.7,12.7,17.7,-5,0.02,0.03,17.7
2025,395,Denver Broncos,1,15,DEN,100,4.524886877828054,809,10,0.08,0.01,18.3,183,66,6.6,11,6,60,25,4.17,11,1.83,0,0.19,1,0,0,3,0.004,40,7,0,1,10,7,70,3,20,0,0,1,1,100,0,0,0,0,-3.04,-0.584,2210,0,0,0,12.6,15.5,12.6,15.52,-2.92,0.02,0.02,15.5
2025,396,Houston Texans,1,8,HST,100,4.371584699453552,666,8,0.1,0.01,21.5,172,66,8.25,13.2,5,62.5,6,1.2,3,0.6,0,0.41,0,0,0,2,0.003,49,7,0,0,0,6,75,4,20,1,12.5,1,1,100,0,1,0.2,0,-2.28,0.147,2287.5,0,0,0,11.6,16.7,11.6,16.67,-5.07,0.02,0.03,16.7
2025,397,Miami Dolphins,1,3,MIA,100,5,640,9,0.1,0.01,2.89,26,66,7.33,9.43,7,77.8,54,7.71,21,3,0,0.13,2,0,0,3,0.005,97.2,7,0,1,11.1,8,88.9,0,20,1,11.1,2,1,50,0,2,0.29,0,1.45,0.297,2000,0,0,0,13.6,12.4,13.6,12.44,1.16,0.02,0.02,12.4
2025,398,Washington Commanders,1,6,WAS,100,5.0761421319796955,705,10,0.09,0.01,7.8,78,66,6.6,13.2,5,50,38,7.6,10,2,0,0.25,0,0,0,4,0.006,71.3,8,0,1,10,6,60,0,20,0,0,2,1,50,0,0,0,0,-0.95,-0.107,1970,0,0,0,11.6,12.5,11.6,12.48,-0.88,0.02,0.02,12.5
2025,399,Buffalo Bills,1,3,BUF,100,6.024096385542169,591,10,0.11,0.02,7.2,72,65,6.5,8.13,8,80,23,2.88,4,0.5,2,1.91,2,2,2,6,0.01,93.8,9,0,2,20,8,80,0,0,0,0,0,0,0,0,0,0,0,-0.76,0.581,1660,0,0,0,26.5,25.9,26.5,25.91,0.59,0.04,0.04,25.9
2025,400,Minnesota Vikings,1,1,MIN,100,7.482993197278912,535,11,0.12,0.02,12.09,133,65,5.91,10.83,6,54.5,23,3.83,9,1.5,1,1.02,1,1,1,3,0.006,102.5,9,0,2,18.2,7,63.6,2,40,1,9.1,1,0,0,0,0,0,0,-2.85,-0.446,1336.4,0,0,0,18.5,20.4,18.5,20.44,-1.94,0.03,0.04,20.4
2025,401,Seattle Seahawks,1,12,SEA,100,2.9850746268656714,724,6,0.09,0.01,8.17,49,65,10.83,13,5,83.3,34,6.8,10,2,0,0.01,0,0,0,4,0.006,111.8,3,0,0,0,5,83.3,0,20,0,0,0,0,0,1,1,0.2,0,3.34,1.307,3350,0,0,0,11.5,9.3,11.5,9.31,2.19,0.02,0.01,9.3
2025,402,Arizona Cardinals,1,16,ARZ,100,6.565656565656567,731,13,0.09,0.02,11.46,149,64,4.92,10.67,6,46.2,17,2.83,8,1.33,0,0.11,0,0,0,5,0.007,29,10,0,1,7.7,9,69.2,1,0,0,0,5,2,40,0,1,0.17,0,-3.73,0.119,1523.1,0,0,0,12.4,15.8,12.4,15.85,-3.45,0.02,0.02,15.8
2025,403,Cincinnati Bengals,1,13,CIN,100,6.629834254143646,647,12,0.1,0.02,17.58,211,64,5.33,12.8,5,41.7,10,2,3,0.6,0,0.25,0,0,0,2,0.003,59,9,0,0,0,7,58.3,5,20,0,0,2,0,0,0,1,0.2,0,-4.36,-0.139,1508.3,0,0,0,11.4,16.5,11.4,16.52,-5.12,0.02,0.03,16.5
2025,404,Tampa Bay Buccaneers,1,1,TB,100,8.597285067873303,818,19,0.08,0.02,10.16,193,64,3.37,7.11,9,47.4,21,2.33,12,1.33,0,1.01,2,3,0,3,0.004,55.6,16,0,2,10.5,13,68.4,3,0,2,10.5,4,1,25,0,0,0,0,-4.61,-0.213,1163.2,0,0,0,15.4,26.5,15.4,26.48,-11.08,0.02,0.03,26.5
2025,405,Washington Commanders,1,8,WAS,100,4.060913705583756,705,8,0.09,0.01,6.88,55,64,8,10.67,6,75,43,7.17,9,1.5,2,1.25,4,1,1,4,0.006,137.5,6,0,2,25,7,87.5,0,0,0,0,2,1,50,0,0,0,0,0.63,0.864,2462.5,0,0,0,24.4,19.3,24.4,19.25,5.15,0.03,0.03,19.3
2025,406,New Orleans Saints,1,15,NO,100,3.225806451612903,657,6,0.1,0.01,13.67,82,63,10.5,21,3,50,16,5.33,2,0.67,1,0.7,0,0,0,2,0.003,127.1,3,0,0,0,4,66.7,1,66.7,0,0,2,1,50,0,1,0.33,0,1.41,0.49,3100,0,0,0,15.3,12.5,15.3,12.47,2.83,0.02,0.02,12.5
2025,407,San Francisco 49ers,1,12,SF,100,6.951871657754011,672,13,0.09,0.02,13.46,175,63,4.85,12.6,5,38.5,5,1,3,0.6,1,0.76,0,1,1,4,0.006,80,7,0,0,0,10,76.9,2,20,3,23.1,1,0,0,0,0,0,0,-4.44,0.063,1438.5,0,0,0,17.3,27.2,17.3,27.19,-9.89,0.03,0.04,27.2
2025,408,Carolina Panthers,1,3,CAR,100,9.89010989010989,637,18,0.1,0.03,11.56,208,62,3.44,10.33,6,33.3,16,2.67,7,1.17,0,0.02,0,0,0,3,0.005,21.1,16,0,1,5.6,10,55.6,0,16.7,4,22.2,0,0,0,0,0,0,0,-5.59,-0.924,1011.1,0,0,0,12.2,21.4,12.2,21.44,-9.24,0.02,0.03,21.4
2025,409,Las Vegas Raiders,1,10,LV,100,5.445544554455446,715,11,0.09,0.02,11.73,129,62,5.64,8.86,7,63.6,17,2.43,1,0.14,1,0.71,2,1,1,3,0.004,71,4,0,0,0,8,72.7,1,0,1,9.1,2,2,100,0,0,0,0,-2.9,0.074,1836.4,0,0,0,19.2,19,19.2,18.96,0.24,0.03,0.03,19
2025,410,Houston Texans,1,9,HST,100,8.19672131147541,666,15,0.09,0.02,20.33,305,61,4.07,12.2,5,33.3,7,1.4,6,1.2,1,0.29,0,1,0,3,0.005,41.2,12,0,1,6.7,8,53.3,7,20,0,0,3,1,33.3,0,1,0.2,0,-6.23,-0.239,1220,0,0,0,17.1,18.4,17.1,18.41,-1.31,0.03,0.03,18.4
2025,411,Los Angeles Rams,1,12,LA,100,7.109004739336493,775,15,0.08,0.02,9.93,149,61,4.07,8.71,7,46.7,30,4.29,3,0.43,1,0.44,3,2,1,3,0.004,80.1,10,0,3,20,10,66.7,2,16.7,0,0,6,3,50,0,1,0.14,0,-4.01,-0.387,1406.7,0,0,0,19.1,15,19.1,15.05,4.05,0.02,0.02,15
2025,412,Cleveland Browns,1,11,CLV,100,5.056179775280898,652,9,0.09,0.01,11.89,107,60,6.67,12,5,55.6,7,1.4,1,0.2,0,0.01,0,1,0,3,0.005,76.2,6,0,0,0,6,66.7,1,0,1,11.1,1,1,100,0,0,0,0,-1.88,0.035,1977.8,0,0,0,11,12.5,11,12.55,-1.55,0.02,0.02,12.5
2025,413,Las Vegas Raiders,1,12,LV,100,4.455445544554455,715,9,0.08,0.01,12.89,116,60,6.67,12,5,55.6,33,6.6,4,0.8,0,0.22,0,1,0,0,0,36.6,8,0,2,22.2,5,55.6,3,20,0,0,0,0,0,0,0,0,0,-2,-1.422,2244.4,0,0,0,11,11.4,11,11.41,-0.41,0.02,0.02,11.4
2025,414,New Orleans Saints,1,13,NO,100,4.301075268817205,657,8,0.09,0.01,19.25,154,60,7.5,20,3,37.5,18,6,13,4.33,0,0.08,1,1,0,3,0.005,25,6,0,0,0,3,37.5,4,66.7,0,0,0,0,0,0,1,0.33,0,-3.17,-0.307,2325,0,0,0,9,8.6,9,8.56,0.44,0.01,0.01,8.6
2025,415,New York Giants,1,18,NYG,100,4.761904761904762,765,10,0.08,0.01,10.5,105,60,6,15,4,40,25,6.25,9,2.25,0,0.01,2,1,0,3,0.004,60.4,8,0,0,0,5,50,1,25,1,10,0,0,0,0,0,0,0,-1.72,-0.13,2100,0,0,0,10,10.4,10,10.42,-0.42,0.01,0.01,10.4
2025,416,New York Jets,1,1,NYJ,100,3.684210526315789,606,7,0.1,0.01,5.29,37,60,8.57,20,3,42.9,51,17,3,1,0,0.02,0,0,0,3,0.005,73.5,5,0,1,14.3,4,57.1,0,33.3,1,14.3,1,1,100,0,1,0.33,0,1.79,0.269,2714.3,0,0,0,9,5.9,9,5.93,3.07,0.01,0.01,5.9
2025,417,Los Angeles Rams,1,6,LA,100,4.739336492890995,775,10,0.08,0.01,10.4,104,59,5.9,9.83,6,60,26,4.33,12,2,0,0.01,0,0,0,4,0.005,76.7,8,0,0,0,7,70,1,0,0,0,4,3,75,0,1,0.17,0,-2.15,0.065,2110,0,0,0,11.9,9.2,11.9,9.17,2.73,0.02,0.01,9.2
2025,418,New England Patriots,1,3,NE,100,4.081632653061225,718,8,0.08,0.01,10,80,59,7.38,9.83,6,75,28,4.67,8,1.33,2,1.67,2,2,2,3,0.004,134.9,8,0,3,37.5,6,75,2,0,0,0,1,1,100,1,0,0,0,-0.92,0.891,2450,0,0,0,23.9,20.5,23.9,20.54,3.36,0.03,0.03,20.5
2025,419,New York Giants,1,17,NYG,100,5.714285714285714,765,12,0.08,0.02,9.17,110,59,4.92,7.38,8,66.7,28,3.5,14,1.75,1,0.78,3,1,1,3,0.004,71.2,8,0,0,0,9,75,2,0,0,0,2,1,50,1,1,0.13,0,-2.58,-0.081,1750,0,0,0,19.9,19.1,19.9,19.11,0.79,0.03,0.02,19.1
2025,420,New York Jets,1,14,NYJ,100,4.736842105263158,606,9,0.1,0.01,9.78,88,58,6.44,9.67,6,66.7,15,2.5,2,0.33,1,1.06,1,1,1,4,0.007,121.5,8,0,1,11.1,6,66.7,0,20,0,0,0,0,0,0,0,0,0,-1.93,0.204,2111.1,0,0,0,17.8,18.4,17.8,18.43,-0.63,0.03,0.03,18.4
2025,421,Minnesota Vikings,1,13,MIN,100,4.081632653061225,535,6,0.11,0.01,3.33,20,57,9.5,11.4,5,83.3,41,8.2,26,5.2,0,0.18,0,0,0,3,0.006,106.3,4,0,1,16.7,6,100,0,20,0,0,1,0,0,0,3,0.6,0,3.4,0.643,2450,0,0,0,10.7,11,10.7,10.98,-0.28,0.02,0.02,11
2025,422,New York Giants,1,11,NYG,100,5.238095238095238,765,11,0.07,0.01,13.73,151,57,5.18,11.4,5,45.5,17,3.4,4,0.8,1,0.99,1,1,1,5,0.007,91.9,8,0,0,0,9,81.8,1,25,3,27.3,4,2,50,0,0,0,0,-3.81,0.211,1909.1,0,0,0,16.7,22.6,16.7,22.63,-5.93,0.02,0.03,22.6
2025,423,Philadelphia Eagles,1,10,PHI,100,6.132075471698113,780,13,0.07,0.02,16.46,214,57,4.38,11.4,5,38.5,4,0.8,4,0.8,0,0.05,0,0,0,5,0.006,52.4,10,0,0,0,10,76.9,3,20,2,15.4,7,3,42.9,0,0,0,0,-5.22,-0.115,1630.8,0,0,0,10.7,15.1,10.7,15.09,-4.39,0.01,0.02,15.1
2025,424,Indianapolis Colts,1,9,IND,100,4.700854700854701,830,11,0.07,0.01,5.73,63,56,5.09,9.33,6,54.5,36,6,19,3.17,1,1.8,6,2,0,2,0.002,99.1,11,0,2,18.2,10,90.9,1,0,2,18.2,2,0,0,0,1,0.17,0,-1.6,-0.416,2127.3,0,0,0,17.6,24.9,17.6,24.87,-7.27,0.02,0.03,24.9
2025,425,Miami Dolphins,1,15,MIA,100,3.3333333333333335,640,6,0.09,0.01,11.5,69,56,9.33,14,4,66.7,17,4.25,7,1.75,1,0.8,1,1,1,3,0.005,136.1,5,0,1,16.7,5,83.3,1,33.3,1,16.7,0,0,0,0,2,0.5,0,-0.2,0.428,3000,0,0,0,15.6,15.4,15.6,15.4,0.2,0.02,0.02,15.4
2025,426,Chicago Bears,1,8,CHI,100,4.324324324324325,656,8,0.08,0.01,11.13,89,55,6.88,11,5,62.5,8,1.6,0,0,0,0.11,2,0,0,2,0.003,82.8,6,0,1,12.5,6,75,1,0,1,12.5,1,1,100,1,0,0,0,-1.84,0.158,2312.5,0,0,0,10.5,11.3,10.5,11.3,-0.8,0.02,0.02,11.3
2025,427,Detroit Lions,1,6,DET,100,2.631578947368421,836,6,0.07,0.01,12.5,75,55,9.17,11,5,83.3,6,1.2,3,0.6,1,1.02,1,1,1,4,0.005,144.4,3,0,0,0,5,83.3,1,25,0,0,0,0,0,0,0,0,0,0.07,0.945,3800,0,0,0,16.5,17,16.5,16.97,-0.47,0.02,0.02,17
2025,428,Jacksonville Jaguars,1,7,JAX,100,5.88235294117647,911,15,0.06,0.02,10.67,160,55,3.67,6.11,9,60,15,1.67,6,0.67,4,3.84,5,4,4,7,0.008,106.9,13,0,2,13.3,10,66.7,3,0,0,0,5,4,80,0,0,0,0,-4.74,0.076,1700,0,0,0,38.5,40.4,38.5,40.4,-1.9,0.04,0.04,40.4
2025,429,New England Patriots,1,13,NE,100,4.081632653061225,718,8,0.08,0.01,13.13,105,55,6.88,13.75,4,50,33,8.25,8,2,1,0.06,0,0,0,2,0.003,112,5,0,0,0,5,62.5,2,25,0,0,2,1,50,0,1,0.25,0,-1.99,0.285,2450,0,0,0,15.5,9.1,15.5,9.07,6.43,0.02,0.01,9.1
2025,430,New Orleans Saints,1,8,NO,100,7.526881720430108,657,14,0.08,0.02,7.79,109,55,3.93,9.17,6,42.9,25,4.17,4,0.67,0,0.22,2,3,0,2,0.003,54.2,11,0,2,14.3,10,71.4,1,16.7,2,14.3,3,1,33.3,0,0,0,0,-3.23,-0.213,1328.6,0,0,0,11.5,18.7,11.5,18.72,-7.22,0.02,0.03,18.7
2025,431,Seattle Seahawks,1,4,SEA,100,7.462686567164178,724,15,0.08,0.02,6.8,102,55,3.67,6.11,9,60,34,3.78,16,1.78,0,0.04,2,0,0,3,0.004,27.8,11,0,3,20,11,73.3,1,0,1,6.7,1,0,0,0,3,0.33,0,-3.59,-0.164,1340,0,0,0,14.5,18.7,14.5,18.69,-4.19,0.02,0.03,18.7
2025,432,Baltimore Ravens,1,11,BLT,100,5.46875,916,14,0.06,0.02,8,112,54,3.86,7.71,7,50,16,2.29,9,1.29,0,0.04,2,2,0,2,0.002,30.1,10,0,1,7.1,8,57.1,2,16.7,0,0,2,1,50,0,2,0.29,0,-3.54,-0.448,1828.6,0,0,0,12.4,14.1,12.4,14.08,-1.68,0.01,0.02,14.1
2025,433,Las Vegas Raiders,1,13,LV,100,3.4653465346534658,715,7,0.08,0.01,15.29,107,54,7.71,10.8,5,71.4,4,0.8,1,0.2,0,0.03,0,1,0,3,0.004,93.8,6,0,0,0,5,71.4,2,0,0,0,1,1,100,0,0,0,0,-1.63,0.827,2885.7,0,0,0,10.4,10,10.4,10.02,0.38,0.01,0.01,10
2025,434,New Orleans Saints,1,14,NO,100,7.526881720430108,657,14,0.08,0.02,12.5,175,54,3.86,7.71,7,50,22,3.14,4,0.57,0,0.42,0,1,0,2,0.003,30.1,10,0,1,7.1,9,64.3,3,0,1,7.1,3,2,66.7,0,1,0.14,0,-4.62,-0.476,1328.6,0,0,0,12.4,17.4,12.4,17.41,-5.01,0.02,0.03,17.4
2025,435,Cincinnati Bengals,1,14,CIN,100,3.314917127071823,647,6,0.08,0.01,10.5,63,53,8.83,10.6,5,83.3,8,1.6,4,0.8,0,0.07,2,0,0,3,0.005,103.5,4,0,0,0,6,100,0,0,0,0,2,1,50,1,0,0,0,0.26,1.002,3016.7,0,0,0,10.3,10.9,10.3,10.91,-0.61,0.02,0.02,10.9
2025,436,New York Jets,1,18,NYJ,100,5.7894736842105265,606,11,0.09,0.02,8.91,98,53,4.82,8.83,6,54.5,11,1.83,7,1.17,1,2.2,5,3,1,4,0.007,97.9,9,0,0,0,7,63.6,0,0,0,0,6,5,83.3,0,0,0,0,-2.86,0.321,1727.3,0,0,0,17.3,22.4,17.3,22.44,-5.14,0.03,0.04,22.4
2025,437,Seattle Seahawks,1,11,SEA,100,4.975124378109453,724,10,0.07,0.01,9.1,91,53,5.3,10.6,5,50,16,3.2,8,1.6,1,1.45,2,2,1,3,0.004,99.2,7,0,1,10,9,90,1,0,1,10,5,2,40,1,1,0.2,0,-2.72,0.041,2010,0,0,0,16.3,23.3,16.3,23.32,-7.02,0.02,0.03,23.3
2025,438,Arizona Cardinals,1,13,ARZ,100,4.545454545454546,731,9,0.07,0.01,13.67,123,51,5.67,10.2,5,55.6,26,5.2,13,2.6,0,0.13,2,0,0,1,0.001,72,5,0,0,0,5,55.6,3,33.3,0,0,0,0,0,0,3,0.6,0,-3.22,-0.232,2200,0,0,0,10.1,10.2,10.1,10.18,-0.08,0.01,0.01,10.2
2025,439,Chicago Bears,1,12,CHI,100,6.486486486486487,656,12,0.08,0.02,10.42,125,51,4.25,6.38,8,66.7,36,4.5,7,0.88,0,0.04,1,0,0,3,0.005,40.6,11,0,2,16.7,10,83.3,3,0,0,0,3,1,33.3,0,0,0,0,-3.45,-0.271,1541.7,0,0,0,13.1,16.8,13.1,16.83,-3.73,0.02,0.03,16.8
2025,440,Los Angeles Chargers,1,4,LAC,100,3.0303030303030303,719,6,0.07,0.01,12.83,77,51,8.5,12.75,4,66.7,18,4.5,9,2.25,0,0.05,0,0,0,2,0.003,93.1,5,0,0,0,6,100,1,0,1,16.7,1,0,0,0,2,0.5,0,-0.19,0.59,3300,0,0,0,9.1,13.1,9.1,13.13,-4.03,0.01,0.02,13.1
2025,441,New York Jets,1,13,NYJ,100,4.2105263157894735,606,8,0.08,0.01,9.75,78,51,6.38,12.75,4,50,34,8.5,20,5,1,0.68,1,0,0,3,0.005,109.9,5,0,2,25,7,87.5,1,0,1,12.5,2,0,0,0,2,0.5,0,-1.14,0.16,2375,0,0,0,15.1,17.3,15.1,17.28,-2.18,0.02,0.03,17.3
2025,442,Tennessee Titans,1,12,TEN,100,4.591836734693878,699,9,0.07,0.01,10.67,96,51,5.67,10.2,5,55.6,11,2.2,3,0.6,1,1.79,4,2,1,4,0.006,109,8,0,0,0,6,66.7,2,0,0,0,1,0,0,0,1,0.2,0,-2.35,0.34,2177.8,0,0,0,16.1,22.2,16.1,22.23,-6.13,0.02,0.03,22.2
2025,443,Washington Commanders,1,11,WAS,100,3.5532994923857872,705,7,0.07,0.01,12.57,88,51,7.29,17,3,42.9,28,9.33,9,3,0,0.01,1,0,0,2,0.003,68.2,6,0,0,0,5,71.4,1,33.3,2,28.6,1,1,100,0,1,0.33,0,-1.13,0.423,2814.3,0,0,0,8.1,8.8,8.1,8.8,-0.7,0.01,0.01,8.8
2025,444,Philadelphia Eagles,1,18,PHI,100,3.30188679245283,780,7,0.06,0.01,11.43,80,50,7.14,12.5,4,57.1,17,4.25,10,2.5,0,0.01,1,1,0,3,0.004,79.5,6,0,1,14.3,4,57.1,1,25,0,0,1,1,100,0,1,0.25,0,-0.98,0.555,3028.6,0,0,0,9,8.1,9,8.12,0.88,0.01,0.01,8.1
2025,445,Kansas City Chiefs,1,17,KC,100,6.666666666666667,643,12,0.08,0.02,10.25,123,49,4.08,8.17,6,50,17,2.83,2,0.33,0,0.87,4,2,0,4,0.006,26,8,0,1,8.3,9,75,2,20,1,8.3,2,0,0,0,0,0,0,-4.27,-0.209,1500,0,0,0,10.9,18.6,10.9,18.59,-7.69,0.02,0.03,18.6
2025,446,Seattle Seahawks,1,15,SEA,100,3.482587064676617,724,7,0.07,0.01,7.86,55,48,6.86,9.6,5,71.4,22,4.4,6,1.2,1,0.88,1,0,0,3,0.004,129.8,7,0,1,14.3,5,71.4,1,0,0,0,2,1,50,0,0,0,0,-0.86,0.523,2871.4,0,0,0,15.8,13.3,15.8,13.32,2.48,0.02,0.02,13.3
2025,447,Arizona Cardinals,1,6,ARZ,100,4.545454545454546,731,9,0.06,0.01,6.11,55,47,5.22,11.75,4,44.4,28,7,11,2.75,0,0.04,2,0,0,3,0.004,60.9,7,0,1,11.1,8,88.9,0,33.3,2,22.2,3,0,0,0,0,0,0,-1.78,0.129,2200,0,0,0,8.7,13.3,8.7,13.35,-4.65,0.01,0.02,13.3
2025,448,Baltimore Ravens,1,2,BLT,100,4.6875,916,12,0.05,0.01,9.33,112,47,3.92,11.75,4,33.3,4,1,3,0.75,0,0.02,0,0,0,2,0.002,46.2,10,0,0,0,9,75,2,25,2,16.7,3,0,0,0,0,0,0,-3.7,-0.288,2133.3,0,0,0,8.7,16.2,8.7,16.25,-7.55,0.01,0.02,16.2
2025,449,Buffalo Bills,1,11,BUF,100,6.626506024096386,591,11,0.08,0.02,9.09,100,47,4.27,9.4,5,45.5,26,5.2,10,2,0,0.06,2,2,0,1,0.002,57.8,8,0,2,18.2,8,72.7,1,0,1,9.1,2,0,0,0,1,0.2,0,-3.31,-0.358,1509.1,0,0,0,9.7,13.4,9.7,13.45,-3.75,0.02,0.02,13.4
2025,450,Cleveland Browns,1,4,CLV,100,5.056179775280898,652,9,0.07,0.01,18.56,167,47,5.22,9.4,5,55.6,20,4,11,2.2,0,0.47,0,0,0,2,0.003,30.6,8,0,1,11.1,7,77.8,3,0,2,22.2,1,1,100,0,1,0.2,0,-4.55,-0.619,1977.8,0,0,0,9.7,19.2,9.7,19.19,-9.49,0.01,0.03,19.2
2025,451,Denver Broncos,1,1,DEN,100,6.334841628959276,809,14,0.06,0.02,13.43,188,47,3.36,7.83,6,42.9,13,2.17,3,0.5,0,0.24,0,0,0,2,0.002,51.8,11,0,0,0,12,85.7,2,0,3,21.4,4,1,25,0,2,0.33,0,-5.16,-0.233,1578.6,0,0,0,10.7,22.4,10.7,22.39,-11.69,0.01,0.03,22.4
2025,452,Indianapolis Colts,1,8,IND,100,5.555555555555555,830,13,0.06,0.02,7.69,100,47,3.62,7.83,6,46.2,24,4,6,1,1,0.98,1,1,1,4,0.005,81.3,5,0,1,7.7,8,61.5,1,0,1,7.7,1,1,100,0,0,0,0,-3.72,-0.232,1800,0,0,0,16.7,19,16.7,19.05,-2.35,0.02,0.02,19
2025,453,Minnesota Vikings,1,3,MIN,100,2.7210884353741496,535,4,0.09,0.01,15.75,63,47,11.75,15.67,3,75,13,4.33,8,2.67,0,0.23,0,1,0,2,0.004,113.5,4,0,0,0,4,100,2,33.3,0,0,2,1,50,0,1,0.33,0,2.67,0.934,3675,0,0,0,7.7,9.1,7.7,9.09,-1.39,0.01,0.02,9.1
2025,454,San Francisco 49ers,1,3,SF,100,3.7433155080213902,672,7,0.07,0.01,11.71,82,47,6.71,11.75,4,57.1,12,3,11,2.75,0,0.44,0,0,0,1,0.001,77.7,6,0,1,14.3,5,71.4,2,25,1,14.3,0,0,0,1,0,0,0,-2.04,0.053,2671.4,0,0,0,8.7,15.4,8.7,15.37,-6.67,0.01,0.02,15.4
2025,455,Carolina Panthers,1,16,CAR,100,6.593406593406594,637,12,0.07,0.02,6.33,76,46,3.83,5.75,8,66.7,17,2.13,6,0.75,1,0.8,3,2,1,4,0.006,101.4,8,0,1,8.3,9,75,0,0,1,8.3,2,2,100,0,0,0,0,-3.25,0.214,1516.7,0,0,0,18.6,18.5,18.6,18.52,0.08,0.03,0.03,18.5
2025,456,Cleveland Browns,1,1,CLV,100,4.49438202247191,652,8,0.07,0.01,14.88,119,46,5.75,11.5,4,50,13,3.25,7,1.75,0,0.11,1,0,0,2,0.003,67.7,8,0,0,0,6,75,2,25,0,0,1,0,0,0,1,0.25,0,-3.32,0.051,2225,0,0,0,8.6,14,8.6,13.99,-5.39,0.01,0.02,14
2025,457,Dallas Cowboys,1,6,DAL,100,3.4482758620689653,748,7,0.06,0.01,8.71,61,46,6.57,9.2,5,71.4,13,2.6,4,0.8,1,0.88,1,1,1,3,0.004,89,6,0,1,14.3,6,85.7,1,0,1,14.3,0,0,0,0,1,0.2,0,-1.3,-0.602,2900,0,0,0,15.6,16.8,15.6,16.79,-1.19,0.02,0.02,16.8
2025,458,Green Bay Packers,1,3,GB,100,5.14018691588785,786,11,0.06,0.01,13.36,147,46,4.18,7.67,6,54.5,6,1,0,0,0,0.01,0,0,0,4,0.005,65,10,0,1,9.1,6,54.5,2,0,0,0,0,0,0,0,1,0.17,0,-4.8,-0.183,1945.5,0,0,0,10.6,12.1,10.6,12.12,-1.52,0.01,0.02,12.1
2025,459,Los Angeles Chargers,1,2,LAC,100,7.575757575757576,719,15,0.06,0.02,10.33,155,46,3.07,7.67,6,40,36,6,19,3.17,0,0.04,2,2,0,1,0.001,20.4,14,0,1,6.7,8,53.3,2,20,1,6.7,2,1,50,0,0,0,0,-5,-0.625,1320,0,0,0,10.6,12.6,10.6,12.55,-1.95,0.01,0.02,12.6
2025,460,Las Vegas Raiders,1,17,LV,100,4.455445544554455,715,9,0.06,0.01,5.89,53,46,5.11,7.67,6,66.7,22,3.67,6,1,0,0.01,2,1,0,3,0.004,78.9,6,0,0,0,6,66.7,0,0,0,0,4,2,50,0,1,0.17,0,-1.55,0.022,2244.4,0,0,0,10.6,9.1,10.6,9.05,1.55,0.01,0.01,9.1
2025,461,Denver Broncos,1,17,DEN,100,4.072398190045249,809,9,0.06,0.01,6.33,57,45,5,9,5,55.6,16,3.2,3,0.6,0,0.02,0,0,0,2,0.002,69.2,6,0,2,22.2,8,88.9,0,0,2,22.2,0,0,0,0,0,0,0,-1.99,-0.009,2455.6,0,0,0,9.5,14.2,9.5,14.16,-4.66,0.01,0.02,14.2
2025,462,Denver Broncos,1,4,DEN,100,4.524886877828054,809,10,0.06,0.01,13.2,132,45,4.5,9,5,50,19,3.8,12,2.4,0,0.02,2,1,0,1,0.001,62.5,8,0,1,10,5,50,3,25,0,0,0,0,0,0,2,0.4,0,-3.97,-0.302,2210,0,0,0,9.5,9.1,9.5,9.06,0.44,0.01,0.01,9.1
2025,463,Buffalo Bills,1,16,BUF,100,4.216867469879518,591,7,0.07,0.01,8.43,59,44,6.29,7.33,6,85.7,15,2.5,6,1,1,0.82,1,0,0,2,0.003,132.4,4,0,0,0,6,85.7,1,0,0,0,0,0,0,0,0,0,0,-0.42,0.552,2371.4,0,0,0,16.4,16.1,16.4,16.09,0.31,0.03,0.03,16.1
2025,464,Buffalo Bills,1,18,BUF,100,4.216867469879518,591,7,0.07,0.01,4.86,34,44,6.29,7.33,6,85.7,22,3.67,7,1.17,0,0.02,0,0,0,3,0.005,92.9,7,0,1,14.3,6,85.7,0,0,0,0,1,0,0,0,0,0,0,-0.29,0.362,2371.4,0,0,0,10.4,9.6,10.4,9.64,0.76,0.02,0.02,9.6
2025,465,Jacksonville Jaguars,1,13,JAX,100,4.313725490196078,911,11,0.05,0.01,7.64,84,44,4,6.29,7,63.6,13,1.86,1,0.14,0,0.02,0,0,0,0,0,71.8,11,0,1,9.1,8,72.7,0,0,1,9.1,1,1,100,0,0,0,0,-3.52,-0.472,2318.2,0,0,0,11.4,13.2,11.4,13.19,-1.79,0.01,0.01,13.2
2025,466,Los Angeles Chargers,1,13,LAC,100,4.040404040404041,719,8,0.06,0.01,6,48,43,5.38,7.17,6,75,18,3,16,2.67,1,0.36,3,1,1,4,0.006,87,8,0,1,12.5,7,87.5,1,0,0,0,2,1,50,1,0,0,0,-1.69,-0.102,2475,0,0,0,16.3,12.3,16.3,12.33,3.97,0.02,0.02,12.3
2025,467,Denver Broncos,1,7,DEN,100,2.262443438914027,809,5,0.05,0.01,20.4,102,42,8.4,21,2,40,20,10,4,2,0,0.04,0,0,0,2,0.002,30.8,2,0,0,0,2,40,2,50,0,0,0,0,0,0,0,0,0,-2.05,-0.117,4420,0,0,0,6.2,4.2,6.2,4.22,1.98,0.01,0.01,4.2
2025,468,Pittsburgh Steelers,1,15,PIT,100,3.4334763948497855,807,8,0.05,0.01,9.75,78,42,5.25,10.5,4,50,12,3,4,1,1,0.3,1,1,1,3,0.004,65.6,4,0,0,0,5,62.5,1,0,1,12.5,1,1,100,0,0,0,0,-2.77,-0.375,2912.5,0,0,0,14.2,10,14.2,9.99,4.21,0.02,0.01,10
2025,469,Green Bay Packers,1,12,GB,100,2.336448598130841,786,5,0.05,0.01,10.4,52,41,8.2,13.67,3,60,1,0.33,0,0,0,0.01,0,0,0,2,0.003,86.3,5,0,1,20,3,60,0,0,0,0,2,2,100,0,0,0,0,-0.49,0.276,4280,0,0,0,7.1,5.2,7.1,5.24,1.86,0.01,0.01,5.2
2025,470,New York Giants,1,5,NYG,100,4.285714285714286,765,9,0.05,0.01,8.56,77,41,4.56,6.83,6,66.7,3,0.5,-1,-0.17,0,0.05,0,0,0,2,0.003,76.6,9,0,0,0,6,66.7,0,0,0,0,1,1,100,0,0,0,0,-3.23,-0.099,2333.3,0,0,0,10.1,11,10.1,11.04,-0.94,0.01,0.01,11
2025,471,New York Jets,1,2,NYJ,100,3.1578947368421053,606,6,0.07,0.01,10.67,64,41,6.83,10.25,4,66.7,1,0.25,2,0.5,0,0.06,0,0,0,3,0.005,86.1,5,0,0,0,4,66.7,0,0,0,0,1,1,100,0,0,0,0,-1.88,0.205,3166.7,0,0,0,8.1,9.1,8.1,9.06,-0.96,0.01,0.01,9.1
2025,472,Buffalo Bills,1,2,BUF,100,4.819277108433735,591,8,0.07,0.01,12,96,40,5,13.33,3,37.5,9,3,4,1.33,0,0.02,0,0,0,2,0.003,54.2,7,0,0,0,6,75,2,0,2,25,1,0,0,0,0,0,0,-3.88,0.19,2075,0,0,0,7,12.8,7,12.8,-5.8,0.01,0.02,12.8
2025,473,Kansas City Chiefs,1,2,KC,100,6.111111111111111,643,11,0.06,0.02,10.91,120,40,3.64,6.67,6,54.5,23,3.83,4,0.67,0,0.05,0,0,0,2,0.003,62.7,10,0,1,9.1,9,81.8,3,0,1,9.1,4,1,25,0,0,0,0,-4.33,-0.24,1636.4,0,0,0,10,12.5,10,12.49,-2.49,0.02,0.02,12.5
2025,474,New England Patriots,1,8,NE,100,3.061224489795918,718,6,0.06,0.01,9.67,58,40,6.67,20,2,33.3,31,15.5,4,2,0,0.23,2,2,0,2,0.003,18.1,3,0,0,0,3,50,0,50,0,0,1,0,0,0,0,0,0,-1.72,-1.309,3266.7,0,0,0,6,5.4,6,5.4,0.6,0.01,0.01,5.4
2025,475,Seattle Seahawks,1,7,SEA,100,8.45771144278607,724,17,0.06,0.02,10.76,183,40,2.35,8,5,29.4,10,2,9,1.8,0,0.02,0,0,0,3,0.004,15.1,15,0,0,0,8,47.1,2,0,1,5.9,4,2,50,0,0,0,0,-5.98,-0.591,1182.4,0,0,0,9,14.3,9,14.26,-5.26,0.01,0.02,14.3
2025,476,Chicago Bears,1,11,CHI,100,5.9459459459459465,656,11,0.06,0.02,14,154,39,3.55,7.8,5,45.5,15,3,10,2,0,0.01,0,1,0,3,0.005,15.2,11,0,1,9.1,5,45.5,3,0,0,0,1,1,100,0,0,0,0,-4.95,-0.906,1681.8,0,0,0,8.9,7.9,8.9,7.89,1.01,0.01,0.01,7.9
2025,477,Kansas City Chiefs,1,3,KC,100,4.444444444444445,643,8,0.06,0.01,16.13,129,39,4.88,7.8,5,62.5,10,2,3,0.6,0,0.1,1,2,0,1,0.002,34.9,6,0,0,0,5,62.5,3,0,0,0,0,0,0,0,0,0,0,-3.73,-0.588,2250,0,0,0,8.9,9.7,8.9,9.7,-0.8,0.01,0.02,9.7
2025,478,Kansas City Chiefs,1,7,KC,100,4.444444444444445,643,8,0.06,0.01,6.13,49,39,4.88,7.8,5,62.5,30,6,9,1.8,0,0.01,0,0,0,2,0.003,74.5,7,0,2,25,7,87.5,1,0,1,12.5,2,0,0,0,2,0.4,0,-2.25,-0.061,2250,0,0,0,8.9,10.9,8.9,10.9,-2,0.01,0.02,10.9
2025,479,Los Angeles Rams,1,17,LA,100,3.3175355450236967,775,7,0.05,0.01,16,112,39,5.57,13,3,42.9,8,2.67,5,1.67,0,0.02,0,0,0,2,0.003,61,4,0,0,0,3,42.9,4,33.3,0,0,1,1,100,0,0,0,0,-4.35,-0.361,3014.3,0,0,0,6.9,6.5,6.9,6.46,0.44,0.01,0.01,6.5
2025,480,Tampa Bay Buccaneers,1,7,TB,100,3.167420814479638,818,7,0.05,0.01,11.57,81,39,5.57,13,3,42.9,14,4.67,3,1,0,0.03,1,1,0,1,0.001,21.4,5,0,0,0,3,42.9,0,33.3,0,0,0,0,0,0,0,0,0,-3.52,-1.081,3157.1,0,0,0,6.9,6.3,6.9,6.28,0.62,0.01,0.01,6.3
2025,481,Cleveland Browns,1,13,CLV,100,3.932584269662921,652,7,0.06,0.01,14.14,99,38,5.43,12.67,3,42.9,4,1.33,1,0.33,0,0.04,0,0,0,3,0.005,60.4,6,0,0,0,5,71.4,2,0,0,0,2,0,0,0,0,0,0,-3.56,0.103,2542.9,0,0,0,6.8,8.9,6.8,8.86,-2.06,0.01,0.01,8.9
2025,482,Denver Broncos,1,10,DEN,100,3.619909502262444,809,8,0.05,0.01,7.75,62,38,4.75,9.5,4,50,5,1.25,5,1.25,0,0.05,0,0,0,2,0.002,63.5,7,0,1,12.5,8,100,1,25,3,37.5,3,2,66.7,0,1,0.25,0,-2.7,-0.087,2762.5,0,0,0,7.8,14.1,7.8,14.07,-6.27,0.01,0.02,14.1
2025,483,Buffalo Bills,1,4,BUF,100,4.216867469879518,591,7,0.06,0.01,7.57,53,37,5.29,7.4,5,71.4,11,2.2,4,0.8,1,0.88,2,2,1,3,0.005,123.2,7,0,0,0,6,85.7,0,0,0,0,2,2,100,0,0,0,0,-2.25,0.136,2371.4,0,0,0,14.7,13.6,14.7,13.64,1.06,0.02,0.02,13.6
2025,484,New Orleans Saints,1,7,NO,100,5.913978494623656,657,11,0.06,0.02,9.82,108,37,3.36,7.4,5,45.5,10,2,3,0.6,0,0.1,3,1,0,2,0.003,16.1,8,0,1,9.1,6,54.5,1,0,1,9.1,1,0,0,0,1,0.2,0,-4.74,-0.463,1690.9,0,0,0,8.7,12.2,8.7,12.15,-3.45,0.01,0.02,12.2
2025,485,Seattle Seahawks,1,18,SEA,100,1.9900497512437811,724,4,0.05,0.01,8,32,37,9.25,9.25,4,100,5,1.25,1,0.25,0,0.15,0,0,0,2,0.003,105.2,3,0,0,0,4,100,0,0,0,0,0,0,0,0,0,0,0,1.78,0.208,5025,0,0,0,7.7,9.2,7.7,9.24,-1.54,0.01,0.01,9.2
2025,486,Chicago Bears,1,7,CHI,100,4.324324324324325,656,8,0.05,0.01,12.5,100,36,4.5,9,4,50,4,1,1,0.25,0,0.01,0,0,0,2,0.003,22.9,8,0,0,0,5,62.5,1,0,0,0,1,0,0,0,0,0,0,-4.02,-0.844,2312.5,0,0,0,7.6,8.6,7.6,8.61,-1.01,0.01,0.01,8.6
2025,487,Houston Texans,1,11,HST,100,5.46448087431694,666,10,0.05,0.02,12,120,36,3.6,7.2,5,50,21,4.2,9,1.8,0,0.02,0,0,0,1,0.002,58.8,6,0,2,20,6,60,2,0,0,0,2,1,50,0,0,0,0,-5.36,-0.288,1830,0,0,0,8.6,9.6,8.6,9.65,-1.05,0.01,0.01,9.6
2025,488,Los Angeles Chargers,1,9,LAC,100,4.040404040404041,719,8,0.05,0.01,14,112,36,4.5,12,3,37.5,21,7,3,1,0,0.02,1,0,0,2,0.003,52.1,5,0,1,12.5,5,62.5,2,50,1,12.5,1,0,0,0,0,0,0,-4.51,-0.368,2475,0,0,0,6.6,9.6,6.6,9.57,-2.97,0.01,0.01,9.6
2025,489,Minnesota Vikings,1,5,MIN,100,3.4013605442176873,535,5,0.07,0.01,8.4,42,36,7.2,9,4,80,7,1.75,4,1,0,0.01,0,0,0,3,0.006,96.7,5,0,0,0,4,80,0,0,0,0,1,1,100,0,0,0,0,-0.68,0.293,2940,0,0,0,7.6,6.5,7.6,6.5,1.1,0.01,0.01,6.5
2025,490,Kansas City Chiefs,1,18,KC,100,6.666666666666667,643,12,0.05,0.02,13.92,167,35,2.92,11.67,3,25,4,1.33,1,0.33,0,0.04,1,1,0,2,0.003,4.9,11,0,1,8.3,7,58.3,3,0,1,8.3,6,1,16.7,0,0,0,0,-5.95,-0.845,1500,0,0,0,6.5,12.4,6.5,12.37,-5.87,0.01,0.02,12.4
2025,491,Minnesota Vikings,1,11,MIN,100,7.482993197278912,535,11,0.07,0.02,16.91,186,35,3.18,17.5,2,18.2,12,6,11,5.5,0,0.09,1,1,0,2,0.004,40.3,11,0,0,0,7,63.6,3,0,3,27.3,3,1,33.3,0,0,0,0,-6.63,-0.317,1336.4,0,0,0,5.5,14.6,5.5,14.6,-9.1,0.01,0.03,14.6
2025,492,New York Jets,1,6,NYJ,100,2.631578947368421,606,5,0.06,0.01,16,80,35,7,11.67,3,60,18,6,5,1.67,0,0.01,0,0,0,2,0.003,81.3,4,0,1,20,4,80,1,0,0,0,1,0,0,0,0,0,0,-1.68,0.433,3800,0,0,0,6.5,6.6,6.5,6.65,-0.15,0.01,0.01,6.6
2025,493,Dallas Cowboys,1,18,DAL,100,4.926108374384237,748,10,0.05,0.01,9.5,95,34,3.4,8.5,4,40,17,4.25,17,4.25,0,0.01,3,2,0,3,0.004,49.6,9,0,0,0,5,50,1,0,1,10,1,1,100,0,1,0.25,0,-4.26,-0.001,2030,0,0,0,7.4,8.3,7.4,8.31,-0.91,0.01,0.01,8.3
2025,494,Miami Dolphins,1,7,MIA,100,3.888888888888889,640,7,0.05,0.01,8.86,62,34,4.86,11.33,3,42.9,25,8.33,2,0.67,0,0.05,1,0,0,2,0.003,58,6,0,2,28.6,5,71.4,1,0,2,28.6,2,1,50,0,1,0.33,0,-2.49,-0.069,2571.4,0,0,0,6.4,7.6,6.4,7.57,-1.17,0.01,0.01,7.6
2025,495,Pittsburgh Steelers,1,14,PIT,100,4.291845493562231,807,10,0.04,0.01,9.5,95,34,3.4,6.8,5,50,8,1.6,4,0.8,1,1.61,3,2,1,2,0.002,91.3,6,0,1,10,10,100,1,0,2,20,2,0,0,0,0,0,0,-4.72,-0.244,2330,0,0,0,14.4,27.9,14.4,27.93,-13.53,0.02,0.03,27.9
2025,496,Pittsburgh Steelers,1,6,PIT,100,6.866952789699571,807,16,0.04,0.02,9.31,149,33,2.06,5.5,6,37.5,14,2.33,1,0.17,0,0.3,5,3,0,1,0.001,45.8,15,0,1,6.3,11,68.8,2,0,2,12.5,4,1,25,0,0,0,0,-5.49,-0.423,1456.3,0,0,0,9.3,17,9.3,16.96,-7.66,0.01,0.02,17
2025,497,Kansas City Chiefs,1,12,KC,100,2.7777777777777777,643,5,0.05,0.01,11.2,56,32,6.4,16,2,40,7,3.5,0,0,1,1.39,3,2,0,2,0.003,101.7,5,0,0,0,4,80,1,100,0,0,2,0,0,0,0,0,0,-1.92,0.168,3600,0,0,0,11.2,15.5,11.2,15.51,-4.31,0.02,0.02,15.5
2025,498,Miami Dolphins,1,2,MIA,100,2.7777777777777777,640,5,0.05,0.01,9.2,46,32,6.4,10.67,3,60,4,1.33,3,1,1,0.75,1,1,1,2,0.003,118.3,5,0,0,0,4,80,1,0,1,20,2,1,50,1,0,0,0,-1.47,0.997,3600,0,0,0,12.2,10.7,12.2,10.74,1.46,0.02,0.02,10.7
2025,499,Tampa Bay Buccaneers,1,4,TB,100,3.619909502262444,818,8,0.04,0.01,12.25,98,32,4,8,4,50,17,4.25,8,2,0,0.04,0,0,0,3,0.004,60.4,8,0,1,12.5,4,50,2,0,0,0,2,2,100,0,0,0,0,-4.24,-0.012,2762.5,0,0,0,7.2,6.5,7.2,6.5,0.7,0.01,0.01,6.5
2025,500,Washington Commanders,1,1,WAS,100,4.060913705583756,705,8,0.05,0.01,11.25,90,32,4,10.67,3,37.5,10,3.33,6,2,0,0.5,1,1,0,3,0.004,50,8,0,0,0,4,50,1,0,0,0,3,2,66.7,0,0,0,0,-4.66,-0.089,2462.5,0,0,0,6.2,7.6,6.2,7.6,-1.4,0.01,0.01,7.6
2025,501,Chicago Bears,1,14,CHI,100,4.324324324324325,656,8,0.05,0.01,17,136,31,3.88,10.33,3,37.5,13,4.33,1,0.33,0,0,0,0,0,1,0.002,9.9,4,0,0,0,4,50,4,0,0,0,1,0,0,0,0,0,0,-5.43,-0.768,2312.5,0,0,0,6.1,6.2,6.1,6.24,-0.14,0.01,0.01,6.2
2025,502,Cincinnati Bengals,1,18,CIN,100,3.867403314917127,647,7,0.05,0.01,15.43,108,30,4.29,10,3,42.9,4,1.33,2,0.67,0,0.02,0,0,0,2,0.003,55.7,6,0,0,0,3,42.9,2,0,0,0,2,2,100,0,0,0,0,-5.29,-0.316,2585.7,0,0,0,6,5.2,6,5.22,0.78,0.01,0.01,5.2
2025,503,Tampa Bay Buccaneers,1,14,TB,100,2.262443438914027,818,5,0.04,0.01,17.6,88,30,6,10,3,60,11,3.67,5,1.67,0,0.07,0,0,0,2,0.002,37.5,4,0,0,0,4,80,2,0,1,20,0,0,0,0,1,0.33,0,-2.97,-0.277,4420,0,0,0,6,10,6,10.03,-4.03,0.01,0.01,10
2025,504,Cleveland Browns,1,14,CLV,100,5.056179775280898,652,9,0.04,0.01,10,90,29,3.22,9.67,3,33.3,14,4.67,6,2,1,1.08,2,0,0,1,0.002,40.7,6,0,0,0,5,55.6,2,0,1,11.1,2,0,0,0,0,0,0,-4.12,-1.055,1977.8,0,0,0,11.9,14.8,11.9,14.84,-2.94,0.02,0.02,14.8
2025,505,Chicago Bears,1,4,CHI,100,3.2432432432432434,656,6,0.04,0.01,4.83,29,28,4.67,7,4,66.7,29,7.25,1,0.25,0,0.02,0,0,0,1,0.002,37.5,3,0,2,33.3,4,66.7,0,0,0,0,0,0,0,0,0,0,0,-2.67,-1.41,3083.3,0,0,0,6.8,6.6,6.8,6.61,0.19,0.01,0.01,6.6
2025,506,Cincinnati Bengals,1,5,CIN,100,2.209944751381215,647,4,0.04,0.01,13.25,53,28,7,9.33,3,75,-1,-0.33,0,0,1,0.96,1,1,1,2,0.003,133.3,4,0,0,0,4,100,1,0,0,0,2,1,50,0,0,0,0,-2.23,0.661,4525,0,0,0,11.8,12.3,11.8,12.31,-0.51,0.02,0.02,12.3
2025,507,Jacksonville Jaguars,1,17,JAX,100,3.9215686274509802,911,10,0.03,0.01,12.4,124,28,2.8,7,4,40,16,4,6,1.5,0,0.29,2,1,0,2,0.002,47.9,9,0,1,10,6,60,2,0,1,10,5,0,0,0,0,0,0,-6.35,-0.491,2550,0,0,0,6.8,12.4,6.8,12.42,-5.62,0.01,0.01,12.4
2025,508,New England Patriots,1,15,NE,100,3.571428571428571,718,7,0.04,0.01,21.29,149,28,4,14,2,28.6,6,3,4,2,0,0.02,0,0,0,2,0.003,43.8,7,0,0,0,3,42.9,3,0,1,14.3,1,0,0,0,0,0,0,-6.74,-0.212,2800,0,0,0,4.8,8.6,4.8,8.58,-3.78,0.01,0.01,8.6
2025,509,Seattle Seahawks,1,14,SEA,100,5.472636815920398,724,11,0.04,0.02,8.73,96,28,2.55,7,4,36.4,18,4.5,4,1,0,0.62,5,2,0,1,0.001,7,9,0,3,27.3,9,81.8,2,0,2,18.2,6,1,16.7,0,0,0,0,-5.24,-0.982,1827.3,0,0,0,6.8,14.1,6.8,14.12,-7.32,0.01,0.02,14.1
2025,510,Seattle Seahawks,1,9,SEA,100,2.4875621890547266,724,5,0.04,0.01,9.2,46,28,5.6,9.33,3,60,6,2,1,0.33,0,0.04,1,0,0,2,0.003,35.8,1,0,1,20,3,60,0,0,0,0,1,1,100,0,0,0,0,-2.64,-0.264,4020,0,0,0,5.8,5.7,5.8,5.73,0.07,0.01,0.01,5.7
2025,511,Cleveland Browns,1,17,CLV,100,6.741573033707865,652,12,0.04,0.02,8.17,98,27,2.25,5.4,5,41.7,13,2.6,3,0.6,0,0.27,3,4,0,2,0.003,49.3,10,0,2,16.7,9,75,1,0,0,0,4,1,25,0,0,0,0,-5.38,-0.881,1483.3,0,0,0,7.7,14.3,7.7,14.29,-6.59,0.01,0.02,14.3
2025,512,New England Patriots,1,11,NE,100,3.571428571428571,718,7,0.04,0.01,14.71,103,27,3.86,9,3,42.9,4,1.33,0,0,0,0.07,1,1,0,1,0.001,53.9,6,0,0,0,5,71.4,2,0,2,28.6,1,1,100,0,0,0,0,-5.29,-0.103,2800,0,0,0,5.7,9.8,5.7,9.79,-4.09,0.01,0.01,9.8
2025,513,Pittsburgh Steelers,1,13,PIT,100,3.862660944206009,807,9,0.03,0.01,3.11,28,27,3,6.75,4,44.4,10,2.5,3,0.75,1,1.98,4,1,1,2,0.002,49.1,8,0,2,22.2,6,66.7,0,0,2,22.2,2,1,50,0,0,0,0,-3.15,0.068,2588.9,0,0,0,12.7,20.2,12.7,20.18,-7.48,0.02,0.03,20.2
2025,514,Seattle Seahawks,1,13,SEA,100,5.970149253731343,724,12,0.04,0.02,8.75,105,27,2.25,5.4,5,41.7,6,1.2,12,2.4,0,0.01,0,0,0,2,0.003,14.6,7,0,0,0,9,75,0,0,3,25,2,1,50,0,0,0,0,-5.59,-0.563,1675,0,0,0,7.7,16.2,7.7,16.24,-8.54,0.01,0.02,16.2
2025,515,Atlanta Falcons,1,9,ATL,100,2.7906976744186047,779,6,0.03,0.01,7.5,45,26,4.33,6.5,4,66.7,10,2.5,1,0.25,1,0.5,2,0,0,2,0.003,115.3,4,0,0,0,4,66.7,0,0,0,0,1,1,100,0,1,0.25,0,-2.92,0.321,3583.3,0,0,0,12.6,9.4,12.6,9.38,3.22,0.02,0.01,9.4
2025,516,Carolina Panthers,1,12,CAR,100,3.8461538461538463,637,7,0.04,0.01,11,77,26,3.71,6.5,4,57.1,9,2.25,6,1.5,1,0.99,1,0,0,2,0.003,65.2,7,0,1,14.3,4,57.1,2,0,0,0,2,2,100,0,1,0.25,0,-4.63,-0.986,2600,0,0,0,12.6,11.8,12.6,11.79,0.81,0.02,0.02,11.8
2025,517,New Orleans Saints,1,18,NO,100,4.838709677419355,657,9,0.04,0.01,10.11,91,26,2.89,6.5,4,44.4,-2,-0.5,-2,-0.5,0,0.13,2,0,0,2,0.003,51.6,7,0,0,0,7,77.8,1,0,0,0,4,0,0,0,0,0,0,-4.88,-0.08,2066.7,0,0,0,6.6,11.2,6.6,11.18,-4.58,0.01,0.02,11.2
2025,518,San Francisco 49ers,1,13,SF,100,3.2085561497326207,672,6,0.04,0.01,11.67,70,26,4.33,8.67,3,50,2,0.67,0,0,0,0.08,0,0,0,1,0.001,61.8,4,0,0,0,6,100,1,0,1,16.7,2,0,0,0,0,0,0,-3.85,-0.235,3116.7,0,0,0,5.6,10.4,5.6,10.38,-4.78,0.01,0.02,10.4
2025,519,Atlanta Falcons,1,7,ATL,100,3.255813953488372,779,7,0.03,0.01,10.57,74,25,3.57,6.25,4,57.1,1,0.25,3,0.75,0,0.23,0,0,0,2,0.003,25,5,0,0,0,6,85.7,1,0,2,28.6,1,0,0,0,0,0,0,-4.47,-0.693,3071.4,0,0,0,6.5,12.7,6.5,12.66,-6.16,0.01,0.02,12.7
2025,520,Denver Broncos,1,6,DEN,100,3.167420814479638,809,7,0.03,0.01,8.43,59,25,3.57,8.33,3,42.9,7,2.33,4,1.33,0,0.01,0,0,0,2,0.002,52.7,7,0,0,0,4,57.1,1,0,0,0,1,0,0,0,0,0,0,-3.78,-0.345,3157.1,0,0,0,5.5,6.7,5.5,6.72,-1.22,0.01,0.01,6.7
2025,521,Miami Dolphins,1,9,MIA,100,3.888888888888889,640,7,0.04,0.01,13.57,95,25,3.57,6.25,4,57.1,4,1,0,0,1,1.17,2,1,1,1,0.002,104.2,5,0,0,0,4,57.1,2,0,0,0,2,2,100,0,0,0,0,-4.47,-0.466,2571.4,0,0,0,12.5,12.9,12.5,12.89,-0.39,0.02,0.02,12.9
2025,522,Philadelphia Eagles,1,8,PHI,100,3.30188679245283,780,7,0.03,0.01,10,70,25,3.57,8.33,3,42.9,15,5,1,0.33,0,0.01,1,1,0,1,0.001,52.7,5,0,1,14.3,5,71.4,1,0,1,14.3,3,2,66.7,0,0,0,0,-4.21,-0.344,3028.6,0,0,0,5.5,6.9,5.5,6.93,-1.43,0.01,0.01,6.9
2025,523,Seattle Seahawks,1,2,SEA,100,3.482587064676617,724,7,0.03,0.01,8.86,62,25,3.57,8.33,3,42.9,8,2.67,4,1.33,0,0.16,0,0,0,0,0,52.7,6,0,0,0,6,85.7,1,0,1,14.3,2,0,0,0,0,0,0,-4.06,-0.195,2871.4,0,0,0,5.5,10.3,5.5,10.28,-4.78,0.01,0.01,10.3
2025,524,San Francisco 49ers,1,9,SF,100,3.7433155080213902,672,7,0.04,0.01,10.86,76,25,3.57,6.25,4,57.1,4,1,2,0.5,0,0.2,1,2,0,0,0,64.6,6,0,0,0,6,85.7,1,0,0,0,3,1,33.3,0,1,0.25,0,-4.2,-0.17,2671.4,0,0,0,6.5,10,6.5,10.01,-3.51,0.01,0.01,10
2025,525,Buffalo Bills,1,13,BUF,100,4.819277108433735,591,8,0.04,0.01,8.88,71,24,3,8,3,37.5,22,7.33,4,1.33,0,0.01,0,0,0,1,0.002,6.3,7,0,1,12.5,5,62.5,1,0,1,12.5,1,0,0,0,0,0,0,-5.24,-0.691,2075,0,0,0,5.4,8.3,5.4,8.26,-2.86,0.01,0.01,8.3
2025,526,Miami Dolphins,1,8,MIA,100,5.555555555555555,640,10,0.04,0.02,17,170,24,2.4,12,2,20,5,2.5,4,2,0,0.01,0,0,0,2,0.003,39.6,8,0,0,0,4,40,2,0,0,0,2,0,0,0,1,0.5,0,-7.85,-0.561,1800,0,0,0,4.4,7.2,4.4,7.15,-2.75,0.01,0.01,7.2
2025,527,Carolina Panthers,1,2,CAR,100,2.7472527472527473,637,5,0.04,0.01,14.2,71,23,4.6,11.5,2,40,8,4,7,3.5,0,0.13,2,1,0,1,0.002,54.6,4,0,0,0,3,60,1,0,1,20,0,0,0,0,1,0.5,0,-4.26,-0.129,3640,0,0,0,4.3,6.6,4.3,6.57,-2.27,0.01,0.01,6.6
2025,528,Green Bay Packers,1,17,GB,100,2.336448598130841,786,5,0.03,0.01,9.2,46,23,4.6,7.67,3,60,7,2.33,1,0.33,1,1.1,4,2,0,2,0.003,110.8,4,0,0,0,4,80,1,0,0,0,2,0,0,0,0,0,0,-3,0.589,4280,0,0,0,11.3,12.3,11.3,12.26,-0.96,0.01,0.02,12.3
2025,529,Philadelphia Eagles,1,14,PHI,100,4.245283018867925,780,9,0.03,0.01,10.44,94,22,2.44,5.5,4,44.4,3,0.75,0,0,0,0.02,0,0,0,1,0.001,12,7,0,1,11.1,5,55.6,1,0,1,11.1,1,0,0,0,0,0,0,-5.64,-0.498,2355.6,0,0,0,6.2,8.1,6.2,8.1,-1.9,0.01,0.01,8.1
2025,530,San Francisco 49ers,1,6,SF,100,2.6737967914438503,672,5,0.03,0.01,9.4,47,22,4.4,7.33,3,60,1,0.33,0,0,0,0.03,0,0,0,0,0,70.4,5,0,1,20,3,60,0,0,0,0,1,1,100,0,0,0,0,-4.15,0.026,3740,0,0,0,5.2,4.9,5.2,4.94,0.26,0.01,0.01,4.9
2025,531,Cleveland Browns,1,16,CLV,100,0.5617977528089888,652,1,0.03,0,10,10,21,21,21,1,100,11,11,1,1,0,0.03,0,0,0,1,0.002,118.8,1,0,0,0,1,100,0,100,0,0,0,0,0,0,0,0,0,13.5,1.493,17800,0,0,0,3.1,2.4,3.1,2.44,0.66,0,0,2.4
2025,532,Jacksonville Jaguars,1,18,JAX,100,4.313725490196078,911,11,0.02,0.01,5.18,57,20,1.82,4,5,45.5,2,0.4,1,0.2,0,0.01,0,0,0,1,0.001,14.6,9,0,1,9.1,5,45.5,0,0,0,0,2,1,50,0,0,0,0,-4.88,-1.071,2318.2,0,0,0,7,6.9,7,6.95,0.05,0.01,0.01,6.9
2025,533,Arizona Cardinals,1,15,ARZ,100,2.0202020202020203,731,4,0.03,0.01,7.5,30,19,4.75,6.33,3,75,5,1.67,3,1,1,1.68,2,2,1,2,0.003,124,2,0,0,0,4,100,0,0,0,0,1,0,0,0,1,0.33,0,-2.67,0.252,4950,0,0,0,10.9,16.1,10.9,16.09,-5.19,0.01,0.02,16.1
2025,534,Detroit Lions,1,17,DET,100,2.1929824561403506,836,5,0.02,0.01,10.2,51,19,3.8,9.5,2,40,4,2,2,1,0,0.06,1,1,0,1,0.001,51.3,5,0,0,0,4,80,1,0,0,0,2,0,0,0,0,0,0,-4.1,0.067,4560,0,0,0,3.9,6.8,3.9,6.79,-2.89,0,0.01,6.8
2025,535,Houston Texans,1,10,HST,100,2.73224043715847,666,5,0.03,0.01,16,80,18,3.6,9,2,40,0,0,0,0,1,1.38,1,1,1,2,0.003,50.4,4,0,0,0,5,100,1,0,0,0,5,2,40,1,0,0,0,-5.93,0.26,3660,0,0,0,9.8,15.7,9.8,15.72,-5.92,0.01,0.02,15.7
2025,536,Las Vegas Raiders,1,18,LV,100,2.9702970297029703,715,6,0.03,0.01,10.83,65,18,3,4.5,4,66.7,10,2.5,1,0.25,0,0.03,0,0,0,0,0,70.1,3,0,1,16.7,5,83.3,2,0,0,0,2,1,50,0,0,0,0,-4.89,-0.424,3366.7,0,0,0,5.8,8.5,5.8,8.54,-2.74,0.01,0.01,8.5
2025,537,Seattle Seahawks,1,17,SEA,100,2.9850746268656714,724,6,0.02,0.01,4.5,27,18,3,4.5,4,66.7,12,3,1,0.25,0,0.03,1,0,0,1,0.001,70.1,5,0,1,16.7,5,83.3,0,0,0,0,1,0,0,0,0,0,0,-3.41,-0.763,3350,0,0,0,5.8,7.4,5.8,7.39,-1.59,0.01,0.01,7.4
2025,538,Philadelphia Eagles,1,15,PHI,100,2.8301886792452833,780,6,0.02,0.01,11,66,17,2.83,8.5,2,33.3,3,1.5,2,1,0,0,0,0,0,0,0,42.4,6,0,0,0,4,66.7,0,0,0,0,3,1,33.3,0,0,0,0,-5.7,-0.393,3533.3,0,0,0,3.7,5.6,3.7,5.59,-1.89,0,0.01,5.6
2025,539,Chicago Bears,1,1,CHI,100,2.7027027027027026,656,5,0.02,0.01,8.2,41,14,2.8,7,2,40,12,6,5,2.5,0,0.11,0,0,0,0,0,8.3,4,0,1,20,4,80,1,0,2,40,1,0,0,0,1,0.5,0,-4.9,-2.329,3700,0,0,0,3.4,8.8,3.4,8.76,-5.36,0.01,0.01,8.8
2025,540,Minnesota Vikings,1,16,MIN,100,1.3605442176870748,535,2,0.01,0,4.5,9,8,4,8,1,50,4,4,1,1,0,0,0,0,0,1,0.002,20.8,1,0,0,0,2,100,0,0,1,50,1,0,0,0,0,0,0,-2.26,-0.502,7350,0,0,0,1.8,2.9,1.8,2.94,-1.14,0,0.01,2.9
2025,541,Minnesota Vikings,1,18,MIN,100,2.0408163265306123,535,3,0.01,0.01,5.67,17,8,2.67,8,1,33.3,0,0,0,0,0,0,0,0,0,0,0,42.4,3,0,0,0,3,100,0,0,1,33.3,2,1,50,0,0,0,0,-3.97,-0.216,4900,0,0,0,1.8,4.4,1.8,4.35,-2.55,0,0.01,4.4
2025,542,Atlanta Falcons,1,3,ATL,100,3.255813953488372,779,7,0.01,0.01,9.86,69,5,0.71,5,1,14.3,0,0,0,0,0,0.54,1,2,0,0,0,39.6,7,0,1,14.3,5,71.4,1,0,3,42.9,4,1,25,0,0,0,0,-7.17,-1.24,3071.4,0,0,0,1.5,10,1.5,9.95,-8.45,0,0.01,10
2025,543,Cleveland Browns,1,10,CLV,100,1.6853932584269662,652,3,0.01,0,18.33,55,4,1.33,4,1,33.3,0,0,0,0,0,0.01,0,0,0,0,0,2.8,3,0,0,0,2,66.7,2,0,0,0,2,1,50,0,0,0,0,-8.48,-2.09,5933.3,0,0,0,1.4,2.8,1.4,2.83,-1.43,0,0,2.8
2025,544,Los Angeles Chargers,1,18,LAC,100,2.0202020202020203,719,4,0,0.01,7.75,31,2,0.5,2,1,25,3,3,1,1,0,0.02,2,1,0,0,0,39.6,4,0,1,25,2,50,0,0,0,0,1,0,0,0,0,0,0,-7.42,-0.934,4950,0,0,0,1.2,2.3,1.2,2.33,-1.13,0,0,2.3
Exported from Data Suite 2.0 by michaelgingrave (user 380) on 2026-09-16 21:12 UTC,,,,,,,,,,,,,,,,,,,,,,,,,,,,,,,,,,,,,,,,,,,,,,,,,,,,,,,,,,,,,