,Player Details,Player Details,Player Details,Player Details,Player Details,Splits,Splits,Splits,Splits,Overall,Overall,Overall,Overall,Man,Man,Man,Man,Zone,Zone,Zone,Zone,Single-High,Single-High,Single-High,Single-High,Two-High,Two-High,Two-High,Two-High
Season,Rank,Name,Team,POS,G,WEEK,OPP,RTE %,TGT %,RTE,TPRR,YPRR,FP/RR,RTE,TPRR,YPRR,FP/RR,RTE,TPRR,YPRR,FP/RR,RTE,TPRR,YPRR,FP/RR,RTE,TPRR,YPRR,FP/RR
2023,,League Avg,,,,,,,,17.672830725462305,0.19,1.52,0.34,4.525604551920342,0.2,1.55,0.36,12.467994310099574,0.19,1.56,0.32,9.286628733997155,0.2,1.61,0.34,8.38620199146515,0.19,1.43,0.33
2023,1,Michael Pittman,IND,WR,1,6,JAX,25.333333333333336,22.413793103448278,57,0.23,1.91,0.35,10,0.1,0,0,45,0.27,2.42,0.44,25,0.24,1.68,0.33,32,0.22,2.09,0.37
2023,2,Tutu Atwell,LA,WR,1,2,SF,25.570776255707763,22.5,56,0.16,1.38,0.26,12,0.17,2.17,0.38,43,0.16,1.19,0.23,32,0.19,1.69,0.33,24,0.13,0.96,0.18
2023,3,D.J. Chark,CAR,WR,1,3,SEA,32.142857142857146,42.30769230769231,54,0.2,1.59,0.34,11,0.27,2.55,0.35,43,0.19,1.35,0.34,33,0.12,2.27,0.47,21,0.33,0.52,0.15
2023,4,Adam Thielen,CAR,WR,1,3,SEA,23.043478260869566,23.728813559322035,53,0.26,2.74,0.59,10,0.4,4.8,0.68,43,0.23,2.26,0.57,32,0.31,3.59,0.8,21,0.19,1.43,0.29
2023,5,Justin Jefferson,MIN,WR,1,3,LAC,27.604166666666668,24.528301886792452,53,0.25,2.81,0.53,11,0.36,2.64,0.45,37,0.22,3.24,0.62,28,0.32,4.04,0.76,25,0.16,1.44,0.26
2023,6,Puka Nacua,LA,WR,1,2,SF,22.566371681415927,27.941176470588236,51,0.37,2.88,0.58,12,0.42,2.83,0.53,39,0.36,2.9,0.6,29,0.41,3.24,0.63,22,0.32,2.41,0.51
2023,7,K.J. Osborn,MIN,WR,1,3,LAC,23.14814814814815,10,50,0.06,0.72,0.21,10,0.2,3.6,1.06,36,0.03,0,0,25,0.08,1.44,0.42,25,0.04,0,0
2023,8,Ja'Marr Chase,CIN,WR,1,3,LA,20.5761316872428,20.833333333333336,50,0.3,2.82,0.52,9,0.11,1.22,0.23,41,0.34,3.17,0.59,23,0.26,1.3,0.26,27,0.33,4.11,0.74
2023,9,Chris Olave,NO,WR,1,6,HST,23.474178403755868,18.867924528301888,50,0.2,1.92,0.33,14,0.29,3.43,0.56,34,0.18,1.41,0.26,20,0.3,3.7,0.62,30,0.13,0.73,0.14
2023,10,Tyler Higbee,LA,TE,1,2,SF,23.902439024390244,20,49,0.12,0.24,0.09,11,0.09,0,0,37,0.14,0.32,0.11,27,0.11,0,0,22,0.14,0.55,0.19
2023,11,Davante Adams,LV,WR,1,3,PIT,24.242424242424242,33.89830508474576,48,0.42,3.58,0.88,19,0.42,3.16,1.21,27,0.41,4.15,0.71,18,0.61,6,1.77,30,0.3,2.13,0.35
2023,12,T.J. Hockenson,MIN,TE,1,3,LAC,25.396825396825395,23.404255319148938,48,0.23,1.63,0.33,10,0.2,1.4,0.34,33,0.27,1.94,0.38,27,0.11,0.52,0.13,21,0.38,3.05,0.59
2023,13,Van Jefferson,LA,WR,1,2,SF,28.235294117647058,23.52941176470588,48,0.08,0.19,0.04,12,0.08,0,0,36,0.08,0.25,0.05,28,0.04,0.32,0.07,20,0.15,0,0
2023,14,Ja'Marr Chase,CIN,WR,1,5,ARZ,19.753086419753085,26.38888888888889,48,0.4,4,1.09,7,0.86,5.86,3.01,39,0.33,3.87,0.8,14,0.43,3.36,1.12,34,0.38,4.26,1.07
2023,15,Terry McLaurin,WAS,WR,1,5,CHI,22.926829268292686,11.904761904761903,47,0.11,1.04,0.19,5,0.2,6.4,0.84,41,0.1,0.41,0.11,22,0.18,2.05,0.34,25,0.04,0.16,0.06
2023,16,Josh Downs,IND,WR,1,6,JAX,25.543478260869566,20.51282051282051,47,0.17,0.45,0.28,6,0.33,0.83,1.42,39,0.15,0.41,0.12,22,0.14,0.27,0.12,25,0.2,0.6,0.42
2023,17,Logan Thomas,WAS,TE,1,5,CHI,31.292517006802722,44,46,0.24,1.67,0.49,7,0.14,0,0,37,0.22,1.38,0.33,22,0.14,0.55,0.15,24,0.33,2.71,0.81
2023,18,Michael Pittman,IND,WR,1,3,BLT,20.444444444444446,18.96551724137931,46,0.24,1.67,0.36,19,0.26,2.68,0.48,27,0.22,0.96,0.28,24,0.17,1.79,0.3,22,0.32,1.55,0.43
2023,19,George Pickens,PIT,WR,1,1,SF,27.878787878787882,17.94871794871795,46,0.15,0.78,0.19,4,0.25,0,0,37,0.14,0.86,0.19,16,0.19,0.5,0.11,30,0.13,0.93,0.23
2023,20,Stefon Diggs,BUF,WR,1,1,NYJ,21.73913043478261,20.3125,45,0.29,2.27,0.58,12,0.33,2.58,0.51,31,0.23,2.03,0.36,18,0.33,2.94,0.57,27,0.26,1.81,0.59
2023,21,Michael Thomas,NO,WR,1,6,HST,22.277227722772277,17.77777777777778,45,0.18,1,0.21,13,0.31,0.92,0.25,30,0.1,1.1,0.21,17,0.24,1,0.22,28,0.14,1,0.21
2023,22,Kendrick Bourne,NE,WR,1,1,PHI,26.94610778443114,25.581395348837212,45,0.24,1.42,0.54,14,0.29,1.36,0.64,31,0.23,1.45,0.5,30,0.3,1.5,0.68,15,0.13,1.27,0.26
2023,23,Tee Higgins,CIN,WR,1,3,LA,30.201342281879196,23.52941176470588,45,0.18,0.47,0.09,9,0.22,1.44,0.26,36,0.17,0.22,0.05,22,0.23,0.59,0.1,23,0.13,0.35,0.08
2023,24,DeVonta Smith,PHI,WR,1,6,NYJ,20.179372197309416,23.25581395348837,45,0.22,0.98,0.21,7,0.29,2.57,0.54,36,0.22,0.72,0.16,17,0.35,1.18,0.29,28,0.14,0.86,0.16
2023,25,Robert Woods,HST,WR,1,2,IND,26.666666666666668,21.951219512195124,44,0.2,1.68,0.3,2,1,9.5,1.45,37,0.16,1.49,0.28,30,0.17,1.87,0.32,14,0.29,1.29,0.27
2023,26,Allen Robinson,PIT,WR,1,1,SF,29.72972972972973,32,44,0.18,1.45,0.26,5,0.2,0,0,34,0.21,1.88,0.34,17,0.29,1.94,0.31,27,0.11,1.15,0.23
2023,27,Marquise Brown,ARZ,WR,1,4,SF,23.52941176470588,18.867924528301888,44,0.23,2.18,0.38,7,0.29,3.57,0.64,35,0.23,2.03,0.35,17,0.41,4.59,0.75,27,0.11,0.67,0.14
2023,28,Justin Jefferson,MIN,WR,1,1,TB,22.916666666666664,20.754716981132077,44,0.25,3.41,0.55,4,0.75,16,2.1,38,0.21,2.26,0.41,21,0.24,2.29,0.42,23,0.26,4.43,0.66
2023,29,Justin Jefferson,MIN,WR,1,2,PHI,22.916666666666664,26.41509433962264,44,0.32,3.61,0.61,7,0.29,4.86,0.77,35,0.31,3.57,0.61,22,0.41,3.82,0.7,22,0.23,3.41,0.52
2023,30,Jahan Dotson,WAS,WR,1,5,CHI,20.46511627906977,14.814814814814813,44,0.09,0.68,0.14,7,0,0,0,37,0.11,0.81,0.16,23,0.13,1.3,0.26,21,0.05,0,0
2023,31,Zay Flowers,BLT,WR,1,5,PIT,22,20.833333333333336,44,0.23,1.66,0.28,21,0.19,0.95,0.14,20,0.25,2.65,0.42,34,0.21,1.56,0.27,10,0.3,2,0.3
2023,32,Tyler Boyd,CIN,WR,1,3,LA,19.90740740740741,23.076923076923077,43,0.21,0.91,0.21,9,0.56,1.56,0.38,34,0.12,0.74,0.16,21,0.29,1.48,0.29,22,0.14,0.36,0.13
2023,33,Mark Andrews,BLT,TE,1,5,PIT,27.21518987341772,30.303030303030305,43,0.23,1.51,0.29,21,0.19,1.76,0.32,20,0.25,1.4,0.29,34,0.21,1.06,0.22,9,0.33,3.22,0.54
2023,34,Christian Kirk,JAX,WR,1,5,BUF,21.5,15.217391304347828,43,0.16,1.81,0.32,3,0,0,0,37,0.19,2.11,0.37,14,0.07,2.14,0.29,29,0.21,1.66,0.34
2023,35,Drake London,ATL,WR,1,6,WAS,21.608040201005025,27.906976744186046,43,0.28,2.91,0.5,11,0.18,1,0.19,31,0.32,3.68,0.63,17,0.18,1.82,0.3,26,0.35,3.62,0.63
2023,36,Rashid Shaheed,NO,WR,1,6,HST,24.571428571428573,22.22222222222222,43,0.14,1.98,0.38,12,0.25,0,0,29,0.1,2.93,0.57,14,0.07,0,0,29,0.17,2.93,0.57
2023,37,D.J. Moore,CHI,WR,1,1,GB,21.649484536082475,4.878048780487805,42,0.05,0.6,0.11,0,0,0,0,40,0.05,0.63,0.11,30,0.07,0.83,0.15,12,0,0,0
2023,38,Terry McLaurin,WAS,WR,1,4,PHI,20.48780487804878,23.809523809523807,42,0.24,2.05,0.4,17,0.24,1.35,0.25,23,0.26,2.74,0.53,29,0.21,1.66,0.3,13,0.31,2.92,0.6
2023,39,A.J. Brown,PHI,WR,1,6,NYJ,19.90521327014218,15,42,0.21,3.12,0.48,6,0.33,7.33,1.07,34,0.21,2.56,0.4,15,0.2,3.6,0.56,27,0.22,2.85,0.43
2023,40,Michael Pittman,IND,WR,1,1,JAX,18.666666666666668,17.24137931034483,42,0.24,2.31,0.56,10,0.3,1.2,0.32,32,0.22,2.66,0.64,24,0.25,2.08,0.46,18,0.22,2.61,0.71
2023,41,Amon-Ra St. Brown,DET,WR,1,6,TB,25.766871165644172,29.166666666666668,42,0.33,2.95,0.72,6,0.33,0.83,0.25,35,0.31,3.31,0.79,20,0.3,2.8,0.83,22,0.36,3.09,0.63
2023,42,Drake London,ATL,WR,1,3,DET,21.105527638190953,13.953488372093023,42,0.14,0.74,0.12,9,0.44,3.44,0.57,29,0.03,0,0,26,0.15,1.08,0.15,16,0.13,0.19,0.08
2023,43,Tank Dell,HST,WR,1,2,IND,33.6,35.714285714285715,42,0.24,1.71,0.48,2,0,0,0,36,0.28,2,0.56,30,0.3,1.97,0.6,12,0.08,1.08,0.19
2023,44,Keenan Allen,LAC,WR,1,6,DAL,22.52747252747253,20.37037037037037,41,0.27,2.07,0.52,13,0.23,1.85,0.8,26,0.27,2.35,0.39,21,0.24,2.38,0.38,20,0.3,1.75,0.68
2023,45,DeVante Parker,NE,WR,1,2,MIA,26.797385620915033,36.36363636363637,41,0.2,1.39,0.29,7,0.14,1.57,0.3,34,0.21,1.35,0.28,24,0.25,2.08,0.42,17,0.12,0.41,0.1
2023,46,David Njoku,CLV,TE,1,2,PIT,27.516778523489933,18.181818181818183,41,0.1,1.17,0.21,13,0,0,0,27,0.15,1.78,0.33,28,0.07,0.5,0.12,13,0.15,2.62,0.42
2023,47,Dalton Schultz,HST,TE,1,1,BLT,27.89115646258503,12.121212121212121,41,0.1,0.1,0.06,13,0.08,0,0,26,0.12,0.15,0.09,19,0.05,0,0,22,0.14,0.18,0.11
2023,48,Donovan Peoples-Jones,CLV,WR,1,2,PIT,25.465838509316768,21.428571428571427,41,0.07,0.17,0.04,15,0.07,0,0,25,0.08,0.28,0.07,31,0.1,0.23,0.05,10,0,0,0
2023,49,Ja'Marr Chase,CIN,WR,1,2,BLT,16.872427983539097,11.11111111111111,41,0.2,0.76,0.2,16,0.13,0.69,0.19,23,0.22,0.87,0.22,20,0.25,1.2,0.32,21,0.14,0.33,0.08
2023,50,Terrace Marshall,CAR,WR,1,3,SEA,31.538461538461537,30.76923076923077,41,0.2,0.85,0.21,7,0,0,0,34,0.24,1.03,0.25,21,0.24,1.19,0.26,20,0.15,0.5,0.15
2023,51,Kyle Pitts,ATL,TE,1,3,DET,23.163841807909606,24.324324324324326,41,0.22,1,0.22,9,0.22,1.11,0.22,28,0.21,1,0.21,25,0.2,0.6,0.14,16,0.25,1.63,0.35
2023,52,Alec Pierce,IND,WR,1,3,BLT,21.465968586387437,31.818181818181817,41,0.17,1.05,0.18,15,0.2,1.53,0.22,26,0.15,0.77,0.15,22,0.18,1.05,0.15,19,0.16,1.05,0.21
2023,53,Michael Wilson,ARZ,WR,1,6,LA,25.153374233128833,17.391304347826086,41,0.1,1.51,0.22,5,0,0,0,35,0.11,1.77,0.26,22,0.09,1.64,0.25,19,0.11,1.37,0.19
2023,54,Jordan Addison,MIN,WR,1,3,LAC,22.905027932960895,24.242424242424242,41,0.2,1.27,0.27,9,0.11,0.44,0.16,28,0.21,1.71,0.35,21,0.19,0.67,0.21,20,0.2,1.9,0.34
2023,55,Puka Nacua,LA,WR,1,4,IND,18.141592920353983,14.705882352941178,41,0.24,3.98,0.76,6,0.17,3.67,1.53,33,0.24,4.06,0.62,25,0.2,3.88,0.79,16,0.31,4.13,0.72
2023,56,Zach Ertz,ARZ,TE,1,4,SF,25.31645569620253,25.64102564102564,40,0.25,1.32,0.28,7,0.14,0,0,31,0.29,1.71,0.36,13,0.15,0.92,0.17,27,0.3,1.52,0.34
2023,57,Keenan Allen,LAC,WR,1,2,TEN,21.978021978021978,18.51851851851852,40,0.25,2.77,0.78,13,0.23,2.62,1.42,23,0.26,3.35,0.55,24,0.25,2.04,0.91,16,0.25,3.88,0.57
2023,58,Curtis Samuel,WAS,WR,1,5,CHI,22.727272727272727,22.58064516129032,40,0.17,1.63,0.46,5,0.2,0.6,1.46,34,0.18,1.82,0.33,21,0.14,1,0.2,19,0.21,2.32,0.76
2023,59,Calvin Ridley,JAX,WR,1,5,BUF,20.2020202020202,18.6046511627907,40,0.2,3.05,0.48,4,0.5,11.5,1.65,33,0.15,2.3,0.38,15,0.2,2.93,0.49,25,0.2,3.12,0.47
2023,60,Jakobi Meyers,LV,WR,1,4,LAC,24.84472049689441,9.30232558139535,40,0.1,0.82,0.13,3,0.33,0,0,34,0.09,0.97,0.16,9,0.11,2.78,0.39,31,0.1,0.26,0.06
2023,61,Darius Slayton,NYG,WR,1,4,SEA,19.51219512195122,11.11111111111111,40,0.07,0.57,0.11,2,0,0,0,38,0.08,0.61,0.11,19,0.11,0.63,0.12,21,0.05,0.52,0.1
2023,62,A.J. Brown,PHI,WR,1,4,WAS,18.95734597156398,23.333333333333332,40,0.35,4.38,0.96,12,0.33,0.83,0.17,28,0.36,5.89,1.3,18,0.39,5.61,1.17,22,0.32,3.36,0.79
2023,63,Darnell Mooney,CHI,WR,1,1,GB,26.31578947368421,38.88888888888889,40,0.17,1.32,0.38,0,0,0,0,38,0.18,1.39,0.4,28,0.14,1.89,0.55,12,0.25,0,0
2023,64,K.J. Osborn,MIN,WR,1,1,TB,18.51851851851852,20,40,0.15,0.78,0.15,4,0.25,4.75,0.72,34,0.15,0.35,0.09,20,0.15,1.25,0.23,20,0.15,0.3,0.08
2023,65,K.J. Osborn,MIN,WR,1,2,PHI,18.51851851851852,20,40,0.15,0.85,0.31,7,0.14,0,0,31,0.16,1.1,0.4,18,0.17,0.89,0.53,22,0.14,0.82,0.13
2023,66,K.J. Osborn,MIN,WR,1,5,KC,18.51851851851852,26.666666666666668,40,0.2,1.23,0.25,19,0.21,0.42,0.15,20,0.2,2.05,0.35,10,0.3,0.9,0.19,30,0.17,1.33,0.27
2023,67,Jahan Dotson,WAS,WR,1,2,DEN,18.6046511627907,14.814814814814813,40,0.1,0.55,0.13,15,0,0,0,24,0.17,0.92,0.22,24,0.13,0.96,0.18,16,0.06,-0.06,0.06
2023,68,Luke Musgrave,GB,TE,1,3,NO,36.69724770642202,36.36363636363637,40,0.2,1.23,0.27,15,0.07,0.2,0.09,25,0.28,1.84,0.38,24,0.08,0.63,0.15,16,0.38,2.13,0.46
2023,69,Adam Thielen,CAR,WR,1,5,DET,16.956521739130434,22.033898305084744,39,0.33,2.74,0.71,14,0.36,3.64,1.08,21,0.33,2.29,0.51,24,0.33,2.92,0.54,15,0.33,2.47,0.98
2023,70,Keenan Allen,LAC,WR,1,3,MIN,21.428571428571427,37.03703703703704,39,0.51,5.51,1.01,25,0.52,4.12,0.85,14,0.5,8,1.3,19,0.42,6.68,1.09,20,0.6,4.4,0.94
2023,71,Amari Cooper,CLV,WR,1,2,PIT,24.22360248447205,23.684210526315788,39,0.23,2.31,0.41,15,0.4,3.93,0.73,23,0.13,1.35,0.22,30,0.27,3,0.53,9,0.11,0,0
2023,72,Darren Waller,NYG,TE,1,4,SEA,20.103092783505154,7.317073170731707,39,0.08,0.54,0.13,2,0,0,0,37,0.08,0.57,0.14,17,0.06,0.29,0.09,22,0.09,0.73,0.16
2023,73,Darren Waller,NYG,TE,1,5,MIA,20.103092783505154,26.82926829268293,39,0.28,2.21,0.43,8,0.25,2.13,0.46,31,0.29,2.23,0.42,20,0.35,2.25,0.47,19,0.21,2.16,0.37
2023,74,Tyler Lockett,SEA,WR,1,6,CIN,24.68354430379747,23.52941176470588,39,0.21,2.41,0.39,3,0,0,0,33,0.24,2.85,0.47,22,0.27,2.41,0.42,17,0.12,2.41,0.36
2023,75,Tyler Higbee,LA,TE,1,4,IND,19.024390243902438,33.33333333333333,39,0.26,1.64,0.29,6,0.5,2.5,0.58,31,0.23,1.58,0.25,24,0.21,0.58,0.14,15,0.33,3.33,0.53
2023,76,D.J. Chark,CAR,WR,1,5,DET,23.214285714285715,19.230769230769234,39,0.13,1.08,0.34,14,0.21,1.71,0.74,21,0.05,0.86,0.13,24,0.17,1.75,0.55,15,0.07,0,0
2023,77,Durham Smythe,MIA,TE,1,1,LAC,29.1044776119403,46.666666666666664,39,0.18,1.13,0.19,15,0.07,0,0,21,0.24,2.1,0.35,19,0.21,0.95,0.15,20,0.15,1.3,0.23
2023,78,Darius Slayton,NYG,WR,1,6,BUF,19.024390243902438,18.51851851851852,39,0.13,1.77,0.28,9,0.33,6.44,0.87,29,0.07,0.38,0.11,17,0.12,3.41,0.46,22,0.14,0.5,0.14
2023,79,Gabe Davis,BUF,WR,1,1,NYJ,21.910112359550563,13.333333333333334,39,0.1,0.82,0.13,11,0,0,0,27,0.15,1.19,0.19,17,0.06,0.35,0.09,22,0.14,1.18,0.16
2023,80,Cole Kmet,CHI,TE,1,1,GB,27.659574468085108,22.58064516129032,39,0.18,1.13,0.24,0,0,0,0,38,0.16,1.16,0.25,29,0.21,1.52,0.32,10,0.1,0,0
2023,81,CeeDee Lamb,DAL,WR,1,3,ARZ,20.967741935483872,16.666666666666664,39,0.18,1.36,0.24,11,0.36,3.55,0.54,27,0.11,0.52,0.13,11,0.27,3.55,0.54,28,0.14,0.5,0.12
2023,82,DeVonta Smith,PHI,WR,1,4,WAS,17.48878923766816,18.6046511627907,39,0.21,2,0.38,12,0.17,1.42,0.31,27,0.22,2.26,0.41,19,0.16,1.32,0.29,20,0.25,2.65,0.47
2023,83,DeVonta Smith,PHI,WR,1,5,LA,17.48878923766816,11.627906976744185,39,0.13,0.15,0.04,7,0,0,0,28,0.14,0.21,0.06,26,0.15,0.23,0.06,13,0.08,0,0
2023,84,Rondale Moore,ARZ,WR,1,4,SF,25.49019607843137,8.695652173913043,39,0.05,0,0,7,0.14,0,0,31,0.03,0,0,16,0.06,0,0,23,0.04,0,0
2023,85,Garrett Wilson,NYJ,WR,1,3,NE,19.696969696969695,15.384615384615385,39,0.21,1.23,0.25,17,0.24,0.53,0.17,22,0.18,1.77,0.31,21,0.19,0.43,0.14,18,0.22,2.17,0.38
2023,86,Romeo Doubs,GB,WR,1,3,NO,28.888888888888886,30.555555555555557,39,0.28,1.87,0.47,17,0.29,1.06,0.22,22,0.27,2.5,0.66,26,0.38,2.15,0.6,13,0.08,1.31,0.21
2023,87,Jonathan Mingo,CAR,WR,1,1,ATL,23.92638036809816,17.24137931034483,39,0.13,0.44,0.09,7,0.14,1.29,0.27,32,0.13,0.25,0.06,13,0.15,1.31,0.28,26,0.12,0,0
2023,88,Jonathan Mingo,CAR,WR,1,6,MIA,23.92638036809816,10.344827586206897,39,0.08,0.54,0.11,11,0,0,0,28,0.11,0.75,0.15,29,0.1,0.72,0.14,10,0,0,0
2023,89,Logan Thomas,WAS,TE,1,4,PHI,25.850340136054424,12,38,0.08,1.08,0.19,18,0.11,1.83,0.29,17,0.06,0.47,0.11,24,0.08,1.38,0.22,14,0.07,0.57,0.13
2023,90,Stefon Diggs,BUF,WR,1,5,JAX,18.357487922705314,17.1875,38,0.29,3.18,0.69,5,0.2,1.6,0.36,30,0.27,3.37,0.74,18,0.39,3.56,0.97,20,0.2,2.85,0.43
2023,91,Tyler Lockett,SEA,WR,1,2,DET,24.050632911392405,29.411764705882355,38,0.26,1.55,0.68,11,0.36,1.82,1.64,26,0.23,1.5,0.3,14,0.36,2,0.91,24,0.21,1.29,0.55
2023,92,Tyler Boyd,CIN,WR,1,2,BLT,17.59259259259259,17.94871794871795,38,0.18,1.37,0.29,15,0.2,2.07,0.41,21,0.14,1,0.24,17,0.18,1.41,0.32,21,0.19,1.33,0.28
2023,93,Tyler Boyd,CIN,WR,1,5,ARZ,17.59259259259259,17.94871794871795,38,0.18,1.03,0.26,4,0,0,0,31,0.23,1.26,0.32,9,0.33,1.22,0.34,29,0.14,0.97,0.23
2023,94,Mike Williams,LAC,WR,1,2,TEN,40.86021505376344,50,38,0.34,2.18,0.43,10,0.4,2,0.3,24,0.33,2.63,0.55,21,0.38,2.43,0.43,17,0.29,1.88,0.42
2023,95,Evan Engram,JAX,TE,1,5,BUF,19.387755102040817,14.285714285714285,38,0.16,0.74,0.18,3,0,0,0,32,0.19,0.88,0.21,12,0.33,1.08,0.27,26,0.08,0.58,0.13
2023,96,Dallas Goedert,PHI,TE,1,4,WAS,19.387755102040817,11.11111111111111,38,0.11,0.66,0.12,11,0.18,1.55,0.25,27,0.07,0.3,0.07,17,0.12,1,0.16,21,0.1,0.38,0.09
2023,97,Christian Kirk,JAX,WR,1,2,KC,19,30.434782608695656,38,0.37,2.89,0.58,11,0.27,1,0.28,25,0.44,3.96,0.76,15,0.33,1.27,0.33,23,0.39,3.96,0.74
2023,98,D.J. Moore,CHI,WR,1,4,DEN,19.587628865979383,24.390243902439025,38,0.26,3.45,0.71,9,0.11,2.67,0.38,27,0.3,3.96,0.88,22,0.23,3.09,0.76,16,0.31,3.94,0.64
2023,99,Jakobi Meyers,LV,WR,1,3,PIT,23.60248447204969,27.906976744186046,38,0.32,2.24,0.41,17,0.29,1.47,0.26,20,0.3,2.6,0.46,12,0.17,1.08,0.19,26,0.38,2.77,0.51
2023,100,Olamide Zaccheaus,PHI,WR,1,6,NYJ,31.932773109243694,28.57142857142857,38,0.05,0.13,0.04,6,0,0,0,30,0.03,0.17,0.05,13,0,0,0,25,0.08,0.2,0.06
2023,101,Marquise Brown,ARZ,WR,1,6,LA,20.32085561497326,20.754716981132077,38,0.29,0.89,0.19,5,0.8,1.8,0.38,31,0.23,0.81,0.18,19,0.32,0.16,0.07,19,0.26,1.63,0.32
2023,102,Gabe Davis,BUF,WR,1,5,JAX,21.34831460674157,26.666666666666668,38,0.21,2.63,0.58,5,0.4,5.8,2.18,31,0.19,2.29,0.36,19,0.16,1,0.21,19,0.26,4.26,0.95
2023,103,Tutu Atwell,LA,WR,1,4,IND,17.35159817351598,20,38,0.21,0.63,0.19,6,0.33,0.5,0.22,30,0.17,0.7,0.2,22,0.27,0.64,0.2,16,0.13,0.63,0.19
2023,104,Ja'Marr Chase,CIN,WR,1,6,SEA,15.637860082304528,16.666666666666664,38,0.32,2.11,0.37,10,0.3,0.7,0.17,28,0.32,2.61,0.44,22,0.36,0.59,0.2,16,0.25,4.19,0.61
2023,105,Terrace Marshall,CAR,WR,1,1,ATL,29.230769230769234,23.076923076923077,38,0.16,0.61,0.11,7,0.14,0,0,31,0.16,0.74,0.14,13,0.23,0.92,0.17,25,0.12,0.44,0.08
2023,106,Elijah Moore,CLV,WR,1,2,PIT,22.89156626506024,25,38,0.21,0.95,0.17,14,0.07,0,0,23,0.3,1.57,0.29,30,0.23,0.67,0.13,8,0.13,2,0.33
2023,107,Josh Palmer,LAC,WR,1,6,DAL,25.850340136054424,25,38,0.18,1.58,0.26,12,0.25,3.58,0.53,25,0.12,0.68,0.15,21,0.19,2.05,0.3,17,0.18,1,0.22
2023,108,Garrett Wilson,NYJ,WR,1,4,KC,19.19191919191919,25,38,0.34,1.58,0.39,11,0.18,0.55,0.15,25,0.44,2.16,0.54,12,0.17,0.42,0.13,26,0.42,2.12,0.52
2023,109,Zay Flowers,BLT,WR,1,3,IND,19,20.833333333333336,38,0.26,1.26,0.34,9,0.11,0,0,27,0.33,1.78,0.47,29,0.28,1.45,0.39,9,0.22,0.67,0.18
2023,110,Puka Nacua,LA,WR,1,5,PHI,16.8141592920354,16.176470588235293,38,0.29,1.87,0.53,16,0.19,1.38,0.57,22,0.36,2.23,0.5,29,0.24,1.17,0.46,9,0.44,4.11,0.74
2023,111,Davante Adams,LV,WR,1,4,LAC,18.68686868686869,22.033898305084744,37,0.35,2.03,0.42,3,0.67,0.67,0.4,31,0.32,2.23,0.42,10,0.4,3.6,0.66,27,0.33,1.44,0.33
2023,112,Amari Cooper,CLV,WR,1,4,BLT,22.981366459627328,15.789473684210526,37,0.16,0.43,0.07,5,0.2,0,0,32,0.16,0.5,0.08,18,0.17,0.89,0.14,19,0.16,0,0
2023,113,Darren Waller,NYG,TE,1,2,ARZ,19.072164948453608,19.51219512195122,37,0.22,2.05,0.37,4,0,0,0,28,0.29,2.71,0.49,16,0.31,3.38,0.59,21,0.14,1.05,0.2
2023,114,Tyler Boyd,CIN,WR,1,6,SEA,17.12962962962963,17.94871794871795,37,0.19,1.03,0.45,10,0.1,0.8,0.78,27,0.22,1.11,0.33,21,0.19,0.81,0.56,16,0.19,1.31,0.32
2023,115,Evan Engram,JAX,TE,1,3,HST,18.877551020408163,19.047619047619047,37,0.22,1.81,0.37,1,0,0,0,36,0.22,1.86,0.38,23,0.26,2,0.42,14,0.14,1.5,0.29
2023,116,Christian Kirk,JAX,WR,1,3,HST,18.5,13.043478260869565,37,0.16,1.46,0.42,1,0,0,0,36,0.17,1.5,0.43,21,0.14,2.05,0.59,16,0.19,0.69,0.19
2023,117,DK Metcalf,SEA,WR,1,6,CIN,24.666666666666668,25.806451612903224,37,0.22,1.86,0.29,3,0.33,0,0,30,0.2,2.3,0.36,20,0.3,3,0.45,17,0.12,0.53,0.11
2023,118,Donovan Peoples-Jones,CLV,WR,1,4,BLT,22.981366459627328,28.57142857142857,37,0.11,0.19,0.05,6,0.33,1.17,0.28,31,0.06,0,0,17,0.18,0.41,0.1,20,0.05,0,0
2023,119,CeeDee Lamb,DAL,WR,1,2,NYJ,19.892473118279568,30.952380952380953,37,0.35,3.86,0.68,9,0.11,1.33,0.24,26,0.46,5.04,0.89,17,0.35,4.76,0.83,20,0.35,3.1,0.56
2023,120,Jerry Jeudy,DEN,WR,1,5,NYJ,25.170068027210885,24.137931034482758,37,0.19,1.35,0.3,12,0.08,1.92,0.27,19,0.21,1.53,0.36,16,0.13,2.69,0.39,21,0.24,0.33,0.22
2023,121,Nico Collins,HST,WR,1,2,IND,23.125,21.428571428571427,37,0.24,3.95,0.75,1,0,0,0,34,0.26,4.29,0.81,23,0.3,5.48,1.07,14,0.14,1.43,0.21
2023,122,Elijah Moore,CLV,WR,1,4,BLT,22.289156626506024,9.375,37,0.08,0.54,0.11,7,0,0,0,30,0.1,0.67,0.13,18,0.11,0.39,0.09,19,0.05,0.68,0.12
2023,123,Chris Olave,NO,WR,1,2,CAR,17.370892018779344,20.754716981132077,37,0.3,2.32,0.39,8,0.38,3.75,0.63,26,0.27,2.15,0.37,26,0.35,3,0.49,11,0.18,0.73,0.16
2023,124,Jahan Dotson,WAS,WR,1,3,BUF,17.209302325581397,14.814814814814813,37,0.11,0.57,0.11,7,0.14,2.14,0.36,28,0.11,0.21,0.06,15,0.07,0,0,22,0.14,0.95,0.19
2023,125,Kayshon Boutte,NE,WR,1,1,PHI,100,100,37,0.11,0,0,12,0.08,0,0,25,0.12,0,0,25,0.12,0,0,12,0.08,0,0
2023,126,Adam Thielen,CAR,WR,1,1,ATL,15.65217391304348,3.389830508474576,36,0.06,0.33,0.09,7,0.14,1.29,0.27,29,0.03,0.1,0.04,13,0.08,0.69,0.15,23,0.04,0.13,0.06
2023,127,Adam Thielen,CAR,WR,1,2,NO,15.65217391304348,15.254237288135593,36,0.25,1.5,0.51,10,0.6,3,1.3,26,0.12,0.92,0.21,21,0.29,1.76,0.37,15,0.2,1.13,0.71
2023,128,Robert Woods,HST,WR,1,1,BLT,21.818181818181817,24.390243902439025,36,0.28,1.58,0.32,11,0.09,1.18,0.21,23,0.35,1.61,0.33,15,0.27,1.33,0.27,21,0.29,1.76,0.37
2023,129,Hunter Henry,NE,TE,1,2,MIA,22.78481012658228,25,36,0.19,1.44,0.48,5,0,0,0,30,0.2,1.53,0.32,20,0.05,0.45,0.1,16,0.38,2.69,0.96
2023,130,Noah Brown,HST,WR,1,1,BLT,64.28571428571429,50,36,0.11,0.56,0.14,11,0.18,0.64,0.15,23,0.09,0.57,0.14,16,0.06,0.44,0.11,20,0.15,0.65,0.16
2023,131,Cooper Kupp,LA,WR,1,5,PHI,61.016949152542374,57.14285714285714,36,0.33,3.28,0.55,15,0.4,1.93,0.33,21,0.29,4.24,0.71,28,0.36,4.04,0.65,8,0.25,0.63,0.19
2023,132,Dalton Schultz,HST,TE,1,2,IND,24.489795918367346,21.21212121212121,36,0.19,0.94,0.21,1,0,0,0,31,0.19,1.1,0.24,26,0.15,0.46,0.12,10,0.3,2.2,0.42
2023,133,Michael Gallup,DAL,WR,1,3,ARZ,22.22222222222222,21.875,36,0.19,2.56,0.42,11,0.09,1.73,0.26,24,0.25,3.04,0.51,9,0.11,2.11,0.32,27,0.22,2.7,0.46
2023,134,Hayden Hurst,CAR,TE,1,3,SEA,24,14.285714285714285,36,0.08,0.31,0.06,7,0.14,0,0,29,0.07,0.38,0.07,22,0.09,0,0,14,0.07,0.79,0.15
2023,135,A.J. Brown,PHI,WR,1,5,LA,17.061611374407583,13.333333333333334,36,0.22,3.53,0.52,7,0.57,10.29,1.46,26,0.15,2.12,0.33,24,0.33,5.29,0.78,12,0,0,0
2023,136,Van Jefferson,LA,WR,1,4,IND,21.176470588235293,17.647058823529413,36,0.08,0.81,0.14,6,0,0,0,28,0.11,1.04,0.18,23,0.13,1.26,0.21,13,0,0,0
2023,137,Tutu Atwell,LA,WR,1,3,CIN,16.43835616438356,22.5,36,0.25,1.39,0.42,17,0.29,0.35,0.51,17,0.18,2.59,0.38,22,0.32,1.73,0.54,14,0.14,0.86,0.23
2023,138,Tutu Atwell,LA,WR,1,5,PHI,16.43835616438356,12.5,36,0.14,0.25,0.25,16,0.06,0,0,20,0.2,0.45,0.45,29,0.14,0.1,0.25,7,0.14,0.86,0.23
2023,139,DeVonta Smith,PHI,WR,1,1,NE,16.143497757847534,23.25581395348837,36,0.28,1.31,0.49,17,0.29,1.59,0.69,19,0.26,1.05,0.32,25,0.28,1.16,0.32,11,0.27,1.64,0.89
2023,140,DeVonta Smith,PHI,WR,1,3,TB,16.143497757847534,11.627906976744185,36,0.14,0.78,0.19,13,0.08,0,0,23,0.17,1.22,0.3,24,0.21,1.17,0.28,12,0,0,0
2023,141,Drake London,ATL,WR,1,5,HST,18.090452261306535,20.930232558139537,36,0.25,2.17,0.38,5,0.2,0,0,31,0.26,2.52,0.45,24,0.13,1.33,0.18,12,0.5,3.83,0.8
2023,142,Alec Pierce,IND,WR,1,6,JAX,18.848167539267017,27.27272727272727,36,0.17,0.69,0.15,7,0.29,0.71,0.21,26,0.15,0.77,0.15,16,0.31,1.56,0.34,20,0.05,0,0
2023,143,Garrett Wilson,NYJ,WR,1,6,PHI,18.181818181818183,23.076923076923077,36,0.33,2.5,0.47,12,0.25,2.08,0.46,23,0.39,2.83,0.5,23,0.43,3.61,0.67,13,0.15,0.54,0.13
2023,144,Jahan Dotson,WAS,WR,1,4,PHI,16.74418604651163,29.629629629629626,36,0.22,0.75,0.35,16,0.13,0.88,0.21,17,0.24,0,0,26,0.19,0.54,0.13,10,0.3,1.3,0.93
2023,145,Treylon Burks,TEN,WR,1,1,NO,50,23.076923076923077,36,0.08,0.5,0.11,13,0.15,1.38,0.29,22,0.05,0,0,22,0.09,0.82,0.17,14,0.07,0,0
2023,146,Jaxon Smith-Njigba,SEA,WR,1,6,CIN,28.799999999999997,20,36,0.14,1.33,0.24,3,0,0,0,29,0.17,1.66,0.3,16,0.13,1.44,0.27,20,0.15,1.25,0.23
2023,147,Jonathan Mingo,CAR,WR,1,5,DET,22.085889570552148,24.137931034482758,36,0.19,1.33,0.27,12,0.17,1.42,0.31,21,0.19,1.48,0.29,22,0.23,2.18,0.45,14,0.14,0,0
2023,148,Puka Nacua,LA,WR,1,3,CIN,15.929203539823009,8.823529411764707,36,0.17,2,0.34,16,0,0,0,18,0.33,4,0.68,22,0.14,1.23,0.26,14,0.21,3.21,0.46
2023,149,Adam Thielen,CAR,WR,1,6,MIA,15.217391304347828,22.033898305084744,35,0.37,3.29,0.81,10,0.2,1.3,0.93,25,0.44,4.08,0.77,27,0.37,3.59,0.66,8,0.38,2.25,1.35
2023,150,Allen Robinson,PIT,WR,1,5,BLT,23.64864864864865,32,35,0.23,0.83,0.23,6,0.17,0,0,28,0.25,1.04,0.28,13,0.08,0,0,22,0.32,1.32,0.36
2023,151,Stefon Diggs,BUF,WR,1,2,LV,16.908212560386474,10.9375,35,0.2,1.89,0.39,15,0.2,2,0.4,18,0.22,2,0.42,15,0.27,2.87,0.55,20,0.15,1.15,0.27
2023,152,Tyreek Hill,MIA,WR,1,1,LAC,22.875816993464053,26.785714285714285,35,0.43,6.14,1.27,15,0.33,7.93,1.46,17,0.47,5.41,0.89,16,0.44,7,1.39,19,0.42,5.42,1.17
2023,153,Curtis Samuel,WAS,WR,1,4,PHI,19.886363636363637,25.806451612903224,35,0.23,1.46,0.35,17,0.18,0.41,0.16,15,0.33,2.93,0.63,24,0.21,1.67,0.38,11,0.27,1,0.28
2023,154,Mack Hollins,ATL,WR,1,3,DET,29.914529914529915,17.391304347826086,35,0.11,0.66,0.09,8,0,0,0,23,0.17,1,0.14,21,0.14,1.1,0.16,14,0.07,0,0
2023,155,Evan Engram,JAX,TE,1,2,KC,17.857142857142858,19.047619047619047,35,0.23,1.63,0.33,9,0.33,1.67,0.39,25,0.2,1.68,0.33,16,0.31,2.63,0.51,19,0.16,0.79,0.18
2023,156,Courtland Sutton,DEN,WR,1,2,WAS,19.337016574585636,18.91891891891892,35,0.2,1.89,0.33,5,0,0,0,24,0.29,2.75,0.48,5,0.2,2.6,0.46,30,0.2,1.77,0.31
2023,157,T.J. Hockenson,MIN,TE,1,1,TB,18.51851851851852,19.148936170212767,35,0.26,1,0.33,2,0,0,0,32,0.28,1.09,0.36,16,0.31,1.81,0.43,19,0.21,0.32,0.24
2023,158,T.J. Hockenson,MIN,TE,1,2,PHI,18.51851851851852,17.02127659574468,35,0.23,1.89,0.73,7,0.29,4.14,1.56,26,0.19,1.23,0.28,14,0.21,2.43,0.89,21,0.24,1.52,0.63
2023,159,Trenton Irwin,CIN,WR,1,5,ARZ,49.29577464788733,90.9090909090909,35,0.29,1.71,0.4,5,0,0,0,27,0.33,2.22,0.48,9,0.22,1.89,0.41,26,0.31,1.65,0.4
2023,160,DK Metcalf,SEA,WR,1,2,DET,23.333333333333332,19.35483870967742,35,0.17,2.14,0.39,9,0.22,2.33,0.46,25,0.16,2.16,0.38,14,0.29,3.14,0.6,21,0.1,1.48,0.24
2023,161,Deebo Samuel,SF,WR,1,3,NYG,27.559055118110237,35.483870967741936,35,0.31,3.69,0.71,16,0.19,2.81,0.84,16,0.31,5.25,0.71,18,0.28,1,0.21,17,0.35,6.53,1.24
2023,162,Darnell Mooney,CHI,WR,1,4,DEN,23.026315789473685,22.22222222222222,35,0.11,1.46,0.26,8,0,0,0,25,0.16,2.04,0.36,18,0.11,1.17,0.23,17,0.12,1.76,0.29
2023,163,Chase Claypool,CHI,WR,1,1,GB,43.75,15.384615384615385,35,0.06,0,0,0,0,0,0,34,0.06,0,0,25,0.04,0,0,10,0.1,0,0
2023,164,CeeDee Lamb,DAL,WR,1,6,LAC,18.817204301075268,16.666666666666664,35,0.2,3.34,0.53,10,0.2,3.4,0.54,25,0.2,3.32,0.53,16,0.38,5.88,0.96,19,0.05,1.21,0.17
2023,165,Van Jefferson,LA,WR,1,1,SEA,20.588235294117645,29.411764705882355,35,0.14,0.69,0.18,5,0.2,1.6,0.36,30,0.13,0.53,0.15,17,0,0,0,18,0.28,1.33,0.36
2023,166,Van Jefferson,LA,WR,1,3,CIN,20.588235294117645,17.647058823529413,35,0.09,1.31,0.16,15,0.07,0,0,18,0.11,2.56,0.31,20,0.1,2.3,0.28,15,0.07,0,0
2023,167,Noah Gray,KC,TE,1,1,DET,27.34375,29.411764705882355,35,0.14,0.89,0.17,7,0.29,3.43,0.49,27,0.11,0.26,0.1,10,0.2,2.4,0.34,25,0.12,0.28,0.11
2023,168,George Pickens,PIT,WR,1,5,BLT,21.21212121212121,25.64102564102564,35,0.29,3.71,0.71,6,0.33,6.83,1.85,28,0.25,3.18,0.5,13,0.38,4.23,0.65,22,0.23,3.41,0.75
2023,169,Alec Pierce,IND,WR,1,1,JAX,18.32460732984293,13.636363636363635,35,0.09,0.14,0.04,8,0.13,0,0,27,0.07,0.19,0.06,21,0.05,0,0,14,0.14,0.36,0.11
2023,170,Jahan Dotson,WAS,WR,1,1,ARZ,16.27906976744186,22.22222222222222,35,0.17,1.14,0.26,7,0.14,2,0.34,24,0.21,1.08,0.27,10,0.2,2,0.4,25,0.16,0.8,0.2
2023,171,Romeo Doubs,GB,WR,1,4,DET,25.925925925925924,36.11111111111111,35,0.37,2.71,0.53,4,0,0,0,30,0.43,3.17,0.62,20,0.4,4,0.75,15,0.33,1,0.23
2023,172,Michael Wilson,ARZ,WR,1,4,SF,21.472392638036812,30.434782608695656,35,0.2,2.17,0.76,5,0,0,0,29,0.21,2.34,0.65,14,0.07,0.29,0.1,21,0.29,3.43,1.2
2023,173,Jonathan Mingo,CAR,WR,1,2,NO,21.472392638036812,27.586206896551722,35,0.23,0.74,0.16,8,0.25,0,0,27,0.22,0.96,0.21,21,0.14,-0.1,0.04,14,0.36,2,0.34
2023,174,Jayden Reed,GB,WR,1,3,NO,31.818181818181817,26.923076923076923,35,0.2,1.8,0.27,16,0.38,3.25,0.45,19,0.05,0.58,0.11,23,0.26,2.26,0.31,12,0.08,0.92,0.18
2023,175,DeAndre Hopkins,TEN,WR,1,1,NO,21.794871794871796,26.666666666666668,34,0.35,1.91,0.4,11,0.45,2.55,0.44,22,0.32,1.68,0.4,20,0.4,1.55,0.3,14,0.29,2.43,0.53
2023,176,DeAndre Hopkins,TEN,WR,1,5,IND,21.794871794871796,24.444444444444443,34,0.32,4.12,0.65,6,0.33,3.5,0.68,27,0.33,4.41,0.66,20,0.4,4.75,0.78,14,0.21,3.21,0.46
2023,177,Mike Evans,TB,WR,1,1,MIN,25.954198473282442,23.076923076923077,34,0.26,1.94,0.55,3,0.67,3.67,0.7,30,0.23,1.83,0.55,18,0.22,1.17,0.28,16,0.31,2.81,0.84
2023,178,Tyler Lockett,SEA,WR,1,3,CAR,21.518987341772153,20.588235294117645,34,0.21,1,0.19,2,0.5,0,0,32,0.19,1.06,0.2,13,0.15,1.92,0.35,21,0.24,0.43,0.09
2023,179,Michael Thomas,NO,WR,1,2,CAR,16.831683168316832,20,34,0.26,1.62,0.37,6,0.33,1,0.27,25,0.28,1.96,0.44,22,0.27,1.64,0.35,12,0.25,1.58,0.41
2023,180,Tyler Higbee,LA,TE,1,3,CIN,16.585365853658537,16.666666666666664,34,0.15,2.09,0.36,15,0.2,2.47,0.45,17,0.12,2,0.32,21,0.24,3.38,0.58,13,0,0,0
2023,181,Tyler Higbee,LA,TE,1,5,PHI,16.585365853658537,10,34,0.09,0.59,0.12,13,0.15,0.92,0.17,21,0.05,0.38,0.09,26,0.08,0.31,0.07,8,0.13,1.5,0.28
2023,182,Chris Godwin,TB,WR,1,6,DET,23.12925170068027,19.444444444444446,34,0.21,2.26,0.4,5,0.2,1.6,0.36,29,0.21,2.38,0.41,13,0.31,3.38,0.65,21,0.14,1.57,0.25
2023,183,Josh Reynolds,DET,WR,1,6,TB,23.448275862068964,11.538461538461538,34,0.09,1.47,0.24,4,0,0,0,29,0.1,1.72,0.28,14,0,0,0,20,0.15,2.5,0.4
2023,184,Courtland Sutton,DEN,WR,1,3,MIA,18.784530386740332,29.72972972972973,34,0.32,2.68,0.68,10,0.4,5.7,0.97,23,0.3,1.48,0.58,22,0.36,3.41,0.89,12,0.25,1.33,0.3
2023,185,Courtland Sutton,DEN,WR,1,5,NYJ,18.784530386740332,8.108108108108109,34,0.09,0.38,0.07,10,0,0,0,18,0.11,0.72,0.13,13,0.08,0,0,21,0.1,0.62,0.11
2023,186,Allen Lazard,NYJ,WR,1,3,NE,20,21.73913043478261,34,0.15,1.15,0.2,16,0.19,1.13,0.24,18,0.11,1.17,0.17,20,0.15,0.6,0.11,14,0.14,1.93,0.34
2023,187,Calvin Ridley,JAX,WR,1,3,HST,17.17171717171717,16.27906976744186,34,0.21,1.18,0.21,1,1,0,0,33,0.18,1.21,0.21,20,0.25,2,0.35,14,0.14,0,0
2023,188,Darius Slayton,NYG,WR,1,2,ARZ,16.585365853658537,22.22222222222222,34,0.18,1.82,0.27,4,0.5,4.5,0.7,25,0.16,1.76,0.26,15,0.2,3.13,0.45,19,0.16,0.79,0.13
2023,189,Darius Slayton,NYG,WR,1,5,MIA,16.585365853658537,11.11111111111111,34,0.09,1.03,0.16,7,0.14,2.14,0.36,27,0.07,0.74,0.11,20,0.05,0.75,0.13,14,0.14,1.43,0.21
2023,190,Jerry Jeudy,DEN,WR,1,2,WAS,23.12925170068027,17.24137931034483,34,0.15,0.74,0.16,7,0.29,2.57,0.54,22,0.14,0.32,0.08,5,0.4,3.6,0.76,29,0.1,0.24,0.06
2023,191,Tee Higgins,CIN,WR,1,2,BLT,22.818791946308725,32.35294117647059,34,0.32,2.62,0.85,13,0.38,2.23,1.45,21,0.29,2.86,0.48,16,0.25,0.88,0.59,18,0.39,4.17,1.08
2023,192,Ja'Marr Chase,CIN,WR,1,4,TEN,13.991769547325102,12.5,34,0.26,2.15,0.42,10,0.3,4.2,0.72,23,0.26,1.35,0.31,17,0.24,1.47,0.26,17,0.29,2.82,0.58
2023,193,Amon-Ra St. Brown,DET,WR,1,3,ATL,20.858895705521473,25,34,0.35,3,0.56,13,0.38,4.54,0.84,18,0.28,2.11,0.38,16,0.31,3.69,0.68,18,0.39,2.39,0.46
2023,194,Chris Olave,NO,WR,1,3,GB,15.96244131455399,20.754716981132077,34,0.32,3.06,0.54,9,0.44,4.22,0.64,23,0.3,2.87,0.55,27,0.37,3.56,0.61,7,0.14,1.14,0.26
2023,195,Dalton Kincaid,BUF,TE,1,1,NYJ,27.86885245901639,22.22222222222222,34,0.12,0.76,0.19,7,0,0,0,26,0.15,1,0.25,14,0.07,0.57,0.13,20,0.15,0.9,0.24
2023,196,Josh Downs,IND,WR,1,3,BLT,18.478260869565215,28.205128205128204,34,0.32,1.68,0.4,12,0.42,2.67,0.6,22,0.27,1.14,0.3,17,0.29,1.41,0.32,17,0.35,1.94,0.49
2023,197,Zay Flowers,BLT,WR,1,2,CIN,17,10.416666666666668,34,0.15,1.82,0.3,11,0.18,0.09,0.1,23,0.13,2.65,0.4,21,0.14,2.52,0.35,13,0.15,0.69,0.22
2023,198,Sam LaPorta,DET,TE,1,6,TB,22.516556291390728,26.190476190476193,34,0.32,1.06,0.22,6,0.5,3.17,0.48,27,0.3,0.63,0.17,13,0.31,1.46,0.22,21,0.33,0.81,0.22
2023,199,Puka Nacua,LA,WR,1,1,SEA,15.04424778761062,22.058823529411764,34,0.44,3.5,0.64,4,0.25,1.25,0.38,30,0.47,3.8,0.68,19,0.42,2.63,0.53,15,0.47,4.6,0.79
2023,200,Keenan Allen,LAC,WR,1,1,MIA,18.13186813186813,16.666666666666664,33,0.27,2.3,0.41,8,0.25,0.88,0.21,24,0.25,2.54,0.42,17,0.35,1.35,0.31,16,0.19,3.31,0.52
2023,201,Brandin Cooks,DAL,WR,1,3,ARZ,24.81203007518797,30.434782608695656,33,0.21,0.52,0.11,11,0.36,0.45,0.14,22,0.14,0.55,0.1,10,0.3,0,0,23,0.17,0.74,0.16
2023,202,Davante Adams,LV,WR,1,6,NE,16.666666666666664,8.47457627118644,33,0.15,0.88,0.15,11,0.27,0.73,0.16,19,0.05,1.11,0.16,15,0.27,1.93,0.33,18,0.06,0,0
2023,203,Michael Thomas,NO,WR,1,4,TB,16.33663366336634,13.333333333333334,33,0.18,1.61,0.28,5,0.4,2.6,0.46,28,0.14,1.43,0.25,12,0.17,1.08,0.19,21,0.19,1.9,0.33
2023,204,Hunter Henry,NE,TE,1,1,PHI,20.88607594936709,21.428571428571427,33,0.18,1.7,0.5,11,0,0,0,22,0.27,2.55,0.75,23,0.13,1.35,0.53,10,0.3,2.5,0.45
2023,205,Jonnu Smith,ATL,TE,1,3,DET,24.087591240875913,25.806451612903224,33,0.24,1.12,0.26,9,0.22,-0.33,0.08,20,0.25,1.55,0.3,19,0.21,0.32,0.14,14,0.29,2.21,0.44
2023,206,Chris Godwin,TB,WR,1,4,NO,22.448979591836736,30.555555555555557,33,0.33,3.45,0.59,10,0.3,4.4,0.64,21,0.33,3.33,0.62,16,0.19,1.06,0.23,17,0.47,5.71,0.92
2023,207,Marquez Valdes-Scantling,KC,WR,1,2,JAX,19.760479041916167,27.27272727272727,33,0.09,0.39,0.1,7,0,0,0,25,0.12,0.52,0.13,21,0.05,0,0,12,0.17,1.08,0.27
2023,208,Dallas Goedert,PHI,TE,1,1,NE,16.83673469387755,2.7777777777777777,33,0.03,0,0,15,0.07,0,0,18,0,0,0,23,0.04,0,0,10,0,0,0
2023,209,Dallas Goedert,PHI,TE,1,3,TB,16.83673469387755,19.444444444444446,33,0.21,1.24,0.28,12,0.17,1.33,0.3,21,0.24,1.19,0.26,24,0.21,0.88,0.21,9,0.22,2.22,0.44
2023,210,Dallas Goedert,PHI,TE,1,5,LA,16.83673469387755,25,33,0.27,3.55,0.78,7,0.14,0.86,0.23,22,0.32,4.77,0.75,20,0.2,1.8,0.68,13,0.38,6.23,0.93
2023,211,Dallas Goedert,PHI,TE,1,6,NYJ,16.83673469387755,22.22222222222222,33,0.24,1.27,0.28,4,0.25,2.75,0.53,27,0.26,1.15,0.26,11,0.36,2.18,0.4,22,0.18,0.82,0.22
2023,212,Calvin Ridley,JAX,WR,1,1,IND,16.666666666666664,25.581395348837212,33,0.33,3.06,0.73,5,0.2,2.8,0.48,28,0.36,3.11,0.78,27,0.37,3.56,0.84,6,0.17,0.83,0.25
2023,213,Olamide Zaccheaus,PHI,WR,1,4,WAS,27.73109243697479,28.57142857142857,33,0.06,0.33,0.06,11,0.09,0,0,22,0.05,0.5,0.1,16,0.13,0.69,0.13,17,0,0,0
2023,214,A.J. Brown,PHI,WR,1,1,NE,15.639810426540285,15,33,0.27,2.39,0.45,16,0.31,3.06,0.62,17,0.24,1.76,0.29,23,0.22,2.3,0.4,10,0.4,2.6,0.56
2023,215,Deebo Samuel,SF,WR,1,1,PIT,25.984251968503933,22.58064516129032,33,0.21,1.67,0.32,11,0.09,0.91,0.18,21,0.29,2.14,0.4,16,0.19,1.06,0.23,17,0.24,2.24,0.4
2023,216,Adam Trautman,DEN,TE,1,3,MIA,23.076923076923077,7.142857142857142,33,0.03,0,0,9,0.11,0,0,22,0,0,0,21,0.05,0,0,12,0,0,0
2023,217,Nico Collins,HST,WR,1,1,BLT,20.625,26.190476190476193,33,0.33,2.42,0.42,9,0.33,5,0.83,23,0.3,1.52,0.28,13,0.46,3.46,0.58,20,0.25,1.75,0.33
2023,218,Tutu Atwell,LA,WR,1,1,SEA,15.068493150684931,20,33,0.24,3.61,0.54,5,0.6,11.8,1.58,28,0.18,2.14,0.36,17,0.35,4.94,0.73,16,0.13,2.19,0.34
2023,219,Kylen Granson,IND,TE,1,1,JAX,24.62686567164179,24,33,0.18,1.18,0.24,9,0.22,0.78,0.19,24,0.17,1.33,0.26,19,0.21,1.32,0.29,14,0.14,1,0.17
2023,220,Chris Olave,NO,WR,1,4,TB,15.492957746478872,11.320754716981133,33,0.18,0.12,0.04,4,0.25,1,0.35,29,0.17,0,0,11,0.18,0,0,22,0.18,0.18,0.06
2023,221,Cade Otton,TB,TE,1,6,DET,23.404255319148938,11.76470588235294,33,0.06,0.45,0.08,5,0,0,0,28,0.07,0.54,0.09,11,0,0,0,22,0.09,0.68,0.11
2023,222,Jordan Addison,MIN,WR,1,2,PHI,18.435754189944134,15.151515151515152,33,0.15,2.18,0.49,7,0.29,0,0,24,0.13,3,0.67,13,0.08,0.08,0.08,20,0.2,3.55,0.76
2023,223,Jordan Addison,MIN,WR,1,5,KC,18.435754189944134,27.27272727272727,33,0.27,1.94,0.56,19,0.32,1.74,0.7,13,0.23,2.38,0.39,13,0.23,1.77,0.87,20,0.3,2.05,0.35
2023,224,Josh Downs,IND,WR,1,1,JAX,17.934782608695652,15.384615384615385,33,0.18,0.91,0.18,8,0.13,0,0,25,0.2,1.2,0.24,18,0.22,1.56,0.27,15,0.13,0.13,0.08
2023,225,Brandin Cooks,DAL,WR,1,6,LAC,24.06015037593985,17.391304347826086,32,0.13,1.13,0.42,7,0.14,0.29,1.03,25,0.12,1.36,0.26,15,0.07,0.4,0.11,17,0.18,1.76,0.71
2023,226,Amari Cooper,CLV,WR,1,6,SF,19.875776397515526,21.052631578947366,32,0.25,3.38,0.46,4,0.25,6.5,0.9,28,0.25,2.93,0.4,13,0.31,6.46,0.8,19,0.21,1.26,0.23
2023,227,DeVante Parker,NE,WR,1,5,NO,20.915032679738562,18.181818181818183,32,0.13,0.63,0.13,12,0.17,0.5,0.13,20,0.1,0.7,0.12,17,0.24,1.18,0.24,15,0,0,0
2023,228,Nelson Agholor,BLT,WR,1,3,IND,26.666666666666668,20,32,0.13,1.22,0.25,9,0,0,0,21,0.14,1,0.24,26,0.12,1.35,0.25,6,0.17,0.67,0.23
2023,229,Stefon Diggs,BUF,WR,1,6,NYG,15.458937198067632,23.4375,32,0.47,3.13,0.63,10,0.4,0.4,0.24,21,0.52,4.57,0.84,21,0.48,2.76,0.51,11,0.45,3.82,0.84
2023,230,Darren Waller,NYG,TE,1,6,BUF,16.49484536082474,17.073170731707318,32,0.22,1.34,0.29,8,0.13,0,0,23,0.26,1.87,0.4,12,0.08,0.5,0.13,20,0.3,1.85,0.39
2023,231,Michael Thomas,NO,WR,1,1,TEN,15.841584158415841,15.555555555555555,32,0.22,1.91,0.35,5,0.2,1.6,0.36,25,0.16,2.12,0.37,13,0.15,1.31,0.28,19,0.26,2.32,0.39
2023,232,Michael Thomas,NO,WR,1,3,GB,15.841584158415841,17.77777777777778,32,0.25,1.56,0.34,9,0.22,0.22,0.13,21,0.29,2.29,0.47,26,0.27,1.92,0.42,6,0.17,0,0
2023,233,David Njoku,CLV,TE,1,4,BLT,21.476510067114095,31.818181818181817,32,0.22,1.44,0.33,4,0,0,0,28,0.25,1.64,0.38,16,0.19,1.5,0.34,16,0.25,1.38,0.33
2023,234,Marquez Valdes-Scantling,KC,WR,1,1,DET,19.16167664670659,18.181818181818183,32,0.06,1.5,0.21,7,0,0,0,25,0.08,1.92,0.27,10,0,0,0,22,0.09,2.18,0.31
2023,235,Allen Lazard,NYJ,WR,1,4,KC,18.823529411764707,13.043478260869565,32,0.09,1.91,0.47,10,0,0,0,20,0.1,2.55,0.35,9,0,0,0,23,0.13,2.65,0.66
2023,236,Mark Andrews,BLT,TE,1,3,IND,20.253164556962027,15.151515151515152,32,0.16,1.09,0.23,8,0.13,0.88,0.21,24,0.17,1.17,0.24,23,0.17,1.52,0.33,9,0.11,0,0
2023,237,Christian Kirk,JAX,WR,1,4,ATL,16,23.91304347826087,32,0.34,2.63,0.51,12,0.42,3,0.63,19,0.32,2.53,0.46,16,0.38,1.81,0.37,16,0.31,3.44,0.66
2023,238,Calvin Ridley,JAX,WR,1,2,KC,16.161616161616163,16.27906976744186,32,0.22,1,0.16,10,0.1,2.6,0.36,21,0.24,0.29,0.08,16,0.25,2,0.33,16,0.19,0,0
2023,239,Jakobi Meyers,LV,WR,1,6,NE,19.875776397515526,16.27906976744186,32,0.22,1.91,0.53,11,0.09,0.55,0.15,18,0.28,2.39,0.41,15,0.13,0.87,0.15,17,0.29,2.82,0.87
2023,240,Terry McLaurin,WAS,WR,1,1,ARZ,15.609756097560975,9.523809523809524,32,0.13,0.97,0.16,6,0.17,0,0,22,0.14,1.41,0.23,9,0.33,2.11,0.32,23,0.04,0.52,0.1
2023,241,Dawson Knox,BUF,TE,1,1,NYJ,23.357664233576642,16.666666666666664,32,0.13,0.78,0.17,10,0.1,1.5,0.25,21,0.14,0.48,0.14,14,0.07,1.07,0.18,18,0.17,0.56,0.17
2023,242,Nick Westbrook-Ikhine,TEN,WR,1,1,NO,22.857142857142858,31.818181818181817,32,0.22,1.81,0.31,10,0.3,2.1,0.31,21,0.14,1.62,0.26,19,0.16,1.11,0.16,13,0.31,2.85,0.52
2023,243,Tee Higgins,CIN,WR,1,1,CLV,21.476510067114095,20.588235294117645,32,0.22,0,0,11,0.27,0,0,21,0.19,0,0,23,0.3,0,0,9,0,0,0
2023,244,Jaylen Waddle,MIA,WR,1,1,LAC,25.396825396825395,14.285714285714285,32,0.16,2.44,0.37,12,0.08,2.92,0.38,18,0.22,2.39,0.41,14,0.14,0.57,0.13,18,0.17,3.89,0.56
2023,245,Ja'Marr Chase,CIN,WR,1,1,CLV,13.168724279835391,12.5,32,0.28,1.22,0.28,11,0.18,0.36,0.13,21,0.33,1.67,0.36,23,0.3,1,0.23,9,0.22,1.78,0.4
2023,246,Kyle Pitts,ATL,TE,1,2,GB,18.07909604519774,13.513513513513514,32,0.16,0.47,0.11,3,0,0,0,26,0.15,0.58,0.13,16,0.06,0.56,0.12,16,0.25,0.38,0.1
2023,247,Kyle Pitts,ATL,TE,1,6,WAS,18.07909604519774,16.216216216216218,32,0.19,1.34,0.45,11,0.18,1.73,0.26,20,0.15,0.75,0.17,14,0.21,1.07,0.25,18,0.17,1.56,0.6
2023,248,Elijah Moore,CLV,WR,1,3,TEN,19.27710843373494,28.125,32,0.28,1.53,0.43,10,0.4,2.5,0.65,22,0.23,1.09,0.34,18,0.22,1.56,0.38,14,0.36,1.5,0.51
2023,249,Drake London,ATL,WR,1,2,GB,16.08040201005025,18.6046511627907,32,0.25,2.09,0.58,3,0.33,1,2.43,27,0.22,2.22,0.37,16,0.19,3.44,0.53,16,0.31,0.75,0.64
2023,250,Jalen Tolbert,DAL,WR,1,2,NYJ,50.79365079365079,44.44444444444444,32,0.13,0.56,0.15,9,0.22,1.33,0.36,21,0.1,0.29,0.08,16,0.19,0.75,0.2,16,0.06,0.38,0.1
2023,251,Jake Ferguson,DAL,TE,1,6,LAC,23.88059701492537,3.571428571428571,32,0.03,0.47,0.08,9,0,0,0,23,0.04,0.65,0.11,16,0,0,0,16,0.06,0.94,0.16
2023,252,Cade Otton,TB,TE,1,4,NO,22.69503546099291,23.52941176470588,32,0.13,0.41,0.32,9,0.11,0,0,21,0.1,0.43,0.14,14,0.07,0.21,0.09,18,0.17,0.56,0.5
2023,253,Jalin Hyatt,NYG,WR,1,6,BUF,25.806451612903224,44.44444444444444,32,0.13,0.66,0.16,7,0,0,0,25,0.16,0.84,0.2,16,0.13,0.56,0.18,16,0.13,0.75,0.14
2023,254,Zay Flowers,BLT,WR,1,6,TEN,16,18.75,32,0.28,1.56,0.53,8,0.25,0.5,0.17,22,0.27,1.64,0.35,18,0.44,2.39,0.85,14,0.07,0.5,0.12
2023,255,Adam Thielen,CAR,WR,1,4,MIN,13.478260869565217,13.559322033898304,31,0.26,2.45,0.47,10,0.3,3.2,0.62,20,0.25,2.2,0.42,15,0.2,2.27,0.43,16,0.31,2.63,0.51
2023,256,Mike Evans,TB,WR,1,6,DET,23.66412213740458,23.076923076923077,31,0.29,1.58,0.29,6,0,0,0,25,0.36,1.96,0.36,11,0.27,1.64,0.25,20,0.3,1.55,0.3
2023,257,Amari Cooper,CLV,WR,1,3,TEN,19.25465838509317,21.052631578947366,31,0.26,3.74,0.79,9,0.22,3.33,0.56,22,0.27,3.91,0.89,18,0.22,2.83,0.51,13,0.31,5,1.19
2023,258,Stefon Diggs,BUF,WR,1,3,WAS,14.975845410628018,17.1875,31,0.35,3.58,0.62,5,0,0,0,26,0.42,4.27,0.73,8,0.25,3.75,0.5,23,0.39,3.52,0.66
2023,259,Tyler Boyd,CIN,WR,1,1,CLV,14.351851851851851,7.6923076923076925,31,0.1,0.32,0.1,11,0.18,0.55,0.15,20,0.05,0.2,0.07,22,0.09,0.27,0.07,9,0.11,0.44,0.16
2023,260,Tyreek Hill,MIA,WR,1,4,BUF,20.26143790849673,7.142857142857142,31,0.13,1.87,0.28,6,0.17,3.33,0.5,23,0.13,1.65,0.25,9,0.11,0,0,22,0.14,2.64,0.4
2023,261,Curtis Samuel,WAS,WR,1,3,BUF,17.613636363636363,12.903225806451612,31,0.13,1.74,0.24,6,0.17,6.17,0.78,24,0.13,0.71,0.11,13,0.08,2.85,0.36,18,0.17,0.94,0.15
2023,262,Kendrick Bourne,NE,WR,1,6,LV,18.562874251497004,23.25581395348837,31,0.32,2.87,0.61,7,0.14,0,0.14,22,0.36,3.86,0.75,15,0.33,3.87,0.72,16,0.31,1.94,0.51
2023,263,Chris Godwin,TB,WR,1,1,MIN,21.08843537414966,16.666666666666664,31,0.19,1.65,0.33,2,0.5,2,0.7,28,0.18,1.68,0.31,15,0.27,2.2,0.42,16,0.13,1.13,0.24
2023,264,Mark Andrews,BLT,TE,1,6,TEN,19.62025316455696,15.151515151515152,31,0.16,2.23,0.35,9,0.22,1.22,0.34,20,0.15,2.9,0.39,17,0.18,0.65,0.18,14,0.14,4.14,0.56
2023,265,Michael Gallup,DAL,WR,1,2,NYJ,19.1358024691358,6.25,31,0.06,0.1,0.04,9,0,0,0,20,0.1,0.15,0.07,15,0.07,0.2,0.09,16,0.06,0,0
2023,266,D.J. Moore,CHI,WR,1,2,TB,15.979381443298967,14.634146341463413,31,0.19,3.35,0.53,4,0.25,5.5,0.8,27,0.19,3.04,0.49,18,0.17,3,0.47,13,0.23,3.85,0.62
2023,267,Mike Gesicki,NE,TE,1,2,MIA,28.18181818181818,30,31,0.19,1.06,0.27,4,0,0,0,26,0.23,1.27,0.32,15,0.2,0.93,0.23,16,0.19,1.19,0.31
2023,268,Calvin Ridley,JAX,WR,1,6,IND,15.656565656565657,18.6046511627907,31,0.26,0.97,0.23,2,0.5,0,0,27,0.26,1.11,0.26,19,0.37,1.05,0.26,12,0.08,0.83,0.17
2023,269,Irv Smith,CIN,TE,1,2,BLT,29.807692307692307,40,31,0.13,0.32,0.1,16,0.19,0.63,0.19,15,0.07,0,0,14,0.07,0,0,17,0.18,0.59,0.18
2023,270,Parris Campbell,NYG,WR,1,2,ARZ,30.097087378640776,26.08695652173913,31,0.19,0.68,0.2,3,0,0,0,25,0.24,0.84,0.24,15,0.27,0.8,0.28,16,0.13,0.56,0.12
2023,271,DK Metcalf,SEA,WR,1,3,CAR,20.666666666666668,25.806451612903224,31,0.26,3.61,0.55,2,0,0,0,29,0.28,3.86,0.59,11,0.27,5.09,0.69,20,0.25,2.8,0.48
2023,272,Marquise Brown,ARZ,WR,1,5,CIN,16.577540106951872,18.867924528301888,31,0.32,1.97,0.52,8,0.63,6.63,1.79,23,0.22,0.35,0.08,21,0.33,2.52,0.68,10,0.3,0.8,0.18
2023,273,A.J. Brown,PHI,WR,1,3,TB,14.691943127962084,23.333333333333332,31,0.45,4.23,0.71,11,0.73,4.64,0.83,20,0.3,4,0.65,20,0.45,5.55,0.91,11,0.45,1.82,0.36
2023,274,Rondale Moore,ARZ,WR,1,6,LA,20.26143790849673,30.434782608695656,31,0.23,0.97,0.23,4,0,0,0,25,0.28,1.2,0.28,15,0.13,1.07,0.24,16,0.31,0.88,0.21
2023,275,Amon-Ra St. Brown,DET,WR,1,1,KC,19.018404907975462,18.75,31,0.29,2.29,0.62,11,0.36,4.09,1.32,20,0.25,1.3,0.23,15,0.33,3.47,0.55,16,0.25,1.19,0.68
2023,276,Elijah Moore,CLV,WR,1,6,SF,18.67469879518072,21.875,31,0.23,0.61,0.19,4,0,0,0,27,0.26,0.7,0.22,12,0.33,0.92,0.26,19,0.16,0.42,0.15
2023,277,Rashid Shaheed,NO,WR,1,3,GB,17.71428571428571,7.4074074074074066,31,0.06,0,0,9,0.11,0,0,20,0.05,0,0,25,0.08,0,0,6,0,0,0
2023,278,Garrett Wilson,NYJ,WR,1,2,DAL,15.656565656565657,13.461538461538462,31,0.23,2.68,0.53,14,0.29,5.93,1.16,17,0.18,0,0,20,0.3,4.15,0.82,11,0.09,0,0
2023,279,Dontayvion Wicks,GB,WR,1,3,NO,34.44444444444444,42.857142857142854,31,0.19,1.45,0.27,12,0.25,0.58,0.14,19,0.16,2,0.36,19,0.21,1.32,0.24,12,0.17,1.67,0.33
2023,280,Travis Kelce,KC,TE,1,6,DEN,23.25581395348837,19.565217391304348,30,0.3,4.13,0.71,2,0,0,0,27,0.33,4.59,0.79,12,0.33,3.5,0.68,18,0.28,4.56,0.73
2023,281,Davante Adams,LV,WR,1,5,GB,15.151515151515152,6.779661016949152,30,0.13,1.5,0.28,9,0.11,0.56,0.17,20,0.15,2,0.35,22,0.18,2.05,0.39,8,0,0,0
2023,282,Mike Williams,LAC,WR,1,3,MIN,32.25806451612903,30.76923076923077,30,0.27,4.03,0.84,16,0.38,6.88,1.44,12,0.17,0.92,0.18,14,0.36,2.29,0.51,16,0.19,5.56,1.12
2023,283,Jonnu Smith,ATL,TE,1,6,WAS,21.897810218978105,16.129032258064516,30,0.17,1.2,0.45,10,0.1,0,0,20,0.2,1.8,0.68,13,0.23,1.46,0.76,17,0.12,1,0.22
2023,284,Evan Engram,JAX,TE,1,6,IND,15.306122448979592,16.666666666666664,30,0.23,1.37,0.37,1,0,0,0,27,0.26,1.52,0.41,17,0.18,0.88,0.26,13,0.31,2,0.51
2023,285,David Njoku,CLV,TE,1,6,SF,20.13422818791946,18.181818181818183,30,0.13,0.8,0.18,3,0,0,0,27,0.15,0.89,0.2,11,0.18,0.64,0.15,19,0.11,0.89,0.19
2023,286,Marquez Valdes-Scantling,KC,WR,1,6,DEN,17.964071856287426,0,30,0,0,0,3,0,0,0,25,0,0,0,15,0,0,0,15,0,0,0
2023,287,Mark Andrews,BLT,TE,1,2,CIN,18.9873417721519,24.242424242424242,30,0.27,1.5,0.52,12,0.17,0.25,0.61,18,0.33,2.33,0.46,19,0.21,0.84,0.56,11,0.36,2.64,0.45
2023,288,Michael Gallup,DAL,WR,1,6,LAC,18.51851851851852,31.25,30,0.33,0.8,0.18,9,0.22,0,0,21,0.38,1.14,0.26,14,0.29,0.57,0.13,16,0.38,1,0.23
2023,289,T.J. Hockenson,MIN,TE,1,5,KC,15.873015873015872,17.02127659574468,30,0.27,1.7,0.34,14,0.29,2.71,0.56,15,0.27,0.87,0.15,9,0.22,2.56,0.48,21,0.29,1.33,0.28
2023,290,Parris Campbell,NYG,WR,1,1,DAL,29.126213592233007,17.391304347826086,30,0.13,0.07,0.04,13,0.08,0,0,17,0.18,0.12,0.07,23,0.17,0.09,0.05,7,0,0,0
2023,291,Terry McLaurin,WAS,WR,1,2,DEN,14.634146341463413,14.285714285714285,30,0.2,1.8,0.55,11,0.09,0,0,18,0.28,3,0.91,16,0.13,0.31,0.09,14,0.29,3.5,1.06
2023,292,Terry McLaurin,WAS,WR,1,3,BUF,14.634146341463413,14.285714285714285,30,0.2,1.37,0.34,4,0.25,2.5,0.5,25,0.2,1.24,0.32,13,0.38,2.23,0.61,17,0.06,0.71,0.13
2023,293,Isaiah Hodgins,NYG,WR,1,2,ARZ,27.027027027027028,35.714285714285715,30,0.17,1.33,0.47,6,0.33,1.67,0.33,19,0.11,1,0.21,14,0.14,1.5,0.72,16,0.19,1.19,0.24
2023,294,Gabe Davis,BUF,WR,1,2,LV,16.853932584269664,23.333333333333332,30,0.23,3.07,0.71,17,0.18,2.88,0.41,11,0.27,3.73,0.65,14,0.14,2.86,0.36,16,0.31,3.25,1.01
2023,295,Michael Pittman,IND,WR,1,2,HST,13.333333333333334,20.689655172413794,30,0.4,1.87,0.45,10,0.3,2,0.4,20,0.45,1.8,0.48,19,0.42,1.89,0.45,11,0.36,1.82,0.45
2023,296,Justin Jefferson,MIN,WR,1,5,KC,15.625,11.320754716981133,30,0.2,0.93,0.19,12,0.25,0,0,18,0.17,1.56,0.32,11,0.27,0,0,19,0.16,1.47,0.31
2023,297,Jerry Jeudy,DEN,WR,1,3,MIA,20.408163265306122,24.137931034482758,30,0.23,2.7,0.44,10,0.1,-0.3,0.07,20,0.3,4.2,0.62,19,0.26,3.63,0.57,11,0.18,1.09,0.2
2023,298,Adam Trautman,DEN,TE,1,5,NYJ,20.97902097902098,35.714285714285715,30,0.17,0.87,0.42,8,0.13,0.38,0.91,17,0.12,0.35,0.09,11,0,0,0,19,0.26,1.37,0.66
2023,299,Nico Collins,HST,WR,1,5,ATL,18.75,9.523809523809524,30,0.13,1.3,0.23,9,0,0,0,20,0.2,1.95,0.35,9,0,0,0,21,0.19,1.86,0.33
2023,300,Kylen Granson,IND,TE,1,6,JAX,22.388059701492537,12,30,0.1,2.23,0.32,5,0,0,0,23,0.09,2.87,0.37,12,0.08,0.08,0.09,18,0.11,3.67,0.48
2023,301,Kyle Pitts,ATL,TE,1,4,JAX,16.94915254237288,10.81081081081081,30,0.13,0.7,0.14,6,0,0,0,24,0.17,0.88,0.17,24,0.13,0.54,0.1,6,0.17,1.33,0.3
2023,302,Chris Olave,NO,WR,1,1,TEN,14.084507042253522,18.867924528301888,30,0.33,3.73,0.64,5,0.4,5.6,0.96,23,0.35,3.65,0.63,10,0.3,6.4,0.94,20,0.35,2.4,0.49
2023,303,Rashid Shaheed,NO,WR,1,4,TB,17.142857142857142,25.925925925925924,30,0.23,1.1,0.21,5,0.4,2,0.4,25,0.2,0.92,0.17,10,0.4,2.3,0.43,20,0.15,0.5,0.1
2023,304,Garrett Wilson,NYJ,WR,1,5,DEN,15.151515151515152,13.461538461538462,30,0.23,1.8,0.28,8,0.63,1.25,0.25,20,0.1,2.2,0.32,19,0.37,2.84,0.44,11,0,0,0
2023,305,Wan'Dale Robinson,NYG,WR,1,4,SEA,32.967032967032964,24,30,0.2,1.33,0.3,2,0.5,6,1.1,28,0.18,1,0.24,13,0.15,1.15,0.27,17,0.24,1.47,0.32
2023,306,Keenan Allen,LAC,WR,1,4,LV,15.934065934065933,7.4074074074074066,29,0.14,1.1,0.42,2,0.5,11,1.6,25,0.12,0.4,0.36,20,0.2,1.6,0.61,9,0,0,0
2023,307,Travis Kelce,KC,TE,1,4,NYJ,22.48062015503876,19.565217391304348,29,0.31,2.07,0.41,10,0.2,1,0.2,19,0.37,2.63,0.53,16,0.19,0.63,0.13,13,0.46,3.85,0.77
2023,308,Austin Hooper,LV,TE,1,3,PIT,28.999999999999996,0,29,0,0,0,11,0,0,0,18,0,0,0,10,0,0,0,19,0,0,0
2023,309,Tyler Boyd,CIN,WR,1,4,TEN,13.425925925925927,15.384615384615385,29,0.21,0.9,0.23,9,0.11,0,0,19,0.26,1.37,0.35,16,0.19,0.56,0.18,13,0.23,1.31,0.28
2023,310,Tyler Higbee,LA,TE,1,1,SEA,14.146341463414632,10,29,0.1,1.69,0.27,5,0,0,0,23,0.13,2.13,0.34,15,0.13,2.8,0.41,14,0.07,0.5,0.12
2023,311,Kendrick Bourne,NE,WR,1,5,NO,17.365269461077844,11.627906976744185,29,0.17,1.48,0.22,11,0.18,0,0,18,0.17,2.39,0.35,16,0.19,0,0,13,0.15,3.31,0.48
2023,312,Evan Engram,JAX,TE,1,1,IND,14.795918367346939,11.904761904761903,29,0.17,1.69,0.34,5,0.2,5.2,0.72,24,0.17,0.96,0.26,24,0.21,2.04,0.41,5,0,0,0
2023,313,Courtland Sutton,DEN,WR,1,1,LV,16.022099447513813,13.513513513513514,29,0.17,1.1,0.46,4,0,0,0,23,0.17,1.17,0.25,15,0.13,0.6,0.13,14,0.21,1.64,0.81
2023,314,Braxton Berrios,MIA,WR,1,1,LAC,27.884615384615387,25,29,0.17,1.45,0.25,8,0.38,3.38,0.59,18,0.11,0.83,0.14,15,0.13,0,0,14,0.21,3,0.51
2023,315,Allen Lazard,NYJ,WR,1,2,DAL,17.058823529411764,17.391304347826086,29,0.14,0.79,0.15,13,0.23,1.77,0.33,16,0.06,0,0,18,0.17,1.28,0.24,11,0.09,0,0
2023,316,Allen Lazard,NYJ,WR,1,6,PHI,17.058823529411764,13.043478260869565,29,0.1,0.28,0.06,9,0.11,0.89,0.2,19,0.11,0,0,17,0.06,0.47,0.11,12,0.17,0,0
2023,317,Christian Kirk,JAX,WR,1,6,IND,14.499999999999998,13.043478260869565,29,0.21,1.69,0.48,2,0.5,0,0,25,0.16,1.96,0.56,18,0.11,0,0,11,0.36,4.45,1.26
2023,318,D.J. Moore,CHI,WR,1,6,MIN,14.948453608247423,17.073170731707318,29,0.24,1.76,0.35,5,0.2,0,0,24,0.25,2.13,0.42,13,0.15,1.69,0.32,16,0.31,1.81,0.37
2023,319,Darius Slayton,NYG,WR,1,1,DAL,14.146341463414632,14.814814814814813,29,0.14,0.52,0.16,11,0.09,0.73,0.16,18,0.17,0.39,0.15,22,0.05,0.36,0.08,7,0.43,1,0.39
2023,320,Darius Slayton,NYG,WR,1,3,SF,14.146341463414632,22.22222222222222,29,0.21,1.1,0.21,15,0.27,1.93,0.33,14,0.14,0.21,0.09,20,0.2,1.45,0.25,9,0.22,0.33,0.14
2023,321,Marquise Brown,ARZ,WR,1,2,NYG,15.508021390374333,18.867924528301888,29,0.34,1.86,0.6,9,0.33,1.11,0.22,17,0.35,2.41,0.48,18,0.5,2.67,0.88,11,0.09,0.55,0.15
2023,322,A.J. Brown,PHI,WR,1,2,MIN,13.744075829383887,10,29,0.21,1,0.24,1,0,0,0,27,0.19,1.04,0.21,6,0.17,0,0,23,0.22,1.26,0.3
2023,323,Donovan Peoples-Jones,CLV,WR,1,3,TEN,18.012422360248447,28.57142857142857,29,0.14,1.69,0.27,8,0.25,3.63,0.49,21,0.1,0.95,0.19,18,0.22,2.72,0.44,11,0,0,0
2023,324,Quez Watkins,PHI,WR,1,1,NE,46.774193548387096,40,29,0.07,0.59,0.13,13,0,0,0,16,0.13,1.06,0.23,20,0.05,0.4,0.09,9,0.11,1,0.21
2023,325,K.J. Osborn,MIN,WR,1,6,CHI,13.425925925925927,16.666666666666664,29,0.17,1.66,0.3,10,0.4,2.7,0.57,18,0.06,1.17,0.17,18,0.28,2.67,0.49,11,0,0,0
2023,326,CeeDee Lamb,DAL,WR,1,4,NE,15.591397849462366,14.285714285714285,29,0.21,1.24,0.47,14,0.21,1.64,0.74,14,0.21,0.93,0.24,17,0.24,1.88,0.66,12,0.17,0.33,0.2
2023,327,Amon-Ra St. Brown,DET,WR,1,4,GB,17.791411042944784,12.5,29,0.21,1.93,0.57,6,0,0,0,23,0.26,2.43,0.72,18,0.22,2.67,0.77,11,0.18,0.73,0.25
2023,328,Drake London,ATL,WR,1,4,JAX,14.572864321608039,16.27906976744186,29,0.24,0.97,0.41,6,0.5,2.5,1.42,23,0.17,0.57,0.14,22,0.23,0.95,0.46,7,0.29,1,0.24
2023,329,Chris Olave,NO,WR,1,5,NE,13.615023474178404,9.433962264150944,29,0.17,0.41,0.32,7,0.29,0,0,22,0.14,0.55,0.42,17,0.29,0.71,0.54,12,0,0,0
2023,330,Chigoziem Okonkwo,TEN,TE,1,1,NO,23.200000000000003,8,29,0.07,0,0,11,0.09,0,0,17,0.06,0,0,14,0.07,0,0,15,0.07,0,0
2023,331,Wan'Dale Robinson,NYG,WR,1,6,BUF,31.868131868131865,32,29,0.28,2.14,0.49,7,0.14,1.86,0.33,22,0.32,2.23,0.54,13,0.31,2.92,0.6,16,0.25,1.5,0.4
2023,332,Cade Otton,TB,TE,1,1,MIN,20.56737588652482,17.647058823529413,29,0.1,0.66,0.13,2,0,0,0,26,0.12,0.73,0.15,16,0.13,0.81,0.14,13,0.08,0.46,0.12
2023,333,Jordan Addison,MIN,WR,1,1,TB,16.201117318435752,18.181818181818183,29,0.21,2.1,0.56,2,0,0,0,26,0.19,2.35,0.62,15,0.13,0,0.07,14,0.29,4.36,1.08
2023,334,Jordan Addison,MIN,WR,1,6,CHI,16.201117318435752,15.151515151515152,29,0.17,0.97,0.41,10,0.3,0.3,0.13,18,0.06,0.83,0.14,17,0.18,0.88,0.15,12,0.17,1.08,0.78
2023,335,Trey Palmer,TB,WR,1,4,NO,27.884615384615387,20,29,0.1,0.21,0.3,11,0.18,0.55,0.78,17,0.06,0,0,16,0.06,0.06,0.44,13,0.15,0.38,0.12
2023,336,Sam LaPorta,DET,TE,1,2,SEA,19.205298013245034,14.285714285714285,29,0.21,2.17,0.39,6,0.17,0,0,23,0.22,2.74,0.49,20,0.2,1.85,0.34,9,0.22,2.89,0.51
2023,337,Randall Cobb,NYJ,WR,1,3,NE,25.454545454545453,16.666666666666664,28,0.07,0.43,0.08,14,0.07,0.86,0.16,14,0.07,0,0,16,0.06,0.75,0.14,12,0.08,0,0
2023,338,Zach Ertz,ARZ,TE,1,5,CIN,17.72151898734177,10.256410256410255,28,0.14,0.36,0.32,7,0.14,0,0,21,0.14,0.48,0.43,19,0.21,0.53,0.47,9,0,0,0
2023,339,Odell Beckham,BLT,WR,1,5,PIT,31.11111111111111,26.666666666666668,28,0.14,0.46,0.12,12,0.17,0,0,16,0.13,0.81,0.21,22,0.18,0.59,0.15,6,0,0,0
2023,340,Brandin Cooks,DAL,WR,1,4,NE,21.052631578947366,17.391304347826086,28,0.14,0.96,0.24,12,0.08,0.92,0.18,15,0.2,1.07,0.31,17,0.24,1.59,0.39,11,0,0,0
2023,341,DeVante Parker,NE,WR,1,4,DAL,18.30065359477124,18.181818181818183,28,0.14,1.18,0.19,13,0.15,0.85,0.16,14,0.14,1.57,0.23,20,0.1,0.55,0.11,8,0.25,2.75,0.4
2023,342,Curtis Samuel,WAS,WR,1,1,ARZ,15.909090909090908,16.129032258064516,28,0.18,1.93,0.37,7,0.29,4.86,0.77,19,0.16,1.05,0.26,10,0.2,3.3,0.53,18,0.17,1.17,0.28
2023,343,George Kittle,SF,TE,1,3,NYG,19.858156028368796,37.5,28,0.32,3.21,0.57,13,0.38,4.62,0.77,12,0.33,2.5,0.5,13,0.31,2.85,0.44,15,0.33,3.53,0.69
2023,344,George Kittle,SF,TE,1,6,CLV,19.858156028368796,8.333333333333332,28,0.07,0.04,0.04,18,0,0,0,10,0.2,0.1,0.11,25,0.08,0.04,0.04,3,0,0,0
2023,345,Jamal Agnew,JAX,WR,1,3,HST,42.42424242424242,83.33333333333334,28,0.18,1.75,0.32,0,0,0,0,28,0.18,1.75,0.32,11,0.27,2.36,0.42,17,0.12,1.35,0.25
2023,346,Zay Jones,JAX,WR,1,1,IND,37.83783783783784,41.17647058823529,28,0.25,1.96,0.59,5,0.2,0.8,0.28,23,0.26,2.22,0.66,23,0.22,2.39,0.72,5,0.4,0,0
2023,347,Chris Godwin,TB,WR,1,2,CHI,19.047619047619047,19.444444444444446,28,0.25,2.07,0.39,5,0.4,8,1.2,22,0.23,0.82,0.22,11,0.18,1.55,0.34,17,0.29,2.41,0.42
2023,348,Josh Reynolds,DET,WR,1,2,SEA,19.310344827586206,23.076923076923077,28,0.21,2.36,0.84,6,0.5,4.67,0.8,22,0.14,1.73,0.85,20,0.25,2.7,1.07,8,0.13,1.5,0.28
2023,349,Tanner Hudson,CIN,TE,1,3,LA,60.86956521739131,66.66666666666666,28,0.14,1.07,0.18,7,0.14,0,0,21,0.14,1.43,0.24,15,0.07,0.27,0.09,13,0.23,2,0.28
2023,350,Durham Smythe,MIA,TE,1,2,NE,20.8955223880597,20,28,0.11,0.82,0.19,7,0,0,0,19,0.16,1.21,0.28,13,0.08,0.62,0.14,15,0.13,1,0.23
2023,351,D.J. Moore,CHI,WR,1,5,WAS,14.432989690721648,24.390243902439025,28,0.36,8.21,1.75,14,0.43,13.21,2.04,12,0.25,2.83,1.03,18,0.28,7.94,1.07,10,0.5,8.7,2.97
2023,352,Calvin Ridley,JAX,WR,1,4,ATL,14.14141414141414,4.651162790697675,28,0.07,1.36,0.42,11,0.09,0.73,0.16,16,0.06,1.88,0.63,14,0.07,0.57,0.13,14,0.07,2.14,0.71
2023,353,Jakobi Meyers,LV,WR,1,5,GB,17.391304347826086,23.25581395348837,28,0.36,2.68,0.73,8,0.25,1,0.23,19,0.37,3.05,0.57,20,0.25,0.7,0.17,8,0.63,7.63,2.14
2023,354,Irv Smith,CIN,TE,1,5,ARZ,26.923076923076923,0,28,0,0,0,2,0,0,0,23,0,0,0,7,0,0,0,21,0,0,0
2023,355,Hunter Renfrow,LV,WR,1,3,PIT,28.28282828282828,22.22222222222222,28,0.07,0.61,0.13,13,0,0,0,15,0.13,1.13,0.25,6,0,0,0,22,0.09,0.77,0.17
2023,356,Dawson Knox,BUF,TE,1,5,JAX,20.437956204379564,25,28,0.21,0.61,0.17,4,0,0,0,24,0.25,0.71,0.2,14,0.21,0.43,0.19,14,0.21,0.79,0.15
2023,357,Juwan Johnson,NO,TE,1,1,TEN,35,41.66666666666667,28,0.18,1.29,0.24,3,0,0,0,23,0.22,1.57,0.29,10,0.1,0.4,0.14,18,0.22,1.78,0.29
2023,358,Juwan Johnson,NO,TE,1,2,CAR,35,25,28,0.11,0.46,0.12,7,0.14,0,0,20,0.1,0.65,0.16,21,0.14,0.62,0.16,7,0,0,0
2023,359,Gabe Davis,BUF,WR,1,3,WAS,15.730337078651685,13.333333333333334,28,0.14,1.25,0.38,5,0.4,0,0,23,0.09,1.52,0.46,7,0.29,0,0,21,0.1,1.67,0.5
2023,360,Quez Watkins,PHI,WR,1,5,LA,45.16129032258064,60,28,0.11,0.14,0.09,5,0,0,0,20,0.15,0.2,0.12,18,0.06,0,0,10,0.2,0.4,0.24
2023,361,DeVonta Smith,PHI,WR,1,2,MIN,12.556053811659194,11.627906976744185,28,0.18,4.68,0.83,0,0,0,0,28,0.18,4.68,0.83,7,0.14,1.14,0.26,21,0.19,5.86,1.01
2023,362,Elijah Moore,CLV,WR,1,1,CIN,16.867469879518072,15.625,28,0.18,1.54,0.26,10,0.4,3.7,0.57,18,0.06,0.33,0.09,22,0.23,1.95,0.33,6,0,0,0
2023,363,Josh Palmer,LAC,WR,1,2,TEN,19.047619047619047,17.857142857142858,28,0.18,0.46,0.15,10,0.3,1.3,0.43,14,0.07,0,0,18,0.22,0.72,0.24,10,0.1,0,0
2023,364,Josh Palmer,LAC,WR,1,4,LV,19.047619047619047,28.57142857142857,28,0.29,2.75,0.38,2,0,0,0,24,0.33,3.21,0.45,19,0.32,3.68,0.47,9,0.22,0.78,0.19
2023,365,George Pickens,PIT,WR,1,2,CLV,16.969696969696972,23.076923076923077,28,0.32,4.54,0.81,10,0.2,0,0,18,0.39,7.06,1.26,20,0.35,5.1,0.96,8,0.25,3.13,0.44
2023,366,George Pickens,PIT,WR,1,3,LV,16.969696969696972,15.384615384615385,28,0.21,2.68,0.41,11,0.27,4.09,0.59,17,0.18,1.76,0.29,15,0.27,4.13,0.61,13,0.15,1,0.18
2023,367,George Pickens,PIT,WR,1,4,HST,16.969696969696972,17.94871794871795,28,0.25,0.89,0.2,2,0.5,0,0,24,0.21,1.04,0.23,12,0.25,1.67,0.33,16,0.25,0.31,0.09
2023,368,Alec Pierce,IND,WR,1,2,HST,14.659685863874344,9.090909090909092,28,0.07,1,0.17,9,0,0,0,19,0.11,1.47,0.25,17,0,0,0,11,0.18,2.55,0.44
2023,369,Calvin Austin,PIT,WR,1,5,BLT,21.374045801526716,4.761904761904762,28,0.04,0,0,5,0.2,0,0,22,0,0,0,11,0.09,0,0,17,0,0,0
2023,370,Skyy Moore,KC,WR,1,1,DET,21.374045801526716,20,28,0.14,0,0,7,0.14,0,0,21,0.14,0,0,9,0.22,0,0,19,0.11,0,0
2023,371,Skyy Moore,KC,WR,1,2,JAX,21.374045801526716,20,28,0.14,2.5,0.57,5,0.6,14,3.2,23,0.04,0,0,15,0.13,3.6,0.43,13,0.15,1.23,0.74
2023,372,Cade Otton,TB,TE,1,2,CHI,19.858156028368796,35.294117647058826,28,0.21,1.46,0.36,5,0.2,1.4,0.34,22,0.23,1.55,0.38,11,0.27,1.73,0.45,17,0.18,1.29,0.31
2023,373,Michael Wilson,ARZ,WR,1,1,WAS,17.177914110429448,17.391304347826086,28,0.14,0.68,0.14,11,0.09,0,0,16,0.19,1.19,0.24,10,0.1,0,0,18,0.17,1.06,0.22
2023,374,Zach Ertz,ARZ,TE,1,1,WAS,17.088607594936708,25.64102564102564,27,0.37,0.78,0.3,11,0.36,0.27,0.21,15,0.33,1.2,0.39,11,0.45,0.55,0.33,16,0.31,0.94,0.28
2023,375,Davante Adams,LV,WR,1,1,DEN,13.636363636363635,15.254237288135593,27,0.33,2.44,0.47,9,0.33,1.44,0.26,15,0.33,3.53,0.69,17,0.35,3,0.54,10,0.3,1.5,0.35
2023,376,Allen Robinson,PIT,WR,1,4,HST,18.243243243243242,8,27,0.07,0.3,0.07,2,0,0,0,23,0.04,0.35,0.08,11,0.09,0.73,0.16,16,0.06,0,0
2023,377,DeVante Parker,NE,WR,1,3,NYJ,17.647058823529413,13.636363636363635,27,0.11,0.7,0.14,12,0.08,0.25,0.11,15,0.13,1.07,0.17,14,0.07,0.21,0.09,13,0.15,1.23,0.2
2023,378,Evan Engram,JAX,TE,1,4,ATL,13.77551020408163,19.047619047619047,27,0.3,2.19,0.48,10,0.5,3.6,0.76,16,0.19,1.44,0.33,14,0.43,3.29,0.69,13,0.15,1,0.25
2023,379,Tyler Conklin,NYJ,TE,1,2,DAL,20.454545454545457,20.833333333333336,27,0.19,1.85,0.37,12,0,0,0,15,0.33,3.33,0.67,17,0.06,1,0.16,10,0.4,3.3,0.73
2023,380,D.J. Chark,CAR,WR,1,4,MIN,16.071428571428573,11.538461538461538,27,0.11,1.04,0.18,8,0,0,0,18,0.17,1.56,0.27,12,0.08,0.83,0.17,15,0.13,1.2,0.19
2023,381,Hayden Hurst,CAR,TE,1,1,ATL,18,33.33333333333333,27,0.26,1.52,0.56,2,0.5,2,3.7,25,0.24,1.48,0.31,7,0.29,2.14,1.36,20,0.25,1.3,0.28
2023,382,Donovan Peoples-Jones,CLV,WR,1,1,CIN,16.77018633540373,14.285714285714285,27,0.07,0.44,0.08,9,0,0,0,18,0.11,0.67,0.12,22,0.05,0,0,5,0.2,2.4,0.44
2023,383,Donovan Peoples-Jones,CLV,WR,1,6,SF,16.77018633540373,7.142857142857142,27,0.04,0,0,3,0.33,0,0,24,0,0,0,11,0.09,0,0,16,0,0,0
2023,384,Brandon Aiyuk,SF,WR,1,1,PIT,24.324324324324326,21.62162162162162,27,0.3,4.78,1.22,10,0.4,6.7,1.67,16,0.19,3.38,0.53,15,0.33,5.47,1.28,12,0.25,3.92,1.14
2023,385,Jaylen Waddle,MIA,WR,1,4,BUF,21.428571428571427,14.285714285714285,27,0.19,1.7,0.32,6,0.17,0,0,20,0.2,2.3,0.43,9,0.22,1.89,0.3,18,0.17,1.61,0.33
2023,386,Amon-Ra St. Brown,DET,WR,1,2,SEA,16.56441717791411,14.583333333333334,27,0.26,3.78,0.6,8,0.25,1.75,0.42,19,0.26,4.63,0.67,21,0.33,4.86,0.77,6,0,0,0
2023,387,Josh Palmer,LAC,WR,1,3,MIN,18.367346938775512,25,27,0.26,2.44,0.61,18,0.28,3.67,0.92,9,0.22,0,0,12,0.25,2.5,0.83,15,0.27,2.4,0.44
2023,388,Calvin Austin,PIT,WR,1,1,SF,20.610687022900763,28.57142857142857,27,0.22,1.37,0.36,2,0,0,0,23,0.26,1.61,0.42,9,0.33,1.78,0.51,18,0.17,1.17,0.28
2023,389,Jaxon Smith-Njigba,SEA,WR,1,2,DET,21.6,24,27,0.22,1.26,0.31,10,0.2,0,0.1,16,0.25,2.13,0.46,9,0.11,0.78,0.19,18,0.28,1.5,0.37
2023,390,Michael Wilson,ARZ,WR,1,5,CIN,16.56441717791411,8.695652173913043,27,0.07,0.67,0.1,6,0,0,0,21,0.1,0.86,0.13,18,0.06,0,0,9,0.11,2,0.31
2023,391,Jalin Hyatt,NYG,WR,1,4,SEA,21.774193548387096,22.22222222222222,27,0.07,0.37,0.11,1,0,0,0,26,0.08,0.38,0.12,13,0.08,0.54,0.13,14,0.07,0.21,0.09
2023,392,Zay Flowers,BLT,WR,1,1,HST,13.5,20.833333333333336,27,0.37,2.89,0.62,5,0.6,7.2,1.12,20,0.3,2,0.5,13,0.38,3.62,0.67,14,0.36,2.21,0.58
2023,393,Sam LaPorta,DET,TE,1,3,ATL,17.880794701986755,26.190476190476193,27,0.41,3.11,0.83,12,0.5,5.58,1.56,12,0.42,1.42,0.31,12,0.5,6.67,1.67,15,0.33,0.27,0.16
2023,394,Travis Kelce,KC,TE,1,3,CHI,20.155038759689923,17.391304347826086,26,0.31,2.65,0.77,5,0.2,0,0,19,0.32,3.47,0.66,10,0.3,3.9,0.59,16,0.31,1.88,0.88
2023,395,Logan Thomas,WAS,TE,1,1,ARZ,17.687074829931973,28.000000000000004,26,0.27,1.65,0.32,6,0.33,1,0.27,18,0.28,2.06,0.37,7,0.29,0.86,0.23,19,0.26,1.95,0.35
2023,396,Mike Evans,TB,WR,1,2,CHI,19.84732824427481,20.51282051282051,26,0.31,6.58,1.12,5,0,0,0,21,0.38,8.14,1.39,13,0.38,9.85,1.75,13,0.23,3.31,0.48
2023,397,Stefon Diggs,BUF,WR,1,4,MIA,12.560386473429952,10.9375,26,0.27,4.62,1.38,7,0.71,13.29,3.61,18,0.11,1.5,0.59,8,0.5,11.25,3.13,18,0.17,1.67,0.61
2023,398,Michael Thomas,NO,WR,1,5,NE,12.871287128712872,15.555555555555555,26,0.27,2.5,0.4,7,0.71,5.57,0.99,19,0.11,1.37,0.19,15,0.27,1.73,0.31,11,0.27,3.55,0.54
2023,399,Tyreek Hill,MIA,WR,1,2,NE,16.99346405228758,16.071428571428573,26,0.35,1.54,0.58,7,0.14,0.29,1.03,17,0.41,2.24,0.46,12,0.25,1.42,0.31,14,0.43,1.64,0.81
2023,400,Hunter Henry,NE,TE,1,4,DAL,16.455696202531644,17.857142857142858,26,0.19,1.96,0.35,14,0.21,2.64,0.48,11,0.18,1.27,0.22,22,0.18,2.32,0.41,4,0.25,0,0
2023,401,George Kittle,SF,TE,1,1,PIT,18.439716312056735,25,26,0.23,0.73,0.19,10,0.2,0,0,16,0.25,1.19,0.31,12,0.33,1.58,0.41,14,0.14,0,0
2023,402,Mack Hollins,ATL,WR,1,4,JAX,22.22222222222222,13.043478260869565,26,0.12,0,0,6,0,0,0,20,0.15,0,0,20,0.05,0,0,6,0.33,0,0
2023,403,Marquez Valdes-Scantling,KC,WR,1,5,MIN,15.568862275449103,18.181818181818183,26,0.08,0.46,0.08,5,0.2,0,0,21,0.05,0.57,0.1,14,0.14,0.86,0.16,12,0,0,0
2023,404,Dallas Goedert,PHI,TE,1,2,MIN,13.26530612244898,19.444444444444446,26,0.27,0.85,0.32,0,0,0,0,26,0.27,0.85,0.32,6,0.33,1,0.43,20,0.25,0.8,0.28
2023,405,Allen Lazard,NYJ,WR,1,5,DEN,15.294117647058824,17.391304347826086,26,0.15,1.27,0.24,8,0,0,0,16,0.25,2.06,0.39,17,0.12,0.59,0.12,9,0.22,2.56,0.48
2023,406,Michael Gallup,DAL,WR,1,5,SF,16.049382716049383,15.625,26,0.19,0.58,0.13,9,0.22,0.89,0.2,17,0.18,0.41,0.1,14,0.36,1.07,0.25,12,0,0,0
2023,407,D.J. Chark,CAR,WR,1,6,MIA,15.476190476190476,23.076923076923077,26,0.23,1,0.22,7,0.71,3.71,0.8,19,0.05,0,0,22,0.27,1.18,0.25,4,0,0,0
2023,408,D.J. Moore,CHI,WR,1,3,KC,13.402061855670103,14.634146341463413,26,0.23,1.58,0.5,12,0.25,2.42,0.33,12,0.17,0.25,0.11,12,0.25,2.42,0.33,14,0.21,0.86,0.66
2023,409,Hunter Renfrow,LV,WR,1,4,LAC,26.262626262626267,44.44444444444444,26,0.15,0.46,0.12,2,0,0,0,22,0.18,0.55,0.15,4,0.25,3,0.55,22,0.14,0,0.05
2023,410,CeeDee Lamb,DAL,WR,1,5,SF,13.978494623655912,11.904761904761903,26,0.19,1.88,0.34,9,0.33,4.56,0.79,17,0.12,0.47,0.11,15,0.27,3.27,0.59,11,0.09,0,0
2023,411,Adam Trautman,DEN,TE,1,2,WAS,18.181818181818183,7.142857142857142,26,0.04,0,0,4,0,0,0,17,0,0,0,4,0,0,0,22,0.05,0,0
2023,412,Rashod Bateman,BLT,WR,1,3,IND,28.888888888888886,20,26,0.12,0.23,0.06,4,0,0,0,22,0.14,0.27,0.07,21,0.1,0,0,5,0.2,1.2,0.32
2023,413,Rondale Moore,ARZ,WR,1,5,CIN,16.99346405228758,17.391304347826086,26,0.15,1,0.22,8,0.25,3.13,0.56,18,0.11,0.06,0.06,16,0.06,1.19,0.18,10,0.3,0.7,0.27
2023,414,Josh Palmer,LAC,WR,1,1,MIA,17.687074829931973,3.571428571428571,26,0.04,0.15,0.05,9,0,0,0,17,0.06,0.24,0.08,14,0,0,0,12,0.08,0.33,0.12
2023,415,Rashid Shaheed,NO,WR,1,2,CAR,14.857142857142858,14.814814814814813,26,0.15,2.42,0.4,5,0,0,0,20,0.2,3.15,0.52,17,0.18,3.06,0.48,9,0.11,1.22,0.23
2023,416,Alec Pierce,IND,WR,1,4,LA,13.612565445026178,9.090909090909092,26,0.08,1.46,0.18,10,0.1,3.8,0.48,16,0.06,0,0,14,0.14,2.71,0.34,12,0,0,0
2023,417,Calvin Austin,PIT,WR,1,3,LV,19.84732824427481,28.57142857142857,26,0.23,2.77,0.58,10,0.4,7.2,1.42,16,0.13,0,0.06,14,0.43,5.14,1.09,12,0,0,0
2023,418,Calvin Austin,PIT,WR,1,4,HST,19.84732824427481,23.809523809523807,26,0.19,0.92,0.21,2,0.5,6,1.1,22,0.18,0.55,0.15,10,0.2,1.6,0.36,16,0.19,0.5,0.11
2023,419,Jake Ferguson,DAL,TE,1,3,ARZ,19.402985074626866,25,26,0.27,1.85,0.38,9,0.22,1.11,0.22,16,0.31,2.38,0.49,10,0.2,1,0.2,16,0.31,2.38,0.49
2023,420,Puka Nacua,LA,WR,1,6,ARZ,11.504424778761061,10.294117647058822,26,0.27,1,0.25,4,0.5,1.25,0.38,19,0.21,1.11,0.27,12,0.25,0.92,0.26,14,0.29,1.07,0.25
2023,421,DeAndre Hopkins,TEN,WR,1,6,BLT,16.025641025641026,8.88888888888889,25,0.16,0.8,0.12,4,0,0,0,18,0.11,1.11,0.17,8,0,0,0,17,0.24,1.18,0.18
2023,422,Odell Beckham,BLT,WR,1,2,CIN,27.77777777777778,26.666666666666668,25,0.16,1.16,0.24,6,0.33,0.83,0.25,19,0.11,1.26,0.23,15,0.2,1.33,0.27,10,0.1,0.9,0.19
2023,423,DeVante Parker,NE,WR,1,6,LV,16.33986928104575,13.636363636363635,25,0.12,0.28,0.07,7,0.43,1,0.24,16,0,0,0,11,0.18,0.64,0.15,14,0.07,0,0
2023,424,Nelson Agholor,BLT,WR,1,5,PIT,20.833333333333336,25,25,0.2,2.56,0.42,14,0.21,3.14,0.46,9,0.22,2.22,0.44,20,0.25,3.2,0.52,5,0,0,0
2023,425,Austin Hooper,LV,TE,1,4,LAC,25,22.22222222222222,25,0.08,0.44,0.08,1,0,0,0,22,0.09,0.5,0.1,8,0,0,0,17,0.12,0.65,0.12
2023,426,Mike Williams,LAC,WR,1,1,MIA,26.881720430107524,19.230769230769234,25,0.2,1.8,0.34,9,0.11,0,0,16,0.25,2.81,0.53,17,0.24,1.24,0.3,8,0.13,3,0.42
2023,427,Jonnu Smith,ATL,TE,1,2,GB,18.248175182481752,16.129032258064516,25,0.2,1.88,0.35,3,0,0,0,21,0.19,2.24,0.41,14,0.29,3.36,0.62,11,0.09,0,0
2023,428,Marquez Valdes-Scantling,KC,WR,1,3,CHI,14.97005988023952,18.181818181818183,25,0.08,1.48,0.19,5,0.2,7.4,0.94,19,0.05,0,0,10,0.1,3.7,0.47,15,0.07,0,0
2023,429,Courtland Sutton,DEN,WR,1,4,CHI,13.812154696132598,13.513513513513514,25,0.2,1.08,0.47,1,1,0,0,23,0.17,1.17,0.51,10,0.1,0,0,15,0.27,1.8,0.78
2023,430,Durham Smythe,MIA,TE,1,4,BUF,18.65671641791045,26.666666666666668,25,0.16,1.64,0.32,5,0,0,0,19,0.21,2.16,0.43,9,0.33,3.78,0.71,16,0.06,0.44,0.11
2023,431,Hayden Hurst,CAR,TE,1,5,DET,16.666666666666664,14.285714285714285,25,0.12,0.84,0.2,10,0,0,0,13,0.23,1.62,0.39,16,0.06,0.56,0.12,9,0.22,1.33,0.36
2023,432,T.J. Hockenson,MIN,TE,1,6,CHI,13.227513227513226,17.02127659574468,25,0.32,2,0.44,10,0.2,3.3,0.53,14,0.43,1.21,0.41,15,0.27,2.07,0.47,10,0.4,1.9,0.39
2023,433,Marquise Brown,ARZ,WR,1,1,WAS,13.368983957219251,9.433962264150944,25,0.2,1.12,0.23,11,0.27,0.82,0.17,13,0.15,1.46,0.3,9,0.11,1,0.21,16,0.25,1.19,0.24
2023,434,Michael Pittman,IND,WR,1,4,LA,11.11111111111111,8.620689655172415,25,0.2,0.6,0.1,10,0.1,0,0,15,0.27,1,0.17,14,0.14,0,0,11,0.27,1.36,0.23
2023,435,Michael Pittman,IND,WR,1,5,TEN,11.11111111111111,12.068965517241379,25,0.28,2.08,0.41,11,0.09,0.64,0.15,14,0.43,3.21,0.61,13,0.23,2.92,0.52,12,0.33,1.17,0.28
2023,436,Brandon Aiyuk,SF,WR,1,6,CLV,22.52252252252252,27.027027027027028,25,0.4,3.04,0.46,16,0.44,4.13,0.6,9,0.33,1.11,0.22,22,0.41,3.45,0.53,3,0.33,0,0
2023,437,Cole Kmet,CHI,TE,1,4,DEN,17.73049645390071,29.03225806451613,25,0.36,3.4,1.1,6,0.5,0.5,1.22,17,0.35,4.82,1.19,13,0.31,3.38,0.95,12,0.42,3.42,1.26
2023,438,Darnell Mooney,CHI,WR,1,6,MIN,16.447368421052634,16.666666666666664,25,0.12,1.92,0.27,6,0.17,0,0,19,0.11,2.53,0.36,9,0,0,0,16,0.19,3,0.42
2023,439,Jaylen Waddle,MIA,WR,1,6,CAR,19.841269841269842,25.71428571428571,25,0.36,2.04,0.72,2,0,0,0,22,0.36,2.14,0.49,14,0.36,3.36,0.62,11,0.36,0.36,0.85
2023,440,Noah Gray,KC,TE,1,5,MIN,19.53125,11.76470588235294,25,0.08,0.84,0.16,5,0,0,0,19,0.11,1.11,0.22,13,0,0,0,12,0.17,1.75,0.34
2023,441,Kylen Granson,IND,TE,1,3,BLT,18.65671641791045,16,25,0.16,0.36,0.12,9,0.11,0,0,16,0.19,0.56,0.18,13,0.23,0.69,0.22,12,0.08,0,0
2023,442,Pat Freiermuth,PIT,TE,1,2,CLV,28.08988764044944,7.6923076923076925,25,0.04,0.08,0.05,10,0.1,0.2,0.12,15,0,0,0,20,0.05,0.1,0.06,5,0,0,0
2023,443,Kyle Pitts,ATL,TE,1,5,HST,14.124293785310735,27.027027027027028,25,0.4,3.48,0.63,2,0.5,5.5,1.05,23,0.39,3.3,0.59,14,0.57,4.93,0.85,11,0.18,1.64,0.35
2023,444,Rashid Shaheed,NO,WR,1,1,TEN,14.285714285714285,22.22222222222222,25,0.24,3.56,0.8,4,0.25,-0.25,0.23,20,0.25,4.5,0.95,8,0.38,8.5,1.98,17,0.18,1.24,0.24
2023,445,Alec Pierce,IND,WR,1,5,TEN,13.089005235602095,9.090909090909092,25,0.08,0.4,0.08,11,0.18,0.91,0.18,14,0,0,0,13,0.08,0,0,12,0.08,0.83,0.17
2023,446,Romeo Doubs,GB,WR,1,5,LV,18.51851851851852,11.11111111111111,25,0.16,0.16,0.06,2,0.5,0,0,22,0.14,0.18,0.06,15,0.2,0.27,0.09,10,0.1,0,0
2023,447,Demario Douglas,NE,WR,1,1,PHI,42.3728813559322,41.17647058823529,25,0.28,1.6,0.32,3,0,0,0,22,0.32,1.82,0.36,18,0.22,2.44,0.41,7,0.43,-0.57,0.09
2023,448,Jalin Hyatt,NYG,WR,1,5,MIA,20.161290322580644,0,25,0,0,0,5,0,0,0,20,0,0,0,14,0,0,0,11,0,0,0
2023,449,Josh Downs,IND,WR,1,4,LA,13.586956521739129,7.6923076923076925,25,0.12,1.36,0.22,10,0.1,0,0,15,0.13,2.27,0.36,15,0.07,0,0,10,0.2,3.4,0.54
2023,450,Zay Flowers,BLT,WR,1,4,CLV,12.5,8.333333333333332,25,0.16,2.24,0.34,11,0.27,5.09,0.78,13,0.08,0,0,20,0.2,2.8,0.43,5,0,0,0
2023,451,Jayden Reed,GB,WR,1,4,DET,22.727272727272727,19.230769230769234,25,0.2,2.2,0.34,2,0.5,0,0,23,0.17,2.39,0.37,17,0.18,0.65,0.18,8,0.25,5.5,0.68
2023,452,Zach Ertz,ARZ,TE,1,6,LA,15.18987341772152,12.82051282051282,24,0.21,0.92,0.18,4,0.25,0,0,19,0.16,1.16,0.22,11,0.27,1.09,0.2,13,0.15,0.77,0.15
2023,453,Travis Kelce,KC,TE,1,2,JAX,18.6046511627907,19.565217391304348,24,0.38,1.08,0.53,3,0.67,0,0,20,0.3,0.85,0.24,13,0.54,1.31,0.36,11,0.18,0.82,0.72
2023,454,Odell Beckham,BLT,WR,1,1,HST,26.666666666666668,20,24,0.13,1.54,0.24,5,0.4,5.8,0.78,18,0.06,0.44,0.1,13,0.15,2.85,0.44,11,0.09,0,0
2023,455,Darren Waller,NYG,TE,1,3,SF,12.371134020618557,17.073170731707318,24,0.29,0.83,0.21,11,0.36,0.45,0.14,13,0.23,1.15,0.27,17,0.29,0.65,0.18,7,0.29,1.29,0.27
2023,456,Tyler Lockett,SEA,WR,1,4,NYG,15.18987341772152,14.705882352941178,24,0.21,2.25,0.39,10,0.3,3.2,0.52,13,0.15,1.69,0.32,12,0.17,0.75,0.16,12,0.25,3.75,0.63
2023,457,Curtis Samuel,WAS,WR,1,2,DEN,13.636363636363635,9.67741935483871,24,0.13,0.79,0.2,7,0,0,0,16,0.19,1.19,0.31,13,0,0,0,11,0.27,1.73,0.45
2023,458,Jonnu Smith,ATL,TE,1,5,HST,17.51824817518248,22.58064516129032,24,0.29,2.79,0.53,3,0.33,0,0,21,0.29,3.19,0.6,14,0.5,4.79,0.91,10,0,0,0
2023,459,David Njoku,CLV,TE,1,3,TEN,16.10738255033557,18.181818181818183,24,0.17,0.83,0.25,6,0.17,1.17,0.28,18,0.17,0.72,0.24,11,0.27,1.18,0.39,13,0.08,0.54,0.13
2023,460,Zay Jones,JAX,WR,1,2,KC,32.432432432432435,35.294117647058826,24,0.25,0,0,5,0.4,0,0,17,0.18,0,0,13,0.15,0,0,11,0.36,0,0
2023,461,Gerald Everett,LAC,TE,1,6,DAL,25.53191489361702,26.31578947368421,24,0.21,0.67,0.44,9,0.22,1.78,1.07,14,0.21,0,0.07,13,0.15,1.15,0.19,11,0.27,0.09,0.74
2023,462,Josh Reynolds,DET,WR,1,1,KC,16.551724137931036,23.076923076923077,24,0.25,3.33,0.5,9,0.33,4.56,0.68,15,0.2,2.6,0.39,11,0.18,3.73,0.55,13,0.31,3,0.45
2023,463,Josh Reynolds,DET,WR,1,3,ATL,16.551724137931036,0,24,0,0,0,11,0,0,0,11,0,0,0,11,0,0,0,13,0,0,0
2023,464,Tyler Conklin,NYJ,TE,1,3,NE,18.181818181818183,16.666666666666664,24,0.17,1.08,0.23,13,0.23,1.54,0.31,11,0.09,0.55,0.15,18,0.11,1,0.16,6,0.33,1.33,0.47
2023,465,Tyler Conklin,NYJ,TE,1,6,PHI,18.181818181818183,16.666666666666664,24,0.17,1,0.23,10,0.2,0.4,0.14,14,0.14,1.43,0.29,18,0.11,0.22,0.08,6,0.33,3.33,0.67
2023,466,Courtland Sutton,DEN,WR,1,6,KC,13.259668508287293,16.216216216216218,24,0.25,1.92,0.61,9,0.11,0.56,0.17,15,0.33,2.73,0.87,7,0.29,0.71,0.21,17,0.24,2.41,0.77
2023,467,Michael Gallup,DAL,WR,1,4,NE,14.814814814814813,18.75,24,0.25,2.5,0.46,14,0.29,2.21,0.44,10,0.2,2.9,0.49,15,0.27,2.13,0.41,9,0.22,3.11,0.53
2023,468,Olamide Zaccheaus,PHI,WR,1,3,TB,20.168067226890756,42.857142857142854,24,0.13,2.42,0.58,4,0,0,0,20,0.15,2.9,0.69,18,0.11,1.33,0.19,6,0.17,5.67,1.73
2023,469,DK Metcalf,SEA,WR,1,1,LA,16,16.129032258064516,24,0.21,1.96,0.57,3,0.67,3.33,2.67,21,0.14,1.76,0.27,10,0.2,1,0.8,14,0.21,2.64,0.41
2023,470,Terry McLaurin,WAS,WR,1,6,ATL,11.707317073170733,26.190476190476193,24,0.46,3.38,0.59,10,0.6,5.3,0.83,13,0.38,2.15,0.45,8,0.63,6.25,1.13,16,0.38,1.94,0.32
2023,471,Deebo Samuel,SF,WR,1,2,LA,18.89763779527559,29.03225806451613,24,0.38,2.63,0.51,8,0.38,0,0,16,0.38,3.94,0.77,11,0.27,0.73,0.16,13,0.46,4.23,0.81
2023,472,Juwan Johnson,NO,TE,1,3,GB,30,33.33333333333333,24,0.17,0.5,0.13,10,0.2,0,0,13,0.15,0.92,0.25,20,0.15,0.25,0.07,4,0.25,1.75,0.42
2023,473,Nick Westbrook-Ikhine,TEN,WR,1,3,CLV,17.142857142857142,0,24,0,0,0,5,0,0,0,17,0,0,0,18,0,0,0,6,0,0,0
2023,474,Nick Westbrook-Ikhine,TEN,WR,1,4,CIN,17.142857142857142,27.27272727272727,24,0.25,2.13,0.67,10,0.2,1.3,0.83,13,0.31,2.92,0.6,12,0.17,2.17,0.38,12,0.33,2.08,0.96
2023,475,Darnell Mooney,CHI,WR,1,5,WAS,15.789473684210526,16.666666666666664,24,0.13,0,0,13,0.23,0,0,9,0,0,0,15,0.2,0,0,9,0,0,0
2023,476,Josiah Deguara,GB,TE,1,4,DET,64.86486486486487,57.14285714285714,24,0.17,1.42,0.31,1,0,0,0,22,0.18,1.55,0.34,14,0.29,2.43,0.53,10,0,0,0
2023,477,Jerry Jeudy,DEN,WR,1,6,KC,16.3265306122449,17.24137931034483,24,0.21,0.58,0.18,8,0,0,0,16,0.31,0.88,0.28,8,0.25,-0.13,0.11,16,0.19,0.94,0.22
2023,478,Pat Freiermuth,PIT,TE,1,1,SF,26.96629213483146,30.76923076923077,24,0.17,0.13,0.3,4,0,0,0,16,0.13,0,0,9,0.11,0,0,15,0.2,0.2,0.49
2023,479,Rondale Moore,ARZ,WR,1,1,WAS,15.686274509803921,13.043478260869565,24,0.13,1.38,0.26,11,0,0,0,12,0.25,2.75,0.53,9,0.11,0.11,0.12,15,0.13,2.13,0.35
2023,480,Terrace Marshall,CAR,WR,1,4,MIN,18.461538461538463,38.46153846153847,24,0.42,2.33,0.61,6,0.17,0,0,18,0.5,3.11,0.81,9,0.44,2.22,0.67,15,0.4,2.4,0.57
2023,481,Garrett Wilson,NYJ,WR,1,1,BUF,12.121212121212121,9.615384615384617,24,0.21,1.42,0.6,2,1,5,1.5,20,0.1,1.05,0.2,10,0.2,1,0.3,14,0.21,1.71,0.81
2023,482,Calvin Austin,PIT,WR,1,2,CLV,18.3206106870229,14.285714285714285,24,0.13,0.42,0.08,8,0.38,1.25,0.25,16,0,0,0,19,0.16,0.53,0.11,5,0,0,0
2023,483,Jake Ferguson,DAL,TE,1,4,NE,17.91044776119403,25,24,0.29,3.21,0.61,12,0.42,3.67,0.78,11,0.18,3,0.48,13,0.23,2.92,0.52,11,0.36,3.55,0.72
2023,484,Skyy Moore,KC,WR,1,3,CHI,18.3206106870229,30,24,0.25,1.75,0.34,8,0.38,1.38,0.26,14,0.21,2.21,0.44,12,0.33,2.67,0.43,12,0.17,0.83,0.25
2023,485,Wan'Dale Robinson,NYG,WR,1,5,MIA,26.373626373626376,24,24,0.25,0.75,0.28,6,0.33,1.33,0.47,18,0.22,0.56,0.22,13,0.31,1.15,0.35,11,0.18,0.27,0.21
2023,486,Christian Watson,GB,WR,1,5,LV,57.14285714285714,63.63636363636363,24,0.29,3.79,0.5,2,0,0,0,21,0.33,4.33,0.58,12,0.33,6.92,0.86,12,0.25,0.67,0.15
2023,487,Dalton Kincaid,BUF,TE,1,5,JAX,19.672131147540984,11.11111111111111,24,0.08,0.79,0.16,3,0,0,0,19,0.11,1,0.21,15,0.13,1.27,0.26,9,0,0,0
2023,488,Tank Dell,HST,WR,1,3,JAX,19.2,25,24,0.29,6.04,1.06,5,0.4,15,3.1,17,0.29,4.12,0.59,17,0.24,5.06,0.98,7,0.43,8.43,1.27
2023,489,Trey Palmer,TB,WR,1,6,DET,23.076923076923077,40,24,0.25,1.96,0.28,4,0.5,5.25,0.78,20,0.2,1.3,0.18,7,0.29,3,0.44,17,0.24,1.53,0.21
2023,490,Zach Ertz,ARZ,TE,1,2,NYG,14.556962025316455,20.51282051282051,23,0.35,2.43,0.5,7,0.29,2.43,0.39,13,0.46,3,0.68,14,0.36,2.93,0.58,9,0.33,1.67,0.39
2023,491,Robert Woods,HST,WR,1,3,JAX,13.939393939393941,14.634146341463413,23,0.26,1.48,0.28,5,0.2,1.6,0.36,16,0.31,1.63,0.29,15,0.4,2.27,0.43,8,0,0,0
2023,492,Robert Woods,HST,WR,1,5,ATL,13.939393939393941,17.073170731707318,23,0.3,1.3,0.26,7,0.29,1.71,0.31,15,0.33,1.2,0.25,8,0.63,3.13,0.56,15,0.13,0.33,0.1
2023,493,DeAndre Hopkins,TEN,WR,1,3,CLV,14.743589743589745,15.555555555555555,23,0.3,2.09,0.34,5,0.4,3.4,0.54,16,0.31,1.94,0.32,17,0.41,2.82,0.46,6,0,0,0
2023,494,Brandin Cooks,DAL,WR,1,5,SF,17.293233082706767,17.391304347826086,23,0.17,0.3,0.07,10,0,0,0,13,0.31,0.54,0.13,16,0.13,0.44,0.11,7,0.29,0,0
2023,495,Davante Adams,LV,WR,1,2,BUF,11.616161616161616,13.559322033898304,23,0.35,3.65,0.89,7,0.57,7.71,2.06,16,0.25,1.88,0.38,12,0.42,5.08,1.34,11,0.27,2.09,0.39
2023,496,Mike Evans,TB,WR,1,3,PHI,17.557251908396946,25.64102564102564,23,0.43,2.61,0.74,5,0.8,4.6,2.06,18,0.33,2.06,0.37,8,0.5,3.38,0.59,15,0.4,2.2,0.82
2023,497,Nelson Agholor,BLT,WR,1,6,TEN,19.166666666666668,15,23,0.13,1.74,0.26,8,0.25,2.63,0.39,15,0.07,1.27,0.19,11,0.09,0,0,12,0.17,3.33,0.5
2023,498,Darren Waller,NYG,TE,1,1,DAL,11.855670103092782,12.195121951219512,23,0.22,1.57,0.29,13,0.31,2.77,0.51,10,0.1,0,0,20,0.25,1.8,0.33,3,0,0,0
2023,499,Tyler Lockett,SEA,WR,1,1,LA,14.556962025316455,11.76470588235294,23,0.17,0.43,0.13,3,0,0,0,20,0.2,0.5,0.15,10,0.1,0,0,13,0.23,0.77,0.23
2023,500,Tyreek Hill,MIA,WR,1,6,CAR,15.032679738562091,14.285714285714285,23,0.35,7.09,1.23,2,0,0,0,20,0.4,8.15,1.42,11,0.36,7.64,1.04,12,0.33,6.58,1.41
2023,501,Hunter Henry,NE,TE,1,5,NO,14.556962025316455,7.142857142857142,23,0.09,0,0,7,0.14,0,0,16,0.06,0,0,12,0.17,0,0,11,0,0,0
2023,502,JuJu Smith-Schuster,NE,WR,1,1,PHI,25.555555555555554,29.166666666666668,23,0.3,1.43,0.32,11,0.36,2.55,0.53,12,0.25,0.42,0.13,18,0.33,1.83,0.41,5,0.2,0,0
2023,503,JuJu Smith-Schuster,NE,WR,1,2,MIA,25.555555555555554,25,23,0.26,1.22,0.34,5,0.2,1.2,0.32,18,0.28,1.22,0.34,14,0.21,0.43,0.19,9,0.33,2.44,0.58
2023,504,Cooper Kupp,LA,WR,1,6,ARZ,38.983050847457626,42.857142857142854,23,0.39,6.43,1.21,3,0.67,15,2.17,17,0.35,6.06,1.25,11,0.45,7.36,1.1,12,0.33,5.58,1.31
2023,505,Josh Reynolds,DET,WR,1,4,GB,15.862068965517242,23.076923076923077,23,0.26,3,0.43,5,0.4,5.2,0.72,18,0.22,2.39,0.35,16,0.25,3.06,0.43,7,0.29,2.86,0.43
2023,506,Dalton Schultz,HST,TE,1,5,ATL,15.646258503401361,30.303030303030305,23,0.43,2.83,0.85,7,0.43,2.57,0.54,15,0.47,3.13,1.05,6,0.33,4.33,0.77,17,0.47,2.29,0.88
2023,507,Ray-Ray McCloud,SF,WR,1,6,CLV,44.230769230769226,40,23,0.09,0.17,0.06,16,0.06,0,0,7,0.14,0.57,0.2,20,0.1,0.2,0.07,3,0,0,0
2023,508,Hayden Hurst,CAR,TE,1,2,NO,15.333333333333332,14.285714285714285,23,0.13,0.87,0.22,3,0,0,0,20,0.15,1,0.25,13,0.23,1.54,0.38,10,0,0,0
2023,509,Jakobi Meyers,LV,WR,1,1,DEN,14.285714285714285,23.25581395348837,23,0.43,3.52,1.27,9,0.56,4.33,1.54,11,0.36,3.27,0.69,14,0.5,5,1.43,9,0.33,1.22,1.01
2023,510,Irv Smith,CIN,TE,1,6,SEA,22.115384615384613,20,23,0.09,0.22,0.07,9,0,0,0,14,0.14,0.36,0.11,13,0,0,0,10,0.2,0.5,0.15
2023,511,DK Metcalf,SEA,WR,1,4,NYG,15.333333333333332,12.903225806451612,23,0.17,1.48,0.54,9,0.11,0,0,13,0.15,2.15,0.37,12,0.25,2.33,0.4,11,0.09,0.55,0.69
2023,512,Chase Claypool,CHI,WR,1,3,KC,28.749999999999996,30.76923076923077,23,0.17,0.65,0.11,11,0.09,0,0,10,0.3,1.5,0.25,10,0,0,0,13,0.31,1.15,0.19
2023,513,Deven Thompkins,TB,WR,1,4,NO,35.9375,26.666666666666668,23,0.17,1.96,0.63,5,0.4,2.6,1.86,18,0.11,1.78,0.29,12,0.33,3.75,1.21,11,0,0,0
2023,514,Jahan Dotson,WAS,WR,1,6,ATL,10.69767441860465,3.7037037037037033,23,0.04,0,0,9,0,0,0,13,0.08,0,0,7,0,0,0,16,0.06,0,0
2023,515,Jaxon Smith-Njigba,SEA,WR,1,3,CAR,18.4,12,23,0.13,0.43,0.09,3,0.33,3.33,0.67,20,0.1,0,0,12,0.17,0,0,11,0.09,0.91,0.18
2023,516,Tank Dell,HST,WR,1,4,PIT,18.4,10.714285714285714,23,0.13,0.7,0.11,5,0,0,0,17,0.18,0.94,0.15,11,0.27,1.45,0.24,12,0,0,0
2023,517,Josh Downs,IND,WR,1,2,HST,12.5,12.82051282051282,23,0.22,1.61,0.33,7,0.43,3.29,0.61,16,0.13,0.88,0.21,13,0.31,2.46,0.48,10,0.1,0.5,0.15
2023,518,Jimmy Graham,NO,TE,1,4,TB,44.89795918367347,0,22,0,0,0,4,0,0,0,18,0,0,0,7,0,0,0,15,0,0,0
2023,519,Randall Cobb,NYJ,WR,1,6,PHI,20,25,22,0.14,0,0,9,0.11,0,0,12,0.17,0,0,14,0.14,0,0,8,0.13,0,0
2023,520,Amari Cooper,CLV,WR,1,1,CIN,13.664596273291925,18.421052631578945,22,0.32,1.68,0.3,6,0.17,0,0,16,0.38,2.31,0.42,18,0.28,2.06,0.37,4,0.5,0,0
2023,521,Chris Moore,TEN,WR,1,5,IND,28.57142857142857,0,22,0,0,0,3,0,0,0,18,0,0,0,12,0,0,0,10,0,0,0
2023,522,Hunter Henry,NE,TE,1,3,NYJ,13.924050632911392,17.857142857142858,22,0.23,0.77,0.17,8,0.25,1.13,0.24,14,0.21,0.57,0.13,10,0.4,0.9,0.19,12,0.08,0.67,0.15
2023,523,Kendrick Bourne,NE,WR,1,2,MIA,13.17365269461078,20.930232558139537,22,0.41,1.32,0.31,5,0.4,2.6,0.46,17,0.41,0.94,0.27,14,0.57,2.07,0.49,8,0.13,0,0
2023,524,Kendrick Bourne,NE,WR,1,3,NYJ,13.17365269461078,11.627906976744185,22,0.23,2.09,0.39,9,0.22,2,0.31,13,0.23,2.15,0.45,11,0.27,3.27,0.51,11,0.18,0.91,0.27
2023,525,David Njoku,CLV,TE,1,1,CIN,14.76510067114094,13.636363636363635,22,0.14,1.09,0.2,4,0,0,0,17,0.18,1.41,0.26,17,0.18,1.41,0.26,5,0,0,0
2023,526,Zay Jones,JAX,WR,1,5,BUF,29.72972972972973,23.52941176470588,22,0.18,1.05,0.51,1,0,0,0,19,0.16,0.89,0.19,8,0.25,1.25,0.25,14,0.14,0.93,0.66
2023,527,Brandon Powell,MIN,WR,1,6,CHI,55.00000000000001,36.36363636363637,22,0.18,0.91,0.23,10,0.2,0.4,0.14,11,0.18,1.45,0.33,12,0.17,0.33,0.12,10,0.2,1.6,0.36
2023,528,Mark Andrews,BLT,TE,1,4,CLV,13.924050632911392,15.151515151515152,22,0.23,3.64,1.14,10,0.2,4.3,0.63,11,0.18,2.73,1,18,0.17,1.78,1.01,4,0.5,12,1.7
2023,529,D.J. Chark,CAR,WR,1,2,NO,13.095238095238097,3.8461538461538463,22,0.05,0.68,0.11,6,0,0,0,16,0.06,0.94,0.16,14,0.07,1.07,0.18,8,0,0,0
2023,530,Irv Smith,CIN,TE,1,1,CLV,21.153846153846153,40,22,0.18,0.77,0.21,8,0.13,0,0,14,0.21,1.21,0.34,15,0.07,0,0,7,0.43,2.43,0.67
2023,531,Diontae Johnson,PIT,WR,1,1,SF,100,100,22,0.27,2.18,0.35,3,1,13.67,2.03,17,0.18,0.41,0.1,10,0.4,4.1,0.61,12,0.17,0.58,0.14
2023,532,Lil'Jordan Humphrey,DEN,WR,1,1,LV,44,40,22,0.09,0.5,0.41,4,0,0,0,16,0.06,0.38,0.1,11,0.09,0.55,0.15,11,0.09,0.45,0.68
2023,533,Dawson Knox,BUF,TE,1,6,NYG,16.05839416058394,25,22,0.27,0.77,0.21,7,0.29,0.43,0.19,14,0.29,1,0.24,12,0.17,0.25,0.11,10,0.4,1.4,0.34
2023,534,Gabe Davis,BUF,WR,1,6,NYG,12.359550561797752,13.333333333333334,22,0.18,0.95,0.23,6,0.17,0,0,15,0.2,1.4,0.34,13,0.31,1.62,0.39,9,0,0,0
2023,535,Chase Claypool,CHI,WR,1,2,TB,27.500000000000004,53.84615384615385,22,0.32,1.64,0.57,1,0,0,0,21,0.33,1.71,0.6,14,0.36,2,0.77,8,0.25,1,0.23
2023,536,Jerry Jeudy,DEN,WR,1,4,CHI,14.965986394557824,17.24137931034483,22,0.23,2.36,0.37,1,0,0,0,20,0.25,2.6,0.41,10,0.4,3.4,0.54,12,0.08,1.5,0.23
2023,537,Tee Higgins,CIN,WR,1,6,SEA,14.76510067114094,11.76470588235294,22,0.18,0.91,0.18,6,0.33,0,0,16,0.13,1.25,0.25,13,0.23,0.85,0.16,9,0.11,1,0.21
2023,538,Jaylen Waddle,MIA,WR,1,2,NE,17.46031746031746,17.142857142857142,22,0.27,3.91,0.57,7,0.29,4.57,0.6,13,0.31,4.15,0.65,12,0.33,4.83,0.73,10,0.2,2.8,0.38
2023,539,Noah Gray,KC,TE,1,3,CHI,17.1875,11.76470588235294,22,0.09,0.41,0.09,5,0,0,0,15,0.13,0.6,0.13,10,0,0,0,12,0.17,0.75,0.16
2023,540,Brandon Johnson,DEN,WR,1,2,WAS,22.22222222222222,25,22,0.14,3,0.94,4,0,0,0,14,0.14,1.14,0.61,2,0,0,0,20,0.15,3.3,1.03
2023,541,Chigoziem Okonkwo,TEN,TE,1,5,IND,17.599999999999998,32,22,0.36,1.5,0.38,4,0.25,0.5,0.3,17,0.41,1.82,0.42,11,0.36,1.27,0.4,11,0.36,1.73,0.35
2023,542,Jake Ferguson,DAL,TE,1,5,SF,16.417910447761194,10.714285714285714,22,0.14,1.27,0.26,8,0.13,2.5,0.38,14,0.14,0.57,0.2,12,0.08,1.67,0.25,10,0.2,0.8,0.28
2023,543,Dontayvion Wicks,GB,WR,1,4,DET,24.444444444444443,7.142857142857142,22,0.05,0,0,1,0,0,0,20,0.05,0,0,14,0,0,0,8,0.13,0,0
2023,544,Dalton Kincaid,BUF,TE,1,4,MIA,18.0327868852459,22.22222222222222,22,0.18,1.23,0.3,5,0.2,1.2,0.32,16,0.19,1.31,0.32,7,0.14,0.86,0.23,15,0.2,1.4,0.34
2023,545,Tank Dell,HST,WR,1,1,BLT,17.599999999999998,14.285714285714285,22,0.18,1.55,0.29,6,0.17,1.67,0.33,15,0.2,1.6,0.29,10,0.2,2.1,0.41,12,0.17,1.08,0.19
2023,546,Josh Downs,IND,WR,1,5,TEN,11.956521739130435,15.384615384615385,22,0.27,4.41,0.71,10,0.3,3.3,0.63,12,0.25,5.33,0.78,14,0.36,6.14,0.97,8,0.13,1.38,0.26
2023,547,Sam LaPorta,DET,TE,1,4,GB,14.56953642384106,11.904761904761903,22,0.23,2.55,0.44,4,0.25,8.75,1.13,18,0.22,1.17,0.28,15,0.27,3,0.5,7,0.14,1.57,0.3
2023,548,Michael Mayer,LV,TE,1,6,NE,27.160493827160494,54.54545454545454,22,0.27,3.41,0.57,8,0.38,3.25,0.57,11,0.27,4.45,0.72,7,0.43,8.29,1.26,15,0.2,1.13,0.25
2023,549,Robert Woods,HST,WR,1,4,PIT,12.727272727272727,12.195121951219512,21,0.24,1.24,0.27,6,0.33,1.33,0.3,13,0.23,1.38,0.29,9,0.22,0.89,0.2,12,0.25,1.5,0.32
2023,550,DeAndre Hopkins,TEN,WR,1,4,CIN,13.461538461538462,13.333333333333334,21,0.29,3,0.49,8,0.38,6.25,0.88,12,0.17,0.5,0.13,11,0.36,5.09,0.78,10,0.2,0.7,0.17
2023,551,Allen Robinson,PIT,WR,1,2,CLV,14.18918918918919,12,21,0.14,0.57,0.15,9,0.22,0.78,0.19,12,0.08,0.42,0.13,16,0.13,0.44,0.11,5,0.2,1,0.3
2023,552,Allen Robinson,PIT,WR,1,3,LV,14.18918918918919,16,21,0.19,1.14,0.3,8,0.13,0.75,0.2,13,0.23,1.38,0.37,11,0.18,0.91,0.27,10,0.2,1.4,0.34
2023,553,Chris Moore,TEN,WR,1,4,CIN,27.27272727272727,33.33333333333333,21,0.14,2.1,0.26,8,0.13,0,0,12,0.17,3.67,0.45,12,0.17,0,0,9,0.11,4.89,0.6
2023,554,Tyreek Hill,MIA,WR,1,3,DEN,13.725490196078432,19.642857142857142,21,0.52,7.48,1.46,10,0.3,3,0.5,10,0.7,12.7,2.57,7,0.43,6.14,1.04,14,0.57,8.14,1.67
2023,555,Mack Hollins,ATL,WR,1,2,GB,17.94871794871795,26.08695652173913,21,0.29,2.86,0.43,3,0.33,0,0,17,0.29,3.53,0.53,12,0.42,4.33,0.6,9,0.11,0.89,0.2
2023,556,Jonnu Smith,ATL,TE,1,4,JAX,15.328467153284672,19.35483870967742,21,0.29,4.52,0.74,2,0,0,0,19,0.32,5,0.82,16,0.25,4.25,0.68,5,0.4,5.4,0.94
2023,557,Chris Godwin,TB,WR,1,3,PHI,14.285714285714285,13.88888888888889,21,0.24,1.52,0.3,5,0.2,3.6,0.56,16,0.25,0.88,0.21,9,0.33,3.56,0.69,12,0.17,0,0
2023,558,Marquez Valdes-Scantling,KC,WR,1,4,NYJ,12.574850299401197,18.181818181818183,21,0.1,0.29,0.08,8,0.13,0.75,0.2,12,0.08,0,0,11,0.18,0.55,0.15,10,0,0,0
2023,559,Equanimeous St. Brown,CHI,WR,1,4,DEN,61.76470588235294,50,21,0.05,1,0.15,4,0.25,5.25,0.78,15,0,0,0,10,0.1,2.1,0.31,11,0,0,0
2023,560,Justin Watson,KC,WR,1,2,JAX,18.421052631578945,31.25,21,0.24,2.95,0.44,3,0.33,11.33,1.47,17,0.24,1.65,0.28,10,0.2,4.9,0.69,11,0.27,1.18,0.21
2023,561,Justin Watson,KC,WR,1,3,CHI,18.421052631578945,18.75,21,0.14,2.43,0.34,6,0,0,0,13,0.15,3.92,0.55,11,0.09,3.36,0.43,10,0.2,1.4,0.24
2023,562,Justin Watson,KC,WR,1,4,NYJ,18.421052631578945,6.25,21,0.05,0.24,0.07,9,0,0,0,12,0.08,0.42,0.13,14,0,0,0,7,0.14,0.71,0.21
2023,563,Christian Kirk,JAX,WR,1,1,IND,10.5,4.3478260869565215,21,0.1,0.43,0.09,4,0.5,2.25,0.47,17,0,0,0,17,0.12,0.53,0.11,4,0,0,0
2023,564,Hayden Hurst,CAR,TE,1,4,MIN,14.000000000000002,9.523809523809524,21,0.1,0.33,0.08,5,0,0,0,15,0.13,0.47,0.11,10,0,0,0,11,0.18,0.64,0.15
2023,565,Dawson Knox,BUF,TE,1,2,LV,15.328467153284672,20.833333333333336,21,0.24,0.48,0.48,10,0.4,0.9,0.89,9,0.11,0.11,0.12,10,0.2,0.7,0.17,11,0.27,0.27,0.75
2023,566,Dawson Knox,BUF,TE,1,3,WAS,15.328467153284672,8.333333333333332,21,0.1,0.52,0.1,4,0,0,0,17,0.12,0.65,0.12,5,0,0,0,16,0.13,0.69,0.13
2023,567,Isaiah Hodgins,NYG,WR,1,1,DAL,18.91891891891892,21.428571428571427,21,0.14,1.14,0.16,10,0.1,2.4,0.34,11,0.18,0,0,17,0.18,1.41,0.2,4,0,0,0
2023,568,Nick Westbrook-Ikhine,TEN,WR,1,2,LAC,15,13.636363636363635,21,0.14,1.19,0.55,8,0.13,1.75,0.3,13,0.15,0.85,0.7,16,0.19,1.56,0.72,5,0,0,0
2023,569,Nick Westbrook-Ikhine,TEN,WR,1,5,IND,15,9.090909090909092,21,0.1,0.43,0.09,5,0.2,1.8,0.38,16,0.06,0,0,13,0.08,0.69,0.15,8,0.13,0,0
2023,570,Gabe Davis,BUF,WR,1,4,MIA,11.797752808988763,10,21,0.14,2.9,0.72,7,0,0,0,13,0.23,4.69,1.16,5,0,0,0,16,0.19,3.81,0.94
2023,571,Brandon Aiyuk,SF,WR,1,5,DAL,18.91891891891892,18.91891891891892,21,0.33,2.76,0.47,2,0,0,0,18,0.39,3.22,0.54,15,0.4,3.27,0.53,6,0.17,1.5,0.32
2023,572,Justin Jefferson,MIN,WR,1,4,CAR,10.9375,16.9811320754717,21,0.43,4.05,1.26,5,0.6,1.8,1.78,16,0.38,4.75,1.1,13,0.62,6.54,2.04,8,0.13,0,0
2023,573,Adam Trautman,DEN,TE,1,1,LV,14.685314685314685,35.714285714285715,21,0.24,1.62,0.4,4,0.5,5.75,1.07,15,0.2,0.73,0.27,11,0.27,2.36,0.51,10,0.2,0.8,0.28
2023,574,Rashod Bateman,BLT,WR,1,2,CIN,23.333333333333332,20,21,0.14,0.86,0.23,10,0.1,0.9,0.19,11,0.18,0.82,0.26,13,0.08,0.15,0.09,8,0.25,2,0.45
2023,575,Nico Collins,HST,WR,1,6,NO,13.125,14.285714285714285,21,0.29,3.81,0.57,6,0.17,4,0.57,14,0.36,4,0.61,10,0.5,8,1.2,11,0.09,0,0
2023,576,Kylen Granson,IND,TE,1,2,HST,15.671641791044777,16,21,0.19,0.76,0.5,7,0.29,2.14,1.36,14,0.14,0.07,0.08,14,0.21,1.07,0.68,7,0.14,0.14,0.16
2023,577,Pat Freiermuth,PIT,TE,1,3,LV,23.595505617977526,30.76923076923077,21,0.19,1.95,0.62,10,0.2,1.3,0.83,11,0.18,2.55,0.44,10,0.1,1.3,0.83,11,0.27,2.55,0.44
2023,578,Brandon Johnson,DEN,WR,1,5,NYJ,21.21212121212121,8.333333333333332,21,0.05,0.43,0.09,6,0,0,0,10,0.1,0.9,0.19,8,0,0,0,13,0.08,0.69,0.15
2023,579,Chigoziem Okonkwo,TEN,TE,1,4,CIN,16.8,12,21,0.14,1.38,0.28,9,0.11,1.11,0.22,11,0.18,1.73,0.35,12,0.08,0.5,0.13,9,0.22,2.56,0.48
2023,580,Jaxon Smith-Njigba,SEA,WR,1,4,NYG,16.8,24,21,0.29,0.24,0.17,8,0.25,0,0,13,0.31,0.38,0.27,14,0.36,0.14,0.16,7,0.14,0.43,0.19
2023,581,Quentin Johnston,LAC,WR,1,4,LV,27.631578947368425,23.076923076923077,21,0.14,0.86,0.13,2,0,0,0,18,0.17,1,0.16,15,0.2,1.2,0.19,6,0,0,0
2023,582,Dalton Kincaid,BUF,TE,1,2,LV,17.21311475409836,33.33333333333333,21,0.29,2.05,0.44,12,0.25,1.42,0.31,9,0.33,2.89,0.62,11,0.36,2.45,0.52,10,0.2,1.6,0.36
2023,583,Dalton Kincaid,BUF,TE,1,3,WAS,17.21311475409836,11.11111111111111,21,0.1,0.14,0.11,2,0,0,0,19,0.11,0.16,0.12,5,0,0,0,16,0.13,0.19,0.14
2023,584,Trey Palmer,TB,WR,1,3,PHI,20.192307692307693,6.666666666666667,21,0.05,0.38,0.09,4,0,0,0,17,0.06,0.47,0.11,9,0,0,0,12,0.08,0.67,0.15
2023,585,Sam LaPorta,DET,TE,1,5,CAR,13.90728476821192,9.523809523809524,21,0.19,2.24,0.94,4,0.25,3,0.55,16,0.13,1.94,0.63,15,0.27,3.13,1.31,6,0,0,0
2023,586,Luke Musgrave,GB,TE,1,1,CHI,19.26605504587156,18.181818181818183,21,0.19,2.38,0.38,4,0,0,0,16,0.25,3.13,0.5,10,0.1,3.7,0.47,11,0.27,1.18,0.3
2023,587,Luke Musgrave,GB,TE,1,5,LV,19.26605504587156,31.818181818181817,21,0.33,1.62,0.45,1,0,0,0,19,0.37,1.79,0.49,15,0.4,1.87,0.52,6,0.17,1,0.27
2023,588,Marvin Jones,DET,WR,1,2,SEA,24.390243902439025,0,20,0,0,0,5,0,0,0,15,0,0,0,13,0,0,0,7,0,0,0
2023,589,Travis Kelce,KC,TE,1,5,MIN,15.503875968992247,23.91304347826087,20,0.55,3.35,1.14,3,0.67,7.67,1.43,17,0.53,2.59,1.08,12,0.67,4.17,1.5,8,0.38,2.13,0.59
2023,590,Logan Thomas,WAS,TE,1,2,DEN,13.60544217687075,12,20,0.15,1.1,0.51,5,0.4,0.8,1.48,15,0.07,1.2,0.19,11,0.09,0,0,9,0.22,2.44,1.13
2023,591,Nelson Agholor,BLT,WR,1,4,CLV,16.666666666666664,10,20,0.1,0.2,0.07,8,0.13,0,0,11,0.09,0.36,0.13,16,0.06,0,0,4,0.25,1,0.35
2023,592,Tyler Higbee,LA,TE,1,6,ARZ,9.75609756097561,10,20,0.15,0.9,0.19,3,0,0,0,14,0.14,1.29,0.27,10,0.1,0.9,0.19,10,0.2,0.9,0.19
2023,593,George Kittle,SF,TE,1,2,LA,14.184397163120568,12.5,20,0.15,1.5,0.3,8,0.13,0.75,0.2,12,0.17,2,0.37,11,0.18,1.64,0.35,9,0.11,1.33,0.24
2023,594,George Kittle,SF,TE,1,5,DAL,14.184397163120568,12.5,20,0.15,3.35,1.39,3,0.33,3.33,2.67,15,0.13,3.8,1.31,13,0.23,5.15,2.13,7,0,0,0
2023,595,Noah Brown,HST,WR,1,6,NO,35.714285714285715,50,20,0.2,1.85,0.29,7,0.29,4.86,0.63,11,0.18,0.27,0.12,9,0.22,3.78,0.49,11,0.18,0.27,0.12
2023,596,Gerald Everett,LAC,TE,1,3,MIN,21.27659574468085,31.57894736842105,20,0.3,1.5,0.45,11,0.18,0.73,0.25,7,0.43,2.86,0.71,6,0.5,1,0.6,14,0.21,1.71,0.39
2023,597,Tyler Conklin,NYJ,TE,1,4,KC,15.151515151515152,25,20,0.3,2.9,0.49,5,0.6,7.2,1.12,15,0.2,1.47,0.28,7,0.43,3.57,0.5,13,0.23,2.54,0.48
2023,598,Tyler Conklin,NYJ,TE,1,5,DEN,15.151515151515152,16.666666666666664,20,0.2,3.35,0.53,6,0.33,3.83,0.72,13,0.15,3.38,0.49,13,0.23,4.85,0.72,7,0.14,0.57,0.2
2023,599,Dalton Schultz,HST,TE,1,6,NO,13.60544217687075,21.21212121212121,20,0.35,3.05,0.81,5,0.4,0,0,12,0.33,5,0.75,6,0.17,0,0,14,0.43,4.36,1.15
2023,600,Allen Lazard,NYJ,WR,1,1,BUF,11.76470588235294,17.391304347826086,20,0.2,2.3,0.33,1,0,0,0,18,0.22,2.56,0.37,9,0.22,0,0,11,0.18,4.18,0.6
2023,601,Durham Smythe,MIA,TE,1,5,NYG,14.925373134328357,0,20,0,0,0,5,0,0,0,11,0,0,0,5,0,0,0,15,0,0,0
2023,602,Marquise Brown,ARZ,WR,1,3,DAL,10.695187165775401,13.20754716981132,20,0.35,3.05,0.86,12,0.33,2.08,0.88,8,0.38,4.5,0.82,17,0.35,3.47,0.58,3,0.33,0.67,2.4
2023,603,Isaiah Hodgins,NYG,WR,1,4,SEA,18.01801801801802,21.428571428571427,20,0.15,1.2,0.27,1,0,0,0,19,0.16,1.26,0.28,10,0.1,1.1,0.21,10,0.2,1.3,0.33
2023,604,Brandon Aiyuk,SF,WR,1,2,LA,18.01801801801802,16.216216216216218,20,0.3,2.15,0.36,8,0.25,1.5,0.28,12,0.33,2.58,0.42,11,0.27,2.27,0.41,9,0.33,2,0.31
2023,605,Cole Kmet,CHI,TE,1,5,WAS,14.184397163120568,16.129032258064516,20,0.25,2.1,0.76,8,0.13,0.75,0.2,10,0.3,3.2,0.62,12,0.17,0.83,0.75,8,0.38,4,0.78
2023,606,Cole Kmet,CHI,TE,1,6,MIN,14.184397163120568,9.67741935483871,20,0.15,0.45,0.14,4,0.25,0,0,16,0.13,0.56,0.18,8,0,0,0,12,0.25,0.75,0.24
2023,607,Devin Duvernay,BLT,WR,1,4,CLV,40.816326530612244,28.57142857142857,20,0.1,0.4,0.14,10,0.1,-0.2,0.08,10,0.1,1,0.2,18,0.11,0.44,0.16,2,0,0,0
2023,608,CeeDee Lamb,DAL,WR,1,1,NYG,10.75268817204301,9.523809523809524,20,0.2,3.85,0.58,8,0.38,9.63,1.34,11,0.09,0,0.09,9,0.33,7.56,1.09,11,0.09,0.82,0.17
2023,609,Adam Trautman,DEN,TE,1,4,CHI,13.986013986013987,7.142857142857142,20,0.05,0,0,1,0,0,0,18,0.06,0,0,9,0,0,0,11,0.09,0,0
2023,610,Tim Jones,JAX,WR,1,4,ATL,42.5531914893617,20,20,0.05,-0.05,0.04,8,0,0,0,11,0.09,-0.09,0.08,11,0.09,-0.09,0.08,9,0,0,0
2023,611,Nico Collins,HST,WR,1,3,JAX,12.5,7.142857142857142,20,0.15,1.7,0.27,5,0,0,0,13,0.23,2.62,0.42,12,0.17,2.42,0.33,8,0.13,0.63,0.19
2023,612,Jaylen Waddle,MIA,WR,1,5,NYG,15.873015873015872,28.57142857142857,20,0.5,1.75,0.72,5,0.2,0,0,11,0.55,3,0.66,6,0.33,3.33,0.5,14,0.57,1.07,0.82
2023,613,Noah Gray,KC,TE,1,6,DEN,15.625,11.76470588235294,20,0.1,0.35,0.14,2,0,0,0,18,0.11,0.39,0.15,12,0.17,0.58,0.23,8,0,0,0
2023,614,Tutu Atwell,LA,WR,1,6,ARZ,9.1324200913242,2.5,20,0.05,1.5,0.2,2,0,0,0,15,0.07,2,0.27,8,0,0,0,12,0.08,2.5,0.33
2023,615,Cole Turner,WAS,TE,1,3,BUF,39.21568627450981,58.333333333333336,20,0.35,1.75,0.38,3,0.33,1.67,0.5,15,0.27,2,0.4,9,0.33,2.89,0.51,11,0.36,0.82,0.26
2023,616,Samori Toure,GB,WR,1,3,NO,42.5531914893617,33.33333333333333,20,0.15,0,0,8,0.13,0,0,12,0.17,0,0,13,0.15,0,0,7,0.14,0,0
2023,617,Rashid Shaheed,NO,WR,1,5,NE,11.428571428571429,7.4074074074074066,20,0.1,1.4,0.24,5,0,0,0,15,0.13,1.87,0.32,11,0.18,2.55,0.44,9,0,0,0
2023,618,Treylon Burks,TEN,WR,1,3,CLV,27.77777777777778,46.15384615384615,20,0.3,0.25,0.07,5,0.6,1,0.3,13,0.15,0,0,15,0.27,0.33,0.1,5,0.4,0,0
2023,619,Chigoziem Okonkwo,TEN,TE,1,6,BLT,16,16,20,0.2,0.9,0.19,3,0,0,0,15,0.27,1.2,0.25,6,0.33,0,0,14,0.14,1.29,0.27
2023,620,Skyy Moore,KC,WR,1,5,MIN,15.267175572519085,10,20,0.1,0.55,0.15,5,0.2,1.4,0.34,15,0.07,0.27,0.09,7,0,0,0,13,0.15,0.85,0.24
2023,621,Rashee Rice,KC,WR,1,3,CHI,25,25.925925925925924,20,0.35,2.95,0.55,6,0.33,0,0,13,0.38,4.54,0.84,9,0.44,2.22,0.44,11,0.27,3.55,0.63
2023,622,DeAndre Hopkins,TEN,WR,1,2,LAC,12.179487179487179,11.11111111111111,19,0.26,2.11,0.42,7,0.29,3.29,0.61,12,0.25,1.42,0.31,14,0.36,2.86,0.57,5,0,0,0
2023,623,Kalif Raymond,DET,WR,1,3,ATL,23.75,35.294117647058826,19,0.32,2.89,0.5,6,0.17,1.33,0.3,11,0.45,4.27,0.7,9,0.33,4,0.62,10,0.3,1.9,0.39
2023,624,George Kittle,SF,TE,1,4,ARZ,13.47517730496454,4.166666666666666,19,0.05,0.47,0.1,4,0.25,2.25,0.47,14,0,0,0,14,0.07,0.64,0.14,5,0,0,0
2023,625,Ray-Ray McCloud,SF,WR,1,3,NYG,36.53846153846153,0,19,0,0,0,8,0,0,0,10,0,0,0,8,0,0,0,11,0,0,0
2023,626,Braxton Berrios,MIA,WR,1,4,BUF,18.269230769230766,30,19,0.32,2.26,0.86,5,0.4,3.4,0.74,13,0.23,1.15,0.35,7,0.14,0.29,0.17,12,0.42,3.42,1.26
2023,627,Mike Gesicki,NE,TE,1,1,PHI,17.272727272727273,15,19,0.16,1.89,0.35,3,0,0,0,16,0.19,2.25,0.41,12,0.17,2.17,0.38,7,0.14,1.43,0.29
2023,628,Mike Gesicki,NE,TE,1,4,DAL,17.272727272727273,15,19,0.16,0.63,0.12,9,0.22,1.33,0.24,9,0,0,0,15,0.2,0.8,0.15,4,0,0,0
2023,629,Isaiah Hodgins,NYG,WR,1,3,SF,17.117117117117118,7.142857142857142,19,0.05,0,0,11,0.09,0,0,8,0,0,0,15,0.07,0,0,4,0,0,0
2023,630,Cole Kmet,CHI,TE,1,2,TB,13.47517730496454,16.129032258064516,19,0.26,2,0.41,3,0.67,3,0.63,16,0.19,1.81,0.37,12,0.33,2.25,0.48,7,0.14,1.57,0.3
2023,631,Darnell Mooney,CHI,WR,1,3,KC,12.5,5.555555555555555,19,0.05,0,0,9,0.11,0,0,8,0,0,0,9,0.11,0,0,10,0,0,0
2023,632,Rashod Bateman,BLT,WR,1,6,TEN,21.11111111111111,20,19,0.16,0.79,0.18,8,0.13,0,0,10,0.2,1.5,0.35,11,0.18,0.73,0.16,8,0.13,0.88,0.21
2023,633,Nico Collins,HST,WR,1,4,PIT,11.875,21.428571428571427,19,0.47,8.84,1.88,7,0.57,12.29,2.51,10,0.4,8,1.1,9,0.56,14.22,2.53,10,0.4,4,1.3
2023,634,John Bates,WAS,TE,1,3,BUF,33.33333333333333,22.22222222222222,19,0.11,0.63,0.17,4,0,0,0,14,0.14,0.86,0.23,7,0,0,0,12,0.17,1,0.27
2023,635,Pat Freiermuth,PIT,TE,1,4,HST,21.34831460674157,30.76923076923077,19,0.21,0.37,0.19,2,0,0,0,17,0.24,0.41,0.22,11,0.27,1.18,0.3,8,0.13,-0.75,0.05
2023,636,Brandon Johnson,DEN,WR,1,3,MIA,19.19191919191919,25,19,0.16,0.63,0.17,6,0.33,2,0.53,13,0.08,0,0,12,0.17,0.67,0.15,7,0.14,0.57,0.2
2023,637,Trey McBride,ARZ,TE,1,6,LA,31.666666666666664,35.714285714285715,19,0.26,3.26,0.54,1,0,0,0,16,0.25,2.19,0.41,7,0.43,5.71,0.86,12,0.17,1.83,0.35
2023,638,Romeo Doubs,GB,WR,1,2,ATL,14.074074074074074,8.333333333333332,19,0.16,1.58,0.26,8,0.13,0,0,11,0.18,2.73,0.45,12,0,0,0,7,0.43,4.29,0.71
2023,639,Cade Otton,TB,TE,1,3,PHI,13.47517730496454,11.76470588235294,19,0.11,0.84,0.14,4,0,0,0,15,0.13,1.07,0.17,8,0,0,0,11,0.18,1.45,0.24
2023,640,Quentin Johnston,LAC,WR,1,6,DAL,25,15.384615384615385,19,0.11,0,0,6,0,0,0,12,0.17,0,0,8,0.13,0,0,11,0.09,0,0
2023,641,Luke Musgrave,GB,TE,1,2,ATL,17.431192660550458,13.636363636363635,19,0.16,1.32,0.24,7,0.14,1.14,0.26,12,0.17,1.42,0.23,11,0.18,2.27,0.41,8,0.13,0,0
2023,642,Robert Woods,HST,WR,1,6,NO,10.909090909090908,9.75609756097561,18,0.22,0.33,0.42,5,0.2,0,0,11,0.18,0,0,5,0,0,0,13,0.31,0.46,0.58
2023,643,Hunter Henry,NE,TE,1,6,LV,11.39240506329114,10.714285714285714,18,0.17,0.39,0.09,4,0,0,0,12,0.25,0.58,0.14,8,0.13,0,0,10,0.2,0.7,0.17
2023,644,Curtis Samuel,WAS,WR,1,6,ATL,10.227272727272728,12.903225806451612,18,0.22,2.33,0.79,8,0,0,0,8,0.25,3.25,0.57,3,0,0,0,15,0.27,2.8,0.95
2023,645,Kendrick Bourne,NE,WR,1,4,DAL,10.778443113772456,6.976744186046512,18,0.17,2,0.31,8,0,0,0,10,0.3,3.6,0.56,12,0.08,1.67,0.25,6,0.33,2.67,0.43
2023,646,Jamal Agnew,JAX,WR,1,2,KC,27.27272727272727,16.666666666666664,18,0.06,0.28,0.08,4,0,0,0,13,0.08,0.38,0.12,8,0,0,0,10,0.1,0.5,0.15
2023,647,JuJu Smith-Schuster,NE,WR,1,3,NYJ,20,12.5,18,0.17,0.28,0.08,8,0.25,0,0,10,0.1,0.5,0.15,8,0.13,0,0,10,0.2,0.5,0.15
2023,648,Gerald Everett,LAC,TE,1,1,MIA,19.148936170212767,15.789473684210526,18,0.17,1.17,0.23,2,0,0,0,16,0.19,1.31,0.26,7,0,0,0,11,0.27,1.91,0.37
2023,649,Gerald Everett,LAC,TE,1,4,LV,19.148936170212767,10.526315789473683,18,0.11,0.5,0.16,1,0,0,0,15,0.13,0.6,0.19,14,0.14,0.64,0.21,4,0,0,0
2023,650,Will Dissly,SEA,TE,1,2,DET,37.5,50,18,0.17,1.94,0.36,3,0,0,0,14,0.21,2.5,0.46,8,0.13,1.63,0.29,10,0.2,2.2,0.42
2023,651,Justin Watson,KC,WR,1,5,MIN,15.789473684210526,18.75,18,0.17,3.11,0.42,7,0.14,4.71,0.61,10,0.2,2.3,0.33,10,0.1,0,0,8,0.25,7,0.95
2023,652,Justin Watson,KC,WR,1,6,DEN,15.789473684210526,6.25,18,0.06,0,0,2,0.5,0,0,16,0,0,0,8,0.13,0,0,10,0,0,0
2023,653,Tanner Hudson,CIN,TE,1,4,TEN,39.130434782608695,33.33333333333333,18,0.11,1,0.21,7,0,0,0,11,0.18,1.64,0.35,10,0.1,0.6,0.16,8,0.13,1.5,0.28
2023,654,Mike Gesicki,NE,TE,1,6,LV,16.363636363636363,15,18,0.17,1.56,0.32,5,0.2,3,0.5,13,0.15,1,0.25,10,0.2,2,0.4,8,0.13,1,0.23
2023,655,Hayden Hurst,CAR,TE,1,6,MIA,12,14.285714285714285,18,0.17,0.89,0.14,6,0.17,0,0,12,0.17,1.33,0.22,13,0.08,0,0,5,0.4,3.2,0.52
2023,656,KhaDarel Hodge,ATL,WR,1,5,HST,33.33333333333333,20,18,0.06,0.61,0.12,3,0,0,0,15,0.07,0.73,0.14,9,0,0,0,9,0.11,1.22,0.23
2023,657,Hunter Renfrow,LV,WR,1,2,BUF,18.181818181818183,11.11111111111111,18,0.06,1.28,0.18,5,0,0,0,13,0.08,1.77,0.25,9,0,0,0,9,0.11,2.56,0.37
2023,658,Noah Fant,SEA,TE,1,2,DET,24.324324324324326,33.33333333333333,18,0.22,3.11,0.53,5,0,0,0,13,0.31,4.31,0.74,10,0.2,4.8,0.68,8,0.25,1,0.35
2023,659,Noah Fant,SEA,TE,1,3,CAR,24.324324324324326,41.66666666666667,18,0.28,2.28,0.45,2,0,0,0,16,0.31,2.56,0.51,5,0.2,0,0,13,0.31,3.15,0.62
2023,660,Noah Fant,SEA,TE,1,6,CIN,24.324324324324326,8.333333333333332,18,0.06,0.5,0.11,0,0,0,0,17,0.06,0.53,0.11,12,0,0,0,6,0.17,1.5,0.32
2023,661,Deebo Samuel,SF,WR,1,4,ARZ,14.173228346456693,0,18,0,0,0,4,0,0,0,13,0,0,0,13,0,0,0,5,0,0,0
2023,662,Nick Westbrook-Ikhine,TEN,WR,1,6,BLT,12.857142857142856,18.181818181818183,18,0.22,1.39,0.31,4,0.5,2.5,0.5,13,0.15,1.15,0.27,6,0.33,1,0.27,12,0.17,1.58,0.33
2023,663,Colby Parkinson,SEA,TE,1,3,CAR,27.27272727272727,28.57142857142857,18,0.22,2.11,0.38,1,0,0,0,17,0.24,2.24,0.4,5,0.4,4.2,0.82,13,0.15,1.31,0.21
2023,664,Brandon Aiyuk,SF,WR,1,4,ARZ,16.216216216216218,16.216216216216218,18,0.33,8.22,1.16,4,0,0,0,13,0.46,11.38,1.6,12,0.25,5.83,0.83,6,0.5,13,1.8
2023,665,Cole Kmet,CHI,TE,1,3,KC,12.76595744680851,6.451612903225806,18,0.11,1.22,0.23,9,0,0,0,7,0.29,3.14,0.6,9,0,0,0,9,0.22,2.44,0.47
2023,666,Dyami Brown,WAS,WR,1,4,PHI,23.684210526315788,27.27272727272727,18,0.17,2.83,0.39,9,0.11,3.89,0.5,9,0.22,1.78,0.29,15,0.2,3.4,0.47,3,0,0,0
2023,667,Rondale Moore,ARZ,WR,1,2,NYG,11.76470588235294,4.3478260869565215,18,0.06,0.78,0.13,6,0.17,2.33,0.4,9,0,0,0,10,0.1,1.4,0.24,8,0,0,0
2023,668,Amari Rodgers,IND,WR,1,6,JAX,90,100,18,0.11,0,0,2,0,0,0,16,0.13,0,0,8,0.13,0,0,10,0.1,0,0
2023,669,Brandon Johnson,DEN,WR,1,1,LV,18.181818181818183,25,18,0.17,1.72,0.28,1,0,0,0,14,0.14,2.21,0.36,7,0.14,3,0.44,11,0.18,0.91,0.18
2023,670,Christian Watson,GB,WR,1,4,DET,42.857142857142854,36.36363636363637,18,0.22,1.39,0.58,3,0.33,0.33,2.37,14,0.21,1.71,0.24,10,0.1,0,0,8,0.38,3.13,1.31
2023,671,Jaxon Smith-Njigba,SEA,WR,1,1,LA,14.399999999999999,20,18,0.28,0.72,0.24,4,0.5,0,0,14,0.21,0.93,0.31,8,0.38,0.25,0.15,10,0.2,1.1,0.31
2023,672,Tre Tucker,LV,WR,1,6,NE,36,50,18,0.11,3.17,0.43,7,0.14,6.86,0.83,8,0.13,1.13,0.24,7,0.14,6.86,0.83,11,0.09,0.82,0.17
2023,673,Sam LaPorta,DET,TE,1,1,KC,11.920529801324504,11.904761904761903,18,0.28,2.17,0.49,6,0.33,2.67,0.6,12,0.25,1.92,0.44,9,0.22,1.78,0.4,9,0.33,2.56,0.59
2023,674,Rashee Rice,KC,WR,1,6,DEN,22.5,14.814814814814813,18,0.22,4,0.62,4,0.25,5.75,0.82,14,0.21,3.5,0.56,9,0.22,5.67,0.79,9,0.22,2.33,0.46
2023,675,Brandin Cooks,DAL,WR,1,1,NYG,12.781954887218044,17.391304347826086,17,0.24,1.29,0.25,7,0,0,0,9,0.44,2.44,0.47,8,0.13,2,0.33,9,0.33,0.67,0.18
2023,676,Logan Thomas,WAS,TE,1,6,ATL,11.564625850340136,4,17,0.06,0.12,0.07,9,0,0,0,7,0.14,0.29,0.17,6,0,0,0,11,0.09,0.18,0.11
2023,677,Mike Evans,TB,WR,1,4,NO,12.977099236641221,7.6923076923076925,17,0.18,2.35,0.41,4,0,0,0,12,0.25,3.33,0.58,5,0.4,4.4,0.84,12,0.08,1.5,0.23
2023,678,Tyreek Hill,MIA,WR,1,5,NYG,11.11111111111111,16.071428571428573,17,0.53,10.65,1.89,7,0.71,14.43,2.87,7,0.57,11.43,1.71,5,0.6,16.6,3.46,12,0.5,8.17,1.23
2023,679,Tyler Conklin,NYJ,TE,1,1,BUF,12.878787878787879,4.166666666666666,17,0.06,0.12,0.07,1,0,0,0,15,0.07,0.13,0.08,6,0.17,0.33,0.2,11,0,0,0
2023,680,Braxton Berrios,MIA,WR,1,2,NE,16.346153846153847,15,17,0.18,1.65,0.28,6,0.33,3,0.47,9,0.11,1.11,0.22,8,0.25,1.25,0.25,9,0.11,2,0.31
2023,681,Donald Parham,LAC,TE,1,2,TEN,27.419354838709676,18.181818181818183,17,0.12,0.41,0.1,7,0.14,0,0,8,0.13,0.88,0.21,11,0.18,0.64,0.15,6,0,0,0
2023,682,Parris Campbell,NYG,WR,1,4,SEA,16.50485436893204,21.73913043478261,17,0.29,0.88,0.26,0,0,0,0,17,0.29,0.88,0.26,6,0.33,0.33,0.2,11,0.27,1.18,0.3
2023,683,Kristian Wilkerson,LV,WR,1,2,BUF,65.38461538461539,0,17,0,0,0,5,0,0,0,12,0,0,0,8,0,0,0,9,0,0,0
2023,684,Colby Parkinson,SEA,TE,1,6,CIN,25.757575757575758,28.57142857142857,17,0.24,1.12,0.29,0,0,0,0,15,0.2,1.27,0.33,7,0.14,0.86,0.23,10,0.3,1.3,0.33
2023,685,Jauan Jennings,SF,WR,1,3,NYG,24.637681159420293,25,17,0.18,1.82,0.3,8,0.25,3,0.42,8,0.13,0.88,0.21,8,0.38,3.88,0.64,9,0,0,0
2023,686,Jauan Jennings,SF,WR,1,6,CLV,24.637681159420293,33.33333333333333,17,0.24,1.53,0.27,12,0.25,0.75,0.16,5,0.2,3.4,0.54,14,0.21,1.21,0.19,3,0.33,3,0.63
2023,687,K.J. Osborn,MIN,WR,1,4,CAR,7.87037037037037,6.666666666666667,17,0.12,0.94,0.15,5,0,0,0,12,0.17,1.33,0.22,11,0.09,0,0,6,0.17,2.67,0.43
2023,688,Dyami Brown,WAS,WR,1,5,CHI,22.36842105263158,27.27272727272727,17,0.18,0.65,0.12,3,0.33,0,0,13,0.15,0.85,0.16,3,0,0,0,14,0.21,0.79,0.15
2023,689,John Bates,WAS,TE,1,2,DEN,29.82456140350877,44.44444444444444,17,0.24,2.71,0.45,9,0.11,0,0,7,0.43,6.57,1.09,10,0.1,0,0,7,0.43,6.57,1.09
2023,690,Brock Wright,DET,TE,1,6,TB,32.075471698113205,16.666666666666664,17,0.06,0.41,0.1,3,0,0,0,13,0.08,0.54,0.13,7,0,0,0,10,0.1,0.7,0.17
2023,691,Kadarius Toney,KC,WR,1,5,MIN,24.637681159420293,25,17,0.35,1.53,0.45,4,0.25,0.75,0.33,13,0.38,1.77,0.48,6,0.33,1.33,0.3,11,0.36,1.64,0.53
2023,692,Kyle Pitts,ATL,TE,1,1,CAR,9.6045197740113,8.108108108108109,17,0.18,2.59,0.38,2,0.5,17,2.2,15,0.13,0.67,0.13,16,0.19,2.75,0.4,1,0,0,0
2023,693,Drake London,ATL,WR,1,1,CAR,8.542713567839195,2.3255813953488373,17,0.06,0,0,2,0,0,0,15,0.07,0,0,14,0.07,0,0,3,0,0,0
2023,694,Andrew Ogletree,IND,TE,1,6,JAX,34.69387755102041,9.090909090909092,17,0.06,0,0,0,0,0,0,15,0.07,0,0,6,0,0,0,11,0.09,0,0
2023,695,Connor Heyward,PIT,TE,1,5,BLT,42.5,40,17,0.24,1.35,0.31,3,0,0,0,14,0.29,1.64,0.38,5,0.2,2.4,0.44,12,0.25,0.92,0.26
2023,696,John Metchie,HST,WR,1,5,ATL,43.58974358974359,28.57142857142857,17,0.12,1.18,0.24,4,0,0,0,12,0.17,1.67,0.33,4,0.25,3.5,0.6,13,0.08,0.46,0.12
2023,697,Chigoziem Okonkwo,TEN,TE,1,2,LAC,13.600000000000001,16,17,0.24,2.06,0.44,6,0.17,3.33,0.5,11,0.27,1.36,0.41,12,0.08,1.67,0.25,5,0.6,3,0.9
2023,698,Romeo Doubs,GB,WR,1,1,CHI,12.592592592592592,13.88888888888889,17,0.29,1.53,1.09,5,0.2,0.8,1.48,11,0.27,1.27,0.31,10,0.2,0.5,0.85,7,0.43,3,1.44
2023,699,Daniel Bellinger,NYG,TE,1,1,DAL,38.63636363636363,25,17,0.06,0.06,0.06,7,0,0,0,10,0.1,0.1,0.11,12,0,0,0,5,0.2,0.2,0.22
2023,700,Dontayvion Wicks,GB,WR,1,1,CHI,18.88888888888889,14.285714285714285,17,0.12,0,0,4,0.25,0,0,12,0.08,0,0,9,0.11,0,0,8,0.13,0,0
2023,701,Michael Wilson,ARZ,WR,1,2,NYG,10.429447852760736,17.391304347826086,17,0.24,3.29,0.51,4,0,0,0,11,0.27,5.09,0.78,10,0,0,0,7,0.57,8,1.23
2023,702,Michael Mayer,LV,TE,1,3,PIT,20.98765432098765,9.090909090909092,17,0.06,0,0,7,0,0,0,10,0.1,0,0,7,0,0,0,10,0.1,0,0
2023,703,Rashee Rice,KC,WR,1,4,NYJ,21.25,14.814814814814813,17,0.24,1.88,0.36,6,0.17,0,0,11,0.27,2.91,0.56,10,0.2,1.8,0.28,7,0.29,2,0.49
2023,704,Jayden Reed,GB,WR,1,1,CHI,15.454545454545453,19.230769230769234,17,0.29,2.82,0.4,3,0.33,0,0,13,0.31,3.69,0.52,8,0.5,6,0.85,9,0.11,0,0
2023,705,Jayden Reed,GB,WR,1,2,ATL,15.454545454545453,26.923076923076923,17,0.41,2.18,1.16,7,0.29,0,0,9,0.44,3.11,1.31,10,0.3,1,0.8,7,0.57,3.86,1.67
2023,706,Randall Cobb,NYJ,WR,1,2,DAL,14.545454545454545,8.333333333333332,16,0.06,0,0,8,0.13,0,0,8,0,0,0,9,0.11,0,0,7,0,0,0
2023,707,Marvin Jones,DET,WR,1,1,KC,19.51219512195122,55.55555555555556,16,0.31,0.5,0.17,6,0,0,0,10,0.5,0.8,0.28,7,0.14,0,0,9,0.44,0.89,0.31
2023,708,Zach Ertz,ARZ,TE,1,3,DAL,10.126582278481013,5.128205128205128,16,0.13,0.38,0.16,10,0.2,0.6,0.26,6,0,0,0,12,0.08,0.08,0.09,4,0.25,1.25,0.38
2023,709,Kalif Raymond,DET,WR,1,5,CAR,20,17.647058823529413,16,0.19,2.81,0.47,2,0,0,0,13,0.15,2.69,0.42,10,0.1,2.3,0.33,6,0.33,3.67,0.7
2023,710,Richie James,KC,WR,1,1,DET,84.21052631578947,66.66666666666666,16,0.13,0.38,0.1,6,0,0,0,10,0.2,0.6,0.16,5,0,0,0,11,0.18,0.55,0.15
2023,711,Dalton Schultz,HST,TE,1,3,JAX,10.884353741496598,6.0606060606060606,16,0.13,0.56,0.12,3,0,0,0,11,0.09,0.82,0.17,12,0,0,0,4,0.5,2.25,0.47
2023,712,Durham Smythe,MIA,TE,1,6,CAR,11.940298507462686,0,16,0,0,0,2,0,0,0,13,0,0,0,5,0,0,0,11,0,0,0
2023,713,KhaDarel Hodge,ATL,WR,1,6,WAS,29.629629629629626,20,16,0.06,0,0,5,0,0,0,10,0.1,0,0,7,0.14,0,0,9,0,0,0
2023,714,T.J. Hockenson,MIN,TE,1,4,CAR,8.465608465608465,6.382978723404255,16,0.19,1.5,0.28,4,0.25,0,0,12,0.17,2,0.37,11,0.09,0.73,0.16,5,0.4,3.2,0.52
2023,715,Scott Miller,ATL,WR,1,6,WAS,34.78260869565217,50,16,0.13,0.25,0.09,4,0.25,0,0,12,0.08,0.33,0.12,6,0,0,0,10,0.2,0.4,0.14
2023,716,Tee Higgins,CIN,WR,1,4,TEN,10.738255033557047,11.76470588235294,16,0.25,1.19,0.24,4,0,0,0,11,0.27,1.73,0.35,9,0.22,1.11,0.22,7,0.29,1.29,0.27
2023,717,Dyami Brown,WAS,WR,1,2,DEN,21.052631578947366,27.27272727272727,16,0.19,1.56,0.34,5,0.2,1.6,0.36,11,0.18,1.55,0.34,10,0.2,1.7,0.37,6,0.17,1.33,0.3
2023,718,Deven Thompkins,TB,WR,1,2,CHI,25,0,16,0,0,0,2,0,0,0,14,0,0,0,5,0,0,0,11,0,0,0
2023,719,Treylon Burks,TEN,WR,1,2,LAC,22.22222222222222,30.76923076923077,16,0.25,4.75,0.66,5,0.2,0.2,0.22,11,0.27,6.82,0.86,9,0.11,0.11,0.12,7,0.43,10.71,1.36
2023,720,Chigoziem Okonkwo,TEN,TE,1,3,CLV,12.8,16,16,0.25,0.44,0.23,4,0,0,0,10,0.4,0.7,0.37,12,0.17,0.08,0.18,4,0.5,1.5,0.4
2023,721,Isaiah Likely,BLT,TE,1,1,HST,40,25,16,0.06,0.25,0.09,4,0,0,0,11,0.09,0.36,0.13,7,0.14,0.57,0.2,9,0,0,0
2023,722,Jake Ferguson,DAL,TE,1,2,NYJ,11.940298507462686,14.285714285714285,16,0.25,0.69,0.63,3,0.67,2,0.53,10,0.1,0.1,0.11,5,0.2,1.2,0.32,11,0.27,0.45,0.77
2023,723,Skyy Moore,KC,WR,1,6,DEN,12.213740458015266,15,16,0.19,1.38,0.26,1,0,0,0,14,0.21,1.57,0.3,9,0.33,2.44,0.47,7,0,0,0
2023,724,Tyquan Thornton,NE,WR,1,6,LV,100,100,16,0.13,0.38,0.1,3,0,0,0,12,0.17,0.5,0.13,9,0.11,0,0,7,0.14,0.86,0.23
2023,725,Quentin Johnston,LAC,WR,1,1,MIA,21.052631578947366,23.076923076923077,16,0.19,0.56,0.18,2,0.5,-1,0.4,14,0.14,0.79,0.15,5,0.2,-0.4,0.16,11,0.18,1,0.19
2023,726,Darnell Washington,PIT,TE,1,1,SF,30.76923076923077,0,16,0,0,0,2,0,0,0,12,0,0,0,6,0,0,0,10,0,0,0
2023,727,Tyler Scott,CHI,WR,1,6,MIN,29.629629629629626,44.44444444444444,16,0.25,0.75,0.2,3,0.33,2.33,0.57,13,0.23,0.38,0.12,6,0.5,0.83,0.25,10,0.1,0.7,0.17
2023,728,Jayden Reed,GB,WR,1,5,LV,14.545454545454545,7.6923076923076925,16,0.13,0.44,0.11,2,0,0,0,13,0.15,0.54,0.13,11,0,0,0,5,0.4,1.4,0.34
2023,729,Randall Cobb,NYJ,WR,1,4,KC,13.636363636363635,33.33333333333333,15,0.27,0.53,0.19,8,0.5,1,0.35,6,0,0,0,6,0.33,0.5,0.22,9,0.22,0.56,0.17
2023,730,Randall Cobb,NYJ,WR,1,5,DEN,13.636363636363635,8.333333333333332,15,0.07,0,0,5,0,0,0,8,0,0,0,11,0,0,0,4,0.25,0,0
2023,731,Trent Taylor,CHI,WR,1,2,TB,71.42857142857143,0,15,0,0,0,2,0,0,0,13,0,0,0,9,0,0,0,6,0,0,0
2023,732,Mack Hollins,ATL,WR,1,1,CAR,12.82051282051282,17.391304347826086,15,0.27,2.07,0.41,1,0,0,0,14,0.29,2.21,0.44,14,0.21,1.57,0.3,1,1,9,1.9
2023,733,Justin Watson,KC,WR,1,1,DET,13.157894736842104,18.75,15,0.2,3,0.43,2,0.5,9.5,1.45,13,0.15,2,0.28,5,0.2,3.8,0.58,10,0.2,2.6,0.36
2023,734,Michael Gallup,DAL,WR,1,1,NYG,9.25925925925926,6.25,15,0.13,0.67,0.13,6,0,0,0,7,0.29,1.43,0.29,7,0.14,0,0,8,0.13,1.25,0.25
2023,735,Donald Parham,LAC,TE,1,3,MIN,24.193548387096776,18.181818181818183,15,0.13,0.27,0.96,12,0,0,0,1,0,0,0,9,0.11,0.33,0.81,6,0.17,0.17,1.18
2023,736,Deebo Samuel,SF,WR,1,5,DAL,11.811023622047244,9.67741935483871,15,0.2,3.67,0.57,1,0,0,0,13,0.15,3.54,0.51,10,0.1,0.4,0.14,5,0.4,10.2,1.42
2023,737,Colby Parkinson,SEA,TE,1,2,DET,22.727272727272727,21.428571428571427,15,0.2,2.73,0.41,2,0,0,0,13,0.23,3.15,0.47,8,0.25,2.63,0.39,7,0.14,2.86,0.43
2023,738,Jauan Jennings,SF,WR,1,1,PIT,21.73913043478261,8.333333333333332,15,0.07,0,0,7,0.14,0,0,8,0,0,0,8,0,0,0,7,0.14,0,0
2023,739,Van Jefferson,ATL,WR,1,6,WAS,8.823529411764707,11.76470588235294,15,0.13,0,0,4,0,0,0,11,0.18,0,0,8,0.13,0,0,7,0.14,0,0
2023,740,Noah Gray,KC,TE,1,2,JAX,11.71875,17.647058823529413,15,0.2,2.53,0.45,3,0,0,0,12,0.25,3.17,0.57,11,0.27,3.45,0.62,4,0,0,0
2023,741,Kadarius Toney,KC,WR,1,2,JAX,21.73913043478261,20.833333333333336,15,0.33,2.33,0.57,1,1,13,2.3,14,0.29,1.57,0.44,10,0.3,1.3,0.43,5,0.4,4.4,0.84
2023,742,Rondale Moore,ARZ,WR,1,3,DAL,9.803921568627452,26.08695652173913,15,0.4,0.53,0.32,7,0.57,0.71,0.36,8,0.25,0.38,0.29,12,0.42,0.75,0.33,3,0.33,-0.33,0.3
2023,743,Tommy Tremble,CAR,TE,1,6,MIA,29.411764705882355,50,15,0.13,1.67,0.3,3,0.33,1.33,0.47,12,0.08,1.75,0.26,12,0.17,2.08,0.38,3,0,0,0
2023,744,Kyle Philips,TEN,WR,1,6,BLT,55.55555555555556,66.66666666666666,15,0.13,0.4,0.11,2,0.5,0,0,11,0.09,0.55,0.15,5,0.2,0,0,10,0.1,0.6,0.16
2023,745,Jeremy Ruckert,NYJ,TE,1,4,KC,57.692307692307686,50,15,0.13,1.73,0.31,4,0,0,0,9,0.22,2.89,0.51,6,0.33,4.33,0.77,9,0,0,0
2023,746,Skyy Moore,KC,WR,1,4,NYJ,11.450381679389313,5,15,0.07,0,0,5,0.2,0,0,9,0,0,0,6,0.17,0,0,9,0,0,0
2023,747,Dontayvion Wicks,GB,WR,1,2,ATL,16.666666666666664,28.57142857142857,15,0.27,2.67,0.8,8,0.38,5,1.5,7,0.14,0,0,10,0.4,4,1.2,5,0,0,0
2023,748,Darnell Washington,PIT,TE,1,5,BLT,28.846153846153843,66.66666666666666,15,0.13,0,0,3,0.33,0,0,11,0.09,0,0,6,0.17,0,0,9,0.11,0,0
2023,749,Michael Wilson,ARZ,WR,1,3,DAL,9.202453987730062,8.695652173913043,15,0.13,5.73,0.71,10,0,0,0,5,0.4,17.2,2.12,12,0.17,7.17,0.88,3,0,0,0
2023,750,Julian Hill,MIA,TE,1,3,DEN,62.5,100,15,0.07,0,0,5,0.2,0,0,9,0,0,0,8,0.13,0,0,7,0,0,0
2023,751,Jake Bobo,SEA,WR,1,6,CIN,34.883720930232556,40,15,0.13,2.87,0.42,1,0,0,0,13,0.15,3.31,0.48,8,0.25,5.38,0.79,7,0,0,0
2023,752,Jalin Hyatt,NYG,WR,1,1,DAL,12.096774193548388,11.11111111111111,15,0.07,0,0,5,0.2,0,0,10,0,0,0,11,0.09,0,0,4,0,0,0
2023,753,Trey Palmer,TB,WR,1,1,MIN,14.423076923076922,20,15,0.2,0.53,0.59,0,0,0,0,14,0.14,0.07,0.08,6,0,0,0,9,0.33,0.89,0.98
2023,754,Trey Palmer,TB,WR,1,2,CHI,14.423076923076922,13.333333333333334,15,0.13,1.33,0.2,3,0.33,0,0,11,0.09,1.82,0.27,5,0.2,0,0,10,0.1,2,0.3
2023,755,Randall Cobb,NYJ,WR,1,1,BUF,12.727272727272727,8.333333333333332,14,0.07,0,0,1,0,0,0,13,0.08,0,0,7,0.14,0,0,7,0,0,0
2023,756,Marvin Jones,DET,WR,1,5,CAR,17.073170731707318,22.22222222222222,14,0.14,1.57,0.3,3,0,0,0,10,0.2,2.2,0.42,9,0,0,0,5,0.4,4.4,0.84
2023,757,Kalif Raymond,DET,WR,1,2,SEA,17.5,17.647058823529413,14,0.21,3.29,0.9,2,0,0,0,12,0.25,3.83,1.05,9,0.33,5.11,1.4,5,0,0,0
2023,758,Mo Alie-Cox,IND,TE,1,1,JAX,42.42424242424242,40,14,0.14,0,0,2,0,0,0,12,0.17,0,0,10,0.1,0,0,4,0.25,0,0
2023,759,Jamal Agnew,JAX,WR,1,6,IND,21.21212121212121,0,14,0,0,0,1,0,0,0,13,0,0,0,10,0,0,0,4,0,0,0
2023,760,Gerald Everett,LAC,TE,1,2,TEN,14.893617021276595,15.789473684210526,14,0.21,3.36,0.55,2,0,0,0,12,0.25,3.92,0.64,5,0.2,2.6,0.46,9,0.22,3.78,0.6
2023,761,Braxton Berrios,MIA,WR,1,3,DEN,13.461538461538462,10,14,0.14,2.36,0.38,5,0.2,2.2,0.42,8,0.13,2.75,0.4,5,0.4,6.6,1.06,9,0,0,0
2023,762,Brandon Powell,MIN,WR,1,5,KC,35,54.54545454545454,14,0.43,3.07,0.59,8,0.38,2,0.45,6,0.5,4.5,0.78,3,0.67,0.33,0.37,11,0.36,3.82,0.65
2023,763,Hunter Renfrow,LV,WR,1,5,GB,14.14141414141414,22.22222222222222,14,0.14,0.5,0.12,3,0.33,2.33,0.57,11,0.09,0,0,10,0.2,0.7,0.17,4,0,0,0
2023,764,Donald Parham,LAC,TE,1,1,MIA,22.58064516129032,27.27272727272727,14,0.21,1.57,0.8,4,0.5,1.5,2.15,10,0.1,1.6,0.26,7,0.14,0.71,0.21,7,0.29,2.43,1.39
2023,765,Trenton Irwin,CIN,WR,1,4,TEN,19.718309859154928,9.090909090909092,14,0.07,1.21,0.19,3,0.33,5.67,0.9,10,0,0,0,6,0.17,2.83,0.45,8,0,0,0
2023,766,Parris Campbell,NYG,WR,1,3,SF,13.592233009708737,26.08695652173913,14,0.43,1.71,0.6,8,0.25,1.13,0.36,6,0.67,2.5,0.92,10,0.3,1.1,0.41,4,0.75,3.25,1.07
2023,767,Kylen Granson,IND,TE,1,4,LA,10.44776119402985,20,14,0.36,1.71,0.31,6,0.17,0,0,8,0.5,3,0.55,9,0.44,2.67,0.49,5,0.2,0,0
2023,768,Kadarius Toney,KC,WR,1,6,DEN,20.28985507246377,20.833333333333336,14,0.36,0.64,0.71,1,0,0,0,12,0.42,0.75,0.83,6,0.5,1.33,1.47,8,0.25,0.13,0.14
2023,769,Terrace Marshall,CAR,WR,1,6,MIA,10.76923076923077,7.6923076923076925,14,0.14,0,0,5,0.2,0,0,9,0.11,0,0,9,0.22,0,0,5,0,0,0
2023,770,Peyton Hendershot,DAL,TE,1,3,ARZ,40,50,14,0.07,0.21,0.09,2,0,0,0,11,0.09,0.27,0.12,2,0,0,0,12,0.08,0.25,0.11
2023,771,Jake Ferguson,DAL,TE,1,1,NYG,10.44776119402985,21.428571428571427,14,0.43,0.79,0.22,7,0.57,1.57,0.44,5,0.2,0,0,8,0.63,1.38,0.39,6,0.17,0,0
2023,772,Xavier Hutchinson,HST,WR,1,2,IND,46.666666666666664,50,14,0.07,0,0,1,0,0,0,12,0.08,0,0,11,0.09,0,0,3,0,0,0
2023,773,Tank Dell,HST,WR,1,5,ATL,11.200000000000001,14.285714285714285,14,0.29,4.07,0.62,5,0.4,4.4,0.64,9,0.22,3.89,0.61,4,0.25,7.25,0.97,10,0.3,2.8,0.48
2023,774,Jordan Addison,MIN,WR,1,4,CAR,7.82122905027933,0,14,0,0,0,3,0,0,0,11,0,0,0,9,0,0,0,5,0,0,0
2023,775,Jonathan Mingo,CAR,WR,1,3,SEA,8.588957055214724,20.689655172413794,14,0.43,1.5,0.36,3,0.33,0,0,11,0.45,1.91,0.46,11,0.36,0.73,0.16,3,0.67,4.33,1.1
2023,776,Marvin Jones,DET,WR,1,6,TB,15.853658536585366,11.11111111111111,13,0.08,0.38,0.12,2,0,0,0,11,0.09,0.45,0.14,7,0.14,0.71,0.21,6,0,0,0
2023,777,Odell Beckham,BLT,WR,1,6,TEN,14.444444444444443,26.666666666666668,13,0.31,2.62,0.42,3,0.33,0,0,9,0.33,3.78,0.6,7,0.14,0,0,6,0.5,5.67,0.9
2023,778,Nelson Agholor,BLT,WR,1,2,CIN,10.833333333333334,30,13,0.46,4.85,1.33,5,0.6,7,2.5,8,0.38,3.5,0.6,7,0.43,6.29,1.91,6,0.5,3.17,0.65
2023,779,Austin Hooper,LV,TE,1,1,DEN,13,11.11111111111111,13,0.08,1.54,0.23,5,0,0,0,5,0.2,4,0.6,7,0.14,2.86,0.43,6,0,0,0
2023,780,Austin Hooper,LV,TE,1,2,BUF,13,22.22222222222222,13,0.15,1.54,0.31,6,0.33,3.33,0.67,7,0,0,0,8,0.25,2.5,0.5,5,0,0,0
2023,781,Robbie Chosen,MIA,WR,1,3,DEN,41.935483870967744,50,13,0.08,5.23,1.06,4,0,0,0,8,0.13,8.5,1.73,4,0,0,0,9,0.11,7.56,1.53
2023,782,JuJu Smith-Schuster,NE,WR,1,4,DAL,14.444444444444443,20.833333333333336,13,0.38,1.08,0.18,6,0.33,0,0,7,0.43,2,0.34,10,0.4,1.4,0.24,3,0.33,0,0
2023,783,JuJu Smith-Schuster,NE,WR,1,5,NO,14.444444444444443,12.5,13,0.23,0.46,0.28,6,0.33,0.5,0.38,7,0.14,0.43,0.19,7,0.29,0.43,0.33,6,0.17,0.5,0.22
2023,784,River Cracraft,MIA,WR,1,1,LAC,43.333333333333336,62.5,13,0.38,3.08,1,4,0.25,0.25,1.77,9,0.44,4.33,0.66,7,0.43,3.43,0.49,6,0.33,2.67,1.6
2023,785,Will Dissly,SEA,TE,1,6,CIN,27.083333333333332,16.666666666666664,13,0.08,0.31,0.11,0,0,0,0,13,0.08,0.31,0.11,11,0.09,0.36,0.13,2,0,0,0
2023,786,Equanimeous St. Brown,CHI,WR,1,5,WAS,38.23529411764706,50,13,0.08,0,0,6,0,0,0,5,0.2,0,0,8,0,0,0,5,0.2,0,0
2023,787,Braxton Berrios,MIA,WR,1,6,CAR,12.5,10,13,0.15,1.54,0.31,1,0,0,0,12,0.17,1.67,0.33,5,0.2,2,0.4,8,0.13,1.25,0.25
2023,788,Trent Sherfield,BUF,WR,1,6,NYG,25,12.5,13,0.08,0,0,4,0,0,0,9,0.11,0,0,10,0.1,0,0,3,0,0,0
2023,789,Mike Gesicki,NE,TE,1,3,NYJ,11.818181818181818,5,13,0.08,1.38,0.22,7,0.14,2.57,0.4,6,0,0,0,9,0.11,2,0.31,4,0,0,0
2023,790,Foster Moreau,NO,TE,1,6,HST,33.33333333333333,57.14285714285714,13,0.31,2.54,0.56,3,0,0,0,10,0.4,3.3,0.73,4,0.25,4.25,0.68,9,0.33,1.78,0.51
2023,791,Deonte Harty,BUF,WR,1,1,NYJ,20.634920634920633,28.57142857142857,13,0.31,0.69,0.3,4,0.25,0,0,8,0.38,1.13,0.49,5,0.4,1,0.3,8,0.25,0.5,0.3
2023,792,Deonte Harty,BUF,WR,1,5,JAX,20.634920634920633,14.285714285714285,13,0.15,4.77,0.63,2,0,0,0,10,0.2,6.2,0.82,4,0,0,0,9,0.22,6.89,0.91
2023,793,Greg Dortch,ARZ,WR,1,6,LA,86.66666666666667,100,13,0.08,0,0,1,0,0,0,12,0.08,0,0,5,0,0,0,8,0.13,0,0
2023,794,Noah Fant,SEA,TE,1,1,LA,17.56756756756757,0,13,0,0,0,2,0,0,0,11,0,0,0,6,0,0,0,7,0,0,0
2023,795,Dawson Knox,BUF,TE,1,4,MIA,9.48905109489051,4.166666666666666,13,0.08,0.92,0.17,5,0,0,0,8,0.13,1.5,0.28,5,0,0,0,8,0.13,1.5,0.28
2023,796,Isaiah Hodgins,NYG,WR,1,5,MIA,11.711711711711711,14.285714285714285,13,0.15,1.46,0.3,4,0.5,4.75,0.97,9,0,0,0,8,0.25,2.38,0.49,5,0,0,0
2023,797,Adam Trautman,DEN,TE,1,6,KC,9.090909090909092,7.142857142857142,13,0.08,0,0,2,0.5,0,0,11,0,0,0,2,0,0,0,11,0.09,0,0
2023,798,Rashod Bateman,BLT,WR,1,1,HST,14.444444444444443,20,13,0.23,2.69,0.5,4,0,0,0,9,0.33,3.89,0.72,4,0,0,0,9,0.33,3.89,0.72
2023,799,Terrace Marshall,CAR,WR,1,2,NO,10,0,13,0,0,0,3,0,0,0,10,0,0,0,7,0,0,0,6,0,0,0
2023,800,Jameson Williams,DET,WR,1,5,CAR,59.09090909090909,50,13,0.23,0.15,0.17,0,0,0,0,13,0.23,0.15,0.17,8,0.13,0,0,5,0.4,0.4,0.44
2023,801,Luke Schoonmaker,DAL,TE,1,4,NE,44.827586206896555,50,13,0.23,0,0,4,0.25,0,0,9,0.22,0,0,10,0.1,0,0,3,0.67,0,0
2023,802,Tre Tucker,LV,WR,1,4,LAC,26,0,13,0,0,0,1,0,0,0,12,0,0,0,4,0,0,0,9,0,0,0
2023,803,Jalin Hyatt,NYG,WR,1,3,SF,10.483870967741936,0,13,0,0,0,4,0,0,0,9,0,0,0,9,0,0,0,4,0,0,0
2023,804,Michael Mayer,LV,TE,1,4,LAC,16.049382716049383,0,13,0,0,0,1,0,0,0,12,0,0,0,2,0,0,0,11,0,0,0
2023,805,Michael Mayer,LV,TE,1,5,GB,16.049382716049383,27.27272727272727,13,0.23,3,0.45,4,0.25,5,0.75,8,0.25,2.38,0.36,9,0.22,4.33,0.66,4,0.25,0,0
2023,806,Kalif Raymond,DET,WR,1,6,TB,15,17.647058823529413,12,0.25,1.92,0.44,2,0,0,0,10,0.3,2.3,0.53,5,0.2,2.4,0.44,7,0.29,1.57,0.44
2023,807,Josh Reynolds,DET,WR,1,5,CAR,8.275862068965518,19.230769230769234,12,0.42,6.33,1.47,4,0.5,7,2.7,8,0.38,6,0.85,8,0.38,6,0.85,4,0.5,7,2.7
2023,808,Braxton Berrios,MIA,WR,1,5,NYG,11.538461538461538,10,12,0.17,1.08,0.27,2,0,0,0,9,0.22,1.44,0.37,3,0.33,0,0.33,9,0.11,1.44,0.26
2023,809,Trent Sherfield,BUF,WR,1,4,MIA,23.076923076923077,37.5,12,0.25,1.5,0.32,6,0.17,1.5,0.32,6,0.33,1.5,0.32,6,0.17,1.5,0.32,6,0.33,1.5,0.32
2023,810,Olamide Zaccheaus,PHI,WR,1,2,MIN,10.084033613445378,0,12,0,0,0,0,0,0,0,12,0,0,0,3,0,0,0,9,0,0,0
2023,811,Josh Oliver,MIN,TE,1,1,TB,29.268292682926827,30,12,0.25,2.67,0.52,1,0,0,0,10,0.3,3.2,0.62,5,0.6,6.4,1.24,7,0,0,0
2023,812,Jauan Jennings,SF,WR,1,2,LA,17.391304347826086,25,12,0.25,4.25,0.59,5,0.2,6.2,0.82,7,0.29,2.86,0.43,7,0.29,7.29,1.01,5,0.2,0,0
2023,813,Tim Jones,JAX,WR,1,5,BUF,25.53191489361702,20,12,0.08,0,0,1,0,0,0,11,0.09,0,0,2,0,0,0,10,0.1,0,0
2023,814,Cole Turner,WAS,TE,1,2,DEN,23.52941176470588,16.666666666666664,12,0.17,1.75,0.34,4,0,0,0,8,0.25,2.63,0.51,5,0,0,0,7,0.29,3,0.59
2023,815,Kyle Philips,TEN,WR,1,5,IND,44.44444444444444,33.33333333333333,12,0.08,0,0,1,0,0,0,10,0.1,0,0,3,0,0,0,9,0.11,0,0
2023,816,Connor Heyward,PIT,TE,1,1,SF,30,40,12,0.33,1.58,0.33,0,0,0,0,12,0.33,1.58,0.33,4,0.25,2.75,0.53,8,0.38,1,0.23
2023,817,Demario Douglas,NE,WR,1,3,NYJ,20.33898305084746,17.647058823529413,12,0.25,1.25,0.21,4,0.5,0,0,8,0.13,1.88,0.31,7,0.29,0,0,5,0.2,3,0.5
2023,818,Demario Douglas,NE,WR,1,4,DAL,20.33898305084746,17.647058823529413,12,0.25,3.75,0.54,6,0.17,0,0,6,0.33,7.5,1.08,9,0.33,5,0.72,3,0,0,0
2023,819,Jalin Hyatt,NYG,WR,1,2,ARZ,9.67741935483871,22.22222222222222,12,0.17,7.42,0.91,1,0,0,0,11,0.18,8.09,0.99,4,0.25,7.75,1.02,8,0.13,7.25,0.85
2023,820,Marvin Mims,DEN,WR,1,5,NYJ,21.428571428571427,8.333333333333332,12,0.08,0.33,0.12,3,0,0,0,8,0,0,0,5,0,0,0,7,0.14,0.57,0.2
2023,821,C.J. Uzomah,NYJ,TE,1,5,DEN,20,33.33333333333333,11,0.18,1.09,0.29,3,0.33,2.33,0.57,7,0.14,0.71,0.21,6,0.33,2,0.53,5,0,0,0
2023,822,Austin Hooper,LV,TE,1,5,GB,11,22.22222222222222,11,0.18,1,0.28,3,0,0,0,8,0.25,1.38,0.39,8,0.25,1.38,0.39,3,0,0,0
2023,823,Chris Moore,TEN,WR,1,2,LAC,14.285714285714285,11.11111111111111,11,0.09,4.45,0.54,3,0,0,0,8,0.13,6.13,0.74,7,0,0,0,4,0.25,12.25,1.48
2023,824,Kalif Raymond,DET,WR,1,4,GB,13.750000000000002,5.88235294117647,11,0.09,-0.18,0.07,2,0,0,0,9,0.11,-0.22,0.09,6,0,0,0,5,0.2,-0.4,0.16
2023,825,Robert Tonyan,CHI,TE,1,4,DEN,25.581395348837212,28.57142857142857,11,0.18,1.64,0.35,2,0.5,4.5,0.95,9,0.11,1,0.21,8,0.13,1.13,0.24,3,0.33,3,0.63
2023,826,River Cracraft,MIA,WR,1,3,DEN,36.666666666666664,12.5,11,0.09,1.18,0.21,6,0.17,2.17,0.38,5,0,0,0,5,0,0,0,6,0.17,2.17,0.38
2023,827,Dalton Schultz,HST,TE,1,4,PIT,7.482993197278912,9.090909090909092,11,0.27,3.82,1.2,3,0,0,0,6,0.33,6,0.93,7,0.29,1.86,1.33,4,0.25,7.25,0.97
2023,828,Donald Parham,LAC,TE,1,6,DAL,17.741935483870968,27.27272727272727,11,0.27,1.73,0.35,1,1,0,0,10,0.2,1.9,0.39,7,0.14,0,0,4,0.5,4.75,0.97
2023,829,Parris Campbell,NYG,WR,1,5,MIA,10.679611650485436,8.695652173913043,11,0.18,2.09,0.39,2,0,0,0,9,0.22,2.56,0.48,6,0,0,0,5,0.4,4.6,0.86
2023,830,Mitchell Wilcox,CIN,TE,1,3,LA,40.74074074074074,75,11,0.27,0.91,0.27,2,0,0,0,9,0.33,1.11,0.33,6,0.33,1.17,0.28,5,0.2,0.6,0.26
2023,831,Tim Jones,JAX,WR,1,3,HST,23.404255319148938,60,11,0.27,1,0.28,0,0,0,0,11,0.27,1,0.28,7,0.43,1.57,0.44,4,0,0,0
2023,832,Rashod Bateman,BLT,WR,1,5,PIT,12.222222222222221,20,11,0.27,0.73,0.16,5,0.2,0,0,4,0.25,2,0.45,7,0.29,1.14,0.26,4,0.25,0,0
2023,833,Noah Gray,KC,TE,1,4,NYJ,8.59375,17.647058823529413,11,0.27,3.09,0.95,4,0.25,8.5,2.6,6,0.33,0,0,8,0.38,4.25,1.3,3,0,0,0
2023,834,Kylen Granson,IND,TE,1,5,TEN,8.208955223880597,12,11,0.27,1.36,0.32,6,0.17,0,0,5,0.4,3,0.7,6,0,0,0,5,0.6,3,0.7
2023,835,Kadarius Toney,KC,WR,1,1,DET,15.942028985507244,20.833333333333336,11,0.45,0.09,0.1,2,0,0,0,8,0.5,0,0,3,0.33,0,0,8,0.5,0.13,0.14
2023,836,Tommy Tremble,CAR,TE,1,3,SEA,21.568627450980394,25,11,0.09,1.36,0.23,2,0,0,0,9,0.11,1.67,0.28,6,0.17,2.5,0.42,5,0,0,0
2023,837,Greg Dulcich,DEN,TE,1,1,LV,64.70588235294117,66.66666666666666,11,0.18,2,0.38,0,0,0,0,10,0.2,2.2,0.42,4,0,0,0,7,0.29,3.14,0.6
2023,838,Peyton Hendershot,DAL,TE,1,1,NYG,31.428571428571427,50,11,0.09,0,0,2,0,0,0,8,0.13,0,0,5,0.2,0,0,6,0,0,0
2023,839,Trey McBride,ARZ,TE,1,2,NYG,18.333333333333332,14.285714285714285,11,0.18,2.91,0.47,5,0.2,4.6,0.66,6,0.17,1.5,0.32,9,0.11,2.56,0.37,2,0.5,4.5,0.95
2023,840,Quentin Johnston,LAC,WR,1,3,MIN,14.473684210526317,23.076923076923077,11,0.27,0.91,0.27,6,0.17,0.5,0.22,5,0.4,1.4,0.34,5,0.4,1.4,0.34,6,0.17,0.5,0.22
2023,841,Andrei Iosivas,CIN,WR,1,5,ARZ,44,66.66666666666666,11,0.18,0.82,0.17,3,0,0,0,8,0.25,1.13,0.24,5,0.2,1.8,0.38,6,0.17,0,0
2023,842,Marvin Mims,DEN,WR,1,3,MIA,19.642857142857142,41.66666666666667,11,0.45,6.64,0.94,3,0.67,10,1.33,8,0.38,5.38,0.79,8,0.38,4.38,0.69,3,0.67,12.67,1.6
2023,843,Rashee Rice,KC,WR,1,1,DET,13.750000000000002,18.51851851851852,11,0.45,2.64,1.08,6,0.5,0.17,1.18,4,0.5,7,1.2,6,0.5,4.17,0.58,5,0.4,0.8,1.68
2023,844,Marvin Jones,DET,WR,1,3,ATL,12.195121951219512,0,10,0,0,0,6,0,0,0,3,0,0,0,8,0,0,0,2,0,0,0
2023,845,C.J. Uzomah,NYJ,TE,1,4,KC,18.181818181818183,16.666666666666664,10,0.1,0.1,0.71,3,0.33,0.33,2.37,7,0,0,0,4,0,0,0,6,0.17,0.17,1.18
2023,846,C.J. Uzomah,NYJ,TE,1,6,PHI,18.181818181818183,16.666666666666664,10,0.1,0,0,3,0.33,0,0,7,0,0,0,6,0.17,0,0,4,0,0,0
2023,847,Chris Moore,TEN,WR,1,3,CLV,12.987012987012985,33.33333333333333,10,0.3,4.1,0.61,4,0.5,10.25,1.52,6,0.17,0,0,6,0.33,6.83,1.02,4,0.25,0,0
2023,848,Chris Moore,TEN,WR,1,6,BLT,12.987012987012985,11.11111111111111,10,0.1,0.6,0.16,1,0,0,0,8,0.13,0.75,0.2,3,0,0,0,7,0.14,0.86,0.23
2023,849,Mack Hollins,ATL,WR,1,5,HST,8.547008547008547,8.695652173913043,10,0.2,2.9,0.49,2,0,0,0,8,0.25,3.63,0.61,8,0.13,2.38,0.36,2,0.5,5,1
2023,850,Mack Hollins,ATL,WR,1,6,WAS,8.547008547008547,17.391304347826086,10,0.4,4.1,0.71,2,0.5,3.5,0.85,8,0.38,4.25,0.68,5,0.6,6.8,1.08,5,0.2,1.4,0.34
2023,851,Robert Tonyan,CHI,TE,1,2,TB,23.25581395348837,28.57142857142857,10,0.2,0,0,2,0.5,0,0,8,0.13,0,0,6,0.17,0,0,4,0.25,0,0
2023,852,Will Dissly,SEA,TE,1,4,NYG,20.833333333333336,0,10,0,0,0,3,0,0,0,7,0,0,0,4,0,0,0,6,0,0,0
2023,853,Ian Thomas,CAR,TE,1,4,MIN,32.25806451612903,25,10,0.1,0,0,3,0.33,0,0,6,0,0,0,5,0.2,0,0,5,0,0,0
2023,854,Cedrick Wilson,MIA,WR,1,4,BUF,31.25,33.33333333333333,10,0.2,1.6,0.26,0,0,0,0,10,0.2,1.6,0.26,2,0,0,0,8,0.25,2,0.33
2023,855,Cedrick Wilson,MIA,WR,1,5,NYG,31.25,66.66666666666666,10,0.4,5.2,0.92,0,0,0,0,9,0.44,5.78,1.02,1,0,0,0,9,0.44,5.78,1.02
2023,856,Trent Sherfield,BUF,WR,1,2,LV,19.230769230769234,0,10,0,0,0,5,0,0,0,5,0,0,0,7,0,0,0,3,0,0,0
2023,857,Mike Gesicki,NE,TE,1,5,NO,9.090909090909092,20,10,0.4,1.7,0.37,5,0.4,1.6,0.36,5,0.4,1.8,0.38,6,0.5,1.33,0.3,4,0.25,2.25,0.47
2023,858,Foster Moreau,NO,TE,1,5,NE,25.64102564102564,14.285714285714285,10,0.1,0.6,0.76,3,0,0,0,6,0,0,0,6,0,0,0,4,0.25,1.5,1.9
2023,859,Mecole Hardman,NYJ,WR,1,2,DAL,50,50,10,0.1,0.6,0.16,2,0,0,0,8,0.13,0.75,0.2,5,0,0,0,5,0.2,1.2,0.32
2023,860,Deonte Harty,BUF,WR,1,4,MIA,15.873015873015872,14.285714285714285,10,0.2,1,0.3,0,0,0,0,9,0.22,1.11,0.33,2,0.5,1.5,0.65,8,0.13,0.88,0.21
2023,861,Scott Miller,ATL,WR,1,5,HST,21.73913043478261,50,10,0.2,1,0.3,0,0,0,0,10,0.2,1,0.3,6,0.17,0.5,0.22,4,0.25,1.75,0.42
2023,862,Trenton Irwin,CIN,WR,1,6,SEA,14.084507042253522,0,10,0,0,0,3,0,0,0,7,0,0,0,4,0,0,0,6,0,0,0
2023,863,Lil'Jordan Humphrey,DEN,WR,1,2,WAS,20,40,10,0.2,0.4,0.14,2,0,0,0,5,0.2,0,0,1,0,0,0,9,0.22,0.44,0.16
2023,864,Harrison Bryant,CLV,TE,1,2,PIT,27.77777777777778,33.33333333333333,10,0.2,0,0,2,0,0,0,8,0.25,0,0,5,0.2,0,0,5,0.2,0,0
2023,865,Laviska Shenault,CAR,WR,1,1,ATL,27.77777777777778,33.33333333333333,10,0.2,1.6,0.36,2,0,0,0,8,0.25,2,0.45,3,0,0,0,7,0.29,2.29,0.51
2023,866,Devin Duvernay,BLT,WR,1,3,IND,20.408163265306122,14.285714285714285,10,0.1,0,0,5,0,0,0,3,0,0,0,7,0.14,0,0,3,0,0,0
2023,867,Dyami Brown,WAS,WR,1,3,BUF,13.157894736842104,9.090909090909092,10,0.1,0,0,3,0,0,0,6,0.17,0,0,5,0.2,0,0,5,0,0,0
2023,868,John Bates,WAS,TE,1,5,CHI,17.543859649122805,22.22222222222222,10,0.2,1.9,0.39,0,0,0,0,9,0.22,2.11,0.43,0,0,0,0,10,0.2,1.9,0.39
2023,869,Jack Stoll,PHI,TE,1,3,TB,28.57142857142857,66.66666666666666,10,0.2,0.6,0.16,5,0.2,1.2,0.32,5,0.2,0,0,5,0.2,1.2,0.32,5,0.2,0,0
2023,870,Jack Stoll,PHI,TE,1,6,NYJ,28.57142857142857,0,10,0,0,0,1,0,0,0,9,0,0,0,3,0,0,0,7,0,0,0
2023,871,Brock Wright,DET,TE,1,4,GB,18.867924528301888,0,10,0,0,0,3,0,0,0,7,0,0,0,8,0,0,0,2,0,0,0
2023,872,Ben Skowronek,LA,WR,1,2,SF,40,20,10,0.1,1,0.2,2,0.5,5,1,7,0,0,0,6,0.17,1.67,0.33,4,0,0,0
2023,873,Kadarius Toney,KC,WR,1,4,NYJ,14.492753623188406,8.333333333333332,10,0.2,2.2,0.42,2,0.5,7.5,1.25,8,0.13,0.88,0.21,2,0.5,7.5,1.25,8,0.13,0.88,0.21
2023,874,Samori Toure,GB,WR,1,1,CHI,21.27659574468085,33.33333333333333,10,0.3,1.8,0.38,1,0,0,0,9,0.33,2,0.42,4,0.25,0.5,0.3,6,0.33,2.67,0.43
2023,875,Justyn Ross,KC,WR,1,3,CHI,33.33333333333333,16.666666666666664,10,0.1,0,0,2,0,0,0,6,0.17,0,0,3,0,0,0,7,0.14,0,0
2023,876,Brandon Johnson,DEN,WR,1,4,CHI,10.1010101010101,8.333333333333332,10,0.1,0.4,0.74,0,0,0,0,9,0,0,0,5,0,0,0,5,0.2,0.8,1.48
2023,877,Stone Smartt,LAC,TE,1,3,MIN,34.48275862068966,0,10,0,0,0,7,0,0,0,2,0,0,0,8,0,0,0,2,0,0,0
2023,878,Deven Thompkins,TB,WR,1,1,MIN,15.625,20,10,0.3,1,0.3,1,0,0,0,9,0.33,1.11,0.33,3,0.33,0,0,7,0.29,1.43,0.43
2023,879,Deven Thompkins,TB,WR,1,6,DET,15.625,26.666666666666668,10,0.4,-0.2,0.18,1,1,0,0,9,0.33,-0.22,0.2,6,0.33,0,0,4,0.5,-0.5,0.45
2023,880,Peyton Hendershot,DAL,TE,1,2,NYJ,28.57142857142857,0,10,0,0,0,4,0,0,0,5,0,0,0,6,0,0,0,4,0,0,0
2023,881,Jake Bobo,SEA,WR,1,3,CAR,23.25581395348837,40,10,0.2,0.5,0.75,3,0.33,1.67,2.5,7,0.14,0,0,5,0,0,0,5,0.4,1,1.5
2023,882,Rakim Jarrett,TB,WR,1,2,CHI,55.55555555555556,100,10,0.1,0.7,0.17,0,0,0,0,10,0.1,0.7,0.17,5,0,0,0,5,0.2,1.4,0.34
2023,883,Tyler Scott,CHI,WR,1,2,TB,18.51851851851852,0,10,0,0,0,1,0,0,0,9,0,0,0,5,0,0,0,5,0,0,0
2023,884,Marvin Mims,DEN,WR,1,1,LV,17.857142857142858,16.666666666666664,10,0.2,0.9,0.29,3,0,0,0,7,0.29,1.29,0.41,6,0,0,0,4,0.5,2.25,0.72
2023,885,Marvin Mims,DEN,WR,1,4,CHI,17.857142857142858,16.666666666666664,10,0.2,4.7,0.67,1,0,0,0,9,0.22,5.22,0.74,3,0.33,-0.33,0.3,7,0.14,6.86,0.83
2023,886,Marvin Jones,DET,WR,1,4,GB,10.975609756097562,11.11111111111111,9,0.11,0,0,2,0,0,0,7,0.14,0,0,4,0,0,0,5,0.2,0,0
2023,887,C.J. Uzomah,NYJ,TE,1,3,NE,16.363636363636363,33.33333333333333,9,0.22,1,0.21,2,0,0,0,7,0.29,1.29,0.27,3,0,0,0,6,0.33,1.5,0.32
2023,888,Ty Montgomery,NE,WR,1,5,NO,47.368421052631575,50,9,0.44,0.56,0.17,4,0.25,0,0,5,0.6,1,0.3,4,0.25,0,0,5,0.6,1,0.3
2023,889,Sterling Shepard,NYG,WR,1,1,DAL,30,20,9,0.11,0,0,5,0.2,0,0,4,0,0,0,8,0.13,0,0,1,0,0,0
2023,890,Sterling Shepard,NYG,WR,1,5,MIA,30,40,9,0.22,1.44,0.26,2,0,0,0,7,0.29,1.86,0.33,3,0,0,0,6,0.33,2.17,0.38
2023,891,Austin Hooper,LV,TE,1,6,NE,9,22.22222222222222,9,0.22,2.11,0.43,3,0.33,4,0.73,6,0.17,1.17,0.28,7,0.29,2.71,0.56,2,0,0,0
2023,892,Robbie Chosen,MIA,WR,1,4,BUF,29.03225806451613,50,9,0.11,0,0,0,0,0,0,9,0.11,0,0,2,0,0,0,7,0.14,0,0
2023,893,Robert Tonyan,CHI,TE,1,5,WAS,20.930232558139537,28.57142857142857,9,0.22,1.11,0.33,4,0.25,1.75,0.42,5,0.2,0.6,0.26,6,0.17,1.17,0.28,3,0.33,1,0.43
2023,894,Byron Pringle,WAS,WR,1,4,PHI,32.142857142857146,40,9,0.22,1.67,0.28,7,0.29,2.14,0.36,1,0,0,0,8,0.25,1.88,0.31,1,0,0,0
2023,895,Byron Pringle,WAS,WR,1,5,CHI,32.142857142857146,40,9,0.22,1.11,0.22,0,0,0,0,9,0.22,1.11,0.22,2,0.5,0,0,7,0.14,1.43,0.29
2023,896,Foster Moreau,NO,TE,1,1,TEN,23.076923076923077,0,9,0,0,0,3,0,0,0,6,0,0,0,3,0,0,0,6,0,0,0
2023,897,Hunter Renfrow,LV,WR,1,1,DEN,9.090909090909092,0,9,0,0,0,4,0,0,0,3,0,0,0,4,0,0,0,5,0,0,0
2023,898,Deonte Harty,BUF,WR,1,2,LV,14.285714285714285,14.285714285714285,9,0.22,0.44,0.27,3,0,0,0,6,0.33,0.67,0.4,4,0.25,2,0.45,5,0.2,-0.8,0.12
2023,899,Deonte Harty,BUF,WR,1,3,WAS,14.285714285714285,21.428571428571427,9,0.33,1.67,0.39,1,0,0,0,8,0.38,1.88,0.44,0,0,0,0,9,0.33,1.67,0.39
2023,900,Deonte Harty,BUF,WR,1,6,NYG,14.285714285714285,7.142857142857142,9,0.11,0.33,0.81,4,0,0,0,4,0,0,0,5,0,0,0,4,0.25,0.75,1.82
2023,901,Josh Oliver,MIN,TE,1,5,KC,21.951219512195124,20,9,0.22,1.67,0.28,1,0,0,0,8,0.25,1.88,0.31,0,0,0,0,9,0.22,1.67,0.28
2023,902,Kristian Wilkerson,LV,WR,1,1,DEN,34.61538461538461,0,9,0,0,0,3,0,0,0,5,0,0,0,5,0,0,0,4,0,0,0
2023,903,Harrison Bryant,CLV,TE,1,3,TEN,25,0,9,0,0,0,3,0,0,0,6,0,0,0,6,0,0,0,3,0,0,0
2023,904,Darnell Mooney,CHI,WR,1,2,TB,5.921052631578947,0,9,0,0,0,1,0,0,0,8,0,0,0,6,0,0,0,3,0,0,0
2023,905,Devin Duvernay,BLT,WR,1,2,CIN,18.367346938775512,42.857142857142854,9,0.33,0,0,7,0.43,0,0,2,0,0,0,8,0.38,0,0,1,0,0,0
2023,906,Dyami Brown,WAS,WR,1,1,ARZ,11.842105263157894,0,9,0,0,0,1,0,0,0,7,0,0,0,1,0,0,0,8,0,0,0
2023,907,Brock Wright,DET,TE,1,5,CAR,16.9811320754717,50,9,0.33,1.78,0.51,1,1,2,1.2,7,0.29,2,0.49,7,0.29,2,0.49,2,0.5,1,0.6
2023,908,Jameson Williams,DET,WR,1,6,TB,40.909090909090914,50,9,0.33,5.89,1.48,1,1,0,0,8,0.25,6.63,1.66,5,0.4,9,2.3,4,0.25,2,0.45
2023,909,David Bell,CLV,WR,1,2,PIT,37.5,42.857142857142854,9,0.33,3,0.63,3,0.67,6.33,1.3,6,0.17,1.33,0.3,7,0.43,3.86,0.81,2,0,0,0
2023,910,Andrew Ogletree,IND,TE,1,5,TEN,18.367346938775512,18.181818181818183,9,0.22,1.78,0.4,4,0.25,3.25,0.57,5,0.2,0.6,0.26,5,0.2,2.6,0.46,4,0.25,0.75,0.33
2023,911,Ko Kieft,TB,TE,1,1,MIN,40.909090909090914,100,9,0.22,0,0,1,0,0,0,8,0.25,0,0,6,0.17,0,0,3,0.33,0,0
2023,912,Brandon Johnson,DEN,WR,1,6,KC,9.090909090909092,8.333333333333332,9,0.11,0,0,5,0.2,0,0,4,0,0,0,4,0.25,0,0,5,0,0,0
2023,913,Stone Smartt,LAC,TE,1,2,TEN,31.03448275862069,50,9,0.11,2.67,0.38,3,0,0,0,4,0.25,6,0.85,4,0.25,6,0.85,5,0,0,0
2023,914,Jalen Tolbert,DAL,WR,1,5,SF,14.285714285714285,0,9,0,0,0,3,0,0,0,6,0,0,0,4,0,0,0,5,0,0,0
2023,915,Trey McBride,ARZ,TE,1,1,WAS,15,14.285714285714285,9,0.22,2.56,0.48,1,0,0,0,8,0.25,2.88,0.54,4,0.25,2.5,0.5,5,0.2,2.6,0.46
2023,916,Kavontae Turpin,DAL,WR,1,2,NYJ,39.130434782608695,16.666666666666664,9,0.11,1,0.21,1,1,9,1.9,8,0,0,0,5,0.2,1.8,0.38,4,0,0,0
2023,917,Quentin Johnston,LAC,WR,1,2,TEN,11.842105263157894,15.384615384615385,9,0.22,0.78,0.19,5,0.2,0,0,4,0.25,1.75,0.42,7,0.29,1,0.24,2,0,0,0
2023,918,Tre Tucker,LV,WR,1,3,PIT,18,0,9,0,0,0,4,0,0,0,5,0,0,0,6,0,0,0,3,0,0,0
2023,919,Ronnie Bell,SF,WR,1,3,NYG,45,50,9,0.22,2.67,1.16,4,0.25,2.25,1.98,5,0.2,3,0.5,3,0,0,0,6,0.33,4,1.73
2023,920,Tyler Scott,CHI,WR,1,1,GB,16.666666666666664,22.22222222222222,9,0.22,1.56,0.38,0,0,0,0,9,0.22,1.56,0.38,8,0.13,1.13,0.24,1,1,5,1.5
2023,921,Michael Mayer,LV,TE,1,2,BUF,11.11111111111111,9.090909090909092,9,0.11,0.22,0.13,0,0,0,0,9,0.11,0.22,0.13,2,0,0,0,7,0.14,0.29,0.17
2023,922,Rashee Rice,KC,WR,1,5,MIN,11.25,18.51851851851852,9,0.56,3.67,1.48,2,0.5,4,3.9,6,0.5,4.17,0.92,4,0.5,4,2.4,5,0.6,3.4,0.74
2023,923,Jimmy Graham,NO,TE,1,3,GB,16.3265306122449,50,8,0.13,1,0.97,0,0,0,0,7,0,0,0,6,0,0,0,2,0.5,4,3.9
2023,924,Jimmy Graham,NO,TE,1,5,NE,16.3265306122449,50,8,0.13,0,0,1,0,0,0,7,0.14,0,0,5,0,0,0,3,0.33,0,0
2023,925,Marquise Goodwin,CLV,WR,1,1,CIN,27.586206896551722,28.57142857142857,8,0.25,0,0,2,0.5,0,0,6,0.17,0,0,5,0,0,0,3,0.67,0,0
2023,926,Blake Bell,KC,TE,1,1,DET,40,100,8,0.38,1.5,1.15,2,0,0,0,5,0.4,1.6,0.36,2,0,0,0,6,0.5,2,1.53
2023,927,C.J. Uzomah,NYJ,TE,1,1,BUF,14.545454545454545,0,8,0,0,0,0,0,0,0,7,0,0,0,3,0,0,0,5,0,0,0
2023,928,Geoff Swaim,ARZ,TE,1,2,NYG,36.36363636363637,0,8,0,0,0,3,0,0,0,5,0,0,0,7,0,0,0,1,0,0,0
2023,929,Kalif Raymond,DET,WR,1,1,KC,10,5.88235294117647,8,0.13,2.5,0.38,3,0,0,0,5,0.2,4,0.6,6,0.17,3.33,0.5,2,0,0,0
2023,930,Zach Pascal,ARZ,WR,1,4,SF,27.586206896551722,50,8,0.5,1.25,0.5,1,1,9,1.9,6,0.33,0.83,0.25,1,1,9,1.9,7,0.43,0.14,0.3
2023,931,Pharaoh Brown,NE,TE,1,4,DAL,40,0,8,0,0,0,3,0,0,0,4,0,0,0,7,0,0,0,1,0,0,0
2023,932,KhaDarel Hodge,ATL,WR,1,4,JAX,14.814814814814813,40,8,0.25,2.38,0.49,1,1,10,2,7,0.14,1.29,0.27,7,0.29,2.71,0.56,1,0,0,0
2023,933,Josh Oliver,MIN,TE,1,3,LAC,19.51219512195122,20,8,0.25,0.5,1.05,1,0,0,0,6,0.17,0,0.17,6,0.33,0.67,1.4,2,0,0,0
2023,934,Drew Sample,CIN,TE,1,3,LA,24.242424242424242,50,8,0.13,0.88,0.21,1,0,0,0,7,0.14,1,0.24,4,0,0,0,4,0.25,1.75,0.42
2023,935,Drew Sample,CIN,TE,1,6,SEA,24.242424242424242,0,8,0,0,0,0,0,0,0,8,0,0,0,5,0,0,0,3,0,0,0
2023,936,Mitchell Wilcox,CIN,TE,1,4,TEN,29.629629629629626,25,8,0.13,0.88,0.21,1,0,0,0,7,0.14,1,0.24,4,0,0,0,4,0.25,1.75,0.42
2023,937,Isaiah Hodgins,NYG,WR,1,6,BUF,7.207207207207207,0,8,0,0,0,3,0,0,0,4,0,0,0,3,0,0,0,5,0,0,0
2023,938,Colby Parkinson,SEA,TE,1,1,LA,12.121212121212121,14.285714285714285,8,0.25,1,0.23,1,0,0,0,7,0.29,1.14,0.26,2,0,0,0,6,0.33,1.33,0.3
2023,939,Colby Parkinson,SEA,TE,1,4,NYG,12.121212121212121,7.142857142857142,8,0.13,0,0,2,0,0,0,5,0.2,0,0,2,0.5,0,0,6,0,0,0
2023,940,Jauan Jennings,SF,WR,1,5,DAL,11.594202898550725,8.333333333333332,8,0.13,2.38,0.36,1,0,0,0,6,0.17,3.17,0.48,4,0.25,4.75,0.72,4,0,0,0
2023,941,Jalen Reagor,NE,WR,1,6,LV,100,0,8,0,0,0,0,0,0,0,8,0,0,0,5,0,0,0,3,0,0,0
2023,942,Brevin Jordan,HST,TE,1,2,IND,36.36363636363637,40,8,0.25,3.38,0.59,1,0,0,0,7,0.29,3.86,0.67,5,0.2,2.2,0.42,3,0.33,5.33,0.87
2023,943,Samori Toure,GB,WR,1,2,ATL,17.02127659574468,22.22222222222222,8,0.25,0.75,0.2,1,0,0,0,7,0.29,0.86,0.23,4,0.25,0,0,4,0.25,1.5,0.4
2023,944,Andrew Ogletree,IND,TE,1,3,BLT,16.3265306122449,18.181818181818183,8,0.25,1.38,0.26,4,0.25,0,0,4,0.25,2.75,0.53,7,0.29,1.57,0.3,1,0,0,0
2023,945,Andrew Ogletree,IND,TE,1,4,LA,16.3265306122449,36.36363636363637,8,0.5,6,1.73,3,0.33,0,0,4,0.5,10.75,1.57,5,0.6,5.2,2.12,3,0.33,7.33,1.07
2023,946,Connor Heyward,PIT,TE,1,4,HST,20,0,8,0,0,0,0,0,0,0,7,0,0,0,2,0,0,0,6,0,0,0
2023,947,Trey McBride,ARZ,TE,1,4,SF,13.333333333333334,7.142857142857142,8,0.13,0.63,0.19,1,0,0,0,6,0.17,0.83,0.25,3,0,0,0,5,0.2,1,0.3
2023,948,Trey McBride,ARZ,TE,1,5,CIN,13.333333333333334,21.428571428571427,8,0.38,2.13,0.46,1,0,0,0,7,0.43,2.43,0.53,6,0.5,2.83,0.62,2,0,0,0
2023,949,Erik Ezukanma,MIA,WR,1,1,LAC,72.72727272727273,0,8,0,0,0,0,0,0,0,7,0,0,0,5,0,0,0,3,0,0,0
2023,950,Daniel Bellinger,NYG,TE,1,3,SF,18.181818181818183,25,8,0.13,1,0.23,1,0,0,0,7,0.14,1.14,0.26,4,0.25,2,0.45,4,0,0,0
2023,951,Wan'Dale Robinson,NYG,WR,1,3,SF,8.791208791208792,20,8,0.63,2.63,0.76,2,1,3.5,0.85,6,0.5,2.33,0.73,4,0.75,2.75,0.78,4,0.5,2.5,0.75
2023,952,Malik Heath,GB,WR,1,1,CHI,42.10526315789473,25,8,0.13,0,0,0,0,0,0,8,0.13,0,0,3,0.33,0,0,5,0,0,0
2023,953,Darnell Washington,PIT,TE,1,4,HST,15.384615384615385,33.33333333333333,8,0.13,1.25,0.25,0,0,0,0,7,0.14,1.43,0.29,5,0.2,2,0.4,3,0,0,0
2023,954,Cedric Tillman,CLV,WR,1,4,BLT,42.10526315789473,100,8,0.38,0.63,0.19,5,0.4,1,0.3,3,0.33,0,0,4,0.25,1.25,0.38,4,0.5,0,0
2023,955,Luke Musgrave,GB,TE,1,4,DET,7.339449541284404,0,8,0,0,0,2,0,0,0,6,0,0,0,6,0,0,0,2,0,0,0
2023,956,Marquise Goodwin,CLV,WR,1,2,PIT,24.137931034482758,28.57142857142857,7,0.29,0,0,2,0,0,0,5,0.4,0,0,5,0.2,0,0,2,0.5,0,0
2023,957,Nelson Agholor,BLT,WR,1,1,HST,5.833333333333333,0,7,0,0,0,1,0,0,0,5,0,0,0,5,0,0,0,2,0,0,0
2023,958,Jamison Crowder,WAS,WR,1,5,CHI,87.5,100,7,0.29,3,0.59,0,0,0,0,7,0.29,3,0.59,3,0.33,3.67,0.7,4,0.25,2.5,0.5
2023,959,C.J. Uzomah,NYJ,TE,1,2,DAL,12.727272727272727,0,7,0,0,0,3,0,0,0,4,0,0,0,5,0,0,0,2,0,0,0
2023,960,Zach Pascal,ARZ,WR,1,2,NYG,24.137931034482758,12.5,7,0.14,1.29,0.27,2,0,0,0,4,0.25,2.25,0.47,4,0.25,2.25,0.47,3,0,0,0
2023,961,Robert Tonyan,CHI,TE,1,6,MIN,16.27906976744186,14.285714285714285,7,0.14,1.57,0.3,2,0,0,0,5,0.2,2.2,0.42,5,0.2,2.2,0.42,2,0,0,0
2023,962,Will Dissly,SEA,TE,1,1,LA,14.583333333333334,33.33333333333333,7,0.29,2.43,0.53,0,0,0,0,7,0.29,2.43,0.53,3,0.33,3.33,0.67,4,0.25,1.75,0.42
2023,963,Keith Kirkwood,NO,WR,1,1,TEN,30.434782608695656,25,7,0.14,0,0,1,0,0,0,5,0.2,0,0,4,0.25,0,0,3,0,0,0
2023,964,Ian Thomas,CAR,TE,1,2,NO,22.58064516129032,0,7,0,0,0,3,0,0,0,4,0,0,0,5,0,0,0,2,0,0,0
2023,965,Ray-Ray McCloud,SF,WR,1,4,ARZ,13.461538461538462,40,7,0.29,3.14,0.6,2,0,0,0,5,0.4,4.4,0.84,5,0.2,1.6,0.36,2,0.5,7,1.2
2023,966,Cedrick Wilson,MIA,WR,1,3,DEN,21.875,0,7,0,0,0,2,0,0,0,4,0,0,0,5,0,0,0,2,0,0,0
2023,967,David Wells,TB,TE,1,2,CHI,70,100,7,0.29,-1.43,0.14,0,0,0,0,7,0.29,-1.43,0.14,3,0.67,-3.33,0.33,4,0,0,0
2023,968,KhaDarel Hodge,ATL,WR,1,3,DET,12.962962962962962,20,7,0.14,2.14,0.36,3,0.33,5,0.83,4,0,0,0,5,0.2,3,0.5,2,0,0,0
2023,969,Foster Moreau,NO,TE,1,2,CAR,17.94871794871795,28.57142857142857,7,0.29,2.86,0.57,0,0,0,0,7,0.29,2.86,0.57,4,0.5,5,1,3,0,0,0
2023,970,Scott Miller,ATL,WR,1,4,JAX,15.217391304347828,0,7,0,0,0,2,0,0,0,5,0,0,0,5,0,0,0,2,0,0,0
2023,971,Trenton Irwin,CIN,WR,1,2,BLT,9.859154929577464,0,7,0,0,0,4,0,0,0,1,0,0,0,2,0,0,0,5,0,0,0
2023,972,Noah Fant,SEA,TE,1,4,NYG,9.45945945945946,16.666666666666664,7,0.29,9,1.19,3,0,0,0,4,0.5,15.75,2.08,5,0,0,0,2,1,31.5,4.15
2023,973,Lawrence Cager,NYG,TE,1,1,DAL,70,100,7,0.29,2.43,0.53,2,0,0,0,5,0.4,3.4,0.74,5,0.2,1.8,0.38,2,0.5,4,0.9
2023,974,Laviska Shenault,CAR,WR,1,5,DET,19.444444444444446,0,7,0,0,0,2,0,0,0,4,0,0,0,5,0,0,0,2,0,0,0
2023,975,Luke Farrell,JAX,TE,1,6,IND,21.875,0,7,0,0,0,0,0,0,0,6,0,0,0,4,0,0,0,3,0,0,0
2023,976,Tommy Tremble,CAR,TE,1,1,ATL,13.725490196078432,0,7,0,0,0,4,0,0,0,3,0,0,0,4,0,0,0,3,0,0,0
2023,977,Tommy Tremble,CAR,TE,1,4,MIN,13.725490196078432,0,7,0,0,0,0,0,0,0,7,0,0,0,5,0,0,0,2,0,0,0
2023,978,Tommy Tremble,CAR,TE,1,5,DET,13.725490196078432,25,7,0.14,0.14,1.01,4,0.25,0.25,1.77,2,0,0,0,4,0,0,0,3,0.33,0.33,2.37
2023,979,Cole Turner,WAS,TE,1,5,CHI,13.725490196078432,8.333333333333332,7,0.14,1.29,0.27,0,0,0,0,7,0.14,1.29,0.27,3,0,0,0,4,0.25,2.25,0.47
2023,980,Samori Toure,GB,WR,1,4,DET,14.893617021276595,11.11111111111111,7,0.14,5,0.64,0,0,0,0,7,0.14,5,0.64,5,0,0,0,2,0.5,17.5,2.25
2023,981,David Bell,CLV,WR,1,6,SF,29.166666666666668,42.857142857142854,7,0.43,0.86,0.23,0,0,0,0,7,0.43,0.86,0.23,1,0,0,0,6,0.5,1,0.27
2023,982,Khalil Shakir,BUF,WR,1,2,LV,25,20,7,0.14,1.57,1.16,3,0.33,3.67,2.7,2,0,0,0,4,0.25,2.75,2.02,3,0,0,0
2023,983,Andrew Ogletree,IND,TE,1,1,JAX,14.285714285714285,18.181818181818183,7,0.29,2.86,0.43,2,0.5,10,1.5,5,0.2,0,0,4,0.25,5,0.75,3,0.33,0,0
2023,984,John Metchie,HST,WR,1,2,IND,17.94871794871795,14.285714285714285,7,0.14,2.43,0.39,0,0,0,0,5,0,0,0,6,0.17,2.83,0.45,1,0,0,0
2023,985,Jalen Tolbert,DAL,WR,1,4,NE,11.11111111111111,44.44444444444444,7,0.57,7.57,1.33,1,1,18,2.8,5,0.6,7,1.3,6,0.67,8.83,1.55,1,0,0,0
2023,986,Jalen Tolbert,DAL,WR,1,6,LAC,11.11111111111111,0,7,0,0,0,4,0,0,0,3,0,0,0,3,0,0,0,4,0,0,0
2023,987,Kavontae Turpin,DAL,WR,1,4,NE,30.434782608695656,16.666666666666664,7,0.14,0.71,0.21,1,0,0,0,6,0.17,0.83,0.25,5,0.2,1,0.3,2,0,0,0
2023,988,Jeremy Ruckert,NYJ,TE,1,6,PHI,26.923076923076923,25,7,0.14,1.14,0.26,1,0,0,0,6,0.17,1.33,0.3,5,0,0,0,2,0.5,4,0.9
2023,989,Isaiah Likely,BLT,TE,1,2,CIN,17.5,25,7,0.14,1.14,0.26,0,0,0,0,7,0.14,1.14,0.26,3,0.33,2.67,0.6,4,0,0,0
2023,990,Daniel Bellinger,NYG,TE,1,2,ARZ,15.909090909090908,0,7,0,0,0,0,0,0,0,5,0,0,0,1,0,0,0,6,0,0,0
2023,991,Daniel Bellinger,NYG,TE,1,5,MIA,15.909090909090908,25,7,0.14,1,0.24,1,0,0,0,6,0.17,1.17,0.28,3,0,0,0,4,0.25,1.75,0.42
2023,992,Will Mallory,IND,TE,1,6,JAX,53.84615384615385,33.33333333333333,7,0.14,0,0,2,0,0,0,5,0.2,0,0,6,0.17,0,0,1,0,0,0
2023,993,Malik Heath,GB,WR,1,3,NO,36.84210526315789,50,7,0.29,0,0,4,0,0,0,3,0.67,0,0,3,0,0,0,4,0.5,0,0
2023,994,Darnell Washington,PIT,TE,1,3,LV,13.461538461538462,0,7,0,0,0,4,0,0,0,3,0,0,0,5,0,0,0,2,0,0,0
2023,995,Julian Hill,MIA,TE,1,6,CAR,29.166666666666668,0,7,0,0,0,0,0,0,0,7,0,0,0,6,0,0,0,1,0,0,0
2023,996,Jake Bobo,SEA,WR,1,1,LA,16.27906976744186,0,7,0,0,0,2,0,0,0,5,0,0,0,5,0,0,0,2,0,0,0
2023,997,Brenton Strange,JAX,TE,1,3,HST,25,33.33333333333333,7,0.29,1,0.39,0,0,0,0,7,0.29,1,0.39,3,0,0,0,4,0.5,1.75,0.68
2023,998,Brenton Strange,JAX,TE,1,6,IND,25,50,7,0.43,3.86,1.53,0,0,0,0,6,0.33,2.83,0.45,5,0.4,3.4,0.54,2,0.5,5,4
2023,999,Tyler Scott,CHI,WR,1,4,DEN,12.962962962962962,0,7,0,0,0,2,0,0,0,5,0,0,0,3,0,0,0,4,0,0,0
2023,1000,Marvin Mims,DEN,WR,1,6,KC,12.5,0,7,0,0,0,2,0,0,0,5,0,0,0,2,0,0,0,5,0,0,0
2023,1001,Michael Mayer,LV,TE,1,1,DEN,8.641975308641975,0,7,0,0,0,2,0,0,0,5,0,0,0,6,0,0,0,1,0,0,0
2023,1002,Marquise Goodwin,CLV,WR,1,6,SF,20.689655172413794,28.57142857142857,6,0.33,0.67,0.23,1,1,0,0,5,0.2,0.8,0.28,2,1,2,0.7,4,0,0,0
2023,1003,Chris Manhertz,DEN,TE,1,1,LV,30,0,6,0,0,0,0,0,0,0,6,0,0,0,4,0,0,0,2,0,0,0
2023,1004,DeAndre Carter,LV,WR,1,5,GB,25,20,6,0.17,0,0,1,0,0,0,4,0,0,0,4,0,0,0,2,0.5,0,0
2023,1005,Geoff Swaim,ARZ,TE,1,5,CIN,27.27272727272727,66.66666666666666,6,0.33,3.67,0.7,1,0,0,0,5,0.4,4.4,0.84,5,0.2,2.2,0.42,1,1,11,2.1
2023,1006,Sterling Shepard,NYG,WR,1,2,ARZ,20,20,6,0.17,0.67,0.23,2,0.5,2,0.7,3,0,0,0,4,0,0,0,2,0.5,2,0.7
2023,1007,Mo Alie-Cox,IND,TE,1,5,TEN,18.181818181818183,20,6,0.17,2.83,0.45,2,0.5,8.5,1.35,4,0,0,0,1,1,17,2.7,5,0,0,0
2023,1008,Zach Pascal,ARZ,WR,1,6,LA,20.689655172413794,12.5,6,0.17,0,0,0,0,0,0,6,0.17,0,0,1,0,0,0,5,0.2,0,0
2023,1009,Jamal Agnew,JAX,WR,1,5,BUF,9.090909090909092,0,6,0,0,0,2,0,0,0,3,0,0,0,3,0,0,0,3,0,0,0
2023,1010,River Cracraft,MIA,WR,1,2,NE,20,25,6,0.33,5.67,0.9,0,0,0,0,6,0.33,5.67,0.9,2,0.5,11,1.6,4,0.25,3,0.55
2023,1011,Keith Kirkwood,NO,WR,1,6,HST,26.08695652173913,0,6,0,0,0,1,0,0,0,5,0,0,0,3,0,0,0,3,0,0,0
2023,1012,Jordan Akins,CLV,TE,1,1,CIN,27.27272727272727,25,6,0.17,2,0.37,1,0,0,0,5,0.2,2.4,0.44,6,0.17,2,0.37,0,0,0,0
2023,1013,Jordan Akins,CLV,TE,1,4,BLT,27.27272727272727,25,6,0.17,1,0.27,2,0,0,0,4,0.25,1.5,0.4,3,0.33,2,0.53,3,0,0,0
2023,1014,Ian Thomas,CAR,TE,1,3,SEA,19.35483870967742,25,6,0.17,1.33,0.3,1,0,0,0,5,0.2,1.6,0.36,3,0,0,0,3,0.33,2.67,0.6
2023,1015,Trent Sherfield,BUF,WR,1,1,NYJ,11.538461538461538,0,6,0,0,0,0,0,0,0,6,0,0,0,1,0,0,0,5,0,0,0
2023,1016,Trent Sherfield,BUF,WR,1,5,JAX,11.538461538461538,12.5,6,0.17,0.5,0.22,1,0,0,0,5,0.2,0.6,0.26,3,0,0,0,3,0.33,1,0.43
2023,1017,Durham Smythe,MIA,TE,1,3,DEN,4.477611940298507,6.666666666666667,6,0.17,2.5,0.42,3,0.33,5,0.83,3,0,0,0,2,0,0,0,4,0.25,3.75,0.63
2023,1018,Keelan Doss,LAC,WR,1,6,DAL,85.71428571428571,0,6,0,0,0,3,0,0,0,3,0,0,0,4,0,0,0,2,0,0,0
2023,1019,Olamide Zaccheaus,PHI,WR,1,1,NE,5.042016806722689,0,6,0,0,0,4,0,0,0,2,0,0,0,6,0,0,0,0,0,0,0
2023,1020,Olamide Zaccheaus,PHI,WR,1,5,LA,5.042016806722689,0,6,0,0,0,2,0,0,0,4,0,0,0,2,0,0,0,4,0,0,0
2023,1021,Josh Oliver,MIN,TE,1,2,PHI,14.634146341463413,30,6,0.5,2.17,0.55,0,0,0,0,6,0.5,2.17,0.55,6,0.5,2.17,0.55,0,0,0,0
2023,1022,Scott Miller,ATL,WR,1,3,DET,13.043478260869565,0,6,0,0,0,2,0,0,0,4,0,0,0,5,0,0,0,1,0,0,0
2023,1023,Lil'Jordan Humphrey,DEN,WR,1,3,MIA,12,0,6,0,0,0,0,0,0,0,6,0,0,0,6,0,0,0,0,0,0,0
2023,1024,Drew Sample,CIN,TE,1,2,BLT,18.181818181818183,0,6,0,0,0,1,0,0,0,3,0,0,0,2,0,0,0,4,0,0,0
2023,1025,Drew Sample,CIN,TE,1,5,ARZ,18.181818181818183,0,6,0,0,0,1,0,0,0,5,0,0,0,3,0,0,0,3,0,0,0
2023,1026,Harrison Bryant,CLV,TE,1,1,CIN,16.666666666666664,33.33333333333333,6,0.33,0.83,1.42,1,0,0,0,4,0.25,0.5,0.3,5,0.2,0.4,0.24,1,1,3,7.3
2023,1027,Harrison Bryant,CLV,TE,1,6,SF,16.666666666666664,16.666666666666664,6,0.17,0,0,1,0,0,0,5,0.2,0,0,4,0,0,0,2,0.5,0,0
2023,1028,Laviska Shenault,CAR,WR,1,4,MIN,16.666666666666664,16.666666666666664,6,0.17,2,0.37,2,0,0,0,4,0.25,3,0.55,4,0.25,3,0.55,2,0,0,0
2023,1029,Lynn Bowden,NO,WR,1,4,TB,66.66666666666666,100,6,0.17,0,0,2,0,0,0,4,0.25,0,0,2,0.5,0,0,4,0,0,0
2023,1030,Brycen Hopkins,LA,TE,1,1,SEA,31.57894736842105,66.66666666666666,6,0.33,3.5,0.52,0,0,0,0,5,0.4,4.2,0.62,5,0.4,4.2,0.62,1,0,0,0
2023,1031,Charlie Woerner,SF,TE,1,5,DAL,40,0,6,0,0,0,2,0,0,0,4,0,0,0,5,0,0,0,1,0,0,0
2023,1032,Brevin Jordan,HST,TE,1,4,PIT,27.27272727272727,0,6,0,0,0,0,0,0,0,5,0,0,0,2,0,0,0,4,0,0,0
2023,1033,Dyami Brown,WAS,WR,1,6,ATL,7.894736842105263,9.090909090909092,6,0.17,0,0,3,0,0,0,3,0.33,0,0,3,0,0,0,3,0.33,0,0
2023,1034,Brock Wright,DET,TE,1,2,SEA,11.320754716981133,0,6,0,0,0,0,0,0,0,6,0,0,0,5,0,0,0,1,0,0,0
2023,1035,Brock Wright,DET,TE,1,3,ATL,11.320754716981133,0,6,0,0,0,1,0,0,0,5,0,0,0,3,0,0,0,3,0,0,0
2023,1036,Luke Farrell,JAX,TE,1,1,IND,18.75,0,6,0,0,0,1,0,0,0,5,0,0,0,5,0,0,0,1,0,0,0
2023,1037,Justyn Ross,KC,WR,1,5,MIN,20,66.66666666666666,6,0.67,4.67,0.8,2,0.5,0,0,4,0.75,7,1.2,5,0.6,1.6,0.36,1,1,20,3
2023,1038,Greg Dulcich,DEN,TE,1,6,KC,35.294117647058826,33.33333333333333,6,0.17,0.5,0.22,3,0.33,1,0.43,3,0,0,0,3,0.33,1,0.43,3,0,0,0
2023,1039,Khalil Shakir,BUF,WR,1,5,JAX,21.428571428571427,20,6,0.17,1.83,0.35,1,0,0,0,3,0.33,3.67,0.7,1,0,0,0,5,0.2,2.2,0.42
2023,1040,Isaiah Likely,BLT,TE,1,3,IND,15,50,6,0.33,3.33,0.5,1,0,0,0,5,0.4,4,0.6,3,0.33,6.67,1,3,0.33,0,0
2023,1041,Will Mallory,IND,TE,1,2,HST,46.15384615384615,66.66666666666666,6,0.33,8.17,1.15,0,0,0,0,6,0.33,8.17,1.15,4,0.25,10.75,1.32,2,0.5,3,0.8
2023,1042,Xavier Gipson,NYJ,WR,1,4,KC,40,100,6,0.17,0.67,0.23,1,0,0,0,4,0.25,1,0.35,1,0,0,0,5,0.2,0.8,0.28
2023,1043,Xavier Gipson,NYJ,WR,1,5,DEN,40,0,6,0,0,0,1,0,0,0,5,0,0,0,3,0,0,0,3,0,0,0
2023,1044,Darnell Washington,PIT,TE,1,2,CLV,11.538461538461538,0,6,0,0,0,3,0,0,0,3,0,0,0,5,0,0,0,1,0,0,0
2023,1045,Xavier Hutchinson,HST,WR,1,1,BLT,20,50,6,0.17,1.5,0.32,1,0,0,0,5,0.2,1.8,0.38,1,0,0,0,5,0.2,1.8,0.38
2023,1046,Andrei Iosivas,CIN,WR,1,4,TEN,24,0,6,0,0,0,3,0,0,0,3,0,0,0,3,0,0,0,3,0,0,0
2023,1047,Demario Douglas,NE,WR,1,5,NO,10.16949152542373,11.76470588235294,6,0.33,4,0.57,3,0.33,0,0,3,0.33,8,1.13,5,0.2,4.8,0.68,1,1,0,0
2023,1048,Colton Dowell,TEN,WR,1,4,CIN,85.71428571428571,100,6,0.17,0,0,3,0,0,0,3,0.33,0,0,4,0.25,0,0,2,0,0,0
2023,1049,Jake Bobo,SEA,WR,1,2,DET,13.953488372093023,20,6,0.17,0.5,0.22,2,0,0,0,4,0.25,0.75,0.33,1,0,0,0,5,0.2,0.6,0.26
2023,1050,Tyler Scott,CHI,WR,1,3,KC,11.11111111111111,33.33333333333333,6,0.5,1,0.27,5,0.6,1.2,0.32,1,0,0,0,3,0.33,0,0,3,0.67,2,0.53
2023,1051,Tyler Scott,CHI,WR,1,5,WAS,11.11111111111111,0,6,0,0,0,5,0,0,0,1,0,0,0,3,0,0,0,3,0,0,0
2023,1052,Marvin Mims,DEN,WR,1,2,WAS,10.714285714285714,16.666666666666664,6,0.33,18.83,3.22,2,0.5,26.5,3.15,3,0.33,20,4.33,1,1,53,6.3,5,0.2,12,2.6
2023,1053,Tucker Kraft,GB,TE,1,4,DET,33.33333333333333,100,6,0.33,0.83,0.42,0,0,0,0,6,0.33,0.83,0.42,2,1,2.5,1.25,4,0,0,0
2023,1054,Jimmy Graham,NO,TE,1,6,HST,10.204081632653061,0,5,0,0,0,3,0,0,0,2,0,0,0,3,0,0,0,2,0,0,0
2023,1055,MyCole Pruitt,ATL,TE,1,3,DET,26.31578947368421,25,5,0.2,2,0.4,0,0,0,0,5,0.2,2,0.4,3,0,0,0,2,0.5,5,1
2023,1056,DeAndre Carter,LV,WR,1,3,PIT,20.833333333333336,20,5,0.2,3.2,0.52,0,0,0,0,5,0.2,3.2,0.52,3,0.33,5.33,0.87,2,0,0,0
2023,1057,Blake Bell,KC,TE,1,5,MIN,25,0,5,0,0,0,0,0,0,0,4,0,0,0,4,0,0,0,1,0,0,0
2023,1058,Ty Montgomery,NE,WR,1,1,PHI,26.31578947368421,37.5,5,0.6,1.8,0.58,1,1,-2,0.8,4,0.5,2.75,0.53,4,0.5,2.25,0.72,1,1,0,0
2023,1059,Sterling Shepard,NYG,WR,1,4,SEA,16.666666666666664,20,5,0.2,1.2,0.32,0,0,0,0,5,0.2,1.2,0.32,1,0,0,0,4,0.25,1.5,0.4
2023,1060,Robbie Chosen,MIA,WR,1,6,CAR,16.129032258064516,0,5,0,0,0,0,0,0,0,5,0,0,0,2,0,0,0,3,0,0,0
2023,1061,Laquon Treadwell,BLT,WR,1,4,CLV,100,0,5,0,0,0,3,0,0,0,2,0,0,0,4,0,0,0,1,0,0,0
2023,1062,Mo Alie-Cox,IND,TE,1,2,HST,15.151515151515152,20,5,0.2,3,0.5,3,0.33,5,0.83,2,0,0,0,4,0.25,3.75,0.63,1,0,0,0
2023,1063,Johnny Mundt,MIN,TE,1,5,KC,41.66666666666667,100,5,0.2,2.2,0.42,3,0,0,0,2,0.5,5.5,1.05,1,0,0,0,4,0.25,2.75,0.53
2023,1064,Byron Pringle,WAS,WR,1,2,DEN,17.857142857142858,20,5,0.2,0.8,0.28,0,0,0,0,5,0.2,0.8,0.28,1,1,4,1.4,4,0,0,0
2023,1065,Ian Thomas,CAR,TE,1,5,DET,16.129032258064516,50,5,0.4,5.6,0.76,0,0,0,0,4,0.5,7,0.95,2,1,14,1.9,3,0,0,0
2023,1066,Cedrick Wilson,MIA,WR,1,6,CAR,15.625,0,5,0,0,0,0,0,0,0,5,0,0,0,4,0,0,0,1,0,0,0
2023,1067,Trent Sherfield,BUF,WR,1,3,WAS,9.615384615384617,37.5,5,0.6,3.6,0.76,0,0,0,0,5,0.6,3.6,0.76,1,1,0,0,4,0.5,4.5,0.95
2023,1068,KhaDarel Hodge,ATL,WR,1,2,GB,9.25925925925926,0,5,0,0,0,0,0,0,0,5,0,0,0,4,0,0,0,1,0,0,0
2023,1069,Donald Parham,LAC,TE,1,4,LV,8.064516129032258,9.090909090909092,5,0.2,0,0,1,0,0,0,4,0.25,0,0,3,0,0,0,2,0.5,0,0
2023,1070,Trenton Irwin,CIN,WR,1,1,CLV,7.042253521126761,0,5,0,0,0,3,0,0,0,2,0,0,0,4,0,0,0,1,0,0,0
2023,1071,Lil'Jordan Humphrey,DEN,WR,1,4,CHI,10,20,5,0.2,2.2,0.42,0,0,0,0,5,0.2,2.2,0.42,2,0,0,0,3,0.33,3.67,0.7
2023,1072,Miles Boykin,PIT,WR,1,1,SF,35.714285714285715,0,5,0,0,0,0,0,0,0,5,0,0,0,1,0,0,0,4,0,0,0
2023,1073,Miles Boykin,PIT,WR,1,5,BLT,35.714285714285715,50,5,0.2,0,0,0,0,0,0,5,0.2,0,0,1,0,0,0,4,0.25,0,0
2023,1074,Giovanni Ricci,CAR,TE,1,1,ATL,100,100,5,0.2,0.4,0.24,1,0,0,0,4,0.25,0.5,0.3,1,0,0,0,4,0.25,0.5,0.3
2023,1075,Harrison Bryant,CLV,TE,1,4,BLT,13.88888888888889,16.666666666666664,5,0.2,0.4,0.24,2,0.5,1,0.6,3,0,0,0,2,0.5,1,0.6,3,0,0,0
2023,1076,Laviska Shenault,CAR,WR,1,6,MIA,13.88888888888889,33.33333333333333,5,0.4,1.6,0.56,0,0,0,0,5,0.4,1.6,0.56,4,0.25,2,0.45,1,1,0,1
2023,1077,Quez Watkins,PHI,WR,1,2,MIN,8.064516129032258,0,5,0,0,0,0,0,0,0,5,0,0,0,0,0,0,0,5,0,0,0
2023,1078,Josiah Deguara,GB,TE,1,2,ATL,13.513513513513514,28.57142857142857,5,0.4,1,0.5,1,0,0,0,4,0.5,1.25,0.63,3,0.33,1.33,0.47,2,0.5,0.5,0.55
2023,1079,Brycen Hopkins,LA,TE,1,2,SF,26.31578947368421,0,5,0,0,0,1,0,0,0,4,0,0,0,3,0,0,0,2,0,0,0
2023,1080,Charlie Woerner,SF,TE,1,3,NYG,33.33333333333333,0,5,0,0,0,2,0,0,0,2,0,0,0,4,0,0,0,1,0,0,0
2023,1081,Stephen Sullivan,CAR,TE,1,6,MIA,100,0,5,0,0,0,2,0,0,0,3,0,0,0,4,0,0,0,1,0,0,0
2023,1082,Brevin Jordan,HST,TE,1,3,JAX,22.727272727272727,40,5,0.4,2.6,1.86,3,0.67,4.33,3.1,2,0,0,0,2,0.5,4.5,0.95,3,0.33,1.33,2.47
2023,1083,Quintin Morris,BUF,TE,1,6,NYG,33.33333333333333,100,5,0.2,3,1.7,1,1,15,8.5,4,0,0,0,3,0.33,5,2.83,2,0,0,0
2023,1084,John Bates,WAS,TE,1,4,PHI,8.771929824561402,11.11111111111111,5,0.2,1.2,0.32,0,0,0,0,5,0.2,1.2,0.32,3,0,0,0,2,0.5,3,0.8
2023,1085,Jack Stoll,PHI,TE,1,2,MIN,14.285714285714285,0,5,0,0,0,0,0,0,0,5,0,0,0,1,0,0,0,4,0,0,0
2023,1086,Brock Wright,DET,TE,1,1,KC,9.433962264150944,33.33333333333333,5,0.4,3.4,0.74,1,0,0,0,4,0.5,4.25,0.93,3,0.33,3,0.63,2,0.5,4,0.9
2023,1087,Ben Skowronek,LA,WR,1,1,SEA,20,40,5,0.4,0,0,1,0,0,0,3,0.33,0,0,2,0,0,0,3,0.67,0,0
2023,1088,Ben Skowronek,LA,WR,1,3,CIN,20,20,5,0.2,0.6,0.26,1,0,0,0,4,0.25,0.75,0.33,3,0,0,0,2,0.5,1.5,0.65
2023,1089,Luke Farrell,JAX,TE,1,2,KC,15.625,0,5,0,0,0,1,0,0,0,4,0,0,0,4,0,0,0,1,0,0,0
2023,1090,Luke Farrell,JAX,TE,1,3,HST,15.625,25,5,0.2,0.8,0.28,1,0,0,0,4,0.25,1,0.35,5,0.2,0.8,0.28,0,0,0,0
2023,1091,Luke Farrell,JAX,TE,1,5,BUF,15.625,25,5,0.2,3.2,0.52,0,0,0,0,5,0.2,3.2,0.52,3,0.33,5.33,0.87,2,0,0,0
2023,1092,Cole Turner,WAS,TE,1,4,PHI,9.803921568627452,0,5,0,0,0,1,0,0,0,4,0,0,0,3,0,0,0,2,0,0,0
2023,1093,Justyn Ross,KC,WR,1,2,JAX,16.666666666666664,0,5,0,0,0,1,0,0,0,3,0,0,0,3,0,0,0,2,0,0,0
2023,1094,Khalil Shakir,BUF,WR,1,6,NYG,17.857142857142858,20,5,0.2,2.6,0.46,1,1,13,2.3,4,0,0,0,5,0.2,2.6,0.46,0,0,0,0
2023,1095,Teagan Quitoriano,HST,TE,1,4,PIT,25,0,5,0,0,0,3,0,0,0,2,0,0,0,1,0,0,0,4,0,0,0
2023,1096,Ko Kieft,TB,TE,1,2,CHI,22.727272727272727,0,5,0,0,0,0,0,0,0,4,0,0,0,2,0,0,0,3,0,0,0
2023,1097,Stone Smartt,LAC,TE,1,4,LV,17.24137931034483,50,5,0.2,0,0,0,0,0,0,5,0.2,0,0,3,0.33,0,0,2,0,0,0
2023,1098,Deven Thompkins,TB,WR,1,3,PHI,7.8125,26.666666666666668,5,0.8,1.2,0.52,2,0.5,2.5,0.75,3,1,0.33,0.37,5,0.8,1.2,0.52,0,0,0,0
2023,1099,John Metchie,HST,WR,1,3,JAX,12.82051282051282,28.57142857142857,5,0.4,2.6,0.66,0,0,0,0,5,0.4,2.6,0.66,4,0.5,3.25,0.82,1,0,0,0
2023,1100,John Metchie,HST,WR,1,4,PIT,12.82051282051282,28.57142857142857,5,0.4,4.4,0.64,0,0,0,0,4,0.5,5.5,0.8,3,0.33,0,0,2,0.5,11,1.6
2023,1101,John Metchie,HST,WR,1,6,NO,12.82051282051282,0,5,0,0,0,0,0,0,0,5,0,0,0,4,0,0,0,1,0,0,0
2023,1102,Jalen Tolbert,DAL,WR,1,3,ARZ,7.936507936507936,0,5,0,0,0,1,0,0,0,4,0,0,0,2,0,0,0,3,0,0,0
2023,1103,Trey McBride,ARZ,TE,1,3,DAL,8.333333333333332,7.142857142857142,5,0.2,0.4,0.24,4,0.25,0.5,0.3,1,0,0,0,4,0.25,0.5,0.3,1,0,0,0
2023,1104,Isaiah Likely,BLT,TE,1,6,TEN,12.5,0,5,0,0,0,1,0,0,0,4,0,0,0,3,0,0,0,2,0,0,0
2023,1105,Dontayvion Wicks,GB,WR,1,5,LV,5.555555555555555,7.142857142857142,5,0.2,2,0.4,0,0,0,0,5,0.2,2,0.4,2,0.5,5,1,3,0,0,0
2023,1106,Luke Schoonmaker,DAL,TE,1,5,SF,17.24137931034483,16.666666666666664,5,0.2,0,0,2,0,0,0,3,0.33,0,0,4,0.25,0,0,1,0,0,0
2023,1107,Tre Tucker,LV,WR,1,2,BUF,10,25,5,0.2,0,0,0,0,0,0,5,0.2,0,0,2,0.5,0,0,3,0,0,0
2023,1108,Tre Tucker,LV,WR,1,5,GB,10,25,5,0.2,0,0,2,0.5,0,0,3,0,0,0,5,0.2,0,0,0,0,0,0
2023,1109,Josh Whyle,TEN,TE,1,5,IND,38.46153846153847,25,5,0.2,1.4,0.34,0,0,0,0,5,0.2,1.4,0.34,0,0,0,0,5,0.2,1.4,0.34
2023,1110,Xavier Hutchinson,HST,WR,1,5,ATL,16.666666666666664,0,5,0,0,0,1,0,0,0,4,0,0,0,1,0,0,0,4,0,0,0
2023,1111,Xavier Hutchinson,HST,WR,1,6,NO,16.666666666666664,0,5,0,0,0,1,0,0,0,3,0,0,0,2,0,0,0,3,0,0,0
2023,1112,Andrei Iosivas,CIN,WR,1,6,SEA,20,33.33333333333333,5,0.2,0.6,1.46,1,0,0,0,4,0.25,0.75,1.82,3,0.33,1,2.43,2,0,0,0
2023,1113,Antoine Green,DET,WR,1,3,ATL,31.25,0,5,0,0,0,1,0,0,0,4,0,0,0,0,0,0,0,5,0,0,0
2023,1114,Antoine Green,DET,WR,1,5,CAR,31.25,0,5,0,0,0,0,0,0,0,5,0,0,0,5,0,0,0,0,0,0,0
2023,1115,Jake Bobo,SEA,WR,1,4,NYG,11.627906976744185,0,5,0,0,0,1,0,0,0,3,0,0,0,3,0,0,0,2,0,0,0
2023,1116,Cedric Tillman,CLV,WR,1,1,CIN,26.31578947368421,0,5,0,0,0,1,0,0,0,4,0,0,0,4,0,0,0,1,0,0,0
2023,1117,Tucker Kraft,GB,TE,1,5,LV,27.77777777777778,0,5,0,0,0,0,0,0,0,5,0,0,0,1,0,0,0,4,0,0,0
2023,1118,Rashee Rice,KC,WR,1,2,JAX,6.25,7.4074074074074066,5,0.4,4,0.8,0,0,0,0,5,0.4,4,0.8,2,0.5,7.5,1.25,3,0.33,1.67,0.5
2023,1119,Marcedes Lewis,CHI,TE,1,4,DEN,50,100,4,0.25,2,0.45,0,0,0,0,4,0.25,2,0.45,3,0,0,0,1,1,8,1.8
2023,1120,Jimmy Graham,NO,TE,1,2,CAR,8.16326530612245,0,4,0,0,0,0,0,0,0,2,0,0,0,3,0,0,0,1,0,0,0
2023,1121,Marquise Goodwin,CLV,WR,1,3,TEN,13.793103448275861,0,4,0,0,0,0,0,0,0,4,0,0,0,1,0,0,0,3,0,0,0
2023,1122,Marquise Goodwin,CLV,WR,1,4,BLT,13.793103448275861,14.285714285714285,4,0.25,0,0.25,1,1,0,1,3,0,0,0,2,0.5,0,0.5,2,0,0,0
2023,1123,Chris Manhertz,DEN,TE,1,4,CHI,20,50,4,0.25,2.5,0.5,0,0,0,0,4,0.25,2.5,0.5,4,0.25,2.5,0.5,0,0,0,0
2023,1124,Chris Manhertz,DEN,TE,1,6,KC,20,0,4,0,0,0,0,0,0,0,4,0,0,0,1,0,0,0,3,0,0,0
2023,1125,MyCole Pruitt,ATL,TE,1,5,HST,21.052631578947366,25,4,0.25,5.5,0.8,2,0,0,0,2,0.5,11,1.6,4,0.25,5.5,0.8,0,0,0,0
2023,1126,MyCole Pruitt,ATL,TE,1,6,WAS,21.052631578947366,50,4,0.5,2.25,0.47,2,1,4.5,0.95,2,0,0,0,2,0.5,0,0,2,0.5,4.5,0.95
2023,1127,DeAndre Carter,LV,WR,1,2,BUF,16.666666666666664,20,4,0.25,0,0,2,0,0,0,2,0.5,0,0,3,0,0,0,1,1,0,0
2023,1128,DeAndre Carter,LV,WR,1,6,NE,16.666666666666664,20,4,0.25,0,0,1,1,0,0,3,0,0,0,1,0,0,0,3,0.33,0,0
2023,1129,Blake Bell,KC,TE,1,6,DEN,20,0,4,0,0,0,0,0,0,0,4,0,0,0,2,0,0,0,2,0,0,0
2023,1130,Geoff Swaim,ARZ,TE,1,4,SF,18.181818181818183,33.33333333333333,4,0.25,0,0,0,0,0,0,4,0.25,0,0,2,0,0,0,2,0.5,0,0
2023,1131,Phillip Dorsett,DEN,WR,1,1,LV,100,100,4,0.25,0,0,0,0,0,0,4,0.25,0,0,3,0.33,0,0,1,0,0,0
2023,1132,Robbie Chosen,MIA,WR,1,5,NYG,12.903225806451612,0,4,0,0,0,0,0,0,0,4,0,0,0,0,0,0,0,4,0,0,0
2023,1133,Demarcus Robinson,LA,WR,1,2,SF,44.44444444444444,0,4,0,0,0,0,0,0,0,4,0,0,0,2,0,0,0,2,0,0,0
2023,1134,Mo Alie-Cox,IND,TE,1,6,JAX,12.121212121212121,0,4,0,0,0,2,0,0,0,2,0,0,0,1,0,0,0,3,0,0,0
2023,1135,Zach Pascal,ARZ,WR,1,5,CIN,13.793103448275861,12.5,4,0.25,0,0,1,0,0,0,3,0.33,0,0,4,0.25,0,0,0,0,0,0
2023,1136,Trent Taylor,CHI,WR,1,1,GB,19.047619047619047,0,4,0,0,0,0,0,0,0,4,0,0,0,4,0,0,0,0,0,0,0
2023,1137,Pharaoh Brown,NE,TE,1,3,NYJ,20,66.66666666666666,4,0.5,17.75,3.77,0,0,0,0,4,0.5,17.75,3.77,1,1,58,12.8,3,0.33,4.33,0.77
2023,1138,Pharaoh Brown,NE,TE,1,6,LV,20,33.33333333333333,4,0.25,3.75,0.63,0,0,0,0,4,0.25,3.75,0.63,4,0.25,3.75,0.63,0,0,0,0
2023,1139,Isaiah McKenzie,IND,WR,1,3,BLT,26.666666666666668,14.285714285714285,4,0.25,0.75,0.33,2,0,0,0,2,0.5,1.5,0.65,3,0.33,1,0.43,1,0,0,0
2023,1140,Robert Tonyan,CHI,TE,1,3,KC,9.30232558139535,0,4,0,0,0,3,0,0,0,1,0,0,0,3,0,0,0,1,0,0,0
2023,1141,Jonnu Smith,ATL,TE,1,1,CAR,2.9197080291970803,0,4,0,0,0,0,0,0,0,4,0,0,0,4,0,0,0,0,0,0,0
2023,1142,Kevin Rader,TEN,TE,1,6,BLT,80,0,4,0,0,0,1,0,0,0,2,0,0,0,1,0,0,0,3,0,0,0
2023,1143,Byron Pringle,WAS,WR,1,3,BUF,14.285714285714285,0,4,0,0,0,1,0,0,0,3,0,0,0,1,0,0,0,3,0,0,0
2023,1144,Jordan Akins,CLV,TE,1,2,PIT,18.181818181818183,25,4,0.25,0.5,0.3,0,0,0,0,4,0.25,0.5,0.3,0,0,0,0,4,0.25,0.5,0.3
2023,1145,Brandon Powell,MIN,WR,1,3,LAC,10,9.090909090909092,4,0.25,1.25,0.38,0,0,0,0,4,0.25,1.25,0.38,2,0,0,0,2,0.5,2.5,0.75
2023,1146,Hunter Renfrow,LV,WR,1,6,NE,4.040404040404041,0,4,0,0,0,1,0,0,0,3,0,0,0,1,0,0,0,3,0,0,0
2023,1147,Mecole Hardman,NYJ,WR,1,4,KC,20,0,4,0,0,0,2,0,0,0,2,0,0,0,0,0,0,0,4,0,0,0
2023,1148,Mecole Hardman,NYJ,WR,1,6,PHI,20,50,4,0.25,0,0,1,0,0,0,3,0.33,0,0,2,0.5,0,0,2,0,0,0
2023,1149,Josh Oliver,MIN,TE,1,4,CAR,9.75609756097561,0,4,0,0,0,2,0,0,0,2,0,0,0,2,0,0,0,2,0,0,0
2023,1150,Trevon Wesco,TEN,TE,1,2,LAC,23.52941176470588,50,4,0.25,0,0,0,0,0,0,4,0.25,0,0,2,0,0,0,2,0.5,0,0
2023,1151,Scott Miller,ATL,WR,1,1,CAR,8.695652173913043,0,4,0,0,0,1,0,0,0,3,0,0,0,3,0,0,0,1,0,0,0
2023,1152,Lil'Jordan Humphrey,DEN,WR,1,5,NYJ,8,0,4,0,0,0,0,0,0,0,4,0,0,0,0,0,0,0,4,0,0,0
2023,1153,Juwann Winfree,IND,WR,1,1,JAX,100,0,4,0,0,0,2,0,0,0,2,0,0,0,3,0,0,0,1,0,0,0
2023,1154,Laviska Shenault,CAR,WR,1,2,NO,11.11111111111111,0,4,0,0,0,1,0,0,0,3,0,0,0,3,0,0,0,1,0,0,0
2023,1155,Laviska Shenault,CAR,WR,1,3,SEA,11.11111111111111,16.666666666666664,4,0.25,0,0.25,1,0,0,0,3,0.33,0,0.33,2,0,0,0,2,0.5,0,0.5
2023,1156,Devin Duvernay,BLT,WR,1,5,PIT,8.16326530612245,14.285714285714285,4,0.25,0,0,2,0,0,0,2,0.5,0,0,2,0,0,0,2,0.5,0,0
2023,1157,Devin Duvernay,BLT,WR,1,6,TEN,8.16326530612245,0,4,0,0,0,1,0,0,0,2,0,0,0,1,0,0,0,3,0,0,0
2023,1158,Brycen Hopkins,LA,TE,1,5,PHI,21.052631578947366,0,4,0,0,0,3,0,0,0,1,0,0,0,4,0,0,0,0,0,0,0
2023,1159,John Bates,WAS,TE,1,1,ARZ,7.017543859649122,0,4,0,0,0,0,0,0,0,4,0,0,0,0,0,0,0,4,0,0,0
2023,1160,Jack Stoll,PHI,TE,1,1,NE,11.428571428571429,0,4,0,0,0,0,0,0,0,4,0,0,0,3,0,0,0,1,0,0,0
2023,1161,Jack Stoll,PHI,TE,1,5,LA,11.428571428571429,33.33333333333333,4,0.25,1,0.35,0,0,0,0,4,0.25,1,0.35,3,0,0,0,1,1,4,1.4
2023,1162,Ben Skowronek,LA,WR,1,4,IND,16,0,4,0,0,0,0,0,0,0,4,0,0,0,4,0,0,0,0,0,0,0
2023,1163,Luke Farrell,JAX,TE,1,4,ATL,12.5,50,4,0.5,2.5,0.75,2,0.5,1.5,0.65,2,0.5,3.5,0.85,3,0.33,1,0.43,1,1,7,1.7
2023,1164,Tommy Tremble,CAR,TE,1,2,NO,7.8431372549019605,0,4,0,0,0,1,0,0,0,3,0,0,0,0,0,0,0,4,0,0,0
2023,1165,Cole Turner,WAS,TE,1,1,ARZ,7.8431372549019605,16.666666666666664,4,0.5,4.25,0.68,1,0,0,0,3,0.67,5.67,0.9,3,0.33,0,0,1,1,17,2.7
2023,1166,Grant Calcaterra,PHI,TE,1,6,NYJ,33.33333333333333,0,4,0,0,0,0,0,0,0,4,0,0,0,2,0,0,0,2,0,0,0
2023,1167,Justyn Ross,KC,WR,1,1,DET,13.333333333333334,16.666666666666664,4,0.25,1.5,0.4,0,0,0,0,3,0.33,2,0.53,2,0.5,3,0.8,2,0,0,0
2023,1168,David Bell,CLV,WR,1,4,BLT,16.666666666666664,0,4,0,0,0,2,0,0,0,2,0,0,0,1,0,0,0,3,0,0,0
2023,1169,Khalil Shakir,BUF,WR,1,1,NYJ,14.285714285714285,0,4,0,0,0,1,0,0,0,3,0,0,0,1,0,0,0,3,0,0,0
2023,1170,Khalil Shakir,BUF,WR,1,3,WAS,14.285714285714285,20,4,0.25,1.25,0.38,1,0,0,0,3,0.33,1.67,0.5,1,1,5,1.5,3,0,0,0
2023,1171,Teagan Quitoriano,HST,TE,1,5,ATL,20,33.33333333333333,4,0.25,5.5,0.8,2,0.5,11,1.6,2,0,0,0,0,0,0,0,4,0.25,5.5,0.8
2023,1172,Ko Kieft,TB,TE,1,6,DET,18.181818181818183,0,4,0,0,0,0,0,0,0,4,0,0,0,0,0,0,0,4,0,0,0
2023,1173,Stone Smartt,LAC,TE,1,6,DAL,13.793103448275861,0,4,0,0,0,2,0,0,0,2,0,0,0,1,0,0,0,3,0,0,0
2023,1174,Kavontae Turpin,DAL,WR,1,1,NYG,17.391304347826086,50,4,0.75,2.75,0.78,2,1,3.5,0.85,1,0,0,0,1,1,0,0,3,0.67,3.67,1.03
2023,1175,Daniel Bellinger,NYG,TE,1,6,BUF,9.090909090909092,0,4,0,0,0,1,0,0,0,2,0,0,0,2,0,0,0,2,0,0,0
2023,1176,Malik Heath,GB,WR,1,2,ATL,21.052631578947366,25,4,0.25,0,0,1,0,0,0,3,0.33,0,0,3,0.33,0,0,1,0,0,0
2023,1177,Luke Schoonmaker,DAL,TE,1,2,NYJ,13.793103448275861,16.666666666666664,4,0.25,0.25,1.77,1,0,0,0,2,0,0,0,2,0,0,0,2,0.5,0.5,3.55
2023,1178,Derius Davis,LAC,WR,1,3,MIN,30.76923076923077,25,4,0.25,0.75,0.33,3,0.33,1,0.43,1,0,0,0,1,0,0,0,3,0.33,1,0.43
2023,1179,Derius Davis,LAC,WR,1,4,LV,30.76923076923077,50,4,0.5,4,0.9,0,0,0,0,4,0.5,4,0.9,2,0.5,5.5,1.05,2,0.5,2.5,0.75
2023,1180,Josh Whyle,TEN,TE,1,4,CIN,30.76923076923077,50,4,0.5,6.5,2.65,1,1,2,7.2,3,0.33,8,1.13,1,0,0,0,3,0.67,8.67,3.53
2023,1181,Demario Douglas,NE,WR,1,2,MIA,6.779661016949152,11.76470588235294,4,0.5,4.75,0.97,2,0.5,5,1,2,0.5,4.5,0.95,3,0.33,3.33,0.67,1,1,9,1.9
2023,1182,Jalen Brooks,DAL,WR,1,2,NYJ,80,0,4,0,0,0,2,0,0,0,2,0,0,0,3,0,0,0,1,0,0,0
2023,1183,Ronnie Bell,SF,WR,1,1,PIT,20,0,4,0,0,0,1,0,0,0,3,0,0,0,1,0,0,0,3,0,0,0
2023,1184,Nate Adkins,DEN,TE,1,3,MIA,33.33333333333333,25,4,0.25,2.75,0.53,0,0,0,0,3,0.33,3.67,0.7,3,0.33,3.67,0.7,1,0,0,0
2023,1185,Nate Adkins,DEN,TE,1,5,NYJ,33.33333333333333,25,4,0.25,0,0,2,0.5,0,0,2,0,0,0,2,0.5,0,0,2,0,0,0
2023,1186,Brenton Strange,JAX,TE,1,2,KC,14.285714285714285,0,4,0,0,0,0,0,0,0,4,0,0,0,3,0,0,0,1,0,0,0
2023,1187,Brenton Strange,JAX,TE,1,4,ATL,14.285714285714285,0,4,0,0,0,1,0,0,0,3,0,0,0,2,0,0,0,2,0,0,0
2023,1188,Brenton Strange,JAX,TE,1,5,BUF,14.285714285714285,16.666666666666664,4,0.25,0,0,0,0,0,0,4,0.25,0,0,2,0.5,0,0,2,0,0,0
2023,1189,Cedric Tillman,CLV,WR,1,2,PIT,21.052631578947366,0,4,0,0,0,2,0,0,0,2,0,0,0,4,0,0,0,0,0,0,0
2023,1190,Tucker Kraft,GB,TE,1,3,NO,22.22222222222222,0,4,0,0,0,3,0,0,0,1,0,0,0,3,0,0,0,1,0,0,0
2023,1191,Chris Manhertz,DEN,TE,1,2,WAS,15,0,3,0,0,0,0,0,0,0,2,0,0,0,1,0,0,0,2,0,0,0
2023,1192,MyCole Pruitt,ATL,TE,1,2,GB,15.789473684210526,0,3,0,0,0,0,0,0,0,1,0,0,0,0,0,0,0,3,0,0,0
2023,1193,DeAndre Carter,LV,WR,1,1,DEN,12.5,20,3,0.33,1.67,0.5,2,0.5,2.5,0.75,1,0,0,0,3,0.33,1.67,0.5,0,0,0,0
2023,1194,Blake Bell,KC,TE,1,2,JAX,15,0,3,0,0,0,0,0,0,0,3,0,0,0,3,0,0,0,0,0,0,0
2023,1195,Geoff Swaim,ARZ,TE,1,3,DAL,13.636363636363635,0,3,0,0,0,1,0,0,0,2,0,0,0,2,0,0,0,1,0,0,0
2023,1196,Chris Moore,TEN,WR,1,1,NO,3.896103896103896,11.11111111111111,3,0.33,0,0,2,0.5,0,0,1,0,0,0,2,0,0,0,1,1,0,0
2023,1197,Johnny Mundt,MIN,TE,1,3,LAC,25,0,3,0,0,0,0,0,0,0,2,0,0,0,2,0,0,0,1,0,0,0
2023,1198,Isaiah McKenzie,IND,WR,1,4,LA,20,42.857142857142854,3,1,2,0.53,0,0,0,0,3,1,2,0.53,2,1,3,0.8,1,1,0,0
2023,1199,Isaiah McKenzie,IND,WR,1,5,TEN,20,0,3,0,0,0,0,0,0,0,3,0,0,0,0,0,0,0,3,0,0,0
2023,1200,Isaiah McKenzie,IND,WR,1,6,JAX,20,28.57142857142857,3,0.67,7.67,1.43,2,0.5,6,1.1,1,1,11,2.1,1,1,11,2.1,2,0.5,6,1.1
2023,1201,Ross Dwelley,SF,TE,1,3,NYG,42.857142857142854,50,3,0.33,0,0,2,0.5,0,0,1,0,0,0,1,1,0,0,2,0,0,0
2023,1202,Richie James,KC,WR,1,2,JAX,15.789473684210526,33.33333333333333,3,0.33,0,0,2,0,0,0,1,1,0,0,3,0.33,0,0,0,0,0,0
2023,1203,Keith Kirkwood,NO,WR,1,4,TB,13.043478260869565,0,3,0,0,0,0,0,0,0,3,0,0,0,1,0,0,0,2,0,0,0
2023,1204,Keith Kirkwood,NO,WR,1,5,NE,13.043478260869565,25,3,0.33,0.33,0.37,1,0,0,0,2,0.5,0.5,0.55,2,0,0,0,1,1,1,1.1
2023,1205,Jordan Akins,CLV,TE,1,3,TEN,13.636363636363635,0,3,0,0,0,1,0,0,0,2,0,0,0,3,0,0,0,0,0,0,0
2023,1206,Jordan Akins,CLV,TE,1,6,SF,13.636363636363635,25,3,0.33,0,0,0,0,0,0,3,0.33,0,0,2,0.5,0,0,1,0,0,0
2023,1207,Ian Thomas,CAR,TE,1,1,ATL,9.67741935483871,0,3,0,0,0,2,0,0,0,1,0,0,0,3,0,0,0,0,0,0,0
2023,1208,Ray-Ray McCloud,SF,WR,1,5,DAL,5.769230769230769,20,3,0.33,0.33,0.37,1,0,0,0,2,0.5,0.5,0.55,3,0.33,0.33,0.37,0,0,0,0
2023,1209,David Wells,TB,TE,1,3,PHI,30,0,3,0,0,0,1,0,0,0,2,0,0,0,1,0,0,0,2,0,0,0
2023,1210,Trevon Wesco,TEN,TE,1,1,NO,17.647058823529413,0,3,0,0,0,1,0,0,0,2,0,0,0,2,0,0,0,1,0,0,0
2023,1211,Trevon Wesco,TEN,TE,1,3,CLV,17.647058823529413,0,3,0,0,0,2,0,0,0,1,0,0,0,3,0,0,0,0,0,0,0
2023,1212,Trevon Wesco,TEN,TE,1,5,IND,17.647058823529413,50,3,0.33,7,1.03,1,1,21,3.1,2,0,0,0,3,0.33,7,1.03,0,0,0,0
2023,1213,Trevon Wesco,TEN,TE,1,6,BLT,17.647058823529413,0,3,0,0,0,1,0,0,0,1,0,0,0,1,0,0,0,2,0,0,0
2023,1214,Scott Miller,ATL,WR,1,2,GB,6.521739130434782,0,3,0,0,0,0,0,0,0,2,0,0,0,1,0,0,0,2,0,0,0
2023,1215,Lil'Jordan Humphrey,DEN,WR,1,6,KC,6,0,3,0,0,0,1,0,0,0,2,0,0,0,1,0,0,0,2,0,0,0
2023,1216,Drew Sample,CIN,TE,1,4,TEN,9.090909090909092,50,3,0.33,-0.33,0.3,0,0,0,0,2,0.5,-0.5,0.45,1,0,0,0,2,0.5,-0.5,0.45
2023,1217,Mitchell Wilcox,CIN,TE,1,5,ARZ,11.11111111111111,0,3,0,0,0,1,0,0,0,2,0,0,0,1,0,0,0,2,0,0,0
2023,1218,Sean McKeon,DAL,TE,1,4,NE,60,0,3,0,0,0,1,0,0,0,2,0,0,0,3,0,0,0,0,0,0,0
2023,1219,Josiah Deguara,GB,TE,1,3,NO,8.108108108108109,0,3,0,0,0,1,0,0,0,2,0,0,0,2,0,0,0,1,0,0,0
2023,1220,Josiah Deguara,GB,TE,1,5,LV,8.108108108108109,14.285714285714285,3,0.33,6.33,0.97,0,0,0,0,3,0.33,6.33,0.97,1,1,19,2.9,2,0,0,0
2023,1221,Brycen Hopkins,LA,TE,1,4,IND,15.789473684210526,33.33333333333333,3,0.33,1.67,0.5,0,0,0,0,3,0.33,1.67,0.5,3,0.33,1.67,0.5,0,0,0,0
2023,1222,Tim Jones,JAX,WR,1,6,IND,6.382978723404255,0,3,0,0,0,0,0,0,0,3,0,0,0,1,0,0,0,2,0,0,0
2023,1223,Quintin Morris,BUF,TE,1,1,NYJ,20,0,3,0,0,0,0,0,0,0,3,0,0,0,1,0,0,0,2,0,0,0
2023,1224,Quintin Morris,BUF,TE,1,2,LV,20,0,3,0,0,0,0,0,0,0,3,0,0,0,0,0,0,0,3,0,0,0
2023,1225,Quintin Morris,BUF,TE,1,5,JAX,20,0,3,0,0,0,0,0,0,0,3,0,0,0,1,0,0,0,2,0,0,0
2023,1226,Ihmir Smith-Marsette,CAR,WR,1,3,SEA,37.5,0,3,0,0,0,0,0,0,0,3,0,0,0,1,0,0,0,2,0,0,0
2023,1227,Ihmir Smith-Marsette,CAR,WR,1,6,MIA,37.5,0,3,0,0,0,1,0,0,0,2,0,0,0,2,0,0,0,1,0,0,0
2023,1228,Austin Trammell,LA,WR,1,6,ARZ,60,0,3,0,0,0,1,0,0,0,2,0,0,0,3,0,0,0,0,0,0,0
2023,1229,Tre' McKitty,LAC,TE,1,4,LV,50,0,3,0,0,0,0,0,0,0,3,0,0,0,2,0,0,0,1,0,0,0
2023,1230,Cole Turner,WAS,TE,1,6,ATL,5.88235294117647,0,3,0,0,0,0,0,0,0,3,0,0,0,0,0,0,0,3,0,0,0
2023,1231,Grant Calcaterra,PHI,TE,1,2,MIN,25,0,3,0,0,0,0,0,0,0,3,0,0,0,1,0,0,0,2,0,0,0
2023,1232,Grant Calcaterra,PHI,TE,1,3,TB,25,0,3,0,0,0,3,0,0,0,0,0,0,0,1,0,0,0,2,0,0,0
2023,1233,Britain Covey,PHI,WR,1,3,TB,42.857142857142854,0,3,0,0,0,0,0,0,0,3,0,0,0,3,0,0,0,0,0,0,0
2023,1234,Britain Covey,PHI,WR,1,4,WAS,42.857142857142854,0,3,0,0,0,0,0,0,0,3,0,0,0,1,0,0,0,2,0,0,0
2023,1235,Justyn Ross,KC,WR,1,4,NYJ,10,0,3,0,0,0,1,0,0,0,2,0,0,0,3,0,0,0,0,0,0,0
2023,1236,David Bell,CLV,WR,1,1,CIN,12.5,14.285714285714285,3,0.33,0,0,1,0,0,0,2,0.5,0,0,2,0,0,0,1,1,0,0
2023,1237,Teagan Quitoriano,HST,TE,1,1,BLT,15,33.33333333333333,3,0.33,3.67,0.7,2,0,0,0,1,1,11,2.1,2,0,0,0,1,1,11,2.1
2023,1238,Teagan Quitoriano,HST,TE,1,2,IND,15,0,3,0,0,0,0,0,0,0,3,0,0,0,2,0,0,0,1,0,0,0
2023,1239,Teagan Quitoriano,HST,TE,1,6,NO,15,0,3,0,0,0,2,0,0,0,1,0,0,0,2,0,0,0,1,0,0,0
2023,1240,Ko Kieft,TB,TE,1,4,NO,13.636363636363635,0,3,0,0,0,0,0,0,0,2,0,0,0,1,0,0,0,2,0,0,0
2023,1241,Jalen Tolbert,DAL,WR,1,1,NYG,4.761904761904762,11.11111111111111,3,0.33,0,0,0,0,0,0,3,0.33,0,0,2,0.5,0,0,1,0,0,0
2023,1242,Jeremy Ruckert,NYJ,TE,1,5,DEN,11.538461538461538,25,3,0.33,0.67,0.4,0,0,0,0,3,0.33,0.67,0.4,3,0.33,0.67,0.4,0,0,0,0
2023,1243,Isaiah Likely,BLT,TE,1,4,CLV,7.5,0,3,0,0,0,0,0,0,0,3,0,0,0,1,0,0,0,2,0,0,0
2023,1244,Isaiah Likely,BLT,TE,1,5,PIT,7.5,0,3,0,0,0,1,0,0,0,2,0,0,0,2,0,0,0,1,0,0,0
2023,1245,Charlie Kolar,BLT,TE,1,1,HST,100,100,3,0.33,0,0,0,0,0,0,3,0.33,0,0,1,0,0,0,2,0.5,0,0
2023,1246,Erik Ezukanma,MIA,WR,1,2,NE,27.27272727272727,100,3,0.33,0,0,1,1,0,0,1,0,0,0,1,0,0,0,2,0.5,0,0
2023,1247,Xavier Gipson,NYJ,WR,1,6,PHI,20,0,3,0,0,0,1,0,0,0,2,0,0,0,2,0,0,0,1,0,0,0
2023,1248,Luke Schoonmaker,DAL,TE,1,6,LAC,10.344827586206897,0,3,0,0,0,0,0,0,0,3,0,0,0,1,0,0,0,2,0,0,0
2023,1249,Derius Davis,LAC,WR,1,2,TEN,23.076923076923077,0,3,0,0,0,1,0,0,0,2,0,0,0,2,0,0,0,1,0,0,0
2023,1250,Charlie Jones,CIN,WR,1,3,LA,100,100,3,0.67,2,0.53,0,0,0,0,3,0.67,2,0.53,0,0,0,0,3,0.67,2,0.53
2023,1251,Antoine Green,DET,WR,1,2,SEA,18.75,100,3,0.33,0.67,0.4,1,0,0,0,2,0.5,1,0.6,1,0,0,0,2,0.5,1,0.6
2023,1252,Antoine Green,DET,WR,1,4,GB,18.75,0,3,0,0,0,1,0,0,0,2,0,0,0,2,0,0,0,1,0,0,0
2023,1253,Ronnie Bell,SF,WR,1,4,ARZ,15,25,3,0.33,2.33,0.57,0,0,0,0,3,0.33,2.33,0.57,2,0.5,3.5,0.85,1,0,0,0
2023,1254,Nate Adkins,DEN,TE,1,4,CHI,25,50,3,0.67,2.67,0.93,0,0,0,0,3,0.67,2.67,0.93,1,1,6,1.6,2,0.5,1,0.6
2023,1255,Rakim Jarrett,TB,WR,1,3,PHI,16.666666666666664,0,3,0,0,0,0,0,0,0,3,0,0,0,1,0,0,0,2,0,0,0
2023,1256,Marcedes Lewis,CHI,TE,1,2,TB,25,0,2,0,0,0,1,0,0,0,1,0,0,0,0,0,0,0,2,0,0,0
2023,1257,Jimmy Graham,NO,TE,1,1,TEN,4.081632653061225,0,2,0,0,0,0,0,0,0,2,0,0,0,2,0,0,0,0,0,0,0
2023,1258,Willie Snead,SF,WR,1,4,ARZ,100,100,2,0.5,4.5,0.95,0,0,0,0,2,0.5,4.5,0.95,1,0,0,0,1,1,9,1.9
2023,1259,Chris Manhertz,DEN,TE,1,5,NYJ,10,0,2,0,0,0,0,0,0,0,2,0,0,0,1,0,0,0,1,0,0,0
2023,1260,MyCole Pruitt,ATL,TE,1,4,JAX,10.526315789473683,0,2,0,0,0,1,0,0,0,1,0,0,0,2,0,0,0,0,0,0,0
2023,1261,DeAndre Carter,LV,WR,1,4,LAC,8.333333333333332,0,2,0,0,0,0,0,0,0,2,0,0,0,2,0,0,0,0,0,0,0
2023,1262,Ty Montgomery,NE,WR,1,2,MIA,10.526315789473683,0,2,0,0,0,0,0,0,0,2,0,0,0,1,0,0,0,1,0,0,0
2023,1263,Ty Montgomery,NE,WR,1,6,LV,10.526315789473683,12.5,2,0.5,4.5,0.95,0,0,0,0,2,0.5,4.5,0.95,1,1,9,1.9,1,0,0,0
2023,1264,Demarcus Robinson,LA,WR,1,1,SEA,22.22222222222222,0,2,0,0,0,0,0,0,0,2,0,0,0,2,0,0,0,0,0,0,0
2023,1265,Demarcus Robinson,LA,WR,1,4,IND,22.22222222222222,0,2,0,0,0,0,0,0,0,2,0,0,0,1,0,0,0,1,0,0,0
2023,1266,Mo Alie-Cox,IND,TE,1,3,BLT,6.0606060606060606,0,2,0,0,0,2,0,0,0,0,0,0,0,1,0,0,0,1,0,0,0
2023,1267,Mo Alie-Cox,IND,TE,1,4,LA,6.0606060606060606,20,2,0.5,17.5,5.25,1,1,35,10.5,1,0,0,0,1,1,35,10.5,1,0,0,0
2023,1268,Johnny Mundt,MIN,TE,1,1,TB,16.666666666666664,0,2,0,0,0,0,0,0,0,2,0,0,0,0,0,0,0,2,0,0,0
2023,1269,Zach Pascal,ARZ,WR,1,1,WAS,6.896551724137931,12.5,2,0.5,0,0,0,0,0,0,2,0.5,0,0,2,0.5,0,0,0,0,0,0
2023,1270,Zach Pascal,ARZ,WR,1,3,DAL,6.896551724137931,0,2,0,0,0,0,0,0,0,2,0,0,0,2,0,0,0,0,0,0,0
2023,1271,Trent Taylor,CHI,WR,1,6,MIN,9.523809523809524,100,2,0.5,0,0,0,0,0,0,2,0.5,0,0,0,0,0,0,2,0.5,0,0
2023,1272,Pharaoh Brown,NE,TE,1,1,PHI,10,0,2,0,0,0,0,0,0,0,2,0,0,0,1,0,0,0,1,0,0,0
2023,1273,Robert Tonyan,CHI,TE,1,1,GB,4.651162790697675,0,2,0,0,0,0,0,0,0,2,0,0,0,2,0,0,0,0,0,0,0
2023,1274,Ross Dwelley,SF,TE,1,1,PIT,28.57142857142857,0,2,0,0,0,1,0,0,0,1,0,0,0,1,0,0,0,1,0,0,0
2023,1275,Keith Kirkwood,NO,WR,1,2,CAR,8.695652173913043,25,2,0.5,0,0,0,0,0,0,2,0.5,0,0,2,0.5,0,0,0,0,0,0
2023,1276,Keith Kirkwood,NO,WR,1,3,GB,8.695652173913043,25,2,0.5,0,0,0,0,0,0,2,0.5,0,0,2,0.5,0,0,0,0,0,0
2023,1277,Mecole Hardman,NYJ,WR,1,3,NE,10,0,2,0,0,0,2,0,0,0,0,0,0,0,2,0,0,0,0,0,0,0
2023,1278,Cody Thompson,SEA,WR,1,4,NYG,33.33333333333333,100,2,0.5,5,1,1,0,0,0,1,1,10,2,2,0.5,5,1,0,0,0,0
2023,1279,Josh Oliver,MIN,TE,1,6,CHI,4.878048780487805,0,2,0,0,0,0,0,0,0,2,0,0,0,2,0,0,0,0,0,0,0
2023,1280,Drew Sample,CIN,TE,1,1,CLV,6.0606060606060606,0,2,0,0,0,0,0,0,0,2,0,0,0,2,0,0,0,0,0,0,0
2023,1281,Gunner Olszewski,PIT,WR,1,5,BLT,66.66666666666666,0,2,0,0,0,0,0,0,0,2,0,0,0,0,0,0,0,2,0,0,0
2023,1282,Miles Boykin,PIT,WR,1,2,CLV,14.285714285714285,50,2,0.5,2.5,0.75,2,0.5,2.5,0.75,0,0,0,0,2,0.5,2.5,0.75,0,0,0,0
2023,1283,Deebo Samuel,SF,WR,1,6,CLV,1.574803149606299,3.225806451612903,2,0.5,0,0,2,0.5,0,0,0,0,0,0,2,0.5,0,0,0,0,0,0
2023,1284,Mitchell Wilcox,CIN,TE,1,2,BLT,7.4074074074074066,0,2,0,0,0,1,0,0,0,1,0,0,0,1,0,0,0,1,0,0,0
2023,1285,Mitchell Wilcox,CIN,TE,1,6,SEA,7.4074074074074066,0,2,0,0,0,0,0,0,0,2,0,0,0,1,0,0,0,1,0,0,0
2023,1286,Kirk Merritt,NO,WR,1,1,TEN,100,0,2,0,0,0,0,0,0,0,1,0,0,0,1,0,0,0,1,0,0,0
2023,1287,Sean McKeon,DAL,TE,1,6,LAC,40,100,2,0.5,0,0,0,0,0,0,2,0.5,0,0,1,1,0,0,1,0,0,0
2023,1288,Lawrence Cager,NYG,TE,1,4,SEA,20,0,2,0,0,0,0,0,0,0,2,0,0,0,2,0,0,0,0,0,0,0
2023,1289,Devin Duvernay,BLT,WR,1,1,HST,4.081632653061225,0,2,0,0,0,0,0,0,0,2,0,0,0,2,0,0,0,0,0,0,0
2023,1290,Josiah Deguara,GB,TE,1,1,CHI,5.405405405405405,0,2,0,0,0,0,0,0,0,1,0,0,0,0,0,0,0,2,0,0,0
2023,1291,Lynn Bowden,NO,WR,1,3,GB,22.22222222222222,0,2,0,0,0,0,0,0,0,2,0,0,0,2,0,0,0,0,0,0,0
2023,1292,Charlie Woerner,SF,TE,1,1,PIT,13.333333333333334,0,2,0,0,0,1,0,0,0,1,0,0,0,2,0,0,0,0,0,0,0
2023,1293,Matt Bushman,KC,TE,1,1,DET,100,0,2,0,0,0,0,0,0,0,2,0,0,0,1,0,0,0,1,0,0,0
2023,1294,Brevin Jordan,HST,TE,1,6,NO,9.090909090909092,20,2,0.5,5.5,1.05,1,0,0,0,1,1,11,2.1,0,0,0,0,2,0.5,5.5,1.05
2023,1295,John Bates,WAS,TE,1,6,ATL,3.508771929824561,0,2,0,0,0,0,0,0,0,1,0,0,0,1,0,0,0,1,0,0,0
2023,1296,Ihmir Smith-Marsette,CAR,WR,1,4,MIN,25,0,2,0,0,0,0,0,0,0,2,0,0,0,0,0,0,0,2,0,0,0
2023,1297,Jack Stoll,PHI,TE,1,4,WAS,5.714285714285714,0,2,0,0,0,1,0,0,0,1,0,0,0,1,0,0,0,1,0,0,0
2023,1298,Kadarius Toney,KC,WR,1,3,CHI,2.898550724637681,4.166666666666666,2,0.5,-0.5,0.45,0,0,0,0,2,0.5,-0.5,0.45,0,0,0,0,2,0.5,-0.5,0.45
2023,1299,Jacob Harris,JAX,WR,1,3,HST,50,0,2,0,0,0,0,0,0,0,2,0,0,0,0,0,0,0,2,0,0,0
2023,1300,Jacob Harris,JAX,WR,1,4,ATL,50,0,2,0,0,0,1,0,0,0,1,0,0,0,2,0,0,0,0,0,0,0
2023,1301,Amari Rodgers,IND,WR,1,4,LA,10,0,2,0,0,0,0,0,0,0,2,0,0,0,2,0,0,0,0,0,0,0
2023,1302,Samori Toure,GB,WR,1,5,LV,4.25531914893617,0,2,0,0,0,0,0,0,0,2,0,0,0,2,0,0,0,0,0,0,0
2023,1303,Justyn Ross,KC,WR,1,6,DEN,6.666666666666667,0,2,0,0,0,0,0,0,0,2,0,0,0,0,0,0,0,2,0,0,0
2023,1304,Khalil Shakir,BUF,WR,1,4,MIA,7.142857142857142,20,2,0.5,0,0,1,0,0,0,1,1,0,0,1,0,0,0,1,1,0,0
2023,1305,Teagan Quitoriano,HST,TE,1,3,JAX,10,33.33333333333333,2,0.5,0,0,0,0,0,0,2,0.5,0,0,2,0.5,0,0,0,0,0,0
2023,1306,James Mitchell,DET,TE,1,4,GB,50,0,2,0,0,0,0,0,0,0,2,0,0,0,1,0,0,0,1,0,0,0
2023,1307,Connor Heyward,PIT,TE,1,3,LV,5,20,2,1,0,0,0,0,0,0,2,1,0,0,0,0,0,0,2,1,0,0
2023,1308,Kwamie Lassiter,CIN,WR,1,5,ARZ,100,100,2,0.5,1,0.6,1,1,2,1.2,1,0,0,0,1,0,0,0,1,1,2,1.2
2023,1309,Velus Jones,CHI,WR,1,2,TB,28.57142857142857,0,2,0,0,0,0,0,0,0,2,0,0,0,1,0,0,0,1,0,0,0
2023,1310,Velus Jones,CHI,WR,1,4,DEN,28.57142857142857,0,2,0,0,0,0,0,0,0,2,0,0,0,1,0,0,0,1,0,0,0
2023,1311,Velus Jones,CHI,WR,1,6,MIN,28.57142857142857,100,2,0.5,2.5,0.75,0,0,0,0,2,0.5,2.5,0.75,1,1,5,1.5,1,0,0,0
2023,1312,Kavontae Turpin,DAL,WR,1,5,SF,8.695652173913043,16.666666666666664,2,0.5,13,4.8,1,1,26,9.6,1,0,0,0,1,1,26,9.6,1,0,0,0
2023,1313,Luke Schoonmaker,DAL,TE,1,1,NYG,6.896551724137931,0,2,0,0,0,1,0,0,0,1,0,0,0,1,0,0,0,1,0,0,0
2023,1314,Luke Schoonmaker,DAL,TE,1,3,ARZ,6.896551724137931,16.666666666666664,2,0.5,0,0,0,0,0,0,2,0.5,0,0,0,0,0,0,2,0.5,0,0
2023,1315,Josh Whyle,TEN,TE,1,2,LAC,15.384615384615385,0,2,0,0,0,1,0,0,0,1,0,0,0,0,0,0,0,2,0,0,0
2023,1316,Andrei Iosivas,CIN,WR,1,2,BLT,8,0,2,0,0,0,2,0,0,0,0,0,0,0,1,0,0,0,1,0,0,0
2023,1317,Ronnie Bell,SF,WR,1,2,LA,10,0,2,0,0,0,0,0,0,0,2,0,0,0,1,0,0,0,1,0,0,0
2023,1318,Ronnie Bell,SF,WR,1,5,DAL,10,25,2,0.5,0,0,2,0.5,0,0,0,0,0,0,2,0.5,0,0,0,0,0,0
2023,1319,Elijah Cooks,JAX,WR,1,6,IND,100,0,2,0,0,0,1,0,0,0,1,0,0,0,1,0,0,0,1,0,0,0
2023,1320,Julian Hill,MIA,TE,1,4,BUF,8.333333333333332,0,2,0,0,0,0,0,0,0,2,0,0,0,0,0,0,0,2,0,0,0
2023,1321,Ben Sims,GB,TE,1,5,LV,50,100,2,0.5,6,1.1,0,0,0,0,2,0.5,6,1.1,0,0,0,0,2,0.5,6,1.1
2023,1322,Rakim Jarrett,TB,WR,1,1,MIN,11.11111111111111,0,2,0,0,0,0,0,0,0,2,0,0,0,1,0,0,0,1,0,0,0
2023,1323,Rakim Jarrett,TB,WR,1,6,DET,11.11111111111111,0,2,0,0,0,1,0,0,0,1,0,0,0,1,0,0,0,1,0,0,0
2023,1324,Mitchell Tinsley,WAS,WR,1,2,DEN,100,0,2,0,0,0,0,0,0,0,2,0,0,0,0,0,0,0,2,0,0,0
2023,1325,Brenton Strange,JAX,TE,1,1,IND,7.142857142857142,0,2,0,0,0,0,0,0,0,2,0,0,0,2,0,0,0,0,0,0,0
2023,1326,Cedric Tillman,CLV,WR,1,3,TEN,10.526315789473683,0,2,0,0,0,0,0,0,0,2,0,0,0,1,0,0,0,1,0,0,0
2023,1327,Tucker Kraft,GB,TE,1,1,CHI,11.11111111111111,0,2,0,0,0,1,0,0,0,1,0,0,0,1,0,0,0,1,0,0,0
2023,1328,Payne Durham,TB,TE,1,6,DET,100,100,2,0.5,4,0.9,0,0,0,0,2,0.5,4,0.9,0,0,0,0,2,0.5,4,0.9
2023,1329,Marcedes Lewis,CHI,TE,1,3,KC,12.5,0,1,0,0,0,1,0,0,0,0,0,0,0,1,0,0,0,0,0,0,0
2023,1330,Marcedes Lewis,CHI,TE,1,6,MIN,12.5,0,1,0,0,0,0,0,0,0,1,0,0,0,1,0,0,0,0,0,0,0
2023,1331,Chris Manhertz,DEN,TE,1,3,MIA,5,50,1,1,0,0,0,0,0,0,0,0,0,0,0,0,0,0,1,1,0,0
2023,1332,MyCole Pruitt,ATL,TE,1,1,CAR,5.263157894736842,0,1,0,0,0,0,0,0,0,1,0,0,0,1,0,0,0,0,0,0,0
2023,1333,Jamison Crowder,WAS,WR,1,3,BUF,12.5,0,1,0,0,0,0,0,0,0,1,0,0,0,1,0,0,0,0,0,0,0
2023,1334,Chris Conley,SF,WR,1,3,NYG,100,0,1,0,0,0,0,0,0,0,1,0,0,0,0,0,0,0,1,0,0,0
2023,1335,Geoff Swaim,ARZ,TE,1,1,WAS,4.545454545454546,0,1,0,0,0,0,0,0,0,1,0,0,0,0,0,0,0,1,0,0,0
2023,1336,Ty Montgomery,NE,WR,1,4,DAL,5.263157894736842,0,1,0,0,0,0,0,0,0,1,0,0,0,0,0,0,0,1,0,0,0
2023,1337,Sterling Shepard,NYG,WR,1,3,SF,3.3333333333333335,0,1,0,0,0,0,0,0,0,1,0,0,0,1,0,0,0,0,0,0,0
2023,1338,Demarcus Robinson,LA,WR,1,3,CIN,11.11111111111111,0,1,0,0,0,1,0,0,0,0,0,0,0,1,0,0,0,0,0,0,0
2023,1339,Johnny Mundt,MIN,TE,1,2,PHI,8.333333333333332,0,1,0,0,0,0,0,0,0,1,0,0,0,1,0,0,0,0,0,0,0
2023,1340,Johnny Mundt,MIN,TE,1,4,CAR,8.333333333333332,0,1,0,0,0,0,0,0,0,1,0,0,0,1,0,0,0,0,0,0,0
2023,1341,Darrell Daniels,DET,TE,1,5,CAR,50,0,1,0,0,0,0,0,0,0,1,0,0,0,0,0,0,0,1,0,0,0
2023,1342,Darrell Daniels,DET,TE,1,6,TB,50,0,1,0,0,0,0,0,0,0,1,0,0,0,0,0,0,0,1,0,0,0
2023,1343,Pharaoh Brown,NE,TE,1,2,MIA,5,0,1,0,0,0,0,0,0,0,1,0,0,0,0,0,0,0,1,0,0,0
2023,1344,Pharaoh Brown,NE,TE,1,5,NO,5,0,1,0,0,0,0,0,0,0,1,0,0,0,0,0,0,0,1,0,0,0
2023,1345,Isaiah McKenzie,IND,WR,1,1,JAX,6.666666666666667,0,1,0,0,0,0,0,0,0,1,0,0,0,1,0,0,0,0,0,0,0
2023,1346,Isaiah McKenzie,IND,WR,1,2,HST,6.666666666666667,14.285714285714285,1,1,7,1.7,0,0,0,0,1,1,7,1.7,0,0,0,0,1,1,7,1.7
2023,1347,Ross Dwelley,SF,TE,1,5,DAL,14.285714285714285,0,1,0,0,0,0,0,0,0,0,0,0,0,0,0,0,0,1,0,0,0
2023,1348,Ross Dwelley,SF,TE,1,6,CLV,14.285714285714285,50,1,1,0,0,1,1,0,0,0,0,0,0,1,1,0,0,0,0,0,0
2023,1349,Kevin Rader,TEN,TE,1,4,CIN,20,0,1,0,0,0,0,0,0,0,1,0,0,0,1,0,0,0,0,0,0,0
2023,1350,Byron Pringle,WAS,WR,1,6,ATL,3.571428571428571,0,1,0,0,0,0,0,0,0,0,0,0,0,0,0,0,0,1,0,0,0
2023,1351,Keelan Doss,LAC,WR,1,4,LV,14.285714285714285,0,1,0,0,0,0,0,0,0,0,0,0,0,0,0,0,0,1,0,0,0
2023,1352,Cody Thompson,SEA,WR,1,1,LA,16.666666666666664,0,1,0,0,0,1,0,0,0,0,0,0,0,1,0,0,0,0,0,0,0
2023,1353,Cody Thompson,SEA,WR,1,2,DET,16.666666666666664,0,1,0,0,0,0,0,0,0,1,0,0,0,1,0,0,0,0,0,0,0
2023,1354,Cody Thompson,SEA,WR,1,3,CAR,16.666666666666664,0,1,0,0,0,0,0,0,0,1,0,0,0,1,0,0,0,0,0,0,0
2023,1355,Cody Thompson,SEA,WR,1,6,CIN,16.666666666666664,0,1,0,0,0,0,0,0,0,1,0,0,0,1,0,0,0,0,0,0,0
2023,1356,Trevon Wesco,TEN,TE,1,4,CIN,5.88235294117647,0,1,0,0,0,0,0,0,0,1,0,0,0,0,0,0,0,1,0,0,0
2023,1357,Greg Dortch,ARZ,WR,1,4,SF,6.666666666666667,0,1,0,0,0,1,0,0,0,0,0,0,0,1,0,0,0,0,0,0,0
2023,1358,Greg Dortch,ARZ,WR,1,5,CIN,6.666666666666667,0,1,0,0,0,0,0,0,0,1,0,0,0,1,0,0,0,0,0,0,0
2023,1359,N'Keal Harry,MIN,WR,1,5,KC,100,0,1,0,0,0,0,0,0,0,0,0,0,0,1,0,0,0,0,0,0,0
2023,1360,Gunner Olszewski,PIT,WR,1,2,CLV,33.33333333333333,100,1,1,0,1,0,0,0,0,1,1,0,1,1,1,0,1,0,0,0,0
2023,1361,Miles Boykin,PIT,WR,1,3,LV,7.142857142857142,0,1,0,0,0,0,0,0,0,1,0,0,0,0,0,0,0,1,0,0,0
2023,1362,Miles Boykin,PIT,WR,1,4,HST,7.142857142857142,0,1,0,0,0,0,0,0,0,1,0,0,0,1,0,0,0,0,0,0,0
2023,1363,Mitchell Wilcox,CIN,TE,1,1,CLV,3.7037037037037033,0,1,0,0,0,0,0,0,0,1,0,0,0,1,0,0,0,0,0,0,0
2023,1364,Lawrence Cager,NYG,TE,1,6,BUF,10,0,1,0,0,0,0,0,0,0,1,0,0,0,1,0,0,0,0,0,0,0
2023,1365,Lynn Bowden,NO,WR,1,6,HST,11.11111111111111,0,1,0,0,0,0,0,0,0,1,0,0,0,0,0,0,0,1,0,0,0
2023,1366,Van Jefferson,LA,WR,1,5,PHI,0.5882352941176471,0,1,0,0,0,1,0,0,0,0,0,0,0,1,0,0,0,0,0,0,0
2023,1367,Brycen Hopkins,LA,TE,1,6,ARZ,5.263157894736842,0,1,0,0,0,0,0,0,0,1,0,0,0,0,0,0,0,1,0,0,0
2023,1368,Charlie Woerner,SF,TE,1,2,LA,6.666666666666667,0,1,0,0,0,1,0,0,0,0,0,0,0,1,0,0,0,0,0,0,0
2023,1369,Charlie Woerner,SF,TE,1,6,CLV,6.666666666666667,0,1,0,0,0,0,0,0,0,1,0,0,0,1,0,0,0,0,0,0,0
2023,1370,Tim Jones,JAX,WR,1,2,KC,2.127659574468085,0,1,0,0,0,0,0,0,0,1,0,0,0,1,0,0,0,0,0,0,0
2023,1371,Brevin Jordan,HST,TE,1,5,ATL,4.545454545454546,0,1,0,0,0,0,0,0,0,1,0,0,0,0,0,0,0,1,0,0,0
2023,1372,Quintin Morris,BUF,TE,1,4,MIA,6.666666666666667,0,1,0,0,0,0,0,0,0,1,0,0,0,0,0,0,0,1,0,0,0
2023,1373,Austin Trammell,LA,WR,1,2,SF,20,0,1,0,0,0,0,0,0,0,1,0,0,0,0,0,0,0,1,0,0,0
2023,1374,Austin Trammell,LA,WR,1,5,PHI,20,0,1,0,0,0,0,0,0,0,1,0,0,0,0,0,0,0,1,0,0,0
2023,1375,Ben Skowronek,LA,WR,1,5,PHI,4,20,1,1,0,0,0,0,0,0,1,1,0,0,1,1,0,0,0,0,0,0
2023,1376,Tre' McKitty,LAC,TE,1,2,TEN,16.666666666666664,0,1,0,0,0,0,0,0,0,1,0,0,0,1,0,0,0,0,0,0,0
2023,1377,Tre' McKitty,LAC,TE,1,3,MIN,16.666666666666664,0,1,0,0,0,0,0,0,0,0,0,0,0,0,0,0,0,1,0,0,0
2023,1378,Tre' McKitty,LAC,TE,1,6,DAL,16.666666666666664,0,1,0,0,0,1,0,0,0,0,0,0,0,1,0,0,0,0,0,0,0
2023,1379,Grant Calcaterra,PHI,TE,1,1,NE,8.333333333333332,0,1,0,0,0,0,0,0,0,1,0,0,0,1,0,0,0,0,0,0,0
2023,1380,Grant Calcaterra,PHI,TE,1,5,LA,8.333333333333332,0,1,0,0,0,0,0,0,0,1,0,0,0,1,0,0,0,0,0,0,0
2023,1381,Britain Covey,PHI,WR,1,6,NYJ,14.285714285714285,0,1,0,0,0,0,0,0,0,1,0,0,0,0,0,0,0,1,0,0,0
2023,1382,Irvin Charles,NYJ,WR,1,5,DEN,50,0,1,0,0,0,0,0,0,0,1,0,0,0,0,0,0,0,1,0,0,0
2023,1383,Irvin Charles,NYJ,WR,1,6,PHI,50,0,1,0,0,0,1,0,0,0,0,0,0,0,1,0,0,0,0,0,0,0
2023,1384,David Bell,CLV,WR,1,3,TEN,4.166666666666666,0,1,0,0,0,1,0,0,0,0,0,0,0,1,0,0,0,0,0,0,0
2023,1385,James Mitchell,DET,TE,1,1,KC,25,0,1,0,0,0,1,0,0,0,0,0,0,0,1,0,0,0,0,0,0,0
2023,1386,James Mitchell,DET,TE,1,2,SEA,25,0,1,0,0,0,0,0,0,0,1,0,0,0,1,0,0,0,0,0,0,0
2023,1387,Connor Heyward,PIT,TE,1,2,CLV,2.5,0,1,0,0,0,0,0,0,0,1,0,0,0,0,0,0,0,1,0,0,0
2023,1388,Ko Kieft,TB,TE,1,3,PHI,4.545454545454546,0,1,0,0,0,0,0,0,0,1,0,0,0,0,0,0,0,1,0,0,0
2023,1389,Stone Smartt,LAC,TE,1,1,MIA,3.4482758620689653,0,1,0,0,0,0,0,0,0,1,0,0,0,0,0,0,0,1,0,0,0
2023,1390,Velus Jones,CHI,WR,1,5,WAS,14.285714285714285,0,1,0,0,0,0,0,0,0,1,0,0,0,0,0,0,0,1,0,0,0
2023,1391,Kavontae Turpin,DAL,WR,1,3,ARZ,4.3478260869565215,0,1,0,0,0,1,0,0,0,0,0,0,0,0,0,0,0,1,0,0,0
2023,1392,Jeremy Ruckert,NYJ,TE,1,2,DAL,3.8461538461538463,0,1,0,0,0,0,0,0,0,1,0,0,0,1,0,0,0,0,0,0,0
2023,1393,Daniel Bellinger,NYG,TE,1,4,SEA,2.272727272727273,25,1,1,6,1.6,0,0,0,0,1,1,6,1.6,0,0,0,0,1,1,6,1.6
2023,1394,Derius Davis,LAC,WR,1,1,MIA,7.6923076923076925,25,1,1,5,1.5,0,0,0,0,1,1,5,1.5,0,0,0,0,1,1,5,1.5
2023,1395,Derius Davis,LAC,WR,1,6,DAL,7.6923076923076925,0,1,0,0,0,0,0,0,0,1,0,0,0,1,0,0,0,0,0,0,0
2023,1396,Josh Whyle,TEN,TE,1,1,NO,7.6923076923076925,0,1,0,0,0,0,0,0,0,1,0,0,0,0,0,0,0,1,0,0,0
2023,1397,Josh Whyle,TEN,TE,1,6,BLT,7.6923076923076925,25,1,1,11,2.1,0,0,0,0,1,1,11,2.1,0,0,0,0,1,1,11,2.1
2023,1398,Andrei Iosivas,CIN,WR,1,3,LA,4,0,1,0,0,0,0,0,0,0,1,0,0,0,0,0,0,0,1,0,0,0
2023,1399,Colton Dowell,TEN,WR,1,6,BLT,14.285714285714285,0,1,0,0,0,0,0,0,0,1,0,0,0,0,0,0,0,1,0,0,0
2023,1400,Jalen Brooks,DAL,WR,1,6,LAC,20,0,1,0,0,0,1,0,0,0,0,0,0,0,1,0,0,0,0,0,0,0
2023,1401,Nate Adkins,DEN,TE,1,2,WAS,8.333333333333332,0,1,0,0,0,0,0,0,0,1,0,0,0,0,0,0,0,1,0,0,0
2023,1402,Ben Sims,GB,TE,1,2,ATL,25,0,1,0,0,0,0,0,0,0,1,0,0,0,0,0,0,0,1,0,0,0
2023,1403,Ben Sims,GB,TE,1,4,DET,25,0,1,0,0,0,0,0,0,0,1,0,0,0,0,0,0,0,1,0,0,0
2023,1404,Rakim Jarrett,TB,WR,1,4,NO,5.555555555555555,0,1,0,0,0,0,0,0,0,1,0,0,0,0,0,0,0,1,0,0,0
2023,1405,Dylan Drummond,DET,WR,1,5,CAR,100,0,1,0,0,0,0,0,0,0,1,0,0,0,1,0,0,0,0,0,0,0
2023,1406,Tucker Kraft,GB,TE,1,2,ATL,5.555555555555555,0,1,0,0,0,0,0,0,0,1,0,0,0,1,0,0,0,0,0,0,0
Exported from Data Suite 2.0 by michaelgingrave (user 380) on 2026-09-09 23:45 UTC,,,,,,,,,,,,,,,,,,,,,,,,,,,,,