,Player Details,Player Details,Player Details,Player Details,Player Details,Splits,Splits,Splits,Splits,Receiving,Receiving,Receiving,Receiving,Receiving,Receiving,Receiving,Receiving,Receiving,Receiving,Receiving,Receiving,Receiving,Receiving,Receiving,Receiving,Receiving,Receiving,Receiving,Receiving,Receiving,Receiving,Receiving,Receiving,Receiving,Receiving,Advanced,Advanced,Advanced,Advanced,Advanced,Advanced,Advanced,Advanced,Advanced,Advanced,Advanced,Advanced,Advanced,Advanced,Advanced,Advanced,Advanced,Advanced,Advanced,Advanced,Advanced,Advanced,Alignment,Alignment,Alignment,Alignment,FP,FP,FP,FP,FP,FP,FP,FP
Season,Rank,Name,Team,POS,G,WEEK,OPP,RTE %,TGT %,SNAP %,RTE,RTE %,TGT,TGT %,YPRR,TPRR,aDOT,AY,AY Share,YDS,TM YDS %,YPT,YPR,REC,CR %,YAC,YAC/REC,YACO,YACO/REC,TD,XTD,TM TD %,i20 TGT,EZTGT,EZTD,1D,1D/RR,RATE,1READ,1READ %,DESIGN,DESIGN %,CTGT,CTGT %,DEEP,EXP %,DRP,DRP %,CT,CC,CC %,HERO,MTF,MTF/REC,THREAT %,YPTOE,EPA/TGT,WIDE RTE %,SLOT RTE %,INLINE RTE %,BACK RTE %,FP,XFP,FP/G,XFP/G,DIFF,FP/RR,XFP/RR,RecXFP
2024,,League Avg,,,,,,,,57.056540447504375,5.521514629948365,55.299741824440645,1.5077452667814113,15.153786574870898,2.1,0.27,5.616144578313253,13.475043029259897,15.887005163511185,11.586919104991393,15.05550774526677,7.68,11.01,1.0524956970740103,69.8,5.015490533562823,4.77,1.819277108433735,1.73,0.08261617900172118,0.08237521514629978,6.02383820998279,0.22375215146299485,0.1333907056798623,0.04905335628227195,0.5473321858864028,0.099,52.38037865748694,1.193631669535284,15.22108433734938,0.16265060240963855,10.8,1.2099827882960412,80.3,0.1901893287435456,14.9,0.06712564543889846,4.5,0.1729776247848537,0.08089500860585198,46.8,0.014629948364888123,0.1549053356282272,0.15,24.3,-0.03,0.237,42.003270223752146,48.252495697074046,9.340705679862308,0.4036144578313253,2.7025817555938056,2.7033562822719337,2.7025817555938056,2.7038296041308105,-0.0012478485370048913,0.49,0.49,2.7033562822719337
2024,1,Jayden Reed,GB,WR,1,1,PHI,18,25,70.7,9,75,6,50,15.33,0.67,17.67,106,67.9,138,86.8,23,34.5,4,66.7,53,13.25,34,8.5,1,0.55,50,0,0,0,3,0.333,149.3,4,44.4,1,16.7,5,83.3,3,75,1,16.7,1,1,100,1,1,0.25,60,13.44,1.458,11.1,88.9,0,0,23.8,17.4,23.8,17.41,6.39,2.64,1.93,17.4
2024,2,Justin Jefferson,MIN,WR,1,2,SF,24.324324324324326,23.52941176470588,70.4,9,75,4,33.3,13.33,0.44,21.5,86,51.5,120,59.1,30,40,3,75,56,18.67,4,1.33,1,0.47,100,0,0,0,2,0.222,156.3,4,50,0,0,3,75,2,33.3,0,0,0,0,0,0,2,0.67,44.4,19.8,2.121,33.3,66.7,0,0,21,16.1,21,16.09,4.91,2.33,1.79,16.1
2024,3,Jayden Reed,GB,WR,1,4,MIN,32,29.166666666666668,77,16,80,7,35,7.19,0.44,10.29,72,43.6,115,62.5,16.43,19.17,6,85.7,34,5.67,14,2.33,1,0.49,50,1,0,0,5,0.313,158.3,6,42.9,2,28.6,7,100,1,40,1,14.3,2,2,100,0,0,0,43.8,8.36,1.294,12.5,87.5,0,0,23.5,16.2,23.5,16.18,7.32,1.47,1.01,16.2
2024,4,Ja'Marr Chase,CIN,WR,1,5,BLT,16.129032258064516,25,89.2,10,100,4,40,11.1,0.4,8.75,35,38.5,111,67.7,27.75,27.75,4,100,76,19,0,0,2,0.57,66.7,0,0,0,3,0.3,158.3,3,33.3,1,25,4,100,1,50,0,0,0,0,0,0,3,0.75,40,20.25,2.609,40,60,0,0,27.1,12.6,27.1,12.59,14.51,2.71,1.26,12.6
2024,5,Chris Godwin,TB,WR,1,6,NO,26.229508196721312,25.71428571428571,93.1,16,100,9,56.3,6.88,0.56,3.44,31,30.7,110,57.6,12.22,13.75,8,88.9,100,12.5,66,8.25,2,1.01,66.7,1,1,1,4,0.25,158.3,8,61.5,3,33.3,9,100,0,28.6,0,0,0,0,0,0,5,0.63,56.3,5.88,0.858,6.3,93.8,0,0,31,21.6,31,21.56,9.44,1.94,1.35,21.6
2024,6,Brian Thomas,JAX,WR,1,5,IND,12.727272727272727,33.33333333333333,63.2,7,87.5,4,50,14.43,0.57,20.25,81,72.3,101,78.9,25.25,33.67,3,75,57,19,0,0,1,0.15,50,0,0,0,2,0.286,116.7,4,57.1,0,0,3,75,2,33.3,0,0,0,0,0,0,0,0,57.1,15,1.19,28.6,71.4,0,0,19.1,9.6,19.1,9.55,9.55,2.73,1.36,9.6
2024,7,Chris Godwin,TB,WR,1,2,DET,11.475409836065573,17.142857142857142,80.9,7,100,6,85.7,14,0.86,10.5,63,87.5,98,100,16.33,19.6,5,83.3,56,11.2,8,1.6,1,0.38,100,0,0,0,4,0.571,158.3,4,80,1,16.7,6,100,1,20,0,0,1,0,0,0,0,0,85.7,7.92,1.385,0,100,0,0,20.8,14.9,20.8,14.85,5.95,2.97,2.12,14.9
2024,8,Jaxon Smith-Njigba,SEA,WR,1,2,NE,21.794871794871796,31.818181818181817,83.3,17,85,14,70,5.65,0.82,10.71,150,77.7,96,54.2,6.86,9.6,10,71.4,39,3.9,12,1.2,0,0.07,0,0,0,0,4,0.235,90.2,9,60,0,0,12,85.7,2,10,1,7.1,2,0,0,0,1,0.1,73.7,-1.45,0.426,5.9,94.1,0,0,19.6,23.9,19.6,23.92,-4.32,1.15,1.41,23.9
2024,9,Cooper Kupp,LA,WR,1,1,DET,80.76923076923077,82.35294117647058,100,21,100,14,66.7,4.48,0.67,7.14,100,61,94,69.6,6.71,8.55,11,78.6,28,2.55,12,1.09,1,1.05,100,3,1,0,5,0.238,118.5,14,70,0,0,12,85.7,1,22.2,0,0,1,0,0,1,1,0.09,66.7,-0.48,0.252,14.3,85.7,0,0,26.4,28.3,26.4,28.33,-1.93,1.26,1.35,28.3
2024,10,Demario Douglas,NE,WR,1,6,HST,21.428571428571427,33.33333333333333,60.3,9,100,8,88.9,10.22,0.89,7.5,60,92.3,92,100,11.5,15.33,6,75,57,9.5,23,3.83,1,0.02,100,0,0,0,4,0.444,112.5,7,87.5,0,0,6,75,0,33.3,0,0,0,0,0,0,0,0,88.9,4.38,0.232,0,100,0,0,21.2,11.2,21.2,11.23,9.97,2.36,1.25,11.2
2024,11,Deebo Samuel,SF,WR,1,6,SEA,16.666666666666664,25,82,8,88.9,4,44.4,11.38,0.5,9,36,58.1,91,69.5,22.75,45.5,2,50,72,36,23,11.5,1,0.32,50,2,1,0,1,0.125,135.4,4,50,1,25,4,100,1,50,0,0,1,0,0,0,2,1,44.4,14.68,1.126,50,50,0,0,17.1,9.2,17.1,9.19,7.91,2.14,1.15,9.2
2024,12,Devaughn Vele,DEN,WR,1,6,LAC,44.44444444444444,36.36363636363637,64.2,8,80,4,40,9.75,0.5,13,52,27.1,78,66.7,19.5,19.5,4,100,26,6.5,11,2.75,0,0.01,0,0,0,0,3,0.375,118.8,2,28.6,0,0,4,100,1,50,0,0,0,0,0,0,0,0,50,10.33,1.85,25,75,0,0,11.8,10,11.8,10.03,1.77,1.48,1.25,10
2024,13,Allen Lazard,NYJ,WR,1,6,BUF,14.285714285714285,9.090909090909092,93.2,8,88.9,2,22.2,9.63,0.25,39.5,79,70.5,77,62.6,38.5,38.5,2,100,2,1,0,0,1,0.73,100,0,1,1,2,0.25,158.3,2,25,0,0,2,100,2,100,0,0,2,2,100,1,0,0,22.2,25.89,4.803,62.5,37.5,0,0,15.7,10.3,15.7,10.29,5.41,1.96,1.29,10.3
2024,14,Rashee Rice,KC,WR,1,1,BLT,41.66666666666667,40,76,10,100,6,60,7.5,0.6,6.67,40,54.8,75,87.2,12.5,18.75,4,66.7,50,12.5,21,5.25,0,0.01,0,0,0,0,3,0.3,70.1,5,55.6,0,0,4,66.7,0,25,0,0,0,0,0,0,2,0.5,60,5.62,0.185,20,80,0,0,11.5,7.9,11.5,7.87,3.63,1.15,0.79,7.9
2024,15,Cole Kmet,CHI,TE,1,3,IND,43.75,57.14285714285714,81,14,66.7,8,38.1,5.29,0.57,6.38,51,19.1,74,46.8,9.25,9.25,8,100,23,2.88,12,1.5,1,1.14,50,3,0,0,5,0.357,144.8,6,37.5,1,12.5,8,100,0,0,0,0,2,2,100,0,1,0.13,47.1,1.99,1.139,7.1,85.7,7.1,0,21.4,20.2,21.4,20.2,1.2,1.53,1.44,20.2
2024,16,Khalil Shakir,BUF,WR,1,3,JAX,33.33333333333333,35.294117647058826,51.7,9,75,6,50,8,0.67,-1,-6,-20,72,57.1,12,12,6,100,78,13,21,3.5,1,0.67,50,1,0,0,5,0.556,156.3,4,50,2,33.3,6,100,0,16.7,0,0,0,0,0,0,3,0.5,60,6.96,1.792,0,100,0,0,19.2,14.2,19.2,14.2,5,2.13,1.58,14.2
2024,17,Drake London,ATL,WR,1,6,CAR,20.33898305084746,25.806451612903224,95.6,12,100,8,66.7,5.92,0.67,10.13,81,69.8,71,70.3,8.88,14.2,5,62.5,18,3.6,8,1.6,0,0.41,0,2,0,0,3,0.25,91.1,8,66.7,0,0,6,75,0,25,0,0,2,1,50,0,1,0.2,66.7,0.51,0.108,8.3,91.7,0,0,12.1,13.8,12.1,13.77,-1.67,1.01,1.15,13.8
2024,18,Isaiah Likely,BLT,TE,1,1,KC,26.666666666666668,41.17647058823529,70.3,8,53.3,7,46.7,8.88,0.88,13.86,97,74.6,71,60.2,10.14,17.75,4,57.1,45,11.25,7,1.75,1,0.64,100,3,2,0,3,0.375,131.5,4,36.4,0,0,5,71.4,1,33.3,0,0,1,0,0,0,2,0.5,70,1.49,0.389,12.5,87.5,0,0,17.1,12.3,17.1,12.29,4.81,2.14,1.54,12.3
2024,19,Stefon Diggs,HST,WR,1,3,MIN,19.047619047619047,27.27272727272727,84.1,8,66.7,6,50,8.63,0.75,8.33,50,57.5,69,71.9,11.5,11.5,6,100,19,3.17,9,1.5,0,0.01,0,0,0,0,4,0.5,114.6,6,60,0,0,6,100,0,0,0,0,1,1,100,0,1,0.17,66.7,3.98,0.261,25,75,0,0,12.9,11.7,12.9,11.74,1.16,1.61,1.47,11.7
2024,20,Chris Godwin,TB,WR,1,4,PHI,19.672131147540984,22.857142857142858,86.5,12,80,8,53.3,5.75,0.67,3.88,31,66,69,67.6,8.63,11.5,6,75,51,8.5,39,6.5,0,0.36,0,2,0,0,4,0.333,100.5,8,66.7,1,12.5,7,87.5,0,25,1,12.5,2,2,100,0,2,0.33,61.5,2.25,0.567,16.7,83.3,0,0,12.9,12.7,12.9,12.75,0.15,1.07,1.06,12.7
2024,21,Drake London,ATL,WR,1,5,TB,22.033898305084744,22.58064516129032,85.2,13,76.5,7,41.2,5.23,0.54,7.71,54,45.4,68,36.8,9.71,11.33,6,85.7,26,4.33,15,2.5,0,0.01,0,0,0,0,4,0.308,107.1,7,50,0,0,6,85.7,0,0,0,0,0,0,0,0,1,0.17,46.7,2.45,0.788,30.8,69.2,0,0,12.8,11.5,12.8,11.52,1.28,0.98,0.89,11.5
2024,22,Demario Douglas,NE,WR,1,3,NYJ,23.809523809523807,29.166666666666668,81.3,10,83.3,7,58.3,6.8,0.7,7,49,40.8,68,88.3,9.71,11.33,6,85.7,24,4,3,0.5,0,0.06,0,0,0,0,3,0.3,107.1,7,70,1,14.3,6,85.7,0,16.7,0,0,0,0,0,0,0,0,63.6,2.43,0.547,10,90,0,0,12.8,12.4,12.8,12.35,0.45,1.28,1.24,12.4
2024,23,Terry McLaurin,WAS,WR,1,5,CLV,16.666666666666664,16.666666666666664,66.2,7,63.6,2,18.2,9.43,0.29,45.5,91,56.9,66,51.6,33,66,1,50,15,15,7,7,0,0.04,0,0,0,0,1,0.143,95.8,1,11.1,0,0,1,50,2,100,0,0,0,0,0,0,0,0,28.6,18,2.842,71.4,28.6,0,0,7.6,5.6,7.6,5.6,2,1.09,0.8,5.6
2024,24,Jalen Tolbert,DAL,WR,1,2,NO,15.714285714285714,38.46153846153847,84.8,11,91.7,5,41.7,6,0.45,15.4,77,70,66,61.1,13.2,16.5,4,80,7,1.75,3,0.75,0,0.05,0,0,0,0,2,0.182,118.8,4,50,0,0,5,100,1,25,0,0,2,1,50,1,0,0,41.7,4.37,0.792,36.4,63.6,0,0,10.6,10.1,10.6,10.07,0.53,0.96,0.92,10.1
2024,25,Dallas Goedert,PHI,TE,1,3,NO,19.230769230769234,20,85.1,5,71.4,2,28.6,13,0.4,25.5,51,66.2,65,72.2,32.5,32.5,2,100,14,7,6,3,0,0.02,0,0,0,0,2,0.4,118.8,1,25,0,0,2,100,1,100,0,0,0,0,0,0,0,0,33.3,20.76,2.362,0,100,0,0,8.5,7.1,8.5,7.06,1.44,1.7,1.41,7.1
2024,26,Jake Ferguson,DAL,TE,1,3,BLT,22.916666666666664,37.5,68.6,11,73.3,6,40,5.91,0.55,8.83,53,29,65,47.1,10.83,16.25,4,66.7,27,6.75,10,2.5,0,0.01,0,0,0,0,3,0.273,102.8,4,30.8,0,0,4,66.7,1,25,0,0,1,1,100,0,1,0.25,54.5,3.26,0.25,18.2,81.8,0,0,10.5,6.9,10.5,6.88,3.62,0.95,0.63,6.9
2024,27,Brenton Strange,JAX,TE,1,2,CLV,29.72972972972973,50,69.1,11,100,7,63.6,5.91,0.64,16.86,118,55.1,65,70.7,9.29,21.67,3,42.9,14,4.67,5,1.67,0,0.02,0,1,2,0,2,0.182,76.5,5,55.6,0,0,5,71.4,2,66.7,2,28.6,0,0,0,0,0,0,63.6,1.3,0.365,9.1,81.8,9.1,0,9.5,13,9.5,12.95,-3.45,0.86,1.18,13
2024,28,Tutu Atwell,LA,WR,1,4,CHI,25,37.5,89.7,7,77.8,3,33.3,9.14,0.43,19,57,53.8,64,60.4,21.33,21.33,3,100,7,2.33,-1,-0.33,0,0.06,0,0,0,0,3,0.429,118.8,3,33.3,0,0,3,100,1,66.7,0,0,0,0,0,0,0,0,37.5,9.84,1.614,57.1,42.9,0,0,9.4,9.8,9.4,9.76,-0.36,1.34,1.39,9.8
2024,29,DeVonta Smith,PHI,WR,1,6,CLV,21.21212121212121,23.076923076923077,100,7,100,3,42.9,9.14,0.43,4,12,21.4,64,68.8,21.33,21.33,3,100,52,17.33,3,1,1,0.03,50,0,0,0,2,0.286,158.3,3,42.9,0,0,3,100,0,33.3,0,0,0,0,0,0,0,0,42.9,15.31,1.77,28.6,71.4,0,0,15.4,5.4,15.4,5.39,10.01,2.2,0.77,5.4
2024,30,Josh Downs,IND,WR,1,5,JAX,32.432432432432435,31.03448275862069,62.3,12,92.3,9,69.2,5.33,0.75,8.56,77,57.9,64,71.1,7.11,9.14,7,77.8,13,1.86,9,1.29,0,0.04,0,2,0,0,5,0.417,96.3,9,69.2,0,0,8,88.9,1,16.7,0,0,1,0,0,0,1,0.14,75,-0.68,0.302,16.7,83.3,0,0,13.4,14.7,13.4,14.74,-1.34,1.12,1.23,14.7
2024,31,JuJu Smith-Schuster,KC,WR,1,5,NO,26.31578947368421,50,66.3,5,41.7,2,16.7,12.6,0.4,2.5,5,26.3,63,46.3,31.5,31.5,2,100,58,29,8,4,0,0.02,0,0,0,0,1,0.2,118.8,1,10,1,50,2,100,0,50,0,0,0,0,0,0,0,0,28.6,25.47,1.636,60,40,0,0,8.3,4.6,8.3,4.57,3.73,1.66,0.91,4.6
2024,32,Tyler Conklin,NYJ,TE,1,3,NE,12.76595744680851,33.33333333333333,91.4,6,75,3,37.5,10.33,0.5,17.33,52,66.7,62,72.1,20.67,20.67,3,100,10,3.33,3,1,0,0.06,0,0,0,0,3,0.5,118.8,0,0,0,0,3,100,0,66.7,0,0,0,0,0,0,0,0,37.5,9.84,2.497,0,83.3,16.7,0,9.2,9.6,9.2,9.6,-0.4,1.53,1.6,9.6
2024,33,Amon-Ra St. Brown,DET,WR,1,2,TB,45.45454545454545,39.130434782608695,91.6,15,93.8,9,56.3,4.13,0.6,7.89,71,41.3,62,44.9,6.89,10.33,6,66.7,18,3,6,1,0,0.08,0,1,0,0,3,0.2,86.3,7,53.8,0,0,9,100,0,0,0,0,3,0,0,0,2,0.33,56.3,-0.48,0.241,26.7,73.3,0,0,12.2,15.7,12.2,15.69,-3.49,0.81,1.05,15.7
2024,34,Ladd McConkey,LAC,WR,1,4,KC,26.666666666666668,25,75.5,8,100,5,62.5,7.75,0.63,10.4,52,73.2,62,83.8,12.4,15.5,4,80,43,10.75,21,5.25,1,0.99,100,1,2,1,3,0.375,157.9,5,71.4,0,0,4,80,1,33.3,0,0,1,1,100,1,2,0.5,62.5,4.46,0.867,12.5,75,12.5,0,16.2,12.6,16.2,12.62,3.58,2.02,1.58,12.6
2024,35,Rome Odunze,CHI,WR,1,3,IND,41.30434782608695,50,98.8,19,90.5,7,33.3,3.26,0.37,22,154,57.7,62,39.2,8.86,20.67,3,42.9,13,4.33,7,2.33,1,0.89,50,1,1,1,3,0.158,74.7,6,37.5,0,0,4,57.1,4,50,0,0,2,1,50,0,0,0,33.3,-1.54,-0.298,47.4,47.4,0,5.3,15.2,13.3,15.2,13.3,1.9,0.8,0.7,13.3
2024,36,Christian Kirk,JAX,WR,1,3,BUF,21.53846153846154,27.27272727272727,73.5,14,82.4,9,52.9,4.36,0.64,6.56,59,60.2,61,82.4,6.78,8.71,7,77.8,24,3.43,7,1,0,0.3,0,1,1,0,4,0.286,94.9,9,64.3,2,22.2,8,88.9,1,14.3,0,0,1,0,0,0,0,0,64.3,-0.51,0.263,0,100,0,0,13.1,15.6,13.1,15.64,-2.54,0.94,1.12,15.6
2024,37,Jauan Jennings,SF,WR,1,3,LA,16.666666666666664,25,83.1,8,80,5,50,7.63,0.63,12.6,63,60,61,85.9,12.2,12.2,5,100,6,1.2,0,0,2,1.89,100,1,1,1,2,0.25,157.1,3,60,0,0,5,100,1,25,0,0,0,0,0,0,0,0,62.5,3.16,1.447,0,100,0,0,23.1,22.7,23.1,22.67,0.43,2.89,2.83,22.7
2024,38,Josh Downs,IND,WR,1,6,TEN,27.027027027027028,24.137931034482758,80.3,10,100,7,70,6.1,0.7,4.71,33,60,61,54.5,8.71,10.17,6,85.7,30,5,4,0.67,1,1.03,100,1,1,1,3,0.3,142.6,6,66.7,1,14.3,6,85.7,1,20,0,0,0,0,0,0,0,0,70,2.21,0.682,20,80,0,0,18.1,17.4,18.1,17.44,0.66,1.81,1.74,17.4
2024,39,Brock Bowers,LV,TE,1,2,BLT,17.77777777777778,24,68.3,8,66.7,6,50,7.63,0.75,4.83,29,54.7,61,75.3,10.17,10.17,6,100,32,5.33,13,2.17,0,0.16,0,1,0,0,3,0.375,109,4,50,2,33.3,6,100,1,16.7,0,0,2,2,100,0,0,0,66.7,3.03,0.861,12.5,87.5,0,0,12.1,11.1,12.1,11.12,0.98,1.51,1.39,11.1
2024,40,DK Metcalf,SEA,WR,1,2,NE,24.65753424657534,37.5,86.4,18,90,3,15,3.28,0.17,10.33,31,16.1,59,33.3,19.67,19.67,3,100,28,9.33,0,0,1,0.86,100,0,0,0,1,0.056,158.3,3,20,0,0,3,100,1,33.3,0,0,0,0,0,0,0,0,15.8,12.28,1.409,55.6,44.4,0,0,14.9,12.6,14.9,12.55,2.35,0.83,0.7,12.6
2024,41,Chris Olave,NO,WR,1,4,ATL,35.294117647058826,50,78.6,12,85.7,5,35.7,4.92,0.42,12.8,64,53.8,59,60.8,11.8,14.75,4,80,24,6,4,1,0,0.65,0,1,1,0,4,0.333,115.8,3,30,0,0,5,100,1,0,0,0,1,0,0,0,0,0,41.7,3.38,1.268,41.7,58.3,0,0,9.9,13.4,9.9,13.37,-3.47,0.83,1.11,13.4
2024,42,DeVonta Smith,PHI,WR,1,1,GB,27.27272727272727,38.46153846153847,100,9,90,5,50,6.44,0.56,10,50,64.1,58,71.6,11.6,14.5,4,80,40,10,12,3,0,0.03,0,0,0,0,3,0.333,75.4,4,57.1,1,20,4,80,1,25,0,0,0,0,0,0,4,1,50,4.16,0.702,11.1,88.9,0,0,9.8,7.9,9.8,7.87,1.93,1.09,0.87,7.9
2024,43,Rashid Shaheed,NO,WR,1,5,KC,20.51282051282051,21.428571428571427,86.3,8,100,3,37.5,7.25,0.38,35,105,64.8,58,66.7,19.33,29,2,66.7,3,1.5,0,0,1,0.49,100,0,0,0,2,0.25,149.3,3,42.9,0,0,2,66.7,2,50,0,0,0,0,0,0,0,0,37.5,6.36,1.666,50,50,0,0,13.8,9.5,13.8,9.55,4.25,1.73,1.19,9.5
2024,44,Zay Flowers,BLT,WR,1,2,LV,21.052631578947366,23.809523809523807,88.9,12,100,5,41.7,4.83,0.42,11.4,57,39.6,58,46.8,11.6,14.5,4,80,18,4.5,10,2.5,1,1.06,100,1,1,1,3,0.25,154.6,4,40,1,20,4,80,0,33.3,0,0,0,0,0,0,1,0.25,41.7,2.58,0.926,41.7,58.3,0,0,15.8,15.7,15.8,15.69,0.11,1.32,1.31,15.7
2024,45,Josh Downs,IND,WR,1,4,PIT,27.027027027027028,27.586206896551722,62.5,10,83.3,8,66.7,5.7,0.8,6.13,49,41.5,57,82.6,7.13,8.14,7,87.5,22,3.14,14,2,1,0.99,100,2,2,1,5,0.5,135.9,8,80,0,0,7,87.5,0,0,0,0,1,1,100,0,1,0.14,80,0.26,0.821,10,90,0,0,18.7,17.2,18.7,17.22,1.48,1.87,1.72,17.2
2024,46,Tyler Lockett,SEA,WR,1,6,SF,18.571428571428573,30.76923076923077,76.7,13,72.2,4,22.2,4.31,0.31,14.25,57,26.5,56,38.6,14,18.67,3,75,17,5.67,4,1.33,0,0.04,0,0,0,0,3,0.231,77.1,3,20,1,25,3,75,1,33.3,0,0,0,0,0,0,0,0,28.6,4.53,0.5,38.5,61.5,0,0,8.6,8.2,8.6,8.18,0.42,0.66,0.63,8.2
2024,47,Jauan Jennings,SF,WR,1,4,NE,18.75,25,56.7,9,81.8,5,45.5,6.22,0.56,14.2,71,48,56,57.7,11.2,28,2,40,8,4,4,2,0,0.23,0,1,1,0,2,0.222,82.1,5,62.5,0,0,4,80,1,50,1,20,1,1,100,0,0,0,55.6,2.27,0.005,11.1,88.9,0,0,7.6,8,7.6,8.05,-0.45,0.84,0.89,8
2024,48,Jameson Williams,DET,WR,1,2,TB,46.875,60,90.4,15,93.8,3,18.8,3.73,0.2,21.67,65,37.8,56,40.6,18.67,28,2,66.7,6,3,4,2,0,0.03,0,0,0,0,1,0.067,70.1,3,23.1,0,0,2,66.7,1,50,0,0,0,0,0,0,0,0,20,8.08,-0.617,66.7,33.3,0,0,7.6,6.5,7.6,6.47,1.13,0.51,0.43,6.5
2024,49,Trey McBride,ARZ,TE,1,6,GB,27.27272727272727,35.294117647058826,92.7,12,92.3,6,46.2,4.67,0.5,6.17,37,38.9,56,50.9,9.33,9.33,6,100,19,3.17,6,1,0,0.01,0,0,0,0,3,0.25,105.6,5,50,0,0,6,100,0,0,0,0,0,0,0,0,0,0,50,2.47,0.795,0,91.7,8.3,0,11.6,11.1,11.6,11.07,0.53,0.97,0.92,11.1
2024,50,Zay Flowers,BLT,WR,1,6,WAS,19.298245614035086,9.523809523809524,70.8,11,100,2,18.2,5.09,0.18,-4.5,-9,-6.9,56,34.8,28,28,2,100,65,32.5,3,1.5,0,0,0,0,0,0,2,0.182,118.8,2,20,2,100,2,100,0,50,0,0,0,0,0,0,0,0,18.2,23.68,1.982,36.4,63.6,0,0,7.6,3,7.6,3,4.6,0.69,0.27,3
2024,51,Drake London,ATL,WR,1,3,KC,16.94915254237288,19.35483870967742,100,10,66.7,6,40,5.5,0.6,7.5,45,71.4,55,64,9.17,11,5,83.3,23,4.6,20,4,1,1.03,100,3,2,1,3,0.3,144.4,6,40,0,0,5,83.3,0,0,0,0,1,1,100,0,2,0.4,40,1.83,0.717,20,80,0,0,16.5,14.3,16.5,14.33,2.17,1.65,1.43,14.3
2024,52,Demario Douglas,NE,WR,1,5,MIA,21.428571428571427,25,65.5,9,75,6,50,6.11,0.67,14.5,87,48.1,55,63.2,9.17,13.75,4,66.7,24,6,7,1.75,0,0.04,0,1,1,0,2,0.222,95.8,5,45.5,0,0,5,83.3,1,0,1,16.7,0,0,0,0,0,0,66.7,0.33,0.594,33.3,66.7,0,0,9.5,10.4,9.5,10.36,-0.86,1.06,1.15,10.4
2024,53,Ashton Dulin,IND,WR,1,1,HST,8.333333333333332,33.33333333333333,20.9,1,25,1,25,54,1,19,19,37.3,54,100,54,54,1,100,35,35,8,8,1,0.01,100,0,0,0,1,1,158.3,1,25,0,0,1,100,0,100,0,0,0,0,0,0,1,1,100,42.07,4.316,0,100,0,0,12.4,3.2,12.4,3.22,9.18,12.4,3.22,3.2
2024,54,Deebo Samuel,SF,WR,1,1,NYJ,22.916666666666664,37.5,72.9,11,84.6,6,46.2,4.91,0.55,11.83,71,46.1,54,43.9,9,13.5,4,66.7,34,8.5,21,5.25,0,0.09,0,0,0,0,3,0.273,95.1,5,45.5,0,0,4,66.7,2,25,0,0,0,0,0,0,1,0.25,54.5,1.25,0.155,36.4,54.5,0,9.1,9.4,8.3,9.4,8.28,1.12,0.85,0.75,8.3
2024,55,Khalil Shakir,BUF,WR,1,4,BLT,25.925925925925924,23.52941176470588,59.6,7,77.8,4,44.4,7.71,0.57,11.25,45,51.7,54,78.3,13.5,18,3,75,20,6.67,7,2.33,0,0.16,0,0,0,0,1,0.143,116.7,2,40,1,25,3,75,1,33.3,0,0,0,0,0,0,0,0,57.1,4.97,0.61,14.3,85.7,0,0,8.4,8.4,8.4,8.42,-0.02,1.2,1.2,8.4
2024,56,Wan'Dale Robinson,NYG,WR,1,3,CLV,16.9811320754717,16.666666666666664,58,9,100,6,66.7,6,0.67,1.83,11,18,54,87.1,9,10.8,5,83.3,48,9.6,25,5,0,0.04,0,1,0,0,4,0.444,104.2,5,62.5,0,0,5,83.3,0,25,0,0,2,2,100,0,1,0.2,66.7,3.52,0.657,0,100,0,0,10.4,6.9,10.4,6.89,3.51,1.16,0.77,6.9
2024,57,Mark Andrews,BLT,TE,1,6,WAS,18.75,23.076923076923077,50.8,6,54.5,3,27.3,8.83,0.5,13.67,41,31.5,53,32.9,17.67,26.5,2,66.7,17,8.5,1,0.5,0,0.04,0,1,0,0,2,0.333,70.1,3,30,0,0,2,66.7,1,50,0,0,0,0,0,0,0,0,37.5,7.47,-1.372,33.3,50,0,16.7,7.3,6.3,7.3,6.26,1.04,1.22,1.04,6.3
2024,58,Jaxon Smith-Njigba,SEA,WR,1,6,SF,21.794871794871796,20.454545454545457,93.2,17,94.4,9,50,3.12,0.53,10.22,92,42.8,53,36.6,5.89,10.6,5,55.6,20,4,1,0.2,0,0.55,0,2,2,0,3,0.176,72.9,8,53.3,1,11.1,7,77.8,1,0,0,0,1,0,0,0,0,0,50,-2.18,-0.056,11.8,88.2,0,0,10.3,17.5,10.3,17.48,-7.18,0.61,1.03,17.5
2024,59,Jayden Reed,GB,WR,1,5,LA,14.000000000000002,12.5,75.9,7,87.5,3,37.5,7.57,0.43,22,66,65.3,53,66.3,17.67,53,1,33.3,4,4,4,4,0,0.04,0,0,0,0,1,0.143,81.9,3,42.9,0,0,2,66.7,1,100,1,33.3,1,1,100,1,0,0,42.9,7.42,0.801,28.6,57.1,0,14.3,6.3,5.1,6.3,5.15,1.15,0.9,0.74,5.1
2024,60,Rashee Rice,KC,WR,1,3,ATL,41.66666666666667,46.666666666666664,75,10,76.9,7,53.8,5.2,0.7,4.29,30,50.8,52,51.5,7.43,8.67,6,85.7,25,4.17,8,1.33,1,0.27,50,1,0,0,4,0.4,137.2,7,58.3,0,0,7,100,0,0,1,14.3,0,0,0,0,1,0.17,63.6,1.12,0.933,20,80,0,0,17.2,14,17.2,14.02,3.18,1.72,1.4,14
2024,61,Jalen Coker,CAR,WR,1,5,CHI,37.5,50,53.4,9,75,3,25,5.78,0.33,12,36,30.8,52,46.4,17.33,17.33,3,100,16,5.33,16,5.33,0,0.02,0,0,0,0,3,0.333,118.8,2,22.2,0,0,3,100,0,33.3,0,0,0,0,0,0,1,0.33,33.3,8.08,1.659,11.1,88.9,0,0,8.2,7.1,8.2,7.12,1.08,0.91,0.79,7.1
2024,62,Hunter Henry,NE,TE,1,2,SEA,20,46.666666666666664,81.8,8,100,7,87.5,6.38,0.88,7.14,50,79.4,51,91.1,7.29,10.2,5,71.4,15,3,5,1,0,0.02,0,0,0,0,4,0.5,92,4,80,0,0,7,100,0,0,1,14.3,1,0,0,0,0,0,87.5,0.25,0.708,0,87.5,12.5,0,10.1,12.5,10.1,12.51,-2.41,1.26,1.56,12.5
2024,63,Mark Andrews,BLT,TE,1,2,LV,28.125,38.46153846153847,65.1,9,75,5,41.7,5.67,0.56,11.8,59,41,51,41.1,10.2,12.75,4,80,16,4,10,2.5,0,0.03,0,0,0,0,4,0.444,109.2,4,40,0,0,4,80,1,0,0,0,0,0,0,0,2,0.5,45.5,0.81,0.384,0,88.9,11.1,0,9.1,8.5,9.1,8.53,0.57,1.01,0.95,8.5
2024,64,KaVontae Turpin,DAL,WR,1,3,BLT,26.923076923076923,20,21.4,7,46.7,3,20,7.29,0.43,18.33,55,30.1,51,37,17,17,3,100,5,1.67,2,0.67,1,0.91,50,1,1,1,3,0.429,158.3,3,23.1,0,0,3,100,1,50,0,0,0,0,0,0,0,0,42.9,6.52,2.348,0,100,0,0,14.1,12.3,14.1,12.25,1.85,2.01,1.75,12.3
2024,65,Allen Lazard,NYJ,WR,1,1,SF,10.714285714285714,13.636363636363635,100,6,85.7,3,42.9,8.33,0.5,13.33,40,61.5,50,56.8,16.67,25,2,66.7,15,7.5,5,2.5,1,0.21,100,0,0,0,2,0.333,149.3,2,40,0,0,3,100,1,50,1,33.3,0,0,0,0,0,0,42.9,8.42,1.479,33.3,66.7,0,0,13,8,13,7.98,5.02,2.17,1.33,8
2024,66,Lil'Jordan Humphrey,DEN,WR,1,2,PIT,47.82608695652174,38.46153846153847,78.6,11,91.7,5,41.7,4.55,0.45,4.8,24,19.7,50,56.8,10,12.5,4,80,36,9,7,1.75,0,0.01,0,0,0,0,2,0.182,108.3,4,36.4,1,20,4,80,0,25,0,0,0,0,0,0,3,0.75,45.5,3.66,0.139,9.1,90.9,0,0,9,7,9,7.02,1.98,0.82,0.64,7
2024,67,Tutu Atwell,LA,WR,1,3,SF,14.285714285714285,12.5,72.7,4,66.7,1,16.7,12.5,0.25,49,49,67.1,50,63.3,50,50,1,100,1,1,0,0,0,0.08,0,0,0,0,1,0.25,118.8,1,20,0,0,1,100,1,100,0,0,0,0,0,0,0,0,25,35,3.488,50,50,0,0,6,4.6,6,4.62,1.38,1.5,1.16,4.6
2024,68,KaVontae Turpin,DAL,WR,1,5,PIT,23.076923076923077,26.666666666666668,28,6,40,4,26.7,8.33,0.67,4.25,17,11.3,50,32.5,12.5,12.5,4,100,33,8.25,10,2.5,0,0.09,0,0,0,0,1,0.167,118.8,3,27.3,2,50,4,100,1,25,0,0,0,0,0,0,1,0.25,66.7,6.14,1.39,16.7,66.7,0,16.7,9,8.9,9,8.93,0.07,1.5,1.49,8.9
2024,69,Andrei Iosivas,CIN,WR,1,3,WAS,23.076923076923077,50,76.7,12,66.7,6,33.3,4.17,0.5,10.17,61,46.9,50,42,8.33,12.5,4,66.7,8,2,1,0.25,0,0.02,0,1,0,0,3,0.25,92.4,2,18.2,0,0,4,66.7,0,0,0,0,0,0,0,0,0,0,42.9,0.14,0.407,25,75,0,0,9,9.2,9,9.15,-0.15,0.75,0.76,9.2
2024,70,Jayden Reed,GB,WR,1,3,TEN,18,25,59.3,9,100,6,66.7,5.56,0.67,-1,-6,-7.1,50,62.5,8.33,12.5,4,66.7,48,12,8,2,0,0.11,0,1,0,0,1,0.111,92.4,6,66.7,4,66.7,5,83.3,0,25,1,16.7,0,0,0,0,1,0.25,66.7,3.09,-0.157,11.1,88.9,0,0,9,8.8,9,8.77,0.23,1,0.97,8.8
2024,71,Christian Kirk,JAX,WR,1,4,HST,20,27.27272727272727,77.6,13,92.9,9,64.3,3.77,0.69,17.33,156,82.1,49,71,5.44,9.8,5,55.6,-10,-2,2,0.4,1,0.88,50,1,0,0,4,0.308,102.5,8,66.7,0,0,7,77.8,2,25,0,0,2,0,0,1,0,0,64.3,-4.31,0.164,23.1,76.9,0,0,15.9,18.8,15.9,18.84,-2.94,1.22,1.45,18.8
2024,72,CeeDee Lamb,DAL,WR,1,6,DET,14.285714285714285,33.33333333333333,69.2,10,62.5,8,50,4.9,0.8,8,64,51.2,49,62.8,6.13,12.25,4,50,18,4.5,7,1.75,0,0.01,0,2,1,0,2,0.2,29.7,8,57.1,1,12.5,4,50,0,0,0,0,0,0,0,0,1,0.25,80,-1.61,-0.142,0,100,0,0,8.9,8.5,8.9,8.5,0.4,0.89,0.85,8.5
2024,73,Chris Godwin,TB,WR,1,1,WAS,14.754098360655737,11.428571428571429,77,9,81.8,4,36.4,5.33,0.44,4.25,17,15.6,48,34.5,12,12,4,100,31,7.75,2,0.5,1,1.15,33.3,1,0,0,4,0.444,156.3,3,33.3,1,25,4,100,0,33.3,0,0,0,0,0,0,0,0,40,5.66,1.863,33.3,66.7,0,0,14.8,14.2,14.8,14.19,0.61,1.64,1.58,14.2
2024,74,Lil'Jordan Humphrey,DEN,WR,1,5,LV,17.391304347826086,15.384615384615385,63.8,4,80,2,40,12,0.5,8,16,20.8,48,100,24,24,2,100,32,16,25,12.5,0,0.02,0,0,0,0,2,0.5,118.8,1,33.3,1,50,2,100,0,100,0,0,0,0,0,0,3,1.5,50,15.8,1.798,25,75,0,0,6.8,4.6,6.8,4.61,2.19,1.7,1.15,4.6
2024,75,Brandon Aiyuk,SF,WR,1,5,ARZ,17.857142857142858,36.36363636363637,92.1,10,90.9,4,36.4,4.8,0.4,9.5,38,33.9,48,64,12,12,4,100,10,2.5,4,1,0,0.1,0,1,0,0,3,0.3,116.7,2,33.3,0,0,4,100,0,0,0,0,2,2,100,0,0,0,40,3.9,1.623,50,50,0,0,8.8,6.4,8.8,6.36,2.44,0.88,0.64,6.4
2024,76,Garrett Wilson,NYJ,WR,1,2,TEN,13.559322033898304,19.047619047619047,96.4,8,80,4,40,6,0.5,10.5,42,39.3,48,73.8,12,16,3,75,16,5.33,14,4.67,0,0.01,0,0,0,0,3,0.375,114.6,3,37.5,0,0,3,75,0,33.3,0,0,1,1,100,0,2,0.67,40,3.64,0.865,25,75,0,0,7.8,6,7.8,6.01,1.79,0.97,0.75,6
2024,77,Jaxon Smith-Njigba,SEA,WR,1,4,DET,23.076923076923077,25,84.6,18,94.7,11,57.9,2.67,0.61,7.73,85,63.4,48,35.8,4.36,6.86,7,63.6,20,2.86,6,0.86,0,0.02,0,2,2,0,3,0.167,35.4,7,50,1,9.1,8,72.7,1,0,0,0,1,0,0,0,1,0.14,57.9,-2.87,-0.06,11.1,88.9,0,0,11.8,13.6,11.8,13.61,-1.81,0.66,0.76,13.6
2024,78,Brock Bowers,LV,TE,1,6,PIT,24.444444444444443,28.000000000000004,80,11,84.6,7,53.8,4.36,0.64,12.14,85,69.1,48,84.2,6.86,9.6,5,71.4,31,6.2,16,3.2,0,0.31,0,1,0,0,1,0.091,50.6,5,62.5,1,14.3,6,85.7,2,0,0,0,1,0,0,0,1,0.2,63.6,-0.6,-0.207,9.1,90.9,0,0,9.8,11.8,9.8,11.76,-1.96,0.89,1.07,11.8
2024,79,Stefon Diggs,HST,WR,1,5,BUF,23.809523809523807,27.27272727272727,86.6,10,90.9,6,54.5,4.7,0.6,7,42,46.7,47,40.9,7.83,11.75,4,66.7,30,7.5,15,3.75,0,0.02,0,0,0,0,3,0.3,50.7,5,55.6,2,33.3,4,66.7,1,0,0,0,0,0,0,0,0,0,54.5,0.38,-0.178,20,80,0,0,8.7,7.5,8.7,7.47,1.23,0.87,0.75,7.5
2024,80,Mike Gesicki,CIN,TE,1,3,WAS,27.77777777777778,26.666666666666668,50,10,55.6,4,22.2,4.7,0.4,8,32,24.6,47,39.5,11.75,11.75,4,100,15,3.75,3,0.75,0,0.07,0,0,0,0,4,0.4,115.6,2,18.2,0,0,4,100,0,0,0,0,1,1,100,0,0,0,36.4,3.7,0.676,20,80,0,0,8.7,7,8.7,7.02,1.68,0.87,0.7,7
2024,81,Greg Dortch,ARZ,WR,1,1,BUF,23.636363636363637,40,61.7,13,100,8,61.5,3.62,0.62,7.75,62,72.9,47,71.2,5.88,7.83,6,75,20,3.33,3,0.5,0,0.25,0,1,0,0,4,0.308,89.1,6,60,0,0,7,87.5,1,0,0,0,2,1,50,0,0,0,61.5,-1.28,0.307,7.7,92.3,0,0,10.7,12.7,10.7,12.74,-2.04,0.82,0.98,12.7
2024,82,Wan'Dale Robinson,NYG,WR,1,4,DAL,28.30188679245283,27.77777777777778,64.6,15,93.8,10,62.5,3.13,0.67,5.9,59,64.8,47,60.3,4.7,6.71,7,70,24,3.43,15,2.14,0,0.28,0,2,0,0,2,0.133,80,7,53.8,0,0,8,80,1,0,1,10,1,1,100,0,4,0.57,66.7,-1.75,-0.311,0,100,0,0,11.7,13.4,11.7,13.4,-1.7,0.78,0.89,13.4
2024,83,Zay Flowers,BLT,WR,1,5,CIN,21.052631578947366,23.809523809523807,81.8,12,100,5,41.7,3.83,0.42,11,55,34.6,46,44.2,9.2,15.33,3,60,36,12,15,5,0,0.02,0,0,0,0,2,0.167,90.4,5,55.6,1,20,4,80,1,33.3,0,0,1,0,0,0,5,1.67,41.7,1.09,0.311,58.3,41.7,0,0,7.6,7.9,7.6,7.92,-0.32,0.63,0.66,7.9
2024,84,Tyler Conklin,NYJ,TE,1,5,MIN,25.53191489361702,33.33333333333333,81.7,12,70.6,3,17.6,3.75,0.25,5.67,17,11.3,45,38.8,15,15,3,100,28,9.33,10,3.33,0,0.01,0,0,0,0,2,0.167,118.8,2,16.7,0,0,3,100,0,33.3,0,0,0,0,0,0,0,0,18.8,7.23,0.802,0,66.7,33.3,0,7.5,6.3,7.5,6.35,1.15,0.63,0.53,6.3
2024,85,Pat Freiermuth,PIT,TE,1,4,IND,17.142857142857142,30,76.5,6,85.7,3,42.9,7.5,0.5,9.33,28,33.7,45,43.3,15,15,3,100,17,5.67,16,5.33,1,0.32,100,1,0,0,2,0.333,158.3,2,40,0,0,3,100,0,50,0,0,0,0,0,0,1,0.33,50,7.01,1.102,0,83.3,16.7,0,13.5,8,13.5,7.97,5.53,2.25,1.33,8
2024,86,Ja'Marr Chase,CIN,WR,1,1,NE,12.903225806451612,25,83.3,8,66.7,4,33.3,5.63,0.5,7.5,30,30.3,45,60,11.25,11.25,4,100,15,3.75,3,0.75,0,0.03,0,0,0,0,1,0.125,113.5,4,36.4,1,25,4,100,1,25,0,0,0,0,0,0,0,0,44.4,3.89,0.609,25,75,0,0,8.5,9,8.5,8.96,-0.46,1.06,1.12,9
2024,87,Mike Gesicki,CIN,TE,1,2,KC,19.444444444444446,33.33333333333333,47.5,7,63.6,5,45.5,6.29,0.71,5.2,26,45.6,44,72.1,8.8,8.8,5,100,18,3.6,11,2.2,0,0.03,0,0,0,0,2,0.286,103.3,5,62.5,0,0,5,100,0,0,0,0,0,0,0,0,1,0.2,71.4,2.17,0.526,14.3,85.7,0,0,9.4,9.4,9.4,9.44,-0.04,1.34,1.35,9.4
2024,88,Jalen Nailor,MIN,WR,1,2,SF,35.483870967741936,42.857142857142854,92.6,11,91.7,3,25,4,0.27,16.33,49,29.3,44,21.7,14.67,22,2,66.7,7,3.5,1,0.5,0,0.29,0,1,1,0,2,0.182,109.7,2,25,0,0,3,100,1,50,0,0,0,0,0,0,0,0,27.3,4.81,0.62,63.6,36.4,0,0,6.4,9,6.4,8.99,-2.59,0.58,0.82,9
2024,89,Christian Watson,GB,WR,1,6,ARZ,30,40,60,6,60,2,20,7.33,0.33,29.5,59,45.4,44,59.5,22,44,1,50,4,4,0,0,1,0.96,33.3,1,1,0,1,0.167,135.4,2,28.6,0,0,2,100,1,100,0,0,1,0,0,0,0,0,33.3,8.53,1.659,50,50,0,0,11.4,11.6,11.4,11.57,-0.17,1.9,1.93,11.6
2024,90,Chris Godwin,TB,WR,1,5,ATL,8.19672131147541,8.571428571428571,98,5,71.4,3,42.9,8.6,0.6,8.67,26,30.6,43,60.6,14.33,14.33,3,100,17,5.67,4,1.33,0,0.04,0,1,0,0,2,0.4,118.8,2,33.3,0,0,3,100,0,50,0,0,0,0,0,0,1,0.33,42.9,6.86,1.006,20,80,0,0,7.3,6.3,7.3,6.33,0.97,1.46,1.27,6.3
2024,91,Colby Parkinson,LA,TE,1,5,GB,28.57142857142857,56.25,78.9,14,82.4,9,52.9,3.07,0.64,6,54,64.3,43,48.9,4.78,7.17,6,66.7,16,2.67,6,1,0,0.01,0,2,2,0,1,0.071,77.5,4,33.3,0,0,6,66.7,0,0,0,0,0,0,0,0,0,0,64.3,-2.23,-0.499,0,78.6,21.4,0,10.3,10.6,10.3,10.56,-0.26,0.74,0.75,10.6
2024,92,Ladd McConkey,LAC,WR,1,6,DEN,23.333333333333332,20,64,7,100,4,57.1,6.14,0.57,7.75,31,44.9,43,45.3,10.75,10.75,4,100,12,3,7,1.75,0,0.1,0,1,0,0,2,0.286,111.5,4,66.7,0,0,4,100,0,0,0,0,0,0,0,0,2,0.5,57.1,3.58,0.891,14.3,85.7,0,0,8.3,8.8,8.3,8.8,-0.5,1.19,1.26,8.8
2024,93,Demarcus Robinson,LA,WR,1,2,ARZ,14.035087719298245,22.22222222222222,92.3,8,100,2,25,5.25,0.25,26.5,53,45.3,42,36.8,21,42,1,50,0,0,0,0,0,0.05,0,1,1,0,1,0.125,95.8,1,20,0,0,1,50,1,100,0,0,0,0,0,0,0,0,25,9.34,1.248,75,25,0,0,5.2,4.3,5.2,4.33,0.87,0.65,0.54,4.3
2024,94,Darnell Mooney,ATL,WR,1,5,TB,23.4375,25,98.8,15,88.2,4,23.5,2.8,0.27,6.25,25,21,42,22.7,10.5,10.5,4,100,17,4.25,4,1,1,0.35,100,0,0,0,2,0.133,150,3,21.4,1,25,4,100,1,25,0,0,1,1,100,1,0,0,25,3.1,1.714,53.3,46.7,0,0,14.2,8.8,14.2,8.84,5.36,0.95,0.59,8.8
2024,95,George Pickens,PIT,WR,1,4,IND,17.073170731707318,20,86.8,7,100,3,42.9,6,0.43,13.33,40,48.2,42,40.4,14,21,2,66.7,7,3.5,4,2,0,0.03,0,1,1,0,1,0.143,109.7,2,40,0,0,2,66.7,1,50,0,0,0,0,0,0,0,0,42.9,5.66,0.732,42.9,57.1,0,0,6.2,5.6,6.2,5.63,0.57,0.89,0.8,5.6
2024,96,Khalil Shakir,BUF,WR,1,1,ARZ,14.814814814814813,17.647058823529413,53.4,4,66.7,3,50,10.5,0.75,3.33,10,32.3,42,70,14,14,3,100,32,10.67,18,6,1,0.51,50,1,0,0,2,0.5,158.3,2,50,1,33.3,3,100,0,0,0,0,0,0,0,0,2,0.67,60,7.73,1.293,25,75,0,0,13.2,8.5,13.2,8.47,4.73,3.3,2.12,8.5
2024,97,Garrett Wilson,NYJ,WR,1,6,BUF,15.254237288135593,14.285714285714285,98.3,9,100,3,33.3,4.67,0.33,2.67,8,7.1,42,34.1,14,14,3,100,34,11.33,15,5,0,0.01,0,1,0,0,2,0.222,118.8,3,37.5,1,33.3,3,100,0,33.3,0,0,0,0,0,0,1,0.33,33.3,8.03,1.088,33.3,66.7,0,0,7.2,5.1,7.2,5.11,2.09,0.8,0.57,5.1
2024,98,Zach Ertz,WAS,TE,1,2,NYG,9.75609756097561,13.333333333333334,65.2,4,66.7,2,33.3,10.25,0.5,17,34,85,41,113.9,20.5,20.5,2,100,7,3.5,2,1,0,0,0,0,0,0,2,0.5,118.8,2,33.3,0,0,2,100,1,100,0,0,1,1,100,0,0,0,40,9.48,2.31,25,75,0,0,6.1,4.3,6.1,4.26,1.84,1.52,1.06,4.3
2024,99,Tyreek Hill,MIA,WR,1,1,JAX,22.5,37.5,70.8,9,64.3,6,42.9,4.56,0.67,15.5,93,102.2,41,42.3,6.83,13.67,3,50,17,5.67,6,2,0,0.04,0,1,0,0,2,0.222,72.2,6,42.9,1,16.7,3,50,3,50,0,0,1,1,100,0,1,0.33,54.5,-2.73,0.11,22.2,77.8,0,0,7.1,4.8,7.1,4.82,2.28,0.79,0.54,4.8
2024,100,Darnell Mooney,ATL,WR,1,2,PHI,12.5,18.75,100,8,100,3,37.5,5.13,0.38,21.67,65,50.8,41,50.6,13.67,41,1,33.3,25,25,15,15,1,0.06,100,0,0,0,1,0.125,121.5,2,40,0,0,2,66.7,1,100,0,0,1,0,0,0,1,1,37.5,2.35,0.94,62.5,37.5,0,0,11.1,4.6,11.1,4.59,6.51,1.39,0.57,4.6
2024,101,Justin Jefferson,MIN,WR,1,5,NYJ,27.027027027027028,29.411764705882355,93.9,10,100,5,50,4.1,0.5,10.2,51,39.8,41,49.4,8.2,13.67,3,60,8,2.67,3,1,0,0.11,0,0,0,0,2,0.2,86.3,4,50,0,0,5,100,1,33.3,0,0,3,1,33.3,0,0,0,50,0.1,0.271,40,60,0,0,7.1,9.6,7.1,9.58,-2.48,0.71,0.96,9.6
2024,102,Dalton Kincaid,BUF,TE,1,3,JAX,15,15.789473684210526,53.3,6,50,3,25,6.83,0.5,11,33,110,41,32.5,13.67,13.67,3,100,17,5.67,8,2.67,1,1.21,50,1,1,1,2,0.333,158.3,1,12.5,0,0,3,100,0,50,0,0,0,0,0,0,1,0.33,37.5,4.03,1.867,16.7,66.7,16.7,0,13.1,14.4,13.1,14.4,-1.3,2.18,2.4,14.4
2024,103,Ja'Tavion Sanders,CAR,TE,1,6,ATL,37.5,44.44444444444444,72.6,12,75,4,25,3.42,0.33,6,24,26.1,41,33.9,10.25,10.25,4,100,17,4.25,8,2,0,0.01,0,0,0,0,1,0.083,109.4,1,9.1,0,0,4,100,0,25,0,0,0,0,0,0,1,0.25,33.3,2.43,-0.018,8.3,83.3,8.3,0,8.1,8.2,8.1,8.17,-0.07,0.67,0.68,8.2
2024,104,Adam Thielen,CAR,WR,1,3,LV,40.909090909090914,40,32.9,9,69.2,4,30.8,4.44,0.44,13,52,54.7,40,28.2,10,13.33,3,75,4,1.33,0,0,1,0.94,50,0,1,1,2,0.222,145.8,4,30.8,0,0,4,100,1,33.3,1,25,0,0,0,0,0,0,40,1.64,0.905,22.2,77.8,0,0,13,15.5,13,15.47,-2.47,1.44,1.72,15.5
2024,105,Mark Andrews,BLT,TE,1,5,CIN,18.75,15.384615384615385,54.5,6,50,2,16.7,6.67,0.33,14.5,29,18.2,40,38.5,20,20,2,100,11,5.5,7,3.5,0,0.4,0,1,0,0,2,0.333,118.8,2,22.2,0,0,2,100,0,100,0,0,1,1,100,0,0,0,22.2,9.14,1.676,33.3,50,16.7,0,6,6.3,6,6.29,-0.29,1,1.05,6.3
2024,106,Diontae Johnson,CAR,WR,1,3,LV,21.428571428571427,12.5,77.1,12,92.3,2,15.4,3.33,0.17,9.5,19,20,40,28.2,20,20,2,100,29,14.5,16,8,1,0.98,50,1,1,1,2,0.167,158.3,2,15.4,0,0,2,100,0,100,0,0,0,0,0,0,2,1,16.7,12.07,2.702,75,25,0,0,12,9.2,12,9.21,2.79,1,0.77,9.2
2024,107,Gabe Davis,JAX,WR,1,1,MIA,15.517241379310345,50,96,9,90,2,20,4.44,0.22,14,28,22.6,40,44.9,20,20,2,100,12,6,4,2,0,0.01,0,0,0,0,2,0.222,118.8,1,11.1,0,0,2,100,0,100,0,0,0,0,0,0,2,1,20,10.01,1.159,55.6,44.4,0,0,6,5.2,6,5.22,0.78,0.67,0.58,5.2
2024,108,Tyler Lockett,SEA,WR,1,5,NYG,12.857142857142856,15.384615384615385,84.5,9,75,2,16.7,4.33,0.22,16,32,44.4,39,41.1,19.5,19.5,2,100,7,3.5,1,0.5,0,0.02,0,0,0,0,1,0.111,118.8,2,25,0,0,2,100,1,50,0,0,0,0,0,0,3,1.5,20,9.52,1.066,66.7,33.3,0,0,5.9,5.9,5.9,5.87,0.03,0.66,0.65,5.9
2024,109,Christian Kirk,JAX,WR,1,6,CHI,16.923076923076923,18.181818181818183,75,11,91.7,6,50,3.55,0.55,11,66,53.2,39,58.2,6.5,13,3,50,25,8.33,10,3.33,0,0.53,0,2,1,0,3,0.273,31.3,6,54.5,1,16.7,4,66.7,1,0,1,16.7,1,0,0,0,0,0,54.5,-1.87,0.092,36.4,63.6,0,0,6.9,9.1,6.9,9.05,-2.15,0.63,0.82,9.1
2024,110,Olamide Zaccheaus,WAS,WR,1,4,ARZ,18.75,37.5,26.9,3,21.4,3,21.4,13,1,2,6,6.1,39,41.5,13,13,3,100,33,11,4,1.33,0,0.09,0,0,0,0,3,1,118.8,3,37.5,1,33.3,3,100,0,0,0,0,0,0,0,0,0,0,100,7.18,0.949,0,100,0,0,6.9,5.9,6.9,5.92,0.98,2.3,1.97,5.9
2024,111,Elijah Moore,CLV,WR,1,2,JAX,20.588235294117645,28.57142857142857,70.8,7,100,4,57.1,5.57,0.57,7.5,30,50.8,39,68.4,9.75,13,3,75,15,5,3,1,0,0.02,0,0,0,0,2,0.286,105.2,4,66.7,0,0,4,100,0,33.3,1,25,0,0,0,0,2,0.67,57.1,2.47,0.718,42.9,57.1,0,0,6.9,7.9,6.9,7.92,-1.02,0.99,1.13,7.9
2024,112,Wan'Dale Robinson,NYG,WR,1,1,MIN,16.9811320754717,19.444444444444446,67.6,9,90,7,70,4.33,0.78,6.14,43,60.6,39,100,5.57,7.8,5,71.4,10,2,4,0.8,0,0.04,0,2,0,0,1,0.111,84.8,5,71.4,0,0,5,71.4,0,0,0,0,1,1,100,0,1,0.2,77.8,-1.4,-0.206,0,100,0,0,8.9,8.4,8.9,8.41,0.49,0.99,0.93,8.4
2024,113,Ryan Miller,TB,WR,1,6,NO,100,100,44.4,4,25,1,6.3,9.75,0.25,0,0,0,39,20.4,39,39,1,100,39,39,7,7,0,0,0,0,0,0,1,0.25,118.8,1,7.7,0,0,1,100,0,100,0,0,0,0,0,0,0,0,20,32.96,3.271,50,50,0,0,4.9,1.6,4.9,1.64,3.26,1.23,0.41,1.6
2024,114,Allen Lazard,NYJ,WR,1,4,DEN,23.214285714285715,27.27272727272727,87.1,13,92.9,6,42.9,2.92,0.46,5.33,32,43.2,38,46.3,6.33,12.67,3,50,16,5.33,3,1,0,0.03,0,0,0,0,2,0.154,70.1,5,45.5,1,16.7,4,66.7,0,33.3,0,0,1,0,0,0,0,0,42.9,-0.81,0.007,30.8,69.2,0,0,6.8,7.4,6.8,7.38,-0.58,0.52,0.57,7.4
2024,115,Greg Dortch,ARZ,WR,1,4,WAS,20,20,72.4,11,91.7,4,33.3,3.45,0.36,3,12,25.5,38,57.6,9.5,9.5,4,100,26,6.5,9,2.25,0,0.02,0,1,0,0,1,0.091,106.3,3,33.3,1,25,4,100,0,0,0,0,0,0,0,0,0,0,36.4,3.48,0.49,27.3,72.7,0,0,7.8,6.8,7.8,6.8,1,0.71,0.62,6.8
2024,116,Josh Palmer,LAC,WR,1,6,DEN,25.925925925925924,40,53.3,7,100,2,28.6,5.43,0.29,12.5,25,36.2,38,40,19,19,2,100,13,6.5,1,0.5,0,0.02,0,0,0,0,2,0.286,118.8,2,33.3,0,0,2,100,0,50,0,0,0,0,0,0,0,0,28.6,10.02,2.573,28.6,71.4,0,0,5.8,5,5.8,5,0.8,0.83,0.71,5
2024,117,Khalil Shakir,BUF,WR,1,2,MIA,11.11111111111111,17.647058823529413,68.9,3,42.9,3,42.9,12.67,1,11,33,143.5,38,58.5,12.67,12.67,3,100,5,1.67,3,1,0,0.02,0,0,0,0,2,0.667,118.8,0,0,0,0,3,100,0,33.3,0,0,1,1,100,0,0,0,50,4.1,1.877,0,100,0,0,6.8,6.7,6.8,6.68,0.12,2.27,2.23,6.7
2024,118,Garrett Wilson,NYJ,WR,1,1,SF,11.864406779661017,14.285714285714285,95.9,7,100,3,42.9,5.43,0.43,7,21,32.3,38,43.2,12.67,12.67,3,100,17,5.67,4,1.33,0,0.02,0,1,0,0,2,0.286,118.8,3,60,1,33.3,3,100,0,0,0,0,1,1,100,1,1,0.33,42.9,5.28,1.825,42.9,57.1,0,0,6.8,5,6.8,4.97,1.83,0.97,0.71,5
2024,119,Jameson Williams,DET,WR,1,6,DAL,9.375,20,74.2,3,42.9,1,14.3,12.33,0.33,35,35,47.3,37,63.8,37,37,1,100,2,2,0,0,1,0.66,100,0,0,0,1,0.333,158.3,1,20,0,0,1,100,1,100,0,0,0,0,0,0,0,0,20,23.3,4.899,33.3,66.7,0,0,10.7,8.4,10.7,8.37,2.33,3.57,2.79,8.4
2024,120,Tucker Kraft,GB,TE,1,4,MIN,41.17647058823529,66.66666666666666,85.1,14,70,4,20,2.64,0.29,1.5,6,3.6,37,20.1,9.25,9.25,4,100,31,7.75,12,3,0,0.01,0,1,0,0,1,0.071,105.2,1,7.1,1,25,4,100,0,33.3,0,0,0,0,0,0,0,0,26.7,3.61,-0.599,28.6,42.9,28.6,0,6.7,6.4,6.7,6.41,0.29,0.55,0.46,6.4
2024,121,Jonathan Mingo,CAR,WR,1,5,CHI,20,23.076923076923077,67.2,9,75,3,25,4.11,0.33,23.33,70,59.8,37,33,12.33,18.5,2,66.7,9,4.5,0,0,0,0.13,0,0,0,0,1,0.111,69.4,3,33.3,0,0,2,66.7,2,50,0,0,0,0,0,0,0,0,30,1.4,0.385,66.7,33.3,0,0,5.7,5.7,5.7,5.7,0,0.63,0.63,5.7
2024,122,Greg Dortch,ARZ,WR,1,6,GB,18.181818181818183,20,61.8,10,76.9,4,30.8,3.6,0.4,3.75,15,15.8,36,32.7,9,12,3,75,31,10.33,17,5.67,0,0.01,0,0,0,0,1,0.1,102.1,2,20,0,0,3,75,0,0,0,0,0,0,0,0,1,0.33,40,2.87,-0.912,10,90,0,0,5.6,5.2,5.6,5.19,0.41,0.66,0.52,5.2
2024,123,Calvin Austin,PIT,WR,1,6,LV,11.428571428571429,33.33333333333333,35.5,4,57.1,4,57.1,9,1,16.25,65,80.2,36,69.2,9,18,2,50,2,1,0,0,0,0.04,0,0,0,0,2,0.5,81.3,3,50,0,0,2,50,1,50,0,0,0,0,0,0,0,0,100,-0.95,0.667,0,100,0,0,5.6,6.2,5.6,6.18,-0.58,1.4,1.54,6.2
2024,124,Andrei Iosivas,CIN,WR,1,6,NYG,5.769230769230769,16.666666666666664,67.3,3,42.9,2,28.6,12,0.67,15.5,31,93.9,36,39.1,18,18,2,100,5,2.5,2,1,0,0.08,0,0,0,0,1,0.333,118.8,0,0,0,0,2,100,1,50,0,0,0,0,0,1,0,0,40,9.02,1.156,33.3,66.7,0,0,5.6,6.5,5.6,6.49,-0.89,1.87,2.16,6.5
2024,125,Marvin Harrison,ARZ,WR,1,5,SF,13.043478260869565,33.33333333333333,77.2,6,85.7,3,42.9,6,0.5,14,42,60.9,36,70.6,12,18,2,66.7,5,2.5,2,1,0,0.02,0,0,0,0,2,0.333,107.6,2,50,0,0,3,100,0,50,0,0,1,0,0,0,0,0,42.9,2.07,1.619,16.7,83.3,0,0,5.6,5.6,5.6,5.62,-0.02,0.93,0.94,5.6
2024,126,Adam Thielen,CAR,WR,1,1,NO,27.27272727272727,30,69.1,6,75,3,37.5,5.83,0.5,16.33,49,43,35,66,11.67,17.5,2,66.7,14,7,0,0,0,0,0,0,0,0,1,0.167,66.7,2,28.6,0,0,2,66.7,1,50,0,0,0,0,0,0,0,0,50,2.52,0.817,33.3,66.7,0,0,5.5,4.8,5.5,4.81,0.69,0.92,0.8,4.8
2024,127,DeAndre Hopkins,TEN,WR,1,3,GB,42.857142857142854,100,45.3,6,60,2,20,5.83,0.33,16,32,48.5,35,35.4,17.5,17.5,2,100,3,1.5,1,0.5,0,0.01,0,0,0,0,2,0.333,118.8,1,33.3,0,0,2,100,0,50,0,0,0,0,0,0,0,0,33.3,7.08,1.323,50,50,0,0,5.5,5.5,5.5,5.55,-0.05,0.92,0.92,5.5
2024,128,Jauan Jennings,SF,WR,1,1,NYJ,20.833333333333336,15,47.1,10,76.9,3,23.1,3.5,0.3,10,30,19.5,35,28.5,11.67,11.67,3,100,5,1.67,4,1.33,0,0.34,0,1,0,0,2,0.2,115.3,3,27.3,0,0,3,100,0,50,0,0,0,0,0,0,2,0.67,30,3.51,0.944,20,80,0,0,6.5,8.6,6.5,8.58,-2.08,0.65,0.86,8.6
2024,129,Xavier Legette,CAR,WR,1,3,LV,6.0606060606060606,20,57.1,2,15.4,1,7.7,17.5,0.5,9,9,9.5,35,24.6,35,35,1,100,26,26,1,1,0,0,0,0,0,0,1,0.5,118.8,1,7.7,0,0,1,100,0,100,0,0,0,0,0,0,0,0,33.3,27.55,2.622,50,50,0,0,4.5,2.1,4.5,2.11,2.39,2.25,1.06,2.1
2024,130,Mike Evans,TB,WR,1,6,NO,20,30.76923076923077,54.2,11,68.8,4,25,3.09,0.36,11.75,47,46.5,34,17.8,8.5,17,2,50,15,7.5,7,3.5,0,0.01,0,1,1,0,2,0.182,79.2,3,23.1,0,0,2,50,0,50,0,0,0,0,0,0,0,0,36.4,-0.25,-0.061,54.5,45.5,0,0,5.4,4.1,5.4,4.15,1.25,0.49,0.38,4.1
2024,131,Allen Lazard,NYJ,WR,1,5,MIN,26.785714285714285,36.36363636363637,100,15,88.2,8,47.1,2.27,0.53,11,88,58.7,34,29.3,4.25,8.5,4,50,12,3,7,1.75,1,0.87,100,3,2,1,2,0.133,61.5,6,50,1,12.5,6,75,2,0,1,12.5,3,2,66.7,0,0,0,47.1,-4.43,0.082,40,60,0,0,13.4,12.9,13.4,12.89,0.51,0.89,0.86,12.9
2024,132,Calvin Austin,PIT,WR,1,3,LAC,20,25,52.3,7,77.8,3,33.3,4.86,0.43,13,39,52,34,43.6,11.33,17,2,66.7,19,9.5,4,2,0,0,0,1,1,0,1,0.143,104.9,3,33.3,0,0,2,66.7,1,50,0,0,0,0,0,0,1,0.5,42.9,2.61,0.989,42.9,57.1,0,0,5.4,3.9,5.4,3.9,1.5,0.77,0.56,3.9
2024,133,Hayden Hurst,LAC,TE,1,1,LV,40.909090909090914,42.857142857142854,63,9,90,3,30,3.67,0.33,13.33,40,38.5,33,57.9,11,16.5,2,66.7,8,4,4,2,0,0.06,0,1,1,0,1,0.111,103.5,3,50,0,0,2,66.7,1,50,0,0,0,0,0,0,0,0,33.3,1.37,0.25,33.3,66.7,0,0,5.3,5.5,5.3,5.48,-0.18,0.59,0.61,5.5
2024,134,Mecole Hardman,KC,WR,1,5,NO,80,100,10,4,33.3,4,33.3,8.25,1,-2.5,-10,-52.6,33,24.3,8.25,8.25,4,100,43,10.75,9,2.25,0,0.3,0,2,0,0,2,0.5,101,4,40,4,100,4,100,0,0,0,0,0,0,0,0,1,0.25,100,3,0.607,0,100,0,0,7.3,8,7.3,8.05,-0.75,1.82,2.01,8
2024,135,Diontae Johnson,CAR,WR,1,4,CIN,16.071428571428573,18.75,81.4,9,90,3,30,3.67,0.33,12.33,37,52.1,33,43.4,11,11,3,100,0,0,0,0,1,0.56,50,0,1,1,2,0.222,152.1,3,37.5,0,0,3,100,1,33.3,0,0,1,1,100,0,1,0.33,33.3,2.65,1.948,66.7,33.3,0,0,12.3,8.5,12.3,8.46,3.84,1.37,0.94,8.5
2024,136,Tee Higgins,CIN,WR,1,6,NYG,15.789473684210526,22.22222222222222,86.5,6,85.7,2,28.6,5.5,0.33,4.5,9,27.3,33,35.9,16.5,16.5,2,100,24,12,19,9.5,0,0.07,0,1,0,0,1,0.167,118.8,2,50,0,0,2,100,0,100,0,0,0,0,0,0,1,0.5,28.6,10.29,1.429,66.7,33.3,0,0,5.3,3.7,5.3,3.68,1.62,0.88,0.61,3.7
2024,137,Jaxon Smith-Njigba,SEA,WR,1,3,MIA,12.82051282051282,4.545454545454546,86.7,10,90.9,2,18.2,3.3,0.2,3.5,7,21.2,33,42.3,16.5,16.5,2,100,26,13,5,2.5,0,0.01,0,0,0,0,2,0.2,118.8,1,12.5,0,0,2,100,0,0,0,0,0,0,0,0,1,0.5,18.2,10.65,0.919,10,90,0,0,5.3,3.7,5.3,3.67,1.63,0.53,0.37,3.7
2024,138,Zay Flowers,BLT,WR,1,1,KC,24.561403508771928,28.57142857142857,87.8,14,93.3,6,40,2.36,0.43,3.83,23,17.7,33,28,5.5,8.25,4,66.7,26,6.5,4,1,0,0.01,0,1,1,0,1,0.071,80.6,5,45.5,4,66.7,5,83.3,0,0,1,16.7,1,1,100,0,0,0,42.9,-1.41,0.17,57.1,42.9,0,0,7.3,8.2,7.3,8.24,-0.94,0.52,0.59,8.2
2024,139,Luke McCaffrey,WAS,WR,1,3,CIN,18.75,25,35.1,6,66.7,2,22.2,5.5,0.33,8.5,17,23.6,33,36.7,16.5,16.5,2,100,16,8,4,2,0,0.02,0,0,0,0,1,0.167,118.8,1,16.7,0,0,2,100,0,50,0,0,1,1,100,0,0,0,33.3,8.87,2.19,0,100,0,0,5.3,3.8,5.3,3.82,1.48,0.88,0.64,3.8
2024,140,Devaughn Vele,DEN,WR,1,1,SEA,55.55555555555556,63.63636363636363,49.3,10,71.4,7,50,3.3,0.7,1.71,12,24.5,33,80.5,4.71,4.71,7,100,21,3,11,1.57,0,0.02,0,0,0,0,1,0.1,86.3,5,45.5,2,28.6,7,100,0,0,0,0,1,1,100,0,2,0.29,58.3,-0.93,-0.142,0,100,0,0,10.3,10.9,10.3,10.87,-0.57,1.03,1.09,10.9
2024,141,Hunter Henry,NE,TE,1,5,MIA,27.500000000000004,20,92.7,11,91.7,3,25,2.91,0.27,17.33,52,28.7,32,36.8,10.67,16,2,66.7,2,1,2,1,0,0.23,0,2,1,0,1,0.091,102.1,3,27.3,0,0,2,66.7,2,50,0,0,0,0,0,0,0,0,25,0.51,-1.354,0,81.8,18.2,0,5.2,6.1,5.2,6.11,-0.91,0.47,0.56,6.1
2024,142,Jakobi Meyers,LV,WR,1,5,DEN,27.27272727272727,30,98.5,12,100,3,25,2.67,0.25,7.67,23,22.1,32,44.4,10.67,10.67,3,100,9,3,4,1.33,0,0.01,0,0,0,0,2,0.167,111.1,2,22.2,0,0,3,100,0,0,0,0,1,1,100,0,0,0,25,3.21,1.136,75,25,0,0,6.2,5.2,6.2,5.21,0.99,0.52,0.43,5.2
2024,143,Diontae Johnson,CAR,WR,1,6,ATL,25,31.25,88.7,14,87.5,5,31.3,2.29,0.36,6.8,34,37,32,26.4,6.4,10.67,3,60,10,3.33,5,1.67,0,0.03,0,0,0,0,2,0.143,78.8,5,45.5,0,0,4,80,0,0,0,0,1,0,0,0,1,0.33,35.7,-0.57,-0.215,64.3,35.7,0,0,6.2,7,6.2,7.03,-0.83,0.44,0.5,7
2024,144,Tank Dell,HST,WR,1,6,NE,18.181818181818183,50,72.6,6,100,3,50,5.33,0.5,16.67,50,82,32,71.1,10.67,16,2,66.7,1,0.5,0,0,0,0.02,0,0,0,0,2,0.333,102.1,3,50,0,0,2,66.7,0,50,0,0,0,0,0,0,0,0,50,-0.3,0.974,50,50,0,0,5.2,5.5,5.2,5.48,-0.28,0.87,0.91,5.5
2024,145,Jalen McMillan,TB,WR,1,1,WAS,33.33333333333333,100,82,8,72.7,2,18.2,4,0.25,23,46,42.2,32,23,16,32,1,50,3,3,0,0,1,0.78,33.3,0,0,0,1,0.125,135.4,2,22.2,0,0,2,100,1,100,1,50,0,0,0,0,0,0,22.2,4.45,0.732,50,50,0,0,10.2,11.1,10.2,11.08,-0.88,1.27,1.39,11.1
2024,146,Travis Kelce,KC,TE,1,4,LAC,19.444444444444446,23.076923076923077,86.2,7,87.5,3,37.5,4.43,0.43,8,24,58.5,31,57.4,10.33,10.33,3,100,7,2.33,2,0.67,0,0,0,0,0,0,1,0.143,109.7,2,33.3,0,0,3,100,0,0,0,0,0,0,0,0,0,0,37.5,2.67,0.87,0,100,0,0,6.1,5.6,6.1,5.57,0.53,0.87,0.8,5.6
2024,147,Mike Evans,TB,WR,1,1,WAS,14.545454545454545,23.076923076923077,68.9,8,72.7,3,27.3,3.88,0.38,10.67,32,29.4,31,22.3,10.33,10.33,3,100,7,2.33,2,0.67,1,1.17,33.3,1,1,1,2,0.25,149.3,3,33.3,0,0,3,100,0,50,0,0,1,1,100,2,0,0,33.3,1.85,1.447,50,50,0,0,12.1,13.1,12.1,13.09,-0.99,1.51,1.64,13.1
2024,148,Johnny Mundt,MIN,TE,1,5,NYJ,21.875,50,53,7,70,2,20,4.43,0.29,9.5,19,14.8,31,37.3,15.5,15.5,2,100,12,6,3,1.5,0,0.03,0,0,0,0,2,0.286,118.8,2,25,0,0,2,100,0,50,0,0,0,0,0,0,0,0,28.6,6.47,1.672,42.9,57.1,0,0,5.1,4.8,5.1,4.78,0.32,0.73,0.68,4.8
2024,149,Josh Reynolds,DEN,WR,1,2,PIT,34.61538461538461,50,67.9,9,75,2,16.7,3.44,0.22,6,12,9.8,31,35.2,15.5,15.5,2,100,19,9.5,5,2.5,0,0.01,0,0,0,0,1,0.111,118.8,2,18.2,0,0,2,100,0,50,0,0,0,0,0,0,1,0.5,20,8.72,2.828,77.8,22.2,0,0,5.1,3.7,5.1,3.75,1.35,0.57,0.42,3.7
2024,150,Mike Gesicki,CIN,TE,1,5,BLT,13.88888888888889,13.333333333333334,43.1,5,50,2,20,6.2,0.4,15,30,33,31,18.9,15.5,15.5,2,100,1,0.5,1,0.5,0,0.04,0,0,0,0,2,0.4,118.8,2,22.2,0,0,2,100,0,0,0,0,2,2,100,0,0,0,40,5.83,1.847,20,80,0,0,5.1,3.5,5.1,3.55,1.55,1.02,0.71,3.5
2024,151,Justin Jefferson,MIN,WR,1,4,GB,13.513513513513514,17.647058823529413,89.1,5,100,3,60,6.2,0.6,8.33,25,48.1,31,100,10.33,10.33,3,100,6,2,2,0.67,0,0.04,0,0,0,0,1,0.2,109.7,2,50,0,0,3,100,0,0,0,0,0,0,0,0,0,0,60,2.41,0.701,40,60,0,0,6.1,6.8,6.1,6.8,-0.7,1.22,1.36,6.8
2024,152,Amon-Ra St. Brown,DET,WR,1,3,ARZ,15.151515151515152,13.043478260869565,95.6,5,100,3,60,6.2,0.6,6.33,19,26.8,31,79.5,10.33,15.5,2,66.7,15,7.5,9,4.5,0,0,0,0,0,0,2,0.4,100.7,3,60,0,0,2,66.7,0,50,0,0,0,0,0,0,0,0,60,3.68,0.723,20,80,0,0,5.1,4,5.1,3.97,1.13,1.02,0.79,4
2024,153,Jaxon Smith-Njigba,SEA,WR,1,5,NYG,12.82051282051282,13.636363636363635,87.9,10,83.3,6,50,3.1,0.6,4,24,33.3,31,32.6,5.17,7.75,4,66.7,24,6,6,1.5,1,0.88,100,3,1,1,2,0.2,118.8,3,37.5,2,33.3,5,83.3,0,0,1,16.7,0,0,0,0,1,0.25,60,-1.49,0.264,0,100,0,0,13.1,12.9,13.1,12.87,0.23,1.31,1.29,12.9
2024,154,Xavier Hutchinson,HST,WR,1,5,BUF,60,66.66666666666666,70.1,9,81.8,2,18.2,3.44,0.22,5,10,11.1,31,27,15.5,15.5,2,100,21,10.5,11,5.5,0,0.01,0,0,0,0,1,0.111,118.8,2,22.2,1,50,2,100,0,0,0,0,0,0,0,0,1,0.5,18.2,8.22,1.382,66.7,33.3,0,0,5.1,4.4,5.1,4.41,0.69,0.57,0.49,4.4
2024,155,Malik Nabers,NYG,WR,1,4,DAL,41.66666666666667,50,89.2,15,93.8,6,37.5,2.07,0.4,5.33,32,35.2,31,39.7,5.17,6.2,5,83.3,4,0.8,2,0.4,0,0.06,0,0,0,0,1,0.067,88.2,6,46.2,0,0,6,100,0,0,1,16.7,0,0,0,0,0,0,40,-1.25,-0.197,60,40,0,0,8.1,11,8.1,11.02,-2.92,0.54,0.73,11
2024,156,Troy Franklin,DEN,WR,1,6,LAC,71.42857142857143,60,66,10,100,3,30,3.1,0.3,16,48,25,31,26.5,10.33,15.5,2,66.7,0,0,0,0,1,0.54,100,1,1,1,2,0.2,140.3,2,28.6,0,0,2,66.7,1,100,0,0,0,0,0,0,0,0,30,1.25,0.687,70,30,0,0,11.1,8.2,11.1,8.16,2.94,1.11,0.82,8.2
2024,157,Zach Ertz,WAS,TE,1,3,CIN,17.073170731707318,20,66.7,7,77.8,3,33.3,4.29,0.43,9.67,29,40.3,30,33.3,10,10,3,100,1,0.33,0,0,0,0.05,0,0,0,0,2,0.286,108.3,2,33.3,0,0,3,100,0,0,0,0,0,0,0,0,0,0,37.5,2.25,1.536,28.6,57.1,14.3,0,6,7.2,6,7.16,-1.16,0.86,1.02,7.2
2024,158,Stefon Diggs,HST,WR,1,4,JAX,16.666666666666664,13.636363636363635,83.8,7,70,3,30,4.29,0.43,5.67,17,29.3,30,37.5,10,15,2,66.7,18,9,6,3,0,0.01,0,0,0,0,2,0.286,99.3,3,33.3,0,0,3,100,0,50,0,0,1,0,0,0,0,0,37.5,3.25,0.307,14.3,85.7,0,0,5,4.9,5,4.92,0.08,0.71,0.7,4.9
2024,159,Ray-Ray McCloud,ATL,WR,1,6,CAR,19.642857142857142,23.076923076923077,82.4,11,91.7,3,25,2.73,0.27,9.33,28,24.1,30,29.7,10,10,3,100,2,0.67,2,0.67,0,0.01,0,0,0,0,2,0.182,108.3,3,25,0,0,3,100,0,0,0,0,1,1,100,0,0,0,25,2.15,0.068,36.4,63.6,0,0,5,5.5,5,5.5,-0.5,0.55,0.5,5.5
2024,160,Christian Kirk,JAX,WR,1,1,MIA,13.846153846153847,12.121212121212121,70,9,90,4,40,3.33,0.44,12.75,51,41.1,30,33.7,7.5,30,1,25,6,6,3,3,0,0.06,0,0,0,0,1,0.111,58.3,4,44.4,0,0,3,75,2,100,1,25,0,0,0,0,0,0,44.4,-1.57,-0.055,44.4,55.6,0,0,4,9.2,4,9.25,-5.25,0.44,1.03,9.2
2024,161,Christian Watson,GB,WR,1,3,TEN,20,20,54.2,4,44.4,1,11.1,7.5,0.25,26,26,30.6,30,37.5,30,30,1,100,4,4,0,0,0,0.01,0,0,0,0,1,0.25,118.8,1,11.1,0,0,1,100,1,100,0,0,1,1,100,0,0,0,20,16.99,3.355,50,50,0,0,4,1.7,4,1.7,2.3,1,0.42,1.7
2024,162,Jalen Coker,CAR,WR,1,6,ATL,62.5,50,62.9,15,93.8,3,18.8,2,0.2,8,24,26.1,30,24.8,10,10,3,100,6,2,4,1.33,0,0.01,0,0,0,0,2,0.133,108.3,3,27.3,0,0,3,100,0,0,0,0,0,0,0,0,0,0,20,2.39,0.583,33.3,66.7,0,0,6,6.1,6,6.08,-0.08,0.4,0.41,6.1
2024,163,Adonai Mitchell,IND,WR,1,2,GB,50,60,56.6,11,73.3,3,20,2.73,0.27,21.33,64,28.8,30,32.3,10,30,1,33.3,4,4,2,2,0,0.01,0,0,0,0,1,0.091,71.5,3,30,0,0,1,33.3,2,100,0,0,0,0,0,0,0,0,27.3,-1.02,0.377,27.3,72.7,0,0,4,3.8,4,3.8,0.2,0.36,0.35,3.8
2024,164,Demarcus Robinson,LA,WR,1,1,DET,35.08771929824561,55.55555555555556,91.9,20,95.2,5,23.8,1.45,0.25,11.8,59,36,29,21.5,5.8,9.67,3,60,4,1.33,2,0.67,0,0.02,0,0,0,0,2,0.1,76.3,5,25,0,0,3,60,1,0,0,0,0,0,0,0,0,0,25,-2.7,0.721,55,45,0,0,5.9,6,5.9,6.04,-0.14,0.3,0.3,6
2024,165,Jonnu Smith,MIA,TE,1,5,NE,18.181818181818183,30.76923076923077,38.7,6,66.7,4,44.4,4.83,0.67,10.25,41,57.7,29,69,7.25,14.5,2,50,17,8.5,1,0.5,0,0,0,0,0,0,1,0.167,74,3,50,0,0,2,50,1,0,0,0,0,0,0,0,0,0,57.1,-1.68,-0.004,0,83.3,16.7,0,4.9,3.7,4.9,3.71,1.19,0.82,0.62,3.7
2024,166,David Njoku,CLV,TE,1,1,DAL,23.076923076923077,16.666666666666664,35.7,3,37.5,1,12.5,9.67,0.33,11,11,20.8,29,49.2,29,29,1,100,18,18,0,0,0,0,0,0,0,0,1,0.333,118.8,1,12.5,0,0,1,100,0,100,0,0,0,0,0,0,1,1,33.3,20.26,2.399,0,33.3,66.7,0,3.9,2.3,3.9,2.26,1.64,1.3,0.75,2.3
2024,167,Cooper Kupp,LA,WR,1,2,ARZ,19.230769230769234,17.647058823529413,51.9,5,62.5,3,37.5,5.8,0.6,10.33,31,26.5,29,25.4,9.67,14.5,2,66.7,19,9.5,7,3.5,0,0,0,0,0,0,1,0.2,97.9,3,60,0,0,2,66.7,1,50,0,0,1,0,0,0,2,1,60,1.64,0.337,40,60,0,0,4.9,3.6,4.9,3.59,1.31,0.98,0.72,3.6
2024,168,DK Metcalf,SEA,WR,1,4,DET,20.54794520547945,12.5,83.3,15,78.9,1,5.3,1.93,0.07,20,20,14.9,29,21.6,29,29,1,100,9,9,4,4,0,0.03,0,0,0,0,1,0.067,118.8,1,7.1,0,0,1,100,1,100,0,0,0,0,0,0,0,0,6.3,18.13,2.933,73.3,26.7,0,0,3.9,3.2,3.9,3.16,0.74,0.26,0.21,3.2
2024,169,Noah Fant,SEA,TE,1,3,MIA,12.962962962962962,33.33333333333333,46.7,7,63.6,4,36.4,4.14,0.57,4.75,19,57.6,29,37.2,7.25,7.25,4,100,10,2.5,4,1,0,0.02,0,0,0,0,1,0.143,96.9,4,50,0,0,4,100,0,0,0,0,0,0,0,0,0,0,57.1,0.87,0.374,14.3,71.4,14.3,0,6.9,7.3,6.9,7.29,-0.39,0.99,1.04,7.3
2024,170,Darnell Mooney,ATL,WR,1,3,KC,20.3125,37.5,92.9,13,86.7,6,40,2.23,0.46,-0.33,-2,-3.2,29,33.7,4.83,4.83,6,100,31,5.17,6,1,0,0.03,0,0,0,0,1,0.077,86.8,6,40,3,50,6,100,0,0,0,0,0,0,0,0,0,0,42.9,-0.73,0.176,15.4,84.6,0,0,8.9,10,8.9,9.99,-1.09,0.68,0.77,10
2024,171,Andrei Iosivas,CIN,WR,1,4,CAR,13.461538461538462,8.333333333333332,74.2,7,87.5,1,12.5,4.14,0.14,25,25,36.8,29,43.3,29,29,1,100,4,4,3,3,0,0.03,0,0,0,0,1,0.143,118.8,1,16.7,0,0,1,100,1,100,0,0,1,1,100,0,0,0,14.3,17.51,1.75,14.3,85.7,0,0,3.9,2.3,3.9,2.35,1.55,0.56,0.34,2.3
2024,172,David Njoku,CLV,TE,1,6,PHI,53.84615384615385,66.66666666666666,73.6,7,100,4,57.1,4,0.57,2.5,10,26.3,28,73.7,7,9.33,3,75,21,7,13,4.33,0,0.01,0,1,0,0,2,0.286,93.8,4,66.7,1,25,3,75,0,0,0,0,0,0,0,0,0,0,57.1,1.07,0.725,42.9,57.1,0,0,5.8,5,5.8,4.97,0.83,0.83,0.71,5
2024,173,Chris Godwin,TB,WR,1,3,DEN,19.672131147540984,14.285714285714285,89.3,12,100,5,41.7,2.33,0.42,7.2,36,49.3,28,47.5,5.6,9.33,3,60,11,3.67,5,1.67,0,0,0,0,0,0,3,0.25,75.4,5,62.5,0,0,3,60,0,0,0,0,0,0,0,0,1,0.33,41.7,-1.55,-0.25,25,75,0,0,5.8,5.5,5.8,5.48,0.32,0.48,0.46,5.5
2024,174,Dalton Schultz,HST,TE,1,4,JAX,18.421052631578945,33.33333333333333,85.3,7,70,3,30,4,0.43,12.33,37,63.8,28,35,9.33,14,2,66.7,4,2,2,1,0,0.08,0,0,0,0,1,0.143,96.5,3,33.3,0,0,2,66.7,1,50,0,0,1,0,0,0,0,0,33.3,0.07,-0.217,28.6,71.4,0,0,4.8,5.3,4.8,5.25,-0.45,0.69,0.75,5.3
2024,175,Jakobi Meyers,LV,WR,1,1,LAC,18.181818181818183,20,86.4,8,66.7,2,16.7,3.5,0.25,10.5,21,46.7,28,37.3,14,14,2,100,7,3.5,4,2,0,0,0,0,0,0,1,0.125,118.8,2,22.2,0,0,2,100,0,0,0,0,0,0,0,0,0,0,20,5.14,0.997,50,50,0,0,4.8,4.6,4.8,4.62,0.18,0.6,0.58,4.6
2024,176,Brandon Aiyuk,SF,WR,1,1,NYJ,19.642857142857142,27.27272727272727,60,11,84.6,3,23.1,2.55,0.27,16,48,31.2,28,22.8,9.33,14,2,66.7,1,0.5,0,0,0,0.86,0,1,1,0,2,0.182,96.5,2,18.2,0,0,3,100,1,0,1,33.3,2,1,50,0,0,0,27.3,-0.66,1.108,72.7,27.3,0,0,4.8,10.8,4.8,10.77,-5.97,0.44,0.98,10.8
2024,177,Jerry Jeudy,CLV,WR,1,4,LV,16.216216216216218,42.857142857142854,86,6,100,3,50,4.67,0.5,9,27,71.1,28,63.6,9.33,14,2,66.7,5,2.5,0,0,0,0,0,0,0,0,1,0.167,96.5,3,60,0,0,3,100,0,0,1,33.3,0,0,0,0,0,0,50,1.53,0.24,16.7,83.3,0,0,4.8,6.3,4.8,6.32,-1.52,0.8,1.05,6.3
2024,178,Drake London,ATL,WR,1,2,PHI,13.559322033898304,6.451612903225806,96.6,8,100,2,25,3.5,0.25,11.5,23,18,28,34.6,14,14,2,100,5,2.5,5,2.5,0,0,0,0,0,0,1,0.125,118.8,2,40,0,0,2,100,0,0,0,0,0,0,0,0,2,1,25,5.01,1.065,62.5,37.5,0,0,4.8,4.8,4.8,4.84,-0.04,0.6,0.61,4.8
2024,179,Wan'Dale Robinson,NYG,WR,1,6,CIN,15.09433962264151,13.88888888888889,79.7,8,88.9,5,55.6,3.5,0.63,7.8,39,83,28,45.2,5.6,9.33,3,60,18,6,4,1.33,0,0,0,0,0,0,1,0.125,75.4,5,62.5,2,40,3,60,1,0,0,0,0,0,0,0,0,0,55.6,-1.85,-0.08,0,100,0,0,5.8,5.8,5.8,5.8,0,0.72,0.73,5.8
2024,180,Brock Bowers,LV,TE,1,5,DEN,20,20,78.5,9,75,5,41.7,3.11,0.56,4.2,21,20.2,28,38.9,5.6,7,4,80,11,2.75,5,1.25,0,0,0,0,0,0,2,0.222,90,4,44.4,0,0,4,80,0,0,0,0,1,1,100,0,1,0.25,50,-0.74,0.326,11.1,88.9,0,0,6.8,6.3,6.8,6.33,0.47,0.76,0.7,6.3
2024,181,Brian Thomas,JAX,WR,1,2,CLV,14.545454545454545,8.333333333333332,74.5,8,72.7,1,9.1,3.5,0.13,25,25,11.7,28,30.4,28,28,1,100,3,3,1,1,0,0.02,0,0,0,0,1,0.125,118.8,1,11.1,0,0,1,100,1,100,0,0,0,0,0,0,0,0,12.5,16.51,1.169,87.5,12.5,0,0,3.8,3.4,3.8,3.39,0.41,0.47,0.42,3.4
2024,182,Rome Odunze,CHI,WR,1,6,JAX,8.695652173913043,7.142857142857142,78.7,4,57.1,1,14.3,7,0.25,17,17,45.9,28,49.1,28,28,1,100,11,11,4,4,0,0.01,0,0,0,0,1,0.25,118.8,1,16.7,0,0,1,100,0,100,0,0,0,0,0,0,1,1,16.7,16.33,2.143,50,50,0,0,3.8,3.1,3.8,3.08,0.72,0.95,0.77,3.1
2024,183,Tyler Boyd,TEN,WR,1,4,MIA,8,7.142857142857142,48.4,2,66.7,1,33.3,13.5,0.5,24,24,88.9,27,84.4,27,27,1,100,3,3,1,1,0,0.08,0,0,0,0,1,0.5,118.8,1,33.3,0,0,1,100,1,100,0,0,0,0,0,0,0,0,33.3,15.25,1.264,0,100,0,0,3.7,4.3,3.7,4.29,-0.59,1.85,2.14,4.3
2024,184,George Kittle,SF,TE,1,4,NE,18.181818181818183,18.181818181818183,93.3,8,72.7,2,18.2,3.38,0.25,17,34,23,27,27.8,13.5,13.5,2,100,0,0,0,0,1,0.93,100,1,1,1,2,0.25,158.3,1,12.5,0,0,2,100,0,0,0,0,1,1,100,0,0,0,20,2.88,2.871,12.5,87.5,0,0,10.7,9.3,10.7,9.27,1.43,1.34,1.16,9.3
2024,185,CeeDee Lamb,DAL,WR,1,5,PIT,21.428571428571427,4.166666666666666,86.7,15,100,1,6.7,1.8,0.07,27,27,17.9,27,17.5,27,27,1,100,0,0,0,0,0,0,0,0,0,0,1,0.067,118.8,1,9.1,0,0,1,100,1,100,0,0,1,1,100,1,0,0,6.7,15.09,3.586,66.7,33.3,0,0,3.7,2.1,3.7,2.08,1.62,0.25,0.14,2.1
2024,186,Tee Higgins,CIN,WR,1,4,CAR,18.421052631578945,33.33333333333333,62.9,7,87.5,3,37.5,3.86,0.43,5.33,16,23.5,27,40.3,9,9,3,100,11,3.67,5,1.67,0,0.01,0,1,0,0,2,0.286,104.2,2,33.3,0,0,3,100,0,0,0,0,1,1,100,0,0,0,42.9,2.51,1.024,42.9,57.1,0,0,5.7,4.7,5.7,4.68,1.02,0.81,0.67,4.7
2024,187,Isaiah Likely,BLT,TE,1,6,WAS,16.666666666666664,23.52941176470588,67.7,5,45.5,4,36.4,5.4,0.8,14,56,43.1,27,16.8,6.75,13.5,2,50,10,5,6,3,0,0.02,0,1,1,0,1,0.2,71.9,3,30,0,0,2,50,1,0,0,0,0,0,0,0,1,0.5,50,-2.6,-0.057,20,80,0,0,4.7,4.1,4.7,4.13,0.57,0.94,0.83,4.1
2024,188,Eric Saubert,SF,TE,1,2,MIN,23.076923076923077,66.66666666666666,37.3,3,30,2,20,8.67,0.67,8,16,13.3,26,28,13,13,2,100,10,5,4,2,0,0.02,0,0,0,0,2,0.667,118.8,2,22.2,0,0,2,100,0,0,0,0,0,0,0,0,0,0,66.7,5.28,0.735,0,66.7,33.3,0,4.6,4.1,4.6,4.13,0.47,1.53,1.38,4.1
2024,189,Grant Calcaterra,PHI,TE,1,4,TB,18.75,33.33333333333333,48.2,3,42.9,1,14.3,8.67,0.33,16,16,37.2,26,46.4,26,26,1,100,10,10,3,3,0,0,0,0,0,0,1,0.333,118.8,1,16.7,0,0,1,100,0,100,0,0,0,0,0,0,0,0,33.3,15.81,1.569,0,100,0,0,3.6,2.8,3.6,2.79,0.81,1.2,0.93,2.8
2024,190,George Pickens,PIT,WR,1,5,DAL,17.073170731707318,26.666666666666668,59.6,7,87.5,4,50,3.71,0.57,9.25,37,28.7,26,53.1,6.5,8.67,3,75,14,4.67,14,4.67,0,0.02,0,0,0,0,1,0.143,87.5,2,50,0,0,4,100,1,33.3,0,0,1,0,0,0,0,0,57.1,-0.54,0.32,28.6,71.4,0,0,5.6,6.8,5.6,6.8,-1.2,0.8,0.97,6.8
2024,191,Isaiah Likely,BLT,TE,1,4,BUF,10,11.76470588235294,53.7,3,60,2,40,8.67,0.67,14.5,29,63,26,50,13,26,1,50,5,5,0,0,0,0.01,0,0,0,0,1,0.333,95.8,2,40,0,0,1,50,1,100,0,0,0,0,0,0,0,0,50,2.66,0.608,0,100,0,0,3.6,3.7,3.6,3.7,-0.1,1.2,1.23,3.7
2024,192,Dalton Kincaid,BUF,TE,1,5,HST,30,26.31578947368421,66.1,12,92.3,5,38.5,2.17,0.42,20.4,102,42.9,26,55.3,5.2,26,1,20,14,14,3,3,0,0.01,0,0,0,0,1,0.083,48.8,2,28.6,0,0,3,60,2,100,2,40,0,0,0,0,1,1,38.5,-2.57,-0.244,16.7,83.3,0,0,3.6,7.3,3.6,7.25,-3.65,0.3,0.6,7.3
2024,193,Ladd McConkey,LAC,WR,1,2,CAR,10,10,49.2,3,75,2,50,8.67,0.67,6,12,60,26,68.4,13,13,2,100,14,7,7,3.5,0,0.01,0,0,0,0,2,0.667,118.8,2,50,0,0,2,100,0,0,0,0,0,0,0,0,2,1,66.7,6.05,2.212,33.3,66.7,0,0,4.6,3.8,4.6,3.79,0.81,1.53,1.26,3.8
2024,194,Nelson Agholor,BLT,WR,1,6,WAS,14.814814814814813,40,47.7,4,36.4,2,18.2,6.25,0.5,21,42,32.3,25,15.5,12.5,25,1,50,12,12,6,6,0,0.01,0,0,0,0,1,0.25,95.8,2,20,0,0,2,100,1,100,0,0,0,0,0,0,0,0,50,2.32,0.574,25,75,0,0,3.5,4.2,3.5,4.24,-0.74,0.88,1.06,4.2
2024,195,Jauan Jennings,SF,WR,1,2,MIN,16.666666666666664,10,56.7,8,80,2,20,3.13,0.25,22.5,45,37.5,25,26.9,12.5,25,1,50,5,5,5,5,0,0,0,0,0,0,1,0.125,95.8,2,22.2,0,0,1,50,2,100,0,0,1,1,100,0,0,0,25,1.32,1.328,25,75,0,0,3.5,1.5,3.5,1.51,1.99,0.44,0.19,1.5
2024,196,Cole Kmet,CHI,TE,1,5,CAR,18.75,7.142857142857142,84.1,6,85.7,1,14.3,4.17,0.17,23,23,42.6,25,31.6,25,25,1,100,2,2,0,0,0,0.08,0,0,0,0,1,0.167,118.8,1,20,0,0,1,100,1,100,0,0,0,0,0,0,0,0,14.3,13.3,2.304,0,66.7,33.3,0,3.5,4.2,3.5,4.19,-0.69,0.58,0.7,4.2
2024,197,Nico Collins,HST,WR,1,2,CHI,29.03225806451613,33.33333333333333,83.6,9,100,2,22.2,2.78,0.22,5,10,22.7,25,37.9,12.5,12.5,2,100,15,7.5,5,2.5,0,0.02,0,0,0,0,1,0.111,118.8,2,28.6,1,50,2,100,0,0,0,0,0,0,0,0,0,0,22.2,5.57,0.171,77.8,22.2,0,0,4.5,4.2,4.5,4.17,0.33,0.5,0.46,4.2
2024,198,Pat Freiermuth,PIT,TE,1,2,DEN,17.142857142857142,20,58.6,6,100,2,33.3,4.17,0.33,9,18,29.5,25,65.8,12.5,12.5,2,100,7,3.5,0,0,0,0.02,0,1,0,0,1,0.167,118.8,1,20,0,0,2,100,0,0,0,0,0,0,0,0,0,0,33.3,4.28,0.258,16.7,66.7,16.7,0,4.5,4.2,4.5,4.18,0.32,0.75,0.7,4.2
2024,199,Kyle Pitts,ATL,TE,1,5,TB,26.666666666666668,60,85.2,12,70.6,3,17.6,2.08,0.25,5,15,12.6,25,13.5,8.33,8.33,3,100,10,3.33,6,2,0,0.01,0,0,0,0,1,0.083,101.4,1,7.1,0,0,3,100,0,0,0,0,0,0,0,0,1,0.33,17.6,1.85,0.128,33.3,33.3,33.3,0,5.5,5.3,5.5,5.33,0.17,0.46,0.44,5.3
2024,200,Trey McBride,ARZ,TE,1,3,DET,29.545454545454547,23.52941176470588,84.9,13,81.3,4,25,1.92,0.31,7.25,29,17.8,25,27.5,6.25,8.33,3,75,7,2.33,2,0.67,0,0,0,0,0,0,0,0,90.6,4,33.3,0,0,3,75,0,0,0,0,0,0,0,0,0,0,30.8,-1.11,-0.367,23.1,69.2,7.7,0,5.5,5.5,5.5,5.48,0.02,0.42,0.42,5.5
2024,201,George Kittle,SF,TE,1,2,MIN,13.636363636363635,27.27272727272727,73.1,6,60,3,30,4,0.5,14,42,35,24,25.8,8,12,2,66.7,6,3,5,2.5,0,0,0,0,0,0,2,0.333,91,3,33.3,0,0,2,66.7,1,0,0,0,1,1,100,0,0,0,37.5,-1.99,1.625,16.7,50,16.7,16.7,4.4,3.1,4.4,3.06,1.34,0.73,0.51,3.1
2024,202,Jonnu Smith,MIA,TE,1,2,BUF,39.39393939393939,38.46153846153847,42.7,13,72.2,5,27.8,1.85,0.38,6.2,31,25,24,24,4.8,6,4,80,6,1.5,4,1,0,0.02,0,1,0,0,1,0.077,86.7,4,28.6,0,0,4,80,0,0,0,0,0,0,0,0,1,0.25,33.3,-2.21,-0.168,46.2,53.8,0,0,6.4,6.8,6.4,6.79,-0.39,0.49,0.52,6.8
2024,203,Dalton Kincaid,BUF,TE,1,2,MIA,12.5,15.789473684210526,42.2,5,71.4,3,42.9,4.8,0.6,-2,-6,-26.1,24,36.9,8,8,3,100,30,10,18,6,0,0.01,0,0,0,0,0,0,100,3,75,3,100,3,100,0,0,0,0,0,0,0,0,1,0.33,50,2.62,0.503,0,80,20,0,5.4,4.7,5.4,4.72,0.68,1.08,0.94,4.7
2024,204,Dalton Kincaid,BUF,TE,1,6,NYJ,15,21.052631578947366,81.7,6,66.7,4,44.4,4,0.67,3.5,14,24.6,24,42.9,6,8,3,75,27,9,17,5.67,0,0.01,0,0,0,0,1,0.167,89.6,4,57.1,2,50,3,75,0,0,0,0,0,0,0,0,1,0.33,50,-1.43,-0.133,0,100,0,0,5.4,4.9,5.4,4.88,0.52,0.9,0.81,4.9
2024,205,Jonathan Mingo,CAR,WR,1,4,CIN,22.22222222222222,38.46153846153847,78.6,10,100,5,50,2.4,0.5,2.6,13,18.3,24,31.6,4.8,8,3,60,23,7.67,11,3.67,0,0,0,0,0,0,1,0.1,72.1,3,37.5,0,0,4,80,0,0,1,20,0,0,0,0,2,0.67,50,-1.43,-0.043,30,70,0,0,5.4,6.7,5.4,6.67,-1.27,0.54,0.67,6.7
2024,206,Bub Means,NO,WR,1,6,TB,87.5,100,69.7,7,77.8,5,55.6,3.43,0.71,9.6,48,58.5,24,75,4.8,12,2,40,-1,-0.5,-1,-0.5,0,0.02,0,0,0,0,2,0.286,55.4,4,57.1,0,0,3,60,0,0,0,0,1,1,100,0,0,0,71.4,-3.3,-0.194,28.6,71.4,0,0,4.4,5,4.4,4.97,-0.57,0.63,0.71,5
2024,207,Ladd McConkey,LAC,WR,1,1,LV,26.666666666666668,25,64.8,8,80,5,50,3,0.63,6.8,34,32.7,24,42.1,4.8,8,3,60,9,3,6,2,1,0.53,100,2,1,0,1,0.125,111.7,3,50,0,0,4,80,0,0,0,0,1,0,0,0,2,0.67,62.5,-2.25,0.385,12.5,87.5,0,0,11.4,9.3,11.4,9.32,2.08,1.43,1.16,9.3
2024,208,Mike Evans,TB,WR,1,5,ATL,12.727272727272727,7.6923076923076925,86.3,7,100,1,14.3,3.29,0.14,20,20,23.5,23,32.4,23,23,1,100,3,3,0,0,1,0.89,100,0,0,0,1,0.143,158.3,1,16.7,0,0,1,100,1,100,0,0,0,0,0,0,0,0,14.3,12.13,3.24,57.1,42.9,0,0,9.3,8,9.3,8.01,1.29,1.33,1.14,8
2024,209,Tutu Atwell,LA,WR,1,5,GB,50,37.5,80.3,14,82.4,3,17.6,1.64,0.21,3.67,11,13.1,23,26.1,7.67,7.67,3,100,12,4,2,0.67,0,0.04,0,1,0,0,1,0.071,98.6,3,25,0,0,3,100,0,0,0,0,0,0,0,0,0,0,21.4,1.22,0.521,78.6,21.4,0,0,5.3,5.3,5.3,5.29,0.01,0.38,0.38,5.3
2024,210,Britain Covey,PHI,WR,1,2,ATL,100,100,29.4,11,73.3,6,40,2.09,0.55,1.83,11,20.8,23,32.9,3.83,3.83,6,100,12,2,0,0,0,0.12,0,2,0,0,1,0.091,82.6,4,40,2,33.3,6,100,0,0,0,0,2,2,100,0,0,0,54.5,-1.89,0.055,9.1,90.9,0,0,8.3,8.6,8.3,8.65,-0.35,0.75,0.79,8.6
2024,211,Jake Ferguson,DAL,TE,1,5,PIT,22.916666666666664,18.75,74.7,11,73.3,3,20,2.09,0.27,4.67,14,9.3,23,14.9,7.67,11.5,2,66.7,13,6.5,6,3,0,0.01,0,0,0,0,2,0.182,89.6,3,27.3,0,0,2,66.7,0,0,0,0,0,0,0,0,0,0,21.4,1.26,0.809,9.1,81.8,9.1,0,4.3,3.5,4.3,3.53,0.77,0.39,0.32,3.5
2024,212,DeAndre Carter,CHI,WR,1,3,IND,66.66666666666666,60,61.9,14,66.7,6,28.6,1.57,0.43,10.33,62,23.2,22,13.9,3.67,7.33,3,50,19,6.33,11,3.67,0,0.08,0,2,1,0,1,0.071,19.4,4,25,2,33.3,3,50,2,0,0,0,0,0,0,0,1,0.33,37.5,-4.41,-0.842,14.3,85.7,0,0,5.2,5.3,5.2,5.33,-0.13,0.37,0.38,5.3
2024,213,Mo Alie-Cox,IND,TE,1,6,TEN,21.428571428571427,25,47,3,30,1,10,7.33,0.33,17,17,30.9,22,19.6,22,22,1,100,5,5,4,4,0,0,0,0,0,0,1,0.333,118.8,1,11.1,0,0,1,100,0,100,0,0,1,1,100,0,0,0,20,10.32,3.007,0,100,0,0,3.2,1.9,3.2,1.87,1.33,1.07,0.62,1.9
2024,214,Mike Williams,NYJ,WR,1,4,DEN,25,33.33333333333333,57.1,10,71.4,1,7.1,2.2,0.1,20,20,27,22,26.8,22,22,1,100,2,2,1,1,0,0.01,0,0,0,0,1,0.1,118.8,1,9.1,0,0,1,100,1,100,0,0,0,0,0,0,0,0,8.3,11.13,2.98,90,10,0,0,3.2,3.4,3.2,3.38,-0.18,0.32,0.34,3.4
2024,215,Dallas Goedert,PHI,TE,1,2,ATL,42.30769230769231,30,98.5,11,73.3,3,20,2,0.27,8.33,25,47.2,22,31.4,7.33,11,2,66.7,5,2.5,1,0.5,0,0.03,0,1,0,0,1,0.091,88.2,2,20,0,0,3,100,0,0,0,0,2,1,50,0,0,0,20,-0.52,-1.043,18.2,72.7,9.1,0,4.2,3.6,4.2,3.58,0.62,0.38,0.33,3.6
2024,216,Ray-Ray McCloud,ATL,WR,1,5,TB,26.785714285714285,7.6923076923076925,98.8,15,88.2,1,5.9,1.47,0.07,15,15,12.6,22,11.9,22,22,1,100,7,7,2,2,0,0,0,0,0,0,1,0.067,118.8,1,7.1,0,0,1,100,0,100,0,0,0,0,0,0,0,0,5.9,11.59,2.569,66.7,33.3,0,0,3.2,2.7,3.2,2.75,0.45,0.21,0.18,2.7
2024,217,KhaDarel Hodge,ATL,WR,1,5,TB,60,100,16,3,17.6,1,5.9,7.33,0.33,16,16,13.4,22,11.9,22,22,1,100,6,6,2,2,0,0,0,0,0,0,1,0.333,118.8,1,7.1,0,0,1,100,0,100,0,0,0,0,0,0,0,0,33.3,11.9,2.394,33.3,66.7,0,0,3.2,2.7,3.2,2.69,0.51,1.07,0.9,2.7
2024,218,Greg Dortch,ARZ,WR,1,3,DET,27.27272727272727,20,66,15,93.8,4,25,1.47,0.27,15.25,61,37.4,22,24.2,5.5,11,2,50,15,7.5,15,7.5,0,0.01,0,0,0,0,1,0.067,66.7,2,16.7,0,0,3,75,2,0,0,0,2,1,50,0,2,1,26.7,-3.66,-0.156,40,60,0,0,4.2,5.2,4.2,5.24,-1.04,0.28,0.35,5.2
2024,219,A.J. Brown,PHI,WR,1,6,CLV,46.666666666666664,50,91.9,7,100,2,28.6,3.14,0.29,14,28,50,22,23.7,11,22,1,50,0,0,0,0,1,0.96,50,0,1,1,1,0.143,129.2,2,28.6,0,0,1,50,1,100,0,0,0,0,0,0,0,0,28.6,2.1,0.874,71.4,28.6,0,0,9.2,8.7,9.2,8.74,0.46,1.31,1.25,8.7
2024,220,CeeDee Lamb,DAL,WR,1,1,CLV,18.571428571428573,29.166666666666668,71.7,13,86.7,7,46.7,1.69,0.54,10,70,43.8,22,44.9,3.14,7.33,3,42.9,23,7.67,11,3.67,0,0.07,0,0,0,0,1,0.077,50.9,7,50,2,28.6,6,85.7,1,0,0,0,3,0,0,0,2,0.67,53.8,-4.55,-0.51,15.4,84.6,0,0,5.2,10.6,5.2,10.61,-5.41,0.4,0.82,10.6
2024,221,Tee Higgins,CIN,WR,1,5,BLT,21.052631578947366,33.33333333333333,72.3,8,80,3,30,2.75,0.38,5.33,16,17.6,22,13.4,7.33,7.33,3,100,6,2,2,0.67,1,0.77,33.3,1,0,0,1,0.125,136.8,3,33.3,0,0,3,100,0,0,0,0,1,1,100,0,1,0.33,37.5,0.8,1.023,37.5,62.5,0,0,11.2,9.2,11.2,9.24,1.96,1.4,1.15,9.2
2024,222,Ja'Marr Chase,CIN,WR,1,6,NYG,11.29032258064516,12.5,94.2,7,100,2,28.6,3.14,0.29,-3.5,-7,-21.2,22,23.9,11,11,2,100,29,14.5,6,3,0,0.01,0,0,0,0,1,0.143,112.5,1,25,1,50,2,100,0,0,0,0,0,0,0,0,1,0.5,28.6,7.06,0.394,28.6,71.4,0,0,4.2,3.2,4.2,3.21,0.99,0.6,0.46,3.2
2024,223,Jalen Nailor,MIN,WR,1,3,HST,22.58064516129032,28.57142857142857,85,7,100,2,28.6,3.14,0.29,14.5,29,42.6,22,51.2,11,11,2,100,0,0,0,0,1,0.96,33.3,1,1,1,2,0.286,152.1,1,20,0,0,2,100,0,0,0,0,0,0,0,0,0,0,28.6,1.39,1.405,57.1,42.9,0,0,10.2,10.1,10.2,10.11,0.09,1.46,1.44,10.1
2024,224,Andrew Ogletree,IND,TE,1,6,TEN,25,33.33333333333333,31.8,2,20,1,10,11,0.5,11,11,20,22,19.6,22,22,1,100,11,11,6,6,0,0,0,0,0,0,1,0.5,118.8,1,11.1,0,0,1,100,0,100,0,0,0,0,0,0,0,0,50,13.26,2.499,50,50,0,0,3.2,2.3,3.2,2.33,0.87,1.6,1.16,2.3
2024,225,Tre Tucker,LV,WR,1,1,LAC,16.071428571428573,33.33333333333333,78,9,75,2,16.7,2.44,0.22,4.5,9,20,22,29.3,11,11,2,100,13,6.5,9,4.5,0,0.01,0,0,0,0,1,0.111,112.5,2,22.2,1,50,2,100,0,0,0,0,1,1,100,0,1,0.5,18.2,4.01,0.758,77.8,22.2,0,0,4.2,3.5,4.2,3.48,0.72,0.47,0.39,3.5
2024,226,Josh Downs,IND,WR,1,3,CHI,13.513513513513514,17.24137931034483,57.4,5,71.4,5,71.4,4.4,1,1.8,9,13.4,22,100,4.4,7.33,3,60,20,6.67,5,1.67,0,0.01,0,0,0,0,0,0,70.4,5,83.3,2,40,4,80,0,0,1,20,0,0,0,0,2,0.67,100,-1.55,-0.418,0,100,0,0,5.2,6.7,5.2,6.7,-1.5,1.04,1.34,6.7
2024,227,Jordan Whittington,LA,WR,1,2,ARZ,10.344827586206897,20,50,3,37.5,1,12.5,7.33,0.33,0,0,0,22,19.3,22,22,1,100,22,22,4,4,0,0,0,0,0,0,1,0.333,118.8,0,0,0,0,1,100,0,100,0,0,0,0,0,0,0,0,33.3,15.96,1.565,66.7,33.3,0,0,3.2,1.6,3.2,1.64,1.56,1.07,0.55,1.6
2024,228,Tyler Boyd,TEN,WR,1,3,GB,24,21.428571428571427,69.8,6,60,3,30,3.5,0.5,5,15,22.7,21,21.2,7,10.5,2,66.7,9,4.5,8,4,0,0.02,0,1,0,0,1,0.167,86.8,0,0,0,0,3,100,0,50,1,33.3,0,0,0,0,1,0.5,42.9,0.7,0.367,33.3,66.7,0,0,4.1,5.4,4.1,5.36,-1.26,0.68,0.89,5.4
2024,229,Mack Hollins,BUF,WR,1,5,HST,21.875,57.14285714285714,55.9,7,53.8,4,30.8,3,0.57,26.5,106,44.5,21,44.7,5.25,21,1,25,15,15,0,0,0,0,0,0,0,0,1,0.143,49,3,42.9,0,0,1,25,2,100,0,0,0,0,0,0,0,0,57.1,-6.71,0.245,28.6,71.4,0,0,3.1,2.2,3.1,2.19,0.91,0.44,0.31,2.2
2024,230,Dallas Goedert,PHI,TE,1,4,TB,19.230769230769234,30,64.3,5,71.4,3,42.9,4.2,0.6,6.33,19,44.2,21,37.5,7,7,3,100,2,0.67,0,0,0,0.01,0,0,0,0,0,0,95.8,2,33.3,0,0,3,100,0,0,0,0,0,0,0,0,0,0,60,-0.1,0.137,20,80,0,0,5.1,4.8,5.1,4.83,0.27,1.02,0.97,4.8
2024,231,Noah Fant,SEA,TE,1,6,SF,25.925925925925924,16.666666666666664,71.2,14,77.8,2,11.1,1.5,0.14,5.5,11,5.1,21,14.5,10.5,10.5,2,100,10,5,5,2.5,0,0.01,0,0,0,0,1,0.071,110.4,2,13.3,0,0,2,100,0,0,0,0,0,0,0,0,1,0.5,13.3,3.71,0.793,42.9,50,7.1,0,4.1,3.6,4.1,3.57,0.53,0.29,0.25,3.6
2024,232,CeeDee Lamb,DAL,WR,1,2,NO,14.285714285714285,8.333333333333332,81.8,10,83.3,2,16.7,2.1,0.2,8,16,14.5,21,19.4,10.5,10.5,2,100,5,2.5,1,0.5,0,0.01,0,0,0,0,2,0.2,110.4,2,25,0,0,2,100,0,0,0,0,0,0,0,0,0,0,18.2,3.24,1.042,20,80,0,0,4.1,4,4.1,3.96,0.14,0.41,0.4,4
2024,233,Tutu Atwell,LA,WR,1,2,ARZ,7.142857142857142,12.5,19.2,2,25,1,12.5,10.5,0.5,20,20,17.1,21,18.4,21,21,1,100,1,1,0,0,0,0,0,0,0,0,1,0.5,118.8,1,20,0,0,1,100,1,100,0,0,0,0,0,0,0,0,50,10.13,1.47,50,50,0,0,3.1,3.2,3.1,3.25,-0.15,1.55,1.62,3.2
2024,234,Jalen Nailor,MIN,WR,1,1,NYG,12.903225806451612,14.285714285714285,49,4,66.7,1,16.7,5.25,0.25,22,22,36.1,21,70,21,21,1,100,0,0,0,0,1,0.83,100,0,1,1,1,0.25,158.3,1,50,0,0,1,100,1,100,0,0,0,0,0,0,0,0,25,9.08,2.427,75,25,0,0,9.1,7.8,9.1,7.77,1.33,2.27,1.94,7.8
2024,235,Wan'Dale Robinson,NYG,WR,1,5,SEA,15.09433962264151,16.666666666666664,83.1,8,100,6,75,2.63,0.75,4.67,28,127.3,21,100,3.5,5.25,4,66.7,9,2.25,2,0.5,0,0.03,0,0,0,0,1,0.125,72.2,5,83.3,1,16.7,5,83.3,0,0,1,16.7,0,0,0,0,0,0,75,-3.03,-0.426,0,87.5,0,12.5,6.1,9.3,6.1,9.33,-3.23,0.76,1.17,9.3
2024,236,Adam Thielen,CAR,WR,1,2,LAC,31.818181818181817,30,93.5,7,100,3,42.9,2.86,0.43,5.67,17,51.5,20,64.5,6.67,10,2,66.7,2,1,2,1,0,0,0,0,0,0,1,0.143,85.4,3,60,1,33.3,2,66.7,0,0,0,0,0,0,0,0,0,0,42.9,-0.39,-0.82,14.3,85.7,0,0,4,4,4,3.97,0.03,0.57,0.57,4
2024,237,Travis Kelce,KC,TE,1,5,NO,16.666666666666664,30.76923076923077,77.5,6,50,4,33.3,3.33,0.67,7,28,147.4,20,14.7,5,6.67,3,75,11,3.67,0,0,0,0.97,0,2,0,0,1,0.167,85.4,3,30,1,25,3,75,0,0,0,0,0,0,0,0,1,0.33,36.4,-2.28,0.07,16.7,66.7,16.7,0,5,10.8,5,10.83,-5.83,0.83,1.8,10.8
2024,238,Brandin Cooks,DAL,WR,1,1,CLV,29.545454545454547,60,78.3,13,86.7,3,20,1.54,0.23,7.67,23,14.4,20,40.8,6.67,10,2,66.7,5,2.5,0,0,1,0.83,100,0,0,0,1,0.077,125,3,21.4,0,0,2,66.7,1,50,0,0,0,0,0,0,0,0,21.4,-0.85,0.028,61.5,38.5,0,0,10,9.1,10,9.06,0.94,0.77,0.7,9.1
2024,239,Scott Miller,PIT,WR,1,3,LAC,85.71428571428571,100,56.9,6,66.7,1,11.1,3.33,0.17,2,2,2.7,20,25.6,20,20,1,100,18,18,18,18,0,0.01,0,0,0,0,1,0.167,118.8,1,11.1,0,0,1,100,0,100,0,0,0,0,0,0,1,1,16.7,14.67,1.978,83.3,16.7,0,0,3,1.6,3,1.63,1.37,0.5,0.27,1.6
2024,240,Jaylen Waddle,MIA,WR,1,2,BUF,27.27272727272727,25,72,9,50,2,11.1,2.22,0.22,8.5,17,13.7,20,20,10,10,2,100,3,1.5,2,1,0,0.03,0,1,0,0,1,0.111,108.3,2,14.3,0,0,2,100,0,0,0,0,0,0,0,0,0,0,20,2.52,1.015,55.6,44.4,0,0,4,4.1,4,4.09,-0.09,0.44,0.45,4.1
2024,241,Amon-Ra St. Brown,DET,WR,1,4,SEA,9.090909090909092,17.391304347826086,88,3,50,4,66.7,6.67,1.33,2.25,9,150,20,62.5,5,5,4,100,13,3.25,2,0.5,1,0.85,100,2,1,1,1,0.333,127.1,2,50,1,25,4,100,0,0,0,0,0,0,0,1,0,0,80,-0.94,0.826,0,100,0,0,12,11.2,12,11.15,0.85,4,3.72,11.2
2024,242,Brock Bowers,LV,TE,1,3,CAR,11.11111111111111,8,66.1,5,45.5,2,18.2,4,0.4,7,14,23.7,20,33.3,10,10,2,100,6,3,2,1,0,0.02,0,0,0,0,1,0.2,108.3,1,12.5,0,0,2,100,0,0,0,0,0,0,0,0,0,0,33.3,3.08,0.278,20,60,20,0,4,3.9,4,3.86,0.14,0.8,0.77,3.9
2024,243,Xavier Worthy,KC,WR,1,5,NO,20.588235294117645,40,66.3,7,58.3,2,16.7,2.86,0.29,-2,-4,-21.1,20,14.7,10,10,2,100,24,12,0,0,0,0.23,0,1,0,0,1,0.143,108.3,2,20,1,50,2,100,0,0,0,0,0,0,0,0,1,0.5,22.2,4.74,0.278,42.9,57.1,0,0,4,4.6,4,4.58,-0.58,0.57,0.65,4.6
2024,244,Keenan Allen,CHI,WR,1,5,CAR,33.33333333333333,40,81.2,6,85.7,2,28.6,3.17,0.33,14.5,29,53.7,19,24.1,9.5,19,1,50,4,4,3,3,0,0.03,0,0,0,0,1,0.167,83.3,2,40,0,0,1,50,0,0,0,0,0,0,0,0,0,0,33.3,-0.61,0.363,16.7,66.7,0,16.7,2.9,3.2,2.9,3.15,-0.25,0.48,0.53,3.2
2024,245,Jordan Akins,CLV,TE,1,5,WAS,16.666666666666664,40,30.5,3,42.9,2,28.6,6.33,0.67,10.5,21,32.3,19,67.9,9.5,9.5,2,100,4,2,2,1,1,0.3,100,1,1,1,2,0.667,145.8,1,25,0,0,2,100,0,0,0,0,1,1,100,0,0,0,50,1.16,2.736,0,100,0,0,9.9,3.9,9.9,3.86,6.04,3.3,1.29,3.9
2024,246,Christian Kirk,JAX,WR,1,5,IND,10.76923076923077,6.0606060606060606,54.4,7,87.5,2,25,2.71,0.29,7.5,15,13.4,19,14.8,9.5,9.5,2,100,4,2,0,0,0,0.01,0,0,0,0,1,0.143,106.3,2,28.6,0,0,2,100,0,0,0,0,0,0,0,0,0,0,28.6,2.57,0.404,28.6,71.4,0,0,3.9,3.5,3.9,3.52,0.38,0.56,0.5,3.5
2024,247,D.J. Moore,CHI,WR,1,2,HST,14.583333333333334,30,98.5,7,87.5,3,37.5,2.71,0.43,5,15,31.9,19,45.2,6.33,9.5,2,66.7,17,8.5,4,2,0,0,0,0,0,0,1,0.143,84,2,40,1,33.3,2,66.7,0,0,0,0,0,0,0,0,0,0,37.5,-0.45,0.307,57.1,42.9,0,0,3.9,3.4,3.9,3.38,0.52,0.56,0.48,3.4
2024,248,George Pickens,PIT,WR,1,3,LAC,19.51219512195122,13.333333333333334,73.8,8,88.9,2,22.2,2.38,0.25,9.5,19,25.3,19,24.4,9.5,9.5,2,100,0,0,0,0,0,0.01,0,0,0,0,2,0.25,106.3,2,22.2,0,0,2,100,0,0,0,0,0,0,0,0,0,0,22.2,1.41,1.111,50,50,0,0,3.9,4.6,3.9,4.59,-0.69,0.49,0.57,4.6
2024,249,Garrett Wilson,NYJ,WR,1,5,MIN,25.423728813559322,23.809523809523807,95.8,15,88.2,5,29.4,1.27,0.33,5.8,29,19.3,19,16.4,3.8,6.33,3,60,12,4,8,2.67,0,0,0,0,0,0,1,0.067,28.3,3,25,1,20,3,60,0,0,0,0,0,0,0,0,1,0.33,29.4,-3.39,-1.646,60,33.3,0,6.7,4.9,5.1,4.9,5.14,-0.24,0.33,0.34,5.1
2024,250,Romeo Doubs,GB,WR,1,1,PHI,22.22222222222222,33.33333333333333,89.7,10,83.3,2,16.7,1.9,0.2,14.5,29,18.6,19,11.9,9.5,19,1,50,7,7,0,0,0,0,0,1,1,0,1,0.1,83.3,2,22.2,0,0,1,50,0,0,0,0,0,0,0,0,0,0,16.7,-0.86,0.623,80,20,0,0,2.9,2.3,2.9,2.34,0.56,0.29,0.23,2.3
2024,251,Jake Ferguson,DAL,TE,1,4,NYG,16.666666666666664,18.75,74.5,8,80,3,30,2.38,0.38,5,15,39.5,19,37.3,6.33,6.33,3,100,4,1.33,1,0.33,0,0.03,0,0,0,0,1,0.125,93.1,2,28.6,0,0,3,100,0,0,0,0,0,0,0,0,0,0,33.3,-0.37,-0.051,12.5,75,12.5,0,4.9,5.7,4.9,5.67,-0.77,0.61,0.71,5.7
2024,252,Jaxon Smith-Njigba,SEA,WR,1,1,DEN,7.6923076923076925,4.545454545454546,80,6,75,2,25,3.17,0.33,3.5,7,36.8,19,38,9.5,9.5,2,100,12,6,7,3.5,0,0,0,0,0,0,2,0.333,106.3,1,16.7,0,0,2,100,0,0,0,0,0,0,0,0,0,0,28.6,3.65,0.674,16.7,83.3,0,0,3.9,3.4,3.9,3.44,0.46,0.65,0.57,3.4
2024,253,Tank Dell,HST,WR,1,5,BUF,24.242424242424242,16.666666666666664,68.7,8,72.7,1,9.1,2.38,0.13,16,16,17.8,19,16.5,19,19,1,100,3,3,1,1,0,0.01,0,0,0,0,1,0.125,118.8,1,11.1,0,0,1,100,0,0,0,0,0,0,0,0,0,0,10,8.9,1.89,87.5,12.5,0,0,2.9,2.9,2.9,2.93,-0.03,0.36,0.37,2.9
2024,254,Trey Palmer,TB,WR,1,1,WAS,12.5,25,32.8,1,9.1,1,9.1,19,1,18,18,16.5,19,13.7,19,19,1,100,1,1,0,0,0,0.03,0,0,0,0,1,1,118.8,0,0,0,0,1,100,0,0,0,0,0,0,0,0,0,0,50,8.1,1.855,0,100,0,0,2.9,3.2,2.9,3.2,-0.3,2.9,3.2,3.2
2024,255,Xavier Legette,CAR,WR,1,4,CIN,27.27272727272727,40,85.7,9,90,2,20,2.11,0.22,10.5,21,29.6,19,25,9.5,9.5,2,100,-1,-0.5,-1,-0.5,1,0.95,50,1,1,1,2,0.222,145.8,2,25,0,0,2,100,0,0,0,0,0,0,0,0,0,0,20,1.25,2.332,33.3,66.7,0,0,9.9,9.5,9.9,9.54,0.36,1.1,1.06,9.5
2024,256,Robert Woods,HST,WR,1,3,MIN,33.33333333333333,100,20.6,4,33.3,2,16.7,4.5,0.5,-0.5,-1,-1.1,18,18.8,9,9,2,100,19,9.5,3,1.5,0,0,0,0,0,0,0,0,104.2,1,10,1,50,2,100,0,0,0,0,0,0,0,0,0,0,50,4.03,-0.26,50,50,0,0,3.8,3.7,3.8,3.74,0.06,0.95,0.93,3.7
2024,257,DeAndre Carter,CHI,WR,1,2,HST,23.809523809523807,20,69.7,5,62.5,2,25,3.6,0.4,3,6,12.8,18,42.9,9,9,2,100,12,6,12,6,0,0,0,0,0,0,1,0.2,104.2,2,40,0,0,2,100,0,0,0,0,0,0,0,0,1,0.5,33.3,3.26,0.607,40,60,0,0,3.8,3.4,3.8,3.37,0.43,0.76,0.67,3.4
2024,258,Tyler Lockett,SEA,WR,1,4,DET,22.857142857142858,23.076923076923077,71.8,16,84.2,3,15.8,1.13,0.19,7,21,15.7,18,13.4,6,9,2,66.7,2,1,0,0,0,0.01,0,0,0,0,2,0.125,82.6,3,21.4,0,0,2,66.7,0,0,0,0,0,0,0,0,0,0,17.6,-1.15,-0.255,43.8,56.3,0,0,3.8,4.1,3.8,4.1,-0.3,0.24,0.26,4.1
2024,259,Kalif Raymond,DET,WR,1,2,TB,47.05882352941176,33.33333333333333,36.1,8,50,2,12.5,2.25,0.25,10,20,11.6,18,13,9,18,1,50,1,1,1,1,0,0.01,0,0,0,0,1,0.125,81.3,2,15.4,0,0,1,50,0,0,0,0,0,0,0,0,0,0,25,0.44,-0.434,50,50,0,0,2.8,2.9,2.8,2.94,-0.14,0.35,0.37,2.9
2024,260,Demarcus Robinson,LA,WR,1,4,CHI,12.280701754385964,11.11111111111111,84.5,7,77.8,1,11.1,2.57,0.14,17,17,16,18,17,18,18,1,100,1,1,1,1,0,0,0,0,0,0,1,0.143,118.8,1,11.1,0,0,1,100,0,0,0,0,0,0,0,0,0,0,12.5,6.33,1.205,42.9,57.1,0,0,2.8,2.9,2.8,2.93,-0.13,0.4,0.42,2.9
2024,261,Mo Alie-Cox,IND,TE,1,5,JAX,28.57142857142857,50,42,4,30.8,2,15.4,4.5,0.5,23.5,47,35.3,18,20,9,18,1,50,0,0,0,0,1,0.65,50,2,2,1,1,0.25,120.8,2,15.4,0,0,1,50,2,0,0,0,1,1,100,0,0,0,40,-4.57,1.559,0,50,50,0,8.8,4.9,8.8,4.95,3.85,2.2,1.24,4.9
2024,262,Mike Williams,NYJ,WR,1,5,MIN,35,33.33333333333333,70.4,14,82.4,1,5.9,1.29,0.07,16,16,10.7,18,15.5,18,18,1,100,2,2,1,1,0,0.16,0,0,0,0,1,0.071,118.8,1,8.3,0,0,1,100,0,0,0,0,0,0,0,0,0,0,5.9,7.9,2.188,78.6,21.4,0,0,2.8,3.5,2.8,3.52,-0.72,0.2,0.25,3.5
2024,263,Jonnu Smith,MIA,TE,1,3,SEA,15.151515151515152,15.384615384615385,37.5,5,45.5,2,18.2,3.6,0.4,7.5,15,20,18,51.4,9,9,2,100,3,1.5,1,0.5,0,0.01,0,0,0,0,1,0.2,104.2,2,22.2,0,0,2,100,0,0,0,0,0,0,0,0,0,0,25,1.88,0.422,40,60,0,0,3.8,3.8,3.8,3.75,0.05,0.76,0.75,3.8
2024,264,Dalton Schultz,HST,TE,1,5,BUF,18.421052631578945,22.22222222222222,98.5,7,63.6,2,18.2,2.57,0.29,11,22,24.4,18,15.7,9,18,1,50,1,1,0,0,0,0.01,0,0,0,0,1,0.143,81.3,1,11.1,0,0,1,50,0,0,0,0,0,0,0,0,0,0,18.2,-0.08,0.494,14.3,71.4,14.3,0,2.8,3.1,2.8,3.08,-0.28,0.4,0.44,3.1
2024,265,D.J. Moore,CHI,WR,1,5,CAR,12.5,20,88.4,6,85.7,2,28.6,3,0.33,1,2,3.7,18,22.8,9,9,2,100,16,8,1,0.5,0,0.04,0,0,0,0,1,0.167,104.2,0,0,0,0,2,100,0,0,0,0,0,0,0,0,1,0.5,28.6,3.35,0.247,50,50,0,0,3.8,3.8,3.8,3.84,-0.04,0.63,0.64,3.8
2024,266,Mike Gesicki,CIN,TE,1,1,NE,13.88888888888889,26.666666666666668,35.4,5,41.7,4,33.3,3.6,0.8,9.25,37,37.4,18,24,4.5,6,3,75,4,1.33,3,1,0,0.25,0,1,1,0,0,0,83.3,4,36.4,0,0,4,100,1,0,1,25,1,0,0,0,0,0,66.7,-3.4,-0.279,20,80,0,0,4.8,7.7,4.8,7.74,-2.94,0.96,1.55,7.7
2024,267,Deebo Samuel,SF,WR,1,2,MIN,18.75,18.75,85.1,9,90,3,30,2,0.33,5.67,17,14.2,18,19.4,6,9,2,66.7,6,3,0,0,0,0,0,0,0,0,1,0.111,82.6,2,22.2,1,33.3,2,66.7,0,0,0,0,1,0,0,0,0,0,33.3,-0.98,-0.44,44.4,55.6,0,0,3.8,4.2,3.8,4.24,-0.44,0.42,0.47,4.2
2024,268,Laviska Shenault,SEA,WR,1,4,DET,25,50,1.3,1,5.3,1,5.3,18,1,-1,-1,-0.7,18,13.4,18,18,1,100,19,19,11,11,0,0.01,0,0,0,0,1,1,118.8,1,7.1,1,100,1,100,0,0,0,0,0,0,0,0,1,1,100,11.83,2.262,0,100,0,0,2.8,1.7,2.8,1.72,1.08,2.8,1.72,1.7
2024,269,CeeDee Lamb,DAL,WR,1,4,NYG,12.857142857142856,16.666666666666664,84.3,9,90,4,40,2,0.44,4.25,17,44.7,18,35.3,4.5,6,3,75,5,1.67,1,0.33,0,0.05,0,0,0,0,0,0,83.3,2,28.6,0,0,4,100,0,0,0,0,1,0,0,0,0,0,40,-1.63,-0.177,22.2,77.8,0,0,4.8,6.3,4.8,6.31,-1.51,0.53,0.7,6.3
2024,270,David Bell,CLV,WR,1,2,JAX,100,100,13.8,2,28.6,2,28.6,9,1,5.5,11,18.6,18,31.6,9,9,2,100,7,3.5,6,3,0,0.02,0,1,0,0,0,0,104.2,1,16.7,0,0,2,100,0,0,0,0,1,1,100,0,1,0.5,100,1.39,1.17,0,100,0,0,3.8,2.8,3.8,2.75,1.05,1.9,1.38,2.8
2024,271,Trey McBride,ARZ,TE,1,2,LA,2.272727272727273,5.88235294117647,82.3,1,100,1,100,18,1,4,4,100,18,100,18,18,1,100,14,14,11,11,0,0.01,0,0,0,0,1,1,118.8,1,100,0,0,1,100,0,0,0,0,0,0,0,0,0,0,100,11.93,2.29,0,100,0,0,2.8,1.9,2.8,1.88,0.92,2.8,1.88,1.9
2024,272,Wan'Dale Robinson,NYG,WR,1,2,WAS,7.547169811320755,5.555555555555555,64.7,4,100,2,50,4.5,0.5,4.5,9,52.9,18,60,9,9,2,100,9,4.5,2,1,1,0.62,100,1,0,0,2,0.5,143.8,2,50,0,0,2,100,0,0,0,0,0,0,0,0,1,0.5,50,2.79,1.998,25,75,0,0,9.8,6.9,9.8,6.9,2.9,2.45,1.73,6.9
2024,273,Michael Wilson,ARZ,WR,1,6,GB,22.413793103448278,20,94.5,13,100,2,15.4,1.38,0.15,11,22,23.2,18,16.4,9,18,1,50,0,0,0,0,1,0.52,100,1,1,1,1,0.077,120.8,2,20,0,0,2,100,0,0,0,0,2,1,50,0,0,0,15.4,0.53,0.608,69.2,30.8,0,0,8.8,5.7,8.8,5.67,3.13,0.68,0.44,5.7
2024,274,Jonathan Mingo,CAR,WR,1,3,LV,28.888888888888886,23.076923076923077,65.7,13,100,3,23.1,1.38,0.23,0,0,0,18,12.7,6,6,3,100,18,6,1,0.33,0,0.03,0,0,0,0,1,0.077,91.7,3,23.1,2,66.7,3,100,0,0,0,0,0,0,0,0,0,0,23.1,0.28,-0.158,46.2,53.8,0,0,4.8,5.1,4.8,5.12,-0.32,0.37,0.39,5.1
2024,275,Xavier Legette,CAR,WR,1,1,NO,15.151515151515152,40,58.2,5,62.5,2,25,3.6,0.4,20,40,35.1,18,34,9,18,1,50,3,3,0,0,0,0.27,0,0,1,0,1,0.2,81.3,2,28.6,0,0,2,100,1,0,0,0,1,0,0,0,0,0,40,-1.95,0.53,40,60,0,0,2.8,5.2,2.8,5.15,-2.35,0.56,1.03,5.2
2024,276,Ladd McConkey,LAC,WR,1,3,PIT,13.333333333333334,20,71.1,4,80,4,80,4.5,1,11,44,95.7,18,72,4.5,18,1,25,4,4,3,3,0,0.01,0,0,0,0,1,0.25,45.8,4,80,0,0,1,25,1,0,0,0,0,0,0,0,0,0,80,-3.96,0.145,0,100,0,0,2.8,2.6,2.8,2.65,0.15,0.7,0.66,2.6
2024,277,David Moore,CAR,WR,1,6,ATL,18.181818181818183,66.66666666666666,9.7,2,12.5,2,12.5,8.5,1,5,10,10.9,17,14,8.5,8.5,2,100,7,3.5,2,1,0,0,0,1,0,0,0,0,102.1,2,18.2,0,0,2,100,0,0,0,0,0,0,0,0,0,0,100,2,0.47,0,100,0,0,3.7,3.3,3.7,3.34,0.36,1.85,1.67,3.3
2024,278,Evan Engram,JAX,TE,1,6,CHI,52.94117647058824,50,61.7,9,75,3,25,1.89,0.33,0,0,0,17,25.4,5.67,5.67,3,100,17,5.67,3,1,0,0.01,0,0,0,0,0,0,90.3,2,18.2,1,33.3,3,100,0,0,0,0,0,0,0,0,0,0,33.3,0.16,-0.326,22.2,66.7,11.1,0,4.7,5.1,4.7,5.07,-0.37,0.52,0.56,5.1
2024,279,Trent Sherfield,MIN,WR,1,2,SF,80,100,29.6,4,33.3,2,16.7,4.25,0.5,10,20,12,17,8.4,8.5,17,1,50,13,13,0,0,0,0,0,0,0,0,1,0.25,39.6,1,12.5,0,0,1,50,0,0,0,0,0,0,0,0,0,0,50,0.43,-2.55,25,75,0,0,2.7,1.8,2.7,1.82,0.88,0.68,0.46,1.8
2024,280,Foster Moreau,NO,TE,1,1,CAR,11.11111111111111,100,77.4,1,14.3,1,14.3,17,1,16,16,29.1,17,56.7,17,17,1,100,1,1,0,0,0,0.03,0,0,0,0,0,0,118.8,1,14.3,0,0,1,100,0,0,0,0,0,0,0,0,0,0,20,6.81,1.271,0,100,0,0,2.7,2.9,2.7,2.94,-0.24,2.7,2.94,2.9
2024,281,Colby Parkinson,LA,TE,1,3,SF,12.244897959183673,18.75,98.2,6,100,3,50,2.83,0.5,6,18,24.7,17,21.5,5.67,8.5,2,66.7,7,3.5,1,0.5,0,0.19,0,1,0,0,1,0.167,81.3,2,40,0,0,3,100,0,0,0,0,1,0,0,0,0,0,50,-1.23,0.232,16.7,50,33.3,0,3.7,5.4,3.7,5.41,-1.71,0.62,0.9,5.4
2024,282,Calvin Austin,PIT,WR,1,4,IND,17.142857142857142,8.333333333333332,57.4,6,85.7,1,14.3,2.83,0.17,15,15,18.1,17,16.3,17,17,1,100,2,2,2,2,0,0,0,0,0,0,1,0.167,118.8,1,20,0,0,1,100,0,0,0,0,0,0,0,0,0,0,16.7,6.59,2.625,50,50,0,0,2.7,2.7,2.7,2.69,0.01,0.45,0.45,2.7
2024,283,Dontayvion Wicks,GB,WR,1,4,MIN,48.38709677419355,28.57142857142857,75.7,15,75,4,20,1.13,0.27,7.25,29,17.6,17,9.2,4.25,8.5,2,50,15,7.5,3,1.5,1,0.91,50,2,1,1,2,0.133,101,3,21.4,0,0,3,75,0,0,1,25,0,0,0,0,2,1,25,-3.54,0.339,53.3,46.7,0,0,9.7,10,9.7,10.03,-0.33,0.65,0.67,10
2024,284,Michael Wilson,ARZ,WR,1,3,DET,25.862068965517242,50,88.7,15,93.8,5,31.3,1.13,0.33,6.2,31,19,17,18.7,3.4,4.25,4,80,3,0.75,2,0.5,0,0,0,0,0,0,0,0,80.8,5,41.7,0,0,4,80,0,0,0,0,0,0,0,0,0,0,33.3,-3.65,-0.306,66.7,33.3,0,0,5.7,6.7,5.7,6.73,-1.03,0.38,0.45,6.7
2024,285,Luke McCaffrey,WAS,WR,1,4,ARZ,25,12.5,43.3,8,57.1,1,7.1,2.13,0.13,13,13,13.3,17,18.1,17,17,1,100,4,4,1,1,0,0.03,0,0,0,0,1,0.125,118.8,0,0,0,0,1,100,0,0,0,0,0,0,0,0,0,0,12.5,8.09,1.725,25,75,0,0,2.7,2.7,2.7,2.66,0.04,0.34,0.33,2.7
2024,286,Rome Odunze,CHI,WR,1,5,CAR,15.217391304347828,14.285714285714285,81.2,7,100,2,28.6,2.43,0.29,0,0,0,17,21.5,8.5,8.5,2,100,17,8.5,4,2,0,0.01,0,0,0,0,1,0.143,102.1,2,40,1,50,2,100,0,0,0,0,0,0,0,0,0,0,28.6,3.08,0.445,71.4,28.6,0,0,3.7,3.2,3.7,3.22,0.48,0.53,0.46,3.2
2024,287,Zach Ertz,WAS,TE,1,1,TB,17.073170731707318,13.333333333333334,69.6,7,70,2,20,2.29,0.29,7,14,23.7,16,19.5,8,8,2,100,2,1,1,0.5,0,0,0,0,0,0,0,0,100,2,22.2,0,0,2,100,0,0,0,0,0,0,0,0,0,0,22.2,0.59,0.603,14.3,85.7,0,0,3.6,3.8,3.6,3.82,-0.22,0.51,0.55,3.8
2024,288,Tyler Boyd,TEN,WR,1,6,IND,12,14.285714285714285,67.3,3,50,2,33.3,5.33,0.67,2.5,5,15.6,16,51.6,8,8,2,100,11,5.5,3,1.5,0,0.01,0,0,0,0,1,0.333,100,2,33.3,1,50,2,100,0,0,0,0,1,1,100,0,0,0,50,1.72,0.711,0,100,0,0,3.6,2.7,3.6,2.69,0.91,1.2,0.9,2.7
2024,289,Brandon Powell,MIN,WR,1,2,SF,43.47826086956522,40,59.3,10,83.3,2,16.7,1.6,0.2,5.5,11,6.6,16,7.9,8,8,2,100,5,2.5,0,0,0,0.22,0,1,0,0,2,0.2,100,1,12.5,0,0,2,100,0,0,0,0,0,0,0,0,0,0,20,1.34,1.349,80,20,0,0,3.6,5.2,3.6,5.17,-1.57,0.36,0.52,5.2
2024,290,Pat Freiermuth,PIT,TE,1,6,LV,14.285714285714285,20,87.1,5,71.4,2,28.6,3.2,0.4,5,10,12.3,16,30.8,8,8,2,100,6,3,4,2,0,0,0,0,0,0,0,0,100,2,33.3,0,0,2,100,0,0,0,0,0,0,0,0,0,0,33.3,1.52,0.209,20,80,0,0,3.6,3.5,3.6,3.5,0.1,0.72,0.7,3.5
2024,291,Xavier Gipson,NYJ,WR,1,3,NE,30.76923076923077,50,20,4,50,2,25,4,0.5,1,2,2.6,16,18.6,8,8,2,100,14,7,7,3.5,0,0.01,0,0,0,0,1,0.25,100,2,50,1,50,2,100,0,0,0,0,0,0,0,0,0,0,50,2.39,0.314,25,75,0,0,3.6,3.7,3.6,3.71,-0.11,0.9,0.93,3.7
2024,292,Marvin Harrison,ARZ,WR,1,3,DET,30.434782608695656,22.22222222222222,86.8,14,87.5,2,12.5,1.14,0.14,20,40,24.5,16,17.6,8,16,1,50,0,0,0,0,0,0,0,0,0,0,1,0.071,77.1,1,8.3,0,0,1,50,1,0,0,0,1,1,100,0,0,0,14.3,-2.92,0.494,64.3,35.7,0,0,2.6,1.8,2.6,1.81,0.79,0.19,0.13,1.8
2024,293,Marvin Harrison,ARZ,WR,1,4,WAS,23.91304347826087,33.33333333333333,91.4,11,91.7,3,25,1.45,0.27,6.67,20,42.6,16,24.2,5.33,5.33,3,100,1,0.33,1,0.33,1,1,100,1,1,1,1,0.091,128.5,3,33.3,0,0,3,100,0,0,0,0,1,1,100,0,0,0,25,-1.65,1.029,54.5,45.5,0,0,10.6,10.9,10.6,10.87,-0.27,0.96,0.99,10.9
2024,294,Darnell Mooney,ATL,WR,1,1,PIT,12.5,6.25,94,8,100,1,12.5,1.88,0.13,12,12,15.6,15,30.6,15,15,1,100,3,3,2,2,0,0,0,0,0,0,1,0.125,118.8,1,14.3,0,0,1,100,0,0,0,0,0,0,0,0,0,0,12.5,5.95,2.124,62.5,37.5,0,0,2.5,2.3,2.5,2.27,0.23,0.31,0.28,2.3
2024,295,DeVonta Smith,PHI,WR,1,2,ATL,33.33333333333333,30.76923076923077,100,11,73.3,4,26.7,1.36,0.36,7,28,52.8,15,21.4,3.75,7.5,2,50,4,2,2,1,1,1.14,100,2,2,1,1,0.091,99,2,20,0,0,3,75,0,0,0,0,2,0,0,0,0,0,26.7,-3.46,-0.083,45.5,54.5,0,0,9.5,10.6,9.5,10.64,-1.14,0.86,0.97,10.6
2024,296,Drake London,ATL,WR,1,1,PIT,13.559322033898304,6.451612903225806,100,8,100,2,25,1.88,0.25,6,12,15.6,15,30.6,7.5,7.5,2,100,3,1.5,2,1,0,0.01,0,1,0,0,1,0.125,97.9,2,28.6,0,0,2,100,0,0,0,0,1,1,100,0,1,0.5,25,0.79,0.365,75,25,0,0,3.5,2.6,3.5,2.59,0.91,0.44,0.32,2.6
2024,297,Tanner Conner,MIA,TE,1,4,TEN,50,100,3.7,2,18.2,2,18.2,7.5,1,5.5,11,64.7,15,26.3,7.5,7.5,2,100,4,2,2,1,0,0,0,0,0,0,1,0.5,97.9,1,10,0,0,2,100,0,0,0,0,0,0,0,0,0,0,100,0.81,-0.088,0,100,0,0,3.5,3.5,3.5,3.53,-0.03,1.75,1.76,3.5
2024,298,Alec Pierce,IND,WR,1,2,GB,25.53191489361702,100,94.3,12,80,2,13.3,1.25,0.17,34.5,69,31.1,15,16.1,7.5,15,1,50,-1,-1,0,0,0,0.05,0,0,0,0,1,0.083,35.4,1,10,0,0,2,100,1,0,0,0,1,0,0,1,0,0,16.7,-5.05,-0.011,83.3,16.7,0,0,2.5,4.6,2.5,4.57,-2.07,0.21,0.38,4.6
2024,299,Jalen Tolbert,DAL,WR,1,3,BLT,18.571428571428573,7.6923076923076925,77.1,13,86.7,1,6.7,1.15,0.08,19,19,10.4,15,10.9,15,15,1,100,0,0,0,0,1,0.84,50,1,1,1,1,0.077,158.3,1,7.7,0,0,1,100,0,0,0,0,0,0,0,0,0,0,7.7,3.07,2.423,76.9,23.1,0,0,8.5,7.1,8.5,7.06,1.44,0.65,0.54,7.1
2024,300,Trey McBride,ARZ,TE,1,1,BUF,25,23.52941176470588,85,11,84.6,4,30.8,1.36,0.36,4.75,19,22.4,15,22.7,3.75,5,3,75,0,0,-1,-0.33,0,0.01,0,0,0,0,0,0,80.2,3,30,0,0,4,100,0,0,1,25,1,1,100,0,0,0,36.4,-2.68,0.011,0,81.8,18.2,0,4.5,6.3,4.5,6.32,-1.82,0.41,0.57,6.3
2024,301,KaVontae Turpin,DAL,WR,1,6,DET,26.923076923076923,26.666666666666668,47.7,7,43.8,4,25,2.14,0.57,9.5,38,30.4,15,19.2,3.75,7.5,2,50,12,6,8,4,0,0.02,0,1,1,0,1,0.143,19.8,2,14.3,1,25,2,50,1,0,0,0,0,0,0,0,1,0.5,57.1,-4.03,-0.779,14.3,85.7,0,0,3.5,3.4,3.5,3.35,0.15,0.5,0.48,3.4
2024,302,Chig Okonkwo,TEN,TE,1,3,GB,27.77777777777778,28.57142857142857,54.7,5,50,2,20,3,0.4,4,8,12.1,15,15.2,7.5,7.5,2,100,7,3.5,4,2,0,0,0,0,0,0,0,0,97.9,1,33.3,0,0,2,100,0,0,0,0,0,0,0,0,0,0,33.3,1.1,0.216,40,60,0,0,3.5,3.4,3.5,3.42,0.08,0.7,0.68,3.4
2024,303,Isaiah Likely,BLT,TE,1,2,LV,16.666666666666664,11.76470588235294,49.2,5,41.7,2,16.7,3,0.4,14,28,19.4,15,12.1,7.5,15,1,50,10,10,10,10,0,0.03,0,0,0,0,1,0.2,75,2,20,0,0,2,100,1,0,0,0,1,0,0,0,1,1,40,-1.59,0.703,0,80,20,0,2.5,4.1,2.5,4.06,-1.56,0.5,0.81,4.1
2024,304,Brock Bowers,LV,TE,1,1,LAC,15.555555555555555,16,67.8,7,58.3,4,33.3,2.14,0.57,3.25,13,28.9,15,20,3.75,5,3,75,2,0.67,2,0.67,0,0.01,0,0,0,0,1,0.143,80.2,1,11.1,0,0,3,75,0,0,0,0,0,0,0,0,0,0,50,-2.44,0.015,0,100,0,0,4.5,5.2,4.5,5.18,-0.68,0.64,0.74,5.2
2024,305,Theo Johnson,NYG,TE,1,6,CIN,17.647058823529413,66.66666666666666,89.2,6,66.7,2,22.2,2.5,0.33,5,10,21.3,15,24.2,7.5,7.5,2,100,5,2.5,1,0.5,0,0,0,0,0,0,0,0,97.9,1,12.5,0,0,2,100,0,0,0,0,0,0,0,0,0,0,22.2,1.02,-0.151,0,83.3,0,16.7,3.5,3.5,3.5,3.53,-0.03,0.58,0.59,3.5
2024,306,Mike Evans,TB,WR,1,4,PHI,21.818181818181817,15.384615384615385,78.4,12,80,2,13.3,1.17,0.17,5.5,11,23.4,14,13.7,7,7,2,100,10,5,9,4.5,1,1.02,100,1,1,1,2,0.167,135.4,2,16.7,0,0,2,100,0,0,0,0,0,0,0,0,1,0.5,15.4,0.61,1.154,75,25,0,0,9.4,9.2,9.4,9.16,0.24,0.78,0.76,9.2
2024,307,Stefon Diggs,HST,WR,1,1,IND,11.904761904761903,13.636363636363635,76.3,5,100,3,60,2.8,0.6,3.33,10,52.6,14,58.3,4.67,4.67,3,100,5,1.67,3,1,1,0.75,100,1,1,1,2,0.4,125.7,2,50,0,0,3,100,0,0,0,0,0,0,0,0,0,0,60,-1.05,1.505,20,80,0,0,10.4,9,10.4,9,1.4,2.08,1.8,9
2024,308,Tyler Boyd,TEN,WR,1,1,CHI,28.000000000000004,28.57142857142857,83.6,7,77.8,4,44.4,2,0.57,7.5,30,100,14,70,3.5,7,2,50,8,4,2,1,0,0.03,0,0,0,0,2,0.286,18.8,4,44.4,1,25,2,50,0,0,0,0,0,0,0,0,0,0,50,-4.28,0.367,0,100,0,0,3.4,3.9,3.4,3.89,-0.49,0.49,0.56,3.9
2024,309,Tyreek Hill,MIA,WR,1,2,BUF,25,12.5,68,10,55.6,2,11.1,1.4,0.2,1.5,3,2.4,14,14,7,7,2,100,11,5.5,3,1.5,0,0.01,0,0,0,0,1,0.1,95.8,2,14.3,1,50,2,100,0,0,0,0,0,0,0,0,0,0,20,1.06,0.22,50,50,0,0,3.4,3.4,3.4,3.36,0.04,0.34,0.34,3.4
2024,310,Tyreek Hill,MIA,WR,1,5,NE,20,18.75,77.3,8,88.9,3,33.3,1.75,0.38,0.33,1,1.4,14,33.3,4.67,4.67,3,100,13,4.33,5,1.67,0,0.01,0,0,0,0,0,0,86.1,2,33.3,1,33.3,3,100,0,0,0,0,0,0,0,0,0,0,33.3,-1.2,-0.287,50,50,0,0,4.4,5,4.4,5.05,-0.65,0.55,0.63,5
2024,311,George Kittle,SF,TE,1,5,ARZ,25,27.27272727272727,90.5,11,100,3,27.3,1.27,0.27,10.33,31,27.7,14,18.7,4.67,14,1,33.3,7,7,2,2,0,0.2,0,1,1,0,1,0.091,49.3,1,16.7,0,0,3,100,0,0,0,0,2,0,0,0,0,0,27.3,-3.74,-0.887,36.4,45.5,18.2,0,2.4,4.9,2.4,4.94,-2.54,0.22,0.45,4.9
2024,312,Noah Brown,WAS,WR,1,4,ARZ,42.10526315789473,50,67.2,8,57.1,2,14.3,1.75,0.25,8.5,17,17.3,14,14.9,7,14,1,50,2,2,1,1,0,0.01,0,0,0,0,1,0.125,72.9,1,12.5,0,0,1,50,0,0,0,0,0,0,0,0,0,0,16.7,-0.7,1.056,62.5,37.5,0,0,2.4,2.4,2.4,2.43,-0.03,0.3,0.3,2.4
2024,313,Mark Andrews,BLT,TE,1,1,KC,28.125,15.384615384615385,71.6,9,60,2,13.3,1.56,0.22,5,10,7.7,14,11.9,7,7,2,100,4,2,2,1,0,0.01,0,0,0,0,1,0.111,95.8,2,18.2,0,0,2,100,0,0,0,0,0,0,0,0,0,0,20,0.19,0.126,0,100,0,0,3.4,3.7,3.4,3.65,-0.25,0.38,0.41,3.7
2024,314,Noah Fant,SEA,TE,1,2,NE,22.22222222222222,8.333333333333332,80.3,12,60,1,5,1.17,0.08,7,7,3.6,14,7.9,14,14,1,100,7,7,2,2,0,0,0,0,0,0,1,0.083,118.8,1,6.7,0,0,1,100,0,0,0,0,0,0,0,0,0,0,6.3,6.69,0.83,25,75,0,0,2.4,2,2.4,1.97,0.43,0.2,0.16,2
2024,315,Terry McLaurin,WAS,WR,1,6,BLT,7.142857142857142,8.333333333333332,80.4,3,60,1,20,4.67,0.33,12,12,41.4,14,33.3,14,14,1,100,2,2,0,0,0,0.01,0,0,0,0,1,0.333,118.8,1,25,0,0,1,100,0,0,0,0,0,0,0,0,0,0,25,4.95,0.905,33.3,66.7,0,0,2.4,2.3,2.4,2.27,0.13,0.8,0.76,2.3
2024,316,Michael Pittman,IND,WR,1,2,GB,30.612244897959183,40,84.9,15,100,4,26.7,0.93,0.27,9.5,38,17.1,14,15.1,3.5,7,2,50,2,1,2,1,0,0.02,0,1,0,0,1,0.067,18.8,2,20,0,0,3,75,0,0,0,0,1,0,0,0,0,0,26.7,-4.18,-0.977,66.7,33.3,0,0,3.4,5.5,3.4,5.48,-2.08,0.23,0.37,5.5
2024,317,Jauan Jennings,SF,WR,1,6,SEA,10.416666666666668,10,49.2,5,55.6,2,22.2,2.8,0.4,4,8,12.9,14,10.7,7,7,2,100,6,3,3,1.5,0,0.08,0,0,0,0,1,0.2,95.8,2,25,0,0,2,100,0,0,0,0,0,0,0,0,0,0,33.3,1.09,0.134,40,60,0,0,3.4,4.2,3.4,4.16,-0.76,0.68,0.83,4.2
2024,318,Jaylen Waddle,MIA,WR,1,4,TEN,12.121212121212121,25,74.1,4,36.4,2,18.2,3.5,0.5,3.5,7,41.2,14,24.6,7,7,2,100,7,3.5,4,2,0,0.02,0,1,0,0,1,0.25,95.8,2,20,1,50,2,100,0,0,0,0,0,0,0,0,0,0,40,0.4,0.041,25,75,0,0,3.4,3.7,3.4,3.72,-0.32,0.85,0.93,3.7
2024,319,Simi Fehoko,LAC,WR,1,6,DEN,35.714285714285715,100,49.3,5,71.4,1,14.3,2.8,0.2,13,13,18.8,14,14.7,14,14,1,100,1,1,0,0,0,0.01,0,0,0,0,1,0.2,118.8,0,0,0,0,1,100,0,0,0,0,0,0,0,0,0,0,20,5.09,0.884,80,20,0,0,2.4,2.4,2.4,2.44,-0.04,0.48,0.49,2.4
2024,320,Rashid Shaheed,NO,WR,1,1,CAR,7.6923076923076925,21.428571428571427,66.1,3,42.9,3,42.9,4.67,1,6,18,32.7,14,46.7,4.67,7,2,66.7,15,7.5,1,0.5,0,0.08,0,0,0,0,1,0.333,77.1,3,42.9,1,33.3,2,66.7,0,0,0,0,0,0,0,0,0,0,75,-2.85,-0.224,0,100,0,0,3.4,4.1,3.4,4.05,-0.65,1.13,1.35,4.1
2024,321,Dontayvion Wicks,GB,WR,1,2,IND,6.451612903225806,14.285714285714285,50.7,2,50,2,50,7,1,11,22,137.5,14,82.4,7,14,1,50,8,8,0,0,1,0.57,100,1,0,0,1,0.5,112.5,1,33.3,0,0,2,100,0,0,0,0,1,0,0,0,0,0,50,-1.52,1.054,0,100,0,0,8.4,6.7,8.4,6.73,1.67,4.2,3.36,6.7
2024,322,Tre Tucker,LV,WR,1,4,CLV,8.928571428571429,16.666666666666664,85.5,5,100,1,20,2.8,0.2,11,11,15.3,14,42.4,14,14,1,100,3,3,0,0,0,0,0,0,0,0,1,0.2,118.8,1,25,0,0,1,100,0,0,0,0,0,0,0,0,0,0,20,5.68,2.026,80,20,0,0,2.4,2.3,2.4,2.32,0.08,0.48,0.46,2.3
2024,323,Ja'Tavion Sanders,CAR,TE,1,5,CHI,25,33.33333333333333,75.9,8,66.7,3,25,1.75,0.38,3.33,10,8.5,14,12.5,4.67,7,2,66.7,8,4,4,2,0,0,0,0,0,0,1,0.125,77.1,1,11.1,0,0,3,100,0,0,1,33.3,0,0,0,0,0,0,30,-1.48,0.153,0,100,0,0,3.4,5,3.4,5.03,-1.63,0.42,0.63,5
2024,324,Erick All,CIN,TE,1,3,WAS,25,50,35,4,22.2,3,16.7,3.5,0.75,1.33,4,3.1,14,11.8,4.67,4.67,3,100,10,3.33,2,0.67,0,0.01,0,0,0,0,1,0.25,86.1,2,18.2,0,0,3,100,0,0,0,0,0,0,0,0,0,0,60,-1.57,0.042,0,100,0,0,4.4,5,4.4,5.04,-0.64,1.1,1.26,5
2024,325,Brian Thomas,JAX,WR,1,1,MIA,14.545454545454545,8.333333333333332,76,8,80,1,10,1.75,0.13,23,23,18.5,14,15.7,14,14,1,100,0,0,0,0,1,0.94,100,1,1,1,1,0.125,158.3,1,11.1,0,0,1,100,1,0,0,0,0,0,0,0,0,0,12.5,3.78,3.802,62.5,37.5,0,0,8.4,8.2,8.4,8.19,0.21,1.05,1.02,8.2
2024,326,Zach Ertz,WAS,TE,1,4,ARZ,21.951219512195124,13.333333333333334,67.2,9,64.3,2,14.3,1.44,0.22,5,10,10.2,13,13.8,6.5,6.5,2,100,3,1.5,0,0,0,0.02,0,0,0,0,1,0.111,93.8,0,0,0,0,2,100,0,0,0,0,0,0,0,0,0,0,18.2,-1.01,-0.075,22.2,55.6,22.2,0,3.3,4.6,3.3,4.62,-1.32,0.37,0.51,4.6
2024,327,Stefon Diggs,HST,WR,1,6,NE,11.904761904761903,4.545454545454546,79,5,83.3,1,16.7,2.6,0.2,13,13,21.3,13,28.9,13,13,1,100,0,0,0,0,0,0.02,0,1,0,0,1,0.2,118.8,1,16.7,0,0,1,100,0,0,0,0,0,0,0,0,0,0,20,4.09,1.816,60,40,0,0,2.3,2.2,2.3,2.18,0.12,0.46,0.44,2.2
2024,328,Curtis Samuel,BUF,WR,1,3,JAX,13.636363636363635,25,28.3,3,25,2,16.7,4.33,0.67,-3.5,-7,-23.3,13,10.3,6.5,6.5,2,100,20,10,7,3.5,0,0.07,0,0,0,0,1,0.333,93.8,2,25,2,100,2,100,0,0,0,0,0,0,0,0,2,1,66.7,1.79,-0.163,33.3,66.7,0,0,3.3,4.2,3.3,4.17,-0.87,1.1,1.39,4.2
2024,329,George Kittle,SF,TE,1,6,SEA,15.909090909090908,18.181818181818183,86.9,7,77.8,2,22.2,1.86,0.29,6.5,13,21,13,9.9,6.5,6.5,2,100,1,0.5,0,0,1,0.8,50,1,1,1,1,0.143,133.3,2,25,0,0,2,100,0,0,0,0,0,0,0,0,0,0,22.2,-1.06,1.2,14.3,71.4,14.3,0,9.3,8.1,9.3,8.05,1.25,1.33,1.15,8.1
2024,330,Noah Brown,WAS,WR,1,3,CIN,36.84210526315789,50,56.1,7,77.8,2,22.2,1.86,0.29,2.5,5,6.9,13,14.4,6.5,6.5,2,100,8,4,4,2,0,0.26,0,1,0,0,1,0.143,93.8,1,16.7,1,50,2,100,0,0,0,0,0,0,0,0,0,0,28.6,0.27,0.885,71.4,28.6,0,0,3.3,4.3,3.3,4.27,-0.97,0.47,0.61,4.3
2024,331,JuJu Smith-Schuster,KC,WR,1,3,ATL,31.57894736842105,25,54.2,6,46.2,1,7.7,2.17,0.17,4,4,6.8,13,12.9,13,13,1,100,9,9,3,3,1,0.11,50,1,0,0,1,0.167,158.3,1,8.3,0,0,1,100,0,0,0,0,0,0,0,0,0,0,14.3,6.95,2.98,66.7,33.3,0,0,8.3,2.3,8.3,2.32,5.98,1.38,0.39,2.3
2024,332,Jordan Akins,CLV,TE,1,1,DAL,27.77777777777778,20,57.1,5,62.5,1,12.5,2.6,0.2,12,12,22.6,13,22,13,13,1,100,1,1,1,1,0,0.01,0,0,0,0,1,0.2,118.8,1,12.5,0,0,1,100,0,0,0,0,1,1,100,0,0,0,20,4.33,1.452,20,80,0,0,2.3,1.6,2.3,1.63,0.67,0.46,0.33,1.6
2024,333,Justin Watson,KC,WR,1,3,ATL,30.434782608695656,50,40.3,7,53.8,1,7.7,1.86,0.14,14,14,23.7,13,12.9,13,13,1,100,-1,-1,0,0,0,0.01,0,0,0,0,1,0.143,118.8,0,0,0,0,1,100,0,0,0,0,0,0,0,0,0,0,14.3,3.19,1.927,71.4,28.6,0,0,2.3,2.6,2.3,2.61,-0.31,0.33,0.37,2.6
2024,334,Brandon Powell,MIN,WR,1,3,HST,26.08695652173913,40,41.7,6,85.7,2,28.6,2.17,0.33,12.5,25,36.8,13,30.2,6.5,13,1,50,0,0,0,0,0,0.02,0,0,0,0,0,0,70.8,2,40,0,0,2,100,0,0,0,0,1,0,0,0,0,0,33.3,-2.48,-0.231,33.3,66.7,0,0,2.3,4.2,2.3,4.22,-1.92,0.38,0.7,4.2
2024,335,Jakobi Meyers,LV,WR,1,3,CAR,20.454545454545457,10,91.5,9,81.8,1,9.1,1.44,0.11,5,5,8.5,13,21.7,13,13,1,100,8,8,2,2,1,0.05,100,1,0,0,1,0.111,158.3,0,0,0,0,1,100,0,0,0,0,0,0,0,0,0,0,10,6.64,1.816,66.7,33.3,0,0,8.3,1.9,8.3,1.88,6.42,0.92,0.21,1.9
2024,336,Jakobi Meyers,LV,WR,1,4,CLV,11.363636363636363,20,96.4,5,100,2,40,2.6,0.4,12,24,33.3,13,39.4,6.5,13,1,50,10,10,3,3,0,0.01,0,1,1,0,1,0.2,70.8,1,25,0,0,1,50,1,0,0,0,0,0,0,0,1,1,40,-1.84,-0.473,40,60,0,0,2.3,1.7,2.3,1.72,0.58,0.46,0.34,1.7
2024,337,Ashton Dulin,IND,WR,1,2,GB,50,66.66666666666666,45.3,6,40,2,13.3,2.17,0.33,9,18,8.1,13,14,6.5,13,1,50,8,8,3,3,0,0,0,0,0,0,1,0.167,70.8,2,20,0,0,1,50,0,0,0,0,0,0,0,0,0,0,33.3,-1.14,0.211,0,100,0,0,2.3,1.8,2.3,1.76,0.54,0.38,0.29,1.8
2024,338,Parris Campbell,PHI,WR,1,3,NO,30,50,49.3,3,42.9,2,28.6,4.33,0.67,5.5,11,14.3,13,14.4,6.5,6.5,2,100,2,1,1,0.5,0,0.01,0,0,0,0,0,0,93.8,1,25,0,0,2,100,0,0,0,0,0,0,0,0,0,0,66.7,-0.06,-0.094,0,100,0,0,3.3,3.5,3.3,3.52,-0.22,1.1,1.17,3.5
2024,339,Jauan Jennings,SF,WR,1,5,ARZ,16.666666666666664,15,57.1,8,72.7,3,27.3,1.63,0.38,12,36,32.1,13,17.3,4.33,13,1,33.3,8,8,6,6,0,0.01,0,1,2,0,1,0.125,47.9,2,33.3,0,0,1,33.3,1,0,0,0,0,0,0,0,1,1,37.5,-4.03,0.391,37.5,62.5,0,0,2.3,1.7,2.3,1.72,0.58,0.29,0.22,1.7
2024,340,Rashod Bateman,BLT,WR,1,3,DAL,8.88888888888889,66.66666666666666,60,4,66.7,2,33.3,3.25,0.5,13,26,72.2,13,43.3,6.5,13,1,50,0,0,0,0,1,0.91,100,1,1,1,1,0.25,110.4,2,40,0,0,1,50,0,0,0,0,0,0,0,0,0,0,33.3,-2.7,1.002,50,50,0,0,8.3,7.6,8.3,7.57,0.73,2.08,1.89,7.6
2024,341,Noah Gray,KC,TE,1,3,ATL,22.22222222222222,33.33333333333333,48.6,2,15.4,1,7.7,6.5,0.5,5,5,8.5,13,12.9,13,13,1,100,8,8,2,2,0,0,0,0,0,0,1,0.5,118.8,1,8.3,0,0,1,100,0,0,0,0,0,0,0,0,0,0,33.3,6.52,0.787,0,50,50,0,2.3,1.8,2.3,1.75,0.55,1.15,0.88,1.8
2024,342,Pat Freiermuth,PIT,TE,1,1,ATL,17.142857142857142,20,72.7,6,75,2,25,2.17,0.33,2.5,5,21.7,13,50,6.5,6.5,2,100,8,4,1,0.5,0,0.03,0,0,0,0,1,0.167,93.8,2,28.6,0,0,2,100,0,0,0,0,0,0,0,0,0,0,33.3,0.58,-0.089,16.7,83.3,0,0,3.3,3.5,3.3,3.51,-0.21,0.55,0.59,3.5
2024,343,Amon-Ra St. Brown,DET,WR,1,1,LA,18.181818181818183,26.08695652173913,98.4,6,100,6,100,2.17,1,4.67,28,100,13,100,2.17,4.33,3,50,6,2,5,1.67,0,0.04,0,2,0,0,0,0,16.7,5,100,0,0,4,66.7,0,0,0,0,1,0,0,0,1,0.33,100,-4.29,-1.154,0,100,0,0,4.3,6.5,4.3,6.55,-2.25,0.72,1.09,6.5
2024,344,Chris Olave,NO,WR,1,3,PHI,23.52941176470588,10,80,8,100,1,12.5,1.63,0.13,20,20,23.3,13,22,13,13,1,100,0,0,0,0,1,0.78,100,1,1,1,1,0.125,158.3,1,14.3,0,0,1,100,1,0,0,0,0,0,0,0,0,0,12.5,2.13,2.764,87.5,12.5,0,0,8.3,6.5,8.3,6.48,1.82,1.04,0.81,6.5
2024,345,George Pickens,PIT,WR,1,2,DEN,12.195121951219512,20,74.1,5,83.3,3,50,2.6,0.6,8.67,26,42.6,13,34.2,4.33,13,1,33.3,6,6,1,1,0,0,0,0,0,0,1,0.2,47.9,3,60,0,0,1,33.3,0,0,0,0,0,0,0,0,0,0,60,-3.51,-0.059,40,60,0,0,2.3,2,2.3,1.95,0.35,0.46,0.39,2
2024,346,Jalen Tolbert,DAL,WR,1,6,DET,20,15.384615384615385,92.3,14,87.5,2,12.5,0.93,0.14,4,8,6.4,13,16.7,6.5,6.5,2,100,5,2.5,4,2,0,0.01,0,0,0,0,1,0.071,93.8,2,14.3,0,0,2,100,0,0,0,0,0,0,0,0,0,0,12.5,0.59,0.575,64.3,35.7,0,0,3.3,3.3,3.3,3.31,-0.01,0.24,0.24,3.3
2024,347,Dalton Kincaid,BUF,TE,1,4,BLT,15,21.052631578947366,61.4,6,66.7,4,44.4,2.17,0.67,10.25,41,47.1,13,18.8,3.25,6.5,2,50,6,3,3,1.5,0,0.01,0,0,0,0,2,0.333,57.3,2,40,0,0,4,100,1,0,1,25,1,0,0,0,0,0,57.1,-4.27,-0.131,0,83.3,16.7,0,3.3,7.1,3.3,7.1,-3.8,0.55,1.18,7.1
2024,348,Zay Flowers,BLT,WR,1,3,DAL,10.526315789473683,14.285714285714285,65,6,100,3,50,2.17,0.5,2.33,7,19.4,13,43.3,4.33,6.5,2,66.7,4,2,1,0.5,0,0.01,0,0,0,0,1,0.167,75.7,3,60,2,66.7,2,66.7,0,0,0,0,0,0,0,0,0,0,50,-2.06,-0.116,16.7,83.3,0,0,3.3,3.7,3.3,3.74,-0.44,0.55,0.62,3.7
2024,349,Brevyn Spann-Ford,DAL,TE,1,5,PIT,14.285714285714285,100,20,1,6.7,1,6.7,13,1,8,8,5.3,13,8.4,13,13,1,100,5,5,2,2,0,0,0,0,0,0,1,1,118.8,1,9.1,0,0,1,100,0,0,0,0,0,0,0,0,0,0,100,5.28,1.387,0,100,0,0,2.3,2,2.3,2.03,0.27,2.3,2.03,2
2024,350,Jordan Whittington,LA,WR,1,4,CHI,27.586206896551722,40,96.6,8,88.9,2,22.2,1.63,0.25,4,8,7.5,13,12.3,6.5,6.5,2,100,5,2.5,1,0.5,0,0.06,0,0,0,0,0,0,93.8,2,22.2,0,0,2,100,0,0,0,0,0,0,0,0,0,0,22.2,0.59,0.219,62.5,37.5,0,0,3.3,3.6,3.3,3.65,-0.35,0.41,0.46,3.6
2024,351,Zach Ertz,WAS,TE,1,6,BLT,7.317073170731707,6.666666666666667,78.6,3,60,1,20,4,0.33,9,9,31,12,28.6,12,12,1,100,3,3,2,2,0,0.05,0,1,0,0,1,0.333,116.7,1,25,0,0,1,100,0,0,0,0,0,0,0,0,0,0,20,4.74,2.711,33.3,33.3,33.3,0,2.2,1.3,2.2,1.35,0.85,0.73,0.45,1.3
2024,352,Nelson Agholor,BLT,WR,1,4,BUF,7.4074074074074066,20,51.9,2,40,1,20,6,0.5,12,12,26.1,12,23.1,12,12,1,100,0,0,0,0,0,0,0,0,0,0,1,0.5,116.7,1,20,0,0,1,100,0,0,0,0,1,1,100,0,0,0,50,2.95,2.189,50,50,0,0,2.2,1.6,2.2,1.64,0.56,1.1,0.82,1.6
2024,353,Hunter Henry,NE,TE,1,4,SF,7.5,13.333333333333334,79,3,60,2,40,4,0.67,5.5,11,137.5,12,80,6,6,2,100,1,0.5,0,0,0,0.07,0,1,0,0,1,0.333,91.7,1,25,0,0,2,100,0,0,0,0,0,0,0,0,0,0,66.7,-0.69,0.341,0,66.7,33.3,0,3.2,3.7,3.2,3.68,-0.48,1.07,1.23,3.7
2024,354,Ray-Ray McCloud,ATL,WR,1,2,PHI,14.285714285714285,23.076923076923077,100,8,100,3,37.5,1.5,0.38,13.33,40,31.3,12,14.8,4,12,1,33.3,7,7,4,4,0,0.25,0,1,1,0,1,0.125,46.5,1,20,0,0,2,66.7,1,0,0,0,1,0,0,0,1,1,37.5,-5.14,0.729,37.5,62.5,0,0,2.2,3.6,2.2,3.65,-1.45,0.28,0.46,3.6
2024,355,Lil'Jordan Humphrey,DEN,WR,1,3,TB,21.73913043478261,38.46153846153847,73.4,5,83.3,5,83.3,2.4,1,3,15,136.4,12,70.6,2.4,3,4,80,4,1,1,0.25,0,0.04,0,0,0,0,0,0,79.2,3,75,1,20,4,80,0,0,0,0,0,0,0,0,1,0.25,83.3,-3.94,-0.585,0,100,0,0,5.2,7.2,5.2,7.19,-1.99,1.04,1.44,7.2
2024,356,DK Metcalf,SEA,WR,1,1,DEN,9.58904109589041,12.5,86.7,7,87.5,1,12.5,1.71,0.14,10,10,52.6,12,24,12,12,1,100,2,2,0,0,0,0,0,0,0,0,0,0,116.7,1,16.7,0,0,1,100,0,0,0,0,0,0,0,0,0,0,14.3,4.5,1.011,85.7,14.3,0,0,2.2,2.1,2.2,2.11,0.09,0.31,0.3,2.1
2024,357,Dawson Knox,BUF,TE,1,6,NYJ,42.857142857142854,50,60,6,66.7,1,11.1,2,0.17,14,14,24.6,12,21.4,12,12,1,100,0,0,0,0,1,0.95,50,1,1,1,1,0.167,156.3,0,0,0,0,1,100,0,0,0,0,0,0,0,0,0,0,16.7,1.72,3.755,33.3,50,16.7,0,8.2,7.7,8.2,7.66,0.54,1.37,1.28,7.7
2024,358,Colby Parkinson,LA,TE,1,1,DET,34.69387755102041,12.5,87.8,17,81,2,9.5,0.71,0.12,2.5,5,3,12,8.9,6,6,2,100,7,3.5,3,1.5,0,0,0,0,0,0,1,0.059,91.7,1,5,0,0,2,100,0,0,0,0,0,0,0,0,0,0,10.5,-0.35,0.328,29.4,23.5,47.1,0,3.2,3.3,3.2,3.32,-0.12,0.19,0.2,3.3
2024,359,Michael Pittman,IND,WR,1,4,PIT,18.367346938775512,30,87.5,9,75,3,25,1.33,0.33,16.33,49,41.5,12,17.4,4,12,1,33.3,1,1,1,1,0,0,0,2,2,0,1,0.111,46.5,2,20,0,0,1,33.3,1,0,0,0,1,1,100,0,0,0,33.3,-6.41,0.156,55.6,44.4,0,0,2.2,1,2.2,1.03,1.17,0.24,0.11,1
2024,360,D.J. Turner,LV,WR,1,5,DEN,42.30769230769231,50,75.4,11,91.7,4,33.3,1.09,0.36,15,60,57.7,12,16.7,3,12,1,25,7,7,1,1,0,0.07,0,1,0,0,1,0.091,39.6,3,33.3,0,0,2,50,2,0,0,0,0,0,0,0,0,0,36.4,-5.96,-0.941,9.1,90.9,0,0,2.2,2.9,2.2,2.91,-0.71,0.2,0.26,2.9
2024,361,Tylan Wallace,BLT,WR,1,5,CIN,33.33333333333333,100,18.2,2,16.7,1,8.3,6,0.5,7,7,4.4,12,11.5,12,12,1,100,5,5,2,2,0,0.01,0,0,0,0,1,0.5,116.7,0,0,0,0,1,100,0,0,0,0,0,0,0,0,0,0,50,4.94,2.286,50,50,0,0,2.2,2,2.2,1.95,0.25,1.1,0.98,2
2024,362,Ja'Marr Chase,CIN,WR,1,2,KC,17.741935483870968,6.25,91.8,11,100,1,9.1,1.09,0.09,4,4,7,12,19.7,12,12,1,100,8,8,4,4,0,0,0,0,0,0,1,0.091,116.7,1,12.5,0,0,1,100,0,0,0,0,0,0,0,0,0,0,9.1,5.95,0.683,81.8,18.2,0,0,2.2,1.7,2.2,1.72,0.48,0.2,0.16,1.7
2024,363,Kyle Pitts,ATL,TE,1,1,PIT,17.77777777777778,20,96,8,100,1,12.5,1.5,0.13,15,15,19.5,12,24.5,12,12,1,100,0,0,0,0,1,0.93,100,1,1,1,1,0.125,156.3,0,0,0,0,1,100,0,0,0,0,0,0,0,0,0,0,12.5,1.36,2.007,37.5,50,12.5,0,8.2,7.3,8.2,7.34,0.86,1.02,0.92,7.3
2024,364,Bo Melton,GB,WR,1,5,LA,50,25,50,4,50,1,12.5,3,0.25,7,7,6.9,12,15,12,12,1,100,5,5,5,5,0,0,0,0,0,0,1,0.25,116.7,1,14.3,0,0,1,100,0,0,0,0,0,0,0,0,0,0,25,4.94,0.737,75,25,0,0,2.2,1.9,2.2,1.9,0.3,0.55,0.47,1.9
2024,365,Andrew Ogletree,IND,TE,1,2,GB,50,66.66666666666666,26.4,4,26.7,2,13.3,3,0.5,10.5,21,9.5,12,12.9,6,12,1,50,6,6,4,4,0,0,0,0,0,0,0,0,68.8,1,10,0,0,1,50,0,0,0,0,0,0,0,0,0,0,50,-2.87,-0.098,0,50,50,0,2.2,1.8,2.2,1.85,0.35,0.55,0.46,1.8
2024,366,Elijah Higgins,ARZ,TE,1,4,WAS,58.82352941176471,75,67.2,10,83.3,3,25,1.2,0.3,2,6,12.8,12,18.2,4,6,2,66.7,12,6,5,2.5,0,0,0,0,0,0,0,0,74.3,2,22.2,0,0,3,100,0,0,0,0,0,0,0,0,0,0,25,-2.43,0.162,10,70,20,0,3.2,4.2,3.2,4.19,-0.99,0.32,0.42,4.2
2024,367,Rashee Rice,KC,WR,1,2,CIN,16.666666666666664,13.333333333333334,81.4,4,80,2,40,3,0.5,-3.5,-7,0,12,35.3,6,6,2,100,19,9.5,2,1,0,0.01,0,0,0,0,0,0,91.7,2,50,2,100,2,100,0,0,0,0,0,0,0,0,0,0,40,1.29,-0.391,25,75,0,0,3.2,3.1,3.2,3.11,0.09,0.8,0.78,3.1
2024,368,Malik Nabers,NYG,WR,1,2,WAS,8.333333333333332,16.666666666666664,88.2,3,75,2,50,4,0.67,4,8,47.1,12,40,6,6,2,100,4,2,2,1,0,0.01,0,0,0,0,0,0,91.7,2,50,0,0,2,100,0,0,0,0,0,0,0,0,0,0,66.7,0.09,0.006,33.3,66.7,0,0,3.2,3.5,3.2,3.46,-0.26,1.07,1.15,3.5
2024,369,Luke McCaffrey,WAS,WR,1,5,CLV,21.875,25,66.2,7,63.6,2,18.2,1.71,0.29,6,12,7.5,12,9.4,6,6,2,100,0,0,0,0,0,0.01,0,0,0,0,1,0.143,91.7,2,22.2,0,0,2,100,0,0,0,0,0,0,0,0,0,0,25,-0.45,0.572,14.3,85.7,0,0,3.2,3.7,3.2,3.73,-0.53,0.46,0.53,3.7
2024,370,Xavier Worthy,KC,WR,1,2,CIN,5.88235294117647,20,64.4,2,40,1,20,6,0.5,-4,-4,0,12,35.3,12,12,1,100,16,16,1,1,0,0,0,0,0,0,1,0.5,116.7,1,25,1,100,1,100,0,0,0,0,0,0,0,0,0,0,50,7.51,1.293,50,50,0,0,2.2,1.5,2.2,1.51,0.69,1.1,0.76,1.5
2024,371,Keenan Allen,CHI,WR,1,6,JAX,27.77777777777778,20,78.7,5,71.4,1,14.3,2.2,0.2,10,10,27,11,19.3,11,11,1,100,1,1,1,1,0,0.01,0,0,0,0,1,0.2,112.5,1,16.7,0,0,1,100,0,0,0,0,0,0,0,0,0,0,14.3,3.5,2.288,60,40,0,0,2.1,2.2,2.1,2.19,-0.09,0.42,0.44,2.2
2024,372,Travis Kelce,KC,TE,1,1,BLT,22.22222222222222,15.384615384615385,88,8,80,2,20,1.38,0.25,2,4,5.5,11,12.8,5.5,5.5,2,100,7,3.5,5,2.5,0,0.01,0,0,0,0,1,0.125,89.6,2,22.2,0,0,2,100,0,0,0,0,0,0,0,0,0,0,22.2,-0.19,0.604,37.5,62.5,0,0,3.1,3.5,3.1,3.51,-0.41,0.39,0.44,3.5
2024,373,Stefon Diggs,HST,WR,1,2,CHI,16.666666666666664,13.636363636363635,80.3,7,77.8,3,33.3,1.57,0.43,5.67,17,38.6,11,16.7,3.67,5.5,2,66.7,10,5,2,1,0,0.03,0,0,0,0,0,0,72.9,2,28.6,1,33.3,2,66.7,0,0,0,0,0,0,0,0,0,0,37.5,-3.36,-0.652,28.6,57.1,0,14.3,3.1,3.4,3.1,3.42,-0.32,0.44,0.49,3.4
2024,374,Mack Hollins,BUF,WR,1,1,ARZ,12.5,14.285714285714285,60.3,4,66.7,1,16.7,2.75,0.25,11,11,35.5,11,18.3,11,11,1,100,0,0,0,0,1,0.59,50,1,1,1,1,0.25,152.1,1,25,0,0,1,100,0,0,0,0,1,1,100,0,0,0,16.7,2.68,2.98,75,25,0,0,8.1,4.8,8.1,4.8,3.3,2.02,1.2,4.8
2024,375,Allen Lazard,NYJ,WR,1,2,TEN,12.5,13.636363636363635,82.1,7,70,3,30,1.57,0.43,17.33,52,48.6,11,16.9,3.67,5.5,2,66.7,2,1,0,0,0,0,0,0,0,0,1,0.143,72.9,2,25,0,0,2,66.7,1,0,0,0,1,1,100,0,0,0,42.9,-5.47,0.058,28.6,71.4,0,0,3.1,2.6,3.1,2.61,0.49,0.44,0.37,2.6
2024,376,D.J. Moore,CHI,WR,1,6,JAX,14.583333333333334,30,83.6,7,100,3,42.9,1.57,0.43,-1,-3,-8.1,11,19.3,3.67,3.67,3,100,14,4.67,5,1.67,0,0.31,0,2,0,0,0,0,81.9,3,50,2,66.7,3,100,0,0,0,0,1,1,100,0,0,0,42.9,-1.49,-0.041,14.3,85.7,0,0,4.1,5.6,4.1,5.59,-1.49,0.59,0.8,5.6
2024,377,Olamide Zaccheaus,WAS,WR,1,6,BLT,18.75,25,37.5,3,60,2,40,3.67,0.67,1.5,3,10.3,11,26.2,5.5,5.5,2,100,8,4,1,0.5,0,0.01,0,1,0,0,0,0,89.6,1,25,1,50,2,100,0,0,0,0,0,0,0,0,0,0,66.7,-0.34,-0.462,0,100,0,0,3.1,3.4,3.1,3.39,-0.29,1.03,1.13,3.4
2024,378,Noah Fant,SEA,TE,1,1,DEN,7.4074074074074066,25,73.3,4,50,3,37.5,2.75,0.75,1.33,4,21.1,11,22,3.67,5.5,2,66.7,9,4.5,6,3,0,0,0,0,0,0,0,0,72.9,2,33.3,1,33.3,2,66.7,0,0,0,0,0,0,0,0,1,0.5,60,-2.57,-0.571,0,100,0,0,3.1,3.3,3.1,3.31,-0.21,0.78,0.83,3.3
2024,379,A.J. Brown,PHI,WR,1,1,GB,53.333333333333336,50,95.9,8,80,2,20,1.38,0.25,13,26,33.3,11,13.6,5.5,11,1,50,4,4,1,1,0,0.03,0,1,1,0,1,0.125,27.1,1,14.3,0,0,1,50,0,0,0,0,0,0,0,0,0,0,20,-4,-1.41,62.5,37.5,0,0,2.1,2.1,2.1,2.14,-0.04,0.26,0.27,2.1
2024,380,Amon-Ra St. Brown,DET,WR,1,6,DAL,12.121212121212121,4.3478260869565215,62.1,4,57.1,1,14.3,2.75,0.25,4,4,5.4,11,19,11,11,1,100,7,7,0,0,0,0,0,0,0,0,1,0.25,112.5,1,20,0,0,1,100,0,0,0,0,0,0,0,0,0,0,16.7,4.95,1.302,0,100,0,0,2.1,1.7,2.1,1.73,0.37,0.53,0.43,1.7
2024,381,Elijah Moore,CLV,WR,1,4,LV,11.76470588235294,7.142857142857142,73.7,4,66.7,1,16.7,2.75,0.25,11,11,28.9,11,25,11,11,1,100,0,0,0,0,0,0,0,0,0,0,1,0.25,112.5,1,20,0,0,1,100,0,0,0,0,0,0,0,0,0,0,25,2.68,3.295,50,50,0,0,2.1,2.2,2.1,2.21,-0.11,0.53,0.55,2.2
2024,382,Grant Calcaterra,PHI,TE,1,1,GB,31.25,33.33333333333333,47.3,5,50,1,10,2.2,0.2,5,5,6.4,11,13.6,11,11,1,100,6,6,0,0,0,0.02,0,0,0,0,1,0.2,112.5,1,14.3,0,0,1,100,0,0,0,0,0,0,0,0,0,0,16.7,4.52,1.249,20,60,20,0,2.1,2,2.1,1.95,0.15,0.42,0.39,2
2024,383,Jalen Tolbert,DAL,WR,1,5,PIT,17.142857142857142,30.76923076923077,89.3,12,80,4,26.7,0.92,0.33,13.5,54,35.8,11,7.1,2.75,5.5,2,50,5,2.5,2,1,0,0.01,0,1,0,0,0,0,16.7,3,27.3,1,25,2,50,1,0,0,0,1,1,100,0,0,0,28.6,-6.07,-1.186,58.3,41.7,0,0,3.1,2.4,3.1,2.37,0.73,0.26,0.2,2.4
2024,384,Garrett Wilson,NYJ,WR,1,4,DEN,22.033898305084744,14.285714285714285,95.7,13,92.9,3,21.4,0.85,0.23,5.67,17,23,11,13.4,3.67,11,1,33.3,3,3,0,0,0,0.01,0,0,0,0,1,0.077,45.1,2,18.2,0,0,2,66.7,0,0,0,0,1,0,0,0,0,0,21.4,-2.97,-0.189,53.8,46.2,0,0,2.1,3,2.1,2.95,-0.85,0.16,0.23,3
2024,385,Brenton Strange,JAX,TE,1,4,HST,16.216216216216218,7.142857142857142,72.4,6,42.9,1,7.1,1.83,0.17,4,4,2.1,11,15.9,11,11,1,100,7,7,2,2,0,0,0,0,0,0,1,0.167,112.5,1,8.3,0,0,1,100,0,0,0,0,0,0,0,0,0,0,12.5,4.93,0.891,33.3,16.7,50,0,2.1,1.6,2.1,1.63,0.47,0.35,0.27,1.6
2024,386,Brenton Strange,JAX,TE,1,6,CHI,5.405405405405405,7.142857142857142,36.7,2,16.7,1,8.3,5.5,0.5,3,3,2.4,11,16.4,11,11,1,100,8,8,3,3,0,0.01,0,0,0,0,1,0.5,112.5,1,9.1,0,0,1,100,0,0,0,0,0,0,0,0,0,0,33.3,4.68,0.728,0,100,0,0,2.1,1.6,2.1,1.61,0.49,1.05,0.81,1.6
2024,387,Elijah Higgins,ARZ,TE,1,3,DET,11.76470588235294,25,34,2,12.5,1,6.3,5.5,0.5,2,2,1.2,11,12.1,11,11,1,100,9,9,6,6,0,0,0,0,0,0,1,0.5,112.5,0,0,0,0,1,100,0,0,0,0,0,0,0,0,1,1,33.3,4.63,0.657,50,50,0,0,2.1,1.7,2.1,1.69,0.41,1.05,0.84,1.7
2024,388,Trey Palmer,TB,WR,1,4,PHI,50,50,14.9,4,26.7,2,13.3,2.75,0.5,-4.5,-9,-19.1,11,10.8,5.5,5.5,2,100,20,10,4,2,0,0,0,0,0,0,0,0,89.6,1,8.3,1,50,2,100,0,0,0,0,0,0,0,0,0,0,50,1.16,0.02,50,50,0,0,3.1,3.1,3.1,3.08,0.02,0.78,0.77,3.1
2024,389,Mason Tipton,NO,WR,1,3,PHI,16,66.66666666666666,32.7,4,50,2,25,2.75,0.5,3,6,7,11,18.6,5.5,5.5,2,100,5,2.5,1,0.5,0,0.01,0,0,0,0,0,0,89.6,1,14.3,0,0,2,100,0,0,0,0,0,0,0,0,0,0,50,-0.24,-0.237,25,75,0,0,3.1,3.3,3.1,3.34,-0.24,0.78,0.84,3.3
2024,390,Erick All,CIN,TE,1,4,CAR,18.75,16.666666666666664,61.3,3,37.5,1,12.5,3.67,0.33,-1,-1,-1.5,11,16.4,11,11,1,100,12,12,7,7,0,0,0,0,0,0,1,0.333,112.5,1,16.7,0,0,1,100,0,0,0,0,0,0,0,0,1,1,33.3,6.1,1.129,33.3,66.7,0,0,2.1,1.6,2.1,1.56,0.54,0.7,0.52,1.6
2024,391,Rome Odunze,CHI,WR,1,1,TEN,17.391304347826086,21.428571428571427,77.4,8,88.9,3,33.3,1.38,0.38,10,30,37,11,33.3,3.67,11,1,33.3,0,0,0,0,0,0.02,0,0,0,0,1,0.125,45.1,2,25,0,0,2,66.7,0,0,0,0,1,0,0,0,0,0,33.3,-4.38,-0.555,62.5,37.5,0,0,2.1,3,2.1,3.03,-0.93,0.26,0.38,3
2024,392,Travis Kelce,KC,TE,1,3,ATL,36.11111111111111,23.076923076923077,79.2,13,100,3,23.1,0.77,0.23,2,6,10.2,10,9.9,3.33,5,2,66.7,10,5,4,2,0,0.02,0,0,0,0,0,0,71.5,3,25,1,33.3,3,100,0,0,0,0,1,0,0,0,0,0,23.1,-3.17,-0.444,23.1,46.2,30.8,0,3,4.6,3,4.65,-1.65,0.23,0.36,4.6
2024,393,Davante Adams,LV,WR,1,3,CAR,33.33333333333333,50,94.9,10,90.9,4,36.4,1,0.4,5.5,22,37.3,10,16.7,2.5,5,2,50,3,1.5,5,2.5,0,0.01,0,0,0,0,0,0,56.3,3,37.5,0,0,4,100,0,0,0,0,2,0,0,0,0,0,36.4,-3.98,-0.426,60,40,0,0,3,6.1,3,6.1,-3.1,0.3,0.61,6.1
2024,394,Amari Cooper,CLV,WR,1,1,DAL,13.513513513513514,33.33333333333333,94.3,5,62.5,2,25,2,0.4,6.5,13,24.5,10,16.9,5,10,1,50,3,3,2,2,0,0.04,0,1,0,0,1,0.2,64.6,2,25,0,0,1,50,0,0,0,0,0,0,0,0,0,0,33.3,-2.01,0.573,40,60,0,0,2,2,2,1.98,0.02,0.4,0.4,2
2024,395,Justin Watson,KC,WR,1,4,LAC,30.434782608695656,50,69,7,87.5,1,12.5,1.43,0.14,6,6,14.6,10,18.5,10,10,1,100,4,4,1,1,0,0,0,0,0,0,0,0,108.3,1,16.7,0,0,1,100,0,0,0,0,0,0,0,0,0,0,14.3,3.05,0.183,71.4,28.6,0,0,2,1.8,2,1.82,0.18,0.29,0.26,1.8
2024,396,Olamide Zaccheaus,WAS,WR,1,5,CLV,43.75,12.5,52.3,7,63.6,1,9.1,1.43,0.14,4,4,2.5,10,7.8,10,10,1,100,6,6,3,3,0,0,0,0,0,0,0,0,108.3,0,0,0,0,1,100,0,0,0,0,0,0,0,0,0,0,12.5,3.95,-0.148,85.7,14.3,0,0,2,1.7,2,1.69,0.31,0.29,0.24,1.7
2024,397,Noah Fant,SEA,TE,1,4,DET,16.666666666666664,8.333333333333332,55.1,9,47.4,1,5.3,1.11,0.11,10,10,7.5,10,7.5,10,10,1,100,0,0,0,0,0,0.01,0,0,0,0,1,0.111,108.3,1,7.1,0,0,1,100,0,0,0,0,0,0,0,0,0,0,10,2.23,0.956,44.4,33.3,22.2,0,2,2.2,2,2.22,-0.22,0.22,0.25,2.2
2024,398,Khalil Shakir,BUF,WR,1,6,NYJ,14.814814814814813,5.88235294117647,36.7,4,44.4,1,11.1,2.5,0.25,5,5,8.8,10,17.9,10,10,1,100,5,5,2,2,0,0,0,0,0,0,0,0,108.3,0,0,0,0,1,100,0,0,0,0,0,0,0,0,0,0,20,3.64,0.108,75,25,0,0,2,1.8,2,1.75,0.25,0.5,0.44,1.8
2024,399,Rashid Shaheed,NO,WR,1,4,ATL,28.205128205128204,28.57142857142857,77.1,11,78.6,4,28.6,0.91,0.36,12.75,51,42.9,10,10.3,2.5,5,2,50,0,0,0,0,0,0.25,0,2,1,0,0,0,56.3,3,30,0,0,3,75,1,0,0,0,1,0,0,0,0,0,30.8,-5.8,-1.047,54.5,45.5,0,0,3,5.5,3,5.53,-2.53,0.27,0.5,5.5
2024,400,Romeo Doubs,GB,WR,1,6,ARZ,20,16.666666666666664,72.9,9,90,1,10,1.11,0.11,7,7,5.4,10,13.5,10,10,1,100,3,3,3,3,1,0.79,33.3,1,0,0,1,0.111,147.9,1,14.3,0,0,1,100,0,0,0,0,0,0,0,0,1,1,10,2.94,2.696,77.8,22.2,0,0,8,6.6,8,6.55,1.45,0.89,0.73,6.6
2024,401,Dontayvion Wicks,GB,WR,1,5,LA,16.129032258064516,21.428571428571427,75.9,5,62.5,3,37.5,2,0.6,8.33,25,24.8,10,12.5,3.33,10,1,33.3,6,6,2,2,0,0.01,0,0,0,0,1,0.2,43.8,3,42.9,0,0,2,66.7,0,0,1,33.3,0,0,0,0,0,0,50,-4.17,-0.091,40,60,0,0,2,3.4,2,3.4,-1.4,0.4,0.68,3.4
2024,402,Tre Tucker,LV,WR,1,3,CAR,19.642857142857142,33.33333333333333,79.7,11,100,2,18.2,0.91,0.18,0.5,1,1.7,10,16.7,5,5,2,100,9,4.5,1,0.5,0,0,0,0,0,0,0,0,87.5,2,25,1,50,2,100,0,0,0,0,0,0,0,0,0,0,18.2,-0.5,-0.185,63.6,36.4,0,0,3,3.3,3,3.33,-0.33,0.27,0.3,3.3
2024,403,Luke McCaffrey,WAS,WR,1,1,TB,21.875,25,60.7,7,70,2,20,1.43,0.29,2,4,6.8,10,12.2,5,5,2,100,6,3,2,1,0,0.12,0,1,0,0,1,0.143,87.5,2,22.2,1,50,2,100,0,0,0,0,0,0,0,0,0,0,25,-1,0.488,14.3,85.7,0,0,3,3.9,3,3.86,-0.86,0.43,0.55,3.9
2024,404,Mike Evans,TB,WR,1,3,DEN,20,15.384615384615385,82.1,11,91.7,2,16.7,0.82,0.18,13.5,27,37,9,15.3,4.5,9,1,50,0,0,0,0,0,0,0,0,0,0,0,0,22.9,1,12.5,0,0,1,50,0,0,0,0,0,0,0,0,0,0,18.2,-4.68,-2.553,63.6,36.4,0,0,1.9,2.1,1.9,2.1,-0.2,0.17,0.19,2.1
2024,405,Tyler Lockett,SEA,WR,1,1,DEN,5.714285714285714,7.6923076923076925,51.7,4,50,1,12.5,2.25,0.25,3,3,15.8,9,18,9,9,1,100,6,6,2,2,0,0.01,0,0,0,0,1,0.25,104.2,1,16.7,0,0,1,100,0,0,0,0,0,0,0,1,0,0,16.7,3.55,-0.339,75,25,0,0,1.9,1.4,1.9,1.41,0.49,0.47,0.35,1.4
2024,406,Kalif Raymond,DET,WR,1,4,SEA,5.88235294117647,16.666666666666664,10,1,16.7,1,16.7,9,1,-4,-4,-66.7,9,28.1,9,9,1,100,13,13,2,2,0,0,0,0,0,0,0,0,104.2,1,25,1,100,1,100,0,0,0,0,0,0,0,0,0,0,100,4.51,0.149,0,100,0,0,1.9,1.6,1.9,1.61,0.29,1.9,1.61,1.6
2024,407,Tyler Boyd,TEN,WR,1,2,NYJ,28.000000000000004,28.57142857142857,80,7,100,4,57.1,1.29,0.57,9.75,39,37.9,9,26.5,2.25,9,1,25,6,6,1,1,0,0.12,0,1,0,0,0,0,39.6,4,57.1,0,0,4,100,0,0,0,0,3,0,0,0,0,0,57.1,-5.7,-0.921,14.3,85.7,0,0,1.9,5.8,1.9,5.84,-3.94,0.27,0.83,5.8
2024,408,Hunter Henry,NE,TE,1,1,CIN,10,6.666666666666667,84.4,4,80,1,20,2.25,0.25,8,8,25,9,36,9,9,1,100,1,1,1,1,0,0.07,0,0,0,0,1,0.25,104.2,1,25,0,0,1,100,0,0,0,0,0,0,0,0,0,0,25,1.28,1.505,25,50,25,0,1.9,2.6,1.9,2.57,-0.67,0.47,0.64,2.6
2024,409,Hunter Henry,NE,TE,1,3,NYJ,17.5,13.333333333333334,64.6,7,58.3,2,16.7,1.29,0.29,4,8,6.7,9,11.7,4.5,9,1,50,-1,-1,-1,-1,0,0,0,0,0,0,1,0.143,62.5,1,10,1,50,1,50,0,0,0,0,0,0,0,0,0,0,25,-1.81,0.429,0,100,0,0,1.9,2.1,1.9,2.13,-0.23,0.27,0.3,2.1
2024,410,Pharaoh Brown,SEA,TE,1,3,MIA,28.57142857142857,66.66666666666666,43.3,2,18.2,2,18.2,4.5,1,4.5,9,27.3,9,11.5,4.5,9,1,50,5,5,2,2,0,0,0,0,0,0,0,0,62.5,0,0,0,0,1,50,0,0,0,0,0,0,0,0,0,0,66.7,-1.77,-0.39,0,100,0,0,1.9,1.8,1.9,1.78,0.12,0.95,0.89,1.8
2024,411,D.J. Moore,CHI,WR,1,4,LA,6.25,10,90.7,3,100,1,33.3,3,0.33,18,18,48.6,9,81.8,9,9,1,100,0,0,0,0,1,0.78,100,1,1,1,1,0.333,143.8,1,50,0,0,1,100,0,0,0,0,0,0,0,0,0,0,33.3,-1.9,2.609,33.3,66.7,0,0,7.9,6.3,7.9,6.34,1.56,2.63,2.11,6.3
2024,412,Darius Slayton,NYG,WR,1,6,CIN,13.725490196078432,33.33333333333333,86.5,7,77.8,1,11.1,1.29,0.14,3,3,6.4,9,14.5,9,9,1,100,6,6,5,5,0,0,0,0,0,0,1,0.143,104.2,1,12.5,0,0,1,100,0,0,0,0,0,0,0,0,1,1,11.1,3.55,1.146,71.4,28.6,0,0,1.9,1.7,1.9,1.69,0.21,0.27,0.24,1.7
2024,413,Parris Campbell,PHI,WR,1,4,TB,60,50,83.9,6,85.7,2,28.6,1.5,0.33,2,4,9.3,9,16.1,4.5,4.5,2,100,5,2.5,1,0.5,0,0,0,0,0,0,0,0,85.4,2,33.3,0,0,2,100,0,0,0,0,0,0,0,0,0,0,33.3,-1.54,-0.298,33.3,66.7,0,0,2.9,3.2,2.9,3.24,-0.34,0.48,0.54,3.2
2024,414,DK Metcalf,SEA,WR,1,5,NYG,15.068493150684931,12.5,100,11,91.7,1,8.3,0.82,0.09,5,5,6.9,9,9.5,9,9,1,100,4,4,2,2,0,0,0,0,0,0,0,0,104.2,1,12.5,0,0,1,100,0,0,0,0,0,0,0,0,0,0,8.3,2.64,0.565,72.7,27.3,0,0,1.9,1.8,1.9,1.77,0.13,0.17,0.16,1.8
2024,415,Nick Westbrook-Ikhine,TEN,WR,1,6,IND,20,100,21.8,1,16.7,1,16.7,9,1,15,15,46.9,9,29,9,9,1,100,0,0,0,0,1,0.95,100,1,1,1,1,1,143.8,1,16.7,0,0,1,100,0,0,0,0,0,0,0,0,0,0,33.3,-1.41,1.675,0,100,0,0,7.9,7.4,7.9,7.43,0.47,7.9,7.43,7.4
2024,416,Nico Collins,HST,WR,1,4,JAX,29.03225806451613,33.33333333333333,88.2,9,90,2,20,1,0.22,3.5,7,12.1,9,11.3,4.5,4.5,2,100,10,5,1,0.5,1,0.86,100,1,1,1,1,0.111,125,2,22.2,1,50,2,100,0,0,0,0,0,0,0,0,0,0,20,-1.9,0.673,55.6,44.4,0,0,8.9,7.7,8.9,7.75,1.15,0.99,0.86,7.7
2024,417,Noah Gray,KC,TE,1,4,LAC,33.33333333333333,66.66666666666666,51.7,3,37.5,2,25,3,0.67,2.5,5,12.2,9,16.7,4.5,4.5,2,100,4,2,3,1.5,0,0,0,0,0,0,0,0,85.4,1,16.7,0,0,2,100,0,0,0,0,0,0,0,0,0,0,66.7,-1.38,-0.121,33.3,66.7,0,0,2.9,3.3,2.9,3.29,-0.39,0.97,1.1,3.3
2024,418,Kylen Granson,IND,TE,1,2,GB,50,66.66666666666666,56.6,10,66.7,2,13.3,0.9,0.2,6,12,5.4,9,9.7,4.5,9,1,50,7,7,1,1,0,0,0,1,0,0,0,0,62.5,1,10,0,0,1,50,0,0,0,0,0,0,0,0,0,0,20,-2.57,-0.08,20,50,30,0,1.9,1.7,1.9,1.66,0.24,0.19,0.17,1.7
2024,419,Elijah Moore,CLV,WR,1,5,WAS,17.647058823529413,21.428571428571427,69.5,6,85.7,3,42.9,1.5,0.5,3.33,10,15.4,9,32.1,3,4.5,2,66.7,4,2,1,0.5,0,0.06,0,1,0,0,0,0,70.1,2,50,0,0,3,100,0,0,0,0,1,0,0,0,0,0,50,-2.84,-0.223,33.3,66.7,0,0,2.9,3.7,2.9,3.74,-0.84,0.48,0.62,3.7
2024,420,Hunter Long,LA,TE,1,5,GB,50,100,22.4,3,17.6,1,5.9,3,0.33,3,3,3.6,9,10.2,9,9,1,100,6,6,4,4,0,0,0,0,0,0,0,0,104.2,1,8.3,0,0,1,100,0,0,0,0,0,0,0,0,0,0,25,2.68,0.013,0,33.3,66.7,0,1.9,1.7,1.9,1.72,0.18,0.63,0.57,1.7
2024,421,Tommy Tremble,CAR,TE,1,3,LV,42.857142857142854,100,85.7,9,69.2,2,15.4,1,0.22,4.5,9,9.5,9,6.3,4.5,4.5,2,100,0,0,3,1.5,0,0,0,0,0,0,0,0,85.4,2,15.4,0,0,2,100,0,0,0,0,2,2,100,0,0,0,20,-1.77,-0.543,22.2,44.4,33.3,0,2.9,1.9,2.9,1.9,1,0.32,0.21,1.9
2024,422,Treylon Burks,TEN,WR,1,3,GB,21.428571428571427,50,49.1,3,30,1,10,3,0.33,4,4,6.1,9,9.1,9,9,1,100,5,5,4,4,0,0,0,0,0,0,1,0.333,104.2,1,33.3,0,0,1,100,0,0,0,0,0,0,0,0,0,0,25,2.95,0.778,66.7,33.3,0,0,1.9,1.7,1.9,1.67,0.23,0.63,0.56,1.7
2024,423,Dontayvion Wicks,GB,WR,1,6,ARZ,12.903225806451612,21.428571428571427,14.3,4,40,3,30,2.25,0.75,15.67,47,36.2,9,12.2,3,9,1,33.3,9,9,3,3,0,0.01,0,1,1,0,1,0.25,42.4,2,28.6,1,33.3,1,33.3,1,0,0,0,0,0,0,0,1,1,75,-6.6,-0.387,25,75,0,0,1.9,1.7,1.9,1.66,0.24,0.47,0.41,1.7
2024,424,Malik Heath,GB,WR,1,4,MIN,16.666666666666664,100,13.5,1,5,1,5,9,1,4,4,2.4,9,4.9,9,9,1,100,5,5,1,1,0,0.01,0,0,0,0,1,1,104.2,1,7.1,0,0,1,100,0,0,0,0,0,0,0,0,0,0,100,2.95,0.824,0,100,0,0,1.9,1.6,1.9,1.64,0.26,1.9,1.64,1.6
2024,425,Demario Douglas,NE,WR,1,1,CIN,9.523809523809524,8.333333333333332,59.4,4,80,2,40,2.25,0.5,8,16,50,9,36,4.5,9,1,50,3,3,0,0,0,0.01,0,0,0,0,1,0.25,62.5,2,50,0,0,1,50,0,0,0,0,0,0,0,0,0,0,50,-2.72,0.199,0,100,0,0,1.9,1.9,1.9,1.92,-0.02,0.47,0.48,1.9
2024,426,Jake Bobo,SEA,WR,1,2,NE,15.384615384615385,25,21.2,2,10,1,5,4.5,0.5,8,8,4.1,9,5.1,9,9,1,100,1,1,1,1,0,0.01,0,0,0,0,0,0,104.2,1,6.7,0,0,1,100,0,0,0,0,0,0,0,0,0,0,50,1.49,0.643,50,50,0,0,1.9,2.1,1.9,2.1,-0.2,0.95,1.05,2.1
2024,427,Jake Bobo,SEA,WR,1,4,DET,15.384615384615385,25,28.2,2,10.5,1,5.3,4.5,0.5,4,4,3,9,6.7,9,9,1,100,5,5,1,1,0,0.01,0,0,0,0,1,0.5,104.2,1,7.1,0,0,1,100,0,0,0,0,0,0,0,0,0,0,33.3,2.95,0.691,50,50,0,0,1.9,1.7,1.9,1.71,0.19,0.95,0.85,1.7
2024,428,Tank Dell,HST,WR,1,3,MIN,24.242424242424242,33.33333333333333,68.3,8,66.7,2,16.7,1.13,0.25,-2,-4,-4.6,9,9.4,4.5,4.5,2,100,13,6.5,2,1,0,0.04,0,1,0,0,0,0,85.4,1,10,0,0,2,100,0,0,0,0,0,0,0,0,0,0,22.2,-0.04,-0.002,37.5,62.5,0,0,2.9,3,2.9,2.98,-0.08,0.36,0.37,3
2024,429,Johnny Wilson,PHI,WR,1,3,NO,20,100,31.3,2,28.6,1,14.3,4.5,0.5,3,3,3.9,9,10,9,9,1,100,6,6,6,6,0,0,0,0,0,0,1,0.5,104.2,0,0,0,0,1,100,0,0,0,0,0,0,0,0,1,1,33.3,3.55,1.722,0,100,0,0,1.9,1.6,1.9,1.63,0.27,0.95,0.81,1.6
2024,430,Brian Thomas,JAX,WR,1,4,HST,20,25,75.9,11,78.6,3,21.4,0.82,0.27,6.67,20,10.5,9,13,3,4.5,2,66.7,9,4.5,2,1,1,1,50,1,1,1,1,0.091,109.7,3,25,1,33.3,2,66.7,0,0,0,0,0,0,0,0,0,0,27.3,-4.29,-0.041,54.5,45.5,0,0,8.9,8.8,8.9,8.79,0.11,0.81,0.8,8.8
2024,431,Keenan Allen,CHI,WR,1,1,TEN,27.77777777777778,40,67.9,5,55.6,2,22.2,1.6,0.4,5.5,11,13.6,8,24.2,4,8,1,50,3,3,1,1,0,0.41,0,1,1,0,0,0,60.4,2,25,0,0,2,100,0,0,1,50,0,0,0,0,0,0,33.3,-2.66,-0.17,0,100,0,0,1.8,5.4,1.8,5.43,-3.63,0.36,1.09,5.4
2024,432,Tim Patrick,DET,WR,1,3,ARZ,33.33333333333333,33.33333333333333,50,4,80,1,20,2,0.25,7,7,9.9,8,20.5,8,8,1,100,1,1,0,0,0,0,0,0,0,0,0,0,100,1,20,0,0,1,100,0,0,0,0,0,0,0,0,0,0,25,0.94,0.719,25,75,0,0,1.8,2,1.8,1.96,-0.16,0.45,0.49,2
2024,433,Mack Hollins,BUF,WR,1,6,NYJ,15.625,28.57142857142857,65,5,55.6,2,22.2,1.6,0.4,12,24,42.1,8,14.3,4,8,1,50,0,0,0,0,1,0.83,50,2,2,1,1,0.2,100,2,28.6,0,0,1,50,0,0,0,0,0,0,0,0,0,0,25,-4.66,1.011,20,80,0,0,7.8,6.6,7.8,6.59,1.21,1.56,1.32,6.6
2024,434,Eric Saubert,SF,TE,1,3,LA,53.84615384615385,33.33333333333333,87.7,7,70,1,10,1.14,0.14,6,6,5.7,8,11.3,8,8,1,100,2,2,1,1,0,0,0,0,0,0,0,0,100,0,0,0,0,1,100,0,0,0,0,0,0,0,0,0,0,14.3,0.91,0.082,14.3,57.1,28.6,0,1.8,1.9,1.8,1.87,-0.07,0.26,0.27,1.9
2024,435,Courtland Sutton,DEN,WR,1,4,NYJ,5.263157894736842,33.33333333333333,78.6,2,100,2,100,4,1,17.5,35,100,8,100,4,8,1,50,0,0,0,0,1,0.82,100,1,1,1,1,0.5,100,2,100,0,0,1,50,1,0,0,0,0,0,0,0,0,0,100,-6.23,0.831,0,100,0,0,7.8,6.3,7.8,6.33,1.47,3.9,3.17,6.3
2024,436,Durham Smythe,MIA,TE,1,2,BUF,20,33.33333333333333,42.7,1,5.6,1,5.6,8,1,4,4,3.2,8,8,8,8,1,100,4,4,1,1,0,0.01,0,1,0,0,0,0,100,1,7.1,0,0,1,100,0,0,0,0,0,0,0,0,0,0,33.3,1.93,0.55,0,100,0,0,1.8,1.6,1.8,1.61,0.19,1.8,1.61,1.6
2024,437,Jakobi Meyers,LV,WR,1,2,BLT,22.727272727272727,20,93.3,10,83.3,2,16.7,0.8,0.2,1.5,3,5.7,8,9.9,4,4,2,100,5,2.5,2,1,0,0,0,0,0,0,0,0,83.3,1,12.5,1,50,2,100,0,0,0,0,0,0,0,0,0,0,18.2,-1.77,-0.243,30,70,0,0,2.8,3.4,2.8,3.41,-0.61,0.28,0.34,3.4
2024,438,DK Metcalf,SEA,WR,1,6,SF,19.17808219178082,25,89,14,77.8,2,11.1,0.57,0.14,24.5,49,22.8,8,5.5,4,8,1,50,5,5,3,3,0,0.01,0,1,1,0,1,0.071,60.4,1,6.7,0,0,1,50,1,0,0,0,0,0,0,0,0,0,12.5,-6.22,0.237,50,50,0,0,1.8,1.4,1.8,1.43,0.37,0.13,0.1,1.4
2024,439,Juwan Johnson,NO,TE,1,4,ATL,31.03448275862069,100,67.1,9,64.3,1,7.1,0.89,0.11,4,4,3.4,8,8.2,8,8,1,100,4,4,2,2,0,0.01,0,0,0,0,0,0,100,1,10,0,0,1,100,0,0,0,0,0,0,0,0,0,0,7.7,1.93,0.766,11.1,33.3,55.6,0,1.8,1.7,1.8,1.72,0.08,0.2,0.19,1.7
2024,440,Josiah Deguara,JAX,TE,1,3,BUF,100,100,14.7,2,11.8,1,5.9,4,0.5,2,2,2,8,10.8,8,8,1,100,6,6,2,2,0,0.02,0,1,0,0,0,0,100,0,0,0,0,1,100,0,0,0,0,0,0,0,0,0,0,25,1.63,-0.198,50,50,0,0,1.8,1.6,1.8,1.55,0.25,0.9,0.78,1.6
2024,441,Jaylen Waddle,MIA,WR,1,3,SEA,21.21212121212121,37.5,83.9,7,63.6,3,27.3,1.14,0.43,1.67,5,6.7,8,22.9,2.67,4,2,66.7,8,4,1,0.5,0,0,0,1,0,0,0,0,70.1,3,33.3,1,33.3,2,66.7,0,0,0,0,0,0,0,0,0,0,33.3,-2.97,-0.406,57.1,42.9,0,0,2.8,3.2,2.8,3.22,-0.42,0.4,0.46,3.2
2024,442,Ja'Marr Chase,CIN,WR,1,3,WAS,29.03225806451613,18.75,98.3,18,100,3,16.7,0.44,0.17,2,6,4.6,8,6.7,2.67,4,2,66.7,8,4,6,3,0,0.27,0,2,0,0,0,0,70.1,3,27.3,1,33.3,3,100,0,0,0,0,0,0,0,0,0,0,16.7,-3.11,-0.234,66.7,33.3,0,0,2.8,6.1,2.8,6.14,-3.34,0.16,0.34,6.1
2024,443,Lucas Krull,DEN,TE,1,6,LAC,80,100,64.2,8,80,1,10,1,0.13,5,5,2.6,8,6.8,8,8,1,100,3,3,2,2,0,0,0,0,0,0,0,0,100,1,14.3,0,0,1,100,0,0,0,0,0,0,0,0,0,0,12.5,1.52,0.084,12.5,50,37.5,0,1.8,1.7,1.8,1.72,0.08,0.23,0.22,1.7
2024,444,Garrett Wilson,NYJ,WR,1,3,NE,11.864406779661017,14.285714285714285,87.1,7,87.5,3,37.5,1.14,0.43,8,24,30.8,8,9.3,2.67,4,2,66.7,4,2,3,1.5,1,0.62,100,1,1,1,1,0.143,109.7,2,50,0,0,2,66.7,1,0,0,0,1,1,100,0,0,0,37.5,-4.51,-0.003,28.6,71.4,0,0,8.8,6.1,8.8,6.12,2.68,1.26,0.87,6.1
2024,445,Velus Jones,CHI,WR,1,1,TEN,100,100,7.5,1,11.1,1,11.1,8,1,-5,-5,-6.2,8,24.2,8,8,1,100,13,13,3,3,0,0,0,0,0,0,0,0,100,1,12.5,1,100,1,100,0,0,0,0,0,0,0,0,0,0,100,3.84,0.565,0,100,0,0,1.8,1.5,1.8,1.54,0.26,1.8,1.54,1.5
2024,446,Cade Otton,TB,TE,1,4,PHI,17.02127659574468,28.57142857142857,94.6,8,53.3,2,13.3,1,0.25,7.5,15,31.9,8,7.8,4,8,1,50,4,4,1,1,0,0.01,0,0,0,0,0,0,60.4,0,0,0,0,2,100,0,0,0,0,1,0,0,0,0,0,13.3,-3.4,-0.556,0,50,50,0,1.8,3.4,1.8,3.43,-1.63,0.23,0.43,3.4
2024,447,Cade Otton,TB,TE,1,6,NO,27.659574468085108,28.57142857142857,79.2,13,81.3,2,12.5,0.62,0.15,11.5,23,22.8,8,4.2,4,8,1,50,0,0,0,0,1,0.87,33.3,1,1,1,1,0.077,100,1,7.7,0,0,1,50,0,0,0,0,0,0,0,0,0,0,13.3,-4.77,1.423,38.5,53.8,7.7,0,7.8,6.9,7.8,6.9,0.9,0.6,0.53,6.9
2024,448,Luke Schoonmaker,DAL,TE,1,2,NO,8.333333333333332,33.33333333333333,42.4,1,8.3,1,8.3,8,1,2,2,1.8,8,7.4,8,8,1,100,6,6,2,2,0,0,0,0,0,0,0,0,100,0,0,0,0,1,100,0,0,0,0,0,0,0,0,0,0,100,1.63,0.621,0,100,0,0,1.8,1.6,1.8,1.62,0.18,1.8,1.62,1.6
2024,449,Luke Schoonmaker,DAL,TE,1,5,PIT,33.33333333333333,33.33333333333333,26.7,4,26.7,1,6.7,2,0.25,7,7,4.6,8,5.2,8,8,1,100,1,1,0,0,0,0,0,0,0,0,0,0,100,0,0,0,0,1,100,0,0,0,0,0,0,0,0,0,0,25,0.69,0.034,50,50,0,0,1.8,1.9,1.8,1.92,-0.12,0.45,0.48,1.9
2024,450,Brenton Strange,JAX,TE,1,5,IND,21.62162162162162,14.285714285714285,84.2,8,100,2,25,1,0.25,8,16,14.3,8,6.3,4,4,2,100,0,0,0,0,1,0.97,50,1,1,1,1,0.125,122.9,1,14.3,0,0,2,100,0,0,0,0,0,0,0,0,0,0,25,-3.37,0.869,62.5,25,12.5,0,8.8,8.8,8.8,8.82,-0.02,1.1,1.1,8.8
2024,451,Payne Durham,TB,TE,1,3,DEN,50,100,21.4,1,8.3,1,8.3,8,1,1,1,1.4,8,13.6,8,8,1,100,7,7,3,3,0,0,0,0,0,0,0,0,100,0,0,0,0,1,100,0,0,0,0,0,0,0,0,0,0,100,2.22,0.712,0,100,0,0,1.8,1.6,1.8,1.6,0.2,1.8,1.6,1.6
2024,452,Malik Nabers,NYG,WR,1,3,CLV,22.22222222222222,25,84.1,8,88.9,3,33.3,1,0.38,16.67,50,82,8,12.9,2.67,8,1,33.3,4,4,3,3,0,0.06,0,0,0,0,0,0,42.4,3,37.5,0,0,2,66.7,2,0,1,33.3,2,1,50,0,0,0,37.5,-7.24,-0.308,37.5,62.5,0,0,1.8,2.7,1.8,2.74,-0.94,0.23,0.34,2.7
2024,453,Malik Washington,MIA,WR,1,4,TEN,50,100,25.9,3,27.3,1,9.1,2.67,0.33,4,4,23.5,8,14,8,8,1,100,4,4,1,1,0,0,0,0,0,0,0,0,100,1,10,0,0,1,100,0,0,0,0,0,0,0,0,0,0,25,1.95,0.056,66.7,33.3,0,0,1.8,1.7,1.8,1.68,0.12,0.6,0.56,1.7
2024,454,Zach Ertz,WAS,TE,1,5,CLV,26.82926829268293,33.33333333333333,56.9,11,100,5,45.5,0.64,0.45,11.4,57,35.6,7,5.5,1.4,7,1,20,0,0,0,0,0,0.09,0,2,1,0,0,0,0,5,55.6,0,0,3,60,1,0,1,20,2,0,0,0,0,0,45.5,-7.08,-1.282,9.1,90.9,0,0,1.7,3.2,1.7,3.19,-1.49,0.15,0.29,3.2
2024,455,Brandin Cooks,DAL,WR,1,3,BLT,27.27272727272727,40,77.1,12,80,2,13.3,0.58,0.17,14.5,29,15.8,7,5.1,3.5,7,1,50,1,1,1,1,0,0,0,0,0,0,1,0.083,58.3,2,15.4,0,0,1,50,1,0,0,0,0,0,0,0,0,0,16.7,-5.08,-0.217,41.7,58.3,0,0,1.7,1.8,1.7,1.79,-0.09,0.14,0.15,1.8
2024,456,Davante Adams,LV,WR,1,1,LAC,36.666666666666664,25,96.6,11,91.7,2,16.7,0.64,0.18,-2,-4,-8.9,7,9.3,3.5,3.5,2,100,11,5.5,1,0.5,0,0,0,0,0,0,0,0,81.3,2,22.2,2,100,2,100,0,0,0,0,0,0,0,0,1,0.5,16.7,-2,0.469,54.5,45.5,0,0,2.7,3.1,2.7,3.14,-0.44,0.25,0.29,3.1
2024,457,Kalif Raymond,DET,WR,1,6,DAL,23.52941176470588,50,36.4,4,57.1,3,42.9,1.75,0.75,12,36,48.6,7,12.1,2.33,7,1,33.3,11,11,1,1,0,0.02,0,0,0,0,0,0,42.4,2,40,1,33.3,1,33.3,1,0,0,0,0,0,0,0,0,0,75,-6.44,-0.613,25,75,0,0,1.7,1.8,1.7,1.82,-0.12,0.42,0.46,1.8
2024,458,Curtis Samuel,BUF,WR,1,1,ARZ,4.545454545454546,12.5,27.6,1,16.7,1,16.7,7,1,-3,-3,-9.7,7,11.7,7,7,1,100,10,10,2,2,0,0.01,0,0,0,0,0,0,95.8,1,25,1,100,1,100,0,0,0,0,0,0,0,0,0,0,100,2.06,0.095,0,100,0,0,1.7,1.7,1.7,1.66,0.04,1.7,1.66,1.7
2024,459,Pharaoh Brown,SEA,TE,1,5,NYG,28.57142857142857,33.33333333333333,13.8,2,16.7,1,8.3,3.5,0.5,5,5,6.9,7,7.4,7,7,1,100,2,2,2,2,0,0,0,0,0,0,0,0,95.8,1,12.5,0,0,1,100,0,0,0,0,0,0,0,0,0,0,33.3,0.52,0.287,0,100,0,0,1.7,1.8,1.7,1.77,-0.07,0.85,0.88,1.8
2024,460,Jonnu Smith,MIA,TE,1,1,JAX,12.121212121212121,15.384615384615385,27.7,4,28.6,2,14.3,1.75,0.5,0.5,1,1.1,7,7.2,3.5,7,1,50,1,1,0,0,0,0,0,0,0,0,0,0,58.3,2,14.3,1,50,2,100,0,0,1,50,0,0,0,0,0,0,33.3,-2.23,-0.745,0,100,0,0,1.7,3.4,1.7,3.42,-1.72,0.42,0.86,3.4
2024,461,Will Dissly,LAC,TE,1,2,CAR,20,100,50.8,2,50,1,25,3.5,0.5,5,5,25,7,18.4,7,7,1,100,2,2,1,1,0,0.02,0,0,0,0,0,0,95.8,1,25,0,0,1,100,0,0,0,0,0,0,0,0,0,0,50,0.52,0.322,0,50,50,0,1.7,2,1.7,2.01,-0.31,0.85,1.01,2
2024,462,Dalton Schultz,HST,TE,1,1,IND,13.157894736842104,11.11111111111111,78.9,5,100,1,20,1.4,0.2,6,6,31.6,7,29.2,7,7,1,100,1,1,1,1,0,0.01,0,0,0,0,0,0,95.8,1,25,0,0,1,100,0,0,0,0,1,1,100,0,0,0,20,-0.09,-1.803,0,20,80,0,1.7,1.2,1.7,1.24,0.46,0.34,0.25,1.2
2024,463,Ray-Ray McCloud,ATL,WR,1,1,PIT,8.928571428571429,23.076923076923077,48,5,62.5,3,37.5,1.4,0.6,12,36,46.8,7,14.3,2.33,7,1,33.3,0,0,0,0,0,0,0,0,0,0,0,0,2.8,3,42.9,0,0,1,33.3,0,0,0,0,0,0,0,0,0,0,60,-6.93,-2.857,20,80,0,0,1.7,1.9,1.7,1.94,-0.24,0.34,0.39,1.9
2024,464,Hayden Hurst,LAC,TE,1,3,PIT,9.090909090909092,14.285714285714285,60,2,40,1,20,3.5,0.5,2,2,4.3,7,28,7,7,1,100,5,5,0,0,0,0,0,0,0,0,0,0,95.8,1,20,1,100,1,100,0,0,0,0,0,0,0,0,0,0,50,0.63,0.211,0,100,0,0,1.7,1.7,1.7,1.68,0.02,0.85,0.84,1.7
2024,465,Cole Kmet,CHI,TE,1,6,JAX,12.5,14.285714285714285,88.5,4,57.1,2,28.6,1.75,0.5,6.5,13,35.1,7,12.3,3.5,3.5,2,100,1,0.5,1,0.5,1,0.91,100,1,1,1,1,0.25,120.8,1,16.7,0,0,2,100,0,0,0,0,0,0,0,0,0,0,33.3,-3.16,0.92,25,75,0,0,8.7,8.3,8.7,8.31,0.39,2.17,2.08,8.3
2024,466,K.J. Osborn,NE,WR,1,1,CIN,18.75,100,60.9,3,60,2,40,2.33,0.67,4,8,25,7,28,3.5,7,1,50,2,2,2,2,0,0.02,0,1,0,0,0,0,58.3,1,25,0,0,1,50,0,0,0,0,0,0,0,0,0,0,66.7,-2.41,-0.277,33.3,66.7,0,0,1.7,1.6,1.7,1.6,0.1,0.57,0.53,1.6
2024,467,Van Jefferson,PIT,WR,1,5,DAL,16.666666666666664,50,80.7,5,62.5,2,25,1.4,0.4,21.5,43,33.3,7,14.3,3.5,7,1,50,1,1,0,0,0,0,0,0,0,0,0,0,58.3,1,25,0,0,1,50,1,0,0,0,0,0,0,0,0,0,33.3,-7.38,0.11,40,60,0,0,1.7,1.9,1.7,1.89,-0.19,0.34,0.38,1.9
2024,468,D.J. Turner,LV,WR,1,6,PIT,38.46153846153847,37.5,68.3,10,76.9,3,23.1,0.7,0.3,6.67,20,16.3,7,12.3,2.33,7,1,33.3,2,2,1,1,0,0,0,0,0,0,0,0,42.4,1,12.5,0,0,1,33.3,0,0,0,0,0,0,0,0,0,0,30,-4.54,-1.019,20,80,0,0,1.7,1.7,1.7,1.74,-0.04,0.17,0.17,1.7
2024,469,Elijah Moore,CLV,WR,1,1,DAL,23.52941176470588,28.57142857142857,94.3,8,100,4,50,0.88,0.5,4.25,17,32.1,7,11.9,1.75,3.5,2,50,6,3,2,1,0,0.03,0,1,0,0,1,0.125,16.7,4,50,1,25,4,100,0,0,2,50,0,0,0,0,0,0,50,-4.72,-1.542,12.5,87.5,0,0,2.7,7.1,2.7,7.07,-4.37,0.34,0.88,7.1
2024,470,Grant Calcaterra,PHI,TE,1,6,CLV,37.5,33.33333333333333,91.9,6,85.7,1,14.3,1.17,0.17,4,4,7.1,7,7.5,7,7,1,100,3,3,1,1,0,0,0,0,0,0,1,0.167,95.8,1,14.3,0,0,1,100,0,0,0,0,0,0,0,0,0,0,16.7,0.93,0.499,33.3,33.3,33.3,0,1.7,1.7,1.7,1.73,-0.03,0.28,0.29,1.7
2024,471,Greg Dulcich,DEN,TE,1,2,PIT,40,100,53.6,8,66.7,3,25,0.88,0.38,6.67,20,16.4,7,8,2.33,7,1,33.3,1,1,1,1,0,0,0,1,0,0,0,0,42.4,3,27.3,0,0,2,66.7,0,0,1,33.3,0,0,0,0,0,0,37.5,-4.61,-0.628,0,87.5,12.5,0,1.7,3.6,1.7,3.58,-1.88,0.21,0.45,3.6
2024,472,John Metchie,HST,WR,1,4,JAX,50,100,11.8,2,20,1,10,3.5,0.5,-3,-3,-5.2,7,8.8,7,7,1,100,10,10,4,4,0,0,0,0,0,0,0,0,95.8,1,11.1,1,100,1,100,0,0,0,0,0,0,0,0,0,0,50,2.06,-0.38,0,100,0,0,1.7,1.6,1.7,1.6,0.1,0.85,0.8,1.6
2024,473,Trey McBride,ARZ,TE,1,5,SF,15.909090909090908,11.76470588235294,87.7,7,100,2,28.6,1,0.29,11,22,31.9,7,13.7,3.5,7,1,50,2,2,1,1,0,0.33,0,1,1,0,0,0,58.3,1,25,0,0,2,100,0,0,1,50,1,0,0,0,0,0,28.6,-5.58,-0.577,14.3,57.1,28.6,0,1.7,4.6,1.7,4.65,-2.95,0.24,0.66,4.6
2024,474,Calvin Austin,PIT,WR,1,1,ATL,14.285714285714285,16.666666666666664,40.9,5,62.5,2,25,1.4,0.4,6,12,52.2,7,26.9,3.5,7,1,50,1,1,1,1,0,0.01,0,0,0,0,0,0,58.3,2,28.6,0,0,2,100,0,0,0,0,1,0,0,0,0,0,33.3,-3.45,-0.634,20,80,0,0,1.7,3.1,1.7,3.06,-1.36,0.34,0.61,3.1
2024,475,Jake Ferguson,DAL,TE,1,1,CLV,12.5,18.75,61.7,6,40,3,20,1.17,0.5,18.33,55,34.4,7,14.3,2.33,7,1,33.3,7,7,3,3,0,0,0,1,0,0,0,0,42.4,2,14.3,0,0,1,33.3,1,0,0,0,0,0,0,0,1,1,30,-7.05,-0.303,16.7,66.7,0,16.7,1.7,1.6,1.7,1.59,0.11,0.28,0.27,1.6
2024,476,Cade Otton,TB,TE,1,5,ATL,6.382978723404255,14.285714285714285,100,3,42.9,1,14.3,2.33,0.33,5,5,5.9,7,9.9,7,7,1,100,2,2,1,1,0,0.03,0,1,0,0,0,0,95.8,1,16.7,0,0,1,100,0,0,0,0,0,0,0,0,0,0,14.3,0.52,-0.017,33.3,33.3,33.3,0,1.7,1.8,1.7,1.84,-0.14,0.57,0.61,1.8
2024,477,Will Mallory,IND,TE,1,5,JAX,45.45454545454545,100,23.2,5,38.5,1,7.7,1.4,0.2,7,7,5.3,7,7.8,7,7,1,100,0,0,0,0,0,0,0,0,0,0,1,0.2,95.8,1,7.7,0,0,1,100,0,0,0,0,0,0,0,0,0,0,20,-0.31,1.122,80,20,0,0,1.7,1.9,1.7,1.92,-0.22,0.34,0.38,1.9
2024,478,Josh Whyle,TEN,TE,1,3,GB,33.33333333333333,100,47.2,2,20,1,10,3.5,0.5,4,4,6.1,7,7.1,7,7,1,100,3,3,1,1,0,0,0,0,0,0,1,0.5,95.8,0,0,0,0,1,100,0,0,0,0,0,0,0,0,0,0,25,0.93,0.26,0,50,50,0,1.7,1.7,1.7,1.7,0,0.85,0.85,1.7
2024,479,Jake Bobo,SEA,WR,1,6,SF,30.76923076923077,25,16.4,4,22.2,1,5.6,1.75,0.25,6,6,2.8,7,4.8,7,7,1,100,1,1,0,0,0,0,0,0,0,0,0,0,95.8,1,6.7,0,0,1,100,0,0,0,0,0,0,0,0,0,0,25,0.05,0.245,50,50,0,0,1.7,1.8,1.7,1.82,-0.12,0.42,0.45,1.8
2024,480,Michael Mayer,LV,TE,1,3,CAR,44.44444444444444,50,49.2,4,36.4,2,18.2,1.75,0.5,8.5,17,28.8,7,11.7,3.5,7,1,50,1,1,0,0,0,0,0,0,0,0,1,0.25,58.3,2,25,0,0,1,50,0,0,0,0,0,0,0,0,0,0,40,-4.42,0.105,0,75,25,0,1.7,1.8,1.7,1.8,-0.1,0.42,0.45,1.8
2024,481,Jordan Whittington,LA,WR,1,5,GB,48.275862068965516,20,92.1,14,82.4,1,5.9,0.5,0.07,-5,-5,-6,7,8,7,7,1,100,12,12,7,7,0,0,0,0,0,0,1,0.071,95.8,1,8.3,0,0,1,100,0,0,0,0,0,0,0,0,2,2,6.7,2.84,0.434,42.9,57.1,0,0,1.7,1.5,1.7,1.5,0.2,0.12,0.11,1.5
2024,482,Davante Adams,LV,WR,1,2,BLT,30,25,93.3,9,75,2,16.7,0.67,0.22,2,4,7.5,6,7.4,3,3,2,100,2,1,0,0,0,0.01,0,0,0,0,0,0,79.2,2,25,0,0,2,100,0,0,0,0,0,0,0,0,0,0,16.7,-3.04,-0.115,55.6,44.4,0,0,2.6,3.3,2.6,3.29,-0.69,0.29,0.37,3.3
2024,483,DeAndre Carter,CHI,WR,1,1,TEN,9.523809523809524,20,22.6,2,22.2,2,22.2,3,1,18.5,37,45.7,6,18.2,3,6,1,50,0,0,0,0,0,0,0,0,0,0,0,0,56.3,2,25,0,0,1,50,1,0,0,0,0,0,0,0,0,0,100,-6.77,-0.916,0,100,0,0,1.6,1.9,1.6,1.89,-0.29,0.8,0.95,1.9
2024,484,Tyreek Hill,MIA,WR,1,3,SEA,17.5,12.5,75,7,63.6,2,18.2,0.86,0.29,-4.5,-9,-12,6,17.1,3,6,1,50,10,10,3,3,0,0.01,0,0,0,0,0,0,56.3,2,22.2,2,100,2,100,0,0,1,50,0,0,0,0,0,0,22.2,-1.32,-0.742,71.4,28.6,0,0,1.6,3.2,1.6,3.19,-1.59,0.23,0.46,3.2
2024,485,Tyreek Hill,MIA,WR,1,4,TEN,15,18.75,70.4,6,54.5,3,27.3,1,0.5,0.33,1,5.9,6,10.5,2,2,3,100,5,1.67,1,0.33,0,0,0,0,0,0,0,0,79.2,3,30,1,33.3,3,100,0,0,0,0,0,0,0,0,0,0,42.9,-3.68,-0.538,33.3,66.7,0,0,3.6,4.9,3.6,4.94,-1.34,0.6,0.82,4.9
2024,486,Johnny Mundt,MIN,TE,1,2,SF,28.125,25,70.4,9,75,1,8.3,0.67,0.11,1,1,0.6,6,3,6,6,1,100,5,5,1,1,0,0,0,0,0,0,0,0,91.7,0,0,0,0,1,100,0,0,0,0,0,0,0,0,0,0,10,0.22,-0.587,22.2,33.3,44.4,0,1.6,1.7,1.6,1.7,-0.1,0.18,0.19,1.7
2024,487,George Kittle,SF,TE,1,1,NYJ,27.27272727272727,9.090909090909092,91.4,12,92.3,1,7.7,0.5,0.08,5,5,3.2,6,4.9,6,6,1,100,1,1,2,2,0,0.01,0,0,0,0,0,0,91.7,1,9.1,0,0,1,100,0,0,0,0,0,0,0,0,0,0,7.7,-0.48,0.308,41.7,33.3,25,0,1.6,1.9,1.6,1.9,-0.3,0.13,0.16,1.9
2024,488,David Moore,CAR,WR,1,5,CHI,45.45454545454545,33.33333333333333,41.4,5,41.7,1,8.3,1.2,0.2,3,3,2.6,6,5.4,6,6,1,100,3,3,3,3,0,0,0,0,0,0,0,0,91.7,1,11.1,0,0,1,100,0,0,0,0,0,0,0,0,0,0,20,0.55,0.132,80,20,0,0,1.6,1.7,1.6,1.67,-0.07,0.32,0.33,1.7
2024,489,Jordan Akins,CLV,TE,1,3,NYG,22.22222222222222,40,69.8,4,57.1,2,28.6,1.5,0.5,7.5,15,19.5,6,42.9,3,6,1,50,2,2,1,1,0,0,0,0,0,0,0,0,56.3,2,33.3,0,0,1,50,0,0,0,0,0,0,0,0,0,0,40,-4.4,-0.082,0,100,0,0,1.6,1.7,1.6,1.73,-0.13,0.4,0.43,1.7
2024,490,Hayden Hurst,LAC,TE,1,4,KC,27.27272727272727,28.57142857142857,64.2,6,75,2,25,1,0.33,7.5,15,21.1,6,8.1,3,6,1,50,1,1,0,0,0,0.01,0,1,1,0,0,0,56.3,1,14.3,0,0,1,50,0,0,0,0,0,0,0,0,0,0,33.3,-4.12,-2.289,33.3,33.3,33.3,0,1.6,1.7,1.6,1.72,-0.12,0.27,0.29,1.7
2024,491,Calvin Ridley,TEN,WR,1,1,CHI,26.08695652173913,33.33333333333333,83.6,6,66.7,1,11.1,1,0.17,4,4,13.3,6,30,6,6,1,100,2,2,1,1,0,0,0,0,0,0,0,0,91.7,1,11.1,0,0,1,100,0,0,0,0,0,0,0,0,0,0,12.5,-0.05,0.168,50,50,0,0,1.6,1.7,1.6,1.71,-0.11,0.27,0.29,1.7
2024,492,Trenton Irwin,CIN,WR,1,1,NE,56.25,40,62.5,9,75,2,16.7,0.67,0.22,15,30,30.3,6,8,3,6,1,50,4,4,1,1,0,0,0,0,1,0,1,0.111,56.3,1,9.1,0,0,1,50,1,0,0,0,0,0,0,0,0,0,20,-5.21,-0.267,22.2,77.8,0,0,1.6,1.7,1.6,1.7,-0.1,0.18,0.19,1.7
2024,493,Noah Fant,SEA,TE,1,5,NYG,14.814814814814813,8.333333333333332,69,8,66.7,1,8.3,0.75,0.13,4,4,5.6,6,6.3,6,6,1,100,2,2,1,1,0,0,0,0,0,0,0,0,91.7,1,12.5,0,0,1,100,0,0,0,0,0,0,0,0,0,0,11.1,-0.07,0.128,12.5,75,12.5,0,1.6,1.7,1.6,1.7,-0.1,0.2,0.21,1.7
2024,494,Terry McLaurin,WAS,WR,1,1,TB,16.666666666666664,16.666666666666664,82.1,7,70,2,20,0.86,0.29,15,30,50.8,6,7.3,3,6,1,50,9,9,3,3,0,0,0,0,0,0,0,0,56.3,2,22.2,1,50,1,50,1,0,0,0,0,0,0,0,0,0,22.2,-5.7,-0.243,71.4,28.6,0,0,1.6,1.6,1.6,1.59,0.01,0.23,0.23,1.6
2024,495,Colby Parkinson,LA,TE,1,4,CHI,12.244897959183673,12.5,86.2,6,66.7,2,22.2,1,0.33,13,26,24.5,6,5.7,3,6,1,50,1,1,0,0,0,0,0,1,1,0,1,0.167,56.3,2,22.2,0,0,1,50,1,0,0,0,0,0,0,0,0,0,25,-6.72,0.115,16.7,33.3,50,0,1.6,1.7,1.6,1.72,-0.12,0.27,0.29,1.7
2024,496,Cole Kmet,CHI,TE,1,2,HST,12.5,14.285714285714285,75.8,4,50,2,25,1.5,0.5,15,30,63.8,6,14.3,3,6,1,50,0,0,0,0,0,0,0,0,0,0,0,0,16.7,0,0,0,0,1,50,1,0,0,0,1,1,100,0,0,0,33.3,-8.27,-1.528,25,50,25,0,1.6,1.2,1.6,1.2,0.4,0.4,0.3,1.2
2024,497,Justin Jefferson,MIN,WR,1,3,HST,18.91891891891892,11.76470588235294,90,7,100,2,28.6,0.86,0.29,5.5,11,16.2,6,14,3,6,1,50,0,0,0,0,1,1.04,33.3,2,1,1,1,0.143,95.8,1,20,0,0,2,100,0,0,1,50,0,0,0,0,0,0,28.6,-3.48,0.425,57.1,42.9,0,0,7.6,9.4,7.6,9.41,-1.81,1.09,1.34,9.4
2024,498,Tyler Johnson,LA,WR,1,3,SF,8,50,49.1,2,33.3,1,16.7,3,0.5,5,5,6.8,6,7.6,6,6,1,100,1,1,0,0,0,0,0,0,0,0,0,0,91.7,1,20,0,0,1,100,0,0,0,0,0,0,0,0,0,0,50,-0.36,-0.756,0,100,0,0,1.6,1.7,1.6,1.75,-0.15,0.8,0.87,1.7
2024,499,Josh Palmer,LAC,WR,1,4,KC,25.925925925925924,20,77.4,7,87.5,1,12.5,0.86,0.14,4,4,5.6,6,8.1,6,6,1,100,2,2,1,1,0,0.01,0,0,0,0,1,0.143,91.7,1,14.3,0,0,1,100,0,0,0,0,0,0,0,0,0,0,12.5,-0.05,1.608,57.1,42.9,0,0,1.6,1.6,1.6,1.65,-0.05,0.23,0.24,1.6
2024,500,Bo Melton,GB,WR,1,6,ARZ,25,50,37.1,2,20,2,20,3,1,5,10,7.7,6,8.1,3,6,1,50,1,1,1,1,0,0.01,0,0,0,0,0,0,16.7,1,14.3,0,0,1,50,0,0,0,0,1,1,100,0,0,0,100,-3.36,-1.755,0,100,0,0,1.6,1.2,1.6,1.16,0.44,0.8,0.58,1.2
2024,501,Chris Olave,NO,WR,1,5,KC,23.52941176470588,10,96.1,8,100,1,12.5,0.75,0.13,5,5,3.1,6,6.9,6,6,1,100,1,1,1,1,0,0,0,0,0,0,0,0,91.7,1,14.3,0,0,1,100,0,0,0,0,0,0,0,0,0,0,12.5,-0.36,0.324,75,25,0,0,1.6,1.8,1.6,1.76,-0.16,0.2,0.22,1.8
2024,502,Jalen Tolbert,DAL,WR,1,4,NYG,14.285714285714285,7.6923076923076925,68.6,10,100,1,10,0.6,0.1,4,4,10.5,6,11.8,6,6,1,100,2,2,1,1,0,0,0,0,0,0,0,0,91.7,1,14.3,0,0,1,100,0,0,0,0,0,0,0,0,0,0,10,-0.05,0.084,60,40,0,0,1.6,1.7,1.6,1.69,-0.09,0.16,0.17,1.7
2024,503,Jahan Dotson,PHI,WR,1,2,ATL,35.483870967741936,33.33333333333333,80.9,11,73.3,1,6.7,0.55,0.09,-5,-5,-9.4,6,8.6,6,6,1,100,11,11,6,6,0,0,0,0,0,0,1,0.091,91.7,1,10,1,100,1,100,0,0,0,0,0,0,0,0,1,1,7.7,1.84,0.107,90.9,9.1,0,0,1.6,1.5,1.6,1.51,0.09,0.15,0.14,1.5
2024,504,Chig Okonkwo,TEN,TE,1,6,IND,16.666666666666664,28.57142857142857,54.5,3,50,2,33.3,2,0.67,0,0,0,6,19.4,3,3,2,100,6,3,4,2,0,0,0,0,0,0,1,0.333,79.2,2,33.3,1,50,2,100,0,0,0,0,1,1,100,0,0,0,50,-2.43,-0.084,33.3,66.7,0,0,2.6,2.4,2.6,2.36,0.24,0.87,0.79,2.4
2024,505,Isaiah Likely,BLT,TE,1,5,CIN,23.333333333333332,5.88235294117647,70.1,7,58.3,1,8.3,0.86,0.14,13,13,8.2,6,5.8,6,6,1,100,0,0,0,0,1,0.72,100,1,1,1,1,0.143,131.3,0,0,0,0,1,100,0,0,0,0,0,0,0,0,0,0,12.5,-3.96,2.056,0,71.4,28.6,0,7.6,5.5,7.6,5.52,2.08,1.09,0.79,5.5
2024,506,Cade Otton,TB,TE,1,3,DEN,19.148936170212767,28.57142857142857,91.1,9,75,2,16.7,0.67,0.22,2.5,5,6.8,6,10.2,3,3,2,100,1,0.5,0,0,0,0,0,0,0,0,0,0,79.2,1,12.5,0,0,2,100,0,0,0,0,0,0,0,0,0,0,18.2,-2.92,-0.256,22.2,22.2,55.6,0,2.6,3.2,2.6,3.25,-0.65,0.29,0.36,3.2
2024,507,Xavier Smith,LA,WR,1,5,GB,66.66666666666666,100,10.5,2,11.8,2,11.8,3,1,0,0,0,6,6.8,3,3,2,100,6,3,3,1.5,0,0,0,0,0,0,1,0.5,79.2,2,16.7,1,50,2,100,0,0,0,0,0,0,0,0,0,0,100,-2.26,-0.05,0,100,0,0,2.6,3.3,2.6,3.3,-0.7,1.3,1.65,3.3
2024,508,Xavier Gipson,NYJ,WR,1,4,DEN,15.384615384615385,50,18.6,2,14.3,2,14.3,3,1,1.5,3,4.1,6,7.3,3,6,1,50,7,7,0,0,0,0.01,0,0,0,0,0,0,56.3,2,18.2,1,50,2,100,0,0,1,50,0,0,0,0,1,1,100,-3.11,-0.575,0,100,0,0,1.6,3.4,1.6,3.35,-1.75,0.8,1.68,3.4
2024,509,Tre Tucker,LV,WR,1,2,BLT,12.5,16.666666666666664,60,7,58.3,1,8.3,0.86,0.14,-4,-4,-7.5,6,7.4,6,6,1,100,10,10,1,1,0,0,0,0,0,0,0,0,91.7,1,12.5,1,100,1,100,0,0,0,0,0,0,0,0,0,0,12.5,1.51,0.395,71.4,28.6,0,0,1.6,1.5,1.6,1.51,0.09,0.23,0.22,1.5
2024,510,Jordan Addison,MIN,WR,1,1,NYG,17.647058823529413,50,47.1,3,50,2,33.3,2,0.67,9.5,19,31.1,6,20,3,6,1,50,0,0,0,0,0,0.17,0,1,0,0,0,0,56.3,0,0,0,0,2,100,0,0,0,0,0,0,0,0,0,0,66.7,-4.93,-0.402,33.3,66.7,0,0,1.6,5,1.6,5,-3.4,0.53,1.67,5
2024,511,Brock Bowers,LV,TE,1,4,CLV,11.11111111111111,4,80,5,100,1,20,1.2,0.2,-3,-3,-4.2,6,18.2,6,6,1,100,9,9,4,4,0,0.01,0,0,0,0,0,0,91.7,1,25,0,0,1,100,0,0,0,0,0,0,0,0,1,1,20,0.13,0.123,0,80,20,0,1.6,1.6,1.6,1.61,-0.01,0.32,0.32,1.6
2024,512,Ja'Tavion Sanders,CAR,TE,1,2,LAC,9.375,11.11111111111111,50,3,42.9,1,14.3,2,0.33,2,2,6.1,6,19.4,6,6,1,100,4,4,1,1,0,0,0,0,0,0,0,0,91.7,0,0,0,0,1,100,0,0,0,0,0,0,0,0,0,0,25,-0.37,0.02,33.3,66.7,0,0,1.6,1.6,1.6,1.6,0,0.53,0.53,1.6
2024,513,Jordan Whittington,LA,WR,1,3,SF,13.793103448275861,20,38.2,4,66.7,1,16.7,1.5,0.25,1,1,1.4,6,7.6,6,6,1,100,5,5,0,0,0,0,0,0,0,0,0,0,91.7,1,20,0,0,1,100,0,0,0,0,0,0,0,0,0,0,25,0.88,0.302,50,50,0,0,1.6,1.6,1.6,1.61,-0.01,0.4,0.4,1.6
2024,514,Brian Thomas,JAX,WR,1,3,BUF,20,8.333333333333332,76.5,11,64.7,1,5.9,0.55,0.09,5,5,5.1,6,8.1,6,6,1,100,1,1,0,0,0,0,0,0,0,0,0,0,91.7,1,7.1,0,0,1,100,0,0,0,0,0,0,0,0,0,0,7.7,-0.36,0.393,63.6,36.4,0,0,1.6,1.7,1.6,1.74,-0.14,0.15,0.16,1.7
2024,515,Travis Kelce,KC,TE,1,2,CIN,5.555555555555555,7.6923076923076925,89.8,2,40,1,20,2.5,0.5,5,5,0,5,14.7,5,5,1,100,0,0,0,0,0,0,0,0,0,0,0,0,87.5,1,25,0,0,1,100,0,0,0,0,0,0,0,0,0,0,20,-1.48,-0.398,0,100,0,0,1.5,1.8,1.5,1.75,-0.25,0.75,0.88,1.8
2024,516,Jamison Crowder,WAS,WR,1,1,TB,50,100,5.4,1,10,1,10,5,1,-3,-3,-5.1,5,6.1,5,5,1,100,8,8,0,0,0,0,0,0,0,0,0,0,87.5,1,11.1,1,100,1,100,0,0,0,0,0,0,0,0,0,0,100,0.06,0.16,0,100,0,0,1.5,1.6,1.5,1.57,-0.07,1.5,1.57,1.6
2024,517,Tyler Lockett,SEA,WR,1,3,MIA,14.285714285714285,15.384615384615385,56.7,10,90.9,2,18.2,0.5,0.2,1,2,6.1,5,6.4,2.5,2.5,2,100,3,1.5,1,0.5,0,0,0,0,0,0,1,0.1,79.2,2,25,1,50,2,100,0,0,0,0,0,0,0,0,0,0,20,-3.11,0.406,70,30,0,0,2.5,3.5,2.5,3.54,-1.04,0.25,0.35,3.5
2024,518,Robbie Chosen,MIA,WR,1,2,BUF,77.77777777777779,100,22.7,7,38.9,1,5.6,0.71,0.14,4,4,3.2,5,5,5,5,1,100,1,1,1,1,0,0,0,0,0,0,0,0,87.5,1,7.1,0,0,1,100,0,0,0,0,0,0,0,0,0,0,12.5,-1.05,-0.131,57.1,42.9,0,0,1.5,1.7,1.5,1.68,-0.18,0.21,0.24,1.7
2024,519,Evan Engram,JAX,TE,1,1,MIA,47.05882352941176,50,70,8,80,3,30,0.63,0.38,7.33,22,17.7,5,5.6,1.67,5,1,33.3,1,1,1,1,0,0,0,0,0,0,0,0,42.4,3,33.3,0,0,1,33.3,0,0,0,0,0,0,0,0,0,0,33.3,-6.17,-0.381,25,50,25,0,1.5,1.7,1.5,1.66,-0.16,0.19,0.21,1.7
2024,520,Dalton Schultz,HST,TE,1,2,CHI,15.789473684210526,11.11111111111111,70.5,6,66.7,1,11.1,0.83,0.17,4,4,9.1,5,7.6,5,5,1,100,1,1,0,0,0,0,0,0,0,0,0,0,87.5,1,14.3,0,0,1,100,0,0,0,0,0,0,0,0,0,0,12.5,-1.07,0.124,16.7,16.7,66.7,0,1.5,1.8,1.5,1.84,-0.34,0.25,0.31,1.8
2024,521,Hayden Hurst,LAC,TE,1,2,CAR,18.181818181818183,14.285714285714285,53.8,4,100,1,25,1.25,0.25,3,3,15,5,13.2,5,5,1,100,2,2,1,1,0,0.03,0,0,0,0,0,0,87.5,1,25,0,0,1,100,0,0,0,0,0,0,0,0,0,0,25,-1.32,0.156,25,50,25,0,1.5,1.9,1.5,1.94,-0.44,0.38,0.48,1.9
2024,522,Elijah Moore,CLV,WR,1,3,NYG,14.705882352941178,14.285714285714285,82.5,5,71.4,2,28.6,1,0.4,13,26,33.8,5,35.7,2.5,5,1,50,-1,-1,0,0,0,0,0,0,0,0,0,0,56.3,2,33.3,0,0,1,50,1,0,0,0,0,0,0,0,0,0,40,-6.41,-0.248,20,60,0,20,1.5,1.9,1.5,1.88,-0.38,0.3,0.38,1.9
2024,523,Chris Olave,NO,WR,1,6,TB,2.941176470588235,10,3,1,11.1,1,11.1,5,1,5,5,6.1,5,15.6,5,5,1,100,0,0,0,0,0,0,0,0,0,0,0,0,87.5,1,14.3,0,0,1,100,0,0,0,0,0,0,0,0,0,0,100,-1.36,-9.25,0,100,0,0,0.5,1.7,0.5,1.72,-1.22,1.5,1.72,1.7
2024,524,George Pickens,PIT,WR,1,1,ATL,17.073170731707318,13.333333333333334,66.7,7,87.5,2,25,0.71,0.29,3,6,26.1,5,19.2,2.5,2.5,2,100,-1,-0.5,0,0,0,0.01,0,0,0,0,1,0.143,79.2,2,28.6,0,0,2,100,0,0,0,0,1,1,100,0,0,0,25,-2.95,0.3,71.4,28.6,0,0,2.5,2.7,2.5,2.74,-0.24,0.36,0.39,2.7
2024,525,Chig Okonkwo,TEN,TE,1,4,MIA,16.666666666666664,28.57142857142857,48.4,3,100,2,66.7,1.67,0.67,1.5,3,11.1,5,15.6,2.5,5,1,50,5,5,1,1,0,0.01,0,0,0,0,0,0,56.3,2,66.7,0,0,2,100,0,0,0,0,1,0,0,0,0,0,66.7,-3.31,-0.669,0,100,0,0,1.5,2.7,1.5,2.71,-1.21,0.5,0.9,2.7
2024,526,Charlie Jones,CIN,WR,1,1,NE,75,100,16.7,3,25,1,8.3,1.67,0.33,5,5,5.1,5,6.7,5,5,1,100,0,0,0,0,0,0,0,0,0,0,0,0,87.5,1,9.1,0,0,1,100,0,0,0,0,0,0,0,0,0,0,33.3,-1.36,0.164,33.3,66.7,0,0,1.5,1.7,1.5,1.7,-0.2,0.5,0.57,1.7
2024,527,Tucker Kraft,GB,TE,1,5,LA,11.76470588235294,16.666666666666664,84.5,4,50,1,12.5,1.25,0.25,3,3,3,5,6.3,5,5,1,100,2,2,0,0,0,0,0,0,0,0,0,0,87.5,0,0,0,0,1,100,0,0,0,0,0,0,0,0,0,0,20,-1.32,-0.606,0,50,50,0,1.5,1.7,1.5,1.7,-0.2,0.38,0.42,1.7
2024,528,Jayden Reed,GB,WR,1,6,ARZ,10,4.166666666666666,52.9,5,50,1,10,1,0.2,5,5,3.8,5,6.8,5,5,1,100,0,0,0,0,1,0.98,33.3,1,1,1,1,0.2,127.1,1,14.3,0,0,1,100,0,0,0,0,0,0,0,0,0,0,16.7,-1.36,2.457,20,80,0,0,7.5,7.5,7.5,7.47,0.03,1.5,1.49,7.5
2024,529,Luke McCaffrey,WAS,WR,1,6,BLT,6.25,12.5,39.3,2,40,1,20,2.5,0.5,5,5,17.2,5,11.9,5,5,1,100,0,0,0,0,0,0.08,0,1,0,0,0,0,87.5,1,25,0,0,1,100,0,0,0,0,0,0,0,0,0,0,50,-1.36,0.465,0,100,0,0,1.5,1.2,1.5,1.19,0.31,0.75,0.6,1.2
2024,530,Tip Reiman,ARZ,TE,1,5,SF,25,100,43.9,1,14.3,1,14.3,5,1,2,2,2.9,5,9.8,5,5,1,100,3,3,0,0,0,0,0,0,0,0,0,0,87.5,0,0,0,0,1,100,0,0,0,0,0,0,0,0,1,1,100,-1.37,-0.133,0,100,0,0,1.5,1.7,1.5,1.69,-0.19,1.5,1.69,1.7
2024,531,Erick All,CIN,TE,1,2,KC,18.75,16.666666666666664,54.1,3,27.3,1,9.1,1.67,0.33,0,0,0,5,8.2,5,5,1,100,5,5,3,3,0,0,0,0,0,0,0,0,87.5,0,0,0,0,1,100,0,0,0,0,0,0,0,0,0,0,25,-0.29,0.019,33.3,33.3,33.3,0,1.5,1.7,1.5,1.69,-0.19,0.5,0.56,1.7
2024,532,Troy Franklin,DEN,WR,1,3,TB,14.285714285714285,20,25,2,33.3,1,16.7,2.5,0.5,-4,-4,-36.4,5,29.4,5,5,1,100,9,9,5,5,0,0.01,0,0,0,0,0,0,87.5,1,25,1,100,1,100,0,0,0,0,0,0,0,0,1,1,50,0.51,-0.042,50,50,0,0,1.5,1.7,1.5,1.65,-0.15,0.75,0.83,1.7
2024,533,Ja'Lynn Polk,NE,WR,1,2,SEA,14.705882352941178,25,59.1,5,62.5,1,12.5,1,0.2,13,13,20.6,5,8.9,5,5,1,100,0,0,0,0,1,0.99,100,1,1,1,1,0.2,127.1,1,20,0,0,1,100,0,0,0,0,0,0,0,0,0,0,20,-3.91,1.497,40,60,0,0,7.5,7.5,7.5,7.52,-0.02,1.5,1.5,7.5
2024,534,Tyler Conklin,NYJ,TE,1,4,DEN,19.148936170212767,11.11111111111111,91.4,9,64.3,1,7.1,0.44,0.11,4,4,5.4,4,4.9,4,4,1,100,0,0,0,0,0,0.01,0,0,0,0,1,0.111,83.3,1,9.1,0,0,1,100,0,0,0,0,0,0,0,0,0,0,8.3,-2.07,0.145,11.1,77.8,11.1,0,1.4,1.8,1.4,1.75,-0.35,0.16,0.19,1.8
2024,535,Tyler Conklin,NYJ,TE,1,6,BUF,14.893617021276595,11.11111111111111,72.9,7,77.8,1,11.1,0.57,0.14,-1,-1,-0.9,4,3.3,4,4,1,100,5,5,1,1,0,0,0,0,0,0,0,0,83.3,0,0,0,0,1,100,0,0,0,0,0,0,0,0,0,0,12.5,-0.9,-0.047,14.3,71.4,14.3,0,1.4,1.6,1.4,1.58,-0.18,0.2,0.23,1.6
2024,536,Courtland Sutton,DEN,WR,1,1,SEA,23.684210526315788,33.33333333333333,91.3,9,64.3,2,14.3,0.44,0.22,11.5,23,46.9,4,9.8,2,4,1,50,2,2,0,0,0,0,0,0,1,0,0,0,16.7,2,18.2,0,0,1,50,1,0,0,0,0,0,0,0,0,0,15.4,-6.29,-1.494,77.8,22.2,0,0,1.4,1.6,1.4,1.65,-0.25,0.16,0.18,1.6
2024,537,Diontae Johnson,CAR,WR,1,2,LAC,10.714285714285714,12.5,93.5,6,85.7,2,28.6,0.67,0.33,7.5,15,45.5,4,12.9,2,4,1,50,1,1,1,1,0,0,0,0,0,0,0,0,16.7,2,40,0,0,1,50,0,0,0,0,0,0,0,0,0,0,28.6,-5.25,-2.02,66.7,33.3,0,0,1.4,1.7,1.4,1.68,-0.28,0.23,0.28,1.7
2024,538,Brevin Jordan,HST,TE,1,2,CHI,50,100,44.3,1,11.1,1,11.1,4,1,4,4,9.1,4,6.1,4,4,1,100,0,0,0,0,0,0,0,0,0,0,0,0,83.3,1,14.3,0,0,1,100,0,0,0,0,0,0,0,0,0,0,100,-2.07,-0.459,0,100,0,0,1.4,1.7,1.4,1.71,-0.31,1.4,1.71,1.7
2024,539,Drake London,ATL,WR,1,4,NO,13.559322033898304,19.35483870967742,100,8,88.9,6,66.7,0.5,0.75,16.5,99,108.8,4,28.6,0.67,4,1,16.7,0,0,0,0,0,0.03,0,0,0,0,0,0,39.6,6,85.7,0,0,4,66.7,1,0,1,16.7,4,1,25,0,0,0,66.7,-9.42,-0.471,12.5,87.5,0,0,1.4,5.9,1.4,5.88,-4.48,0.17,0.74,5.9
2024,540,KaVontae Turpin,DAL,WR,1,2,NO,19.230769230769234,20,27.3,5,41.7,3,25,0.8,0.6,3.33,10,9.1,4,3.7,1.33,2,2,66.7,10,5,7,3.5,0,0.01,0,0,0,0,0,0,70.1,2,25,1,33.3,3,100,0,0,1,33.3,0,0,0,0,0,0,60,-5.36,-0.572,0,100,0,0,2.4,5.7,2.4,5.69,-3.29,0.48,1.14,5.7
2024,541,Isaiah Likely,BLT,TE,1,3,DAL,6.666666666666667,5.88235294117647,65,2,33.3,1,16.7,2,0.5,3,3,8.3,4,13.3,4,4,1,100,1,1,0,0,0,0,0,0,0,0,0,0,83.3,0,0,0,0,1,100,0,0,0,0,0,0,0,0,0,0,20,-2.32,-0.924,50,50,0,0,1.4,1.7,1.4,1.68,-0.28,0.7,0.84,1.7
2024,542,Luke Musgrave,GB,TE,1,4,MIN,53.84615384615385,100,33.8,7,35,1,5,0.57,0.14,3,3,1.8,4,2.2,4,4,1,100,1,1,0,0,0,0,0,0,0,0,1,0.143,83.3,0,0,0,0,1,100,0,0,0,0,0,0,0,0,0,0,12.5,-2.32,0.172,42.9,28.6,28.6,0,1.4,1.7,1.4,1.65,-0.25,0.2,0.24,1.7
2024,543,Marvin Harrison,ARZ,WR,1,1,BUF,28.26086956521739,11.11111111111111,90,13,100,1,7.7,0.31,0.08,4,4,4.7,4,6.1,4,4,1,100,0,0,0,0,0,0,0,0,0,0,0,0,83.3,1,10,0,0,1,100,0,0,0,0,0,0,0,0,0,0,7.7,-2.05,-0.207,76.9,23.1,0,0,1.4,1.7,1.4,1.69,-0.29,0.11,0.13,1.7
2024,544,Xavier Worthy,KC,WR,1,4,LAC,23.52941176470588,20,74.1,8,100,1,12.5,0.5,0.13,4,4,9.8,4,7.4,4,4,1,100,0,0,0,0,0,0,0,0,0,0,1,0.125,83.3,1,16.7,0,0,1,100,0,0,0,0,0,0,0,0,0,0,12.5,-2.05,0.876,62.5,37.5,0,0,1.4,1.7,1.4,1.74,-0.34,0.17,0.22,1.7
2024,545,Malachi Corley,NYJ,WR,1,2,TEN,100,100,1.8,1,10,1,10,4,1,0,0,0,4,6.2,4,4,1,100,4,4,3,3,0,0,0,0,0,0,0,0,83.3,1,12.5,1,100,1,100,0,0,0,0,0,0,0,0,0,0,100,-2.04,-0.476,0,100,0,0,1.4,1.6,1.4,1.65,-0.25,1.4,1.65,1.6
2024,546,Curtis Samuel,BUF,WR,1,2,MIA,13.636363636363635,12.5,26.7,3,42.9,1,14.3,1,0.33,-4,-4,-17.4,3,4.6,3,3,1,100,7,7,2,2,0,0.01,0,0,0,0,0,0,79.2,1,25,1,100,1,100,0,0,0,0,0,0,0,0,0,0,33.3,-1.49,-0.238,0,66.7,0,33.3,1.3,1.7,1.3,1.66,-0.36,0.43,0.55,1.7
2024,547,Josh Reynolds,DEN,WR,1,1,SEA,38.46153846153847,25,79.7,10,71.4,1,7.1,0.3,0.1,-4,-4,-8.2,3,7.3,3,3,1,100,7,7,3,3,0,0,0,0,0,0,0,0,79.2,1,9.1,1,100,1,100,0,0,0,0,0,0,0,0,0,0,8.3,-1.49,-0.286,80,20,0,0,1.3,1.5,1.3,1.48,-0.18,0.13,0.15,1.5
2024,548,Ray-Ray McCloud,ATL,WR,1,4,NO,8.928571428571429,7.6923076923076925,98,5,55.6,1,11.1,0.6,0.2,-2,-2,-2.2,3,21.4,3,3,1,100,5,5,4,4,0,0,0,0,0,0,0,0,79.2,0,0,0,0,1,100,0,0,0,0,0,0,0,0,0,0,12.5,-2.5,-0.387,80,20,0,0,1.3,1.6,1.3,1.56,-0.26,0.26,0.31,1.6
2024,549,Cedrick Wilson,NO,WR,1,6,TB,44.44444444444444,100,53,4,44.4,1,11.1,0.75,0.25,2,2,2.4,3,9.4,3,3,1,100,1,1,0,0,0,0,0,0,0,0,0,0,79.2,1,14.3,0,0,1,100,0,0,0,0,0,0,0,0,0,0,25,-2.33,-0.263,75,25,0,0,1.3,1.6,1.3,1.62,-0.32,0.33,0.4,1.6
2024,550,Durham Smythe,MIA,TE,1,3,SEA,60,66.66666666666666,32.1,3,27.3,2,18.2,1,0.67,7,14,18.7,3,8.6,1.5,3,1,50,0,0,0,0,0,0.57,0,1,1,0,0,0,56.3,1,11.1,0,0,2,100,0,0,1,50,0,0,0,0,0,0,66.7,-6.03,-0.989,0,66.7,33.3,0,1.3,5.7,1.3,5.69,-4.39,0.43,1.9,5.7
2024,551,Diontae Johnson,CAR,WR,1,5,CHI,16.071428571428573,12.5,79.3,9,75,2,16.7,0.33,0.22,-1,-2,-1.7,3,2.7,1.5,1.5,2,100,5,2.5,1,0.5,0,0,0,0,0,0,0,0,79.2,2,22.2,1,50,2,100,0,0,0,0,0,0,0,0,0,0,22.2,-3.53,-0.504,77.8,22.2,0,0,2.3,3.2,2.3,3.21,-0.91,0.26,0.36,3.2
2024,552,James Proche,CLV,WR,1,4,LV,100,100,5.3,1,16.7,1,16.7,3,1,-1,-1,-2.6,3,6.8,3,3,1,100,4,4,4,4,0,0,0,0,0,0,0,0,79.2,0,0,0,0,1,100,0,0,0,0,0,0,0,0,1,1,100,-3.17,-0.229,0,100,0,0,1.3,1.6,1.3,1.56,-0.26,1.3,1.56,1.6
2024,553,Justin Jefferson,MIN,WR,1,1,NYG,16.216216216216218,17.647058823529413,82.4,6,100,3,50,0.5,0.5,6.67,20,32.8,3,10,1,3,1,33.3,6,6,0,0,0,0.06,0,0,0,0,0,0,42.4,1,50,0,0,3,100,0,0,1,33.3,1,0,0,0,0,0,50,-6.4,-1.024,33.3,66.7,0,0,1.3,5.9,1.3,5.87,-4.57,0.22,0.98,5.9
2024,554,Jerry Jeudy,CLV,WR,1,3,NYG,16.216216216216218,28.57142857142857,88.9,6,85.7,2,28.6,0.5,0.33,7,14,18.2,3,21.4,1.5,3,1,50,0,0,0,0,0,0,0,0,0,0,0,0,56.3,1,16.7,0,0,1,50,0,0,0,0,0,0,0,0,0,0,33.3,-5.38,-0.829,66.7,33.3,0,0,1.3,1.7,1.3,1.69,-0.39,0.22,0.28,1.7
2024,555,Brock Wright,DET,TE,1,4,SEA,9.090909090909092,100,54,1,16.7,1,16.7,3,1,1,1,16.7,3,9.4,3,3,1,100,2,2,1,1,0,0,0,0,0,0,0,0,79.2,1,25,0,0,1,100,0,0,0,0,0,0,0,0,0,0,50,-2.78,-0.099,0,100,0,0,1.3,1.6,1.3,1.58,-0.28,1.3,1.58,1.6
2024,556,Jahan Dotson,PHI,WR,1,3,NO,19.35483870967742,33.33333333333333,86.6,6,85.7,1,14.3,0.5,0.17,-3,-3,-3.9,3,3.3,3,3,1,100,6,6,1,1,0,0,0,0,0,0,0,0,79.2,1,25,1,100,1,100,0,0,0,0,0,0,0,0,0,0,16.7,-1.94,-0.894,83.3,16.7,0,0,1.3,1.5,1.3,1.52,-0.22,0.22,0.25,1.5
2024,557,Michael Wilson,ARZ,WR,1,5,SF,12.068965517241379,10,73.7,7,100,1,14.3,0.43,0.14,3,3,4.3,3,5.9,3,3,1,100,0,0,0,0,0,0.01,0,1,0,0,0,0,79.2,1,25,0,0,1,100,0,0,0,0,0,0,0,0,0,0,14.3,-2.45,-0.204,71.4,28.6,0,0,1.3,1.6,1.3,1.59,-0.29,0.19,0.23,1.6
2024,558,Xavier Hutchinson,HST,WR,1,1,IND,6.666666666666667,33.33333333333333,15.8,1,20,1,20,3,1,3,3,15.8,3,12.5,3,3,1,100,0,0,0,0,0,0,0,0,0,0,0,0,79.2,1,25,0,0,1,100,0,0,0,0,0,0,0,0,0,0,100,-2.45,-0.582,0,100,0,0,1.3,1.7,1.3,1.72,-0.42,1.3,1.72,1.7
2024,559,Demario Douglas,NE,WR,1,4,SF,9.523809523809524,4.166666666666666,59.7,4,80,1,20,0.75,0.25,3,3,37.5,3,20,3,3,1,100,4,4,0,0,0,0,0,0,0,0,0,0,95.8,1,25,0,0,1,100,0,0,0,0,0,0,0,0,0,0,20,-2.45,-0.218,50,25,0,25,1.3,1.7,1.3,1.68,-0.38,0.33,0.42,1.7
2024,560,Jake Bobo,SEA,WR,1,5,NYG,7.6923076923076925,25,3.4,1,8.3,1,8.3,3,1,2,2,2.8,3,3.2,3,3,1,100,1,1,1,1,0,0,0,0,0,0,0,0,79.2,0,0,0,0,1,100,0,0,0,0,0,0,0,0,0,0,100,-2.33,-0.375,0,100,0,0,1.3,1.7,1.3,1.69,-0.39,1.3,1.69,1.7
2024,561,Michael Mayer,LV,TE,1,1,LAC,44.44444444444444,50,57.6,4,33.3,2,16.7,0.75,0.5,3,6,13.3,3,4,1.5,3,1,50,0,0,0,0,0,0.01,0,0,0,0,1,0.25,56.3,2,22.2,0,0,2,100,0,0,0,0,2,1,50,0,0,0,28.6,-4.82,0.152,0,75,25,0,1.3,1.6,1.3,1.65,-0.35,0.33,0.41,1.6
2024,562,Amari Cooper,CLV,WR,1,4,LV,16.216216216216218,16.666666666666664,93,6,100,1,16.7,0.33,0.17,1,1,2.6,2,4.5,2,2,1,100,1,1,0,0,0,0,0,0,0,0,1,0.167,79.2,1,20,0,0,1,100,0,0,0,0,0,0,0,0,0,0,16.7,-3.12,0.702,83.3,16.7,0,0,1.2,1.6,1.2,1.55,-0.35,0.2,0.26,1.6
2024,563,Johnny Mundt,MIN,TE,1,3,HST,18.75,25,80,6,85.7,1,14.3,0.33,0.17,3,3,4.4,2,4.7,2,2,1,100,0,0,0,0,1,0.78,33.3,1,1,1,1,0.167,118.8,1,20,0,0,1,100,0,0,0,0,0,0,0,0,0,0,14.3,-4.32,1.846,50,50,0,0,7.2,5.5,7.2,5.53,1.67,1.2,0.92,5.5
2024,564,Curtis Samuel,BUF,WR,1,4,BLT,9.090909090909092,12.5,35.1,2,22.2,1,11.1,1,0.5,1,1,1.1,2,2.9,2,2,1,100,1,1,0,0,0,0,0,0,0,0,0,0,79.2,1,20,0,0,1,100,0,0,0,0,0,0,0,0,0,0,50,-3.12,-0.221,50,50,0,0,1.2,1.5,1.2,1.54,-0.34,0.6,0.77,1.5
2024,565,Curtis Samuel,BUF,WR,1,6,NYJ,9.090909090909092,12.5,38.3,2,22.2,1,11.1,1,0.5,0,0,0,2,3.6,2,2,1,100,2,2,2,2,0,0.01,0,0,0,0,0,0,79.2,1,14.3,1,100,1,100,0,0,0,0,1,1,100,0,1,1,33.3,-4.04,-0.293,50,50,0,0,1.2,0.7,1.2,0.75,0.45,0.6,0.37,0.7
2024,566,Tim Patrick,DET,WR,1,2,TB,25,66.66666666666666,38.6,3,18.8,2,12.5,0.67,0.67,8,16,9.3,2,1.4,1,2,1,50,4,4,0,0,0,0.01,0,0,0,0,0,0,16.7,1,7.7,1,50,1,50,0,0,0,0,0,0,0,0,0,0,66.7,-7.2,-2.522,33.3,66.7,0,0,1.2,1.6,1.2,1.59,-0.39,0.4,0.53,1.6
2024,567,Ray-Ray McCloud,ATL,WR,1,3,KC,21.428571428571427,15.384615384615385,94.6,12,80,2,13.3,0.17,0.17,4,8,12.7,2,2.3,1,2,1,50,5,5,2,2,0,0.01,0,1,0,0,0,0,56.3,2,13.3,1,50,2,100,0,0,0,0,1,0,0,0,0,0,13.3,-5.63,-0.479,83.3,16.7,0,0,1.2,2.5,1.2,2.54,-1.34,0.1,0.21,2.5
2024,568,Alex Bachman,LV,WR,1,6,PIT,100,100,40,4,30.8,1,7.7,0.5,0.25,2,2,1.6,2,3.5,2,2,1,100,0,0,0,0,0,0.01,0,0,0,0,0,0,79.2,1,12.5,1,100,1,100,0,0,0,0,0,0,0,0,0,0,20,-3.33,-0.444,75,25,0,0,1.2,1.7,1.2,1.72,-0.52,0.3,0.43,1.7
2024,569,Terry McLaurin,WAS,WR,1,4,ARZ,28.57142857142857,33.33333333333333,68.7,12,85.7,4,28.6,0.17,0.33,13.25,53,54.1,2,2.1,0.5,2,1,25,4,4,3,3,0,0.1,0,0,0,0,0,0,0,3,37.5,2,50,2,50,2,0,1,25,0,0,0,0,0,0,33.3,-7.15,-1.326,50,50,0,0,1.2,3.8,1.2,3.76,-2.56,0.1,0.31,3.8
2024,570,Deebo Samuel,SF,WR,1,4,NE,20.833333333333336,12.5,78.3,10,90.9,2,18.2,0.2,0.2,4.5,9,6.1,2,2.1,1,2,1,50,3,3,2,2,0,0.03,0,1,0,0,0,0,56.3,2,25,0,0,2,100,0,0,1,50,1,0,0,0,0,0,20,-5.83,-0.414,60,40,0,0,1.2,2.2,1.2,2.24,-1.04,0.12,0.22,2.2
2024,571,Brandon Aiyuk,SF,WR,1,3,LA,16.071428571428573,27.27272727272727,78.5,9,90,3,30,0.22,0.33,11,33,31.4,2,2.8,0.67,2,1,33.3,6,6,1,1,0,0.01,0,0,0,0,0,0,42.4,2,40,1,33.3,1,33.3,1,0,0,0,0,0,0,0,0,0,33.3,-7.94,-0.567,44.4,55.6,0,0,1.2,1.5,1.2,1.54,-0.34,0.13,0.17,1.5
2024,572,Laviska Shenault,SEA,WR,1,3,MIA,25,50,15,1,9.1,1,9.1,2,1,-4,-4,-12.1,2,2.6,2,2,1,100,6,6,2,2,0,0,0,0,0,0,0,0,79.2,1,12.5,0,0,1,100,0,0,0,0,0,0,0,0,0,0,100,-2.49,-0.394,0,100,0,0,1.2,1.6,1.2,1.58,-0.38,1.2,1.58,1.6
2024,573,Cole Kmet,CHI,TE,1,4,LA,6.25,7.142857142857142,92.6,2,66.7,1,33.3,1,0.5,-2,-2,-5.4,2,18.2,2,2,1,100,4,4,4,4,0,0,0,0,0,0,0,0,79.2,1,50,1,100,1,100,0,0,0,0,0,0,0,0,0,0,33.3,-2.85,-1.406,0,100,0,0,1.2,1.5,1.2,1.54,-0.34,0.6,0.77,1.5
2024,574,Treylon Burks,TEN,WR,1,1,CHI,42.857142857142854,50,70.5,6,66.7,1,11.1,0.33,0.17,3,3,10,2,10,2,2,1,100,-1,-1,-1,-1,0,0,0,0,0,0,0,0,79.2,1,11.1,0,0,1,100,0,0,0,0,0,0,0,0,0,0,11.1,-3.45,-0.412,66.7,33.3,0,0,1.2,1.7,1.2,1.71,-0.51,0.2,0.28,1.7
2024,575,Romeo Doubs,GB,WR,1,4,MIN,40,33.33333333333333,85.1,18,90,2,10,0.11,0.11,7,14,8.5,2,1.1,1,2,1,50,-1,-1,0,0,0,0.37,0,1,1,0,0,0,56.3,2,14.3,0,0,2,100,0,0,0,0,1,0,0,0,0,0,10,-5.77,-1.374,83.3,16.7,0,0,1.2,4,1.2,4.03,-2.83,0.07,0.22,4
2024,576,Christian Watson,GB,WR,1,1,PHI,45,40,63.8,9,75,2,16.7,0.22,0.22,9.5,19,12.2,2,1.3,1,2,1,50,0,0,0,0,1,0.7,50,2,2,1,1,0.111,95.8,1,11.1,0,0,1,50,0,0,0,0,1,1,100,0,0,0,22.2,-7.09,-0.196,22.2,66.7,11.1,0,7.2,5.1,7.2,5.11,2.09,0.8,0.57,5.1
2024,577,Dallas Goedert,PHI,TE,1,1,GB,15.384615384615385,10,81.1,4,40,1,10,0.25,0.25,-3,-3,-3.8,1,1.2,1,1,1,100,4,4,1,1,0,0,0,0,0,0,0,0,79.2,1,14.3,1,100,1,100,0,0,0,0,0,0,0,0,0,0,25,-4.87,-0.51,0,75,0,25,1.1,1.5,1.1,1.53,-0.43,0.28,0.38,1.5
2024,578,Michael Pittman,IND,WR,1,5,JAX,22.448979591836736,10,88.4,11,84.6,1,7.7,0.09,0.09,2,2,1.5,1,1.1,1,1,1,100,0,0,0,0,1,0.99,50,1,1,1,1,0.091,118.8,1,7.7,0,0,1,100,0,0,0,0,0,0,0,0,0,0,9.1,-4.33,2.539,27.3,72.7,0,0,7.1,7.1,7.1,7.13,-0.03,0.65,0.65,7.1
2024,579,Van Jefferson,PIT,WR,1,1,ATL,26.666666666666668,50,71.2,8,100,2,25,0.13,0.25,0,0,0,1,3.8,0.5,1,1,50,6,6,0,0,0,0.26,0,1,0,0,0,0,56.3,1,14.3,1,50,1,50,0,0,0,0,0,0,0,0,0,0,25,-4.76,-1.033,50,50,0,0,1.1,2.9,1.1,2.9,-1.8,0.14,0.36,2.9
2024,580,Jaylen Waddle,MIA,WR,1,1,JAX,18.181818181818183,12.5,72.3,6,42.9,1,7.1,0.17,0.17,-4,-4,-4.4,1,1,1,1,1,100,5,5,1,1,0,0,0,0,0,0,0,0,79.2,1,7.1,1,100,1,100,0,0,0,0,0,0,0,0,0,0,12.5,-3.49,-0.749,66.7,33.3,0,0,1.1,1.5,1.1,1.49,-0.39,0.18,0.25,1.5
2024,581,Jeremy Ruckert,NYJ,TE,1,4,DEN,33.33333333333333,33.33333333333333,34.3,2,14.3,1,7.1,0.5,0.5,-2,-2,-2.7,1,1.2,1,1,1,100,3,3,1,1,0,0,0,0,0,0,0,0,79.2,0,0,0,0,1,100,0,0,0,0,0,0,0,0,0,0,50,-3.85,-0.61,0,100,0,0,1.1,1.6,1.1,1.59,-0.49,0.55,0.79,1.6
2024,582,Jake Ferguson,DAL,TE,1,6,DET,25,6.25,67.7,12,75,1,6.3,0.08,0.08,0,0,0,1,1.3,1,1,1,100,1,1,1,1,0,0.21,0,1,0,0,0,0,79.2,1,7.1,0,0,1,100,0,0,0,0,0,0,0,0,0,0,8.3,-4.29,-1.277,33.3,58.3,8.3,0,1.1,2.4,1.1,2.4,-1.3,0.09,0.2,2.4
2024,583,Andrei Iosivas,CIN,WR,1,1,NE,21.153846153846153,8.333333333333332,100,11,91.7,1,8.3,0.09,0.09,-3,-3,-3,1,1.3,1,1,1,100,4,4,0,0,0,0.01,0,0,0,0,0,0,79.2,1,9.1,1,100,1,100,0,0,0,0,0,0,0,0,0,0,8.3,-3.94,-3.074,81.8,18.2,0,0,1.1,1.6,1.1,1.56,-0.46,0.1,0.14,1.6
2024,584,Jonathan Mingo,CAR,WR,1,2,LAC,4.444444444444445,7.6923076923076925,60.9,2,28.6,1,14.3,0.5,0.5,-1,-1,-3,1,3.2,1,1,1,100,2,2,1,1,0,0,0,0,0,0,0,0,79.2,0,0,0,0,1,100,0,0,0,0,0,0,0,0,0,0,50,-5.17,-0.35,50,50,0,0,1.1,1.5,1.1,1.55,-0.45,0.55,0.77,1.5
2024,585,Erick All,CIN,TE,1,6,NYG,6.25,16.666666666666664,42.3,1,14.3,1,14.3,1,1,0,0,0,1,1.1,1,1,1,100,1,1,1,1,0,0.01,0,1,0,0,0,0,79.2,1,25,0,0,1,100,0,0,0,0,0,0,0,0,0,0,100,-4.29,-0.488,0,100,0,0,1.1,1.6,1.1,1.56,-0.46,1.1,1.56,1.6
2024,586,Marcedes Lewis,CHI,TE,1,1,TEN,100,0,17,1,11.1,0,0,0,0,,0,0,0,0,,,0,,0,,0,,0,0,0,0,0,0,0,0,,0,0,0,,0,,0,,0,,0,0,,0,0,,0,,,0,100,0,0,0,0,0,0,0,0,0,0
2024,587,Keenan Allen,CHI,WR,1,4,LA,11.11111111111111,0,66.7,2,66.7,0,0,0,0,,0,0,0,0,,,0,,0,,0,,0,0,0,0,0,0,0,0,,0,0,0,,0,,0,,0,,0,0,,0,0,,0,,,100,0,0,0,0,0,0,0,0,0,0,0
2024,588,Robert Woods,HST,WR,1,2,CHI,8.333333333333332,0,14.8,1,11.1,0,0,0,0,,0,0,0,0,,,0,,0,,0,,0,0,0,0,0,0,0,0,,0,0,0,,0,,0,,0,,0,0,,0,0,,0,,,0,100,0,0,0,0,0,0,0,0,0,0
2024,589,Robert Woods,HST,WR,1,4,JAX,58.333333333333336,0,70.6,7,70,0,0,0,0,,0,0,0,0,,,0,,0,,0,,0,0,0,0,0,0,0,0,,0,0,0,,0,,0,,0,,0,0,,0,0,,0,,,85.7,14.3,0,0,0,0,0,0,0,0,0,0
2024,590,DeAndre Hopkins,TEN,WR,1,2,NYJ,21.428571428571427,0,43.3,3,42.9,0,0,0,0,,0,0,0,0,,,0,,0,,0,,0,0,0,0,0,0,0,0,,0,0,0,,0,,0,,0,,0,0,,0,0,,0,,,66.7,33.3,0,0,0,0,0,0,0,0,0,0
2024,591,DeAndre Hopkins,TEN,WR,1,4,MIA,21.428571428571427,0,30.6,3,100,0,0,0,0,,0,0,0,0,,,0,,0,,0,,0,0,0,0,0,0,0,0,,0,0,0,,0,,0,,0,,0,0,,0,0,,0,,,100,0,0,0,0,0,0,0,0,0,0,0
2024,592,DeAndre Hopkins,TEN,WR,1,6,IND,14.285714285714285,0,70.9,2,33.3,0,0,0,0,,0,0,0,0,,,0,,0,,0,,0,0,0,0,0,0,0,0,,0,0,0,,0,,0,,0,,0,0,,0,0,,0,,,50,50,0,0,0,0,0,0,0,0,0,0
2024,593,Odell Beckham,MIA,WR,1,5,NE,100,100,12,3,33.3,1,11.1,0,0.33,34,34,47.9,0,0,0,0,0,0,0,0,0,0,0,0,0,0,1,0,0,0,39.6,0,0,0,0,0,0,1,0,0,0,0,0,0,0,0,0,33.3,-14,-0.841,66.7,33.3,0,0,0,0,0,0.03,-0.03,0,0.01,0
2024,594,Brandin Cooks,DAL,WR,1,2,NO,20.454545454545457,0,81.8,9,75,0,0,0,0,,0,0,0,0,,,0,,0,,0,,0,0,0,0,0,0,0,0,,0,0,0,,0,,0,,0,,0,0,,0,0,,0,,,88.9,11.1,0,0,0,0,0,0,0,0,0,0
2024,595,Brandin Cooks,DAL,WR,1,4,NYG,22.727272727272727,0,82.4,10,100,0,0,0,0,,0,0,0,0,,,0,,0,,0,,0,0,0,0,0,0,0,0,,0,0,0,,0,,0,,0,,0,0,,0,0,,0,,,80,20,0,0,0,0,0,0,0,0,0,0
2024,596,Jordan Matthews,CAR,TE,1,1,NO,100,0,36.4,3,37.5,0,0,0,0,,0,0,0,0,,,0,,0,,0,,0,0,0,0,0,0,0,0,,0,0,0,,0,,0,,0,,0,0,,0,0,,0,,,0,66.7,33.3,0,0,0,0,0,0,0,0,0
2024,597,Mike Evans,TB,WR,1,2,DET,10.909090909090908,7.6923076923076925,80.9,6,85.7,1,14.3,0,0.17,9,9,12.5,0,0,0,0,0,0,0,0,0,0,0,0,0,0,0,0,0,0,0,1,20,0,0,0,0,0,0,0,0,0,0,0,0,0,0,16.7,-7.45,-3.212,66.7,33.3,0,0,0,0,0,-0.01,0.01,0,0,0
2024,598,Allen Robinson,DET,WR,1,6,DAL,100,100,13.6,1,14.3,1,14.3,0,1,3,3,4.1,0,0,0,0,0,0,0,0,0,0,0,0,0,0,0,0,0,0,39.6,0,0,0,0,0,0,0,0,0,0,1,0,0,0,0,0,100,-5.45,-0.673,0,100,0,0,0,0,0,-0.02,0.02,0,-0.02,0
2024,599,Chris Manhertz,NYG,TE,1,3,CLV,100,0,39.1,1,11.1,0,0,0,0,,0,0,0,0,,,0,,0,,0,,0,0,0,0,0,0,0,0,,0,0,0,,0,,0,,0,,0,0,,0,0,,0,,,0,100,0,0,0,0,0,0,0,0,0,0
2024,600,Amari Cooper,CLV,WR,1,2,JAX,18.91891891891892,16.666666666666664,89.2,7,100,1,14.3,0,0.14,18,18,30.5,0,0,0,0,0,0,0,0,0,0,0,0.02,0,0,0,0,0,0,39.6,1,16.7,0,0,1,100,0,0,1,100,0,0,0,0,0,0,14.3,-10.9,-1.535,42.9,57.1,0,0,0,3,0,2.96,-2.96,0,0.42,3
2024,601,Amari Cooper,CLV,WR,1,3,NYG,18.91891891891892,16.666666666666664,88.9,7,100,1,14.3,0,0.14,22,22,28.6,0,0,0,0,0,0,0,0,0,0,0,0,0,0,0,0,0,0,39.6,1,16.7,0,0,0,0,1,0,0,0,0,0,0,0,0,0,14.3,-11.92,-0.925,71.4,28.6,0,0,0,0,0,0.03,-0.03,0,0,0
2024,602,Amari Cooper,CLV,WR,1,5,WAS,18.91891891891892,0,81.4,7,100,0,0,0,0,,0,0,0,0,,,0,,0,,0,,0,0,0,0,0,0,0,0,,0,0,0,,0,,0,,0,,0,0,,0,0,,0,,,85.7,14.3,0,0,0,0,0,0,0,0,0,0
2024,603,Amari Cooper,CLV,WR,1,6,PHI,13.513513513513514,16.666666666666664,81.1,5,71.4,1,14.3,0,0.2,2,2,5.3,0,0,0,0,0,0,0,0,0,0,0,0,0,0,0,0,0,0,39.6,1,16.7,0,0,1,100,0,0,0,0,0,0,0,0,0,0,20,-5.33,-1.535,60,40,0,0,0,1.7,0,1.68,-1.68,0,0.34,1.7
2024,604,Nelson Agholor,BLT,WR,1,1,KC,18.51851851851852,0,35.1,5,33.3,0,0,0,0,,0,0,0,0,,,0,,0,,0,,0,0,0,0,0,0,0,0,,0,0,0,,0,,0,,0,,0,0,,0,0,,0,,,60,40,0,0,0,0,0,0,0,0,0,0
2024,605,Nelson Agholor,BLT,WR,1,2,LV,29.629629629629626,0,54,8,66.7,0,0,0,0,,0,0,0,0,,,0,,0,,0,,0,0,0,0,0,0,0,0,,0,0,0,,0,,0,,0,,0,0,,0,0,,0,,,62.5,37.5,0,0,0,0,0,0,0,0,0,0
2024,606,Nelson Agholor,BLT,WR,1,3,DAL,14.814814814814813,0,58.3,4,66.7,0,0,0,0,,0,0,0,0,,,0,,0,,0,,0,0,0,0,0,0,0,0,,0,0,0,,0,,0,,0,,0,0,,0,0,,0,,,50,50,0,0,0,0,0,0,0,0,0,0
2024,607,Nelson Agholor,BLT,WR,1,5,CIN,14.814814814814813,40,48.1,4,33.3,2,16.7,0,0.5,20.5,41,25.8,0,0,0,0,0,0,0,0,0,0,0,0,0,0,0,0,0,0,39.6,2,22.2,0,0,1,50,1,0,0,0,1,0,0,0,0,0,50,-10.79,-0.585,50,50,0,0,0,1.9,0,1.9,-1.9,0,0.47,1.9
2024,608,MyCole Pruitt,PIT,TE,1,1,ATL,50,0,59.1,1,12.5,0,0,0,0,,0,0,0,0,,,0,,0,,0,,0,0,0,0,0,0,0,0,,0,0,0,,0,,0,,0,,0,0,,0,0,,0,,,0,100,0,0,0,0,0,0,0,0,0,0
2024,609,MyCole Pruitt,PIT,TE,1,2,DEN,50,0,41.4,1,16.7,0,0,0,0,,0,0,0,0,,,0,,0,,0,,0,0,0,0,0,0,0,0,,0,0,0,,0,,0,,0,,0,0,,0,0,,0,,,0,0,100,0,0,0,0,0,0,0,0,0
2024,610,Jamison Crowder,WAS,WR,1,3,CIN,50,0,15.8,1,11.1,0,0,0,0,,0,0,0,0,,,0,,0,,0,,0,0,0,0,0,0,0,0,,0,0,0,,0,,0,,0,,0,0,,0,0,,0,,,0,100,0,0,0,0,0,0,0,0,0,0
2024,611,Chris Conley,SF,WR,1,1,NYJ,40,0,40,2,15.4,0,0,0,0,,0,0,0,0,,,0,,0,,0,,0,0,0,0,0,0,0,0,,0,0,0,,0,,0,,0,,0,0,,0,0,,0,,,100,0,0,0,0,0,0,0,0,0,0,0
2024,612,Chris Conley,SF,WR,1,2,MIN,20,0,11.9,1,10,0,0,0,0,,0,0,0,0,,,0,,0,,0,,0,0,0,0,0,0,0,0,,0,0,0,,0,,0,,0,,0,0,,0,0,,0,,,100,0,0,0,0,0,0,0,0,0,0,0
2024,613,Chris Conley,SF,WR,1,3,LA,40,0,29.2,2,20,0,0,0,0,,0,0,0,0,,,0,,0,,0,,0,0,0,0,0,0,0,0,,0,0,0,,0,,0,,0,,0,0,,0,0,,0,,,50,50,0,0,0,0,0,0,0,0,0,0
2024,614,Geoff Swaim,CLV,TE,1,3,NYG,33.33333333333333,0,15.9,1,14.3,0,0,0,0,,0,0,0,0,,,0,,0,,0,,0,0,0,0,0,0,0,0,,0,0,0,,0,,0,,0,,0,0,,0,0,,0,,,0,0,100,0,0,0,0,0,0,0,0,0
2024,615,Geoff Swaim,CLV,TE,1,4,LV,66.66666666666666,0,42.1,2,33.3,0,0,0,0,,0,0,0,0,,,0,,0,,0,,0,0,0,0,0,0,0,0,,0,0,0,,0,,0,,0,,0,0,,0,0,,0,,,0,50,50,0,0,0,0,0,0,0,0,0
2024,616,Sterling Shepard,TB,WR,1,4,PHI,29.166666666666668,0,63.5,7,46.7,0,0,0,0,,0,0,0,0,,,0,,0,,0,,0,0,0,0,0,0,0,0,,0,0,0,,0,,0,,0,,0,0,,0,0,,0,,,100,0,0,0,0,0,0,0,0,0,0,0
2024,617,Sterling Shepard,TB,WR,1,5,ATL,16.666666666666664,100,66.7,4,57.1,1,14.3,0,0.25,39,39,45.9,0,0,0,0,0,0,0,0,0,0,0,0,0,0,0,0,0,0,39.6,1,16.7,0,0,0,0,1,0,0,0,0,0,0,0,0,0,25,-14.89,-0.557,75,25,0,0,0,-0.1,0,-0.07,0.07,0,-0.02,-0.1
2024,618,Sterling Shepard,TB,WR,1,6,NO,54.166666666666664,0,75,13,81.3,0,0,0,0,,0,0,0,0,,,0,,0,,0,,0,0,0,0,0,0,0,0,,0,0,0,,0,,0,,0,,0,0,,0,0,,0,,,100,0,0,0,0,0,0,0,0,0,0,0
2024,619,Austin Hooper,NE,TE,1,1,CIN,23.076923076923077,0,54.7,3,60,0,0,0,0,,0,0,0,0,,,0,,0,,0,,0,0,0,0,0,0,0,0,,0,0,0,,0,,0,,0,,0,0,,0,0,,0,,,33.3,0,66.7,0,0,0,0,0,0,0,0,0
2024,620,Austin Hooper,NE,TE,1,2,SEA,15.384615384615385,0,54.5,2,25,0,0,0,0,,0,0,0,0,,,0,,0,,0,,0,0,0,0,0,0,0,0,,0,0,0,,0,,0,,0,,0,0,,0,0,,0,,,100,0,0,0,0,0,0,0,0,0,0,0
2024,621,Austin Hooper,NE,TE,1,3,NYJ,38.46153846153847,60,56.3,5,41.7,3,25,0,0.6,21,63,52.5,0,0,0,0,0,0,0,0,0,0,0,0,0,0,1,0,0,0,39.6,2,20,0,0,0,0,1,0,0,0,0,0,0,0,0,0,50,-6.71,-0.349,20,80,0,0,0,0,0,0.01,-0.01,0,0,0
2024,622,Austin Hooper,NE,TE,1,5,MIA,15.384615384615385,20,43.6,2,16.7,1,8.3,0,0.5,8,8,4.4,0,0,0,0,0,0,0,0,0,0,0,0,0,1,0,0,0,0,39.6,1,9.1,0,0,0,0,0,0,0,0,0,0,0,0,0,0,33.3,-7.72,-1.259,0,50,50,0,0,0,0,-0.02,0.02,0,-0.01,0
2024,623,Austin Hooper,NE,TE,1,6,HST,7.6923076923076925,20,57.1,1,11.1,1,11.1,0,1,5,5,7.7,0,0,0,0,0,0,0,0,0,0,0,0,0,0,0,0,0,0,39.6,1,12.5,0,0,0,0,0,0,0,0,0,0,0,0,0,0,100,-6.48,-0.791,0,100,0,0,0,0,0,0.01,-0.01,0,0.01,0
2024,624,Nick Vannett,TEN,TE,1,2,NYJ,33.33333333333333,0,26.7,1,14.3,0,0,0,0,,0,0,0,0,,,0,,0,,0,,0,0,0,0,0,0,0,0,,0,0,0,,0,,0,,0,,0,0,,0,0,,0,,,0,100,0,0,0,0,0,0,0,0,0,0
2024,625,Nick Vannett,TEN,TE,1,3,GB,33.33333333333333,0,28.3,1,10,0,0,0,0,,0,0,0,0,,,0,,0,,0,,0,0,0,0,0,0,0,0,,0,0,0,,0,,0,,0,,0,0,,0,0,,0,,,100,0,0,0,0,0,0,0,0,0,0,0
2024,626,Nick Vannett,TEN,TE,1,6,IND,33.33333333333333,0,34.5,1,16.7,0,0,0,0,,0,0,0,0,,,0,,0,,0,,0,0,0,0,0,0,0,0,,0,0,0,,0,,0,,0,,0,0,,0,0,,0,,,0,0,100,0,0,0,0,0,0,0,0,0
2024,627,Chris Moore,ARZ,WR,1,1,BUF,25,0,1.7,1,7.7,0,0,0,0,,0,0,0,0,,,0,,0,,0,,0,0,0,0,0,0,0,0,,0,0,0,,0,,0,,0,,0,0,,0,0,,0,,,0,100,0,0,0,0,0,0,0,0,0,0
2024,628,Chris Moore,ARZ,WR,1,3,DET,50,0,3.8,2,12.5,0,0,0,0,,0,0,0,0,,,0,,0,,0,,0,0,0,0,0,0,0,0,,0,0,0,,0,,0,,0,,0,0,,0,0,,0,,,50,50,0,0,0,0,0,0,0,0,0,0
2024,629,Chris Moore,ARZ,WR,1,4,WAS,25,0,10.3,1,8.3,0,0,0,0,,0,0,0,0,,,0,,0,,0,,0,0,0,0,0,0,0,0,,0,0,0,,0,,0,,0,,0,0,,0,0,,0,,,100,0,0,0,0,0,0,0,0,0,0,0
2024,630,Kalif Raymond,DET,WR,1,1,LA,17.647058823529413,0,60.7,3,50,0,0,0,0,,0,0,0,0,,,0,,0,,0,,0,0,0,0,0,0,0,0,,0,0,0,,0,,0,,0,,0,0,,0,0,,0,,,100,0,0,0,0,0,0,0,0,0,0,0
2024,631,Kalif Raymond,DET,WR,1,3,ARZ,5.88235294117647,0,7.4,1,20,0,0,0,0,,0,0,0,0,,,0,,0,,0,,0,0,0,0,0,0,0,0,,0,0,0,,0,,0,,0,,0,0,,0,0,,0,,,100,0,0,0,0,0,0,0,0,0,0,0
2024,632,Robbie Chosen,MIA,WR,1,1,JAX,22.22222222222222,0,16.9,2,14.3,0,0,0,0,,0,0,0,0,,,0,,0,,0,,0,0,0,0,0,0,0,0,,0,0,0,,0,,0,,0,,0,0,,0,0,,0,,,50,50,0,0,0,0,0,0,0,0,0,0
2024,633,Demarcus Robinson,LA,WR,1,3,SF,10.526315789473683,0,90.9,6,100,0,0,0,0,,0,0,0,0,,,0,,0,,0,,0,0,0,0,0,0,0,0,,0,0,0,,0,,0,,0,,0,0,,0,0,,0,,,83.3,16.7,0,0,0,0,0,0,0,0,0,0
2024,634,Demarcus Robinson,LA,WR,1,5,GB,28.07017543859649,11.11111111111111,97.4,16,94.1,1,5.9,0,0.06,21,21,25,0,0,0,0,0,0,0,0,0,0,0,0,0,0,0,0,0,0,39.6,1,8.3,0,0,0,0,1,0,0,0,0,0,0,0,0,0,5.9,-11.24,-0.912,75,25,0,0,0,0,0,0.03,-0.03,0,0,0
2024,635,Hunter Henry,NE,TE,1,6,HST,17.5,0,71.4,7,77.8,0,0,0,0,,0,0,0,0,,,0,,0,,0,,0,0,0,0,0,0,0,0,,0,0,0,,0,,0,,0,,0,0,,0,0,,0,,,0,57.1,42.9,0,0,0,0,0,0,0,0,0
2024,636,Mo Alie-Cox,IND,TE,1,1,HST,7.142857142857142,25,41.9,1,25,1,25,0,1,9,9,17.6,0,0,0,0,0,0,0,0,0,0,0,0,0,1,1,0,0,0,39.6,1,25,0,0,0,0,0,0,0,0,0,0,0,0,0,0,33.3,-7.26,-0.503,0,100,0,0,0,0,0,0.02,-0.02,0,0.02,0
2024,637,Mo Alie-Cox,IND,TE,1,2,GB,7.142857142857142,0,34,1,6.7,0,0,0,0,,0,0,0,0,,,0,,0,,0,,0,0,0,0,0,0,0,0,,0,0,0,,0,,0,,0,,0,0,,0,0,,0,,,0,0,100,0,0,0,0,0,0,0,0,0
2024,638,Mo Alie-Cox,IND,TE,1,3,CHI,7.142857142857142,0,55.6,1,14.3,0,0,0,0,,0,0,0,0,,,0,,0,,0,,0,0,0,0,0,0,0,0,,0,0,0,,0,,0,,0,,0,0,,0,0,,0,,,0,0,100,0,0,0,0,0,0,0,0,0
2024,639,Mo Alie-Cox,IND,TE,1,4,PIT,28.57142857142857,0,46.9,4,33.3,0,0,0,0,,0,0,0,0,,,0,,0,,0,,0,0,0,0,0,0,0,0,,0,0,0,,0,,0,,0,,0,0,,0,0,,0,,,0,0,100,0,0,0,0,0,0,0,0,0
2024,640,Johnny Mundt,MIN,TE,1,1,NYG,18.75,0,52.9,6,100,0,0,0,0,,0,0,0,0,,,0,,0,,0,,0,0,0,0,0,0,0,0,,0,0,0,,0,,0,,0,,0,0,,0,0,,0,,,33.3,33.3,33.3,0,0,0,0,0,0,0,0,0
2024,641,Johnny Mundt,MIN,TE,1,4,GB,12.5,0,59.4,4,80,0,0,0,0,,0,0,0,0,,,0,,0,,0,,0,0,0,0,0,0,0,0,,0,0,0,,0,,0,,0,,0,0,,0,0,,0,,,50,0,50,0,0,0,0,0,0,0,0,0
2024,642,Zach Pascal,ARZ,WR,1,5,SF,33.33333333333333,0,17.5,1,14.3,0,0,0,0,,0,0,0,0,,,0,,0,,0,,0,0,0,0,0,0,0,0,,0,0,0,,0,,0,,0,,0,0,,0,0,,0,,,100,0,0,0,0,0,0,0,0,0,0,0
2024,643,Zach Pascal,ARZ,WR,1,6,GB,66.66666666666666,0,14.5,2,15.4,0,0,0,0,,0,0,0,0,,,0,,0,,0,,0,0,0,0,0,0,0,0,,0,0,0,,0,,0,,0,,0,0,,0,0,,0,,,100,0,0,0,0,0,0,0,0,0,0,0
2024,644,Curtis Samuel,BUF,WR,1,5,HST,50,25,57.6,11,84.6,2,15.4,0,0.18,7.5,15,6.3,0,0,0,0,1,50,3,3,0,0,0,0,0,0,0,0,0,0,56.3,1,14.3,1,50,1,50,0,0,0,0,0,0,0,0,0,0,18.2,-7.92,-0.922,18.2,81.8,0,0,1,1.7,1,1.72,-0.72,0.09,0.16,1.7
2024,645,Kendrick Bourne,NE,WR,1,5,MIA,42.857142857142854,0,27.3,3,25,0,0,0,0,,0,0,0,0,,,0,,0,,0,,0,0,0,0,0,0,0,0,,0,0,0,,0,,0,,0,,0,0,,0,0,,0,,,33.3,66.7,0,0,0,0,0,0,0,0,0,0
2024,646,Kendrick Bourne,NE,WR,1,6,HST,57.14285714285714,0,54,4,44.4,0,0,0,0,,0,0,0,0,,,0,,0,,0,,0,0,0,0,0,0,0,0,,0,0,0,,0,,0,,0,,0,0,,0,0,,0,,,100,0,0,0,0,0,0,0,0,0,0,0
2024,647,Taysom Hill,NO,TE,1,1,CAR,66.66666666666666,100,32.3,2,28.6,1,14.3,0,0.5,30,30,54.5,0,0,0,0,0,0,0,0,0,0,0,0.44,0,0,1,0,0,0,39.6,1,14.3,0,0,1,100,1,0,1,100,1,0,0,0,0,0,50,-13.23,-0.485,0,50,0,50,0,4.3,0,4.3,-4.3,0,2.15,4.3
2024,648,Taysom Hill,NO,TE,1,4,ATL,33.33333333333333,0,21.4,1,7.1,0,0,0,0,,0,0,0,0,,,0,,0,,0,,0,0,0,0,0,0,0,0,,0,0,0,,0,,0,,0,,0,0,,0,0,,0,,,100,0,0,0,0,0,0,0,0,0,0,0
2024,649,Tim Patrick,DET,WR,1,4,SEA,25,0,42,3,50,0,0,0,0,,0,0,0,0,,,0,,0,,0,,0,0,0,0,0,0,0,0,,0,0,0,,0,,0,,0,,0,0,,0,0,,0,,,66.7,33.3,0,0,0,0,0,0,0,0,0,0
2024,650,Tim Patrick,DET,WR,1,6,DAL,16.666666666666664,0,43.9,2,28.6,0,0,0,0,,0,0,0,0,,,0,,0,,0,,0,0,0,0,0,0,0,0,,0,0,0,,0,,0,,0,,0,0,,0,0,,0,,,50,50,0,0,0,0,0,0,0,0,0,0
2024,651,Pharaoh Brown,SEA,TE,1,4,DET,28.57142857142857,0,32.1,2,10.5,0,0,0,0,,0,0,0,0,,,0,,0,,0,,0,0,0,0,0,0,0,0,,0,0,0,,0,,0,,0,,0,0,,0,0,,0,,,0,0,100,0,0,0,0,0,0,0,0,0
2024,652,Pharaoh Brown,SEA,TE,1,6,SF,14.285714285714285,0,13.7,1,5.6,0,0,0,0,,0,0,0,0,,,0,,0,,0,,0,0,0,0,0,0,0,0,,0,0,0,,0,,0,,0,,0,0,,0,0,,0,,,0,0,100,0,0,0,0,0,0,0,0,0
2024,653,John Ross,PHI,WR,1,4,TB,100,0,19.6,1,14.3,0,0,0,0,,0,0,0,0,,,0,,0,,0,,0,0,0,0,0,0,0,0,,0,0,0,,0,,0,,0,,0,0,,0,0,,0,,,100,0,0,0,0,0,0,0,0,0,0,0
2024,654,Mike Williams,NYJ,WR,1,1,SF,2.5,0,18.4,1,14.3,0,0,0,0,,0,0,0,0,,,0,,0,,0,,0,0,0,0,0,0,0,0,,0,0,0,,0,,0,,0,,0,0,,0,0,,0,,,100,0,0,0,0,0,0,0,0,0,0,0
2024,655,Mike Williams,NYJ,WR,1,2,TEN,15,0,64.3,6,60,0,0,0,0,,0,0,0,0,,,0,,0,,0,,0,0,0,0,0,0,0,0,,0,0,0,,0,,0,,0,,0,0,,0,0,,0,,,83.3,16.7,0,0,0,0,0,0,0,0,0,0
2024,656,Mike Williams,NYJ,WR,1,3,NE,7.5,0,44.3,3,37.5,0,0,0,0,,0,0,0,0,,,0,,0,,0,,0,0,0,0,0,0,0,0,,0,0,0,,0,,0,,0,,0,0,,0,0,,0,,,100,0,0,0,0,0,0,0,0,0,0,0
2024,657,Mike Williams,NYJ,WR,1,6,BUF,15,33.33333333333333,52.5,6,66.7,1,11.1,0,0.17,5,5,4.5,0,0,0,0,0,0,0,0,0,0,0,0,0,0,0,0,0,0,39.6,1,12.5,0,0,1,100,0,0,1,100,0,0,0,0,0,0,14.3,-6.36,-0.512,66.7,33.3,0,0,0,1.8,0,1.77,-1.77,0,0.3,1.8
2024,658,Mack Hollins,BUF,WR,1,2,MIA,9.375,0,71.1,3,42.9,0,0,0,0,,0,0,0,0,,,0,,0,,0,,0,0,0,0,0,0,0,0,,0,0,0,,0,,0,,0,,0,0,,0,0,,0,,,100,0,0,0,0,0,0,0,0,0,0,0
2024,659,Mack Hollins,BUF,WR,1,3,JAX,18.75,0,71.7,6,50,0,0,0,0,,0,0,0,0,,,0,,0,,0,,0,0,0,0,0,0,0,0,,0,0,0,,0,,0,,0,,0,0,,0,0,,0,,,100,0,0,0,0,0,0,0,0,0,0,0
2024,660,Mack Hollins,BUF,WR,1,4,BLT,21.875,0,61.4,7,77.8,0,0,0,0,,0,0,0,0,,,0,,0,,0,,0,0,0,0,0,0,0,0,,0,0,0,,0,,0,,0,,0,0,,0,0,,0,,,85.7,14.3,0,0,0,0,0,0,0,0,0,0
2024,661,Eric Saubert,SF,TE,1,1,NYJ,7.6923076923076925,0,27.1,1,7.7,0,0,0,0,,0,0,0,0,,,0,,0,,0,,0,0,0,0,0,0,0,0,,0,0,0,,0,,0,,0,,0,0,,0,0,,0,,,0,0,100,0,0,0,0,0,0,0,0,0
2024,662,Eric Saubert,SF,TE,1,4,NE,15.384615384615385,0,28.3,2,18.2,0,0,0,0,,0,0,0,0,,,0,,0,,0,,0,0,0,0,0,0,0,0,,0,0,0,,0,,0,,0,,0,0,,0,0,,0,,,0,0,100,0,0,0,0,0,0,0,0,0
2024,663,David Moore,CAR,WR,1,1,NO,18.181818181818183,0,30.9,2,25,0,0,0,0,,0,0,0,0,,,0,,0,,0,,0,0,0,0,0,0,0,0,,0,0,0,,0,,0,,0,,0,0,,0,0,,0,,,50,50,0,0,0,0,0,0,0,0,0,0
2024,664,David Moore,CAR,WR,1,3,LV,9.090909090909092,0,27.1,1,7.7,0,0,0,0,,0,0,0,0,,,0,,0,,0,,0,0,0,0,0,0,0,0,,0,0,0,,0,,0,,0,,0,0,,0,0,,0,,,100,0,0,0,0,0,0,0,0,0,0,0
2024,665,David Moore,CAR,WR,1,4,CIN,9.090909090909092,0,12.9,1,10,0,0,0,0,,0,0,0,0,,,0,,0,,0,,0,0,0,0,0,0,0,0,,0,0,0,,0,,0,,0,,0,0,,0,0,,0,,,0,100,0,0,0,0,0,0,0,0,0,0
2024,666,Noah Brown,WAS,WR,1,6,BLT,21.052631578947366,0,66.1,4,80,0,0,0,0,,0,0,0,0,,,0,,0,,0,,0,0,0,0,0,0,0,0,,0,0,0,,0,,0,,0,,0,0,,0,0,,0,,,100,0,0,0,0,0,0,0,0,0,0,0
2024,667,JuJu Smith-Schuster,KC,WR,1,1,BLT,15.789473684210526,25,22,3,30,1,10,0,0.33,13,13,17.8,0,0,0,0,0,0,0,0,0,0,0,0.15,0,1,1,0,0,0,39.6,1,11.1,0,0,1,100,0,0,0,0,1,0,0,0,0,0,33.3,-8.91,-0.956,66.7,33.3,0,0,0,2.2,0,2.19,-2.19,0,0.73,2.2
2024,668,JuJu Smith-Schuster,KC,WR,1,2,CIN,5.263157894736842,0,18.6,1,20,0,0,0,0,,0,0,0,0,,,0,,0,,0,,0,0,0,0,0,0,0,0,,0,0,0,,0,,0,,0,,0,0,,0,0,,0,,,100,0,0,0,0,0,0,0,0,0,0,0
2024,669,JuJu Smith-Schuster,KC,WR,1,4,LAC,21.052631578947366,0,51.7,4,50,0,0,0,0,,0,0,0,0,,,0,,0,,0,,0,0,0,0,0,0,0,0,,0,0,0,,0,,0,,0,,0,0,,0,0,,0,,,75,25,0,0,0,0,0,0,0,0,0,0
2024,670,Jonnu Smith,MIA,TE,1,4,TEN,15.151515151515152,0,42.6,5,45.5,0,0,0,0,,0,0,0,0,,,0,,0,,0,,0,0,0,0,0,0,0,0,,0,0,0,,0,,0,,0,,0,0,,0,0,,0,,,60,20,0,20,0,0,0,0,0,0,0,0
2024,671,David Njoku,CLV,TE,1,5,WAS,23.076923076923077,16.666666666666664,42.4,3,42.9,1,14.3,0,0.33,19,19,29.2,0,0,0,0,0,0,0,0,0,0,0,0,0,0,0,0,0,0,39.6,0,0,0,0,0,0,0,0,0,0,0,0,0,0,0,0,33.3,-10.6,-0.978,33.3,66.7,0,0,0,0,0,0.02,-0.02,0,0.01,0
2024,672,Gerald Everett,CHI,TE,1,1,TEN,37.5,0,60.4,6,66.7,0,0,0,0,,0,0,0,0,,,0,,0,,0,,0,0,0,0,0,0,0,0,,0,0,0,,0,,0,,0,,0,0,,0,0,,0,,,33.3,66.7,0,0,0,0,0,0,0,0,0,0
2024,673,Gerald Everett,CHI,TE,1,3,IND,25,0,33.3,4,19,0,0,0,0,,0,0,0,0,,,0,,0,,0,,0,0,0,0,0,0,0,0,,0,0,0,,0,,0,,0,,0,0,,0,0,,0,,,25,25,50,0,0,0,0,0,0,0,0,0
2024,674,Gerald Everett,CHI,TE,1,4,LA,6.25,0,33.3,1,33.3,0,0,0,0,,0,0,0,0,,,0,,0,,0,,0,0,0,0,0,0,0,0,,0,0,0,,0,,0,,0,,0,0,,0,0,,0,,,0,100,0,0,0,0,0,0,0,0,0,0
2024,675,Gerald Everett,CHI,TE,1,6,JAX,12.5,0,27.9,2,28.6,0,0,0,0,,0,0,0,0,,,0,,0,,0,,0,0,0,0,0,0,0,0,,0,0,0,,0,,0,,0,,0,0,,0,0,,0,,,100,0,0,0,0,0,0,0,0,0,0,0
2024,676,Josh Reynolds,DEN,WR,1,3,TB,11.538461538461538,0,50,3,50,0,0,0,0,,0,0,0,0,,,0,,0,,0,,0,0,0,0,0,0,0,0,,0,0,0,,0,,0,,0,,0,0,,0,0,,0,,,100,0,0,0,0,0,0,0,0,0,0,0
2024,677,Josh Reynolds,DEN,WR,1,4,NYJ,7.6923076923076925,0,41.1,2,100,0,0,0,0,,0,0,0,0,,,0,,0,,0,,0,0,0,0,0,0,0,0,,0,0,0,,0,,0,,0,,0,0,,0,0,,0,,,100,0,0,0,0,0,0,0,0,0,0,0
2024,678,Josh Reynolds,DEN,WR,1,5,LV,7.6923076923076925,25,48.3,2,40,1,20,0,0.5,5,5,6.5,0,0,0,0,0,0,0,0,0,0,0,0,0,0,0,0,0,0,39.6,1,33.3,0,0,0,0,0,0,0,0,0,0,0,0,0,0,33.3,-6.36,-0.791,50,50,0,0,0,0,0,0.01,-0.01,0,0.01,0
2024,679,Will Dissly,LAC,TE,1,1,LV,10,0,42.6,1,10,0,0,0,0,,0,0,0,0,,,0,,0,,0,,0,0,0,0,0,0,0,0,,0,0,0,,0,,0,,0,,0,0,,0,0,,0,,,0,0,100,0,0,0,0,0,0,0,0,0
2024,680,Will Dissly,LAC,TE,1,3,PIT,20,0,51.1,2,40,0,0,0,0,,0,0,0,0,,,0,,0,,0,,0,0,0,0,0,0,0,0,,0,0,0,,0,,0,,0,,0,0,,0,0,,0,,,0,50,50,0,0,0,0,0,0,0,0,0
2024,681,Will Dissly,LAC,TE,1,4,KC,10,0,37.7,1,12.5,0,0,0,0,,0,0,0,0,,,0,,0,,0,,0,0,0,0,0,0,0,0,,0,0,0,,0,,0,,0,,0,0,,0,0,,0,,,0,0,100,0,0,0,0,0,0,0,0,0
2024,682,Will Dissly,LAC,TE,1,6,DEN,40,0,66.7,4,57.1,0,0,0,0,,0,0,0,0,,,0,,0,,0,,0,0,0,0,0,0,0,0,,0,0,0,,0,,0,,0,,0,0,,0,0,,0,,,75,0,25,0,0,0,0,0,0,0,0,0
2024,683,Tyler Conklin,NYJ,TE,1,1,SF,10.638297872340425,11.11111111111111,89.8,5,71.4,1,14.3,0,0.2,4,4,6.2,0,0,0,0,0,0,0,0,0,0,0,0,0,0,0,0,0,0,39.6,0,0,0,0,0,0,0,0,0,0,0,0,0,0,0,0,14.3,-6.07,-1.334,60,40,0,0,0,0,0,0.01,-0.01,0,0,0
2024,684,Tyler Conklin,NYJ,TE,1,2,TEN,17.02127659574468,0,92.9,8,80,0,0,0,0,,0,0,0,0,,,0,,0,,0,,0,0,0,0,0,0,0,0,,0,0,0,,0,,0,,0,,0,0,,0,0,,0,,,25,37.5,37.5,0,0,0,0,0,0,0,0,0
2024,685,Marquez Valdes-Scantling,BUF,WR,1,3,JAX,38.46153846153847,50,75,5,41.7,1,8.3,0,0.2,10,10,33.3,0,0,0,0,0,0,0,0,0,0,0,0.07,0,0,0,0,0,0,39.6,1,12.5,0,0,1,100,0,0,0,0,1,0,0,0,0,0,12.5,-7.5,-0.491,80,20,0,0,0,2.5,0,2.47,-2.47,0,0.49,2.5
2024,686,Marquez Valdes-Scantling,BUF,WR,1,4,BLT,30.76923076923077,0,40.4,4,44.4,0,0,0,0,,0,0,0,0,,,0,,0,,0,,0,0,0,0,0,0,0,0,,0,0,0,,0,,0,,0,,0,0,,0,0,,0,,,75,25,0,0,0,0,0,0,0,0,0,0
2024,687,Marquez Valdes-Scantling,BUF,WR,1,5,HST,30.76923076923077,50,44.1,4,30.8,1,7.7,0,0.25,3,3,1.3,0,0,0,0,0,0,0,0,0,0,0,0,0,0,0,0,0,0,39.6,0,0,0,0,0,0,0,0,0,0,0,0,0,0,0,0,20,-5.45,-1.486,50,50,0,0,0,0,0,-0.01,0.01,0,0,0
2024,688,Courtland Sutton,DEN,WR,1,2,PIT,28.947368421052634,16.666666666666664,89.3,11,91.7,1,8.3,0,0.09,15,15,12.3,0,0,0,0,0,0,0,0,0,0,0,0,0,1,1,0,0,0,0,1,9.1,0,0,0,0,0,0,0,0,0,0,0,0,0,0,8.3,-10.41,-6.077,90.9,9.1,0,0,0,0,0,-0.01,0.01,0,0,0
2024,689,Courtland Sutton,DEN,WR,1,3,TB,10.526315789473683,0,71.9,4,66.7,0,0,0,0,,0,0,0,0,,,0,,0,,0,,0,0,0,0,0,0,0,0,,0,0,0,,0,,0,,0,,0,0,,0,0,,0,,,75,25,0,0,0,0,0,0,0,0,0,0
2024,690,Courtland Sutton,DEN,WR,1,5,LV,7.894736842105263,16.666666666666664,81,3,60,1,20,0,0.33,6,6,7.8,0,0,0,0,0,0,0,0,0,0,0,0,0,0,0,0,0,0,39.6,1,33.3,0,0,1,100,0,0,0,0,1,0,0,0,0,0,25,-6.95,-1.567,66.7,33.3,0,0,0,0.9,0,0.92,-0.92,0,0.31,0.9
2024,691,Courtland Sutton,DEN,WR,1,6,LAC,23.684210526315788,0,88.7,9,90,0,0,0,0,,0,0,0,0,,,0,,0,,0,,0,0,0,0,0,0,0,0,,0,0,0,,0,,0,,0,,0,0,,0,0,,0,,,100,0,0,0,0,0,0,0,0,0,0,0
2024,692,Dallas Goedert,PHI,TE,1,6,CLV,3.8461538461538463,10,4.8,1,14.3,1,14.3,0,1,12,12,21.4,0,0,0,0,0,0,0,0,0,0,0,0,0,0,0,0,0,0,39.6,1,14.3,0,0,0,0,0,0,0,0,0,0,0,0,0,0,100,-8.67,-1.486,0,100,0,0,0,0,0,-0.01,0.01,0,-0.01,0
2024,693,Jordan Akins,CLV,TE,1,2,JAX,16.666666666666664,0,47.7,3,42.9,0,0,0,0,,0,0,0,0,,,0,,0,,0,,0,0,0,0,0,0,0,0,,0,0,0,,0,,0,,0,,0,0,,0,0,,0,,,0,66.7,33.3,0,0,0,0,0,0,0,0,0
2024,694,Jordan Akins,CLV,TE,1,4,LV,16.666666666666664,0,47.4,3,50,0,0,0,0,,0,0,0,0,,,0,,0,,0,,0,0,0,0,0,0,0,0,,0,0,0,,0,,0,,0,,0,0,,0,0,,0,,,66.7,33.3,0,0,0,0,0,0,0,0,0,0
2024,695,Ian Thomas,CAR,TE,1,6,ATL,100,0,33.9,1,6.3,0,0,0,0,,0,0,0,0,,,0,,0,,0,,0,0,0,0,0,0,0,0,,0,0,0,,0,,0,,0,,0,0,,0,0,,0,,,0,0,100,0,0,0,0,0,0,0,0,0
2024,696,Dalton Schultz,HST,TE,1,3,MIN,21.052631578947366,0,95.2,8,66.7,0,0,0,0,,0,0,0,0,,,0,,0,,0,,0,0,0,0,0,0,0,0,,0,0,0,,0,,0,,0,,0,0,,0,0,,0,,,0,12.5,62.5,25,0,0,0,0,0,0,0,0
2024,697,Dalton Schultz,HST,TE,1,6,NE,13.157894736842104,22.22222222222222,85.5,5,83.3,2,33.3,0,0.4,-1,-2,-3.3,0,0,0,0,0,0,0,0,0,0,0,0.01,0,0,0,0,0,0,39.6,2,33.3,0,0,1,50,0,0,1,50,0,0,0,0,0,0,33.3,-6.59,-1.068,0,60,40,0,0,1.7,0,1.7,-1.7,0,0.34,1.7
2024,698,Justin Watson,KC,WR,1,1,BLT,17.391304347826086,0,52,4,40,0,0,0,0,,0,0,0,0,,,0,,0,,0,,0,0,0,0,0,0,0,0,,0,0,0,,0,,0,,0,,0,0,,0,0,,0,,,75,25,0,0,0,0,0,0,0,0,0,0
2024,699,Justin Watson,KC,WR,1,2,CIN,8.695652173913043,0,44.1,2,40,0,0,0,0,,0,0,0,0,,,0,,0,,0,,0,0,0,0,0,0,0,0,,0,0,0,,0,,0,,0,,0,0,,0,0,,0,,,50,50,0,0,0,0,0,0,0,0,0,0
2024,700,Justin Watson,KC,WR,1,5,NO,13.043478260869565,0,71.3,3,25,0,0,0,0,,0,0,0,0,,,0,,0,,0,,0,0,0,0,0,0,0,0,,0,0,0,,0,,0,,0,,0,0,,0,0,,0,,,66.7,33.3,0,0,0,0,0,0,0,0,0,0
2024,701,Cedrick Wilson,NO,WR,1,1,CAR,22.22222222222222,0,43.5,2,28.6,0,0,0,0,,0,0,0,0,,,0,,0,,0,,0,0,0,0,0,0,0,0,,0,0,0,,0,,0,,0,,0,0,,0,0,,0,,,50,50,0,0,0,0,0,0,0,0,0,0
2024,702,Cedrick Wilson,NO,WR,1,3,PHI,11.11111111111111,0,43.6,1,12.5,0,0,0,0,,0,0,0,0,,,0,,0,,0,,0,0,0,0,0,0,0,0,,0,0,0,,0,,0,,0,,0,0,,0,0,,0,,,100,0,0,0,0,0,0,0,0,0,0,0
2024,703,Cedrick Wilson,NO,WR,1,4,ATL,11.11111111111111,0,17.1,1,7.1,0,0,0,0,,0,0,0,0,,,0,,0,,0,,0,0,0,0,0,0,0,0,,0,0,0,,0,,0,,0,,0,0,,0,0,,0,,,100,0,0,0,0,0,0,0,0,0,0,0
2024,704,Cedrick Wilson,NO,WR,1,5,KC,11.11111111111111,0,23.5,1,12.5,0,0,0,0,,0,0,0,0,,,0,,0,,0,,0,0,0,0,0,0,0,0,,0,0,0,,0,,0,,0,,0,0,,0,0,,0,,,0,100,0,0,0,0,0,0,0,0,0,0
2024,705,Braxton Berrios,MIA,WR,1,1,JAX,17.391304347826086,100,33.8,4,28.6,1,7.1,0,0.25,8,8,8.8,0,0,0,0,0,0,0,0,0,0,0,0,0,0,0,0,0,0,39.6,1,7.1,0,0,1,100,0,0,0,0,1,0,0,0,0,0,16.7,-7.51,-2.252,75,25,0,0,0,1.4,0,1.37,-1.37,0,0.34,1.4
2024,706,Braxton Berrios,MIA,WR,1,2,BUF,43.47826086956522,0,45.3,10,55.6,0,0,0,0,,0,0,0,0,,,0,,0,,0,,0,0,0,0,0,0,0,0,,0,0,0,,0,,0,,0,,0,0,,0,0,,0,,,40,60,0,0,0,0,0,0,0,0,0,0
2024,707,Braxton Berrios,MIA,WR,1,3,SEA,13.043478260869565,0,26.8,3,27.3,0,0,0,0,,0,0,0,0,,,0,,0,,0,,0,0,0,0,0,0,0,0,,0,0,0,,0,,0,,0,,0,0,,0,0,,0,,,33.3,66.7,0,0,0,0,0,0,0,0,0,0
2024,708,Braxton Berrios,MIA,WR,1,4,TEN,17.391304347826086,0,25.9,4,36.4,0,0,0,0,,0,0,0,0,,,0,,0,,0,,0,0,0,0,0,0,0,0,,0,0,0,,0,,0,,0,,0,0,,0,0,,0,,,25,75,0,0,0,0,0,0,0,0,0,0
2024,709,Braxton Berrios,MIA,WR,1,5,NE,8.695652173913043,0,20,2,22.2,0,0,0,0,,0,0,0,0,,,0,,0,,0,,0,0,0,0,0,0,0,0,,0,0,0,,0,,0,,0,,0,0,,0,0,,0,,,50,50,0,0,0,0,0,0,0,0,0,0
2024,710,Trent Sherfield,MIN,WR,1,1,NYG,20,0,31.4,1,16.7,0,0,0,0,,0,0,0,0,,,0,,0,,0,,0,0,0,0,0,0,0,0,,0,0,0,,0,,0,,0,,0,0,,0,0,,0,,,100,0,0,0,0,0,0,0,0,0,0,0
2024,711,Allen Lazard,NYJ,WR,1,3,NE,12.5,0,84.3,7,87.5,0,0,0,0,,0,0,0,0,,,0,,0,,0,,0,0,0,0,0,0,0,0,,0,0,0,,0,,0,,0,,0,0,,0,0,,0,,,71.4,28.6,0,0,0,0,0,0,0,0,0,0
2024,712,Brandon Powell,MIN,WR,1,1,NYG,13.043478260869565,0,56.9,3,50,0,0,0,0,,0,0,0,0,,,0,,0,,0,,0,0,0,0,0,0,0,0,,0,0,0,,0,,0,,0,,0,0,,0,0,,0,,,66.7,33.3,0,0,0,0,0,0,0,0,0,0
2024,713,Brandon Powell,MIN,WR,1,4,GB,13.043478260869565,20,29.7,3,60,1,20,0,0.33,21,21,40.4,0,0,0,0,0,0,0,0,0,0,0,0,0,0,0,0,0,0,39.6,1,25,0,0,0,0,1,0,0,0,0,0,0,0,0,0,33.3,-11.24,-1.279,66.7,33.3,0,0,0,0,0,0.02,-0.02,0,0.01,0
2024,714,Brandon Powell,MIN,WR,1,5,NYJ,4.3478260869565215,0,9.1,1,10,0,0,0,0,,0,0,0,0,,,0,,0,,0,,0,0,0,0,0,0,0,0,,0,0,0,,0,,0,,0,,0,0,,0,0,,0,,,0,100,0,0,0,0,0,0,0,0,0,0
2024,715,Mark Andrews,BLT,TE,1,3,DAL,3.125,0,33.3,1,16.7,0,0,0,0,,0,0,0,0,,,0,,0,,0,,0,0,0,0,0,0,0,0,,0,0,0,,0,,0,,0,,0,0,,0,0,,0,,,0,100,0,0,0,0,0,0,0,0,0,0
2024,716,Mark Andrews,BLT,TE,1,4,BUF,3.125,7.6923076923076925,46.3,1,20,1,20,0,1,10,10,21.7,0,0,0,0,0,0,0,0,0,0,0,0,0,0,0,0,0,0,39.6,1,20,0,0,1,100,0,0,1,100,0,0,0,0,0,0,50,-7.77,-0.479,0,100,0,0,0,2.2,0,2.22,-2.22,0,2.22,2.2
2024,717,Durham Smythe,MIA,TE,1,1,JAX,20,0,43.1,1,7.1,0,0,0,0,,0,0,0,0,,,0,,0,,0,,0,0,0,0,0,0,0,0,,0,0,0,,0,,0,,0,,0,0,,0,0,,0,,,0,100,0,0,0,0,0,0,0,0,0,0
2024,718,D.J. Moore,CHI,WR,1,1,TEN,14.583333333333334,10,86.8,7,77.8,1,11.1,0,0.14,8,8,9.9,0,0,0,0,0,0,0,0,0,0,0,0,0,0,0,0,0,0,39.6,1,12.5,0,0,0,0,0,0,0,0,0,0,0,0,0,0,12.5,-7.51,-0.55,42.9,57.1,0,0,0,0,0,0.02,-0.02,0,0,0
2024,719,D.J. Moore,CHI,WR,1,3,IND,37.5,0,95.2,18,85.7,0,0,0,0,,0,0,0,0,,,0,,0,,0,,0,0,0,0,0,0,0,0,,0,0,0,,0,,0,,0,,0,0,,0,0,,0,,,100,0,0,0,0,0,0,0,0,0,0,0
2024,720,Mike Gesicki,CIN,TE,1,4,CAR,13.88888888888889,0,32.3,5,62.5,0,0,0,0,,0,0,0,0,,,0,,0,,0,,0,0,0,0,0,0,0,0,,0,0,0,,0,,0,,0,,0,0,,0,0,,0,,,80,20,0,0,0,0,0,0,0,0,0,0
2024,721,Mike Gesicki,CIN,TE,1,6,NYG,11.11111111111111,0,36.5,4,57.1,0,0,0,0,,0,0,0,0,,,0,,0,,0,,0,0,0,0,0,0,0,0,,0,0,0,,0,,0,,0,,0,0,,0,0,,0,,,25,75,0,0,0,0,0,0,0,0,0,0
2024,722,Hayden Hurst,LAC,TE,1,6,DEN,4.545454545454546,0,8,1,14.3,0,0,0,0,,0,0,0,0,,,0,,0,,0,,0,0,0,0,0,0,0,0,,0,0,0,,0,,0,,0,,0,0,,0,0,,0,,,0,100,0,0,0,0,0,0,0,0,0,0
2024,723,Calvin Ridley,TEN,WR,1,2,NYJ,26.08695652173913,33.33333333333333,83.3,6,85.7,1,14.3,0,0.17,41,41,39.8,0,0,0,0,0,0,0,0,0,0,0,0.23,0,0,0,0,0,0,39.6,1,14.3,0,0,1,100,1,0,1,100,0,0,0,0,0,0,16.7,-15,-1.449,66.7,33.3,0,0,0,5.7,0,5.69,-5.69,0,0.95,5.7
2024,724,Calvin Ridley,TEN,WR,1,3,GB,21.73913043478261,0,71.7,5,50,0,0,0,0,,0,0,0,0,,,0,,0,,0,,0,0,0,0,0,0,0,0,,0,0,0,,0,,0,,0,,0,0,,0,0,,0,,,80,20,0,0,0,0,0,0,0,0,0,0
2024,725,Calvin Ridley,TEN,WR,1,4,MIA,8.695652173913043,0,58.1,2,66.7,0,0,0,0,,0,0,0,0,,,0,,0,,0,,0,0,0,0,0,0,0,0,,0,0,0,,0,,0,,0,,0,0,,0,0,,0,,,100,0,0,0,0,0,0,0,0,0,0,0
2024,726,Calvin Ridley,TEN,WR,1,6,IND,17.391304347826086,33.33333333333333,81.8,4,66.7,1,16.7,0,0.25,12,12,37.5,0,0,0,0,0,0,0,0,0,0,0,0,0,0,0,0,0,0,39.6,1,16.7,0,0,0,0,0,0,0,0,1,0,0,0,0,0,25,-9.05,-0.531,75,25,0,0,0,0,0,0,0,0,0,0
2024,727,KhaDarel Hodge,ATL,WR,1,3,KC,20,0,3.6,1,6.7,0,0,0,0,,0,0,0,0,,,0,,0,,0,,0,0,0,0,0,0,0,0,,0,0,0,,0,,0,,0,,0,0,,0,0,,0,,,100,0,0,0,0,0,0,0,0,0,0,0
2024,728,KhaDarel Hodge,ATL,WR,1,4,NO,20,0,3.9,1,11.1,0,0,0,0,,0,0,0,0,,,0,,0,,0,,0,0,0,0,0,0,0,0,,0,0,0,,0,,0,,0,,0,0,,0,0,,0,,,100,0,0,0,0,0,0,0,0,0,0,0
2024,729,Foster Moreau,NO,TE,1,3,PHI,22.22222222222222,0,70.9,2,25,0,0,0,0,,0,0,0,0,,,0,,0,,0,,0,0,0,0,0,0,0,0,,0,0,0,,0,,0,,0,,0,0,,0,0,,0,,,0,0,100,0,0,0,0,0,0,0,0,0
2024,730,Foster Moreau,NO,TE,1,4,ATL,22.22222222222222,0,57.1,2,14.3,0,0,0,0,,0,0,0,0,,,0,,0,,0,,0,0,0,0,0,0,0,0,,0,0,0,,0,,0,,0,,0,0,,0,0,,0,,,50,50,0,0,0,0,0,0,0,0,0,0
2024,731,Foster Moreau,NO,TE,1,5,KC,22.22222222222222,0,52.9,2,25,0,0,0,0,,0,0,0,0,,,0,,0,,0,,0,0,0,0,0,0,0,0,,0,0,0,,0,,0,,0,,0,0,,0,0,,0,,,0,0,100,0,0,0,0,0,0,0,0,0
2024,732,Foster Moreau,NO,TE,1,6,TB,22.22222222222222,0,50,2,22.2,0,0,0,0,,0,0,0,0,,,0,,0,,0,,0,0,0,0,0,0,0,0,,0,0,0,,0,,0,,0,,0,0,,0,0,,0,,,0,0,100,0,0,0,0,0,0,0,0,0
2024,733,Ashton Dulin,IND,WR,1,4,PIT,8.333333333333332,0,17.2,1,8.3,0,0,0,0,,0,0,0,0,,,0,,0,,0,,0,0,0,0,0,0,0,0,,0,0,0,,0,,0,,0,,0,0,,0,0,,0,,,100,0,0,0,0,0,0,0,0,0,0,0
2024,734,Ashton Dulin,IND,WR,1,5,JAX,25,0,20.3,3,23.1,0,0,0,0,,0,0,0,0,,,0,,0,,0,,0,0,0,0,0,0,0,0,,0,0,0,,0,,0,,0,,0,0,,0,0,,0,,,66.7,33.3,0,0,0,0,0,0,0,0,0,0
2024,735,Ashton Dulin,IND,WR,1,6,TEN,8.333333333333332,0,16.7,1,10,0,0,0,0,,0,0,0,0,,,0,,0,,0,,0,0,0,0,0,0,0,0,,0,0,0,,0,,0,,0,,0,0,,0,0,,0,,,100,0,0,0,0,0,0,0,0,0,0,0
2024,736,Mecole Hardman,KC,WR,1,4,LAC,20,0,13.8,1,12.5,0,0,0,0,,0,0,0,0,,,0,,0,,0,,0,0,0,0,0,0,0,0,,0,0,0,,0,,0,,0,,0,0,,0,0,,0,,,100,0,0,0,0,0,0,0,0,0,0,0
2024,737,Cody Thompson,TB,WR,1,5,ATL,100,0,5.9,1,14.3,0,0,0,0,,0,0,0,0,,,0,,0,,0,,0,0,0,0,0,0,0,0,,0,0,0,,0,,0,,0,,0,0,,0,0,,0,,,100,0,0,0,0,0,0,0,0,0,0,0
2024,738,Olamide Zaccheaus,WAS,WR,1,1,TB,12.5,12.5,44.6,2,20,1,10,0,0.5,9,9,15.3,0,0,0,0,0,0,0,0,0,0,0,0,0,0,0,0,0,0,39.6,1,11.1,0,0,1,100,0,0,1,100,0,0,0,0,0,0,50,-7.45,-1.527,50,50,0,0,0,2,0,2.02,-2.02,0,1.01,2
2024,739,Olamide Zaccheaus,WAS,WR,1,2,NYG,6.25,12.5,34.8,1,16.7,1,16.7,0,1,-5,-5,-12.5,0,0,0,0,1,100,5,5,1,1,0,0,0,0,0,0,0,0,79.2,1,16.7,1,100,1,100,0,0,0,0,0,0,0,0,0,0,33.3,-4.16,-0.492,100,0,0,0,1,1.5,1,1.51,-0.51,1,1.51,1.5
2024,740,Deonte Harty,BLT,WR,1,1,KC,100,0,5.4,1,6.7,0,0,0,0,,0,0,0,0,,,0,,0,,0,,0,0,0,0,0,0,0,0,,0,0,0,,0,,0,,0,,0,0,,0,0,,0,,,0,100,0,0,0,0,0,0,0,0,0,0
2024,741,Diontae Johnson,CAR,WR,1,1,NO,10.714285714285714,12.5,67.3,6,75,2,25,0,0.33,11.5,23,20.2,0,0,0,0,0,0,0,0,0,0,0,0,0,1,0,0,0,0,39.6,2,28.6,0,0,0,0,1,0,0,0,0,0,0,0,0,0,33.3,-8.29,-0.958,50,50,0,0,0,0,0,0.01,-0.01,0,0,0
2024,742,Josh Oliver,MIN,TE,1,1,NYG,12.5,0,45.1,1,16.7,0,0,0,0,,0,0,0,0,,,0,,0,,0,,0,0,0,0,0,0,0,0,,0,0,0,,0,,0,,0,,0,0,,0,0,,0,,,0,0,100,0,0,0,0,0,0,0,0,0
2024,743,Josh Oliver,MIN,TE,1,2,SF,25,0,53.7,2,16.7,0,0,0,0,,0,0,0,0,,,0,,0,,0,,0,0,0,0,0,0,0,0,,0,0,0,,0,,0,,0,,0,0,,0,0,,0,,,0,0,100,0,0,0,0,0,0,0,0,0
2024,744,Josh Oliver,MIN,TE,1,4,GB,12.5,0,70.3,1,20,0,0,0,0,,0,0,0,0,,,0,,0,,0,,0,0,0,0,0,0,0,0,,0,0,0,,0,,0,,0,,0,0,,0,0,,0,,,0,0,100,0,0,0,0,0,0,0,0,0
2024,745,Josh Oliver,MIN,TE,1,5,NYJ,50,0,63.6,4,40,0,0,0,0,,0,0,0,0,,,0,,0,,0,,0,0,0,0,0,0,0,0,,0,0,0,,0,,0,,0,,0,0,,0,0,,0,,,0,25,75,0,0,0,0,0,0,0,0,0
2024,746,Scott Miller,PIT,WR,1,2,DEN,14.285714285714285,0,24.1,1,16.7,0,0,0,0,,0,0,0,0,,,0,,0,,0,,0,0,0,0,0,0,0,0,,0,0,0,,0,,0,,0,,0,0,,0,0,,0,,,100,0,0,0,0,0,0,0,0,0,0,0
2024,747,Trenton Irwin,CIN,WR,1,2,KC,43.75,60,54.1,7,63.6,3,27.3,0,0.43,5.67,17,29.8,0,0,0,0,0,0,0,0,0,0,0,0,0,2,2,0,0,0,39.6,1,12.5,0,0,0,0,0,0,0,0,0,0,0,0,0,0,42.9,-6.4,-1.279,28.6,71.4,0,0,0,0.1,0,0.06,-0.06,0,0.01,0.1
2024,748,Lil'Jordan Humphrey,DEN,WR,1,1,SEA,4.3478260869565215,7.6923076923076925,30.4,1,7.1,1,7.1,0,1,5,5,10.2,0,0,0,0,0,0,0,0,0,0,0,0.01,0,0,0,0,0,0,39.6,1,9.1,0,0,1,100,0,0,1,100,0,0,0,0,0,0,100,-6.36,-1.644,0,100,0,0,0,1.8,0,1.82,-1.82,0,1.82,1.8
2024,749,Lil'Jordan Humphrey,DEN,WR,1,4,NYJ,8.695652173913043,0,67.9,2,100,0,0,0,0,,0,0,0,0,,,0,,0,,0,,0,0,0,0,0,0,0,0,,0,0,0,,0,,0,,0,,0,0,,0,0,,0,,,0,100,0,0,0,0,0,0,0,0,0,0
2024,750,Greg Dortch,ARZ,WR,1,2,LA,1.8181818181818181,0,33.9,1,100,0,0,0,0,,0,0,0,0,,,0,,0,,0,,0,0,0,0,0,0,0,0,,0,0,0,,0,,0,,0,,0,0,,0,0,,0,,,0,100,0,0,0,0,0,0,0,0,0,0
2024,751,Greg Dortch,ARZ,WR,1,5,SF,9.090909090909092,0,42.1,5,71.4,0,0,0,0,,0,0,0,0,,,0,,0,,0,,0,0,0,0,0,0,0,0,,0,0,0,,0,,0,,0,,0,0,,0,0,,0,,,80,20,0,0,0,0,0,0,0,0,0,0
2024,752,Darius Slayton,NYG,WR,1,1,MIN,17.647058823529413,33.33333333333333,72.1,9,90,1,10,0,0.11,12,12,16.9,0,0,0,0,0,0,0,0,0,0,0,0,0,1,1,0,0,0,0,1,14.3,0,0,0,0,0,0,0,0,0,0,0,0,0,0,11.1,-9.05,-3.214,66.7,33.3,0,0,0,0,0,-0.03,0.03,0,0,0
2024,753,Darius Slayton,NYG,WR,1,2,WAS,7.8431372549019605,0,88.2,4,100,0,0,0,0,,0,0,0,0,,,0,,0,,0,,0,0,0,0,0,0,0,0,,0,0,0,,0,,0,,0,,0,0,,0,0,,0,,,75,25,0,0,0,0,0,0,0,0,0,0
2024,754,Darius Slayton,NYG,WR,1,3,CLV,15.686274509803921,0,81.2,8,88.9,0,0,0,0,,0,0,0,0,,,0,,0,,0,,0,0,0,0,0,0,0,0,,0,0,0,,0,,0,,0,,0,0,,0,0,,0,,,100,0,0,0,0,0,0,0,0,0,0,0
2024,755,Darius Slayton,NYG,WR,1,4,DAL,31.372549019607842,0,84.6,16,100,0,0,0,0,,0,0,0,0,,,0,,0,,0,,0,0,0,0,0,0,0,0,,0,0,0,,0,,0,,0,,0,0,,0,0,,0,,,68.8,31.3,0,0,0,0,0,0,0,0,0,0
2024,756,Darius Slayton,NYG,WR,1,5,SEA,13.725490196078432,33.33333333333333,91.5,7,87.5,1,12.5,0,0.14,-2,-2,-9.1,0,0,0,0,0,0,0,0,0,0,0,0,0,0,0,0,0,0,39.6,0,0,0,0,1,100,0,0,1,100,0,0,0,0,0,0,12.5,-5.5,-0.425,57.1,42.9,0,0,0,1.5,0,1.53,-1.53,0,0.22,1.5
2024,757,Tom Kennedy,DET,WR,1,1,LA,100,0,6.6,2,33.3,0,0,0,0,,0,0,0,0,,,0,,0,,0,,0,0,0,0,0,0,0,0,,0,0,0,,0,,0,,0,,0,0,,0,0,,0,,,100,0,0,0,0,0,0,0,0,0,0,0
2024,758,Joseph Fortson,KC,TE,1,5,NO,100,0,13.8,2,16.7,0,0,0,0,,0,0,0,0,,,0,,0,,0,,0,0,0,0,0,0,0,0,,0,0,0,,0,,0,,0,,0,0,,0,0,,0,,,100,0,0,0,0,0,0,0,0,0,0,0
2024,759,Parker Hesse,DET,TE,1,1,LA,33.33333333333333,0,14.8,1,16.7,0,0,0,0,,0,0,0,0,,,0,,0,,0,,0,0,0,0,0,0,0,0,,0,0,0,,0,,0,,0,,0,0,,0,0,,0,,,100,0,0,0,0,0,0,0,0,0,0,0
2024,760,Parker Hesse,DET,TE,1,6,DAL,66.66666666666666,0,33.3,2,28.6,0,0,0,0,,0,0,0,0,,,0,,0,,0,,0,0,0,0,0,0,0,0,,0,0,0,,0,,0,,0,,0,0,,0,0,,0,,,0,100,0,0,0,0,0,0,0,0,0,0
2024,761,Drew Sample,CIN,TE,1,1,NE,21.428571428571427,0,52.1,3,25,0,0,0,0,,0,0,0,0,,,0,,0,,0,,0,0,0,0,0,0,0,0,,0,0,0,,0,,0,,0,,0,0,,0,0,,0,,,66.7,0,33.3,0,0,0,0,0,0,0,0,0
2024,762,Drew Sample,CIN,TE,1,2,KC,21.428571428571427,0,50.8,3,27.3,0,0,0,0,,0,0,0,0,,,0,,0,,0,,0,0,0,0,0,0,0,0,,0,0,0,,0,,0,,0,,0,0,,0,0,,0,,,33.3,0,66.7,0,0,0,0,0,0,0,0,0
2024,763,Drew Sample,CIN,TE,1,3,WAS,21.428571428571427,0,40,3,16.7,0,0,0,0,,0,0,0,0,,,0,,0,,0,,0,0,0,0,0,0,0,0,,0,0,0,,0,,0,,0,,0,0,,0,0,,0,,,0,0,66.7,33.3,0,0,0,0,0,0,0,0
2024,764,Drew Sample,CIN,TE,1,4,CAR,7.142857142857142,0,58.1,1,12.5,0,0,0,0,,0,0,0,0,,,0,,0,,0,,0,0,0,0,0,0,0,0,,0,0,0,,0,,0,,0,,0,0,,0,0,,0,,,0,100,0,0,0,0,0,0,0,0,0,0
2024,765,Drew Sample,CIN,TE,1,5,BLT,14.285714285714285,0,43.1,2,20,0,0,0,0,,0,0,0,0,,,0,,0,,0,,0,0,0,0,0,0,0,0,,0,0,0,,0,,0,,0,,0,0,,0,0,,0,,,100,0,0,0,0,0,0,0,0,0,0,0
2024,766,Drew Sample,CIN,TE,1,6,NYG,14.285714285714285,0,48.1,2,28.6,0,0,0,0,,0,0,0,0,,,0,,0,,0,,0,0,0,0,0,0,0,0,,0,0,0,,0,,0,,0,,0,0,,0,0,,0,,,0,0,100,0,0,0,0,0,0,0,0,0
2024,767,Parris Campbell,PHI,WR,1,2,ATL,10,0,22.1,1,6.7,0,0,0,0,,0,0,0,0,,,0,,0,,0,,0,0,0,0,0,0,0,0,,0,0,0,,0,,0,,0,,0,0,,0,0,,0,,,100,0,0,0,0,0,0,0,0,0,0,0
2024,768,DK Metcalf,SEA,WR,1,3,MIA,10.95890410958904,0,81.7,8,72.7,0,0,0,0,,0,0,0,0,,,0,,0,,0,,0,0,0,0,0,0,0,0,,0,0,0,,0,,0,,0,,0,0,,0,0,,0,,,75,25,0,0,0,0,0,0,0,0,0,0
2024,769,Terry McLaurin,WAS,WR,1,3,CIN,19.047619047619047,8.333333333333332,84.2,8,88.9,1,11.1,0,0.13,27,27,37.5,0,0,0,0,0,0,0,0,0,0,0,0,0,0,1,0,0,0,39.6,1,16.7,0,0,0,0,1,0,0,0,0,0,0,0,0,0,11.1,-11.91,-1.414,62.5,37.5,0,0,0,0.1,0,0.09,-0.09,0,0.01,0.1
2024,770,Dawson Knox,BUF,TE,1,1,ARZ,7.142857142857142,50,55.2,1,16.7,1,16.7,0,1,13,13,41.9,0,0,0,0,0,0,0,0,0,0,0,0.01,0,0,0,0,0,0,39.6,0,0,0,0,1,100,0,0,0,0,1,0,0,0,0,0,50,-9.96,-0.82,0,100,0,0,0,1.3,0,1.25,-1.25,0,1.25,1.3
2024,771,Dawson Knox,BUF,TE,1,2,MIA,7.142857142857142,0,53.3,1,14.3,0,0,0,0,,0,0,0,0,,,0,,0,,0,,0,0,0,0,0,0,0,0,,0,0,0,,0,,0,,0,,0,0,,0,0,,0,,,0,100,0,0,0,0,0,0,0,0,0,0
2024,772,Dawson Knox,BUF,TE,1,3,JAX,14.285714285714285,0,51.7,2,16.7,0,0,0,0,,0,0,0,0,,,0,,0,,0,,0,0,0,0,0,0,0,0,,0,0,0,,0,,0,,0,,0,0,,0,0,,0,,,0,50,50,0,0,0,0,0,0,0,0,0
2024,773,Dawson Knox,BUF,TE,1,4,BLT,14.285714285714285,0,47.4,2,22.2,0,0,0,0,,0,0,0,0,,,0,,0,,0,,0,0,0,0,0,0,0,0,,0,0,0,,0,,0,,0,,0,0,,0,0,,0,,,0,50,0,50,0,0,0,0,0,0,0,0
2024,774,Dawson Knox,BUF,TE,1,5,HST,14.285714285714285,0,55.9,2,15.4,0,0,0,0,,0,0,0,0,,,0,,0,,0,,0,0,0,0,0,0,0,0,,0,0,0,,0,,0,,0,,0,0,,0,0,,0,,,100,0,0,0,0,0,0,0,0,0,0,0
2024,775,Deebo Samuel,SF,WR,1,5,ARZ,20.833333333333336,6.25,82.5,10,90.9,1,9.1,0,0.1,7,7,6.3,0,0,0,0,0,0,0,0,0,0,0,0,0,0,0,0,0,0,39.6,1,16.7,0,0,1,100,0,0,0,0,1,0,0,0,0,0,10,-7.06,-0.501,50,50,0,0,0,0.9,0,0.93,-0.93,0,0.09,0.9
2024,776,Trishton Jackson,MIN,WR,1,2,SF,100,0,9.3,1,8.3,0,0,0,0,,0,0,0,0,,,0,,0,,0,,0,0,0,0,0,0,0,0,,0,0,0,,0,,0,,0,,0,0,,0,0,,0,,,0,100,0,0,0,0,0,0,0,0,0,0
2024,777,Juwan Johnson,NO,TE,1,1,CAR,10.344827586206897,0,35.5,3,42.9,0,0,0,0,,0,0,0,0,,,0,,0,,0,,0,0,0,0,0,0,0,0,,0,0,0,,0,,0,,0,,0,0,,0,0,,0,,,0,0,100,0,0,0,0,0,0,0,0,0
2024,778,Juwan Johnson,NO,TE,1,2,DAL,3.4482758620689653,0,41.1,1,50,0,0,0,0,,0,0,0,0,,,0,,0,,0,,0,0,0,0,0,0,0,0,,0,0,0,,0,,0,,0,,0,0,,0,0,,0,,,0,100,0,0,0,0,0,0,0,0,0,0
2024,779,Juwan Johnson,NO,TE,1,3,PHI,10.344827586206897,0,50.9,3,37.5,0,0,0,0,,0,0,0,0,,,0,,0,,0,,0,0,0,0,0,0,0,0,,0,0,0,,0,,0,,0,,0,0,,0,0,,0,,,0,33.3,66.7,0,0,0,0,0,0,0,0,0
2024,780,Juwan Johnson,NO,TE,1,5,KC,24.137931034482758,0,78.4,7,87.5,0,0,0,0,,0,0,0,0,,,0,,0,,0,,0,0,0,0,0,0,0,0,,0,0,0,,0,,0,,0,,0,0,,0,0,,0,,,42.9,14.3,42.9,0,0,0,0,0,0,0,0,0
2024,781,Juwan Johnson,NO,TE,1,6,TB,20.689655172413794,0,75.8,6,66.7,0,0,0,0,,0,0,0,0,,,0,,0,,0,,0,0,0,0,0,0,0,0,,0,0,0,,0,,0,,0,,0,0,,0,0,,0,,,0,16.7,83.3,0,0,0,0,0,0,0,0,0
2024,782,Isaiah Hodgins,NYG,WR,1,5,SEA,100,0,33.8,2,25,0,0,0,0,,0,0,0,0,,,0,,0,,0,,0,0,0,0,0,0,0,0,,0,0,0,,0,,0,,0,,0,0,,0,0,,0,,,0,100,0,0,0,0,0,0,0,0,0,0
2024,783,Nick Westbrook-Ikhine,TEN,WR,1,2,NYJ,20,0,13.3,1,14.3,0,0,0,0,,0,0,0,0,,,0,,0,,0,,0,0,0,0,0,0,0,0,,0,0,0,,0,,0,,0,,0,0,,0,0,,0,,,100,0,0,0,0,0,0,0,0,0,0,0
2024,784,Nick Westbrook-Ikhine,TEN,WR,1,3,GB,60,0,24.5,3,30,0,0,0,0,,0,0,0,0,,,0,,0,,0,,0,0,0,0,0,0,0,0,,0,0,0,,0,,0,,0,,0,0,,0,0,,0,,,66.7,33.3,0,0,0,0,0,0,0,0,0,0
2024,785,Kristian Wilkerson,LV,WR,1,6,PIT,100,100,43.3,7,53.8,1,7.7,0,0.14,9,9,7.3,0,0,0,0,0,0,0,0,0,0,0,0.18,0,1,1,0,0,0,39.6,1,12.5,0,0,1,100,0,0,0,0,0,0,0,0,0,0,12.5,-7.45,-1.548,85.7,14.3,0,0,0,1.5,0,1.54,-1.54,0,0.22,1.5
2024,786,Gabe Davis,JAX,WR,1,2,CLV,15.517241379310345,0,96.4,9,81.8,0,0,0,0,,0,0,0,0,,,0,,0,,0,,0,0,0,0,0,0,0,0,,0,0,0,,0,,0,,0,,0,0,,0,0,,0,,,88.9,11.1,0,0,0,0,0,0,0,0,0,0
2024,787,Gabe Davis,JAX,WR,1,3,BUF,18.96551724137931,25,76.5,11,64.7,1,5.9,0,0.09,0,0,0,0,0,0,0,0,0,0,0,0,0,0,0,0,0,0,0,0,0,39.6,0,0,0,0,0,0,0,0,0,0,0,0,0,0,0,0,7.7,-6.04,-0.078,90.9,9.1,0,0,0,0,0,-0.02,0.02,0,0,0
2024,788,Gabe Davis,JAX,WR,1,5,IND,12.068965517241379,0,77.2,7,87.5,0,0,0,0,,0,0,0,0,,,0,,0,,0,,0,0,0,0,0,0,0,0,,0,0,0,,0,,0,,0,,0,0,,0,0,,0,,,28.6,71.4,0,0,0,0,0,0,0,0,0,0
2024,789,Gabe Davis,JAX,WR,1,6,CHI,15.517241379310345,0,71.7,9,75,0,0,0,0,,0,0,0,0,,,0,,0,,0,,0,0,0,0,0,0,0,0,,0,0,0,,0,,0,,0,,0,0,,0,0,,0,,,88.9,11.1,0,0,0,0,0,0,0,0,0,0
2024,790,Harrison Bryant,LV,TE,1,1,LAC,11.11111111111111,0,6.8,1,8.3,0,0,0,0,,0,0,0,0,,,0,,0,,0,,0,0,0,0,0,0,0,0,,0,0,0,,0,,0,,0,,0,0,,0,0,,0,,,100,0,0,0,0,0,0,0,0,0,0,0
2024,791,Harrison Bryant,LV,TE,1,2,BLT,11.11111111111111,50,11.7,1,8.3,1,8.3,0,1,21,21,39.6,0,0,0,0,0,0,0,0,0,0,0,0,0,0,0,0,0,0,0,0,0,0,0,0,0,1,0,0,0,0,0,0,0,0,0,50,-12.96,-3.384,0,100,0,0,0,0,0,0.01,-0.01,0,0.01,0
2024,792,Harrison Bryant,LV,TE,1,4,CLV,11.11111111111111,0,78.2,1,20,0,0,0,0,,0,0,0,0,,,0,,0,,0,,0,0,0,0,0,0,0,0,,0,0,0,,0,,0,,0,,0,0,,0,0,,0,,,0,0,100,0,0,0,0,0,0,0,0,0
2024,793,Harrison Bryant,LV,TE,1,5,DEN,33.33333333333333,0,44.6,3,25,0,0,0,0,,0,0,0,0,,,0,,0,,0,,0,0,0,0,0,0,0,0,,0,0,0,,0,,0,,0,,0,0,,0,0,,0,,,0,66.7,33.3,0,0,0,0,0,0,0,0,0
2024,794,Harrison Bryant,LV,TE,1,6,PIT,33.33333333333333,50,56.7,3,23.1,1,7.7,0,0.33,7,7,5.7,0,0,0,0,0,0,0,0,0,0,0,0,0,0,0,0,0,0,39.6,0,0,0,0,0,0,0,0,0,0,0,0,0,0,0,0,20,-7.31,-1.505,0,100,0,0,0,0,0,0.04,-0.04,0,0.01,0
2024,795,Colby Parkinson,LA,TE,1,2,ARZ,12.244897959183673,0,80.8,6,75,0,0,0,0,,0,0,0,0,,,0,,0,,0,,0,0,0,0,0,0,0,0,,0,0,0,,0,,0,,0,,0,0,,0,0,,0,,,16.7,0,83.3,0,0,0,0,0,0,0,0,0
2024,796,Michael Pittman,IND,WR,1,1,HST,6.122448979591836,10,90.7,3,75,1,25,0,0.33,14,14,27.5,0,0,0,0,0,0,0,0,0,0,0,0,0,0,0,0,0,0,39.6,1,25,0,0,1,100,0,0,0,0,1,0,0,0,0,0,33.3,-9.81,-0.794,66.7,33.3,0,0,0,1.4,0,1.36,-1.36,0,0.45,1.4
2024,797,Michael Pittman,IND,WR,1,3,CHI,10.204081632653061,10,83.3,5,71.4,1,14.3,0,0.2,20,20,29.9,0,0,0,0,0,0,0,0,0,0,0,0,0,0,0,0,0,0,0,1,16.7,0,0,0,0,1,0,0,0,0,0,0,0,0,0,14.3,-10.87,-4.324,60,40,0,0,0,0,0,-0.03,0.03,0,-0.01,0
2024,798,Michael Pittman,IND,WR,1,6,TEN,12.244897959183673,0,80.3,6,60,0,0,0,0,,0,0,0,0,,,0,,0,,0,,0,0,0,0,0,0,0,0,,0,0,0,,0,,0,,0,,0,0,,0,0,,0,,,66.7,33.3,0,0,0,0,0,0,0,0,0,0
2024,799,Collin Johnson,CHI,WR,1,3,IND,100,0,2.4,1,4.8,0,0,0,0,,0,0,0,0,,,0,,0,,0,,0,0,0,0,0,0,0,0,,0,0,0,,0,,0,,0,,0,0,,0,0,,0,,,100,0,0,0,0,0,0,0,0,0,0,0
2024,800,Brandon Aiyuk,SF,WR,1,2,MIN,14.285714285714285,0,88.1,8,80,0,0,0,0,,0,0,0,0,,,0,,0,,0,,0,0,0,0,0,0,0,0,,0,0,0,,0,,0,,0,,0,0,,0,0,,0,,,100,0,0,0,0,0,0,0,0,0,0,0
2024,801,Brandon Aiyuk,SF,WR,1,4,NE,17.857142857142858,9.090909090909092,80,10,90.9,1,9.1,0,0.1,28,28,18.9,0,0,0,0,0,0,0,0,0,0,0,0,0,0,1,0,0,0,39.6,0,0,0,0,0,0,1,0,0,0,0,0,0,0,0,0,10,-11.08,-0.838,90,10,0,0,0,-0.1,0,-0.06,0.06,0,-0.01,-0.1
2024,802,Brandon Aiyuk,SF,WR,1,6,SEA,14.285714285714285,0,95.1,8,88.9,0,0,0,0,,0,0,0,0,,,0,,0,,0,,0,0,0,0,0,0,0,0,,0,0,0,,0,,0,,0,,0,0,,0,0,,0,,,75,25,0,0,0,0,0,0,0,0,0,0
2024,803,Laviska Shenault,SEA,WR,1,1,DEN,25,0,11.7,1,12.5,0,0,0,0,,0,0,0,0,,,0,,0,,0,,0,0,0,0,0,0,0,0,,0,0,0,,0,,0,,0,,0,0,,0,0,,0,,,0,100,0,0,0,0,0,0,0,0,0,0
2024,804,Laviska Shenault,SEA,WR,1,6,SF,25,0,9.6,1,5.6,0,0,0,0,,0,0,0,0,,,0,,0,,0,,0,0,0,0,0,0,0,0,,0,0,0,,0,,0,,0,,0,0,,0,0,,0,,,0,100,0,0,0,0,0,0,0,0,0,0
2024,805,Cole Kmet,CHI,TE,1,1,TEN,6.25,0,43.4,2,22.2,0,0,0,0,,0,0,0,0,,,0,,0,,0,,0,0,0,0,0,0,0,0,,0,0,0,,0,,0,,0,,0,0,,0,0,,0,,,0,50,50,0,0,0,0,0,0,0,0,0
2024,806,Darnell Mooney,ATL,WR,1,6,CAR,18.75,6.25,95.6,12,100,1,8.3,0,0.08,7,7,6,0,0,0,0,0,0,0,0,0,0,0,0,0,1,1,0,0,0,39.6,1,8.3,0,0,0,0,0,0,0,0,0,0,0,0,0,0,8.3,-7.06,-0.375,66.7,33.3,0,0,0,0,0,0.03,-0.03,0,0,0
2024,807,Devin Duvernay,JAX,WR,1,5,IND,25,0,12.3,1,12.5,0,0,0,0,,0,0,0,0,,,0,,0,,0,,0,0,0,0,0,0,0,0,,0,0,0,,0,,0,,0,,0,0,,0,0,,0,,,100,0,0,0,0,0,0,0,0,0,0,0
2024,808,K.J. Osborn,NE,WR,1,2,SEA,18.75,0,74.2,3,37.5,0,0,0,0,,0,0,0,0,,,0,,0,,0,,0,0,0,0,0,0,0,0,,0,0,0,,0,,0,,0,,0,0,,0,0,,0,,,66.7,33.3,0,0,0,0,0,0,0,0,0,0
2024,809,K.J. Osborn,NE,WR,1,3,NYJ,56.25,0,75,9,75,0,0,0,0,,0,0,0,0,,,0,,0,,0,,0,0,0,0,0,0,0,0,,0,0,0,,0,,0,,0,,0,0,,0,0,,0,,,66.7,33.3,0,0,0,0,0,0,0,0,0,0
2024,810,K.J. Osborn,NE,WR,1,4,SF,6.25,0,66.1,1,20,0,0,0,0,,0,0,0,0,,,0,,0,,0,,0,0,0,0,0,0,0,0,,0,0,0,,0,,0,,0,,0,0,,0,0,,0,,,0,100,0,0,0,0,0,0,0,0,0,0
2024,811,CeeDee Lamb,DAL,WR,1,3,BLT,18.571428571428573,8.333333333333332,88.6,13,86.7,2,13.3,0,0.15,6,12,6.6,0,0,0,0,0,0,0,0,0,0,0,0.01,0,0,0,0,0,0,39.6,2,15.4,0,0,2,100,0,0,1,50,1,0,0,0,0,0,15.4,-6.45,-0.851,53.8,46.2,0,0,0,2.8,0,2.81,-2.81,0,0.22,2.8
2024,812,Jerry Jeudy,CLV,WR,1,1,DAL,16.216216216216218,0,81.4,6,75,0,0,0,0,,0,0,0,0,,,0,,0,,0,,0,0,0,0,0,0,0,0,,0,0,0,,0,,0,,0,,0,0,,0,0,,0,,,66.7,33.3,0,0,0,0,0,0,0,0,0,0
2024,813,Jerry Jeudy,CLV,WR,1,2,JAX,18.91891891891892,0,78.5,7,100,0,0,0,0,,0,0,0,0,,,0,,0,,0,,0,0,0,0,0,0,0,0,,0,0,0,,0,,0,,0,,0,0,,0,0,,0,,,71.4,28.6,0,0,0,0,0,0,0,0,0,0
2024,814,Jerry Jeudy,CLV,WR,1,5,WAS,16.216216216216218,14.285714285714285,76.3,6,85.7,1,14.3,0,0.17,15,15,23.1,0,0,0,0,0,0,0,0,0,0,0,0,0,0,0,0,0,0,39.6,1,25,0,0,0,0,0,0,0,0,0,0,0,0,0,0,16.7,-10.41,-0.661,50,50,0,0,0,0,0,0,0,0,0,0
2024,815,Jerry Jeudy,CLV,WR,1,6,PHI,16.216216216216218,14.285714285714285,90.6,6,85.7,1,14.3,0,0.17,25,25,65.8,0,0,0,0,0,0,0,0,0,0,0,0,0,1,1,0,0,0,39.6,1,16.7,0,0,0,0,1,0,0,0,0,0,0,0,0,0,14.3,-11.49,-0.468,50,50,0,0,0,0,0,0.02,-0.02,0,0,0
2024,816,Tee Higgins,CIN,WR,1,3,WAS,44.73684210526316,11.11111111111111,90,17,94.4,1,5.6,0,0.06,30,30,23.1,0,0,0,0,0,0,0,0,0,0,0,0,0,0,0,0,0,0,39.6,1,9.1,0,0,0,0,1,0,0,0,0,0,0,0,0,0,5.9,-9.19,-0.228,82.4,17.6,0,0,0,0,0,0,0,0,0,0
2024,817,Van Jefferson,PIT,WR,1,2,DEN,16.666666666666664,0,79.3,5,83.3,0,0,0,0,,0,0,0,0,,,0,,0,,0,,0,0,0,0,0,0,0,0,,0,0,0,,0,,0,,0,,0,0,,0,0,,0,,,100,0,0,0,0,0,0,0,0,0,0,0
2024,818,Van Jefferson,PIT,WR,1,3,LAC,3.3333333333333335,0,16.9,1,11.1,0,0,0,0,,0,0,0,0,,,0,,0,,0,,0,0,0,0,0,0,0,0,,0,0,0,,0,,0,,0,,0,0,,0,0,,0,,,0,100,0,0,0,0,0,0,0,0,0,0
2024,819,Van Jefferson,PIT,WR,1,4,IND,20,0,85.3,6,85.7,0,0,0,0,,0,0,0,0,,,0,,0,,0,,0,0,0,0,0,0,0,0,,0,0,0,,0,,0,,0,,0,0,,0,0,,0,,,83.3,16.7,0,0,0,0,0,0,0,0,0,0
2024,820,Van Jefferson,PIT,WR,1,6,LV,16.666666666666664,0,61.3,5,71.4,0,0,0,0,,0,0,0,0,,,0,,0,,0,,0,0,0,0,0,0,0,0,,0,0,0,,0,,0,,0,,0,0,,0,0,,0,,,80,20,0,0,0,0,0,0,0,0,0,0
2024,821,Adam Trautman,DEN,TE,1,1,SEA,60,100,33.3,3,21.4,1,7.1,0,0.33,5,5,10.2,0,0,0,0,0,0,0,0,0,0,0,0,0,0,0,0,0,0,39.6,1,9.1,0,0,0,0,0,0,0,0,0,0,0,0,0,0,25,-6.48,-0.835,33.3,33.3,33.3,0,0,0,0,0,0,0,0,0
2024,822,Adam Trautman,DEN,TE,1,2,PIT,40,0,41.1,2,16.7,0,0,0,0,,0,0,0,0,,,0,,0,,0,,0,0,0,0,0,0,0,0,,0,0,0,,0,,0,,0,,0,0,,0,0,,0,,,50,50,0,0,0,0,0,0,0,0,0,0
2024,823,Tyler Johnson,LA,WR,1,1,DET,56.00000000000001,0,66.2,14,66.7,0,0,0,0,,0,0,0,0,,,0,,0,,0,,0,0,0,0,0,0,0,0,,0,0,0,,0,,0,,0,,0,0,,0,0,,0,,,78.6,21.4,0,0,0,0,0,0,0,0,0,0
2024,824,Tyler Johnson,LA,WR,1,2,ARZ,24,50,86.5,6,75,1,12.5,0,0.17,13,13,11.1,0,0,0,0,0,0,0,0,0,0,0,0,0,1,1,0,0,0,39.6,0,0,0,0,0,0,0,0,0,0,0,0,0,0,0,0,16.7,-8.91,-2.674,50,50,0,0,0,0,0,-0.01,0.01,0,0,0
2024,825,Tyler Johnson,LA,WR,1,4,CHI,4,0,17.2,1,11.1,0,0,0,0,,0,0,0,0,,,0,,0,,0,,0,0,0,0,0,0,0,0,,0,0,0,,0,,0,,0,,0,0,,0,0,,0,,,0,100,0,0,0,0,0,0,0,0,0,0
2024,826,Tyler Johnson,LA,WR,1,5,GB,8,0,14.5,2,11.8,0,0,0,0,,0,0,0,0,,,0,,0,,0,,0,0,0,0,0,0,0,0,,0,0,0,,0,,0,,0,,0,0,,0,0,,0,,,0,100,0,0,0,0,0,0,0,0,0,0
2024,827,Charlie Woerner,ATL,TE,1,1,PIT,50,100,46,3,37.5,1,12.5,0,0.33,2,2,2.6,0,0,0,0,0,0,0,0,0,0,0,0,0,0,0,0,0,0,39.6,1,14.3,0,0,1,100,0,0,0,0,1,0,0,0,0,0,33.3,-6.37,-0.496,0,33.3,66.7,0,0,0.9,0,0.85,-0.85,0,0.28,0.9
2024,828,Charlie Woerner,ATL,TE,1,2,PHI,16.666666666666664,0,27.6,1,12.5,0,0,0,0,,0,0,0,0,,,0,,0,,0,,0,0,0,0,0,0,0,0,,0,0,0,,0,,0,,0,,0,0,,0,0,,0,,,0,0,100,0,0,0,0,0,0,0,0,0
2024,829,Charlie Woerner,ATL,TE,1,4,NO,33.33333333333333,0,33.3,2,22.2,0,0,0,0,,0,0,0,0,,,0,,0,,0,,0,0,0,0,0,0,0,0,,0,0,0,,0,,0,,0,,0,0,,0,0,,0,,,0,0,100,0,0,0,0,0,0,0,0,0
2024,830,Tim Jones,JAX,WR,1,3,BUF,50,0,7.4,1,5.9,0,0,0,0,,0,0,0,0,,,0,,0,,0,,0,0,0,0,0,0,0,0,,0,0,0,,0,,0,,0,,0,0,,0,0,,0,,,100,0,0,0,0,0,0,0,0,0,0,0
2024,831,Tim Jones,JAX,WR,1,5,IND,50,0,24.6,1,12.5,0,0,0,0,,0,0,0,0,,,0,,0,,0,,0,0,0,0,0,0,0,0,,0,0,0,,0,,0,,0,,0,0,,0,0,,0,,,100,0,0,0,0,0,0,0,0,0,0,0
2024,832,D.J. Turner,LV,WR,1,2,BLT,3.8461538461538463,0,11.7,1,8.3,0,0,0,0,,0,0,0,0,,,0,,0,,0,,0,0,0,0,0,0,0,0,,0,0,0,,0,,0,,0,,0,0,,0,0,,0,,,100,0,0,0,0,0,0,0,0,0,0,0
2024,833,D.J. Turner,LV,WR,1,3,CAR,3.8461538461538463,0,13.6,1,9.1,0,0,0,0,,0,0,0,0,,,0,,0,,0,,0,0,0,0,0,0,0,0,,0,0,0,,0,,0,,0,,0,0,,0,0,,0,,,0,100,0,0,0,0,0,0,0,0,0,0
2024,834,D.J. Turner,LV,WR,1,4,CLV,11.538461538461538,12.5,41.8,3,60,1,20,0,0.33,40,40,55.6,0,0,0,0,0,0,0,0,0,0,0,0,0,0,0,0,0,0,39.6,1,25,0,0,0,0,1,0,0,0,0,0,0,0,0,0,33.3,-15,-1.077,33.3,66.7,0,0,0,-0.1,0,-0.1,0.1,0,-0.03,-0.1
2024,835,Rashod Bateman,BLT,WR,1,1,KC,24.444444444444443,0,83.8,11,73.3,0,0,0,0,,0,0,0,0,,,0,,0,,0,,0,0,0,0,0,0,0,0,,0,0,0,,0,,0,,0,,0,0,,0,0,,0,,,100,0,0,0,0,0,0,0,0,0,0,0
2024,836,Rashod Bateman,BLT,WR,1,2,LV,20,0,82.5,9,75,0,0,0,0,,0,0,0,0,,,0,,0,,0,,0,0,0,0,0,0,0,0,,0,0,0,,0,,0,,0,,0,0,,0,0,,0,,,100,0,0,0,0,0,0,0,0,0,0,0
2024,837,Rashod Bateman,BLT,WR,1,4,BUF,6.666666666666667,0,63,3,60,0,0,0,0,,0,0,0,0,,,0,,0,,0,,0,0,0,0,0,0,0,0,,0,0,0,,0,,0,,0,,0,0,,0,0,,0,,,100,0,0,0,0,0,0,0,0,0,0,0
2024,838,Rashod Bateman,BLT,WR,1,5,CIN,22.22222222222222,33.33333333333333,62.3,10,83.3,1,8.3,0,0.1,14,14,8.8,0,0,0,0,0,0,0,0,0,0,0,0,0,0,0,0,0,0,39.6,0,0,0,0,0,0,0,0,0,0,0,0,0,0,0,0,9.1,-9.81,-1.266,90,10,0,0,0,0,0,0.01,-0.01,0,0,0
2024,839,Rashod Bateman,BLT,WR,1,6,WAS,17.77777777777778,0,67.7,8,72.7,0,0,0,0,,0,0,0,0,,,0,,0,,0,,0,0,0,0,0,0,0,0,,0,0,0,,0,,0,,0,,0,0,,0,0,,0,,,100,0,0,0,0,0,0,0,0,0,0,0
2024,840,Nico Collins,HST,WR,1,1,IND,12.903225806451612,0,78.9,4,80,0,0,0,0,,0,0,0,0,,,0,,0,,0,,0,0,0,0,0,0,0,0,,0,0,0,,0,,0,,0,,0,0,,0,0,,0,,,100,0,0,0,0,0,0,0,0,0,0,0
2024,841,Nico Collins,HST,WR,1,3,MIN,29.03225806451613,33.33333333333333,82.5,9,75,2,16.7,0,0.22,21,42,48.3,0,0,0,0,0,0,0,0,0,0,0,0,0,0,0,0,0,0,0,2,20,0,0,0,0,2,0,0,0,0,0,0,0,0,0,20,-11.24,-2.275,77.8,22.2,0,0,0,0,0,-0.01,0.01,0,0,0
2024,842,Brevin Jordan,HST,TE,1,1,IND,50,0,50,1,20,0,0,0,0,,0,0,0,0,,,0,,0,,0,,0,0,0,0,0,0,0,0,,0,0,0,,0,,0,,0,,0,0,,0,0,,0,,,100,0,0,0,0,0,0,0,0,0,0,0
2024,843,Quintin Morris,BUF,TE,1,4,BLT,100,0,14,1,11.1,0,0,0,0,,0,0,0,0,,,0,,0,,0,,0,0,0,0,0,0,0,0,,0,0,0,,0,,0,,0,,0,0,,0,0,,0,,,0,0,100,0,0,0,0,0,0,0,0,0
2024,844,Jaylen Waddle,MIA,WR,1,5,NE,21.21212121212121,0,76,7,77.8,0,0,0,0,,0,0,0,0,,,0,,0,,0,,0,0,0,0,0,0,0,0,,0,0,0,,0,,0,,0,,0,0,,0,0,,0,,,85.7,14.3,0,0,0,0,0,0,0,0,0,0
2024,845,D'Wayne Eskridge,MIA,WR,1,3,SEA,33.33333333333333,0,12.5,2,18.2,0,0,0,0,,0,0,0,0,,,0,,0,,0,,0,0,0,0,0,0,0,0,,0,0,0,,0,,0,,0,,0,0,,0,0,,0,,,100,0,0,0,0,0,0,0,0,0,0,0
2024,846,D'Wayne Eskridge,MIA,WR,1,4,TEN,66.66666666666666,0,24.1,4,36.4,0,0,0,0,,0,0,0,0,,,0,,0,,0,,0,0,0,0,0,0,0,0,,0,0,0,,0,,0,,0,,0,0,,0,0,,0,,,100,0,0,0,0,0,0,0,0,0,0,0
2024,847,Dyami Brown,WAS,WR,1,1,TB,25,0,55.4,5,50,0,0,0,0,,0,0,0,0,,,0,,0,,0,,0,0,0,0,0,0,0,0,,0,0,0,,0,,0,,0,,0,0,,0,0,,0,,,100,0,0,0,0,0,0,0,0,0,0,0
2024,848,Dyami Brown,WAS,WR,1,2,NYG,15,100,68.1,3,50,1,16.7,0,0.33,18,18,45,0,0,0,0,0,0,0,0,0,0,0,0,0,1,1,0,0,0,39.6,1,16.7,0,0,0,0,0,0,0,0,0,0,0,0,0,0,25,-10.9,-1.143,66.7,33.3,0,0,0,0,0,0,0,0,0,0
2024,849,Dyami Brown,WAS,WR,1,3,CIN,10,0,22.8,2,22.2,0,0,0,0,,0,0,0,0,,,0,,0,,0,,0,0,0,0,0,0,0,0,,0,0,0,,0,,0,,0,,0,0,,0,0,,0,,,100,0,0,0,0,0,0,0,0,0,0,0
2024,850,Dyami Brown,WAS,WR,1,4,ARZ,10,0,25.4,2,14.3,0,0,0,0,,0,0,0,0,,,0,,0,,0,,0,0,0,0,0,0,0,0,,0,0,0,,0,,0,,0,,0,0,,0,0,,0,,,100,0,0,0,0,0,0,0,0,0,0,0
2024,851,Dyami Brown,WAS,WR,1,5,CLV,35,0,53.8,7,63.6,0,0,0,0,,0,0,0,0,,,0,,0,,0,,0,0,0,0,0,0,0,0,,0,0,0,,0,,0,,0,,0,0,,0,0,,0,,,100,0,0,0,0,0,0,0,0,0,0,0
2024,852,Dyami Brown,WAS,WR,1,6,BLT,5,0,32.1,1,20,0,0,0,0,,0,0,0,0,,,0,,0,,0,,0,0,0,0,0,0,0,0,,0,0,0,,0,,0,,0,,0,0,,0,0,,0,,,100,0,0,0,0,0,0,0,0,0,0,0
2024,853,John Bates,WAS,TE,1,1,TB,100,0,48.2,1,10,0,0,0,0,,0,0,0,0,,,0,,0,,0,,0,0,0,0,0,0,0,0,,0,0,0,,0,,0,,0,,0,0,,0,0,,0,,,0,0,100,0,0,0,0,0,0,0,0,0
2024,854,Tylan Wallace,BLT,WR,1,1,KC,16.666666666666664,0,10.8,1,6.7,0,0,0,0,,0,0,0,0,,,0,,0,,0,,0,0,0,0,0,0,0,0,,0,0,0,,0,,0,,0,,0,0,,0,0,,0,,,100,0,0,0,0,0,0,0,0,0,0,0
2024,855,Tylan Wallace,BLT,WR,1,2,LV,16.666666666666664,0,9.5,1,8.3,0,0,0,0,,0,0,0,0,,,0,,0,,0,,0,0,0,0,0,0,0,0,,0,0,0,,0,,0,,0,,0,0,,0,0,,0,,,100,0,0,0,0,0,0,0,0,0,0,0
2024,856,Tylan Wallace,BLT,WR,1,3,DAL,16.666666666666664,0,23.3,1,16.7,0,0,0,0,,0,0,0,0,,,0,,0,,0,,0,0,0,0,0,0,0,0,,0,0,0,,0,,0,,0,,0,0,,0,0,,0,,,100,0,0,0,0,0,0,0,0,0,0,0
2024,857,Tylan Wallace,BLT,WR,1,4,BUF,16.666666666666664,0,18.5,1,20,0,0,0,0,,0,0,0,0,,,0,,0,,0,,0,0,0,0,0,0,0,0,,0,0,0,,0,,0,,0,,0,0,,0,0,,0,,,100,0,0,0,0,0,0,0,0,0,0,0
2024,858,Noah Gray,KC,TE,1,1,BLT,33.33333333333333,0,56,3,30,0,0,0,0,,0,0,0,0,,,0,,0,,0,,0,0,0,0,0,0,0,0,,0,0,0,,0,,0,,0,,0,0,,0,0,,0,,,0,66.7,33.3,0,0,0,0,0,0,0,0,0
2024,859,Noah Gray,KC,TE,1,5,NO,11.11111111111111,0,58.8,1,8.3,0,0,0,0,,0,0,0,0,,,0,,0,,0,,0,0,0,0,0,0,0,0,,0,0,0,,0,,0,,0,,0,0,,0,0,,0,,,0,0,100,0,0,0,0,0,0,0,0,0
2024,860,Simi Fehoko,LAC,WR,1,1,LV,14.285714285714285,0,16.7,2,20,0,0,0,0,,0,0,0,0,,,0,,0,,0,,0,0,0,0,0,0,0,0,,0,0,0,,0,,0,,0,,0,0,,0,0,,0,,,100,0,0,0,0,0,0,0,0,0,0,0
2024,861,Simi Fehoko,LAC,WR,1,3,PIT,35.714285714285715,0,73.3,5,100,0,0,0,0,,0,0,0,0,,,0,,0,,0,,0,0,0,0,0,0,0,0,,0,0,0,,0,,0,,0,,0,0,,0,0,,0,,,100,0,0,0,0,0,0,0,0,0,0,0
2024,862,Simi Fehoko,LAC,WR,1,4,KC,14.285714285714285,0,22.6,2,25,0,0,0,0,,0,0,0,0,,,0,,0,,0,,0,0,0,0,0,0,0,0,,0,0,0,,0,,0,,0,,0,0,,0,0,,0,,,50,50,0,0,0,0,0,0,0,0,0,0
2024,863,Jack Stoll,PHI,TE,1,4,TB,42.857142857142854,100,37.5,3,42.9,1,14.3,0,0.33,4,4,9.3,0,0,0,0,0,0,0,0,0,0,0,0,0,0,0,0,0,0,39.6,1,16.7,0,0,0,0,0,0,0,0,0,0,0,0,0,0,33.3,-6.07,-0.477,33.3,66.7,0,0,0,0,0,0.01,-0.01,0,0,0
2024,864,Jack Stoll,PHI,TE,1,6,CLV,57.14285714285714,0,62.9,4,57.1,0,0,0,0,,0,0,0,0,,,0,,0,,0,,0,0,0,0,0,0,0,0,,0,0,0,,0,,0,,0,,0,0,,0,0,,0,,,0,25,75,0,0,0,0,0,0,0,0,0
2024,865,Brock Wright,DET,TE,1,1,LA,9.090909090909092,0,49.2,1,16.7,0,0,0,0,,0,0,0,0,,,0,,0,,0,,0,0,0,0,0,0,0,0,,0,0,0,,0,,0,,0,,0,0,,0,0,,0,,,0,100,0,0,0,0,0,0,0,0,0,0
2024,866,Brock Wright,DET,TE,1,2,TB,36.36363636363637,0,32.5,4,25,0,0,0,0,,0,0,0,0,,,0,,0,,0,,0,0,0,0,0,0,0,0,,0,0,0,,0,,0,,0,,0,0,,0,0,,0,,,25,0,75,0,0,0,0,0,0,0,0,0
2024,867,Brock Wright,DET,TE,1,3,ARZ,18.181818181818183,0,69.1,2,40,0,0,0,0,,0,0,0,0,,,0,,0,,0,,0,0,0,0,0,0,0,0,,0,0,0,,0,,0,,0,,0,0,,0,0,,0,,,50,0,50,0,0,0,0,0,0,0,0,0
2024,868,Brock Wright,DET,TE,1,6,DAL,27.27272727272727,0,50,3,42.9,0,0,0,0,,0,0,0,0,,,0,,0,,0,,0,0,0,0,0,0,0,0,,0,0,0,,0,,0,,0,,0,0,,0,0,,0,,,100,0,0,0,0,0,0,0,0,0,0,0
2024,869,Tutu Atwell,LA,WR,1,1,DET,3.571428571428571,0,8.1,1,4.8,0,0,0,0,,0,0,0,0,,,0,,0,,0,,0,0,0,0,0,0,0,0,,0,0,0,,0,,0,,0,,0,0,,0,0,,0,,,100,0,0,0,0,0,0,0,0,0,0,0
2024,870,Kylen Granson,IND,TE,1,1,HST,5,33.33333333333333,58.1,1,25,1,25,0,1,9,9,17.6,0,0,0,0,0,0,0,0,0,0,0,0,0,1,0,0,0,0,0,1,25,0,0,0,0,0,0,0,0,0,0,0,0,0,0,33.3,-7.26,-3.87,0,100,0,0,0,0,0,0,0,0,0,0
2024,871,Kylen Granson,IND,TE,1,3,CHI,15,0,48.1,3,42.9,0,0,0,0,,0,0,0,0,,,0,,0,,0,,0,0,0,0,0,0,0,0,,0,0,0,,0,,0,,0,,0,0,,0,0,,0,,,0,100,0,0,0,0,0,0,0,0,0,0
2024,872,Kylen Granson,IND,TE,1,4,PIT,15,0,29.7,3,25,0,0,0,0,,0,0,0,0,,,0,,0,,0,,0,0,0,0,0,0,0,0,,0,0,0,,0,,0,,0,,0,0,,0,0,,0,,,0,33.3,66.7,0,0,0,0,0,0,0,0,0
2024,873,Kylen Granson,IND,TE,1,5,JAX,10,0,26.1,2,15.4,0,0,0,0,,0,0,0,0,,,0,,0,,0,,0,0,0,0,0,0,0,0,,0,0,0,,0,,0,,0,,0,0,,0,0,,0,,,0,50,50,0,0,0,0,0,0,0,0,0
2024,874,Kylen Granson,IND,TE,1,6,TEN,5,0,24.2,1,10,0,0,0,0,,0,0,0,0,,,0,,0,,0,,0,0,0,0,0,0,0,0,,0,0,0,,0,,0,,0,,0,0,,0,0,,0,,,0,0,100,0,0,0,0,0,0,0,0,0
2024,875,Jaelon Darden,CLV,WR,1,6,PHI,100,0,13.2,1,14.3,0,0,0,0,,0,0,0,0,,,0,,0,,0,,0,0,0,0,0,0,0,0,,0,0,0,,0,,0,,0,,0,0,,0,0,,0,,,0,100,0,0,0,0,0,0,0,0,0,0
2024,876,Luke Farrell,JAX,TE,1,3,BUF,50,100,36.8,2,11.8,1,5.9,0,0.5,4,4,4.1,0,0,0,0,0,0,0,0,0,0,0,0,0,0,0,0,0,0,39.6,1,7.1,0,0,0,0,0,0,0,0,0,0,0,0,0,0,20,-6.07,-0.861,0,50,50,0,0,0,0,0.02,-0.02,0,0.01,0
2024,877,Luke Farrell,JAX,TE,1,4,HST,50,0,46.6,2,14.3,0,0,0,0,,0,0,0,0,,,0,,0,,0,,0,0,0,0,0,0,0,0,,0,0,0,,0,,0,,0,,0,0,,0,0,,0,,,0,0,100,0,0,0,0,0,0,0,0,0
2024,878,Pat Freiermuth,PIT,TE,1,3,LAC,20,10,81.5,7,77.8,1,11.1,0,0.14,10,10,13.3,0,0,0,0,0,0,0,0,0,0,0,0,0,0,0,0,0,0,39.6,1,11.1,0,0,1,100,0,0,1,100,0,0,0,0,0,0,12.5,-7.77,-0.255,28.6,42.9,28.6,0,0,2.1,0,2.13,-2.13,0,0.3,2.1
2024,879,Pat Freiermuth,PIT,TE,1,5,DAL,14.285714285714285,0,80.7,5,62.5,0,0,0,0,,0,0,0,0,,,0,,0,,0,,0,0,0,0,0,0,0,0,,0,0,0,,0,,0,,0,,0,0,,0,0,,0,,,60,20,20,0,-1,0,-1,0,-1,0,0,0
2024,880,Ja'Marr Chase,CIN,WR,1,4,CAR,12.903225806451612,12.5,79,8,100,2,25,0,0.25,13,26,38.2,0,0,0,0,0,0,0,0,0,0,0,0,0,1,1,0,0,0,0,1,16.7,0,0,0,0,1,0,0,0,0,0,0,0,0,0,25,-7.83,-2.792,37.5,62.5,0,0,0,0.1,0,0.13,-0.13,0,0.02,0.1
2024,881,DeVonta Smith,PHI,WR,1,3,NO,18.181818181818183,7.6923076923076925,77.6,6,85.7,1,14.3,0,0.17,15,15,19.5,0,0,0,0,0,0,0,0,0,0,0,0,0,1,1,0,0,0,0,1,25,0,0,0,0,0,0,0,0,0,0,0,0,0,0,14.3,-10.41,-4.899,66.7,33.3,0,0,0,0,0,-0.01,0.01,0,0,0
2024,882,Kyle Pitts,ATL,TE,1,2,PHI,8.88888888888889,0,72.4,4,50,0,0,0,0,,0,0,0,0,,,0,,0,,0,,0,0,0,0,0,0,0,0,,0,0,0,,0,,0,,0,,0,0,,0,0,,0,,,0,75,25,0,0,0,0,0,0,0,0,0
2024,883,Kyle Pitts,ATL,TE,1,3,KC,20,20,67.9,9,60,1,6.7,0,0.11,12,12,19,0,0,0,0,0,0,0,0,0,0,0,0,0,1,1,0,0,0,39.6,1,6.7,0,0,0,0,0,0,0,0,0,0,0,0,0,0,7.7,-8.67,-1.465,55.6,11.1,33.3,0,0,0,0,0.01,-0.01,0,0,0
2024,884,Kyle Pitts,ATL,TE,1,4,NO,6.666666666666667,0,64.7,3,33.3,0,0,0,0,,0,0,0,0,,,0,,0,,0,,0,0,0,0,0,0,0,0,,0,0,0,,0,,0,,0,,0,0,,0,0,,0,,,33.3,33.3,33.3,0,0,0,0,0,0,0,0,0
2024,885,Kyle Pitts,ATL,TE,1,6,CAR,20,0,64.7,9,75,0,0,0,0,,0,0,0,0,,,0,,0,,0,,0,0,0,0,0,0,0,0,,0,0,0,,0,,0,,0,,0,0,,0,0,,0,,,88.9,0,11.1,0,0,0,0,0,0,0,0,0
2024,886,Elijah Moore,CLV,WR,1,6,PHI,11.76470588235294,0,66,4,57.1,0,0,0,0,,0,0,0,0,,,0,,0,,0,,0,0,0,0,0,0,0,0,,0,0,0,,0,,0,,0,,0,0,,0,0,,0,,,25,75,0,0,0,0,0,0,0,0,0,0
2024,887,Josh Palmer,LAC,WR,1,1,LV,37.03703703703704,40,79.6,10,100,2,20,0,0.2,15,30,28.8,0,0,0,0,0,0,0,0,0,0,0,0.7,0,1,1,0,0,0,39.6,0,0,0,0,1,50,0,0,1,50,0,0,0,0,0,0,20,-10.29,-1.175,50,50,0,0,0,5.9,0,5.87,-5.87,0,0.59,5.9
2024,888,Josh Palmer,LAC,WR,1,2,CAR,11.11111111111111,0,41.5,3,75,0,0,0,0,,0,0,0,0,,,0,,0,,0,,0,0,0,0,0,0,0,0,,0,0,0,,0,,0,,0,,0,0,,0,0,,0,,,66.7,33.3,0,0,0,0,0,0,0,0,0,0
2024,889,Hunter Long,LA,TE,1,1,DET,16.666666666666664,0,4.1,1,4.8,0,0,0,0,,0,0,0,0,,,0,,0,,0,,0,0,0,0,0,0,0,0,,0,0,0,,0,,0,,0,,0,0,,0,0,,0,,,0,0,100,0,0,0,0,0,0,0,0,0
2024,890,Hunter Long,LA,TE,1,2,ARZ,16.666666666666664,0,19.2,1,12.5,0,0,0,0,,0,0,0,0,,,0,,0,,0,,0,0,0,0,0,0,0,0,,0,0,0,,0,,0,,0,,0,0,,0,0,,0,,,0,0,100,0,0,0,0,0,0,0,0,0
2024,891,Hunter Long,LA,TE,1,3,SF,16.666666666666664,0,43.6,1,16.7,0,0,0,0,,0,0,0,0,,,0,,0,,0,,0,0,0,0,0,0,0,0,,0,0,0,,0,,0,,0,,0,0,,0,0,,0,,,100,0,0,0,0,0,0,0,0,0,0,0
2024,892,Tommy Tremble,CAR,TE,1,2,LAC,14.285714285714285,0,47.8,3,42.9,0,0,0,0,,0,0,0,0,,,0,,0,,0,,0,0,0,0,0,0,0,0,,0,0,0,,0,,0,,0,,0,0,,0,0,,0,,,33.3,33.3,33.3,0,0,0,0,0,0,0,0,0
2024,893,Tommy Tremble,CAR,TE,1,4,CIN,38.095238095238095,0,85.7,8,80,0,0,0,0,,0,0,0,0,,,0,,0,,0,,0,0,0,0,0,0,0,0,,0,0,0,,0,,0,,0,,0,0,,0,0,,0,,,37.5,12.5,50,0,0,0,0,0,0,0,0,0
2024,894,Tommy Tremble,CAR,TE,1,5,CHI,4.761904761904762,0,27.6,1,8.3,0,0,0,0,,0,0,0,0,,,0,,0,,0,,0,0,0,0,0,0,0,0,,0,0,0,,0,,0,,0,,0,0,,0,0,,0,,,0,0,100,0,0,0,0,0,0,0,0,0
2024,895,Grant Calcaterra,PHI,TE,1,3,NO,12.5,0,35.8,2,28.6,0,0,0,0,,0,0,0,0,,,0,,0,,0,,0,0,0,0,0,0,0,0,,0,0,0,,0,,0,,0,,0,0,,0,0,,0,,,0,0,100,0,0,0,0,0,0,0,0,0
2024,896,Bo Melton,GB,WR,1,4,MIN,25,25,14.9,2,10,1,5,0,0.5,37,37,22.4,0,0,0,0,0,0,0,0,0,0,0,0,0,0,1,0,0,0,39.6,1,7.1,0,0,0,0,1,0,0,0,0,0,0,0,0,0,50,-14.82,-2.505,50,50,0,0,0,0,0,-0.03,0.03,0,-0.02,0
2024,897,Jake Tonges,SF,TE,1,3,LA,66.66666666666666,0,20,2,20,0,0,0,0,,0,0,0,0,,,0,,0,,0,,0,0,0,0,0,0,0,0,,0,0,0,,0,,0,,0,,0,0,,0,0,,0,,,100,0,0,0,0,0,0,0,0,0,0,0
2024,898,Jake Tonges,SF,TE,1,4,NE,33.33333333333333,0,8.3,1,9.1,0,0,0,0,,0,0,0,0,,,0,,0,,0,,0,0,0,0,0,0,0,0,,0,0,0,,0,,0,,0,,0,0,,0,0,,0,,,100,0,0,0,0,0,0,0,0,0,0,0
2024,899,Chris Olave,NO,WR,1,2,DAL,2.941176470588235,10,71.4,1,50,1,50,0,1,6,6,200,0,0,0,0,0,0,0,0,0,0,0,0,0,0,0,0,0,0,39.6,0,0,0,0,1,100,0,0,0,0,1,0,0,0,0,0,50,-6.95,-1.153,0,100,0,0,0,1,0,0.96,-0.96,0,0.96,1
2024,900,Jameson Williams,DET,WR,1,1,LA,15.625,0,85.2,5,83.3,0,0,0,0,,0,0,0,0,,,0,,0,,0,,0,0,0,0,0,0,0,0,,0,0,0,,0,,0,,0,,0,0,,0,0,,0,,,80,20,0,0,0,0,0,0,0,0,0,0
2024,901,Jameson Williams,DET,WR,1,3,ARZ,15.625,20,70.6,5,100,1,20,0,0.2,45,45,63.4,0,0,0,0,0,0,0,0,0,0,0,0,0,0,1,0,0,0,39.6,1,20,0,0,0,0,1,0,0,0,0,0,0,0,0,0,20,-15,-1.764,60,40,0,0,0,0.1,0,0.09,-0.09,0,0.02,0.1
2024,902,Jameson Williams,DET,WR,1,4,SEA,12.5,0,96,4,66.7,0,0,0,0,,0,0,0,0,,,0,,0,,0,,0,0,0,0,0,0,0,0,,0,0,0,,0,,0,,0,,0,0,,0,0,,0,,,50,50,0,0,0,0,0,0,0,0,0,0
2024,903,George Pickens,PIT,WR,1,6,LV,17.073170731707318,6.666666666666667,64.5,7,100,1,14.3,0,0.14,6,6,7.4,0,0,0,0,0,0,0,0,0,0,0,0.76,0,1,1,0,0,0,39.6,1,16.7,0,0,1,100,0,0,1,100,1,0,0,0,0,0,14.3,-6.95,-0.358,57.1,42.9,0,0,0,5.5,0,5.5,-5.5,0,0.79,5.5
2024,904,Greg Dulcich,DEN,TE,1,1,SEA,40,0,66.7,8,57.1,0,0,0,0,,0,0,0,0,,,0,,0,,0,,0,0,0,0,0,0,0,0,,0,0,0,,0,,0,,0,,0,0,,0,0,,0,,,12.5,50,37.5,0,0,0,0,0,0,0,0,0
2024,905,Greg Dulcich,DEN,TE,1,3,TB,10,0,21.9,2,33.3,0,0,0,0,,0,0,0,0,,,0,,0,,0,,0,0,0,0,0,0,0,0,,0,0,0,,0,,0,,0,,0,0,,0,0,,0,,,0,50,50,0,0,0,0,0,0,0,0,0
2024,906,Greg Dulcich,DEN,TE,1,4,NYJ,10,0,37.5,2,100,0,0,0,0,,0,0,0,0,,,0,,0,,0,,0,0,0,0,0,0,0,0,,0,0,0,,0,,0,,0,,0,0,,0,0,,0,,,100,0,0,0,0,0,0,0,0,0,0,0
2024,907,Jalen Nailor,MIN,WR,1,4,GB,6.451612903225806,14.285714285714285,21.9,2,40,1,20,0,0.5,6,6,11.5,0,0,0,0,0,0,0,0,0,0,0,0,0,0,0,0,0,0,39.6,1,25,0,0,0,0,0,0,0,0,0,0,0,0,0,0,50,-6.95,-1.062,50,50,0,0,0,0.1,0,0.1,-0.1,0,0.05,0.1
2024,908,Jalen Nailor,MIN,WR,1,5,NYJ,22.58064516129032,0,56.1,7,70,0,0,0,0,,0,0,0,0,,,0,,0,,0,,0,0,0,0,0,0,0,0,,0,0,0,,0,,0,,0,,0,0,,0,0,,0,,,71.4,28.6,0,0,0,0,0,0,0,0,0,0
2024,909,Andrew Ogletree,IND,TE,1,4,PIT,25,0,37.5,2,16.7,0,0,0,0,,0,0,0,0,,,0,,0,,0,,0,0,0,0,0,0,0,0,,0,0,0,,0,,0,,0,,0,0,,0,0,,0,,,50,50,0,0,0,0,0,0,0,0,0,0
2024,910,Tanner Conner,MIA,TE,1,1,JAX,25,0,4.6,1,7.1,0,0,0,0,,0,0,0,0,,,0,,0,,0,,0,0,0,0,0,0,0,0,,0,0,0,,0,,0,,0,,0,0,,0,0,,0,,,100,0,0,0,0,0,0,0,0,0,0,0
2024,911,Tanner Conner,MIA,TE,1,3,SEA,25,0,14.3,1,9.1,0,0,0,0,,0,0,0,0,,,0,,0,,0,,0,0,0,0,0,0,0,0,,0,0,0,,0,,0,,0,,0,0,,0,0,,0,,,0,100,0,0,0,0,0,0,0,0,0,0
2024,912,Brandon Johnson,PIT,WR,1,5,DAL,100,0,8.8,2,25,0,0,0,0,,0,0,0,0,,,0,,0,,0,,0,0,0,0,0,0,0,0,,0,0,0,,0,,0,,0,,0,0,,0,0,,0,,,50,50,0,0,0,0,0,0,0,0,0,0
2024,913,Stone Smartt,LAC,TE,1,1,LV,50,0,9.3,1,10,0,0,0,0,,0,0,0,0,,,0,,0,,0,,0,0,0,0,0,0,0,0,,0,0,0,,0,,0,,0,,0,0,,0,0,,0,,,0,0,100,0,0,0,0,0,0,0,0,0
2024,914,Stone Smartt,LAC,TE,1,6,DEN,50,0,13.3,1,14.3,0,0,0,0,,0,0,0,0,,,0,,0,,0,,0,0,0,0,0,0,0,0,,0,0,0,,0,,0,,0,,0,0,,0,0,,0,,,100,0,0,0,0,0,0,0,0,0,0,0
2024,915,Lucas Krull,DEN,TE,1,5,LV,20,0,31,2,40,0,0,0,0,,0,0,0,0,,,0,,0,,0,,0,0,0,0,0,0,0,0,,0,0,0,,0,,0,,0,,0,0,,0,0,,0,,,50,0,50,0,0,0,0,0,0,0,0,0
2024,916,Rashid Shaheed,NO,WR,1,2,DAL,5.128205128205128,7.142857142857142,66.1,2,100,1,50,0,0.5,-3,-3,-100,0,0,0,0,1,100,3,3,0,0,0,0.03,0,1,0,0,0,0,79.2,1,100,1,100,1,100,0,0,0,0,0,0,0,0,0,0,50,-4.94,-0.311,50,50,0,0,1,1.7,1,1.75,-0.75,0.5,0.87,1.7
2024,917,Rashid Shaheed,NO,WR,1,3,PHI,17.94871794871795,14.285714285714285,74.5,7,87.5,2,25,0,0.29,21.5,43,50,0,0,0,0,0,0,0,0,0,0,0,0.01,0,0,0,0,0,0,0,2,28.6,0,0,1,50,1,0,0,0,1,0,0,0,0,0,28.6,-11.19,-0.962,28.6,71.4,0,0,0,1.8,0,1.77,-1.77,0,0.25,1.8
2024,918,Rashid Shaheed,NO,WR,1,6,TB,20.51282051282051,7.142857142857142,80.3,8,88.9,1,11.1,0,0.13,26,26,31.7,0,0,0,0,0,0,0,0,0,0,0,0,0,0,0,0,0,0,0,1,14.3,0,0,0,0,1,0,0,0,0,0,0,0,0,0,12.5,-13.01,-3.918,62.5,37.5,0,0,0,0,0,0.01,-0.01,0,0,0
2024,919,John Metchie,HST,WR,1,6,NE,50,0,37.1,2,33.3,0,0,0,0,,0,0,0,0,,,0,,0,,0,,0,0,0,0,0,0,0,0,,0,0,0,,0,,0,,0,,0,0,,0,0,,0,,,50,50,0,0,0,0,0,0,0,0,0,0
2024,920,Alec Pierce,IND,WR,1,1,HST,6.382978723404255,0,83.7,3,75,0,0,0,0,,0,0,0,0,,,0,,0,,0,,0,0,0,0,0,0,0,0,,0,0,0,,0,,0,,0,,0,0,,0,0,,0,,,33.3,66.7,0,0,0,0,0,0,0,0,0,0
2024,921,Alec Pierce,IND,WR,1,3,CHI,10.638297872340425,0,77.8,5,71.4,0,0,0,0,,0,0,0,0,,,0,,0,,0,,0,0,0,0,0,0,0,0,,0,0,0,,0,,0,,0,,0,0,,0,0,,0,,,100,0,0,0,0,0,0,0,0,0,0,0
2024,922,Alec Pierce,IND,WR,1,4,PIT,19.148936170212767,0,84.4,9,75,0,0,0,0,,0,0,0,0,,,0,,0,,0,,0,0,0,0,0,0,0,0,,0,0,0,,0,,0,,0,,0,0,,0,0,,0,,,55.6,44.4,0,0,0,0,0,0,0,0,0,0
2024,923,Alec Pierce,IND,WR,1,5,JAX,23.404255319148938,0,73.9,11,84.6,0,0,0,0,,0,0,0,0,,,0,,0,,0,,0,0,0,0,0,0,0,0,,0,0,0,,0,,0,,0,,0,0,,0,0,,0,,,81.8,18.2,0,0,0,0,0,0,0,0,0,0
2024,924,Alec Pierce,IND,WR,1,6,TEN,14.893617021276595,0,87.9,7,70,0,0,0,0,,0,0,0,0,,,0,,0,,0,,0,0,0,0,0,0,0,0,,0,0,0,,0,,0,,0,,0,0,,0,0,,0,,,71.4,28.6,0,0,0,0,0,0,0,0,0,0
2024,925,Jalen Tolbert,DAL,WR,1,1,CLV,14.285714285714285,0,66.7,10,66.7,0,0,0,0,,0,0,0,0,,,0,,0,,0,,0,0,0,0,0,0,0,0,,0,0,0,,0,,0,,0,,0,0,,0,0,,0,,,90,10,0,0,0,0,0,0,0,0,0,0
2024,926,Jahan Dotson,PHI,WR,1,1,GB,19.35483870967742,33.33333333333333,40.5,6,60,1,10,0,0.17,0,0,0,0,0,0,0,0,0,0,0,0,0,0,0,0,1,0,0,0,0,39.6,0,0,0,0,0,0,0,0,0,0,0,0,0,0,0,0,16.7,-6.04,-0.763,66.7,33.3,0,0,0,0,0,-0.01,0.01,0,0,0
2024,927,Jahan Dotson,PHI,WR,1,4,TB,16.129032258064516,0,85.7,5,71.4,0,0,0,0,,0,0,0,0,,,0,,0,,0,,0,0,0,0,0,0,0,0,,0,0,0,,0,,0,,0,,0,0,,0,0,,0,,,40,60,0,0,0,0,0,0,0,0,0,0
2024,928,Jahan Dotson,PHI,WR,1,6,CLV,9.67741935483871,0,35.5,3,42.9,0,0,0,0,,0,0,0,0,,,0,,0,,0,,0,0,0,0,0,0,0,0,,0,0,0,,0,,0,,0,,0,0,,0,0,,0,,,100,0,0,0,0,0,0,0,0,0,0,0
2024,929,Treylon Burks,TEN,WR,1,2,NYJ,28.57142857142857,0,50,4,57.1,0,0,0,0,,0,0,0,0,,,0,,0,,0,,0,0,0,0,0,0,0,0,,0,0,0,,0,,0,,0,,0,0,,0,0,,0,,,75,25,0,0,0,0,0,0,0,0,0,0
2024,930,Treylon Burks,TEN,WR,1,6,IND,7.142857142857142,0,16.4,1,16.7,0,0,0,0,,0,0,0,0,,,0,,0,,0,,0,0,0,0,0,0,0,0,,0,0,0,,0,,0,,0,,0,0,,0,0,,0,,,100,0,0,0,0,0,0,0,0,0,0,0
2024,931,KaVontae Turpin,DAL,WR,1,1,CLV,3.8461538461538463,6.666666666666667,10,1,6.7,1,6.7,0,1,14,14,8.8,0,0,0,0,0,0,0,0,0,0,0,0,0,0,0,0,0,0,39.6,1,7.1,0,0,1,100,0,0,1,100,1,0,0,0,0,0,100,-9.81,-0.502,0,100,0,0,0,1.9,0,1.87,-1.87,0,1.87,1.9
2024,932,Jeremy Ruckert,NYJ,TE,1,1,SF,16.666666666666664,0,34.7,1,14.3,0,0,0,0,,0,0,0,0,,,0,,0,,0,,0,0,0,0,0,0,0,0,,0,0,0,,0,,0,,0,,0,0,,0,0,,0,,,100,0,0,0,0,0,0,0,0,0,0,0
2024,933,Jeremy Ruckert,NYJ,TE,1,2,TEN,16.666666666666664,33.33333333333333,37.5,1,10,1,10,0,1,18,18,16.8,0,0,0,0,0,0,0,0,0,0,0,0,0,1,1,0,0,0,39.6,1,12.5,0,0,0,0,0,0,0,0,0,0,0,0,0,0,50,-12.97,-0.89,0,100,0,0,0,0,0,-0.01,0.01,0,-0.01,0
2024,934,Jeremy Ruckert,NYJ,TE,1,5,MIN,16.666666666666664,0,33.8,1,5.9,0,0,0,0,,0,0,0,0,,,0,,0,,0,,0,0,0,0,0,0,0,0,,0,0,0,,0,,0,,0,,0,0,,0,0,,0,,,0,100,0,0,0,0,0,0,0,0,0,0
2024,935,Jeremy Ruckert,NYJ,TE,1,6,BUF,16.666666666666664,33.33333333333333,47.5,1,11.1,1,11.1,0,1,18,18,16.1,0,0,0,0,0,0,0,0,0,0,0,0,0,0,0,0,0,0,39.6,1,12.5,0,0,1,100,0,0,0,0,1,0,0,0,0,0,100,-12.97,-0.537,0,100,0,0,0,1.9,0,1.9,-1.9,0,1.9,1.9
2024,936,Chig Okonkwo,TEN,TE,1,2,NYJ,16.666666666666664,0,48.3,3,42.9,0,0,0,0,,0,0,0,0,,,0,,0,,0,,0,0,0,0,0,0,0,0,,0,0,0,,0,,0,,0,,0,0,,0,0,,0,,,0,100,0,0,0,0,0,0,0,0,0,0
2024,937,Romeo Doubs,GB,WR,1,2,IND,6.666666666666667,0,77.6,3,75,0,0,0,0,,0,0,0,0,,,0,,0,,0,,0,0,0,0,0,0,0,0,,0,0,0,,0,,0,,0,,0,0,,0,0,,0,,,100,0,0,0,0,0,0,0,0,0,0,0
2024,938,Romeo Doubs,GB,WR,1,3,TEN,11.11111111111111,16.666666666666664,71.2,5,55.6,1,11.1,0,0.2,39,39,45.9,0,0,0,0,0,0,0,0,0,0,0,0,0,0,1,0,0,0,39.6,1,11.1,0,0,0,0,1,0,0,0,0,0,0,0,0,0,12.5,-14.89,-1.841,80,20,0,0,0,0,0,0,0,0,0,0
2024,939,Calvin Austin,PIT,WR,1,2,DEN,14.285714285714285,8.333333333333332,44.8,5,83.3,1,16.7,0,0.2,17,17,27.9,0,0,0,0,0,0,0,0,0,0,0,0,0,0,0,0,0,0,39.6,1,20,0,0,1,100,0,0,0,0,0,0,0,0,0,0,20,-11.67,-1.07,40,60,0,0,0,1.8,0,1.76,-1.76,0,0.35,1.8
2024,940,Calvin Austin,PIT,WR,1,5,DAL,22.857142857142858,8.333333333333332,77.2,8,100,1,12.5,0,0.13,37,37,28.7,0,0,0,0,0,0,0,0,0,0,0,0,0,0,0,0,0,0,39.6,0,0,0,0,0,0,1,0,0,0,0,0,0,0,0,0,12.5,-14.82,-0.023,75,25,0,0,0,0,0,0.03,-0.03,0,0,0
2024,941,Charlie Kolar,BLT,TE,1,4,BUF,100,0,33.3,1,20,0,0,0,0,,0,0,0,0,,,0,,0,,0,,0,0,0,0,0,0,0,0,,0,0,0,,0,,0,,0,,0,0,,0,0,,0,,,0,0,100,0,0,0,0,0,0,0,0,0
2024,942,Skyy Moore,KC,WR,1,1,BLT,33.33333333333333,0,18,1,10,0,0,0,0,,0,0,0,0,,,0,,0,,0,,0,0,0,0,0,0,0,0,,0,0,0,,0,,0,,0,,0,0,,0,0,,0,,,0,100,0,0,0,0,0,0,0,0,0,0
2024,943,Skyy Moore,KC,WR,1,3,ATL,33.33333333333333,0,20.8,1,7.7,0,0,0,0,,0,0,0,0,,,0,,0,,0,,0,0,0,0,0,0,0,0,,0,0,0,,0,,0,,0,,0,0,,0,0,,0,,,100,0,0,0,0,0,0,0,0,0,0,0
2024,944,Skyy Moore,KC,WR,1,4,LAC,33.33333333333333,100,22.4,1,12.5,1,12.5,0,1,2,2,4.9,0,0,0,0,0,0,0,0,0,0,0,0,0,0,0,0,0,0,39.6,1,16.7,0,0,1,100,0,0,1,100,0,0,0,0,0,0,100,-5.33,-1.793,0,100,0,0,0,1.6,0,1.64,-1.64,0,1.64,1.6
2024,945,Erik Ezukanma,MIA,WR,1,3,SEA,100,100,17.9,2,18.2,1,9.1,0,0.5,47,47,62.7,0,0,0,0,0,0,0,0,0,0,0,0,0,0,1,0,0,0,39.6,0,0,0,0,0,0,1,0,0,0,0,0,0,0,0,0,50,-15,-1.456,50,50,0,0,0,0,0,-0.02,0.02,0,-0.01,0
2024,946,Tyquan Thornton,NE,WR,1,1,CIN,17.647058823529413,0,57.8,3,60,0,0,0,0,,0,0,0,0,,,0,,0,,0,,0,0,0,0,0,0,0,0,,0,0,0,,0,,0,,0,,0,0,,0,0,,0,,,100,0,0,0,0,0,0,0,0,0,0,0
2024,947,Tyquan Thornton,NE,WR,1,2,SEA,47.05882352941176,0,47,8,100,0,0,0,0,,0,0,0,0,,,0,,0,,0,,0,0,0,0,0,0,0,0,,0,0,0,,0,,0,,0,,0,0,,0,0,,0,,,100,0,0,0,0,0,0,0,0,0,0,0
2024,948,Tyquan Thornton,NE,WR,1,3,NYJ,17.647058823529413,0,29.2,3,25,0,0,0,0,,0,0,0,0,,,0,,0,,0,,0,0,0,0,0,0,0,0,,0,0,0,,0,,0,,0,,0,0,,0,0,,0,,,100,0,0,0,0,0,0,0,0,0,0,0
2024,949,Tyquan Thornton,NE,WR,1,4,SF,17.647058823529413,0,21,3,60,0,0,0,0,,0,0,0,0,,,0,,0,,0,,0,0,0,0,0,0,0,0,,0,0,0,,0,,0,,0,,0,0,,0,0,,0,,,100,0,0,0,0,0,0,0,0,0,0,0
2024,950,Daniel Bellinger,NYG,TE,1,3,CLV,100,0,37.7,3,33.3,0,0,0,0,,0,0,0,0,,,0,,0,,0,,0,0,0,0,0,0,0,0,,0,0,0,,0,,0,,0,,0,0,,0,0,,0,,,0,100,0,0,0,0,0,0,0,0,0,0
2024,951,Christian Watson,GB,WR,1,4,MIN,5,0,12.2,1,5,0,0,0,0,,0,0,0,0,,,0,,0,,0,,0,0,0,0,0,0,0,0,,0,0,0,,0,,0,,0,,0,0,,0,0,,0,,,100,0,0,0,0,0,0,0,0,0,0,0
2024,952,Cade Otton,TB,TE,1,1,WAS,19.148936170212767,0,85.2,9,81.8,0,0,0,0,,0,0,0,0,,,0,,0,,0,,0,0,0,0,0,0,0,0,,0,0,0,,0,,0,,0,,0,0,,0,0,,0,,,33.3,44.4,22.2,0,0,0,0,0,0,0,0,0
2024,953,Cade Otton,TB,TE,1,2,DET,10.638297872340425,0,100,5,71.4,0,0,0,0,,0,0,0,0,,,0,,0,,0,,0,0,0,0,0,0,0,0,,0,0,0,,0,,0,,0,,0,0,,0,0,,0,,,20,40,40,0,0,0,0,0,0,0,0,0
2024,954,Xavier Smith,LA,WR,1,4,CHI,33.33333333333333,0,3.4,1,11.1,0,0,0,0,,0,0,0,0,,,0,,0,,0,,0,0,0,0,0,0,0,0,,0,0,0,,0,,0,,0,,0,0,,0,0,,0,,,100,0,0,0,0,0,0,0,0,0,0,0
2024,955,Dontayvion Wicks,GB,WR,1,1,PHI,9.67741935483871,7.142857142857142,46.6,3,25,1,8.3,0,0.33,8,8,5.1,0,0,0,0,0,0,0,0,0,0,0,0,0,0,0,0,0,0,39.6,1,11.1,0,0,1,100,0,0,1,100,0,0,0,0,0,0,25,-7.51,-0.476,66.7,33.3,0,0,0,1.8,0,1.82,-1.82,0,0.61,1.8
2024,956,Dontayvion Wicks,GB,WR,1,3,TEN,6.451612903225806,7.142857142857142,45.8,2,22.2,1,11.1,0,0.5,26,26,30.6,0,0,0,0,0,0,0,0,0,0,0,0,0,0,0,0,0,0,39.6,1,11.1,0,0,0,0,1,0,0,0,0,0,0,0,0,0,20,-13.01,-1.13,0,100,0,0,0,0.2,0,0.17,-0.17,0,0.09,0.2
2024,957,Will Mallory,IND,TE,1,4,PIT,45.45454545454545,0,17.2,5,41.7,0,0,0,0,,0,0,0,0,,,0,,0,,0,,0,0,0,0,0,0,0,0,,0,0,0,,0,,0,,0,,0,0,,0,0,,0,,,20,80,0,0,0,0,0,0,0,0,0,0
2024,958,Will Mallory,IND,TE,1,6,TEN,9.090909090909092,0,13.6,1,10,0,0,0,0,,0,0,0,0,,,0,,0,,0,,0,0,0,0,0,0,0,0,,0,0,0,,0,,0,,0,,0,0,,0,0,,0,,,0,100,0,0,0,0,0,0,0,0,0,0
2024,959,Malik Heath,GB,WR,1,5,LA,83.33333333333334,0,75.9,5,62.5,0,0,0,0,,0,0,0,0,,,0,,0,,0,,0,0,0,0,0,0,0,0,,0,0,0,,0,,0,,0,,0,0,,0,0,,0,,,80,20,0,0,0,0,0,0,0,0,0,0
2024,960,Xavier Gipson,NYJ,WR,1,1,SF,30.76923076923077,0,57.1,4,57.1,0,0,0,0,,0,0,0,0,,,0,,0,,0,,0,0,0,0,0,0,0,0,,0,0,0,,0,,0,,0,,0,0,,0,0,,0,,,25,75,0,0,0,0,0,0,0,0,0,0
2024,961,Xavier Gipson,NYJ,WR,1,2,TEN,7.6923076923076925,0,10.7,1,10,0,0,0,0,,0,0,0,0,,,0,,0,,0,,0,0,0,0,0,0,0,0,,0,0,0,,0,,0,,0,,0,0,,0,0,,0,,,100,0,0,0,0,0,0,0,0,0,0,0
2024,962,Xavier Gipson,NYJ,WR,1,6,BUF,15.384615384615385,0,20.3,2,22.2,0,0,0,0,,0,0,0,0,,,0,,0,,0,,0,0,0,0,0,0,0,0,,0,0,0,,0,,0,,0,,0,0,,0,0,,0,,,100,0,0,0,0,0,0,0,0,0,0,0
2024,963,Grant DuBose,MIA,WR,1,1,JAX,36.36363636363637,0,16.9,4,28.6,0,0,0,0,,0,0,0,0,,,0,,0,,0,,0,0,0,0,0,0,0,0,,0,0,0,,0,,0,,0,,0,0,,0,0,,0,,,75,25,0,0,0,0,0,0,0,0,0,0
2024,964,Grant DuBose,MIA,WR,1,2,BUF,63.63636363636363,100,34.7,7,38.9,1,5.6,0,0.14,16,16,12.9,0,0,0,0,0,0,0,0,0,0,0,0,0,0,0,0,0,0,39.6,1,7.1,0,0,0,0,0,0,0,0,0,0,0,0,0,0,11.1,-10.1,-0.575,57.1,42.9,0,0,0,0,0,-0.01,0.01,0,0,0
2024,965,Quentin Johnston,LAC,WR,1,1,LV,33.33333333333333,0,66.7,8,80,0,0,0,0,,0,0,0,0,,,0,,0,,0,,0,0,0,0,0,0,0,0,,0,0,0,,0,,0,,0,,0,0,,0,0,,0,,,100,0,0,0,0,0,0,0,0,0,0,0
2024,966,Quentin Johnston,LAC,WR,1,2,CAR,12.5,0,69.2,3,75,0,0,0,0,,0,0,0,0,,,0,,0,,0,,0,0,0,0,0,0,0,0,,0,0,0,,0,,0,,0,,0,0,,0,0,,0,,,100,0,0,0,0,0,0,0,0,0,0,0
2024,967,Quentin Johnston,LAC,WR,1,3,PIT,16.666666666666664,0,80,4,80,0,0,0,0,,0,0,0,0,,,0,,0,,0,,0,0,0,0,0,0,0,0,,0,0,0,,0,,0,,0,,0,0,,0,0,,0,,,100,0,0,0,0,0,0,0,0,0,0,0
2024,968,Quentin Johnston,LAC,WR,1,4,KC,29.166666666666668,0,77.4,7,87.5,0,0,0,0,,0,0,0,0,,,0,,0,,0,,0,0,0,0,0,0,0,0,,0,0,0,,0,,0,,0,,0,0,,0,0,,0,,,100,0,0,0,0,0,0,0,0,0,0,0
2024,969,Quentin Johnston,LAC,WR,1,6,DEN,8.333333333333332,0,41.3,2,28.6,0,0,0,0,,0,0,0,0,,,0,,0,,0,,0,0,0,0,0,0,0,0,,0,0,0,,0,,0,,0,,0,0,,0,0,,0,,,100,0,0,0,0,0,0,0,0,0,0,0
2024,970,Luke Schoonmaker,DAL,TE,1,1,CLV,25,0,30,3,20,0,0,0,0,,0,0,0,0,,,0,,0,,0,,0,0,0,0,0,0,0,0,,0,0,0,,0,,0,,0,,0,0,,0,0,,0,,,33.3,66.7,0,0,0,0,0,0,0,0,0,0
2024,971,Luke Schoonmaker,DAL,TE,1,3,BLT,25,33.33333333333333,31.4,3,20,1,6.7,0,0.33,15,15,8.2,0,0,0,0,0,0,0,0,0,0,0,0,0,1,1,0,0,0,39.6,1,7.7,0,0,0,0,0,0,0,0,0,0,0,0,0,0,33.3,-10.64,-0.449,0,100,0,0,0,0,0,0,0,0,0,0
2024,972,Luke Schoonmaker,DAL,TE,1,4,NYG,8.333333333333332,0,37.3,1,10,0,0,0,0,,0,0,0,0,,,0,,0,,0,,0,0,0,0,0,0,0,0,,0,0,0,,0,,0,,0,,0,0,,0,0,,0,,,0,100,0,0,0,0,0,0,0,0,0,0
2024,973,Darnell Washington,PIT,TE,1,1,ATL,14.285714285714285,0,56.1,1,12.5,0,0,0,0,,0,0,0,0,,,0,,0,,0,,0,0,0,0,0,0,0,0,,0,0,0,,0,,0,,0,,0,0,,0,0,,0,,,0,100,0,0,0,0,0,0,0,0,0,0
2024,974,Darnell Washington,PIT,TE,1,3,LAC,14.285714285714285,0,50.8,1,11.1,0,0,0,0,,0,0,0,0,,,0,,0,,0,,0,0,0,0,0,0,0,0,,0,0,0,,0,,0,,0,,0,0,,0,0,,0,,,0,0,100,0,0,0,0,0,0,0,0,0
2024,975,Darnell Washington,PIT,TE,1,4,IND,14.285714285714285,0,55.9,1,14.3,0,0,0,0,,0,0,0,0,,,0,,0,,0,,0,0,0,0,0,0,0,0,,0,0,0,,0,,0,,0,,0,0,,0,0,,0,,,0,0,100,0,0,0,0,0,0,0,0,0
2024,976,Darnell Washington,PIT,TE,1,5,DAL,14.285714285714285,0,50.9,1,12.5,0,0,0,0,,0,0,0,0,,,0,,0,,0,,0,0,0,0,0,0,0,0,,0,0,0,,0,,0,,0,,0,0,,0,0,,0,,,0,0,100,0,0,0,0,0,0,0,0,0
2024,977,Darnell Washington,PIT,TE,1,6,LV,42.857142857142854,0,74.2,3,42.9,0,0,0,0,,0,0,0,0,,,0,,0,,0,,0,0,0,0,0,0,0,0,,0,0,0,,0,,0,,0,,0,0,,0,0,,0,,,33.3,66.7,0,0,0,0,0,0,0,0,0,0
2024,978,Michael Wilson,ARZ,WR,1,1,BUF,20.689655172413794,0,80,12,92.3,0,0,0,0,,0,0,0,0,,,0,,0,,0,,0,0,0,0,0,0,0,0,,0,0,0,,0,,0,,0,,0,0,,0,0,,0,,,100,0,0,0,0,0,0,0,0,0,0,0
2024,979,Michael Wilson,ARZ,WR,1,2,LA,1.7241379310344827,0,69.4,1,100,0,0,0,0,,0,0,0,0,,,0,,0,,0,,0,0,0,0,0,0,0,0,,0,0,0,,0,,0,,0,,0,0,,0,0,,0,,,100,0,0,0,0,0,0,0,0,0,0,0
2024,980,Michael Wilson,ARZ,WR,1,4,WAS,17.24137931034483,20,86.2,10,83.3,2,16.7,0,0.2,4.5,9,19.1,0,0,0,0,0,0,0,0,0,0,0,0,0,0,0,0,0,0,39.6,1,11.1,0,0,1,50,0,0,1,50,0,0,0,0,0,0,18.2,-6.21,-1.126,70,30,0,0,0,1.9,0,1.89,-1.89,0,0.19,1.9
2024,981,Tre Tucker,LV,WR,1,5,DEN,21.428571428571427,0,84.6,12,100,0,0,0,0,,0,0,0,0,,,0,,0,,0,,0,0,0,0,0,0,0,0,,0,0,0,,0,,0,,0,,0,0,,0,0,,0,,,100,0,0,0,0,0,0,0,0,0,0,0
2024,982,Tre Tucker,LV,WR,1,6,PIT,21.428571428571427,0,95,12,92.3,0,0,0,0,,0,0,0,0,,,0,,0,,0,,0,0,0,0,0,0,0,0,,0,0,0,,0,,0,,0,,0,0,,0,0,,0,,,91.7,8.3,0,0,0,0,0,0,0,0,0,0
2024,983,Derius Davis,LAC,WR,1,1,LV,50,0,13,1,10,0,0,0,0,,0,0,0,0,,,0,,0,,0,,0,0,0,0,0,0,0,0,,0,0,0,,0,,0,,0,,0,0,,0,0,,0,,,0,100,0,0,0,0,0,0,0,0,0,0
2024,984,Derius Davis,LAC,WR,1,2,CAR,50,0,21.5,1,25,0,0,0,0,,0,0,0,0,,,0,,0,,0,,0,0,0,0,0,0,0,0,,0,0,0,,0,,0,,0,,0,0,,0,0,,0,,,100,0,0,0,0,0,0,0,0,0,0,0
2024,985,Charlie Jones,CIN,WR,1,2,KC,25,0,3.3,1,9.1,0,0,0,0,,0,0,0,0,,,0,,0,,0,,0,0,0,0,0,0,0,0,,0,0,0,,0,,0,,0,,0,0,,0,0,,0,,,0,100,0,0,0,0,0,0,0,0,0,0
2024,986,Josh Whyle,TEN,TE,1,1,CHI,33.33333333333333,0,29.5,2,22.2,0,0,0,0,,0,0,0,0,,,0,,0,,0,,0,0,0,0,0,0,0,0,,0,0,0,,0,,0,,0,,0,0,,0,0,,0,,,50,0,50,0,0,0,0,0,0,0,0,0
2024,987,Josh Whyle,TEN,TE,1,2,NYJ,16.666666666666664,0,41.7,1,14.3,0,0,0,0,,0,0,0,0,,,0,,0,,0,,0,0,0,0,0,0,0,0,,0,0,0,,0,,0,,0,,0,0,,0,0,,0,,,100,0,0,0,0,0,0,0,0,0,0,0
2024,988,Josh Whyle,TEN,TE,1,6,IND,16.666666666666664,0,41.8,1,16.7,0,0,0,0,,0,0,0,0,,,0,,0,,0,,0,0,0,0,0,0,0,0,,0,0,0,,0,,0,,0,,0,0,,0,0,,0,,,0,0,100,0,0,0,0,0,0,0,0,0
2024,989,Parker Washington,JAX,WR,1,1,MIA,11.76470588235294,0,14,2,20,0,0,0,0,,0,0,0,0,,,0,,0,,0,,0,0,0,0,0,0,0,0,,0,0,0,,0,,0,,0,,0,0,,0,0,,0,,,50,50,0,0,0,0,0,0,0,0,0,0
2024,990,Parker Washington,JAX,WR,1,2,CLV,23.52941176470588,0,21.8,4,36.4,0,0,0,0,,0,0,0,0,,,0,,0,,0,,0,0,0,0,0,0,0,0,,0,0,0,,0,,0,,0,,0,0,,0,0,,0,,,100,0,0,0,0,0,0,0,0,0,0,0
2024,991,Parker Washington,JAX,WR,1,3,BUF,23.52941176470588,0,30.9,4,23.5,0,0,0,0,,0,0,0,0,,,0,,0,,0,,0,0,0,0,0,0,0,0,,0,0,0,,0,,0,,0,,0,0,,0,0,,0,,,50,50,0,0,0,0,0,0,0,0,0,0
2024,992,Parker Washington,JAX,WR,1,4,HST,29.411764705882355,0,24.1,5,35.7,0,0,0,0,,0,0,0,0,,,0,,0,,0,,0,0,0,0,0,0,0,0,,0,0,0,,0,,0,,0,,0,0,,0,0,,0,,,60,40,0,0,0,0,0,0,0,0,0,0
2024,993,Parker Washington,JAX,WR,1,5,IND,5.88235294117647,0,14,1,12.5,0,0,0,0,,0,0,0,0,,,0,,0,,0,,0,0,0,0,0,0,0,0,,0,0,0,,0,,0,,0,,0,0,,0,0,,0,,,100,0,0,0,0,0,0,0,0,0,0,0
2024,994,Parker Washington,JAX,WR,1,6,CHI,5.88235294117647,0,30,1,8.3,0,0,0,0,,0,0,0,0,,,0,,0,,0,,0,0,0,0,0,0,0,0,,0,0,0,,0,,0,,0,,0,0,,0,0,,0,,,100,0,0,0,0,0,0,0,0,0,0,0
2024,995,Kayshon Boutte,NE,WR,1,3,NYJ,22.727272727272727,0,37.5,5,41.7,0,0,0,0,,0,0,0,0,,,0,,0,,0,,0,0,0,0,0,0,0,0,,0,0,0,,0,,0,,0,,0,0,,0,0,,0,,,100,0,0,0,0,0,0,0,0,0,0,0
2024,996,Kayshon Boutte,NE,WR,1,4,SF,9.090909090909092,0,22.6,2,40,0,0,0,0,,0,0,0,0,,,0,,0,,0,,0,0,0,0,0,0,0,0,,0,0,0,,0,,0,,0,,0,0,,0,0,,0,,,50,50,0,0,0,0,0,0,0,0,0,0
2024,997,Kayshon Boutte,NE,WR,1,5,MIA,45.45454545454545,0,65.5,10,83.3,0,0,0,0,,0,0,0,0,,,0,,0,,0,,0,0,0,0,0,0,0,0,,0,0,0,,0,,0,,0,,0,0,,0,0,,0,,,50,50,0,0,0,0,0,0,0,0,0,0
2024,998,Kayshon Boutte,NE,WR,1,6,HST,22.727272727272727,0,82.5,5,55.6,0,0,0,0,,0,0,0,0,,,0,,0,,0,,0,0,0,0,0,0,0,0,,0,0,0,,0,,0,,0,,0,0,,0,0,,0,,,80,20,0,0,0,0,0,0,0,0,0,0
2024,999,Xavier Hutchinson,HST,WR,1,3,MIN,6.666666666666667,0,17.5,1,8.3,0,0,0,0,,0,0,0,0,,,0,,0,,0,,0,0,0,0,0,0,0,0,,0,0,0,,0,,0,,0,,0,0,,0,0,,0,,,100,0,0,0,0,0,0,0,0,0,0,0
2024,1000,Xavier Hutchinson,HST,WR,1,6,NE,26.666666666666668,0,48.4,4,66.7,0,0,0,0,,0,0,0,0,,,0,,0,,0,,0,0,0,0,0,0,0,0,,0,0,0,,0,,0,,0,,0,0,,0,0,,0,,,75,25,0,0,0,0,0,0,0,0,0,0
2024,1001,Andrei Iosivas,CIN,WR,1,2,KC,21.153846153846153,8.333333333333332,75.4,11,100,1,9.1,0,0.09,10,10,17.5,0,0,0,0,0,0,0,0,0,0,0,0.03,0,0,0,0,0,0,39.6,1,12.5,0,0,1,100,0,0,1,100,0,0,0,0,0,0,9.1,-7.5,-0.53,72.7,27.3,0,0,0,2.5,0,2.49,-2.49,0,0.23,2.5
2024,1002,Andrei Iosivas,CIN,WR,1,5,BLT,15.384615384615385,8.333333333333332,80,8,80,1,10,0,0.13,10,10,11,0,0,0,0,0,0,0,0,0,0,0,0,0,0,0,0,0,0,39.6,1,11.1,0,0,1,100,0,0,1,100,0,0,0,0,0,0,12.5,-7.5,-0.735,62.5,37.5,0,0,0,2.2,0,2.16,-2.16,0,0.27,2.2
2024,1003,Demario Douglas,NE,WR,1,2,SEA,14.285714285714285,0,56.1,6,75,0,0,0,0,,0,0,0,0,,,0,,0,,0,,0,0,0,0,0,0,0,0,,0,0,0,,0,,0,,0,,0,0,,0,0,,0,,,0,100,0,0,0,0,0,0,0,0,0,0
2024,1004,Jalen Brooks,DAL,WR,1,1,CLV,10,0,21.7,3,20,0,0,0,0,,0,0,0,0,,,0,,0,,0,,0,0,0,0,0,0,0,0,,0,0,0,,0,,0,,0,,0,0,,0,0,,0,,,100,0,0,0,0,0,0,0,0,0,0,0
2024,1005,Jalen Brooks,DAL,WR,1,2,NO,26.666666666666668,0,37.9,8,66.7,0,0,0,0,,0,0,0,0,,,0,,0,,0,,0,0,0,0,0,0,0,0,,0,0,0,,0,,0,,0,,0,0,,0,0,,0,,,100,0,0,0,0,0,0,0,0,0,0,0
2024,1006,Jalen Brooks,DAL,WR,1,3,BLT,6.666666666666667,0,17.1,2,13.3,0,0,0,0,,0,0,0,0,,,0,,0,,0,,0,0,0,0,0,0,0,0,,0,0,0,,0,,0,,0,,0,0,,0,0,,0,,,100,0,0,0,0,0,0,0,0,0,0,0
2024,1007,Jalen Brooks,DAL,WR,1,5,PIT,13.333333333333334,0,49.3,4,26.7,0,0,0,0,,0,0,0,0,,,0,,0,,0,,0,0,0,0,0,0,0,0,,0,0,0,,0,,0,,0,,0,0,,0,0,,0,,,100,0,0,0,0,0,0,0,0,0,0,0
2024,1008,Jalen Brooks,DAL,WR,1,6,DET,43.333333333333336,100,72.3,13,81.3,1,6.3,0,0.08,15,15,12,0,0,0,0,0,0,0,0,0,0,0,0,0,1,1,0,0,0,39.6,1,7.1,0,0,0,0,0,0,0,0,0,0,0,0,0,0,7.1,-10.41,-0.529,84.6,15.4,0,0,0,0,0,-0.03,0.03,0,0,0
2024,1009,Ronnie Bell,SF,WR,1,1,NYJ,21.428571428571427,0,18.6,3,23.1,0,0,0,0,,0,0,0,0,,,0,,0,,0,,0,0,0,0,0,0,0,0,,0,0,0,,0,,0,,0,,0,0,,0,0,,0,,,66.7,33.3,0,0,0,0,0,0,0,0,0,0
2024,1010,Ronnie Bell,SF,WR,1,2,MIN,7.142857142857142,0,9,1,10,0,0,0,0,,0,0,0,0,,,0,,0,,0,,0,0,0,0,0,0,0,0,,0,0,0,,0,,0,,0,,0,0,,0,0,,0,,,100,0,0,0,0,0,0,0,0,0,0,0
2024,1011,Ronnie Bell,SF,WR,1,3,LA,57.14285714285714,100,41.5,8,80,1,10,0,0.13,3,3,2.9,0,0,0,0,0,0,0,0,0,0,0,0.03,0,0,0,0,0,0,39.6,0,0,0,0,1,100,0,0,1,100,0,0,0,0,0,0,11.1,-5.45,-0.72,75,25,0,0,0,1.9,0,1.85,-1.85,0,0.23,1.9
2024,1012,Ronnie Bell,SF,WR,1,5,ARZ,14.285714285714285,0,15.9,2,18.2,0,0,0,0,,0,0,0,0,,,0,,0,,0,,0,0,0,0,0,0,0,0,,0,0,0,,0,,0,,0,,0,0,,0,0,,0,,,50,50,0,0,0,0,0,0,0,0,0,0
2024,1013,Tyrell Shavers,BUF,WR,1,5,HST,100,0,25.4,3,23.1,0,0,0,0,,0,0,0,0,,,0,,0,,0,,0,0,0,0,0,0,0,0,,0,0,0,,0,,0,,0,,0,0,,0,0,,0,,,33.3,66.7,0,0,0,0,0,0,0,0,0,0
2024,1014,Blake Whiteheart,CLV,TE,1,2,JAX,25,0,33.8,1,14.3,0,0,0,0,,0,0,0,0,,,0,,0,,0,,0,0,0,0,0,0,0,0,,0,0,0,,0,,0,,0,,0,0,,0,0,,0,,,0,100,0,0,0,0,0,0,0,0,0,0
2024,1015,Blake Whiteheart,CLV,TE,1,3,NYG,25,0,25.4,1,14.3,0,0,0,0,,0,0,0,0,,,0,,0,,0,,0,0,0,0,0,0,0,0,,0,0,0,,0,,0,,0,,0,0,,0,0,,0,,,100,0,0,0,0,0,0,0,0,0,0,0
2024,1016,Blake Whiteheart,CLV,TE,1,4,LV,25,0,35.1,1,16.7,0,0,0,0,,0,0,0,0,,,0,,0,,0,,0,0,0,0,0,0,0,0,,0,0,0,,0,,0,,0,,0,0,,0,0,,0,,,0,0,100,0,0,0,0,0,0,0,0,0
2024,1017,Blake Whiteheart,CLV,TE,1,5,WAS,25,0,23.7,1,14.3,0,0,0,0,,0,0,0,0,,,0,,0,,0,,0,0,0,0,0,0,0,0,,0,0,0,,0,,0,,0,,0,0,,0,0,,0,,,0,100,0,0,0,0,0,0,0,0,0,0
2024,1018,Julian Hill,MIA,TE,1,1,JAX,25,0,61.5,2,14.3,0,0,0,0,,0,0,0,0,,,0,,0,,0,,0,0,0,0,0,0,0,0,,0,0,0,,0,,0,,0,,0,0,,0,0,,0,,,0,50,50,0,0,0,0,0,0,0,0,0
2024,1019,Julian Hill,MIA,TE,1,2,BUF,37.5,100,36,3,16.7,2,11.1,0,0.67,18.5,37,29.8,0,0,0,0,0,0,0,0,0,0,0,0.22,0,2,1,0,0,0,39.6,2,14.3,0,0,1,50,1,0,0,0,1,0,0,0,0,0,50,-11.72,-0.522,0,66.7,33.3,0,0,2.4,0,2.36,-2.36,0,0.79,2.4
2024,1020,Julian Hill,MIA,TE,1,3,SEA,12.5,0,39.3,1,9.1,0,0,0,0,,0,0,0,0,,,0,,0,,0,,0,0,0,0,0,0,0,0,,0,0,0,,0,,0,,0,,0,0,,0,0,,0,,,0,100,0,0,0,0,0,0,0,0,0,0
2024,1021,Julian Hill,MIA,TE,1,4,TEN,12.5,0,48.1,1,9.1,0,0,0,0,,0,0,0,0,,,0,,0,,0,,0,0,0,0,0,0,0,0,,0,0,0,,0,,0,,0,,0,0,,0,0,,0,,,0,100,0,0,0,0,0,0,0,0,0,0
2024,1022,Julian Hill,MIA,TE,1,5,NE,12.5,0,50.7,1,11.1,0,0,0,0,,0,0,0,0,,,0,,0,,0,,0,0,0,0,0,0,0,0,,0,0,0,,0,,0,,0,,0,0,,0,0,,0,,,0,100,0,0,0,0,0,0,0,0,0,0
2024,1023,Jake Bobo,SEA,WR,1,1,DEN,15.384615384615385,0,31.7,2,25,0,0,0,0,,0,0,0,0,,,0,,0,,0,,0,0,0,0,0,0,0,0,,0,0,0,,0,,0,,0,,0,0,,0,0,,0,,,50,50,0,0,0,0,0,0,0,0,0,0
2024,1024,Jake Bobo,SEA,WR,1,3,MIA,15.384615384615385,0,30,2,18.2,0,0,0,0,,0,0,0,0,,,0,,0,,0,,0,0,0,0,0,0,0,0,,0,0,0,,0,,0,,0,,0,0,,0,0,,0,,,100,0,0,0,0,0,0,0,0,0,0,0
2024,1025,Nate Adkins,DEN,TE,1,5,LV,100,0,48.3,1,20,0,0,0,0,,0,0,0,0,,,0,,0,,0,,0,0,0,0,0,0,0,0,,0,0,0,,0,,0,,0,,0,0,,0,0,,0,,,0,0,100,0,0,0,0,0,0,0,0,0
2024,1026,Ben Sims,GB,TE,1,5,LA,60,0,32.8,3,37.5,0,0,0,0,,0,0,0,0,,,0,,0,,0,,0,0,0,0,0,0,0,0,,0,0,0,,0,,0,,0,,0,0,,0,0,,0,,,33.3,0,66.7,0,0,0,0,0,0,0,0,0
2024,1027,Ben Sims,GB,TE,1,6,ARZ,40,0,40,2,20,0,0,0,0,,0,0,0,0,,,0,,0,,0,,0,0,0,0,0,0,0,0,,0,0,0,,0,,0,,0,,0,0,,0,0,,0,,,0,0,100,0,0,0,0,0,0,0,0,0
2024,1028,Dalton Kincaid,BUF,TE,1,1,ARZ,12.5,0,87.9,5,83.3,0,0,0,0,,0,0,0,0,,,0,,0,,0,,0,0,0,0,0,0,0,0,,0,0,0,,0,,0,,0,,0,0,,0,0,,0,,,20,60,20,0,0,0,0,0,0,0,0,0
2024,1029,Brenton Strange,JAX,TE,1,1,MIA,2.7027027027027026,0,34,1,10,0,0,0,0,,0,0,0,0,,,0,,0,,0,,0,0,0,0,0,0,0,0,,0,0,0,,0,,0,,0,,0,0,,0,0,,0,,,0,100,0,0,0,0,0,0,0,0,0,0
2024,1030,Brenton Strange,JAX,TE,1,3,BUF,24.324324324324326,21.428571428571427,72.1,9,52.9,3,17.6,0,0.33,10.67,32,32.7,0,0,0,0,0,0,0,0,0,0,0,0,0,0,0,0,0,0,39.6,2,14.3,0,0,1,33.3,0,0,1,33.3,0,0,0,0,0,0,33.3,-8.89,-0.303,11.1,66.7,22.2,0,0,1.6,0,1.64,-1.64,0,0.18,1.6
2024,1031,Jalin Hyatt,NYG,WR,1,1,MIN,5.263157894736842,0,22.1,1,10,0,0,0,0,,0,0,0,0,,,0,,0,,0,,0,0,0,0,0,0,0,0,,0,0,0,,0,,0,,0,,0,0,,0,0,,0,,,0,100,0,0,0,0,0,0,0,0,0,0
2024,1032,Jalin Hyatt,NYG,WR,1,2,WAS,5.263157894736842,0,21.6,1,25,0,0,0,0,,0,0,0,0,,,0,,0,,0,,0,0,0,0,0,0,0,0,,0,0,0,,0,,0,,0,,0,0,,0,0,,0,,,100,0,0,0,0,0,0,0,0,0,0,0
2024,1033,Jalin Hyatt,NYG,WR,1,3,CLV,5.263157894736842,0,14.5,1,11.1,0,0,0,0,,0,0,0,0,,,0,,0,,0,,0,0,0,0,0,0,0,0,,0,0,0,,0,,0,,0,,0,0,,0,0,,0,,,100,0,0,0,0,0,0,0,0,0,0,0
2024,1034,Jalin Hyatt,NYG,WR,1,4,DAL,26.31578947368421,0,20,5,31.3,0,0,0,0,,0,0,0,0,,,0,,0,,0,,0,0,0,0,0,0,0,0,,0,0,0,,0,,0,,0,,0,0,,0,0,,0,,,80,20,0,0,0,0,0,0,0,0,0,0
2024,1035,Jalin Hyatt,NYG,WR,1,5,SEA,21.052631578947366,0,67.6,4,50,0,0,0,0,,0,0,0,0,,,0,,0,,0,,0,0,0,0,0,0,0,0,,0,0,0,,0,,0,,0,,0,0,,0,0,,0,,,100,0,0,0,0,0,0,0,0,0,0,0
2024,1036,Jalin Hyatt,NYG,WR,1,6,CIN,36.84210526315789,0,81.1,7,77.8,0,0,0,0,,0,0,0,0,,,0,,0,,0,,0,0,0,0,0,0,0,0,,0,0,0,,0,,0,,0,,0,0,,0,0,,0,,,100,0,0,0,0,0,0,0,0,0,0,0
2024,1037,Tyler Scott,CHI,WR,1,3,IND,100,0,2.4,1,4.8,0,0,0,0,,0,0,0,0,,,0,,0,,0,,0,0,0,0,0,0,0,0,,0,0,0,,0,,0,,0,,0,0,,0,0,,0,,,0,100,0,0,0,0,0,0,0,0,0,0
2024,1038,Marvin Mims,DEN,WR,1,1,SEA,18.181818181818183,25,17.4,2,14.3,1,7.1,0,0.5,13,13,26.5,0,0,0,0,0,0,0,0,0,0,0,0,0,0,0,0,0,0,39.6,0,0,0,0,0,0,0,0,0,0,0,0,0,0,0,0,33.3,-8.91,-0.433,0,100,0,0,0,0,0,0.01,-0.01,0,0.01,0
2024,1039,Marvin Mims,DEN,WR,1,2,PIT,9.090909090909092,25,12.5,1,8.3,1,8.3,0,1,51,51,41.8,0,0,0,0,0,0,0,0,0,0,0,0,0,0,0,0,0,0,39.6,1,9.1,0,0,0,0,1,0,0,0,0,0,0,0,0,0,100,-15,-0.872,0,100,0,0,0,0.2,0,0.18,-0.18,0,0.18,0.2
2024,1040,Marvin Mims,DEN,WR,1,3,TB,18.181818181818183,0,25,2,33.3,0,0,0,0,,0,0,0,0,,,0,,0,,0,,0,0,0,0,0,0,0,0,,0,0,0,,0,,0,,0,,0,0,,0,0,,0,,,100,0,0,0,0,0,0,0,0,0,0,0
2024,1041,Marvin Mims,DEN,WR,1,5,LV,27.27272727272727,0,19,3,60,0,0,0,0,,0,0,0,0,,,0,,0,,0,,0,0,0,0,0,0,0,0,,0,0,0,,0,,0,,0,,0,0,,0,0,,0,,,100,0,0,0,0,0,0,0,0,0,0,0
2024,1042,Marvin Mims,DEN,WR,1,6,LAC,27.27272727272727,50,28.3,3,30,2,20,0,0.67,43.5,87,45.3,0,0,0,0,0,0,0,0,0,0,0,0,0,0,0,0,0,0,39.6,2,28.6,0,0,0,0,2,0,0,0,0,0,0,0,0,0,66.7,-13.36,-1.409,33.3,66.7,0,0,0,0.1,0,0.08,-0.08,0,0.03,0.1
2024,1043,Tank Dell,HST,WR,1,1,IND,9.090909090909092,0,64.5,3,60,0,0,0,0,,0,0,0,0,,,0,,0,,0,,0,0,0,0,0,0,0,0,,0,0,0,,0,,0,,0,,0,0,,0,0,,0,,,100,0,0,0,0,0,0,0,0,0,0,0
2024,1044,Tank Dell,HST,WR,1,2,CHI,24.242424242424242,0,68.9,8,88.9,0,0,0,0,,0,0,0,0,,,0,,0,,0,,0,0,0,0,0,0,0,0,,0,0,0,,0,,0,,0,,0,0,,0,0,,0,,,75,25,0,0,0,0,0,0,0,0,0,0
2024,1045,Cedric Tillman,CLV,WR,1,1,DAL,25,0,34.3,3,37.5,0,0,0,0,,0,0,0,0,,,0,,0,,0,,0,0,0,0,0,0,0,0,,0,0,0,,0,,0,,0,,0,0,,0,0,,0,,,66.7,33.3,0,0,0,0,0,0,0,0,0,0
2024,1046,Cedric Tillman,CLV,WR,1,2,JAX,25,0,33.8,3,42.9,0,0,0,0,,0,0,0,0,,,0,,0,,0,,0,0,0,0,0,0,0,0,,0,0,0,,0,,0,,0,,0,0,,0,0,,0,,,33.3,66.7,0,0,0,0,0,0,0,0,0,0
2024,1047,Cedric Tillman,CLV,WR,1,3,NYG,25,0,30.2,3,42.9,0,0,0,0,,0,0,0,0,,,0,,0,,0,,0,0,0,0,0,0,0,0,,0,0,0,,0,,0,,0,,0,0,,0,0,,0,,,66.7,33.3,0,0,0,0,0,0,0,0,0,0
2024,1048,Cedric Tillman,CLV,WR,1,5,WAS,8.333333333333332,0,33.9,1,14.3,0,0,0,0,,0,0,0,0,,,0,,0,,0,,0,0,0,0,0,0,0,0,,0,0,0,,0,,0,,0,,0,0,,0,0,,0,,,100,0,0,0,0,0,0,0,0,0,0,0
2024,1049,Cedric Tillman,CLV,WR,1,6,PHI,16.666666666666664,0,39.6,2,28.6,0,0,0,0,,0,0,0,0,,,0,,0,,0,,0,0,0,0,0,0,0,0,,0,0,0,,0,,0,,0,,0,0,,0,0,,0,,,50,50,0,0,0,0,0,0,0,0,0,0
2024,1050,Jordan Addison,MIN,WR,1,4,GB,23.52941176470588,0,65.6,4,80,0,0,0,0,,0,0,0,0,,,0,,0,,0,,0,0,0,0,0,0,0,0,,0,0,0,,0,,0,,0,,0,0,,0,0,,0,,,50,50,0,0,0,0,0,0,0,0,0,0
2024,1051,Jordan Addison,MIN,WR,1,5,NYJ,58.82352941176471,50,89.4,10,100,2,20,0,0.2,30,60,46.9,0,0,0,0,0,0,0,0,0,0,0,0,0,0,0,0,0,0,39.6,2,25,0,0,0,0,2,0,0,0,0,0,0,0,0,0,20,-10.52,-1.826,60,40,0,0,0,0.1,0,0.11,-0.11,0,0.01,0.1
2024,1052,Tucker Kraft,GB,TE,1,1,PHI,26.47058823529412,0,94.8,9,75,0,0,0,0,,0,0,0,0,,,0,,0,,0,,0,0,0,0,0,0,0,0,,0,0,0,,0,,0,,0,,0,0,,0,0,,0,,,22.2,66.7,11.1,0,0,0,0,0,0,0,0,0
2024,1053,Tucker Kraft,GB,TE,1,3,TEN,2.941176470588235,0,66.1,1,11.1,0,0,0,0,,0,0,0,0,,,0,,0,,0,,0,0,0,0,0,0,0,0,,0,0,0,,0,,0,,0,,0,0,,0,0,,0,,,0,100,0,0,0,0,0,0,0,0,0,0
2024,1054,Tucker Kraft,GB,TE,1,6,ARZ,17.647058823529413,16.666666666666664,81.4,6,60,1,10,0,0.17,2,2,1.5,0,0,0,0,0,0,0,0,0,0,0,0.06,0,0,0,0,0,0,39.6,0,0,0,0,1,100,0,0,1,100,0,0,0,0,0,0,10,-6.37,-1.456,0,16.7,83.3,0,0,2.1,0,2.07,-2.07,0,0.34,2.1
2024,1055,Elijah Higgins,ARZ,TE,1,1,BUF,11.76470588235294,0,41.7,2,15.4,0,0,0,0,,0,0,0,0,,,0,,0,,0,,0,0,0,0,0,0,0,0,,0,0,0,,0,,0,,0,,0,0,,0,0,,0,,,0,100,0,0,0,0,0,0,0,0,0,0
2024,1056,Elijah Higgins,ARZ,TE,1,6,GB,17.647058823529413,0,30.9,3,23.1,0,0,0,0,,0,0,0,0,,,0,,0,,0,,0,0,0,0,0,0,0,0,,0,0,0,,0,,0,,0,,0,0,,0,0,,0,,,66.7,33.3,0,0,0,0,0,0,0,0,0,0
2024,1057,Payne Durham,TB,TE,1,6,NO,50,0,31.9,1,6.3,0,0,0,0,,0,0,0,0,,,0,,0,,0,,0,0,0,0,0,0,0,0,,0,0,0,,0,,0,,0,,0,0,,0,0,,0,,,0,0,100,0,0,0,0,0,0,0,0,0
2024,1058,Trey Palmer,TB,WR,1,2,DET,12.5,0,19.1,1,14.3,0,0,0,0,,0,0,0,0,,,0,,0,,0,,0,0,0,0,0,0,0,0,,0,0,0,,0,,0,,0,,0,0,,0,0,,0,,,100,0,0,0,0,0,0,0,0,0,0,0
2024,1059,Trey Palmer,TB,WR,1,3,DEN,25,25,21.4,2,16.7,1,8.3,0,0.5,5,5,6.8,0,0,0,0,0,0,0,0,0,0,0,0,0,0,0,0,0,0,39.6,1,12.5,0,0,0,0,0,0,0,0,0,0,0,0,0,0,50,-6.36,-1.447,0,100,0,0,0,0,0,-0.01,0.01,0,-0.01,0
2024,1060,Jonathan Mingo,CAR,WR,1,1,NO,11.11111111111111,7.6923076923076925,56.4,5,62.5,1,12.5,0,0.2,2,2,1.8,0,0,0,0,0,0,0,0,0,0,0,0,0,0,0,0,0,0,39.6,1,14.3,0,0,0,0,0,0,0,0,0,0,0,0,0,0,20,-5.33,-0.771,80,20,0,0,0,0,0,-0.02,0.02,0,0,0
2024,1061,Jonathan Mingo,CAR,WR,1,6,ATL,13.333333333333334,0,46.8,6,37.5,0,0,0,0,,0,0,0,0,,,0,,0,,0,,0,0,0,0,0,0,0,0,,0,0,0,,0,,0,,0,,0,0,,0,0,,0,,,83.3,16.7,0,0,0,0,0,0,0,0,0,0
2024,1062,Zay Flowers,BLT,WR,1,4,BUF,3.508771929824561,0,66.7,2,40,0,0,0,0,,0,0,0,0,,,0,,0,,0,,0,0,0,0,0,0,0,0,,0,0,0,,0,,0,,0,,0,0,,0,0,,0,,,100,0,0,0,0,0,0,0,0,0,0,0
2024,1063,Sam LaPorta,DET,TE,1,1,LA,22.22222222222222,0,78.7,6,100,0,0,0,0,,0,0,0,0,,,0,,0,,0,,0,0,0,0,0,0,0,0,,0,0,0,,0,,0,,0,,0,0,,0,0,,0,,,16.7,16.7,66.7,0,0,0,0,0,0,0,0,0
2024,1064,Sam LaPorta,DET,TE,1,2,TB,44.44444444444444,0,86.7,12,75,0,0,0,0,,0,0,0,0,,,0,,0,,0,,0,0,0,0,0,0,0,0,,0,0,0,,0,,0,,0,,0,0,,0,0,,0,,,50,16.7,33.3,0,0,0,0,0,0,0,0,0
2024,1065,Sam LaPorta,DET,TE,1,3,ARZ,11.11111111111111,0,63.2,3,60,0,0,0,0,,0,0,0,0,,,0,,0,,0,,0,0,0,0,0,0,0,0,,0,0,0,,0,,0,,0,,0,0,,0,0,,0,,,66.7,0,33.3,0,0,0,0,0,0,0,0,0
2024,1066,Sam LaPorta,DET,TE,1,4,SEA,18.51851851851852,0,88,5,83.3,0,0,0,0,,0,0,0,0,,,0,,0,,0,,0,0,0,0,0,0,0,0,,0,0,0,,0,,0,,0,,0,0,,0,0,,0,,,60,0,40,0,0,0,0,0,0,0,0,0
2024,1067,Sam LaPorta,DET,TE,1,6,DAL,3.7037037037037033,0,62.1,1,14.3,0,0,0,0,,0,0,0,0,,,0,,0,,0,,0,0,0,0,0,0,0,0,,0,0,0,,0,,0,,0,,0,0,,0,0,,0,,,0,0,100,0,0,0,0,0,0,0,0,0
2024,1068,Michael Mayer,LV,TE,1,2,BLT,11.11111111111111,0,63.3,1,8.3,0,0,0,0,,0,0,0,0,,,0,,0,,0,,0,0,0,0,0,0,0,0,,0,0,0,,0,,0,,0,,0,0,,0,0,,0,,,0,0,100,0,0,0,0,0,0,0,0,0
2024,1069,Davis Allen,LA,TE,1,1,DET,100,0,8.1,1,4.8,0,0,0,0,,0,0,0,0,,,0,,0,,0,,0,0,0,0,0,0,0,0,,0,0,0,,0,,0,,0,,0,0,,0,0,,0,,,0,0,100,0,0,0,0,0,0,0,0,0
2024,1070,Puka Nacua,LA,WR,1,1,DET,100,0,32.4,5,23.8,0,0,0,0,,0,0,0,0,,,0,,0,,0,,0,0,0,0,0,0,0,0,,0,0,0,,0,,0,,0,,0,0,,0,0,,0,,,60,40,0,0,0,0,0,0,0,0,0,0
2024,1071,Luke Musgrave,GB,TE,1,1,PHI,7.6923076923076925,0,25.9,1,8.3,0,0,0,0,,0,0,0,0,,,0,,0,,0,,0,0,0,0,0,0,0,0,,0,0,0,,0,,0,,0,,0,0,,0,0,,0,,,100,0,0,0,0,0,0,0,0,0,0,0
2024,1072,Luke Musgrave,GB,TE,1,2,IND,15.384615384615385,0,43.3,2,50,0,0,0,0,,0,0,0,0,,,0,,0,,0,,0,0,0,0,0,0,0,0,,0,0,0,,0,,0,,0,,0,0,,0,0,,0,,,50,0,50,0,0,0,0,0,0,0,0,0
2024,1073,Luke Musgrave,GB,TE,1,3,TEN,23.076923076923077,0,55.9,3,33.3,0,0,0,0,,0,0,0,0,,,0,,0,,0,,0,0,0,0,0,0,0,0,,0,0,0,,0,,0,,0,,0,0,,0,0,,0,,,66.7,0,33.3,0,0,0,0,0,0,0,0,0
2024,1074,Jayden Reed,GB,WR,1,2,IND,8,4.166666666666666,56.7,4,100,1,25,0,0.25,-2,-2,-12.5,0,0,0,0,1,100,2,2,0,0,0,0,0,0,0,0,0,0,79.2,1,33.3,1,100,1,100,0,0,0,0,0,0,0,0,0,0,25,-5.5,-1.657,25,75,0,0,1,1.5,1,1.51,-0.51,0.25,0.38,1.5
2024,1075,Johnny Wilson,PHI,WR,1,1,GB,10,0,13.5,1,10,0,0,0,0,,0,0,0,0,,,0,,0,,0,,0,0,0,0,0,0,0,0,,0,0,0,,0,,0,,0,,0,0,,0,0,,0,,,100,0,0,0,0,0,0,0,0,0,0,0
2024,1076,Johnny Wilson,PHI,WR,1,2,ATL,20,0,25,2,13.3,0,0,0,0,,0,0,0,0,,,0,,0,,0,,0,0,0,0,0,0,0,0,,0,0,0,,0,,0,,0,,0,0,,0,0,,0,,,100,0,0,0,0,0,0,0,0,0,0,0
2024,1077,Johnny Wilson,PHI,WR,1,4,TB,50,0,57.1,5,71.4,0,0,0,0,,0,0,0,0,,,0,,0,,0,,0,0,0,0,0,0,0,0,,0,0,0,,0,,0,,0,,0,0,,0,0,,0,,,100,0,0,0,0,0,0,0,0,0,0,0
2024,1078,Malik Nabers,NYG,WR,1,1,MIN,27.77777777777778,8.333333333333332,100,10,100,1,10,0,0.1,11,11,15.5,0,0,0,0,0,0,0,0,0,0,0,0,0,0,0,0,0,0,39.6,1,14.3,0,0,0,0,0,0,0,0,0,0,0,0,0,0,10,-8.32,-0.495,80,20,0,0,0,0,0,0.01,-0.01,0,0,0
2024,1079,Xavier Legette,CAR,WR,1,2,LAC,15.151515151515152,0,43.5,5,71.4,0,0,0,0,,0,0,0,0,,,0,,0,,0,,0,0,0,0,0,0,0,0,,0,0,0,,0,,0,,0,,0,0,,0,0,,0,,,60,40,0,0,0,0,0,0,0,0,0,0
2024,1080,Xavier Legette,CAR,WR,1,5,CHI,6.0606060606060606,0,36.2,2,16.7,0,0,0,0,,0,0,0,0,,,0,,0,,0,,0,0,0,0,0,0,0,0,,0,0,0,,0,,0,,0,,0,0,,0,0,,0,,,100,0,0,0,0,0,0,0,0,0,0,0
2024,1081,Xavier Legette,CAR,WR,1,6,ATL,30.303030303030305,0,77.4,10,62.5,0,0,0,0,,0,0,0,0,,,0,,0,,0,,0,0,0,0,0,0,0,0,,0,0,0,,0,,0,,0,,0,0,,0,0,,0,,,90,10,0,0,0,0,0,0,0,0,0,0
2024,1082,Luke McCaffrey,WAS,WR,1,2,NYG,6.25,0,53.6,2,33.3,0,0,0,0,,0,0,0,0,,,0,,0,,0,,0,0,0,0,0,0,0,0,,0,0,0,,0,,0,,0,,0,0,,0,0,,0,,,0,100,0,0,0,0,0,0,0,0,0,0
2024,1083,Ja'Tavion Sanders,CAR,TE,1,1,NO,15.625,0,70.9,5,62.5,0,0,0,0,,0,0,0,0,,,0,,0,,0,,0,0,0,0,0,0,0,0,,0,0,0,,0,,0,,0,,0,0,,0,0,,0,,,40,20,40,0,0,0,0,0,0,0,0,0
2024,1084,Ja'Tavion Sanders,CAR,TE,1,3,LV,6.25,11.11111111111111,35.7,2,15.4,1,7.7,0,0.5,6,6,6.3,0,0,0,0,0,0,0,0,0,0,0,0,0,0,0,0,0,0,39.6,1,7.7,0,0,0,0,0,0,0,0,0,0,0,0,0,0,50,-7.09,-0.677,0,100,0,0,0,0,0,0,0,0,0,0
2024,1085,Ja'Tavion Sanders,CAR,TE,1,4,CIN,6.25,0,28.6,2,20,0,0,0,0,,0,0,0,0,,,0,,0,,0,,0,0,0,0,0,0,0,0,,0,0,0,,0,,0,,0,,0,0,,0,0,,0,,,50,0,50,0,0,0,0,0,0,0,0,0
2024,1086,Cade Stover,HST,TE,1,3,MIN,33.33333333333333,0,27,1,8.3,0,0,0,0,,0,0,0,0,,,0,,0,,0,,0,0,0,0,0,0,0,0,,0,0,0,,0,,0,,0,,0,0,,0,0,,0,,,0,0,100,0,0,0,0,0,0,0,0,0
2024,1087,Cade Stover,HST,TE,1,4,JAX,33.33333333333333,0,33.8,1,10,0,0,0,0,,0,0,0,0,,,0,,0,,0,,0,0,0,0,0,0,0,0,,0,0,0,,0,,0,,0,,0,0,,0,0,,0,,,100,0,0,0,0,0,0,0,0,0,0,0
2024,1088,Cade Stover,HST,TE,1,6,NE,33.33333333333333,0,54.8,1,16.7,0,0,0,0,,0,0,0,0,,,0,,0,,0,,0,0,0,0,0,0,0,0,,0,0,0,,0,,0,,0,,0,0,,0,0,,0,,,0,0,100,0,0,0,0,0,0,0,0,0
2024,1089,Bub Means,NO,WR,1,4,ATL,12.5,0,7.1,1,7.1,0,0,0,0,,0,0,0,0,,,0,,0,,0,,0,0,0,0,0,0,0,0,,0,0,0,,0,,0,,0,,0,0,,0,0,,0,,,100,0,0,0,0,0,0,0,0,0,0,0
2024,1090,Ryan Flournoy,DAL,WR,1,5,PIT,50,0,13.3,1,6.7,0,0,0,0,,0,0,0,0,,,0,,0,,0,,0,0,0,0,0,0,0,0,,0,0,0,,0,,0,,0,,0,0,,0,0,,0,,,100,0,0,0,0,0,0,0,0,0,0,0
2024,1091,Ryan Flournoy,DAL,WR,1,6,DET,50,0,3.1,1,6.3,0,0,0,0,,0,0,0,0,,,0,,0,,0,,0,0,0,0,0,0,0,0,,0,0,0,,0,,0,,0,,0,0,,0,0,,0,,,100,0,0,0,0,0,0,0,0,0,0,0
2024,1092,Jaheim Bell,NE,TE,1,6,HST,100,0,9.5,1,11.1,0,0,0,0,,0,0,0,0,,,0,,0,,0,,0,0,0,0,0,0,0,0,,0,0,0,,0,,0,,0,,0,0,,0,0,,0,,,0,100,0,0,0,0,0,0,0,0,0,0
2024,1093,Xavier Weaver,ARZ,WR,1,6,GB,100,100,69.1,11,84.6,1,7.7,0,0.09,21,21,22.1,0,0,0,0,0,0,0,0,0,0,0,0,0,0,1,0,0,0,39.6,1,10,0,0,0,0,1,0,0,0,0,0,0,0,0,0,9.1,-11.24,-1.078,72.7,27.3,0,0,0,0,0,-0.01,0.01,0,0,0
2024,1094,Brevyn Spann-Ford,DAL,TE,1,1,CLV,14.285714285714285,0,30,1,6.7,0,0,0,0,,0,0,0,0,,,0,,0,,0,,0,0,0,0,0,0,0,0,,0,0,0,,0,,0,,0,,0,0,,0,0,,0,,,0,0,100,0,0,0,0,0,0,0,0,0
2024,1095,Brevyn Spann-Ford,DAL,TE,1,2,NO,42.857142857142854,0,31.8,3,25,0,0,0,0,,0,0,0,0,,,0,,0,,0,,0,0,0,0,0,0,0,0,,0,0,0,,0,,0,,0,,0,0,,0,0,,0,,,33.3,33.3,33.3,0,0,0,0,0,0,0,0,0
2024,1096,Brevyn Spann-Ford,DAL,TE,1,6,DET,28.57142857142857,0,18.5,2,12.5,0,0,0,0,,0,0,0,0,,,0,,0,,0,,0,0,0,0,0,0,0,0,,0,0,0,,0,,0,,0,,0,0,,0,0,,0,,,50,50,0,0,0,0,0,0,0,0,0,0
2024,1097,Kameron Johnson,TB,WR,1,1,WAS,28.57142857142857,0,18,2,18.2,0,0,0,0,,0,0,0,0,,,0,,0,,0,,0,0,0,0,0,0,0,0,,0,0,0,,0,,0,,0,,0,0,,0,0,,0,,,100,0,0,0,0,0,0,0,0,0,0,0
2024,1098,Kameron Johnson,TB,WR,1,4,PHI,71.42857142857143,0,31.1,5,33.3,0,0,0,0,,0,0,0,0,,,0,,0,,0,,0,0,0,0,0,0,0,0,,0,0,0,,0,,0,,0,,0,0,,0,0,,0,,,60,40,0,0,0,0,0,0,0,0,0,0
2024,1099,Dallin Holker,NO,TE,1,5,KC,100,0,9.8,1,12.5,0,0,0,0,,0,0,0,0,,,0,,0,,0,,0,0,0,0,0,0,0,0,,0,0,0,,0,,0,,0,,0,0,,0,0,,0,,,0,0,100,0,0,0,0,0,0,0,0,0
2024,1100,Mason Tipton,NO,WR,1,1,CAR,8,0,24.2,2,28.6,0,0,0,0,,0,0,0,0,,,0,,0,,0,,0,0,0,0,0,0,0,0,,0,0,0,,0,,0,,0,,0,0,,0,0,,0,,,100,0,0,0,0,0,0,0,0,0,0,0
2024,1101,Mason Tipton,NO,WR,1,2,DAL,4,0,26.8,1,50,0,0,0,0,,0,0,0,0,,,0,,0,,0,,0,0,0,0,0,0,0,0,,0,0,0,,0,,0,,0,,0,0,,0,0,,0,,,100,0,0,0,0,0,0,0,0,0,0,0
2024,1102,Mason Tipton,NO,WR,1,4,ATL,36,0,38.6,9,64.3,0,0,0,0,,0,0,0,0,,,0,,0,,0,,0,0,0,0,0,0,0,0,,0,0,0,,0,,0,,0,,0,0,,0,0,,0,,,77.8,22.2,0,0,0,0,0,0,0,0,0,0
2024,1103,Mason Tipton,NO,WR,1,5,KC,16,33.33333333333333,35.3,4,50,1,12.5,0,0.25,32,32,19.8,0,0,0,0,0,0,0,0,0,0,0,0,0,0,0,0,0,0,39.6,1,14.3,0,0,0,0,1,0,0,0,0,0,0,0,0,0,25,-9.97,-0.27,75,25,0,0,0,0,0,0.02,-0.02,0,0,0
2024,1104,Mason Tipton,NO,WR,1,6,TB,20,0,40.9,5,55.6,0,0,0,0,,0,0,0,0,,,0,,0,,0,,0,0,0,0,0,0,0,0,,0,0,0,,0,,0,,0,,0,0,,0,0,,0,,,100,0,0,0,0,0,0,0,0,0,0,0
2024,1105,Tip Reiman,ARZ,TE,1,1,BUF,25,0,31.7,1,7.7,0,0,0,0,,0,0,0,0,,,0,,0,,0,,0,0,0,0,0,0,0,0,,0,0,0,,0,,0,,0,,0,0,,0,0,,0,,,0,0,100,0,0,0,0,0,0,0,0,0
2024,1106,Tip Reiman,ARZ,TE,1,3,DET,25,0,34,1,6.3,0,0,0,0,,0,0,0,0,,,0,,0,,0,,0,0,0,0,0,0,0,0,,0,0,0,,0,,0,,0,,0,0,,0,0,,0,,,0,100,0,0,0,0,0,0,0,0,0,0
2024,1107,Tip Reiman,ARZ,TE,1,4,WAS,25,0,41.4,1,8.3,0,0,0,0,,0,0,0,0,,,0,,0,,0,,0,0,0,0,0,0,0,0,,0,0,0,,0,,0,,0,,0,0,,0,0,,0,,,0,100,0,0,0,0,0,0,0,0,0,0
2024,1108,AJ Barner,SEA,TE,1,1,DEN,16.666666666666664,0,46.7,2,25,0,0,0,0,,0,0,0,0,,,0,,0,,0,,0,0,0,0,0,0,0,0,,0,0,0,,0,,0,,0,,0,0,,0,0,,0,,,0,0,100,0,0,0,0,0,0,0,0,0
2024,1109,AJ Barner,SEA,TE,1,2,NE,8.333333333333332,0,36.4,1,5,0,0,0,0,,0,0,0,0,,,0,,0,,0,,0,0,0,0,0,0,0,0,,0,0,0,,0,,0,,0,,0,0,,0,0,,0,,,0,100,0,0,0,0,0,0,0,0,0,0
2024,1110,AJ Barner,SEA,TE,1,3,MIA,8.333333333333332,0,28.3,1,9.1,0,0,0,0,,0,0,0,0,,,0,,0,,0,,0,0,0,0,0,0,0,0,,0,0,0,,0,,0,,0,,0,0,,0,0,,0,,,100,0,0,0,0,0,0,0,0,0,0,0
2024,1111,AJ Barner,SEA,TE,1,4,DET,50,0,39.7,6,31.6,0,0,0,0,,0,0,0,0,,,0,,0,,0,,0,0,0,0,0,0,0,0,,0,0,0,,0,,0,,0,,0,0,,0,0,,0,,,50,33.3,16.7,0,0,0,0,0,0,0,0,0
2024,1112,AJ Barner,SEA,TE,1,6,SF,16.666666666666664,0,28.8,2,11.1,0,0,0,0,,0,0,0,0,,,0,,0,,0,,0,0,0,0,0,0,0,0,,0,0,0,,0,,0,,0,,0,0,,0,0,,0,,,50,50,0,0,0,0,0,0,0,0,0,0
2024,1113,Jermaine Burton,CIN,WR,1,3,WAS,100,0,5,1,5.6,0,0,0,0,,0,0,0,0,,,0,,0,,0,,0,0,0,0,0,0,0,0,,0,0,0,,0,,0,,0,,0,0,,0,0,,0,,,100,0,0,0,0,0,0,0,0,0,0,0
2024,1114,Erick All,CIN,TE,1,1,NE,6.25,0,25,1,8.3,0,0,0,0,,0,0,0,0,,,0,,0,,0,,0,0,0,0,0,0,0,0,,0,0,0,,0,,0,,0,,0,0,,0,0,,0,,,100,0,0,0,0,0,0,0,0,0,0,0
2024,1115,Erick All,CIN,TE,1,5,BLT,25,0,52.3,4,40,0,0,0,0,,0,0,0,0,,,0,,0,,0,,0,0,0,0,0,0,0,0,,0,0,0,,0,,0,,0,,0,0,,0,0,,0,,,25,25,25,25,0,0,0,0,0,0,0,0
2024,1116,Jared Wiley,KC,TE,1,1,BLT,33.33333333333333,0,22,1,10,0,0,0,0,,0,0,0,0,,,0,,0,,0,,0,0,0,0,0,0,0,0,,0,0,0,,0,,0,,0,,0,0,,0,0,,0,,,0,100,0,0,0,0,0,0,0,0,0,0
2024,1117,Jared Wiley,KC,TE,1,3,ATL,33.33333333333333,0,19.4,1,7.7,0,0,0,0,,0,0,0,0,,,0,,0,,0,,0,0,0,0,0,0,0,0,,0,0,0,,0,,0,,0,,0,0,,0,0,,0,,,0,0,100,0,0,0,0,0,0,0,0,0
2024,1118,Jared Wiley,KC,TE,1,5,NO,33.33333333333333,0,21.3,1,8.3,0,0,0,0,,0,0,0,0,,,0,,0,,0,,0,0,0,0,0,0,0,0,,0,0,0,,0,,0,,0,,0,0,,0,0,,0,,,0,100,0,0,0,0,0,0,0,0,0,0
2024,1119,Theo Johnson,NYG,TE,1,1,MIN,17.647058823529413,33.33333333333333,86.8,6,60,1,10,0,0.17,5,5,7,0,0,0,0,0,0,0,0,0,0,0,0,0,0,0,0,0,0,39.6,0,0,0,0,0,0,0,0,0,0,0,0,0,0,0,0,10,-6.48,-0.204,16.7,50,33.3,0,0,0,0,0.01,-0.01,0,0,0
2024,1120,Theo Johnson,NYG,TE,1,2,WAS,2.941176470588235,0,78.4,1,25,0,0,0,0,,0,0,0,0,,,0,,0,,0,,0,0,0,0,0,0,0,0,,0,0,0,,0,,0,,0,,0,0,,0,0,,0,,,0,100,0,0,0,0,0,0,0,0,0,0
2024,1121,Theo Johnson,NYG,TE,1,3,CLV,17.647058823529413,0,79.7,6,66.7,0,0,0,0,,0,0,0,0,,,0,,0,,0,,0,0,0,0,0,0,0,0,,0,0,0,,0,,0,,0,,0,0,,0,0,,0,,,0,83.3,16.7,0,0,0,0,0,0,0,0,0
2024,1122,Theo Johnson,NYG,TE,1,4,DAL,26.47058823529412,0,69.2,9,56.3,0,0,0,0,,0,0,0,0,,,0,,0,,0,,0,0,0,0,0,0,0,0,,0,0,0,,0,,0,,0,,0,0,,0,0,,0,,,0,88.9,11.1,0,0,0,0,0,0,0,0,0
2024,1123,Theo Johnson,NYG,TE,1,5,SEA,17.647058823529413,0,77.5,6,75,0,0,0,0,,0,0,0,0,,,0,,0,,0,,0,0,0,0,0,0,0,0,,0,0,0,,0,,0,,0,,0,0,,0,0,,0,,,50,33.3,16.7,0,0,0,0,0,0,0,0,0
2024,1124,Marvin Harrison,ARZ,WR,1,2,LA,2.1739130434782608,0,69.4,1,100,0,0,0,0,,0,0,0,0,,,0,,0,,0,,0,0,0,0,0,0,0,0,,0,0,0,,0,,0,,0,,0,0,,0,0,,0,,,100,0,0,0,0,0,0,0,0,0,0,0
2024,1125,Marvin Harrison,ARZ,WR,1,6,GB,2.1739130434782608,0,14.5,1,7.7,0,0,0,0,,0,0,0,0,,,0,,0,,0,,0,0,0,0,0,0,0,0,,0,0,0,,0,,0,,0,,0,0,,0,0,,0,,,100,0,0,0,0,0,0,0,0,0,0,0
2024,1126,Jalen McMillan,TB,WR,1,2,DET,20.833333333333336,0,78.7,5,71.4,0,0,0,0,,0,0,0,0,,,0,,0,,0,,0,0,0,0,0,0,0,0,,0,0,0,,0,,0,,0,,0,0,,0,0,,0,,,100,0,0,0,0,0,0,0,0,0,0,0
2024,1127,Jalen McMillan,TB,WR,1,3,DEN,41.66666666666667,0,76.8,10,83.3,0,0,0,0,,0,0,0,0,,,0,,0,,0,,0,0,0,0,0,0,0,0,,0,0,0,,0,,0,,0,,0,0,,0,0,,0,,,100,0,0,0,0,0,0,0,0,0,0,0
2024,1128,Jalen McMillan,TB,WR,1,6,NO,4.166666666666666,0,19.4,1,6.3,0,0,0,0,,0,0,0,0,,,0,,0,,0,,0,0,0,0,0,0,0,0,,0,0,0,,0,,0,,0,,0,0,,0,0,,0,,,100,0,0,0,0,0,0,0,0,0,0,0
2024,1129,Troy Franklin,DEN,WR,1,2,PIT,7.142857142857142,0,17.9,1,8.3,0,0,0,0,,0,0,0,0,,,0,,0,,0,,0,0,0,0,0,0,0,0,,0,0,0,,0,,0,,0,,0,0,,0,0,,0,,,0,100,0,0,0,0,0,0,0,0,0,0
2024,1130,Troy Franklin,DEN,WR,1,5,LV,7.142857142857142,20,17.2,1,20,1,20,0,1,50,50,64.9,0,0,0,0,0,0,0,0,0,0,0,0.73,0,0,1,0,0,0,39.6,0,0,0,0,1,100,1,0,1,100,0,0,0,0,0,0,100,-15,-1.736,0,100,0,0,0,8.1,0,8.11,-8.11,0,8.11,8.1
2024,1131,Malik Washington,MIA,WR,1,5,NE,50,0,26.7,3,33.3,0,0,0,0,,0,0,0,0,,,0,,0,,0,,0,0,0,0,0,0,0,0,,0,0,0,,0,,0,,0,,0,0,,0,0,,0,,,33.3,66.7,0,0,0,0,0,0,0,0,0,0
2024,1132,Adonai Mitchell,IND,WR,1,1,HST,13.636363636363635,0,65.1,3,75,0,0,0,0,,0,0,0,0,,,0,,0,,0,,0,0,0,0,0,0,0,0,,0,0,0,,0,,0,,0,,0,0,,0,0,,0,,,66.7,33.3,0,0,0,0,0,0,0,0,0,0
2024,1133,Adonai Mitchell,IND,WR,1,3,CHI,4.545454545454546,20,11.1,1,14.3,1,14.3,0,1,38,38,56.7,0,0,0,0,0,0,0,0,0,0,0,0,0,0,0,0,0,0,39.6,0,0,0,0,0,0,1,0,0,0,0,0,0,0,0,0,50,-11.72,-1.416,0,100,0,0,0,0.1,0,0.06,-0.06,0,0.06,0.1
2024,1134,Adonai Mitchell,IND,WR,1,4,PIT,18.181818181818183,20,17.2,4,33.3,1,8.3,0,0.25,20,20,16.9,0,0,0,0,0,0,0,0,0,0,0,0,0,0,0,0,0,0,39.6,0,0,0,0,0,0,1,0,0,0,0,0,0,0,0,0,25,-10.87,-0.847,75,25,0,0,0,0,0,0.02,-0.02,0,0.01,0
2024,1135,Adonai Mitchell,IND,WR,1,5,JAX,9.090909090909092,0,27.5,2,15.4,0,0,0,0,,0,0,0,0,,,0,,0,,0,,0,0,0,0,0,0,0,0,,0,0,0,,0,,0,,0,,0,0,,0,0,,0,,,100,0,0,0,0,0,0,0,0,0,0,0
2024,1136,Adonai Mitchell,IND,WR,1,6,TEN,4.545454545454546,0,19.7,1,10,0,0,0,0,,0,0,0,0,,,0,,0,,0,,0,0,0,0,0,0,0,0,,0,0,0,,0,,0,,0,,0,0,,0,0,,0,,,100,0,0,0,0,0,0,0,0,0,0,0
2024,1137,Brian Thomas,JAX,WR,1,6,CHI,18.181818181818183,16.666666666666664,80,10,83.3,2,16.7,0,0.2,27.5,55,44.4,0,0,0,0,0,0,0,0,0,0,0,0.64,0,1,1,0,0,0,39.6,2,18.2,0,0,1,50,2,0,1,50,0,0,0,0,0,0,16.7,-12.28,-0.784,50,50,0,0,0,5.5,0,5.53,-5.53,0,0.55,5.5
2024,1138,Xavier Worthy,KC,WR,1,1,BLT,23.52941176470588,20,62,8,80,1,10,0,0.13,16,16,21.9,0,0,0,0,0,0,0,0,0,0,0,0,0,1,1,0,0,0,39.6,1,11.1,0,0,0,0,0,0,0,0,0,0,0,0,0,0,12.5,-10.1,-1.157,62.5,37.5,0,0,0,0,0,0,0,0,0,0
2024,1139,Xavier Worthy,KC,WR,1,3,ATL,26.47058823529412,0,51.4,9,69.2,0,0,0,0,,0,0,0,0,,,0,,0,,0,,0,0,0,0,0,0,0,0,,0,0,0,,0,,0,,0,,0,0,,0,0,,0,,,55.6,44.4,0,0,0,0,0,0,0,0,0,0
2024,1140,Keon Coleman,BUF,WR,1,1,ARZ,13.88888888888889,0,72.4,5,83.3,0,0,0,0,,0,0,0,0,,,0,,0,,0,,0,0,0,0,0,0,0,0,,0,0,0,,0,,0,,0,,0,0,,0,0,,0,,,100,0,0,0,0,0,0,0,0,0,0,0
2024,1141,Keon Coleman,BUF,WR,1,2,MIA,13.88888888888889,0,91.1,5,71.4,0,0,0,0,,0,0,0,0,,,0,,0,,0,,0,0,0,0,0,0,0,0,,0,0,0,,0,,0,,0,,0,0,,0,0,,0,,,100,0,0,0,0,0,0,0,0,0,0,0
2024,1142,Keon Coleman,BUF,WR,1,3,JAX,11.11111111111111,0,31.7,4,33.3,0,0,0,0,,0,0,0,0,,,0,,0,,0,,0,0,0,0,0,0,0,0,,0,0,0,,0,,0,,0,,0,0,,0,0,,0,,,100,0,0,0,0,0,0,0,0,0,0,0
2024,1143,Keon Coleman,BUF,WR,1,4,BLT,13.88888888888889,0,73.7,5,55.6,0,0,0,0,,0,0,0,0,,,0,,0,,0,,0,0,0,0,0,0,0,0,,0,0,0,,0,,0,,0,,0,0,,0,0,,0,,,80,20,0,0,0,0,0,0,0,0,0,0
2024,1144,Keon Coleman,BUF,WR,1,5,HST,30.555555555555557,0,64.4,11,84.6,0,0,0,0,,0,0,0,0,,,0,,0,,0,,0,0,0,0,0,0,0,0,,0,0,0,,0,,0,,0,,0,0,,0,0,,0,,,100,0,0,0,0,0,0,0,0,0,0,0
2024,1145,Keon Coleman,BUF,WR,1,6,NYJ,16.666666666666664,0,65,6,66.7,0,0,0,0,,0,0,0,0,,,0,,0,,0,,0,0,0,0,0,0,0,0,,0,0,0,,0,,0,,0,,0,0,,0,0,,0,,,83.3,16.7,0,0,0,0,0,0,0,0,0,0
2024,1146,Ja'Lynn Polk,NE,WR,1,1,CIN,8.823529411764707,0,54.7,3,60,0,0,0,0,,0,0,0,0,,,0,,0,,0,,0,0,0,0,0,0,0,0,,0,0,0,,0,,0,,0,,0,0,,0,0,,0,,,66.7,33.3,0,0,0,0,0,0,0,0,0,0
2024,1147,Ja'Lynn Polk,NE,WR,1,3,NYJ,8.823529411764707,0,52.1,3,25,0,0,0,0,,0,0,0,0,,,0,,0,,0,,0,0,0,0,0,0,0,0,,0,0,0,,0,,0,,0,,0,0,,0,0,,0,,,66.7,33.3,0,0,0,0,0,0,0,0,0,0
2024,1148,Ja'Lynn Polk,NE,WR,1,4,SF,8.823529411764707,25,82.3,3,60,1,20,0,0.33,0,0,0,0,0,0,0,1,100,0,0,0,0,0,0,0,0,0,0,0,0,79.2,1,25,0,0,1,100,0,0,0,0,0,0,0,0,0,0,33.3,-6.04,-0.523,66.7,33.3,0,0,1,1.6,1,1.62,-0.62,0.33,0.54,1.6
2024,1149,Ja'Lynn Polk,NE,WR,1,5,MIA,32.35294117647059,50,100,11,91.7,2,16.7,0,0.18,17,34,18.8,0,0,0,0,0,0,0,0,0,0,0,0,0,1,1,0,0,0,39.6,2,18.2,0,0,0,0,1,0,0,0,0,0,0,0,0,0,16.7,-10.08,-1.173,72.7,27.3,0,0,0,0,0,0.04,-0.04,0,0,0
2024,1150,Ja'Lynn Polk,NE,WR,1,6,HST,26.47058823529412,0,63.5,9,100,0,0,0,0,,0,0,0,0,,,0,,0,,0,,0,0,0,0,0,0,0,0,,0,0,0,,0,,0,,0,,0,0,,0,0,,0,,,100,0,0,0,0,0,0,0,0,0,0,0
2024,1151,Ben Sinnott,WAS,TE,1,4,ARZ,100,0,41.8,2,14.3,0,0,0,0,,0,0,0,0,,,0,,0,,0,,0,0,0,0,0,0,0,0,,0,0,0,,0,,0,,0,,0,0,,0,0,,0,,,50,50,0,0,0,0,0,0,0,0,0,0
2024,1152,Rome Odunze,CHI,WR,1,2,HST,13.043478260869565,0,93.9,6,75,0,0,0,0,,0,0,0,0,,,0,,0,,0,,0,0,0,0,0,0,0,0,,0,0,0,,0,,0,,0,,0,0,,0,0,,0,,,83.3,16.7,0,0,0,0,0,0,0,0,0,0
2024,1153,Rome Odunze,CHI,WR,1,4,LA,4.3478260869565215,7.142857142857142,75.9,2,66.7,1,33.3,0,0.5,21,21,56.8,0,0,0,0,0,0,0,0,0,0,0,0,0,0,0,0,0,0,39.6,0,0,0,0,0,0,1,0,0,0,0,0,0,0,0,0,33.3,-11.24,-0.44,50,50,0,0,0,0,0,0.01,-0.01,0,0.01,0
2024,1154,Tyler Lockett,SEA,WR,1,2,NE,25.71428571428571,7.6923076923076925,80.3,18,90,1,5,-0.06,0.06,-3,-3,-1.6,-1,-0.6,-1,-1,1,100,2,2,0,0,0,0,0,0,0,0,0,0,79.2,1,6.7,1,100,1,100,0,0,0,0,0,0,0,0,0,0,5.3,-5.94,-0.856,72.2,27.8,0,0,0.9,1.5,0.9,1.55,-0.65,0.05,0.09,1.5
2024,1155,Gerald Everett,CHI,TE,1,2,HST,18.75,100,37.9,3,37.5,1,12.5,-0.33,0.33,-4,-4,-8.5,-1,-2.4,-1,-1,1,100,3,3,0,0,0,0,0,0,0,0,0,0,79.2,1,20,1,100,1,100,0,0,0,0,0,0,0,0,0,0,25,-7.34,-0.769,0,66.7,33.3,0,0.9,1.5,0.9,1.48,-0.58,0.3,0.49,1.5
2024,1156,Christian Kirk,JAX,WR,1,2,CLV,16.923076923076923,9.090909090909092,87.3,11,100,3,27.3,-0.09,0.27,23.67,71,33.2,-1,-1.1,-0.33,-1,1,33.3,0,0,0,0,0,0.24,0,0,0,0,0,0,42.4,3,33.3,0,0,3,100,1,0,0,0,1,0,0,1,0,0,27.3,-10.41,-0.412,9.1,90.9,0,0,0.9,4.8,0.9,4.84,-3.94,0.08,0.44,4.8
2024,1157,Devin Duvernay,JAX,WR,1,3,BUF,75,100,13.2,3,17.6,1,5.9,-0.33,0.33,-4,-4,-4.1,-1,-1.4,-1,-1,1,100,3,3,2,2,0,0.04,0,1,0,0,0,0,79.2,1,7.1,1,100,1,100,0,0,0,0,0,0,0,0,0,0,33.3,-5.49,-0.559,0,100,0,0,0.9,1.6,0.9,1.63,-0.73,0.3,0.54,1.6
2024,1158,Chig Okonkwo,TEN,TE,1,1,CHI,22.22222222222222,14.285714285714285,57.4,4,44.4,1,11.1,-0.5,0.25,-2,-2,-6.7,-2,-10,-2,-2,1,100,0,0,0,0,0,0,0,0,0,0,0,0,79.2,1,11.1,1,100,1,100,0,0,0,0,0,0,0,0,0,0,25,-6.85,-0.959,50,50,0,0,0.8,1.6,0.8,1.56,-0.76,0.2,0.39,1.6
2024,1159,Darnell Mooney,ATL,WR,1,4,NO,12.5,6.25,96.1,8,88.9,1,11.1,-0.5,0.13,-4,-4,-4.4,-4,-28.6,-4,-4,1,100,0,0,0,0,0,0.03,0,0,0,0,0,0,79.2,1,14.3,1,100,1,100,0,0,0,0,0,0,0,0,0,0,12.5,-8.49,-2.079,87.5,12.5,0,0,0.6,1.6,0.6,1.59,-0.99,0.07,0.2,1.6
2024,1160,Terry McLaurin,WAS,WR,1,2,NYG,11.904761904761903,16.666666666666664,91.3,5,83.3,2,33.3,-1,0.4,-3.5,-7,-17.5,-5,-13.9,-2.5,-2.5,2,100,2,1,2,1,0,0,0,0,0,0,0,0,79.2,2,33.3,2,100,2,100,0,0,0,0,0,0,0,0,0,0,33.3,-7.21,-1.064,60,40,0,0,1.5,3.1,1.5,3.07,-1.57,0.3,0.61,3.1
2024,1161,Chris Olave,NO,WR,1,1,CAR,11.76470588235294,10,77.4,4,57.1,1,14.3,-1.5,0.25,-4,-4,-7.3,-6,-20,-6,-6,1,100,-2,-2,0,0,0,0.09,0,0,0,0,0,0,79.2,1,14.3,1,100,1,100,0,0,0,0,0,0,0,0,0,0,16.7,-10.49,-1.284,50,50,0,0,0.4,2.2,0.4,2.17,-1.77,0.1,0.54,2.2
2024,1162,Gabe Davis,JAX,WR,1,4,HST,22.413793103448278,25,79.3,13,92.9,1,7.1,-0.54,0.08,10,10,5.3,-7,-10.1,-7,-7,0,0,0,0,0,0,0,0.53,0,1,1,0,0,0,39.6,0,0,0,0,1,100,0,0,0,0,1,0,0,0,0,0,7.1,-14.5,-1.145,84.6,15.4,0,0,-0.7,3.8,-0.7,3.79,-4.49,-0.05,0.29,3.8
Exported from Data Suite 2.0 by michaelgingrave (user 380) on 2026-09-16 21:42 UTC,,,,,,,,,,,,,,,,,,,,,,,,,,,,,,,,,,,,,,,,,,,,,,,,,,,,,,,,,,,,,,,,,,,,,