,Player Details,Player Details,Player Details,Splits,Splits,Splits,Splits,Receiving,Receiving,Receiving,Receiving,Receiving,Receiving,Receiving,Receiving,Receiving,Receiving,Receiving,Receiving,Receiving,Receiving,Receiving,Receiving,Receiving,Receiving,Receiving,Receiving,Advanced,Advanced,Advanced,Advanced,Advanced,Advanced,Advanced,Advanced,Advanced,Advanced,Advanced,Advanced,Advanced,Advanced,Advanced,Advanced,Advanced,Advanced,Advanced,Advanced,Advanced,Advanced,Alignment,Alignment,Alignment,Alignment,FP,FP,FP,FP,FP,FP,FP,FP
Season,Rank,Name,G,WEEK,OPP,RTE %,TGT %,RTE,TGT,YPRR,TPRR,aDOT,AY,YDS,YPT,YPR,REC,CR %,YAC,YAC/REC,YACO,YACO/REC,TD,XTD,i20 TGT,EZTGT,EZTD,1D,1D/RR,RATE,1READ,1READ %,DESIGN,DESIGN %,CTGT,CTGT %,DEEP,EXP %,DRP,DRP %,CT,CC,CC %,HERO,MTF,MTF/REC,THREAT %,YPTOE,EPA/TGT,WIDE TGT %,SLOT TGT %,INLINE TGT %,BACK TGT %,FP,XFP,FP/G,XFP/G,DIFF,FP/RR,XFP/RR,RecXFP
2025,,League Avg,,,,,,544.90625,8.545955882352942,0.12,0.02,8.749044117647072,75.47426470588235,66.24816176470588,7.75,11.21,5.9099264705882355,69.2,27.189338235294116,4.6,9.154411764705882,1.55,0.43566176470588236,0.4158088235294116,1.2297794117647058,0.6066176470588235,0.24080882352941177,3.233455882352941,0.006,93.44558823529427,6.661764705882353,0,0.8584558823529411,10,6.818014705882353,79.8,0.9981617647058824,16.2,0.43566176470588236,5.1,1.40625,0.8455882352941176,60.1,0.08455882352941177,0.7334558823529411,0.12,0,0.01,0.281,0,2088.585477941176,0,0,15.148713235294117,14.827205882352953,15.148713235294117,14.827922794117644,0.3207904411764701,0.03,0.03,14.827205882352953
2025,1,Indianapolis Colts,1,7,IND,100,11.797752808988763,650,21,0.31,0.03,11.05,232,203,9.67,12.69,16,76.2,71,4.44,44,2.75,0,0.48,2,3,0,9,0.014,86,17,0,2,9.5,18,85.7,3,12.5,1,4.8,3,1,33.3,0,6,0.38,0,1.46,0.532,0,847.6,0,0,36.3,38.4,36.3,38.41,-2.11,0.06,0.06,38.4
2025,2,San Francisco 49ers,1,5,SF,100,7.83132530120482,641,13,0.3,0.02,13.92,181,190,14.62,19,10,76.9,38,3.8,18,1.8,0,0.13,1,1,0,8,0.012,118.3,10,0,0,0,11,84.6,3,50,1,7.7,2,2,100,0,0,0,0,6,0.693,0,1276.9,0,0,29,26.5,29,26.46,2.54,0.05,0.04,26.5
2025,3,San Francisco 49ers,1,6,SF,100,7.228915662650602,641,12,0.29,0.02,14.42,173,185,15.42,20.56,9,75,57,6.33,6,0.67,2,0.94,0,0,0,7,0.011,156.3,7,0,0,0,11,91.7,2,33.3,1,8.3,2,1,50,1,3,0.33,0,6.25,1.093,0,1383.3,0,0,39.5,31.7,39.5,31.66,7.84,0.06,0.05,31.7
2025,4,Detroit Lions,1,14,DET,100,10.256410256410255,585,16,0.3,0.03,8.75,140,176,11,12.57,14,87.5,53,3.79,34,2.43,0,0.05,1,1,0,8,0.014,112.5,11,0,0,0,15,93.8,1,14.3,1,6.3,7,6,85.7,0,2,0.14,0,3.34,0.539,0,975,0,0,31.6,24.6,31.6,24.6,7,0.05,0.04,24.6
2025,5,New York Jets,1,16,NYJ,100,10.738255033557047,551,16,0.3,0.03,8.5,136,168,10.5,12,14,87.5,57,4.07,12,0.86,2,1.9,2,1,0,8,0.015,150,13,0,3,18.8,15,93.8,3,21.4,1,6.3,4,3,75,0,1,0.07,0,2.8,0.894,0,931.3,0,0,42.8,40.5,42.8,40.48,2.32,0.08,0.07,40.5
2025,6,Pittsburgh Steelers,1,14,PIT,100,9.937888198757763,642,16,0.26,0.02,10.56,169,166,10.38,15.09,11,68.8,53,4.82,6,0.55,0,0.16,6,3,0,7,0.011,102.6,9,0,1,6.3,12,75,3,30,0,0,2,1,50,1,2,0.18,0,2.45,0.471,0,1006.3,0,0,27.6,25.1,27.6,25.14,2.46,0.04,0.04,25.1
2025,7,Denver Broncos,1,7,DEN,100,8.284023668639055,637,14,0.26,0.02,11.64,163,163,11.64,18.11,9,64.3,98,10.89,22,2.44,1,0.11,0,0,0,7,0.011,128,12,0,2,14.3,10,71.4,4,22.2,0,0,4,2,50,0,1,0.11,0,3.39,1.036,0,1207.1,0,0,31.3,19.1,31.3,19.05,12.25,0.05,0.03,19.1
2025,8,Tennessee Titans,1,17,TEN,100,9.67741935483871,457,12,0.35,0.03,6.58,79,159,13.25,14.45,11,91.7,91,8.27,29,2.64,2,1.21,2,2,2,6,0.013,158.3,9,0,2,16.7,11,91.7,1,33.3,0,0,1,1,100,0,6,0.55,0,5.99,0.665,0,1033.3,0,0,38.9,27.8,38.9,27.78,11.12,0.09,0.06,27.8
2025,9,Indianapolis Colts,1,17,IND,100,8.98876404494382,650,16,0.24,0.02,10.88,174,158,9.88,13.17,12,75,58,4.83,22,1.83,0,0.23,3,1,0,7,0.011,79.7,13,0,0,0,13,81.3,4,27.3,1,6.3,4,2,50,0,2,0.17,0,1.86,0.521,0,1112.5,0,0,27.8,27.4,27.8,27.42,0.38,0.04,0.04,27.4
2025,10,Pittsburgh Steelers,1,18,PIT,100,4.968944099378882,642,8,0.24,0.01,9.25,74,157,19.63,22.43,7,87.5,86,12.29,3,0.43,2,1.37,0,0,0,3,0.005,158.3,7,0,2,25,8,100,2,42.9,1,12.5,1,1,100,0,1,0.14,0,11.76,1.743,0,2012.5,0,0,34.7,26.6,34.7,26.59,8.11,0.05,0.04,26.6
2025,11,Chicago Bears,1,7,CHI,100,10.457516339869281,590,16,0.26,0.03,15.94,255,156,9.75,15.6,10,62.5,35,3.5,10,1,2,0.77,2,2,2,6,0.01,108.3,13,0,1,6.3,12,75,6,37.5,1,6.3,2,1,50,0,0,0,0,0.43,0.446,0,956.3,0,0,37.6,29.7,37.6,29.72,7.88,0.06,0.05,29.7
2025,12,San Francisco 49ers,1,11,SF,100,8.433734939759036,641,14,0.24,0.02,9.36,131,156,11.14,12,13,92.9,61,4.69,28,2.15,2,0.92,2,2,2,8,0.012,122.9,12,0,2,14.3,13,92.9,3,9.1,0,0,5,5,100,0,6,0.46,0,3.24,1.017,0,1185.7,0,0,40.6,25.4,40.6,25.38,15.22,0.06,0.04,25.4
2025,13,Carolina Panthers,1,10,CAR,100,7.2992700729927,510,10,0.3,0.02,17.3,173,154,15.4,19.25,8,80,58,7.25,18,2.25,1,0.3,0,0,0,5,0.01,152.1,7,0,0,0,8,80,3,25,0,0,2,2,100,1,1,0.13,0,5.59,1.36,0,1370,0,0,29.4,19.8,29.4,19.84,9.56,0.06,0.04,19.8
2025,14,Atlanta Falcons,1,11,ATL,100,11.678832116788321,530,16,0.29,0.03,6.88,110,153,9.56,12.75,12,75,97,8.08,50,4.17,1,1.08,6,3,1,6,0.011,125.3,12,0,2,12.5,14,87.5,2,22.2,1,6.3,2,1,50,1,5,0.42,0,2.28,0.645,0,856.3,0,0,33.3,28.7,33.3,28.65,4.65,0.06,0.05,28.7
2025,15,Detroit Lions,1,6,DET,100,8.333333333333332,585,13,0.26,0.02,4,52,153,11.77,13.91,11,84.6,118,10.73,51,4.64,2,1.12,3,0,0,10,0.017,155.3,11,0,2,15.4,12,92.3,0,11.1,1,7.7,1,1,100,0,5,0.45,0,5.4,1.01,0,1200,0,0,38.3,26.2,38.3,26.24,12.06,0.07,0.04,26.2
2025,16,Indianapolis Colts,1,12,IND,100,7.303370786516854,650,13,0.23,0.02,11.92,155,150,11.54,18.75,8,61.5,90,11.25,32,4,0,0.7,2,1,0,5,0.008,69.4,7,0,2,15.4,10,76.9,1,42.9,1,7.7,0,0,0,0,1,0.13,0,3.37,0.128,0,1369.2,0,0,23,23.1,23,23.11,-0.11,0.04,0.04,23.1
2025,17,New York Giants,1,2,NYG,100,14.965986394557824,522,22,0.29,0.04,9.32,205,149,6.77,9.93,15,68.2,23,1.53,5,0.33,1,0.73,3,2,1,9,0.017,83.3,17,0,1,4.5,19,86.4,2,7.7,2,9.1,3,1,33.3,1,0,0,0,-1.26,0.427,0,668.2,0,0,35.9,38.6,35.9,38.62,-2.72,0.07,0.07,38.6
2025,18,Washington Commanders,1,17,WAS,100,4,557,6,0.27,0.01,15.33,92,149,24.83,29.8,5,83.3,68,13.6,14,2.8,1,0.35,0,0,0,4,0.007,158.3,2,0,1,16.7,5,83.3,1,40,0,0,0,0,0,0,3,0.6,0,15.95,2.533,0,2500,0,0,25.9,18.2,25.9,18.19,7.71,0.05,0.03,18.2
2025,19,Chicago Bears,1,14,CHI,100,4.57516339869281,590,7,0.25,0.01,15.14,106,146,20.86,20.86,7,100,40,5.71,1,0.14,3,1.69,0,0,0,6,0.01,158.3,5,0,0,0,7,100,2,42.9,0,0,1,1,100,0,0,0,0,11.76,2.18,0,2185.7,0,0,39.6,27.8,39.6,27.75,11.85,0.07,0.05,27.8
2025,20,New England Patriots,1,1,NE,100,6.666666666666667,510,9,0.29,0.02,11.56,104,146,16.22,18.25,8,88.9,60,7.5,17,2.13,1,1.04,0,1,1,5,0.01,155.8,6,0,1,11.1,9,100,2,50,1,11.1,0,0,0,0,2,0.25,0,7.51,1.218,0,1488.9,0,0,28.6,28,28.6,27.95,0.65,0.06,0.05,28
2025,21,Atlanta Falcons,1,9,ATL,100,8.02919708029197,530,11,0.27,0.02,17,187,144,13.09,20.57,7,63.6,53,7.57,9,1.29,0,0.06,0,0,0,7,0.013,107.2,9,0,0,0,8,72.7,5,28.6,1,9.1,5,3,60,0,2,0.29,0,3.5,0.806,0,1245.5,0,0,21.4,15.5,21.4,15.5,5.9,0.04,0.03,15.5
2025,22,New York Giants,1,5,NYG,100,6.122448979591836,522,9,0.28,0.02,11,99,144,16,20.57,7,77.8,64,9.14,1,0.14,1,0.36,0,0,0,5,0.01,155.8,8,0,0,0,8,88.9,1,14.3,1,11.1,0,0,0,0,2,0.29,0,7.72,1.488,0,1633.3,0,0,27.4,20.5,27.4,20.49,6.91,0.05,0.04,20.5
2025,23,Indianapolis Colts,1,4,IND,100,3.3707865168539324,650,6,0.22,0.01,11.5,69,142,23.67,28.4,5,83.3,77,15.4,8,1.6,1,0.27,0,0,0,4,0.006,158.3,6,0,0,0,5,83.3,1,20,0,0,0,0,0,1,0,0,0,14.87,1.604,0,2966.7,0,0,25.2,14.8,25.2,14.76,10.44,0.04,0.02,14.8
2025,24,Tennessee Titans,1,2,TEN,100,7.258064516129033,457,9,0.31,0.02,11.67,105,142,15.78,20.29,7,77.8,54,7.71,20,2.86,0,0.16,1,1,0,4,0.009,118.8,9,0,0,0,7,77.8,2,57.1,0,0,0,0,0,0,1,0.14,0,7.29,0.826,0,1377.8,0,0,21.2,19,21.2,18.95,2.25,0.05,0.04,19
2025,25,Tennessee Titans,1,12,TEN,100,4.838709677419355,457,6,0.31,0.01,14.17,85,140,23.33,28,5,83.3,66,13.2,12,2.4,1,0.33,1,0,0,3,0.007,158.3,4,0,0,0,6,100,1,50,0,0,1,0,0,0,1,0.2,0,14.4,1.627,0,2066.7,0,0,25,15.4,25,15.45,9.55,0.05,0.03,15.4
2025,26,Carolina Panthers,1,13,CAR,100,5.839416058394161,510,8,0.27,0.02,13.38,107,137,17.13,22.83,6,75,58,9.67,17,2.83,0,0.09,2,1,0,5,0.01,116.7,5,0,0,0,6,75,1,60,0,0,1,1,100,0,1,0.17,0,8.36,1.184,0,1712.5,0,0,19.7,14.8,19.7,14.79,4.91,0.04,0.03,14.8
2025,27,Las Vegas Raiders,1,7,LV,100,10.79136690647482,507,15,0.27,0.03,9.8,147,137,9.13,10.54,13,86.7,39,3,7,0.54,2,2.45,3,1,1,9,0.018,144.3,14,0,1,6.7,14,93.3,2,10,0,0,2,1,50,0,2,0.15,0,1.44,0.874,0,926.7,0,0,38.7,43.8,38.7,43.77,-5.07,0.08,0.09,43.8
2025,28,Los Angeles Chargers,1,1,LAC,100,8.955223880597014,491,12,0.28,0.02,6.58,79,136,11.33,12.36,11,91.7,61,5.55,4,0.36,1,0.44,2,0,0,5,0.01,141.7,10,0,1,8.3,11,91.7,1,20,0,0,0,0,0,0,2,0.18,0,4.69,0.878,0,1116.7,0,0,30.6,24.3,30.6,24.25,6.35,0.06,0.05,24.3
2025,29,Buffalo Bills,1,14,BUF,100,8.823529411764707,528,12,0.26,0.02,8,96,135,11.25,12.27,11,91.7,52,4.73,32,2.91,1,1.05,2,1,1,8,0.015,141.3,11,0,2,16.7,12,100,1,11.1,1,8.3,2,2,100,1,2,0.18,0,3.67,1.18,0,1133.3,0,0,30.5,29.3,30.5,29.34,1.16,0.06,0.06,29.3
2025,30,Cincinnati Bengals,1,9,CIN,100,7.857142857142857,499,11,0.27,0.02,7.09,78,135,12.27,16.88,8,72.7,99,12.38,48,6,2,0.13,2,0,0,6,0.012,153.4,6,0,3,27.3,10,90.9,1,16.7,0,0,2,0,0,0,3,0.38,0,5.04,1.197,0,1272.7,0,0,33.5,17.9,33.5,17.9,15.6,0.07,0.04,17.9
2025,31,Baltimore Ravens,1,5,BLT,100,8,582,12,0.23,0.02,8.75,105,133,11.08,12.09,11,91.7,47,4.27,8,0.73,3,3.59,5,1,1,8,0.014,152.4,12,0,1,8.3,12,100,1,33.3,1,8.3,1,1,100,0,0,0,0,3.23,1.351,0,1250,0,0,42.3,46.5,42.3,46.54,-4.24,0.07,0.08,46.5
2025,32,Washington Commanders,1,7,WAS,100,6,557,9,0.24,0.02,8.44,76,133,14.78,16.63,8,88.9,70,8.75,29,3.63,2,0.99,1,1,1,6,0.011,158.3,8,0,1,11.1,9,100,1,14.3,0,0,1,0,0,0,1,0.13,0,7.21,1.158,0,1666.7,0,0,33.3,25.9,33.3,25.9,7.4,0.06,0.05,25.9
2025,33,Washington Commanders,1,8,WAS,100,9.333333333333334,557,14,0.24,0.03,6.21,87,133,9.5,11.08,12,85.7,67,5.58,18,1.5,0,0.08,0,0,0,7,0.013,66.7,11,0,4,28.6,13,92.9,2,25,1,7.1,2,2,100,0,1,0.08,0,2.23,0.127,0,1071.4,0,0,25.3,25.5,25.3,25.48,-0.18,0.05,0.05,25.5
2025,34,Baltimore Ravens,1,10,BLT,100,7.333333333333333,582,11,0.23,0.02,12,132,132,12,18.86,7,63.6,47,6.71,19,2.71,0,0.11,3,1,0,4,0.007,105.1,7,0,0,0,7,63.6,2,33.3,0,0,4,4,100,1,2,0.29,0,3.48,0.694,0,1363.6,0,0,20.2,13,20.2,13.04,7.16,0.03,0.02,13
2025,35,Indianapolis Colts,1,8,IND,100,8.426966292134832,650,15,0.2,0.02,13.53,203,132,8.8,14.67,9,60,39,4.33,6,0.67,0,0.27,4,4,0,5,0.008,61,13,0,0,0,11,73.3,3,33.3,1,6.7,6,4,66.7,0,0,0,0,-0.28,-0.051,0,1186.7,0,0,22.2,20.4,22.2,20.37,1.83,0.03,0.03,20.4
2025,36,Arizona Cardinals,1,5,ARZ,100,9.090909090909092,606,14,0.22,0.02,9.93,139,131,9.36,14.56,9,64.3,58,6.44,14,1.56,0,0.13,0,0,0,6,0.01,94.6,13,0,2,14.3,10,71.4,2,11.1,1,7.1,0,0,0,0,3,0.33,0,1.37,0.198,0,1100,0,0,22.1,21,22.1,20.98,1.12,0.04,0.03,21
2025,37,New York Jets,1,1,NYJ,100,8.724832214765101,551,13,0.24,0.02,7,91,131,10.08,11.91,11,84.6,78,7.09,13,1.18,2,0.35,1,0,0,7,0.013,148.2,13,0,4,30.8,11,84.6,1,40,0,0,1,1,100,1,1,0.09,0,2.34,0.859,0,1146.2,0,0,36.1,20.8,36.1,20.8,15.3,0.07,0.04,20.8
2025,38,Dallas Cowboys,1,13,DAL,100,9.859154929577464,522,14,0.25,0.03,7.86,110,130,9.29,11.82,11,78.6,87,7.91,10,0.91,4,2.07,3,3,3,6,0.011,144.9,10,0,4,28.6,11,78.6,1,37.5,0,0,2,2,100,1,2,0.18,0,1.36,0.973,0,1014.3,0,0,48,29.3,48,29.34,18.66,0.09,0.06,29.3
2025,39,Las Vegas Raiders,1,17,LV,100,7.194244604316546,507,10,0.26,0.02,8.5,85,130,13,14.44,9,90,57,6.33,23,2.56,0,0.08,2,0,0,5,0.01,118.8,10,0,1,10,10,100,0,25,0,0,1,0,0,0,3,0.33,0,5.03,0.871,0,1390,0,0,22,21.4,22,21.41,0.59,0.04,0.04,21.4
2025,40,Houston Texans,1,1,HST,100,8.053691275167784,554,12,0.23,0.02,10,120,129,10.75,14.33,9,75,25,2.78,25,2.78,0,0.2,0,0,0,6,0.011,109.4,12,0,1,8.3,9,75,1,33.3,0,0,0,0,0,1,1,0.11,0,2.64,0.644,0,1241.7,0,0,21.9,23.1,21.9,23.07,-1.17,0.04,0.04,23.1
2025,41,New England Patriots,1,10,NE,100,11.851851851851853,510,16,0.25,0.03,5.81,93,128,8,10.67,12,75,57,4.75,16,1.33,2,1.31,1,1,1,6,0.012,137.5,11,0,2,12.5,15,93.8,0,9.1,1,6.3,4,2,50,0,0,0,0,1,0.431,0,837.5,0,0,36.8,32.3,36.8,32.29,4.51,0.07,0.06,32.3
2025,42,Denver Broncos,1,11,DEN,100,7.100591715976331,637,12,0.2,0.02,8.83,106,127,10.58,15.88,8,66.7,63,7.88,19,2.38,0,0.13,2,0,0,3,0.005,101.7,10,0,2,16.7,10,83.3,1,14.3,2,16.7,1,1,100,1,3,0.38,0,2.8,0.659,0,1408.3,0,0,20.7,18.7,20.7,18.72,1.98,0.03,0.03,18.7
2025,43,Philadelphia Eagles,1,17,PHI,100,7.586206896551724,537,11,0.24,0.02,9.45,104,127,11.55,14.11,9,81.8,31,3.44,13,1.44,0,0.39,1,0,0,5,0.009,114.8,10,0,2,18.2,11,100,2,25,1,9.1,2,1,50,1,0,0,0,4.09,0.574,0,1318.2,0,0,21.7,23.1,21.7,23.09,-1.39,0.04,0.04,23.1
2025,44,Denver Broncos,1,15,DEN,100,7.100591715976331,637,12,0.2,0.02,10.5,126,126,10.5,15.75,8,66.7,41,5.13,7,0.88,0,0.66,2,0,0,5,0.008,101.4,9,0,1,8.3,10,83.3,1,25,1,8.3,2,1,50,0,0,0,0,2.22,0.761,0,1408.3,0,0,20.6,21.9,20.6,21.92,-1.32,0.03,0.03,21.9
2025,45,Buffalo Bills,1,9,BUF,100,12.5,528,17,0.23,0.03,11.65,198,124,7.29,13.78,9,52.9,39,4.33,9,1,0,0.57,1,2,0,5,0.009,76.6,11,0,2,11.8,11,64.7,3,44.4,0,0,3,1,33.3,0,2,0.22,0,-1.13,-0.049,0,800,0,0,21.4,27.8,21.4,27.76,-6.36,0.04,0.05,27.8
2025,46,Seattle Seahawks,1,5,SEA,100,6.790123456790123,603,11,0.21,0.02,7,77,124,11.27,13.78,9,81.8,73,8.11,12,1.33,0,0.29,1,0,0,6,0.01,113.6,10,0,1,9.1,10,90.9,1,33.3,0,0,0,0,0,0,2,0.22,0,4.1,0.634,0,1472.7,0,0,21.4,21,21.4,21.03,0.37,0.04,0.03,21
2025,47,San Francisco 49ers,1,9,SF,100,10.240963855421686,641,17,0.19,0.03,6.76,115,124,7.29,8.86,14,82.4,33,2.36,9,0.64,1,0.5,0,1,1,4,0.006,116.7,11,0,1,5.9,15,88.2,1,14.3,1,5.9,6,6,100,0,2,0.14,0,0.32,0.263,0,976.5,0,0,32.4,26.7,32.4,26.71,5.69,0.05,0.04,26.7
2025,48,Miami Dolphins,1,10,MIA,100,10.48951048951049,561,15,0.22,0.03,9,135,123,8.2,11.18,11,73.3,25,2.27,8,0.73,1,0.31,1,1,0,6,0.011,91.8,10,0,1,6.7,12,80,2,27.3,1,6.7,0,0,0,0,1,0.09,0,0.1,0.339,0,953.3,0,0,29.3,25.1,29.3,25.07,4.23,0.05,0.04,25.1
2025,49,Pittsburgh Steelers,1,8,PIT,100,6.211180124223603,642,10,0.19,0.02,3.6,36,123,12.3,15.38,8,80,101,12.63,44,5.5,3,0.34,2,0,0,7,0.011,157.5,8,0,2,20,10,100,0,33.3,2,20,2,1,50,0,4,0.5,0,5.99,1.07,0,1610,0,0,38.3,18.2,38.3,18.2,20.1,0.06,0.03,18.2
2025,50,Seattle Seahawks,1,12,SEA,100,10.493827160493826,603,17,0.2,0.03,8,136,123,7.24,10.25,12,70.6,55,4.58,9,0.75,1,0.98,3,2,1,6,0.01,110.7,13,0,3,17.6,14,82.4,3,22.2,0,0,4,1,25,0,0,0,0,-0.42,0.35,0,952.9,0,0,30.3,29.7,30.3,29.74,0.56,0.05,0.05,29.7
2025,51,Jacksonville Jaguars,1,16,JAX,100,9.937888198757763,603,16,0.2,0.03,13.13,210,122,7.63,13.56,9,56.3,27,3,13,1.44,1,0.96,1,1,1,5,0.008,101.6,15,0,1,6.3,11,68.8,5,12.5,1,6.3,2,1,50,0,1,0.11,0,-0.92,0.255,0,1006.3,0,0,27.2,28.8,27.2,28.84,-1.64,0.05,0.05,28.8
2025,52,Pittsburgh Steelers,1,10,PIT,100,7.453416149068323,642,12,0.19,0.02,9.08,109,121,10.08,17.29,7,58.3,75,10.71,10,1.43,1,0.21,2,1,0,4,0.006,120.5,9,0,0,0,8,66.7,1,16.7,1,8.3,1,0,0,0,2,0.29,0,2.1,0.5,0,1341.7,0,0,25.1,15.8,25.1,15.79,9.31,0.04,0.02,15.8
2025,53,Cincinnati Bengals,1,7,CIN,100,6.428571428571428,499,9,0.24,0.02,9.44,85,120,13.33,20,6,66.7,66,11,21,3.5,3,1.46,4,2,2,4,0.008,149.3,7,0,3,33.3,8,88.9,1,33.3,1,11.1,2,1,50,0,1,0.17,0,4.82,1.261,0,1555.6,0,0,36,23.2,36,23.16,12.84,0.07,0.05,23.2
2025,54,Miami Dolphins,1,16,MIA,100,8.391608391608392,561,12,0.21,0.02,7.42,89,120,10,12,10,83.3,52,5.2,17,1.7,1,0.94,1,0,0,7,0.012,136.1,9,0,0,0,11,91.7,0,22.2,1,8.3,1,1,100,0,1,0.1,0,2.53,0.668,0,1191.7,0,0,28,26.3,28,26.27,1.73,0.05,0.05,26.3
2025,55,New England Patriots,1,15,NE,100,6.666666666666667,510,9,0.24,0.02,9.22,83,120,13.33,13.33,9,100,43,4.78,15,1.67,1,0.99,3,1,1,4,0.008,155.8,8,0,1,11.1,9,100,3,33.3,0,0,2,2,100,1,1,0.11,0,5.22,1.493,0,1488.9,0,0,27,21.9,27,21.91,5.09,0.05,0.04,21.9
2025,56,Seattle Seahawks,1,10,SEA,100,9.25925925925926,603,15,0.2,0.02,9,135,119,7.93,11.9,10,66.7,40,4,23,2.3,1,0.58,4,2,0,6,0.01,112.9,10,0,0,0,14,93.3,0,11.1,1,6.7,4,1,25,0,5,0.5,0,-0.08,0.775,0,1080,0,0,27.9,26.8,27.9,26.79,1.11,0.05,0.04,26.8
2025,57,Green Bay Packers,1,15,GB,100,8.403361344537815,432,10,0.27,0.02,12.8,128,118,11.8,14.75,8,80,37,4.63,12,1.5,2,0.58,2,2,2,7,0.016,155.4,6,0,1,10,8,80,2,33.3,0,0,3,2,66.7,0,2,0.25,0,2.87,1.046,0,1190,0,0,31.8,18.2,31.8,18.16,13.64,0.07,0.04,18.2
2025,58,Seattle Seahawks,1,16,SEA,100,3.7037037037037033,603,6,0.2,0.01,15.83,95,118,19.67,29.5,4,66.7,47,11.75,37,9.25,0,0.86,1,0,0,3,0.005,109.7,5,0,0,0,5,83.3,2,50,1,16.7,1,1,100,0,1,0.25,0,9.59,1.395,0,2700,0,0,15.8,17.6,15.8,17.59,-1.79,0.03,0.03,17.6
2025,59,Miami Dolphins,1,9,MIA,100,4.895104895104895,561,7,0.21,0.01,11.71,82,117,16.71,19.5,6,85.7,55,9.17,10,1.67,1,0.85,1,0,0,5,0.009,158.3,4,0,1,14.3,6,85.7,2,50,0,0,1,1,100,0,3,0.5,0,8.19,1.41,0,2042.9,0,0,23.7,18.5,23.7,18.53,5.17,0.04,0.03,18.5
2025,60,Pittsburgh Steelers,1,6,PIT,100,11.801242236024844,642,19,0.18,0.03,7.32,139,117,6.16,10.64,11,57.9,45,4.09,30,2.73,0,0.24,3,0,0,7,0.011,76,16,0,0,0,16,84.2,0,10,3,15.8,3,1,33.3,0,1,0.09,0,-1.38,0.201,0,847.4,0,0,22.7,29.4,22.7,29.39,-6.69,0.04,0.05,29.4
2025,61,Baltimore Ravens,1,16,BLT,100,7.333333333333333,582,11,0.2,0.02,8.45,93,115,10.45,11.5,10,90.9,32,3.2,9,0.9,0,0.05,0,0,0,6,0.01,110.2,6,0,0,0,10,90.9,2,30,0,0,2,2,100,0,3,0.3,0,3.22,1.133,0,1363.6,0,0,21.5,19.9,21.5,19.92,1.58,0.04,0.03,19.9
2025,62,Detroit Lions,1,7,DET,100,11.538461538461538,585,18,0.2,0.03,9.89,178,115,6.39,9.58,12,66.7,35,2.92,2,0.17,0,0.04,2,2,0,7,0.012,84.3,13,0,0,0,12,66.7,3,8.3,0,0,1,0,0,0,1,0.08,0,-1.59,-0.011,0,866.7,0,0,23.5,23.1,23.5,23.05,0.45,0.04,0.04,23.1
2025,63,Cincinnati Bengals,1,4,CIN,100,7.857142857142857,499,11,0.23,0.02,8,88,114,10.36,12.67,9,81.8,83,9.22,29,3.22,1,0.53,2,0,0,6,0.012,140.2,9,0,4,36.4,10,90.9,1,25,1,9.1,1,1,100,0,0,0,0,2.57,0.863,0,1272.7,0,0,26.4,26.2,26.4,26.16,0.24,0.05,0.05,26.2
2025,64,Minnesota Vikings,1,1,MIN,100,10.833333333333334,440,13,0.26,0.03,8,104,114,8.77,11.4,10,76.9,34,3.4,5,0.5,0,0.06,1,0,0,5,0.011,102.7,8,0,1,7.7,10,76.9,2,11.1,0,0,2,2,100,0,1,0.1,0,1.54,0.312,0,923.1,0,0,21.4,19.6,21.4,19.56,1.84,0.05,0.04,19.6
2025,65,New York Giants,1,12,NYG,100,6.802721088435375,522,10,0.22,0.02,11.1,111,114,11.4,16.29,7,70,45,6.43,20,2.86,1,0.13,1,0,0,5,0.01,141.3,10,0,1,10,9,90,2,50,1,10,4,2,50,0,1,0.14,0,2.92,0.675,0,1470,0,0,24.4,18.3,24.4,18.31,6.09,0.05,0.04,18.3
2025,66,New York Jets,1,2,NYJ,100,6.7114093959731544,551,10,0.21,0.02,6.1,61,114,11.4,16.29,7,70,81,11.57,24,3.43,0,0.05,1,1,0,4,0.007,107.9,7,0,1,10,7,70,0,28.6,0,0,0,0,0,0,0,0,0,4.14,0.681,0,1490,0,0,18.4,13.9,18.4,13.91,4.49,0.03,0.03,13.9
2025,67,Pittsburgh Steelers,1,12,PIT,100,5.590062111801243,642,9,0.18,0.01,10.78,97,114,12.67,16.29,7,77.8,44,6.29,9,1.29,2,1.73,1,0,0,6,0.009,158.3,8,0,1,11.1,8,88.9,1,33.3,0,0,1,0,0,0,0,0,0,4.56,1.086,0,1788.9,0,0,30.4,26.9,30.4,26.94,3.46,0.05,0.04,26.9
2025,68,Washington Commanders,1,5,WAS,100,8.666666666666668,557,13,0.2,0.02,7.69,100,114,8.77,10.36,11,84.6,39,3.55,19,1.73,1,1.05,2,2,1,5,0.009,128.8,9,0,0,0,11,84.6,1,10,0,0,0,0,0,0,1,0.09,0,1.44,-0.241,0,1153.8,0,0,28.4,27.4,28.4,27.38,1.02,0.05,0.05,27.4
2025,69,Chicago Bears,1,8,CHI,100,5.88235294117647,590,9,0.19,0.02,9.67,87,113,12.56,12.56,9,100,26,2.89,10,1.11,0,0.1,1,0,0,5,0.008,118.8,9,0,0,0,9,100,1,37.5,0,0,0,0,0,0,2,0.22,0,4.59,0.831,0,1700,0,0,20.3,21.2,20.3,21.25,-0.95,0.03,0.04,21.2
2025,70,Cincinnati Bengals,1,1,CIN,100,10,499,14,0.23,0.03,8.79,123,113,8.07,12.56,9,64.3,43,4.78,20,2.22,0,0.4,1,0,0,6,0.012,89.3,10,0,1,7.1,12,85.7,1,25,2,14.3,0,0,0,0,1,0.11,0,0.47,0.358,0,1000,0,0,20.3,26.4,20.3,26.42,-6.12,0.04,0.05,26.4
2025,71,Dallas Cowboys,1,4,DAL,100,8.450704225352112,522,12,0.22,0.02,9.25,111,113,9.42,11.3,10,83.3,58,5.8,15,1.5,0,0.08,4,1,0,5,0.01,105.9,11,0,5,41.7,10,83.3,3,14.3,0,0,1,1,100,0,5,0.5,0,1.51,0.938,0,1183.3,0,0,21.3,18.7,21.3,18.73,2.57,0.04,0.04,18.7
2025,72,Los Angeles Chargers,1,15,LAC,100,11.940298507462686,491,16,0.23,0.03,7.19,115,113,7.06,11.3,10,62.5,35,3.5,5,0.5,0,0.05,1,0,0,5,0.01,57.6,8,0,3,18.8,12,75,3,20,1,6.3,4,1,25,0,2,0.2,0,-0.35,0.313,0,837.5,0,0,21.3,22.6,21.3,22.65,-1.35,0.04,0.05,22.6
2025,73,New Orleans Saints,1,17,NO,100,13.008130081300814,461,16,0.25,0.03,12,192,113,7.06,12.56,9,56.3,15,1.67,3,0.33,1,1.33,1,1,1,5,0.011,99.2,12,0,2,12.5,10,62.5,4,25,0,0,3,2,66.7,0,0,0,0,-1.75,0.191,0,768.8,0,0,26.3,27.9,26.3,27.92,-1.62,0.06,0.06,27.9
2025,74,Jacksonville Jaguars,1,9,JAX,100,9.937888198757763,603,16,0.18,0.03,4.19,67,110,6.88,9.17,12,75,55,4.58,33,2.75,0,0.19,4,1,0,7,0.012,67.2,13,0,0,0,15,93.8,0,10,1,6.3,3,1,33.3,0,4,0.33,0,0.31,0.148,0,1006.3,0,0,23,24,23,24.03,-1.03,0.04,0.04,24
2025,75,Kansas City Chiefs,1,1,KC,100,6.7114093959731544,533,10,0.21,0.02,8.7,87,110,11,13.75,8,80,62,7.75,19,2.38,1,0.41,0,0,0,6,0.011,145.8,10,0,0,0,8,80,1,25,0,0,0,0,0,0,3,0.38,0,3.37,0.884,0,1490,0,0,25,17.1,25,17.06,7.94,0.05,0.03,17.1
2025,76,Los Angeles Rams,1,7,LA,100,11.320754716981133,609,18,0.18,0.03,9.67,174,110,6.11,11,10,55.6,43,4.3,8,0.8,1,0.22,1,1,0,5,0.008,92.4,13,0,2,11.1,14,77.8,3,20,3,16.7,3,2,66.7,0,1,0.1,0,-2.13,-0.083,0,883.3,0,0,27,27,27,26.98,0.02,0.04,0.04,27
2025,77,New York Giants,1,11,NYG,100,6.122448979591836,522,9,0.21,0.02,15.78,142,110,12.22,15.71,7,77.8,7,1,2,0.29,2,2.07,2,2,2,5,0.01,157.2,5,0,0,0,9,100,4,40,1,11.1,5,3,60,1,1,0.14,0,3.49,1.192,0,1633.3,0,0,30,30.3,30,30.32,-0.32,0.06,0.06,30.3
2025,78,Cincinnati Bengals,1,13,CIN,100,8.571428571428571,499,12,0.22,0.02,10.42,125,109,9.08,13.63,8,66.7,52,6.5,7,0.88,0,0.16,0,0,0,2,0.004,95.5,7,0,0,0,10,83.3,1,12.5,2,16.7,0,0,0,0,2,0.25,0,0.78,-0.642,0,1166.7,0,0,18.9,23.1,18.9,23.09,-4.19,0.04,0.05,23.1
2025,79,Washington Commanders,1,13,WAS,100,7.333333333333333,557,11,0.2,0.02,9.27,102,109,9.91,15.57,7,63.6,54,7.71,9,1.29,0,0.45,2,0,0,4,0.007,58.5,9,0,1,9.1,8,72.7,1,33.3,0,0,2,1,50,0,1,0.14,0,2.2,0.154,0,1363.6,0,0,17.9,17.4,17.9,17.43,0.47,0.03,0.03,17.4
2025,80,Carolina Panthers,1,9,CAR,100,7.2992700729927,510,10,0.21,0.02,10.4,104,108,10.8,13.5,8,80,26,3.25,9,1.13,0,0.07,3,1,0,6,0.012,111.7,5,0,1,10,8,80,1,14.3,0,0,1,1,100,0,1,0.13,0,3.01,0.874,0,1370,0,0,18.8,15.9,18.8,15.92,2.88,0.04,0.03,15.9
2025,81,Cleveland Browns,1,4,CLV,100,10.16949152542373,435,12,0.25,0.03,11,132,108,9,13.5,8,66.7,43,5.38,14,1.75,2,2.03,3,0,0,6,0.014,134.7,9,0,1,8.3,9,75,2,50,1,8.3,1,1,100,0,1,0.13,0,0.49,0.733,0,983.3,0,0,30.8,30.1,30.8,30.1,0.7,0.07,0.07,30.1
2025,82,Detroit Lions,1,10,DET,100,5.769230769230769,585,9,0.18,0.02,15.22,137,108,12,15.43,7,77.8,21,3,5,0.71,1,1.15,4,1,1,5,0.009,153.7,6,0,2,22.2,7,77.8,3,66.7,0,0,5,4,80,2,0,0,0,3.75,1.252,0,1733.3,0,0,23.8,17.3,23.8,17.32,6.48,0.04,0.03,17.3
2025,83,Tampa Bay Buccaneers,1,11,TB,100,6.25,552,9,0.2,0.02,13.78,124,108,12,18,6,66.7,25,4.17,5,0.83,1,0.81,0,1,1,5,0.009,144.7,6,0,1,11.1,7,77.8,2,50,0,0,1,0,0,0,1,0.17,0,3.03,0.727,0,1600,0,0,22.8,20.9,22.8,20.92,1.88,0.04,0.04,20.9
2025,84,New York Jets,1,17,NYJ,100,4.697986577181208,551,7,0.19,0.01,8.43,59,107,15.29,17.83,6,85.7,72,12,18,3,0,0.16,0,0,0,4,0.007,118.8,6,0,0,0,6,85.7,1,50,0,0,0,0,0,0,3,0.5,0,7.59,1.14,0,2128.6,0,0,16.7,13.2,16.7,13.23,3.47,0.03,0.02,13.2
2025,85,Minnesota Vikings,1,9,MIN,100,7.5,440,9,0.24,0.02,8.89,80,106,11.78,15.14,7,77.8,39,5.57,20,2.86,1,0.4,1,0,0,3,0.007,152.8,7,0,1,11.1,8,88.9,0,14.3,1,11.1,0,0,0,0,2,0.29,0,3.98,1.128,0,1333.3,0,0,23.6,20.3,23.6,20.25,3.35,0.05,0.05,20.3
2025,86,New Orleans Saints,1,18,NO,100,8.130081300813007,461,10,0.23,0.02,14.1,141,106,10.6,15.14,7,70,19,2.71,7,1,1,1.05,2,2,1,6,0.013,137.9,8,0,0,0,8,80,2,16.7,0,0,1,0,0,0,0,0,0,1.44,1.004,0,1230,0,0,23.6,24.6,23.6,24.63,-1.03,0.05,0.05,24.6
2025,87,Washington Commanders,1,1,WAS,100,9.333333333333334,557,14,0.19,0.03,7.21,101,106,7.57,11.78,9,64.3,47,5.22,37,4.11,0,0.2,3,1,0,5,0.009,87.2,12,0,2,14.3,10,71.4,0,42.9,1,7.1,1,1,100,0,1,0.11,0,-0.08,0.124,0,1071.4,0,0,19.6,18.5,19.6,18.5,1.1,0.04,0.03,18.5
2025,88,Arizona Cardinals,1,15,ARZ,100,2.5974025974025974,606,4,0.17,0.01,1,4,105,26.25,26.25,4,100,101,25.25,58,14.5,1,0.15,0,0,0,4,0.007,158.3,4,0,0,0,4,100,0,50,0,0,1,1,100,0,1,0.25,0,20.62,2.235,0,3850,0,0,20.5,8.2,20.5,8.24,12.26,0.03,0.01,8.2
2025,89,Tampa Bay Buccaneers,1,15,TB,100,6.944444444444445,552,10,0.19,0.02,9.6,96,105,10.5,13.13,8,80,45,5.63,6,0.75,1,0.94,3,1,1,6,0.011,143.8,8,0,0,0,8,80,1,40,0,0,2,2,100,0,0,0,0,2.7,1.007,0,1440,0,0,24.5,18.9,24.5,18.85,5.65,0.04,0.03,18.9
2025,90,Tampa Bay Buccaneers,1,1,TB,100,7.638888888888889,552,11,0.19,0.02,7.64,84,103,9.36,11.44,9,81.8,41,4.56,33,3.67,0,0.11,0,0,0,7,0.013,105.7,7,0,0,0,11,100,0,11.1,1,9.1,1,0,0,0,3,0.33,0,1.56,0.729,0,1309.1,0,0,19.3,21.2,19.3,21.17,-1.87,0.03,0.04,21.2
2025,91,Cincinnati Bengals,1,17,CIN,100,8.571428571428571,499,12,0.2,0.02,5.75,69,102,8.5,10.2,10,83.3,58,5.8,22,2.2,2,0.57,2,1,1,4,0.008,141.7,10,0,3,25,10,83.3,1,12.5,0,0,1,1,100,0,1,0.1,0,1.63,0.386,0,1166.7,0,0,32.2,19,32.2,19.04,13.16,0.06,0.04,19
2025,92,Dallas Cowboys,1,18,DAL,100,6.338028169014084,522,9,0.2,0.02,8.33,75,102,11.33,12.75,8,88.9,57,7.13,19,2.38,0,0.05,0,0,0,5,0.01,113.9,7,0,2,22.2,8,88.9,1,25,0,0,1,1,100,0,0,0,0,4.04,0.732,0,1577.8,0,0,18.2,15.4,18.2,15.44,2.76,0.03,0.03,15.4
2025,93,Miami Dolphins,1,17,MIA,100,8.391608391608392,561,12,0.18,0.02,10.92,131,102,8.5,11.33,9,75,47,5.22,14,1.56,1,1.01,1,1,1,6,0.011,93.1,9,0,0,0,10,83.3,2,12.5,1,8.3,3,2,66.7,0,2,0.22,0,0.51,0.458,0,1191.7,0,0,25.2,23.7,25.2,23.66,1.54,0.04,0.04,23.7
2025,94,Arizona Cardinals,1,14,ARZ,100,5.844155844155844,606,9,0.17,0.01,10.11,91,101,11.22,16.83,6,66.7,29,4.83,15,2.5,2,1.79,1,1,1,5,0.008,144,6,0,0,0,7,77.8,2,60,1,11.1,3,3,100,1,0,0,0,3.29,0.903,0,1711.1,0,0,28.1,24.6,28.1,24.61,3.49,0.05,0.04,24.6
2025,95,Indianapolis Colts,1,3,IND,100,8.426966292134832,650,15,0.16,0.02,4.2,63,101,6.73,8.42,12,80,67,5.58,15,1.25,0,0.08,2,0,0,4,0.006,94.7,11,0,3,20,13,86.7,1,10,1,6.7,2,2,100,0,1,0.08,0,0.21,0.045,0,1186.7,0,0,22.1,22,22.1,22.02,0.08,0.03,0.03,22
2025,96,Cincinnati Bengals,1,5,CIN,100,5.714285714285714,499,8,0.2,0.02,4,32,100,12.5,12.5,8,100,68,8.5,10,1.25,0,0.03,0,0,0,5,0.01,118.8,8,0,1,12.5,8,100,0,12.5,0,0,0,0,0,0,2,0.25,0,6.15,0.936,0,1750,0,0,18,14.3,18,14.28,3.72,0.04,0.03,14.3
2025,97,Denver Broncos,1,3,DEN,100,8.875739644970414,637,15,0.16,0.02,7.87,118,100,6.67,10,10,66.7,41,4.1,37,3.7,0,0.05,4,2,0,5,0.008,85.4,11,0,0,0,10,66.7,0,10,0,0,2,2,100,0,1,0.1,0,-0.76,0.191,0,1126.7,0,0,20,17.1,20,17.1,2.9,0.03,0.03,17.1
2025,98,Detroit Lions,1,12,DET,100,7.051282051282051,585,11,0.17,0.02,14.73,162,100,9.09,20,5,45.5,16,3.2,9,1.8,1,1.15,3,3,1,5,0.009,108.1,10,0,0,0,5,45.5,2,50,0,0,2,1,50,1,0,0,0,0.36,0.461,0,1418.2,0,0,21,18.9,21,18.88,2.12,0.04,0.03,18.9
2025,99,New York Giants,1,7,NYG,100,7.482993197278912,522,11,0.19,0.02,6.55,72,100,9.09,12.5,8,72.7,53,6.63,25,3.13,0,0.09,1,1,0,4,0.008,100.6,11,0,3,27.3,9,81.8,1,37.5,0,0,1,0,0,0,1,0.13,0,1.87,0.133,0,1336.4,0,0,18,17.4,18,17.37,0.63,0.03,0.03,17.4
2025,100,Washington Commanders,1,9,WAS,100,5.333333333333334,557,8,0.18,0.01,11.5,92,100,12.5,16.67,6,75,22,3.67,10,1.67,1,1.68,1,1,1,5,0.009,116.7,6,0,0,0,7,87.5,2,50,0,0,3,2,66.7,0,0,0,0,4.59,0.53,0,1875,0,0,22,23.7,22,23.74,-1.74,0.04,0.04,23.7
2025,101,Arizona Cardinals,1,13,ARZ,100,7.142857142857142,606,11,0.16,0.02,8.36,92,99,9,14.14,7,63.6,57,8.14,31,4.43,0,0.5,3,1,0,5,0.008,92.6,9,0,0,0,9,81.8,0,50,2,18.2,3,2,66.7,0,3,0.43,0,1.17,0.483,0,1400,0,0,16.9,18.2,16.9,18.18,-1.28,0.03,0.03,18.2
2025,102,Cleveland Browns,1,17,CLV,100,11.864406779661017,435,14,0.23,0.03,9.36,131,99,7.07,12.38,8,57.1,44,5.5,11,1.38,0,0.08,1,0,0,4,0.009,79.2,10,0,1,7.1,8,57.1,3,28.6,0,0,1,1,100,0,0,0,0,-1.06,0.097,0,842.9,0,0,17.9,14.7,17.9,14.68,3.22,0.04,0.03,14.7
2025,103,Houston Texans,1,11,HST,100,7.38255033557047,554,11,0.18,0.02,14.09,155,99,9,14.14,7,63.6,11,1.57,1,0.14,1,1.06,1,0,0,6,0.011,122.9,8,0,0,0,9,81.8,2,16.7,1,9.1,2,2,100,0,0,0,0,-0.78,0.961,0,1354.5,0,0,22.9,26.9,22.9,26.93,-4.03,0.04,0.05,26.9
2025,104,San Francisco 49ers,1,8,SF,100,7.228915662650602,641,12,0.15,0.02,7.42,89,99,8.25,9,11,91.7,36,3.27,10,0.91,2,1.66,3,1,1,8,0.012,105.9,12,0,1,8.3,11,91.7,1,11.1,0,0,0,0,0,0,1,0.09,0,0.82,0.939,0,1383.3,0,0,32.9,30.9,32.9,30.89,2.01,0.05,0.05,30.9
2025,105,Dallas Cowboys,1,16,DAL,100,7.042253521126761,522,10,0.19,0.02,11.5,115,98,9.8,12.25,8,80,23,2.88,8,1,1,0.99,2,2,1,5,0.01,140.8,8,0,0,0,8,80,2,28.6,0,0,0,0,0,0,0,0,0,1.19,0.701,0,1420,0,0,23.8,22.8,23.8,22.78,1.02,0.05,0.04,22.8
2025,106,Detroit Lions,1,3,DET,100,5.128205128205128,585,8,0.17,0.01,7.13,57,98,12.25,12.25,8,100,41,5.13,10,1.25,2,0.82,1,1,1,5,0.009,157.3,8,0,1,12.5,8,100,0,14.3,0,0,1,1,100,0,0,0,0,4.77,1.507,0,1950,0,0,29.8,20,29.8,20.04,9.76,0.05,0.03,20
2025,107,Seattle Seahawks,1,4,SEA,100,8.641975308641975,603,14,0.16,0.02,9.79,137,98,7,12.25,8,57.1,40,5,6,0.75,1,0.67,1,1,1,7,0.012,102.7,11,0,4,28.6,11,78.6,2,0,2,14.3,4,3,75,0,2,0.25,0,-1.54,0.472,0,1157.1,0,0,23.8,22.8,23.8,22.84,0.96,0.04,0.04,22.8
2025,108,Carolina Panthers,1,2,CAR,100,5.839416058394161,510,8,0.19,0.02,11.38,91,97,12.13,13.86,7,87.5,17,2.43,6,0.86,1,1.05,1,1,1,5,0.01,156.8,8,0,0,0,7,87.5,1,16.7,0,0,0,0,0,0,0,0,0,3.63,1.272,0,1712.5,0,0,22.7,22.1,22.7,22.08,0.62,0.04,0.04,22.1
2025,109,New York Jets,1,11,NYJ,100,6.0402684563758395,551,9,0.18,0.02,8.56,77,97,10.78,10.78,9,100,20,2.22,8,0.89,0,0.04,0,0,0,5,0.009,111.6,6,0,0,0,9,100,1,22.2,0,0,2,2,100,0,0,0,0,3.21,1.039,0,1655.6,0,0,18.7,17.6,18.7,17.56,1.14,0.03,0.03,17.6
2025,110,Arizona Cardinals,1,7,ARZ,100,7.142857142857142,606,11,0.16,0.02,9.73,107,96,8.73,12,8,72.7,44,5.5,4,0.5,0,0.04,1,2,0,6,0.01,99.1,7,0,1,9.1,8,72.7,1,12.5,0,0,0,0,0,0,0,0,0,0.8,0.482,0,1400,0,0,17.6,15.8,17.6,15.76,1.84,0.03,0.03,15.8
2025,111,Baltimore Ravens,1,1,BLT,100,7.333333333333333,582,11,0.16,0.02,15.82,174,96,8.73,13.71,7,63.6,9,1.29,2,0.29,2,1.78,3,3,2,6,0.01,131.1,5,0,0,0,8,72.7,3,40,0,0,4,3,75,0,0,0,0,-1.31,0.564,0,1363.6,0,0,28.6,25.7,28.6,25.68,2.92,0.05,0.04,25.7
2025,112,Los Angeles Rams,1,3,LA,100,10.062893081761008,609,16,0.16,0.03,9.19,147,96,6,9.6,10,62.5,20,2,4,0.4,2,1.16,5,1,1,5,0.008,118.8,12,0,0,0,12,75,2,12.5,0,0,2,0,0,0,0,0,0,-1.7,0.245,0,993.8,0,0,31.6,29.5,31.6,29.51,2.09,0.05,0.05,29.5
2025,113,New York Giants,1,3,NYG,100,8.843537414965986,522,13,0.18,0.02,11.08,144,96,7.38,10.67,9,69.2,38,4.22,17,1.89,1,1.56,3,1,1,4,0.008,116.2,12,0,2,15.4,9,69.2,3,14.3,0,0,2,2,100,1,0,0,0,-1.02,0.41,0,1130.8,0,0,24.6,23.3,24.6,23.3,1.3,0.05,0.04,23.3
2025,114,Atlanta Falcons,1,14,ATL,100,5.839416058394161,530,8,0.18,0.02,9.88,79,95,11.88,13.57,7,87.5,44,6.29,12,1.71,1,0.41,2,1,0,5,0.009,155.7,7,0,0,0,7,87.5,2,33.3,0,0,0,0,0,0,2,0.29,0,4.26,1.262,0,1712.5,0,0,22.5,16.7,22.5,16.66,5.84,0.04,0.03,16.7
2025,115,Houston Texans,1,15,HST,100,6.0402684563758395,554,9,0.17,0.02,4.67,42,95,10.56,11.88,8,88.9,69,8.63,9,1.13,1,0.03,1,0,0,4,0.007,147.7,6,0,1,11.1,8,88.9,0,37.5,0,0,1,0,0,0,1,0.13,0,3.71,0.594,0,1655.6,0,0,23.5,13.9,23.5,13.87,9.63,0.04,0.03,13.9
2025,116,Indianapolis Colts,1,14,IND,100,6.179775280898876,650,11,0.15,0.02,9.55,105,95,8.64,15.83,6,54.5,29,4.83,5,0.83,0,0.99,3,2,0,4,0.006,83.5,9,0,2,18.2,8,72.7,2,40,1,9.1,3,1,33.3,0,0,0,0,0.5,0.25,0,1618.2,0,0,15.5,21.6,15.5,21.57,-6.07,0.02,0.03,21.6
2025,117,Los Angeles Chargers,1,14,LAC,100,10.44776119402985,491,14,0.19,0.03,6.43,90,95,6.79,10.56,9,64.3,42,4.67,19,2.11,0,0.03,0,0,0,5,0.01,54.2,12,0,3,21.4,10,71.4,0,11.1,1,7.1,2,2,100,0,1,0.11,0,-0.68,-0.152,0,957.1,0,0,18.5,17.9,18.5,17.91,0.59,0.04,0.04,17.9
2025,118,Seattle Seahawks,1,7,SEA,100,7.4074074074074066,603,12,0.16,0.02,13.42,161,95,7.92,15.83,6,50,20,3.33,10,1.67,0,0.38,3,2,0,5,0.008,76.7,8,0,1,8.3,6,50,4,50,0,0,2,2,100,0,0,0,0,-0.94,0.097,0,1350,0,0,15.5,13.9,15.5,13.89,1.61,0.03,0.02,13.9
2025,119,Dallas Cowboys,1,2,DAL,100,4.929577464788732,522,7,0.18,0.01,16.86,118,94,13.43,18.8,5,71.4,25,5,12,2.4,0,0.25,1,0,0,2,0.004,113.7,5,0,1,14.3,6,85.7,3,40,0,0,1,0,0,0,0,0,0,4.06,0.389,0,2028.6,0,0,14.4,15.3,14.4,15.3,-0.9,0.03,0.03,15.3
2025,120,New York Giants,1,6,NYG,100,5.442176870748299,522,8,0.18,0.02,10.13,81,94,11.75,15.67,6,75,37,6.17,13,2.17,0,0.1,3,0,0,5,0.01,113.5,4,0,0,0,6,75,1,25,0,0,0,0,0,0,0,0,0,5.12,1.153,0,1837.5,0,0,15.4,12.9,15.4,12.86,2.54,0.03,0.02,12.9
2025,121,Tampa Bay Buccaneers,1,13,TB,100,8.333333333333332,552,12,0.17,0.02,3.75,45,94,7.83,7.83,12,100,49,4.08,20,1.67,0,0.02,0,0,0,5,0.009,99.3,11,0,4,33.3,12,100,0,0,0,0,0,0,0,0,2,0.17,0,1.36,0.529,0,1200,0,0,21.4,21.8,21.4,21.79,-0.39,0.04,0.04,21.8
2025,122,Arizona Cardinals,1,2,ARZ,100,11.688311688311687,606,18,0.15,0.03,7.78,140,93,5.17,6.64,14,77.8,28,2,13,0.93,2,1.5,8,5,2,4,0.007,125.2,13,0,0,0,14,77.8,1,0,0,0,0,0,0,0,1,0.07,0,-2.24,0.183,0,855.6,0,0,35.3,31.9,35.3,31.89,3.41,0.06,0.05,31.9
2025,123,Jacksonville Jaguars,1,12,JAX,100,6.211180124223603,603,10,0.15,0.02,7,70,93,9.3,11.63,8,80,63,7.88,6,0.75,1,0.03,0,0,0,4,0.007,138.8,7,0,2,20,8,80,1,12.5,0,0,4,2,50,0,1,0.13,0,2.11,0.148,0,1610,0,0,23.3,13.4,23.3,13.4,9.9,0.04,0.02,13.4
2025,124,Atlanta Falcons,1,18,ATL,100,8.02919708029197,530,11,0.17,0.02,4.64,51,91,8.27,13,7,63.6,62,8.86,5,0.71,0,0.03,0,0,0,4,0.008,89.6,8,0,2,18.2,9,81.8,2,28.6,1,9.1,2,1,50,1,1,0.14,0,1.63,0.394,0,1245.5,0,0,16.1,14.2,16.1,14.18,1.92,0.03,0.03,14.2
2025,125,Chicago Bears,1,18,CHI,100,7.8431372549019605,590,12,0.15,0.02,9.67,116,91,7.58,10.11,9,75,31,3.44,1,0.11,0,0.13,2,1,0,6,0.01,61.5,9,0,0,0,10,83.3,2,11.1,0,0,1,0,0,0,0,0,0,0.33,0.282,0,1275,0,0,18.1,19.5,18.1,19.49,-1.39,0.03,0.03,19.5
2025,126,Miami Dolphins,1,13,MIA,100,8.391608391608392,561,12,0.16,0.02,6.17,74,91,7.58,9.1,10,83.3,36,3.6,8,0.8,0,0.04,0,0,0,5,0.009,63.5,7,0,0,0,10,83.3,0,0,0,0,1,1,100,1,1,0.1,0,0.27,-0.103,0,1191.7,0,0,19.1,18.1,19.1,18.05,1.05,0.03,0.03,18.1
2025,127,Arizona Cardinals,1,12,ARZ,100,5.844155844155844,606,9,0.15,0.01,11.89,107,90,10,18,5,55.6,44,8.8,10,2,0,0.53,1,1,0,5,0.008,50.5,8,0,0,0,6,66.7,1,40,0,0,3,1,33.3,0,1,0.2,0,1.41,0.094,0,1711.1,0,0,14,14.6,14,14.64,-0.64,0.02,0.02,14.6
2025,128,Baltimore Ravens,1,18,BLT,100,6,582,9,0.15,0.02,11,99,90,10,15,6,66.7,28,4.67,10,1.67,0,0.67,1,0,0,3,0.005,99.3,9,0,0,0,7,77.8,2,40,1,11.1,3,3,100,0,1,0.17,0,1.3,0.704,0,1666.7,0,0,15,16.8,15,16.82,-1.82,0.03,0.03,16.8
2025,129,Houston Texans,1,18,HST,100,6.7114093959731544,554,10,0.16,0.02,8.3,83,90,9,10,9,90,16,1.78,10,1.11,0,0.11,2,1,0,4,0.007,104.2,7,0,0,0,9,90,1,25,0,0,3,3,100,0,0,0,0,1.72,-0.223,0,1490,0,0,18,17,18,17.02,0.98,0.03,0.03,17
2025,130,Kansas City Chiefs,1,13,KC,100,5.369127516778524,533,8,0.17,0.02,6.38,51,90,11.25,12.86,7,87.5,47,6.71,6,0.86,0,0.05,0,0,0,6,0.011,113.5,7,0,1,12.5,7,87.5,0,0,0,0,0,0,0,0,1,0.14,0,4.02,1.281,0,1862.5,0,0,16,14.3,16,14.28,1.72,0.03,0.03,14.3
2025,131,Arizona Cardinals,1,1,ARZ,100,11.03896103896104,606,17,0.15,0.03,7.24,123,89,5.24,8.09,11,64.7,36,3.27,6,0.55,0,0.66,3,1,0,5,0.008,77.8,15,0,2,11.8,16,94.1,1,9.1,3,17.6,3,1,33.3,0,0,0,0,-2.12,-0.077,0,905.9,0,0,19.9,31.5,19.9,31.45,-11.55,0.03,0.05,31.5
2025,132,Baltimore Ravens,1,2,BLT,100,8,582,12,0.15,0.02,7.83,94,89,7.42,8.9,10,83.3,35,3.5,14,1.4,1,0.53,2,0,0,4,0.007,90.6,10,0,1,8.3,10,83.3,2,12.5,0,0,1,1,100,0,0,0,0,-0.25,-0.21,0,1250,0,0,24.9,20.1,24.9,20.13,4.77,0.04,0.03,20.1
2025,133,Buffalo Bills,1,8,BUF,100,8.088235294117647,528,11,0.17,0.02,7.91,87,89,8.09,9.89,9,81.8,33,3.67,22,2.44,0,0.26,3,1,0,5,0.009,100.4,10,0,1,9.1,10,90.9,0,14.3,0,0,4,3,75,0,2,0.22,0,0.39,0.457,0,1236.4,0,0,17.9,16.1,17.9,16.13,1.77,0.03,0.03,16.1
2025,134,Chicago Bears,1,9,CHI,100,5.88235294117647,590,9,0.15,0.02,9.56,86,89,9.89,12.71,7,77.8,31,4.43,14,2,1,0.74,2,1,1,5,0.008,144.9,5,0,0,0,8,88.9,0,16.7,1,11.1,1,0,0,0,0,0,0,2.01,0.836,0,1700,0,0,21.9,19.5,21.9,19.5,2.4,0.04,0.03,19.5
2025,135,Detroit Lions,1,16,DET,100,7.051282051282051,585,11,0.15,0.02,5.09,56,89,8.09,9.89,9,81.8,43,4.78,9,1,0,0.19,1,0,0,6,0.01,100.4,9,0,2,18.2,10,90.9,0,0,0,0,3,2,66.7,0,1,0.11,0,1.02,1.036,0,1418.2,0,0,17.9,17.3,17.9,17.28,0.62,0.03,0.03,17.3
2025,136,Houston Texans,1,10,HST,100,4.026845637583892,554,6,0.16,0.01,12.33,74,89,14.83,14.83,6,100,15,2.5,6,1,0,0.58,1,0,0,3,0.005,118.8,5,0,0,0,6,100,0,20,0,0,1,1,100,0,0,0,0,5.52,1.167,0,2483.3,0,0,14.9,17.6,14.9,17.61,-2.71,0.03,0.03,17.6
2025,137,New England Patriots,1,7,NE,100,8.148148148148149,510,11,0.17,0.02,9.82,108,89,8.09,12.71,7,63.6,31,4.43,7,1,1,0.98,0,0,0,5,0.01,81.3,10,0,2,18.2,8,72.7,2,14.3,1,9.1,0,0,0,0,0,0,0,0.2,-0.059,0,1218.2,0,0,21.9,23,21.9,23.03,-1.13,0.04,0.05,23
2025,138,Philadelphia Eagles,1,7,PHI,100,9.655172413793103,537,14,0.17,0.03,8.86,124,89,6.36,11.13,8,57.1,31,3.88,11,1.38,0,0.27,6,1,0,5,0.009,46.4,9,0,0,0,10,71.4,2,25,1,7.1,3,2,66.7,0,0,0,0,-1.23,-0.24,0,1035.7,0,0,16.9,18.3,16.9,18.27,-1.37,0.03,0.03,18.3
2025,139,Chicago Bears,1,2,CHI,100,6.535947712418301,590,10,0.15,0.02,8,80,88,8.8,11,8,80,24,3,4,0.5,4,3.93,4,1,1,5,0.008,142.9,8,0,1,10,9,90,1,25,0,0,1,0,0,0,1,0.13,0,1.61,1.003,0,1530,0,0,40.8,40.8,40.8,40.8,0,0.07,0.07,40.8
2025,140,Cincinnati Bengals,1,12,CIN,100,5,499,7,0.18,0.01,11.71,82,88,12.57,14.67,6,85.7,16,2.67,6,1,0,0.07,1,0,0,3,0.006,118.8,4,0,0,0,6,85.7,1,20,0,0,3,3,100,0,0,0,0,4.54,1.117,0,2000,0,0,14.8,11.7,14.8,11.71,3.09,0.03,0.02,11.7
2025,141,Cincinnati Bengals,1,2,CIN,100,8.571428571428571,499,12,0.18,0.02,9.17,110,88,7.33,12.57,7,58.3,53,7.57,37,5.29,0,0.37,2,2,0,3,0.006,41.7,11,0,1,8.3,9,75,1,14.3,0,0,2,1,50,0,2,0.29,0,-0.77,-0.369,0,1166.7,0,0,15.8,17.7,15.8,17.73,-1.93,0.03,0.04,17.7
2025,142,San Francisco 49ers,1,17,SF,100,7.83132530120482,641,13,0.14,0.02,8.92,116,88,6.77,11,8,61.5,21,2.63,4,0.5,1,1.03,1,2,1,4,0.006,107.2,11,0,1,7.7,9,69.2,1,12.5,1,7.7,0,0,0,0,1,0.13,0,-0.85,0.407,0,1276.9,0,0,22.8,24.1,22.8,24.08,-1.28,0.04,0.04,24.1
2025,143,Atlanta Falcons,1,17,ATL,100,7.2992700729927,530,10,0.16,0.02,19.3,193,87,8.7,17.4,5,50,43,8.6,5,1,0,0.05,1,0,0,3,0.006,40.4,9,0,1,10,6,60,4,50,1,10,0,0,0,0,0,0,0,-1.34,0.001,0,1370,0,0,13.7,14.1,13.7,14.06,-0.36,0.03,0.03,14.1
2025,144,Chicago Bears,1,10,CHI,100,5.88235294117647,590,9,0.15,0.02,8.78,79,87,9.67,14.5,6,66.7,28,4.67,18,3,0,0.22,1,1,0,3,0.005,97.9,7,0,1,11.1,8,88.9,1,33.3,1,11.1,2,1,50,1,1,0.17,0,1.68,0.331,0,1700,0,0,14.7,16,14.7,15.98,-1.28,0.02,0.03,16
2025,145,Chicago Bears,1,3,CHI,100,7.18954248366013,590,11,0.15,0.02,8.91,98,87,7.91,10.88,8,72.7,23,2.88,11,1.38,0,0.03,2,2,0,4,0.007,57.8,8,0,0,0,8,72.7,1,12.5,0,0,1,1,100,0,0,0,0,0.27,0.006,0,1390.9,0,0,16.7,14.4,16.7,14.38,2.32,0.03,0.02,14.4
2025,146,Dallas Cowboys,1,14,DAL,100,9.15492957746479,522,13,0.17,0.02,5.38,70,87,6.69,8.7,10,76.9,52,5.2,17,1.7,1,1,2,1,1,3,0.006,119.7,13,0,2,15.4,11,84.6,0,12.5,1,7.7,0,0,0,0,0,0,0,-0.1,0.107,0,1092.3,0,0,24.7,25.8,24.7,25.82,-1.12,0.05,0.05,25.8
2025,147,Kansas City Chiefs,1,9,KC,100,7.38255033557047,533,11,0.16,0.02,4.55,50,87,7.91,8.7,10,90.9,50,5,18,1.8,1,1.22,0,0,0,3,0.006,129.9,7,0,5,45.5,10,90.9,2,20,0,0,1,1,100,0,0,0,0,1.14,0.087,0,1354.5,0,0,24.7,25.3,24.7,25.25,-0.55,0.05,0.05,25.3
2025,148,Los Angeles Rams,1,10,LA,100,6.289308176100629,609,10,0.14,0.02,11,110,87,8.7,10.88,8,80,5,0.63,1,0.13,1,0.74,3,1,1,6,0.01,136.3,8,0,0,0,8,80,1,16.7,0,0,4,4,100,0,0,0,0,0.4,0.804,0,1590,0,0,22.7,16.7,22.7,16.73,5.97,0.04,0.03,16.7
2025,149,Los Angeles Rams,1,5,LA,100,8.80503144654088,609,14,0.14,0.02,6.5,91,87,6.21,9.67,9,64.3,28,3.11,21,2.33,1,1.05,2,2,1,5,0.008,105.4,11,0,1,7.1,9,64.3,0,0,0,0,3,3,100,0,1,0.11,0,-0.88,0.247,0,1135.7,0,0,23.7,21.2,23.7,21.22,2.48,0.04,0.03,21.2
2025,150,Minnesota Vikings,1,8,MIN,100,9.166666666666666,440,11,0.2,0.03,7.64,84,87,7.91,9.67,9,81.8,28,3.11,3,0.33,1,1.02,1,1,1,5,0.011,129.9,8,0,1,9.1,9,81.8,0,0,0,0,1,1,100,0,0,0,0,0.44,0.772,0,1090.9,0,0,23.7,22.9,23.7,22.86,0.84,0.05,0.05,22.9
2025,151,Philadelphia Eagles,1,8,PHI,100,5.517241379310345,537,8,0.16,0.01,12.25,98,87,10.88,14.5,6,75,34,5.67,4,0.67,0,0.05,0,0,0,4,0.007,109.9,4,0,1,12.5,7,87.5,2,16.7,1,12.5,1,0,0,0,0,0,0,1.88,0.726,0,1812.5,0,0,14.7,15,14.7,15.03,-0.33,0.03,0.03,15
2025,152,Tampa Bay Buccaneers,1,7,TB,100,7.638888888888889,552,11,0.16,0.02,7.09,78,87,7.91,10.88,8,72.7,57,7.13,9,1.13,1,0.47,0,0,0,4,0.007,125.9,9,0,1,9.1,9,81.8,0,12.5,1,9.1,1,1,100,0,1,0.13,0,0.41,0.323,0,1309.1,0,0,22.7,20.3,22.7,20.34,2.36,0.04,0.04,20.3
2025,153,Tampa Bay Buccaneers,1,8,TB,100,9.027777777777777,552,13,0.16,0.02,9,117,87,6.69,9.67,9,69.2,17,1.89,5,0.56,0,0.04,0,0,0,5,0.009,55.6,12,0,0,0,11,84.6,1,0,1,7.7,2,1,50,0,0,0,0,-1.18,0.122,0,1107.7,0,0,17.7,20.5,17.7,20.45,-2.75,0.03,0.04,20.5
2025,154,Washington Commanders,1,15,WAS,100,8.666666666666668,557,13,0.16,0.02,15.54,202,87,6.69,14.5,6,46.2,39,6.5,9,1.5,0,0.69,1,2,0,3,0.005,36.4,12,0,1,7.7,7,53.8,4,16.7,0,0,3,2,66.7,0,0,0,0,-3.07,-0.298,0,1153.8,0,0,14.7,15.5,14.7,15.45,-0.75,0.03,0.03,15.5
2025,155,Atlanta Falcons,1,12,ATL,100,8.02919708029197,530,11,0.16,0.02,9.27,102,86,7.82,9.56,9,81.8,13,1.44,7,0.78,0,0.02,0,0,0,4,0.008,99.2,10,0,0,0,10,90.9,0,0,0,0,2,1,50,0,0,0,0,-0.25,0.182,0,1245.5,0,0,17.6,18.8,17.6,18.76,-1.16,0.03,0.04,18.8
2025,156,Pittsburgh Steelers,1,16,PIT,100,9.316770186335404,642,15,0.13,0.02,7.27,109,86,5.73,10.75,8,53.3,31,3.88,15,1.88,1,1.2,5,3,1,6,0.009,92.6,14,0,1,6.7,12,80,1,28.6,1,6.7,5,2,40,1,0,0,0,-1.53,0.376,0,1073.3,0,0,22.6,24.8,22.6,24.79,-2.19,0.04,0.04,24.8
2025,157,Indianapolis Colts,1,16,IND,100,3.3707865168539324,650,6,0.13,0.01,13.33,80,85,14.17,14.17,6,100,15,2.5,5,0.83,2,1.9,1,2,2,5,0.008,158.3,4,0,0,0,6,100,2,60,0,0,1,1,100,0,0,0,0,5.26,1.925,0,2966.7,0,0,26.5,23.4,26.5,23.44,3.06,0.04,0.04,23.4
2025,158,Atlanta Falcons,1,3,ATL,100,8.02919708029197,530,11,0.16,0.02,5.27,58,84,7.64,8.4,10,90.9,43,4.3,15,1.5,0,0.38,2,0,0,5,0.009,98.5,9,0,2,18.2,10,90.9,0,25,0,0,1,1,100,0,2,0.2,0,0.57,0.635,0,1245.5,0,0,18.4,20.3,18.4,20.34,-1.94,0.03,0.04,20.3
2025,159,Houston Texans,1,17,HST,100,6.0402684563758395,554,9,0.15,0.02,11.56,104,84,9.33,16.8,5,55.6,19,3.8,9,1.8,0,0.78,3,1,0,4,0.007,47.7,6,0,0,0,9,100,2,50,2,22.2,1,0,0,0,0,0,0,0.77,-0.213,0,1655.6,0,0,13.4,23.5,13.4,23.49,-10.09,0.02,0.04,23.5
2025,160,Arizona Cardinals,1,6,ARZ,100,6.493506493506493,606,10,0.14,0.02,7.2,72,83,8.3,9.22,9,90,28,3.11,10,1.11,1,1.01,3,1,1,5,0.008,134.6,8,0,0,0,9,90,0,16.7,0,0,1,1,100,0,0,0,0,1.19,0.602,0,1540,0,0,23.3,21.5,23.3,21.55,1.75,0.04,0.04,21.5
2025,161,Carolina Panthers,1,11,CAR,100,5.839416058394161,510,8,0.16,0.02,13.38,107,83,10.38,16.6,5,62.5,37,7.4,14,2.8,0,0.11,0,0,0,4,0.008,97.4,7,0,0,0,6,75,2,40,0,0,2,1,50,0,0,0,0,1.36,0.547,0,1712.5,0,0,13.3,11.2,13.3,11.22,2.08,0.03,0.02,11.2
2025,162,Carolina Panthers,1,15,CAR,100,8.02919708029197,510,11,0.16,0.02,9,99,83,7.55,10.38,8,72.7,14,1.75,6,0.75,0,0.07,1,0,0,4,0.008,94.1,7,0,1,9.1,10,90.9,0,0,1,9.1,6,4,66.7,1,1,0.13,0,-0.39,0.429,0,1245.5,0,0,16.3,17.7,16.3,17.7,-1.4,0.03,0.03,17.7
2025,163,Green Bay Packers,1,13,GB,100,5.042016806722689,432,6,0.19,0.01,7.33,44,83,13.83,13.83,6,100,39,6.5,33,5.5,1,0.06,0,0,0,4,0.009,158.3,4,0,1,16.7,6,100,1,50,0,0,2,2,100,0,1,0.17,0,6.49,1.493,0,1983.3,0,0,20.3,10.5,20.3,10.55,9.75,0.05,0.02,10.5
2025,164,Houston Texans,1,14,HST,100,6.0402684563758395,554,9,0.15,0.02,11.78,106,83,9.22,13.83,6,66.7,37,6.17,5,0.83,0,0.04,0,0,0,3,0.005,56.5,7,0,2,22.2,6,66.7,2,16.7,0,0,1,1,100,0,1,0.17,0,1.07,-0.329,0,1655.6,0,0,14.3,12.1,14.3,12.08,2.22,0.03,0.02,12.1
2025,165,Washington Commanders,1,6,WAS,100,7.333333333333333,557,11,0.15,0.02,12.91,142,83,7.55,13.83,6,54.5,52,8.67,16,2.67,0,0.17,1,0,0,2,0.004,79,8,0,2,18.2,7,63.6,3,16.7,1,9.1,2,0,0,0,1,0.17,0,-0.57,0.113,0,1363.6,0,0,14.3,15.3,14.3,15.34,-1.04,0.03,0.03,15.3
2025,166,Cleveland Browns,1,5,CLV,100,8.47457627118644,435,10,0.19,0.02,8,80,82,8.2,10.25,8,80,36,4.5,10,1.25,0,0.05,1,0,0,5,0.011,100.8,7,0,1,10,8,80,1,12.5,0,0,0,0,0,0,0,0,0,0.96,0.571,0,1180,0,0,16.2,15.7,16.2,15.71,0.49,0.04,0.04,15.7
2025,167,Detroit Lions,1,15,DET,100,6.41025641025641,585,10,0.14,0.02,13.5,135,82,8.2,16.4,5,50,31,6.2,21,4.2,0,0.07,1,1,0,4,0.007,77.9,10,0,0,0,8,80,2,20,1,10,3,1,33.3,0,1,0.2,0,-0.71,0.359,0,1560,0,0,13.2,15.2,13.2,15.22,-2.02,0.02,0.03,15.2
2025,168,Detroit Lions,1,18,DET,100,5.128205128205128,585,8,0.14,0.01,7.75,62,82,10.25,13.67,6,75,43,7.17,13,2.17,1,0.63,1,1,1,4,0.007,146.9,6,0,1,12.5,7,87.5,1,20,0,0,3,1,33.3,0,1,0.17,0,2.67,0.534,0,1950,0,0,20.2,15,20.2,14.99,5.21,0.03,0.03,15
2025,169,Houston Texans,1,2,HST,100,7.38255033557047,554,11,0.15,0.02,7.18,79,82,7.45,8.2,10,90.9,39,3.9,8,0.8,0,0.36,1,0,0,4,0.007,97.7,8,0,2,18.2,10,90.9,1,0,0,0,0,0,0,0,0,0,0,0.41,0.455,0,1354.5,0,0,18.2,20.2,18.2,20.21,-2.01,0.03,0.04,20.2
2025,170,Indianapolis Colts,1,6,IND,100,5.056179775280898,650,9,0.13,0.01,10.44,94,82,9.11,11.71,7,77.8,18,2.57,6,0.86,1,1.19,5,3,0,4,0.006,141.7,8,0,1,11.1,8,88.9,2,50,0,0,4,3,75,0,0,0,0,0.62,0.42,0,1977.8,0,0,21.2,18.1,21.2,18.14,3.06,0.03,0.03,18.1
2025,171,San Francisco 49ers,1,16,SF,100,9.036144578313253,641,15,0.13,0.02,11.2,168,82,5.47,11.71,7,46.7,33,4.71,9,1.29,0,0.02,0,0,0,5,0.008,36,15,0,1,6.7,8,53.3,2,0,0,0,3,2,66.7,0,1,0.14,0,-2.82,-0.736,0,1106.7,0,0,15.2,13.5,15.2,13.54,1.66,0.02,0.02,13.5
2025,172,Washington Commanders,1,16,WAS,100,5.333333333333334,557,8,0.15,0.01,7.38,59,82,10.25,11.71,7,87.5,45,6.43,10,1.43,1,0.63,2,2,1,5,0.009,149,7,0,1,12.5,8,100,0,16.7,0,0,3,2,66.7,0,1,0.14,0,2.28,0.966,0,1875,0,0,21.2,15.9,21.2,15.93,5.27,0.04,0.03,15.9
2025,173,Buffalo Bills,1,11,BUF,100,8.088235294117647,528,11,0.15,0.02,9.64,106,81,7.36,11.57,7,63.6,9,1.29,3,0.43,0,0.08,1,1,0,4,0.008,47.9,9,0,0,0,9,81.8,1,14.3,1,9.1,1,0,0,0,0,0,0,-0.74,-0.123,0,1236.4,0,0,15.1,18.8,15.1,18.76,-3.66,0.03,0.04,18.8
2025,174,Buffalo Bills,1,5,BUF,100,5.88235294117647,528,8,0.15,0.02,8.88,71,81,10.13,16.2,5,62.5,35,7,26,5.2,0,0.59,3,3,0,3,0.006,96.4,4,0,1,12.5,6,75,1,40,1,12.5,2,2,100,0,1,0.2,0,2.06,0.471,0,1700,0,0,13.1,13.2,13.1,13.23,-0.13,0.02,0.03,13.2
2025,175,Miami Dolphins,1,3,MIA,100,5.594405594405594,561,8,0.14,0.01,2.63,21,81,10.13,10.13,8,100,60,7.5,16,2,3,1.73,4,0,0,5,0.009,148.4,7,0,1,12.5,8,100,0,16.7,0,0,0,0,0,0,2,0.25,0,4.16,1.009,0,1787.5,0,0,34.1,23.7,34.1,23.68,10.42,0.06,0.04,23.7
2025,176,Minnesota Vikings,1,11,MIN,100,7.5,440,9,0.18,0.02,11.56,104,81,9,11.57,7,77.8,29,4.14,4,0.57,0,0.03,1,1,0,2,0.005,104.2,8,0,2,22.2,7,77.8,2,14.3,0,0,0,0,0,0,1,0.14,0,0.1,0.432,0,1333.3,0,0,15.1,14.1,15.1,14.08,1.02,0.03,0.03,14.1
2025,177,New Orleans Saints,1,13,NO,100,6.504065040650407,461,8,0.18,0.02,5.25,42,81,10.13,11.57,7,87.5,58,8.29,28,4,0,0.1,0,0,0,5,0.011,108.9,6,0,2,25,7,87.5,0,14.3,0,0,0,0,0,0,6,0.86,0,3.18,0.572,0,1537.5,0,0,15.1,13.6,15.1,13.64,1.46,0.03,0.03,13.6
2025,178,New York Jets,1,6,NYJ,100,8.053691275167784,551,12,0.15,0.02,6.17,74,81,6.75,9,9,75,37,4.11,11,1.22,1,0.76,3,1,0,5,0.009,120.5,11,0,1,8.3,9,75,0,0,0,0,1,1,100,0,1,0.11,0,-0.3,0.328,0,1241.7,0,0,23.1,20.3,23.1,20.26,2.84,0.04,0.04,20.3
2025,179,Pittsburgh Steelers,1,17,PIT,100,3.7267080745341614,642,6,0.13,0.01,11.67,70,81,13.5,16.2,5,83.3,19,3.8,4,0.8,0,0.13,0,0,0,3,0.005,118.8,6,0,0,0,5,83.3,1,20,0,0,2,2,100,0,0,0,0,4.9,0.377,0,2683.3,0,0,13.1,12.4,13.1,12.37,0.73,0.02,0.02,12.4
2025,180,Arizona Cardinals,1,3,ARZ,100,6.493506493506493,606,10,0.13,0.02,11.7,117,80,8,11.43,7,70,14,2,6,0.86,0,0.07,1,0,0,6,0.01,93.8,10,0,0,0,7,70,1,16.7,0,0,0,0,0,0,0,0,0,-0.13,0.159,0,1540,0,0,15,15.6,15,15.58,-0.58,0.02,0.03,15.6
2025,181,Baltimore Ravens,1,17,BLT,100,4,582,6,0.14,0.01,9.83,59,80,13.33,16,5,83.3,26,5.2,6,1.2,1,0.69,0,0,0,2,0.003,118.8,4,0,1,16.7,6,100,2,40,1,16.7,0,0,0,0,0,0,0,5.17,0.443,0,2500,0,0,19,17.9,19,17.88,1.12,0.03,0.03,17.9
2025,182,Denver Broncos,1,10,DEN,100,4.142011834319527,637,7,0.13,0.01,6.57,46,80,11.43,13.33,6,85.7,39,6.5,7,1.17,0,0.02,0,0,0,3,0.005,114.3,6,0,1,14.3,6,85.7,0,16.7,0,0,0,0,0,0,1,0.17,0,4.15,0.662,0,2414.3,0,0,14,12.1,14,12.08,1.92,0.02,0.02,12.1
2025,183,Denver Broncos,1,16,DEN,100,6.508875739644971,637,11,0.13,0.02,14.64,161,80,7.27,13.33,6,54.5,11,1.83,3,0.5,1,1.05,1,1,1,5,0.008,108.1,8,0,0,0,9,81.8,3,40,1,9.1,4,2,50,1,1,0.17,0,-1.91,0.651,0,1536.4,0,0,20,24.9,20,24.93,-4.93,0.03,0.04,24.9
2025,184,Jacksonville Jaguars,1,10,JAX,100,7.453416149068323,603,12,0.13,0.02,10.58,127,80,6.67,11.43,7,58.3,19,2.71,4,0.57,0,0.05,5,3,0,5,0.008,78.5,10,0,1,8.3,8,66.7,3,50,1,8.3,1,1,100,0,0,0,0,-1.32,0.144,0,1341.7,0,0,15,15.8,15,15.83,-0.83,0.02,0.03,15.8
2025,185,Jacksonville Jaguars,1,2,JAX,100,7.453416149068323,603,12,0.13,0.02,7.33,88,80,6.67,10,8,66.7,49,6.13,6,0.75,0,0.05,1,0,0,4,0.007,45.8,8,0,2,16.7,8,66.7,1,14.3,0,0,1,1,100,0,2,0.25,0,-1,-0.828,0,1341.7,0,0,16,13.4,16,13.4,2.6,0.03,0.02,13.4
2025,186,Baltimore Ravens,1,9,BLT,100,6,582,9,0.14,0.02,10.22,92,79,8.78,11.29,7,77.8,38,5.43,27,3.86,0,0.05,1,0,0,5,0.009,63.7,7,0,0,0,8,88.9,1,16.7,0,0,3,2,66.7,0,1,0.14,0,1.18,0.387,0,1666.7,0,0,14.9,12,14.9,12.04,2.86,0.03,0.02,12
2025,187,Indianapolis Colts,1,18,IND,100,3.3707865168539324,650,6,0.12,0.01,7.33,44,79,13.17,19.75,4,66.7,42,10.5,9,2.25,0,0.06,0,0,0,3,0.005,109.7,4,0,0,0,6,100,0,50,0,0,2,0,0,1,0,0,0,5.89,0.701,0,2966.7,0,0,11.9,10.7,11.9,10.68,1.22,0.02,0.02,10.7
2025,188,Kansas City Chiefs,1,17,KC,100,10.738255033557047,533,16,0.15,0.03,5.31,85,79,4.94,6.58,12,75,42,3.5,5,0.42,0,0.16,3,0,0,5,0.009,85.2,16,0,4,25,13,81.3,1,0,1,6.3,2,2,100,0,0,0,0,-1.75,0.129,0,931.3,0,0,19.9,23.2,19.9,23.2,-3.3,0.04,0.04,23.2
2025,189,Los Angeles Chargers,1,7,LAC,100,4.477611940298507,491,6,0.16,0.01,10.83,65,79,13.17,13.17,6,100,20,3.33,0,0,2,1.91,2,1,1,4,0.008,158.3,6,0,0,0,6,100,1,25,0,0,0,0,0,0,0,0,0,5.22,2.076,0,2233.3,0,0,25.9,25.3,25.9,25.27,0.63,0.05,0.05,25.3
2025,190,Carolina Panthers,1,16,CAR,100,7.2992700729927,510,10,0.15,0.02,8.4,84,78,7.8,11.14,7,70,22,3.14,9,1.29,0,0.04,0,0,0,4,0.008,53.3,9,0,1,10,7,70,1,14.3,0,0,2,2,100,0,0,0,0,0.5,0.229,0,1370,0,0,14.8,13.4,14.8,13.41,1.39,0.03,0.03,13.4
2025,191,Houston Texans,1,8,HST,100,8.724832214765101,554,13,0.14,0.02,10.62,138,78,6,8.67,9,69.2,16,1.78,5,0.56,1,0.36,2,1,1,4,0.007,110.4,11,0,2,15.4,11,84.6,2,0,1,7.7,2,1,50,1,0,0,0,-2.74,0.069,0,1146.2,0,0,22.8,23,22.8,23,-0.2,0.04,0.04,23
2025,192,Chicago Bears,1,17,CHI,100,5.228758169934641,590,8,0.13,0.01,9.88,79,77,9.63,11,7,87.5,13,1.86,6,0.86,0,0.05,1,0,0,4,0.007,106.8,7,0,0,0,8,100,1,16.7,0,0,3,2,66.7,0,0,0,0,1.64,0.666,0,1912.5,0,0,14.7,15.3,14.7,15.3,-0.6,0.02,0.03,15.3
2025,193,Houston Texans,1,13,HST,100,7.38255033557047,554,11,0.14,0.02,10.82,119,77,7,15.4,5,45.5,8,1.6,4,0.8,1,0.8,2,1,1,4,0.007,99.4,10,0,0,0,10,90.9,1,33.3,2,18.2,4,1,25,1,0,0,0,-1.14,0.045,0,1354.5,0,0,18.7,23,18.7,22.97,-4.27,0.03,0.04,23
2025,194,Houston Texans,1,3,HST,100,7.38255033557047,554,11,0.14,0.02,6.73,74,77,7,11,7,63.6,52,7.43,27,3.86,0,0.03,1,0,0,4,0.007,84.3,10,0,1,9.1,9,81.8,1,16.7,2,18.2,0,0,0,0,3,0.43,0,-0.09,0.042,0,1354.5,0,0,14.7,16.2,14.7,16.24,-1.54,0.03,0.03,16.2
2025,195,Las Vegas Raiders,1,5,LV,100,5.755395683453238,507,8,0.15,0.02,8.75,70,77,9.63,11,7,87.5,34,4.86,24,3.43,1,0.5,1,0,0,4,0.008,146.4,8,0,0,0,7,87.5,1,0,0,0,0,0,0,0,4,0.57,0,2.07,1.063,0,1737.5,0,0,20.7,15.9,20.7,15.87,4.83,0.04,0.03,15.9
2025,196,New Orleans Saints,1,7,NO,100,4.878048780487805,461,6,0.17,0.01,13.83,83,77,12.83,19.25,4,66.7,38,9.5,8,2,0,0.63,1,0,0,4,0.009,109.7,4,0,0,0,5,83.3,2,100,1,16.7,1,0,0,0,1,0.25,0,3.59,1.096,0,2050,0,0,11.7,14.8,11.7,14.85,-3.15,0.03,0.03,14.8
2025,197,Seattle Seahawks,1,9,SEA,100,6.172839506172839,603,10,0.13,0.02,3.4,34,77,7.7,8.56,9,90,45,5,9,1,0,0.08,1,0,0,3,0.005,98.8,9,0,2,20,9,90,0,0,0,0,2,2,100,0,2,0.22,0,1.66,0.163,0,1620,0,0,16.7,14.7,16.7,14.73,1.97,0.03,0.02,14.7
2025,198,Washington Commanders,1,3,WAS,100,3.3333333333333335,557,5,0.14,0.01,15,75,77,15.4,19.25,4,80,27,6.75,4,1,0,0.06,0,0,0,3,0.005,118.8,3,0,0,0,5,100,2,25,0,0,2,1,50,0,0,0,0,5.92,1.199,0,3000,0,0,11.7,11,11.7,11.04,0.66,0.02,0.02,11
2025,199,Cleveland Browns,1,11,CLV,100,7.627118644067797,435,9,0.17,0.02,11.11,100,76,8.44,19,4,44.4,43,10.75,12,3,0,0.03,3,2,0,3,0.007,74.3,6,0,0,0,5,55.6,1,25,1,11.1,0,0,0,0,0,0,0,-0.24,0.075,0,1311.1,0,0,11.6,10.6,11.6,10.56,1.04,0.03,0.02,10.6
2025,200,Pittsburgh Steelers,1,3,PIT,100,6.832298136645963,642,11,0.12,0.02,5.09,56,76,6.91,8.44,9,81.8,30,3.33,17,1.89,0,0.07,1,0,0,5,0.008,95.5,9,0,0,0,10,90.9,0,0,1,9.1,0,0,0,0,0,0,0,-0.11,0.228,0,1463.6,0,0,16.6,18.5,16.6,18.48,-1.88,0.03,0.03,18.5
2025,201,Baltimore Ravens,1,4,BLT,100,6.666666666666667,582,10,0.13,0.02,5.5,55,75,7.5,8.33,9,90,49,5.44,16,1.78,2,1.96,3,3,2,5,0.009,137.5,10,0,2,20,9,90,1,0,0,0,2,2,100,0,3,0.33,0,0.6,0.932,0,1500,0,0,28.5,26.7,28.5,26.71,1.79,0.05,0.05,26.7
2025,202,Chicago Bears,1,11,CHI,100,6.535947712418301,590,10,0.13,0.02,12.2,122,75,7.5,15,5,50,24,4.8,9,1.8,1,0.73,1,1,1,5,0.008,108.3,9,0,0,0,8,80,1,25,3,30,0,0,0,0,0,0,0,-1.1,0.189,0,1530,0,0,18.5,22.3,18.5,22.34,-3.84,0.03,0.04,22.3
2025,203,Chicago Bears,1,16,CHI,100,5.228758169934641,590,8,0.13,0.01,9.88,79,75,9.38,15,5,62.5,32,6.4,10,2,1,0.92,5,3,0,3,0.005,132.8,6,0,2,25,5,62.5,1,66.7,0,0,0,0,0,0,1,0.2,0,1.1,-0.04,0,1912.5,0,0,18.5,16.5,18.5,16.54,1.96,0.03,0.03,16.5
2025,204,Denver Broncos,1,5,DEN,100,8.875739644970414,637,15,0.12,0.02,18,270,75,5,12.5,6,40,38,6.33,10,1.67,0,0.03,1,2,0,3,0.005,56.3,12,0,1,6.7,6,40,7,33.3,0,0,0,0,0,0,0,0,0,-4.91,-0.118,0,1126.7,0,0,13.5,12.1,13.5,12.08,1.42,0.02,0.02,12.1
2025,205,Las Vegas Raiders,1,2,LV,100,7.194244604316546,507,10,0.15,0.02,6,60,75,7.5,8.33,9,90,30,3.33,16,1.78,1,1.04,2,1,1,3,0.006,131.3,7,0,0,0,10,100,0,0,0,0,1,0,0,0,1,0.11,0,0.8,0.572,0,1390,0,0,22.5,23.3,22.5,23.3,-0.8,0.04,0.05,23.3
2025,206,Miami Dolphins,1,5,MIA,100,5.594405594405594,561,8,0.13,0.01,8.75,70,75,9.38,12.5,6,75,26,4.33,12,2,0,0.03,0,0,0,4,0.007,103.6,6,0,0,0,6,75,0,16.7,0,0,1,1,100,0,1,0.17,0,1.51,0.847,0,1787.5,0,0,13.5,11.8,13.5,11.81,1.69,0.02,0.02,11.8
2025,207,Miami Dolphins,1,8,MIA,100,6.993006993006993,561,10,0.13,0.02,5.6,56,75,7.5,8.33,9,90,25,2.78,7,0.78,0,0.1,1,0,0,2,0.004,97.9,6,0,1,10,10,100,0,12.5,0,0,3,2,66.7,0,0,0,0,0.61,0.086,0,1430,0,0,16.5,17.2,16.5,17.2,-0.7,0.03,0.03,17.2
2025,208,New Orleans Saints,1,15,NO,100,7.317073170731707,461,9,0.16,0.02,8.67,78,75,8.33,9.38,8,88.9,12,1.5,1,0.13,0,0.11,0,0,0,4,0.009,101.4,4,0,1,11.1,8,88.9,1,25,0,0,3,2,66.7,1,0,0,0,0.85,0.775,0,1366.7,0,0,15.5,16.7,15.5,16.67,-1.17,0.03,0.04,16.7
2025,209,Indianapolis Colts,1,2,IND,100,6.741573033707865,650,12,0.11,0.02,7.67,92,74,6.17,9.25,8,66.7,43,5.38,10,1.25,1,0.78,3,1,0,2,0.003,76.4,10,0,4,33.3,8,66.7,1,16.7,0,0,0,0,0,0,2,0.25,0,-1.39,-0.194,0,1483.3,0,0,21.4,19.6,21.4,19.57,1.83,0.03,0.03,19.6
2025,210,Seattle Seahawks,1,2,SEA,100,6.790123456790123,603,11,0.12,0.02,10.36,114,74,6.73,9.25,8,72.7,18,2.25,5,0.63,1,0.68,2,2,1,3,0.005,81.4,8,0,1,9.1,9,81.8,3,28.6,0,0,1,1,100,0,0,0,0,-1.53,-0.233,0,1472.7,0,0,21.4,18.7,21.4,18.74,2.66,0.04,0.03,18.7
2025,211,Arizona Cardinals,1,17,ARZ,100,5.194805194805195,606,8,0.12,0.01,8.25,66,73,9.13,12.17,6,75,24,4,5,0.83,1,1.12,1,0,0,5,0.008,142.2,4,0,2,25,6,75,1,20,0,0,0,0,0,0,2,0.33,0,1.55,0.659,0,1925,0,0,19.3,20.5,19.3,20.54,-1.24,0.03,0.03,20.5
2025,212,Miami Dolphins,1,15,MIA,100,3.4965034965034967,561,5,0.13,0.01,8.2,41,73,14.6,18.25,4,80,45,11.25,19,4.75,1,0.05,0,0,0,3,0.005,158.3,4,0,0,0,4,80,0,50,0,0,0,0,0,0,4,1,0,6.81,1.431,0,2860,0,0,17.3,8,17.3,8.01,9.29,0.03,0.01,8
2025,213,New Orleans Saints,1,6,NO,100,5.691056910569105,461,7,0.16,0.02,11.43,80,73,10.43,14.6,5,71.4,20,4,3,0.6,1,0.49,0,0,0,3,0.007,144.6,7,0,1,14.3,6,85.7,1,20,0,0,3,2,66.7,0,0,0,0,1.58,0.782,0,1757.1,0,0,18.3,13.6,18.3,13.63,4.67,0.04,0.03,13.6
2025,214,Seattle Seahawks,1,3,SEA,100,7.4074074074074066,603,12,0.12,0.02,10.83,130,73,6.08,8.11,9,75,41,4.56,15,1.67,1,0.69,1,2,1,5,0.008,117.7,10,0,4,33.3,9,75,3,12.5,0,0,1,1,100,0,2,0.22,0,-2.18,0.435,0,1350,0,0,22.3,18.4,22.3,18.36,3.94,0.04,0.03,18.4
2025,215,Carolina Panthers,1,6,CAR,100,7.2992700729927,510,10,0.14,0.02,7.2,72,72,7.2,9,8,80,20,2.5,7,0.88,0,0.12,3,1,0,5,0.01,96.7,8,0,0,0,8,80,0,0,0,0,0,0,0,0,0,0,0,-0.08,0.443,0,1370,0,0,15.2,15.6,15.2,15.61,-0.41,0.03,0.03,15.6
2025,216,Chicago Bears,1,6,CHI,100,3.9215686274509802,590,6,0.12,0.01,13.33,80,72,12,14.4,5,83.3,19,3.8,4,0.8,2,0.59,0,2,1,3,0.005,116.7,5,0,1,16.7,5,83.3,3,40,0,0,1,1,100,1,0,0,0,3.33,0.318,0,2550,0,0,24.2,12.9,24.2,12.91,11.29,0.04,0.02,12.9
2025,217,Pittsburgh Steelers,1,7,PIT,100,6.211180124223603,642,10,0.11,0.02,9.2,92,72,7.2,14.4,5,50,25,5,17,3.4,1,1.22,3,3,1,4,0.006,107.1,9,0,0,0,8,80,2,25,1,10,3,1,33.3,0,2,0.4,0,-0.24,0.415,0,1610,0,0,18.2,21.1,18.2,21.05,-2.85,0.03,0.03,21.1
2025,218,Washington Commanders,1,10,WAS,100,6.666666666666667,557,10,0.13,0.02,7,70,72,7.2,10.29,7,70,45,6.43,11,1.57,1,0.87,4,0,0,5,0.009,123.8,10,0,1,10,9,90,1,0,1,10,1,0,0,0,0,0,0,0.27,0.773,0,1500,0,0,20.2,21.2,20.2,21.22,-1.02,0.04,0.04,21.2
2025,219,Washington Commanders,1,4,WAS,100,4.666666666666667,557,7,0.13,0.01,11.86,83,72,10.29,12,6,85.7,7,1.17,0,0,1,1.09,1,1,1,5,0.009,109.5,7,0,0,0,6,85.7,0,0,0,0,1,1,100,0,0,0,0,1.53,0.258,0,2142.9,0,0,19.2,18.8,19.2,18.8,0.4,0.03,0.03,18.8
2025,220,Arizona Cardinals,1,18,ARZ,100,5.194805194805195,606,8,0.12,0.01,11.5,92,71,8.88,11.83,6,75,12,2,5,0.83,0,0.29,1,1,0,3,0.005,101.6,7,0,0,0,7,87.5,3,40,0,0,3,2,66.7,0,0,0,0,0.15,0.676,0,1925,0,0,13.1,14.6,13.1,14.65,-1.55,0.02,0.02,14.6
2025,221,Baltimore Ravens,1,3,BLT,100,6,582,9,0.12,0.02,7.22,65,70,7.78,8.75,8,88.9,14,1.75,4,0.5,0,0.04,1,0,0,6,0.01,99.1,7,0,1,11.1,8,88.9,0,0,0,0,2,2,100,0,0,0,0,0.43,0.894,0,1666.7,0,0,15,13.9,15,13.91,1.09,0.03,0.02,13.9
2025,222,Houston Texans,1,12,HST,100,5.369127516778524,554,8,0.13,0.01,4.5,36,70,8.75,11.67,6,75,64,10.67,38,6.33,0,0.05,0,0,0,2,0.004,61.5,4,0,2,25,7,87.5,0,16.7,1,12.5,2,2,100,0,2,0.33,0,2,-0.829,0,1862.5,0,0,13,11.7,13,11.69,1.31,0.02,0.02,11.7
2025,223,Kansas City Chiefs,1,16,KC,100,4.697986577181208,533,7,0.13,0.01,9.71,68,70,10,14,5,71.4,7,1.4,0,0,1,1.31,1,1,1,4,0.008,142.9,5,0,0,0,6,85.7,1,25,1,14.3,2,2,100,1,0,0,0,2.71,0.612,0,2128.6,0,0,18,18.9,18,18.86,-0.86,0.03,0.04,18.9
2025,224,Las Vegas Raiders,1,18,LV,100,6.474820143884892,507,9,0.14,0.02,13.44,121,70,7.78,14,5,55.6,23,4.6,7,1.4,0,0.27,0,1,0,2,0.004,80.8,8,0,2,22.2,5,55.6,2,20,0,0,1,1,100,0,0,0,0,-0.61,-0.021,0,1544.4,0,0,12,11.4,12,11.38,0.62,0.02,0.02,11.4
2025,225,Philadelphia Eagles,1,6,PHI,100,4.827586206896552,537,7,0.13,0.01,4.43,31,70,10,11.67,6,85.7,47,7.83,35,5.83,1,0.07,0,0,0,2,0.004,147.9,4,0,2,28.6,7,100,0,33.3,0,0,1,0,0,0,1,0.17,0,3.32,0.686,0,2071.4,0,0,19,12.6,19,12.65,6.35,0.04,0.02,12.6
2025,226,Green Bay Packers,1,17,GB,100,7.563025210084033,432,9,0.16,0.02,4,36,69,7.67,7.67,9,100,33,3.67,19,2.11,0,0.58,2,0,0,4,0.009,98.6,9,0,1,11.1,9,100,0,0,0,0,2,2,100,0,1,0.11,0,1.54,0.721,0,1322.2,0,0,15.9,17.5,15.9,17.47,-1.57,0.04,0.04,17.5
2025,227,Los Angeles Chargers,1,2,LAC,100,8.208955223880597,491,11,0.14,0.02,14.91,164,69,6.27,11.5,6,54.5,42,7,28,4.67,0,0.03,2,2,0,3,0.006,34.1,8,0,0,0,6,54.5,4,33.3,0,0,0,0,0,0,3,0.5,0,-2.72,-0.137,0,1218.2,0,0,12.9,10.5,12.9,10.51,2.39,0.03,0.02,10.5
2025,228,Indianapolis Colts,1,15,IND,100,3.3707865168539324,650,6,0.1,0.01,7.83,47,68,11.33,13.6,5,83.3,28,5.6,5,1,0,0.01,1,0,0,2,0.003,113.9,3,0,0,0,5,83.3,0,20,0,0,0,0,0,0,0,0,0,3.96,0.378,0,2966.7,0,0,11.8,10.4,11.8,10.39,1.41,0.02,0.02,10.4
2025,229,Las Vegas Raiders,1,13,LV,100,7.913669064748201,507,11,0.13,0.02,5.91,65,68,6.18,7.56,9,81.8,28,3.11,8,0.89,2,1.95,6,2,1,6,0.012,94.1,7,0,1,9.1,9,81.8,0,0,0,0,1,1,100,0,0,0,0,-0.57,0.329,0,1263.6,0,0,27.8,26.4,27.8,26.45,1.35,0.05,0.05,26.4
2025,230,New York Giants,1,1,NYG,100,8.843537414965986,522,13,0.13,0.02,6.69,87,68,5.23,8.5,8,61.5,39,4.88,20,2.5,1,1.04,1,0,0,3,0.006,100.8,12,0,2,15.4,12,92.3,1,14.3,3,23.1,2,1,50,0,0,0,0,-1.89,-0.181,0,1130.8,0,0,20.8,28.2,20.8,28.24,-7.44,0.04,0.05,28.2
2025,231,Tampa Bay Buccaneers,1,10,TB,100,5.555555555555555,552,8,0.12,0.01,17,136,68,8.5,17,4,50,36,9,7,1.75,0,0.03,1,1,0,3,0.005,39.6,4,0,1,12.5,5,62.5,3,25,0,0,1,0,0,0,0,0,0,-0.55,0.023,0,1800,0,0,10.8,10.7,10.8,10.68,0.12,0.02,0.02,10.7
2025,232,Chicago Bears,1,15,CHI,100,5.88235294117647,590,9,0.11,0.02,13.56,122,67,7.44,16.75,4,44.4,18,4.5,3,0.75,0,0.05,1,1,0,3,0.005,30.6,7,0,0,0,5,55.6,2,25,1,11.1,2,1,50,0,1,0.25,0,-1.41,-0.248,0,1700,0,0,10.7,9.3,10.7,9.33,1.37,0.02,0.02,9.3
2025,233,Green Bay Packers,1,2,GB,100,9.243697478991598,432,11,0.16,0.03,6.36,70,67,6.09,7.44,9,81.8,47,5.22,21,2.33,1,0.11,1,0,0,4,0.009,122.3,8,0,1,9.1,9,81.8,2,0,0,0,3,3,100,0,5,0.56,0,-0.57,0.24,0,1081.8,0,0,21.7,13.5,21.7,13.52,8.18,0.05,0.03,13.5
2025,234,Los Angeles Rams,1,15,LA,100,6.289308176100629,609,10,0.11,0.02,5.9,59,67,6.7,9.57,7,70,18,2.57,7,1,1,0.62,4,0,0,4,0.007,121.7,10,0,1,10,7,70,0,20,0,0,1,1,100,0,2,0.29,0,-0.19,0.393,0,1590,0,0,19.7,16.3,19.7,16.32,3.38,0.03,0.03,16.3
2025,235,New England Patriots,1,5,NE,100,5.9259259259259265,510,8,0.13,0.02,8.88,71,67,8.38,11.17,6,75,24,4,13,2.17,0,0.04,2,0,0,4,0.008,59.9,5,0,0,0,6,75,0,0,0,0,1,1,100,0,0,0,0,0.27,0.135,0,1675,0,0,12.7,10.6,12.7,10.56,2.14,0.02,0.02,10.6
2025,236,New York Giants,1,13,NYG,100,4.081632653061225,522,6,0.13,0.01,7.17,43,67,11.17,16.75,4,66.7,39,9.75,6,1.5,0,0.44,2,1,0,3,0.006,104.2,4,0,1,16.7,4,66.7,1,25,0,0,0,0,0,0,1,0.25,0,4.11,0.306,0,2450,0,0,10.7,11.6,10.7,11.57,-0.87,0.02,0.02,11.6
2025,237,New York Giants,1,17,NYG,100,4.761904761904762,522,7,0.13,0.01,6,42,67,9.57,11.17,6,85.7,37,6.17,8,1.33,0,0.02,0,0,0,2,0.004,67,7,0,2,28.6,6,85.7,1,16.7,0,0,0,0,0,0,0,0,0,2.37,0.478,0,2100,0,0,12.7,12.1,12.7,12.06,0.64,0.02,0.02,12.1
2025,238,New York Jets,1,13,NYJ,100,7.38255033557047,551,11,0.12,0.02,6.73,74,67,6.09,9.57,7,63.6,51,7.29,19,2.71,0,0.07,2,1,0,5,0.009,80.5,11,0,0,0,8,72.7,0,16.7,0,0,1,0,0,0,1,0.14,0,-1.39,0.385,0,1354.5,0,0,13.7,13.9,13.7,13.89,-0.19,0.02,0.03,13.9
2025,239,Seattle Seahawks,1,14,SEA,100,5.555555555555555,603,9,0.11,0.01,11.56,104,67,7.44,16.75,4,44.4,24,6,44,11,0,0.46,1,1,0,2,0.003,30.6,7,0,1,11.1,7,77.8,2,50,1,11.1,4,1,25,0,0,0,0,-1.07,-0.633,0,1800,0,0,10.7,15.1,10.7,15.06,-4.36,0.02,0.02,15.1
2025,240,Carolina Panthers,1,3,CAR,100,5.839416058394161,510,8,0.13,0.02,8.75,70,66,8.25,11,6,75,34,5.67,21,3.5,0,0.01,0,0,0,4,0.008,99,6,0,0,0,6,75,1,0,0,0,0,0,0,0,2,0.33,0,0.9,0.483,0,1712.5,0,0,12.6,11.1,12.6,11.11,1.49,0.02,0.02,11.1
2025,241,Pittsburgh Steelers,1,4,PIT,100,4.968944099378882,642,8,0.1,0.01,8.63,69,66,8.25,11,6,75,22,3.67,8,1.33,1,0.66,3,0,0,4,0.006,138.5,6,0,0,0,8,100,0,25,2,25,1,0,0,0,0,0,0,0.46,0.887,0,2012.5,0,0,18.6,19,18.6,18.99,-0.39,0.03,0.03,19
2025,242,Tennessee Titans,1,3,TEN,100,5.64516129032258,457,7,0.14,0.02,13.43,94,66,9.43,16.5,4,57.1,31,7.75,20,5,0,0.47,0,0,0,3,0.007,89,6,0,0,0,5,71.4,2,25,0,0,1,0,0,0,2,0.5,0,0.74,0.236,0,1771.4,0,0,10.6,14,10.6,13.95,-3.35,0.02,0.03,14
2025,243,Carolina Panthers,1,5,CAR,100,5.109489051094891,510,7,0.13,0.01,13.43,94,65,9.29,13,5,71.4,26,5.2,8,1.6,0,0.66,3,1,0,2,0.004,100.3,6,0,1,14.3,5,71.4,3,33.3,0,0,0,0,0,0,1,0.2,0,0.97,0.518,0,1957.1,0,0,11.5,14.6,11.5,14.58,-3.08,0.02,0.03,14.6
2025,244,Jacksonville Jaguars,1,13,JAX,100,8.695652173913043,603,14,0.11,0.02,7.57,106,65,4.64,7.22,9,64.3,11,1.22,6,0.67,0,0.03,1,0,0,2,0.003,75,12,0,1,7.1,10,71.4,0,0,1,7.1,2,2,100,0,0,0,0,-2.85,-0.294,0,1150,0,0,15.5,17.7,15.5,17.68,-2.18,0.03,0.03,17.7
2025,245,Dallas Cowboys,1,15,DAL,100,4.929577464788732,522,7,0.12,0.01,12.71,89,64,9.14,21.33,3,42.9,14,4.67,1,0.33,0,0.68,2,1,0,3,0.006,75.9,5,0,0,0,4,57.1,2,66.7,1,14.3,1,1,100,0,0,0,0,-0.12,0.523,0,2028.6,0,0,9.4,12.3,9.4,12.27,-2.87,0.02,0.02,12.3
2025,246,Green Bay Packers,1,16,GB,100,7.563025210084033,432,9,0.15,0.02,11.67,105,64,7.11,12.8,5,55.6,22,4.4,9,1.8,1,1.04,2,1,1,4,0.009,115,6,0,0,0,6,66.7,1,33.3,0,0,1,0,0,0,0,0,0,-1.44,0.555,0,1322.2,0,0,17.4,17.5,17.4,17.52,-0.12,0.04,0.04,17.5
2025,247,Los Angeles Chargers,1,16,LAC,100,6.7164179104477615,491,9,0.13,0.02,15.33,138,64,7.11,9.14,7,77.8,5,0.71,4,0.57,0,0.02,2,2,0,5,0.01,96.3,8,0,0,0,7,77.8,2,0,0,0,2,2,100,0,0,0,0,-1.68,0.428,0,1488.9,0,0,13.4,13.2,13.4,13.25,0.15,0.03,0.03,13.2
2025,248,Philadelphia Eagles,1,4,PHI,100,8.275862068965518,537,12,0.12,0.02,8.67,104,64,5.33,9.14,7,58.3,13,1.86,3,0.43,0,0.12,0,0,0,2,0.004,72.9,10,0,0,0,11,91.7,0,0,1,8.3,3,0,0,0,0,0,0,-2.35,0.119,0,1208.3,0,0,13.4,21.1,13.4,21.09,-7.69,0.02,0.04,21.1
2025,249,Pittsburgh Steelers,1,9,PIT,100,5.590062111801243,642,9,0.1,0.01,7.11,64,64,7.11,9.14,7,77.8,15,2.14,7,1,0,0.02,1,0,0,4,0.006,56.7,7,0,0,0,8,88.9,0,0,0,0,1,0,0,0,0,0,0,-0.07,-0.291,0,1788.9,0,0,13.4,15,13.4,14.99,-1.59,0.02,0.02,15
2025,250,Cincinnati Bengals,1,16,CIN,100,5.714285714285714,499,8,0.13,0.02,9.88,79,63,7.88,10.5,6,75,20,3.33,6,1,0,0.01,0,0,0,3,0.006,57.8,6,0,0,0,7,87.5,2,16.7,0,0,4,3,75,0,0,0,0,-0.5,-0.359,0,1750,0,0,12.3,10.8,12.3,10.78,1.52,0.02,0.02,10.8
2025,251,Denver Broncos,1,13,DEN,100,7.100591715976331,637,12,0.1,0.02,10.75,129,63,5.25,9,7,58.3,5,0.71,3,0.43,0,0.25,2,1,0,5,0.008,72.6,11,0,0,0,9,75,2,0,0,0,5,3,60,0,0,0,0,-2.6,0.013,0,1408.3,0,0,13.3,16.6,13.3,16.57,-3.27,0.02,0.03,16.6
2025,252,Denver Broncos,1,14,DEN,100,4.733727810650888,637,8,0.1,0.01,8.25,66,63,7.88,10.5,6,75,11,1.83,7,1.17,0,0.07,2,1,0,3,0.005,97.4,5,0,0,0,7,87.5,0,0,1,12.5,4,4,100,0,0,0,0,0.18,0.342,0,2112.5,0,0,12.3,10.8,12.3,10.83,1.47,0.02,0.02,10.8
2025,253,Jacksonville Jaguars,1,18,JAX,100,3.7267080745341614,603,6,0.1,0.01,13,78,63,10.5,21,3,50,29,9.67,6,2,0,0.01,0,0,0,2,0.003,87.5,4,0,1,16.7,3,50,2,66.7,0,0,0,0,0,0,0,0,0,1.17,0.656,0,2683.3,0,0,9.3,7.7,9.3,7.66,1.64,0.02,0.01,7.7
2025,254,Minnesota Vikings,1,5,MIN,100,7.5,440,9,0.14,0.02,15.89,143,63,7,12.6,5,55.6,-23,-4.6,1,0.2,1,1.26,2,3,1,3,0.007,114.6,6,0,0,0,6,66.7,2,50,1,11.1,0,0,0,0,0,0,0,-2.44,0.005,0,1333.3,0,0,17.3,22.5,17.3,22.53,-5.23,0.04,0.05,22.5
2025,255,Cleveland Browns,1,18,CLV,100,6.779661016949152,435,8,0.14,0.02,4.13,33,62,7.75,8.86,7,87.5,31,4.43,12,1.71,0,0.29,1,0,0,5,0.011,99,6,0,1,12.5,7,87.5,0,14.3,0,0,1,1,100,0,0,0,0,1.43,0.814,0,1475,0,0,13.2,14.4,13.2,14.43,-1.23,0.03,0.03,14.4
2025,256,Dallas Cowboys,1,11,DAL,100,7.042253521126761,522,10,0.12,0.02,7,70,62,6.2,7.75,8,80,31,3.88,6,0.75,0,0.04,2,1,0,2,0.004,52.9,8,0,1,10,8,80,1,0,0,0,2,2,100,0,0,0,0,-1.06,-0.389,0,1420,0,0,14.2,12.7,14.2,12.67,1.53,0.03,0.02,12.7
2025,257,Denver Broncos,1,9,DEN,100,6.508875739644971,637,11,0.1,0.02,7.55,83,62,5.64,8.86,7,63.6,5,0.71,1,0.14,0,0.11,0,0,0,4,0.006,78.6,9,0,0,0,8,72.7,1,0,1,9.1,1,1,100,0,0,0,0,-2.04,0.289,0,1536.4,0,0,13.2,15.8,13.2,15.79,-2.59,0.02,0.02,15.8
2025,258,Detroit Lions,1,2,DET,100,6.41025641025641,585,10,0.11,0.02,7.8,78,62,6.2,10.33,6,60,17,2.83,9,1.5,0,0.12,1,0,0,4,0.007,38.3,8,0,1,10,7,70,0,16.7,1,10,0,0,0,0,0,0,0,-1.35,-0.065,0,1560,0,0,12.2,14.1,12.2,14.09,-1.89,0.02,0.02,14.1
2025,259,Indianapolis Colts,1,9,IND,100,4.49438202247191,650,8,0.1,0.01,1.88,15,62,7.75,8.86,7,87.5,43,6.14,19,2.71,0,0.15,2,0,0,3,0.005,99,7,0,3,37.5,7,87.5,0,0,0,0,1,1,100,0,0,0,0,1.79,0.418,0,2225,0,0,13.2,11.8,13.2,11.79,1.41,0.02,0.02,11.8
2025,260,Los Angeles Chargers,1,3,LAC,100,4.477611940298507,491,6,0.13,0.01,14.83,89,62,10.33,20.67,3,50,26,8.67,1,0.33,1,0.68,1,1,0,1,0.002,126.4,6,0,1,16.7,4,66.7,2,33.3,0,0,1,0,0,0,0,0,0,1.26,0.684,0,2233.3,0,0,15.2,12.6,15.2,12.61,2.59,0.03,0.03,12.6
2025,261,New York Jets,1,5,NYJ,100,6.0402684563758395,551,9,0.11,0.02,7.89,71,62,6.89,12.4,5,55.6,36,7.2,28,5.6,0,0.19,1,1,0,3,0.005,77.1,6,0,0,0,7,77.8,1,20,1,11.1,2,0,0,0,1,0.2,0,-0.69,0.26,0,1655.6,0,0,11.2,12.7,11.2,12.68,-1.48,0.02,0.02,12.7
2025,262,New York Jets,1,8,NYJ,100,8.053691275167784,551,12,0.11,0.02,4.42,53,62,5.17,7.75,8,66.7,46,5.75,15,1.88,0,0.1,2,0,0,5,0.009,79.2,11,0,1,8.3,12,100,0,0,0,0,5,1,20,0,1,0.13,0,-1.3,0.097,0,1241.7,0,0,14.2,17.5,14.2,17.54,-3.34,0.03,0.03,17.5
2025,263,Philadelphia Eagles,1,12,PHI,100,4.137931034482759,537,6,0.12,0.01,11.17,67,62,10.33,31,2,33.3,9,4.5,4,2,0,0.2,2,2,0,2,0.004,33.3,4,0,1,16.7,5,83.3,1,50,3,50,1,1,100,1,0,0,0,1.83,-1.366,0,2416.7,0,0,8.2,9.5,8.2,9.52,-1.32,0.02,0.02,9.5
2025,264,Arizona Cardinals,1,9,ARZ,100,8.441558441558442,606,13,0.1,0.02,9.31,121,61,4.69,6.78,9,69.2,21,2.33,17,1.89,1,0.81,3,1,1,4,0.007,72.9,9,0,0,0,11,84.6,1,0,2,15.4,2,2,100,0,2,0.22,0,-2.91,-0.061,0,1184.6,0,0,21.1,21.5,21.1,21.47,-0.37,0.03,0.04,21.5
2025,265,Dallas Cowboys,1,12,DAL,100,7.746478873239436,522,11,0.12,0.02,4.18,46,61,5.55,6.78,9,81.8,36,4,4,0.44,0,0.17,2,0,0,2,0.004,89.8,5,0,2,18.2,10,90.9,0,0,0,0,1,0,0,0,1,0.11,0,-0.96,-0.123,0,1290.9,0,0,15.1,18.2,15.1,18.16,-3.06,0.03,0.03,18.2
2025,266,Houston Texans,1,7,HST,100,4.026845637583892,554,6,0.11,0.01,13.67,82,61,10.17,15.25,4,66.7,24,6,13,3.25,0,0.05,0,0,0,2,0.004,60.4,4,0,0,0,4,66.7,1,25,0,0,0,0,0,0,0,0,0,1.47,-0.443,0,2483.3,0,0,10.1,9.3,10.1,9.28,0.82,0.02,0.02,9.3
2025,267,Kansas City Chiefs,1,15,KC,100,5.369127516778524,533,8,0.11,0.02,3.88,31,61,7.63,8.71,7,87.5,34,4.86,22,3.14,0,0.03,0,0,0,2,0.004,98.4,8,0,0,0,8,100,0,0,0,0,2,1,50,0,3,0.43,0,1.58,0.479,0,1862.5,0,0,13.1,12.6,13.1,12.64,0.46,0.02,0.02,12.6
2025,268,Washington Commanders,1,14,WAS,100,4.666666666666667,557,7,0.11,0.01,3.71,26,61,8.71,10.17,6,85.7,36,6,22,3.67,2,2.25,3,0,0,5,0.009,142.6,7,0,2,28.6,7,100,0,0,1,14.3,2,1,50,0,3,0.5,0,2.25,1.211,0,2142.9,0,0,24.1,24,24.1,23.98,0.12,0.04,0.04,24
2025,269,Detroit Lions,1,5,DET,100,5.769230769230769,585,9,0.1,0.02,10.56,95,60,6.67,12,5,55.6,17,3.4,5,1,1,0.61,1,1,1,3,0.005,113.2,6,0,0,0,7,77.8,3,25,0,0,4,2,50,2,0,0,0,-1.35,0.24,0,1733.3,0,0,17,13.8,17,13.83,3.17,0.03,0.02,13.8
2025,270,Kansas City Chiefs,1,12,KC,100,10.738255033557047,533,16,0.11,0.03,5.69,91,60,3.75,6,10,62.5,40,4,5,0.5,1,0.68,4,1,1,2,0.004,90.6,15,0,2,12.5,10,62.5,1,0,0,0,2,2,100,1,0,0,0,-3.24,-0.225,0,931.3,0,0,22,18.7,22,18.68,3.32,0.04,0.04,18.7
2025,271,Los Angeles Rams,1,1,LA,100,4.40251572327044,609,7,0.1,0.01,5.86,41,60,8.57,10,6,85.7,25,4.17,5,0.83,0,0.01,0,0,0,2,0.003,102.4,6,0,0,0,6,85.7,0,0,0,0,0,0,0,0,0,0,0,1.64,0.577,0,2271.4,0,0,12,11.5,12,11.51,0.49,0.02,0.02,11.5
2025,272,Pittsburgh Steelers,1,2,PIT,100,5.590062111801243,642,9,0.09,0.01,4.11,37,60,6.67,8.57,7,77.8,29,4.14,11,1.57,0,0.04,1,0,0,2,0.003,94.4,9,0,1,11.1,8,88.9,0,0,0,0,3,2,66.7,0,2,0.29,0,0.4,0.322,0,1788.9,0,0,13,12.3,13,12.31,0.69,0.02,0.02,12.3
2025,273,Tampa Bay Buccaneers,1,12,TB,100,4.861111111111112,552,7,0.11,0.01,7.14,50,60,8.57,10,6,85.7,31,5.17,20,3.33,1,1.07,1,1,1,4,0.007,142,5,0,0,0,7,100,0,20,1,14.3,1,1,100,0,2,0.33,0,1.12,0.523,0,2057.1,0,0,18,19.5,18,19.48,-1.48,0.03,0.04,19.5
2025,274,Tampa Bay Buccaneers,1,14,TB,100,4.861111111111112,552,7,0.11,0.01,10.14,71,60,8.57,12,5,71.4,9,1.8,3,0.6,0,0.02,0,0,0,4,0.007,97.3,5,0,0,0,6,85.7,1,0,1,14.3,2,2,100,0,0,0,0,0.5,0.75,0,2057.1,0,0,11,11.5,11,11.53,-0.53,0.02,0.02,11.5
2025,275,Baltimore Ravens,1,13,BLT,100,6,582,9,0.1,0.02,5.33,48,59,6.56,11.8,5,55.6,21,4.2,5,1,1,0.63,3,0,0,2,0.003,112.7,8,0,1,11.1,6,66.7,1,20,1,11.1,1,1,100,0,0,0,0,-0.34,0.56,0,1666.7,0,0,16.9,14.7,16.9,14.71,2.19,0.03,0.03,14.7
2025,276,Carolina Panthers,1,1,CAR,100,8.02919708029197,510,11,0.12,0.02,8.36,92,59,5.36,9.83,6,54.5,35,5.83,8,1.33,0,0.16,1,0,0,2,0.004,32,10,0,3,27.3,8,72.7,1,20,2,18.2,2,2,100,0,1,0.17,0,-2.45,-0.161,0,1245.5,0,0,11.9,14.8,11.9,14.85,-2.95,0.02,0.03,14.8
2025,277,Dallas Cowboys,1,5,DAL,100,5.633802816901409,522,8,0.11,0.02,6.5,52,59,7.38,8.43,7,87.5,13,1.86,9,1.29,1,0.12,3,0,0,4,0.008,137,5,0,0,0,7,87.5,0,0,0,0,0,0,0,0,2,0.29,0,0.5,0.875,0,1775,0,0,18.9,13.1,18.9,13.07,5.83,0.04,0.03,13.1
2025,278,Detroit Lions,1,1,DET,100,3.8461538461538463,585,6,0.1,0.01,14.5,87,59,9.83,14.75,4,66.7,12,3,6,1.5,2,1.97,3,2,2,3,0.005,138.2,6,0,1,16.7,5,83.3,1,100,0,0,2,1,50,0,1,0.25,0,0.24,0.983,0,2600,0,0,21.9,23.5,21.9,23.51,-1.61,0.04,0.04,23.5
2025,279,Jacksonville Jaguars,1,5,JAX,100,9.937888198757763,603,16,0.1,0.03,9.06,145,59,3.69,6.56,9,56.3,38,4.22,18,2,1,1.05,3,2,0,4,0.007,85.2,12,0,2,12.5,11,68.8,2,0,0,0,3,1,33.3,0,4,0.44,0,-3.98,-0.038,0,1006.3,0,0,20.9,22.5,20.9,22.47,-1.57,0.03,0.04,22.5
2025,280,Los Angeles Rams,1,4,LA,100,5.660377358490567,609,9,0.1,0.01,7.22,65,59,6.56,9.83,6,66.7,16,2.67,6,1,0,0.29,0,0,0,4,0.007,85,8,0,0,0,7,77.8,0,16.7,1,11.1,1,0,0,0,0,0,0,-0.59,0.55,0,1766.7,0,0,11.9,14.1,11.9,14.13,-2.23,0.02,0.02,14.1
2025,281,San Francisco 49ers,1,3,SF,100,6.024096385542169,641,10,0.09,0.02,6.5,65,59,5.9,9.83,6,60,35,5.83,9,1.5,0,0.1,1,0,0,4,0.006,76.7,8,0,1,10,8,80,0,0,1,10,1,0,0,1,0,0,0,-1.56,0.503,0,1660,0,0,11.9,16.4,11.9,16.38,-4.48,0.02,0.03,16.4
2025,282,Tampa Bay Buccaneers,1,2,TB,100,6.25,552,9,0.11,0.02,8,72,59,6.56,9.83,6,66.7,22,3.67,7,1.17,0,0.21,3,1,0,2,0.004,85,6,0,0,0,6,66.7,1,20,0,0,2,2,100,0,1,0.17,0,-0.9,0.098,0,1600,0,0,11.9,10.8,11.9,10.78,1.12,0.02,0.02,10.8
2025,283,Baltimore Ravens,1,15,BLT,100,6,582,9,0.1,0.02,12.67,114,58,6.44,11.6,5,55.6,23,4.6,3,0.6,0,0.24,1,1,0,2,0.003,35.6,8,0,0,0,8,88.9,2,20,0,0,5,2,40,0,0,0,0,-1.8,-1.286,0,1666.7,0,0,10.8,15.6,10.8,15.62,-4.82,0.02,0.03,15.6
2025,284,Chicago Bears,1,1,CHI,100,2.6143790849673203,590,4,0.1,0.01,15,60,58,14.5,19.33,3,75,8,2.67,0,0,1,0.68,2,1,1,3,0.005,156.3,4,0,0,0,4,100,0,50,1,25,0,0,0,0,0,0,0,4.31,1.029,0,3825,0,0,14.8,13.3,14.8,13.33,1.47,0.03,0.02,13.3
2025,285,Tennessee Titans,1,7,TEN,100,7.258064516129033,457,9,0.13,0.02,4.11,37,58,6.44,6.44,9,100,21,2.33,10,1.11,0,0.14,1,0,0,5,0.011,93.5,6,0,1,11.1,9,100,0,0,0,0,0,0,0,1,2,0.22,0,0.17,0.621,0,1377.8,0,0,14.8,16.6,14.8,16.62,-1.82,0.03,0.04,16.6
2025,286,Carolina Panthers,1,8,CAR,100,5.109489051094891,510,7,0.11,0.01,5.57,39,57,8.14,11.4,5,71.4,30,6,16,3.2,0,0.09,0,0,0,3,0.006,95.5,5,0,3,42.9,7,100,0,20,1,14.3,2,1,50,0,2,0.4,0,0.9,0.471,0,1957.1,0,0,10.7,12.6,10.7,12.59,-1.89,0.02,0.02,12.6
2025,287,Denver Broncos,1,18,DEN,100,8.284023668639055,637,14,0.09,0.02,9.21,129,57,4.07,6.33,9,64.3,31,3.44,11,1.22,0,0.02,0,0,0,2,0.003,72.6,11,0,2,14.3,11,78.6,2,0,0,0,3,1,33.3,0,1,0.11,0,-3.69,-0.158,0,1207.1,0,0,14.7,17,14.7,17.04,-2.34,0.02,0.03,17
2025,288,Denver Broncos,1,2,DEN,100,4.733727810650888,637,8,0.09,0.01,9.38,75,57,7.13,9.5,6,75,7,1.17,3,0.5,0,0.09,2,1,0,3,0.005,94.3,8,0,0,0,6,75,1,0,0,0,0,0,0,0,0,0,0,-0.83,0.411,0,2112.5,0,0,11.7,12.5,11.7,12.55,-0.85,0.02,0.02,12.5
2025,289,Houston Texans,1,9,HST,100,6.0402684563758395,554,9,0.1,0.02,13.89,125,57,6.33,11.4,5,55.6,30,6,5,1,0,0.02,0,0,0,3,0.005,74.8,7,0,0,0,6,66.7,3,20,1,11.1,1,0,0,0,0,0,0,-2.7,0.171,0,1655.6,0,0,10.7,11.4,10.7,11.4,-0.7,0.02,0.02,11.4
2025,290,Las Vegas Raiders,1,10,LV,100,6.474820143884892,507,9,0.11,0.02,10.11,91,57,6.33,14.25,4,44.4,35,8.75,7,1.75,0,0.02,1,1,0,1,0.002,25.9,6,0,2,22.2,6,66.7,2,25,2,22.2,1,1,100,0,0,0,0,-1.72,-0.263,0,1544.4,0,0,9.7,11.6,9.7,11.57,-1.87,0.02,0.02,11.6
2025,291,Miami Dolphins,1,11,MIA,100,4.195804195804196,561,6,0.1,0.01,8.17,49,57,9.5,11.4,5,83.3,42,8.4,6,1.2,1,0.2,1,0,0,2,0.004,145.8,6,0,2,33.3,6,100,1,20,1,16.7,1,0,0,0,0,0,0,1.87,0.809,0,2383.3,0,0,16.7,11.3,16.7,11.32,5.38,0.03,0.02,11.3
2025,292,Tennessee Titans,1,4,TEN,100,6.451612903225806,457,8,0.12,0.02,10.5,84,57,7.13,9.5,6,75,12,2,2,0.33,1,1.11,0,1,1,2,0.004,133.9,6,0,0,0,6,75,2,16.7,0,0,0,0,0,0,0,0,0,-1.45,0.472,0,1550,0,0,17.7,18.8,17.7,18.75,-1.05,0.04,0.04,18.8
2025,293,Tennessee Titans,1,8,TEN,100,5.64516129032258,457,7,0.12,0.02,6.14,43,57,8.14,14.25,4,57.1,23,5.75,3,0.75,1,0.87,1,0,0,4,0.009,123.2,4,0,0,0,6,85.7,0,0,0,0,4,2,50,0,0,0,0,1.19,0.768,0,1771.4,0,0,15.7,13.1,15.7,13.14,2.56,0.03,0.03,13.1
2025,294,Atlanta Falcons,1,16,ATL,100,5.839416058394161,530,8,0.11,0.02,3.88,31,56,7,11.2,5,62.5,52,10.4,8,1.6,0,0.63,3,1,0,2,0.004,83.3,5,0,1,12.5,7,87.5,0,20,1,12.5,2,1,50,0,0,0,0,0.34,0.294,0,1712.5,0,0,10.6,14.3,10.6,14.32,-3.72,0.02,0.03,14.3
2025,295,Buffalo Bills,1,4,BUF,100,6.61764705882353,528,9,0.11,0.02,7.78,70,56,6.22,9.33,6,66.7,9,1.5,3,0.5,0,0.03,1,1,0,2,0.004,83.6,6,0,1,11.1,7,77.8,1,0,1,11.1,1,1,100,0,0,0,0,-1.18,0.029,0,1511.1,0,0,11.6,13.7,11.6,13.69,-2.09,0.02,0.03,13.7
2025,296,Chicago Bears,1,13,CHI,100,7.8431372549019605,590,12,0.09,0.02,9.33,112,56,4.67,9.33,6,50,13,2.17,6,1,0,0.02,0,0,0,3,0.005,63.2,9,0,0,0,6,50,1,16.7,0,0,2,2,100,0,0,0,0,-3.16,-0.019,0,1275,0,0,11.6,10.8,11.6,10.83,0.77,0.02,0.02,10.8
2025,297,Dallas Cowboys,1,8,DAL,100,2.8169014084507045,522,4,0.11,0.01,10,40,56,14,14,4,100,17,4.25,6,1.5,1,1.03,0,1,1,4,0.008,158.3,4,0,1,25,4,100,1,25,0,0,0,0,0,0,0,0,0,5.62,1.548,0,3550,0,0,15.6,14.8,15.6,14.8,0.8,0.03,0.03,14.8
2025,298,Miami Dolphins,1,18,MIA,100,4.895104895104895,561,7,0.1,0.01,8,56,56,8,9.33,6,85.7,45,7.5,8,1.33,0,0.04,0,0,0,1,0.002,100,3,0,0,0,6,85.7,1,16.7,0,0,0,0,0,0,0,0,0,0.76,0.022,0,2042.9,0,0,11.6,10.3,11.6,10.3,1.3,0.02,0.02,10.3
2025,299,New England Patriots,1,4,NE,100,5.9259259259259265,510,8,0.11,0.02,3,24,56,7,8,7,87.5,35,5,3,0.43,0,0.06,0,0,0,1,0.002,95.8,7,0,0,0,7,87.5,0,0,0,0,0,0,0,1,1,0.14,0,0.89,0.296,0,1675,0,0,12.6,13.7,12.6,13.73,-1.13,0.02,0.03,13.7
2025,300,Philadelphia Eagles,1,10,PHI,100,6.206896551724138,537,9,0.1,0.02,8,72,56,6.22,8,7,77.8,15,2.14,10,1.43,0,0.03,0,0,0,3,0.006,92.6,7,0,2,22.2,9,100,1,14.3,0,0,4,3,75,0,1,0.14,0,-1.55,-0.017,0,1611.1,0,0,12.6,15.3,12.6,15.33,-2.73,0.02,0.03,15.3
2025,301,San Francisco 49ers,1,10,SF,100,4.216867469879518,641,7,0.09,0.01,8.57,60,56,8,11.2,5,71.4,43,8.6,10,2,1,0.99,1,1,1,5,0.008,134.5,7,0,1,14.3,6,85.7,1,0,0,0,2,1,50,0,0,0,0,0.21,0.726,0,2371.4,0,0,16.6,15.6,16.6,15.56,1.04,0.03,0.02,15.6
2025,302,Green Bay Packers,1,7,GB,100,8.403361344537815,432,10,0.13,0.02,6.7,67,55,5.5,6.88,8,80,29,3.63,7,0.88,1,1.49,2,2,1,3,0.007,122.9,8,0,3,30,9,90,1,0,0,0,1,0,0,0,0,0,0,-1.85,0.075,0,1190,0,0,19.5,24.2,19.5,24.21,-4.71,0.05,0.06,24.2
2025,303,Kansas City Chiefs,1,18,KC,100,3.3557046979865772,533,5,0.1,0.01,13.2,66,55,11,18.33,3,60,10,3.33,6,2,0,0.05,0,0,0,3,0.006,97.9,4,0,0,0,3,60,0,66.7,0,0,1,1,100,0,0,0,0,1.16,0.629,0,2980,0,0,8.5,7.3,8.5,7.35,1.15,0.02,0.01,7.3
2025,304,New Orleans Saints,1,8,NO,100,4.878048780487805,461,6,0.12,0.01,6.33,38,55,9.17,11,5,83.3,21,4.2,3,0.6,0,0.04,0,0,0,3,0.007,104.9,4,0,0,0,5,83.3,0,20,0,0,2,2,100,0,0,0,0,1.72,0.559,0,2050,0,0,10.5,9.1,10.5,9.1,1.4,0.02,0.02,9.1
2025,305,Seattle Seahawks,1,13,SEA,100,4.938271604938271,603,8,0.09,0.01,11.88,95,55,6.88,11,5,62.5,19,3.8,6,1.2,0,0.06,1,0,0,2,0.003,43.2,6,0,1,12.5,5,62.5,2,25,0,0,1,1,100,0,0,0,0,-2,-0.31,0,2025,0,0,10.5,9.9,10.5,9.91,0.59,0.02,0.02,9.9
2025,306,Tennessee Titans,1,11,TEN,100,9.67741935483871,457,12,0.12,0.03,7.33,88,55,4.58,9.17,6,50,27,4.5,7,1.17,1,0.55,3,2,1,3,0.007,90.6,8,0,1,8.3,9,75,1,0,0,0,4,1,25,0,0,0,0,-2.72,0.012,0,1033.3,0,0,17.5,15,17.5,15.01,2.49,0.04,0.03,15
2025,307,Tennessee Titans,1,14,TEN,100,7.258064516129033,457,9,0.12,0.02,8.67,78,55,6.11,11,5,55.6,29,5.8,4,0.8,1,0.53,1,1,1,4,0.009,110.9,6,0,1,11.1,8,88.9,0,0,0,0,4,1,25,0,1,0.2,0,-1.6,0.187,0,1377.8,0,0,16.5,15.2,16.5,15.18,1.32,0.04,0.03,15.2
2025,308,Baltimore Ravens,1,11,BLT,100,4.666666666666667,582,7,0.09,0.01,11.14,78,54,7.71,18,3,42.9,24,8,7,2.33,0,0.03,0,1,0,2,0.003,69.9,5,0,1,14.3,4,57.1,1,66.7,0,0,1,0,0,0,0,0,0,-0.82,-0.215,0,2142.9,0,0,8.4,8.3,8.4,8.3,0.1,0.01,0.01,8.3
2025,309,Buffalo Bills,1,6,BUF,100,5.88235294117647,528,8,0.1,0.02,8.63,69,54,6.75,13.5,4,50,26,6.5,10,2.5,1,0.98,1,0,0,2,0.004,111.5,6,0,1,12.5,4,50,2,33.3,0,0,1,1,100,0,2,0.5,0,-1.06,-0.097,0,1700,0,0,15.4,13.8,15.4,13.84,1.56,0.03,0.03,13.8
2025,310,Detroit Lions,1,13,DET,100,5.128205128205128,585,8,0.09,0.01,12.38,99,54,6.75,18,3,37.5,6,2,2,0.67,0,0.12,0,0,0,3,0.005,61.5,6,0,0,0,5,62.5,2,33.3,0,0,3,1,33.3,0,0,0,0,-2.07,0.084,0,1950,0,0,8.4,10.4,8.4,10.4,-2,0.01,0.02,10.4
2025,311,Pittsburgh Steelers,1,15,PIT,100,3.1055900621118013,642,5,0.08,0.01,8.8,44,54,10.8,10.8,5,100,19,3.8,0,0,1,0.56,1,1,1,4,0.006,151.3,3,0,1,20,5,100,1,25,0,0,2,2,100,0,0,0,0,2.57,1.232,0,3220,0,0,16.4,10.6,16.4,10.64,5.76,0.03,0.02,10.6
2025,312,Cincinnati Bengals,1,8,CIN,100,6.428571428571428,499,9,0.11,0.02,7.89,71,53,5.89,8.83,6,66.7,11,1.83,2,0.33,2,1.48,5,3,2,5,0.01,121.8,9,0,1,11.1,6,66.7,0,0,0,0,2,2,100,0,0,0,0,-2.05,0.833,0,1555.6,0,0,23.3,16.9,23.3,16.86,6.44,0.05,0.03,16.9
2025,313,Green Bay Packers,1,4,GB,100,5.88235294117647,432,7,0.12,0.02,4.57,32,53,7.57,7.57,7,100,27,3.86,7,1,1,0.93,1,1,1,4,0.009,137.8,3,0,1,14.3,7,100,1,0,0,0,1,1,100,0,0,0,0,0.98,1.198,0,1700,0,0,18.3,17.1,18.3,17.09,1.21,0.04,0.04,17.1
2025,314,Kansas City Chiefs,1,4,KC,100,6.0402684563758395,533,9,0.1,0.02,4.89,44,53,5.89,6.63,8,88.9,11,1.38,3,0.38,0,0.03,0,0,0,3,0.006,91.2,8,0,1,11.1,9,100,0,0,1,11.1,0,0,0,0,0,0,0,-0.97,0.286,0,1655.6,0,0,13.3,15.7,13.3,15.71,-2.41,0.02,0.03,15.7
2025,315,Las Vegas Raiders,1,1,LV,100,7.194244604316546,507,10,0.1,0.02,8.2,82,53,5.3,7.57,7,70,15,2.14,2,0.29,1,0.87,2,2,1,4,0.008,115.8,8,0,1,10,7,70,1,0,0,0,1,1,100,0,0,0,0,-2.52,0.263,0,1390,0,0,18.3,17.5,18.3,17.48,0.82,0.04,0.03,17.5
2025,316,New York Jets,1,15,NYJ,100,3.3557046979865772,551,5,0.1,0.01,10.6,53,53,10.6,10.6,5,100,7,1.4,4,0.8,1,1.04,1,1,1,5,0.009,150.4,5,0,0,0,5,100,0,0,0,0,0,0,0,0,0,0,0,2.09,1.27,0,2980,0,0,16.3,16.8,16.3,16.77,-0.47,0.03,0.03,16.8
2025,317,Buffalo Bills,1,12,BUF,100,7.352941176470589,528,10,0.1,0.02,9,90,52,5.2,7.43,7,70,19,2.71,9,1.29,2,1.63,4,3,2,3,0.006,121.7,8,0,1,10,8,80,2,0,1,10,3,2,66.7,0,0,0,0,-2.49,-0.005,0,1360,0,0,24.2,20.4,24.2,20.44,3.76,0.05,0.04,20.4
2025,318,Carolina Panthers,1,7,CAR,100,5.109489051094891,510,7,0.1,0.01,8.71,61,52,7.43,8.67,6,85.7,23,3.83,3,0.5,0,0.15,0,0,0,2,0.004,97.6,4,0,2,28.6,7,100,1,16.7,1,14.3,1,0,0,0,0,0,0,0.07,0.209,0,1957.1,0,0,11.2,14.1,11.2,14.08,-2.88,0.02,0.03,14.1
2025,319,Chicago Bears,1,12,CHI,100,3.2679738562091507,590,5,0.09,0.01,5.4,27,52,10.4,10.4,5,100,25,5,14,2.8,0,0.01,0,0,0,2,0.003,110,4,0,2,40,5,100,0,20,0,0,0,0,0,0,1,0.2,0,3.18,0.267,0,3060,0,0,10.2,10.1,10.2,10.15,0.05,0.02,0.02,10.1
2025,320,Las Vegas Raiders,1,12,LV,100,0.7194244604316548,507,1,0.1,0,43,43,52,52,52,1,100,9,9,3,3,0,0.16,0,0,0,1,0.002,118.8,0,0,0,0,1,100,1,100,0,0,0,0,0,0,0,0,0,37,5.35,0,13900,0,0,6.2,5.9,6.2,5.89,0.31,0.01,0.01,5.9
2025,321,Las Vegas Raiders,1,14,LV,100,4.316546762589928,507,6,0.1,0.01,14.67,88,52,8.67,10.4,5,83.3,15,3,5,1,0,0.01,0,1,0,3,0.006,102.8,3,0,0,0,5,83.3,1,0,0,0,0,0,0,0,0,0,0,0.25,0.486,0,2316.7,0,0,10.2,10.1,10.2,10.08,0.12,0.02,0.02,10.1
2025,322,Las Vegas Raiders,1,16,LV,100,5.755395683453238,507,8,0.1,0.02,8.25,66,52,6.5,10.4,5,62.5,22,4.4,6,1.2,0,0.04,0,0,0,4,0.008,81.3,5,0,0,0,6,75,1,20,0,0,2,1,50,0,0,0,0,-0.83,0.329,0,1737.5,0,0,10.2,10,10.2,9.97,0.23,0.02,0.02,10
2025,323,San Francisco 49ers,1,15,SF,100,4.216867469879518,641,7,0.08,0.01,10.71,75,52,7.43,13,4,57.1,26,6.5,10,2.5,1,0.4,3,0,0,2,0.003,120.2,5,0,2,28.6,5,71.4,2,50,1,14.3,1,1,100,0,2,0.5,0,-0.78,0.223,0,2371.4,0,0,15.2,11.2,15.2,11.19,4.01,0.02,0.02,11.2
2025,324,Atlanta Falcons,1,15,ATL,100,5.109489051094891,530,7,0.1,0.01,12.29,86,51,7.29,10.2,5,71.4,6,1.2,3,0.6,1,0.85,1,1,1,4,0.008,131.5,6,0,0,0,6,85.7,2,25,1,14.3,2,1,50,0,0,0,0,-1.43,0.603,0,1957.1,0,0,16.1,16.5,16.1,16.47,-0.37,0.03,0.03,16.5
2025,325,Carolina Panthers,1,18,CAR,100,5.109489051094891,510,7,0.1,0.01,13.14,92,51,7.29,12.75,4,57.1,11,2.75,1,0.25,1,1.19,3,2,0,2,0.004,80.1,5,0,0,0,5,71.4,0,33.3,0,0,2,1,50,0,0,0,0,-2.22,-0.301,0,1957.1,0,0,15.1,16.7,15.1,16.73,-1.63,0.03,0.03,16.7
2025,326,Cleveland Browns,1,12,CLV,100,6.779661016949152,435,8,0.12,0.02,9.25,74,51,6.38,10.2,5,62.5,16,3.2,5,1,0,0.03,0,0,0,3,0.007,80.7,8,0,0,0,6,75,1,0,1,12.5,2,1,50,0,0,0,0,-1.12,-0.168,0,1475,0,0,10.1,10.3,10.1,10.32,-0.22,0.02,0.02,10.3
2025,327,Jacksonville Jaguars,1,14,JAX,100,5.590062111801243,603,9,0.08,0.01,5.11,46,51,5.67,7.29,7,77.8,17,2.43,4,0.57,0,0.3,3,0,0,3,0.005,90.3,8,0,2,22.2,9,100,0,0,0,0,4,2,50,0,0,0,0,-1.12,0.226,0,1788.9,0,0,12.1,14.7,12.1,14.65,-2.55,0.02,0.02,14.7
2025,328,Minnesota Vikings,1,10,MIN,100,7.5,440,9,0.12,0.02,4.56,41,51,5.67,10.2,5,55.6,38,7.6,8,1.6,1,0.94,2,1,1,3,0.007,109,9,0,2,22.2,7,77.8,0,25,2,22.2,0,0,0,0,1,0.2,0,-0.97,-0.058,0,1333.3,0,0,16.1,17.8,16.1,17.82,-1.72,0.04,0.04,17.8
2025,329,New York Jets,1,10,NYJ,100,5.369127516778524,551,8,0.09,0.01,9,72,51,6.38,17,3,37.5,18,6,10,3.33,0,0.02,0,0,0,3,0.005,59.9,8,0,1,12.5,5,62.5,0,33.3,1,12.5,1,0,0,0,0,0,0,-1.34,0.128,0,1862.5,0,0,8.1,10.8,8.1,10.8,-2.7,0.01,0.02,10.8
2025,330,Pittsburgh Steelers,1,1,PIT,100,3.1055900621118013,642,5,0.08,0.01,8.4,42,51,10.2,12.75,4,80,16,4,1,0.25,0,0.13,0,0,0,2,0.003,109.2,2,0,0,0,5,100,0,25,0,0,1,0,0,0,0,0,0,2.86,0.22,0,3220,0,0,9.1,10.5,9.1,10.46,-1.36,0.01,0.02,10.5
2025,331,Tennessee Titans,1,9,TEN,100,4.838709677419355,457,6,0.11,0.01,7.5,45,51,8.5,10.2,5,83.3,25,5,12,2.4,0,0.34,1,0,0,2,0.004,102.1,4,0,0,0,6,100,0,0,0,0,1,0,0,0,0,0,0,0.79,0.743,0,2066.7,0,0,10.1,12.9,10.1,12.93,-2.83,0.02,0.03,12.9
2025,332,Kansas City Chiefs,1,2,KC,100,4.697986577181208,533,7,0.09,0.01,5.14,36,50,7.14,8.33,6,85.7,17,2.83,4,0.67,0,0.38,0,0,0,1,0.002,96.4,5,0,1,14.3,7,100,1,16.7,1,14.3,2,2,100,0,0,0,0,0.4,0.092,0,2128.6,0,0,11,13.3,11,13.34,-2.34,0.02,0.03,13.3
2025,333,Los Angeles Rams,1,14,LA,100,8.176100628930817,609,13,0.08,0.02,8.46,110,50,3.85,8.33,6,46.2,41,6.83,22,3.67,0,0.02,4,3,0,2,0.003,56.6,11,0,4,30.8,8,61.5,3,16.7,0,0,3,1,33.3,0,4,0.67,0,-4.21,-0.251,0,1223.1,0,0,11,11.4,11,11.37,-0.37,0.02,0.02,11.4
2025,334,Los Angeles Chargers,1,4,LAC,100,5.970149253731343,491,8,0.1,0.02,4.25,34,50,6.25,8.33,6,75,30,5,15,2.5,0,0.93,2,1,0,3,0.006,90.6,5,0,3,37.5,7,87.5,0,0,0,0,1,0,0,0,1,0.17,0,-0.28,-0.149,0,1675,0,0,11,17.2,11,17.17,-6.17,0.02,0.03,17.2
2025,335,Minnesota Vikings,1,15,MIN,100,5,440,6,0.11,0.01,1.17,7,50,8.33,8.33,6,100,43,7.17,9,1.5,0,0.02,0,0,0,1,0.002,101.4,3,0,0,0,6,100,0,0,0,0,0,0,0,0,2,0.33,0,2.5,0.183,0,2000,0,0,11,10.1,11,10.13,0.87,0.03,0.02,10.1
2025,336,Seattle Seahawks,1,1,SEA,100,3.0864197530864197,603,5,0.08,0.01,7.6,38,50,10,10,5,100,19,3.8,6,1.2,1,0.55,1,1,1,3,0.005,147.9,4,0,1,20,5,100,1,25,0,0,0,0,0,0,0,0,0,1.84,1.372,0,3240,0,0,16,12.6,16,12.64,3.36,0.03,0.02,12.6
2025,337,Tampa Bay Buccaneers,1,3,TB,100,7.638888888888889,552,11,0.09,0.02,4.64,51,50,4.55,5,10,90.9,29,2.9,7,0.7,1,0.68,1,1,1,4,0.007,115.9,10,0,3,27.3,11,100,1,0,1,9.1,0,0,0,0,0,0,0,-2,0.492,0,1309.1,0,0,21,23.4,21,23.4,-2.4,0.04,0.04,23.4
2025,338,Buffalo Bills,1,1,BUF,100,2.941176470588235,528,4,0.09,0.01,8.25,33,49,12.25,16.33,3,75,33,11,6,2,0,0.02,0,0,0,1,0.002,115.6,4,0,2,50,3,75,0,33.3,0,0,0,0,0,0,0,0,0,3.95,0.572,0,3400,0,0,7.9,6.5,7.9,6.5,1.4,0.01,0.01,6.5
2025,339,Denver Broncos,1,4,DEN,100,4.142011834319527,637,7,0.08,0.01,5.86,41,49,7,8.17,6,85.7,13,2.17,11,1.83,0,0.01,0,0,0,1,0.002,95.8,7,0,2,28.6,7,100,0,0,0,0,3,2,66.7,0,2,0.33,0,0.13,0.157,0,2414.3,0,0,10.9,10.7,10.9,10.73,0.17,0.02,0.02,10.7
2025,340,Green Bay Packers,1,3,GB,100,6.722689075630252,432,8,0.11,0.02,9.5,76,49,6.13,9.8,5,62.5,16,3.2,11,2.2,0,0.02,0,0,0,2,0.005,40.1,7,0,0,0,6,75,1,0,0,0,1,1,100,0,3,0.6,0,-1.42,0.047,0,1487.5,0,0,9.9,10.2,9.9,10.25,-0.35,0.02,0.02,10.2
2025,341,Kansas City Chiefs,1,11,KC,100,6.0402684563758395,533,9,0.09,0.02,9.11,82,49,5.44,8.17,6,66.7,23,3.83,4,0.67,0,0.03,2,0,0,3,0.006,80.3,7,0,1,11.1,6,66.7,1,0,0,0,0,0,0,0,0,0,0,-2.05,0.281,0,1655.6,0,0,10.9,10.7,10.9,10.66,0.24,0.02,0.02,10.7
2025,342,New Orleans Saints,1,1,NO,100,6.504065040650407,461,8,0.11,0.02,5,40,49,6.13,9.8,5,62.5,20,4,10,2,0,0.04,1,0,0,2,0.004,79.7,7,0,1,12.5,6,75,0,20,1,12.5,0,0,0,0,1,0.2,0,-0.71,0.218,0,1537.5,0,0,9.9,10.8,9.9,10.79,-0.89,0.02,0.02,10.8
2025,343,New York Jets,1,12,NYJ,100,6.0402684563758395,551,9,0.09,0.02,5.78,52,49,5.44,8.17,6,66.7,22,3.67,7,1.17,0,0.92,2,1,0,3,0.005,80.3,8,0,2,22.2,7,77.8,0,0,1,11.1,2,1,50,0,1,0.17,0,-1.5,-0.016,0,1655.6,0,0,10.9,16.3,10.9,16.28,-5.38,0.02,0.03,16.3
2025,344,New York Jets,1,18,NYJ,100,3.3557046979865772,551,5,0.09,0.01,8,40,49,9.8,12.25,4,80,23,5.75,2,0.5,0,0.26,1,0,0,2,0.004,107.5,5,0,0,0,5,100,0,33.3,1,20,0,0,0,0,0,0,0,1.84,0.773,0,2980,0,0,8.9,12.3,8.9,12.3,-3.4,0.02,0.02,12.3
2025,345,Cleveland Browns,1,13,CLV,100,5.084745762711865,435,6,0.11,0.01,11,66,48,8,12,4,66.7,6,1.5,2,0.5,1,1.52,2,2,1,3,0.007,130.6,4,0,1,16.7,4,66.7,1,33.3,0,0,2,2,100,1,0,0,0,-0.88,0.55,0,1966.7,0,0,14.8,15.8,14.8,15.78,-0.98,0.03,0.04,15.8
2025,346,Jacksonville Jaguars,1,17,JAX,100,3.7267080745341614,603,6,0.08,0.01,20,120,48,8,16,3,50,0,0,0,0,0,0.07,0,1,0,3,0.005,37.5,6,0,0,0,4,66.7,1,0,1,16.7,4,1,25,1,0,0,0,-2.89,0.392,0,2683.3,0,0,7.8,8.7,7.8,8.7,-0.9,0.01,0.01,8.7
2025,347,Los Angeles Rams,1,2,LA,100,6.918238993710692,609,11,0.08,0.02,5.27,58,48,4.36,6,8,72.7,39,4.88,5,0.63,0,0.03,3,1,0,1,0.002,80.9,8,0,4,36.4,8,72.7,1,0,0,0,0,0,0,0,0,0,0,-3.21,-0.059,0,1445.5,0,0,12.8,13.1,12.8,13.1,-0.3,0.02,0.02,13.1
2025,348,San Francisco 49ers,1,1,SF,100,4.819277108433735,641,8,0.07,0.01,7.38,59,48,6,8,6,75,17,2.83,6,1,0,0.05,0,0,0,2,0.003,89.6,8,0,2,25,7,87.5,1,16.7,1,12.5,1,1,100,0,0,0,0,-1.39,-0.602,0,2075,0,0,10.8,12.9,10.8,12.86,-2.06,0.02,0.02,12.9
2025,349,Las Vegas Raiders,1,6,LV,100,7.194244604316546,507,10,0.09,0.02,5.3,53,47,4.7,6.71,7,70,30,4.29,23,3.29,0,0.02,1,1,0,2,0.004,80,6,0,2,20,7,70,0,0,0,0,0,0,0,0,3,0.43,0,-2.45,0.043,0,1390,0,0,11.7,11.6,11.7,11.61,0.09,0.02,0.02,11.6
2025,350,New England Patriots,1,12,NE,100,5.9259259259259265,510,8,0.09,0.02,12.13,97,47,5.88,11.75,4,50,8,2,0,0,0,0.04,0,0,0,4,0.008,68.2,6,0,0,0,5,62.5,1,0,0,0,1,1,100,0,0,0,0,-3.15,0.184,0,1675,0,0,8.7,10.5,8.7,10.51,-1.81,0.02,0.02,10.5
2025,351,Seattle Seahawks,1,6,SEA,100,4.938271604938271,603,8,0.08,0.01,2.13,17,47,5.88,7.83,6,75,41,6.83,20,3.33,0,0.02,0,0,0,3,0.005,89.1,6,0,1,12.5,7,87.5,0,0,1,12.5,1,1,100,0,3,0.5,0,-0.06,0.096,0,2025,0,0,10.7,11.3,10.7,11.27,-0.57,0.02,0.02,11.3
2025,352,Tampa Bay Buccaneers,1,4,TB,100,4.166666666666666,552,6,0.09,0.01,11,66,47,7.83,11.75,4,66.7,10,2.5,0,0,1,1.08,1,0,0,4,0.007,129.9,4,0,1,16.7,4,66.7,2,66.7,0,0,1,1,100,0,0,0,0,-0.61,0.529,0,2400,0,0,14.7,15.1,14.7,15.08,-0.38,0.03,0.03,15.1
2025,353,Atlanta Falcons,1,4,ATL,100,4.37956204379562,530,6,0.09,0.01,9.17,55,46,7.67,11.5,4,66.7,10,2.5,1,0.25,0,0.01,0,0,0,2,0.004,89.6,5,0,0,0,4,66.7,0,0,0,0,0,0,0,0,0,0,0,-0.05,0.306,0,2283.3,0,0,8.6,8.6,8.6,8.6,0,0.02,0.02,8.6
2025,354,Kansas City Chiefs,1,3,KC,100,4.697986577181208,533,7,0.09,0.01,12.86,90,46,6.57,11.5,4,57.1,19,4.75,10,2.5,0,0.03,0,0,0,2,0.004,37.5,5,0,1,14.3,5,71.4,2,25,0,0,1,0,0,0,0,0,0,-2.38,0.069,0,2128.6,0,0,8.6,8.7,8.6,8.74,-0.14,0.02,0.02,8.7
2025,355,Los Angeles Chargers,1,9,LAC,100,4.477611940298507,491,6,0.09,0.01,5.83,35,46,7.67,11.5,4,66.7,23,5.75,5,1.25,0,0.08,1,0,0,2,0.004,89.6,5,0,1,16.7,4,66.7,1,33.3,0,0,0,0,0,0,0,0,0,0.64,0.682,0,2233.3,0,0,8.6,8.6,8.6,8.64,-0.04,0.02,0.02,8.6
2025,356,San Francisco 49ers,1,13,SF,100,3.614457831325301,641,6,0.07,0.01,11.33,68,46,7.67,11.5,4,66.7,9,2.25,3,0.75,0,0.01,0,0,0,3,0.005,89.6,5,0,0,0,5,83.3,1,0,1,16.7,0,0,0,0,0,0,0,-0.5,0.227,0,2766.7,0,0,8.6,10,8.6,10.05,-1.45,0.01,0.02,10
2025,357,Washington Commanders,1,11,WAS,100,2.666666666666667,557,4,0.08,0.01,9.75,39,46,11.5,15.33,3,75,10,3.33,5,1.67,0,0.01,1,1,0,3,0.005,112.5,3,0,0,0,3,75,0,0,0,0,0,0,0,0,0,0,0,3.74,0.457,0,3750,0,0,7.6,7,7.6,6.99,0.61,0.01,0.01,7
2025,358,Atlanta Falcons,1,2,ATL,100,5.839416058394161,530,8,0.08,0.02,13.5,108,45,5.63,11.25,4,50,7,1.75,3,0.75,0,0.02,0,0,0,3,0.006,27.6,7,0,0,0,6,75,1,0,1,12.5,2,1,50,0,1,0.25,0,-3.41,-0.403,0,1712.5,0,0,8.5,11,8.5,11.01,-2.51,0.02,0.02,11
2025,359,Dallas Cowboys,1,6,DAL,100,2.8169014084507045,522,4,0.09,0.01,10,40,45,11.25,11.25,4,100,13,3.25,3,0.75,1,1.49,1,1,1,3,0.006,153.1,3,0,1,25,4,100,1,33.3,0,0,0,0,0,0,0,0,0,3.75,1.347,0,3550,0,0,14.5,17.6,14.5,17.55,-3.05,0.03,0.03,17.6
2025,360,Green Bay Packers,1,18,GB,100,5.042016806722689,432,6,0.1,0.01,6.5,39,45,7.5,11.25,4,66.7,26,6.5,6,1.5,0,0.87,1,0,0,2,0.005,88.9,4,0,1,16.7,6,100,0,0,0,0,3,1,33.3,1,0,0,0,-0.25,0.347,0,1983.3,0,0,8.5,15.3,8.5,15.31,-6.81,0.02,0.04,15.3
2025,361,Miami Dolphins,1,14,MIA,100,7.6923076923076925,561,11,0.08,0.02,10.55,116,45,4.09,11.25,4,36.4,20,5,8,2,0,0.12,1,1,0,3,0.005,49.4,7,0,0,0,9,81.8,1,0,3,27.3,3,0,0,0,0,0,0,-3.92,-0.076,0,1300,0,0,8.5,14.9,8.5,14.85,-6.35,0.02,0.03,14.9
2025,362,New England Patriots,1,11,NE,100,4.444444444444445,510,6,0.09,0.01,11,66,45,7.5,15,3,50,14,4.67,1,0.33,1,0.87,1,0,0,3,0.006,114.6,3,0,1,16.7,5,83.3,0,33.3,1,16.7,2,1,50,0,0,0,0,-1.32,0.276,0,2233.3,0,0,13.5,14.9,13.5,14.86,-1.36,0.03,0.03,14.9
2025,363,New York Jets,1,7,NYJ,100,4.697986577181208,551,7,0.08,0.01,12.14,85,45,6.43,9,5,71.4,7,1.4,3,0.6,0,0.04,1,0,0,2,0.004,88.4,6,0,0,0,6,85.7,1,0,1,14.3,0,0,0,0,0,0,0,-1.86,0.232,0,2128.6,0,0,9.5,14,9.5,14,-4.5,0.02,0.03,14
2025,364,Tennessee Titans,1,18,TEN,100,4.838709677419355,457,6,0.1,0.01,6,36,45,7.5,9,5,83.3,18,3.6,4,0.8,2,1.8,1,0,0,2,0.004,137.5,6,0,1,16.7,5,83.3,1,25,0,0,0,0,0,0,0,0,0,0.55,0.441,0,2066.7,0,0,21.5,19.8,21.5,19.85,1.65,0.05,0.04,19.8
2025,365,Washington Commanders,1,2,WAS,100,3.3333333333333335,557,5,0.08,0.01,7,35,45,9,9,5,100,10,2,3,0.6,0,0.02,0,0,0,4,0.007,104.2,5,0,0,0,5,100,0,0,0,0,0,0,0,0,0,0,0,1.65,0.746,0,3000,0,0,9.5,9.8,9.5,9.82,-0.32,0.02,0.02,9.8
2025,366,Cleveland Browns,1,8,CLV,100,2.5423728813559325,435,3,0.1,0.01,16.33,49,44,14.67,44,1,33.3,20,20,0,0,0,0.34,1,0,0,1,0.002,81.9,2,0,0,0,2,66.7,1,100,0,0,1,0,0,0,0,0,0,4.46,0.215,0,3933.3,0,0,5.4,7.3,5.4,7.35,-1.95,0.01,0.02,7.3
2025,367,Dallas Cowboys,1,7,DAL,100,6.338028169014084,522,9,0.08,0.02,9.11,82,44,4.89,11,4,44.4,18,4.5,4,1,1,0.39,1,1,1,2,0.004,96.5,7,0,0,0,6,66.7,0,33.3,2,22.2,0,0,0,0,0,0,0,-3.21,-0.351,0,1577.8,0,0,14.4,13.9,14.4,13.86,0.54,0.03,0.03,13.9
2025,368,Indianapolis Colts,1,1,IND,100,6.179775280898876,650,11,0.07,0.02,10.18,112,44,4,8.8,5,45.5,27,5.4,5,1,0,0.2,0,0,0,3,0.005,17,6,0,2,18.2,6,54.5,1,0,0,0,0,0,0,0,1,0.2,0,-4.26,-0.713,0,1618.2,0,0,9.4,13.3,9.4,13.33,-3.93,0.01,0.02,13.3
2025,369,Indianapolis Colts,1,5,IND,100,6.179775280898876,650,11,0.07,0.02,8.09,89,44,4,6.29,7,63.6,20,2.86,12,1.71,0,0.03,3,3,0,4,0.006,33.9,10,0,1,9.1,7,63.6,2,0,0,0,0,0,0,0,1,0.14,0,-3.45,-0.426,0,1618.2,0,0,11.4,11.6,11.4,11.56,-0.16,0.02,0.02,11.6
2025,370,Los Angeles Chargers,1,18,LAC,100,5.223880597014925,491,7,0.09,0.01,0,0,44,6.29,7.33,6,85.7,42,7,15,2.5,0,0.13,1,0,0,2,0.004,92.9,3,0,2,28.6,6,85.7,0,0,0,0,0,0,0,0,2,0.33,0,0.86,0.275,0,1914.3,0,0,10.4,10.8,10.4,10.78,-0.38,0.02,0.02,10.8
2025,371,Minnesota Vikings,1,17,MIN,100,5.833333333333333,440,7,0.1,0.02,11.57,81,44,6.29,11,4,57.1,12,3,6,1.5,0,0.06,1,0,0,3,0.007,36.3,5,0,0,0,5,71.4,1,33.3,1,14.3,0,0,0,0,0,0,0,-2.11,0.457,0,1714.3,0,0,8.4,9.2,8.4,9.2,-0.8,0.02,0.02,9.2
2025,372,New England Patriots,1,17,NE,100,6.666666666666667,510,9,0.09,0.02,4.78,43,44,4.89,8.8,5,55.6,30,6,10,2,0,0.01,2,1,0,1,0.002,68.8,7,0,1,11.1,5,55.6,0,0,0,0,0,0,0,0,0,0,0,-1.54,-0.477,0,1488.9,0,0,9.4,8.2,9.4,8.24,1.16,0.02,0.02,8.2
2025,373,New Orleans Saints,1,5,NO,100,6.504065040650407,461,8,0.1,0.02,-0.5,-4,44,5.5,6.29,7,87.5,58,8.29,6,0.86,0,0.16,2,0,0,1,0.002,89.6,6,0,3,37.5,8,100,0,0,1,12.5,0,0,0,0,0,0,0,-0.64,-0.274,0,1537.5,0,0,11.4,14.4,11.4,14.44,-3.04,0.02,0.03,14.4
2025,374,New York Giants,1,18,NYG,100,2.7210884353741496,522,4,0.08,0.01,4.5,18,44,11,11,4,100,26,6.5,1,0.25,0,0.03,0,0,0,2,0.004,112.5,4,0,2,50,4,100,0,25,0,0,1,1,100,0,0,0,0,3.66,0.324,0,3675,0,0,8.4,7.3,8.4,7.29,1.11,0.02,0.01,7.3
2025,375,New York Jets,1,4,NYJ,100,4.697986577181208,551,7,0.08,0.01,6.43,45,44,6.29,11,4,57.1,22,5.5,4,1,0,0.04,1,0,0,3,0.005,75.9,6,0,2,28.6,4,57.1,0,25,0,0,0,0,0,0,0,0,0,-0.99,0.358,0,2128.6,0,0,8.4,8.2,8.4,8.17,0.23,0.02,0.01,8.2
2025,376,Tennessee Titans,1,1,TEN,100,8.870967741935484,457,11,0.1,0.02,4.18,46,44,4,4.89,9,81.8,20,2.22,11,1.22,0,0.11,2,0,0,3,0.007,45.5,8,0,1,9.1,9,81.8,0,0,0,0,0,0,0,0,0,0,0,-2.37,-0.227,0,1127.3,0,0,13.4,15,13.4,14.97,-1.57,0.03,0.03,15
2025,377,Cincinnati Bengals,1,18,CIN,100,3.571428571428571,499,5,0.09,0.01,10,50,43,8.6,14.33,3,60,27,9,4,1.33,0,0.6,1,0,0,2,0.004,87.9,3,0,0,0,3,60,1,50,0,0,0,0,0,0,1,0.33,0,0.62,0.757,0,2800,0,0,7.3,9.6,7.3,9.64,-2.34,0.01,0.02,9.6
2025,378,Green Bay Packers,1,1,GB,100,6.722689075630252,432,8,0.1,0.02,5.13,41,43,5.38,10.75,4,50,21,5.25,7,1.75,0,0.02,3,0,0,4,0.009,26.6,6,0,1,12.5,4,50,0,0,0,0,0,0,0,0,0,0,0,-1.29,-0.408,0,1487.5,0,0,8.3,7.6,8.3,7.6,0.7,0.02,0.02,7.6
2025,379,Houston Texans,1,5,HST,100,3.3557046979865772,554,5,0.08,0.01,8.8,44,43,8.6,10.75,4,80,6,1.5,6,1.5,0,0.01,0,0,0,3,0.005,62.9,5,0,0,0,5,100,0,0,1,20,2,2,100,0,0,0,0,0.69,-0.032,0,2980,0,0,8.3,9,8.3,9.01,-0.71,0.01,0.02,9
2025,380,Los Angeles Rams,1,9,LA,100,4.40251572327044,609,7,0.07,0.01,8.71,61,43,6.14,8.6,5,71.4,14,2.8,5,1,1,0.18,2,0,0,2,0.003,87.2,3,0,0,0,5,71.4,0,0,0,0,0,0,0,0,1,0.2,0,-1.71,0.131,0,2271.4,0,0,15.3,9.5,15.3,9.46,5.84,0.03,0.02,9.5
2025,381,New Orleans Saints,1,2,NO,100,8.94308943089431,461,11,0.09,0.02,8.27,91,43,3.91,8.6,5,45.5,19,3.8,14,2.8,0,0.2,0,0,0,2,0.004,56.3,10,0,0,0,7,63.6,1,0,2,18.2,0,0,0,0,1,0.2,0,-3.81,-0.397,0,1118.2,0,0,9.3,15.2,9.3,15.22,-5.92,0.02,0.03,15.2
2025,382,San Francisco 49ers,1,12,SF,100,3.614457831325301,641,6,0.07,0.01,3.17,19,43,7.17,8.6,5,83.3,35,7,13,2.6,0,0.06,1,0,0,2,0.003,56.9,5,0,1,16.7,5,83.3,0,0,0,0,0,0,0,0,2,0.4,0,1.1,-0.358,0,2766.7,0,0,9.3,8.6,9.3,8.59,0.71,0.01,0.01,8.6
2025,383,Jacksonville Jaguars,1,15,JAX,100,4.3478260869565215,603,7,0.07,0.01,4.86,34,42,6,8.4,5,71.4,17,3.4,5,1,0,0.01,0,0,0,4,0.007,86.6,6,0,1,14.3,6,85.7,0,0,1,14.3,1,1,100,0,0,0,0,-0.39,0.46,0,2300,0,0,9.2,10.1,9.2,10.14,-0.94,0.02,0.02,10.1
2025,384,New York Giants,1,10,NYG,100,4.761904761904762,522,7,0.08,0.01,14.43,101,42,6,10.5,4,57.1,14,3.5,2,0.5,0,0.14,0,2,0,2,0.004,74.7,5,0,1,14.3,6,85.7,2,0,1,14.3,0,0,0,0,0,0,0,-2.73,-0.117,0,2100,0,0,8.2,12.2,8.2,12.24,-4.04,0.02,0.02,12.2
2025,385,San Francisco 49ers,1,2,SF,100,4.819277108433735,641,8,0.07,0.01,5.63,45,42,5.25,7,6,75,12,2,4,0.67,3,0.85,5,1,1,4,0.006,126,7,0,1,12.5,7,87.5,0,0,0,0,3,2,66.7,1,0,0,0,-1.78,0.444,0,2075,0,0,28.2,14.2,28.2,14.24,13.96,0.04,0.02,14.2
2025,386,Washington Commanders,1,18,WAS,100,3.3333333333333335,557,5,0.08,0.01,8,40,42,8.4,10.5,4,80,23,5.75,3,0.75,1,0.97,2,1,0,3,0.005,101.7,5,0,1,20,4,80,1,0,0,0,1,1,100,0,0,0,0,0.7,0.434,0,3000,0,0,14.2,12.9,14.2,12.87,1.33,0.03,0.02,12.9
2025,387,Las Vegas Raiders,1,15,LV,100,2.877697841726619,507,4,0.08,0.01,10.25,41,41,10.25,10.25,4,100,0,0,-1,-0.25,1,0.83,1,0,0,3,0.006,149,4,0,0,0,4,100,1,33.3,0,0,1,1,100,0,0,0,0,2.35,1.614,0,3475,0,0,14.1,11.6,14.1,11.62,2.48,0.03,0.02,11.6
2025,388,Atlanta Falcons,1,1,ATL,100,4.37956204379562,530,6,0.08,0.01,15,90,40,6.67,13.33,3,50,4,1.33,2,0.67,0,0.01,0,0,0,2,0.004,71.5,1,0,0,0,4,66.7,1,0,0,0,2,1,50,0,0,0,0,-3.2,0.1,0,2283.3,0,0,7,8.2,7,8.23,-1.23,0.01,0.02,8.2
2025,389,Buffalo Bills,1,13,BUF,100,4.411764705882353,528,6,0.08,0.01,11.17,67,40,6.67,20,2,33.3,13,6.5,7,3.5,0,0.02,1,1,0,2,0.004,57.6,4,0,0,0,2,33.3,0,50,0,0,1,1,100,0,1,0.5,0,-2.13,0.4,0,2266.7,0,0,6,4.2,6,4.18,1.82,0.01,0.01,4.2
2025,390,Buffalo Bills,1,15,BUF,100,3.6764705882352944,528,5,0.08,0.01,8,40,40,8,13.33,3,60,16,5.33,1,0.33,0,0.03,0,0,0,2,0.004,85.4,5,0,0,0,4,80,0,0,1,20,1,1,100,0,0,0,0,0.45,0.294,0,2720,0,0,7,7.9,7,7.87,-0.87,0.01,0.01,7.9
2025,391,Dallas Cowboys,1,9,DAL,100,3.5211267605633805,522,5,0.08,0.01,5,25,40,8,8,5,100,18,3.6,9,1.8,1,0.94,1,1,1,2,0.004,139.6,2,0,0,0,5,100,0,0,0,0,1,1,100,0,2,0.4,0,0.95,0.512,0,2840,0,0,15,13.7,15,13.69,1.31,0.03,0.03,13.7
2025,392,Los Angeles Rams,1,6,LA,100,7.547169811320755,609,12,0.07,0.02,5.42,65,40,3.33,5,8,66.7,12,1.5,7,0.88,0,0.05,1,0,0,2,0.003,36.8,7,0,0,0,10,83.3,0,0,0,0,3,1,33.3,0,3,0.38,0,-3.47,-0.83,0,1325,0,0,12,15.5,12,15.54,-3.54,0.02,0.03,15.5
2025,393,Tennessee Titans,1,13,TEN,100,4.032258064516129,457,5,0.09,0.01,15.2,76,40,8,13.33,3,60,14,4.67,2,0.67,0,0.22,0,0,0,3,0.007,85.4,2,0,0,0,4,80,2,0,1,20,1,1,100,0,0,0,0,-1.41,0.392,0,2480,0,0,7,11,7,11.02,-4.02,0.02,0.02,11
2025,394,Tennessee Titans,1,15,TEN,100,4.032258064516129,457,5,0.09,0.01,4,20,40,8,8,5,100,20,4,3,0.6,1,1.02,1,1,1,2,0.004,139.6,5,0,1,20,5,100,0,0,0,0,1,1,100,0,0,0,0,1.74,1.065,0,2480,0,0,15,14.5,15,14.51,0.49,0.03,0.03,14.5
2025,395,Buffalo Bills,1,3,BUF,100,8.088235294117647,528,11,0.07,0.02,9.18,101,39,3.55,7.8,5,45.5,31,6.2,6,1.2,0,0.06,2,0,0,2,0.004,54.7,6,0,0,0,8,72.7,1,0,2,18.2,2,0,0,0,2,0.4,0,-4.14,-0.045,0,1236.4,0,0,8.9,13.6,8.9,13.62,-4.72,0.02,0.03,13.6
2025,396,Cincinnati Bengals,1,6,CIN,100,2.857142857142857,499,4,0.08,0.01,14,56,39,9.75,19.5,2,50,3,1.5,1,0.5,0,0.16,0,0,0,2,0.004,84.4,3,0,0,0,2,50,1,50,0,0,1,0,0,0,0,0,0,0.93,0.607,0,3500,0,0,5.9,7.4,5.9,7.37,-1.47,0.01,0.01,7.4
2025,397,Jacksonville Jaguars,1,6,JAX,100,3.1055900621118013,603,5,0.06,0.01,12.2,61,39,7.8,13,3,60,9,3,8,2.67,1,0.96,1,1,1,2,0.003,124.2,5,0,1,20,3,60,0,50,0,0,1,1,100,0,1,0.33,0,-1.47,0.267,0,3220,0,0,12.9,11.8,12.9,11.79,1.11,0.02,0.02,11.8
2025,398,Los Angeles Chargers,1,10,LAC,100,6.7164179104477615,491,9,0.08,0.02,13.67,123,39,4.33,9.75,4,44.4,20,5,16,4,0,0.05,0,0,0,2,0.004,57.2,7,0,1,11.1,7,77.8,2,0,2,22.2,1,1,100,0,1,0.25,0,-4.4,-0.075,0,1488.9,0,0,7.9,12.6,7.9,12.62,-4.72,0.02,0.03,12.6
2025,399,New York Giants,1,15,NYG,100,4.761904761904762,522,7,0.07,0.01,15.71,110,39,5.57,19.5,2,28.6,16,8,8,4,0,0.07,0,1,0,2,0.004,50.3,4,0,1,14.3,5,71.4,3,50,1,14.3,3,1,33.3,0,1,0.5,0,-3.6,-0.298,0,2100,0,0,5.9,8.4,5.9,8.36,-2.46,0.01,0.02,8.4
2025,400,Philadelphia Eagles,1,16,PHI,100,4.137931034482759,537,6,0.07,0.01,11.83,71,39,6.5,13,3,50,27,9,6,2,0,0.08,1,1,0,2,0.004,70.8,3,0,2,33.3,4,66.7,2,33.3,0,0,1,0,0,0,3,1,0,-1.99,-0.567,0,2416.7,0,0,6.9,8.5,6.9,8.47,-1.57,0.01,0.02,8.5
2025,401,Philadelphia Eagles,1,18,PHI,100,4.137931034482759,537,6,0.07,0.01,2.83,17,39,6.5,9.75,4,66.7,35,8.75,9,2.25,0,0,0,0,0,3,0.006,45.1,4,0,2,33.3,5,83.3,0,0,0,0,1,0,0,0,0,0,0,0.08,-0.44,0,2416.7,0,0,7.9,7.4,7.9,7.41,0.49,0.01,0.01,7.4
2025,402,Philadelphia Eagles,1,3,PHI,100,6.206896551724138,537,9,0.07,0.02,7.33,66,39,4.33,6.5,6,66.7,15,2.5,9,1.5,0,1.03,2,2,0,2,0.004,75.7,6,0,0,0,7,77.8,1,0,0,0,2,1,50,0,0,0,0,-2.75,-0.113,0,1611.1,0,0,9.9,17.9,9.9,17.93,-8.03,0.02,0.03,17.9
2025,403,Carolina Panthers,1,12,CAR,100,5.109489051094891,510,7,0.07,0.01,8.71,61,38,5.43,7.6,5,71.4,19,3.8,10,2,0,0.09,0,1,0,1,0.002,44.6,3,0,0,0,6,85.7,1,0,0,0,1,1,100,0,0,0,0,-2.03,-0.266,0,1957.1,0,0,8.8,11.3,8.8,11.35,-2.55,0.02,0.02,11.3
2025,404,Cleveland Browns,1,15,CLV,100,4.23728813559322,435,5,0.09,0.01,14.2,71,38,7.6,12.67,3,60,16,5.33,6,2,0,0.08,0,0,0,2,0.005,83.8,5,0,1,20,4,80,2,33.3,0,0,1,0,0,0,0,0,0,-2.24,0.592,0,2360,0,0,6.8,9.5,6.8,9.53,-2.73,0.02,0.02,9.5
2025,405,Indianapolis Colts,1,13,IND,100,4.49438202247191,650,8,0.06,0.01,18.88,151,38,4.75,12.67,3,37.5,15,5,5,1.67,0,0.09,1,1,0,3,0.005,13.5,6,0,0,0,4,50,4,0,0,0,1,0,0,0,0,0,0,-5.21,-0.197,0,2225,0,0,6.8,7.9,6.8,7.89,-1.09,0.01,0.01,7.9
2025,406,Jacksonville Jaguars,1,11,JAX,100,2.484472049689441,603,4,0.06,0.01,11.5,46,38,9.5,12.67,3,75,8,2.67,1,0.33,0,0.04,0,0,0,2,0.003,104.2,2,0,0,0,3,75,1,33.3,0,0,1,1,100,0,0,0,0,1.36,0.386,0,4025,0,0,6.8,5.5,6.8,5.54,1.26,0.01,0.01,5.5
2025,407,Philadelphia Eagles,1,14,PHI,100,4.827586206896552,537,7,0.07,0.01,18.14,127,38,5.43,12.67,3,42.9,13,4.33,1,0.33,0,0.02,0,0,0,2,0.004,60.4,2,0,0,0,4,57.1,2,0,1,14.3,2,1,50,0,2,0.67,0,-4.23,0.058,0,2071.4,0,0,6.8,7.5,6.8,7.47,-0.67,0.01,0.01,7.5
2025,408,San Francisco 49ers,1,4,SF,100,3.614457831325301,641,6,0.06,0.01,11.67,70,38,6.33,19,2,33.3,8,4,2,1,0,0.06,1,0,0,1,0.002,56.3,3,0,0,0,2,33.3,2,100,0,0,0,0,0,0,0,0,0,-2.13,0.068,0,2766.7,0,0,5.8,5.9,5.8,5.9,-0.1,0.01,0.01,5.9
2025,409,Los Angeles Rams,1,17,LA,100,1.8867924528301887,609,3,0.06,0,10.33,31,37,12.33,12.33,3,100,6,2,-1,-0.33,0,0.01,0,0,0,3,0.005,118.1,3,0,0,0,3,100,0,33.3,0,0,1,1,100,0,1,0.33,0,3.93,1.607,0,5300,0,0,6.7,6.1,6.7,6.15,0.55,0.01,0.01,6.1
2025,410,Las Vegas Raiders,1,11,LV,100,4.316546762589928,507,6,0.07,0.01,3.33,20,37,6.17,9.25,4,66.7,14,3.5,5,1.25,1,1.92,3,1,1,3,0.006,122.9,4,0,0,0,5,83.3,0,50,1,16.7,0,0,0,0,1,0.25,0,-0.47,0.138,0,2316.7,0,0,13.7,20.3,13.7,20.32,-6.62,0.03,0.04,20.3
2025,411,Miami Dolphins,1,6,MIA,100,7.6923076923076925,561,11,0.07,0.02,7.36,81,37,3.36,6.17,6,54.5,9,1.5,3,0.5,1,1.16,4,2,1,1,0.002,91.9,4,0,0,0,8,72.7,1,0,1,9.1,1,0,0,0,0,0,0,-3.91,-0.535,0,1300,0,0,15.7,21.6,15.7,21.56,-5.86,0.03,0.04,21.6
2025,412,San Francisco 49ers,1,7,SF,100,4.819277108433735,641,8,0.06,0.01,7.63,61,37,4.63,7.4,5,62.5,12,2.4,2,0.4,0,0.01,0,0,0,2,0.003,73.4,7,0,2,25,5,62.5,1,0,0,0,1,0,0,0,0,0,0,-3.43,-0.429,0,2075,0,0,8.7,9.6,8.7,9.57,-0.87,0.01,0.01,9.6
2025,413,Atlanta Falcons,1,8,ATL,100,2.9197080291970803,530,4,0.07,0.01,7.75,31,36,9,12,3,75,7,2.33,6,2,0,0.14,1,0,0,2,0.004,102.1,3,0,0,0,3,75,0,50,0,0,1,1,100,0,1,0.33,0,1.62,0.157,0,3425,0,0,6.6,6.9,6.6,6.86,-0.26,0.01,0.01,6.9
2025,414,Cincinnati Bengals,1,3,CIN,100,5,499,7,0.07,0.01,6.86,48,36,5.14,7.2,5,71.4,17,3.4,6,1.2,0,0.35,2,0,0,3,0.006,83,7,0,1,14.3,5,71.4,0,0,0,0,1,1,100,0,0,0,0,-2.25,0.369,0,2000,0,0,8.6,10.2,8.6,10.2,-1.6,0.02,0.02,10.2
2025,415,Cleveland Browns,1,16,CLV,100,7.627118644067797,435,9,0.08,0.02,6.78,61,36,4,7.2,5,55.6,37,7.4,19,3.8,0,0.36,1,0,0,1,0.002,65,9,0,1,11.1,7,77.8,1,0,1,11.1,2,1,50,0,1,0.2,0,-3.27,-0.681,0,1311.1,0,0,8.6,15.6,8.6,15.63,-7.03,0.02,0.04,15.6
2025,416,Green Bay Packers,1,8,GB,100,8.403361344537815,432,10,0.08,0.02,5.8,58,36,3.6,5.14,7,70,9,1.29,2,0.29,0,0.09,0,0,0,2,0.005,75.4,8,0,3,30,10,100,1,0,2,20,5,4,80,0,0,0,0,-3.76,-0.388,0,1190,0,0,10.6,15.1,10.6,15.05,-4.45,0.02,0.03,15.1
2025,417,New England Patriots,1,3,NE,100,4.444444444444445,510,6,0.07,0.01,9.5,57,36,6,12,3,50,12,4,6,2,0,0.01,0,0,0,1,0.002,29.2,5,0,0,0,3,50,0,33.3,0,0,0,0,0,0,1,0.33,0,-2.3,-0.985,0,2233.3,0,0,6.6,6.1,6.6,6.13,0.47,0.01,0.01,6.1
2025,418,Atlanta Falcons,1,7,ATL,100,3.64963503649635,530,5,0.07,0.01,4.6,23,35,7,11.67,3,60,27,9,20,6.67,0,0.01,0,0,0,2,0.004,81.3,4,0,0,0,3,60,0,0,0,0,0,0,0,0,2,0.67,0,0.58,-0.001,0,2740,0,0,6.5,5.2,6.5,5.16,1.34,0.01,0.01,5.2
2025,419,Baltimore Ravens,1,12,BLT,100,4,582,6,0.06,0.01,7.33,44,35,5.83,11.67,3,50,21,7,0,0,0,0.01,0,0,0,2,0.003,68.1,5,0,1,16.7,4,66.7,1,0,1,16.7,1,0,0,0,0,0,0,-1.52,-0.59,0,2500,0,0,6.5,7,6.5,6.97,-0.47,0.01,0.01,7
2025,420,New England Patriots,1,13,NE,100,8.148148148148149,510,11,0.07,0.02,5.27,58,35,3.18,4.38,8,72.7,19,2.38,10,1.25,0,0.17,0,1,0,0,0,75.9,10,0,3,27.3,10,90.9,1,0,1,9.1,4,2,50,0,2,0.25,0,-3.82,-0.58,0,1218.2,0,0,11.5,15.9,11.5,15.92,-4.42,0.02,0.03,15.9
2025,421,New Orleans Saints,1,9,NO,100,4.0650406504065035,461,5,0.08,0.01,15.2,76,35,7,8.75,4,80,2,0.5,-1,-0.25,0,0.25,1,0,0,2,0.004,95.8,4,0,0,0,4,80,1,0,0,0,1,1,100,0,0,0,0,-2.1,0.558,0,2460,0,0,7.5,9.2,7.5,9.16,-1.66,0.02,0.02,9.2
2025,422,Denver Broncos,1,8,DEN,100,4.142011834319527,637,7,0.05,0.01,5.14,36,34,4.86,8.5,4,57.1,26,6.5,8,2,0,0.05,1,0,0,1,0.002,30.4,5,0,1,14.3,5,71.4,1,0,0,0,0,0,0,0,0,0,0,-1.6,-0.037,0,2414.3,0,0,7.4,8.4,7.4,8.41,-1.01,0.01,0.01,8.4
2025,423,Jacksonville Jaguars,1,1,JAX,100,6.211180124223603,603,10,0.06,0.02,11.3,113,34,3.4,6.8,5,50,3,0.6,-2,-0.4,0,0.09,0,0,0,2,0.003,18.3,7,0,1,10,9,90,1,0,0,0,3,1,33.3,0,2,0.4,0,-5.54,-0.687,0,1610,0,0,8.4,16.6,8.4,16.63,-8.23,0.01,0.03,16.6
2025,424,Kansas City Chiefs,1,5,KC,100,4.697986577181208,533,7,0.06,0.01,7.86,55,34,4.86,6.8,5,71.4,17,3.4,15,3,1,0.99,2,1,1,2,0.004,121.4,7,0,1,14.3,6,85.7,0,0,1,14.3,1,1,100,0,1,0.2,0,-2.9,0.004,0,2128.6,0,0,14.4,16.4,14.4,16.43,-2.03,0.03,0.03,16.4
2025,425,Kansas City Chiefs,1,6,KC,100,5.369127516778524,533,8,0.06,0.02,4.5,36,34,4.25,5.67,6,75,21,3.5,4,0.67,1,0.49,1,1,1,4,0.008,121.9,6,0,1,12.5,7,87.5,0,0,1,12.5,2,2,100,1,0,0,0,-2.34,0.283,0,1862.5,0,0,15.4,12.8,15.4,12.8,2.6,0.03,0.02,12.8
2025,426,Los Angeles Rams,1,16,LA,100,2.515723270440252,609,4,0.06,0.01,7.25,29,34,8.5,8.5,4,100,14,3.5,0,0,1,0.99,2,1,1,2,0.003,141.7,2,0,1,25,4,100,0,0,0,0,0,0,0,0,0,0,0,1.01,-0.246,0,3975,0,0,13.4,12.6,13.4,12.63,0.77,0.02,0.02,12.6
2025,427,Las Vegas Raiders,1,4,LV,100,5.755395683453238,507,8,0.07,0.02,11.25,90,34,4.25,8.5,4,50,12,3,2,0.5,0,0.22,3,1,0,1,0.002,61.5,4,0,1,12.5,6,75,1,0,1,12.5,3,1,33.3,0,0,0,0,-4.53,-0.08,0,1737.5,0,0,7.4,11.3,7.4,11.25,-3.85,0.01,0.02,11.3
2025,428,Arizona Cardinals,1,16,ARZ,100,2.5974025974025974,606,4,0.05,0.01,7.75,31,33,8.25,8.25,4,100,2,0.5,2,0.5,1,0.7,2,1,1,3,0.005,140.6,4,0,0,0,4,100,0,0,0,0,3,3,100,0,0,0,0,0.91,1.738,0,3850,0,0,13.3,8.9,13.3,8.93,4.37,0.02,0.01,8.9
2025,429,Atlanta Falcons,1,13,ATL,100,5.109489051094891,530,7,0.06,0.01,8.57,60,33,4.71,6.6,5,71.4,0,0,2,0.4,0,0.02,0,0,0,3,0.006,81.3,5,0,0,0,6,85.7,0,0,0,0,3,2,66.7,0,0,0,0,-3.05,0.267,0,1957.1,0,0,8.3,9.9,8.3,9.93,-1.63,0.02,0.02,9.9
2025,430,Detroit Lions,1,4,DET,100,5.128205128205128,585,8,0.06,0.01,8.5,68,33,4.13,8.25,4,50,12,3,5,1.25,0,0.07,1,0,0,2,0.003,60.9,7,0,1,12.5,7,87.5,1,0,1,12.5,1,0,0,0,0,0,0,-3.56,0.014,0,1950,0,0,7.3,14.3,7.3,14.35,-7.05,0.01,0.02,14.3
2025,431,Green Bay Packers,1,6,GB,100,5.042016806722689,432,6,0.08,0.01,4.33,26,33,5.5,6.6,5,83.3,13,2.6,5,1,1,0.85,2,1,1,2,0.005,129.2,5,0,0,0,6,100,0,0,1,16.7,1,1,100,0,0,0,0,-0.95,0.843,0,1983.3,0,0,14.3,13.7,14.3,13.66,0.64,0.03,0.03,13.7
2025,432,Los Angeles Chargers,1,13,LAC,100,2.2388059701492535,491,3,0.07,0.01,8.67,26,33,11,11,3,100,14,4.67,5,1.67,1,0.98,1,1,1,3,0.006,152.1,3,0,0,0,3,100,0,0,0,0,0,0,0,0,0,0,0,3.05,1.967,0,4466.7,0,0,12.3,11.1,12.3,11.06,1.24,0.03,0.02,11.1
2025,433,Minnesota Vikings,1,4,MIN,100,4.166666666666666,440,5,0.07,0.01,2.4,12,33,6.6,8.25,4,80,28,7,8,2,0,0.02,1,0,0,2,0.005,94.2,3,0,1,20,4,80,0,0,0,0,0,0,0,0,2,0.5,0,0.67,0.163,0,2400,0,0,7.3,6.6,7.3,6.63,0.67,0.02,0.02,6.6
2025,434,Philadelphia Eagles,1,2,PHI,100,6.206896551724138,537,9,0.06,0.02,4.33,39,33,3.67,6.6,5,55.6,23,4.6,16,3.2,0,0.03,1,0,0,1,0.002,63.7,7,0,1,11.1,8,88.9,0,20,3,33.3,1,1,100,0,0,0,0,-3.03,-0.389,0,1611.1,0,0,8.3,13.1,8.3,13.15,-4.85,0.02,0.02,13.1
2025,435,Pittsburgh Steelers,1,11,PIT,100,4.3478260869565215,642,7,0.05,0.01,6,42,33,4.71,8.25,4,57.1,10,2.5,9,2.25,0,0.02,1,0,0,2,0.003,29.8,7,0,0,0,5,71.4,0,0,0,0,0,0,0,0,2,0.5,0,-2.01,-0.964,0,2300,0,0,7.3,8.8,7.3,8.82,-1.52,0.01,0.01,8.8
2025,436,Dallas Cowboys,1,1,DAL,100,3.5211267605633805,522,5,0.06,0.01,3.6,18,32,6.4,6.4,5,100,14,2.8,3,0.6,0,0.01,0,0,0,2,0.004,93.3,3,0,1,20,5,100,0,0,0,0,1,1,100,0,0,0,0,0.15,0.301,0,2840,0,0,8.2,8.3,8.2,8.34,-0.14,0.02,0.02,8.3
2025,437,Los Angeles Rams,1,18,LA,100,3.1446540880503147,609,5,0.05,0.01,3.8,19,32,6.4,6.4,5,100,13,2.6,8,1.6,0,0.01,0,0,0,1,0.002,93.3,4,0,1,20,5,100,0,0,0,0,2,2,100,0,0,0,0,-0.34,0.283,0,3180,0,0,8.2,7.5,8.2,7.49,0.71,0.01,0.01,7.5
2025,438,Las Vegas Raiders,1,3,LV,100,4.316546762589928,507,6,0.06,0.01,1.5,9,32,5.33,5.33,6,100,23,3.83,10,1.67,0,0.03,0,0,0,0,0,88.9,5,0,2,33.3,6,100,0,0,0,0,1,1,100,0,0,0,0,-0.42,-0.108,0,2316.7,0,0,9.2,9.9,9.2,9.87,-0.67,0.02,0.02,9.9
2025,439,Las Vegas Raiders,1,9,LV,100,5.755395683453238,507,8,0.06,0.02,12.5,100,32,4,8,4,50,13,3.25,1,0.25,0,0.03,2,0,0,1,0.002,60.4,6,0,1,12.5,5,62.5,2,33.3,1,12.5,0,0,0,0,0,0,0,-4.5,-0.424,0,1737.5,0,0,7.2,9.1,7.2,9.13,-1.93,0.01,0.02,9.1
2025,440,Dallas Cowboys,1,3,DAL,100,5.633802816901409,522,8,0.06,0.02,5.88,47,31,3.88,7.75,4,50,18,4.5,7,1.75,0,0.31,3,1,0,1,0.002,59.9,5,0,2,25,5,62.5,0,0,1,12.5,1,0,0,0,0,0,0,-3.47,-0.275,0,1775,0,0,7.1,9.5,7.1,9.55,-2.45,0.01,0.02,9.5
2025,441,Los Angeles Rams,1,12,LA,100,7.547169811320755,609,12,0.05,0.02,6.83,82,31,2.58,4.43,7,58.3,31,4.43,11,1.57,0,0.03,1,0,0,2,0.003,23.6,11,0,3,25,9,75,1,0,0,0,4,2,50,0,1,0.14,0,-4.46,-0.753,0,1325,0,0,10.1,11.3,10.1,11.27,-1.17,0.02,0.02,11.3
2025,442,Miami Dolphins,1,4,MIA,100,4.195804195804196,561,6,0.06,0.01,5.5,33,31,5.17,10.33,3,50,18,6,12,4,0,0.01,0,0,0,2,0.004,65.3,5,0,0,0,4,66.7,0,0,1,16.7,0,0,0,0,3,1,0,-1.42,0.303,0,2383.3,0,0,6.1,6.9,6.1,6.9,-0.8,0.01,0.01,6.9
2025,443,New York Giants,1,9,NYG,100,2.7210884353741496,522,4,0.06,0.01,8,32,31,7.75,10.33,3,75,4,1.33,1,0.33,0,0.03,2,0,0,1,0.002,96.9,4,0,0,0,3,75,0,50,0,0,2,2,100,0,0,0,0,0.33,-0.013,0,3675,0,0,6.1,4.9,6.1,4.88,1.22,0.01,0.01,4.9
2025,444,New York Jets,1,3,NYJ,100,2.684563758389262,551,4,0.06,0.01,17,68,31,7.75,15.5,2,50,8,4,2,1,0,0.05,1,0,0,2,0.004,76,4,0,0,0,3,75,1,50,1,25,0,0,0,0,0,0,0,-1.91,0.295,0,3725,0,0,5.1,6.9,5.1,6.93,-1.83,0.01,0.01,6.9
2025,445,Philadelphia Eagles,1,13,PHI,100,5.517241379310345,537,8,0.06,0.01,9.38,75,31,3.88,7.75,4,50,11,2.75,7,1.75,0,0.02,2,2,0,2,0.004,59.9,6,0,1,12.5,5,62.5,0,0,0,0,2,1,50,0,1,0.25,0,-4.45,0.234,0,1812.5,0,0,7.1,7.8,7.1,7.83,-0.73,0.01,0.01,7.8
2025,446,Seattle Seahawks,1,11,SEA,100,3.7037037037037033,603,6,0.05,0.01,6.17,37,31,5.17,7.75,4,66.7,11,2.75,8,2,0,0.03,0,0,0,1,0.002,79.2,3,0,0,0,4,66.7,0,0,0,0,2,2,100,0,3,0.75,0,-1.58,-0.7,0,2700,0,0,7.1,6.2,7.1,6.21,0.89,0.01,0.01,6.2
2025,447,Tampa Bay Buccaneers,1,18,TB,100,3.4722222222222223,552,5,0.06,0.01,9.8,49,31,6.2,7.75,4,80,2,0.5,0,0,1,0.26,1,1,1,2,0.004,132.1,5,0,0,0,5,100,0,0,0,0,2,1,50,0,0,0,0,-2.22,0.167,0,2880,0,0,13.1,10.2,13.1,10.15,2.95,0.02,0.02,10.2
2025,448,Tennessee Titans,1,5,TEN,100,4.838709677419355,457,6,0.07,0.01,4.17,25,31,5.17,7.75,4,66.7,23,5.75,8,2,0,0.07,0,0,0,1,0.002,79.2,5,0,3,50,5,83.3,0,0,0,0,1,1,100,0,1,0.25,0,-1.73,0.016,0,2066.7,0,0,7.1,8.6,7.1,8.56,-1.46,0.02,0.02,8.6
2025,449,Chicago Bears,1,4,CHI,100,5.228758169934641,590,8,0.05,0.01,7.88,63,30,3.75,7.5,4,50,14,3.5,6,1.5,0,0.58,2,1,0,1,0.002,19.8,5,0,1,12.5,5,62.5,0,0,1,12.5,0,0,0,0,0,0,0,-3.9,-0.82,0,1912.5,0,0,7,11.9,7,11.86,-4.86,0.01,0.02,11.9
2025,450,Indianapolis Colts,1,10,IND,100,2.247191011235955,650,4,0.05,0.01,13.75,55,30,7.5,15,2,50,9,4.5,1,0.5,0,0.01,0,0,0,2,0.003,75,4,0,0,0,2,50,1,0,0,0,1,1,100,0,0,0,0,-1.92,0.02,0,4450,0,0,5,3.7,5,3.66,1.34,0.01,0.01,3.7
2025,451,Los Angeles Chargers,1,11,LAC,100,2.2388059701492535,491,3,0.06,0.01,9.33,28,30,10,10,3,100,2,0.67,-1,-0.33,0,0.06,1,0,0,2,0.004,108.3,2,0,0,0,3,100,0,0,0,0,1,1,100,0,0,0,0,2.17,1.402,0,4466.7,0,0,6,5.6,6,5.6,0.4,0.01,0.01,5.6
2025,452,Los Angeles Chargers,1,5,LAC,100,5.223880597014925,491,7,0.06,0.01,13.71,96,30,4.29,15,2,28.6,18,9,6,3,0,0.03,1,1,0,1,0.002,44.9,6,0,1,14.3,4,57.1,2,50,1,14.3,1,0,0,0,0,0,0,-4.56,-0.177,0,1914.3,0,0,5,7.2,5,7.16,-2.16,0.01,0.01,7.2
2025,453,New England Patriots,1,8,NE,100,5.185185185185185,510,7,0.06,0.01,16.71,117,30,4.29,10,3,42.9,7,2.33,3,1,1,0.9,1,1,1,2,0.004,55.7,5,0,0,0,5,71.4,2,0,0,0,3,1,33.3,0,0,0,0,-4.95,-0.337,0,1914.3,0,0,12,13,12,13.01,-1.01,0.02,0.03,13
2025,454,Green Bay Packers,1,11,GB,100,4.201680672268908,432,5,0.07,0.01,10.2,51,29,5.8,9.67,3,60,7,2.33,7,2.33,0,0.01,1,1,0,1,0.002,76.3,4,0,0,0,3,60,1,0,0,0,2,2,100,0,0,0,0,-2.28,0.193,0,2380,0,0,5.9,4.8,5.9,4.79,1.11,0.01,0.01,4.8
2025,455,Minnesota Vikings,1,12,MIN,100,4.166666666666666,440,5,0.07,0.01,12.6,63,29,5.8,9.67,3,60,6,2,6,2,0,0.01,0,0,0,2,0.005,76.3,5,0,0,0,3,60,2,0,0,0,0,0,0,0,0,0,0,-2.93,0.371,0,2400,0,0,5.9,6.2,5.9,6.24,-0.34,0.01,0.01,6.2
2025,456,New Orleans Saints,1,16,NO,100,8.130081300813007,461,10,0.06,0.02,4.2,42,29,2.9,4.14,7,70,16,2.29,8,1.14,0,0.02,1,0,0,0,0,33.3,8,0,0,0,9,90,0,0,0,0,4,2,50,0,2,0.29,0,-3.49,-0.756,0,1230,0,0,9.9,12.2,9.9,12.23,-2.33,0.02,0.03,12.2
2025,457,Tampa Bay Buccaneers,1,5,TB,100,4.166666666666666,552,6,0.05,0.01,3.33,20,29,4.83,7.25,4,66.7,18,4.5,8,2,0,0.01,0,0,0,3,0.005,38.2,6,0,1,16.7,4,66.7,0,0,0,0,2,2,100,0,1,0.25,0,-1.29,-0.346,0,2400,0,0,6.9,5.1,6.9,5.08,1.82,0.01,0.01,5.1
2025,458,Atlanta Falcons,1,6,ATL,100,3.64963503649635,530,5,0.05,0.01,13.2,66,28,5.6,14,2,40,2,1,1,0.5,1,0.95,1,1,1,1,0.002,58.8,2,0,0,0,4,80,1,0,1,20,3,1,33.3,0,0,0,0,-3.46,0.401,0,2740,0,0,10.8,12.2,10.8,12.16,-1.36,0.02,0.02,12.2
2025,459,Cincinnati Bengals,1,14,CIN,100,4.285714285714286,499,6,0.06,0.01,8.33,50,28,4.67,5.6,5,83.3,11,2.2,2,0.4,3,1.89,3,3,3,3,0.006,125.7,4,0,1,16.7,6,100,1,0,0,0,3,2,66.7,0,0,0,0,-3.03,1.362,0,2333.3,0,0,25.8,18.3,25.8,18.35,7.45,0.05,0.04,18.3
2025,460,Cleveland Browns,1,3,CLV,100,4.23728813559322,435,5,0.06,0.01,4.6,23,28,5.6,9.33,3,60,17,5.67,7,2.33,0,0.06,1,0,0,1,0.002,35.8,5,0,1,20,3,60,0,0,0,0,0,0,0,0,1,0.33,0,-1.08,-0.777,0,2360,0,0,5.8,5.4,5.8,5.42,0.38,0.01,0.01,5.4
2025,461,New England Patriots,1,9,NE,100,5.9259259259259265,510,8,0.05,0.02,8.63,69,28,3.5,5.6,5,62.5,-1,-0.2,-1,-0.2,2,1.42,5,4,2,3,0.006,108.3,6,0,0,0,5,62.5,0,0,0,0,4,3,75,1,0,0,0,-4.06,0.745,0,1675,0,0,19.8,14.7,19.8,14.72,5.08,0.04,0.03,14.7
2025,462,Philadelphia Eagles,1,5,PHI,100,5.517241379310345,537,8,0.05,0.01,11.5,92,28,3.5,9.33,3,37.5,9,3,1,0.33,0,0.03,1,0,0,1,0.002,47.9,7,0,0,0,4,50,2,0,1,12.5,0,0,0,0,0,0,0,-4.81,-0.368,0,1812.5,0,0,5.8,7.2,5.8,7.2,-1.4,0.01,0.01,7.2
2025,463,Cleveland Browns,1,1,CLV,100,3.389830508474576,435,4,0.06,0.01,11,44,27,6.75,13.5,2,50,3,1.5,3,1.5,0,0.01,1,1,0,2,0.005,71.9,4,0,0,0,3,75,0,0,0,0,2,1,50,0,0,0,0,-1.87,0.61,0,2950,0,0,4.7,4.7,4.7,4.67,0.03,0.01,0.01,4.7
2025,464,Kansas City Chiefs,1,14,KC,100,4.697986577181208,533,7,0.05,0.01,10.14,71,27,3.86,9,3,42.9,6,2,2,0.67,0,0.04,0,0,0,2,0.004,53.9,5,0,0,0,5,71.4,0,0,1,14.3,2,2,100,0,0,0,0,-4.44,-0.134,0,2128.6,0,0,5.7,9.9,5.7,9.88,-4.18,0.01,0.02,9.9
2025,465,Minnesota Vikings,1,14,MIN,100,5.833333333333333,440,7,0.06,0.02,2.43,17,27,3.86,6.75,4,57.1,29,7.25,13,3.25,0,0.13,1,1,0,2,0.005,65.8,4,0,3,42.9,6,85.7,0,0,2,28.6,1,0,0,0,1,0.25,0,-2.37,-0.344,0,1714.3,0,0,6.7,9.3,6.7,9.33,-2.63,0.02,0.02,9.3
2025,466,New England Patriots,1,6,NE,100,5.9259259259259265,510,8,0.05,0.02,7.13,57,27,3.38,5.4,5,62.5,18,3.6,3,0.6,0,0.82,2,1,0,1,0.002,68.2,6,0,1,12.5,7,87.5,2,0,1,12.5,2,0,0,0,1,0.2,0,-3.97,-0.38,0,1675,0,0,7.7,16.3,7.7,16.29,-8.59,0.02,0.03,16.3
2025,467,New Orleans Saints,1,4,NO,100,3.2520325203252036,461,4,0.06,0.01,8.25,33,27,6.75,9,3,75,15,5,8,2.67,0,0.01,0,0,0,1,0.002,92.7,3,0,0,0,3,75,1,0,0,0,1,1,100,0,0,0,0,-0.96,0.36,0,3075,0,0,5.7,4.7,5.7,4.69,1.01,0.01,0.01,4.7
2025,468,New York Giants,1,16,NYG,100,2.7210884353741496,522,4,0.05,0.01,9,36,27,6.75,9,3,75,11,3.67,6,2,0,0.02,0,0,0,1,0.002,92.7,4,0,0,0,3,75,1,0,0,0,0,0,0,0,0,0,0,-0.95,-0.044,0,3675,0,0,5.7,5.5,5.7,5.5,0.2,0.01,0.01,5.5
2025,469,Cleveland Browns,1,14,CLV,100,5.932203389830509,435,7,0.06,0.02,5.43,38,26,3.71,5.2,5,71.4,12,2.4,3,0.6,1,0.79,1,0,0,2,0.005,116.7,6,0,3,42.9,5,71.4,1,0,0,0,0,0,0,0,0,0,0,-3.57,0.322,0,1685.7,0,0,13.6,14,13.6,13.98,-0.38,0.03,0.03,14
2025,470,Cleveland Browns,1,2,CLV,100,5.932203389830509,435,7,0.06,0.02,7.86,55,26,3.71,8.67,3,42.9,28,9.33,9,3,0,0.72,2,2,0,1,0.002,53.3,5,0,1,14.3,5,71.4,1,0,2,28.6,0,0,0,0,1,0.33,0,-3.81,-0.157,0,1685.7,0,0,5.6,12.7,5.6,12.7,-7.1,0.01,0.03,12.7
2025,471,Los Angeles Rams,1,13,LA,100,1.8867924528301887,609,3,0.04,0,7.33,22,25,8.33,12.5,2,66.7,7,3.5,4,2,0,0.02,0,0,0,2,0.003,92.4,3,0,0,0,2,66.7,0,0,0,0,0,0,0,0,0,0,0,1.31,0.18,0,5300,0,0,4.5,4.3,4.5,4.34,0.16,0.01,0.01,4.3
2025,472,New England Patriots,1,18,NE,100,1.4814814814814816,510,2,0.05,0,-2,-4,25,12.5,12.5,2,100,29,14.5,7,3.5,0,0.01,0,0,0,1,0.002,118.8,2,0,2,100,2,100,0,50,0,0,0,0,0,0,1,0.5,0,7.32,1.346,0,6700,0,0,4.5,3.3,4.5,3.29,1.21,0.01,0.01,3.3
2025,473,New Orleans Saints,1,10,NO,100,2.4390243902439024,461,3,0.05,0.01,3.33,10,25,8.33,8.33,3,100,15,5,5,1.67,0,0,0,0,0,1,0.002,101.4,3,0,0,0,3,100,0,0,0,0,0,0,0,0,0,0,0,2.23,0.473,0,4100,0,0,5.5,5.1,5.5,5.12,0.38,0.01,0.01,5.1
2025,474,New York Giants,1,4,NYG,100,6.802721088435375,522,10,0.05,0.02,7.5,75,25,2.5,8.33,3,30,7,2.33,0,0,0,0.01,0,0,0,2,0.004,0,9,0,0,0,7,70,1,0,3,30,3,1,33.3,0,1,0.33,0,-4.71,-0.99,0,1470,0,0,5.5,10.3,5.5,10.29,-4.79,0.01,0.02,10.3
2025,475,Los Angeles Chargers,1,17,LAC,100,5.970149253731343,491,8,0.05,0.02,5.5,44,24,3,6,4,50,26,6.5,16,4,0,0.02,0,0,0,0,0,56.3,8,0,2,25,4,50,2,0,0,0,0,0,0,0,1,0.25,0,-3.82,-0.718,0,1675,0,0,6.4,6.4,6.4,6.45,-0.05,0.01,0.01,6.4
2025,476,Miami Dolphins,1,2,MIA,100,3.4965034965034967,561,5,0.04,0.01,6.4,32,24,4.8,8,3,60,11,3.67,4,1.33,0,0.02,1,1,0,0,0,72.1,5,0,0,0,3,60,0,0,0,0,0,0,0,0,0,0,0,-2.09,-0.117,0,2860,0,0,5.4,6,5.4,6,-0.6,0.01,0.01,6
2025,477,Minnesota Vikings,1,2,MIN,100,4.166666666666666,440,5,0.05,0.01,10.8,54,24,4.8,8,3,60,4,1.33,1,0.33,0,0.06,2,2,0,2,0.005,72.1,4,0,0,0,3,60,0,0,0,0,0,0,0,0,0,0,0,-3.55,0.296,0,2400,0,0,5.4,6.5,5.4,6.5,-1.1,0.01,0.01,6.5
2025,478,Minnesota Vikings,1,3,MIN,100,5.833333333333333,440,7,0.05,0.02,3.29,23,24,3.43,6,4,57.1,20,5,8,2,0,0.01,0,0,0,0,0,24.4,5,0,2,28.6,4,57.1,0,0,0,0,0,0,0,0,1,0.25,0,-2.98,-1.493,0,1714.3,0,0,6.4,6.5,6.4,6.53,-0.13,0.01,0.01,6.5
2025,479,New Orleans Saints,1,14,NO,100,5.691056910569105,461,7,0.05,0.02,10.14,71,24,3.43,12,2,28.6,18,9,6,3,0,0,1,0,0,1,0.002,41.4,4,0,0,0,3,42.9,0,50,1,14.3,0,0,0,0,0,0,0,-4.97,-0.632,0,1757.1,0,0,4.4,5.7,4.4,5.68,-1.28,0.01,0.01,5.7
2025,480,Baltimore Ravens,1,6,BLT,100,3.3333333333333335,582,5,0.04,0.01,5.4,27,23,4.6,7.67,3,60,22,7.33,8,2.67,0,0.02,1,1,0,1,0.002,71.3,3,0,0,0,3,60,0,0,0,0,0,0,0,0,0,0,0,-2.68,-0.38,0,3000,0,0,5.3,4.9,5.3,4.9,0.4,0.01,0.01,4.9
2025,481,Baltimore Ravens,1,8,BLT,100,6,582,9,0.04,0.02,12.56,113,23,2.56,5.75,4,44.4,2,0.5,2,0.5,0,0.61,3,3,0,1,0.002,51.6,7,0,0,0,5,55.6,2,0,0,0,3,2,66.7,0,0,0,0,-6.08,-0.767,0,1666.7,0,0,6.3,9.9,6.3,9.9,-3.6,0.01,0.02,9.9
2025,482,Buffalo Bills,1,2,BUF,100,2.941176470588235,528,4,0.04,0.01,7.5,30,23,5.75,7.67,3,75,4,1.33,-1,-0.33,1,0.44,1,1,1,2,0.004,128.1,4,0,0,0,3,75,0,0,0,0,0,0,0,0,0,0,0,-1.29,0.897,0,3400,0,0,11.3,7.6,11.3,7.59,3.71,0.02,0.01,7.6
2025,483,Los Angeles Rams,1,11,LA,100,3.1446540880503147,609,5,0.04,0.01,11.4,57,23,4.6,7.67,3,60,6,2,3,1,0,0.44,1,0,0,0,0,71.3,3,0,0,0,3,60,1,0,0,0,0,0,0,0,0,0,0,-4.09,-0.062,0,3180,0,0,5.3,7.7,5.3,7.74,-2.44,0.01,0.01,7.7
2025,484,Minnesota Vikings,1,7,MIN,100,4.166666666666666,440,5,0.05,0.01,4.4,22,23,4.6,5.75,4,80,8,2,3,0.75,0,0.01,0,0,0,0,0,85.8,2,0,1,20,5,100,0,0,0,0,1,0,0,0,0,0,0,-2.11,-0.455,0,2400,0,0,6.3,8.2,6.3,8.2,-1.9,0.01,0.02,8.2
2025,485,Philadelphia Eagles,1,11,PHI,100,6.206896551724138,537,9,0.04,0.02,8.56,77,23,2.56,11.5,2,22.2,10,5,4,2,0,0.02,0,0,0,1,0.002,39.6,4,0,0,0,6,66.7,0,0,3,33.3,1,0,0,0,1,0.5,0,-5.19,-1.047,0,1611.1,0,0,4.3,11.6,4.3,11.56,-7.26,0.01,0.02,11.6
2025,486,Cleveland Browns,1,6,CLV,100,2.5423728813559325,435,3,0.05,0.01,1,3,22,7.33,7.33,3,100,19,6.33,9,3,0,0.01,0,0,0,1,0.002,97.2,3,0,1,33.3,3,100,0,0,0,0,1,1,100,0,0,0,0,1.09,0.694,0,3933.3,0,0,5.2,4.4,5.2,4.4,0.8,0.01,0.01,4.4
2025,487,Miami Dolphins,1,7,MIA,100,2.097902097902098,561,3,0.04,0.01,2.67,8,22,7.33,7.33,3,100,14,4.67,3,1,0,0.03,0,0,0,1,0.002,97.2,1,0,1,33.3,3,100,0,33.3,0,0,0,0,0,0,0,0,0,0.19,0.314,0,4766.7,0,0,5.2,6,5.2,6.05,-0.85,0.01,0.01,6
2025,488,New England Patriots,1,16,NE,100,2.9629629629629632,510,4,0.04,0.01,4,16,22,5.5,5.5,4,100,6,1.5,0,0,0,0.01,0,0,0,2,0.004,89.6,3,0,0,0,4,100,0,0,0,0,0,0,0,0,1,0.25,0,-0.7,-0.595,0,3350,0,0,6.2,7,6.2,6.99,-0.79,0.01,0.01,7
2025,489,New England Patriots,1,2,NE,100,3.7037037037037033,510,5,0.04,0.01,6.2,31,22,4.4,5.5,4,80,7,1.75,2,0.5,0,0.04,0,0,0,1,0.002,45.4,2,0,1,20,4,80,0,0,0,0,0,0,0,0,0,0,0,-2.61,-0.224,0,2680,0,0,6.2,7.2,6.2,7.21,-1.01,0.01,0.01,7.2
2025,490,Seattle Seahawks,1,18,SEA,100,4.320987654320987,603,7,0.04,0.01,6.43,45,22,3.14,7.33,3,42.9,13,4.33,1,0.33,0,0.01,0,0,0,2,0.003,50.9,6,0,1,14.3,5,71.4,0,0,0,0,2,0,0,0,0,0,0,-4.07,-0.203,0,2314.3,0,0,5.2,8.1,5.2,8.14,-2.94,0.01,0.01,8.1
2025,491,Tampa Bay Buccaneers,1,17,TB,100,3.4722222222222223,552,5,0.04,0.01,9.4,47,22,4.4,7.33,3,60,7,2.33,4,1.33,1,1.02,3,1,1,1,0.002,110,4,0,1,20,3,60,1,0,0,0,3,2,66.7,0,0,0,0,-3.35,0.273,0,2880,0,0,11.2,9.8,11.2,9.79,1.41,0.02,0.02,9.8
2025,492,Arizona Cardinals,1,4,ARZ,100,1.948051948051948,606,3,0.03,0,3.67,11,21,7,7,3,100,10,3.33,3,1,0,0.1,1,0,0,1,0.002,95.8,2,0,1,33.3,3,100,0,0,0,0,0,0,0,0,0,0,0,0.56,0.268,0,5133.3,0,0,5.1,6.2,5.1,6.21,-1.11,0.01,0.01,6.2
2025,493,Buffalo Bills,1,16,BUF,100,0.7352941176470588,528,1,0.04,0,-4,-4,21,21,21,1,100,25,25,3,3,0,0,0,0,0,0,0,118.8,1,0,1,100,1,100,0,0,0,0,0,0,0,0,0,0,0,16.51,1.417,0,13600,0,0,3.1,1.5,3.1,1.52,1.58,0.01,0,1.5
2025,494,Buffalo Bills,1,17,BUF,100,4.411764705882353,528,6,0.04,0.01,13.5,81,21,3.5,7,3,50,12,4,6,2,0,0.03,2,1,0,1,0.002,58.3,4,0,1,16.7,4,66.7,1,0,0,0,1,0,0,0,1,0.33,0,-5.48,-0.023,0,2266.7,0,0,5.1,6.6,5.1,6.59,-1.49,0.01,0.01,6.6
2025,495,Green Bay Packers,1,12,GB,100,5.042016806722689,432,6,0.05,0.01,6.67,40,21,3.5,5.25,4,66.7,12,3,3,0.75,0,0,0,0,0,0,0,32.6,3,0,1,16.7,5,83.3,1,0,1,16.7,0,0,0,0,0,0,0,-3.25,-0.779,0,1983.3,0,0,6.1,8.2,6.1,8.16,-2.06,0.01,0.02,8.2
2025,496,Houston Texans,1,16,HST,100,2.684563758389262,554,4,0.04,0.01,10.75,43,21,5.25,10.5,2,50,18,9,2,1,0,0.01,0,0,0,1,0.002,65.6,3,0,0,0,3,75,1,0,0,0,1,0,0,0,0,0,0,-3.55,0.157,0,3725,0,0,4.1,5,4.1,4.98,-0.88,0.01,0.01,5
2025,497,New York Jets,1,14,NYJ,100,3.3557046979865772,551,5,0.04,0.01,2.8,14,21,4.2,5.25,4,80,16,4,1,0.25,0,0.38,1,0,0,1,0.002,84.2,5,0,1,20,5,100,0,0,0,0,1,0,0,0,0,0,0,-1.71,0.148,0,2980,0,0,6.1,10.2,6.1,10.15,-4.05,0.01,0.02,10.2
2025,498,Tampa Bay Buccaneers,1,16,TB,100,5.555555555555555,552,8,0.04,0.01,13.38,107,21,2.63,7,3,37.5,6,2,3,1,0,0.19,1,2,0,1,0.002,45.8,6,0,0,0,6,75,2,0,1,12.5,3,0,0,0,3,1,0,-6.52,-0.431,0,1800,0,0,5.1,11.2,5.1,11.24,-6.14,0.01,0.02,11.2
2025,499,Cleveland Browns,1,7,CLV,100,4.23728813559322,435,5,0.05,0.01,7,35,20,4,6.67,3,60,9,3,5,1.67,0,0.02,0,0,0,1,0.002,29.2,4,0,1,20,4,80,0,0,1,20,2,1,50,0,0,0,0,-3.2,-1.431,0,2360,0,0,5,6.8,5,6.85,-1.85,0.01,0.02,6.8
2025,500,Dallas Cowboys,1,17,DAL,100,4.225352112676056,522,6,0.04,0.01,11,66,20,3.33,10,2,33.3,9,4.5,4,2,0,0.02,0,0,0,1,0.002,43.8,6,0,0,0,5,83.3,1,0,0,0,3,0,0,0,0,0,0,-4.62,-0.603,0,2366.7,0,0,4,7.5,4,7.49,-3.49,0.01,0.01,7.5
2025,501,Green Bay Packers,1,14,GB,100,1.680672268907563,432,2,0.05,0,0.5,1,20,10,10,2,100,19,9.5,3,1.5,0,0.03,1,0,0,2,0.005,108.3,2,0,1,50,2,100,0,0,0,0,0,0,0,0,0,0,0,4.52,1.923,0,5950,0,0,4,3.2,4,3.24,0.76,0.01,0.01,3.2
2025,502,Jacksonville Jaguars,1,3,JAX,100,5.590062111801243,603,9,0.03,0.01,8.78,79,20,2.22,4,5,55.6,11,2.2,7,1.4,0,0.01,0,0,0,1,0.002,21.3,9,0,2,22.2,6,66.7,2,0,0,0,0,0,0,0,0,0,0,-5.27,-0.733,0,1788.9,0,0,7,10.1,7,10.14,-3.14,0.01,0.02,10.1
2025,503,Kansas City Chiefs,1,8,KC,100,6.7114093959731544,533,10,0.04,0.02,4.1,41,20,2,4,5,50,23,4.6,7,1.4,0,0.03,1,0,0,0,0,16.7,7,0,3,30,7,70,0,0,2,20,2,2,100,0,0,0,0,-4.72,-1.585,0,1490,0,0,7,9.5,7,9.54,-2.54,0.01,0.02,9.5
2025,504,Miami Dolphins,1,1,MIA,100,3.4965034965034967,561,5,0.04,0.01,7.2,36,20,4,6.67,3,60,3,1,0,0,0,0.84,1,1,0,1,0.002,68.8,2,0,0,0,4,80,0,0,0,0,2,1,50,0,0,0,0,-3.36,-0.437,0,2860,0,0,5,11,5,11.03,-6.03,0.01,0.02,11
2025,505,Minnesota Vikings,1,13,MIN,100,4.166666666666666,440,5,0.05,0.01,4,20,20,4,6.67,3,60,17,5.67,3,1,0,0.14,1,0,0,2,0.005,68.8,4,0,0,0,5,100,0,0,0,0,2,0,0,0,1,0.33,0,-2.23,0.239,0,2400,0,0,5,8.1,5,8.06,-3.06,0.01,0.02,8.1
2025,506,New Orleans Saints,1,12,NO,100,3.2520325203252036,461,4,0.04,0.01,7.25,29,20,5,6.67,3,75,3,1,2,0.67,0,0.05,0,0,0,1,0.002,85.4,4,0,0,0,4,100,0,0,0,0,1,0,0,0,0,0,0,-2.24,0.111,0,3075,0,0,5,7.2,5,7.18,-2.18,0.01,0.02,7.2
2025,507,Tennessee Titans,1,6,TEN,100,3.225806451612903,457,4,0.04,0.01,3.25,13,20,5,5,4,100,7,1.75,5,1.25,0,0.6,2,0,0,1,0.002,87.5,4,0,0,0,4,100,0,0,0,0,0,0,0,0,0,0,0,-1.28,-0.119,0,3100,0,0,6,10.3,6,10.26,-4.26,0.01,0.02,10.3
2025,508,Minnesota Vikings,1,16,MIN,100,5,440,6,0.04,0.01,14.83,89,19,3.17,6.33,3,50,2,0.67,1,0.33,0,0.02,0,0,0,0,0,56.9,6,0,0,0,5,83.3,2,0,1,16.7,1,0,0,0,0,0,0,-5.57,-0.379,0,2000,0,0,4.9,10.8,4.9,10.82,-5.92,0.01,0.02,10.8
2025,509,Baltimore Ravens,1,14,BLT,100,3.3333333333333335,582,5,0.03,0.01,1.8,9,18,3.6,6,3,60,15,5,6,2,0,0.05,1,0,0,0,0,67.1,3,0,1,20,4,80,0,0,0,0,1,0,0,0,0,0,0,-2.41,-0.339,0,3000,0,0,4.8,6.5,4.8,6.47,-1.67,0.01,0.01,6.5
2025,510,Philadelphia Eagles,1,15,PHI,100,3.4482758620689653,537,5,0.03,0.01,4.4,22,18,3.6,4.5,4,80,5,1.25,5,1.25,0,0,0,0,0,2,0.004,42.1,5,0,1,20,4,80,0,0,0,0,1,1,100,0,0,0,0,-2.61,-0.652,0,2900,0,0,5.8,6,5.8,6.03,-0.23,0.01,0.01,6
2025,511,Tampa Bay Buccaneers,1,6,TB,100,4.166666666666666,552,6,0.03,0.01,5.67,34,18,3,6,3,50,9,3,4,1.33,0,0.03,1,0,0,1,0.002,16.7,5,0,0,0,4,66.7,0,0,0,0,3,1,33.3,0,0,0,0,-3.9,-1.042,0,2400,0,0,4.8,5.7,4.8,5.67,-0.87,0.01,0.01,5.7
2025,512,Green Bay Packers,1,10,GB,100,2.5210084033613445,432,3,0.04,0.01,2.67,8,17,5.67,8.5,2,66.7,13,6.5,2,1,0,0,0,0,0,1,0.002,81.3,2,0,1,33.3,2,66.7,0,0,0,0,0,0,0,0,0,0,0,-0.5,-0.02,0,3966.7,0,0,3.7,3.4,3.7,3.44,0.26,0.01,0.01,3.4
2025,513,Buffalo Bills,1,10,BUF,100,2.941176470588235,528,4,0.03,0.01,11.25,45,16,4,8,2,50,0,0,0,0,1,1,1,1,1,2,0.004,100,4,0,0,0,2,50,1,0,0,0,1,1,100,0,0,0,0,-4.67,0.818,0,3400,0,0,9.6,9.4,9.6,9.45,0.15,0.02,0.02,9.4
2025,514,Carolina Panthers,1,17,CAR,100,2.9197080291970803,510,4,0.03,0.01,6,24,16,4,8,2,50,6,3,4,2,0,0.01,0,0,0,2,0.004,60.4,4,0,0,0,3,75,0,0,1,25,1,0,0,0,0,0,0,-2.71,0.294,0,3425,0,0,3.6,4.7,3.6,4.73,-1.13,0.01,0.01,4.7
2025,515,Detroit Lions,1,9,DET,100,3.205128205128205,585,5,0.03,0.01,14.6,73,16,3.2,16,1,20,1,1,0,0,0,0.03,0,0,0,1,0.002,40.4,3,0,0,0,3,60,1,0,2,40,1,1,100,0,0,0,0,-6.11,-1.15,0,3120,0,0,2.6,5.7,2.6,5.74,-3.14,0,0.01,5.7
2025,516,Houston Texans,1,4,HST,100,3.3557046979865772,554,5,0.03,0.01,6.8,34,16,3.2,8,2,40,2,1,1,0.5,0,0,0,0,0,0,0,9.2,4,0,0,0,3,60,0,0,0,0,3,2,66.7,0,0,0,0,-3.74,-1.419,0,2980,0,0,3.6,3.3,3.6,3.26,0.34,0.01,0.01,3.3
2025,517,Arizona Cardinals,1,10,ARZ,100,1.948051948051948,606,3,0.02,0,2.33,7,15,5,5,3,100,8,2.67,3,1,0,0.06,1,0,0,1,0.002,87.5,2,0,1,33.3,3,100,0,0,0,0,1,1,100,0,0,0,0,-0.99,0.514,0,5133.3,0,0,4.5,4.6,4.5,4.6,-0.1,0.01,0.01,4.6
2025,518,Denver Broncos,1,1,DEN,100,3.5502958579881656,637,6,0.02,0.01,8.67,52,15,2.5,7.5,2,33.3,14,7,6,3,0,0.01,0,0,0,1,0.002,42.4,5,0,1,16.7,2,33.3,0,0,0,0,0,0,0,0,1,0.5,0,-5.63,-0.139,0,2816.7,0,0,3.5,3.4,3.5,3.35,0.15,0.01,0.01,3.4
2025,519,Los Angeles Chargers,1,6,LAC,100,3.731343283582089,491,5,0.03,0.01,1.8,9,15,3,5,3,60,18,6,4,1.33,0,0.05,1,0,0,2,0.004,25,3,0,1,20,3,60,0,0,0,0,0,0,0,0,1,0.33,0,-2.83,0.313,0,2680,0,0,4.5,4.9,4.5,4.88,-0.38,0.01,0.01,4.9
2025,520,Seattle Seahawks,1,17,SEA,100,2.4691358024691357,603,4,0.02,0.01,6.75,27,15,3.75,7.5,2,50,22,11,7,3.5,0,0.02,1,0,0,1,0.002,19.8,2,0,0,0,2,50,1,0,0,0,0,0,0,0,2,1,0,-3.7,-1.656,0,4050,0,0,3.5,3,3.5,3.05,0.45,0.01,0.01,3
2025,521,Cincinnati Bengals,1,15,CIN,100,2.142857142857143,499,3,0.03,0.01,16.33,49,14,4.67,14,1,33.3,1,1,0,0,0,0.83,1,1,0,1,0.002,49.3,2,0,0,0,2,66.7,1,0,1,33.3,1,1,100,0,0,0,0,-5.94,-0.231,0,4666.7,0,0,2.4,7.9,2.4,7.85,-5.45,0,0.02,7.9
2025,522,Jacksonville Jaguars,1,4,JAX,100,2.484472049689441,603,4,0.02,0.01,7.5,30,14,3.5,14,1,25,0,0,0,0,0,0.01,0,0,0,1,0.002,41.7,2,0,0,0,3,75,0,0,2,50,1,1,100,0,0,0,0,-4.48,-0.099,0,4025,0,0,2.4,5.2,2.4,5.24,-2.84,0,0.01,5.2
2025,523,Philadelphia Eagles,1,1,PHI,100,7.586206896551724,537,11,0.03,0.02,10,110,14,1.27,2.33,6,54.5,17,2.83,5,0.83,0,0.54,0,0,0,0,0,60,7,0,1,9.1,10,90.9,4,0,1,9.1,2,1,50,1,1,0.17,0,-7.17,-0.581,0,1318.2,0,0,7.4,21.3,7.4,21.34,-13.94,0.01,0.04,21.3
2025,524,Denver Broncos,1,6,DEN,100,2.9585798816568047,637,5,0.02,0.01,4,20,13,2.6,4.33,3,60,3,1,1,0.33,0,0.01,0,0,0,0,0,64.6,4,0,0,0,5,100,0,0,1,20,3,1,33.3,0,0,0,0,-3.41,-0.467,0,3380,0,0,4.3,6,4.3,5.95,-1.65,0.01,0.01,6
2025,525,Carolina Panthers,1,4,CAR,100,2.9197080291970803,510,4,0.02,0.01,11.75,47,12,3,6,2,50,2,1,1,0.5,0,0.36,1,0,0,0,0,56.3,4,0,0,0,2,50,0,0,0,0,0,0,0,0,0,0,0,-5.96,-0.404,0,3425,0,0,3.2,5.7,3.2,5.67,-2.47,0.01,0.01,5.7
2025,526,Detroit Lions,1,17,DET,100,1.282051282051282,585,2,0.02,0,0,0,11,5.5,5.5,2,100,11,5.5,1,0.5,0,0,0,0,0,0,0,89.6,2,0,1,50,2,100,0,0,0,0,0,0,0,0,0,0,0,0.15,-0.47,0,7800,0,0,3.1,3.3,3.1,3.29,-0.19,0.01,0.01,3.3
2025,527,Los Angeles Chargers,1,8,LAC,100,2.9850746268656714,491,4,0.02,0.01,7.25,29,11,2.75,5.5,2,50,6,3,6,3,1,0.72,1,1,1,1,0.002,95.8,4,0,0,0,2,50,0,0,0,0,0,0,0,0,1,0.5,0,-4.4,-0.598,0,3350,0,0,9.1,7,9.1,6.98,2.12,0.02,0.01,7
2025,528,San Francisco 49ers,1,18,SF,100,2.4096385542168677,641,4,0.02,0.01,8,32,11,2.75,5.5,2,50,2,1,1,0.5,0,0,1,1,0,1,0.002,56.3,3,0,0,0,2,50,0,0,0,0,0,0,0,0,0,0,0,-4.94,-0.682,0,4150,0,0,3.1,3.7,3.1,3.71,-0.61,0,0.01,3.7
2025,529,Atlanta Falcons,1,10,ATL,100,2.18978102189781,530,3,0.02,0.01,2.67,8,10,3.33,10,1,33.3,9,9,9,9,0,0,0,0,0,1,0.002,43.8,3,0,0,0,3,100,0,0,0,0,3,1,33.3,0,1,1,0,-2.53,-0.527,0,4566.7,0,0,2,2.1,2,2.08,-0.08,0,0,2.1
2025,530,Buffalo Bills,1,18,BUF,100,6.61764705882353,528,9,0.02,0.02,4.22,38,10,1.11,3.33,3,33.3,2,0.67,0,0,0,0.01,0,0,0,1,0.002,42.4,8,0,2,22.2,5,55.6,0,0,1,11.1,1,0,0,0,0,0,0,-5.2,-0.514,0,1511.1,0,0,4,9.7,4,9.68,-5.68,0.01,0.02,9.7
2025,531,Detroit Lions,1,11,DET,100,2.564102564102564,585,4,0.02,0.01,7.75,31,10,2.5,5,2,50,3,1.5,1,0.5,0,0.02,1,0,0,0,0,56.3,4,0,0,0,3,75,0,0,1,25,0,0,0,0,0,0,0,-5.5,-0.648,0,3900,0,0,3,5.1,3,5.14,-2.14,0.01,0.01,5.1
2025,532,Kansas City Chiefs,1,7,KC,100,2.684563758389262,533,4,0.02,0.01,3.5,14,10,2.5,3.33,3,75,12,4,5,1.67,0,0,0,0,0,0,0,77.1,4,0,2,50,3,75,0,0,0,0,1,1,100,0,1,0.33,0,-3.97,-1.106,0,3725,0,0,4,4.3,4,4.27,-0.27,0.01,0.01,4.3
2025,533,Minnesota Vikings,1,18,MIN,100,1.6666666666666667,440,2,0.02,0,4.5,9,10,5,5,2,100,1,0.5,11,5.5,0,0,0,0,0,0,0,87.5,1,0,0,0,2,100,0,0,0,0,1,1,100,0,0,0,0,-1.72,-0.467,0,6000,0,0,3,2.8,3,2.82,0.18,0.01,0.01,2.8
2025,534,Seattle Seahawks,1,15,SEA,100,4.320987654320987,603,7,0.02,0.01,6.43,45,10,1.43,3.33,3,42.9,2,0.67,1,0.33,0,0.01,0,0,0,1,0.002,10.7,6,0,1,14.3,5,71.4,1,0,0,0,3,1,33.3,0,0,0,0,-5.87,-0.465,0,2314.3,0,0,4,7.4,4,7.36,-3.36,0.01,0.01,7.4
2025,535,Denver Broncos,1,17,DEN,100,2.9585798816568047,637,5,0.01,0.01,13.2,66,9,1.8,3,3,60,2,0.67,0,0,0,0.04,1,1,0,1,0.002,64.6,4,0,1,20,3,60,2,0,0,0,0,0,0,0,0,0,0,-5.93,-0.907,0,3380,0,0,3.9,5.5,3.9,5.45,-1.55,0.01,0.01,5.5
2025,536,Green Bay Packers,1,9,GB,100,2.5210084033613445,432,3,0.02,0.01,3,9,9,3,4.5,2,66.7,5,2.5,1,0.5,0,0.02,1,0,0,0,0,70.1,1,0,0,0,2,66.7,0,0,0,0,0,0,0,0,0,0,0,-3.19,-0.239,0,3966.7,0,0,2.9,3.2,2.9,3.23,-0.33,0.01,0.01,3.2
2025,537,Jacksonville Jaguars,1,7,JAX,100,3.1055900621118013,603,5,0.01,0.01,22.6,113,9,1.8,9,1,20,4,4,1,1,0,0.06,1,1,0,0,0,39.6,2,0,0,0,3,60,3,0,1,20,2,0,0,0,0,0,0,-8.97,-0.696,0,3220,0,0,1.9,6.8,1.9,6.76,-4.86,0,0.01,6.8
2025,538,Arizona Cardinals,1,11,ARZ,100,1.2987012987012987,606,2,0.01,0,8.5,17,7,3.5,7,1,50,11,11,4,4,0,0.05,0,0,0,0,0,58.3,1,0,1,50,1,50,1,0,0,0,0,0,0,0,0,0,0,-5.29,-0.618,0,7700,0,0,1.7,2.1,1.7,2.09,-0.39,0,0,2.1
2025,539,Cleveland Browns,1,10,CLV,100,2.5423728813559325,435,3,0.02,0.01,2,6,7,2.33,3.5,2,66.7,7,3.5,4,2,0,0.01,0,0,0,0,0,70.1,3,0,1,33.3,2,66.7,0,0,0,0,0,0,0,0,0,0,0,-3.54,-0.742,0,3933.3,0,0,2.7,3.2,2.7,3.19,-0.49,0.01,0.01,3.2
2025,540,Tennessee Titans,1,16,TEN,100,1.6129032258064515,457,2,0.01,0,7,14,6,3,6,1,50,0,0,0,0,0,0.01,0,0,0,0,0,56.3,1,0,0,0,1,50,0,0,0,0,0,0,0,0,0,0,0,-4.41,-0.828,0,6200,0,0,1.6,1.9,1.6,1.92,-0.32,0,0,1.9
2025,541,Pittsburgh Steelers,1,13,PIT,100,1.2422360248447204,642,2,0.01,0,3.5,7,5,2.5,5,1,50,0,0,0,0,0,0.06,0,0,0,0,0,56.3,2,0,0,0,2,100,0,0,0,0,2,1,50,0,0,0,0,-3.35,-0.73,0,8050,0,0,1.5,2.2,1.5,2.24,-0.74,0,0,2.2
2025,542,New York Giants,1,8,NYG,100,2.0408163265306123,522,3,0.01,0.01,7,21,3,1,3,1,33.3,8,8,0,0,0,0.01,0,0,0,0,0,42.4,1,0,1,33.3,3,100,1,0,0,0,2,0,0,0,0,0,0,-6.32,-0.594,0,4900,0,0,1.3,4,1.3,3.99,-2.69,0,0.01,4
2025,543,New Orleans Saints,1,3,NO,100,0.8130081300813009,461,1,0,0,-6,-6,2,2,2,1,100,8,8,1,1,0,0.03,0,0,0,1,0.002,79.2,1,0,1,100,1,100,0,0,0,0,0,0,0,0,0,0,0,-1.74,0.786,0,12300,0,0,1.2,2,1.2,1.97,-0.77,0,0,2
2025,544,Cincinnati Bengals,1,11,CIN,100,1.4285714285714286,499,2,0,0,19,38,0,0,0,0,0,0,0,0,0,0,0,0,0,0,0,0,39.6,2,0,0,0,1,50,1,0,0,0,1,0,0,0,0,0,0,-10.2,-1.057,0,7000,0,0,0,1.2,0,1.23,-1.23,0,0,1.2
Exported from Data Suite 2.0 by michaelgingrave (user 380) on 2026-09-16 21:44 UTC,,,,,,,,,,,,,,,,,,,,,,,,,,,,,,,,,,,,,,,,,,,,,,,,,,,,,,,,,,,,,