,Player Details,Player Details,Player Details,Player Details,Player Details,Splits,Splits,Splits,Receiving,Receiving,Receiving,Receiving,Receiving,Receiving,Receiving,Receiving,Receiving,Receiving,Receiving,Receiving,Receiving,FP,FP
Season,Rank,Name,Team,POS,G,WEEK,OPP,TGT %,TGT,TGT %,REC,YDS,TM YDS %,YPR,YPT,CR %,TD,TM TD %,i10,i20 TGT,FUM,FP,FP/G
2022,,League Avg,,,,,,,3.486068111455108,10.560526315789458,2.2987616099071206,27.480650154798763,12.046362229102177,11.95,7.88,65.9,0.17027863777089783,9.493730650154797,0.18111455108359134,0.43808049535603716,0.015479876160990712,6.219504643962841,6.219504643962841
2022,1,Justin Jefferson,MIN,WR,1,14,DET,22.388059701492537,15,36.6,11,223,53.7,20.27,14.87,73.3,0,0,0,1,1,33.3,33.3
2022,2,Mike Evans,TB,WR,1,17,CAR,30,12,26.7,10,207,47.9,20.7,17.25,83.3,3,100,0,1,0,48.7,48.7
2022,3,A.J. Brown,PHI,WR,1,15,CHI,28.57142857142857,16,43.2,9,181,57.5,20.11,11.31,56.3,0,0,0,0,0,27.1,27.1
2022,4,Davante Adams,LV,WR,1,13,LAC,22.641509433962266,12,40,8,177,70.8,22.13,14.75,66.7,2,100,1,1,0,37.7,37.7
2022,5,Evan Engram,JAX,TE,1,14,TEN,31.11111111111111,14,33.3,11,162,44,14.73,11.57,78.6,2,66.7,0,2,0,39.2,39.2
2022,6,Garrett Wilson,NYJ,WR,1,13,MIN,21.53846153846154,14,24.1,8,162,43.9,20.25,11.57,57.1,0,0,1,4,0,24.2,24.2
2022,7,K.J. Osborn,MIN,WR,1,15,IND,37.5,15,27.3,10,157,34.1,15.7,10.47,66.7,1,25,2,3,0,31.7,31.7
2022,8,Jerry Jeudy,DEN,WR,1,18,LAC,13.636363636363635,6,25,5,154,54.4,30.8,25.67,83.3,0,0,0,0,0,24.3,24.3
2022,9,Davante Adams,LV,WR,1,17,SF,16.9811320754717,9,26.5,7,153,41.9,21.86,17,77.8,2,66.7,1,1,0,34.3,34.3
2022,10,Tyreek Hill,MIA,WR,1,13,SF,24.074074074074073,13,38.2,9,146,49.5,16.22,11.23,69.2,1,50,0,0,0,29.6,29.6
2022,11,Jaylen Waddle,MIA,WR,1,16,GB,18.75,6,24,5,143,46.1,28.6,23.83,83.3,1,100,0,0,0,25.3,25.3
2022,12,Justin Jefferson,MIN,WR,1,16,NYG,23.88059701492537,16,33.3,12,133,44.5,11.08,8.31,75,1,33.3,0,2,0,31.3,31.3
2022,13,Tyler Lockett,SEA,WR,1,13,LA,29.72972972972973,11,28.2,9,128,34.9,14.22,11.64,81.8,1,33.3,0,1,0,27.8,27.8
2022,14,Tee Higgins,CIN,WR,1,16,NE,32.142857142857146,9,17.3,8,128,34.1,16,14.22,88.9,1,33.3,2,3,0,26.8,26.8
2022,15,DK Metcalf,SEA,WR,1,13,LA,16.666666666666664,8,20.5,8,127,34.6,15.88,15.88,100,1,33.3,1,2,0,26.7,26.7
2022,16,CeeDee Lamb,DAL,WR,1,15,JAX,13.725490196078432,7,23.3,7,126,49.2,18,18,100,0,0,0,0,0,19.7,19.7
2022,17,DeVonta Smith,PHI,WR,1,15,CHI,14.035087719298245,8,21.6,5,126,40,25.2,15.75,62.5,0,0,0,1,0,17.6,17.6
2022,18,Chris Moore,HST,WR,1,14,DAL,29.72972972972973,11,40.7,10,124,58.2,12.4,11.27,90.9,0,0,1,1,0,22.4,22.4
2022,19,Justin Jefferson,MIN,WR,1,15,IND,23.88059701492537,16,29.1,12,123,26.7,10.25,7.69,75,1,25,2,2,0,30.3,30.3
2022,20,George Kittle,SF,TE,1,16,WAS,18.181818181818183,6,27.3,6,120,51.3,20,20,100,2,100,0,2,0,30,30
2022,21,Chris Godwin,TB,WR,1,17,CAR,16.071428571428573,9,20,9,120,27.8,13.33,13.33,100,0,0,0,0,1,22,22
2022,22,CeeDee Lamb,DAL,WR,1,16,PHI,21.568627450980394,11,31.4,10,120,34.6,12,10.91,90.9,2,66.7,2,2,0,34,34
2022,23,Drake London,ATL,WR,1,18,TB,17.02127659574468,8,26.7,6,120,53.6,20,15,75,0,0,1,2,0,18,18
2022,24,A.J. Brown,PHI,WR,1,13,TEN,17.857142857142858,10,24.4,8,119,30.4,14.88,11.9,80,2,66.7,0,0,0,31.9,31.9
2022,25,Ja'Marr Chase,CIN,WR,1,14,CLV,23.214285714285715,13,39.4,10,119,49.8,11.9,9.15,76.9,1,50,0,3,0,28.5,28.5
2022,26,D.J. Moore,CAR,WR,1,17,TB,28.57142857142857,8,21.6,6,117,36.9,19.5,14.63,75,1,33.3,0,0,0,23.7,23.7
2022,27,K.J. Osborn,MIN,WR,1,18,CHI,15,6,18.2,5,117,34.3,23.4,19.5,83.3,0,0,0,0,0,16.7,16.7
2022,28,Jerry Jeudy,DEN,WR,1,16,LA,22.727272727272727,10,28.6,6,117,45.2,19.5,11.7,60,0,0,0,1,0,17.7,17.7
2022,29,Mike Williams,LAC,WR,1,14,MIA,18.75,6,11.8,6,116,31.6,19.33,19.33,100,1,100,1,1,0,23.6,23.6
2022,30,DeVonta Smith,PHI,WR,1,17,NO,22.807017543859647,13,40.6,9,115,42,12.78,8.85,69.2,0,0,0,0,0,20.5,20.5
2022,31,Donovan Peoples-Jones,CLV,WR,1,14,CIN,40.625,13,30.2,8,114,41.3,14.25,8.77,61.5,0,0,1,1,0,19.4,19.4
2022,32,Jaylen Waddle,MIA,WR,1,15,BUF,21.875,7,23.3,3,114,48.7,38,16.29,42.9,1,50,0,0,0,20.4,20.4
2022,33,Amon-Ra St. Brown,DET,WR,1,13,JAX,21.818181818181817,12,29.3,11,114,33.5,10.36,9.5,91.7,2,100,2,4,0,34.6,34.6
2022,34,Travis Kelce,KC,TE,1,16,SEA,16.3265306122449,8,28.6,6,113,50.4,18.83,14.13,75,0,0,0,0,0,17.3,17.3
2022,35,Evan Engram,JAX,TE,1,16,NYJ,17.77777777777778,8,25.8,7,113,49.3,16.14,14.13,87.5,0,0,0,0,0,18.3,18.3
2022,36,DeVonta Smith,PHI,WR,1,16,DAL,21.052631578947366,12,30,8,113,31.8,14.13,9.42,66.7,2,100,1,3,0,31.3,31.3
2022,37,Zay Jones,JAX,WR,1,15,DAL,20,8,19,6,109,34.3,18.17,13.63,75,3,75,2,3,0,34.9,34.9
2022,38,T.J. Hockenson,MIN,TE,1,16,NYG,31.372549019607842,16,33.3,13,109,36.5,8.38,6.81,81.3,2,66.7,0,4,0,35.9,35.9
2022,39,D.J. Chark,DET,WR,1,16,CAR,14.814814814814813,4,9.5,4,108,30.4,27,27,100,0,0,0,0,0,14.8,14.8
2022,40,Brandin Cooks,HST,WR,1,18,IND,28.57142857142857,6,15,5,106,34.1,21.2,17.67,83.3,1,33.3,0,1,0,21.6,21.6
2022,41,Travis Kelce,KC,TE,1,15,HST,20.408163265306122,10,24.4,10,105,31.3,10.5,10.5,100,0,0,0,0,0,20.5,20.5
2022,42,Amari Cooper,CLV,WR,1,17,WAS,10.81081081081081,4,22.2,3,105,62.1,35,26.25,75,2,66.7,0,0,0,25.5,25.5
2022,43,Terry McLaurin,WAS,WR,1,13,NYG,35.294117647058826,12,29.3,8,105,38.2,13.13,8.75,66.7,1,50,0,1,0,24.5,24.5
2022,44,Jahan Dotson,WAS,WR,1,15,NYG,14.705882352941178,5,17.2,4,105,42.2,26.25,21,80,1,100,1,2,0,20.5,20.5
2022,45,Keenan Allen,LAC,WR,1,16,IND,21.53846153846154,14,45.2,11,104,44.3,9.45,7.43,78.6,0,0,1,2,0,21.4,21.4
2022,46,Stefon Diggs,BUF,WR,1,18,NE,28.57142857142857,10,32.3,7,104,40.9,14.86,10.4,70,1,33.3,0,1,0,23.4,23.4
2022,47,Christian Kirk,JAX,WR,1,13,DET,19.047619047619047,8,23.5,6,104,56.2,17.33,13,75,0,0,1,1,0,16.4,16.4
2022,48,Christian Watson,GB,WR,1,18,DET,19.35483870967742,6,22.2,5,104,50.7,20.8,17.33,83.3,0,0,0,0,0,16.6,16.6
2022,49,Tyreek Hill,MIA,WR,1,16,GB,11.11111111111111,6,24,4,103,33.2,25.75,17.17,66.7,0,0,0,0,0,14.3,14.3
2022,50,A.J. Brown,PHI,WR,1,16,DAL,12.5,7,17.5,6,103,29,17.17,14.71,85.7,0,0,0,1,0,16.3,16.3
2022,51,Isaiah Likely,BLT,TE,1,18,CIN,44,11,25,8,103,36,12.88,9.36,72.7,0,0,1,2,0,18.3,18.3
2022,52,Keenan Allen,LAC,WR,1,18,DEN,16.923076923076923,11,25,8,102,34.2,12.75,9.27,72.7,2,66.7,1,3,0,30.2,30.2
2022,53,DeVonta Smith,PHI,WR,1,13,TEN,14.035087719298245,8,19.5,5,102,26.1,20.4,12.75,62.5,1,33.3,0,0,0,21.2,21.2
2022,54,Brandon Aiyuk,SF,WR,1,17,LV,30,12,34.3,9,101,35.6,11.22,8.42,75,1,50,1,3,0,26.7,26.7
2022,55,Kendrick Bourne,NE,WR,1,16,CIN,39.130434782608695,9,27.3,6,100,41.7,16.67,11.11,66.7,1,50,1,1,0,24.9,24.9
2022,56,Mark Andrews,BLT,TE,1,17,PIT,30,9,42.9,9,100,76.9,11.11,11.11,100,0,0,0,0,0,19,19
2022,57,CeeDee Lamb,DAL,WR,1,17,TEN,25.49019607843137,13,31.7,11,100,35.5,9.09,7.69,84.6,0,0,0,1,0,21,21
2022,58,Christian Kirk,JAX,WR,1,18,TEN,19.047619047619047,8,25,6,99,46.7,16.5,12.38,75,1,100,0,1,0,21.9,21.9
2022,59,D.J. Chark,DET,WR,1,13,JAX,22.22222222222222,6,14.6,5,98,28.8,19.6,16.33,83.3,0,0,0,0,0,14.8,14.8
2022,60,Diontae Johnson,PIT,WR,1,15,CAR,20.408163265306122,10,45.5,10,98,54.7,9.8,9.8,100,0,0,0,1,0,20,20
2022,61,Greg Dortch,ARZ,WR,1,16,TB,46.15384615384615,12,26.1,10,98,44.3,9.8,8.17,83.3,0,0,0,0,0,22.3,22.3
2022,62,Dawson Knox,BUF,TE,1,15,MIA,34.78260869565217,8,20,6,98,32.2,16.33,12.25,75,1,25,1,1,0,21.8,21.8
2022,63,Garrett Wilson,NYJ,WR,1,15,DET,13.846153846153847,9,25.7,4,98,30.9,24.5,10.89,44.4,0,0,0,1,0,13.8,13.8
2022,64,A.J. Brown,PHI,WR,1,17,NO,14.285714285714285,8,25,4,97,35.4,24.25,12.13,50,1,100,0,0,0,19.7,19.7
2022,65,Ja'Marr Chase,CIN,WR,1,13,KC,14.285714285714285,8,25.8,7,97,33.9,13.86,12.13,87.5,0,0,0,1,0,16.7,16.7
2022,66,Drake London,ATL,WR,1,16,BLT,19.148936170212767,9,27.3,7,96,44,13.71,10.67,77.8,0,0,1,1,1,15.6,15.6
2022,67,Marquise Goodwin,SEA,WR,1,14,CAR,37.5,6,16.7,5,95,36,19,15.83,83.3,1,33.3,0,1,0,20.3,20.3
2022,68,A.J. Brown,PHI,WR,1,18,NYG,16.071428571428573,9,25.7,4,95,41.5,23.75,10.56,44.4,0,0,0,1,0,13.5,13.5
2022,69,Drake London,ATL,WR,1,13,PIT,25.53191489361702,12,50,6,95,56.9,15.83,7.92,50,0,0,1,1,0,15.5,15.5
2022,70,Rashid Shaheed,NO,WR,1,15,ATL,17.391304347826086,4,21.1,3,95,41.1,31.67,23.75,75,1,33.3,0,0,0,18.5,18.5
2022,71,Tyler Higbee,LA,TE,1,16,DEN,30.303030303030305,10,35.7,9,94,40.9,10.44,9.4,90,2,100,2,4,0,30.4,30.4
2022,72,Mike Williams,LAC,WR,1,17,LA,28.125,9,29,7,94,39.3,13.43,10.44,77.8,0,0,0,1,0,16.4,16.4
2022,73,D.J. Chark,DET,WR,1,14,MIN,25.925925925925924,7,17.9,6,94,28.5,15.67,13.43,85.7,1,33.3,0,0,0,21.4,21.4
2022,74,George Kittle,SF,TE,1,15,SEA,15.151515151515152,5,19.2,4,93,42.9,23.25,18.6,80,2,100,0,0,0,25.3,25.3
2022,75,Keenan Allen,LAC,WR,1,14,MIA,20,13,25.5,12,92,25.1,7.67,7.08,92.3,0,0,1,3,0,21.2,21.2
2022,76,Stefon Diggs,BUF,WR,1,13,NE,25.71428571428571,9,27.3,7,92,41.3,13.14,10.22,77.8,1,50,1,2,0,22.2,22.2
2022,77,Christian Kirk,JAX,WR,1,15,DAL,23.809523809523807,10,23.8,6,92,28.9,15.33,9.2,60,0,0,0,1,0,15.2,15.2
2022,78,A.J. Green,ARZ,WR,1,18,SF,45.45454545454545,5,18.5,3,91,43.5,30.33,18.2,60,1,100,0,0,0,18.1,18.1
2022,79,Richie James,NYG,WR,1,16,MIN,30.303030303030305,10,23.8,8,90,26.9,11.25,9,80,0,0,1,1,0,17,17
2022,80,Darius Slayton,NYG,WR,1,13,WAS,29.629629629629626,8,25.8,6,90,45,15,11.25,75,0,0,0,0,0,15,15
2022,81,Isaiah Hodgins,NYG,WR,1,16,MIN,34.375,11,26.2,8,89,26.6,11.13,8.09,72.7,1,100,1,1,0,22.9,22.9
2022,82,Ben Skowronek,LA,WR,1,14,LV,57.14285714285714,8,22.9,7,89,38.7,12.71,11.13,87.5,0,0,0,0,0,15.9,15.9
2022,83,Jalen Nailor,MIN,WR,1,17,GB,33.33333333333333,3,8.6,3,89,34,29.67,29.67,100,1,50,0,1,0,17.9,17.9
2022,84,Garrett Wilson,NYJ,WR,1,18,MIA,26.153846153846157,17,51.5,9,89,57.1,9.89,5.24,52.9,0,0,0,0,0,17.9,17.9
2022,85,Keenan Allen,LAC,WR,1,13,LV,18.461538461538463,12,25.5,6,88,27.4,14.67,7.33,50,1,100,0,1,0,20.8,20.8
2022,86,JuJu Smith-Schuster,KC,WR,1,15,HST,29.411764705882355,10,24.4,10,88,26.2,8.8,8.8,100,0,0,0,1,1,17.8,17.8
2022,87,Dalton Schultz,DAL,TE,1,14,HST,24.390243902439025,10,25.6,6,87,30.6,14.5,8.7,60,0,0,0,1,0,14.7,14.7
2022,88,Keenan Allen,LAC,WR,1,15,TEN,13.846153846153847,9,21.4,8,86,27.5,10.75,9.56,88.9,0,0,0,1,0,16.6,16.6
2022,89,Ja'Marr Chase,CIN,WR,1,18,BLT,21.428571428571427,12,28.6,8,86,40,10.75,7.17,66.7,1,100,0,2,0,22.6,22.6
2022,90,Alec Pierce,IND,WR,1,13,DAL,32,8,21.6,4,86,36.9,21.5,10.75,50,1,50,0,1,0,18.6,18.6
2022,91,Noah Brown,DAL,WR,1,14,HST,20.689655172413794,6,15.4,4,85,29.9,21.25,14.17,66.7,0,0,0,1,0,12.5,12.5
2022,92,Corey Davis,NYJ,WR,1,13,MIN,34.61538461538461,9,15.5,5,85,23,17,9.44,55.6,0,0,1,3,0,13.5,13.5
2022,93,Equanimeous St. Brown,CHI,WR,1,13,GB,44.44444444444444,4,16,3,85,33.5,28.33,21.25,75,0,0,0,0,0,11.6,11.6
2022,94,Greg Dulcich,DEN,TE,1,13,BLT,31.818181818181817,7,31.8,6,85,45,14.17,12.14,85.7,0,0,0,0,0,14.5,14.5
2022,95,Mike Evans,TB,WR,1,15,CIN,20,8,18.2,5,83,26.6,16.6,10.38,62.5,0,0,0,0,0,13.3,13.3
2022,96,Chris Godwin,TB,WR,1,15,CIN,14.285714285714285,8,18.2,8,83,26.6,10.38,10.38,100,1,33.3,1,2,0,22.3,22.3
2022,97,D.J. Moore,CAR,WR,1,16,DET,25,7,31.8,5,83,33.2,16.6,11.86,71.4,1,100,1,2,0,20.1,20.1
2022,98,Jakobi Meyers,NE,WR,1,16,CIN,20.588235294117645,7,21.2,6,83,34.6,13.83,11.86,85.7,1,50,0,0,0,20.3,20.3
2022,99,Teagan Quitoriano,HST,TE,1,18,IND,44.44444444444444,4,10,3,83,26.7,27.67,20.75,75,0,0,0,0,0,11.3,11.3
2022,100,Diontae Johnson,PIT,WR,1,14,BLT,16.3265306122449,8,25.8,6,82,29.7,13.67,10.25,75,0,0,0,0,0,14.2,14.2
2022,101,Tyreek Hill,MIA,WR,1,14,LAC,18.51851851851852,10,35.7,4,81,55.9,20.25,8.1,40,1,100,0,0,0,18.1,18.1
2022,102,DK Metcalf,SEA,WR,1,16,KC,16.666666666666664,8,20,7,81,37.7,11.57,10.13,87.5,0,0,0,1,0,15.1,15.1
2022,103,Brandon Aiyuk,SF,WR,1,16,WAS,17.5,7,31.8,5,81,34.6,16.2,11.57,71.4,0,0,0,0,0,13.1,13.1
2022,104,Gerald Everett,LAC,TE,1,13,LV,22.22222222222222,6,12.8,5,80,24.9,16,13.33,83.3,0,0,0,1,0,13,13
2022,105,Tyler Conklin,NYJ,TE,1,17,SEA,20.689655172413794,6,13,6,80,33.3,13.33,13.33,100,0,0,0,0,0,14,14
2022,106,DeAndre Hopkins,ARZ,WR,1,14,NE,35.714285714285715,10,24.4,7,79,31,11.29,7.9,70,0,0,0,1,1,13.9,13.9
2022,107,Sammy Watkins,BLT,WR,1,18,CIN,80,4,9.1,2,79,27.6,39.5,19.75,50,0,0,0,0,1,8.9,8.9
2022,108,DeVante Parker,NE,WR,1,18,BUF,53.84615384615385,7,17.5,6,79,32.5,13.17,11.29,85.7,2,66.7,1,2,0,25.9,25.9
2022,109,Darius Slayton,NYG,WR,1,16,MIN,22.22222222222222,6,14.3,4,79,23.7,19.75,13.17,66.7,0,0,0,0,0,11.9,11.9
2022,110,Ja'Marr Chase,CIN,WR,1,16,NE,19.642857142857142,11,21.2,8,79,21.1,9.88,7.18,72.7,0,0,0,2,1,14.9,14.9
2022,111,Rashid Shaheed,NO,WR,1,17,PHI,26.08695652173913,6,25,6,79,34.5,13.17,13.17,100,0,0,0,0,0,13.9,13.9
2022,112,George Pickens,PIT,WR,1,14,BLT,12.5,3,9.7,3,78,28.3,26,26,100,0,0,0,0,0,10.8,10.8
2022,113,Garrett Wilson,NYJ,WR,1,14,BUF,10.76923076923077,7,14.9,6,78,29,13,11.14,85.7,0,0,0,0,0,13.8,13.8
2022,114,Trey McBride,ARZ,TE,1,17,ATL,35.714285714285715,10,25,7,78,35.1,11.14,7.8,70,1,100,1,1,0,20.8,20.8
2022,115,Zay Jones,JAX,WR,1,14,TEN,27.500000000000004,11,26.2,8,77,20.9,9.63,7,72.7,1,33.3,0,1,0,21.7,21.7
2022,116,T.J. Hockenson,MIN,TE,1,14,DET,15.686274509803921,8,19.5,6,77,18.6,12.83,9.63,75,0,0,0,0,0,12.7,12.7
2022,117,Jeff Smith,NYJ,WR,1,15,DET,100,5,14.3,4,77,24.3,19.25,15.4,80,0,0,0,1,0,11.7,11.7
2022,118,Terry McLaurin,WAS,WR,1,16,SF,14.705882352941178,5,14.7,4,77,26.6,19.25,15.4,80,1,33.3,1,1,0,17.7,17.7
2022,119,Van Jefferson,LA,WR,1,17,LAC,12.5,3,15.8,3,77,58.3,25.67,25.67,100,0,0,0,0,0,10.7,10.7
2022,120,Mike Williams,LAC,WR,1,16,IND,12.5,4,12.9,4,76,32.3,19,19,100,0,0,0,0,0,11.6,11.6
2022,121,Richie James,NYG,WR,1,17,IND,21.21212121212121,7,29.2,7,76,42.9,10.86,10.86,100,1,50,1,2,0,20.6,20.6
2022,122,Jerry Jeudy,DEN,WR,1,15,ARZ,18.181818181818183,8,30.8,7,76,38.6,10.86,9.5,87.5,0,0,0,0,0,14.6,14.6
2022,123,Pat Freiermuth,PIT,TE,1,13,ATL,19.230769230769234,5,17.9,3,76,38.6,25.33,15.2,60,0,0,0,0,0,10.6,10.6
2022,124,Amon-Ra St. Brown,DET,WR,1,15,NYJ,18.181818181818183,10,26.3,7,76,30.2,10.86,7.6,70,0,0,0,2,0,15.2,15.2
2022,125,Amon-Ra St. Brown,DET,WR,1,16,CAR,20,11,26.2,7,76,21.4,10.86,6.91,63.6,0,0,0,5,0,14.6,14.6
2022,126,Jahan Dotson,WAS,WR,1,16,SF,26.47058823529412,9,26.5,6,76,26.3,12.67,8.44,66.7,1,33.3,1,2,0,19.6,19.6
2022,127,Trent Sherfield,MIA,WR,1,13,SF,18.75,3,8.8,1,75,25.4,75,25,33.3,1,50,0,0,0,14.5,14.5
2022,128,Rashid Shaheed,NO,WR,1,13,TB,17.391304347826086,4,13.8,4,75,30,18.75,18.75,100,0,0,0,0,0,11.5,11.5
2022,129,JuJu Smith-Schuster,KC,WR,1,14,DEN,32.35294117647059,11,26.2,9,74,21,8.22,6.73,81.8,1,33.3,2,2,0,22.4,22.4
2022,130,Terry McLaurin,WAS,WR,1,18,DAL,17.647058823529413,6,31.6,3,74,43.8,24.67,12.33,50,1,100,1,3,0,16.4,16.4
2022,131,Davante Adams,LV,WR,1,18,KC,15.09433962264151,8,22.2,5,73,33.3,14.6,9.13,62.5,0,0,1,1,0,12.3,12.3
2022,132,D.J. Moore,CAR,WR,1,15,PIT,21.428571428571427,6,26.1,5,73,32.4,14.6,12.17,83.3,1,100,1,1,0,18.3,18.3
2022,133,Jerry Jeudy,DEN,WR,1,14,KC,18.181818181818183,8,18.2,8,73,27.8,9.13,9.13,100,3,75,2,3,0,33.3,33.3
2022,134,Amari Cooper,CLV,WR,1,16,NO,27.027027027027028,10,32.3,6,72,53.3,12,7.2,60,0,0,0,2,0,13.2,13.2
2022,135,Darren Waller,LV,TE,1,17,SF,27.77777777777778,5,14.7,3,72,19.7,24,14.4,60,1,33.3,1,1,0,16.2,16.2
2022,136,Cole Kmet,CHI,TE,1,13,GB,25.925925925925924,7,28,6,72,28.3,12,10.29,85.7,0,0,0,0,0,13.2,13.2
2022,137,George Pickens,PIT,WR,1,18,CLV,25,6,20.7,3,72,36.9,24,12,50,1,100,0,0,0,16.2,16.2
2022,138,Jahan Dotson,WAS,WR,1,18,DAL,11.76470588235294,4,21.1,3,72,42.6,24,18,75,0,0,0,0,0,10.2,10.2
2022,139,Travis Kelce,KC,TE,1,14,DEN,18.367346938775512,9,21.4,4,71,20.2,17.75,7.89,44.4,0,0,1,1,0,11.1,11.1
2022,140,Davante Adams,LV,WR,1,14,LA,13.20754716981132,7,35,3,71,51.8,23.67,10.14,42.9,0,0,0,1,0,10.1,10.1
2022,141,Marquez Valdes-Scantling,KC,WR,1,13,CIN,17.857142857142858,5,18.5,2,71,31.8,35.5,14.2,40,0,0,1,1,0,9.1,9.1
2022,142,DK Metcalf,SEA,WR,1,14,CAR,20.833333333333336,10,27.8,5,71,26.9,14.2,7.1,50,1,33.3,0,2,0,18.1,18.1
2022,143,CeeDee Lamb,DAL,WR,1,13,IND,13.725490196078432,7,23.3,5,71,41.8,14.2,10.14,71.4,1,33.3,0,3,0,20.4,20.4
2022,144,Kadarius Toney,KC,WR,1,17,DEN,44.44444444444444,4,9.5,4,71,21.6,17.75,17.75,100,0,0,1,2,0,11.1,11.1
2022,145,Hunter Henry,NE,TE,1,14,ARZ,12,3,8.6,3,70,29.8,23.33,23.33,100,0,0,0,0,0,10,10
2022,146,Jordan Akins,HST,TE,1,18,IND,25.925925925925924,7,17.5,4,70,22.5,17.5,10,57.1,2,66.7,0,2,0,25,25
2022,147,Terry McLaurin,WAS,WR,1,15,NYG,17.647058823529413,6,20.7,6,70,28.1,11.67,11.67,100,0,0,1,1,0,13,13
2022,148,A.J. Brown,PHI,WR,1,14,NYG,10.714285714285714,6,19.4,4,70,32.3,17.5,11.67,66.7,1,50,0,1,0,17,17
2022,149,Shi Smith,CAR,WR,1,17,TB,33.33333333333333,4,10.8,4,70,22.1,17.5,17.5,100,1,33.3,0,1,0,17,17
2022,150,Drake London,ATL,WR,1,15,NO,23.404255319148938,11,42.3,7,70,72.2,10,6.36,63.6,0,0,0,0,1,13,13
2022,151,Tyreek Hill,MIA,WR,1,15,BUF,24.074074074074073,13,43.3,9,69,29.5,7.67,5.31,69.2,1,50,1,2,0,21.9,21.9
2022,152,Lawrence Cager,NYG,TE,1,18,PHI,100,9,22.5,8,69,41.1,8.63,7.67,88.9,0,0,0,0,0,14.9,14.9
2022,153,Tyler Lockett,SEA,WR,1,15,SF,24.324324324324326,9,20.5,7,68,28.6,9.71,7.56,77.8,0,0,0,0,0,13.8,13.8
2022,154,Austin Hooper,TEN,TE,1,14,JAX,20,5,13.2,5,68,26.8,13.6,13.6,100,0,0,0,0,0,11.8,11.8
2022,155,Amon-Ra St. Brown,DET,WR,1,14,MIN,14.545454545454545,8,20.5,6,68,20.6,11.33,8.5,75,0,0,0,0,0,13.4,13.4
2022,156,Chigoziem Okonkwo,TEN,TE,1,13,PHI,20,5,19.2,4,68,43.3,17,13.6,80,0,0,0,0,0,10.8,10.8
2022,157,Mike Williams,LAC,WR,1,15,TEN,25,8,19,4,67,21.4,16.75,8.38,50,0,0,0,0,0,10.7,10.7
2022,158,Dallas Goedert,PHI,TE,1,16,DAL,18.75,3,7.5,3,67,18.9,22.33,22.33,100,0,0,0,0,0,9.7,9.7
2022,159,Justin Watson,KC,WR,1,18,LV,16.666666666666664,2,7.7,1,67,33.2,67,33.5,50,0,0,0,0,0,7.7,7.7
2022,160,Allen Lazard,GB,WR,1,13,CHI,20,6,19.4,5,67,36.8,13.4,11.17,83.3,0,0,0,0,0,11.7,11.7
2022,161,Juwan Johnson,NO,TE,1,15,ATL,37.5,6,31.6,4,67,29,16.75,11.17,66.7,2,66.7,0,2,0,22.7,22.7
2022,162,DeVonta Smith,PHI,WR,1,18,NYG,14.035087719298245,8,22.9,7,67,29.3,9.57,8.38,87.5,0,0,1,2,0,13.7,13.7
2022,163,Kalif Raymond,DET,WR,1,18,GB,30,6,17.6,4,66,31.4,16.5,11,66.7,0,0,0,1,0,10.6,10.6
2022,164,Pat Freiermuth,PIT,TE,1,16,LV,30.76923076923077,8,20.5,7,66,27,9.43,8.25,87.5,0,0,0,1,0,13.6,13.6
2022,165,Treylon Burks,TEN,WR,1,17,DAL,42.10526315789473,8,20.5,4,66,28.4,16.5,8.25,50,0,0,1,1,0,12.6,12.6
2022,166,Adam Thielen,MIN,WR,1,14,DET,28.57142857142857,8,19.5,7,65,15.7,9.29,8.13,87.5,1,50,0,2,0,19.5,19.5
2022,167,Russell Gage,TB,WR,1,16,ARZ,20,6,12.5,5,65,23.1,13,10.83,83.3,0,0,0,0,0,11.5,11.5
2022,168,Jerry Jeudy,DEN,WR,1,13,BLT,9.090909090909092,4,18.2,4,65,34.4,16.25,16.25,100,0,0,0,0,0,10.5,10.5
2022,169,Chris Olave,NO,WR,1,13,TB,23.076923076923077,6,20.7,4,65,26,16.25,10.83,66.7,0,0,0,0,0,10.5,10.5
2022,170,Courtland Sutton,DEN,WR,1,16,LA,35,7,20,5,64,24.7,12.8,9.14,71.4,0,0,0,0,0,11.4,11.4
2022,171,Diontae Johnson,PIT,WR,1,16,LV,14.285714285714285,7,17.9,5,64,26.2,12.8,9.14,71.4,0,0,0,0,0,11.4,11.4
2022,172,DeVonta Smith,PHI,WR,1,14,NYG,14.035087719298245,8,25.8,5,64,29.5,12.8,8,62.5,1,50,0,0,0,17.4,17.4
2022,173,Curtis Samuel,WAS,WR,1,13,NYG,35,7,17.1,6,63,22.9,10.5,9,85.7,0,0,1,1,0,14.6,14.6
2022,174,Chris Godwin,TB,WR,1,13,NO,23.214285714285715,13,24.1,8,63,22.4,7.88,4.85,61.5,0,0,1,3,0,14.3,14.3
2022,175,Chris Godwin,TB,WR,1,16,ARZ,17.857142857142858,10,20.8,8,63,22.4,7.88,6.3,80,0,0,0,0,0,14.3,14.3
2022,176,Hunter Renfrow,LV,WR,1,18,KC,33.33333333333333,7,19.4,7,63,28.8,9,9,100,1,100,0,1,0,19.3,19.3
2022,177,Evan Engram,JAX,TE,1,15,DAL,22.22222222222222,10,23.8,8,62,19.5,7.75,6.2,80,0,0,1,1,0,14.2,14.2
2022,178,Juwan Johnson,NO,TE,1,17,PHI,43.75,7,29.2,5,62,27.1,12.4,8.86,71.4,0,0,0,0,0,11.2,11.2
2022,179,Amon-Ra St. Brown,DET,WR,1,17,CHI,9.090909090909092,5,17.2,4,62,24.3,15.5,12.4,80,0,0,0,0,0,10.2,10.2
2022,180,Jalen Nailor,MIN,WR,1,18,CHI,55.55555555555556,5,15.2,4,62,18.2,15.5,12.4,80,0,0,0,0,0,10.2,10.2
2022,181,Marvin Jones,JAX,WR,1,17,HST,25.925925925925924,7,24.1,6,61,33.7,10.17,8.71,85.7,0,0,0,2,0,12.1,12.1
2022,182,Richie James,NYG,WR,1,14,PHI,24.242424242424242,8,25,7,61,28.2,8.71,7.63,87.5,1,50,0,1,0,19.1,19.1
2022,183,Allen Lazard,GB,WR,1,16,MIA,33.33333333333333,10,26.3,5,61,25.6,12.2,6.1,50,0,0,3,3,0,11.1,11.1
2022,184,Marquise Brown,ARZ,WR,1,17,ATL,26.47058823529412,9,22.5,6,61,27.5,10.17,6.78,66.7,0,0,0,1,0,12.1,12.1
2022,185,Van Jefferson,LA,WR,1,18,SEA,29.166666666666668,7,26.9,3,61,41.5,20.33,8.71,42.9,0,0,0,0,0,9.1,9.1
2022,186,Keenan Allen,LAC,WR,1,17,LA,9.230769230769232,6,19.4,5,60,25.1,12,10,83.3,0,0,0,0,0,11.8,11.8
2022,187,DeAndre Hopkins,ARZ,WR,1,15,DEN,32.142857142857146,9,25,7,60,34.7,8.57,6.67,77.8,0,0,0,0,0,13,13
2022,188,Stefon Diggs,BUF,WR,1,15,MIA,25.71428571428571,9,22.5,5,60,19.7,12,6.67,55.6,0,0,1,1,0,10.7,10.7
2022,189,Tyler Lockett,SEA,WR,1,14,CAR,21.62162162162162,8,22.2,5,60,22.7,12,7.5,62.5,1,33.3,1,1,0,17,17
2022,190,Tyler Boyd,CIN,WR,1,13,KC,22.727272727272727,5,16.1,4,60,21,15,12,80,0,0,0,2,0,10,10
2022,191,Diontae Johnson,PIT,WR,1,13,ATL,20.408163265306122,10,35.7,5,60,30.5,12,6,50,0,0,0,1,0,11,11
2022,192,Michael Pittman,IND,WR,1,15,MIN,35.8974358974359,14,42.4,10,60,33,6,4.29,71.4,0,0,0,1,0,19,19
2022,193,Ja'Marr Chase,CIN,WR,1,15,TB,21.428571428571427,12,30.8,7,60,30,8.57,5,58.3,1,25,2,4,0,19,19
2022,194,Elijah Moore,NYJ,WR,1,14,BUF,33.33333333333333,9,19.1,6,60,22.3,10,6.67,66.7,0,0,0,1,0,12,12
2022,195,Josh Palmer,LAC,WR,1,13,LV,36.666666666666664,11,23.4,7,60,18.7,8.57,5.45,63.6,0,0,0,0,0,13,13
2022,196,Chris Olave,NO,WR,1,18,CAR,42.30769230769231,11,44,5,60,35.1,12,5.45,45.5,1,100,0,0,1,16,16
2022,197,Tyquan Thornton,NE,WR,1,17,MIA,30.434782608695656,7,21.2,3,60,29.4,20,8.57,42.9,1,50,2,2,0,15,15
2022,198,Mike Evans,TB,WR,1,13,NO,10,4,7.4,4,59,21,14.75,14.75,100,0,0,0,0,0,9.9,9.9
2022,199,David Njoku,CLV,TE,1,14,CIN,29.629629629629626,8,18.6,7,59,21.4,8.43,7.38,87.5,1,100,1,2,0,18.7,18.7
2022,200,Russell Gage,TB,WR,1,15,CIN,40,12,27.3,8,59,18.9,7.38,4.92,66.7,2,66.7,4,5,0,25.9,25.9
2022,201,Allen Lazard,GB,WR,1,17,MIN,20,6,22.2,5,59,35.1,11.8,9.83,83.3,0,0,2,2,0,10.9,10.9
2022,202,T.J. Hockenson,MIN,TE,1,17,GB,23.52941176470588,12,34.3,7,59,22.5,8.43,4.92,58.3,0,0,0,1,0,12.9,12.9
2022,203,Brandon Aiyuk,SF,WR,1,18,ARZ,12.5,5,25,4,59,33.1,14.75,11.8,80,0,0,0,0,0,9.9,9.9
2022,204,K.J. Osborn,MIN,WR,1,17,GB,17.5,7,20,7,59,22.5,8.43,8.43,100,1,50,1,1,0,18.9,18.9
2022,205,Amari Cooper,CLV,WR,1,15,BLT,16.216216216216218,6,21.4,4,58,36,14.5,9.67,66.7,0,0,1,1,0,9.8,9.8
2022,206,Darren Waller,LV,TE,1,16,PIT,27.77777777777778,5,16.7,4,58,33.3,14.5,11.6,80,0,0,0,0,0,9.8,9.8
2022,207,Trenton Irwin,CIN,WR,1,14,CLV,18.181818181818183,2,6.1,2,58,24.3,29,29,100,1,50,0,1,0,13.8,13.8
2022,208,Deebo Samuel,SF,WR,1,13,MIA,55.55555555555556,10,24.4,6,58,21.8,9.67,5.8,60,0,0,0,0,0,12.3,12.3
2022,209,Marquise Brown,ARZ,WR,1,16,TB,14.705882352941178,5,10.9,3,57,25.8,19,11.4,60,0,0,0,1,0,8.8,8.8
2022,210,Brandon Aiyuk,SF,WR,1,14,TB,7.5,3,13,2,57,29.2,28.5,19,66.7,1,50,0,0,0,13.7,13.7
2022,211,Cole Kmet,CHI,TE,1,18,MIN,18.51851851851852,5,18.5,4,57,38.8,14.25,11.4,80,1,100,0,1,0,15.7,15.7
2022,212,Brycen Hopkins,LA,TE,1,16,DEN,50,3,10.7,3,57,24.8,19,19,100,0,0,0,0,0,8.7,8.7
2022,213,Amari Rodgers,HST,WR,1,14,DAL,26.666666666666668,4,14.8,4,57,26.8,14.25,14.25,100,1,100,0,0,0,16,16
2022,214,George Pickens,PIT,WR,1,16,LV,20.833333333333336,5,12.8,5,57,23.4,11.4,11.4,100,1,100,0,1,0,16.7,16.7
2022,215,Travis Kelce,KC,TE,1,13,CIN,10.204081632653061,5,18.5,4,56,25.1,14,11.2,80,0,0,0,0,1,8.6,8.6
2022,216,Logan Thomas,WAS,TE,1,17,CLV,29.166666666666668,7,25,6,56,39.2,9.33,8,85.7,0,0,0,1,0,11.6,11.6
2022,217,Kalif Raymond,DET,WR,1,16,CAR,5,1,2.4,1,56,15.8,56,56,100,0,0,0,0,0,7.4,7.4
2022,218,Dalton Schultz,DAL,TE,1,17,TEN,21.951219512195124,9,22,7,56,19.9,8,6.22,77.8,2,100,2,2,0,24.6,24.6
2022,219,D.J. Chark,DET,WR,1,17,CHI,14.814814814814813,4,13.8,2,56,22,28,14,50,0,0,0,0,0,7.6,7.6
2022,220,Gabe Davis,BUF,WR,1,15,MIA,18.75,6,15,4,56,18.4,14,9.33,66.7,0,0,0,1,0,9.6,9.6
2022,221,Tyreek Hill,MIA,WR,1,17,NE,12.962962962962962,7,17.5,4,55,20.8,13.75,7.86,57.1,0,0,0,0,0,15.7,15.7
2022,222,Chris Godwin,TB,WR,1,18,ATL,12.5,7,20.6,6,55,40.4,9.17,7.86,85.7,0,0,0,0,1,10.5,10.5
2022,223,Foster Moreau,LV,TE,1,17,SF,23.076923076923077,3,8.8,3,55,15.1,18.33,18.33,100,0,0,0,0,0,8.5,8.5
2022,224,DK Metcalf,SEA,WR,1,15,SF,18.75,9,20.5,7,55,23.1,7.86,6.11,77.8,0,0,0,0,0,12.5,12.5
2022,225,Terrace Marshall,CAR,WR,1,16,DET,23.076923076923077,3,13.6,2,55,22,27.5,18.33,66.7,0,0,0,0,0,7.5,7.5
2022,226,Trey McBride,ARZ,TE,1,15,DEN,17.857142857142858,5,13.9,4,55,31.8,13.75,11,80,0,0,0,0,0,9.5,9.5
2022,227,Romeo Doubs,GB,WR,1,15,LA,29.411764705882355,5,16.7,5,55,24,11,11,100,0,0,0,1,0,10.5,10.5
2022,228,Tyler Lockett,SEA,WR,1,18,LA,18.91891891891892,7,22.6,4,54,25.4,13.5,7.71,57.1,1,100,0,0,0,15.4,15.4
2022,229,Chris Godwin,TB,WR,1,14,SF,16.071428571428573,9,16.4,5,54,21.3,10.8,6,55.6,0,0,1,1,0,10.4,10.4
2022,230,Freddie Swain,DEN,WR,1,18,LAC,50,3,12.5,2,54,19.1,27,18,66.7,0,0,0,0,0,7.4,7.4
2022,231,Jahan Dotson,WAS,WR,1,13,NYG,26.47058823529412,9,22,5,54,19.6,10.8,6,55.6,1,50,0,0,0,16.4,16.4
2022,232,Chigoziem Okonkwo,TEN,TE,1,15,LAC,20,5,19.2,4,54,29.2,13.5,10.8,80,0,0,0,0,0,10,10
2022,233,Kalif Raymond,DET,WR,1,15,NYJ,30,6,15.8,5,53,21,10.6,8.83,83.3,0,0,0,1,0,10.3,10.3
2022,234,Mark Andrews,BLT,TE,1,13,DEN,20,6,16.2,4,53,26.8,13.25,8.83,66.7,0,0,0,0,0,9.4,9.4
2022,235,Laviska Shenault,CAR,WR,1,16,DET,25,3,13.6,3,53,21.2,17.67,17.67,100,0,0,0,0,0,8.3,8.3
2022,236,Josh Palmer,LAC,WR,1,14,MIA,20,6,11.8,4,53,14.4,13.25,8.83,66.7,0,0,0,0,0,9.3,9.3
2022,237,Chris Olave,NO,WR,1,15,ATL,15.384615384615385,4,21.1,3,53,22.9,17.67,13.25,75,0,0,0,0,0,8.3,8.3
2022,238,George Pickens,PIT,WR,1,15,CAR,16.666666666666664,4,18.2,2,53,29.6,26.5,13.25,50,0,0,0,0,0,7.3,7.3
2022,239,T.Y. Hilton,DAL,WR,1,16,PHI,10,1,2.9,1,52,15,52,52,100,0,0,0,0,0,6.2,6.2
2022,240,Demarcus Robinson,BLT,WR,1,14,PIT,18.181818181818183,6,35.3,5,52,50,10.4,8.67,83.3,0,0,0,0,0,10.2,10.2
2022,241,Hunter Henry,NE,TE,1,17,MIA,24,6,18.2,5,52,25.5,10.4,8.67,83.3,0,0,0,0,0,10.2,10.2
2022,242,Curtis Samuel,WAS,WR,1,16,SF,25,5,14.7,5,52,18,10.4,10.4,100,1,33.3,0,1,0,16.4,16.4
2022,243,Robert Tonyan,GB,TE,1,17,MIN,27.27272727272727,3,11.1,3,52,31,17.33,17.33,100,1,100,0,0,0,14.2,14.2
2022,244,Parris Campbell,IND,WR,1,17,NYG,20,5,18.5,3,52,36.9,17.33,10.4,60,0,0,0,0,0,8.3,8.3
2022,245,CeeDee Lamb,DAL,WR,1,18,WAS,13.725490196078432,7,18.4,5,52,40.6,10.4,7.43,71.4,1,100,0,1,0,16.2,16.2
2022,246,Jaylen Waddle,MIA,WR,1,17,NE,15.625,5,12.5,3,52,19.6,17.33,10.4,60,0,0,0,0,0,8.2,8.2
2022,247,Velus Jones,CHI,WR,1,16,BUF,37.5,3,10.7,2,52,36.1,26,17.33,66.7,0,0,0,0,0,7.2,7.2
2022,248,Amari Cooper,CLV,WR,1,18,PIT,5.405405405405405,2,6.9,2,51,22.2,25.5,25.5,100,0,0,0,0,0,7.1,7.1
2022,249,Tyler Boyd,CIN,WR,1,18,BLT,31.818181818181817,7,16.7,5,51,23.7,10.2,7.29,71.4,0,0,0,2,0,10.1,10.1
2022,250,Josh Reynolds,DET,WR,1,14,MIN,37.5,6,15.4,5,51,15.5,10.2,8.5,83.3,1,33.3,1,1,0,16.1,16.1
2022,251,Brock Wright,DET,TE,1,15,NYJ,18.181818181818183,2,5.3,1,51,20.2,51,25.5,50,1,100,0,0,0,12.1,12.1
2022,252,Terrace Marshall,CAR,WR,1,15,PIT,23.076923076923077,3,13,3,51,22.7,17,17,100,0,0,0,0,0,8.1,8.1
2022,253,Elijah Moore,NYJ,WR,1,15,DET,25.925925925925924,7,20,4,51,16.1,12.75,7.29,57.1,0,0,0,0,0,9.4,9.4
2022,254,T.Y. Hilton,DAL,WR,1,17,TEN,50,5,12.2,4,50,17.7,12.5,10,80,0,0,0,0,0,9,9
2022,255,Robby Anderson,ARZ,WR,1,14,NE,57.14285714285714,4,9.8,4,50,19.6,12.5,12.5,100,0,0,0,1,0,9,9
2022,256,Keelan Cole,LV,WR,1,15,NE,33.33333333333333,2,5.3,2,50,21.6,25,25,100,1,33.3,0,0,0,13,13
2022,257,Tutu Atwell,LA,WR,1,14,LV,32.142857142857146,9,25.7,5,50,21.7,10,5.56,55.6,0,0,0,1,0,9.5,9.5
2022,258,Robert Woods,TEN,WR,1,14,JAX,21.21212121212121,7,18.4,5,49,19.3,9.8,7,71.4,0,0,0,0,0,9.9,9.9
2022,259,MyCole Pruitt,ATL,TE,1,17,ARZ,28.57142857142857,4,15.4,4,49,29,12.25,12.25,100,0,0,0,1,0,8.9,8.9
2022,260,Noah Brown,DAL,WR,1,15,JAX,31.03448275862069,9,30,6,49,19.1,8.17,5.44,66.7,2,66.7,1,3,0,22.9,22.9
2022,261,Jakobi Meyers,NE,WR,1,17,MIA,26.47058823529412,9,27.3,6,49,24,8.17,5.44,66.7,1,50,1,2,0,16.9,16.9
2022,262,N'Keal Harry,CHI,WR,1,13,GB,25,1,4,1,49,19.3,49,49,100,0,0,0,0,0,5.9,5.9
2022,263,Amon-Ra St. Brown,DET,WR,1,18,GB,16.363636363636363,9,26.5,6,49,23.3,8.17,5.44,66.7,0,0,0,1,0,10.9,10.9
2022,264,Josh Palmer,LAC,WR,1,15,TEN,16.666666666666664,5,11.9,5,49,15.7,9.8,9.8,100,0,0,0,0,0,9.9,9.9
2022,265,Charlie Kolar,BLT,TE,1,18,CIN,100,6,13.6,4,49,17.1,12.25,8.17,66.7,0,0,1,1,0,8.9,8.9
2022,266,Christian Watson,GB,WR,1,16,MIA,25.806451612903224,8,21.1,6,49,20.6,8.17,6.13,75,0,0,2,3,0,10.9,10.9
2022,267,Darren Waller,LV,TE,1,15,NE,16.666666666666664,3,7.9,3,48,20.8,16,16,100,1,33.3,0,0,0,13.8,13.8
2022,268,Tutu Atwell,LA,WR,1,13,SEA,17.857142857142858,5,19.2,2,48,27,24,9.6,40,0,0,0,0,0,9.1,9.1
2022,269,Christian Watson,GB,WR,1,13,CHI,19.35483870967742,6,19.4,3,48,26.4,16,8,50,1,100,0,1,0,24.4,24.4
2022,270,Kendrick Bourne,NE,WR,1,14,ARZ,21.73913043478261,5,14.3,5,47,20,9.4,9.4,100,0,0,0,0,0,9.7,9.7
2022,271,Jakobi Meyers,NE,WR,1,15,LV,17.647058823529413,6,19.4,2,47,42,23.5,7.83,33.3,0,0,0,0,0,7.7,7.7
2022,272,Colby Parkinson,SEA,TE,1,18,LA,16.666666666666664,3,9.7,2,47,22.1,23.5,15.67,66.7,0,0,0,0,0,6.7,6.7
2022,273,Drake London,ATL,WR,1,17,ARZ,14.893617021276595,7,26.9,5,47,27.8,9.4,6.71,71.4,0,0,1,1,0,9.7,9.7
2022,274,Chris Moore,HST,WR,1,13,CLV,10.81081081081081,4,10.3,3,46,22.9,15.33,11.5,75,0,0,0,0,0,7.6,7.6
2022,275,Dallas Goedert,PHI,TE,1,18,NYG,43.75,7,20,6,46,20.1,7.67,6.57,85.7,0,0,0,2,0,10.6,10.6
2022,276,Mike Gesicki,MIA,TE,1,18,NYJ,33.33333333333333,5,16.1,4,46,30.3,11.5,9.2,80,0,0,0,1,0,8.6,8.6
2022,277,Jauan Jennings,SF,WR,1,17,LV,17.647058823529413,3,8.6,2,46,16.2,23,15.33,66.7,0,0,0,0,0,6.6,6.6
2022,278,Brandon Aiyuk,SF,WR,1,13,MIA,22.5,9,22,5,46,17.3,9.2,5.11,55.6,0,0,0,0,0,9.6,9.6
2022,279,Brevin Jordan,HST,TE,1,13,CLV,45.45454545454545,5,12.8,4,46,22.9,11.5,9.2,80,0,0,0,0,0,8.6,8.6
2022,280,Christian Watson,GB,WR,1,15,LA,19.35483870967742,6,20,4,46,20.1,11.5,7.67,66.7,0,0,2,3,0,8.6,8.6
2022,281,Phillip Dorsett,HST,WR,1,16,TEN,18.75,3,9.4,3,45,20.6,15,15,100,0,0,0,0,0,7.5,7.5
2022,282,Kendrick Bourne,NE,WR,1,18,BUF,21.73913043478261,5,12.5,4,45,18.5,11.25,9,80,0,0,0,1,0,8.5,8.5
2022,283,Corey Davis,NYJ,WR,1,17,SEA,23.076923076923077,6,13,3,45,18.8,15,7.5,50,0,0,0,0,0,7.5,7.5
2022,284,Dallas Goedert,PHI,TE,1,17,NO,37.5,6,18.8,3,45,16.4,15,7.5,50,0,0,0,0,0,7.5,7.5
2022,285,Mark Andrews,BLT,TE,1,16,ATL,13.333333333333334,4,23.5,3,45,39.1,15,11.25,75,0,0,1,1,0,7.5,7.5
2022,286,Christian Kirk,JAX,WR,1,14,TEN,16.666666666666664,7,16.7,5,45,12.2,9,6.43,71.4,0,0,0,2,0,9.5,9.5
2022,287,Trenton Irwin,CIN,WR,1,16,NE,36.36363636363637,4,7.7,3,45,12,15,11.25,75,2,66.7,1,1,0,19.5,19.5
2022,288,Gabe Davis,BUF,WR,1,16,CHI,18.75,6,23.1,3,45,26.2,15,7.5,50,1,50,0,3,1,12.5,12.5
2022,289,Colby Parkinson,SEA,TE,1,16,KC,22.22222222222222,4,10,3,45,20.9,15,11.25,75,0,0,1,1,0,7.5,7.5
2022,290,Justin Jefferson,MIN,WR,1,13,NYJ,16.417910447761194,11,31.4,7,45,26,6.43,4.09,63.6,1,100,1,2,0,18.6,18.6
2022,291,Albert Okwuegbunam,DEN,TE,1,17,KC,85.71428571428571,6,15.8,3,45,20.3,15,7.5,50,1,100,0,1,0,13.5,13.5
2022,292,Noah Gray,KC,TE,1,14,DEN,30,3,7.1,3,45,12.8,15,15,100,0,0,0,0,0,7.5,7.5
2022,293,Connor Heyward,PIT,TE,1,18,CLV,57.14285714285714,4,13.8,3,45,23.1,15,11.25,75,0,0,1,2,0,8.1,8.1
2022,294,Chigoziem Okonkwo,TEN,TE,1,14,JAX,24,6,15.8,6,45,17.7,7.5,7.5,100,1,50,1,2,0,18.5,18.5
2022,295,Mike Evans,TB,WR,1,14,SF,20,8,14.5,4,44,17.4,11,5.5,50,0,0,1,1,0,8.4,8.4
2022,296,Curtis Samuel,WAS,WR,1,15,NYG,25,5,17.2,3,44,17.7,14.67,8.8,60,0,0,1,1,0,7.5,7.5
2022,297,Isaiah McKenzie,BUF,WR,1,13,NE,25,5,15.2,5,44,19.7,8.8,8.8,100,0,0,0,1,0,9.4,9.4
2022,298,Courtland Sutton,DEN,WR,1,17,KC,25,5,13.2,4,44,19.8,11,8.8,80,0,0,0,1,0,8.4,8.4
2022,299,Isaiah Hodgins,NYG,WR,1,13,WAS,18.75,6,19.4,5,44,22,8.8,7.33,83.3,1,100,1,1,0,15.4,15.4
2022,300,Donovan Peoples-Jones,CLV,WR,1,13,HST,9.375,3,13.6,3,44,33.6,14.67,14.67,100,0,0,0,0,0,7.4,7.4
2022,301,Van Jefferson,LA,WR,1,14,LV,16.666666666666664,4,11.4,2,44,19.1,22,11,50,1,100,0,0,0,12.4,12.4
2022,302,Jaylen Waddle,MIA,WR,1,18,NYJ,15.625,5,16.1,5,44,28.9,8.8,8.8,100,0,0,0,0,0,10.3,10.3
2022,303,Travis Kelce,KC,TE,1,17,DEN,20.408163265306122,10,23.8,7,43,13.1,6.14,4.3,70,0,0,0,0,0,11.3,11.3
2022,304,DeAndre Carter,LAC,WR,1,18,DEN,35.714285714285715,5,11.4,3,43,14.4,14.33,8.6,60,0,0,0,2,1,6.3,6.3
2022,305,Dalton Schultz,DAL,TE,1,16,PHI,9.75609756097561,4,11.4,3,43,12.4,14.33,10.75,75,0,0,0,0,0,7.3,7.3
2022,306,Parris Campbell,IND,WR,1,13,DAL,16,4,10.8,4,43,18.5,10.75,10.75,100,0,0,0,0,0,8.5,8.5
2022,307,Deebo Samuel,SF,WR,1,14,TB,27.77777777777778,5,21.7,4,43,22.1,10.75,8.6,80,0,0,0,1,0,15.4,15.4
2022,308,Jelani Woods,IND,TE,1,16,LAC,27.77777777777778,5,17.2,3,43,30.1,14.33,8.6,60,0,0,0,0,0,7.3,7.3
2022,309,John Brown,BUF,WR,1,18,NE,50,1,3.2,1,42,16.5,42,42,100,1,33.3,0,0,0,11.2,11.2
2022,310,Amari Cooper,CLV,WR,1,14,CIN,16.216216216216218,6,14,2,42,15.2,21,7,33.3,0,0,1,2,0,6.2,6.2
2022,311,Chris Moore,HST,WR,1,15,KC,21.62162162162162,8,27.6,4,42,32.6,10.5,5.25,50,0,0,0,1,0,8.2,8.2
2022,312,Hunter Henry,NE,TE,1,18,BUF,28.000000000000004,7,17.5,6,42,17.3,7,6,85.7,0,0,0,0,0,10.2,10.2
2022,313,David Njoku,CLV,TE,1,18,PIT,18.51851851851852,5,17.2,4,42,18.3,10.5,8.4,80,1,50,1,1,0,14.2,14.2
2022,314,Gerald Everett,LAC,TE,1,15,TEN,22.22222222222222,6,14.3,4,42,13.4,10.5,7,66.7,0,0,0,0,0,8.2,8.2
2022,315,Richie James,NYG,WR,1,15,WAS,15.151515151515152,5,15.6,4,42,26.3,10.5,8.4,80,0,0,0,0,0,8.2,8.2
2022,316,Ray-Ray McCloud,SF,WR,1,17,LV,16.666666666666664,1,2.9,1,42,14.8,42,42,100,0,0,0,0,0,5.2,5.2
2022,317,Hunter Renfrow,LV,WR,1,16,PIT,33.33333333333333,7,23.3,4,42,24.1,10.5,6,57.1,1,100,0,1,0,14.2,14.2
2022,318,Darius Slayton,NYG,WR,1,14,PHI,11.11111111111111,3,9.4,2,42,19.4,21,14,66.7,0,0,0,0,0,6.2,6.2
2022,319,Parris Campbell,IND,WR,1,18,HST,32,8,22.9,6,42,20.1,7,5.25,75,0,0,0,0,0,12.8,12.8
2022,320,Noah Fant,SEA,TE,1,13,LA,22.727272727272727,5,12.8,4,42,11.4,10.5,8.4,80,1,33.3,2,2,0,14.2,14.2
2022,321,Isaiah Hodgins,NYG,WR,1,17,IND,15.625,5,20.8,4,42,23.7,10.5,8.4,80,1,50,1,1,0,14.2,14.2
2022,322,Donovan Peoples-Jones,CLV,WR,1,18,PIT,12.5,4,13.8,2,42,18.3,21,10.5,50,0,0,1,1,0,6.2,6.2
2022,323,Chris Olave,NO,WR,1,17,PHI,19.230769230769234,5,20.8,4,42,18.3,10.5,8.4,80,0,0,0,0,0,8.2,8.2
2022,324,Greg Dulcich,DEN,TE,1,14,KC,31.818181818181817,7,15.9,3,42,16,14,6,42.9,0,0,0,0,0,7.2,7.2
2022,325,Alec Pierce,IND,WR,1,18,HST,16,4,11.4,3,42,20.1,14,10.5,75,0,0,1,1,0,7.2,7.2
2022,326,Chigoziem Okonkwo,TEN,TE,1,18,JAX,16,4,13.8,3,42,23.5,14,10.5,75,1,100,0,0,0,13.2,13.2
2022,327,Daniel Bellinger,NYG,TE,1,17,IND,18.75,3,12.5,3,42,23.7,14,14,100,0,0,0,0,0,7.2,7.2
2022,328,Adam Thielen,MIN,WR,1,15,IND,14.285714285714285,4,7.3,3,41,8.9,13.67,10.25,75,1,25,1,1,0,13.1,13.1
2022,329,C.J. Uzomah,NYJ,TE,1,15,DET,16.666666666666664,2,5.7,2,41,12.9,20.5,20.5,100,2,100,1,1,0,18.1,18.1
2022,330,Demarcus Robinson,BLT,WR,1,13,DEN,24.242424242424242,8,21.6,7,41,20.7,5.86,5.13,87.5,0,0,0,1,0,11.1,11.1
2022,331,Allen Lazard,GB,WR,1,18,DET,20,6,22.2,4,41,20,10.25,6.83,66.7,1,100,0,1,0,14.1,14.1
2022,332,Dawson Knox,BUF,TE,1,14,NYJ,30.434782608695656,7,25.9,4,41,27.9,10.25,5.86,57.1,1,100,0,0,0,14.1,14.1
2022,333,Michael Pittman,IND,WR,1,17,NYG,20.51282051282051,8,29.6,6,41,29.1,6.83,5.13,75,1,100,2,3,0,16.1,16.1
2022,334,Jack Stoll,PHI,TE,1,13,TEN,50,3,7.3,3,41,10.5,13.67,13.67,100,0,0,0,0,0,7.1,7.1
2022,335,Jameson Williams,DET,WR,1,14,MIN,22.22222222222222,2,5.1,1,41,12.4,41,20.5,50,1,33.3,0,0,0,11.1,11.1
2022,336,Rashid Shaheed,NO,WR,1,16,CLV,21.73913043478261,5,33.3,4,41,44.6,10.25,8.2,80,0,0,0,0,0,8.1,8.1
2022,337,Trey McBride,ARZ,TE,1,18,SF,10.714285714285714,3,11.1,3,41,19.6,13.67,13.67,100,0,0,0,0,0,7.1,7.1
2022,338,Robert Woods,TEN,WR,1,18,JAX,15.151515151515152,5,17.2,4,40,22.3,10,8,80,0,0,0,0,0,8,8
2022,339,Sammy Watkins,BLT,WR,1,16,ATL,20,1,5.9,1,40,34.8,40,40,100,0,0,0,0,0,5,5
2022,340,Amari Cooper,CLV,WR,1,13,HST,24.324324324324326,9,40.9,4,40,30.5,10,4.44,44.4,0,0,0,1,0,8,8
2022,341,Kalif Raymond,DET,WR,1,17,CHI,15,3,10.3,3,40,15.7,13.33,13.33,100,0,0,0,1,0,7.4,7.4
2022,342,Mack Hollins,LV,WR,1,15,NE,30.76923076923077,8,21.1,4,40,17.3,10,5,50,1,33.3,1,1,0,14,14
2022,343,Mack Hollins,LV,WR,1,17,SF,11.538461538461538,3,8.8,3,40,11,13.33,13.33,100,0,0,0,1,0,7,7
2022,344,Michael Gallup,DAL,WR,1,14,HST,16.666666666666664,5,12.8,2,40,14.1,20,8,40,0,0,1,1,0,6,6
2022,345,DK Metcalf,SEA,WR,1,18,LA,16.666666666666664,8,25.8,3,40,18.8,13.33,5,37.5,0,0,0,1,0,7,7
2022,346,Noah Fant,SEA,TE,1,17,NYJ,13.636363636363635,3,10.3,2,40,21.9,20,13.33,66.7,0,0,0,0,0,6,6
2022,347,Robert Woods,TEN,WR,1,17,DAL,24.242424242424242,8,20.5,5,39,16.8,7.8,4.88,62.5,1,100,1,3,0,14.9,14.9
2022,348,Brandin Cooks,HST,WR,1,17,JAX,33.33333333333333,7,15.9,4,39,18.5,9.75,5.57,57.1,0,0,0,1,0,7.9,7.9
2022,349,Byron Pringle,CHI,WR,1,15,PHI,25,2,9.1,2,39,25.7,19.5,19.5,100,1,50,0,0,0,11.9,11.9
2022,350,Jordan Akins,HST,TE,1,16,TEN,11.11111111111111,3,9.4,3,39,17.9,13,13,100,0,0,0,0,0,6.9,6.9
2022,351,Brandon Powell,LA,WR,1,13,SEA,26.666666666666668,4,15.4,4,39,21.9,9.75,9.75,100,0,0,0,1,0,12.4,12.4
2022,352,Michael Gallup,DAL,WR,1,17,TEN,13.333333333333334,4,9.8,3,39,13.8,13,9.75,75,0,0,0,0,0,6.9,6.9
2022,353,Durham Smythe,MIA,TE,1,18,NYJ,50,5,16.1,3,39,25.7,13,7.8,60,0,0,0,0,0,6.9,6.9
2022,354,Gabe Davis,BUF,WR,1,18,NE,28.125,9,29,3,39,15.4,13,4.33,33.3,0,0,0,1,0,6.9,6.9
2022,355,Michael Pittman,IND,WR,1,16,LAC,17.94871794871795,7,24.1,4,39,27.3,9.75,5.57,57.1,0,0,0,1,0,7.9,7.9
2022,356,Van Jefferson,LA,WR,1,13,SEA,16.666666666666664,4,15.4,2,39,21.9,19.5,9.75,50,0,0,0,0,0,5.9,5.9
2022,357,Racey McMath,TEN,WR,1,17,DAL,14.285714285714285,1,2.6,1,39,16.8,39,39,100,0,0,0,0,0,4.9,4.9
2022,358,Josh Palmer,LAC,WR,1,18,DEN,16.666666666666664,5,11.4,4,39,13.1,9.75,7.8,80,0,0,0,0,0,9.9,9.9
2022,359,Greg Dulcich,DEN,TE,1,16,LA,31.818181818181817,7,20,4,39,15.1,9.75,5.57,57.1,1,100,0,1,0,13.9,13.9
2022,360,Julio Jones,TB,WR,1,14,SF,47.05882352941176,8,14.5,5,38,15,7.6,4.75,62.5,0,0,1,2,0,8.8,8.8
2022,361,Travis Kelce,KC,TE,1,18,LV,14.285714285714285,7,26.9,6,38,18.8,6.33,5.43,85.7,0,0,2,2,0,9.8,9.8
2022,362,Austin Hooper,TEN,TE,1,18,JAX,16,4,13.8,4,38,21.2,9.5,9.5,100,0,0,0,0,0,7.8,7.8
2022,363,Jordan Akins,HST,TE,1,17,JAX,11.11111111111111,3,6.8,2,38,18,19,12.67,66.7,0,0,0,0,0,5.8,5.8
2022,364,Diontae Johnson,PIT,WR,1,18,CLV,16.3265306122449,8,27.6,2,38,19.5,19,4.75,25,0,0,0,0,0,7.8,7.8
2022,365,Dawson Knox,BUF,TE,1,16,CHI,21.73913043478261,5,19.2,3,38,22.1,12.67,7.6,60,1,50,0,2,0,12.8,12.8
2022,366,Kendall Hinton,DEN,WR,1,14,KC,66.66666666666666,6,13.6,5,38,14.4,7.6,6.33,83.3,0,0,1,2,0,8.8,8.8
2022,367,Isaiah Hodgins,NYG,WR,1,14,PHI,18.75,6,18.8,4,38,17.6,9.5,6.33,66.7,1,50,1,2,0,15.8,15.8
2022,368,Justin Jefferson,MIN,WR,1,18,CHI,7.462686567164178,5,15.2,4,38,11.1,9.5,7.6,80,0,0,1,2,0,7.8,7.8
2022,369,K.J. Osborn,MIN,WR,1,14,DET,12.5,5,12.2,5,38,9.2,7.6,7.6,100,1,50,0,2,0,14.8,14.8
2022,370,Jalen Reagor,MIN,WR,1,13,NYJ,16.666666666666664,1,2.9,1,38,22,38,38,100,0,0,0,0,0,5.6,5.6
2022,371,Jerry Jeudy,DEN,WR,1,17,KC,18.181818181818183,8,21.1,7,38,17.1,5.43,4.75,87.5,0,0,0,0,0,10.8,10.8
2022,372,Stefon Diggs,BUF,WR,1,14,NYJ,14.285714285714285,5,18.5,3,37,25.2,12.33,7.4,60,0,0,0,0,0,6.7,6.7
2022,373,Olamide Zaccheaus,ATL,WR,1,18,TB,31.818181818181817,7,23.3,4,37,16.5,9.25,5.29,57.1,1,50,2,2,0,13.7,13.7
2022,374,Isaiah Hodgins,NYG,WR,1,15,WAS,12.5,4,12.5,4,37,23.1,9.25,9.25,100,0,0,0,0,0,7.7,7.7
2022,375,Quez Watkins,PHI,WR,1,13,TEN,22.22222222222222,6,14.6,5,37,9.5,7.4,6.17,83.3,0,0,0,0,0,8.7,8.7
2022,376,Amari Rodgers,HST,WR,1,16,TEN,13.333333333333334,2,6.3,1,37,17,37,18.5,50,0,0,0,0,0,4.7,4.7
2022,377,Jahan Dotson,WAS,WR,1,17,CLV,20.588235294117645,7,25,3,37,25.9,12.33,5.29,42.9,0,0,0,0,0,6.7,6.7
2022,378,Marcus Johnson,NYG,WR,1,18,PHI,100,6,15,3,36,21.4,12,6,50,0,0,0,0,0,6.6,6.6
2022,379,Jamal Agnew,JAX,WR,1,14,TEN,30,3,7.1,3,36,9.8,12,12,100,0,0,0,0,0,7.4,7.4
2022,380,Michael Gallup,DAL,WR,1,16,PHI,23.333333333333332,7,20,4,36,10.4,9,5.14,57.1,1,33.3,1,2,0,13.6,13.6
2022,381,Colby Parkinson,SEA,TE,1,17,NYJ,38.88888888888889,7,24.1,5,36,19.7,7.2,5.14,71.4,1,50,0,3,0,14.6,14.6
2022,382,Pat Freiermuth,PIT,TE,1,17,BLT,19.230769230769234,5,18.5,3,36,21.4,12,7.2,60,0,0,0,0,0,6.6,6.6
2022,383,Jelani Woods,IND,TE,1,15,MIN,5.555555555555555,1,3,1,36,19.8,36,36,100,0,0,0,0,0,4.6,4.6
2022,384,Romeo Doubs,GB,WR,1,16,MIA,35.294117647058826,6,15.8,3,36,15.1,12,6,50,0,0,0,1,0,6.6,6.6
2022,385,Logan Thomas,WAS,TE,1,16,SF,33.33333333333333,8,23.5,6,35,12.1,5.83,4.38,75,0,0,0,1,0,9.5,9.5
2022,386,Darren Waller,LV,TE,1,18,KC,27.77777777777778,5,13.9,2,35,16,17.5,7,40,0,0,1,2,0,5.5,5.5
2022,387,Tyler Boyd,CIN,WR,1,15,TB,22.727272727272727,5,12.8,5,35,17.5,7,7,100,1,25,1,1,0,14.5,14.5
2022,388,Taysom Hill,NO,TE,1,13,TB,60,3,10.3,2,35,14,17.5,11.67,66.7,1,100,1,1,0,13.3,13.34
2022,389,Mack Hollins,LV,WR,1,13,LAC,30.76923076923077,8,26.7,5,35,14,7,4.38,62.5,0,0,0,0,0,8.5,8.5
2022,390,JuJu Smith-Schuster,KC,WR,1,13,CIN,11.76470588235294,4,14.8,3,35,15.7,11.67,8.75,75,0,0,0,0,0,6.5,6.5
2022,391,JuJu Smith-Schuster,KC,WR,1,18,LV,5.88235294117647,2,7.7,2,35,17.3,17.5,17.5,100,0,0,0,1,0,5.5,5.5
2022,392,Diontae Johnson,PIT,WR,1,17,BLT,12.244897959183673,6,22.2,2,35,20.8,17.5,5.83,33.3,0,0,0,1,0,5.5,5.5
2022,393,Donald Parham,LAC,TE,1,15,TEN,37.5,3,7.1,3,35,11.2,11.67,11.67,100,0,0,0,0,0,6.5,6.5
2022,394,Mitchell Wilcox,CIN,TE,1,16,NE,50,6,11.5,6,35,9.3,5.83,5.83,100,0,0,0,0,0,9.5,9.5
2022,395,Denzel Mims,NYJ,WR,1,14,BUF,55.55555555555556,5,10.6,3,35,13,11.67,7,60,0,0,0,0,0,6.5,6.5
2022,396,Tee Higgins,CIN,WR,1,13,KC,14.285714285714285,4,12.9,3,35,12.2,11.67,8.75,75,1,50,0,1,0,12.5,12.5
2022,397,Nico Collins,HST,WR,1,13,CLV,100,10,25.6,3,35,17.4,11.67,3.5,30,1,100,2,2,0,12.5,12.5
2022,398,DeSean Jackson,BLT,WR,1,14,PIT,16.666666666666664,2,11.8,2,34,32.7,17,17,100,0,0,0,0,0,5.4,5.4
2022,399,Brandin Cooks,HST,WR,1,16,TEN,38.095238095238095,8,25,4,34,15.6,8.5,4.25,50,1,100,1,1,0,13.4,13.4
2022,400,MyCole Pruitt,ATL,TE,1,18,TB,35.714285714285715,5,16.7,3,34,15.2,11.33,6.8,60,1,50,1,2,0,12.4,12.4
2022,401,Trent Taylor,CIN,WR,1,14,CLV,100,4,12.1,1,34,14.2,34,8.5,25,0,0,0,0,0,4.4,4.4
2022,402,Tyler Conklin,NYJ,TE,1,16,JAX,17.24137931034483,5,15.2,4,34,18.7,8.5,6.8,80,0,0,0,0,0,7.4,7.4
2022,403,Byron Pringle,CHI,WR,1,16,BUF,25,2,7.1,2,34,23.6,17,17,100,0,0,0,0,0,5.4,5.4
2022,404,Steven Sims,PIT,WR,1,17,BLT,33.33333333333333,4,14.8,3,34,20.2,11.33,8.5,75,0,0,0,1,0,6.4,6.4
2022,405,Marquise Brown,ARZ,WR,1,14,NE,23.52941176470588,8,19.5,4,34,13.3,8.5,4.25,50,0,0,0,3,0,7.4,7.4
2022,406,Mitchell Wilcox,CIN,TE,1,15,TB,25,3,7.7,3,34,17,11.33,11.33,100,1,25,0,2,0,12.4,12.4
2022,407,Jauan Jennings,SF,WR,1,13,MIA,23.52941176470588,4,9.8,2,34,12.8,17,8.5,50,0,0,0,0,0,5.4,5.4
2022,408,Devin Duvernay,BLT,WR,1,13,DEN,60,6,16.2,6,34,17.2,5.67,5.67,100,0,0,0,1,0,10.3,10.3
2022,409,Kylen Granson,IND,TE,1,15,MIN,25,2,6.1,2,34,18.7,17,17,100,0,0,0,0,0,5.4,5.4
2022,410,Rashid Shaheed,NO,WR,1,18,CAR,17.391304347826086,4,16,3,34,19.9,11.33,8.5,75,0,0,0,0,0,7.1,7.1
2022,411,Austin Hooper,TEN,TE,1,15,LAC,12,3,11.5,2,33,17.8,16.5,11,66.7,0,0,0,0,0,5.3,5.3
2022,412,Tyler Higbee,LA,TE,1,18,SEA,18.181818181818183,6,23.1,4,33,22.4,8.25,5.5,66.7,0,0,0,0,0,7.3,7.3
2022,413,Courtland Sutton,DEN,WR,1,18,LAC,35,7,29.2,3,33,11.7,11,4.71,42.9,1,33.3,0,2,0,12.3,12.3
2022,414,Dalton Schultz,DAL,TE,1,13,IND,14.634146341463413,6,20,2,33,19.4,16.5,5.5,33.3,0,0,0,1,0,5.3,5.3
2022,415,Dalton Schultz,DAL,TE,1,18,WAS,19.51219512195122,8,21.1,4,33,25.8,8.25,4.13,50,0,0,0,0,0,7.3,7.3
2022,416,Russell Gage,TB,WR,1,17,CAR,10,3,6.7,3,33,7.6,11,11,100,0,0,0,1,0,6.3,6.3
2022,417,T.J. Hockenson,MIN,TE,1,13,NYJ,11.76470588235294,6,17.1,4,33,19.1,8.25,5.5,66.7,0,0,0,0,0,7.3,7.3
2022,418,T.J. Hockenson,MIN,TE,1,15,IND,15.686274509803921,8,14.5,3,33,7.2,11,4.13,37.5,0,0,0,0,0,8.3,8.3
2022,419,CeeDee Lamb,DAL,WR,1,14,HST,11.76470588235294,6,15.4,5,33,11.6,6.6,5.5,83.3,0,0,0,0,0,8.3,8.3
2022,420,Tee Higgins,CIN,WR,1,15,TB,28.57142857142857,8,20.5,5,33,16.5,6.6,4.13,62.5,1,25,1,1,0,16.3,16.3
2022,421,Pat Freiermuth,PIT,TE,1,14,BLT,23.076923076923077,6,19.4,3,33,12,11,5.5,50,1,100,1,2,0,12.3,12.3
2022,422,Tommy Tremble,CAR,TE,1,17,TB,30,3,8.1,3,33,10.4,11,11,100,1,33.3,0,1,0,12.3,12.3
2022,423,Skyy Moore,KC,WR,1,17,DEN,57.14285714285714,4,9.5,3,33,10.1,11,8.25,75,0,0,0,0,0,6.3,6.3
2022,424,Marcedes Lewis,GB,TE,1,16,MIA,50,2,5.3,2,32,13.4,16,16,100,1,100,1,1,0,11.2,11.2
2022,425,Randall Cobb,GB,WR,1,15,LA,28.57142857142857,4,13.3,3,32,14,10.67,8,75,0,0,0,0,0,6.2,6.2
2022,426,Nelson Agholor,NE,WR,1,14,ARZ,50,10,28.6,5,32,13.6,6.4,3.2,50,0,0,0,0,0,8.2,8.2
2022,427,Mike Williams,LAC,WR,1,18,DEN,15.625,5,11.4,4,32,10.7,8,6.4,80,0,0,0,2,0,7.2,7.2
2022,428,Jakobi Meyers,NE,WR,1,18,BUF,20.588235294117645,7,17.5,3,32,13.2,10.67,4.57,42.9,1,33.3,1,1,0,12.2,12.2
2022,429,Foster Moreau,LV,TE,1,13,LAC,23.076923076923077,3,10,1,32,12.8,32,10.67,33.3,0,0,0,0,0,4.2,4.2
2022,430,Noah Fant,SEA,TE,1,15,SF,27.27272727272727,6,13.6,5,32,13.4,6.4,5.33,83.3,1,100,1,1,0,14.2,14.2
2022,431,Giovanni Ricci,CAR,TE,1,17,TB,100,1,2.7,1,32,10.1,32,32,100,0,0,0,0,0,4.2,4.2
2022,432,Van Jefferson,LA,WR,1,15,GB,8.333333333333332,2,9.5,2,32,28.8,16,16,100,0,0,0,0,0,5.2,5.2
2022,433,C.J. Uzomah,NYJ,TE,1,13,MIN,8.333333333333332,1,1.7,1,31,8.4,31,31,100,0,0,0,0,0,4.1,4.1
2022,434,Josh Reynolds,DET,WR,1,16,CAR,18.75,3,7.1,2,31,8.7,15.5,10.33,66.7,0,0,1,1,0,5.1,5.1
2022,435,Mark Andrews,BLT,TE,1,15,CLV,23.333333333333332,7,23.3,3,31,22.5,10.33,4.43,42.9,0,0,0,0,0,6.1,6.1
2022,436,Donald Parham,LAC,TE,1,18,DEN,25,2,4.5,2,31,10.4,15.5,15.5,100,0,0,0,0,0,5.1,5.1
2022,437,Gabe Davis,BUF,WR,1,14,NYJ,12.5,4,14.8,3,31,21.1,10.33,7.75,75,0,0,0,1,0,6.1,6.1
2022,438,Donovan Peoples-Jones,CLV,WR,1,15,BLT,12.5,4,14.3,4,31,19.3,7.75,7.75,100,1,100,1,1,0,13.1,13.1
2022,439,Jauan Jennings,SF,WR,1,15,SEA,23.52941176470588,4,15.4,3,31,14.3,10.33,7.75,75,0,0,0,0,0,6.1,6.1
2022,440,Laviska Shenault,CAR,WR,1,14,SEA,33.33333333333333,4,16.7,4,31,25.8,7.75,7.75,100,0,0,0,2,0,7.8,7.8
2022,441,Jaylen Waddle,MIA,WR,1,14,LAC,12.5,4,14.3,2,31,21.4,15.5,7.75,50,0,0,0,0,0,5.1,5.1
2022,442,Noah Gray,KC,TE,1,15,HST,30,3,7.3,3,31,9.2,10.33,10.33,100,0,0,1,1,0,6.1,6.1
2022,443,James Mitchell,DET,TE,1,16,CAR,33.33333333333333,2,4.8,2,31,8.7,15.5,15.5,100,0,0,0,0,0,5.1,5.1
2022,444,Tyquan Thornton,NE,WR,1,13,BUF,13.043478260869565,3,8.3,2,31,15.9,15.5,10.33,66.7,0,0,0,0,0,5.1,5.1
2022,445,Robert Woods,TEN,WR,1,16,HST,12.121212121212121,4,17.4,4,30,30.3,7.5,7.5,100,0,0,0,0,0,7,7
2022,446,C.J. Uzomah,NYJ,TE,1,16,JAX,8.333333333333332,1,3,1,30,16.5,30,30,100,0,0,0,0,0,4,4
2022,447,Eric Saubert,DEN,TE,1,17,KC,42.857142857142854,3,7.9,3,30,13.5,10,10,100,0,0,0,0,0,6,6
2022,448,Evan Engram,JAX,TE,1,13,DET,15.555555555555555,7,20.6,5,30,16.2,6,4.29,71.4,1,100,1,2,0,14,14
2022,449,Kenny Golladay,NYG,WR,1,18,PHI,100,7,17.5,2,30,17.9,15,4.29,28.6,1,100,1,1,0,11,11
2022,450,Trent Sherfield,MIA,WR,1,17,NE,37.5,6,15,2,30,11.3,15,5,33.3,0,0,0,0,0,5,5
2022,451,Steven Sims,PIT,WR,1,14,BLT,33.33333333333333,4,12.9,4,30,10.9,7.5,7.5,100,0,0,0,0,0,7.1,7.1
2022,452,Greg Dortch,ARZ,WR,1,18,SF,15.384615384615385,4,14.8,4,30,14.4,7.5,7.5,100,0,0,0,0,0,8.5,8.5
2022,453,Michael Pittman,IND,WR,1,18,HST,15.384615384615385,6,17.1,3,30,14.4,10,5,50,1,50,2,2,0,12,12
2022,454,Ben Skowronek,LA,WR,1,13,SEA,21.428571428571427,3,11.5,2,30,16.9,15,10,66.7,0,0,0,0,0,5,5
2022,455,Brandon Johnson,DEN,WR,1,15,ARZ,66.66666666666666,4,15.4,3,30,15.2,10,7.5,75,0,0,0,0,0,6,6
2022,456,Garrett Wilson,NYJ,WR,1,16,JAX,12.307692307692308,8,24.2,4,30,16.5,7.5,3.75,50,0,0,0,1,1,6,6
2022,457,Isaiah Likely,BLT,TE,1,13,DEN,16,4,10.8,4,30,15.2,7.5,7.5,100,0,0,0,0,0,7,7
2022,458,Marvin Jones,JAX,WR,1,18,TEN,18.51851851851852,5,15.6,2,29,13.7,14.5,5.8,40,0,0,0,1,0,4.9,4.9
2022,459,Mike Evans,TB,WR,1,16,ARZ,20,8,16.7,3,29,10.3,9.67,3.63,37.5,0,0,1,1,0,5.9,5.9
2022,460,Demarcus Robinson,BLT,WR,1,15,CLV,18.181818181818183,6,20,6,29,21,4.83,4.83,100,0,0,0,0,1,7.9,7.9
2022,461,George Kittle,SF,TE,1,18,ARZ,18.181818181818183,6,30,4,29,16.3,7.25,4.83,66.7,2,66.7,2,3,0,18.9,18.9
2022,462,Robert Tonyan,GB,TE,1,18,DET,27.27272727272727,3,11.1,3,29,14.1,9.67,9.67,100,0,0,0,0,0,5.9,5.9
2022,463,River Cracraft,MIA,WR,1,13,SF,75,3,8.8,2,29,9.8,14.5,9.67,66.7,0,0,0,0,0,4.9,4.9
2022,464,Chase Claypool,CHI,WR,1,18,MIN,46.15384615384615,6,22.2,2,29,19.7,14.5,4.83,33.3,0,0,0,0,0,4.9,4.9
2022,465,Devin Duvernay,BLT,WR,1,15,CLV,30,3,10,2,29,21,14.5,9.67,66.7,0,0,0,0,0,4.9,4.9
2022,466,George Pickens,PIT,WR,1,17,BLT,16.666666666666664,4,14.8,2,29,17.3,14.5,7.25,50,0,0,1,1,0,4.9,4.9
2022,467,Julio Jones,TB,WR,1,13,NO,29.411764705882355,5,9.3,3,28,10,9.33,5.6,60,0,0,0,1,0,5.8,5.8
2022,468,Davante Adams,LV,WR,1,15,NE,16.9811320754717,9,23.7,4,28,12.1,7,3.11,44.4,0,0,0,0,0,6.8,6.8
2022,469,Eric Tomlinson,DEN,TE,1,15,ARZ,42.857142857142854,3,11.5,3,28,14.2,9.33,9.33,100,1,100,1,1,0,11.8,11.8
2022,470,Tyler Kroft,SF,TE,1,15,SEA,50,1,3.8,1,28,12.9,28,28,100,0,0,0,0,0,3.8,3.8
2022,471,George Kittle,SF,TE,1,14,TB,15.151515151515152,5,21.7,4,28,14.4,7,5.6,80,0,0,0,0,0,6.8,6.8
2022,472,David Njoku,CLV,TE,1,15,BLT,22.22222222222222,6,21.4,3,28,17.4,9.33,4.67,50,0,0,2,3,0,5.8,5.8
2022,473,Gerald Everett,LAC,TE,1,14,MIA,25.925925925925924,7,13.7,5,28,7.6,5.6,4,71.4,0,0,0,3,0,7.8,7.8
2022,474,Tyler Conklin,NYJ,TE,1,14,BUF,24.137931034482758,7,14.9,5,28,10.4,5.6,4,71.4,0,0,0,0,0,7.8,7.8
2022,475,Marquez Valdes-Scantling,KC,WR,1,17,DEN,25,7,16.7,2,28,8.5,14,4,28.6,0,0,1,1,0,4.8,4.8
2022,476,Chase Claypool,CHI,WR,1,13,GB,46.15384615384615,6,24,5,28,11,5.6,4.67,83.3,0,0,0,0,1,6.8,6.8
2022,477,Adam Trautman,NO,TE,1,13,TB,50,3,10.3,2,28,11.2,14,9.33,66.7,0,0,0,1,0,4.8,4.8
2022,478,Khalil Shakir,BUF,WR,1,18,NE,50,2,6.5,1,28,11,28,14,50,0,0,0,0,0,3.8,3.8
2022,479,Trey McBride,ARZ,TE,1,14,NE,21.428571428571427,6,14.6,3,28,11,9.33,4.67,50,0,0,0,0,0,5.8,5.8
2022,480,Velus Jones,CHI,WR,1,18,MIN,25,2,7.4,1,28,19,28,14,50,0,0,0,0,0,14,14
2022,481,Jelani Woods,IND,TE,1,13,DAL,22.22222222222222,4,10.8,2,28,12,14,7,50,0,0,0,0,0,4.8,4.8
2022,482,Tyquan Thornton,NE,WR,1,14,ARZ,17.391304347826086,4,11.4,4,28,11.9,7,7,100,0,0,0,1,0,6.8,6.8
2022,483,Cade Otton,TB,TE,1,13,NO,31.03448275862069,9,16.7,6,28,10,4.67,3.11,66.7,1,50,1,1,0,14.8,14.8
2022,484,Cade Otton,TB,TE,1,14,SF,17.24137931034483,5,9.1,4,28,11.1,7,5.6,80,0,0,0,0,0,6.8,6.8
2022,485,Adam Thielen,MIN,WR,1,13,NYJ,21.428571428571427,6,17.1,2,27,15.6,13.5,4.5,33.3,0,0,0,1,0,4.7,4.7
2022,486,Chris Conley,TEN,WR,1,14,JAX,25,1,2.6,1,27,10.6,27,27,100,0,0,0,0,0,3.7,3.7
2022,487,Tyler Higbee,LA,TE,1,15,GB,15.151515151515152,5,23.8,4,27,24.3,6.75,5.4,80,1,100,1,1,0,12.7,12.7
2022,488,JuJu Smith-Schuster,KC,WR,1,16,SEA,11.76470588235294,4,14.3,3,27,12.1,9,6.75,75,0,0,0,0,0,5.7,5.7
2022,489,Evan Engram,JAX,TE,1,18,TEN,8.88888888888889,4,12.5,4,27,12.7,6.75,6.75,100,0,0,0,0,0,6.7,6.7
2022,490,Marquez Valdes-Scantling,KC,WR,1,18,LV,21.428571428571427,6,23.1,3,27,13.4,9,4.5,50,0,0,0,0,0,5.7,5.7
2022,491,Justin Watson,KC,WR,1,17,DEN,16.666666666666664,2,4.8,1,27,8.2,27,13.5,50,0,0,1,1,0,3.7,3.7
2022,492,Cole Kmet,CHI,TE,1,16,BUF,25.925925925925924,7,25,5,27,18.8,5.4,3.86,71.4,0,0,0,0,0,7.7,7.7
2022,493,Cole Kmet,CHI,TE,1,17,DET,11.11111111111111,3,14.3,2,27,36,13.5,9,66.7,1,100,0,1,0,10.7,10.7
2022,494,Tutu Atwell,LA,WR,1,18,SEA,10.714285714285714,3,11.5,2,27,18.4,13.5,9,66.7,0,0,0,0,0,11.8,11.8
2022,495,David Bell,CLV,WR,1,14,CIN,37.5,3,7,3,27,9.8,9,9,100,0,0,0,1,0,5.7,5.7
2022,496,Daniel Bellinger,NYG,TE,1,16,MIN,12.5,2,4.8,2,27,8.1,13.5,13.5,100,0,0,0,0,1,5.7,5.7
2022,497,Stefon Diggs,BUF,WR,1,16,CHI,5.714285714285714,2,7.7,2,26,15.1,13,13,100,0,0,0,0,0,4.6,4.6
2022,498,Laquon Treadwell,SEA,WR,1,16,KC,62.5,5,12.5,3,26,12.1,8.67,5.2,60,0,0,0,0,0,5.6,5.6
2022,499,O.J. Howard,HST,TE,1,17,JAX,100,2,4.5,1,26,12.3,26,13,50,0,0,0,0,0,3.6,3.6
2022,500,Marquez Valdes-Scantling,KC,WR,1,15,HST,17.857142857142858,5,12.2,3,26,7.7,8.67,5.2,60,1,50,1,1,0,11.6,11.6
2022,501,Shane Zylstra,DET,TE,1,16,CAR,41.66666666666667,5,11.9,5,26,7.3,5.2,5.2,100,3,100,3,3,0,25.6,25.6
2022,502,Amari Rodgers,HST,WR,1,15,KC,20,3,10.3,2,26,20.2,13,8.67,66.7,0,0,0,0,0,4.6,4.6
2022,503,Alec Pierce,IND,WR,1,16,LAC,16,4,13.8,3,26,18.2,8.67,6.5,75,0,0,0,0,0,5.6,5.6
2022,504,Cameron Brate,TB,TE,1,15,CIN,50,4,9.1,2,25,8,12.5,6.25,50,0,0,0,0,0,4.5,4.5
2022,505,Chris Moore,HST,WR,1,16,TEN,8.108108108108109,3,9.4,2,25,11.5,12.5,8.33,66.7,0,0,1,1,0,4.5,4.5
2022,506,Braxton Berrios,NYJ,WR,1,14,BUF,23.076923076923077,3,6.4,1,25,9.3,25,8.33,33.3,0,0,1,1,0,3.5,3.5
2022,507,Trent Sherfield,MIA,WR,1,16,GB,12.5,2,8,2,25,8.1,12.5,12.5,100,0,0,0,0,0,4.5,4.5
2022,508,Ashton Dulin,IND,WR,1,15,MIN,50,2,6.1,2,25,13.7,12.5,12.5,100,0,0,0,1,0,5,5
2022,509,Terry McLaurin,WAS,WR,1,17,CLV,14.705882352941178,5,17.9,2,25,17.5,12.5,5,40,0,0,0,0,0,5.7,5.7
2022,510,Cole Kmet,CHI,TE,1,15,PHI,18.51851851851852,5,22.7,4,25,16.4,6.25,5,80,0,0,0,0,0,6.5,6.5
2022,511,Brock Wright,DET,TE,1,13,JAX,18.181818181818183,2,4.9,2,25,7.4,12.5,12.5,100,0,0,0,0,0,4.5,4.5
2022,512,Deven Thompkins,TB,WR,1,18,ATL,90,9,26.5,4,25,18.4,6.25,2.78,44.4,0,0,0,0,0,8.2,8.2
2022,513,Treylon Burks,TEN,WR,1,13,PHI,5.263157894736842,1,3.8,1,25,15.9,25,25,100,1,100,0,0,0,9.5,9.5
2022,514,Daylen Baldwin,CLV,WR,1,15,BLT,100,2,7.1,2,25,15.5,12.5,12.5,100,0,0,0,0,0,4.5,4.5
2022,515,DeVante Parker,NE,WR,1,14,ARZ,15.384615384615385,2,5.7,2,24,10.2,12,12,100,0,0,0,0,0,4.4,4.4
2022,516,C.J. Uzomah,NYJ,TE,1,17,SEA,50,6,13,3,24,10,8,4,50,0,0,0,0,0,5.4,5.4
2022,517,Demarcus Robinson,BLT,WR,1,18,CIN,27.27272727272727,9,20.5,2,24,8.4,12,2.67,22.2,0,0,1,1,0,4.4,4.4
2022,518,Anthony Firkser,ATL,TE,1,13,PIT,25,2,8.3,2,24,14.4,12,12,100,0,0,0,0,0,4.4,4.4
2022,519,Isaiah McKenzie,BUF,WR,1,15,MIA,25,5,12.5,2,24,7.9,12,4.8,40,0,0,0,0,0,4.4,4.4
2022,520,Jonnu Smith,NE,TE,1,15,LV,30,3,9.7,2,24,21.4,12,8,66.7,0,0,1,1,0,4.4,4.4
2022,521,Zay Jones,JAX,WR,1,17,HST,12.5,5,17.2,3,24,13.3,8,4.8,60,0,0,0,0,0,5.4,5.4
2022,522,Braxton Berrios,NYJ,WR,1,17,SEA,7.6923076923076925,1,2.2,1,24,10,24,24,100,0,0,0,0,0,3.4,3.4
2022,523,Mike Gesicki,MIA,TE,1,16,GB,13.333333333333334,2,8,1,24,7.7,24,12,50,0,0,0,0,0,3.4,3.4
2022,524,Shi Smith,CAR,WR,1,15,PIT,25,3,13,1,24,10.7,24,8,33.3,0,0,0,0,0,3.4,3.4
2022,525,Grant Calcaterra,PHI,TE,1,14,NYG,66.66666666666666,4,12.9,2,24,11.1,12,6,50,0,0,0,1,0,4.4,4.4
2022,526,Dareke Young,SEA,WR,1,18,LA,100,2,6.5,2,24,11.3,12,12,100,0,0,0,0,0,4.4,4.4
2022,527,Chigoziem Okonkwo,TEN,TE,1,17,DAL,12,3,7.7,3,24,10.3,8,8,100,0,0,0,0,0,5.4,5.4
2022,528,Jake Ferguson,DAL,TE,1,16,PHI,20,1,2.9,1,24,6.9,24,24,100,0,0,0,0,0,3.4,3.4
2022,529,Daniel Bellinger,NYG,TE,1,13,WAS,31.25,5,16.1,5,24,12,4.8,4.8,100,0,0,0,1,0,7.4,7.4
2022,530,Tyreek Hill,MIA,WR,1,18,NYJ,9.25925925925926,5,16.1,2,23,15.1,11.5,4.6,40,0,0,0,1,0,4.3,4.3
2022,531,George Kittle,SF,TE,1,17,LV,24.242424242424242,8,22.9,4,23,8.1,5.75,2.88,50,1,50,2,2,0,12.3,12.3
2022,532,Michael Gallup,DAL,WR,1,13,IND,23.333333333333332,7,23.3,4,23,13.5,5.75,3.29,57.1,2,66.7,2,4,0,18.3,18.3
2022,533,Zach Gentry,PIT,TE,1,18,CLV,20,1,3.4,1,23,11.8,23,23,100,0,0,0,0,0,3.3,3.3
2022,534,Darius Slayton,NYG,WR,1,15,WAS,25.925925925925924,7,21.9,5,23,14.4,4.6,3.29,71.4,0,0,0,0,0,7.3,7.3
2022,535,Nick Westbrook-Ikhine,TEN,WR,1,14,JAX,44.44444444444444,8,21.1,3,23,9.1,7.67,2.88,37.5,1,50,2,2,0,11.3,11.3
2022,536,Nick Westbrook-Ikhine,TEN,WR,1,16,HST,16.666666666666664,3,13,2,23,23.2,11.5,7.67,66.7,0,0,0,0,0,4.3,4.3
2022,537,Terrace Marshall,CAR,WR,1,18,NO,23.076923076923077,3,20,2,23,53.5,11.5,7.67,66.7,0,0,0,0,0,4.3,4.3
2022,538,Marvin Jones,JAX,WR,1,14,TEN,3.7037037037037033,1,2.4,1,22,6,22,22,100,0,0,0,0,0,3.2,3.2
2022,539,Austin Hooper,TEN,TE,1,13,PHI,20,5,19.2,3,22,14,7.33,4.4,60,0,0,0,1,0,5.2,5.2
2022,540,Chris Moore,HST,WR,1,18,IND,16.216216216216218,6,15,2,22,7.1,11,3.67,33.3,0,0,0,1,0,4,4
2022,541,George Kittle,SF,TE,1,13,MIA,9.090909090909092,3,7.3,2,22,8.3,11,7.33,66.7,0,0,0,1,0,4.2,4.2
2022,542,Mack Hollins,LV,WR,1,14,LA,11.538461538461538,3,15,2,22,16.1,11,7.33,66.7,0,0,0,0,0,8.2,8.2
2022,543,Will Dissly,SEA,TE,1,13,LA,28.57142857142857,2,5.1,2,22,6,11,11,100,0,0,0,1,0,4.2,4.2
2022,544,Jordan Akins,HST,TE,1,15,KC,22.22222222222222,6,20.7,3,22,17.1,7.33,3.67,50,1,50,2,3,0,11.2,11.2
2022,545,Christian Kirk,JAX,WR,1,16,NYJ,14.285714285714285,6,19.4,3,22,9.6,7.33,3.67,50,0,0,0,1,0,5.6,5.6
2022,546,Jakobi Meyers,NE,WR,1,13,BUF,14.705882352941178,5,13.9,3,22,11.3,7.33,4.4,60,0,0,0,0,0,5.2,5.2
2022,547,Amari Rodgers,HST,WR,1,18,IND,26.666666666666668,4,10,3,22,7.1,7.33,5.5,75,0,0,0,0,0,5.2,5.2
2022,548,Chris Manhertz,JAX,TE,1,14,TEN,50,1,2.4,1,21,5.7,21,21,100,0,0,0,0,0,3.1,3.1
2022,549,Chris Moore,HST,WR,1,17,JAX,13.513513513513514,5,11.4,3,21,10,7,4.2,60,0,0,0,0,0,5.1,5.1
2022,550,Tyler Boyd,CIN,WR,1,16,NE,18.181818181818183,4,7.7,3,21,5.6,7,5.25,75,0,0,0,1,0,5.1,5.1
2022,551,Isaiah McKenzie,BUF,WR,1,14,NYJ,25,5,18.5,3,21,14.3,7,4.2,60,0,0,0,1,0,5.8,5.8
2022,552,JuJu Smith-Schuster,KC,WR,1,17,DEN,8.823529411764707,3,7.1,2,21,6.4,10.5,7,66.7,0,0,1,1,0,4.1,4.1
2022,553,Jonnu Smith,NE,TE,1,16,CIN,40,4,12.1,3,21,8.8,7,5.25,75,0,0,0,0,0,5.1,5.1
2022,554,David Njoku,CLV,TE,1,17,WAS,11.11111111111111,3,16.7,1,21,12.4,21,7,33.3,0,0,0,1,0,3.1,3.1
2022,555,Zay Jones,JAX,WR,1,18,TEN,15,6,18.8,4,21,9.9,5.25,3.5,66.7,0,0,1,2,0,6.1,6.1
2022,556,Jordan Akins,HST,TE,1,13,CLV,18.51851851851852,5,12.8,3,21,10.4,7,4.2,60,0,0,0,1,0,5.1,5.1
2022,557,Cedrick Wilson,MIA,WR,1,15,BUF,50,2,6.7,1,21,9,21,10.5,50,0,0,0,0,0,3.1,3.1
2022,558,Christian Kirk,JAX,WR,1,17,HST,7.142857142857142,3,10.3,2,21,11.6,10.5,7,66.7,0,0,0,1,0,4.1,4.1
2022,559,Durham Smythe,MIA,TE,1,13,SF,20,2,5.9,2,21,7.1,10.5,10.5,100,0,0,0,0,0,4.1,4.1
2022,560,Juwan Johnson,NO,TE,1,18,CAR,6.25,1,4,1,21,12.3,21,21,100,0,0,0,0,0,3.1,3.1
2022,561,Jauan Jennings,SF,WR,1,16,WAS,17.647058823529413,3,13.6,2,21,9,10.5,7,66.7,0,0,0,0,0,4.1,4.1
2022,562,Brycen Hopkins,LA,TE,1,17,LAC,16.666666666666664,1,5.3,1,21,15.9,21,21,100,0,0,0,0,0,3.1,3.1
2022,563,Brevin Jordan,HST,TE,1,16,TEN,18.181818181818183,2,6.3,2,21,9.6,10.5,10.5,100,0,0,0,0,0,4.1,4.1
2022,564,Cade Johnson,SEA,WR,1,18,LA,50,2,6.5,2,21,9.9,10.5,10.5,100,0,0,0,0,0,4.1,4.1
2022,565,Tyquan Thornton,NE,WR,1,15,LV,17.391304347826086,4,12.9,1,21,18.8,21,5.25,25,0,0,0,0,0,3.1,3.1
2022,566,Randall Cobb,GB,WR,1,17,MIN,14.285714285714285,2,7.4,2,20,11.9,10,10,100,0,0,0,0,0,4,4
2022,567,Logan Thomas,WAS,TE,1,13,NYG,16.666666666666664,4,9.8,3,20,7.3,6.67,5,75,0,0,0,0,0,5,5
2022,568,MyCole Pruitt,ATL,TE,1,15,NO,21.428571428571427,3,11.5,2,20,20.6,10,6.67,66.7,0,0,0,0,0,4,4
2022,569,Austin Hooper,TEN,TE,1,16,HST,12,3,13,2,20,20.2,10,6.67,66.7,0,0,0,0,0,4,4
2022,570,Will Dissly,SEA,TE,1,14,CAR,42.857142857142854,3,8.3,2,20,7.6,10,6.67,66.7,0,0,0,0,0,4,4
2022,571,Marquez Valdes-Scantling,KC,WR,1,14,DEN,10.714285714285714,3,7.1,1,20,5.7,20,6.67,33.3,0,0,0,0,0,3,3
2022,572,Equanimeous St. Brown,CHI,WR,1,15,PHI,11.11111111111111,1,4.5,1,20,13.2,20,20,100,0,0,0,0,0,3,3
2022,573,Equanimeous St. Brown,CHI,WR,1,17,DET,33.33333333333333,3,14.3,2,20,26.7,10,6.67,66.7,0,0,0,0,0,4,4
2022,574,Richie James,NYG,WR,1,13,WAS,9.090909090909092,3,9.7,3,20,10,6.67,6.67,100,0,0,0,1,0,5,5
2022,575,Foster Moreau,LV,TE,1,15,NE,15.384615384615385,2,5.3,2,20,8.7,10,10,100,0,0,0,0,0,4,4
2022,576,Noah Fant,SEA,TE,1,18,LA,18.181818181818183,4,12.9,4,20,9.4,5,5,100,0,0,0,0,0,6,6
2022,577,Deebo Samuel,SF,WR,1,18,ARZ,16.666666666666664,3,15,2,20,11.2,10,6.67,66.7,0,0,0,1,0,4.4,4.4
2022,578,Harrison Bryant,CLV,TE,1,18,PIT,22.22222222222222,2,6.9,2,20,8.7,10,10,100,0,0,0,0,0,4,4
2022,579,Brevin Jordan,HST,TE,1,17,JAX,27.27272727272727,3,6.8,1,20,9.5,20,6.67,33.3,0,0,0,0,0,3,3
2022,580,Jack Stoll,PHI,TE,1,14,NYG,33.33333333333333,2,6.5,2,20,9.2,10,10,100,0,0,0,0,0,4,4
2022,581,Tommy Tremble,CAR,TE,1,15,PIT,30,3,13,2,20,8.9,10,6.67,66.7,0,0,0,0,0,4,4
2022,582,Peyton Hendershot,DAL,TE,1,15,JAX,50,1,3.3,1,20,7.8,20,20,100,1,33.3,0,1,0,9,9
2022,583,Romeo Doubs,GB,WR,1,17,MIN,23.52941176470588,4,14.8,3,20,11.9,6.67,5,75,0,0,0,0,0,5,5
2022,584,Cade Otton,TB,TE,1,15,CIN,3.4482758620689653,1,2.3,1,20,6.4,20,20,100,0,0,0,0,0,3,3
2022,585,T.Y. Hilton,DAL,WR,1,18,WAS,40,4,10.5,2,19,14.8,9.5,4.75,50,0,0,0,0,0,3.9,3.9
2022,586,Chris Conley,TEN,WR,1,15,LAC,75,3,11.5,3,19,10.3,6.33,6.33,100,0,0,0,0,0,4.9,4.9
2022,587,Kalif Raymond,DET,WR,1,14,MIN,10,2,5.1,2,19,5.8,9.5,9.5,100,0,0,0,1,0,3.9,3.9
2022,588,Isaiah McKenzie,BUF,WR,1,18,NE,15,3,9.7,2,19,7.5,9.5,6.33,66.7,0,0,0,0,0,3.9,3.9
2022,589,Josh Reynolds,DET,WR,1,13,JAX,25,4,9.8,3,19,5.6,6.33,4.75,75,0,0,0,0,0,4.9,4.9
2022,590,Will Dissly,SEA,TE,1,16,KC,14.285714285714285,1,2.5,1,19,8.8,19,19,100,0,0,0,0,0,2.9,2.9
2022,591,Cedrick Wilson,MIA,WR,1,14,LAC,50,2,7.1,2,19,13.1,9.5,9.5,100,0,0,0,0,0,3.9,3.9
2022,592,Dante Pettis,CHI,WR,1,18,MIN,37.5,6,22.2,2,19,12.9,9.5,3.17,33.3,0,0,0,0,0,3.9,3.9
2022,593,Foster Moreau,LV,TE,1,16,PIT,23.076923076923077,3,10,2,19,10.9,9.5,6.33,66.7,0,0,0,0,0,3.9,3.9
2022,594,Hunter Renfrow,LV,WR,1,17,SF,19.047619047619047,4,11.8,3,19,5.2,6.33,4.75,75,0,0,0,1,0,4.9,4.9
2022,595,Parris Campbell,IND,WR,1,16,LAC,20,5,17.2,2,19,13.3,9.5,3.8,40,0,0,0,1,0,3.9,3.9
2022,596,Marquise Brown,ARZ,WR,1,15,DEN,23.52941176470588,8,22.2,4,19,11,4.75,2.38,50,0,0,0,0,0,5.9,5.9
2022,597,Harrison Bryant,CLV,TE,1,17,WAS,33.33333333333333,3,16.7,2,19,11.2,9.5,6.33,66.7,0,0,0,0,0,3.9,3.9
2022,598,Brandon Aiyuk,SF,WR,1,15,SEA,10,4,15.4,2,19,8.8,9.5,4.75,50,0,0,0,0,0,3.9,3.9
2022,599,Quez Watkins,PHI,WR,1,14,NYG,18.51851851851852,5,16.1,4,19,8.8,4.75,3.8,80,0,0,0,0,0,5.9,5.9
2022,600,Quez Watkins,PHI,WR,1,16,DAL,18.51851851851852,5,12.5,1,19,5.4,19,3.8,20,0,0,0,0,0,2.9,2.9
2022,601,Van Jefferson,LA,WR,1,16,DEN,16.666666666666664,4,14.3,3,19,8.3,6.33,4.75,75,0,0,0,1,0,4.9,4.9
2022,602,Kylen Granson,IND,TE,1,13,DAL,75,6,16.2,4,19,8.2,4.75,3.17,66.7,0,0,0,1,0,5.9,5.9
2022,603,Grant Calcaterra,PHI,TE,1,13,TEN,16.666666666666664,1,2.4,1,19,4.9,19,19,100,0,0,0,0,0,2.9,2.9
2022,604,Treylon Burks,TEN,WR,1,18,JAX,36.84210526315789,7,24.1,4,19,10.6,4.75,2.71,57.1,0,0,0,0,0,5.9,5.9
2022,605,Jelani Woods,IND,TE,1,17,NYG,22.22222222222222,4,14.8,3,19,13.5,6.33,4.75,75,0,0,0,0,0,4.9,4.9
2022,606,Daniel Bellinger,NYG,TE,1,14,PHI,18.75,3,9.4,3,19,8.8,6.33,6.33,100,0,0,0,1,0,4.9,4.9
2022,607,Phillip Dorsett,HST,WR,1,13,CLV,18.75,3,7.7,2,18,9,9,6,66.7,0,0,0,0,0,3.8,3.8
2022,608,Phillip Dorsett,HST,WR,1,14,DAL,18.75,3,11.1,2,18,8.5,9,6,66.7,0,0,0,0,0,3.8,3.8
2022,609,Nick Vannett,NYG,TE,1,18,PHI,57.14285714285714,4,10,2,18,10.7,9,4.5,50,0,0,0,1,0,3.8,3.8
2022,610,D.J. Chark,DET,WR,1,15,NYJ,7.4074074074074066,2,5.3,1,18,7.1,18,9,50,0,0,0,0,0,2.8,2.8
2022,611,Mike Gesicki,MIA,TE,1,17,NE,26.666666666666668,4,10,2,18,6.8,9,4.5,50,1,50,1,2,0,9.8,9.8
2022,612,Olamide Zaccheaus,ATL,WR,1,16,BLT,31.818181818181817,7,21.2,4,18,8.3,4.5,2.57,57.1,0,0,0,1,0,5.8,5.8
2022,613,Adam Trautman,NO,TE,1,18,CAR,16.666666666666664,1,4,1,18,10.5,18,18,100,0,0,0,0,0,2.8,2.8
2022,614,Shane Zylstra,DET,TE,1,14,MIN,16.666666666666664,2,5.1,2,18,5.5,9,9,100,0,0,0,0,0,3.8,3.8
2022,615,Kadarius Toney,KC,WR,1,18,LV,22.22222222222222,2,7.7,2,18,8.9,9,9,100,0,0,1,1,0,12.4,12.4
2022,616,Terrace Marshall,CAR,WR,1,14,SEA,7.6923076923076925,1,4.2,1,18,15,18,18,100,0,0,0,0,0,2.8,2.8
2022,617,Elijah Moore,NYJ,WR,1,17,SEA,7.4074074074074066,2,4.3,2,18,7.5,9,9,100,0,0,0,0,0,3.8,3.8
2022,618,Tommy Tremble,CAR,TE,1,16,DET,20,2,9.1,2,18,7.2,9,9,100,0,0,1,1,0,3.8,3.8
2022,619,David Bell,CLV,WR,1,16,NO,25,2,6.5,1,18,13.3,18,9,50,0,0,0,0,0,2.8,2.8
2022,620,Garrett Wilson,NYJ,WR,1,17,SEA,15.384615384615385,10,21.7,3,18,7.5,6,1.8,30,0,0,0,1,0,4.8,4.8
2022,621,Isaiah Likely,BLT,TE,1,15,CLV,12,3,10,2,18,13,9,6,66.7,0,0,0,0,0,3.8,3.8
2022,622,A.J. Green,ARZ,WR,1,17,ATL,18.181818181818183,2,5,2,17,7.7,8.5,8.5,100,0,0,0,0,0,3.7,3.7
2022,623,Marvin Jones,JAX,WR,1,13,DET,14.814814814814813,4,11.8,1,17,9.2,17,4.25,25,0,0,0,0,0,2.7,2.7
2022,624,Marvin Jones,JAX,WR,1,15,DAL,22.22222222222222,6,14.3,2,17,5.3,8.5,2.83,33.3,1,25,1,1,0,9.7,9.7
2022,625,Marquise Goodwin,SEA,WR,1,13,LA,12.5,2,5.1,1,17,4.6,17,8.5,50,0,0,0,0,0,2.7,2.7
2022,626,Nelson Agholor,NE,WR,1,13,BUF,15,3,8.3,2,17,8.7,8.5,5.67,66.7,0,0,0,0,0,3.7,3.7
2022,627,Blake Bell,KC,TE,1,17,DEN,50,1,2.4,1,17,5.2,17,17,100,1,33.3,0,1,0,8.7,8.7
2022,628,Corey Davis,NYJ,WR,1,18,MIA,11.538461538461538,3,9.1,1,17,10.9,17,5.67,33.3,0,0,0,0,0,2.7,2.7
2022,629,Dan Arnold,JAX,TE,1,16,NYJ,33.33333333333333,1,3.2,1,17,7.4,17,17,100,0,0,0,0,0,2.7,2.7
2022,630,Mark Andrews,BLT,TE,1,14,PIT,13.333333333333334,4,23.5,2,17,16.3,8.5,4.25,50,0,0,0,1,0,3.7,3.7
2022,631,K.J. Osborn,MIN,WR,1,13,NYJ,7.5,3,8.6,2,17,9.8,8.5,5.67,66.7,0,0,0,0,0,3.7,3.7
2022,632,K.J. Osborn,MIN,WR,1,16,NYG,10,4,8.3,3,17,5.7,5.67,4.25,75,0,0,0,1,0,4.7,4.7
2022,633,Jalen Reagor,MIN,WR,1,18,CHI,33.33333333333333,2,6.1,2,17,5,8.5,8.5,100,0,0,0,0,0,4.2,4.2
2022,634,Shi Smith,CAR,WR,1,14,SEA,16.666666666666664,2,8.3,2,17,14.2,8.5,8.5,100,1,100,0,1,0,9.7,9.7
2022,635,Shi Smith,CAR,WR,1,16,DET,16.666666666666664,2,9.1,1,17,6.8,17,8.5,50,0,0,0,0,0,2.7,2.7
2022,636,Connor Heyward,PIT,TE,1,13,ATL,14.285714285714285,1,3.6,1,17,8.6,17,17,100,1,100,0,1,0,8.7,8.7
2022,637,Trey McBride,ARZ,TE,1,16,TB,14.285714285714285,4,8.7,3,17,7.7,5.67,4.25,75,0,0,0,0,0,4.7,4.7
2022,638,Cade Otton,TB,TE,1,17,CAR,20.689655172413794,6,13.3,2,17,3.9,8.5,2.83,33.3,0,0,2,3,0,3.7,3.7
2022,639,Adam Thielen,MIN,WR,1,17,GB,14.285714285714285,4,11.4,1,16,6.1,16,4,25,0,0,1,1,0,2.6,2.6
2022,640,Logan Thomas,WAS,TE,1,18,DAL,8.333333333333332,2,10.5,2,16,9.5,8,8,100,0,0,0,0,0,3.6,3.6
2022,641,DeVante Parker,NE,WR,1,13,BUF,30.76923076923077,4,11.1,2,16,8.2,8,4,50,0,0,0,0,0,3.6,3.6
2022,642,Johnny Mundt,MIN,TE,1,16,NYG,33.33333333333333,1,2.1,1,16,5.4,16,16,100,0,0,0,0,0,2.6,2.6
2022,643,Zach Pascal,PHI,WR,1,13,TEN,60,3,7.3,2,16,4.1,8,5.33,66.7,0,0,0,1,0,3.6,3.6
2022,644,Kendrick Bourne,NE,WR,1,17,MIA,4.3478260869565215,1,3,1,16,7.8,16,16,100,0,0,0,0,0,2.8,2.8
2022,645,Evan Engram,JAX,TE,1,17,HST,4.444444444444445,2,6.9,1,16,8.8,16,8,50,0,0,0,0,0,3.9,3.9
2022,646,Zay Jones,JAX,WR,1,13,DET,15,6,17.6,2,16,8.6,8,2.67,33.3,0,0,0,2,0,3.6,3.6
2022,647,Josh Reynolds,DET,WR,1,18,GB,12.5,2,5.9,1,16,7.6,16,8,50,0,0,0,0,0,2.6,2.6
2022,648,Cam Sims,WAS,WR,1,17,CLV,25,1,3.6,1,16,11.2,16,16,100,0,0,0,0,0,2.6,2.6
2022,649,Ray-Ray McCloud,SF,WR,1,15,SEA,50,3,11.5,1,16,7.4,16,5.33,33.3,0,0,0,0,0,2.6,2.6
2022,650,T.J. Hockenson,MIN,TE,1,18,CHI,1.9607843137254901,1,3,1,16,4.7,16,16,100,0,0,0,0,0,2.6,2.6
2022,651,Parker Hesse,ATL,TE,1,13,PIT,33.33333333333333,1,4.2,1,16,9.6,16,16,100,0,0,0,0,0,2.6,2.6
2022,652,N'Keal Harry,CHI,WR,1,17,DET,25,1,4.8,1,16,21.3,16,16,100,0,0,0,0,0,2.6,2.6
2022,653,Michael Pittman,IND,WR,1,13,DAL,10.256410256410255,4,10.8,2,16,6.9,8,4,50,0,0,0,0,0,3.6,3.6
2022,654,Adam Trautman,NO,TE,1,17,PHI,16.666666666666664,1,4.2,1,16,7,16,16,100,0,0,0,0,0,2.6,2.6
2022,655,Josh Palmer,LAC,WR,1,16,IND,10,3,9.7,2,16,6.8,8,5.33,66.7,0,0,0,0,0,3.6,3.6
2022,656,Marvin Jones,JAX,WR,1,16,NYJ,14.814814814814813,4,12.9,3,15,6.6,5,3.75,75,0,0,0,0,0,4.5,4.5
2022,657,Davante Adams,LV,WR,1,16,PIT,15.09433962264151,8,26.7,2,15,8.6,7.5,1.88,25,0,0,0,2,0,3.5,3.5
2022,658,DeAndre Carter,LAC,WR,1,15,TEN,14.285714285714285,2,4.8,1,15,4.8,15,7.5,50,0,0,0,0,0,1.5,1.5
2022,659,Damiere Byrd,ATL,WR,1,16,BLT,28.57142857142857,2,6.1,1,15,6.9,15,7.5,50,0,0,0,0,0,2.5,2.5
2022,660,Tyler Lockett,SEA,WR,1,17,NYJ,5.405405405405405,2,6.9,2,15,8.2,7.5,7.5,100,0,0,0,0,0,3.5,3.5
2022,661,Nick Vannett,NYG,TE,1,15,WAS,14.285714285714285,1,3.1,1,15,9.4,15,15,100,0,0,0,0,0,2.5,2.5
2022,662,Laquon Treadwell,SEA,WR,1,17,NYJ,25,2,6.9,2,15,8.2,7.5,7.5,100,0,0,0,1,0,3.5,3.5
2022,663,Kendrick Bourne,NE,WR,1,13,BUF,8.695652173913043,2,5.6,1,15,7.7,15,7.5,50,0,0,0,0,0,2.5,2.5
2022,664,Mack Hollins,LV,WR,1,18,KC,11.538461538461538,3,8.3,2,15,6.8,7.5,5,66.7,0,0,0,0,0,3.5,3.5
2022,665,Noah Brown,DAL,WR,1,13,IND,6.896551724137931,2,6.7,2,15,8.8,7.5,7.5,100,0,0,0,0,0,3.5,3.5
2022,666,Corey Davis,NYJ,WR,1,14,BUF,3.8461538461538463,1,2.1,1,15,5.6,15,15,100,0,0,0,0,0,2.5,2.5
2022,667,Gerald Everett,LAC,TE,1,17,LA,11.11111111111111,3,9.7,3,15,6.3,5,5,100,1,50,1,1,0,10.5,10.5
2022,668,Dalton Schultz,DAL,TE,1,15,JAX,9.75609756097561,4,13.3,2,15,5.9,7.5,3.75,50,0,0,0,0,0,3.5,3.5
2022,669,Justin Watson,KC,WR,1,13,CIN,8.333333333333332,1,3.7,1,15,6.7,15,15,100,0,0,0,0,0,2.5,2.5
2022,670,Russell Gage,TB,WR,1,18,ATL,20,6,17.6,3,15,11,5,2.5,50,1,50,2,2,0,10.5,10.5
2022,671,Greg Dortch,ARZ,WR,1,17,ATL,38.46153846153847,10,25,4,15,6.8,3.75,1.5,40,0,0,0,3,0,5.5,5.5
2022,672,Gabe Davis,BUF,WR,1,13,NE,21.875,7,21.2,2,15,6.7,7.5,2.14,28.6,1,50,2,2,0,9.5,9.5
2022,673,Justin Jefferson,MIN,WR,1,17,GB,5.970149253731343,4,11.4,1,15,5.7,15,3.75,25,0,0,0,0,0,2.5,2.5
2022,674,Noah Gray,KC,TE,1,13,CIN,10,1,3.7,1,15,6.7,15,15,100,0,0,0,0,0,2.5,2.5
2022,675,Frank Darby,ATL,WR,1,18,TB,100,1,3.3,1,15,6.7,15,15,100,0,0,0,0,0,2.5,2.5
2022,676,Terrace Marshall,CAR,WR,1,17,TB,23.076923076923077,3,8.1,2,15,4.7,7.5,5,66.7,0,0,0,1,0,3.5,3.5
2022,677,Michael Bandy,LAC,WR,1,13,LV,100,1,2.1,1,15,4.7,15,15,100,0,0,0,0,0,2.5,2.5
2022,678,Elijah Moore,NYJ,WR,1,16,JAX,7.4074074074074066,2,6.1,2,15,8.2,7.5,7.5,100,0,0,0,0,0,3.5,3.5
2022,679,James Mitchell,DET,TE,1,17,CHI,16.666666666666664,1,3.4,1,15,5.9,15,15,100,0,0,0,0,0,2.5,2.5
2022,680,Mike Woods,CLV,WR,1,18,PIT,33.33333333333333,1,3.4,1,15,6.5,15,15,100,0,0,0,0,0,2.5,2.5
2022,681,Alec Pierce,IND,WR,1,17,NYG,20,5,18.5,3,15,10.6,5,3,60,0,0,0,0,0,4.5,4.5
2022,682,Marcedes Lewis,GB,TE,1,15,LA,25,1,3.3,1,14,6.1,14,14,100,0,0,0,0,0,2.4,2.4
2022,683,Jarvis Landry,NO,WR,1,13,TB,75,3,10.3,2,14,5.6,7,4.67,66.7,0,0,0,1,0,3.4,3.4
2022,684,DeAndre Carter,LAC,WR,1,13,LV,14.285714285714285,2,4.3,1,14,4.4,14,7,50,0,0,0,0,0,2.4,2.4
2022,685,DeAndre Carter,LAC,WR,1,17,LA,21.428571428571427,3,9.7,2,14,5.9,7,4.67,66.7,0,0,1,1,0,3.4,3.4
2022,686,Phillip Dorsett,HST,WR,1,17,JAX,37.5,6,13.6,3,14,6.6,4.67,2.33,50,0,0,1,1,0,4.4,4.4
2022,687,Tyler Kroft,SF,TE,1,13,MIA,50,1,2.4,1,14,5.3,14,14,100,0,0,0,0,0,2.4,2.4
2022,688,Tyler Higbee,LA,TE,1,13,SEA,15.151515151515152,5,19.2,2,14,7.9,7,2.8,40,0,0,1,2,0,3.4,3.4
2022,689,Corey Davis,NYJ,WR,1,16,JAX,26.923076923076923,7,21.2,2,14,7.7,7,2,28.6,0,0,0,0,0,3.4,3.4
2022,690,David Njoku,CLV,TE,1,16,NO,18.51851851851852,5,16.1,2,14,10.4,7,2.8,40,0,0,0,2,0,3.4,3.4
2022,691,Zay Jones,JAX,WR,1,16,NYJ,10,4,12.9,1,14,6.1,14,3.5,25,0,0,0,0,0,2.1,2.1
2022,692,Braxton Berrios,NYJ,WR,1,15,DET,46.15384615384615,6,17.1,1,14,4.4,14,2.33,16.7,0,0,0,0,0,2.4,2.4
2022,693,D.J. Chark,DET,WR,1,18,GB,14.814814814814813,4,11.8,3,14,6.7,4.67,3.5,75,0,0,0,1,0,4.4,4.4
2022,694,Hayden Hurst,CIN,TE,1,18,BLT,62.5,5,11.9,4,14,6.5,3.5,2.8,80,0,0,0,2,0,5.4,5.4
2022,695,Dante Pettis,CHI,WR,1,13,GB,12.5,2,8,1,14,5.5,14,7,50,0,0,0,0,0,2.4,2.4
2022,696,Irv Smith,MIN,TE,1,18,CHI,100,3,9.1,3,14,4.1,4.67,4.67,100,0,0,0,1,0,4.4,4.4
2022,697,Hunter Renfrow,LV,WR,1,15,NE,14.285714285714285,3,7.9,1,14,6.1,14,4.67,33.3,0,0,0,0,0,2.4,2.4
2022,698,Ashton Dulin,IND,WR,1,13,DAL,50,2,5.4,1,14,6,14,7,50,1,50,0,1,0,8.4,8.4
2022,699,Darius Slayton,NYG,WR,1,17,IND,11.11111111111111,3,12.5,2,14,7.9,7,4.67,66.7,0,0,0,0,1,2.4,2.4
2022,700,Nsimba Webster,CHI,WR,1,15,PHI,100,3,13.6,2,14,9.2,7,4.67,66.7,0,0,0,0,0,3.4,3.4
2022,701,Quez Watkins,PHI,WR,1,18,NYG,14.814814814814813,4,11.4,2,14,6.1,7,3.5,50,0,0,0,0,0,3.4,3.4
2022,702,Quintin Morris,BUF,TE,1,15,MIA,100,1,2.5,1,14,4.6,14,14,100,1,25,0,1,0,8.4,8.4
2022,703,Noah Gray,KC,TE,1,18,LV,10,1,3.8,1,14,6.9,14,14,100,0,0,0,0,0,2.4,2.4
2022,704,Tutu Atwell,LA,WR,1,16,DEN,7.142857142857142,2,7.1,2,14,6.1,7,7,100,0,0,0,0,0,3.4,3.4
2022,705,Robby Anderson,ARZ,WR,1,17,ATL,14.285714285714285,1,2.5,1,13,5.9,13,13,100,0,0,0,0,0,2.3,2.3
2022,706,Hunter Henry,NE,TE,1,13,BUF,20,5,13.9,2,13,6.7,6.5,2.6,40,0,0,1,1,0,3.3,3.3
2022,707,Robert Tonyan,GB,TE,1,16,MIA,9.090909090909092,1,2.6,1,13,5.5,13,13,100,0,0,0,0,0,2.3,2.3
2022,708,Will Dissly,SEA,TE,1,15,SF,14.285714285714285,1,2.3,1,13,5.5,13,13,100,0,0,0,0,0,2.3,2.3
2022,709,Tyler Conklin,NYJ,TE,1,18,MIA,10.344827586206897,3,9.1,2,13,8.3,6.5,4.33,66.7,0,0,0,0,0,3.3,3.3
2022,710,Dante Pettis,CHI,WR,1,15,PHI,18.75,3,13.6,1,13,8.6,13,4.33,33.3,0,0,0,0,0,2.3,2.3
2022,711,Olamide Zaccheaus,ATL,WR,1,13,PIT,22.727272727272727,5,20.8,2,13,7.8,6.5,2.6,40,0,0,0,0,0,3.3,3.3
2022,712,Josh Oliver,BLT,TE,1,15,CLV,28.57142857142857,2,6.7,2,13,9.4,6.5,6.5,100,0,0,0,1,0,3.3,3.3
2022,713,Parris Campbell,IND,WR,1,15,MIN,12,3,9.1,2,13,7.1,6.5,4.33,66.7,0,0,0,0,0,3.3,3.3
2022,714,Dawson Knox,BUF,TE,1,18,NE,8.695652173913043,2,6.5,2,13,5.1,6.5,6.5,100,1,33.3,1,1,0,9.3,9.3
2022,715,Mitchell Wilcox,CIN,TE,1,13,KC,8.333333333333332,1,3.2,1,13,4.5,13,13,100,0,0,0,0,0,2.3,2.3
2022,716,Donovan Peoples-Jones,CLV,WR,1,17,WAS,9.375,3,16.7,1,13,7.7,13,4.33,33.3,1,33.3,0,2,0,8.3,8.3
2022,717,Denzel Mims,NYJ,WR,1,15,DET,22.22222222222222,2,5.7,1,13,4.1,13,6.5,50,0,0,0,0,0,2.3,2.3
2022,718,Laviska Shenault,CAR,WR,1,17,TB,25,3,8.1,2,13,4.1,6.5,4.33,66.7,0,0,0,0,0,4,4
2022,719,Brock Wright,DET,TE,1,17,CHI,36.36363636363637,4,13.8,3,13,5.1,4.33,3.25,75,2,66.7,2,2,0,16.3,16.3
2022,720,Connor Heyward,PIT,TE,1,14,BLT,14.285714285714285,1,3.2,1,13,4.7,13,13,100,0,0,0,0,0,2.3,2.3
2022,721,Tyquan Thornton,NE,WR,1,18,BUF,8.695652173913043,2,5,1,13,5.3,13,6.5,50,0,0,0,0,0,2.3,2.3
2022,722,Robert Woods,TEN,WR,1,15,LAC,12.121212121212121,4,15.4,2,12,6.5,6,3,50,0,0,1,1,0,3.2,3.2
2022,723,Cameron Brate,TB,TE,1,14,SF,50,4,7.3,2,12,4.7,6,3,50,0,0,0,0,0,3.2,3.2
2022,724,Damiere Byrd,ATL,WR,1,13,PIT,14.285714285714285,1,4.2,1,12,7.2,12,12,100,0,0,0,0,0,2.2,2.2
2022,725,Damiere Byrd,ATL,WR,1,17,ARZ,28.57142857142857,2,7.7,1,12,7.1,12,6,50,0,0,0,0,0,2.2,2.2
2022,726,Kalif Raymond,DET,WR,1,13,JAX,10,2,4.9,2,12,3.5,6,6,100,0,0,0,0,0,2.6,2.6
2022,727,Johnny Mundt,MIN,TE,1,13,NYJ,33.33333333333333,1,2.9,1,12,6.9,12,12,100,0,0,0,0,0,2.2,2.2
2022,728,Jamal Agnew,JAX,WR,1,15,DAL,30,3,7.1,2,12,3.8,6,4,66.7,0,0,0,1,0,8.4,8.4
2022,729,Ian Thomas,CAR,TE,1,16,DET,50,3,13.6,1,12,4.8,12,4,33.3,0,0,0,0,0,2.2,2.2
2022,730,Russell Gage,TB,WR,1,14,SF,6.666666666666667,2,3.6,2,12,4.7,6,6,100,1,100,1,1,0,9.2,9.2
2022,731,Brandon Powell,LA,WR,1,16,DEN,20,3,10.7,3,12,5.2,4,4,100,0,0,0,1,0,4.5,4.5
2022,732,Hayden Hurst,CIN,TE,1,13,KC,37.5,3,9.7,2,12,4.2,6,4,66.7,0,0,0,0,0,3.2,3.2
2022,733,Trenton Irwin,CIN,WR,1,13,KC,9.090909090909092,1,3.2,1,12,4.2,12,12,100,0,0,0,0,0,2.2,2.2
2022,734,Trenton Irwin,CIN,WR,1,18,BLT,18.181818181818183,2,4.8,1,12,5.6,12,6,50,0,0,0,1,0,2.2,2.2
2022,735,Noah Fant,SEA,TE,1,16,KC,13.636363636363635,3,7.5,2,12,5.6,6,4,66.7,1,100,1,1,0,9.2,9.2
2022,736,Colby Parkinson,SEA,TE,1,13,LA,5.555555555555555,1,2.6,1,12,3.3,12,12,100,0,0,0,0,0,2.2,2.2
2022,737,Tylan Wallace,BLT,WR,1,18,CIN,100,1,2.3,1,12,4.2,12,12,100,0,0,0,0,0,2.2,2.2
2022,738,Noah Gray,KC,TE,1,17,DEN,10,1,2.4,1,12,3.7,12,12,100,0,0,0,0,0,2.2,2.2
2022,739,Amari Rodgers,HST,WR,1,17,JAX,13.333333333333334,2,4.5,2,12,5.7,6,6,100,0,0,0,0,0,3.6,3.6
2022,740,Anthony Schwartz,CLV,WR,1,13,HST,100,1,4.5,1,12,9.2,12,12,100,0,0,0,0,1,1.8,1.8
2022,741,James Mitchell,DET,TE,1,15,NYJ,33.33333333333333,2,5.3,2,12,4.8,6,6,100,0,0,0,0,0,3.2,3.2
2022,742,Ko Kieft,TB,TE,1,13,NO,50,2,3.7,1,12,4.3,12,6,50,0,0,0,0,0,2.2,2.2
2022,743,Isaiah Likely,BLT,TE,1,17,PIT,20,5,23.8,3,12,9.2,4,2.4,60,1,100,1,2,0,10.2,10.2
2022,744,Cade Otton,TB,TE,1,16,ARZ,24.137931034482758,7,14.6,2,12,4.3,6,1.71,28.6,0,0,1,3,0,3.2,3.2
2022,745,Randall Cobb,GB,WR,1,18,DET,14.285714285714285,2,7.4,2,11,5.4,5.5,5.5,100,0,0,0,0,0,3.1,3.1
2022,746,Maxx Williams,ARZ,TE,1,15,DEN,100,2,5.6,2,11,6.4,5.5,5.5,100,0,0,0,0,0,3.1,3.1
2022,747,Eric Tomlinson,DEN,TE,1,14,KC,42.857142857142854,3,6.8,2,11,4.2,5.5,3.67,66.7,0,0,1,1,0,3.1,3.1
2022,748,Tyler Higbee,LA,TE,1,14,LV,9.090909090909092,3,8.6,2,11,4.8,5.5,3.67,66.7,0,0,0,0,0,3.1,3.1
2022,749,Tyler Higbee,LA,TE,1,17,LAC,12.121212121212121,4,21.1,3,11,8.3,3.67,2.75,75,0,0,1,1,0,4.1,4.1
2022,750,Pharaoh Brown,CLV,TE,1,13,HST,100,1,4.5,1,11,8.4,11,11,100,0,0,0,0,0,2.1,2.1
2022,751,Anthony Firkser,ATL,TE,1,18,TB,12.5,1,3.3,1,11,4.9,11,11,100,0,0,0,0,0,2.1,2.1
2022,752,Keelan Cole,LV,WR,1,14,LA,16.666666666666664,1,5,1,11,8,11,11,100,0,0,0,0,0,2.1,2.1
2022,753,Ian Thomas,CAR,TE,1,14,SEA,33.33333333333333,2,8.3,2,11,9.2,5.5,5.5,100,0,0,0,1,0,3.1,3.1
2022,754,Ray-Ray McCloud,SF,WR,1,14,TB,16.666666666666664,1,4.3,1,11,5.6,11,11,100,0,0,0,0,0,2.8,2.8
2022,755,Russell Gage,TB,WR,1,13,NO,3.3333333333333335,1,1.9,1,11,3.9,11,11,100,0,0,0,0,0,2.1,2.1
2022,756,Dante Pettis,CHI,WR,1,16,BUF,25,4,14.3,2,11,7.6,5.5,2.75,50,1,100,1,1,0,9.1,9.1
2022,757,Kendall Hinton,DEN,WR,1,13,BLT,11.11111111111111,1,4.5,1,11,5.8,11,11,100,0,0,0,0,0,2.1,2.1
2022,758,Freddie Swain,DEN,WR,1,16,LA,33.33333333333333,2,5.7,1,11,4.2,11,5.5,50,0,0,0,0,0,2.1,2.1
2022,759,Brock Wright,DET,TE,1,16,CAR,9.090909090909092,1,2.4,1,11,3.1,11,11,100,0,0,0,0,0,2.1,2.1
2022,760,Luke Farrell,JAX,TE,1,18,TEN,50,1,3.1,1,11,5.2,11,11,100,0,0,0,0,0,2.1,2.1
2022,761,Elijah Moore,NYJ,WR,1,18,MIA,3.7037037037037033,1,3,1,11,7.1,11,11,100,0,0,0,0,0,2.1,2.1
2022,762,Greg Dulcich,DEN,TE,1,15,ARZ,4.545454545454546,1,3.8,1,11,5.6,11,11,100,0,0,0,0,0,2.1,2.1
2022,763,Ko Kieft,TB,TE,1,14,SF,25,1,1.8,1,11,4.3,11,11,100,0,0,0,0,0,2.1,2.1
2022,764,Christian Watson,GB,WR,1,17,MIN,16.129032258064516,5,18.5,1,11,6.5,11,2.2,20,0,0,0,0,0,2.1,2.1
2022,765,DeSean Jackson,BLT,WR,1,13,DEN,25,3,8.1,2,10,5.1,5,3.33,66.7,0,0,0,0,0,3,3
2022,766,DeSean Jackson,BLT,WR,1,16,ATL,16.666666666666664,2,11.8,1,10,8.7,10,5,50,0,0,0,0,0,2,2
2022,767,Julio Jones,TB,WR,1,17,CAR,11.76470588235294,2,4.4,1,10,2.3,10,5,50,0,0,0,0,0,3.3,3.3
2022,768,Marquise Goodwin,SEA,WR,1,15,SF,25,4,9.1,2,10,4.2,5,2.5,50,0,0,0,0,0,3,3
2022,769,Taysom Hill,NO,TE,1,17,PHI,20,1,4.2,1,10,4.4,10,10,100,0,0,0,0,0,13.6,13.56
2022,770,Anthony Firkser,ATL,TE,1,16,BLT,37.5,3,9.1,2,10,4.6,5,3.33,66.7,0,0,0,0,0,3,3
2022,771,Noah Brown,DAL,WR,1,18,WAS,20.689655172413794,6,15.8,1,10,7.8,10,1.67,16.7,0,0,0,0,0,2,2
2022,772,Robert Tonyan,GB,TE,1,13,CHI,18.181818181818183,2,6.5,1,10,5.5,10,5,50,0,0,0,1,0,2,2
2022,773,Michael Gallup,DAL,WR,1,18,WAS,16.666666666666664,5,13.2,1,10,7.8,10,2,20,0,0,0,0,0,2,2
2022,774,D.J. Moore,CAR,WR,1,18,NO,14.285714285714285,4,26.7,1,10,23.3,10,2.5,25,0,0,0,0,0,2,2
2022,775,Steven Sims,PIT,WR,1,15,CAR,8.333333333333332,1,4.5,1,10,5.6,10,10,100,0,0,0,0,0,3.9,3.9
2022,776,Andrew Beck,DEN,TE,1,17,KC,50,2,5.3,2,10,4.5,5,5,100,0,0,0,0,0,3,3
2022,777,Foster Moreau,LV,TE,1,18,KC,7.6923076923076925,1,2.8,1,10,4.6,10,10,100,0,0,0,0,0,2,2
2022,778,Mitchell Wilcox,CIN,TE,1,14,CLV,16.666666666666664,2,6.1,1,10,4.2,10,5,50,0,0,0,0,0,2,2
2022,779,Colby Parkinson,SEA,TE,1,14,CAR,11.11111111111111,2,5.6,1,10,3.8,10,5,50,0,0,0,1,0,2,2
2022,780,Jauan Jennings,SF,WR,1,18,ARZ,11.76470588235294,2,10,1,10,5.6,10,5,50,0,0,0,0,0,2,2
2022,781,Tutu Atwell,LA,WR,1,15,GB,14.285714285714285,4,19,1,10,9,10,2.5,25,0,0,1,1,0,1.6,1.6
2022,782,Tutu Atwell,LA,WR,1,17,LAC,17.857142857142858,5,26.3,2,10,7.6,5,2,40,0,0,0,0,0,3,3
2022,783,Tre' McKitty,LAC,TE,1,16,IND,25,1,3.2,1,10,4.3,10,10,100,0,0,0,0,0,2,2
2022,784,Khalil Shakir,BUF,WR,1,13,NE,25,1,3,1,10,4.5,10,10,100,0,0,0,0,0,2,2
2022,785,Chigoziem Okonkwo,TEN,TE,1,16,HST,8,2,8.7,1,10,10.1,10,5,50,0,0,0,0,0,2,2
2022,786,Danny Gray,SF,WR,1,14,TB,100,1,4.3,1,10,5.1,10,10,100,0,0,0,0,0,2,2
2022,787,DeSean Jackson,BLT,WR,1,17,PIT,16.666666666666664,2,9.5,1,9,6.9,9,4.5,50,0,0,0,1,0,1.9,1.9
2022,788,Cole Beasley,BUF,WR,1,15,MIA,50,1,2.5,1,9,3,9,9,100,0,0,0,0,0,1.9,1.9
2022,789,Cole Beasley,BUF,WR,1,16,CHI,50,1,3.8,1,9,5.2,9,9,100,0,0,0,0,0,1.9,1.9
2022,790,Breshad Perriman,TB,WR,1,18,ATL,100,2,5.9,1,9,6.6,9,4.5,50,0,0,0,0,0,1.9,1.9
2022,791,Nick Vannett,NYG,TE,1,14,PHI,28.57142857142857,2,6.3,1,9,4.2,9,4.5,50,0,0,0,0,0,1.9,1.9
2022,792,Demarcus Robinson,BLT,WR,1,17,PIT,9.090909090909092,3,14.3,1,9,6.9,9,3,33.3,0,0,0,0,0,1.9,1.9
2022,793,Hunter Henry,NE,TE,1,15,LV,16,4,12.9,2,9,8,4.5,2.25,50,0,0,0,0,0,2.9,2.9
2022,794,Tyler Conklin,NYJ,TE,1,13,MIN,20.689655172413794,6,10.3,2,9,2.4,4.5,1.5,33.3,0,0,0,1,0,2.9,2.9
2022,795,Ian Thomas,CAR,TE,1,17,TB,16.666666666666664,1,2.7,1,9,2.8,9,9,100,0,0,0,0,0,1.9,1.9
2022,796,Braxton Berrios,NYJ,WR,1,13,MIN,23.076923076923077,3,5.2,2,9,2.4,4.5,3,66.7,0,0,2,2,0,2.9,2.9
2022,797,Durham Smythe,MIA,TE,1,17,NE,10,1,2.5,1,9,3.4,9,9,100,0,0,0,0,0,1.9,1.9
2022,798,Juwan Johnson,NO,TE,1,16,CLV,12.5,2,13.3,1,9,9.8,9,4.5,50,0,0,0,1,0,1.9,1.9
2022,799,James Proche,BLT,WR,1,13,DEN,28.57142857142857,2,5.4,2,9,4.5,4.5,4.5,100,0,0,0,0,0,1.9,1.9
2022,800,Freddie Swain,DEN,WR,1,15,ARZ,16.666666666666664,1,3.8,1,9,4.6,9,9,100,0,0,0,0,0,1.9,1.9
2022,801,Brevin Jordan,HST,TE,1,15,KC,9.090909090909092,1,3.4,1,9,7,9,9,100,0,0,0,0,0,1.9,1.9
2022,802,Jaylen Waddle,MIA,WR,1,13,SF,15.625,5,14.7,1,9,3.1,9,1.8,20,0,0,0,0,0,1.9,1.9
2022,803,Jalen Virgil,DEN,WR,1,14,KC,50,1,2.3,1,9,3.4,9,9,100,0,0,0,0,0,1.9,1.9
2022,804,Jelani Woods,IND,TE,1,18,HST,22.22222222222222,4,11.4,1,9,4.3,9,2.25,25,0,0,1,2,0,1.9,1.9
2022,805,Kyle Rudolph,TB,TE,1,18,ATL,100,1,2.9,1,8,5.9,8,8,100,1,50,1,1,0,7.8,7.8
2022,806,Adam Thielen,MIN,WR,1,18,CHI,10.714285714285714,3,9.1,2,8,2.3,4,2.67,66.7,1,100,3,3,0,9.2,9.2
2022,807,Jamal Agnew,JAX,WR,1,16,NYJ,10,1,3.2,1,8,3.5,8,8,100,0,0,0,0,0,1.8,1.8
2022,808,Jamal Agnew,JAX,WR,1,18,TEN,10,1,3.1,1,8,3.8,8,8,100,0,0,0,0,0,1.8,1.8
2022,809,Gerald Everett,LAC,TE,1,18,DEN,18.51851851851852,5,11.4,3,8,2.7,2.67,1.6,60,1,33.3,1,1,0,9.8,9.8
2022,810,Durham Smythe,MIA,TE,1,16,GB,10,1,4,1,8,2.6,8,8,100,0,0,0,0,0,1.8,1.8
2022,811,Zach Gentry,PIT,TE,1,13,ATL,20,1,3.6,1,8,4.1,8,8,100,0,0,0,0,0,1.8,1.8
2022,812,Scott Miller,TB,WR,1,18,ATL,33.33333333333333,2,5.9,1,8,5.9,8,4,50,0,0,0,0,0,1.8,1.8
2022,813,Donald Parham,LAC,TE,1,16,IND,25,2,6.5,1,8,3.4,8,4,50,0,0,0,0,0,1.8,1.8
2022,814,Parker Hesse,ATL,TE,1,16,BLT,33.33333333333333,1,3,1,8,3.7,8,8,100,0,0,0,0,0,1.8,1.8
2022,815,Harrison Bryant,CLV,TE,1,14,CIN,11.11111111111111,1,2.3,1,8,2.9,8,8,100,0,0,0,0,0,1.8,1.8
2022,816,Laviska Shenault,CAR,WR,1,18,NO,8.333333333333332,1,6.7,1,8,18.6,8,8,100,0,0,0,0,0,1.9,1.9
2022,817,Brycen Hopkins,LA,TE,1,14,LV,16.666666666666664,1,2.9,1,8,3.5,8,8,100,0,0,0,0,0,1.8,1.8
2022,818,Noah Gray,KC,TE,1,16,SEA,10,1,3.6,1,8,3.6,8,8,100,0,0,0,0,0,1.8,1.8
2022,819,Austin Trammell,LA,WR,1,13,SEA,50,2,7.7,1,8,4.5,8,4,50,0,0,0,0,0,1.8,1.8
2022,820,Kadarius Toney,KC,WR,1,16,SEA,22.22222222222222,2,7.1,1,8,3.6,8,4,50,1,50,1,1,0,7.8,7.8
2022,821,Tre' McKitty,LAC,TE,1,13,LV,25,1,2.1,1,8,2.5,8,8,100,0,0,0,0,0,1.8,1.8
2022,822,Teagan Quitoriano,HST,TE,1,15,KC,11.11111111111111,1,3.4,1,8,6.2,8,8,100,1,50,1,1,0,7.8,7.8
2022,823,Stone Smartt,LAC,TE,1,14,MIA,25,1,2,1,8,2.2,8,8,100,0,0,0,0,0,1.8,1.8
2022,824,Jeremy Ruckert,NYJ,TE,1,18,MIA,100,1,3,1,8,5.1,8,8,100,0,0,0,0,0,1.8,1.8
2022,825,Tyquan Thornton,NE,WR,1,16,CIN,13.043478260869565,3,9.1,1,8,3.3,8,2.67,33.3,0,0,0,0,0,1.8,1.8
2022,826,A.J. Green,ARZ,WR,1,14,NE,18.181818181818183,2,4.9,1,7,2.7,7,3.5,50,0,0,0,0,0,1.7,1.7
2022,827,MyCole Pruitt,ATL,TE,1,13,PIT,7.142857142857142,1,4.2,1,7,4.2,7,7,100,1,100,1,1,0,7.7,7.7
2022,828,C.J. Uzomah,NYJ,TE,1,14,BUF,16.666666666666664,2,4.3,1,7,2.6,7,3.5,50,0,0,0,0,0,1.7,1.7
2022,829,Stephen Anderson,ARZ,TE,1,14,NE,50,2,4.9,2,7,2.7,3.5,3.5,100,0,0,0,0,0,2.7,2.7
2022,830,Johnny Mundt,MIN,TE,1,15,IND,33.33333333333333,1,1.8,1,7,1.5,7,7,100,0,0,0,0,0,1.7,1.7
2022,831,Mack Hollins,LV,WR,1,16,PIT,3.8461538461538463,1,3.3,1,7,4,7,7,100,0,0,0,0,0,1.7,1.7
2022,832,Noah Brown,DAL,WR,1,17,TEN,13.793103448275861,4,9.8,1,7,2.5,7,1.75,25,0,0,0,0,0,1.7,1.7
2022,833,Tyler Conklin,NYJ,TE,1,15,DET,6.896551724137931,2,5.7,1,7,2.2,7,3.5,50,0,0,0,0,0,1.9,1.9
2022,834,Trent Sherfield,MIA,WR,1,14,LAC,25,4,14.3,1,7,4.8,7,1.75,25,0,0,0,0,0,1.7,1.7
2022,835,Allen Lazard,GB,WR,1,15,LA,6.666666666666667,2,6.7,1,7,3.1,7,3.5,50,0,0,0,0,0,1.7,1.7
2022,836,Steven Sims,PIT,WR,1,16,LV,8.333333333333332,1,2.6,1,7,2.9,7,7,100,0,0,0,0,0,1.7,1.7
2022,837,Scott Miller,TB,WR,1,13,NO,33.33333333333333,2,3.7,1,7,2.5,7,3.5,50,0,0,0,0,0,1.7,1.7
2022,838,N'Keal Harry,CHI,WR,1,18,MIN,50,2,7.4,1,7,4.8,7,3.5,50,0,0,0,0,0,1.7,1.7
2022,839,Gunner Olszewski,PIT,WR,1,14,BLT,66.66666666666666,2,6.5,1,7,2.5,7,3.5,50,0,0,0,0,0,1.7,1.7
2022,840,Marquise Brown,ARZ,WR,1,18,SF,11.76470588235294,4,14.8,1,7,3.3,7,1.75,25,0,0,0,0,0,1.7,1.7
2022,841,Andre Baccellia,ARZ,WR,1,17,ATL,66.66666666666666,2,5,1,7,3.2,7,3.5,50,0,0,0,1,0,1.7,1.7
2022,842,Tyler Mabry,SEA,TE,1,17,NYJ,100,1,3.4,1,7,3.8,7,7,100,1,50,1,1,0,7.7,7.7
2022,843,Harrison Bryant,CLV,TE,1,15,BLT,22.22222222222222,2,7.1,2,7,4.3,3.5,3.5,100,0,0,0,1,0,2.7,2.7
2022,844,Tee Higgins,CIN,WR,1,18,BLT,25,7,16.7,1,7,3.3,7,1,14.3,0,0,0,0,0,1.7,1.7
2022,845,Shane Zylstra,DET,TE,1,17,CHI,16.666666666666664,2,6.9,1,7,2.7,7,3.5,50,0,0,0,0,0,1.7,1.7
2022,846,Elijah Moore,NYJ,WR,1,13,MIN,22.22222222222222,6,10.3,2,7,1.9,3.5,1.17,33.3,0,0,1,3,0,3.7,3.7
2022,847,Samori Toure,GB,WR,1,13,CHI,100,1,3.2,1,7,3.8,7,7,100,0,0,0,0,0,1.7,1.7
2022,848,James Mitchell,DET,TE,1,18,GB,16.666666666666664,1,2.9,1,7,3.3,7,7,100,0,0,0,0,0,1.7,1.7
2022,849,Deven Thompkins,TB,WR,1,15,CIN,10,1,2.3,1,7,2.2,7,7,100,0,0,0,0,0,2.6,2.6
2022,850,Jake Ferguson,DAL,TE,1,17,TEN,20,1,2.4,1,7,2.5,7,7,100,0,0,0,0,0,1.7,1.7
2022,851,Skyy Moore,KC,WR,1,14,DEN,28.57142857142857,2,4.8,1,7,2,7,3.5,50,0,0,0,0,0,1.7,1.7
2022,852,Adam Thielen,MIN,WR,1,16,NYG,10.714285714285714,3,6.3,1,6,2,6,2,33.3,0,0,0,0,0,1.6,1.6
2022,853,Robert Woods,TEN,WR,1,13,PHI,15.151515151515152,5,19.2,1,6,3.8,6,1.2,20,0,0,0,1,0,1.6,1.6
2022,854,Logan Thomas,WAS,TE,1,15,NYG,12.5,3,10.3,1,6,2.4,6,2,33.3,0,0,0,0,0,1.6,1.6
2022,855,Austin Hooper,TEN,TE,1,17,DAL,20,5,12.8,1,6,2.6,6,1.2,20,0,0,0,0,0,1.6,1.6
2022,856,Demarcus Robinson,BLT,WR,1,16,ATL,3.0303030303030303,1,5.9,1,6,5.2,6,6,100,1,100,1,1,0,7.6,7.6
2022,857,Pharoh Cooper,ARZ,WR,1,18,SF,100,2,7.4,2,6,2.9,3,3,100,0,0,0,0,0,3.3,3.3
2022,858,Mo Alie-Cox,IND,TE,1,13,DAL,16.666666666666664,1,2.7,1,6,2.6,6,6,100,0,0,0,0,1,0.6,0.6
2022,859,Zach Pascal,PHI,WR,1,16,DAL,20,1,2.5,1,6,1.7,6,6,100,0,0,0,0,0,1.6,1.6
2022,860,Curtis Samuel,WAS,WR,1,17,CLV,10,2,7.1,1,6,4.2,6,3,50,0,0,0,0,0,1.6,1.6
2022,861,C.J. Board,TEN,WR,1,13,PHI,100,1,3.8,1,6,3.8,6,6,100,0,0,0,0,0,1.6,1.6
2022,862,Jonnu Smith,NE,TE,1,13,BUF,20,2,5.6,2,6,3.1,3,3,100,0,0,0,0,0,2.6,2.6
2022,863,Tre'Quan Smith,NO,WR,1,18,CAR,50,1,4,1,6,3.5,6,6,100,0,0,0,0,0,1.6,1.6
2022,864,Josh Oliver,BLT,TE,1,16,ATL,42.857142857142854,3,17.6,1,6,5.2,6,2,33.3,0,0,0,1,0,1.6,1.6
2022,865,Joe Fortson,KC,TE,1,13,CIN,50,1,3.7,1,6,2.7,6,6,100,0,0,0,0,0,1.6,1.6
2022,866,Parker Hesse,ATL,TE,1,18,TB,33.33333333333333,1,3.3,1,6,2.7,6,6,100,0,0,0,0,0,1.6,1.6
2022,867,Andre Baccellia,ARZ,WR,1,18,SF,33.33333333333333,1,3.7,1,6,2.9,6,6,100,0,0,0,0,0,1.6,1.6
2022,868,Harrison Bryant,CLV,TE,1,13,HST,11.11111111111111,1,4.5,1,6,4.6,6,6,100,0,0,0,0,0,2.4,2.4
2022,869,Quez Watkins,PHI,WR,1,15,CHI,22.22222222222222,6,16.2,4,6,1.9,1.5,1,66.7,0,0,0,1,0,5,5
2022,870,Jack Stoll,PHI,TE,1,15,CHI,16.666666666666664,1,2.7,1,6,1.9,6,6,100,0,0,0,0,0,1.6,1.6
2022,871,Julio Jones,TB,WR,1,16,ARZ,11.76470588235294,2,4.2,1,5,1.8,5,2.5,50,0,0,0,1,0,1.5,1.5
2022,872,Randall Cobb,GB,WR,1,16,MIA,14.285714285714285,2,5.3,1,5,2.1,5,2.5,50,0,0,0,1,0,1.5,1.5
2022,873,Geoff Swaim,TEN,TE,1,18,JAX,25,1,3.4,1,5,2.8,5,5,100,0,0,0,0,0,1.5,1.5
2022,874,Zach Pascal,PHI,WR,1,14,NYG,20,1,3.2,1,5,2.3,5,5,100,0,0,0,0,0,1.5,1.5
2022,875,Eric Saubert,DEN,TE,1,15,ARZ,28.57142857142857,2,7.7,1,5,2.5,5,2.5,50,0,0,0,0,0,1.5,1.5
2022,876,Noah Brown,DAL,WR,1,16,PHI,6.896551724137931,2,5.7,1,5,1.4,5,2.5,50,0,0,0,0,0,1.5,1.5
2022,877,Keelan Cole,LV,WR,1,18,KC,33.33333333333333,2,5.6,1,5,2.3,5,2.5,50,0,0,0,0,0,1.5,1.5
2022,878,Josh Reynolds,DET,WR,1,17,CHI,6.25,1,3.4,1,5,2,5,5,100,0,0,1,1,0,1.5,1.5
2022,879,Dan Arnold,JAX,TE,1,14,TEN,33.33333333333333,1,2.4,1,5,1.4,5,5,100,0,0,0,0,0,1.5,1.5
2022,880,River Cracraft,MIA,WR,1,18,NYJ,25,1,3.2,1,5,3.3,5,5,100,0,0,0,0,0,1.5,1.5
2022,881,Byron Pringle,CHI,WR,1,18,MIN,12.5,1,3.7,1,5,3.4,5,5,100,0,0,0,0,0,1.5,1.5
2022,882,Jordan Akins,HST,TE,1,14,DAL,11.11111111111111,3,11.1,1,5,2.3,5,1.67,33.3,0,0,0,0,0,1.5,1.5
2022,883,Mike Gesicki,MIA,TE,1,15,BUF,6.666666666666667,1,3.3,1,5,2.1,5,5,100,0,0,0,0,0,1.5,1.5
2022,884,KhaDarel Hodge,ATL,WR,1,17,ARZ,33.33333333333333,1,3.8,1,5,3,5,5,100,0,0,0,0,0,1.5,1.5
2022,885,Trenton Irwin,CIN,WR,1,15,TB,18.181818181818183,2,5.1,1,5,2.5,5,2.5,50,0,0,1,1,0,1.5,1.5
2022,886,Devin Asiasi,CIN,TE,1,16,NE,100,2,3.8,2,5,1.3,2.5,2.5,100,0,0,0,0,0,2.5,2.5
2022,887,Jauan Jennings,SF,WR,1,14,TB,5.88235294117647,1,4.3,1,5,2.6,5,5,100,0,0,0,0,0,1.5,1.5
2022,888,Austin Trammell,LA,WR,1,14,LV,50,2,5.7,1,5,2.2,5,2.5,50,0,0,0,0,0,1.5,1.5
2022,889,Kadarius Toney,KC,WR,1,15,HST,11.11111111111111,1,2.4,1,5,1.5,5,5,100,0,0,0,0,0,1.5,1.5
2022,890,Tre' McKitty,LAC,TE,1,14,MIA,25,1,2,1,5,1.4,5,5,100,0,0,0,0,0,1.5,1.5
2022,891,Khalil Shakir,BUF,WR,1,16,CHI,25,1,3.8,1,5,2.9,5,5,100,0,0,0,0,0,3.5,3.5
2022,892,Mike Woods,CLV,WR,1,16,NO,33.33333333333333,1,3.2,1,5,3.7,5,5,100,0,0,0,0,0,1.5,1.5
2022,893,Skyy Moore,KC,WR,1,16,SEA,14.285714285714285,1,3.6,1,5,2.2,5,5,100,0,0,0,0,0,1.5,1.5
2022,894,Cade Otton,TB,TE,1,18,ATL,3.4482758620689653,1,2.9,1,5,3.7,5,5,100,0,0,0,1,0,1.5,1.5
2022,895,DeAndre Hopkins,ARZ,WR,1,16,TB,32.142857142857146,9,19.6,1,4,1.8,4,0.44,11.1,0,0,0,0,0,1.4,1.4
2022,896,Geoff Swaim,TEN,TE,1,13,PHI,25,1,3.8,1,4,2.5,4,4,100,0,0,0,0,0,1.4,1.4
2022,897,Geoff Swaim,TEN,TE,1,17,DAL,25,1,2.6,1,4,1.7,4,4,100,0,0,0,0,0,1.4,1.4
2022,898,Mo Alie-Cox,IND,TE,1,18,HST,16.666666666666664,1,2.9,1,4,1.9,4,4,100,1,50,1,1,0,7.4,7.4
2022,899,Jamal Agnew,JAX,WR,1,17,HST,10,1,3.4,1,4,2.2,4,4,100,0,0,0,0,0,0.8,0.8
2022,900,Robert Tonyan,GB,TE,1,15,LA,18.181818181818183,2,6.7,1,4,1.7,4,2,50,0,0,0,0,0,1.4,1.4
2022,901,Brandon Powell,LA,WR,1,15,GB,13.333333333333334,2,9.5,1,4,3.6,4,2,50,0,0,0,0,0,1.7,1.7
2022,902,Zach Gentry,PIT,TE,1,15,CAR,20,1,4.5,1,4,2.2,4,4,100,0,0,0,0,0,1.4,1.4
2022,903,Nick Westbrook-Ikhine,TEN,WR,1,13,PHI,11.11111111111111,2,7.7,1,4,2.5,4,2,50,0,0,0,1,0,1.4,1.4
2022,904,Nick Westbrook-Ikhine,TEN,WR,1,17,DAL,11.11111111111111,2,5.1,1,4,1.7,4,2,50,0,0,0,0,0,1.4,1.4
2022,905,Josiah Deguara,GB,TE,1,16,MIA,33.33333333333333,1,2.6,1,4,1.7,4,4,100,0,0,0,0,0,1.4,1.4
2022,906,Josiah Deguara,GB,TE,1,17,MIN,33.33333333333333,1,3.7,1,4,2.4,4,4,100,0,0,0,0,0,1.4,1.4
2022,907,Shane Zylstra,DET,TE,1,13,JAX,8.333333333333332,1,2.4,1,4,1.2,4,4,100,0,0,0,0,0,1.4,1.4
2022,908,Shane Zylstra,DET,TE,1,15,NYJ,8.333333333333332,1,2.6,1,4,1.6,4,4,100,0,0,0,0,0,1.4,1.4
2022,909,Mike Woods,CLV,WR,1,15,BLT,33.33333333333333,1,3.6,1,4,2.5,4,4,100,0,0,0,1,0,0.9,0.9
2022,910,Isaiah Likely,BLT,TE,1,16,ATL,8,2,11.8,1,4,3.5,4,2,50,0,0,1,1,0,1.4,1.4
2022,911,Jake Ferguson,DAL,TE,1,18,WAS,20,1,2.6,1,4,3.1,4,4,100,0,0,0,0,0,1.4,1.4
2022,912,Daniel Bellinger,NYG,TE,1,15,WAS,18.75,3,9.4,1,4,2.5,4,1.33,33.3,0,0,0,0,0,1.4,1.4
2022,913,Nelson Agholor,NE,WR,1,15,LV,25,5,16.1,1,3,2.7,3,0.6,20,0,0,1,1,0,1.3,1.3
2022,914,Eric Tomlinson,DEN,TE,1,18,LAC,14.285714285714285,1,4.2,1,3,1.1,3,3,100,1,33.3,1,1,0,7.3,7.3
2022,915,Blake Bell,KC,TE,1,18,LV,50,1,3.8,1,3,1.5,3,3,100,0,0,0,0,0,1.3,1.3
2022,916,Equanimeous St. Brown,CHI,WR,1,18,MIN,11.11111111111111,1,3.7,1,3,2,3,3,100,0,0,0,0,0,1.3,1.3
2022,917,Brandon Powell,LA,WR,1,17,LAC,13.333333333333334,2,10.5,1,3,2.3,3,1.5,50,0,0,0,0,0,1.9,1.9
2022,918,Penny Hart,SEA,WR,1,15,SF,33.33333333333333,1,2.3,1,3,1.3,3,3,100,0,0,0,0,0,1.3,1.3
2022,919,Donald Parham,LAC,TE,1,17,LA,12.5,1,3.2,1,3,1.3,3,3,100,1,50,1,1,0,7.3,7.3
2022,920,DK Metcalf,SEA,WR,1,17,NYJ,10.416666666666668,5,17.2,1,3,1.6,3,0.6,20,0,0,1,3,0,1.3,1.3
2022,921,Gunner Olszewski,PIT,WR,1,15,CAR,33.33333333333333,1,4.5,1,3,1.7,3,3,100,0,0,0,0,0,1.3,1.3
2022,922,Tim Jones,JAX,WR,1,13,DET,100,1,2.9,1,3,1.6,3,3,100,0,0,0,0,0,1.3,1.3
2022,923,Ben Skowronek,LA,WR,1,15,GB,21.428571428571427,3,14.3,1,3,2.7,3,1,33.3,0,0,0,0,0,1.3,1.3
2022,924,Luke Farrell,JAX,TE,1,13,DET,50,1,2.9,1,3,1.6,3,3,100,0,0,0,0,0,1.3,1.3
2022,925,Stone Smartt,LAC,TE,1,13,LV,75,3,6.4,2,3,0.9,1.5,1,66.7,0,0,0,0,0,2.3,2.3
2022,926,Velus Jones,CHI,WR,1,15,PHI,25,2,9.1,1,3,2,3,1.5,50,0,0,0,0,0,0.3,0.3
2022,927,Erik Ezukanma,MIA,WR,1,18,NYJ,100,1,3.2,1,3,2,3,3,100,0,0,0,0,0,1.3,1.3
2022,928,Ryan Griffin,CHI,TE,1,16,BUF,50,1,3.6,1,2,1.4,2,2,100,0,0,0,1,0,1.2,1.2
2022,929,Mo Alie-Cox,IND,TE,1,16,LAC,33.33333333333333,2,6.9,1,2,1.4,2,1,50,0,0,0,0,0,1.2,1.2
2022,930,Eric Saubert,DEN,TE,1,14,KC,28.57142857142857,2,4.5,1,2,0.8,2,1,50,0,0,0,0,0,1.2,1.2
2022,931,Brandon Powell,LA,WR,1,18,SEA,20,3,11.5,1,2,1.4,2,0.67,33.3,0,0,0,0,0,2.7,2.7
2022,932,Michael Gallup,DAL,WR,1,15,JAX,6.666666666666667,2,6.7,1,2,0.8,2,1,50,0,0,1,1,0,1.2,1.2
2022,933,Penny Hart,SEA,WR,1,16,KC,66.66666666666666,2,5,1,2,0.9,2,1,50,0,0,0,0,0,1.2,1.2
2022,934,Donovan Peoples-Jones,CLV,WR,1,16,NO,15.625,5,16.1,1,2,1.5,2,0.4,20,0,0,0,1,0,1.2,1.2
2022,935,Tommy Tremble,CAR,TE,1,18,NO,10,1,6.7,1,2,4.7,2,2,100,0,0,0,0,0,1.2,1.2
2022,936,George Pickens,PIT,WR,1,13,ATL,8.333333333333332,2,7.1,1,2,1,2,1,50,0,0,0,0,0,1.2,1.2
2022,937,Laquon Treadwell,SEA,WR,1,13,LA,12.5,1,2.6,1,1,0.3,1,1,100,0,0,0,1,0,1.1,1.1
2022,938,Taysom Hill,NO,TE,1,18,CAR,20,1,4,1,1,0.6,1,1,100,0,0,0,0,0,3.5,3.5
2022,939,Zach Gentry,PIT,TE,1,16,LV,20,1,2.6,1,1,0.4,1,1,100,0,0,0,0,0,1.1,1.1
2022,940,Racey McMath,TEN,WR,1,15,LAC,28.57142857142857,2,7.7,1,1,0.5,1,0.5,50,0,0,0,0,0,1.1,1.1
2022,941,Marcedes Lewis,GB,TE,1,13,CHI,25,1,3.2,0,0,0,0,0,0,0,0,0,0,0,2,2
2022,942,Marcedes Lewis,GB,TE,1,17,MIN,0,0,0,0,0,0,0,0,0,0,0,0,0,0,0,0
2022,943,Marcedes Lewis,GB,TE,1,18,DET,0,0,0,0,0,0,0,0,0,0,0,0,0,0,0,0
2022,944,DeSean Jackson,BLT,WR,1,15,CLV,25,3,10,0,0,0,0,0,0,0,0,0,1,0,0,0
2022,945,A.J. Green,ARZ,WR,1,15,DEN,18.181818181818183,2,5.6,0,0,0,0,0,0,0,0,0,0,0,0,0
2022,946,A.J. Green,ARZ,WR,1,16,TB,0,0,0,0,0,0,0,0,0,0,0,0,0,0,0,0
2022,947,Kyle Rudolph,TB,TE,1,13,NO,0,0,0,0,0,0,0,0,0,0,0,0,0,0,0,0
2022,948,Kyle Rudolph,TB,TE,1,16,ARZ,0,0,0,0,0,0,0,0,0,0,0,0,0,0,0,0
2022,949,Kyle Rudolph,TB,TE,1,17,CAR,0,0,0,0,0,0,0,0,0,0,0,0,0,0,0,0
2022,950,Randall Cobb,GB,WR,1,13,CHI,28.57142857142857,4,12.9,0,0,0,0,0,0,0,0,0,1,0,0,0
2022,951,Marquise Goodwin,SEA,WR,1,16,KC,25,4,10,0,0,0,0,0,0,0,0,0,0,0,0,0
2022,952,Ryan Griffin,CHI,TE,1,13,GB,0,0,0,0,0,0,0,0,0,0,0,0,0,0,0,0
2022,953,Ryan Griffin,CHI,TE,1,15,PHI,0,0,0,0,0,0,0,0,0,0,0,0,0,0,0,0
2022,954,Ryan Griffin,CHI,TE,1,17,DET,50,1,4.8,0,0,0,0,0,0,0,0,0,0,0,0,0
2022,955,Ryan Griffin,CHI,TE,1,18,MIN,0,0,0,0,0,0,0,0,0,0,0,0,0,0,0,0
2022,956,John Brown,BUF,WR,1,13,NE,0,0,0,0,0,0,0,0,0,0,0,0,0,0,0,0
2022,957,John Brown,BUF,WR,1,14,NYJ,50,1,3.7,0,0,0,0,0,0,0,0,0,0,0,0,0
2022,958,Cameron Brate,TB,TE,1,16,ARZ,0,0,0,0,0,0,0,0,0,0,0,0,0,0,0,0
2022,959,Cameron Brate,TB,TE,1,18,ATL,0,0,0,0,0,0,0,0,0,0,0,0,0,0,0,0
2022,960,Sammy Watkins,BLT,WR,1,13,CHI,0,0,0,0,0,0,0,0,0,0,0,0,0,0,0,0
2022,961,Sammy Watkins,BLT,WR,1,17,PIT,0,0,0,0,0,0,0,0,0,0,0,0,0,0,0,0
2022,962,Jarvis Landry,NO,WR,1,15,ATL,25,1,5.3,0,0,0,0,0,0,0,0,0,0,0,0,0
2022,963,Chris Manhertz,JAX,TE,1,13,DET,50,1,2.9,0,0,0,0,0,0,0,0,0,0,0,0,0
2022,964,Chris Manhertz,JAX,TE,1,15,DAL,0,0,0,0,0,0,0,0,0,0,0,0,0,0,0,0
2022,965,Chris Manhertz,JAX,TE,1,16,NYJ,0,0,0,0,0,0,0,0,0,0,0,0,0,0,0,0
2022,966,Chris Manhertz,JAX,TE,1,17,HST,0,0,0,0,0,0,0,0,0,0,0,0,0,0,0,0
2022,967,Chris Manhertz,JAX,TE,1,18,TEN,0,0,0,0,0,0,0,0,0,0,0,0,0,0,0,0
2022,968,Nelson Agholor,NE,WR,1,16,CIN,0,0,0,0,0,0,0,0,0,0,0,0,0,0,0,0
2022,969,Nelson Agholor,NE,WR,1,17,MIA,5,1,3,0,0,0,0,0,0,0,0,0,0,0,0,0
2022,970,Nelson Agholor,NE,WR,1,18,BUF,5,1,2.5,0,0,0,0,0,0,0,0,0,0,0,0,0
2022,971,Maxx Williams,ARZ,TE,1,14,NE,0,0,0,0,0,0,0,0,0,0,0,0,0,0,0,0
2022,972,Maxx Williams,ARZ,TE,1,16,TB,0,0,0,0,0,0,0,0,0,0,0,0,0,0,0,0
2022,973,Maxx Williams,ARZ,TE,1,17,ATL,0,0,0,0,0,0,0,0,0,0,0,0,0,0,0,0
2022,974,Maxx Williams,ARZ,TE,1,18,SF,0,0,0,0,0,0,0,0,0,0,0,0,0,0,0,0
2022,975,MyCole Pruitt,ATL,TE,1,16,BLT,7.142857142857142,1,3,0,0,0,0,0,0,0,0,0,1,0,0,0
2022,976,Eric Tomlinson,DEN,TE,1,13,BLT,0,0,0,0,0,0,0,0,0,0,0,0,0,0,0,0
2022,977,Eric Tomlinson,DEN,TE,1,16,LA,0,0,0,0,0,0,0,0,0,0,0,0,0,0,0,0
2022,978,Eric Tomlinson,DEN,TE,1,17,KC,0,0,0,0,0,0,0,0,0,0,0,0,0,0,0,0
2022,979,DeAndre Carter,LAC,WR,1,14,MIA,14.285714285714285,2,3.9,1,0,0,0,0,50,0,0,1,1,0,1,1
2022,980,DeAndre Carter,LAC,WR,1,16,IND,0,0,0,0,0,0,0,0,0,0,0,0,0,0,0,0
2022,981,Damiere Byrd,ATL,WR,1,15,NO,14.285714285714285,1,3.8,0,0,0,0,0,0,0,0,0,0,0,0,0
2022,982,Damiere Byrd,ATL,WR,1,18,TB,14.285714285714285,1,3.3,1,0,0,0,0,100,0,0,0,0,0,1,1
2022,983,Breshad Perriman,TB,WR,1,15,CIN,0,0,0,0,0,0,0,0,0,0,0,0,0,0,0,0
2022,984,Blake Bell,KC,TE,1,16,SEA,0,0,0,0,0,0,0,0,0,0,0,0,0,0,0,0
2022,985,Chris Conley,TEN,WR,1,16,HST,0,0,0,0,0,0,0,0,0,0,0,0,0,0,0,0
2022,986,Chris Conley,TEN,WR,1,17,DAL,0,0,0,0,0,0,0,0,0,0,0,0,0,0,0,0
2022,987,Chris Conley,TEN,WR,1,18,JAX,0,0,0,0,0,0,0,0,0,0,0,0,0,0,0,0
2022,988,Geoff Swaim,TEN,TE,1,14,JAX,0,0,0,0,0,0,0,0,0,0,0,0,0,0,0,0
2022,989,Geoff Swaim,TEN,TE,1,15,LAC,0,0,0,0,0,0,0,0,0,0,0,0,0,0,0,0
2022,990,Phillip Dorsett,HST,WR,1,15,KC,6.25,1,3.4,0,0,0,0,0,0,0,0,0,0,0,0,0
2022,991,Tyler Kroft,SF,TE,1,14,TB,0,0,0,0,0,0,0,0,0,0,0,0,0,0,0,0
2022,992,Tyler Kroft,SF,TE,1,16,WAS,0,0,0,0,0,0,0,0,0,0,0,0,0,0,0,0
2022,993,Tyler Kroft,SF,TE,1,17,LV,0,0,0,0,0,0,0,0,0,0,0,0,0,0,0,0
2022,994,Tyler Kroft,SF,TE,1,18,ARZ,0,0,0,0,0,0,0,0,0,0,0,0,0,0,0,0
2022,995,Nick Vannett,NYG,TE,1,13,WAS,0,0,0,0,0,0,0,0,0,0,0,0,0,0,0,0
2022,996,Nick Vannett,NYG,TE,1,16,MIN,0,0,0,0,0,0,0,0,0,0,0,0,0,0,0,0
2022,997,Robby Anderson,ARZ,WR,1,15,DEN,28.57142857142857,2,5.6,0,0,0,0,0,0,0,0,0,0,0,0,0
2022,998,Robby Anderson,ARZ,WR,1,16,TB,0,0,0,0,0,0,0,0,0,0,0,0,0,0,0,0
2022,999,Stephen Anderson,ARZ,TE,1,15,DEN,0,0,0,0,0,0,0,0,0,0,0,0,0,0,0,0
2022,1000,Stephen Anderson,ARZ,TE,1,16,TB,50,2,4.3,0,0,0,0,0,0,0,0,0,0,0,0,0
2022,1001,Stephen Anderson,ARZ,TE,1,18,SF,0,0,0,0,0,0,0,0,0,0,0,0,0,0,0,0
2022,1002,Laquon Treadwell,SEA,WR,1,14,CAR,0,0,0,0,0,0,0,0,0,0,0,0,0,0,0,0
2022,1003,Laquon Treadwell,SEA,WR,1,18,LA,0,0,0,0,0,0,0,0,0,0,0,0,0,0,0,0
2022,1004,Marcus Johnson,NYG,WR,1,13,WAS,0,0,0,0,0,0,0,0,0,0,0,0,0,0,0,0
2022,1005,Marcus Johnson,NYG,WR,1,14,PHI,0,0,0,0,0,0,0,0,0,0,0,0,0,0,0,0
2022,1006,Marcus Johnson,NYG,WR,1,15,WAS,0,0,0,0,0,0,0,0,0,0,0,0,0,0,0,0
2022,1007,Marcus Johnson,NYG,WR,1,16,MIN,0,0,0,0,0,0,0,0,0,0,0,0,0,0,0,0
2022,1008,Marcus Johnson,NYG,WR,1,17,IND,0,0,0,0,0,0,0,0,0,0,0,0,0,0,0,0
2022,1009,Tyler Boyd,CIN,WR,1,14,CLV,4.545454545454546,1,3,0,0,0,0,0,0,0,0,0,0,0,0,0
2022,1010,Hunter Henry,NE,TE,1,16,CIN,0,0,0,0,0,0,0,0,0,0,0,0,0,0,0,0
2022,1011,Pharoh Cooper,ARZ,WR,1,16,TB,0,0,0,0,0,0,0,0,0,0,0,0,0,0,0,0
2022,1012,Pharoh Cooper,ARZ,WR,1,17,ATL,0,0,0,0,0,0,0,0,0,0,0,0,0,0,0.8,0.8
2022,1013,Mo Alie-Cox,IND,TE,1,15,MIN,16.666666666666664,1,3,0,0,0,0,0,0,0,0,0,0,0,0,0
2022,1014,Mo Alie-Cox,IND,TE,1,17,NYG,16.666666666666664,1,3.7,0,0,0,0,0,0,0,0,0,0,0,0,0
2022,1015,Johnny Mundt,MIN,TE,1,14,DET,0,0,0,0,0,0,0,0,0,0,0,0,0,0,0,0
2022,1016,Johnny Mundt,MIN,TE,1,17,GB,0,0,0,0,0,0,0,0,0,0,0,0,0,0,0,0
2022,1017,Johnny Mundt,MIN,TE,1,18,CHI,0,0,0,0,0,0,0,0,0,0,0,0,0,0,0,0
2022,1018,Zach Pascal,PHI,WR,1,15,CHI,0,0,0,0,0,0,0,0,0,0,0,0,0,0,0,0
2022,1019,Zach Pascal,PHI,WR,1,17,NO,0,0,0,0,0,0,0,0,0,0,0,0,0,0,0,0
2022,1020,Zach Pascal,PHI,WR,1,18,NYG,0,0,0,0,0,0,0,0,0,0,0,0,0,0,0,0
2022,1021,Trent Taylor,CIN,WR,1,13,KC,0,0,0,0,0,0,0,0,0,0,0,0,0,0,-0.3,-0.3
2022,1022,Kendrick Bourne,NE,WR,1,15,LV,4.3478260869565215,1,3.2,0,0,0,0,0,0,0,0,0,0,0,0,0
2022,1023,Taysom Hill,NO,TE,1,15,ATL,0,0,0,0,0,0,0,0,0,0,0,0,0,0,10.2,10.2
2022,1024,Taysom Hill,NO,TE,1,16,CLV,0,0,0,0,0,0,0,0,0,0,0,0,0,0,11.6,11.6
2022,1025,Pharaoh Brown,CLV,TE,1,14,CIN,0,0,0,0,0,0,0,0,0,0,0,0,0,0,0,0
2022,1026,Pharaoh Brown,CLV,TE,1,15,BLT,0,0,0,0,0,0,0,0,0,0,0,0,0,0,0,0
2022,1027,Pharaoh Brown,CLV,TE,1,16,NO,0,0,0,0,0,0,0,0,0,0,0,0,0,0,0,0
2022,1028,Pharaoh Brown,CLV,TE,1,17,WAS,0,0,0,0,0,0,0,0,0,0,0,0,0,0,0,0
2022,1029,Pharaoh Brown,CLV,TE,1,18,PIT,0,0,0,0,0,0,0,0,0,0,0,0,0,0,0,0
2022,1030,Anthony Firkser,ATL,TE,1,15,NO,25,2,7.7,0,0,0,0,0,0,0,0,0,0,0,0,0
2022,1031,Anthony Firkser,ATL,TE,1,17,ARZ,0,0,0,0,0,0,0,0,0,0,0,0,0,0,0,0
2022,1032,Isaiah McKenzie,BUF,WR,1,16,CHI,10,2,7.7,0,0,0,0,0,0,0,0,0,0,0,0.6,0.6
2022,1033,Jamal Agnew,JAX,WR,1,13,DET,10,1,2.9,0,0,0,0,0,0,0,0,0,0,0,2.3,2.3
2022,1034,Eric Saubert,DEN,TE,1,13,BLT,0,0,0,0,0,0,0,0,0,0,0,0,0,0,0,0
2022,1035,Eric Saubert,DEN,TE,1,16,LA,0,0,0,0,0,0,0,0,0,0,0,0,0,0,0,0
2022,1036,Eric Saubert,DEN,TE,1,18,LAC,0,0,0,0,0,0,0,0,0,0,0,0,0,0,0,0
2022,1037,Keelan Cole,LV,WR,1,13,LAC,0,0,0,0,0,0,0,0,0,0,0,0,0,0,0,0
2022,1038,Keelan Cole,LV,WR,1,16,PIT,16.666666666666664,1,3.3,0,0,0,0,0,0,0,0,0,0,0,0,0
2022,1039,Keelan Cole,LV,WR,1,17,SF,0,0,0,0,0,0,0,0,0,0,0,0,0,0,0,0
2022,1040,Jonnu Smith,NE,TE,1,14,ARZ,10,1,2.9,0,0,0,0,0,0,0,0,0,0,0,0,0
2022,1041,O.J. Howard,HST,TE,1,14,DAL,0,0,0,0,0,0,0,0,0,0,0,0,0,0,0,0
2022,1042,Gerald Everett,LAC,TE,1,16,IND,0,0,0,0,0,0,0,0,0,0,0,0,0,0,0,0
2022,1043,Kenny Golladay,NYG,WR,1,14,PHI,0,0,0,0,0,0,0,0,0,0,0,0,0,0,0,0
2022,1044,Kenny Golladay,NYG,WR,1,15,WAS,0,0,0,0,0,0,0,0,0,0,0,0,0,0,0,0
2022,1045,Kenny Golladay,NYG,WR,1,16,MIN,0,0,0,0,0,0,0,0,0,0,0,0,0,0,0,0
2022,1046,Kenny Golladay,NYG,WR,1,17,IND,0,0,0,0,0,0,0,0,0,0,0,0,0,0,0,0
2022,1047,Josh Reynolds,DET,WR,1,15,NYJ,0,0,0,0,0,0,0,0,0,0,0,0,0,0,0,0
2022,1048,Dan Arnold,JAX,TE,1,13,DET,0,0,0,0,0,0,0,0,0,0,0,0,0,0,0,0
2022,1049,Dan Arnold,JAX,TE,1,15,DAL,0,0,0,0,0,0,0,0,0,0,0,0,0,0,0,0
2022,1050,Dan Arnold,JAX,TE,1,17,HST,33.33333333333333,1,3.4,0,0,0,0,0,0,0,0,0,0,0,0,0
2022,1051,River Cracraft,MIA,WR,1,17,NE,0,0,0,0,0,0,0,0,0,0,0,0,0,0,0,0
2022,1052,Cam Sims,WAS,WR,1,15,NYG,0,0,0,0,0,0,0,0,0,0,0,0,0,0,0,0
2022,1053,Cam Sims,WAS,WR,1,16,SF,0,0,0,0,0,0,0,0,0,0,0,0,0,0,0,0
2022,1054,Cam Sims,WAS,WR,1,18,DAL,25,1,5.3,0,0,0,0,0,0,0,0,1,1,0,0,0
2022,1055,Marquez Valdes-Scantling,KC,WR,1,16,SEA,7.142857142857142,2,7.1,0,0,0,0,0,0,0,0,0,0,0,0,0
2022,1056,Byron Pringle,CHI,WR,1,13,GB,0,0,0,0,0,0,0,0,0,0,0,0,0,0,0,0
2022,1057,Byron Pringle,CHI,WR,1,17,DET,37.5,3,14.3,0,0,0,0,0,0,0,0,0,0,0,0,0
2022,1058,Keith Kirkwood,NO,WR,1,16,CLV,100,2,13.3,0,0,0,0,0,0,0,0,0,0,0,0,0
2022,1059,Keith Kirkwood,NO,WR,1,17,PHI,0,0,0,0,0,0,0,0,0,0,0,0,0,0,0,0
2022,1060,Keith Kirkwood,NO,WR,1,18,CAR,0,0,0,0,0,0,0,0,0,0,0,0,0,0,0,0
2022,1061,Courtland Sutton,DEN,WR,1,13,BLT,5,1,4.5,0,0,0,0,0,0,0,0,0,0,0,0,0
2022,1062,Ian Thomas,CAR,TE,1,15,PIT,0,0,0,0,0,0,0,0,0,0,0,0,0,0,0,0
2022,1063,Ian Thomas,CAR,TE,1,18,NO,0,0,0,0,0,0,0,0,0,0,0,0,0,0,0,0
2022,1064,Justin Watson,KC,WR,1,14,DEN,16.666666666666664,2,4.8,0,0,0,0,0,0,0,0,0,0,0,0,0
2022,1065,Justin Watson,KC,WR,1,15,HST,8.333333333333332,1,2.4,0,0,0,0,0,0,0,0,0,0,0,0,0
2022,1066,Justin Watson,KC,WR,1,16,SEA,33.33333333333333,4,14.3,0,0,0,0,0,0,0,0,0,0,0,0,0
2022,1067,Ray-Ray McCloud,SF,WR,1,13,MIA,0,0,0,0,0,0,0,0,0,0,0,0,0,0,0,0
2022,1068,Ray-Ray McCloud,SF,WR,1,16,WAS,16.666666666666664,1,4.5,0,0,0,0,0,0,0,0,0,0,0,13.1,13.1
2022,1069,Ray-Ray McCloud,SF,WR,1,18,ARZ,0,0,0,0,0,0,0,0,0,0,0,0,0,0,0,0
2022,1070,Cedrick Wilson,MIA,WR,1,13,SF,0,0,0,0,0,0,0,0,0,0,0,0,0,0,0,0
2022,1071,Cedrick Wilson,MIA,WR,1,16,GB,0,0,0,0,0,0,0,0,0,0,0,0,0,0,0,0
2022,1072,Cedrick Wilson,MIA,WR,1,17,NE,0,0,0,0,0,0,0,0,0,0,0,0,0,0,0,0
2022,1073,Braxton Berrios,NYJ,WR,1,18,MIA,0,0,0,0,0,0,0,0,0,0,0,0,0,0,0,0
2022,1074,Trent Sherfield,MIA,WR,1,15,BUF,6.25,1,3.3,0,0,0,0,0,0,0,0,1,1,0,0,0
2022,1075,Trent Sherfield,MIA,WR,1,18,NYJ,0,0,0,0,0,0,0,0,0,0,0,0,0,0,0,0
2022,1076,Brandon Powell,LA,WR,1,14,LV,6.666666666666667,1,2.9,0,0,0,0,0,0,0,0,0,0,0,0,0
2022,1077,James Washington,DAL,WR,1,14,HST,100,1,2.6,0,0,0,0,0,0,0,0,0,0,0,0,0
2022,1078,James Washington,DAL,WR,1,15,JAX,0,0,0,0,0,0,0,0,0,0,0,0,0,0,0,0
2022,1079,Tre'Quan Smith,NO,WR,1,13,TB,0,0,0,0,0,0,0,0,0,0,0,0,0,0,0,0
2022,1080,Tre'Quan Smith,NO,WR,1,16,CLV,50,1,6.7,0,0,0,0,0,0,0,0,0,0,0,0,0
2022,1081,Tre'Quan Smith,NO,WR,1,17,PHI,0,0,0,0,0,0,0,0,0,0,0,0,0,0,0,0
2022,1082,Durham Smythe,MIA,TE,1,14,LAC,0,0,0,0,0,0,0,0,0,0,0,0,0,0,0,0
2022,1083,D.J. Moore,CAR,WR,1,14,SEA,10.714285714285714,3,12.5,0,0,0,0,0,0,0,0,1,2,0,0.6,0.6
2022,1084,Mike Gesicki,MIA,TE,1,13,SF,6.666666666666667,1,2.9,0,0,0,0,0,0,0,0,0,0,0,0,0
2022,1085,Mike Gesicki,MIA,TE,1,14,LAC,13.333333333333334,2,7.1,0,0,0,0,0,0,0,0,0,0,0,0,0
2022,1086,KhaDarel Hodge,ATL,WR,1,13,PIT,66.66666666666666,2,8.3,0,0,0,0,0,0,0,0,0,0,0,0,0
2022,1087,KhaDarel Hodge,ATL,WR,1,15,NO,0,0,0,0,0,0,0,0,0,0,0,0,0,0,0,0
2022,1088,KhaDarel Hodge,ATL,WR,1,16,BLT,0,0,0,0,0,0,0,0,0,0,0,0,0,0,0,0
2022,1089,KhaDarel Hodge,ATL,WR,1,18,TB,0,0,0,0,0,0,0,0,0,0,0,0,0,0,0,0
2022,1090,Dante Pettis,CHI,WR,1,17,DET,6.25,1,4.8,0,0,0,0,0,0,0,0,0,0,0,0,0
2022,1091,Steven Sims,PIT,WR,1,13,ATL,16.666666666666664,2,7.1,0,0,0,0,0,0,0,0,0,0,0,1.9,1.9
2022,1092,Steven Sims,PIT,WR,1,18,CLV,0,0,0,0,0,0,0,0,0,0,0,0,0,0,1.6,1.6
2022,1093,Andrew Beck,DEN,TE,1,15,ARZ,25,1,3.8,0,0,0,0,0,0,0,0,0,0,0,0.1,0.1
2022,1094,Andrew Beck,DEN,TE,1,18,LAC,25,1,4.2,0,0,0,0,0,0,0,0,0,0,0,0,0
2022,1095,Foster Moreau,LV,TE,1,14,LA,7.6923076923076925,1,5,0,0,0,0,0,0,0,0,0,0,0,0,0
2022,1096,Ashton Dulin,IND,WR,1,16,LAC,0,0,0,0,0,0,0,0,0,0,0,0,0,0,0,0
2022,1097,Ashton Dulin,IND,WR,1,18,HST,0,0,0,0,0,0,0,0,0,0,0,0,0,0,0,0
2022,1098,Olamide Zaccheaus,ATL,WR,1,15,NO,13.636363636363635,3,11.5,0,0,0,0,0,0,0,0,1,1,0,0,0
2022,1099,Olamide Zaccheaus,ATL,WR,1,17,ARZ,0,0,0,0,0,0,0,0,0,0,0,0,0,0,0,0
2022,1100,Zach Gentry,PIT,TE,1,14,BLT,20,1,3.2,0,0,0,0,0,0,0,0,0,0,0,0,0
2022,1101,Zach Gentry,PIT,TE,1,17,BLT,0,0,0,0,0,0,0,0,0,0,0,0,0,0,0,0
2022,1102,Josh Oliver,BLT,TE,1,13,DEN,0,0,0,0,0,0,0,0,0,0,0,0,0,0,0,0
2022,1103,Josh Oliver,BLT,TE,1,14,PIT,0,0,0,0,0,0,0,0,0,0,0,0,0,0,0,0
2022,1104,Josh Oliver,BLT,TE,1,17,PIT,14.285714285714285,1,4.8,0,0,0,0,0,0,0,0,0,0,0,0,0
2022,1105,Josh Oliver,BLT,TE,1,18,CIN,14.285714285714285,1,2.3,0,0,0,0,0,0,0,0,0,0,0,0,0
2022,1106,Scott Miller,TB,WR,1,14,SF,16.666666666666664,1,1.8,0,0,0,0,0,0,0,0,0,0,0,0,0
2022,1107,Scott Miller,TB,WR,1,15,CIN,0,0,0,0,0,0,0,0,0,0,0,0,0,0,0,0
2022,1108,Scott Miller,TB,WR,1,16,ARZ,16.666666666666664,1,2.1,0,0,0,0,0,0,0,0,0,0,0,0,0
2022,1109,Greg Dortch,ARZ,WR,1,14,NE,0,0,0,0,0,0,0,0,0,0,0,0,0,0,0,0
2022,1110,Greg Dortch,ARZ,WR,1,15,DEN,0,0,0,0,0,0,0,0,0,0,0,0,0,0,0,0
2022,1111,Darius Slayton,NYG,WR,1,18,PHI,0,0,0,0,0,0,0,0,0,0,0,0,0,0,0,0
2022,1112,Joe Fortson,KC,TE,1,14,DEN,0,0,0,0,0,0,0,0,0,0,0,0,0,0,0,0
2022,1113,Joe Fortson,KC,TE,1,15,HST,50,1,2.4,0,0,0,0,0,0,0,0,1,1,0,0,0
2022,1114,Parker Hesse,ATL,TE,1,15,NO,0,0,0,0,0,0,0,0,0,0,0,0,0,0,0,0
2022,1115,Parker Hesse,ATL,TE,1,17,ARZ,0,0,0,0,0,0,0,0,0,0,0,0,0,0,0,0
2022,1116,N'Keal Harry,CHI,WR,1,16,BUF,0,0,0,0,0,0,0,0,0,0,0,0,0,0,0,0
2022,1117,Noah Fant,SEA,TE,1,14,CAR,4.545454545454546,1,2.8,0,0,0,0,0,0,0,0,0,0,0,0,0
2022,1118,Gunner Olszewski,PIT,WR,1,13,ATL,0,0,0,0,0,0,0,0,0,0,0,0,0,0,0.2,0.2
2022,1119,Gunner Olszewski,PIT,WR,1,16,LV,0,0,0,0,0,0,0,0,0,0,0,0,0,0,0,0
2022,1120,Gunner Olszewski,PIT,WR,1,17,BLT,0,0,0,0,0,0,0,0,0,0,0,0,0,0,0.6,0.6
2022,1121,Gunner Olszewski,PIT,WR,1,18,CLV,0,0,0,0,0,0,0,0,0,0,0,0,0,0,0.4,0.4
2022,1122,Dawson Knox,BUF,TE,1,13,NE,4.3478260869565215,1,3,0,0,0,0,0,0,0,0,0,0,0,0,0
2022,1123,Miles Boykin,PIT,WR,1,14,BLT,0,0,0,0,0,0,0,0,0,0,0,0,0,0,0,0
2022,1124,Miles Boykin,PIT,WR,1,15,CAR,100,1,4.5,1,0,0,0,0,100,0,0,0,0,0,1,1
2022,1125,Miles Boykin,PIT,WR,1,16,LV,0,0,0,0,0,0,0,0,0,0,0,0,0,0,0,0
2022,1126,Miles Boykin,PIT,WR,1,18,CLV,0,0,0,0,0,0,0,0,0,0,0,0,0,0,0,0
2022,1127,Mitchell Wilcox,CIN,TE,1,18,BLT,0,0,0,0,0,0,0,0,0,0,0,0,0,0,0,0
2022,1128,Kendall Hinton,DEN,WR,1,17,KC,22.22222222222222,2,5.3,0,0,0,0,0,0,0,0,0,0,0,0,0
2022,1129,Giovanni Ricci,CAR,TE,1,15,PIT,0,0,0,0,0,0,0,0,0,0,0,0,0,0,0,0
2022,1130,James Proche,BLT,WR,1,14,PIT,0,0,0,0,0,0,0,0,0,0,0,0,0,0,0,0
2022,1131,James Proche,BLT,WR,1,15,CLV,28.57142857142857,2,6.7,0,0,0,0,0,0,0,0,0,0,0,0,0
2022,1132,James Proche,BLT,WR,1,17,PIT,0,0,0,0,0,0,0,0,0,0,0,0,0,0,0,0
2022,1133,James Proche,BLT,WR,1,18,CIN,42.857142857142854,3,6.8,0,0,0,0,0,0,0,0,0,0,0,0,0
2022,1134,Nick Westbrook-Ikhine,TEN,WR,1,15,LAC,11.11111111111111,2,7.7,0,0,0,0,0,0,0,0,0,1,0,0,0
2022,1135,Nick Westbrook-Ikhine,TEN,WR,1,18,JAX,5.555555555555555,1,3.4,0,0,0,0,0,0,0,0,0,0,0,0,0
2022,1136,Devin Asiasi,CIN,TE,1,13,KC,0,0,0,0,0,0,0,0,0,0,0,0,0,0,0,0
2022,1137,Devin Asiasi,CIN,TE,1,14,CLV,0,0,0,0,0,0,0,0,0,0,0,0,0,0,0,0
2022,1138,Devin Asiasi,CIN,TE,1,15,TB,0,0,0,0,0,0,0,0,0,0,0,0,0,0,0,0
2022,1139,Marquez Callaway,NO,WR,1,13,TB,50,1,3.4,0,0,0,0,0,0,0,0,0,0,0,0,0
2022,1140,Marquez Callaway,NO,WR,1,16,CLV,0,0,0,0,0,0,0,0,0,0,0,0,0,0,0,0
2022,1141,Marquez Callaway,NO,WR,1,18,CAR,50,1,4,0,0,0,0,0,0,0,0,0,0,0,0,0
2022,1142,Harrison Bryant,CLV,TE,1,16,NO,0,0,0,0,0,0,0,0,0,0,0,0,0,0,0,0
2022,1143,Colby Parkinson,SEA,TE,1,15,SF,5.555555555555555,1,2.3,0,0,0,0,0,0,0,0,0,1,0,0,0
2022,1144,Freddie Swain,DEN,WR,1,14,LAC,0,0,0,0,0,0,0,0,0,0,0,0,0,0,0,0
2022,1145,Denzel Mims,NYJ,WR,1,13,MIN,11.11111111111111,1,1.7,0,0,0,0,0,0,0,0,0,0,0,0,0
2022,1146,Denzel Mims,NYJ,WR,1,17,SEA,11.11111111111111,1,2.2,0,0,0,0,0,0,0,0,0,0,0,0,0
2022,1147,Denzel Mims,NYJ,WR,1,18,MIA,0,0,0,0,0,0,0,0,0,0,0,0,0,0,0,0
2022,1148,Laviska Shenault,CAR,WR,1,15,PIT,8.333333333333332,1,4.3,0,0,0,0,0,0,0,0,0,0,0,0,0
2022,1149,Quez Watkins,PHI,WR,1,17,NO,3.7037037037037033,1,3.1,0,0,0,0,0,0,0,0,0,0,0,0,0
2022,1150,Chase Claypool,CHI,WR,1,17,DET,7.6923076923076925,1,4.8,0,0,0,0,0,0,0,0,0,0,0,0,0
2022,1151,Devin Duvernay,BLT,WR,1,14,PIT,10,1,5.9,0,0,0,0,0,0,0,0,0,0,0,0,0
2022,1152,Josiah Deguara,GB,TE,1,13,CHI,33.33333333333333,1,3.2,0,0,0,0,0,0,0,0,0,0,0,0,0
2022,1153,Josiah Deguara,GB,TE,1,15,LA,0,0,0,0,0,0,0,0,0,0,0,0,0,0,0,0
2022,1154,Josiah Deguara,GB,TE,1,18,DET,0,0,0,0,0,0,0,0,0,0,0,0,0,0,0,0
2022,1155,Jalen Reagor,MIN,WR,1,14,DET,16.666666666666664,1,2.4,0,0,0,0,0,0,0,0,0,0,0,0,0
2022,1156,Jalen Reagor,MIN,WR,1,15,IND,33.33333333333333,2,3.6,0,0,0,0,0,0,0,0,0,0,0,-0.5,-0.5
2022,1157,Jalen Reagor,MIN,WR,1,17,GB,0,0,0,0,0,0,0,0,0,0,0,0,0,0,0,0
2022,1158,Tee Higgins,CIN,WR,1,14,CLV,0,0,0,0,0,0,0,0,0,0,0,0,0,0,0,0
2022,1159,Adam Trautman,NO,TE,1,15,ATL,16.666666666666664,1,5.3,0,0,0,0,0,0,0,0,0,0,0,0,0
2022,1160,Adam Trautman,NO,TE,1,16,CLV,0,0,0,0,0,0,0,0,0,0,0,0,0,0,0,0
2022,1161,Albert Okwuegbunam,DEN,TE,1,14,KC,0,0,0,0,0,0,0,0,0,0,0,0,0,0,0,0
2022,1162,Albert Okwuegbunam,DEN,TE,1,18,LAC,14.285714285714285,1,4.2,0,0,0,0,0,0,0,0,0,0,0,0,0
2022,1163,Brycen Hopkins,LA,TE,1,13,SEA,0,0,0,0,0,0,0,0,0,0,0,0,0,0,0,0
2022,1164,Brycen Hopkins,LA,TE,1,15,GB,0,0,0,0,0,0,0,0,0,0,0,0,0,0,0,0
2022,1165,Brycen Hopkins,LA,TE,1,18,SEA,16.666666666666664,1,3.8,0,0,0,0,0,0,0,0,0,0,0,0,0
2022,1166,Stephen Sullivan,CAR,TE,1,14,SEA,33.33333333333333,1,4.2,0,0,0,0,0,0,0,0,0,0,0,0,0
2022,1167,Stephen Sullivan,CAR,TE,1,15,PIT,0,0,0,0,0,0,0,0,0,0,0,0,0,0,0,0
2022,1168,Stephen Sullivan,CAR,TE,1,16,DET,0,0,0,0,0,0,0,0,0,0,0,0,0,0,0,0
2022,1169,Stephen Sullivan,CAR,TE,1,17,TB,66.66666666666666,2,5.4,0,0,0,0,0,0,0,0,0,0,0,0,0
2022,1170,Stephen Sullivan,CAR,TE,1,18,NO,0,0,0,0,0,0,0,0,0,0,0,0,0,0,0,0
2022,1171,Mike Strachan,IND,WR,1,13,DAL,0,0,0,0,0,0,0,0,0,0,0,0,0,0,0,0
2022,1172,Mike Strachan,IND,WR,1,16,LAC,0,0,0,0,0,0,0,0,0,0,0,0,0,0,0,0
2022,1173,Mike Strachan,IND,WR,1,17,NYG,100,1,3.7,0,0,0,0,0,0,0,0,0,0,0,0,0
2022,1174,Mike Strachan,IND,WR,1,18,HST,0,0,0,0,0,0,0,0,0,0,0,0,0,0,0,0
2022,1175,Tim Jones,JAX,WR,1,14,TEN,0,0,0,0,0,0,0,0,0,0,0,0,0,0,0,0
2022,1176,Tim Jones,JAX,WR,1,15,DAL,0,0,0,0,0,0,0,0,0,0,0,0,0,0,0,0
2022,1177,Tim Jones,JAX,WR,1,16,NYJ,0,0,0,0,0,0,0,0,0,0,0,0,0,0,0,0
2022,1178,D.J. Turner,LV,WR,1,13,LAC,0,0,0,0,0,0,0,0,0,0,0,0,0,0,0,0
2022,1179,D.J. Turner,LV,WR,1,14,LA,100,1,5,0,0,0,0,0,0,0,0,0,1,0,0.6,0.6
2022,1180,Shane Zylstra,DET,TE,1,18,GB,8.333333333333332,1,2.9,0,0,0,0,0,0,0,0,0,0,0,0,0
2022,1181,Brevin Jordan,HST,TE,1,14,DAL,0,0,0,0,0,0,0,0,0,0,0,0,0,0,0,0
2022,1182,Shi Smith,CAR,WR,1,18,NO,8.333333333333332,1,6.7,0,0,0,0,0,0,0,0,0,0,0,0,0
2022,1183,Quintin Morris,BUF,TE,1,14,NYJ,0,0,0,0,0,0,0,0,0,0,0,0,0,0,0,0
2022,1184,Quintin Morris,BUF,TE,1,16,CHI,0,0,0,0,0,0,0,0,0,0,0,0,0,0,0,0
2022,1185,Quintin Morris,BUF,TE,1,18,NE,0,0,0,0,0,0,0,0,0,0,0,0,0,0,0,0
2022,1186,Dyami Brown,WAS,WR,1,13,NYG,0,0,0,0,0,0,0,0,0,0,0,0,0,0,0,0
2022,1187,Dyami Brown,WAS,WR,1,15,NYG,100,2,6.9,0,0,0,0,0,0,0,0,0,0,0,1.5,1.5
2022,1188,Dyami Brown,WAS,WR,1,16,SF,0,0,0,0,0,0,0,0,0,0,0,0,0,0,0,0
2022,1189,Dyami Brown,WAS,WR,1,17,CLV,0,0,0,0,0,0,0,0,0,0,0,0,0,0,0,0
2022,1190,Dyami Brown,WAS,WR,1,18,DAL,0,0,0,0,0,0,0,0,0,0,0,0,0,0,0,0
2022,1191,Racey McMath,TEN,WR,1,14,JAX,57.14285714285714,4,10.5,0,0,0,0,0,0,0,0,0,1,0,0,0
2022,1192,Racey McMath,TEN,WR,1,18,JAX,0,0,0,0,0,0,0,0,0,0,0,0,0,0,0.4,0.4
2022,1193,Jack Stoll,PHI,TE,1,16,DAL,0,0,0,0,0,0,0,0,0,0,0,0,0,0,0,0
2022,1194,Jack Stoll,PHI,TE,1,17,NO,0,0,0,0,0,0,0,0,0,0,0,0,0,0,0,0
2022,1195,Jack Stoll,PHI,TE,1,18,NYG,0,0,0,0,0,0,0,0,0,0,0,0,0,0,0,0
2022,1196,Brock Wright,DET,TE,1,14,MIN,9.090909090909092,1,2.6,0,0,0,0,0,0,0,0,0,0,0,0,0
2022,1197,Brock Wright,DET,TE,1,18,GB,9.090909090909092,1,2.9,0,0,0,0,0,0,0,0,0,0,0,0,0
2022,1198,Cade Johnson,SEA,WR,1,17,NYJ,50,2,6.9,0,0,0,0,0,0,0,0,0,0,0,0,0
2022,1199,Austin Trammell,LA,WR,1,15,GB,0,0,0,0,0,0,0,0,0,0,0,0,0,0,0,0
2022,1200,Austin Trammell,LA,WR,1,16,DEN,0,0,0,0,0,0,0,0,0,0,0,0,0,0,0,0
2022,1201,Austin Trammell,LA,WR,1,18,SEA,0,0,0,0,0,0,0,0,0,0,0,0,0,0,0,0
2022,1202,Luke Farrell,JAX,TE,1,17,HST,0,0,0,0,0,0,0,0,0,0,0,0,0,0,0,0
2022,1203,Pat Freiermuth,PIT,TE,1,15,CAR,0,0,0,0,0,0,0,0,0,0,0,0,0,0,0,0
2022,1204,Pat Freiermuth,PIT,TE,1,18,CLV,7.6923076923076925,2,6.9,0,0,0,0,0,0,0,0,1,1,0,0,0
2022,1205,Frank Darby,ATL,WR,1,16,BLT,0,0,0,0,0,0,0,0,0,0,0,0,0,0,0,0
2022,1206,Frank Darby,ATL,WR,1,17,ARZ,0,0,0,0,0,0,0,0,0,0,0,0,0,0,0,0
2022,1207,Josh Palmer,LAC,WR,1,17,LA,0,0,0,0,0,0,0,0,0,0,0,0,0,0,0,0
2022,1208,Amari Rodgers,HST,WR,1,13,CLV,0,0,0,0,0,0,0,0,0,0,0,0,0,0,0,0
2022,1209,Tommy Tremble,CAR,TE,1,14,SEA,10,1,4.2,0,0,0,0,0,0,0,0,1,1,0,0,0
2022,1210,Tre' McKitty,LAC,TE,1,15,TEN,0,0,0,0,0,0,0,0,0,0,0,0,0,0,0,0
2022,1211,Tre' McKitty,LAC,TE,1,17,LA,0,0,0,0,0,0,0,0,0,0,0,0,0,0,0,0
2022,1212,Tre' McKitty,LAC,TE,1,18,DEN,25,1,2.3,0,0,0,0,0,0,0,0,1,1,0,0,0
2022,1213,Lance McCutcheon,LA,WR,1,15,GB,0,0,0,0,0,0,0,0,0,0,0,0,0,0,0,0
2022,1214,Lance McCutcheon,LA,WR,1,16,DEN,0,0,0,0,0,0,0,0,0,0,0,0,0,0,0,0
2022,1215,Lance McCutcheon,LA,WR,1,17,LAC,100,1,5.3,0,0,0,0,0,0,0,0,0,0,0,0,0
2022,1216,Lance McCutcheon,LA,WR,1,18,SEA,0,0,0,0,0,0,0,0,0,0,0,0,0,0,0,0
2022,1217,Grant Calcaterra,PHI,TE,1,15,CHI,16.666666666666664,1,2.7,0,0,0,0,0,0,0,0,0,0,0,0,0
2022,1218,Grant Calcaterra,PHI,TE,1,16,DAL,0,0,0,0,0,0,0,0,0,0,0,0,0,0,0,0
2022,1219,Grant Calcaterra,PHI,TE,1,18,NYG,0,0,0,0,0,0,0,0,0,0,0,0,0,0,0,0
2022,1220,Dareke Young,SEA,WR,1,13,LA,0,0,0,0,0,0,0,0,0,0,0,0,0,0,0,0
2022,1221,Dareke Young,SEA,WR,1,14,CAR,0,0,0,0,0,0,0,0,0,0,0,0,0,0,0,0
2022,1222,Dareke Young,SEA,WR,1,16,KC,0,0,0,0,0,0,0,0,0,0,0,0,0,0,0,0
2022,1223,Dareke Young,SEA,WR,1,17,NYJ,0,0,0,0,0,0,0,0,0,0,0,0,0,0,0,0
2022,1224,Samori Toure,GB,WR,1,16,MIA,0,0,0,0,0,0,0,0,0,0,0,0,0,0,0,0
2022,1225,Samori Toure,GB,WR,1,17,MIN,0,0,0,0,0,0,0,0,0,0,0,0,0,0,0,0
2022,1226,Samori Toure,GB,WR,1,18,DET,0,0,0,0,0,0,0,0,0,0,0,0,0,0,0,0
2022,1227,Jameson Williams,DET,WR,1,13,JAX,11.11111111111111,1,2.4,0,0,0,0,0,0,0,0,0,0,0,0,0
2022,1228,Jameson Williams,DET,WR,1,15,NYJ,11.11111111111111,1,2.6,0,0,0,0,0,0,0,0,0,0,0,0,0
2022,1229,Jameson Williams,DET,WR,1,16,CAR,11.11111111111111,1,2.4,0,0,0,0,0,0,0,0,0,0,0,0,0
2022,1230,Jameson Williams,DET,WR,1,17,CHI,33.33333333333333,3,10.3,0,0,0,0,0,0,0,0,0,0,0,4,4
2022,1231,Jameson Williams,DET,WR,1,18,GB,11.11111111111111,1,2.9,0,0,0,0,0,0,0,0,0,0,0,0,0
2022,1232,David Bell,CLV,WR,1,13,HST,12.5,1,4.5,0,0,0,0,0,0,0,0,0,0,0,0,0
2022,1233,David Bell,CLV,WR,1,17,WAS,0,0,0,0,0,0,0,0,0,0,0,0,0,0,0,0
2022,1234,David Bell,CLV,WR,1,18,PIT,25,2,6.9,0,0,0,0,0,0,0,0,0,0,0,0,0
2022,1235,Khalil Shakir,BUF,WR,1,14,NYJ,0,0,0,0,0,0,0,0,0,0,0,0,0,0,0,0
2022,1236,Khalil Shakir,BUF,WR,1,15,MIA,0,0,0,0,0,0,0,0,0,0,0,0,0,0,0,0
2022,1237,Montrell Washington,DEN,WR,1,13,BLT,100,1,4.5,0,0,0,0,0,0,0,0,0,0,0,-0.1,-0.1
2022,1238,Montrell Washington,DEN,WR,1,14,KC,0,0,0,0,0,0,0,0,0,0,0,0,0,0,0,0
2022,1239,Montrell Washington,DEN,WR,1,15,ARZ,0,0,0,0,0,0,0,0,0,0,0,0,0,0,0,0
2022,1240,Montrell Washington,DEN,WR,1,16,LA,0,0,0,0,0,0,0,0,0,0,0,0,0,0,0,0
2022,1241,Teagan Quitoriano,HST,TE,1,13,CLV,33.33333333333333,3,7.7,0,0,0,0,0,0,0,0,1,1,0,0,0
2022,1242,Teagan Quitoriano,HST,TE,1,14,DAL,0,0,0,0,0,0,0,0,0,0,0,0,0,0,0,0
2022,1243,Teagan Quitoriano,HST,TE,1,16,TEN,11.11111111111111,1,3.1,0,0,0,0,0,0,0,0,0,0,0,0,0
2022,1244,James Mitchell,DET,TE,1,13,JAX,0,0,0,0,0,0,0,0,0,0,0,0,0,0,0,0
2022,1245,James Mitchell,DET,TE,1,14,MIN,0,0,0,0,0,0,0,0,0,0,0,0,0,0,0,0
2022,1246,Jalen Nailor,MIN,WR,1,13,NYJ,0,0,0,0,0,0,0,0,0,0,0,0,0,0,0,0
2022,1247,Jalen Nailor,MIN,WR,1,15,IND,11.11111111111111,1,1.8,0,0,0,0,0,0,0,0,0,0,0,0,0
2022,1248,Mike Woods,CLV,WR,1,14,CIN,0,0,0,0,0,0,0,0,0,0,0,0,0,0,0,0
2022,1249,Mike Woods,CLV,WR,1,17,WAS,0,0,0,0,0,0,0,0,0,0,0,0,0,0,0,0
2022,1250,Connor Heyward,PIT,TE,1,16,LV,14.285714285714285,1,2.6,0,0,0,0,0,0,0,0,0,0,0,2.1,2.1
2022,1251,Connor Heyward,PIT,TE,1,17,BLT,0,0,0,0,0,0,0,0,0,0,0,0,0,0,0,0
2022,1252,Ko Kieft,TB,TE,1,15,CIN,0,0,0,0,0,0,0,0,0,0,0,0,0,0,0,0
2022,1253,Ko Kieft,TB,TE,1,16,ARZ,0,0,0,0,0,0,0,0,0,0,0,0,0,0,0,0
2022,1254,Ko Kieft,TB,TE,1,17,CAR,25,1,2.2,0,0,0,0,0,0,0,0,0,0,0,0,0
2022,1255,Ko Kieft,TB,TE,1,18,ATL,0,0,0,0,0,0,0,0,0,0,0,0,0,0,0,0
2022,1256,Braylon Sanders,MIA,WR,1,15,BUF,100,1,3.3,0,0,0,0,0,0,0,0,0,0,0,0,0
2022,1257,Braylon Sanders,MIA,WR,1,16,GB,0,0,0,0,0,0,0,0,0,0,0,0,0,0,0,0
2022,1258,Brandon Johnson,DEN,WR,1,13,BLT,0,0,0,0,0,0,0,0,0,0,0,0,0,0,0,0
2022,1259,Brandon Johnson,DEN,WR,1,14,KC,33.33333333333333,2,4.5,0,0,0,0,0,0,0,0,0,0,0,0,0
2022,1260,Brandon Johnson,DEN,WR,1,17,KC,0,0,0,0,0,0,0,0,0,0,0,0,0,0,0,0
2022,1261,Jalen Virgil,DEN,WR,1,13,BLT,0,0,0,0,0,0,0,0,0,0,0,0,0,0,0,0
2022,1262,Jalen Virgil,DEN,WR,1,15,ARZ,0,0,0,0,0,0,0,0,0,0,0,0,0,0,0,0
2022,1263,Jalen Virgil,DEN,WR,1,16,LA,50,1,2.9,0,0,0,0,0,0,0,0,0,0,0,0,0
2022,1264,Jalen Virgil,DEN,WR,1,17,KC,0,0,0,0,0,0,0,0,0,0,0,0,0,0,0,0
2022,1265,Stone Smartt,LAC,TE,1,16,IND,0,0,0,0,0,0,0,0,0,0,0,0,0,0,0,0
2022,1266,Stone Smartt,LAC,TE,1,17,LA,0,0,0,0,0,0,0,0,0,0,0,0,0,0,0,0
2022,1267,Stone Smartt,LAC,TE,1,18,DEN,0,0,0,0,0,0,0,0,0,0,0,0,0,0,0,0
2022,1268,Deven Thompkins,TB,WR,1,17,CAR,0,0,0,0,0,0,0,0,0,0,0,0,0,0,0,0
2022,1269,Peyton Hendershot,DAL,TE,1,14,HST,0,0,0,0,0,0,0,0,0,0,0,0,0,0,0,0
2022,1270,Peyton Hendershot,DAL,TE,1,16,PHI,0,0,0,0,0,0,0,0,0,0,0,0,0,0,0,0
2022,1271,Peyton Hendershot,DAL,TE,1,17,TEN,50,1,2.4,0,0,0,0,0,0,0,0,0,0,0,0,0
2022,1272,Peyton Hendershot,DAL,TE,1,18,WAS,0,0,0,0,0,0,0,0,0,0,0,0,0,0,0,0
2022,1273,Alec Pierce,IND,WR,1,15,MIN,16,4,12.1,0,0,0,0,0,0,0,0,0,0,0,0,0
2022,1274,Treylon Burks,TEN,WR,1,16,HST,15.789473684210526,3,13,0,0,0,0,0,0,0,0,0,0,0,1.5,1.5
2022,1275,Velus Jones,CHI,WR,1,13,GB,0,0,0,0,0,0,0,0,0,0,0,0,0,0,0.1,0.1
2022,1276,Velus Jones,CHI,WR,1,17,DET,12.5,1,4.8,0,0,0,0,0,0,0,0,0,0,0,1.3,1.3
2022,1277,Romeo Doubs,GB,WR,1,18,DET,11.76470588235294,2,7.4,0,0,0,0,0,0,0,0,0,0,0,0,0
2022,1278,Danny Gray,SF,WR,1,15,SEA,0,0,0,0,0,0,0,0,0,0,0,0,0,0,0,0
2022,1279,Danny Gray,SF,WR,1,16,WAS,0,0,0,0,0,0,0,0,0,0,0,0,0,0,0,0
2022,1280,Danny Gray,SF,WR,1,17,LV,0,0,0,0,0,0,0,0,0,0,0,0,0,0,0.9,0.9
2022,1281,Danny Gray,SF,WR,1,18,ARZ,0,0,0,0,0,0,0,0,0,0,0,0,0,0,0,0
2022,1282,Isaiah Likely,BLT,TE,1,14,PIT,0,0,0,0,0,0,0,0,0,0,0,0,0,0,0,0
2022,1283,Jake Ferguson,DAL,TE,1,14,HST,0,0,0,0,0,0,0,0,0,0,0,0,0,0,0,0
2022,1284,Skyy Moore,KC,WR,1,13,CIN,0,0,0,0,0,0,0,0,0,0,0,0,0,0,1.2,1.2
2022,1285,Skyy Moore,KC,WR,1,15,HST,0,0,0,0,0,0,0,0,0,0,0,0,0,0,1.2,1.2
2022,1286,Josh Ali,ATL,WR,1,17,ARZ,0,0,0,0,0,0,0,0,0,0,0,0,0,0,0,0
2022,1287,Josh Ali,ATL,WR,1,18,TB,100,1,3.3,0,0,0,0,0,0,0,0,0,0,0,0,0
2022,1288,Geoff Swaim,TEN,TE,1,16,HST,25,1,4.3,1,-1,-1,-1,-1,100,0,0,0,0,0,0.9,0.9
2022,1289,Jake Ferguson,DAL,TE,1,13,IND,40,2,6.7,2,-1,-0.6,-0.5,-0.5,100,0,0,0,0,0,1.9,1.9
2022,1290,Curtis Samuel,WAS,WR,1,18,DAL,5,1,5.3,1,-2,-1.2,-2,-2,100,0,0,0,0,0,0.4,0.4
2022,1291,Cam Sims,WAS,WR,1,13,NYG,50,2,4.9,1,-2,-0.7,-2,-1,50,0,0,0,0,0,0.8,0.8
2022,1292,Durham Smythe,MIA,TE,1,15,BUF,10,1,3.3,1,-2,-0.9,-2,-2,100,0,0,0,0,0,0.8,0.8
Exported from Data Suite 2.0 by michaelgingrave (user 380) on 2026-09-09 23:04 UTC,,,,,,,,,,,,,,,,,,,,,,,