,Player Details,Player Details,Player Details,Player Details,Player Details,Splits,Splits,Splits,Splits,Receiving,Receiving,Receiving,Receiving,Receiving,Receiving,Receiving,Receiving,Receiving,Receiving,Receiving,Receiving,Receiving,Receiving,Receiving,Receiving,Receiving,Receiving,Receiving,Receiving,Receiving,Receiving,Receiving,Receiving,Receiving,Receiving,Advanced,Advanced,Advanced,Advanced,Advanced,Advanced,Advanced,Advanced,Advanced,Advanced,Advanced,Advanced,Advanced,Advanced,Advanced,Advanced,Advanced,Advanced,Advanced,Advanced,Advanced,Advanced,Alignment,Alignment,Alignment,Alignment,FP,FP,FP,FP,FP,FP,FP,FP
Season,Rank,Name,Team,POS,G,WEEK,OPP,RTE %,TGT %,SNAP %,RTE,RTE %,TGT,TGT %,YPRR,TPRR,aDOT,AY,AY Share,YDS,TM YDS %,YPT,YPR,REC,CR %,YAC,YAC/REC,YACO,YACO/REC,TD,XTD,TM TD %,i20 TGT,EZTGT,EZTD,1D,1D/RR,RATE,1READ,1READ %,DESIGN,DESIGN %,CTGT,CTGT %,DEEP,EXP %,DRP,DRP %,CT,CC,CC %,HERO,MTF,MTF/REC,THREAT %,YPTOE,EPA/TGT,WIDE RTE %,SLOT RTE %,INLINE RTE %,BACK RTE %,FP,XFP,FP/G,XFP/G,DIFF,FP/RR,XFP/RR,RecXFP
2023,,League Avg,,,,,,,,56.48194092827007,5.453164556962025,54.57459915611813,1.4632911392405064,14.697890295358631,1.95,0.27,5.727409282700422,12.663291139240506,15.716877637130798,10.653164556962025,14.699156118143435,7.28,10.59,1.0059071729957807,68.7,4.406751054852321,4.38,1.6565400843881857,1.65,0.05569620253164557,0.06440506329113925,5.0210970464135025,0.20337552742616033,0.08776371308016878,0.03375527426160337,0.5426160337552742,0.1,51.81341772151876,1.119831223628692,14.7814345991561,0.15611814345991562,10.7,1.1738396624472573,80.2,0.17215189873417722,14.4,0.06582278481012659,4.5,0.1831223628691983,0.0810126582278481,44.2,0.027848101265822784,0.12658227848101267,0.13,24.1,-0.37,0.159,42.946582278481,47.545991561181424,9.028860759493673,0.479493670886076,2.3978059071729954,2.5264135021096963,2.3978059071729954,2.526320675105484,-0.12851476793248942,0.44,0.46,2.5264135021096963
2023,1,Adam Thielen,CAR,WR,1,3,SEA,32.30769230769231,29.268292682926827,92,21,100,12,57.1,5.95,0.57,10.25,123,57.7,125,63.1,10.42,13.89,9,75,37,4.11,5,0.56,1,0.72,50,1,1,1,7,0.333,135.8,7,58.3,1,8.3,9,75,2,37.5,0,0,1,1,100,0,0,0,57.1,2.22,0.942,23.8,76.2,0,0,27.5,24.1,27.5,24.08,3.42,1.31,1.15,24.1
2023,2,Tyreek Hill,MIA,WR,1,1,LAC,22.916666666666664,37.5,66.2,11,78.6,6,42.9,9.45,0.55,13.33,80,58.8,104,49.8,17.33,20.8,5,83.3,32,6.4,13,2.6,0,0.36,0,2,0,0,4,0.364,118.8,6,50,1,16.7,6,100,2,66.7,1,16.7,0,0,0,0,2,0.4,54.5,8.55,1.162,27.3,72.7,0,0,15.4,16.8,15.4,16.79,-1.39,1.4,1.53,16.8
2023,3,Christian Kirk,JAX,WR,1,2,KC,25.396825396825395,33.33333333333333,81.3,16,88.9,11,61.1,6.5,0.69,5.91,65,56.5,104,75.4,9.45,11.56,9,81.8,49,5.44,24,2.67,0,0.17,0,0,0,0,6,0.375,106.1,11,68.8,4,36.4,11,100,1,11.1,2,18.2,1,0,0,0,2,0.22,61.1,2.42,0.294,12.5,87.5,0,0,19.4,22,19.4,22,-2.6,1.21,1.38,22
2023,4,Justin Jefferson,MIN,WR,1,3,LAC,34.090909090909086,47.05882352941176,93.6,15,100,8,53.3,6.47,0.53,14.25,114,68.3,97,70.8,12.13,24.25,4,50,62,15.5,51,12.75,1,0.16,100,2,1,0,3,0.2,133.9,7,70,2,25,4,50,3,66.7,0,0,0,0,0,1,2,0.5,53.3,3.43,0.221,33.3,66.7,0,0,19.7,9.7,19.7,9.75,9.95,1.31,0.65,9.7
2023,5,Josh Downs,IND,WR,1,5,TEN,13.461538461538462,18.75,68.9,7,77.8,6,66.7,13.86,0.86,8.5,51,96.2,97,81.5,16.17,16.17,6,100,46,7.67,5,0.83,0,0.08,0,0,0,0,4,0.571,118.8,2,50,0,0,6,100,1,33.3,0,0,1,1,100,0,1,0.17,75,8.86,1.344,0,100,0,0,15.7,11.3,15.7,11.29,4.41,2.24,1.61,11.3
2023,6,Cooper Kupp,LA,WR,1,5,PHI,76.19047619047619,75,94.5,16,88.9,9,50,5.75,0.56,10.78,97,54.2,92,88.5,10.22,15.33,6,66.7,37,6.17,16,2.67,0,0.02,0,0,0,0,5,0.313,100.2,9,52.9,0,0,7,77.8,2,16.7,0,0,3,2,66.7,0,0,0,50,2.54,0.775,18.8,81.3,0,0,15.2,12.3,15.2,12.27,2.93,0.95,0.77,12.3
2023,7,Dallas Goedert,PHI,TE,1,5,LA,16.27906976744186,27.77777777777778,94.9,7,58.3,5,41.7,13,0.71,10.4,52,66.7,91,70,18.2,18.2,5,100,45,9,22,4.4,1,1.06,100,1,1,1,4,0.571,158.3,4,40,1,20,5,100,1,25,0,0,2,2,100,0,1,0.2,41.7,10.43,1.823,14.3,85.7,0,0,20.1,16.8,20.1,16.82,3.28,2.87,2.4,16.8
2023,8,Adam Thielen,CAR,WR,1,5,DET,18.461538461538463,21.951219512195124,96.9,12,100,9,75,7.08,0.75,6.56,59,71.1,85,87.6,9.44,10.63,8,88.9,44,5.5,10,1.25,1,0.57,100,2,1,0,6,0.5,143.1,6,75,0,0,8,88.9,0,14.3,0,0,0,0,0,0,1,0.13,75,2.14,1.059,8.3,91.7,0,0,22.5,17.3,22.5,17.28,5.22,1.88,1.44,17.3
2023,9,Christian Watson,GB,WR,1,5,LV,64.28571428571429,50,84.2,9,100,2,22.2,9.44,0.22,16,32,32.7,85,69.7,42.5,42.5,2,100,53,26.5,12,6,0,0.25,0,0,0,0,1,0.111,118.8,2,33.3,1,50,2,100,1,50,0,0,0,0,0,0,0,0,22.2,33.18,2.949,66.7,33.3,0,0,10.5,7.3,10.5,7.26,3.24,1.17,0.81,7.3
2023,10,Keenan Allen,LAC,WR,1,3,MIN,33.33333333333333,42.30769230769231,89.1,14,66.7,11,52.4,5.64,0.79,4.09,45,155.2,79,65.8,7.18,8.78,9,81.8,43,4.78,21,2.33,0,0.01,0,0,0,0,5,0.357,96.6,10,58.8,2,18.2,10,90.9,0,11.1,1,9.1,0,0,0,0,1,0.11,55,0.84,0.366,0,100,0,0,16.9,17.6,16.9,17.61,-0.71,1.21,1.26,17.6
2023,11,Tyreek Hill,MIA,WR,1,5,NYG,14.583333333333334,18.75,46.3,7,63.6,3,27.3,10.86,0.43,-3.33,-10,-71.4,76,57.1,25.33,25.33,3,100,86,28.67,5,1.67,0,0,0,0,0,0,1,0.143,118.8,3,30,3,100,3,100,0,33.3,0,0,0,0,0,0,1,0.33,37.5,20.54,1.614,42.9,57.1,0,0,10.6,5,10.6,4.99,5.61,1.51,0.71,5
2023,12,Amon-Ra St. Brown,DET,WR,1,6,TB,36.734693877551024,37.03703703703704,91.3,18,94.7,10,52.6,4.22,0.56,3.4,34,24.5,76,45.5,7.6,9.5,8,80,50,6.25,10,1.25,1,0.08,50,1,0,0,5,0.278,131.7,9,60,2,20,9,90,0,14.3,0,0,1,1,100,0,1,0.13,55.6,1.55,0.615,22.2,77.8,0,0,21.6,15.7,21.6,15.69,5.91,1.2,0.87,15.7
2023,13,CeeDee Lamb,DAL,WR,1,6,LAC,13.953488372093023,19.047619047619047,83.6,6,100,4,66.7,12,0.67,11.75,47,59.5,72,82.8,18,18,4,100,25,6.25,13,3.25,0,0.1,0,1,0,0,4,0.667,118.8,4,66.7,0,0,4,100,0,33.3,0,0,0,0,0,0,1,0.25,66.7,9.03,1.693,0,100,0,0,11.2,9.9,11.2,9.9,1.3,1.87,1.65,9.9
2023,14,Mark Andrews,BLT,TE,1,6,TEN,17.307692307692307,21.73913043478261,84.3,9,75,5,41.7,7.67,0.56,16,80,51.6,69,58,13.8,17.25,4,80,15,3.75,14,3.5,0,0.05,0,0,0,0,3,0.333,118.8,5,45.5,0,0,4,80,2,50,0,0,2,1,50,0,1,0.25,45.5,4.57,0.808,0,100,0,0,10.9,9.9,10.9,9.89,1.01,1.21,1.1,9.9
2023,15,Michael Wilson,ARZ,WR,1,3,DAL,12.5,16.666666666666664,67.9,6,85.7,1,14.3,11.5,0.17,29,29,35.8,69,85.2,69,69,1,100,40,40,10,10,0,0.2,0,0,0,0,1,0.167,118.8,1,14.3,0,0,1,100,1,100,0,0,0,0,0,0,0,0,14.3,57.56,4.365,66.7,33.3,0,0,7.9,5.7,7.9,5.66,2.24,1.32,0.94,5.7
2023,16,Tyler Conklin,NYJ,TE,1,5,DEN,17.647058823529413,33.33333333333333,58.1,6,66.7,4,44.4,11.17,0.67,6.75,27,36,67,72,16.75,16.75,4,100,40,10,20,5,0,0.17,0,1,0,0,2,0.333,118.8,2,33.3,0,0,4,100,0,33.3,0,0,1,1,100,0,0,0,66.7,9.29,1.092,16.7,83.3,0,0,10.7,8.3,10.7,8.34,2.36,1.78,1.39,8.3
2023,17,Justin Jefferson,MIN,WR,1,2,PHI,20.454545454545457,17.647058823529413,100,9,100,3,33.3,7.44,0.33,14,42,37.5,67,58.8,22.33,22.33,3,100,25,8.33,9,3,0,0.18,0,0,0,0,2,0.222,118.8,3,42.9,0,0,3,100,1,66.7,0,0,0,0,0,0,1,0.33,33.3,13.42,0.231,66.7,33.3,0,0,8.7,8.3,8.7,8.31,0.39,1.08,0.92,8.3
2023,18,CeeDee Lamb,DAL,WR,1,2,NYJ,30.23255813953488,38.095238095238095,72.3,13,100,8,61.5,5.15,0.62,5.38,43,78.2,67,65,8.38,11.17,6,75,39,6.5,12,2,0,0.07,0,0,0,0,4,0.308,99.5,5,62.5,1,12.5,7,87.5,0,33.3,0,0,1,1,100,0,0,0,61.5,1.28,0.553,7.7,92.3,0,0,12.7,13.8,12.7,13.79,-1.09,0.98,1.06,13.8
2023,19,Adam Thielen,CAR,WR,1,6,MIA,15.384615384615385,21.951219512195124,79.4,10,90.9,9,81.8,6.5,0.9,9.67,87,78.4,65,100,7.22,9.29,7,77.8,10,1.43,2,0.29,1,0.97,100,1,1,1,5,0.5,133.8,9,90,0,0,7,77.8,0,0,0,0,0,0,0,0,1,0.14,90,-0.72,0.568,0,100,0,0,19.5,19.5,19.5,19.5,0,1.95,1.95,19.5
2023,20,Allen Robinson,PIT,WR,1,1,SF,39.285714285714285,50,88.5,11,78.6,8,57.1,5.82,0.73,7.38,59,61.5,64,85.3,8,12.8,5,62.5,26,5.2,8,1.6,0,0.01,0,0,0,0,2,0.182,87.5,4,44.4,0,0,5,62.5,0,20,0,0,0,0,0,1,1,0.2,72.7,0.52,0.05,27.3,72.7,0,0,11.4,10.1,11.4,10.13,1.27,1.04,0.92,10.1
2023,21,Nelson Agholor,BLT,WR,1,2,CIN,25,33.33333333333333,30,8,40,5,25,7.88,0.63,12.4,62,35,63,48.5,12.6,12.6,5,100,1,0.2,9,1.8,1,0.98,50,1,1,1,4,0.5,158.3,2,13.3,0,0,5,100,0,0,0,0,1,1,100,0,0,0,62.5,3.23,1.291,12.5,87.5,0,0,17.3,16.6,17.3,16.58,0.72,2.16,2.07,16.6
2023,22,Darius Slayton,NYG,WR,1,6,BUF,22.448979591836736,66.66666666666666,89,11,91.7,4,33.3,5.73,0.36,22.5,90,72.6,63,58.9,15.75,21,3,75,9,3,3,1,0,0.36,0,0,0,0,2,0.182,116.7,3,27.3,0,0,4,100,3,66.7,0,0,1,0,0,0,0,0,36.4,4.91,0.893,0,100,0,0,9.3,14,9.3,14.03,-4.73,0.85,1.28,14
2023,23,Jayden Reed,GB,WR,1,3,NO,35.8974358974359,41.17647058823529,62,14,87.5,7,43.8,4.5,0.5,14.57,102,44.3,63,53.8,9,21,3,42.9,12,4,10,3.33,0,0.69,0,4,2,0,3,0.214,75.3,7,43.8,1,14.3,6,85.7,3,100,2,28.6,1,0,0,0,1,0.33,46.7,0.02,0.59,21.4,78.6,0,0,9.3,18,9.3,18.03,-8.73,0.66,1.29,18
2023,24,Jonnu Smith,ATL,TE,1,4,JAX,21.951219512195124,21.428571428571427,54.4,9,75,3,25,6.78,0.33,9.33,28,35.4,61,50,20.33,20.33,3,100,33,11,29,9.67,0,0,0,0,0,0,3,0.333,118.8,2,33.3,0,0,3,100,0,33.3,0,0,0,0,0,0,3,1,30,12.59,1.16,22.2,77.8,0,0,9.1,6.3,9.1,6.32,2.78,1.01,0.7,6.3
2023,25,Chris Olave,NO,WR,1,6,HST,30.508474576271187,21.73913043478261,87.2,18,94.7,5,26.3,3.39,0.28,10.4,52,31.1,61,55.5,12.2,15.25,4,80,25,6.25,2,0.5,0,0.02,0,0,0,0,4,0.222,117.5,3,17.6,0,0,4,80,0,25,0,0,1,1,100,1,0,0,26.3,4.01,1.083,44.4,55.6,0,0,10.1,7.2,10.1,7.22,2.88,0.56,0.4,7.2
2023,26,Tutu Atwell,LA,WR,1,1,SEA,14.516129032258066,25,78.2,9,90,5,50,6.67,0.56,12,60,56.1,60,65.9,12,15,4,80,23,5.75,5,1.25,0,0.05,0,0,0,0,4,0.444,116.7,4,66.7,0,0,4,80,2,25,0,0,0,0,0,0,0,0,50,3.48,0.494,22.2,77.8,0,0,10,9.5,10,9.47,0.53,1.11,1.05,9.5
2023,27,Kyle Pitts,ATL,TE,1,5,HST,19.047619047619047,35.294117647058826,52.7,8,72.7,6,54.5,7.5,0.75,12,72,85.7,60,74.1,10,12,5,83.3,1,0.2,-1,-0.2,0,0.06,0,0,0,0,3,0.375,108.3,6,54.5,0,0,5,83.3,1,20,0,0,1,1,100,0,0,0,75,0.7,0.162,12.5,87.5,0,0,11,10.9,11,10.88,0.12,1.38,1.36,10.9
2023,28,Logan Thomas,WAS,TE,1,5,CHI,27.500000000000004,40,78.8,11,64.7,6,35.3,5.36,0.55,4.67,28,17.2,59,37.3,9.83,11.8,5,83.3,34,6.8,30,6,0,0.18,0,1,1,0,4,0.364,107.6,3,27.3,0,0,6,100,0,20,0,0,1,0,0,1,2,0.4,54.5,3.15,-0.212,18.2,72.7,9.1,0,9.9,10.4,9.9,10.42,-0.52,0.99,0.95,10.4
2023,29,Curtis Samuel,WAS,WR,1,5,CHI,20,28.57142857142857,69.7,10,58.8,6,35.3,5.9,0.6,11.17,67,41.1,59,37.3,9.83,11.8,5,83.3,7,1.4,2,0.4,1,0.95,100,1,1,1,3,0.3,107.6,4,36.4,0,0,6,100,1,25,0,0,1,0,0,0,0,0,54.5,1.52,0.278,20,80,0,0,16.9,17.3,16.9,17.25,-0.35,1.69,1.73,17.3
2023,30,Evan Engram,JAX,TE,1,4,ATL,22.58064516129032,31.818181818181817,71.9,14,82.4,7,41.2,4.21,0.5,4.43,31,38.3,59,50.4,8.43,8.43,7,100,28,4,10,1.43,0,0.02,0,0,0,0,3,0.214,101.8,6,46.2,0,0,7,100,0,0,0,0,0,0,0,0,0,0,43.8,1.86,0.361,21.4,78.6,0,0,12.9,12.4,12.9,12.44,0.46,0.92,0.89,12.4
2023,31,A.J. Brown,PHI,WR,1,4,WAS,20.930232558139537,10,95.5,9,81.8,1,9.1,6.56,0.11,29,29,24,59,54.1,59,59,1,100,30,30,26,26,1,0.21,100,0,0,0,1,0.111,158.3,1,10,0,0,1,100,1,100,0,0,0,0,0,0,1,1,11.1,47.56,4.593,66.7,33.3,0,0,12.9,5.5,12.9,5.47,7.43,1.43,0.61,5.5
2023,32,Olamide Zaccheaus,PHI,WR,1,3,TB,18.181818181818183,40,55.1,4,40,2,20,14.5,0.5,21,42,45.2,58,50.9,29,29,2,100,16,8,4,2,1,0.72,100,0,0,0,2,0.5,158.3,0,0,0,0,2,100,1,100,0,0,0,0,0,0,0,0,33.3,18.55,3.068,25,75,0,0,13.8,10.7,13.8,10.74,3.06,3.45,2.68,10.7
2023,33,Nick Westbrook-Ikhine,TEN,WR,1,1,NO,30.555555555555557,50,83.1,11,78.6,5,35.7,5.27,0.45,3.8,19,14.5,58,66.7,11.6,14.5,4,80,46,11.5,14,3.5,0,0.02,0,1,0,0,3,0.273,115,4,33.3,0,0,4,80,0,66.7,0,0,1,0,0,0,2,0.5,38.5,5.71,0.53,45.5,54.5,0,0,9.8,6.6,9.8,6.6,3.2,0.89,0.6,6.6
2023,34,CeeDee Lamb,DAL,WR,1,1,NYG,13.953488372093023,14.285714285714285,78.2,6,75,3,37.5,9.67,0.5,7.33,22,37.3,58,72.5,19.33,19.33,3,100,36,12,1,0.33,0,0.47,0,0,0,0,2,0.333,118.8,3,37.5,0,0,3,100,0,33.3,0,0,0,0,0,0,1,0.33,42.9,11.56,1.453,0,100,0,0,8.8,9.9,8.8,9.94,-1.14,1.47,1.66,9.9
2023,35,Amon-Ra St. Brown,DET,WR,1,2,SEA,18.367346938775512,18.51851851851852,73.4,9,69.2,5,38.5,6.44,0.56,10.4,52,49.1,58,46.8,11.6,14.5,4,80,12,3,6,1.5,0,0.01,0,0,0,0,2,0.222,115,3,42.9,0,0,4,80,1,25,0,0,1,1,100,1,0,0,55.6,3.43,0.679,11.1,88.9,0,0,9.8,7.4,9.8,7.35,2.45,1.09,0.82,7.4
2023,36,Justin Watson,KC,WR,1,5,MIN,22.22222222222222,50,43.8,8,42.1,3,15.8,7,0.38,28.67,86,63.7,56,32.7,18.67,28,2,66.7,2,1,2,1,0,0.01,0,0,0,0,2,0.25,109.7,3,20,0,0,2,66.7,3,100,0,0,1,1,100,2,0,0,30,7.74,1.365,25,75,0,0,7.6,5.3,7.6,5.3,2.3,0.95,0.66,5.3
2023,37,Ja'Marr Chase,CIN,WR,1,5,ARZ,18.29268292682927,21.428571428571427,93.7,15,100,6,40,3.73,0.4,4.17,25,31.3,56,51.4,9.33,11.2,5,83.3,43,8.6,15,3,0,0.04,0,0,0,0,5,0.333,105.6,5,45.5,3,50,5,83.3,0,0,0,0,0,0,0,0,0,0,40,2.52,0.914,53.3,46.7,0,0,10.6,9.3,10.6,9.29,1.31,0.71,0.62,9.3
2023,38,Kalif Raymond,DET,WR,1,3,ATL,27.27272727272727,40,37.5,6,54.5,4,36.4,9.17,0.67,12,48,48.5,55,56.1,13.75,13.75,4,100,7,1.75,2,0.5,0,0.21,0,0,0,0,3,0.5,118.8,3,30,0,0,4,100,1,25,0,0,0,0,0,0,0,0,66.7,4.98,0.832,33.3,66.7,0,0,9.5,10.9,9.5,10.88,-1.38,1.58,1.81,10.9
2023,39,Brandon Aiyuk,SF,WR,1,1,PIT,26.31578947368421,33.33333333333333,84.8,10,83.3,4,33.3,5.5,0.4,15.5,62,45.3,55,59.8,13.75,13.75,4,100,1,0.25,2,0.5,1,1.04,100,1,1,1,4,0.4,158.3,0,0,0,0,4,100,0,0,0,0,0,0,0,0,1,0.25,36.4,3.73,2.103,60,40,0,0,15.5,16.8,15.5,16.78,-1.28,1.55,1.68,16.8
2023,40,Jerry Jeudy,DEN,WR,1,3,MIA,27.27272727272727,21.052631578947366,74.6,9,100,4,44.4,6.11,0.44,11.5,46,39.3,55,82.1,13.75,18.33,3,75,16,5.33,6,2,0,0.16,0,1,0,0,2,0.222,116.7,4,57.1,1,25,3,75,1,50,0,0,0,0,0,0,1,0.33,44.4,5.57,0.571,22.2,77.8,0,0,8.5,8.8,8.5,8.83,-0.33,0.94,0.98,8.8
2023,41,Keenan Allen,LAC,WR,1,6,DAL,16.666666666666664,15.384615384615385,95.1,7,100,4,57.1,7.71,0.57,6.75,27,33.8,54,62.8,13.5,13.5,4,100,27,6.75,17,4.25,1,0.99,100,1,1,1,4,0.571,158.3,4,80,0,0,4,100,0,33.3,0,0,0,0,0,0,2,0.5,57.1,6.52,1.618,28.6,71.4,0,0,15.4,13.1,15.4,13.14,2.26,2.2,1.88,13.1
2023,42,D.J. Chark,CAR,WR,1,3,SEA,42.22222222222222,75,93.3,19,90.5,3,14.3,2.84,0.16,14.33,43,20.2,54,27.3,18,27,2,66.7,24,12,16,8,1,0.14,50,0,0,0,1,0.053,149.3,1,8.3,0,0,2,66.7,1,50,0,0,0,0,0,0,1,0.5,15,9.24,1.6,68.4,31.6,0,0,13.4,6.3,13.4,6.31,7.09,0.71,0.33,6.3
2023,43,Curtis Samuel,WAS,WR,1,1,ARZ,18,19.047619047619047,64.6,9,90,4,40,5.89,0.44,7.5,30,33.3,53,59.6,13.25,13.25,4,100,23,5.75,7,1.75,0,0.01,0,0,0,0,2,0.222,118.8,3,37.5,0,0,4,100,0,25,0,0,1,1,100,0,0,0,44.4,5.52,0.118,22.2,77.8,0,0,9.3,7.5,9.3,7.5,1.8,1.03,0.83,7.5
2023,44,Darnell Mooney,CHI,WR,1,1,GB,34.375,54.54545454545454,84.3,11,91.7,6,50,4.82,0.55,10.67,64,78,53,48.6,8.83,13.25,4,66.7,7,1.75,0,0,1,0.8,100,1,1,1,3,0.273,94.4,5,71.4,2,33.3,5,83.3,2,50,1,16.7,0,0,0,0,0,0,54.5,0.59,-0.4,9.1,90.9,0,0,15.3,15.2,15.3,15.22,0.08,1.39,1.38,15.2
2023,45,Keenan Allen,LAC,WR,1,1,MIA,14.285714285714285,11.538461538461538,92.1,6,66.7,3,33.3,8.67,0.5,10.33,31,49.2,52,59.8,17.33,17.33,3,100,21,7,1,0.33,0,0.01,0,0,0,0,1,0.167,118.8,2,28.6,0,0,3,100,1,33.3,0,0,0,0,0,0,0,0,33.3,9.39,1.142,16.7,83.3,0,0,8.2,6.9,8.2,6.93,1.27,1.37,1.16,6.9
2023,46,Mack Hollins,ATL,WR,1,2,GB,23.333333333333332,60,73.1,7,87.5,3,37.5,7.43,0.43,17,51,91.1,52,66.7,17.33,26,2,66.7,6,3,5,2.5,0,0.17,0,0,0,0,1,0.143,109.7,3,50,0,0,3,100,1,50,1,33.3,1,1,100,1,0,0,42.9,8.2,0.927,57.1,42.9,0,0,7.2,6.7,7.2,6.67,0.53,1.03,0.95,6.7
2023,47,Cooper Kupp,LA,WR,1,6,ARZ,23.809523809523807,25,100,5,100,3,60,10.4,0.6,5.33,16,32,52,63.4,17.33,26,2,66.7,41,20.5,28,14,0,0,0,0,0,0,2,0.4,109.7,3,60,0,0,2,66.7,0,50,0,0,0,0,0,0,2,1,60,10.78,0.886,20,80,0,0,7.2,3.6,7.2,3.56,3.64,1.44,0.71,3.6
2023,48,Christian Kirk,JAX,WR,1,4,ATL,23.809523809523807,24.242424242424242,81.3,15,88.2,8,47.1,3.47,0.53,6,48,59.3,52,44.4,6.5,8.67,6,75,23,3.83,17,2.83,0,0.16,0,1,0,0,3,0.2,91.7,5,38.5,2,25,6,75,0,0,0,0,0,0,0,0,0,0,50,-0.67,0.598,13.3,86.7,0,0,11.2,12.4,11.2,12.43,-1.23,0.75,0.83,12.4
2023,49,Nico Collins,HST,WR,1,6,NO,17.02127659574468,37.5,71.7,8,88.9,3,33.3,6.5,0.38,9.33,28,28.3,52,49.5,17.33,17.33,3,100,24,8,3,1,0,0.04,0,0,0,0,2,0.25,118.8,3,50,1,33.3,3,100,1,33.3,0,0,0,0,0,1,1,0.33,37.5,10.04,1.203,50,50,0,0,8.2,6.9,8.2,6.94,1.26,1.02,0.87,6.9
2023,50,Evan Engram,JAX,TE,1,3,HST,20.967741935483872,22.727272727272727,71,13,86.7,5,33.3,3.92,0.38,2.2,11,8.9,51,44.7,10.2,12.75,4,80,43,10.75,6,1.5,0,0.01,0,0,0,0,2,0.154,109.2,4,30.8,1,20,5,100,0,25,1,20,0,0,0,0,0,0,38.5,4.07,0.526,38.5,53.8,7.7,0,9.1,8.1,9.1,8.14,0.96,0.7,0.63,8.1
2023,51,Jauan Jennings,SF,WR,1,2,LA,21.428571428571427,20,48.1,6,42.9,2,14.3,8.5,0.33,22,44,47.8,51,31.1,25.5,25.5,2,100,7,3.5,5,2.5,0,0.03,0,0,0,0,2,0.333,118.8,2,15.4,0,0,2,100,1,100,0,0,1,1,100,0,0,0,25,14.91,1.516,33.3,66.7,0,0,7.1,5.1,7.1,5.09,2.01,1.18,0.85,5.1
2023,52,Nelson Agholor,BLT,WR,1,5,PIT,25,26.666666666666668,58.2,8,44.4,4,22.2,6.25,0.5,17.25,69,30.7,50,34.5,12.5,16.67,3,75,8,2.67,6,2,0,0.09,0,0,0,0,2,0.25,116.7,4,28.6,0,0,4,100,2,33.3,1,25,2,2,100,0,0,0,44.4,2.74,0.689,12.5,87.5,0,0,8,9.8,8,9.77,-1.77,1,1.22,9.8
2023,53,Christian Kirk,JAX,WR,1,6,IND,11.11111111111111,15.151515151515152,69.4,7,77.8,5,55.6,7,0.71,10.8,54,69.2,49,90.7,9.8,16.33,3,60,16,5.33,1,0.33,1,0.44,100,1,1,0,2,0.286,92.9,4,50,0,0,3,60,1,33.3,0,0,0,0,0,0,0,0,71.4,1.38,0.242,14.3,85.7,0,0,13.9,9.9,13.9,9.88,4.02,1.99,1.41,9.9
2023,54,Jake Ferguson,DAL,TE,1,4,NE,17.24137931034483,33.33333333333333,56.5,5,71.4,4,57.1,9.8,0.8,7.25,29,53.7,49,90.7,12.25,12.25,4,100,20,5,17,4.25,0,0.08,0,1,0,0,4,0.8,117.7,1,25,0,0,4,100,0,0,0,0,1,1,100,0,1,0.25,66.7,4.83,0.95,0,100,0,0,8.9,7.9,8.9,7.87,1.03,1.78,1.57,7.9
2023,55,Zay Flowers,BLT,WR,1,5,PIT,28.8135593220339,26.666666666666668,98.5,17,94.4,4,22.2,2.88,0.24,13.5,54,24,49,33.8,12.25,16.33,3,75,11,3.67,3,1,0,0.18,0,1,0,0,2,0.118,115.6,3,21.4,1,25,3,75,1,100,0,0,0,0,0,0,0,0,22.2,2.82,0.453,70.6,29.4,0,0,7.9,8.8,7.9,8.82,-0.92,0.46,0.52,8.8
2023,56,Jayden Reed,GB,WR,1,4,DET,25.64102564102564,17.647058823529413,66,10,83.3,3,25,4.9,0.3,24,72,55.8,49,47.1,16.33,24.5,2,66.7,3,1.5,3,1.5,0,0.11,0,1,0,0,1,0.1,109.7,3,27.3,0,0,2,66.7,2,100,0,0,0,0,0,0,0,0,27.3,4.88,0.667,30,70,0,0,6.9,6.9,6.9,6.85,0.05,0.69,0.69,6.9
2023,57,Travis Kelce,KC,TE,1,5,MIN,27.906976744186046,23.076923076923077,57.8,12,63.2,6,31.6,4,0.5,4.5,27,20,48,28.1,8,8,6,100,21,3.5,7,1.17,0,0.03,0,0,0,0,1,0.083,100,6,40,1,16.7,6,100,0,0,0,0,2,2,100,1,0,0,46.2,1.52,0.488,16.7,66.7,16.7,0,10.8,9.2,10.8,9.18,1.62,0.9,0.77,9.2
2023,58,Noah Fant,SEA,TE,1,2,DET,37.5,100,44.8,3,27.3,2,18.2,16,0.67,17.5,35,70,48,57.1,24,24,2,100,13,6.5,4,2,0,0.01,0,0,0,0,2,0.667,118.8,1,20,0,0,2,100,1,50,0,0,0,0,0,0,0,0,50,13.82,1.446,0,100,0,0,6.8,5.8,6.8,5.85,0.95,2.27,1.95,5.8
2023,59,Darnell Mooney,CHI,WR,1,6,MIN,15.625,18.181818181818183,78.5,5,71.4,2,28.6,9.6,0.4,8,16,32.7,48,53.3,24,24,2,100,32,16,12,6,0,0,0,0,0,0,1,0.2,118.8,2,28.6,1,50,2,100,0,50,0,0,0,0,0,0,1,0.5,33.3,15.56,1.604,20,80,0,0,6.8,4.8,6.8,4.8,2,1.36,0.96,4.8
2023,60,Jaylen Waddle,MIA,WR,1,1,LAC,28.57142857142857,20,64.6,10,71.4,2,14.3,4.8,0.2,6.5,13,9.6,48,23,24,24,2,100,35,17.5,3,1.5,0,0.01,0,0,0,0,2,0.2,118.8,2,16.7,0,0,2,100,0,50,0,0,0,0,0,0,1,0.5,20,17.06,2.007,50,50,0,0,6.8,3.7,6.8,3.74,3.06,0.68,0.37,3.7
2023,61,Ja'Marr Chase,CIN,WR,1,3,LA,23.170731707317074,21.428571428571427,95.9,19,100,6,31.6,2.53,0.32,3.67,22,23.4,48,39,8,8,6,100,26,4.33,9,1.5,0,0.02,0,1,0,0,3,0.158,100,5,35.7,1,16.7,6,100,0,0,0,0,0,0,0,0,1,0.17,31.6,1.62,0.808,52.6,47.4,0,0,10.8,10.9,10.8,10.87,-0.07,0.57,0.57,10.9
2023,62,Tre Tucker,LV,WR,1,6,NE,45.45454545454545,50,29.2,5,100,1,20,9.6,0.2,41,41,47.7,48,58.5,48,48,1,100,7,7,4,4,0,0.18,0,0,0,0,1,0.2,118.8,1,20,0,0,1,100,1,100,0,0,0,0,0,0,0,0,20,33,3.979,60,40,0,0,5.8,6.6,5.8,6.6,-0.8,1.16,1.32,6.6
2023,63,Justin Watson,KC,WR,1,2,JAX,13.88888888888889,33.33333333333333,45.3,5,45.5,2,18.2,9.4,0.4,19.5,39,40.2,47,43.1,23.5,23.5,2,100,8,4,5,2.5,0,0.02,0,0,0,0,1,0.2,118.8,1,12.5,0,0,2,100,1,50,0,0,1,1,100,0,0,0,25,15.18,-0.233,40,60,0,0,5.7,4.2,5.7,4.21,1.49,1.34,0.84,4.2
2023,64,Trey Palmer,TB,WR,1,6,DET,37.5,54.54545454545454,64.8,12,70.6,6,35.3,3.92,0.5,25.67,154,56,47,51.6,7.83,23.5,2,33.3,5,2.5,0,0,0,0.01,0,0,1,0,2,0.167,62.5,5,35.7,0,0,2,33.3,5,100,0,0,0,0,0,0,0,0,46.2,-3.53,0.076,41.7,58.3,0,0,6.7,6.7,6.7,6.71,-0.01,0.56,0.56,6.7
2023,65,Keenan Allen,LAC,WR,1,2,TEN,23.809523809523807,23.076923076923077,95.4,10,100,6,60,4.6,0.6,9,54,43.5,46,90.2,7.67,11.5,4,66.7,12,3,4,1,1,0.98,100,2,0,0,3,0.3,129.2,6,75,0,0,5,83.3,0,0,0,0,1,0,0,0,0,0,60,-0.17,0.491,10,90,0,0,14.6,14.2,14.6,14.22,0.38,1.46,1.42,14.2
2023,66,Deebo Samuel,SF,WR,1,2,LA,29.545454545454547,50,92.6,13,92.9,5,35.7,3.54,0.38,0,0,0,46,28,9.2,11.5,4,80,49,12.25,9,2.25,0,0.01,0,0,0,0,2,0.154,105,5,38.5,3,60,4,80,0,25,0,0,0,0,0,0,1,0.25,35.7,3.82,0.223,46.2,46.2,0,7.7,8.6,6.5,8.6,6.51,2.09,0.66,0.5,6.5
2023,67,Sam LaPorta,DET,TE,1,2,SEA,27.906976744186046,27.27272727272727,82.8,12,92.3,3,23.1,3.83,0.25,8,24,22.6,46,37.1,15.33,15.33,3,100,22,7.33,21,7,0,0.01,0,0,0,0,3,0.25,118.8,0,0,0,0,3,100,0,33.3,0,0,1,1,100,0,2,0.67,23.1,7.87,1.497,50,50,0,0,7.6,5.1,7.6,5.08,2.52,0.63,0.42,5.1
2023,68,Sam LaPorta,DET,TE,1,4,GB,9.30232558139535,18.181818181818183,80.8,4,66.7,2,33.3,11.5,0.5,11.5,23,82.1,46,68.7,23,23,2,100,23,11.5,23,11.5,0,0.01,0,0,0,0,2,0.5,118.8,1,25,0,0,2,100,0,50,0,0,2,2,100,1,1,0.5,33.3,14.3,2.1,25,50,25,0,6.6,3.1,6.6,3.1,3.5,1.65,0.77,3.1
2023,69,Travis Kelce,KC,TE,1,3,CHI,27.906976744186046,26.923076923076923,61.3,12,75,7,43.8,3.75,0.58,8.29,58,46,45,31.7,6.43,7.5,6,85.7,9,1.5,4,0.67,1,1.05,50,2,2,1,3,0.25,133,5,38.5,0,0,6,85.7,0,0,0,0,0,0,0,1,1,0.17,50,-1.51,0.8,8.3,91.7,0,0,16.5,17.7,16.5,17.69,-1.19,1.38,1.47,17.7
2023,70,Jameson Williams,DET,WR,1,6,TB,33.33333333333333,33.33333333333333,23.2,1,5.3,1,5.3,45,1,44,44,31.7,45,26.9,45,45,1,100,1,1,0,0,1,0.38,50,0,0,0,1,1,158.3,1,6.7,0,0,1,100,1,100,0,0,1,1,100,1,0,0,100,30,5.521,0,100,0,0,11.5,4.6,11.5,4.58,6.92,11.5,4.58,4.6
2023,71,Robert Woods,HST,WR,1,2,IND,27.906976744186046,21.052631578947366,84.8,12,92.3,4,30.8,3.67,0.33,19.25,77,43.8,44,31.7,11,22,2,50,10,5,1,0.5,0,0.01,0,1,1,0,2,0.167,89.6,2,20,0,0,2,50,1,50,0,0,0,0,0,1,0,0,33.3,-0.42,0.654,8.3,91.7,0,0,6.4,5.5,6.4,5.52,0.88,0.53,0.46,5.5
2023,72,D.J. Moore,CHI,WR,1,2,TB,13.88888888888889,20,90.2,5,100,2,40,8.6,0.4,6,12,57.1,43,79.6,21.5,21.5,2,100,31,15.5,0,0,0,0.01,0,0,0,0,2,0.4,118.8,2,50,0,0,2,100,0,50,0,0,0,0,0,0,0,0,40,14.79,2.024,40,60,0,0,6.3,3.6,6.3,3.62,2.68,1.26,0.72,3.6
2023,73,Jerry Jeudy,DEN,WR,1,5,NYJ,18.181818181818183,26.31578947368421,89.5,6,100,5,83.3,7.17,0.83,10.8,54,83.1,43,78.2,8.6,10.75,4,80,13,3.25,5,1.25,0,0.61,0,1,0,0,2,0.333,102.5,3,75,1,20,4,80,1,66.7,0,0,0,0,0,0,1,0.25,83.3,-0.03,0.696,0,100,0,0,8.3,11.9,8.3,11.86,-3.56,1.38,1.98,11.9
2023,74,Amon-Ra St. Brown,DET,WR,1,3,ATL,22.448979591836736,22.22222222222222,93.8,11,100,6,54.5,3.91,0.55,6.5,39,39.4,43,43.9,7.17,10.75,4,66.7,17,4.25,8,2,0,0.01,0,1,1,0,2,0.182,87.5,6,60,1,16.7,5,83.3,0,0,1,16.7,0,0,0,0,0,0,54.5,-0.02,0.199,18.2,81.8,0,0,8.3,9.9,8.3,9.86,-1.56,0.75,0.9,9.9
2023,75,Elijah Moore,CLV,WR,1,1,CIN,23.684210526315788,28.57142857142857,69.4,9,100,4,44.4,4.78,0.44,11,44,37.6,43,70.5,10.75,14.33,3,75,8,2.67,3,1,0,0.11,0,2,0,0,2,0.222,109.4,4,50,0,0,4,100,1,50,0,0,1,0,0,0,1,0.33,44.4,3.18,0.067,44.4,55.6,0,0,7.3,9,7.3,8.96,-1.66,0.81,1,9
2023,76,Ja'Marr Chase,CIN,WR,1,6,SEA,20.73170731707317,21.428571428571427,92.5,17,100,6,35.3,2.47,0.35,6.5,39,59.1,42,36.2,7,10.5,4,66.7,24,6,15,3.75,0,0.05,0,1,0,0,4,0.235,86.8,5,38.5,1,16.7,5,83.3,1,33.3,0,0,1,0,0,0,1,0.25,35.3,-0.26,0.268,47.1,52.9,0,0,8.2,9.4,8.2,9.38,-1.18,0.48,0.55,9.4
2023,77,Demario Douglas,NE,WR,1,4,DAL,11.11111111111111,7.142857142857142,32.7,3,42.9,1,14.3,14,0.33,20,20,32.3,42,61.8,42,42,1,100,22,22,0,0,0,0,0,0,0,0,1,0.333,118.8,0,0,0,0,1,100,1,100,0,0,0,0,0,0,1,1,25,31.13,4.409,33.3,66.7,0,0,5.2,3.3,5.2,3.29,1.91,1.73,1.1,3.3
2023,78,Adam Thielen,CAR,WR,1,2,NO,13.846153846153847,14.634146341463413,87.5,9,100,6,66.7,4.56,0.67,6.83,41,50,41,85.4,6.83,8.2,5,83.3,16,3.2,7,1.4,1,0.41,100,1,0,0,4,0.444,134.7,5,83.3,1,16.7,5,83.3,0,0,0,0,0,0,0,0,0,0,66.7,-0.34,0.584,0,100,0,0,15.1,11.3,15.1,11.29,3.81,1.68,1.25,11.3
2023,79,Zach Ertz,ARZ,TE,1,4,SF,23.809523809523807,35,76.1,10,83.3,7,58.3,4.1,0.7,7.86,55,47,41,45.6,5.86,8.2,5,71.4,6,1.2,0,0,0,0.33,0,2,0,0,2,0.2,86,5,55.6,0,0,6,85.7,0,0,1,14.3,0,0,0,0,0,0,70,-1.92,-0.141,10,90,0,0,9.1,13.6,9.1,13.59,-4.49,0.91,1.36,13.6
2023,80,Michael Thomas,NO,WR,1,4,TB,18.867924528301888,23.076923076923077,85.2,10,71.4,3,21.4,4.1,0.3,9.33,28,15.6,41,56.9,13.67,13.67,3,100,13,4.33,6,2,0,0,0,0,0,0,3,0.3,118.8,2,18.2,0,0,3,100,0,33.3,0,0,0,0,0,0,0,0,23.1,5.57,1.52,50,50,0,0,7.1,6.4,7.1,6.44,0.66,0.71,0.64,6.4
2023,81,Marquise Brown,ARZ,WR,1,4,SF,22.641509433962266,18.181818181818183,92.5,12,100,2,16.7,3.42,0.17,28.5,57,48.7,41,45.6,20.5,41,1,50,17,17,1,1,0,0.02,0,0,0,0,1,0.083,95.8,2,22.2,0,0,1,50,2,100,0,0,0,0,0,0,0,0,16.7,8.39,1.06,58.3,41.7,0,0,5.1,3.8,5.1,3.82,1.28,0.42,0.32,3.8
2023,82,Brandon Aiyuk,SF,WR,1,4,ARZ,15.789473684210526,16.666666666666664,75.5,6,85.7,2,28.6,6.83,0.33,14.5,29,50.9,41,45.1,20.5,20.5,2,100,12,6,4,2,0,0.01,0,0,0,0,2,0.333,118.8,2,33.3,0,0,2,100,0,50,0,0,0,0,0,0,0,0,33.3,10.89,1.221,66.7,33.3,0,0,6.1,5.3,6.1,5.3,0.8,1.02,0.88,5.3
2023,83,Kyle Pitts,ATL,TE,1,3,DET,26.190476190476193,29.411764705882355,78.5,11,91.7,5,41.7,3.73,0.45,6.8,34,47.9,41,56.2,8.2,8.2,5,100,7,1.4,4,0.8,0,0.07,0,1,0,0,2,0.182,100.8,3,33.3,0,0,5,100,0,0,0,0,0,0,0,0,0,0,45.5,0.76,0.559,9.1,90.9,0,0,9.1,9.6,9.1,9.63,-0.53,0.83,0.88,9.6
2023,84,Nelson Agholor,BLT,WR,1,6,TEN,25,20,52.9,8,66.7,3,25,5,0.38,12,36,23.2,40,33.6,13.33,20,2,66.7,29,14.5,16,8,0,0,0,0,0,0,2,0.25,109.7,2,18.2,1,33.3,2,66.7,1,50,0,0,0,0,0,0,1,0.5,37.5,4.59,1.164,25,75,0,0,6,4.5,6,4.5,1.5,0.75,0.56,4.5
2023,85,Tyler Boyd,CIN,WR,1,2,BLT,16.176470588235293,12.903225806451612,91.2,11,84.6,4,30.8,3.64,0.36,8,32,44.4,40,44,10,10,4,100,8,2,4,1,0,0.01,0,0,0,0,3,0.273,108.3,3,25,0,0,4,100,0,0,0,0,2,2,100,0,0,0,33.3,2.58,1.461,9.1,90.9,0,0,8,6.8,8,6.84,1.16,0.73,0.62,6.8
2023,86,T.J. Hockenson,MIN,TE,1,3,LAC,28.888888888888886,50,88.5,13,86.7,6,40,3.08,0.46,5.67,34,20.4,40,29.2,6.67,8,5,83.3,12,2.4,2,0.4,0,0.36,0,3,1,0,2,0.154,54.9,3,30,0,0,6,100,0,0,1,16.7,0,0,0,0,0,0,40,-0.15,-1.215,7.7,61.5,30.8,0,8,11.7,8,11.67,-3.67,0.69,0.9,11.7
2023,87,Cole Kmet,CHI,TE,1,1,GB,28.57142857142857,33.33333333333333,97.1,8,66.7,4,33.3,5,0.5,3.25,13,15.9,40,36.7,10,10,4,100,27,6.75,9,2.25,0,0.01,0,0,0,0,2,0.25,108.3,1,14.3,0,0,4,100,0,0,0,0,0,0,0,0,1,0.25,33.3,3.68,0.424,12.5,75,0,12.5,8,6.6,8,6.61,1.39,1,0.83,6.6
2023,88,Garrett Wilson,NYJ,WR,1,4,KC,26.41509433962264,38.095238095238095,93,14,93.3,8,53.3,2.86,0.57,6,48,49,40,47.6,5,5.71,7,87.5,11,1.57,3,0.43,0,0.04,0,2,0,0,2,0.143,87.5,8,61.5,2,25,7,87.5,0,0,0,0,0,0,0,1,1,0.14,53.3,-2.09,0.249,35.7,64.3,0,0,11,12.5,11,12.48,-1.48,0.79,0.89,12.5
2023,89,Michael Wilson,ARZ,WR,1,2,NYG,10.416666666666668,50,45,5,55.6,3,33.3,8,0.6,26.33,79,80.6,40,57.1,13.33,20,2,66.7,14,7,0,0,0,0.09,0,0,0,0,2,0.4,109.7,2,40,0,0,3,100,2,50,0,0,1,0,0,0,0,0,50,2.4,0.947,40,60,0,0,6,6.6,6,6.64,-0.64,1.2,1.33,6.6
2023,90,Travis Kelce,KC,TE,1,6,DEN,13.953488372093023,15.384615384615385,67.1,6,66.7,4,44.4,6.5,0.67,5.75,23,63.9,39,49.4,9.75,9.75,4,100,16,4,7,1.75,0,0.11,0,1,0,0,2,0.333,107.3,2,33.3,0,0,4,100,0,0,0,0,0,0,0,0,0,0,50,2.68,0.756,0,100,0,0,7.9,8.3,7.9,8.34,-0.44,1.32,1.39,8.3
2023,91,Tyler Boyd,CIN,WR,1,3,LA,23.52941176470588,25.806451612903224,75.7,16,84.2,8,42.1,2.44,0.5,5.25,42,44.7,39,31.7,4.88,7.8,5,62.5,21,4.2,13,2.6,0,0.01,0,0,0,0,2,0.125,74.5,7,50,0,0,5,62.5,0,0,0,0,0,0,0,0,2,0.4,50,-1.44,0.045,12.5,87.5,0,0,8.9,8.6,8.9,8.59,0.31,0.56,0.54,8.6
2023,92,Mark Andrews,BLT,TE,1,5,PIT,30.76923076923077,30.434782608695656,94,16,88.9,7,38.9,2.44,0.44,5.71,40,17.8,39,26.9,5.57,9.75,4,57.1,17,4.25,7,1.75,0,0.69,0,2,1,0,2,0.125,72.9,4,28.6,1,14.3,6,85.7,0,0,2,28.6,1,0,0,0,1,0.25,41.2,-1.21,0.004,6.3,93.8,0,0,7.9,13.7,7.9,13.65,-5.75,0.49,0.85,13.7
2023,93,Rashee Rice,KC,WR,1,3,CHI,17.24137931034483,23.52941176470588,50.7,5,31.3,4,25,7.8,0.8,4.5,18,14.3,39,27.5,9.75,13,3,75,24,8,7,2.33,0,0.36,0,2,0,0,3,0.6,65.6,4,30.8,0,0,4,100,0,0,1,25,1,0,0,0,1,0.33,66.7,3.62,-0.029,20,80,0,0,6.9,8.4,6.9,8.39,-1.49,1.38,1.68,8.4
2023,94,Davante Adams,LV,WR,1,2,BUF,22.22222222222222,40,92.3,6,100,2,33.3,6.33,0.33,17,34,39.5,38,46.9,19,19,2,100,4,2,1,0.5,0,0,0,0,0,0,2,0.333,118.8,2,66.7,0,0,2,100,0,50,0,0,1,1,100,1,0,0,33.3,8.5,1.912,66.7,33.3,0,0,5.8,4.4,5.8,4.43,1.37,0.97,0.74,4.4
2023,95,Hunter Henry,NE,TE,1,2,MIA,26.31578947368421,27.77777777777778,91.5,15,83.3,5,27.8,2.47,0.33,8.6,43,26.4,37,35.2,7.4,9.25,4,80,7,1.75,2,0.5,0,0.01,0,0,0,0,1,0.067,97.5,5,31.3,0,0,5,100,0,0,0,0,1,0,0,0,0,0,29.4,-0.56,0.511,0,93.3,6.7,0,7.7,9,7.7,9.04,-1.34,0.51,0.6,9
2023,96,Tyler Higbee,LA,TE,1,3,CIN,16.071428571428573,18.181818181818183,96.2,9,90,2,20,4.11,0.22,10.5,21,16.4,37,58.7,18.5,18.5,2,100,16,8,4,2,0,0,0,0,0,0,2,0.222,118.8,1,12.5,0,0,2,100,0,50,0,0,0,0,0,0,0,0,20,8.85,1.276,22.2,55.6,22.2,0,5.7,4.7,5.7,4.72,0.98,0.63,0.52,4.7
2023,97,Marquez Valdes-Scantling,KC,WR,1,3,CHI,25.454545454545453,25,53.3,14,87.5,1,6.3,2.64,0.07,25,25,19.8,37,26.1,37,37,1,100,12,12,0,0,0,0.59,0,0,0,0,1,0.071,118.8,0,0,0,0,1,100,1,100,0,0,0,0,0,0,0,0,7.1,25.51,3.603,78.6,21.4,0,0,4.7,7.6,4.7,7.56,-2.86,0.34,0.54,7.6
2023,98,Christian Kirk,JAX,WR,1,3,HST,20.634920634920633,12.121212121212121,87,13,86.7,4,26.7,2.85,0.31,13.25,53,43.1,37,32.5,9.25,12.33,3,75,1,0.33,1,0.33,1,0.65,100,0,1,1,1,0.077,142.7,3,23.1,0,0,4,100,1,33.3,0,0,1,0,0,0,0,0,28.6,-0.1,0.086,38.5,61.5,0,0,12.7,12.3,12.7,12.28,0.42,0.98,0.94,12.3
2023,99,D.J. Moore,CHI,WR,1,4,DEN,16.666666666666664,20,92.9,6,100,2,33.3,6.17,0.33,17.5,35,55.6,37,51.4,18.5,18.5,2,100,2,1,1,0.5,1,0.89,100,0,1,1,2,0.333,158.3,2,66.7,0,0,2,100,1,50,0,0,0,0,0,1,0,0,33.3,9.31,2.036,66.7,33.3,0,0,11.7,10.8,11.7,10.81,0.89,1.95,1.8,10.8
2023,100,Justin Jefferson,MIN,WR,1,1,TB,18.181818181818183,17.647058823529413,98.4,8,100,3,37.5,4.63,0.38,9.67,29,51.8,37,78.7,12.33,18.5,2,66.7,13,6.5,4,2,0,0,0,0,0,0,1,0.125,109,3,50,0,0,2,66.7,1,50,0,0,0,0,0,0,0,0,37.5,4.57,0.266,50,50,0,0,5.7,5,5.7,5.02,0.68,0.71,0.63,5
2023,101,Mark Andrews,BLT,TE,1,2,CIN,30.76923076923077,30.434782608695656,78.6,16,80,7,35,2.25,0.44,5.14,36,20.3,36,27.7,5.14,9,4,57.1,19,4.75,11,2.75,1,0.85,50,1,0,0,2,0.125,110.7,5,33.3,0,0,6,85.7,0,33.3,1,14.3,1,0,0,0,1,0.25,41.2,-1.62,0.31,0,93.8,6.3,0,13.6,14.8,13.6,14.78,-1.18,0.85,0.92,14.8
2023,102,Mike Gesicki,NE,TE,1,1,PHI,20.454545454545457,18.75,41,9,42.9,3,14.3,4,0.33,4.33,13,7.5,36,33,12,12,3,100,23,7.67,1,0.33,0,0.01,0,0,0,0,3,0.333,116.7,1,7.1,0,0,3,100,0,0,0,0,0,0,0,0,0,0,30,5.42,1.233,11.1,88.9,0,0,6.6,5.3,6.6,5.33,1.27,0.73,0.59,5.3
2023,103,Dalton Schultz,HST,TE,1,5,ATL,26.31578947368421,42.857142857142854,58.6,10,71.4,6,42.9,3.5,0.6,11.83,71,49,35,33,5.83,11.67,3,50,1,0.33,1,0.33,1,0.67,100,1,1,1,3,0.3,107.6,5,41.7,0,0,3,50,1,0,0,0,0,0,0,0,0,0,50,-2.94,0.586,20,70,10,0,12.5,10.4,12.5,10.42,2.08,1.25,1.04,10.4
2023,104,D.J. Moore,CHI,WR,1,6,MIN,16.666666666666664,30,95.4,6,85.7,3,42.9,5.83,0.5,8.67,26,53.1,35,38.9,11.67,11.67,3,100,9,3,3,1,0,0.01,0,0,0,0,2,0.333,115.3,3,42.9,1,33.3,3,100,1,33.3,0,0,1,1,100,1,0,0,42.9,3.54,1.028,33.3,66.7,0,0,6.5,5.2,6.5,5.24,1.26,1.08,0.87,5.2
2023,105,Dyami Brown,WAS,WR,1,4,PHI,30.434782608695656,33.33333333333333,31.1,7,53.8,1,7.7,5,0.14,14,14,10.9,35,34,35,35,1,100,21,21,2,2,0,0.01,0,0,0,0,1,0.143,118.8,1,9.1,0,0,1,100,0,100,0,0,0,0,0,0,1,1,14.3,25.19,3.083,57.1,42.9,0,0,4.5,2.9,4.5,2.86,1.64,0.64,0.41,2.9
2023,106,Hunter Henry,NE,TE,1,1,PHI,22.807017543859647,22.22222222222222,78.2,13,61.9,4,19,2.62,0.31,10,40,23.1,34,31.2,8.5,11.33,3,75,7,2.33,3,1,0,0.02,0,0,0,0,3,0.231,100,3,21.4,0,0,4,100,0,0,1,25,1,1,100,1,0,0,25,0.09,0.769,7.7,84.6,7.7,0,6.4,7.6,6.4,7.64,-1.24,0.49,0.59,7.6
2023,107,Noah Brown,HST,WR,1,6,NO,42.857142857142854,33.33333333333333,55,6,66.7,1,11.1,5.67,0.17,18,18,18.2,34,32.4,34,34,1,100,16,16,4,4,0,0.01,0,0,0,0,1,0.167,118.8,1,16.7,0,0,1,100,0,100,0,0,0,0,0,0,0,0,14.3,23.1,2.895,33.3,66.7,0,0,4.4,2.9,4.4,2.87,1.53,0.73,0.48,2.9
2023,108,Marquez Valdes-Scantling,KC,WR,1,1,DET,18.181818181818183,25,62.9,10,71.4,1,7.1,3.4,0.1,33,33,22.8,34,28.3,34,34,1,100,1,1,0,0,0,0.02,0,0,0,0,1,0.1,118.8,0,0,0,0,1,100,1,100,0,0,1,1,100,1,0,0,10,21.53,2.783,70,30,0,0,4.4,2.5,4.4,2.53,1.87,0.44,0.25,2.5
2023,109,Josiah Deguara,GB,TE,1,4,DET,90,80,62.3,9,75,4,33.3,3.78,0.44,4.25,17,13.2,34,32.7,8.5,8.5,4,100,17,4.25,5,1.25,0,0.03,0,0,0,0,1,0.111,102.1,4,36.4,1,25,4,100,0,0,0,0,0,0,0,0,0,0,44.4,1.71,0.026,11.1,77.8,11.1,0,7.4,7.3,7.4,7.3,0.1,0.82,0.81,7.3
2023,110,Tutu Atwell,LA,WR,1,2,SF,22.58064516129032,20,94.9,14,100,4,28.6,2.43,0.29,8.75,35,24,34,58.6,8.5,11.33,3,75,3,1,1,0.33,0,0.01,0,0,0,0,2,0.143,100,3,25,0,0,3,75,0,0,0,0,1,1,100,0,0,0,28.6,1.03,0.442,57.1,42.9,0,0,6.4,5.8,6.4,5.84,0.56,0.46,0.42,5.8
2023,111,Josh Downs,IND,WR,1,4,LA,15.384615384615385,9.375,74.1,8,72.7,3,27.3,4.25,0.38,17,51,39.2,34,59.6,11.33,17,2,66.7,4,2,-1,-0.5,0,0.01,0,0,0,0,1,0.125,104.9,3,27.3,0,0,2,66.7,2,50,0,0,0,0,0,0,0,0,33.3,1.64,0.375,12.5,87.5,0,0,5.4,5.1,5.4,5.1,0.3,0.68,0.64,5.1
2023,112,Robert Woods,HST,WR,1,1,BLT,16.27906976744186,21.052631578947366,75,7,58.3,4,33.3,4.71,0.57,5,20,35.7,33,41.3,8.25,8.25,4,100,13,3.25,4,1,0,0.02,0,0,0,0,2,0.286,101,3,33.3,1,25,4,100,0,0,0,0,0,0,0,0,0,0,50,1.53,0.698,42.9,57.1,0,0,7.3,7.4,7.3,7.43,-0.13,1.04,1.06,7.4
2023,113,Logan Thomas,WAS,TE,1,4,PHI,25,13.333333333333334,78.4,10,76.9,2,15.4,3.3,0.2,12.5,25,19.5,33,32,16.5,16.5,2,100,8,4,4,2,0,0.05,0,0,0,0,1,0.1,118.8,2,18.2,0,0,2,100,1,50,0,0,1,1,100,0,0,0,20,8.05,1.306,60,40,0,0,5.3,3.3,5.3,3.33,1.97,0.53,0.33,3.3
2023,114,Chris Moore,TEN,WR,1,3,CLV,18.75,50,40,3,50,2,33.3,11,0.67,11.5,23,95.8,33,75,16.5,33,1,50,8,8,3,3,0,0.01,0,0,0,0,1,0.333,95.8,2,40,1,50,1,50,1,100,0,0,1,1,100,1,0,0,66.7,8.01,1.537,33.3,66.7,0,0,4.3,2,4.3,2.04,2.26,1.43,0.68,2
2023,115,Kalif Raymond,DET,WR,1,5,CAR,13.636363636363635,20,48.3,3,60,2,40,11,0.67,9.5,19,105.6,33,68.8,16.5,16.5,2,100,14,7,3,1.5,0,0.07,0,1,0,0,2,0.667,118.8,2,50,1,50,2,100,0,100,0,0,0,0,0,0,1,0.5,40,7.51,1.377,0,100,0,0,5.3,5.1,5.3,5.08,0.22,1.77,1.69,5.1
2023,116,David Njoku,CLV,TE,1,4,BLT,25.71428571428571,66.66666666666666,67.7,9,90,4,40,3.67,0.44,7.25,29,33.7,33,53.2,8.25,11,3,75,21,7,9,3,0,0,0,0,0,0,1,0.111,99,3,33.3,0,0,3,75,0,0,0,0,0,0,0,0,0,0,44.4,0.61,0.62,0,88.9,11.1,0,6.3,4.9,6.3,4.92,1.38,0.7,0.55,4.9
2023,117,Mike Gesicki,NE,TE,1,2,MIA,36.36363636363637,37.5,70.4,16,88.9,6,33.3,2.06,0.38,12.5,75,46,33,31.4,5.5,6.6,5,83.3,7,1.4,1,0.2,0,0.01,0,0,0,0,0,0,91.7,5,31.3,0,0,5,83.3,1,0,0,0,1,1,100,0,0,0,37.5,-1.75,-0.245,12.5,87.5,0,0,8.3,8.4,8.3,8.41,-0.11,0.52,0.53,8.4
2023,118,Christian Kirk,JAX,WR,1,5,BUF,11.11111111111111,9.090909090909092,81.7,7,100,3,42.9,4.57,0.43,7,21,42.9,32,42.7,10.67,10.67,3,100,11,3.67,3,1,0,0.02,0,0,0,0,2,0.286,111.1,3,60,1,33.3,3,100,0,33.3,0,0,0,0,0,0,0,0,42.9,2.88,1.086,0,100,0,0,6.2,6.9,6.2,6.89,-0.69,0.89,0.98,6.9
2023,119,Calvin Ridley,JAX,WR,1,5,BUF,10.714285714285714,20,85.4,6,85.7,1,14.3,5.33,0.17,9,9,18.4,32,42.7,32,32,1,100,23,23,1,1,0,0.02,0,0,0,0,1,0.167,118.8,1,20,0,0,1,100,0,100,0,0,0,0,0,0,0,0,14.3,24.55,2.222,83.3,16.7,0,0,4.2,2.3,4.2,2.31,1.89,0.7,0.39,2.3
2023,120,A.J. Brown,PHI,WR,1,3,TB,16.27906976744186,40,82.1,7,70,4,40,4.57,0.57,11.5,46,49.5,32,28.1,8,16,2,50,25,12.5,1,0.5,0,0.9,0,1,1,0,1,0.143,77.1,3,42.9,0,0,3,75,1,50,1,25,0,0,0,0,0,0,44.4,0.39,0.132,42.9,57.1,0,0,5.2,10,5.2,10.02,-4.82,0.74,1.43,10
2023,121,Chris Olave,NO,WR,1,2,CAR,13.559322033898304,21.73913043478261,78.4,8,100,5,62.5,4,0.63,10.4,52,77.6,32,62.7,6.4,10.67,3,60,5,1.67,4,1.33,0,0.03,0,0,0,0,1,0.125,39.2,3,50,0,0,4,80,1,33.3,0,0,0,0,0,0,0,0,62.5,-1.85,-0.398,25,75,0,0,6.2,10.2,6.2,10.2,-4,0.78,1.28,10.2
2023,122,Wan'Dale Robinson,NYG,WR,1,4,SEA,21.428571428571427,29.411764705882355,63.5,6,54.5,5,45.5,5.33,0.83,2.8,14,33.3,32,52.5,6.4,8,4,80,23,5.75,5,1.25,0,0,0,0,0,0,3,0.5,93.3,5,55.6,1,20,4,80,0,0,0,0,0,0,0,0,1,0.25,83.3,0.48,1.034,0,100,0,0,7.2,6.7,7.2,6.74,0.46,1.2,1.12,6.7
2023,123,Dontayvion Wicks,GB,WR,1,2,ATL,16.666666666666664,66.66666666666666,51.1,4,57.1,2,28.6,8,0.5,18,36,72,32,65.3,16,32,1,50,17,17,16,16,1,0.15,50,1,1,0,1,0.25,135.4,1,20,0,0,2,100,1,100,0,0,0,0,0,0,2,2,40,5.18,0.959,25,75,0,0,10.2,3.8,10.2,3.78,6.42,2.55,0.94,3.8
2023,124,Josh Downs,IND,WR,1,2,HST,11.538461538461538,12.5,75,6,66.7,4,44.4,5.33,0.67,6.25,25,55.6,32,56.1,8,10.67,3,75,12,4,7,2.33,0,0.07,0,1,0,0,2,0.333,97.9,2,33.3,0,0,3,75,0,0,0,0,0,0,0,0,1,0.33,66.7,1.23,0.445,0,100,0,0,6.2,6.3,6.2,6.26,-0.06,1.03,1.04,6.3
2023,125,Darren Waller,NYG,TE,1,5,MIA,20.833333333333336,25,92.6,10,90.9,4,36.4,3.1,0.4,11,44,58.7,31,33.7,7.75,10.33,3,75,6,2,2,0.67,0,0.04,0,0,0,0,1,0.1,96.9,3,33.3,0,0,4,100,0,0,0,0,1,0,0,1,0,0,36.4,-0.81,0.477,10,80,10,0,6.1,8,6.1,8.05,-1.95,0.61,0.8,8
2023,126,A.J. Brown,PHI,WR,1,5,LA,18.6046511627907,20,98.7,8,66.7,2,16.7,3.88,0.25,12,24,30.8,31,23.8,15.5,15.5,2,100,7,3.5,4,2,0,0.03,0,0,0,0,2,0.25,118.8,1,10,0,0,2,100,0,50,0,0,1,1,100,0,0,0,16.7,6.57,1.638,75,25,0,0,5.1,4.1,5.1,4.08,1.02,0.64,0.51,4.1
2023,127,Jauan Jennings,SF,WR,1,3,NYG,21.428571428571427,30,37.2,6,66.7,3,33.3,5.17,0.5,7.33,22,47.8,31,29.5,10.33,15.5,2,66.7,16,8,9,4.5,0,0,0,0,0,0,1,0.167,100.7,2,33.3,0,0,3,100,0,50,0,0,1,0,0,0,0,0,42.9,3.19,0.328,16.7,83.3,0,0,5.1,5.1,5.1,5.15,-0.05,0.85,0.86,5.1
2023,128,Brandon Aiyuk,SF,WR,1,2,LA,26.31578947368421,25,51.9,10,71.4,3,21.4,3.1,0.3,10.33,31,33.7,31,18.9,10.33,15.5,2,66.7,5,2.5,2,1,0,0.07,0,1,0,0,2,0.2,100.7,3,23.1,0,0,3,100,0,0,0,0,2,1,50,0,0,0,30,1.93,0.806,70,30,0,0,5.1,5.4,5.1,5.42,-0.32,0.51,0.54,5.4
2023,129,Tyler Boyd,CIN,WR,1,6,SEA,22.058823529411764,19.35483870967742,88.7,15,88.2,6,35.3,2,0.4,1.83,11,16.7,30,25.9,5,5,6,100,19,3.17,9,1.5,0,0.01,0,0,0,0,1,0.067,87.5,4,30.8,1,16.7,6,100,0,0,0,0,0,0,0,0,2,0.33,37.5,-0.43,0.076,13.3,86.7,0,0,9,10,9,9.96,-0.96,0.6,0.66,10
2023,130,Tanner Hudson,CIN,TE,1,3,LA,68.18181818181817,80,45.9,15,78.9,4,21.1,2,0.27,7.75,31,33,30,24.4,7.5,15,2,50,8,4,3,1.5,0,0,0,0,0,0,1,0.067,75,2,14.3,0,0,2,50,0,50,0,0,1,1,100,0,0,0,25,-0.61,-0.425,33.3,40,26.7,0,5,3.9,5,3.92,1.08,0.33,0.26,3.9
2023,131,Brandon Powell,MIN,WR,1,5,KC,40,66.66666666666666,30.9,4,33.3,4,33.3,7.5,1,8.5,34,28.3,30,50.8,7.5,10,3,75,7,2.33,0,0,0,0.17,0,1,0,0,2,0.5,95.8,3,37.5,1,25,4,100,1,50,0,0,1,0,0,0,0,0,100,0.09,0.103,0,100,0,0,6,8.7,6,8.69,-2.69,1.5,2.17,8.7
2023,132,Deebo Samuel,SF,WR,1,3,NYG,20.454545454545457,10,80.8,9,100,1,11.1,3.33,0.11,-4,-4,-8.7,30,28.6,30,30,1,100,34,34,7,7,0,0,0,0,0,0,1,0.111,118.8,1,16.7,1,100,1,100,0,100,0,0,0,0,0,0,0,0,11.1,25.51,3.73,77.8,11.1,0,11.1,4,1.5,4,1.55,2.45,0.44,0.17,1.5
2023,133,Tee Higgins,CIN,WR,1,2,BLT,21.73913043478261,50,87.7,10,76.9,4,30.8,3,0.4,9,36,50,30,33,7.5,10,3,75,14,4.67,3,1,1,0.75,100,2,2,1,3,0.3,95.8,4,33.3,0,0,3,75,0,0,0,0,0,0,0,0,0,0,36.4,-0.66,-0.288,50,50,0,0,12,9.3,12,9.3,2.7,1.2,0.93,9.3
2023,134,Tutu Atwell,LA,WR,1,6,ARZ,6.451612903225806,5,87.3,4,80,1,20,7.5,0.25,20,20,40,30,36.6,30,30,1,100,10,10,0,0,0,0.01,0,0,0,0,1,0.25,118.8,1,20,0,0,1,100,1,100,0,0,0,0,0,0,0,0,25,19.13,1.781,50,50,0,0,4,3.4,4,3.41,0.59,1,0.85,3.4
2023,135,Elijah Moore,CLV,WR,1,3,TEN,15.789473684210526,21.428571428571427,74.6,6,100,3,50,5,0.5,2,6,11.8,30,45.5,10,10,3,100,24,8,7,2.33,0,0.01,0,0,0,0,2,0.333,108.3,2,50,1,33.3,3,100,0,0,0,0,0,0,0,0,1,0.33,50,4.18,1.251,16.7,83.3,0,0,6,5,6,5.02,0.98,1,0.84,5
2023,136,Romeo Doubs,GB,WR,1,3,NO,35.294117647058826,33.33333333333333,85.9,12,75,2,12.5,2.5,0.17,16,32,13.9,30,25.6,15,30,1,50,0,0,0,0,0,0.02,0,0,0,0,1,0.083,95.8,2,12.5,0,0,2,100,1,100,0,0,1,0,0,1,0,0,15.4,7.74,0.48,75,25,0,0,4,4.5,4,4.5,-0.5,0.33,0.37,4.5
2023,137,Josh Downs,IND,WR,1,1,JAX,19.230769230769234,18.75,78.3,10,100,6,60,3,0.6,5.33,32,44.4,30,50.8,5,10,3,50,22,7.33,3,1,0,0.01,0,2,1,0,1,0.1,64.6,4,50,1,16.7,4,66.7,0,33.3,1,16.7,0,0,0,0,1,0.33,60,-1.83,-0.158,0,100,0,0,6,7,6,6.99,-0.99,0.6,0.7,7
2023,138,Josh Downs,IND,WR,1,3,BLT,19.230769230769234,21.875,79.8,10,83.3,7,58.3,3,0.7,7.71,54,62.8,30,81.1,4.29,7.5,4,57.1,14,3.5,3,0.75,0,0.02,0,0,0,0,1,0.1,67.6,5,50,1,14.3,4,57.1,1,0,0,0,0,0,0,0,0,0,63.6,-3.05,-0.494,20,80,0,0,7,7.3,7,7.27,-0.27,0.7,0.73,7.3
2023,139,Rashee Rice,KC,WR,1,6,DEN,20.689655172413794,11.76470588235294,47.1,6,66.7,2,22.2,5,0.33,6.5,13,36.1,30,38,15,15,2,100,17,8.5,6,3,0,0.08,0,0,0,0,1,0.167,118.8,1,16.7,0,0,2,100,0,50,0,0,0,0,0,0,0,0,28.6,8.06,0.944,50,50,0,0,5,4.2,5,4.23,0.77,0.83,0.71,4.2
2023,140,Evan Engram,JAX,TE,1,2,KC,22.58064516129032,18.181818181818183,73.4,14,77.8,4,22.2,2.07,0.29,4.5,18,15.7,29,21,7.25,9.67,3,75,32,10.67,15,5,0,0.02,0,0,0,0,3,0.214,94.8,3,18.8,2,50,3,75,1,0,0,0,0,0,0,0,0,0,26.7,0.14,0.479,42.9,50,7.1,0,5.9,4.9,5.9,4.9,1,0.42,0.35,4.9
2023,141,Josh Reynolds,DET,WR,1,6,TB,42.10526315789473,66.66666666666666,81.2,16,84.2,2,10.5,1.81,0.13,9,18,12.9,29,17.4,14.5,14.5,2,100,11,5.5,1,0.5,0,0.01,0,0,0,0,1,0.063,118.8,1,6.7,0,0,2,100,0,50,0,0,0,0,0,0,0,0,11.1,6.57,0.873,50,50,0,0,4.9,4.5,4.9,4.54,0.36,0.31,0.28,4.5
2023,142,T.J. Hockenson,MIN,TE,1,2,PHI,17.77777777777778,25,85.5,8,88.9,3,33.3,3.63,0.38,11.33,34,30.4,29,25.4,9.67,14.5,2,66.7,17,8.5,7,3.5,1,0.44,100,1,0,0,2,0.25,137.5,3,42.9,0,0,2,66.7,1,100,0,0,0,0,0,0,0,0,33.3,1.55,1.387,0,50,50,0,10.9,5.8,10.9,5.78,5.12,1.36,0.72,5.8
2023,143,Darius Slayton,NYG,WR,1,2,ARZ,14.285714285714285,16.666666666666664,82.1,7,53.8,1,7.7,4.14,0.14,14,14,16.5,29,33,29,29,1,100,15,15,14,14,0,0,0,0,0,0,1,0.143,118.8,1,8.3,0,0,1,100,0,100,0,0,0,0,0,0,1,1,11.1,19.19,2.063,71.4,28.6,0,0,3.9,2.6,3.9,2.57,1.33,0.56,0.37,2.6
2023,144,Donovan Peoples-Jones,CLV,WR,1,3,TEN,13.88888888888889,40,88.1,5,83.3,2,33.3,5.8,0.4,20,40,78.4,29,43.9,14.5,29,1,50,2,2,0,0,0,0.07,0,0,0,0,1,0.2,95.8,2,50,0,0,1,50,1,100,0,0,0,0,0,0,0,0,40,4.09,0.022,40,60,0,0,3.9,3.9,3.9,3.88,0.02,0.78,0.78,3.9
2023,145,Ja'Marr Chase,CIN,WR,1,1,CLV,9.75609756097561,14.285714285714285,96.3,8,88.9,4,44.4,3.63,0.5,2.25,9,20.5,29,60.4,7.25,7.25,4,100,20,5,11,2.75,0,0,0,0,0,0,2,0.25,96.9,4,57.1,2,50,4,100,0,0,0,0,0,0,0,0,3,0.75,44.4,1.5,1.068,37.5,62.5,0,0,6.9,6.6,6.9,6.64,0.26,0.86,0.83,6.6
2023,146,Drake London,ATL,WR,1,6,WAS,22.916666666666664,37.5,82.3,11,84.6,3,23.1,2.64,0.27,8.33,25,29.1,29,33,9.67,14.5,2,66.7,10,5,6,3,0,0,0,0,0,0,2,0.182,97.9,3,27.3,0,0,2,66.7,0,50,0,0,0,0,0,0,0,0,25,2.06,0.686,54.5,45.5,0,0,4.9,4.1,4.9,4.13,0.77,0.45,0.38,4.1
2023,147,Rashee Rice,KC,WR,1,1,DET,20.689655172413794,29.411764705882355,32.3,6,42.9,5,35.7,4.83,0.83,9.8,49,33.8,29,24.2,5.8,9.67,3,60,15,5,4,1.33,1,1,100,1,1,1,2,0.333,115.8,2,28.6,0,0,4,80,1,50,0,0,1,0,0,0,0,0,83.3,-1.53,0.129,0,100,0,0,11.9,11.9,11.9,11.89,0.01,1.98,1.98,11.9
2023,148,DeAndre Hopkins,TEN,WR,1,2,LAC,7.6923076923076925,18.181818181818183,58.7,3,75,2,50,9.33,0.67,13.5,27,103.8,28,80,14,14,2,100,1,0.5,0,0,0,0.03,0,0,0,0,2,0.667,118.8,2,66.7,0,0,2,100,0,0,0,0,1,1,100,0,0,0,66.7,4.64,1.568,33.3,66.7,0,0,4.8,3.7,4.8,3.73,1.07,1.6,1.24,3.7
2023,149,Tyler Boyd,CIN,WR,1,5,ARZ,14.705882352941178,16.129032258064516,74.7,10,66.7,5,33.3,2.8,0.5,5.2,26,32.5,28,25.7,5.6,7,4,80,11,2.75,4,1,0,0.06,0,1,0,0,1,0.1,90,3,27.3,1,20,4,80,0,0,0,0,0,0,0,0,0,0,35.7,-1.12,0.238,20,80,0,0,6.8,8,6.8,7.96,-1.16,0.68,0.8,8
2023,150,Chris Olave,NO,WR,1,1,TEN,15.254237288135593,17.391304347826086,78.1,9,90,4,40,3.11,0.44,17.25,69,53.9,28,35.4,7,9.33,3,75,12,4,2,0.67,0,0.28,0,0,0,0,2,0.222,93.8,4,44.4,1,25,4,100,1,0,0,0,1,0,0,0,0,0,44.4,-2.1,0.516,55.6,44.4,0,0,5.8,9,5.8,9.04,-3.24,0.64,1,9
2023,151,Jake Ferguson,DAL,TE,1,5,SF,24.137931034482758,25,69.4,7,87.5,3,37.5,4,0.43,2,6,5.2,28,41.2,9.33,9.33,3,100,22,7.33,6,2,0,0,0,0,0,0,1,0.143,105.6,1,20,0,0,3,100,0,33.3,0,0,1,1,100,0,0,0,42.9,3.36,0.483,14.3,71.4,14.3,0,5.8,4.3,5.8,4.28,1.52,0.83,0.61,4.3
2023,152,Tank Dell,HST,WR,1,5,ATL,24.242424242424242,37.5,34.5,8,57.1,3,21.4,3.5,0.38,11,33,22.8,28,26.4,9.33,14,2,66.7,7,3.5,5,2.5,0,0.01,0,0,0,0,1,0.125,96.5,3,25,0,0,2,66.7,0,50,0,0,0,0,0,0,1,0.5,37.5,0.83,0.144,50,50,0,0,4.8,4.6,4.8,4.62,0.18,0.6,0.58,4.6
2023,153,Tyreek Hill,MIA,WR,1,6,CAR,16.666666666666664,12.5,55.4,8,61.5,2,15.4,3.38,0.25,15,30,40,27,32.9,13.5,27,1,50,4,4,2,2,0,0.01,0,0,0,0,1,0.125,95.8,2,16.7,0,0,2,100,1,100,1,50,0,0,0,0,1,1,25,4.86,0.512,50,50,0,0,3.7,5.5,3.7,5.49,-1.79,0.46,0.69,5.5
2023,154,Juwan Johnson,NO,TE,1,1,TEN,33.33333333333333,37.5,75,7,70,3,30,3.86,0.43,13.33,40,31.3,27,34.2,9,27,1,33.3,19,19,1,1,0,0.03,0,0,0,0,1,0.143,27.8,3,33.3,0,0,2,66.7,1,100,0,0,0,0,0,0,0,0,37.5,-0.81,-1.108,0,85.7,14.3,0,3.7,5.2,3.7,5.17,-1.47,0.53,0.74,5.2
2023,155,Gabe Davis,BUF,WR,1,4,MIA,14.000000000000002,40,71.4,7,77.8,2,22.2,3.86,0.29,11.5,23,34.8,27,38.6,13.5,13.5,2,100,5,2.5,1,0.5,1,1,100,1,1,1,1,0.143,158.3,1,14.3,0,0,2,100,0,0,0,0,0,0,0,0,0,0,25,4.51,1.268,57.1,42.9,0,0,10.7,10.7,10.7,10.7,0,1.53,1.53,10.7
2023,156,Brevin Jordan,HST,TE,1,2,IND,40,66.66666666666666,19,4,30.8,2,15.4,6.75,0.5,11.5,23,13.1,27,19.4,13.5,13.5,2,100,4,2,0,0,0,0.01,0,0,0,0,2,0.5,118.8,2,20,0,0,2,100,0,0,0,0,0,0,0,0,0,0,40,4.32,0.936,0,75,25,0,4.7,4.8,4.7,4.75,-0.05,1.18,1.19,4.8
2023,157,Trey McBride,ARZ,TE,1,6,LA,33.33333333333333,50,58.9,3,23.1,1,7.7,9,0.33,25,25,20.8,27,28.7,27,27,1,100,2,2,2,2,0,0.03,0,0,0,0,1,0.333,118.8,1,16.7,0,0,1,100,1,100,0,0,1,1,100,0,0,0,25,17.44,-1.733,0,100,0,0,3.7,1.9,3.7,1.89,1.81,1.23,0.63,1.9
2023,158,Dalton Kincaid,BUF,TE,1,4,MIA,23.52941176470588,33.33333333333333,53.6,8,88.9,4,44.4,3.38,0.5,3.75,15,22.7,27,38.6,6.75,6.75,4,100,12,3,8,2,0,0,0,0,0,0,1,0.125,94.8,4,57.1,0,0,4,100,0,0,0,0,0,0,0,0,2,0.5,44.4,0.45,0.582,0,75,12.5,12.5,6.7,6.8,6.7,6.81,-0.11,0.84,0.85,6.8
2023,159,Adam Thielen,CAR,WR,1,4,MIN,10.76923076923077,9.75609756097561,89.7,7,58.3,4,33.3,3.71,0.57,1.5,6,120,26,44.8,6.5,6.5,4,100,20,5,6,1.5,0,0.03,0,0,0,0,1,0.143,93.8,4,33.3,3,75,4,100,0,0,0,0,0,0,0,0,0,0,44.4,0.09,0.564,42.9,57.1,0,0,6.6,7.1,6.6,7.14,-0.54,0.94,1.02,7.1
2023,160,Travis Kelce,KC,TE,1,4,NYJ,18.6046511627907,19.230769230769234,78.8,8,66.7,5,41.7,3.25,0.63,8.4,42,33.6,26,46.4,5.2,13,2,40,15,7.5,10,5,0,0.01,0,0,0,0,2,0.25,17.5,5,50,1,20,3,60,1,0,1,20,0,0,0,0,1,0.5,55.6,-2.66,0.058,25,75,0,0,4.6,5.6,4.6,5.61,-1.01,0.57,0.7,5.6
2023,161,Tyler Boyd,CIN,WR,1,4,TEN,13.23529411764706,19.35483870967742,90.2,9,81.8,6,54.5,2.89,0.67,10.5,63,82.9,26,40,4.33,6.5,4,66.7,3,0.75,1,0.25,0,0.01,0,0,0,0,1,0.111,75.7,6,54.5,0,0,4,66.7,1,0,0,0,1,1,100,0,0,0,60,-3,-0.369,11.1,88.9,0,0,6.6,6.8,6.6,6.84,-0.24,0.73,0.76,6.8
2023,162,Jakobi Meyers,LV,WR,1,6,NE,23.809523809523807,25,93.8,5,100,2,40,5.2,0.4,13,26,30.2,26,31.7,13,13,2,100,6,3,1,0.5,1,0.98,100,1,1,1,2,0.4,158.3,2,40,0,0,2,100,0,0,0,0,0,0,0,0,0,0,40,3.8,1.696,60,40,0,0,10.6,10,10.6,9.96,0.64,2.12,1.99,10
2023,163,Jauan Jennings,SF,WR,1,6,CLV,14.285714285714285,40,52.7,4,57.1,4,57.1,6.5,1,9.5,38,71.7,26,74.3,6.5,13,2,50,7,3.5,4,2,0,0.04,0,0,0,0,2,0.5,70.8,4,66.7,0,0,2,50,0,0,0,0,0,0,0,0,0,0,80,-1.57,0.518,0,100,0,0,4.6,4.6,4.6,4.63,-0.03,1.15,1.16,4.6
2023,164,Josh Palmer,LAC,WR,1,6,DAL,18.181818181818183,20,96.7,6,85.7,1,14.3,4.33,0.17,17,17,21.3,26,30.2,26,26,1,100,9,9,5,5,0,0,0,0,0,0,1,0.167,118.8,0,0,0,0,1,100,0,100,0,0,0,0,0,0,0,0,14.3,14.33,1.574,50,50,0,0,3.6,2.9,3.6,2.87,0.73,0.6,0.48,2.9
2023,165,Kavontae Turpin,DAL,WR,1,5,SF,12.5,25,4.1,1,12.5,1,12.5,26,1,26,26,22.6,26,38.2,26,26,1,100,0,0,0,0,1,0.68,100,0,1,1,1,1,158.3,1,20,0,0,1,100,1,100,0,0,0,0,0,0,0,0,100,12.99,3.624,0,100,0,0,9.6,7,9.6,6.97,2.63,9.6,6.97,7
2023,166,Wan'Dale Robinson,NYG,WR,1,6,BUF,39.285714285714285,23.52941176470588,58.9,11,91.7,4,33.3,2.36,0.36,4,16,12.9,26,24.3,6.5,6.5,4,100,10,2.5,2,0.5,0,0.04,0,1,0,0,2,0.182,93.8,4,36.4,1,25,4,100,0,0,0,0,0,0,0,0,0,0,36.4,0.45,0.849,18.2,81.8,0,0,6.6,7,6.6,7.03,-0.43,0.6,0.64,7
2023,167,DeAndre Hopkins,TEN,WR,1,1,NO,30.76923076923077,45.45454545454545,76.3,12,85.7,5,35.7,2.08,0.42,6.2,31,23.7,25,28.7,5,6.25,4,80,1,0.25,1,0.25,0,0.04,0,1,0,0,1,0.083,87.5,4,33.3,0,0,5,100,0,0,0,0,0,0,0,1,0,0,38.5,-1.89,-0.183,50,50,0,0,6.5,8.7,6.5,8.69,-2.19,0.54,0.72,8.7
2023,168,Tyler Conklin,NYJ,TE,1,2,DAL,17.647058823529413,25,87,6,75,3,37.5,4.17,0.5,5.33,16,21.9,25,55.6,8.33,8.33,3,100,9,3,4,1.33,0,0,0,0,0,0,1,0.167,101.4,2,40,0,0,3,100,0,0,0,0,0,0,0,0,0,0,42.9,1.65,0.398,16.7,83.3,0,0,5.5,5.3,5.5,5.25,0.25,0.92,0.88,5.3
2023,169,Courtland Sutton,DEN,WR,1,2,WAS,20.588235294117645,25,90.3,7,100,2,28.6,3.57,0.29,9.5,19,25.7,25,53.2,12.5,12.5,2,100,6,3,3,1.5,0,0.02,0,1,0,0,1,0.143,118.8,0,0,0,0,2,100,0,100,0,0,0,0,0,0,0,0,28.6,4,0.9,28.6,71.4,0,0,4.5,4.6,4.5,4.57,-0.07,0.64,0.65,4.6
2023,170,Mark Andrews,BLT,TE,1,4,CLV,11.538461538461538,8.695652173913043,70.9,6,100,2,33.3,4.17,0.33,4,8,33.3,25,64.1,12.5,12.5,2,100,17,8.5,8,4,1,0.15,100,1,0,0,1,0.167,158.3,0,0,0,0,2,100,0,0,0,0,0,0,0,0,2,1,33.3,5.77,1.463,16.7,66.7,16.7,0,10.5,4.4,10.5,4.44,6.06,1.75,0.74,4.4
2023,171,Trenton Irwin,CIN,WR,1,5,ARZ,41.66666666666667,100,75.9,10,66.7,4,26.7,2.5,0.4,7.25,29,36.3,25,22.9,6.25,8.33,3,75,9,3,5,1.67,0,0.01,0,0,0,0,2,0.2,51,3,27.3,0,0,3,75,0,0,0,0,0,0,0,0,0,0,28.6,-0.72,-0.284,50,50,0,0,5.5,5.7,5.5,5.66,-0.16,0.55,0.57,5.7
2023,172,Marquise Brown,ARZ,WR,1,5,CIN,18.867924528301888,36.36363636363637,91.2,10,90.9,4,36.4,2.5,0.4,16,64,55.7,25,65.8,6.25,25,1,25,5,5,0,0,1,0.49,100,0,0,0,1,0.1,92.7,2,25,0,0,2,50,2,100,0,0,1,0,0,0,0,0,40,-3.76,0.369,60,40,0,0,9.5,6.8,9.5,6.8,2.7,0.95,0.68,6.8
2023,173,Nick Westbrook-Ikhine,TEN,WR,1,4,CIN,25,40,82.3,9,100,4,44.4,2.78,0.44,9.5,38,46.3,25,43.9,6.25,8.33,3,75,15,5,3,1,1,0.43,100,1,0,0,1,0.111,130.2,4,50,0,0,3,75,1,0,0,0,0,0,0,0,0,0,44.4,-0.88,0.106,33.3,66.7,0,0,11.5,7.9,11.5,7.85,3.65,1.28,0.87,7.9
2023,174,Jerry Jeudy,DEN,WR,1,4,CHI,18.181818181818183,15.789473684210526,62.5,6,100,3,50,4.17,0.5,23,69,85.2,25,55.6,8.33,25,1,33.3,5,5,6,6,0,0.03,0,0,0,0,1,0.167,64.6,1,50,0,0,3,100,2,100,1,33.3,1,0,0,0,2,2,50,-2.41,0.245,0,100,0,0,3.5,7.2,3.5,7.21,-3.71,0.58,1.2,7.2
2023,175,Nico Collins,HST,WR,1,2,IND,14.893617021276595,12.5,62,7,53.8,1,7.7,3.57,0.14,18,18,10.2,25,18,25,25,1,100,7,7,5,5,0,0,0,0,0,0,1,0.143,118.8,1,10,0,0,1,100,0,100,0,0,0,0,0,0,1,1,14.3,14.1,2,71.4,28.6,0,0,3.5,2.9,3.5,2.9,0.6,0.5,0.41,2.9
2023,176,Nico Collins,HST,WR,1,5,ATL,27.659574468085108,12.5,87.9,13,92.9,1,7.1,1.92,0.08,15,15,10.3,25,23.6,25,25,1,100,10,10,5,5,0,0.01,0,0,0,0,1,0.077,118.8,1,8.3,0,0,1,100,0,100,0,0,0,0,0,0,0,0,7.1,14.59,2.304,76.9,23.1,0,0,3.5,2.8,3.5,2.77,0.73,0.27,0.21,2.8
2023,177,Jaylen Waddle,MIA,WR,1,6,CAR,20,40,67.7,7,53.8,4,30.8,3.57,0.57,5.5,22,29.3,25,30.5,6.25,6.25,4,100,9,2.25,3,0.75,1,1.03,100,2,1,1,2,0.286,132.3,4,33.3,1,25,4,100,0,0,0,0,0,0,0,0,1,0.25,50,-0.5,0.751,28.6,71.4,0,0,12.5,12.8,12.5,12.79,-0.29,1.79,1.83,12.8
2023,178,Rondale Moore,ARZ,WR,1,6,LA,25,37.5,65.8,11,84.6,6,46.2,2.27,0.55,1.67,10,8.3,25,26.6,4.17,8.33,3,50,25,8.33,3,1,0,0.02,0,0,0,0,2,0.182,61.1,3,50,1,16.7,4,66.7,0,0,1,16.7,1,0,0,0,0,0,54.5,-1.21,0.103,9.1,90.9,0,0,5.5,6.1,5.5,6.12,-0.62,0.5,0.56,6.1
2023,179,Rashid Shaheed,NO,WR,1,5,NE,13.461538461538462,11.11111111111111,58.6,7,87.5,1,12.5,3.57,0.14,24,24,18.6,25,55.6,25,25,1,100,1,1,1,1,0,0.27,0,0,0,0,1,0.143,118.8,0,0,0,0,1,100,1,100,0,0,0,0,0,0,0,0,14.3,13.25,2.006,71.4,28.6,0,0,3.5,4.7,3.5,4.7,-1.2,0.5,0.67,4.7
2023,180,Rashee Rice,KC,WR,1,5,MIN,10.344827586206897,17.647058823529413,29.7,3,15.8,3,15.8,8.33,1,6,18,13.3,25,14.6,8.33,8.33,3,100,7,2.33,3,1,1,0.56,100,1,0,0,2,0.667,141,1,6.7,0,0,3,100,0,0,0,0,0,0,0,0,1,0.33,100,1.66,1.341,0,100,0,0,11.5,8.9,11.5,8.86,2.64,3.83,2.95,8.9
2023,181,Amari Cooper,CLV,WR,1,2,PIT,20.51282051282051,44.44444444444444,74.1,8,80,4,40,3,0.5,8.75,35,63.6,24,39.3,6,8,3,75,4,1.33,2,0.67,0,0.04,0,1,0,0,2,0.25,89.6,4,50,0,0,4,100,0,0,0,0,2,1,50,0,0,0,44.4,-1.73,0.406,25,62.5,0,12.5,5.4,6.1,5.4,6.11,-0.71,0.68,0.76,6.1
2023,182,Michael Thomas,NO,WR,1,3,GB,13.20754716981132,23.076923076923077,75,7,87.5,3,37.5,3.43,0.43,6.33,19,61.3,24,47.1,8,8,3,100,5,1.67,1,0.33,0,0.03,0,0,0,0,0,0,100,3,42.9,1,33.3,3,100,0,0,0,0,0,0,0,0,0,0,37.5,1.23,0.114,42.9,57.1,0,0,5.4,6.2,5.4,6.19,-0.79,0.77,0.88,6.2
2023,183,Tyler Conklin,NYJ,TE,1,3,NE,20.588235294117645,25,77,7,58.3,3,25,3.43,0.43,9.67,29,27.9,24,43.6,8,12,2,66.7,10,5,3,1.5,0,0,0,0,0,0,1,0.143,91,1,12.5,0,0,2,66.7,0,0,0,0,0,0,0,0,0,0,33.3,-1.4,0.293,14.3,57.1,28.6,0,4.4,4.6,4.4,4.58,-0.18,0.63,0.65,4.6
2023,184,Allen Lazard,NYJ,WR,1,1,BUF,8.695652173913043,20,77.4,4,80,1,20,6,0.25,4,4,13.3,24,46.2,24,24,1,100,20,20,10,10,0,0,0,0,0,0,1,0.25,118.8,0,0,0,0,1,100,0,100,0,0,0,0,0,0,1,1,20,17.95,2.46,50,50,0,0,3.4,1.7,3.4,1.7,1.7,0.85,0.42,1.7
2023,185,Noah Gray,KC,TE,1,1,DET,33.33333333333333,28.57142857142857,87.1,12,85.7,2,14.3,2,0.17,12,24,16.6,24,20,12,24,1,50,21,21,20,20,0,0,0,0,0,0,1,0.083,93.8,1,14.3,0,0,1,50,1,100,0,0,0,0,0,0,2,2,16.7,2.36,0.495,33.3,50,8.3,8.3,3.4,1.8,3.4,1.81,1.59,0.28,0.15,1.8
2023,186,DeVonta Smith,PHI,WR,1,4,WAS,20,45.45454545454545,98.5,9,81.8,5,45.5,2.67,0.56,12.2,61,50.4,24,22,4.8,6,4,80,5,1.25,1,0.25,0,0,0,0,0,0,0,0,86.7,5,50,1,20,4,80,1,0,0,0,0,0,0,0,0,0,45.5,-3.48,-0.475,44.4,55.6,0,0,6.4,7.1,6.4,7.09,-0.69,0.71,0.79,7.1
2023,187,Kadarius Toney,KC,WR,1,2,JAX,19.047619047619047,20,29.7,4,36.4,2,18.2,6,0.5,-0.5,-1,-1,24,22,12,12,2,100,25,12.5,11,5.5,0,0,0,0,0,0,2,0.5,116.7,2,25,1,50,2,100,0,0,0,0,0,0,0,0,1,0.5,50,6.69,1.557,25,75,0,0,4.4,3.2,4.4,3.17,1.23,1.1,0.79,3.2
2023,188,Demario Douglas,NE,WR,1,5,NO,14.814814814814813,14.285714285714285,13.7,4,30.8,2,15.4,6,0.5,14,28,23.1,24,45.3,12,24,1,50,1,1,0,0,0,0,0,0,0,0,1,0.25,93.8,2,20,0,0,1,50,1,100,0,0,0,0,0,0,0,0,50,3.71,1.582,0,100,0,0,3.4,3.6,3.4,3.63,-0.23,0.85,0.91,3.6
2023,189,Ronnie Bell,SF,WR,1,3,NYG,50,100,37.2,3,33.3,2,22.2,8,0.67,8,16,34.8,24,22.9,12,12,2,100,10,5,1,0.5,1,0.98,100,1,1,1,2,0.667,156.3,2,33.3,0,0,2,100,0,0,0,0,2,2,100,1,0,0,50,4.66,2.163,33.3,66.7,0,0,10.4,8.6,10.4,8.56,1.84,3.47,2.85,8.6
2023,190,Luke Musgrave,GB,TE,1,3,NO,48.148148148148145,40,87.3,13,81.3,4,25,1.85,0.31,7.25,29,12.6,24,20.5,6,8,3,75,6,2,4,1.33,0,0.02,0,2,0,0,2,0.154,89.6,4,25,1,25,3,75,0,0,0,0,1,1,100,0,0,0,26.7,-1.4,0.361,0,84.6,15.4,0,5.4,5.1,5.4,5.13,0.27,0.42,0.39,5.1
2023,191,Mike Evans,TB,WR,1,6,DET,34.375,36.36363636363637,79.6,11,64.7,4,23.5,2.09,0.36,13,52,18.9,23,25.3,5.75,11.5,2,50,5,2.5,1,0.5,0,0.02,0,1,0,0,2,0.182,67.7,4,28.6,0,0,3,75,1,0,1,25,0,0,0,0,0,0,33.3,-2.88,0.146,54.5,45.5,0,0,4.3,6,4.3,6.02,-1.72,0.39,0.55,6
2023,192,Jamal Agnew,JAX,WR,1,3,HST,45.45454545454545,75,56.5,10,66.7,3,20,2.3,0.3,8.33,25,20.3,23,20.2,7.67,11.5,2,66.7,10,5,4,2,0,0,0,0,0,0,2,0.2,50,3,23.1,0,0,2,66.7,0,0,0,0,0,0,0,0,0,0,27.3,-0.02,-0.215,40,60,0,0,4.3,3.8,4.3,3.78,0.52,0.43,0.38,3.8
2023,193,Cedrick Wilson,MIA,WR,1,5,NYG,16.666666666666664,33.33333333333333,53.7,2,18.2,1,9.1,11.5,0.5,7,7,50,23,17.3,23,23,1,100,16,16,3,3,0,0,0,0,0,0,1,0.5,118.8,1,10,0,0,1,100,0,100,0,0,0,0,0,0,0,0,33.3,15.94,1.363,0,100,0,0,3.3,1.9,3.3,1.93,1.37,1.65,0.97,1.9
2023,194,Durham Smythe,MIA,TE,1,2,NE,17.77777777777778,60,96.7,8,88.9,3,33.3,2.88,0.38,6,18,23.7,23,35.4,7.67,7.67,3,100,5,1.67,1,0.33,0,0.01,0,0,0,0,1,0.125,98.6,3,42.9,0,0,3,100,0,0,0,0,0,0,0,0,0,0,33.3,0.71,0.531,0,100,0,0,5.3,5.6,5.3,5.56,-0.26,0.66,0.69,5.6
2023,195,Hunter Renfrow,LV,WR,1,2,BUF,35.714285714285715,14.285714285714285,66.7,5,83.3,1,16.7,4.6,0.2,21,21,24.4,23,28.4,23,23,1,100,2,2,1,1,0,0.01,0,0,0,0,1,0.2,118.8,0,0,0,0,1,100,1,100,0,0,0,0,0,0,0,0,20,11.76,0.66,0,100,0,0,3.3,3.3,3.3,3.26,0.04,0.66,0.65,3.3
2023,196,Parris Campbell,NYG,WR,1,5,MIA,14.285714285714285,11.11111111111111,22.1,4,36.4,2,18.2,5.75,0.5,5,10,13.3,23,25,11.5,11.5,2,100,13,6.5,6,3,0,0.01,0,0,0,0,1,0.25,114.6,1,11.1,0,0,2,100,0,0,0,0,0,0,0,0,0,0,50,5.24,0.907,0,100,0,0,4.3,3.7,4.3,3.7,0.6,1.07,0.93,3.7
2023,197,Kadarius Toney,KC,WR,1,5,MIN,38.095238095238095,40,39.1,8,42.1,4,21.1,2.88,0.5,1.75,7,5.2,23,13.5,5.75,7.67,3,75,15,5,8,2.67,0,0.01,0,0,0,0,3,0.375,88.5,3,20,0,0,3,75,0,0,0,0,0,0,0,0,1,0.33,50,0,0.568,25,75,0,0,5.3,5.1,5.3,5.08,0.22,0.66,0.63,5.1
2023,198,Amon-Ra St. Brown,DET,WR,1,1,KC,10.204081632653061,18.51851851851852,92.9,5,100,5,100,4.6,1,1.6,8,100,23,100,4.6,7.67,3,60,15,5,4,1.33,0,0.01,0,0,0,0,1,0.2,71.3,5,100,2,40,3,60,0,0,0,0,0,0,0,0,0,0,100,-1.28,-0.02,0,100,0,0,5.3,4.9,5.3,4.91,0.39,1.06,0.98,4.9
2023,199,George Pickens,PIT,WR,1,2,CLV,17.142857142857142,50,84.9,6,100,2,33.3,3.83,0.33,8,16,30.8,23,76.7,11.5,23,1,50,4,4,1,1,0,0,0,0,0,0,1,0.167,52.1,2,66.7,0,0,1,50,0,100,0,0,0,0,0,0,0,0,33.3,3.06,-1.216,66.7,33.3,0,0,3.3,3.2,3.3,3.16,0.14,0.55,0.53,3.2
2023,200,Jahan Dotson,WAS,WR,1,2,DEN,18,30,83.3,9,81.8,3,27.3,2.56,0.33,12,36,41.4,23,31.9,7.67,11.5,2,66.7,3,1.5,2,1,0,0,0,0,0,0,1,0.111,89.6,2,25,0,0,2,66.7,0,0,0,0,0,0,0,0,0,0,30,-1.29,0.567,55.6,44.4,0,0,4.3,4.4,4.3,4.45,-0.15,0.48,0.49,4.4
2023,201,Jeremy Ruckert,NYJ,TE,1,4,KC,100,100,43.9,4,26.7,1,6.7,5.75,0.25,21,21,21.4,23,27.4,23,23,1,100,2,2,0,0,0,0.01,0,0,0,0,1,0.25,118.8,1,7.7,0,0,1,100,1,100,0,0,1,1,100,0,0,0,25,10.04,1.717,25,25,50,0,3.3,1.6,3.3,1.56,1.74,0.82,0.39,1.6
2023,202,Rashee Rice,KC,WR,1,4,NYJ,27.586206896551722,17.647058823529413,48.5,8,66.7,3,25,2.88,0.38,4.67,14,11.2,23,41.1,7.67,11.5,2,66.7,13,6.5,12,6,0,0.27,0,2,0,0,1,0.125,89.6,2,20,0,0,3,100,0,0,1,33.3,0,0,0,0,1,0.5,37.5,1.32,0.037,37.5,62.5,0,0,4.3,6.8,4.3,6.83,-2.53,0.54,0.85,6.8
2023,203,Zach Ertz,ARZ,TE,1,6,LA,19.047619047619047,15,46.6,8,61.5,3,23.1,2.75,0.38,7,21,17.5,22,23.4,7.33,11,2,66.7,5,2.5,2,1,0,0,0,0,0,0,1,0.125,88.2,2,33.3,0,0,3,100,0,0,1,33.3,1,1,100,0,0,0,37.5,0.03,0.394,12.5,87.5,0,0,4.2,5.2,4.2,5.24,-1.04,0.53,0.66,5.2
2023,204,Keenan Allen,LAC,WR,1,4,LV,11.904761904761903,7.6923076923076925,76.2,5,83.3,2,33.3,4.4,0.4,30.5,61,58.1,22,66.7,11,22,1,50,8,8,0,0,0,0.01,0,0,0,0,1,0.2,89.6,1,33.3,0,0,1,50,1,100,0,0,0,0,0,0,0,0,33.3,-1.41,0.936,20,80,0,0,3.2,2.6,3.2,2.62,0.58,0.64,0.52,2.6
2023,205,Logan Thomas,WAS,TE,1,2,DEN,17.5,20,40.9,7,63.6,3,27.3,3.14,0.43,9,27,31,22,30.6,7.33,11,2,66.7,3,1.5,0,0,1,0.98,100,2,1,1,2,0.286,127.8,2,25,0,0,3,100,0,0,1,33.3,1,1,100,0,0,0,42.9,-0.93,1.705,14.3,85.7,0,0,10.2,10.2,10.2,10.15,0.05,1.46,1.45,10.2
2023,206,Mike Evans,TB,WR,1,3,PHI,21.875,36.36363636363637,79.5,7,100,4,57.1,3.14,0.57,24.25,97,74.6,22,34.4,5.5,22,1,25,2,2,1,1,0,0.28,0,2,2,0,1,0.143,50,4,66.7,0,0,2,50,2,100,0,0,2,1,50,0,0,0,57.1,-5.65,-0.276,42.9,57.1,0,0,3.2,4.4,3.2,4.42,-1.22,0.46,0.63,4.4
2023,207,Mike Evans,TB,WR,1,4,NO,12.5,18.181818181818183,37.3,4,44.4,2,22.2,5.5,0.5,11,22,42.3,22,31.9,11,11,2,100,0,0,0,0,0,0,0,0,0,0,1,0.25,112.5,2,25,0,0,2,100,0,0,0,0,1,1,100,0,0,0,50,2.53,0.359,50,50,0,0,4.2,3.6,4.2,3.64,0.56,1.05,0.91,3.6
2023,208,Tyreek Hill,MIA,WR,1,3,DEN,10.416666666666668,18.75,53.5,5,71.4,3,42.9,4.4,0.6,14.67,44,100,22,39.3,7.33,11,2,66.7,1,0.5,1,0.5,0,0.01,0,0,0,0,1,0.2,88.2,2,40,0,0,2,66.7,1,0,0,0,0,0,0,0,1,0.5,60,-1.56,-0.039,20,80,0,0,4.2,4.7,4.2,4.75,-0.55,0.84,0.95,4.7
2023,209,Dalton Schultz,HST,TE,1,2,IND,18.421052631578945,21.428571428571427,70.9,7,53.8,3,23.1,3.14,0.43,11.33,34,19.3,22,15.8,7.33,11,2,66.7,7,3.5,3,1.5,0,0.02,0,1,1,0,1,0.143,88.2,3,30,0,0,2,66.7,0,0,0,0,0,0,0,0,0,0,42.9,-0.95,0.067,28.6,42.9,14.3,14.3,4.2,4,4.2,3.96,0.24,0.6,0.57,4
2023,210,Ray-Ray McCloud,SF,WR,1,4,ARZ,25,66.66666666666666,22.6,4,57.1,2,28.6,5.5,0.5,9,18,31.6,22,24.2,11,11,2,100,4,2,3,1.5,0,0.26,0,1,0,0,2,0.5,112.5,2,33.3,0,0,2,100,0,0,0,0,0,0,0,0,0,0,50,3.55,1.322,25,75,0,0,4.2,5.6,4.2,5.56,-1.36,1.05,1.39,5.6
2023,211,Cole Kmet,CHI,TE,1,3,KC,10.714285714285714,16.666666666666664,76.5,3,60,2,40,7.33,0.67,6.5,13,50,22,66.7,11,11,2,100,9,4.5,3,1.5,0,0,0,0,0,0,2,0.667,112.5,1,25,0,0,2,100,0,0,0,0,0,0,0,0,0,0,40,4.34,0.89,0,100,0,0,4.2,3.7,4.2,3.74,0.46,1.4,1.25,3.7
2023,212,Rashid Shaheed,NO,WR,1,4,TB,19.230769230769234,33.33333333333333,57.4,10,71.4,3,21.4,2.2,0.3,10.67,32,17.9,22,30.6,7.33,11,2,66.7,16,8,3,1.5,0,0.03,0,0,0,0,2,0.2,88.2,3,27.3,1,33.3,3,100,1,0,0,0,0,0,0,0,0,0,30,-1,0.867,70,30,0,0,4.2,7.5,4.2,7.48,-3.28,0.42,0.75,7.5
2023,213,John Metchie,HST,WR,1,4,PIT,16.666666666666664,50,23.2,2,33.3,2,33.3,11,1,15,30,68.2,22,44,11,22,1,50,9,9,9,9,0,0.19,0,1,0,0,1,0.5,89.6,2,33.3,0,0,2,100,0,100,0,0,0,0,0,0,1,1,100,0.71,0.707,0,100,0,0,3.2,4.9,3.2,4.92,-1.72,1.6,2.46,4.9
2023,214,Zach Ertz,ARZ,TE,1,1,WAS,14.285714285714285,25,77.6,6,85.7,5,71.4,3.5,0.83,4.8,24,80,21,95.5,4.2,5.25,4,80,6,1.5,3,0.75,0,0.03,0,0,0,0,1,0.167,84.2,3,75,0,0,5,100,0,0,1,20,0,0,0,0,0,0,71.4,-2.42,0.014,0,83.3,16.7,0,6.1,9.1,6.1,9.1,-3,1.02,1.52,9.1
2023,215,Davante Adams,LV,WR,1,5,GB,25.925925925925924,20,93.8,7,87.5,1,12.5,3,0.14,6,6,9.8,21,46.7,21,21,1,100,15,15,4,4,0,0,0,0,0,0,1,0.143,118.8,1,20,0,0,1,100,0,100,0,0,0,0,0,0,0,0,12.5,14.05,1.905,71.4,28.6,0,0,3.1,1.8,3.1,1.83,1.27,0.44,0.26,1.8
2023,216,Jamison Crowder,WAS,WR,1,5,CHI,100,100,12.1,3,17.6,2,11.8,7,0.67,8,16,9.8,21,13.3,10.5,10.5,2,100,5,2.5,2,1,0,0,0,0,0,0,2,0.667,110.4,1,9.1,0,0,2,100,0,0,0,0,0,0,0,0,0,0,66.7,3.28,0.773,0,100,0,0,4.1,3.1,4.1,3.13,0.97,1.37,1.04,3.1
2023,217,Tyler Higbee,LA,TE,1,4,IND,19.642857142857142,45.45454545454545,94.9,11,100,5,45.5,1.91,0.45,5.4,27,37.5,21,34.4,4.2,7,3,60,4,1.33,0,0,0,0.01,0,0,0,0,1,0.091,69.6,5,62.5,0,0,4,80,0,0,0,0,1,0,0,0,0,0,45.5,-2.45,-0.046,9.1,72.7,18.2,0,5.1,6.4,5.1,6.42,-1.32,0.46,0.58,6.4
2023,218,Braxton Berrios,MIA,WR,1,4,BUF,22.857142857142858,33.33333333333333,48.3,8,53.3,4,26.7,2.63,0.5,4.75,19,25,21,20.4,5.25,5.25,4,100,8,2,4,1,1,0.68,100,1,1,1,1,0.125,128.1,4,57.1,1,25,4,100,0,0,0,0,1,1,100,0,1,0.25,50,-1.55,0.423,50,50,0,0,12.1,10,12.1,10,2.1,1.51,1.25,10
2023,219,Parris Campbell,NYG,WR,1,2,ARZ,35.714285714285715,33.33333333333333,67.2,10,76.9,6,46.2,2.1,0.6,3.33,20,23.5,21,23.9,3.5,5.25,4,66.7,11,2.75,2,0.5,0,0.08,0,2,0,0,0,0,72.2,6,50,2,33.3,5,83.3,0,0,0,0,2,1,50,0,0,0,50,-3.2,-0.258,0,100,0,0,6.1,7.7,6.1,7.7,-1.6,0.61,0.77,7.7
2023,220,Kylen Granson,IND,TE,1,1,JAX,16.666666666666664,25,62.3,6,60,3,30,3.5,0.5,10.67,32,44.4,21,35.6,7,10.5,2,66.7,5,2.5,1,0.5,0,0.02,0,1,0,0,2,0.333,86.8,3,37.5,0,0,2,66.7,0,0,0,0,1,1,100,0,0,0,50,-1.31,0.223,16.7,66.7,16.7,0,4.1,3.5,4.1,3.5,0.6,0.68,0.58,3.5
2023,221,Kylen Granson,IND,TE,1,6,JAX,19.444444444444446,8.333333333333332,57.3,7,58.3,1,8.3,3,0.14,17,17,15.7,21,45.7,21,21,1,100,4,4,2,2,0,0.04,0,0,0,0,1,0.143,118.8,1,8.3,0,0,1,100,0,100,0,0,0,0,0,0,0,0,12.5,9.32,1.462,42.9,14.3,42.9,0,3.1,2.9,3.1,2.86,0.24,0.44,0.41,2.9
2023,222,Kyle Pitts,ATL,TE,1,4,JAX,21.428571428571427,11.76470588235294,64.9,9,75,2,16.7,2.33,0.22,9,18,22.8,21,17.2,10.5,10.5,2,100,3,1.5,1,0.5,0,0,0,0,0,0,1,0.111,110.4,1,16.7,0,0,2,100,0,0,0,0,1,1,100,0,0,0,22.2,2.62,0.419,44.4,55.6,0,0,4.1,3.5,4.1,3.51,0.59,0.46,0.39,3.5
2023,223,Garrett Wilson,NYJ,WR,1,1,BUF,7.547169811320755,9.523809523809524,92.5,4,80,2,40,5.25,0.5,9.5,19,63.3,21,40.4,10.5,10.5,2,100,2,1,1,0.5,0,0.06,0,0,0,0,1,0.25,110.4,2,50,0,0,2,100,0,0,0,0,0,0,0,0,0,0,40,2.41,0.432,50,50,0,0,4.1,4.5,4.1,4.49,-0.39,1.02,1.12,4.5
2023,224,Wan'Dale Robinson,NYG,WR,1,3,SF,17.857142857142858,29.411764705882355,21.7,5,38.5,5,38.5,4.2,1,3.8,19,28.4,21,39.6,4.2,5.25,4,80,11,2.75,4,1,0,0,0,0,0,0,1,0.2,84.2,5,41.7,1,20,4,80,0,0,0,0,0,0,0,0,0,0,100,-1.97,-0.031,0,100,0,0,6.1,6.7,6.1,6.66,-0.56,1.22,1.33,6.7
2023,225,Cade Otton,TB,TE,1,2,CHI,12.5,42.857142857142854,97.1,5,83.3,3,50,4.2,0.6,5,15,60,21,53.8,7,7,3,100,6,2,5,1.67,0,0.02,0,0,0,0,1,0.2,95.8,1,25,0,0,3,100,0,0,0,0,1,1,100,0,1,0.33,50,0.16,0.25,40,60,0,0,5.1,4.6,5.1,4.57,0.53,1.02,0.91,4.6
2023,226,Puka Nacua,LA,WR,1,2,SF,18.75,28.57142857142857,85.9,12,85.7,4,28.6,1.75,0.33,8.75,35,24,21,36.2,5.25,10.5,2,50,9,4.5,5,2.5,0,0,0,0,0,0,2,0.167,65.6,4,33.3,0,0,3,75,0,0,1,25,1,0,0,0,0,0,30.8,-2.45,0.264,58.3,41.7,0,0,4.1,6,4.1,5.98,-1.88,0.34,0.5,6
2023,227,Amari Cooper,CLV,WR,1,1,CIN,20.51282051282051,33.33333333333333,62.5,8,88.9,3,33.3,2.5,0.38,21.67,65,55.6,20,32.8,6.67,20,1,33.3,1,1,0,0,0,0.01,0,0,0,0,1,0.125,57.6,2,25,0,0,1,33.3,1,100,0,0,0,0,0,0,0,0,37.5,-5.01,-0.07,50,50,0,0,3,3.1,3,3.06,-0.06,0.38,0.38,3.1
2023,228,Stefon Diggs,BUF,WR,1,1,NYJ,16.666666666666664,28.57142857142857,83.8,9,90,4,40,2.22,0.44,17.25,69,51.1,20,41.7,5,10,2,50,4,2,0,0,1,0.98,100,1,2,1,2,0.222,64.6,3,42.9,0,0,2,50,1,0,0,0,1,0,0,0,0,0,44.4,-4.68,-0.209,44.4,55.6,0,0,10,9.5,10,9.52,0.48,1.11,1.06,9.5
2023,229,Braxton Berrios,MIA,WR,1,6,CAR,20,16.666666666666664,30.8,7,53.8,2,15.4,2.86,0.29,5.5,11,14.7,20,24.4,10,10,2,100,9,4.5,3,1.5,0,0.02,0,0,0,0,2,0.286,108.3,2,16.7,0,0,2,100,0,0,0,0,0,0,0,0,0,0,25,3.34,1.771,57.1,42.9,0,0,4,3.7,4,3.7,0.3,0.57,0.53,3.7
2023,230,D.J. Moore,CHI,WR,1,5,WAS,16.666666666666664,20,87.5,6,100,2,33.3,3.33,0.33,15.5,31,35.2,20,62.5,10,20,1,50,0,0,0,0,1,0.99,50,1,1,1,1,0.167,125,1,20,0,0,1,50,1,100,0,0,1,0,0,0,0,0,33.3,1.02,1.339,66.7,33.3,0,0,9,9.5,9,9.5,-0.5,1.5,1.58,9.5
2023,231,Tee Higgins,CIN,WR,1,6,SEA,17.391304347826086,25,52.8,8,47.1,2,11.8,2.5,0.25,6.5,13,19.7,20,17.2,10,10,2,100,7,3.5,3,1.5,0,0.01,0,1,0,0,1,0.125,108.3,2,15.4,1,50,2,100,0,0,0,0,0,0,0,0,0,0,25,3.06,0.92,25,75,0,0,4,3.8,4,3.8,0.2,0.5,0.48,3.8
2023,232,Chris Olave,NO,WR,1,3,GB,11.864406779661017,8.695652173913043,80,7,87.5,2,25,2.86,0.29,3,6,19.4,20,39.2,10,10,2,100,14,7,2,1,0,0.01,0,0,0,0,1,0.143,108.3,2,28.6,0,0,2,100,0,0,0,0,0,0,0,0,1,0.5,25,3.51,1.065,28.6,71.4,0,0,4,3.5,4,3.54,0.46,0.57,0.51,3.5
2023,233,Romeo Doubs,GB,WR,1,4,DET,26.47058823529412,50,88.7,9,75,3,25,2.22,0.33,11,33,25.6,20,19.2,6.67,10,2,66.7,0,0,-1,-0.5,0,0.32,0,1,0,0,2,0.222,85.4,2,18.2,0,0,2,66.7,0,0,0,0,1,1,100,0,0,0,33.3,-1.89,0.97,55.6,44.4,0,0,4,5.4,4,5.43,-1.43,0.44,0.6,5.4
2023,234,Jake Bobo,SEA,WR,1,6,CIN,30,50,32.9,3,33.3,1,11.1,6.67,0.33,18,18,26.5,20,40.8,20,20,1,100,2,2,0,0,0,0.04,0,0,0,0,1,0.333,118.8,1,14.3,0,0,1,100,0,100,0,0,0,0,0,0,0,0,33.3,9.1,2.367,66.7,33.3,0,0,3,3.1,3,3.06,-0.06,1,1.02,3.1
2023,235,Jordan Addison,MIN,WR,1,5,KC,23.25581395348837,66.66666666666666,75,10,83.3,2,16.7,2,0.2,9.5,19,15.8,20,33.9,10,10,2,100,10,5,2,1,1,0.95,100,1,1,1,2,0.2,147.9,1,12.5,0,0,2,100,0,0,0,0,0,0,0,0,0,0,18.2,1.91,2.006,70,30,0,0,10,8.7,10,8.68,1.32,1,0.87,8.7
2023,236,Zay Flowers,BLT,WR,1,1,HST,8.47457627118644,26.666666666666668,82.8,5,100,4,80,4,0.8,2.5,10,41.7,20,52.6,5,5,4,100,10,2.5,0,0,0,0.35,0,2,0,0,1,0.2,87.5,4,80,3,75,4,100,0,50,0,0,0,0,0,0,0,0,80,-1.62,0.036,20,80,0,0,6,9.3,6,9.29,-3.29,1.2,1.86,9.3
2023,237,DeAndre Hopkins,TEN,WR,1,4,CIN,17.94871794871795,18.181818181818183,51.6,7,77.8,2,22.2,2.71,0.29,7.5,15,18.3,19,33.3,9.5,9.5,2,100,4,2,1,0.5,0,0.25,0,1,0,0,1,0.143,106.3,2,25,0,0,2,100,0,0,0,0,0,0,0,0,0,0,28.6,2.57,0.819,71.4,28.6,0,0,3.9,5.4,3.9,5.39,-1.49,0.56,0.77,5.4
2023,238,Logan Thomas,WAS,TE,1,1,ARZ,20,20,81.5,8,80,3,30,2.38,0.38,9.67,29,32.2,19,21.3,6.33,19,1,33.3,5,5,1,1,0,0,0,0,0,0,1,0.125,56.3,2,25,0,0,3,100,0,0,1,33.3,1,0,0,0,0,0,37.5,-1.84,0.018,37.5,50,12.5,0,2.9,5.6,2.9,5.59,-2.69,0.36,0.7,5.6
2023,239,Curtis Samuel,WAS,WR,1,2,DEN,16,14.285714285714285,59.1,8,72.7,3,27.3,2.38,0.38,3.67,11,12.6,19,26.4,6.33,6.33,3,100,8,2.67,2,0.67,0,0,0,0,0,0,1,0.125,93.1,2,25,1,33.3,3,100,0,0,0,0,0,0,0,0,0,0,33.3,0.16,-0.05,37.5,62.5,0,0,4.9,5.6,4.9,5.61,-0.71,0.61,0.7,5.6
2023,240,George Kittle,SF,TE,1,5,DAL,13.636363636363635,11.11111111111111,77.6,6,100,1,16.7,3.17,0.17,24,24,31.6,19,27.5,19,19,1,100,0,0,0,0,1,0.99,100,1,1,1,1,0.167,158.3,0,0,0,0,1,100,1,0,0,0,0,0,0,0,0,0,16.7,3.56,2.059,0,33.3,66.7,0,8.9,9,8.9,8.98,-0.08,1.48,1.5,9
2023,241,Jonnu Smith,ATL,TE,1,3,DET,24.390243902439025,28.57142857142857,72.3,10,83.3,4,33.3,1.9,0.4,6.25,25,35.2,19,26,4.75,9.5,2,50,9,4.5,6,3,0,0.01,0,0,0,0,0,0,63.5,4,44.4,0,0,2,50,0,0,0,0,0,0,0,0,0,0,40,-2.36,-0.027,20,80,0,0,3.9,3.6,3.9,3.58,0.32,0.39,0.36,3.6
2023,242,Zay Jones,JAX,WR,1,1,IND,40,60,88.4,6,75,3,37.5,3.17,0.5,6.67,20,35.7,19,41.3,6.33,9.5,2,66.7,3,1.5,0,0,0,0.08,0,1,0,0,2,0.333,84,3,42.9,0,0,3,100,0,0,0,0,1,0,0,0,0,0,37.5,-0.47,0.986,33.3,66.7,0,0,3.9,5.3,3.9,5.32,-1.42,0.65,0.89,5.3
2023,243,Dallas Goedert,PHI,TE,1,3,TB,23.25581395348837,16.666666666666664,92.3,10,100,3,30,1.9,0.3,2.67,8,8.6,19,16.7,6.33,6.33,3,100,11,3.67,4,1.33,0,0.06,0,0,0,0,1,0.1,93.1,3,42.9,1,33.3,3,100,0,0,0,0,0,0,0,0,0,0,30,0.4,0.319,20,40,40,0,4.9,5.5,4.9,5.49,-0.59,0.49,0.55,5.5
2023,244,Dalton Schultz,HST,TE,1,6,NO,21.052631578947366,21.428571428571427,63.3,8,88.9,3,33.3,2.38,0.38,7.67,23,23.2,19,18.1,6.33,19,1,33.3,9,9,7,7,0,0.21,0,1,1,0,1,0.125,16.7,2,33.3,0,0,2,66.7,0,0,0,0,1,0,0,0,1,1,37.5,-1.29,0.927,25,50,25,0,2.9,3.7,2.9,3.72,-0.82,0.36,0.47,3.7
2023,245,Justin Watson,KC,WR,1,1,DET,11.11111111111111,16.666666666666664,25.8,4,28.6,1,7.1,4.75,0.25,17,17,11.7,19,15.8,19,19,1,100,2,2,-1,-1,0,0,0,0,0,0,1,0.25,118.8,1,14.3,0,0,1,100,0,0,0,0,0,0,0,0,0,0,25,7.33,2.578,75,25,0,0,2.9,2.9,2.9,2.91,-0.01,0.72,0.73,2.9
2023,246,Michael Pittman,IND,WR,1,2,HST,16.071428571428573,33.33333333333333,98.2,9,100,3,33.3,2.11,0.33,1.33,4,8.9,19,33.3,6.33,6.33,3,100,15,5,2,0.67,0,0.01,0,0,0,0,1,0.111,93.1,2,33.3,1,33.3,3,100,0,0,0,0,0,0,0,0,0,0,33.3,0.87,0.035,55.6,44.4,0,0,4.9,5.1,4.9,5.11,-0.21,0.54,0.57,5.1
2023,247,Jauan Jennings,SF,WR,1,5,DAL,14.285714285714285,10,35.8,4,66.7,1,16.7,4.75,0.25,18,18,23.7,19,27.5,19,19,1,100,1,1,0,0,0,0.03,0,0,0,0,1,0.25,118.8,1,20,0,0,1,100,0,0,0,0,0,0,0,0,0,0,25,8.1,2.027,25,75,0,0,2.9,3.4,2.9,3.4,-0.5,0.72,0.85,3.4
2023,248,Josiah Deguara,GB,TE,1,5,LV,10,20,26.3,1,11.1,1,11.1,19,1,4,4,4.1,19,15.6,19,19,1,100,15,15,8,8,0,0,0,0,0,0,1,1,118.8,0,0,0,0,1,100,0,0,0,0,0,0,0,0,0,0,100,12.93,1.165,0,100,0,0,2.9,1.7,2.9,1.71,1.19,2.9,1.71,1.7
2023,249,John Bates,WAS,TE,1,5,CHI,50,50,19.7,5,29.4,2,11.8,3.8,0.4,5.5,11,6.7,19,12,9.5,9.5,2,100,8,4,1,0.5,0,0,0,0,0,0,1,0.2,106.3,2,18.2,0,0,2,100,0,0,0,0,0,0,0,0,0,0,33.3,2.71,-0.558,0,80,20,0,3.9,3.5,3.9,3.54,0.36,0.78,0.71,3.5
2023,250,Kyle Pitts,ATL,TE,1,6,WAS,19.047619047619047,11.76470588235294,54.4,8,61.5,2,15.4,2.38,0.25,13,26,30.2,19,21.6,9.5,19,1,50,15,15,2,2,0,0,0,0,0,0,1,0.125,83.3,2,18.2,0,0,1,50,1,0,0,0,0,0,0,0,0,0,25,1.18,-0.411,0,100,0,0,2.9,1.7,2.9,1.73,1.17,0.36,0.22,1.7
2023,251,Deven Thompkins,TB,WR,1,4,NO,27.77777777777778,37.5,62.7,5,55.6,3,33.3,3.8,0.6,4.33,13,25,19,27.5,6.33,6.33,3,100,7,2.33,2,0.67,1,0.65,100,1,1,1,2,0.4,132.6,2,25,0,0,3,100,0,0,0,0,0,0,0,0,0,0,60,0.18,1.425,40,60,0,0,10.9,8.7,10.9,8.73,2.17,2.18,1.75,8.7
2023,252,Garrett Wilson,NYJ,WR,1,3,NE,22.641509433962266,28.57142857142857,96.7,12,100,6,50,1.58,0.5,2.33,14,13.5,19,34.5,3.17,4.75,4,66.7,20,5,6,1.5,0,0.01,0,0,0,0,0,0,70.8,4,50,2,33.3,4,66.7,0,0,0,0,0,0,0,0,1,0.25,50,-3.08,-0.42,41.7,58.3,0,0,5.9,6.5,5.9,6.47,-0.57,0.49,0.54,6.5
2023,253,Demario Douglas,NE,WR,1,2,MIA,7.4074074074074066,14.285714285714285,8.5,2,11.1,2,11.1,9.5,1,0,0,0,19,18.1,9.5,9.5,2,100,19,9.5,1,0.5,0,0,0,0,0,0,1,0.5,106.3,2,12.5,1,50,2,100,0,0,0,0,0,0,0,0,2,1,100,4.23,-1.388,0,100,0,0,2.9,3.2,2.9,3.2,-0.3,1.95,1.6,3.2
2023,254,Dalton Kincaid,BUF,TE,1,2,LV,23.52941176470588,33.33333333333333,62.2,8,66.7,4,33.3,2.38,0.5,6.5,26,57.8,19,34.5,4.75,6.33,3,75,9,3,2,0.67,0,0.06,0,2,1,0,0,0,84.4,1,50,0,0,3,75,0,0,0,0,0,0,0,0,0,0,50,-2.6,-0.012,12.5,87.5,0,0,4.9,5.5,4.9,5.46,-0.56,0.61,0.68,5.5
2023,255,Robert Woods,HST,WR,1,5,ATL,23.25581395348837,21.052631578947366,67.2,10,71.4,4,28.6,1.8,0.4,6.5,26,17.9,18,17,4.5,9,2,50,17,8.5,3,1.5,0,0.01,0,0,0,0,1,0.1,62.5,3,25,1,25,3,75,0,0,0,0,2,1,50,0,0,0,40,-2.7,-0.373,20,80,0,0,3.8,3.6,3.8,3.58,0.22,0.38,0.36,3.6
2023,256,Darren Waller,NYG,TE,1,6,BUF,22.916666666666664,25,91.8,11,91.7,4,33.3,1.64,0.36,4.5,18,14.5,18,16.8,4.5,6,3,75,5,1.67,2,0.67,0,0.01,0,0,0,0,2,0.182,83.3,4,36.4,0,0,3,75,0,0,0,0,0,0,0,0,0,0,33.3,-2.11,0.353,18.2,63.6,18.2,0,4.8,5.2,4.8,5.25,-0.45,0.44,0.48,5.2
2023,257,George Kittle,SF,TE,1,2,LA,25,22.22222222222222,96.3,11,78.6,2,14.3,1.64,0.18,6,12,13,18,11,9,9,2,100,6,3,4,2,0,0,0,0,0,0,2,0.182,104.2,2,15.4,0,0,2,100,0,0,0,0,0,0,0,0,0,0,14.3,1.91,0.493,9.1,54.5,36.4,0,3.8,3.6,3.8,3.6,0.2,0.35,0.33,3.6
2023,258,George Kittle,SF,TE,1,3,NYG,13.636363636363635,22.22222222222222,82.1,6,66.7,2,22.2,3,0.33,4.5,9,19.6,18,17.1,9,9,2,100,9,4.5,4,2,0,0.03,0,1,0,0,0,0,104.2,1,16.7,0,0,2,100,0,0,0,0,0,0,0,0,1,0.5,25,2.73,1.21,0,83.3,16.7,0,3.8,3.7,3.8,3.67,0.13,0.63,0.61,3.7
2023,259,Chris Godwin,TB,WR,1,3,PHI,15,11.11111111111111,86.4,6,85.7,1,14.3,3,0.17,9,9,6.9,18,28.1,18,18,1,100,9,9,3,3,0,0,0,0,0,0,1,0.167,118.8,1,16.7,0,0,1,100,0,0,0,0,0,0,0,0,0,0,16.7,10.55,1.969,50,50,0,0,2.8,2.1,2.8,2.07,0.73,0.47,0.34,2.1
2023,260,Trent Sherfield,BUF,WR,1,3,WAS,12.5,66.66666666666666,46.2,2,18.2,2,18.2,9,1,1.5,3,7.1,18,36,9,9,2,100,15,7.5,1,0.5,0,0.02,0,0,0,0,0,0,104.2,2,25,1,50,2,100,0,0,0,0,0,0,0,0,1,0.5,100,3.06,0.596,0,100,0,0,3.8,3.6,3.8,3.61,0.19,1.9,1.8,3.6
2023,261,Mike Gesicki,NE,TE,1,3,NYJ,11.363636363636363,6.25,44.9,5,41.7,1,8.3,3.6,0.2,13,13,8.4,18,36.7,18,18,1,100,5,5,10,10,0,0,0,0,0,0,1,0.2,118.8,1,9.1,0,0,1,100,0,0,0,0,0,0,0,0,0,0,20,8.04,2.505,0,80,20,0,2.8,2.3,2.8,2.33,0.47,0.56,0.47,2.3
2023,262,Terry McLaurin,WAS,WR,1,6,ATL,9.803921568627452,33.33333333333333,86,5,100,2,40,3.6,0.4,15,30,63.8,18,48.6,9,18,1,50,1,1,0,0,0,0.32,0,0,0,0,1,0.2,81.3,2,40,0,0,1,50,0,0,0,0,1,1,100,0,0,0,40,-1.29,-0.253,40,60,0,0,2.8,3.9,2.8,3.93,-1.13,0.56,0.79,3.9
2023,263,K.J. Osborn,MIN,WR,1,2,PHI,19.148936170212767,21.428571428571427,96.4,9,100,3,33.3,2,0.33,12,36,32.1,18,15.8,6,18,1,33.3,13,13,0,0,0,0,0,0,0,0,1,0.111,54.9,1,14.3,0,0,2,66.7,0,0,1,33.3,0,0,0,0,0,0,33.3,-2.73,-0.244,22.2,77.8,0,0,2.8,4.7,2.8,4.67,-1.87,0.31,0.52,4.7
2023,264,Jerry Jeudy,DEN,WR,1,2,WAS,18.181818181818183,15.789473684210526,69.4,6,85.7,3,42.9,3,0.5,11,33,44.6,18,38.3,6,9,2,66.7,8,4,2,1,0,0,0,0,0,0,1,0.167,82.6,3,75,0,0,2,66.7,1,0,0,0,0,0,0,0,0,0,50,-1.65,-0.036,0,100,0,0,3.8,3.6,3.8,3.57,0.23,0.63,0.59,3.6
2023,265,Rashod Bateman,BLT,WR,1,1,HST,6.896551724137931,33.33333333333333,37.9,2,40,1,20,9,0.5,14,14,58.3,18,47.4,18,18,1,100,4,4,1,1,0,0.02,0,0,0,0,1,0.5,118.8,1,20,0,0,1,100,0,0,0,0,0,0,0,0,0,0,33.3,8.19,0.988,50,50,0,0,2.8,2.7,2.8,2.73,0.07,1.4,1.37,2.7
2023,266,Tank Dell,HST,WR,1,3,JAX,18.181818181818183,25,60.7,6,85.7,2,28.6,3,0.33,8.5,17,33.3,18,42.9,9,18,1,50,5,5,0,0,0,0.04,0,0,0,0,1,0.167,81.3,1,25,0,0,1,50,0,0,0,0,0,0,0,0,0,0,33.3,1.52,0.538,66.7,33.3,0,0,2.8,3,2.8,3,-0.2,0.47,0.5,3
2023,267,Luke Musgrave,GB,TE,1,5,LV,22.22222222222222,40,70.2,6,66.7,4,44.4,3,0.67,4,16,16.3,18,14.8,4.5,6,3,75,11,3.67,2,0.67,0,0.02,0,0,0,0,1,0.167,83.3,3,50,0,0,4,100,0,0,1,25,0,0,0,0,1,0.33,50,-1.66,0.284,0,66.7,33.3,0,4.8,7.1,4.8,7.13,-2.33,0.8,1.19,7.1
2023,268,Allen Robinson,PIT,WR,1,5,BLT,25,31.25,86.2,7,100,5,71.4,2.43,0.71,6,30,62.5,17,100,3.4,5.67,3,60,0,0,0,0,0,0.01,0,1,1,0,1,0.143,66.3,3,60,0,0,4,80,0,0,0,0,1,0,0,0,0,0,71.4,-2.99,-0.11,14.3,85.7,0,0,4.7,6.4,4.7,6.35,-1.65,0.67,0.91,6.4
2023,269,Nelson Agholor,BLT,WR,1,3,IND,12.5,13.333333333333334,72.2,4,66.7,2,33.3,4.25,0.5,4,8,22.2,17,51.5,8.5,8.5,2,100,9,4.5,4,2,0,0.01,0,0,0,0,0,0,102.1,2,40,0,0,2,100,0,0,0,0,0,0,0,0,1,0.5,40,2.59,0.073,50,50,0,0,3.7,3.4,3.7,3.36,0.34,0.93,0.84,3.4
2023,270,Curtis Samuel,WAS,WR,1,3,BUF,18,9.523809523809524,74.5,9,100,2,22.2,1.89,0.22,9.5,19,32.8,17,34.7,8.5,17,1,50,0,0,0,0,0,0.01,0,0,0,0,1,0.111,79.2,1,20,0,0,1,50,0,0,0,0,0,0,0,0,0,0,22.2,0,0.224,33.3,66.7,0,0,2.7,1.9,2.7,1.89,0.81,0.3,0.21,1.9
2023,271,Curtis Samuel,WAS,WR,1,6,ATL,10,9.523809523809524,64,5,100,2,40,3.4,0.4,7.5,15,31.9,17,45.9,8.5,8.5,2,100,2,1,2,1,1,0.87,100,1,0,0,1,0.2,141.7,2,40,0,0,2,100,0,0,0,0,2,2,100,0,0,0,40,1.57,0.75,40,60,0,0,9.7,7.4,9.7,7.39,2.31,1.94,1.48,7.4
2023,272,Kendrick Bourne,NE,WR,1,6,LV,16.666666666666664,45.45454545454545,92.9,10,90.9,5,45.5,1.7,0.5,0.2,1,2.8,17,30.4,3.4,3.4,5,100,16,3.2,2,0.4,0,0.33,0,2,0,0,0,0,80.8,5,55.6,2,40,5,100,0,0,0,0,0,0,0,0,0,0,50,-2.39,0.41,20,80,0,0,6.7,8.9,6.7,8.95,-2.25,0.67,0.89,8.9
2023,273,Jonnu Smith,ATL,TE,1,6,WAS,21.951219512195124,21.428571428571427,51.9,9,69.2,3,23.1,1.89,0.33,8.33,25,29.1,17,19.3,5.67,8.5,2,66.7,10,5,8,4,0,0,0,0,0,0,1,0.111,81.3,3,27.3,0,0,2,66.7,0,0,0,0,0,0,0,0,0,0,30,-2.79,0.144,0,88.9,11.1,0,3.7,3.4,3.7,3.38,0.32,0.41,0.38,3.4
2023,274,Chris Godwin,TB,WR,1,4,NO,17.5,22.22222222222222,74.6,7,77.8,2,22.2,2.43,0.29,5,10,19.2,17,24.6,8.5,8.5,2,100,7,3.5,3,1.5,0,0.01,0,0,0,0,1,0.143,102.1,2,25,0,0,2,100,0,0,0,0,0,0,0,0,0,0,25,2.14,0.921,71.4,28.6,0,0,3.7,3.5,3.7,3.46,0.24,0.53,0.49,3.5
2023,275,Dallas Goedert,PHI,TE,1,2,MIN,9.30232558139535,16.666666666666664,96,4,100,3,75,4.25,0.75,5,15,78.9,17,58.6,5.67,5.67,3,100,2,0.67,1,0.33,0,0.01,0,0,0,0,0,0,90.3,2,100,0,0,3,100,0,0,0,0,0,0,0,0,0,0,75,-0.84,-0.042,25,75,0,0,4.7,5.7,4.7,5.65,-0.95,1.18,1.41,5.7
2023,276,Mike Gesicki,NE,TE,1,5,NO,11.363636363636363,18.75,31.4,5,38.5,3,23.1,3.4,0.6,6,18,14.9,17,32.1,5.67,8.5,2,66.7,10,5,5,2.5,0,0,0,0,0,0,0,0,81.3,3,30,0,0,3,100,0,0,0,0,1,0,0,0,0,0,50,-1.38,-0.31,20,80,0,0,3.7,4.5,3.7,4.47,-0.77,0.74,0.89,4.5
2023,277,Jakobi Meyers,LV,WR,1,5,GB,28.57142857142857,37.5,95.3,6,75,3,37.5,2.83,0.5,8.67,26,42.6,17,37.8,5.67,8.5,2,66.7,4,2,2,1,1,0.51,100,1,0,0,2,0.333,81.3,2,40,0,0,2,66.7,0,0,0,0,0,0,0,0,0,0,42.9,-1.98,-0.854,33.3,66.7,0,0,9.7,6.6,9.7,6.6,3.1,1.62,1.1,6.6
2023,278,Hunter Renfrow,LV,WR,1,3,PIT,14.285714285714285,28.57142857142857,53.7,2,50,2,50,8.5,1,6,12,26.1,17,73.9,8.5,8.5,2,100,5,2.5,1,0.5,0,0,0,0,0,0,1,0.5,102.1,0,0,0,0,2,100,0,0,0,0,0,0,0,0,0,0,100,1.55,-0.037,0,100,0,0,3.7,3.7,3.7,3.65,0.05,1.85,1.83,3.7
2023,279,Donald Parham,LAC,TE,1,1,MIA,18.181818181818183,33.33333333333333,47.4,4,44.4,2,22.2,4.25,0.5,8,16,25.4,17,19.5,8.5,8.5,2,100,5,2.5,4,2,1,0.65,100,1,1,1,2,0.5,141.7,1,14.3,0,0,2,100,0,0,0,0,1,1,100,0,1,0.5,40,0.89,1.166,0,100,0,0,9.7,6.8,9.7,6.81,2.89,2.42,1.7,6.8
2023,280,Deebo Samuel,SF,WR,1,1,PIT,27.27272727272727,30,86.4,12,100,3,25,1.42,0.25,14.67,44,32.1,17,18.5,5.67,8.5,2,66.7,4,2,1,0.5,0,0.01,0,0,0,0,1,0.083,81.3,1,25,0,0,2,66.7,1,0,0,0,0,0,0,0,0,0,25,-3.08,-0.248,58.3,41.7,0,0,3.7,4.4,3.7,4.36,-0.66,0.31,0.36,4.4
2023,281,Quez Watkins,PHI,WR,1,1,NE,50,40,77,8,100,2,25,2.13,0.25,1.5,3,9.4,17,51.5,8.5,8.5,2,100,14,7,2,1,0,0.02,0,0,0,0,1,0.125,102.1,1,25,0,0,2,100,0,0,0,0,0,0,0,0,1,0.5,25,2.76,0.922,37.5,62.5,0,0,3.7,3.5,3.7,3.45,0.25,0.46,0.43,3.5
2023,282,Darnell Mooney,CHI,WR,1,4,DEN,15.625,9.090909090909092,75.7,5,83.3,1,16.7,3.4,0.2,11,11,17.5,17,23.6,17,17,1,100,6,6,3,3,0,0.05,0,0,0,0,1,0.2,118.8,0,0,0,0,1,100,0,0,0,0,0,0,0,0,0,0,20,8.68,1.941,40,60,0,0,2.7,2.5,2.7,2.48,0.22,0.54,0.5,2.5
2023,283,Kylen Granson,IND,TE,1,4,LA,11.11111111111111,25,55.2,4,36.4,3,27.3,4.25,0.75,15,45,34.6,17,29.8,5.67,17,1,33.3,3,3,0,0,0,0.39,0,0,0,0,1,0.25,53.5,3,27.3,0,0,3,100,1,0,2,66.7,0,0,0,0,0,0,50,-3.31,-0.071,0,75,25,0,2.7,8.6,2.7,8.61,-5.91,0.68,2.15,8.6
2023,284,Ja'Marr Chase,CIN,WR,1,4,TEN,13.414634146341465,10.714285714285714,94.1,11,100,3,27.3,1.55,0.27,0.33,1,1.3,17,26.2,5.67,17,1,33.3,18,18,2,2,0,0,0,0,0,0,1,0.091,53.5,3,27.3,2,66.7,2,66.7,0,0,1,33.3,0,0,0,0,1,1,27.3,-0.16,-0.078,72.7,27.3,0,0,2.7,3.1,2.7,3.12,-0.42,0.25,0.28,3.1
2023,285,Terrace Marshall,CAR,WR,1,4,MIN,18.91891891891892,71.42857142857143,61.8,7,58.3,5,41.7,2.43,0.71,-0.4,-2,-40,17,29.3,3.4,4.25,4,80,16,4,6,1.5,0,0.03,0,1,0,0,1,0.143,80.8,5,41.7,3,60,4,80,0,0,0,0,0,0,0,0,0,0,55.6,-2.12,-0.177,28.6,71.4,0,0,5.7,7.3,5.7,7.28,-1.58,0.81,1.04,7.3
2023,286,John Metchie,HST,WR,1,2,IND,16.666666666666664,25,17.7,2,15.4,1,7.7,8.5,0.5,16,16,9.1,17,12.2,17,17,1,100,1,1,0,0,0,0,0,0,0,0,1,0.5,118.8,1,10,0,0,1,100,0,0,0,0,0,0,0,0,0,0,50,6.9,0.877,50,50,0,0,2.7,2.8,2.7,2.82,-0.12,1.35,1.41,2.8
2023,287,Jahan Dotson,WAS,WR,1,1,ARZ,18,20,86.2,9,90,2,20,1.89,0.22,7,14,15.6,17,19.1,8.5,8.5,2,100,3,1.5,0,0,0,0,0,0,0,0,2,0.222,102.1,2,25,0,0,2,100,0,0,0,0,0,0,0,0,0,0,22.2,1.31,0.844,33.3,66.7,0,0,3.7,4,3.7,4.04,-0.34,0.41,0.45,4
2023,288,Michael Wilson,ARZ,WR,1,6,LA,27.083333333333332,16.666666666666664,89,13,100,1,7.7,1.31,0.08,18,18,15,17,18.1,17,17,1,100,-1,-1,0,0,0,0.01,0,0,0,0,1,0.077,118.8,0,0,0,0,1,100,0,0,0,0,1,1,100,0,0,0,7.7,6.1,2.096,84.6,15.4,0,0,2.7,1.8,2.7,1.81,0.89,0.21,0.14,1.8
2023,289,Demario Douglas,NE,WR,1,1,PHI,40.74074074074074,42.857142857142854,42.3,11,52.4,6,28.6,1.55,0.55,10,60,34.7,17,15.6,2.83,5.67,3,50,8,2.67,-2,-0.67,0,0.04,0,0,0,0,1,0.091,56.3,5,35.7,2,33.3,5,83.3,1,0,0,0,1,0,0,0,1,0.33,54.5,-5.27,-0.335,0,100,0,0,4.7,8.9,4.7,8.88,-4.18,0.43,0.81,8.9
2023,290,Jonathan Mingo,CAR,WR,1,1,ATL,14.634146341463413,22.22222222222222,86.1,6,100,2,33.3,2.83,0.33,8.5,17,29.8,17,36.2,8.5,8.5,2,100,0,0,0,0,0,0.01,0,0,0,0,1,0.167,102.1,2,50,0,0,2,100,0,0,0,0,1,1,100,1,0,0,33.3,1.02,0.655,33.3,66.7,0,0,3.7,3.4,3.7,3.43,0.27,0.62,0.57,3.4
2023,291,Puka Nacua,LA,WR,1,1,SEA,14.0625,14.285714285714285,76.9,9,90,2,20,1.89,0.22,1,2,1.9,17,18.7,8.5,8.5,2,100,15,7.5,12,6,0,0.01,0,1,0,0,0,0,102.1,2,33.3,0,0,2,100,0,0,0,0,0,0,0,0,1,0.5,22.2,2.69,0.791,22.2,77.8,0,0,3.7,3.2,3.7,3.16,0.54,0.41,0.35,3.2
2023,292,Amari Cooper,CLV,WR,1,4,BLT,23.076923076923077,22.22222222222222,80,9,90,2,20,1.78,0.22,11.5,23,26.7,16,25.8,8,16,1,50,0,0,0,0,0,0,0,0,0,0,1,0.111,37.5,2,22.2,0,0,1,50,0,0,0,0,0,0,0,0,0,0,22.2,-0.58,-2.955,66.7,33.3,0,0,2.6,2.7,2.6,2.74,-0.14,0.29,0.3,2.7
2023,293,Tyler Lockett,SEA,WR,1,2,DET,28.57142857142857,33.33333333333333,85.1,10,90.9,3,27.3,1.6,0.3,4,12,24,16,19,5.33,5.33,3,100,4,1.33,2,0.67,1,0.77,100,1,0,0,1,0.1,128.5,1,20,0,0,3,100,0,0,0,0,0,0,0,0,0,0,30,-0.69,0.518,60,40,0,0,10.6,9.7,10.6,9.69,0.91,1.06,0.97,9.7
2023,294,Michael Thomas,NO,WR,1,1,TEN,15.09433962264151,15.384615384615385,79.7,8,80,2,20,2,0.25,6,12,9.4,16,20.3,8,8,2,100,4,2,1,0.5,0,0,0,0,0,0,0,0,100,2,22.2,0,0,2,100,0,0,0,0,0,0,0,0,0,0,20,1.29,0.544,37.5,62.5,0,0,3.6,3.7,3.6,3.66,-0.06,0.45,0.46,3.7
2023,295,Kendrick Bourne,NE,WR,1,2,MIA,13.333333333333334,27.27272727272727,50.7,8,44.4,3,16.7,2,0.38,12.67,38,23.3,16,15.2,5.33,8,2,66.7,8,4,4,2,0,0.23,0,0,0,0,1,0.125,79.9,2,12.5,0,0,3,100,1,0,0,0,0,0,0,0,0,0,30,-1.67,0.111,50,50,0,0,3.6,7.9,3.6,7.91,-4.31,0.45,0.99,7.9
2023,296,Cedrick Wilson,MIA,WR,1,4,BUF,50,66.66666666666666,34.5,6,40,2,13.3,2.67,0.33,8,16,21.1,16,15.5,8,16,1,50,6,6,1,1,0,0,0,0,0,0,0,0,77.1,0,0,0,0,1,50,0,0,0,0,0,0,0,0,0,0,28.6,0.78,-0.648,33.3,66.7,0,0,2.6,2.1,2.6,2.12,0.48,0.43,0.35,2.1
2023,297,Brandon Powell,MIN,WR,1,6,CHI,40,33.33333333333333,58.2,4,80,2,40,4,0.5,7.5,15,45.5,16,51.6,8,8,2,100,1,0.5,0,0,0,0.02,0,1,0,0,1,0.25,100,1,25,0,0,2,100,0,0,0,0,0,0,0,0,0,0,40,0.8,0.228,50,50,0,0,3.6,3.9,3.6,3.85,-0.25,0.9,0.96,3.9
2023,298,K.J. Osborn,MIN,WR,1,4,CAR,6.382978723404255,14.285714285714285,84.1,3,75,2,50,5.33,0.67,10,20,62.5,16,100,8,16,1,50,1,1,1,1,0,0.07,0,1,1,0,1,0.333,37.5,2,50,0,0,2,100,0,0,0,0,1,0,0,0,0,0,50,-0.39,-5.03,0,100,0,0,2.6,3.6,2.6,3.59,-0.99,0.87,1.2,3.6
2023,299,Van Jefferson,LA,WR,1,4,IND,19.148936170212767,14.285714285714285,85.9,9,81.8,1,9.1,1.78,0.11,15,15,20.8,16,26.2,16,16,1,100,1,1,1,1,0,0.02,0,0,0,0,1,0.111,118.8,0,0,0,0,1,100,0,0,0,0,1,1,100,0,0,0,11.1,5.59,3.304,77.8,22.2,0,0,2.6,1.6,2.6,1.55,1.05,0.29,0.17,1.6
2023,300,Noah Gray,KC,TE,1,2,JAX,8.333333333333332,14.285714285714285,60.9,3,27.3,1,9.1,5.33,0.33,11,11,11.3,16,14.7,16,16,1,100,5,5,3,3,0,0.01,0,0,0,0,1,0.333,118.8,1,12.5,0,0,1,100,0,0,0,0,0,0,0,0,0,0,25,7.26,0.951,33.3,66.7,0,0,2.6,2.3,2.6,2.27,0.33,0.87,0.76,2.3
2023,301,Cade Otton,TB,TE,1,3,PHI,10,14.285714285714285,90.9,4,57.1,1,14.3,4,0.25,16,16,12.3,16,25,16,16,1,100,0,0,0,0,0,0,0,0,0,0,1,0.25,118.8,0,0,0,0,1,100,0,0,0,0,1,1,100,0,0,0,20,5.81,1.139,25,75,0,0,2.6,1.5,2.6,1.49,1.11,0.65,0.37,1.5
2023,302,Travis Kelce,KC,TE,1,2,JAX,11.627906976744185,15.384615384615385,64.1,5,45.5,4,36.4,3,0.8,7.5,30,30.9,15,13.8,3.75,7.5,2,50,2,1,1,0.5,1,0.83,100,3,1,1,1,0.2,99,2,25,0,0,4,100,0,0,0,0,3,1,33.3,0,0,0,57.1,-3.54,0.373,20,80,0,0,9.5,9.4,9.5,9.35,0.15,1.9,1.87,9.4
2023,303,Austin Hooper,LV,TE,1,2,BUF,25,50,43.6,3,50,1,16.7,5,0.33,11,11,12.8,15,18.5,15,15,1,100,4,4,1,1,0,0,0,0,0,0,1,0.333,118.8,1,33.3,0,0,1,100,0,0,0,0,0,0,0,0,0,0,33.3,6.26,1.72,66.7,33.3,0,0,2.5,2.2,2.5,2.22,0.28,0.83,0.74,2.2
2023,304,Chris Godwin,TB,WR,1,6,DET,35,22.22222222222222,83.3,14,82.4,2,11.8,1.07,0.14,6.5,13,4.7,15,16.5,7.5,7.5,2,100,2,1,1,0.5,0,0,0,0,0,0,1,0.071,97.9,2,14.3,0,0,2,100,0,0,0,0,1,1,100,0,0,0,14.3,0.49,1.033,71.4,28.6,0,0,3.5,3.2,3.5,3.18,0.32,0.25,0.23,3.2
2023,305,River Cracraft,MIA,WR,1,1,LAC,50,100,40,4,28.6,1,7.1,3.75,0.25,13,13,9.6,15,7.2,15,15,1,100,2,2,0,0,0,0.05,0,0,0,0,1,0.25,118.8,1,8.3,0,0,1,100,0,0,0,0,0,0,0,0,0,0,20,6.09,1.361,75,25,0,0,2.5,2.5,2.5,2.52,-0.02,0.63,0.63,2.5
2023,306,Byron Pringle,WAS,WR,1,4,PHI,57.14285714285714,100,24.3,4,30.8,1,7.7,3.75,0.25,15,15,11.7,15,14.6,15,15,1,100,0,0,0,0,0,0,0,0,0,0,0,0,118.8,0,0,0,0,1,100,0,0,0,0,1,1,100,0,0,0,25,4.59,0.088,50,50,0,0,2.5,1.3,2.5,1.32,1.18,0.63,0.33,1.3
2023,307,Braxton Berrios,MIA,WR,1,1,LAC,25.71428571428571,8.333333333333332,53.8,9,64.3,1,7.1,1.67,0.11,14,14,10.3,15,7.2,15,15,1,100,1,1,0,0,0,0.01,0,0,0,0,1,0.111,118.8,1,8.3,0,0,1,100,0,0,0,0,0,0,0,1,0,0,11.1,5.19,0.894,44.4,55.6,0,0,2.5,2.6,2.5,2.64,-0.14,0.28,0.29,2.6
2023,308,Mike Gesicki,NE,TE,1,6,LV,11.363636363636363,6.25,60.7,5,45.5,1,9.1,3,0.2,15,15,41.7,15,26.8,15,15,1,100,0,0,-1,-1,0,0,0,0,0,0,1,0.2,118.8,0,0,0,0,1,100,0,0,0,0,0,0,0,1,0,0,14.3,4.36,1.759,0,80,20,0,2.5,2.7,2.5,2.68,-0.18,0.5,0.54,2.7
2023,309,Deonte Harty,BUF,WR,1,3,WAS,25,50,20,4,36.4,3,27.3,3.75,0.75,5,15,35.7,15,30,5,7.5,2,66.7,2,1,1,0.5,0,0.21,0,0,0,0,0,0,78.5,1,12.5,0,0,2,66.7,0,0,0,0,0,0,0,0,0,0,75,-1.4,-0.092,0,100,0,0,3.5,5.1,3.5,5.14,-1.64,0.88,1.28,5.1
2023,310,Parris Campbell,NYG,WR,1,4,SEA,17.857142857142858,22.22222222222222,31.1,5,45.5,4,36.4,3,0.8,4.25,17,40.5,15,24.6,3.75,5,3,75,14,4.67,3,1,0,0,0,0,0,0,0,0,40.6,2,22.2,1,25,3,75,0,0,0,0,0,0,0,0,1,0.33,80,-2.66,-1.376,0,100,0,0,4.5,4.9,4.5,4.91,-0.41,0.9,0.98,4.9
2023,311,Isaiah Hodgins,NYG,WR,1,5,MIA,3.7037037037037033,25,39.7,1,9.1,1,9.1,15,1,7,7,9.3,15,16.3,15,15,1,100,8,8,2,2,0,0,0,0,0,0,1,1,118.8,1,11.1,0,0,1,100,0,0,0,0,0,0,0,0,0,0,50,7.94,1.24,0,100,0,0,2.5,2,2.5,1.95,0.55,2.5,1.95,2
2023,312,Brandon Aiyuk,SF,WR,1,5,DAL,15.789473684210526,16.666666666666664,77.6,6,100,2,33.3,2.5,0.33,10.5,21,27.6,15,21.7,7.5,15,1,50,2,2,1,1,0,0.02,0,0,0,0,1,0.167,75,2,40,0,0,2,100,0,0,0,0,1,0,0,0,0,0,33.3,-0.71,0.053,66.7,33.3,0,0,2.5,3.6,2.5,3.59,-1.09,0.42,0.6,3.6
2023,313,K.J. Osborn,MIN,WR,1,6,CHI,10.638297872340425,21.428571428571427,92.7,5,100,3,60,3,0.6,6,18,54.5,15,48.4,5,7.5,2,66.7,14,7,5,2.5,0,0.03,0,0,0,0,1,0.2,78.5,3,75,1,33.3,3,100,0,0,0,0,1,0,0,0,0,0,60,-2.54,-0.414,40,60,0,0,3.5,5.1,3.5,5.11,-1.61,0.7,1.02,5.1
2023,314,Nico Collins,HST,WR,1,4,PIT,8.51063829787234,12.5,75.4,4,66.7,1,16.7,3.75,0.25,-4,-4,-9.1,15,30,15,15,1,100,19,19,15,15,0,0.04,0,0,0,0,1,0.25,118.8,1,16.7,1,100,1,100,0,0,0,0,0,0,0,0,1,1,25,10.51,0.25,50,50,0,0,2.5,2,2.5,1.97,0.53,0.63,0.49,2
2023,315,Kylen Granson,IND,TE,1,5,TEN,16.666666666666664,16.666666666666664,39.3,6,66.7,2,22.2,2.5,0.33,3,6,11.3,15,12.6,7.5,7.5,2,100,9,4.5,5,2.5,0,0,0,0,0,0,1,0.167,97.9,1,25,0,0,2,100,0,0,0,0,0,0,0,0,0,0,28.6,1.28,0.072,33.3,50,16.7,0,3.5,3.4,3.5,3.41,0.09,0.58,0.57,3.4
2023,316,Tommy Tremble,CAR,TE,1,3,SEA,29.411764705882355,100,28,5,23.8,1,4.8,3,0.2,14,14,6.6,15,7.6,15,15,1,100,1,1,0,0,0,0.01,0,0,0,0,0,0,118.8,0,0,0,0,1,100,0,0,0,0,0,0,0,0,0,0,16.7,4.72,1.163,20,80,0,0,2.5,2.5,2.5,2.55,-0.05,0.5,0.51,2.5
2023,317,Jake Ferguson,DAL,TE,1,6,LAC,20.689655172413794,8.333333333333332,86.9,6,100,1,16.7,2.5,0.17,9,9,11.4,15,17.2,15,15,1,100,6,6,2,2,0,0,0,0,0,0,0,0,118.8,1,16.7,0,0,1,100,0,0,0,0,0,0,0,0,0,0,16.7,7.74,1.663,16.7,50,33.3,0,2.5,2,2.5,2.02,0.48,0.42,0.34,2
2023,318,Demario Douglas,NE,WR,1,3,NYJ,25.925925925925924,21.428571428571427,24.6,7,58.3,3,25,2.14,0.43,24,72,46.8,15,30.6,5,15,1,33.3,0,0,0,0,0,0.05,0,0,0,0,1,0.143,50.7,3,27.3,0,0,2,66.7,2,0,0,0,1,0,0,0,0,0,42.9,-6.54,0.025,14.3,85.7,0,0,2.5,4.9,2.5,4.88,-2.38,0.36,0.7,4.9
2023,319,Puka Nacua,LA,WR,1,3,CIN,14.0625,14.285714285714285,96.2,9,90,2,20,1.67,0.22,5.5,11,8.6,15,23.8,7.5,7.5,2,100,4,2,2,1,0,0.01,0,0,0,0,2,0.222,97.9,2,25,0,0,2,100,0,0,0,0,0,0,0,0,1,0.5,20,1.11,0.539,77.8,22.2,0,0,3.5,3.8,3.5,3.81,-0.31,0.39,0.42,3.8
2023,320,Michael Thomas,NO,WR,1,5,NE,13.20754716981132,15.384615384615385,70,7,87.5,2,25,2,0.29,18.5,37,28.7,14,31.1,7,14,1,50,4,4,2,2,0,0,0,0,0,0,1,0.143,72.9,1,16.7,0,0,1,50,1,0,0,0,0,0,0,0,0,0,28.6,-2.71,0.552,57.1,42.9,0,0,2.4,2.1,2.4,2.13,0.27,0.34,0.3,2.1
2023,321,Allen Lazard,NYJ,WR,1,2,DAL,15.217391304347828,40,91.3,7,87.5,2,25,2,0.29,20.5,41,56.2,14,31.1,7,14,1,50,0,0,0,0,0,0,0,0,0,0,1,0.143,72.9,0,0,0,0,1,50,1,0,0,0,0,0,0,0,0,0,25,-3.86,0.118,71.4,28.6,0,0,2.4,2.6,2.4,2.64,-0.24,0.34,0.38,2.6
2023,322,CeeDee Lamb,DAL,WR,1,5,SF,16.27906976744186,14.285714285714285,69.4,7,87.5,3,37.5,2,0.43,8.33,25,21.7,14,20.6,4.67,7,2,66.7,4,2,2,1,0,0.01,0,0,0,0,0,0,77.1,3,60,0,0,3,100,0,0,1,33.3,0,0,0,0,0,0,42.9,-3.14,-0.016,14.3,85.7,0,0,3.4,6,3.4,6,-2.6,0.49,0.86,6
2023,323,Van Jefferson,LA,WR,1,1,SEA,21.27659574468085,42.857142857142854,92.3,10,100,3,30,1.4,0.3,15,45,42.1,14,15.4,4.67,7,2,66.7,4,2,2,1,0,0.03,0,0,0,0,0,0,77.1,0,0,0,0,3,100,1,0,1,33.3,0,0,0,0,0,0,30,-4.14,-0.141,70,30,0,0,3.4,7.6,3.4,7.59,-4.19,0.34,0.76,7.6
2023,324,Nico Collins,HST,WR,1,1,BLT,23.404255319148938,25,73.6,11,91.7,2,16.7,1.27,0.18,14,28,50,14,17.5,7,14,1,50,5,5,4,4,0,0,0,0,0,0,1,0.091,72.9,2,22.2,0,0,1,50,0,0,0,0,0,0,0,0,0,0,18.2,-2.69,0.541,45.5,54.5,0,0,2.4,2.1,2.4,2.07,0.33,0.22,0.19,2.1
2023,325,Pat Freiermuth,PIT,TE,1,3,LV,42.857142857142854,50,78.3,9,81.8,2,18.2,1.56,0.22,10.5,21,22.8,14,31.8,7,14,1,50,10,10,5,5,0,0.01,0,0,0,0,1,0.111,72.9,2,25,0,0,2,100,0,0,0,0,1,0,0,0,0,0,18.2,-1.87,-0.092,11.1,44.4,44.4,0,2.4,3.1,2.4,3.12,-0.72,0.27,0.35,3.1
2023,326,Rondale Moore,ARZ,WR,1,2,NYG,9.090909090909092,6.25,63.3,4,44.4,1,11.1,3.5,0.25,13,13,13.3,14,20,14,14,1,100,1,1,1,1,0,0.01,0,0,0,0,1,0.25,118.8,0,0,0,0,1,100,0,0,0,0,1,1,100,0,0,0,20,5.09,1.968,50,25,0,25,2.4,1.3,2.4,1.33,1.07,0.6,0.33,1.3
2023,327,Amon-Ra St. Brown,DET,WR,1,4,GB,12.244897959183673,3.7037037037037033,87.7,6,100,1,16.7,2.33,0.17,8,8,28.6,14,20.9,14,14,1,100,6,6,6,6,0,0,0,0,0,0,1,0.167,118.8,1,25,0,0,1,100,0,0,0,0,0,0,0,0,2,2,16.7,6.49,1.977,50,50,0,0,2.4,2.1,2.4,2.07,0.33,0.4,0.35,2.1
2023,328,David Bell,CLV,WR,1,2,PIT,16.666666666666664,25,13.6,1,10,1,10,14,1,5,5,9.1,14,23,14,14,1,100,9,9,7,7,0,0,0,0,0,0,1,1,118.8,1,12.5,0,0,1,100,0,0,0,0,0,0,0,0,0,0,50,7.64,1.252,0,100,0,0,2.4,1.8,2.4,1.76,0.64,2.4,1.76,1.8
2023,329,Chigoziem Okonkwo,TEN,TE,1,5,IND,14.285714285714285,36.36363636363637,58.6,5,71.4,4,57.1,2.8,0.8,6.25,25,47.2,14,66.7,3.5,7,2,50,4,2,3,1.5,0,0.02,0,1,0,0,1,0.2,58.3,3,60,0,0,3,75,0,0,0,0,1,0,0,0,1,0.5,80,-3.3,-0.039,0,100,0,0,3.4,4.1,3.4,4.1,-0.7,0.68,0.82,4.1
2023,330,Robert Woods,HST,WR,1,4,PIT,6.976744186046512,15.789473684210526,71,3,50,3,50,4.33,1,6,18,40.9,13,26,4.33,6.5,2,66.7,-1,-0.5,0,0,0,0.07,0,1,0,0,1,0.333,75.7,3,50,0,0,3,100,0,0,1,33.3,0,0,0,0,0,0,75,-2.29,0.014,0,100,0,0,3.3,5.9,3.3,5.89,-2.59,1.1,1.96,5.9
2023,331,Stefon Diggs,BUF,WR,1,6,NYG,20.37037037037037,35.714285714285715,93.2,11,100,5,45.5,1.18,0.45,1.4,7,17.1,13,34.2,2.6,3.25,4,80,9,2.25,1,0.25,0,0.02,0,0,0,0,2,0.182,79.2,4,50,2,40,4,80,0,0,0,0,1,1,100,0,0,0,45.5,-3.15,0.01,45.5,54.5,0,0,5.3,6.1,5.3,6.09,-0.79,0.48,0.55,6.1
2023,332,Darren Waller,NYG,TE,1,2,ARZ,22.916666666666664,18.75,89.6,11,84.6,3,23.1,1.18,0.27,9,27,31.8,13,14.8,4.33,13,1,33.3,6,6,3,3,0,0.01,0,1,0,0,1,0.091,47.9,2,16.7,0,0,2,66.7,0,0,0,0,1,0,0,0,0,0,23.1,-3.44,0.122,0,72.7,27.3,0,2.3,3.3,2.3,3.29,-0.99,0.21,0.3,3.3
2023,333,Sterling Shepard,NYG,WR,1,5,MIA,37.5,50,26.5,3,27.3,1,9.1,4.33,0.33,6,6,8,13,14.1,13,13,1,100,7,7,2,2,0,0,0,0,0,0,1,0.333,118.8,1,11.1,0,0,1,100,0,0,0,0,0,0,0,0,0,0,33.3,6.05,1.88,33.3,66.7,0,0,2.3,1.8,2.3,1.78,0.52,0.77,0.59,1.8
2023,334,George Kittle,SF,TE,1,1,PIT,22.727272727272727,33.33333333333333,68.2,10,83.3,3,25,1.3,0.3,6.67,20,14.6,13,14.1,4.33,6.5,2,66.7,14,7,10,5,0,0.01,0,1,1,0,1,0.1,75.7,1,25,0,0,2,66.7,1,0,0,0,0,0,0,0,1,0.5,25,-4.07,0.479,10,50,40,0,3.3,3.4,3.3,3.38,-0.08,0.33,0.34,3.4
2023,335,Noah Brown,HST,WR,1,1,BLT,57.14285714285714,66.66666666666666,68.1,8,66.7,2,16.7,1.63,0.25,-2,-4,-7.1,13,16.3,6.5,6.5,2,100,17,8.5,4,2,0,0,0,0,0,0,0,0,93.8,1,11.1,1,50,2,100,0,0,0,0,0,0,0,0,0,0,22.2,1.24,0.086,50,50,0,0,3.3,3.2,3.3,3.16,0.14,0.41,0.4,3.2
2023,336,David Njoku,CLV,TE,1,2,PIT,22.857142857142858,16.666666666666664,84,8,80,1,10,1.63,0.13,6,6,10.9,13,21.3,13,13,1,100,7,7,1,1,0,0,0,0,0,0,0,0,118.8,1,12.5,0,0,1,100,0,0,0,0,0,0,0,0,0,0,10,5.91,-2.426,12.5,50,37.5,0,1.3,1.9,1.3,1.93,-0.63,0.29,0.24,1.9
2023,337,Braxton Berrios,MIA,WR,1,5,NYG,8.571428571428571,16.666666666666664,37,3,27.3,2,18.2,4.33,0.67,2,4,28.6,13,9.8,6.5,6.5,2,100,9,4.5,4,2,0,0,0,0,0,0,1,0.333,93.8,2,20,0,0,2,100,0,0,0,0,0,0,0,0,0,0,33.3,0.28,-0.18,33.3,66.7,0,0,3.3,3.5,3.3,3.54,-0.24,1.1,1.18,3.5
2023,338,Elijah Moore,CLV,WR,1,6,SF,23.684210526315788,42.857142857142854,81.4,9,90,6,60,1.44,0.67,3.5,21,51.2,13,50,2.17,4.33,3,50,14,4.67,2,0.67,0,0.02,0,1,0,0,0,0,56.3,4,57.1,1,16.7,3,50,1,0,0,0,0,0,0,1,0,0,66.7,-4.42,-0.352,11.1,88.9,0,0,4.3,4.8,4.3,4.8,-0.5,0.48,0.53,4.8
2023,339,Drake London,ATL,WR,1,4,JAX,20.833333333333336,25,86,10,83.3,2,16.7,1.3,0.2,5.5,11,13.9,13,10.7,6.5,6.5,2,100,2,1,1,0.5,0,0,0,0,0,0,1,0.1,93.8,1,16.7,0,0,2,100,0,0,0,0,1,1,100,0,0,0,18.2,-0.16,0.697,70,30,0,0,3.3,2.7,3.3,2.65,0.65,0.33,0.27,2.7
2023,340,George Pickens,PIT,WR,1,3,LV,31.428571428571427,25,88.3,11,100,1,9.1,1.18,0.09,10,10,10.9,13,29.5,13,13,1,100,3,3,2,2,0,0,0,0,0,0,1,0.091,118.8,1,12.5,0,0,1,100,0,0,0,0,0,0,0,0,0,0,9.1,5.5,2.143,90.9,9.1,0,0,2.3,2.1,2.3,2.12,0.18,0.21,0.19,2.1
2023,341,Khalil Shakir,BUF,WR,1,6,NYG,22.22222222222222,20,39,2,18.2,1,9.1,6.5,0.5,0,0,0,13,34.2,13,13,1,100,13,13,0,0,0,0,0,0,0,0,1,0.5,118.8,1,12.5,0,0,1,100,0,0,0,0,0,0,0,0,0,0,50,6.96,1.498,0,100,0,0,2.3,1.6,2.3,1.63,0.67,1.15,0.82,1.6
2023,342,Jaxon Smith-Njigba,SEA,WR,1,6,CIN,25,13.333333333333334,72.9,8,88.9,2,22.2,1.63,0.25,10,20,29.4,13,26.5,6.5,13,1,50,6,6,1,1,0,0.11,0,2,0,0,0,0,31.3,2,28.6,0,0,2,100,0,0,0,0,1,0,0,0,1,1,22.2,-1.49,-1.847,37.5,62.5,0,0,2.3,3.3,2.3,3.33,-1.03,0.29,0.42,3.3
2023,343,Randall Cobb,NYJ,WR,1,3,NE,25.71428571428571,20,70.5,9,75,2,16.7,1.33,0.22,2.5,5,4.8,12,21.8,6,12,1,50,11,11,10,10,0,0.04,0,1,0,0,1,0.111,68.8,2,25,0,0,2,100,0,0,1,50,0,0,0,0,1,1,18.2,0.41,0.221,33.3,66.7,0,0,2.2,3.4,2.2,3.36,-1.16,0.24,0.37,3.4
2023,344,Allen Robinson,PIT,WR,1,3,LV,25,12.5,80,7,63.6,2,18.2,1.71,0.29,2.5,5,5.4,12,27.3,6,6,2,100,7,3.5,4,2,0,0.01,0,0,0,0,1,0.143,91.7,1,12.5,0,0,2,100,0,0,0,0,0,0,0,0,0,0,25,0.41,0.34,28.6,71.4,0,0,3.2,3.5,3.2,3.49,-0.29,0.46,0.5,3.5
2023,345,Michael Thomas,NO,WR,1,6,HST,26.41509433962264,23.076923076923077,83.3,14,73.7,3,15.8,0.86,0.21,9.67,29,17.4,12,10.9,4,6,2,66.7,2,1,1,0.5,0,0.01,0,1,1,0,0,0,74.3,3,17.6,0,0,2,66.7,0,0,0,0,1,1,100,0,0,0,18.8,-4.31,-0.12,64.3,35.7,0,0,3.2,3,3.2,3,0.2,0.23,0.21,3
2023,346,Hunter Henry,NE,TE,1,4,DAL,12.280701754385964,11.11111111111111,80,7,100,2,28.6,1.71,0.29,4,8,12.9,12,17.6,6,12,1,50,7,7,6,6,0,0,0,0,0,0,1,0.143,68.8,1,33.3,0,0,2,100,0,0,1,50,0,0,0,0,0,0,28.6,-0.4,0.672,14.3,85.7,0,0,2.2,3.3,2.2,3.26,-1.06,0.31,0.47,3.3
2023,347,Curtis Samuel,WAS,WR,1,4,PHI,18,19.047619047619047,70.3,9,69.2,4,30.8,1.33,0.44,3.5,14,10.9,12,11.7,3,4,3,75,6,2,1,0.33,0,0.3,0,1,0,0,1,0.111,77.1,3,27.3,1,25,4,100,0,0,0,0,1,0,0,0,0,0,44.4,-3.21,0.175,33.3,66.7,0,0,4.2,7.9,4.2,7.88,-3.68,0.47,0.88,7.9
2023,348,Courtland Sutton,DEN,WR,1,3,MIA,23.52941176470588,37.5,94.9,8,88.9,3,33.3,1.5,0.38,10.67,32,27.4,12,17.9,4,6,2,66.7,3,1.5,0,0,0,0.01,0,0,1,0,1,0.125,74.3,2,28.6,0,0,2,66.7,1,0,0,0,0,0,0,0,0,0,33.3,-3.62,-0.84,50,50,0,0,3.2,3.7,3.2,3.66,-0.46,0.4,0.46,3.7
2023,349,Tanner Hudson,CIN,TE,1,4,TEN,31.818181818181817,20,43.1,7,63.6,1,9.1,1.71,0.14,9,9,11.8,12,18.5,12,12,1,100,3,3,1,1,0,0,0,0,0,0,1,0.143,116.7,1,9.1,0,0,1,100,0,0,0,0,0,0,0,0,0,0,14.3,4.74,0.839,42.9,28.6,28.6,0,2.2,2.1,2.2,2.12,0.08,0.31,0.3,2.1
2023,350,Mike Gesicki,NE,TE,1,4,DAL,9.090909090909092,12.5,60,4,57.1,2,28.6,3,0.5,17,34,54.8,12,17.6,6,12,1,50,2,2,1,1,0,0,0,0,0,0,1,0.25,68.8,0,0,0,0,1,50,1,0,0,0,0,0,0,0,0,0,50,-5.61,-0.009,25,75,0,0,2.2,2.1,2.2,2.14,0.06,0.55,0.54,2.1
2023,351,A.J. Brown,PHI,WR,1,2,MIN,9.30232558139535,10,96,4,100,1,25,3,0.25,4,4,21.1,12,41.4,12,12,1,100,8,8,2,2,0,0.02,0,0,0,0,1,0.25,116.7,0,0,0,0,1,100,0,0,0,0,0,0,0,0,0,0,25,5.95,1.833,50,50,0,0,2.2,1.9,2.2,1.93,0.27,0.55,0.48,1.9
2023,352,Cole Kmet,CHI,TE,1,5,WAS,14.285714285714285,16.666666666666664,82.8,4,66.7,2,33.3,3,0.5,5.5,11,12.5,12,37.5,6,6,2,100,1,0.5,1,0.5,1,1.1,50,2,1,1,1,0.25,131.3,2,40,0,0,2,100,0,0,0,0,0,0,0,0,0,0,40,-0.69,0.465,25,75,0,0,9.2,9.7,9.2,9.68,-0.48,2.3,2.42,9.7
2023,353,Adam Trautman,DEN,TE,1,5,NYJ,17.391304347826086,25,89.5,4,66.7,1,16.7,3,0.25,11,11,16.9,12,21.8,12,12,1,100,1,1,0,0,0,0,0,0,0,0,1,0.25,116.7,1,25,0,0,1,100,0,0,0,0,0,0,0,0,0,0,16.7,3.26,0.115,25,50,25,0,2.2,2.3,2.2,2.32,-0.12,0.55,0.58,2.3
2023,354,Noah Gray,KC,TE,1,5,MIN,30.555555555555557,14.285714285714285,65.6,11,57.9,1,5.3,1.09,0.09,5,5,3.7,12,7,12,12,1,100,7,7,2,2,0,0,0,0,0,0,1,0.091,116.7,0,0,0,0,1,100,0,0,0,0,0,0,0,0,0,0,7.7,5.52,-0.031,27.3,27.3,45.5,0,2.2,1.8,2.2,1.75,0.45,0.2,0.16,1.8
2023,355,Terrace Marshall,CAR,WR,1,1,ATL,16.216216216216218,14.285714285714285,88.9,6,100,1,16.7,2,0.17,11,11,19.3,12,25.5,12,12,1,100,1,1,1,1,0,0,0,0,0,0,1,0.167,116.7,0,0,0,0,1,100,0,0,0,0,0,0,0,0,0,0,16.7,3.68,1.112,66.7,33.3,0,0,2.2,2.2,2.2,2.23,-0.03,0.37,0.37,2.2
2023,356,Sam LaPorta,DET,TE,1,6,TB,32.55813953488372,45.45454545454545,84.1,14,73.7,5,26.3,0.86,0.36,7.8,39,28.1,12,7.2,2.4,6,2,40,7,3.5,2,1,0,0.04,0,0,0,0,1,0.071,47.9,4,26.7,0,0,3,60,0,0,0,0,1,0,0,0,0,0,29.4,-5.51,-0.256,21.4,57.1,21.4,0,3.2,5.3,3.2,5.31,-2.11,0.23,0.38,5.3
2023,357,Puka Nacua,LA,WR,1,5,PHI,28.125,35.714285714285715,100,18,100,5,27.8,0.67,0.28,5.4,27,15.1,12,11.5,2.4,4,3,60,5,1.67,6,2,0,0,0,0,0,0,2,0.111,64.6,4,23.5,2,40,4,80,0,0,1,20,1,0,0,0,0,0,27.8,-4.63,-0.578,44.4,55.6,0,0,4.2,7.2,4.2,7.18,-2.98,0.23,0.4,7.2
2023,358,Darren Waller,NYG,TE,1,3,SF,12.5,18.75,80.4,6,46.2,3,23.1,1.83,0.5,10,30,44.8,11,20.8,3.67,5.5,2,66.7,5,2.5,4,2,0,0,0,0,0,0,1,0.167,72.9,3,25,0,0,2,66.7,1,0,0,0,1,0,0,0,0,0,30,-5.57,-0.31,33.3,66.7,0,0,3.1,3.3,3.1,3.32,-0.22,0.52,0.55,3.3
2023,359,Ty Montgomery,NE,WR,1,1,PHI,27.27272727272727,28.57142857142857,9,3,14.3,2,9.5,3.67,0.67,16.5,33,19.1,11,10.1,5.5,11,1,50,7,7,4,4,0,0.01,0,1,0,0,1,0.333,66.7,2,14.3,0,0,1,50,1,0,0,0,0,0,0,0,0,0,66.7,-3.24,0.042,33.3,66.7,0,0,2.1,1.6,2.1,1.56,0.54,0.7,0.52,1.6
2023,360,Tyler Lockett,SEA,WR,1,6,CIN,25.71428571428571,22.22222222222222,75.7,9,100,2,22.2,1.22,0.22,5.5,11,16.2,11,22.4,5.5,5.5,2,100,0,0,0,0,0,0,0,1,0,0,0,0,89.6,2,28.6,0,0,2,100,0,0,0,0,0,0,0,0,0,0,22.2,-1.16,0.145,44.4,55.6,0,0,3.1,3.5,3.1,3.52,-0.42,0.34,0.39,3.5
2023,361,Austin Hooper,LV,TE,1,4,LAC,33.33333333333333,50,49.3,4,66.7,1,16.7,2.75,0.25,4,4,10.3,11,64.7,11,11,1,100,7,7,5,5,0,0,0,0,0,0,0,0,112.5,0,0,0,0,1,100,0,0,0,0,0,0,0,0,0,0,25,4.93,0.343,0,50,50,0,2.1,1.7,2.1,1.69,0.41,0.53,0.42,1.7
2023,362,Isaiah McKenzie,IND,WR,1,6,JAX,20,25,5.3,1,8.3,1,8.3,11,1,-5,-5,-4.6,11,23.9,11,11,1,100,16,16,0,0,0,0,0,0,0,0,1,1,112.5,1,8.3,1,100,1,100,0,0,0,0,0,0,0,0,0,0,100,6.84,0.68,0,100,0,0,2.1,1.5,2.1,1.46,0.64,2.1,1.46,1.5
2023,363,Mike Williams,LAC,WR,1,3,MIN,46.42857142857143,20,67.2,13,61.9,1,4.8,0.85,0.08,-1,-1,-3.4,11,9.2,11,11,1,100,12,12,2,2,0,0,0,0,0,0,0,0,112.5,1,5.9,1,100,1,100,0,0,0,0,0,0,0,0,0,0,5.3,4.83,0.515,92.3,7.7,0,0,2.1,1.6,2.1,1.64,0.46,0.16,0.13,1.6
2023,364,Jonnu Smith,ATL,TE,1,5,HST,19.51219512195122,21.428571428571427,64.9,8,72.7,3,27.3,1.38,0.38,6.33,19,22.6,11,13.6,3.67,5.5,2,66.7,2,1,2,1,0,0.06,0,0,0,0,0,0,72.9,3,27.3,0,0,3,100,0,0,1,33.3,2,2,100,0,0,0,27.3,-3.42,-2.673,12.5,87.5,0,0,2.1,4.2,2.1,4.19,-2.09,0.39,0.52,4.2
2023,365,Evan Engram,JAX,TE,1,5,BUF,8.064516129032258,9.090909090909092,84.1,5,71.4,2,28.6,2.2,0.4,4,8,16.3,11,14.7,5.5,5.5,2,100,3,1.5,1,0.5,0,0,0,0,0,0,1,0.2,89.6,1,20,0,0,2,100,0,0,0,0,0,0,0,0,0,0,33.3,-0.9,0.858,60,40,0,0,3.1,3.5,3.1,3.47,-0.37,0.62,0.69,3.5
2023,366,Gerald Everett,LAC,TE,1,1,MIA,25,16.666666666666664,68.4,6,66.7,1,11.1,1.83,0.17,-3,-3,-4.8,11,12.6,11,11,1,100,14,14,13,13,0,0,0,0,0,0,1,0.167,112.5,1,14.3,1,100,1,100,0,0,0,0,0,0,0,0,1,1,16.7,5.13,0.716,33.3,66.7,0,0,2.1,1.5,2.1,1.54,0.56,0.35,0.26,1.5
2023,367,Gerald Everett,LAC,TE,1,3,MIN,37.5,66.66666666666666,57.8,9,42.9,4,19,1.22,0.44,0.5,2,6.9,11,9.2,2.75,2.75,4,100,9,2.25,2,0.5,0,0.24,0,1,0,0,2,0.222,79.2,2,11.8,1,25,4,100,0,0,0,0,1,1,100,1,0,0,33.3,-3.33,-0.02,11.1,77.8,11.1,0,5.1,6.7,5.1,6.67,-1.57,0.57,0.74,6.7
2023,368,Chris Godwin,TB,WR,1,2,CHI,12.5,22.22222222222222,73.5,5,83.3,2,33.3,2.2,0.4,3,6,24,11,28.2,5.5,5.5,2,100,5,2.5,0,0,0,0.02,0,0,0,0,0,0,89.6,2,50,1,50,2,100,0,0,0,0,0,0,0,0,0,0,40,-1,-0.854,20,80,0,0,3.1,3.7,3.1,3.71,-0.61,0.62,0.74,3.7
2023,369,Dallas Goedert,PHI,TE,1,6,NYJ,18.6046511627907,22.22222222222222,76.8,8,80,4,40,1.38,0.5,6,24,38.7,11,34.4,2.75,11,1,25,1,1,1,1,0,0.11,0,1,0,0,1,0.125,0,3,60,1,25,4,100,0,0,0,0,3,0,0,0,0,0,44.4,-3.97,-2.318,0,87.5,12.5,0,2.1,6.1,2.1,6.15,-4.05,0.26,0.77,6.1
2023,370,Braxton Berrios,MIA,WR,1,3,DEN,8.571428571428571,8.333333333333332,50.7,3,42.9,1,14.3,3.67,0.33,5,5,11.4,11,19.6,11,11,1,100,6,6,0,0,0,0.01,0,0,0,0,1,0.333,112.5,1,20,0,0,1,100,0,0,0,0,0,0,0,0,0,0,33.3,4.64,1.739,33.3,66.7,0,0,2.1,1.8,2.1,1.84,0.26,0.7,0.61,1.8
2023,371,Allen Lazard,NYJ,WR,1,5,DEN,19.565217391304348,20,93.5,9,100,1,11.1,1.22,0.11,5,5,6.7,11,11.8,11,11,1,100,6,6,2,2,0,0,0,1,0,0,1,0.111,112.5,1,16.7,0,0,1,100,0,0,0,0,0,0,0,0,0,0,11.1,4.64,0.538,66.7,33.3,0,0,2.1,1.7,2.1,1.67,0.43,0.23,0.19,1.7
2023,372,D.J. Moore,CHI,WR,1,1,GB,27.77777777777778,10,92.9,10,83.3,1,8.3,1.1,0.1,5,5,6.1,11,10.1,11,11,1,100,6,6,6,6,0,0.01,0,0,0,0,1,0.1,112.5,1,14.3,0,0,1,100,0,0,0,0,0,0,0,0,1,1,8.3,4.64,0.745,90,10,0,0,2.1,1.8,2.1,1.77,0.33,0.21,0.18,1.8
2023,373,Olamide Zaccheaus,PHI,WR,1,4,WAS,36.36363636363637,40,85.1,8,72.7,2,18.2,1.38,0.25,10,20,16.5,11,10.1,5.5,11,1,50,1,1,0,0,0,0.01,0,0,0,0,1,0.125,66.7,1,10,0,0,2,100,0,0,1,50,0,0,0,0,0,0,18.2,-2,0.51,12.5,87.5,0,0,2.1,4.3,2.1,4.29,-2.19,0.26,0.54,4.3
2023,374,Lil'Jordan Humphrey,DEN,WR,1,1,LV,44.44444444444444,50,70.7,4,100,2,50,2.75,0.5,9,18,66.7,11,47.8,5.5,5.5,2,100,2,1,0,0,1,0.98,100,1,1,1,1,0.25,129.2,1,33.3,0,0,2,100,0,0,0,0,0,0,0,0,0,0,50,-2.43,0.98,0,100,0,0,9.1,9,9.1,9.03,0.07,2.27,2.26,9
2023,375,Isaiah Hodgins,NYG,WR,1,2,ARZ,37.03703703703704,25,74.6,10,76.9,1,7.7,1.1,0.1,16,16,18.8,11,12.5,11,11,1,100,0,0,0,0,1,0.9,100,1,1,1,1,0.1,152.1,1,8.3,0,0,1,100,0,0,0,0,0,0,0,0,0,0,8.3,0.9,2.7,90,10,0,0,8.1,7.2,8.1,7.22,0.88,0.81,0.72,7.2
2023,376,Cole Kmet,CHI,TE,1,2,TB,17.857142857142858,8.333333333333332,66.7,5,100,1,20,2.2,0.2,7,7,33.3,11,20.4,11,11,1,100,4,4,2,2,0,0,0,0,0,0,1,0.2,112.5,1,25,0,0,1,100,0,0,0,0,0,0,0,0,0,0,20,3.69,1.376,20,20,60,0,2.1,1.9,2.1,1.95,0.15,0.42,0.39,1.9
2023,377,Jaylen Waddle,MIA,WR,1,4,BUF,25.71428571428571,10,75.9,9,60,1,6.7,1.22,0.11,4,4,5.3,11,10.7,11,11,1,100,7,7,0,0,0,0,0,0,0,0,1,0.111,112.5,0,0,0,0,1,100,0,0,0,0,0,0,0,1,0,0,9.1,4.95,1.215,55.6,44.4,0,0,2.1,1.2,2.1,1.16,0.94,0.23,0.13,1.2
2023,378,Ja'Marr Chase,CIN,WR,1,2,BLT,14.634146341463413,10.714285714285714,98.2,12,92.3,3,23.1,0.92,0.25,-0.33,-1,-1.4,11,12.1,3.67,3.67,3,100,12,4,3,1,0,0.07,0,1,0,0,1,0.083,81.9,3,25,2,66.7,3,100,0,0,0,0,0,0,0,1,1,0.33,25,-1.78,0.289,66.7,33.3,0,0,4.1,5,4.1,4.98,-0.88,0.34,0.41,5
2023,379,Khalil Shakir,BUF,WR,1,2,LV,33.33333333333333,20,16.2,3,25,1,8.3,3.67,0.33,8,8,17.8,11,20,11,11,1,100,3,3,0,0,1,0.63,50,1,0,0,1,0.333,152.1,0,0,0,0,1,100,0,0,0,0,0,0,0,0,0,0,33.3,3.49,2.848,0,100,0,0,8.1,5.6,8.1,5.56,2.54,2.7,1.85,5.6
2023,380,Khalil Shakir,BUF,WR,1,5,JAX,11.11111111111111,20,31.5,1,14.3,1,14.3,11,1,4,4,8.3,11,45.8,11,11,1,100,7,7,3,3,0,0.01,0,0,0,0,0,0,112.5,1,20,0,0,1,100,0,0,0,0,0,0,0,0,0,0,100,4.95,1.243,0,100,0,0,2.1,1.7,2.1,1.71,0.39,2.1,1.71,1.7
2023,381,Rashid Shaheed,NO,WR,1,2,CAR,13.461538461538462,11.11111111111111,48.6,7,87.5,1,12.5,1.57,0.14,2,2,3,11,21.6,11,11,1,100,9,9,9,9,0,0,0,0,0,0,1,0.143,112.5,1,16.7,0,0,1,100,0,0,0,0,0,0,0,0,1,1,14.3,5.67,0.623,71.4,28.6,0,0,2.1,1.7,2.1,1.68,0.42,0.3,0.24,1.7
2023,382,John Metchie,HST,WR,1,3,JAX,25,25,26.8,3,42.9,1,14.3,3.67,0.33,-2,-2,-3.9,11,26.2,11,11,1,100,13,13,0,0,0,0,0,0,0,0,1,0.333,112.5,0,0,0,0,1,100,0,0,0,0,0,0,0,0,1,1,33.3,5.5,0.742,66.7,33.3,0,0,2.1,1.6,2.1,1.56,0.54,0.7,0.52,1.6
2023,383,Chigoziem Okonkwo,TEN,TE,1,6,BLT,17.142857142857142,18.181818181818183,69.6,6,85.7,2,28.6,1.83,0.33,18.5,37,44,11,16.9,5.5,11,1,50,2,2,2,2,0,0,0,0,0,0,0,0,27.1,1,25,0,0,1,50,1,0,0,0,0,0,0,0,0,0,28.6,-5.28,-2.016,16.7,66.7,0,16.7,2.1,2.1,2.1,2.1,0,0.35,0.35,2.1
2023,384,Jaxon Smith-Njigba,SEA,WR,1,2,DET,28.125,26.666666666666668,53.7,9,81.8,4,36.4,1.22,0.44,-1,-4,-8,11,13.1,2.75,3.67,3,75,20,6.67,3,1,0,0.01,0,1,0,0,0,0,77.1,2,40,1,25,3,75,0,0,0,0,0,0,0,0,0,0,44.4,-2.55,-0.558,11.1,88.9,0,0,4.1,4.6,4.1,4.64,-0.54,0.46,0.52,4.6
2023,385,Derius Davis,LAC,WR,1,4,LV,50,50,19,2,33.3,1,16.7,5.5,0.5,-5,-5,-4.8,11,33.3,11,11,1,100,16,16,9,9,0,0,0,0,0,0,0,0,112.5,1,33.3,1,100,1,100,0,0,0,0,0,0,0,0,1,1,50,6.84,0.528,50,50,0,0,2.1,1.6,2.1,1.61,0.49,1.05,0.81,1.6
2023,386,Dalton Kincaid,BUF,TE,1,1,NYJ,17.647058823529413,16.666666666666664,79.4,6,60,2,20,1.83,0.33,3.5,7,5.2,11,22.9,5.5,5.5,2,100,4,2,2,1,0,0.02,0,0,0,0,0,0,89.6,2,28.6,0,0,2,100,0,0,0,0,0,0,0,0,0,0,28.6,-0.69,0.229,50,50,0,0,3.1,3.4,3.1,3.44,-0.34,0.52,0.57,3.4
2023,387,Tank Dell,HST,WR,1,1,BLT,15.151515151515152,12.5,45.8,5,41.7,1,8.3,2.2,0.2,4,4,7.1,11,13.8,11,11,1,100,7,7,1,1,0,0,0,0,0,0,1,0.2,112.5,1,11.1,0,0,1,100,0,0,0,0,0,0,0,0,0,0,20,4.95,0.616,60,40,0,0,2.1,1.7,2.1,1.73,0.37,0.42,0.35,1.7
2023,388,MyCole Pruitt,ATL,TE,1,3,DET,50,50,26.2,1,8.3,1,8.3,10,1,4,4,5.6,10,13.7,10,10,1,100,6,6,0,0,0,0,0,0,0,0,1,1,108.3,0,0,0,0,1,100,0,0,0,0,0,0,0,0,0,0,100,3.93,1.134,0,100,0,0,2,1.7,2,1.67,0.33,2,1.67,1.7
2023,389,Kalif Raymond,DET,WR,1,2,SEA,22.727272727272727,20,43.8,5,38.5,2,15.4,2,0.4,8.5,17,16,10,8.1,5,10,1,50,14,14,5,5,0,0,0,0,0,0,1,0.2,64.6,1,14.3,1,50,1,50,1,0,0,0,0,0,0,0,2,2,40,-2.86,0.417,20,80,0,0,2,1.5,2,1.52,0.48,0.4,0.3,1.5
2023,390,Tyler Boyd,CIN,WR,1,1,CLV,10.294117647058822,6.451612903225806,85.2,7,77.8,2,22.2,1.43,0.29,4.5,9,20.5,10,20.8,5,5,2,100,1,0.5,0,0,0,0,0,0,0,0,0,0,87.5,1,14.3,0,0,2,100,0,0,0,0,0,0,0,0,0,0,28.6,-1.21,-0.287,0,100,0,0,3,3.5,3,3.45,-0.45,0.43,0.49,3.5
2023,391,Braxton Berrios,MIA,WR,1,2,NE,14.285714285714285,16.666666666666664,34.4,5,55.6,2,22.2,2,0.4,8,16,21.1,10,15.4,5,10,1,50,6,6,2,2,0,0.01,0,0,0,0,1,0.2,64.6,1,14.3,0,0,2,100,0,0,0,0,0,0,0,0,0,0,40,-2.55,0.535,40,60,0,0,2,4.2,2,4.22,-2.22,0.4,0.84,4.2
2023,392,Mark Andrews,BLT,TE,1,3,IND,9.615384615384617,8.695652173913043,81.9,5,83.3,2,33.3,2,0.4,1.5,3,8.3,10,30.3,5,5,2,100,7,3.5,3,1.5,0,0,0,0,0,0,0,0,87.5,2,40,1,50,2,100,0,0,0,0,0,0,0,0,0,0,33.3,-0.67,-0.103,0,80,20,0,3,3.3,3,3.34,-0.34,0.6,0.67,3.3
2023,393,Irv Smith,CIN,TE,1,2,BLT,31.25,50,77.2,10,76.9,2,15.4,1,0.2,2.5,5,6.9,10,11,5,5,2,100,5,2.5,4,2,0,0.01,0,0,0,0,1,0.1,87.5,2,16.7,0,0,2,100,0,0,0,0,0,0,0,0,0,0,16.7,-0.88,0.202,50,40,10,0,3,3.3,3,3.28,-0.28,0.3,0.33,3.3
2023,394,Scott Miller,ATL,WR,1,5,HST,26.666666666666668,100,24.3,4,36.4,2,18.2,2.5,0.5,-3.5,-7,-8.3,10,12.3,5,5,2,100,17,8.5,10,5,0,0.01,0,0,0,0,0,0,87.5,2,18.2,2,100,2,100,0,0,0,0,0,0,0,0,1,0.5,50,0.29,0.149,50,50,0,0,3,3.1,3,3.12,-0.12,0.75,0.78,3.1
2023,395,Marquise Brown,ARZ,WR,1,3,DAL,13.20754716981132,18.181818181818183,96.2,7,100,2,28.6,1.43,0.29,12.5,25,30.9,10,12.3,5,10,1,50,2,2,1,1,0,0.06,0,0,0,0,0,0,64.6,2,28.6,0,0,2,100,0,0,0,0,1,0,0,0,0,0,28.6,-4.59,0.016,71.4,28.6,0,0,2,4.2,2,4.22,-2.22,0.29,0.6,4.2
2023,396,Tee Higgins,CIN,WR,1,4,TEN,8.695652173913043,12.5,49,4,36.4,1,9.1,2.5,0.25,3,3,3.9,10,15.4,10,10,1,100,7,7,5,5,0,0,0,1,0,0,1,0.25,108.3,1,9.1,0,0,1,100,0,0,0,0,0,0,0,0,0,0,20,4.55,0.459,50,50,0,0,2,1.6,2,1.55,0.45,0.5,0.39,1.6
2023,397,DeVonta Smith,PHI,WR,1,1,NE,15.555555555555555,27.27272727272727,98.4,7,87.5,3,37.5,1.43,0.43,5.67,17,53.1,10,30.3,3.33,3.33,3,100,-4,-1.33,0,0,1,0.98,100,1,1,1,1,0.143,120.1,1,25,0,0,3,100,0,0,0,0,0,0,0,1,0,0,37.5,-3.31,0.097,57.1,42.9,0,0,10,10.8,10,10.78,-0.78,1.43,1.54,10.8
2023,398,Kyle Pitts,ATL,TE,1,1,CAR,2.380952380952381,5.88235294117647,60.4,1,33.3,1,33.3,10,1,2,2,0,10,45.5,10,10,1,100,8,8,1,1,0,0,0,0,0,0,1,1,108.3,1,33.3,0,0,1,100,0,0,0,0,0,0,0,0,0,0,33.3,3.63,1.127,0,100,0,0,2,1.7,2,1.69,0.31,2,1.69,1.7
2023,399,Cole Turner,WAS,TE,1,3,BUF,42.857142857142854,100,56.9,6,66.7,3,33.3,1.67,0.5,6.67,20,34.5,10,20.4,3.33,5,2,66.7,2,1,2,1,0,0.12,0,1,0,0,0,0,71.5,1,20,0,0,2,66.7,0,0,0,0,1,1,100,0,0,0,50,-3.6,-0.085,16.7,83.3,0,0,3,3.1,3,3.06,-0.06,0.5,0.51,3.1
2023,400,Garrett Wilson,NYJ,WR,1,5,DEN,16.9811320754717,14.285714285714285,83.9,9,100,3,33.3,1.11,0.33,12.67,38,50.7,10,10.8,3.33,10,1,33.3,5,5,5,5,0,0.18,0,2,1,0,1,0.111,4.2,3,50,0,0,2,66.7,0,0,0,0,1,0,0,0,1,1,33.3,-6.04,-0.833,33.3,66.7,0,0,2,4.7,2,4.75,-2.75,0.22,0.53,4.7
2023,401,Chigoziem Okonkwo,TEN,TE,1,4,CIN,17.142857142857142,9.090909090909092,66.1,6,66.7,1,11.1,1.67,0.17,6,6,7.3,10,17.5,10,10,1,100,4,4,3,3,0,0.02,0,0,0,0,0,0,108.3,1,12.5,0,0,1,100,0,0,0,0,1,1,100,0,0,0,14.3,2.91,-0.088,0,83.3,16.7,0,2,1.2,2,1.22,0.78,0.33,0.2,1.2
2023,402,Jake Ferguson,DAL,TE,1,3,ARZ,13.793103448275861,16.666666666666664,66.7,4,66.7,2,33.3,2.5,0.5,7,14,34.1,10,100,5,10,1,50,6,6,2,2,0,0.01,0,0,0,0,0,0,64.6,2,66.7,0,0,2,100,0,0,0,0,1,0,0,0,0,0,50,-1.92,-0.268,25,75,0,0,2,3.3,2,3.26,-1.26,0.5,0.82,3.3
2023,403,Wan'Dale Robinson,NYG,WR,1,5,MIA,21.428571428571427,17.647058823529413,66.2,6,54.5,3,27.3,1.67,0.5,2.67,8,10.7,10,10.9,3.33,3.33,3,100,2,0.67,1,0.33,0,0.01,0,0,0,0,1,0.167,80.6,3,33.3,1,33.3,3,100,0,0,0,0,0,0,0,0,0,0,50,-2.64,-0.124,0,100,0,0,4,5,4,5.04,-1.04,0.67,0.84,5
2023,404,Jaxon Smith-Njigba,SEA,WR,1,1,LA,12.5,13.333333333333334,58.7,4,57.1,2,28.6,2.5,0.5,4,8,20,10,32.3,5,10,1,50,6,6,0,0,0,0.02,0,0,0,0,1,0.25,64.6,1,20,0,0,2,100,0,0,1,50,0,0,0,0,0,0,50,-1.05,-0.281,25,75,0,0,2,3.4,2,3.38,-1.38,0.5,0.84,3.4
2023,405,Quentin Johnston,LAC,WR,1,3,MIN,31.25,66.66666666666666,25,5,23.8,2,9.5,2,0.4,-3.5,-7,-24.1,10,8.3,5,5,2,100,17,8.5,2,1,0,0,0,0,0,0,1,0.2,87.5,2,11.8,2,100,2,100,0,0,0,0,0,0,0,0,0,0,28.6,0.29,0.125,60,40,0,0,3,3,3,3.03,-0.03,0.6,0.61,3
2023,406,Josh Downs,IND,WR,1,6,JAX,21.153846153846153,18.75,77.3,11,91.7,6,50,0.91,0.55,6,36,33.3,10,21.7,1.67,3.33,3,50,3,1,1,0.33,0,0.2,0,3,0,0,0,0,56.3,6,50,0,0,5,83.3,0,0,0,0,2,0,0,0,0,0,54.5,-5.08,-0.394,0,100,0,0,4,7.5,4,7.5,-3.5,0.36,0.68,7.5
2023,407,Adam Thielen,CAR,WR,1,1,ATL,9.230769230769232,2.4390243902439024,88.9,6,100,1,16.7,1.5,0.17,5,5,8.8,9,19.1,9,9,1,100,4,4,1,1,0,0,0,0,0,0,1,0.167,104.2,1,25,0,0,1,100,0,0,0,0,0,0,0,0,0,0,16.7,2.64,0.98,33.3,66.7,0,0,1.9,1.7,1.9,1.72,0.18,0.32,0.29,1.7
2023,408,MyCole Pruitt,ATL,TE,1,6,WAS,50,50,39.2,1,7.7,1,7.7,9,1,5,5,5.8,9,10.2,9,9,1,100,4,4,3,3,0,0,0,0,0,0,0,0,104.2,0,0,0,0,1,100,0,0,0,0,0,0,0,0,0,0,100,2.52,0.634,0,100,0,0,1.9,1.7,1.9,1.74,0.16,1.9,1.74,1.7
2023,409,Ty Montgomery,NE,WR,1,6,LV,18.181818181818183,14.285714285714285,5.4,2,18.2,1,9.1,4.5,0.5,4,4,11.1,9,16.1,9,9,1,100,5,5,2,2,0,0.04,0,1,0,0,1,0.5,104.2,1,11.1,0,0,1,100,0,0,0,0,1,1,100,0,0,0,33.3,2.95,0.908,50,50,0,0,1.9,1.1,1.9,1.07,0.83,0.95,0.53,1.1
2023,410,Hunter Henry,NE,TE,1,3,NYJ,14.035087719298245,22.22222222222222,85.5,8,66.7,4,33.3,1.13,0.5,6,24,15.6,9,18.4,2.25,9,1,25,3,3,2,2,0,0.01,0,0,0,0,1,0.125,39.6,4,36.4,0,0,2,50,0,0,0,0,1,0,0,0,0,0,50,-4.74,-0.422,37.5,62.5,0,0,1.9,3.1,1.9,3.14,-1.24,0.24,0.39,3.1
2023,411,Zach Pascal,ARZ,WR,1,2,NYG,14.285714285714285,33.33333333333333,33.3,1,11.1,1,11.1,9,1,-3,-3,-3.1,9,12.9,9,9,1,100,12,12,5,5,0,0.03,0,0,0,0,0,0,104.2,0,0,0,0,1,100,0,0,0,0,0,0,0,0,1,1,100,4.06,0.618,0,100,0,0,1.9,1.9,1.9,1.87,0.03,1.9,1.87,1.9
2023,412,George Kittle,SF,TE,1,4,ARZ,11.363636363636363,11.11111111111111,96.2,5,71.4,1,14.3,1.8,0.2,5,5,8.8,9,9.9,9,9,1,100,4,4,4,4,0,0.01,0,0,0,0,1,0.2,104.2,1,16.7,0,0,1,100,0,0,0,0,0,0,0,0,2,2,14.3,2.52,3.369,0,40,60,0,1.9,1.8,1.9,1.79,0.11,0.38,0.36,1.8
2023,413,Tyler Conklin,NYJ,TE,1,4,KC,20.588235294117645,8.333333333333332,66.7,7,46.7,1,6.7,1.29,0.14,7,7,7.1,9,10.7,9,9,1,100,2,2,1,1,0,0,0,0,0,0,0,0,104.2,1,7.7,0,0,1,100,0,0,0,0,0,0,0,0,0,0,9.1,1.69,0.593,0,71.4,28.6,0,1.9,1.9,1.9,1.88,0.02,0.27,0.27,1.9
2023,414,Dalton Schultz,HST,TE,1,3,JAX,7.894736842105263,7.142857142857142,67.9,3,42.9,1,14.3,3,0.33,6,6,11.8,9,21.4,9,9,1,100,3,3,1,1,0,0,0,0,0,0,0,0,104.2,0,0,0,0,1,100,0,0,0,0,0,0,0,0,0,0,20,1.91,0.23,0,66.7,33.3,0,1.9,1.9,1.9,1.89,0.01,0.63,0.63,1.9
2023,415,Trent Sherfield,BUF,WR,1,4,MIA,12.5,33.33333333333333,46.4,2,22.2,1,11.1,4.5,0.5,-3,-3,-4.5,9,12.9,9,9,1,100,12,12,5,5,0,0.01,0,1,0,0,0,0,104.2,1,14.3,1,100,1,100,0,0,0,0,0,0,0,0,1,1,50,4.06,0.73,50,50,0,0,1.9,1.4,1.9,1.45,0.45,0.95,0.72,1.4
2023,416,Christian Kirk,JAX,WR,1,1,IND,7.936507936507936,6.0606060606060606,60.9,5,62.5,2,25,1.8,0.4,9.5,19,33.9,9,19.6,4.5,9,1,50,-1,-1,0,0,0,0,0,0,0,0,0,0,62.5,2,28.6,0,0,1,50,0,0,0,0,0,0,0,0,0,0,40,-2.98,0.089,0,100,0,0,1.9,2.1,1.9,2.13,-0.23,0.38,0.43,2.1
2023,417,Hayden Hurst,CAR,TE,1,1,ATL,10.526315789473683,28.57142857142857,51.4,4,66.7,2,33.3,2.25,0.5,12,24,42.1,9,19.1,4.5,9,1,50,1,1,0,0,0,0,0,0,0,0,0,0,62.5,1,25,0,0,1,50,0,0,0,0,0,0,0,0,0,0,50,-4.46,-0.118,25,50,25,0,1.9,2,1.9,2.02,-0.12,0.47,0.5,2
2023,418,Calvin Ridley,JAX,WR,1,1,IND,12.5,20,81.2,7,87.5,1,12.5,1.29,0.14,18,18,32.1,9,19.6,9,9,1,100,0,0,0,0,1,1,100,1,1,1,1,0.143,143.8,0,0,0,0,1,100,0,0,0,0,0,0,0,0,0,0,12.5,-1.9,2.884,57.1,42.9,0,0,7.9,8,7.9,8.04,-0.14,1.13,1.15,8
2023,419,KhaDarel Hodge,ATL,WR,1,4,JAX,18.75,100,24.6,3,25,1,8.3,3,0.33,6,6,7.6,9,7.4,9,9,1,100,3,3,1,1,0,0.01,0,0,0,0,1,0.333,104.2,1,16.7,0,0,1,100,0,0,0,0,1,1,100,0,0,0,25,2.05,1.56,66.7,33.3,0,0,1.9,0.9,1.9,0.95,0.95,0.63,0.32,0.9
2023,420,DK Metcalf,SEA,WR,1,1,LA,16.666666666666664,33.33333333333333,93.5,5,71.4,1,14.3,1.8,0.2,6,6,15,9,29,9,9,1,100,3,3,3,3,0,0,0,0,0,0,0,0,104.2,1,20,0,0,1,100,0,0,0,0,0,0,0,0,1,1,16.7,2.05,0.731,60,40,0,0,1.9,1.8,1.9,1.85,0.05,0.38,0.37,1.8
2023,421,Terry McLaurin,WAS,WR,1,3,BUF,13.725490196078432,33.33333333333333,80.4,7,77.8,2,22.2,1.29,0.29,4,8,13.8,9,18.4,4.5,4.5,2,100,1,0.5,1,0.5,0,0,0,0,0,0,1,0.143,85.4,2,40,0,0,2,100,0,0,0,0,0,0,0,0,0,0,28.6,-1.55,0.252,57.1,42.9,0,0,2.9,3.3,2.9,3.34,-0.44,0.41,0.48,3.3
2023,422,Deebo Samuel,SF,WR,1,5,DAL,9.090909090909092,10,71.6,4,66.7,1,16.7,2.25,0.25,6,6,7.9,9,13,9,9,1,100,3,3,3,3,0,0.22,0,1,0,0,0,0,104.2,1,20,0,0,1,100,0,0,0,0,0,0,0,0,1,1,20,2.05,1.129,50,25,0,25,1.9,2.9,1.9,2.94,-1.04,0.47,0.74,2.9
2023,423,Gabe Davis,BUF,WR,1,6,NYG,18,40,88.1,9,81.8,2,18.2,1,0.22,13,26,63.4,9,23.7,4.5,9,1,50,8,8,6,6,0,0,0,0,0,0,0,0,62.5,1,12.5,0,0,1,50,1,0,0,0,0,0,0,0,1,1,18.2,-3.8,-2.914,66.7,33.3,0,0,0.9,1.6,0.9,1.62,-0.72,0.21,0.18,1.6
2023,424,K.J. Osborn,MIN,WR,1,5,KC,21.27659574468085,14.285714285714285,86.8,10,83.3,2,16.7,0.9,0.2,12,24,20,9,15.3,4.5,9,1,50,1,1,0,0,0,0,0,1,1,0,0,0,62.5,0,0,0,0,1,50,0,0,0,0,0,0,0,0,0,0,18.2,-4.3,-0.322,80,20,0,0,1.9,2,1.9,1.96,-0.06,0.19,0.2,2
2023,425,Rashod Bateman,BLT,WR,1,2,CIN,34.48275862068966,33.33333333333333,60,10,50,1,5,0.9,0.1,9,9,5.1,9,6.9,9,9,1,100,0,0,0,0,0,0,0,0,0,0,0,0,104.2,1,6.7,0,0,1,100,0,0,0,0,0,0,0,0,0,0,8.3,1.55,0.63,70,30,0,0,1.9,2.1,1.9,2.06,-0.16,0.19,0.21,2.1
2023,426,Noah Gray,KC,TE,1,3,CHI,11.11111111111111,14.285714285714285,62.7,4,25,1,6.3,2.25,0.25,8,8,6.3,9,6.3,9,9,1,100,1,1,0,0,0,0,0,0,0,0,0,0,104.2,1,7.7,0,0,1,100,0,0,0,0,0,0,0,0,0,0,20,1.28,0.763,0,75,25,0,1.9,2.1,1.9,2.08,-0.18,0.47,0.52,2.1
2023,427,Tutu Atwell,LA,WR,1,4,IND,17.741935483870968,15,78.2,11,100,3,27.3,0.82,0.27,9.33,28,38.9,9,14.8,3,4.5,2,66.7,-1,-0.5,-1,-0.5,0,0.02,0,0,0,0,1,0.091,30.6,2,25,0,0,2,66.7,0,0,0,0,1,1,100,0,0,0,27.3,-4.97,-1.051,36.4,63.6,0,0,2.9,3.1,2.9,3.08,-0.18,0.26,0.28,3.1
2023,428,Greg Dulcich,DEN,TE,1,1,LV,75,100,32.8,3,75,1,25,3,0.33,6,6,22.2,9,39.1,9,9,1,100,3,3,0,0,0,0,0,0,0,0,1,0.333,104.2,1,33.3,0,0,1,100,0,0,0,0,0,0,0,0,0,0,33.3,1.91,0.313,0,66.7,33.3,0,1.9,1.9,1.9,1.89,0.01,0.63,0.63,1.9
2023,429,Kavontae Turpin,DAL,WR,1,2,NYJ,50,25,19.3,4,30.8,1,7.7,2.25,0.25,3,3,5.5,9,8.7,9,9,1,100,6,6,2,2,0,0.01,0,0,0,0,1,0.25,104.2,0,0,0,0,1,100,0,0,0,0,0,0,0,0,0,0,20,3.55,1.349,0,100,0,0,1.9,1.8,1.9,1.78,0.12,0.47,0.45,1.8
2023,430,Jake Ferguson,DAL,TE,1,1,NYG,13.793103448275861,8.333333333333332,74.5,4,50,1,12.5,2.25,0.25,1,1,1.7,9,11.3,9,9,1,100,8,8,2,2,0,0.54,0,1,0,0,0,0,104.2,1,12.5,1,100,1,100,0,0,0,0,0,0,0,0,0,0,25,3.22,0.673,75,25,0,0,1.9,5.2,1.9,5.2,-3.3,0.47,1.3,5.2
2023,431,Xavier Hutchinson,HST,WR,1,1,BLT,9.090909090909092,100,9.7,1,8.3,1,8.3,9,1,6,6,10.7,9,11.3,9,9,1,100,3,3,1,1,0,0,0,0,0,0,1,1,104.2,1,11.1,0,0,1,100,0,0,0,0,0,0,0,0,0,0,100,2.05,0.105,0,100,0,0,1.9,1.8,1.9,1.79,0.11,1.9,1.79,1.8
2023,432,Zay Flowers,BLT,WR,1,2,CIN,28.8135593220339,20,77.1,17,85,3,15,0.53,0.18,7,21,11.9,9,6.9,3,4.5,2,66.7,17,8.5,12,6,0,0.01,0,0,0,0,1,0.059,70.1,3,20,2,66.7,2,66.7,1,0,0,0,0,0,0,0,1,0.5,17.6,-3.85,-0.665,76.5,23.5,0,0,2.9,3.1,2.9,3.07,-0.17,0.17,0.18,3.1
2023,433,Luke Musgrave,GB,TE,1,1,CHI,7.4074074074074066,10,75,2,66.7,1,33.3,4.5,0.5,5,5,9.1,9,100,9,9,1,100,4,4,5,5,0,0,0,0,0,0,0,0,104.2,1,50,0,0,1,100,0,0,0,0,0,0,0,0,0,0,50,2.52,-0.001,50,50,0,0,1.9,1.8,1.9,1.81,0.09,0.95,0.9,1.8
2023,434,Jayden Reed,GB,WR,1,2,ATL,15.384615384615385,23.52941176470588,59.6,6,85.7,4,57.1,1.5,0.67,2,8,16,9,18.4,2.25,9,1,25,13,13,6,6,1,0.21,50,1,0,0,1,0.167,79.2,4,80,2,50,1,25,0,0,0,0,0,0,0,0,1,1,66.7,-3.88,-0.109,16.7,83.3,0,0,7.9,2.6,7.9,2.59,5.31,1.32,0.43,2.6
2023,435,Randall Cobb,NYJ,WR,1,4,KC,22.857142857142858,40,38.6,8,53.3,4,26.7,1,0.5,5.75,23,23.5,8,9.5,2,4,2,50,1,0.5,1,0.5,0,0.01,0,0,0,0,1,0.125,56.3,3,23.1,0,0,2,50,0,0,0,0,1,1,100,0,0,0,44.4,-4.47,-0.408,25,75,0,0,2.8,2.9,2.8,2.86,-0.06,0.35,0.36,2.9
2023,436,Darren Waller,NYG,TE,1,4,SEA,14.583333333333334,6.25,91.9,7,63.6,1,9.1,1.14,0.14,5,5,11.9,8,13.1,8,8,1,100,3,3,1,1,0,0,0,0,0,0,0,0,100,1,11.1,0,0,1,100,0,0,0,0,0,0,0,0,0,0,10,1.52,-0.101,28.6,28.6,42.9,0,1.8,1.7,1.8,1.69,0.11,0.26,0.24,1.7
2023,437,Blake Bell,KC,TE,1,1,DET,40,100,40.3,2,14.3,1,7.1,4,0.5,0,0,0,8,6.7,8,8,1,100,8,8,0,0,0,0.01,0,0,0,0,0,0,100,0,0,0,0,1,100,0,0,0,0,0,0,0,0,0,0,33.3,2.71,0.601,0,100,0,0,1.8,1.7,1.8,1.65,0.15,0.9,0.83,1.7
2023,438,Tyler Lockett,SEA,WR,1,4,NYG,11.428571428571429,11.11111111111111,70.6,4,57.1,1,14.3,2,0.25,6,6,27.3,8,42.1,8,8,1,100,2,2,0,0,0,0.01,0,0,0,0,0,0,100,0,0,0,0,1,100,0,0,0,0,0,0,0,0,0,0,20,1.05,0.273,75,25,0,0,1.8,1.9,1.8,1.89,-0.09,0.45,0.47,1.9
2023,439,Tyreek Hill,MIA,WR,1,2,NE,14.583333333333334,12.5,85.2,7,77.8,2,22.2,1.14,0.29,24.5,49,64.5,8,12.3,4,8,1,50,-1,-1,0,0,0,0.03,0,0,0,0,1,0.143,20.8,2,28.6,0,0,2,100,1,0,0,0,1,0,0,0,0,0,25,-7.23,-0.465,42.9,57.1,0,0,1.8,4,1.8,3.96,-2.16,0.26,0.57,4
2023,440,Josh Reynolds,DET,WR,1,2,SEA,23.684210526315788,33.33333333333333,79.7,9,69.2,1,7.7,0.89,0.11,4,4,3.8,8,6.5,8,8,1,100,4,4,1,1,0,0,0,0,0,0,1,0.111,100,1,14.3,0,0,1,100,0,0,0,0,0,0,0,0,0,0,10,1.95,1.256,55.6,44.4,0,0,1.8,1.7,1.8,1.68,0.12,0.2,0.19,1.7
2023,441,Courtland Sutton,DEN,WR,1,4,CHI,17.647058823529413,12.5,83.3,6,100,1,16.7,1.33,0.17,5,5,6.2,8,17.8,8,8,1,100,3,3,1,1,0,0,0,0,0,0,0,0,100,1,50,0,0,1,100,0,0,0,0,0,0,0,0,0,0,16.7,1.64,-0.394,66.7,33.3,0,0,1.8,1.8,1.8,1.84,-0.04,0.3,0.31,1.8
2023,442,Dallas Goedert,PHI,TE,1,4,WAS,20.930232558139537,11.11111111111111,100,9,81.8,2,18.2,0.89,0.22,7,14,11.6,8,7.3,4,8,1,50,2,2,1,1,0,0.01,0,2,0,0,1,0.111,60.4,2,20,0,0,1,50,0,0,0,0,0,0,0,0,0,0,18.2,-3.41,0.469,33.3,66.7,0,0,1.8,1.7,1.8,1.74,0.06,0.2,0.19,1.7
2023,443,Allen Lazard,NYJ,WR,1,6,PHI,8.695652173913043,20,74.6,4,66.7,1,16.7,2,0.25,7,7,11.9,8,38.1,8,8,1,100,1,1,1,1,0,0.01,0,0,0,0,1,0.25,100,1,25,0,0,1,100,0,0,0,0,0,0,0,0,0,0,25,0.94,1.623,25,75,0,0,1.8,2,1.8,1.95,-0.15,0.45,0.49,2
2023,444,Irv Smith,CIN,TE,1,1,CLV,12.5,25,53.7,4,44.4,1,11.1,2,0.25,6,6,13.6,8,16.7,8,8,1,100,2,2,2,2,0,0,0,0,0,0,0,0,100,0,0,0,0,1,100,0,0,0,0,0,0,0,0,0,0,25,0.91,-0.468,50,25,25,0,1.8,1.9,1.8,1.86,-0.06,0.45,0.47,1.9
2023,445,Parris Campbell,NYG,WR,1,3,SF,17.857142857142858,16.666666666666664,41.3,5,38.5,3,23.1,1.6,0.6,3,9,13.4,8,15.1,2.67,2.67,3,100,-1,-0.33,0,0,0,0,0,0,0,0,0,0,79.2,3,25,0,0,3,100,0,0,0,0,0,0,0,0,0,0,60,-2.94,-0.52,20,80,0,0,3.8,4.9,3.8,4.95,-1.15,0.76,0.99,4.9
2023,446,A.J. Brown,PHI,WR,1,6,NYJ,18.6046511627907,10,95.7,8,80,1,10,1,0.13,8,8,12.9,8,25,8,8,1,100,0,0,0,0,0,0.01,0,0,0,0,1,0.125,100,1,20,0,0,1,100,0,0,0,0,1,1,100,0,0,0,10,0.49,1.566,62.5,37.5,0,0,1.8,1.1,1.8,1.11,0.69,0.23,0.14,1.1
2023,447,Dawson Knox,BUF,TE,1,2,LV,18.421052631578945,33.33333333333333,71.6,7,58.3,3,25,1.14,0.43,1.67,5,11.1,8,14.5,2.67,4,2,66.7,5,2.5,2,1,0,0.13,0,1,1,0,1,0.143,70.1,0,0,0,0,3,100,0,0,0,0,1,0,0,0,0,0,42.9,-3.11,-1.045,28.6,57.1,14.3,0,2.8,4.2,2.8,4.21,-1.41,0.4,0.6,4.2
2023,448,Juwan Johnson,NO,TE,1,2,CAR,38.095238095238095,25,81.1,8,100,2,25,1,0.25,6.5,13,19.4,8,15.7,4,8,1,50,3,3,1,1,0,0.05,0,1,0,0,0,0,60.4,2,33.3,0,0,2,100,0,0,0,0,1,0,0,0,0,0,25,-3.1,0.05,25,75,0,0,1.8,3.1,1.8,3.07,-1.27,0.23,0.38,3.1
2023,449,Colby Parkinson,SEA,TE,1,1,LA,22.22222222222222,40,43.5,2,28.6,2,28.6,4,1,2,4,10,8,25.8,4,8,1,50,4,4,4,4,0,0,0,0,0,0,0,0,60.4,1,20,0,0,1,50,0,0,0,0,0,0,0,0,1,1,66.7,-1.68,-0.121,0,100,0,0,1.8,1.7,1.8,1.7,0.1,0.9,0.85,1.7
2023,450,Michael Pittman,IND,WR,1,1,JAX,14.285714285714285,11.11111111111111,97.1,8,80,1,10,1,0.13,8,8,11.1,8,13.6,8,8,1,100,0,0,0,0,0,0.01,0,0,0,0,1,0.125,100,1,12.5,0,0,1,100,0,0,0,0,0,0,0,0,0,0,10,0.49,0.891,50,50,0,0,1.8,1.9,1.8,1.95,-0.15,0.23,0.24,1.9
2023,451,Cole Kmet,CHI,TE,1,4,DEN,14.285714285714285,16.666666666666664,72.9,4,66.7,2,33.3,2,0.5,9.5,19,30.2,8,11.1,4,8,1,50,6,6,0,0,0,0,0,0,0,0,0,0,20.8,1,33.3,0,0,1,50,0,0,0,0,0,0,0,0,0,0,50,-5.03,-0.236,25,50,25,0,1.8,1.7,1.8,1.74,0.06,0.45,0.43,1.7
2023,452,Devin Duvernay,BLT,WR,1,4,CLV,31.57894736842105,33.33333333333333,60,6,100,2,33.3,1.33,0.33,2,4,16.7,8,20.5,4,4,2,100,4,2,0,0,0,0,0,0,0,0,0,0,83.3,2,50,1,50,2,100,0,0,0,0,0,0,0,0,0,0,33.3,-2.22,-0.64,50,50,0,0,2.8,3.5,2.8,3.53,-0.73,0.47,0.59,3.5
2023,453,Dyami Brown,WAS,WR,1,2,DEN,17.391304347826086,33.33333333333333,33.3,4,36.4,1,9.1,2,0.25,8,8,9.2,8,11.1,8,8,1,100,0,0,0,0,0,0,0,0,0,0,0,0,100,1,12.5,0,0,1,100,0,0,0,0,0,0,0,0,0,0,25,0.49,0.645,25,75,0,0,1.8,2,1.8,2.01,-0.21,0.45,0.5,2
2023,454,Tutu Atwell,LA,WR,1,3,CIN,14.516129032258066,20,86.5,9,90,4,40,0.89,0.44,16,64,50,8,12.7,2,4,2,50,5,2.5,0,0,1,0.8,100,1,1,1,1,0.111,95.8,3,37.5,0,0,2,50,2,0,0,0,0,0,0,0,0,0,44.4,-6.17,0.138,55.6,44.4,0,0,8.8,7.6,8.8,7.61,1.19,0.98,0.85,7.6
2023,455,Rashid Shaheed,NO,WR,1,1,TEN,15.384615384615385,11.11111111111111,54.7,8,80,1,10,1,0.13,7,7,5.5,8,10.1,8,8,1,100,1,1,0,0,0,0,0,0,0,0,0,0,100,0,0,0,0,1,100,0,0,0,0,0,0,0,0,0,0,12.5,0.94,0.13,75,25,0,0,1.8,1.9,1.8,1.89,-0.09,0.23,0.24,1.9
2023,456,Jahan Dotson,WAS,WR,1,4,PHI,16,40,71.6,8,61.5,4,30.8,1,0.5,9.25,37,28.9,8,7.8,2,4,2,50,2,1,1,0.5,0,0.09,0,1,1,0,0,0,56.3,4,36.4,0,0,3,75,1,0,1,25,0,0,0,0,0,0,44.4,-5.57,-0.699,25,75,0,0,2.8,5.5,2.8,5.53,-2.73,0.35,0.69,5.5
2023,457,Isaiah Likely,BLT,TE,1,2,CIN,44.44444444444444,100,32.9,4,20,1,5,2,0.25,5,5,2.8,8,6.2,8,8,1,100,3,3,1,1,0,0,0,0,0,0,0,0,100,1,6.7,0,0,1,100,0,0,0,0,0,0,0,0,0,0,20,1.52,0.621,0,50,50,0,1.8,1.7,1.8,1.7,0.1,0.45,0.43,1.7
2023,458,Michael Wilson,ARZ,WR,1,4,SF,18.75,16.666666666666664,71.6,9,75,1,8.3,0.89,0.11,6,6,5.1,8,8.9,8,8,1,100,2,2,1,1,1,0.56,100,1,0,0,1,0.111,139.6,1,11.1,0,0,1,100,0,0,0,0,0,0,0,0,0,0,11.1,1.05,1.541,88.9,11.1,0,0,7.8,4.9,7.8,4.87,2.93,0.87,0.54,4.9
2023,459,Payne Durham,TB,TE,1,6,DET,100,100,11.1,1,5.9,1,5.9,8,1,3,3,1.1,8,8.8,8,8,1,100,5,5,2,2,0,0,0,0,0,0,1,1,100,1,7.1,0,0,1,100,0,0,0,0,0,0,0,0,0,0,100,1.68,0.617,0,100,0,0,1.8,1.7,1.8,1.71,0.09,1.8,1.71,1.7
2023,460,Trey Palmer,TB,WR,1,1,MIN,9.375,27.27272727272727,33.8,3,37.5,3,37.5,2.67,1,4.33,13,38.2,8,40,2.67,4,2,66.7,0,0,0,0,1,0.89,100,1,1,1,1,0.333,109.7,0,0,0,0,2,66.7,0,0,0,0,0,0,0,0,1,0.5,100,-3.52,0.085,0,100,0,0,8.8,8.7,8.8,8.67,0.13,2.93,2.89,8.7
2023,461,Trey Palmer,TB,WR,1,3,PHI,18.75,9.090909090909092,72.7,6,85.7,1,14.3,1.33,0.17,8,8,6.2,8,12.5,8,8,1,100,0,0,0,0,0,0,0,0,0,0,1,0.167,100,1,16.7,0,0,1,100,0,0,0,0,1,1,100,0,0,0,16.7,0.49,1.17,50,50,0,0,1.8,1.4,1.8,1.44,0.36,0.3,0.24,1.4
2023,462,Jonathan Mingo,CAR,WR,1,5,DET,26.82926829268293,22.22222222222222,84.6,11,91.7,2,16.7,0.73,0.18,10,20,24.1,8,8.2,4,8,1,50,2,2,1,1,0,0,0,1,1,0,0,0,60.4,1,12.5,0,0,1,50,0,0,0,0,0,0,0,0,0,0,18.2,-4.38,-0.006,36.4,63.6,0,0,1.8,1.8,1.8,1.79,0.01,0.16,0.16,1.8
2023,463,Zay Flowers,BLT,WR,1,6,TEN,15.254237288135593,13.333333333333334,88.6,9,75,2,16.7,0.89,0.22,13.5,27,17.4,8,6.7,4,8,1,50,10,10,2,2,0,0,0,0,0,0,0,0,60.4,2,18.2,1,50,1,50,1,0,0,0,0,0,0,0,0,0,20,-4.47,-0.064,77.8,22.2,0,0,1.8,1.8,1.8,1.76,0.04,0.2,0.2,1.8
2023,464,Michael Mayer,LV,TE,1,6,NE,30.76923076923077,100,81.5,4,80,2,40,2,0.5,9.5,19,22.1,8,9.8,4,8,1,50,0,0,0,0,0,0.07,0,2,0,0,1,0.25,60.4,2,40,0,0,1,50,0,0,0,0,1,1,100,0,0,0,50,-4.23,0.317,50,50,0,0,1.8,1.7,1.8,1.67,0.13,0.45,0.42,1.7
2023,465,Luke Musgrave,GB,TE,1,2,ATL,14.814814814814813,10,87.2,4,57.1,1,14.3,2,0.25,6,6,12,8,16.3,8,8,1,100,2,2,2,2,0,0.01,0,1,0,0,0,0,100,0,0,0,0,1,100,0,0,0,0,0,0,0,0,0,0,14.3,0.91,0.453,50,50,0,0,1.8,1.7,1.8,1.7,0.1,0.45,0.43,1.7
2023,466,Odell Beckham,BLT,WR,1,5,PIT,37.93103448275862,33.33333333333333,52.2,11,61.1,1,5.6,0.64,0.09,5,5,2.2,7,4.8,7,7,1,100,2,2,1,1,0,0.01,0,0,0,0,0,0,95.8,1,7.1,0,0,1,100,0,0,0,0,0,0,0,0,0,0,9.1,0.64,0.232,90.9,9.1,0,0,1.7,1.8,1.7,1.83,-0.13,0.15,0.17,1.8
2023,467,Mike Evans,TB,WR,1,2,CHI,12.5,9.090909090909092,58.8,4,66.7,1,16.7,1.75,0.25,4,4,16,7,17.9,7,7,1,100,3,3,1,1,0,0,0,0,0,0,0,0,95.8,1,25,0,0,1,100,0,0,0,0,0,0,0,0,0,0,20,0.95,0.141,50,50,0,0,1.7,1.7,1.7,1.67,0.03,0.42,0.42,1.7
2023,468,Allen Robinson,PIT,WR,1,2,CLV,7.142857142857142,6.25,86.8,2,33.3,1,16.7,3.5,0.5,6,6,11.5,7,23.3,7,7,1,100,1,1,0,0,0,0,0,0,0,0,0,0,95.8,1,33.3,0,0,1,100,0,0,0,0,0,0,0,0,0,0,50,0.05,0.304,50,50,0,0,1.7,1.9,1.7,1.87,-0.17,0.85,0.93,1.9
2023,469,Stefon Diggs,BUF,WR,1,3,WAS,16.666666666666664,21.428571428571427,66.2,9,81.8,3,27.3,0.78,0.33,8,24,57.1,7,14,2.33,3.5,2,66.7,0,0,0,0,0,0.1,0,0,0,0,1,0.111,70.1,2,25,0,0,3,100,0,0,0,0,2,1,50,0,0,0,33.3,-5.39,-0.134,44.4,55.6,0,0,2.7,5,2.7,5.01,-2.31,0.3,0.56,5
2023,470,Mack Hollins,ATL,WR,1,6,WAS,6.666666666666667,20,34.2,2,15.4,1,7.7,3.5,0.5,7,7,8.1,7,8,7,7,1,100,0,0,0,0,0,0.05,0,1,0,0,1,0.5,95.8,1,9.1,0,0,1,100,0,0,0,0,0,0,0,0,0,0,50,-0.06,2.676,50,50,0,0,1.7,2.1,1.7,2.06,-0.36,0.85,1.03,2.1
2023,471,JuJu Smith-Schuster,NE,WR,1,1,PHI,29.166666666666668,33.33333333333333,52.6,7,33.3,3,14.3,1,0.43,5.67,17,9.8,7,6.4,2.33,7,1,33.3,3,3,1,1,0,0.01,0,0,0,0,0,0,42.4,2,14.3,0,0,1,33.3,0,0,0,0,0,0,0,0,0,0,37.5,-4,-0.384,28.6,71.4,0,0,1.7,1.7,1.7,1.75,-0.05,0.24,0.25,1.7
2023,472,Jonnu Smith,ATL,TE,1,2,GB,12.195121951219512,7.142857142857142,66.7,5,62.5,1,12.5,1.4,0.2,0,0,0,7,9,7,7,1,100,7,7,2,2,0,0,0,0,0,0,0,0,95.8,1,16.7,0,0,1,100,0,0,0,0,0,0,0,0,0,0,20,1.71,0.046,0,80,20,0,1.7,1.6,1.7,1.63,0.07,0.34,0.33,1.6
2023,473,David Njoku,CLV,TE,1,3,TEN,14.285714285714285,16.666666666666664,74.6,5,83.3,1,16.7,1.4,0.2,5,5,9.8,7,10.6,7,7,1,100,2,2,1,1,0,0.01,0,0,0,0,0,0,95.8,0,0,0,0,1,100,0,0,0,0,0,0,0,0,0,0,20,0.52,-0.212,20,80,0,0,1.7,1.9,1.7,1.87,-0.17,0.34,0.37,1.9
2023,474,Hayden Hurst,CAR,TE,1,2,NO,10.526315789473683,14.285714285714285,55.4,4,44.4,1,11.1,1.75,0.25,6,6,7.3,7,14.6,7,7,1,100,1,1,1,1,0,0.01,0,1,0,0,0,0,95.8,0,0,0,0,1,100,0,0,0,0,0,0,0,0,0,0,20,-0.09,0.44,75,25,0,0,1.7,1.7,1.7,1.75,-0.05,0.42,0.44,1.7
2023,475,Hayden Hurst,CAR,TE,1,4,MIN,10.526315789473683,28.57142857142857,48.5,4,33.3,2,16.7,1.75,0.5,3.5,7,140,7,12.1,3.5,7,1,50,3,3,1,1,0,0.01,0,0,0,0,1,0.25,58.3,2,16.7,0,0,1,50,0,0,0,0,0,0,0,0,0,0,25,-2.69,0.28,25,50,25,0,1.7,1.8,1.7,1.85,-0.15,0.42,0.46,1.8
2023,476,Hunter Renfrow,LV,WR,1,5,GB,21.428571428571427,28.57142857142857,31.3,3,37.5,2,25,2.33,0.67,6.5,13,21.3,7,15.6,3.5,7,1,50,2,2,1,1,0,0,0,0,0,0,0,0,58.3,1,20,0,0,1,50,0,0,0,0,0,0,0,0,0,0,66.7,-3.44,0.034,33.3,66.7,0,0,1.7,1.7,1.7,1.73,-0.03,0.57,0.58,1.7
2023,477,Deonte Harty,BUF,WR,1,4,MIA,25,16.666666666666664,25,4,44.4,1,11.1,1.75,0.25,4,4,6.1,7,10,7,7,1,100,3,3,3,3,0,0.04,0,1,0,0,1,0.25,95.8,0,0,0,0,1,100,0,0,0,0,0,0,0,0,2,2,25,0.95,1.269,50,50,0,0,1.7,1.9,1.7,1.9,-0.2,0.42,0.48,1.9
2023,478,Diontae Johnson,PIT,WR,1,1,SF,100,100,42.6,8,57.1,2,14.3,0.88,0.25,7,14,14.6,7,9.3,3.5,7,1,50,2,2,0,0,0,0.01,0,1,0,0,0,0,58.3,2,22.2,0,0,1,50,0,0,0,0,0,0,0,0,0,0,25,-3.41,-0.309,50,50,0,0,1.7,1.7,1.7,1.74,-0.04,0.21,0.22,1.7
2023,479,Juwan Johnson,NO,TE,1,3,GB,28.57142857142857,37.5,70,6,75,3,37.5,1.17,0.5,2,6,19.4,7,13.7,2.33,7,1,33.3,6,6,3,3,0,0.01,0,0,0,0,0,0,42.4,2,28.6,1,33.3,2,66.7,0,0,0,0,1,0,0,0,0,0,50,-4.12,-0.662,33.3,66.7,0,0,1.7,3,1.7,2.98,-1.28,0.28,0.5,3
2023,480,Donovan Peoples-Jones,CLV,WR,1,2,PIT,25,20,88.9,9,90,1,10,0.78,0.11,-2,-2,-3.6,7,11.5,7,7,1,100,9,9,2,2,0,0,0,0,0,0,0,0,95.8,1,12.5,1,100,1,100,0,0,0,0,0,0,0,0,0,0,11.1,1.5,0.262,77.8,22.2,0,0,1.7,1.6,1.7,1.57,0.13,0.19,0.17,1.6
2023,481,Michael Pittman,IND,WR,1,3,BLT,19.642857142857142,22.22222222222222,100,11,91.7,2,16.7,0.64,0.18,0.5,1,1.2,7,18.9,3.5,3.5,2,100,6,3,3,1.5,0,0.02,0,1,0,0,0,0,81.3,2,20,1,50,2,100,0,0,0,0,0,0,0,0,0,0,16.7,-2,-0.175,54.5,45.5,0,0,2.7,3.2,2.7,3.2,-0.5,0.25,0.29,3.2
2023,482,Michael Pittman,IND,WR,1,5,TEN,16.071428571428573,11.11111111111111,100,9,100,1,11.1,0.78,0.11,-4,-4,-7.5,7,5.9,7,7,1,100,11,11,3,3,0,0.01,0,0,0,0,0,0,95.8,1,25,1,100,1,100,0,0,0,0,0,0,0,0,0,0,11.1,2.51,-0.164,66.7,33.3,0,0,1.7,1.6,1.7,1.56,0.14,0.19,0.17,1.6
2023,483,John Bates,WAS,TE,1,3,BUF,30,25,58.8,3,33.3,1,11.1,2.33,0.33,5,5,8.6,7,14.3,7,7,1,100,2,2,1,1,0,0,0,0,0,0,0,0,95.8,1,20,0,0,1,100,0,0,0,0,0,0,0,0,0,0,33.3,0.52,0.288,0,100,0,0,1.7,1.7,1.7,1.7,0,0.57,0.57,1.7
2023,484,Luke Farrell,JAX,TE,1,4,ATL,25,100,37.5,2,11.8,1,5.9,3.5,0.5,4,4,4.9,7,6,7,7,1,100,3,3,3,3,0,0,0,0,0,0,1,0.5,95.8,1,7.7,0,0,1,100,0,0,0,0,0,0,0,0,0,0,33.3,0.93,1.11,0,50,50,0,1.7,1.7,1.7,1.73,-0.03,0.85,0.87,1.7
2023,485,Kadarius Toney,KC,WR,1,4,NYJ,14.285714285714285,10,25.8,3,25,1,8.3,2.33,0.33,-4,-4,-3.2,7,12.5,7,7,1,100,11,11,4,4,0,0.01,0,0,0,0,0,0,95.8,1,10,1,100,1,100,0,0,0,0,0,0,0,0,1,1,25,2.51,0.457,33.3,66.7,0,0,1.7,1.6,1.7,1.56,0.14,0.57,0.52,1.6
2023,486,Rondale Moore,ARZ,WR,1,5,CIN,20.454545454545457,18.75,66.7,9,81.8,3,27.3,0.78,0.33,1.67,5,4.3,7,18.4,2.33,3.5,2,66.7,7,3.5,3,1.5,0,0.02,0,0,0,0,0,0,70.1,3,37.5,1,33.3,2,66.7,0,0,0,0,0,0,0,0,0,0,33.3,-3.4,-0.645,0,100,0,0,2.7,3.2,2.7,3.16,-0.46,0.3,0.35,3.2
2023,487,Elijah Moore,CLV,WR,1,4,BLT,23.684210526315788,7.142857142857142,83.1,9,90,1,10,0.78,0.11,6,6,7,7,11.3,7,7,1,100,1,1,1,1,0,0,0,0,0,0,0,0,95.8,1,11.1,0,0,1,100,0,0,0,0,0,0,0,0,0,0,11.1,0.05,0.598,44.4,55.6,0,0,1.7,1.8,1.7,1.83,-0.13,0.19,0.2,1.8
2023,488,Jalen Tolbert,DAL,WR,1,2,NYJ,68.75,50,67.5,11,84.6,1,7.7,0.64,0.09,7,7,12.7,7,6.8,7,7,1,100,0,0,0,0,0,0.01,0,0,0,0,1,0.091,95.8,0,0,0,0,1,100,0,0,0,0,0,0,0,0,0,0,8.3,-0.06,1.614,81.8,18.2,0,0,1.7,1.9,1.7,1.92,-0.22,0.15,0.17,1.9
2023,489,Garrett Wilson,NYJ,WR,1,6,PHI,11.320754716981133,4.761904761904762,88.1,6,100,1,16.7,1.17,0.17,5,5,8.5,7,33.3,7,7,1,100,2,2,1,1,0,0,0,0,0,0,1,0.167,95.8,1,25,0,0,1,100,0,0,0,0,0,0,0,0,0,0,16.7,0.64,0.586,50,50,0,0,1.7,1.7,1.7,1.73,-0.03,0.28,0.29,1.7
2023,490,Kavontae Turpin,DAL,WR,1,1,NYG,12.5,25,20,1,12.5,1,12.5,7,1,6,6,10.2,7,8.8,7,7,1,100,1,1,0,0,0,0.23,0,1,0,0,1,1,95.8,1,12.5,0,0,1,100,0,0,0,0,0,0,0,0,0,0,100,0.05,1.423,0,100,0,0,1.7,3.3,1.7,3.3,-1.6,1.7,3.3,3.3
2023,491,Chigoziem Okonkwo,TEN,TE,1,2,LAC,11.428571428571429,18.181818181818183,71.4,4,100,2,50,1.75,0.5,-0.5,-1,-3.8,7,20,3.5,3.5,2,100,8,4,4,2,0,0,0,0,0,0,0,0,81.3,1,33.3,1,50,2,100,0,0,0,0,0,0,0,0,2,1,50,-2.62,-0.581,0,75,25,0,2.7,3.2,2.7,3.22,-0.52,0.68,0.81,3.2
2023,492,Skyy Moore,KC,WR,1,2,JAX,15.555555555555555,14.285714285714285,60.9,7,63.6,1,9.1,1,0.14,6,6,6.2,7,6.4,7,7,1,100,1,1,1,1,0,0,0,0,0,0,0,0,95.8,1,12.5,0,0,1,100,0,0,0,0,0,0,0,0,0,0,12.5,0.05,0.149,85.7,14.3,0,0,1.7,1.8,1.7,1.81,-0.11,0.24,0.26,1.8
2023,493,Josh Whyle,TEN,TE,1,5,IND,33.33333333333333,100,36.2,1,14.3,1,14.3,7,1,6,6,11.3,7,33.3,7,7,1,100,1,1,1,1,0,0,0,0,0,0,1,1,95.8,1,20,0,0,1,100,0,0,0,0,0,0,0,0,0,0,100,-0.09,0.793,0,100,0,0,1.7,1.8,1.7,1.82,-0.12,1.7,1.82,1.8
2023,494,Zach Ertz,ARZ,TE,1,2,NYG,14.285714285714285,10,68.3,6,66.7,2,22.2,1,0.33,3,6,6.1,6,8.6,3,6,1,50,1,1,1,1,0,0.01,0,0,0,0,0,0,56.3,1,20,0,0,1,50,0,0,0,0,0,0,0,0,0,0,25,-3.13,-0.171,16.7,66.7,16.7,0,1.6,1.9,1.6,1.88,-0.28,0.27,0.31,1.9
2023,495,Zach Ertz,ARZ,TE,1,5,CIN,19.047619047619047,10,75.4,8,72.7,2,18.2,0.75,0.25,8.5,17,14.8,6,15.8,3,6,1,50,0,0,0,0,0,0,0,0,0,0,0,0,16.7,1,12.5,0,0,2,100,0,0,1,50,1,0,0,0,0,0,25,-4.92,-1.197,25,75,0,0,1.6,3.1,1.6,3.13,-1.53,0.2,0.39,3.1
2023,496,Brandin Cooks,DAL,WR,1,1,NYG,17.24137931034483,33.33333333333333,56.4,5,62.5,1,12.5,1.2,0.2,4,4,6.8,6,7.5,6,6,1,100,2,2,1,1,0,0.07,0,0,0,0,1,0.2,91.7,1,12.5,0,0,1,100,0,0,0,0,0,0,0,0,0,0,16.7,-0.05,3.076,60,40,0,0,1.6,2.3,1.6,2.29,-0.69,0.32,0.46,2.3
2023,497,Davante Adams,LV,WR,1,3,PIT,14.814814814814813,20,98.5,4,100,1,25,1.5,0.25,4,4,8.7,6,26.1,6,6,1,100,2,2,2,2,0,0.01,0,0,0,0,1,0.25,91.7,1,50,0,0,1,100,0,0,0,0,0,0,0,0,0,0,25,-0.05,0.863,50,50,0,0,1.6,1.7,1.6,1.73,-0.13,0.4,0.43,1.7
2023,498,Isaiah McKenzie,IND,WR,1,4,LA,60,75,12.1,3,27.3,3,27.3,2,1,4.33,13,10,6,10.5,2,6,1,33.3,8,8,5,5,0,0.01,0,0,0,0,1,0.333,42.4,3,27.3,2,66.7,3,100,1,0,1,33.3,1,0,0,0,1,1,100,-4.84,-0.398,0,100,0,0,1.6,5.1,1.6,5.08,-3.48,0.53,1.69,5.1
2023,499,Evan Engram,JAX,TE,1,1,IND,11.29032258064516,4.545454545454546,73.9,7,87.5,1,12.5,0.86,0.14,4,4,7.1,6,13,6,6,1,100,2,2,2,2,0,0,0,0,0,0,0,0,91.7,1,14.3,0,0,1,100,0,0,0,0,0,0,0,0,0,0,12.5,-0.07,-0.092,85.7,14.3,0,0,1.6,1.7,1.6,1.71,-0.11,0.23,0.24,1.7
2023,500,Will Dissly,SEA,TE,1,2,DET,42.857142857142854,100,55.2,3,27.3,1,9.1,2,0.33,4,4,8,6,7.1,6,6,1,100,2,2,1,1,0,0,0,0,0,0,0,0,91.7,1,20,0,0,1,100,0,0,0,0,0,0,0,0,0,0,20,-0.07,-0.005,33.3,66.7,0,0,1.6,1.7,1.6,1.69,-0.09,0.53,0.56,1.7
2023,501,Richie James,KC,WR,1,1,DET,100,100,37.1,8,57.1,1,7.1,0.75,0.13,4,4,2.8,6,5,6,6,1,100,2,2,0,0,0,0,0,0,0,0,0,0,91.7,1,14.3,0,0,1,100,0,0,0,0,0,0,0,0,0,0,12.5,-0.05,0.02,62.5,37.5,0,0,1.6,1.7,1.6,1.72,-0.12,0.2,0.21,1.7
2023,502,Mecole Hardman,NYJ,WR,1,2,DAL,60,100,26.1,3,37.5,1,12.5,2,0.33,5,5,6.8,6,13.3,6,6,1,100,1,1,0,0,0,0,0,0,0,0,0,0,91.7,1,20,0,0,1,100,0,0,0,0,0,0,0,0,0,0,33.3,-0.36,0.025,0,100,0,0,1.6,1.7,1.6,1.72,-0.12,0.53,0.57,1.7
2023,503,Donald Parham,LAC,TE,1,6,DAL,18.181818181818183,16.666666666666664,44.3,4,57.1,1,14.3,1.5,0.25,-3,-3,-3.8,6,7,6,6,1,100,9,9,0,0,0,0,0,0,0,0,0,0,91.7,0,0,0,0,1,100,0,0,0,0,0,0,0,0,0,0,25,0.13,-0.123,50,50,0,0,1.6,1.6,1.6,1.58,0.02,0.4,0.4,1.6
2023,504,DK Metcalf,SEA,WR,1,3,CAR,20,33.33333333333333,71.8,6,100,1,16.7,1,0.17,5,5,5.9,6,100,6,6,1,100,1,1,1,1,0,0,0,0,0,0,0,0,91.7,1,33.3,0,0,1,100,0,0,0,0,0,0,0,0,0,0,16.7,-0.36,0.075,83.3,16.7,0,0,1.6,1.8,1.6,1.76,-0.16,0.27,0.29,1.8
2023,505,Isaiah Hodgins,NYG,WR,1,4,SEA,14.814814814814813,25,37.8,4,36.4,1,9.1,1.5,0.25,6,6,14.3,6,9.8,6,6,1,100,0,0,0,0,0,0.01,0,0,0,0,0,0,91.7,1,11.1,0,0,1,100,0,0,0,0,0,0,0,0,0,0,20,-0.95,0.034,75,25,0,0,1.6,1.8,1.6,1.84,-0.24,0.4,0.46,1.8
2023,506,Colby Parkinson,SEA,TE,1,6,CIN,33.33333333333333,40,44.3,3,33.3,2,22.2,2,0.67,6,12,17.6,6,12.2,3,6,1,50,4,4,3,3,0,0.17,0,1,0,0,0,0,56.3,1,14.3,1,50,2,100,0,0,0,0,1,0,0,0,0,0,40,-4.07,-0.192,0,66.7,33.3,0,1.6,3.5,1.6,3.45,-1.85,0.53,1.15,3.5
2023,507,K.J. Osborn,MIN,WR,1,1,TB,17.02127659574468,21.428571428571427,90.5,8,100,3,37.5,0.75,0.38,10,30,53.6,6,12.8,2,6,1,33.3,-1,-1,-1,-1,0,0.12,0,2,1,0,0,0,2.8,2,33.3,0,0,2,66.7,0,0,0,0,1,0,0,0,0,0,37.5,-6.14,-1.814,25,75,0,0,1.6,2.6,1.6,2.62,-1.02,0.2,0.33,2.6
2023,508,Noah Gray,KC,TE,1,6,DEN,5.555555555555555,14.285714285714285,55.7,2,22.2,1,11.1,3,0.5,3,3,8.3,6,7.6,6,6,1,100,3,3,2,2,0,0.01,0,0,0,0,0,0,91.7,1,16.7,0,0,1,100,0,0,0,0,0,0,0,0,0,0,50,-0.32,0.226,0,50,50,0,1.6,1.8,1.6,1.76,-0.16,0.8,0.88,1.8
2023,509,Kyle Pitts,ATL,TE,1,2,GB,11.904761904761903,5.88235294117647,70.5,5,62.5,1,12.5,1.2,0.2,5,5,8.9,6,7.7,6,6,1,100,1,1,0,0,0,0,0,0,0,0,0,0,91.7,0,0,0,0,1,100,0,0,0,0,0,0,0,0,0,0,16.7,-0.48,0.455,80,20,0,0,1.6,1.8,1.6,1.75,-0.15,0.32,0.35,1.8
2023,510,David Bell,CLV,WR,1,6,SF,33.33333333333333,50,12.9,2,20,2,20,3,1,3.5,7,17.1,6,23.1,3,6,1,50,2,2,2,2,0,0.01,0,0,0,0,1,0.5,16.7,2,28.6,0,0,2,100,0,0,0,0,1,0,0,0,0,0,100,-2.75,-2.198,0,100,0,0,1.6,2.5,1.6,2.5,-0.9,0.8,1.25,2.5
2023,511,Kyle Philips,TEN,WR,1,6,BLT,37.5,66.66666666666666,45.7,3,42.9,2,28.6,2,0.67,7.5,15,17.9,6,9.2,3,6,1,50,1,1,0,0,0,0,0,0,0,0,0,0,56.3,1,25,0,0,1,50,0,0,0,0,0,0,0,0,0,0,50,-3.93,-0.681,0,100,0,0,1.6,1.8,1.6,1.76,-0.16,0.53,0.59,1.8
2023,512,Jahan Dotson,WAS,WR,1,3,BUF,18,10,94.1,9,100,1,11.1,0.67,0.11,6,6,10.3,6,12.2,6,6,1,100,0,0,0,0,0,0,0,0,0,0,0,0,91.7,0,0,0,0,1,100,0,0,0,0,0,0,0,0,0,0,11.1,-0.95,0.277,55.6,44.4,0,0,1.6,1.8,1.6,1.82,-0.22,0.18,0.2,1.8
2023,513,Chigoziem Okonkwo,TEN,TE,1,3,CLV,11.428571428571429,18.181818181818183,82.2,4,66.7,2,33.3,1.5,0.5,-1,-2,-8.3,6,13.6,3,6,1,50,11,11,2,2,0,0,0,0,0,0,0,0,56.3,1,20,1,50,2,100,0,0,1,50,0,0,0,0,0,0,33.3,-2.35,-0.954,0,75,25,0,1.6,3.1,1.6,3.14,-1.54,0.4,0.79,3.1
2023,514,Skyy Moore,KC,WR,1,3,CHI,22.22222222222222,28.57142857142857,64,10,62.5,2,12.5,0.6,0.2,9.5,19,15.1,6,4.2,3,6,1,50,2,2,0,0,0,0.24,0,1,0,0,1,0.1,56.3,2,15.4,0,0,1,50,0,0,0,0,0,0,0,0,1,1,20,-5.23,0.019,40,60,0,0,1.6,3.3,1.6,3.27,-1.67,0.16,0.33,3.3
2023,515,Cade Otton,TB,TE,1,1,MIN,17.5,14.285714285714285,97.1,7,87.5,1,12.5,0.86,0.14,4,4,11.8,6,30,6,6,1,100,2,2,1,1,0,0.01,0,1,0,0,0,0,91.7,0,0,0,0,1,100,0,0,0,0,0,0,0,0,0,0,14.3,-0.07,-0.512,28.6,57.1,14.3,0,1.6,1.6,1.6,1.58,0.02,0.23,0.23,1.6
2023,516,Cade Otton,TB,TE,1,4,NO,20,14.285714285714285,100,8,88.9,1,11.1,0.75,0.13,3,3,5.8,6,8.7,6,6,1,100,3,3,2,2,0,0,0,0,0,0,0,0,91.7,1,12.5,0,0,1,100,0,0,0,0,0,0,0,0,0,0,11.1,-0.32,-0.553,25,50,25,0,1.6,1.6,1.6,1.63,-0.03,0.2,0.2,1.6
2023,517,Will Mallory,IND,TE,1,2,HST,50,50,19.6,3,33.3,1,11.1,2,0.33,6,6,13.3,6,10.5,6,6,1,100,0,0,0,0,0,0.01,0,0,0,0,1,0.333,91.7,1,16.7,0,0,1,100,0,0,0,0,1,1,100,0,0,0,33.3,-1.09,0.761,0,33.3,66.7,0,1.6,1,1.6,1,0.6,0.53,0.33,1
2023,518,Charlie Jones,CIN,WR,1,3,LA,100,100,4.1,1,5.3,1,5.3,6,1,-1,-1,-1.1,6,4.9,6,6,1,100,7,7,2,2,0,0,0,0,0,0,1,1,91.7,0,0,0,0,1,100,0,0,0,0,0,0,0,0,0,0,100,-0.17,0.654,0,100,0,0,1.6,1.6,1.6,1.55,0.05,1.6,1.55,1.6
2023,519,Tyler Scott,CHI,WR,1,3,KC,16.666666666666664,66.66666666666666,19.6,2,40,2,40,3,1,7,14,53.8,6,18.2,3,6,1,50,6,6,5,5,0,0.04,0,2,1,0,0,0,56.3,2,50,0,0,1,50,0,0,0,0,0,0,0,0,1,1,100,-4.93,-0.302,0,100,0,0,1.6,1.6,1.6,1.64,-0.04,0.8,0.82,1.6
2023,520,Zay Flowers,BLT,WR,1,3,IND,10.16949152542373,6.666666666666667,93.1,6,100,1,16.7,1,0.17,3,3,8.3,6,18.2,6,6,1,100,3,3,1,1,0,0,0,0,0,0,0,0,91.7,1,20,0,0,1,100,0,0,0,0,0,0,0,0,0,0,16.7,0.55,0.702,83.3,16.7,0,0,1.6,1.7,1.6,1.69,-0.09,0.27,0.28,1.7
2023,521,Zay Flowers,BLT,WR,1,4,CLV,8.47457627118644,6.666666666666667,98.2,5,83.3,1,16.7,1.2,0.2,-2,-2,-8.3,6,15.4,6,6,1,100,8,8,2,2,0,0,0,0,0,0,1,0.2,91.7,1,25,1,100,1,100,0,0,0,0,0,0,0,0,0,0,16.7,0.5,0.274,40,60,0,0,1.6,1.6,1.6,1.63,-0.03,0.32,0.33,1.6
2023,522,Odell Beckham,BLT,WR,1,2,CIN,44.827586206896555,33.33333333333333,50,13,65,1,5,0.38,0.08,7,7,4,5,3.8,5,5,1,100,-2,-2,-1,-1,0,0,0,0,0,0,0,0,87.5,1,6.7,0,0,1,100,0,0,0,0,1,1,100,0,0,0,7.7,-2.06,0.084,92.3,7.7,0,0,1.5,0.9,1.5,0.95,0.55,0.12,0.07,0.9
2023,523,DeAndre Carter,LV,WR,1,1,DEN,25,33.33333333333333,16.4,1,50,1,50,5,1,-2,-2,-200,5,100,5,5,1,100,7,7,0,0,0,0,0,0,0,0,0,0,87.5,1,50,1,100,1,100,0,0,0,0,0,0,0,0,0,0,100,-0.5,-0.001,0,100,0,0,1.5,1.6,1.5,1.59,-0.09,1.5,1.59,1.6
2023,524,C.J. Uzomah,NYJ,TE,1,5,DEN,25,50,45.2,3,33.3,1,11.1,1.67,0.33,5,5,6.7,5,5.4,5,5,1,100,0,0,0,0,0,0.12,0,1,0,0,0,0,87.5,0,0,0,0,1,100,0,0,0,0,0,0,0,0,0,0,33.3,-1.48,-3.713,0,100,0,0,1.5,2.3,1.5,2.31,-0.81,0.5,0.77,2.3
2023,525,Ty Montgomery,NE,WR,1,5,NO,45.45454545454545,57.14285714285714,27.5,5,38.5,4,30.8,1,0.8,13.75,55,45.5,5,9.4,1.25,5,1,25,0,0,0,0,0,0,0,0,0,0,0,0,0,3,30,0,0,2,50,1,0,1,25,2,1,50,0,0,0,80,-8.06,-1.923,0,100,0,0,1.5,2.5,1.5,2.49,-0.99,0.3,0.5,2.5
2023,526,Kalif Raymond,DET,WR,1,6,TB,22.727272727272727,10,21.7,5,26.3,1,5.3,1,0.2,4,4,2.9,5,3,5,5,1,100,1,1,1,1,0,0.01,0,0,0,0,0,0,87.5,0,0,0,0,1,100,0,0,0,0,0,0,0,0,0,0,20,-1.05,0.189,40,60,0,0,1.5,1.8,1.5,1.76,-0.26,0.3,0.35,1.8
2023,527,Jamal Agnew,JAX,WR,1,2,KC,27.27272727272727,25,37.5,6,33.3,1,5.6,0.83,0.17,4,4,3.5,5,3.6,5,5,1,100,1,1,0,0,0,0,0,0,0,0,1,0.167,87.5,1,6.3,0,0,1,100,0,0,0,0,0,0,0,0,0,0,12.5,-1.05,1.243,50,50,0,0,1.5,1.7,1.5,1.72,-0.22,0.25,0.29,1.7
2023,528,JuJu Smith-Schuster,NE,WR,1,3,NYJ,20.833333333333336,22.22222222222222,72.5,5,41.7,2,16.7,1,0.4,8,16,10.4,5,10.2,2.5,5,1,50,1,1,1,1,0,0,0,0,0,0,1,0.2,56.3,2,18.2,0,0,1,50,0,0,0,0,0,0,0,0,0,0,40,-5.05,0.154,20,80,0,0,1.5,1.8,1.5,1.78,-0.28,0.3,0.36,1.8
2023,529,Evan Engram,JAX,TE,1,6,IND,14.516129032258066,13.636363636363635,74.2,9,100,3,33.3,0.56,0.33,-1.33,-4,-5.1,5,9.3,1.67,1.67,3,100,9,3,5,1.67,0,0.02,0,0,0,0,0,0,79.2,3,37.5,2,66.7,3,100,0,0,0,0,0,0,0,0,1,0.33,33.3,-4.51,-0.906,33.3,55.6,11.1,0,3.5,5,3.5,4.97,-1.47,0.39,0.55,5
2023,530,Gerald Everett,LAC,TE,1,2,TEN,12.5,16.666666666666664,41.5,3,30,1,10,1.67,0.33,4,4,3.2,5,9.8,5,5,1,100,1,1,2,2,0,0.1,0,1,0,0,0,0,87.5,0,0,0,0,1,100,0,0,0,0,0,0,0,0,0,0,33.3,-1.07,-0.187,33.3,66.7,0,0,1.5,2.2,1.5,2.23,-0.73,0.5,0.74,2.2
2023,531,Irv Smith,CIN,TE,1,6,SEA,31.25,25,62.3,10,58.8,1,5.9,0.5,0.1,4,4,6.1,5,4.3,5,5,1,100,1,1,1,1,0,0,0,0,0,0,0,0,87.5,1,7.7,0,0,1,100,0,0,0,0,0,0,0,0,0,0,8.3,-1.07,0.039,50,30,20,0,1.5,1.7,1.5,1.66,-0.16,0.15,0.17,1.7
2023,532,Olamide Zaccheaus,PHI,WR,1,6,NYJ,31.818181818181817,20,81.2,7,70,1,10,0.71,0.14,6,6,9.7,5,15.6,5,5,1,100,-1,-1,0,0,0,0,0,0,0,0,0,0,87.5,0,0,0,0,1,100,0,0,0,0,0,0,0,0,0,0,12.5,-1.95,0.145,42.9,57.1,0,0,1.5,1.9,1.5,1.86,-0.36,0.21,0.27,1.9
2023,533,Dawson Knox,BUF,TE,1,5,JAX,18.421052631578945,33.33333333333333,72.2,7,100,3,42.9,0.71,0.43,12.67,38,79.2,5,20.8,1.67,5,1,33.3,3,3,2,2,0,0,0,0,0,0,0,0,42.4,1,20,0,0,1,33.3,1,0,0,0,1,0,0,0,0,0,42.9,-8.49,-1.128,14.3,85.7,0,0,1.5,1.7,1.5,1.72,-0.22,0.21,0.25,1.7
2023,534,Brycen Hopkins,LA,TE,1,4,IND,25,100,9,1,9.1,1,9.1,5,1,1,1,1.4,5,8.2,5,5,1,100,4,4,2,2,0,0.03,0,1,0,0,0,0,87.5,1,12.5,0,0,1,100,0,0,0,0,0,0,0,0,0,0,100,-0.78,0.077,0,100,0,0,1.5,1.7,1.5,1.73,-0.23,1.5,1.73,1.7
2023,535,DeVonta Smith,PHI,WR,1,3,TB,20,9.090909090909092,98.7,9,90,1,10,0.56,0.11,-3,-3,-3.2,5,4.4,5,5,1,100,8,8,3,3,0,0.04,0,0,0,0,1,0.111,87.5,1,14.3,1,100,1,100,0,0,0,0,0,0,0,0,0,0,10,0.06,0.89,44.4,55.6,0,0,1.5,1.8,1.5,1.79,-0.29,0.17,0.2,1.8
2023,536,Chris Olave,NO,WR,1,5,NE,13.559322033898304,13.043478260869565,80,8,100,3,37.5,0.63,0.38,20.33,61,47.3,5,11.1,1.67,5,1,33.3,0,0,0,0,1,1.27,100,1,1,1,1,0.125,81.9,3,50,0,0,2,66.7,1,0,0,0,0,0,0,0,0,0,37.5,-9.17,-0.02,37.5,62.5,0,0,7.5,13.1,7.5,13.15,-5.65,0.94,1.64,13.1
2023,537,Khalil Shakir,BUF,WR,1,3,WAS,11.11111111111111,20,24.6,1,9.1,1,9.1,5,1,3,3,7.1,5,10,5,5,1,100,2,2,1,1,0,0,0,0,0,0,1,1,87.5,1,12.5,0,0,1,100,0,0,0,0,0,0,0,0,0,0,100,-0.45,1.12,0,100,0,0,1.5,1.6,1.5,1.6,-0.1,1.5,1.6,1.6
2023,538,Treylon Burks,TEN,WR,1,3,CLV,17.647058823529413,33.33333333333333,73.3,3,50,1,16.7,1.67,0.33,-1,-1,-4.2,5,11.4,5,5,1,100,6,6,2,2,0,0,0,0,0,0,0,0,87.5,1,20,0,0,1,100,0,0,0,0,0,0,0,0,0,0,25,-1.17,0.028,66.7,33.3,0,0,1.5,1.6,1.5,1.57,-0.07,0.5,0.52,1.6
2023,539,Velus Jones,CHI,WR,1,6,MIN,100,100,10.8,2,28.6,1,14.3,2.5,0.5,5,5,10.2,5,5.6,5,5,1,100,0,0,0,0,0,0,0,0,0,0,0,0,87.5,1,14.3,0,0,1,100,0,0,0,0,0,0,0,0,0,0,50,-1.36,0.109,50,50,0,0,1.5,1.7,1.5,1.72,-0.22,0.75,0.86,1.7
2023,540,Kavontae Turpin,DAL,WR,1,4,NE,25,25,29,2,28.6,1,14.3,2.5,0.5,3,3,5.6,5,9.3,5,5,1,100,2,2,0,0,0,0.38,0,1,0,0,1,0.5,87.5,1,25,0,0,1,100,0,0,0,0,0,0,0,0,0,0,50,-0.45,1.64,0,100,0,0,1.5,3.9,1.5,3.91,-2.41,0.75,1.95,3.9
2023,541,Dalton Kincaid,BUF,TE,1,5,JAX,14.705882352941178,8.333333333333332,53.7,5,71.4,1,14.3,1,0.2,1,1,2.1,5,20.8,5,5,1,100,4,4,1,1,0,0,0,0,0,0,0,0,87.5,1,20,0,0,1,100,0,0,0,0,0,0,0,0,0,0,20,-0.78,-0.502,0,80,20,0,1.5,1.6,1.5,1.62,-0.12,0.3,0.32,1.6
2023,542,Tyler Scott,CHI,WR,1,1,GB,16.666666666666664,33.33333333333333,17.1,2,16.7,1,8.3,2.5,0.5,0,0,0,5,4.6,5,5,1,100,5,5,2,2,0,0,0,0,0,0,0,0,87.5,0,0,0,0,1,100,0,0,0,0,0,0,0,0,0,0,33.3,-1.04,0.122,50,50,0,0,1.5,1.6,1.5,1.62,-0.12,0.75,0.81,1.6
2023,543,Trey Palmer,TB,WR,1,4,NO,25,9.090909090909092,74.6,8,88.9,1,11.1,0.63,0.13,4,4,7.7,5,7.2,5,5,1,100,1,1,1,1,0,0,0,0,0,0,0,0,87.5,1,12.5,0,0,1,100,0,0,0,0,0,0,0,0,0,0,12.5,-1.05,0.324,50,50,0,0,1.5,1.7,1.5,1.72,-0.22,0.19,0.21,1.7
2023,544,Sterling Shepard,NYG,WR,1,2,ARZ,25,50,14.9,2,15.4,1,7.7,2,0.5,4,4,4.7,4,4.5,4,4,1,100,0,0,0,0,0,0.04,0,1,0,0,1,0.5,83.3,1,8.3,0,0,1,100,0,0,0,0,0,0,0,0,0,0,33.3,-2.05,0.118,50,50,0,0,1.4,1.7,1.4,1.73,-0.33,0.7,0.86,1.7
2023,545,JuJu Smith-Schuster,NE,WR,1,5,NO,8.333333333333332,22.22222222222222,49,2,15.4,2,15.4,2,1,1,2,1.7,4,7.5,2,2,2,100,2,1,0,0,0,0,0,0,0,0,0,0,79.2,0,0,0,0,2,100,0,0,0,0,1,1,100,0,0,0,66.7,-3.12,-0.572,0,100,0,0,2.4,2.4,2.4,2.45,-0.05,1.2,1.22,2.4
2023,546,Chris Godwin,TB,WR,1,1,MIN,20,22.22222222222222,85.3,8,100,2,25,0.5,0.25,-2.5,-5,-14.7,4,20,2,4,1,50,6,6,1,1,0,0.08,0,1,0,0,0,0,56.3,2,100,1,50,2,100,0,0,0,0,0,0,0,0,0,0,25,-3.22,-0.439,50,50,0,0,1.4,3.2,1.4,3.19,-1.79,0.17,0.4,3.2
2023,547,Durham Smythe,MIA,TE,1,4,BUF,24.444444444444443,20,86.2,11,73.3,1,6.7,0.36,0.09,-2,-2,-2.6,4,3.9,4,4,1,100,6,6,0,0,0,0,0,0,0,0,0,0,83.3,0,0,0,0,1,100,0,0,0,0,0,0,0,0,0,0,7.7,-0.85,-0.711,18.2,63.6,18.2,0,1.4,1.7,1.4,1.66,-0.26,0.13,0.15,1.7
2023,548,Hayden Hurst,CAR,TE,1,5,DET,23.684210526315788,14.285714285714285,58.5,9,75,1,8.3,0.44,0.11,4,4,4.8,4,4.1,4,4,1,100,0,0,0,0,0,0.01,0,0,0,0,0,0,83.3,1,12.5,0,0,1,100,0,0,0,0,0,0,0,0,0,0,11.1,-2.07,-0.112,0,88.9,11.1,0,1.4,1.6,1.4,1.63,-0.23,0.16,0.18,1.6
2023,549,Lil'Jordan Humphrey,DEN,WR,1,2,WAS,44.44444444444444,50,30.6,4,57.1,2,28.6,1,0.5,11,22,29.7,4,8.5,2,4,1,50,0,0,0,0,0,0.08,0,1,0,0,0,0,56.3,1,25,0,0,1,50,0,0,0,0,0,0,0,0,0,0,50,-6.47,-0.298,25,75,0,0,1.4,2,1.4,2,-0.6,0.35,0.5,2
2023,550,Dawson Knox,BUF,TE,1,1,NYJ,18.421052631578945,11.11111111111111,83.8,7,70,1,10,0.57,0.14,1,1,0.7,4,8.3,4,4,1,100,3,3,1,1,0,0,0,0,0,0,0,0,83.3,1,14.3,1,100,1,100,0,0,0,0,0,0,0,0,0,0,14.3,-1.78,-0.418,14.3,71.4,14.3,0,1.4,1.6,1.4,1.62,-0.22,0.2,0.23,1.6
2023,551,Quez Watkins,PHI,WR,1,5,LA,43.75,60,65.4,7,58.3,3,25,0.57,0.43,2.33,7,9,4,3.1,1.33,2,2,66.7,12,6,2,1,0,0.03,0,1,0,0,0,0,70.1,3,30,2,66.7,2,66.7,0,0,0,0,0,0,0,0,0,0,33.3,-5.17,-1.049,0,100,0,0,2.4,3,2.4,3,-0.6,0.34,0.43,3
2023,552,Brevin Jordan,HST,TE,1,3,JAX,20,33.33333333333333,17.9,2,28.6,1,14.3,2,0.5,8,8,15.7,4,9.5,4,4,1,100,0,0,0,0,1,0.95,100,1,1,1,1,0.5,122.9,1,25,0,0,1,100,0,0,0,0,0,0,0,0,0,0,50,-3.72,2.196,50,50,0,0,7.4,7.1,7.4,7.08,0.32,3.7,3.54,7.1
2023,553,Kadarius Toney,KC,WR,1,6,DEN,14.285714285714285,20,41.4,3,33.3,2,22.2,1.33,0.67,-1.5,-3,-8.3,4,5.1,2,2,2,100,7,3.5,3,1.5,1,0.92,100,1,0,0,1,0.333,118.8,2,33.3,1,50,2,100,0,0,0,0,0,0,0,0,0,0,50,-2.8,1.104,33.3,66.7,0,0,8.4,8.3,8.4,8.29,0.11,2.8,2.76,8.3
2023,554,Josh Palmer,LAC,WR,1,1,MIA,15.151515151515152,20,67.1,5,55.6,1,11.1,0.8,0.2,4,4,6.3,4,4.6,4,4,1,100,0,0,0,0,0,0,0,0,0,0,0,0,83.3,1,14.3,0,0,1,100,0,0,0,0,0,0,0,0,0,0,14.3,-2.05,-0.258,80,20,0,0,1.4,1.7,1.4,1.67,-0.27,0.28,0.33,1.7
2023,555,Drake London,ATL,WR,1,2,GB,8.333333333333332,12.5,82.1,4,50,1,12.5,1,0.25,4,4,7.1,4,5.1,4,4,1,100,0,0,0,0,0,0.09,0,1,0,0,0,0,83.3,1,16.7,0,0,1,100,0,0,0,0,0,0,0,0,0,0,25,-2.05,-0.976,75,25,0,0,1.4,2,1.4,2.01,-0.61,0.35,0.5,2
2023,556,Chris Olave,NO,WR,1,4,TB,15.254237288135593,17.391304347826086,80.3,9,64.3,4,28.6,0.44,0.44,30,120,67,4,5.6,1,4,1,25,7,7,0,0,0,0.32,0,0,1,0,0,0,39.6,4,36.4,1,25,2,50,3,0,0,0,1,0,0,0,0,0,40,-10.67,-0.755,33.3,66.7,0,0,1.4,5.8,1.4,5.83,-4.43,0.16,0.65,5.8
2023,557,Jameson Williams,DET,WR,1,5,CAR,66.66666666666666,66.66666666666666,46.7,2,40,2,40,2,1,2,4,22.2,4,8.3,2,4,1,50,7,7,3,3,0,0.01,0,0,0,0,0,0,56.3,1,25,1,50,2,100,0,0,1,50,0,0,0,0,0,0,100,-4,-0.778,0,100,0,0,1.4,3.6,1.4,3.65,-2.25,0.7,1.82,3.6
2023,558,Treylon Burks,TEN,WR,1,1,NO,70.58823529411765,66.66666666666666,91.5,12,85.7,2,14.3,0.33,0.17,5,10,7.6,4,4.6,2,4,1,50,6,6,1,1,0,0,0,0,0,0,0,0,56.3,2,16.7,1,50,2,100,0,0,1,50,0,0,0,0,0,0,16.7,-5.27,-0.486,66.7,33.3,0,0,1.4,3.9,1.4,3.94,-2.54,0.12,0.33,3.9
2023,559,Skyy Moore,KC,WR,1,5,MIN,24.444444444444443,14.285714285714285,56.3,11,57.9,1,5.3,0.36,0.09,-2,-2,-1.5,4,2.3,4,4,1,100,6,6,2,2,0,0,0,0,0,0,0,0,83.3,1,6.7,1,100,1,100,0,0,0,0,0,0,0,0,1,1,8.3,-1.5,-0.133,81.8,18.2,0,0,1.4,1.6,1.4,1.57,-0.17,0.13,0.14,1.6
2023,560,Xavier Gipson,NYJ,WR,1,4,KC,66.66666666666666,100,19.3,2,13.3,1,6.7,2,0.5,-1,-1,-1,4,4.8,4,4,1,100,5,5,1,1,0,0,0,0,0,0,0,0,83.3,0,0,0,0,1,100,0,0,0,0,0,0,0,0,0,0,50,-2.17,-0.477,50,50,0,0,1.4,1.6,1.4,1.57,-0.17,0.7,0.79,1.6
2023,561,Tank Dell,HST,WR,1,2,IND,30.303030303030305,25,78.5,10,76.9,2,15.4,0.4,0.2,4,8,4.5,4,2.9,2,4,1,50,1,1,0,0,0,0,0,0,0,0,0,0,56.3,1,10,0,0,1,50,0,0,0,0,0,0,0,0,0,0,20,-3.91,-1.128,70,30,0,0,1.4,1.7,1.4,1.66,-0.26,0.14,0.17,1.7
2023,562,Jonathan Mingo,CAR,WR,1,3,SEA,12.195121951219512,22.22222222222222,33.3,5,23.8,2,9.5,0.8,0.4,7.5,15,7,4,2,2,4,1,50,2,2,1,1,0,0,0,0,0,0,0,0,56.3,2,16.7,0,0,1,50,0,0,0,0,0,0,0,0,0,0,33.3,-5.12,-0.629,40,60,0,0,1.4,1.7,1.4,1.66,-0.26,0.28,0.33,1.7
2023,563,Stefon Diggs,BUF,WR,1,5,JAX,12.962962962962962,7.142857142857142,87,7,100,1,14.3,0.43,0.14,3,3,6.3,3,12.5,3,3,1,100,0,0,0,0,0,0,0,0,0,0,0,0,79.2,1,20,0,0,1,100,0,0,0,0,0,0,0,0,0,0,14.3,-2.45,-0.348,85.7,14.3,0,0,1.3,1.7,1.3,1.68,-0.38,0.19,0.24,1.7
2023,564,Tyler Higbee,LA,TE,1,2,SF,21.428571428571427,27.27272727272727,93.6,12,85.7,3,21.4,0.25,0.25,5,15,10.3,3,5.2,1,3,1,33.3,2,2,1,1,0,0,0,0,0,0,0,0,42.4,3,25,0,0,2,66.7,0,0,1,33.3,0,0,0,0,0,0,23.1,-5.51,-0.358,25,41.7,33.3,0,1.3,3.7,1.3,3.72,-2.42,0.11,0.31,3.7
2023,565,Mike Williams,LAC,WR,1,1,MIA,21.428571428571427,40,76.3,6,66.7,2,22.2,0.5,0.33,7.5,15,23.8,3,3.4,1.5,3,1,50,4,4,2,2,0,0,0,1,1,0,0,0,56.3,2,28.6,1,50,1,50,0,0,0,0,0,0,0,0,0,0,28.6,-6.63,-0.931,50,50,0,0,1.3,1.6,1.3,1.58,-0.28,0.22,0.26,1.6
2023,566,Courtland Sutton,DEN,WR,1,1,LV,11.76470588235294,12.5,86.2,4,100,1,25,0.75,0.25,3,3,11.1,3,13,3,3,1,100,0,0,0,0,0,0.01,0,0,0,0,0,0,79.2,1,33.3,0,0,1,100,0,0,0,0,0,0,0,0,0,0,25,-2.45,-0.089,50,50,0,0,1.3,1.7,1.3,1.66,-0.36,0.33,0.42,1.7
2023,567,Deonte Harty,BUF,WR,1,6,NYG,18.75,16.666666666666664,15.3,3,27.3,1,9.1,1,0.33,-8,-8,-19.5,3,7.9,3,3,1,100,11,11,0,0,1,0.15,100,1,0,0,1,0.333,118.8,1,12.5,0,0,1,100,0,0,0,0,0,0,0,0,0,0,33.3,0.46,2.152,66.7,33.3,0,0,7.3,1.7,7.3,1.74,5.56,2.43,0.58,1.7
2023,568,Donald Parham,LAC,TE,1,3,MIN,22.727272727272727,16.666666666666664,51.6,5,23.8,1,4.8,0.6,0.2,1,1,3.4,3,2.5,3,3,1,100,2,2,0,0,1,0.97,100,1,0,0,1,0.2,118.8,1,5.9,0,0,1,100,0,0,0,0,0,0,0,0,0,0,16.7,-2.78,0.829,0,40,60,0,7.3,7.1,7.3,7.14,0.16,1.46,1.43,7.1
2023,569,Marquise Brown,ARZ,WR,1,6,LA,18.867924528301888,9.090909090909092,89,10,76.9,1,7.7,0.3,0.1,4,4,3.3,3,3.2,3,3,1,100,-1,-1,0,0,0,0.01,0,1,0,0,0,0,79.2,0,0,0,0,1,100,0,0,0,0,0,0,0,0,0,0,9.1,-3.05,-0.868,80,20,0,0,1.3,1.7,1.3,1.67,-0.37,0.13,0.17,1.7
2023,570,Ben Skowronek,LA,WR,1,3,CIN,60,100,23.1,3,30,1,10,1,0.33,-2,-2,-1.6,3,4.8,3,3,1,100,5,5,1,1,0,0,0,0,0,0,0,0,79.2,1,12.5,1,100,1,100,0,0,0,0,0,0,0,0,0,0,33.3,-2.5,-0.5,0,100,0,0,1.3,1.6,1.3,1.6,-0.3,0.43,0.53,1.6
2023,571,Josh Palmer,LAC,WR,1,3,MIN,30.303030303030305,20,60.9,10,47.6,1,4.8,0.3,0.1,-6,-6,-20.7,3,2.5,3,3,1,100,9,9,1,1,0,0,0,0,0,0,0,0,79.2,1,5.9,1,100,1,100,0,0,0,0,0,0,0,0,0,0,6.7,-0.74,-0.166,80,20,0,0,1.3,1.5,1.3,1.52,-0.22,0.13,0.15,1.5
2023,572,Drake London,ATL,WR,1,3,DET,22.916666666666664,25,92.3,11,91.7,2,16.7,0.27,0.18,4,8,11.3,3,4.1,1.5,3,1,50,0,0,0,0,0,0.02,0,1,0,0,0,0,56.3,2,22.2,0,0,1,50,0,0,0,0,1,1,100,0,0,0,18.2,-4.41,-0.509,63.6,36.4,0,0,1.3,0.8,1.3,0.76,0.54,0.12,0.07,0.8
2023,573,Derius Davis,LAC,WR,1,3,MIN,50,50,9.4,2,9.5,1,4.8,1.5,0.5,-5,-5,-17.2,3,2.5,3,3,1,100,8,8,1,1,0,0,0,0,0,0,0,0,79.2,0,0,0,0,1,100,0,0,0,0,0,0,0,0,1,1,50,-1.16,-0.549,50,50,0,0,1.3,1.6,1.3,1.56,-0.26,0.65,0.78,1.6
2023,574,Jake Bobo,SEA,WR,1,2,DET,20,50,25.4,2,18.2,1,9.1,1.5,0.5,3,3,6,3,3.6,3,3,1,100,0,0,0,0,0,0,0,0,0,0,0,0,79.2,0,0,0,0,1,100,0,0,0,0,0,0,0,0,0,0,50,-2.45,-0.1,0,100,0,0,1.3,1.7,1.3,1.68,-0.38,0.65,0.84,1.7
2023,575,Brenton Strange,JAX,TE,1,3,HST,20,50,26.1,1,6.7,1,6.7,3,1,2,2,1.6,3,2.6,3,3,1,100,1,1,1,1,0,0,0,0,0,0,0,0,79.2,1,7.7,0,0,1,100,0,0,0,0,0,0,0,0,0,0,100,-3.37,0.008,0,100,0,0,1.3,1.6,1.3,1.61,-0.31,1.3,1.61,1.6
2023,576,Logan Thomas,WAS,TE,1,6,ATL,10,6.666666666666667,80,4,80,1,20,0.5,0.25,2,2,4.3,2,5.4,2,2,1,100,0,0,0,0,0,0,0,0,0,0,0,0,79.2,1,20,0,0,1,100,0,0,0,0,0,0,0,0,0,0,20,-4.37,-0.384,50,50,0,0,1.2,1.6,1.2,1.63,-0.43,0.3,0.41,1.6
2023,577,Stefon Diggs,BUF,WR,1,2,LV,20.37037037037037,7.142857142857142,87.8,11,91.7,1,8.3,0.18,0.09,3,3,6.7,2,3.6,2,2,1,100,-1,-1,-1,-1,0,0.06,0,1,0,0,0,0,79.2,0,0,0,0,1,100,0,0,0,0,0,0,0,0,0,0,8.3,-3.45,-0.701,63.6,36.4,0,0,1.2,1.7,1.2,1.71,-0.51,0.11,0.16,1.7
2023,578,Kendrick Bourne,NE,WR,1,3,NYJ,18.333333333333332,9.090909090909092,58,11,91.7,1,8.3,0.18,0.09,2,2,1.3,2,4.1,2,2,1,100,0,0,1,1,0,0.01,0,0,0,0,0,0,79.2,0,0,0,0,1,100,0,0,0,0,0,0,0,0,0,0,9.1,-3.33,-0.116,81.8,18.2,0,0,1.2,1.7,1.2,1.72,-0.52,0.11,0.16,1.7
2023,579,Darius Slayton,NYG,WR,1,1,DAL,8.16326530612245,16.666666666666664,69.2,4,66.7,1,16.7,0.5,0.25,-4,-4,-30.8,2,22.2,2,2,1,100,6,6,2,2,0,0,0,0,0,0,0,0,79.2,0,0,0,0,1,100,0,0,0,0,0,0,0,0,0,0,25,-2.49,-0.762,50,50,0,0,1.2,1.6,1.2,1.59,-0.39,0.3,0.4,1.6
2023,580,Parris Campbell,NYG,WR,1,1,DAL,14.285714285714285,16.666666666666664,64.6,4,66.7,3,50,0.5,0.75,3.33,10,76.9,2,22.2,0.67,2,1,33.3,1,1,1,1,0,0,0,0,0,0,0,0,42.4,3,60,0,0,2,66.7,0,0,1,33.3,1,1,100,0,0,0,75,-5.17,-0.921,25,75,0,0,1.2,2.7,1.2,2.68,-1.48,0.3,0.67,2.7
2023,581,A.J. Brown,PHI,WR,1,1,NE,16.27906976744186,10,90.2,7,87.5,1,12.5,0.29,0.14,2,2,6.3,2,6.1,2,2,1,100,0,0,0,0,0,0,0,0,0,0,0,0,79.2,1,25,0,0,1,100,0,0,0,0,0,0,0,0,0,0,14.3,-3.33,-1.159,71.4,28.6,0,0,1.2,1.8,1.2,1.82,-0.62,0.17,0.26,1.8
2023,582,Gabe Davis,BUF,WR,1,2,LV,22,20,75.7,11,91.7,1,8.3,0.18,0.09,6,6,13.3,2,3.6,2,2,1,100,0,0,0,0,1,0.9,50,1,1,1,1,0.091,118.8,0,0,0,0,1,100,0,0,0,0,1,1,100,0,0,0,9.1,-4.95,3.761,90.9,9.1,0,0,7.2,6.5,7.2,6.48,0.72,0.65,0.59,6.5
2023,583,Cole Kmet,CHI,TE,1,6,MIN,14.285714285714285,8.333333333333332,95.4,4,57.1,1,14.3,0.5,0.25,2,2,4.1,2,2.2,2,2,1,100,0,0,1,1,0,0,0,0,0,0,1,0.25,79.2,1,14.3,0,0,1,100,0,0,0,0,0,0,0,0,0,0,14.3,-4.37,0.711,25,25,50,0,1.2,1.7,1.2,1.69,-0.49,0.3,0.42,1.7
2023,584,Jaylen Waddle,MIA,WR,1,5,NYG,11.428571428571429,30,81.5,4,36.4,3,27.3,0.5,0.75,7.67,23,164.3,2,1.5,0.67,2,1,33.3,0,0,0,0,1,1.92,100,3,3,1,1,0.25,42.4,2,20,0,0,3,100,0,0,0,0,2,0,0,0,0,0,33.3,-6.64,-3.813,25,75,0,0,7.2,14.6,7.2,14.58,-7.38,1.8,3.64,14.6
2023,585,Deven Thompkins,TB,WR,1,1,MIN,22.22222222222222,25,26.5,4,50,2,25,0.5,0.5,11,22,64.7,2,10,1,2,1,50,0,0,0,0,0,0.01,0,0,0,0,0,0,56.3,0,0,0,0,1,50,1,0,0,0,0,0,0,0,0,0,50,-7.1,-0.523,25,75,0,0,1.2,1.6,1.2,1.6,-0.4,0.3,0.4,1.6
2023,586,Jaxon Smith-Njigba,SEA,WR,1,4,NYG,18.75,33.33333333333333,52.9,6,85.7,5,71.4,0.33,0.83,4.4,22,100,2,10.5,0.4,1,2,40,13,6.5,3,1.5,0,0.01,0,0,0,0,0,0,47.9,4,80,2,40,3,60,0,0,0,0,0,0,0,0,0,0,71.4,-6.71,-0.596,16.7,83.3,0,0,2.2,5.9,2.2,5.92,-3.72,0.37,0.99,5.9
2023,587,Antoine Green,DET,WR,1,2,SEA,50,100,10.9,2,15.4,1,7.7,1,0.5,2,2,1.9,2,1.6,2,2,1,100,0,0,0,0,0,0,0,0,0,0,0,0,79.2,1,14.3,0,0,1,100,0,0,0,0,0,0,0,0,0,0,50,-3.33,-0.635,50,50,0,0,1.2,1.6,1.2,1.63,-0.43,0.6,0.81,1.6
2023,588,Zach Ertz,ARZ,TE,1,3,DAL,9.523809523809524,5,60.4,4,57.1,1,14.3,0.25,0.25,1,1,1.2,1,1.2,1,1,1,100,0,0,0,0,0,0,0,0,0,0,0,0,79.2,1,14.3,0,0,1,100,0,0,0,0,0,0,0,0,0,0,25,-4.78,-1.894,0,75,25,0,1.1,1.5,1.1,1.52,-0.42,0.28,0.38,1.5
2023,589,Keith Kirkwood,NO,WR,1,5,NE,20,100,24.3,1,12.5,1,12.5,1,1,1,1,0.8,1,2.2,1,1,1,100,0,0,0,0,0,0.02,0,0,0,0,0,0,79.2,1,16.7,0,0,1,100,0,0,0,0,0,0,0,0,0,0,100,-4.12,-0.366,0,100,0,0,1.1,1.8,1.1,1.83,-0.73,1.1,1.83,1.8
2023,590,Marquise Brown,ARZ,WR,1,2,NYG,16.9811320754717,18.181818181818183,93.3,9,100,2,22.2,0.11,0.22,1.5,3,3.1,1,1.4,0.5,1,1,50,4,4,2,2,0,0,0,0,0,0,0,0,56.3,2,40,1,50,1,50,0,0,0,0,0,0,0,0,0,0,22.2,-5.44,-0.871,55.6,44.4,0,0,1.1,1.7,1.1,1.66,-0.56,0.12,0.18,1.7
2023,591,Jerry Jeudy,DEN,WR,1,6,KC,18.181818181818183,21.052631578947366,65.3,6,100,4,66.7,0.17,0.67,4.25,17,41.5,1,100,0.25,0.5,2,50,7,3.5,3,1.5,0,0,0,0,0,0,0,0,16.7,4,66.7,2,50,2,50,0,0,0,0,0,0,0,0,0,0,66.7,-6.87,-1.722,16.7,83.3,0,0,2.1,3.1,2.1,3.14,-1.04,0.35,0.52,3.1
2023,592,Rondale Moore,ARZ,WR,1,1,WAS,9.090909090909092,6.25,69,4,57.1,1,14.3,0.25,0.25,-4,-4,-13.3,1,4.5,1,1,1,100,5,5,2,2,0,0.04,0,1,0,0,0,0,79.2,1,25,1,100,1,100,0,0,0,0,0,0,0,0,0,0,25,-3.49,-0.507,50,50,0,0,1.1,1.7,1.1,1.7,-0.6,0.28,0.43,1.7
2023,593,Rondale Moore,ARZ,WR,1,3,DAL,11.363636363636363,18.75,52.8,5,71.4,3,42.9,0.2,0.6,8.67,26,32.1,1,1.2,0.33,0.5,2,66.7,2,1,1,0.5,0,0.01,0,0,0,0,1,0.2,70.1,3,42.9,1,33.3,2,66.7,1,0,0,0,0,0,0,0,0,0,60,-6.8,-0.451,40,60,0,0,2.1,3.3,2.1,3.3,-1.2,0.42,0.66,3.3
2023,594,Jake Ferguson,DAL,TE,1,2,NYJ,10.344827586206897,8.333333333333332,57.8,3,23.1,1,7.7,0.33,0.33,-3,-3,-5.5,1,1,1,1,1,100,4,4,2,2,0,0.13,0,1,0,0,0,0,79.2,1,12.5,1,100,1,100,0,0,0,0,0,0,0,0,0,0,20,-4.87,-0.593,33.3,33.3,33.3,0,1.1,2.3,1.1,2.3,-1.2,0.37,0.77,2.3
2023,595,Christian Watson,GB,WR,1,4,DET,35.714285714285715,50,45.3,5,41.7,2,16.7,0.2,0.4,3.5,7,5.4,1,1,0.5,1,1,50,0,0,0,0,1,0.91,100,1,1,1,1,0.2,95.8,2,18.2,0,0,2,100,0,0,0,0,1,0,0,0,0,0,40,-5.35,-0.313,40,60,0,0,7.1,7.3,7.1,7.25,-0.15,1.42,1.45,7.3
2023,596,Marcedes Lewis,CHI,TE,1,4,DEN,100,0,30,1,16.7,0,0,0,0,,0,0,0,0,,,0,,0,,0,,0,0,0,0,0,0,0,0,,0,0,0,,0,,0,,0,,0,0,,0,0,,0,,,0,0,100,0,0,0,0,0,0,0,0,0
2023,597,Jimmy Graham,NO,TE,1,3,GB,15.384615384615385,0,28.3,2,25,0,0,0,0,,0,0,0,0,,,0,,0,,0,,0,0,0,0,0,0,0,0,,0,0,0,,0,,0,,0,,0,0,,0,0,,0,,,100,0,0,0,0,0,0,0,0,0,0,0
2023,598,Jimmy Graham,NO,TE,1,4,TB,46.15384615384615,0,62.3,6,42.9,0,0,0,0,,0,0,0,0,,,0,,0,,0,,0,0,0,0,0,0,0,0,,0,0,0,,0,,0,,0,,0,0,,0,0,,0,,,0,83.3,16.7,0,0,0,0,0,0,0,0,0
2023,599,Jimmy Graham,NO,TE,1,5,NE,15.384615384615385,100,37.1,2,25,1,12.5,0,0.5,6,6,4.7,0,0,0,0,0,0,0,0,0,0,0,0,0,0,0,0,0,0,39.6,1,16.7,0,0,1,100,0,0,0,0,0,0,0,0,0,0,50,-7.09,-1.904,50,50,0,0,0,1.8,0,1.84,-1.84,0,0.92,1.8
2023,600,Jimmy Graham,NO,TE,1,6,HST,23.076923076923077,0,17.9,3,15.8,0,0,0,0,,0,0,0,0,,,0,,0,,0,,0,0,0,0,0,0,0,0,,0,0,0,,0,,0,,0,,0,0,,0,0,,0,,,66.7,33.3,0,0,0,0,0,0,0,0,0,0
2023,601,Randall Cobb,NYJ,WR,1,1,BUF,8.571428571428571,10,41.5,3,60,1,20,0,0.33,13,13,43.3,0,0,0,0,0,0,0,0,0,0,0,0,0,0,0,0,0,0,0,1,25,0,0,0,0,0,0,0,0,0,0,0,0,0,0,33.3,-8.91,-3.924,33.3,66.7,0,0,0,0,0,0.01,-0.01,0,0,0
2023,602,Randall Cobb,NYJ,WR,1,2,DAL,8.571428571428571,10,50,3,37.5,1,12.5,0,0.33,11,11,15.1,0,0,0,0,0,0,0,0,0,0,0,0,0,0,0,0,0,0,39.6,1,20,0,0,0,0,0,0,0,0,0,0,0,0,0,0,25,-8.32,-1.523,0,100,0,0,0,0,0,0.01,-0.01,0,0,0
2023,603,Randall Cobb,NYJ,WR,1,5,DEN,20,0,35.5,7,77.8,0,0,0,0,,0,0,0,0,,,0,,0,,0,,0,0,0,0,0,0,0,0,,0,0,0,,0,,0,,0,,0,0,,0,0,,0,,,71.4,28.6,0,0,0,0,0,0,0,0,0,0
2023,604,Randall Cobb,NYJ,WR,1,6,PHI,14.285714285714285,20,54.2,5,83.3,2,33.3,0,0.4,10,20,33.9,0,0,0,0,0,0,0,0,0,0,0,0.05,0,0,0,0,0,0,39.6,0,0,0,0,1,50,0,0,1,50,0,0,0,0,0,0,33.3,-8.38,-0.36,40,60,0,0,0,2,0,1.97,-1.97,0,0.39,2
2023,605,Marvin Jones,DET,WR,1,1,KC,5.88235294117647,0,54.3,1,20,0,0,0,0,,0,0,0,0,,,0,,0,,0,,0,0,0,0,0,0,0,0,,0,0,0,,0,,0,,0,,0,0,,0,0,,0,,,100,0,0,0,0,0,0,0,0,0,0,0
2023,606,Marvin Jones,DET,WR,1,2,SEA,29.411764705882355,0,50,5,38.5,0,0,0,0,,0,0,0,0,,,0,,0,,0,,0,0,0,0,0,0,0,0,,0,0,0,,0,,0,,0,,0,0,,0,0,,0,,,80,20,0,0,0,0,0,0,0,0,0,0
2023,607,Marvin Jones,DET,WR,1,3,ATL,23.52941176470588,0,39.1,4,36.4,0,0,0,0,,0,0,0,0,,,0,,0,,0,,0,0,0,0,0,0,0,0,,0,0,0,,0,,0,,0,,0,0,,0,0,,0,,,100,0,0,0,0,0,0,0,0,0,0,0
2023,608,Marvin Jones,DET,WR,1,4,GB,5.88235294117647,0,27.4,1,16.7,0,0,0,0,,0,0,0,0,,,0,,0,,0,,0,0,0,0,0,0,0,0,,0,0,0,,0,,0,,0,,0,0,,0,0,,0,,,100,0,0,0,0,0,0,0,0,0,0,0
2023,609,Marvin Jones,DET,WR,1,5,CAR,11.76470588235294,0,58.3,2,40,0,0,0,0,,0,0,0,0,,,0,,0,,0,,0,0,0,0,0,0,0,0,,0,0,0,,0,,0,,0,,0,0,,0,0,,0,,,100,0,0,0,0,0,0,0,0,0,0,0
2023,610,Marvin Jones,DET,WR,1,6,TB,23.52941176470588,0,27.5,4,21.1,0,0,0,0,,0,0,0,0,,,0,,0,,0,,0,0,0,0,0,0,0,0,,0,0,0,,0,,0,,0,,0,0,,0,0,,0,,,100,0,0,0,0,0,0,0,0,0,0,0
2023,611,Marquise Goodwin,CLV,WR,1,1,CIN,33.33333333333333,0,13.9,2,22.2,0,0,0,0,,0,0,0,0,,,0,,0,,0,,0,0,0,0,0,0,0,0,,0,0,0,,0,,0,,0,,0,0,,0,0,,0,,,100,0,0,0,0,0,0,0,0,0,0,0
2023,612,Marquise Goodwin,CLV,WR,1,2,PIT,16.666666666666664,0,16,1,10,0,0,0,0,,0,0,0,0,,,0,,0,,0,,0,0,0,0,0,0,0,0,,0,0,0,,0,,0,,0,,0,0,,0,0,,0,,,100,0,0,0,0,0,0,0,0,0,0,0
2023,613,Marquise Goodwin,CLV,WR,1,3,TEN,16.666666666666664,0,7.5,1,16.7,0,0,0,0,,0,0,0,0,,,0,,0,,0,,0,0,0,0,0,0,0,0,,0,0,0,,0,,0,,0,,0,0,,0,0,,0,,,100,0,0,0,0,0,0,0,0,0,0,0
2023,614,Marquise Goodwin,CLV,WR,1,4,BLT,16.666666666666664,0,6.2,1,10,0,0,0,0,,0,0,0,0,,,0,,0,,0,,0,0,0,0,0,0,0,0,,0,0,0,,0,,0,,0,,0,0,,0,0,,0,,,100,0,0,0,0,0,0,0,0,0,0,0
2023,615,Marquise Goodwin,CLV,WR,1,6,SF,16.666666666666664,0,20,1,10,0,0,0,0,,0,0,0,0,,,0,,0,,0,,0,0,0,0,0,0,0,0,,0,0,0,,0,,0,,0,,0,0,,0,0,,0,,,100,0,0,0,0,0,0,0,0,0,0,0
2023,616,Robert Woods,HST,WR,1,3,JAX,11.627906976744185,10.526315789473683,76.8,5,71.4,2,28.6,0,0.4,11,22,43.1,0,0,0,0,0,0,0,0,0,0,0,0,0,0,0,0,0,0,39.6,2,50,0,0,0,0,0,0,0,0,0,0,0,0,0,0,40,-8.74,-0.574,40,60,0,0,0,0,0,0.02,-0.02,0,0,0
2023,617,Robert Woods,HST,WR,1,6,NO,13.953488372093023,10.526315789473683,61.7,6,66.7,2,22.2,0,0.33,15,30,30.3,0,0,0,0,0,0,0,0,0,0,0,0,0,1,1,0,0,0,39.6,0,0,0,0,0,0,0,0,0,0,0,0,0,0,0,0,33.3,-10.29,-1.179,33.3,66.7,0,0,0,0,0,-0.03,0.03,0,-0.01,0
2023,618,DeAndre Hopkins,TEN,WR,1,3,CLV,12.82051282051282,9.090909090909092,71.1,5,83.3,1,16.7,0,0.2,4,4,16.7,0,0,0,0,0,0,0,0,0,0,0,0,0,0,0,0,0,0,39.6,1,20,0,0,0,0,0,0,0,0,0,0,0,0,0,0,20,-6.05,-1.568,80,20,0,0,0,0,0,0.01,-0.01,0,0,0
2023,619,DeAndre Hopkins,TEN,WR,1,5,IND,17.94871794871795,0,86.2,7,100,0,0,0,0,,0,0,0,0,,,0,,0,,0,,0,0,0,0,0,0,0,0,,0,0,0,,0,,0,,0,,0,0,,0,0,,0,,,71.4,14.3,0,14.3,0,0,0,0,0,0,0,0
2023,620,DeAndre Hopkins,TEN,WR,1,6,BLT,12.82051282051282,9.090909090909092,87,5,71.4,1,14.3,0,0.2,15,15,17.9,0,0,0,0,0,0,0,0,0,0,0,0,0,1,1,0,0,0,39.6,1,25,0,0,0,0,0,0,0,0,0,0,0,0,0,0,16.7,-10.41,-0.747,80,20,0,0,0,0,0,-0.02,0.02,0,0,0
2023,621,Odell Beckham,BLT,WR,1,1,HST,6.896551724137931,0,93.1,2,40,0,0,0,0,,0,0,0,0,,,0,,0,,0,,0,0,0,0,0,0,0,0,,0,0,0,,0,,0,,0,,0,0,,0,0,,0,,,100,0,0,0,0,0,0,0,0,0,0,0
2023,622,Odell Beckham,BLT,WR,1,6,TEN,10.344827586206897,33.33333333333333,40,3,25,1,8.3,0,0.33,18,18,11.6,0,0,0,0,0,0,0,0,0,0,0,0,0,1,1,0,0,0,39.6,1,9.1,0,0,0,0,0,0,0,0,0,0,0,0,0,0,25,-10.9,-1.33,66.7,33.3,0,0,0,0,0,-0.01,0.01,0,0,0
2023,623,Brandin Cooks,DAL,WR,1,3,ARZ,17.24137931034483,33.33333333333333,81.3,5,83.3,1,16.7,0,0.2,9,9,22,0,0,0,0,0,0,0,0,0,0,0,0,0,1,1,0,0,0,39.6,1,33.3,0,0,0,0,0,0,0,0,1,0,0,0,0,0,16.7,-7.45,-1.327,80,20,0,0,0,0,0,0.01,-0.01,0,0,0
2023,624,Brandin Cooks,DAL,WR,1,4,NE,20.689655172413794,0,71,6,85.7,0,0,0,0,,0,0,0,0,,,0,,0,,0,,0,0,0,0,0,0,0,0,,0,0,0,,0,,0,,0,,0,0,,0,0,,0,,,83.3,16.7,0,0,0,0,0,0,0,0,0,0
2023,625,Brandin Cooks,DAL,WR,1,5,SF,27.586206896551722,33.33333333333333,65.3,8,100,1,12.5,0,0.13,58,58,50.4,0,0,0,0,0,0,0,0,0,0,0,0,0,0,0,0,0,0,39.6,0,0,0,0,0,0,1,0,0,0,0,0,0,0,0,0,12.5,-15,-0.241,75,25,0,0,0,0.2,0,0.2,-0.2,0,0.02,0.2
2023,626,Brandin Cooks,DAL,WR,1,6,LAC,17.24137931034483,0,77,5,83.3,0,0,0,0,,0,0,0,0,,,0,,0,,0,,0,0,0,0,0,0,0,0,,0,0,0,,0,,0,,0,,0,0,,0,0,,0,,,60,40,0,0,0,0,0,0,0,0,0,0
2023,627,Davante Adams,LV,WR,1,1,DEN,3.7037037037037033,20,89.1,1,50,1,50,0,1,3,3,300,0,0,0,0,0,0,0,0,0,0,0,0,0,0,0,0,0,0,39.6,1,50,0,0,1,100,0,0,0,0,1,0,0,0,0,0,50,-5.45,-0.435,0,100,0,0,0,1,0,1.02,-1.02,0,1.02,1
2023,628,Davante Adams,LV,WR,1,4,LAC,14.814814814814813,0,85.5,4,66.7,0,0,0,0,,0,0,0,0,,,0,,0,,0,,0,0,0,0,0,0,0,0,,0,0,0,,0,,0,,0,,0,0,,0,0,,0,,,100,0,0,0,0,0,0,0,0,0,0,0
2023,629,Davante Adams,LV,WR,1,6,NE,18.51851851851852,0,90.8,5,100,0,0,0,0,,0,0,0,0,,,0,,0,,0,,0,0,0,0,0,0,0,0,,0,0,0,,0,,0,,0,,0,0,,0,0,,0,,,40,60,0,0,0,0,0,0,0,0,0,0
2023,630,Mike Evans,TB,WR,1,1,MIN,18.75,0,83.8,6,75,0,0,0,0,,0,0,0,0,,,0,,0,,0,,0,0,0,0,0,0,0,0,,0,0,0,,0,,0,,0,,0,0,,0,0,,0,,,83.3,16.7,0,0,0,0,0,0,0,0,0,0
2023,631,Allen Robinson,PIT,WR,1,4,HST,3.571428571428571,0,83.9,1,100,0,0,0,0,,0,0,0,0,,,0,,0,,0,,0,0,0,0,0,0,0,0,,0,0,0,,0,,0,,0,,0,0,,0,0,,0,,,100,0,0,0,0,0,0,0,0,0,0,0
2023,632,Chris Manhertz,DEN,TE,1,4,CHI,100,0,43.8,1,16.7,0,0,0,0,,0,0,0,0,,,0,,0,,0,,0,0,0,0,0,0,0,0,,0,0,0,,0,,0,,0,,0,0,,0,0,,0,,,0,0,100,0,0,0,0,0,0,0,0,0
2023,633,Amari Cooper,CLV,WR,1,3,TEN,12.82051282051282,0,79.1,5,83.3,0,0,0,0,,0,0,0,0,,,0,,0,,0,,0,0,0,0,0,0,0,0,,0,0,0,,0,,0,,0,,0,0,,0,0,,0,,,80,20,0,0,0,0,0,0,0,0,0,0
2023,634,Amari Cooper,CLV,WR,1,6,SF,23.076923076923077,0,84.3,9,90,0,0,0,0,,0,0,0,0,,,0,,0,,0,,0,0,0,0,0,0,0,0,,0,0,0,,0,,0,,0,,0,0,,0,0,,0,,,88.9,11.1,0,0,0,0,0,0,0,0,0,0
2023,635,DeVante Parker,NE,WR,1,2,MIA,30.18867924528302,50,100,16,88.9,1,5.6,0,0.06,11,11,6.7,0,0,0,0,0,0,0,0,0,0,0,0.01,0,0,0,0,0,0,39.6,1,6.3,0,0,1,100,0,0,0,0,1,0,0,0,0,0,5.6,-8.32,-0.584,87.5,12.5,0,0,0,1.7,0,1.69,-1.69,0,0.11,1.7
2023,636,DeVante Parker,NE,WR,1,3,NYJ,22.641509433962266,50,78.3,12,100,1,8.3,0,0.08,27,27,17.5,0,0,0,0,0,0,0,0,0,0,0,0,0,0,0,0,0,0,39.6,1,9.1,0,0,0,0,1,0,0,0,0,0,0,0,0,0,8.3,-11.91,-1.513,75,25,0,0,0,0,0,0.01,-0.01,0,0,0
2023,637,DeVante Parker,NE,WR,1,4,DAL,9.433962264150944,0,81.8,5,71.4,0,0,0,0,,0,0,0,0,,,0,,0,,0,,0,0,0,0,0,0,0,0,,0,0,0,,0,,0,,0,,0,0,,0,0,,0,,,100,0,0,0,0,0,0,0,0,0,0,0
2023,638,DeVante Parker,NE,WR,1,5,NO,24.528301886792452,0,98,13,100,0,0,0,0,,0,0,0,0,,,0,,0,,0,,0,0,0,0,0,0,0,0,,0,0,0,,0,,0,,0,,0,0,,0,0,,0,,,84.6,15.4,0,0,0,0,0,0,0,0,0,0
2023,639,DeVante Parker,NE,WR,1,6,LV,13.20754716981132,0,75,7,63.6,0,0,0,0,,0,0,0,0,,,0,,0,,0,,0,0,0,0,0,0,0,0,,0,0,0,,0,,0,,0,,0,0,,0,0,,0,,,100,0,0,0,0,0,0,0,0,0,0,0
2023,640,Nelson Agholor,BLT,WR,1,4,CLV,12.5,6.666666666666667,74.5,4,66.7,1,16.7,0,0.25,14,14,58.3,0,0,0,0,0,0,0,0,0,0,0,0.24,0,1,1,0,0,0,39.6,1,25,0,0,1,100,0,0,0,0,1,0,0,0,0,0,20,-9.81,-0.909,75,25,0,0,0,2.3,0,2.25,-2.25,0,0.56,2.3
2023,641,Stefon Diggs,BUF,WR,1,4,MIA,12.962962962962962,0,75,7,77.8,0,0,0,0,,0,0,0,0,,,0,,0,,0,,0,0,0,0,0,0,0,0,,0,0,0,,0,,0,,0,,0,0,,0,0,,0,,,57.1,42.9,0,0,0,0,0,0,0,0,0,0
2023,642,Darren Waller,NYG,TE,1,1,DAL,6.25,6.25,56.9,3,50,1,16.7,0,0.33,5,5,38.5,0,0,0,0,0,0,0,0,0,0,0,0,0,0,0,0,0,0,39.6,1,20,0,0,0,0,0,0,0,0,0,0,0,0,0,0,33.3,-6.48,-0.82,0,66.7,33.3,0,0,0,0,-0.01,0.01,0,0,0
2023,643,DeAndre Carter,LV,WR,1,2,BUF,50,33.33333333333333,20.5,2,33.3,1,16.7,0,0.5,16,16,18.6,0,0,0,0,0,0,0,0,0,0,0,0,0,0,0,0,0,0,39.6,0,0,0,0,0,0,0,0,0,0,0,0,0,0,0,0,50,-10.1,-0.896,50,50,0,0,0,0,0,0,0,0,0,0
2023,644,DeAndre Carter,LV,WR,1,5,GB,25,33.33333333333333,26.6,1,12.5,1,12.5,0,1,-2,-2,-3.3,0,0,0,0,0,0,0,0,0,0,0,0,0,1,0,0,0,0,39.6,1,20,1,100,0,0,0,0,0,0,0,0,0,0,0,0,100,-5.5,-0.961,0,100,0,0,0,0,0,-0.02,0.02,0,-0.02,0
2023,645,Blake Bell,KC,TE,1,5,MIN,40,0,29.7,2,10.5,0,0,0,0,,0,0,0,0,,,0,,0,,0,,0,0,0,0,0,0,0,0,,0,0,0,,0,,0,,0,,0,0,,0,0,,0,,,0,0,100,0,0,0,0,0,0,0,0,0
2023,646,Blake Bell,KC,TE,1,6,DEN,20,0,20,1,11.1,0,0,0,0,,0,0,0,0,,,0,,0,,0,,0,0,0,0,0,0,0,0,,0,0,0,,0,,0,,0,,0,0,,0,0,,0,,,0,0,100,0,0,0,0,0,0,0,0,0
2023,647,C.J. Uzomah,NYJ,TE,1,1,BUF,16.666666666666664,0,54.7,2,40,0,0,0,0,,0,0,0,0,,,0,,0,,0,,0,0,0,0,0,0,0,0,,0,0,0,,0,,0,,0,,0,0,,0,0,,0,,,50,0,50,0,0,0,0,0,0,0,0,0
2023,648,C.J. Uzomah,NYJ,TE,1,2,DAL,16.666666666666664,0,30.4,2,25,0,0,0,0,,0,0,0,0,,,0,,0,,0,,0,0,0,0,0,0,0,0,,0,0,0,,0,,0,,0,,0,0,,0,0,,0,,,100,0,0,0,0,0,0,0,0,0,0,0
2023,649,C.J. Uzomah,NYJ,TE,1,3,NE,25,50,44.3,3,25,1,8.3,0,0.33,56,56,53.8,0,0,0,0,0,0,0,0,0,0,0,0.3,0,0,1,0,0,0,39.6,1,12.5,0,0,1,100,1,0,0,0,0,0,0,0,0,0,25,-8,-0.158,0,66.7,33.3,0,0,4.3,0,4.26,-4.26,0,1.42,4.3
2023,650,C.J. Uzomah,NYJ,TE,1,4,KC,16.666666666666664,0,35.1,2,13.3,0,0,0,0,,0,0,0,0,,,0,,0,,0,,0,0,0,0,0,0,0,0,,0,0,0,,0,,0,,0,,0,0,,0,0,,0,,,50,0,50,0,0,0,0,0,0,0,0,0
2023,651,Geoff Swaim,ARZ,TE,1,1,WAS,14.285714285714285,0,27.6,1,14.3,0,0,0,0,,0,0,0,0,,,0,,0,,0,,0,0,0,0,0,0,0,0,,0,0,0,,0,,0,,0,,0,0,,0,0,,0,,,100,0,0,0,0,0,0,0,0,0,0,0
2023,652,Geoff Swaim,ARZ,TE,1,2,NYG,42.857142857142854,0,43.3,3,33.3,0,0,0,0,,0,0,0,0,,,0,,0,,0,,0,0,0,0,0,0,0,0,,0,0,0,,0,,0,,0,,0,0,,0,0,,0,,,0,0,100,0,0,0,0,0,0,0,0,0
2023,653,Geoff Swaim,ARZ,TE,1,3,DAL,14.285714285714285,0,54.7,1,14.3,0,0,0,0,,0,0,0,0,,,0,,0,,0,,0,0,0,0,0,0,0,0,,0,0,0,,0,,0,,0,,0,0,,0,0,,0,,,0,0,100,0,0,0,0,0,0,0,0,0
2023,654,Geoff Swaim,ARZ,TE,1,4,SF,14.285714285714285,0,25.4,1,8.3,0,0,0,0,,0,0,0,0,,,0,,0,,0,,0,0,0,0,0,0,0,0,,0,0,0,,0,,0,,0,,0,0,,0,0,,0,,,0,0,100,0,0,0,0,0,0,0,0,0
2023,655,Geoff Swaim,ARZ,TE,1,5,CIN,14.285714285714285,0,38.6,1,9.1,0,0,0,0,,0,0,0,0,,,0,,0,,0,,0,0,0,0,0,0,0,0,,0,0,0,,0,,0,,0,,0,0,,0,0,,0,,,0,0,100,0,0,0,0,0,0,0,0,0
2023,656,Ty Montgomery,NE,WR,1,2,MIA,9.090909090909092,0,4.2,1,5.6,0,0,0,0,,0,0,0,0,,,0,,0,,0,,0,0,0,0,0,0,0,0,,0,0,0,,0,,0,,0,,0,0,,0,0,,0,,,100,0,0,0,0,0,0,0,0,0,0,0
2023,657,Tyler Lockett,SEA,WR,1,1,LA,17.142857142857142,11.11111111111111,87,6,85.7,1,14.3,0,0.17,26,26,65,0,0,0,0,0,0,0,0,0,0,0,0,0,0,1,0,0,0,39.6,1,20,0,0,0,0,1,0,0,0,0,0,0,0,0,0,14.3,-13.01,-0.432,66.7,33.3,0,0,0,0,0,0.01,-0.01,0,0,0
2023,658,Tyler Lockett,SEA,WR,1,3,CAR,17.142857142857142,22.22222222222222,80.3,6,100,2,33.3,0,0.33,21.5,43,50.6,0,0,0,0,0,0,0,0,0,0,0,0.21,0,0,0,0,0,0,39.6,0,0,0,0,1,50,1,0,0,0,1,0,0,0,0,0,33.3,-10.73,-0.863,33.3,66.7,0,0,0,5.3,0,5.33,-5.33,0,0.89,5.3
2023,659,Sterling Shepard,NYG,WR,1,1,DAL,25,0,16.9,2,33.3,0,0,0,0,,0,0,0,0,,,0,,0,,0,,0,0,0,0,0,0,0,0,,0,0,0,,0,,0,,0,,0,0,,0,0,,0,,,100,0,0,0,0,0,0,0,0,0,0,0
2023,660,Sterling Shepard,NYG,WR,1,4,SEA,12.5,0,6.8,1,9.1,0,0,0,0,,0,0,0,0,,,0,,0,,0,,0,0,0,0,0,0,0,0,,0,0,0,,0,,0,,0,,0,0,,0,0,,0,,,100,0,0,0,0,0,0,0,0,0,0,0
2023,661,Austin Hooper,LV,TE,1,3,PIT,16.666666666666664,0,76.1,2,50,0,0,0,0,,0,0,0,0,,,0,,0,,0,,0,0,0,0,0,0,0,0,,0,0,0,,0,,0,,0,,0,0,,0,0,,0,,,0,100,0,0,0,0,0,0,0,0,0,0
2023,662,Austin Hooper,LV,TE,1,5,GB,16.666666666666664,0,56.3,2,25,0,0,0,0,,0,0,0,0,,,0,,0,,0,,0,0,0,0,0,0,0,0,,0,0,0,,0,,0,,0,,0,0,,0,0,,0,,,0,50,50,0,0,0,0,0,0,0,0,0
2023,663,Austin Hooper,LV,TE,1,6,NE,8.333333333333332,0,33.8,1,20,0,0,0,0,,0,0,0,0,,,0,,0,,0,,0,0,0,0,0,0,0,0,,0,0,0,,0,,0,,0,,0,0,,0,0,,0,,,0,0,100,0,0,0,0,0,0,0,0,0
2023,664,Chris Moore,TEN,WR,1,1,NO,12.5,25,13.6,2,14.3,1,7.1,0,0.5,42,42,32.1,0,0,0,0,0,0,0,0,0,0,0,0.12,0,0,0,0,0,0,0,1,8.3,0,0,1,100,1,0,0,0,1,0,0,0,0,0,50,-15,-3.547,50,50,0,0,0,2.5,0,2.47,-2.47,0,1.23,2.5
2023,665,Chris Moore,TEN,WR,1,4,CIN,37.5,25,77.4,6,66.7,1,11.1,0,0.17,20,20,24.4,0,0,0,0,0,0,0,0,0,0,0,0,0,0,0,0,0,0,39.6,1,12.5,0,0,0,0,1,0,0,0,0,0,0,0,0,0,16.7,-10.87,-1.708,83.3,16.7,0,0,0,0,0,0.02,-0.02,0,0,0
2023,666,Chris Moore,TEN,WR,1,5,IND,31.25,0,60.3,5,71.4,0,0,0,0,,0,0,0,0,,,0,,0,,0,,0,0,0,0,0,0,0,0,,0,0,0,,0,,0,,0,,0,0,,0,0,,0,,,100,0,0,0,0,0,0,0,0,0,0,0
2023,667,Robbie Chosen,MIA,WR,1,3,DEN,23.076923076923077,0,57.7,3,42.9,0,0,0,0,,0,0,0,0,,,0,,0,,0,,0,0,0,0,0,0,0,0,,0,0,0,,0,,0,,0,,0,0,,0,0,,0,,,100,0,0,0,0,0,0,0,0,0,0,0
2023,668,Robbie Chosen,MIA,WR,1,4,BUF,23.076923076923077,100,25.9,3,20,1,6.7,0,0.33,20,20,26.3,0,0,0,0,0,0,0,0,0,0,0,0,0,0,0,0,0,0,0,0,0,0,0,0,0,1,0,0,0,0,0,0,0,0,0,25,-10.87,-4.82,66.7,33.3,0,0,0,0,0,0.04,-0.04,0,0.01,0
2023,669,Robbie Chosen,MIA,WR,1,5,NYG,15.384615384615385,0,18.5,2,18.2,0,0,0,0,,0,0,0,0,,,0,,0,,0,,0,0,0,0,0,0,0,0,,0,0,0,,0,,0,,0,,0,0,,0,0,,0,,,100,0,0,0,0,0,0,0,0,0,0,0
2023,670,Robbie Chosen,MIA,WR,1,6,CAR,38.46153846153847,0,26.2,5,38.5,0,0,0,0,,0,0,0,0,,,0,,0,,0,,0,0,0,0,0,0,0,0,,0,0,0,,0,,0,,0,,0,0,,0,0,,0,,,80,20,0,0,0,0,0,0,0,0,0,0
2023,671,Michael Thomas,NO,WR,1,2,CAR,13.20754716981132,0,77,7,87.5,0,0,0,0,,0,0,0,0,,,0,,0,,0,,0,0,0,0,0,0,0,0,,0,0,0,,0,,0,,0,,0,0,,0,0,,0,,,71.4,28.6,0,0,0,0,0,0,0,0,0,0
2023,672,Demarcus Robinson,LA,WR,1,4,IND,100,0,9,1,9.1,0,0,0,0,,0,0,0,0,,,0,,0,,0,,0,0,0,0,0,0,0,0,,0,0,0,,0,,0,,0,,0,0,,0,0,,0,,,100,0,0,0,0,0,0,0,0,0,0,0
2023,673,Laquon Treadwell,BLT,WR,1,4,CLV,100,0,27.3,1,16.7,0,0,0,0,,0,0,0,0,,,0,,0,,0,,0,0,0,0,0,0,0,0,,0,0,0,,0,,0,,0,,0,0,,0,0,,0,,,100,0,0,0,0,0,0,0,0,0,0,0
2023,674,Tyreek Hill,MIA,WR,1,4,BUF,20.833333333333336,0,74.1,10,66.7,0,0,0,0,,0,0,0,0,,,0,,0,,0,,0,0,0,0,0,0,0,0,,0,0,0,,0,,0,,0,,0,0,,0,0,,0,,,50,50,0,0,0,0,0,0,0,0,0,0
2023,675,Hunter Henry,NE,TE,1,5,NO,14.035087719298245,5.555555555555555,76.5,8,61.5,1,7.7,0,0.13,23,23,19,0,0,0,0,0,0,0,0,0,0,0,0,0,0,0,0,0,0,39.6,1,10,0,0,0,0,1,0,0,0,0,0,0,0,0,0,12.5,-11.7,-1.61,0,50,50,0,0,0,0,0.03,-0.03,0,0,0
2023,676,Hunter Henry,NE,TE,1,6,LV,10.526315789473683,11.11111111111111,62.5,6,54.5,2,18.2,0,0.33,10,20,55.6,0,0,0,0,0,0,0,0,0,0,0,0,0,0,0,0,0,0,0,1,11.1,0,0,0,0,0,0,0,0,1,0,0,0,0,0,28.6,-9,-3.293,16.7,83.3,0,0,0,0,0,0.02,-0.02,0,0,0
2023,677,Tyler Higbee,LA,TE,1,1,SEA,10.714285714285714,0,91,6,60,0,0,0,0,,0,0,0,0,,,0,,0,,0,,0,0,0,0,0,0,0,0,,0,0,0,,0,,0,,0,,0,0,,0,0,,0,,,33.3,33.3,33.3,0,0,0,0,0,0,0,0,0
2023,678,Tyler Higbee,LA,TE,1,5,PHI,25,9.090909090909092,89.1,14,77.8,1,5.6,0,0.07,2,2,1.1,0,0,0,0,0,0,0,0,0,0,0,0,0,0,0,0,0,0,39.6,1,5.9,0,0,1,100,0,0,0,0,0,0,0,0,0,0,6.3,-6.37,-0.622,50,21.4,28.6,0,0,1.6,0,1.62,-1.62,0,0.12,1.6
2023,679,Tyler Higbee,LA,TE,1,6,ARZ,7.142857142857142,0,94.5,4,80,0,0,0,0,,0,0,0,0,,,0,,0,,0,,0,0,0,0,0,0,0,0,,0,0,0,,0,,0,,0,,0,0,,0,0,,0,,,50,0,50,0,0,0,0,0,0,0,0,0
2023,680,Mo Alie-Cox,IND,TE,1,1,JAX,66.66666666666666,0,40.6,2,20,0,0,0,0,,0,0,0,0,,,0,,0,,0,,0,0,0,0,0,0,0,0,,0,0,0,,0,,0,,0,,0,0,,0,0,,0,,,50,50,0,0,0,0,0,0,0,0,0,0
2023,681,Mo Alie-Cox,IND,TE,1,2,HST,33.33333333333333,0,41.1,1,11.1,0,0,0,0,,0,0,0,0,,,0,,0,,0,,0,0,0,0,0,0,0,0,,0,0,0,,0,,0,,0,,0,0,,0,0,,0,,,0,0,100,0,0,0,0,0,0,0,0,0
2023,682,Zach Pascal,ARZ,WR,1,1,WAS,14.285714285714285,33.33333333333333,8.6,1,14.3,1,14.3,0,1,10,10,33.3,0,0,0,0,0,0,0,0,0,0,0,0,0,0,0,0,0,0,39.6,0,0,0,0,0,0,0,0,0,0,0,0,0,0,0,0,100,-7.5,-0.579,0,100,0,0,0,0,0,0.01,-0.01,0,0.01,0
2023,683,Zach Pascal,ARZ,WR,1,4,SF,28.57142857142857,0,26.9,2,16.7,0,0,0,0,,0,0,0,0,,,0,,0,,0,,0,0,0,0,0,0,0,0,,0,0,0,,0,,0,,0,,0,0,,0,0,,0,,,50,50,0,0,0,0,0,0,0,0,0,0
2023,684,Zach Pascal,ARZ,WR,1,5,CIN,28.57142857142857,33.33333333333333,17.5,2,18.2,1,9.1,0,0.5,5,5,4.3,0,0,0,0,0,0,0,0,0,0,0,0,0,0,0,0,0,0,0,1,12.5,0,0,0,0,0,0,0,0,0,0,0,0,0,0,33.3,-6.36,-6.839,50,50,0,0,0,-0.1,0,-0.06,0.06,0,-0.03,-0.1
2023,685,Zach Pascal,ARZ,WR,1,6,LA,14.285714285714285,0,13.7,1,7.7,0,0,0,0,,0,0,0,0,,,0,,0,,0,,0,0,0,0,0,0,0,0,,0,0,0,,0,,0,,0,,0,0,,0,0,,0,,,100,0,0,0,0,0,0,0,0,0,0,0
2023,686,Darrell Daniels,DET,TE,1,6,TB,100,0,2.9,1,5.3,0,0,0,0,,0,0,0,0,,,0,,0,,0,,0,0,0,0,0,0,0,0,,0,0,0,,0,,0,,0,,0,0,,0,0,,0,,,100,0,0,0,0,0,0,0,0,0,0,0
2023,687,George Kittle,SF,TE,1,6,CLV,13.636363636363635,0,98.2,6,85.7,0,0,0,0,,0,0,0,0,,,0,,0,,0,,0,0,0,0,0,0,0,0,,0,0,0,,0,,0,,0,,0,0,,0,0,,0,,,16.7,50,33.3,0,0,0,0,0,0,0,0,0
2023,688,Trent Taylor,CHI,WR,1,1,GB,33.33333333333333,0,5.7,1,8.3,0,0,0,0,,0,0,0,0,,,0,,0,,0,,0,0,0,0,0,0,0,0,,0,0,0,,0,,0,,0,,0,0,,0,0,,0,,,0,100,0,0,0,0,0,0,0,0,0,0
2023,689,Trent Taylor,CHI,WR,1,2,TB,66.66666666666666,0,41.2,2,40,0,0,0,0,,0,0,0,0,,,0,,0,,0,,0,0,0,0,0,0,0,0,,0,0,0,,0,,0,,0,,0,0,,0,0,,0,,,50,50,0,0,0,0,0,0,0,0,0,0
2023,690,Kendrick Bourne,NE,WR,1,1,PHI,26.666666666666668,18.181818181818183,91,16,76.2,2,9.5,0,0.13,7.5,15,8.7,0,0,0,0,0,0,0,0,0,0,0,0.01,0,0,0,0,0,0,0,0,0,0,0,1,50,0,0,1,50,0,0,0,0,0,0,10.5,-7.2,-5.316,75,25,0,0,0,1.9,0,1.86,-1.86,0,0.12,1.9
2023,691,Kendrick Bourne,NE,WR,1,4,DAL,5,0,52.7,3,42.9,0,0,0,0,,0,0,0,0,,,0,,0,,0,,0,0,0,0,0,0,0,0,,0,0,0,,0,,0,,0,,0,0,,0,0,,0,,,66.7,33.3,0,0,0,0,0,0,0,0,0,0
2023,692,Kendrick Bourne,NE,WR,1,5,NO,20,0,86.3,12,92.3,0,0,0,0,,0,0,0,0,,,0,,0,,0,,0,0,0,0,0,0,0,0,,0,0,0,,0,,0,,0,,0,0,,0,0,,0,,,83.3,16.7,0,0,0,0,0,0,0,0,0,0
2023,693,Pharaoh Brown,NE,TE,1,1,PHI,25,0,7.7,1,4.8,0,0,0,0,,0,0,0,0,,,0,,0,,0,,0,0,0,0,0,0,0,0,,0,0,0,,0,,0,,0,,0,0,,0,0,,0,,,100,0,0,0,0,0,0,0,0,0,0,0
2023,694,Pharaoh Brown,NE,TE,1,2,MIA,25,0,11.3,1,5.6,0,0,0,0,,0,0,0,0,,,0,,0,,0,,0,0,0,0,0,0,0,0,,0,0,0,,0,,0,,0,,0,0,,0,0,,0,,,100,0,0,0,0,0,0,0,0,0,0,0
2023,695,Pharaoh Brown,NE,TE,1,4,DAL,25,0,40,1,14.3,0,0,0,0,,0,0,0,0,,,0,,0,,0,,0,0,0,0,0,0,0,0,,0,0,0,,0,,0,,0,,0,0,,0,0,,0,,,100,0,0,0,0,0,0,0,0,0,0,0
2023,696,Pharaoh Brown,NE,TE,1,6,LV,25,0,32.1,1,9.1,0,0,0,0,,0,0,0,0,,,0,,0,,0,,0,0,0,0,0,0,0,0,,0,0,0,,0,,0,,0,,0,0,,0,0,,0,,,0,0,100,0,0,0,0,0,0,0,0,0
2023,697,Isaiah McKenzie,IND,WR,1,5,TEN,20,0,11.5,1,11.1,0,0,0,0,,0,0,0,0,,,0,,0,,0,,0,0,0,0,0,0,0,0,,0,0,0,,0,,0,,0,,0,0,,0,0,,0,,,0,100,0,0,0,0,0,0,0,0,0,0
2023,698,Mike Williams,LAC,WR,1,2,TEN,32.142857142857146,40,90.8,9,90,2,20,0,0.22,19.5,39,31.5,0,0,0,0,0,0,0,0,0,0,0,0,0,1,1,0,0,0,39.6,1,12.5,0,0,0,0,1,0,0,0,0,0,0,0,0,0,22.2,-10.16,-0.699,55.6,44.4,0,0,0,0,0,-0.02,0.02,0,0,0
2023,699,Mack Hollins,ATL,WR,1,1,CAR,3.3333333333333335,0,64.6,1,33.3,0,0,0,0,,0,0,0,0,,,0,,0,,0,,0,0,0,0,0,0,0,0,,0,0,0,,0,,0,,0,,0,0,,0,0,,0,,,100,0,0,0,0,0,0,0,0,0,0,0
2023,700,Mack Hollins,ATL,WR,1,3,DET,33.33333333333333,0,72.3,10,83.3,0,0,0,0,,0,0,0,0,,,0,,0,,0,,0,0,0,0,0,0,0,0,,0,0,0,,0,,0,,0,,0,0,,0,0,,0,,,90,10,0,0,0,0,0,0,0,0,0,0
2023,701,Mack Hollins,ATL,WR,1,4,JAX,30,20,78.9,9,75,1,8.3,0,0.11,20,20,25.3,0,0,0,0,0,0,0,0,0,0,0,0,0,0,0,0,0,0,39.6,0,0,0,0,0,0,1,0,0,0,0,0,0,0,0,0,11.1,-10.87,-0.49,44.4,55.6,0,0,0,0,0,0,0,0,0,0
2023,702,Mack Hollins,ATL,WR,1,5,HST,3.3333333333333335,0,39.2,1,9.1,0,0,0,0,,0,0,0,0,,,0,,0,,0,,0,0,0,0,0,0,0,0,,0,0,0,,0,,0,,0,,0,0,,0,0,,0,,,100,0,0,0,0,0,0,0,0,0,0,0
2023,703,Jamal Agnew,JAX,WR,1,5,BUF,9.090909090909092,0,12.2,2,28.6,0,0,0,0,,0,0,0,0,,,0,,0,,0,,0,0,0,0,0,0,0,0,,0,0,0,,0,,0,,0,,0,0,,0,0,,0,,,50,50,0,0,0,0,0,0,0,0,0,0
2023,704,Jamal Agnew,JAX,WR,1,6,IND,18.181818181818183,0,30.6,4,44.4,0,0,0,0,,0,0,0,0,,,0,,0,,0,,0,0,0,0,0,0,0,0,,0,0,0,,0,,0,,0,,0,0,,0,0,,0,,,25,75,0,0,0,0,0,0,0,0,0,0
2023,705,Robert Tonyan,CHI,TE,1,2,TB,25,100,35.3,1,20,1,20,0,1,5,5,23.8,0,0,0,0,0,0,0,0,0,0,0,0,0,0,0,0,0,0,39.6,1,25,0,0,0,0,0,0,0,0,0,0,0,0,0,0,100,-6.48,-0.538,0,100,0,0,0,0,0,-0.01,0.01,0,-0.01,0
2023,706,Robert Tonyan,CHI,TE,1,4,DEN,50,0,25.7,2,33.3,0,0,0,0,,0,0,0,0,,,0,,0,,0,,0,0,0,0,0,0,0,0,,0,0,0,,0,,0,,0,,0,0,,0,0,,0,,,0,50,50,0,0,0,0,0,0,0,0,0
2023,707,Robert Tonyan,CHI,TE,1,6,MIN,25,0,24.6,1,14.3,0,0,0,0,,0,0,0,0,,,0,,0,,0,,0,0,0,0,0,0,0,0,,0,0,0,,0,,0,,0,,0,0,,0,0,,0,,,0,0,100,0,0,0,0,0,0,0,0,0
2023,708,JuJu Smith-Schuster,NE,WR,1,2,MIA,33.33333333333333,11.11111111111111,60.6,8,44.4,1,5.6,0,0.13,-4,-4,-2.5,0,0,0,0,1,100,4,4,1,1,0,0,0,0,0,0,0,0,79.2,1,6.3,1,100,1,100,0,0,0,0,0,0,0,0,0,0,12.5,-4.49,-0.59,50,50,0,0,1,1.5,1,1.47,-0.47,0.13,0.18,1.5
2023,709,JuJu Smith-Schuster,NE,WR,1,4,DAL,8.333333333333332,11.11111111111111,47.3,2,28.6,1,14.3,0,0.5,3,3,4.8,0,0,0,0,0,0,0,0,0,0,0,0,0,0,0,0,0,0,0,1,33.3,0,0,0,0,0,0,0,0,0,0,0,0,0,0,50,-5.45,-3.557,50,50,0,0,0,0,0,0.01,-0.01,0,0,0
2023,710,David Njoku,CLV,TE,1,1,CIN,14.285714285714285,0,72.2,5,55.6,0,0,0,0,,0,0,0,0,,,0,,0,,0,,0,0,0,0,0,0,0,0,,0,0,0,,0,,0,,0,,0,0,,0,0,,0,,,0,80,20,0,0,0,0,0,0,0,0,0
2023,711,David Njoku,CLV,TE,1,6,SF,22.857142857142858,0,81.4,8,80,0,0,0,0,,0,0,0,0,,,0,,0,,0,,0,0,0,0,0,0,0,0,,0,0,0,,0,,0,,0,,0,0,,0,0,,0,,,0,50,50,0,0,0,0,0,0,0,0,0
2023,712,Zay Jones,JAX,WR,1,2,KC,46.666666666666664,40,64.1,7,38.9,2,11.1,0,0.29,14,28,24.3,0,0,0,0,0,0,0,0,0,0,0,0.3,0,2,2,0,0,0,39.6,1,6.3,0,0,1,50,0,0,0,0,1,0,0,0,0,0,18.2,-9.66,-1.383,42.9,57.1,0,0,0,3,0,2.97,-2.97,0,0.42,3
2023,713,Zay Jones,JAX,WR,1,5,BUF,13.333333333333334,0,43.9,2,28.6,0,0,0,0,,0,0,0,0,,,0,,0,,0,,0,0,0,0,0,0,0,0,,0,0,0,,0,,0,,0,,0,0,,0,0,,0,,,50,50,0,0,0,0,0,0,0,0,0,0
2023,714,Gerald Everett,LAC,TE,1,4,LV,12.5,0,69.8,3,50,0,0,0,0,,0,0,0,0,,,0,,0,,0,,0,0,0,0,0,0,0,0,,0,0,0,,0,,0,,0,,0,0,,0,0,,0,,,66.7,33.3,0,0,0,0,0,0,0,0,0,0
2023,715,Gerald Everett,LAC,TE,1,6,DAL,12.5,0,70.5,3,42.9,0,0,0,0,,0,0,0,0,,,0,,0,,0,,0,0,0,0,0,0,0,0,,0,0,0,,0,,0,,0,,0,0,,0,0,,0,,,33.3,66.7,0,0,0,0,0,0,0,0,0,0
2023,716,Josh Reynolds,DET,WR,1,1,KC,7.894736842105263,0,68.6,3,60,0,0,0,0,,0,0,0,0,,,0,,0,,0,,0,0,0,0,0,0,0,0,,0,0,0,,0,,0,,0,,0,0,,0,0,,0,,,33.3,66.7,0,0,0,0,0,0,0,0,0,0
2023,717,Josh Reynolds,DET,WR,1,3,ATL,13.157894736842104,0,75,5,45.5,0,0,0,0,,0,0,0,0,,,0,,0,,0,,0,0,0,0,0,0,0,0,,0,0,0,,0,,0,,0,,0,0,,0,0,,0,,,40,60,0,0,0,0,0,0,0,0,0,0
2023,718,Josh Reynolds,DET,WR,1,4,GB,10.526315789473683,0,74,4,66.7,0,0,0,0,,0,0,0,0,,,0,,0,,0,,0,0,0,0,0,0,0,0,,0,0,0,,0,,0,,0,,0,0,,0,0,,0,,,75,25,0,0,0,0,0,0,0,0,0,0
2023,719,Josh Reynolds,DET,WR,1,5,CAR,2.631578947368421,0,46.7,1,20,0,0,0,0,,0,0,0,0,,,0,,0,,0,,0,0,0,0,0,0,0,0,,0,0,0,,0,,0,,0,,0,0,,0,0,,0,,,100,0,0,0,0,0,0,0,0,0,0,0
2023,720,River Cracraft,MIA,WR,1,2,NE,25,0,29.5,2,22.2,0,0,0,0,,0,0,0,0,,,0,,0,,0,,0,0,0,0,0,0,0,0,,0,0,0,,0,,0,,0,,0,0,,0,0,,0,,,100,0,0,0,0,0,0,0,0,0,0,0
2023,721,River Cracraft,MIA,WR,1,3,DEN,25,0,33.8,2,28.6,0,0,0,0,,0,0,0,0,,,0,,0,,0,,0,0,0,0,0,0,0,0,,0,0,0,,0,,0,,0,,0,0,,0,0,,0,,,100,0,0,0,0,0,0,0,0,0,0,0
2023,722,Ross Dwelley,SF,TE,1,3,NYG,100,0,15.4,1,11.1,0,0,0,0,,0,0,0,0,,,0,,0,,0,,0,0,0,0,0,0,0,0,,0,0,0,,0,,0,,0,,0,0,,0,0,,0,,,100,0,0,0,0,0,0,0,0,0,0,0
2023,723,Will Dissly,SEA,TE,1,1,LA,14.285714285714285,0,30.4,1,14.3,0,0,0,0,,0,0,0,0,,,0,,0,,0,,0,0,0,0,0,0,0,0,,0,0,0,,0,,0,,0,,0,0,,0,0,,0,,,0,0,0,100,0,0,0,0,0,0,0,0
2023,724,Will Dissly,SEA,TE,1,4,NYG,14.285714285714285,0,51,1,14.3,0,0,0,0,,0,0,0,0,,,0,,0,,0,,0,0,0,0,0,0,0,0,,0,0,0,,0,,0,,0,,0,0,,0,0,,0,,,100,0,0,0,0,0,0,0,0,0,0,0
2023,725,Will Dissly,SEA,TE,1,6,CIN,28.57142857142857,0,42.9,2,22.2,0,0,0,0,,0,0,0,0,,,0,,0,,0,,0,0,0,0,0,0,0,0,,0,0,0,,0,,0,,0,,0,0,,0,0,,0,,,0,50,50,0,0,0,0,0,0,0,0,0
2023,726,Kevin Rader,TEN,TE,1,6,BLT,100,0,23.9,2,28.6,0,0,0,0,,0,0,0,0,,,0,,0,,0,,0,0,0,0,0,0,0,0,,0,0,0,,0,,0,,0,,0,0,,0,0,,0,,,0,0,100,0,0,0,0,0,0,0,0,0
2023,727,Tyler Conklin,NYJ,TE,1,1,BUF,8.823529411764707,0,79.2,3,60,0,0,0,0,,0,0,0,0,,,0,,0,,0,,0,0,0,0,0,0,0,0,,0,0,0,,0,,0,,0,,0,0,,0,0,,0,,,0,66.7,33.3,0,0,0,0,0,0,0,0,0
2023,728,Tyler Conklin,NYJ,TE,1,6,PHI,14.705882352941178,8.333333333333332,69.5,5,83.3,1,16.7,0,0.2,28,28,47.5,0,0,0,0,0,0,0,0,0,0,0,0,0,0,0,0,0,0,39.6,1,25,0,0,0,0,1,0,0,0,1,0,0,0,0,0,16.7,-14.31,-0.548,40,60,0,0,0,0,0,0.03,-0.03,0,0.01,0
2023,729,Marquez Valdes-Scantling,KC,WR,1,2,JAX,14.545454545454545,25,81.3,8,72.7,1,9.1,0,0.13,12,12,12.4,0,0,0,0,0,0,0,0,0,0,0,0,0,0,0,0,0,0,39.6,1,12.5,0,0,0,0,0,0,0,0,0,0,0,0,0,0,12.5,-9.05,-0.582,37.5,62.5,0,0,0,0,0,0.01,-0.01,0,0,0
2023,730,Marquez Valdes-Scantling,KC,WR,1,4,NYJ,7.2727272727272725,25,51.5,4,33.3,1,8.3,0,0.25,46,46,36.8,0,0,0,0,0,0,0,0,0,0,0,0,0,0,0,0,0,0,39.6,0,0,0,0,0,0,1,0,0,0,0,0,0,0,0,0,25,-15,-0.975,50,50,0,0,0,0,0,-0.05,0.05,0,-0.01,0
2023,731,Marquez Valdes-Scantling,KC,WR,1,5,MIN,21.818181818181817,0,65.6,12,63.2,0,0,0,0,,0,0,0,0,,,0,,0,,0,,0,0,0,0,0,0,0,0,,0,0,0,,0,,0,,0,,0,0,,0,0,,0,,,75,25,0,0,0,0,0,0,0,0,0,0
2023,732,Marquez Valdes-Scantling,KC,WR,1,6,DEN,12.727272727272727,0,55.7,7,77.8,0,0,0,0,,0,0,0,0,,,0,,0,,0,,0,0,0,0,0,0,0,0,,0,0,0,,0,,0,,0,,0,0,,0,0,,0,,,71.4,28.6,0,0,0,0,0,0,0,0,0,0
2023,733,Equanimeous St. Brown,CHI,WR,1,4,DEN,37.5,0,58.6,3,50,0,0,0,0,,0,0,0,0,,,0,,0,,0,,0,0,0,0,0,0,0,0,,0,0,0,,0,,0,,0,,0,0,,0,0,,0,,,100,0,0,0,0,0,0,0,0,0,0,0
2023,734,Equanimeous St. Brown,CHI,WR,1,5,WAS,62.5,0,37.5,5,83.3,0,0,0,0,,0,0,0,0,,,0,,0,,0,,0,0,0,0,0,0,0,0,,0,0,0,,0,,0,,0,,0,0,,0,0,,0,,,80,20,0,0,0,0,0,0,0,0,0,0
2023,735,Byron Pringle,WAS,WR,1,2,DEN,14.285714285714285,0,19.7,1,9.1,0,0,0,0,,0,0,0,0,,,0,,0,,0,,0,0,0,0,0,0,0,0,,0,0,0,,0,,0,,0,,0,0,,0,0,,0,,,0,100,0,0,0,0,0,0,0,0,0,0
2023,736,Byron Pringle,WAS,WR,1,3,BUF,14.285714285714285,0,11.8,1,11.1,0,0,0,0,,0,0,0,0,,,0,,0,,0,,0,0,0,0,0,0,0,0,,0,0,0,,0,,0,,0,,0,0,,0,0,,0,,,100,0,0,0,0,0,0,0,0,0,0,0
2023,737,Byron Pringle,WAS,WR,1,5,CHI,14.285714285714285,0,16.7,1,5.9,0,0,0,0,,0,0,0,0,,,0,,0,,0,,0,0,0,0,0,0,0,0,,0,0,0,,0,,0,,0,,0,0,,0,0,,0,,,100,0,0,0,0,0,0,0,0,0,0,0
2023,738,Keith Kirkwood,NO,WR,1,6,HST,80,0,15.4,4,21.1,0,0,0,0,,0,0,0,0,,,0,,0,,0,,0,0,0,0,0,0,0,0,,0,0,0,,0,,0,,0,,0,0,,0,0,,0,,,75,25,0,0,0,0,0,0,0,0,0,0
2023,739,Courtland Sutton,DEN,WR,1,5,NYJ,17.647058823529413,0,86,6,100,0,0,0,0,,0,0,0,0,,,0,,0,,0,,0,0,0,0,0,0,0,0,,0,0,0,,0,,0,,0,,0,0,,0,0,,0,,,66.7,33.3,0,0,0,0,0,0,0,0,0,0
2023,740,Courtland Sutton,DEN,WR,1,6,KC,8.823529411764707,12.5,93.9,3,50,1,16.7,0,0.33,5,5,12.2,0,0,0,0,0,0,0,0,0,0,0,0,0,0,0,0,0,0,39.6,1,16.7,0,0,1,100,0,0,1,100,0,0,0,0,0,0,20,-6.36,-0.527,66.7,33.3,0,0,0,1.7,0,1.74,-1.74,0,0.58,1.7
2023,741,Dallas Goedert,PHI,TE,1,1,NE,11.627906976744185,5.555555555555555,93.4,5,62.5,1,12.5,0,0.2,13,13,40.6,0,0,0,0,0,0,0,0,0,0,0,0,0,0,0,0,0,0,39.6,1,25,0,0,0,0,0,0,0,0,0,0,0,0,0,0,14.3,-9.96,-0.868,0,60,40,0,0,0.1,0,0.1,-0.1,0,0.02,0.1
2023,742,Jordan Akins,CLV,TE,1,1,CIN,20,0,31.9,1,11.1,0,0,0,0,,0,0,0,0,,,0,,0,,0,,0,0,0,0,0,0,0,0,,0,0,0,,0,,0,,0,,0,0,,0,0,,0,,,0,100,0,0,0,0,0,0,0,0,0,0
2023,743,Jordan Akins,CLV,TE,1,2,PIT,40,0,11.1,2,20,0,0,0,0,,0,0,0,0,,,0,,0,,0,,0,0,0,0,0,0,0,0,,0,0,0,,0,,0,,0,,0,0,,0,0,,0,,,50,50,0,0,0,0,0,0,0,0,0,0
2023,744,Jordan Akins,CLV,TE,1,3,TEN,20,0,19.4,1,16.7,0,0,0,0,,0,0,0,0,,,0,,0,,0,,0,0,0,0,0,0,0,0,,0,0,0,,0,,0,,0,,0,0,,0,0,,0,,,0,0,100,0,0,0,0,0,0,0,0,0
2023,745,Jordan Akins,CLV,TE,1,4,BLT,20,0,23.1,1,10,0,0,0,0,,0,0,0,0,,,0,,0,,0,,0,0,0,0,0,0,0,0,,0,0,0,,0,,0,,0,,0,0,,0,0,,0,,,100,0,0,0,0,0,0,0,0,0,0,0
2023,746,Ian Thomas,CAR,TE,1,2,NO,28.57142857142857,0,30.4,2,22.2,0,0,0,0,,0,0,0,0,,,0,,0,,0,,0,0,0,0,0,0,0,0,,0,0,0,,0,,0,,0,,0,0,,0,0,,0,,,50,0,50,0,0,0,0,0,0,0,0,0
2023,747,Ian Thomas,CAR,TE,1,3,SEA,42.857142857142854,0,17.3,3,14.3,0,0,0,0,,0,0,0,0,,,0,,0,,0,,0,0,0,0,0,0,0,0,,0,0,0,,0,,0,,0,,0,0,,0,0,,0,,,0,66.7,33.3,0,0,0,0,0,0,0,0,0
2023,748,Ian Thomas,CAR,TE,1,4,MIN,28.57142857142857,0,36.8,2,16.7,0,0,0,0,,0,0,0,0,,,0,,0,,0,,0,0,0,0,0,0,0,0,,0,0,0,,0,,0,,0,,0,0,,0,0,,0,,,0,0,100,0,0,0,0,0,0,0,0,0
2023,749,Dalton Schultz,HST,TE,1,1,BLT,23.684210526315788,7.142857142857142,81.9,9,75,1,8.3,0,0.11,6,6,10.7,0,0,0,0,0,0,0,0,0,0,0,0.01,0,1,0,0,0,0,39.6,1,11.1,0,0,1,100,0,0,0,0,1,0,0,0,0,0,9.1,-7.09,-0.501,44.4,11.1,44.4,0,0,0.8,0,0.77,-0.77,0,0.09,0.8
2023,750,Dalton Schultz,HST,TE,1,4,PIT,2.631578947368421,0,47.8,1,16.7,0,0,0,0,,0,0,0,0,,,0,,0,,0,,0,0,0,0,0,0,0,0,,0,0,0,,0,,0,,0,,0,0,,0,0,,0,,,0,0,100,0,0,0,0,0,0,0,0,0
2023,751,Justin Watson,KC,WR,1,3,CHI,25,0,41.3,9,56.3,0,0,0,0,,0,0,0,0,,,0,,0,,0,,0,0,0,0,0,0,0,0,,0,0,0,,0,,0,,0,,0,0,,0,0,,0,,,77.8,22.2,0,0,0,0,0,0,0,0,0,0
2023,752,Justin Watson,KC,WR,1,4,NYJ,22.22222222222222,0,59.1,8,66.7,0,0,0,0,,0,0,0,0,,,0,,0,,0,,0,0,0,0,0,0,0,0,,0,0,0,,0,,0,,0,,0,0,,0,0,,0,,,87.5,12.5,0,0,0,0,0,0,0,0,0,0
2023,753,Justin Watson,KC,WR,1,6,DEN,5.555555555555555,0,40,2,22.2,0,0,0,0,,0,0,0,0,,,0,,0,,0,,0,0,0,0,0,0,0,0,,0,0,0,,0,,0,,0,,0,0,,0,0,,0,,,50,50,0,0,0,0,0,0,0,0,0,0
2023,754,Ray-Ray McCloud,SF,WR,1,3,NYG,31.25,0,44.9,5,55.6,0,0,0,0,,0,0,0,0,,,0,,0,,0,,0,0,0,0,0,0,0,0,,0,0,0,,0,,0,,0,,0,0,,0,0,,0,,,80,20,0,0,0,0,0,0,0,0,0,0
2023,755,Ray-Ray McCloud,SF,WR,1,5,DAL,6.25,0,19.4,1,16.7,0,0,0,0,,0,0,0,0,,,0,,0,,0,,0,0,0,0,0,0,0,0,,0,0,0,,0,,0,,0,,0,0,,0,0,,0,,,100,0,0,0,0,0,0,0,0,0,0,0
2023,756,Ray-Ray McCloud,SF,WR,1,6,CLV,37.5,33.33333333333333,69.1,6,85.7,1,14.3,0,0.17,-6,-6,-11.3,0,0,0,0,0,0,0,0,0,0,0,0,0,0,0,0,0,0,39.6,1,16.7,1,100,0,0,0,0,0,0,0,0,0,0,0,0,16.7,-3.74,-0.45,83.3,16.7,0,0,0,0,0,-0.02,0.02,0,0,0
2023,757,Cedrick Wilson,MIA,WR,1,3,DEN,8.333333333333332,0,46.5,1,14.3,0,0,0,0,,0,0,0,0,,,0,,0,,0,,0,0,0,0,0,0,0,0,,0,0,0,,0,,0,,0,,0,0,,0,0,,0,,,100,0,0,0,0,0,0,0,0,0,0,0
2023,758,Cedrick Wilson,MIA,WR,1,6,CAR,25,0,38.5,3,23.1,0,0,0,0,,0,0,0,0,,,0,,0,,0,,0,0,0,0,0,0,0,0,,0,0,0,,0,,0,,0,,0,0,,0,0,,0,,,100,0,0,0,0,0,0,0,0,0,0,0
2023,759,Trent Sherfield,BUF,WR,1,1,NYJ,18.75,0,16.2,3,30,0,0,0,0,,0,0,0,0,,,0,,0,,0,,0,0,0,0,0,0,0,0,,0,0,0,,0,,0,,0,,0,0,,0,0,,0,,,33.3,66.7,0,0,0,0,0,0,0,0,0,0
2023,760,Trent Sherfield,BUF,WR,1,2,LV,18.75,0,39.2,3,25,0,0,0,0,,0,0,0,0,,,0,,0,,0,,0,0,0,0,0,0,0,0,,0,0,0,,0,,0,,0,,0,0,,0,0,,0,,,66.7,33.3,0,0,0,0,0,0,0,0,0,0
2023,761,Trent Sherfield,BUF,WR,1,5,JAX,12.5,0,16.7,2,28.6,0,0,0,0,,0,0,0,0,,,0,,0,,0,,0,0,0,0,0,0,0,0,,0,0,0,,0,,0,,0,,0,0,,0,0,,0,,,100,0,0,0,0,0,0,0,0,0,0,0
2023,762,Trent Sherfield,BUF,WR,1,6,NYG,25,0,37.3,4,36.4,0,0,0,0,,0,0,0,0,,,0,,0,,0,,0,0,0,0,0,0,0,0,,0,0,0,,0,,0,,0,,0,0,,0,0,,0,,,0,100,0,0,0,0,0,0,0,0,0,0
2023,763,Allen Lazard,NYJ,WR,1,3,NE,21.73913043478261,0,96.7,10,83.3,0,0,0,0,,0,0,0,0,,,0,,0,,0,,0,0,0,0,0,0,0,0,,0,0,0,,0,,0,,0,,0,0,,0,0,,0,,,100,0,0,0,0,0,0,0,0,0,0,0
2023,764,Allen Lazard,NYJ,WR,1,4,KC,26.08695652173913,0,86,12,80,0,0,0,0,,0,0,0,0,,,0,,0,,0,,0,0,0,0,0,0,0,0,,0,0,0,,0,,0,,0,,0,0,,0,0,,0,,,83.3,16.7,0,0,0,0,0,0,0,0,0,0
2023,765,David Wells,TB,TE,1,3,PHI,100,0,11.4,2,28.6,0,0,0,0,,0,0,0,0,,,0,,0,,0,,0,0,0,0,0,0,0,0,,0,0,0,,0,,0,,0,,0,0,,0,0,,0,,,0,50,50,0,0,0,0,0,0,0,0,0
2023,766,Brandon Powell,MIN,WR,1,3,LAC,20,0,6.4,2,13.3,0,0,0,0,,0,0,0,0,,,0,,0,,0,,0,0,0,0,0,0,0,0,,0,0,0,,0,,0,,0,,0,0,,0,0,,0,,,100,0,0,0,0,0,0,0,0,0,0,0
2023,767,Michael Gallup,DAL,WR,1,1,NYG,13.157894736842104,0,67.3,5,62.5,0,0,0,0,,0,0,0,0,,,0,,0,,0,,0,0,0,0,0,0,0,0,,0,0,0,,0,,0,,0,,0,0,,0,0,,0,,,80,20,0,0,0,0,0,0,0,0,0,0
2023,768,Michael Gallup,DAL,WR,1,2,NYJ,31.57894736842105,0,72.3,12,92.3,0,0,0,0,,0,0,0,0,,,0,,0,,0,,0,0,0,0,0,0,0,0,,0,0,0,,0,,0,,0,,0,0,,0,0,,0,,,91.7,8.3,0,0,0,0,0,0,0,0,0,0
2023,769,Michael Gallup,DAL,WR,1,3,ARZ,13.157894736842104,0,68,5,83.3,0,0,0,0,,0,0,0,0,,,0,,0,,0,,0,0,0,0,0,0,0,0,,0,0,0,,0,,0,,0,,0,0,,0,0,,0,,,80,20,0,0,0,0,0,0,0,0,0,0
2023,770,Michael Gallup,DAL,WR,1,4,NE,13.157894736842104,0,53.6,5,71.4,0,0,0,0,,0,0,0,0,,,0,,0,,0,,0,0,0,0,0,0,0,0,,0,0,0,,0,,0,,0,,0,0,,0,0,,0,,,80,20,0,0,0,0,0,0,0,0,0,0
2023,771,Michael Gallup,DAL,WR,1,5,SF,18.421052631578945,0,81.6,7,87.5,0,0,0,0,,0,0,0,0,,,0,,0,,0,,0,0,0,0,0,0,0,0,,0,0,0,,0,,0,,0,,0,0,,0,0,,0,,,100,0,0,0,0,0,0,0,0,0,0,0
2023,772,Michael Gallup,DAL,WR,1,6,LAC,10.526315789473683,0,70.5,4,66.7,0,0,0,0,,0,0,0,0,,,0,,0,,0,,0,0,0,0,0,0,0,0,,0,0,0,,0,,0,,0,,0,0,,0,0,,0,,,100,0,0,0,0,0,0,0,0,0,0,0
2023,773,D.J. Chark,CAR,WR,1,2,NO,11.11111111111111,0,58.9,5,55.6,0,0,0,0,,0,0,0,0,,,0,,0,,0,,0,0,0,0,0,0,0,0,,0,0,0,,0,,0,,0,,0,0,,0,0,,0,,,100,0,0,0,0,0,0,0,0,0,0,0
2023,774,D.J. Chark,CAR,WR,1,4,MIN,6.666666666666667,0,91.2,3,25,0,0,0,0,,0,0,0,0,,,0,,0,,0,,0,0,0,0,0,0,0,0,,0,0,0,,0,,0,,0,,0,0,,0,0,,0,,,66.7,33.3,0,0,0,0,0,0,0,0,0,0
2023,775,D.J. Chark,CAR,WR,1,5,DET,26.666666666666668,0,98.5,12,100,0,0,0,0,,0,0,0,0,,,0,,0,,0,,0,0,0,0,0,0,0,0,,0,0,0,,0,,0,,0,,0,0,,0,0,,0,,,100,0,0,0,0,0,0,0,0,0,0,0
2023,776,D.J. Chark,CAR,WR,1,6,MIA,13.333333333333334,25,66.2,6,54.5,1,9.1,0,0.17,9,9,8.1,0,0,0,0,0,0,0,0,0,0,0,0,0,0,0,0,0,0,39.6,0,0,0,0,0,0,0,0,0,0,0,0,0,0,0,0,16.7,-7.45,-0.886,83.3,16.7,0,0,0,0,0,-0.01,0.01,0,0,0
2023,777,Durham Smythe,MIA,TE,1,1,LAC,28.888888888888886,20,100,13,92.9,1,7.1,0,0.08,3,3,2.2,0,0,0,0,0,0,0,0,0,0,0,0,0,0,0,0,0,0,39.6,1,8.3,0,0,0,0,0,0,0,0,0,0,0,0,0,0,7.1,-6.32,-0.484,30.8,46.2,23.1,0,0,0,0,0,0,0,0,0
2023,778,Durham Smythe,MIA,TE,1,3,DEN,2.2222222222222223,0,36.6,1,14.3,0,0,0,0,,0,0,0,0,,,0,,0,,0,,0,0,0,0,0,0,0,0,,0,0,0,,0,,0,,0,,0,0,,0,0,,0,,,0,100,0,0,0,0,0,0,0,0,0,0
2023,779,Durham Smythe,MIA,TE,1,5,NYG,11.11111111111111,0,81.5,5,45.5,0,0,0,0,,0,0,0,0,,,0,,0,,0,,0,0,0,0,0,0,0,0,,0,0,0,,0,,0,,0,,0,0,,0,0,,0,,,60,40,0,0,0,0,0,0,0,0,0,0
2023,780,Durham Smythe,MIA,TE,1,6,CAR,15.555555555555555,0,67.7,7,53.8,0,0,0,0,,0,0,0,0,,,0,,0,,0,,0,0,0,0,0,0,0,0,,0,0,0,,0,,0,,0,,0,0,,0,0,,0,,,14.3,42.9,42.9,0,0,0,0,0,0,0,0,0
2023,781,D.J. Moore,CHI,WR,1,3,KC,8.333333333333332,0,100,3,60,0,0,0,0,,0,0,0,0,,,0,,0,,0,,0,0,0,0,0,0,0,0,,0,0,0,,0,,0,,0,,0,0,,0,0,,0,,,100,0,0,0,0,0,0,0,0,0,0,0
2023,782,Hayden Hurst,CAR,TE,1,3,SEA,31.57894736842105,14.285714285714285,60,12,57.1,1,4.8,0,0.08,5,5,2.3,0,0,0,0,0,0,0,0,0,0,0,0,0,0,0,0,0,0,39.6,1,8.3,0,0,1,100,0,0,0,0,1,0,0,0,0,0,8.3,-6.48,-0.471,25,58.3,16.7,0,0,0.9,0,0.92,-0.92,0,0.08,0.9
2023,783,Hayden Hurst,CAR,TE,1,6,MIA,13.157894736842104,0,52.9,5,45.5,0,0,0,0,,0,0,0,0,,,0,,0,,0,,0,0,0,0,0,0,0,0,,0,0,0,,0,,0,,0,,0,0,,0,0,,0,,,20,40,40,0,0,0,0,0,0,0,0,0
2023,784,Calvin Ridley,JAX,WR,1,2,KC,17.857142857142858,0,78.1,10,55.6,0,0,0,0,,0,0,0,0,,,0,,0,,0,,0,0,0,0,0,0,0,0,,0,0,0,,0,,0,,0,,0,0,,0,0,,0,,,70,30,0,0,0,0,0,0,0,0,0,0
2023,785,Calvin Ridley,JAX,WR,1,3,HST,21.428571428571427,40,81.2,12,80,2,13.3,0,0.17,16,32,26,0,0,0,0,0,0,0,0,0,0,0,0.08,0,0,0,0,0,0,39.6,2,15.4,0,0,2,100,1,0,2,100,0,0,0,0,0,0,15.4,-9.98,-0.774,75,25,0,0,0,5.1,0,5.12,-5.12,0,0.43,5.1
2023,786,Calvin Ridley,JAX,WR,1,4,ATL,23.214285714285715,0,79.7,13,76.5,0,0,0,0,,0,0,0,0,,,0,,0,,0,,0,0,0,0,0,0,0,0,,0,0,0,,0,,0,,0,,0,0,,0,0,,0,,,92.3,7.7,0,0,0,0,0,0,0,0,0,0
2023,787,Calvin Ridley,JAX,WR,1,6,IND,14.285714285714285,20,79,8,88.9,1,11.1,0,0.13,28,28,35.9,0,0,0,0,0,0,0,0,0,0,0,0,0,0,0,0,0,0,39.6,1,12.5,0,0,0,0,1,0,0,0,0,0,0,0,0,0,12.5,-11.08,-0.567,62.5,37.5,0,0,0,0,0,0.01,-0.01,0,0,0
2023,788,KhaDarel Hodge,ATL,WR,1,2,GB,18.75,0,12.8,3,37.5,0,0,0,0,,0,0,0,0,,,0,,0,,0,,0,0,0,0,0,0,0,0,,0,0,0,,0,,0,,0,,0,0,,0,0,,0,,,66.7,33.3,0,0,0,0,0,0,0,0,0,0
2023,789,KhaDarel Hodge,ATL,WR,1,3,DET,18.75,0,18.5,3,25,0,0,0,0,,0,0,0,0,,,0,,0,,0,,0,0,0,0,0,0,0,0,,0,0,0,,0,,0,,0,,0,0,,0,0,,0,,,100,0,0,0,0,0,0,0,0,0,0,0
2023,790,KhaDarel Hodge,ATL,WR,1,5,HST,25,0,48.6,4,36.4,0,0,0,0,,0,0,0,0,,,0,,0,,0,,0,0,0,0,0,0,0,0,,0,0,0,,0,,0,,0,,0,0,,0,0,,0,,,75,25,0,0,0,0,0,0,0,0,0,0
2023,791,KhaDarel Hodge,ATL,WR,1,6,WAS,18.75,0,35.4,3,23.1,0,0,0,0,,0,0,0,0,,,0,,0,,0,,0,0,0,0,0,0,0,0,,0,0,0,,0,,0,,0,,0,0,,0,0,,0,,,100,0,0,0,0,0,0,0,0,0,0,0
2023,792,Jakobi Meyers,LV,WR,1,1,DEN,9.523809523809524,0,80,2,100,0,0,0,0,,0,0,0,0,,,0,,0,,0,,0,0,0,0,0,0,0,0,,0,0,0,,0,,0,,0,,0,0,,0,0,,0,,,100,0,0,0,0,0,0,0,0,0,0,0
2023,793,Jakobi Meyers,LV,WR,1,3,PIT,19.047619047619047,12.5,86.6,4,100,1,25,0,0.25,30,30,65.2,0,0,0,0,0,0,0,0,0,0,0,0,0,0,0,0,0,0,39.6,1,50,0,0,0,0,1,0,0,0,0,0,0,0,0,0,25,-9.19,-0.54,50,50,0,0,0,0,0,0,0,0,0,0
2023,794,Jakobi Meyers,LV,WR,1,4,LAC,19.047619047619047,25,95.7,4,66.7,2,33.3,0,0.5,9,18,46.2,0,0,0,0,0,0,0,0,0,0,0,0,0,1,0,0,0,0,0,2,40,0,0,0,0,0,0,0,0,0,0,0,0,0,0,40,-7.71,-3.754,50,50,0,0,0,0,0,0,0,0,0,0
2023,795,Irv Smith,CIN,TE,1,5,ARZ,25,0,60.8,8,53.3,0,0,0,0,,0,0,0,0,,,0,,0,,0,,0,0,0,0,0,0,0,0,,0,0,0,,0,,0,,0,,0,0,,0,0,,0,,,37.5,25,37.5,0,0,0,0,0,0,0,0,0
2023,796,Foster Moreau,NO,TE,1,1,TEN,42.857142857142854,0,50,3,30,0,0,0,0,,0,0,0,0,,,0,,0,,0,,0,0,0,0,0,0,0,0,,0,0,0,,0,,0,,0,,0,0,,0,0,,0,,,33.3,0,66.7,0,0,0,0,0,0,0,0,0
2023,797,Foster Moreau,NO,TE,1,2,CAR,14.285714285714285,0,48.6,1,12.5,0,0,0,0,,0,0,0,0,,,0,,0,,0,,0,0,0,0,0,0,0,0,,0,0,0,,0,,0,,0,,0,0,,0,0,,0,,,0,0,100,0,0,0,0,0,0,0,0,0
2023,798,Foster Moreau,NO,TE,1,5,NE,14.285714285714285,0,65.7,1,12.5,0,0,0,0,,0,0,0,0,,,0,,0,,0,,0,0,0,0,0,0,0,0,,0,0,0,,0,,0,,0,,0,0,,0,0,,0,,,100,0,0,0,0,0,0,0,0,0,0,0
2023,799,Foster Moreau,NO,TE,1,6,HST,28.57142857142857,0,48.7,2,10.5,0,0,0,0,,0,0,0,0,,,0,,0,,0,,0,0,0,0,0,0,0,0,,0,0,0,,0,,0,,0,,0,0,,0,0,,0,,,50,50,0,0,0,0,0,0,0,0,0,0
2023,800,Hunter Renfrow,LV,WR,1,4,LAC,28.57142857142857,28.57142857142857,43.5,4,66.7,2,33.3,0,0.5,10.5,21,53.8,0,0,0,0,0,0,0,0,0,0,0,0,0,0,0,0,0,0,39.6,2,40,0,0,1,50,0,0,1,50,0,0,0,0,0,0,50,-8.86,-0.833,25,75,0,0,0,1.6,0,1.63,-1.63,0,0.41,1.6
2023,801,Keelan Doss,LAC,WR,1,6,DAL,100,0,16.4,1,14.3,0,0,0,0,,0,0,0,0,,,0,,0,,0,,0,0,0,0,0,0,0,0,,0,0,0,,0,,0,,0,,0,0,,0,0,,0,,,0,100,0,0,0,0,0,0,0,0,0,0
2023,802,Mecole Hardman,NYJ,WR,1,4,KC,40,0,8.8,2,13.3,0,0,0,0,,0,0,0,0,,,0,,0,,0,,0,0,0,0,0,0,0,0,,0,0,0,,0,,0,,0,,0,0,,0,0,,0,,,100,0,0,0,0,0,0,0,0,0,0,0
2023,803,Cody Thompson,SEA,WR,1,1,LA,100,0,4.3,1,14.3,0,0,0,0,,0,0,0,0,,,0,,0,,0,,0,0,0,0,0,0,0,0,,0,0,0,,0,,0,,0,,0,0,,0,0,,0,,,100,0,0,0,0,0,0,0,0,0,0,0
2023,804,Olamide Zaccheaus,PHI,WR,1,1,NE,4.545454545454546,0,11.5,1,12.5,0,0,0,0,,0,0,0,0,,,0,,0,,0,,0,0,0,0,0,0,0,0,,0,0,0,,0,,0,,0,,0,0,,0,0,,0,,,100,0,0,0,0,0,0,0,0,0,0,0
2023,805,Olamide Zaccheaus,PHI,WR,1,2,MIN,9.090909090909092,0,46.7,2,50,0,0,0,0,,0,0,0,0,,,0,,0,,0,,0,0,0,0,0,0,0,0,,0,0,0,,0,,0,,0,,0,0,,0,0,,0,,,100,0,0,0,0,0,0,0,0,0,0,0
2023,806,Deonte Harty,BUF,WR,1,1,NYJ,18.75,16.666666666666664,22.1,3,30,1,10,0,0.33,56,56,41.5,0,0,0,0,0,0,0,0,0,0,0,0,0,0,0,0,0,0,0,0,0,0,0,0,0,1,0,0,0,0,0,0,0,0,0,33.3,-15,0.019,66.7,33.3,0,0,0,0.1,0,0.05,-0.05,0,0.02,0.1
2023,807,Deonte Harty,BUF,WR,1,2,LV,12.5,0,17.6,2,16.7,0,0,0,0,,0,0,0,0,,,0,,0,,0,,0,0,0,0,0,0,0,0,,0,0,0,,0,,0,,0,,0,0,,0,0,,0,,,0,100,0,0,0,0,0,0,0,0,0,0
2023,808,T.J. Hockenson,MIN,TE,1,1,TB,15.555555555555555,0,74.6,7,87.5,0,0,0,0,,0,0,0,0,,,0,,0,,0,,0,0,0,0,0,0,0,0,,0,0,0,,0,,0,,0,,0,0,,0,0,,0,,,0,71.4,28.6,0,0,0,0,0,0,0,0,0
2023,809,T.J. Hockenson,MIN,TE,1,4,CAR,6.666666666666667,8.333333333333332,90.9,3,75,1,25,0,0.33,16,16,50,0,0,0,0,0,0,0,0,0,0,0,0,0,0,0,0,0,0,39.6,1,25,0,0,1,100,0,0,0,0,1,0,0,0,0,0,25,-10.19,-1.232,0,66.7,33.3,0,0,1.5,0,1.47,-1.47,0,0.49,1.5
2023,810,T.J. Hockenson,MIN,TE,1,5,KC,20,16.666666666666664,77.9,9,75,2,16.7,0,0.22,12.5,25,20.8,0,0,0,0,0,0,0,0,0,0,0,0.01,0,0,0,0,0,0,39.6,2,25,0,0,2,100,0,0,1,50,1,0,0,0,0,0,18.2,-9.2,-1.122,11.1,77.8,11.1,0,0,3.3,0,3.28,-3.28,0,0.36,3.3
2023,811,T.J. Hockenson,MIN,TE,1,6,CHI,11.11111111111111,0,78.2,5,100,0,0,0,0,,0,0,0,0,,,0,,0,,0,,0,0,0,0,0,0,0,0,,0,0,0,,0,,0,,0,,0,0,,0,0,,0,,,20,80,0,0,0,0,0,0,0,0,0,0
2023,812,Josh Oliver,MIN,TE,1,1,TB,50,0,47.6,1,12.5,0,0,0,0,,0,0,0,0,,,0,,0,,0,,0,0,0,0,0,0,0,0,,0,0,0,,0,,0,,0,,0,0,,0,0,,0,,,0,100,0,0,0,0,0,0,0,0,0,0
2023,813,Josh Oliver,MIN,TE,1,5,KC,50,0,32.4,1,8.3,0,0,0,0,,0,0,0,0,,,0,,0,,0,,0,0,0,0,0,0,0,0,,0,0,0,,0,,0,,0,,0,0,,0,0,,0,,,0,100,0,0,0,0,0,0,0,0,0,0
2023,814,Trevon Wesco,TEN,TE,1,1,NO,25,0,39,1,7.1,0,0,0,0,,0,0,0,0,,,0,,0,,0,,0,0,0,0,0,0,0,0,,0,0,0,,0,,0,,0,,0,0,,0,0,,0,,,0,0,100,0,0,0,0,0,0,0,0,0
2023,815,Trevon Wesco,TEN,TE,1,3,CLV,25,0,42.2,1,16.7,0,0,0,0,,0,0,0,0,,,0,,0,,0,,0,0,0,0,0,0,0,0,,0,0,0,,0,,0,,0,,0,0,,0,0,,0,,,0,0,100,0,0,0,0,0,0,0,0,0
2023,816,Trevon Wesco,TEN,TE,1,4,CIN,25,0,38.7,1,11.1,0,0,0,0,,0,0,0,0,,,0,,0,,0,,0,0,0,0,0,0,0,0,,0,0,0,,0,,0,,0,,0,0,,0,0,,0,,,0,0,100,0,0,0,0,0,0,0,0,0
2023,817,Trevon Wesco,TEN,TE,1,6,BLT,25,0,47.8,1,14.3,0,0,0,0,,0,0,0,0,,,0,,0,,0,,0,0,0,0,0,0,0,0,,0,0,0,,0,,0,,0,,0,0,,0,0,,0,,,0,0,100,0,0,0,0,0,0,0,0,0
2023,818,Scott Miller,ATL,WR,1,2,GB,13.333333333333334,0,11.5,2,25,0,0,0,0,,0,0,0,0,,,0,,0,,0,,0,0,0,0,0,0,0,0,,0,0,0,,0,,0,,0,,0,0,,0,0,,0,,,50,50,0,0,0,0,0,0,0,0,0,0
2023,819,Scott Miller,ATL,WR,1,3,DET,13.333333333333334,0,15.4,2,16.7,0,0,0,0,,0,0,0,0,,,0,,0,,0,,0,0,0,0,0,0,0,0,,0,0,0,,0,,0,,0,,0,0,,0,0,,0,,,50,50,0,0,0,0,0,0,0,0,0,0
2023,820,Scott Miller,ATL,WR,1,4,JAX,13.333333333333334,0,24.6,2,16.7,0,0,0,0,,0,0,0,0,,,0,,0,,0,,0,0,0,0,0,0,0,0,,0,0,0,,0,,0,,0,,0,0,,0,0,,0,,,50,50,0,0,0,0,0,0,0,0,0,0
2023,821,Scott Miller,ATL,WR,1,6,WAS,33.33333333333333,0,35.4,5,38.5,0,0,0,0,,0,0,0,0,,,0,,0,,0,,0,0,0,0,0,0,0,0,,0,0,0,,0,,0,,0,,0,0,,0,0,,0,,,20,80,0,0,0,0,0,0,0,0,0,0
2023,822,Donald Parham,LAC,TE,1,2,TEN,31.818181818181817,16.666666666666664,47.7,7,70,1,10,0,0.14,27,27,21.8,0,0,0,0,0,0,0,0,0,0,0,0,0,0,1,0,0,0,39.6,1,12.5,0,0,0,0,1,0,0,0,0,0,0,0,0,0,12.5,-13.57,-0.276,28.6,57.1,14.3,0,0,0,0,0.01,-0.01,0,0,0
2023,823,Donald Parham,LAC,TE,1,4,LV,9.090909090909092,16.666666666666664,22.2,2,33.3,1,16.7,0,0.5,22,22,21,0,0,0,0,0,0,0,0,0,0,0,0,0,1,1,0,0,0,39.6,1,33.3,0,0,0,0,1,0,0,0,1,0,0,0,0,0,50,-10.57,-0.562,50,50,0,0,0,0,0,-0.02,0.02,0,-0.01,0
2023,824,Trenton Irwin,CIN,WR,1,1,CLV,12.5,0,18.5,3,33.3,0,0,0,0,,0,0,0,0,,,0,,0,,0,,0,0,0,0,0,0,0,0,,0,0,0,,0,,0,,0,,0,0,,0,0,,0,,,100,0,0,0,0,0,0,0,0,0,0,0
2023,825,Trenton Irwin,CIN,WR,1,2,BLT,8.333333333333332,0,19.3,2,15.4,0,0,0,0,,0,0,0,0,,,0,,0,,0,,0,0,0,0,0,0,0,0,,0,0,0,,0,,0,,0,,0,0,,0,0,,0,,,100,0,0,0,0,0,0,0,0,0,0,0
2023,826,Trenton Irwin,CIN,WR,1,4,TEN,16.666666666666664,0,43.1,4,36.4,0,0,0,0,,0,0,0,0,,,0,,0,,0,,0,0,0,0,0,0,0,0,,0,0,0,,0,,0,,0,,0,0,,0,0,,0,,,75,25,0,0,0,0,0,0,0,0,0,0
2023,827,Trenton Irwin,CIN,WR,1,6,SEA,20.833333333333336,0,43.4,5,29.4,0,0,0,0,,0,0,0,0,,,0,,0,,0,,0,0,0,0,0,0,0,0,,0,0,0,,0,,0,,0,,0,0,,0,0,,0,,,60,40,0,0,0,0,0,0,0,0,0,0
2023,828,Lil'Jordan Humphrey,DEN,WR,1,3,MIA,11.11111111111111,0,20.3,1,11.1,0,0,0,0,,0,0,0,0,,,0,,0,,0,,0,0,0,0,0,0,0,0,,0,0,0,,0,,0,,0,,0,0,,0,0,,0,,,0,100,0,0,0,0,0,0,0,0,0,0
2023,829,Greg Dortch,ARZ,WR,1,6,LA,100,100,21.9,3,23.1,1,7.7,0,0.33,42,42,35,0,0,0,0,0,0,0,0,0,0,0,0,0,0,1,0,0,0,39.6,0,0,0,0,0,0,1,0,0,0,0,0,0,0,0,0,33.3,-15,-0.54,66.7,33.3,0,0,0,-0.1,0,-0.06,0.06,0,-0.02,-0.1
2023,830,Darius Slayton,NYG,WR,1,3,SF,22.448979591836736,0,84.8,11,84.6,0,0,0,0,,0,0,0,0,,,0,,0,,0,,0,0,0,0,0,0,0,0,,0,0,0,,0,,0,,0,,0,0,,0,0,,0,,,100,0,0,0,0,0,0,0,0,0,0,0
2023,831,Darius Slayton,NYG,WR,1,4,SEA,16.3265306122449,0,87.8,8,72.7,0,0,0,0,,0,0,0,0,,,0,,0,,0,,0,0,0,0,0,0,0,0,,0,0,0,,0,,0,,0,,0,0,,0,0,,0,,,87.5,12.5,0,0,0,0,0,0,0,0,0,0
2023,832,Darius Slayton,NYG,WR,1,5,MIA,16.3265306122449,0,67.6,8,72.7,0,0,0,0,,0,0,0,0,,,0,,0,,0,,0,0,0,0,0,0,0,0,,0,0,0,,0,,0,,0,,0,0,,0,0,,0,,,62.5,37.5,0,0,0,0,0,0,0,0,0,0
2023,833,Drew Sample,CIN,TE,1,2,BLT,9.090909090909092,0,22.8,1,7.7,0,0,0,0,,0,0,0,0,,,0,,0,,0,,0,0,0,0,0,0,0,0,,0,0,0,,0,,0,,0,,0,0,,0,0,,0,,,0,0,100,0,0,0,0,0,0,0,0,0
2023,834,Drew Sample,CIN,TE,1,3,LA,36.36363636363637,0,45.9,4,21.1,0,0,0,0,,0,0,0,0,,,0,,0,,0,,0,0,0,0,0,0,0,0,,0,0,0,,0,,0,,0,,0,0,,0,0,,0,,,0,0,50,50,0,0,0,0,0,0,0,0
2023,835,Drew Sample,CIN,TE,1,5,ARZ,27.27272727272727,0,34.2,3,20,0,0,0,0,,0,0,0,0,,,0,,0,,0,,0,0,0,0,0,0,0,0,,0,0,0,,0,,0,,0,,0,0,,0,0,,0,,,66.7,0,33.3,0,0,0,0,0,0,0,0,0
2023,836,Drew Sample,CIN,TE,1,6,SEA,27.27272727272727,0,34,3,17.6,0,0,0,0,,0,0,0,0,,,0,,0,,0,,0,0,0,0,0,0,0,0,,0,0,0,,0,,0,,0,,0,0,,0,0,,0,,,66.7,0,0,33.3,0,0,0,0,0,0,0,0
2023,837,DK Metcalf,SEA,WR,1,2,DET,30,0,82.1,9,81.8,0,0,0,0,,0,0,0,0,,,0,,0,,0,,0,0,0,0,0,0,0,0,,0,0,0,,0,,0,,0,,0,0,,0,0,,0,,,100,0,0,0,0,0,0,0,0,0,0,0
2023,838,DK Metcalf,SEA,WR,1,4,NYG,13.333333333333334,0,70.6,4,57.1,0,0,0,0,,0,0,0,0,,,0,,0,,0,,0,0,0,0,0,0,0,0,,0,0,0,,0,,0,,0,,0,0,,0,0,,0,,,100,0,0,0,0,0,0,0,0,0,0,0
2023,839,DK Metcalf,SEA,WR,1,6,CIN,20,33.33333333333333,77.1,6,66.7,1,11.1,0,0.17,8,8,11.8,0,0,0,0,0,0,0,0,0,0,0,0,0,1,0,0,0,0,39.6,1,14.3,0,0,0,0,0,0,0,0,0,0,0,0,0,0,16.7,-7.51,-1.168,50,50,0,0,0,0,0,0.03,-0.03,0,0.01,0
2023,840,Noah Fant,SEA,TE,1,1,LA,37.5,0,50,3,42.9,0,0,0,0,,0,0,0,0,,,0,,0,,0,,0,0,0,0,0,0,0,0,,0,0,0,,0,,0,,0,,0,0,,0,0,,0,,,33.3,0,66.7,0,0,0,0,0,0,0,0,0
2023,841,Noah Fant,SEA,TE,1,3,CAR,12.5,0,64.8,1,16.7,0,0,0,0,,0,0,0,0,,,0,,0,,0,,0,0,0,0,0,0,0,0,,0,0,0,,0,,0,,0,,0,0,,0,0,,0,,,0,100,0,0,0,0,0,0,0,0,0,0
2023,842,Noah Fant,SEA,TE,1,6,CIN,12.5,0,41.4,1,11.1,0,0,0,0,,0,0,0,0,,,0,,0,,0,,0,0,0,0,0,0,0,0,,0,0,0,,0,,0,,0,,0,0,,0,0,,0,,,0,100,0,0,0,0,0,0,0,0,0,0
2023,843,Gunner Olszewski,PIT,WR,1,2,CLV,50,100,1.9,1,16.7,1,16.7,0,1,-1,-1,-1.9,0,0,0,0,1,100,1,1,1,1,0,0,0,0,0,0,0,0,79.2,0,0,0,0,1,100,0,0,0,0,0,0,0,0,0,0,100,-6.17,-6.186,0,100,0,0,0,1.6,0,1.61,-1.61,1,1.61,1.6
2023,844,Gunner Olszewski,PIT,WR,1,5,BLT,50,0,6.2,1,14.3,0,0,0,0,,0,0,0,0,,,0,,0,,0,,0,0,0,0,0,0,0,0,,0,0,0,,0,,0,,0,,0,0,,0,0,,0,,,100,0,0,0,0,0,0,0,0,0,0,0
2023,845,Terry McLaurin,WAS,WR,1,1,ARZ,15.686274509803921,16.666666666666664,89.2,8,80,1,10,0,0.13,17,17,18.9,0,0,0,0,0,0,0,0,0,0,0,0,0,0,0,0,0,0,39.6,1,12.5,0,0,0,0,0,0,0,0,0,0,0,0,0,0,12.5,-11.67,-0.668,75,25,0,0,0,0,0,0,0,0,0,0
2023,846,Terry McLaurin,WAS,WR,1,2,DEN,13.725490196078432,0,72.7,7,63.6,0,0,0,0,,0,0,0,0,,,0,,0,,0,,0,0,0,0,0,0,0,0,,0,0,0,,0,,0,,0,,0,0,,0,0,,0,,,85.7,14.3,0,0,0,0,0,0,0,0,0,0
2023,847,Terry McLaurin,WAS,WR,1,4,PHI,17.647058823529413,16.666666666666664,81.1,9,69.2,1,7.7,0,0.11,23,23,18,0,0,0,0,0,0,0,0,0,0,0,0,0,0,0,0,0,0,39.6,1,9.1,0,0,1,100,1,0,0,0,1,0,0,0,0,0,10,-10.22,-1.129,66.7,33.3,0,0,0,1.5,0,1.5,-1.5,0,0.17,1.5
2023,848,Terry McLaurin,WAS,WR,1,5,CHI,29.411764705882355,0,81.8,15,88.2,0,0,0,0,,0,0,0,0,,,0,,0,,0,,0,0,0,0,0,0,0,0,,0,0,0,,0,,0,,0,,0,0,,0,0,,0,,,93.3,6.7,0,0,0,0,0,0,0,0,0,0
2023,849,Marquise Brown,ARZ,WR,1,1,WAS,9.433962264150944,0,84.5,5,71.4,0,0,0,0,,0,0,0,0,,,0,,0,,0,,0,0,0,0,0,0,0,0,,0,0,0,,0,,0,,0,,0,0,,0,0,,0,,,80,20,0,0,0,0,0,0,0,0,0,0
2023,850,Dawson Knox,BUF,TE,1,3,WAS,18.421052631578945,0,60,7,63.6,0,0,0,0,,0,0,0,0,,,0,,0,,0,,0,0,0,0,0,0,0,0,,0,0,0,,0,,0,,0,,0,0,,0,0,,0,,,0,57.1,42.9,0,0,0,0,0,0,0,0,0
2023,851,Dawson Knox,BUF,TE,1,4,MIA,5.263157894736842,0,50,2,22.2,0,0,0,0,,0,0,0,0,,,0,,0,,0,,0,0,0,0,0,0,0,0,,0,0,0,,0,,0,,0,,0,0,,0,0,,0,,,0,100,0,0,0,0,0,0,0,0,0,0
2023,852,Dawson Knox,BUF,TE,1,6,NYG,21.052631578947366,22.22222222222222,74.6,8,72.7,2,18.2,0,0.25,8,16,39,0,0,0,0,0,0,0,0,0,0,0,0,0,0,0,0,0,0,0,1,12.5,0,0,0,0,0,0,0,0,0,0,0,0,0,0,25,-8.29,-2.951,25,37.5,25,12.5,0,0,0,0,0,0,0,0
2023,853,Miles Boykin,PIT,WR,1,1,SF,50,0,8.2,2,14.3,0,0,0,0,,0,0,0,0,,,0,,0,,0,,0,0,0,0,0,0,0,0,,0,0,0,,0,,0,,0,,0,0,,0,0,,0,,,100,0,0,0,0,0,0,0,0,0,0,0
2023,854,Miles Boykin,PIT,WR,1,5,BLT,50,0,16.9,2,28.6,0,0,0,0,,0,0,0,0,,,0,,0,,0,,0,0,0,0,0,0,0,0,,0,0,0,,0,,0,,0,,0,0,,0,0,,0,,,100,0,0,0,0,0,0,0,0,0,0,0
2023,855,Deebo Samuel,SF,WR,1,4,ARZ,13.636363636363635,0,86.8,6,85.7,0,0,0,0,,0,0,0,0,,,0,,0,,0,,0,0,0,0,0,0,0,0,,0,0,0,,0,,0,,0,,0,0,,0,0,,0,,,66.7,33.3,0,0,0,0,0,0,0,0,0,0
2023,856,Mitchell Wilcox,CIN,TE,1,1,CLV,16.666666666666664,0,13,1,11.1,0,0,0,0,,0,0,0,0,,,0,,0,,0,,0,0,0,0,0,0,0,0,,0,0,0,,0,,0,,0,,0,0,,0,0,,0,,,0,0,100,0,0,0,0,0,0,0,0,0
2023,857,Mitchell Wilcox,CIN,TE,1,2,BLT,16.666666666666664,0,3.5,1,7.7,0,0,0,0,,0,0,0,0,,,0,,0,,0,,0,0,0,0,0,0,0,0,,0,0,0,,0,,0,,0,,0,0,,0,0,,0,,,0,0,100,0,0,0,0,0,0,0,0,0
2023,858,Mitchell Wilcox,CIN,TE,1,3,LA,16.666666666666664,0,41.9,1,5.3,0,0,0,0,,0,0,0,0,,,0,,0,,0,,0,0,0,0,0,0,0,0,,0,0,0,,0,,0,,0,,0,0,,0,0,,0,,,0,0,100,0,0,0,0,0,0,0,0,0
2023,859,Mitchell Wilcox,CIN,TE,1,4,TEN,33.33333333333333,0,37.3,2,18.2,0,0,0,0,,0,0,0,0,,,0,,0,,0,,0,0,0,0,0,0,0,0,,0,0,0,,0,,0,,0,,0,0,,0,0,,0,,,50,50,0,0,0,0,0,0,0,0,0,0
2023,860,Mitchell Wilcox,CIN,TE,1,6,SEA,16.666666666666664,0,11.3,1,5.9,0,0,0,0,,0,0,0,0,,,0,,0,,0,,0,0,0,0,0,0,0,0,,0,0,0,,0,,0,,0,,0,0,,0,0,,0,,,100,0,0,0,0,0,0,0,0,0,0,0
2023,861,Sean McKeon,DAL,TE,1,4,NE,100,0,24.6,1,14.3,0,0,0,0,,0,0,0,0,,,0,,0,,0,,0,0,0,0,0,0,0,0,,0,0,0,,0,,0,,0,,0,0,,0,0,,0,,,0,0,100,0,0,0,0,0,0,0,0,0
2023,862,Lawrence Cager,NYG,TE,1,1,DAL,100,0,24.6,1,16.7,0,0,0,0,,0,0,0,0,,,0,,0,,0,,0,0,0,0,0,0,0,0,,0,0,0,,0,,0,,0,,0,0,,0,0,,0,,,0,0,0,100,0,0,0,0,0,0,0,0
2023,863,Isaiah Hodgins,NYG,WR,1,1,DAL,7.4074074074074066,0,61.5,2,33.3,0,0,0,0,,0,0,0,0,,,0,,0,,0,,0,0,0,0,0,0,0,0,,0,0,0,,0,,0,,0,,0,0,,0,0,,0,,,50,50,0,0,0,0,0,0,0,0,0,0
2023,864,Isaiah Hodgins,NYG,WR,1,3,SF,33.33333333333333,25,67.4,9,69.2,1,7.7,0,0.11,11,11,16.4,0,0,0,0,0,0,0,0,0,0,0,0,0,0,0,0,0,0,39.6,1,8.3,0,0,0,0,0,0,0,0,0,0,0,0,0,0,8.3,-8.32,-0.239,77.8,22.2,0,0,0,0,0,0,0,0,0,0
2023,865,Isaiah Hodgins,NYG,WR,1,6,BUF,3.7037037037037033,0,21.9,1,8.3,0,0,0,0,,0,0,0,0,,,0,,0,,0,,0,0,0,0,0,0,0,0,,0,0,0,,0,,0,,0,,0,0,,0,0,,0,,,100,0,0,0,0,0,0,0,0,0,0,0
2023,866,Nick Westbrook-Ikhine,TEN,WR,1,2,LAC,8.333333333333332,0,66.7,3,75,0,0,0,0,,0,0,0,0,,,0,,0,,0,,0,0,0,0,0,0,0,0,,0,0,0,,0,,0,,0,,0,0,,0,0,,0,,,66.7,33.3,0,0,0,0,0,0,0,0,0,0
2023,867,Nick Westbrook-Ikhine,TEN,WR,1,3,CLV,8.333333333333332,0,80,3,50,0,0,0,0,,0,0,0,0,,,0,,0,,0,,0,0,0,0,0,0,0,0,,0,0,0,,0,,0,,0,,0,0,,0,0,,0,,,33.3,66.7,0,0,0,0,0,0,0,0,0,0
2023,868,Nick Westbrook-Ikhine,TEN,WR,1,5,IND,13.88888888888889,0,69,5,71.4,0,0,0,0,,0,0,0,0,,,0,,0,,0,,0,0,0,0,0,0,0,0,,0,0,0,,0,,0,,0,,0,0,,0,0,,0,,,80,20,0,0,0,0,0,0,0,0,0,0
2023,869,Nick Westbrook-Ikhine,TEN,WR,1,6,BLT,13.88888888888889,10,76.1,5,71.4,1,14.3,0,0.2,21,21,25,0,0,0,0,0,0,0,0,0,0,0,0.09,0,1,1,0,0,0,39.6,0,0,0,0,1,100,1,0,0,0,1,0,0,0,0,0,16.7,-11.24,-0.781,80,20,0,0,0,1.2,0,1.21,-1.21,0,0.24,1.2
2023,870,Kristian Wilkerson,LV,WR,1,2,BUF,100,0,71.8,5,83.3,0,0,0,0,,0,0,0,0,,,0,,0,,0,,0,0,0,0,0,0,0,0,,0,0,0,,0,,0,,0,,0,0,,0,0,,0,,,100,0,0,0,0,0,0,0,0,0,0,0
2023,871,Gabe Davis,BUF,WR,1,1,NYJ,16,0,94.1,8,80,0,0,0,0,,0,0,0,0,,,0,,0,,0,,0,0,0,0,0,0,0,0,,0,0,0,,0,,0,,0,,0,0,,0,0,,0,,,87.5,12.5,0,0,0,0,0,0,0,0,0,0
2023,872,Gabe Davis,BUF,WR,1,3,WAS,18,0,78.5,9,81.8,0,0,0,0,,0,0,0,0,,,0,,0,,0,,0,0,0,0,0,0,0,0,,0,0,0,,0,,0,,0,,0,0,,0,0,,0,,,100,0,0,0,0,0,0,0,0,0,0,0
2023,873,Gabe Davis,BUF,WR,1,5,JAX,12,0,90.7,6,85.7,0,0,0,0,,0,0,0,0,,,0,,0,,0,,0,0,0,0,0,0,0,0,,0,0,0,,0,,0,,0,,0,0,,0,0,,0,,,66.7,33.3,0,0,0,0,0,0,0,0,0,0
2023,874,Harrison Bryant,CLV,TE,1,2,PIT,40,50,29.6,2,20,1,10,0,0.5,4,4,7.3,0,0,0,0,0,0,0,0,0,0,0,0,0,0,0,0,0,0,0,1,12.5,0,0,1,100,0,0,1,100,0,0,0,0,0,0,50,-6.07,-7.77,0,50,50,0,0,1.7,0,1.66,-1.66,0,0.83,1.7
2023,875,Harrison Bryant,CLV,TE,1,6,SF,60,50,35.7,3,30,1,10,0,0.33,6,6,14.6,0,0,0,0,0,0,0,0,0,0,0,0.01,0,0,0,0,0,0,39.6,1,14.3,0,0,1,100,0,0,1,100,0,0,0,0,0,0,33.3,-7.09,-1.801,0,66.7,33.3,0,0,1.8,0,1.79,-1.79,0,0.6,1.8
2023,876,Donovan Peoples-Jones,CLV,WR,1,1,CIN,16.666666666666664,0,88.9,6,66.7,0,0,0,0,,0,0,0,0,,,0,,0,,0,,0,0,0,0,0,0,0,0,,0,0,0,,0,,0,,0,,0,0,,0,0,,0,,,50,50,0,0,0,0,0,0,0,0,0,0
2023,877,Donovan Peoples-Jones,CLV,WR,1,4,BLT,25,40,90.8,9,90,2,20,0,0.22,13.5,27,31.4,0,0,0,0,0,0,0,0,0,0,0,0,0,0,0,0,0,0,0,2,22.2,0,0,0,0,0,0,0,0,0,0,0,0,0,0,22.2,-9.73,-2.673,44.4,55.6,0,0,0,0,0,-0.01,0.01,0,0,0
2023,878,Donovan Peoples-Jones,CLV,WR,1,6,SF,19.444444444444446,0,80,7,70,0,0,0,0,,0,0,0,0,,,0,,0,,0,,0,0,0,0,0,0,0,0,,0,0,0,,0,,0,,0,,0,0,,0,0,,0,,,100,0,0,0,0,0,0,0,0,0,0,0
2023,879,Colby Parkinson,SEA,TE,1,2,DET,11.11111111111111,0,52.2,1,9.1,0,0,0,0,,0,0,0,0,,,0,,0,,0,,0,0,0,0,0,0,0,0,,0,0,0,,0,,0,,0,,0,0,,0,0,,0,,,0,0,100,0,0,0,0,0,0,0,0,0
2023,880,Colby Parkinson,SEA,TE,1,3,CAR,22.22222222222222,20,70.4,2,33.3,1,16.7,0,0.5,21,21,24.7,0,0,0,0,0,0,0,0,0,0,0,0,0,1,1,0,0,0,39.6,0,0,0,0,0,0,1,0,0,0,0,0,0,0,0,0,33.3,-12.96,-0.743,50,50,0,0,0,0,0,-0.01,0.01,0,0,0
2023,881,Colby Parkinson,SEA,TE,1,4,NYG,11.11111111111111,0,58.8,1,14.3,0,0,0,0,,0,0,0,0,,,0,,0,,0,,0,0,0,0,0,0,0,0,,0,0,0,,0,,0,,0,,0,0,,0,0,,0,,,0,100,0,0,0,0,0,0,0,0,0,0
2023,882,Michael Pittman,IND,WR,1,4,LA,14.285714285714285,11.11111111111111,94.8,8,72.7,1,9.1,0,0.13,16,16,12.3,0,0,0,0,0,0,0,0,0,0,0,0,0,0,0,0,0,0,39.6,1,9.1,0,0,0,0,0,0,0,0,0,0,0,0,0,0,10,-10.1,-1.497,62.5,37.5,0,0,0,0,0,-0.01,0.01,0,0,0
2023,883,Michael Pittman,IND,WR,1,6,JAX,19.642857142857142,11.11111111111111,100,11,91.7,1,8.3,0,0.09,15,15,13.9,0,0,0,0,0,0,0,0,0,0,0,0,0,0,0,0,0,0,0,1,8.3,0,0,0,0,0,0,0,0,0,0,0,0,0,0,8.3,-10.41,-4.682,81.8,18.2,0,0,0,0,0,0.02,-0.02,0,0,0
2023,884,Jauan Jennings,SF,WR,1,1,PIT,28.57142857142857,0,33.3,8,66.7,0,0,0,0,,0,0,0,0,,,0,,0,,0,,0,0,0,0,0,0,0,0,,0,0,0,,0,,0,,0,,0,0,,0,0,,0,,,37.5,62.5,0,0,0,0,0,0,0,0,0,0
2023,885,Brandon Aiyuk,SF,WR,1,6,CLV,15.789473684210526,8.333333333333332,98.2,6,85.7,1,14.3,0,0.17,13,13,24.5,0,0,0,0,0,0,0,0,0,0,0,0,0,0,0,0,0,0,39.6,1,16.7,0,0,0,0,0,0,0,0,0,0,0,0,0,0,14.3,-8.91,-0.574,66.7,33.3,0,0,0,0,0,0.02,-0.02,0,0,0
2023,886,Laviska Shenault,CAR,WR,1,1,ATL,14.285714285714285,0,33.3,1,16.7,0,0,0,0,,0,0,0,0,,,0,,0,,0,,0,0,0,0,0,0,0,0,,0,0,0,,0,,0,,0,,0,0,,0,0,,0,,,0,0,0,100,0,0,0,0,0,0,0,0
2023,887,Laviska Shenault,CAR,WR,1,3,SEA,14.285714285714285,0,13.3,1,4.8,0,0,0,0,,0,0,0,0,,,0,,0,,0,,0,0,0,0,0,0,0,0,,0,0,0,,0,,0,,0,,0,0,,0,0,,0,,,100,0,0,0,0,0,0,0,0,0,0,0
2023,888,Laviska Shenault,CAR,WR,1,4,MIN,28.57142857142857,0,17.6,2,16.7,0,0,0,0,,0,0,0,0,,,0,,0,,0,,0,0,0,0,0,0,0,0,,0,0,0,,0,,0,,0,,0,0,,0,0,,0,,,50,50,0,0,0,0,0,0,0,0,0,0
2023,889,Laviska Shenault,CAR,WR,1,5,DET,28.57142857142857,0,23.1,2,16.7,0,0,0,0,,0,0,0,0,,,0,,0,,0,,0,0,0,0,0,0,0,0,,0,0,0,,0,,0,,0,,0,0,,0,0,,0,,,50,50,0,0,0,0,0,0,0,0,0,0
2023,890,Laviska Shenault,CAR,WR,1,6,MIA,14.285714285714285,0,16.2,1,9.1,0,0,0,0,,0,0,0,0,,,0,,0,,0,,0,0,0,0,0,0,0,0,,0,0,0,,0,,0,,0,,0,0,,0,0,,0,,,100,0,0,0,0,0,0,0,0,0,0,0
2023,891,Quez Watkins,PHI,WR,1,2,MIN,6.25,0,14.7,1,25,0,0,0,0,,0,0,0,0,,,0,,0,,0,,0,0,0,0,0,0,0,0,,0,0,0,,0,,0,,0,,0,0,,0,0,,0,,,0,100,0,0,0,0,0,0,0,0,0,0
2023,892,Darnell Mooney,CHI,WR,1,2,TB,9.375,0,29.4,3,60,0,0,0,0,,0,0,0,0,,,0,,0,,0,,0,0,0,0,0,0,0,0,,0,0,0,,0,,0,,0,,0,0,,0,0,,0,,,66.7,33.3,0,0,0,0,0,0,0,0,0,0
2023,893,Darnell Mooney,CHI,WR,1,3,KC,6.25,0,70.6,2,40,0,0,0,0,,0,0,0,0,,,0,,0,,0,,0,0,0,0,0,0,0,0,,0,0,0,,0,,0,,0,,0,0,,0,0,,0,,,0,100,0,0,0,0,0,0,0,0,0,0
2023,894,Darnell Mooney,CHI,WR,1,5,WAS,18.75,18.181818181818183,78.1,6,100,2,33.3,0,0.33,23,46,52.3,0,0,0,0,0,0,0,0,0,0,0,0,0,1,1,0,0,0,39.6,2,40,0,0,0,0,2,0,0,0,1,0,0,0,0,0,33.3,-10.22,-0.792,16.7,83.3,0,0,0,-0.1,0,-0.13,0.13,0,-0.02,-0.1
2023,895,Justin Jefferson,MIN,WR,1,4,CAR,9.090909090909092,5.88235294117647,97.7,4,100,1,25,0,0.25,-4,-4,-12.5,0,0,0,0,0,0,0,0,0,0,0,0,0,0,0,0,0,0,39.6,1,25,1,100,1,100,0,0,0,0,1,0,0,0,0,0,25,-4.49,-0.433,75,25,0,0,0,0.5,0,0.47,-0.47,0,0.12,0.5
2023,896,Justin Jefferson,MIN,WR,1,5,KC,18.181818181818183,11.76470588235294,70.6,8,66.7,2,16.7,0,0.25,9,18,15,0,0,0,0,0,0,0,0,0,0,0,0.01,0,0,0,0,0,0,39.6,2,25,1,50,2,100,1,0,0,0,1,0,0,0,0,0,22.2,-7.01,-0.938,50,37.5,0,12.5,0,3.5,0,3.51,-3.51,0,0.44,3.5
2023,897,Chase Claypool,CHI,WR,1,1,GB,61.53846153846154,0,78.6,8,66.7,0,0,0,0,,0,0,0,0,,,0,,0,,0,,0,0,0,0,0,0,0,0,,0,0,0,,0,,0,,0,,0,0,,0,0,,0,,,100,0,0,0,0,0,0,0,0,0,0,0
2023,898,Chase Claypool,CHI,WR,1,2,TB,15.384615384615385,100,78.4,2,40,1,20,0,0.5,-3,-3,-14.3,0,0,0,0,0,0,0,0,0,0,0,0,0,0,0,0,0,0,39.6,0,0,0,0,0,0,0,0,0,0,0,0,0,0,0,0,50,-4.94,-0.781,50,50,0,0,0,0,0,-0.01,0.01,0,0,0
2023,899,Chase Claypool,CHI,WR,1,3,KC,23.076923076923077,0,86.3,3,60,0,0,0,0,,0,0,0,0,,,0,,0,,0,,0,0,0,0,0,0,0,0,,0,0,0,,0,,0,,0,,0,0,,0,0,,0,,,100,0,0,0,0,0,0,0,0,0,0,0
2023,900,Devin Duvernay,BLT,WR,1,2,CIN,31.57894736842105,33.33333333333333,31.4,6,30,2,10,0,0.33,18.5,37,20.9,0,0,0,0,0,0,0,0,0,0,0,0.33,0,0,0,0,0,0,39.6,2,13.3,0,0,2,100,1,0,0,0,2,0,0,0,0,0,28.6,-9.77,-0.718,50,50,0,0,0,4.7,0,4.72,-4.72,0,0.79,4.7
2023,901,Devin Duvernay,BLT,WR,1,3,IND,15.789473684210526,16.666666666666664,25,3,50,1,16.7,0,0.33,22,22,61.1,0,0,0,0,0,0,0,0,0,0,0,0,0,0,0,0,0,0,39.6,0,0,0,0,0,0,1,0,0,0,0,0,0,0,0,0,33.3,-11.92,-0.204,33.3,66.7,0,0,0,0,0,-0.01,0.01,0,0,0
2023,902,Devin Duvernay,BLT,WR,1,5,PIT,15.789473684210526,16.666666666666664,9,3,16.7,1,5.6,0,0.33,23,23,10.2,0,0,0,0,0,0,0,0,0,0,0,0,0,0,0,0,0,0,39.6,1,7.1,0,0,1,100,1,0,0,0,1,0,0,0,0,0,33.3,-10.22,-0.117,66.7,33.3,0,0,0,1.6,0,1.63,-1.63,0,0.54,1.6
2023,903,Devin Duvernay,BLT,WR,1,6,TEN,5.263157894736842,0,20,1,8.3,0,0,0,0,,0,0,0,0,,,0,,0,,0,,0,0,0,0,0,0,0,0,,0,0,0,,0,,0,,0,,0,0,,0,0,,0,,,100,0,0,0,0,0,0,0,0,0,0,0
2023,904,K.J. Osborn,MIN,WR,1,3,LAC,25.53191489361702,7.142857142857142,93.6,12,80,1,6.7,0,0.08,19,19,11.4,0,0,0,0,0,0,0,0,0,0,0,0,0,0,0,0,0,0,39.6,0,0,0,0,0,0,0,0,0,0,0,0,0,0,0,0,7.1,-11.93,-0.335,66.7,33.3,0,0,0,0,0,0.04,-0.04,0,0,0
2023,905,CeeDee Lamb,DAL,WR,1,3,ARZ,13.953488372093023,9.523809523809524,81.3,6,100,2,33.3,0,0.33,9,18,43.9,0,0,0,0,0,0,0,0,0,0,0,0,0,1,1,0,0,0,39.6,0,0,0,0,0,0,0,0,0,0,0,0,0,0,0,0,33.3,-7.45,-2.371,0,100,0,0,0,0,0,0.02,-0.02,0,0,0
2023,906,CeeDee Lamb,DAL,WR,1,4,NE,11.627906976744185,4.761904761904762,63.8,5,71.4,1,14.3,0,0.2,16,16,29.6,0,0,0,0,0,0,0,0,0,0,0,0,0,0,0,0,0,0,39.6,1,25,0,0,0,0,0,0,0,0,0,0,0,0,0,0,20,-10.1,-0.553,40,60,0,0,0,0,0,0.02,-0.02,0,0,0
2023,907,Lynn Bowden,NO,WR,1,4,TB,100,0,18,2,14.3,0,0,0,0,,0,0,0,0,,,0,,0,,0,,0,0,0,0,0,0,0,0,,0,0,0,,0,,0,,0,,0,0,,0,0,,0,,,100,0,0,0,0,0,0,0,0,0,0,0
2023,908,Jalen Reagor,NE,WR,1,6,LV,100,0,23.2,3,27.3,0,0,0,0,,0,0,0,0,,,0,,0,,0,,0,0,0,0,0,0,0,0,,0,0,0,,0,,0,,0,,0,0,,0,0,,0,,,100,0,0,0,0,0,0,0,0,0,0,0
2023,909,Tee Higgins,CIN,WR,1,1,CLV,15.217391304347828,12.5,94.4,7,77.8,1,11.1,0,0.14,25,25,56.8,0,0,0,0,0,0,0,0,0,0,0,0.05,0,0,0,0,0,0,39.6,1,14.3,0,0,1,100,1,0,0,0,1,0,0,0,0,0,11.1,-11.49,-1.667,85.7,14.3,0,0,0,1.9,0,1.91,-1.91,0,0.27,1.9
2023,910,Tee Higgins,CIN,WR,1,3,LA,36.95652173913043,0,86.5,17,89.5,0,0,0,0,,0,0,0,0,,,0,,0,,0,,0,0,0,0,0,0,0,0,,0,0,0,,0,,0,,0,,0,0,,0,0,,0,,,88.2,11.8,0,0,0,0,0,0,0,0,0,0
2023,911,Van Jefferson,LA,WR,1,2,SF,29.78723404255319,28.57142857142857,83.3,14,100,2,14.3,0,0.14,28,56,38.4,0,0,0,0,0,0,0,0,0,0,0,0,0,0,1,0,0,0,39.6,2,16.7,0,0,1,50,1,0,1,50,1,0,0,0,0,0,14.3,-11.23,-0.47,64.3,35.7,0,0,0,1.2,0,1.21,-1.21,0,0.09,1.2
2023,912,Van Jefferson,LA,WR,1,3,CIN,14.893617021276595,14.285714285714285,92.3,7,70,1,10,0,0.14,34,34,26.6,0,0,0,0,0,0,0,0,0,0,0,0,0,0,0,0,0,0,39.6,1,12.5,0,0,0,0,1,0,0,0,0,0,0,0,0,0,12.5,-14,-0.452,42.9,57.1,0,0,0,0,0,0.02,-0.02,0,0,0
2023,913,Van Jefferson,ATL,WR,1,6,WAS,14.893617021276595,0,0,7,53.8,0,0,0,0,,0,0,0,0,,,0,,0,,0,,0,0,0,0,0,0,0,0,,0,0,0,,0,,0,,0,,0,0,,0,0,,0,,,85.7,14.3,0,0,0,0,0,0,0,0,0,0
2023,914,Adam Trautman,DEN,TE,1,1,LV,4.3478260869565215,0,70.7,1,25,0,0,0,0,,0,0,0,0,,,0,,0,,0,,0,0,0,0,0,0,0,0,,0,0,0,,0,,0,,0,,0,0,,0,0,,0,,,0,100,0,0,0,0,0,0,0,0,0,0
2023,915,Adam Trautman,DEN,TE,1,2,WAS,13.043478260869565,0,82.3,3,42.9,0,0,0,0,,0,0,0,0,,,0,,0,,0,,0,0,0,0,0,0,0,0,,0,0,0,,0,,0,,0,,0,0,,0,0,,0,,,33.3,66.7,0,0,0,0,0,0,0,0,0,0
2023,916,Adam Trautman,DEN,TE,1,3,MIA,34.78260869565217,25,88.1,8,88.9,1,11.1,0,0.13,4,4,3.4,0,0,0,0,0,0,0,0,0,0,0,0,0,0,0,0,0,0,39.6,0,0,0,0,1,100,0,0,0,0,1,0,0,0,0,0,11.1,-6.07,-0.53,12.5,75,12.5,0,0,0.9,0,0.95,-0.95,0,0.12,0.9
2023,917,Adam Trautman,DEN,TE,1,4,CHI,21.73913043478261,25,87.5,5,83.3,1,16.7,0,0.2,6,6,7.4,0,0,0,0,0,0,0,0,0,0,0,0,0,1,0,0,0,0,39.6,0,0,0,0,0,0,0,0,0,0,0,0,0,0,0,0,20,-7.09,-0.7,40,40,20,0,0,0,0,0,0,0,0,0
2023,918,Adam Trautman,DEN,TE,1,6,KC,8.695652173913043,25,69.4,2,33.3,1,16.7,0,0.5,19,19,46.3,0,0,0,0,0,0,0,0,0,0,0,0,0,0,0,0,0,0,39.6,1,16.7,0,0,1,100,0,0,0,0,1,0,0,0,0,0,33.3,-10.6,-0.375,0,100,0,0,0,1.7,0,1.69,-1.69,0,0.84,1.7
2023,919,Brycen Hopkins,LA,TE,1,2,SF,25,0,10.3,1,7.1,0,0,0,0,,0,0,0,0,,,0,,0,,0,,0,0,0,0,0,0,0,0,,0,0,0,,0,,0,,0,,0,0,,0,0,,0,,,0,0,100,0,0,0,0,0,0,0,0,0
2023,920,Brycen Hopkins,LA,TE,1,5,PHI,50,0,9.1,2,11.1,0,0,0,0,,0,0,0,0,,,0,,0,,0,,0,0,0,0,0,0,0,0,,0,0,0,,0,,0,,0,,0,0,,0,0,,0,,,50,0,50,0,0,0,0,0,0,0,0,0
2023,921,Charlie Woerner,SF,TE,1,5,DAL,50,0,32.8,1,16.7,0,0,0,0,,0,0,0,0,,,0,,0,,0,,0,0,0,0,0,0,0,0,,0,0,0,,0,,0,,0,,0,0,,0,0,,0,,,100,0,0,0,0,0,0,0,0,0,0,0
2023,922,Charlie Woerner,SF,TE,1,6,CLV,50,0,9.1,1,14.3,0,0,0,0,,0,0,0,0,,,0,,0,,0,,0,0,0,0,0,0,0,0,,0,0,0,,0,,0,,0,,0,0,,0,0,,0,,,0,0,100,0,0,0,0,0,0,0,0,0
2023,923,Stephen Sullivan,CAR,TE,1,6,MIA,100,0,8.8,1,9.1,0,0,0,0,,0,0,0,0,,,0,,0,,0,,0,0,0,0,0,0,0,0,,0,0,0,,0,,0,,0,,0,0,,0,0,,0,,,0,100,0,0,0,0,0,0,0,0,0,0
2023,924,Tim Jones,JAX,WR,1,3,HST,15.789473684210526,0,34.8,3,20,0,0,0,0,,0,0,0,0,,,0,,0,,0,,0,0,0,0,0,0,0,0,,0,0,0,,0,,0,,0,,0,0,,0,0,,0,,,66.7,33.3,0,0,0,0,0,0,0,0,0,0
2023,925,Tim Jones,JAX,WR,1,5,BUF,10.526315789473683,0,26.8,2,28.6,0,0,0,0,,0,0,0,0,,,0,,0,,0,,0,0,0,0,0,0,0,0,,0,0,0,,0,,0,,0,,0,0,,0,0,,0,,,50,50,0,0,0,0,0,0,0,0,0,0
2023,926,Tim Jones,JAX,WR,1,6,IND,10.526315789473683,0,21,2,22.2,0,0,0,0,,0,0,0,0,,,0,,0,,0,,0,0,0,0,0,0,0,0,,0,0,0,,0,,0,,0,,0,0,,0,0,,0,,,100,0,0,0,0,0,0,0,0,0,0,0
2023,927,Rashod Bateman,BLT,WR,1,3,IND,10.344827586206897,0,69.4,3,50,0,0,0,0,,0,0,0,0,,,0,,0,,0,,0,0,0,0,0,0,0,0,,0,0,0,,0,,0,,0,,0,0,,0,0,,0,,,100,0,0,0,0,0,0,0,0,0,0,0
2023,928,Rashod Bateman,BLT,WR,1,5,PIT,20.689655172413794,33.33333333333333,38.8,6,33.3,1,5.6,0,0.17,34,34,15.1,0,0,0,0,0,0,0,0,0,0,0,0.01,0,0,0,0,0,0,39.6,1,7.1,0,0,1,100,1,0,1,100,1,0,0,0,0,0,14.3,-14,-0.545,83.3,16.7,0,0,0,2.1,0,2.13,-2.13,0,0.36,2.1
2023,929,Rashod Bateman,BLT,WR,1,6,TEN,27.586206896551722,0,48.6,8,66.7,0,0,0,0,,0,0,0,0,,,0,,0,,0,,0,0,0,0,0,0,0,0,,0,0,0,,0,,0,,0,,0,0,,0,0,,0,,,100,0,0,0,0,0,0,0,0,0,0,0
2023,930,Nico Collins,HST,WR,1,3,JAX,8.51063829787234,0,66.1,4,57.1,0,0,0,0,,0,0,0,0,,,0,,0,,0,,0,0,0,0,0,0,0,0,,0,0,0,,0,,0,,0,,0,0,,0,0,,0,,,75,25,0,0,0,0,0,0,0,0,0,0
2023,931,Brevin Jordan,HST,TE,1,4,PIT,30,0,18.8,3,50,0,0,0,0,,0,0,0,0,,,0,,0,,0,,0,0,0,0,0,0,0,0,,0,0,0,,0,,0,,0,,0,0,,0,0,,0,,,0,0,100,0,0,0,0,0,0,0,0,0
2023,932,Brevin Jordan,HST,TE,1,6,NO,10,0,20,1,11.1,0,0,0,0,,0,0,0,0,,,0,,0,,0,,0,0,0,0,0,0,0,0,,0,0,0,,0,,0,,0,,0,0,,0,0,,0,,,0,100,0,0,0,0,0,0,0,0,0,0
2023,933,Quintin Morris,BUF,TE,1,1,NYJ,25,0,8.8,1,10,0,0,0,0,,0,0,0,0,,,0,,0,,0,,0,0,0,0,0,0,0,0,,0,0,0,,0,,0,,0,,0,0,,0,0,,0,,,0,100,0,0,0,0,0,0,0,0,0,0
2023,934,Quintin Morris,BUF,TE,1,2,LV,25,0,17.6,1,8.3,0,0,0,0,,0,0,0,0,,,0,,0,,0,,0,0,0,0,0,0,0,0,,0,0,0,,0,,0,,0,,0,0,,0,0,,0,,,0,0,100,0,0,0,0,0,0,0,0,0
2023,935,Quintin Morris,BUF,TE,1,4,MIA,25,0,26.8,1,11.1,0,0,0,0,,0,0,0,0,,,0,,0,,0,,0,0,0,0,0,0,0,0,,0,0,0,,0,,0,,0,,0,0,,0,0,,0,,,0,100,0,0,0,0,0,0,0,0,0,0
2023,936,Quintin Morris,BUF,TE,1,6,NYG,25,0,30.5,1,9.1,0,0,0,0,,0,0,0,0,,,0,,0,,0,,0,0,0,0,0,0,0,0,,0,0,0,,0,,0,,0,,0,0,,0,0,,0,,,100,0,0,0,0,0,0,0,0,0,0,0
2023,937,Jaylen Waddle,MIA,WR,1,2,NE,14.285714285714285,0,72.1,5,55.6,0,0,0,0,,0,0,0,0,,,0,,0,,0,,0,0,0,0,0,0,0,0,,0,0,0,,0,,0,,0,,0,0,,0,0,,0,,,100,0,0,0,0,0,0,0,0,0,0,0
2023,938,Dyami Brown,WAS,WR,1,1,ARZ,13.043478260869565,0,26.2,3,30,0,0,0,0,,0,0,0,0,,,0,,0,,0,,0,0,0,0,0,0,0,0,,0,0,0,,0,,0,,0,,0,0,,0,0,,0,,,100,0,0,0,0,0,0,0,0,0,0,0
2023,939,Dyami Brown,WAS,WR,1,3,BUF,4.3478260869565215,0,21.6,1,11.1,0,0,0,0,,0,0,0,0,,,0,,0,,0,,0,0,0,0,0,0,0,0,,0,0,0,,0,,0,,0,,0,0,,0,0,,0,,,100,0,0,0,0,0,0,0,0,0,0,0
2023,940,Dyami Brown,WAS,WR,1,5,CHI,30.434782608695656,33.33333333333333,25.8,7,41.2,1,5.9,0,0.14,41,41,25.2,0,0,0,0,0,0,0,0,0,0,0,0,0,0,1,0,0,0,39.6,1,9.1,0,0,0,0,1,0,0,0,0,0,0,0,0,0,14.3,-15,-0.471,57.1,42.9,0,0,0,0,0,-0.02,0.02,0,0,0
2023,941,Dyami Brown,WAS,WR,1,6,ATL,4.3478260869565215,0,20,1,20,0,0,0,0,,0,0,0,0,,,0,,0,,0,,0,0,0,0,0,0,0,0,,0,0,0,,0,,0,,0,,0,0,,0,0,,0,,,0,100,0,0,0,0,0,0,0,0,0,0
2023,942,John Bates,WAS,TE,1,2,DEN,10,25,54.5,1,9.1,1,9.1,0,1,5,5,5.7,0,0,0,0,0,0,0,0,0,0,0,0,0,0,0,0,0,0,39.6,1,12.5,0,0,1,100,0,0,1,100,0,0,0,0,0,0,50,-6.48,-0.891,0,100,0,0,0,1.8,0,1.76,-1.76,0,1.76,1.8
2023,943,John Bates,WAS,TE,1,4,PHI,10,0,33.8,1,7.7,0,0,0,0,,0,0,0,0,,,0,,0,,0,,0,0,0,0,0,0,0,0,,0,0,0,,0,,0,,0,,0,0,,0,0,,0,,,0,0,100,0,0,0,0,0,0,0,0,0
2023,944,Ihmir Smith-Marsette,CAR,WR,1,6,MIA,100,0,8.8,1,9.1,0,0,0,0,,0,0,0,0,,,0,,0,,0,,0,0,0,0,0,0,0,0,,0,0,0,,0,,0,,0,,0,0,,0,0,,0,,,100,0,0,0,0,0,0,0,0,0,0,0
2023,945,Noah Gray,KC,TE,1,4,NYJ,11.11111111111111,14.285714285714285,48.5,4,33.3,1,8.3,0,0.25,22,22,17.6,0,0,0,0,0,0,0,0,0,0,0,0.03,0,0,0,0,0,0,39.6,1,10,0,0,1,100,1,0,0,0,1,0,0,0,0,0,16.7,-10.57,-0.536,25,75,0,0,0,1.8,0,1.76,-1.76,0,0.44,1.8
2023,946,Jack Stoll,PHI,TE,1,1,NE,20,0,19.7,1,12.5,0,0,0,0,,0,0,0,0,,,0,,0,,0,,0,0,0,0,0,0,0,0,,0,0,0,,0,,0,,0,,0,0,,0,0,,0,,,100,0,0,0,0,0,0,0,0,0,0,0
2023,947,Jack Stoll,PHI,TE,1,3,TB,60,0,51.3,3,30,0,0,0,0,,0,0,0,0,,,0,,0,,0,,0,0,0,0,0,0,0,0,,0,0,0,,0,,0,,0,,0,0,,0,0,,0,,,0,33.3,66.7,0,0,0,0,0,0,0,0,0
2023,948,Jack Stoll,PHI,TE,1,6,NYJ,20,0,30.4,1,10,0,0,0,0,,0,0,0,0,,,0,,0,,0,,0,0,0,0,0,0,0,0,,0,0,0,,0,,0,,0,,0,0,,0,0,,0,,,0,0,100,0,0,0,0,0,0,0,0,0
2023,949,Brock Wright,DET,TE,1,1,KC,6.25,0,38.6,1,20,0,0,0,0,,0,0,0,0,,,0,,0,,0,,0,0,0,0,0,0,0,0,,0,0,0,,0,,0,,0,,0,0,,0,0,,0,,,0,0,100,0,0,0,0,0,0,0,0,0
2023,950,Brock Wright,DET,TE,1,2,SEA,25,0,39.1,4,30.8,0,0,0,0,,0,0,0,0,,,0,,0,,0,,0,0,0,0,0,0,0,0,,0,0,0,,0,,0,,0,,0,0,,0,0,,0,,,0,75,25,0,0,0,0,0,0,0,0,0
2023,951,Brock Wright,DET,TE,1,4,GB,6.25,0,58.9,1,16.7,0,0,0,0,,0,0,0,0,,,0,,0,,0,,0,0,0,0,0,0,0,0,,0,0,0,,0,,0,,0,,0,0,,0,0,,0,,,0,100,0,0,0,0,0,0,0,0,0,0
2023,952,Brock Wright,DET,TE,1,5,CAR,6.25,0,61.7,1,20,0,0,0,0,,0,0,0,0,,,0,,0,,0,,0,0,0,0,0,0,0,0,,0,0,0,,0,,0,,0,,0,0,,0,0,,0,,,100,0,0,0,0,0,0,0,0,0,0,0
2023,953,Brock Wright,DET,TE,1,6,TB,56.25,0,60.9,9,47.4,0,0,0,0,,0,0,0,0,,,0,,0,,0,,0,0,0,0,0,0,0,0,,0,0,0,,0,,0,,0,,0,0,,0,0,,0,,,77.8,11.1,11.1,0,0,0,0,0,0,0,0,0
2023,954,Austin Trammell,LA,WR,1,5,PHI,50,0,1.8,1,5.6,0,0,0,0,,0,0,0,0,,,0,,0,,0,,0,0,0,0,0,0,0,0,,0,0,0,,0,,0,,0,,0,0,,0,0,,0,,,100,0,0,0,0,0,0,0,0,0,0,0
2023,955,Austin Trammell,LA,WR,1,6,ARZ,50,0,7.3,1,20,0,0,0,0,,0,0,0,0,,,0,,0,,0,,0,0,0,0,0,0,0,0,,0,0,0,,0,,0,,0,,0,0,,0,0,,0,,,0,100,0,0,0,0,0,0,0,0,0,0
2023,956,Tutu Atwell,LA,WR,1,5,PHI,24.193548387096776,15,89.1,15,83.3,3,16.7,0,0.2,17.67,53,29.6,0,0,0,0,0,0,0,0,0,0,0,0,0,0,0,0,0,0,39.6,3,17.6,0,0,1,33.3,1,0,1,33.3,0,0,0,0,0,0,17.6,-10.04,-0.366,53.3,46.7,0,0,0,2.6,0,2.6,-2.6,0,0.17,2.6
2023,957,Ben Skowronek,LA,WR,1,1,SEA,20,0,26.9,1,10,0,0,0,0,,0,0,0,0,,,0,,0,,0,,0,0,0,0,0,0,0,0,,0,0,0,,0,,0,,0,,0,0,,0,0,,0,,,0,100,0,0,0,0,0,0,0,0,0,0
2023,958,Ben Skowronek,LA,WR,1,2,SF,20,0,23.1,1,7.1,0,0,0,0,,0,0,0,0,,,0,,0,,0,,0,0,0,0,0,0,0,0,,0,0,0,,0,,0,,0,,0,0,,0,0,,0,,,0,100,0,0,0,0,0,0,0,0,0,0
2023,959,Kylen Granson,IND,TE,1,2,HST,16.666666666666664,8.333333333333332,64.3,6,66.7,1,11.1,0,0.17,10,10,22.2,0,0,0,0,0,0,0,0,0,0,0,0,0,0,0,0,0,0,39.6,1,16.7,0,0,1,100,0,0,1,100,1,0,0,0,0,0,14.3,-7.77,-1.399,16.7,50,33.3,0,0,1.5,0,1.45,-1.45,0,0.24,1.5
2023,960,Kylen Granson,IND,TE,1,3,BLT,19.444444444444446,16.666666666666664,52.4,7,58.3,2,16.7,0,0.29,6.5,13,15.1,0,0,0,0,0,0,0,0,0,0,0,0,0,1,0,0,0,0,39.6,2,20,0,0,1,50,0,0,1,50,0,0,0,0,0,0,22.2,-7.2,-0.758,0,85.7,14.3,0,0,1,0,0.97,-0.97,0,0.14,1
2023,961,Luke Farrell,JAX,TE,1,1,IND,12.5,0,46.4,1,12.5,0,0,0,0,,0,0,0,0,,,0,,0,,0,,0,0,0,0,0,0,0,0,,0,0,0,,0,,0,,0,,0,0,,0,0,,0,,,0,0,100,0,0,0,0,0,0,0,0,0
2023,962,Luke Farrell,JAX,TE,1,3,HST,37.5,0,33.3,3,20,0,0,0,0,,0,0,0,0,,,0,,0,,0,,0,0,0,0,0,0,0,0,,0,0,0,,0,,0,,0,,0,0,,0,0,,0,,,0,66.7,33.3,0,0,0,0,0,0,0,0,0
2023,963,Luke Farrell,JAX,TE,1,6,IND,25,0,45.2,2,22.2,0,0,0,0,,0,0,0,0,,,0,,0,,0,,0,0,0,0,0,0,0,0,,0,0,0,,0,,0,,0,,0,0,,0,0,,0,,,0,0,100,0,0,0,0,0,0,0,0,0
2023,964,Pat Freiermuth,PIT,TE,1,1,SF,33.33333333333333,25,50.8,7,50,1,7.1,0,0.14,6,6,6.3,0,0,0,0,0,0,0,0,0,0,0,0,0,0,0,0,0,0,39.6,1,11.1,0,0,0,0,0,0,0,0,0,0,0,0,0,0,12.5,-7.09,-1.298,0,42.9,57.1,0,0,0,0,0.01,-0.01,0,0,0
2023,965,Pat Freiermuth,PIT,TE,1,2,CLV,19.047619047619047,0,75.5,4,66.7,0,0,0,0,,0,0,0,0,,,0,,0,,0,,0,0,0,0,0,0,0,0,,0,0,0,,0,,0,,0,,0,0,,0,0,,0,,,0,0,100,0,0,0,0,0,0,0,0,0
2023,966,Pat Freiermuth,PIT,TE,1,4,HST,4.761904761904762,25,48.2,1,100,1,100,0,1,4,4,100,0,0,0,0,0,0,0,0,0,0,0,0,0,0,0,0,0,0,39.6,1,100,0,0,0,0,0,0,0,0,0,0,0,0,0,0,100,-6.07,-0.773,0,100,0,0,0,0,0,0,0,0,0,0
2023,967,DeVonta Smith,PHI,WR,1,2,MIN,8.88888888888889,0,100,4,100,0,0,0,0,,0,0,0,0,,,0,,0,,0,,0,0,0,0,0,0,0,0,,0,0,0,,0,,0,,0,,0,0,,0,0,,0,,,75,25,0,0,0,0,0,0,0,0,0,0
2023,968,DeVonta Smith,PHI,WR,1,5,LA,17.77777777777778,9.090909090909092,93.6,8,66.7,1,8.3,0,0.13,-2,-2,-2.6,0,0,0,0,0,0,0,0,0,0,0,0.01,0,0,0,0,0,0,39.6,1,10,1,100,1,100,0,0,1,100,0,0,0,0,0,0,8.3,-5.5,-0.516,62.5,37.5,0,0,0,1.7,0,1.66,-1.66,0,0.21,1.7
2023,969,DeVonta Smith,PHI,WR,1,6,NYJ,17.77777777777778,9.090909090909092,98.6,8,80,1,10,0,0.13,12,12,19.4,0,0,0,0,0,0,0,0,0,0,0,0,0,0,0,0,0,0,39.6,0,0,0,0,1,100,0,0,0,0,1,0,0,0,0,0,10,-9.05,-0.265,62.5,37.5,0,0,0,1.3,0,1.3,-1.3,0,0.16,1.3
2023,970,Kadarius Toney,KC,WR,1,1,DET,9.523809523809524,10,25.8,2,14.3,1,7.1,0,0.5,5,5,3.4,0,0,0,0,0,0,0,0,0,0,0,0.02,0,1,0,0,0,0,39.6,0,0,0,0,1,100,0,0,1,100,0,0,0,0,0,0,50,-6.36,-1.89,50,50,0,0,0,1.8,0,1.78,-1.78,0,0.89,1.8
2023,971,Kadarius Toney,KC,WR,1,3,CHI,4.761904761904762,0,2.7,1,6.3,0,0,0,0,,0,0,0,0,,,0,,0,,0,,0,0,0,0,0,0,0,0,,0,0,0,,0,,0,,0,,0,0,,0,0,,0,,,100,0,0,0,0,0,0,0,0,0,0,0
2023,972,Jacob Harris,JAX,WR,1,3,HST,50,0,10.1,1,6.7,0,0,0,0,,0,0,0,0,,,0,,0,,0,,0,0,0,0,0,0,0,0,,0,0,0,,0,,0,,0,,0,0,,0,0,,0,,,100,0,0,0,0,0,0,0,0,0,0,0
2023,973,Jacob Harris,JAX,WR,1,4,ATL,50,0,10.9,1,5.9,0,0,0,0,,0,0,0,0,,,0,,0,,0,,0,0,0,0,0,0,0,0,,0,0,0,,0,,0,,0,,0,0,,0,0,,0,,,100,0,0,0,0,0,0,0,0,0,0,0
2023,974,Rondale Moore,ARZ,WR,1,4,SF,25,12.5,76.1,11,91.7,2,16.7,0,0.18,-0.5,-1,-0.9,0,0,0,0,0,0,0,0,0,0,0,0,0,0,0,0,0,0,39.6,1,11.1,0,0,1,50,0,0,0,0,0,0,0,0,0,0,18.2,-5.1,-0.912,36.4,63.6,0,0,0,1.5,0,1.52,-1.52,0,0.14,1.5
2023,975,Terrace Marshall,CAR,WR,1,2,NO,10.81081081081081,0,39.3,4,44.4,0,0,0,0,,0,0,0,0,,,0,,0,,0,,0,0,0,0,0,0,0,0,,0,0,0,,0,,0,,0,,0,0,,0,0,,0,,,50,50,0,0,0,0,0,0,0,0,0,0
2023,976,Terrace Marshall,CAR,WR,1,3,SEA,40.54054054054054,14.285714285714285,60,15,71.4,1,4.8,0,0.07,9,9,4.2,0,0,0,0,0,0,0,0,0,0,0,0,0,0,0,0,0,0,39.6,1,8.3,0,0,1,100,0,0,0,0,0,0,0,0,0,0,6.7,-7.45,-0.471,73.3,26.7,0,0,0,2.1,0,2.09,-2.09,0,0.14,2.1
2023,977,Terrace Marshall,CAR,WR,1,6,MIA,13.513513513513514,0,30.9,5,45.5,0,0,0,0,,0,0,0,0,,,0,,0,,0,,0,0,0,0,0,0,0,0,,0,0,0,,0,,0,,0,,0,0,,0,0,,0,,,100,0,0,0,0,0,0,0,0,0,0,0
2023,978,Elijah Moore,CLV,WR,1,2,PIT,13.157894736842104,0,77.8,5,50,0,0,0,0,,0,0,0,0,,,0,,0,,0,,0,0,0,0,0,0,0,0,,0,0,0,,0,,0,,0,,0,0,,0,0,,0,,,40,60,0,0,0,0,0,0,0,0,0,0
2023,979,Josh Palmer,LAC,WR,1,2,TEN,21.21212121212121,0,55.4,7,70,0,0,0,0,,0,0,0,0,,,0,,0,,0,,0,0,0,0,0,0,0,0,,0,0,0,,0,,0,,0,,0,0,,0,0,,0,,,85.7,14.3,0,0,0,0,0,0,0,0,0,0
2023,980,Josh Palmer,LAC,WR,1,4,LV,15.151515151515152,40,87.3,5,83.3,2,33.3,0,0.4,13.5,27,25.7,0,0,0,0,0,0,0,0,0,0,0,0,0,0,0,0,0,0,0,0,0,0,0,1,50,1,0,1,50,0,0,0,0,0,0,33.3,-8.6,-1.796,20,80,0,0,0,1.7,0,1.69,-1.69,0,0.34,1.7
2023,981,Amari Rodgers,IND,WR,1,4,LA,25,0,6.9,2,18.2,0,0,0,0,,0,0,0,0,,,0,,0,,0,,0,0,0,0,0,0,0,0,,0,0,0,,0,,0,,0,,0,0,,0,0,,0,,,100,0,0,0,0,0,0,0,0,0,0,0
2023,982,Amari Rodgers,IND,WR,1,6,JAX,75,0,26.7,6,50,0,0,0,0,,0,0,0,0,,,0,,0,,0,,0,0,0,0,0,0,0,0,,0,0,0,,0,,0,,0,,0,0,,0,0,,0,,,100,0,0,0,0,0,0,0,0,0,0,0
2023,983,Tommy Tremble,CAR,TE,1,1,ATL,11.76470588235294,0,23.6,2,33.3,0,0,0,0,,0,0,0,0,,,0,,0,,0,,0,0,0,0,0,0,0,0,,0,0,0,,0,,0,,0,,0,0,,0,0,,0,,,100,0,0,0,0,0,0,0,0,0,0,0
2023,984,Tommy Tremble,CAR,TE,1,2,NO,5.88235294117647,0,14.3,1,11.1,0,0,0,0,,0,0,0,0,,,0,,0,,0,,0,0,0,0,0,0,0,0,,0,0,0,,0,,0,,0,,0,0,,0,0,,0,,,0,0,100,0,0,0,0,0,0,0,0,0
2023,985,Tommy Tremble,CAR,TE,1,4,MIN,5.88235294117647,0,45.6,1,8.3,0,0,0,0,,0,0,0,0,,,0,,0,,0,,0,0,0,0,0,0,0,0,,0,0,0,,0,,0,,0,,0,0,,0,0,,0,,,0,0,100,0,0,0,0,0,0,0,0,0
2023,986,Tommy Tremble,CAR,TE,1,5,DET,17.647058823529413,0,18.5,3,25,0,0,0,0,,0,0,0,0,,,0,,0,,0,,0,0,0,0,0,0,0,0,,0,0,0,,0,,0,,0,,0,0,,0,0,,0,,,66.7,0,33.3,0,0,0,0,0,0,0,0,0
2023,987,Tommy Tremble,CAR,TE,1,6,MIA,29.411764705882355,0,45.6,5,45.5,0,0,0,0,,0,0,0,0,,,0,,0,,0,,0,0,0,0,0,0,0,0,,0,0,0,,0,,0,,0,,0,0,,0,0,,0,,,0,80,20,0,0,0,0,0,0,0,0,0
2023,988,Cole Turner,WAS,TE,1,1,ARZ,14.285714285714285,0,15.4,2,20,0,0,0,0,,0,0,0,0,,,0,,0,,0,,0,0,0,0,0,0,0,0,,0,0,0,,0,,0,,0,,0,0,,0,0,,0,,,50,50,0,0,0,0,0,0,0,0,0,0
2023,989,Cole Turner,WAS,TE,1,2,DEN,14.285714285714285,0,30.3,2,18.2,0,0,0,0,,0,0,0,0,,,0,,0,,0,,0,0,0,0,0,0,0,0,,0,0,0,,0,,0,,0,,0,0,,0,0,,0,,,50,50,0,0,0,0,0,0,0,0,0,0
2023,990,Cole Turner,WAS,TE,1,4,PHI,7.142857142857142,0,8.1,1,7.7,0,0,0,0,,0,0,0,0,,,0,,0,,0,,0,0,0,0,0,0,0,0,,0,0,0,,0,,0,,0,,0,0,,0,0,,0,,,0,100,0,0,0,0,0,0,0,0,0,0
2023,991,Cole Turner,WAS,TE,1,5,CHI,21.428571428571427,0,15.2,3,17.6,0,0,0,0,,0,0,0,0,,,0,,0,,0,,0,0,0,0,0,0,0,0,,0,0,0,,0,,0,,0,,0,0,,0,0,,0,,,0,66.7,33.3,0,0,0,0,0,0,0,0,0
2023,992,Grant Calcaterra,PHI,TE,1,2,MIN,25,0,12,1,25,0,0,0,0,,0,0,0,0,,,0,,0,,0,,0,0,0,0,0,0,0,0,,0,0,0,,0,,0,,0,,0,0,,0,0,,0,,,0,100,0,0,0,0,0,0,0,0,0,0
2023,993,Grant Calcaterra,PHI,TE,1,3,TB,50,0,15.4,2,20,0,0,0,0,,0,0,0,0,,,0,,0,,0,,0,0,0,0,0,0,0,0,,0,0,0,,0,,0,,0,,0,0,,0,0,,0,,,50,0,50,0,0,0,0,0,0,0,0,0
2023,994,Grant Calcaterra,PHI,TE,1,6,NYJ,25,0,7.2,1,10,0,0,0,0,,0,0,0,0,,,0,,0,,0,,0,0,0,0,0,0,0,0,,0,0,0,,0,,0,,0,,0,0,,0,0,,0,,,0,100,0,0,0,0,0,0,0,0,0,0
2023,995,Samori Toure,GB,WR,1,1,CHI,10,0,35,1,33.3,0,0,0,0,,0,0,0,0,,,0,,0,,0,,0,0,0,0,0,0,0,0,,0,0,0,,0,,0,,0,,0,0,,0,0,,0,,,100,0,0,0,0,0,0,0,0,0,0,0
2023,996,Samori Toure,GB,WR,1,2,ATL,10,0,46.8,1,14.3,0,0,0,0,,0,0,0,0,,,0,,0,,0,,0,0,0,0,0,0,0,0,,0,0,0,,0,,0,,0,,0,0,,0,0,,0,,,0,100,0,0,0,0,0,0,0,0,0,0
2023,997,Samori Toure,GB,WR,1,3,NO,40,100,42.3,4,25,1,6.3,0,0.25,45,45,19.6,0,0,0,0,0,0,0,0,0,0,0,0.27,0,0,1,0,0,0,39.6,1,6.3,0,0,1,100,1,0,0,0,1,0,0,0,0,0,25,-15,-0.407,50,50,0,0,0,3.5,0,3.47,-3.47,0,0.87,3.5
2023,998,Samori Toure,GB,WR,1,4,DET,30,0,18.9,3,25,0,0,0,0,,0,0,0,0,,,0,,0,,0,,0,0,0,0,0,0,0,0,,0,0,0,,0,,0,,0,,0,0,,0,0,,0,,,100,0,0,0,0,0,0,0,0,0,0,0
2023,999,Samori Toure,GB,WR,1,5,LV,10,0,5.3,1,11.1,0,0,0,0,,0,0,0,0,,,0,,0,,0,,0,0,0,0,0,0,0,0,,0,0,0,,0,,0,,0,,0,0,,0,0,,0,,,0,100,0,0,0,0,0,0,0,0,0,0
2023,1000,Irvin Charles,NYJ,WR,1,6,PHI,100,0,8.5,1,16.7,0,0,0,0,,0,0,0,0,,,0,,0,,0,,0,0,0,0,0,0,0,0,,0,0,0,,0,,0,,0,,0,0,,0,0,,0,,,100,0,0,0,0,0,0,0,0,0,0,0
2023,1001,Justyn Ross,KC,WR,1,1,DET,7.142857142857142,0,9.7,1,7.1,0,0,0,0,,0,0,0,0,,,0,,0,,0,,0,0,0,0,0,0,0,0,,0,0,0,,0,,0,,0,,0,0,,0,0,,0,,,0,100,0,0,0,0,0,0,0,0,0,0
2023,1002,Justyn Ross,KC,WR,1,2,JAX,28.57142857142857,0,12.5,4,36.4,0,0,0,0,,0,0,0,0,,,0,,0,,0,,0,0,0,0,0,0,0,0,,0,0,0,,0,,0,,0,,0,0,,0,0,,0,,,100,0,0,0,0,0,0,0,0,0,0,0
2023,1003,Justyn Ross,KC,WR,1,3,CHI,28.57142857142857,0,36,4,25,0,0,0,0,,0,0,0,0,,,0,,0,,0,,0,0,0,0,0,0,0,0,,0,0,0,,0,,0,,0,,0,0,,0,0,,0,,,100,0,0,0,0,0,0,0,0,0,0,0
2023,1004,Justyn Ross,KC,WR,1,4,NYJ,21.428571428571427,0,6.1,3,25,0,0,0,0,,0,0,0,0,,,0,,0,,0,,0,0,0,0,0,0,0,0,,0,0,0,,0,,0,,0,,0,0,,0,0,,0,,,100,0,0,0,0,0,0,0,0,0,0,0
2023,1005,Justyn Ross,KC,WR,1,5,MIN,14.285714285714285,0,9.4,2,10.5,0,0,0,0,,0,0,0,0,,,0,,0,,0,,0,0,0,0,0,0,0,0,,0,0,0,,0,,0,,0,,0,0,,0,0,,0,,,100,0,0,0,0,0,0,0,0,0,0,0
2023,1006,Drake London,ATL,WR,1,1,CAR,4.166666666666666,0,89.6,2,66.7,0,0,0,0,,0,0,0,0,,,0,,0,,0,,0,0,0,0,0,0,0,0,,0,0,0,,0,,0,,0,,0,0,,0,0,,0,,,100,0,0,0,0,0,0,0,0,0,0,0
2023,1007,Drake London,ATL,WR,1,5,HST,20.833333333333336,0,86.5,10,90.9,0,0,0,0,,0,0,0,0,,,0,,0,,0,,0,0,0,0,0,0,0,0,,0,0,0,,0,,0,,0,,0,0,,0,0,,0,,,70,30,0,0,0,0,0,0,0,0,0,0
2023,1008,George Pickens,PIT,WR,1,1,SF,31.428571428571427,0,88.5,11,78.6,0,0,0,0,,0,0,0,0,,,0,,0,,0,,0,0,0,0,0,0,0,0,,0,0,0,,0,,0,,0,,0,0,,0,0,,0,,,81.8,18.2,0,0,0,0,0,0,0,0,0,0
2023,1009,George Pickens,PIT,WR,1,4,HST,2.857142857142857,0,98.2,1,100,0,0,0,0,,0,0,0,0,,,0,,0,,0,,0,0,0,0,0,0,0,0,,0,0,0,,0,,0,,0,,0,0,,0,0,,0,,,100,0,0,0,0,0,0,0,0,0,0,0
2023,1010,George Pickens,PIT,WR,1,5,BLT,17.142857142857142,25,87.7,6,85.7,1,14.3,0,0.17,15,15,31.3,0,0,0,0,0,0,0,0,0,0,0,0,0,1,1,0,0,0,39.6,1,20,0,0,0,0,0,0,0,0,0,0,0,0,0,0,16.7,-10.41,-0.834,66.7,33.3,0,0,0,0,0,0,0,0,0,0
2023,1011,Greg Dulcich,DEN,TE,1,6,KC,25,0,22.4,1,16.7,0,0,0,0,,0,0,0,0,,,0,,0,,0,,0,0,0,0,0,0,0,0,,0,0,0,,0,,0,,0,,0,0,,0,0,,0,,,0,100,0,0,0,0,0,0,0,0,0,0
2023,1012,David Bell,CLV,WR,1,1,CIN,33.33333333333333,25,13.9,2,22.2,1,11.1,0,0.5,13,13,11.1,0,0,0,0,0,0,0,0,0,0,0,0.02,0,0,0,0,0,0,39.6,1,12.5,0,0,1,100,0,0,1,100,0,0,0,0,0,0,50,-8.91,-0.395,0,100,0,0,0,2.6,0,2.63,-2.63,0,1.32,2.6
2023,1013,David Bell,CLV,WR,1,3,TEN,16.666666666666664,0,13.4,1,16.7,0,0,0,0,,0,0,0,0,,,0,,0,,0,,0,0,0,0,0,0,0,0,,0,0,0,,0,,0,,0,,0,0,,0,0,,0,,,0,100,0,0,0,0,0,0,0,0,0,0
2023,1014,Khalil Shakir,BUF,WR,1,1,NYJ,11.11111111111111,0,10.3,1,10,0,0,0,0,,0,0,0,0,,,0,,0,,0,,0,0,0,0,0,0,0,0,,0,0,0,,0,,0,,0,,0,0,,0,0,,0,,,0,100,0,0,0,0,0,0,0,0,0,0
2023,1015,Khalil Shakir,BUF,WR,1,4,MIA,11.11111111111111,20,28.6,1,11.1,1,11.1,0,1,27,27,40.9,0,0,0,0,0,0,0,0,0,0,0,0.07,0,0,0,0,0,0,39.6,1,14.3,0,0,1,100,1,0,0,0,1,0,0,0,0,0,100,-11.91,-0.928,0,100,0,0,0,2.1,0,2.11,-2.11,0,2.11,2.1
2023,1016,Kyle Philips,TEN,WR,1,5,IND,62.5,33.33333333333333,24.1,5,71.4,1,14.3,0,0.2,19,19,35.8,0,0,0,0,0,0,0,0,0,0,0,0,0,0,0,0,0,0,39.6,1,20,0,0,0,0,0,0,0,0,0,0,0,0,0,0,20,-11.93,-1.339,0,100,0,0,0,0,0,0.01,-0.01,0,0,0
2023,1017,Teagan Quitoriano,HST,TE,1,1,BLT,25,0,27.8,1,8.3,0,0,0,0,,0,0,0,0,,,0,,0,,0,,0,0,0,0,0,0,0,0,,0,0,0,,0,,0,,0,,0,0,,0,0,,0,,,100,0,0,0,0,0,0,0,0,0,0,0
2023,1018,Teagan Quitoriano,HST,TE,1,3,JAX,25,0,33.9,1,14.3,0,0,0,0,,0,0,0,0,,,0,,0,,0,,0,0,0,0,0,0,0,0,,0,0,0,,0,,0,,0,,0,0,,0,0,,0,,,0,0,100,0,0,0,0,0,0,0,0,0
2023,1019,Teagan Quitoriano,HST,TE,1,4,PIT,25,0,43.5,1,16.7,0,0,0,0,,0,0,0,0,,,0,,0,,0,,0,0,0,0,0,0,0,0,,0,0,0,,0,,0,,0,,0,0,,0,0,,0,,,0,0,100,0,0,0,0,0,0,0,0,0
2023,1020,Teagan Quitoriano,HST,TE,1,6,NO,25,0,35,1,11.1,0,0,0,0,,0,0,0,0,,,0,,0,,0,,0,0,0,0,0,0,0,0,,0,0,0,,0,,0,,0,,0,0,,0,0,,0,,,100,0,0,0,0,0,0,0,0,0,0,0
2023,1021,James Mitchell,DET,TE,1,2,SEA,50,0,3.1,1,7.7,0,0,0,0,,0,0,0,0,,,0,,0,,0,,0,0,0,0,0,0,0,0,,0,0,0,,0,,0,,0,,0,0,,0,0,,0,,,0,100,0,0,0,0,0,0,0,0,0,0
2023,1022,James Mitchell,DET,TE,1,4,GB,50,0,13.7,1,16.7,0,0,0,0,,0,0,0,0,,,0,,0,,0,,0,0,0,0,0,0,0,0,,0,0,0,,0,,0,,0,,0,0,,0,0,,0,,,100,0,0,0,0,0,0,0,0,0,0,0
2023,1023,Andrew Ogletree,IND,TE,1,3,BLT,25,33.33333333333333,33.3,2,16.7,1,8.3,0,0.5,18,18,20.9,0,0,0,0,0,0,0,0,0,0,0,0,0,0,0,0,0,0,39.6,1,10,0,0,0,0,0,0,0,0,0,0,0,0,0,0,33.3,-12.97,-0.538,0,50,50,0,0,0,0,0,0,0,0,0
2023,1024,Andrew Ogletree,IND,TE,1,4,LA,37.5,33.33333333333333,43.1,3,27.3,1,9.1,0,0.33,5,5,3.8,0,0,0,0,0,0,0,0,0,0,0,0,0,0,0,0,0,0,39.6,1,9.1,0,0,0,0,0,0,0,0,0,0,0,0,0,0,20,-6.48,-1.068,0,100,0,0,0,0,0,-0.01,0.01,0,0,0
2023,1025,Andrew Ogletree,IND,TE,1,5,TEN,25,0,60.7,2,22.2,0,0,0,0,,0,0,0,0,,,0,,0,,0,,0,0,0,0,0,0,0,0,,0,0,0,,0,,0,,0,,0,0,,0,0,,0,,,0,0,100,0,0,0,0,0,0,0,0,0
2023,1026,Andrew Ogletree,IND,TE,1,6,JAX,12.5,33.33333333333333,36,1,8.3,1,8.3,0,1,17,17,15.7,0,0,0,0,0,0,0,0,0,0,0,0,0,0,0,0,0,0,39.6,1,8.3,0,0,1,100,0,0,0,0,1,0,0,0,0,0,100,-11.68,-0.429,0,100,0,0,0,1.6,0,1.63,-1.63,0,1.63,1.6
2023,1027,Connor Heyward,PIT,TE,1,1,SF,40,33.33333333333333,26.2,4,28.6,1,7.1,0,0.25,19,19,19.8,0,0,0,0,0,0,0,0,0,0,0,0,0,1,1,0,0,0,39.6,1,11.1,0,0,0,0,0,0,0,0,0,0,0,0,0,0,25,-10.6,-0.656,0,50,50,0,0,0,0,-0.01,0.01,0,0,0
2023,1028,Connor Heyward,PIT,TE,1,3,LV,10,33.33333333333333,21.7,1,9.1,1,9.1,0,1,5,5,5.4,0,0,0,0,0,0,0,0,0,0,0,0,0,0,0,0,0,0,39.6,0,0,0,0,0,0,0,0,0,0,0,0,0,0,0,0,50,-6.48,-0.565,0,100,0,0,0,0.1,0,0.05,-0.05,0,0.05,0.1
2023,1029,Connor Heyward,PIT,TE,1,5,BLT,50,33.33333333333333,56.9,5,71.4,1,14.3,0,0.2,3,3,6.3,0,0,0,0,0,0,0,0,0,0,0,0,0,0,0,0,0,0,39.6,1,20,0,0,1,100,0,0,0,0,1,0,0,0,0,0,20,-6.32,-0.51,20,40,40,0,0,1,0,1.01,-1.01,0,0.2,1
2023,1030,Ko Kieft,TB,TE,1,1,MIN,40,0,47.1,2,25,0,0,0,0,,0,0,0,0,,,0,,0,,0,,0,0,0,0,0,0,0,0,,0,0,0,,0,,0,,0,,0,0,,0,0,,0,,,0,0,100,0,0,0,0,0,0,0,0,0
2023,1031,Ko Kieft,TB,TE,1,6,DET,60,0,25.9,3,17.6,0,0,0,0,,0,0,0,0,,,0,,0,,0,,0,0,0,0,0,0,0,0,,0,0,0,,0,,0,,0,,0,0,,0,0,,0,,,100,0,0,0,0,0,0,0,0,0,0,0
2023,1032,Brandon Johnson,DEN,WR,1,1,LV,19.047619047619047,0,50,4,100,0,0,0,0,,0,0,0,0,,,0,,0,,0,,0,0,0,0,0,0,0,0,,0,0,0,,0,,0,,0,,0,0,,0,0,,0,,,100,0,0,0,0,0,0,0,0,0,0,0
2023,1033,Brandon Johnson,DEN,WR,1,2,WAS,23.809523809523807,0,48.4,5,71.4,0,0,0,0,,0,0,0,0,,,0,,0,,0,,0,0,0,0,0,0,0,0,,0,0,0,,0,,0,,0,,0,0,,0,0,,0,,,100,0,0,0,0,0,0,0,0,0,0,0
2023,1034,Brandon Johnson,DEN,WR,1,3,MIA,14.285714285714285,0,57.6,3,33.3,0,0,0,0,,0,0,0,0,,,0,,0,,0,,0,0,0,0,0,0,0,0,,0,0,0,,0,,0,,0,,0,0,,0,0,,0,,,66.7,33.3,0,0,0,0,0,0,0,0,0,0
2023,1035,Brandon Johnson,DEN,WR,1,4,CHI,14.285714285714285,0,35.4,3,50,0,0,0,0,,0,0,0,0,,,0,,0,,0,,0,0,0,0,0,0,0,0,,0,0,0,,0,,0,,0,,0,0,,0,0,,0,,,100,0,0,0,0,0,0,0,0,0,0,0
2023,1036,Brandon Johnson,DEN,WR,1,5,NYJ,19.047619047619047,0,52.6,4,66.7,0,0,0,0,,0,0,0,0,,,0,,0,,0,,0,0,0,0,0,0,0,0,,0,0,0,,0,,0,,0,,0,0,,0,0,,0,,,100,0,0,0,0,0,0,0,0,0,0,0
2023,1037,Brandon Johnson,DEN,WR,1,6,KC,9.523809523809524,0,32.7,2,33.3,0,0,0,0,,0,0,0,0,,,0,,0,,0,,0,0,0,0,0,0,0,0,,0,0,0,,0,,0,,0,,0,0,,0,0,,0,,,50,50,0,0,0,0,0,0,0,0,0,0
2023,1038,Stone Smartt,LAC,TE,1,2,TEN,20,0,33.8,1,10,0,0,0,0,,0,0,0,0,,,0,,0,,0,,0,0,0,0,0,0,0,0,,0,0,0,,0,,0,,0,,0,0,,0,0,,0,,,100,0,0,0,0,0,0,0,0,0,0,0
2023,1039,Stone Smartt,LAC,TE,1,3,MIN,60,0,23.4,3,14.3,0,0,0,0,,0,0,0,0,,,0,,0,,0,,0,0,0,0,0,0,0,0,,0,0,0,,0,,0,,0,,0,0,,0,0,,0,,,0,0,100,0,0,0,0,0,0,0,0,0
2023,1040,Stone Smartt,LAC,TE,1,6,DAL,20,0,16.4,1,14.3,0,0,0,0,,0,0,0,0,,,0,,0,,0,,0,0,0,0,0,0,0,0,,0,0,0,,0,,0,,0,,0,0,,0,0,,0,,,0,0,100,0,0,0,0,0,0,0,0,0
2023,1041,Deven Thompkins,TB,WR,1,2,CHI,16.666666666666664,0,47.1,3,50,0,0,0,0,,0,0,0,0,,,0,,0,,0,,0,0,0,0,0,0,0,0,,0,0,0,,0,,0,,0,,0,0,,0,0,,0,,,33.3,66.7,0,0,0,0,0,0,0,0,0,0
2023,1042,Deven Thompkins,TB,WR,1,3,PHI,5.555555555555555,0,20.5,1,14.3,0,0,0,0,,0,0,0,0,,,0,,0,,0,,0,0,0,0,0,0,0,0,,0,0,0,,0,,0,,0,,0,0,,0,0,,0,,,100,0,0,0,0,0,0,0,0,0,0,0
2023,1043,Rashid Shaheed,NO,WR,1,3,GB,11.538461538461538,0,71.7,6,75,0,0,0,0,,0,0,0,0,,,0,,0,,0,,0,0,0,0,0,0,0,0,,0,0,0,,0,,0,,0,,0,0,,0,0,,0,,,83.3,16.7,0,0,0,0,0,0,0,0,0,0
2023,1044,Rashid Shaheed,NO,WR,1,6,HST,26.923076923076923,33.33333333333333,76.9,14,73.7,3,15.8,0,0.21,12.33,37,22.2,0,0,0,0,0,0,0,0,0,0,0,0.01,0,0,1,0,0,0,39.6,3,17.6,0,0,1,33.3,1,0,0,0,0,0,0,0,0,0,20,-8.21,-0.607,50,50,0,0,0,1.6,0,1.61,-1.61,0,0.12,1.6
2023,1045,Peyton Hendershot,DAL,TE,1,1,NYG,71.42857142857143,100,49.1,5,62.5,1,12.5,0,0.2,17,17,28.8,0,0,0,0,0,0,0,0,0,0,0,0.6,0,1,0,0,0,0,39.6,1,12.5,0,0,1,100,0,0,1,100,0,0,0,0,0,0,20,-11.68,-0.618,0,80,20,0,0,5.1,0,5.06,-5.06,0,1.01,5.1
2023,1046,Peyton Hendershot,DAL,TE,1,2,NYJ,28.57142857142857,0,36.1,2,15.4,0,0,0,0,,0,0,0,0,,,0,,0,,0,,0,0,0,0,0,0,0,0,,0,0,0,,0,,0,,0,,0,0,,0,0,,0,,,0,100,0,0,0,0,0,0,0,0,0,0
2023,1047,John Metchie,HST,WR,1,5,ATL,41.66666666666667,0,44.8,5,35.7,0,0,0,0,,0,0,0,0,,,0,,0,,0,,0,0,0,0,0,0,0,0,,0,0,0,,0,,0,,0,,0,0,,0,0,,0,,,80,20,0,0,0,0,0,0,0,0,0,0
2023,1048,Alec Pierce,IND,WR,1,1,JAX,15.217391304347828,0,91.3,7,70,0,0,0,0,,0,0,0,0,,,0,,0,,0,,0,0,0,0,0,0,0,0,,0,0,0,,0,,0,,0,,0,0,,0,0,,0,,,100,0,0,0,0,0,0,0,0,0,0,0
2023,1049,Alec Pierce,IND,WR,1,2,HST,17.391304347826086,0,100,8,88.9,0,0,0,0,,0,0,0,0,,,0,,0,,0,,0,0,0,0,0,0,0,0,,0,0,0,,0,,0,,0,,0,0,,0,0,,0,,,87.5,12.5,0,0,0,0,0,0,0,0,0,0
2023,1050,Alec Pierce,IND,WR,1,3,BLT,23.91304347826087,0,96.4,11,91.7,0,0,0,0,,0,0,0,0,,,0,,0,,0,,0,0,0,0,0,0,0,0,,0,0,0,,0,,0,,0,,0,0,,0,0,,0,,,90.9,9.1,0,0,0,0,0,0,0,0,0,0
2023,1051,Alec Pierce,IND,WR,1,4,LA,17.391304347826086,0,89.7,8,72.7,0,0,0,0,,0,0,0,0,,,0,,0,,0,,0,0,0,0,0,0,0,0,,0,0,0,,0,,0,,0,,0,0,,0,0,,0,,,100,0,0,0,0,0,0,0,0,0,0,0
2023,1052,Alec Pierce,IND,WR,1,5,TEN,15.217391304347828,0,98.4,7,77.8,0,0,0,0,,0,0,0,0,,,0,,0,,0,,0,0,0,0,0,0,0,0,,0,0,0,,0,,0,,0,,0,0,,0,0,,0,,,100,0,0,0,0,0,0,0,0,0,0,0
2023,1053,Alec Pierce,IND,WR,1,6,JAX,10.869565217391305,0,73.3,5,41.7,0,0,0,0,,0,0,0,0,,,0,,0,,0,,0,0,0,0,0,0,0,0,,0,0,0,,0,,0,,0,,0,0,,0,0,,0,,,80,20,0,0,0,0,0,0,0,0,0,0
2023,1054,Jalen Tolbert,DAL,WR,1,1,NYG,6.25,50,29.1,1,12.5,1,12.5,0,1,9,9,15.3,0,0,0,0,0,0,0,0,0,0,0,0,0,0,0,0,0,0,39.6,1,12.5,0,0,0,0,0,0,0,0,0,0,0,0,0,0,100,-7.45,-2.602,0,100,0,0,0,0,0,-0.02,0.02,0,-0.02,0
2023,1055,Jalen Tolbert,DAL,WR,1,4,NE,6.25,0,33.3,1,14.3,0,0,0,0,,0,0,0,0,,,0,,0,,0,,0,0,0,0,0,0,0,0,,0,0,0,,0,,0,,0,,0,0,,0,0,,0,,,100,0,0,0,0,0,0,0,0,0,0,0
2023,1056,Jalen Tolbert,DAL,WR,1,5,SF,6.25,0,44.9,1,12.5,0,0,0,0,,0,0,0,0,,,0,,0,,0,,0,0,0,0,0,0,0,0,,0,0,0,,0,,0,,0,,0,0,,0,0,,0,,,100,0,0,0,0,0,0,0,0,0,0,0
2023,1057,Jalen Tolbert,DAL,WR,1,6,LAC,12.5,0,24.6,2,33.3,0,0,0,0,,0,0,0,0,,,0,,0,,0,,0,0,0,0,0,0,0,0,,0,0,0,,0,,0,,0,,0,0,,0,0,,0,,,50,50,0,0,0,0,0,0,0,0,0,0
2023,1058,Garrett Wilson,NYJ,WR,1,2,DAL,15.09433962264151,4.761904761904762,89.1,8,100,1,12.5,0,0.13,0,0,0,0,0,0,0,0,0,0,0,0,0,0,0,0,0,0,0,0,0,39.6,1,20,1,100,1,100,0,0,1,100,0,0,0,0,0,0,12.5,-6.04,-0.777,62.5,37.5,0,0,0,1.7,0,1.69,-1.69,0,0.21,1.7
2023,1059,Jahan Dotson,WAS,WR,1,5,CHI,22,0,78.8,11,64.7,0,0,0,0,,0,0,0,0,,,0,,0,,0,,0,0,0,0,0,0,0,0,,0,0,0,,0,,0,,0,,0,0,,0,0,,0,,,72.7,27.3,0,0,0,0,0,0,0,0,0,0
2023,1060,Jahan Dotson,WAS,WR,1,6,ATL,8,0,80,4,80,0,0,0,0,,0,0,0,0,,,0,,0,,0,,0,0,0,0,0,0,0,0,,0,0,0,,0,,0,,0,,0,0,,0,0,,0,,,100,0,0,0,0,0,0,0,0,0,0,0
2023,1061,Treylon Burks,TEN,WR,1,2,LAC,11.76470588235294,0,63.5,2,50,0,0,0,0,,0,0,0,0,,,0,,0,,0,,0,0,0,0,0,0,0,0,,0,0,0,,0,,0,,0,,0,0,,0,0,,0,,,100,0,0,0,0,0,0,0,0,0,0,0
2023,1062,Trey McBride,ARZ,TE,1,1,WAS,33.33333333333333,0,36.2,3,42.9,0,0,0,0,,0,0,0,0,,,0,,0,,0,,0,0,0,0,0,0,0,0,,0,0,0,,0,,0,,0,,0,0,,0,0,,0,,,0,66.7,33.3,0,0,0,0,0,0,0,0,0
2023,1063,Trey McBride,ARZ,TE,1,2,NYG,11.11111111111111,0,51.7,1,11.1,0,0,0,0,,0,0,0,0,,,0,,0,,0,,0,0,0,0,0,0,0,0,,0,0,0,,0,,0,,0,,0,0,,0,0,,0,,,0,0,100,0,0,0,0,0,0,0,0,0
2023,1064,Trey McBride,ARZ,TE,1,4,SF,11.11111111111111,0,25.4,1,8.3,0,0,0,0,,0,0,0,0,,,0,,0,,0,,0,0,0,0,0,0,0,0,,0,0,0,,0,,0,,0,,0,0,,0,0,,0,,,100,0,0,0,0,0,0,0,0,0,0,0
2023,1065,Trey McBride,ARZ,TE,1,5,CIN,11.11111111111111,50,33.3,1,9.1,1,9.1,0,1,24,24,20.9,0,0,0,0,0,0,0,0,0,0,0,0,0,0,0,0,0,0,39.6,1,12.5,0,0,0,0,1,0,0,0,0,0,0,0,0,0,50,-15.44,-0.588,0,100,0,0,0,0,0,0,0,0,0,0
2023,1066,Chigoziem Okonkwo,TEN,TE,1,1,NO,28.57142857142857,0,81.4,10,71.4,0,0,0,0,,0,0,0,0,,,0,,0,,0,,0,0,0,0,0,0,0,0,,0,0,0,,0,,0,,0,,0,0,,0,0,,0,,,10,60,30,0,0,0,0,0,0,0,0,0
2023,1067,Romeo Doubs,GB,WR,1,1,CHI,2.941176470588235,0,48.3,1,33.3,0,0,0,0,,0,0,0,0,,,0,,0,,0,,0,0,0,0,0,0,0,0,,0,0,0,,0,,0,,0,,0,0,,0,0,,0,,,100,0,0,0,0,0,0,0,0,0,0,0
2023,1068,Romeo Doubs,GB,WR,1,2,ATL,11.76470588235294,0,76.6,4,57.1,0,0,0,0,,0,0,0,0,,,0,,0,,0,,0,0,0,0,0,0,0,0,,0,0,0,,0,,0,,0,,0,0,,0,0,,0,,,50,50,0,0,0,0,0,0,0,0,0,0
2023,1069,Romeo Doubs,GB,WR,1,5,LV,23.52941176470588,16.666666666666664,86,8,88.9,1,11.1,0,0.13,11,11,11.2,0,0,0,0,0,0,0,0,0,0,0,0,0,0,0,0,0,0,0,1,16.7,0,0,0,0,0,0,0,0,0,0,0,0,0,0,11.1,-8.32,-6.651,87.5,12.5,0,0,0,0,0,0,0,0,0,0
2023,1070,Calvin Austin,PIT,WR,1,2,CLV,19.230769230769234,33.33333333333333,77.4,5,83.3,2,33.3,0,0.4,15.5,31,59.6,0,0,0,0,0,0,0,0,0,0,0,0.01,0,0,0,0,0,0,39.6,0,0,0,0,1,50,1,0,0,0,0,0,0,0,0,0,40,-8.26,-0.824,40,60,0,0,0,1.7,0,1.74,-1.74,0,0.35,1.7
2023,1071,Calvin Austin,PIT,WR,1,3,LV,38.46153846153847,50,71.7,10,90.9,3,27.3,0,0.3,15.67,47,51.1,0,0,0,0,0,0,0,0,0,0,0,0.05,0,0,0,0,0,0,39.6,3,37.5,0,0,1,33.3,1,0,0,0,1,0,0,0,0,0,30,-9.99,-1.129,60,40,0,0,0,1.6,0,1.58,-1.58,0,0.16,1.6
2023,1072,Calvin Austin,PIT,WR,1,5,BLT,19.230769230769234,0,56.9,5,71.4,0,0,0,0,,0,0,0,0,,,0,,0,,0,,0,0,0,0,0,0,0,0,,0,0,0,,0,,0,,0,,0,0,,0,0,,0,,,80,20,0,0,0,0,0,0,0,0,0,0
2023,1073,Isaiah Likely,BLT,TE,1,1,HST,22.22222222222222,0,70.7,2,40,0,0,0,0,,0,0,0,0,,,0,,0,,0,,0,0,0,0,0,0,0,0,,0,0,0,,0,,0,,0,,0,0,,0,0,,0,,,0,0,100,0,0,0,0,0,0,0,0,0
2023,1074,Isaiah Likely,BLT,TE,1,5,PIT,22.22222222222222,0,11.9,2,11.1,0,0,0,0,,0,0,0,0,,,0,,0,,0,,0,0,0,0,0,0,0,0,,0,0,0,,0,,0,,0,,0,0,,0,0,,0,,,0,100,0,0,0,0,0,0,0,0,0,0
2023,1075,Isaiah Likely,BLT,TE,1,6,TEN,11.11111111111111,0,24.3,1,8.3,0,0,0,0,,0,0,0,0,,,0,,0,,0,,0,0,0,0,0,0,0,0,,0,0,0,,0,,0,,0,,0,0,,0,0,,0,,,0,0,100,0,0,0,0,0,0,0,0,0
2023,1076,Skyy Moore,KC,WR,1,1,DET,22.22222222222222,28.57142857142857,69.4,10,71.4,2,14.3,0,0.2,6.5,13,9,0,0,0,0,0,0,0,0,0,0,0,0.03,0,1,0,0,0,0,39.6,2,28.6,0,0,2,100,0,0,1,50,1,0,0,0,0,0,20,-6.94,-0.619,60,40,0,0,0,3,0,3.03,-3.03,0,0.3,3
2023,1077,Skyy Moore,KC,WR,1,4,NYJ,6.666666666666667,14.285714285714285,59.1,3,25,1,8.3,0,0.33,5,5,4,0,0,0,0,0,0,0,0,0,0,0,0.01,0,1,0,0,0,0,39.6,1,10,0,0,1,100,0,0,0,0,0,0,0,0,0,0,25,-6.36,-1.425,33.3,66.7,0,0,0,1.6,0,1.6,-1.6,0,0.53,1.6
2023,1078,Skyy Moore,KC,WR,1,6,DEN,8.88888888888889,0,51.4,4,44.4,0,0,0,0,,0,0,0,0,,,0,,0,,0,,0,0,0,0,0,0,0,0,,0,0,0,,0,,0,,0,,0,0,,0,0,,0,,,100,0,0,0,0,0,0,0,0,0,0,0
2023,1079,Erik Ezukanma,MIA,WR,1,1,LAC,100,0,27.7,1,7.1,0,0,0,0,,0,0,0,0,,,0,,0,,0,,0,0,0,0,0,0,0,0,,0,0,0,,0,,0,,0,,0,0,,0,0,,0,,,0,100,0,0,0,0,0,0,0,0,0,0
2023,1080,Tyquan Thornton,NE,WR,1,6,LV,100,0,39.3,4,36.4,0,0,0,0,,0,0,0,0,,,0,,0,,0,,0,0,0,0,0,0,0,0,,0,0,0,,0,,0,,0,,0,0,,0,0,,0,,,75,25,0,0,0,0,0,0,0,0,0,0
2023,1081,Daniel Bellinger,NYG,TE,1,1,DAL,50,0,67.7,3,50,0,0,0,0,,0,0,0,0,,,0,,0,,0,,0,0,0,0,0,0,0,0,,0,0,0,,0,,0,,0,,0,0,,0,0,,0,,,33.3,0,66.7,0,0,0,0,0,0,0,0,0
2023,1082,Daniel Bellinger,NYG,TE,1,3,SF,33.33333333333333,0,60.9,2,15.4,0,0,0,0,,0,0,0,0,,,0,,0,,0,,0,0,0,0,0,0,0,0,,0,0,0,,0,,0,,0,,0,0,,0,0,,0,,,0,0,100,0,0,0,0,0,0,0,0,0
2023,1083,Daniel Bellinger,NYG,TE,1,5,MIA,16.666666666666664,0,36.8,1,9.1,0,0,0,0,,0,0,0,0,,,0,,0,,0,,0,0,0,0,0,0,0,0,,0,0,0,,0,,0,,0,,0,0,,0,0,,0,,,0,0,100,0,0,0,0,0,0,0,0,0
2023,1084,Cade Otton,TB,TE,1,6,DET,40,14.285714285714285,96.3,16,94.1,1,5.9,0,0.06,29,29,10.5,0,0,0,0,0,0,0,0,0,0,0,0,0,0,1,0,0,0,39.6,1,7.1,0,0,0,0,1,0,0,0,0,0,0,0,0,0,5.9,-11.22,-2.532,18.8,56.3,25,0,0,0,0,-0.02,0.02,0,0,0
2023,1085,Dontayvion Wicks,GB,WR,1,1,CHI,8.333333333333332,0,61.7,2,66.7,0,0,0,0,,0,0,0,0,,,0,,0,,0,,0,0,0,0,0,0,0,0,,0,0,0,,0,,0,,0,,0,0,,0,0,,0,,,50,50,0,0,0,0,0,0,0,0,0,0
2023,1086,Dontayvion Wicks,GB,WR,1,3,NO,50,33.33333333333333,66.2,12,75,1,6.3,0,0.08,12,12,5.2,0,0,0,0,0,0,0,0,0,0,0,0,0,0,0,0,0,0,39.6,1,6.3,0,0,0,0,0,0,0,0,0,0,0,0,0,0,7.7,-9.05,-2.976,58.3,41.7,0,0,0,0,0,0.02,-0.02,0,0,0
2023,1087,Dontayvion Wicks,GB,WR,1,4,DET,25,0,58.5,6,50,0,0,0,0,,0,0,0,0,,,0,,0,,0,,0,0,0,0,0,0,0,0,,0,0,0,,0,,0,,0,,0,0,,0,0,,0,,,83.3,16.7,0,0,0,0,0,0,0,0,0,0
2023,1088,Will Mallory,IND,TE,1,6,JAX,50,50,12,3,25,1,8.3,0,0.33,27,27,25,0,0,0,0,0,0,0,0,0,0,0,0,0,0,0,0,0,0,39.6,1,8.3,0,0,0,0,1,0,0,0,0,0,0,0,0,0,33.3,-13.57,-2.816,0,100,0,0,0,0,0,0,0,0,0,0
2023,1089,Malik Heath,GB,WR,1,1,CHI,40,0,48.3,2,66.7,0,0,0,0,,0,0,0,0,,,0,,0,,0,,0,0,0,0,0,0,0,0,,0,0,0,,0,,0,,0,,0,0,,0,0,,0,,,100,0,0,0,0,0,0,0,0,0,0,0
2023,1090,Malik Heath,GB,WR,1,2,ATL,20,0,19.1,1,14.3,0,0,0,0,,0,0,0,0,,,0,,0,,0,,0,0,0,0,0,0,0,0,,0,0,0,,0,,0,,0,,0,0,,0,0,,0,,,100,0,0,0,0,0,0,0,0,0,0,0
2023,1091,Malik Heath,GB,WR,1,3,NO,40,100,14.1,2,12.5,1,6.3,0,0.5,10,10,4.3,0,0,0,0,0,0,0,0,0,0,0,0,0,0,0,0,0,0,39.6,1,6.3,0,0,1,100,0,0,0,0,1,0,0,0,0,0,50,-7.5,-0.914,50,50,0,0,0,1,0,1,-1,0,0.5,1
2023,1092,Xavier Gipson,NYJ,WR,1,5,DEN,33.33333333333333,0,29,1,11.1,0,0,0,0,,0,0,0,0,,,0,,0,,0,,0,0,0,0,0,0,0,0,,0,0,0,,0,,0,,0,,0,0,,0,0,,0,,,100,0,0,0,0,0,0,0,0,0,0,0
2023,1093,Jaxon Smith-Njigba,SEA,WR,1,3,CAR,15.625,13.333333333333334,43.7,5,83.3,2,33.3,0,0.4,8,16,18.8,0,0,0,0,0,0,0,0,0,0,0,0,0,1,0,0,0,0,0,2,66.7,0,0,0,0,0,0,0,0,1,0,0,0,0,0,40,-7.26,-1.869,20,80,0,0,0,0,0,0.01,-0.01,0,0,0
2023,1094,Quentin Johnston,LAC,WR,1,1,MIA,12.5,0,28.9,2,22.2,0,0,0,0,,0,0,0,0,,,0,,0,,0,,0,0,0,0,0,0,0,0,,0,0,0,,0,,0,,0,,0,0,,0,0,,0,,,50,50,0,0,0,0,0,0,0,0,0,0
2023,1095,Quentin Johnston,LAC,WR,1,2,TEN,6.25,0,15.4,1,10,0,0,0,0,,0,0,0,0,,,0,,0,,0,,0,0,0,0,0,0,0,0,,0,0,0,,0,,0,,0,,0,0,,0,0,,0,,,100,0,0,0,0,0,0,0,0,0,0,0
2023,1096,Quentin Johnston,LAC,WR,1,4,LV,31.25,0,50.8,5,83.3,0,0,0,0,,0,0,0,0,,,0,,0,,0,,0,0,0,0,0,0,0,0,,0,0,0,,0,,0,,0,,0,0,,0,0,,0,,,80,20,0,0,0,0,0,0,0,0,0,0
2023,1097,Quentin Johnston,LAC,WR,1,6,DAL,18.75,33.33333333333333,47.5,3,42.9,1,14.3,0,0.33,39,39,48.8,0,0,0,0,0,0,0,0,0,0,0,0,0,0,0,0,0,0,39.6,1,20,0,0,0,0,1,0,0,0,0,0,0,0,0,0,25,-14.89,-1.029,66.7,33.3,0,0,0,0,0,-0.03,0.03,0,-0.01,0
2023,1098,Luke Schoonmaker,DAL,TE,1,1,NYG,40,0,27.3,2,25,0,0,0,0,,0,0,0,0,,,0,,0,,0,,0,0,0,0,0,0,0,0,,0,0,0,,0,,0,,0,,0,0,,0,0,,0,,,0,100,0,0,0,0,0,0,0,0,0,0
2023,1099,Luke Schoonmaker,DAL,TE,1,3,ARZ,20,50,25.3,1,16.7,1,16.7,0,1,0,0,0,0,0,0,0,0,0,0,0,0,0,0,0,0,0,0,0,0,0,39.6,0,0,0,0,1,100,0,0,1,100,0,0,0,0,0,0,100,-5.29,-0.796,0,100,0,0,0,1.6,0,1.62,-1.62,0,1.62,1.6
2023,1100,Luke Schoonmaker,DAL,TE,1,4,NE,20,50,55.1,1,14.3,1,14.3,0,1,6,6,11.1,0,0,0,0,0,0,0,0,0,0,0,0,0,1,0,0,0,0,39.6,1,25,0,0,0,0,0,0,0,0,0,0,0,0,0,0,50,-7.09,-0.786,0,100,0,0,0,0,0,-0.02,0.02,0,-0.02,0
2023,1101,Luke Schoonmaker,DAL,TE,1,5,SF,20,0,40.8,1,12.5,0,0,0,0,,0,0,0,0,,,0,,0,,0,,0,0,0,0,0,0,0,0,,0,0,0,,0,,0,,0,,0,0,,0,0,,0,,,0,100,0,0,0,0,0,0,0,0,0,0
2023,1102,Darnell Washington,PIT,TE,1,1,SF,40,0,39.3,4,28.6,0,0,0,0,,0,0,0,0,,,0,,0,,0,,0,0,0,0,0,0,0,0,,0,0,0,,0,,0,,0,,0,0,,0,0,,0,,,0,25,75,0,0,0,0,0,0,0,0,0
2023,1103,Darnell Washington,PIT,TE,1,2,CLV,20,0,47.2,2,33.3,0,0,0,0,,0,0,0,0,,,0,,0,,0,,0,0,0,0,0,0,0,0,,0,0,0,,0,,0,,0,,0,0,,0,0,,0,,,0,0,100,0,0,0,0,0,0,0,0,0
2023,1104,Darnell Washington,PIT,TE,1,3,LV,20,0,48.3,2,18.2,0,0,0,0,,0,0,0,0,,,0,,0,,0,,0,0,0,0,0,0,0,0,,0,0,0,,0,,0,,0,,0,0,,0,0,,0,,,0,0,100,0,0,0,0,0,0,0,0,0
2023,1105,Darnell Washington,PIT,TE,1,5,BLT,20,0,69.2,2,28.6,0,0,0,0,,0,0,0,0,,,0,,0,,0,,0,0,0,0,0,0,0,0,,0,0,0,,0,,0,,0,,0,0,,0,0,,0,,,0,0,100,0,0,0,0,0,0,0,0,0
2023,1106,Michael Wilson,ARZ,WR,1,1,WAS,12.5,0,89.7,6,85.7,0,0,0,0,,0,0,0,0,,,0,,0,,0,,0,0,0,0,0,0,0,0,,0,0,0,,0,,0,,0,,0,0,,0,0,,0,,,50,50,0,0,0,0,0,0,0,0,0,0
2023,1107,Michael Wilson,ARZ,WR,1,5,CIN,18.75,0,75.4,9,81.8,0,0,0,0,,0,0,0,0,,,0,,0,,0,,0,0,0,0,0,0,0,0,,0,0,0,,0,,0,,0,,0,0,,0,0,,0,,,100,0,0,0,0,0,0,0,0,0,0,0
2023,1108,Tre Tucker,LV,WR,1,3,PIT,9.090909090909092,0,13.4,1,25,0,0,0,0,,0,0,0,0,,,0,,0,,0,,0,0,0,0,0,0,0,0,,0,0,0,,0,,0,,0,,0,0,,0,0,,0,,,100,0,0,0,0,0,0,0,0,0,0,0
2023,1109,Tre Tucker,LV,WR,1,4,LAC,27.27272727272727,0,26.1,3,50,0,0,0,0,,0,0,0,0,,,0,,0,,0,,0,0,0,0,0,0,0,0,,0,0,0,,0,,0,,0,,0,0,,0,0,,0,,,100,0,0,0,0,0,0,0,0,0,0,0
2023,1110,Tre Tucker,LV,WR,1,5,GB,18.181818181818183,50,10.9,2,25,1,12.5,0,0.5,18,18,29.5,0,0,0,0,0,0,0,0,0,0,0,0,0,0,0,0,0,0,39.6,0,0,0,0,0,0,0,0,0,0,0,0,0,0,0,0,50,-10.9,-1.558,0,100,0,0,0,0,0,0,0,0,0,0
2023,1111,Josh Whyle,TEN,TE,1,1,NO,33.33333333333333,0,3.4,1,7.1,0,0,0,0,,0,0,0,0,,,0,,0,,0,,0,0,0,0,0,0,0,0,,0,0,0,,0,,0,,0,,0,0,,0,0,,0,,,0,0,100,0,0,0,0,0,0,0,0,0
2023,1112,Josh Whyle,TEN,TE,1,4,CIN,33.33333333333333,0,29,1,11.1,0,0,0,0,,0,0,0,0,,,0,,0,,0,,0,0,0,0,0,0,0,0,,0,0,0,,0,,0,,0,,0,0,,0,0,,0,,,0,0,100,0,0,0,0,0,0,0,0,0
2023,1113,Kayshon Boutte,NE,WR,1,1,PHI,100,0,67.9,13,61.9,0,0,0,0,,0,0,0,0,,,0,,0,,0,,0,0,0,0,0,0,0,0,,0,0,0,,0,,0,,0,,0,0,,0,0,,0,,,100,0,0,0,0,0,0,0,0,0,0,0
2023,1114,Xavier Hutchinson,HST,WR,1,2,IND,63.63636363636363,0,20.3,7,53.8,0,0,0,0,,0,0,0,0,,,0,,0,,0,,0,0,0,0,0,0,0,0,,0,0,0,,0,,0,,0,,0,0,,0,0,,0,,,71.4,28.6,0,0,0,0,0,0,0,0,0,0
2023,1115,Xavier Hutchinson,HST,WR,1,5,ATL,27.27272727272727,0,13.8,3,21.4,0,0,0,0,,0,0,0,0,,,0,,0,,0,,0,0,0,0,0,0,0,0,,0,0,0,,0,,0,,0,,0,0,,0,0,,0,,,33.3,66.7,0,0,0,0,0,0,0,0,0,0
2023,1116,Andrei Iosivas,CIN,WR,1,2,BLT,14.285714285714285,0,3.5,1,7.7,0,0,0,0,,0,0,0,0,,,0,,0,,0,,0,0,0,0,0,0,0,0,,0,0,0,,0,,0,,0,,0,0,,0,0,,0,,,100,0,0,0,0,0,0,0,0,0,0,0
2023,1117,Andrei Iosivas,CIN,WR,1,4,TEN,28.57142857142857,0,19.6,2,18.2,0,0,0,0,,0,0,0,0,,,0,,0,,0,,0,0,0,0,0,0,0,0,,0,0,0,,0,,0,,0,,0,0,,0,0,,0,,,100,0,0,0,0,0,0,0,0,0,0,0
2023,1118,Andrei Iosivas,CIN,WR,1,5,ARZ,57.14285714285714,0,30.4,4,26.7,0,0,0,0,,0,0,0,0,,,0,,0,,0,,0,0,0,0,0,0,0,0,,0,0,0,,0,,0,,0,,0,0,,0,0,,0,,,75,25,0,0,0,0,0,0,0,0,0,0
2023,1119,Antoine Green,DET,WR,1,3,ATL,50,0,20.3,2,18.2,0,0,0,0,,0,0,0,0,,,0,,0,,0,,0,0,0,0,0,0,0,0,,0,0,0,,0,,0,,0,,0,0,,0,0,,0,,,50,50,0,0,0,0,0,0,0,0,0,0
2023,1120,Colton Dowell,TEN,WR,1,4,CIN,80,0,24.2,4,44.4,0,0,0,0,,0,0,0,0,,,0,,0,,0,,0,0,0,0,0,0,0,0,,0,0,0,,0,,0,,0,,0,0,,0,0,,0,,,100,0,0,0,0,0,0,0,0,0,0,0
2023,1121,Colton Dowell,TEN,WR,1,6,BLT,20,0,2.2,1,14.3,0,0,0,0,,0,0,0,0,,,0,,0,,0,,0,0,0,0,0,0,0,0,,0,0,0,,0,,0,,0,,0,0,,0,0,,0,,,100,0,0,0,0,0,0,0,0,0,0,0
2023,1122,Jalen Brooks,DAL,WR,1,2,NYJ,50,0,18.1,1,7.7,0,0,0,0,,0,0,0,0,,,0,,0,,0,,0,0,0,0,0,0,0,0,,0,0,0,,0,,0,,0,,0,0,,0,0,,0,,,100,0,0,0,0,0,0,0,0,0,0,0
2023,1123,Jalen Brooks,DAL,WR,1,6,LAC,50,0,8.2,1,16.7,0,0,0,0,,0,0,0,0,,,0,,0,,0,,0,0,0,0,0,0,0,0,,0,0,0,,0,,0,,0,,0,0,,0,0,,0,,,100,0,0,0,0,0,0,0,0,0,0,0
2023,1124,Ronnie Bell,SF,WR,1,1,PIT,16.666666666666664,0,10.6,1,8.3,0,0,0,0,,0,0,0,0,,,0,,0,,0,,0,0,0,0,0,0,0,0,,0,0,0,,0,,0,,0,,0,0,,0,0,,0,,,100,0,0,0,0,0,0,0,0,0,0,0
2023,1125,Ronnie Bell,SF,WR,1,2,LA,16.666666666666664,0,48.1,1,7.1,0,0,0,0,,0,0,0,0,,,0,,0,,0,,0,0,0,0,0,0,0,0,,0,0,0,,0,,0,,0,,0,0,,0,0,,0,,,100,0,0,0,0,0,0,0,0,0,0,0
2023,1126,Ronnie Bell,SF,WR,1,4,ARZ,16.666666666666664,0,17,1,14.3,0,0,0,0,,0,0,0,0,,,0,,0,,0,,0,0,0,0,0,0,0,0,,0,0,0,,0,,0,,0,,0,0,,0,0,,0,,,0,100,0,0,0,0,0,0,0,0,0,0
2023,1127,Julian Hill,MIA,TE,1,3,DEN,33.33333333333333,0,77.5,2,28.6,0,0,0,0,,0,0,0,0,,,0,,0,,0,,0,0,0,0,0,0,0,0,,0,0,0,,0,,0,,0,,0,0,,0,0,,0,,,50,0,50,0,0,0,0,0,0,0,0,0
2023,1128,Julian Hill,MIA,TE,1,4,BUF,16.666666666666664,0,12.1,1,6.7,0,0,0,0,,0,0,0,0,,,0,,0,,0,,0,0,0,0,0,0,0,0,,0,0,0,,0,,0,,0,,0,0,,0,0,,0,,,0,0,100,0,0,0,0,0,0,0,0,0
2023,1129,Julian Hill,MIA,TE,1,6,CAR,50,0,44.6,3,23.1,0,0,0,0,,0,0,0,0,,,0,,0,,0,,0,0,0,0,0,0,0,0,,0,0,0,,0,,0,,0,,0,0,,0,0,,0,,,0,66.7,33.3,0,0,0,0,0,0,0,0,0
2023,1130,Jake Bobo,SEA,WR,1,1,LA,20,0,23.9,2,28.6,0,0,0,0,,0,0,0,0,,,0,,0,,0,,0,0,0,0,0,0,0,0,,0,0,0,,0,,0,,0,,0,0,,0,0,,0,,,100,0,0,0,0,0,0,0,0,0,0,0
2023,1131,Jake Bobo,SEA,WR,1,3,CAR,20,0,40.8,2,33.3,0,0,0,0,,0,0,0,0,,,0,,0,,0,,0,0,0,0,0,0,0,0,,0,0,0,,0,,0,,0,,0,0,,0,0,,0,,,100,0,0,0,0,0,0,0,0,0,0,0
2023,1132,Jake Bobo,SEA,WR,1,4,NYG,10,0,39.2,1,14.3,0,0,0,0,,0,0,0,0,,,0,,0,,0,,0,0,0,0,0,0,0,0,,0,0,0,,0,,0,,0,,0,0,,0,0,,0,,,100,0,0,0,0,0,0,0,0,0,0,0
2023,1133,Rakim Jarrett,TB,WR,1,2,CHI,25,0,23.5,1,16.7,0,0,0,0,,0,0,0,0,,,0,,0,,0,,0,0,0,0,0,0,0,0,,0,0,0,,0,,0,,0,,0,0,,0,0,,0,,,100,0,0,0,0,0,0,0,0,0,0,0
2023,1134,Rakim Jarrett,TB,WR,1,3,PHI,25,0,13.6,1,14.3,0,0,0,0,,0,0,0,0,,,0,,0,,0,,0,0,0,0,0,0,0,0,,0,0,0,,0,,0,,0,,0,0,,0,0,,0,,,100,0,0,0,0,0,0,0,0,0,0,0
2023,1135,Rakim Jarrett,TB,WR,1,4,NO,25,0,17.9,1,11.1,0,0,0,0,,0,0,0,0,,,0,,0,,0,,0,0,0,0,0,0,0,0,,0,0,0,,0,,0,,0,,0,0,,0,0,,0,,,0,100,0,0,0,0,0,0,0,0,0,0
2023,1136,Rakim Jarrett,TB,WR,1,6,DET,25,0,13,1,5.9,0,0,0,0,,0,0,0,0,,,0,,0,,0,,0,0,0,0,0,0,0,0,,0,0,0,,0,,0,,0,,0,0,,0,0,,0,,,0,100,0,0,0,0,0,0,0,0,0,0
2023,1137,Brenton Strange,JAX,TE,1,1,IND,20,0,37.7,1,12.5,0,0,0,0,,0,0,0,0,,,0,,0,,0,,0,0,0,0,0,0,0,0,,0,0,0,,0,,0,,0,,0,0,,0,0,,0,,,0,100,0,0,0,0,0,0,0,0,0,0
2023,1138,Brenton Strange,JAX,TE,1,4,ATL,40,0,34.4,2,11.8,0,0,0,0,,0,0,0,0,,,0,,0,,0,,0,0,0,0,0,0,0,0,,0,0,0,,0,,0,,0,,0,0,,0,0,,0,,,0,100,0,0,0,0,0,0,0,0,0,0
2023,1139,Brenton Strange,JAX,TE,1,5,BUF,20,50,28,1,14.3,1,14.3,0,1,11,11,22.4,0,0,0,0,0,0,0,0,0,0,0,0,0,0,0,0,0,0,39.6,0,0,0,0,0,0,0,0,0,0,0,0,0,0,0,0,100,-8.74,-0.788,0,100,0,0,0,0,0,-0.03,0.03,0,-0.03,0
2023,1140,Jalin Hyatt,NYG,WR,1,1,DAL,12.903225806451612,0,33.8,4,66.7,0,0,0,0,,0,0,0,0,,,0,,0,,0,,0,0,0,0,0,0,0,0,,0,0,0,,0,,0,,0,,0,0,,0,0,,0,,,100,0,0,0,0,0,0,0,0,0,0,0
2023,1141,Jalin Hyatt,NYG,WR,1,2,ARZ,6.451612903225806,0,20.9,2,15.4,0,0,0,0,,0,0,0,0,,,0,,0,,0,,0,0,0,0,0,0,0,0,,0,0,0,,0,,0,,0,,0,0,,0,0,,0,,,50,50,0,0,0,0,0,0,0,0,0,0
2023,1142,Jalin Hyatt,NYG,WR,1,3,SF,3.225806451612903,0,32.6,1,7.7,0,0,0,0,,0,0,0,0,,,0,,0,,0,,0,0,0,0,0,0,0,0,,0,0,0,,0,,0,,0,,0,0,,0,0,,0,,,100,0,0,0,0,0,0,0,0,0,0,0
2023,1143,Jalin Hyatt,NYG,WR,1,4,SEA,16.129032258064516,0,59.5,5,45.5,0,0,0,0,,0,0,0,0,,,0,,0,,0,,0,0,0,0,0,0,0,0,,0,0,0,,0,,0,,0,,0,0,,0,0,,0,,,100,0,0,0,0,0,0,0,0,0,0,0
2023,1144,Jalin Hyatt,NYG,WR,1,5,MIA,25.806451612903224,0,47.1,8,72.7,0,0,0,0,,0,0,0,0,,,0,,0,,0,,0,0,0,0,0,0,0,0,,0,0,0,,0,,0,,0,,0,0,,0,0,,0,,,100,0,0,0,0,0,0,0,0,0,0,0
2023,1145,Jalin Hyatt,NYG,WR,1,6,BUF,35.483870967741936,0,75.3,11,91.7,0,0,0,0,,0,0,0,0,,,0,,0,,0,,0,0,0,0,0,0,0,0,,0,0,0,,0,,0,,0,,0,0,,0,0,,0,,,100,0,0,0,0,0,0,0,0,0,0,0
2023,1146,Tyler Scott,CHI,WR,1,2,TB,16.666666666666664,0,23.5,2,40,0,0,0,0,,0,0,0,0,,,0,,0,,0,,0,0,0,0,0,0,0,0,,0,0,0,,0,,0,,0,,0,0,,0,0,,0,,,100,0,0,0,0,0,0,0,0,0,0,0
2023,1147,Tyler Scott,CHI,WR,1,4,DEN,16.666666666666664,0,20,2,33.3,0,0,0,0,,0,0,0,0,,,0,,0,,0,,0,0,0,0,0,0,0,0,,0,0,0,,0,,0,,0,,0,0,,0,0,,0,,,100,0,0,0,0,0,0,0,0,0,0,0
2023,1148,Tyler Scott,CHI,WR,1,5,WAS,8.333333333333332,0,23.4,1,16.7,0,0,0,0,,0,0,0,0,,,0,,0,,0,,0,0,0,0,0,0,0,0,,0,0,0,,0,,0,,0,,0,0,,0,0,,0,,,100,0,0,0,0,0,0,0,0,0,0,0
2023,1149,Tyler Scott,CHI,WR,1,6,MIN,25,0,58.5,3,42.9,0,0,0,0,,0,0,0,0,,,0,,0,,0,,0,0,0,0,0,0,0,0,,0,0,0,,0,,0,,0,,0,0,,0,0,,0,,,100,0,0,0,0,0,0,0,0,0,0,0
2023,1150,Marvin Mims,DEN,WR,1,2,WAS,14.285714285714285,0,22.6,1,14.3,0,0,0,0,,0,0,0,0,,,0,,0,,0,,0,0,0,0,0,0,0,0,,0,0,0,,0,,0,,0,,0,0,,0,0,,0,,,100,0,0,0,0,0,0,0,0,0,0,0
2023,1151,Marvin Mims,DEN,WR,1,3,MIA,14.285714285714285,100,25.4,1,11.1,1,11.1,0,1,35,35,29.9,0,0,0,0,0,0,0,0,0,0,0,0,0,0,0,0,0,0,39.6,1,14.3,0,0,0,0,1,0,0,0,0,0,0,0,0,0,100,-13.7,-1.225,0,100,0,0,0,0,0,0.01,-0.01,0,0.01,0
2023,1152,Marvin Mims,DEN,WR,1,4,CHI,28.57142857142857,0,35.4,2,33.3,0,0,0,0,,0,0,0,0,,,0,,0,,0,,0,0,0,0,0,0,0,0,,0,0,0,,0,,0,,0,,0,0,,0,0,,0,,,100,0,0,0,0,0,0,0,0,0,0,0
2023,1153,Marvin Mims,DEN,WR,1,5,NYJ,14.285714285714285,0,33.3,1,16.7,0,0,0,0,,0,0,0,0,,,0,,0,,0,,0,0,0,0,0,0,0,0,,0,0,0,,0,,0,,0,,0,0,,0,0,,0,,,100,0,0,0,0,0,0,0,0,0,0,0
2023,1154,Marvin Mims,DEN,WR,1,6,KC,28.57142857142857,0,22.4,2,33.3,0,0,0,0,,0,0,0,0,,,0,,0,,0,,0,0,0,0,0,0,0,0,,0,0,0,,0,,0,,0,,0,0,,0,0,,0,,,100,0,0,0,0,0,0,0,0,0,0,0
2023,1155,Tank Dell,HST,WR,1,4,PIT,12.121212121212121,0,71,4,66.7,0,0,0,0,,0,0,0,0,,,0,,0,,0,,0,0,0,0,0,0,0,0,,0,0,0,,0,,0,,0,,0,0,,0,0,,0,,,100,0,0,0,0,0,0,0,0,0,0,0
2023,1156,Cedric Tillman,CLV,WR,1,2,PIT,50,0,11.1,1,10,0,0,0,0,,0,0,0,0,,,0,,0,,0,,0,0,0,0,0,0,0,0,,0,0,0,,0,,0,,0,,0,0,,0,0,,0,,,100,0,0,0,0,0,0,0,0,0,0,0
2023,1157,Cedric Tillman,CLV,WR,1,4,BLT,50,0,21.5,1,10,0,0,0,0,,0,0,0,0,,,0,,0,,0,,0,0,0,0,0,0,0,0,,0,0,0,,0,,0,,0,,0,0,,0,0,,0,,,100,0,0,0,0,0,0,0,0,0,0,0
2023,1158,Jordan Addison,MIN,WR,1,1,TB,13.953488372093023,33.33333333333333,55.6,6,75,1,12.5,0,0.17,0,0,0,0,0,0,0,1,100,0,0,0,0,0,0,0,0,0,0,0,0,79.2,1,16.7,1,100,1,100,0,0,0,0,0,0,0,0,0,0,16.7,-6.04,-1.914,83.3,16.7,0,0,1,1.6,1,1.62,-0.62,0.17,0.27,1.6
2023,1159,Jordan Addison,MIN,WR,1,2,PHI,18.6046511627907,0,70.9,8,88.9,0,0,0,0,,0,0,0,0,,,0,,0,,0,,0,0,0,0,0,0,0,0,,0,0,0,,0,,0,,0,,0,0,,0,0,,0,,,100,0,0,0,0,0,0,0,0,0,0,0
2023,1160,Jordan Addison,MIN,WR,1,3,LAC,27.906976744186046,0,70.5,12,80,0,0,0,0,,0,0,0,0,,,0,,0,,0,,0,0,0,0,0,0,0,0,,0,0,0,,0,,0,,0,,0,0,,0,0,,0,,,75,25,0,0,0,0,0,0,0,0,0,0
2023,1161,Jordan Addison,MIN,WR,1,4,CAR,6.976744186046512,0,56.8,3,75,0,0,0,0,,0,0,0,0,,,0,,0,,0,,0,0,0,0,0,0,0,0,,0,0,0,,0,,0,,0,,0,0,,0,0,,0,,,100,0,0,0,0,0,0,0,0,0,0,0
2023,1162,Jordan Addison,MIN,WR,1,6,CHI,9.30232558139535,0,87.3,4,80,0,0,0,0,,0,0,0,0,,,0,,0,,0,,0,0,0,0,0,0,0,0,,0,0,0,,0,,0,,0,,0,0,,0,0,,0,,,50,50,0,0,0,0,0,0,0,0,0,0
2023,1163,Tucker Kraft,GB,TE,1,1,CHI,50,0,21.7,1,33.3,0,0,0,0,,0,0,0,0,,,0,,0,,0,,0,0,0,0,0,0,0,0,,0,0,0,,0,,0,,0,,0,0,,0,0,,0,,,0,100,0,0,0,0,0,0,0,0,0,0
2023,1164,Tucker Kraft,GB,TE,1,3,NO,50,0,12.7,1,6.3,0,0,0,0,,0,0,0,0,,,0,,0,,0,,0,0,0,0,0,0,0,0,,0,0,0,,0,,0,,0,,0,0,,0,0,,0,,,0,0,100,0,0,0,0,0,0,0,0,0
2023,1165,Trey Palmer,TB,WR,1,2,CHI,9.375,0,48.5,3,50,0,0,0,0,,0,0,0,0,,,0,,0,,0,,0,0,0,0,0,0,0,0,,0,0,0,,0,,0,,0,,0,0,,0,0,,0,,,100,0,0,0,0,0,0,0,0,0,0,0
2023,1166,Jonathan Mingo,CAR,WR,1,2,NO,19.51219512195122,22.22222222222222,98.2,8,88.9,2,22.2,0,0.25,17.5,35,42.7,0,0,0,0,0,0,0,0,0,0,0,0,0,0,0,0,0,0,39.6,1,16.7,0,0,1,50,1,0,0,0,1,0,0,0,0,0,22.2,-10.53,-1.512,50,50,0,0,0,2,0,1.96,-1.96,0,0.25,2
2023,1167,Jonathan Mingo,CAR,WR,1,6,MIA,26.82926829268293,11.11111111111111,91.2,11,100,1,9.1,0,0.09,15,15,13.5,0,0,0,0,0,0,0,0,0,0,0,0.01,0,0,0,0,0,0,39.6,1,10,0,0,1,100,0,0,0,0,0,0,0,0,0,0,9.1,-10.41,-0.765,72.7,27.3,0,0,0,2.8,0,2.79,-2.79,0,0.25,2.8
2023,1168,Sam LaPorta,DET,TE,1,1,KC,6.976744186046512,0,81.4,3,60,0,0,0,0,,0,0,0,0,,,0,,0,,0,,0,0,0,0,0,0,0,0,,0,0,0,,0,,0,,0,,0,0,,0,0,,0,,,66.7,0,33.3,0,0,0,0,0,0,0,0,0
2023,1169,Sam LaPorta,DET,TE,1,3,ATL,20.930232558139537,9.090909090909092,73.4,9,81.8,1,9.1,0,0.11,12,12,12.1,0,0,0,0,0,0,0,0,0,0,0,0,0,0,0,0,0,0,39.6,1,10,0,0,0,0,0,0,0,0,0,0,0,0,0,0,10,-8.67,-1.533,77.8,11.1,11.1,0,0,0,0,-0.02,0.02,0,0,0
2023,1170,Sam LaPorta,DET,TE,1,5,CAR,2.3255813953488373,0,86.7,1,20,0,0,0,0,,0,0,0,0,,,0,,0,,0,,0,0,0,0,0,0,0,0,,0,0,0,,0,,0,,0,,0,0,,0,0,,0,,,100,0,0,0,0,0,0,0,0,0,0,0
2023,1171,Michael Mayer,LV,TE,1,1,DEN,7.6923076923076925,0,50.9,1,50,0,0,0,0,,0,0,0,0,,,0,,0,,0,,0,0,0,0,0,0,0,0,,0,0,0,,0,,0,,0,,0,0,,0,0,,0,,,0,0,100,0,0,0,0,0,0,0,0,0
2023,1172,Michael Mayer,LV,TE,1,2,BUF,15.384615384615385,0,38.5,2,33.3,0,0,0,0,,0,0,0,0,,,0,,0,,0,,0,0,0,0,0,0,0,0,,0,0,0,,0,,0,,0,,0,0,,0,0,,0,,,0,50,50,0,0,0,0,0,0,0,0,0
2023,1173,Michael Mayer,LV,TE,1,3,PIT,15.384615384615385,0,47.8,2,50,0,0,0,0,,0,0,0,0,,,0,,0,,0,,0,0,0,0,0,0,0,0,,0,0,0,,0,,0,,0,,0,0,,0,0,,0,,,50,50,0,0,0,0,0,0,0,0,0,0
2023,1174,Michael Mayer,LV,TE,1,5,GB,30.76923076923077,0,65.6,4,50,0,0,0,0,,0,0,0,0,,,0,,0,,0,,0,0,0,0,0,0,0,0,,0,0,0,,0,,0,,0,,0,0,,0,0,,0,,,25,75,0,0,0,0,0,0,0,0,0,0
2023,1175,Rashee Rice,KC,WR,1,2,JAX,3.4482758620689653,0,17.2,1,9.1,0,0,0,0,,0,0,0,0,,,0,,0,,0,,0,0,0,0,0,0,0,0,,0,0,0,,0,,0,,0,,0,0,,0,0,,0,,,0,100,0,0,0,0,0,0,0,0,0,0
2023,1176,Puka Nacua,LA,WR,1,4,IND,17.1875,0,94.9,11,100,0,0,0,0,,0,0,0,0,,,0,,0,,0,,0,0,0,0,0,0,0,0,,0,0,0,,0,,0,,0,,0,0,,0,0,,0,,,72.7,27.3,0,0,0,0,0,0,0,0,0,0
2023,1177,Puka Nacua,LA,WR,1,6,ARZ,7.8125,7.142857142857142,96.4,5,100,1,20,0,0.2,14,14,28,0,0,0,0,0,0,0,0,0,0,0,0,0,1,1,0,0,0,39.6,1,20,0,0,0,0,0,0,0,0,0,0,0,0,0,0,20,-9.81,-0.476,40,60,0,0,0,0,0,-0.02,0.02,0,0,0
2023,1178,Luke Musgrave,GB,TE,1,4,DET,7.4074074074074066,0,26.4,2,16.7,0,0,0,0,,0,0,0,0,,,0,,0,,0,,0,0,0,0,0,0,0,0,,0,0,0,,0,,0,,0,,0,0,,0,0,,0,,,0,100,0,0,0,0,0,0,0,0,0,0
2023,1179,Jayden Reed,GB,WR,1,1,CHI,7.6923076923076925,11.76470588235294,53.3,3,100,2,66.7,0,0.67,25,50,90.9,0,0,0,0,0,0,0,0,0,0,0,0.03,0,0,0,0,0,0,39.6,1,50,0,0,2,100,1,0,1,50,2,0,0,0,0,0,66.7,-11.26,-1.045,0,100,0,0,0,3.2,0,3.23,-3.23,0,1.08,3.2
2023,1180,Jayden Reed,GB,WR,1,5,LV,15.384615384615385,5.88235294117647,49.1,6,66.7,1,11.1,0,0.17,35,35,35.7,0,0,0,0,0,0,0,0,0,0,0,0,0,0,0,0,0,0,39.6,0,0,0,0,0,0,1,0,0,0,0,0,0,0,0,0,14.3,-13.7,-1.947,33.3,66.7,0,0,0,0,0,0.02,-0.02,0,0,0
2023,1181,Tim Jones,JAX,WR,1,4,ATL,63.1578947368421,100,60.9,12,70.6,1,5.9,-0.08,0.08,-2,-2,-2.5,-1,-0.9,-1,-1,1,100,1,1,1,1,0,0.01,0,0,0,0,0,0,79.2,1,7.7,1,100,1,100,0,0,0,0,0,0,0,0,0,0,7.7,-6.5,-1.281,50,50,0,0,0.9,1.6,0.9,1.64,-0.74,0.07,0.14,1.6
2023,1182,Calvin Austin,PIT,WR,1,1,SF,23.076923076923077,16.666666666666664,55.7,6,42.9,1,7.1,-0.17,0.17,-5,-5,-5.2,-1,-1.3,-1,-1,1,100,4,4,6,6,0,0,0,0,0,0,0,0,79.2,1,11.1,1,100,1,100,0,0,0,0,0,0,0,0,2,2,16.7,-5.16,-1.057,83.3,16.7,0,0,0.9,1.5,0.9,1.48,-0.58,0.15,0.25,1.5
2023,1183,Dalton Kincaid,BUF,TE,1,3,WAS,20.588235294117645,8.333333333333332,49.2,7,63.6,1,9.1,-0.14,0.14,-3,-3,-7.1,-1,-2,-1,-1,1,100,2,2,3,3,0,0,0,0,0,0,0,0,79.2,1,12.5,1,100,1,100,0,0,0,0,0,0,0,0,1,1,12.5,-6.87,-1.002,57.1,42.9,0,0,0.9,1.5,0.9,1.55,-0.65,0.13,0.22,1.5
2023,1184,Kalif Raymond,DET,WR,1,4,GB,13.636363636363635,10,21.9,3,50,1,16.7,-0.67,0.33,-4,-4,-14.3,-2,-3,-2,-2,1,100,2,2,0,0,0,0,0,0,0,0,0,0,79.2,0,0,0,0,1,100,0,0,0,0,0,0,0,0,0,0,33.3,-6.49,-1.394,33.3,66.7,0,0,0.8,1.5,0.8,1.5,-0.7,0.27,0.5,1.5
2023,1185,Deven Thompkins,TB,WR,1,6,DET,27.77777777777778,37.5,25.9,5,29.4,3,17.6,-0.4,0.6,8,24,8.7,-2,-2.2,-0.67,-1,2,66.7,3,1.5,1,0.5,0,0,0,0,1,0,0,0,70.1,1,7.1,1,33.3,2,66.7,1,0,0,0,0,0,0,0,0,0,60,-7.96,-0.665,20,80,0,0,1.8,3.1,1.8,3.07,-1.27,0.36,0.61,3.1
Exported from Data Suite 2.0 by michaelgingrave (user 380) on 2026-09-16 21:40 UTC,,,,,,,,,,,,,,,,,,,,,,,,,,,,,,,,,,,,,,,,,,,,,,,,,,,,,,,,,,,,,,,,,,,,,