,Player Details,Player Details,Player Details,Player Details,Player Details,Splits,Splits,Splits,Rushing,Rushing,Rushing,Rushing,Rushing,Rushing,Rushing,Rushing,Rushing,Rushing,Advanced,Advanced,Advanced,Advanced,Advanced,Advanced,Advanced,Advanced,Advanced,Advanced,Advanced,Advanced,Advanced,Advanced,Advanced,Advanced,Zone Concept,Zone Concept,Zone Concept,Zone Concept,Zone Concept,Zone Concept,Man/Gap Concept,Man/Gap Concept,Man/Gap Concept,Man/Gap Concept,Man/Gap Concept,Man/Gap Concept,FP,FP,FP,FP,FP
Season,Rank,Name,Team,POS,G,WEEK,OPP,ATT %,SNAP %,ATT,DCS %,SNEAK %,YDS,YPC,TD,XTD,FUM,1D,EXP RUN %,EXP YDS,EXP YDS %,i5 %,TD RATE,SUCC %,STUFF %,RYOE,YBC/ATT,HIT %,YACO/ATT,YACO %,MTF,MTF/A,EPA/A,EPA,ZONE ATT,ZONE ATT %,ZONE YDS,ZONE TD,ZONE YPC,ZONE SUCC %,MAN ATT,MAN ATT %,MAN YDS,MAN TD,MAN YPC,MAN SUCC %,FP,XFP,FP/G,XFP/G,DIFF
2023,,League Avg,,,,,,,45.09160369437447,7.0226700251889165,40.87304785894208,0,27.19731318219983,3.87,0.24265323257766583,0.27039462636439765,0.03190596137699412,1.5205709487825356,9.9,10.785894206549118,39.7,21.67220822837951,3.5,46.3,50,-1.5955499580184698,1.29,45.2,2.58,66.6,1.3778337531486147,0.2,-0.109,-0.7638119227539879,3.885810243492863,55.3,15.151973131821999,0.11502938706968933,3.9,46,3.065491183879093,43.7,11.708648194794291,0.12258606213266163,3.82,46.2,5.506884970612937,5.804617968094023,5.506834592779183,5.804340890008398,-0.2975062972292191
2023,1,Breece Hall,NYJ,RB,1,5,DEN,11.049723756906078,75.8,20,80,0,159,7.95,1,0.81,0,5,12.5,91,57.2,0,5,50,35,73.9,3.05,30,4.9,61.6,4,0.2,0.346,6.9,10,50,47,0,4.7,40,10,50,112,1,11.2,60,24.4,16.8,24.4,16.76,7.64
2023,2,Derrick Henry,TEN,RB,1,18,JAX,7.851239669421488,81.4,19,86.4,0,153,8.05,1,0.43,0,6,23.5,115,75.2,50,5.3,47.4,52.6,74.4,0.89,57.9,7.16,88.9,3,0.16,0.289,5.5,13,68.4,137,1,10.54,53.8,6,31.6,16,0,2.67,33.3,21.3,10.4,21.3,10.43,10.87
2023,3,Devin Singletary,HST,RB,1,10,CIN,16.666666666666664,95.7,27,90,0,144,5.33,1,0.56,0,7,20,71,49.3,100,3.7,63,37,23,2.85,37,2.48,46.5,11,0.41,0.132,3.6,10,37,53,0,5.3,70,16,59.3,84,1,5.25,56.3,22.5,18.9,22.5,18.87,3.63
2023,4,Christian McCaffrey,SF,RB,1,14,SEA,6.140350877192982,83.3,14,73.7,0,142,10.14,0,0.17,0,4,28.6,127,89.4,0,0,42.9,57.1,78,7.43,57.1,2.71,26.8,6,0.43,0.324,4.5,13,92.9,142,0,10.92,46.2,0,0,0,0,0,0,14.2,7.4,14.2,7.44,6.76
2023,5,Zamir White,LV,RB,1,16,KC,23.076923076923077,92.1,18,90,0,127,7.06,0,0.12,0,4,16.7,74,58.3,0,0,61.1,33.3,50.5,1.89,33.3,5.17,73.2,6,0.33,0.092,1.7,12,66.7,51,0,4.25,58.3,6,33.3,76,0,12.67,66.7,12.7,8.4,12.7,8.39,4.31
2023,6,Breece Hall,NYJ,RB,1,1,BUF,4.972375690607735,38.2,9,42.9,0,126,14,0,0.04,0,2,22.2,109,86.5,0,0,66.7,33.3,83.4,2.44,66.7,11.56,82.5,6,0.67,0.553,5,4,44.4,1,0,0.25,25,5,55.6,125,0,25,100,12.6,4.5,12.6,4.48,8.12
2023,7,Jaylen Warren,PIT,RB,1,11,CLV,7.8431372549019605,38.6,8,38.1,0,124,15.5,1,0.03,0,5,50,118,95.2,0,12.5,62.5,25,92.6,0.88,62.5,14.63,94.4,5,0.63,1.057,8.5,2,25,20,0,10,50,5,62.5,101,1,20.2,60,18.4,3.3,18.4,3.31,15.09
2023,8,Zack Moss,IND,RB,1,5,TEN,11.570247933884298,72.4,14,70,0,122,8.71,2,0.42,0,5,25,81,66.4,100,14.3,71.4,21.4,73.5,5.21,42.9,3.5,40.2,3,0.21,0.446,6.2,12,85.7,115,2,9.58,75,2,14.3,7,0,3.5,50,24.2,7.4,24.2,7.36,16.84
2023,9,Devon Achane,MIA,RB,1,5,NYG,11.76470588235294,33.3,8,47.1,0,122,15.25,1,0.6,1,2,28.6,100,82,50,12.5,62.5,37.5,79,13.25,25,2,13.1,3,0.38,0.261,2.1,5,62.5,90,1,18,60,2,25,8,0,4,50,17.2,7.9,17.2,7.93,9.27
2023,10,James Cook,BUF,RB,1,15,DAL,13.286713286713287,52.9,19,52.8,0,119,6.26,0,0.28,0,7,26.3,69,58,0,0,68.4,36.8,30.7,3.68,10.5,2.58,41.2,2,0.11,0.227,4.3,11,57.9,58,0,5.27,63.6,8,42.1,61,0,7.63,75,24.1,24.8,24.1,24.81,-0.71
2023,11,Ty Chandler,MIN,RB,1,15,CIN,25.97402597402597,85.1,20,83.3,0,119,5.95,1,0.9,0,4,10.5,54,45.4,100,5,55,45,37.6,4,30,1.95,32.8,2,0.1,0.168,3.4,7,35,34,0,4.86,57.1,13,65,85,1,6.54,53.8,22,16.7,22,16.73,5.27
2023,12,Breece Hall,NYJ,RB,1,18,NE,15.469613259668508,94.6,28,93.3,0,119,4.25,1,0.18,0,5,3.6,50,42,0,3.6,42.9,50,-5.4,1.71,57.1,2.54,59.7,7,0.25,-0.128,-3.6,19,67.9,54,0,2.84,42.1,8,28.6,65,1,8.13,50,21.1,16.8,21.1,16.77,4.33
2023,13,Bijan Robinson,ATL,RB,1,2,GB,11.333333333333332,60.4,17,54.8,0,118,6.94,0,0.21,0,8,31.3,68,57.6,100,0,70.6,23.5,50.2,3.59,17.6,3.35,48.3,11,0.65,0.347,5.9,12,70.6,97,0,8.08,83.3,4,23.5,18,0,4.5,50,11.8,9.6,11.8,9.59,2.21
2023,14,Jahmyr Gibbs,DET,RB,1,8,LV,15.625,60.8,20,62.5,0,116,5.8,1,0.55,0,4,15.8,55,47.4,0,5,55,40,27.4,3,50,2.8,48.3,7,0.35,0.048,1,11,55,62,0,5.64,54.5,9,45,54,1,6,55.6,21.3,15.9,21.3,15.86,5.44
2023,15,Najee Harris,PIT,RB,1,17,SEA,12.01923076923077,66,25,62.5,0,115,4.6,2,1.43,0,7,9.1,35,30.4,50,8,68,36,25.7,0.84,40,3.76,81.7,5,0.2,0.206,5.1,12,48,67,0,5.58,66.7,13,52,48,2,3.69,69.2,23.5,17.5,23.5,17.5,6
2023,16,Aaron Jones,GB,RB,1,17,MIN,15.454545454545453,57.6,17,50,0,113,6.65,0,0.46,0,6,23.5,65,57.5,0,0,76.5,29.4,33.4,3.41,17.6,3.24,48.7,4,0.24,0.342,5.8,11,64.7,87,0,7.91,81.8,6,35.3,26,0,4.33,66.7,13.3,12.6,13.3,12.61,0.69
2023,17,Joe Mixon,CIN,RB,1,18,CLV,8.588957055214724,63.4,14,51.9,0,111,7.93,1,1.38,0,6,41.7,100,90.1,100,7.1,57.1,35.7,46.4,4.93,42.9,3,37.8,3,0.21,0.236,3.3,7,50,22,0,3.14,42.9,7,50,89,1,12.71,71.4,24.7,20.3,24.7,20.3,4.4
2023,18,Travis Etienne,JAX,RB,1,5,BUF,9.62566844919786,79.1,18,72,0,110,6.11,2,0.26,0,5,12.5,66,60,100,11.1,44.4,61.1,34.5,1.78,66.7,4.33,70.9,6,0.33,0.373,6.7,7,38.9,53,1,7.57,57.1,11,61.1,57,1,5.18,36.4,25,12.4,25,12.42,12.58
2023,19,Christian McCaffrey,SF,RB,1,2,LA,7.456140350877193,100,17,73.9,0,107,6.29,1,0.93,0,3,12.5,65,60.7,0,5.9,35.3,58.8,32.3,2.65,41.2,3.65,57.9,4,0.24,0.07,1.2,11,64.7,87,1,7.91,27.3,6,35.3,20,0,3.33,50,16.7,13.1,16.7,13.06,3.64
2023,20,Najee Harris,PIT,RB,1,18,BLT,11.538461538461538,68.2,24,70.6,0,107,4.46,1,1.18,0,6,15,36,33.6,50,4.2,62.5,37.5,9.7,1.79,25,2.67,59.8,6,0.25,0.076,1.8,16,66.7,74,0,4.63,62.5,7,29.2,32,1,4.57,57.1,19.6,20.8,19.6,20.76,-1.16
2023,21,Khalil Herbert,CHI,RB,1,17,ATL,12.264150943396226,56.1,13,48.1,0,107,8.23,1,0.9,0,4,25,85,79.4,16.7,7.7,46.2,46.2,49.8,6.15,30.8,2.08,25.2,1,0.08,0.328,4.3,7,53.8,61,0,8.71,57.1,6,46.2,46,1,7.67,33.3,17.7,12.7,17.7,12.71,4.99
2023,22,Aaron Jones,GB,RB,1,18,CHI,18.181818181818183,90.5,20,90.9,0,103,5.15,0,0.18,0,7,20,53,51.5,0,0,60,25,19.2,1.85,40,3.3,64.1,4,0.2,0.085,1.7,10,50,52,0,5.2,70,10,50,51,0,5.1,50,13.2,12.7,13.2,12.65,0.55
2023,23,Kenneth Walker,SEA,RB,1,7,ARZ,13.714285714285715,81.4,24,100,0,102,4.25,0,0.74,0,4,4.5,25,24.5,100,0,45.8,41.7,14.9,2.25,33.3,2,47.1,3,0.13,-0.1,-2.4,17,70.8,73,0,4.29,41.2,6,25,26,0,4.33,50,12.8,16.9,12.8,16.94,-4.14
2023,24,David Montgomery,DET,RB,1,4,GB,18.012422360248447,82,29,87.9,0,101,3.48,3,3.42,0,8,9.1,29,28.7,100,10.3,51.7,51.7,-5.7,0.86,48.3,2.62,75.2,11,0.38,0.098,2.8,18,62.1,71,1,3.94,44.4,11,37.9,30,2,2.73,63.6,30.3,32.9,30.3,32.86,-2.56
2023,25,Josh Jacobs,LV,RB,1,12,KC,9.392265193370166,93.9,17,89.5,0,101,5.94,1,0.15,0,1,5.9,63,62.4,0,5.9,35.3,47.1,22.5,1.94,29.4,4,67.3,2,0.12,-0.251,-4.3,12,70.6,92,1,7.67,41.7,5,29.4,9,0,1.8,20,20.4,16.4,20.4,16.35,4.05
2023,26,Christian McCaffrey,SF,RB,1,12,SEA,7.017543859649122,70,16,61.5,0,100,6.25,2,1.07,0,7,23.1,55,55,66.7,12.5,56.3,37.5,34.5,2.63,43.8,3.63,58,4,0.25,0.277,4.4,14,87.5,83,2,5.93,57.1,2,12.5,17,0,8.5,50,25.8,16.4,25.8,16.41,9.39
2023,27,D'Andre Swift,PHI,RB,1,2,MIN,10.44776119402985,73.1,14,66.7,0,98,7,1,1.96,0,3,18.2,54,55.1,50,7.1,64.3,42.9,36.7,1.93,14.3,5.07,72.4,5,0.36,0.262,3.7,14,100,98,1,7,64.3,0,0,0,0,0,0,15.8,17.9,15.8,17.91,-2.11
2023,28,Kyren Williams,LA,RB,1,14,BLT,15.267175572519085,89.5,20,95.2,0,95,4.75,0,0.44,0,5,15.8,35,36.8,100,0,65,40,6.5,2.3,15,2.45,51.6,3,0.15,0.168,3.4,9,45,40,0,4.44,44.4,11,55,55,0,5,81.8,10.3,13.1,10.3,13.09,-2.79
2023,29,Devin Singletary,HST,RB,1,11,ARZ,8.641975308641975,89.7,14,87.5,0,94,6.71,1,0.21,0,4,28.6,62,66,0,7.1,50,42.9,28.9,3.79,35.7,2.93,43.6,3,0.21,0.217,3,9,64.3,56,0,6.22,44.4,5,35.7,38,1,7.6,60,16.8,9.4,16.8,9.43,7.37
2023,30,Derrick Henry,TEN,RB,1,13,IND,8.264462809917356,58.5,20,57.1,0,93,4.65,2,1.36,0,7,5.3,22,23.7,50,10,50,40,0.3,2.1,35,2.55,54.8,4,0.2,0.128,2.6,12,60,45,1,3.75,58.3,8,40,48,1,6,37.5,24.1,20.7,24.1,20.71,3.39
2023,31,Khalil Herbert,CHI,RB,1,4,DEN,14.150943396226415,83.3,15,68.2,0,93,6.2,0,0.05,0,5,13.3,45,48.4,0,0,60,33.3,25.5,3.47,26.7,2.73,44.1,8,0.53,-0.18,-2.7,7,46.7,58,0,8.29,57.1,8,53.3,35,0,4.38,62.5,20.2,16.8,20.2,16.81,3.39
2023,32,Zamir White,LV,RB,1,18,DEN,25.64102564102564,88.4,20,87,0,93,4.65,0,0.27,0,7,16.7,49,52.7,0,0,45,50,9,2.2,45,2.45,52.7,1,0.05,-0.066,-1.3,14,70,74,0,5.29,50,6,30,19,0,3.17,33.3,11.2,11.7,11.2,11.65,-0.45
2023,33,Bijan Robinson,ATL,RB,1,4,JAX,8,62.5,12,63.2,0,92,7.67,0,0.03,0,4,16.7,59,64.1,0,0,58.3,33.3,44.4,5.5,25,2.17,28.3,1,0.08,0.299,3.6,6,50,54,0,9,33.3,6,50,38,0,6.33,83.3,9.2,4.9,9.2,4.94,4.26
2023,34,Raheem Mostert,MIA,RB,1,6,CAR,7.59493670886076,62.9,12,48,0,91,7.58,1,1.23,0,4,25,60,65.9,66.7,8.3,75,33.3,51,1.25,33.3,6.33,83.5,7,0.58,0.418,5,5,41.7,70,1,14,80,7,58.3,21,0,3,71.4,15.1,11.4,15.1,11.37,3.73
2023,35,D'Andre Swift,PHI,RB,1,3,TB,10.44776119402985,55.8,14,45.2,0,91,6.5,0,0.32,0,4,16.7,43,47.3,0,0,64.3,35.7,27.2,3.21,28.6,3.29,50.5,4,0.29,0.361,5.1,11,78.6,40,0,3.64,54.5,3,21.4,51,0,17,100,9.1,8.3,9.1,8.32,0.78
2023,36,Kyren Williams,LA,RB,1,15,WAS,12.213740458015266,73.5,16,69.6,0,91,5.69,1,1.16,1,5,20,51,56,50,6.3,62.5,37.5,25.3,2.06,50,3.63,63.7,3,0.19,-0.354,-5.7,9,56.3,63,1,7,66.7,7,43.8,28,0,4,57.1,15.7,16.1,15.7,16.08,-0.38
2023,37,Devon Achane,MIA,RB,1,17,BLT,14.705882352941178,55.2,10,55.6,0,91,9.1,0,0.04,0,4,44.4,84,92.3,0,0,50,50,49.8,7.7,40,1.4,15.4,0,0,0.255,2.6,9,90,91,0,10.11,55.6,1,10,0,0,0,0,16.2,9.6,16.2,9.63,6.57
2023,38,Christian McCaffrey,SF,RB,1,10,JAX,6.140350877192982,67.4,14,56,0,89,6.36,0,0.73,0,6,30.8,60,67.4,100,0,64.3,35.7,31.9,2.86,35.7,3.5,55.1,6,0.43,0.311,4.4,9,64.3,50,0,5.56,66.7,4,28.6,20,0,5,50,14.6,20.7,14.6,20.68,-6.08
2023,39,Kenneth Walker,SEA,RB,1,3,CAR,9.142857142857142,66.7,16,80,0,89,5.56,2,1.74,0,5,16.7,46,51.7,75,12.5,62.5,50,33.3,0.94,43.8,4.63,83.1,5,0.31,0.354,5.7,10,62.5,65,1,6.5,60,5,31.3,15,1,3,60,23.7,17.7,23.7,17.66,6.04
2023,40,Derrick Henry,TEN,RB,1,8,ATL,7.851239669421488,75,19,70.4,0,88,4.63,0,0.08,0,4,5.3,14,15.9,0,0,63.2,42.1,7.7,1.05,47.4,3.58,77.3,3,0.16,0.035,0.7,15,78.9,65,0,4.33,60,4,21.1,23,0,5.75,75,13.5,13.4,13.5,13.45,0.05
2023,41,James Conner,ARZ,RB,1,13,PIT,15.068493150684931,80,22,78.6,0,88,4,2,1.57,0,6,16.7,50,56.8,100,9.1,45.5,50,14.2,1.5,50,2.5,62.5,7,0.32,0.028,0.6,16,72.7,78,1,4.88,43.8,6,27.3,10,1,1.67,50,20.8,16.8,20.8,16.78,4.02
2023,42,Raheem Mostert,MIA,RB,1,12,NYJ,12.025316455696203,60.9,19,59.4,0,87,4.58,2,0.44,0,3,11.8,47,54,0,10.5,36.8,47.4,1.2,2.11,42.1,2.47,54,4,0.21,0.152,2.9,12,63.2,68,2,5.67,41.7,6,31.6,18,0,3,33.3,20.7,12.9,20.7,12.86,7.84
2023,43,Jonathan Taylor,IND,RB,1,18,HST,14.049586776859504,78.1,17,85,0,87,5.12,0,0.04,0,5,23.5,57,65.5,0,0,52.9,47.1,14.4,2.41,29.4,2.71,52.9,2,0.12,-0.039,-0.7,8,47.1,52,0,6.5,62.5,9,52.9,35,0,3.89,44.4,11.5,10.5,11.5,10.53,0.97
2023,44,Jerome Ford,CLV,RB,1,2,PIT,8.088235294117647,51.5,11,52.4,0,87,7.91,0,0.02,0,2,9.1,69,79.3,0,0,36.4,63.6,35,-1.09,81.8,9,113.8,3,0.27,0.085,0.9,6,54.5,67,0,11.17,16.7,5,45.5,20,0,4,60,8.7,5.4,8.7,5.35,3.35
2023,45,Josh Jacobs,LV,RB,1,10,NYJ,9.94475138121547,90.9,18,78.3,0,86,4.78,0,0.1,1,5,5.9,40,46.5,0,0,66.7,33.3,19.2,1.61,38.9,3.17,66.3,5,0.28,-0.182,-3.3,9,50,33,0,3.67,66.7,9,50,53,0,5.89,66.7,7.6,7.3,7.6,7.3,0.3
2023,46,Chuba Hubbard,CAR,RB,1,15,ATL,11.170212765957446,81,21,70,0,86,4.1,0,0.55,0,6,21.1,72,83.7,25,0,28.6,61.9,3.9,2.29,66.7,1.81,44.2,0,0,-0.268,-5.6,14,66.7,77,0,5.5,35.7,7,33.3,9,0,1.29,14.3,10.2,13,10.2,13.03,-2.83
2023,47,Rhamondre Stevenson,NE,RB,1,12,NYG,16.216216216216218,80.9,18,72,0,86,4.78,1,0.38,0,8,17.6,41,47.7,0,5.6,55.6,38.9,9.1,0.78,33.3,4,83.7,5,0.28,0.249,4.5,5,27.8,21,0,4.2,40,13,72.2,65,1,5,61.5,19.6,14.9,19.6,14.86,4.74
2023,48,Najee Harris,PIT,RB,1,12,CIN,6.25,59.5,13,56.5,0,86,6.62,0,0.13,0,4,23.1,55,64,0,0,53.8,38.5,28.5,2.23,15.4,4.38,66.3,3,0.23,0.043,0.6,6,46.2,34,0,5.67,50,7,53.8,52,0,7.43,57.1,8.6,6.5,8.6,6.54,2.06
2023,49,David Montgomery,DET,RB,1,10,LAC,3.7267080745341614,42.4,6,35.3,0,84,14,1,0.39,0,2,25,75,89.3,40,16.7,33.3,66.7,63.4,4,50,10,71.4,1,0.17,0.583,3.5,5,83.3,84,1,16.8,40,1,16.7,0,0,0,0,14.4,4.4,14.4,4.41,9.99
2023,50,Zack Moss,IND,RB,1,3,BLT,14.87603305785124,87.9,18,90,0,84,4.67,0,0.05,0,8,16.7,61,72.6,0,0,50,44.4,10.7,3.22,50,1.44,31,3,0.17,-0.104,-1.9,18,100,84,0,4.67,50,0,0,0,0,0,0,18.7,14,18.7,13.96,4.74
2023,51,Khalil Herbert,CHI,RB,1,16,ARZ,14.150943396226415,65.8,15,71.4,0,84,5.6,1,0.76,0,5,21.4,39,46.4,0,6.7,66.7,26.7,18.1,3.07,33.3,2.53,45.2,6,0.4,0.265,4,10,66.7,55,0,5.5,60,5,33.3,29,1,5.8,80,14.4,11.1,14.4,11.13,3.27
2023,52,Kyren Williams,LA,RB,1,13,CLV,13.740458015267176,97,18,85.7,0,84,4.67,1,1.54,0,5,15.4,28,33.3,100,5.6,50,50,18.4,2.22,44.4,2.44,52.4,4,0.22,0.134,2.4,6,33.3,34,0,5.67,33.3,12,66.7,50,1,4.17,58.3,14.4,15.8,14.4,15.83,-1.43
2023,53,Christian McCaffrey,SF,RB,1,16,BLT,5.263157894736842,100,12,85.7,0,83,6.92,1,0.47,0,3,20,53,63.9,100,8.3,41.7,50,35.2,4.33,16.7,2.58,37.3,2,0.17,0.128,1.5,10,83.3,81,1,8.1,50,2,16.7,2,0,1,0,17.2,10.6,17.2,10.62,6.58
2023,54,D'Andre Swift,PHI,RB,1,16,NYG,13.432835820895523,75,18,64.3,0,82,4.56,1,0.62,0,6,26.7,54,65.9,66.7,5.6,66.7,27.8,10.4,2.39,33.3,2.17,47.6,2,0.11,-0.053,-1,12,66.7,58,0,4.83,75,6,33.3,24,1,4,50,14.2,10.9,14.2,10.89,3.31
2023,55,James Cook,BUF,RB,1,3,WAS,6.993006993006993,55.9,10,50,0,82,8.2,0,0.72,0,3,33.3,54,65.9,33.3,0,60,40,33.9,3.9,20,4.3,52.4,2,0.2,0.267,2.7,4,40,19,0,4.75,50,6,60,63,0,10.5,66.7,10.2,11.2,10.2,11.16,-0.96
2023,56,Derrick Henry,TEN,RB,1,4,CIN,4.958677685950414,73.1,12,75,0,81,6.75,1,0.18,0,5,25,56,69.1,0,8.3,50,41.7,27,1.25,41.7,5.5,81.5,10,0.83,0.361,4.3,5,41.7,15,0,3,40,7,58.3,66,1,9.43,57.1,18.2,10.5,18.18,10.54,7.64
2023,57,Raheem Mostert,MIA,RB,1,14,TEN,10.759493670886076,82.9,17,81,0,79,4.65,2,1.4,0,5,15.4,29,36.7,100,11.8,64.7,35.3,11.6,2.06,23.5,2.59,55.7,4,0.24,0.19,3.2,14,82.4,57,2,4.07,64.3,2,11.8,15,0,7.5,50,19.9,15.2,19.9,15.17,4.73
2023,58,James Conner,ARZ,RB,1,17,PHI,10.273972602739725,74.3,15,62.5,0,79,5.27,1,0.61,0,7,25,45,57,50,6.7,66.7,40,24.7,1.8,40,3.47,65.8,2,0.13,0.332,5,4,26.7,20,0,5,50,11,73.3,59,1,5.36,72.7,13.9,9.1,13.9,9.08,4.82
2023,59,Saquon Barkley,NYG,RB,1,6,BUF,12.5,88.4,21,84,0,79,3.76,0,1.29,0,3,10,53,67.1,100,0,23.8,61.9,-12.3,0.24,66.7,3.52,93.7,3,0.14,-0.399,-8.4,8,38.1,13,0,1.63,25,13,61.9,66,0,5.08,23.1,9.2,18.5,9.2,18.46,-9.26
2023,60,Tony Pollard,DAL,RB,1,3,ARZ,8.426966292134832,87.1,15,78.9,0,79,5.27,0,0.38,0,3,7.7,31,39.2,100,0,53.3,46.7,16.3,1.87,26.7,3.4,64.6,3,0.2,0.05,0.7,4,26.7,10,0,2.5,25,11,73.3,69,0,6.27,63.6,8.7,10.1,8.7,10.08,-1.38
2023,61,Jonathan Taylor,IND,RB,1,12,TB,11.570247933884298,65.1,14,70,0,79,5.64,2,2.05,0,8,27.3,38,48.1,100,14.3,78.6,21.4,28,2.57,28.6,3.07,54.4,4,0.29,0.234,3.3,8,57.1,39,2,4.88,87.5,6,42.9,40,0,6.67,66.7,19.9,17.4,19.9,17.42,2.48
2023,62,Javonte Williams,DEN,RB,1,7,GB,7.526881720430108,68.8,14,66.7,0,79,5.64,0,0.17,0,4,21.4,47,59.5,0,0,35.7,50,9.7,0.36,64.3,5.29,93.7,7,0.5,-0.003,0,9,64.3,41,0,4.56,33.3,5,35.7,38,0,7.6,40,10.8,12.7,10.8,12.71,-1.91
2023,63,Breece Hall,NYJ,RB,1,16,WAS,8.83977900552486,66.7,16,57.1,0,79,4.94,2,1.73,0,5,7.7,36,45.6,100,12.5,50,43.8,1.8,1.88,37.5,3.06,62,4,0.25,0.162,2.6,6,37.5,23,0,3.83,50,10,62.5,56,2,5.6,50,24.8,21.2,24.8,21.21,3.59
2023,64,Breece Hall,NYJ,RB,1,17,CLV,6.629834254143646,78.1,12,75,0,79,6.58,0,0.06,0,4,27.3,52,65.8,0,0,66.7,33.3,29,1.42,33.3,5.17,78.5,2,0.17,0.225,2.7,7,58.3,37,0,5.29,57.1,5,41.7,42,0,8.4,80,10.2,8.4,10.2,8.39,1.81
2023,65,Chuba Hubbard,CAR,RB,1,18,TB,11.702127659574469,82.5,22,84.6,0,78,3.55,0,0.02,0,6,13.6,41,52.6,0,0,36.4,54.5,-16,1.86,50,1.68,47.4,0,0,-0.133,-2.9,6,27.3,24,0,4,33.3,16,72.7,54,0,3.38,37.5,9.6,11.1,9.6,11.08,-1.48
2023,66,Keaton Mitchell,BLT,RB,1,9,SEA,17.142857142857142,14.9,6,20,0,78,13,0,0.06,0,3,16.7,60,76.9,0,0,66.7,33.3,40.1,-0.67,66.7,13.67,105.1,6,1,0.71,4.3,3,50,4,0,1.33,33.3,3,50,74,0,24.67,100,7.8,4.1,7.8,4.13,3.67
2023,67,Raheem Mostert,MIA,RB,1,11,LV,12.025316455696203,80.9,19,82.6,0,77,4.05,0,0.09,0,5,5.3,10,13,0,0,57.9,31.6,-2.7,1.21,26.3,2.84,70.1,2,0.11,-0.123,-2.3,15,78.9,66,0,4.4,66.7,4,21.1,11,0,2.75,25,7.7,8.5,7.7,8.52,-0.82
2023,68,Austin Ekeler,LAC,RB,1,1,MIA,7.142857142857142,65,9,64.3,0,77,8.56,1,1.47,0,2,20,55,71.4,80,11.1,66.7,33.3,52.4,3,22.2,5.56,64.9,3,0.33,0.373,3.4,4,44.4,14,0,3.5,75,5,55.6,63,1,12.6,60,15.4,13,15.4,12.99,2.41
2023,69,Tyler Allgeier,ATL,RB,1,1,CAR,8.280254777070063,58.6,13,61.9,0,77,5.92,2,1.68,0,5,33.3,53,68.8,100,15.4,53.8,38.5,27.8,1.15,46.2,4.77,80.5,5,0.38,0.227,2.9,8,61.5,37,2,4.63,50,5,38.5,40,0,8,60,20.7,16.6,20.7,16.55,4.15
2023,70,Bijan Robinson,ATL,RB,1,16,IND,6.666666666666667,56.8,10,38.5,0,77,7.7,0,0.48,0,2,28.6,58,75.3,0,0,50,40,36.5,3.1,40,4.6,59.7,6,0.6,0.081,0.8,7,70,50,0,7.14,57.1,2,20,29,0,14.5,50,11.7,10.1,11.7,10.12,1.58
2023,71,Christian McCaffrey,SF,RB,1,1,PIT,8.771929824561402,83.8,20,80,0,76,3.8,0,0.5,0,5,10,28,36.8,0,0,40,60,-28.6,1,55,2.8,73.7,6,0.3,-0.161,-3.2,14,70,40,0,2.86,42.9,6,30,36,0,6,33.3,7.6,13.4,7.6,13.44,-5.84
2023,72,Saquon Barkley,NYG,RB,1,11,WAS,5.952380952380952,88,10,71.4,0,76,7.6,0,0.17,0,3,22.2,67,88.2,0,0,40,60,35.4,4.9,50,2.7,35.5,1,0.1,0.06,0.6,5,50,29,0,5.8,20,5,50,47,0,9.4,60,18.2,12.9,18.2,12.87,5.33
2023,73,Saquon Barkley,NYG,RB,1,9,LV,7.142857142857142,84.6,12,85.7,0,76,6.33,0,0.04,0,3,16.7,36,47.4,0,0,58.3,25,27.8,3.92,33.3,2.42,38.2,0,0,0.057,0.7,9,75,55,0,6.11,44.4,3,25,21,0,7,100,7.6,5.1,7.6,5.06,2.54
2023,74,Rachaad White,TB,RB,1,12,IND,6.962025316455696,91.7,11,84.6,0,76,6.91,0,0.04,0,3,18.2,51,67.1,0,0,36.4,54.5,26.1,4.09,45.5,2.82,40.8,1,0.09,0.205,2.3,6,54.5,16,0,2.67,0,5,45.5,60,0,12,80,7.6,5.2,7.6,5.24,2.36
2023,75,Kenneth Walker,SEA,RB,1,15,PHI,8.571428571428571,81.5,15,93.8,0,76,5.07,1,0.17,0,5,20,49,64.5,0,6.7,60,33.3,9.4,2.73,33.3,2.33,46.1,4,0.27,0.014,0.2,7,46.7,33,1,4.71,42.9,8,53.3,43,0,5.38,75,16.7,10.7,16.7,10.67,6.03
2023,76,Raheem Mostert,MIA,RB,1,2,NE,6.329113924050633,89.5,10,71.4,0,75,7.5,2,0.6,0,2,12.5,43,57.3,50,20,40,50,30.2,5.5,30,2,26.7,3,0.3,0.411,4.1,6,60,64,2,10.67,66.7,4,40,11,0,2.75,0,19.5,8.1,19.5,8.11,11.39
2023,77,Derrick Henry,TEN,RB,1,12,CAR,7.024793388429752,85.3,17,85,0,75,4.41,2,1.13,0,6,20,43,57.3,100,11.8,58.8,35.3,9.9,0.24,64.7,4.18,94.7,8,0.47,0.243,4.1,10,58.8,57,0,5.7,60,7,41.2,18,2,2.57,57.1,19.5,13.2,19.5,13.24,6.26
2023,78,Derrick Henry,TEN,RB,1,9,PIT,7.024793388429752,83.8,17,77.3,0,75,4.41,1,0.71,0,5,13.3,26,34.7,50,5.9,58.8,35.3,10.6,2,29.4,2.41,54.7,2,0.12,0.253,4.3,13,76.5,57,1,4.38,53.8,4,23.5,18,0,4.5,75,19.2,15.3,19.2,15.34,3.86
2023,79,Aaron Jones,GB,RB,1,16,CAR,15.454545454545453,71.4,17,70.8,0,75,4.41,0,0.62,0,5,26.7,45,60,50,0,64.7,41.2,9.5,2.06,23.5,2.35,53.3,2,0.12,0.03,0.5,11,64.7,48,0,4.36,72.7,6,35.3,27,0,4.5,50,9.3,11.8,9.3,11.76,-2.46
2023,80,Saquon Barkley,NYG,RB,1,14,GB,10.714285714285714,82.4,18,75,0,75,4.17,2,1.34,1,3,12.5,51,68,100,11.1,44.4,44.4,4.6,0.39,61.1,3.78,90.7,4,0.22,-0.661,-11.9,13,72.2,73,1,5.62,46.2,5,27.8,2,1,0.4,40,18.5,15.1,18.5,15.09,3.41
2023,81,Elijah Mitchell,SF,RB,1,17,WAS,23.88059701492537,40.8,16,48.5,0,75,4.69,1,2.2,0,4,20,26,34.7,66.7,6.3,62.5,43.8,21.2,2,25,2.69,57.3,4,0.25,-0.054,-0.9,14,87.5,74,1,5.29,71.4,2,12.5,1,0,0.5,0,13.5,18.6,13.5,18.57,-5.07
2023,82,Alexander Mattison,MIN,RB,1,4,CAR,10.144927536231885,69.6,14,82.4,0,74,5.29,0,0.03,0,3,15.4,30,40.5,50,0,42.9,50,16.9,2.43,21.4,2.86,54.1,5,0.36,0.084,1.2,6,42.9,29,0,4.83,50,8,57.1,45,0,5.63,37.5,7.4,5.9,7.4,5.91,1.49
2023,83,Miles Sanders,CAR,RB,1,14,NO,11.235955056179774,28.2,10,33.3,0,74,7.4,0,0.49,0,2,11.1,48,64.9,100,0,60,50,36.8,1.8,40,5.6,75.7,5,0.5,0.412,4.1,7,70,67,0,9.57,57.1,3,30,7,0,2.33,66.7,7.4,6.6,7.4,6.64,0.76
2023,84,James Cook,BUF,RB,1,2,LV,6.293706293706294,51.5,9,45,0,74,8.22,0,0.26,0,2,28.6,52,70.3,0,0,55.6,44.4,32.4,3.22,22.2,5,60.8,4,0.44,0.172,1.6,2,22.2,5,0,2.5,0,7,77.8,69,0,9.86,71.4,12.5,8.9,12.5,8.88,3.62
2023,85,Dameon Pierce,HST,RB,1,4,PIT,16.39344262295082,72.5,20,69,0,74,3.7,0,0.21,0,3,15.8,35,47.3,100,0,35,55,-16.7,1,35,2.7,73,8,0.4,-0.128,-2.6,10,50,24,0,2.4,20,10,50,50,0,5,50,7.4,10.3,7.4,10.34,-2.94
2023,86,Jerome Ford,CLV,RB,1,7,IND,8.088235294117647,47.1,11,45.8,0,74,6.73,1,0.42,0,1,9.1,69,93.2,0,9.1,18.2,81.8,21.3,5.36,54.5,1.36,20.3,1,0.09,0.047,0.5,6,54.5,78,1,13,33.3,5,45.5,-4,0,-0.8,0,15.2,9.5,15.2,9.54,5.66
2023,87,Kenneth Walker,SEA,RB,1,18,ARZ,8.571428571428571,82.6,15,88.2,0,74,4.93,0,0.02,0,5,26.7,53,71.6,0,0,46.7,46.7,9.7,1.67,33.3,3.27,66.2,9,0.6,-0.066,-1,10,66.7,52,0,5.2,50,5,33.3,22,0,4.4,40,7.4,6.5,7.4,6.54,0.86
2023,88,Kenneth Walker,SEA,RB,1,4,NYG,8,63,14,73.7,0,74,5.29,1,0.93,0,4,16.7,47,63.5,100,7.1,57.1,28.6,13.4,1.14,42.9,4.14,78.4,7,0.5,0.059,0.8,8,57.1,22,1,2.75,50,5,35.7,47,0,9.4,60,13.4,11.6,13.4,11.63,1.77
2023,89,Derrick Henry,TEN,RB,1,16,SEA,6.198347107438017,80,15,78.9,0,73,4.87,1,0.55,0,4,14.3,23,31.5,100,6.7,73.3,26.7,12.9,2.33,20,2.53,52.1,3,0.2,0.1,1.5,9,60,45,0,5,66.7,6,40,28,1,4.67,83.3,19.9,15.2,19.88,15.17,4.71
2023,90,Christian McCaffrey,SF,RB,1,3,NYG,6.578947368421052,54.8,15,48.4,0,73,4.87,1,1.39,0,4,25,32,43.8,100,6.7,66.7,33.3,14,2.4,20,2.47,50.7,5,0.33,0.144,2.2,8,53.3,38,1,4.75,75,7,46.7,35,0,5,57.1,17.2,19.4,17.2,19.41,-2.21
2023,91,Joe Mixon,CIN,RB,1,8,SF,7.361963190184049,82.9,12,70.6,0,73,6.08,1,0.53,0,4,30,43,58.9,100,8.3,66.7,33.3,25.8,1.67,41.7,4.42,72.6,4,0.33,0.305,3.7,4,33.3,25,0,6.25,75,8,66.7,48,1,6,62.5,18.6,12.9,18.6,12.85,5.75
2023,92,Rhamondre Stevenson,NE,RB,1,10,IND,15.315315315315313,55.3,17,58.6,0,73,4.29,0,0.05,0,5,5.9,10,13.7,0,0,64.7,41.2,2.2,1.88,35.3,2.41,56.2,2,0.12,0.133,2.3,6,35.3,24,0,4,66.7,11,64.7,49,0,4.45,63.6,8.5,8.9,8.5,8.93,-0.43
2023,93,Jahmyr Gibbs,DET,RB,1,16,MIN,10.15625,54.1,13,40.6,0,73,5.62,2,1.2,1,3,33.3,45,61.6,40,15.4,61.5,38.5,22.1,1.54,30.8,4.08,72.6,4,0.31,-0.139,-1.8,9,69.2,53,2,5.89,77.8,4,30.8,20,0,5,25,23.2,21.2,23.2,21.16,2.04
2023,94,Isiah Pacheco,KC,RB,1,13,GB,8.47457627118644,86.4,10,76.9,0,72,7.2,0,0.95,0,5,22.2,39,54.2,100,0,60,40,35.2,2.9,20,4.3,59.7,1,0.1,0.435,4.4,8,80,45,0,5.63,62.5,2,20,27,0,13.5,50,8.9,10.9,8.9,10.89,-1.99
2023,95,Derrick Henry,TEN,RB,1,2,LAC,8.677685950413224,94.6,21,80.8,0,71,3.38,1,1.31,0,5,5.9,23,32.4,100,4.8,52.4,42.9,-7.2,1,42.9,2.38,70.4,2,0.1,-0.114,-2.4,7,33.3,30,0,4.29,42.9,14,66.7,41,1,2.93,57.1,16.6,18.8,16.6,18.76,-2.16
2023,96,Christian McCaffrey,SF,RB,1,13,PHI,6.578947368421052,82.5,15,65.2,0,71,4.73,1,0.39,0,6,15.4,27,38,100,6.7,66.7,33.3,11.8,1.67,40,3.07,64.8,3,0.2,0.252,3.8,9,60,50,1,5.56,77.8,6,40,21,0,3.5,50,15.8,12,15.8,11.96,3.84
2023,97,James Conner,ARZ,RB,1,3,DAL,8.21917808219178,74.3,12,54.5,0,71,5.92,1,1.1,0,3,20,32,45.1,100,8.3,58.3,41.7,14.6,2.92,33.3,3,50.7,3,0.25,0.16,1.9,8,66.7,39,0,4.88,50,4,33.3,32,1,8,75,14.9,14,14.9,14.01,0.89
2023,98,Alexander Mattison,MIN,RB,1,3,LAC,10.144927536231885,88,14,93.3,0,71,5.07,0,0.98,0,4,30,42,59.2,100,0,57.1,57.1,20.4,2,28.6,3.07,60.6,6,0.43,0.021,0.3,9,64.3,54,0,6,55.6,5,35.7,17,0,3.4,60,7.1,10.9,7.1,10.94,-3.84
2023,99,Javonte Williams,DEN,RB,1,10,BUF,10.75268817204301,68.1,20,71.4,0,71,3.55,0,0.28,0,2,5.3,11,15.5,0,0,40,50,-13.8,0.85,50,2.7,76.1,1,0.05,-0.071,-1.4,10,50,38,0,3.8,40,10,50,33,0,3.3,40,18.9,20.7,18.9,20.72,-1.82
2023,100,Jaylen Warren,PIT,RB,1,17,SEA,10.784313725490197,42,11,27.5,0,71,6.45,1,0.95,0,4,30,52,73.2,25,9.1,45.5,45.5,19.7,2.45,36.4,4,62,7,0.64,0.228,2.5,3,27.3,12,0,4,66.7,7,63.6,60,1,8.57,42.9,14.5,12.6,14.5,12.63,1.87
2023,101,David Montgomery,DET,RB,1,5,CAR,5.590062111801243,58.6,9,56.3,0,70,7.78,1,1.3,0,4,28.6,52,74.3,40,11.1,66.7,44.4,28,3.44,33.3,4.33,55.7,4,0.44,0.685,6.2,3,33.3,12,0,4,100,6,66.7,58,1,9.67,50,13,12,13,12.02,0.98
2023,102,Chuba Hubbard,CAR,RB,1,14,NO,10.106382978723403,71.8,19,63.3,0,70,3.68,0,0.08,0,4,10.5,24,34.3,0,0,52.6,47.4,-8.6,1.32,47.4,2.37,64.3,4,0.21,0.026,0.5,15,78.9,60,0,4,53.3,4,21.1,10,0,2.5,50,7,8.4,7,8.35,-1.35
2023,103,Javonte Williams,DEN,RB,1,8,KC,13.440860215053762,79.2,25,80.6,0,70,2.8,0,0.5,0,3,4.3,10,14.3,0,0,44,48,-36.8,0.96,44,1.84,65.7,3,0.12,0,0,9,36,40,0,4.44,77.8,16,64,30,0,1.88,25,16.8,22.3,16.8,22.29,-5.49
2023,104,Kyren Williams,LA,RB,1,16,NO,11.450381679389313,75,15,65.2,0,70,4.67,1,1.24,0,2,20,20,28.6,100,6.7,66.7,40,18.8,2.27,26.7,2.4,51.4,3,0.2,0.061,0.9,10,66.7,51,1,5.1,80,5,33.3,19,0,3.8,40,13,12.5,13,12.54,0.46
2023,105,Saquon Barkley,NYG,RB,1,10,DAL,7.142857142857142,74.1,12,80,0,69,5.75,0,0.19,0,5,36.4,55,79.7,100,0,50,50,26.4,3.83,50,1.92,33.3,2,0.17,-0.18,-2.2,7,58.3,46,0,6.57,57.1,5,41.7,23,0,4.6,40,7.4,6.7,7.4,6.66,0.74
2023,106,Devin Singletary,HST,RB,1,17,TEN,8.641975308641975,61.5,14,63.6,0,69,4.93,0,0.16,0,6,7.1,24,34.8,0,0,71.4,28.6,4,2.71,21.4,2.21,44.9,2,0.14,0.025,0.3,6,42.9,39,0,6.5,66.7,7,50,28,0,4,71.4,6.9,7.5,6.9,7.48,-0.58
2023,107,Isiah Pacheco,KC,RB,1,11,PHI,12.711864406779661,84.4,15,93.8,0,69,4.6,0,0.09,0,4,14.3,36,52.2,0,0,40,53.3,10.5,2.4,60,2.2,47.8,2,0.13,0.064,1,10,66.7,52,0,5.2,30,5,33.3,17,0,3.4,60,6.9,6.4,6.9,6.39,0.51
2023,108,Jordan Mason,SF,RB,1,5,DAL,28.57142857142857,20.7,10,25.6,0,69,6.9,1,0.13,0,4,10,26,37.7,0,10,90,20,25.3,3.5,20,3.4,49.3,4,0.4,0.367,3.7,8,80,57,1,7.13,87.5,2,20,12,0,6,100,12.9,5.1,12.9,5.15,7.75
2023,109,Tyjae Spears,TEN,RB,1,13,IND,19.402985074626866,50.9,13,37.1,0,69,5.31,0,0.22,0,3,16.7,29,42,50,0,53.8,30.8,18.9,2.38,30.8,2.92,55.1,1,0.08,0.081,1,8,61.5,53,0,6.63,50,5,38.5,16,0,3.2,60,8.6,7.9,8.6,7.87,0.73
2023,110,Ezekiel Elliott,NE,RB,1,14,PIT,16.923076923076923,100,22,95.7,0,68,3.09,0,0.1,0,2,4.5,12,17.6,0,0,36.4,50,-36.4,0.36,40.9,2.73,88.2,4,0.18,-0.241,-5.3,5,22.7,11,0,2.2,0,17,77.3,57,0,3.35,47.1,17,20.6,17,20.61,-3.61
2023,111,James Conner,ARZ,RB,1,18,SEA,13.698630136986301,85,20,76.9,0,68,3.4,1,0.24,0,5,5.3,29,42.6,50,5,30,60,-6.2,0.4,55,3,88.2,2,0.1,-0.144,-2.9,7,35,16,0,2.29,14.3,13,65,52,1,4,38.5,15.6,10.4,15.6,10.36,5.24
2023,112,D'Onta Foreman,CHI,RB,1,7,LV,17.105263157894736,48.9,13,44.8,0,68,5.23,2,1.93,0,4,18.2,26,38.2,100,15.4,69.2,30.8,15.2,2.62,23.1,2.62,50,5,0.38,0.429,5.6,10,76.9,63,1,6.3,70,3,23.1,5,1,1.67,66.7,21.5,18.3,21.5,18.25,3.25
2023,113,Josh Jacobs,LV,RB,1,6,NE,13.259668508287293,97.5,24,92.3,0,68,2.83,0,0.86,0,3,4.8,18,26.5,0,0,29.2,66.7,-32.6,1.29,33.3,1.54,54.4,3,0.13,-0.36,-8.6,15,62.5,42,0,2.8,20,9,37.5,26,0,2.89,44.4,8.2,16.9,8.2,16.92,-8.72
2023,114,D'Andre Swift,PHI,RB,1,11,KC,7.462686567164178,70,10,58.8,0,68,6.8,1,0.62,0,4,33.3,62,91.2,50,10,40,60,25.9,1.9,40,4.9,72.1,6,0.6,0.065,0.6,8,80,16,1,2,25,1,10,17,0,17,100,12.8,8,12.8,7.96,4.84
2023,115,Rachaad White,TB,RB,1,18,CAR,10.126582278481013,80.6,16,80,0,68,4.25,0,0.38,0,4,6.3,13,19.1,0,0,50,43.8,-2.4,2,25,2.25,52.9,1,0.06,0.014,0.2,11,68.8,46,0,4.18,45.5,5,31.3,22,0,4.4,60,8.5,10.9,8.5,10.87,-2.37
2023,116,Brian Robinson,WAS,RB,1,2,DEN,8.870967741935484,69.6,11,78.6,0,68,6.18,2,0.71,0,6,33.3,55,80.9,100,18.2,54.5,45.5,32.4,1.55,54.5,4.64,75,3,0.27,0.261,2.9,6,54.5,49,1,8.17,50,5,45.5,19,1,3.8,60,18.8,7.8,18.8,7.8,11
2023,117,Devon Achane,MIA,RB,1,13,WAS,23.52941176470588,55,16,50,0,68,4.25,2,1.81,0,4,7.7,15,22.1,50,12.5,56.3,43.8,-3.1,2.5,25,1.75,41.2,2,0.13,0.321,5.1,6,37.5,27,0,4.5,50,10,62.5,41,2,4.1,60,24.8,23,24.8,22.97,1.83
2023,118,Christian McCaffrey,SF,RB,1,11,TB,8.771929824561402,85.4,20,83.3,0,66,3.3,0,1.01,0,4,5.6,12,18.2,0,0,50,55,-19.7,0.65,40,2.65,80.3,7,0.35,-0.28,-5.6,7,35,17,0,2.43,42.9,13,65,49,0,3.77,53.8,14,21.9,14,21.91,-7.91
2023,119,Jonathan Taylor,IND,RB,1,7,CLV,12.396694214876034,51.1,15,50,0,66,4.4,1,0.25,0,4,7.1,24,36.4,50,6.7,53.3,46.7,3.2,0.73,53.3,3.67,83.3,4,0.27,0.017,0.2,6,40,20,1,3.33,50,9,60,46,0,5.11,55.6,15.6,10.9,15.6,10.88,4.72
2023,120,A.J. Dillon,GB,RB,1,10,PIT,5.755395683453238,48.6,8,44.4,0,66,8.25,0,0.04,0,2,12.5,40,60.6,0,0,62.5,37.5,32.6,4,37.5,4.25,51.5,3,0.38,0.26,2.1,3,37.5,9,0,3,0,5,62.5,57,0,11.4,100,6.6,5.2,6.6,5.19,1.41
2023,121,Najee Harris,PIT,RB,1,10,GB,5.769230769230769,61.1,12,46.2,0,66,5.5,1,0.97,0,4,18.2,35,53,100,8.3,50,41.7,14.2,3.08,41.7,2.42,43.9,1,0.08,0.286,3.4,11,91.7,66,1,6,54.5,1,8.3,0,0,0,0,16,14.4,16,14.36,1.64
2023,122,Kenneth Walker,SEA,RB,1,8,CLV,4.571428571428571,55.3,8,53.3,0,66,8.25,0,0.01,0,1,12.5,45,68.2,0,0,50,50,30.4,5.38,25,2.88,34.8,0,0,0.144,1.2,6,75,60,0,10,50,1,12.5,0,0,0,0,8,5.2,8,5.24,2.76
2023,123,Kendre Miller,NO,RB,1,18,ATL,30.303030303030305,32.6,10,33.3,0,66,6.6,1,0.65,0,4,33.3,41,62.1,25,10,60,40,26.4,2.2,40,4.4,66.7,4,0.4,0.332,3.3,6,60,38,0,6.33,50,3,30,25,0,8.33,66.7,12.6,7.9,12.6,7.87,4.73
2023,124,David Montgomery,DET,RB,1,17,DAL,6.832298136645963,42.9,11,42.3,0,65,5.91,1,0.68,0,3,22.2,33,50.8,50,9.1,72.7,27.3,21.9,4,18.2,1.91,32.3,0,0,0.386,4.2,4,36.4,31,1,7.75,75,7,63.6,34,0,4.86,71.4,12.5,8.4,12.5,8.37,4.13
2023,125,A.J. Dillon,GB,RB,1,13,KC,11.510791366906476,76.2,16,80,0,65,4.06,0,0.28,0,5,6.7,10,15.4,0,0,68.8,25,-0.5,1.44,18.8,2.63,64.6,3,0.19,0.086,1.4,11,68.8,48,0,4.36,63.6,5,31.3,17,0,3.4,80,8.9,9.9,8.9,9.9,-1
2023,126,Isiah Pacheco,KC,RB,1,4,NYJ,4.23728813559322,71.4,5,62.5,0,65,13,1,0.2,0,2,40,58,89.2,0,20,60,40,29.5,1.2,60,11.8,90.8,1,0.2,0.857,4.3,3,60,17,0,5.67,66.7,2,40,48,1,24,50,18.7,8.3,18.7,8.33,10.37
2023,127,Alvin Kamara,NO,RB,1,5,NE,11.678832116788321,56.8,16,55.2,0,64,4,1,1.3,0,5,8.3,10,15.6,100,6.3,56.3,43.8,-2.6,2.19,12.5,1.81,45.3,0,0,0.169,2.7,13,81.3,50,1,3.85,61.5,3,18.8,14,0,4.67,33.3,14.6,16.7,14.6,16.67,-2.07
2023,128,Joshua Kelley,LAC,RB,1,7,KC,6.557377049180328,40,4,23.5,0,64,16,1,0.01,0,2,25,49,76.6,0,25,75,25,46.9,3.5,25,12.5,78.1,1,0.25,1.236,4.9,2,50,53,1,26.5,100,2,50,11,0,5.5,50,12.4,1.8,12.4,1.76,10.64
2023,129,Derrick Henry,TEN,RB,1,1,NO,6.198347107438017,80.6,15,88.2,0,63,4.2,0,0.06,0,4,6.7,18,28.6,0,0,46.7,40,0,1.27,40,2.93,69.8,5,0.33,-0.09,-1.4,11,73.3,44,0,4,36.4,4,26.7,19,0,4.75,75,11.9,8.2,11.9,8.24,3.66
2023,130,Austin Ekeler,LAC,RB,1,11,GB,6.349206349206349,72,8,66.7,0,63,7.88,0,0.43,1,2,28.6,51,81,100,0,25,50,31.4,0.63,62.5,7.25,92.1,0,0,-0.436,-3.5,5,62.5,45,0,9,20,3,37.5,18,0,6,33.3,5.3,5.8,5.3,5.77,-0.47
2023,131,Gus Edwards,BLT,RB,1,11,CIN,7.18562874251497,50,12,52.2,0,62,5.17,2,1.85,0,6,12.5,26,41.9,100,16.7,66.7,33.3,19.8,2.33,41.7,2.83,54.8,1,0.08,0.198,2.4,3,25,34,0,11.33,66.7,9,75,28,2,3.11,66.7,19.6,17,19.6,17.01,2.59
2023,132,Gus Edwards,BLT,RB,1,17,MIA,8.982035928143713,69.2,15,57.7,0,62,4.13,1,2.12,0,4,8.3,12,19.4,100,6.7,60,33.3,2.1,1.73,26.7,2.4,58.1,1,0.07,0.003,0,7,46.7,39,0,5.57,57.1,8,53.3,23,1,2.88,62.5,12.2,18.7,12.2,18.7,-6.5
2023,133,Brian Robinson,WAS,RB,1,11,NYG,11.29032258064516,79.1,14,70,0,62,4.43,0,0.13,0,5,15.4,29,46.8,0,0,57.1,35.7,2.2,1.29,57.1,3.14,71,3,0.21,-0.071,-1,10,71.4,57,0,5.7,70,4,28.6,5,0,1.25,25,11.8,11.6,11.8,11.58,0.22
2023,134,Kyren Williams,LA,RB,1,4,IND,6.870229007633588,80,9,81.8,0,62,6.89,1,1.09,0,5,25,30,48.4,100,11.1,88.9,11.1,22.6,4.33,11.1,2.56,37.1,2,0.22,0.43,3.9,2,22.2,10,0,5,100,7,77.8,52,1,7.43,85.7,12.2,10.5,12.2,10.45,1.75
2023,135,Gus Edwards,BLT,RB,1,7,DET,7.18562874251497,57.5,12,75,0,61,5.08,1,1.02,0,3,9.1,20,32.8,100,8.3,66.7,33.3,4.9,1.83,16.7,3.25,63.9,4,0.33,0.156,1.9,6,50,39,0,6.5,66.7,6,50,22,1,3.67,66.7,21.1,16.2,21.1,16.19,4.91
2023,136,Royce Freeman,LA,RB,1,7,PIT,18.64406779661017,43.2,11,47.8,0,61,5.55,0,0.01,0,4,18.2,26,42.6,0,0,63.6,36.4,12,1.55,36.4,4,72.1,3,0.27,0.045,0.5,6,54.5,32,0,5.33,50,5,45.5,29,0,5.8,80,6.1,5,6.1,4.99,1.11
2023,137,Saquon Barkley,NYG,RB,1,7,WAS,9.523809523809524,91.2,16,88.9,0,61,3.81,0,0.08,1,3,6.3,12,19.7,0,0,56.3,43.8,-4.2,1.31,43.8,2.5,65.6,4,0.25,-0.369,-5.9,14,87.5,51,0,3.64,57.1,2,12.5,10,0,5,50,16.5,10.7,16.5,10.74,5.76
2023,138,Tony Pollard,DAL,RB,1,12,WAS,5.617977528089887,88.5,10,71.4,0,61,6.1,1,0.29,0,2,11.1,27,44.3,0,10,60,40,15.5,1.5,50,4.6,75.4,3,0.3,0.25,2.5,6,60,43,1,7.17,50,4,40,18,0,4.5,75,16.6,11.4,16.6,11.4,5.2
2023,139,Craig Reynolds,DET,RB,1,8,LV,37.5,35.3,12,37.5,0,61,5.08,0,0.77,1,4,30,35,57.4,100,0,50,50,13.8,2.08,41.7,3,59,1,0.08,-0.43,-5.2,10,83.3,48,0,4.8,50,2,16.7,13,0,6.5,50,5.1,9.4,5.1,9.35,-4.25
2023,140,Josh Jacobs,LV,RB,1,5,GB,9.94475138121547,97.4,18,81.8,0,61,3.39,1,0.65,0,3,6.3,24,39.3,100,5.6,44.4,55.6,-11.3,1.22,50,2.17,63.9,3,0.17,-0.21,-3.8,3,16.7,5,0,1.67,33.3,15,83.3,56,1,3.73,46.7,16,16.1,16,16.11,-0.11
2023,141,Najee Harris,PIT,RB,1,16,CIN,8.173076923076923,60,17,68,0,61,3.59,1,1.11,0,4,0,0,0,100,5.9,64.7,29.4,-8.4,1.06,47.1,2.53,70.5,0,0,0.051,0.9,7,41.2,22,0,3.14,57.1,10,58.8,39,1,3.9,70,12.1,13.6,12.1,13.6,-1.5
2023,142,Bijan Robinson,ATL,RB,1,8,TEN,4.666666666666667,72.4,7,50,0,61,8.71,1,0.06,0,2,28.6,38,62.3,0,14.3,71.4,14.3,31.4,3.14,14.3,5.57,63.9,3,0.43,0.625,4.4,5,71.4,42,0,8.4,60,2,28.6,19,1,9.5,100,12.1,3.4,12.1,3.35,8.75
2023,143,Jahmyr Gibbs,DET,RB,1,14,CHI,6.25,60,8,42.1,0,61,7.63,1,0.05,0,3,25,48,78.7,0,12.5,75,25,28.4,6.13,37.5,1.5,19.7,2,0.25,0.144,1.1,5,62.5,49,0,9.8,80,3,37.5,12,1,4,66.7,12.9,6.6,12.9,6.6,6.3
2023,144,Raheem Mostert,MIA,RB,1,5,NYG,5.69620253164557,74.1,9,52.9,0,60,6.67,1,0.72,0,3,28.6,34,56.7,50,11.1,66.7,22.2,23.7,2.67,33.3,4,60,3,0.33,0.268,2.4,5,55.6,42,0,8.4,60,4,44.4,18,1,4.5,75,13.8,9.6,13.8,9.59,4.21
2023,145,Royce Freeman,LA,RB,1,12,ARZ,13.559322033898304,47.6,8,57.1,0,60,7.5,1,0.98,0,3,28.6,37,61.7,0,12.5,75,25,22.3,2.75,37.5,4.75,63.3,4,0.5,0.43,3.4,6,75,50,1,8.33,66.7,2,25,10,0,5,100,12,9.7,12,9.67,2.33
2023,146,Chuba Hubbard,CAR,RB,1,13,TB,10.106382978723403,65.9,19,73.1,0,60,3.16,2,1.66,0,4,0,0,0,100,10.5,57.9,36.8,-11,0.53,52.6,2.63,83.3,5,0.26,-0.077,-1.5,8,42.1,24,0,3,37.5,11,57.9,36,2,3.27,72.7,18,17.1,18,17.08,0.92
2023,147,Isiah Pacheco,KC,RB,1,17,CIN,8.47457627118644,88.5,10,100,0,60,6,0,0.51,0,2,11.1,35,58.3,0,0,40,60,20.9,4.1,10,1.9,31.7,0,0,-0.036,-0.4,4,40,41,0,10.25,25,5,50,14,0,2.8,40,9.1,8.5,9.1,8.52,0.58
2023,148,Jaylen Warren,PIT,RB,1,10,GB,10.784313725490197,41.7,11,42.3,0,60,5.45,0,0.04,0,4,18.2,31,51.7,0,0,63.6,36.4,15.1,1.27,54.5,4.18,76.7,7,0.64,0.259,2.8,9,81.8,53,0,5.89,66.7,2,18.2,7,0,3.5,50,6,4.7,6,4.72,1.28
2023,149,Kenneth Walker,SEA,RB,1,6,CIN,9.142857142857142,84.6,16,88.9,0,60,3.75,1,1.4,0,4,9.1,21,35,100,6.3,50,50,2,0.19,56.3,3.56,95,7,0.44,0.076,1.2,8,50,51,0,6.38,75,8,50,9,1,1.13,25,16.3,17.5,16.3,17.45,-1.15
2023,150,Keaton Mitchell,BLT,RB,1,15,JAX,20,26,7,21.9,0,60,8.57,0,0.03,0,4,42.9,47,78.3,0,0,85.7,14.3,27.8,4.57,42.9,4,46.7,5,0.71,0.471,3.3,3,42.9,11,0,3.67,100,4,57.1,49,0,12.25,75,8.5,4.9,8.5,4.89,3.61
2023,151,Bijan Robinson,ATL,RB,1,12,NO,6,52.3,9,34.6,0,60,6.67,1,0.19,0,5,33.3,41,68.3,0,11.1,77.8,22.2,21.5,3.89,22.2,2.78,41.7,3,0.33,0.397,3.6,8,88.9,58,1,7.25,75,1,11.1,2,0,2,100,24.2,15,24.2,15.01,9.19
2023,152,Devin Singletary,HST,RB,1,18,IND,12.962962962962962,100,21,100,0,59,2.81,1,1.04,0,3,0,0,0,100,4.8,38.1,47.6,-25.7,1.14,33.3,1.67,59.3,1,0.05,-0.203,-4.3,6,28.6,14,0,2.33,16.7,15,71.4,45,1,3,46.7,13.1,16.3,13.1,16.31,-3.21
2023,153,Josh Jacobs,LV,RB,1,9,NYG,8.83977900552486,87.1,16,80,0,59,3.69,2,2.02,0,3,7.1,10,16.9,100,12.5,56.3,37.5,-1.6,1.06,31.3,2.63,71.2,2,0.13,0.029,0.5,9,56.3,27,1,3,55.6,7,43.8,32,1,4.57,57.1,17.9,18.2,17.9,18.17,-0.27
2023,154,Jonathan Taylor,IND,RB,1,17,LV,10.743801652892563,63.6,13,81.3,0,59,4.54,1,0.95,0,5,16.7,26,44.1,100,7.7,69.2,23.1,2.8,3.23,23.1,1.31,28.8,1,0.08,0.005,0.1,9,69.2,40,1,4.44,77.8,4,30.8,19,0,4.75,50,11.9,11.3,11.9,11.34,0.56
2023,155,Isiah Pacheco,KC,RB,1,2,JAX,9.322033898305085,64.7,11,84.6,0,59,5.36,0,0.33,0,3,10,31,52.5,0,0,54.5,45.5,18.8,2.45,36.4,2.91,54.2,0,0,0.239,2.6,3,27.3,8,0,2.67,66.7,7,63.6,49,0,7,42.9,5.9,6,5.9,6,-0.1
2023,156,Kyren Williams,LA,RB,1,17,NYG,14.50381679389313,92.2,19,90.5,0,59,3.11,2,1.64,0,5,5.9,10,16.9,100,10.5,57.9,42.1,-21.9,1.05,36.8,2.05,66.1,1,0.05,0.03,0.6,7,36.8,25,0,3.57,57.1,12,63.2,34,2,2.83,58.3,19.4,19.5,19.4,19.52,-0.12
2023,157,Gus Edwards,BLT,RB,1,15,JAX,9.580838323353294,50,16,50,0,58,3.63,1,1.96,0,4,8.3,20,34.5,100,6.3,50,50,5,1.44,31.3,2.19,60.3,2,0.13,-0.151,-2.4,5,31.3,9,0,1.8,0,11,68.8,49,1,4.45,72.7,13.9,18.8,13.9,18.82,-4.92
2023,158,Jonathan Taylor,IND,RB,1,10,NE,16.528925619834713,87.1,20,90.9,0,58,2.9,1,0.78,0,4,5.3,10,17.2,50,5,60,40,-12.2,1.15,40,1.75,60.3,3,0.15,-0.052,-1,15,75,43,1,2.87,66.7,5,25,15,0,3,40,11.8,11.7,11.8,11.72,0.08
2023,159,Trey Sermon,IND,RB,1,15,PIT,58.333333333333336,50,14,56,0,58,4.14,0,0.15,0,4,7.1,10,17.2,0,0,57.1,42.9,-3.2,0.93,42.9,3.21,77.6,3,0.21,0.146,2,6,42.9,32,0,5.33,83.3,8,57.1,26,0,3.25,37.5,5.8,7,5.8,6.99,-1.19
2023,160,Zamir White,LV,RB,1,17,IND,20.51282051282051,88.6,16,84.2,0,58,3.63,0,0.77,0,2,0,0,0,100,0,68.8,43.8,-6.4,1.31,43.8,2.31,63.8,2,0.13,-0.185,-3,4,25,12,0,3,50,12,75,46,0,3.83,75,7.2,12.6,7.2,12.6,-5.4
2023,161,Austin Ekeler,LAC,RB,1,10,DET,11.904761904761903,76.7,15,75,0,57,3.8,1,1.5,0,2,11.1,17,29.8,66.7,6.7,46.7,46.7,10.8,2,46.7,1.8,47.4,0,0,0.033,0.5,10,66.7,20,1,2,40,5,33.3,37,0,7.4,60,18,18.1,18,18.1,-0.1
2023,162,Joe Mixon,CIN,RB,1,14,IND,9.202453987730062,69.4,15,71.4,0,57,3.8,1,1.78,0,4,11.1,18,31.6,83.3,6.7,53.3,33.3,14.3,1.4,46.7,2.4,63.2,1,0.07,0.197,3,4,26.7,3,0,0.75,25,10,66.7,51,1,5.1,60,18.6,18.5,18.6,18.53,0.07
2023,163,Gus Edwards,BLT,RB,1,8,ARZ,8.982035928143713,70,15,71.4,0,57,3.8,3,2.22,0,6,10,10,17.5,100,20,66.7,26.7,5.3,1.67,26.7,2.13,56.1,3,0.2,0.325,4.9,5,33.3,21,0,4.2,60,10,66.7,36,3,3.6,70,27.1,22,27.1,21.99,5.11
2023,164,Josh Jacobs,LV,RB,1,8,DET,7.734806629834254,88.9,14,93.3,0,57,4.07,1,0.28,0,3,0,0,0,100,7.1,78.6,21.4,4.9,2,28.6,2.07,50.9,2,0.14,0.015,0.2,12,85.7,49,1,4.08,75,2,14.3,8,0,4,100,16.4,12.2,16.4,12.18,4.22
2023,165,Zack Moss,IND,RB,1,8,NO,7.43801652892562,41.7,9,50,0,57,6.33,1,1.14,0,2,14.3,41,71.9,50,11.1,55.6,55.6,22.7,0.22,66.7,6.11,96.5,0,0,0.246,2.2,9,100,57,1,6.33,55.6,0,0,0,0,0,0,11.7,10.3,11.7,10.26,1.44
2023,166,Travis Etienne,JAX,RB,1,1,IND,6.951871657754011,70.3,13,52,0,57,4.38,1,0.1,0,3,7.7,26,45.6,0,7.7,38.5,61.5,-2.5,0.62,53.8,3.77,86,5,0.38,0.04,0.5,5,38.5,29,1,5.8,20,8,61.5,28,0,3.5,50,14.7,9.8,14.7,9.83,4.87
2023,167,Travis Etienne,JAX,RB,1,3,HST,7.4866310160427805,88.9,14,93.3,0,57,4.07,0,0.02,0,3,7.1,11,19.3,0,0,57.1,42.9,-2.5,1.36,28.6,2.71,66.7,3,0.21,-0.153,-2.1,7,50,16,0,2.29,28.6,6,42.9,30,0,5,83.3,8.5,7.6,8.5,7.56,0.94
2023,168,Tyler Goodson,IND,RB,1,15,PIT,100,32.5,9,36,0,57,6.33,0,0.14,0,2,12.5,31,54.4,0,0,44.4,55.6,21.6,3.22,44.4,3.11,49.1,0,0,-0.022,-0.2,1,11.1,2,0,2,0,8,88.9,55,0,6.88,50,7,6.1,7,6.12,0.88
2023,169,Breece Hall,NYJ,RB,1,4,KC,1.6574585635359116,68.2,3,33.3,0,57,19,0,0,0,2,66.7,54,94.7,0,0,66.7,33.3,43,7.33,0,11.67,61.4,1,0.33,1.167,3.5,2,66.7,14,0,7,50,1,33.3,43,0,43,100,8.8,4.7,8.8,4.72,4.08
2023,170,Jahmyr Gibbs,DET,RB,1,7,BLT,6.25,84.2,8,80,0,57,7.13,1,0.11,0,3,14.3,21,36.8,0,12.5,75,25,15.9,5.38,0,1.75,24.6,1,0.13,0.542,4.3,1,12.5,2,0,2,100,7,87.5,55,1,7.86,71.4,16,7.8,16,7.84,8.16
2023,171,Christian McCaffrey,SF,RB,1,5,DAL,7.894736842105263,69,18,46.2,0,56,3.11,1,1.7,1,5,0,0,0,100,5.6,66.7,27.8,-17.2,1.17,38.9,1.94,62.5,0,0,-0.192,-3.4,12,66.7,29,1,2.42,66.7,6,33.3,27,0,4.5,66.7,10.6,17.5,10.6,17.52,-6.92
2023,172,D'Onta Foreman,CHI,RB,1,9,NO,19.736842105263158,71.8,15,68.2,0,56,3.73,0,0.05,0,1,6.7,13,23.2,0,0,46.7,53.3,-9.9,1.4,53.3,2.33,62.5,1,0.07,-0.203,-3,11,73.3,43,0,3.91,54.5,4,26.7,13,0,3.25,25,5.6,6.9,5.6,6.86,-1.26
2023,173,Gus Edwards,BLT,RB,1,2,CIN,4.790419161676647,50,8,42.1,0,56,7,1,0.99,0,5,28.6,37,66.1,50,12.5,75,25,22.7,3.5,12.5,3.5,50,1,0.13,0.545,4.4,3,37.5,25,0,8.33,100,5,62.5,31,1,6.2,60,11.6,9.3,11.6,9.29,2.31
2023,174,David Montgomery,DET,RB,1,14,CHI,4.968944099378882,40,8,42.1,0,56,7,0,0.01,0,3,37.5,37,66.1,0,0,50,25,20.2,4,12.5,3,42.9,2,0.25,0.355,2.8,4,50,21,0,5.25,25,4,50,35,0,8.75,75,5.6,3.7,5.6,3.67,1.93
2023,175,D'Andre Swift,PHI,RB,1,17,ARZ,8.955223880597014,62.1,12,63.2,0,56,4.67,0,0.03,0,3,16.7,26,46.4,0,0,58.3,41.7,7,2.83,33.3,1.83,39.3,1,0.08,-0.037,-0.4,12,100,56,0,4.67,58.3,0,0,0,0,0,0,7.1,6.7,7.1,6.72,0.38
2023,176,Rachaad White,TB,RB,1,15,GB,8.860759493670885,84.4,14,93.3,0,56,4,0,0.07,0,2,7.1,22,39.3,0,0,42.9,50,-5.3,0.93,35.7,3.07,76.8,2,0.14,-0.097,-1.4,6,42.9,20,0,3.33,50,8,57.1,36,0,4.5,37.5,5.6,6.5,5.6,6.55,-0.95
2023,177,Chase Brown,CIN,RB,1,13,JAX,15.625,14.3,5,25,0,56,11.2,0,0.01,0,2,40,46,82.1,0,0,40,40,33.8,8,0,3.2,28.6,2,0.4,0.402,2,4,80,50,0,12.5,50,1,20,6,0,6,0,5.6,2.3,5.6,2.26,3.34
2023,178,Jahmyr Gibbs,DET,RB,1,10,LAC,7.8125,48.5,10,58.8,0,56,5.6,2,2.15,0,4,33.3,46,82.1,60,20,50,50,22.8,0.6,50,5,89.3,2,0.2,0.473,4.7,4,40,40,0,10,50,6,60,16,2,2.67,50,23.4,21.9,23.4,21.87,1.53
2023,179,Aaron Jones,GB,RB,1,9,LA,12.727272727272727,54.8,14,53.8,0,55,3.93,1,1.04,1,3,0,0,0,100,7.1,57.1,35.7,2,1.86,35.7,2.07,52.7,2,0.14,-0.378,-5.3,10,71.4,43,0,4.3,60,4,28.6,12,1,3,50,14.8,17.6,14.8,17.61,-2.81
2023,180,Tony Pollard,DAL,RB,1,1,NYG,6.741573033707865,52.9,12,46.2,0,55,4.58,2,3.27,0,4,14.3,25,45.5,100,16.7,58.3,33.3,-7.7,2.58,16.7,2,43.6,0,0,0.25,3,6,50,16,1,2.67,66.7,6,50,39,1,6.5,50,17.5,25.9,17.5,25.9,-8.4
2023,181,David Montgomery,DET,RB,1,16,MIN,10.559006211180124,42.6,17,53.1,0,55,3.24,1,1.04,0,5,14.3,21,38.2,60,5.9,47.1,52.9,-10.7,0.41,41.2,2.82,87.3,2,0.12,-0.03,-0.5,12,70.6,39,1,3.25,50,5,29.4,16,0,3.2,40,14.9,15.9,14.9,15.91,-1.01
2023,182,Travis Etienne,JAX,RB,1,8,PIT,10.16042780748663,90.3,19,86.4,0,55,2.89,0,0.76,0,4,10.5,25,45.5,0,0,36.8,57.9,-41.5,1.37,47.4,1.53,52.7,6,0.32,-0.293,-5.6,10,52.6,42,0,4.2,40,9,47.4,13,0,1.44,33.3,7.6,15.7,7.6,15.74,-8.14
2023,183,Emari Demercado,ARZ,RB,1,8,BLT,46.666666666666664,83.9,14,77.8,0,55,3.93,0,0.01,0,3,7.1,13,23.6,0,0,50,42.9,-2.8,0.93,42.9,3,76.4,4,0.29,-0.38,-5.3,9,64.3,37,0,4.11,55.6,4,28.6,18,0,4.5,50,5.5,5.8,5.5,5.85,-0.35
2023,184,Jahmyr Gibbs,DET,RB,1,15,DEN,3.125,40,4,25,0,55,13.75,1,0.34,0,2,66.7,46,83.6,100,25,75,25,39.1,5.25,25,8.5,61.8,3,0.75,1.083,4.3,2,50,46,1,23,100,2,50,9,0,4.5,50,12.4,5.2,12.4,5.2,7.2
2023,185,Royce Freeman,LA,RB,1,11,SEA,23.728813559322035,63.2,14,63.6,0,54,3.86,0,0.44,0,2,11.1,15,27.8,60,0,50,57.1,8.4,1.79,42.9,2.07,53.7,3,0.21,-0.21,-2.9,4,28.6,11,0,2.75,25,10,71.4,43,0,4.3,60,5.4,7.2,5.4,7.22,-1.82
2023,186,David Montgomery,DET,RB,1,12,GB,8.074534161490684,55.9,13,56.5,0,54,4.15,1,0.22,0,4,0,0,0,0,7.7,69.2,30.8,3.1,2.08,15.4,2.08,50,5,0.38,0.156,2,6,46.2,21,1,3.5,50,7,53.8,33,0,4.71,85.7,11.4,6.4,11.4,6.41,4.99
2023,187,Khalil Herbert,CHI,RB,1,5,WAS,7.547169811320755,65,8,30.8,0,54,6.75,0,0.09,0,1,12.5,34,63,0,0,37.5,50,17,4.5,37.5,2.25,33.3,3,0.38,0.197,1.6,6,75,42,0,7,33.3,2,25,12,0,6,50,5.4,4.2,5.4,4.22,1.18
2023,188,Javonte Williams,DEN,RB,1,14,LAC,7.526881720430108,72.1,14,70,0,54,3.86,1,1.07,0,3,7.7,20,37,100,7.1,35.7,50,-7.3,1.36,57.1,2.5,64.8,2,0.14,-0.133,-1.9,7,50,18,0,2.57,28.6,7,50,36,1,5.14,42.9,16.9,17.2,16.9,17.2,-0.3
2023,189,Devon Achane,MIA,RB,1,18,BUF,7.352941176470589,56.5,5,45.5,0,54,10.8,1,0.4,0,3,60,52,96.3,0,20,60,40,28.9,4.2,20,6.6,61.1,3,0.6,0.907,4.5,3,60,27,1,9,33.3,1,20,11,0,11,100,12.9,6.5,12.9,6.45,6.45
2023,190,Saquon Barkley,NYG,RB,1,8,NYJ,14.285714285714285,95,24,80,0,53,2.21,0,0.22,0,2,0,0,0,100,0,33.3,58.3,-44.9,0,62.5,2.21,100,7,0.29,-0.419,-10.1,5,20.8,18,0,3.6,40,19,79.2,35,0,1.84,31.6,6.3,12.6,6.3,12.6,-6.3
2023,191,Devin Singletary,HST,RB,1,15,TEN,9.25925925925926,89.5,15,78.9,0,53,3.53,0,0.32,0,4,8.3,11,20.8,66.7,0,53.3,46.7,1.2,1.73,46.7,1.8,50.9,0,0,-0.209,-3.1,9,60,31,0,3.44,55.6,6,40,22,0,3.67,50,13.5,12.7,13.5,12.74,0.76
2023,192,Najee Harris,PIT,RB,1,13,ARZ,6.730769230769231,74.2,14,66.7,0,53,3.79,0,0.3,0,2,18.2,22,41.5,66.7,0,35.7,64.3,5.9,1.86,35.7,1.93,50.9,1,0.07,-0.449,-6.3,14,100,53,0,3.79,35.7,0,0,0,0,0,0,5.3,6.5,5.3,6.49,-1.19
2023,193,James Cook,BUF,RB,1,11,NYJ,7.6923076923076925,48.4,11,50,0,53,4.82,0,0.41,0,2,9.1,11,20.8,0,0,63.6,36.4,-4.8,3.36,9.1,1.45,30.2,0,0,0.07,0.8,4,36.4,14,0,3.5,50,7,63.6,39,0,5.57,71.4,12.8,15.4,12.8,15.37,-2.57
2023,194,Dameon Pierce,HST,RB,1,5,ATL,12.295081967213115,92.6,15,88.2,0,53,3.53,0,0.07,0,2,13.3,28,52.8,0,0,40,60,-13.5,1.07,40,2.47,69.8,4,0.27,-0.316,-4.7,10,66.7,36,0,3.6,30,5,33.3,17,0,3.4,60,5.3,7,5.3,7.05,-1.75
2023,195,Ty Chandler,MIN,RB,1,18,DET,10.38961038961039,55,8,50,0,53,6.63,0,0.01,0,3,25,33,62.3,0,0,37.5,50,17.7,3.25,37.5,3.38,50.9,3,0.38,0.202,1.6,5,62.5,38,0,7.6,40,3,37.5,15,0,5,33.3,6.9,5.2,6.9,5.16,1.74
2023,196,Zamir White,LV,RB,1,15,LAC,16.666666666666664,74.3,13,76.5,0,53,4.08,1,1.08,0,2,8.3,15,28.3,100,7.7,53.8,46.2,-5,1.38,46.2,2.69,66,1,0.08,-0.138,-1.8,5,38.5,16,0,3.2,60,8,61.5,37,1,4.63,50,12.8,18.5,12.8,18.53,-5.73
2023,197,Kenneth Walker,SEA,RB,1,17,PIT,5.142857142857142,82.6,9,90,0,53,5.89,1,0.36,0,3,22.2,24,45.3,0,11.1,55.6,33.3,16.9,2.56,44.4,3.33,56.6,3,0.33,0.115,1,8,88.9,42,1,5.25,50,1,11.1,11,0,11,100,14.8,8.8,14.8,8.8,6
2023,198,Bijan Robinson,ATL,RB,1,17,CHI,6,56.5,9,64.3,0,53,5.89,0,0.01,0,3,33.3,42,79.2,0,0,44.4,55.6,13,4.67,33.3,1.22,20.8,0,0,0.088,0.8,6,66.7,35,0,5.83,33.3,3,33.3,18,0,6,66.7,5.3,4.1,5.3,4.08,1.22
2023,199,Zach Charbonnet,SEA,RB,1,8,CLV,5.714285714285714,44.7,4,26.7,0,53,13.25,0,0.03,0,3,75,54,101.9,0,0,75,25,37.3,7.25,25,6,45.3,1,0.25,0.607,2.4,4,100,53,0,13.25,75,0,0,0,0,0,0,7,3.4,7,3.36,3.64
2023,200,Cordarrelle Patterson,ATL,RB,1,7,TB,19.51219512195122,37.2,8,25.8,0,52,6.5,0,0.06,0,2,28.6,31,59.6,0,0,50,37.5,19.3,3.5,37.5,3,46.2,3,0.38,0.053,0.4,3,37.5,14,0,4.67,66.7,5,62.5,38,0,7.6,40,5.2,3.7,5.2,3.66,1.54
2023,201,James Conner,ARZ,RB,1,11,HST,8.21917808219178,89.3,12,75,0,52,4.33,0,0.03,0,3,16.7,25,48.1,0,0,33.3,50,-3.1,1.58,58.3,2.75,63.5,2,0.17,-0.051,-0.6,2,16.7,11,0,5.5,50,8,66.7,40,0,5,37.5,5.2,5.7,5.2,5.7,-0.5
2023,202,Jamaal Williams,NO,RB,1,17,TB,18.085106382978726,66,17,60.7,0,52,3.06,0,0.16,0,2,5.9,17,32.7,0,0,23.5,58.8,-25.8,0.59,58.8,2.47,80.8,2,0.12,-0.209,-3.5,13,76.5,52,0,4,30.8,4,23.5,0,0,0,0,7,11.8,7,11.84,-4.84
2023,203,Gus Edwards,BLT,RB,1,9,SEA,2.9940119760479043,27.7,5,16.7,0,52,10.4,2,1.8,0,3,33.3,42,80.8,50,40,60,40,33.7,2.4,20,8,76.9,3,0.6,0.701,3.5,1,20,2,0,2,0,4,80,50,2,12.5,75,17.2,12.6,17.2,12.61,4.59
2023,204,Alexander Mattison,MIN,RB,1,12,CHI,6.521739130434782,60,9,69.2,0,52,5.78,0,0.01,0,3,22.2,32,61.5,0,0,55.6,44.4,15.4,1.89,55.6,3.89,67.3,4,0.44,0.027,0.2,6,66.7,44,0,7.33,66.7,3,33.3,8,0,2.67,33.3,6.2,5.2,6.2,5.23,0.97
2023,205,Craig Reynolds,DET,RB,1,5,CAR,18.75,37.9,6,37.5,0,52,8.67,1,0.71,0,3,50,36,69.2,40,16.7,83.3,16.7,29.7,2.83,50,5.83,67.3,2,0.33,0.659,4,6,100,52,1,8.67,83.3,0,0,0,0,0,0,11.2,6.5,11.2,6.47,4.73
2023,206,Tyler Allgeier,ATL,RB,1,12,NO,5.7324840764331215,38.6,9,34.6,0,52,5.78,0,0.07,0,3,22.2,26,50,0,0,66.7,33.3,13.5,2.67,22.2,3.11,53.8,1,0.11,0.12,1.1,9,100,52,0,5.78,66.7,0,0,0,0,0,0,5.2,4.2,5.2,4.25,0.95
2023,207,Brian Robinson,WAS,RB,1,9,NE,12.096774193548388,71.4,15,83.3,0,52,3.47,1,0.64,1,3,0,0,0,0,6.7,46.7,46.7,-10,1.73,33.3,1.73,50,0,0,-0.279,-4.2,11,73.3,41,1,3.73,45.5,4,26.7,11,0,2.75,50,10.2,10.1,10.2,10.06,0.14
2023,208,Bijan Robinson,ATL,RB,1,1,CAR,5.333333333333334,48.3,8,38.1,0,52,6.5,0,0.02,0,2,25,31,59.6,0,0,37.5,37.5,16.5,3.38,37.5,3.13,48.1,1,0.13,0.048,0.4,5,62.5,12,0,2.4,0,3,37.5,40,0,13.33,100,13.3,8.9,13.3,8.95,4.35
2023,209,Christian McCaffrey,SF,RB,1,17,WAS,5.263157894736842,51,12,36.4,0,51,4.25,0,0.77,0,4,22.2,26,51,33.3,0,58.3,41.7,10.4,1.83,33.3,2.42,56.9,3,0.25,0.053,0.6,9,75,42,0,4.67,55.6,3,25,9,0,3,66.7,11.3,13.8,11.3,13.8,-2.5
2023,210,Saquon Barkley,NYG,RB,1,1,DAL,7.142857142857142,78.9,12,60,0,51,4.25,0,0.02,0,2,8.3,18,35.3,0,0,58.3,33.3,3.5,1.08,41.7,3.17,74.5,1,0.08,-0.014,-0.2,6,50,36,0,6,66.7,6,50,15,0,2.5,50,7.8,7.9,7.8,7.94,-0.14
2023,211,Tony Pollard,DAL,RB,1,17,DET,7.865168539325842,93.9,14,87.5,0,51,3.64,0,0.06,0,4,14.3,28,54.9,0,0,42.9,57.1,-2.5,0.64,50,3,82.4,2,0.14,-0.229,-3.2,6,42.9,24,0,4,50,8,57.1,27,0,3.38,37.5,6.1,9.1,6.1,9.08,-2.98
2023,212,Ty Johnson,BUF,RB,1,15,DAL,34.78260869565217,31.4,8,22.2,0,51,6.38,0,0.12,0,4,12.5,11,21.6,0,0,75,12.5,16.6,4.38,12.5,2,31.4,1,0.13,0.356,2.8,3,37.5,14,0,4.67,66.7,5,62.5,37,0,7.4,80,6.5,5.9,6.5,5.87,0.63
2023,213,Najee Harris,PIT,RB,1,3,LV,7.6923076923076925,63.6,16,69.6,0,51,3.19,0,0.1,0,1,6.3,17,33.3,0,0,37.5,56.3,-21,1,50,2.19,68.6,7,0.44,-0.283,-4.5,8,50,42,0,5.25,37.5,8,50,9,0,1.13,37.5,5.1,7.8,5.1,7.79,-2.69
2023,214,Keaton Mitchell,BLT,RB,1,14,LA,17.142857142857142,51.9,6,54.5,0,51,8.5,0,0.04,0,2,16.7,27,52.9,0,0,83.3,16.7,23.9,7.33,0,1.17,13.7,1,0.17,0.378,2.3,5,83.3,45,0,9,80,1,16.7,6,0,6,100,5.1,2.9,5.1,2.94,2.16
2023,215,Jahmyr Gibbs,DET,RB,1,12,GB,7.03125,44.1,9,39.1,0,51,5.67,0,0.08,0,2,11.1,23,45.1,0,0,44.4,44.4,12,3.89,33.3,1.78,31.4,1,0.11,0.02,0.2,6,66.7,22,0,3.67,50,3,33.3,29,0,9.67,33.3,5.1,4.4,5.1,4.39,0.71
2023,216,Christian McCaffrey,SF,RB,1,15,ARZ,3.070175438596491,61.1,7,63.6,0,50,7.14,0,0.21,0,2,33.3,39,78,0,0,57.1,42.9,20.2,3.43,42.9,3.71,52,0,0,0.174,1.2,6,85.7,49,0,8.17,66.7,1,14.3,1,0,1,0,6.6,5.9,6.6,5.87,0.73
2023,217,James Conner,ARZ,RB,1,10,ATL,7.534246575342466,80.8,11,78.6,0,50,4.55,0,0.78,0,4,22.2,21,42,33.3,0,63.6,36.4,12.4,0.55,54.5,4,88,3,0.27,0.193,2.1,10,90.9,45,0,4.5,60,1,9.1,5,0,5,100,5,8.5,5,8.47,-3.47
2023,218,Chuba Hubbard,CAR,RB,1,9,IND,7.446808510638298,69,14,77.8,0,50,3.57,0,0.08,0,3,7.1,20,40,0,0,42.9,50,-3.1,0.14,71.4,3.43,96,1,0.07,-0.13,-1.8,6,42.9,7,0,1.17,33.3,8,57.1,43,0,5.38,50,7.4,8.8,7.4,8.8,-1.4
2023,219,Kyren Williams,LA,RB,1,2,SF,9.923664122137405,94.9,13,76.5,0,50,3.85,1,0.9,0,5,0,0,0,100,7.7,76.9,30.8,1.5,1.92,30.8,1.92,50,0,0,0.018,0.2,2,15.4,10,0,5,100,11,84.6,40,1,3.64,72.7,14.8,13.7,14.8,13.68,1.12
2023,220,Latavius Murray,BUF,RB,1,10,DEN,8.771929824561402,55.6,5,41.7,0,49,9.8,1,0.54,0,4,66.7,35,71.4,100,20,100,0,31.2,5.2,0,4.6,46.9,3,0.6,0.839,4.2,3,60,32,0,10.67,100,2,40,17,1,8.5,100,13,7.3,13,7.34,5.66
2023,221,Raheem Mostert,MIA,RB,1,16,DAL,6.329113924050633,38.5,10,58.8,0,49,4.9,0,0.55,0,3,28.6,29,59.2,100,0,50,50,13.6,2,50,2.9,59.2,2,0.2,0.02,0.2,6,60,44,0,7.33,66.7,4,40,5,0,1.25,25,4.9,6.8,4.9,6.83,-1.93
2023,222,Samaje Perine,DEN,RB,1,12,CLV,11.76470588235294,16.7,4,14.8,0,49,12.25,1,1.02,0,3,66.7,39,79.6,50,25,100,0,33.1,5,25,7.25,59.2,2,0.5,0.973,3.9,3,75,34,1,11.33,100,1,25,15,0,15,100,10.9,7.7,10.9,7.71,3.19
2023,223,Jeffery Wilson,MIA,RB,1,12,NYJ,31.03448275862069,30.4,9,28.1,0,49,5.44,0,0.06,0,1,11.1,14,28.6,0,0,55.6,44.4,7,1.67,33.3,3.78,69.4,1,0.11,0.144,1.3,8,88.9,46,0,5.75,62.5,1,11.1,3,0,3,0,4.9,4.6,4.9,4.59,0.31
2023,224,David Montgomery,DET,RB,1,15,DEN,7.453416149068323,60,12,75,0,49,4.08,0,0.14,0,4,8.3,13,26.5,0,0,50,50,-2.7,1.42,33.3,2.67,65.3,1,0.08,-0.062,-0.7,10,83.3,45,0,4.5,60,2,16.7,4,0,2,0,5.2,7.5,5.2,7.45,-2.25
2023,225,A.J. Dillon,GB,RB,1,2,ATL,8.633093525179856,84.6,12,85.7,0,49,4.08,0,0.05,0,3,0,0,0,0,0,75,33.3,-0.1,1.25,16.7,2.83,69.4,1,0.08,-0.031,-0.4,7,58.3,40,0,5.71,100,5,41.7,9,0,1.8,40,4.9,5.2,4.9,5.23,-0.33
2023,226,Jerome Ford,CLV,RB,1,10,BLT,6.61764705882353,55.2,9,52.9,0,49,5.44,0,0.16,0,4,25,25,51,0,0,66.7,33.3,11.3,1.44,44.4,4,73.5,3,0.33,0.064,0.6,4,44.4,15,0,3.75,75,5,55.6,34,0,6.8,60,6.1,6.4,6.1,6.36,-0.26
2023,227,James Conner,ARZ,RB,1,1,WAS,5.47945205479452,80.8,8,57.1,0,48,6,0,0.03,0,2,12.5,12,25,0,0,75,12.5,8.8,3.25,12.5,2.75,45.8,0,0,0.155,1.2,2,25,12,0,6,100,5,62.5,31,0,6.2,60,4.8,4.1,4.8,4.1,0.7
2023,228,James Conner,ARZ,RB,1,2,NYG,10.273972602739725,81.3,15,78.9,0,48,3.2,1,1.59,0,4,7.7,17,35.4,100,6.7,46.7,46.7,-17.7,0.13,60,3.07,95.8,7,0.47,-0.15,-2.2,8,53.3,14,1,1.75,37.5,7,46.7,34,0,4.86,57.1,10.8,16.1,10.8,16.12,-5.32
2023,229,Justice Hill,BLT,RB,1,17,MIA,5.084745762711865,15.4,3,11.5,0,48,16,0,0.02,0,2,33.3,41,85.4,0,0,66.7,33.3,34.7,13.33,0,2.67,16.7,0,0,1.08,3.2,2,66.7,43,0,21.5,50,1,33.3,5,0,5,100,6,2.9,6,2.95,3.05
2023,230,James Cook,BUF,RB,1,6,NYG,6.293706293706294,40,9,47.4,0,48,5.33,0,0.02,0,2,22.2,28,58.3,0,0,55.6,44.4,8.2,3.33,11.1,2,37.5,2,0.22,0.1,0.9,6,66.7,30,0,5,50,3,33.3,18,0,6,66.7,4.8,4.1,4.8,4.09,0.71
2023,231,Zach Charbonnet,SEA,RB,1,13,DAL,24.285714285714285,88.9,17,89.5,0,48,2.82,1,0.97,0,2,8.3,14,29.2,100,5.9,35.3,64.7,-16.2,0.47,58.8,2.35,83.3,0,0,-0.32,-5.4,8,47.1,14,0,1.75,0,9,52.9,34,1,3.78,66.7,10.8,12.3,10.8,12.25,-1.45
2023,232,Alexander Mattison,MIN,RB,1,14,LV,5.072463768115942,35.9,7,36.8,0,47,6.71,0,0.01,0,3,28.6,29,61.7,0,0,71.4,28.6,16.3,3,28.6,3.71,55.3,0,0,0.13,0.9,4,57.1,38,0,9.5,75,3,42.9,9,0,3,66.7,4.7,4.7,4.7,4.66,0.04
2023,233,Tony Pollard,DAL,RB,1,18,WAS,7.303370786516854,62.2,13,61.9,0,47,3.62,1,0.82,0,4,8.3,12,25.5,100,7.7,76.9,23.1,-7.4,1.08,38.5,2.54,70.2,2,0.15,0.034,0.4,10,76.9,48,0,4.8,90,3,23.1,-1,1,-0.33,33.3,12.1,12.1,12.1,12.05,0.05
2023,234,Tony Pollard,DAL,RB,1,2,NYJ,11.797752808988763,66,21,67.7,0,47,2.24,0,0.7,0,2,0,0,0,50,0,38.1,61.9,-34.1,0.67,47.6,1.57,70.2,1,0.05,-0.345,-7.2,7,33.3,21,0,3,57.1,14,66.7,26,0,1.86,28.6,7.6,15.6,7.6,15.59,-7.99
2023,235,David Montgomery,DET,RB,1,1,KC,8.695652173913043,85.7,14,70,0,47,3.36,1,0.12,0,3,0,0,0,0,7.1,50,42.9,-8.6,1.14,28.6,2.21,66,4,0.29,-0.05,-0.7,6,42.9,15,0,2.5,33.3,8,57.1,32,1,4,62.5,10.7,6.3,10.7,6.31,4.39
2023,236,Rico Dowdle,DAL,RB,1,10,NYG,13.114754098360656,38.5,8,38.1,0,47,5.88,1,0.97,0,3,14.3,21,44.7,33.3,12.5,50,37.5,12.4,0.38,50,5.5,93.6,3,0.38,0.278,2.2,4,50,17,1,4.25,50,3,37.5,31,0,10.33,66.7,10.7,9.3,10.7,9.29,1.41
2023,237,Darrynton Evans,CHI,RB,1,7,LV,52,46.8,13,44.8,0,47,3.62,0,0.13,0,3,7.7,11,23.4,0,0,38.5,53.8,-12.1,1.69,38.5,1.92,53.2,1,0.08,-0.193,-2.5,9,69.2,33,0,3.67,33.3,4,30.8,14,0,3.5,50,6.3,8.2,6.3,8.17,-1.87
2023,238,Tyler Allgeier,ATL,RB,1,6,WAS,7.006369426751593,36.8,11,50,0,47,4.27,0,0.27,0,2,10,11,23.4,100,0,54.5,36.4,3.8,0.45,45.5,3.82,89.4,2,0.18,-0.043,-0.5,10,90.9,41,0,4.1,50,1,9.1,6,0,6,100,4.7,6,4.7,5.96,-1.26
2023,239,Ezekiel Elliott,NE,RB,1,18,NYJ,8.461538461538462,88.9,11,73.3,0,46,4.18,0,0.02,0,2,0,0,0,0,0,54.5,45.5,-4.3,0.73,36.4,3.45,82.6,3,0.27,-0.077,-0.9,1,9.1,9,0,9,100,10,90.9,37,0,3.7,50,4.6,5.1,4.6,5.08,-0.48
2023,240,Christian McCaffrey,SF,RB,1,4,ARZ,5.263157894736842,84.6,12,66.7,0,46,3.83,2,1.83,0,5,25,22,47.8,60,16.7,66.7,33.3,3.5,1.33,25,2.5,65.2,3,0.25,0.14,1.7,7,58.3,9,2,1.29,57.1,5,41.7,37,0,7.4,80,21.1,18.7,21.1,18.66,2.44
2023,241,Zack Moss,IND,RB,1,13,TEN,14.049586776859504,93.9,17,94.4,0,46,2.71,0,0.69,0,2,0,0,0,100,0,41.2,58.8,-15,0,70.6,2.71,100,1,0.06,-0.242,-4.1,15,88.2,40,0,2.67,46.7,2,11.8,6,0,3,0,6.1,11.9,6.1,11.89,-5.79
2023,242,Zack Moss,IND,RB,1,7,CLV,12.396694214876034,51.1,15,50,0,46,3.07,0,0.03,0,2,6.7,21,45.7,0,0,33.3,60,-19,0.13,60,2.93,95.7,5,0.33,-0.418,-6.3,8,53.3,6,0,0.75,25,7,46.7,40,0,5.71,42.9,4.6,6.7,4.6,6.66,-2.06
2023,243,Elijah Mitchell,SF,RB,1,18,LA,17.91044776119403,66.7,12,54.5,0,46,3.83,1,1.37,0,2,14.3,14,30.4,83.3,8.3,75,33.3,13,1.5,41.7,2.33,60.9,2,0.17,-0.012,-0.1,9,75,28,1,3.11,66.7,3,25,18,0,6,100,10.6,11.5,10.6,11.54,-0.94
2023,244,Javonte Williams,DEN,RB,1,12,CLV,8.064516129032258,79.2,15,55.6,0,46,3.07,0,0.53,0,2,15.4,30,65.2,0,0,26.7,66.7,-21.7,1.2,66.7,1.87,60.9,0,0,-0.51,-7.7,7,46.7,16,0,2.29,28.6,8,53.3,30,0,3.75,25,8.2,16.4,8.2,16.35,-8.15
2023,245,Rachaad White,TB,RB,1,13,CAR,5.69620253164557,81,9,69.2,0,46,5.11,1,0.99,0,2,14.3,30,65.2,100,11.1,44.4,66.7,13.9,3.11,55.6,2,39.1,2,0.22,-0.008,-0.1,6,66.7,13,0,2.17,33.3,3,33.3,33,1,11,66.7,10.6,10.8,10.6,10.75,-0.15
2023,246,Zach Charbonnet,SEA,RB,1,14,SF,5.714285714285714,28,4,36.4,0,46,11.5,0,0.01,0,2,50,46,100,0,0,75,25,28.3,5,25,6.5,56.5,2,0.5,0.461,1.8,2,50,27,0,13.5,100,2,50,19,0,9.5,50,4.6,1.8,4.6,1.83,2.77
2023,247,Christian McCaffrey,SF,RB,1,7,MIN,6.578947368421052,100,15,78.9,0,45,3,1,0.27,1,4,0,0,0,100,6.7,53.3,53.3,-8.1,0.93,33.3,2.07,68.9,1,0.07,-0.4,-6,11,73.3,35,1,3.18,45.5,4,26.7,10,0,2.5,75,23.6,11.8,23.6,11.77,11.83
2023,248,Austin Ekeler,LAC,RB,1,9,NYJ,10.317460317460316,71.9,13,76.5,0,45,3.46,2,1.74,0,3,9.1,20,44.4,100,15.4,38.5,53.8,-11.7,0.38,61.5,3.08,88.9,5,0.38,-0.061,-0.8,7,53.8,10,1,1.43,14.3,6,46.2,35,1,5.83,66.7,18.1,19.4,18.1,19.35,-1.25
2023,249,Alvin Kamara,NO,RB,1,15,NYG,8.02919708029197,44.1,11,55,0,45,4.09,0,0.09,0,4,20,26,57.8,0,0,36.4,63.6,-0.5,2.64,27.3,1.45,35.6,2,0.18,-0.172,-1.9,7,63.6,39,0,5.57,42.9,4,36.4,6,0,1.5,25,6.4,6.7,6.4,6.71,-0.31
2023,250,Alvin Kamara,NO,RB,1,6,HST,10.218978102189782,82.9,14,82.4,0,45,3.21,0,0.06,0,4,0,0,0,0,0,50,42.9,-11.9,0.86,42.9,2.36,73.3,5,0.36,-0.108,-1.5,9,64.3,19,0,2.11,33.3,5,35.7,26,0,5.2,80,5.5,7.4,5.5,7.44,-1.94
2023,251,D'Onta Foreman,CHI,RB,1,10,CAR,15.789473684210526,69.7,12,60,0,45,3.75,1,0.6,0,3,10,11,24.4,50,8.3,58.3,41.7,-4,1,41.7,2.75,73.3,3,0.25,-0.024,-0.3,7,58.3,37,1,5.29,71.4,5,41.7,8,0,1.6,40,12.7,10.2,12.7,10.19,2.51
2023,252,Travis Etienne,JAX,RB,1,13,CIN,5.347593582887701,66.7,10,47.6,0,45,4.5,1,1.3,0,4,28.6,24,53.3,66.7,10,60,40,10.1,3.5,20,1,22.2,2,0.2,-0.089,-0.9,4,40,22,0,5.5,50,6,60,23,1,3.83,66.7,13.8,14.5,13.8,14.5,-0.7
2023,253,James Cook,BUF,RB,1,16,LAC,9.79020979020979,73.9,14,70,0,45,3.21,0,0.31,1,1,0,0,0,0,0,50,42.9,-15.5,1.57,35.7,1.64,51.1,3,0.21,-0.581,-8.1,10,71.4,41,0,4.1,60,4,28.6,4,0,1,25,3.5,7.9,3.5,7.92,-4.42
2023,254,Tyler Allgeier,ATL,RB,1,15,CAR,8.9171974522293,53.7,14,53.8,0,45,3.21,0,0.04,0,2,0,0,0,0,0,57.1,42.9,-14.9,0.79,42.9,2.43,75.6,0,0,-0.111,-1.6,7,50,21,0,3,42.9,5,35.7,19,0,3.8,60,4.5,6.2,4.5,6.22,-1.72
2023,255,Jerome Ford,CLV,RB,1,12,DEN,4.411764705882353,58.6,6,35.3,0,45,7.5,0,0.01,0,2,33.3,30,66.7,0,0,66.7,16.7,16.3,5.5,16.7,2,26.7,0,0,0.402,2.4,2,33.3,13,0,6.5,50,4,66.7,32,0,8,75,4.5,3,4.5,2.96,1.54
2023,256,Kenneth Walker,SEA,RB,1,1,LA,4.571428571428571,88.2,8,88.9,0,45,5.63,0,0.03,0,2,25,28,62.2,0,0,75,25,8.5,2,37.5,3.63,64.4,5,0.63,0.059,0.5,5,62.5,27,0,5.4,80,3,37.5,18,0,6,66.7,8.4,8.4,8.4,8.38,0.02
2023,257,Bijan Robinson,ATL,RB,1,10,ARZ,7.333333333333333,57.1,11,50,0,45,4.09,1,0.16,0,2,10,17,37.8,100,9.1,27.3,72.7,-2.6,2,45.5,2.09,51.1,1,0.09,-0.08,-0.9,6,54.5,15,0,2.5,16.7,5,45.5,30,1,6,40,12.6,7.4,12.6,7.36,5.24
2023,258,Raheem Mostert,MIA,RB,1,13,WAS,6.329113924050633,42.5,10,31.3,0,44,4.4,1,1.28,0,3,12.5,12,27.3,50,10,90,20,1.2,1.1,30,3.3,75,2,0.2,0.217,2.2,6,60,27,1,4.5,100,4,40,17,0,4.25,75,10.4,11.9,10.4,11.94,-1.54
2023,259,Alvin Kamara,NO,RB,1,10,MIN,5.839416058394161,68,8,61.5,0,44,5.5,0,0.01,0,3,0,0,0,0,0,87.5,12.5,11.7,2.88,0,2.63,47.7,2,0.25,0.576,4.6,5,62.5,36,0,7.2,100,3,37.5,8,0,2.67,66.7,5.2,4.8,5.2,4.77,0.43
2023,260,Alvin Kamara,NO,RB,1,13,DET,9.48905109489051,58.1,13,43.3,0,44,3.38,2,1.29,0,5,11.1,16,36.4,60,15.4,46.2,53.8,8.4,0.38,46.2,3,88.6,4,0.31,0.009,0.1,11,84.6,41,2,3.73,54.5,2,15.4,3,0,1.5,0,20.7,14.6,20.7,14.59,6.11
2023,261,Gus Edwards,BLT,RB,1,5,PIT,5.9880239520958085,64.3,10,71.4,0,44,4.4,0,0.19,0,2,11.1,11,25,0,0,40,60,0.7,3.4,10,1,22.7,0,0,0.017,0.2,3,30,15,0,5,33.3,7,70,29,0,4.14,42.9,4.4,5.5,4.4,5.47,-1.07
2023,262,Tony Pollard,DAL,RB,1,13,SEA,8.98876404494382,87.2,16,72.7,0,44,2.75,0,0.14,0,4,6.7,11,25,100,0,50,43.8,-17.3,0.75,43.8,2,72.7,0,0,-0.148,-2.4,14,87.5,48,0,3.43,57.1,2,12.5,-4,0,-2,0,7.4,16,7.4,16,-8.6
2023,263,Tony Pollard,DAL,RB,1,14,PHI,6.741573033707865,69,12,66.7,0,44,3.67,0,0.27,0,1,10,11,25,50,0,41.7,58.3,-4.7,0.83,41.7,2.83,77.3,2,0.17,-0.113,-1.4,9,75,32,0,3.56,44.4,3,25,12,0,4,33.3,6,8.1,6,8.13,-2.13
2023,264,Javonte Williams,DEN,RB,1,6,KC,4.301075268817205,53.6,8,47.1,0,44,5.5,0,0.01,0,3,25,28,63.6,0,0,62.5,37.5,14.1,1.38,50,4.13,75,0,0,0.246,2,2,25,-2,0,-1,0,6,75,46,0,7.67,83.3,4.4,3,4.4,3.03,1.37
2023,265,Jaylen Warren,PIT,RB,1,13,ARZ,5.88235294117647,25.8,6,28.6,0,44,7.33,0,0.09,0,2,20,18,40.9,33.3,0,100,16.7,20.6,4.17,0,3.17,43.2,1,0.17,0.389,2.3,5,83.3,37,0,7.4,100,1,16.7,7,0,7,100,4.4,4.4,4.4,4.4,0
2023,266,Rachaad White,TB,RB,1,9,HST,8.227848101265822,75,13,68.4,0,44,3.38,1,1.09,0,4,16.7,22,50,100,7.7,53.8,46.2,-8.8,1.38,46.2,2,59.1,1,0.08,-0.082,-1.1,7,53.8,20,1,2.86,42.9,6,46.2,24,0,4,66.7,14.7,13.5,14.7,13.49,1.21
2023,267,Kenneth Walker,SEA,RB,1,16,TEN,4.571428571428571,82.4,8,80,0,44,5.5,0,0.03,0,2,25,35,79.5,0,0,37.5,62.5,7.8,1.38,62.5,4.13,75,5,0.63,0.198,1.6,3,37.5,9,0,3,33.3,5,62.5,35,0,7,40,5.6,5.1,5.6,5.07,0.53
2023,268,Bijan Robinson,ATL,RB,1,13,NYJ,8,63.2,12,48,0,44,3.67,0,0.06,0,1,8.3,12,27.3,0,0,41.7,41.7,-8.5,2.08,25,1.58,43.2,2,0.17,-0.145,-1.7,7,58.3,31,0,4.43,57.1,5,41.7,13,0,2.6,20,6.3,7.4,6.3,7.43,-1.13
2023,269,Bijan Robinson,ATL,RB,1,9,MIN,6,52.3,9,45,0,44,4.89,0,0.02,1,2,11.1,14,31.8,0,0,33.3,44.4,2.6,1.56,22.2,3.33,68.2,2,0.22,-0.568,-5.1,4,44.4,12,0,3,25,5,55.6,32,0,6.4,40,4.5,6.1,4.5,6.06,-1.56
2023,270,Chase Brown,CIN,RB,1,18,CLV,31.25,34.1,10,37,0,44,4.4,0,0.04,0,2,20,43,97.7,0,0,20,80,3.7,-0.6,90,5,113.6,3,0.3,-0.214,-2.1,5,50,4,0,0.8,0,5,50,40,0,8,40,4.4,5.6,4.4,5.63,-1.23
2023,271,Derrick Henry,TEN,RB,1,5,IND,5.371900826446281,86.1,13,68.4,0,43,3.31,0,0.17,0,1,0,0,0,100,0,46.2,61.5,-8.1,1,46.2,2.31,69.8,3,0.23,-0.417,-5.4,9,69.2,29,0,3.22,44.4,4,30.8,14,0,3.5,50,8,9.1,8,9.13,-1.13
2023,272,Ezekiel Elliott,NE,RB,1,10,IND,8.461538461538462,44.7,11,37.9,0,43,3.91,0,0.18,0,3,0,0,0,100,0,63.6,36.4,1.8,1.45,27.3,2.45,62.8,4,0.36,-0.06,-0.7,4,36.4,19,0,4.75,50,7,63.6,24,0,3.43,71.4,6.8,6.7,6.8,6.7,0.1
2023,273,Christian McCaffrey,SF,RB,1,6,CLV,4.824561403508771,61.5,11,55,0,43,3.91,0,0.12,0,2,10,27,62.8,0,0,36.4,63.6,-0.9,-0.18,72.7,4.09,104.7,7,0.64,-0.039,-0.4,6,54.5,43,0,7.17,50,5,45.5,0,0,0,20,12.8,13.1,12.8,13.12,-0.32
2023,274,D'Onta Foreman,CHI,RB,1,14,DET,13.157894736842104,74.3,10,55.6,0,43,4.3,0,0.08,0,2,10,13,30.2,0,0,50,40,0,1.9,30,2.4,55.8,0,0,-0.098,-1,6,60,20,0,3.33,33.3,4,40,23,0,5.75,75,8.5,10,8.5,10.03,-1.53
2023,275,Gus Edwards,BLT,RB,1,18,PIT,5.389221556886228,43.8,9,56.3,0,43,4.78,0,0.01,0,1,11.1,29,67.4,0,0,22.2,77.8,2.2,3,33.3,1.78,37.2,1,0.11,-0.197,-1.8,4,44.4,12,0,3,25,5,55.6,31,0,6.2,20,4.3,4.2,4.3,4.15,0.15
2023,276,Gus Edwards,BLT,RB,1,4,CLV,6.58682634730539,78.6,11,52.4,0,43,3.91,0,0.08,0,1,9.1,16,37.2,0,0,54.5,36.4,-8.8,0.27,54.5,3.64,93,4,0.36,-0.097,-1.1,1,9.1,16,0,16,100,10,90.9,27,0,2.7,50,4.3,5.7,4.3,5.67,-1.37
2023,277,Saquon Barkley,NYG,RB,1,12,NE,5.357142857142857,92,9,69.2,0,43,4.78,0,0.01,0,2,22.2,33,76.7,0,0,22.2,66.7,3,0.67,55.6,4.11,86,5,0.56,-0.146,-1.3,8,88.9,42,0,5.25,25,1,11.1,1,0,1,0,5.9,5.5,5.9,5.53,0.37
2023,278,Alexander Mattison,MIN,RB,1,11,DEN,7.971014492753622,63.6,11,52.4,0,43,3.91,0,0.21,1,1,11.1,15,34.9,100,0,36.4,63.6,2.6,0.45,63.6,3.45,88.4,6,0.55,-0.529,-5.8,4,36.4,10,0,2.5,25,7,63.6,33,0,4.71,42.9,3.3,5.3,3.3,5.31,-2.01
2023,279,D'Andre Swift,PHI,RB,1,5,LA,6.7164179104477615,75,9,52.9,0,43,4.78,0,0.14,0,2,12.5,17,39.5,50,0,66.7,33.3,3.7,0.67,44.4,4.11,86,3,0.33,0.084,0.8,5,55.6,8,0,1.6,40,4,44.4,35,0,8.75,100,4.3,4.8,4.3,4.76,-0.46
2023,280,James Cook,BUF,RB,1,10,DEN,4.195804195804196,38.9,6,50,0,43,7.17,0,0.1,0,2,40,26,60.5,0,0,66.7,33.3,19.8,3.33,16.7,3.83,53.5,2,0.33,0.284,1.7,4,66.7,24,0,6,50,2,33.3,19,0,9.5,100,4.3,2.9,4.3,2.94,1.36
2023,281,Brian Robinson,WAS,RB,1,3,BUF,6.451612903225806,61.1,8,88.9,0,43,5.38,0,0.21,0,2,28.6,23,53.5,100,0,62.5,37.5,10.4,1.38,37.5,4,74.4,2,0.25,-0.245,-2,5,62.5,33,0,6.6,80,3,37.5,10,0,3.33,33.3,4.3,4.5,4.3,4.49,-0.19
2023,282,Emanuel Wilson,GB,RB,1,9,LA,40,16.7,4,15.4,0,43,10.75,0,0.02,0,1,25,31,72.1,0,0,75,25,25.8,8.75,25,2,18.6,0,0,0.56,2.2,2,50,5,0,2.5,50,2,50,38,0,19,100,4.3,1.8,4.3,1.83,2.47
2023,283,Alvin Kamara,NO,RB,1,17,TB,6.569343065693431,31.9,9,32.1,0,42,4.67,0,0.05,0,3,28.6,24,57.1,100,0,55.6,33.3,8.9,1.22,44.4,3.44,73.8,2,0.22,0.015,0.1,7,77.8,36,0,5.14,57.1,2,22.2,6,0,3,50,5.1,5.3,5.1,5.27,-0.17
2023,284,Nick Chubb,CLV,RB,1,1,CIN,58.82352941176471,57.6,10,50,0,42,4.2,0,0.34,0,2,11.1,11,26.2,0,0,60,40,-1.5,0.6,50,3.6,85.7,5,0.5,-0.116,-1.2,3,30,21,0,7,100,7,70,21,0,3,42.9,9.5,11.3,9.5,11.33,-1.83
2023,285,Miles Sanders,CAR,RB,1,11,DAL,8.98876404494382,51.9,8,50,0,42,5.25,0,0.1,0,4,28.6,29,69,0,0,62.5,37.5,11.7,1.13,37.5,4.13,78.6,2,0.25,0.326,2.6,5,62.5,31,0,6.2,60,3,37.5,11,0,3.67,66.7,4.2,3.6,4.2,3.62,0.58
2023,286,A.J. Dillon,GB,RB,1,5,LV,10.071942446043165,83.3,14,87.5,0,42,3,0,0.39,0,3,0,0,0,100,0,50,42.9,-11.7,0.93,28.6,2.07,69,3,0.21,0.048,0.7,10,71.4,30,0,3,50,4,28.6,12,0,3,50,4.2,7.7,4.2,7.72,-3.52
2023,287,Rhamondre Stevenson,NE,RB,1,3,NYJ,12.612612612612612,73.5,14,56,0,42,3,0,0.09,0,1,0,0,0,0,0,50,42.9,-22.1,0.86,42.9,2.14,71.4,3,0.21,-0.309,-4.3,1,7.1,3,0,3,100,13,92.9,39,0,3,46.2,4.2,8.7,4.2,8.72,-4.52
2023,288,Najee Harris,PIT,RB,1,4,HST,4.807692307692308,68.2,10,83.3,0,42,4.2,0,0.03,0,2,10,15,35.7,0,0,60,40,-2.6,0.9,30,3.3,78.6,2,0.2,-0.071,-0.7,6,60,29,0,4.83,50,4,40,13,0,3.25,75,4.2,4.7,4.2,4.66,-0.46
2023,289,Tyler Allgeier,ATL,RB,1,7,TB,12.101910828025478,62.8,19,61.3,0,42,2.21,0,0.22,0,4,0,0,0,0,0,36.8,57.9,-24.8,0.32,57.9,1.89,85.7,2,0.11,-0.226,-4.3,14,73.7,34,0,2.43,28.6,5,26.3,8,0,1.6,60,9.8,11.3,9.8,11.35,-1.55
2023,290,Jahmyr Gibbs,DET,RB,1,17,DAL,10.15625,59.5,13,50,0,42,3.23,0,0.69,0,3,18.2,28,66.7,50,0,38.5,61.5,-7.5,1.62,53.8,1.62,50,1,0.08,-0.495,-6.4,7,53.8,22,0,3.14,57.1,6,46.2,20,0,3.33,16.7,4.2,10.5,4.2,10.47,-6.27
2023,291,Raheem Mostert,MIA,RB,1,9,KC,6.329113924050633,57.6,10,55.6,0,41,4.1,1,0.15,0,2,10,13,31.7,0,10,50,50,-3.4,1.1,40,3,73.2,1,0.1,0.09,0.9,8,80,36,1,4.5,50,2,20,5,0,2.5,50,10.1,5.4,10.1,5.36,4.74
2023,292,Travis Etienne,JAX,RB,1,4,ATL,8.55614973262032,80.6,16,80,0,41,2.56,0,0.31,0,1,0,0,0,0,0,25,68.8,-26.8,0.38,50,2.19,85.4,0,0,-0.299,-4.8,8,50,21,0,2.63,25,8,50,20,0,2.5,25,7.3,12,7.3,11.96,-4.66
2023,293,Tyler Allgeier,ATL,RB,1,5,HST,9.554140127388536,54.2,15,51.7,0,41,2.73,0,0.06,0,4,6.7,12,29.3,0,0,46.7,53.3,-19.3,0.8,46.7,1.93,70.7,2,0.13,-0.103,-1.6,8,53.3,20,0,2.5,25,5,33.3,13,0,2.6,60,4.1,6.4,4.1,6.42,-2.32
2023,294,Jerome Ford,CLV,RB,1,17,NYJ,5.88235294117647,36.1,8,40,0,41,5.13,0,0.64,0,3,42.9,32,78,0,0,62.5,37.5,-8.2,1.63,50,3.5,68.3,2,0.25,0.013,0.1,1,12.5,0,0,0,0,7,87.5,41,0,5.86,71.4,11.8,16.1,11.8,16.12,-4.32
2023,295,Raheem Mostert,MIA,RB,1,15,NYJ,8.860759493670885,58.8,14,58.3,0,40,2.86,2,3.19,0,4,25,30,75,100,14.3,50,50,-0.9,0.21,50,2.64,92.5,6,0.43,-0.016,-0.2,9,64.3,29,1,3.22,44.4,5,35.7,11,1,2.2,60,16,23.2,16,23.22,-7.22
2023,296,Joe Mixon,CIN,RB,1,17,KC,10.429447852760736,78.8,17,81,0,40,2.35,0,1.15,0,1,0,0,0,50,0,41.2,52.9,-21.7,0.76,52.9,1.59,67.5,1,0.06,-0.452,-7.7,8,47.1,28,0,3.5,62.5,9,52.9,12,0,1.33,22.2,4,13.1,4,13.06,-9.06
2023,297,A.J. Dillon,GB,RB,1,12,DET,9.352517985611511,60,13,76.5,0,40,3.08,0,0.09,0,2,7.7,17,42.5,0,0,46.2,61.5,-12.3,1.08,46.2,2,65,0,0,-0.496,-6.4,6,46.2,23,0,3.83,33.3,7,53.8,17,0,2.43,57.1,9.3,9.2,9.3,9.19,0.11
2023,298,Chuba Hubbard,CAR,RB,1,12,TEN,6.382978723404255,50,12,50,0,40,3.33,1,0.47,0,2,11.1,15,37.5,100,8.3,41.7,50,-4.1,0.75,50,2.58,77.5,1,0.08,0.021,0.3,7,58.3,35,1,5,42.9,5,41.7,5,0,1,40,10,7.2,10,7.23,2.77
2023,299,Travis Etienne,JAX,RB,1,2,KC,6.417112299465241,86.7,12,92.3,0,40,3.33,0,0.06,0,0,0,0,0,0,0,50,50,-11.5,0.67,50,2.67,80,1,0.08,-0.153,-1.8,8,66.7,30,0,3.75,62.5,4,33.3,10,0,2.5,25,4.9,7.2,4.9,7.15,-2.25
2023,300,Jaylen Warren,PIT,RB,1,9,TEN,3.9215686274509802,39.1,4,28.6,0,40,10,0,0.01,0,2,50,35,87.5,0,0,75,25,24.6,7,50,3,30,2,0.5,0.656,2.6,3,75,27,0,9,66.7,0,0,0,0,0,0,4,1.6,4,1.59,2.41
2023,301,Jerome Ford,CLV,RB,1,6,SF,9.558823529411764,54.5,13,59.1,0,40,3.08,0,0.02,0,1,7.7,13,32.5,0,0,38.5,30.8,-15.4,0.62,53.8,2.46,80,4,0.31,-0.206,-2.7,6,46.2,20,0,3.33,50,7,53.8,20,0,2.86,28.6,4,5.6,4,5.64,-1.64
2023,302,Pierre Strong,CLV,RB,1,8,SEA,20.51282051282051,41.7,8,34.8,0,40,5,0,0.03,0,2,12.5,12,30,0,0,75,25,7.7,3.13,25,1.88,37.5,0,0,0.092,0.7,1,12.5,7,0,7,100,7,87.5,33,0,4.71,71.4,9.1,4.8,9.1,4.83,4.27
2023,303,Breece Hall,NYJ,RB,1,14,HST,5.524861878453039,66.7,10,47.6,0,40,4,0,0.04,0,2,20,28,70,0,0,30,60,-4.1,0.1,70,3.9,97.5,2,0.2,-0.239,-2.4,6,60,21,0,3.5,16.7,4,40,19,0,4.75,50,22.1,15.4,22.1,15.43,6.67
2023,304,Israel Abanikanda,NYJ,RB,1,16,WAS,57.14285714285714,25.6,8,28.6,0,40,5,0,0.34,0,2,12.5,12,30,0,0,62.5,37.5,-10.7,2.63,37.5,2.38,47.5,1,0.13,0.159,1.3,4,50,18,0,4.5,75,4,50,22,0,5.5,50,4,7.1,4,7.1,-3.1
2023,305,Joe Mixon,CIN,RB,1,5,ARZ,10.429447852760736,75.7,17,94.4,0,39,2.29,0,1.3,0,3,0,0,0,100,0,29.4,64.7,-16.3,0.65,41.2,1.65,71.8,1,0.06,-0.544,-9.3,13,76.5,31,0,2.38,30.8,4,23.5,8,0,2,25,5.2,14.6,5.2,14.59,-9.39
2023,306,Alexander Mattison,MIN,RB,1,7,SF,5.797101449275362,53.3,8,42.1,0,39,4.88,0,0.18,0,1,28.6,32,82.1,50,0,50,50,9.9,1.25,62.5,3.63,74.4,2,0.25,-0.117,-0.9,5,62.5,39,0,7.8,80,3,37.5,0,0,0,0,6.2,7.3,6.2,7.34,-1.14
2023,307,Elijah Mitchell,SF,RB,1,12,SEA,10.44776119402985,35,7,26.9,0,39,5.57,0,0.05,0,2,14.3,13,33.3,0,0,57.1,42.9,8.7,1.57,42.9,4,71.8,0,0,0.137,1,6,85.7,37,0,6.17,66.7,1,14.3,2,0,2,0,3.9,3.3,3.9,3.31,0.59
2023,308,Rhamondre Stevenson,NE,RB,1,13,LAC,8.108108108108109,35.3,9,39.1,0,39,4.33,0,0.01,1,3,0,0,0,0,0,55.6,33.3,-0.8,1.89,33.3,2.44,56.4,2,0.22,-0.251,-2.3,4,44.4,11,0,2.75,25,5,55.6,28,0,5.6,80,2.9,4,2.9,4.02,-1.12
2023,309,Javonte Williams,DEN,RB,1,17,LAC,7.526881720430108,63.9,14,66.7,0,39,2.79,0,0.3,0,4,15.4,28,71.8,100,0,35.7,64.3,-19.5,1.14,57.1,1.64,59,1,0.07,-0.411,-5.8,2,14.3,4,0,2,0,12,85.7,35,0,2.92,41.7,5.8,9.2,5.8,9.16,-3.36
2023,310,Brian Robinson,WAS,RB,1,17,SF,6.451612903225806,70,8,80,0,39,4.88,0,0.11,0,3,14.3,12,30.8,0,0,87.5,25,8.6,2.25,12.5,2.63,53.8,1,0.13,0.219,1.8,3,37.5,14,0,4.67,100,5,62.5,25,0,5,80,10.2,8.3,10.2,8.34,1.86
2023,311,Raheem Mostert,MIA,RB,1,3,DEN,3.79746835443038,42.3,6,33.3,0,38,6.33,1,0.81,0,2,20,15,39.5,50,16.7,83.3,16.7,10.4,4.17,0,2.17,34.2,2,0.33,0.418,2.5,5,83.3,35,0,7,80,1,16.7,3,1,3,100,9.8,7.6,9.8,7.62,2.18
2023,312,Alvin Kamara,NO,RB,1,8,IND,10.218978102189782,54.5,14,50,0,38,2.71,0,0.7,0,1,9.1,11,28.9,50,0,42.9,50,-16.6,1.21,42.9,1.5,55.3,0,0,-0.253,-3.5,3,21.4,3,0,1,0,11,78.6,35,0,3.18,54.5,18.9,18.3,18.9,18.26,0.64
2023,313,A.J. Dillon,GB,RB,1,7,DEN,7.913669064748201,60.5,11,61.1,0,38,3.45,0,0.06,0,1,9.1,15,39.5,0,0,27.3,54.5,-8.7,-0.09,72.7,3.55,102.6,4,0.36,-0.232,-2.5,4,36.4,13,0,3.25,50,7,63.6,25,0,3.57,14.3,9.2,8.3,9.2,8.26,0.94
2023,314,D'Andre Swift,PHI,RB,1,9,DAL,12.686567164179104,81.1,17,65.4,0,38,2.24,0,0.34,0,1,0,0,0,75,0,29.4,76.5,-25.8,0.47,58.8,1.76,78.9,2,0.12,-0.276,-4.7,8,47.1,24,0,3,37.5,9,52.9,14,0,1.56,22.2,5.9,10.5,5.9,10.46,-4.56
2023,315,Najee Harris,PIT,RB,1,9,TEN,3.8461538461538463,65.2,8,57.1,0,38,4.75,0,0.48,0,2,16.7,25,65.8,100,0,37.5,50,9.3,0,75,4.75,100,1,0.13,0.061,0.5,4,50,38,0,9.5,75,4,50,0,0,0,0,5.2,7.3,5.2,7.35,-2.15
2023,316,Kenneth Gainwell,PHI,RB,1,1,NE,16,70.6,8,88.9,0,38,4.75,0,0.02,0,4,12.5,16,42.1,0,0,50,50,1.3,2.5,37.5,2.25,47.4,2,0.25,0.196,1.6,3,37.5,16,0,5.33,100,5,62.5,22,0,4.4,20,5.6,5.5,5.6,5.46,0.14
2023,317,Michael Carter,ARZ,RB,1,17,PHI,31.25,22.9,5,20.8,0,38,7.6,0,0.08,0,2,50,34,89.5,25,0,40,60,21.8,5.8,20,1.8,23.7,1,0.2,0.293,1.5,3,60,4,0,1.33,0,2,40,34,0,17,100,11.4,5.2,11.4,5.16,6.24
2023,318,Travis Etienne,JAX,RB,1,14,CLV,6.417112299465241,87.5,12,92.3,0,38,3.17,1,0.91,0,2,10,16,42.1,100,8.3,41.7,58.3,-4.4,0.5,58.3,2.67,84.2,5,0.42,-0.112,-1.3,3,25,5,0,1.67,0,9,75,33,1,3.67,55.6,9.8,9.7,9.8,9.71,0.09
2023,319,Travis Etienne,JAX,RB,1,6,IND,5.88235294117647,76.7,11,73.3,0,38,3.45,2,0.68,0,3,10,22,57.9,100,18.2,54.5,54.5,-6.2,0.73,45.5,2.73,78.9,3,0.27,0.059,0.6,1,9.1,2,1,2,100,9,81.8,14,0,1.56,44.4,15.8,8.5,15.8,8.48,7.32
2023,320,Dameon Pierce,HST,RB,1,1,BLT,9.01639344262295,80.8,11,84.6,0,38,3.45,0,0.03,0,0,0,0,0,0,0,54.5,36.4,-10.3,0.55,54.5,2.91,84.2,3,0.27,-0.418,-4.6,8,72.7,28,0,3.5,50,3,27.3,10,0,3.33,66.7,3.8,5.1,3.8,5.05,-1.25
2023,321,Tyler Allgeier,ATL,RB,1,16,IND,5.095541401273886,32.4,8,30.8,0,38,4.75,0,0.24,0,2,12.5,11,28.9,0,0,62.5,25,2,3,37.5,1.75,36.8,2,0.25,-0.099,-0.8,7,87.5,34,0,4.86,71.4,1,12.5,4,0,4,0,6.7,6.5,6.7,6.49,0.21
2023,322,Kenneth Walker,SEA,RB,1,10,WAS,7.428571428571429,64.7,13,76.5,0,38,2.92,0,0.15,0,1,0,0,0,100,0,46.2,46.2,-14.1,1.31,30.8,1.62,55.3,1,0.08,-0.114,-1.5,7,53.8,23,0,3.29,42.9,6,46.2,15,0,2.5,50,3.8,6.2,3.8,6.15,-2.35
2023,323,Devin Singletary,HST,RB,1,6,NO,5.555555555555555,50,9,39.1,0,37,4.11,0,0.18,0,2,11.1,17,45.9,0,0,66.7,44.4,2.7,1.67,33.3,2.44,59.5,2,0.22,-0.011,-0.1,6,66.7,14,0,2.33,50,3,33.3,23,0,7.67,100,3.7,4.5,3.7,4.49,-0.79
2023,324,Tony Pollard,DAL,RB,1,10,NYG,6.741573033707865,59,12,57.1,0,37,3.08,0,0.17,0,2,10,15,40.5,66.7,0,33.3,66.7,-10.2,0.42,58.3,2.67,86.5,2,0.17,-0.257,-3.1,8,66.7,26,0,3.25,50,4,33.3,11,0,2.75,0,3.7,5.7,3.7,5.72,-2.02
2023,325,A.J. Dillon,GB,RB,1,14,NYG,7.913669064748201,65.1,11,57.9,0,37,3.36,0,0.05,0,1,0,0,0,0,0,54.5,45.5,-10.8,1.27,27.3,2.09,62.2,0,0,-0.108,-1.2,5,45.5,13,0,2.6,60,6,54.5,24,0,4,50,8.2,7.5,8.2,7.52,0.68
2023,326,Chuba Hubbard,CAR,RB,1,11,DAL,4.25531914893617,48.1,8,50,0,37,4.63,0,0.01,0,1,12.5,14,37.8,0,0,37.5,37.5,2.9,2.13,25,2.5,54.1,1,0.13,-0.173,-1.4,6,75,19,0,3.17,33.3,2,25,18,0,9,50,3.7,3.5,3.7,3.49,0.21
2023,327,Chuba Hubbard,CAR,RB,1,16,GB,6.914893617021277,81.5,13,68.4,0,37,2.85,1,0.25,0,5,9.1,13,35.1,100,7.7,38.5,53.8,-10.5,0.15,76.9,2.69,94.6,3,0.23,-0.334,-4.3,5,38.5,13,0,2.6,20,8,61.5,24,1,3,50,9.7,6.2,9.7,6.25,3.45
2023,328,Najee Harris,PIT,RB,1,5,BLT,6.730769230769231,71.4,14,63.6,0,37,2.64,0,0.01,0,2,0,0,0,0,0,35.7,64.3,-20.4,1.07,57.1,1.57,59.5,1,0.07,-0.333,-4.7,14,100,37,0,2.64,35.7,0,0,0,0,0,0,3.7,5.8,3.7,5.82,-2.12
2023,329,Kenneth Gainwell,PHI,RB,1,16,NYG,10,25,5,17.9,0,37,7.4,0,0.06,0,1,20,22,59.5,0,0,20,60,12.7,1,60,6.4,86.5,2,0.4,0.11,0.5,3,60,12,0,4,0,2,40,25,0,12.5,50,3.7,2.8,3.7,2.78,0.92
2023,330,Travis Etienne,JAX,RB,1,7,NO,4.81283422459893,80,9,75,0,37,4.11,2,1.06,0,4,25,28,75.7,100,22.2,55.6,44.4,-0.3,1.33,55.6,2.78,67.6,2,0.22,-0.321,-2.9,5,55.6,15,1,3,60,3,33.3,5,0,1.67,33.3,19.9,13.1,19.9,13.14,6.76
2023,331,Isiah Pacheco,KC,RB,1,3,CHI,6.779661016949152,42.9,8,47.1,0,37,4.63,1,1.89,0,4,20,18,48.6,66.7,12.5,75,25,4.5,2.75,50,1.88,40.5,3,0.38,0.249,2,3,37.5,14,0,4.67,100,5,62.5,23,1,4.6,60,9.7,14.6,9.7,14.61,-4.91
2023,332,Jaylen Warren,PIT,RB,1,5,BLT,6.862745098039216,37.1,7,31.8,0,37,5.29,0,0.14,0,2,33.3,26,70.3,100,0,42.9,42.9,5.7,0.86,28.6,4.43,83.8,4,0.57,0.004,0,4,57.1,13,0,3.25,25,2,28.6,14,0,7,50,7.3,7.3,7.3,7.25,0.05
2023,333,Brian Robinson,WAS,RB,1,10,SEA,5.64516129032258,70.8,7,63.6,0,37,5.29,0,0.01,0,2,28.6,27,73,0,0,42.9,57.1,5.2,0.14,57.1,5.14,97.3,7,1,-0.012,-0.1,4,57.1,29,0,7.25,50,3,42.9,8,0,2.67,33.3,16.7,11.2,16.7,11.16,5.54
2023,334,Brian Robinson,WAS,RB,1,12,DAL,8.064516129032258,60.5,10,52.6,0,37,3.7,0,0.01,0,2,20,25,67.6,0,0,30,70,-8,1.4,60,2.3,62.2,1,0.1,-0.43,-4.3,6,60,18,0,3,33.3,4,40,19,0,4.75,25,6.8,8.9,6.8,8.89,-2.09
2023,335,Tyjae Spears,TEN,RB,1,4,CIN,4.477611940298507,26.9,3,18.8,0,37,12.33,0,0.01,0,2,66.7,34,91.9,0,0,66.7,33.3,24.3,10,33.3,2.33,18.9,1,0.33,0.71,2.1,1,33.3,12,0,12,100,2,66.7,25,0,12.5,50,3.7,1.3,3.7,1.35,2.35
2023,336,Aaron Jones,GB,RB,1,15,TB,8.181818181818182,58.1,9,81.8,0,36,4,0,0.14,0,2,16.7,20,55.6,100,0,44.4,55.6,7.1,2.78,44.4,1.22,30.6,0,0,-0.253,-2.3,5,55.6,7,0,1.4,40,4,44.4,29,0,7.25,50,3.6,3.7,3.6,3.74,-0.14
2023,337,Austin Ekeler,LAC,RB,1,16,BUF,7.142857142857142,62.5,9,52.9,0,36,4,0,0.03,0,3,0,0,0,0,0,66.7,33.3,0.3,0.78,44.4,3.22,80.6,3,0.33,-0.019,-0.2,6,66.7,24,0,4,66.7,3,33.3,12,0,4,66.7,7.7,6.9,7.7,6.91,0.79
2023,338,Joe Mixon,CIN,RB,1,13,JAX,8.588957055214724,78.6,14,70,0,36,2.57,2,1.32,0,3,0,0,0,75,14.3,57.1,64.3,-13.4,1,42.9,1.57,61.1,2,0.14,0.057,0.8,7,50,23,2,3.29,85.7,7,50,13,0,1.86,28.6,21.4,15.8,21.4,15.84,5.56
2023,339,Alvin Kamara,NO,RB,1,14,CAR,5.839416058394161,40,8,44.4,0,36,4.5,0,0.23,0,0,0,0,0,0,0,62.5,37.5,3.7,2.75,37.5,1.75,38.9,0,0,0.01,0.1,7,87.5,29,0,4.14,57.1,1,12.5,7,0,7,100,3.6,4.6,3.6,4.62,-1.02
2023,340,D'Onta Foreman,CHI,RB,1,6,MIN,14.473684210526317,60.5,11,47.8,0,36,3.27,0,0.1,0,1,0,0,0,0,0,54.5,54.5,-11.5,1.09,36.4,2.18,66.7,4,0.36,-0.022,-0.2,4,36.4,11,0,2.75,25,7,63.6,25,0,3.57,71.4,4.8,6.9,4.8,6.89,-2.09
2023,341,Josh Jacobs,LV,RB,1,11,MIA,7.18232044198895,97,13,86.7,0,36,2.77,0,0.01,0,1,0,0,0,0,0,38.5,61.5,-19.1,0.31,53.8,2.46,88.9,0,0,-0.301,-3.9,12,92.3,35,0,2.92,41.7,1,7.7,1,0,1,0,5.8,7.2,5.8,7.17,-1.37
2023,342,Chuba Hubbard,CAR,RB,1,17,JAX,4.787234042553192,70.8,9,81.8,0,36,4,0,0.01,0,1,0,0,0,0,0,33.3,33.3,-4.8,0.22,44.4,3.78,94.4,2,0.22,-0.114,-1,5,55.6,15,0,3,20,4,44.4,21,0,5.25,50,5.2,5.8,5.2,5.77,-0.57
2023,343,Tyler Allgeier,ATL,RB,1,2,GB,7.006369426751593,39.6,11,35.5,0,36,3.27,0,0.21,0,2,9.1,10,27.8,0,0,45.5,45.5,-6.4,0.18,63.6,3.09,94.4,2,0.18,-0.221,-2.4,10,90.9,32,0,3.2,40,1,9.1,4,0,4,100,3.6,5.5,3.6,5.49,-1.89
2023,344,Bijan Robinson,ATL,RB,1,5,HST,8,52.1,12,41.4,0,36,3,0,0.03,1,2,8.3,13,36.1,0,0,33.3,66.7,-19.6,-0.25,58.3,3.25,108.3,6,0.5,-0.73,-8.8,9,75,30,0,3.33,44.4,3,25,6,0,2,0,2.6,5.8,2.6,5.76,-3.16
2023,345,Kendre Miller,NO,RB,1,5,NE,33.33333333333333,43.2,11,37.9,0,36,3.27,0,0.08,0,0,0,0,0,0,0,36.4,63.6,-12.9,0.27,36.4,3,91.7,2,0.18,-0.263,-2.9,9,81.8,33,0,3.67,44.4,2,18.2,3,0,1.5,0,9.1,8.8,9.1,8.79,0.31
2023,346,Raheem Mostert,MIA,RB,1,7,PHI,4.430379746835443,73.7,7,70,0,35,5,0,0.04,0,3,33.3,36,102.9,0,0,42.9,57.1,5.7,0.29,57.1,4.71,94.3,4,0.57,-0.035,-0.2,5,71.4,35,0,7,40,2,28.6,0,0,0,50,3.5,3.2,3.5,3.17,0.33
2023,347,Derrick Henry,TEN,RB,1,11,JAX,3.3057851239669422,74.1,8,66.7,0,35,4.38,0,0.02,0,2,12.5,16,45.7,0,0,37.5,50,2.8,1.75,50,2.63,60,1,0.13,0.186,1.5,3,37.5,2,0,0.67,0,5,62.5,33,0,6.6,60,5.1,4.9,5.1,4.85,0.25
2023,348,Joe Mixon,CIN,RB,1,15,MIN,4.9079754601226995,73.8,8,53.3,0,35,4.38,1,0.91,0,2,20,10,28.6,66.7,12.5,87.5,25,9.6,2.5,37.5,1.88,42.9,1,0.13,0.4,3.2,5,62.5,17,1,3.4,80,3,37.5,18,0,6,100,12.5,10.4,12.5,10.43,2.07
2023,349,Alexander Mattison,MIN,RB,1,6,CHI,10.869565217391305,85.7,15,83.3,0,35,2.33,0,0.15,0,1,0,0,0,0,0,33.3,66.7,-29.7,0.73,46.7,1.6,68.6,4,0.27,-0.354,-5.3,12,80,35,0,2.92,41.7,3,20,0,0,0,0,5.2,10.8,5.2,10.84,-5.64
2023,350,Chuba Hubbard,CAR,RB,1,4,MIN,6.382978723404255,58,12,48,0,35,2.92,0,0.18,0,3,0,0,0,0,0,50,50,-12.3,0.08,41.7,2.83,97.1,3,0.25,0.048,0.6,9,75,20,0,2.22,33.3,3,25,15,0,5,100,6.7,9,6.7,8.95,-2.25
2023,351,Khalil Herbert,CHI,RB,1,11,DET,15.09433962264151,46.6,16,40,0,35,2.19,0,0.12,0,2,0,0,0,0,0,31.3,56.3,-32,0.19,50,2,91.4,3,0.19,-0.311,-5,11,68.8,30,0,2.73,36.4,5,31.3,5,0,1,20,4.6,9,4.6,9.03,-4.43
2023,352,Isaiah Spiller,LAC,RB,1,15,LV,45.45454545454545,37.1,10,55.6,0,35,3.5,0,0.08,0,1,0,0,0,0,0,50,40,-5.2,1.5,40,2,57.1,0,0,-0.151,-1.5,6,60,13,0,2.17,33.3,4,40,22,0,5.5,75,3.5,4.5,3.5,4.48,-0.98
2023,353,Roschon Johnson,CHI,RB,1,12,MIN,15.873015873015872,79.2,10,55.6,0,35,3.5,0,0.08,0,1,0,0,0,0,0,40,40,-10.3,0.2,50,3.3,94.3,4,0.4,-0.138,-1.4,6,60,24,0,4,66.7,4,40,11,0,2.75,0,10.4,12.4,10.4,12.35,-1.95
2023,354,Derrick Henry,TEN,RB,1,6,BLT,4.545454545454546,79.2,11,84.6,0,34,3.09,1,0.06,0,2,9.1,15,44.1,0,9.1,36.4,63.6,-14.3,0.82,63.6,2.27,73.5,5,0.45,-0.135,-1.5,5,45.5,7,0,1.4,20,6,54.5,27,1,4.5,50,11.3,6.7,11.3,6.75,4.55
2023,355,Christian McCaffrey,SF,RB,1,8,CIN,4.385964912280701,94.6,10,66.7,0,34,3.4,1,0.87,0,3,0,0,0,100,10,60,30,-3.4,0.3,60,3.1,91.2,3,0.3,-0.045,-0.4,7,70,25,0,3.57,57.1,3,30,9,1,3,66.7,24,21.8,24,21.81,2.19
2023,356,Austin Ekeler,LAC,RB,1,7,KC,7.936507936507936,60,10,58.8,0,34,3.4,0,0.04,0,0,0,0,0,0,0,30,50,-8.8,1.2,10,2.2,64.7,0,0,-0.2,-2,7,70,28,0,4,42.9,3,30,6,0,2,0,3.4,4.5,3.4,4.52,-1.12
2023,357,Joe Mixon,CIN,RB,1,16,PIT,5.521472392638037,71.4,9,75,0,34,3.78,0,0.08,0,3,25,24,70.6,100,0,44.4,55.6,1.8,1.67,33.3,2.11,55.9,3,0.33,-0.491,-4.4,3,33.3,6,0,2,33.3,6,66.7,28,0,4.67,50,3.4,3.7,3.4,3.67,-0.27
2023,358,Kareem Hunt,CLV,RB,1,6,SF,8.88888888888889,45.5,8,36.4,0,34,4.25,1,0.13,0,3,12.5,16,47.1,0,12.5,50,50,2.9,2.5,37.5,1.75,41.2,0,0,0.109,0.9,2,25,16,1,8,50,6,75,18,0,3,50,14.8,8.5,14.8,8.54,6.26
2023,359,Devin Singletary,HST,RB,1,3,JAX,4.938271604938271,31,8,33.3,0,34,4.25,0,0.2,0,1,14.3,14,41.2,0,0,37.5,50,0.8,0.88,50,3.38,79.4,3,0.38,-0.081,-0.7,2,25,5,0,2.5,50,6,75,29,0,4.83,33.3,4.1,6.2,4.1,6.21,-2.11
2023,360,Josh Jacobs,LV,RB,1,3,PIT,6.077348066298343,100,11,91.7,0,34,3.09,0,0.22,0,1,0,0,0,100,0,54.5,45.5,-8.9,0.36,45.5,2.73,88.2,1,0.09,-0.186,-2,4,36.4,8,0,2,50,7,63.6,26,0,3.71,57.1,3.4,5.6,3.4,5.65,-2.25
2023,361,Jonathan Taylor,IND,RB,1,8,NO,7.43801652892562,58.3,9,50,0,34,3.78,0,0.03,0,1,12.5,13,38.2,50,0,33.3,66.7,-3.6,1.78,44.4,2,52.9,1,0.11,-0.103,-0.9,5,55.6,13,0,2.6,20,4,44.4,21,0,5.25,50,3.4,3.9,3.4,3.92,-0.52
2023,362,Ty Chandler,MIN,RB,1,11,DEN,9.090909090909092,36.4,7,33.3,0,34,4.86,0,0.06,0,2,0,0,0,0,0,71.4,28.6,2.1,2.14,28.6,2.71,55.9,3,0.43,0.042,0.3,2,28.6,2,0,1,0,5,71.4,32,0,6.4,100,6.5,6.8,6.5,6.82,-0.32
2023,363,Keaton Mitchell,BLT,RB,1,10,CLV,8.571428571428571,25,3,16.7,0,34,11.33,1,0.29,0,1,33.3,39,114.7,0,33.3,33.3,66.7,12.8,9,66.7,2.33,20.6,3,1,0.567,1.7,0,0,0,0,0,0,2,66.7,41,1,20.5,50,13.6,8.1,13.6,8.09,5.51
2023,364,Ezekiel Elliott,NE,RB,1,3,NYJ,6.153846153846154,32.4,8,32,0,33,4.13,0,0.03,0,2,12.5,12,36.4,0,0,37.5,50,-4.2,1.5,50,2.63,63.6,0,0,-0.028,-0.2,3,37.5,8,0,2.67,33.3,5,62.5,25,0,5,40,5,5.5,5,5.47,-0.47
2023,365,Alvin Kamara,NO,RB,1,7,JAX,9.48905109489051,63.4,13,56.5,0,33,2.54,0,0.66,0,1,11.1,17,51.5,75,0,23.1,76.9,-7.3,1.08,61.5,1.46,57.6,2,0.15,-0.065,-0.8,7,53.8,14,0,2,28.6,5,38.5,19,0,3.8,20,7.7,13.1,7.7,13.08,-5.38
2023,366,Gus Edwards,BLT,RB,1,6,TEN,7.784431137724551,65,13,50,0,33,2.54,0,0.98,0,2,0,0,0,50,0,53.8,69.2,-17,0.62,46.2,1.92,75.8,0,0,-0.192,-2.5,4,30.8,10,0,2.5,50,9,69.2,23,0,2.56,55.6,3.3,10.9,3.3,10.88,-7.58
2023,367,Chase Edmonds,TB,RB,1,18,CAR,10.344827586206897,19.4,3,15,0,33,11,0,0.02,0,1,33.3,21,63.6,0,0,100,0,17.8,7,0,4,36.4,0,0,0.844,2.5,2,66.7,29,0,14.5,100,1,33.3,4,0,4,100,4,3.2,4,3.19,0.81
2023,368,Justice Hill,BLT,RB,1,9,SEA,18.64406779661017,57.4,11,36.7,0,33,3,0,0.72,0,2,0,0,0,0,0,36.4,54.5,-17.9,0.55,36.4,2.45,81.8,3,0.27,-0.204,-2.2,7,63.6,19,0,2.71,42.9,4,36.4,14,0,3.5,25,3.3,9.4,3.3,9.4,-6.1
2023,369,David Montgomery,DET,RB,1,11,CHI,3.7267080745341614,40,6,50,0,33,5.5,1,0.85,0,3,25,20,60.6,50,16.7,66.7,16.7,12.2,1.5,16.7,4,72.7,1,0.17,0.244,1.5,4,66.7,12,1,3,75,2,33.3,21,0,10.5,50,9.3,7.2,9.3,7.2,2.1
2023,370,David Montgomery,DET,RB,1,13,NO,8.695652173913043,64.5,14,66.7,0,33,2.36,1,1.16,0,3,0,0,0,100,7.1,28.6,50,-28.4,0.29,42.9,2.07,87.9,2,0.14,-0.353,-4.9,6,42.9,16,0,2.67,33.3,8,57.1,17,1,2.13,25,10.2,14.8,10.2,14.79,-4.59
2023,371,Javonte Williams,DEN,RB,1,1,LV,4.301075268817205,64.3,8,72.7,0,33,4.13,0,0.06,0,2,14.3,11,33.3,100,0,50,50,-0.1,1.13,25,3,72.7,3,0.38,-0.07,-0.6,3,37.5,17,0,5.67,66.7,5,62.5,16,0,3.2,40,7.8,11.7,7.8,11.71,-3.91
2023,372,Javonte Williams,DEN,RB,1,11,MIN,4.838709677419355,62.1,9,90,0,33,3.67,0,0.09,0,1,12.5,15,45.5,0,0,33.3,66.7,-3.8,0.56,44.4,3.11,84.8,1,0.11,-0.197,-1.8,5,55.6,16,0,3.2,40,4,44.4,17,0,4.25,25,4.6,5.9,4.6,5.87,-1.27
2023,373,Jaylen Warren,PIT,RB,1,18,BLT,7.8431372549019605,36.4,8,23.5,0,33,4.13,0,0.14,1,1,14.3,23,69.7,50,0,50,50,2.7,1.63,62.5,2.5,60.6,1,0.13,-0.259,-2.1,5,62.5,10,0,2,40,1,12.5,5,0,5,100,4.7,7.1,4.7,7.11,-2.41
2023,374,James Cook,BUF,RB,1,8,TB,6.293706293706294,66.7,9,69.2,0,33,3.67,0,0.07,0,2,0,0,0,0,0,77.8,22.2,-4.4,1.33,44.4,2.33,63.6,0,0,-0.012,-0.1,5,55.6,18,0,3.6,80,4,44.4,15,0,3.75,75,3.3,4.1,3.3,4.14,-0.84
2023,375,Brian Robinson,WAS,RB,1,1,ARZ,9.67741935483871,69.2,12,80,0,33,2.75,0,0.1,0,2,0,0,0,0,0,25,58.3,-16,1.42,33.3,1.33,48.5,3,0.25,-0.268,-3.2,3,25,8,0,2.67,33.3,9,75,25,0,2.78,22.2,3.3,5.5,3.3,5.47,-2.17
2023,376,Breece Hall,NYJ,RB,1,6,PHI,6.077348066298343,83.3,11,73.3,0,33,3,1,0.17,0,2,0,0,0,0,9.1,36.4,63.6,-10.8,1.09,45.5,1.91,63.6,3,0.27,-0.038,-0.4,7,63.6,16,0,2.29,28.6,4,36.4,17,1,4.25,50,15.3,8.8,15.3,8.8,6.5
2023,377,Zach Charbonnet,SEA,RB,1,12,SF,12.857142857142856,100,9,81.8,0,33,3.67,0,0.06,0,4,12.5,10,30.3,0,0,44.4,44.4,1.9,-0.11,55.6,3.78,103,0,0,0,0,8,88.9,32,0,4,50,1,11.1,1,0,1,0,4.9,4.9,4.9,4.9,0
2023,378,Latavius Murray,BUF,RB,1,4,MIA,7.017543859649122,21.4,4,25,0,32,8,0,0,0,2,25,29,90.6,0,0,50,50,16,2,25,6,75,2,0.5,0.22,0.9,3,75,3,0,1,33.3,1,25,29,0,29,100,3.2,1.6,3.2,1.62,1.58
2023,379,Derrick Henry,TEN,RB,1,17,HST,3.71900826446281,60,9,56.3,0,32,3.56,0,0.15,0,2,14.3,16,50,100,0,33.3,66.7,-0.1,0,55.6,3.56,100,4,0.44,-0.213,-1.9,6,66.7,29,0,4.83,50,3,33.3,3,0,1,0,3.2,5.7,3.2,5.75,-2.55
2023,380,Austin Ekeler,LAC,RB,1,14,DEN,5.555555555555555,58.6,7,53.8,0,32,4.57,1,0.3,0,2,0,0,0,100,14.3,71.4,28.6,2.9,2.43,14.3,2.14,46.9,0,0,0.225,1.6,6,85.7,34,1,5.67,83.3,1,14.3,-2,0,-2,0,9.2,7.3,9.2,7.27,1.93
2023,381,Kareem Hunt,CLV,RB,1,13,LA,8.88888888888889,28.1,8,50,0,32,4,0,0.01,0,2,0,0,0,0,0,62.5,25,1.4,1.38,37.5,2.63,65.6,0,0,-0.013,-0.1,3,37.5,8,0,2.67,33.3,5,62.5,24,0,4.8,80,4.2,4.6,4.2,4.64,-0.44
2023,382,Jamaal Williams,NO,RB,1,14,CAR,10.638297872340425,60,10,55.6,0,32,3.2,0,0.06,0,2,10,12,37.5,0,0,50,50,-9.8,1.1,50,2.1,65.6,0,0,-0.282,-2.8,3,30,9,0,3,66.7,7,70,23,0,3.29,42.9,3.2,4.5,3.2,4.53,-1.33
2023,383,David Montgomery,DET,RB,1,18,MIN,5.590062111801243,51.2,9,45,0,32,3.56,1,0.87,0,3,0,0,0,66.7,11.1,66.7,33.3,-1.9,1.22,44.4,2.33,65.6,0,0,-0.012,-0.1,8,88.9,28,1,3.5,75,1,11.1,4,0,4,0,9.2,8.6,9.2,8.6,0.6
2023,384,Javonte Williams,DEN,RB,1,18,LV,4.838709677419355,53.8,9,52.9,0,32,3.56,1,0.33,0,4,12.5,11,34.4,33.3,11.1,66.7,33.3,-4.7,1.11,33.3,2.44,68.8,0,0,0.317,2.9,5,55.6,19,0,3.8,80,4,44.4,13,1,3.25,50,16.8,15.2,16.8,15.22,1.58
2023,385,Isiah Pacheco,KC,RB,1,5,MIN,10.16949152542373,73.3,12,85.7,0,32,2.67,1,1.1,0,3,10,11,34.4,100,8.3,33.3,50,-12.5,0.5,50,2.17,81.3,3,0.25,-0.282,-3.4,6,50,14,0,2.33,33.3,6,50,18,1,3,33.3,9.2,11,9.2,11.05,-1.85
2023,386,Jaylen Warren,PIT,RB,1,12,CIN,9.803921568627452,42.9,10,43.5,0,32,3.2,0,0.13,1,1,0,0,0,0,0,40,40,-8,1.4,40,1.8,56.3,2,0.2,-0.83,-8.3,7,70,19,0,2.71,28.6,3,30,13,0,4.33,66.7,6.5,9.4,6.5,9.4,-2.9
2023,387,Rachaad White,TB,RB,1,14,ATL,5.063291139240507,84.6,8,88.9,0,32,4,0,0.02,0,3,28.6,22,68.8,0,0,62.5,37.5,1.9,1.88,50,2.13,53.1,2,0.25,-0.101,-0.8,4,50,21,0,5.25,75,4,50,11,0,2.75,50,3.2,3.1,3.2,3.11,0.09
2023,388,Rachaad White,TB,RB,1,17,NO,5.063291139240507,78.6,8,80,0,32,4,0,0.01,1,0,12.5,16,50,0,0,25,62.5,-3.3,1.25,25,2.75,68.8,2,0.25,-1.202,-9.6,6,75,30,0,5,33.3,2,25,2,0,1,0,3.9,5.2,3.9,5.18,-1.28
2023,389,Tank Bigsby,JAX,RB,1,17,CAR,23.809523809523807,50,10,47.6,0,32,3.2,0,0.56,0,2,10,12,37.5,0,0,40,30,-12.8,-0.5,40,3.7,115.6,4,0.4,-0.212,-2.1,3,30,7,0,2.33,66.7,6,60,22,0,3.67,16.7,3.2,7.8,3.2,7.81,-4.61
2023,390,Jaleel McLaughlin,DEN,RB,1,4,CHI,10.416666666666668,30.4,5,41.7,0,32,6.4,0,0.02,0,2,40,26,81.3,0,0,60,40,11.1,0,60,6.4,100,4,0.8,0.132,0.7,3,60,19,0,6.33,66.7,2,40,13,0,6.5,50,3.2,2.2,3.2,2.18,1.02
2023,391,Roschon Johnson,CHI,RB,1,2,TB,4.761904761904762,39.1,3,27.3,0,32,10.67,0,0,0,1,33.3,29,90.6,0,0,33.3,66.7,18.9,2.67,33.3,8,75,0,0,0.258,0.8,1,33.3,29,0,29,100,2,66.7,3,0,1.5,0,3.2,1.3,3.2,1.32,1.88
2023,392,Devon Achane,MIA,RB,1,15,NYJ,13.23529411764706,35.3,9,37.5,0,32,3.56,0,0.16,0,1,11.1,10,31.3,0,0,33.3,44.4,-10.5,1.11,44.4,2.44,68.8,0,0,0.137,1.2,2,22.2,13,0,6.5,0,6,66.7,21,0,3.5,50,3.2,5.2,3.2,5.21,-2.01
2023,393,Zach Charbonnet,SEA,RB,1,11,LA,17.142857142857142,80.8,12,75,0,32,2.67,0,0.5,0,2,0,0,0,100,0,50,41.7,-14.4,1,25,1.67,62.5,0,0,-0.076,-0.9,7,58.3,10,0,1.43,42.9,5,41.7,22,0,4.4,60,5,9.2,5,9.23,-4.23
2023,394,Samaje Perine,DEN,RB,1,15,DET,14.705882352941178,23.7,5,21.7,0,31,6.2,0,0.14,0,2,25,12,38.7,0,0,80,40,15.5,1.2,40,5,80.6,1,0.2,0.226,1.1,3,60,17,0,5.67,66.7,2,40,14,0,7,100,3.1,2.4,3.1,2.42,0.68
2023,395,Alvin Kamara,NO,RB,1,12,ATL,6.569343065693431,58.8,9,45,0,31,3.44,0,0.02,0,1,0,0,0,0,0,44.4,33.3,-8.1,1.89,22.2,1.56,45.2,0,0,-0.018,-0.2,5,55.6,10,0,2,20,4,44.4,21,0,5.25,75,10.3,9.3,10.3,9.26,1.04
2023,396,Alvin Kamara,NO,RB,1,4,TB,5.839416058394161,74.1,8,57.1,0,31,3.88,0,0.01,0,1,0,0,0,0,0,50,37.5,-3.8,1.63,25,2.25,58.1,1,0.13,-0.327,-2.6,8,100,31,0,3.88,50,0,0,0,0,0,0,6.6,9.7,6.6,9.71,-3.11
2023,397,Jamaal Williams,NO,RB,1,1,TEN,12.76595744680851,93.3,12,75,0,31,2.58,0,0.05,0,2,8.3,11,35.5,0,0,33.3,66.7,-15.1,0.25,66.7,2.33,90.3,2,0.17,-0.382,-4.6,4,33.3,16,0,4,25,8,66.7,15,0,1.88,37.5,5.8,8.2,5.8,8.17,-2.37
2023,398,Gus Edwards,BLT,RB,1,16,SF,5.389221556886228,53.5,9,47.4,0,31,3.44,1,1,0,2,16.7,13,41.9,75,11.1,55.6,55.6,-0.4,0.89,44.4,2.56,74.2,1,0.11,0.061,0.5,2,22.2,17,0,8.5,100,7,77.8,14,1,2,42.9,14,11.2,14,11.24,2.76
2023,399,Josh Jacobs,LV,RB,1,1,DEN,8.287292817679557,87.9,15,83.3,0,31,2.07,0,0.34,0,1,0,0,0,75,0,40,73.3,-23.5,0.13,46.7,1.93,93.5,7,0.47,-0.304,-4.6,3,20,8,0,2.67,33.3,12,80,23,0,1.92,41.7,7.4,10.7,7.4,10.71,-3.31
2023,400,Tony Jones,NO,RB,1,3,GB,38.095238095238095,41.4,8,40,0,31,3.88,0,0.09,0,2,14.3,19,61.3,0,0,50,50,-4.5,2.63,37.5,1.25,32.3,0,0,0.021,0.2,7,87.5,12,0,1.71,42.9,1,12.5,19,0,19,100,6.2,7.3,6.2,7.35,-1.15
2023,401,Jonathan Taylor,IND,RB,1,9,CAR,11.570247933884298,68.6,14,70,0,31,2.21,0,0.26,0,3,7.7,13,41.9,50,0,28.6,71.4,-24.8,0.14,71.4,2.07,93.5,1,0.07,-0.372,-5.2,12,85.7,32,0,2.67,33.3,2,14.3,-1,0,-0.5,0,13.9,15.7,13.9,15.75,-1.85
2023,402,Chuba Hubbard,CAR,RB,1,1,ATL,3.1914893617021276,46.2,6,60,0,31,5.17,0,0.01,0,4,33.3,23,74.2,0,0,66.7,33.3,5.3,2.67,50,2.5,48.4,1,0.17,-0.495,-3,1,16.7,12,0,12,100,5,83.3,19,0,3.8,60,3.1,2.7,3.1,2.66,0.44
2023,403,Chuba Hubbard,CAR,RB,1,6,MIA,3.723404255319149,75,7,70,0,31,4.43,1,0.91,0,3,0,0,0,0,14.3,100,0,-1.4,2,14.3,2.43,54.8,0,0,0.381,2.7,5,71.4,23,0,4.6,100,2,28.6,8,1,4,100,9.1,8.7,9.1,8.69,0.41
2023,404,Najee Harris,PIT,RB,1,7,LA,5.288461538461538,62.9,11,55,0,31,2.82,1,0.9,0,1,0,0,0,50,9.1,54.5,45.5,-16.7,1,45.5,1.82,64.5,3,0.27,-0.146,-1.6,5,45.5,19,0,3.8,60,6,54.5,12,1,2,50,10.5,11.9,10.5,11.9,-1.4
2023,405,Isiah Pacheco,KC,RB,1,9,MIA,6.779661016949152,62.5,8,80,0,31,3.88,0,0.01,0,1,0,0,0,0,0,50,50,-5,1.5,50,2.38,61.3,0,0,0.01,0.1,7,87.5,26,0,3.71,42.9,1,12.5,5,0,5,100,3.1,4.3,3.1,4.28,-1.18
2023,406,Rachaad White,TB,RB,1,2,CHI,5.063291139240507,62.1,8,50,0,31,3.88,1,0.57,0,1,0,0,0,100,12.5,62.5,37.5,-2.6,0.63,37.5,3.25,83.9,4,0.5,0.239,1.9,5,62.5,19,1,3.8,60,3,37.5,12,0,4,66.7,12.1,11.2,12.1,11.18,0.92
2023,407,Dameon Pierce,HST,RB,1,3,JAX,11.475409836065573,64.3,14,58.3,0,31,2.21,1,1.11,0,2,8.3,10,32.3,50,7.1,42.9,64.3,-24.3,0.14,71.4,2.07,93.5,6,0.43,-0.187,-2.6,8,57.1,8,1,1,37.5,6,42.9,23,0,3.83,50,13.2,15.6,13.2,15.59,-2.39
2023,408,Breece Hall,NYJ,RB,1,9,LAC,6.077348066298343,74.1,11,84.6,0,31,2.82,0,0.05,0,1,0,0,0,0,0,36.4,45.5,-17.6,0.73,45.5,2.09,74.2,6,0.55,-0.099,-1.1,7,63.6,20,0,2.86,42.9,4,36.4,11,0,2.75,25,4.1,6.6,4.1,6.64,-2.54
2023,409,Emari Demercado,ARZ,RB,1,7,SEA,26.666666666666668,89.3,8,57.1,0,31,3.88,0,0.01,0,1,12.5,18,58.1,0,0,25,50,-5.9,2,62.5,1.88,48.4,1,0.13,-0.206,-1.6,2,25,1,0,0.5,0,6,75,30,0,5,33.3,7,8.5,7,8.49,-1.49
2023,410,Tyjae Spears,TEN,RB,1,5,IND,8.955223880597014,33.3,6,31.6,0,31,5.17,1,0.22,0,2,16.7,19,61.3,0,16.7,66.7,33.3,6.4,3.17,33.3,2,38.7,1,0.17,0.242,1.5,2,33.3,3,0,1.5,50,2,33.3,6,0,3,50,9.1,3.8,9.1,3.76,5.34
2023,411,Zach Charbonnet,SEA,RB,1,4,NYG,7.142857142857142,33.3,5,26.3,0,31,6.2,0,0.05,0,1,20,15,48.4,0,0,40,20,9.3,3,40,3.2,51.6,3,0.6,0.124,0.6,4,80,28,0,7,50,1,20,3,0,3,0,5,4.6,5,4.63,0.37
2023,412,Latavius Murray,BUF,RB,1,12,PHI,12.280701754385964,50,7,35,0,30,4.29,0,0.01,0,2,14.3,13,43.3,0,0,57.1,42.9,0.7,1.43,28.6,2.86,66.7,1,0.14,-0.051,-0.4,2,28.6,7,0,3.5,50,5,71.4,23,0,4.6,60,3,3,3,2.99,0.01
2023,413,Jamaal Williams,NO,RB,1,8,IND,6.382978723404255,25,6,21.4,0,30,5,0,0.01,0,2,16.7,10,33.3,0,0,83.3,16.7,4.7,1,16.7,4,80,1,0.17,0.109,0.7,2,33.3,10,0,5,100,4,66.7,20,0,5,75,3,2.6,3,2.6,0.4
2023,414,Nick Chubb,CLV,RB,1,2,PIT,41.17647058823529,33.3,7,33.3,0,30,4.29,0,0.01,0,0,0,0,0,0,0,42.9,57.1,0.5,-0.43,71.4,4.71,110,4,0.57,-0.134,-0.9,3,42.9,11,0,3.67,33.3,4,57.1,19,0,4.75,50,3,3,3,3.01,-0.01
2023,415,Royce Freeman,LA,RB,1,8,DAL,8.47457627118644,45.2,5,29.4,0,30,6,1,0.44,0,3,25,10,33.3,100,20,100,0,13,0.8,40,5.2,86.7,4,0.8,0.935,4.7,3,60,14,1,4.67,100,2,40,16,0,8,100,9,4.3,9,4.32,4.68
2023,416,Saquon Barkley,NYG,RB,1,16,PHI,4.761904761904762,88.2,8,100,0,30,3.75,0,0.01,0,3,25,22,73.3,0,0,50,37.5,-3,1.63,37.5,2.13,56.7,1,0.13,-0.189,-1.5,3,37.5,21,0,7,66.7,5,62.5,9,0,1.8,40,3,5.1,3,5.13,-2.13
2023,417,Alexander Mattison,MIN,RB,1,8,GB,10.869565217391305,70.2,15,57.7,0,30,2,0,0.07,0,2,6.7,10,33.3,0,0,26.7,80,-35.1,-0.13,60,2.13,106.7,4,0.27,-0.318,-4.8,7,46.7,16,0,2.29,28.6,8,53.3,14,0,1.75,25,3,7,3,6.96,-3.96
2023,418,Miles Sanders,CAR,RB,1,2,NO,8.98876404494382,68.2,8,80,0,30,3.75,0,0.03,0,2,12.5,13,43.3,0,0,50,50,-1.6,2.25,50,1.5,40,1,0.13,-0.067,-0.5,3,37.5,6,0,2,33.3,5,62.5,24,0,4.8,60,5.7,6.3,5.7,6.35,-0.65
2023,419,Patrick Taylor,GB,RB,1,17,MIN,32,23.7,8,23.5,0,30,3.75,0,0.26,0,1,12.5,10,33.3,0,0,50,37.5,-5.9,1.38,37.5,2.38,63.3,1,0.13,-0.098,-0.8,4,50,15,0,3.75,50,4,50,15,0,3.75,50,3,5.2,3,5.15,-2.15
2023,420,Zack Moss,IND,RB,1,2,HST,6.6115702479338845,100,8,88.9,0,30,3.75,0,0.03,0,3,12.5,10,33.3,0,0,37.5,50,-8.1,0.5,62.5,3.25,86.7,3,0.38,-0.138,-1.1,6,75,17,0,2.83,33.3,2,25,13,0,6.5,50,3,4,3,3.98,-0.98
2023,421,Rhamondre Stevenson,NE,RB,1,4,DAL,12.612612612612612,76.5,14,70,0,30,2.14,0,0.04,0,1,0,0,0,0,0,35.7,57.1,-25.4,0.43,42.9,1.71,80,2,0.14,-0.318,-4.4,7,50,22,0,3.14,42.9,6,42.9,5,0,0.83,16.7,6,9,6,9.02,-3.02
2023,422,Javonte Williams,DEN,RB,1,13,HST,6.451612903225806,80,12,60,0,30,2.5,0,0.03,0,2,0,0,0,0,0,50,41.7,-18.1,0.92,41.7,1.58,63.3,2,0.17,-0.171,-2.1,8,66.7,22,0,2.75,50,4,33.3,8,0,2,50,4.5,6.7,4.5,6.67,-2.17
2023,423,Jerome Ford,CLV,RB,1,11,PIT,8.088235294117647,50,11,47.8,0,30,2.73,1,1.01,0,2,12.5,13,43.3,100,9.1,45.5,45.5,-10.5,0.36,54.5,2.36,86.7,3,0.27,0.022,0.2,4,36.4,13,0,3.25,75,6,54.5,15,1,2.5,33.3,10.5,15,10.5,14.97,-4.47
2023,424,Roschon Johnson,CHI,RB,1,11,DET,9.523809523809524,31,6,15,0,30,5,0,0.12,0,3,16.7,14,46.7,0,0,50,33.3,3,2.33,33.3,2.67,53.3,1,0.17,0.353,2.1,6,100,30,0,5,50,0,0,0,0,0,0,3,3.5,3,3.45,-0.45
2023,425,James Conner,ARZ,RB,1,15,SF,6.8493150684931505,83.3,10,76.9,0,29,2.9,1,0.99,0,4,0,0,0,100,10,70,40,-6.8,0.4,60,2.5,86.2,2,0.2,0.066,0.7,5,50,11,1,2.2,60,5,50,18,0,3.6,80,10.3,11.1,10.3,11.08,-0.78
2023,426,Tony Pollard,DAL,RB,1,11,CAR,3.932584269662921,50,7,46.7,0,29,4.14,1,0.1,0,2,14.3,21,72.4,0,14.3,57.1,42.9,-1.6,0.57,28.6,3.57,86.2,4,0.57,0.122,0.9,6,85.7,26,1,4.33,50,1,14.3,3,0,3,100,11.1,5.4,11.1,5.37,5.73
2023,427,Darrell Henderson,LA,RB,1,8,DAL,27.77777777777778,54.8,10,58.8,0,29,2.9,0,0.08,0,1,0,0,0,0,0,40,60,-9.9,0.4,50,2.5,86.2,2,0.2,-0.223,-2.2,5,50,12,0,2.4,20,5,50,17,0,3.4,60,9.3,7.4,9.3,7.39,1.91
2023,428,David Montgomery,DET,RB,1,2,SEA,4.968944099378882,57.9,8,57.1,0,29,3.63,0,0.09,1,1,14.3,15,51.7,0,0,62.5,37.5,-6.4,0.13,62.5,3.5,96.6,3,0.38,-0.771,-6.2,1,12.5,5,0,5,100,7,87.5,24,0,3.43,57.1,1.9,4.1,1.9,4.09,-2.19
2023,429,Zack Moss,IND,RB,1,12,TB,4.132231404958678,32.6,5,25,0,29,5.8,0,0.03,0,1,20,13,44.8,0,0,60,40,7.1,2,20,3.8,65.5,2,0.4,0.023,0.1,4,80,27,0,6.75,75,1,20,2,0,2,0,2.9,2.4,2.9,2.39,0.51
2023,430,Antonio Gibson,WAS,RB,1,13,MIA,20.588235294117645,45.5,7,46.7,0,29,4.14,0,0.03,0,1,0,0,0,0,0,42.9,57.1,2,0.43,57.1,3.71,89.7,4,0.57,-0.184,-1.3,5,71.4,26,0,5.2,60,2,28.6,3,0,1.5,0,2.9,2.9,2.9,2.9,0
2023,431,Clyde Edwards-Helaire,KC,RB,1,3,CHI,24.324324324324326,42.9,9,52.9,0,29,3.22,1,1,0,2,12.5,16,55.2,33.3,11.1,22.2,77.8,-9.2,0.78,44.4,2.44,75.9,2,0.22,-0.124,-1.1,5,55.6,9,0,1.8,0,4,44.4,20,1,5,50,10.1,11.4,10.1,11.35,-1.25
2023,432,Isiah Pacheco,KC,RB,1,6,DEN,5.084745762711865,65.2,6,66.7,0,29,4.83,0,0.04,0,2,0,0,0,0,0,83.3,16.7,2,2.67,0,2.17,44.8,0,0,0.043,0.3,5,83.3,25,0,5,80,1,16.7,4,0,4,100,2.9,2.9,2.9,2.94,-0.04
2023,433,Tyler Allgeier,ATL,RB,1,14,TB,4.45859872611465,33.3,7,43.8,0,29,4.14,0,0.1,0,2,0,0,0,0,0,57.1,42.9,-3.2,1.14,57.1,3,72.4,0,0,-0.054,-0.4,6,85.7,25,0,4.17,50,1,14.3,4,0,4,100,2.9,3.8,2.9,3.82,-0.92
2023,434,Jerome Ford,CLV,RB,1,9,ARZ,12.5,54.8,17,54.8,0,29,1.71,0,0.57,0,1,0,0,0,0,0,23.5,64.7,-56.4,0.24,58.8,1.47,86.2,3,0.18,-0.491,-8.3,10,58.8,14,0,1.4,40,7,41.2,15,0,2.14,0,5.6,13.5,5.6,13.5,-7.9
2023,435,Ronnie Rivers,LA,RB,1,18,SF,52.94117647058824,52.9,9,52.9,0,29,3.22,0,0.01,0,2,11.1,10,34.5,0,0,55.6,44.4,-9.1,0.89,55.6,2.33,72.4,3,0.33,-0.268,-2.4,5,55.6,10,0,2,40,4,44.4,19,0,4.75,75,2.9,3.9,2.9,3.87,-0.97
2023,436,Kyren Williams,LA,RB,1,1,SEA,5.343511450381679,38.5,7,24.1,0,29,4.14,1,0.24,0,1,0,0,0,0,14.3,57.1,28.6,1.8,0.57,42.9,3.57,86.2,3,0.43,0.225,1.6,1,14.3,-1,0,-1,0,6,85.7,30,1,5,66.7,8.9,4.1,8.9,4.15,4.75
2023,437,Bijan Robinson,ATL,RB,1,3,DET,6,67.7,9,52.9,0,29,3.22,0,0.01,0,2,11.1,11,37.9,0,0,33.3,66.7,-14,0.44,55.6,2.78,86.2,6,0.67,-0.199,-1.8,6,66.7,15,0,2.5,33.3,2,22.2,13,0,6.5,50,4.6,5.8,4.6,5.83,-1.23
2023,438,Bijan Robinson,ATL,RB,1,6,WAS,6.666666666666667,60.5,10,45.5,0,29,2.9,0,0.06,0,1,0,0,0,0,0,30,70,-13.2,0.5,50,2.4,82.8,3,0.3,-0.211,-2.1,8,80,24,0,3,37.5,2,20,5,0,2.5,0,4.4,6.2,4.4,6.2,-1.8
2023,439,Roschon Johnson,CHI,RB,1,15,CLV,6.349206349206349,29.5,4,17.4,0,29,7.25,0,0,0,1,25,22,75.9,0,0,25,75,10.1,5,50,2.25,31,0,0,-0.103,-0.4,2,50,4,0,2,0,2,50,25,0,12.5,50,2.9,1.9,2.9,1.91,0.99
2023,440,Devin Singletary,HST,RB,1,8,CAR,5.555555555555555,45.2,9,37.5,0,28,3.11,0,0.07,0,1,0,0,0,0,0,55.6,44.4,-12.1,0.11,55.6,3,96.4,6,0.67,-0.143,-1.3,5,55.6,18,0,3.6,40,4,44.4,10,0,2.5,75,2.8,4.4,2.8,4.4,-1.6
2023,441,Josh Jacobs,LV,RB,1,14,MIN,6.629834254143646,73.3,12,75,0,28,2.33,0,0.01,0,1,0,0,0,0,0,25,58.3,-21.4,0.5,41.7,1.83,78.6,0,0,-0.288,-3.5,11,91.7,25,0,2.27,18.2,1,8.3,3,0,3,100,4.5,6.6,4.5,6.56,-2.06
2023,442,Josh Jacobs,LV,RB,1,4,LAC,4.972375690607735,77.3,9,64.3,0,28,3.11,1,0.8,0,2,0,0,0,33.3,11.1,55.6,44.4,-8.5,1.67,33.3,1.44,46.4,0,0,-0.005,0,3,33.3,2,1,0.67,33.3,6,66.7,26,0,4.33,66.7,10.7,10.1,10.7,10.06,0.64
2023,443,Darrynton Evans,CHI,RB,1,6,MIN,28.000000000000004,34.9,7,30.4,0,28,4,0,0.01,0,3,28.6,23,82.1,0,0,57.1,42.9,-3.1,1.71,42.9,2.29,57.1,3,0.43,-0.081,-0.6,3,42.9,15,0,5,66.7,4,57.1,13,0,3.25,50,2.8,3.2,2.8,3.18,-0.38
2023,444,Clyde Edwards-Helaire,KC,RB,1,15,NE,21.62162162162162,78.3,8,88.9,0,28,3.5,0,0.05,0,2,12.5,20,71.4,0,0,37.5,62.5,-7.7,1.88,50,1.63,46.4,1,0.13,-0.23,-1.8,7,87.5,26,0,3.71,28.6,1,12.5,2,0,2,100,8.6,5.4,8.6,5.35,3.25
2023,445,Joshua Kelley,LAC,RB,1,2,TEN,11.475409836065573,89.5,7,77.8,0,28,4,0,0.03,0,1,14.3,15,53.6,0,0,42.9,57.1,-2.1,1.71,42.9,2.29,57.1,1,0.14,-0.187,-1.3,3,42.9,14,0,4.67,33.3,4,57.1,14,0,3.5,50,2.8,4.9,2.8,4.88,-2.08
2023,446,Travis Etienne,JAX,RB,1,17,CAR,5.347593582887701,46.7,10,47.6,0,28,2.8,1,1.3,0,2,11.1,10,35.7,100,10,30,60,-17.5,-0.2,70,3,107.1,1,0.1,0.018,0.2,3,30,5,0,1.67,0,6,60,13,1,2.17,33.3,12.4,15.7,12.4,15.67,-3.27
2023,447,Ty Chandler,MIN,RB,1,10,NO,14.285714285714285,39.5,11,50,0,28,2.55,1,0.89,0,2,10,11,39.3,100,9.1,36.4,54.5,-19.3,0.36,54.5,2.18,85.7,1,0.09,-0.237,-2.6,5,45.5,12,1,2.4,20,5,45.5,17,0,3.4,60,8.8,10.1,8.8,10.1,-1.3
2023,448,Jordan Mason,SF,RB,1,18,LA,11.428571428571429,33.3,4,18.2,0,28,7,0,0.01,0,3,25,16,57.1,0,0,75,25,10.3,4.75,0,2.25,32.1,0,0,0.896,3.6,4,100,28,0,7,75,0,0,0,0,0,0,5,3.5,5,3.55,1.45
2023,449,Christopher Brooks,MIA,RB,1,6,CAR,50,22.9,6,24,0,28,4.67,0,0.11,0,1,25,28,100,0,0,33.3,66.7,5.1,-0.67,66.7,5.33,114.3,2,0.33,-0.28,-1.7,1,16.7,1,0,1,0,4,66.7,31,0,7.75,50,2.8,3,2.8,2.95,-0.15
2023,450,Emari Demercado,ARZ,RB,1,5,CIN,16.666666666666664,65.5,5,35.7,0,28,5.6,1,0.24,0,2,25,11,39.3,100,20,60,40,10.2,1,60,4.6,82.1,1,0.2,0.246,1.2,2,40,20,1,10,100,3,60,8,0,2.67,33.3,8.8,3.2,8.8,3.24,5.56
2023,451,Jahmyr Gibbs,DET,RB,1,11,CHI,4.6875,55,6,50,0,28,4.67,1,0.8,0,2,20,14,50,50,16.7,50,33.3,3,3.67,33.3,1,21.4,0,0,0.242,1.5,2,33.3,4,0,2,0,4,66.7,24,1,6,75,14.9,12.1,14.9,12.13,2.77
2023,452,Latavius Murray,BUF,RB,1,6,NYG,15.789473684210526,57.1,9,47.4,0,27,3,0,0.82,0,2,16.7,10,37,100,0,55.6,55.6,-1,1.22,55.6,1.78,59.3,0,0,-0.091,-0.8,5,55.6,17,0,3.4,60,4,44.4,10,0,2.5,50,2.7,7.7,2.7,7.73,-5.03
2023,453,Ezekiel Elliott,NE,RB,1,8,MIA,3.8461538461538463,63.2,5,45.5,0,27,5.4,0,0,0,2,20,17,63,0,0,60,20,3.7,1.6,40,3.8,70.4,0,0,0.071,0.4,0,0,0,0,0,0,5,100,27,0,5.4,60,2.7,2.4,2.7,2.35,0.35
2023,454,Justice Hill,BLT,RB,1,7,DET,1.694915254237288,42.5,1,6.3,0,27,27,0,0.01,0,1,100,27,100,0,0,100,0,19.6,20,0,7,25.9,0,0,1.802,1.8,1,100,27,0,27,100,0,0,0,0,0,0,3.9,2.4,3.9,2.41,1.49
2023,455,A.J. Dillon,GB,RB,1,17,MIN,5.0359712230215825,18.6,7,20.6,0,27,3.86,0,0.21,0,1,16.7,11,40.7,50,0,42.9,57.1,-3.4,1.71,42.9,2.14,55.6,2,0.29,-0.098,-0.7,4,57.1,10,0,2.5,25,3,42.9,17,0,5.67,66.7,2.7,4.3,2.7,4.3,-1.6
2023,456,Joshua Kelley,LAC,RB,1,1,MIA,6.557377049180328,35,4,28.6,0,27,6.75,0,0.01,0,2,25,14,51.9,0,0,100,0,9.5,4.25,0,2.5,37,0,0,0.403,1.6,1,25,14,0,14,100,3,75,13,0,4.33,100,2.7,1.8,2.7,1.79,0.91
2023,457,Cam Akers,MIN,RB,1,7,SF,18.367346938775512,44.4,9,47.4,0,27,3,0,0.05,0,2,11.1,13,48.1,0,0,33.3,55.6,-12.4,0,44.4,3,100,3,0.33,-0.262,-2.4,5,55.6,12,0,2.4,40,4,44.4,15,0,3.75,25,7.7,7.6,7.7,7.62,0.08
2023,458,Khalil Herbert,CHI,RB,1,2,TB,5.660377358490567,65.2,6,54.5,0,27,4.5,0,0.03,0,3,0,0,0,0,0,83.3,16.7,1.8,0.67,50,3.83,85.2,3,0.5,0.46,2.8,3,50,18,0,6,100,3,50,9,0,3,66.7,2.7,2.7,2.7,2.69,0.01
2023,459,Travis Etienne,JAX,RB,1,15,BLT,4.81283422459893,81,9,90,0,27,3,0,0.03,0,2,0,0,0,0,0,44.4,55.6,-13.9,0.78,55.6,2.22,74.1,2,0.22,-0.116,-1,4,44.4,10,0,2.5,50,5,55.6,17,0,3.4,40,2.7,4.3,2.7,4.26,-1.56
2023,460,Javonte Williams,DEN,RB,1,15,DET,6.451612903225806,68.4,12,52.2,0,27,2.25,0,0.42,0,1,0,0,0,50,0,25,66.7,-18.2,0.67,50,1.58,70.4,0,0,-0.581,-7,9,75,19,0,2.11,22.2,2,16.7,8,0,4,50,4,9.9,4,9.89,-5.89
2023,461,James Cook,BUF,RB,1,14,KC,3.4965034965034967,44.8,5,38.5,0,27,5.4,0,0.01,0,1,20,15,55.6,0,0,40,60,3.3,4.6,0,0.8,14.8,0,0,0.125,0.6,1,20,2,0,2,0,4,80,25,0,6.25,50,6.7,5.7,6.7,5.72,0.98
2023,462,Pierre Strong,CLV,RB,1,3,TEN,15.384615384615385,21.4,6,33.3,0,27,4.5,0,0.04,0,1,0,0,0,0,0,66.7,33.3,3.6,0.33,33.3,4.17,92.6,2,0.33,-0.063,-0.4,2,33.3,10,0,5,100,4,66.7,17,0,4.25,50,2.7,2.6,2.7,2.55,0.15
2023,463,Keaton Mitchell,BLT,RB,1,12,LAC,17.142857142857142,47.4,6,26.1,0,27,4.5,0,0.03,0,2,16.7,12,44.4,0,0,66.7,33.3,1.7,1.83,33.3,2.67,59.3,1,0.17,0.07,0.4,5,83.3,18,0,3.6,60,1,16.7,9,0,9,100,5.1,4.3,5.1,4.3,0.8
2023,464,Chris Rodriguez,WAS,RB,1,11,NYG,15.625,23.3,5,25,0,27,5.4,0,0.01,1,2,0,0,0,0,0,80,20,4.2,2.2,20,3.2,59.3,0,0,-0.783,-3.9,1,20,4,0,4,100,4,80,23,0,5.75,75,3.2,3.9,3.2,3.89,-0.69
2023,465,Chris Rodriguez,WAS,RB,1,16,NYJ,21.875,41.7,7,53.8,0,27,3.86,2,0.58,0,2,33.3,23,85.2,50,28.6,42.9,57.1,3,-0.86,100,4.71,122.2,2,0.29,0.304,2.1,6,85.7,27,2,4.5,50,1,14.3,0,0,0,0,14.7,5.9,14.7,5.89,8.81
2023,466,Cordarrelle Patterson,ATL,RB,1,16,IND,17.073170731707318,27,7,26.9,0,26,3.71,0,0.7,0,3,16.7,11,42.3,100,0,71.4,28.6,-2,2,28.6,1.71,46.2,2,0.29,0.182,1.3,2,28.6,7,0,3.5,50,4,57.1,17,0,4.25,100,3.2,8.6,3.2,8.56,-5.36
2023,467,Ezekiel Elliott,NE,RB,1,12,NYG,4.615384615384616,19.1,6,24,0,26,4.33,0,0.01,0,1,0,0,0,0,0,50,33.3,0.1,2,33.3,2.33,53.8,1,0.17,-0.133,-0.8,2,33.3,4,0,2,50,4,66.7,22,0,5.5,50,3.7,4.1,3.7,4.07,-0.37
2023,468,Ezekiel Elliott,NE,RB,1,6,LV,4.615384615384616,47.8,6,50,0,26,4.33,1,0.51,0,4,0,0,0,50,16.7,83.3,16.7,7.9,1.67,16.7,2.67,61.5,0,0,0.34,2,2,33.3,7,0,3.5,50,3,50,12,1,4,100,8.6,4.9,8.6,4.9,3.7
2023,469,Austin Ekeler,LAC,RB,1,12,BLT,5.555555555555555,82.1,7,63.6,0,26,3.71,0,0.08,0,2,0,0,0,100,0,71.4,42.9,-0.6,1.71,42.9,2,53.8,1,0.14,0.391,2.7,5,71.4,14,0,2.8,60,2,28.6,12,0,6,100,5.8,6.1,5.8,6.14,-0.34
2023,470,Jamaal Williams,NO,RB,1,18,ATL,14.893617021276595,55.8,14,46.7,0,26,1.86,1,1.01,0,4,0,0,0,50,7.1,28.6,64.3,-24.5,0.21,57.1,1.64,88.5,0,0,-0.216,-3,7,50,13,0,1.86,14.3,6,42.9,12,0,2,33.3,11.4,14.4,11.4,14.38,-2.98
2023,471,Jeffery Wilson,MIA,RB,1,18,BUF,20.689655172413794,47.8,6,54.5,0,26,4.33,0,0.03,0,1,16.7,13,50,0,0,50,50,0.6,2.33,50,2,46.2,0,0,-0.053,-0.3,5,83.3,25,0,5,60,1,16.7,1,0,1,0,2.6,2.7,2.6,2.7,-0.1
2023,472,Saquon Barkley,NYG,RB,1,18,PHI,6.547619047619048,83.3,11,78.6,0,26,2.36,0,0.04,0,2,0,0,0,0,0,45.5,45.5,-22.6,0.91,45.5,1.45,61.5,0,0,-0.28,-3.1,5,45.5,17,0,3.4,60,6,54.5,9,0,1.5,33.3,4.1,6.6,4.1,6.61,-2.51
2023,473,Alexander Mattison,MIN,RB,1,2,PHI,4.3478260869565215,81.8,6,85.7,0,26,4.33,0,0.02,1,0,0,0,0,0,0,66.7,33.3,-0.5,2.17,33.3,2.17,50,0,0,-0.805,-4.8,6,100,26,0,4.33,66.7,0,0,0,0,0,0,1.6,2.8,1.6,2.78,-1.18
2023,474,Devin Singletary,HST,RB,1,16,CLV,4.320987654320987,58.1,7,63.6,0,26,3.71,0,0,0,2,14.3,17,65.4,0,0,28.6,71.4,-5.7,1.86,57.1,1.86,50,0,0,-0.18,-1.3,5,71.4,20,0,4,20,2,28.6,6,0,3,50,5.7,6.3,5.7,6.26,-0.56
2023,475,Darrell Henderson,LA,RB,1,7,PIT,33.33333333333333,56.8,12,52.2,0,26,2.17,1,0.88,0,2,0,0,0,100,8.3,25,66.7,-19.1,0.17,33.3,2,92.3,3,0.25,-0.217,-2.6,4,33.3,6,0,1.5,0,8,66.7,20,1,2.5,37.5,10.1,13.4,10.1,13.38,-3.28
2023,476,Khalil Herbert,CHI,RB,1,18,GB,10.377358490566039,66.7,11,57.9,0,26,2.36,0,0.04,0,0,0,0,0,0,0,45.5,54.5,-20.2,0.09,63.6,2.27,96.2,2,0.18,-0.303,-3.3,10,90.9,26,0,2.6,50,1,9.1,0,0,0,0,5.2,6.6,5.2,6.55,-1.35
2023,477,Travis Etienne,JAX,RB,1,11,TEN,4.81283422459893,54.5,9,40.9,0,26,2.89,0,0.26,0,1,11.1,11,42.3,0,0,33.3,66.7,-12.8,1,44.4,1.89,65.4,1,0.11,-0.32,-2.9,4,44.4,11,0,2.75,25,5,55.6,15,0,3,40,5.1,9.1,5.1,9.08,-3.98
2023,478,Jaylen Warren,PIT,RB,1,7,LA,4.901960784313726,42.9,5,25,0,26,5.2,1,0.24,0,1,20,13,50,0,20,40,60,5.4,2.6,20,2.6,50,2,0.4,0.099,0.5,5,100,26,1,5.2,40,0,0,0,0,0,0,8.6,3.5,8.6,3.48,5.12
2023,479,Tyler Allgeier,ATL,RB,1,9,MIN,6.369426751592357,45.5,10,50,0,26,2.6,1,0.8,0,2,14.3,13,50,66.7,10,40,60,-5.7,-0.3,70,2.9,111.5,4,0.4,-0.268,-2.7,7,70,29,1,4.14,57.1,3,30,-3,0,-1,0,9.7,11.2,9.7,11.24,-1.54
2023,480,Jaleel McLaughlin,DEN,RB,1,16,NE,8.333333333333332,20.6,4,21.1,0,26,6.5,0,0.01,0,2,25,12,46.2,0,0,75,25,7.8,6,0,0.5,7.7,0,0,0.146,0.6,3,75,21,0,7,66.7,1,25,5,0,5,100,4.3,3.4,4.3,3.39,0.91
2023,481,Jaleel McLaughlin,DEN,RB,1,5,NYJ,12.5,40,6,54.5,0,26,4.33,0,0.56,0,1,25,21,80.8,100,0,33.3,83.3,1.1,-0.67,66.7,5,115.4,2,0.33,-0.136,-0.8,1,16.7,3,0,3,100,5,83.3,23,0,4.6,20,3.7,7.4,3.7,7.43,-3.73
2023,482,Brandon Bolden,LV,RB,1,15,LAC,50,5.7,2,11.8,0,25,12.5,1,0.3,0,1,50,26,104,0,50,50,50,9.1,11.5,50,1,8,0,0,1.287,2.6,1,50,-1,0,-1,0,1,50,26,1,26,100,8.5,3.4,8.5,3.42,5.08
2023,483,Ezekiel Elliott,NE,RB,1,17,BUF,6.923076923076923,83.3,9,60,0,25,2.78,1,0.07,0,2,0,0,0,0,11.1,33.3,55.6,-12.3,0.78,44.4,2,72,1,0.11,-0.061,-0.5,3,33.3,6,0,2,33.3,6,66.7,19,1,3.17,33.3,10.1,5.7,10.1,5.75,4.35
2023,484,Aaron Jones,GB,RB,1,1,CHI,6.363636363636363,44.4,7,29.2,0,25,3.57,1,0.62,0,2,0,0,0,33.3,14.3,71.4,28.6,1.2,0.71,42.9,2.86,80,1,0.14,0.243,1.7,4,57.1,15,1,3.75,75,3,42.9,10,0,3.33,66.7,14.6,9.1,14.6,9.11,5.49
2023,485,James Conner,ARZ,RB,1,4,SF,4.10958904109589,80.8,6,54.5,0,25,4.17,0,0.02,0,1,16.7,11,44,0,0,50,50,-0.9,1.33,50,2.83,68,1,0.17,-0.03,-0.2,4,66.7,19,0,4.75,50,2,33.3,6,0,3,50,3.9,4.4,3.9,4.36,-0.46
2023,486,Alvin Kamara,NO,RB,1,9,CHI,5.109489051094891,44.4,7,30.4,0,25,3.57,0,0.09,0,2,16.7,13,52,50,0,42.9,42.9,-2.4,1,42.9,2.57,72,2,0.29,-0.053,-0.4,3,42.9,4,0,1.33,33.3,4,57.1,21,0,5.25,50,4.8,5.2,4.8,5.19,-0.39
2023,487,Royce Freeman,LA,RB,1,9,GB,18.64406779661017,46.9,11,55,0,25,2.27,0,0.02,0,2,0,0,0,0,0,45.5,54.5,-21.3,0.45,45.5,1.82,80,0,0,-0.543,-6,3,27.3,5,0,1.67,66.7,7,63.6,13,0,1.86,28.6,2.5,4.7,2.5,4.73,-2.23
2023,488,Zack Moss,IND,RB,1,14,CIN,7.43801652892562,86.7,9,81.8,0,25,2.78,0,0.18,0,2,14.3,12,48,100,0,55.6,55.6,-3.3,1.44,55.6,1.33,48,0,0,-0.219,-2,7,77.8,23,0,3.29,57.1,1,11.1,0,0,0,0,6.4,8.8,6.4,8.83,-2.43
2023,489,D'Andre Swift,PHI,RB,1,7,MIA,4.477611940298507,58.3,6,37.5,0,25,4.17,0,0.02,0,2,16.7,22,88,0,0,33.3,66.7,-2,2,50,2.17,52,0,0,0.071,0.4,3,50,6,0,2,33.3,3,50,19,0,6.33,33.3,2.5,2.8,2.5,2.84,-0.34
2023,490,Cam Akers,LA,RB,1,1,SEA,40.816326530612244,0,20,69,0,25,1.25,1,0.71,0,4,5.6,12,48,50,5,30,70,-54.7,-0.3,70,1.55,124,4,0.2,-0.091,-1.8,6,30,-1,1,-0.17,33.3,14,70,26,0,1.86,28.6,8.5,12.2,8.5,12.21,-3.71
2023,491,Rhamondre Stevenson,NE,RB,1,6,LV,4.504504504504505,52.2,5,41.7,0,25,5,1,0.44,0,3,25,15,60,50,20,60,40,7.7,3.6,40,1.4,28,0,0,0.282,1.4,1,20,1,0,1,0,4,80,24,1,6,75,8.5,4.4,8.5,4.36,4.14
2023,492,Najee Harris,PIT,RB,1,2,CLV,3.3653846153846154,67.9,7,53.8,0,25,3.57,0,0.02,0,1,14.3,17,68,0,0,28.6,71.4,-8.5,-1.29,100,4.86,136,2,0.29,-0.27,-1.9,3,42.9,18,0,6,33.3,4,57.1,7,0,1.75,25,2.5,5,2.5,5.02,-2.52
2023,493,Travis Etienne,JAX,RB,1,12,HST,6.951871657754011,61.1,13,72.2,0,25,1.92,0,1.73,0,1,0,0,0,66.7,0,23.1,76.9,-23.9,0,69.2,1.92,100,2,0.15,-0.58,-7.5,3,23.1,-1,0,-0.33,0,9,69.2,26,0,2.89,33.3,6.3,18.4,6.3,18.4,-12.1
2023,494,James Cook,BUF,RB,1,7,NE,6.293706293706294,60.7,9,60,0,25,2.78,0,0.06,0,4,0,0,0,0,0,55.6,44.4,-9.9,0.89,33.3,1.89,68,3,0.33,-0.307,-2.8,8,88.9,19,0,2.38,50,1,11.1,6,0,6,100,2.5,3.9,2.5,3.86,-1.36
2023,495,Ty Chandler,MIN,RB,1,17,GB,7.792207792207792,62.5,6,66.7,0,25,4.17,0,0.07,0,0,0,0,0,0,0,50,50,0.5,1.5,50,2.67,64,1,0.17,0.016,0.1,3,50,11,0,3.67,33.3,3,50,14,0,4.67,66.7,2.5,2.9,2.5,2.85,-0.35
2023,496,Kevin Harris,NE,RB,1,15,KC,33.33333333333333,20.6,4,26.7,0,25,6.25,1,0.02,0,1,25,18,72,0,25,75,25,7.3,3,25,3.25,52,0,0,0.379,1.5,2,50,3,0,1.5,50,2,50,22,1,11,100,8.5,1.9,8.5,1.87,6.63
2023,497,Pierre Strong,CLV,RB,1,17,NYJ,7.6923076923076925,27.8,3,15,0,25,8.33,0,0.01,1,1,33.3,15,60,0,0,66.7,33.3,11.1,2,33.3,6.33,76,2,0.67,-1.242,-3.7,0,0,0,0,0,0,3,100,25,0,8.33,66.7,1.5,1.4,1.5,1.43,0.07
2023,498,Tyjae Spears,TEN,RB,1,18,JAX,4.477611940298507,14,3,13.6,0,25,8.33,1,0.56,0,2,50,22,88,50,33.3,66.7,33.3,14.7,5,33.3,3.33,40,1,0.33,0.951,2.9,2,66.7,3,1,1.5,50,1,33.3,22,0,22,100,9.8,6,9.8,5.99,3.81
2023,499,Zach Charbonnet,SEA,RB,1,10,WAS,5.714285714285714,35.3,4,23.5,0,25,6.25,0,0.02,0,2,50,21,84,0,0,50,50,7.8,3.75,50,2.5,40,0,0,0.132,0.5,1,25,1,0,1,0,3,75,24,0,8,66.7,2.5,1.8,2.5,1.82,0.68
2023,500,Derrick Henry,TEN,RB,1,10,TB,4.545454545454546,64.9,11,73.3,0,24,2.18,0,0.08,0,1,0,0,0,0,0,45.5,45.5,-17.8,0.09,54.5,2.09,95.8,1,0.09,-0.28,-3.1,7,63.6,15,0,2.14,42.9,4,36.4,9,0,2.25,50,3,6.2,3,6.19,-3.19
2023,501,Kareem Hunt,CLV,RB,1,17,NYJ,7.777777777777778,36.1,7,35,0,24,3.43,1,1.96,0,3,0,0,0,100,14.3,57.1,42.9,-7.5,2.43,28.6,1,29.2,0,0,-0.16,-1.1,1,14.3,-2,0,-2,0,6,85.7,26,1,4.33,66.7,8.4,14.9,8.4,14.92,-6.52
2023,502,Jamaal Williams,NO,RB,1,15,NYG,8.51063829787234,52.9,8,40,0,24,3,0,0.03,0,2,0,0,0,0,0,37.5,50,-11.2,1,37.5,2,66.7,0,0,-0.147,-1.2,4,50,13,0,3.25,25,4,50,11,0,2.75,50,3.6,5.4,3.6,5.4,-1.8
2023,503,Gus Edwards,BLT,RB,1,10,CLV,6.58682634730539,63.9,11,61.1,0,24,2.18,1,0.97,0,1,0,0,0,100,9.1,54.5,45.5,-23.8,0.09,63.6,2.09,95.8,2,0.18,-0.201,-2.2,7,63.6,18,0,2.57,57.1,4,36.4,6,1,1.5,50,9.8,12.3,9.8,12.33,-2.53
2023,504,Alexander Mattison,MIN,RB,1,10,NO,5.072463768115942,51.2,7,31.8,0,24,3.43,0,0.05,0,2,0,0,0,0,0,42.9,57.1,-7.9,0.29,42.9,3.14,91.7,2,0.29,-0.266,-1.9,4,57.1,8,0,2,25,3,42.9,16,0,5.33,66.7,4,5.1,4,5.07,-1.07
2023,505,Justice Hill,BLT,RB,1,16,SF,13.559322033898304,53.5,8,42.1,0,24,3,0,0.09,0,0,0,0,0,0,0,37.5,50,-14.4,1,37.5,2,66.7,1,0.13,-0.239,-1.9,4,50,11,0,2.75,50,4,50,13,0,3.25,25,6.9,7.9,6.9,7.85,-0.95
2023,506,Miles Sanders,CAR,RB,1,3,SEA,8.98876404494382,90.9,8,88.9,0,24,3,1,0.47,0,2,14.3,15,62.5,100,12.5,37.5,50,-9.3,-1.13,87.5,4.13,137.5,2,0.25,-0.092,-0.7,5,62.5,21,1,4.2,60,3,37.5,3,0,1,0,8.4,6.2,8.4,6.18,2.22
2023,507,Damien Harris,BUF,RB,1,4,MIA,27.77777777777778,46.4,5,31.3,0,24,4.8,0,0.1,0,3,0,0,0,0,0,80,20,2.8,0.8,60,4,83.3,3,0.6,-0.058,-0.3,1,20,8,0,8,100,4,80,16,0,4,75,2.4,2.7,2.4,2.72,-0.32
2023,508,Rico Dowdle,DAL,RB,1,1,NYG,9.836065573770492,20.6,6,23.1,0,24,4,0,0.37,0,1,16.7,10,41.7,0,0,50,50,-6.7,1.5,16.7,2.5,62.5,1,0.17,-0.163,-1,5,83.3,21,0,4.2,60,1,16.7,3,0,3,0,2.4,5.3,2.4,5.28,-2.88
2023,509,A.J. Dillon,GB,RB,1,3,NO,6.474820143884892,59,9,56.3,0,24,2.67,0,0.01,0,1,11.1,14,58.3,0,0,33.3,55.6,-11.6,-0.22,33.3,2.89,108.3,2,0.22,-0.261,-2.4,4,44.4,3,0,0.75,25,4,44.4,7,0,1.75,25,2.4,3.6,2.4,3.64,-1.24
2023,510,Javonte Williams,DEN,RB,1,16,NE,5.913978494623656,61.8,11,57.9,0,24,2.18,1,1.07,1,2,0,0,0,100,9.1,27.3,63.6,-13,1.36,36.4,0.82,37.5,0,0,-0.46,-5.1,3,27.3,2,0,0.67,0,8,72.7,22,1,2.75,37.5,9,13.1,9,13.05,-4.05
2023,511,Isiah Pacheco,KC,RB,1,8,DEN,2.5423728813559325,63.6,3,75,0,24,8,0,0,0,1,33.3,19,79.2,0,0,66.7,33.3,10,0.67,33.3,7.33,91.7,1,0.33,0,0,1,33.3,5,0,5,100,2,66.7,19,0,9.5,50,2.4,1.4,2.4,1.4,1
2023,512,Dameon Pierce,HST,RB,1,2,IND,9.836065573770492,60,12,60,0,24,2,0,0.35,0,1,9.1,10,41.7,50,0,16.7,58.3,-22.8,-0.25,75,2.25,112.5,3,0.25,-0.475,-5.7,11,91.7,19,0,1.73,18.2,1,8.3,5,0,5,0,4.3,8.4,4.3,8.41,-4.11
2023,513,Dameon Pierce,HST,RB,1,8,CAR,7.377049180327869,51.6,9,37.5,0,24,2.67,0,0.68,0,0,0,0,0,40,0,33.3,55.6,-6.7,0.89,44.4,1.78,66.7,0,0,-0.257,-2.3,7,77.8,18,0,2.57,28.6,2,22.2,6,0,3,50,2.4,7.1,2.4,7.15,-4.75
2023,514,Jerome Ford,CLV,RB,1,1,CIN,7.352941176470589,42.4,10,50,0,24,2.4,0,0.05,0,1,10,17,70.8,0,0,10,90,-19.8,0.6,70,1.8,75,3,0.3,-0.306,-3.1,3,30,0,0,0,0,7,70,24,0,3.43,14.3,2.4,4.7,2.4,4.71,-2.31
2023,515,Ty Chandler,MIN,RB,1,14,LV,12.987012987012985,56.4,10,52.6,0,24,2.4,0,0.04,0,1,0,0,0,0,0,40,50,-17.7,0.2,40,2.2,91.7,0,0,-0.246,-2.5,6,60,16,0,2.67,50,4,40,8,0,2,25,5.1,7.5,5.1,7.54,-2.44
2023,516,Chris Rodriguez,WAS,RB,1,15,LA,18.75,45.5,6,50,0,24,4,0,0.56,0,2,25,11,45.8,66.7,0,33.3,33.3,6.6,1,33.3,3,75,0,0,0.081,0.5,1,16.7,11,0,11,100,5,83.3,13,0,2.6,20,2.4,5.1,2.4,5.1,-2.7
2023,517,Devon Achane,MIA,RB,1,3,DEN,11.76470588235294,50,8,44.4,0,24,3,0,1.06,0,0,0,0,0,50,0,37.5,62.5,-7.6,1.88,12.5,1.13,37.5,3,0.38,-0.012,-0.1,2,25,11,0,5.5,50,6,75,13,0,2.17,33.3,17.8,20.6,17.8,20.57,-2.77
2023,518,Ezekiel Elliott,NE,RB,1,13,LAC,8.461538461538462,61.8,11,47.8,0,23,2.09,0,0.01,0,0,0,0,0,0,0,54.5,45.5,-27.4,0.45,36.4,1.64,78.3,0,0,-0.496,-5.5,2,18.2,6,0,3,50,9,81.8,17,0,1.89,55.6,9,9.9,9,9.88,-0.88
2023,519,Joe Mixon,CIN,RB,1,1,CLV,5.521472392638037,83.3,9,75,0,23,2.56,0,0.01,0,1,11.1,12,52.2,0,0,22.2,77.8,-17.7,0,55.6,2.56,100,2,0.22,-0.402,-3.6,3,33.3,7,0,2.33,33.3,6,66.7,16,0,2.67,16.7,3.4,5.6,3.4,5.61,-2.21
2023,520,Justice Hill,BLT,RB,1,15,JAX,8.47457627118644,26,5,15.6,0,23,4.6,0,0.02,0,0,0,0,0,0,0,80,20,-0.2,3.4,20,1.2,26.1,0,0,-0.258,-1.3,2,40,13,0,6.5,100,3,60,10,0,3.33,66.7,2.3,2.4,2.3,2.45,-0.15
2023,521,Tony Pollard,DAL,RB,1,16,MIA,4.49438202247191,69.6,8,53.3,0,23,2.88,0,0.13,0,2,0,0,0,50,0,37.5,62.5,-4.7,0.63,50,2.25,78.3,3,0.38,-0.089,-0.7,4,50,17,0,4.25,50,4,50,6,0,1.5,25,2.3,3.6,2.3,3.55,-1.25
2023,522,Salvon Ahmed,MIA,RB,1,6,CAR,33.33333333333333,22.9,6,24,0,23,3.83,1,0.51,0,1,0,0,0,33.3,16.7,33.3,66.7,1.2,1.83,16.7,2,52.2,1,0.17,0.507,3,3,50,11,0,3.67,33.3,3,50,12,1,4,33.3,10.2,7.2,10.2,7.19,3.01
2023,523,A.J. Dillon,GB,RB,1,11,LAC,7.194244604316546,77.1,10,55.6,0,23,2.3,0,0.02,0,2,0,0,0,0,0,60,40,-18,-0.1,60,2.4,104.3,0,0,-0.288,-2.9,5,50,9,0,1.8,40,5,50,14,0,2.8,80,5.4,7.4,5.4,7.36,-1.96
2023,524,Elijah Mitchell,SF,RB,1,10,JAX,11.940298507462686,34.8,8,32,0,23,2.88,0,0.1,0,1,0,0,0,0,0,50,50,-14.5,0.38,75,2.5,87,1,0.13,-0.252,-2,7,87.5,22,0,3.14,57.1,1,12.5,1,0,1,0,2.3,4.3,2.3,4.34,-2.04
2023,525,Elijah Mitchell,SF,RB,1,3,NYG,13.432835820895523,38.7,9,29,0,23,2.56,0,0.06,0,1,0,0,0,0,0,22.2,55.6,-13.9,0.67,33.3,1.89,73.9,2,0.22,-0.441,-4,7,77.8,19,0,2.71,28.6,2,22.2,4,0,2,0,3.6,6.7,3.6,6.71,-3.11
2023,526,Najee Harris,PIT,RB,1,14,NE,5.288461538461538,77.1,11,52.4,0,23,2.09,0,0.07,0,0,0,0,0,0,0,36.4,45.5,-23.3,-0.55,54.5,2.64,126.1,3,0.27,-0.402,-4.4,8,72.7,9,0,1.13,25,3,27.3,14,0,4.67,66.7,4.8,8.3,4.8,8.25,-3.45
2023,527,Kenneth Gainwell,PHI,RB,1,3,TB,22,44.2,11,35.5,0,23,2.09,0,0.23,0,0,0,0,0,0,0,36.4,54.5,-16.5,0.55,45.5,1.55,73.9,1,0.09,-0.688,-7.6,7,63.6,21,0,3,42.9,4,36.4,2,0,0.5,25,3.8,7.1,3.8,7.05,-3.25
2023,528,Isiah Pacheco,KC,RB,1,1,DET,6.779661016949152,65.4,8,57.1,0,23,2.88,0,0.03,0,2,0,0,0,0,0,50,50,-11.9,1,37.5,1.88,65.2,1,0.13,-0.167,-1.3,4,50,10,0,2.5,50,4,50,13,0,3.25,50,5.9,6.6,5.9,6.6,-0.7
2023,529,Isiah Pacheco,KC,RB,1,16,LV,8.47457627118644,76,10,90.9,0,23,2.3,1,0.17,1,2,10,12,52.2,0,10,30,70,-19,1.4,50,0.9,39.1,2,0.2,-1.007,-10.1,8,80,9,0,1.13,25,2,20,14,1,7,50,9.2,8.3,9.2,8.31,0.89
2023,530,Rachaad White,TB,RB,1,1,MIN,7.59493670886076,78,12,63.2,0,23,1.92,0,0.05,0,0,0,0,0,0,0,25,66.7,-26.9,0.75,66.7,1.17,60.9,0,0,-0.446,-5.4,6,50,8,0,1.33,0,6,50,15,0,2.5,50,5.3,8.2,5.3,8.19,-2.89
2023,531,Kendre Miller,NO,RB,1,3,GB,21.21212121212121,37.9,7,35,0,23,3.29,0,0.03,0,2,14.3,10,43.5,0,0,28.6,57.1,-10.2,-0.14,71.4,3.43,104.3,2,0.29,0.074,0.5,5,71.4,22,0,4.4,40,2,28.6,1,0,0.5,0,2.3,3.5,2.3,3.49,-1.19
2023,532,Tyjae Spears,TEN,RB,1,2,LAC,5.970149253731343,16.2,4,15.4,0,23,5.75,0,0,0,1,25,11,47.8,0,0,100,0,4,0.25,75,5.5,95.7,2,0.5,0.067,0.3,2,50,16,0,8,100,2,50,7,0,3.5,100,2.3,1.9,2.3,1.93,0.37
2023,533,Zach Charbonnet,SEA,RB,1,3,CAR,5.714285714285714,36.1,4,20,0,23,5.75,0,0.98,0,2,66.7,22,95.7,25,0,75,25,8.5,1.5,25,4.25,73.9,1,0.25,0.368,1.5,3,75,11,0,3.67,66.7,1,25,12,0,12,100,2.3,7.3,2.3,7.34,-5.04
2023,534,Melvin Gordon,BLT,RB,1,4,CLV,9.090909090909092,14.3,2,9.5,0,22,11,0,0.01,0,1,50,22,100,0,0,50,50,12.7,8.5,50,2.5,22.7,1,0.5,0.685,1.4,0,0,0,0,0,0,2,100,22,0,11,50,2.2,1,2.2,1.01,1.19
2023,535,Ezekiel Elliott,NE,RB,1,15,KC,7.6923076923076925,79.4,10,66.7,0,22,2.2,0,0.16,0,0,0,0,0,100,0,30,50,-15.9,0.4,60,1.8,81.8,1,0.1,-0.411,-4.1,5,50,13,0,2.6,40,5,50,9,0,1.8,20,3.8,6.3,3.8,6.34,-2.54
2023,536,Aaron Jones,GB,RB,1,10,PIT,9.090909090909092,57.1,10,55.6,0,22,2.2,0,0.35,0,1,0,0,0,0,0,40,60,-17,0.1,60,2.1,95.5,4,0.4,-0.257,-2.6,6,60,13,0,2.17,33.3,4,40,9,0,2.25,50,4.9,11.1,4.9,11.14,-6.24
2023,537,Samaje Perine,DEN,RB,1,5,NYJ,14.705882352941178,60,5,45.5,0,22,4.4,0,0.48,0,1,0,0,0,0,0,60,40,2,1.4,20,3,68.2,1,0.2,-0.328,-1.6,2,40,4,0,2,50,3,60,18,0,6,66.7,9.6,8.2,9.6,8.2,1.4
2023,538,Joe Mixon,CIN,RB,1,10,HST,3.6809815950920246,78.9,6,100,0,22,3.67,0,0.01,0,2,16.7,10,45.5,0,0,50,50,-4,0.33,66.7,3.33,90.9,1,0.17,-0.384,-2.3,1,16.7,5,0,5,100,5,83.3,17,0,3.4,40,4.1,5.7,4.1,5.72,-1.62
2023,539,Kareem Hunt,CLV,RB,1,12,DEN,7.777777777777778,34.5,7,41.2,0,22,3.14,0,0.69,0,3,0,0,0,100,0,42.9,57.1,0.3,1.86,0,1.29,40.9,0,0,-0.007,0,2,28.6,8,0,4,50,5,71.4,14,0,2.8,40,2.2,6.3,2.2,6.31,-4.11
2023,540,Kareem Hunt,CLV,RB,1,7,IND,7.777777777777778,29.4,7,29.2,0,22,3.14,2,1.72,0,3,25,11,50,100,28.6,57.1,42.9,1.4,1.43,42.9,1.71,54.5,1,0.14,0.351,2.5,4,57.1,17,0,4.25,50,3,42.9,5,2,1.67,66.7,14.2,12.3,14.2,12.34,1.86
2023,541,Alexander Mattison,MIN,RB,1,1,TB,6.521739130434782,80.6,9,69.2,0,22,2.44,0,0.49,0,1,0,0,0,100,0,44.4,55.6,-8.7,0.22,55.6,2.22,90.9,1,0.11,-0.186,-1.7,5,55.6,13,0,2.6,40,4,44.4,9,0,2.25,50,3.5,7.6,3.5,7.63,-4.13
2023,542,Alexander Mattison,MIN,RB,1,18,DET,4.3478260869565215,42.5,6,37.5,0,22,3.67,0,0.03,0,1,20,11,50,0,0,33.3,50,0.4,1,50,2.67,72.7,1,0.17,-0.164,-1,5,83.3,19,0,3.8,40,1,16.7,3,0,3,0,2.2,2.3,2.2,2.33,-0.13
2023,543,Justice Hill,BLT,RB,1,5,PIT,6.779661016949152,35.7,4,28.6,0,22,5.5,1,0.79,0,2,25,14,63.6,0,25,50,25,-7,4.5,25,1,18.2,0,0,0.258,1,3,75,18,1,6,66.7,1,25,4,0,4,0,8.2,7.6,8.2,7.61,0.59
2023,544,La'Mical Perine,KC,RB,1,18,LAC,100,88.9,10,90.9,0,22,2.2,0,0.33,0,0,0,0,0,100,0,30,80,-12.8,0.9,30,1.3,59.1,0,0,-0.433,-4.3,6,60,13,0,2.17,16.7,4,40,9,0,2.25,50,2.2,5.5,2.2,5.48,-3.28
2023,545,D'Andre Swift,PHI,RB,1,8,WAS,6.7164179104477615,88,9,75,0,22,2.44,1,0.38,0,1,0,0,0,0,11.1,33.3,77.8,-7,0.89,66.7,1.56,63.6,4,0.44,-0.138,-1.2,5,55.6,5,0,1,0,4,44.4,17,1,4.25,75,8.2,5.2,8.2,5.21,2.99
2023,546,Elijah Mitchell,SF,RB,1,11,TB,4.477611940298507,14.6,3,12.5,0,22,7.33,0,0.02,0,1,33.3,13,59.1,0,0,66.7,33.3,8.4,3.33,33.3,4,54.5,2,0.67,0.26,0.8,1,33.3,13,0,13,100,2,66.7,9,0,4.5,50,2.2,1.5,2.2,1.5,0.7
2023,547,Kenneth Gainwell,PHI,RB,1,9,DAL,6,18.9,3,11.5,0,22,7.33,1,0.88,0,2,33.3,12,54.5,0,33.3,66.7,0,2.9,6,0,1.33,18.2,1,0.33,0.795,2.4,2,66.7,10,0,5,50,1,33.3,12,1,12,100,8.2,7.2,8.2,7.2,1
2023,548,Rachaad White,TB,RB,1,10,TEN,6.329113924050633,75,10,71.4,0,22,2.2,0,0.08,0,1,11.1,11,50,0,0,10,90,-18.5,-0.9,90,3.1,140.9,3,0.3,-0.379,-3.8,3,30,5,0,1.67,0,7,70,17,0,2.43,14.3,13.5,6.1,13.5,6.14,7.36
2023,549,Tyler Allgeier,ATL,RB,1,13,NYJ,4.45859872611465,23.7,7,28,0,22,3.14,0,0.08,0,1,0,0,0,0,0,42.9,57.1,-7.7,0.71,42.9,2.43,77.3,1,0.14,-0.246,-1.7,6,85.7,18,0,3,33.3,1,14.3,4,0,4,100,2.2,3.4,2.2,3.44,-1.24
2023,550,Jordan Mason,SF,RB,1,6,CLV,11.428571428571429,20.5,4,20,0,22,5.5,1,0.13,0,1,33.3,10,45.5,0,25,25,50,9,1.25,50,4.25,77.3,3,0.75,0.071,0.3,3,75,19,1,6.33,33.3,1,25,3,0,3,0,8.2,2.1,8.2,2.08,6.12
2023,551,Jaleel McLaughlin,DEN,RB,1,7,GB,8.333333333333332,18.8,4,19,0,22,5.5,0,0.02,0,1,33.3,11,50,0,0,100,50,8.4,1.5,25,4,72.7,2,0.5,0.363,1.5,4,100,22,0,5.5,100,0,0,0,0,0,0,2.2,1.4,2.2,1.45,0.75
2023,552,Kareem Hunt,CLV,RB,1,8,SEA,10,41.7,9,39.1,0,21,2.33,1,0.47,0,4,0,0,0,100,11.1,55.6,44.4,-11,0.44,44.4,1.89,81,1,0.11,0.023,0.2,3,33.3,7,0,2.33,33.3,6,66.7,14,1,2.33,66.7,8.1,6,8.1,6.04,2.06
2023,553,Kareem Hunt,CLV,RB,1,9,ARZ,12.222222222222221,38.1,11,35.5,0,21,1.91,1,0.87,0,3,0,0,0,100,9.1,36.4,54.5,-23.4,0.82,45.5,1.09,57.1,0,0,-0.017,-0.2,4,36.4,9,1,2.25,25,7,63.6,12,0,1.71,42.9,8.1,9.6,8.1,9.64,-1.54
2023,554,Gus Edwards,BLT,RB,1,12,LAC,4.191616766467066,34.2,7,30.4,0,21,3,0,0.04,0,2,0,0,0,0,0,71.4,28.6,-9.3,1.43,14.3,1.57,52.4,0,0,-0.327,-2.3,4,57.1,11,0,2.75,75,3,42.9,10,0,3.33,66.7,4.2,5.1,4.2,5.09,-0.89
2023,555,Zack Moss,IND,RB,1,9,CAR,4.132231404958678,22.9,5,25,0,21,4.2,0,0.15,0,1,0,0,0,0,0,60,40,0.9,0.6,60,3.6,85.7,1,0.2,-0.01,-0.1,4,80,19,0,4.75,75,1,20,2,0,2,0,2.1,2.9,2.1,2.93,-0.83
2023,556,Joshua Kelley,LAC,RB,1,8,CHI,9.836065573770492,27.8,6,30,0,21,3.5,0,0.05,0,0,0,0,0,0,0,50,50,-6.6,1,33.3,2.5,71.4,0,0,-0.198,-1.2,5,83.3,18,0,3.6,60,1,16.7,3,0,3,0,2.1,3.1,2.1,3.09,-0.99
2023,557,Tyler Allgeier,ATL,RB,1,10,ARZ,3.821656050955414,35.7,6,27.3,0,21,3.5,0,0.21,0,1,0,0,0,0,0,50,33.3,-2.9,1.17,50,2.33,66.7,1,0.17,-0.212,-1.3,3,50,14,0,4.67,66.7,3,50,7,0,2.33,33.3,2.1,3.7,2.1,3.68,-1.58
2023,558,Tyrion Davis-Price,SF,RB,1,5,DAL,100,12.1,6,15.4,0,21,3.5,0,0.07,0,1,16.7,15,71.4,0,0,50,50,-2.5,0,66.7,3.5,100,1,0.17,-0.622,-3.7,2,33.3,19,0,9.5,100,4,66.7,2,0,0.5,25,2.1,2.8,2.1,2.76,-0.66
2023,559,Kyren Williams,LA,RB,1,6,ARZ,3.816793893129771,75,5,55.6,0,21,4.2,0,0.14,0,3,25,10,47.6,100,0,60,40,4.3,0.4,40,3.8,90.5,3,0.6,0.136,0.7,2,40,9,0,4.5,50,3,60,12,0,4,66.7,2.1,2.5,2.1,2.51,-0.41
2023,560,Breece Hall,NYJ,RB,1,12,MIA,3.314917127071823,80,6,75,0,21,3.5,0,0,0,1,16.7,11,52.4,0,0,50,50,-6.1,-0.5,66.7,4,114.3,1,0.17,-0.285,-1.7,4,66.7,6,0,1.5,25,2,33.3,15,0,7.5,100,2.1,2.7,2.1,2.72,-0.62
2023,561,Tank Bigsby,JAX,RB,1,11,TEN,21.428571428571427,27.3,9,40.9,0,21,2.33,0,0.36,0,2,0,0,0,0,0,22.2,55.6,-15.1,0,66.7,2.33,100,2,0.22,-0.114,-1,6,66.7,11,0,1.83,0,3,33.3,10,0,3.33,66.7,2.1,5.7,2.1,5.75,-3.65
2023,562,Chris Rodriguez,WAS,RB,1,12,DAL,12.5,10.5,4,21.1,0,21,5.25,0,0.01,0,1,25,13,61.9,0,0,25,25,5,0.5,50,4.75,90.5,2,0.5,-0.445,-1.8,3,75,21,0,7,33.3,1,25,0,0,0,0,2.1,1.6,2.1,1.64,0.46
2023,563,Jaleel McLaughlin,DEN,RB,1,6,KC,12.5,39.3,6,35.3,16.7,21,3.5,0,0,0,0,0,0,0,0,0,66.7,33.3,-4.9,1.33,50,2.17,61.9,0,0,-0.1,-0.6,5,83.3,14,0,2.8,60,0,0,0,0,0,0,2.1,2.6,2.1,2.6,-0.5
2023,564,Roschon Johnson,CHI,RB,1,17,ATL,11.11111111111111,43.9,7,25.9,0,21,3,1,1.04,0,1,0,0,0,33.3,14.3,28.6,57.1,-5.4,1.43,28.6,1.57,52.4,0,0,-0.283,-2,5,71.4,17,0,3.4,20,2,28.6,4,1,2,50,8.1,8.9,8.1,8.9,-0.8
2023,565,Roschon Johnson,CHI,RB,1,8,LAC,9.523809523809524,47.8,6,46.2,0,21,3.5,0,0.01,0,1,16.7,11,52.4,0,0,33.3,66.7,-4.6,1.5,33.3,2,57.1,2,0.33,-0.604,-3.6,1,16.7,5,0,5,100,5,83.3,16,0,3.2,20,3.8,4.2,3.8,4.19,-0.39
2023,566,Cordarrelle Patterson,ATL,RB,1,12,NO,14.634146341463413,20.5,6,23.1,0,20,3.33,0,0.08,0,0,0,0,0,0,0,33.3,50,-7.6,0,66.7,3.33,100,1,0.17,-0.227,-1.4,2,33.3,5,0,2.5,50,3,50,7,0,2.33,0,2,3.2,2,3.23,-1.23
2023,567,Cordarrelle Patterson,ATL,RB,1,18,NO,12.195121951219512,20.6,5,35.7,0,20,4,0,0.31,0,0,0,0,0,100,0,80,20,3.4,1.4,40,2.6,65,3,0.6,-0.367,-1.8,5,100,20,0,4,80,0,0,0,0,0,0,2,3.5,2,3.52,-1.52
2023,568,Derrick Henry,TEN,RB,1,14,MIA,4.958677685950414,82.6,12,75,0,20,1.67,2,1.5,0,2,0,0,0,100,16.7,25,58.3,-18.1,0.08,50,1.58,95,0,0,-0.135,-1.6,6,50,19,1,3.17,33.3,6,50,1,1,0.17,16.7,14,12.8,14,12.78,1.22
2023,569,James Conner,ARZ,RB,1,16,CHI,4.10958904109589,78.9,6,66.7,0,20,3.33,0,0.01,0,1,16.7,16,80,0,0,33.3,66.7,-6.3,0.67,66.7,2.67,80,1,0.17,-0.308,-1.8,1,16.7,0,0,0,0,5,83.3,20,0,4,40,10.6,4.6,10.6,4.57,6.03
2023,570,Austin Ekeler,LAC,RB,1,17,DEN,4.761904761904762,75,6,75,0,20,3.33,0,0.01,0,2,0,0,0,0,0,66.7,33.3,-7.4,1.5,16.7,1.83,55,1,0.17,-0.048,-0.3,4,66.7,12,0,3,50,2,33.3,8,0,4,100,2,2.8,2,2.78,-0.78
2023,571,Dalvin Cook,NYJ,RB,1,5,DEN,8,21.2,4,16,0,20,5,0,0.15,0,1,0,0,0,0,0,50,25,2.9,2,25,3,60,2,0.5,-0.013,-0.1,4,100,20,0,5,50,0,0,0,0,0,0,2,2.6,2,2.62,-0.62
2023,572,Joe Mixon,CIN,RB,1,3,LA,6.134969325153374,90.5,10,90.9,0,20,2,1,0.07,0,2,10,14,70,0,10,20,80,-24,-0.2,50,2.2,110,4,0.4,-0.046,-0.5,5,50,0,0,0,20,5,50,20,1,4,20,9.5,6.2,9.5,6.18,3.32
2023,573,D'Onta Foreman,CHI,RB,1,11,DET,6.578947368421052,22.4,5,12.5,0,20,4,1,0.97,0,2,33.3,13,65,100,20,80,20,5.2,1,40,3,75,2,0.4,0.208,1,3,60,18,1,6,100,2,40,2,0,1,50,8,7.3,8,7.29,0.71
2023,574,Chase Edmonds,TB,RB,1,16,JAX,27.586206896551722,35.7,8,34.8,0,20,2.5,0,0.08,0,0,0,0,0,0,0,37.5,62.5,-12.5,0.75,62.5,1.75,70,0,0,-0.293,-2.3,5,62.5,18,0,3.6,60,3,37.5,2,0,0.67,0,2,3.8,2,3.76,-1.76
2023,575,Miles Sanders,CAR,RB,1,5,DET,4.49438202247191,42.9,4,28.6,0,20,5,0,0,1,2,0,0,0,0,0,75,25,2.1,1,25,4,80,2,0.5,-1.167,-4.7,3,75,16,0,5.33,66.7,1,25,4,0,4,100,1,1.8,1,1.82,-0.82
2023,576,Miles Sanders,CAR,RB,1,9,IND,3.3707865168539324,27.6,3,16.7,0,20,6.67,0,0,0,1,33.3,11,55,0,0,66.7,33.3,7.9,0,66.7,6.67,100,2,0.67,0.244,0.7,3,100,20,0,6.67,66.7,0,0,0,0,0,0,3.3,2.7,3.3,2.74,0.56
2023,577,Patrick Taylor,GB,RB,1,1,CHI,16,13.9,4,16.7,0,20,5,0,0.02,0,1,25,10,50,0,0,25,25,6.2,0.75,25,4.25,85,1,0.25,-0.569,-2.3,3,75,15,0,5,33.3,1,25,5,0,5,0,2,1.5,2,1.53,0.47
2023,578,A.J. Dillon,GB,RB,1,9,LA,4.316546762589928,40.5,6,23.1,0,20,3.33,0,0.08,0,2,0,0,0,0,0,66.7,33.3,-0.5,1,50,2.33,70,1,0.17,-0.227,-1.4,4,66.7,17,0,4.25,75,2,33.3,3,0,1.5,50,2,2.6,2,2.55,-0.55
2023,579,Chuba Hubbard,CAR,RB,1,8,HST,7.446808510638298,78.1,14,77.8,0,20,1.43,0,0.61,0,2,0,0,0,100,0,42.9,64.3,-23.6,-0.36,64.3,1.79,125,5,0.36,-0.434,-6.1,9,64.3,13,0,1.44,44.4,5,35.7,7,0,1.4,40,4.2,9.6,4.2,9.62,-5.42
2023,580,Javonte Williams,DEN,RB,1,2,WAS,5.376344086021505,54.3,10,55.6,0,20,2,0,0.12,0,1,0,0,0,0,0,40,60,-26.7,0.5,20,1.5,75,2,0.2,-0.349,-3.5,6,60,3,0,0.5,16.7,4,40,17,0,4.25,75,3.9,7,3.9,7.01,-3.11
2023,581,Javonte Williams,DEN,RB,1,3,MIA,2.1505376344086025,83.3,4,66.7,0,20,5,0,0.01,0,2,25,16,80,0,0,50,50,4.7,3.25,50,1.75,35,1,0.25,0.097,0.4,2,50,18,0,9,50,2,50,2,0,1,50,2,1.6,2,1.59,0.41
2023,582,Jordan Mason,SF,RB,1,14,SEA,11.428571428571429,16.7,4,21.1,0,20,5,1,1.03,0,2,0,0,0,50,25,75,25,6,3.5,25,1.5,30,0,0,0.317,1.3,4,100,20,1,5,75,0,0,0,0,0,0,8,7.6,8,7.58,0.42
2023,583,Kenneth Walker,SEA,RB,1,2,DET,6.2857142857142865,74.3,11,78.6,0,20,1.82,2,1.59,0,3,16.7,14,70,80,18.2,36.4,63.6,-10.2,-0.45,72.7,2.27,125,6,0.55,-0.042,-0.5,10,90.9,20,2,2,40,1,9.1,0,0,0,0,14,12.6,14,12.55,1.45
2023,584,Jaleel McLaughlin,DEN,RB,1,17,LAC,8.333333333333332,16.7,4,19,0,20,5,0,0.01,0,1,25,10,50,0,0,50,50,3,0.5,50,4.5,90,1,0.25,0.111,0.4,3,75,18,0,6,66.7,1,25,2,0,2,0,3.5,3.2,3.5,3.24,0.26
2023,585,Devon Achane,MIA,RB,1,14,TEN,5.88235294117647,31.4,4,19,0,20,5,0,0.01,0,1,25,15,75,0,0,25,50,1,1.75,50,3.25,65,2,0.5,0.055,0.2,3,75,5,0,1.67,0,0,0,0,0,0,0,3,2.5,3,2.52,0.48
2023,586,Devon Achane,MIA,RB,1,4,BUF,5.88235294117647,55.6,4,40,0,20,5,2,0.87,0,2,33.3,10,50,100,50,75,25,6.8,2.75,25,2.25,45,1,0.25,0.584,2.3,3,75,10,1,3.33,66.7,0,0,0,0,0,0,15.7,7.8,15.7,7.82,7.88
2023,587,Jahmyr Gibbs,DET,RB,1,13,NO,4.6875,45.2,6,28.6,0,20,3.33,0,0.13,0,0,0,0,0,0,0,50,50,-9.4,1,33.3,2.33,70,2,0.33,-0.154,-0.9,4,66.7,11,0,2.75,25,1,16.7,5,0,5,100,2.4,5.1,2.4,5.07,-2.67
2023,588,Ezekiel Elliott,NE,RB,1,7,BUF,6.923076923076923,44.1,9,60,0,19,2.11,1,2,0,2,0,0,0,100,11.1,55.6,55.6,-14.9,-0.11,77.8,2.22,105.3,1,0.11,-0.007,-0.1,4,44.4,16,0,4,75,5,55.6,3,1,0.6,40,7.9,15.4,7.9,15.45,-7.55
2023,589,Dalvin Cook,NYJ,RB,1,10,LV,6,19.2,3,25,0,19,6.33,0,0.05,0,1,33.3,10,52.6,0,0,66.7,33.3,1.9,4,33.3,2.33,36.8,1,0.33,0.243,0.7,2,66.7,9,0,4.5,50,1,33.3,10,0,10,100,1.9,2,1.9,1.98,-0.08
2023,590,Joe Mixon,CIN,RB,1,6,SEA,4.294478527607362,87.5,7,100,0,19,2.71,0,0.02,0,0,0,0,0,0,0,28.6,57.1,-11.4,0.71,28.6,2,73.7,1,0.14,-0.468,-3.3,2,28.6,4,0,2,0,5,71.4,15,0,3,40,1.9,4.8,1.9,4.78,-2.88
2023,591,D'Ernest Johnson,JAX,RB,1,6,IND,5.263157894736842,6.7,1,6.7,0,19,19,0,0,0,1,100,19,100,0,0,100,0,13.9,12,0,7,36.8,0,0,1.146,1.1,0,0,0,0,0,0,1,100,19,0,19,100,1.9,0.5,1.9,0.53,1.37
2023,592,Cam Akers,MIN,RB,1,4,CAR,4.081632653061225,30.4,2,11.8,0,19,9.5,0,0.02,0,1,50,10,52.6,0,0,100,0,10.6,4,0,5.5,57.9,1,0.5,0.804,1.6,1,50,10,0,10,100,1,50,9,0,9,100,1.9,0.9,1.9,0.94,0.96
2023,593,James Cook,BUF,RB,1,18,MIA,5.594405594405594,57.1,8,47.1,0,19,2.38,0,0.21,0,1,16.7,14,73.7,100,0,25,75,-9.9,0.5,50,1.88,78.9,3,0.38,-0.325,-2.6,4,50,17,0,4.25,25,4,50,2,0,0.5,25,1.9,4.1,1.9,4.13,-2.23
2023,594,Jordan Mason,SF,RB,1,15,ARZ,11.428571428571429,38.9,4,36.4,0,19,4.75,0,0.08,0,1,25,17,89.5,0,0,25,50,-2,0,50,4.75,100,1,0.25,-0.109,-0.4,4,100,19,0,4.75,25,0,0,0,0,0,0,1.9,2.5,1.9,2.55,-0.65
2023,595,Brian Robinson,WAS,RB,1,6,ATL,3.225806451612903,70.6,4,57.1,0,19,4.75,0,0.01,0,0,0,0,0,0,0,50,50,2.6,0,50,4.75,100,2,0.5,-0.067,-0.3,3,75,15,0,5,33.3,1,25,4,0,4,100,3,3.2,3,3.23,-0.23
2023,596,Brian Robinson,WAS,RB,1,7,NYG,4.838709677419355,59.5,6,50,0,19,3.17,1,0.41,0,1,0,0,0,100,16.7,50,50,-4.6,1.17,33.3,2,63.2,0,0,0.022,0.1,3,50,6,1,2,33.3,3,50,13,0,4.33,66.7,7.9,4.8,7.9,4.84,3.06
2023,597,Brian Robinson,WAS,RB,1,8,PHI,5.64516129032258,65.4,7,70,0,19,2.71,0,0.03,0,2,14.3,10,52.6,0,0,42.9,57.1,-12.2,0.43,42.9,2.29,84.2,1,0.14,-0.313,-2.2,4,57.1,8,0,2,25,3,42.9,11,0,3.67,66.7,4,5,4,5.01,-1.01
2023,598,Bijan Robinson,ATL,RB,1,14,TB,4,60.6,6,37.5,0,19,3.17,1,0.22,0,1,0,0,0,100,16.7,50,50,-4.5,1,50,2.17,68.4,1,0.17,0.022,0.1,6,100,19,1,3.17,50,0,0,0,0,0,0,11.3,6.8,11.3,6.85,4.45
2023,599,Latavius Murray,BUF,RB,1,11,NYJ,10.526315789473683,29,6,27.3,0,18,3,0,0.1,0,2,0,0,0,0,0,83.3,16.7,-8.9,1.17,33.3,1.83,61.1,0,0,-0.229,-1.4,1,16.7,4,0,4,100,5,83.3,14,0,2.8,80,1.8,3.3,1.8,3.31,-1.51
2023,600,Melvin Gordon,BLT,RB,1,18,PIT,31.818181818181817,21.9,7,43.8,0,18,2.57,0,0,1,1,0,0,0,0,0,42.9,57.1,-12.4,1.29,28.6,1.29,50,0,0,-0.873,-6.1,4,57.1,12,0,3,50,3,42.9,6,0,2,33.3,0.8,3.1,0.8,3.07,-2.27
2023,601,Ezekiel Elliott,NE,RB,1,1,PHI,2.307692307692308,41.2,3,27.3,0,18,6,0,0,0,3,33.3,11,61.1,0,0,100,0,5,4.33,0,1.67,27.8,0,0,0.639,1.9,2,66.7,15,0,7.5,100,0,0,0,0,0,0,3.2,3,3.2,2.95,0.25
2023,602,Aaron Jones,GB,RB,1,4,DET,4.545454545454546,52,5,55.6,0,18,3.6,0,0,0,0,0,0,0,0,0,60,40,-1.6,2.4,20,1.2,33.3,0,0,0.185,0.9,2,40,1,0,0.5,0,3,60,17,0,5.67,100,1.8,3.5,1.8,3.5,-1.7
2023,603,Aaron Jones,GB,RB,1,7,DEN,4.545454545454546,34.2,5,27.8,0,18,3.6,0,0,0,1,0,0,0,0,0,80,20,-4.4,0,60,3.6,100,1,0.2,-0.082,-0.4,4,80,14,0,3.5,75,1,20,4,0,4,100,7,8,7,8.01,-1.01
2023,604,Kareem Hunt,CLV,RB,1,11,PIT,11.11111111111111,44.7,10,43.5,0,18,1.8,0,0.04,0,2,0,0,0,0,0,40,70,-25.9,-0.1,70,1.9,105.6,1,0.1,-0.165,-1.6,2,20,0,0,0,0,8,80,18,0,2.25,50,2.5,6.3,2.5,6.28,-3.78
2023,605,Miles Sanders,CAR,RB,1,18,TB,3.3707865168539324,12.5,3,11.5,0,18,6,0,0,0,1,33.3,13,72.2,0,0,33.3,66.7,5.8,4.33,33.3,1.67,27.8,0,0,0.011,0,3,100,18,0,6,33.3,0,0,0,0,0,0,1.8,1.2,1.8,1.25,0.55
2023,606,Miles Sanders,CAR,RB,1,4,MIN,12.359550561797752,38,11,44,0,18,1.64,0,0.15,0,1,0,0,0,100,0,9.1,90.9,-31.2,0.18,54.5,1.45,88.9,0,0,-0.493,-5.4,7,63.6,13,0,1.86,14.3,4,36.4,5,0,1.25,0,3.3,7.4,3.3,7.43,-4.13
2023,607,Devin Singletary,HST,RB,1,12,JAX,3.7037037037037033,72.4,6,54.5,0,18,3,0,0.57,0,1,33.3,14,77.8,66.7,0,50,66.7,2.8,0,50,3,100,1,0.17,-0.095,-0.6,3,50,1,0,0.33,33.3,3,50,17,0,5.67,66.7,5.4,8.3,5.4,8.33,-2.93
2023,608,Tony Pollard,DAL,RB,1,8,LA,3.3707865168539324,50,6,54.5,0,18,3,0,0.26,0,0,0,0,0,0,0,33.3,50,-13.6,0.83,50,2.17,72.2,0,0,-0.233,-1.4,2,33.3,10,0,5,50,4,66.7,8,0,2,25,1.8,4.7,1.8,4.69,-2.89
2023,609,Darrell Henderson,LA,RB,1,9,GB,22.22222222222222,53.1,8,40,0,18,2.25,0,0.01,0,0,0,0,0,0,0,50,37.5,-15.8,-0.38,37.5,2.63,116.7,1,0.13,-0.232,-1.9,5,62.5,6,0,1.2,40,3,37.5,12,0,4,66.7,1.8,3.4,1.8,3.42,-1.62
2023,610,Tony Jones,NO,RB,1,2,CAR,42.857142857142854,48.6,9,39.1,0,18,2,2,1.42,0,3,0,0,0,66.7,22.2,44.4,55.6,-9.9,0.11,77.8,1.89,94.4,0,0,0.069,0.6,6,66.7,9,2,1.5,50,3,33.3,9,0,3,33.3,13.8,11.3,13.8,11.32,2.48
2023,611,D'Andre Swift,PHI,RB,1,15,SEA,5.223880597014925,75,7,46.7,0,18,2.57,0,0.06,0,1,0,0,0,33.3,0,42.9,57.1,-6.8,0.86,28.6,1.71,66.7,1,0.14,-0.155,-1.1,4,57.1,5,0,1.25,25,3,42.9,13,0,4.33,66.7,1.8,2.8,1.8,2.82,-1.02
2023,612,Joshua Kelley,LAC,RB,1,9,NYJ,4.918032786885246,31.3,3,17.6,0,18,6,0,0.01,0,1,33.3,12,66.7,0,0,66.7,33.3,3.6,3.33,33.3,2.67,44.4,2,0.67,0.108,0.3,1,33.3,4,0,4,100,2,66.7,14,0,7,50,1.8,1.5,1.8,1.52,0.28
2023,613,Najee Harris,PIT,RB,1,11,CLV,5.288461538461538,63.6,11,52.4,0,18,1.64,0,0.01,0,1,0,0,0,0,0,36.4,63.6,-27.2,-1,81.8,2.64,161.1,2,0.18,-0.416,-4.6,5,45.5,4,0,0.8,40,6,54.5,14,0,2.33,33.3,1.8,4.6,1.8,4.57,-2.77
2023,614,Najee Harris,PIT,RB,1,15,IND,3.3653846153846154,58.8,7,53.8,0,18,2.57,0,0.02,1,0,0,0,0,0,0,28.6,57.1,-14.7,0.57,42.9,2,77.8,3,0.43,-0.949,-6.6,3,42.9,6,0,2,33.3,4,57.1,12,0,3,25,0.8,3.4,0.8,3.38,-2.58
2023,615,Kenneth Gainwell,PHI,RB,1,18,NYG,6,38.7,3,30,0,18,6,0,0,0,1,33.3,12,66.7,0,0,66.7,33.3,4.4,1.67,0,4.33,72.2,1,0.33,0.153,0.5,1,33.3,2,0,2,0,2,66.7,16,0,8,100,1.8,1.9,1.8,1.94,-0.14
2023,616,Jaylen Warren,PIT,RB,1,16,CIN,5.88235294117647,42.5,6,24,0,18,3,0,0.17,0,0,0,0,0,0,0,16.7,50,-12.8,0.67,66.7,2.33,77.8,0,0,-0.23,-1.4,2,33.3,5,0,2.5,50,4,66.7,13,0,3.25,0,3.7,5.6,3.7,5.58,-1.88
2023,617,James Cook,BUF,RB,1,12,PHI,4.895104895104895,31.3,7,35,0,18,2.57,0,0.04,0,1,16.7,11,61.1,0,0,28.6,71.4,-11.7,2,28.6,0.57,22.2,0,0,-0.323,-2.3,2,28.6,1,0,0.5,0,5,71.4,17,0,3.4,40,5.7,4.9,5.7,4.89,0.81
2023,618,Dameon Pierce,HST,RB,1,6,NO,8.19672131147541,44.1,10,43.5,0,18,1.8,0,1.1,0,1,0,0,0,75,0,40,60,-14.3,-0.2,60,2,111.1,3,0.3,-0.407,-4.1,8,80,13,0,1.63,37.5,2,20,5,0,2.5,50,1.8,9.8,1.8,9.81,-8.01
2023,619,Breece Hall,NYJ,RB,1,10,LV,4.972375690607735,80.8,9,75,0,18,2,0,0.15,0,0,0,0,0,0,0,11.1,66.7,-22.5,0.44,55.6,1.56,77.8,1,0.11,-0.522,-4.7,5,55.6,13,0,2.6,20,4,44.4,5,0,1.25,0,6.3,6.4,6.3,6.35,-0.05
2023,620,Kenneth Walker,SEA,RB,1,11,LA,2.2857142857142856,23.1,4,25,0,18,4.5,0,0,0,0,0,0,0,0,0,75,25,0.8,3,25,1.5,33.3,2,0.5,0.002,0,3,75,12,0,4,66.7,1,25,6,0,6,100,2.6,3.3,2.6,3.25,-0.65
2023,621,Roschon Johnson,CHI,RB,1,10,CAR,6.349206349206349,21.2,4,20,0,18,4.5,0,0.01,0,1,0,0,0,0,0,75,0,-0.8,2,0,2.5,55.6,0,0,0.027,0.1,3,75,12,0,4,66.7,1,25,6,0,6,100,1.8,1.9,1.8,1.93,-0.13
2023,622,Jahmyr Gibbs,DET,RB,1,3,ATL,4.6875,45.8,6,42.9,0,18,3,0,0.08,0,1,20,12,66.7,0,0,33.3,66.7,-7.7,1,66.7,2,66.7,1,0.17,-0.245,-1.5,2,33.3,1,0,0.5,0,4,66.7,17,0,4.25,50,1.8,3.1,1.8,3.07,-1.27
2023,623,Ezekiel Elliott,NE,RB,1,16,DEN,6.153846153846154,77.8,8,61.5,0,17,2.13,0,0.06,0,1,0,0,0,0,0,25,62.5,-13.4,0.75,50,1.38,64.7,1,0.13,-0.336,-2.7,2,25,1,0,0.5,0,6,75,16,0,2.67,33.3,1.7,3.4,1.7,3.41,-1.71
2023,624,Matt Breida,NYG,RB,1,3,SF,13.333333333333334,71.4,4,44.4,0,17,4.25,1,0.06,0,1,0,0,0,0,25,50,50,2.2,2,50,2.25,52.9,2,0.5,0.197,0.8,0,0,0,0,0,0,4,100,17,1,4.25,50,9.5,3.5,9.5,3.5,6
2023,625,Dalvin Cook,NYJ,RB,1,1,BUF,22,52.9,11,52.4,0,17,1.55,0,0.07,0,0,0,0,0,0,0,27.3,63.6,-22.3,-0.27,54.5,1.82,117.6,2,0.18,-0.532,-5.9,2,18.2,-7,0,-3.5,0,9,81.8,24,0,2.67,33.3,3.1,6.1,3.1,6.09,-2.99
2023,626,Alvin Kamara,NO,RB,1,16,LA,5.109489051094891,70.6,7,70,0,17,2.43,0,0.01,0,0,0,0,0,0,0,28.6,71.4,-14.5,1,42.9,1.43,58.8,0,0,-0.336,-2.4,6,85.7,14,0,2.33,33.3,1,14.3,3,0,3,0,1.7,3.2,1.7,3.19,-1.49
2023,627,Jamaal Williams,NO,RB,1,2,CAR,7.446808510638298,35.1,7,30.4,0,17,2.43,0,0.03,0,0,0,0,0,0,0,57.1,42.9,-12.3,0.29,42.9,2.14,88.2,1,0.14,-0.32,-2.2,4,57.1,14,0,3.5,75,3,42.9,3,0,1,33.3,1.7,3.1,1.7,3.08,-1.38
2023,628,Gus Edwards,BLT,RB,1,3,IND,3.592814371257485,50,6,37.5,0,17,2.83,0,0.01,0,2,16.7,10,58.8,0,0,50,50,-5.6,0.5,50,2.33,82.4,1,0.17,-0.398,-2.4,2,33.3,7,0,3.5,100,4,66.7,10,0,2.5,25,1.7,2.3,1.7,2.31,-0.61
2023,629,Alexander Mattison,MIN,RB,1,17,GB,2.1739130434782608,37.5,3,33.3,0,17,5.67,0,0.01,0,0,0,0,0,0,0,100,0,2.1,2,33.3,3.67,64.7,1,0.33,0.183,0.5,3,100,17,0,5.67,100,0,0,0,0,0,0,1.7,1.5,1.7,1.52,0.18
2023,630,Tony Pollard,DAL,RB,1,4,NE,2.8089887640449436,40.9,5,26.3,0,17,3.4,0,0.18,0,0,0,0,0,0,0,40,40,-5.7,1.4,20,2,58.8,0,0,0.157,0.8,3,60,11,0,3.67,66.7,2,40,6,0,3,0,3.1,5,3.1,4.99,-1.89
2023,631,Tony Pollard,DAL,RB,1,9,PHI,3.932584269662921,82.8,7,63.6,0,17,2.43,0,0.15,0,0,0,0,0,0,0,28.6,71.4,-9.7,0.71,42.9,1.71,70.6,2,0.29,-0.382,-2.7,1,14.3,3,0,3,0,6,85.7,14,0,2.33,33.3,3.4,6.7,3.4,6.69,-3.29
2023,632,Ty Johnson,BUF,RB,1,12,PHI,21.73913043478261,18.8,5,25,0,17,3.4,0,0.19,0,2,0,0,0,0,0,80,20,-1.5,-0.4,40,3.8,111.8,2,0.4,-0.115,-0.6,4,80,22,0,5.5,100,1,20,-5,0,-5,0,1.7,3,1.7,3.01,-1.31
2023,633,Rico Dowdle,DAL,RB,1,2,NYJ,9.836065573770492,29.8,6,19.4,0,17,2.83,0,0.64,0,1,0,0,0,33.3,0,66.7,33.3,-2.7,1,16.7,1.83,64.7,0,0,-0.234,-1.4,2,33.3,9,0,4.5,100,4,66.7,8,0,2,50,4.4,7.5,4.4,7.45,-3.05
2023,634,Zack Moss,IND,RB,1,4,LA,8.264462809917356,66.7,10,71.4,0,17,1.7,0,0.72,0,1,0,0,0,80,0,40,70,-15.4,0.7,30,1,58.8,0,0,-0.365,-3.6,6,60,8,0,1.33,33.3,4,40,9,0,2.25,50,1.7,7.6,1.7,7.55,-5.85
2023,635,Zack Moss,IND,RB,1,6,JAX,4.132231404958678,59.5,5,50,0,17,3.4,1,0.29,0,2,0,0,0,50,20,60,40,1.4,-0.2,60,3.6,105.9,4,0.8,-0.136,-0.7,5,100,17,1,3.4,60,0,0,0,0,0,0,13.6,11.2,13.6,11.21,2.39
2023,636,Antonio Gibson,WAS,RB,1,16,NYJ,11.76470588235294,45.8,4,30.8,0,17,4.25,1,0.61,0,1,0,0,0,50,25,75,25,5.4,1.75,50,2.5,58.8,1,0.25,0.499,2,4,100,17,1,4.25,75,0,0,0,0,0,0,8.9,6.3,8.9,6.26,2.64
2023,637,Joshua Kelley,LAC,RB,1,15,LV,4.918032786885246,14.3,3,16.7,0,17,5.67,0,0,0,1,33.3,11,64.7,0,0,66.7,33.3,2.1,2.67,33.3,3,52.9,1,0.33,0.127,0.4,3,100,17,0,5.67,66.7,0,0,0,0,0,0,1.7,1.5,1.7,1.51,0.19
2023,638,Cam Akers,MIN,RB,1,9,ATL,12.244897959183673,36.1,6,37.5,0,17,2.83,0,0.58,0,1,20,19,111.8,50,0,16.7,66.7,-6.5,0.33,66.7,2.5,88.2,1,0.17,-0.452,-2.7,4,66.7,0,0,0,0,2,33.3,17,0,8.5,50,1.7,5.8,1.7,5.84,-4.14
2023,639,Rhamondre Stevenson,NE,RB,1,7,BUF,4.504504504504505,55.9,5,33.3,0,17,3.4,0,0.02,0,1,20,14,82.4,0,0,20,80,-5.7,0.2,80,3.2,94.1,1,0.2,-0.21,-1,2,40,15,0,7.5,50,3,60,2,0,0.67,0,2.5,4,2.5,4,-1.5
2023,640,Jaylen Warren,PIT,RB,1,2,CLV,4.901960784313726,32.1,5,38.5,0,17,3.4,0,0.04,0,1,0,0,0,0,0,60,40,-6.9,0.6,40,2.8,82.4,4,0.8,-0.044,-0.2,3,60,3,0,1,33.3,2,40,14,0,7,100,1.7,2.6,1.7,2.61,-0.91
2023,641,James Cook,BUF,RB,1,9,CIN,3.4965034965034967,56.3,5,55.6,0,17,3.4,0,0.01,0,1,0,0,0,0,0,40,60,-4.7,0.8,60,2.6,76.5,2,0.4,-0.168,-0.8,1,20,2,0,2,0,4,80,15,0,3.75,50,1.7,2.2,1.7,2.21,-0.51
2023,642,Jerome Ford,CLV,RB,1,15,CHI,4.411764705882353,48.3,6,54.5,0,17,2.83,0,0.02,0,0,0,0,0,0,0,50,50,-8.5,1.17,50,1.67,58.8,1,0.17,-0.315,-1.9,4,66.7,14,0,3.5,50,2,33.3,3,0,1.5,50,4.5,5.7,4.5,5.67,-1.17
2023,643,Ty Chandler,MIN,RB,1,16,DET,10.38961038961039,91.7,8,88.9,0,17,2.13,1,0.88,0,1,0,0,0,100,12.5,25,75,-12.9,0.88,37.5,1.25,58.8,0,0,-0.247,-2,4,50,11,1,2.75,50,4,50,6,0,1.5,0,7.7,8.3,7.7,8.29,-0.59
2023,644,Breece Hall,NYJ,RB,1,8,NYG,6.629834254143646,71.4,12,66.7,0,17,1.42,0,0.01,0,0,0,0,0,0,0,25,75,-37.3,-0.58,66.7,2,141.2,2,0.17,-0.483,-5.8,3,25,0,0,0,0,9,75,17,0,1.89,33.3,9.3,14.2,9.3,14.24,-4.94
2023,645,Kenneth Walker,SEA,RB,1,14,SF,4,72,7,63.6,0,17,2.43,0,0.01,0,2,14.3,12,70.6,0,0,28.6,71.4,-13.9,0.86,57.1,1.57,64.7,2,0.29,-0.425,-3,5,71.4,5,0,1,20,2,28.6,12,0,6,50,6.5,6.3,6.5,6.26,0.24
2023,646,Tyjae Spears,TEN,RB,1,9,PIT,5.970149253731343,29.7,4,18.2,0,17,4.25,0,0.01,0,0,0,0,0,0,0,50,25,-0.1,0.25,50,4,94.1,0,0,-0.016,-0.1,4,100,17,0,4.25,50,0,0,0,0,0,0,1.7,1.7,1.7,1.75,-0.05
2023,647,Matt Breida,NYG,RB,1,14,GB,6.666666666666667,23.5,2,8.3,0,16,8,0,0,0,1,0,0,0,0,0,100,0,6.8,6.5,0,1.5,18.8,1,0.5,0.45,0.9,2,100,16,0,8,100,0,0,0,0,0,0,1.6,0.9,1.6,0.95,0.65
2023,648,Austin Ekeler,LAC,RB,1,6,DAL,8.73015873015873,75,11,78.6,0,16,1.45,0,0.12,0,1,0,0,0,100,0,36.4,72.7,-26.2,-0.36,72.7,1.82,125,0,0,-0.475,-5.2,7,63.6,15,0,2.14,57.1,4,36.4,1,0,0.25,0,5.3,11.1,5.3,11.07,-5.77
2023,649,Jeffery Wilson,MIA,RB,1,17,BLT,6.896551724137931,27.6,2,11.1,0,16,8,0,0.25,0,1,100,15,93.8,100,0,100,50,10.4,2,50,6,75,4,2,0.67,1.3,1,50,15,0,15,100,1,50,1,0,1,100,1.6,2,1.6,2.05,-0.45
2023,650,Miles Sanders,CAR,RB,1,13,TB,6.741573033707865,31.7,6,23.1,0,16,2.67,0,0.01,0,0,0,0,0,0,0,50,50,-11.1,0.83,33.3,1.83,68.8,0,0,-0.385,-2.3,3,50,6,0,2,66.7,3,50,10,0,3.33,33.3,3.2,4.4,3.2,4.36,-1.16
2023,651,Devin Singletary,HST,RB,1,14,NYJ,4.320987654320987,60,7,58.3,0,16,2.29,1,0.64,0,1,0,0,0,100,14.3,28.6,57.1,-8.4,0.43,42.9,1.86,81.3,2,0.29,-0.233,-1.6,3,42.9,6,1,2,33.3,4,57.1,10,0,2.5,25,7.6,9.8,7.6,9.76,-2.16
2023,652,Patrick Taylor,GB,RB,1,14,NYG,12,34.9,3,15.8,0,16,5.33,0,0.01,0,1,0,0,0,0,0,100,0,1.9,2.67,0,2.67,50,0,0,0.219,0.7,1,33.3,7,0,7,100,2,66.7,9,0,4.5,100,5.8,4.7,5.8,4.7,1.1
2023,653,Zack Moss,IND,RB,1,18,HST,2.479338842975207,15.6,3,15,0,16,5.33,0,0.01,0,1,33.3,11,68.8,0,0,66.7,33.3,2.8,3,33.3,2.33,43.8,1,0.33,-0.057,-0.2,2,66.7,5,0,2.5,50,1,33.3,11,0,11,100,1.6,1.4,1.6,1.36,0.24
2023,654,Darrynton Evans,MIA,RB,1,12,NYJ,8,0,2,6.3,0,16,8,0,0.02,0,1,50,13,81.3,0,0,50,50,7.1,3.5,50,4.5,56.3,0,0,0.305,0.6,1,50,13,0,13,100,1,50,3,0,3,0,1.6,1,1.6,1.01,0.59
2023,655,Antonio Gibson,WAS,RB,1,9,NE,5.88235294117647,28.6,2,11.1,0,16,8,0,0,0,2,50,12,75,0,0,100,0,6.9,1.5,50,6.5,81.3,2,1,0.565,1.1,2,100,16,0,8,100,0,0,0,0,0,0,8.6,7.2,8.6,7.23,1.37
2023,656,Chuba Hubbard,CAR,RB,1,2,NO,1.0638297872340425,27.3,2,20,0,16,8,0,0.01,0,1,50,14,87.5,0,0,50,50,7.3,0,100,8,100,1,0.5,1.03,2.1,2,100,16,0,8,50,0,0,0,0,0,0,3.7,2.5,3.7,2.53,1.17
2023,657,Chuba Hubbard,CAR,RB,1,5,DET,2.6595744680851063,53.6,5,35.7,0,16,3.2,0,0,0,2,0,0,0,0,0,60,40,-3.9,1,40,2.2,68.8,1,0.2,-0.083,-0.4,4,80,13,0,3.25,75,1,20,3,0,3,0,2.6,3.5,2.6,3.55,-0.95
2023,658,Rhamondre Stevenson,NE,RB,1,2,MIA,6.306306306306306,84.6,7,70,0,16,2.29,1,0.73,0,4,0,0,0,100,14.3,71.4,28.6,-7.9,1.43,28.6,0.86,37.5,1,0.14,-0.125,-0.9,2,28.6,8,1,4,100,5,71.4,8,0,1.6,60,9.3,8.4,9.3,8.43,0.87
2023,659,Rhamondre Stevenson,NE,RB,1,5,NO,4.504504504504505,70.6,5,50,0,16,3.2,0,0,0,0,0,0,0,0,0,40,40,-2.2,1.6,20,1.6,50,1,0.2,-0.869,-4.3,1,20,4,0,4,100,4,80,12,0,3,25,1.6,1.9,1.6,1.86,-0.26
2023,660,Michael Carter,ARZ,RB,1,18,SEA,18.75,10,3,11.5,0,16,5.33,0,0.02,0,1,33.3,15,93.8,0,0,33.3,66.7,3,3,66.7,2.33,43.8,0,0,-0.255,-0.8,1,33.3,2,0,2,0,2,66.7,14,0,7,50,1.6,1.4,1.6,1.4,0.2
2023,661,Isiah Pacheco,KC,RB,1,12,LV,5.084745762711865,68.2,6,66.7,0,16,2.67,2,1.56,0,3,0,0,0,66.7,33.3,66.7,33.3,-2.3,1.17,33.3,1.5,56.3,0,0,0.294,1.8,2,33.3,10,0,5,100,4,66.7,6,2,1.5,50,18.1,14.2,18.1,14.16,3.94
2023,662,Rachaad White,TB,RB,1,4,NO,5.063291139240507,64.1,8,53.3,0,16,2,0,0.34,0,1,0,0,0,50,0,50,62.5,-9.9,0,75,2,100,0,0,-0.416,-3.3,7,87.5,15,0,2.14,57.1,1,12.5,1,0,1,0,3.6,6.2,3.6,6.23,-2.63
2023,663,Dameon Pierce,HST,RB,1,13,DEN,10.655737704918032,46.2,13,56.5,0,16,1.23,1,1.63,0,1,0,0,0,100,7.7,23.1,76.9,-43,0.08,53.8,1.15,93.8,1,0.08,-0.391,-5.1,6,46.2,4,1,0.67,33.3,7,53.8,12,0,1.71,14.3,7.6,15.7,7.6,15.69,-8.09
2023,664,Dameon Pierce,HST,RB,1,17,TEN,6.557377049180328,28.2,8,36.4,0,16,2,0,0.08,0,0,0,0,0,0,0,25,50,-18.5,-0.25,62.5,2.25,112.5,1,0.13,-0.359,-2.9,5,62.5,13,0,2.6,40,3,37.5,3,0,1,0,3.1,5.6,3.1,5.63,-2.53
2023,665,Tyler Allgeier,ATL,RB,1,4,JAX,4.45859872611465,37.5,7,36.8,0,16,2.29,0,0.03,0,1,0,0,0,0,0,42.9,42.9,-10.6,0.43,57.1,1.86,81.3,0,0,-0.28,-2,4,57.1,1,0,0.25,50,3,42.9,15,0,5,33.3,2.2,5.7,2.2,5.74,-3.54
2023,666,Jerome Ford,CLV,RB,1,13,LA,5.147058823529411,53.1,7,43.8,0,16,2.29,0,0.03,0,2,16.7,10,62.5,0,0,42.9,71.4,-14.8,0.57,42.9,1.71,75,1,0.14,-0.213,-1.5,5,71.4,3,0,0.6,40,2,28.6,13,0,6.5,50,11,12.3,11,12.26,-1.26
2023,667,Tyjae Spears,TEN,RB,1,10,TB,5.970149253731343,37.8,4,26.7,0,16,4,0,0.01,0,1,25,15,93.8,0,0,25,75,-1.8,1,75,3,75,0,0,-0.164,-0.7,1,25,1,0,1,0,3,75,15,0,5,33.3,4.1,3.4,4.1,3.38,0.72
2023,668,Tyjae Spears,TEN,RB,1,16,SEA,5.970149253731343,26.7,4,21.1,0,16,4,0,0.01,0,2,0,0,0,0,0,75,25,2,1.25,25,2.75,68.8,0,0,0.469,1.9,0,0,0,0,0,0,4,100,16,0,4,75,1.6,1.5,1.6,1.46,0.14
2023,669,Jahmyr Gibbs,DET,RB,1,18,MIN,8.59375,48.8,11,55,0,16,1.45,1,1.02,0,2,0,0,0,33.3,9.1,36.4,54.5,-29.3,0.36,54.5,1.09,75,3,0.27,-0.201,-2.2,8,72.7,15,0,1.88,25,3,27.3,1,1,0.33,66.7,7.6,10.6,7.6,10.65,-3.05
2023,670,Raheem Mostert,MIA,RB,1,1,LAC,3.1645569620253164,78.3,5,55.6,0,15,3,1,0.87,0,2,25,12,80,50,20,60,40,-2.5,1.6,40,1.4,46.7,1,0.2,0.046,0.2,3,60,13,0,4.33,66.7,2,40,2,1,1,50,9,8.6,9,8.64,0.36
2023,671,Joe Mixon,CIN,RB,1,9,BUF,6.134969325153374,95.5,10,90.9,0,15,1.5,1,1.17,0,2,0,0,0,100,10,30,70,-24.5,-0.7,60,2.2,146.7,3,0.3,-0.206,-2.1,4,40,8,1,2,25,6,60,7,0,1.17,33.3,10,12.5,10,12.53,-2.53
2023,672,Jeffery Wilson,MIA,RB,1,16,DAL,13.793103448275861,30.8,4,23.5,0,15,3.75,0,0.12,0,1,0,0,0,0,0,50,50,-0.1,1.75,25,2,53.3,0,0,-0.133,-0.5,2,50,9,0,4.5,50,2,50,6,0,3,50,1.5,2.2,1.5,2.24,-0.74
2023,673,Justice Hill,BLT,RB,1,4,CLV,1.694915254237288,7.1,1,4.8,0,15,15,0,0,0,1,100,15,100,0,0,100,0,10.4,10,0,5,33.3,0,0,0.89,0.9,1,100,15,0,15,100,0,0,0,0,0,0,1.5,0.5,1.5,0.48,1.02
2023,674,Miles Sanders,CAR,RB,1,1,ATL,4.49438202247191,53.8,4,40,0,15,3.75,0,0.01,0,1,0,0,0,0,0,75,25,-0.4,1.75,25,2,53.3,0,0,0.263,1.1,4,100,15,0,3.75,75,0,0,0,0,0,0,2.8,3.3,2.8,3.34,-0.54
2023,675,Damien Harris,BUF,RB,1,2,LV,27.77777777777778,27.3,5,25,0,15,3,1,1.24,0,1,0,0,0,60,20,60,40,4.2,0.6,40,2.4,80,1,0.2,0.31,1.6,1,20,2,0,2,0,4,80,13,1,3.25,75,7.5,8.5,7.5,8.54,-1.04
2023,676,David Montgomery,DET,RB,1,6,TB,3.1055900621118013,27.9,5,31.3,0,15,3,0,0.02,0,0,0,0,0,0,0,60,20,-5.4,0.2,60,2.8,93.3,2,0.4,-0.193,-1,3,60,14,0,4.67,100,2,40,1,0,0.5,0,4.4,3.6,4.4,3.55,0.85
2023,677,Rico Dowdle,DAL,RB,1,11,CAR,11.475409836065573,50,7,46.7,0,15,2.14,0,0.19,0,1,14.3,11,73.3,0,0,14.3,85.7,-18.3,0.43,42.9,1.71,80,1,0.14,-0.254,-1.8,4,57.1,13,0,3.25,25,3,42.9,2,0,0.67,0,2.3,6.7,2.3,6.66,-4.36
2023,678,Rico Dowdle,DAL,RB,1,18,WAS,8.19672131147541,29.7,5,23.8,0,15,3,0,0.08,0,0,0,0,0,0,0,60,40,-8.4,1.4,40,1.6,53.3,0,0,-0.132,-0.7,2,40,3,0,1.5,50,3,60,12,0,4,66.7,5.7,4.5,5.7,4.51,1.19
2023,679,Antonio Gibson,WAS,RB,1,15,LA,11.76470588235294,27.3,4,33.3,0,15,3.75,0,0.01,0,0,0,0,0,0,0,25,50,-1.8,1.25,50,2.5,66.7,2,0.5,-0.185,-0.7,3,75,14,0,4.67,33.3,1,25,1,0,1,0,1.5,1.8,1.5,1.75,-0.25
2023,680,Rhamondre Stevenson,NE,RB,1,8,MIA,4.504504504504505,36.8,5,45.5,0,15,3,0,0.13,0,1,0,0,0,100,0,40,60,-2.1,1,60,2,66.7,0,0,-0.216,-1.1,4,80,15,0,3.75,50,1,20,0,0,0,0,1.5,2.5,1.5,2.52,-1.02
2023,681,Khalil Herbert,CHI,RB,1,3,KC,2.8301886792452833,60,3,30,0,15,5,0,0,0,0,0,0,0,0,0,66.7,33.3,1.4,2.67,0,2.33,46.7,1,0.33,0.075,0.2,0,0,0,0,0,0,3,100,15,0,5,66.7,1.5,1.4,1.5,1.37,0.13
2023,682,Travis Etienne,JAX,RB,1,18,TEN,3.2085561497326207,78.9,6,66.7,0,15,2.5,0,0.03,0,1,0,0,0,0,0,50,50,-10.1,1,50,1.5,60,0,0,-0.205,-1.2,3,50,4,0,1.33,33.3,3,50,11,0,3.67,66.7,2.8,4.3,2.8,4.32,-1.52
2023,683,Rachaad White,TB,RB,1,11,SF,2.5316455696202533,73.1,4,50,0,15,3.75,0,0,0,1,0,0,0,0,0,50,25,-5.2,-0.25,75,4,106.7,1,0.25,-0.058,-0.2,3,75,15,0,5,66.7,1,25,0,0,0,0,6.1,6.6,6.1,6.59,-0.49
2023,684,Rachaad White,TB,RB,1,3,PHI,6.329113924050633,94.4,10,90.9,0,15,1.5,0,0.5,0,0,0,0,0,100,0,10,90,-24.8,-0.5,70,2,133.3,1,0.1,-0.57,-5.7,4,40,6,0,1.5,25,6,60,9,0,1.5,0,1.5,7,1.5,6.95,-5.45
2023,685,Tyler Allgeier,ATL,RB,1,8,TEN,3.1847133757961785,27.6,5,35.7,0,15,3,0,0.01,0,1,0,0,0,0,0,40,60,-6.3,0.6,40,2.4,80,1,0.2,-0.319,-1.6,3,60,8,0,2.67,33.3,2,40,7,0,3.5,50,1.5,2.2,1.5,2.19,-0.69
2023,686,Kevin Harris,NE,RB,1,17,BUF,16.666666666666664,16.7,2,13.3,0,15,7.5,0,0,0,1,50,15,100,0,0,50,50,5.8,5.5,50,2,26.7,0,0,0.106,0.2,0,0,0,0,0,0,2,100,15,0,7.5,50,1.5,0.9,1.5,0.93,0.57
2023,687,Brian Robinson,WAS,RB,1,13,MIA,3.225806451612903,31.8,4,26.7,0,15,3.75,0,0.13,0,0,0,0,0,50,0,50,25,0.7,2.5,25,1.25,33.3,0,0,-0.019,-0.1,3,75,11,0,3.67,33.3,1,25,4,0,4,100,1.5,2.2,1.5,2.24,-0.74
2023,688,Brian Robinson,WAS,RB,1,18,DAL,5.64516129032258,66.7,7,77.8,0,15,2.14,0,0.02,1,1,0,0,0,0,0,42.9,57.1,-13.5,0.71,57.1,1.43,66.7,1,0.14,-0.752,-5.3,3,42.9,1,0,0.33,0,4,57.1,14,0,3.5,75,7.6,9.9,7.6,9.92,-2.32
2023,689,Zamir White,LV,RB,1,4,LAC,2.564102564102564,22.7,2,14.3,0,15,7.5,0,0,0,1,50,11,73.3,0,0,100,0,5.3,1.5,0,6,80,2,1,0.306,0.6,1,50,4,0,4,100,1,50,11,0,11,100,1.5,1,1.5,0.99,0.51
2023,690,Breece Hall,NYJ,RB,1,11,BUF,3.867403314917127,93.3,7,77.8,0,15,2.14,0,0.01,0,1,14.3,14,93.3,0,0,14.3,85.7,-17.7,0.43,71.4,1.71,80,2,0.29,-0.182,-1.3,4,57.1,13,0,3.25,25,3,42.9,2,0,0.67,0,3.9,6.6,3.9,6.65,-2.75
2023,691,Eric Gray,NYG,RB,1,5,MIA,77.77777777777779,47.8,7,46.7,0,15,2.14,0,0.01,0,0,0,0,0,0,0,28.6,42.9,-13.2,1.14,28.6,1,46.7,1,0.14,-0.566,-4,7,100,15,0,2.14,28.6,0,0,0,0,0,0,1.5,2.9,1.5,2.88,-1.38
2023,692,Jaleel McLaughlin,DEN,RB,1,8,KC,4.166666666666666,8.3,2,6.5,0,15,7.5,0,0.01,0,1,50,13,86.7,0,0,50,50,6.8,2,50,5.5,73.3,1,0.5,0,0,2,100,15,0,7.5,50,0,0,0,0,0,0,2.9,2.4,2.9,2.43,0.47
2023,693,Jahmyr Gibbs,DET,RB,1,4,GB,3.125,26,4,12.1,0,15,3.75,0,0.03,0,2,0,0,0,0,0,75,25,-4,1.5,25,2.25,60,1,0.25,0.273,1.1,2,50,13,0,6.5,100,2,50,2,0,1,50,2,5.1,2,5.1,-3.1
2023,694,Latavius Murray,BUF,RB,1,2,LV,7.017543859649122,21.2,4,20,0,14,3.5,1,1.13,0,2,0,0,0,40,25,50,50,2.8,2,25,1.5,42.9,0,0,0.024,0.1,1,25,0,0,0,0,3,75,14,1,4.67,66.7,7.4,7.9,7.4,7.88,-0.48
2023,695,Derrick Henry,TEN,RB,1,3,CLV,3.71900826446281,55.6,9,69.2,0,14,1.56,0,0.01,0,0,0,0,0,0,0,22.2,77.8,-27.5,-1,77.8,2.56,164.3,3,0.33,-0.462,-4.2,4,44.4,-7,0,-1.75,0,5,55.6,21,0,4.2,40,1.4,4.2,1.4,4.22,-2.82
2023,696,Aaron Jones,GB,RB,1,8,MIN,3.6363636363636362,42.4,4,44.4,0,14,3.5,0,0,0,1,0,0,0,0,0,75,25,-2.8,1,25,2.5,71.4,0,0,-0.181,-0.7,4,100,14,0,3.5,75,0,0,0,0,0,0,4.6,6.4,4.6,6.38,-1.78
2023,697,Austin Ekeler,LAC,RB,1,8,CHI,9.523809523809524,61.1,12,60,0,14,1.17,0,0.17,1,1,0,0,0,0,0,25,58.3,-41.8,-0.17,58.3,1.33,114.3,2,0.17,-0.865,-10.4,8,66.7,12,0,1.5,37.5,4,33.3,2,0,0.5,0,11.7,12.1,11.7,12.11,-0.41
2023,698,Kareem Hunt,CLV,RB,1,10,BLT,7.777777777777778,44.8,7,41.2,0,14,2,1,0.39,0,2,0,0,0,100,14.3,28.6,57.1,-9.5,-0.14,71.4,2.14,107.1,2,0.29,-0.202,-1.4,2,28.6,2,0,1,0,5,71.4,12,1,2.4,40,7.4,4.7,7.4,4.72,2.68
2023,699,Kareem Hunt,CLV,RB,1,14,JAX,7.777777777777778,42.5,7,46.7,0,14,2,1,0.7,0,2,0,0,0,100,14.3,42.9,57.1,-12.7,0.43,71.4,1.57,78.6,0,0,0.299,2.1,1,14.3,9,0,9,100,6,85.7,5,1,0.83,33.3,8.7,9.1,8.7,9.14,-0.44
2023,700,Jamaal Williams,NO,RB,1,7,JAX,5.319148936170213,31.7,5,21.7,0,14,2.8,0,0.02,0,0,0,0,0,0,0,60,40,-7.2,0.6,60,2.2,78.6,0,0,-0.329,-1.6,4,80,10,0,2.5,50,1,20,4,0,4,100,1.4,2.3,1.4,2.27,-0.87
2023,701,Gus Edwards,BLT,RB,1,14,LA,2.9940119760479043,44.4,5,45.5,0,14,2.8,0,0.01,0,0,0,0,0,0,0,20,80,-9.6,0.4,60,2.4,85.7,1,0.2,-0.25,-1.2,1,20,3,0,3,0,4,80,11,0,2.75,25,1.4,2.4,1.4,2.4,-1
2023,702,Boston Scott,PHI,RB,1,12,BUF,25,23.5,2,28.6,0,14,7,0,0,0,1,50,10,71.4,0,0,50,0,4.9,0,100,7,100,2,1,0.088,0.2,1,50,10,0,10,100,1,50,4,0,4,0,1.4,0.9,1.4,0.92,0.48
2023,703,Alexander Mattison,MIN,RB,1,9,ATL,6.521739130434782,50,9,56.3,0,14,1.56,0,0.14,0,1,0,0,0,50,0,22.2,77.8,-19.7,-0.22,77.8,1.78,114.3,1,0.11,-0.433,-3.9,7,77.8,9,0,1.29,14.3,2,22.2,5,0,2.5,50,8.6,10.7,8.6,10.71,-2.11
2023,704,Justice Hill,BLT,RB,1,2,CIN,10.16949152542373,50,6,31.6,0,14,2.33,0,0.06,0,0,0,0,0,50,0,33.3,66.7,-6.1,1.17,50,1.17,50,3,0.5,-0.4,-2.4,2,33.3,-1,0,-0.5,0,4,66.7,15,0,3.75,50,3.1,3.9,3.1,3.88,-0.78
2023,705,Miles Sanders,CAR,RB,1,12,TEN,13.48314606741573,50,12,50,0,14,1.17,0,0.01,0,2,8.3,15,107.1,0,0,33.3,66.7,-36.2,-1.17,66.7,2.33,200,2,0.17,-0.579,-6.9,8,66.7,5,0,0.63,25,4,33.3,9,0,2.25,50,1.4,5.1,1.4,5.08,-3.68
2023,706,Tony Pollard,DAL,RB,1,15,BUF,2.8089887640449436,71.4,5,55.6,0,14,2.8,0,0.03,0,0,0,0,0,0,0,60,60,-3.1,1.2,60,1.6,57.1,0,0,-0.16,-0.8,4,80,17,0,4.25,75,1,20,-3,0,-3,0,2.9,3.4,2.9,3.43,-0.53
2023,707,Kenneth Gainwell,PHI,RB,1,4,WAS,8,53.8,4,50,0,14,3.5,0,0.03,0,1,25,13,92.9,0,0,25,75,-3.4,1.75,50,1.75,50,0,0,-0.118,-0.5,3,75,14,0,4.67,33.3,1,25,0,0,0,0,1.4,1.9,1.4,1.93,-0.53
2023,708,Jaylen Warren,PIT,RB,1,15,IND,3.9215686274509802,47.1,4,30.8,0,14,3.5,0,0.08,0,0,0,0,0,33.3,0,75,25,1.5,2.5,25,1,28.6,0,0,-0.137,-0.5,1,25,0,0,0,0,3,75,14,0,4.67,100,1.4,1.8,1.4,1.76,-0.36
2023,709,James Cook,BUF,RB,1,1,NYJ,4.195804195804196,73.3,6,75,0,14,2.33,0,0.01,0,2,16.7,12,85.7,0,0,33.3,66.7,-14.5,0.83,50,1.5,64.3,2,0.33,-0.343,-2.1,0,0,0,0,0,0,6,100,14,0,2.33,33.3,2.7,4.5,2.7,4.52,-1.82
2023,710,Pierre Strong,CLV,RB,1,7,IND,12.82051282051282,25.5,5,20.8,0,14,2.8,0,0.01,0,0,0,0,0,0,0,60,40,-6.7,0.8,40,2,71.4,1,0.2,-0.255,-1.3,4,80,6,0,1.5,50,1,20,8,0,8,100,1.4,2.1,1.4,2.14,-0.74
2023,711,Kenneth Walker,SEA,RB,1,9,BLT,4,63.2,7,87.5,0,14,2,0,0,0,0,0,0,0,0,0,0,85.7,-17.6,-0.29,28.6,2.29,114.3,2,0.29,-0.442,-3.1,6,85.7,11,0,1.83,0,1,14.3,3,0,3,0,2.5,4.8,2.5,4.76,-2.26
2023,712,Bijan Robinson,ATL,RB,1,18,NO,3.3333333333333335,73.5,5,35.7,0,14,2.8,0,0.01,0,2,0,0,0,0,0,40,60,-4.4,0.4,60,2.4,85.7,0,0,-0.308,-1.5,3,60,11,0,3.67,33.3,2,40,3,0,1.5,50,6.2,7.6,6.2,7.55,-1.35
2023,713,Chase Brown,CIN,RB,1,15,MIN,15.625,16.7,5,33.3,0,14,2.8,0,0,0,2,0,0,0,0,0,60,40,-6.5,0.2,60,2.6,92.9,0,0,-0.101,-0.5,4,80,13,0,3.25,50,1,20,1,0,1,100,5.3,5.2,5.3,5.22,0.08
2023,714,Roschon Johnson,CHI,RB,1,5,WAS,3.1746031746031744,7.5,2,7.7,0,14,7,0,0.08,0,1,50,10,71.4,0,0,50,0,4.9,4.5,0,2.5,35.7,0,0,0.233,0.5,2,100,14,0,7,50,0,0,0,0,0,0,1.4,1.4,1.4,1.37,0.03
2023,715,Damien Williams,ARZ,RB,1,6,LA,40,25,2,22.2,0,13,6.5,0,0,0,0,0,0,0,0,0,100,0,4.7,0,50,6.5,100,1,0.5,0.404,0.8,1,50,4,0,4,100,1,50,9,0,9,100,3.1,2.6,3.1,2.56,0.54
2023,716,Dalvin Cook,NYJ,RB,1,14,HST,14.000000000000002,24.4,7,33.3,0,13,1.86,0,0.01,0,0,0,0,0,0,0,14.3,71.4,-18.1,-0.43,85.7,2.29,123.1,1,0.14,-0.412,-2.9,4,57.1,9,0,2.25,25,3,42.9,4,0,1.33,0,1.3,3.1,1.3,3.15,-1.85
2023,717,D'Onta Foreman,CHI,RB,1,8,LAC,5.263157894736842,30.4,4,30.8,0,13,3.25,0,0,0,1,0,0,0,0,0,25,50,-5.1,1,50,2.25,69.2,0,0,-0.115,-0.5,3,75,7,0,2.33,0,1,25,6,0,6,100,1.3,1.8,1.3,1.84,-0.54
2023,718,Justice Hill,BLT,RB,1,6,TEN,8.47457627118644,35,5,19.2,0,13,2.6,0,0.05,0,0,0,0,0,0,0,20,60,-11.8,0.2,60,2.4,92.3,1,0.2,-0.135,-0.7,3,60,11,0,3.67,33.3,2,40,2,0,1,0,3.1,6,3.1,6.04,-2.94
2023,719,Craig Reynolds,DET,RB,1,6,TB,28.125,60.5,9,56.3,0,13,1.44,0,0.03,0,1,0,0,0,0,0,22.2,77.8,-25.4,-0.11,77.8,1.56,107.7,1,0.11,-0.461,-4.2,5,55.6,9,0,1.8,40,4,44.4,4,0,1,0,2.3,5.6,2.3,5.56,-3.26
2023,720,D'Ernest Johnson,JAX,RB,1,11,TEN,15.789473684210526,24.2,3,13.6,0,13,4.33,0,0.31,0,0,0,0,0,0,0,33.3,66.7,-1.8,2.33,33.3,2,46.2,1,0.33,0.135,0.4,1,33.3,1,0,1,0,2,66.7,12,0,6,50,1.3,3.3,1.3,3.31,-2.01
2023,721,Josh Jacobs,LV,RB,1,7,CHI,4.41988950276243,95.8,8,88.9,0,13,1.63,0,0.1,0,0,0,0,0,100,0,12.5,87.5,-20,0.38,25,1.25,76.9,1,0.13,-0.437,-3.5,2,25,2,0,1,0,6,75,11,0,1.83,16.7,2.9,7.3,2.9,7.32,-4.42
2023,722,Salvon Ahmed,MIA,RB,1,1,LAC,11.11111111111111,26.1,2,22.2,0,13,6.5,0,0,0,0,0,0,0,0,0,100,0,4.1,1,50,5.5,84.6,1,0.5,0.252,0.5,1,50,5,0,5,100,1,50,8,0,8,100,1.3,0.9,1.3,0.92,0.38
2023,723,J.K. Dobbins,BLT,RB,1,1,HST,100,46.4,5,31.3,0,13,2.6,1,0.96,0,1,0,0,0,33.3,20,40,40,-9.9,1.2,40,1.4,53.8,0,0,-0.22,-1.1,2,40,4,0,2,50,3,60,9,1,3,33.3,9.3,9.7,9.3,9.66,-0.36
2023,724,Jonathan Taylor,IND,RB,1,5,TEN,3.3057851239669422,24.1,4,20,0,13,3.25,0,0.05,0,0,0,0,0,0,0,50,50,-4.1,1.25,0,2,61.5,0,0,-0.236,-0.9,2,50,9,0,4.5,100,2,50,4,0,2,0,3.9,3.6,3.9,3.55,0.35
2023,725,Antonio Gibson,WAS,RB,1,3,BUF,2.941176470588235,38.9,1,11.1,0,13,13,0,0,0,1,100,13,100,0,0,100,0,8.6,10,0,3,23.1,0,0,0.855,0.9,1,100,13,0,13,100,0,0,0,0,0,0,3.3,2,3.3,2,1.3
2023,726,Cam Akers,MIN,RB,1,8,GB,16.3265306122449,23.4,8,30.8,0,13,1.63,0,0.02,0,1,0,0,0,0,0,25,75,-21,0,62.5,1.63,100,1,0.13,-0.362,-2.9,6,75,9,0,1.5,16.7,2,25,4,0,2,50,2.9,5.2,2.9,5.18,-2.28
2023,727,Ke'Shawn Vaughn,TB,RB,1,6,DET,18.75,26.3,3,37.5,0,13,4.33,0,0.01,0,0,0,0,0,0,0,66.7,33.3,-0.5,1,33.3,3.33,76.9,0,0,-0.078,-0.2,3,100,13,0,4.33,66.7,0,0,0,0,0,0,1.3,1.9,1.3,1.93,-0.63
2023,728,Elijah Mitchell,SF,RB,1,13,PHI,4.477611940298507,12.5,3,13,0,13,4.33,0,0.09,0,1,33.3,11,84.6,0,0,33.3,66.7,0.1,2.67,66.7,1.67,38.5,1,0.33,-0.028,-0.1,1,33.3,1,0,1,0,2,66.7,12,0,6,50,1.3,1.8,1.3,1.84,-0.54
2023,729,Kenneth Gainwell,PHI,RB,1,15,SEA,8,25,4,26.7,0,13,3.25,0,0.02,0,1,0,0,0,33.3,0,50,50,1.5,1.25,25,2,61.5,0,0,0.232,0.9,4,100,13,0,3.25,50,0,0,0,0,0,0,1.3,1.3,1.3,1.28,0.02
2023,730,Zonovan Knight,DET,RB,1,3,ATL,100,25,3,21.4,0,13,4.33,0,0.01,0,0,0,0,0,0,0,33.3,33.3,0.1,1.33,0,3,69.2,2,0.67,-0.068,-0.2,2,66.7,10,0,5,50,1,33.3,3,0,3,0,1.3,1.3,1.3,1.35,-0.05
2023,731,Rachaad White,TB,RB,1,6,DET,3.1645569620253164,73.7,5,62.5,0,13,2.6,0,0.02,0,0,0,0,0,0,0,40,60,-7.6,-0.4,80,3,115.4,2,0.4,-0.278,-1.4,5,100,13,0,2.6,40,0,0,0,0,0,0,2.8,3.7,2.8,3.72,-0.92
2023,732,Tyler Allgeier,ATL,RB,1,17,CHI,3.1847133757961785,43.5,5,35.7,0,13,2.6,0,0.01,0,1,0,0,0,0,0,40,60,-5.6,-0.6,100,3.2,123.1,1,0.2,0.007,0,4,80,11,0,2.75,25,1,20,2,0,2,100,15.8,3.8,15.8,3.81,11.99
2023,733,Jerome Ford,CLV,RB,1,14,JAX,3.6764705882352944,45,5,33.3,0,13,2.6,0,0.02,0,0,0,0,0,0,0,40,60,-8.3,-2,60,4.6,176.9,2,0.4,-0.459,-2.3,1,20,-2,0,-2,0,3,60,11,0,3.67,33.3,6.7,6.8,6.7,6.85,-0.15
2023,734,Keaontay Ingram,ARZ,RB,1,3,DAL,21.73913043478261,20,5,22.7,0,13,2.6,0,0.19,0,0,0,0,0,0,0,40,60,-27.4,1.2,40,1.4,53.8,1,0.2,-0.305,-1.5,1,20,7,0,7,100,4,80,6,0,1.5,25,1.3,5.2,1.3,5.17,-3.87
2023,735,Bijan Robinson,ATL,RB,1,15,CAR,2.666666666666667,53.7,4,15.4,0,13,3.25,0,0.05,0,1,0,0,0,0,0,50,50,-1.7,0.25,50,3,92.3,2,0.5,-0.426,-1.7,2,50,8,0,4,50,2,50,5,0,2.5,50,2.6,5.2,2.6,5.21,-2.61
2023,736,Chris Rodriguez,WAS,RB,1,7,NYG,12.5,13.5,4,33.3,0,13,3.25,0,0.05,0,0,0,0,0,0,0,50,50,-2.6,-0.75,75,4,123.1,2,0.5,-0.355,-1.4,1,25,0,0,0,0,3,75,13,0,4.33,66.7,1.3,1.9,1.3,1.86,-0.56
2023,737,Jaleel McLaughlin,DEN,RB,1,13,HST,6.25,8.6,3,15,0,13,4.33,0,0.01,0,1,0,0,0,0,0,66.7,33.3,-0.4,0.67,66.7,3.67,84.6,2,0.67,-0.018,-0.1,2,66.7,5,0,2.5,50,1,33.3,8,0,8,100,1.3,1.4,1.3,1.38,-0.08
2023,738,Roschon Johnson,CHI,RB,1,16,ARZ,6.349206349206349,31.6,4,19,0,13,3.25,0,0.14,0,0,0,0,0,50,0,50,25,-1.2,0.5,25,2.75,84.6,0,0,-0.234,-0.9,2,50,4,0,2,0,2,50,9,0,4.5,100,2.9,3.9,2.9,3.9,-1
2023,739,Tyjae Spears,TEN,RB,1,15,HST,7.462686567164178,34.3,5,23.8,0,13,2.6,0,0.42,0,1,0,0,0,0,0,20,60,-37.5,0.8,20,1.8,69.2,1,0.2,-0.14,-0.7,2,40,3,0,1.5,0,3,60,10,0,3.33,33.3,1.3,7.5,1.3,7.54,-6.24
2023,740,Ameer Abdullah,LV,RB,1,14,MIN,20,10,1,6.3,0,12,12,0,0,0,1,100,12,100,0,0,100,0,7.1,7,0,5,41.7,0,0,0.188,0.2,1,100,12,0,12,100,0,0,0,0,0,0,1.2,0.5,1.2,0.49,0.71
2023,741,Samaje Perine,DEN,RB,1,1,LV,8.823529411764707,35.7,3,27.3,0,12,4,0,0.03,0,1,33.3,12,100,0,0,33.3,66.7,-0.1,-0.67,100,4.67,116.7,1,0.33,-0.447,-1.3,0,0,0,0,0,0,3,100,12,0,4,33.3,4.2,3,4.2,3.03,1.17
2023,742,Dalvin Cook,NYJ,RB,1,4,KC,8,27.3,4,44.4,0,12,3,0,0.04,0,0,0,0,0,100,0,50,50,-1.7,1.5,25,1.5,50,0,0,-0.012,0,2,50,3,0,1.5,50,2,50,9,0,4.5,50,1.2,1.6,1.2,1.63,-0.43
2023,743,Dalvin Cook,NYJ,RB,1,6,PHI,6,13.3,3,20,0,12,4,0,0.01,0,1,0,0,0,0,0,33.3,66.7,-1.6,1.33,33.3,2.67,66.7,1,0.33,-0.048,-0.1,1,33.3,2,0,2,0,2,66.7,10,0,5,50,1.2,1.4,1.2,1.42,-0.22
2023,744,Joe Mixon,CIN,RB,1,12,PIT,4.294478527607362,94.1,7,100,0,12,1.71,0,0.02,0,0,0,0,0,0,0,0,71.4,-18.9,0.57,42.9,1.14,66.7,1,0.14,-0.517,-3.6,1,14.3,1,0,1,0,6,85.7,11,0,1.83,0,1.2,3.2,1.2,3.21,-2.01
2023,745,Chase Edmonds,TB,RB,1,2,CHI,6.896551724137931,6.9,2,12.5,0,12,6,0,0.01,0,1,50,14,116.7,0,0,50,50,4.4,0.5,50,5.5,91.7,2,1,-0.036,-0.1,2,100,12,0,6,50,0,0,0,0,0,0,1.2,0.8,1.2,0.8,0.4
2023,746,Saquon Barkley,NYG,RB,1,2,ARZ,4.166666666666666,92.9,7,70,0,12,1.71,1,0.23,0,2,0,0,0,100,14.3,28.6,57.1,-8.9,-0.14,57.1,1.86,108.3,2,0.29,-0.216,-1.5,4,57.1,5,1,1.25,50,3,42.9,7,0,2.33,0,7.2,3.5,7.2,3.48,3.72
2023,747,Devin Singletary,HST,RB,1,13,DEN,3.7037037037037033,43.6,6,26.1,0,12,2,0,0.02,0,0,0,0,0,0,0,16.7,66.7,-15.6,1.33,50,0.67,33.3,0,0,-0.458,-2.7,3,50,8,0,2.67,33.3,3,50,4,0,1.33,0,1.2,2.8,1.2,2.85,-1.65
2023,748,Ty Johnson,BUF,RB,1,14,KC,17.391304347826086,31,4,30.8,0,12,3,0,0.01,0,1,0,0,0,0,0,50,50,-6.5,1.25,50,1.75,58.3,0,0,-0.029,-0.1,3,75,7,0,2.33,33.3,1,25,5,0,5,100,2.5,3.2,2.5,3.21,-0.71
2023,749,D'Andre Swift,PHI,RB,1,12,BUF,2.2388059701492535,82.4,3,42.9,0,12,4,0,0.09,0,0,0,0,0,50,0,66.7,33.3,1.2,3,33.3,1,25,0,0,0.022,0.1,3,100,12,0,4,66.7,0,0,0,0,0,0,1.2,1.6,1.2,1.6,-0.4
2023,750,Clyde Edwards-Helaire,KC,RB,1,11,PHI,2.7027027027027026,3.1,1,6.3,0,12,12,0,0.01,0,1,100,12,100,0,0,100,0,8.3,7,0,5,41.7,1,1,0.72,0.7,1,100,12,0,12,100,0,0,0,0,0,0,1.2,0.4,1.2,0.42,0.78
2023,751,Khalil Herbert,CHI,RB,1,1,GB,5.660377358490567,50,6,50,0,12,2,0,0,0,0,0,0,0,0,0,33.3,50,-13,0.67,50,1.33,66.7,0,0,-0.372,-2.2,4,66.7,8,0,2,25,2,33.3,4,0,2,50,4.1,4.1,4.1,4.1,0
2023,752,Tyler Allgeier,ATL,RB,1,3,DET,4.45859872611465,45.2,7,41.2,0,12,1.71,0,0.02,0,1,0,0,0,0,0,42.9,57.1,-17.8,-0.14,71.4,1.86,108.3,2,0.29,-0.378,-2.6,3,42.9,-1,0,-0.33,0,4,57.1,13,0,3.25,75,3.8,4.6,3.8,4.59,-0.79
2023,753,Jerome Ford,CLV,RB,1,8,SEA,2.941176470588235,16.7,4,17.4,0,12,3,0,0.01,0,0,0,0,0,0,0,0,75,-6,1.75,0,1.25,41.7,0,0,-0.289,-1.2,1,25,3,0,3,0,3,75,9,0,3,0,1.2,1.8,1.2,1.84,-0.64
2023,754,Ty Chandler,MIN,RB,1,3,LAC,1.2987012987012987,12,1,6.7,0,12,12,0,0,0,1,100,12,100,0,0,100,0,7.5,11,0,1,8.3,0,0,0.599,0.6,1,100,12,0,12,100,0,0,0,0,0,0,1.2,0.5,1.2,0.45,0.75
2023,755,Keaontay Ingram,ARZ,RB,1,6,LA,17.391304347826086,50,4,44.4,0,12,3,0,0.17,0,1,33.3,12,100,0,0,25,75,-4.4,2.5,75,0.5,16.7,0,0,-0.253,-1,4,100,12,0,3,25,0,0,0,0,0,0,1.2,2.6,1.2,2.64,-1.44
2023,756,Keaton Mitchell,BLT,RB,1,11,CIN,20,36.1,7,30.4,0,12,1.71,0,0.09,0,1,0,0,0,0,0,42.9,57.1,-17.5,0.86,28.6,0.86,50,1,0.14,-0.335,-2.3,4,57.1,9,0,2.25,75,3,42.9,3,0,1,0,1.2,3.5,1.2,3.49,-2.29
2023,757,Christopher Brooks,MIA,RB,1,17,BLT,33.33333333333333,17.2,4,22.2,0,12,3,0,0,0,0,0,0,0,0,0,25,50,0.1,1,25,2,66.7,1,0.25,-0.717,-2.9,4,100,12,0,3,25,0,0,0,0,0,0,1.2,1.2,1.2,1.21,-0.01
2023,758,Roschon Johnson,CHI,RB,1,18,GB,6.349206349206349,33.3,4,21.1,0,12,3,0,0.04,0,0,0,0,0,0,0,50,50,-4.8,0.5,25,2.5,83.3,1,0.25,-0.354,-1.4,4,100,12,0,3,50,0,0,0,0,0,0,1.2,1.9,1.2,1.93,-0.73
2023,759,Latavius Murray,BUF,RB,1,15,DAL,8.771929824561402,23.5,5,13.9,0,11,2.2,1,1.62,0,2,0,0,0,50,20,60,40,-4.4,-0.4,60,2.6,118.2,1,0.2,-0.45,-2.3,2,40,2,1,1,50,3,60,9,0,3,66.7,7.1,11.2,7.1,11.25,-4.15
2023,760,Cordarrelle Patterson,ATL,RB,1,10,ARZ,4.878048780487805,10.7,2,9.1,0,11,5.5,0,0,0,1,0,0,0,0,0,100,0,1.8,2,0,3.5,63.6,0,0,0.572,1.1,0,0,0,0,0,0,2,100,11,0,5.5,100,1.1,0.9,1.1,0.94,0.16
2023,761,Samaje Perine,DEN,RB,1,4,CHI,14.705882352941178,43.5,5,41.7,0,11,2.2,0,0.05,0,1,0,0,0,0,0,40,60,-4.9,1.6,20,0.6,27.3,0,0,-0.168,-0.8,2,40,8,0,4,50,3,60,3,0,1,33.3,1.1,1.9,1.1,1.91,-0.81
2023,762,James Conner,ARZ,RB,1,5,CIN,3.4246575342465753,34.5,5,35.7,0,11,2.2,0,0.01,0,0,0,0,0,0,0,20,80,-11.3,0.8,60,1.4,63.6,0,0,-0.381,-1.9,2,40,4,0,2,0,3,60,7,0,2.33,33.3,1.1,2.3,1.1,2.28,-1.18
2023,763,Leonard Fournette,BUF,RB,1,16,LAC,50,30.4,4,20,0,11,2.75,0,0.81,0,1,0,0,0,33.3,0,25,75,-0.2,0.75,50,2,72.7,1,0.25,-0.298,-1.2,2,50,8,0,4,50,2,50,3,0,1.5,0,1.1,6,1.1,5.96,-4.86
2023,764,Jeffery Wilson,MIA,RB,1,13,WAS,13.793103448275861,12.5,4,12.5,0,11,2.75,0,0.69,0,1,0,0,0,0,0,25,50,-5.9,1.5,50,1.25,45.5,0,0,0.083,0.3,2,50,4,0,2,0,2,50,7,0,3.5,50,1.1,5.9,1.1,5.86,-4.76
2023,765,Jeffery Wilson,MIA,RB,1,8,NE,3.4482758620689653,34.6,1,14.3,0,11,11,0,0,0,1,100,11,100,0,0,100,0,6.4,7,0,4,36.4,0,0,0.837,0.8,1,100,11,0,11,100,0,0,0,0,0,0,1.1,0.5,1.1,0.46,0.64
2023,766,Mike Boone,HST,RB,1,6,NO,50,8.8,1,4.3,0,11,11,0,0,0,1,100,11,100,0,0,100,0,6.8,12,0,-1,-9.1,0,0,0.563,0.6,1,100,11,0,11,100,0,0,0,0,0,0,1.1,0.4,1.1,0.43,0.67
2023,767,Tony Pollard,DAL,RB,1,5,SF,2.8089887640449436,60.9,5,35.7,0,11,2.2,0,0.01,1,0,0,0,0,0,0,40,60,-11.1,0.4,60,1.8,81.8,2,0.4,-1.32,-6.6,1,20,5,0,5,100,4,80,6,0,1.5,25,1.8,4,1.8,4.02,-2.22
2023,768,Ty Johnson,BUF,RB,1,11,NYJ,13.043478260869565,22.6,3,13.6,0,11,3.67,0,0.03,0,1,33.3,13,118.2,0,0,66.7,33.3,-1.9,-2,100,5.67,154.5,2,0.67,-0.453,-1.4,1,33.3,13,0,13,100,2,66.7,-2,0,-1,50,13.4,6.4,13.4,6.4,7
2023,769,Jonathan Ward,TEN,RB,1,17,HST,100,12,3,18.8,0,11,3.67,0,0,0,1,0,0,0,0,0,33.3,66.7,0.7,1.33,66.7,2.33,63.6,0,0,-0.606,-1.8,3,100,11,0,3.67,33.3,0,0,0,0,0,0,1.1,1.1,1.1,1.06,0.04
2023,770,Patrick Taylor,GB,RB,1,12,DET,12,40,3,17.6,0,11,3.67,0,0.02,0,0,0,0,0,0,0,66.7,33.3,-3.1,2,33.3,1.67,45.5,0,0,-0.017,-0.1,3,100,11,0,3.67,66.7,0,0,0,0,0,0,1.1,1.6,1.1,1.55,-0.45
2023,771,Rico Dowdle,DAL,RB,1,12,WAS,4.918032786885246,11.5,3,21.4,0,11,3.67,0,0.04,0,1,0,0,0,0,0,33.3,66.7,-3.1,0,100,3.67,100,0,0,-0.126,-0.4,2,66.7,4,0,2,0,1,33.3,7,0,7,100,1.1,1.6,1.1,1.62,-0.52
2023,772,Rico Dowdle,DAL,RB,1,3,ARZ,4.918032786885246,12.9,3,15.8,0,11,3.67,0,0.21,0,0,0,0,0,0,0,66.7,33.3,-0.4,0.67,33.3,3,81.8,1,0.33,-0.247,-0.7,1,33.3,2,0,2,0,1,33.3,4,0,4,100,1.1,2.4,1.1,2.42,-1.32
2023,773,Dameon Pierce,HST,RB,1,12,JAX,3.278688524590164,27.6,4,36.4,0,11,2.75,0,0,0,1,0,0,0,0,0,75,25,-6.4,-0.25,25,3,109.1,1,0.25,-0.148,-0.6,1,25,2,0,2,0,3,75,9,0,3,100,2.5,2.6,2.5,2.6,-0.1
2023,774,Tyler Allgeier,ATL,RB,1,18,NO,1.910828025477707,35.3,3,21.4,0,11,3.67,0,0.01,0,1,0,0,0,0,0,33.3,66.7,0.8,1.67,33.3,2,54.5,1,0.33,-0.22,-0.7,3,100,11,0,3.67,33.3,0,0,0,0,0,0,3.6,4,3.6,3.99,-0.39
2023,775,Kevin Harris,NE,RB,1,16,DEN,33.33333333333333,22.2,4,30.8,0,11,2.75,0,0,0,0,0,0,0,0,0,75,25,-6.1,0.25,75,2.5,90.9,0,0,-0.424,-1.7,0,0,0,0,0,0,4,100,11,0,2.75,75,1.1,1.7,1.1,1.73,-0.63
2023,776,Jordan Mason,SF,RB,1,3,NYG,8.571428571428571,6.5,3,9.7,0,11,3.67,0,0.02,0,1,0,0,0,0,0,66.7,33.3,-1.5,2,33.3,1.67,45.5,0,0,0.168,0.5,2,66.7,10,0,5,100,1,33.3,1,0,1,0,1.1,1.4,1.1,1.38,-0.28
2023,777,Chase Brown,CIN,RB,1,16,PIT,9.375,19,3,25,0,11,3.67,0,0,0,0,0,0,0,0,0,100,0,-1.3,1,33.3,2.67,72.7,1,0.33,-0.075,-0.2,2,66.7,8,0,4,100,1,33.3,3,0,3,100,1.1,1.2,1.1,1.24,-0.14
2023,778,Sean Tucker,TB,RB,1,1,MIN,33.33333333333333,17.1,3,15.8,0,11,3.67,0,0,0,1,0,0,0,0,0,66.7,33.3,-2.9,0.67,33.3,3,81.8,2,0.67,-0.013,0,2,66.7,9,0,4.5,100,1,33.3,2,0,2,0,4,4.6,4,4.62,-0.62
2023,779,Roschon Johnson,CHI,RB,1,3,KC,6.349206349206349,46.7,4,40,0,11,2.75,0,0,0,0,0,0,0,0,0,25,75,-6.6,1,50,1.75,63.6,1,0.25,-0.354,-1.4,2,50,5,0,2.5,50,2,50,6,0,3,0,1.1,1.8,1.1,1.78,-0.68
2023,780,Zach Charbonnet,SEA,RB,1,2,DET,4.285714285714286,25.7,3,21.4,0,11,3.67,0,0.12,0,1,0,0,0,20,0,66.7,66.7,0.5,-0.67,100,4.33,118.2,3,1,0.115,0.3,3,100,11,0,3.67,66.7,0,0,0,0,0,0,3,3.4,3,3.4,-0.4
2023,781,Melvin Gordon,BLT,RB,1,17,MIA,27.27272727272727,20.5,6,23.1,0,10,1.67,1,0.98,0,1,0,0,0,0,16.7,33.3,66.7,-13,-0.5,66.7,2.17,130,1,0.17,0.206,1.2,4,66.7,7,0,1.75,25,2,33.3,3,1,1.5,50,7,8.2,7,8.15,-1.15
2023,782,Matt Breida,NYG,RB,1,5,MIA,13.333333333333334,52.2,4,26.7,0,10,2.5,0,0,0,0,0,0,0,0,0,25,50,-8.1,1,50,1.5,60,1,0.25,-0.55,-2.2,2,50,7,0,3.5,50,2,50,3,0,1.5,0,1,1.8,1,1.83,-0.83
2023,783,Samaje Perine,DEN,RB,1,7,GB,5.88235294117647,12.5,2,9.5,0,10,5,0,0.02,0,0,0,0,0,0,0,100,0,2,0.5,50,4.5,90,1,0.5,0.07,0.1,1,50,5,0,5,100,1,50,5,0,5,100,3.9,2.6,3.9,2.59,1.31
2023,784,James Conner,ARZ,RB,1,12,LA,2.73972602739726,92.3,4,66.7,0,10,2.5,0,0.07,0,0,0,0,0,50,0,25,75,-4.3,-0.5,50,3,120,2,0.5,-0.452,-1.8,2,50,6,0,3,0,2,50,4,0,2,50,2.8,3.5,2.8,3.51,-0.71
2023,785,Austin Ekeler,LAC,RB,1,13,NE,7.142857142857142,67.9,9,75,0,10,1.11,0,0.06,0,3,0,0,0,0,0,33.3,66.7,-30.7,-0.44,66.7,1.56,140,0,0,-0.435,-3.9,6,66.7,6,0,1,33.3,3,33.3,4,0,1.33,33.3,3.9,9.3,3.9,9.34,-5.44
2023,786,Jamaal Williams,NO,RB,1,13,DET,5.319148936170213,34.9,5,16.7,0,10,2,0,0,0,1,0,0,0,0,0,40,60,-10.8,0.6,40,1.4,70,0,0,-0.448,-2.2,3,60,8,0,2.67,33.3,2,40,2,0,1,50,2.6,3.7,2.6,3.68,-1.08
2023,787,Royce Freeman,LA,RB,1,15,WAS,6.779661016949152,26.5,4,17.4,0,10,2.5,0,0.64,0,0,0,0,0,50,0,50,50,-4.9,1.5,50,1,40,0,0,-0.218,-0.9,1,25,2,0,2,0,3,75,8,0,2.67,66.7,1,5.3,1,5.34,-4.34
2023,788,Miles Sanders,CAR,RB,1,17,JAX,2.247191011235955,29.2,2,18.2,0,10,5,0,0,0,0,0,0,0,0,0,50,50,1.1,1,50,4,80,0,0,-0.021,0,1,50,3,0,3,0,1,50,7,0,7,100,4.2,4,4.2,3.97,0.23
2023,789,Devin Singletary,HST,RB,1,4,PIT,3.0864197530864197,27.5,5,17.2,0,10,2,0,0.28,0,0,0,0,0,0,0,20,80,-12.1,-0.6,100,2.6,130,3,0.6,-0.37,-1.8,4,80,8,0,2,25,1,20,2,0,2,0,5.2,7.8,5.24,7.84,-2.6
2023,790,Tony Jones,ARZ,RB,1,11,HST,4.761904761904762,0,1,6.3,0,10,10,0,0,0,0,100,10,100,0,0,0,0,5,6,0,4,40,0,0,0.396,0.4,0,0,0,0,0,0,1,100,10,0,10,0,1,0.5,1,0.5,0.5
2023,791,Rico Dowdle,DAL,RB,1,14,PHI,6.557377049180328,31,4,22.2,0,10,2.5,1,0.92,0,1,0,0,0,50,25,50,50,-4,1.5,0,1,40,0,0,0.123,0.5,3,75,9,0,3,33.3,1,25,1,1,1,100,8.6,8.6,8.6,8.63,-0.03
2023,792,Rico Dowdle,DAL,RB,1,5,SF,6.557377049180328,21.7,4,28.6,0,10,2.5,0,0,0,1,0,0,0,0,0,25,50,-3.9,0.5,50,2,80,0,0,-0.326,-1.3,3,75,10,0,3.33,33.3,1,25,0,0,0,0,1,1.4,1,1.42,-0.42
2023,793,A.J. Dillon,GB,RB,1,1,CHI,7.194244604316546,50,10,41.7,0,10,1,0,0.2,0,0,0,0,0,66.7,0,20,80,-22.9,-0.6,60,1.6,160,0,0,-0.479,-4.8,3,30,5,0,1.67,0,7,70,5,0,0.71,28.6,2.5,6.1,2.5,6.14,-3.64
2023,794,A.J. Dillon,GB,RB,1,8,MIN,3.597122302158273,60.6,5,55.6,0,10,2,0,0.63,0,0,0,0,0,100,0,40,60,-1.7,0.4,60,1.6,80,0,0,-0.398,-2,3,60,10,0,3.33,66.7,2,40,0,0,0,0,5.9,9.7,5.9,9.68,-3.78
2023,795,Antonio Gibson,WAS,RB,1,12,DAL,11.76470588235294,28.9,4,21.1,0,10,2.5,0,0,0,1,0,0,0,0,0,25,50,-4.8,0,75,2.5,100,0,0,-0.177,-0.7,3,75,7,0,2.33,0,1,25,3,0,3,100,1,1.5,1,1.5,-0.5
2023,796,Clyde Edwards-Helaire,KC,RB,1,1,DET,8.108108108108109,19.2,3,21.4,0,10,3.33,0,0,0,0,0,0,0,0,0,33.3,33.3,-3.3,1.67,33.3,1.67,50,0,0,-0.357,-1.1,1,33.3,2,0,2,0,2,66.7,8,0,4,50,1,1.4,1,1.35,-0.35
2023,797,Clyde Edwards-Helaire,KC,RB,1,14,BUF,8.108108108108109,66.7,3,75,0,10,3.33,0,0,0,0,0,0,0,0,0,33.3,66.7,-3.1,2,33.3,1.33,40,0,0,-0.266,-0.8,3,100,10,0,3.33,33.3,0,0,0,0,0,0,5.9,4.5,5.9,4.48,1.42
2023,798,Kenneth Gainwell,PHI,RB,1,7,MIA,10,41.7,5,31.3,0,10,2,1,0.73,0,1,0,0,0,50,20,40,60,-5.6,0.4,60,1.6,80,1,0.2,-0.183,-0.9,2,40,5,0,2.5,50,3,60,5,1,1.67,33.3,7,6,7,5.96,1.04
2023,799,Trey Sermon,IND,RB,1,14,CIN,8.333333333333332,6.7,2,18.2,0,10,5,0,0,0,1,0,0,0,0,0,50,50,2.1,4,0,1,20,0,0,0.017,0,1,50,2,0,2,0,1,50,8,0,8,100,1,0.8,1,0.8,0.2
2023,800,Jaylen Warren,PIT,RB,1,14,NE,5.88235294117647,42.9,6,28.6,0,10,1.67,0,0.01,0,0,0,0,0,0,0,33.3,50,-16.6,-0.83,50,2.5,150,1,0.17,-0.47,-2.8,3,50,5,0,1.67,33.3,1,16.7,7,0,7,0,2.8,4.3,2.8,4.27,-1.47
2023,801,Rachaad White,TB,RB,1,16,JAX,8.860759493670885,64.3,14,60.9,0,10,0.71,1,0.89,0,2,0,0,0,100,7.1,35.7,64.3,-44.1,-0.36,64.3,1.07,150,2,0.14,-0.359,-5,7,50,5,0,0.71,28.6,6,42.9,1,1,0.17,33.3,13.8,19.7,13.8,19.74,-5.94
2023,802,Rachaad White,TB,RB,1,7,ATL,3.1645569620253164,75,5,55.6,0,10,2,0,0.01,0,0,0,0,0,0,0,20,80,-10.1,0,60,2,100,0,0,-0.54,-2.7,1,20,-1,0,-1,0,4,80,11,0,2.75,25,6.1,5.1,6.1,5.1,1
2023,803,Jordan Mason,SF,RB,1,13,PHI,5.714285714285714,7.5,2,8.7,0,10,5,0,0.04,0,1,0,0,0,0,0,50,0,0.9,3,0,2,40,0,0,-0.358,-0.7,2,100,10,0,5,50,0,0,0,0,0,0,1,1.1,1,1.13,-0.13
2023,804,Ronnie Rivers,LA,RB,1,16,NO,29.411764705882355,25,5,21.7,0,10,2,0,0.15,0,0,0,0,0,0,0,0,80,-14.9,0.4,40,1.6,80,0,0,-0.485,-2.4,3,60,6,0,2,0,2,40,4,0,2,0,1,3.4,1,3.39,-2.39
2023,805,Brian Robinson,WAS,RB,1,5,CHI,4.838709677419355,60,6,100,0,10,1.67,0,0,0,1,0,0,0,0,0,33.3,66.7,-14.2,-0.17,66.7,1.83,110,0,0,-0.696,-4.2,4,66.7,3,0,0.75,25,2,33.3,7,0,3.5,50,6.1,5.7,6.1,5.74,0.36
2023,806,Kyren Williams,LA,RB,1,12,ARZ,2.2900763358778624,38.1,3,21.4,0,10,3.33,0,0.42,0,1,0,0,0,0,0,33.3,33.3,-2.5,1.33,33.3,2,60,0,0,0.248,0.7,1,33.3,0,0,0,0,2,66.7,10,0,5,50,11.7,11.9,11.7,11.85,-0.15
2023,807,Kyren Williams,LA,RB,1,3,CIN,3.0534351145038165,100,4,80,0,10,2.5,0,0.16,0,0,0,0,0,100,0,75,50,-3.9,0.25,25,2.25,90,2,0.5,-0.348,-1.4,0,0,0,0,0,0,4,100,10,0,2.5,75,4,5.6,4,5.57,-1.57
2023,808,Kendre Miller,NO,RB,1,8,IND,6.0606060606060606,11.4,2,7.1,0,10,5,0,0,0,1,0,0,0,0,0,50,50,2.2,2,0,3,60,1,0.5,0.355,0.7,0,0,0,0,0,0,2,100,10,0,5,50,1,0.8,1,0.81,0.19
2023,809,Tank Bigsby,JAX,RB,1,1,IND,14.285714285714285,32.4,6,24,0,10,1.67,1,0.9,0,3,0,0,0,100,16.7,50,33.3,-10.4,-0.33,66.7,2,120,1,0.17,-0.044,-0.3,1,16.7,1,1,1,100,5,83.3,9,0,1.8,40,7,9,7,9.01,-2.01
2023,810,Roschon Johnson,CHI,RB,1,4,DEN,4.761904761904762,16.7,3,13.6,0,10,3.33,0,0.39,0,0,0,0,0,100,0,33.3,66.7,1.4,2,33.3,1.33,40,0,0,-0.097,-0.3,2,66.7,10,0,5,50,1,33.3,0,0,0,0,1,3.2,1,3.2,-2.2
2023,811,Tyjae Spears,TEN,RB,1,11,JAX,4.477611940298507,33.3,3,25,0,10,3.33,0,0.28,0,0,0,0,0,100,0,66.7,33.3,-1.3,1,33.3,2.33,70,1,0.33,-0.137,-0.4,2,66.7,5,0,2.5,50,1,33.3,5,0,5,100,1,2.8,1,2.82,-1.82
2023,812,Latavius Murray,BUF,RB,1,14,KC,5.263157894736842,24.1,3,23.1,0,9,3,0,0.07,0,1,0,0,0,0,0,66.7,33.3,-0.8,1.67,33.3,1.33,44.4,0,0,0.008,0,0,0,0,0,0,0,3,100,9,0,3,66.7,0.9,1.4,0.9,1.38,-0.48
2023,813,Raheem Mostert,MIA,RB,1,8,NE,3.1645569620253164,57.7,5,71.4,0,9,1.8,1,0.89,0,1,0,0,0,100,20,60,40,-9.9,0.6,40,1.2,66.7,0,0,-0.289,-1.4,3,60,4,0,1.33,33.3,2,40,5,1,2.5,100,6.9,7.2,6.9,7.22,-0.32
2023,814,Melvin Gordon,BLT,RB,1,3,IND,31.818181818181817,40,7,43.8,0,9,1.29,0,0.03,0,0,0,0,0,0,0,0,85.7,-20.3,-0.43,71.4,1.71,133.3,1,0.14,-0.484,-3.4,4,57.1,5,0,1.25,0,3,42.9,4,0,1.33,0,0.9,3.1,0.9,3.08,-2.18
2023,815,Matt Breida,NYG,RB,1,1,DAL,6.666666666666667,15.8,2,10,0,9,4.5,0,0,0,1,0,0,0,0,0,100,0,1.6,0.5,50,4,88.9,0,0,0.358,0.7,1,50,3,0,3,100,1,50,6,0,6,100,0.9,0.7,0.9,0.75,0.15
2023,816,Leonard Fournette,BUF,RB,1,18,MIA,50,39.3,4,23.5,0,9,2.25,0,0.01,0,1,0,0,0,0,0,25,75,-5,0.75,50,1.5,66.7,0,0,-0.262,-1,2,50,5,0,2.5,0,2,50,4,0,2,50,0.9,1.5,0.9,1.48,-0.58
2023,817,Dalvin Cook,NYJ,RB,1,13,ATL,8,33.3,4,28.6,0,9,2.25,0,0.01,0,0,0,0,0,0,0,50,50,-9.4,0.5,50,1.75,77.8,0,0,-0.315,-1.3,2,50,4,0,2,50,2,50,5,0,2.5,50,3,4.8,3,4.8,-1.8
2023,818,Rashaad Penny,PHI,RB,1,2,MIN,42.857142857142854,23.1,3,14.3,0,9,3,0,0.08,0,1,0,0,0,0,0,33.3,66.7,-6.2,0.67,66.7,2.33,77.8,0,0,-0.38,-1.1,3,100,9,0,3,33.3,0,0,0,0,0,0,2.4,3.9,2.4,3.85,-1.45
2023,819,Alexander Mattison,MIN,RB,1,5,KC,2.898550724637681,54.2,4,40,0,9,2.25,0,0.01,0,0,0,0,0,0,0,25,50,-8.7,0.75,25,1.5,66.7,0,0,-0.219,-0.9,2,50,10,0,5,50,2,50,-1,0,-0.5,0,0.9,1.8,0.9,1.82,-0.92
2023,820,Justice Hill,BLT,RB,1,8,ARZ,5.084745762711865,30,3,14.3,0,9,3,0,0.16,0,0,0,0,0,0,0,33.3,66.7,-4.3,1.33,66.7,1.67,55.6,0,0,-0.257,-0.8,0,0,0,0,0,0,3,100,9,0,3,33.3,0.9,2.3,0.9,2.28,-1.38
2023,821,Devin Singletary,HST,RB,1,2,IND,1.8518518518518516,25.7,3,15,0,9,3,0,0,0,0,0,0,0,0,0,33.3,66.7,-3.5,1.67,0,1.33,44.4,0,0,-0.136,-0.4,1,33.3,2,0,2,0,2,66.7,7,0,3.5,50,0.9,1.3,0.9,1.28,-0.38
2023,822,Tony Pollard,DAL,RB,1,6,LAC,5.617977528089887,80,10,71.4,0,9,0.9,0,0.16,0,0,0,0,0,100,0,10,80,-31.1,-0.8,90,1.7,188.9,1,0.1,-0.636,-6.4,5,50,5,0,1,20,5,50,4,0,0.8,0,3.5,8.1,3.5,8.05,-4.55
2023,823,Rico Dowdle,DAL,RB,1,4,NE,4.918032786885246,13.6,3,15.8,0,9,3,0,0.11,0,1,0,0,0,0,0,66.7,33.3,-3.7,0.33,33.3,2.67,88.9,0,0,-0.052,-0.2,2,66.7,5,0,2.5,50,1,33.3,4,0,4,100,2.7,3.6,2.7,3.64,-0.94
2023,824,D'Andre Swift,PHI,RB,1,13,SF,3.731343283582089,69.2,5,62.5,0,9,1.8,0,0.16,0,0,0,0,0,0,0,0,80,-21.2,0.6,40,1.2,66.7,0,0,-0.504,-2.5,3,60,7,0,2.33,0,2,40,2,0,1,0,2.2,5.8,2.2,5.75,-3.55
2023,825,Antonio Gibson,WAS,RB,1,2,DEN,5.88235294117647,30.4,2,14.3,0,9,4.5,0,0.01,0,1,0,0,0,0,0,50,50,1.1,0.5,50,4,88.9,1,0.5,0.165,0.3,2,100,9,0,4.5,50,0,0,0,0,0,0,2.4,2.5,2.4,2.54,-0.14
2023,826,Joshua Kelley,LAC,RB,1,3,MIN,16.39344262295082,72.1,10,83.3,0,9,0.9,0,0.46,0,1,0,0,0,100,0,20,90,-24.6,-0.1,70,1,111.1,2,0.2,-0.776,-7.8,5,50,8,0,1.6,40,4,40,1,0,0.25,0,2.4,7.6,2.4,7.63,-5.23
2023,827,Kene Nwangwu,MIN,RB,1,10,NO,66.66666666666666,7,2,9.1,0,9,4.5,0,0.01,0,0,0,0,0,0,0,50,50,0.8,2.5,0,2,44.4,0,0,0.404,0.8,1,50,1,0,1,0,1,50,8,0,8,100,0.9,0.9,0.9,0.9,0
2023,828,Ronnie Rivers,LA,RB,1,4,IND,11.76470588235294,20,2,18.2,0,9,4.5,0,0.02,0,1,0,0,0,0,0,50,50,-1.3,2.5,0,2,44.4,1,0.5,-0.128,-0.3,0,0,0,0,0,0,2,100,9,0,4.5,50,0.9,1.1,0.9,1.13,-0.23
2023,829,Isaiah Spiller,LAC,RB,1,14,DEN,18.181818181818183,31,4,30.8,0,9,2.25,0,0.01,0,0,0,0,0,0,0,50,50,-7.4,0.25,50,2,88.9,0,0,-0.595,-2.4,2,50,10,0,5,100,2,50,-1,0,-0.5,0,0.9,1.7,0.9,1.67,-0.77
2023,830,Pierre Strong,CLV,RB,1,9,ARZ,7.6923076923076925,7.1,3,9.7,0,9,3,0,0.01,0,0,0,0,0,0,0,66.7,33.3,-4.7,1,33.3,2,66.7,0,0,-0.315,-0.9,3,100,9,0,3,66.7,0,0,0,0,0,0,0.9,1.4,0.9,1.43,-0.53
2023,831,Breece Hall,NYJ,RB,1,15,MIA,2.7624309392265194,55.6,5,62.5,0,9,1.8,0,0,0,0,0,0,0,0,0,20,80,-11.7,-0.4,60,2.2,122.2,1,0.2,-0.459,-2.3,3,60,9,0,3,33.3,2,40,0,0,0,0,0.9,2.1,0.9,2.08,-1.18
2023,832,Breece Hall,NYJ,RB,1,2,DAL,2.209944751381215,50,4,40,0,9,2.25,0,0,0,0,0,0,0,0,0,50,50,-10.5,-0.25,50,2.5,111.1,1,0.25,-0.431,-1.7,1,25,-4,0,-4,0,3,75,13,0,4.33,66.7,0.9,3.6,0.9,3.56,-2.66
2023,833,Breece Hall,NYJ,RB,1,3,NE,5.524861878453039,66.7,10,66.7,0,9,0.9,0,0.01,0,2,0,0,0,0,0,30,70,-33.6,-0.4,60,1.3,144.4,2,0.2,-0.395,-3.9,7,70,0,0,0,14.3,3,30,9,0,3,66.7,2.8,6,2.8,6.03,-3.23
2023,834,Chris Rodriguez,WAS,RB,1,13,MIA,9.375,27.3,3,20,0,9,3,0,0,0,0,0,0,0,0,0,66.7,33.3,-1.9,2,0,1,33.3,0,0,-0.299,-0.9,1,33.3,1,0,1,0,2,66.7,8,0,4,100,0.9,1.1,0.9,1.1,-0.2
2023,835,Christopher Brooks,MIA,RB,1,3,DEN,16.666666666666664,11.5,2,11.1,0,9,4.5,0,0.01,0,0,0,0,0,0,0,50,50,0.6,1.5,50,3,66.7,1,0.5,0.188,0.4,1,50,8,0,8,100,1,50,1,0,1,0,0.9,0.9,0.9,0.88,0.02
2023,836,Hunter Luepke,DAL,RB,1,3,ARZ,16.666666666666664,22.6,1,5.3,0,9,9,0,0,0,1,0,0,0,0,0,100,0,5.6,0,100,9,100,2,2,0.929,0.9,0,0,0,0,0,0,0,0,0,0,0,0,0.9,0.4,0.9,0.35,0.55
2023,837,Emanuel Wilson,GB,RB,1,11,LAC,20,5.7,2,11.1,0,9,4.5,0,0,0,0,0,0,0,0,0,100,0,0.3,2.5,0,2,44.4,0,0,0.072,0.1,1,50,4,0,4,100,1,50,5,0,5,100,0.9,0.9,0.9,0.89,0.01
2023,838,Roschon Johnson,CHI,RB,1,1,GB,6.349206349206349,30,4,33.3,0,9,2.25,1,0.42,0,2,0,0,0,100,25,75,25,-1.4,1.5,25,0.75,33.3,0,0,0.253,1,2,50,3,0,1.5,50,2,50,6,1,3,100,6.9,3.6,6.9,3.56,3.34
2023,839,Latavius Murray,BUF,RB,1,3,WAS,7.017543859649122,23.5,4,20,0,8,2,1,1.55,0,1,0,0,0,66.7,25,50,50,-5,0.5,50,1.5,75,0,0,0.301,1.2,2,50,5,1,2.5,100,2,50,3,0,1.5,0,6.8,10.6,6.8,10.6,-3.8
2023,840,Matt Breida,NYG,RB,1,4,SEA,6.666666666666667,85.7,2,66.7,0,8,4,0,0,0,1,0,0,0,0,0,50,50,1.2,2.5,0,1.5,37.5,0,0,0.062,0.1,1,50,3,0,3,0,1,50,5,0,5,100,0.8,0.7,0.8,0.68,0.12
2023,841,Dalvin Cook,NYJ,RB,1,3,NE,8,20,4,26.7,0,8,2,0,0,0,1,0,0,0,0,0,25,75,-9.4,0,50,2,100,0,0,-0.384,-1.5,2,50,6,0,3,0,2,50,2,0,1,50,2.6,3.5,2.6,3.45,-0.85
2023,842,Joe Mixon,CIN,RB,1,2,BLT,1.8404907975460123,70,3,75,0,8,2.67,0,0.02,0,1,0,0,0,0,0,66.7,33.3,-3.3,1,33.3,1.67,62.5,0,0,0.001,0,2,66.7,6,0,3,50,1,33.3,2,0,2,100,1.8,2.7,1.8,2.73,-0.93
2023,843,Boston Scott,PHI,RB,1,11,KC,25,10,2,11.8,0,8,4,0,0,0,1,0,0,0,0,0,100,0,-0.8,1,50,3,75,1,0.5,0.062,0.1,2,100,8,0,4,100,0,0,0,0,0,0,0.8,0.9,0.8,0.89,-0.09
2023,844,Chase Edmonds,TB,RB,1,17,NO,6.896551724137931,21.4,2,20,0,8,4,0,0,0,1,50,10,125,0,0,50,50,-1.3,3.5,50,0.5,12.5,0,0,-0.064,-0.1,1,50,10,0,10,100,1,50,-2,0,-2,0,2.2,2.5,2.2,2.52,-0.32
2023,845,Rashaad Penny,PHI,RB,1,9,DAL,28.57142857142857,5.4,2,7.7,0,8,4,0,0,0,0,0,0,0,0,0,50,50,-0.2,1.5,50,2.5,62.5,0,0,-0.06,-0.1,2,100,8,0,4,50,0,0,0,0,0,0,0.8,0.8,0.8,0.83,-0.03
2023,846,Craig Reynolds,DET,RB,1,3,ATL,6.25,29.2,2,14.3,0,8,4,0,0.01,0,1,0,0,0,0,0,100,0,-1.2,2,0,2,50,0,0,0.376,0.8,2,100,8,0,4,100,0,0,0,0,0,0,0.8,1,0.8,0.96,-0.16
2023,847,D'Ernest Johnson,JAX,RB,1,12,HST,15.789473684210526,41.7,3,16.7,0,8,2.67,0,0.02,0,1,0,0,0,0,0,66.7,33.3,-4.9,1.67,0,1,37.5,0,0,0,0,0,0,0,0,0,0,3,100,8,0,2.67,66.7,6,3.1,6,3.1,2.9
2023,848,Damien Harris,BUF,RB,1,3,WAS,22.22222222222222,20.6,4,20,0,8,2,0,0.03,0,0,0,0,0,0,0,0,75,-9,0,75,2,100,0,0,-0.56,-2.2,1,25,4,0,4,0,3,75,4,0,1.33,0,0.8,1.9,0.8,1.9,-1.1
2023,849,Damien Harris,BUF,RB,1,5,JAX,11.11111111111111,15.4,2,28.6,0,8,4,0,0.01,0,1,0,0,0,0,0,100,0,-0.2,1.5,0,2.5,62.5,0,0,0.278,0.6,0,0,0,0,0,0,2,100,8,0,4,100,0.8,0.9,0.8,0.86,-0.06
2023,850,Rico Dowdle,DAL,RB,1,6,LAC,3.278688524590164,20,2,14.3,0,8,4,0,0,0,0,0,0,0,0,0,50,50,-1.2,0.5,50,3.5,87.5,0,0,-0.122,-0.2,1,50,7,0,7,100,1,50,1,0,1,0,0.8,0.9,0.8,0.94,-0.14
2023,851,Rico Dowdle,DAL,RB,1,8,LA,4.918032786885246,50,3,27.3,0,8,2.67,0,0.02,0,1,0,0,0,0,0,33.3,66.7,-2.8,-0.67,66.7,3.33,125,0,0,-0.213,-0.6,1,33.3,1,0,1,0,2,66.7,7,0,3.5,50,2,3.6,2,3.62,-1.62
2023,852,Rico Dowdle,DAL,RB,1,9,PHI,3.278688524590164,20.7,2,18.2,0,8,4,0,0.03,0,0,0,0,0,0,0,50,50,0.9,2.5,50,1.5,37.5,0,0,-0.348,-0.7,1,50,5,0,5,100,0,0,0,0,0,0,0.8,0.9,0.8,0.88,-0.08
2023,853,Jonathan Taylor,IND,RB,1,6,JAX,4.132231404958678,40.5,5,50,0,8,1.6,0,0.12,0,1,0,0,0,50,0,20,80,-11.3,-1.2,40,2.8,175,3,0.6,-0.352,-1.8,4,80,5,0,1.25,25,1,20,3,0,3,0,3.4,6.1,3.4,6.06,-2.66
2023,854,D'Andre Swift,PHI,RB,1,14,DAL,2.9850746268656714,58.8,4,50,0,8,2,0,0.01,0,1,0,0,0,0,0,50,50,-9.2,1,25,1,50,0,0,-0.33,-1.3,3,75,4,0,1.33,66.7,1,25,4,0,4,0,0.8,1.8,0.8,1.75,-0.95
2023,855,D'Andre Swift,PHI,RB,1,6,NYJ,3.731343283582089,64.3,5,83.3,0,8,1.6,0,0.1,0,0,0,0,0,50,0,40,60,-10.5,0.6,60,1,62.5,0,0,-0.308,-1.5,2,40,5,0,2.5,50,3,60,3,0,1,33.3,2.4,4.3,2.4,4.33,-1.93
2023,856,Antonio Gibson,WAS,RB,1,10,SEA,8.823529411764707,29.2,3,27.3,0,8,2.67,0,0.02,0,0,0,0,0,0,0,33.3,66.7,-4.6,-2.33,100,5,187.5,2,0.67,-0.362,-1.1,3,100,8,0,2.67,33.3,0,0,0,0,0,0,0.8,1.4,0.8,1.38,-0.58
2023,857,Joshua Kelley,LAC,RB,1,11,GB,6.557377049180328,28,4,33.3,0,8,2,0,0.01,0,0,0,0,0,0,0,25,50,-7.7,-1,50,3,150,1,0.25,-0.462,-1.8,2,50,10,0,5,50,2,50,-2,0,-1,0,0.8,1.6,0.8,1.63,-0.83
2023,858,Cam Akers,MIN,RB,1,6,CHI,2.0408163265306123,14.3,1,5.6,0,8,8,0,0.03,0,1,0,0,0,0,0,100,0,2.2,6,0,2,25,0,0,0.671,0.7,1,100,8,0,8,100,0,0,0,0,0,0,2.5,2.6,2.5,2.6,-0.1
2023,859,Ke'Shawn Vaughn,TB,RB,1,9,HST,18.75,14.3,3,15.8,0,8,2.67,0,0.01,0,0,0,0,0,0,0,0,66.7,-5.2,0,66.7,2.67,100,2,0.67,-0.256,-0.8,2,66.7,4,0,2,0,1,33.3,4,0,4,0,1.7,2.9,1.7,2.92,-1.22
2023,860,Rhamondre Stevenson,NE,RB,1,1,PHI,6.306306306306306,82.4,7,63.6,0,8,1.14,0,0.03,0,0,0,0,0,0,0,0,100,-22.8,0.57,42.9,0.57,50,0,0,-0.598,-4.2,2,28.6,1,0,0.5,0,5,71.4,7,0,1.4,0,3,4.9,3,4.93,-1.93
2023,861,Khalil Herbert,CHI,RB,1,12,MIN,3.7735849056603774,20.8,4,22.2,0,8,2,0,0.01,0,1,0,0,0,0,0,25,75,-10.3,0.25,75,1.75,87.5,0,0,-0.275,-1.1,4,100,8,0,2,25,0,0,0,0,0,0,3.1,3.9,3.1,3.88,-0.78
2023,862,Khalil Herbert,CHI,RB,1,14,DET,2.8301886792452833,20,3,16.7,0,8,2.67,0,0.05,0,0,0,0,0,0,0,66.7,33.3,-3.4,-1,66.7,3.67,137.5,3,1,-0.373,-1.1,1,33.3,4,0,4,100,2,66.7,4,0,2,50,0.8,1.4,0.8,1.43,-0.63
2023,863,Khalil Herbert,CHI,RB,1,15,CLV,5.660377358490567,36.4,6,26.1,0,8,1.33,0,0.01,0,0,0,0,0,0,0,33.3,83.3,-17.8,-0.17,66.7,1.5,112.5,0,0,-0.399,-2.4,4,66.7,14,0,3.5,50,2,33.3,-6,0,-3,0,2.2,4.3,2.2,4.28,-2.08
2023,864,Michael Carter,NYJ,RB,1,5,DEN,6.25,0,1,4,0,8,8,0,0.01,0,0,0,0,0,0,0,0,0,3.8,4,0,4,50,0,0,0.218,0.2,0,0,0,0,0,0,1,100,8,0,8,0,0.8,0.5,0.8,0.48,0.32
2023,865,Travis Etienne,JAX,RB,1,10,SF,2.6737967914438503,68.2,5,62.5,0,8,1.6,0,0.01,0,0,0,0,0,0,0,0,100,-12.9,0.4,60,1.2,75,0,0,-0.352,-1.8,1,20,3,0,3,0,4,80,5,0,1.25,0,0.8,2.1,0.8,2.13,-1.33
2023,866,James Cook,BUF,RB,1,17,NE,4.895104895104895,52,7,41.2,0,8,1.14,0,1.07,0,0,0,0,0,20,0,42.9,71.4,-21.8,0.71,28.6,0.43,37.5,0,0,-0.443,-3.1,3,42.9,1,0,0.33,66.7,4,57.1,7,0,1.75,25,1.4,11.5,1.4,11.45,-10.05
2023,867,Zamir White,LV,RB,1,14,MIN,2.564102564102564,16.7,2,12.5,0,8,4,0,0,0,0,0,0,0,0,0,50,50,0.4,2,50,2,50,1,0.5,-0.11,-0.2,2,100,8,0,4,50,0,0,0,0,0,0,0.8,0.8,0.8,0.77,0.03
2023,868,Tank Bigsby,JAX,RB,1,18,TEN,4.761904761904762,15.8,2,22.2,0,8,4,0,0.06,0,1,0,0,0,0,0,100,0,0.2,2,0,2,50,0,0,0.467,0.9,1,50,5,0,5,100,1,50,3,0,3,100,0.8,1.1,0.8,1.14,-0.34
2023,869,Deuce Vaughn,DAL,RB,1,1,NYG,35.294117647058826,20.6,6,23.1,0,8,1.33,0,0.11,0,0,0,0,0,0,0,16.7,66.7,-8.6,0,66.7,1.33,100,0,0,-0.654,-3.9,1,16.7,4,0,4,0,5,83.3,4,0,0.8,20,0.8,2.3,0.8,2.31,-1.51
2023,870,Deuce Vaughn,DAL,RB,1,4,NE,41.17647058823529,36.4,7,36.8,0,8,1.14,0,0.79,0,0,0,0,0,33.3,0,0,100,-21.1,-0.57,85.7,1.71,150,0,0,-0.544,-3.8,4,57.1,6,0,1.5,0,3,42.9,2,0,0.67,0,0.8,7.6,0.8,7.63,-6.83
2023,871,Jaleel McLaughlin,DEN,RB,1,18,LV,6.25,12.8,3,17.6,0,8,2.67,0,0,0,0,0,0,0,0,0,33.3,66.7,-4.6,1,33.3,1.67,62.5,1,0.33,-0.471,-1.4,3,100,8,0,2.67,33.3,0,0,0,0,0,0,0.8,1.3,0.8,1.27,-0.47
2023,872,Cordarrelle Patterson,ATL,RB,1,13,NYJ,9.75609756097561,31.6,4,16,0,7,1.75,0,0.23,0,0,0,0,0,0,0,25,75,-10.5,-1.25,75,3,171.4,1,0.25,-0.516,-2.1,4,100,7,0,1.75,25,0,0,0,0,0,0,0.7,3.1,0.7,3.14,-2.44
2023,873,Cordarrelle Patterson,ATL,RB,1,14,TB,4.878048780487805,18.2,2,12.5,0,7,3.5,0,0.01,0,0,0,0,0,0,0,50,50,-1.6,2.5,50,1,28.6,0,0,-0.124,-0.2,2,100,7,0,3.5,50,0,0,0,0,0,0,0.7,0.9,0.7,0.94,-0.24
2023,874,Jerick McKinnon,KC,RB,1,14,BUF,16.666666666666664,33.3,1,25,0,7,7,0,0,0,1,0,0,0,0,0,100,0,4.1,5,0,2,28.6,0,0,0.845,0.8,1,100,7,0,7,100,0,0,0,0,0,0,2.3,1.8,2.3,1.82,0.48
2023,875,Ameer Abdullah,LV,RB,1,15,LAC,40,20,2,11.8,0,7,3.5,0,0.17,0,1,0,0,0,0,0,50,50,-36.9,2,50,1.5,42.9,0,0,-0.448,-0.9,2,100,7,0,3.5,50,0,0,0,0,0,0,2.5,7.4,2.5,7.39,-4.89
2023,876,Ezekiel Elliott,NE,RB,1,4,DAL,3.8461538461538463,26.5,5,25,0,7,1.4,0,0,0,1,0,0,0,0,0,20,80,-15,-0.4,80,1.8,128.6,0,0,-0.465,-2.3,1,20,4,0,4,100,4,80,3,0,0.75,0,2.1,3.9,2.1,3.89,-1.79
2023,877,Matt Breida,NYG,RB,1,6,BUF,10,14,3,12,0,7,2.33,0,0.23,0,0,0,0,0,0,0,33.3,66.7,-4.6,0.33,33.3,2,85.7,1,0.33,-0.332,-1,1,33.3,4,0,4,0,2,66.7,3,0,1.5,50,0.7,2.6,0.7,2.56,-1.86
2023,878,Samaje Perine,DEN,RB,1,18,LV,8.823529411764707,30.8,3,17.6,0,7,2.33,0,0.1,0,1,0,0,0,33.3,0,66.7,66.7,-2,0.33,66.7,2,85.7,0,0,0.044,0.1,1,33.3,0,0,0,0,2,66.7,7,0,3.5,100,2.2,3.1,2.2,3.06,-0.86
2023,879,Austin Ekeler,LAC,RB,1,15,LV,3.1746031746031744,48.6,4,22.2,0,7,1.75,0,0,0,0,0,0,0,0,0,25,75,-5.7,0,75,1.75,100,0,0,-1.331,-5.3,3,75,7,0,2.33,33.3,1,25,0,0,0,0,3.2,4.4,3.2,4.39,-1.19
2023,880,Dare Ogunbowale,HST,RB,1,14,NYJ,40,20,2,16.7,0,7,3.5,0,0,0,1,0,0,0,0,0,100,0,1.5,1.5,50,2,57.1,0,0,-0.467,-0.9,1,50,3,0,3,100,1,50,4,0,4,100,0.7,0.6,0.7,0.55,0.15
2023,881,Dalvin Cook,NYJ,RB,1,2,DAL,8,50,4,40,0,7,1.75,0,0,1,0,0,0,0,0,0,25,75,-9.5,-0.75,75,2.5,142.9,2,0.5,-1.859,-7.4,1,25,6,0,6,100,3,75,1,0,0.33,0,-0.3,1.7,-0.3,1.68,-1.98
2023,882,Dalvin Cook,NYJ,RB,1,9,LAC,4,11.1,2,15.4,0,7,3.5,0,0,0,0,0,0,0,0,0,50,50,-2.3,-1,100,4.5,128.6,1,0.5,-0.263,-0.5,1,50,4,0,4,100,1,50,3,0,3,0,0.7,0.9,0.7,0.95,-0.25
2023,883,Jamaal Williams,NO,RB,1,10,MIN,4.25531914893617,32,4,30.8,0,7,1.75,0,0,0,1,0,0,0,0,0,50,75,-9.1,1.25,25,0.5,28.6,0,0,-0.627,-2.5,1,25,2,0,2,100,3,75,5,0,1.67,33.3,0.7,1.6,0.7,1.63,-0.93
2023,884,Chase Edmonds,TB,RB,1,13,CAR,6.896551724137931,19,2,15.4,0,7,3.5,0,0.01,0,0,0,0,0,0,0,100,0,-0.9,0.5,50,3,85.7,0,0,-0.156,-0.3,2,100,7,0,3.5,100,0,0,0,0,0,0,0.7,0.8,0.7,0.85,-0.15
2023,885,Justice Hill,BLT,RB,1,1,HST,11.864406779661017,39.3,7,43.8,0,7,1,2,1.16,0,2,0,0,0,66.7,28.6,42.9,42.9,-17.5,-0.57,57.1,1.57,157.1,3,0.43,0.122,0.9,2,28.6,6,1,3,100,5,71.4,1,1,0.2,20,12.7,9.4,12.7,9.44,3.26
2023,886,Trayveon Williams,CIN,RB,1,1,CLV,33.33333333333333,22.2,2,16.7,0,7,3.5,0,0,0,0,0,0,0,0,0,50,50,-2.1,-1.5,100,5,142.9,2,1,-0.162,-0.3,1,50,5,0,5,100,1,50,2,0,2,0,0.7,0.9,0.7,0.93,-0.23
2023,887,Ty Johnson,BUF,RB,1,17,NE,8.695652173913043,24,2,11.8,0,7,3.5,0,0.08,0,0,0,0,0,0,0,50,50,-1.7,2,50,1.5,42.9,0,0,-0.425,-0.9,0,0,0,0,0,0,2,100,7,0,3.5,50,0.7,1.4,0.7,1.35,-0.65
2023,888,Joshua Kelley,LAC,RB,1,4,LV,13.114754098360656,72.7,8,66.7,0,7,0.88,0,0.01,0,1,12.5,11,157.1,0,0,12.5,87.5,-28.5,-0.75,87.5,1.63,185.7,2,0.25,-0.494,-4,2,25,11,0,5.5,50,6,75,-4,0,-0.67,0,0.7,3.6,0.7,3.62,-2.92
2023,889,Ke'Shawn Vaughn,TB,RB,1,7,ATL,18.75,25,3,33.3,0,7,2.33,0,0.01,0,0,0,0,0,0,0,33.3,66.7,-5.5,0.67,33.3,1.67,71.4,1,0.33,-0.291,-0.9,3,100,7,0,2.33,33.3,0,0,0,0,0,0,0.7,3,0.7,2.97,-2.27
2023,890,Elijah Mitchell,SF,RB,1,1,PIT,5.970149253731343,16.2,4,16,0,7,1.75,0,0.13,0,0,0,0,0,0,0,25,50,-12.1,-0.5,75,2.25,128.6,0,0,-0.386,-1.5,2,50,5,0,2.5,50,2,50,2,0,1,0,0.7,2.7,0.7,2.67,-1.97
2023,891,Rhamondre Stevenson,NE,RB,1,9,WAS,4.504504504504505,61.9,5,62.5,0,7,1.4,0,0.01,0,0,0,0,0,0,0,20,80,-14.7,-1,100,2.4,171.4,0,0,-0.477,-2.4,3,60,8,0,2.67,33.3,2,40,-1,0,-0.5,0,0.7,3.8,0.7,3.8,-3.1
2023,892,Najee Harris,PIT,RB,1,8,JAX,2.403846153846154,70.6,5,55.6,0,7,1.4,0,0.05,0,0,0,0,0,0,0,20,100,-12.9,0,60,1.4,100,0,0,-0.47,-2.3,2,40,1,0,0.5,0,3,60,6,0,2,33.3,0.7,2.3,0.7,2.32,-1.62
2023,893,Kenneth Gainwell,PHI,RB,1,5,LA,4,25,2,11.8,0,7,3.5,0,0.34,0,0,0,0,0,0,0,50,0,-2.2,-2.5,100,6,171.4,2,1,-0.288,-0.6,0,0,0,0,0,0,2,100,7,0,3.5,50,0.7,2.9,0.7,2.94,-2.24
2023,894,Trey Sermon,IND,RB,1,4,LA,12.5,33.3,3,21.4,0,7,2.33,0,0.02,0,0,0,0,0,0,0,33.3,66.7,-6,1,33.3,1.33,57.1,0,0,-0.262,-0.8,3,100,7,0,2.33,33.3,0,0,0,0,0,0,0.7,1.4,0.7,1.44,-0.74
2023,895,Jerome Ford,CLV,RB,1,3,TEN,4.411764705882353,46.4,6,33.3,0,7,1.17,1,0.81,0,1,0,0,0,100,16.7,33.3,66.7,-19,-2,100,3.17,271.4,3,0.5,-0.499,-3,3,50,7,0,2.33,33.3,3,50,0,1,0,33.3,6.7,7.5,6.7,7.47,-0.77
2023,896,Ty Chandler,MIN,RB,1,12,CHI,3.896103896103896,33.3,3,23.1,0,7,2.33,0,0,0,0,0,0,0,0,0,33.3,66.7,-5.7,1.33,66.7,1,42.9,0,0,-0.491,-1.5,1,33.3,1,0,1,0,2,66.7,6,0,3,50,0.7,1.3,0.7,1.28,-0.58
2023,897,Raheem Blackshear,CAR,RB,1,10,CHI,18.181818181818183,25,2,25,0,7,3.5,0,0.01,0,0,0,0,0,0,0,50,50,-2.6,1.5,50,2,57.1,0,0,-0.107,-0.2,0,0,0,0,0,0,2,100,7,0,3.5,50,0.7,1,0.7,1.01,-0.31
2023,898,Raheem Blackshear,CAR,RB,1,6,MIA,27.27272727272727,25,3,30,0,7,2.33,0,0.02,0,0,0,0,0,0,0,33.3,33.3,-5.4,0.33,33.3,2,85.7,1,0.33,-0.264,-0.8,1,33.3,4,0,4,100,2,66.7,3,0,1.5,0,0.7,1.4,0.7,1.35,-0.65
2023,899,Isaiah Spiller,LAC,RB,1,3,MIN,9.090909090909092,25.6,2,16.7,0,7,3.5,0,0,0,0,0,0,0,0,0,50,50,-2.4,-1,100,4.5,128.6,2,1,-0.165,-0.3,1,50,6,0,6,100,1,50,1,0,1,0,0.7,1,0.7,0.96,-0.26
2023,900,Pierre Strong,CLV,RB,1,13,LA,2.564102564102564,18.8,1,6.3,0,7,7,0,0,0,1,0,0,0,0,0,100,0,2.6,6,0,1,14.3,0,0,0.7,0.7,1,100,7,0,7,100,0,0,0,0,0,0,0.7,0.4,0.7,0.45,0.25
2023,901,Pierre Strong,CLV,RB,1,18,CIN,20.51282051282051,56,8,72.7,0,7,0.88,0,0.01,0,0,0,0,0,0,0,12.5,87.5,-25.7,-0.13,75,1,114.3,0,0,-0.521,-4.2,2,25,6,0,3,50,6,75,1,0,0.17,0,0.7,5.4,0.7,5.4,-4.7
2023,902,Deuce Vaughn,DAL,RB,1,5,SF,17.647058823529413,17.4,3,21.4,0,7,2.33,0,0,0,0,0,0,0,0,0,0,66.7,-1.6,0,66.7,2.33,100,0,0,-0.519,-1.6,2,66.7,6,0,3,0,1,33.3,1,0,1,0,0.7,0.9,0.7,0.87,-0.17
2023,903,Zach Evans,LA,RB,1,6,ARZ,37.5,18.8,3,33.3,0,7,2.33,0,0.01,0,0,0,0,0,0,0,0,33.3,-6.7,0.33,33.3,2,85.7,0,0,-0.31,-0.9,0,0,0,0,0,0,3,100,7,0,2.33,0,0.7,1.5,0.7,1.45,-0.75
2023,904,Jahmyr Gibbs,DET,RB,1,1,KC,3.90625,22.9,5,25,0,7,1.4,0,0.01,0,0,0,0,0,0,0,20,80,-14,-0.2,80,1.6,114.3,2,0.4,-0.532,-2.7,1,20,1,0,1,0,3,60,0,0,0,0,0.7,2.2,0.7,2.16,-1.46
2023,905,Brandon Bolden,LV,RB,1,17,IND,50,5.7,2,10.5,0,6,3,0,0.21,0,1,0,0,0,0,0,50,50,1.1,2.5,0,0.5,16.7,0,0,0.552,1.1,0,0,0,0,0,0,2,100,6,0,3,50,0.6,1.8,0.6,1.78,-1.18
2023,906,Ezekiel Elliott,NE,RB,1,5,NO,2.307692307692308,23.5,3,30,0,6,2,0,0,0,1,0,0,0,0,0,66.7,33.3,-6.9,-1,66.7,3,150,1,0.33,-0.381,-1.1,0,0,0,0,0,0,3,100,6,0,2,66.7,0.6,1.3,0.6,1.31,-0.71
2023,907,Ezekiel Elliott,NE,RB,1,9,WAS,1.5384615384615385,38.1,2,25,0,6,3,0,0.01,0,1,0,0,0,0,0,50,0,-1.2,0,100,3,100,0,0,-0.194,-0.4,2,100,6,0,3,50,0,0,0,0,0,0,2.1,2.4,2.1,2.4,-0.3
2023,908,Matt Breida,NYG,RB,1,12,NE,6.666666666666667,12,2,15.4,0,6,3,0,0.01,0,1,0,0,0,0,0,50,50,-1.7,0.5,50,2.5,83.3,0,0,0.074,0.1,1,50,6,0,6,100,1,50,0,0,0,0,0.6,0.8,0.6,0.85,-0.25
2023,909,Samaje Perine,DEN,RB,1,3,MIA,5.88235294117647,16.7,2,33.3,0,6,3,0,0.02,0,0,0,0,0,0,0,0,50,-1.1,3,0,0,0,0,0,-0.335,-0.7,0,0,0,0,0,0,2,100,6,0,3,0,0.6,0.8,0.6,0.84,-0.24
2023,910,Jamaal Williams,NO,RB,1,12,ATL,2.127659574468085,26.5,2,10,0,6,3,0,0.01,0,0,0,0,0,0,0,0,100,-2,1.5,0,1.5,50,0,0,-0.145,-0.3,1,50,3,0,3,0,1,50,3,0,3,0,0.6,0.8,0.6,0.83,-0.23
2023,911,Jamaal Williams,NO,RB,1,9,CHI,3.1914893617021276,52.8,3,13,0,6,2,0,0.01,0,0,0,0,0,0,0,0,100,-6.1,0.67,33.3,1.33,66.7,0,0,-0.419,-1.3,0,0,0,0,0,0,3,100,6,0,2,0,3.2,4.5,3.2,4.51,-1.31
2023,912,Jeffery Wilson,MIA,RB,1,9,KC,6.896551724137931,18.2,2,11.1,0,6,3,0,0,0,1,0,0,0,0,0,50,50,-2.1,0.5,50,2.5,83.3,0,0,-0.198,-0.4,2,100,6,0,3,50,0,0,0,0,0,0,2.8,2.4,2.8,2.43,0.37
2023,913,Gus Edwards,BLT,RB,1,1,HST,1.7964071856287425,14.3,3,18.8,0,6,2,0,0.03,0,0,0,0,0,0,0,0,66.7,-6.5,-0.33,66.7,2.33,116.7,1,0.33,-0.492,-1.5,2,66.7,3,0,1.5,0,1,33.3,3,0,3,0,0.6,1.4,0.6,1.44,-0.84
2023,914,Saquon Barkley,NYG,RB,1,15,NO,2.976190476190476,91.7,5,62.5,0,6,1.2,0,0,0,1,0,0,0,0,0,20,80,-16.9,-0.2,40,1.4,116.7,0,0,-0.221,-1.1,3,60,5,0,1.67,33.3,2,40,1,0,0.5,0,0.6,2.3,0.6,2.31,-1.71
2023,915,Devin Singletary,HST,RB,1,9,TB,6.172839506172839,88.2,10,83.3,0,6,0.6,0,0.79,0,0,0,0,0,100,0,10,90,-34.8,-0.5,70,1.1,183.3,0,0,-0.498,-5,3,30,1,0,0.33,0,7,70,5,0,0.71,14.3,1.9,10.4,1.9,10.42,-8.52
2023,916,Trayveon Williams,CIN,RB,1,8,SF,33.33333333333333,17.1,2,11.8,0,6,3,0,0.01,0,1,0,0,0,0,0,50,50,-1.8,0,50,3,100,1,0.5,0.02,0,1,50,7,0,7,100,1,50,-1,0,-1,0,0.6,0.8,0.6,0.83,-0.23
2023,917,Patrick Taylor,GB,RB,1,3,NO,12,35.9,3,18.8,0,6,2,0,0.28,0,0,0,0,0,50,0,0,66.7,-2,0,66.7,2,100,0,0,-0.406,-1.2,2,66.7,2,0,1,0,1,33.3,4,0,4,0,3.7,5.6,3.7,5.58,-1.88
2023,918,Salvon Ahmed,MIA,RB,1,11,LV,16.666666666666664,23.4,3,13,0,6,2,0,0.01,0,1,0,0,0,0,0,33.3,66.7,-6.3,0.67,33.3,1.33,66.7,0,0,0.116,0.3,1,33.3,1,0,1,0,2,66.7,5,0,2.5,50,8.7,3.8,8.7,3.81,4.89
2023,919,Rico Dowdle,DAL,RB,1,15,BUF,3.278688524590164,23.8,2,22.2,0,6,3,0,0,0,0,0,0,0,0,0,50,50,-3,-0.5,50,3.5,116.7,0,0,-0.203,-0.4,1,50,1,0,1,0,1,50,5,0,5,100,0.6,0.9,0.6,0.92,-0.32
2023,920,A.J. Dillon,GB,RB,1,16,CAR,2.877697841726619,20,4,16.7,0,6,1.5,1,1.14,0,1,0,0,0,25,25,25,75,-4.2,0.5,75,1,66.7,0,0,-0.198,-0.8,3,75,5,0,1.67,0,1,25,1,1,1,100,6.6,7.9,6.6,7.86,-1.26
2023,921,Antonio Gibson,WAS,RB,1,8,PHI,2.941176470588235,34.6,1,10,0,6,6,0,0.01,0,0,0,0,0,0,0,100,0,0.6,-3,100,9,150,1,1,-0.116,-0.1,0,0,0,0,0,0,1,100,6,0,6,100,3.5,3.5,3.5,3.53,-0.03
2023,922,Clyde Edwards-Helaire,KC,RB,1,13,GB,5.405405405405405,13.6,2,15.4,0,6,3,0,0,0,1,0,0,0,0,0,50,50,-1.7,1,50,2,66.7,0,0,0.34,0.7,2,100,6,0,3,50,0,0,0,0,0,0,0.6,3.8,0.6,3.84,-3.24
2023,923,Clyde Edwards-Helaire,KC,RB,1,18,LAC,2.7027027027027026,11.1,1,9.1,0,6,6,0,0,0,1,0,0,0,0,0,100,0,2.3,3,0,3,50,0,0,0.797,0.8,0,0,0,0,0,0,1,100,6,0,6,100,0.6,0.4,0.6,0.38,0.22
2023,924,Joshua Kelley,LAC,RB,1,10,DET,3.278688524590164,23.3,2,10,0,6,3,0,0,0,0,0,0,0,0,0,0,100,-2.5,0.5,50,2.5,83.3,0,0,-0.395,-0.8,2,100,6,0,3,0,0,0,0,0,0,0,0.6,0.9,0.6,0.86,-0.26
2023,925,Cam Akers,MIN,RB,1,5,KC,6.122448979591836,41.7,3,30,0,6,2,0,0.01,0,0,0,0,0,0,0,0,100,-8.1,0.33,66.7,1.67,83.3,1,0.33,-0.487,-1.5,1,33.3,3,0,3,0,2,66.7,3,0,1.5,0,1.6,3.1,1.6,3.07,-1.47
2023,926,DeeJay Dallas,SEA,RB,1,13,DAL,50,13.9,1,5.3,0,6,6,0,0,0,0,0,0,0,0,0,100,0,1.4,4,0,2,33.3,0,0,0.152,0.2,0,0,0,0,0,0,1,100,6,0,6,100,0.6,0.5,0.6,0.46,0.14
2023,927,Michael Carter,ARZ,RB,1,13,PIT,18.75,15.6,3,10.7,0,6,2,0,0.01,0,0,0,0,0,0,0,0,66.7,-7.7,0.33,66.7,1.67,83.3,0,0,-0.41,-1.2,3,100,6,0,2,0,0,0,0,0,0,0,0.6,1.4,0.6,1.43,-0.83
2023,928,Michael Carter,NYJ,RB,1,2,DAL,6.25,0,1,10,0,6,6,0,0,0,1,0,0,0,0,0,100,0,2.3,4,0,2,33.3,0,0,0.487,0.5,0,0,0,0,0,0,1,100,6,0,6,100,0.6,0.4,0.6,0.4,0.2
2023,929,Trey Sermon,IND,RB,1,3,BLT,8.333333333333332,12.1,2,10,0,6,3,0,0.01,0,0,0,0,0,0,0,50,50,-3.6,1.5,0,1.5,50,0,0,-0.259,-0.5,2,100,6,0,3,50,0,0,0,0,0,0,0.6,1,0.6,1,-0.4
2023,930,Jaylen Warren,PIT,RB,1,1,SF,2.941176470588235,33.3,3,50,0,6,2,0,0,0,0,0,0,0,0,0,0,66.7,-7.6,0.33,66.7,1.67,83.3,0,0,-0.509,-1.5,2,66.7,3,0,1.5,0,1,33.3,3,0,3,0,1.1,2.8,1.1,2.82,-1.72
2023,931,James Cook,BUF,RB,1,4,MIA,4.195804195804196,32.1,6,37.5,0,6,1,1,1.01,0,2,0,0,0,100,16.7,50,50,-16.6,0,50,1,100,0,0,-0.069,-0.4,5,83.3,3,1,0.6,60,1,16.7,3,0,3,0,6.6,8.3,6.6,8.34,-1.74
2023,932,Dameon Pierce,HST,RB,1,14,NYJ,2.459016393442623,20,3,25,0,6,2,0,0,0,0,0,0,0,0,0,33.3,66.7,-8.2,-0.67,66.7,2.67,133.3,1,0.33,-0.406,-1.2,2,66.7,2,0,1,0,1,33.3,4,0,4,100,0.6,1.4,0.6,1.43,-0.83
2023,933,Keaontay Ingram,ARZ,RB,1,2,NYG,8.695652173913043,12.5,2,10.5,0,6,3,0,0,0,0,0,0,0,0,0,0,50,-2.9,1.5,50,1.5,50,0,0,-0.368,-0.7,2,100,6,0,3,0,0,0,0,0,0,0,0.6,0.9,0.6,0.92,-0.32
2023,934,Raheem Blackshear,CAR,RB,1,13,TB,9.090909090909092,2.4,1,3.8,0,6,6,0,0,0,0,0,0,0,0,0,0,0,1.6,6,0,0,0,0,0,-0.455,-0.5,0,0,0,0,0,0,1,100,6,0,6,0,0.6,0.4,0.6,0.44,0.16
2023,935,Raheem Blackshear,CAR,RB,1,18,TB,9.090909090909092,5,1,3.8,0,6,6,0,0,0,0,0,0,0,0,0,100,0,1.4,3,0,3,50,0,0,-0.105,-0.1,1,100,6,0,6,100,0,0,0,0,0,0,0.6,0.5,0.6,0.46,0.14
2023,936,Jordan Mason,SF,RB,1,4,ARZ,5.714285714285714,15.4,2,11.1,0,6,3,0,0.04,0,0,0,0,0,0,0,0,50,-3.8,1,0,2,66.7,0,0,-0.247,-0.5,1,50,3,0,3,0,1,50,3,0,3,0,2.9,3.1,2.9,3.15,-0.25
2023,937,Kyren Williams,LA,RB,1,5,PHI,1.5267175572519083,50,2,100,0,6,3,0,0,0,1,0,0,0,0,0,50,50,-2,0.5,50,2.5,83.3,1,0.5,0.091,0.2,0,0,0,0,0,0,2,100,6,0,3,50,0.6,0.8,0.6,0.81,-0.21
2023,938,Tank Bigsby,JAX,RB,1,12,HST,2.380952380952381,5.6,1,5.6,0,6,6,0,0,0,0,0,0,0,0,0,100,0,1.2,3,0,3,50,0,0,0.355,0.4,0,0,0,0,0,0,1,100,6,0,6,100,0.6,0.5,0.6,0.5,0.1
2023,939,Emanuel Wilson,GB,RB,1,3,NO,20,7.7,2,12.5,0,6,3,0,0,0,0,0,0,0,0,0,50,50,-2.4,2.5,0,0.5,16.7,0,0,-0.225,-0.5,2,100,6,0,3,50,0,0,0,0,0,0,0.6,0.8,0.6,0.84,-0.24
2023,940,Sean Tucker,TB,RB,1,2,CHI,55.55555555555556,31,5,31.3,0,6,1.2,0,0.01,0,0,0,0,0,0,0,40,80,-17.5,0.4,80,0.8,66.7,2,0.4,-0.42,-2.1,2,40,9,0,4.5,100,3,60,-3,0,-1,0,0.6,2.4,0.6,2.41,-1.81
2023,941,Roschon Johnson,CHI,RB,1,9,NO,3.1746031746031744,17.9,2,9.1,0,6,3,0,0,0,0,0,0,0,0,0,0,50,-3.3,0,50,3,100,0,0,-0.275,-0.5,1,50,4,0,4,0,1,50,2,0,2,0,0.6,0.9,0.6,0.95,-0.35
2023,942,Tyjae Spears,TEN,RB,1,12,CAR,2.9850746268656714,20.6,2,10,0,6,3,0,0.01,0,0,0,0,0,0,0,50,50,-4.6,-1,50,4,133.3,1,0.5,-0.271,-0.5,1,50,8,0,8,100,1,50,-2,0,-2,0,0.6,1.1,0.6,1.12,-0.52
2023,943,Tyjae Spears,TEN,RB,1,3,CLV,5.970149253731343,44.4,4,30.8,0,6,1.5,0,0,0,0,0,0,0,0,0,25,75,-6.7,-0.75,75,2.25,150,0,0,-0.211,-0.8,2,50,2,0,1,0,2,50,4,0,2,50,2.6,4.5,2.6,4.5,-1.9
2023,944,Zach Evans,LA,RB,1,12,ARZ,37.5,14.3,3,21.4,0,6,2,0,0.07,0,0,0,0,0,0,0,0,66.7,-17.7,2,33.3,0,0,1,0.33,-0.77,-2.3,1,33.3,5,0,5,0,2,66.7,1,0,0.5,0,0.6,2.8,0.6,2.77,-2.17
2023,945,Latavius Murray,BUF,RB,1,7,NE,5.263157894736842,39.3,3,20,0,5,1.67,0,0.02,0,0,0,0,0,0,0,0,100,-6.7,0.33,66.7,1.33,80,0,0,-0.267,-0.8,2,66.7,3,0,1.5,0,1,33.3,2,0,2,0,0.5,1.3,0.5,1.31,-0.81
2023,946,Damien Williams,ARZ,RB,1,8,BLT,40,6.5,2,11.1,0,5,2.5,0,0,0,0,0,0,0,0,0,50,50,-3.4,-1,100,3.5,140,1,0.5,-0.477,-1,1,50,-2,0,-2,0,1,50,7,0,7,100,0.5,0.8,0.5,0.85,-0.35
2023,947,Ameer Abdullah,LV,RB,1,9,NYG,20,3.2,1,5,0,5,5,0,0.01,0,0,0,0,0,0,0,0,0,0.7,1,0,4,80,1,1,-0.829,-0.8,0,0,0,0,0,0,1,100,5,0,5,0,0.5,0.5,0.5,0.46,0.04
2023,948,Aaron Jones,GB,RB,1,11,LAC,1.8181818181818181,17.1,2,11.1,0,5,2.5,0,0,0,0,0,0,0,0,0,0,100,-3.8,1,0,1.5,60,1,0.5,-0.311,-0.6,1,50,2,0,2,0,1,50,3,0,3,0,1.8,3.8,1.8,3.81,-2.01
2023,949,Matt Breida,NYG,RB,1,2,ARZ,3.3333333333333335,7.1,1,10,0,5,5,0,0,0,0,0,0,0,0,0,0,0,1.8,3,0,2,40,0,0,0.537,0.5,0,0,0,0,0,0,1,100,5,0,5,0,0.5,0.3,0.5,0.34,0.16
2023,950,Samaje Perine,DEN,RB,1,8,KC,2.941176470588235,12.5,1,3.2,0,5,5,0,0.02,0,0,0,0,0,0,0,100,0,0.2,3,0,2,40,0,0,0,0,1,100,5,0,5,100,0,0,0,0,0,0,2.1,2.3,2.1,2.32,-0.22
2023,951,Dalvin Cook,NYJ,RB,1,8,NYG,4,16.7,2,11.1,0,5,2.5,0,0,0,1,0,0,0,0,0,100,0,-3.1,1.5,50,1,40,0,0,-0.166,-0.3,1,50,4,0,4,100,1,50,1,0,1,100,0.5,0.8,0.5,0.82,-0.32
2023,952,Chase Edmonds,TB,RB,1,10,TEN,6.896551724137931,20.8,2,14.3,0,5,2.5,0,0.04,0,1,0,0,0,0,0,50,50,-3.6,-2.5,100,5,200,2,1,0.377,0.8,1,50,-4,0,-4,0,1,50,9,0,9,100,0.5,1.1,0.5,1.12,-0.62
2023,953,Chase Edmonds,TB,RB,1,11,SF,10.344827586206897,26.9,3,37.5,0,5,1.67,0,0.01,0,1,0,0,0,0,0,33.3,66.7,-8.8,0.67,33.3,1,60,0,0,-0.326,-1,1,33.3,1,0,1,0,2,66.7,4,0,2,50,2.6,2.8,2.6,2.84,-0.24
2023,954,Chase Edmonds,TB,RB,1,14,ATL,3.4482758620689653,15.4,1,11.1,0,5,5,0,0.01,0,0,0,0,0,0,0,100,0,-0.3,4,0,1,20,0,0,0.055,0.1,0,0,0,0,0,0,1,100,5,0,5,100,2.5,2.2,2.5,2.22,0.28
2023,955,Saquon Barkley,NYG,RB,1,17,LA,1.7857142857142856,84.6,3,50,0,5,1.67,0,0.01,0,1,0,0,0,0,0,33.3,66.7,-7.2,0.33,66.7,1.33,80,0,0,-0.609,-1.8,3,100,5,0,1.67,33.3,0,0,0,0,0,0,2.1,3,2.1,2.96,-0.86
2023,956,Justice Hill,BLT,RB,1,12,LAC,5.084745762711865,21.1,3,13,0,5,1.67,0,0.18,0,1,0,0,0,100,0,33.3,66.7,-2.3,-0.33,66.7,2,120,1,0.33,-0.387,-1.2,2,66.7,5,0,2.5,50,1,33.3,0,0,0,0,0.5,1.8,0.5,1.82,-1.32
2023,957,Jonathan Taylor,IND,RB,1,16,ATL,8.264462809917356,73.1,10,100,0,5,0.5,1,1.05,0,1,0,0,0,100,10,10,90,-26.8,-0.5,80,1,200,1,0.1,-0.459,-4.6,5,50,1,0,0.2,0,5,50,4,1,0.8,20,6.5,9.5,6.5,9.47,-2.97
2023,958,Zack Moss,IND,RB,1,15,PIT,1.6528925619834711,17.5,2,8,0,5,2.5,0,0,0,1,0,0,0,0,0,100,0,-2.6,2.5,0,0,0,0,0,0.192,0.4,1,50,3,0,3,100,1,50,2,0,2,100,9.1,2.4,9.1,2.43,6.67
2023,959,Clyde Edwards-Helaire,KC,RB,1,12,LV,8.108108108108109,27.3,3,33.3,0,5,1.67,0,0.28,0,0,0,0,0,33.3,0,33.3,66.7,-0.4,1,66.7,0.67,40,0,0,-0.053,-0.2,3,100,5,0,1.67,33.3,0,0,0,0,0,0,0.5,2.2,0.5,2.25,-1.75
2023,960,Joshua Kelley,LAC,RB,1,12,BLT,3.278688524590164,17.9,2,18.2,0,5,2.5,0,0.01,0,1,0,0,0,0,0,50,50,-1.8,0.5,50,2,80,0,0,-0.364,-0.7,2,100,5,0,2.5,50,0,0,0,0,0,0,0.5,0.7,0.5,0.72,-0.22
2023,961,Joshua Kelley,LAC,RB,1,18,KC,1.639344262295082,19.2,1,8.3,0,5,5,0,0.01,0,0,0,0,0,0,0,100,0,0.9,2,0,3,60,0,0,0.044,0,0,0,0,0,0,0,1,100,5,0,5,100,0.5,0.5,0.5,0.5,0
2023,962,Chuba Hubbard,CAR,RB,1,10,CHI,2.127659574468085,45,4,50,0,5,1.25,0,0.05,0,0,0,0,0,0,0,0,100,-10,0.5,50,0.75,60,0,0,-0.766,-3.1,3,75,6,0,2,0,1,25,-1,0,-1,0,0.5,1.8,0.5,1.8,-1.3
2023,963,Gary Brightwell,NYG,RB,1,1,DAL,20,10.5,1,5,0,5,5,0,0,0,0,0,0,0,0,0,100,0,0.7,1,0,4,80,0,0,0.04,0,0,0,0,0,0,0,1,100,5,0,5,100,0.5,0.4,0.5,0.43,0.07
2023,964,Gary Brightwell,NYG,RB,1,3,SF,80,28.6,4,44.4,0,5,1.25,0,0,0,0,0,0,0,0,0,0,100,-11.4,-1,100,2.25,180,2,0.5,-0.474,-1.9,2,50,1,0,0.5,0,2,50,4,0,2,0,5.6,7,5.6,7,-1.4
2023,965,Kenneth Gainwell,PHI,RB,1,14,DAL,2,41.2,1,12.5,0,5,5,0,0,0,1,0,0,0,0,0,100,0,0.9,2,0,3,60,0,0,0.023,0,1,100,5,0,5,100,0,0,0,0,0,0,0.5,0.4,0.5,0.42,0.08
2023,966,Jaylen Warren,PIT,RB,1,3,LV,4.901960784313726,33.3,5,21.7,0,5,1,0,0.02,0,0,0,0,0,0,0,20,60,-14.1,-1.4,80,2.4,240,2,0.4,-0.45,-2.2,2,40,1,0,0.5,0,3,60,4,0,1.33,33.3,4.3,5.6,4.3,5.61,-1.31
2023,967,Rachaad White,TB,RB,1,8,BUF,1.89873417721519,64.3,3,42.9,0,5,1.67,0,0,0,0,0,0,0,0,0,0,100,-8.5,0.33,33.3,1.33,80,0,0,-0.393,-1.2,3,100,5,0,1.67,0,0,0,0,0,0,0,0.5,1.4,0.5,1.36,-0.86
2023,968,Keaontay Ingram,ARZ,RB,1,9,CLV,34.78260869565217,53.3,8,53.3,0,5,0.63,0,0.01,0,1,12.5,11,220,0,0,12.5,87.5,-23.3,-1,87.5,1.63,260,3,0.38,-0.377,-3,5,62.5,3,0,0.6,20,3,37.5,2,0,0.67,0,0.5,2.9,0.5,2.86,-2.36
2023,969,Raheem Blackshear,CAR,RB,1,8,HST,27.27272727272727,15.6,3,16.7,0,5,1.67,0,0.04,0,0,0,0,0,0,0,0,66.7,-5.7,-1,100,2.67,160,3,1,-1.02,-3.1,3,100,5,0,1.67,0,0,0,0,0,0,0,3.4,2.9,3.4,2.9,0.5
2023,970,Brian Robinson,WAS,RB,1,4,PHI,4.032258064516129,64.3,5,55.6,0,5,1,0,0.88,0,1,0,0,0,50,0,20,80,-12,-0.4,100,1.4,140,2,0.4,0.14,0.7,4,80,5,0,1.25,25,1,20,0,0,0,0,0.5,7,0.5,6.99,-6.49
2023,971,Zamir White,LV,RB,1,10,NYJ,1.282051282051282,3,1,4.3,0,5,5,0,0,0,0,0,0,0,0,0,100,0,0.9,3,0,2,40,0,0,0.006,0,0,0,0,0,0,0,1,100,5,0,5,100,0.5,0.4,0.5,0.43,0.07
2023,972,Zamir White,LV,RB,1,9,NYG,2.564102564102564,9.7,2,10,0,5,2.5,0,0.02,0,0,0,0,0,0,0,50,50,-2.6,1,50,1.5,60,0,0,-1.174,-2.3,0,0,0,0,0,0,2,100,5,0,2.5,50,0.5,0.9,0.5,0.89,-0.39
2023,973,Eric Gray,NYG,RB,1,18,PHI,11.11111111111111,16.7,1,7.1,0,5,5,0,0.01,0,0,0,0,0,0,0,100,0,-0.3,2,0,3,60,0,0,0.027,0,1,100,5,0,5,100,0,0,0,0,0,0,0.5,0.6,0.5,0.57,-0.07
2023,974,Tank Bigsby,JAX,RB,1,6,IND,4.761904761904762,36.7,2,13.3,0,5,2.5,0,0.01,0,1,0,0,0,0,0,50,50,-3.8,0,50,2.5,100,0,0,0.077,0.2,0,0,0,0,0,0,1,50,3,0,3,0,2.1,2.6,2.1,2.55,-0.45
2023,975,Chase Brown,CIN,RB,1,17,KC,9.375,24.2,3,14.3,0,5,1.67,0,0.03,0,0,0,0,0,0,0,0,100,-7.8,0,33.3,1.67,100,0,0,-0.418,-1.3,1,33.3,0,0,0,0,2,66.7,5,0,2.5,0,1.9,3,1.9,2.96,-1.06
2023,976,Emari Demercado,ARZ,RB,1,6,LA,3.3333333333333335,20,1,11.1,0,5,5,0,0,0,0,0,0,0,0,0,100,0,0.6,2,0,3,60,0,0,-0.04,0,1,100,5,0,5,100,0,0,0,0,0,0,0.5,0.5,0.5,0.46,0.04
2023,977,Jaleel McLaughlin,DEN,RB,1,14,LAC,4.166666666666666,14,2,10,0,5,2.5,0,0.01,0,1,0,0,0,0,0,50,50,-3.4,0,50,2.5,100,0,0,0.188,0.4,2,100,5,0,2.5,50,0,0,0,0,0,0,0.5,2.4,0.5,2.35,-1.85
2023,978,Jaleel McLaughlin,DEN,RB,1,2,WAS,2.083333333333333,5.7,1,5.6,0,5,5,1,0.93,0,1,0,0,0,50,100,100,0,-0.3,5,0,0,0,0,0,1.255,1.3,1,100,5,1,5,100,0,0,0,0,0,0,6.5,6.1,6.5,6.1,0.4
2023,979,Emanuel Wilson,GB,RB,1,7,DEN,10,5.3,1,5.6,0,5,5,0,0,0,0,0,0,0,0,0,100,0,0.6,1,0,4,80,0,0,0.06,0.1,1,100,5,0,5,100,0,0,0,0,0,0,1.9,2,1.9,2.03,-0.13
2023,980,Tyjae Spears,TEN,RB,1,14,MIA,4.477611940298507,43.5,3,18.8,0,5,1.67,0,0,0,0,0,0,0,0,0,0,100,-8.4,-0.33,33.3,2,120,0,0,-0.399,-1.2,2,66.7,5,0,2.5,0,1,33.3,0,0,0,0,0.5,1.4,0.5,1.36,-0.86
2023,981,Jahmyr Gibbs,DET,RB,1,2,SEA,3.90625,47.4,5,35.7,0,5,1,0,0.01,0,0,0,0,0,0,0,0,100,-17.4,0,80,1,100,1,0.2,-0.812,-4.1,3,60,2,0,0.67,0,2,40,3,0,1.5,0,0.5,2.3,0.5,2.32,-1.82
2023,982,Zach Charbonnet,SEA,RB,1,15,PHI,1.4285714285714286,18.5,1,6.3,0,5,5,0,0,0,1,0,0,0,0,0,100,0,1.4,2,0,3,60,0,0,0.462,0.5,1,100,5,0,5,100,0,0,0,0,0,0,0.5,2,0.5,1.98,-1.48
2023,983,Zach Charbonnet,SEA,RB,1,6,CIN,2.857142857142857,20.5,2,11.1,0,5,2.5,0,0,0,1,0,0,0,0,0,50,50,-3.1,1,50,1.5,60,0,0,-0.128,-0.3,1,50,2,0,2,0,1,50,3,0,3,100,1.9,2.4,1.9,2.38,-0.48
2023,984,Latavius Murray,BUF,RB,1,9,CIN,3.508771929824561,43.8,2,22.2,0,4,2,0,0.01,0,2,0,0,0,0,0,100,0,-2.2,1,0,1,50,0,0,0.579,1.2,0,0,0,0,0,0,2,100,4,0,2,100,0.4,0.7,0.4,0.65,-0.25
2023,985,Jerick McKinnon,KC,RB,1,15,NE,16.666666666666664,17.4,1,11.1,0,4,4,0,0,0,0,0,0,0,0,0,100,0,-1.1,3,0,1,25,0,0,-0.125,-0.1,0,0,0,0,0,0,1,100,4,0,4,100,4.6,4.5,4.56,4.5,0.06
2023,986,Ameer Abdullah,LV,RB,1,16,KC,20,7.9,1,5,0,4,4,0,0,0,0,0,0,0,0,0,0,0,-0.3,2,0,2,50,0,0,-0.945,-0.9,1,100,4,0,4,0,0,0,0,0,0,0,0.4,0.4,0.4,0.45,-0.05
2023,987,Matt Breida,NYG,RB,1,8,NYJ,6.666666666666667,5,2,6.7,0,4,2,0,0.04,0,0,0,0,0,0,0,0,50,-3.3,0,100,2,100,0,0,-0.209,-0.4,1,50,1,0,1,0,1,50,3,0,3,0,0.4,0.9,0.4,0.94,-0.54
2023,988,Samaje Perine,DEN,RB,1,2,WAS,2.941176470588235,40,1,5.6,0,4,4,0,0.02,0,0,0,0,0,0,0,100,0,0.4,2,0,2,50,0,0,-0.033,0,0,0,0,0,0,0,1,100,4,0,4,100,3.5,4,3.5,4.01,-0.51
2023,989,Dare Ogunbowale,HST,RB,1,2,IND,40,14.3,2,10,0,4,2,0,0.02,0,1,0,0,0,0,0,50,50,-1.7,0,50,2,100,0,0,0.504,1,1,50,2,0,2,0,1,50,2,0,2,100,0.4,0.7,0.4,0.66,-0.26
2023,990,Dalvin Cook,NYJ,RB,1,15,MIA,2,33.3,1,12.5,0,4,4,0,0,0,0,0,0,0,0,0,0,0,-0.4,2,0,2,50,0,0,-0.234,-0.2,1,100,4,0,4,0,0,0,0,0,0,0,2,2,2,1.99,0.01
2023,991,Joe Mixon,CIN,RB,1,11,BLT,1.8404907975460123,71.4,3,100,0,4,1.33,0,0.01,0,0,0,0,0,0,0,0,100,-9.9,-0.33,66.7,1.67,125,1,0.33,-0.383,-1.1,2,66.7,2,0,1,0,1,33.3,2,0,2,0,0.4,1.4,0.4,1.42,-1.02
2023,992,Joe Mixon,CIN,RB,1,4,TEN,1.2269938650306749,80,2,100,0,4,2,0,0,0,1,0,0,0,0,0,50,50,-3.9,1,50,1,50,0,0,-0.104,-0.2,1,50,2,0,2,100,1,50,2,0,2,0,0.4,0.8,0.4,0.8,-0.4
2023,993,Jamaal Williams,NO,RB,1,16,LA,1.0638297872340425,17.6,1,10,0,4,4,0,0,0,1,0,0,0,0,0,100,0,0.8,3,0,1,25,0,0,0.682,0.7,0,0,0,0,0,0,1,100,4,0,4,100,0.4,0.3,0.4,0.32,0.08
2023,994,Boston Scott,PHI,RB,1,14,DAL,12.5,5.9,1,12.5,0,4,4,0,0,0,0,0,0,0,0,0,100,0,-0.5,4,0,0,0,0,0,-0.126,-0.1,1,100,4,0,4,100,0,0,0,0,0,0,0.4,0.5,0.4,0.45,-0.05
2023,995,Boston Scott,PHI,RB,1,18,NYG,25,29,2,20,0,4,2,0,0,0,0,0,0,0,0,0,0,100,-3.5,0,100,2,100,0,0,-0.496,-1,2,100,4,0,2,0,0,0,0,0,0,0,0.4,0.8,0.4,0.75,-0.35
2023,996,Trayveon Williams,CIN,RB,1,3,LA,16.666666666666664,19,1,9.1,0,4,4,0,0,0,0,0,0,0,0,0,0,0,0.3,2,0,2,50,0,0,-0.252,-0.3,1,100,4,0,4,0,0,0,0,0,0,0,0.4,0.4,0.4,0.37,0.03
2023,997,Craig Reynolds,DET,RB,1,7,BLT,6.25,15.8,2,20,0,4,2,0,0,0,0,0,0,0,0,0,0,50,-3.6,0,50,2,100,0,0,-0.56,-1.1,2,100,4,0,2,0,0,0,0,0,0,0,0.4,0.8,0.4,0.78,-0.38
2023,998,D'Ernest Johnson,JAX,RB,1,13,CIN,26.31578947368421,30.6,5,23.8,0,4,0.8,0,0.01,0,1,0,0,0,0,0,40,60,-17.2,-0.6,80,1.4,175,0,0,-0.35,-1.8,2,40,5,0,2.5,50,3,60,-1,0,-0.33,33.3,0.4,2.2,0.4,2.16,-1.76
2023,999,D'Ernest Johnson,JAX,RB,1,8,PIT,5.263157894736842,6.5,1,4.5,0,4,4,0,0,0,0,0,0,0,0,0,0,0,0,0,100,4,100,0,0,-0.3,-0.3,1,100,4,0,4,0,0,0,0,0,0,0,0.4,0.4,0.4,0.41,-0.01
2023,1000,Salvon Ahmed,MIA,RB,1,9,KC,16.666666666666664,24.2,3,16.7,0,4,1.33,0,0.01,0,0,0,0,0,0,0,33.3,66.7,-9.2,-1,66.7,2.33,175,0,0,-0.424,-1.3,3,100,4,0,1.33,33.3,0,0,0,0,0,0,1.9,2.5,1.9,2.52,-0.62
2023,1001,Rico Dowdle,DAL,RB,1,16,MIA,3.278688524590164,21.7,2,13.3,0,4,2,0,0.01,0,1,0,0,0,0,0,50,50,-3.8,1,50,1,50,0,0,-0.121,-0.2,1,50,4,0,4,100,1,50,0,0,0,0,0.4,0.8,0.4,0.83,-0.43
2023,1002,Darrynton Evans,CHI,RB,1,8,LAC,4,21.7,1,7.7,0,4,4,0,0.07,0,1,0,0,0,33.3,0,100,0,2.1,3,0,1,25,0,0,3.326,3.3,1,100,4,0,4,100,0,0,0,0,0,0,0.4,0.6,0.4,0.61,-0.21
2023,1003,Clyde Edwards-Helaire,KC,RB,1,8,DEN,2.7027027027027026,9.1,1,25,0,4,4,0,0,0,0,0,0,0,0,0,100,0,0,1,0,3,75,1,1,0,0,1,100,4,0,4,100,0,0,0,0,0,0,0.4,0.4,0.4,0.43,-0.03
2023,1004,Isiah Pacheco,KC,RB,1,7,LAC,5.084745762711865,54.5,6,75,0,4,0.67,0,0.01,0,0,0,0,0,0,0,0,83.3,-20.6,-1.17,83.3,1.83,275,2,0.33,-0.638,-3.8,4,66.7,4,0,1,0,2,33.3,0,0,0,0,10.4,8,10.4,8.02,2.38
2023,1005,Jaylen Warren,PIT,RB,1,8,JAX,1.9607843137254901,35.3,2,22.2,0,4,2,0,0.01,0,0,0,0,0,0,0,0,100,-4.8,0,100,2,100,2,1,-0.368,-0.7,1,50,1,0,1,0,1,50,3,0,3,0,0.4,0.9,0.4,0.93,-0.53
2023,1006,Jerome Ford,CLV,RB,1,18,CIN,0.7352941176470588,32,1,9.1,0,4,4,0,0,0,0,0,0,0,0,0,100,0,-0.4,2,0,2,50,0,0,-0.265,-0.3,1,100,4,0,4,100,0,0,0,0,0,0,3.3,2,3.3,2.04,1.26
2023,1007,Isaiah Spiller,LAC,RB,1,4,LV,4.545454545454546,9.1,1,8.3,0,4,4,0,0.01,0,0,0,0,0,0,0,100,0,-0.9,0,100,4,100,1,1,-0.113,-0.1,0,0,0,0,0,0,1,100,4,0,4,100,0.4,0.5,0.4,0.55,-0.15
2023,1008,Israel Abanikanda,NYJ,RB,1,18,NE,7.142857142857142,5.4,1,3.3,0,4,4,0,0,0,0,0,0,0,0,0,0,0,-0.3,2,0,2,50,0,0,0.063,0.1,0,0,0,0,0,0,1,100,4,0,4,0,0.4,0.4,0.4,0.44,-0.04
2023,1009,Tank Bigsby,JAX,RB,1,4,ATL,4.761904761904762,19.4,2,10,0,4,2,0,0.01,0,0,0,0,0,0,0,0,100,-4.8,1.5,0,0.5,25,0,0,-0.88,-1.8,2,100,4,0,2,0,0,0,0,0,0,0,0.4,0.9,0.4,0.91,-0.51
2023,1010,Hunter Luepke,DAL,RB,1,4,NE,33.33333333333333,29.5,2,10.5,0,4,2,1,1.32,0,1,0,0,0,66.7,50,50,50,-0.4,1,50,1,50,0,0,1.031,2.1,2,100,4,1,2,50,0,0,0,0,0,0,6.4,8.4,6.4,8.36,-1.96
2023,1011,Jaleel McLaughlin,DEN,RB,1,12,CLV,4.166666666666666,4.2,2,7.4,0,4,2,0,0.01,0,0,0,0,0,0,0,50,50,-4.3,1,50,1,50,0,0,-0.316,-0.6,2,100,4,0,2,50,0,0,0,0,0,0,0.4,0.9,0.4,0.91,-0.51
2023,1012,Tyjae Spears,TEN,RB,1,8,ATL,2.9850746268656714,33.3,2,7.4,0,4,2,0,0.01,0,0,0,0,0,0,0,0,100,-5.8,0,50,2,100,0,0,-0.613,-1.2,1,50,2,0,2,0,1,50,2,0,2,0,0.4,1,0.4,1.03,-0.63
2023,1013,Zach Charbonnet,SEA,RB,1,17,PIT,1.4285714285714286,17.4,1,10,0,4,4,0,0,0,0,0,0,0,0,0,100,0,-0.4,0,100,4,100,0,0,-0.122,-0.1,1,100,4,0,4,100,0,0,0,0,0,0,0.4,0.4,0.4,0.45,-0.05
2023,1014,Cordarrelle Patterson,ATL,RB,1,8,TEN,2.4390243902439024,13.8,1,7.1,0,3,3,0,0.01,0,0,0,0,0,0,0,0,0,-1.1,1,0,2,66.7,0,0,-0.481,-0.5,0,0,0,0,0,0,1,100,3,0,3,0,0.3,0.5,0.3,0.48,-0.18
2023,1015,Jerick McKinnon,KC,RB,1,7,LAC,16.666666666666664,31.8,1,12.5,0,3,3,0,0.01,0,0,0,0,0,0,0,0,100,-1.2,1,0,2,66.7,0,0,-0.181,-0.2,0,0,0,0,0,0,1,100,3,0,3,0,4,1.9,4,1.86,2.14
2023,1016,Raheem Mostert,MIA,RB,1,4,BUF,3.1645569620253164,50,5,50,0,3,0.6,0,0.08,1,1,0,0,0,0,0,20,80,-16.2,-0.6,80,1.2,200,0,0,-1.319,-6.6,1,20,1,0,1,0,4,80,2,0,0.5,25,-0.7,2.4,-0.7,2.41,-3.11
2023,1017,Matt Breida,NYG,RB,1,10,DAL,3.3333333333333335,25.9,1,6.7,0,3,3,0,0,0,0,0,0,0,0,0,0,100,-1.1,1,0,2,66.7,0,0,-0.283,-0.3,1,100,3,0,3,0,0,0,0,0,0,0,0.3,0.4,0.3,0.41,-0.11
2023,1018,Samaje Perine,DEN,RB,1,14,LAC,2.941176470588235,14,1,5,0,3,3,0,0,0,0,0,0,0,0,0,0,100,-1.4,1,0,2,66.7,0,0,-0.179,-0.2,1,100,3,0,3,0,0,0,0,0,0,0,5.3,5.5,5.3,5.48,-0.18
2023,1019,Dalvin Cook,NYJ,RB,1,11,BUF,2,20,1,11.1,0,3,3,0,0,0,0,0,0,0,0,0,0,0,-2.1,1,0,2,66.7,0,0,-0.456,-0.5,1,100,3,0,3,0,0,0,0,0,0,0,0.3,0.5,0.3,0.52,-0.22
2023,1020,Kareem Hunt,CLV,RB,1,3,TEN,2.2222222222222223,25,2,11.1,0,3,1.5,0,0,0,1,0,0,0,0,0,50,50,-6.2,-1,100,2.5,166.7,1,0.5,-0.195,-0.4,2,100,3,0,1.5,50,0,0,0,0,0,0,2.2,2.7,2.2,2.65,-0.45
2023,1021,Chase Edmonds,TB,RB,1,1,MIN,3.4482758620689653,7.3,1,5.3,0,3,3,0,0,0,1,0,0,0,0,0,100,0,-1.6,0,100,3,100,0,0,0.106,0.1,0,0,0,0,0,0,1,100,3,0,3,100,0.3,0.5,0.3,0.47,-0.17
2023,1022,Chase Edmonds,TB,RB,1,8,BUF,6.896551724137931,28.6,2,28.6,0,3,1.5,0,0,0,0,0,0,0,0,0,0,100,-2.2,1.5,0,0,0,0,0,-0.395,-0.8,0,0,0,0,0,0,2,100,3,0,1.5,0,2,2,2,2.02,-0.02
2023,1023,Royce Freeman,LA,RB,1,14,BLT,1.694915254237288,10.5,1,4.8,0,3,3,0,0,0,0,0,0,0,0,0,0,100,-1.8,1,0,2,66.7,0,0,-0.182,-0.2,1,100,3,0,3,0,0,0,0,0,0,0,0.3,0.5,0.3,0.49,-0.19
2023,1024,Justice Hill,BLT,RB,1,10,CLV,1.694915254237288,13.9,1,5.6,0,3,3,0,0.09,0,0,0,0,0,0,0,100,100,0.8,3,0,0,0,0,0,-0.961,-1,1,100,3,0,3,100,0,0,0,0,0,0,0.3,0.7,0.3,0.74,-0.44
2023,1025,Miles Sanders,CAR,RB,1,16,GB,2.247191011235955,18.5,2,10.5,0,3,1.5,0,0,0,0,0,0,0,0,0,0,100,-5.4,0,50,1.5,100,0,0,-0.398,-0.8,1,50,0,0,0,0,1,50,3,0,3,0,0.3,0.9,0.3,0.86,-0.56
2023,1026,Damien Harris,BUF,RB,1,1,NYJ,5.555555555555555,20,1,12.5,0,3,3,0,0.03,0,0,0,0,0,0,0,0,0,0.7,0,100,3,100,0,0,-0.481,-0.5,0,0,0,0,0,0,1,100,3,0,3,0,0.3,0.4,0.3,0.39,-0.09
2023,1027,Salvon Ahmed,MIA,RB,1,7,PHI,11.11111111111111,31.6,2,20,0,3,1.5,0,0.01,0,0,0,0,0,0,0,0,100,-5.6,0,100,1.5,100,0,0,-0.481,-1,1,50,1,0,1,0,1,50,2,0,2,0,1.3,2.5,1.3,2.54,-1.24
2023,1028,Antonio Gibson,WAS,RB,1,1,ARZ,2.941176470588235,26.9,1,6.7,0,3,3,0,0,0,0,0,0,0,0,0,100,0,-2,3,0,0,0,0,0,0.043,0,0,0,0,0,0,0,1,100,3,0,3,100,2.3,2,2.3,2.02,0.28
2023,1029,Antonio Gibson,WAS,RB,1,4,PHI,5.88235294117647,28.6,2,22.2,0,3,1.5,0,0,0,0,0,0,0,0,0,0,100,-6.5,0,100,1.5,100,0,0,-0.381,-0.8,1,50,2,0,2,0,1,50,1,0,1,0,0.3,1,0.3,0.96,-0.66
2023,1030,Joshua Kelley,LAC,RB,1,14,DEN,3.278688524590164,10.3,2,15.4,0,3,1.5,0,0,0,0,0,0,0,0,0,0,100,-4,0,50,1.5,100,0,0,-2.11,-4.2,1,50,3,0,3,0,1,50,0,0,0,0,0.3,0.7,0.3,0.71,-0.41
2023,1031,Trey Sermon,IND,RB,1,17,LV,12.5,30.3,3,18.8,0,3,1,0,0.03,0,0,0,0,0,0,0,0,100,-8.9,0,33.3,1,100,0,0,-0.857,-2.6,2,66.7,0,0,0,0,1,33.3,3,0,3,0,3.2,4.9,3.2,4.88,-1.68
2023,1032,Dameon Pierce,HST,RB,1,15,TEN,0.819672131147541,5.3,1,5.3,0,3,3,0,0,0,0,0,0,0,0,0,0,100,-1,1,0,2,66.7,0,0,-0.203,-0.2,1,100,3,0,3,0,0,0,0,0,0,0,0.3,0.4,0.3,0.41,-0.11
2023,1033,Dameon Pierce,HST,RB,1,16,CLV,1.639344262295082,19.4,2,18.2,0,3,1.5,0,0,0,0,0,0,0,0,0,50,50,-4.6,1,50,0.5,33.3,0,0,-1.527,-3.1,1,50,-1,0,-1,0,1,50,4,0,4,100,0.3,0.8,0.3,0.78,-0.48
2023,1034,Ty Chandler,MIN,RB,1,1,TB,2.5974025974025974,16.1,2,15.4,0,3,1.5,0,0,0,0,0,0,0,0,0,0,100,-5.6,1,50,0.5,33.3,0,0,-0.431,-0.9,2,100,3,0,1.5,0,0,0,0,0,0,0,3.1,2.4,3.1,2.38,0.72
2023,1035,Jordan Mason,SF,RB,1,17,WAS,5.714285714285714,8.2,2,6.1,0,3,1.5,0,0.01,0,0,0,0,0,0,0,0,50,-4.8,0.5,50,1,66.7,0,0,-0.299,-0.6,1,50,5,0,5,0,1,50,-2,0,-2,0,0.3,0.8,0.3,0.82,-0.52
2023,1036,Kendre Miller,NO,RB,1,4,TB,3.0303030303030303,14.8,1,7.1,0,3,3,0,0,0,0,0,0,0,0,0,0,100,-1.5,0,100,3,100,0,0,-0.433,-0.4,1,100,3,0,3,0,0,0,0,0,0,0,1.8,2.1,1.8,2.14,-0.34
2023,1037,Kendre Miller,NO,RB,1,6,HST,3.0303030303030303,22.9,1,5.9,0,3,3,0,0,0,1,0,0,0,0,0,100,0,-1.2,0,100,3,100,0,0,0.148,0.1,1,100,3,0,3,100,0,0,0,0,0,0,2.6,3.6,2.6,3.55,-0.95
2023,1038,Chris Rodriguez,WAS,RB,1,1,ARZ,3.125,3.8,1,6.7,0,3,3,0,0,0,0,0,0,0,0,0,0,0,0.3,0,100,3,100,0,0,-0.095,-0.1,1,100,3,0,3,0,0,0,0,0,0,0,0.3,0.3,0.3,0.28,0.02
2023,1039,Chris Rodriguez,WAS,RB,1,6,ATL,6.25,23.5,2,28.6,0,3,1.5,0,0.01,0,0,0,0,0,0,0,0,100,-6.4,0,50,1.5,100,0,0,-0.401,-0.8,2,100,3,0,1.5,0,0,0,0,0,0,0,0.3,1,0.3,0.99,-0.69
2023,1040,Deuce Vaughn,DAL,RB,1,2,NYJ,5.88235294117647,4.3,1,3.2,0,3,3,0,0.08,0,0,0,0,0,0,0,0,100,-1.1,1,0,2,66.7,0,0,-0.335,-0.3,1,100,3,0,3,0,0,0,0,0,0,0,0.3,0.9,0.3,0.9,-0.6
2023,1041,Emari Demercado,ARZ,RB,1,4,SF,3.3333333333333335,11.5,1,9.1,0,3,3,0,0.01,0,0,0,0,0,0,0,0,100,-1.4,-2,100,5,166.7,1,1,-0.336,-0.3,0,0,0,0,0,0,1,100,3,0,3,0,0.3,0.5,0.3,0.49,-0.19
2023,1042,Hunter Luepke,DAL,RB,1,15,BUF,16.666666666666664,19,1,11.1,0,3,3,0,0,0,1,0,0,0,0,0,100,0,0.5,2,0,1,33.3,0,0,0.574,0.6,0,0,0,0,0,0,1,100,3,0,3,100,0.3,0.3,0.3,0.26,0.04
2023,1043,Hunter Luepke,DAL,RB,1,16,MIA,33.33333333333333,39.1,2,13.3,0,3,1.5,0,0,0,2,0,0,0,0,0,100,0,-3.6,0.5,50,1,66.7,0,0,0.565,1.1,0,0,0,0,0,0,0,0,0,0,0,0,0.3,0.7,0.3,0.67,-0.37
2023,1044,Jaleel McLaughlin,DEN,RB,1,10,BUF,10.416666666666668,14.9,5,17.9,0,3,0.6,0,0.03,0,0,0,0,0,0,0,0,100,-19.4,-0.4,80,1,166.7,0,0,-0.572,-2.9,4,80,3,0,0.75,0,1,20,0,0,0,0,1.4,3.7,1.4,3.71,-2.31
2023,1045,Emanuel Wilson,GB,RB,1,2,ATL,10,7.7,1,7.1,0,3,3,0,0.02,0,0,0,0,0,0,0,0,100,-1.1,1,0,2,66.7,0,0,-0.168,-0.2,0,0,0,0,0,0,1,100,3,0,3,0,0.3,0.5,0.3,0.55,-0.25
2023,1046,Tyjae Spears,TEN,RB,1,6,BLT,2.9850746268656714,29.2,2,15.4,0,3,1.5,0,0,0,0,0,0,0,0,0,0,100,-6.2,-0.5,100,2,133.3,0,0,-0.486,-1,0,0,0,0,0,0,2,100,3,0,1.5,0,0.3,0.9,0.3,0.93,-0.63
2023,1047,Zach Evans,LA,RB,1,18,SF,12.5,11.8,1,5.9,0,3,3,0,0,0,0,0,0,0,0,0,0,0,-1.7,0,100,3,100,0,0,-0.169,-0.2,0,0,0,0,0,0,1,100,3,0,3,0,0.3,0.5,0.3,0.48,-0.18
2023,1048,Latavius Murray,BUF,RB,1,5,JAX,1.7543859649122806,19.2,1,14.3,0,2,2,0,0,0,0,0,0,0,0,0,100,100,-1.5,1,0,1,50,0,0,-0.211,-0.2,1,100,2,0,2,100,0,0,0,0,0,0,1.3,1.9,1.3,1.92,-0.62
2023,1049,Damien Williams,ARZ,RB,1,7,SEA,20,7.1,1,7.1,0,2,2,0,0,0,0,0,0,0,0,0,0,100,-2.4,-2,100,4,200,0,0,-0.557,-0.6,1,100,2,0,2,0,0,0,0,0,0,0,0.2,0.5,0.2,0.46,-0.26
2023,1050,Jerick McKinnon,KC,RB,1,4,NYJ,16.666666666666664,21.4,1,12.5,0,2,2,0,0.01,0,1,0,0,0,0,0,100,0,-0.8,1,0,1,50,0,0,0.317,0.3,1,100,2,0,2,100,0,0,0,0,0,0,0.2,0.4,0.2,0.35,-0.15
2023,1051,Jerick McKinnon,KC,RB,1,9,MIA,16.666666666666664,29.2,1,10,0,2,2,0,0,0,0,0,0,0,0,0,0,100,-2.9,0,100,2,100,0,0,-0.311,-0.3,1,100,2,0,2,0,0,0,0,0,0,0,8.9,7.6,8.9,7.64,1.26
2023,1052,Ezekiel Elliott,NE,RB,1,2,MIA,0.7692307692307693,23.1,1,10,0,2,2,0,0,0,0,0,0,0,0,0,0,100,-2.5,0,100,2,100,0,0,-0.455,-0.5,1,100,2,0,2,0,0,0,0,0,0,0,0.2,0.5,0.2,0.45,-0.25
2023,1053,Matt Breida,NYG,RB,1,15,NO,3.3333333333333335,41.7,1,12.5,0,2,2,0,0,0,0,0,0,0,0,0,0,100,-2.4,2,0,0,0,0,0,-0.605,-0.6,1,100,2,0,2,0,0,0,0,0,0,0,0.2,0.4,0.2,0.44,-0.24
2023,1054,Matt Breida,NYG,RB,1,9,LV,3.3333333333333335,23.1,1,7.1,0,2,2,0,0,0,0,0,0,0,0,0,0,100,-2,1,0,1,50,0,0,-0.859,-0.9,1,100,2,0,2,0,0,0,0,0,0,0,0.2,0.4,0.2,0.41,-0.21
2023,1055,Kareem Hunt,CLV,RB,1,4,BLT,1.1111111111111112,12.5,1,16.7,0,2,2,0,0,0,0,0,0,0,0,0,0,100,-2.6,1,0,1,50,0,0,-0.328,-0.3,1,100,2,0,2,0,0,0,0,0,0,0,0.2,0.5,0.2,0.46,-0.26
2023,1056,Chase Edmonds,TB,RB,1,15,GB,3.4482758620689653,15.6,1,6.7,0,2,2,0,0,0,0,0,0,0,0,0,0,100,-3,0,100,2,100,0,0,-0.414,-0.4,0,0,0,0,0,0,1,100,2,0,2,0,0.2,0.5,0.2,0.51,-0.31
2023,1057,Rashaad Penny,PHI,RB,1,18,NYG,28.57142857142857,32.3,2,20,0,2,1,0,0,0,0,0,0,0,0,0,50,50,-6.3,-0.5,50,1.5,150,0,0,-0.652,-1.3,1,50,4,0,4,100,1,50,-2,0,-2,0,0.2,0.8,0.2,0.84,-0.64
2023,1058,Royce Freeman,LA,RB,1,18,SF,6.779661016949152,35.3,4,23.5,0,2,0.5,0,0.11,0,1,0,0,0,100,0,50,50,-10.3,-1,100,1.5,300,0,0,-0.542,-2.2,1,25,0,0,0,0,3,75,2,0,0.67,66.7,0.2,1.9,0.2,1.88,-1.68
2023,1059,Miles Sanders,CAR,RB,1,15,ATL,5.617977528089887,19,5,16.7,0,2,0.4,0,0.03,0,0,0,0,0,0,0,0,100,-20.1,-0.8,80,1.2,300,0,0,-0.683,-3.4,2,40,4,0,2,0,3,60,-2,0,-0.67,0,1.6,4.5,1.6,4.53,-2.93
2023,1060,Ty Johnson,BUF,RB,1,10,DEN,4.3478260869565215,5.6,1,8.3,0,2,2,0,0,0,0,0,0,0,0,0,0,100,-2.6,0,100,2,100,0,0,-0.269,-0.3,0,0,0,0,0,0,1,100,2,0,2,0,0.2,0.5,0.2,0.47,-0.27
2023,1061,D'Ernest Johnson,JAX,RB,1,10,SF,5.263157894736842,13.6,1,12.5,0,2,2,0,0,0,0,0,0,0,0,0,0,100,-2.6,1,0,1,50,0,0,-0.5,-0.5,1,100,2,0,2,0,0,0,0,0,0,0,2.7,2,2.7,2.04,0.66
2023,1062,D'Ernest Johnson,JAX,RB,1,14,CLV,5.263157894736842,15.6,1,7.7,0,2,2,0,0,0,0,0,0,0,0,0,0,100,-1.8,1,0,1,50,0,0,-0.158,-0.2,0,0,0,0,0,0,1,100,2,0,2,0,0.2,0.4,0.2,0.39,-0.19
2023,1063,D'Ernest Johnson,JAX,RB,1,16,TB,5.263157894736842,18.8,1,50,0,2,2,0,0,0,0,0,0,0,0,0,0,100,-2.5,-1,100,3,150,0,0,-0.589,-0.6,0,0,0,0,0,0,0,0,0,0,0,0,0.2,0.5,0.2,0.46,-0.26
2023,1064,James Robinson,GB,RB,1,13,KC,100,4.8,1,5,0,2,2,0,0,0,0,0,0,0,0,0,0,100,-2.2,0,100,2,100,0,0,-0.482,-0.5,1,100,2,0,2,0,0,0,0,0,0,0,0.2,0.4,0.2,0.43,-0.23
2023,1065,Tony Jones,ARZ,RB,1,9,CLV,14.285714285714285,0,3,20,0,2,0.67,0,0,0,1,0,0,0,0,0,66.7,33.3,-10.8,-0.67,66.7,1.33,200,0,0,-0.189,-0.6,2,66.7,-2,0,-1,50,1,33.3,4,0,4,100,1.3,2.9,1.3,2.88,-1.58
2023,1066,Patrick Taylor,GB,RB,1,16,CAR,8,8.6,2,8.3,0,2,1,0,0,0,0,0,0,0,0,0,0,100,-3.3,0,50,1,100,1,0.5,0.039,0.1,0,0,0,0,0,0,2,100,2,0,1,0,0.2,0.6,0.2,0.56,-0.36
2023,1067,Salvon Ahmed,MIA,RB,1,2,NE,5.555555555555555,21.1,1,7.1,0,2,2,0,0.15,0,0,0,0,0,0,0,100,100,-1.3,0,100,2,100,0,0,0.077,0.1,1,100,2,0,2,100,0,0,0,0,0,0,3.1,2.7,3.1,2.68,0.42
2023,1068,Salvon Ahmed,MIA,RB,1,8,NE,5.555555555555555,23.1,1,14.3,0,2,2,0,0.01,0,0,0,0,0,0,0,0,100,-1.9,1,0,1,50,0,0,-0.386,-0.4,0,0,0,0,0,0,1,100,2,0,2,0,1.4,3.5,1.4,3.47,-2.07
2023,1069,Zack Moss,IND,RB,1,10,NE,0.8264462809917356,19.4,1,4.5,0,2,2,0,0,0,0,0,0,0,0,0,0,100,-2.1,2,0,0,0,0,0,-0.448,-0.4,1,100,2,0,2,0,0,0,0,0,0,0,0.2,0.4,0.2,0.42,-0.22
2023,1070,Darrynton Evans,CHI,RB,1,10,CAR,4,12.1,1,5,0,2,2,0,0.01,0,0,0,0,0,0,0,0,100,-1.9,-2,100,4,200,0,0,-0.331,-0.3,0,0,0,0,0,0,1,100,2,0,2,0,0.2,0.5,0.2,0.45,-0.25
2023,1071,Darrynton Evans,CHI,RB,1,9,NO,4,7.7,1,4.5,0,2,2,0,0,0,0,0,0,0,0,0,0,100,-2.9,2,0,0,0,0,0,-0.938,-0.9,1,100,2,0,2,0,0,0,0,0,0,0,0.2,0.5,0.2,0.5,-0.3
2023,1072,Antonio Gibson,WAS,RB,1,18,DAL,2.941176470588235,33.3,1,11.1,0,2,2,0,0,0,0,0,0,0,0,0,0,100,-2,0,100,2,100,0,0,-0.373,-0.4,1,100,2,0,2,0,0,0,0,0,0,0,1.5,2.1,1.5,2.07,-0.57
2023,1073,Joshua Kelley,LAC,RB,1,6,DAL,1.639344262295082,21.9,1,7.1,0,2,2,0,0,0,0,0,0,0,0,0,0,100,-2.8,0,100,2,100,0,0,-0.434,-0.4,1,100,2,0,2,0,0,0,0,0,0,0,1.4,2.2,1.4,2.19,-0.79
2023,1074,DeeJay Dallas,SEA,RB,1,16,TEN,50,5.9,1,10,100,2,2,0,0,0,1,0,0,0,0,0,100,0,-1.5,0,100,2,100,0,0,0.514,0.5,0,0,0,0,0,0,0,0,0,0,0,0,0.2,0.4,0.2,0.36,-0.16
2023,1075,Chuba Hubbard,CAR,RB,1,3,SEA,0.5319148936170213,9.1,1,11.1,0,2,2,0,0,0,0,0,0,0,0,0,0,100,-2.7,1,0,1,50,0,0,-0.486,-0.5,1,100,2,0,2,0,0,0,0,0,0,0,0.2,0.5,0.2,0.47,-0.27
2023,1076,Elijah Mitchell,SF,RB,1,8,CIN,4.477611940298507,16.2,3,20,0,2,0.67,0,0.03,0,1,0,0,0,0,0,33.3,66.7,-8.4,-1,33.3,1.67,250,1,0.33,-0.307,-0.9,2,66.7,1,0,0.5,50,1,33.3,1,0,1,0,0.2,1.2,0.2,1.23,-1.03
2023,1077,Kenneth Gainwell,PHI,RB,1,17,ARZ,2,37.9,1,5.3,0,2,2,0,0,0,0,0,0,0,0,0,0,100,-1.3,1,0,1,50,0,0,-0.472,-0.5,1,100,2,0,2,0,0,0,0,0,0,0,2.3,2.6,2.28,2.65,-0.37
2023,1078,Michael Carter,NYJ,RB,1,8,NYG,12.5,0,2,11.1,0,2,1,0,0,0,0,0,0,0,0,0,0,100,-7.3,-1,100,2,200,0,0,-0.142,-0.3,2,100,2,0,1,0,0,0,0,0,0,0,0.2,1.6,0.2,1.56,-1.36
2023,1079,Kevin Harris,NE,RB,1,18,NYJ,16.666666666666664,18.5,2,13.3,0,2,1,0,0.02,0,0,0,0,0,0,0,0,100,-6.3,0,50,1,100,0,0,-0.498,-1,0,0,0,0,0,0,2,100,2,0,1,0,1.6,2.4,1.6,2.4,-0.8
2023,1080,Keaontay Ingram,ARZ,RB,1,10,ATL,8.695652173913043,15.4,2,14.3,0,2,1,0,0.01,0,0,0,0,0,0,0,0,100,-7,0,50,1,100,0,0,-0.369,-0.7,1,50,2,0,2,0,1,50,0,0,0,0,0.2,0.9,0.2,0.94,-0.74
2023,1081,Ronnie Rivers,LA,RB,1,6,ARZ,5.88235294117647,6.3,1,11.1,0,2,2,0,0.01,0,0,0,0,0,0,0,0,100,-2,2,0,0,0,0,0,-0.453,-0.5,0,0,0,0,0,0,1,100,2,0,2,0,0.2,0.4,0.2,0.44,-0.24
2023,1082,Zamir White,LV,RB,1,1,DEN,1.282051282051282,12.1,1,5.6,0,2,2,0,0.16,0,0,0,0,0,0,0,0,100,-0.5,0,100,2,100,0,0,-0.629,-0.6,1,100,2,0,2,0,0,0,0,0,0,0,0.2,1.2,0.2,1.2,-1
2023,1083,Zamir White,LV,RB,1,7,CHI,1.282051282051282,4.2,1,11.1,0,2,2,0,0,0,0,0,0,0,0,0,0,100,-2.6,-1,100,3,150,0,0,-0.693,-0.7,0,0,0,0,0,0,0,0,0,0,0,0,0.2,0.5,0.2,0.47,-0.27
2023,1084,Isaiah Spiller,LAC,RB,1,6,DAL,4.545454545454546,3.1,1,7.1,0,2,2,0,0,0,0,0,0,0,0,0,0,100,-2.9,0,100,2,100,0,0,-0.477,-0.5,0,0,0,0,0,0,1,100,2,0,2,0,0.2,0.5,0.2,0.51,-0.31
2023,1085,Eric Gray,NYG,RB,1,6,BUF,11.11111111111111,2.3,1,4,0,2,2,0,0.18,0,1,0,0,0,0,0,100,0,-1.3,1,0,1,50,0,0,-0.231,-0.2,0,0,0,0,0,0,0,0,0,0,0,0,0.2,1.4,0.2,1.4,-1.2
2023,1086,Tank Bigsby,JAX,RB,1,10,SF,4.761904761904762,18.2,2,25,0,2,1,0,0,0,0,0,0,0,0,0,0,100,-3.9,-0.5,100,1.5,150,0,0,-0.342,-0.7,2,100,2,0,1,0,0,0,0,0,0,0,0.2,2,0.2,2.02,-1.82
2023,1087,Tank Bigsby,JAX,RB,1,7,NO,4.761904761904762,28,2,16.7,0,2,1,0,0,0,0,0,0,0,0,0,0,100,-8.4,0.5,50,0.5,50,0,0,-0.615,-1.2,0,0,0,0,0,0,2,100,2,0,1,0,0.2,1.1,0.2,1.07,-0.87
2023,1088,Chase Brown,CIN,RB,1,2,BLT,3.125,10,1,25,0,2,2,0,0,0,0,0,0,0,0,0,0,100,-2.6,2,0,0,0,0,0,-0.378,-0.4,1,100,2,0,2,0,0,0,0,0,0,0,0.2,0.5,0.2,0.48,-0.28
2023,1089,Tyjae Spears,TEN,RB,1,1,NO,1.4925373134328357,35.5,1,5.9,0,2,2,0,0,0,0,0,0,0,0,0,0,100,-2.1,2,0,0,0,0,0,-0.552,-0.6,1,100,2,0,2,0,0,0,0,0,0,0,1.3,7.1,1.3,7.1,-5.8
2023,1090,Devon Achane,MIA,RB,1,16,DAL,4.411764705882353,34.6,3,17.6,0,2,0.67,0,0.19,0,0,0,0,0,0,0,33.3,66.7,-12.1,-1.33,66.7,2,300,1,0.33,-1.196,-3.6,1,33.3,-1,0,-1,0,2,66.7,3,0,1.5,50,0.2,2.6,0.2,2.57,-2.37
2023,1091,Derrick Henry,TEN,RB,1,15,HST,5.785123966942149,77.1,14,66.7,0,1,0.07,0,0.09,0,2,0,0,0,50,0,14.3,85.7,-54.9,-1.29,71.4,1.36,1900,1,0.07,-0.422,-5.9,5,35.7,5,0,1,0,9,64.3,-4,0,-0.44,22.2,3.3,11.1,3.3,11.07,-7.77
2023,1092,Samaje Perine,DEN,RB,1,13,HST,2.941176470588235,11.4,1,5,0,1,1,0,0,0,0,0,0,0,0,0,0,100,-3.6,0,100,1,100,0,0,-1.54,-1.5,0,0,0,0,0,0,1,100,1,0,1,0,0.1,0.5,0.1,0.47,-0.37
2023,1093,Samaje Perine,DEN,RB,1,17,LAC,2.941176470588235,16.7,1,4.8,0,1,1,0,0.01,0,0,0,0,0,0,0,0,100,-3.9,-1,100,2,200,0,0,-0.645,-0.6,0,0,0,0,0,0,1,100,1,0,1,0,0.1,0.5,0.1,0.54,-0.44
2023,1094,Dare Ogunbowale,HST,RB,1,13,DEN,20,10.3,1,4.3,0,1,1,0,0.03,0,0,0,0,0,0,0,0,100,-2.6,1,0,0,0,0,0,-0.777,-0.8,1,100,1,0,1,0,0,0,0,0,0,0,0.1,0.5,0.1,0.52,-0.42
2023,1095,Kareem Hunt,CLV,RB,1,15,CHI,4.444444444444445,37.9,4,36.4,0,1,0.25,0,0.34,0,0,0,0,0,100,0,0,100,-8.1,-1,100,1.25,500,0,0,-1.03,-4.1,1,25,-1,0,-1,0,3,75,2,0,0.67,0,0.1,3,0.1,2.96,-2.86
2023,1096,Justice Hill,BLT,RB,1,11,CIN,1.694915254237288,13.9,1,4.3,0,1,1,0,0.08,0,0,0,0,0,0,0,0,100,-1.8,-1,100,2,200,0,0,-0.309,-0.3,1,100,1,0,1,0,0,0,0,0,0,0,0.1,0.8,0.1,0.76,-0.66
2023,1097,Devine Ozigbo,DET,RB,1,6,TB,100,11.6,2,12.5,0,1,0.5,0,0.01,0,0,0,0,0,0,0,50,50,-6.9,-1.5,50,2,400,1,0.5,-0.984,-2,2,100,1,0,0.5,50,0,0,0,0,0,0,1.9,2.6,1.9,2.63,-0.73
2023,1098,D'Ernest Johnson,JAX,RB,1,17,CAR,5.263157894736842,20,1,4.8,0,1,1,0,0.01,0,0,0,0,0,0,0,0,100,-1.8,1,0,0,0,0,0,-0.489,-0.5,1,100,1,0,1,0,0,0,0,0,0,0,0.1,0.3,0.1,0.31,-0.21
2023,1099,Damien Harris,BUF,RB,1,6,NYG,5.555555555555555,2.9,1,5.3,0,1,1,0,0,0,1,0,0,0,0,0,100,0,-2.1,1,0,0,0,0,0,0.336,0.3,1,100,1,0,1,100,0,0,0,0,0,0,0.1,0.3,0.1,0.31,-0.21
2023,1100,Darrell Henderson,LA,RB,1,11,SEA,16.666666666666664,34.2,6,27.3,0,1,0.17,1,1.08,0,1,0,0,0,40,16.7,33.3,66.7,-18.5,-0.67,50,0.83,500,0,0,-0.369,-2.2,1,16.7,-3,0,-3,0,5,83.3,4,1,0.8,40,8.5,10.8,8.5,10.77,-2.27
2023,1101,Josh Jacobs,LV,RB,1,2,BUF,3.314917127071823,92.3,6,85.7,0,1,0.17,0,0.01,0,0,0,0,0,0,0,0,100,-25.7,-1.67,83.3,1.83,1100,0,0,-0.681,-4.1,4,66.7,-1,0,-0.25,0,2,33.3,2,0,1,0,0.1,2.7,0.1,2.73,-2.63
2023,1102,Patrick Taylor,GB,RB,1,2,ATL,4,7.7,1,7.1,0,1,1,0,0.04,0,0,0,0,0,0,0,0,100,-2.8,-2,100,3,300,0,0,-0.621,-0.6,0,0,0,0,0,0,1,100,1,0,1,0,0.1,2.2,0.1,2.17,-2.07
2023,1103,A.J. Dillon,GB,RB,1,4,DET,2.158273381294964,52,3,33.3,0,1,0.33,0,0.29,0,0,0,0,0,100,0,33.3,100,-8.4,-1,66.7,1.33,400,0,0,-0.546,-1.6,1,33.3,3,0,3,0,2,66.7,-2,0,-1,50,0.1,2.7,0.1,2.71,-2.61
2023,1104,Antonio Gibson,WAS,RB,1,7,NYG,2.941176470588235,27,1,8.3,0,1,1,0,0.02,0,0,0,0,0,0,0,0,100,-2.6,-3,100,4,400,1,1,-0.425,-0.4,1,100,1,0,1,0,0,0,0,0,0,0,0.1,0.5,0.1,0.49,-0.39
2023,1105,Clyde Edwards-Helaire,KC,RB,1,5,MIN,2.7027027027027026,13.3,1,7.1,0,1,1,0,0.01,0,0,0,0,0,0,0,0,100,-4.5,1,0,0,0,0,0,-0.619,-0.6,0,0,0,0,0,0,1,100,1,0,1,0,0.1,0.6,0.1,0.59,-0.49
2023,1106,Joshua Kelley,LAC,RB,1,17,DEN,1.639344262295082,6.3,1,12.5,0,1,1,0,0,0,0,0,0,0,0,0,0,100,-3.1,-1,100,2,200,0,0,-1.609,-1.6,0,0,0,0,0,0,1,100,1,0,1,0,0.1,0.4,0.1,0.43,-0.33
2023,1107,Ke'Shawn Vaughn,TB,RB,1,4,NO,37.5,35.9,6,40,0,1,0.17,0,0.4,0,0,0,0,0,50,0,0,100,-21.7,-1.33,100,1.5,900,0,0,-0.809,-4.9,4,66.7,-2,0,-0.5,0,2,33.3,3,0,1.5,0,0.1,4.7,0.1,4.69,-4.59
2023,1108,Ke'Shawn Vaughn,TB,RB,1,8,BUF,6.25,7.1,1,14.3,0,1,1,0,0,0,0,0,0,0,0,0,0,100,-3.5,0,100,1,100,0,0,-0.578,-0.6,0,0,0,0,0,0,1,100,1,0,1,0,0.1,0.5,0.1,0.45,-0.35
2023,1109,Kenneth Gainwell,PHI,RB,1,11,KC,2,30,1,5.9,0,1,1,0,0,0,0,0,0,0,0,0,0,100,-3.8,-1,100,2,200,0,0,-0.508,-0.5,1,100,1,0,1,0,0,0,0,0,0,0,0.1,0.5,0.1,0.5,-0.4
2023,1110,Michael Carter,ARZ,RB,1,12,LA,6.25,7.7,1,16.7,0,1,1,0,0,0,0,0,0,0,0,0,0,100,-3.4,1,0,0,0,0,0,-0.475,-0.5,1,100,1,0,1,0,0,0,0,0,0,0,0.1,0.4,0.1,0.45,-0.35
2023,1111,Jashaun Corbin,NYG,RB,1,10,DAL,100,14.8,1,6.7,0,1,1,0,0.08,0,1,0,0,0,0,0,100,0,-1,1,0,0,0,0,0,1.849,1.8,0,0,0,0,0,0,1,100,1,0,1,100,0.1,0.7,0.1,0.66,-0.56
2023,1112,Zamir White,LV,RB,1,6,NE,1.282051282051282,2.5,1,3.8,0,1,1,0,0,0,0,0,0,0,0,0,0,100,-3.8,0,100,1,100,0,0,-0.645,-0.6,1,100,1,0,1,0,0,0,0,0,0,0,0.1,0.5,0.1,0.5,-0.4
2023,1113,Isaiah Spiller,LAC,RB,1,16,BUF,9.090909090909092,28.1,2,11.8,0,1,0.5,0,0,0,0,0,0,0,0,0,0,100,-7.6,0,100,0.5,100,0,0,-0.734,-1.5,1,50,0,0,0,0,1,50,1,0,1,0,0.1,0.9,0.1,0.87,-0.77
2023,1114,Isaiah Spiller,LAC,RB,1,8,CHI,9.090909090909092,11.1,2,10,0,1,0.5,0,0.01,0,0,0,0,0,0,0,0,100,-7.1,-1.5,100,2,400,1,0.5,-0.461,-0.9,1,50,1,0,1,0,1,50,0,0,0,0,0.1,0.9,0.1,0.87,-0.77
2023,1115,Pierre Strong,CLV,RB,1,11,PIT,2.564102564102564,5.3,1,4.3,0,1,1,0,0,0,0,0,0,0,0,0,0,100,-3.6,-1,100,2,200,1,1,-0.634,-0.6,1,100,1,0,1,0,0,0,0,0,0,0,1.5,1.8,1.5,1.77,-0.27
2023,1116,Pierre Strong,CLV,RB,1,2,PIT,5.128205128205128,6.1,2,9.5,0,1,0.5,1,1.21,0,1,0,0,0,100,50,50,50,0.4,0.5,50,0,0,0,0,0.313,0.6,1,50,0,0,0,0,1,50,1,1,1,100,6.1,7.3,6.1,7.33,-1.23
2023,1117,Israel Abanikanda,NYJ,RB,1,15,MIA,14.285714285714285,11.1,2,25,0,1,0.5,0,0,0,0,0,0,0,0,0,0,100,-6.7,-1,100,1.5,300,0,0,-0.828,-1.7,1,50,1,0,1,0,1,50,0,0,0,0,0.1,0.8,0.1,0.78,-0.68
2023,1118,Tank Bigsby,JAX,RB,1,3,HST,2.380952380952381,11.1,1,6.7,0,1,1,1,0.7,0,1,0,0,0,100,100,100,0,0.5,-1,100,2,200,0,0,0.46,0.5,1,100,1,1,1,100,0,0,0,0,0,0,6.1,4.2,6.1,4.23,1.87
2023,1119,Tank Bigsby,JAX,RB,1,5,BUF,4.761904761904762,20.9,2,8,0,1,0.5,0,0.01,0,0,0,0,0,0,0,0,100,-5.1,-1,100,1.5,300,0,0,-0.899,-1.8,1,50,0,0,0,0,1,50,1,0,1,0,0.1,0.7,0.1,0.65,-0.55
2023,1120,Chase Brown,CIN,RB,1,14,IND,15.625,27.8,5,23.8,0,1,0.2,0,0.13,0,0,0,0,0,0,0,60,40,-20.3,-1.6,60,1.8,900,1,0.2,-0.583,-2.9,2,40,-12,0,-6,0,3,60,13,0,4.33,100,12.5,5.5,12.5,5.55,6.95
2023,1121,Jaleel McLaughlin,DEN,RB,1,15,DET,2.083333333333333,7.9,1,4.3,0,1,1,0,0,0,0,0,0,0,0,0,0,100,-2.8,1,0,0,0,0,0,-0.395,-0.4,1,100,1,0,1,0,0,0,0,0,0,0,1.9,1.7,1.9,1.74,0.16
2023,1122,Devon Achane,MIA,RB,1,11,LV,1.4705882352941175,4.3,1,4.3,0,1,1,0,0,0,0,0,0,0,0,0,0,100,-3.4,-1,100,2,200,0,0,-0.481,-0.5,1,100,1,0,1,0,0,0,0,0,0,0,1.5,1.9,1.5,1.95,-0.45
2023,1123,Zach Charbonnet,SEA,RB,1,1,LA,1.4285714285714286,17.6,1,11.1,0,1,1,0,0.02,0,0,0,0,0,0,0,0,100,-3.4,-1,100,2,200,0,0,-0.487,-0.5,0,0,0,0,0,0,1,100,1,0,1,0,0.1,0.5,0.1,0.54,-0.44
2023,1124,Zach Charbonnet,SEA,RB,1,9,BLT,1.4285714285714286,42.1,1,12.5,0,1,1,0,0,0,0,0,0,0,0,0,0,100,-2.5,-3,100,4,400,0,0,-0.734,-0.7,1,100,1,0,1,0,0,0,0,0,0,0,0.1,0.4,0.1,0.36,-0.26
2023,1125,Latavius Murray,BUF,RB,1,17,NE,1.7543859649122806,28,1,5.9,0,0,0,0,0.03,0,0,0,0,0,0,0,0,100,-4.6,0,100,0,0,0,0,-1.786,-1.8,0,0,0,0,0,0,1,100,0,0,0,0,0,0.6,0,0.63,-0.63
2023,1126,Latavius Murray,BUF,RB,1,8,TB,5.263157894736842,33.3,3,23.1,0,0,0,0,0.85,0,0,0,0,0,100,0,0,100,-6.1,-1.67,100,1.67,0,0,0,-0.682,-2,0,0,0,0,0,0,3,100,0,0,0,0,0,5.7,0,5.71,-5.71
2023,1127,Cordarrelle Patterson,ATL,RB,1,6,WAS,2.4390243902439024,7.9,1,4.5,0,0,0,0,0,0,0,0,0,0,0,0,0,100,-4.8,-2,100,2,0,0,0,-0.843,-0.8,1,100,0,0,0,0,0,0,0,0,0,0,0,0.5,0,0.49,-0.49
2023,1128,Kenyan Drake,GB,RB,1,15,TB,100,9.7,1,9.1,0,0,0,0,0.01,0,0,0,0,0,0,0,0,100,-4.1,-1,100,1,0,0,0,-0.383,-0.4,1,100,0,0,0,0,0,0,0,0,0,0,0,0.5,0,0.47,-0.47
2023,1129,Jeffery Wilson,MIA,RB,1,15,NYJ,3.4482758620689653,11.8,1,4.2,0,0,0,0,0,0,0,0,0,0,0,0,0,100,-5.8,-1,100,1,0,0,0,-1.524,-1.5,0,0,0,0,0,0,1,100,0,0,0,0,0,0.6,0,0.61,-0.61
2023,1130,Mike Boone,HST,RB,1,11,ARZ,50,10.3,1,6.3,0,0,0,0,0.02,0,0,0,0,0,0,0,0,100,-2.9,0,100,0,0,0,0,-3.412,-3.4,0,0,0,0,0,0,1,100,0,0,0,0,0,0.4,0,0.38,-0.38
2023,1131,Royce Freeman,LA,RB,1,13,CLV,1.694915254237288,3,1,4.8,0,0,0,0,0,0,0,0,0,0,0,0,0,100,-4.2,-2,100,2,0,0,0,-0.602,-0.6,1,100,0,0,0,0,0,0,0,0,0,0,0,0.4,0,0.43,-0.43
2023,1132,Devin Singletary,HST,RB,1,1,BLT,0.6172839506172839,7.7,1,7.7,0,0,0,0,0,0,0,0,0,0,0,0,0,100,-4.8,0,100,0,0,0,0,-0.878,-0.9,0,0,0,0,0,0,1,100,0,0,0,0,0,0.5,0,0.49,-0.49
2023,1133,Craig Reynolds,DET,RB,1,2,SEA,3.125,10.5,1,7.1,0,0,0,0,0,0,0,0,0,0,0,0,0,100,-4.5,0,100,0,0,0,0,-0.6,-0.6,1,100,0,0,0,0,0,0,0,0,0,0,0,0.5,0,0.45,-0.45
2023,1134,Derrick Gore,WAS,RB,1,11,NYG,100,2.3,1,5,0,0,0,0,0.03,0,0,0,0,0,100,0,0,100,-1.7,0,100,0,0,0,0,-0.426,-0.4,1,100,0,0,0,0,0,0,0,0,0,0,0,0.3,0,0.34,-0.34
2023,1135,Rico Dowdle,DAL,RB,1,13,SEA,1.639344262295082,12.8,1,4.5,0,0,0,0,0,0,0,0,0,0,0,0,0,100,-4.9,-1,100,1,0,0,0,-0.525,-0.5,1,100,0,0,0,0,0,0,0,0,0,0,1.7,2.3,1.7,2.27,-0.57
2023,1136,D'Andre Swift,PHI,RB,1,4,WAS,0.7462686567164178,46.2,1,12.5,0,0,0,0,0,0,0,0,0,0,0,0,0,100,-3.6,-1,100,1,0,0,0,-1.643,-1.6,1,100,0,0,0,0,0,0,0,0,0,0,0,0.4,0,0.37,-0.37
2023,1137,Clyde Edwards-Helaire,KC,RB,1,2,JAX,2.7027027027027026,8.8,1,7.7,0,0,0,0,0,0,0,0,0,0,0,0,0,100,-4.4,-2,100,2,0,0,0,-0.536,-0.5,1,100,0,0,0,0,0,0,0,0,0,0,2,2.1,2,2.08,-0.08
2023,1138,Clyde Edwards-Helaire,KC,RB,1,6,DEN,2.7027027027027026,21.7,1,11.1,0,0,0,0,0.37,0,0,0,0,0,0,0,0,100,-4.3,-4,100,4,0,1,1,-0.574,-0.6,0,0,0,0,0,0,1,100,0,0,0,0,1.9,4.3,1.9,4.33,-2.43
2023,1139,Joshua Kelley,LAC,RB,1,13,NE,3.278688524590164,32.1,2,16.7,0,0,0,0,0.01,0,0,0,0,0,0,0,0,100,-7.6,-1,100,1,0,0,0,-1.129,-2.3,1,50,-1,0,-1,0,1,50,1,0,1,0,0,0.8,0,0.81,-0.81
2023,1140,Deon Jackson,IND,RB,1,1,JAX,100,83.3,7,70,0,0,0,0,0.28,2,0,0,0,0,33.3,0,0,100,-25.5,-1.14,100,1.14,0,0,0,-1.374,-9.6,5,71.4,-2,0,-0.4,0,2,28.6,2,0,1,0,1.4,9.2,1.4,9.2,-7.8
2023,1141,Elijah Mitchell,SF,RB,1,6,CLV,1.4925373134328357,15.4,1,5,0,0,0,0,0,0,0,0,0,0,0,0,0,100,-4.6,-2,100,2,0,1,1,-0.685,-0.7,1,100,0,0,0,0,0,0,0,0,0,0,0,0.5,0,0.46,-0.46
2023,1142,Najee Harris,PIT,RB,1,1,SF,1.4423076923076923,60,3,50,0,0,0,0,0.03,0,1,0,0,0,0,0,33.3,66.7,-12,-0.67,100,0.67,0,0,0,-0.386,-1.2,3,100,0,0,0,33.3,0,0,0,0,0,0,0,1.4,0,1.39,-1.39
2023,1143,Travis Etienne,JAX,RB,1,16,TB,0.53475935828877,81.3,1,50,0,0,0,0,0,0,0,0,0,0,0,0,0,100,-4.5,-2,100,2,0,0,0,-0.525,-0.5,0,0,0,0,0,0,1,100,0,0,0,0,2.1,2.1,2.1,2.07,0.03
2023,1144,Jerome Ford,CLV,RB,1,4,BLT,2.941176470588235,75,4,66.7,0,0,0,0,0.01,0,0,0,0,0,0,0,25,75,-18.9,-1.75,75,1.75,0,0,0,-0.791,-3.2,3,75,2,0,0.67,33.3,1,25,-2,0,-2,0,0,1.9,0,1.94,-1.94
2023,1145,Ty Chandler,MIN,RB,1,2,PHI,1.2987012987012987,18.2,1,14.3,0,0,0,0,0,0,0,0,0,0,0,0,0,100,-4.4,0,100,0,0,0,0,-0.592,-0.6,1,100,0,0,0,0,0,0,0,0,0,0,0,0.4,0,0.44,-0.44
2023,1146,Raheem Blackshear,CAR,RB,1,9,IND,9.090909090909092,3.4,1,5.6,0,0,0,0,0,0,0,0,0,0,0,0,0,100,-3.6,-1,100,1,0,0,0,-0.51,-0.5,1,100,0,0,0,0,0,0,0,0,0,0,0,0.4,0,0.37,-0.37
2023,1147,Zamir White,LV,RB,1,12,KC,1.282051282051282,6.1,1,5.3,0,0,0,0,0,0,0,0,0,0,0,0,0,100,-5.3,-1,100,1,0,0,0,-0.651,-0.7,0,0,0,0,0,0,1,100,0,0,0,0,0,0.5,0,0.54,-0.54
2023,1148,Pierre Strong,CLV,RB,1,14,JAX,2.564102564102564,12.5,1,6.7,0,0,0,0,0,0,0,0,0,0,0,0,0,100,-5.4,0,100,0,0,0,0,-0.74,-0.7,1,100,0,0,0,0,0,0,0,0,0,0,0,0.5,0,0.54,-0.54
2023,1149,Pierre Strong,CLV,RB,1,15,CHI,2.564102564102564,13.8,1,9.1,0,0,0,0,0,0,0,0,0,0,0,0,0,100,-4.4,-2,100,2,0,0,0,-0.856,-0.9,0,0,0,0,0,0,1,100,0,0,0,0,1.2,2.1,1.2,2.14,-0.94
2023,1150,Breece Hall,NYJ,RB,1,13,ATL,4.41988950276243,63.6,8,57.1,0,0,0,0,0.02,0,1,0,0,0,0,0,12.5,75,-34.4,-1.13,75,1.13,0,3,0.38,-0.709,-5.7,3,37.5,0,0,0,33.3,5,62.5,0,0,0,0,4.8,8.5,4.8,8.46,-3.66
2023,1151,Israel Abanikanda,NYJ,RB,1,17,CLV,7.142857142857142,21.9,1,6.3,0,0,0,0,0.01,0,0,0,0,0,0,0,0,100,-3.5,0,100,0,0,0,0,-0.61,-0.6,1,100,0,0,0,0,0,0,0,0,0,0,0,0.4,0,0.42,-0.42
2023,1152,Kendre Miller,NO,RB,1,9,CHI,3.0303030303030303,5.6,1,4.3,0,0,0,0,0,0,0,0,0,0,0,0,0,100,-4.6,0,100,0,0,0,0,-0.572,-0.6,0,0,0,0,0,0,1,100,0,0,0,0,0,0.5,0,0.48,-0.48
2023,1153,Tank Bigsby,JAX,RB,1,8,PIT,4.761904761904762,6.5,2,9.1,0,0,0,0,0.03,1,1,0,0,0,0,0,50,50,-8.2,-1,100,1,0,1,0.5,-2.396,-4.8,1,50,-1,0,-1,0,0,0,0,0,0,0,-1,1,-1,0.99,-1.99
2023,1154,Zach Evans,LA,RB,1,11,SEA,12.5,2.6,1,4.5,0,0,0,0,0,0,0,0,0,0,0,0,0,100,-4.2,-1,100,1,0,0,0,-0.628,-0.6,1,100,0,0,0,0,0,0,0,0,0,0,0,0.4,0,0.43,-0.43
2023,1155,Matt Breida,NYG,RB,1,11,WAS,10,12,3,21.4,0,-1,-0.33,0,0.24,0,0,0,0,0,0,0,0,100,-12.5,-1.33,66.7,1,-300,0,0,-1.065,-3.2,2,66.7,-1,0,-0.5,0,1,33.3,0,0,0,0,-0.1,2.6,-0.1,2.59,-2.69
2023,1156,Kareem Hunt,CLV,RB,1,16,HST,2.2222222222222223,37,2,18.2,0,-1,-0.5,1,0.83,0,1,0,0,0,100,50,50,50,-5.5,-1,50,0.5,-100,0,0,-0.47,-0.9,0,0,0,0,0,0,2,100,-1,1,-0.5,50,6.8,7,6.8,6.99,-0.19
2023,1157,Antonio Gibson,WAS,RB,1,17,SF,2.941176470588235,30,1,10,0,-1,-1,0,0,0,0,0,0,0,0,0,0,100,-5.7,-3,100,2,-200,0,0,-0.155,-0.2,0,0,0,0,0,0,0,0,0,0,0,0,1.1,3.4,1.1,3.39,-2.29
2023,1158,Clyde Edwards-Helaire,KC,RB,1,16,LV,2.7027027027027026,24,1,9.1,0,-1,-1,0,0,0,0,0,0,0,0,0,0,100,-3.6,-3,100,2,-200,1,1,-1.677,-1.7,1,100,-1,0,-1,0,0,0,0,0,0,0,-0.1,0.3,-0.1,0.26,-0.36
2023,1159,Clyde Edwards-Helaire,KC,RB,1,4,NYJ,2.7027027027027026,7.1,1,12.5,0,-1,-1,0,0.04,0,0,0,0,0,0,0,0,100,-6.2,-1,100,0,0,0,0,-1.025,-1,1,100,-1,0,-1,0,0,0,0,0,0,0,-0.1,0.8,-0.1,0.77,-0.87
2023,1160,Elijah Mitchell,SF,RB,1,7,MIN,1.4925373134328357,7.5,1,5.3,0,-1,-1,0,0,0,0,0,0,0,0,0,0,100,-5.5,-2,100,1,-100,0,0,-0.764,-0.8,1,100,-1,0,-1,0,0,0,0,0,0,0,-0.1,0.5,-0.1,0.47,-0.57
2023,1161,Kene Nwangwu,MIN,RB,1,14,LV,33.33333333333333,2.6,1,5.3,0,-1,-1,0,0,0,0,0,0,0,0,0,0,100,-5.4,-2,100,1,-100,0,0,-0.836,-0.8,1,100,-1,0,-1,0,0,0,0,0,0,0,-0.1,0.4,-0.1,0.45,-0.55
2023,1162,Javonte Williams,DEN,RB,1,4,CHI,0.5376344086021506,26.1,1,8.3,0,-1,-1,0,0,0,0,0,0,0,0,0,0,100,-5.3,-4,100,3,-300,0,0,-0.773,-0.8,1,100,-1,0,-1,0,0,0,0,0,0,0,2.6,3.5,2.6,3.5,-0.9
2023,1163,Sean Tucker,TB,RB,1,3,PHI,11.11111111111111,5.6,1,9.1,0,-1,-1,0,0,0,0,0,0,0,0,0,0,100,-5.9,0,100,-1,100,0,0,-1.048,-1,0,0,0,0,0,0,1,100,-1,0,-1,0,-0.1,0.5,-0.1,0.5,-0.6
2023,1164,Zach Charbonnet,SEA,RB,1,18,ARZ,1.4285714285714286,17.4,1,5.9,0,-1,-1,0,0,0,0,0,0,0,0,0,0,100,-4.2,-1,100,0,0,0,0,-0.856,-0.9,1,100,-1,0,-1,0,0,0,0,0,0,0,-0.1,0.3,-0.1,0.35,-0.45
2023,1165,Cordarrelle Patterson,ATL,RB,1,15,CAR,12.195121951219512,31.7,5,19.2,0,-2,-0.4,0,0.02,0,0,0,0,0,0,0,0,80,-24.3,-1.6,80,1.2,-300,0,0,-0.745,-3.7,2,40,0,0,0,0,3,60,-2,0,-0.67,0,7,9.8,7,9.76,-2.76
2023,1166,Jerick McKinnon,KC,RB,1,2,JAX,16.666666666666664,26.5,1,7.7,0,-2,-2,0,0,0,0,0,0,0,0,0,0,100,-6.1,-3,100,1,-50,0,0,-1.047,-1,1,100,-2,0,-2,0,0,0,0,0,0,0,-0.2,0.4,-0.2,0.42,-0.62
2023,1167,Jonathan Williams,WAS,RB,1,15,LA,100,27.3,1,8.3,0,-2,-2,0,0,0,0,0,0,0,0,0,0,100,-6.7,-2,100,0,0,0,0,-0.995,-1,1,100,-2,0,-2,0,0,0,0,0,0,0,-0.2,0.5,-0.2,0.48,-0.68
2023,1168,Matt Breida,NYG,RB,1,7,WAS,6.666666666666667,8.8,2,11.1,0,-2,-1,0,0,0,0,0,0,0,0,0,0,100,-10.6,-2,50,1,-100,0,0,-0.638,-1.3,1,50,-4,0,-4,0,1,50,2,0,2,0,-0.2,0.9,-0.2,0.88,-1.08
2023,1169,Alexander Mattison,MIN,RB,1,16,DET,0.7246376811594203,4.2,1,11.1,0,-2,-2,0,0,0,0,0,0,0,0,0,0,100,-6,-3,100,1,-50,0,0,-0.857,-0.9,1,100,-2,0,-2,0,0,0,0,0,0,0,-0.2,0.4,-0.2,0.4,-0.6
2023,1170,Trayveon Williams,CIN,RB,1,18,CLV,16.666666666666664,2.4,1,3.7,0,-2,-2,0,0,0,0,0,0,0,0,0,0,100,-5,-3,100,1,-50,0,0,-0.971,-1,1,100,-2,0,-2,0,0,0,0,0,0,0,-0.2,0.3,-0.2,0.32,-0.52
2023,1171,D'Ernest Johnson,JAX,RB,1,4,ATL,5.263157894736842,2.8,1,5,0,-2,-2,0,0,0,0,0,0,0,0,0,0,100,-6.3,-2,100,0,0,0,0,-0.963,-1,1,100,-2,0,-2,0,0,0,0,0,0,0,-0.2,0.4,-0.2,0.44,-0.64
2023,1172,Clyde Edwards-Helaire,KC,RB,1,7,LAC,2.7027027027027026,13.6,1,12.5,0,-2,-2,0,0,0,0,0,0,0,0,0,0,100,-6.4,-2,100,0,0,0,0,-0.933,-0.9,1,100,-2,0,-2,0,0,0,0,0,0,0,-0.2,0.4,-0.2,0.45,-0.65
2023,1173,Joshua Kelley,LAC,RB,1,16,BUF,1.639344262295082,9.4,1,5.9,0,-2,-2,0,0,0,0,0,0,0,0,0,0,100,-7.1,-2,100,0,0,0,0,-1.254,-1.3,0,0,0,0,0,0,1,100,-2,0,-2,0,-0.2,0.5,-0.2,0.52,-0.72
2023,1174,James Cook,BUF,RB,1,5,JAX,2.097902097902098,65.4,3,42.9,0,-2,-0.67,0,0,0,0,0,0,0,0,0,33.3,66.7,-14.8,-0.67,66.7,0,0,0,0,-0.755,-2.3,0,0,0,0,0,0,3,100,-2,0,-0.67,33.3,3.6,4.6,3.6,4.59,-0.99
2023,1175,Tank Bigsby,JAX,RB,1,15,BLT,2.380952380952381,4.8,1,10,0,-2,-2,0,0,0,0,0,0,0,0,0,0,100,-6.4,-3,100,1,-50,0,0,-0.984,-1,0,0,0,0,0,0,1,100,-2,0,-2,0,-0.2,0.5,-0.2,0.45,-0.65
2023,1176,Emari Demercado,ARZ,RB,1,2,NYG,3.3333333333333335,6.3,1,5.3,0,-2,-2,0,0.02,0,0,0,0,0,0,0,0,100,-6.9,-2,100,0,0,0,0,-0.617,-0.6,1,100,-2,0,-2,0,0,0,0,0,0,0,-0.2,0.6,-0.2,0.63,-0.83
2023,1177,Patrick Taylor,GB,RB,1,5,LV,4,16.7,1,6.3,0,-3,-3,0,0,0,0,0,0,0,0,0,0,100,-7.4,-3,100,0,0,0,0,-1.134,-1.1,1,100,-3,0,-3,0,0,0,0,0,0,0,0.9,2.1,0.9,2.12,-1.22
2023,1178,Jerome Ford,CLV,RB,1,16,HST,5.147058823529411,48.1,7,63.6,0,-3,-0.43,0,0.17,0,0,0,0,0,0,0,0,85.7,-32.6,-1.43,71.4,1,-233.3,1,0.14,-0.654,-4.6,3,42.9,-4,0,-1.33,0,4,57.1,1,0,0.25,0,-0.3,5.6,-0.3,5.57,-5.87
2023,1179,Zach Charbonnet,SEA,RB,1,16,TEN,1.4285714285714286,17.6,1,10,0,-3,-3,0,0.48,0,0,0,0,0,100,0,0,100,-3.8,-3,100,0,0,0,0,-1.645,-1.6,1,100,-3,0,-3,0,0,0,0,0,0,0,-0.3,3,-0.3,2.97,-3.27
2023,1180,Miles Sanders,CAR,RB,1,8,HST,1.1235955056179776,6.3,1,5.6,0,-4,-4,0,0,0,0,0,0,0,0,0,0,100,-9,-4,100,0,0,0,0,-1.108,-1.1,1,100,-4,0,-4,0,0,0,0,0,0,0,-0.4,0.5,-0.4,0.5,-0.9
2023,1181,D'Ernest Johnson,JAX,RB,1,1,IND,5.263157894736842,2.7,1,4,0,-4,-4,0,0.01,0,0,0,0,0,0,0,0,100,-8.5,-4,100,0,0,0,0,-1.164,-1.2,0,0,0,0,0,0,1,100,-4,0,-4,0,-0.4,0.5,-0.4,0.49,-0.89
2023,1182,Kenneth Gainwell,PHI,RB,1,8,WAS,4,12,2,16.7,0,-4,-2,0,0.25,1,0,0,0,0,50,0,0,100,-9.5,-1.5,100,-0.5,25,1,0.5,-3.23,-6.5,2,100,-4,0,-2,0,0,0,0,0,0,0,-1.4,2.1,-1.4,2.05,-3.45
2023,1183,Israel Abanikanda,NYJ,RB,1,14,HST,14.285714285714285,6.7,2,9.5,0,-4,-2,0,0.02,0,0,0,0,0,0,0,0,100,-9.9,-3,100,1,-50,0,0,-0.75,-1.5,1,50,-3,0,-3,0,1,50,-1,0,-1,0,-0.4,0.7,-0.4,0.7,-1.1
2023,1184,Miles Sanders,CAR,RB,1,10,CHI,2.247191011235955,30,2,25,0,-5,-2.5,0,0,0,0,0,0,0,0,0,0,100,-13.7,-3.5,100,1,-40,0,0,-1.1,-2.2,2,100,-5,0,-2.5,0,0,0,0,0,0,0,-0.5,0.9,-0.5,0.88,-1.38
2023,1185,Austin Ekeler,LAC,RB,1,18,KC,4.761904761904762,80.8,6,50,0,-6,-1,0,0.79,0,0,0,0,0,50,0,0,100,-27.6,-2,66.7,1,-100,1,0.17,-1.344,-8.1,1,16.7,3,0,3,0,4,66.7,-1,0,-0.25,0,5.6,13.3,5.6,13.26,-7.66
2023,1186,D'Onta Foreman,CHI,RB,1,15,CLV,7.894736842105263,34.1,6,26.1,0,-6,-1,0,0.46,0,0,0,0,0,100,0,0,100,-23.4,-1.67,83.3,0.67,-66.7,0,0,-0.85,-5.1,3,50,-4,0,-1.33,0,3,50,-2,0,-0.67,0,-0.6,4.5,-0.6,4.49,-5.09
2023,1187,Chase Edmonds,TB,RB,1,9,HST,6.896551724137931,10.7,2,10.5,0,-6,-3,0,0.01,0,0,0,0,0,0,0,0,100,-14.9,-1.5,50,-1.5,50,1,0.5,-0.841,-1.7,2,100,-6,0,-3,0,0,0,0,0,0,0,0.3,2.5,0.3,2.49,-2.19
2023,1188,Keaontay Ingram,ARZ,RB,1,1,WAS,8.695652173913043,11.5,2,14.3,0,-6,-3,0,0,0,0,0,0,0,0,0,0,100,-14.1,-5.5,100,2.5,-83.3,1,0.5,-1.112,-2.2,1,50,-3,0,-3,0,1,50,-3,0,-3,0,-0.6,0.8,-0.6,0.83,-1.43
2023,1189,Boston Scott,PHI,RB,1,6,NYJ,12.5,21.4,1,16.7,0,-7,-7,0,0.01,0,0,0,0,0,50,0,0,100,-7.2,-7,100,0,0,1,1,-1.523,-1.5,1,100,-7,0,-7,0,0,0,0,0,0,0,1.7,1.8,1.7,1.76,-0.06
2023,1190,Tyjae Spears,TEN,RB,1,17,HST,5.970149253731343,44,4,25,0,-7,-1.75,0,0,0,0,0,0,0,0,0,0,100,-23.2,-2,100,0.25,-14.3,0,0,-1.354,-5.4,1,25,-1,0,-1,0,2,50,-6,0,-3,0,1.2,3.1,1.2,3.07,-1.87
2023,1191,Jaylen Warren,PIT,RB,1,4,HST,0.9803921568627451,31.8,1,8.3,0,-8,-8,0,0,0,0,0,0,0,0,0,0,100,-13.1,-6,100,-2,25,0,0,-1.474,-1.5,0,0,0,0,0,0,1,100,-8,0,-8,0,0.9,2,0.9,2.05,-1.15
Exported from Data Suite 2.0 by michaelgingrave (user 380) on 2026-09-16 22:36 UTC,,,,,,,,,,,,,,,,,,,,,,,,,,,,,,,,,,,,,,,,,,,,,,,,,,,